所属概念,market_code,所属概念数量,股票代码,code
空气能热泵;净水概念;专精特新;新疆振兴;融资融券;西部大开发,151,6,920088.BJ,920088
福建自贸区;融资融券;低空经济;人民币贬值受益;航运概念;海峡两岸,151,6,920571.BJ,920571
可燃冰;俄乌冲突概念;页岩气;天然气;超超临界发电;氢能源;雄安新区;一带一路;储能;高端装备;军工;融资融券;创投;无人机;机器人概念;人工智能;数据中心;东数西算(算力),33,18,300157.SZ,300157
黄金概念;民爆概念;2025年报预增;绿色电力;一带一路;芯片概念;人民币贬值受益;智能电网;深股通;融资融券,33,10,300139.SZ,300139
军工信息化;商业航天;卫星导航;航空发动机;军民融合;军工;Web3.0;无人机;低空经济;东数西算(算力);信创;虚拟现实;电子身份证;人工智能;高端装备;数字孪生;第三代半导体;区块链;物联网;机器视觉;专精特新;机器人概念;传感器;西部大开发;AI应用;融资融券,33,26,301213.SZ,301213
可燃冰;俄乌冲突概念;页岩气;天然气;新疆振兴;一带一路;海工装备;中俄贸易概念;高端装备;专精特新;融资融券,33,11,301158.SZ,301158
先进封装;第三代半导体;共封装光学(CPO);富士康概念;PCB概念;苹果概念;MiniLED;工业母机;华为手机;汽车芯片;芯片概念;消费电子概念;锂电池概念;比亚迪概念;小米概念;高端装备;新型工业化;专精特新;2025年报预增;机器视觉;工业互联网;华为概念;军工;深股通;融资融券,33,25,301338.SZ,301338
可燃冰;俄乌冲突概念;天然气;新疆振兴;海工装备;深股通;融资融券,33,7,300191.SZ,300191
光刻机;专精特新;智能穿戴;海峡两岸;机器视觉;机器人概念;智能座舱;无人机;安防;无人驾驶;华为概念;虚拟现实;人工智能;融资融券,17,14,688307.SH,688307
军工信息化;AI智能体;空间计算;元宇宙;腾讯概念;数字经济;军民融合;DeepSeek概念;卫星导航;人工智能;数字孪生;文化传媒概念;商业航天;手机游戏;网络游戏;虚拟现实;成飞概念;军工;无人机;京津冀一体化;MR(混合现实);核污染防治;机器人概念;核电;AI应用;融资融券,33,26,301302.SZ,301302
页岩气;天然气;可燃冰;俄乌冲突概念;氢能源;西部大开发;海工装备;核电;高端装备;军工;人工智能;股权转让(并购重组),33,12,300084.SZ,300084
俄乌冲突概念;页岩气;天然气;新疆振兴;西部大开发;碳中和;一带一路;人民币贬值受益,33,8,300164.SZ,300164
俄乌冲突概念;天然气;股权转让(并购重组),33,3,300483.SZ,300483
军民融合;军工;无人机;低空经济;央企国企改革;人工智能;西部大开发;国企改革;沪股通;中字头股票;融资融券,17,11,688297.SH,688297
核污染防治;军民融合;军工;无人机;核电;低空经济;高端装备;专精特新;机器人概念;食品安全;京津冀一体化;融资融券,33,12,300875.SZ,300875
换电概念;算力租赁;天然气;氢能源;融资融券;储能;东数西算(算力);西部大开发;锂电池概念;数据中心,151,10,920010.BJ,920010
人工智能;阿里巴巴概念;家用电器;腾讯概念;DeepSeek概念;AIGC概念;东数西算(算力);算力租赁;深股通;融资融券,33,10,300911.SZ,300911
C2M概念;一带一路;生态农业;人民币贬值受益;专精特新;PCB概念;融资融券,33,7,301362.SZ,301362
融资融券;中韩自贸区;一带一路;航运概念;跨境电商;统一大市场,151,6,920351.BJ,920351
商业航天;减速器;人形机器人;汽车热管理;机器人概念;新能源汽车;比亚迪概念;芯片概念;充电桩;光伏概念;华为概念;储能;海峡两岸;风电;数据中心;冷链物流;稀土永磁;融资融券,33,18,301226.SZ,301226
宁德时代概念;液冷服务器;消费电子概念;汽车电子;汽车热管理;华为概念;深股通;融资融券,33,8,301626.SZ,301626
富士康概念;液冷服务器;第三代半导体;5G;汽车热管理;宁德时代概念;比亚迪概念;小米汽车;数据中心;2025年报预增;新能源汽车;储能;家用电器;华为概念;粤港澳大湾区;海峡两岸;创投;深股通,33,18,300731.SZ,300731
PCB概念;工业母机;专精特新;融资融券,17,4,688257.SH,688257
虚拟现实;军工信息化;融资融券;专精特新;军工;西部大开发,151,6,920008.BJ,920008
可控核聚变;核电;航空发动机;海工装备;军工;大飞机;特钢概念;高端装备;风电;雅下水电概念;高铁;储能;2025三季报预增;专精特新;芯片概念;回购增持再贷款概念;人形机器人;2025年报预增;沪股通;融资融券,17,20,688186.SH,688186
军民融合;无人机;时空大数据;低空经济;智慧城市;职业教育;专精特新;西部大开发;融资融券,17,9,688070.SH,688070
F5G概念;共封装光学(CPO);5G;数据中心;芯片概念;东数西算(算力);专精特新;沪股通;融资融券,17,9,688205.SH,688205
军民融合;军工信息化;军工;低空经济;央企国企改革;专精特新;国企改革;沪股通;融资融券,17,9,688552.SH,688552
PCB概念;5G;消费电子概念;毫米波雷达;华为概念;专精特新;芯片概念;储能;无人驾驶;卫星导航;融资融券,33,11,300936.SZ,300936
苹果概念;PCB概念;消费电子概念;芯片概念;专精特新;5G;传感器;机器视觉;粤港澳大湾区;人工智能;融资融券,17,11,688312.SH,688312
中俄贸易概念;一带一路;海工装备;专精特新;氢能源;天然气;新股与次新股;融资融券,151,8,920158.BJ,920158
黄金概念;共同富裕示范区;IP经济(谷子经济);元宇宙;NFT概念;深股通;融资融券,33,7,300945.SZ,300945
三胎概念;人民币贬值受益;海峡两岸;福建自贸区;股权转让(并购重组),33,5,300658.SZ,300658
PET铜箔;BC电池;PCB概念;OLED;第三代半导体;MicroLED概念;先进封装;存储芯片;钙钛矿电池;固态电池;柔性屏(折叠屏);光纤概念;光伏概念;宁德时代概念;共封装光学(CPO);3D打印;锂电池概念;芯片概念;华为海思概念股;碳纤维;专精特新;商业航天;高端装备;华为概念;融资融券,17,25,688170.SH,688170
共封装光学(CPO);光纤概念;汽车芯片;5G;芯片概念;数据中心;西部大开发;沪股通;融资融券,17,9,688498.SH,688498
光伏建筑一体化;光伏概念;长三角一体化;专精特新;芯片概念,33,5,300715.SZ,300715
液冷服务器;东数西算(算力);数据中心;云计算;5G;阿里巴巴概念;腾讯概念;抖音概念(字节概念);百度概念;华为概念;华为数字能源;物联网;数字孪生;数字乡村;区块链;人工智能;智慧城市;专精特新;机器人概念;储能;碳中和;回购增持再贷款概念;西部大开发;深股通;融资融券,33,25,300249.SZ,300249
特高压;智能电网;风电;无人机;专精特新;数字孪生;华为昇腾;华为概念;机器视觉;水利;人工智能;DeepSeek概念;鸿蒙概念;AI智能体;多模态AI;沪股通;融资融券,17,17,688191.SH,688191
商业航天;卫星导航;航空发动机;大飞机;无人机;低空经济;专精特新;沪股通;融资融券,17,9,688523.SH,688523
共封装光学(CPO);液冷服务器;芯片概念;2025年报预增;锂电池概念;新能源汽车;光伏概念;无人机;高铁;机器人概念;核电;商业航天;低空经济;风电;共同富裕示范区;绿色电力;融资融券,17,17,688379.SH,688379
医疗器械概念;专精特新;沪股通;融资融券,17,4,688016.SH,688016
量子科技;卫星导航;无人机;车联网(车路协同);军民融合;军工;芯片概念;机器视觉;无人驾驶;专精特新;机器人概念;融资融券,17,12,688272.SH,688272
PCB概念;共封装光学(CPO);铜缆高速连接;先进封装;MiniLED;5G;华为数字能源;毫米波雷达;汽车电子;数据中心;华为概念;新能源汽车;华为汽车;一带一路;深股通;融资融券,33,16,300814.SZ,300814
航运概念;央企国企改革;氢能源;国企改革;碳交易;燃料电池;碳纤维;沪股通;融资融券,17,9,600688.SH,600688
化肥;煤化工概念;乡村振兴;回购增持再贷款概念;国企改革;西部大开发;深股通;融资融券,33,8,000912.SZ,000912
土地流转;粮食概念;玉米;农业种植;代糖概念;啤酒概念;西部大开发;乡村振兴;国企改革;回购增持再贷款概念;参股券商;水利;跨境电商;融资融券;沪股通,17,15,600108.SH,600108
化肥;煤化工概念;煤炭概念;民营医院;西部大开发;阿尔茨海默概念;仿制药一致性评价;创投;医疗器械概念,17,9,600227.SH,600227
可燃冰;同花顺中特估100;煤化工概念;页岩气;天然气;中字头股票;证金持股;央企国企改革;沪股通;融资融券;国企改革;氢能源;一带一路;回购增持再贷款概念;充电桩,17,15,600028.SH,600028
净水概念;光纤概念;独角兽概念;污水处理,33,4,000890.SZ,000890
俄乌冲突概念;天然气;国企改革;央企国企改革;氢能源;2025三季报预增;融资融券;充电桩,33,8,000554.SZ,000554
页岩气;天然气;航运概念;国企改革;碳中和;碳交易;绿色电力;氢能源;风电;锂电池概念;储能;卫星导航;机器人概念;沪股通;融资融券,17,15,600968.SH,600968
中字头股票;俄乌冲突概念;同花顺中特估100;页岩气;天然气;证金持股;沪股通;融资融券;央企国企改革;参股保险;国企改革;碳交易;一带一路,17,13,601857.SH,601857
国企改革;虚拟电厂;粤港澳大湾区;深股通;国资云;东数西算(算力);数据中心,33,7,000096.SZ,000096
俄乌冲突概念;煤炭概念;页岩气;煤化工概念;天然气;新疆振兴;氢能源;碳中和;西部大开发;一带一路;融资融券;沪股通,17,12,600256.SH,600256
国产航母;军工信息化;卫星导航;军民融合;军工;无人机;高端装备;央企国企改革;国企改革;2025年报预增;证金持股;沪股通;融资融券,17,13,600435.SH,600435
小金属概念;西部大开发,17,2,600714.SH,600714
煤化工概念;国企改革;京津冀一体化;风电;融资融券,17,5,600722.SH,600722
太赫兹;军工信息化;商业航天;卫星导航;6G概念;军民融合;大飞机;军工;无人机;毫米波雷达;低空经济;车联网(车路协同);数据要素;5G;无人驾驶;东数西算(算力);人工智能;华为概念;京津冀一体化;DeepSeek概念;芯片概念;汽车电子;比亚迪概念;养老概念;存储芯片;深股通;融资融券,33,27,002413.SZ,002413
航运概念;统一大市场;国企改革;深股通,33,4,002040.SZ,002040
可燃冰;俄乌冲突概念;天然气;同花顺中特估100;央企国企改革;证金持股;国企改革;一带一路;海工装备;沪股通;融资融券;高端装备;中字头股票,17,13,601808.SH,601808
F5G概念;光纤概念;共封装光学(CPO);算力租赁;深圳国企改革;6G概念;5G;国资云;东数西算(算力);数据中心;抖音概念(字节概念);阿里巴巴概念;智慧灯杆;百度概念;信创;华为概念;卫星导航;成飞概念;腾讯概念;无人机;智慧城市;军工信息化;军工;人工智能;低空经济;大飞机;传感器;粤港澳大湾区;创投;特高压;一带一路;高铁;智能电网;光伏概念;物业管理;国企改革;绿色电力;深股通;摘帽,33,39,000070.SZ,000070
央企国企改革;西部大开发;国企改革;水泥概念;沪股通;融资融券,17,6,600452.SH,600452
俄乌冲突概念;天然气;新疆振兴;回购增持再贷款概念;一带一路;沪股通;海工装备;机器人概念;融资融券,17,9,603619.SH,603619
AI PC;高压快充;军工;数据中心;储能;充电桩;华为概念;苹果概念;商业航天;智能穿戴;光伏概念;消费电子概念;一带一路;深股通;融资融券,33,15,002843.SZ,002843
央企国企改革;风电;西部大开发;绿色电力;国企改革;沪股通;融资融券,17,7,600236.SH,600236
黄金概念;金属铜;小金属概念;2025年报预增;西部大开发;沪股通;国企改革;融资融券,17,8,601069.SH,601069
AI眼镜;智能穿戴;储能;充电桩;光伏概念;新能源汽车;核污染防治;人民币贬值受益;核电;血氧仪;物联网;PM2.5;食品安全;医疗器械概念;DeepSeek概念;鸿蒙概念;AI智能体;华为鲲鹏;智能医疗;流感,33,20,002980.SZ,002980
俄乌冲突概念;天然气;航运概念;央企国企改革;同花顺中特估100;回购增持再贷款概念;一带一路;上海自贸区;国企改革;人民币贬值受益;证金持股;沪股通;融资融券;中字头股票,17,14,600026.SH,600026
6G概念;华为昇腾;AI智能体;卫星导航;云计算;光纤概念;商业航天;智慧政务;网络安全;华为鲲鹏;数据要素;数据安全;F5G概念;东数西算(算力);WiFi 6;智能医疗;数字乡村;国资云;人工智能;DeepSeek概念;数据中心;5G;智慧城市;海工装备;共封装光学(CPO);特高压;液冷服务器;创投;芯片概念;一带一路;MCU芯片;央企国企改革;汽车芯片;国企改革;沪股通;融资融券,17,36,600498.SH,600498
金属铜;小金属概念;光伏概念,33,3,002842.SZ,002842
5G;无人机;军工;卫星导航;光刻机;华为海思概念股;芯片概念;WiFi 6;华为概念;人形机器人;共封装光学(CPO);汽车电子;数据中心;机器人概念;专精特新;消费电子概念;比亚迪概念;智能穿戴;无人驾驶;创投;AI眼镜;智能座舱;宁德时代概念;汽车芯片;MCU芯片;6G概念;融资融券;沪股通,17,28,603738.SH,603738
金属铅;金属锌;金属铜;小金属概念;西部大开发;国企改革;深股通;融资融券,33,8,000960.SZ,000960
俄乌冲突概念;页岩气;天然气;新疆振兴;西部大开发;国企改革,33,6,002207.SZ,002207
俄乌冲突概念;页岩气;天然气;煤炭概念;新疆振兴;西部大开发;融资融券;沪股通,17,8,603393.SH,603393
页岩气;天然气;同花顺中特估100;同花顺出海50;央企国企改革;国企改革;风电;海工装备;沪股通;中字头股票;融资融券,17,11,600938.SH,600938
金属铅;金属锌;黄金概念;金属铜;小金属概念;金属回收;2025年报预增;回购增持再贷款概念;国企改革;深股通;融资融券,33,11,002716.SZ,002716
金属铅;金属锌;金属铜;小金属概念;西部大开发;国企改革;DeepSeek概念;沪股通,17,8,600301.SH,600301
黄金概念;2025年报预增;西部大开发;国企改革;融资融券;深股通,33,6,001337.SZ,001337
新型工业化;电力物联网;工业互联网;信创;华为概念;机器视觉;智慧城市;人工智能;数据要素;智能电网;AI智能体;数字经济;虚拟电厂;专精特新;机器人概念;核电;光热发电;储能;传感器;碳中和;一带一路;垃圾分类;超超临界发电;AI应用;深股通,33,25,002380.SZ,002380
天津自贸区;流感;医疗器械概念;京津冀一体化;血氧仪;智能医疗;跨境电商;养老概念;回购增持再贷款概念;人民币贬值受益;创投;智能穿戴;小米概念;AI应用;深股通;融资融券,33,16,002432.SZ,002432
稀土永磁;金属铜;小金属概念;海南自贸区;央企国企改革;国企改革;粤港澳大湾区;融资融券;中字头股票;沪股通,17,10,600259.SH,600259
俄乌冲突概念;天然气;煤炭概念;新疆振兴;国企改革;深股通;融资融券,33,7,000968.SZ,000968
金属铅;金属锌;黄金概念;金属铜;金属镍;小金属概念;超导概念;锂电池概念;西部大开发;沪股通;可控核聚变;融资融券,17,12,601212.SH,601212
光伏概念;储能;一带一路;人民币贬值受益;同花顺出海50;共同富裕示范区;家用电器;融资融券;沪股通,17,9,605117.SH,605117
页岩气;俄乌冲突概念;天然气;光伏概念,33,4,002629.SZ,002629
商业航天;军民融合;军工;无人机;可控核聚变;央企国企改革;专精特新;西部大开发;光伏概念;国企改革;中字头股票;深股通,33,12,003009.SZ,003009
液冷服务器;汽车热管理;芯片概念;汽车电子;小米汽车;数据中心;特斯拉概念;新能源汽车;长安汽车概念;机器人概念;储能;充电桩;华为概念;燃料电池;人民币贬值受益;海峡两岸;无人机;低空经济;一带一路;深股通;融资融券,33,21,002536.SZ,002536
储能;汽车电子;专精特新,17,3,603115.SH,603115
共封装光学(CPO);铜缆高速连接;污水处理;土壤修复;新型城镇化;乡村振兴;深股通;股权转让(并购重组),33,8,001267.SZ,001267
共封装光学(CPO);F5G概念;液冷服务器;WiFi 6;5G;华为概念;人民币贬值受益;物联网;2025年报预增;智能家居;工业互联网;一带一路;沪股通;融资融券,17,14,603083.SH,603083
黄金概念;金属锌;金属铅;小金属概念;2025年报预增;乡村振兴;国企改革;深股通;股权转让(并购重组);融资融券,33,10,002155.SZ,002155
页岩气;天然气;氢能源;国企改革;海工装备;摘帽;深股通;股权转让(并购重组),33,8,002490.SZ,002490
黄金概念;金属铜;小金属概念;股权转让(并购重组);国企改革;一带一路;人民币贬值受益;深股通;摘帽,33,9,000506.SZ,000506
煤化工概念;西部大开发;国企改革;融资融券,33,4,002109.SZ,002109
商业航天;3D打印;专精特新;风电;汽车热管理;新能源汽车;液冷服务器;注册制次新股;新股与次新股;融资融券,33,10,001400.SZ,001400
汽车电子;飞行汽车(eVTOL);低空经济;比亚迪概念;新能源汽车;2025年报预增;沪股通,17,7,603950.SH,603950
算力租赁;英伟达概念;液冷服务器;东数西算(算力);腾讯概念;云计算;小米概念;消费电子概念;华为概念;芯片概念;2025年报预增;OLED;军工;沪股通,17,14,603629.SH,603629
可控核聚变;商业航天;航空发动机;军工;东数西算(算力);人工智能;海工装备;核电;机器视觉;高端装备;新型烟草(电子烟);工业互联网;新型工业化;共封装光学(CPO);食品安全;比亚迪概念;工业母机;特斯拉概念;新能源汽车;氢能源;农机;PCB概念;家用电器;固废处理;煤炭概念;沪股通;融资融券,17,27,603011.SH,603011
黄金概念;金属铜;金属回收;金属钴;稀土永磁;盐湖提锂;宁德时代概念;固废处理;一带一路;注册制次新股;土壤修复;污水处理;参股保险;工业互联网;新型城镇化;乡村振兴;数字孪生;DeepSeek概念;AI智能体;文化传媒概念;新股与次新股;融资融券,17,22,603257.SH,603257
小金属概念;钠离子电池;锂电池概念;固态电池;西部大开发;国企改革;沪股通;融资融券,17,8,600367.SH,600367
金属铜;小金属概念;石墨烯;芯片概念;西部大开发;化债概念(AMC概念),33,6,000510.SZ,000510
黄金概念;金属铅;金属铜;稀土永磁;2025年报预增;西部大开发;沪股通;人民币贬值受益;融资融券,17,9,600988.SH,600988
俄乌冲突概念;天然气;海工装备;中俄贸易概念;一带一路;京津冀一体化;锂电池概念;融资融券,17,8,603727.SH,603727
俄乌冲突概念;华为数字能源;高压快充;DeepSeek概念;充电桩;华为概念;芯片概念,17,7,603353.SH,603353
军民融合;军工;无人机;低空经济;碳纤维;央企国企改革;智能物流;人工智能;柔性屏(折叠屏);MiniLED;国企改革;光伏概念;人民币贬值受益;深股通;融资融券,33,15,002389.SZ,002389
煤化工概念;煤炭概念;POE胶膜;氢能源;碳中和;西部大开发;2025年报预增;跨境电商;DeepSeek概念;融资融券;沪股通,17,11,600989.SH,600989
黄金概念;金属铜;小金属概念;沪股通;融资融券;央企国企改革;国企改革;中字头股票,17,8,600489.SH,600489
新能源汽车;比亚迪概念;机器人概念;一带一路;工业互联网;沪股通;融资融券,17,7,603897.SH,603897
天然气;绿色电力;风电;央企国企改革;一带一路;国企改革;海工装备;京津冀一体化;高端装备;沪股通;融资融券;数据中心;机器人概念;数字孪生;DeepSeek概念,17,15,600583.SH,600583
金属锌;金属铅;小金属概念;磷化工;锂电池概念;储能;垃圾分类;融资融券,33,8,002667.SZ,002667
医疗废物处理;风电;固废处理;生物质能发电;氢能源;绿色电力;碳交易;垃圾分类;一带一路;储能;回购增持再贷款概念;机器人概念;深股通;人工智能;融资融券,33,15,000035.SZ,000035
化肥;2025年报预增;2025三季报预增;风电;一带一路;特高压;智能电网;深股通;融资融券,33,9,002545.SZ,002545
俄乌冲突概念;海南自贸区;土地流转;天然气;一带一路;人民币贬值受益;融资融券;沪股通,17,8,600759.SH,600759
柔性直流输电;特高压;智能电网;华为数字能源;储能;光伏概念;核电;宁德时代概念;新能源汽车;数据中心;一带一路;华为概念;东数西算(算力);沪股通,17,14,603861.SH,603861
军工信息化;虚拟现实;军工,17,3,603488.SH,603488
俄乌冲突概念;页岩气;天然气;煤化工概念;新疆振兴;碳中和;西部大开发;参股银行;一带一路;股权转让(并购重组),33,10,002828.SZ,002828
黄金概念;2025年报预增;2025三季报预增;沪股通;融资融券;证金持股;国企改革;数字经济,17,8,600547.SH,600547
航运概念;央企国企改革;回购增持再贷款概念;国企改革;人民币贬值受益;沪股通;融资融券,17,7,601975.SH,601975
俄乌冲突概念;天然气;航运概念;央企国企改革;上海自贸区;回购增持再贷款概念;一带一路;国企改革;融资融券;海峡两岸;沪股通,17,11,601872.SH,601872
天然气;氢能源;国企改革;一带一路;专精特新;股权转让(并购重组);融资融券,17,7,603318.SH,603318
可燃冰;俄乌冲突概念;页岩气;天然气;国企改革;央企国企改革;碳中和;雄安新区;氢能源;一带一路;海工装备;融资融券;沪股通,17,13,600871.SH,600871
共享单车;天然气;氢能源;绿色电力;风电;充电桩;数字经济;深股通,33,8,002356.SZ,002356
碳中和;国企改革;回购增持再贷款概念;旅游概念,33,4,000637.SZ,000637
煤化工概念;天然气;新疆振兴;同花顺中特估100;碳中和;国企改革;地下管网;西部大开发;氢能源;一带一路;中俄贸易概念;海工装备;期货概念;可控核聚变;储能;沪股通;中字头股票;融资融券,17,18,600339.SH,600339
股权转让(并购重组);俄乌冲突概念;天然气;地下管网;碳中和;氢能源;污水处理;垃圾分类;国企改革;一带一路;海工装备;碳交易;人民币贬值受益;云计算;融资融券,33,15,002554.SZ,002554
高压快充;宁德时代概念;虚拟电厂;储能;锂电池概念;充电桩;比亚迪概念;换电概念;新能源汽车;数据中心;专精特新;深股通;融资融券,33,13,300693.SZ,300693
BC电池;钙钛矿电池;TOPCON电池;光伏建筑一体化;光伏概念;华为概念;国企改革;AI智能体;深股通;融资融券,33,10,300393.SZ,300393
可控核聚变;核电;光伏概念;虚拟电厂;储能;充电桩;光伏建筑一体化;2025年报预增;DeepSeek概念;深股通;融资融券,33,11,300048.SZ,300048
液冷服务器;富士康概念;AI PC;消费电子概念;AI手机;AI眼镜;无线充电;小米概念;比亚迪概念;汽车热管理;小米汽车;新能源汽车;储能;专精特新;石墨烯;华为概念;机器人概念;智能家居;一带一路;深股通;融资融券,33,21,301489.SZ,301489
新疆振兴;俄乌冲突概念;中俄贸易概念;国企改革;一带一路;高铁;雅下水电概念;低空经济;芯片概念;股权转让(并购重组),33,10,300135.SZ,300135
商业航天;卫星导航;大飞机;军民融合;国产航母;6G概念;军工;低空经济;无人机;中字头股票;人工智能;智能医疗;高端装备;京津冀一体化;水利;央企国企改革;一带一路;国企改革;芯片概念;沪股通;融资融券,17,21,600118.SH,600118
金属铅;黄金概念;金属锌;小金属概念;西部大开发;回购增持再贷款概念;国企改革;深股通;融资融券,33,9,000975.SZ,000975
无人机;传感器;军工;军民融合;航空发动机;专精特新;商业航天;高端装备;东数西算(算力);人工智能;算力租赁;DeepSeek概念;独角兽概念;智能医疗;共封装光学(CPO);沪股通;融资融券,17,17,688685.SH,688685
金属铅;金属锌;黄金概念;金属铜;金属镍;小金属概念;金属钴;俄乌冲突概念;西部大开发;深股通;融资融券,33,11,000426.SZ,000426
中字头股票;煤炭概念;煤化工概念;同花顺中特估100;证金持股;央企国企改革;国企改革;沪股通;融资融券;乡村振兴,17,10,601898.SH,601898
金属铅;金属锌;黄金概念;金属铜;小金属概念;金属回收;央企国企改革;国企改革;融资融券;沪股通,17,10,600961.SH,600961
军工信息化;卫星导航;商业航天;军民融合;大飞机;军工;国产操作系统;低空经济;无人机;碳纤维;芯片概念;新能源汽车;深股通;融资融券,33,14,300629.SZ,300629
化肥;天然气;磷化工;国企改革;乡村振兴;民爆概念;央企国企改革;西部大开发;融资融券;AI智能体,33,10,000731.SZ,000731
光伏概念;新疆振兴;一带一路;西部大开发;特高压;乡村振兴;金属铜;融资融券,33,8,000159.SZ,000159
黄金概念;金属锌;金属铜;小金属概念;金属镍;金属回收;汽车拆解概念;广东自贸区;固废处理;碳中和;DeepSeek概念;2025年报预增;粤港澳大湾区;比亚迪概念;深股通;融资融券,33,16,301500.SZ,301500
军民融合;军工信息化;军工;无人机;飞行汽车(eVTOL);低空经济;卫星导航;专精特新;西部大开发;深股通;融资融券,33,11,301357.SZ,301357
锂电池概念;光伏概念;虚拟电厂;储能;充电桩;人民币贬值受益;沪股通;融资融券,17,8,688717.SH,688717
金属铅;金属锌;黄金概念;金属铜;金属镍;小金属概念;深股通;文化传媒概念;融资融券,33,9,000603.SZ,000603
页岩气;俄乌冲突概念;天然气;氢能源;碳纤维;石墨烯;燃料电池;核电;跨境电商;深股通;融资融券,33,11,002221.SZ,002221
地下管网;中俄贸易概念;食品安全;核电;数据中心;页岩气;液冷服务器;融资融券;白酒概念;专精特新;海工装备;人民币贬值受益;高端装备;军工,151,14,920225.BJ,920225
磷化工;化肥;金属锌;小金属概念;金属铜;西部大开发;国企改革;信托概念;融资融券;沪股通,17,10,600331.SH,600331
培育钻石;工业母机;核电;新能源汽车;人形机器人;芯片概念;OLED;沪股通;融资融券,17,9,688028.SH,688028
数据中心;稀土永磁;消费电子概念;专精特新;新能源汽车;光伏概念;深股通,33,7,300835.SZ,300835
有机硅概念;硅能源;回购增持再贷款概念;融资融券,17,4,605366.SH,605366
锂电池概念;TOPCON电池;磷化工;光伏概念;化肥;2025三季报预增;土地流转;2025年报预增;西部大开发;粤港澳大湾区;乡村振兴;国企改革;农业种植;广东自贸区;深股通,33,15,000833.SZ,000833
生物质能发电;污水处理;碳中和;碳交易;雄安新区;PPP概念;央企国企改革;国企改革;DeepSeek概念;人工智能;沪股通;融资融券,17,12,600963.SH,600963
金属铅;黄金概念;金属锌;金属铜;小金属概念;金属回收;磷化工;化肥;国企改革;深股通;融资融券,33,11,002237.SZ,002237
黄金概念;培育钻石;同花顺中特估100;回购增持再贷款概念;央企国企改革;国企改革;中字头股票;沪股通;融资融券,17,9,600916.SH,600916
同花顺漂亮100;动力电池回收;同花顺出海50;钠离子电池;超级品牌;锂电池概念;车联网(车路协同);无人驾驶;新能源汽车;比亚迪概念;深股通;融资融券;盐湖提锂;机器人概念;DeepSeek概念;储能;粤港澳大湾区;充电桩;光伏概念;高压快充;芯片概念;数据中心,33,22,002594.SZ,002594
卫星导航;时空大数据;多模态AI;AIGC概念;商业航天;AI智能体;数据要素;空间计算;云计算;AI应用;同花顺新质50;DeepSeek概念;人工智能;数字孪生;数字经济;智慧城市;军工;低空经济;无人机;东数西算(算力);华为概念;海工装备;水利;数据中心;碳交易;碳中和;国企改革;中字头股票;沪股通;融资融券,17,30,688568.SH,688568
商业航天;军工;核电;海工装备;水利;专精特新;机器人概念;抽水蓄能;风电;比亚迪概念;一带一路;锂电池概念;股权转让(并购重组);融资融券,33,14,301079.SZ,301079
小金属概念;金属铜;2025年报预增;工业母机;深股通;融资融券;军工,33,7,002378.SZ,002378
股权转让(并购重组);核电,33,2,300478.SZ,300478
液冷服务器;富士康概念;第三代半导体;WiFi 6;数据中心;消费电子概念;华为概念;光伏概念;充电桩;阿里巴巴概念;比亚迪概念;无人机;海峡两岸;一带一路;智能家居;深股通;融资融券,33,17,300870.SZ,300870
减速器;工业母机;人形机器人;机器人概念;比亚迪概念;专精特新;航空发动机;军民融合;长三角一体化;共同富裕示范区;深股通,33,11,300488.SZ,300488
新股与次新股;融资融券,151,2,920166.BJ,920166
金属锌;金属铅;金属铜;黄金概念;小金属概念;金属回收;深股通,33,7,000751.SZ,000751
汽车芯片;芯片概念;智能座舱;小米概念;人形机器人;比亚迪概念;无人驾驶;车联网(车路协同);铜缆高速连接;机器人概念;华为概念;数据中心;工业互联网;信创;沪股通;融资融券,17,16,688515.SH,688515
小金属概念;西部大开发;国企改革;OLED;军工;沪股通;融资融券,17,7,601958.SH,601958
光纤概念;可控核聚变;核电;军工;传感器;专精特新;安防;小米概念;车联网(车路协同);物联网;数据中心;央企国企改革;国企改革;人工智能,33,14,300557.SZ,300557
化肥;2025年报预增;供销社;一带一路;融资融券;深股通,33,6,000893.SZ,000893
核污染防治;军民融合;军工;核电;专精特新;商业航天;垃圾分类;西部大开发;国企改革;深股通;融资融券,33,11,002246.SZ,002246
2025年报预增;天然气;航运概念;沪股通;融资融券,17,5,603223.SH,603223
牙科医疗;传感器;医疗器械概念;高端装备;专精特新;芯片概念;沪股通;融资融券,17,8,688301.SH,688301
富士康概念;共封装光学(CPO);苹果概念;新型工业化;人形机器人;MR(混合现实);汽车电子;AI眼镜;消费电子概念;特斯拉概念;华为手机;芯片概念;机器视觉;高端装备;5G;新能源汽车;宁德时代概念;机器人概念;智能穿戴;换电概念;光伏概念;无人机;华为概念;充电桩;工业互联网;固态电池;储能;低空经济;锂电池概念;智能物流;一带一路;沪股通;融资融券,17,33,688097.SH,688097
兵装重组概念;军民融合;军工;新能源汽车;央企国企改革;国企改革;沪股通;融资融券,17,8,601606.SH,601606
柔性直流输电;特高压;智能电网;抽水蓄能;电力物联网;虚拟电厂;风电;核电;光伏概念;储能;数据中心;氢能源;雅下水电概念;绿色电力;东数西算(算力);机器人概念;军工;数字孪生;阿里巴巴概念;京津冀一体化;人工智能;DeepSeek概念;融资融券;沪股通,17,24,601126.SH,601126
丙烯酸;煤化工概念;PVDF概念;消毒剂;氟化工概念;锂电池概念;回购增持再贷款概念;芯片概念;国企改革;新疆振兴;上海国企改革;参股券商;创投;DeepSeek概念;沪股通;超级品牌;融资融券,17,17,600623.SH,600623
国产航母;航空发动机;大飞机;军工;无人机;高端装备;低空经济;央企国企改革;国企改革;西部大开发;同花顺漂亮100;沪股通;融资融券,17,13,600893.SH,600893
华为数字能源;光伏概念;储能;数据中心;核电;风电;光热发电;可控核聚变;阿里巴巴概念;稀土永磁;国企改革;融资融券;股权转让(并购重组),17,13,688663.SH,688663
黑龙江自贸区;国企改革;央企国企改革,33,3,000985.SZ,000985
军民融合;大飞机;商业航天;军工;无人机;低空经济;海工装备;智慧城市;数字经济;人工智能;国企改革;民爆概念;深股通;融资融券,33,14,300722.SZ,300722
光伏概念;股权转让(并购重组);BC电池;TOPCON电池;人民币贬值受益;民营医院;医疗器械概念,33,7,002795.SZ,002795
天然气;煤化工概念;俄乌冲突概念;雄安新区;氢能源;沪股通;融资融券;燃料电池;DeepSeek概念;股权转让(并购重组),17,10,600803.SH,600803
医疗器械概念;专精特新;融资融券,17,3,688338.SH,688338
军民融合;商业航天;军工;无人机;人工智能;国企改革;沪股通;融资融券,17,8,688543.SH,688543
汽车热管理;新能源汽车;高压快充;燃料电池;充电桩;宁德时代概念;液冷服务器;机器人概念;农机;储能;无人机;碳中和;新疆振兴;芯片概念;数据中心;高铁;风电;绿色电力;西部大开发;乡村振兴;人工智能;国企改革;央企国企改革;股权转让(并购重组),17,24,600506.SH,600506
回购增持再贷款概念;融资融券;天然气;专精特新;大飞机;氢能源,151,6,920014.BJ,920014
国企改革;央企国企改革;沪股通;融资融券;京津冀一体化,17,5,600230.SH,600230
中船系;军工信息化;卫星导航;军民融合;商业航天;量子科技;军工;低空经济;无人机;数字经济;无人驾驶;海工装备;传感器;央企国企改革;光纤概念;芯片概念;专精特新;国企改革;深股通,33,19,300516.SZ,300516
海工装备;商业航天;回购增持再贷款概念;人工智能;家用电器;智能家居,33,6,300749.SZ,300749
军民融合;卫星导航;军工;无人机;融资融券;摘帽,33,6,300965.SZ,300965
航运概念;福建自贸区;统一大市场;海峡两岸;人民币贬值受益;沪股通,17,6,603162.SH,603162
军工;工业母机;比亚迪概念;新型工业化;新能源汽车;机器人概念;专精特新;同花顺新质50;减速器;华为概念;消费电子概念;小米概念;第三代半导体;富士康概念;芯片概念;苹果概念;融资融券,33,17,002903.SZ,002903
金属铅;金属锌;黄金概念;金属铜;小金属概念;金属回收;锂电池概念;固废处理;国企改革;沪股通;核电;融资融券,17,12,600531.SH,600531
转基因;玉米;乡村振兴;融资融券;粮食概念;人工智能;农业种植,151,7,920403.BJ,920403
共封装光学(CPO);F5G概念;中国AI 50;液冷服务器;5G;汽车电子;芯片概念;2025年报预增;数据中心;同花顺新质50;深股通;人民币贬值受益;无人驾驶;创投;融资融券,33,15,300308.SZ,300308
可控核聚变;军工;核电;海工装备;水利;专精特新;央企国企改革;比亚迪概念;新能源汽车;中俄贸易概念;国企改革;深股通;融资融券,33,13,301137.SZ,301137
商业航天;航空发动机;可控核聚变;核电;3D打印;独角兽概念;DeepSeek概念;芯片概念;特高压;充电桩;新能源汽车;西部大开发;医疗器械概念;共封装光学(CPO);沪股通;融资融券,17,16,688102.SH,688102
期货概念;数字经济;参股券商;沪股通,17,4,603093.SH,603093
金属钴;小金属概念;稀土永磁;动力电池回收;固态电池;宁德时代概念;锂电池概念;光伏概念;可控核聚变;军工;机器人概念;无人机;商业航天;国企改革;福建自贸区;海峡两岸;沪股通;融资融券,17,18,600549.SH,600549
共封装光学(CPO);5G;6G概念;储能;军工;医疗器械概念;一带一路;融资融券,33,8,002796.SZ,002796
存储芯片;有机硅概念;芯片概念;光纤概念;光伏概念;硅能源;海峡两岸;京津冀一体化;沪股通;融资融券,17,10,603938.SH,603938
DRG/DIP;军工信息化;华为昇腾;AI智能体;智慧政务;卫星导航;网络安全;数据安全;商业航天;移动支付;区块链;DeepSeek概念;数字经济;军民融合;智能医疗;人工智能;东数西算(算力);安防;军工;华为概念;数据中心;西部大开发;芯片概念;汽车芯片;融资融券,33,25,301117.SZ,301117
风电;氢能源;天然气;海工装备;高端装备;储能;核电;页岩气;专精特新;融资融券,33,10,301063.SZ,301063
军工信息化;商业航天;军民融合;大飞机;军工;低空经济;无人机;光伏概念;硅能源;西部大开发;国企改革;股权转让(并购重组);深股通,33,13,000561.SZ,000561
卫星导航;商业航天;无人机;低空经济;无人驾驶;车联网(车路协同);时空大数据;机器人概念;智慧灯杆;智慧城市;农机;华为概念;芯片概念;数字乡村;京津冀一体化;数字经济;汽车芯片;水利;生态农业;国企改革;新型城镇化;深股通;融资融券,33,23,002383.SZ,002383
PCB概念;光伏概念;工业母机;2025年报预增;专精特新;人形机器人;航空发动机;机器人概念;商业航天;融资融券,17,10,688308.SH,688308
页岩气;海工装备;核电;数据中心;同花顺出海50;天然气;高端装备;锂电池概念;一带一路;回购增持再贷款概念;动力电池回收;土壤修复;中俄贸易概念;污水处理;深股通;融资融券,33,16,002353.SZ,002353
民爆概念;军民融合;航空发动机;军工;商业航天;军工信息化;无人机;3D打印;高铁;雅下水电概念;芯片概念;国企改革;工业互联网;数字经济;小金属概念;虚拟现实;DeepSeek概念;智慧政务;元宇宙;沪股通,17,20,603977.SH,603977
2025年报预增;商业航天;融资融券;核电;风电;成飞概念;高铁;跨境电商;军民融合;军工;共同富裕示范区;专精特新;人民币贬值受益,151,13,920169.BJ,920169
黄金概念;国企改革;IP经济(谷子经济);沪股通,17,4,605599.SH,605599
超超临界发电;绿色电力;风电;国企改革;西部大开发;股权转让(并购重组);融资融券;深股通,33,8,000791.SZ,000791
PCB概念;OLED;超级电容;光刻胶;先进封装;存储芯片;石墨烯;固态电池;锂电池概念;芯片概念;储能;新能源汽车;3D打印;钠离子电池;硅能源;风电;核电;高铁;高端装备;代糖概念;绿色电力;6G概念;丙烯酸;军工;建筑节能;商业航天;大飞机;合成生物;沪股通;融资融券,17,30,605589.SH,605589
共封装光学(CPO);同花顺果指数;PCB概念;苹果概念;5G;芯片概念;消费电子概念;数据中心;MiniLED;高压快充;小米概念;人形机器人;新能源汽车;特斯拉概念;华为概念;机器人概念;人民币贬值受益;深股通;长三角一体化;融资融券,33,20,002384.SZ,002384
消毒剂;POE胶膜;国企改革;央企国企改革;深股通;融资融券,33,6,000819.SZ,000819
天然气;氢能源;燃料电池;储能;充电桩;国企改革;粤港澳大湾区;深股通;融资融券,33,9,002911.SZ,002911
煤炭概念;煤化工概念;小金属概念;国企改革;同花顺漂亮100;风电;参股银行;沪股通;融资融券,17,9,600188.SH,600188
煤化工概念;化肥;磷化工;生态农业;有机硅概念;天然气;消毒剂;氟化工概念;央企国企改革;国企改革;氢能源;乡村振兴;深股通;融资融券,33,14,000830.SZ,000830
页岩气;融资融券;固废处理;西部大开发;天然气;专精特新,151,6,920675.BJ,920675
特高压;工业母机;高端装备;专精特新;机器人概念;绿色电力;深股通;融资融券,33,8,002270.SZ,002270
航运概念;国企改革;中俄贸易概念;一带一路;融资融券,17,5,600798.SH,600798
商业航天;6G概念;同花顺新质50;军工;低空经济;央企国企改革;中字头股票;一带一路;国企改革;同花顺中特估100;沪股通;融资融券,17,12,601698.SH,601698
净水概念;家用电器;新能源汽车;人民币贬值受益;机器人概念;沪股通;融资融券,17,7,603355.SH,603355
盐湖提锂;锂电池概念;石墨烯;西部大开发;国企改革;融资融券;沪股通,17,7,600773.SH,600773
可降解塑料;固废处理;回购增持再贷款概念;人民币贬值受益;碳中和;沪股通;融资融券,17,7,688087.SH,688087
乡村振兴;粮食概念;农业种植;大豆;玉米;融资融券;国企改革;转基因,151,8,920087.BJ,920087
军工信息化;商业航天;卫星导航;军民融合;大飞机;成飞概念;军工;无人机;低空经济;高铁;专精特新;光纤概念;芯片概念;共封装光学(CPO);2025年报预增,33,15,300447.SZ,300447
黄金概念;金属铜;金属镍;小金属概念;锂电池概念;国企改革;深股通;融资融券;PCB概念;5G;新能源汽车,33,11,000630.SZ,000630
光纤概念;存储芯片;光伏概念;芯片概念;沪股通;融资融券,17,6,603688.SH,603688
磷化工;化肥;煤化工概念;锂电池概念;污水处理;乡村振兴;融资融券,17,7,600470.SH,600470
柔性直流输电;特高压;智能电网;抽水蓄能;风电;核电;绿色电力;沪股通;融资融券,17,9,603530.SH,603530
煤炭概念;回购增持再贷款概念;长三角一体化;2025年报预增;互联网金融;沪股通;融资融券,17,7,601233.SH,601233
煤炭概念;央企国企改革;绿色电力;西部大开发;风电;国企改革;储能;深股通;融资融券;数据要素;股权转让(并购重组),33,11,002128.SZ,002128
光伏概念;风电;海工装备;股权转让(并购重组),17,4,603356.SH,603356
第三代半导体;超级电容;英伟达概念;芯片概念;高压快充;中国AI 50;数据中心;光伏概念;智能电网;小米概念;储能;新能源汽车;充电桩;高端装备;风电;新型工业化;机器人概念;高铁;一带一路;智能家居;家用电器;车联网(车路协同);医疗器械概念;融资融券;深股通,33,25,002851.SZ,002851
军工;军工信息化;DeepSeek概念;专精特新;数字经济;AIGC概念;人工智能;融资融券;商业航天;数据要素;卫星导航;国企改革,151,12,920116.BJ,920116
军工信息化;太赫兹;脑机接口;时空大数据;6G概念;卫星导航;同花顺新质50;商业航天;国产操作系统;人工智能;DeepSeek概念;军民融合;智慧城市;国产航母;车联网(车路协同);虚拟现实;低空经济;大飞机;军工;物联网;无人机;航空发动机;成飞概念;5G;无人驾驶;智能穿戴;机器人概念;芯片概念;粤港澳大湾区;回购增持再贷款概念;国企改革;深股通;融资融券,33,33,002465.SZ,002465
太赫兹;军工信息化;军民融合;商业航天;卫星导航;军工;6G概念;海工装备;量子科技;高端装备;横琴新区;5G;芯片概念;第三代半导体;深股通;融资融券,33,16,300123.SZ,300123
抽水蓄能;超超临界发电;风电;碳中和;绿色电力;储能;煤炭概念;充电桩;光伏建筑一体化;工业互联网;国企改革;智能物流;华为概念;创投;东数西算(算力);人工智能;深股通;融资融券;数据中心,33,19,001896.SZ,001896
东数西算(算力);专精特新;液冷服务器;氢能源,33,4,300839.SZ,300839
回购增持再贷款概念;人民币贬值受益;一带一路;光伏概念;中俄贸易概念;海工装备;工业互联网;智能电网;沪股通,17,9,605196.SH,605196
石墨烯;数据中心;PCB概念;东数西算(算力);算力租赁;DeepSeek概念;AIGC概念,17,7,603110.SH,603110
科创次新股;语音技术;注册制次新股;消费电子概念;人民币贬值受益;粤港澳大湾区;虚拟现实;人工智能;芯片概念;机器人概念;跨境电商;无人机;新股与次新股;融资融券,17,14,688775.SH,688775
柔性直流输电;特高压;芯片概念;国企改革;西部大开发,33,5,300831.SZ,300831
军工信息化;卫星导航;商业航天;时空大数据;军民融合;6G概念;大飞机;网络安全;军工;车联网(车路协同);低空经济;无人机;智慧城市;成飞概念;数字孪生;毫米波雷达;人工智能;独角兽概念;飞行汽车(eVTOL);虚拟现实;无人驾驶;工业互联网;京津冀一体化;创投;芯片概念;农机;消费电子概念;深股通;融资融券,33,29,300045.SZ,300045
页岩气;俄乌冲突概念;天然气;污水处理;净水概念;PPP概念;京津冀一体化;创投;融资融券;深股通,33,10,300332.SZ,300332
可燃冰;页岩气;俄乌冲突概念;天然气;海工装备;氢能源;商业航天;中俄贸易概念;一带一路;碳纤维;高端装备;人工智能;无人机;机器人概念;专精特新;2025年报预增,33,16,002278.SZ,002278
福建自贸区;海峡两岸;自由贸易港;统一大市场;智能物流;绿色电力;一带一路;航运概念;国企改革;跨境电商;融资融券;股权转让(并购重组);深股通,33,13,000905.SZ,000905
共封装光学(CPO);中国AI 50;5G;数据中心;芯片概念;2025年报预增;深股通;人民币贬值受益;西部大开发;融资融券,33,10,300502.SZ,300502
F5G概念;共封装光学(CPO);光纤概念;铜缆高速连接;5G;芯片概念;数据中心;抖音概念(字节概念);华为概念;2025年报预增;专精特新;长三角一体化;机器人概念;融资融券;深股通,33,15,300548.SZ,300548
煤炭概念;同花顺中特估100;中字头股票;煤化工概念;证金持股;央企国企改革;国企改革;沪股通;融资融券;同花顺漂亮100;绿色电力,17,11,601088.SH,601088
共封装光学(CPO);PCB概念;PET铜箔;宁德时代概念;固态电池;新能源汽车;锂电池概念;储能;光伏概念;飞行汽车(eVTOL);低空经济;沪股通;融资融券,17,13,688388.SH,688388
数字货币;跨境支付(CIPS);期货概念;创投;参股券商;信托概念;新疆振兴;碳中和;西部大开发;国企改革;一带一路;参股银行;氢能源;可控核聚变;同花顺中特估100;深股通;中字头股票;融资融券,33,18,000617.SZ,000617
国家大基金持股;存储芯片;先进封装;液冷服务器;无线耳机;PCB概念;芯片概念;宁德时代概念;苹果概念;消费电子概念;有机硅概念;固态电池;小米概念;石墨烯;数据中心;专精特新;柔性屏(折叠屏);智能穿戴;人形机器人;新能源汽车;光伏概念;储能;MR(混合现实);高端装备;HJT电池;华为概念;机器人概念;TOPCON电池;回购增持再贷款概念;高铁;沪股通;融资融券,17,32,688035.SH,688035
共封装光学(CPO);光纤概念;光刻机;数据中心;量子科技;芯片概念;AI眼镜;商业航天;卫星导航;华为概念;专精特新;无人驾驶;海峡两岸;福建自贸区;独角兽概念;医疗器械概念;沪股通;股权转让(并购重组);融资融券,17,19,688195.SH,688195
MicroLED概念;芯片概念;机器视觉;虚拟现实;AI应用;东数西算(算力);人工智能;元宇宙;深股通;融资融券,33,10,301391.SZ,301391
军工信息化;卫星导航;商业航天;6G概念;军工;无人机;毫米波雷达;芯片概念;专精特新;先进封装;西部大开发;深股通;融资融券,33,13,301050.SZ,301050
体育产业;网红经济;融资融券;深股通,33,4,002832.SZ,002832
芯片概念;专精特新;商业航天;华为概念;氢能源;粤港澳大湾区;数字孪生;国企改革;沪股通;融资融券,17,10,688548.SH,688548
商业航天;卫星导航;航空发动机;可控核聚变;军工;超导概念;海工装备;核电;5G;柔性屏(折叠屏);专精特新;西部大开发;燃料电池;氢能源;国企改革;医疗器械概念;小金属概念;俄乌冲突概念;深股通;融资融券,33,20,002149.SZ,002149
航空发动机;大飞机;军民融合;商业航天;军工信息化;军工;卫星导航;无人机;低空经济;可控核聚变;毫米波雷达;央企国企改革;信创;无人驾驶;华为概念;5G;国企改革;PPP概念;沪股通;融资融券,17,20,600562.SH,600562
卫星导航;商业航天;军工;芯片概念;专精特新;深股通;融资融券,33,7,301571.SZ,301571
装配式建筑;新疆振兴;PPP概念;氟化工概念;西部大开发;机器人概念;小金属概念;无人驾驶;融资融券,33,9,002628.SZ,002628
共封装光学(CPO);F5G概念;铜缆高速连接;PCB概念;先进封装;苹果概念;5G;第三代半导体;芯片概念;6G概念;汽车电子;柔性屏(折叠屏);宁德时代概念;工业母机;锂电池概念;3D打印;高压快充;比亚迪概念;特斯拉概念;新能源汽车;储能;专精特新;智能座舱;高端装备;充电桩;东数西算(算力);华为概念;传感器;汽车热管理;新型工业化;机器人概念;钙钛矿电池;氢能源;量子科技;卫星导航;华为汽车;物联网;商业航天;工业互联网;回购增持再贷款概念;家用电器;农机;智能家居;航空发动机;长安汽车概念;创投;大飞机;独角兽概念;智慧城市;数字孪生;腾讯概念;百度概念;阿里巴巴概念;乡村振兴;国企改革;AI智能体;数据要素;深股通;融资融券;基因测序,33,60,000988.SZ,000988
环氧丙烷;煤化工概念;丙烯酸;POE胶膜;氢能源;锂电池概念;长三角一体化;燃料电池;互联网金融;三胎概念;融资融券;深股通,33,12,002648.SZ,002648
碳中和;深股通,33,2,001376.SZ,001376
煤化工概念;水泥概念;可降解塑料;生态农业;新疆振兴;碳交易;国企改革;绿色电力;回购增持再贷款概念;西部大开发;一带一路;储能;沪股通;融资融券,17,14,600075.SH,600075
大豆;玉米;粮食概念;农业种植;土地流转;乡村振兴;国企改革;啤酒概念;沪股通;融资融券,17,10,601952.SH,601952
华为手机;MR(混合现实);AI手机;PCB概念;AI眼镜;苹果概念;柔性屏(折叠屏);小米汽车;消费电子概念;小米概念;飞行汽车(eVTOL);比亚迪概念;智能穿戴;特斯拉概念;无人驾驶;低空经济;新能源汽车;机器人概念;华为汽车;固态电池;专精特新;华为概念;光刻胶;沪股通;融资融券,17,25,688157.SH,688157
商业航天;卫星导航;军民融合;军工;无人机;无人驾驶;专精特新;融资融券;摘帽,17,9,688282.SH,688282
回购增持再贷款概念;长三角一体化;工业互联网;沪股通;融资融券,17,5,603225.SH,603225
农业种植;合成生物;乡村振兴;融资融券,33,4,300970.SZ,300970
光纤概念;卫星导航;商业航天;安防;智慧城市;华为概念;车联网(车路协同);数据要素;信创;人工智能;DeepSeek概念;央企国企改革;国企改革;股权转让(并购重组);沪股通;融资融券,17,16,600345.SH,600345
大豆;玉米;粮食概念;土地流转;农业种植;生态农业;俄乌冲突概念;化肥;乡村振兴;国企改革;参股银行;黑龙江自贸区;沪股通;融资融券;区块链,17,15,600598.SH,600598
中俄贸易概念;环氧丙烷;一带一路;可降解塑料;专精特新;融资融券,151,6,920099.BJ,920099
页岩气;天然气;人民币贬值受益;高端装备;专精特新;海工装备;沪股通;融资融券,17,8,688377.SH,688377
军民融合;军工;无人机;高端装备;数字孪生;核电;中俄贸易概念;农机;央企国企改革;高铁;人工智能;风电;物联网;机器人概念;减速器;工业互联网;氢能源;无人驾驶;西部大开发;储能;新能源汽车;国企改革;人形机器人;沪股通;融资融券,17,25,600967.SH,600967
金属回收;股权转让(并购重组);深股通;融资融券,33,4,002379.SZ,002379
智慧灯杆;新能源汽车;换电概念;空间计算;液冷服务器;智慧城市;东数西算(算力);虚拟现实;人工智能;DeepSeek概念;元宇宙;IP经济(谷子经济);沪股通;股权转让(并购重组),17,14,605289.SH,605289
可控核聚变;液冷服务器;海工装备;超导概念;核电;3D打印;数据中心;储能;海峡两岸;新能源汽车;燃料电池;氢能源;军工;空气能热泵;固态电池;中芯国际概念;机器人概念;雅下水电概念;中俄贸易概念;天然气;水利;碳中和;回购增持再贷款概念;智能物流;创投;国企改革;人工智能;冷链物流;冰雪产业;体育产业;融资融券;宠物经济;深股通,33,33,000811.SZ,000811
固废处理;碳中和;人民币贬值受益;专精特新;高端装备;2025年报预增;融资融券,17,7,688309.SH,688309
航运概念;可降解塑料;央企国企改革;土壤修复;固废处理;光伏建筑一体化;光伏概念;污水处理;储能;国企改革;新能源汽车;人民币贬值受益;乡村振兴;华为数字能源;机器人概念;数据中心;创投;工业互联网;阿里巴巴概念;沪股通;融资融券,17,21,600710.SH,600710
固态电池;2025年报预增;宁德时代概念;专精特新;新型工业化;锂电池概念;机器人概念;新能源汽车;人工智能;高端装备;DeepSeek概念;燃料电池;一带一路;沪股通;融资融券,17,15,688155.SH,688155
装配式建筑;建筑节能;雄安新区;央企国企改革;国企改革;雅下水电概念;DeepSeek概念;深股通;融资融券,33,9,000786.SZ,000786
煤化工概念;煤炭概念;水泥概念;可降解塑料;消毒剂;新疆振兴;石墨烯;碳中和;国企改革;碳交易;西部大开发;一带一路;风电;跨境电商;职业教育;深股通;摘帽,33,17,002092.SZ,002092
俄乌冲突概念;央企国企改革;西部大开发;国企改革;碳交易;深股通;融资融券;燃料电池;工业互联网;新能源汽车,33,10,000807.SZ,000807
牙科医疗;3D打印;专精特新;人民币贬值受益;医疗器械概念;智能医疗;阿里巴巴概念;深股通;融资融券,33,9,301580.SZ,301580
共同富裕示范区;人民币贬值受益,17,2,605003.SH,605003
富士康概念;PET铜箔;苹果概念;消费电子概念;汽车电子;智能穿戴;新能源汽车;智能座舱;专精特新;海峡两岸;股权转让(并购重组);深股通;融资融券,33,13,301389.SZ,301389
钠离子电池;固态电池;锂电池概念;石墨烯;动力电池回收;燃料电池;储能;氢能源;新能源汽车;专精特新;一带一路;军工;粤港澳大湾区;无人机;人民币贬值受益;5G;数据中心;东数西算(算力);百度概念;阿里巴巴概念;深股通;融资融券,33,22,002733.SZ,002733
中韩自贸区;航运概念;国企改革;中俄贸易概念;一带一路;沪股通;融资融券,17,7,601008.SH,601008
兵装重组概念;高铁;长安汽车概念;央企国企改革;新能源汽车;国企改革;汽车热管理;融资融券;沪股通,17,9,600698.SH,600698
金属铅;金属锌;金属铜;黄金概念;小金属概念;西部大开发;2025年报预增;一带一路;人民币贬值受益;沪股通;融资融券,17,11,601020.SH,601020
商业航天;卫星导航;军工信息化;6G概念;军民融合;军工;无人机;芯片概念;2025年报预增;沪股通;融资融券,17,11,688270.SH,688270
人工智能;创投;医疗器械概念;创新药;深股通;融资融券,33,6,301093.SZ,301093
光伏概念;ST板块;特高压;智能电网;PCB概念;虚拟电厂;储能;充电桩;医疗器械概念;芯片概念;锂电池概念;粤港澳大湾区;新能源汽车;宁德时代概念;消费电子概念;比亚迪概念;富士康概念;华为概念;新型工业化;MR(混合现实),22,20,600525.SH,600525
玉米;粮食概念;代糖概念;生态农业;可降解塑料;国企改革;央企国企改革;碳交易;白酒概念;深股通;融资融券;中字头股票,33,12,000930.SZ,000930
ST板块;国企改革;无人机;大飞机;军工;西部大开发;人民币贬值受益;航空发动机,33,8,000697.SZ,000697
光纤概念;数据中心;长三角一体化;5G;储能;独角兽概念;网络安全;专精特新;数字水印;数据安全;固态电池;深股通;融资融券,33,13,002491.SZ,002491
房屋检测;高股息精选;同花顺中特估100;建筑节能;装配式建筑;光伏建筑一体化;地下管网;冰雪产业;新型城镇化;雄安新区;回购增持再贷款概念;乡村振兴;绿色电力;海工装备;同花顺漂亮100;一带一路;石墨烯;核电;水利;光伏概念;高铁;抽水蓄能;数字经济;储能;充电桩;深股通;融资融券;数据中心,33,28,002271.SZ,002271
碳中和;长三角一体化;ST板块,22,3,603822.SH,603822
股权转让(并购重组);ST板块;高端装备;人民币贬值受益;跨境电商;在线教育;海工装备,22,7,603268.SH,603268
商业航天;卫星导航;军工;核电;高端装备;人工智能;高铁;MCU芯片;机器人概念;央企国企改革;芯片概念;智能物流;国企改革;存储芯片;融资融券;深股通,33,16,300455.SZ,300455
黄金概念;广东自贸区;2025年报预增;DeepSeek概念;IP经济(谷子经济);抖音概念(字节概念);深股通;融资融券,33,8,301177.SZ,301177
军工信息化;商业航天;卫星导航;太赫兹;军民融合;军工;低空经济;无人机;量子科技;物联网;高端装备;京津冀一体化;传感器;央企国企改革;芯片概念;国企改革;医疗器械概念;特高压;沪股通;融资融券,17,20,600879.SH,600879
ST板块;智能家居;人民币贬值受益;小金属概念,22,4,603838.SH,603838
创新药;眼科医疗;医美概念;医疗器械概念;专精特新;沪股通;融资融券,17,7,688198.SH,688198
ST板块;天然气;俄乌冲突概念;页岩气;人民币贬值受益,22,5,600777.SH,600777
煤炭概念;国企改革;沪股通;融资融券,17,4,600971.SH,600971
PET铜箔;PCB概念;液冷服务器;工业母机;专精特新;注册制次新股;新股与次新股;融资融券,17,8,603124.SH,603124
煤化工概念;化肥;国企改革;沪股通;融资融券,17,5,600426.SH,600426
露营经济;共同富裕示范区;智能家居;体育产业;跨境电商;一带一路;回购增持再贷款概念;三胎概念;人民币贬值受益;华为概念;数字经济;网红经济;星闪概念;鸿蒙概念;IP经济(谷子经济);NFT概念,33,16,002615.SZ,002615
ST板块;特色小镇;旅游概念,33,3,002485.SZ,002485
光伏概念;储能;芯片概念;绿色电力;融资融券;深股通,33,6,300763.SZ,300763
天然气;超超临界发电;可燃冰;绿色电力;国企改革;抽水蓄能;氢能源;回购增持再贷款概念;风电;广东自贸区;储能;充电桩;融资融券;粤港澳大湾区;沪股通,17,15,600098.SH,600098
锂电池概念;芯片概念;有机硅概念;光刻胶;国企改革;沪股通;股权转让(并购重组),17,7,603155.SH,603155
小金属概念;宁德时代概念;氢能源;3D打印;央企国企改革;国企改革;比亚迪概念;特斯拉概念;一体化压铸;苹果概念;消费电子概念;飞行汽车(eVTOL);军工;无人机;华为汽车;富士康概念;机器人概念;长安汽车概念;商业航天;低空经济;5G;华为概念;深股通;融资融券,33,24,002182.SZ,002182
PVDF概念;氟化工概念;锂电池概念;2025三季报预增;芯片概念;2025年报预增;沪股通;融资融券,17,8,603379.SH,603379
PCB概念;风电;回购增持再贷款概念;一带一路;光伏概念;央企国企改革;长三角一体化;同花顺中特估100;国企改革;PEEK材料;沪股通;融资融券;DeepSeek概念;中字头股票,17,14,600176.SH,600176
减速器;汽车电子;比亚迪概念;无人驾驶;专精特新;新能源汽车;两轮车;融资融券,17,8,688280.SH,688280
中国AI 50;国家大基金持股;5G;芯片概念;数据中心;网络安全;沪股通;融资融券,17,8,688702.SH,688702
钒电池;污水处理;国企改革;氢能源;固态电池;深股通;融资融券,33,7,000822.SZ,000822
存储芯片;汽车芯片;先进封装;MCU芯片;芯片概念;消费电子概念;2025年报预增;沪股通;融资融券,17,9,688372.SH,688372
光纤概念;共封装光学(CPO);铜缆高速连接;特高压;第三代半导体;智能电网;风电;5G;海工装备;芯片概念;新能源汽车;一带一路;太赫兹;专精特新;人形机器人;量子科技;工业互联网;机器人概念;沪股通;创投;抖音概念(字节概念);融资融券,17,22,601869.SH,601869
ST板块;仿制药一致性评价;乡村振兴;流感;肝炎概念;民营医院;参股银行;西部大开发;创新药;医疗器械概念;智能医疗;腾讯概念,33,12,002424.SZ,002424
小金属概念;稀土永磁;超导概念;核电;央企国企改革;一带一路;注册制次新股;军工;深股通;中字头股票;新股与次新股;融资融券,33,12,001280.SZ,001280
天然气;股权转让(并购重组),33,2,001331.SZ,001331
钠离子电池;固态电池;宁德时代概念;锂电池概念;动力电池回收;注册制次新股;比亚迪概念;粤港澳大湾区;深股通;新股与次新股;融资融券,33,11,301662.SZ,301662
民爆概念;人民币贬值受益;一带一路;融资融券;国企改革,151,5,920019.BJ,920019
液冷服务器;数据中心;储能;智能电网;特高压;光热发电;抽水蓄能;华为概念;高端装备;核电;工业互联网;传感器;机器人概念;风电;军工;氢能源;低空经济;超超临界发电;碳中和;水利;数字经济;垃圾分类;西部大开发;深股通;融资融券,33,25,002272.SZ,002272
光伏概念;光伏建筑一体化;储能;回购增持再贷款概念;虚拟电厂;智能电网;沪股通;融资融券,17,8,688390.SH,688390
军民融合;大飞机;军工;无人机;央企国企改革;高端装备;数字经济;国企改革;同花顺中特估100;同花顺漂亮100;沪股通;中字头股票;融资融券,17,13,600760.SH,600760
煤炭概念;证金持股;国企改革;同花顺漂亮100;西部大开发;沪股通;融资融券,17,7,601225.SH,601225
天然气;地下管网;国企改革;沪股通;融资融券,17,5,600617.SH,600617
大飞机;军民融合;央企国企改革;军工;国企改革;高端装备;乡村振兴;无人机;低空经济;融资融券;沪股通,17,11,600316.SH,600316
青蒿素;NMN概念;维生素;合成生物;医药电商;创新药;辅助生殖;肝炎概念;医美概念;回购增持再贷款概念;钠离子电池;储能;沪股通;融资融券,17,14,600216.SH,600216
金属回收;高股息精选;锂电池概念;证金持股;一带一路;宁德时代概念;沪股通;融资融券;高铁;人民币贬值受益;新能源汽车;机器人概念;大飞机,17,13,600219.SH,600219
互联网金融;股权转让(并购重组),33,2,002377.SZ,002377
飞行汽车(eVTOL);军民融合;军工;无人机;低空经济;航空发动机;两轮车;机器人概念;商业航天;工业互联网;比亚迪概念;专精特新;燃料电池;农机;新能源汽车;数字经济;储能;氢能源;锂电池概念;2025三季报预增;西部大开发;钠离子电池;乡村振兴;深股通;融资融券,33,25,001696.SZ,001696
金属锌;金属铅;金属铜;黄金概念;金属镍;小金属概念;金属回收;盐湖提锂;钒电池;锂电池概念;西部大开发;国企改革;沪股通;融资融券,17,14,601168.SH,601168
军民融合;军工;培育钻石;央企国企改革;无人机;商业航天;国企改革;新能源汽车;芯片概念;同花顺中特估100;冷链物流;中字头股票;深股通;融资融券,33,14,000519.SZ,000519
军民融合;航空发动机;军工;卫星导航;无人机;专精特新;西部大开发;融资融券;深股通,33,9,300581.SZ,300581
赛马概念;ST板块;特色小镇;新型城镇化;地下管网;PPP概念;算力租赁;东数西算(算力);水利;智慧政务;充电桩;旅游概念;光伏概念;固废处理;一带一路;乡村振兴;西部大开发;雅下水电概念;盐湖提锂;小金属概念;金属铜;金属锌,22,22,603843.SH,603843
兵装重组概念;核污染防治;国产航母;军民融合;军工;央企国企改革;机器人概念;专精特新;国企改革;医疗器械概念;沪股通;融资融券,17,12,688151.SH,688151
军工信息化;商业航天;军民融合;军工;无人机;低空经济;ETC;车联网(车路协同);安防;信创;智慧城市;物联网;人工智能;央企国企改革;数据中心;医疗器械概念;国企改革;储能;融资融券;沪股通,17,20,600855.SH,600855
核电;军工;3D打印;芯片概念;光伏概念;超超临界发电;储能;新能源汽车;牙科医疗;中俄贸易概念;深股通;融资融券,33,12,300963.SZ,300963
俄乌冲突概念;煤炭概念;锂电池概念;国企改革;宁德时代概念;风电;深股通;融资融券,33,8,000933.SZ,000933
超级电容;5G;可控核聚变;新能源汽车;人形机器人;储能;军工;华为概念;机器人概念;东数西算(算力);国企改革;深股通;融资融券,33,13,002484.SZ,002484
光纤概念;F5G概念;共封装光学(CPO);特高压;柔性直流输电;液冷服务器;智能电网;风电;数据中心;5G;海工装备;长三角一体化;芯片概念;新能源汽车;一带一路;太赫兹;小米汽车;6G概念;华为概念;水利;机器人概念;人形机器人;无人驾驶;量子科技;创投;军工;智慧城市;沪股通;融资融券;DeepSeek概念;网络安全,17,31,600487.SH,600487
军民融合;军工信息化;商业航天;军工;专精特新;锂电池概念;人工智能;ST板块;西部大开发,22,9,688511.SH,688511
细胞免疫治疗;医疗器械概念;食品安全;共同富裕示范区;机器人概念,33,5,300813.SZ,300813
钛白粉概念;小金属概念;钒电池;固态电池;锂电池概念;储能;军工;维生素;沪股通;融资融券,17,10,603067.SH,603067
液冷服务器;PEEK材料;5G;汽车电子;消费电子概念;特斯拉概念;毫米波雷达;新能源汽车;宁德时代概念;无人驾驶;虚拟现实;工业互联网;智能家居;人民币贬值受益;一带一路;深股通;融资融券,33,17,002937.SZ,002937
减速器;人形机器人;华为汽车;小米汽车;机器人概念;特斯拉概念;比亚迪概念;新能源汽车;小米概念;专精特新;融资融券,33,11,001282.SZ,001282
固态电池;华为数字能源;储能;智能电网;充电桩;新能源汽车;专精特新;数据中心;智能物流;华为概念;DeepSeek概念;沪股通;融资融券,17,13,688411.SH,688411
煤炭概念;煤化工概念;钒电池;页岩气;小金属概念;绿色电力;超超临界发电;碳交易;参股保险;核电;储能;物联网;融资融券;沪股通,17,14,600157.SH,600157
俄乌冲突概念;钠离子电池;锂电池概念;新疆振兴;西部大开发;回购增持再贷款概念;融资融券;深股通,33,8,002532.SZ,002532
可控核聚变;商业航天;核电;航空发动机;军工;海工装备;大飞机;核污染防治;华为概念;5G;低空经济;京津冀一体化;碳纤维;稀土永磁;3D打印;创投;无线充电;芯片概念;飞行汽车(eVTOL);氢能源;机器人概念;央企国企改革;一带一路;第三代半导体;燃料电池;小米概念;华为手机;比亚迪概念;小金属概念;新能源汽车;苹果概念;国企改革;固态电池;OLED;中芯国际概念;深股通;融资融券,33,37,000969.SZ,000969
可降解塑料;3D打印;跨境电商;一带一路;人民币贬值受益;融资融券,33,6,301193.SZ,301193
金属锌;黄金概念;金属铜;小金属概念;金属钴;金属镍;俄乌冲突概念;锂电池概念;一带一路;沪股通;融资融券,17,11,600490.SH,600490
光伏建筑一体化;新型城镇化;商业航天;水利;海峡两岸;融资融券;深股通,33,7,300737.SZ,300737
黄金概念;金属铜;小金属概念;期货概念;央企国企改革;西部大开发;国企改革;深股通;融资融券,33,9,000878.SZ,000878
军民融合;军工;氢能源;碳中和;国企改革;煤化工概念;沪股通;融资融券,17,8,603698.SH,603698
金属钴;小金属概念;金属铜;金属回收;PCB概念;海南自贸区;光伏概念;工业母机;雅下水电概念;可控核聚变;高端装备;国企改革;医疗器械概念;军工;乡村振兴;创投;深股通;DeepSeek概念;股权转让(并购重组);中字头股票;融资融券,33,21,000657.SZ,000657
军工信息化;卫星导航;商业航天;国产航母;军民融合;同花顺新质50;军工;低空经济;无人机;车联网(车路协同);星闪概念;无人驾驶;智能座舱;物联网;华为概念;5G;高端装备;芯片概念;京津冀一体化;机器人概念;智能穿戴;汽车电子;英伟达概念;消费电子概念;长安汽车概念;汽车芯片;两轮车;农机;国家大基金持股;深股通;融资融券,33,31,002151.SZ,002151
成飞概念;军民融合;大飞机;军工;无人机;低空经济;商业航天;人形机器人;机器人概念;传感器;央企国企改革;专精特新;DeepSeek概念;西部大开发;国企改革;融资融券;股权转让(并购重组);深股通;中字头股票,33,19,302132.SZ,302132
军工;高端装备;专精特新;京津冀一体化;融资融券,33,5,300922.SZ,300922
海南自贸区;金属铜;小金属概念;自由贸易港;黄金概念;金属钴;氟化工概念;锂电池概念;固废处理;天然气;参股银行;土壤修复;乡村振兴;碳中和;旅游概念;回购增持再贷款概念;参股保险;创投;沪股通;融资融券,17,20,601969.SH,601969
PCB概念;芯片概念;5G;汽车电子;消费电子概念;无线充电;AI眼镜;数据中心;小米概念;传感器;新能源汽车;智能穿戴;储能;光伏概念;燃料电池;6G概念;无人机;华为概念;物联网;回购增持再贷款概念;固态电池;创投;移动支付;深股通;融资融券,33,25,002138.SZ,002138
共封装光学(CPO);PCB概念;富士康概念;MiniLED;5G;汽车电子;专精特新;新型工业化;工业互联网;机器人概念;一带一路;深股通;融资融券,33,13,301251.SZ,301251
CRO概念;重组蛋白;生物疫苗;肝炎概念;创新药;ST板块,33,6,002581.SZ,002581
国家大基金持股;存储芯片;先进封装;芯片概念;沪股通;融资融券,17,6,688072.SH,688072
中俄贸易概念;融资融券;海工装备;一带一路;页岩气;专精特新;人民币贬值受益,151,7,920694.BJ,920694
商业航天;光刻机;军工;无人机;5G;液冷服务器;高铁;华为概念;专精特新;高压快充;数据中心;光伏概念;水利;2025年报预增;风电;新能源汽车;西部大开发;融资融券,33,18,300414.SZ,300414
煤化工概念;固废处理;国企改革;沪股通,17,4,600746.SH,600746
融资融券;西部大开发;高端装备;天然气;军工;核污染防治;核电;专精特新,151,8,920781.BJ,920781
西部大开发;固废处理;国企改革;工业互联网;物联网;数字经济,33,6,000803.SZ,000803
PVDF概念;氟化工概念;消毒剂;煤化工概念;锂电池概念;中芯国际概念;液冷服务器;风电;绿色电力;2025年报预增;碳交易;国企改革;数据中心;融资融券;沪股通,17,15,600160.SH,600160
可燃冰;页岩气;天然气;俄乌冲突概念;氢能源;央企国企改革;海工装备;雄安新区;一带一路;国企改革;燃料电池;高端装备;储能;工业互联网;专精特新;数字经济;深股通;融资融券,33,18,000852.SZ,000852
转基因;粮食概念;玉米;农业种植;生态农业;乡村振兴;俄乌冲突概念;2025年报预增;深股通;融资融券,33,10,002041.SZ,002041
光刻胶;苹果概念;宁德时代概念;工业母机;消费电子概念;汽车电子;比亚迪概念;专精特新;机器视觉;一带一路;新型工业化;机器人概念;人形机器人;融资融券,17,14,688125.SH,688125
军工信息化;卫星导航;商业航天;军工;第三代半导体;西部大开发,33,6,002977.SZ,002977
商业航天;军工信息化;卫星导航;军民融合;军工;无人机;低空经济;福建自贸区;MR(混合现实);华为欧拉;海工装备;海峡两岸;5G;安防;网络安全;芯片概念;数据安全;智慧政务;华为鲲鹏;信创;多模态AI;华为概念;虚拟现实;元宇宙;人工智能;数字经济;央企国企改革;DeepSeek概念;风电;国企改革;乡村振兴;深股通;融资融券,33,33,000547.SZ,000547
煤炭概念;煤化工概念;天然气;污水处理;西部大开发;沪股通;融资融券,17,7,601015.SH,601015
小金属概念;中字头股票;稀土永磁;俄乌冲突概念;锂电池概念;同花顺中特估100;央企国企改革;国企改革;证金持股;沪股通;融资融券;乡村振兴;风电,17,13,601600.SH,601600
超导概念;煤炭概念;2025年报预增;风电;融资融券;沪股通,17,6,600595.SH,600595
军工信息化;卫星导航;商业航天;时空大数据;华为昇腾;空间计算;军工;无人机;低空经济;云计算;数据要素;AI智能体;数字孪生;智慧城市;人工智能;MR(混合现实);DeepSeek概念;华为概念;钙钛矿电池;水利;碳中和;雄安新区;AI应用;沪股通;融资融券,17,25,688066.SH,688066
减速器;光热发电;燃料电池;光伏概念;氢能源;农机;新能源汽车;机器人概念;人民币贬值受益;乡村振兴,33,10,002921.SZ,002921
医疗器械概念;工业互联网,33,2,300453.SZ,300453
乡村振兴;军民融合;体育产业;国企改革;数字经济;军工;数字孪生;央企国企改革;核污染防治;露营经济;安防;专精特新;储能;文化传媒概念;智能穿戴;沪股通;融资融券,17,17,601718.SH,601718
可控核聚变;军工;核电;水利;央企国企改革;智能电网;风电;房屋检测;储能;一带一路;中字头股票;长三角一体化;国企改革;PPP概念;同花顺中特估100;沪股通;融资融券,17,17,601611.SH,601611
卫星导航;商业航天;军工信息化;军民融合;军工;无人机;低空经济;安防;无人驾驶;数字孪生;传感器;海工装备;机器人概念;小米汽车;智能物流;小米概念;人工智能;人形机器人;专精特新;百度概念;新能源汽车;光纤概念,33,22,002829.SZ,002829
卫星导航;商业航天;时空大数据;低空经济;数据要素;人脸识别;飞行汽车(eVTOL);智慧城市;人工智能;东数西算(算力);安防;横琴新区;MCU芯片;芯片概念;专精特新;数据中心;汽车芯片;粤港澳大湾区;国企改革;地下管网;存储芯片;深股通;融资融券,33,23,300053.SZ,300053
成飞概念;航空发动机;大飞机;军工;无人机;低空经济;商业航天;华为汽车;长安汽车概念;专精特新;新能源汽车;国企改革;西部大开发;储能;锂电池概念;融资融券;深股通,33,17,002190.SZ,002190
ST板块;煤化工概念;换电概念;充电桩,22,4,600753.SH,600753
液冷服务器;数据中心;人民币贬值受益;军工;水利;一带一路;地下管网;军民融合;人工智能;俄乌冲突概念,33,10,002871.SZ,002871
多模态AI;华为鲲鹏;AI智能体;数据要素;军工信息化;信创;AI应用;卫星导航;6G概念;人工智能;人脸识别;语音技术;军民融合;低空经济;军工;工业互联网;5G;水利;高铁;粤港澳大湾区;核电;智能电网;国企改革;储能;抽水蓄能;深股通,33,26,300711.SZ,300711
钠离子电池;固态电池;锂电池概念;换电概念;新型烟草(电子烟);储能;两轮车;无人机;消费电子概念;共同富裕示范区;机器人概念;华为概念;华为汽车,17,13,600152.SH,600152
机器人概念;工业互联网;新能源汽车;3D打印;光伏概念;DeepSeek概念;绿色电力;沪股通,17,8,603112.SH,603112
柔性直流输电;抽水蓄能;特高压;智能电网;虚拟电厂;超超临界发电;高压快充;风电;核电;绿色电力;储能;充电桩;光伏概念;雅下水电概念;硅能源;黄金概念;海工装备;天然气;煤炭概念;新疆振兴;一带一路;数据中心;西部大开发;煤化工概念;水利;新能源汽车;雄安新区;沪股通;融资融券;工业互联网;创投;碳纤维;物联网;数字经济,17,34,600089.SH,600089
特高压;抽水蓄能;超级电容;智能电网;电力物联网;充电桩;储能;芯片概念;深股通;融资融券,33,10,002028.SZ,002028
柔性直流输电;特高压;抽水蓄能;智能电网;虚拟电厂;电力物联网;充电桩;核电;换电概念;储能;光伏概念;雅下水电概念;氢能源;一带一路;央企国企改革;水利;PPP概念;国企改革;数据中心;证金持股;芯片概念;同花顺漂亮100;沪股通;融资融券;量子科技;车联网(车路协同),17,26,600406.SH,600406
英伟达概念;中国AI 50;AI PC;东数西算(算力);5G;算力租赁;安防;人脸识别;车联网(车路协同);信创;物联网;数据安全;网络安全;智能座舱;机器视觉;消费电子概念;ETC;鸿蒙概念;智慧城市;云办公;人工智能;人形机器人;新型工业化;机器人概念;专精特新;DeepSeek概念;工业互联网;粤港澳大湾区;在线教育;智能医疗;深股通,33,31,001339.SZ,001339
芯片概念;宁德时代概念;固态电池;稀土永磁;专精特新;小金属概念;一体化压铸;氢能源;核电;回购增持再贷款概念;海峡两岸;沪股通;融资融券,17,13,603663.SH,603663
Sora概念(文生视频);短剧游戏;AIGC概念;AI应用;虚拟现实;文化传媒概念;光伏建筑一体化;装配式建筑;回购增持再贷款概念;新型城镇化;乡村振兴,17,11,605287.SH,605287
福建自贸区;海峡两岸;沪股通,17,3,601187.SH,601187
PCB概念;存储芯片;OLED;消费电子概念;芯片概念;汽车电子;毫米波雷达;注册制次新股;比亚迪概念;特斯拉概念;新能源汽车;智能座舱;海峡两岸;数据中心;无人驾驶;机器人概念;东数西算(算力);人民币贬值受益;一带一路;新股与次新股;融资融券,17,21,603175.SH,603175
粮食概念;玉米;预制菜;乳业;乡村振兴;国企改革;俄乌冲突概念;养老概念;沪股通;融资融券,17,10,600127.SH,600127
数字货币;ST板块;跨境支付(CIPS);ETC;移动支付;财税数字化;数据安全;网络安全;华为鲲鹏;区块链;互联网金融;物联网;量子科技;5G;人工智能;华为概念;专精特新,33,17,300205.SZ,300205
同花顺中特估100;装配式建筑;PPP概念;光伏概念;机器人概念;融资融券;深股通,33,7,002541.SZ,002541
智能音箱;无线耳机;智能穿戴;汽车电子;新型烟草(电子烟);毫米波雷达;小米概念;消费电子概念;传感器;智能家居;苹果概念;无人机;新能源汽车;芯片概念;华为概念;无线充电;元宇宙;一带一路,33,18,002655.SZ,002655
新能源汽车;芯片概念;3D打印;光伏概念;消费电子概念;小米概念;智能穿戴;华为概念;深股通;融资融券,33,10,301285.SZ,301285
沪股通;融资融券,17,2,600966.SH,600966
煤炭概念;超超临界发电;国企改革;回购增持再贷款概念;西部大开发;充电桩;换电概念;深股通;融资融券,33,9,001286.SZ,001286
国企改革;央企国企改革;维生素;人民币贬值受益;DeepSeek概念;沪股通;融资融券,17,7,600299.SH,600299
军工信息化;军工;华为昇腾;无人机;芯片概念;无人驾驶;人工智能;粤港澳大湾区;沪股通;融资融券,17,10,688788.SH,688788
光纤概念;铜缆高速连接;共封装光学(CPO);特高压;超导概念;超级电容;柔性直流输电;液冷服务器;光伏概念;钙钛矿电池;智能电网;风电;储能;5G;可控核聚变;数据中心;海工装备;氢能源;锂电池概念;汽车电子;固态电池;新能源汽车;6G概念;一带一路;绿色电力;东数西算(算力);碳中和;机器人概念;工业互联网;华为概念;量子科技;商业航天;低空经济;阿里巴巴概念;DeepSeek概念;数字经济;数据要素;沪股通;融资融券;证金持股;核电,17,41,600522.SH,600522
军民融合;商业航天;大飞机;军工;无人机;高端装备;央企国企改革;专精特新;国企改革;沪股通;融资融券,17,11,688586.SH,688586
黄金概念;金属铜;小金属概念;国企改革;PCB概念;融资融券;深股通,33,7,000737.SZ,000737
特钢概念;煤化工概念;国企改革;央企国企改革;高铁;新能源汽车;证金持股;数据中心;沪股通;融资融券,17,10,600808.SH,600808
华为鲲鹏;网络安全;云计算;信创;智慧政务;AI智能体;AIGC概念;元宇宙;区块链;抖音概念(字节概念);百度概念;数据要素;阿里巴巴概念;在线教育;腾讯概念;东数西算(算力);时空大数据;DeepSeek概念;人工智能;华为概念;智慧城市;安防;芯片概念;无线耳机;军工;数据中心;工业互联网;京津冀一体化;创投;一带一路;AI应用;沪股通;融资融券,17,33,600410.SH,600410
煤炭概念;国企改革;融资融券;沪股通,17,4,601101.SH,601101
航运概念;统一大市场;国企改革;一带一路;共同富裕示范区;融资融券;沪股通,17,7,601022.SH,601022
光刻胶;存储芯片;中芯国际概念;国家大基金持股;芯片概念;磷化工;国企改革;独角兽概念;沪股通;融资融券,17,10,688545.SH,688545
医疗废物处理;锂电池概念;雄安新区;固废处理;盐湖提锂;煤化工概念;污水处理;PPP概念;深股通;融资融券,33,10,300055.SZ,300055
沪股通;国企改革;西部大开发;融资融券,17,4,601838.SH,601838
统一大市场;航运概念;冷链物流;同花顺中特估100;自由贸易港;国企改革;跨境电商;中俄贸易概念;回购增持再贷款概念;央企国企改革;智能物流;一带一路;无人驾驶;机器人概念;区块链;中字头股票;融资融券;沪股通,17,18,601598.SH,601598
商业航天;卫星导航;军民融合;军工;无人机;车联网(车路协同);智慧城市;数字孪生;无人驾驶;物联网;传感器;工业互联网;黑龙江自贸区;京津冀一体化;智能物流;智能座舱;央企国企改革;中俄贸易概念;汽车电子;新能源汽车;一带一路;智能电网;国企改革;人民币贬值受益;俄乌冲突概念;2025年报预增;深股通;融资融券,33,28,000901.SZ,000901
注册制次新股;碳纤维;丙烯酸;风电;新能源汽车;专精特新;储能;光伏概念;海工装备;锂电池概念;芯片概念;新股与次新股;融资融券,17,13,601026.SH,601026
天然气;国企改革;融资融券,17,3,600333.SH,600333
央企国企改革;国企改革;高铁;低空经济;5G;华为概念;芯片概念;中字头股票;沪股通;融资融券,17,10,688009.SH,688009
跨境电商;华为概念;智能物流;比亚迪概念;特斯拉概念;融资融券,33,6,301198.SZ,301198
煤炭概念;煤化工概念;超超临界发电;民爆概念;绿色电力;国企改革;华为概念;融资融券;沪股通,17,9,600985.SH,600985
钠离子电池;磷化工;固态电池;锂电池概念;宁德时代概念;碳中和;储能;比亚迪概念;污水处理;新能源汽车;充电桩;专精特新;沪股通;融资融券,17,14,688275.SH,688275
PET铜箔;锂电池概念;特斯拉概念;新能源汽车;一带一路;苹果概念;AI眼镜;消费电子概念;一体化压铸;智能穿戴;新型工业化;小米概念;华为概念;AI PC;人民币贬值受益;深股通;融资融券,33,17,002426.SZ,002426
氢能源;可控核聚变;风电;核电;页岩气;人民币贬值受益;一带一路;沪股通;融资融券,17,9,603699.SH,603699
自由贸易港;航运概念;统一大市场;海峡两岸;一带一路;数字经济;人工智能;DeepSeek概念;数据要素;AI智能体;智谱AI;沪股通,17,12,603209.SH,603209
宁德时代概念;光伏概念;储能;充电桩;新能源汽车;数据中心;虚拟电厂;氢能源;风电;回购增持再贷款概念;深股通;融资融券;数字经济;同花顺漂亮100,33,14,300274.SZ,300274
金属铜;黄金概念;金属钴;小金属概念;金属镍;磷化工;盐湖提锂;同花顺出海50;同花顺漂亮100;宁德时代概念;沪股通;融资融券;人民币贬值受益,17,13,603993.SH,603993
军民融合;航空发动机;专精特新;融资融券;军工;无人机;减速器,151,7,920006.BJ,920006
煤炭概念;煤化工概念;超超临界发电;央企国企改革;国企改革;风电;回购增持再贷款概念;沪股通;融资融券,17,9,601918.SH,601918
2025年报预增;工业母机;专精特新;机器人概念;沪股通;融资融券,17,6,688059.SH,688059
卫星导航;商业航天;无人机;低空经济;智慧城市;安防;物联网;量子科技;人工智能;机器人概念;工业互联网;互联网金融;6G概念;信创;DeepSeek概念;智慧政务;区块链;华为汽车;粤港澳大湾区;中俄贸易概念;5G;新能源汽车;星闪概念;一带一路;汽车电子;芯片概念;俄乌冲突概念;深股通;融资融券,33,29,002583.SZ,002583
NMN概念;天然气;国企改革;钠离子电池;储能;沪股通;融资融券,17,7,603299.SH,603299
石墨电极;钠离子电池;锂电池概念;固态电池;石墨烯;可控核聚变;核电;西部大开发;碳纤维;工业互联网;参股银行;人工智能;沪股通;融资融券,17,14,600516.SH,600516
ST板块;光伏概念;TOPCON电池;BC电池;新能源汽车;京津冀一体化;NFT概念,33,7,002306.SZ,002306
军民融合;军工;低空经济;无人机;飞行汽车(eVTOL);专精特新;参股银行;融资融券,33,8,301586.SZ,301586
绿色电力;雅下水电概念;风电;2025年报预增;核电;储能;央企国企改革;国企改革;沪股通;融资融券,17,10,601991.SH,601991
军工;无人机;芯片概念;军工信息化;西部大开发;存储芯片;深股通;融资融券,33,8,301592.SZ,301592
MLOps概念;多模态AI;华为昇腾;数字水印;AIGC概念;华为鲲鹏;AI智能体;数据要素;数据安全;信创;人工智能;DeepSeek概念;华为概念;独角兽概念;AI PC;AI应用;工业互联网;沪股通;融资融券,17,19,688031.SH,688031
证金持股;深股通;融资融券;共同富裕示范区,33,4,002142.SZ,002142
中俄贸易概念;页岩气;专精特新;西部大开发;融资融券;天然气,151,6,920260.BJ,920260
人工智能;机器人概念;新型工业化;专精特新;高端装备;沪股通;融资融券,17,7,688188.SH,688188
PCB概念;先进封装;光刻机;存储芯片;富士康概念;第三代半导体;MiniLED;OLED;苹果概念;MicroLED概念;光纤概念;芯片概念;消费电子概念;AI眼镜;宁德时代概念;工业母机;3D打印;固态电池;比亚迪概念;MR(混合现实);特斯拉概念;光伏概念;锂电池概念;新能源汽车;小米概念;高端装备;储能;TOPCON电池;钙钛矿电池;HJT电池;商业航天;机器视觉;机器人概念;新型工业化;华为概念;减速器;粤港澳大湾区;物联网;深股通;融资融券,33,40,002008.SZ,002008
商业航天;卫星导航;6G概念;军民融合;军工;国产航母;WiFi 6;毫米波雷达;5G;铜缆高速连接;光纤概念;F5G概念;东数西算(算力);芯片概念;车联网(车路协同);数据中心;华为概念;物联网;共封装光学(CPO);富士康概念;汽车电子;无线耳机;PCB概念;人工智能;新能源汽车;粤港澳大湾区;深股通,33,27,300252.SZ,300252
军工信息化;军民融合;卫星导航;商业航天;大飞机;军工;无人机;6G概念;京津冀一体化;DeepSeek概念;高铁;国企改革;一带一路;回购增持再贷款概念;融资融券;沪股通,17,16,603712.SH,603712
氟化工概念;回购增持再贷款概念;维生素;青蒿素;合成生物;人民币贬值受益;深股通;融资融券;商业航天,33,9,002001.SZ,002001
证金持股;上海国企改革;参股保险;绿色电力;国企改革;抽水蓄能;风电;天然气;虚拟电厂;钒电池;氢能源;核电;沪股通;融资融券;储能,17,15,600642.SH,600642
粤港澳大湾区,17,1,603863.SH,603863
专精特新;创新药;DeepSeek概念;沪股通;融资融券,17,5,688488.SH,688488
军工信息化;量子科技;华为昇腾;多模态AI;时空大数据;军民融合;低空经济;无人机;人工智能;军工;安防;DeepSeek概念;芯片概念;融资融券,17,14,688081.SH,688081
铜缆高速连接;富士康概念;液冷服务器;新型烟草(电子烟);消费电子概念;人形机器人;比亚迪概念;数据中心;小米概念;智能座舱;新能源汽车;高压快充;储能;飞行汽车(eVTOL);机器人概念;无人机;充电桩;低空经济;深股通,33,19,300843.SZ,300843
煤化工概念;可降解塑料;锂电池概念;同花顺漂亮100;PET铜箔;沪股通;融资融券,17,7,600346.SH,600346
商业航天;卫星导航;6G概念;低空经济;WiFi 6;毫米波雷达;数字乡村;人工智能;虚拟电厂;华为概念;换电概念;5G;无人驾驶;F5G概念;铜缆高速连接;中俄贸易概念;一带一路;粤港澳大湾区;储能;乡村振兴;汽车电子;消费电子概念;华为汽车;共封装光学(CPO);深股通;融资融券,33,26,002792.SZ,002792
沪股通;2025年报预增;DeepSeek概念;海峡两岸;商业航天;融资融券,17,6,603737.SH,603737
化肥;煤化工概念;石墨电极;央企国企改革;国企改革;深股通;融资融券,33,7,000059.SZ,000059
天然气;页岩气;国企改革;西部大开发;氢能源;沪股通;融资融券,17,7,600903.SH,600903
先进封装;存储芯片;MiniLED;共封装光学(CPO);PCB概念;消费电子概念;汽车电子;芯片概念;毫米波雷达;小米概念;专精特新;5G;比亚迪概念;机器人概念;新能源汽车;储能;无人机;充电桩;军工;锂电池概念;血氧仪;粤港澳大湾区;数据中心;低空经济;工业互联网;钠离子电池;深股通;融资融券,33,28,300903.SZ,300903
苹果概念;核污染防治;军工;高端装备;无人机;宁德时代概念;军民融合;无人驾驶;机器人概念;储能;锂电池概念;工业互联网;智能电网;电力物联网;深股通,33,15,300201.SZ,300201
金属铅;金属锌;黄金概念;金属铜;小金属概念;金属钴;盐湖提锂;同花顺出海50;同花顺中特估100;锂电池概念;同花顺漂亮100;2025年报预增;沪股通;融资融券;氢能源;一带一路;国企改革;证金持股;福建自贸区,17,19,601899.SH,601899
国产航母;商业航天;大飞机;卫星导航;军民融合;军工信息化;可控核聚变;军工;低空经济;毫米波雷达;核电;量子科技;安防;水利;央企国企改革;比亚迪概念;新能源汽车;DeepSeek概念;国企改革;PCB概念;沪股通;融资融券,17,22,600990.SH,600990
共封装光学(CPO);芯片概念;消费电子概念;OLED;宁德时代概念;专精特新;传感器;固态电池;锂电池概念;新能源汽车;沪股通,17,11,603052.SH,603052
算力租赁;财税数字化;云计算;ChatGPT概念;多模态AI;腾讯概念;AI智能体;东数西算(算力);智慧政务;信创;数据要素;MR(混合现实);空间计算;数据中心;DeepSeek概念;华为概念;人工智能;数字经济;安防;智慧城市;职业教育;物联网;智能医疗;AI应用;专精特新;智能物流;旅游概念;乡村振兴;新型城镇化;深股通;融资融券,33,31,301396.SZ,301396
融资融券;化肥;光热发电;储能,151,4,920304.BJ,920304
新型工业化;机器人概念;人形机器人;工业互联网;芯片概念;数字孪生;新能源汽车;粤港澳大湾区;智能物流;人工智能;数字经济;DeepSeek概念;跨境电商;AI智能体;一带一路;统一大市场;冷链物流;航运概念;深股通;融资融券,33,20,300873.SZ,300873
可降解塑料;融资融券;京津冀一体化;人民币贬值受益;工业互联网,151,5,920163.BJ,920163
2025年报预增;卫星导航;国产航母;商业航天;储能;西部大开发;新能源汽车;融资融券;军民融合;无人驾驶;专精特新;风电;军工,151,13,920885.BJ,920885
京津冀一体化;融资融券;专精特新;核电,151,4,920703.BJ,920703
专精特新;融资融券;可控核聚变;核电,151,4,920396.BJ,920396
地下管网;ST板块;跨境电商,22,3,603021.SH,603021
医药电商;人民币贬值受益;医疗器械概念;跨境电商;沪股通;融资融券,17,6,603301.SH,603301
可降解塑料;参股银行;回购增持再贷款概念;一带一路;西部大开发;互联网金融;阿里巴巴概念;融资融券;深股通,33,9,000703.SZ,000703
绿色电力;国企改革;水利;央企国企改革;同花顺漂亮100;西部大开发;风电;沪股通;DeepSeek概念;华为概念;融资融券,17,11,600025.SH,600025
金属镍;锂电池概念;固废处理;生物质能发电;污水处理;碳交易;垃圾分类;一带一路;PPP概念;沪股通;机器人概念;融资融券,17,12,603568.SH,603568
军工信息化;卫星导航;商业航天;6G概念;军民融合;DeepSeek概念;军工;无人机;毫米波雷达;5G;芯片概念;第三代半导体;央企国企改革;国企改革;回购增持再贷款概念;先进封装;沪股通;融资融券,17,18,688375.SH,688375
同花顺中特估100;高股息精选;中字头股票;证金持股;航运概念;俄乌冲突概念;央企国企改革;国企改革;沪股通;融资融券;同花顺漂亮100;一带一路;回购增持再贷款概念;人民币贬值受益,17,14,601919.SH,601919
商业航天;第三代半导体;PCB概念;5G;光伏概念;卫星导航;军工;高端装备;毫米波雷达;数据中心;先进封装;储能;无线充电;OLED;充电桩;量子科技;芯片概念;汽车电子;新能源汽车;AI眼镜;锂电池概念;长三角一体化;智能穿戴;固废处理;创投;智能物流;乡村振兴;融资融券;沪股通,17,29,600330.SH,600330
共封装光学(CPO);光纤概念;BC电池;富士康概念;苹果概念;TOPCON电池;华为海思概念股;英伟达概念;HJT电池;芯片概念;数据中心;新型工业化;光伏概念;高端装备;新能源汽车;量子科技;华为概念;商业航天;工业互联网;股权转让(并购重组);融资融券;深股通,33,22,300757.SZ,300757
中国AI 50;数据中心;5G;阿里巴巴概念;百度概念;海工装备;华为概念;腾讯概念;智能电网;核电;高压快充;特高压;虚拟电厂;数字孪生;储能;工业互联网;拼多多概念;风电;充电桩;换电概念;新能源汽车;碳中和;水利;两轮车;深股通;融资融券,33,26,002364.SZ,002364
智能电网;核电;风电;光伏概念;储能;海工装备;绿色电力;钠离子电池;水利;专精特新;军工;机器人概念;深股通;融资融券,33,14,301120.SZ,301120
液冷服务器;富士康概念;AI PC;苹果概念;华为手机;华为海思概念股;宁德时代概念;5G;数据中心;AI眼镜;比亚迪概念;MR(混合现实);小米概念;2025三季报预增;特斯拉概念;汽车热管理;人形机器人;新能源汽车;锂电池概念;储能;光伏概念;充电桩;石墨烯;2025年报预增;华为概念;机器人概念;华为汽车;无人机;一体化压铸;工业互联网;无人驾驶;粤港澳大湾区;长安汽车概念;虚拟现实;家用电器;一带一路;智能物流;物业管理;融资融券;深股通,33,40,300602.SZ,300602
家用电器;人民币贬值受益;跨境电商;传感器;智能物流;一带一路;新型工业化;福建自贸区;机器人概念;海峡两岸;智能家居;毫米波雷达;安防;华为概念;物联网;人工智能;鸿蒙概念;沪股通,17,18,605365.SH,605365
商业航天;军工;无人机;低空经济;毫米波雷达;机器人概念;传感器;无人驾驶;比亚迪概念;芯片概念;消费电子概念;汽车电子;汽车芯片;2025年报预增;沪股通;融资融券,17,16,688002.SH,688002
水泥概念;雅下水电概念;一带一路;沪股通;融资融券,17,5,600801.SH,600801
同花顺中特估100;绿色电力;央企国企改革;国企改革;核电;一带一路;核污染防治;DeepSeek概念;中字头股票;融资融券;深股通,33,11,003816.SZ,003816
煤化工概念;固废处理;氢能源;一带一路;光热发电;储能;深股通;融资融券,33,8,002469.SZ,002469
PET铜箔;PCB概念;宁德时代概念;固态电池;5G;锂电池概念;储能;比亚迪概念;国企改革;深股通;融资融券,33,11,301217.SZ,301217
煤化工概念;可降解塑料;西部大开发;股权转让(并购重组),17,4,600844.SH,600844
天然气;证金持股;地下管网;国企改革;西部大开发;深股通;融资融券,33,7,002267.SZ,002267
共封装光学(CPO);光纤概念;5G;数据中心;芯片概念;量子科技;3D打印;海工装备;商业航天;卫星导航;无人驾驶;2025年报预增;2025三季报预增;粤港澳大湾区;横琴新区;一带一路;国企改革;股权转让(并购重组);深股通;融资融券,33,20,300620.SZ,300620
比亚迪概念;光伏概念;东数西算(算力);高端装备;储能;锂电池概念;无人驾驶;人工智能;华为昇腾;智能医疗;智慧政务;DeepSeek概念;回购增持再贷款概念;绿色电力;融资融券,33,15,301070.SZ,301070
证金持股;天然气;国企改革;绿色电力;深圳国企改革;氢能源;POE胶膜;燃料电池;光伏概念;华为数字能源;智慧城市;固态电池;沪股通;融资融券;DeepSeek概念;数据中心;百度概念,17,17,601139.SH,601139
商业航天;卫星导航;军民融合;大飞机;军工;无人机;核电;高端装备;培育钻石;机器人概念;第三代半导体;芯片概念;风电;央企国企改革;新能源汽车;智能医疗;工业母机;国企改革;中芯国际概念;深股通;融资融券,33,21,002046.SZ,002046
PPP概念;固废处理;碳交易;碳中和;生物质能发电;垃圾分类;绿色电力;可降解塑料;粤港澳大湾区;合成生物;三胎概念;人工智能;创新药;深股通;融资融券,33,15,301305.SZ,301305
绿色电力;碳交易;抽水蓄能;风电;新疆振兴;碳中和;央企国企改革;国企改革;一带一路;乡村振兴;同花顺漂亮100;DeepSeek概念;融资融券;深股通,33,14,001289.SZ,001289
商业航天;智能电网;融资融券;数据中心;特高压;阿里巴巴概念,151,6,920299.BJ,920299
福建自贸区;海峡两岸;旅游概念;乡村振兴;民营医院;化肥;合成生物;深股通;融资融券,33,9,000592.SZ,000592
黄金概念;金属铜;小金属概念;金属回收;锂电池概念;参股券商;国企改革;证金持股;沪股通;融资融券;一带一路,17,11,600362.SH,600362
商业航天;卫星导航;大飞机;军工;低空经济;同花顺新质50;核电;央企国企改革;机器视觉;华为概念;智能物流;5G;西部大开发;数据中心;小米概念;比亚迪概念;国企改革;新能源汽车;铜缆高速连接;液冷服务器;共封装光学(CPO);深股通;融资融券,33,23,002025.SZ,002025
数字经济;低空经济;军工;卫星导航;无人机;飞行汽车(eVTOL);华为概念;同花顺新质50;粤港澳大湾区;旅游概念;国企改革;风电;融资融券;深股通;中字头股票,33,15,000099.SZ,000099
POE胶膜;回购增持再贷款概念;一带一路;同花顺中特估100;光伏概念;同花顺漂亮100;深股通;融资融券,33,8,002493.SZ,002493
固废处理;污水处理;PPP概念;绿色电力;垃圾分类;国企改革;水利;机器人概念;深股通;融资融券,33,10,000544.SZ,000544
共封装光学(CPO);芯片概念;5G;数据中心;人民币贬值受益;深股通;融资融券,33,7,301205.SZ,301205
特钢概念;可控核聚变;商业航天;央企国企改革;氢能源;军工;柔性屏(折叠屏);核电;国企改革;一带一路;燃料电池;光伏概念;超超临界发电;芯片概念;华为手机;比亚迪概念;华为概念;深股通;融资融券,33,19,000825.SZ,000825
天然气;新疆振兴;西部大开发,17,3,605169.SH,605169
煤炭概念;煤化工概念;化肥;国企改革;沪股通;融资融券,17,6,600123.SH,600123
磷化工;PVDF概念;氟化工概念;氢能源;锂电池概念;俄乌冲突概念;固态电池;燃料电池;页岩气;央企国企改革;钠离子电池;国产航母;中芯国际概念;碳中和;大飞机;碳交易;西部大开发;新能源汽车;军工;芯片概念;国企改革;液冷服务器;股权转让(并购重组);沪股通;融资融券,17,25,600378.SH,600378
流感;创新药;肝炎概念;维生素;合成生物;可降解塑料;光伏概念;深股通;融资融券,33,9,002019.SZ,002019
消毒剂;回购增持再贷款概念;污水处理;一带一路;食品安全;深股通,33,6,002637.SZ,002637
可控核聚变;高端装备;商业航天;超导概念;氢能源;储能;芯片概念;一带一路;高压氧舱;回购增持再贷款概念;存储芯片;天然气;煤化工概念;国企改革;深股通;融资融券,33,16,002430.SZ,002430
军民融合;大飞机;成飞概念;国产航母;商业航天;军工;卫星导航;低空经济;无人机;车联网(车路协同);量子科技;6G概念;机器人概念;核电;换电概念;可控核聚变;专精特新;华为概念;新能源汽车;充电桩;比亚迪概念;国企改革;光伏概念;5G;特斯拉概念;储能;数据中心;智能电网;芯片概念;高压快充;光纤概念;铜缆高速连接;液冷服务器;共封装光学(CPO);深股通;融资融券;无人驾驶;中字头股票,33,38,002179.SZ,002179
天然气;俄乌冲突概念,17,2,603036.SH,603036
AIGC概念;华为鲲鹏;华为欧拉;AI智能体;云计算;数据安全;智慧政务;数据要素;信创;DeepSeek概念;人工智能;数字经济;互联网金融;数字孪生;智慧城市;AI应用;华为概念;工业互联网;数据中心;军工;专精特新;融资融券,17,22,688118.SH,688118
航空发动机;海工装备;人民币贬值受益;低空经济;中俄贸易概念;商业航天;核电;无人机;风电;西部大开发;融资融券,151,11,920943.BJ,920943
存储芯片;第三代半导体;芯片概念;华为海思概念股;比亚迪概念;专精特新;光伏概念;海峡两岸;股权转让(并购重组);融资融券,17,10,688478.SH,688478
医疗器械概念;人民币贬值受益;跨境电商;创投;养老概念;融资融券;深股通,33,7,300677.SZ,300677
盐湖提锂;锂电池概念;海峡两岸;福建自贸区;一带一路;小金属概念;中俄贸易概念;俄乌冲突概念;深股通,33,9,002785.SZ,002785
污水处理;共同富裕示范区;氢能源;燃料电池;核电;超超临界发电;专精特新;2025年报预增;融资融券,17,9,688565.SH,688565
柔性直流输电;特高压;智能电网;风电;核电;充电桩;储能;高端装备;央企国企改革;一带一路;国企改革;机器人概念;工业互联网;数字孪生;沪股通;融资融券;DeepSeek概念,17,17,600312.SH,600312
流感;维生素;肝炎概念;辅助生殖;医药电商;仿制药一致性评价;创新药;合成生物;眼科医疗;医疗器械概念;智能医疗;工业大麻;专精特新;新型烟草(电子烟);转基因;融资融券;深股通,33,17,300233.SZ,300233
共封装光学(CPO);F5G概念;光纤概念;铜缆高速连接;5G;数据中心;芯片概念;传感器;人民币贬值受益;融资融券;深股通,33,11,300570.SZ,300570
煤炭概念;超超临界发电;风电;氢能源;碳纤维;TOPCON电池;光伏概念;钠离子电池;储能;国企改革;沪股通;融资融券,17,12,600348.SH,600348
航运概念;统一大市场;冷链物流;国企改革;中俄贸易概念;碳中和;一带一路;沪股通;融资融券,17,9,600125.SH,600125
超级电容;高压快充;新能源汽车;储能;光伏概念;人形机器人;特高压;柔性直流输电;海峡两岸;军工;福建自贸区;证金持股;沪股通;融资融券,17,14,600563.SH,600563
新疆振兴;雄安新区;参股保险;西部大开发;人民币贬值受益;飞行汽车(eVTOL);低空经济;深股通;融资融券,33,9,000415.SZ,000415
稀土永磁;特钢概念;氟化工概念;回购增持再贷款概念;西部大开发;雅下水电概念;国企改革;一带一路;工业互联网;数据中心;风电;证金持股;沪股通;融资融券;储能;抽水蓄能;人工智能;中俄贸易概念,17,18,600010.SH,600010
液冷服务器;高压快充;数据中心;5G;可控核聚变;抽水蓄能;储能;新能源汽车;华为概念;2025年报预增;核电;锂电池概念;空气能热泵;成飞概念;军工;阿里巴巴概念;腾讯概念;百度概念;抖音概念(字节概念);碳中和;DeepSeek概念;深股通;融资融券,33,23,301018.SZ,301018
高端装备;机器视觉;专精特新;创投;华为概念;参股银行,17,6,603095.SH,603095
化肥;煤化工概念;钒电池;氢能源;深股通;融资融券,33,6,002274.SZ,002274
超超临界发电;抽水蓄能;绿色电力;风电;核电;天然气;碳交易;国企改革;参股银行;储能;充电桩;参股券商;深股通;融资融券,33,14,000543.SZ,000543
天然气;海工装备;专精特新;融资融券,151,4,920082.BJ,920082
证金持股;绿色电力;国企改革;西部大开发;沪股通;融资融券;回购增持再贷款概念,17,7,600674.SH,600674
商业航天;卫星导航;6G概念;无人机;低空经济;WiFi 6;毫米波雷达;柔性屏(折叠屏);同花顺果指数;车联网(车路协同);无线充电;5G;华为概念;物联网;虚拟现实;智能音箱;智能穿戴;AI眼镜;机器人概念;海峡两岸;特斯拉概念;消费电子概念;富士康概念;汽车电子;苹果概念;无线耳机;粤港澳大湾区;一带一路;回购增持再贷款概念;人民币贬值受益;深股通;融资融券,33,32,300136.SZ,300136
在线教育;职业教育;DeepSeek概念;AI应用;高股息精选;沪股通,17,6,605098.SH,605098
ERP概念;云计算;AI智能体;DeepSeek概念;数字经济;人工智能;融资融券,17,7,688479.SH,688479
液冷服务器;英伟达概念;中国AI 50;数据中心;比亚迪概念;东数西算(算力);新能源汽车;储能;华为概念;充电桩;阿里巴巴概念;腾讯概念;抖音概念(字节概念);粤港澳大湾区;家用电器;高铁;军工;冷链物流;融资融券;深股通,33,20,002837.SZ,002837
化肥;煤化工概念;碳中和;西部大开发;深股通;融资融券,33,6,000683.SZ,000683
新能源汽车;长安汽车概念;专精特新;汽车电子;车联网(车路协同);2025年报预增;融资融券,17,7,688667.SH,688667
PET铜箔;PCB概念;光伏概念;TOPCON电池;HJT电池;沪股通;融资融券,17,7,688359.SH,688359
动力电池回收;宁德时代概念;固态电池;新能源汽车;比亚迪概念;锂电池概念;长安汽车概念;钠离子电池;芯片概念;专精特新;储能;智能物流;机器人概念;人形机器人;新型工业化;机器视觉;ST板块;装配式建筑;钙钛矿电池,22,19,688646.SH,688646
专精特新;储能;机器人概念;智能物流;跨境电商;融资融券,17,6,688455.SH,688455
环氧丙烷;煤化工概念;消毒剂;氟化工概念;锂电池概念;回购增持再贷款概念;氢能源;参股银行;参股保险;燃料电池;沪股通;融资融券,17,12,601678.SH,601678
军工信息化;卫星导航;商业航天;军民融合;军工;无人机;智慧城市;人工智能;5G;机器人概念;专精特新;芯片概念;深股通;融资融券,33,14,300762.SZ,300762
医疗器械概念;专精特新;智能医疗;沪股通;融资融券,17,5,688351.SH,688351
环氧丙烷;氢能源;融资融券;煤化工概念,151,4,920832.BJ,920832
页岩气;俄乌冲突概念;天然气;地下管网;股权转让(并购重组);新型城镇化;合成生物,33,7,000407.SZ,000407
商业航天;无人机;低空经济;航空发动机;3D打印;芯片概念;5G;先进封装;高端装备;OLED;数字水印;工业母机;光纤概念;光伏概念;新能源汽车;PCB概念;风电;央企国企改革;国企改革;TOPCON电池;BC电池;融资融券;深股通,33,23,300747.SZ,300747
可控核聚变;商业航天;核电;海工装备;抽水蓄能;水利;高端装备;福建自贸区;数字经济;氢能源;东数西算(算力);雅下水电概念;阿里巴巴概念;碳中和;冰雪产业;海峡两岸;腾讯概念;物联网;华为概念;天然气;工业互联网;燃料电池;数据中心;一带一路;体育产业;冷链物流;空气能热泵;液冷服务器;深股通;融资融券,33,30,002639.SZ,002639
PPP概念;国企改革;DeepSeek概念;沪股通;融资融券,17,5,600012.SH,600012
转基因;大豆;玉米;粮食概念;土地流转;农业种植;化肥;乡村振兴;央企国企改革;国企改革;一带一路;2025年报预增;沪股通;融资融券,17,14,600313.SH,600313
氟化工概念;民爆概念;锂电池概念;液冷服务器;融资融券;沪股通,17,6,603505.SH,603505
小米概念;消费电子概念;智能穿戴;柔性屏(折叠屏);OLED;虚拟现实;专精特新;融资融券;深股通,33,9,002876.SZ,002876
军民融合;商业航天;卫星导航;军工;低空经济;无人机;民爆概念;雅下水电概念;国企改革;一带一路;新疆振兴;粤港澳大湾区;股权转让(并购重组);融资融券;深股通,33,15,002683.SZ,002683
物业管理;ST板块;国企改革;共同富裕示范区;换电概念;充电桩;智慧城市;消费电子概念;无人驾驶;车联网(车路协同);5G;智慧政务;元宇宙;云办公,33,14,000909.SZ,000909
证金持股;超超临界发电;绿色电力;国企改革;央企国企改革;风电;沪股通;融资融券;碳中和;核电,17,10,600011.SH,600011
煤炭概念;超超临界发电;航运概念;国企改革;沪股通;融资融券,17,6,600546.SH,600546
液冷服务器;光刻机;宁德时代概念;芯片概念;2025年报预增;数据中心;新能源汽车;储能;专精特新;高端装备;氢能源;换电概念;深股通;融资融券,33,14,300990.SZ,300990
猴痘概念;肝炎概念;辅助生殖;基因测序;脑机接口;医疗器械概念;智能医疗;DeepSeek概念;沪股通;融资融券,17,10,688575.SH,688575
煤炭概念;超超临界发电;证金持股;绿色电力;国企改革;央企国企改革;西部大开发;风电;沪股通;融资融券,17,10,600863.SH,600863
兵装重组概念;军民融合;军工;无人机;军工信息化;机器人概念;长安汽车概念;无人驾驶;比亚迪概念;新能源汽车;专精特新;汽车电子;央企国企改革;西部大开发;国企改革;融资融券;股权转让(并购重组);深股通,33,18,002265.SZ,002265
太赫兹;军民融合;军工;海工装备;高端装备;2025年报预增;数字孪生;人工智能;风电;专精特新;机器人概念;一带一路;天然气;垃圾分类;航运概念;深股通;融资融券,33,17,300008.SZ,300008
钠离子电池;固态电池;锂电池概念;新型烟草(电子烟);两轮车;石墨烯;储能;燃料电池;虚拟电厂;新能源汽车;充电桩;长安汽车概念;消费电子概念;无线耳机;粤港澳大湾区;小米概念;机器人概念;无人机;军工;低空经济;独角兽概念;深股通;融资融券,33,23,300438.SZ,300438
汽车电子;5G;消费电子概念;AI眼镜;芯片概念;充电桩;无人机;新能源汽车;智能穿戴;比亚迪概念;小米概念;储能;人形机器人;粤港澳大湾区;华为概念;英伟达概念;东数西算(算力);深圳国企改革;国企改革;阿里巴巴概念;融资融券;深股通,33,22,300319.SZ,300319
碳中和;污水处理;高端装备;汽车电子;传感器;芯片概念;融资融券,151,7,920145.BJ,920145
军工信息化;商业航天;军民融合;军工;安防;人工智能;核电;无人驾驶;创投;专精特新;机器人概念;新型工业化;智能家居;长安汽车概念;充电桩;比亚迪概念;储能;智能电网;新能源汽车;锂电池概念;宁德时代概念;深股通;融资融券,33,23,002519.SZ,002519
军民融合;军工;海工装备;高端装备;无人驾驶;机器视觉;小米汽车;华为概念;高铁;华为汽车;智能座舱;小米概念;比亚迪概念;专精特新;长安汽车概念;央企国企改革;芯片概念;新能源汽车;国企改革;PCB概念;民爆概念;光刻胶;页岩气;深股通,33,24,300446.SZ,300446
低空经济;军工;碳纤维;专精特新;军民融合;大飞机;新能源汽车;小米概念;融资融券,151,9,920642.BJ,920642
环氧丙烷;代糖概念;国企改革;央企国企改革;一带一路;动力电池回收;宁德时代概念;上海自贸区;中字头股票;沪股通;融资融券,17,11,600500.SH,600500
军工信息化;卫星导航;商业航天;华为昇腾;军工;无人机;DeepSeek概念;专精特新;西部大开发;2025年报预增;沪股通;融资融券,17,12,688636.SH,688636
水泥概念;一带一路;创投;西部大开发;绿色电力;储能;深股通;融资融券,33,8,000672.SZ,000672
智能医疗;人工智能;AI应用;传感器;宠物经济;融资融券,17,6,688607.SH,688607
PCB概念;共封装光学(CPO);汽车电子;5G;毫米波雷达;数据中心;人形机器人;比亚迪概念;无人机;机器人概念;粤港澳大湾区;人民币贬值受益;一带一路;深股通,33,14,300852.SZ,300852
央企国企改革;国企改革;新能源汽车;无人机;沪股通;融资融券,17,6,600782.SH,600782
新型烟草(电子烟);长三角一体化;新型工业化;苹果概念;无线充电;比亚迪概念;无线耳机;消费电子概念;汽车电子,33,9,300461.SZ,300461
PPP概念;同花顺中特估100;雅下水电概念;碳交易;国企改革;碳中和;西部大开发;一带一路;沪股通;融资融券;锂电池概念;金属铜,17,12,600039.SH,600039
卫星导航;商业航天;无人机;低空经济;无人驾驶;智慧城市;百度概念;小米汽车;机器人概念;芯片概念;比亚迪概念;水利;农机;长三角一体化;雅下水电概念;融资融券;深股通,33,17,300627.SZ,300627
粮食概念;预制菜;深圳国企改革;冷链物流;国企改革;一带一路;数字乡村;深股通,33,8,000019.SZ,000019
染料;沪股通;融资融券;创投;人工智能,17,5,600352.SH,600352
柔性直流输电;特高压;智能电网;风电;光伏概念;充电桩;储能;绿色电力;新能源汽车;专精特新;新疆振兴;军工;数据中心;融资融券,33,14,002452.SZ,002452
光纤概念;共封装光学(CPO);可控核聚变;商业航天;超导概念;5G;军工;海工装备;芯片概念;东数西算(算力);数据中心;3D打印;网络安全;数据安全;核电;华为概念;低空经济;工业互联网;2025年报预增;专精特新;比亚迪概念;新能源汽车;风电;华为汽车;一带一路;长三角一体化;沪股通;参股银行;融资融券,17,29,600105.SH,600105
污水处理;高股息精选;参股银行;回购增持再贷款概念;长三角一体化;传感器;芯片概念,17,7,603165.SH,603165
页岩气;生态农业;化肥;氢能源;碳中和;PM2.5;国企改革;乡村振兴;京津冀一体化;人民币贬值受益;深股通;融资融券,33,12,300072.SZ,300072
证金持股;同花顺中特估100;参股银行;沪股通;融资融券;同花顺漂亮100;国企改革;水利;央企国企改革;绿色电力;创投;核电;储能,17,13,600900.SH,600900
生物质能发电;污水处理;固废处理;碳交易;国企改革;垃圾分类;绿色电力;创投;沪股通;融资融券;粤港澳大湾区;智慧城市;天然气;氢能源;股权转让(并购重组),17,15,600323.SH,600323
光刻胶;中芯国际概念;国家大基金持股;存储芯片;先进封装;OLED;PCB概念;芯片概念;2025年报预增;专精特新;回购增持再贷款概念;融资融券,17,12,688720.SH,688720
网红经济,17,1,603365.SH,603365
多模态AI;云计算;AI智能体;华为鲲鹏;数据要素;区块链;百度概念;鸿蒙概念;数字经济;ETC;人脸识别;人工智能;智能医疗;智慧城市;车联网(车路协同);安防;物联网;创投;机器视觉;电力物联网;AI应用;芯片概念;AI眼镜,33,23,300448.SZ,300448
水泥概念;同花顺中特估100;证金持股;装配式建筑;国企改革;雅下水电概念;一带一路;同花顺漂亮100;沪股通;融资融券;储能,17,11,600585.SH,600585
流感;医药电商;创新药;三胎概念;西部大开发;深股通;融资融券,33,7,002287.SZ,002287
大豆;转基因;玉米;粮食概念;猪肉;农业种植;动物疫苗;俄乌冲突概念;农村电商;消毒剂;预制菜;乡村振兴;合成生物;乳业;宠物经济;京津冀一体化;数字乡村;三胎概念;融资融券;深股通;DeepSeek概念;数字经济,33,22,002385.SZ,002385
农业种植;农村电商;统一大市场;乡村振兴;冷链物流;农机;深圳国企改革;国企改革;食品安全;粤港澳大湾区;证金持股;区块链;深股通;融资融券,33,14,000061.SZ,000061
金属铅;金属锌;黄金概念;小金属概念;西部大开发;专精特新;沪股通,17,7,603132.SH,603132
特高压;抽水蓄能;风电;高端装备;核电;储能;机器人概念;无人机;军工;职业教育;低空经济;人工智能;沪股通,17,13,605056.SH,605056
天然气;新疆振兴;西部大开发,17,3,603706.SH,603706
污水处理;固废处理;盐湖提锂;融资融券,17,4,688178.SH,688178
PCB概念;OLED;柔性屏(折叠屏);专精特新;西部大开发;钙钛矿电池;沪股通;融资融券,17,8,688150.SH,688150
2025年报预增;PEEK材料;中俄贸易概念;氟化工概念;芯片概念;化肥,33,6,003017.SZ,003017
天然气;西部大开发;物联网,33,3,001299.SZ,001299
可控核聚变;军工信息化;军工;低空经济;核电;信创;飞行汽车(eVTOL);无线充电;富士康概念;比亚迪概念;两轮车;新能源汽车;光伏概念;医疗器械概念;储能;可降解塑料;深股通,33,17,002735.SZ,002735
航运概念;统一大市场;一带一路,33,3,000520.SZ,000520
共封装光学(CPO);芯片概念;储能;AI PC;固态电池;锂电池概念;商业航天;回购增持再贷款概念;华为概念;股权转让(并购重组);跨境电商;超级品牌;沪股通,17,13,603031.SH,603031
特色小镇;物业管理;土地流转;旅游概念;国企改革;养老概念;京津冀一体化;创投,17,8,600683.SH,600683
先进封装;第三代半导体;芯片概念;工业母机;传感器;高端装备;华为概念;专精特新;机器人概念;物联网;工业互联网;一带一路;深股通,33,13,300480.SZ,300480
人工智能;创投;PPP概念;污水处理;净水概念;一带一路;沪股通,17,7,603291.SH,603291
超级电容;小金属概念;高压快充;共封装光学(CPO);AI眼镜;汽车电子;光伏概念;5G;锂电池概念;储能;传感器;商业航天;无人机;比亚迪概念;智能穿戴;卫星导航;液冷服务器;国企改革;机器人概念;粤港澳大湾区;低空经济;创投;华为概念;东数西算(算力);深股通;融资融券,33,26,000636.SZ,000636
光纤概念;共封装光学(CPO);军工;海工装备;芯片概念;汽车热管理;专精特新;DeepSeek概念;沪股通;融资融券,17,10,688143.SH,688143
同花顺出海50;露营经济;沪股通;融资融券;汽车热管理;新能源汽车;冷链物流;无人驾驶;车联网(车路协同);DeepSeek概念;燃料电池;氢能源;动力电池回收,17,13,600066.SH,600066
无人驾驶;机器人概念;机器视觉;生态农业;融资融券;高端装备;车联网(车路协同);传感器;新型城镇化;军民融合;专精特新;卫星导航;农机;军工;商业航天;安防;无人机;DeepSeek概念,151,18,920363.BJ,920363
太赫兹;军工信息化;卫星导航;商业航天;6G概念;军民融合;军工;低空经济;无人机;华为概念;无人驾驶;家用电器;国企改革;深股通;融资融券,33,15,300342.SZ,300342
转基因;玉米;粮食概念;农业种植;生态农业;乡村振兴;俄乌冲突概念;国企改革;基因测序;深股通;融资融券;鸿蒙概念,33,12,000998.SZ,000998
可控核聚变;商业航天;核电;军工;海工装备;高端装备;风电;超超临界发电;机器人概念;一带一路;西部大开发;国企改革;航运概念;深股通;融资融券,33,15,002366.SZ,002366
光伏概念;智能电网;氢能源;宁德时代概念;储能;可控核聚变;绿色电力;一带一路;专精特新;数据中心;融资融券;深股通,33,12,300827.SZ,300827
超超临界发电;绿色电力;国企改革;核电;可控核聚变;沪股通;融资融券,17,7,600023.SH,600023
专精特新;一带一路;高端装备;融资融券,17,4,688633.SH,688633
天然气;国企改革;氢能源;换电概念,17,4,603689.SH,603689
ST板块;医疗器械概念;三胎概念;机器人概念;IP经济(谷子经济);区块链;人工智能;光伏概念;TOPCON电池,22,9,603398.SH,603398
商业航天;军工信息化;卫星导航;军民融合;大飞机;军工;西部大开发;沪股通;融资融券,17,9,688311.SH,688311
托育服务;新能源汽车;特斯拉概念;家用电器;传感器;机器人概念;宁德时代概念;创投;小米概念;智能家居;三胎概念;汽车电子;物联网;5G;智慧城市;独角兽概念;在线教育;腾讯概念,33,18,300279.SZ,300279
固态电池;机器人概念;氢能源;人民币贬值受益;体育产业,33,5,300819.SZ,300819
区块链;华为概念;苹果概念,33,3,300736.SZ,300736
国企改革;新能源汽车;华为汽车;特斯拉概念;长安汽车概念;参股保险;比亚迪概念;机器人概念;传感器;无人驾驶;芯片概念;小米概念;低空经济;机器视觉;智能座舱;沪股通;融资融券,17,17,600742.SH,600742
高股息精选;航运概念;冷链物流;统一大市场;智能物流;数据要素;融资融券;沪股通,17,8,603565.SH,603565
氢能源;核电;海工装备;新型工业化;中俄贸易概念;一带一路;固废处理;天然气,17,8,605167.SH,605167
维生素;农业种植;工业大麻;医药电商;养老概念;旅游概念;数字经济;工业互联网;沪股通,17,9,603896.SH,603896
雅下水电概念;核电;新能源汽车;机器人概念;芯片概念;高铁;碳中和;小米概念;医疗器械概念;水利;汽车芯片;海工装备;基因测序;汽车电子;房屋检测;核污染防治;辅助生殖;无人机;低空经济;土壤修复;物联网;数据中心;宠物经济;食品安全;星闪概念;华为概念;人工智能;创新药;航运概念;车联网(车路协同);商业航天;猴痘概念;CRO概念;PCB概念;数字经济;流感;互联网金融;网络安全;深股通;融资融券,33,40,300012.SZ,300012
乡村振兴;人民币贬值受益;沪股通,17,3,605198.SH,605198
共封装光学(CPO);科创次新股;汽车芯片;5G;MCU芯片;芯片概念;数据中心;注册制次新股;海峡两岸;新股与次新股;融资融券,17,11,688807.SH,688807
绿色电力;乡村振兴;国企改革;央企国企改革;西部大开发;2025三季报预增;2025年报预增;深股通;融资融券,33,9,002039.SZ,002039
军工信息化;卫星导航;商业航天;军工;低空经济;毫米波雷达;5G;人工智能;融资融券,17,9,688682.SH,688682
卫星导航;低空经济;军工;同花顺新质50;毫米波雷达;芯片概念;MCU芯片;专精特新;2025三季报预增;2025年报预增;沪股通;融资融券,17,12,688522.SH,688522
稀土永磁;股权转让(并购重组);煤炭概念;2025年报预增;深股通;融资融券,33,6,000612.SZ,000612
创投;超级品牌;沪股通;融资融券,17,4,603156.SH,603156
ST板块;肝炎概念;医疗器械概念;新型城镇化,33,4,000518.SZ,000518
卫星导航;商业航天;人民币贬值受益;专精特新;军工;高端装备;核电;绿色电力;风电;融资融券,33,10,301040.SZ,301040
高股息精选;跨境支付(CIPS);沪股通;融资融券,17,4,600016.SH,600016
磷化工;化肥;盐湖提锂;西部大开发;参股银行;深股通;AI智能体;融资融券,33,8,002895.SZ,002895
化肥;煤化工概念;消毒剂;天然气;氢能源;回购增持再贷款概念;国企改革;光伏概念;燃料电池;一带一路;储能;机器人概念;股权转让(并购重组);沪股通;融资融券,17,15,600691.SH,600691
高压快充;小米概念;新能源汽车;储能;换电概念;充电桩;注册制次新股;粤港澳大湾区;深股通;新股与次新股;融资融券,33,11,301590.SZ,301590
高股息精选;天然气;回购增持再贷款概念;DeepSeek概念;沪股通,17,5,605368.SH,605368
共封装光学(CPO);特斯拉概念;智能电网;专精特新;数据中心;储能;光伏概念;HJT电池;华为概念;钠离子电池;风电;东数西算(算力);沪股通;融资融券,17,14,688226.SH,688226
国企改革;西部大开发;碳中和;天然气;氢能源;充电桩;沪股通,17,7,603053.SH,603053
钠离子电池;固态电池;锂电池概念;储能;专精特新;绿色电力;两轮车;数据中心;人民币贬值受益;2025年报预增;低空经济;沪股通;融资融券,17,13,688063.SH,688063
页岩气;污水处理;一带一路;融资融券,33,4,002476.SZ,002476
民爆概念;新疆振兴;央企国企改革;国企改革;绿色电力;雅下水电概念;一带一路;风电;水利;创投;军工;军民融合;新能源汽车;专精特新;工业互联网;比亚迪概念;独角兽概念;深股通;人工智能;多模态AI;AI语料,33,21,002226.SZ,002226
新型烟草(电子烟);液冷服务器;共封装光学(CPO);固态电池;宁德时代概念;苹果概念;锂电池概念;比亚迪概念;消费电子概念;芯片概念;2025年报预增;无线耳机;AI眼镜;新型工业化;机器视觉;智能穿戴;人形机器人;机器人概念;华为概念;工业互联网;粤港澳大湾区;虚拟现实;物联网;无人机;低空经济;智能物流;融资融券;深股通,33,28,002957.SZ,002957
环氧丙烷;煤化工概念;POE胶膜;回购增持再贷款概念;锂电池概念;光伏概念;碳纤维;同花顺漂亮100;工业互联网;深股通;融资融券,33,11,000301.SZ,000301
证金持股;超超临界发电;绿色电力;煤炭概念;国企改革;虚拟电厂;央企国企改革;风电;氢能源;沪股通;融资融券;股权转让(并购重组),17,12,600027.SH,600027
共封装光学(CPO);F5G概念;光纤概念;芯片概念;5G;数据中心;2025年报预增;专精特新;沪股通;融资融券,17,10,688313.SH,688313
专精特新;沪股通;融资融券,17,3,688625.SH,688625
商业航天;航空发动机;大飞机;低空经济;无人机;核电;工业互联网;专精特新;机器人概念;风电;融资融券,33,11,301232.SZ,301232
天然气;国企改革;碳交易;西部大开发;央企国企改革;沪股通;融资融券,17,7,600917.SH,600917
粤港澳大湾区;人民币贬值受益;融资融券,33,3,301588.SZ,301588
航运概念;中韩自贸区;国企改革;统一大市场;回购增持再贷款概念;中俄贸易概念;沪股通;融资融券;区块链,17,9,601880.SH,601880
钠离子电池;动力电池回收;固态电池;锂电池概念;宁德时代概念;高压快充;储能;国企改革;央企国企改革;飞行汽车(eVTOL);无人机;低空经济;融资融券;沪股通,17,14,688779.SH,688779
ST板块;POE胶膜;合成生物;光伏概念;宠物经济;股权转让(并购重组),33,6,002868.SZ,002868
金属铅;金属锌;小金属概念;黄金概念;金属回收;西部大开发;央企国企改革;国企改革;军工;光纤概念;沪股通;融资融券,17,12,600497.SH,600497
国企改革;移动支付;融资融券;深股通,33,4,002966.SZ,002966
华为鲲鹏;数据安全;云计算;信创;鸿蒙概念;数据要素;阿里巴巴概念;抖音概念(字节概念);腾讯概念;百度概念;互联网金融;DeepSeek概念;数字经济;人工智能;东数西算(算力);华为概念;工业互联网;数据中心;AI应用;融资融券,17,20,688229.SH,688229
跨境支付(CIPS);一带一路;融资融券;深股通,33,4,002948.SZ,002948
高端装备;长三角一体化;工业互联网;新能源汽车;华为概念;中俄贸易概念;人工智能;AIGC概念;煤炭概念;融资融券,17,10,603012.SH,603012
智能穿戴;消费电子概念;AI眼镜;华为概念;跨境电商;东数西算(算力);股权转让(并购重组);融资融券,33,8,300868.SZ,300868
医药电商;流感;冷链物流;芬太尼;国企改革;央企国企改革;沪股通;融资融券,17,8,600511.SH,600511
智能电网;虚拟电厂;风电;光伏概念;储能;充电桩;绿色电力;光伏建筑一体化;锂电池概念;特斯拉概念;一带一路;数据中心;机器人概念;物联网;人工智能;阿里巴巴概念;沪股通;融资融券,17,18,601877.SH,601877
新型城镇化;建筑节能;雄安新区;智慧城市;专精特新;华为概念;人工智能;蚂蚁集团概念;回购增持再贷款概念;数据要素;信创;华为鲲鹏;融资融券,33,13,301197.SZ,301197
共封装光学(CPO);同花顺果指数;苹果概念;消费电子概念;WiFi 6;汽车电子;芯片概念;5G;无线耳机;AI眼镜;智能穿戴;新能源汽车;智能座舱;物联网;一带一路;沪股通;融资融券;医疗器械概念;元宇宙,17,19,601231.SH,601231
特高压;抽水蓄能;智能电网;虚拟电厂;超超临界发电;风电;核电;充电桩;绿色电力;储能;雅下水电概念;高铁;高端装备;水利;央企国企改革;新疆振兴;机器人概念;国企改革;雄安新区;商业航天;华为概念;人工智能;DeepSeek概念;数据要素;AI智能体;沪股通;融资融券,17,27,600268.SH,600268
AI应用;智能电网;电力物联网;虚拟电厂;多模态AI;量子科技;数据中心;东数西算(算力);算力租赁;网络安全;国产操作系统;数字孪生;芯片概念;鸿蒙概念;数据要素;人工智能;DeepSeek概念;区块链;物联网;数字经济;传感器;注册制次新股;卫星导航;无人机;粤港澳大湾区;碳中和;国企改革;央企国企改革;深股通;新股与次新股;融资融券,33,31,301638.SZ,301638
中字头股票;证金持股;央企国企改革;同花顺中特估100;核电;国企改革;风电;绿色电力;机器人概念;可控核聚变;DeepSeek概念;储能;光伏概念;钙钛矿电池;沪股通;融资融券,17,16,601985.SH,601985
磷化工;化肥;生态农业;土地流转;锂电池概念;转基因;农村电商;2025三季报预增;钠离子电池;垃圾分类;乡村振兴;2025年报预增;无人机;物联网;数字乡村;人工智能;深股通,33,17,002170.SZ,002170
汽车热管理;风电;煤炭概念;新能源汽车;储能;中俄贸易概念;华为汽车;回购增持再贷款概念;比亚迪概念;长安汽车概念;高铁;机器人概念;军工;沪股通;融资融券;华为概念;DeepSeek概念,17,17,601717.SH,601717
超超临界发电;2025年报预增;绿色电力;风电;氢能源;国企改革;证金持股;沪股通;融资融券;京津冀一体化;蚂蚁集团概念,17,11,600578.SH,600578
液冷服务器;数据中心;汽车热管理;比亚迪概念;小米汽车;新能源汽车;华为概念;华为汽车;飞行汽车(eVTOL);长安汽车概念;储能;无人机;低空经济;军工;成飞概念;氢能源;军民融合;西部大开发;深股通,33,19,300547.SZ,300547
黄金概念;小金属概念;金属回收;俄乌冲突概念;西部大开发;氢能源;固废处理;国企改革;芯片概念;燃料电池;PM2.5;专精特新;军工;脑机接口;新能源汽车;华为概念;沪股通;融资融券,17,18,600459.SH,600459
磷化工;消毒剂;污水处理;动力电池回收;锂电池概念;烟草;盐湖提锂;沪股通;融资融券,17,9,603867.SH,603867
民爆概念;新疆振兴;国企改革;央企国企改革;雅下水电概念;一带一路;军工;军民融合;深股通,33,9,002096.SZ,002096
共享单车;机器人概念;无人驾驶;两轮车;物联网;养老概念;旅游概念;燃料电池;芯片概念;氢能源;蚂蚁集团概念;存储芯片;沪股通;股权转让(并购重组);融资融券,17,15,603776.SH,603776
国企改革;京津冀一体化,17,2,600791.SH,600791
农业种植;新疆振兴;乡村振兴;国企改革;西部大开发;央企国企改革;沪股通;融资融券;中字头股票,17,9,600737.SH,600737
同花顺中特估100;证金持股;绿色电力;抽水蓄能;国企改革;央企国企改革;沪股通;融资融券,17,8,600886.SH,600886
光伏概念;储能;专精特新;回购增持再贷款概念;人民币贬值受益;沪股通;融资融券,17,7,688032.SH,688032
金属铜;黄金概念;磷化工;同花顺出海50;一带一路;人民币贬值受益;沪股通;融资融券,17,8,603979.SH,603979
煤炭概念;煤化工概念;国企改革;沪股通;融资融券,17,5,600997.SH,600997
商业航天;军民融合;军工;低空经济;同花顺新质50;碳纤维;机器视觉;芯片概念;传感器;机器人概念;专精特新;工业母机;医疗器械概念;国企改革;证金持股;深股通;融资融券,33,17,002338.SZ,002338
海南自贸区;粮食概念;国企改革;一带一路;京津冀一体化;网红经济;融资融券,33,7,000505.SZ,000505
国产航母;航空发动机;大飞机;军民融合;商业航天;军工;无人机;高端装备;央企国企改革;国企改革;深股通;融资融券,33,12,000738.SZ,000738
钒电池;储能;国企改革,17,3,600319.SH,600319
PCB概念;存储芯片;共封装光学(CPO);先进封装;芯片概念;5G;毫米波雷达;6G概念;机器人概念;粤港澳大湾区;军工;华为概念;低空经济;商业航天;深股通;融资融券,33,16,002436.SZ,002436
中船系;国产航母;军工信息化;军工;商业航天;卫星导航;海工装备;量子科技;车联网(车路协同);智慧城市;央企国企改革;核电;无人驾驶;毫米波雷达;风电;国企改革;芯片概念;新能源汽车;比亚迪概念;天然气;汽车芯片;中字头股票;沪股通;融资融券,17,24,600764.SH,600764
家庭医生;海峡两岸;智慧城市;文化传媒概念;创投;独角兽概念;数字经济;智能医疗;人工智能;国企改革;医疗器械概念;东数西算(算力);充电桩;数据中心;2025年报预增;摘帽,33,16,300300.SZ,300300
注册制次新股;生物质能发电;专精特新;化肥;融资融券;新股与次新股,17,6,603334.SH,603334
特钢概念;可控核聚变;海工装备;核电;超超临界发电;回购增持再贷款概念;同花顺出海50;融资融券;深股通,33,9,002318.SZ,002318
物联网;智能物流;核电;一带一路;人民币贬值受益;医疗器械概念;天然气;深股通;融资融券,33,9,301559.SZ,301559
同花顺中特估100;证金持股;特钢概念;参股银行;央企国企改革;国企改革;石墨电极;同花顺漂亮100;一带一路;核电;沪股通;融资融券;新能源汽车;特斯拉概念;AI智能体,17,15,600019.SH,600019
智能音箱;智能穿戴;无线耳机;AI眼镜;电子竞技;语音技术;虚拟现实;MR(混合现实);消费电子概念;物联网;抖音概念(字节概念);百度概念;专精特新;智能医疗;跨境电商;医疗器械概念;人民币贬值受益;一带一路;深股通;融资融券,33,20,301383.SZ,301383
PCB概念;富士康概念;存储芯片;先进封装;苹果概念;国家大基金持股;汽车电子;5G;2025年报预增;芯片概念;新能源汽车;数据中心;粤港澳大湾区;华为概念;深股通;国企改革;央企国企改革;融资融券,33,18,002916.SZ,002916
海南自贸区;转基因;玉米;粮食概念;土地流转;生态农业;农业种植;乡村振兴;合成生物;融资融券,33,10,300189.SZ,300189
环氧丙烷;可降解塑料;氢能源;国企改革;碳纤维;深股通;融资融券,33,7,002408.SZ,002408
绿色电力;国企改革;乡村振兴;一带一路;深股通;融资融券,33,6,000755.SZ,000755
草甘膦;高股息精选;化肥;乡村振兴;磷化工;西部大开发;深股通,33,7,002749.SZ,002749
商业航天;军工;军民融合;无人机;东数西算(算力);低空经济;碳纤维;智能穿戴;车联网(车路协同);华为概念;无人驾驶;机器人概念;人工智能;人形机器人;PEEK材料;粤港澳大湾区;雄安新区;深股通;AI应用;股权转让(并购重组);融资融券,33,21,002625.SZ,002625
证金持股;绿色电力;超超临界发电;国企改革;天然气;央企国企改革;抽水蓄能;风电;回购增持再贷款概念;页岩气;储能;核电;深股通;融资融券,33,14,000883.SZ,000883
消毒剂;丙烯酸;国企改革;POE胶膜;ST板块;央企国企改革,33,6,000698.SZ,000698
燃料电池;氢能源;回购增持再贷款概念;军工;军民融合,17,5,603798.SH,603798
商业航天;卫星导航;大飞机;可控核聚变;成飞概念;军工;核污染防治;核电;高端装备;无人驾驶;新型工业化;机器人概念;光热发电;央企国企改革;新能源汽车;长三角一体化;氢能源;充电桩;特高压;国企改革;垃圾分类;天然气;煤化工概念;沪股通;融资融券,17,25,600501.SH,600501
创投;储能;2025年报预增;融资融券,33,4,300877.SZ,300877
F5G概念;共封装光学(CPO);光纤概念;液冷服务器;5G;数据中心;6G概念;东数西算(算力);芯片概念;华为概念;量子科技;抖音概念(字节概念);阿里巴巴概念;腾讯概念;百度概念;央企国企改革;国企改革;深股通;融资融券,33,19,002281.SZ,002281
代糖概念;玉米;合成生物;国企改革;沪股通;融资融券,17,6,600866.SH,600866
氢能源;核电;石墨烯;水利;回购增持再贷款概念;天然气;国企改革;地下管网;新型城镇化,33,9,002443.SZ,002443
2025年报预增;医疗器械概念;创新药;医美概念;人民币贬值受益;3D打印;沪股通;融资融券,17,8,688356.SH,688356
国产航母;大飞机;军民融合;军工;商业航天;无人机;低空经济;央企国企改革;国企改革;西部大开发;证金持股;深股通;融资融券;中字头股票,33,14,000768.SZ,000768
军工信息化;军民融合;军工;专精特新;黑龙江自贸区;融资融券,17,6,688011.SH,688011
化肥;磷化工;大豆;生态农业;氟化工概念;农村电商;锂电池概念;乡村振兴;深股通;融资融券;数字乡村,33,11,000902.SZ,000902
环氧丙烷;煤化工概念;POE胶膜;丙烯酸;可降解塑料;锂电池概念;绿色电力;国企改革;证金持股;同花顺出海50;同花顺漂亮100;碳纤维;沪股通;融资融券;低空经济;AIGC概念,17,16,600309.SH,600309
转基因;玉米;粮食概念;农业种植;生态农业;供销社;乡村振兴;国企改革;西部大开发;融资融券,17,10,600354.SH,600354
生物疫苗;肝炎概念;国企改革;合成生物;深股通,33,5,002880.SZ,002880
同花顺中特估100;国企改革;高铁;沪股通;融资融券,17,5,601816.SH,601816
PCB概念;AI PC;共封装光学(CPO);MiniLED;先进封装;苹果概念;5G;汽车电子;消费电子概念;第三代半导体;6G概念;存储芯片;比亚迪概念;商业航天;液冷服务器;卫星导航;智能穿戴;军工;新能源汽车;数据中心;无人驾驶;机器人概念;充电桩;EDR概念;华为概念;物联网;沪股通;融资融券,17,28,603936.SH,603936
可燃冰;天然气;同花顺出海50;海工装备;氢能源;风电;核电;航运概念;储能;一带一路;雄安新区;商业航天;数据中心;冷链物流;机器人概念;统一大市场;无人驾驶;智能物流;粤港澳大湾区;机器视觉;物联网;参股券商;深股通;融资融券;人工智能;DeepSeek概念;AI应用;智谱AI,33,28,000039.SZ,000039
天然气;绿色电力;碳交易;钒电池;国企改革;抽水蓄能;氢能源;风电;储能;光伏概念;京津冀一体化;DeepSeek概念;AI智能体;融资融券;沪股通,17,15,600956.SH,600956
自由贸易港;宁德时代概念;海峡两岸;统一大市场;一带一路;航运概念;中俄贸易概念;区块链;2025年报预增;沪股通;融资融券,17,11,600179.SH,600179
特斯拉概念;减速器;无人驾驶;新能源汽车;专精特新;一带一路;深股通;融资融券,33,8,301398.SZ,301398
人形机器人;无人驾驶;新型工业化;机器人概念;比亚迪概念;新能源汽车;物联网;智能物流;专精特新;人工智能;数字孪生;融资融券,17,12,688251.SH,688251
同花顺中特估100;证金持股;跨境支付(CIPS);沪股通;融资融券,17,5,601939.SH,601939
PVDF概念;氟化工概念;环氧丙烷;2025三季报预增;液冷服务器;一带一路;2025年报预增;共同富裕示范区;智能物流;沪股通;融资融券,17,11,605020.SH,605020
MCU芯片;东数西算(算力);汽车芯片;英伟达概念;人工智能;芯片概念;无线充电;存储芯片;融资融券;沪股通,17,10,688385.SH,688385
太赫兹;军工信息化;卫星导航;商业航天;6G概念;军民融合;军工;量子科技;无人机;毫米波雷达;华为概念;5G;华为海思概念股;西部大开发;国企改革;光纤概念;消费电子概念;铜缆高速连接;共封装光学(CPO);深股通;融资融券,33,21,301517.SZ,301517
同花顺中特估100;国企改革;央企国企改革;国资云;数据要素;DeepSeek概念;区块链;云计算;卫星导航;物联网;量子科技;商业航天;AI应用;6G概念;中国AI 50;数据中心;5G;中字头股票;融资融券;沪股通,17,20,601728.SH,601728
航运概念;参股银行;同花顺中特估100;国企改革;回购增持再贷款概念;央企国企改革;储能;上海自贸区;数字经济;沪股通;融资融券;中字头股票,17,12,601866.SH,601866
存储芯片;先进封装;芯片概念;专精特新;沪股通;融资融券,17,6,688300.SH,688300
网红经济;三胎概念;智能家居;深股通;融资融券,33,5,002293.SZ,002293
光刻机;先进封装;PCB概念;OLED;2025年报预增;芯片概念;光刻胶;专精特新;BC电池;光伏概念;高端装备;融资融券;沪股通,17,13,688630.SH,688630
充电桩;数据中心;专精特新;5G;比亚迪概念;海峡两岸;高压快充;小米概念;新能源汽车;富士康概念;无人驾驶;WiFi 6;数字货币;融资融券,33,14,301577.SZ,301577
沪股通;融资融券,17,2,600926.SH,600926
芯片概念;毫米波雷达;汽车电子;机器视觉;传感器;无人驾驶;无人机;商业航天;车联网(车路协同);低空经济;军工;安防;机器人概念;华为概念;军民融合;高端装备;华为昇腾;智能家居;深股通;融资融券,33,20,002414.SZ,002414
同花顺中特估100;超级品牌;国企改革;移动支付;国资云;数据要素;DeepSeek概念;虚拟数字人;ChatGPT概念;人工智能;AI应用;云计算;卫星导航;元宇宙;多模态AI;量子科技;东数西算(算力);6G概念;5G;中国AI 50;AI智能体;数字经济;中字头股票;融资融券;沪股通,17,25,600941.SH,600941
证金持股;跨境支付(CIPS);沪股通;融资融券,17,4,600015.SH,600015
智能电网;风电;虚拟电厂;绿色电力;固废处理;光伏概念;华为数字能源;碳中和;建筑节能;央企国企改革;2025三季报预增;国企改革;乡村振兴;融资融券;深股通,33,15,003035.SZ,003035
金属锌;金属铅;金属铜;黄金概念;金属钴;小金属概念;金属镍;金属回收;国企改革;期货概念;DeepSeek概念;深股通;融资融券,33,13,000060.SZ,000060
军工信息化;太赫兹;卫星导航;6G概念;商业航天;军民融合;车联网(车路协同);军工;毫米波雷达;华为概念;5G;物联网;无人驾驶;芯片概念;汽车电子;粤港澳大湾区;回购增持再贷款概念;智能电网;深股通;融资融券,33,20,002446.SZ,002446
中字头股票;航运概念;央企国企改革;国企改革;回购增持再贷款概念;自由贸易港;人民币贬值受益;沪股通;DeepSeek概念;粤港澳大湾区;比亚迪概念;融资融券,17,12,600428.SH,600428
沪股通,17,1,600370.SH,600370
地下管网;物联网;传感器;机器人概念;智能电网;工业互联网;人工智能;柔性直流输电;MR(混合现实);风电;光纤概念;融资融券,17,12,688450.SH,688450
特钢概念;海峡两岸;国企改革;旅游概念;核电;数据中心;深股通;融资融券,33,8,002110.SZ,002110
天然气;氢能源;新疆振兴;西部大开发;股权转让(并购重组),17,5,603080.SH,603080
专精特新;新能源汽车;光伏概念;比亚迪概念;芯片概念;储能;燃料电池;宁德时代概念;固态电池;低空经济;华为概念;氢能源;融资融券,17,13,688551.SH,688551
统一大市场;PPP概念;一带一路;冷链物流;中俄贸易概念;智能物流;沪股通;融资融券,17,8,603871.SH,603871
股权转让(并购重组);风电;储能;新能源汽车;沪股通,17,5,603988.SH,603988
商业航天;核电;高压快充;智能电网;5G;虚拟电厂;数据中心;光伏概念;充电桩;储能;比亚迪概念;PCB概念;专精特新;工业互联网;高铁;腾讯概念;数字经济;西部大开发,33,18,002927.SZ,002927
专精特新;减速器;高端装备;机器人概念;光伏概念;海工装备;沪股通;股权转让(并购重组),17,8,605389.SH,605389
军工信息化;商业航天;卫星导航;大飞机;军工;网络安全;信创;数据要素;DeepSeek概念;华为概念;数据中心;央企国企改革;国企改革;沪股通;融资融券,17,15,688562.SH,688562
物业管理;装配式建筑;养老概念;沪股通;融资融券,17,5,601155.SH,601155
证金持股;跨境支付(CIPS);同花顺中特估100;沪股通;融资融券,17,5,601288.SH,601288
新型工业化;工业母机;高端装备;共同富裕示范区;融资融券;沪股通,17,6,601882.SH,601882
人形机器人;毫米波雷达;小米汽车;碳纤维;特斯拉概念;比亚迪概念;无人机;新能源汽车;华为汽车;长安汽车概念;百度概念;融资融券,33,12,301133.SZ,301133
智能电网;电力物联网;充电桩;储能;光伏概念;一带一路;人民币贬值受益;物联网;DeepSeek概念;沪股通;融资融券,17,11,603556.SH,603556
新疆振兴;国企改革;深股通,33,3,000949.SZ,000949
新疆振兴;天然气;民爆概念;化肥;国企改革;西部大开发;无人驾驶;人工智能;华为概念;沪股通;融资融券,17,11,603227.SH,603227
特钢概念;国企改革;雄安新区;京津冀一体化;创投;新能源汽车;特斯拉概念;机器人概念;2025年报预增;DeepSeek概念;人形机器人;深股通;融资融券,33,13,000959.SZ,000959
超超临界发电;抽水蓄能;证金持股;绿色电力;国企改革;风电;央企国企改革;沪股通;融资融券,17,9,600795.SH,600795
煤炭概念;煤化工概念;国企改革;回购增持再贷款概念;京津冀一体化;深股通;融资融券,33,7,000937.SZ,000937
超超临界发电;碳交易;国企改革;参股保险;信托概念;虚拟电厂;储能;深股通;工业互联网;融资融券,33,10,002608.SZ,002608
第三代半导体;超超临界发电;芯片概念;智能电网;抽水蓄能;绿色电力;一带一路;AI眼镜;新疆振兴;国企改革;西部大开发;天然气;融资融券;沪股通,17,14,600509.SH,600509
专精特新;工业互联网;融资融券,17,3,603391.SH,603391
医药电商;证金持股;白酒概念;参股银行;国企改革;沪股通;融资融券;央企国企改革;回购增持再贷款概念;数字经济,17,10,600750.SH,600750
信托概念;京津冀一体化;雄安新区;绿色电力;乡村振兴;核电;国企改革;风电;央企国企改革;期货概念;深股通;融资融券,33,12,000958.SZ,000958
太赫兹;军民融合;军工信息化;卫星导航;军工;时空大数据;海工装备;无人机;低空经济;量子科技;车联网(车路协同);安防;智慧城市;智慧灯杆;毫米波雷达;人工智能;东数西算(算力);华为概念;无人驾驶;5G;算力租赁;数据中心;机器人概念;传感器;芯片概念;西部大开发;先进封装;深股通;融资融券,33,29,300397.SZ,300397
职业教育;数字孪生;人工智能;虚拟现实;元宇宙;车联网(车路协同);军民融合;军工信息化;军工;高铁;机器视觉;大飞机;专精特新;航空发动机;一带一路,33,15,300845.SZ,300845
特钢概念;同花顺中特估100;国企改革;绿色电力;回购增持再贷款概念;海工装备;核电;高铁;军工;新能源汽车;深股通;融资融券;华为概念,33,13,000932.SZ,000932
柔性直流输电;特高压;抽水蓄能;智能电网;虚拟电厂;电力物联网;高压快充;充电桩;可控核聚变;光伏概念;储能;换电概念;氢能源;高端装备;新疆振兴;一带一路;央企国企改革;新能源汽车;国企改革;数据中心;无线充电;人形机器人;深股通;融资融券;DeepSeek概念;鸿蒙概念,33,26,000400.SZ,000400
抽水蓄能;可控核聚变;光热发电;核电;超超临界发电;风电;光伏概念;储能;氢能源;燃料电池;高端装备;雅下水电概念;新能源汽车;工业互联网;央企国企改革;西部大开发;国企改革;人工智能;DeepSeek概念;乡村振兴;沪股通;融资融券;ChatGPT概念,17,23,600875.SH,600875
特钢概念;煤化工概念;商业航天;可燃冰;C2M概念;国企改革;海工装备;核电;一带一路;创投;数字经济;数据要素;工业互联网;人工智能;污水处理;机器人概念;人形机器人;融资融券;沪股通,17,19,600282.SH,600282
中国AI 50;汽车芯片;国产操作系统;东数西算(算力);同花顺新质50;阿里巴巴概念;先进封装;数据中心;芯片概念;人工智能;沪股通;融资融券,17,12,688256.SH,688256
石墨烯;新疆振兴;西部大开发;一带一路;一体化压铸;军工;沪股通;融资融券,17,8,600888.SH,600888
AI智能体;DeepSeek概念;人工智能;车联网(车路协同);物联网;5G;机器视觉;工业互联网;电力物联网;跨境电商;专精特新;机器人概念;智能电网;融资融券,17,14,688080.SH,688080
转基因;玉米;粮食概念;农业种植;化肥;乡村振兴;黑龙江自贸区;回购增持再贷款概念,17,8,600371.SH,600371
中芯国际概念;国家大基金持股;存储芯片;光刻胶;OLED;芯片概念;氟化工概念;磷化工;专精特新;特高压;海工装备;天然气;深股通;融资融券,33,14,002409.SZ,002409
共封装光学(CPO);华为海思概念股;融资融券;芯片概念;消费电子概念;汽车电子;专精特新,151,7,920981.BJ,920981
黄金概念;金属回收;固废处理;锂电池概念;一带一路;雅下水电概念;高端装备;专精特新;机器视觉;融资融券,33,10,001360.SZ,001360
食品安全;核污染防治;净水概念;粤港澳大湾区;央企国企改革;国企改革;幽门螺杆菌概念;专精特新;中字头股票;融资融券,33,10,300962.SZ,300962
金属锌;金属铅;金属铜;黄金概念;新疆振兴;西部大开发;国企改革;股权转让(并购重组);沪股通,17,9,601121.SH,601121
共同富裕示范区;深股通;智能家居;融资融券,33,4,002043.SZ,002043
特钢概念;钒电池;国企改革;回购增持再贷款概念;雄安新区;钠离子电池;核电;京津冀一体化;可控核聚变;储能;比亚迪概念;深股通;融资融券,33,13,000709.SZ,000709
ST板块;储能;充电桩;汽车热管理;液冷服务器;ETC;车联网(车路协同);移动支付;人脸识别;智慧城市;独角兽概念,33,11,300462.SZ,300462
量子科技;2025年报预增;电力物联网;专精特新;智能电网;融资融券,17,6,688330.SH,688330
航运概念;国企改革;雄安新区;京津冀一体化;沪股通;融资融券,17,6,601326.SH,601326
互联网金融;创投;西部大开发;融资融券;深股通,33,5,002945.SZ,002945
虚拟现实;独角兽概念;数据确权;百度概念;抖音概念(字节概念);Web3.0;人工智能;鸿蒙概念;AI智能体;腾讯概念;创投;深圳国企改革;华为概念;智能穿戴;国企改革;粤港澳大湾区;拼多多概念;新型烟草(电子烟);AI手机;华为汽车;一带一路;消费电子概念;华为手机;苹果概念;深股通;融资融券,33,26,000829.SZ,000829
共封装光学(CPO);PCB概念;AI PC;华为手机;OLED;英伟达概念;汽车电子;5G;消费电子概念;毫米波雷达;柔性屏(折叠屏);比亚迪概念;特斯拉概念;6G概念;华为数字能源;无人驾驶;新能源汽车;华为概念;卫星导航;沪股通;商业航天;融资融券,17,22,603228.SH,603228
毛发医疗;煤化工概念;医药电商;西部大开发;民营医院;医美概念;仿制药一致性评价;氟化工概念;三胎概念;创新药;转基因;细胞免疫治疗;旅游概念;深股通;融资融券,33,15,002004.SZ,002004
合成生物;可降解塑料;同花顺新质50;专精特新;沪股通;融资融券,17,6,688065.SH,688065
沪股通;融资融券,17,2,601860.SH,601860
金属铅;金属回收;黄金概念;小金属概念;金属铜;金属镍;固废处理;医疗废物处理;2025年报预增;土壤修复;污水处理;一带一路;生物质能发电;垃圾分类;PPP概念;沪股通;融资融券,17,17,603588.SH,603588
煤炭概念;超超临界发电;绿色电力;央企国企改革;国企改革;虚拟电厂;储能;沪股通;融资融券,17,9,600508.SH,600508
液冷服务器;数据中心;光伏概念;宁德时代概念;2025年报预增;储能;充电桩;比亚迪概念;风电;锂电池概念;东数西算(算力);粤港澳大湾区;一带一路;阿里巴巴概念;抖音概念(字节概念);人工智能;深股通;融资融券;智能医疗,33,19,002518.SZ,002518
Sora概念(文生视频);AI语料;MLOps概念;ChatGPT概念;多模态AI;AIGC概念;Web3.0;华为盘古;华为昇腾;AI智能体;虚拟数字人;华为鲲鹏;知识产权保护;智慧政务;阿里巴巴概念;数据要素;数据安全;蚂蚁集团概念;信创;腾讯概念;网络安全;电子身份证;元宇宙;数字货币;DeepSeek概念;人工智能;数字经济;互联网金融;东数西算(算力);AI应用;华为概念;军民融合;数据中心;军工;机器人概念;小米概念;专精特新;乡村振兴;深股通;军工信息化;融资融券,33,41,300229.SZ,300229
预制菜;海峡两岸;福建自贸区;沪股通;融资融券,17,5,603345.SH,603345
PCB概念;液冷服务器;芯片概念;比亚迪概念;宁德时代概念;特斯拉概念;专精特新;固态电池;储能;锂电池概念;一体化压铸;高端装备;人工智能;回购增持再贷款概念;食品安全;商业航天;沪股通;融资融券,17,18,688531.SH,688531
智慧城市;安防;数字经济;网络安全;数据要素;人工智能;物联网;工业互联网;机器人概念;净水概念;新疆振兴;西部大开发;新型工业化;一带一路;国企改革;页岩气;天然气;AI应用,33,18,300370.SZ,300370
工业母机;新型工业化;机器人概念;低空经济;高端装备;无人机;新能源汽车;专精特新;军工;芯片概念;航空发动机;大飞机;华为概念;商业航天;核电;DeepSeek概念;沪股通;融资融券,17,18,688305.SH,688305
天然气;融资融券,151,2,920717.BJ,920717
转基因;大豆;玉米;粮食概念;农业种植;俄乌冲突概念;央企国企改革;乡村振兴;国企改革;一带一路;融资融券;深股通,33,12,300087.SZ,300087
啤酒概念;融资融券;西部大开发;粤港澳大湾区;沪股通,17,5,600132.SH,600132
沪股通;无人驾驶;智能座舱;MicroLED概念;人形机器人;毫米波雷达;机器人概念;华为汽车;汽车电子;融资融券,17,10,601799.SH,601799
共同富裕示范区;融资融券;沪股通,17,3,601916.SH,601916
中船系;国产航母;中字头股票;海工装备;军民融合;央企国企改革;军工;风电;高端装备;一带一路;国企改革;2025年报预增;航运概念;DeepSeek概念;同花顺中特估100;2025三季报预增;同花顺出海50;商业航天;股权转让(并购重组);沪股通;融资融券,17,21,600150.SH,600150
医药电商;流感;禽流感;创新药;国企改革;绿色电力;央企国企改革;深股通;融资融券;股权转让(并购重组),33,10,000999.SZ,000999
金属回收;中韩自贸区;锂电池概念;特高压;固态电池;储能;新能源汽车;比亚迪概念;消费电子概念;军工;机器人概念;5G;融资融券;沪股通,17,14,601677.SH,601677
绿色电力;光热发电;风电;新疆振兴;央企国企改革;国企改革;储能;京津冀一体化;深股通;融资融券,33,10,000537.SZ,000537
光纤概念;特高压;抽水蓄能;智能电网;风电;光伏概念;储能;石墨烯;PET铜箔;锂电池概念;新能源汽车;5G;共同富裕示范区;沪股通;融资融券,17,15,603618.SH,603618
化肥;磷化工;钛白粉概念;水泥概念;国企改革,17,5,600727.SH,600727
证金持股;同花顺中特估100;国企改革;高铁;沪股通;融资融券,17,6,601006.SH,601006
同花顺中特估100;航运概念;国企改革;央企国企改革;一带一路;回购增持再贷款概念;融资融券;深股通;粤港澳大湾区,33,9,001872.SZ,001872
ST板块;柔性屏(折叠屏);消费电子概念;数据中心;股权转让(并购重组),33,5,002289.SZ,002289
锂电池概念;特钢概念;核电;军工;互联网金融;融资融券;深股通,33,7,002756.SZ,002756
绿色电力;抽水蓄能;风电;氢能源;国企改革;沪股通;融资融券,17,7,600032.SH,600032
同花顺中特估100;碳交易;绿色电力;国企改革;碳中和;央企国企改革;风电;抽水蓄能;光热发电;同花顺漂亮100;回购增持再贷款概念;储能;华为概念;钒电池;融资融券;沪股通,17,16,600905.SH,600905
煤炭概念;煤化工概念;氢能源;沪股通;融资融券,17,5,603113.SH,603113
煤炭概念;煤化工概念;天然气;氢能源;碳中和;燃料电池;污水处理;超级电容;储能;新能源汽车;机器人概念;无人驾驶;深股通;股权转让(并购重组);融资融券,33,15,000723.SZ,000723
创新药;重组蛋白;合成生物;回购增持再贷款概念;深股通;融资融券,33,6,002252.SZ,002252
PET铜箔;固态电池;锂电池概念;宁德时代概念;PCB概念;储能;比亚迪概念;核电;特斯拉概念;绿色电力;新能源汽车;军工;粤港澳大湾区;无人机;融资融券;股权转让(并购重组);沪股通,17,17,600110.SH,600110
医药电商;医美概念;基因测序;流感;创新药;仿制药一致性评价;医疗器械概念;智能医疗;冷链物流;创投;绿色电力;DeepSeek概念;智能物流;人工智能;脑机接口;AI应用;AI智能体;腾讯概念;阿里巴巴概念;机器人概念;沪股通;融资融券,17,22,600998.SH,600998
天然气;氢能源;京津冀一体化;机器人概念;人形机器人;沪股通;融资融券,17,7,600681.SH,600681
ST板块;国企改革;露营经济;跨境电商;旅游概念;体育产业;网红经济;股权转让(并购重组);电子竞技;文化传媒概念;虚拟现实;腾讯概念;网络游戏;小红书概念;快手概念,22,15,600358.SH,600358
WiFi 6;无线耳机;智能穿戴;小米概念;6G概念;消费电子概念;先进封装;芯片概念;5G;卫星导航;物联网;虚拟现实;智能家居;商业航天;人民币贬值受益;同花顺漂亮100;融资融券;深股通,33,18,300782.SZ,300782
肝炎概念;国企改革;DeepSeek概念;股权转让(并购重组);深股通;融资融券,33,6,000403.SZ,000403
富士康概念;PCB概念;光刻机;消费电子概念;芯片概念;汽车电子;MicroLED概念;光刻胶;比亚迪概念;5G;高端装备;专精特新;新型工业化;AI眼镜;海峡两岸;机器视觉;锂电池概念;商业航天;福建自贸区;人工智能;多模态AI;融资融券,33,22,301568.SZ,301568
水泥概念;新疆振兴;国企改革;央企国企改革;西部大开发;绿色电力;一带一路;深股通;融资融券,33,9,000877.SZ,000877
芬太尼;民营医院;肝炎概念;创新药;流感;生物疫苗;辅助生殖;ST板块;医疗器械概念;国企改革;央企国企改革;人工智能,22,12,600079.SH,600079
卫星导航;商业航天;军工;海工装备;高端装备;新型工业化;机器人概念;工业母机;专精特新;新能源汽车;长三角一体化;人民币贬值受益;沪股通,17,13,603131.SH,603131
成飞概念;军民融合;大飞机;商业航天;军工;无人机;低空经济;机器人概念;高端装备;西部大开发;深股通,33,11,002651.SZ,002651
煤炭概念;煤化工概念;证金持股;国企改革;回购增持再贷款概念;沪股通;融资融券,17,7,601666.SH,601666
环氧丙烷;丙烯酸;天津自贸区;国企改革;氢能源;融资融券;芯片概念,17,7,600800.SH,600800
空气能热泵;家用电器,17,2,603320.SH,603320
液冷服务器;数据中心;新能源汽车;储能;燃料电池;空气能热泵;专精特新;高端装备;氢能源;核电;海工装备;水利;商业航天;沪股通,17,14,603757.SH,603757
融资融券;沪股通,17,2,601665.SH,601665
人形机器人;新能源汽车;机器人概念;三胎概念;融资融券,33,5,300920.SZ,300920
京津冀一体化;专精特新;融资融券,17,3,688485.SH,688485
流感;维生素;仿制药一致性评价;合成生物;肝炎概念;创新药;阿尔茨海默概念;国企改革;京津冀一体化;专精特新;核污染防治;2025年报预增;短剧游戏;融资融券;深股通,33,15,002393.SZ,002393
存储芯片;芯片概念;英伟达概念;数据中心;充电桩;储能;比亚迪概念;光伏概念;专精特新;新能源汽车;华为概念;东数西算(算力);融资融券;深股通,33,14,300811.SZ,300811
高股息精选;沪股通;融资融券,17,3,600919.SH,600919
新型工业化;机器视觉;苹果概念;传感器;机器人概念;新能源汽车;工业互联网;PCB概念;充电桩;人工智能;2025年报预增;商业航天;数字经济;2025三季报预增;绿色电力;民爆概念,33,16,300836.SZ,300836
专精特新;融资融券,151,2,920931.BJ,920931
大飞机;飞行汽车(eVTOL);军民融合;低空经济;华为汽车;无人机;长安汽车概念;军工;小米概念;工业互联网;新能源汽车;创投;特斯拉概念;比亚迪概念;京津冀一体化;新疆振兴;国企改革;宁德时代概念;深股通;股权转让(并购重组),33,20,002510.SZ,002510
煤化工概念;钛白粉概念;POE胶膜;石墨烯;氢能源;固废处理;光热发电;可降解塑料;锂电池概念;一带一路;国企改革;医疗废物处理;污水处理;土壤修复;盐湖提锂;PPP概念;融资融券;股权转让(并购重组);深股通,33,19,002140.SZ,002140
华为盘古;ChatGPT概念;AIGC概念;AI智能体;元宇宙;虚拟现实;人工智能;华为概念;无人机;跨境电商;智能穿戴;家用电器;消费电子概念;人民币贬值受益;AI应用;股权转让(并购重组);深股通,33,17,300592.SZ,300592
环氧丙烷;中字头股票;煤化工概念;磷化工;同花顺中特估100;央企国企改革;新疆振兴;回购增持再贷款概念;国企改革;证金持股;氢能源;污水处理;可控核聚变;芯片概念;沪股通;融资融券,17,16,601117.SH,601117
可控核聚变;核电;中芯国际概念;光伏概念;第三代半导体;存储芯片;商业航天;芯片概念;燃料电池;氢能源;专精特新;固态电池;长三角一体化;锂电池概念;碳中和;回购增持再贷款概念;冷链物流;天然气;俄乌冲突概念;沪股通;融资融券,17,21,688106.SH,688106
军工;核电;海工装备;水利;机器人概念;专精特新;新能源汽车;氢能源;商业航天;储能;国企改革;西部大开发;绿色电力;天然气;煤化工概念;氟化工概念;深股通,33,17,300470.SZ,300470
参股银行;沪股通;融资融券,17,3,600908.SH,600908
PCB概念;汽车电子;消费电子概念;5G;新能源汽车;宁德时代概念;汽车芯片;充电桩;机器人概念;无人驾驶;智能电网;车联网(车路协同);深股通;融资融券,33,14,301132.SZ,301132
碳中和;污水处理;2025年报预增;专精特新;新能源汽车;融资融券,33,6,301518.SZ,301518
2025年报预增;粤港澳大湾区;无人驾驶;数据中心;光纤概念;新股与次新股;融资融券;共封装光学(CPO);人民币贬值受益,151,9,920045.BJ,920045
军民融合;军工;商业航天;专精特新;西部大开发;沪股通;融资融券,17,7,688708.SH,688708
特高压;智能电网;风电;光伏概念;充电桩;储能;数据中心;雄安新区;军工;机器人概念,17,10,603097.SH,603097
可控核聚变;商业航天;航空发动机;大飞机;军工;量子科技;超导概念;储能;西部大开发;国企改革;沪股通;融资融券,17,12,688122.SH,688122
养鸡;预制菜;参股银行;食品安全;海峡两岸;2025年报预增;深股通;融资融券,33,8,002299.SZ,002299
智能电网;虚拟电厂;高压快充;风电;绿色电力;储能;核电;充电桩;动力电池回收;光伏建筑一体化;中俄贸易概念;新能源汽车;高铁;比亚迪概念;PPP概念;小米汽车;长安汽车概念;雄安新区;机器人概念;数据中心;工业互联网;小米概念;华为概念;人工智能;深股通;融资融券;MCU芯片;百度概念;阿里巴巴概念;腾讯概念;抖音概念(字节概念),33,31,300001.SZ,300001
金属回收;锂电池概念;固态电池;国企改革;宁德时代概念;特斯拉概念;新能源汽车;比亚迪概念;工业母机;医疗器械概念;汽车热管理;融资融券,33,12,002160.SZ,002160
煤炭概念;煤化工概念;小金属概念;国企改革;深股通;融资融券;人形机器人,33,7,000983.SZ,000983
可控核聚变;航空发动机;商业航天;军工;核污染防治;核电;光热发电;高端装备;机器人概念;工业互联网;光伏概念;氢能源;超超临界发电;一体化压铸;中俄贸易概念;一带一路;数字经济;储能;碳中和;西部大开发;国企改革;锂电池概念;新疆振兴;天然气;煤化工概念;沪股通;融资融券,17,27,603169.SH,603169
光刻胶;富士康概念;苹果概念;无线耳机;消费电子概念;PCB概念;柔性屏(折叠屏);汽车电子;虚拟现实;专精特新;特斯拉概念;华为概念;新能源汽车;石墨烯;储能;氢能源;深股通,33,17,300806.SZ,300806
煤炭概念;天然气;超超临界发电;绿色电力;国企改革;虚拟电厂;融资融券;机器人概念;DeepSeek概念;股权转让(并购重组);沪股通,17,11,600575.SH,600575
共封装光学(CPO);F5G概念;华为手机;6G概念;消费电子概念;汽车电子;专精特新;小米概念;2025年报预增;华为概念;无人驾驶;虚拟现实;深股通;融资融券,33,14,301183.SZ,301183
安防;量子科技;虚拟现实;海峡两岸;物联网;福建自贸区;机器视觉;智慧城市;专精特新;网络安全;人脸识别;智慧灯杆;信创;人工智能;军工;机器人概念;多模态AI;海工装备;智能医疗;土壤修复;AI应用;融资融券,17,22,688619.SH,688619
乳业;三胎概念;跨境电商;共同富裕示范区;宠物经济;网红经济;养老概念;回购增持再贷款概念;DeepSeek概念;NFT概念;深股通;融资融券,33,12,002570.SZ,002570
商业航天;航空发动机;卫星导航;大飞机;军工;无人机;低空经济;飞行汽车(eVTOL);PEEK材料;换电概念;机器人概念;人形机器人;专精特新;华为汽车;小米汽车;创投;特斯拉概念;汽车热管理;智能物流;氢能源;比亚迪概念;小米概念;新能源汽车;家用电器;深股通;融资融券,33,26,301005.SZ,301005
卫星导航;商业航天;车联网(车路协同);无人机;低空经济;腾讯概念;物联网;无人驾驶;芯片概念;专精特新;机器人概念;乡村振兴;农机;融资融券,17,14,688592.SH,688592
生物质能发电;同花顺中特估100;超超临界发电;绿色电力;证金持股;碳交易;雅下水电概念;柔性直流输电;新型城镇化;特高压;土壤修复;水泥概念;风电;光热发电;国企改革;水利;央企国企改革;参股保险;氢能源;一带一路;虚拟电厂;民爆概念;燃料电池;核电;储能;高端装备;海工装备;机器人概念;可控核聚变;军工;宁德时代概念;低空经济;光纤概念;人工智能;华为概念;数据中心;AI智能体;东数西算(算力);阿里巴巴概念;算力租赁;中字头股票;融资融券;沪股通,17,43,601868.SH,601868
同花顺中特估100;证金持股;航运概念;免税店;参股银行;自由贸易港;上海国企改革;国企改革;足球概念;体育产业;长三角一体化;创投;上海自贸区;一带一路;沪股通;融资融券;F5G概念,17,17,600018.SH,600018
抽水蓄能;绿色电力;风电;生物质能发电;福建自贸区;充电桩;海峡两岸;国企改革;化债概念(AMC概念);沪股通;融资融券,17,11,600163.SH,600163
脑机接口;血氧仪;智能医疗;养老概念;猴痘概念;幽门螺杆菌概念;医疗器械概念;阿里巴巴概念;DeepSeek概念;腾讯概念;医药电商;流感;重组蛋白;合成生物;跨境电商;专精特新;融资融券;深股通,33,18,301087.SZ,301087
地下管网;一带一路;燃料电池;国企改革;污水处理;充电桩;风电;PPP概念;绿色电力,17,9,600969.SH,600969
水泥概念;固废处理;国企改革;雄安新区;绿色电力;化债概念(AMC概念);京津冀一体化;核电;深股通;融资融券,33,10,000401.SZ,000401
环氧丙烷;可降解塑料;高端装备;融资融券,33,4,301601.SZ,301601
铜缆高速连接;液冷服务器;英伟达概念;5G;比亚迪概念;新能源汽车;机器视觉;长安汽车概念;2025年报预增;商业航天;融资融券;沪股通,17,12,688668.SH,688668
特钢概念;地下管网;钒电池;参股银行;国企改革;央企国企改革;回购增持再贷款概念;PPP概念;水利;核电;小金属概念;京津冀一体化;储能;2025年报预增;深股通;融资融券,33,16,000778.SZ,000778
煤炭概念;煤化工概念;化肥;天然气;页岩气;超超临界发电;国企改革;西部大开发;深股通;融资融券,33,10,000552.SZ,000552
冰雪产业;旅游概念;IP经济(谷子经济);体育产业;露营经济;参股银行;元宇宙;国企改革;股权转让(并购重组),17,9,600593.SH,600593
超超临界发电;绿色电力;天然气;西部大开发;国企改革;风电;钠离子电池;储能;证金持股;深股通;融资融券,33,11,002053.SZ,002053
2025年报预增;注册制次新股;高端装备;风电;海工装备;新疆振兴;独角兽概念;融资融券;新股与次新股,17,9,603092.SH,603092
黄金概念;小金属概念;国企改革;IP经济(谷子经济);沪股通;融资融券;AI眼镜,17,7,600612.SH,600612
同花顺果指数;AI眼镜;华为手机;AI手机;智能座舱;汽车电子;智能穿戴;消费电子概念;苹果概念;华为汽车;比亚迪概念;小米概念;储能;长安汽车概念;机器人概念;人形机器人;安防;华为概念;人民币贬值受益;虚拟现实;元宇宙;深股通;融资融券,33,23,002273.SZ,002273
粮食概念;土地流转;农业种植;新疆振兴;乡村振兴;统一大市场;国企改革;西部大开发;建筑节能;冷链物流;风电,17,11,600540.SH,600540
煤炭概念;国企改革;风电;沪股通;融资融券,17,5,600758.SH,600758
机器人概念;三胎概念;人工智能;固态电池;跨境电商;在线教育;钠离子电池;IP经济(谷子经济);股权转让(并购重组),33,9,002348.SZ,002348
证金持股;参股保险;沪股通;融资融券,17,4,601169.SH,601169
PET铜箔;PCB概念;共封装光学(CPO);存储芯片;宁德时代概念;固态电池;柔性屏(折叠屏);锂电池概念;消费电子概念;华为数字能源;5G;储能;比亚迪概念;新能源汽车;专精特新;华为概念;无人机;军工;深股通;融资融券,33,20,301511.SZ,301511
可控核聚变;5G;东数西算(算力);核电;第三代半导体;军工;航空发动机;特高压;智能电网;芯片概念;军民融合;无人机;华为概念;虚拟电厂;先进封装;风电;柔性直流输电;光刻机;信创;智慧城市;无人驾驶;DeepSeek概念;2025年报预增;西部大开发;沪股通;融资融券,17,26,600353.SH,600353
共封装光学(CPO);富士康概念;铜缆高速连接;华为海思概念股;F5G概念;5G;消费电子概念;新型烟草(电子烟);比亚迪概念;小米概念;6G概念;智能穿戴;新能源汽车;光伏概念;华为汽车;无人驾驶;华为概念;长安汽车概念;人民币贬值受益;2025年报预增;深股通;融资融券,33,22,002897.SZ,002897
沪股通;融资融券,17,2,601229.SH,601229
同花顺中特估100;参股券商;PPP概念;国企改革;央企国企改革;京津冀一体化;智慧城市;土壤修复;深股通;回购增持再贷款概念;融资融券,33,11,001965.SZ,001965
海工装备;央企国企改革;风电;核电;高端装备;一带一路;国企改革;机器人概念;海峡两岸;自由贸易港;融资融券;沪股通,17,12,600320.SH,600320
家庭医生;AI应用;AIGC概念;AI智能体;数据要素;阿里巴巴概念;智能医疗;区块链;DeepSeek概念;人工智能;中国AI 50;养老概念;阿尔茨海默概念;基因测序;牙科医疗;华为概念;智能穿戴;2025三季报预增;深股通;融资融券,33,20,002044.SZ,002044
统一大市场;冷链物流;国企改革;乡村振兴;一带一路;智能物流;中字头股票;深股通,33,8,001213.SZ,001213
转基因;玉米;粮食概念;农业种植;农村电商;化肥;乡村振兴;国企改革;央企国企改革;俄乌冲突概念;磷化工;股权转让(并购重组);融资融券,33,13,000713.SZ,000713
硅能源;光伏概念;有机硅概念;芯片概念;西部大开发;新疆振兴;沪股通;融资融券,17,8,688303.SH,688303
化肥;煤化工概念;参股银行;国企改革;央企国企改革;沪股通;融资融券,17,7,603395.SH,603395
军民融合;军工;军工信息化;第三代半导体;2025年报预增,33,5,000576.SZ,000576
ST板块;眼科医疗;民营医院;PPP概念;医药电商;医疗器械概念;粤港澳大湾区;细胞免疫治疗,22,8,600568.SH,600568
有机硅概念;消毒剂;钠离子电池;绿色电力;光伏概念;国企改革;京津冀一体化;沪股通;融资融券;华为概念,17,10,600409.SH,600409
ST板块;PPP概念;跨境电商;人民币贬值受益;储能,33,5,300301.SZ,300301
养鸡;猪肉;深股通;融资融券,33,4,300761.SZ,300761
国产航母;军民融合;军工;机器视觉;人形机器人;AI眼镜;机器人概念;专精特新;光纤概念;央企国企改革;回购增持再贷款概念;国企改革;沪股通;融资融券,17,14,600184.SH,600184
飞行汽车(eVTOL);低空经济;同花顺新质50;无人机;独角兽概念;商业航天;两轮车;华为汽车;航空发动机;比亚迪概念;特斯拉概念;海工装备;碳纤维;新能源汽车;一体化压铸;碳中和;共同富裕示范区;锂电池概念;风电;融资融券;深股通,33,21,002085.SZ,002085
智能电网;风电;充电桩;光伏概念;储能;新能源汽车;宁德时代概念;特斯拉概念;飞行汽车(eVTOL);数据中心;机器人概念;商业航天;低空经济;华为概念;物联网;汽车电子;福建自贸区;沪股通;融资融券,17,19,600885.SH,600885
海峡两岸;维生素;CRO概念;西部大开发;化肥;股权转让(并购重组),33,6,000953.SZ,000953
BC电池;HJT电池;POE胶膜;光伏概念;储能;固态电池;PCB概念;沪股通;融资融券,17,9,603806.SH,603806
黄金概念;股权转让(并购重组);国企改革;PCB概念;5G;互联网金融;深股通,33,7,002552.SZ,002552
钠离子电池;锂电池概念;固态电池;氟化工概念;金属回收;稀土永磁;特斯拉概念;比亚迪概念;3D打印;军工;一体化压铸;新能源汽车;航空发动机;汽车拆解概念;无人机;商业航天;大飞机;消费电子概念;汽车热管理;专精特新;低空经济;军民融合;人形机器人;芯片概念;机器人概念;长安汽车概念;融资融券;深股通,33,28,300428.SZ,300428
有机硅概念;固态电池;锂电池概念;宁德时代概念;超级电容;回购增持再贷款概念;一带一路;国企改革;新能源汽车;人民币贬值受益;参股保险;跨境电商;深股通;融资融券,33,14,002091.SZ,002091
光伏概念;储能;专精特新;芯片概念;绿色电力;人民币贬值受益;共同富裕示范区;人工智能;沪股通;融资融券,17,10,688348.SH,688348
液冷服务器;同花顺新质50;MR(混合现实);芯片概念;星闪概念;华为概念;军工信息化;虚拟现实;安防;2025年报预增;人工智能;智慧城市;融资融券;沪股通,17,14,603516.SH,603516
商业航天;卫星导航;3D打印;芯片概念;5G;消费电子概念;宁德时代概念;固态电池;氢能源;比亚迪概念;锂电池概念;新能源汽车;牙科医疗;深股通;融资融券,33,15,300285.SZ,300285
化债概念(AMC概念);乡村振兴;数字经济;供销社;融资融券;沪股通;股权转让(并购重组),17,7,600318.SH,600318
MCU芯片;存储芯片;商业航天;汽车芯片;芯片概念;脑机接口;军工;人形机器人;2025年报预增;机器人概念;无人驾驶;东数西算(算力);人工智能;央企国企改革;西部大开发;国企改革;沪股通;融资融券,17,18,688709.SH,688709
人民币贬值受益;染料;融资融券;沪股通,17,4,688789.SH,688789
参股券商;回购增持再贷款概念;固废处理;烟草;绿色电力;碳交易;超级电容;医疗器械概念;融资融券;沪股通,17,10,603733.SH,603733
土壤修复;净水概念;生物质能发电;核污染防治;超超临界发电;固废处理;污水处理;新型城镇化;PPP概念;PM2.5;一带一路;核电;高端装备;盐湖提锂;专精特新;物联网,33,16,300172.SZ,300172
智能家居;物联网;人脸识别;融资融券;跨境电商;安防;智能医疗;数据安全;网络安全,151,9,920976.BJ,920976
可降解塑料;宠物经济;机器人概念;深股通;融资融券,33,5,002831.SZ,002831
中字头股票;同花顺中特估100;水泥概念;央企国企改革;国企改革;绿色电力;同花顺出海50;风电;DeepSeek概念;沪股通;融资融券,17,11,600970.SH,600970
煤炭概念;小金属概念;硅能源;水泥概念;西部大开发;光伏概念;沪股通;创投;融资融券,17,9,600295.SH,600295
煤炭概念;国企改革;绿色电力;超超临界发电;风电;储能;沪股通,17,7,600925.SH,600925
金属铜;金属回收;超导概念;回购增持再贷款概念;宁德时代概念;一带一路;消费电子概念;比亚迪概念;特高压;新能源汽车;苹果概念;无线耳机;小米汽车;小米概念;华为概念;沪股通,17,16,600361.SH,600361
MCU芯片;国家大基金持股;芯片概念;先进封装;东数西算(算力);华为欧拉;无人机;军工;军工信息化;信创;军民融合;鸿蒙概念;人工智能;DeepSeek概念;深股通;融资融券,33,16,300474.SZ,300474
沪股通;融资融券,17,2,601009.SH,601009
钛白粉概念;磷化工;锂电池概念;国企改革,33,4,002136.SZ,002136
化肥;盐湖提锂;土地流转;生态农业;农村电商;农业种植;新疆振兴;绿色电力;西部大开发;国企改革;乡村振兴;中俄贸易概念;2025年报预增;食品安全;融资融券;数字乡村;沪股通,17,17,600251.SH,600251
商业航天;卫星导航;军工;无人机;可控核聚变;大飞机;军民融合;低空经济;航空发动机;海工装备;核电;成飞概念;专精特新;农机;乡村振兴;ST板块;西部大开发;国企改革;股权转让(并购重组);新疆振兴,33,20,300159.SZ,300159
福建自贸区;海峡两岸;地下管网;中俄贸易概念;军工;高端装备;国企改革;智能物流;职业教育;沪股通,17,10,600815.SH,600815
BC电池;TOPCON电池;光伏概念;第三代半导体;培育钻石;先进封装;芯片概念;新型工业化;AI眼镜;消费电子概念;存储芯片;智能物流;数字经济;深股通;融资融券,33,15,300316.SZ,300316
金属回收;黄金概念;磷化工;金属铜;金属锌;广东自贸区;固废处理;土壤修复;国企改革;医疗废物处理;氟化工概念;汽车拆解概念;PPP概念;碳中和;生物质能发电;污水处理;垃圾分类;粤港澳大湾区;DeepSeek概念;深股通;融资融券,33,21,002672.SZ,002672
ST板块,33,1,002650.SZ,002650
2025年报预增;芯片概念;专精特新;沪股通,17,4,603061.SH,603061
卫星导航;时空大数据;低空经济;车联网(车路协同);无人机;飞行汽车(eVTOL);智慧城市;无人驾驶;数字孪生;虚拟现实;DeepSeek概念;百度概念;智能物流;华为概念;3D打印;机器人概念;海工装备;创投;水利;5G;高铁;旅游概念;汽车电子;粤港澳大湾区;人形机器人;专精特新;农机;芯片概念;一带一路;深股通;融资融券,33,31,300177.SZ,300177
中芯国际概念;第三代半导体;芯片概念;专精特新;创投;2025年报预增;深股通;融资融券,33,8,301369.SZ,301369
新能源汽车;特色小镇;污水处理;固废处理;储能;垃圾分类;机器人概念;充电桩;回购增持再贷款概念;核电;PPP概念;无人驾驶;智能电网;物联网;华为概念;智慧城市;数据要素;云计算;深股通;融资融券,33,20,000967.SZ,000967
一体化压铸;华为汽车;长安汽车概念;新能源汽车;比亚迪概念;工业母机;新型工业化;机器人概念;3D打印;消费电子概念;工业互联网;5G;深股通;融资融券,33,14,300415.SZ,300415
航运概念;一带一路;专精特新;股权转让(并购重组),33,4,001205.SZ,001205
BC电池;HJT电池;TOPCON电池;钙钛矿电池;第三代半导体;存储芯片;光伏概念;芯片概念;专精特新;汽车电子;新能源汽车;商业航天;深股通;融资融券,33,14,300842.SZ,300842
重组蛋白;细胞免疫治疗;基因测序;创新药;辅助生殖;肝炎概念;牙科医疗;独角兽概念;融资融券;沪股通,17,10,600645.SH,600645
国企改革;沪股通;融资融券,17,3,600377.SH,600377
稀土永磁;金属铜;金属回收;铜缆高速连接;回购增持再贷款概念;海工装备;光伏概念;可控核聚变;核电;液冷服务器;芯片概念;PEEK材料;苹果概念;高压快充;特高压;高铁;新能源汽车;比亚迪概念;特斯拉概念;无人机;小米汽车;2025年报预增;机器人概念;人形机器人;东数西算(算力);低空经济;人工智能;数字经济;沪股通,17,29,601609.SH,601609
证金持股;同花顺中特估100;跨境支付(CIPS);沪股通;融资融券,17,5,601398.SH,601398
可控核聚变;金属回收;小金属概念;金属镍;金属钴;金属铜;核电;黄金概念;金属锌;雅下水电概念;金属铅;抽水蓄能;一带一路;碳中和;汽车拆解概念;绿色电力;固废处理;高端装备;动力电池回收;水利;创投;共同富裕示范区;文化传媒概念;深股通;融资融券,33,25,002266.SZ,002266
国企改革;OLED;西部大开发;人民币贬值受益;融资融券;沪股通,17,6,600707.SH,600707
流感;医药电商;仿制药一致性评价;维生素;创新药;辅助生殖;细胞免疫治疗;回购增持再贷款概念;深股通,33,9,000597.SZ,000597
同花顺中特估100;证金持股;跨境支付(CIPS);沪股通;融资融券,17,5,601988.SH,601988
金属铜;金属锌;黄金概念;小金属概念;金属镍;超导概念;国企改革;一带一路;同花顺中特估100;沪股通;中字头股票;融资融券,17,12,601061.SH,601061
可降解塑料;深股通;融资融券,33,3,002064.SZ,002064
沪股通;融资融券,17,2,601128.SH,601128
电力物联网;智能电网;量子科技;数字孪生;华为概念;虚拟电厂;充电桩;碳交易;储能;人工智能;数据中心;5G;央企国企改革;东数西算(算力);雅下水电概念;AI智能体;鸿蒙概念;国企改革;西部大开发;国产操作系统;云计算;算力租赁;国资云;沪股通;融资融券,17,25,600131.SH,600131
数字水印;数据安全;卫星导航;网络安全;华为鲲鹏;商业航天;量子科技;信创;智慧政务;财税数字化;国产操作系统;鸿蒙概念;车联网(车路协同);数字货币;数据要素;低空经济;云办公;军工;智慧城市;EDR概念;腾讯概念;数字经济;数字孪生;移动支付;互联网金融;人工智能;国资云;跨境支付(CIPS);华为概念;物联网;工业互联网;5G;水利;芯片概念;消费电子概念;汽车电子;汽车芯片;乡村振兴;西部大开发;国企改革;雅下水电概念;深股通;融资融券,33,43,002268.SZ,002268
福建自贸区;海峡两岸;期货概念;互联网金融;参股券商;深股通,33,6,002961.SZ,002961
房屋检测;建筑节能;装配式建筑;新型城镇化;水利;地下管网;光伏建筑一体化;车联网(车路协同);储能;智慧城市;污水处理;一带一路;空间计算;乡村振兴;绿色电力;西部大开发;数字乡村;人工智能;数据中心;数字经济;DeepSeek概念;数据要素;AIGC概念;融资融券,33,24,301027.SZ,301027
先进封装;存储芯片;芯片概念;5G;机器视觉;华为概念;股权转让(并购重组);核电,17,8,603991.SH,603991
煤炭概念;煤化工概念;石墨电极;石墨烯;氢能源;碳中和;黑龙江自贸区;锂电池概念;消费电子概念;AI眼镜;沪股通;融资融券,17,12,601011.SH,601011
金属铜;小金属概念;钒电池;国企改革;深股通;融资融券,33,6,000655.SZ,000655
碳纤维;大飞机;飞行汽车(eVTOL);低空经济;专精特新;机器人概念;氢能源;风电;国企改革;沪股通;中字头股票;融资融券,17,12,688295.SH,688295
兵装重组概念;军民融合;军工;安防;车联网(车路协同);机器视觉;3D打印;无人驾驶;家用电器;长安汽车概念;MR(混合现实);华为概念;数字经济;虚拟现实;智能座舱;央企国企改革;AI眼镜;汽车电子;消费电子概念;国企改革;证金持股;深股通;中字头股票;融资融券,33,24,002189.SZ,002189
乳业;西部大开发;融资融券;深股通,33,4,002946.SZ,002946
深股通;融资融券,33,2,002936.SZ,002936
卫星导航;商业航天;军民融合;军工;时空大数据;国产航母;无人机;智慧城市;5G;机器视觉;人工智能;物联网;机器人概念;芯片概念;专精特新;西部大开发;回购增持再贷款概念;深股通;融资融券,33,19,300101.SZ,300101
乡村振兴;西部大开发;沪股通,17,3,601963.SH,601963
医药电商;医疗器械概念;DeepSeek概念;沪股通;融资融券,17,5,603233.SH,603233
三胎概念;西部大开发;仿制药一致性评价;流感;创新药;融资融券,33,6,301075.SZ,301075
商业航天;卫星导航;大飞机;军民融合;军工;华为概念;专精特新;西部大开发;存储芯片;融资融券,33,10,301306.SZ,301306
国家大基金持股;中芯国际概念;存储芯片;先进封装;OLED;芯片概念;富士康概念;MiniLED;苹果概念;柔性屏(折叠屏);AI眼镜;宁德时代概念;比亚迪概念;小米概念;锂电池概念;MR(混合现实);机器视觉;华为概念;虚拟现实;深股通;融资融券,33,21,300567.SZ,300567
超超临界发电;虚拟电厂;风电;绿色电力;核电;碳交易;煤炭概念;碳中和;央企国企改革;国企改革;融资融券;沪股通,17,12,600744.SH,600744
煤化工概念;水泥概念;煤炭概念;可降解塑料;天然气;参股银行;绿色电力;西部大开发;航运概念;氢能源;参股券商;互联网金融;统一大市场;智能物流;数字经济;阿里巴巴概念;生物疫苗;沪股通;融资融券,17,19,601216.SH,601216
国企改革;绿色电力;注册制次新股;人工智能;央企国企改革;核电;一带一路;风电;储能;新股与次新股;融资融券,17,11,600930.SH,600930
柔性直流输电;特高压;智能电网;可控核聚变;风电;核电;超级电容;光伏概念;储能;中字头股票;西部大开发;高端装备;水利;数据中心;央企国企改革;国企改革;芯片概念;同花顺中特估100;东数西算(算力);量子科技;融资融券;沪股通,17,22,601179.SH,601179
商业航天;可控核聚变;同花顺新质50;军工;低空经济;无人机;核电;超导概念;虚拟现实;华为概念;柔性屏(折叠屏);光伏概念;OLED;新能源汽车;2025年报预增;沪股通;融资融券,17,17,600363.SH,600363
PET铜箔;超导概念;消费电子概念;专精特新;固态电池;锂电池概念;一带一路;宁德时代概念;可控核聚变;深股通;融资融券,33,11,002859.SZ,002859
统一大市场;国企改革;航运概念;智能物流;创投;长三角一体化;数字经济;数字货币;数据要素;沪股通,17,10,600794.SH,600794
国产航母;大飞机;军民融合;央企国企改革;军工;低空经济;无人机;高端装备;飞行汽车(eVTOL);国企改革;黑龙江自贸区;沪股通;融资融券;中字头股票,17,14,600038.SH,600038
磷化工;小金属概念;净水概念;土壤修复;光伏概念;氢能源;一带一路;芯片概念;融资融券,33,9,301118.SZ,301118
存储芯片;共封装光学(CPO);光刻机;第三代半导体;芯片概念;专精特新;信创;AI智能体;人工智能;DeepSeek概念;深股通;融资融券,33,12,301095.SZ,301095
青蒿素;证金持股;医药电商;仿制药一致性评价;流感;白酒概念;创新药;生物疫苗;国企改革;医疗器械概念;沪股通;融资融券;阿里巴巴概念,17,13,600332.SH,600332
玉米;土地流转;统一大市场;农业种植;冷链物流;国企改革;海峡两岸;乡村振兴;福建自贸区;一带一路;智能物流;商业航天;DeepSeek概念;数据要素;沪股通;融资融券,17,16,600057.SH,600057
钛白粉概念;小金属概念;钒电池;西部大开发;回购增持再贷款概念;国企改革;储能;深股通;融资融券,33,9,000629.SZ,000629
共封装光学(CPO);富士康概念;液冷服务器;同花顺果指数;苹果概念;AI PC;汽车热管理;消费电子概念;汽车电子;5G;无线充电;比亚迪概念;数据中心;2025年报预增;小米概念;2025三季报预增;MR(混合现实);新能源汽车;光伏概念;储能;智能座舱;充电桩;石墨烯;华为概念;无人机;虚拟现实;一带一路;京津冀一体化;深股通,33,29,300684.SZ,300684
共封装光学(CPO);光刻胶;芯片概念;特斯拉概念;新能源汽车;比亚迪概念;机器人概念;数据中心;回购增持再贷款概念;海峡两岸;沪股通;福建自贸区;融资融券,17,13,603306.SH,603306
智能电网;风电;海工装备;光伏概念;氢能源;储能;光伏建筑一体化;数据中心;粤港澳大湾区;东数西算(算力);抖音概念(字节概念);深股通;融资融券,33,13,301291.SZ,301291
人民币贬值受益;锂电池概念;一带一路;医疗器械概念,17,4,603665.SH,603665
医药电商;医美概念;医疗器械概念;冷链物流;智能医疗;国企改革;智能物流;央企国企改革;深股通;融资融券;2025年报预增,33,11,000028.SZ,000028
同花顺中特估100;证金持股;跨境支付(CIPS);沪股通;融资融券,17,5,601328.SH,601328
超级品牌;猪肉;养鸡;预制菜;证金持股;人造肉;统一大市场;深股通;融资融券,33,9,000895.SZ,000895
C2M概念;三胎概念;智能家居;网红经济;IP经济(谷子经济),33,5,002397.SZ,002397
特高压;宁德时代概念;充电桩;智能电网;储能;芯片概念;光伏概念;电力物联网;钒电池;虚拟电厂;数据中心;绿色电力;碳中和;工业互联网;深股通;融资融券,33,16,002169.SZ,002169
锂电池概念;消毒剂;染料;2025年报预增;摘帽,33,5,002748.SZ,002748
POE胶膜;NMN概念;氢能源;碳中和;国企改革;燃料电池;OLED;人造肉;工业大麻;合成生物;小米概念;民营医院;医美概念;深股通;融资融券,33,15,000990.SZ,000990
福建自贸区;海峡两岸;统一大市场;航运概念;参股银行;期货概念;锂电池概念;动力电池回收;参股券商;国企改革;中俄贸易概念;一带一路;回购增持再贷款概念;华为数字能源;风电;养老概念;医疗器械概念;DeepSeek概念;小金属概念;智能医疗;沪股通;融资融券,17,22,600755.SH,600755
ST板块;汽车电子;消费电子概念;卫星导航;人脸识别,22,5,600130.SH,600130
草甘膦;央企国企改革;国企改革;同花顺出海50;乡村振兴;人民币贬值受益;沪股通;融资融券,17,8,600486.SH,600486
碳中和;水利;新型城镇化;污水处理;土壤修复;雄安新区;智慧城市;数字孪生;数字经济;人工智能;元宇宙;京津冀一体化;PPP概念;智谱AI;AI智能体;旅游概念;乡村振兴;AIGC概念;IP经济(谷子经济);物业管理,17,20,605069.SH,605069
水泥概念;煤炭概念;同花顺中特估100;新疆振兴;化肥;证金持股;国企改革;西部大开发;一带一路;氢能源;风电;人工智能;沪股通;融资融券,17,14,600425.SH,600425
中韩自贸区;同花顺中特估100;航运概念;国企改革;一带一路;中俄贸易概念;DeepSeek概念;区块链;华为概念;融资融券;沪股通,17,11,601298.SH,601298
肝炎概念;国企改革;央企国企改革;沪股通;融资融券,17,5,600161.SH,600161
POE胶膜;钠离子电池;锂电池概念;固态电池;HJT电池;光伏概念;可降解塑料;PEEK材料;环氧丙烷;芯片概念;光刻胶;融资融券;深股通,33,13,003022.SZ,003022
脑机接口;传感器;智能家居;人民币贬值受益;人工智能;鸿蒙概念;养老概念;三胎概念;AI智能体;沪股通,17,10,603610.SH,603610
脑机接口;AI应用;智能医疗;医疗器械概念;养老概念;人工智能;AI智能体;DeepSeek概念;机器人概念;专精特新;旅游概念;回购增持再贷款概念;沪股通;融资融券,17,14,688626.SH,688626
DeepSeek概念;海峡两岸;华为概念;机器人概念;消费电子概念;3D打印;股权转让(并购重组),17,7,603958.SH,603958
PCB概念;5G;2025年报预增;宁德时代概念;固态电池;锂电池概念;6G概念;氢能源;新能源汽车;风电;燃料电池;海工装备;一带一路;污水处理;无人机;军工;央企国企改革;深股通;国企改革;商业航天;中字头股票;融资融券,33,22,002080.SZ,002080
ETC;东数西算(算力);股权转让(并购重组);人工智能;数字乡村;智慧城市;电力物联网;换电概念;华为概念;数据中心;虚拟电厂;商业航天;智能电网;充电桩;5G;军工;粤港澳大湾区;军民融合;空气能热泵;高压快充;储能;柔性直流输电;液冷服务器;抽水蓄能;新能源汽车;特斯拉概念;比亚迪概念;风电;芯片概念;光伏建筑一体化;第三代半导体;钠离子电池;绿色电力;新疆振兴;锂电池概念;深股通;摘帽,33,37,300376.SZ,300376
长安汽车概念;智能座舱;汽车热管理;汽车电子;新型工业化;新能源汽车;3D打印;消费电子概念;宁德时代概念;沪股通,17,10,605005.SH,605005
医疗器械概念;共封装光学(CPO);PCB概念;5G;粤港澳大湾区;专精特新;汽车电子;新能源汽车;机器人概念;绿色电力;智能座舱;股权转让(并购重组);融资融券,17,13,688655.SH,688655
参股券商;国企改革;粤港澳大湾区;深股通;融资融券,33,5,000429.SZ,000429
国企改革;融资融券;沪股通,17,3,601658.SH,601658
光热发电;氢能源;碳中和;海工装备;一带一路;储能;央企国企改革;页岩气;西部大开发;国企改革;专精特新;俄乌冲突概念;机器人概念;股权转让(并购重组),17,14,601798.SH,601798
污水处理;PPP概念;固废处理;垃圾分类;天然气;国企改革;创投;融资融券;沪股通,17,9,600461.SH,600461
冰雪产业;旅游概念;IP经济(谷子经济);NFT概念;免税店;预制菜;体育产业;物业管理;露营经济;AI智能体;广东自贸区;养老概念;DeepSeek概念;人工智能;乡村振兴;AI应用;国企改革;低空经济;粤港澳大湾区;股权转让(并购重组);深股通;融资融券,33,22,000524.SZ,000524
中字头股票;商业航天;国产航母;军民融合;军工;核电;高端装备;金属镍;工业母机;风电;一带一路;央企国企改革;黑龙江自贸区;国企改革;特斯拉概念;小金属概念;同花顺中特估100;沪股通;融资融券,17,19,601106.SH,601106
央企国企改革;高端装备;国企改革;工业母机;工业互联网;新型工业化;商业航天;职业教育;股权转让(并购重组);融资融券;深股通,33,11,000410.SZ,000410
西部大开发;职业教育;成飞概念;智慧城市;ST板块;人脸识别;智慧政务;军工信息化;军民融合;数据要素;网络安全;云计算;数字孪生;安防;华为鲲鹏;车联网(车路协同);信创;卫星导航;军工;华为昇腾;低空经济;语音技术;人工智能;元宇宙;华为概念;虚拟现实;虚拟电厂,33,27,002253.SZ,002253
共封装光学(CPO);铜缆高速连接;5G;数据中心;比亚迪概念;华为概念;阿里巴巴概念;高压快充;腾讯概念;无人机;新能源汽车;低空经济;卫星导航;机器人概念;商业航天;军工;高铁;核电;西部大开发;国企改革;沪股通;融资融券,17,22,688629.SH,688629
共封装光学(CPO);铜缆高速连接;光纤概念;5G;数据中心;新型工业化;机器视觉;机器人概念;光伏概念;人民币贬值受益;深股通;融资融券,33,12,300913.SZ,300913
仿制药一致性评价;医药电商;芬太尼;维生素;创新药;动物疫苗;毛发医疗;流感;肝炎概念;合成生物;NMN概念;重组蛋白;幽门螺杆菌概念;猴痘概念;辅助生殖;三胎概念;医美概念;国企改革;央企国企改革;DeepSeek概念;虚拟数字人;沪股通;融资融券,17,23,600420.SH,600420
特钢概念;煤化工概念;金属回收;国企改革;央企国企改革;回购增持再贷款概念;证金持股;海工装备;比亚迪概念;数据中心;深股通;融资融券,33,12,000898.SZ,000898
航空发动机;大飞机;商业航天;军工;低空经济;无人机;碳纤维;飞行汽车(eVTOL);高端装备;高铁;人形机器人;央企国企改革;创投;工业母机;国企改革;沪股通;中字头股票;融资融券,17,18,600862.SH,600862
创新药;基因测序;仿制药一致性评价;肝炎概念;医药电商;辅助生殖;福建自贸区;海峡两岸;融资融券;深股通,33,10,300436.SZ,300436
钛白粉概念;磷化工;钒电池;动力电池回收;锂电池概念;回购增持再贷款概念;西部大开发;宁德时代概念;深股通;融资融券,33,10,002145.SZ,002145
期货概念;参股保险;国企改革;信托概念;央企国企改革;参股银行;养老概念;乡村振兴;人工智能;同花顺中特估100;区块链;融资融券;中字头股票;深股通,33,14,002423.SZ,002423
露营经济;网红经济;跨境电商;军民融合;三胎概念;粤港澳大湾区;军工;腾讯概念;人工智能,33,9,300591.SZ,300591
卫星导航;商业航天;军民融合;军工;安防;区块链;华为概念;机器视觉;无人驾驶;福建自贸区;机器人概念;专精特新;海峡两岸;光刻机;沪股通;融资融券,17,16,688010.SH,688010
生物质能发电;医疗废物处理;固废处理;污水处理;绿色电力;国企改革;碳交易;垃圾分类;碳中和;氢能源;数字经济;深股通;百度概念;融资融券,33,14,000885.SZ,000885
信托概念;参股保险;期货概念;参股券商;国企改革;央企国企改革;创投;乡村振兴;沪股通;融资融券,17,10,600390.SH,600390
特高压;商业航天;军民融合;智能电网;电力物联网;军工;福建自贸区;风电;充电桩;海峡两岸;毫米波雷达;区块链;专精特新;芯片概念;绿色电力,33,15,300427.SZ,300427
超超临界发电;抽水蓄能;绿色电力;核电;国企改革;储能;融资融券;深股通,33,8,000899.SZ,000899
磷化工;金属铅;金属锌;金属铜;草甘膦;化肥;黄金概念;稀土永磁;硅能源;天然气;锂电池概念;光伏概念;回购增持再贷款概念;绿色电力;一带一路;建筑节能;西部大开发;TOPCON电池;参股银行;沪股通;融资融券,17,21,603077.SH,603077
氟化工概念;钠离子电池;固态电池;石墨电极;动力电池回收;锂电池概念;宁德时代概念;石墨烯;光伏概念;小金属概念;超级电容;金属镍;储能;OLED;比亚迪概念;苹果概念;新能源汽车;参股银行;共同富裕示范区;MiniLED;消费电子概念;创投;虚拟现实;沪股通;融资融券,17,25,600884.SH,600884
光刻机;芯片概念;专精特新;眼科医疗;冷链物流;碳中和;啤酒概念;氢能源;俄乌冲突概念;融资融券;深股通,33,11,002549.SZ,002549
煤炭概念;国企改革;央企国企改革;中俄贸易概念;机器人概念;沪股通;融资融券;人工智能;华为概念;F5G概念,17,10,600582.SH,600582
商业航天;低空经济;数字经济;DeepSeek概念;创投;氢能源;智能物流;芯片概念;粤港澳大湾区;新疆振兴;天然气;绿色电力;回购增持再贷款概念;页岩气;航运概念;俄乌冲突概念;煤化工概念;融资融券;沪股通,17,19,605090.SH,605090
长三角一体化;工业互联网;沪股通,17,3,603889.SH,603889
芬太尼;创新药;沪股通;融资融券,17,4,600285.SH,600285
国企改革;高铁;粤港澳大湾区;沪股通;融资融券,17,5,601333.SH,601333
智慧灯杆;存储芯片;新型城镇化;芯片概念;网约车;物联网;智慧城市;空间计算;数据要素;股权转让(并购重组),17,10,605178.SH,605178
AI语料;智谱AI;快手概念;小红书概念;多模态AI;ChatGPT概念;虚拟数字人;数据安全;云计算;抖音概念(字节概念);AI智能体;智慧政务;鸿蒙概念;阿里巴巴概念;腾讯概念;百度概念;拼多多概念;数据要素;区块链;空间计算;DeepSeek概念;人工智能;数字经济;车联网(车路协同);智能医疗;智慧城市;华为概念;小米概念;机器人概念;AI应用;共同富裕示范区;比亚迪概念;融资融券;深股通,33,34,300766.SZ,300766
存储芯片;汽车芯片;MCU芯片;第三代半导体;芯片概念;消费电子概念;共封装光学(CPO);汽车电子;智能穿戴;5G;物联网;车联网(车路协同);军工;卫星导航;ETC;商业航天;大飞机;人工智能;移动支付;数字货币;区块链;京津冀一体化;同花顺漂亮100;深股通;融资融券,33,25,002049.SZ,002049
国企改革;融资融券;沪股通,17,3,600901.SH,600901
统一大市场;新疆振兴;冷链物流;中俄贸易概念;一带一路;跨境电商;西部大开发,33,7,002800.SZ,002800
航运概念;中韩自贸区;证金持股;绿色电力;国企改革;冷链物流;乡村振兴;一带一路;免税店;虚拟电厂;DeepSeek概念;融资融券;华为概念;沪股通,17,14,600017.SH,600017
消毒剂;氢能源;绿色电力;央企国企改革;国企改革;西部大开发;碳交易,33,7,000635.SZ,000635
雅下水电概念;国企改革;一带一路;人民币贬值受益;高端装备;雄安新区;垃圾分类;乡村振兴;无人驾驶;机器人概念;中俄贸易概念;新型城镇化;人工智能;融资融券;深股通,33,15,000680.SZ,000680
证金持股;医药电商;创新药;仿制药一致性评价;生物疫苗;上海国企改革;医疗器械概念;国企改革;上海自贸区;沪股通;融资融券,17,11,601607.SH,601607
绿色电力;氢能源;国企改革;回购增持再贷款概念;化债概念(AMC概念);虚拟电厂;锂电池概念;2025三季报预增;燃料电池;储能;粤港澳大湾区;2025年报预增;无人驾驶;融资融券;深股通,33,15,000531.SZ,000531
共封装光学(CPO);中国AI 50;WiFi 6;液冷服务器;5G;东数西算(算力);数据中心;6G概念;云办公;抖音概念(字节概念);快手概念;国资云;腾讯概念;阿里巴巴概念;网络安全;信创;百度概念;AI智能体;小米概念;AIGC概念;蚂蚁集团概念;新型工业化;工业互联网;人工智能;智能医疗;数字经济;一带一路;AI应用;国企改革;深股通;融资融券,33,31,301165.SZ,301165
ST板块;三胎概念,22,2,603557.SH,603557
固态电池;锂电池概念;宁德时代概念;磷化工;储能;比亚迪概念;新能源汽车;专精特新;融资融券;深股通,33,10,300769.SZ,300769
国企改革;维生素;合成生物;毛发医疗;深股通,33,5,002102.SZ,002102
冷链物流;航运概念;国企改革;养老概念;自由贸易港;广东自贸区;粤港澳大湾区;数据要素;网络安全;沪股通;融资融券,17,11,601228.SH,601228
参股保险;PPP概念;装配式建筑;国企改革;新疆振兴;煤化工概念;乡村振兴;天然气;西部大开发;水利;雅下水电概念;一带一路;风电;智慧城市;DeepSeek概念;储能;融资融券;沪股通,17,18,600248.SH,600248
成飞概念;粤港澳大湾区,33,2,001268.SZ,001268
人形机器人;汽车热管理;液冷服务器;小米汽车;华为汽车;燃料电池;特斯拉概念;新能源汽车;小米概念;数据中心;比亚迪概念;机器人概念;长安汽车概念;储能;氢能源;充电桩;工业互联网;低空经济;东数西算(算力);宁德时代概念;回购增持再贷款概念;创投;深股通;融资融券,33,24,002126.SZ,002126
国企改革;跨境支付(CIPS);西部大开发;移动支付;一带一路;沪股通;融资融券,17,7,600928.SH,600928
海南自贸区;农业种植;可降解塑料;碳中和;乡村振兴;国企改革;军工;融资融券;沪股通,17,9,601118.SH,601118
可控核聚变;核电;柔性直流输电;海工装备;智能电网;风电;军工;氢能源;超导概念;军民融合;储能;一带一路;国企改革;京津冀一体化;沪股通,17,15,600468.SH,600468
粮食概念;农业种植;土地流转;农村电商;乳业;新疆振兴;特色小镇;乡村振兴;国企改革;西部大开发;股权转让(并购重组);融资融券,17,12,600359.SH,600359
磷化工;化肥;硅能源;生态农业;玉米;锂电池概念;农业种植;西部大开发;乡村振兴;电子竞技;融资融券;深股通,33,12,002539.SZ,002539
网约车;车联网(车路协同);无人驾驶;智能座舱;星闪概念;华为汽车;小米汽车;华为概念;京津冀一体化;DeepSeek概念;百度概念;换电概念;一体化压铸;汽车芯片;新能源汽车;充电桩;燃料电池;储能;国企改革;高压快充;固态电池;动力电池回收;沪股通;融资融券,17,24,600733.SH,600733
牙科医疗;医美概念;医疗器械概念;3D打印;专精特新;PEEK材料;西部大开发;融资融券,17,8,688314.SH,688314
天津自贸区;京津冀一体化;航运概念;人民币贬值受益;融资融券;沪股通,17,6,600751.SH,600751
钛白粉概念;小金属概念;钒电池;锂电池概念;西部大开发;参股银行;股权转让(并购重组);融资融券;深股通,33,9,002978.SZ,002978
大飞机;核污染防治;核电;高端装备;光伏概念;3D打印;低空经济;PEEK材料;医疗废物处理;光纤概念;一带一路;5G;机器人概念;可降解塑料;传感器;芯片概念;雄安新区;污水处理;国企改革;粤港澳大湾区;航运概念;幽门螺杆菌概念;乡村振兴;医疗器械概念;深股通;中字头股票,33,26,000881.SZ,000881
中船系;军民融合;核污染防治;军工;央企国企改革;海工装备;ST板块;国企改革;机器人概念;人工智能;新型工业化;核电;2025年报预增,33,13,300527.SZ,300527
2025年报预增;小米概念;数据中心;宁德时代概念;特斯拉概念;小米汽车;高压快充;新能源汽车;专精特新;华为汽车;储能;华为概念;光伏概念;充电桩;风电;西部大开发;深股通;融资融券,33,18,301031.SZ,301031
绿色电力;生物质能发电;风电;充电桩;储能;国企改革;钠离子电池;沪股通;融资融券,17,9,603693.SH,603693
民营医院;电子纸;MicroLED概念;国企改革;回购增持再贷款概念;医疗器械概念;智能医疗;MiniLED;光伏建筑一体化;机器人概念;长安汽车概念;人工智能;光伏概念;钙钛矿电池;工业互联网;充电桩;传感器;柔性屏(折叠屏);物联网;储能;华为概念;智能座舱;OLED;同花顺漂亮100;小米概念;智能穿戴;虚拟现实;AI眼镜;芯片概念;苹果概念;同花顺果指数;深股通;融资融券;光纤概念,33,34,000725.SZ,000725
深股通;融资融券,33,2,002807.SZ,002807
证金持股;PPP概念;污水处理;国企改革;净水概念;西部大开发;沪股通;融资融券,17,8,601158.SH,601158
新型城镇化;融资融券,33,2,300983.SZ,300983
超超临界发电;绿色电力;参股券商;风电;创投;深股通;融资融券,33,7,000690.SZ,000690
小米概念;华为概念;融资融券,33,3,301045.SZ,301045
煤炭概念;生物质能发电;统一大市场;污水处理;绿色电力;国企改革;中俄贸易概念;碳中和;储能;换电概念;充电桩;智能电网;沪股通,17,13,603071.SH,603071
液冷服务器;数据中心;东数西算(算力);汽车电子;宁德时代概念;比亚迪概念;可控核聚变;新能源汽车;专精特新;充电桩;储能;阿里巴巴概念;腾讯概念;特高压;柔性直流输电;抖音概念(字节概念);军工;锂电池概念;光伏概念;核电;粤港澳大湾区;风电;中俄贸易概念;一带一路;天然气;深股通;融资融券,33,27,300499.SZ,300499
碳交易;虚拟电厂;碳中和;储能,17,4,605162.SH,605162
同花顺中特估100;央企国企改革;国企改革;国资云;DeepSeek概念;中字头股票;移动支付;数据要素;人工智能;云计算;区块链;数据安全;智能家居;低空经济;卫星导航;物联网;阿里巴巴概念;一带一路;商业航天;量子科技;6G概念;同花顺新质50;中国AI 50;5G;数据中心;沪股通;融资融券,17,27,600050.SH,600050
参股券商;参股保险;国企改革;沪股通;融资融券;核电,17,6,600269.SH,600269
染料;氟化工概念;2025年报预增;深股通;融资融券,33,5,002440.SZ,002440
航运概念;回购增持再贷款概念;统一大市场;上海自贸区;跨境电商;智能物流;自由贸易港;人工智能;融资融券;沪股通,17,10,603713.SH,603713
抽水蓄能;虚拟电厂;绿色电力;储能;钠离子电池;央企国企改革;西部大开发;国企改革;DeepSeek概念;沪股通;融资融券,17,11,600995.SH,600995
ST板块;PPP概念;雄安新区;国企改革;高端装备;水利;海工装备;文化传媒概念,33,8,002586.SZ,002586
雅下水电概念;抽水蓄能;央企国企改革;海工装备;地下管网;水利;一带一路;国企改革;高端装备;农机;高铁;新疆振兴;机器人概念;高压氧舱;新型工业化;乡村振兴;海峡两岸;无人驾驶;华为概念;人工智能;DeepSeek概念;沪股通;融资融券,17,23,688425.SH,688425
长安汽车概念;机器人概念;新能源汽车;股权转让(并购重组),33,4,002931.SZ,002931
预制菜;冷链物流;长三角一体化,17,3,605089.SH,605089
成飞概念;大飞机;航空发动机;商业航天;减速器;军工;无人机;人形机器人;高端装备;海工装备;新型工业化;机器人概念;水利;新能源汽车;风电;一带一路;回购增持再贷款概念,33,17,300095.SZ,300095
煤炭概念;国企改革;沪股通;融资融券,17,4,601001.SH,601001
网红经济;长三角一体化;智能家居;股权转让(并购重组),33,4,002718.SZ,002718
专精特新;PET铜箔;光伏概念;融资融券;锂电池概念;核污染防治,151,6,920204.BJ,920204
煤炭概念;超超临界发电;绿色电力;风电;回购增持再贷款概念;国企改革;西部大开发;参股券商;2025年报预增;白酒概念;沪股通;融资融券,17,12,600395.SH,600395
黄金概念;IP经济(谷子经济);创投;深股通;融资融券,33,5,002867.SZ,002867
牙科医疗;民营医院;医美概念;辅助生殖;智能医疗;DeepSeek概念;沪股通;AI应用;融资融券,17,9,600763.SH,600763
高股息精选;西部大开发;小米概念;融资融券;沪股通,17,5,601077.SH,601077
空间计算;水利;智慧城市;新型城镇化;低空经济;车联网(车路协同);污水处理;无人机;融资融券,33,9,301505.SZ,301505
特高压;风电;柔性直流输电;氢能源;光伏概念;储能;海工装备;央企国企改革;一带一路;充电桩;高铁;新能源汽车;第三代半导体;国企改革;长安汽车概念;可燃冰;机器人概念;传感器;芯片概念;数据中心;小米概念;国家大基金持股;无人驾驶;汽车芯片;数据要素;沪股通;融资融券,17,27,688187.SH,688187
光刻机;PET铜箔;芯片概念;机器视觉;固态电池;锂电池概念;海工装备;天然气;页岩气;沪股通;融资融券,17,11,603800.SH,603800
可控核聚变;数据中心;华为概念;智能电网;燃料电池;储能;比亚迪概念;新能源汽车;西部大开发;融资融券,17,10,688719.SH,688719
煤化工概念;化肥;土地流转;玉米;磷化工;粮食概念;农村电商;农业种植;供销社;染料;民爆概念;统一大市场;乡村振兴;生物质能发电;建筑节能;装配式建筑;维生素;毛发医疗;创投;光伏概念;医美概念;互联网金融;数字乡村;融资融券;深股通,33,25,002556.SZ,002556
互联网保险;沪股通;融资融券;证金持股;蚂蚁集团概念,17,5,601336.SH,601336
绿色电力;碳交易;固废处理;天然气;碳中和;PPP概念;超超临界发电;国企改革;风电;氢能源;垃圾分类;参股券商;光伏建筑一体化;虚拟电厂;充电桩;深圳国企改革;储能;创投;特高压;粤港澳大湾区;DeepSeek概念;华为概念;深股通;融资融券,33,24,000027.SZ,000027
智能医疗;ST板块;高铁;安防;军工;雄安新区;京津冀一体化;人工智能;无人机;车联网(车路协同);智慧城市;低空经济;人脸识别;军工信息化;数据要素;网络安全;语音技术;数字经济;信创;多模态AI,33,20,003004.SZ,003004
参股银行;人民币贬值受益;沪股通;融资融券,17,4,601339.SH,601339
新疆振兴;西部大开发;统一大市场;一带一路;冷链物流;沪股通;摘帽,17,7,600603.SH,600603
芯片概念;5G;液冷服务器;第三代半导体;东数西算(算力);数据中心;人形机器人;专精特新;比亚迪概念;机器人概念;高压快充;新能源汽车;充电桩;光伏概念;储能;沪股通;融资融券,17,17,688261.SH,688261
融资融券;风电;雅下水电概念;机器视觉;光纤概念;专精特新;抽水蓄能;京津冀一体化;智慧城市;传感器;数据要素;数字孪生;水利;信创;核电;物联网,151,16,920879.BJ,920879
风电;煤化工概念;绿色电力;碳交易;华为数字能源;储能;新疆振兴;天津自贸区;回购增持再贷款概念;国企改革;东数西算(算力);京津冀一体化;算力租赁;华为概念;智慧城市;DeepSeek概念;数字经济;沪股通;融资融券,17,19,600821.SH,600821
新疆振兴;西部大开发;天然气;摘帽,33,4,002700.SZ,002700
柔性直流输电;特高压;智能电网;风电;高压快充;核电;可控核聚变;超导概念;充电桩;光伏概念;储能;雅下水电概念;高铁;新能源汽车;一带一路;特斯拉概念;水利;比亚迪概念;数据中心;机器人概念;长安汽车概念;华为概念;冷链物流;深股通;融资融券,33,25,002533.SZ,002533
中字头股票;同花顺中特估100;证金持股;参股券商;雄安新区;雅下水电概念;水利;国企改革;央企国企改革;风电;一带一路;高铁;沪股通;融资融券;核电;AI智能体;商业航天,17,17,601800.SH,601800
中船系;国产航母;海工装备;核污染防治;数据中心;风电;核电;央企国企改革;京津冀一体化;氢能源;雄安新区;军民融合;储能;军工;燃料电池;国企改革;DeepSeek概念;石墨烯;锂电池概念;固态电池;新能源汽车;长安汽车概念;钠离子电池;沪股通;融资融券;中字头股票,17,26,600482.SH,600482
污水处理;央企国企改革;国企改革;地下管网;证金持股;回购增持再贷款概念;抽水蓄能;高铁;海工装备;高端装备;机器人概念;工业互联网;人工智能;DeepSeek概念;沪股通;融资融券;中字头股票,17,17,600528.SH,600528
证金持股;同花顺出海50;同花顺漂亮100;沪股通;融资融券;特斯拉概念;光伏概念;小米汽车;福建自贸区,17,9,600660.SH,600660
水泥概念;参股银行;绿色电力;深股通;融资融券;创投;粤港澳大湾区,33,7,002233.SZ,002233
证金持股;燃料电池;汽车热管理;小米汽车;上海国企改革;氢能源;新能源汽车;参股券商;国企改革;特斯拉概念;比亚迪概念;智能座舱;汽车电子;无人驾驶;小米概念;储能;机器视觉;固态电池;毫米波雷达;大飞机;沪股通;融资融券,17,22,600741.SH,600741
白酒概念;物业管理;新型城镇化;国企改革;金属铜;沪股通;融资融券;福建自贸区;海峡两岸;DeepSeek概念;一带一路;光伏概念;小米汽车;新能源汽车,17,14,600153.SH,600153
参股券商;参股银行;PPP概念;国企改革;智慧城市;沪股通;融资融券;回购增持再贷款概念,17,8,600350.SH,600350
氢能源;冷链物流;统一大市场;高端装备;人民币贬值受益;新能源汽车;智能物流;无人驾驶;华为概念;融资融券;深股通,33,11,301039.SZ,301039
钛白粉概念;福建自贸区;海峡两岸;专精特新;沪股通;融资融券,17,6,603826.SH,603826
深股通;融资融券;海工装备;工业母机;风电,33,5,002595.SZ,002595
PCB概念;消毒剂;2025年报预增;医疗器械概念;深股通;融资融券,33,6,002636.SZ,002636
风电;海工装备;核电;核污染防治;军工;融资融券;沪股通,17,7,603218.SH,603218
电力物联网;智能电网;虚拟电厂;充电桩;华为数字能源;芯片概念;专精特新;物联网;华为概念;智慧城市;人工智能;阿里巴巴概念;腾讯概念;沪股通;融资融券,17,15,688100.SH,688100
专精特新;有机硅概念;融资融券,33,3,301059.SZ,301059
碳中和;土壤修复;动力电池回收;风电;PPP概念;西部大开发;期货概念;污水处理;乡村振兴;绿色电力;国企改革;央企国企改革;锂电池概念;融资融券;沪股通;股权转让(并购重组),17,16,600292.SH,600292
新能源汽车;人民币贬值受益;大飞机;军工;沪股通;融资融券,17,6,601163.SH,601163
汽车芯片;芯片概念;消费电子概念;汽车电子;小米概念;智能座舱;新能源汽车;专精特新;储能;无人驾驶;华为概念;沪股通;融资融券,17,13,688141.SH,688141
云游戏;短剧游戏;手机游戏;网络游戏;文化传媒概念;NFT概念;虚拟数字人;AIGC概念;电子竞技;元宇宙;IP经济(谷子经济);AI智能体;虚拟现实;鸿蒙概念;区块链;英伟达概念;人工智能;华为概念;AI应用;深股通;融资融券,33,21,002624.SZ,002624
仿制药一致性评价;医药电商;流感;创新药;维生素;肝炎概念;参股银行;重组蛋白;幽门螺杆菌概念;农业种植;三胎概念;旅游概念;创投;家庭医生;沪股通;融资融券;数字经济,17,17,600566.SH,600566
新型工业化;固态电池;无人机;机器人概念;PET铜箔;专精特新;锂电池概念;消费电子概念;可降解塑料,33,9,001223.SZ,001223
汽车芯片;AI眼镜;汽车电子;芯片概念;消费电子概念;智能穿戴;小米概念;毫米波雷达;传感器;星闪概念;机器视觉;专精特新;无人驾驶;机器人概念;新能源汽车;无人机;安防;智能家居;虚拟现实;东数西算(算力);卫星导航;车联网(车路协同);低空经济;人脸识别;移动支付;网络安全;人工智能;海峡两岸;数据安全;腾讯概念;多模态AI;福建自贸区;融资融券;深股通,33,34,301536.SZ,301536
新能源汽车;专精特新;融资融券,33,3,301192.SZ,301192
石墨电极;固态电池;锂电池概念;宁德时代概念;燃料电池;储能;2025年报预增;一带一路;新能源汽车;飞行汽车(eVTOL);无人机;无人驾驶;DeepSeek概念;沪股通;融资融券,17,15,603612.SH,603612
专精特新;高铁;沪股通,17,3,605298.SH,605298
中芯国际概念;OLED;光刻机;电子纸;柔性屏(折叠屏);芯片概念;光伏概念;3D打印;AI PC;智能穿戴;专精特新;小米概念;虚拟现实;华为概念;烟草;元宇宙;人工智能;体育产业;IP经济(谷子经济);深股通;融资融券,33,21,300331.SZ,300331
海工装备;高端装备;风电;柔性直流输电;工业互联网;参股券商;沪股通;融资融券,17,8,603606.SH,603606
深股通;融资融券,33,2,002839.SZ,002839
同花顺中特估100;证金持股;航运概念;自由贸易港;国企改革;沪股通;融资融券,17,7,601018.SH,601018
中字头股票;同花顺中特估100;证金持股;装配式建筑;PPP概念;新型城镇化;地下管网;国企改革;央企国企改革;水利;绿色电力;沪股通;融资融券;一带一路;风电;回购增持再贷款概念;数字孪生;核电,17,18,601668.SH,601668
医疗废物处理;PPP概念;固废处理;污水处理;国企改革;地下管网;净水概念;新型城镇化;绿色电力;乡村振兴;雄安新区;土壤修复;垃圾分类;煤化工概念;京津冀一体化;智慧城市;DeepSeek概念;人工智能;机器人概念;沪股通;融资融券,17,21,600008.SH,600008
可降解塑料;沪股通,17,2,605008.SH,605008
ST板块;三胎概念;新能源汽车;高端装备;人民币贬值受益;智能电网;风电;虚拟现实;区块链;腾讯概念;股权转让(并购重组),33,11,002656.SZ,002656
黄金概念;小金属概念;预制菜;白酒概念;IP经济(谷子经济);旅游概念;冰雪产业;宠物经济;绿色电力;跨境电商;蚂蚁集团概念;体育产业;沪股通;融资融券;培育钻石,17,15,600655.SH,600655
特钢概念;国企改革;央企国企改革;氢能源;乡村振兴;核电;机器人概念;DeepSeek概念;人工智能;融资融券;深股通;中字头股票,33,12,000717.SZ,000717
页岩气;参股券商;参股保险;生物疫苗;雄安新区;创投;创新药;职业教育;2025年报预增;沪股通;融资融券,17,11,600739.SH,600739
污水处理;锂电池概念,17,2,603282.SH,603282
空间计算;MR(混合现实);专精特新;云游戏;人工智能;华为概念;在线教育;虚拟现实;元宇宙;国产操作系统;文化传媒概念;百度概念;虚拟数字人;AIGC概念;Web3.0;股权转让(并购重组),33,16,300264.SZ,300264
新型工业化;专精特新;一带一路;融资融券,33,4,301053.SZ,301053
统一大市场;航运概念;国企改革;西部大开发;民爆概念;智能物流;一带一路;股权转让(并购重组);沪股通,17,9,600279.SH,600279
超超临界发电;抽水蓄能;生物质能发电;绿色电力;风电;虚拟电厂;氢能源;2025三季报预增;碳交易;核电;碳中和;储能;国企改革;证金持股;2025年报预增;京津冀一体化;深股通;融资融券;DeepSeek概念;人工智能,33,20,000600.SZ,000600
煤化工概念;消毒剂;国企改革;西部大开发;芯片概念,17,5,600423.SH,600423
军民融合;军工;商业航天;低空经济;无人机;海工装备;飞行汽车(eVTOL);可控核聚变;核电;水利;人工智能;高铁;PM2.5;高端装备;专精特新;雅下水电概念;共同富裕示范区;深股通,33,18,300411.SZ,300411
绿色电力;央企国企改革;国企改革;西部大开发;水利;储能;充电桩;虚拟电厂;小金属概念;沪股通;融资融券,17,11,600116.SH,600116
PPP概念;装配式建筑;新型城镇化;国企改革;共同富裕示范区;一带一路;水利;长三角一体化;机器人概念;人工智能;深股通;融资融券,33,12,002061.SZ,002061
汽车芯片;军工;传感器;长三角一体化;人形机器人;芯片概念;机器人概念;小米汽车;新能源汽车;创投;DeepSeek概念;比亚迪概念;氢能源;燃料电池;数据中心;沪股通,17,16,603121.SH,603121
中字头股票;证金持股;同花顺中特估100;PPP概念;参股保险;同花顺出海50;风电;雄安新区;央企国企改革;特高压;国企改革;沪股通;融资融券;氢能源;高铁;燃料电池;一带一路;储能;高端装备;机器人概念;新能源汽车;数据中心;芯片概念,17,23,601766.SH,601766
BC电池;硅能源;TOPCON电池;钙钛矿电池;HJT电池;光伏概念;储能;芯片概念;同花顺漂亮100;西部大开发;乡村振兴;农村电商;预制菜;融资融券;沪股通,17,15,600438.SH,600438
国企改革;回购增持再贷款概念;储能;钠离子电池;固态电池;消费电子概念;AI智能体;沪股通;融资融券,17,9,600929.SH,600929
证金持股;跨境支付(CIPS);沪股通;融资融券;福建自贸区;海峡两岸,17,6,601166.SH,601166
期货概念;国企改革;沪股通;融资融券;创投;2025三季报预增,17,6,601555.SH,601555
金属锌;金属铅;金属铜;小金属概念;盐湖提锂;农村电商;农机;储能;乡村振兴;减速器;数字乡村;融资融券,33,12,000816.SZ,000816
细胞免疫治疗;仿制药一致性评价;幽门螺杆菌概念;创新药;医药电商;肝炎概念;眼科医疗;辅助生殖;医疗器械概念;西部大开发;知识产权保护;国企改革;融资融券,33,13,300006.SZ,300006
同花顺中特估100;装配式建筑;PPP概念;国企改革;绿色电力;水利;一带一路;高铁;智慧城市;深股通;腾讯概念;融资融券,33,12,000498.SZ,000498
参股券商;西部大开发;一带一路;互联网金融;深股通,33,5,001227.SZ,001227
盐湖提锂;小金属概念;磷化工;锂电池概念;储能;绿色电力;固废处理;风电;回购增持再贷款概念;西部大开发;国企改革;深股通;融资融券,33,13,000155.SZ,000155
足球概念;赛马概念;体育产业;冰雪产业;旅游概念;职业教育;京津冀一体化;国企改革;NFT概念;文化传媒概念;数字经济;在线教育;数据中心;沪股通;融资融券;中字头股票,17,16,600158.SH,600158
小金属概念;土壤修复;净水概念;污水处理;融资融券,17,5,688480.SH,688480
期货概念;国企改革;西部大开发;2025年报预增;沪股通;融资融券,17,6,601236.SH,601236
消毒剂;碳中和;回购增持再贷款概念;氢能源;长三角一体化;燃料电池;光伏概念;沪股通;融资融券;储能,17,10,600273.SH,600273
专精特新;创投;氟化工概念;沪股通;融资融券,17,5,603310.SH,603310
中芯国际概念;国家大基金持股;光刻机;氟化工概念;芯片概念;固态电池;锂电池概念;中船系;央企国企改革;国企改革;沪股通;融资融券;中字头股票,17,13,688146.SH,688146
建筑节能;光伏建筑一体化;光伏概念;储能;专精特新;装配式建筑;土壤修复;一带一路;绿色电力;腾讯概念;沪股通;融资融券,17,12,603098.SH,603098
三胎概念;同花顺出海50;体育产业;人民币贬值受益;融资融券;深股通,33,6,300979.SZ,300979
互联网金融;沪股通,17,2,601528.SH,601528
医药电商;流感;仿制药一致性评价;维生素;肝炎概念;创新药;三胎概念;养老概念;黑龙江自贸区;跨境电商;DeepSeek概念;沪股通;融资融券,17,13,600664.SH,600664
西部大开发;一带一路;国企改革,17,3,600984.SH,600984
高股息精选;证金持股;国企改革;沪股通;融资融券,17,5,601818.SH,601818
统一大市场;国企改革;证金持股;央企国企改革;冷链物流;中俄贸易概念;一带一路;智能物流;京津冀一体化;物联网;车联网(车路协同);沪股通;融资融券;中字头股票,17,14,600787.SH,600787
石墨烯;ST板块;机器人概念;中俄贸易概念;人民币贬值受益;三胎概念;养老概念;中韩自贸区;跨境电商;旅游概念,22,10,600735.SH,600735
煤化工概念;水泥概念;国企改革;西部大开发;绿色电力;氢能源;沪股通;融资融券,17,8,601568.SH,601568
换电概念;核电;长三角一体化;水利;专精特新;新型工业化;一带一路;机器人概念,17,8,603966.SH,603966
供销社;粮食概念;农业种植;生态农业;农村电商;化肥;俄乌冲突概念;冷链物流;中俄贸易概念;乡村振兴;土壤修复;农机;共同富裕示范区;医药电商;无人机;数字乡村;数字经济;深股通,33,18,002758.SZ,002758
养鸡;预制菜;乡村振兴;深股通;融资融券,33,5,002746.SZ,002746
液冷服务器;富士康概念;苹果概念;芯片概念;消费电子概念;比亚迪概念;宁德时代概念;固态电池;3D打印;锂电池概念;人民币贬值受益;无人机;深股通;融资融券,33,14,301326.SZ,301326
钠离子电池;氟化工概念;PVDF概念;固态电池;锂电池概念;宁德时代概念;消毒剂;ST板块;建筑节能;比亚迪概念,33,10,300343.SZ,300343
期货概念;国企改革;互联网金融;央企国企改革;化债概念(AMC概念);沪股通;融资融券,17,7,601198.SH,601198
西部大开发;沪股通;融资融券,17,3,601997.SH,601997
液冷服务器;算力租赁;东数西算(算力);数据中心;华为概念;AI应用;芯片概念;超级电容;人形机器人;储能;2025三季报预增;PVDF概念;锂电池概念;回购增持再贷款概念;氟化工概念;消毒剂;煤炭概念;沪股通;融资融券,17,19,600673.SH,600673
统一大市场;智能物流;长三角一体化;机器人概念;回购增持再贷款概念;跨境电商;华为概念;冷链物流;军民融合;沪股通;融资融券,17,11,603056.SH,603056
跨境电商;智能家居;沪股通;融资融券,17,4,603816.SH,603816
期货概念;同花顺中特估100;国企改革;2025年报预增;中字头股票;融资融券;沪股通,17,7,601995.SH,601995
统一大市场;乡村振兴;冷链物流;参股银行;预制菜;中俄贸易概念;国企改革;共同富裕示范区;长三角一体化;人工智能;智能医疗;融资融券;沪股通,17,13,600113.SH,600113
金属铜;回购增持再贷款概念;国企改革;同花顺中特估100;雄安新区;人民币贬值受益;京津冀一体化;融资融券;深股通,33,9,000923.SZ,000923
净水概念;ST板块;污水处理;上海自贸区,33,4,300899.SZ,300899
猪肉;养鸡;西部大开发;回购增持再贷款概念;AI应用;比亚迪概念;沪股通;融资融券,17,8,603477.SH,603477
PCB概念;长三角一体化;风电;绿色电力;家用电器;虚拟电厂;2025年报预增;东数西算(算力),17,8,603685.SH,603685
超级品牌;证金持股;医药电商;创新药;医美概念;参股券商;工业大麻;同花顺漂亮100;深股通;融资融券;西部大开发;华为概念,33,12,000538.SZ,000538
央企国企改革;水利;新型城镇化;无人机;超超临界发电;国企改革;同花顺中特估100;一带一路;风电;智能物流;绿色电力;煤炭概念;新能源汽车;人民币贬值受益;深股通;融资融券,33,16,000065.SZ,000065
跨境电商;家用电器;智能家居;华为概念,17,4,603551.SH,603551
PCB概念;PET铜箔;光刻胶;苹果概念;OLED;柔性屏(折叠屏);消费电子概念;芯片概念;2025年报预增;BC电池;光伏概念;新能源汽车;燃料电池;氢能源;特高压;军工;商业航天;西部大开发;沪股通;融资融券,17,20,601208.SH,601208
代糖概念;合成生物;维生素;参股银行;西部大开发;生物疫苗;融资融券;沪股通,17,8,600873.SH,600873
钙钛矿电池;固态电池;光伏概念;宁德时代概念;锂电池概念;OLED;比亚迪概念;储能;专精特新;燃料电池;芯片概念;先进封装;消费电子概念;氢能源;机器人概念;传感器;粤港澳大湾区;物联网;深股通;融资融券,33,20,301325.SZ,301325
核电;高铁;风电;水利;高端装备;储能;光伏概念;2025三季报预增;一带一路;京津冀一体化;创投;新疆振兴;雄安新区;地下管网;水泥概念;沪股通;融资融券,17,17,603969.SH,603969
小金属概念;回购增持再贷款概念;锂电池概念;央企国企改革;国企改革;西部大开发;核电;DeepSeek概念;股权转让(并购重组);中字头股票;沪股通;融资融券,17,12,600328.SH,600328
体育产业;三胎概念;IP经济(谷子经济);融资融券,33,4,301276.SZ,301276
代糖概念;一带一路;深股通;融资融券,33,4,002078.SZ,002078
中字头股票;同花顺中特估100;蚂蚁集团概念;国企改革;融资融券;沪股通,17,6,601319.SH,601319
稀土永磁;金属钴;金属镍;金属铜;小金属概念;金属回收;黄金概念;汽车拆解概念;存储芯片;固废处理;芯片概念;百度概念;融资融券,33,13,301265.SZ,301265
生物质能发电;医疗废物处理;PPP概念;固废处理;国企改革;绿色电力;垃圾分类;粤港澳大湾区;储能;沪股通;融资融券,17,11,601033.SH,601033
盐湖提锂;小金属概念;化肥;2025年报预增;锂电池概念;西部大开发;同花顺漂亮100;比亚迪概念;央企国企改革;新能源汽车;融资融券;深股通;特色小镇;旅游概念;股权转让(并购重组),33,15,000792.SZ,000792
人形机器人;汽车热管理;比亚迪概念;新能源汽车;无人驾驶;深股通;融资融券,33,7,300969.SZ,300969
国企改革;创投;化债概念(AMC概念);参股银行;绿色电力;回购增持再贷款概念;3D打印;专精特新;海峡两岸;新能源汽车;光伏概念;储能;消费电子概念,17,13,600784.SH,600784
中字头股票;同花顺中特估100;证金持股;装配式建筑;PPP概念;特色小镇;国企改革;央企国企改革;水利;沪股通;融资融券;一带一路;高铁;金属铜;高端装备;商业航天;机器人概念,17,17,601186.SH,601186
特色小镇;PPP概念;ST板块;污水处理;西部大开发;国企改革,33,6,002200.SZ,002200
煤炭概念;国企改革;沪股通;股权转让(并购重组),17,4,600397.SH,600397
2025年报预增;云游戏;东数西算(算力);芯片概念;信创;人工智能;智能医疗;2025三季报预增;DeepSeek概念;智能物流;家用电器;文化传媒概念;深股通,33,13,002290.SZ,002290
猪肉;预制菜;乡村振兴;西部大开发;回购增持再贷款概念;沪股通,17,6,605296.SH,605296
租售同权;物业管理;证金持股;同花顺漂亮100;国企改革;央企国企改革;沪股通;融资融券;智能家居,17,9,600048.SH,600048
虚拟现实;数据中心;融资融券;数字经济;职业教育;DeepSeek概念;元宇宙;互联网金融;MR(混合现实);京津冀一体化,151,10,920090.BJ,920090
中字头股票;盐湖提锂;稀土永磁;央企国企改革;国企改革;一带一路;PPP概念;高端装备;沪股通;融资融券,17,10,601068.SH,601068
光纤概念;共封装光学(CPO);燃料电池;5G;消费电子概念;小米概念;华为概念;深股通;证金持股;融资融券,33,10,300408.SZ,300408
统一大市场;装配式建筑;国企改革;中俄贸易概念;储能;新能源汽车;工业互联网;ERP概念;深股通,33,9,000906.SZ,000906
农机;长安汽车概念;新能源汽车;比亚迪概念;机器视觉;汽车电子;无线充电,33,7,001278.SZ,001278
磷化工;化肥;氟化工概念;煤化工概念;煤炭概念;可降解塑料;宁德时代概念;回购增持再贷款概念;光刻胶;国企改革;乡村振兴;华为概念;股权转让(并购重组);融资融券;深股通,33,15,000422.SZ,000422
芯片概念;2025年报预增;专精特新;医疗器械概念;辅助生殖;回购增持再贷款概念;医疗废物处理;人工智能;智能医疗;融资融券,33,10,301235.SZ,301235
有机硅概念;染料;工业互联网;沪股通;融资融券,17,5,603181.SH,603181
国企改革;参股银行;大豆;参股保险;汽车拆解概念;一带一路;统一大市场;期货概念;化债概念(AMC概念);医美概念;养老概念;小金属概念;共同富裕示范区;辅助生殖;跨境电商;储能;DeepSeek概念;机器人概念;脑机接口;小米汽车;沪股通;融资融券,17,22,600704.SH,600704
盐湖提锂;金属铜;小金属概念;黄金概念;化肥;锂电池概念;西部大开发;国企改革;融资融券;深股通,33,10,000408.SZ,000408
特高压;中字头股票;抽水蓄能;绿色电力;雅下水电概念;碳交易;光热发电;风电;同花顺中特估100;PPP概念;污水处理;证金持股;水利;雄安新区;新型城镇化;碳中和;央企国企改革;燃料电池;国企改革;土壤修复;核电;一带一路;储能;光伏概念;乡村振兴;高端装备;海工装备;同花顺漂亮100;京津冀一体化;金属钴;小金属概念;低空经济;沪股通;融资融券;商业航天;智慧城市;人工智能;DeepSeek概念;AI智能体,17,39,601669.SH,601669
核污染防治;机器人概念;PM2.5;水利;京津冀一体化;污水处理;乡村振兴;区块链;碳中和;雄安新区;碳交易;摘帽,33,12,300137.SZ,300137
盐湖提锂;锂电池概念;碳中和;物业管理;深股通;融资融券,33,6,000036.SZ,000036
中俄贸易概念;新能源汽车;粤港澳大湾区;融资融券,33,4,301105.SZ,301105
可控核聚变;核电;海工装备;高端装备;抽水蓄能;超超临界发电;风电;工业母机;氢能源;水利;央企国企改革;储能;西部大开发;一带一路;新型工业化;创投;固废处理;国企改革;乡村振兴;沪股通;融资融券,17,21,601399.SH,601399
猪肉;同花顺漂亮100;参股银行;乡村振兴;合成生物;深股通;融资融券;回购增持再贷款概念,33,8,002714.SZ,002714
C2M概念;同花顺漂亮100;智能家居;沪股通;融资融券,17,5,603833.SH,603833
固废处理;钠离子电池;绿色电力;土壤修复;氢能源;风电;回购增持再贷款概念;污水处理;储能;国企改革;PPP概念;专精特新;海峡两岸;机器人概念;华为概念;融资融券;沪股通,17,17,600388.SH,600388
化肥;生态农业;煤化工概念;民爆概念;氢能源;燃料电池;光伏概念;国企改革;新能源汽车;军工;军民融合;股权转让(并购重组);融资融券,33,13,002783.SZ,002783
长三角一体化;融资融券;沪股通,17,3,603323.SH,603323
2025三季报预增;沪股通;融资融券,17,3,688758.SH,688758
生物质能发电;绿色电力;航运概念;抽水蓄能;碳中和;统一大市场;光伏建筑一体化;风电;国企改革;储能;共同富裕示范区;光伏概念;华为数字能源;华为概念;沪股通,17,15,600982.SH,600982
液冷服务器;空气能热泵;储能;核电;风电;数据中心;比亚迪概念;中俄贸易概念;专精特新;军工;垃圾分类;水利;固废处理;污水处理;创投;土壤修复;国企改革;中芯国际概念;PPP概念;金属回收;新型城镇化;净水概念;智慧城市;腾讯概念;深股通;融资融券,33,26,300145.SZ,300145
融资融券;沪股通,17,2,601577.SH,601577
托育服务;三胎概念;职业教育;在线教育;文化传媒概念;股权转让(并购重组),33,6,300329.SZ,300329
证金持股;同花顺中特估100;沪股通;融资融券;同花顺漂亮100;跨境支付(CIPS),17,6,600036.SH,600036
有机硅概念;硅能源;光伏概念;人民币贬值受益;沪股通,17,5,603281.SH,603281
证金持股;统一大市场;航运概念;天津自贸区;国企改革;雄安新区;自由贸易港;旅游概念;京津冀一体化;沪股通;融资融券,17,11,600717.SH,600717
金属钴;金属镍;金属铜;小金属概念;盐湖提锂;金属回收;磷化工;动力电池回收;钠离子电池;固态电池;锂电池概念;宁德时代概念;俄乌冲突概念;同花顺漂亮100;回购增持再贷款概念;储能;特斯拉概念;比亚迪概念;新能源汽车;长三角一体化;飞行汽车(eVTOL);人民币贬值受益;沪股通;人形机器人;融资融券,17,25,603799.SH,603799
商业航天;可控核聚变;卫星导航;军工;大飞机;碳纤维;军民融合;3D打印;第三代半导体;机器人概念;人形机器人;专精特新;风电;燃料电池;MiniLED;新能源汽车;充电桩;2025三季报预增;PCB概念;回购增持再贷款概念;培育钻石;锂电池概念;固态电池;钒电池;动力电池回收;金属铜;2025年报预增;深股通;融资融券,33,29,002171.SZ,002171
草甘膦;有机硅概念;硅能源;大豆;锂电池概念;玉米;光伏概念;农业种植;转基因;乡村振兴;共同富裕示范区;人形机器人;华为概念;沪股通;融资融券,17,15,600596.SH,600596
先进封装;PCB概念;MiniLED;芯片概念;消费电子概念;5G;毫米波雷达;6G概念;石墨烯;海峡两岸;储能;华为概念;固态电池;锂电池概念;绿色电力;冷链物流;沪股通,17,17,603186.SH,603186
参股银行;PPP概念;医疗废物处理;参股券商;固废处理;证金持股;国企改革;预制菜;垃圾分类;期货概念;充电桩;互联网金融;深股通;融资融券,33,14,000900.SZ,000900
成飞概念;大飞机;军民融合;军工;无人机;低空经济;高端装备;ST板块;可控核聚变;西部大开发,22,10,603261.SH,603261
金属回收;汽车拆解概念;固废处理;人民币贬值受益;2025年报预增;海峡两岸;融资融券;沪股通,17,8,601388.SH,601388
环氧丙烷;生物质能发电;绿色电力;一带一路;智能物流;光伏概念;工业互联网;数字孪生;新型工业化;数字经济;DeepSeek概念;数据要素;元宇宙;AI语料;AI应用;沪股通;融资融券,17,17,600308.SH,600308
跨境支付(CIPS);融资融券;沪股通,17,3,601825.SH,601825
信托概念;参股银行;参股保险;国企改革;充电桩;化债概念(AMC概念);回购增持再贷款概念;创投;文化传媒概念;沪股通;融资融券;AI应用,17,12,600020.SH,600020
量子科技;信创;网络安全;数据安全;工业互联网;军工信息化;数据要素;电力物联网;智能电网;虚拟电厂;融资融券,17,11,688171.SH,688171
地下管网;净水概念;污水处理;一带一路;数字经济;水利;智能家居;石墨烯;深股通;融资融券;海峡两岸,33,11,002372.SZ,002372
航空发动机;军工;碳纤维;西部大开发;沪股通;融资融券,17,6,688281.SH,688281
AI应用;云计算;融资融券;一带一路;净水概念;新型城镇化;装配式建筑;水利;智慧城市;人工智能;污水处理;西部大开发;数字孪生;房屋检测;PPP概念,151,15,920873.BJ,920873
共封装光学(CPO);PCB概念;AI PC;富士康概念;英伟达概念;2025年报预增;5G;汽车电子;AI手机;芯片概念;海峡两岸;数据中心;小米概念;储能;特斯拉概念;光伏概念;新能源汽车;东数西算(算力);虚拟现实;人民币贬值受益;粤港澳大湾区;深股通;人形机器人;智能电网;机器人概念;物联网;同花顺出海50;乡村振兴;融资融券,33,29,300476.SZ,300476
天然气;航运概念;医疗废物处理;风电;固废处理;污水处理;海工装备;一带一路;高端装备;国企改革;人民币贬值受益;深股通;融资融券,33,13,002483.SZ,002483
PPP概念;绿色电力;新型城镇化;污水处理;乡村振兴;国企改革;水利;抽水蓄能;一带一路;氢能源;风电;燃料电池;储能;粤港澳大湾区;智慧城市;深股通;融资融券,33,17,002060.SZ,002060
粤港澳大湾区;注册制次新股;跨境电商;深股通;新股与次新股;融资融券,33,6,001221.SZ,001221
3D打印;军工;大飞机;商业航天;新能源汽车;比亚迪概念;汽车热管理;深股通,33,8,002540.SZ,002540
特钢概念;煤化工概念;国企改革;央企国企改革;深股通;融资融券,33,6,000761.SZ,000761
ST板块;医疗器械概念;乡村振兴;农业种植;西部大开发;维生素;新疆振兴;股权转让(并购重组);国企改革,33,9,000972.SZ,000972
金属镍;小金属概念;钠离子电池;固态电池;锂电池概念;宁德时代概念;污水处理;比亚迪概念;国企改革;深股通;融资融券,33,11,002125.SZ,002125
IP经济(谷子经济);融资融券,33,2,300915.SZ,300915
煤炭概念;煤化工概念;国企改革;沪股通;融资融券,17,5,601699.SH,601699
同花顺中特估100;地下管网;国企改革;污水处理;新型城镇化;新疆振兴;乡村振兴;央企国企改革;西部大开发;水利;碳中和;一带一路;机器人概念;智慧城市;低空经济;数字经济;3D打印;DeepSeek概念;人工智能;车联网(车路协同);数据要素;智慧政务;数据中心;沪股通;融资融券;股权转让(并购重组);中字头股票,17,27,600720.SH,600720
水泥概念;2025三季报预增;光伏概念;国企改革;专精特新;参股券商;融资融券;沪股通,17,8,600063.SH,600063
AI应用;智能医疗;医药电商;数据要素;AI语料;AI智能体;DeepSeek概念;中俄贸易概念;机器人概念,17,9,605186.SH,605186
固废处理;回购增持再贷款概念;融资融券,17,3,688370.SH,688370
英伟达概念;富士康概念;消费电子概念;智能穿戴;小米概念;传感器;华为概念;无人机;机器人概念;新能源汽车;高压快充;粤港澳大湾区;家用电器;海峡两岸;深股通;融资融券,33,16,301458.SZ,301458
IP经济(谷子经济);文化传媒概念;网络游戏;独角兽概念;DeepSeek概念;智谱AI;创投;ETC;国企改革;证金持股;智能物流;机器人概念;AI应用;融资融券;沪股通,17,15,601801.SH,601801
抽水蓄能;智能电网;光伏概念;风电;核电;储能;海南自贸区;海工装备;数据中心;雅下水电概念;高端装备;新能源汽车;中国AI 50;专精特新;工业互联网;机器人概念;华为概念;数字孪生;阿里巴巴概念;百度概念;数据要素;融资融券;沪股通,17,23,688676.SH,688676
汽车芯片;MCU芯片;先进封装;芯片概念;消费电子概念;传感器;人形机器人;新能源汽车;机器人概念;物联网;沪股通;融资融券,17,12,688052.SH,688052
富士康概念;液冷服务器;苹果概念;消费电子概念;工业母机;华为数字能源;储能;锂电池概念;新能源汽车;汽车热管理;专精特新;新型工业化;机器人概念;华为概念;回购增持再贷款概念;虚拟现实;深股通;融资融券,33,18,301086.SZ,301086
生物疫苗;基因测序;细胞免疫治疗;创新药;消毒剂;固态电池;智能医疗;深股通;融资融券,33,9,300109.SZ,300109
污水处理;天然气;净水概念;储能;土壤修复;国企改革;股权转让(并购重组),33,7,002778.SZ,002778
绿色电力;证金持股;风电;国企改革;沪股通;融资融券,17,6,600780.SH,600780
同花顺果指数;共封装光学(CPO);富士康概念;英伟达概念;苹果概念;液冷服务器;芯片概念;5G;2025年报预增;海峡两岸;新能源汽车;数据中心;机器人概念;同花顺新质50;东数西算(算力);虚拟现实;物联网;算力租赁;医疗器械概念;工业互联网;创投;同花顺出海50;智慧城市;阿里巴巴概念;人工智能;云计算;同花顺漂亮100;沪股通;融资融券,17,29,601138.SH,601138
新能源汽车;汽车电子;专精特新;新股与次新股;融资融券,151,5,920168.BJ,920168
超级品牌;乳业;证金持股;三胎概念;宠物经济;同花顺漂亮100;沪股通;融资融券;生态农业;西部大开发;华为概念,17,11,600887.SH,600887
猪肉;土地流转;碳中和;乡村振兴;深股通;融资融券,33,6,002157.SZ,002157
充电桩;新能源汽车;储能;高压快充;比亚迪概念;5G;机器人概念;数据中心;军工;低空经济;华为概念;液冷服务器;固态电池;新疆振兴;沪股通;融资融券,17,16,603989.SH,603989
磷化工;动力电池回收;固态电池;宁德时代概念;锂电池概念;金属铜;储能;比亚迪概念;新能源汽车;2025年报预增;深股通;融资融券,33,12,301358.SZ,301358
深股通;融资融券,33,2,002958.SZ,002958
海工装备;核电;风电;核污染防治;超超临界发电;军工;高端装备;国企改革;回购增持再贷款概念;抽水蓄能;储能;京津冀一体化;2025年报预增;深股通;融资融券,33,15,300185.SZ,300185
独角兽概念;创投;2025年报预增;互联网金融;污水处理;新能源汽车;充电桩;天然气;绿色电力;高压快充;沪股通;融资融券,17,12,600635.SH,600635
智谱AI;ChatGPT概念;AIGC概念;AI智能体;云计算;信创;数据要素;军工信息化;DeepSeek概念;人工智能;东数西算(算力);数字孪生;数字经济;华为概念;商业航天;AI应用;军民融合;5G;军工;工业互联网;京津冀一体化;航空发动机;大飞机;新型工业化;人形机器人;高端装备;核电;比亚迪概念;沪股通,17,29,603859.SH,603859
空气能热泵;人民币贬值受益;水利;深股通,33,4,002884.SZ,002884
草甘膦;磷化工;2025年报预增;乡村振兴;融资融券;沪股通,17,6,600389.SH,600389
参股券商;深圳国企改革;PPP概念;参股银行;国企改革;固废处理;汽车拆解概念;粤港澳大湾区;百度概念;沪股通;融资融券;风电,17,12,600548.SH,600548
水泥概念;央企国企改革;国企改革;中俄贸易概念;一带一路;统一大市场;冷链物流;高铁;智能物流;充电桩;人工智能;中字头股票;融资融券;深股通,33,14,000927.SZ,000927
新型城镇化;新疆振兴;同花顺中特估100;央企国企改革;乡村振兴;水利;国企改革;污水处理;固废处理;一带一路;冰雪产业;人民币贬值受益;华为概念;深股通;融资融券;中字头股票,33,16,002051.SZ,002051
水泥概念;可降解塑料;国企改革;硅能源;沪股通,17,5,600935.SH,600935
天然气;2025年报预增;西部大开发;摘帽,33,4,002259.SZ,002259
猪肉;养鸡;证金持股;预制菜;农村电商;参股银行;乡村振兴;西部大开发;一带一路;深股通;融资融券,33,11,000876.SZ,000876
超级品牌;证金持股;参股银行;同花顺漂亮100;网约车;国企改革;上海国企改革;换电概念;华为汽车;足球概念;燃料电池;一带一路;新能源汽车;动力电池回收;车联网(车路协同);无人驾驶;独角兽概念;沪股通;融资融券;DeepSeek概念;固态电池;宁德时代概念;华为概念;2025年报预增,17,24,600104.SH,600104
电子竞技;手机游戏;网络游戏;云游戏;语音技术;AIGC概念;虚拟数字人;ChatGPT概念;阿里巴巴概念;鸿蒙概念;虚拟现实;元宇宙;腾讯概念;AI智能体;人工智能;百度概念;DeepSeek概念;华为概念;旅游概念;创投;互联网金融;参股保险;西部大开发;AI应用;深股通;融资融券,33,26,002558.SZ,002558
农机;机器人概念;农村电商;中俄贸易概念;工业大麻;低空经济;一带一路;乡村振兴;氢能源;西部大开发,33,10,300022.SZ,300022
金属钴;金属铜;金属锌;金属镍;金属铅;小金属概念;黄金概念;锂电池概念;绿色电力;固废处理;福建自贸区;海峡两岸;人民币贬值受益;沪股通;融资融券;摘帽,17,16,600711.SH,600711
航运概念;统一大市场;绿色电力;光伏建筑一体化;国企改革;天然气;一带一路;风电;广东自贸区;横琴新区;粤港澳大湾区;深股通,33,12,000507.SZ,000507
网红经济;京津冀一体化;回购增持再贷款概念;融资融券;深股通,33,5,000848.SZ,000848
流感;维生素;生物疫苗;仿制药一致性评价;肝炎概念;合成生物;创新药;眼科医疗;证金持股;重组蛋白;雄安新区;国企改革;化肥;DeepSeek概念;数字经济;沪股通;融资融券,17,17,600812.SH,600812
专精特新;商业航天;可控核聚变;西部大开发;核电;海工装备;融资融券;国企改革;卫星导航,151,9,920576.BJ,920576
3D打印;机器视觉;专精特新;工业互联网;融资融券,17,5,688291.SH,688291
幽门螺杆菌概念;生物疫苗;创新药;流感;西部大开发;专精特新;沪股通;融资融券,17,8,688319.SH,688319
光刻胶;中芯国际概念;存储芯片;OLED;芯片概念;上海自贸区;可降解塑料;石墨烯;融资融券;沪股通,17,10,603650.SH,603650
超超临界发电;煤炭概念;绿色电力;风电;央企国企改革;国企改革;黑龙江自贸区;沪股通,17,8,600726.SH,600726
共封装光学(CPO);光纤概念;苹果概念;TOPCON电池;钙钛矿电池;芯片概念;MR(混合现实);3D打印;光伏概念;比亚迪概念;机器视觉;专精特新;虚拟现实;华为概念;宁德时代概念;固态电池;2025年报预增;沪股通;融资融券,17,19,688025.SH,688025
储能;宁德时代概念;新能源汽车;比亚迪概念;空气能热泵;高铁;核电;汽车热管理;雄安新区;创投;军工;华为概念;数据中心;冷链物流;液冷服务器;冰雪产业;融资融券;深股通,33,18,002011.SZ,002011
柔性直流输电;特高压;智能电网;抽水蓄能;电力物联网;核电;专精特新;医疗器械概念;2025年报预增;水利;基因测序;血氧仪;智能医疗;家庭医生;融资融券,33,15,300018.SZ,300018
海峡两岸;电子竞技;虚拟现实;智慧城市;电子纸;智能穿戴;MiniLED;数字经济;MicroLED概念;华为概念;智能家居;数字孪生;云游戏;消费电子概念;跨境电商;中俄贸易概念;无线耳机;小米概念;一带一路;汽车电子;国企改革;在线教育;腾讯概念;智能医疗;家用电器;阿里巴巴概念;信创;人民币贬值受益;充电桩;央企国企改革;AIGC概念;PCB概念;云办公;富士康概念;深股通,33,35,000727.SZ,000727
国企改革;DeepSeek概念;腾讯概念;抖音概念(字节概念);阿里巴巴概念;沪股通;融资融券,17,7,601828.SH,601828
第三代半导体;芯片概念;烟草;创投;工业大麻;西部大开发;股权转让(并购重组),17,7,603058.SH,603058
碳中和;氢能源;天然气;国企改革,17,4,603637.SH,603637
国产航母;航空发动机;大飞机;军工;高端装备;央企国企改革;国企改革;西部大开发;沪股通;融资融券,17,10,600391.SH,600391
数字经济;创投;一带一路,33,3,002394.SZ,002394
参股银行;国企改革;一带一路;回购增持再贷款概念;西部大开发;新能源汽车;机器人概念;军工;无人机;深股通;融资融券,33,11,000589.SZ,000589
商业航天;卫星导航;钙钛矿电池;无人机;土壤修复;一带一路;人民币贬值受益;沪股通,17,8,605598.SH,605598
啤酒概念;粮食概念;国企改革;乡村振兴;粤港澳大湾区;深股通,33,6,001338.SZ,001338
军民融合;军工;TOPCON电池;央企国企改革;光伏概念;国企改革;上海自贸区;比亚迪概念;汽车热管理;新能源汽车;人民币贬值受益;绿色电力;融资融券;沪股通,17,14,600151.SH,600151
证金持股;同花顺漂亮100;两轮车;雄安新区;燃料电池;氢能源;车联网(车路协同);无人驾驶;同花顺出海50;机器人概念;新能源汽车;DeepSeek概念;沪股通;融资融券;智能座舱;华为概念;宁德时代概念;固态电池;MCU芯片,17,19,601633.SH,601633
超超临界发电;绿色电力;国企改革;风电;参股保险;期货概念;储能;光伏概念;创投;粤港澳大湾区;深股通;融资融券,33,12,000539.SZ,000539
智慧灯杆;智慧城市;新能源汽车;汽车电子;人民币贬值受益;股权转让(并购重组);沪股通,17,7,603303.SH,603303
芯片概念;移动支付;数字货币;东数西算(算力);跨境支付(CIPS);ST板块;云计算;区块链;互联网金融,33,9,002647.SZ,002647
统一大市场;煤炭概念;国企改革;西部大开发;一带一路;无人驾驶;股权转让(并购重组);深股通;融资融券,33,9,000557.SZ,000557
云办公;智慧政务;AIGC概念;在线教育;ChatGPT概念;信创;多模态AI;AI智能体;时空大数据;量子科技;智慧城市;安防;虚拟现实;人脸识别;人工智能;华为概念;数字孪生;物联网;车联网(车路协同);无人机;智能穿戴;机器视觉;AI应用;融资融券,17,24,603660.SH,603660
商业航天;军工;无人机;传感器;海工装备;高铁;机器人概念;专精特新;工业互联网;芯片概念;沪股通;融资融券,17,12,688539.SH,688539
航运概念;统一大市场;中韩自贸区;国企改革;一带一路;自由贸易港;2025三季报预增;上海国企改革;跨境电商;上海自贸区;海峡两岸;沪股通;融资融券,17,13,601083.SH,601083
汽车芯片;智慧政务;数字孪生;物联网;芯片概念;数据要素;智慧城市;新能源汽车;2025年报预增;虚拟电厂;创投;新型城镇化;西部大开发;PPP概念;国企改革;融资融券;深股通,33,17,000628.SZ,000628
参股银行;MicroLED概念;绿色电力;硅能源;光伏概念;MiniLED;回购增持再贷款概念;柔性屏(折叠屏);证金持股;OLED;超级品牌;2025年报预增;比亚迪概念;粤港澳大湾区;AI眼镜;工业互联网;小米概念;消费电子概念;华为概念;虚拟现实;芯片概念;深股通;融资融券,33,23,000100.SZ,000100
污水处理;生物质能发电;固废处理;绿色电力;垃圾分类;碳中和;新型城镇化;一带一路;股权转让(并购重组);深股通;融资融券,33,11,301109.SZ,301109
金属钴;金属镍;小金属概念;金属铜;稀土永磁;金属回收;动力电池回收;黄金概念;钠离子电池;固态电池;锂电池概念;宁德时代概念;石墨烯;汽车拆解概念;氢能源;储能;固废处理;回购增持再贷款概念;特斯拉概念;燃料电池;比亚迪概念;新能源汽车;碳中和;污水处理;一带一路;土壤修复;专精特新;垃圾分类;机器人概念;粤港澳大湾区;低空经济;深股通;融资融券,33,33,002340.SZ,002340
旅游概念;ST板块;国企改革,33,3,000430.SZ,000430
磷化工;锂电池概念;新能源汽车;比亚迪概念;合成生物;芯片概念;融资融券;沪股通,17,8,603010.SH,603010
国企改革;污水处理;一带一路;央企国企改革;高铁;回购增持再贷款概念;高端装备;军工;沪股通;融资融券,17,10,600495.SH,600495
血氧仪;智能医疗;三胎概念;医疗器械概念;宠物经济;人工智能;DeepSeek概念;腾讯概念;2025年报预增;AI应用;人民币贬值受益;低空经济;芯片概念;深股通,33,14,300206.SZ,300206
跨境支付(CIPS);证金持股;信托概念;沪股通;融资融券,17,5,600000.SH,600000
机器人概念;物联网;股权转让(并购重组),33,3,300720.SZ,300720
人造肉;NMN概念;农业种植;乡村振兴;一带一路;细胞免疫治疗;股权转让(并购重组),33,7,300511.SZ,300511
海峡两岸;国企改革;创投;锂电池概念;沪股通;股权转让(并购重组),17,6,605086.SH,605086
同花顺中特估100;PPP概念;装配式建筑;物业管理;新型城镇化;污水处理;雄安新区;新疆振兴;国企改革;乡村振兴;房屋检测;土壤修复;建筑节能;绿色电力;水利;一带一路;光伏建筑一体化;雅下水电概念;回购增持再贷款概念;抽水蓄能;低空经济;数字经济;智能电网;沪股通;融资融券,17,25,600502.SH,600502
家用电器;短剧游戏;沪股通;融资融券,17,4,603868.SH,603868
证金持股;同花顺中特估100;沪股通;融资融券;国企改革;中字头股票,17,6,601998.SH,601998
富士康概念;液冷服务器;苹果概念;人形机器人;PCB概念;共封装光学(CPO);华为手机;比亚迪概念;华为海思概念股;华为汽车;柔性屏(折叠屏);新能源汽车;芯片概念;华为数字能源;新型工业化;消费电子概念;高端装备;机器人概念;无人机;数据中心;军工;无人驾驶;华为概念;粤港澳大湾区;虚拟现实;人工智能;深股通;融资融券,33,28,301128.SZ,301128
数据中心;高压快充;智能电网;2025年报预增;充电桩;汽车电子;储能;换电概念;军工;新能源汽车;京津冀一体化;雄安新区,33,12,300491.SZ,300491
信创;国产操作系统;AI PC;华为鲲鹏;数据安全;中国AI 50;网络安全;量子科技;百度概念;车联网(车路协同);东数西算(算力);卫星导航;智慧城市;区块链;华为概念;人工智能;商业航天;数字经济;军民融合;DeepSeek概念;5G;数据中心;军工;汽车电子;芯片概念;消费电子概念;粤港澳大湾区;液冷服务器;海工装备;智能电网;锂电池概念;央企国企改革;国企改革;钠离子电池;深股通;中字头股票;融资融券,33,37,000066.SZ,000066
华为汽车;新能源汽车;铜缆高速连接;长安汽车概念;小米汽车;特斯拉概念;储能;人形机器人;机器人概念;数据中心;商业航天;深股通;融资融券,33,13,300863.SZ,300863
稀土永磁;小金属概念;石墨烯;锂电池概念;氢能源;雅下水电概念;固态电池;燃料电池;一带一路;核电;央企国企改革;新疆振兴;中俄贸易概念;国企改革;海工装备;新能源汽车;比亚迪概念;专精特新;军工;化债概念(AMC概念);机器人概念;消费电子概念;无人机;房屋检测;人形机器人;中字头股票;融资融券;深股通,33,28,002057.SZ,002057
航运概念;统一大市场;国企改革;深圳国企改革;冷链物流;雄安新区;中俄贸易概念;深股通;融资融券;粤港澳大湾区;华为概念,33,11,000088.SZ,000088
核电;光伏概念;高端装备;军工;氢能源;核污染防治;硅能源;商业航天;超超临界发电;水利;中俄贸易概念;一带一路;可降解塑料;西部大开发;天然气,33,15,300092.SZ,300092
专精特新;有机硅概念;创投;2025年报预增;参股银行;合成生物;参股券商;融资融券,33,8,002054.SZ,002054
国产航母;大飞机;军民融合;军工信息化;商业航天;卫星导航;军工;低空经济;无人机;飞行汽车(eVTOL);央企国企改革;传感器;国企改革;芯片概念;沪股通;融资融券;中字头股票,17,17,600372.SH,600372
横琴新区;粤港澳大湾区;创投;统一大市场,33,4,002492.SZ,002492
ST板块;工业大麻;人民币贬值受益;冷链物流;土地流转;期货概念;数字经济;数据中心,33,8,300175.SZ,300175
商业航天;卫星导航;军工;芯片概念;存储芯片;西部大开发;ST板块,22,7,688053.SH,688053
比亚迪概念;新能源汽车;传感器;汽车电子;5G;中俄贸易概念;回购增持再贷款概念;深股通;融资融券,33,9,301529.SZ,301529
物联网;机器人概念;军工;工业互联网;3D打印;华为概念;新能源汽车;电力物联网;数据中心;东数西算(算力);人工智能;卫星导航;算力租赁;鸿蒙概念;深股通,33,15,002730.SZ,002730
天然气;PPP概念;地下管网;国企改革;雄安新区;上海国企改革;新型城镇化;一带一路;回购增持再贷款概念;氢能源;水利;风电;专精特新;高端装备;沪股通;融资融券;机器人概念;智慧城市;低空经济;数字经济;人工智能;数据要素,17,22,600820.SH,600820
土地流转;冷链物流;国企改革;西部大开发;智能物流,33,5,000911.SZ,000911
可控核聚变;核电;高端装备;氢能源;光伏概念;充电桩;芯片概念;第三代半导体;固废处理;绿色电力;污水处理;融资融券;深股通,33,13,002255.SZ,002255
新型工业化;工业母机;人形机器人;专精特新;高端装备;机器人概念;航空发动机;商业航天;融资融券,17,9,688558.SH,688558
证金持股;跨境支付(CIPS);深股通;融资融券,33,4,000001.SZ,000001
租售同权;物业管理;广东自贸区;证金持股;旅游概念;冰雪产业;国企改革;横琴新区;回购增持再贷款概念;沪股通;融资融券;数字经济;粤港澳大湾区;华为概念,17,14,600325.SH,600325
黄金概念;染料;污水处理;回购增持再贷款概念;共同富裕示范区;沪股通;融资融券,17,7,600987.SH,600987
华为概念;独角兽概念;海峡两岸;智能穿戴;MiniLED;消费电子概念;新能源汽车;人民币贬值受益;OLED;融资融券,33,10,001373.SZ,001373
智谱AI;数字水印;数据安全;智慧政务;AI智能体;信创;网络安全;鸿蒙概念;数据要素;抖音概念(字节概念);跨境支付(CIPS);阿里巴巴概念;东数西算(算力);DeepSeek概念;车联网(车路协同);人工智能;卫星导航;智慧城市;商业航天;6G概念;工业互联网;5G;AI应用;沪股通;股权转让(并购重组);融资融券,17,26,688225.SH,688225
高股息精选;天津自贸区;雄安新区;地下管网;雅下水电概念;水利;2025年报预增;沪股通,17,8,601686.SH,601686
卫星导航;军工;华为概念;芯片概念;股权转让(并购重组);车联网(车路协同);星闪概念;商业航天;无人驾驶;太赫兹;融资融券;毫米波雷达;军工信息化;低空经济;专精特新;5G;6G概念,151,17,920961.BJ,920961
绿色电力;超超临界发电;抽水蓄能;参股券商;国企改革;风电;西部大开发;储能;创投;人工智能;DeepSeek概念;沪股通;融资融券,17,13,600310.SH,600310
人工智能;专精特新;智能电网;虚拟电厂;碳交易;光伏概念;风电;绿色电力;储能;深股通;融资融券,33,11,301162.SZ,301162
商业航天;卫星导航;军民融合;军工;可控核聚变;同花顺新质50;核电;专精特新;西部大开发;沪股通;融资融券,17,11,688776.SH,688776
NMN概念;代糖概念;工业大麻;农业种植;一带一路;2025年报预增;乡村振兴;2025三季报预增;深股通,33,9,300138.SZ,300138
无线耳机;苹果概念;无线充电;消费电子概念;华为概念;人民币贬值受益;储能;跨境电商;深股通;融资融券,33,10,301606.SZ,301606
PPP概念;参股银行;污水处理;绿色电力;国企改革;水利;智慧城市;沪股通;融资融券,17,9,601199.SH,601199
虚拟数字人;元宇宙;智能家居;数据要素;数字经济;虚拟现实;AI智能体;人工智能;DeepSeek概念;多模态AI;MCU芯片;家用电器;商业航天;MR(混合现实);AI眼镜;智能穿戴;机器人概念;汽车电子;MiniLED;消费电子概念;芯片概念;沪股通;融资融券,17,23,600060.SH,600060
三胎概念;医疗器械概念;跨境电商;一带一路;医药电商;人民币贬值受益;特斯拉概念;深股通;融资融券,33,9,002382.SZ,002382
统一大市场;物业管理;冷链物流;国企改革;乡村振兴;西部大开发;数字乡村;人工智能;沪股通;融资融券,17,10,600368.SH,600368
高压快充;华为数字能源;光伏概念;储能;数据中心;充电桩;5G;新能源汽车;华为概念;一带一路;粤港澳大湾区;智能家居;深股通;融资融券,33,14,002922.SZ,002922
旅游概念;国企改革,17,2,603199.SH,603199
天然气;煤化工概念;固废处理;PPP概念;雄安新区;污水处理;碳中和;国企改革;土壤修复;金属回收;水利;京津冀一体化;创投;PM2.5;金属铜;数字孪生;机器人概念;深股通;融资融券,33,19,002573.SZ,002573
绿色电力;光热发电;风电;新疆振兴;充电桩;储能;国企改革;西部大开发;2025年报预增;深股通,33,10,001258.SZ,001258
证金持股;国企改革;互联网金融;创投;深股通;融资融券,33,6,002500.SZ,002500
雅下水电概念;高端装备;氢能源;农机;一带一路;燃料电池;水利;工业互联网;无人机;人民币贬值受益;新型工业化;人形机器人;机器人概念;无人驾驶;固态电池;东数西算(算力);物联网;乡村振兴;人工智能;百度概念;证金持股;深股通;融资融券,33,23,000157.SZ,000157
猪肉;养鸡;预制菜;乡村振兴;基因测序;禽流感;回购增持再贷款概念;深股通;融资融券,33,9,300498.SZ,300498
氢能源;储能;高端装备;燃料电池;锂电池概念;固态电池;数据中心;新能源汽车;农机;比亚迪概念;汽车电子;同花顺出海50;人民币贬值受益;无人驾驶;国企改革;智能物流;车联网(车路协同);DeepSeek概念;同花顺漂亮100;AI智能体;深股通;融资融券;证金持股,33,23,000338.SZ,000338
超级品牌;乳业;冷链物流;三胎概念;上海国企改革;国企改革;数字经济;沪股通;融资融券,17,9,600597.SH,600597
中船系;国产航母;海工装备;军工;央企国企改革;风电;2025年报预增;数据中心;国企改革;工业互联网;同花顺中特估100;沪股通;中字头股票;融资融券,17,14,600685.SH,600685
期货概念;京津冀一体化;国企改革;央企国企改革;沪股通;融资融券,17,6,601059.SH,601059
高股息精选;航运概念;国企改革;回购增持再贷款概念;融资融券,17,5,603167.SH,603167
煤炭概念;煤化工概念;氢能源;碳中和,17,4,600408.SH,600408
智能家居;工业互联网;芯片概念;参股银行,17,4,603216.SH,603216
海工装备;军工;风电;减速器;2025年报预增;创投;融资融券;深股通,33,8,300443.SZ,300443
钠离子电池;同花顺漂亮100;固态电池;宁德时代概念;动力电池回收;储能;小米汽车;换电概念;长安汽车概念;新能源汽车;华为汽车;锂电池概念;特斯拉概念;同花顺出海50;同花顺新质50;融资融券;深股通,33,17,300750.SZ,300750
期货概念;证金持股;沪股通;融资融券;同花顺中特估100;国企改革;2025年报预增;股权转让(并购重组),17,8,601211.SH,601211
染料;参股银行;幽门螺杆菌概念;深股通;融资融券,33,5,301190.SZ,301190
租售同权;物业管理;特色小镇;证金持股;乡村振兴;养老概念;固态电池;共同富裕示范区;深股通;融资融券;海峡两岸,33,11,002244.SZ,002244
超级品牌;预制菜;农业种植;旅游概念;国企改革;央企国企改革;乡村振兴;深股通;融资融券;数字经济;华为概念,33,11,000423.SZ,000423
创新药;仿制药一致性评价;深股通;融资融券;医疗器械概念;西部大开发,33,6,002653.SZ,002653
生物质能发电;固废处理;污水处理;绿色电力;金属回收;国企改革;PPP概念;垃圾分类;黄金概念;金属铜,33,10,002479.SZ,002479
华为汽车;长安汽车概念;ST板块;新能源汽车;TOPCON电池;智能音箱;HJT电池;光伏概念;储能;军民融合;钙钛矿电池;碳中和;可降解塑料,33,13,300716.SZ,300716
参股保险;国企改革;证金持股;华为汽车;长安汽车概念;汽车热管理;换电概念;新能源汽车;小米汽车;飞行汽车(eVTOL);无人驾驶;储能;比亚迪概念;动力电池回收;低空经济;汽车电子;智能座舱;锂电池概念;车联网(车路协同);小米概念;宁德时代概念;深股通;融资融券,33,23,000030.SZ,000030
绿色电力;智能电网;钒电池;充电桩;国企改革;西部大开发;央企国企改革;小金属概念;沪股通;融资融券,17,10,600101.SH,600101
福建自贸区;华为概念;消费电子概念;海峡两岸;人工智能;鸿蒙概念;专精特新;高压快充;比亚迪概念;宁德时代概念;两轮车;小米汽车;固态电池;人形机器人;充电桩;储能;华为汽车;新能源汽车;虚拟电厂;燃料电池;锂电池概念;海工装备;深股通;融资融券,33,24,300648.SZ,300648
中国AI 50;星闪概念;MCU芯片;WiFi 6;小米概念;语音技术;芯片概念;抖音概念(字节概念);AI智能体;物联网;机器人概念;人工智能;智能家居;数字经济;上海自贸区;沪股通;融资融券,17,17,688018.SH,688018
ST板块;钠离子电池;专精特新;固态电池;锂电池概念;宁德时代概念,22,6,688184.SH,688184
参股银行;参股保险;国企改革;信托概念;证金持股;化债概念(AMC概念);西部大开发;深股通;融资融券,33,9,000563.SZ,000563
猪肉;玉米;预制菜;动物疫苗;新疆振兴;宠物经济;禽流感;国企改革;西部大开发;回购增持再贷款概念;深股通;融资融券,33,12,002100.SZ,002100
期货概念;国企改革;西部大开发;2025年报预增;融资融券;深股通,33,6,002926.SZ,002926
预制菜;超级品牌;网红经济;乡村振兴;农村电商;国企改革;创投;粤港澳大湾区;融资融券;沪股通,17,10,603043.SH,603043
智谱AI;云游戏;华为昇腾;算力租赁;云计算;快手概念;东数西算(算力);数据安全;信创;智慧政务;小红书概念;国产操作系统;AI智能体;百度概念;AIGC概念;数据中心;虚拟数字人;数据要素;在线教育;车联网(车路协同);商业航天;华为概念;DeepSeek概念;人工智能;芯片概念;无人驾驶;专精特新;京津冀一体化;创投;一带一路;融资融券;深股通,33,32,300846.SZ,300846
PPP概念;地下管网;污水处理;固废处理;新型城镇化;国企改革;绿色电力;智慧城市;人工智能;融资融券,17,10,600168.SH,600168
特钢概念;国企改革;回购增持再贷款概念;工业互联网;机器人概念;人工智能;融资融券;沪股通,17,8,600022.SH,600022
生物质能发电;污水处理;参股银行;固废处理;碳交易;碳中和;回购增持再贷款概念;一带一路;创投;智能物流;储能;工业互联网;数字经济;比亚迪概念;无人驾驶;小米概念;沪股通;融资融券,17,18,600567.SH,600567
小金属概念;稀土永磁;锂电池概念;固态电池;氢能源;核电;回购增持再贷款概念;燃料电池;牙科医疗;深股通;融资融券,33,11,002167.SZ,002167
物业管理;新型城镇化;证金持股;国企改革;央企国企改革;粤港澳大湾区;深股通;融资融券,33,8,000031.SZ,000031
PCB概念;PET铜箔;华为手机;芯片概念;2025年报预增;固态电池;专精特新;光伏概念;高端装备;融资融券;沪股通,17,11,688700.SH,688700
芯片概念;汽车电子;新能源汽车;粤港澳大湾区;固态电池;回购增持再贷款概念;融资融券,17,7,688683.SH,688683
粤港澳大湾区;沪股通;融资融券;稀土永磁,17,4,600872.SH,600872
氟化工概念;宁德时代概念;锂电池概念;燃料电池;新能源汽车;环氧丙烷;国企改革;沪股通;融资融券,17,9,603026.SH,603026
融资融券,17,1,688129.SH,688129
高铁;充电桩;一带一路;国企改革;央企国企改革;京津冀一体化;沪股通;融资融券,17,8,688569.SH,688569
科创次新股;注册制次新股;超导概念;医疗器械概念;新股与次新股;融资融券,17,6,688805.SH,688805
商业航天;卫星导航;军民融合;军工;6G概念;低空经济;网络安全;数字乡村;智慧城市;数字孪生;数据要素;物联网;水利;东数西算(算力);华为概念;机器人概念;5G;横琴新区;农机;数据中心;储能;粤港澳大湾区;雄安新区;一带一路;国企改革;乡村振兴;PCB概念;2025年报预增;深股通;融资融券,33,30,002544.SZ,002544
草甘膦;国企改革;西部大开发;2025年报预增;深股通;融资融券,33,6,002258.SZ,002258
物业管理;国企改革;央企国企改革;回购增持再贷款概念;深股通;融资融券;智慧城市;充电桩,33,8,001914.SZ,001914
租售同权;物业管理;证金持股;免税店;养老概念;国企改革;央企国企改革;深股通;融资融券;回购增持再贷款概念;粤港澳大湾区;低空经济,33,12,001979.SZ,001979
特钢概念;国企改革;央企国企改革;西部大开发;海工装备;核电;风电;军工;新能源汽车;沪股通;融资融券,17,11,601005.SH,601005
自由贸易港;航运概念;统一大市场;天然气;国企改革;冷链物流;回购增持再贷款概念;一带一路;西部大开发;乡村振兴;机器人概念;安防;华为概念;星闪概念;深股通;DeepSeek概念;人工智能;区块链;融资融券,33,19,000582.SZ,000582
ST板块;毛发医疗;民营医院;参股券商;参股银行;医美概念;消毒剂,33,7,000615.SZ,000615
智慧城市;ST板块;数字乡村;数字孪生;数字经济;人工智能;元宇宙;创投;数据要素;东数西算(算力);智慧政务;ETC;区块链;共同富裕示范区;百度概念;华为鲲鹏;智能医疗;华为概念;数据中心;阿里巴巴概念;车联网(车路协同);家庭医生;机器人概念;无人驾驶,33,24,300020.SZ,300020
证金持股;地下管网;PPP概念;污水处理;固废处理;国企改革;绿色电力;雄安新区;京津冀一体化;储能;机器人概念;沪股通;融资融券,17,13,600874.SH,600874
医药电商;维生素;创新药;流感;三胎概念;消毒剂;国企改革;污水处理;深股通;融资融券,33,10,000915.SZ,000915
军工;专精特新;融资融券;西部大开发,151,4,920519.BJ,920519
磷化工;化肥;金属铅;金属锌;金属铜;黄金概念;生态农业;农村电商;民营医院;乡村振兴;工业互联网;融资融券;深股通,33,13,002538.SZ,002538
中字头股票;金属铜;金属铅;小金属概念;金属镍;金属钴;同花顺中特估100;证金持股;央企国企改革;国企改革;装配式建筑;PPP概念;一带一路;碳中和;新型城镇化;光伏概念;沪股通;融资融券;高端装备;工业互联网,17,20,601618.SH,601618
化肥;磷化工;玉米;生态农业;农村电商;锂电池概念;乡村振兴;深股通;融资融券;数字乡村,33,10,002588.SZ,002588
商业航天;海工装备;氢能源;天然气;燃料电池;页岩气;中俄贸易概念;储能;芯片概念,33,9,300228.SZ,300228
氢能源;燃料电池;新能源汽车;国企改革;无人驾驶;减速器;冷链物流;深股通;融资融券,33,9,000951.SZ,000951
减肥药;创新药;仿制药一致性评价;参股保险;深股通;融资融券;证金持股;医疗器械概念,33,8,002294.SZ,002294
啤酒概念;国企改革;深股通;融资融券,33,4,002461.SZ,002461
旅游概念;上海国企改革;国企改革;人工智能;沪股通;融资融券,17,6,600754.SH,600754
商业航天;特钢概念;大飞机;航空发动机;军工;核电;回购增持再贷款概念;沪股通;融资融券,17,9,600399.SH,600399
智能电网;虚拟电厂;电力物联网;风电;核电;充电桩;储能;数据中心;机器人概念;工业互联网;国企改革;物联网;华为概念;智慧城市;人工智能;人脸识别;DeepSeek概念;语音技术;网络安全;区块链;融资融券;深股通,33,22,000682.SZ,000682
高端装备;同花顺出海50;中国AI 50;同花顺漂亮100;沪股通;融资融券,17,6,601100.SH,601100
金属锌;金属铅;金属铜;小金属概念;粮食概念;西部大开发;绿色电力;乡村振兴,33,8,002114.SZ,002114
特高压;智能电网;风电;核电;储能;光伏概念;机器人概念;注册制次新股;深股通;新股与次新股;融资融券,33,11,001382.SZ,001382
碳中和;国企改革;煤炭概念;融资融券;沪股通,17,5,605011.SH,605011
特钢概念;煤炭概念;西部大开发;雅下水电概念;海工装备;军工;商业航天;沪股通,17,8,600117.SH,600117
创新药;肝炎概念;眼科医疗;沪股通;融资融券,17,5,688566.SH,688566
ST板块;时空大数据;云计算;数据中心;5G,22,5,603559.SH,603559
超级品牌;证金持股;预制菜;家用电器;智能物流;同花顺漂亮100;空气能热泵;智能家居;深股通;融资融券;净水概念;一体化压铸;机器人概念;工业互联网;新能源汽车;工业母机;回购增持再贷款概念;储能;MCU芯片;芯片概念;第三代半导体;锂电池概念;液冷服务器,33,23,000651.SZ,000651
钙钛矿电池;光热发电;核电;光伏概念;储能;钒电池;高端装备;燃料电池;大飞机;商业航天;碳中和;绿色电力;一带一路;回购增持再贷款概念;固废处理;创投;融资融券;深股通,33,18,002534.SZ,002534
医药电商;毛发医疗;流感;维生素;仿制药一致性评价;眼科医疗;创新药;幽门螺杆菌概念;工业大麻;阿尔茨海默概念;国企改革;智能医疗;AI应用;沪股通;融资融券;专精特新,17,16,600572.SH,600572
融资融券;宠物经济;合成生物,151,3,920275.BJ,920275
商业航天;军工;5G;芯片概念;核电;小米概念;超级电容;专精特新;新能源汽车;海峡两岸;人工智能;创投;2025年报预增;沪股通;融资融券,17,15,603678.SH,603678
国企改革;锂电池概念;海峡两岸;储能;盐湖提锂;工业互联网;沪股通;融资融券,17,8,601065.SH,601065
海峡两岸;共同富裕示范区;沪股通,17,3,605007.SH,605007
污水处理;融资融券,17,2,688448.SH,688448
人工智能;无人机;虚拟现实;安防;海峡两岸;机器视觉;机器人概念;专精特新;福建自贸区;AI眼镜;富士康概念;消费电子概念;人民币贬值受益;智能座舱;沪股通,17,15,605118.SH,605118
冷链物流;无人零售;沪股通,17,3,603187.SH,603187
MCU芯片;传感器;芯片概念;小米概念;消费电子概念;先进封装;机器人概念;新能源汽车;无人机;融资融券,17,10,688061.SH,688061
钙钛矿电池;TOPCON电池;光伏概念;光伏建筑一体化;虚拟电厂;储能;碳中和;碳交易;绿色电力;工业互联网;DeepSeek概念;机器人概念;西部大开发;国企改革;央企国企改革;深股通;融资融券,33,17,000591.SZ,000591
超超临界发电;虚拟电厂;绿色电力;碳交易;核电;风电;氢能源;央企国企改革;储能;国企改革;一带一路;证金持股;沪股通;融资融券,17,14,600021.SH,600021
冷链物流;国企改革;家用电器;智能家居;回购增持再贷款概念;新能源汽车;汽车热管理;锂电池概念;融资融券;深股通,33,10,000404.SZ,000404
职业教育;减肥药;CRO概念;创投;西部大开发;辅助生殖;深股通;水泥概念;融资融券,33,9,000935.SZ,000935
卫星导航;商业航天;6G概念;网络安全;低空经济;车联网(车路协同);人工智能;DeepSeek概念;机器视觉;物联网;东数西算(算力);工业互联网;5G;专精特新;芯片概念;AI应用;央企国企改革;国企改革;沪股通;融资融券,17,20,688387.SH,688387
租售同权;旅游概念;IP经济(谷子经济);物业管理;文化传媒概念;长三角一体化;光伏建筑一体化;创投;Web3.0;元宇宙;智能家居;数字经济;人工智能;一带一路;虚拟现实;深股通;融资融券,33,17,000863.SZ,000863
股权转让(并购重组);氢能源;专精特新;燃料电池;融资融券,151,5,920751.BJ,920751
回购增持再贷款概念;石墨烯;智能家居;粤港澳大湾区;虚拟数字人;深股通,33,6,003012.SZ,003012
网络游戏;手机游戏;华为概念;腾讯概念;文化传媒概念;鸿蒙概念;西部大开发,33,7,300467.SZ,300467
国产航母;成飞概念;航空发动机;大飞机;军民融合;商业航天;军工;海工装备;无人机;核电;低空经济;飞行汽车(eVTOL);高端装备;3D打印;央企国企改革;机器人概念;西部大开发;汽车热管理;国企改革;回购增持再贷款概念;沪股通;融资融券;中字头股票,17,23,600765.SH,600765
脑机接口;智能医疗;民营医院;深股通;融资融券,33,5,301293.SZ,301293
商业航天;航空发动机;卫星导航;大飞机;军民融合;成飞概念;军工;碳纤维;低空经济;无人机;飞行汽车(eVTOL);海工装备;黑龙江自贸区;高端装备;机器人概念;专精特新;人形机器人;回购增持再贷款概念;深股通;融资融券,33,20,300900.SZ,300900
黑龙江自贸区;装配式建筑;建筑节能;碳中和;智能家居;融资融券,33,6,301227.SZ,301227
钠离子电池;固态电池;PVDF概念;宁德时代概念;锂电池概念;石墨电极;PET铜箔;2025年报预增;特斯拉概念;储能;新能源汽车;消费电子概念;芯片概念;沪股通;融资融券,17,15,603659.SH,603659
2025年报预增;风电;海工装备;绿色电力;航运概念;融资融券;深股通,33,7,002487.SZ,002487
液冷服务器;数据中心;算力租赁;5G;华为概念;腾讯概念;阿里巴巴概念;抖音概念(字节概念);百度概念;专精特新,17,10,603912.SH,603912
青蒿素;仿制药一致性评价;创新药;合成生物;NMN概念;减肥药;国企改革;智能医疗;央企国企改革;DeepSeek概念;沪股通;融资融券,17,12,600062.SH,600062
回购增持再贷款概念;国企改革;光伏建筑一体化;军工;股权转让(并购重组);沪股通;融资融券,17,7,600810.SH,600810
信托概念;新型城镇化;流感;PPP概念;生物质能发电;化债概念(AMC概念);雄安新区;参股券商;回购增持再贷款概念;创投;碳交易;固废处理;国企改革;碳中和;京津冀一体化;独角兽概念;证金持股;动力电池回收;深股通;融资融券,33,20,000652.SZ,000652
新疆振兴;机器人概念;军工;无人驾驶;核电;5G;沪股通,17,7,603855.SH,603855
深股通,33,1,002327.SZ,002327
国企改革;央企国企改革;氢能源;燃料电池;新能源汽车;军工;车联网(车路协同);无人驾驶;DeepSeek概念;宁德时代概念;固态电池;华为概念;深股通;融资融券;股权转让(并购重组),33,15,000800.SZ,000800
成飞概念;特高压;柔性直流输电;智能电网;风电;充电桩;大飞机;海工装备;光伏概念;军工;军民融合;储能;无人机;新能源汽车;专精特新;机器人概念;数据中心;一带一路;雅下水电概念;2025三季报预增;医疗器械概念;2025年报预增;融资融券,33,23,002560.SZ,002560
兵装重组概念;华为汽车;飞行汽车(eVTOL);低空经济;无人机;长安汽车概念;减速器;黑龙江自贸区;新能源汽车;央企国企改革;华为概念;国企改革;2025年报预增;沪股通,17,14,600178.SH,600178
核污染防治;专精特新;金属镍;金属钴;盐湖提锂;比亚迪概念;小金属概念;锂电池概念;净水概念;金属回收;西部大开发;碳交易;碳中和;工业大麻;固废处理;减肥药;生物疫苗;融资融券;深股通,33,19,300487.SZ,300487
期货概念;参股券商;雄安新区;京津冀一体化;数字经济;白酒概念;DeepSeek概念;AI智能体;云计算;沪股通;融资融券;2025年报预增,17,12,600155.SH,600155
同花顺果指数;光刻机;苹果概念;芯片概念;消费电子概念;5G;智能穿戴;华为概念;人民币贬值受益;2025年报预增;沪股通;融资融券,17,12,688127.SH,688127
期货概念;国企改革;京津冀一体化;雄安新区;百度概念;融资融券;沪股通,17,7,600906.SH,600906
沪股通;融资融券,17,2,688656.SH,688656
汽车热管理;车联网(车路协同);百度概念;新能源汽车;无人驾驶;高压快充;储能;燃料电池;固态电池;新疆振兴;股权转让(并购重组),33,11,002806.SZ,002806
消费电子概念;小米概念;柔性屏(折叠屏);新能源汽车;华为概念;PET铜箔,33,6,003015.SZ,003015
国企改革;氢能源;ETC;智能医疗;物联网;人工智能;车联网(车路协同);在线教育;华为概念;国产操作系统;无线耳机;WiFi 6;沪股通;融资融券,17,14,600035.SH,600035
可降解塑料;人民币贬值受益;海峡两岸;沪股通;融资融券,17,5,688196.SH,688196
硅能源;有机硅概念;黄金概念;光伏概念;特高压;深股通;融资融券,33,7,002132.SZ,002132
物业管理;参股券商;国企改革;创投;回购增持再贷款概念;上海自贸区;融资融券;沪股通,17,8,600639.SH,600639
柔性直流输电;智能电网;虚拟电厂;风电;储能;无人机;人形机器人;氢能源;机器人概念;低空经济;华为概念;央企国企改革;人工智能;DeepSeek概念;国企改革;沪股通;融资融券,17,17,688248.SH,688248
华为欧拉;云计算;算力租赁;AI智能体;东数西算(算力);智慧政务;信创;芯片概念;数据要素;华为概念;区块链;人工智能;DeepSeek概念;军工;数字经济;互联网金融;融资融券,17,17,688227.SH,688227
中芯国际概念;OLED;芯片概念;富士康概念;柔性屏(折叠屏);华为概念;海峡两岸;长三角一体化;沪股通,17,9,603929.SH,603929
共享单车;传感器;专精特新;两轮车;无人机;锂电池概念;融资融券;沪股通,17,8,603489.SH,603489
军民融合;商业航天;军工信息化;军工;高铁;无人驾驶;机器人概念;氢能源;燃料电池;华为概念;5G;鸿蒙概念;区块链;多模态AI;2025年报预增;深股通;融资融券,33,17,300099.SZ,300099
稀土永磁;小金属概念;BC电池;TOPCON电池;锂电池概念;光伏概念;2025三季报预增;储能;氢能源;华为数字能源;光伏建筑一体化;无线充电;特斯拉概念;比亚迪概念;新能源汽车;军工;机器人概念;低空经济;5G;工业互联网;华为概念;数字经济;深股通;融资融券,33,24,002056.SZ,002056
商业航天;专精特新;智能家居;注册制次新股;露营经济;跨境电商;新股与次新股;融资融券,33,8,301595.SZ,301595
特高压;智能电网;固废处理;医疗废物处理;土壤修复;高端装备;污水处理;央企国企改革;垃圾分类;空气能热泵;雄安新区;西部大开发;国企改革;乡村振兴;绿色电力;深股通,33,16,300140.SZ,300140
跨境电商;智能家居;DeepSeek概念;鸿蒙概念;人工智能;物联网;华为概念;深股通,33,8,001323.SZ,001323
光伏概念;储能;风电;绿色电力;ST板块;西部大开发;军工;国企改革;国产航母;股权转让(并购重组),33,10,000595.SZ,000595
同花顺出海50;雅下水电概念;高端装备;一带一路;农机;工业互联网;人民币贬值受益;新疆振兴;无人驾驶;证金持股;同花顺漂亮100;机器人概念;沪股通;融资融券,17,14,600031.SH,600031
黄金概念;2025年报预增;锂电池概念;两轮车;粤港澳大湾区;智能穿戴,33,6,000017.SZ,000017
智能电网;核电;风电;充电桩;光伏概念;换电概念;储能;数据中心;新能源汽车;华为概念;物联网;智能家居;融资融券;深股通,33,14,002706.SZ,002706
卫星导航;商业航天;航空发动机;大飞机;军工;低空经济;无人机;飞行汽车(eVTOL);3D打印;核电;机器人概念;人形机器人;AI手机;西部大开发;消费电子概念;回购增持再贷款概念;2025年报预增;沪股通;融资融券,17,19,688333.SH,688333
证金持股;沪股通;融资融券;国企改革;央企国企改革,17,5,600999.SH,600999
供销社;农业种植;草甘膦;乡村振兴;农机;京津冀一体化;无人机,17,7,603970.SH,603970
福建自贸区;海峡两岸;参股银行;参股保险;国企改革;回购增持再贷款概念;融资融券;沪股通,17,8,600033.SH,600033
快手概念;小红书概念;短剧游戏;AI应用;AIGC概念;6G概念;虚拟数字人;卫星导航;抖音概念(字节概念);文化传媒概念;信创;腾讯概念;阿里巴巴概念;人工智能;智慧城市;网红经济;华为概念;智慧灯杆;5G;创投;海工装备;共同富裕示范区;专精特新;深股通;融资融券,33,25,002115.SZ,002115
大飞机;超导概念;军工;核电;无人机;高端装备;低空经济;铜缆高速连接;智能电网;飞行汽车(eVTOL);高铁;充电桩;新能源汽车;特斯拉概念;国企改革;沪股通;融资融券,17,17,600973.SH,600973
国企改革;西部大开发;创投;沪股通;融资融券;充电桩;DeepSeek概念,17,7,601107.SH,601107
人民币贬值受益;一带一路;跨境电商;融资融券;露营经济,151,5,920132.BJ,920132
文化传媒概念;手机游戏;在线教育;网络游戏;短剧游戏;职业教育;蚂蚁集团概念;DeepSeek概念;AI智能体;虚拟现实;算力租赁;东数西算(算力);国企改革;AI应用;数据中心;融资融券;沪股通,17,17,601928.SH,601928
白酒概念;超级品牌;同花顺漂亮100;证金持股;参股券商;深股通;融资融券;国企改革;西部大开发,33,9,000858.SZ,000858
烟草;人民币贬值受益;一带一路;参股银行;合成生物;2025年报预增;深股通;融资融券,33,8,301220.SZ,301220
期货概念;证金持股;国企改革;新疆振兴;西部大开发;深股通;融资融券;2025年报预增,33,8,000166.SZ,000166
柔性直流输电;特高压;智能电网;超导概念;充电桩;核电;固态电池;无人机;一带一路;央企国企改革;西部大开发;国企改革;沪股通;融资融券,17,14,688334.SH,688334
超级品牌;啤酒概念;证金持股;同花顺漂亮100;国企改革;沪股通;融资融券,17,7,600600.SH,600600
统一大市场;一体化压铸;回购增持再贷款概念;新能源汽车;机器人概念;沪股通,17,6,605050.SH,605050
IP经济(谷子经济);C2M概念;黄金概念;共同富裕示范区;参股银行;小金属概念;HJT电池;TOPCON电池;光伏概念;租售同权;融资融券,33,11,002574.SZ,002574
煤炭概念;煤化工概念;国企改革;西部大开发,17,4,600792.SH,600792
共封装光学(CPO);光刻机;第三代半导体;华为海思概念股;芯片概念;6G概念;5G;消费电子概念;汽车电子;卫星导航;商业航天;比亚迪概念;专精特新;新能源汽车;军工;华为概念;充电桩;央企国企改革;国企改革;中字头股票;融资融券;深股通,33,22,003031.SZ,003031
金属回收;氢能源;融资融券;燃料电池,151,4,920974.BJ,920974
新能源汽车;宁德时代概念;光伏概念;消费电子概念;无线充电;第三代半导体;ST板块;苹果概念;富士康概念;无线耳机,22,10,603595.SH,603595
AI智能体;信创;网络安全;卫星导航;数字经济;商业航天;华为概念;5G;2025年报预增;央企国企改革;国企改革;融资融券;沪股通,17,13,600776.SH,600776
养鸡;猪肉;生态农业;宠物经济;沪股通;融资融券,17,6,603609.SH,603609
家用电器;创投;第三代半导体,17,3,603519.SH,603519
智能座舱;特斯拉概念;海峡两岸;新能源汽车;人形机器人;汽车电子;福建自贸区;物联网;机器人概念;芯片概念;人民币贬值受益;数字货币;人工智能;深股通,33,14,003019.SZ,003019
期货概念;证金持股;深股通;融资融券;同花顺漂亮100,33,5,000776.SZ,000776
特高压;核电;风电;充电桩;海工装备;光伏概念;商业航天;军工;大飞机;机器人概念;数据中心;特斯拉概念;沪股通,17,13,605222.SH,605222
参股银行;旅游概念;乡村振兴;冰雪产业;地下管网;黑龙江自贸区;国企改革;污水处理;绿色电力;水利;石墨烯;风电;DeepSeek概念;石墨电极;宁德时代概念,17,15,601188.SH,601188
深圳国企改革;物业管理;黄金概念;国企改革;粤港澳大湾区;深股通;融资融券,33,7,000025.SZ,000025
中芯国际概念;存储芯片;光刻胶;先进封装;芯片概念;华为海思概念股;专精特新;国企改革;沪股通;融资融券,17,10,688037.SH,688037
国企改革;证金持股;粤港澳大湾区;智慧城市;机器人概念;新型工业化;新能源汽车;物联网;人工智能;汽车电子;融资融券;沪股通,17,12,600894.SH,600894
中国AI 50;东数西算(算力);阿里巴巴概念;腾讯概念;抖音概念(字节概念);信创;百度概念;芯片概念;人工智能;DeepSeek概念;同花顺中特估100;沪股通;融资融券,17,13,688041.SH,688041
可降解塑料;烟草;氢能源;燃料电池;国企改革;央企国企改革;军工;融资融券;沪股通,17,9,600433.SH,600433
军工信息化;卫星导航;商业航天;军民融合;军工;量子科技;华为概念;医疗器械概念;智能穿戴;芯片概念;央企国企改革;西部大开发;国企改革;存储芯片;融资融券;深股通,33,16,002935.SZ,002935
核电;风电;军工;氢能源;新能源汽车;水利;机器人概念;央企国企改革;黑龙江自贸区;国企改革;深股通;融资融券,33,12,000922.SZ,000922
风电;氢能源;沪股通;融资融券,17,4,688349.SH,688349
智能电网;注册制次新股;风电;专精特新;深股通;新股与次新股;融资融券,33,7,301668.SZ,301668
超级品牌;预制菜;国企改革;西部大开发;深股通;融资融券,33,6,002507.SZ,002507
跨境电商;露营经济;家用电器;人民币贬值受益;消费电子概念;无线耳机,33,6,300464.SZ,300464
智能物流;机器人概念;专精特新;机器视觉;统一大市场;人工智能;芯片概念;稀土永磁;融资融券,17,9,688211.SH,688211
超超临界发电;生物质能发电;抽水蓄能;绿色电力;风电;碳交易;虚拟电厂;碳中和;央企国企改革;国企改革;储能;创投;融资融券;深股通,33,14,000966.SZ,000966
智能电网;风电;储能;充电桩;光伏概念;化债概念(AMC概念);高铁;海工装备;物业管理;上海自贸区;高端装备;创投;机器人概念;智慧城市;5G;融资融券,33,16,002451.SZ,002451
CRO概念;细胞免疫治疗;减肥药;智能医疗;创新药;AI智能体;DeepSeek概念;肝炎概念;融资融券,33,9,301257.SZ,301257
手机游戏;跨境电商;百度概念;智能家居;智能座舱;机器视觉;专精特新;新能源汽车;AI眼镜;消费电子概念;西部大开发;融资融券;沪股通,17,13,688696.SH,688696
烟草;创投;新型烟草(电子烟);比亚迪概念;PET铜箔;PVDF概念;宁德时代概念;固态电池;钠离子电池;锂电池概念;国企改革;医疗器械概念;沪股通;融资融券;股权转让(并购重组),17,15,601515.SH,601515
流感;医药电商;肝炎概念;仿制药一致性评价;猴痘概念;创新药;证金持股;国企改革;医疗器械概念;央企国企改革;中字头股票;沪股通;融资融券;脑机接口,17,14,600056.SH,600056
物业管理;天然气;国企改革;换电概念;网约车;充电桩;旅游概念;创投;动力电池回收;虚拟电厂;互联网金融;文化传媒概念,33,12,000421.SZ,000421
稀土永磁;OLED;2025三季报预增;国家大基金持股;中芯国际概念;存储芯片;先进封装;芯片概念;军工;牙科医疗;5G;2025年报预增;央企国企改革;华为概念;国企改革;雄安新区;京津冀一体化;医疗器械概念;沪股通;融资融券,17,20,600206.SH,600206
回购增持再贷款概念;农机;一带一路;智能物流;长安汽车概念;体育产业;新能源汽车;机器人概念;比亚迪概念;人工智能;DeepSeek概念;沪股通;融资融券,17,13,601966.SH,601966
中俄贸易概念;3D打印;融资融券;风电;燃料电池;石墨电极;光伏概念;芯片概念;专精特新,151,9,920175.BJ,920175
互联网金融,17,1,600527.SH,600527
特钢概念;军工;无人机;新能源汽车;华为概念;2025年报预增;深股通;融资融券,33,8,002075.SZ,002075
汽车芯片;国家大基金持股;AI眼镜;传感器;小米概念;汽车电子;芯片概念;消费电子概念;机器视觉;比亚迪概念;同花顺新质50;专精特新;无人驾驶;安防;华为概念;2025三季报预增;2025年报预增;沪股通;融资融券,17,19,688213.SH,688213
磷化工;化肥;氟化工概念;煤化工概念;煤炭概念;锂电池概念;碳中和;西部大开发;国企改革;乡村振兴;融资融券;沪股通,17,12,600096.SH,600096
专精特新;农机;融资融券,151,3,920895.BJ,920895
固废处理;稀土永磁;融资融券;深股通,33,4,300779.SZ,300779
大飞机;商业航天;碳纤维;卫星导航;军民融合;军工;低空经济;无人机;PEEK材料;高铁;消费电子概念;光伏概念;风电;氢能源;体育产业;深股通;融资融券,33,17,300699.SZ,300699
超级品牌;证金持股;同花顺漂亮100;沪股通;融资融券,17,5,603288.SH,603288
虚拟电厂;智能电网;高压快充;储能;充电桩;光伏概念;特斯拉概念;雄安新区;京津冀一体化;沪股通;融资融券,17,11,603050.SH,603050
金属钴;金属铜;小金属概念;金属镍;金属回收;动力电池回收;固态电池;锂电池概念;宁德时代概念;2025年报预增;一带一路;专精特新;人民币贬值受益;深股通;融资融券,33,15,301219.SZ,301219
海峡两岸;长三角一体化;智能医疗;人工智能;猴痘概念,17,5,603122.SH,603122
猪肉;乡村振兴;冷链物流;国企改革;华为概念;沪股通;融资融券,17,7,600975.SH,600975
快手概念;小红书概念;拼多多概念;AIGC概念;虚拟数字人;抖音概念(字节概念);AI智能体;阿里巴巴概念;腾讯概念;人工智能;网红经济;AI应用;跨境电商;深股通,33,14,300792.SZ,300792
期货概念;国企改革;西部大开发;融资融券;股权转让(并购重组);沪股通,17,6,600369.SH,600369
俄乌冲突概念;氢能源;小金属概念;碳中和;中俄贸易概念;燃料电池;证金持股;深股通,33,8,002225.SZ,002225
化肥;生态农业;一带一路;乡村振兴;DeepSeek概念;沪股通;融资融券,17,7,603639.SH,603639
粤港澳大湾区;物业管理,33,2,000007.SZ,000007
第三代半导体;固态电池;光伏概念;氢能源;燃料电池;石墨电极;钠离子电池;宁德时代概念;石墨烯;专精特新;锂电池概念;融资融券,151,12,920719.BJ,920719
黄金概念;小金属概念;国企改革;移动支付;互联网金融;DeepSeek概念;数字货币;区块链;AI智能体;数字经济;智慧政务;人工智能;阿里巴巴概念;AI应用;3D打印;深股通;摘帽,33,17,002721.SZ,002721
6G概念;WiFi 6;5G;芯片概念;华为概念;专精特新;卫星导航;2025年报预增;商业航天;国家大基金持股;新能源汽车;沪股通;融资融券,17,13,688182.SH,688182
车联网(车路协同);安防;机器视觉;无人机;无人驾驶;5G;高铁;高股息精选;沪股通;融资融券,17,10,603508.SH,603508
农业种植;合成生物;国企改革;回购增持再贷款概念;乡村振兴;锂电池概念;人民币贬值受益;储能;商业航天,17,9,600731.SH,600731
足球概念;智慧政务;人脸识别;数据安全;多模态AI;人工智能;智慧城市;数字乡村;安防;物联网;养老概念;智能家居;机器视觉;工业互联网;机器人概念;无人驾驶;无人机;汽车电子;证金持股;同花顺漂亮100;国企改革;央企国企改革;回购增持再贷款概念;深股通;融资融券;光纤概念;AI应用;同花顺出海50,33,28,002415.SZ,002415
眼科医疗;民营医院;医药电商;仿制药一致性评价;创新药;数字经济;基因测序;沪股通;融资融券,17,9,600993.SH,600993
钠离子电池;氟化工概念;固态电池;宁德时代概念;锂电池概念;超级电容;特斯拉概念;比亚迪概念;液冷服务器;OLED;新能源汽车;先进封装;芯片概念;数据中心;深股通;融资融券,33,16,300037.SZ,300037
重组蛋白;创新药;智能医疗;肝炎概念;人工智能;阿尔茨海默概念;猴痘概念;医疗器械概念;食品安全;流感;京津冀一体化;回购增持再贷款概念;沪股通;融资融券,17,14,688068.SH,688068
专精特新,33,1,001226.SZ,001226
期货概念;国企改革;沪股通;2025年报预增;融资融券,17,5,601375.SH,601375
绿色电力;风电;新疆振兴;国企改革;央企国企改革;京津冀一体化;沪股通;融资融券,17,8,601016.SH,601016
医疗废物处理;虚拟电厂;绿色电力;固废处理;充电桩;垃圾分类;储能;污水处理;天然气;2025年报预增;航运概念;低空经济;国企改革;创投;证金持股;粤港澳大湾区;参股券商;深股通;融资融券;智慧城市;数字经济;人工智能,33,22,000685.SZ,000685
PPP概念;污水处理;新型城镇化;地下管网;国企改革;央企国企改革;深股通,33,7,300388.SZ,300388
减肥药;CRO概念;创新药;辅助生殖;2025年报预增;三胎概念;西部大开发;2025三季报预增;中俄贸易概念;沪股通;融资融券,17,11,688117.SH,688117
新能源汽车;机器人概念;长安汽车概念;专精特新;比亚迪概念;机器视觉;新股与次新股;融资融券,151,8,920091.BJ,920091
柔性直流输电;特高压;抽水蓄能;智能电网;虚拟电厂;超超临界发电;核电;可控核聚变;2025年报预增;央企国企改革;雄安新区;国企改革;海峡两岸;乡村振兴;京津冀一体化;股权转让(并购重组);沪股通;融资融券,17,18,600550.SH,600550
猪肉;养鸡;预制菜;合成生物;人造肉;回购增持再贷款概念;融资融券;深股通,33,8,002567.SZ,002567
ST板块;职业教育;流感;幽门螺杆菌概念;减肥药;西部大开发;一带一路;水泥概念,33,8,002742.SZ,002742
ST板块;东数西算(算力);数字经济;股权转让(并购重组),22,4,600193.SH,600193
苹果概念;消费电子概念;智能穿戴;碳纤维;机器人概念;粤港澳大湾区;一带一路;数字经济;可降解塑料;融资融券,33,10,301387.SZ,301387
光纤概念;F5G概念;铜缆高速连接;WiFi 6;5G;数据中心;华为概念;物联网;智慧城市;智能医疗;互联网金融;融资融券,17,12,603042.SH,603042
专精特新;合成生物;维生素;仿制药一致性评价;融资融券;深股通,33,6,300401.SZ,300401
盐湖提锂;小金属概念;金属铜;化肥;锂电池概念;西部大开发;央企国企改革;国企改革;深股通;融资融券,33,10,000762.SZ,000762
医疗器械概念;新股与次新股;融资融券,151,3,920180.BJ,920180
化肥;股权转让(并购重组);煤化工概念;煤炭概念;西部大开发;国企改革;超超临界发电,17,7,600725.SH,600725
磷化工;草甘膦;化肥;氟化工概念;有机硅概念;消毒剂;硅能源;锂电池概念;固态电池;回购增持再贷款概念;中芯国际概念;国企改革;乡村振兴;比亚迪概念;芯片概念;机器人概念;沪股通;融资融券,17,18,600141.SH,600141
装配式建筑;PPP概念;新型城镇化;养老概念;雄安新区;光伏建筑一体化;乡村振兴;绿色电力;体育产业;一带一路;储能;光伏概念;低空经济;深股通;可控核聚变;融资融券,33,16,002135.SZ,002135
专精特新;一带一路;沪股通,17,3,605183.SH,605183
物业管理;建筑节能;长三角一体化;深股通;融资融券,33,5,000517.SZ,000517
光伏概念;专精特新;高铁;水利;中俄贸易概念;新股与次新股;融资融券,151,7,920101.BJ,920101
期货概念;沪股通;融资融券;证金持股;互联网金融;参股银行;国企改革,17,7,601688.SH,601688
成飞概念;军民融合;航空发动机;军工;低空经济;高端装备;央企国企改革;华为汽车;长安汽车概念;汽车热管理;传感器;小米汽车;国企改革;新能源汽车;华为概念;西部大开发;比亚迪概念;小米概念;储能;华为数字能源;融资融券;沪股通,17,22,600523.SH,600523
电力物联网;充电桩;智能电网;储能;高端装备;融资融券,17,6,688616.SH,688616
期货概念;证金持股;参股券商;信托概念;国企改革;央企国企改革;雄安新区;沪股通;融资融券,17,9,600061.SH,600061
存储芯片;芯片概念;专精特新;国企改革;沪股通;融资融券,17,6,688120.SH,688120
军工;3D打印;长安汽车概念;西部大开发;固废处理;页岩气,33,6,001296.SZ,001296
MicroLED概念;柔性屏(折叠屏);MiniLED;共封装光学(CPO);先进封装;消费电子概念;MR(混合现实);OLED;第三代半导体;芯片概念;专精特新;工业母机;商业航天;华为概念;医疗器械概念,33,15,300812.SZ,300812
高股息精选;西部大开发;网红经济;智能家居;互联网金融;军工;鸿蒙概念;深股通,33,8,002818.SZ,002818
氢能源;风电;超级电容;储能;OLED;高铁;锂电池概念;央企国企改革;有机硅概念;新能源汽车;国企改革;特斯拉概念;低空经济;5G;小米概念;融资融券;沪股通,17,17,600458.SH,600458
互联网金融;参股券商;创投;参股银行;黑龙江自贸区;2025年报预增;股权转让(并购重组);融资融券;沪股通,17,9,600095.SH,600095
航空发动机;大飞机;国产航母;商业航天;军工;海工装备;核电;无人机;3D打印;小金属概念;回购增持再贷款概念;燃料电池;西部大开发;国企改革;苹果概念;融资融券;沪股通,17,17,600456.SH,600456
无人机;2025年报预增;低空经济;京津冀一体化;车联网(车路协同);人工智能;职业教育;DeepSeek概念;元宇宙;区块链;AI应用;融资融券,17,12,688015.SH,688015
高铁;数字孪生;专精特新;机器人概念;无人驾驶;智能物流;虚拟现实;职业教育;军工;人工智能;储能;西部大开发;AI智能体;2025年报预增;深股通,33,15,300440.SZ,300440
托育服务;跨境电商;三胎概念;IP经济(谷子经济);拼多多概念;腾讯概念,17,6,603214.SH,603214
PCB概念;共封装光学(CPO);MiniLED;存储芯片;先进封装;汽车电子;5G;毫米波雷达;芯片概念;2025年报预增;2025三季报预增;新能源汽车;华为概念;商业航天;沪股通;融资融券,17,16,600183.SH,600183
汽车芯片;英伟达概念;芯片概念;无人机;沪股通;融资融券,17,6,688486.SH,688486
高股息精选;证金持股;参股保险;冰雪产业;参股银行;三胎概念;养老概念;互联网金融;沪股通;融资融券,17,10,600177.SH,600177
毛发医疗;仿制药一致性评价;医药电商;创新药;辅助生殖;国企改革;深股通;融资融券,33,8,002332.SZ,002332
液冷服务器;算力租赁;东数西算(算力);数据中心;5G;量子科技;阿里巴巴概念;腾讯概念;华为概念;智慧政务;AI智能体;小红书概念;智能电网;人工智能;无人驾驶;DeepSeek概念;储能;核电;数字经济;光伏概念;海峡两岸;福建自贸区;海工装备;锂电池概念;高铁;氢能源;深股通;融资融券,33,28,002335.SZ,002335
光伏建筑一体化;TOPCON电池;虚拟电厂;智能电网;光伏概念;绿色电力;风电;电力物联网;储能;充电桩;氢能源;华为数字能源;锂电池概念;飞行汽车(eVTOL);物联网;华为概念;低空经济;人工智能;蚂蚁集团概念;区块链;沪股通;融资融券,17,22,601222.SH,601222
人形机器人;减速器;汽车热管理;华为汽车;新型工业化;传感器;机器人概念;新能源汽车;汽车电子;毫米波雷达;机器视觉;燃料电池;无人驾驶;脑机接口;人民币贬值受益;医疗器械概念;氢能源;人工智能;共同富裕示范区;固态电池;锂电池概念;DeepSeek概念;AI智能体;沪股通;融资融券,17,25,688306.SH,688306
存储芯片;MCU芯片;芯片概念;汽车电子;小米概念;华为概念;融资融券;沪股通,17,8,688766.SH,688766
土壤修复;新型城镇化;碳中和;一带一路;家用电器;高铁;水利;食品安全;房屋检测;光伏概念;传感器;芯片概念;数字孪生;特斯拉概念;智慧城市;融资融券,33,16,301115.SZ,301115
军民融合;大飞机;军工;商业航天;卫星导航;第三代半导体;低空经济;飞行汽车(eVTOL);芯片概念;比亚迪概念;新能源汽车;储能;华为概念;央企国企改革;超级电容;西部大开发;锂电池概念;国企改革;参股券商;深股通;融资融券,33,21,000733.SZ,000733
高压快充;消费电子概念;小米汽车;比亚迪概念;新能源汽车;光伏概念;储能;充电桩;5G;机器人概念;华为概念;低空经济;融资融券;深股通,33,14,002782.SZ,002782
特钢概念;3D打印;柔性屏(折叠屏);专精特新;消费电子概念;军工;动力电池回收;融资融券,17,8,688786.SH,688786
同花顺出海50;雅下水电概念;国企改革;一带一路;证金持股;高端装备;军工;农机;工业互联网;无人驾驶;深股通;融资融券;机器人概念,33,13,000425.SZ,000425
文化传媒概念;IP经济(谷子经济);知识产权保护;在线教育;托育服务;证金持股;国企改革;沪股通;融资融券,17,9,600757.SH,600757
CRO概念;减肥药;创新药;智能医疗;人工智能;AI应用;合成生物;回购增持再贷款概念;沪股通;融资融券,17,10,688202.SH,688202
中韩自贸区;冷链物流;统一大市场;航运概念;中俄贸易概念;智能物流;自由贸易港;一带一路;核电;俄乌冲突概念,17,10,603967.SH,603967
成飞概念;大飞机;军民融合;商业航天;卫星导航;军工;低空经济;无人机;高铁;高端装备;京津冀一体化;芯片概念;2025年报预增;2025三季报预增;融资融券;深股通,33,16,002985.SZ,002985
同花顺中特估100;央企国企改革;国企改革;医疗废物处理;超超临界发电;一带一路;中俄贸易概念;碳中和;3D打印;数字经济;深股通;融资融券;中字头股票,33,13,000928.SZ,000928
IP经济(谷子经济);跨境电商;养老概念;三胎概念;在线教育;ChatGPT概念;AIGC概念;AI智能体;百度概念;DeepSeek概念;文化传媒概念;人工智能;抖音概念(字节概念);毛发医疗;智能穿戴;2025年报预增;AI应用;融资融券;深股通,33,19,301078.SZ,301078
专精特新;深股通,33,2,300669.SZ,300669
预制菜;沪股通,17,2,603170.SH,603170
钠离子电池;固态电池;动力电池回收;锂电池概念;无线充电;新型烟草(电子烟);华为手机;苹果概念;石墨烯;盐湖提锂;无线耳机;两轮车;高压快充;储能;AI眼镜;消费电子概念;新能源汽车;智能穿戴;汽车电子;小米概念;星闪概念;金属回收;机器人概念;智能音箱;工业互联网;华为概念;虚拟电厂;粤港澳大湾区;无人机;换电概念;虚拟现实;低空经济;智能家居;一带一路;数字孪生;创投;数字经济;人工智能;DeepSeek概念;深股通;融资融券,33,41,300207.SZ,300207
中芯国际概念;国家大基金持股;存储芯片;先进封装;芯片概念;同花顺新质50;MiniLED;工业互联网;区块链;沪股通;融资融券,17,11,688012.SH,688012
参股券商;期货概念;PPP概念;国企改革;动力电池回收;粤港澳大湾区;充电桩;新能源汽车;深股通;融资融券,33,10,000828.SZ,000828
农业种植;维生素;参股券商;回购增持再贷款概念;幽门螺杆菌概念;流感;医药电商;肝炎概念;乡村振兴;创新药;三胎概念;创投;深股通;融资融券;工业互联网;网红经济,33,16,000623.SZ,000623
一带一路;粤港澳大湾区;专精特新;融资融券,151,4,920957.BJ,920957
超超临界发电;虚拟电厂;核电;氢能源;储能;天然气;页岩气;煤化工概念;高端装备;一带一路;碳中和;国企改革;西部大开发;军工;商业航天;融资融券;数据安全;沪股通,17,18,601369.SH,601369
液冷服务器;超级电容;石墨烯;锂电池概念;氢能源;储能;空气能热泵;动力电池回收;充电桩;数据中心;新能源汽车;汽车热管理;东数西算(算力);家用电器;无人驾驶;算力租赁,33,16,002418.SZ,002418
国企改革;沪股通,17,2,601518.SH,601518
,33,0,002998.SZ,002998
智能电网;特高压;电力物联网;柔性直流输电;充电桩;虚拟电厂;风电;专精特新;储能;数据中心;光伏概念;新型工业化;机器人概念;5G;无人机;物联网;低空经济;数字孪生;绿色电力;光伏建筑一体化;人工智能;网络安全;数字经济;DeepSeek概念;数据安全;多模态AI;AI应用;深股通;融资融券,33,29,301179.SZ,301179
空间计算;阿里巴巴概念;大飞机;3D打印;专精特新;机器人概念;比亚迪概念;特斯拉概念;宁德时代概念;沪股通;融资融券,17,11,688583.SH,688583
液冷服务器;数据中心;东数西算(算力);机器人概念;阿里巴巴概念;腾讯概念;换电概念;光纤概念;储能;深股通;融资融券,33,11,301202.SZ,301202
ST板块;医疗废物处理;氢能源;生态农业;天然气;乡村振兴;农村电商;粮食概念,33,8,002496.SZ,002496
医疗废物处理;PPP概念;净水概念;污水处理;装配式建筑;固废处理;垃圾分类;水利;生物疫苗,33,9,300664.SZ,300664
装配式建筑;建筑节能;高铁;机器人概念;储能;融资融券,33,6,001324.SZ,001324
智能电网;虚拟电厂;电力物联网;储能;新能源汽车;专精特新;碳中和;传感器;汽车电子;物联网;参股银行;AI应用;人工智能;数字经济;深股通;融资融券,33,16,300882.SZ,300882
白酒概念;超级品牌;同花顺漂亮100;证金持股;沪股通;融资融券;国企改革;西部大开发,17,8,600519.SH,600519
燃料电池;专精特新;芯片概念;氢能源;氟化工概念;有机硅概念;天然气;深股通,33,8,002971.SZ,002971
水泥概念;国企改革;2025年报预增;融资融券,33,4,000789.SZ,000789
期货概念;国企改革;共同富裕示范区;沪股通;融资融券,17,5,601878.SH,601878
可降解塑料;绿色电力;锂电池概念;固态电池;2025三季报预增;比亚迪概念;飞行汽车(eVTOL);创投;低空经济;大飞机;沪股通;融资融券,17,12,600210.SH,600210
光伏概念;第三代半导体;减速器;人形机器人;机器视觉;机器人概念;多模态AI;沪股通;融资融券,17,9,688556.SH,688556
特钢概念;小金属概念;专精特新;沪股通;融资融券,17,5,603995.SH,603995
绿色电力;碳交易;国企改革;水利;供销社;股权转让(并购重组);深股通;融资融券,33,8,000722.SZ,000722
禽流感;流感;生物疫苗;肝炎概念;创新药;重组蛋白;深股通;融资融券,33,8,002007.SZ,002007
黄金概念;IP经济(谷子经济);股权转让(并购重组),17,3,603900.SH,603900
智慧城市;物联网;融资融券,33,3,300931.SZ,300931
猪肉;预制菜;国企改革;上海国企改革;沪股通;融资融券,17,6,600073.SH,600073
氢能源;固废处理;PM2.5;碳交易;核电;碳中和;雄安新区;专精特新;商业航天;航空发动机;芯片概念;京津冀一体化;中芯国际概念;物联网;数字经济;DeepSeek概念;数据要素;AI智能体;深股通,33,19,002658.SZ,002658
代糖概念;合成生物;绿色电力;人民币贬值受益;专精特新;新型工业化;深股通;融资融券,33,8,301206.SZ,301206
PEEK材料;汽车热管理;华为汽车;新能源汽车;比亚迪概念;燃料电池;专精特新;车联网(车路协同);氢能源;医疗器械概念;深股通;融资融券,33,12,301225.SZ,301225
华为汽车;飞行汽车(eVTOL);无人驾驶;车联网(车路协同);低空经济;人形机器人;机器人概念;固态电池;新能源汽车;无线充电;参股银行;人工智能;华为概念;西部大开发;抖音概念(字节概念);沪股通;股权转让(并购重组);融资融券,17,18,601127.SH,601127
流感;仿制药一致性评价;肝炎概念;创新药;医药电商;生物疫苗;医美概念;医疗器械概念;参股银行;回购增持再贷款概念;融资融券;沪股通,17,12,603858.SH,603858
工业母机;新能源汽车;人形机器人;新型工业化;机器人概念;高端装备;低空经济;长三角一体化;大飞机;融资融券;沪股通,17,11,688697.SH,688697
PPP概念;地下管网;新型城镇化;生物质能发电;污水处理;净水概念;水利;固废处理;创投;绿色电力;数字孪生;智慧城市;人工智能;数字经济;DeepSeek概念;数据要素;数据确权;AI智能体;沪股通,17,19,600283.SH,600283
医药电商;流感;仿制药一致性评价;肝炎概念;创新药;农业种植;三胎概念;国企改革;数字经济;DeepSeek概念;人工智能;工业互联网,17,12,600479.SH,600479
稀土永磁;小金属概念;金属回收;2025三季报预增;回购增持再贷款概念;氢能源;西部大开发;军工;同花顺漂亮100;国企改革;专精特新;2025年报预增;沪股通;融资融券,17,14,600111.SH,600111
物业管理;ST板块;文化传媒概念;国企改革,22,4,600136.SH,600136
卫星导航;商业航天;军工;无人机;低空经济;飞行汽车(eVTOL);人形机器人;芯片概念;专精特新;MCU芯片;第三代半导体;央企国企改革;先进封装;西部大开发;国企改革;存储芯片;沪股通;融资融券,17,18,688439.SH,688439
仿制药一致性评价;创新药;细胞免疫治疗;流感;合成生物;阿尔茨海默概念;沪股通;融资融券,17,8,600521.SH,600521
宁德时代概念;海峡两岸;国企改革;光伏概念;新能源汽车;5G,33,6,002578.SZ,002578
国家大基金持股;芯片概念;OLED;消费电子概念;汽车电子;智能穿戴;传感器;人民币贬值受益;安防;智慧城市;融资融券;沪股通,17,12,688728.SH,688728
海南自贸区;自由贸易港;旅游概念;股权转让(并购重组);航运概念;国企改革;央企国企改革;深股通;融资融券,33,9,002320.SZ,002320
房屋检测;装配式建筑;建筑节能;垃圾分类;PPP概念;雄安新区;国企改革;污水处理;沪股通;融资融券,17,10,600846.SH,600846
PVDF概念;福建自贸区;海峡两岸;钙钛矿电池;燃料电池;垃圾分类;锂电池概念;污水处理;固废处理;东数西算(算力);PPP概念;算力租赁;金属回收;金属铜;黄金概念;深股通;股权转让(并购重组),33,17,300056.SZ,300056
芯片概念;ST板块;房屋检测;智能电网;机器人概念;传感器;军工;无人机;无人驾驶;商业航天;军民融合;卫星导航;安防,33,13,002214.SZ,002214
特高压;智能电网;钒电池;储能;碳交易;碳中和;央企国企改革;国企改革;信托概念;期货概念;参股券商;物联网;沪股通;融资融券,17,14,600517.SH,600517
同花顺中特估100;中字头股票;物业管理;国企改革;沪股通;融资融券,17,6,600007.SH,600007
虚拟电厂;绿色电力;污水处理;天然气;充电桩;地下管网;参股银行;储能;光伏概念;乡村振兴;西部大开发;沪股通;融资融券,17,13,600644.SH,600644
乳业;农业种植;粮食概念;生态农业;白酒概念;大豆;参股银行;乡村振兴;国企改革;创投;数字经济;沪股通,17,12,600300.SH,600300
中韩自贸区;统一大市场;跨境电商;航运概念;冷链物流;智能物流;中俄贸易概念;一带一路;数字经济;拼多多概念;数据要素;小米概念;无人驾驶;AI智能体,17,14,603836.SH,603836
光纤概念;华为概念;虚拟现实;无人驾驶;海峡两岸;福建自贸区;国企改革;深股通;融资融券,33,9,002222.SZ,002222
医药电商;冷链物流;参股券商;国企改革;回购增持再贷款概念;沪股通,17,6,600713.SH,600713
东数西算(算力);粤港澳大湾区;智能物流;统一大市场;融资融券;深股通,33,6,002930.SZ,002930
丙烯酸;燃料电池;人民币贬值受益;专精特新,17,4,603722.SH,603722
维生素;人民币贬值受益;沪股通,17,3,603235.SH,603235
军工;高端装备;无人机;机器人概念;沪股通;融资融券,17,6,688084.SH,688084
钙钛矿电池;TOPCON电池;BC电池;HJT电池;硅能源;光伏概念;光伏建筑一体化;储能;氢能源;特斯拉概念;华为概念;同花顺漂亮100;绿色电力;西部大开发;百度概念;证金持股;沪股通;融资融券,17,18,601012.SH,601012
F5G概念;WiFi 6;6G概念;5G;数据中心;芯片概念;网络安全;华为概念;安防;信创;车联网(车路协同);小米概念;汽车电子;智能座舱;创投;粤港澳大湾区;深股通;融资融券,33,18,301191.SZ,301191
猪肉;同花顺漂亮100;深股通;融资融券;生态农业;宠物经济,33,6,002311.SZ,002311
期货概念;证金持股;同花顺漂亮100;沪股通;融资融券;同花顺中特估100,17,6,600030.SH,600030
预制菜;超级品牌;网红经济;冷链物流;融资融券;深股通,33,6,002216.SZ,002216
长三角一体化;新型城镇化;一带一路;机器人概念;创投;物联网;芯片概念;独角兽概念;人工智能;深股通;融资融券;ChatGPT概念,33,12,002367.SZ,002367
汽车电子;专精特新;智能座舱;无人驾驶;小米概念;新能源汽车;小米汽车;长安汽车概念;注册制次新股;深股通;新股与次新股;融资融券,33,12,301535.SZ,301535
新股与次新股;融资融券,151,2,920121.BJ,920121
特钢概念;国企改革;回购增持再贷款概念;股权转让(并购重组);沪股通;融资融券,17,6,600569.SH,600569
无人驾驶;专精特新;新股与次新股;融资融券;人民币贬值受益,151,5,920020.BJ,920020
净水概念;空气能热泵;家用电器;创投;智能家居;粤港澳大湾区;数字经济;鸿蒙概念;无人机;深股通;融资融券,33,11,002035.SZ,002035
特钢概念;回购增持再贷款概念;化债概念(AMC概念);宁德时代概念;2025年报预增;新能源汽车;工业互联网;融资融券;沪股通;华为概念,17,10,600507.SH,600507
ST板块;人民币贬值受益;预制菜;三胎概念,33,4,300268.SZ,300268
地下管网;新型城镇化;水利;共同富裕示范区;光伏建筑一体化;天然气;光伏概念;机器人概念;储能;京津冀一体化;融资融券;深股通,33,12,002641.SZ,002641
生物质能发电;医疗废物处理;固废处理;污水处理;PPP概念;绿色电力;国企改革;垃圾分类;西部大开发;储能;沪股通,17,11,601827.SH,601827
期货概念;国企改革;央企国企改革;融资融券;深股通,33,5,002939.SZ,002939
中字头股票;金属铅;金属锌;金属铜;小金属概念;金属钴;同花顺中特估100;央企国企改革;证金持股;国企改革;参股券商;回购增持再贷款概念;一带一路;PPP概念;新型城镇化;沪股通;融资融券;水利;高铁;低空经济;人工智能,17,21,601390.SH,601390
医药电商;流感;创新药;肝炎概念;三胎概念;冷链物流;西部大开发;智能医疗;人工智能;华为概念;沪股通;融资融券,17,12,603368.SH,603368
可降解塑料;回购增持再贷款概念;粤港澳大湾区;深股通,33,4,002986.SZ,002986
创新药;医药电商;仿制药一致性评价;肝炎概念;幽门螺杆菌概念;流感;合成生物;医疗器械概念;西部大开发;深股通;毛发医疗;融资融券,33,12,002422.SZ,002422
网约车;车联网(车路协同);低空经济;国企改革;飞行汽车(eVTOL);无人驾驶;动力电池回收;燃料电池;华为汽车;商业航天;机器人概念;固态电池;石墨烯;充电桩;智能座舱;锂电池概念;华为概念;新能源汽车;宁德时代概念;同花顺漂亮100;人形机器人;汽车芯片;英伟达概念;沪股通;融资融券,17,25,601238.SH,601238
特斯拉概念;比亚迪概念;新能源汽车;汽车电子;芯片概念;华为概念;沪股通;融资融券,17,8,688533.SH,688533
物联网;人脸识别;中俄贸易概念;新型城镇化;一带一路;融资融券,33,6,301056.SZ,301056
军工信息化;AI智能体;人工智能;卫星导航;信创;DeepSeek概念;网络安全;军民融合;华为欧拉;商业航天;智慧城市;国产操作系统;大飞机;军工;物联网;华为概念;无人机;车联网(车路协同);工业互联网;新型工业化;机器视觉;机器人概念;数据中心;5G;核电;人形机器人;智能物流;高铁;工业母机;芯片概念;智能电网;雄安新区;虚拟电厂;汽车芯片;汽车电子;风电;储能;2025年报预增;绿色电力;深股通;股权转让(并购重组);融资融券,33,42,300353.SZ,300353
创新药;流感;生物疫苗;基因测序;三胎概念;医疗器械概念;西部大开发;融资融券;沪股通,17,9,600211.SH,600211
上海自贸区;建筑节能;新型城镇化;水利;创投;国企改革;自由贸易港;证金持股;车联网(车路协同);沪股通;融资融券,17,11,600284.SH,600284
代糖概念;粮食概念;2025年报预增;西部大开发;参股银行;参股券商;股权转让(并购重组),17,7,600191.SH,600191
培育钻石;第三代半导体;回购增持再贷款概念;国企改革;物业管理;旅游概念;沪股通;融资融券,17,8,600172.SH,600172
抽水蓄能;超超临界发电;风电;绿色电力;氢能源;储能;充电桩;一带一路;央企国企改革;PPP概念;国企改革;乡村振兴;华为概念;机器人概念;深股通;融资融券,33,16,000875.SZ,000875
生物质能发电;PPP概念;绿色电力;固废处理;垃圾分类;回购增持再贷款概念;动力电池回收;融资融券;深股通,33,9,002034.SZ,002034
钛白粉概念;磷化工;锂电池概念;股权转让(并购重组);融资融券,33,5,000545.SZ,000545
大飞机;航空发动机;商业航天;低空经济;海峡两岸;AI眼镜;消毒剂;2025年报预增,33,8,001316.SZ,001316
智能电网;风电;光伏概念;电力物联网;充电桩;储能;高压氧舱;一带一路;参股银行;数据中心;工业互联网;民营医院;脑机接口;三胎概念;养老概念;人工智能;沪股通;智能医疗;AI应用;融资融券,17,20,601567.SH,601567
化债概念(AMC概念);独角兽概念;创投;参股券商;期货概念;2025三季报预增;国企改革;风电;绿色电力;乡村振兴;2025年报预增;粤港澳大湾区;深股通;融资融券,33,14,000987.SZ,000987
金属铅;动力电池回收;雅下水电概念;固废处理;专精特新;共同富裕示范区,33,6,300837.SZ,300837
光刻胶;OLED;芯片概念;沪股通,17,4,603931.SH,603931
生物质能发电;医疗废物处理;固废处理;PPP概念;绿色电力;污水处理;国企改革;上海国企改革;土壤修复;垃圾分类;上海自贸区;沪股通;融资融券,17,13,601200.SH,601200
有机硅概念;硅能源;先进封装;第三代半导体;芯片概念;回购增持再贷款概念;数字经济;深股通,33,8,300121.SZ,300121
先进封装;有机硅概念;芯片概念;装配式建筑;回购增持再贷款概念;粤港澳大湾区;深股通;股权转让(并购重组),33,8,001212.SZ,001212
新型城镇化;地下管网;水利;数字孪生;智慧城市;空间计算;房屋检测;高铁;数字经济;机器人概念;土壤修复;碳中和;鸿蒙概念;数据要素;军工;时空大数据;元宇宙;华为概念;东数西算(算力);卫星导航,33,20,300826.SZ,300826
证金持股;国企改革;航运概念;雄安新区;京津冀一体化;智能物流;沪股通;融资融券,17,8,601000.SH,601000
自由贸易港;统一大市场;航运概念;国企改革;央企国企改革;一带一路;跨境电商;上海自贸区;比亚迪概念;小米概念;阿里巴巴概念;沪股通;融资融券,17,13,603128.SH,603128
东数西算(算力);人工智能;数字经济;国企改革;智慧城市;华为概念;军工;医疗器械概念;智能家居;卫星导航;5G;MiniLED;PCB概念;ST板块,33,14,002848.SZ,002848
绿色电力;抽水蓄能;国企改革;风电;回购增持再贷款概念;核电;海峡两岸;福建自贸区;沪股通;融资融券,17,10,600483.SH,600483
黑龙江自贸区;水利;创投;PPP概念;新型城镇化;体育产业;冰雪产业;地下管网;旅游概念;智慧城市;农村电商;乡村振兴;雅下水电概念;国企改革;一带一路;商业航天;生态农业,17,17,600853.SH,600853
WiFi 6;科创次新股;卫星导航;商业航天;6G概念;汽车芯片;5G;AI眼镜;芯片概念;智能穿戴;华为概念;小米概念;注册制次新股;新股与次新股;融资融券,17,15,688790.SH,688790
钠离子电池;固态电池;锂电池概念;宁德时代概念;参股银行;国企改革;储能;核电;雄安新区;地下管网;比亚迪概念;新能源汽车;物联网;深股通;融资融券;股权转让(并购重组),33,16,002108.SZ,002108
国企改革;回购增持再贷款概念;央企国企改革;风电;3D打印;融资融券;深股通,33,7,301090.SZ,301090
绿色电力;风电;充电桩;国企改革;西部大开发;央企国企改革;光伏概念;2025三季报预增;沪股通;融资融券,17,10,600505.SH,600505
中芯国际概念;存储芯片;第三代半导体;芯片概念;专精特新;光伏概念;高端装备;储能;氢能源;医疗器械概念;合成生物;沪股通;融资融券,17,13,688596.SH,688596
互联网保险;沪股通;融资融券;家庭医生;证金持股;同花顺漂亮100;参股券商;同花顺中特估100;独角兽概念,17,9,601318.SH,601318
国企改革;氢能源;参股券商;燃料电池;新能源汽车;毫米波雷达;芯片概念;机器人概念;人形机器人;汽车热管理;汽车电子;汽车芯片;深股通;融资融券,33,14,000581.SZ,000581
医疗器械概念;国企改革;股权转让(并购重组);沪股通;融资融券,17,5,600529.SH,600529
脑机接口;CRO概念;传感器;减肥药;PEEK材料;医疗器械概念;消费电子概念;机器人概念;人民币贬值受益;深股通;融资融券,33,11,301363.SZ,301363
环氧丙烷;人民币贬值受益;回购增持再贷款概念;专精特新;沪股通;融资融券,17,6,688267.SH,688267
Sora概念(文生视频);语音技术;华为昇腾;AI语料;财税数字化;多模态AI;数据安全;ChatGPT概念;虚拟现实;信创;东数西算(算力);云计算;AIGC概念;华为鲲鹏;卫星导航;华为概念;元宇宙;智慧政务;虚拟数字人;AI智能体;专精特新;数据要素;人工智能;知识产权保护;DeepSeek概念;文化传媒概念;AI应用;虚拟电厂;沪股通;股权转让(并购重组);融资融券,17,31,688228.SH,688228
期货概念;国企改革;西部大开发;深股通;融资融券;2025年报预增,33,6,000750.SZ,000750
硅能源;有机硅概念;石墨电极;光伏概念;第三代半导体;长三角一体化;沪股通;融资融券,17,8,603260.SH,603260
硅能源;光伏概念;建筑节能;芯片概念;沪股通;融资融券,17,6,601636.SH,601636
智能医疗;同花顺漂亮100;医疗器械概念;DeepSeek概念;AIGC概念;宠物经济;AI应用;同花顺出海50;融资融券;深股通,33,10,300760.SZ,300760
证金持股;深圳国企改革;融资融券;深股通;国企改革,33,5,002736.SZ,002736
商业航天;海工装备;人工智能;独角兽概念;风电;特高压;氢能源;抽水蓄能;工业互联网;碳中和;西部大开发;创投;储能;碳交易;新疆振兴;柔性直流输电;绿色电力;PPP概念;污水处理;同花顺出海50;深股通;融资融券;煤化工概念,33,23,002202.SZ,002202
煤炭概念;煤化工概念;国企改革;碳纤维;融资融券;工业互联网;沪股通,17,7,600740.SH,600740
国企改革;一体化压铸;央企国企改革;燃料电池;一带一路;回购增持再贷款概念;智能物流;动力电池回收;长安汽车概念;小米汽车;新能源汽车;机器人概念;特斯拉概念;车联网(车路协同);比亚迪概念;宁德时代概念;独角兽概念;小米概念;华为概念;工业母机;阿里巴巴概念;沪股通;融资融券,17,23,600335.SH,600335
人形机器人;新型工业化;传感器;机器人概念;商业航天;卫星导航;军工;航空发动机;大飞机;专精特新;物联网;华为概念;工业互联网;数字孪生;人工智能;核电;DeepSeek概念;水利;数据要素;氢能源;固态电池;超级电容;雅下水电概念;军民融合;风电;天然气;深股通,33,27,300354.SZ,300354
新型工业化;传感器;高端装备;军工;DeepSeek概念;一带一路;信创;专精特新;航运概念;芯片概念;深股通;股权转让(并购重组);融资融券,33,13,002685.SZ,002685
数据中心;华为概念;核电;阿里巴巴概念;专精特新;腾讯概念;百度概念;储能;锂电池概念;一带一路;互联网金融;长三角一体化;融资融券;深股通,33,14,300153.SZ,300153
新型城镇化;新疆振兴;PPP概念;国企改革;水利;西部大开发;一带一路;土地流转;风电;智慧灯杆;ETC;商业航天;人工智能;卫星导航;2025年报预增;AI智能体;融资融券;深股通,33,18,002941.SZ,002941
人造肉;维生素;国企改革;NMN概念;合成生物;沪股通;融资融券,17,7,600298.SH,600298
AI应用;云办公;AI智能体;财税数字化;智慧政务;职业教育;DeepSeek概念;人工智能;上海国企改革;统一大市场;国企改革;融资融券;沪股通,17,13,600662.SH,600662
生物质能发电;医疗废物处理;固废处理;绿色电力;垃圾分类;国企改革;沪股通,17,7,601330.SH,601330
供销社;绿色电力;深股通,33,3,002014.SZ,002014
中芯国际概念;光刻胶;光刻机;存储芯片;第三代半导体;芯片概念;专精特新;氟化工概念;核电;氢能源;粤港澳大湾区;俄乌冲突概念;沪股通;融资融券,17,14,688268.SH,688268
医疗器械概念;眼科医疗;国企改革;摘帽,17,4,600671.SH,600671
NMN概念;合成生物;维生素;医美概念;医药电商;人民币贬值受益;海峡两岸;跨境电商;福建自贸区;深股通;融资融券,33,11,002626.SZ,002626
ChatGPT概念;智慧政务;腾讯概念;多模态AI;数据要素;华为鲲鹏;信创;AI语料;人工智能;数据安全;AI智能体;算力租赁;DeepSeek概念;数字经济;东数西算(算力);华为概念;虚拟现实;数据中心;互联网金融;苹果概念;AI应用;股权转让(并购重组),33,22,300609.SZ,300609
光刻胶;OLED;芯片概念;固态电池;钙钛矿电池;锂电池概念;燃料电池;PEEK材料;人民币贬值受益;供销社;回购增持再贷款概念;国企改革;仿制药一致性评价;深股通;肝炎概念;融资融券,33,16,002643.SZ,002643
足球概念;体育产业;人民币贬值受益;沪股通,17,4,605099.SH,605099
新型城镇化;换电概念;智慧灯杆;旅游概念;充电桩;雄安新区;物业管理;储能;高压快充;碳中和;物联网;智慧城市;数字孪生;华为概念;数据中心;液冷服务器;腾讯概念;阿里巴巴概念,33,18,002963.SZ,002963
免税店;参股券商;IP经济(谷子经济);上海国企改革;国企改革;创投;阿里巴巴概念;华为概念;AI眼镜;沪股通;融资融券,17,11,600827.SH,600827
证金持股;参股券商;参股银行;国企改革;污水处理;创投;融资融券;沪股通,17,8,600064.SH,600064
生物质能发电;抽水蓄能;绿色电力;充电桩;储能;新能源汽车;回购增持再贷款概念;比亚迪概念;减速器;长安汽车概念;深股通;数据中心;融资融券,33,13,000601.SZ,000601
富士康概念;共封装光学(CPO);5G;汽车热管理;人形机器人;机器人概念;人民币贬值受益;融资融券,33,8,301419.SZ,301419
水泥概念;同花顺中特估100;新疆振兴;装配式建筑;国企改革;雄安新区;央企国企改革;数字经济;一带一路;西部大开发;数据要素;核电;风电;3D打印;深股通;融资融券,33,16,002302.SZ,002302
煤炭概念;国企改革;沪股通;融资融券,17,4,600403.SH,600403
草甘膦;回购增持再贷款概念;2025年报预增;人民币贬值受益;深股通;融资融券,33,6,301035.SZ,301035
ST板块;新能源汽车;光伏概念;储能;国企改革;创投;充电桩;高压快充;网络游戏;西部大开发;手机游戏;华为概念;智能电网;区块链;腾讯概念,33,15,002168.SZ,002168
高铁;一带一路;高端装备;机器人概念;新能源汽车;充电桩;新型工业化;医疗器械概念;比亚迪概念;无人驾驶;工业互联网;工业母机;养老概念;智能医疗;沪股通,17,15,603111.SH,603111
装配式建筑;新型城镇化;啤酒概念;国企改革;央企国企改革;雄安新区;乡村振兴;建筑节能;固废处理;参股券商;土壤修复;垃圾分类;污水处理;一带一路;特色小镇;光伏建筑一体化;智能物流;机器人概念;DeepSeek概念;人工智能;动力电池回收;数据要素;固态电池;深股通;中字头股票,33,25,002116.SZ,002116
期货概念;国企改革;沪股通;融资融券,17,4,600918.SH,600918
2025年报预增;新型城镇化;污水处理;参股券商;创投;国企改革;一带一路;绿色电力;长三角一体化;充电桩;光伏概念;沪股通,17,12,601512.SH,601512
煤炭概念;国企改革;机器人概念;工业互联网;安防;东数西算(算力);DeepSeek概念;数据要素;信创;沪股通;融资融券,17,11,600121.SH,600121
期货概念;国企改革;西部大开发;深股通;融资融券,33,5,002673.SZ,002673
PCB概念;共封装光学(CPO);苹果概念;毫米波雷达;5G;汽车电子;消费电子概念;AI眼镜;比亚迪概念;无人机;传感器;东数西算(算力);虚拟现实;无人驾驶;卫星导航;商业航天;国企改革;深股通;融资融券;证金持股,33,20,000823.SZ,000823
金属铜;回购增持再贷款概念;国企改革;铜缆高速连接;消费电子概念;沪股通;融资融券,17,7,600255.SH,600255
超级品牌;国企改革;沪股通;融资融券,17,4,600305.SH,600305
体育产业;三胎概念;长三角一体化;国企改革;股权转让(并购重组),33,5,001234.SZ,001234
ST板块;知识产权保护;旅游概念;文化传媒概念;短剧游戏;虚拟现实;数据确权;体育产业;职业教育;NFT概念;抖音概念(字节概念);腾讯概念;区块链;网红经济;Sora概念(文生视频);数据要素;AI语料;快手概念;小红书概念;国企改革;AI应用,22,21,603721.SH,603721
共同富裕示范区;冰雪产业;两轮车;高股息精选;中俄贸易概念;创投;新能源汽车;锂电池概念;融资融券;深股通,33,10,000913.SZ,000913
超级品牌;证金持股;医药电商;流感;国企改革;智能医疗;沪股通;融资融券;DeepSeek概念,17,9,600085.SH,600085
地下管网;水利;粤港澳大湾区;石墨烯,33,4,300599.SZ,300599
专精特新;新型工业化;沪股通;融资融券,17,4,603325.SH,603325
养鸡;土地流转;农村电商;预制菜;乡村振兴;食品安全;区块链;深股通,33,8,002321.SZ,002321
流感;减肥药;创新药;CRO概念;仿制药一致性评价;合成生物;宠物经济;医美概念;养老概念;共同富裕示范区;深股通;融资融券;AIGC概念;AI智能体;工业互联网,33,15,000739.SZ,000739
文化传媒概念;短剧游戏;手机游戏;网络游戏;在线教育;Sora概念(文生视频);IP经济(谷子经济);AIGC概念;数字经济;虚拟现实;国企改革;AI应用;沪股通;融资融券,17,14,600373.SH,600373
体育产业;ST板块;冰雪产业;算力租赁;区块链;智慧城市;东数西算(算力);工业互联网;5G;机器人概念;硅能源;数据中心;AI眼镜;光伏概念,33,14,300472.SZ,300472
污水处理;净水概念;参股银行;盐湖提锂;国企改革;西部大开发;央企国企改革;芯片概念;参股券商;深股通,33,10,000920.SZ,000920
共同富裕示范区;国企改革;消毒剂;石墨烯;氢能源;工业互联网;沪股通;股权转让(并购重组),17,8,603213.SH,603213
2025年报预增;特斯拉概念;比亚迪概念;融资融券;长安汽车概念;新能源汽车;人民币贬值受益;一带一路;专精特新,151,9,920195.BJ,920195
充电桩;注册制次新股;人民币贬值受益;储能;汽车电子;新能源汽车;消费电子概念;锂电池概念;机器人概念;智能家居;新股与次新股;融资融券,17,12,603400.SH,603400
国产航母;军民融合;军工;商业航天;海工装备;核电;机器人概念;专精特新;风电;国企改革;储能;摘帽,33,12,300600.SZ,300600
创新药;减肥药;仿制药一致性评价;流感;生物疫苗;猴痘概念;细胞免疫治疗;阿尔茨海默概念;辅助生殖;青蒿素;医美概念;民营医院;医疗器械概念;智能医疗;家庭医生;证金持股;DeepSeek概念;AI智能体;机器人概念;沪股通;融资融券,17,21,600196.SH,600196
ST板块;西部大开发;合成生物;参股银行,22,4,600165.SH,600165
PET铜箔;固态电池;宁德时代概念;PCB概念;锂电池概念;比亚迪概念;专精特新;深股通;融资融券,33,9,301150.SZ,301150
MLOps概念;AIGC概念;短剧游戏;华为鲲鹏;百度概念;腾讯概念;信创;阿里巴巴概念;数据要素;蚂蚁集团概念;数字经济;人工智能;互联网金融;华为概念;数据中心;机器人概念;长三角一体化;沪股通,17,18,605398.SH,605398
专精特新;风电;储能;碳中和;光伏概念;海工装备;沪股通;融资融券,17,8,603062.SH,603062
中芯国际概念;国家大基金持股;存储芯片;OLED;第三代半导体;芯片概念;华为海思概念股;同花顺新质50;光伏概念;锂电池概念;中国AI 50;国企改革;深股通;融资融券;同花顺漂亮100,33,15,002371.SZ,002371
污水处理;新型城镇化;国企改革;西部大开发,17,4,601368.SH,601368
石墨烯;C2M概念;长三角一体化;核污染防治;柔性屏(折叠屏);工业互联网;智能家居;融资融券,33,8,002631.SZ,002631
商业航天;军民融合;碳纤维;军工;无人机;人形机器人;专精特新;融资融券;深股通,33,9,300777.SZ,300777
注册制次新股;新能源汽车;两轮车;比亚迪概念;新股与次新股;融资融券,17,6,603049.SH,603049
肝炎概念;流感;辅助生殖;减肥药;合成生物;CRO概念;宠物经济;人民币贬值受益;沪股通;融资融券,17,10,603538.SH,603538
核电;氢能源;超超临界发电;海峡两岸;数据中心;液冷服务器;一带一路,17,7,603269.SH,603269
农机;机器人概念;机器视觉;牙科医疗;工业互联网;医疗器械概念;食品安全;人工智能;智能医疗;深股通;鸿蒙概念;融资融券,33,12,002690.SZ,002690
乳业;农业种植;深股通;融资融券;回购增持再贷款概念,33,5,002557.SZ,002557
养鸡;猪肉;预制菜;冷链物流;碳中和;回购增持再贷款概念;深股通;融资融券,33,8,002840.SZ,002840
乳业;冷链物流;生态农业;三胎概念;跨境电商;乡村振兴;西部大开发;智慧城市;绿色电力;一带一路;数字经济;光伏概念;文化传媒概念;融资融券,33,14,002329.SZ,002329
存储芯片;先进封装;OLED;第三代半导体;柔性屏(折叠屏);芯片概念;消费电子概念;MiniLED;共封装光学(CPO);电子纸;专精特新;新能源汽车;AI眼镜;MR(混合现实);小米概念;智能穿戴;新型工业化;机器视觉;机器人概念;锂电池概念;华为概念;虚拟现实;融资融券,17,23,688328.SH,688328
2025年报预增;无人机;特高压;智能电网;军工;专精特新;新股与次新股;融资融券;中俄贸易概念,151,9,920037.BJ,920037
航空发动机;大飞机;商业航天;卫星导航;可控核聚变;军工;海工装备;核电;风电;专精特新;沪股通;融资融券,17,12,605123.SH,605123
比亚迪概念;新能源汽车;宁德时代概念;传感器;小米概念;人形机器人;减速器;储能;锂电池概念;金属镍;小金属概念;深股通;融资融券,33,13,301210.SZ,301210
智能电网;风电;绿色电力;碳中和;央企国企改革;西部大开发;国企改革;深股通,33,8,000862.SZ,000862
民爆概念;新疆振兴;国企改革;一带一路;央企国企改革;汽车拆解概念;雅下水电概念;土壤修复;西部大开发;水利;芯片概念;深股通;融资融券,33,13,002037.SZ,002037
高压快充;比亚迪概念;无人机;液冷服务器;新能源汽车;储能;人形机器人;充电桩;军工;换电概念;机器人概念;华为汽车;5G;数据中心;低空经济;高铁;长安汽车概念;海工装备;商业航天;军民融合;华为概念;卫星导航;风电;锂电池概念;光纤概念;共封装光学(CPO);一带一路;共同富裕示范区;深股通;融资融券,33,30,300351.SZ,300351
共同富裕示范区;长三角一体化,33,2,001333.SZ,001333
ETC;无人驾驶;卫星导航;智慧城市;换电概念;充电桩;水利;新型城镇化;一带一路;西部大开发,17,10,603458.SH,603458
成飞概念;航空发动机;大飞机;军民融合;军工;无人机;低空经济;传感器;虚拟现实;人民币贬值受益;股权转让(并购重组),33,11,300424.SZ,300424
钠离子电池;固态电池;宁德时代概念;锂电池概念;专精特新;氢能源;低空经济;福建自贸区;国企改革;融资融券;沪股通,17,11,688778.SH,688778
物业管理;跨境电商;国企改革;创投;自由贸易港;回购增持再贷款概念;上海自贸区;沪股通;融资融券,17,9,600648.SH,600648
可控核聚变;核电;光热发电;高压快充;储能;专精特新;页岩气;融资融券,33,8,301082.SZ,301082
证金持股;国企改革;互联网金融;深股通;融资融券,33,5,000728.SZ,000728
海工装备;核电;军工;商业航天;高端装备;风电;超超临界发电;雄安新区;机器人概念;国企改革;无人驾驶;数字孪生;深股通;融资融券,33,14,002204.SZ,002204
氢能源;上海国企改革;国企改革;自由贸易港;创投;上海自贸区;独角兽概念;融资融券;沪股通,17,9,600848.SH,600848
超级品牌;养鸡;预制菜;同花顺漂亮100;深股通;融资融券,33,6,300999.SZ,300999
互联网金融;参股券商;AI应用;融资融券;深股通,33,5,300803.SZ,300803
富士康概念;新型烟草(电子烟);AI PC;特斯拉概念;苹果概念;智能音箱;无线耳机;智能穿戴;柔性屏(折叠屏);消费电子概念;机器人概念;虚拟现实;华为概念;储能;固态电池;元宇宙;人民币贬值受益;海峡两岸;沪股通;融资融券,17,20,603626.SH,603626
污水处理;固废处理;专精特新;合成生物;融资融券,17,5,688156.SH,688156
OLED;风电;氢能源;专精特新;深股通;融资融券,33,6,300481.SZ,300481
存储芯片;光刻机;OLED;第三代半导体;芯片概念;专精特新;燃料电池;锂电池概念;医疗器械概念;深股通;融资融券,33,11,301611.SZ,301611
黄金概念;水泥概念;房屋检测;雄安新区;土壤修复;绿色电力;地下管网;PPP概念;上海国企改革;国企改革;一带一路;参股券商;碳中和;光伏建筑一体化;装配式建筑;物业管理;乡村振兴;水利;新型城镇化;DeepSeek概念;数字孪生;证金持股;核电;人工智能;数据中心;机器人概念;低空经济;融资融券;沪股通,17,29,600170.SH,600170
新型工业化;智能物流;机器人概念;人形机器人;军工;数字孪生;京津冀一体化;冷链物流;国企改革;央企国企改革;沪股通;融资融券,17,12,603082.SH,603082
柔性直流输电;特高压;智能电网;注册制次新股;充电桩;核电;储能;水利;专精特新;深股通;新股与次新股;融资融券,33,12,301609.SZ,301609
钠离子电池;固态电池;宁德时代概念;锂电池概念;光伏概念;高压快充;MiniLED;储能;比亚迪概念;换电概念;新型工业化;虚拟电厂;智能电网;光伏建筑一体化;数据中心;充电桩;机器视觉;风电;碳中和;华为概念;机器人概念;工业互联网;垃圾分类;净水概念;航空发动机;军工;绿色电力;一带一路;虚拟现实;污水处理;碳交易;国产操作系统;数字孪生;人工智能;多模态AI;华为鲲鹏;DeepSeek概念;水利;数字经济;数据要素,33,40,300490.SZ,300490
央企国企改革;国企改革;燃料电池;长安汽车概念;华为汽车;新能源汽车;智能物流;无人驾驶;车联网(车路协同);深股通;融资融券;汽车电子;百度概念,33,13,000550.SZ,000550
CRO概念;创新药;智能医疗;医疗器械概念;生物疫苗;AIGC概念;2025年报预增;深股通;融资融券,33,9,300347.SZ,300347
农机;央企国企改革;中俄贸易概念;高端装备;国企改革;乡村振兴;无人驾驶;工业互联网;沪股通;融资融券,17,10,601038.SH,601038
人形机器人;新型工业化;机器人概念;一带一路;人民币贬值受益;智能物流;宁德时代概念;无人驾驶;工业互联网;锂电池概念;物联网;统一大市场;冷链物流;互联网金融;沪股通,17,15,603611.SH,603611
长三角一体化;国企改革;创投;新型城镇化;租售同权;物业管理;独角兽概念;养老概念;深股通,33,9,002208.SZ,002208
物业管理;抖音概念(字节概念);文化传媒概念;摘帽,17,4,600234.SH,600234
比亚迪概念;阿里巴巴概念;新股与次新股;融资融券;人民币贬值受益,151,5,920112.BJ,920112
PVDF概念;氟化工概念;锂电池概念;储能;回购增持再贷款概念;一体化压铸;核电;军工;芯片概念;商业航天;融资融券,17,11,603978.SH,603978
染料;仿制药一致性评价;人民币贬值受益;创新药;减肥药;肝炎概念;生物疫苗;深股通;融资融券,33,9,002099.SZ,002099
医药电商;家庭医生;沪股通;融资融券,17,4,603939.SH,603939
可控核聚变;核电;海工装备;超超临界发电;水利;军工;西部大开发;国企改革;2025三季报预增,17,9,600558.SH,600558
民爆概念;国企改革;西部大开发;雅下水电概念;芯片概念;深股通,33,6,002827.SZ,002827
地下管网;碳交易;绿色电力;污水处理;光伏建筑一体化;碳中和;充电桩;参股银行;风电;新疆振兴;储能;西部大开发;创投;国企改革;天然气;乡村振兴;智慧城市;光伏概念;新能源汽车;液冷服务器;沪股通;融资融券,17,22,600979.SH,600979
智能座舱;无人驾驶;商业航天;毫米波雷达;车联网(车路协同);飞行汽车(eVTOL);小米汽车;低空经济;长安汽车概念;汽车电子;华为概念;比亚迪概念;机器人概念;百度概念;DeepSeek概念;虚拟现实;大飞机;新能源汽车;回购增持再贷款概念;汽车热管理;融资融券,17,21,688326.SH,688326
脑机接口;智能医疗;医美概念;医疗器械概念;养老概念;专精特新;机器人概念;三胎概念;融资融券,17,9,688580.SH,688580
特色小镇;旅游概念;统一大市场;国企改革;养老概念;NFT概念,33,6,002627.SZ,002627
期货概念;创投;国企改革;深股通,33,4,001236.SZ,001236
信托概念;参股银行;融资融券;沪股通,17,4,600816.SH,600816
足球概念;体育产业;跨境电商;人民币贬值受益;养老概念;一带一路;参股银行;物联网;消费电子概念;人工智能;冰雪产业;DeepSeek概念;AI智能体;AIGC概念;融资融券,33,15,301287.SZ,301287
小红书概念;文化传媒概念;AIGC概念;抖音概念(字节概念);数据要素;腾讯概念;数字经济;华为概念;融资融券,33,9,301102.SZ,301102
仿制药一致性评价;医药电商;创新药;肝炎概念;生物疫苗;工业大麻;智能医疗;国企改革;央企国企改革;沪股通;融资融券;股权转让(并购重组),17,12,600535.SH,600535
光纤概念;PEEK材料;消费电子概念;新能源汽车;新型烟草(电子烟);机器人概念;专精特新;储能;家用电器;海峡两岸;福建自贸区;医疗器械概念;养老概念;三胎概念;宠物经济;深股通;融资融券,33,17,301196.SZ,301196
风电;海工装备;绿色电力;金属回收;2025年报预增;融资融券,17,6,601218.SH,601218
ST板块;新型城镇化;污水处理;粤港澳大湾区;专精特新;金属镍;金属回收,33,7,301288.SZ,301288
商业航天;军民融合;大飞机;军工;水利;高端装备;央企国企改革;西部大开发;国企改革;氢能源;煤化工概念;沪股通;融资融券,17,13,600343.SH,600343
IP经济(谷子经济);互联网金融;养老概念;人工智能;证金持股;西部大开发;机器人概念;回购增持再贷款概念;小米汽车;沪股通;融资融券;黄金概念,17,12,600729.SH,600729
IP经济(谷子经济);参股券商;沪股通,17,3,603587.SH,603587
国产航母;大飞机;商业航天;海工装备;军工;核电;高端装备;光伏概念;风电;一带一路;工业互联网;减速器;机器人概念;新型工业化;国企改革;一体化压铸;人形机器人;华为概念;F5G概念;人工智能;同花顺中特估100;融资融券;沪股通;中字头股票,17,24,601608.SH,601608
ST板块;物联网;西部大开发;华为概念;智慧城市;ETC;人工智能;数字经济;DeepSeek概念;算力租赁;多模态AI,22,11,603869.SH,603869
智能家居;注册制次新股;智能穿戴;人民币贬值受益;消费电子概念;物联网;智能音箱;人工智能;深股通;新股与次新股;融资融券,33,11,301491.SZ,301491
高压快充;富士康概念;储能;充电桩;无线充电;光伏概念;数据中心;第三代半导体;比亚迪概念;5G;新能源汽车;OLED;消费电子概念;汽车电子;小米概念;华为汽车;2025年报预增;华为概念;粤港澳大湾区;融资融券,33,20,002885.SZ,002885
超级品牌;IP经济(谷子经济);智能物流;沪股通;融资融券,17,5,603899.SH,603899
钠离子电池;有机硅概念;固态电池;宁德时代概念;锂电池概念;比亚迪概念;专精特新;沪股通;融资融券,17,9,688353.SH,688353
两轮车;参股银行;新型工业化;比亚迪概念;人民币贬值受益;注册制次新股;汽车电子;智能座舱;新股与次新股;融资融券,17,10,603202.SH,603202
房屋检测;上海国企改革;装配式建筑;新型城镇化;低空经济;地下管网;水利;数字孪生;建筑节能;PPP概念;雄安新区;人工智能;创投;数字经济;乡村振兴;碳中和;一带一路;国企改革;参股券商;沪股通,17,20,600629.SH,600629
成飞概念;航空发动机;大飞机;军民融合;军工;无人机;低空经济;3D打印;创投;西部大开发;融资融券;深股通,33,12,300696.SZ,300696
数字水印;知识产权保护;网络安全;人脸识别;车联网(车路协同);安防;AI智能体;智慧城市;人工智能;东数西算(算力);华为概念;军工;垃圾分类;股权转让(并购重组),33,14,300449.SZ,300449
绿色电力;光伏概念;储能;BC电池;污水处理;固废处理;HJT电池;TOPCON电池;生物质能发电;一带一路;PPP概念;西部大开发;回购增持再贷款概念;无人机;DeepSeek概念;金属铜;股权转让(并购重组),17,17,603759.SH,603759
期货概念;国企改革;沪股通;融资融券,17,4,600909.SH,600909
中芯国际概念;存储芯片;先进封装;第三代半导体;OLED;汽车芯片;BC电池;芯片概念;TOPCON电池;钙钛矿电池;HJT电池;光伏概念;专精特新;高端装备;回购增持再贷款概念;沪股通;融资融券,17,17,688147.SH,688147
统一大市场;国企改革;乡村振兴;垃圾分类;绿色电力;碳交易;光伏建筑一体化;碳中和;超超临界发电;氢能源;农机;风电;虚拟电厂;储能;新能源汽车;光伏概念;机器人概念;高端装备;无人驾驶;锂电池概念;时空大数据;工业母机;钠离子电池;融资融券,17,24,600805.SH,600805
农业种植;一带一路;乡村振兴;国企改革;冷链物流;股权转让(并购重组),17,6,603336.SH,603336
钙钛矿电池;固态电池;先进封装;宁德时代概念;MicroLED概念;锂电池概念;芯片概念;光伏概念;3D打印;消费电子概念;共封装光学(CPO);华为概念;储能;工业母机;新型工业化;新能源汽车;燃料电池;机器人概念;光纤概念;氢能源;沪股通;融资融券,17,22,688518.SH,688518
军工;核电;核污染防治;工业互联网;央企国企改革;国企改革;中字头股票;融资融券,17,8,688119.SH,688119
共封装光学(CPO);光纤概念;第三代半导体;可控核聚变;汽车芯片;芯片概念;数据中心;商业航天;华为概念;专精特新;无人驾驶;医美概念;沪股通;融资融券,17,14,688048.SH,688048
回购增持再贷款概念;专精特新;新能源汽车;比亚迪概念;融资融券,33,5,301395.SZ,301395
农业种植;西部大开发;乡村振兴;回购增持再贷款概念;2025年报预增,33,5,002772.SZ,002772
冰雪产业;旅游概念;西部大开发;国企改革;低空经济;飞行汽车(eVTOL);新疆振兴;深股通;股权转让(并购重组),33,9,300859.SZ,300859
液冷服务器;汽车热管理;华为汽车;比亚迪概念;新能源汽车;长安汽车概念;宁德时代概念;飞行汽车(eVTOL);燃料电池;数据中心;储能;换电概念;充电桩;低空经济;氢能源;西部大开发;深股通;融资融券,33,18,301397.SZ,301397
供销社;动力电池回收;金属回收;金属铜;固废处理;垃圾分类;西部大开发;沪股通;融资融券,17,9,600217.SH,600217
地下管网;新型城镇化;雄安新区;国企改革;水利;一带一路;智慧城市;低空经济;车联网(车路协同);人工智能;空间计算;DeepSeek概念;数据要素;量子科技;云计算;沪股通;融资融券,17,17,603357.SH,603357
钠离子电池;氟化工概念;锂电池概念;宁德时代概念;液冷服务器;仿制药一致性评价;深股通;融资融券,33,8,002326.SZ,002326
光热发电;光伏概念;智能电网;虚拟电厂;换电概念;储能;光伏建筑一体化;绿色电力;机器人概念;人形机器人;东数西算(算力);新型城镇化;融资融券,33,13,301046.SZ,301046
互联网金融;国企改革;2025年报预增;股权转让(并购重组);融资融券;沪股通,17,6,601456.SH,601456
C2M概念;光伏概念;股权转让(并购重组);新能源汽车;网络游戏;创投;一带一路;拼多多概念;参股银行,33,9,002571.SZ,002571
电力物联网;智能电网;PM2.5;特高压;数字孪生;人工智能;土壤修复;无人机;储能;虚拟现实;核电;数据要素;东数西算(算力);信创;AI应用;深股通,33,16,002322.SZ,002322
光伏建筑一体化;光伏概念;虚拟电厂;绿色电力;储能;充电桩;回购增持再贷款概念;长三角一体化;共同富裕示范区;沪股通;融资融券,17,11,603105.SH,603105
MicroLED概念;MiniLED;小米概念;机器人概念;智能家居;人工智能;粤港澳大湾区;DeepSeek概念;PCB概念;人民币贬值受益;光伏概念;储能;深股通;融资融券,33,14,002745.SZ,002745
商业航天;空间计算;智慧城市;西部大开发;融资融券;时空大数据;DeepSeek概念;华为昇腾;旅游概念;人工智能;数据要素;乡村振兴;数字乡村;华为鲲鹏;云计算;多模态AI;数字孪生,151,17,920564.BJ,920564
减速器;PEEK材料;人形机器人;特斯拉概念;比亚迪概念;新能源汽车;机器人概念;宁德时代概念;储能;固态电池;锂电池概念;深股通;融资融券,33,13,002850.SZ,002850
物业管理;粤港澳大湾区;深股通;融资融券,33,4,000042.SZ,000042
汽车电子;消费电子概念;柔性屏(折叠屏);新能源汽车;小米概念;人民币贬值受益;石墨烯;电子纸;粤港澳大湾区;海峡两岸;华为概念;绿色电力;深股通;融资融券,33,14,002106.SZ,002106
建筑节能;高铁;风电;专精特新;新能源汽车;装配式建筑;智能家居;体育产业;融资融券,33,9,301149.SZ,301149
黄金概念;小金属概念;金属回收;融资融券,33,4,301026.SZ,301026
军民融合;大飞机;卫星导航;商业航天;军工;军工信息化;低空经济;无人机;WiFi 6;同花顺新质50;华为概念;智能座舱;专精特新;人工智能;数字经济;智能家居;消费电子概念;数据要素;DeepSeek概念;智能物流;西部大开发;PCB概念;国企改革;回购增持再贷款概念;物业管理;深股通;融资融券,33,27,000801.SZ,000801
期货概念;证金持股;深股通;融资融券;2025年报预增,33,5,000686.SZ,000686
草甘膦;国企改革;央企国企改革;人民币贬值受益;深股通;融资融券,33,6,000553.SZ,000553
国产航母;军工信息化;商业航天;军工;云计算;数据要素;海工装备;阿里巴巴概念;东数西算(算力);人工智能;高端装备;算力租赁;腾讯概念;DeepSeek概念;京津冀一体化;机器人概念;数据中心;专精特新;传感器;风电;2025年报预增;深股通;融资融券;股权转让(并购重组),33,24,300065.SZ,300065
脑机接口;2025年报预增;智能座舱;元宇宙;虚拟现实;智能医疗;智能穿戴;AI智能体;华为概念;汽车电子;新型工业化;物联网;新型烟草(电子烟);数字孪生;机器人概念;比亚迪概念;消费电子概念;工业互联网;长安汽车概念;医疗器械概念;福建自贸区;智能家居;海峡两岸;光伏概念;人民币贬值受益;回购增持再贷款概念;融资融券;深股通,33,28,002925.SZ,002925
高压快充;换电概念;智能电网;充电桩;柔性直流输电;储能;数据中心;光伏概念;新能源汽车;智慧灯杆;比亚迪概念;军工;粤港澳大湾区;特斯拉概念;锂电池概念;PCB概念,33,16,300713.SZ,300713
职业教育;虚拟数字人;人工智能;京津冀一体化;乡村振兴;国企改革;一带一路;沪股通,17,8,600861.SH,600861
地下管网;新疆振兴;新型城镇化;水利;一带一路;乡村振兴;氢能源;抽水蓄能;军工,17,9,603856.SH,603856
短剧游戏;文化传媒概念;数据确权;在线教育;腾讯概念;国资云;元宇宙;数字乡村;AI智能体;智慧政务;数据要素;算力租赁;智慧城市;人工智能;云计算;虚拟现实;华为概念;物业管理;数据中心;5G;国企改革;深股通;融资融券,33,23,000665.SZ,000665
碳中和;融资融券,17,2,688121.SH,688121
柔性直流输电;特高压;智能电网;高压快充;充电桩;储能;高端装备;新能源汽车;回购增持再贷款概念;融资融券,17,10,688517.SH,688517
海峡两岸;地下管网;新型城镇化;垃圾分类;PPP概念;装配式建筑;污水处理;水利;充电桩;乡村振兴;光伏概念;新能源汽车;创投;低空经济;绿色电力;智慧城市;国企改革;海工装备;跨境电商;风电;数字经济;智慧政务;DeepSeek概念;深股通,33,24,000753.SZ,000753
磷化工;化肥;小金属概念;锂电池概念;农村电商;西部大开发;国企改革;乡村振兴;数字乡村;融资融券;深股通,33,11,002312.SZ,002312
期货概念;物业管理;国企改革;沪股通;融资融券,17,5,601162.SH,601162
数据安全;智慧政务;阿里巴巴概念;数据要素;网络安全;空间计算;时空大数据;DeepSeek概念;人工智能;人脸识别;卫星导航;智慧城市;智能医疗;华为概念;物联网;安防;低空经济;数据中心;机器视觉;无人机;共同富裕示范区;传感器;AI应用;机器人概念;水利;专精特新;人形机器人;智能电网;一带一路;股权转让(并购重组);融资融券,33,31,301218.SZ,301218
PEEK材料;人形机器人;机器人概念;储能;染料,17,5,605189.SH,605189
网红经济;上海国企改革;国企改革;融资融券,17,4,600616.SH,600616
啤酒概念;国企改革;乡村振兴;深股通;融资融券;2025年报预增,33,6,000729.SZ,000729
注册制次新股;钠离子电池;固态电池;宁德时代概念;储能;锂电池概念;绿色电力;PCB概念;家用电器;高铁;新能源汽车;消费电子概念;比亚迪概念;低空经济;数据中心;5G;华为概念;新股与次新股;融资融券,17,19,603271.SH,603271
共封装光学(CPO);PCB概念;5G;汽车电子;毫米波雷达;2025年报预增;2025三季报预增;华为概念;工业互联网;沪股通;融资融券,17,11,688183.SH,688183
智能电网;光伏概念;储能;抽水蓄能;风电;氢能源;粤港澳大湾区;沪股通;融资融券,17,9,603063.SH,603063
飞行汽车(eVTOL);长安汽车概念;低空经济;无线充电;新能源汽车;华为概念;粤港澳大湾区;充电桩;高压快充;回购增持再贷款概念;沪股通;融资融券,17,12,688612.SH,688612
商业航天;卫星导航;6G概念;军工信息化;军民融合;军工;第三代半导体;芯片概念;5G;专精特新;共同富裕示范区;ST板块,33,12,001270.SZ,001270
钠离子电池;固态电池;锂电池概念;新型烟草(电子烟);两轮车;储能;新能源汽车;燃料电池;盐湖提锂;智能电网;无线耳机;小米概念;氢能源;长安汽车概念;人形机器人;飞行汽车(eVTOL);机器人概念;粤港澳大湾区;脑机接口;华为概念;无人机;安防;低空经济;商业航天;同花顺漂亮100;深股通;融资融券,33,27,300014.SZ,300014
超级电容;芯片概念;华为海思概念股;5G;军工;海工装备;传感器;商业航天;大飞机;华为概念;深股通;融资融券,33,12,300726.SZ,300726
超级品牌;证金持股;同花顺漂亮100;净水概念;同花顺出海50;沪股通;融资融券;空气能热泵;家用电器;智能家居;阿里巴巴概念;工业互联网;机器人概念;物联网;华为概念;无线充电,17,16,600690.SH,600690
POE胶膜;锂电池概念;PCB概念;光伏概念;新能源汽车;比亚迪概念;苹果概念;注册制次新股;消费电子概念;专精特新;长三角一体化;海峡两岸;深股通;新股与次新股;融资融券,33,15,301687.SZ,301687
国企改革;参股券商;养老概念;融资融券,17,4,600716.SH,600716
储能;华为手机;宁德时代概念;汽车热管理;新能源汽车;比亚迪概念;消费电子概念;柔性屏(折叠屏);小米概念;华为概念;智能家居;2025年报预增;三胎概念;深股通;融资融券,33,15,002824.SZ,002824
ST板块;物业管理;参股券商;国企改革;雄安新区;西部大开发;央企国企改革,33,7,000736.SZ,000736
知识产权保护;文化传媒概念;NFT概念;在线教育;数据确权;虚拟数字人;职业教育;AIGC概念;数据要素;托育服务;数字经济;腾讯概念;人工智能;国企改革;参股银行;一带一路;AI应用;深股通;融资融券,33,19,000719.SZ,000719
小金属概念;金属镍;硅能源;光伏概念;锂电池概念;3D打印;人民币贬值受益;2025年报预增;专精特新;融资融券;沪股通,17,11,605376.SH,605376
猴痘概念;流感;基因测序;幽门螺杆菌概念;医疗器械概念;智能医疗;DeepSeek概念;人工智能;沪股通;融资融券,17,10,603658.SH,603658
太赫兹;共封装光学(CPO);光刻机;6G概念;华为海思概念股;时空大数据;5G;卫星导航;先进封装;百度概念;独角兽概念;东数西算(算力);国家大基金持股;芯片概念;数据中心;第三代半导体;华为概念;汽车电子;消费电子概念;无人驾驶;物联网;无人机;传感器;新型工业化;人民币贬值受益;京津冀一体化;创投;融资融券;深股通,33,29,300456.SZ,300456
绿色电力;沪股通;融资融券,17,3,603866.SH,603866
西部大开发;融资融券;沪股通,17,3,603317.SH,603317
PCB概念;华为手机;特高压;5G;风电;消费电子概念;光伏概念;汽车电子;一带一路;绿色电力;华为概念;西部大开发;工业互联网;国企改革;数字经济;深股通;融资融券,33,17,301526.SZ,301526
氢能源;污水处理;一带一路;核污染防治;专精特新;净水概念;股权转让(并购重组);融资融券,17,8,688357.SH,688357
期货概念;蚂蚁集团概念;国企改革;区块链;共同富裕示范区;沪股通;融资融券,17,7,601108.SH,601108
脑机接口;商业航天;卫星导航;碳纤维;军工;低空经济;毫米波雷达;6G概念;PEEK材料;光刻胶;消费电子概念;专精特新;机器人概念;固态电池;新能源汽车;锂电池概念;储能;2025三季报预增;钠离子电池;长三角一体化;2025年报预增;深股通;融资融券,33,23,002324.SZ,002324
光伏概念;燃料电池;光伏建筑一体化;风电;氢能源;储能;充电桩;换电概念;海工装备;新能源汽车;核电;工业母机;新型工业化;比亚迪概念;机器人概念;人形机器人;液冷服务器;数据中心;工业互联网;低空经济;锂电池概念;粤港澳大湾区;物联网;芯片概念;百度概念;稀土永磁;深股通;融资融券,33,28,002334.SZ,002334
流感;重组蛋白;生物疫苗;融资融券;沪股通,17,5,688739.SH,688739
农业种植;乡村振兴;一带一路;回购增持再贷款概念;人民币贬值受益,17,5,605138.SH,605138
特钢概念;金属铜;商业航天;西部大开发;回购增持再贷款概念;国企改革;氢能源;超导概念;雅下水电概念;可控核聚变;核电;华为概念;新能源汽车;融资融券;沪股通,17,15,600307.SH,600307
期货概念;深股通;融资融券;2025年报预增,33,4,000783.SZ,000783
石墨烯;柔性屏(折叠屏);HJT电池;横琴新区;光伏概念;文化传媒概念,33,6,002319.SZ,002319
新型城镇化;新疆振兴;PPP概念;水利;乡村振兴;雅下水电概念;国企改革;西部大开发;一带一路;DeepSeek概念;3D打印;医疗器械概念;深股通;融资融券,33,14,002307.SZ,002307
超级品牌;证金持股;同花顺漂亮100;深股通;融资融券;空气能热泵;同花顺出海50;智能家居;家用电器;AI智能体;一带一路;汽车热管理;工业互联网;智能电网;物联网;回购增持再贷款概念;机器人概念;人形机器人;华为概念;数据中心;MCU芯片;芯片概念;液冷服务器,33,23,000333.SZ,000333
猴痘概念;生物疫苗;流感;CRO概念;合成生物;三胎概念;京津冀一体化;沪股通;融资融券,17,9,688185.SH,688185
央企国企改革;国企改革;机器人概念;减速器;智能穿戴;深股通,33,6,000026.SZ,000026
拼多多概念;网红经济;DeepSeek概念;跨境电商;毛发医疗;三胎概念;合成生物;医美概念;回购增持再贷款概念;深股通;融资融券,33,11,300740.SZ,300740
青蒿素;信托概念;天然气;股权转让(并购重组);碳中和;西部大开发;地下管网;储能;氢能源;融资融券,33,10,000593.SZ,000593
房屋检测;装配式建筑;光伏建筑一体化;新型城镇化;PPP概念;水利;长三角一体化;沪股通;融资融券,17,9,600491.SH,600491
文化传媒概念;在线教育;AI智能体;人工智能;国企改革;华为概念;沪股通;融资融券,17,8,601098.SH,601098
AI应用;云办公;华为昇腾;AI智能体;云计算;华为鲲鹏;智慧政务;数据要素;在线教育;算力租赁;DeepSeek概念;6G概念;人工智能;卫星导航;数字经济;数字孪生;东数西算(算力);商业航天;车联网(车路协同);华为概念;物联网;京津冀一体化;数据中心;5G,33,24,003007.SZ,003007
食品安全;土壤修复;融资融券,33,3,301228.SZ,301228
军工信息化;数据安全;网络安全;财税数字化;华为鲲鹏;智谱AI;信创;商业航天;云计算;数据要素;军工;职业教育;抖音概念(字节概念);人工智能;华为概念;DeepSeek概念;专精特新;AI应用;融资融券,17,19,688244.SH,688244
高端装备;人民币贬值受益;机器人概念;一带一路;军民融合;沪股通;融资融券,17,7,603338.SH,603338
富士康概念;PCB概念;液冷服务器;先进封装;苹果概念;共封装光学(CPO);中芯国际概念;存储芯片;宁德时代概念;OLED;汽车电子;第三代半导体;比亚迪概念;芯片概念;新能源汽车;无线耳机;新型工业化;AI眼镜;专精特新;智能穿戴;高端装备;机器视觉;机器人概念;华为概念;工业互联网;人工智能;沪股通,17,27,603203.SH,603203
智能电网;高压快充;虚拟电厂;电力物联网;充电桩;一带一路;物联网;共同富裕示范区;创投;深股通;融资融券,33,11,300360.SZ,300360
人民币贬值受益;机器人概念;沪股通,17,3,603277.SH,603277
F5G概念;WiFi 6;共封装光学(CPO);6G概念;5G;量子科技;东数西算(算力);数据中心;物联网;无人驾驶;芯片概念;智慧城市;车联网(车路协同);网络安全;数据安全;新型工业化;新型城镇化;工业互联网;智能电网;融资融券,17,20,603803.SH,603803
稀土永磁;5G;消费电子概念;专精特新;智能音箱;一带一路;机器人概念;新能源汽车;2025年报预增;深股通;融资融券,33,11,301141.SZ,301141
新型工业化;人工智能;传感器;机器视觉;数字孪生;专精特新;芯片概念;机器人概念;比亚迪概念;新能源汽车;AI应用;融资融券,17,12,688090.SH,688090
钛白粉概念;磷化工;水泥概念;煤炭概念;锂电池概念;固态电池;绿色电力;氢能源;西部大开发;回购增持再贷款概念;宁德时代概念;国企改革;储能;融资融券;深股通,33,15,002386.SZ,002386
代糖概念;参股银行;人民币贬值受益;专精特新;海峡两岸;沪股通,17,6,605016.SH,605016
超级品牌;智能家居;沪股通;智慧城市;智慧灯杆;鸿蒙概念;华为概念;融资融券,17,8,603515.SH,603515
金属铅;金属锌;金属铜;小金属概念;盐湖提锂;锂电池概念;2025年报预增;西部大开发;一带一路;人民币贬值受益;免税店;沪股通;融资融券,17,13,600338.SH,600338
医药电商;维生素;民营医院;医疗器械概念;智能医疗;粤港澳大湾区;融资融券;沪股通,17,8,600518.SH,600518
存储芯片;先进封装;商业航天;芯片概念;专精特新;融资融券;光伏概念;锂电池概念,151,8,920971.BJ,920971
2025年报预增;人民币贬值受益;专精特新;粤港澳大湾区;三胎概念;融资融券,33,6,301283.SZ,301283
医疗器械概念;辅助生殖;人民币贬值受益;融资融券,33,4,301122.SZ,301122
医疗器械概念;家用电器;人民币贬值受益;新能源汽车;汽车热管理;智能家居;机器人概念;芯片概念;沪股通;融资融券,17,10,603075.SH,603075
国企改革;西部大开发;养老概念;沪股通;融资融券,17,5,601003.SH,601003
氢能源;证金持股;人民币贬值受益;智能家居;融资融券,17,5,600261.SH,600261
参股银行;国企改革;跨境电商;回购增持再贷款概念;医疗器械概念;养老概念;智能家居;智慧灯杆;长安汽车概念;医美概念;证金持股;海工装备;新能源汽车;华为汽车;小米汽车;军民融合;华为概念;DeepSeek概念;小米概念;芯片概念;AI智能体;第三代半导体;深股通;融资融券,33,24,000541.SZ,000541
AI智能体;科创次新股;CRO概念;基因测序;人民币贬值受益;2025年报预增;注册制次新股;沪股通;新股与次新股;融资融券,17,10,688796.SH,688796
三胎概念;宠物经济;养老概念;共同富裕示范区;沪股通,17,5,605009.SH,605009
充电桩;第三代半导体;新能源汽车;ST板块;先进封装;芯片概念;汽车电子;小米概念;军工;汽车芯片;华为概念;国企改革;股权转让(并购重组),22,13,600360.SH,600360
注册制次新股;参股银行;农机;冰雪产业;新股与次新股;融资融券,33,6,001325.SZ,001325
ST板块;人民币贬值受益;海峡两岸;消费电子概念,22,4,603580.SH,603580
云计算;算力租赁;AI智能体;ERP概念;东数西算(算力);DeepSeek概念;车联网(车路协同);中国AI 50;华为概念;数据中心;工业互联网;新型工业化;上海自贸区;机器人概念;央企国企改革;液冷服务器;国企改革;人形机器人;AI应用;融资融券;沪股通,17,21,600845.SH,600845
家用电器;深股通;融资融券;一带一路,33,4,002032.SZ,002032
智能医疗;医疗器械概念;专精特新;机器人概念;沪股通;融资融券,17,6,688277.SH,688277
证金持股;同花顺中特估100;沪股通;融资融券;国企改革;中字头股票,17,6,601881.SH,601881
参股银行;PPP概念;一带一路;创投;数字孪生;融资融券,17,6,600512.SH,600512
共同富裕示范区;污水处理;回购增持再贷款概念;专精特新;融资融券,33,5,301081.SZ,301081
军民融合;军工;无人机;高端装备;机器人概念;海工装备;人形机器人;专精特新;京津冀一体化;国企改革;2025年报预增,33,11,002933.SZ,002933
光纤概念;智能电网;特高压;5G;专精特新;西部大开发,33,6,000586.SZ,000586
高压氧舱;脑机接口;华为昇腾;人工智能;智能医疗;DeepSeek概念;养老概念;医疗器械概念;民营医院;医美概念;眼科医疗;三胎概念;共同富裕示范区;深股通;融资融券,33,15,002173.SZ,002173
冷链物流;国企改革;智能物流;碳中和;央企国企改革;一体化压铸;燃料电池;氢能源;车联网(车路协同);新能源汽车;无人驾驶;DeepSeek概念;沪股通;融资融券,17,14,600006.SH,600006
盐湖提锂;金属钴;小金属概念;动力电池回收;化肥;固态电池;锂电池概念;光伏概念;储能;特斯拉概念;同花顺漂亮100;燃料电池;消费电子概念;新能源汽车;充电桩;无线耳机;长安汽车概念;深股通;融资融券;无人机;人形机器人;低空经济,33,22,002460.SZ,002460
猪肉;预制菜;绿色电力;深股通;机器人概念;元宇宙;摘帽,33,7,002124.SZ,002124
注册制次新股;新能源汽车;小米汽车;特斯拉概念;锂电池概念;宁德时代概念;小米概念;新股与次新股;融资融券,17,9,603210.SH,603210
同花顺中特估100;免税店;国企改革;粤港澳大湾区;沪股通;融资融券,17,6,600004.SH,600004
新能源汽车;比亚迪概念;飞行汽车(eVTOL);充电桩;专精特新;高压快充;机器人概念;人形机器人;军工;核电;储能;可控核聚变;光伏概念;宁德时代概念;创投;深股通;融资融券,33,17,301310.SZ,301310
家用电器;新型工业化;数据中心;机器人概念;工业互联网;风电;锂电池概念;军工;新股与次新股;融资融券,151,10,920080.BJ,920080
装配式建筑;西部大开发;核电;雄安新区;深股通;股权转让(并购重组);融资融券,33,7,300767.SZ,300767
光伏建筑一体化;新型城镇化;乡村振兴;PPP概念;智慧灯杆;水利;车联网(车路协同);空间计算;智慧城市;碳中和;无人驾驶;低空经济;数字孪生;高铁;毫米波雷达;物联网;数字经济;机器视觉;DeepSeek概念;人工智能;华为概念;雅下水电概念;数字乡村;虚拟现实;ChatGPT概念;腾讯概念;数据中心;虚拟数字人;AIGC概念;沪股通;融资融券,17,31,603018.SH,603018
国企改革;养老概念;充电桩;家用电器;抖音概念(字节概念),17,5,600858.SH,600858
减速器;人形机器人;工业母机;新型工业化;机器人概念;新能源汽车;高端装备;传感器;比亚迪概念;工业互联网;军工;航空发动机;西部大开发;国企改革;深股通;融资融券,33,16,000837.SZ,000837
金属铅;金属锌;金属铜;小金属概念;钛白粉概念;黄金概念;锂电池概念;2025年报预增;西部大开发;深股通;股权转让(并购重组);融资融券,33,12,000688.SZ,000688
航空发动机;大飞机;商业航天;军民融合;卫星导航;军工;低空经济;无人机;飞行汽车(eVTOL);太赫兹;毫米波雷达;无人驾驶;充电桩;职业教育;5G;芯片概念;西部大开发;第三代半导体;汽车芯片;深股通;融资融券,33,21,002023.SZ,002023
流感;减肥药;仿制药一致性评价;创新药;融资融券,151,5,920735.BJ,920735
家用电器;专精特新;高端装备;超级电容;高铁;回购增持再贷款概念;2025年报预增;互联网金融,17,8,603500.SH,603500
特钢概念;同花顺中特估100;国企改革;氢能源;绿色电力;航空发动机;新能源汽车;机器人概念;融资融券;中字头股票;深股通,33,11,000708.SZ,000708
先进封装;OLED;第三代半导体;PCB概念;芯片概念;消费电子概念;MiniLED;专精特新;沪股通;融资融券,17,10,688401.SH,688401
共封装光学(CPO);PCB概念;富士康概念;AI PC;消费电子概念;5G;汽车电子;数据中心;商业航天;人民币贬值受益;粤港澳大湾区;华为概念;机器人概念;卫星导航;一带一路;安防;人工智能;深股通;融资融券,33,19,001389.SZ,001389
特钢概念;天然气;国企改革;回购增持再贷款概念;央企国企改革;沪股通;股权转让(并购重组);融资融券,17,8,600231.SH,600231
脑机接口;医疗器械概念;智能医疗;民营医院;合成生物;人工智能;DeepSeek概念;AI应用;华为概念;消毒剂;医疗废物处理;机器人概念;智能物流;回购增持再贷款概念;国企改革;人形机器人;光刻胶;沪股通;融资融券,17,19,600587.SH,600587
航空发动机;大飞机;商业航天;低空经济;海工装备;核电;高端装备;专精特新;DeepSeek概念;风电;西部大开发;锂电池概念;沪股通;融资融券,17,14,688239.SH,688239
托育服务;三胎概念;毛发医疗;ST板块;消毒剂;IP经济(谷子经济);家用电器;网红经济;医美概念;股权转让(并购重组),33,10,002762.SZ,002762
军工;无人机;核电;智慧灯杆;智慧城市;证金持股;粤港澳大湾区;物联网;深股通,33,9,002724.SZ,002724
卫星导航;商业航天;移动支付;量子科技;低空经济;车联网(车路协同);无人机;网络安全;芯片概念;智慧城市;5G;智慧政务;数据安全;智能穿戴;核电;MCU芯片;汽车芯片;创投;央企国企改革;一带一路;国企改革;股权转让(并购重组);沪股通,17,23,600198.SH,600198
光伏建筑一体化;PPP概念;装配式建筑;新型城镇化;一带一路;人工智能;智能家居;长三角一体化;第三代半导体;深股通;融资融券;芯片概念,33,12,002081.SZ,002081
新能源汽车;冷链物流;特斯拉概念,17,3,603006.SH,603006
网红经济;三胎概念;体育产业;IP经济(谷子经济);足球概念;跨境电商;共同富裕示范区;数字经济;深股通;融资融券,33,10,002563.SZ,002563
医药电商;维生素;仿制药一致性评价;流感;幽门螺杆菌概念;创新药;农业种植;三胎概念;重组蛋白;沪股通;融资融券,17,11,600351.SH,600351
网约车;兵装重组概念;证金持股;智能物流;车联网(车路协同);长安汽车概念;无人驾驶;低空经济;华为汽车;国企改革;飞行汽车(eVTOL);换电概念;央企国企改革;DeepSeek概念;智能座舱;机器人概念;西部大开发;一带一路;新能源汽车;腾讯概念;燃料电池;华为概念;人形机器人;动力电池回收;深股通;融资融券;锂电池概念;宁德时代概念;固态电池;俄乌冲突概念;股权转让(并购重组),33,31,000625.SZ,000625
光刻胶;芯片概念;化肥;净水概念;光伏概念;消毒剂;西部大开发;专精特新;污水处理;深股通;融资融券,33,11,301256.SZ,301256
福建自贸区;海峡两岸;证金持股;国企改革;沪股通;融资融券,17,6,601377.SH,601377
专精特新;中俄贸易概念;人民币贬值受益;融资融券,33,4,301125.SZ,301125
金属铜;小金属概念;金属镍;钒电池;华为概念;液冷服务器;回购增持再贷款概念;锂电池概念;固态电池;特斯拉概念;PET铜箔;绿色电力;深股通;融资融券;参股银行,33,15,002203.SZ,002203
白酒概念;同花顺漂亮100;沪股通;融资融券;国企改革,17,5,600809.SH,600809
动力电池回收;钠离子电池;固态电池;锂电池概念;氢能源;燃料电池;储能;一带一路;新能源汽车;比亚迪概念;小米汽车;长安汽车概念;飞行汽车(eVTOL);华为汽车;创投;沪股通;融资融券,17,17,601311.SH,601311
稀土永磁;西部大开发;风电;机器人概念;新能源汽车;人形机器人;沪股通;融资融券,17,8,603072.SH,603072
知识产权保护;数据确权;Sora概念(文生视频);电子身份证;数据安全;华为鲲鹏;财税数字化;网络安全;ChatGPT概念;信创;AIGC概念;国资云;鸿蒙概念;AI智能体;腾讯概念;数字货币;阿里巴巴概念;数据要素;元宇宙;区块链;国产操作系统;人脸识别;数字乡村;职业教育;东数西算(算力);DeepSeek概念;车联网(车路协同);EDR概念;数字经济;人工智能;智慧城市;华为概念;安防;低空经济;数据中心;无人机;军工;智能穿戴;食品安全;福建自贸区;机器人概念;AI眼镜;海峡两岸;消费电子概念;AI应用;国企改革;央企国企改革;深股通;融资融券,33,49,300188.SZ,300188
同花顺中特估100;沪股通;腾讯概念;融资融券,17,4,601066.SH,601066
乳业;粮食概念;生态农业;农业种植;预制菜;玉米;乡村振兴;冷链物流;京津冀一体化;土壤修复;融资融券,17,11,600965.SH,600965
化肥;乡村振兴;人民币贬值受益,33,3,002391.SZ,002391
可控核聚变;商业航天;核电;核污染防治;水利;安防;氢能源;超超临界发电;央企国企改革;燃料电池;一带一路;天然气;国企改革;煤化工概念;幽门螺杆菌概念;融资融券;深股通;中字头股票,33,18,000777.SZ,000777
固态电池;锂电池概念;宁德时代概念;柔性屏(折叠屏);污水处理;新能源汽车;碳中和;一带一路;深股通;融资融券,33,10,300082.SZ,300082
期货概念;西部大开发;腾讯概念;沪股通;融资融券,17,5,600109.SH,600109
同花顺出海50;融资融券;深股通,33,3,002003.SZ,002003
稀土永磁;小金属概念;风电;苹果概念;专精特新;新能源汽车;消费电子概念;比亚迪概念;机器人概念;人形机器人;减速器;新型工业化;无线耳机;养老概念;医疗器械概念;深股通;融资融券,33,17,000795.SZ,000795
锂电池概念;碳中和;光伏概念;西部大开发;注册制次新股;专精特新;深股通;新股与次新股;融资融券,33,9,001369.SZ,001369
预制菜;共同富裕示范区;IP经济(谷子经济);长三角一体化;虚拟数字人,17,5,603237.SH,603237
期货概念;国企改革;创投;沪股通;融资融券,17,5,601990.SH,601990
中俄贸易概念;核电;商业航天;光伏概念;人民币贬值受益;融资融券,33,6,001379.SZ,001379
智能电网;电力物联网;虚拟电厂;充电桩;2025年报预增;物联网;数据要素;深股通,33,8,002546.SZ,002546
环氧丙烷;染料;光刻胶;OLED;锂电池概念;新能源汽车,33,6,300721.SZ,300721
汽车电子;PCB概念;毫米波雷达;5G,17,4,605258.SH,605258
猪肉;预制菜;冷链物流;海峡两岸;沪股通;摘帽,17,6,603363.SH,603363
流感;创新药;医药电商;减肥药;辅助生殖;合成生物;猴痘概念;宠物经济;智能医疗;DeepSeek概念;粤港澳大湾区;人工智能;腾讯概念;沪股通;融资融券,17,15,600380.SH,600380
新股与次新股;融资融券;人民币贬值受益,151,3,920050.BJ,920050
氢能源;工业母机;燃料电池;新能源汽车;农机;比亚迪概念;MCU芯片;绿色电力;人形机器人;汽车电子;2025年报预增;机器人概念;5G;长安汽车概念;无人驾驶;无人机;华为概念;车联网(车路协同);乡村振兴;互联网金融;深股通,33,21,002448.SZ,002448
算力租赁;数字水印;东数西算(算力);数据中心;英伟达概念;福建自贸区;云计算;海峡两岸;Web3.0;元宇宙;数据要素;区块链;数字经济;人工智能;DeepSeek概念;AIGC概念;ChatGPT概念;虚拟数字人;体育产业;融资融券;深股通,33,21,002229.SZ,002229
央企国企改革;国企改革;PPP概念;一带一路;高铁;智慧城市;智能物流;锂电池概念;职业教育;机器人概念;华为概念;腾讯概念;深股通;融资融券,33,14,000008.SZ,000008
脑机接口;医药电商;肝炎概念;生物疫苗;流感;医疗器械概念;养老概念;眼科医疗;创新药;三胎概念;仿制药一致性评价;区块链;消毒剂;智能穿戴;AI眼镜;深股通;融资融券,33,17,000650.SZ,000650
金属铜;氢能源;石墨烯;国企改革;高铁;新能源汽车;深股通,33,7,300697.SZ,300697
中芯国际概念;存储芯片;光刻胶;先进封装;第三代半导体;芯片概念;专精特新;上海自贸区;沪股通;融资融券,17,10,688019.SH,688019
专精特新;基因测序;猴痘概念;流感;宠物经济;人工智能;新股与次新股;融资融券,151,8,920009.BJ,920009
家用电器;特斯拉概念;新能源汽车;机器人概念;国企改革;军工;医药电商,33,7,300626.SZ,300626
汽车热管理;人形机器人;华为汽车;小米汽车;特斯拉概念;一体化压铸;新型工业化;新能源汽车;比亚迪概念;机器人概念;小米概念;智能座舱;同花顺新质50;汽车电子;无人驾驶;液冷服务器;同花顺出海50;英伟达概念;数据中心;中国AI 50;沪股通;融资融券,17,22,601689.SH,601689
统一大市场;乡村振兴;长三角一体化;智能物流;回购增持再贷款概念;数字经济;人工智能;阿里巴巴概念;深股通;融资融券,33,10,002468.SZ,002468
福建自贸区;海峡两岸;垃圾分类;污水处理;固废处理;PPP概念;绿色电力;国企改革,17,8,603817.SH,603817
MicroLED概念;MiniLED;柔性屏(折叠屏);钙钛矿电池;OLED;华为手机;AI眼镜;先进封装;消费电子概念;固态电池;智能穿戴;苹果概念;MR(混合现实);富士康概念;锂电池概念;汽车电子;钠离子电池;光伏概念;芯片概念;智能座舱;5G;专精特新;机器人概念;华为汽车;新型工业化;华为概念;虚拟现实;深股通,33,28,300545.SZ,300545
卫星导航;商业航天;低空经济;数字经济;6G概念;旅游概念;无人机;参股保险;物业管理;参股券商;东数西算(算力);算力租赁;数据中心;5G;芯片概念;沪股通;融资融券,17,17,600094.SH,600094
互联网金融;西部大开发;沪股通;融资融券,17,4,601099.SH,601099
减肥药;食品安全;2025年报预增;专精特新;融资融券;沪股通,17,6,688690.SH,688690
医疗器械概念;回购增持再贷款概念;沪股通;融资融券,17,4,688212.SH,688212
期货概念;证金持股;国企改革;央企国企改革;沪股通;融资融券,17,6,601788.SH,601788
统一大市场;跨境电商;智能物流;长三角一体化;阿里巴巴概念;沪股通;回购增持再贷款概念;融资融券,17,8,600233.SH,600233
量子科技;芯片概念;DeepSeek概念;跨境电商;沪股通;融资融券,17,6,688337.SH,688337
丙烯酸;新疆振兴;专精特新;液冷服务器;数据中心;东数西算(算力);算力租赁;DeepSeek概念,33,8,300214.SZ,300214
BC电池;钙钛矿电池;TOPCON电池;富士康概念;MicroLED概念;第三代半导体;苹果概念;电子纸;PCB概念;光伏概念;固态电池;3D打印;比亚迪概念;宁德时代概念;飞行汽车(eVTOL);特斯拉概念;新型工业化;华为概念;锂电池概念;新能源汽车;医疗器械概念;医美概念;沪股通;融资融券,17,24,688559.SH,688559
EDR概念;车联网(车路协同);星闪概念;人工智能;数据要素;腾讯概念;智慧城市;智能座舱;物联网;无人驾驶;专精特新;汽车电子;汽车热管理;融资融券,17,14,688288.SH,688288
雄安新区;中芯国际概念,33,2,002652.SZ,002652
养鸡;乳业;猪肉;回购增持再贷款概念;深股通;融资融券,33,6,002458.SZ,002458
生物质能发电;绿色电力;氢能源;参股保险;创投;沪股通;华为概念;AI智能体;文化传媒概念;融资融券,17,10,600167.SH,600167
新型工业化;东数西算(算力);机器人概念;国产操作系统;芯片概念;华为概念;工业互联网;5G;网络安全;华为鲲鹏;人工智能;量子科技;DeepSeek概念;数字经济;京津冀一体化;回购增持再贷款概念;国企改革;沪股通;融资融券,17,19,603025.SH,603025
腾讯概念;PCB概念;创投;比亚迪概念;PET铜箔;合成生物;动物疫苗;锂电池概念;沪股通,17,9,600226.SH,600226
期货概念;证金持股;互联网金融;沪股通;融资融券;2025年报预增,17,6,601901.SH,601901
ST板块;西部大开发,33,2,000691.SZ,000691
期货概念;京津冀一体化;国企改革;沪股通;融资融券,17,5,601136.SH,601136
文化传媒概念;在线教育;IP经济(谷子经济);人工智能;AI应用;国企改革;参股银行;沪股通;融资融券,17,9,601900.SH,601900
ST板块;医疗器械概念;燃料电池;安防;光伏概念;数据安全;网络安全;数字经济;信创;区块链;NFT概念,33,11,002808.SZ,002808
预制菜;猪肉;融资融券;深股通,33,4,002726.SZ,002726
有机硅概念;固态电池;锂电池概念;光伏概念;PVDF概念;宁德时代概念;BC电池;钙钛矿电池;风电;高铁;比亚迪概念;光伏建筑一体化;新能源汽车;特斯拉概念;先进封装;消费电子概念;芯片概念;建筑节能;小米汽车;小米概念;军工;2025年报预增;华为海思概念股;华为汽车;雄安新区;低空经济;创投;华为概念;大飞机;人工智能;深股通;融资融券,33,32,300041.SZ,300041
宁德时代概念;锂电池概念;融资融券;固态电池;碳纤维;比亚迪概念;钠离子电池;专精特新,151,8,920522.BJ,920522
液冷服务器;汽车热管理;宁德时代概念;工业母机;比亚迪概念;小米概念;特斯拉概念;芯片概念;新能源汽车;新型工业化;高端装备;专精特新;机器人概念;锂电池概念;空气能热泵;氢能源;动力电池回收;国企改革;沪股通;融资融券,17,20,603088.SH,603088
装配式建筑;建筑节能;光伏建筑一体化;民营医院;绿色电力;一带一路;医美概念;数字经济;光伏概念;眼科医疗;融资融券;沪股通,17,12,601886.SH,601886
智能医疗;AI应用;AI智能体;DeepSeek概念;人工智能;医疗器械概念;物联网;机器人概念;沪股通;融资融券,17,10,688139.SH,688139
文化传媒概念;NFT概念;IP经济(谷子经济);知识产权保护;虚拟数字人;AIGC概念;数据确权;元宇宙;职业教育;区块链;百度概念;AI应用;DeepSeek概念;体育产业;数字经济;人工智能;独角兽概念;华为概念;西部大开发;国企改革;沪股通,17,21,601811.SH,601811
可控核聚变;军工;商业航天;大飞机;低空经济;芯片概念;飞行汽车(eVTOL);华为概念;新能源汽车;高压快充;特高压;2025年报预增;宁德时代概念;回购增持再贷款概念;柔性直流输电;培育钻石;沪股通;融资融券,17,18,688103.SH,688103
智能电网;光伏概念;充电桩;储能;新能源汽车;数据中心;比亚迪概念;无人机;数字孪生;东数西算(算力);低空经济;融资融券,33,12,300932.SZ,300932
光热发电;可控核聚变;核电;海工装备;氢能源;水利;污水处理;锂电池概念;机器人概念;央企国企改革;动力电池回收;国企改革;数据中心;芯片概念;盐湖提锂;金属回收,17,16,600444.SH,600444
医药电商;医美概念;养老概念;三胎概念;医疗器械概念;跨境电商;深股通;融资融券,33,8,300888.SZ,300888
统一大市场;雄安新区;智能物流;中俄贸易概念;航运概念;一带一路;无人驾驶;比亚迪概念;数字经济;储能;数据要素;动力电池回收;沪股通,17,13,603569.SH,603569
土地流转;乳业;农业种植;海峡两岸;乡村振兴;IP经济(谷子经济);2025年报预增;股权转让(并购重组);深股通;融资融券,33,10,300972.SZ,300972
生态农业;医疗废物处理;生物质能发电;地下管网;乡村振兴;土壤修复;污水处理;固废处理;净水概念;国企改革;合成生物;绿色电力;沪股通,17,13,600796.SH,600796
高铁;一带一路;储能;电子纸;无人驾驶;融资融券,33,6,300923.SZ,300923
柔性屏(折叠屏);OLED;智能穿戴;消费电子概念;富士康概念;固态电池;石墨烯;比亚迪概念;小米概念;新能源汽车;机器人概念;虚拟现实;华为概念;回购增持再贷款概念,33,14,300686.SZ,300686
上海自贸区;上海国企改革;比亚迪概念;汽车拆解概念;冷链物流;统一大市场;国企改革;自由贸易港;融资融券;股权转让(并购重组);沪股通,17,11,600676.SH,600676
共同富裕示范区;长三角一体化;专精特新,33,3,001256.SZ,001256
中芯国际概念;光刻胶;存储芯片;先进封装;OLED;芯片概念;柔性屏(折叠屏);锂电池概念;深股通;融资融券,33,10,300054.SZ,300054
光刻胶;OLED;2025三季报预增;人民币贬值受益;减肥药;创新药;钙钛矿电池;西部大开发;国企改革;乡村振兴;股权转让(并购重组);沪股通;融资融券,17,13,688550.SH,688550
拼多多概念;统一大市场;无人驾驶;智能物流;跨境电商;长安汽车概念;低空经济;新疆振兴;西部大开发;一带一路;传感器,33,11,001317.SZ,001317
中船系;国产航母;海工装备;风电;高端装备;央企国企改革;同花顺中特估100;绿色电力;PPP概念;储能;国企改革;工业互联网;沪股通;中字头股票;融资融券,17,15,600072.SH,600072
盐湖提锂;锂电池概念;宁德时代概念;光伏建筑一体化;人民币贬值受益;同花顺出海50;一带一路;储能;海工装备;高端装备;充电桩;沪股通;融资融券;新型工业化;机器人概念,17,15,600499.SH,600499
BC电池;TOPCON电池;HJT电池;光伏概念;沪股通;融资融券,17,6,688429.SH,688429
金属铜;虚拟电厂;国企改革;储能;股权转让(并购重组);数字经济,33,6,002295.SZ,002295
ST板块;农业种植;西部大开发;算力租赁,22,4,600265.SH,600265
长三角一体化;一带一路;沪股通;融资融券,17,4,603055.SH,603055
物业管理;化债概念(AMC概念);国企改革;统一大市场;核电;小金属概念;融资融券,17,7,600622.SH,600622
氢能源;创投;一带一路;智能家居;空气能热泵;家用电器;净水概念;粤港澳大湾区;独角兽概念;DeepSeek概念;人工智能;华为概念;AIGC概念;百度概念;短剧游戏;深股通;融资融券,33,17,002543.SZ,002543
风电;充电桩,33,2,000692.SZ,000692
大豆;生态农业;人民币贬值受益;2025三季报预增;创新药,17,5,603086.SH,603086
同花顺出海50;统一大市场;冷链物流;央企国企改革;国企改革;一带一路;人民币贬值受益;智能物流;跨境电商;拼多多概念;融资融券;沪股通,17,12,601156.SH,601156
MicroLED概念;MiniLED;共封装光学(CPO);芯片概念;先进封装;消费电子概念;5G;智能穿戴;传感器;比亚迪概念;新能源汽车;专精特新;机器人概念;智慧灯杆;粤港澳大湾区;海峡两岸;独角兽概念;深股通;融资融券,33,19,300303.SZ,300303
文化传媒概念;职业教育;DeepSeek概念;人工智能;国企改革;沪股通;融资融券,17,7,601019.SH,601019
华为昇腾;华为鲲鹏;云计算;信创;数据安全;网络安全;鸿蒙概念;国产操作系统;算力租赁;智能医疗;DeepSeek概念;人工智能;东数西算(算力);数字孪生;智慧城市;AI应用;华为概念;物联网;军民融合;数据中心;5G;工业互联网;军工;创投;新型工业化;机器人概念;液冷服务器;专精特新;智能电网;光伏概念;融资融券;沪股通,17,32,603496.SH,603496
无线充电;新能源汽车;专精特新;央企国企改革;国企改革;沪股通;融资融券,17,7,688190.SH,688190
高压快充;风电;充电桩;储能;新能源汽车;机器人概念;数据中心;5G;家用电器;粤港澳大湾区;物联网;华为概念;东数西算(算力);深股通,33,14,002953.SZ,002953
一带一路;空气能热泵;新疆振兴;雅下水电概念;粤港澳大湾区;机器人概念;新型工业化;工业互联网;民爆概念;机器视觉;军工;军民融合;芯片概念;人工智能;虚拟现实,33,15,002917.SZ,002917
成飞概念;大飞机;军民融合;军工信息化;商业航天;军工;无人机;低空经济;碳纤维;飞行汽车(eVTOL);高端装备;信创;虚拟现实;京津冀一体化;专精特新,33,15,300719.SZ,300719
军民融合;军工;海工装备;无人驾驶;专精特新;粤港澳大湾区;一带一路;燃料电池;绿色电力;深股通;融资融券,33,11,300589.SZ,300589
苹果概念;OLED;消费电子概念;新能源汽车;专精特新;回购增持再贷款概念;华为概念;沪股通;融资融券,17,9,688093.SH,688093
一体化压铸;华为汽车;长安汽车概念;新能源汽车;比亚迪概念;机器人概念;专精特新;2025三季报预增;深股通;融资融券,33,10,300926.SZ,300926
航空发动机;大飞机;军民融合;商业航天;军工;无人机;机器人概念;核电;央企国企改革;国企改革;沪股通;融资融券,17,12,688563.SH,688563
医疗器械概念;3D打印;沪股通;融资融券,17,4,688161.SH,688161
中俄贸易概念;新能源汽车;工业大麻;一带一路;锂电池概念;职业教育,17,6,600232.SH,600232
智能电网;虚拟电厂;电力物联网;储能;充电桩;专精特新;数据中心;传感器;华为概念;安防;人工智能;深股通,33,12,300286.SZ,300286
军民融合;商业航天;军工;无人机;核电;高端装备;低空经济;高铁;风电;水利;工业互联网;无人驾驶;储能;抽水蓄能;国企改革;沪股通;融资融券,17,17,600416.SH,600416
消费电子概念;无人机;数据中心;3D打印;锂电池概念;风电;固态电池;融资融券;军工;海工装备,151,10,920871.BJ,920871
C2M概念;创投;证金持股;数据要素;融资融券;深股通,33,6,002154.SZ,002154
融资融券;人民币贬值受益,151,2,920679.BJ,920679
血氧仪;医疗器械概念;物联网;传感器;ST板块;智能穿戴;消费电子概念;人工智能;芯片概念,33,9,300211.SZ,300211
乡村振兴;C2M概念;职业教育;创投;新疆振兴;中俄贸易概念;农业种植;粤港澳大湾区;DeepSeek概念;绿色电力;工业互联网;算力租赁;东数西算(算力);数据中心;深股通;融资融券,33,16,002042.SZ,002042
传感器;无人驾驶;新能源汽车;比亚迪概念;充电桩;机器人概念;汽车电子;储能;芯片概念;专精特新;汽车芯片;横琴新区;绿色电力;创投;海峡两岸;深股通,33,16,300304.SZ,300304
装配式建筑;地下管网;新型城镇化;PPP概念;乡村振兴;雄安新区;国企改革;水利;一带一路;智慧城市;粤港澳大湾区;数字经济;数字孪生;低空经济;人工智能;物联网;时空大数据;无人机;腾讯概念;数据中心;深股通,33,21,003013.SZ,003013
物业管理;租售同权;深圳国企改革;新型城镇化;国企改革;粤港澳大湾区;数字孪生;人工智能;机器人概念;深股通;融资融券,33,11,000090.SZ,000090
阿尔茨海默概念;医疗器械概念;共同富裕示范区;肝炎概念;仿制药一致性评价;创新药;流感;医药电商;一带一路;生物疫苗;深股通,33,11,002082.SZ,002082
粮食概念;乡村振兴;中俄贸易概念;国企改革;冷链物流;农机;一带一路;央企国企改革;冰雪产业;体育产业;食品安全;高端装备;机器人概念;深股通;中字头股票;融资融券,33,16,301058.SZ,301058
CRO概念;合成生物;医药电商;人民币贬值受益;2025年报预增;深股通,33,6,300702.SZ,300702
芯片概念;人民币贬值受益;光伏概念;PM2.5;核污染防治;DeepSeek概念;AI智能体;融资融券,17,8,688628.SH,688628
光刻胶;OLED;先进封装;柔性屏(折叠屏);消费电子概念;专精特新;AI眼镜;液冷服务器;氟化工概念;染料;京津冀一体化;云计算;创新药;融资融券,17,14,688181.SH,688181
人形机器人;碳纤维;比亚迪概念;小米汽车;小米概念;新能源汽车;粤港澳大湾区;创投;一带一路;2025年报预增;三胎概念;融资融券,33,12,300995.SZ,300995
飞行汽车(eVTOL);汽车热管理;宁德时代概念;低空经济;比亚迪概念;长安汽车概念;新能源汽车;燃料电池;融资融券,33,9,301181.SZ,301181
特色小镇;物业管理;参股银行;旅游概念;PPP概念;煤炭概念;新型城镇化;养老概念;碳交易;互联网金融;一带一路;独角兽概念;蚂蚁集团概念;智慧城市;元宇宙;沪股通;融资融券,17,17,600606.SH,600606
粤港澳大湾区;低空经济;人民币贬值受益;新能源汽车;特斯拉概念;宁德时代概念;2025年报预增;股权转让(并购重组),33,8,300176.SZ,300176
人民币贬值受益;污水处理;盐湖提锂;融资融券,17,4,688718.SH,688718
超超临界发电;碳中和;风电;储能;光伏概念;固废处理;雄安新区;国企改革;PM2.5;央企国企改革;2025三季报预增;华为概念;DeepSeek概念,33,13,300105.SZ,300105
物业管理;深圳国企改革;国企改革;粤港澳大湾区;深股通;融资融券,33,6,000029.SZ,000029
特色小镇;物业管理;参股券商;证金持股;装配式建筑;国企改革;碳中和;碳交易;京津冀一体化;深股通;融资融券,33,11,000402.SZ,000402
数字经济;粤港澳大湾区;融资融券;沪股通,17,4,605499.SH,605499
俄乌冲突概念;回购增持再贷款概念;人民币贬值受益;一带一路;中俄贸易概念;光伏概念;长三角一体化;创投;海工装备;工业互联网;PEEK材料;新能源汽车;深股通;融资融券,33,14,002206.SZ,002206
房屋检测;智慧城市;DeepSeek概念;数字孪生;京津冀一体化;车联网(车路协同);空间计算;AI智能体;低空经济;乡村振兴;水利;食品安全;网约车;雄安新区;创投;新型城镇化;无人机;PPP概念;国企改革;碳中和;粤港澳大湾区;雅下水电概念;一带一路;储能;俄乌冲突概念;深股通;融资融券,33,27,300284.SZ,300284
,33,0,003018.SZ,003018
家用电器;空气能热泵;智能家居;DeepSeek概念;汽车热管理;深股通;融资融券;人形机器人;新能源汽车,33,9,000921.SZ,000921
民营医院;医药电商;土地流转;养老概念;流感;农业种植;医美概念;肝炎概念;牙科医疗;冷链物流;乡村振兴;基因测序;医疗器械概念;创投;西部大开发;深股通;融资融券,33,17,002390.SZ,002390
锂电池概念;AI手机;先进封装;液冷服务器;比亚迪概念;消费电子概念;海工装备;高压快充;无线耳机;光伏概念;芯片概念;富士康概念;TOPCON电池;新能源汽车;国产航母;高铁;机器人概念;5G;商业航天;回购增持再贷款概念;6G概念;一带一路;充电桩;铜缆高速连接;人工智能;DeepSeek概念;数字经济;AI智能体;沪股通;融资融券,17,30,601137.SH,601137
工业互联网;无人驾驶;融资融券;回购增持再贷款概念;西部大开发,151,5,920599.BJ,920599
证金持股;国企改革;深圳国企改革;跨境电商;粤港澳大湾区;深股通;融资融券;华为概念,33,8,000089.SZ,000089
AI智能体;数据要素;数字乡村;DeepSeek概念;人工智能;数字经济;转基因;物联网;乡村振兴;土壤修复;共同富裕示范区;专精特新;机器人概念;生态农业;农机;AI眼镜;传感器;深股通;融资融券,33,19,301556.SZ,301556
网络安全;华为昇腾;国产操作系统;算力租赁;信创;区块链;国资云;东数西算(算力);鸿蒙概念;AI智能体;ChatGPT概念;在线教育;数据要素;AI语料;数字经济;AIGC概念;智慧城市;DeepSeek概念;人工智能;安防;物联网;华为概念;数据中心;机器视觉;工业互联网;互联网保险;核污染防治;京津冀一体化;机器人概念;食品安全;创投;可控核聚变;消费电子概念;核电;液冷服务器;工业母机;央企国企改革;储能;国企改革;土壤修复;雄安新区;锂电池概念;污水处理;参股券商;AI应用;沪股通;融资融券;股权转让(并购重组),17,48,600100.SH,600100
量子科技;商业航天;芯片概念;军工;专精特新;央企国企改革;国企改革;股权转让(并购重组);沪股通;融资融券,17,10,688027.SH,688027
小金属概念;融资融券;专精特新,151,3,920792.BJ,920792
卫星导航;毫米波雷达;特斯拉概念;机器人概念;无人驾驶;新能源汽车;比亚迪概念;专精特新;长三角一体化;智能家居;沪股通,17,11,603211.SH,603211
新能源汽车;动力电池回收,17,2,603922.SH,603922
商业航天;减速器;机器人概念;融资融券;军工;新能源汽车;国企改革;军民融合;专精特新,151,9,920418.BJ,920418
预制菜;养鸡;冷链物流;猪肉;国企改革;广东自贸区;创投;粤港澳大湾区,33,8,000529.SZ,000529
青蒿素;仿制药一致性评价;医药电商;工业大麻;证金持股;创新药;养老概念;乡村振兴;国企改革;西部大开发;央企国企改革;沪股通;融资融券,17,13,600422.SH,600422
虚拟电厂;智能电网;电力物联网;充电桩;高压快充;储能;专精特新;传感器;物联网;鸿蒙概念;融资融券,33,11,300880.SZ,300880
广东自贸区;啤酒概念;物业管理;代糖概念;国企改革;创投;粤港澳大湾区;工业互联网;股权转让(并购重组);深股通,33,10,000523.SZ,000523
养老概念;智能医疗;辅助生殖;职业教育;三胎概念;民营医院;牙科医疗;人工智能;参股保险;创投;物业管理;海峡两岸;机器人概念;租售同权,33,14,002162.SZ,002162
光刻机;芯片概念;专精特新;高端装备;固态电池;储能;智能电网;智能物流;高铁;数字经济;医疗器械概念;深股通;股权转让(并购重组),33,13,003043.SZ,003043
肝炎概念;生物疫苗;仿制药一致性评价;国企改革;央企国企改革;回购增持再贷款概念;深股通;融资融券,33,8,300294.SZ,300294
国企改革,17,1,600719.SH,600719
免税店;证金持股;同花顺中特估100;上海国企改革;国企改革;同花顺漂亮100;上海自贸区;沪股通;融资融券,17,9,600009.SH,600009
辅助生殖;2025年报预增;融资融券,17,3,688265.SH,688265
国企改革;央企国企改革;一带一路;海峡两岸;沪股通,17,5,601968.SH,601968
华为汽车;智能座舱;新能源汽车;飞行汽车(eVTOL);低空经济;无人驾驶;换电概念;车联网(车路协同);华为概念;工业互联网;DeepSeek概念;沪股通;融资融券;国企改革;百度概念,17,15,600418.SH,600418
共享单车;两轮车;钠离子电池;换电概念;鸿蒙概念;新能源汽车;融资融券;沪股通,17,8,603529.SH,603529
共同富裕示范区;专精特新;融资融券;新能源汽车,151,4,920111.BJ,920111
绿色电力;福建自贸区;创新药;肝炎概念;沪股通;融资融券,17,6,688278.SH,688278
煤炭概念,33,1,002072.SZ,002072
氢能源;央企国企改革;2025三季报预增;西部大开发;国企改革;人民币贬值受益;无人驾驶;华为概念;车联网(车路协同),17,9,600262.SH,600262
军工;海工装备;人工智能;数据中心;芯片概念;机器人概念;专精特新;深股通,33,8,300810.SZ,300810
流感;幽门螺杆菌概念;合成生物;宠物经济;沪股通,17,5,605507.SH,605507
东数西算(算力);华为昇腾;网络安全;信创;云计算;数据安全;AI PC;英伟达概念;腾讯概念;鸿蒙概念;华为鲲鹏;阿里巴巴概念;物联网;数据中心;区块链;华为概念;抖音概念(字节概念);AI智能体;智谱AI;华为海思概念股;数字孪生;人工智能;DeepSeek概念;液冷服务器;ChatGPT概念;低空经济;无人驾驶;消费电子概念;机器人概念;芯片概念;回购增持再贷款概念;乡村振兴;AI应用;深股通;融资融券,33,35,000034.SZ,000034
PEEK材料;特斯拉概念;碳纤维;新型烟草(电子烟);3D打印;小米汽车;人形机器人;专精特新;新能源汽车;机器人概念;华为汽车;小米概念;毫米波雷达;低空经济;无人机;光伏概念;富士康概念;石墨烯;芯片概念;军工;PCB概念;商业航天;5G;粤港澳大湾区;华为概念;6G概念;核电;2025年报预增;特高压;合成生物;先进封装;深股通,33,32,002886.SZ,002886
创投;代糖概念;参股券商;国企改革;融资融券;沪股通,17,6,600783.SH,600783
TOPCON电池;石墨电极;钒电池;石墨烯;锂电池概念;储能;绿色电力;煤化工概念;宁德时代概念;国企改革;股权转让(并购重组);融资融券;深股通,33,13,300080.SZ,300080
国企改革;西部大开发;沪股通;中字头股票;融资融券,17,5,600610.SH,600610
AI应用;水利;雅下水电概念;乡村振兴;新型城镇化;小米概念;融资融券;DeepSeek概念;雄安新区;AI智能体;一带一路;化债概念(AMC概念);军工;人工智能,151,14,920208.BJ,920208
农机;新能源汽车;长安汽车概念;汽车电子;储能;国企改革;乡村振兴;智能座舱,17,8,603701.SH,603701
储能;氢能源;新型城镇化;人工智能;风电;虚拟电厂;绿色电力;沪股通,17,8,605286.SH,605286
人民币贬值受益;特斯拉概念;军工;机器人概念;专精特新;融资融券,151,6,920270.BJ,920270
商业航天;低空经济;军工;数字孪生;人工智能;传感器;机器人概念;人形机器人;在线教育;海工装备;AI应用;股权转让(并购重组);沪股通;融资融券,17,14,688507.SH,688507
农业种植;生态农业;土地流转;粮食概念;乡村振兴;光伏建筑一体化;绿色电力;国企改革;创投;风电;文化传媒概念;2025年报预增;融资融券,17,13,600692.SH,600692
卫星导航;商业航天;6G概念;军工;无人机;低空经济;量子科技;智慧政务;车联网(车路协同);网络安全;智慧灯杆;智慧城市;AI智能体;WiFi 6;飞行汽车(eVTOL);人工智能;DeepSeek概念;物联网;华为概念;无人驾驶;5G;工业互联网;机器人概念;养老概念;数据中心;华为数字能源;光纤概念;F5G概念;一带一路;储能;沪股通;融资融券,17,32,688418.SH,688418
超级电容;储能;PM2.5;海峡两岸;股权转让(并购重组);深股通;融资融券,33,7,300174.SZ,300174
减肥药;智能医疗;创新药;猴痘概念;肝炎概念;DeepSeek概念;粤港澳大湾区;医药电商;AI应用;中俄贸易概念;沪股通;融资融券,17,12,688321.SH,688321
钠离子电池;固态电池;动力电池回收;锂电池概念;两轮车;高压快充;储能;新能源汽车;充电桩;长安汽车概念;磷化工;2025年报预增;智能电网;换电概念;飞行汽车(eVTOL);风电;碳中和;数据中心;海工装备;华为概念;低空经济;乡村振兴;人工智能;深股通;融资融券,33,25,002074.SZ,002074
环氧丙烷;消毒剂;锂电池概念;沪股通,17,4,600955.SH,600955
回购增持再贷款概念;智能家居;养老概念;粤港澳大湾区;华为概念;鸿蒙概念;深股通,33,7,001322.SZ,001322
文化传媒概念;NFT概念;网络游戏;短剧游戏;在线教育;国资云;阿里巴巴概念;数据要素;人工智能;AI应用;共同富裕示范区;国企改革;沪股通,17,13,601921.SH,601921
C2M概念;三胎概念;人民币贬值受益;跨境电商;回购增持再贷款概念;深股通;融资融券,33,7,301004.SZ,301004
融资融券;专精特新;乡村振兴;农机,151,4,920608.BJ,920608
玉米;乡村振兴;融资融券;农机;乳业;西部大开发;农业种植;三胎概念,151,8,920786.BJ,920786
国家大基金持股;小米概念;存储芯片;先进封装;芯片概念;信创;华为概念;专精特新;京津冀一体化;国企改革;AI应用;深股通;融资融券,33,13,301269.SZ,301269
中俄贸易概念;高端装备;新型工业化;机器人概念;数字经济;沪股通;融资融券,17,7,603135.SH,603135
光伏概念;储能;风电;充电桩;一带一路;农机;人民币贬值受益;乡村振兴;深股通;融资融券,33,10,002150.SZ,002150
东数西算(算力);腾讯概念;抖音概念(字节概念);数据中心;阿里巴巴概念;液冷服务器;百度概念;华为盘古;华为概念;专精特新;储能;高铁;锂电池概念;钠离子电池;融资融券,33,15,301157.SZ,301157
医药电商;啤酒概念;创新药;辅助生殖;医美概念;冷链物流;减肥药;养老概念;三胎概念;统一大市场;西部大开发;医疗器械概念;智能医疗;股权转让(并购重组);国企改革;央企国企改革;回购增持再贷款概念;创投;智能物流;机器人概念;融资融券;深股通,33,22,000950.SZ,000950
租售同权;物业管理;超级品牌;同花顺漂亮100;证金持股;装配式建筑;养老概念;冰雪产业;体育产业;冷链物流;智能物流;空间计算;粤港澳大湾区;深股通;融资融券;机器人概念,33,16,000002.SZ,000002
高股息精选;医药电商;养老概念;京津冀一体化;沪股通;融资融券,17,6,600329.SH,600329
智能穿戴;专精特新;锂电池概念;融资融券;回购增持再贷款概念;人形机器人;钠离子电池;无人机;固态电池;西部大开发;国企改革;储能,151,12,920239.BJ,920239
猪肉;绿色电力;粤港澳大湾区,33,3,001201.SZ,001201
ST板块;医疗器械概念;专精特新,33,3,300326.SZ,300326
可降解塑料;参股银行;专精特新;回购增持再贷款概念;ETC;煤化工概念;电子身份证,33,7,300717.SZ,300717
工业大麻;回购增持再贷款概念;农机;体育产业;储能;机器人概念,33,6,002224.SZ,002224
信托概念;物业管理;创投,17,3,600865.SH,600865
芯片概念;工业母机;海峡两岸;融资融券;中俄贸易概念;互联网金融;一带一路;专精特新,151,8,920706.BJ,920706
液冷服务器;中国AI 50;新型工业化;东数西算(算力);芯片概念;数据中心;国产操作系统;算力租赁;量子科技;网络安全;数据安全;信创;数字孪生;云计算;百度概念;腾讯概念;智谱AI;工业互联网;人工智能;抖音概念(字节概念);智慧城市;区块链;DeepSeek概念;数字经济;Web3.0;智能医疗;创投;雄安新区;国企改革;沪股通;同花顺中特估100;中字头股票;融资融券,17,33,603019.SH,603019
期货概念;互联网金融;证金持股;沪股通;融资融券;2025年报预增,17,6,600958.SH,600958
专精特新;融资融券;人民币贬值受益,151,3,920855.BJ,920855
无人零售;养老概念;乡村振兴;参股银行;腾讯概念;国企改革;西部大开发;机器人概念;深股通;融资融券,33,10,002697.SZ,002697
ST板块;股权转让(并购重组);光伏概念;新能源汽车;HJT电池;高端装备;宁德时代概念;3D打印,33,8,002529.SZ,002529
租售同权;物业管理;信托概念;国企改革;互联网金融;期货概念,17,6,600638.SH,600638
智慧灯杆;车联网(车路协同);智慧城市;储能;华为概念;5G;人民币贬值受益,33,7,002638.SZ,002638
期货概念;沪股通;融资融券,17,3,601696.SH,601696
流感;创新药;三胎概念;融资融券;沪股通,17,5,600976.SH,600976
华为欧拉;华为昇腾;国产操作系统;信创;华为鲲鹏;云计算;华为盘古;智慧政务;鸿蒙概念;算力租赁;移动支付;东数西算(算力);蚂蚁集团概念;阿里巴巴概念;车联网(车路协同);在线教育;人工智能;虚拟数字人;智慧城市;DeepSeek概念;物联网;华为概念;手机游戏;工业互联网;机器人概念;智能医疗;托育服务;三胎概念;AI应用;深股通;融资融券,33,31,002261.SZ,002261
染料;换电概念;股权转让(并购重组),17,3,603790.SH,603790
数据中心;2025年报预增;专精特新;新能源汽车;空气能热泵;中俄贸易概念;共同富裕示范区;人工智能;污水处理;深股通;融资融券,33,11,301317.SZ,301317
烟草;超级电容;共同富裕示范区;碳中和;储能;数字经济;互联网金融;数据要素,33,8,002012.SZ,002012
2025年报预增;预制菜;融资融券,151,3,920371.BJ,920371
减速器;商业航天;人形机器人;工业母机;新型工业化;高端装备;机器人概念;传感器;比亚迪概念;新能源汽车;富士康概念;燃料电池;芯片概念;专精特新;人工智能;光伏概念;海峡两岸;氢能源;粤港澳大湾区;PCB概念;2025年报预增;深股通,33,22,300503.SZ,300503
足球概念;冰雪产业;体育产业;人民币贬值受益,17,4,603558.SH,603558
医药电商;家庭医生;西部大开发;回购增持再贷款概念;职业教育,17,5,605266.SH,605266
新型烟草(电子烟);烟草;HJT电池;TOPCON电池;光伏概念;ST板块;工业大麻;绿色电力,33,8,300125.SZ,300125
钙钛矿电池;固态电池;宁德时代概念;锂电池概念;专精特新;MR(混合现实);富士康概念;机器视觉;无线充电;苹果概念;华为手机;消费电子概念;芯片概念;华为概念;智能穿戴;人工智能;AI眼镜;东数西算(算力);腾讯概念;融资融券,33,20,301360.SZ,301360
医药电商;仿制药一致性评价;幽门螺杆菌概念;创新药;肝炎概念;生物疫苗;参股券商;医疗器械概念;证金持股;西部大开发;国企改革;创投;沪股通;融资融券,17,14,600252.SH,600252
WiFi 6;数字孪生;虚拟现实;华为概念;军工;机器视觉;芯片概念;工业互联网;新型工业化;苹果概念;股权转让(并购重组);融资融券,17,12,688115.SH,688115
ST板块;无人零售;跨境电商;超级品牌;乡村振兴;家用电器;智能家居;智能物流;互联网金融;农村电商;区块链;人工智能;智能医疗;DeepSeek概念;阿里巴巴概念;AI智能体;独角兽概念,33,17,002024.SZ,002024
物业管理;证金持股;参股券商;养老概念;国企改革;创投;沪股通;融资融券;上海自贸区,17,9,600663.SH,600663
养老概念;上海国企改革;物业管理;土地流转;国企改革;长三角一体化;沪股通;融资融券,17,8,600748.SH,600748
5G;芯片概念;存储芯片;消费电子概念;金属回收;东数西算(算力);卫星导航;数据中心;无人机;商业航天;锂电池概念;华为概念;一带一路;低空经济;粤港澳大湾区;创投;信创;国企改革;国产操作系统;储能;云计算;新能源汽车;人工智能;智能物流;DeepSeek概念;充电桩;华为鲲鹏;智能医疗;深圳国企改革;鸿蒙概念;冷链物流;统一大市场;物业管理;医药电商;跨境支付(CIPS);乳业;深股通;融资融券;白酒概念,33,39,002183.SZ,002183
蚂蚁集团概念;智能医疗;养老概念;三胎概念;血氧仪;医疗器械概念;幽门螺杆菌概念;眼科医疗;雅下水电概念;消毒剂;深股通;融资融券,33,12,002223.SZ,002223
PEEK材料;碳纤维;富士康概念;人形机器人;小米概念;华为汽车;比亚迪概念;新能源汽车;机器人概念;华为概念;充电桩;储能;可降解塑料;锂电池概念;足球概念;丙烯酸;风电;体育产业;人造肉;环氧丙烷;医美概念;融资融券;深股通,33,23,002768.SZ,002768
白酒概念;医药电商;阿尔茨海默概念;创新药;国企改革;融资融券;沪股通,17,7,600771.SH,600771
创新药;医药电商;细胞免疫治疗;共同富裕示范区;独角兽概念;融资融券;深股通,33,7,300181.SZ,300181
减速器;人形机器人;机器人概念;高端装备;水利;海工装备;光伏建筑一体化;固废处理;融资融券;沪股通,17,10,603915.SH,603915
光刻胶;先进封装;OLED;芯片概念;专精特新;中芯国际概念;存储芯片;锂电池概念;国企改革;股权转让(并购重组);沪股通;融资融券,17,12,603078.SH,603078
流感;创新药;仿制药一致性评价;医药电商;减肥药;阿尔茨海默概念;动物疫苗;合成生物;青蒿素;宠物经济;医美概念;智能医疗;国企改革;DeepSeek概念;融资融券;沪股通,17,16,600267.SH,600267
农业种植;乡村振兴;海峡两岸;融资融券,33,4,300908.SZ,300908
冰雪产业;旅游概念;IP经济(谷子经济);西部大开发;深股通;融资融券,33,6,002033.SZ,002033
鸿蒙概念;AI智能体;人工智能;卫星导航;车联网(车路协同);DeepSeek概念;移动支付;东数西算(算力);物联网;华为概念;毫米波雷达;商业航天;无人机;机器视觉;AI眼镜;华为海思概念股;机器人概念;智能座舱;5G;无人驾驶;工业互联网;人形机器人;创投;MCU芯片;消费电子概念;华为汽车;电力物联网;专精特新;芯片概念;比亚迪概念;新能源汽车;回购增持再贷款概念;深股通;融资融券,33,34,002881.SZ,002881
医药电商;创新药;仿制药一致性评价;芬太尼;阿尔茨海默概念;猴痘概念;医疗器械概念;智能医疗;深股通;融资融券,33,10,002262.SZ,002262
财税数字化;区块链;AI智能体;多模态AI;信创;华为欧拉;百度概念;ChatGPT概念;星闪概念;NFT概念;数字经济;DeepSeek概念;AI语料;云游戏;人工智能;跨境支付(CIPS);智慧城市;虚拟现实;智能音箱;华为概念;物联网;华为海思概念股;低空经济;血氧仪;军工信息化;毫米波雷达;智能医疗;工业互联网;小米概念;养老概念;卫星导航;无人机;智能家居;机器人概念;军工;跨境电商;军民融合;数据中心;芯片概念;消费电子概念;传感器;航空发动机;OLED;大飞机;家用电器;医疗器械概念;苹果概念;锂电池概念;华为数字能源;国企改革;回购增持再贷款概念;西部大开发;汽车热管理;储能;钒电池;融资融券;AI应用;沪股通,17,58,600839.SH,600839
减速器;人形机器人;工业母机;新型工业化;机器人概念;高端装备;智能电网;储能;雅下水电概念;融资融券;沪股通,17,11,603638.SH,603638
PCB概念;先进封装;2025年报预增;工业母机;高端装备;深股通;融资融券,33,7,301200.SZ,301200
注册制次新股;风电;专精特新;高端装备;新股与次新股;融资融券,17,6,603248.SH,603248
军民融合;飞行汽车(eVTOL);低空经济;军工;无人机;机器人概念;核污染防治;高端装备;农机;航空发动机;工业互联网;传感器;高铁;数字经济;雅下水电概念;一带一路;人工智能;5G;国企改革;人民币贬值受益;消费电子概念;锂电池概念;页岩气;深股通;融资融券,33,25,002097.SZ,002097
创新药;西部大开发;沪股通;融资融券,17,4,688443.SH,688443
中芯国际概念;存储芯片;科创次新股;芯片概念;注册制次新股;高端装备;国企改革;新股与次新股;融资融券,17,9,688729.SH,688729
钙钛矿电池;HJT电池;TOPCON电池;光伏概念;高端装备;无人机;储能;新能源汽车;特斯拉概念;机器人概念;智能物流;ST板块;人工智能;锂电池概念;独角兽概念,33,15,000821.SZ,000821
光伏概念;光热发电;光伏建筑一体化;储能;机器人概念;一带一路;人民币贬值受益;沪股通;融资融券,17,9,688408.SH,688408
创新药;2025年报预增;沪股通;融资融券,17,4,688578.SH,688578
人形机器人;比亚迪概念;新能源汽车;专精特新;机器人概念;储能;医疗器械概念;一带一路;深股通;融资融券,33,10,301538.SZ,301538
一体化压铸;华为汽车;特斯拉概念;小米汽车;新能源汽车;注册制次新股;比亚迪概念;小米概念;宁德时代概念;新股与次新股;融资融券,17,11,603418.SH,603418
人形机器人;汽车热管理;特斯拉概念;比亚迪概念;新能源汽车;2025年报预增;融资融券;沪股通,17,8,603009.SH,603009
风电;光伏概念;碳纤维;新能源汽车;注册制次新股;比亚迪概念;新股与次新股;融资融券,17,8,601112.SH,601112
国企改革;高铁;核电;一带一路;海工装备;高端装备;商业航天;中俄贸易概念;回购增持再贷款概念;ST板块;储能;减速器,22,12,600169.SH,600169
医疗器械概念;融资融券;食品安全,151,3,920504.BJ,920504
商业航天;3D打印;低空经济;飞行汽车(eVTOL);机器人概念;专精特新;高端装备;沪股通;融资融券,17,9,688433.SH,688433
毫米波雷达;汽车电子;传感器;人形机器人;无人机;华为概念;专精特新;无人驾驶;机器人概念;高压快充;新能源汽车;充电桩;人工智能;储能;人民币贬值受益;AI智能体;DeepSeek概念;跨境电商;AI应用;沪股通;融资融券,17,21,688208.SH,688208
数字货币;跨境支付(CIPS);人脸识别;车联网(车路协同);网络安全;数据确权;互联网金融;智慧政务;区块链;信创;鸿蒙概念;华为昇腾;智慧城市;国资云;数据安全;数据要素;安防;百度概念;AI智能体;华为鲲鹏;时空大数据;DeepSeek概念;腾讯概念;阿里巴巴概念;人工智能;东数西算(算力);机器视觉;华为概念;Web3.0;独角兽概念;算力租赁;虚拟数字人;机器人概念;人形机器人;创投;数据中心;英伟达概念;液冷服务器;国企改革;污水处理;AI应用;深股通;融资融券,33,43,002152.SZ,002152
PCB概念;华为手机;苹果概念;5G;消费电子概念;芯片概念;2025年报预增;海峡两岸;专精特新;华为概念;沪股通,17,11,603256.SH,603256
两轮车;农机;2025三季报预增;新能源汽车;航空发动机;人民币贬值受益;储能;高压快充;充电桩;沪股通;融资融券;军工;西部大开发;乡村振兴;DeepSeek概念;股权转让(并购重组),17,16,603766.SH,603766
土地流转;农业种植;乡村振兴;碳中和;创投;西部大开发;融资融券,17,7,601996.SH,601996
生物质能发电;固废处理;绿色电力,17,3,605028.SH,605028
参股银行;跨境电商;国企改革;创投;智能物流;数字经济;一带一路;回购增持再贷款概念;AI智能体;AI应用;融资融券;沪股通,17,12,600790.SH,600790
小金属概念;超导概念;可控核聚变;超级电容;核电;航空发动机;商业航天;3D打印;央企国企改革;芯片概念;西部大开发;国企改革;深股通,33,13,000962.SZ,000962
商业航天;足球概念;MiniLED;体育产业;京津冀一体化;露营经济;冰雪产业;机器人概念;三胎概念;跨境电商;智能穿戴;消费电子概念;芯片概念;柔性屏(折叠屏);OLED;汽车芯片;MCU芯片;融资融券;深股通,33,19,300005.SZ,300005
ST板块;股权转让(并购重组),33,2,002199.SZ,002199
AI智能体;AIGC概念;数据要素;鸿蒙概念;DeepSeek概念;期货概念;AI应用;融资融券,33,8,301299.SZ,301299
智能医疗;猴痘概念;辅助生殖;阿尔茨海默概念;幽门螺杆菌概念;流感;重组蛋白;肝炎概念;医药电商;沪股通;融资融券,17,11,688253.SH,688253
可控核聚变;核电;智能电网;核污染防治;特高压;风电;大飞机;高端装备;航空发动机;充电桩;超超临界发电;氢能源;工业互联网;机器人概念;燃料电池;工业母机;储能;华为概念;化债概念(AMC概念);独角兽概念;人形机器人;光伏概念;减速器;上海国企改革;国企改革;回购增持再贷款概念;固废处理;钒电池;锂电池概念;固态电池;沪股通;融资融券,17,32,601727.SH,601727
期货概念;参股券商;互联网金融;参股银行;国企改革;碳交易;碳中和;黑龙江自贸区;创投;沪股通;融资融券,17,11,600864.SH,600864
机器人概念;2025年报预增;华为概念;人民币贬值受益;乡村振兴;融资融券;深股通,33,7,002779.SZ,002779
无人机;军工;高端装备;核电;光热发电;储能;燃料电池;碳中和;氢能源;污水处理;ST板块;乡村振兴;超超临界发电,33,13,300091.SZ,300091
PCB概念;共封装光学(CPO);MiniLED;6G概念;5G;芯片概念;储能;新能源汽车;无人机;2025年报预增;粤港澳大湾区;人民币贬值受益;机器人概念;东数西算(算力);深股通;融资融券,33,16,300739.SZ,300739
民营医院;养老概念;同花顺漂亮100;眼科医疗;医美概念;智能医疗;虚拟数字人;医疗器械概念;DeepSeek概念;人工智能;创投;深股通;融资融券;智能穿戴;AI眼镜,33,15,300015.SZ,300015
啤酒概念;ST板块;西部大开发;2025年报预增,33,4,000752.SZ,000752
家用电器;汽车热管理;医疗器械概念;充电桩;农机;飞行汽车(eVTOL);粤港澳大湾区;广东自贸区;新能源汽车;富士康概念;机器人概念;储能;华为汽车;低空经济;光伏概念;比亚迪概念;华为概念;小米概念;人形机器人;宁德时代概念;锂电池概念;2025年报预增;股权转让(并购重组),33,23,002420.SZ,002420
三胎概念;IP经济(谷子经济);深股通;2025年报预增;融资融券,33,5,002511.SZ,002511
科创次新股;注册制次新股;芯片概念;东数西算(算力);信创;人工智能;新股与次新股;融资融券,17,8,688802.SH,688802
锂电池概念;固态电池;3D打印;新能源汽车;高端装备;融资融券,17,6,603527.SH,603527
硅能源;光伏建筑一体化;建筑节能;雄安新区;光伏概念;一带一路;OLED;军工;特斯拉概念;消费电子概念;汽车电子;深股通;融资融券,33,13,000012.SZ,000012
旅游概念;跨境电商;人民币贬值受益;消费电子概念;柔性屏(折叠屏);医疗器械概念;养老概念;国企改革;5G;液冷服务器;东数西算(算力);数据中心;算力租赁;股权转让(并购重组),17,14,600156.SH,600156
建筑节能;乡村振兴;装配式建筑;房屋检测;物业管理;光伏建筑一体化;一带一路;绿色电力;高铁;粤港澳大湾区;光伏概念;数字经济;DeepSeek概念;AI应用;融资融券,33,15,000055.SZ,000055
人民币贬值受益;染料;融资融券;转基因;草甘膦,151,5,920819.BJ,920819
锂电池概念;两轮车;专精特新;融资融券;储能,151,5,920252.BJ,920252
三胎概念;跨境电商;维生素;医药电商;智能医疗;回购增持再贷款概念;粤港澳大湾区;深股通;融资融券,33,9,300146.SZ,300146
2025年报预增;硅能源;融资融券;第三代半导体;专精特新;钠离子电池,151,6,920580.BJ,920580
期货概念;区块链;深股通;融资融券,33,4,002797.SZ,002797
生物质能发电;农业种植;固废处理;绿色电力;2025三季报预增;粤港澳大湾区,33,6,002616.SZ,002616
福建自贸区;海峡两岸;水泥概念;参股银行;国企改革;参股券商;核电;融资融券,17,8,600802.SH,600802
锂电池概念;PEEK材料;3D打印;2025年报预增;深股通;融资融券,33,6,301069.SZ,301069
EDR概念;WiFi 6;铜缆高速连接;苹果概念;消费电子概念;5G;汽车电子;虚拟现实;华为概念;钙钛矿电池;芯片概念;专精特新;无人机;新能源汽车;军工;光伏概念;医疗器械概念;商业航天;卫星导航;军工信息化;数字经济;深股通;融资融券,33,23,300563.SZ,300563
芯片概念;机器人概念;农机;海工装备;2025年报预增;股权转让(并购重组);融资融券,33,7,301161.SZ,301161
预制菜;人造肉;宠物经济;网红经济;跨境电商;合成生物;国企改革;化肥;一带一路;绿色电力;回购增持再贷款概念;深股通;融资融券,33,13,002481.SZ,002481
创新药;医药电商;毛发医疗;细胞免疫治疗;国企改革;深股通;摘帽;股权转让(并购重组),33,8,000989.SZ,000989
商业航天;军工;低空经济;可控核聚变;小米汽车;消费电子概念;新能源汽车;机器人概念;专精特新;智能穿戴;宁德时代概念;物联网;燃料电池;氢能源;沪股通;融资融券,17,16,688386.SH,688386
智能穿戴;AI眼镜;海峡两岸;专精特新;消费电子概念;汽车热管理;新股与次新股;融资融券;新能源汽车,151,9,920005.BJ,920005
中字头股票;互联网保险;沪股通;融资融券;同花顺中特估100;证金持股;参股银行;国企改革;2025三季报预增,17,9,601628.SH,601628
DeepSeek概念;人工智能;家用电器;深股通;融资融券,33,5,002508.SZ,002508
中俄贸易概念;光伏概念;共同富裕示范区;芯片概念,17,4,603948.SH,603948
垃圾分类;换电概念;氢能源;军工;无人驾驶;燃料电池;汽车热管理;新能源汽车;沪股通,17,9,600817.SH,600817
宠物经济;融资融券,151,2,920656.BJ,920656
预制菜;乡村振兴;国企改革;冷链物流;碳中和;人民币贬值受益,33,6,002069.SZ,002069
特高压;核电;海工装备;风电;海峡两岸;军工;充电桩;光伏概念;融资融券,33,9,002300.SZ,002300
汽车芯片;无线耳机;芯片概念;消费电子概念;OLED;传感器;专精特新;锂电池概念;人工智能;融资融券;深股通,33,11,300661.SZ,300661
脑机接口;血氧仪;人工智能;医美概念;养老概念;医疗器械概念;三胎概念;机器人概念;专精特新;医药电商;流感,33,11,300753.SZ,300753
光刻机;无人驾驶;机器视觉;AI眼镜;芯片概念;虚拟现实;商业航天;共同富裕示范区;智能医疗;沪股通;融资融券,17,11,603297.SH,603297
AIGC概念;ChatGPT概念;财税数字化;AI智能体;AI应用;云计算;华为鲲鹏;阿里巴巴概念;智慧政务;鸿蒙概念;中国AI 50;数据要素;蚂蚁集团概念;信创;DeepSeek概念;人工智能;数字经济;智慧城市;融资融券;沪股通,17,20,603171.SH,603171
沪股通;融资融券;同花顺中特估100;证金持股;蚂蚁集团概念;华为概念,17,6,601601.SH,601601
CRO概念;创新药;同花顺出海50;同花顺漂亮100;2025年报预增;人民币贬值受益;回购增持再贷款概念;融资融券;沪股通,17,9,603259.SH,603259
海峡两岸;IP经济(谷子经济);长三角一体化,17,3,603886.SH,603886
科创次新股;注册制次新股;存储芯片;先进封装;芯片概念;光刻胶;新能源汽车;新股与次新股;融资融券,17,9,688757.SH,688757
共同富裕示范区;创投;互联网金融;沪股通,17,4,603711.SH,603711
PCB概念;苹果概念;汽车电子;MiniLED;小米概念;消费电子概念;先进封装;机器视觉;比亚迪概念;芯片概念;无人机;特斯拉概念;华为概念;创投;高端装备;人工智能;储能;商业航天;光伏概念;AI应用;深股通,33,21,300802.SZ,300802
MiniLED;汽车电子;消费电子概念;柔性屏(折叠屏);无线耳机;新能源汽车;智能穿戴;机器人概念;智能家居;特斯拉概念;小米概念;苹果概念;人民币贬值受益;传感器;无线充电;充电桩;储能;MR(混合现实);5G;无人机;智能音箱;长三角一体化;OLED;燃料电池;华为概念;高压快充;一带一路;海峡两岸;同花顺果指数;虚拟现实;氢能源;元宇宙;深股通;融资融券,33,34,002635.SZ,002635
毫米波雷达;汽车电子;传感器;消费电子概念;无人驾驶;新能源汽车;专精特新;芯片概念;汽车热管理;高压快充;燃料电池;氢能源;PCB概念;天然气;融资融券,33,15,301499.SZ,301499
创新药;沪股通;融资融券,17,3,688382.SH,688382
网约车;无人驾驶;智能座舱;车联网(车路协同);汽车电子;汽车热管理;新能源汽车;粤港澳大湾区;充电桩;比亚迪概念;智慧城市;创投;华为概念;人工智能;5G;2025年报预增;区块链;氢能源;ERP概念;云计算,17,20,603390.SH,603390
光伏概念;锂电池概念;虚拟电厂;新能源汽车;专精特新;PET铜箔;OLED;BC电池,33,8,300305.SZ,300305
固态电池;宁德时代概念;锂电池概念;比亚迪概念;储能;新能源汽车;充电桩;烟草;消费电子概念;专精特新;同花顺漂亮100;西部大开发;深股通;人工智能;融资融券,33,15,002812.SZ,002812
商业航天;卫星导航;军工;芯片概念;汽车电子;专精特新;共封装光学(CPO);京津冀一体化;融资融券;沪股通,17,10,603267.SH,603267
海峡两岸;人民币贬值受益;跨境电商;融资融券;一带一路,151,5,920445.BJ,920445
稀土永磁;小金属概念;特斯拉概念;苹果概念;新能源汽车;国企改革;机器人概念;人民币贬值受益;2025年报预增;深股通;融资融券;中字头股票,33,12,000970.SZ,000970
雄安新区;光伏建筑一体化;房屋检测;碳交易;水利;土壤修复;碳中和;国企改革;央企国企改革;雅下水电概念;光伏概念;核污染防治;核电;商业航天;沪股通,17,15,603060.SH,603060
维生素;肝炎概念;合成生物;智能医疗;新疆振兴;农业种植;西部大开发;土地流转;乡村振兴;人工智能;粮食概念;玉米;深股通;融资融券,33,14,301301.SZ,301301
医美概念;辅助生殖;医疗器械概念;专精特新,17,4,603987.SH,603987
,17,0,601113.SH,601113
特斯拉概念;富士康概念;消费电子概念;人形机器人;苹果概念;比亚迪概念;机器人概念;新能源汽车;TOPCON电池;光伏概念;海峡两岸;医疗器械概念;沪股通;融资融券,17,14,688678.SH,688678
冰雪产业;旅游概念;IP经济(谷子经济);露营经济;体育产业;网络游戏;养老概念;乡村振兴;国企改革;DeepSeek概念;阿里巴巴概念;云计算;一带一路;央企国企改革;AI应用;沪股通;融资融券;中字头股票,17,18,600138.SH,600138
煤炭概念;农机;新型工业化;数据中心;融资融券,33,5,001277.SZ,001277
海南自贸区;自由贸易港;生态农业;统一大市场;养鸡;动物疫苗;猪肉;乡村振兴;冷链物流;宠物经济;职业教育;深股通;融资融券,33,13,000735.SZ,000735
预制菜;ST板块;冷链物流,22,3,603517.SH,603517
肝炎概念;ST板块;仿制药一致性评价;创投;国企改革;量子科技;物业管理;数字经济,22,8,600624.SH,600624
新疆振兴;一带一路;西部大开发;华为概念;人民币贬值受益;机器人概念;DeepSeek概念;新型工业化;AI智能体;融资融券,17,10,600545.SH,600545
存储芯片;汽车芯片;国家大基金持股;智能座舱;星闪概念;芯片概念;WiFi 6;卫星导航;无人驾驶;机器视觉;车联网(车路协同);虚拟现实;机器人概念;专精特新;物联网;东数西算(算力);鸿蒙概念;人工智能;深股通;股权转让(并购重组);融资融券,33,21,300672.SZ,300672
汽车芯片;中芯国际概念;第三代半导体;英伟达概念;芯片概念;AI眼镜;小米概念;5G;小米汽车;人形机器人;比亚迪概念;宁德时代概念;回购增持再贷款概念;新能源汽车;无人机;特斯拉概念;高压快充;固态电池;华为汽车;低空经济;光伏概念;充电桩;华为概念;储能;深股通;融资融券,33,26,300373.SZ,300373
仿制药一致性评价;西部大开发;2025年报预增;股权转让(并购重组),33,4,002826.SZ,002826
三胎概念;医疗器械概念;融资融券,33,3,301097.SZ,301097
农业种植;供销社;粮食概念;化肥;乡村振兴;智能物流;农机;无人机;低空经济;数字经济;数字乡村;2025年报预增,33,12,002999.SZ,002999
物业管理;京津冀一体化;互联网金融;文化传媒概念;深股通,33,5,000882.SZ,000882
消费电子概念;柔性屏(折叠屏);AI眼镜;无线耳机;智能穿戴;液冷服务器;特斯拉概念;智能音箱;比亚迪概念;机器人概念;减速器;深股通;融资融券,33,13,300709.SZ,300709
人工智能;量子科技;2025年报预增;雅下水电概念;装配式建筑;机器人概念;AI应用;新型城镇化;雄安新区;一带一路;深股通;融资融券,33,12,300986.SZ,300986
新能源汽车;PCB概念;专精特新;大飞机;军工;天津自贸区;京津冀一体化;深股通,33,8,002134.SZ,002134
稀土永磁;军工;华为概念;西部大开发;特斯拉概念;新能源汽车;深股通,33,7,300127.SZ,300127
智能医疗;医疗器械概念;宠物经济;人工智能;水利;人民币贬值受益;专精特新;机器人概念;核电;深股通;融资融券,33,11,301602.SZ,301602
海峡两岸;共封装光学(CPO);5G;创投;数据中心;一带一路;碳中和;乡村振兴;国企改革;沪股通,17,10,600103.SH,600103
钛白粉概念;融资融券,33,2,300891.SZ,300891
维生素;宠物经济;绿色电力;三胎概念;合成生物;2025三季报预增;DeepSeek概念;AIGC概念;融资融券,17,9,688089.SH,688089
BC电池;TOPCON电池;钙钛矿电池;HJT电池;硅能源;光伏概念;储能;风电;比亚迪概念;一带一路;绿色电力;京津冀一体化;回购增持再贷款概念;雄安新区;DeepSeek概念;人民币贬值受益;融资融券;深股通,33,18,002459.SZ,002459
科创次新股;钠离子电池;卫星导航;注册制次新股;商业航天;固态电池;无人机;国企改革;军工;锂电池概念;机器人概念;光伏概念;央企国企改革;燃料电池;储能;新股与次新股;融资融券,17,17,688818.SH,688818
露营经济;长三角一体化;宠物经济;共同富裕示范区;跨境电商;人民币贬值受益;碳中和;深股通,33,8,001238.SZ,001238
中俄贸易概念;专精特新;融资融券,151,3,920245.BJ,920245
医药电商;流感;创新药;肝炎概念;维生素;三胎概念;黑龙江自贸区;深股通;融资融券,33,9,002737.SZ,002737
MicroLED概念;电子纸;MiniLED;智能穿戴;OLED;柔性屏(折叠屏);华为概念;智能座舱;虚拟现实;消费电子概念;小米概念;回购增持再贷款概念;芯片概念;苹果概念;汽车电子;央企国企改革;智能家居;国企改革;深股通;融资融券,33,20,000050.SZ,000050
PCB概念;5G;汽车电子;芯片概念;毫米波雷达;数据中心;人民币贬值受益;华为概念;海峡两岸;无人驾驶;污水处理;同花顺出海50;深股通;融资融券,33,14,002463.SZ,002463
净水概念;地下管网;污水处理;固废处理;水利;绿色电力;光伏建筑一体化;垃圾分类;国企改革;乡村振兴;粤港澳大湾区;旅游概念;充电桩;数据确权;氢能源;高压快充;储能;融资融券;深股通,33,19,003039.SZ,003039
环氧丙烷;消毒剂;氟化工概念;国企改革;上海国企改革;沪股通;融资融券,17,7,600618.SH,600618
流感;肝炎概念;仿制药一致性评价;创新药;毛发医疗;阿尔茨海默概念;合成生物;宠物经济;消毒剂;国企改革;工业互联网;DeepSeek概念;融资融券;沪股通,17,14,600789.SH,600789
减速器;人形机器人;同花顺新质50;新型工业化;机器人概念;中国AI 50;专精特新;2025年报预增;沪股通;融资融券,17,10,688017.SH,688017
商业航天;海工装备;高端装备;光伏概念;风电;专精特新;新疆振兴;国企改革;绿色电力;深股通;融资融券,33,11,300129.SZ,300129
电子身份证;ETC;数字货币;移动支付;财税数字化;互联网金融;智慧城市;智慧政务;信创;人脸识别;ERP概念;网络安全;数据要素;数字经济;区块链;职业教育;智能物流;AI智能体;蚂蚁集团概念;ChatGPT概念;物联网;人工智能;DeepSeek概念;腾讯概念;央企国企改革;海峡两岸;食品安全;国企改革;数据中心;芯片概念;MCU芯片;液冷服务器;沪股通;融资融券;AI应用,17,35,600271.SH,600271
风电;海工装备;储能;融资融券;金属锌;专精特新,151,6,920634.BJ,920634
专精特新;合成生物;融资融券,151,3,920547.BJ,920547
锂电池概念;储能;回购增持再贷款概念;比亚迪概念;粤港澳大湾区;深股通;融资融券,33,7,002192.SZ,002192
换电概念;储能;专精特新;新能源汽车;充电桩;一带一路;无人机;机器人概念;宁德时代概念;高压快充;回购增持再贷款概念;新疆振兴;人工智能;沪股通;融资融券,17,15,600212.SH,600212
物业管理;共同富裕示范区;绿色电力;跨境电商;航运概念;旅游概念;煤炭概念,17,7,600051.SH,600051
创新药;生物疫苗;CRO概念;人民币贬值受益;深股通;融资融券,33,6,002399.SZ,002399
PCB概念;先进封装;芯片概念;沪股通;融资融券,17,5,688603.SH,688603
光刻胶;OLED;芯片概念;PCB概念;石墨烯;华为手机;消费电子概念;海工装备;光伏概念;智能穿戴;新能源汽车;比亚迪概念;富士康概念;5G;BC电池;华为概念;深股通,33,17,300537.SZ,300537
绿色电力;碳交易;超超临界发电;碳中和;国企改革;风电;氢能源;央企国企改革;海工装备,17,9,600396.SH,600396
有机硅概念;锂电池概念;人造肉;化肥;光刻胶;CRO概念;合成生物;猴痘概念;创新药;肝炎概念;融资融券;深股通,33,12,300497.SZ,300497
托育服务;物业管理;ST板块;三胎概念;西部大开发;股权转让(并购重组),33,6,000656.SZ,000656
DeepSeek概念;工业大麻;民营医院;参股银行;阿尔茨海默概念;流感;深股通;肝炎概念;创新药;融资融券,33,10,000766.SZ,000766
减肥药;创新药;重组蛋白;仿制药一致性评价;流感;生物疫苗;辅助生殖;基因测序;猴痘概念;宠物经济;横琴新区;DeepSeek概念;深股通;融资融券,33,14,000513.SZ,000513
光伏建筑一体化;储能;绿色电力;盐湖提锂;锂电池概念;碳中和;化肥;AI手机;染料;深股通;融资融券,33,11,002256.SZ,002256
时空大数据;网络安全;智慧政务;数据安全;数据要素;华为鲲鹏;人脸识别;信创;智慧城市;DeepSeek概念;安防;东数西算(算力);数字经济;独角兽概念;人工智能;华为概念;机器视觉;西部大开发;新疆振兴;专精特新;AI应用;股权转让(并购重组),33,22,300588.SZ,300588
存储芯片;毫米波雷达;芯片概念;5G;卫星导航;商业航天;创投;数字经济;物业管理;京津冀一体化;沪股通;融资融券,17,12,600246.SH,600246
AI应用;飞行汽车(eVTOL);鸿蒙概念;车联网(车路协同);数字经济;股权转让(并购重组);阿里巴巴概念;融资融券;百度概念;拼多多概念;卫星导航;信创;互联网金融;抖音概念(字节概念);人工智能;DeepSeek概念;低空经济;AI智能体,151,18,920415.BJ,920415
华为汽车;汽车热管理;减速器;长安汽车概念;飞行汽车(eVTOL);机器人概念;新能源汽车;比亚迪概念;无人驾驶;低空经济;共同富裕示范区;数字经济;融资融券;沪股通,17,14,603178.SH,603178
装配式建筑;PPP概念;新型城镇化;国企改革;建筑节能;乡村振兴;固废处理;污水处理;水利;土壤修复;雅下水电概念;一带一路;共同富裕示范区;智慧城市;DeepSeek概念;深股通;融资融券,33,17,002761.SZ,002761
小金属概念;央企国企改革;一带一路;国企改革;统一大市场;乡村振兴;融资融券;股权转让(并购重组);沪股通,17,9,600058.SH,600058
商业航天;航空发动机;军民融合;军工;可控核聚变;核电;高端装备;特钢概念;京津冀一体化;芯片概念;专精特新;金属回收;深股通;融资融券,33,14,301522.SZ,301522
物业管理;养老概念;国企改革;京津冀一体化;回购增持再贷款概念;数字经济;小米概念;沪股通;融资融券,17,9,601588.SH,601588
民营医院;养老概念;京津冀一体化;粤港澳大湾区;沪股通;融资融券,17,6,600162.SH,600162
石墨电极;动力电池回收;钠离子电池;金属回收;锂电池概念;固态电池;硅能源;金属镍;宁德时代概念;小金属概念;石墨烯;金属钴;储能;高压快充;燃料电池;无线充电;黄金概念;比亚迪概念;充电桩;新能源汽车;一带一路;3D打印;液冷服务器;粤港澳大湾区;机器人概念;农机;军工;土地流转;创投;人形机器人;物业管理;减速器;深股通;融资融券,33,34,000009.SZ,000009
融资融券,151,1,920016.BJ,920016
免税店;证金持股;沪股通;融资融券,17,4,600694.SH,600694
医疗器械概念;注册制次新股;一带一路;股权转让(并购重组);新股与次新股;融资融券,17,6,603014.SH,603014
AI手机;星闪概念;AI眼镜;智能穿戴;虚拟现实;消费电子概念;中国AI 50;汽车电子;汽车芯片;元宇宙;5G;国产操作系统;6G概念;车联网(车路协同);卫星导航;东数西算(算力);百度概念;太赫兹;物联网;抖音概念(字节概念);无人机;智慧城市;网络安全;多模态AI;AI智能体;芯片概念;腾讯概念;机器人概念;ChatGPT概念;低空经济;人工智能;量子科技;区块链;人形机器人;粤港澳大湾区;数字经济;数据中心;DeepSeek概念;商业航天;液冷服务器;光纤概念;海峡两岸;比亚迪概念;新能源汽车;智能医疗;储能;锂电池概念;乡村振兴;同花顺漂亮100;深股通;融资融券;证金持股;AI应用,33,53,000063.SZ,000063
智能物流;融资融券;高端装备;机器人概念;专精特新,151,5,920810.BJ,920810
人造肉;宠物经济;共同富裕示范区;网红经济,33,4,003030.SZ,003030
钠离子电池;氟化工概念;固态电池;有机硅概念;动力电池回收;锂电池概念;宁德时代概念;2025年报预增;特斯拉概念;比亚迪概念;PEEK材料;回购增持再贷款概念;同花顺漂亮100;深股通;融资融券,33,15,002709.SZ,002709
ST板块;物业管理,33,2,000668.SZ,000668
稀土永磁;小金属概念;超导概念;苹果概念;特斯拉概念;消费电子概念;比亚迪概念;低空经济;新能源汽车;人形机器人;机器人概念;无线耳机;创投;共同富裕示范区;2025年报预增;沪股通;融资融券,17,17,600366.SH,600366
统一大市场;冷链物流;跨境电商;乡村振兴;智能物流;回购增持再贷款概念;一带一路;低空经济;无人驾驶;阿里巴巴概念;抖音概念(字节概念);深股通;融资融券,33,13,002120.SZ,002120
白酒概念;超级品牌;啤酒概念;证金持股;参股券商;同花顺漂亮100;深股通;融资融券;国企改革;西部大开发;回购增持再贷款概念,33,11,000568.SZ,000568
大豆;煤化工概念;粮食概念;煤炭概念;统一大市场;航运概念;一带一路;互联网金融;工业互联网;数据要素;沪股通;融资融券,17,12,600180.SH,600180
人形机器人;新型工业化;机器视觉;小米汽车;小米概念;工业母机;机器人概念;液冷服务器;人工智能;新能源汽车;工业互联网;一体化压铸;DeepSeek概念;农机;数字经济;储能;换电概念;同花顺漂亮100;深股通;融资融券;碳中和,33,21,300124.SZ,300124
仿制药一致性评价;创新药;辅助生殖;京津冀一体化;数字经济;沪股通,17,6,600488.SH,600488
专精特新;物联网;天然气;深股通;融资融券,33,5,301303.SZ,301303
共封装光学(CPO);第三代半导体;AI眼镜;OLED;存储芯片;汽车芯片;芯片概念;汽车电子;智能座舱;数据中心;小米概念;传感器;新能源汽车;无人驾驶;机器人概念;长安汽车概念;物联网;粤港澳大湾区;智能家居;车联网(车路协同);智慧城市;腾讯概念;阿里巴巴概念;ERP概念;深股通;融资融券,33,26,300131.SZ,300131
人民币贬值受益;专精特新;宠物经济;机器人概念;跨境电商;汽车电子;车联网(车路协同);智能家居;人脸识别;物联网;消费电子概念;人工智能;无线耳机;星闪概念;智能音箱;腾讯概念;鸿蒙概念;英伟达概念;虚拟数字人;融资融券,33,20,301189.SZ,301189
猴痘概念;流感;宠物经济;智能医疗;人民币贬值受益;沪股通;融资融券,17,7,688075.SH,688075
创新药;合成生物;重组蛋白;减肥药;回购增持再贷款概念;沪股通;融资融券,17,7,600867.SH,600867
专精特新;京津冀一体化;净水概念;DeepSeek概念;AI智能体;碳中和;污水处理;融资融券,17,8,688466.SH,688466
网络游戏;手机游戏;电子竞技;NFT概念;AIGC概念;元宇宙;腾讯概念;鸿蒙概念;IP经济(谷子经济);区块链;虚拟现实;人工智能;数字经济;华为概念;AI应用;AI眼镜;深股通;融资融券,33,18,002517.SZ,002517
光热发电;央企国企改革;商业航天;核电;高端装备;国企改革;可控核聚变;西部大开发;物联网;工业互联网;碳中和;新型工业化;沪股通;融资融券,17,14,603100.SH,603100
柔性直流输电;特高压;智能电网;虚拟电厂;换电概念;充电桩;光伏概念;高压快充;储能;中俄贸易概念;国企改革;智能物流;新能源汽车;专精特新;锂电池概念;机器人概念;新型工业化;物联网;区块链,33,19,300510.SZ,300510
旅游概念;网约车;虚拟数字人;元宇宙;AIGC概念;人工智能;虚拟现实;国企改革;央企国企改革;参股银行;西部大开发;机器人概念;人形机器人;深股通,33,14,002059.SZ,002059
房屋检测;装配式建筑;新型城镇化;地下管网;国企改革;水利;西部大开发;雅下水电概念;工业互联网;沪股通,17,10,600939.SH,600939
高铁;国企改革;央企国企改革;一带一路;高端装备;深股通;融资融券,33,7,301048.SZ,301048
人民币贬值受益;共同富裕示范区,33,2,300796.SZ,300796
光伏概念;储能;充电桩;一带一路;粤港澳大湾区;注册制次新股;人民币贬值受益;深股通;新股与次新股;融资融券,33,10,301658.SZ,301658
光热发电;光伏概念;储能;建筑节能;富士康概念;芯片概念;国企改革;医疗器械概念;天然气;沪股通;融资融券,17,11,600207.SH,600207
中俄贸易概念;雄安新区;绿色电力;一带一路;高铁;国企改革,33,6,002282.SZ,002282
医药电商;仿制药一致性评价;肝炎概念;医美概念;猴痘概念;医疗器械概念;国企改革;融资融券,33,8,300110.SZ,300110
汽车芯片;MCU芯片;芯片概念;AI眼镜;AI手机;消费电子概念;智能座舱;汽车电子;无线充电;小米概念;传感器;智能穿戴;液冷服务器;机器人概念;人民币贬值受益;储能;锂电池概念;阿里巴巴概念;沪股通;融资融券,17,20,688484.SH,688484
猴痘概念;医疗器械概念;医药电商;流感;医美概念;智能医疗;养老概念;人工智能;DeepSeek概念;沪股通;融资融券,17,11,688389.SH,688389
PPP概念;参股银行;地下管网;雄安新区;污水处理;净水概念;新型城镇化;国企改革;乡村振兴;一带一路;央企国企改革;创投;盐湖提锂;家用电器;人工智能;深股通;融资融券,33,17,300070.SZ,300070
国家大基金持股;存储芯片;先进封装;汽车芯片;第三代半导体;芯片概念;共封装光学(CPO);华为海思概念股;AI PC;消费电子概念;汽车电子;智能座舱;2025年报预增;智能穿戴;传感器;特斯拉概念;比亚迪概念;毫米波雷达;同花顺新质50;人民币贬值受益;物联网;海峡两岸;创投;深股通;融资融券,33,25,002156.SZ,002156
乳业;海峡两岸;沪股通,17,3,605339.SH,605339
乳业;网红经济;三胎概念;中韩自贸区;国企改革,33,5,001219.SZ,001219
毛发医疗;医美概念;同花顺漂亮100;重组蛋白;合成生物;减肥药;医疗器械概念;专精特新;深股通;融资融券,33,10,300896.SZ,300896
注册制次新股;科创次新股;新股与次新股;融资融券,17,4,688712.SH,688712
PCB概念;先进封装;PET铜箔;华为手机;5G;消费电子概念;稀土永磁;专精特新;小米概念;华为概念;融资融券,17,11,688020.SH,688020
华为汽车;特斯拉概念;长安汽车概念;人形机器人;比亚迪概念;无人驾驶;新能源汽车;飞行汽车(eVTOL);机器人概念;专精特新;低空经济;创投;融资融券;沪股通,17,14,603596.SH,603596
成飞概念;大飞机;军工;无人机;高端装备;低空经济;海工装备;换电概念;机器人概念;智慧城市;无人驾驶;回购增持再贷款概念;医疗器械概念;智能医疗;2025年报预增;深股通,33,16,002111.SZ,002111
人民币贬值受益;创新药,33,2,300575.SZ,300575
高股息精选;租售同权;物业管理;新型城镇化;IP经济(谷子经济);小红书概念,17,6,603682.SH,603682
国家大基金持股;存储芯片;中芯国际概念;先进封装;氟化工概念;芯片概念;沪股通;融资融券,17,8,688549.SH,688549
医药电商;三胎概念;医疗器械概念;跨境电商;消毒剂;人民币贬值受益;融资融券,17,7,603205.SH,603205
智能医疗;阿尔茨海默概念;人工智能;医疗器械概念;AI应用;高端装备;沪股通;融资融券,17,8,688271.SH,688271
专精特新;固态电池;深股通;融资融券,33,4,001279.SZ,001279
流感;禽流感;仿制药一致性评价;肝炎概念;医药电商;创新药;医疗器械概念;三胎概念;创投;深股通;融资融券,33,11,300039.SZ,300039
国家大基金持股;存储芯片;中芯国际概念;汽车电子;芯片概念;消费电子概念;中国AI 50;物联网;上海自贸区;同花顺漂亮100;融资融券;沪股通,17,12,688981.SH,688981
机器人概念;新型工业化;传感器;华为概念;人工智能;高端装备;一带一路;DeepSeek概念;鸿蒙概念;国企改革;数据中心;央企国企改革;绿色电力;煤炭概念;沪股通;融资融券,17,16,688570.SH,688570
新能源汽车;西部大开发;融资融券;专精特新;两轮车,151,5,920833.BJ,920833
智能医疗;医疗器械概念;宠物经济;核污染防治;人民币贬值受益;国企改革;专精特新;融资融券;深股通,33,9,300981.SZ,300981
同花顺出海50;人形机器人;新能源汽车;5G;宁德时代概念;机器人概念;智能物流;沪股通;融资融券,17,9,603298.SH,603298
小米汽车;专精特新;长安汽车概念;华为汽车;无人驾驶;比亚迪概念;新能源汽车;飞行汽车(eVTOL);物联网;低空经济;高端装备;无人机;工业互联网;高铁;军工;核电;海工装备;融资融券,33,18,301598.SZ,301598
机器人概念;新能源汽车;特斯拉概念;专精特新;融资融券,151,5,920378.BJ,920378
重组蛋白;眼科医疗;融资融券;创新药,151,4,920047.BJ,920047
污水处理;ST板块;西部大开发;啤酒概念;股权转让(并购重组),33,5,000929.SZ,000929
智能电网;风电;储能;绿色电力;回购增持再贷款概念;碳交易;西部大开发;沪股通;融资融券,17,9,601619.SH,601619
ST板块;职业教育;虚拟现实;人工智能,22,4,603377.SH,603377
农机;中俄贸易概念;燃料电池;氢能源;新能源汽车;减速器;工业互联网;地下管网;国企改革;乡村振兴;钒电池;融资融券,17,12,600218.SH,600218
盐湖提锂;稀土永磁;净水概念;核污染防治;污水处理;超超临界发电;核电;减肥药;专精特新;融资融券,33,10,301092.SZ,301092
金属回收;西部大开发;碳中和;回购增持再贷款概念;一体化压铸;新能源汽车;比亚迪概念;专精特新;长安汽车概念;2025年报预增;深股通,33,11,002996.SZ,002996
流感;幽门螺杆菌概念;生物疫苗;肝炎概念;猴痘概念;医药电商;NMN概念;仿制药一致性评价;创新药;辅助生殖;减肥药;基因测序;工业大麻;民营医院;医美概念;创投;京津冀一体化;深股通;融资融券,33,19,002038.SZ,002038
宠物经济;三胎概念;网红经济;合成生物;旅游概念;物业管理;医美概念;国企改革;仿制药一致性评价;流感;眼科医疗;创新药;医疗器械概念;重组蛋白;独角兽概念;虚拟数字人;DeepSeek概念;元宇宙;人工智能;腾讯概念;海峡两岸;融资融券;沪股通,17,23,600223.SH,600223
光伏概念;抖音概念(字节概念);专精特新;高铁;储能;一带一路;数据中心;融资融券;智能电网,151,9,920046.BJ,920046
海南自贸区;航空发动机;成飞概念;大飞机;上海自贸区;煤炭概念,33,6,000571.SZ,000571
C2M概念;AIGC概念;网红经济;跨境电商;粤港澳大湾区;抖音概念(字节概念);股权转让(并购重组);摘帽,17,8,603608.SH,603608
MCU芯片;存储芯片;汽车芯片;芯片概念;2025年报预增;消费电子概念;汽车电子;传感器;小米概念;专精特新;人形机器人;机器人概念;长安汽车概念;华为汽车;沪股通;融资融券,17,16,688380.SH,688380
减速器;新能源汽车;机器人概念;比亚迪概念;高端装备;智能家居;高铁;创投;绿色电力;融资融券;深股通,33,11,002472.SZ,002472
比亚迪概念;华为汽车;新能源汽车;汽车电子;一带一路;深股通;融资融券,33,7,300893.SZ,300893
汽车热管理;储能;高端装备;高铁;高压快充;低空经济;机器人概念;空气能热泵;动力电池回收;一带一路;语音技术;人工智能;国企改革,33,13,300011.SZ,300011
物业管理;乡村振兴;国企改革;融资融券,33,4,002561.SZ,002561
福建自贸区;海峡两岸;核污染防治;新型城镇化;核电;污水处理;专精特新;融资融券,33,8,301148.SZ,301148
统一大市场;航运概念;自由贸易港,17,3,603117.SH,603117
钙钛矿电池;HJT电池;TOPCON电池;云计算;福建自贸区;光伏概念;智能电网;海峡两岸;储能;钠离子电池,33,10,300051.SZ,300051
染料;专精特新;人民币贬值受益;商业航天;沪股通;融资融券,17,6,603004.SH,603004
成飞概念;航空发动机;大飞机;军民融合;军工;无人机;机器人概念;长安汽车概念;新能源汽车;比亚迪概念;小米概念;氢能源;西部大开发;2025年报预增;深股通,33,15,300733.SZ,300733
天津自贸区;雄安新区;国企改革;京津冀一体化,33,4,000897.SZ,000897
超级品牌;旅游概念;国企改革;深股通;融资融券,33,5,000869.SZ,000869
人形机器人;比亚迪概念;新能源汽车;机器人概念;汽车电子;毫米波雷达;智能座舱;无人驾驶;低空经济;储能;数据中心;光伏概念;粤港澳大湾区;铜缆高速连接;海峡两岸;深股通;融资融券,33,17,301328.SZ,301328
低空经济;碳纤维;机器人概念;新型工业化;工业互联网;比亚迪概念;沪股通;融资融券,17,8,600843.SH,600843
物业管理;水泥概念;参股银行;参股券商;医药电商;禽流感;国企改革;创新药;生物疫苗;煤炭概念;体育产业;医疗器械概念;沪股通;融资融券;股权转让(并购重组),17,15,600881.SH,600881
流感;肝炎概念;猴痘概念;基因测序;食品安全;辅助生殖;医疗器械概念;创投;智能医疗;DeepSeek概念;专精特新;股权转让(并购重组);融资融券;深股通,33,14,002932.SZ,002932
氢能源;国企改革;冷链物流;燃料电池;动力电池回收;锂电池概念;新能源汽车;华为汽车;军工;无人驾驶;固态电池;宁德时代概念;车联网(车路协同);工业互联网;智慧城市;智能座舱;华为概念;DeepSeek概念;2025年报预增;沪股通;融资融券;百度概念,17,22,600166.SH,600166
高压快充;ST板块;储能;光刻机;机器人概念;污水处理;先进封装;芯片概念;国企改革;股权转让(并购重组),33,10,002816.SZ,002816
建筑节能;有机硅概念;专精特新,17,3,603041.SH,603041
流感;医药电商;合成生物;装配式建筑;眼科医疗;创新药;医美概念;医疗器械概念;西部大开发;氟化工概念;锂电池概念;融资融券,33,12,000790.SZ,000790
硅能源;光伏概念;绿色电力;风电;第三代半导体;高端装备;专精特新;芯片概念;京津冀一体化;沪股通;融资融券,17,11,601908.SH,601908
国家大基金持股;存储芯片;芯片概念;消费电子概念;上海国企改革;国企改革;沪股通;融资融券,17,8,688347.SH,688347
华为鲲鹏;数据安全;数据要素;信创;人工智能;华为概念;横琴新区;数据中心;雄安新区;融资融券,17,10,603138.SH,603138
绿色电力;一带一路;证金持股;人民币贬值受益;创投;2025三季报预增;C2M概念;生物疫苗;职业教育;融资融券,33,10,000726.SZ,000726
锂电池概念;专精特新;融资融券;国企改革,151,4,920946.BJ,920946
股权转让(并购重组);生态农业;碳交易;固废处理;土壤修复;水利;PPP概念;污水处理;国企改革;虚拟电厂;共同富裕示范区;乡村振兴;储能;固态电池;东数西算(算力);阿里巴巴概念;融资融券,33,17,300266.SZ,300266
卫星导航;商业航天;车联网(车路协同);低空经济;无人驾驶;智能座舱;时空大数据;无人机;军工;星闪概念;芯片概念;数据安全;数据要素;华为概念;智能穿戴;人工智能;智慧城市;鸿蒙概念;国产操作系统;百度概念;DeepSeek概念;汽车电子;汽车芯片;区块链;MCU芯片;机器人概念;京津冀一体化;小米汽车;小米概念;阿里巴巴概念;比亚迪概念;华为汽车;特斯拉概念;两轮车;长安汽车概念;人形机器人;抖音概念(字节概念);共享单车;充电桩;参股保险;融资融券;深股通,33,42,002405.SZ,002405
特高压;智能电网;虚拟电厂;高压快充;充电桩;电力物联网;储能;碳交易;机器人概念;军工;无人机;低空经济;数字孪生;京津冀一体化;智慧城市;空间计算;人工智能;时空大数据;数据要素;融资融券,17,20,688597.SH,688597
华为鲲鹏;数字货币;信创;互联网金融;数据要素;百度概念;区块链;数据确权;语音技术;人工智能;华为概念;5G;跨境电商;机器人概念;粤港澳大湾区;碳中和;参股券商;深股通;AI应用;股权转让(并购重组);融资融券,33,21,300085.SZ,300085
农业种植;生态农业;乡村振兴;统一大市场;粮食概念;跨境电商,33,6,000626.SZ,000626
网红经济;IP经济(谷子经济);文化传媒概念;短剧游戏;ChatGPT概念;跨境电商;AI智能体;抖音概念(字节概念);DeepSeek概念;三胎概念;露营经济;创投;AI应用;华为概念;长三角一体化;深股通;融资融券,33,17,002127.SZ,002127
减速器;人形机器人;汽车热管理;特斯拉概念;华为汽车;新能源汽车;长安汽车概念;比亚迪概念;传感器;汽车电子;机器人概念;液冷服务器;飞行汽车(eVTOL);毫米波雷达;充电桩;无人驾驶;燃料电池;宁德时代概念;储能;无人机;低空经济;数据中心;军工;高铁;医疗器械概念;深股通;融资融券,33,27,000887.SZ,000887
新型工业化;专精特新;机器人概念;人民币贬值受益;农机;高铁;长安汽车概念;3D打印;高端装备;新能源汽车;空气能热泵;汽车热管理;一带一路;工业母机;HJT电池;大飞机;氢能源;商业航天;融资融券,17,19,688355.SH,688355
光刻胶;注册制次新股;芯片概念;专精特新;环氧丙烷;新股与次新股;融资融券,17,7,603120.SH,603120
钠离子电池;固态电池;宁德时代概念;锂电池概念;比亚迪概念;储能;2025年报预增;沪股通;融资融券,17,9,603876.SH,603876
医药电商;维生素;仿制药一致性评价;流感;医美概念;肝炎概念;眼科医疗;养老概念;创新药;医疗器械概念;禽流感;超级品牌;减肥药;西部大开发;农业种植;乡村振兴;国企改革;人工智能;土地流转;AI智能体;央企国企改革;百度概念;阿里巴巴概念;2025年报预增;股权转让(并购重组);沪股通;融资融券,17,27,600129.SH,600129
同花顺果指数;共封装光学(CPO);无线耳机;智能座舱;AI眼镜;苹果概念;汽车电子;华为手机;消费电子概念;智能音箱;液冷服务器;人形机器人;智能穿戴;芯片概念;铜缆高速连接;新能源汽车;MR(混合现实);毫米波雷达;充电桩;海峡两岸;机器视觉;5G;无人驾驶;机器人概念;人民币贬值受益;虚拟现实;粤港澳大湾区;深股通;融资融券;数据中心;华为概念;同花顺出海50;同花顺漂亮100;证金持股,33,34,002475.SZ,002475
AI手机;同花顺果指数;智能音箱;AI PC;AI眼镜;商业航天;英伟达概念;5G;无人机;无线耳机;智能穿戴;无线充电;人形机器人;富士康概念;共封装光学(CPO);小米概念;液冷服务器;虚拟现实;低空经济;消费电子概念;华为概念;柔性屏(折叠屏);3D打印;苹果概念;机器人概念;减速器;比亚迪概念;碳纤维;人工智能;新能源汽车;海峡两岸;充电桩;光伏概念;储能;人民币贬值受益;回购增持再贷款概念;稀土永磁;深股通;融资融券,33,39,002600.SZ,002600
机器人概念;高铁;融资融券;专精特新;无人驾驶;一带一路,151,6,920541.BJ,920541
人造肉;网红经济;乡村振兴;海峡两岸;一带一路;回购增持再贷款概念;深股通,33,7,003000.SZ,003000
AIGC概念;AI智能体;NFT概念;数字经济;人工智能;跨境电商;创投;共同富裕示范区;融资融券,33,9,301066.SZ,301066
消毒剂,33,1,001218.SZ,001218
生态农业;乡村振兴;新疆振兴;ST板块;农机;共同富裕示范区;数据要素;机器人概念;无人驾驶;无人机,22,10,603789.SH,603789
食品安全;西部大开发;国企改革,17,3,600793.SH,600793
华为汽车;人形机器人;汽车热管理;特斯拉概念;智能座舱;长安汽车概念;比亚迪概念;传感器;新能源汽车;汽车电子;无人驾驶;无线充电;机器人概念;小米概念;汽车芯片;芯片概念;EDR概念;储能;充电桩;高压快充;英伟达概念;人民币贬值受益;车联网(车路协同);5G;回购增持再贷款概念;华为概念;创投;数字经济;鸿蒙概念;DeepSeek概念;阿里巴巴概念;AI智能体;沪股通;融资融券;AI应用,17,35,600699.SH,600699
超级品牌;统一大市场;同花顺漂亮100;冷链物流;跨境电商;深股通;智能物流;区块链;数据要素;人工智能;低空经济;无人机;无人驾驶;机器人概念;融资融券,33,15,002352.SZ,002352
氢能源;天然气;燃料电池;成飞概念;中俄贸易概念;页岩气;一带一路;军工;西部大开发;专精特新;创投;物联网;融资融券,33,13,300471.SZ,300471
融资融券;智能家居;横琴新区;专精特新,151,4,920110.BJ,920110
一体化压铸;华为汽车;农机;新能源汽车;飞行汽车(eVTOL);特斯拉概念;横琴新区;比亚迪概念;国企改革;粤港澳大湾区;低空经济;创投;无人机;汽车电子;宁德时代概念;华为概念;5G;深股通;融资融券,33,19,002101.SZ,002101
免税店;福建自贸区;海峡两岸;物业管理;冷链物流;旅游概念;统一大市场;跨境电商;IP经济(谷子经济);数字经济;阿里巴巴概念;沪股通,17,12,600693.SH,600693
烟草;IP经济(谷子经济);区块链;蚂蚁集团概念;物联网;粤港澳大湾区;新型烟草(电子烟);PET铜箔;芯片概念;深股通;融资融券,33,11,002191.SZ,002191
创新药;沪股通;融资融券,17,3,688176.SH,688176
特斯拉概念;苹果概念;新能源汽车;人形机器人;3D打印;消费电子概念;燃料电池;柔性屏(折叠屏);小米概念;机器人概念;两轮车;数据中心;低空经济;华为概念;东数西算(算力);沪股通;智能医疗;融资融券,17,18,600114.SH,600114
光伏概念;一带一路;长三角一体化;融资融券;沪股通,17,5,601865.SH,601865
区块链;云计算;数字经济;DeepSeek概念;信创;华为鲲鹏;数据要素;鸿蒙概念;华为昇腾;财税数字化;AI智能体;ERP概念;阿里巴巴概念;百度概念;人工智能;腾讯概念;互联网金融;国资云;元宇宙;数字货币;多模态AI;AIGC概念;虚拟数字人;安防;华为概念;军工信息化;军工;军民融合;创投;横琴新区;机器人概念;粤港澳大湾区;虚拟电厂;智能电网;碳交易;碳中和;央企国企改革;充电桩;国企改革;储能;光伏概念;AI应用;深股通;融资融券;智谱AI,33,45,002063.SZ,002063
医疗器械概念;智能医疗;人工智能;DeepSeek概念;专精特新;低空经济;融资融券,17,7,688329.SH,688329
草甘膦;供销社;中俄贸易概念;乡村振兴,33,4,003042.SZ,003042
细胞免疫治疗;重组蛋白;创新药;辅助生殖;眼科医疗;深股通;融资融券,33,7,300204.SZ,300204
氟化工概念;硅能源;锂电池概念;新能源汽车;托育服务;中俄贸易概念;高铁;军工;人民币贬值受益;回购增持再贷款概念;海工装备;军民融合;一带一路;创投;三胎概念;国企改革;深股通,33,17,002083.SZ,002083
参股券商;养老概念;深股通;智能家居;虚拟现实;融资融券,33,6,002572.SZ,002572
金属钴;金属镍;小金属概念;盐湖提锂;钠离子电池;磷化工;动力电池回收;固态电池;锂电池概念;宁德时代概念;特斯拉概念;储能;回购增持再贷款概念;西部大开发;新能源汽车;低空经济;机器人概念;深股通;融资融券,33,19,300919.SZ,300919
参股银行;创新药;石墨烯;机器人概念;融资融券,17,5,600503.SH,600503
PCB概念;AI PC;MiniLED;毫米波雷达;共封装光学(CPO);5G;MicroLED概念;AI手机;柔性屏(折叠屏);6G概念;汽车电子;无人机;军工;商业航天;WiFi 6;消费电子概念;军民融合;卫星导航;AI眼镜;数据中心;芯片概念;先进封装;无人驾驶;OLED;低空经济;智能穿戴;新能源汽车;储能;新型烟草(电子烟);机器人概念;比亚迪概念;小米概念;智能音箱;粤港澳大湾区;物联网;海峡两岸;无线耳机;人形机器人;工业互联网;存储芯片;创投;数字经济;广东自贸区;医疗器械概念;养老概念;融资融券;深股通,33,47,002579.SZ,002579
ERP概念;数据要素;DeepSeek概念;数字经济;ChatGPT概念;人工智能;虚拟数字人;抖音概念(字节概念);跨境电商;算力租赁;物联网;东数西算(算力);华为概念;工业互联网;统一大市场;农村电商;新疆振兴;融资融券;沪股通,17,19,603613.SH,603613
空气能热泵;家用电器;燃料电池;光伏概念;高端装备;锂电池概念;深股通,33,7,300441.SZ,300441
AI眼镜;小米概念;液冷服务器;医疗器械概念;一带一路;华为概念;共封装光学(CPO);脑机接口;沪股通;融资融券,17,10,688371.SH,688371
小金属概念;硅能源;钠离子电池;有机硅概念;固态电池;锂电池概念;光伏概念;新能源汽车;高端装备;粤港澳大湾区;深股通,33,11,300619.SZ,300619
污水处理;专精特新;机器人概念;融资融券,17,4,688057.SH,688057
注册制次新股;三胎概念;人民币贬值受益;AI智能体;新股与次新股;融资融券,17,6,603262.SH,603262
特高压;智能电网;风电;光伏概念;核电;央企国企改革;国企改革;2025年报预增;股权转让(并购重组);沪股通;融资融券,17,11,601096.SH,601096
流感;医药电商;创新药;阿尔茨海默概念;三胎概念;西部大开发;专精特新;股权转让(并购重组);沪股通,17,9,603439.SH,603439
细胞免疫治疗;创新药;眼科医疗;沪股通;融资融券,17,5,688331.SH,688331
期货概念;互联网金融;国企改革;沪股通,17,4,600927.SH,600927
短剧游戏;文化传媒概念;NFT概念;AIGC概念;IP经济(谷子经济);抖音概念(字节概念);阿里巴巴概念;人工智能;DeepSeek概念;AI应用;国企改革,33,11,300426.SZ,300426
减肥药;创新药;2025年报预增;医疗器械概念;智能医疗;虚拟数字人;沪股通;融资融券,17,8,603087.SH,603087
煤炭概念;可降解塑料;高端装备;智能物流;机器人概念;低空经济;无人机;新型工业化;减速器;人工智能;网络游戏;手机游戏;深股通;融资融券,33,14,002526.SZ,002526
生物质能发电;医疗废物处理;PPP概念;污水处理;垃圾分类;固废处理;海峡两岸;医美概念;燃料电池;绿色电力;氢能源;DeepSeek概念;短剧游戏;AI应用;深股通;融资融券,33,16,300867.SZ,300867
智能医疗;医疗器械概念;细胞免疫治疗;基因测序;DeepSeek概念;华为概念;生物疫苗;独角兽概念;机器人概念;合成生物;融资融券;深股通,33,12,300171.SZ,300171
低空经济;核污染防治;碳纤维;飞行汽车(eVTOL);高端装备;机器人概念;新型工业化;光热发电;新能源汽车;央企国企改革;氢能源;储能;跨境电商;国企改革;人民币贬值受益;煤化工概念;化肥;中字头股票;股权转让(并购重组),17,19,600579.SH,600579
长三角一体化;养老概念,33,2,002381.SZ,002381
中俄贸易概念;充电桩;高压快充;储能;一带一路;家用电器;新能源汽车;海峡两岸;铜缆高速连接;比亚迪概念;富士康概念;智能家居;小米汽车;消费电子概念;小米概念;深股通;融资融券,33,17,301439.SZ,301439
充电桩;电力物联网;智能电网;专精特新;特高压;柔性直流输电;虚拟电厂;储能;物联网;绿色电力;工业互联网;2025年报预增;融资融券,17,13,688681.SH,688681
预制菜;跨境电商;代糖概念;创投;沪股通,17,5,605300.SH,605300
充电桩;智能电网;换电概念;柔性直流输电;特高压;储能;专精特新;机器人概念,33,8,003008.SZ,003008
国企改革;京津冀一体化,17,2,600159.SH,600159
F5G概念;共封装光学(CPO);WiFi 6;5G;数据中心;网络安全;抖音概念(字节概念);腾讯概念;阿里巴巴概念;信创;华为概念;数字货币;移动支付;在线教育;AIGC概念;物联网;车联网(车路协同);鸿蒙概念;人工智能;DeepSeek概念;福建自贸区;海峡两岸;机器人概念;互联网金融;智能家居;文化传媒概念;脑机接口;AI应用;国企改革;深股通;融资融券;证金持股,33,32,002396.SZ,002396
医疗器械概念;智能医疗;宠物经济;中俄贸易概念;融资融券;深股通,33,6,300633.SZ,300633
民营医院;仿制药一致性评价;养老概念;医美概念;国企改革;创新药;创投;医疗器械概念;高压氧舱,33,9,000919.SZ,000919
Web3.0;多模态AI;AIGC概念;军工信息化;AI智能体;华为昇腾;华为欧拉;华为鲲鹏;智慧政务;数据要素;时空大数据;信创;元宇宙;区块链;阿里巴巴概念;腾讯概念;卫星导航;鸿蒙概念;DeepSeek概念;空间计算;数字经济;商业航天;人工智能;数字孪生;智慧城市;车联网(车路协同);低空经济;军工;虚拟现实;无人机;华为概念;MR(混合现实);无人驾驶;AI应用;水利;乡村振兴;英伟达概念;土壤修复;雅下水电概念;地下管网;深股通;融资融券,33,42,300036.SZ,300036
华为汽车;小米汽车;智能座舱;传感器;机器视觉;特斯拉概念;比亚迪概念;新能源汽车;小米概念;回购增持再贷款概念;沪股通;融资融券,17,12,603035.SH,603035
稀土永磁;金属钴;小金属概念;央企国企改革;国企改革;3D打印;机器人概念,17,7,600980.SH,600980
稀土永磁;小金属概念;央企国企改革;国企改革;同花顺中特估100;深股通;中字头股票;融资融券,33,8,000831.SZ,000831
民爆概念;雅下水电概念;芯片概念;一带一路;机器人概念;军工;军民融合;深股通,33,8,003002.SZ,003002
装配式建筑;新型城镇化;水利;粤港澳大湾区;光伏建筑一体化;西部大开发,33,6,300564.SZ,300564
机器人概念;医疗器械概念;体育产业;家用电器;融资融券;人民币贬值受益;智能医疗;IP经济(谷子经济);西部大开发;脑机接口;鸿蒙概念;人工智能;高压氧舱,151,13,920199.BJ,920199
储能;氢能源;碳中和;2025年报预增;超超临界发电;融资融券,17,6,688501.SH,688501
西部大开发;仿制药一致性评价;流感;创新药;融资融券;农业种植;乡村振兴,151,7,920566.BJ,920566
一体化压铸;低空经济;飞行汽车(eVTOL);新能源汽车;人形机器人;特斯拉概念;中芯国际概念;沪股通;宁德时代概念;融资融券,17,10,603358.SH,603358
PCB概念;共封装光学(CPO);华为手机;AI PC;5G;毫米波雷达;先进封装;消费电子概念;汽车电子;6G概念;芯片概念;柔性屏(折叠屏);数据中心;无人机;比亚迪概念;东数西算(算力);人形机器人;传感器;无人驾驶;特斯拉概念;华为概念;军工;商业航天;机器人概念;粤港澳大湾区;一带一路;腾讯概念;百度概念;抖音概念(字节概念);阿里巴巴概念;深股通,33,31,002815.SZ,002815
无线耳机;富士康概念;消费电子概念;苹果概念;AI眼镜;无线充电;智能穿戴;智能音箱;小米概念;人民币贬值受益;比亚迪概念;星闪概念;虚拟现实;医疗器械概念;元宇宙;人工智能,33,16,002861.SZ,002861
养老概念;医药电商;智能医疗;医疗器械概念;AI智能体;腾讯概念;沪股通;融资融券,17,8,603883.SH,603883
粤港澳大湾区;新能源汽车;新股与次新股;融资融券,151,4,920124.BJ,920124
无人驾驶;智能物流;统一大市场;机器视觉;机器人概念;拼多多概念;专精特新;国企改革;人工智能;无人机;华为概念;阿里巴巴概念;抖音概念(字节概念);沪股通;中字头股票;融资融券,17,16,688648.SH,688648
国企改革;西部大开发;国产航母;军工;海工装备;商业航天,17,6,600992.SH,600992
短剧游戏;空气能热泵;露营经济;PPP概念;家用电器;跨境电商;新型烟草(电子烟);储能;医疗器械概念;宠物经济;军工;液冷服务器,33,12,002723.SZ,002723
西部大开发;医药电商;融资融券;农业种植,151,4,920266.BJ,920266
稀土永磁;金属钴;金属铜;金属回收;汽车拆解概念;高端装备;消费电子概念;新能源汽车;固废处理;垃圾分类;机器人概念;深股通;融资融券,33,13,002645.SZ,002645
租售同权;物业管理;芯片概念;沪股通,17,4,600605.SH,600605
乳业;三胎概念;国企改革;京津冀一体化;沪股通,17,5,600429.SH,600429
体育产业;跨境电商;智能家居;人民币贬值受益;建筑节能;中俄贸易概念,17,6,605155.SH,605155
存储芯片;汽车芯片;MCU芯片;芯片概念;无线耳机;汽车电子;传感器;小米概念;锂电池概念;人形机器人;光伏概念;人民币贬值受益;物联网;回购增持再贷款概念;融资融券;沪股通,17,16,603986.SH,603986
烟草;黑龙江自贸区;国企改革;2025年报预增,17,4,600356.SH,600356
3D打印;人民币贬值受益;参股银行;融资融券,33,4,301356.SZ,301356
幽门螺杆菌概念;智能医疗;医疗器械概念;人工智能;专精特新;深股通;融资融券,33,7,300406.SZ,300406
钠离子电池;固态电池;BC电池;锂电池概念;光伏概念;特斯拉概念;储能;新能源汽车;机器人概念;人民币贬值受益;智能电网;光伏建筑一体化;露营经济;网红经济;深股通;融资融券,33,16,301327.SZ,301327
MicroLED概念;传感器;家用电器;智能家居;消费电子概念;智能穿戴;MiniLED;小米概念;汽车电子;AI眼镜;充电桩;无人驾驶;储能;华为概念;芯片概念;人脸识别;第三代半导体;语音技术;国企改革;人工智能;先进封装;汽车芯片;血氧仪;元宇宙;深股通;融资融券,33,26,002449.SZ,002449
地下管网;装配式建筑;新型城镇化;PPP概念;水利;雄安新区;新疆振兴;污水处理;高铁;风电;国企改革;央企国企改革;西部大开发,33,13,002205.SZ,002205
超级品牌;证金持股;同花顺漂亮100;肝炎概念;创新药;国企改革;沪股通;融资融券;海峡两岸;专精特新,17,10,600436.SH,600436
柔性直流输电;特高压;智能电网;光伏概念;硅能源;一带一路;化债概念(AMC概念);回购增持再贷款概念;国企改革;沪股通;融资融券,17,11,601700.SH,601700
有机硅概念;硅能源;固态电池;锂电池概念;宁德时代概念;光伏概念;可控核聚变;核电;特高压;芯片概念;高铁;比亚迪概念;西部大开发;新能源汽车;军工;雄安新区;无人机;商业航天;5G;水利;小米概念;装配式建筑;长安汽车概念;深股通;融资融券,33,25,300019.SZ,300019
减速器;人形机器人;机器人概念;农机;工业互联网;军民融合;军工;核电;海工装备;风电;国企改革;参股银行;融资融券;沪股通,17,14,601177.SH,601177
MiniLED;AI眼镜;无人机;小米概念;智能座舱;消费电子概念;比亚迪概念;智能穿戴;PET铜箔;新能源汽车;固态电池;华为概念;虚拟现实;锂电池概念;深股通,33,15,002992.SZ,002992
光伏建筑一体化;融资融券;股权转让(并购重组);建筑节能;装配式建筑;光伏概念;新型城镇化;房屋检测,151,8,920149.BJ,920149
共同富裕示范区;沪股通;融资融券,17,3,603605.SH,603605
新能源汽车;人民币贬值受益;专精特新;比亚迪概念;跨境电商,17,5,603201.SH,603201
民营医院;医疗器械概念;冷链物流;国企改革;医药电商;央企国企改革;证金持股;股权转让(并购重组),33,8,002462.SZ,002462
上海国企改革;国企改革;大飞机;华为概念;柔性屏(折叠屏);小米概念;智能座舱;OLED;智能穿戴;沪股通;融资融券,17,11,688538.SH,688538
粮食概念;农业种植;网红经济;乡村振兴;跨境电商;养老概念;国企改革;PPP概念;西部大开发;一带一路;新能源汽车;储能;锂电池概念;股权转让(并购重组);深股通;融资融券,33,16,000716.SZ,000716
数据中心;光伏概念;第三代半导体;芯片概念;专精特新;海峡两岸;工业互联网;燃料电池;空气能热泵;氢能源;雄安新区;冷链物流;深股通;融资融券,33,14,002158.SZ,002158
专精特新;燃料电池;氢能源;融资融券,17,4,688021.SH,688021
光伏建筑一体化;雄安新区;垃圾分类;海峡两岸;粤港澳大湾区;光伏概念;智能家居;充电桩;融资融券;深股通,33,10,002791.SZ,002791
跨境电商;三胎概念;体育产业;IP经济(谷子经济);参股银行;沪股通,17,6,603511.SH,603511
专精特新;家用电器;新能源汽车;福建自贸区;冷链物流;融资融券,17,6,688398.SH,688398
光伏概念;智能电网;虚拟电厂;充电桩;电力物联网;数据中心;储能;工业互联网;融资融券,33,9,300982.SZ,300982
创新药,17,1,603351.SH,603351
ST板块;医美概念;仿制药一致性评价;创新药;医疗器械概念;幽门螺杆菌概念;横琴新区;肝炎概念;新疆振兴;东数西算(算力);股权转让(并购重组),33,11,002898.SZ,002898
小金属概念;航空发动机;军工;商业航天;核电;大飞机;高端装备;飞行汽车(eVTOL);专精特新;国企改革;沪股通;融资融券,17,12,688750.SH,688750
共同富裕示范区;光伏概念;专精特新,17,3,603578.SH,603578
旅游概念;生物质能发电;参股银行;乡村振兴;固废处理;绿色电力;注册制次新股;AIGC概念;粤港澳大湾区;人工智能;深股通;新股与次新股;融资融券,33,13,001386.SZ,001386
乳业;乡村振兴;三胎概念;统一大市场;冷链物流;玉米;国企改革;粤港澳大湾区,33,8,002732.SZ,002732
小金属概念;金属铜;金属回收;稀土永磁;动力电池回收;锂电池概念;特斯拉概念;一带一路;融资融券;深股通,33,10,002738.SZ,002738
超级品牌;同花顺漂亮100;露营经济;抖音概念(字节概念);腾讯概念;家用电器;回购增持再贷款概念;充电桩;智能家居;储能;华为概念;无线充电;沪股通;融资融券,17,14,603195.SH,603195
钠离子电池;固态电池;宁德时代概念;锂电池概念;比亚迪概念;储能;芯片概念;氢能源;回购增持再贷款概念;机器人概念;DeepSeek概念;融资融券;深股通,33,13,300568.SZ,300568
光刻机;染料;光刻胶;专精特新;深股通;融资融券,33,6,301209.SZ,301209
汽车拆解概念;军民融合;华为汽车;AI眼镜;小米概念;低空经济;军工;比亚迪概念;特斯拉概念;机器人概念;华为概念;DeepSeek概念;食品安全;深股通;融资融券,33,15,300938.SZ,300938
物业管理;化债概念(AMC概念);参股保险;证金持股;国企改革;央企国企改革;沪股通;股权转让(并购重组);融资融券,17,9,600657.SH,600657
液冷服务器;数据中心;芯片概念;低空经济;飞行汽车(eVTOL);专精特新;光伏概念;比亚迪概念;高铁;烟草;换电概念;储能;新能源汽车;充电桩;汽车热管理;空气能热泵;农机;风电;回购增持再贷款概念,33,19,300594.SZ,300594
污水处理;融资融券;沪股通,17,3,603279.SH,603279
中船系;军工;央企国企改革;国企改革;深股通;中字头股票,33,6,300847.SZ,300847
流感;肝炎概念;幽门螺杆菌概念;仿制药一致性评价;医药电商;维生素;辅助生殖;创新药;毛发医疗;阿尔茨海默概念;合成生物;医美概念;宠物经济;国企改革;阿里巴巴概念;深股通;融资融券,33,17,000756.SZ,000756
回购增持再贷款概念;储能;绿色电力;风电;物业管理;证金持股;深股通;融资融券,33,8,000631.SZ,000631
光刻胶;OLED;芯片概念;军工;专精特新;高铁;核电;光伏概念;新能源汽车;比亚迪概念;有机硅概念,33,11,300200.SZ,300200
商业航天;卫星导航;时空大数据;京津冀一体化;创投;参股券商;新型城镇化;国企改革;旅游概念;沪股通;融资融券,17,11,600266.SH,600266
星闪概念;智能座舱;安防;机器视觉;毫米波雷达;车联网(车路协同);物联网;虚拟现实;无人驾驶;汽车电子;传感器;人脸识别;智能家居;机器人概念;5G;低空经济;东数西算(算力);无人机;鸿蒙概念;智慧灯杆;新型工业化;人工智能;智慧城市;工业互联网;信创;数字孪生;网络安全;数据中心;时空大数据;DeepSeek概念;华为昇腾;MiniLED;数字经济;MicroLED概念;数据安全;数据要素;华为鲲鹏;AI智能体;人民币贬值受益;云计算;卫星导航;智能物流;多模态AI;OLED;充电桩;网约车;存储芯片;海工装备;水利;养老概念;智能电网;乡村振兴;PPP概念;证金持股;AI应用;深股通;融资融券,33,57,002236.SZ,002236
液冷服务器;有机硅概念;硅能源;染料;东数西算(算力);医美概念;深股通,33,7,300727.SZ,300727
可控核聚变;海工装备;核电;航空发动机;超超临界发电;商业航天;军工;军民融合;风电;氢能源;芯片概念;无人机;燃料电池;深股通;融资融券,33,15,002438.SZ,002438
新能源汽车;回购增持再贷款概念;比亚迪概念;机器人概念;华为汽车;长安汽车概念;人形机器人,17,7,605068.SH,605068
盐湖提锂;净水概念;代糖概念;石墨烯;污水处理;锂电池概念;核污染防治;西部大开发;海峡两岸;福建自贸区;沪股通;融资融券,17,12,688101.SH,688101
BC电池;TOPCON电池;光伏概念;光伏建筑一体化;风电;沪股通;融资融券,17,7,600732.SH,600732
智慧城市;职业教育;数字经济;京津冀一体化;低空经济;时空大数据;人工智能;水利;空间计算;换电概念;物联网;养老概念;数据要素;电力物联网;智慧政务;无人机;在线教育;DeepSeek概念;工业互联网;信创;华为概念;鸿蒙概念;机器视觉;碳交易;虚拟电厂;AI智能体;智能电网;光伏建筑一体化;碳中和;AIGC概念;华为数字能源;数据中心;一带一路;储能;燃料电池;MLOps概念;氢能源;特高压;柔性直流输电;AI应用;风电,33,41,300365.SZ,300365
雅下水电概念;海工装备;回购增持再贷款概念;国企改革;核电;一带一路;西部大开发;新疆振兴;水利;风电;中俄贸易概念;新型城镇化;高端装备;农机;无人驾驶;机器人概念;DeepSeek概念;深股通;融资融券,33,19,000528.SZ,000528
锂电池概念;专精特新;人民币贬值受益;融资融券;深股通,33,5,002810.SZ,002810
可降解塑料;融资融券,151,2,920834.BJ,920834
虚拟电厂;电力物联网;智能电网;光伏建筑一体化;碳交易;储能;充电桩;碳中和;无线充电;高铁;水利;人工智能;数字乡村;工业互联网;数据中心;阿里巴巴概念;时空大数据;物联网;数字经济;智慧城市;数据要素;军工信息化;网络安全;智慧政务;PPP概念;军工;AIGC概念;云计算;东数西算(算力);信创;华为概念;专精特新;数据安全;无人机;机器视觉;人脸识别;光纤概念;安防;新型城镇化;5G;传感器;消费电子概念;深股通;融资融券,33,44,002298.SZ,002298
硅能源;有机硅概念;燃料电池;融资融券;深股通,33,5,300821.SZ,300821
中船系;成飞概念;军工;数字孪生;央企国企改革;新型工业化;机器人概念;智能物流;人工智能;华为概念;专精特新;烟草;国企改革;西部大开发;储能;比亚迪概念;深股通;融资融券,33,18,301311.SZ,301311
新型工业化;新能源汽车;比亚迪概念;专精特新;特斯拉概念;燃料电池;小米汽车;机器人概念;长安汽车概念;华为汽车;小米概念;减速器;固态电池;2025年报预增;融资融券,17,15,688162.SH,688162
建筑节能;华为汽车;比亚迪概念;智能物流;新能源汽车;汽车热管理;光伏概念;商业航天;回购增持再贷款概念;储能;深股通,33,11,002988.SZ,002988
证金持股;沪股通;融资融券,17,3,601010.SH,601010
医疗器械概念;专精特新;2025年报预增;智能医疗;融资融券,17,5,688013.SH,688013
长安汽车概念;一体化压铸;华为汽车;减速器;机器人概念;无人驾驶;传感器;新能源汽车;汽车热管理;氢能源;比亚迪概念;智能座舱;汽车电子;EDR概念;沪股通;融资融券,17,16,600081.SH,600081
脑机接口;安防;人脸识别;智能医疗;低空经济;人工智能;智慧城市;车联网(车路协同);虚拟现实;量子科技;信创;鸿蒙概念;商业航天;网络安全;华为海思概念股;国产操作系统;华为概念;DeepSeek概念;数据要素;智慧政务;无人驾驶;数据安全;智能座舱;区块链;数字水印;5G;电子身份证;小米概念;云计算;芯片概念;汽车电子;数据中心;云办公;高端装备;比亚迪概念;小米汽车;长安汽车概念;新能源汽车;光伏概念;存储芯片;国企改革;AI应用;深股通,33,43,002819.SZ,002819
可降解塑料;农业种植;玉米;土地流转;乡村振兴;参股银行;回购增持再贷款概念;2025年报预增,33,8,300829.SZ,300829
商业航天;卫星导航;可控核聚变;军工;核电;海工装备;高端装备;特高压;高铁;人形机器人;光伏概念;风电;机器人概念;专精特新;充电桩;水利;工业互联网;新能源汽车;比亚迪概念;新疆振兴;国企改革;深股通,33,22,001208.SZ,001208
军工;海工装备;核电;水利;风电;雅下水电概念;一带一路;机器人概念;华为概念;回购增持再贷款概念;国企改革;固废处理;体育产业;冰雪产业;2025年报预增;人工智能;工业互联网;深股通;融资融券,33,19,002523.SZ,002523
养鸡;预制菜;福建自贸区;海峡两岸;C2M概念;乡村振兴;回购增持再贷款概念;沪股通;融资融券,17,9,603668.SH,603668
新能源汽车;汽车热管理;比亚迪概念;特斯拉概念;燃料电池;机器人概念;风电;人民币贬值受益;锂电池概念;无人驾驶;深股通,33,11,002823.SZ,002823
AI应用;免税店;预制菜;AIGC概念;AI语料;数据要素;空间计算;跨境电商;AI智能体;Sora概念(文生视频);DeepSeek概念;鸿蒙概念;阿里巴巴概念;人工智能;抖音概念(字节概念);京津冀一体化;乡村振兴;智能物流;回购增持再贷款概念;华为概念;智能家居;苹果概念;融资融券;深股通,33,24,000785.SZ,000785
特高压;智能电网;虚拟电厂;光伏概念;电力物联网;氟化工概念;风电;核电;储能;宁德时代概念;充电桩;数据中心;专精特新;腾讯概念;深股通,33,15,300617.SZ,300617
体育产业;露营经济;共同富裕示范区;人工智能;一带一路;人民币贬值受益,17,6,605080.SH,605080
AI智能体;智能医疗;脑机接口;基因测序;医疗器械概念;机器人概念;合成生物;沪股通;融资融券,17,9,688114.SH,688114
国企改革;一带一路;人民币贬值受益;新能源汽车;工业互联网;股权转让(并购重组);融资融券;沪股通,17,8,601500.SH,601500
光刻胶;中芯国际概念;国家大基金持股;存储芯片;OLED;芯片概念;宁德时代概念;比亚迪概念;锂电池概念;无人驾驶;融资融券;深股通,33,12,300655.SZ,300655
虚拟现实;物联网;东数西算(算力);人工智能;创投;区块链;粤港澳大湾区;AI智能体;互联网金融;阿里巴巴概念;算力租赁;消费电子概念;苹果概念;新能源汽车;参股保险;储能;锂电池概念;深股通;融资融券,33,19,002416.SZ,002416
成飞概念;军工;工业母机;汽车热管理;专精特新;新能源汽车;融资融券,17,7,688237.SH,688237
6G概念;5G;卫星导航;商业航天;毫米波雷达;共封装光学(CPO);华为概念;PCB概念;虚拟现实;军工;无人机;低空经济;专精特新;工业互联网;汽车电子;机器人概念;创投;充电桩;特斯拉概念;医疗器械概念;新能源汽车;融资融券,33,22,300964.SZ,300964
存储芯片;富士康概念;液冷服务器;PCB概念;英伟达概念;苹果概念;AI眼镜;芯片概念;消费电子概念;无线耳机;汽车电子;新型烟草(电子烟);小米概念;2025年报预增;5G;比亚迪概念;智能座舱;MR(混合现实);工业母机;特斯拉概念;人形机器人;毫米波雷达;新能源汽车;新型工业化;机器视觉;华为概念;机器人概念;无人驾驶;高端装备;减速器;粤港澳大湾区;虚拟现实;阿里巴巴概念;人工智能;腾讯概念;一带一路;横琴新区;深股通,33,38,002975.SZ,002975
军工;核污染防治;核电;新能源汽车;第三代半导体;低空经济;无人机;氢能源;无人驾驶;黑龙江自贸区;先进封装;中俄贸易概念;深股通,33,13,300489.SZ,300489
共封装光学(CPO);PCB概念;2025年报预增;5G;东数西算(算力);华为概念;融资融券;智慧城市;国企改革;网络游戏;沪股通,17,11,600601.SH,600601
PCB概念;固态电池;宁德时代概念;储能;高铁;新能源汽车;特斯拉概念;汽车热管理;深股通;融资融券,33,10,001359.SZ,001359
白酒概念;沪股通;融资融券,17,3,603589.SH,603589
白酒概念;旅游概念;文化传媒概念;新疆振兴;国企改革;西部大开发;沪股通;融资融券,17,8,600197.SH,600197
医疗废物处理;固废处理;碳中和;超超临界发电;氢能源;钠离子电池;充电桩;燃料电池;一带一路,17,9,603177.SH,603177
中俄贸易概念;黑龙江自贸区;国企改革;一带一路;高铁;专精特新;机器人概念;传感器;人工智能;华为概念;芯片概念;卫星导航;MCU芯片;融资融券,17,14,688459.SH,688459
福建自贸区;海峡两岸;国企改革;沪股通;融资融券,17,5,600897.SH,600897
碳纤维;家用电器;3D打印;融资融券;小米概念;比亚迪概念;小米汽车,151,7,920089.BJ,920089
英伟达概念;东数西算(算力);算力租赁;高端装备;DeepSeek概念;核电;海工装备;风电;国企改革;融资融券;沪股通,17,11,603985.SH,603985
白酒概念;国企改革;沪股通;融资融券;京津冀一体化,17,5,600559.SH,600559
AI智能体;虚拟数字人;数据要素;区块链;DeepSeek概念;互联网金融;人工智能;跨境电商;AI应用;统一大市场;深股通;融资融券,33,12,002095.SZ,002095
NMN概念;装配式建筑;新型城镇化;雄安新区;一带一路;回购增持再贷款概念;光伏建筑一体化;工业互联网;DeepSeek概念;沪股通;融资融券,17,11,600496.SH,600496
BC电池;钙钛矿电池;TOPCON电池;光伏概念;储能;同花顺漂亮100;DeepSeek概念;人民币贬值受益;沪股通;融资融券,17,10,688223.SH,688223
动物疫苗;禽流感;宠物经济;医药电商;中俄贸易概念;2025年报预增;创投;沪股通;融资融券,17,9,603566.SH,603566
参股银行;一带一路;注册制次新股;新股与次新股;融资融券,17,5,603406.SH,603406
粤港澳大湾区;统一大市场;一带一路;航运概念;新疆振兴,33,5,001202.SZ,001202
碳纤维;专精特新;新能源汽车;燃料电池;储能;固态电池;长安汽车概念;氢能源;钠离子电池;西部大开发;融资融券,17,11,688737.SH,688737
脑机接口;军工信息化;商业航天;军工;无人机;核污染防治;低空经济;PM2.5;房屋检测;海工装备;5G;机器人概念;人形机器人;京津冀一体化;食品安全;特斯拉概念;医疗器械概念;新能源汽车;储能;碳中和;土壤修复;碳交易;辅助生殖;三胎概念;基因测序;幽门螺杆菌概念;猴痘概念;CRO概念;肝炎概念;深股通;融资融券,33,31,300887.SZ,300887
小米概念;融资融券;家用电器;华为概念;粤港澳大湾区,151,5,920768.BJ,920768
人形机器人;汽车电子;汽车热管理;新能源汽车;机器人概念;专精特新;数据中心;空气能热泵;冷链物流;深股通;融资融券,33,11,301525.SZ,301525
华为昇腾;阿里巴巴概念;信创;数据安全;云办公;AI智能体;鸿蒙概念;云计算;数据要素;智慧政务;腾讯概念;AIGC概念;时空大数据;财税数字化;人工智能;华为概念;元宇宙;蚂蚁集团概念;数字孪生;DeepSeek概念;数字乡村;智慧城市;数字经济;数据确权;互联网金融;跨境支付(CIPS);苹果概念;烟草;跨境电商;一带一路;融资融券,33,31,301169.SZ,301169
生态农业;农业种植;土地流转;新疆振兴;粮食概念;地下管网;PPP概念;新型城镇化;乡村振兴;土壤修复;光伏建筑一体化;污水处理;水利;西部大开发;一带一路;京津冀一体化;雅下水电概念;数字孪生;智慧城市;机器人概念;数字经济;数字乡村;物联网;DeepSeek概念;人工智能;华为概念;鸿蒙概念;数据安全;云计算;AI应用,33,30,300021.SZ,300021
6G概念;卫星导航;商业航天;WiFi 6;数据要素;无人机;毫米波雷达;无线充电;MCU芯片;5G;汽车芯片;芯片概念;星闪概念;传感器;消费电子概念;光伏概念;汽车电子;长安汽车概念;储能;西部大开发;央企国企改革;回购增持再贷款概念;国企改革;沪股通;融资融券,17,25,600877.SH,600877
共享单车;两轮车;职业教育;DeepSeek概念;比亚迪概念;华为概念;2025年报预增,17,7,603787.SH,603787
参股银行;回购增持再贷款概念;粤港澳大湾区;融资融券,33,4,001378.SZ,001378
冰雪产业;旅游概念;网约车;体育产业;特色小镇;国企改革;融资融券;沪股通,17,8,603099.SH,603099
黑龙江自贸区;工业互联网,17,2,600182.SH,600182
禽流感;流感;幽门螺杆菌概念;仿制药一致性评价;医药电商;创新药;阿尔茨海默概念;养老概念;京津冀一体化;深股通;融资融券,33,11,002603.SZ,002603
消费电子概念;新能源汽车;专精特新;传感器;虚拟现实;共封装光学(CPO);汽车电子;融资融券;人民币贬值受益;AI眼镜;PCB概念,151,11,920821.BJ,920821
ST板块;污水处理;国企改革;细胞免疫治疗;CRO概念;动力电池回收;锂电池概念;股权转让(并购重组);智慧灯杆,33,9,000504.SZ,000504
股权转让(并购重组);ST板块;风电;传感器;智慧城市;数据要素,22,6,600421.SH,600421
物业管理;乡村振兴;国企改革,33,3,000548.SZ,000548
石墨烯;氢能源;储能;军工;西部大开发;国企改革;数字经济;融资融券,33,8,000565.SZ,000565
风电;高端装备;机器人概念;海工装备;股权转让(并购重组);融资融券,33,6,001239.SZ,001239
智慧政务;机器视觉;DeepSeek概念;机器人概念;ST板块;云计算;信创;新型工业化;独角兽概念;数据要素;华为概念;智慧城市;数据中心;人工智能;专精特新;数字经济;智能医疗;东数西算(算力);AIGC概念;ChatGPT概念,151,20,920305.BJ,920305
有机硅概念;硅能源;专精特新;融资融券,17,4,605399.SH,605399
跨境电商;一带一路;智能家居;人民币贬值受益;培育钻石;芯片概念;沪股通,17,7,603661.SH,603661
预制菜;农业种植;猪肉;粮食概念;三胎概念;新疆振兴;食品安全;回购增持再贷款概念,33,8,002661.SZ,002661
玉米;农业种植;乡村振兴;融资融券;数字经济;粮食概念,151,6,920866.BJ,920866
医疗器械概念;专精特新;高端装备;融资融券,17,4,688310.SH,688310
同花顺出海50;沪股通;回购增持再贷款概念;人民币贬值受益;小米汽车;长安汽车概念;比亚迪概念;小米概念;DeepSeek概念;融资融券,17,10,601058.SH,601058
股权转让(并购重组);ST板块;安防;智能物流;军工;氢能源;横琴新区;数据中心;华为概念;智慧城市;东数西算(算力);算力租赁;在线教育;信创;智慧政务;虚拟数字人;AI智能体,33,17,300167.SZ,300167
物业管理;土地流转;上海国企改革;预制菜;国企改革;乡村振兴;沪股通;融资融券,17,8,600675.SH,600675
流感;创新药;医药电商;减肥药;禽流感;毛发医疗;智能医疗;养老概念;证金持股;沪股通;融资融券,17,11,600557.SH,600557
白酒概念;超级品牌;参股券商;证金持股;国企改革;深股通;融资融券,33,7,002304.SZ,002304
存储芯片;小金属概念;汽车芯片;硅能源;WiFi 6;芯片概念;锂电池概念;PCB概念;消费电子概念;比亚迪概念;信创;新能源汽车;粤港澳大湾区;无人驾驶;创投,33,15,002213.SZ,002213
预制菜;人工智能;央企国企改革;参股保险;国企改革;中字头股票,33,6,000798.SZ,000798
物业管理;沪股通;融资融券,17,3,600383.SH,600383
参股银行;露营经济;共同富裕示范区;跨境电商;长三角一体化;体育产业;C2M概念;旅游概念;一带一路;创投;人民币贬值受益;机器人概念;独角兽概念;深股通;融资融券,33,15,002489.SZ,002489
EDR概念;存储芯片;英伟达概念;共封装光学(CPO);智能音箱;AI眼镜;芯片概念;智能穿戴;消费电子概念;云游戏;小米概念;汽车电子;东数西算(算力);数据中心;算力租赁;云计算;车联网(车路协同);AI智能体;腾讯概念;安防;人脸识别;人形机器人;物联网;2025年报预增;人工智能;短剧游戏;机器人概念;DeepSeek概念;智能家居;网络游戏;粤港澳大湾区;人民币贬值受益;家用电器;净水概念;跨境电商;AI应用;融资融券;深股通,33,38,300857.SZ,300857
汽车芯片;MCU芯片;国家大基金持股;中国AI 50;智能音箱;AI眼镜;智能穿戴;芯片概念;智能座舱;小米概念;消费电子概念;虚拟现实;机器视觉;人形机器人;2025年报预增;华为概念;物联网;百度概念;腾讯概念;机器人概念;比亚迪概念;智能家居;人工智能;2025三季报预增;电力物联网;海峡两岸;福建自贸区;融资融券;沪股通,17,29,603893.SH,603893
PPP概念;污水处理;新型城镇化;固废处理;净水概念;国企改革;土壤修复;西部大开发;央企国企改革;高端装备;专精特新;智慧城市;中字头股票,33,13,300425.SZ,300425
文化传媒概念;托育服务;在线教育;数字经济;人工智能;创投;参股券商;国企改革;AI应用;沪股通;融资融券,17,11,600551.SH,600551
统一大市场;参股银行;水泥概念;国企改革;智能物流;西部大开发;国资云;央企国企改革;人工智能;算力租赁;东数西算(算力);数据中心;融资融券;沪股通,17,14,600449.SH,600449
天津自贸区;物业管理;参股券商;国企改革;养老概念;京津冀一体化;大飞机;融资融券,33,8,000965.SZ,000965
房屋检测;京津冀一体化;商业航天;水泥概念;雄安新区;创投;装配式建筑;一带一路;可控核聚变;物业管理;国企改革;固废处理;储能;沪股通;融资融券,17,15,601992.SH,601992
流感;仿制药一致性评价;创新药;医疗器械概念;养老概念;血氧仪;国企改革;京津冀一体化;深股通;融资融券,33,10,300026.SZ,300026
海工装备;核电;冰雪产业;军工;无人零售;中俄贸易概念;空气能热泵;氢能源;汽车热管理;碳中和;储能;比亚迪概念;体育产业;数据中心;独角兽概念;冷链物流;数字经济;统一大市场;液冷服务器;融资融券,33,20,000530.SZ,000530
金属回收;小金属概念;数字孪生;工业互联网;京津冀一体化;天然气;农业种植;稀土永磁;机器人概念;水泥概念;专精特新;碳交易;碳中和;人工智能;AIGC概念;人形机器人;页岩气;新疆振兴;融资融券;土壤修复;污水处理,151,21,920263.BJ,920263
医药电商;医美概念;医疗器械概念;三胎概念;回购增持再贷款概念;人民币贬值受益;深股通,33,7,002950.SZ,002950
重组蛋白;创新药;阿尔茨海默概念;2025年报预增;沪股通;融资融券,17,6,688336.SH,688336
OLED;先进封装;光伏概念;柔性屏(折叠屏);合成生物;新能源汽车;消费电子概念;基因测序;乡村振兴;AI眼镜;智能穿戴;京津冀一体化;融资融券;深股通,33,14,300596.SZ,300596
商业航天;大飞机;核污染防治;核电;PM2.5;西部大开发;建筑节能;芯片概念;特斯拉概念;宁德时代概念;新能源汽车;中芯国际概念;家用电器;融资融券,17,14,603601.SH,603601
动物疫苗;禽流感;维生素;流感;宠物经济;央企国企改革;国企改革;参股保险;乡村振兴;2025年报预增;赛马概念;沪股通;中字头股票;融资融券,17,14,600195.SH,600195
中俄贸易概念;空气能热泵;水利;人民币贬值受益;液冷服务器;融资融券,33,6,300992.SZ,300992
卫星导航;商业航天;军工信息化;军民融合;军工;5G;车联网(车路协同);专精特新;西部大开发;融资融券,17,10,688283.SH,688283
稀土永磁;锂电池概念;芯片概念;消费电子概念;核污染防治;俄乌冲突概念;专精特新;新能源汽车;传感器;机器人概念;一带一路;建筑节能;人民币贬值受益;华为概念;中俄贸易概念;粤港澳大湾区;医疗器械概念;安防;智能家居;食品安全;三胎概念;深股通;股权转让(并购重组);融资融券,33,24,301323.SZ,301323
肝炎概念;重组蛋白;创新药;动物疫苗;减肥药;合成生物;智能医疗;2025年报预增;回购增持再贷款概念;沪股通;融资融券,17,11,688136.SH,688136
PPP概念;污水处理;雄安新区;固废处理;国企改革;养老概念;京津冀一体化;创投,33,8,000605.SZ,000605
共同富裕示范区;烟草;长三角一体化;国企改革;回购增持再贷款概念;创投,17,6,600235.SH,600235
锂电池概念;宁德时代概念;光伏概念;储能;风电;新能源汽车;特斯拉概念;高铁;比亚迪概念;沪股通;融资融券,17,11,603312.SH,603312
PCB概念;风电;国企改革,17,3,605006.SH,605006
2025年报预增;建筑节能;液冷服务器;京津冀一体化;数据中心;工业互联网;储能;新疆振兴,33,8,001210.SZ,001210
MicroLED概念;智慧灯杆;商业航天;海工装备;MiniLED;柔性屏(折叠屏);AI眼镜;智能穿戴;OLED;消费电子概念;京津冀一体化;无人驾驶;机器视觉;第三代半导体;华为概念;智慧城市;芯片概念;空间计算;一带一路;小米概念;雄安新区;虚拟现实;人工智能;人形机器人;元宇宙;DeepSeek概念;数据要素;乡村振兴;体育产业;腾讯概念;抖音概念(字节概念);AIGC概念;虚拟数字人;旅游概念;文化传媒概念;IP经济(谷子经济);深股通;AI应用;无人机;融资融券,33,40,300296.SZ,300296
工业母机;风电;海工装备;融资融券,33,4,301456.SZ,301456
光伏建筑一体化;房屋检测;光伏概念;智慧城市;工业互联网,33,5,002333.SZ,002333
医药电商;流感;肝炎概念;创新药;细胞免疫治疗;西部大开发,33,6,002873.SZ,002873
商业航天;航空发动机;大飞机;国产航母;军工;3D打印;核污染防治;海工装备;华为手机;华为概念;富士康概念;高铁;专精特新;消费电子概念;比亚迪概念;特斯拉概念;小米概念;宁德时代概念;牙科医疗;汽车热管理;新能源汽车;医疗器械概念;深股通;融资融券,33,24,300337.SZ,300337
旅游概念;参股券商;区块链;DeepSeek概念;国企改革;沪股通,17,6,600054.SH,600054
芬太尼;猴痘概念;流感;肝炎概念;幽门螺杆菌概念;基因测序;辅助生殖;医药电商;宠物经济;工业大麻;医疗器械概念;三胎概念;智能医疗;食品安全;粤港澳大湾区;腾讯概念;DeepSeek概念;人工智能;AI应用;深股通;融资融券,33,21,300482.SZ,300482
新疆振兴;西部大开发;核电,33,3,000633.SZ,000633
特高压;光热发电;光伏概念;核电;海工装备;工业互联网,17,6,603577.SH,603577
风电;海工装备;氢能源;绿色电力;深股通;融资融券,33,6,002531.SZ,002531
国企改革;海工装备;新能源汽车;深股通,33,4,002427.SZ,002427
军工信息化;网络安全;信创;DeepSeek概念;军工;军民融合;云计算;AI智能体;虚拟数字人;专精特新;数据中心;AI应用;融资融券,17,13,688132.SH,688132
特高压;智能电网;虚拟电厂;光热发电;氢能源;储能;高铁;燃料电池;央企国企改革;国企改革;西部大开发;军工;芯片概念;融资融券,17,14,600379.SH,600379
无人驾驶;专精特新;工业互联网;华为概念;DeepSeek概念;融资融券,17,6,688367.SH,688367
人造肉;预制菜;共同富裕示范区;网红经济;共封装光学(CPO);芯片概念;深股通,33,7,002515.SZ,002515
可控核聚变;第三代半导体;核电;芯片概念;充电桩;光伏概念;专精特新;储能;新能源汽车;TOPCON电池;氢能源;西部大开发;深股通;融资融券,33,14,300820.SZ,300820
碳纤维;风电;海工装备;注册制次新股;军工;专精特新;无人机;新股与次新股;融资融券,33,9,301557.SZ,301557
超级品牌;长三角一体化;深股通;融资融券,33,4,002568.SZ,002568
融资融券;安防;消费电子概念;华为手机;华为概念;小米概念,151,6,920395.BJ,920395
石墨烯;光伏概念;PET铜箔;特高压;国企改革;比亚迪概念;新能源汽车;柔性直流输电;军工;共同富裕示范区;深股通;融资融券,33,12,002263.SZ,002263
抽水蓄能;智能电网;超超临界发电;可控核聚变;核电;风电;光伏概念;海工装备;充电桩;储能;数据中心;水利;比亚迪概念;粤港澳大湾区;东数西算(算力);数字经济;中芯国际概念;阿里巴巴概念;百度概念;深股通;融资融券,33,21,000533.SZ,000533
卫星导航;商业航天;军民融合;航空发动机;军工;低空经济;无人机;高铁;3D打印;高端装备;国企改革;污水处理;石墨烯;深股通;股权转让(并购重组);融资融券,33,16,002361.SZ,002361
中俄贸易概念;黑龙江自贸区;一带一路;国企改革;创投;回购增持再贷款概念;超超临界发电;核电,17,8,600202.SH,600202
钙钛矿电池;HJT电池;TOPCON电池;光伏概念;高端装备;氢能源;专精特新;新型工业化;一带一路;融资融券,17,10,603396.SH,603396
铜缆高速连接;超导概念;高压快充;消费电子概念;华为海思概念股;充电桩;新能源汽车;比亚迪概念;智能电网;3D打印;核电;锂电池概念;数据中心;人形机器人;粤港澳大湾区;机器人概念;风电;医疗器械概念;海峡两岸;工业互联网;华为概念;军工;绿色电力;大飞机;同花顺新质50;深股通;融资融券;互联网金融,33,28,002130.SZ,002130
数据中心;储能;光伏概念;专精特新;股权转让(并购重组);融资融券,33,6,301012.SZ,301012
跨境电商;西部大开发,33,2,002956.SZ,002956
智能电网;虚拟电厂;储能;海工装备;专精特新;传感器;锂电池概念;数据中心;融资融券,33,9,301361.SZ,301361
光伏建筑一体化;国企改革;家用电器;充电桩;物联网;特斯拉概念,33,6,300160.SZ,300160
特高压;核电;风电;超导概念;海工装备;储能;成飞概念;光纤概念;军民融合;国企改革;钒电池;6G概念;上海国企改革;职业教育;融资融券,33,15,301289.SZ,301289
金属铅;金属锌;金属铜;小金属概念;盐湖提锂;净水概念;污水处理;PPP概念;专精特新;水利;京津冀一体化;DeepSeek概念;融资融券,33,13,300774.SZ,300774
ST板块;白酒概念,22,2,600365.SH,600365
存储芯片;芯片概念;专精特新;股权转让(并购重组);沪股通;融资融券,17,6,688206.SH,688206
新能源汽车;数据中心;农机;机器人概念;专精特新;中俄贸易概念;无人机;储能;人民币贬值受益;一带一路;水利;西部大开发;乡村振兴;沪股通,17,14,603109.SH,603109
医药电商;智能医疗;黑龙江自贸区;创新药;仿制药一致性评价;流感;沪股通;融资融券,17,8,603567.SH,603567
柔性屏(折叠屏);MiniLED;MicroLED概念;消费电子概念;汽车电子;新能源汽车;粤港澳大湾区;比亚迪概念;长安汽车概念;华为汽车;小米概念;MR(混合现实);无人机;小米汽车;芯片概念;华为概念;回购增持再贷款概念;虚拟现实;车联网(车路协同);国企改革;光刻机;互联网金融;文化传媒概念;深股通;融资融券,33,25,300219.SZ,300219
毫米波雷达;智能穿戴;智能座舱;小米概念;消费电子概念;汽车电子;传感器;无人驾驶;5G;机器人概念;低空经济;华为手机;安防;小米汽车;物联网;人形机器人;车联网(车路协同);华为概念;华为汽车;新能源汽车;MCU芯片;卫星导航;工业互联网;粤港澳大湾区;智能家居;东数西算(算力);EDR概念;商业航天;储能;充电桩;光伏概念;移动支付;一带一路;宠物经济;深股通;股权转让(并购重组);融资融券,33,37,300735.SZ,300735
光伏概念;POE胶膜;专精特新;比亚迪概念;消费电子概念;华为概念;股权转让(并购重组);融资融券,17,8,603330.SH,603330
专精特新;新能源汽车;污水处理;新型城镇化;垃圾分类;固废处理;机器人概念;PPP概念;数据中心;物联网;无人驾驶;车联网(车路协同);智慧城市;人工智能;数字经济;DeepSeek概念,33,16,001230.SZ,001230
锂电池概念;西部大开发;动力电池回收;金属镍;金属铜;金属回收;小金属概念;融资融券,151,8,920033.BJ,920033
网红经济;福建自贸区;IP经济(谷子经济);海峡两岸;融资融券;2025年报预增;沪股通,17,7,601566.SH,601566
新型城镇化;地下管网;雄安新区;水利;污水处理;碳中和;一带一路;专精特新;乡村振兴;核电;海峡两岸;抽水蓄能;超超临界发电;液冷服务器;融资融券,33,15,301151.SZ,301151
跨境电商;家用电器;智能家居;一带一路;人民币贬值受益;深股通;人工智能;融资融券,33,8,002668.SZ,002668
智能座舱;小米汽车;比亚迪概念;小米概念;专精特新;车联网(车路协同);长安汽车概念;宁德时代概念;物联网;福建自贸区;深股通;融资融券,33,12,301600.SZ,301600
专精特新;机器人概念;融资融券;中俄贸易概念,151,4,920454.BJ,920454
草甘膦;生态农业;农村电商;数字乡村;乡村振兴;土壤修复;互联网金融;数字经济;粤港澳大湾区;农业种植;深股通;融资融券,33,12,002215.SZ,002215
重组蛋白;创新药;细胞免疫治疗;沪股通;融资融券,17,5,688266.SH,688266
盐湖提锂;动力电池回收;固态电池;锂电池概念;化肥;特斯拉概念;同花顺漂亮100;新能源汽车;西部大开发;深股通;融资融券;证金持股,33,12,002466.SZ,002466
商业航天;高端装备;芯片概念;传感器;物联网;特斯拉概念,33,6,300445.SZ,300445
乳业;新疆振兴;国企改革;西部大开发,17,4,600419.SH,600419
金属钴;金属铜;小金属概念;金属镍;动力电池回收;锂电池概念;人民币贬值受益;深股通;融资融券,33,9,300618.SZ,300618
猴痘概念;生物疫苗;流感;幽门螺杆菌概念;创新药;智能医疗;DeepSeek概念;同花顺漂亮100;融资融券;沪股通,17,10,603392.SH,603392
财税数字化;AI智能体;数据要素;DeepSeek概念;职业教育;人工智能;华为概念;京津冀一体化;AI应用;雄安新区;深股通,33,11,300662.SZ,300662
存储芯片;中芯国际概念;2025年报预增;芯片概念;消费电子概念;数据中心;人民币贬值受益;人工智能;数据安全;沪股通;融资融券,17,11,688008.SH,688008
MCU芯片;无线耳机;汽车芯片;AI眼镜;智能座舱;智能穿戴;小米概念;AI手机;汽车电子;传感器;星闪概念;消费电子概念;芯片概念;OLED;中芯国际概念;电子纸;新能源汽车;长安汽车概念;智能家居;物联网;华为概念;粤港澳大湾区;虚拟现实;人脸识别;人工智能;鸿蒙概念;智能医疗;沪股通;AI应用;融资融券,17,30,603160.SH,603160
专精特新;中俄贸易概念;股权转让(并购重组);一带一路;融资融券;雅下水电概念;水利,151,7,920174.BJ,920174
NFT概念;跨境电商;牙科医疗;参股银行;柔性直流输电;华为概念;人民币贬值受益;特高压;智能穿戴;消费电子概念;股权转让(并购重组),33,11,001216.SZ,001216
肝炎概念;医药电商;医疗器械概念;横琴新区;深股通;融资融券,33,6,300529.SZ,300529
工业母机;PCB概念;人形机器人;新能源汽车;新型工业化;柔性屏(折叠屏);专精特新;机器人概念;粤港澳大湾区;2025年报预增;军工;深股通;融资融券,33,13,301603.SZ,301603
旅游概念;国企改革;京津冀一体化;人工智能;阿里巴巴概念;沪股通;融资融券,17,7,600258.SH,600258
芯片概念;核污染防治;食品安全;光刻胶;融资融券,17,5,688056.SH,688056
福建自贸区;海峡两岸;物业管理;土地流转;装配式建筑;跨境电商;国企改革;一带一路;京津冀一体化;深股通,33,10,000797.SZ,000797
AI应用;预制菜;职业教育;体育产业;京津冀一体化;网红经济;数字经济;融资融券;DeepSeek概念,151,9,920429.BJ,920429
AI语料;知识产权保护;AI应用;智谱AI;AIGC概念;数据确权;文化传媒概念;云办公;AI智能体;数据安全;百度概念;国资云;数据要素;鸿蒙概念;区块链;蚂蚁集团概念;网络安全;算力租赁;DeepSeek概念;人工智能;东数西算(算力);独角兽概念;华为概念;体育产业;数据中心;京津冀一体化;创投;国企改革;沪股通;融资融券;证金持股,17,31,603000.SH,603000
仿制药一致性评价;眼科医疗;医药电商;国企改革;创新药;水泥概念;猴痘概念;核电;2025年报预增;融资融券,17,10,600668.SH,600668
ST板块;冷链物流;统一大市场;数字经济;智能物流;粤港澳大湾区;燃料电池;氢能源,22,8,603813.SH,603813
MCU芯片;汽车芯片;英伟达概念;芯片概念;无线充电;小米概念;专精特新;沪股通;融资融券,17,9,688368.SH,688368
互联网保险;期货概念;互联网金融;区块链;数据要素;AIGC概念;DeepSeek概念;人工智能;同花顺漂亮100;证金持股;AI应用;深股通;融资融券,33,13,300059.SZ,300059
融资融券;宠物经济;IP经济(谷子经济);人民币贬值受益,151,4,920419.BJ,920419
2025年报预增;医疗器械概念;智能医疗;专精特新;西部大开发;融资融券,17,6,688410.SH,688410
物业管理;国企改革;证金持股;京津冀一体化;智能家居;沪股通;融资融券;股权转让(并购重组),17,8,600743.SH,600743
碳中和;氢能源;冷链物流;深股通;融资融券,33,5,300257.SZ,300257
金属铅;金属锌;金属铜;黄金概念;金属钴;小金属概念;金属回收;稀土永磁;回购增持再贷款概念;央企国企改革;国企改革;一带一路;人民币贬值受益;深股通;融资融券;中字头股票,33,16,000758.SZ,000758
多模态AI;AI语料;AIGC概念;ChatGPT概念;AI智能体;鸿蒙概念;数据要素;互联网金融;人工智能;智能医疗;AI应用;证金持股;融资融券;深股通;2025年报预增,33,15,300033.SZ,300033
无人机;网络安全;机器人概念;换电概念;工业互联网;智能物流;数据中心;华为概念;新型工业化;人工智能;机器视觉;一带一路;新能源汽车;数据安全;C2M概念;鸿蒙概念;光伏概念;比亚迪概念;燃料电池;云计算;国企改革;AI应用;深股通,33,23,300466.SZ,300466
商业航天;京津冀一体化;军工;海工装备;雄安新区;水利;一带一路;核电;光伏概念;高端装备;风电;抽水蓄能;白酒概念;深股通;融资融券,33,15,002342.SZ,002342
富士康概念;宁德时代概念;液冷服务器;苹果概念;锂电池概念;BC电池;消费电子概念;光伏概念;储能;汽车电子;新能源汽车;石墨烯;英伟达概念;MR(混合现实);小米概念;小米汽车;汽车热管理;人形机器人;新型工业化;海峡两岸;华为概念;机器人概念;长三角一体化;虚拟现实;人工智能;国企改革;深股通;融资融券,33,28,300128.SZ,300128
存储芯片;光刻机;芯片概念;人民币贬值受益;消毒剂;机器人概念;沪股通,17,7,603360.SH,603360
污水处理;固废处理;中俄贸易概念;国企改革;碳中和;一带一路;央企国企改革;储能;人民币贬值受益;光伏概念;京津冀一体化;融资融券;股权转让(并购重组);中字头股票,33,14,000151.SZ,000151
新能源汽车;2025年报预增,17,2,603655.SH,603655
央企国企改革;华为汽车;燃料电池;氢能源;国企改革;无人驾驶;动力电池回收;西部大开发;新能源汽车;无人机;机器人概念;中字头股票;汽车电子;车联网(车路协同);华为概念;DeepSeek概念;沪股通;融资融券,17,18,601965.SH,601965
宠物经济;基因测序;禽流感;幽门螺杆菌概念;猴痘概念;肝炎概念;辅助生殖;医疗器械概念;人民币贬值受益;融资融券;沪股通,17,11,688606.SH,688606
钠离子电池;固态电池;锂电池概念;合成生物;钒电池;创投,17,6,603810.SH,603810
高压快充;第三代半导体;比亚迪概念;小米汽车;新能源汽车;小米概念;专精特新;充电桩;2025年报预增;深股通;融资融券,33,11,301607.SZ,301607
生物疫苗;重组蛋白;融资融券,151,3,920575.BJ,920575
机器人概念;无人驾驶;央企国企改革;低空经济;无人机;国企改革;小米汽车;京津冀一体化;新能源汽车;充电桩;车联网(车路协同);军工;汽车电子;碳中和;小米概念;比亚迪概念;氢能源;人工智能;网络安全;数据安全;百度概念;深股通;融资融券;中字头股票,33,24,301508.SZ,301508
人形机器人;汽车热管理;华为汽车;小米汽车;长安汽车概念;飞行汽车(eVTOL);传感器;特斯拉概念;新能源汽车;小米概念;低空经济;比亚迪概念;无人驾驶;水利;核电;储能;京津冀一体化;地下管网;液冷服务器;央企国企改革;雄安新区;回购增持再贷款概念;宁德时代概念;国企改革;锂电池概念;沪股通;融资融券,17,27,600480.SH,600480
EDR概念;多模态AI;星闪概念;鸿蒙概念;智能座舱;人工智能;毫米波雷达;无人驾驶;汽车电子;云计算;车联网(车路协同);比亚迪概念;机器视觉;卫星导航;物联网;人脸识别;新能源汽车;垃圾分类;专精特新;深股通,33,20,002970.SZ,002970
共封装光学(CPO);PCB概念;同花顺果指数;富士康概念;AI PC;MiniLED;苹果概念;AI眼镜;AI手机;消费电子概念;汽车电子;智能穿戴;无线耳机;智能座舱;新能源汽车;无人驾驶;海峡两岸;华为概念;人形机器人;虚拟现实;人民币贬值受益;商业航天;融资融券;深股通,33,24,002938.SZ,002938
小米汽车;注册制次新股;减速器;新能源汽车;小米概念;深股通;新股与次新股;融资融券,33,8,301656.SZ,301656
商业航天;空间计算;低空经济;智慧城市;数字孪生;新型工业化;虚拟现实;建筑节能;新型城镇化;独角兽概念;元宇宙;多模态AI;DeepSeek概念;数据中心;装配式建筑;长三角一体化;一带一路;光伏建筑一体化,17,18,603017.SH,603017
传感器;无人驾驶;汽车电子;比亚迪概念;新能源汽车;专精特新;融资融券;沪股通,17,8,603786.SH,603786
烟草;粤港澳大湾区;新型烟草(电子烟);小米概念;职业教育;数字经济;数字水印;融资融券,33,8,301223.SZ,301223
NMN概念;固废处理;合成生物;工业大麻;垃圾分类;医药电商;人民币贬值受益;肝炎概念;CRO概念;跨境电商;深股通;融资融券,33,12,300261.SZ,300261
卫星导航;军工信息化;商业航天;低空经济;军工;无人机;智慧城市;智慧政务;安防;物联网;数据安全;数据要素;云计算;人工智能;机器视觉;独角兽概念;DeepSeek概念;华为概念;百度概念;AI智能体;元宇宙;5G;ChatGPT概念;京津冀一体化;工业互联网;机器人概念;AIGC概念;高铁;新型工业化;数据中心;专精特新;跨境电商;一带一路;新疆振兴;AI应用;深股通,33,36,300213.SZ,300213
脑机接口;华为海思概念股;智能座舱;英伟达概念;汽车电子;5G;无人驾驶;车联网(车路协同);东数西算(算力);华为概念;苹果概念;PCB概念;芯片概念;无人机;人形机器人;数据中心;机器人概念;百度概念;低空经济;飞行汽车(eVTOL);人工智能;比亚迪概念;专精特新;腾讯概念;商业航天;阿里巴巴概念;深股通;融资融券,33,28,301366.SZ,301366
机器视觉;人形机器人;人工智能;工业互联网;沪股通,17,5,603337.SH,603337
养老概念;幽门螺杆菌概念;宠物经济;沪股通,17,4,600530.SH,600530
减速器;人形机器人;汽车热管理;特斯拉概念;机器人概念;无人驾驶;新能源汽车;专精特新;人民币贬值受益;宁德时代概念;共同富裕示范区;长三角一体化;沪股通;融资融券,17,14,603119.SH,603119
CRO概念;重组蛋白;创新药;仿制药一致性评价;西部大开发;融资融券,17,6,688553.SH,688553
工业母机;新型工业化;高端装备;机器人概念;军工;工业互联网;新能源汽车;航空发动机;数字孪生;数据中心;智能物流;人工智能;职业教育;锂电池概念;阿里巴巴概念;深股通,33,16,300161.SZ,300161
卫星导航;商业航天;量子科技;车联网(车路协同);5G;数据中心;铜缆高速连接;家用电器,17,8,603703.SH,603703
AI语料;ChatGPT概念;AIGC概念;多模态AI;AI智能体;数据要素;百度概念;鸿蒙概念;区块链;DeepSeek概念;人工智能;互联网金融;AI应用;工业互联网;深股通;融资融券,33,16,300226.SZ,300226
水利;化债概念(AMC概念);海工装备;国企改革;高压快充;新能源汽车;长安汽车概念;汽车电子;专精特新;数据中心;军工;阿里巴巴概念,33,12,002686.SZ,002686
智能座舱;无人驾驶;小米汽车;长安汽车概念;华为汽车;飞行汽车(eVTOL);比亚迪概念;宁德时代概念;一体化压铸;特斯拉概念;车联网(车路协同);汽车电子;机器人概念;新能源汽车;无线充电;小米概念;低空经济;星闪概念;毫米波雷达;汽车热管理;华为概念;卫星导航;粤港澳大湾区;创投;一带一路;横琴新区;DeepSeek概念;百度概念;共封装光学(CPO);深股通;融资融券,33,31,002906.SZ,002906
MicroLED概念;AI眼镜;MiniLED;消费电子概念;汽车电子;汽车芯片;小米概念;专精特新;华为概念;智能家居,33,10,002983.SZ,002983
新型城镇化;PPP概念;水利;东数西算(算力);抽水蓄能;煤炭概念,33,6,000010.SZ,000010
减肥药;细胞免疫治疗;华为盘古;创新药;CRO概念;智能医疗;人工智能;仿制药一致性评价;肝炎概念;专精特新;宠物经济;回购增持再贷款概念;股权转让(并购重组);融资融券;沪股通,17,15,688621.SH,688621
柔性屏(折叠屏);有机硅概念;消费电子概念;宁德时代概念;AI眼镜;毫米波雷达;特斯拉概念;一体化压铸;新能源汽车;比亚迪概念;5G;智能穿戴;智能座舱;小米概念;人形机器人;医疗器械概念;华为概念;国企改革;人工智能;深股通;融资融券,33,21,300328.SZ,300328
中芯国际概念;光刻机;存储芯片;OLED;第三代半导体;芯片概念;光伏概念;碳纤维;海峡两岸;共同富裕示范区;深股通;中韩自贸区;融资融券,33,13,300666.SZ,300666
商业航天;太赫兹;卫星导航;6G概念;毫米波雷达;无人机;WiFi 6;无线充电;芯片概念;5G;传感器;智能穿戴;汽车电子;AI眼镜;先进封装;消费电子概念;无人驾驶;特斯拉概念;液冷服务器;比亚迪概念;车联网(车路协同);小米概念;机器人概念;汽车热管理;物联网;新能源汽车;华为概念;虚拟现实;海峡两岸;储能;元宇宙;粤港澳大湾区;2025三季报预增;深股通;融资融券,33,35,300322.SZ,300322
证金持股;污水处理;地下管网;固废处理;PPP概念;国企改革;西部大开发;水利;深股通;融资融券;数字孪生,33,11,000598.SZ,000598
碳中和;净水概念;融资融券,33,3,001358.SZ,001358
医疗器械概念;流感;辅助生殖;肝炎概念;食品安全;专精特新;猴痘概念;智能医疗;融资融券,17,9,688193.SH,688193
海南自贸区;化债概念(AMC概念);钒电池;融资融券;深股通,33,5,000567.SZ,000567
流感;仿制药一致性评价;创新药;肝炎概念;合成生物;眼科医疗;工业大麻;民营医院;三胎概念;养老概念,17,10,603998.SH,603998
跨境电商,33,1,002763.SZ,002763
AI语料;信创;数据要素;华为概念;智能电网;沪股通;融资融券,17,7,688692.SH,688692
露营经济;福建自贸区;足球概念;海峡两岸;冰雪产业;体育产业;中俄贸易概念;三胎概念;宠物经济;医疗器械概念;新型烟草(电子烟);人民币贬值受益;一带一路;3D打印;人工智能;多模态AI,33,16,001368.SZ,001368
WiFi 6;网络安全;5G;人工智能;华为概念;光纤概念;DeepSeek概念;安防;智慧城市;物联网;芯片概念;智慧灯杆;数字经济;星闪概念;车联网(车路协同);新型工业化;专精特新;换电概念;工业互联网;粤港澳大湾区;智能电网;无人驾驶;机器人概念;水利;充电桩;高铁;储能;智能物流;海工装备;风电;一带一路;融资融券,17,32,688618.SH,688618
AI应用;DeepSeek概念;AIGC概念;商业航天;碳交易;国企改革;房屋检测;融资融券;新型城镇化;粤港澳大湾区;数字经济;一带一路;低空经济;乡村振兴,151,14,920892.BJ,920892
可控核聚变;核电;工业母机;同花顺新质50;芯片概念;新型工业化;光伏概念;机器人概念;物联网;智能电网;充电桩;工业互联网;海峡两岸;MCU芯片;风电;储能;虚拟电厂;人工智能;沪股通;融资融券,17,20,603015.SH,603015
石墨烯;固态电池;锂电池概念;宁德时代概念;新能源汽车;创投;柔性屏(折叠屏);机器人概念;传感器;消费电子概念;AI手机;沪股通,17,12,603683.SH,603683
核污染防治;海峡两岸;光伏概念;融资融券;专精特新;高铁;商业航天;PCB概念,151,8,920665.BJ,920665
预制菜;冷链物流;统一大市场;IP经济(谷子经济);福建自贸区;跨境电商;海峡两岸;股权转让(并购重组);腾讯概念;沪股通;融资融券,17,11,601933.SH,601933
福建自贸区;海峡两岸;电子纸;ETC;算力租赁;虚拟现实;东数西算(算力);华为概念;5G;华为手机;创投;智能穿戴;汽车电子;机器人概念;柔性屏(折叠屏);消费电子概念;PCB概念;比亚迪概念;传感器;无线充电;人民币贬值受益;富士康概念;新能源汽车;国企改革;OLED;深股通;摘帽,33,27,002217.SZ,002217
中芯国际概念;存储芯片;先进封装;第三代半导体;芯片概念;沪股通;融资融券,17,7,688082.SH,688082
流感;医药电商;仿制药一致性评价;创新药;医疗器械概念;融资融券,33,6,002198.SZ,002198
AI眼镜;华为昇腾;AIGC概念;智能穿戴;AI智能体;数字孪生;数据要素;机器视觉;人工智能;数字经济;DeepSeek概念;无人驾驶;机器人概念;水利;雅下水电概念;共同富裕示范区;物业管理;沪股通;融资融券,17,19,688109.SH,688109
白酒概念;共同富裕示范区;沪股通;融资融券,17,4,601579.SH,601579
Sora概念(文生视频);AI语料;知识产权保护;AIGC概念;文化传媒概念;虚拟数字人;AI应用;多模态AI;数据确权;Web3.0;在线教育;AI智能体;阿里巴巴概念;云计算;数据要素;数据安全;元宇宙;区块链;网络安全;DeepSeek概念;人工智能;数字经济;京津冀一体化;创投;乡村振兴;国企改革;沪股通;融资融券,17,28,603888.SH,603888
军工;机器人概念;换电概念;PM2.5;充电桩;比亚迪概念;粤港澳大湾区;人工智能;新能源汽车;一体化压铸;创投;新疆振兴;深股通;股权转让(并购重组),33,14,300572.SZ,300572
储能;柔性直流输电;智能电网;新能源汽车;光伏概念;工业互联网;专精特新;融资融券,151,8,920118.BJ,920118
净水概念;污水处理;PPP概念;垃圾分类;雄安新区;京津冀一体化,33,6,300334.SZ,300334
钠离子电池;PEEK材料;光刻胶;沪股通,17,4,603823.SH,603823
文化传媒概念;云游戏;国资云;DeepSeek概念;智慧城市;华为概念;物联网;国企改革;数据中心;5G;证金持股;央企国企改革;融资融券;沪股通,17,14,600037.SH,600037
风电;海工装备;光伏概念;绿色电力;回购增持再贷款概念;国企改革;横琴新区;融资融券;深股通,33,9,300569.SZ,300569
富士康概念;AI PC;AI眼镜;消费电子概念;汽车电子;F5G概念;5G;比亚迪概念;小米汽车;人形机器人;新能源汽车;特斯拉概念;华为汽车;机器人概念;华为概念;人民币贬值受益;沪股通;融资融券,17,18,603890.SH,603890
智能电网;风电;电力物联网;充电桩;碳中和;储能;工业互联网;机器人概念;智能家居;数据中心;物联网;人工智能;东数西算(算力);AI智能体;虚拟数字人;AI应用,17,16,605066.SH,605066
富士康概念;消费电子概念;比亚迪概念;宁德时代概念;新能源汽车;机器人概念;锂电池概念;固态电池;无人机;储能;西部大开发;股权转让(并购重组);深股通;融资融券,33,14,301613.SZ,301613
猴痘概念;肝炎概念;辅助生殖;医疗器械概念;智能医疗;人工智能;中俄贸易概念;国企改革;证金持股;央企国企改革;多模态AI,33,11,300396.SZ,300396
创新药;融资融券;CRO概念,151,3,920478.BJ,920478
存储芯片;先进封装;芯片概念;高端装备;人民币贬值受益;绿色电力;融资融券,17,7,688419.SH,688419
新型烟草(电子烟);光伏概念;储能;一体化压铸;液冷服务器;比亚迪概念;充电桩;新能源汽车;人形机器人;宁德时代概念;特斯拉概念;机器人概念;华为概念;回购增持再贷款概念;低空经济;深股通;融资融券,33,17,301268.SZ,301268
钠离子电池;固态电池;动力电池回收;锂电池概念;两轮车;飞行汽车(eVTOL);人形机器人;高压快充;新能源汽车;机器人概念;储能;低空经济;无人机;数据中心;人民币贬值受益;国企改革;沪股通;融资融券,17,18,688567.SH,688567
PEEK材料;新能源汽车;比亚迪概念;氢能源;专精特新;海工装备;风电;核电;军工;商业航天;卫星导航;医疗器械概念;融资融券,33,13,301591.SZ,301591
智能家居;工业互联网;阿里巴巴概念;沪股通,17,4,603801.SH,603801
期货概念;参股券商;物业管理;DeepSeek概念;上海国企改革;国企改革;创投;2025年报预增;沪股通;融资融券,17,10,600621.SH,600621
MicroLED概念;柔性屏(折叠屏);电子纸;车联网(车路协同);智能穿戴;华为概念;AI手机;特斯拉概念;智能座舱;OLED;小米概念;储能;比亚迪概念;石墨烯;消费电子概念;虚拟现实;新能源汽车;华为汽车;汽车电子;固态电池;锂电池概念;一带一路;东数西算(算力);苹果概念;元宇宙;国企改革;算力租赁;深股通;融资融券,33,29,300088.SZ,300088
第三代半导体;芯片概念;专精特新;华为概念;高端装备;京津冀一体化;沪股通;融资融券,17,8,688200.SH,688200
固态电池;钠离子电池;宁德时代概念;锂电池概念;存储芯片;先进封装;PCB概念;光伏概念;芯片概念;燃料电池;新能源汽车;专精特新;华为概念;融资融券,17,14,688733.SH,688733
白酒概念;农业种植;乡村振兴;化债概念(AMC概念);新疆振兴;国企改革;西部大开发;中字头股票;沪股通,17,9,600084.SH,600084
代糖概念;玉米;合成生物;沪股通,17,4,605077.SH,605077
黑龙江自贸区;ST板块;智能物流;工业互联网;车联网(车路协同);智慧城市;东数西算(算力);人工智能;网络安全;数据安全,22,10,600289.SH,600289
电子身份证;华为鲲鹏;华为欧拉;数据安全;云计算;智慧政务;鸿蒙概念;网络安全;信创;腾讯概念;华为昇腾;AI智能体;跨境支付(CIPS);多模态AI;数据要素;数字货币;DeepSeek概念;数字经济;人工智能;智慧城市;车联网(车路协同);东数西算(算力);量子科技;华为概念;军工信息化;物联网;低空经济;京津冀一体化;工业互联网;军民融合;数据中心;无人机;智慧灯杆;6G概念;机器人概念;5G;小米概念;烟草;AI应用;国企改革;融资融券;深股通,33,42,002439.SZ,002439
ST板块;股权转让(并购重组);光伏建筑一体化;风电;装配式建筑;横琴新区;一带一路;粤港澳大湾区;智能穿戴;AI眼镜;国企改革;智慧城市;虚拟现实;元宇宙,33,14,002047.SZ,002047
卫星导航;商业航天;大飞机;低空经济;车联网(车路协同);华为昇腾;网络安全;华为盘古;智慧政务;信创;华为鲲鹏;数据安全;智慧城市;数据要素;数字乡村;人脸识别;云计算;WiFi 6;AI智能体;数字孪生;多模态AI;ChatGPT概念;互联网金融;数字经济;人工智能;DeepSeek概念;AIGC概念;跨境支付(CIPS);职业教育;物联网;虚拟数字人;阿里巴巴概念;腾讯概念;华为概念;无人驾驶;国资云;东数西算(算力);工业互联网;水利;短剧游戏;机器人概念;核电;智能医疗;央企国企改革;新型工业化;数据中心;人形机器人;乡村振兴;国企改革;回购增持再贷款概念;智能电网;光刻机;液冷服务器;沪股通;AI应用;融资融券,17,56,600850.SH,600850
中韩自贸区;预制菜;白酒概念;乡村振兴;流感;融资融券,17,6,600467.SH,600467
光热发电;光伏概念;碳中和;国企改革;央企国企改革;沪股通;融资融券,17,7,600876.SH,600876
养鸡;生态农业;预制菜;生物质能发电;融资融券,33,5,002234.SZ,002234
体育产业;三胎概念;沪股通;融资融券;阿里巴巴概念,17,5,600398.SH,600398
禽流感;动物疫苗;生物疫苗;合成生物;宠物经济;生态农业;转基因;沪股通;融资融券,17,9,688526.SH,688526
固态电池;钠离子电池;锂电池概念;两轮车;储能;飞行汽车(eVTOL);人形机器人;机器人概念;无人机;MiniLED;芯片概念;小米概念;海峡两岸;一带一路;智能家居;创投;数据中心;金属镍;深股通;融资融券,33,20,002245.SZ,002245
创新药;仿制药一致性评价;重组蛋白;减肥药;智能医疗;人民币贬值受益;回购增持再贷款概念;AI应用;沪股通;融资融券,17,10,603707.SH,603707
ST板块;西部大开发;仿制药一致性评价;流感,33,4,002872.SZ,002872
AI应用;阿里巴巴概念;东数西算(算力);数字乡村;DeepSeek概念;人工智能;碳中和;智慧城市;新型城镇化;粤港澳大湾区;一带一路;PPP概念;机器人概念;垃圾分类;无人驾驶;人形机器人;医疗废物处理;无人机;物业管理;金属回收;深股通,33,21,300815.SZ,300815
光刻胶;固态电池;石墨烯;染料;储能;PCB概念;5G;股权转让(并购重组),33,8,300522.SZ,300522
地下管网;新型城镇化;PPP概念;旅游概念;特色小镇;国企改革;低空经济;一带一路;云计算;文化传媒概念;数据中心;芯片概念;深股通,33,13,002542.SZ,002542
柔性屏(折叠屏);京津冀一体化;央企国企改革;光伏概念;雄安新区;国企改革;参股保险;医疗器械概念;锂电池概念;固态电池;融资融券,17,11,600135.SH,600135
物业管理;统一大市场;天然气;国企改革;冷链物流;跨境电商;绿色电力;一带一路;智能物流;粤港澳大湾区;国产航母;车联网(车路协同);专精特新;海工装备;储能;深股通,33,16,002314.SZ,002314
新能源汽车;充电桩;融资融券;家用电器,151,4,920718.BJ,920718
F5G概念;5G;数据中心;WiFi 6;东数西算(算力);6G概念;毫米波雷达;芯片概念;华为海思概念股;汽车电子;华为概念;物联网;传感器;虚拟现实;无人驾驶;机器人概念;PCB概念;汽车芯片;工业互联网;智能座舱;充电桩;先进封装;粤港澳大湾区;智能家居;人民币贬值受益;网络安全;智能医疗;国企改革;基因测序;沪股通;股权转让(并购重组);融资融券,17,32,603118.SH,603118
先进封装;第三代半导体;MicroLED概念;PCB概念;培育钻石;消费电子概念;BC电池;芯片概念;TOPCON电池;3D打印;光伏概念;钙钛矿电池;高端装备;2025年报预增;CRO概念;医疗器械概念;深股通;融资融券,33,18,301021.SZ,301021
汽车芯片;第三代半导体;MicroLED概念;MiniLED;AI眼镜;芯片概念;卫星导航;小米概念;消费电子概念;商业航天;无人驾驶;苹果概念;比亚迪概念;华为汽车;5G;共封装光学(CPO);新能源汽车;光伏概念;海峡两岸;福建自贸区;充电桩;数据中心;同花顺漂亮100;金属回收;沪股通;融资融券,17,26,600703.SH,600703
养鸡;猪肉;预制菜;乡村振兴;冷链物流,33,5,002982.SZ,002982
烟草,17,1,603020.SH,603020
柔性直流输电;高压快充;PET铜箔;可控核聚变;华为数字能源;光伏概念;风电;宁德时代概念;新能源汽车;回购增持再贷款概念;国企改革;融资融券,17,12,600237.SH,600237
冰雪产业;物业管理;体育产业;养老概念;家庭医生;三胎概念;土壤修复;国企改革;智慧城市;粤港澳大湾区;融资融券;2025年报预增;AI应用,17,13,600684.SH,600684
减速器;人形机器人;新能源汽车;机器人概念;专精特新;人民币贬值受益;农机;工业互联网;数字经济;深股通;融资融券,33,11,301550.SZ,301550
建筑节能;装配式建筑;光伏概念;一带一路;高铁;钙钛矿电池;高端装备;苹果概念,33,8,002613.SZ,002613
草甘膦;染料;沪股通;融资融券,17,4,603599.SH,603599
注册制次新股;专精特新;科创次新股;新股与次新股;融资融券,17,5,688755.SH,688755
人形机器人;智能座舱;无线充电;机器人概念;无线耳机;机器视觉;无人驾驶;无人机;低空经济;新型工业化;物联网;安防;新能源汽车;智能家居;充电桩;两轮车;粤港澳大湾区;空气能热泵;鸿蒙概念;高压快充;智能电网;人工智能;储能;人民币贬值受益;数据中心;DeepSeek概念;光伏概念;阿里巴巴概念;AI智能体;锂电池概念;养老概念;钠离子电池;深股通;AI应用;融资融券,33,35,002139.SZ,002139
新型城镇化;PPP概念;横琴新区;污水处理;石墨烯;养老概念;粤港澳大湾区;网红经济;互联网金融;文化传媒概念;区块链;抖音概念(字节概念),33,12,002663.SZ,002663
消费电子概念;汽车电子;智能穿戴;新型烟草(电子烟);苹果概念;智能座舱;专精特新;富士康概念;新能源汽车;虚拟现实;低空经济;锂电池概念;深股通;融资融券,33,14,300951.SZ,300951
区块链;数字经济;智慧城市;信创;数据要素;DeepSeek概念;人工智能;华为鲲鹏;AI智能体;云计算;ETC;阿里巴巴概念;安防;ChatGPT概念;国资云;Web3.0;华为概念;跨境电商;机器视觉;智能物流;数据中心;上海自贸区;碳中和;国企改革;碳交易;央企国企改革;统一大市场;自由贸易港;航运概念;融资融券;深股通;中字头股票,33,32,002401.SZ,002401
,17,0,603585.SH,603585
智谱AI;云办公;AI智能体;云计算;信创;鸿蒙概念;中国AI 50;腾讯概念;DeepSeek概念;人工智能;华为概念;小米概念;AI应用;同花顺漂亮100;沪股通;融资融券,17,16,688111.SH,688111
2025年报预增;MiniLED;消费电子概念;机器人概念;苹果概念;融资融券;AI眼镜;西部大开发;专精特新;机器视觉,151,10,920425.BJ,920425
柔性直流输电;智能电网;风电;核电;抽水蓄能;高铁;储能;液冷服务器;数据中心;2025年报预增;商业航天;机器人概念,33,12,002879.SZ,002879
阿尔茨海默概念;流感;创新药;融资融券;辅助生殖;CRO概念;减肥药;专精特新;仿制药一致性评价,151,9,920017.BJ,920017
旅游概念;国企改革,17,2,603136.SH,603136
智能家居;虚拟现实;智能穿戴;小米概念;人工智能;人民币贬值受益;AI眼镜;跨境电商;鸿蒙概念;专精特新;汽车电子;空间计算;消费电子概念;在线教育;智能医疗;MiniLED;抖音概念(字节概念);OLED;一带一路;同花顺出海50;深股通,33,21,001308.SZ,001308
卫星导航;商业航天;大飞机;无人机;华为海思概念股;低空经济;无人驾驶;飞行汽车(eVTOL);机器人概念;芯片概念;小米概念;华为概念;粤港澳大湾区;比亚迪概念;量子科技;新能源汽车;海工装备;人工智能;特斯拉概念;食品安全;职业教育;网络安全;燃料电池;DeepSeek概念;数据要素;土壤修复;数据安全;中芯国际概念;数据确权;回购增持再贷款概念;碳中和;国企改革;深股通,33,33,002967.SZ,002967
禽流感;猴痘概念;流感;肝炎概念;幽门螺杆菌概念;创新药;医疗器械概念;食品安全;回购增持再贷款概念;专精特新;融资融券,17,11,688317.SH,688317
液冷服务器;数据中心;2025年报预增;新能源汽车;数据要素;储能;农机;人民币贬值受益;锂电池概念;牙科医疗;风电;氢能源;碳中和;乡村振兴;煤化工概念,17,15,603090.SH,603090
创新药;沪股通;融资融券,17,3,688428.SH,688428
创新药;同花顺出海50;人民币贬值受益;沪股通;融资融券,17,5,688235.SH,688235
一体化压铸;新能源汽车;储能;长安汽车概念;人形机器人;比亚迪概念;飞行汽车(eVTOL);机器人概念;光伏概念;长三角一体化;工业互联网;共同富裕示范区;低空经济;沪股通,17,14,605018.SH,605018
医疗器械概念;牙科医疗;2025年报预增;福建自贸区;海峡两岸;机器人概念;深股通;融资融券,33,8,002901.SZ,002901
新能源汽车;汽车电子;融资融券;消费电子概念;专精特新;PCB概念,151,6,920357.BJ,920357
一体化压铸;两轮车;机器人概念;华为汽车;新能源汽车;飞行汽车(eVTOL);特斯拉概念;比亚迪概念;融资融券;沪股通,17,10,603348.SH,603348
预制菜;网红经济;沪股通,17,3,605108.SH,605108
同花顺出海50;两轮车;人民币贬值受益;共同富裕示范区;体育产业;工业互联网;车联网(车路协同);融资融券;沪股通,17,9,603129.SH,603129
烟草;小米概念;专精特新;消费电子概念;知识产权保护;IP经济(谷子经济),17,6,603607.SH,603607
统一大市场;冷链物流;跨境电商;国企改革;智能物流;央企国企改革;一带一路;人民币贬值受益;华为概念;苹果概念;深股通;融资融券,33,12,001391.SZ,001391
高铁;充电桩;储能;一带一路;2025年报预增;沪股通,17,6,603680.SH,603680
西部大开发;融资融券,151,2,920433.BJ,920433
PCB概念;共封装光学(CPO);苹果概念;5G;汽车电子;毫米波雷达;比亚迪概念;光伏概念;机器人概念;华为概念;人民币贬值受益;国企改革;沪股通;证金持股;融资融券,17,15,603328.SH,603328
仿制药一致性评价;创新药;雄安新区;养老概念;京津冀一体化;创投;融资融券,33,7,000931.SZ,000931
创投;语音技术;人工智能;独角兽概念;高端装备;燃料电池;国企改革;氢能源;ChatGPT概念;AIGC概念;特钢概念,33,11,002722.SZ,002722
物联网;虚拟现实;智能家居;华为概念;星闪概念;WiFi 6;鸿蒙概念;5G;华为海思概念股;AI眼镜;商业航天;光纤概念;F5G概念;西部大开发,33,14,300504.SZ,300504
海峡两岸;锂电池概念;长安汽车概念;比亚迪概念;新能源汽车;沪股通,17,6,601279.SH,601279
租售同权;特色小镇;物业管理;ST板块;PPP概念;雄安新区;国企改革;央企国企改革,33,8,002305.SZ,002305
多模态AI;AIGC概念;AI智能体;云计算;ERP概念;互联网保险;信创;在线教育;跨境支付(CIPS);人工智能;智能医疗;家庭医生;虚拟现实;互联网金融;AI应用;跨境电商;创投;海峡两岸;参股银行;深股通,33,20,002315.SZ,002315
人民币贬值受益;融资融券,151,2,920950.BJ,920950
参股银行;参股保险;参股券商;国企改革;乡村振兴;煤炭概念;创投;长三角一体化;黄金概念;共同富裕示范区;期货概念;互联网金融;独角兽概念;区块链;元宇宙;数据确权;Web3.0;知识产权保护;NFT概念;芯片概念;沪股通;融资融券,17,22,600208.SH,600208
数字经济;融资融券;新股与次新股,151,3,920003.BJ,920003
动物疫苗;禽流感;合成生物;宠物经济;西部大开发;沪股通;融资融券;人工智能,17,8,600201.SH,600201
一体化压铸;新型工业化;新能源汽车;工业母机;高端装备;机器人概念;专精特新;工业互联网;军工;数字经济,33,10,003025.SZ,003025
物业管理;信托概念;民营医院;参股券商;烟草;西部大开发;创投;职业教育;在线教育;融资融券,33,10,000812.SZ,000812
重组蛋白;减肥药;创新药;生物疫苗;肝炎概念;流感;猴痘概念;仿制药一致性评价;医药电商;智能医疗;DeepSeek概念;三胎概念;粤港澳大湾区;英伟达概念;融资融券;深股通,33,16,300723.SZ,300723
国家大基金持股;存储芯片;科创次新股;MCU芯片;芯片概念;注册制次新股;西部大开发;新股与次新股;融资融券,17,9,688783.SH,688783
光热发电;商业航天;专精特新;光伏概念;机器人概念;海工装备;风电;人民币贬值受益;氢能源;一带一路;回购增持再贷款概念;融资融券,17,12,603507.SH,603507
福建自贸区;海峡两岸;特色小镇;物业管理;露营经济;旅游概念;国企改革;创投;跨境电商,33,9,000632.SZ,000632
AI语料;多模态AI;ChatGPT概念;AIGC概念;虚拟数字人;AI智能体;云计算;互联网保险;华为昇腾;阿里巴巴概念;数据要素;中国AI 50;智慧政务;在线教育;元宇宙;语音技术;DeepSeek概念;智能医疗;家庭医生;人工智能;人脸识别;东数西算(算力);独角兽概念;脑机接口;数字孪生;AI应用;车联网(车路协同);智慧城市;智能音箱;华为概念;量子科技;机器视觉;工业互联网;AI手机;智能穿戴;智能座舱;无线耳机;机器人概念;智能家居;消费电子概念;人形机器人;同花顺漂亮100;眼科医疗;雄安新区;深股通;融资融券,33,46,002230.SZ,002230
高端装备;军民融合;军工;商业航天;专精特新;海工装备;工业母机;新型工业化;新能源汽车;机器视觉;中俄贸易概念;人工智能;2025年报预增;融资融券,33,14,300971.SZ,300971
宠物经济;人民币贬值受益;融资融券;深股通,33,4,002891.SZ,002891
PM2.5;家用电器;新能源汽车;人民币贬值受益;专精特新;大飞机;回购增持再贷款概念,17,7,603311.SH,603311
碳中和;腾讯概念;国企改革;东数西算(算力);液冷服务器;抖音概念(字节概念);数据中心;融资融券;专精特新;股权转让(并购重组),151,10,920808.BJ,920808
西部大开发;融资融券;沪股通,17,3,603027.SH,603027
草甘膦;丙烯酸;国企改革;股权转让(并购重组);融资融券,33,5,300927.SZ,300927
流感;幽门螺杆菌概念;仿制药一致性评价;肝炎概念;创新药;猴痘概念;参股银行;西部大开发;深股通;融资融券,33,10,300194.SZ,300194
中俄贸易概念;海峡两岸;专精特新;融资融券;装配式建筑;光伏建筑一体化,151,6,920057.BJ,920057
垃圾分类;一带一路;人民币贬值受益;家用电器;2025年报预增;沪股通,17,6,600983.SH,600983
猴痘概念;辅助生殖;生物疫苗;智能医疗;医疗器械概念;重组蛋白;国企改革;股权转让(并购重组),33,8,300289.SZ,300289
医疗废物处理;固废处理;储能;汽车拆解概念;动力电池回收;锂电池概念;金属回收;融资融券,33,8,301049.SZ,301049
物业管理;养老概念;三胎概念;旅游概念;国企改革;互联网金融;黄金概念,17,7,600824.SH,600824
一带一路;冷链物流;储能;华为汽车;汽车热管理;长安汽车概念;新能源汽车;飞行汽车(eVTOL);比亚迪概念;宁德时代概念;低空经济;数字经济;华为概念;2025年报预增;深股通;融资融券,33,16,002454.SZ,002454
商业航天;人形机器人;海峡两岸;高端装备;一带一路;风电;绿色电力;生物质能发电,17,8,603278.SH,603278
回购增持再贷款概念;工业互联网;国企改革;新能源汽车;华为概念;机器人概念;机器视觉;智能物流;融资融券;沪股通,17,10,600761.SH,600761
固态电池;宁德时代概念;福建自贸区;海峡两岸;锂电池概念;消费电子概念;专精特新;可降解塑料;无人机;低空经济;食品安全;合成生物;深股通;融资融券,33,14,301565.SZ,301565
稀土永磁;2025三季报预增;回购增持再贷款概念;风电;特斯拉概念;低空经济;比亚迪概念;人形机器人;新能源汽车;机器人概念;绿色电力;2025年报预增;融资融券;深股通,33,14,300748.SZ,300748
固态电池;锂电池概念;光伏概念;储能,33,4,000695.SZ,000695
福建自贸区;海峡两岸;军工信息化;智慧城市;无人机;互联网金融;低空经济;数字经济;石墨烯;创投;车联网(车路协同);物联网;智能物流;无人零售;统一大市场;MiniLED;华为汽车;IP经济(谷子经济);Web3.0;一带一路;小米汽车;小米概念;国企改革;专精特新;AIGC概念;金属镍;小金属概念;金属铜,33,28,000701.SZ,000701
ST板块;国企改革;职业教育;机器视觉;语音技术;央企国企改革;人工智能;星闪概念;DeepSeek概念;数据要素;鸿蒙概念;东数西算(算力);华为鲲鹏;芯片概念;在线教育;英伟达概念;证金持股;多模态AI;AI应用,22,19,600636.SH,600636
一带一路;高铁;碳纤维;储能;新能源汽车;医美概念;高压氧舱;机器人概念;养老概念;比亚迪概念;芯片概念,17,11,605001.SH,605001
新型城镇化;地下管网;水利;垃圾分类;乡村振兴;低空经济;换电概念;智慧城市;绿色电力;粤港澳大湾区;华为概念,33,11,300778.SZ,300778
共同富裕示范区;沪股通,17,2,603130.SH,603130
白酒概念;虚拟数字人;乡村振兴;西部大开发;粮食概念;融资融券;深股通,33,7,002646.SZ,002646
中俄贸易概念;一带一路;物联网;粤港澳大湾区;人工智能,33,5,002774.SZ,002774
PCB概念;注册制次新股;专精特新;深股通;新股与次新股;融资融券,33,6,301630.SZ,301630
智能家居;工业互联网,17,2,603326.SH,603326
新能源汽车;一带一路;人民币贬值受益;无人机;机器人概念;大飞机;飞行汽车(eVTOL);低空经济;工业互联网;融资融券;深股通,33,11,002984.SZ,002984
智能电网;特高压;电力物联网;风电;注册制次新股;中俄贸易概念;核电;专精特新;机器人概念;工业互联网;物联网;传感器;新型工业化;华为概念;芯片概念;人工智能;PCB概念;算力租赁;电子身份证;鸿蒙概念;深股通;新股与次新股;融资融券,33,23,001388.SZ,001388
中芯国际概念;存储芯片;先进封装;第三代半导体;芯片概念;传感器;专精特新;光纤概念;华为概念;合成生物;融资融券;沪股通,17,12,603690.SH,603690
华为汽车;长安汽车概念;人形机器人;比亚迪概念;新能源汽车;机器人概念;回购增持再贷款概念;国企改革,17,8,603239.SH,603239
露营经济;跨境电商;三胎概念;预制菜;IP经济(谷子经济),33,5,001211.SZ,001211
固态电池;钠离子电池;锂电池概念;液冷服务器;2025年报预增;低空经济;华为概念;数据中心;消毒剂;海工装备;风电;腾讯概念;污水处理;沪股通,17,14,603200.SH,603200
储能;固态电池;专精特新;人民币贬值受益;医疗器械概念;可降解塑料;长三角一体化;一带一路;跨境电商;人工智能;AI智能体;融资融券,17,12,603681.SH,603681
仿制药一致性评价;合成生物;人民币贬值受益;专精特新;融资融券,33,5,001367.SZ,001367
人形机器人;小米概念;汽车电子;家用电器;机器人概念;比亚迪概念;消费电子概念;智能家居;新能源汽车;储能;光伏概念;深股通;融资融券,33,13,301280.SZ,301280
减速器;人形机器人;华为汽车;新型工业化;新能源汽车;比亚迪概念;机器人概念;小米概念;MR(混合现实);5G;充电桩;华为概念;医疗器械概念;融资融券;深股通,33,15,003021.SZ,003021
医疗器械概念;人民币贬值受益;专精特新;融资融券;沪股通,17,5,688677.SH,688677
白酒概念;超级品牌;乡村振兴;跨境电商;国企改革;融资融券;回购增持再贷款概念;沪股通,17,8,600059.SH,600059
三胎概念;跨境电商;合成生物;消毒剂;沪股通;融资融券,17,6,600315.SH,600315
同花顺果指数;智能音箱;AI眼镜;智能穿戴;星闪概念;无线耳机;汽车电子;MR(混合现实);小米概念;语音技术;消费电子概念;虚拟现实;富士康概念;苹果概念;物联网;传感器;智能家居;机器人概念;无人机;华为概念;海峡两岸;芯片概念;3D打印;工业互联网;独角兽概念;元宇宙;人工智能;人民币贬值受益;创投;回购增持再贷款概念;同花顺漂亮100;深股通;融资融券;证金持股,33,34,002241.SZ,002241
共同富裕示范区;回购增持再贷款概念;沪股通;融资融券,17,4,603877.SH,603877
钠离子电池;固态电池;储能;锂电池概念;动力电池回收;高铁;雄安新区;液冷服务器;数据中心;创投;华为概念;军工;国企改革;新疆振兴;东数西算(算力);鸿蒙概念;抖音概念(字节概念);快手概念;深股通;融资融券,33,20,002580.SZ,002580
碳纤维;专精特新;融资融券,33,3,300876.SZ,300876
PCB概念;光伏概念;深股通,33,3,300196.SZ,300196
冷链物流;国企改革;垃圾分类;净水概念;家用电器;一带一路;智能家居;医疗器械概念;回购增持再贷款概念;空气能热泵;血氧仪;DeepSeek概念;工业互联网;人工智能;鸿蒙概念;量子科技;小米概念;深股通;融资融券,33,19,000521.SZ,000521
特钢概念;芯片概念;人工智能;锂电池概念;小金属概念;回购增持再贷款概念;AI智能体;固态电池;碳中和;中俄贸易概念;参股券商;深股通,33,12,002392.SZ,002392
ETC;安防;水利;数字孪生;智能物流;华为概念;雄安新区;智慧城市;数字乡村;智慧政务;华为鲲鹏;数字经济;华为昇腾;DeepSeek概念;区块链;鸿蒙概念;航运概念,33,17,002331.SZ,002331
沪股通,17,1,605377.SH,605377
锂电池概念;钠离子电池;固态电池;宁德时代概念;PET铜箔;超级电容;光伏概念;储能;建筑节能;柔性屏(折叠屏);比亚迪概念;OLED;小米概念;华为概念;DeepSeek概念;AI智能体;虚拟数字人;深股通;融资融券,33,19,300057.SZ,300057
钠离子电池;固态电池;锂电池概念;燃料电池;石墨烯;两轮车;氢能源;储能;新能源汽车;绿色电力;无人机;工业互联网;数据中心;融资融券;沪股通,17,15,688819.SH,688819
存储芯片;先进封装;汽车芯片;芯片概念;汽车电子;专精特新;光伏概念;华为概念;回购增持再贷款概念;股权转让(并购重组);沪股通;融资融券,17,12,688535.SH,688535
数字孪生;物联网;鸿蒙概念;机器人概念;智慧城市;AI智能体;数据要素;国企改革;人工智能;股权转让(并购重组);安防;创投;融资融券,151,13,920198.BJ,920198
固态电池;锂电池概念;宁德时代概念;民爆概念;2025三季报预增;特斯拉概念;雅下水电概念;比亚迪概念;2025年报预增;西部大开发;工业互联网;深股通;机器人概念;军工;军民融合;融资融券,33,16,002497.SZ,002497
虚拟电厂;智能电网;换电概念;风电;电力物联网;垃圾分类;碳中和;光伏建筑一体化;氢能源;核电;储能;建筑节能;机器人概念;数据中心;智慧城市;华为概念;安防;5G;数字经济;人工智能;智慧政务;信创;股权转让(并购重组),33,23,002090.SZ,002090
光刻胶;中芯国际概念;国家大基金持股;存储芯片;OLED;芯片概念;氟化工概念;专精特新;华为概念;长三角一体化;磷化工;融资融券;深股通,33,13,300346.SZ,300346
ST板块;智慧灯杆;深圳国企改革;人民币贬值受益;智能家居;智慧城市;国企改革;安防;智能医疗;机器视觉;物联网;数字经济;华为概念;5G;人工智能;数字孪生;军民融合;区块链;人脸识别;东数西算(算力);数据要素;信创;智慧政务;国资云;华为鲲鹏,33,25,002528.SZ,002528
2025年报预增;军工;新能源汽车;飞行汽车(eVTOL);低空经济;农机;融资融券;比亚迪概念;长安汽车概念,151,9,920106.BJ,920106
同花顺出海50;养老概念;智能家居;人民币贬值受益;一带一路;深股通;融资融券,33,7,301061.SZ,301061
创新药;仿制药一致性评价;眼科医疗;肝炎概念;医疗器械概念;阿尔茨海默概念;共同富裕示范区;深股通;融资融券,33,9,002020.SZ,002020
专精特新;高端装备;新股与次新股;融资融券;国企改革;央企国企改革,151,6,920160.BJ,920160
注册制次新股;长安汽车概念;汽车电子;比亚迪概念;新能源汽车;共同富裕示范区;无人驾驶;专精特新;传感器;新股与次新股;融资融券,17,11,603376.SH,603376
2025年报预增;机器人概念;专精特新;智能物流;数字孪生;东数西算(算力);人工智能;阿里巴巴概念;融资融券,17,9,688215.SH,688215
蚂蚁集团概念;数字经济;超级电容;储能;风电;西部大开发;深股通;摘帽,33,8,002951.SZ,002951
专精特新;传感器;芯片概念;比亚迪概念;机器人概念;汽车芯片;存储芯片;低空经济;PVDF概念;回购增持再贷款概念;民爆概念;融资融券,17,12,603375.SH,603375
存储芯片;先进封装;第三代半导体;芯片概念;共封装光学(CPO);汽车电子;超级电容;新能源汽车;机器人概念;无人机;人民币贬值受益;物联网;智能电网;储能;智能物流;虚拟电厂;央企国企改革;医疗器械概念;国企改革;数字经济;区块链;深股通;融资融券,33,23,000021.SZ,000021
商业航天;军工;特斯拉概念;长安汽车概念;华为汽车;比亚迪概念;新能源汽车;华为概念;数字经济;百度概念,33,10,002363.SZ,002363
ST板块;海南自贸区;仿制药一致性评价;肝炎概念;阿尔茨海默概念;辅助生殖;CRO概念,33,7,002693.SZ,002693
融资融券;氢能源;光伏概念;碳中和;国企改革;硅能源;芯片概念,151,7,920402.BJ,920402
铜缆高速连接;F5G概念;共封装光学(CPO);5G;华为海思概念股;第三代半导体;汽车电子;芯片概念;消费电子概念;数据中心;智能穿戴;新能源汽车;华为概念;充电桩;工业互联网;储能;车联网(车路协同);粤港澳大湾区;光伏概念;数字经济;一带一路;露营经济;体育产业;跨境电商;深股通;融资融券,33,26,002902.SZ,002902
碳交易;碳中和;土地流转;三胎概念;国企改革;乡村振兴;2025年报预增;白酒概念;沪股通,17,9,600189.SH,600189
存储芯片;芯片概念;数据中心;2025年报预增;人民币贬值受益;粤港澳大湾区;抖音概念(字节概念);腾讯概念;阿里巴巴概念;家用电器;深股通;融资融券,33,12,300475.SZ,300475
医疗器械概念;融资融券,17,2,688468.SH,688468
光伏建筑一体化;建筑节能;装配式建筑;新型城镇化;智慧城市;智能家居;高铁;人工智能;3D打印;安防;工业互联网;华为概念;虚拟现实;百度概念;腾讯概念;深股通;融资融券,33,17,002375.SZ,002375
智能电网;风电;充电桩;核电;光伏概念;储能;新能源汽车;专精特新;国企改革;芯片概念;数字孪生,33,11,002692.SZ,002692
BC电池;钙钛矿电池;PET铜箔;TOPCON电池;HJT电池;固态电池;钠离子电池;宁德时代概念;锂电池概念;光伏概念;2025年报预增;比亚迪概念;PCB概念;特斯拉概念;3D打印;储能;新型工业化;新能源汽车;机器视觉;高端装备;燃料电池;氢能源;智能物流;同花顺漂亮100;深股通;融资融券,33,26,300450.SZ,300450
农业种植;乡村振兴;可降解塑料;国企改革;旅游概念;西部大开发,17,6,600543.SH,600543
抖音概念(字节概念);MCU芯片;百度概念;存储芯片;毫米波雷达;汽车芯片;低空经济;跨境电商;东数西算(算力);物联网;海峡两岸;消费电子概念;芯片概念;统一大市场;AI眼镜;无人机;飞行汽车(eVTOL);智能物流;数据中心;创投;机器人概念;一带一路;汽车电子;比亚迪概念;液冷服务器;宁德时代概念;新能源汽车;2025年报预增;深股通;融资融券,33,30,300975.SZ,300975
AIGC概念;人工智能;创投;新型城镇化;粤港澳大湾区;2025年报预增;融资融券,33,7,301365.SZ,301365
AI应用;AIGC概念;AI智能体;数据要素;华为鲲鹏;DeepSeek概念;数据安全;网络安全;人工智能;信创;鸿蒙概念;国产操作系统;数字孪生;智慧城市;华为概念;共同富裕示范区;工业互联网;新型工业化;创投;智能物流;碳交易;航空发动机;机器人概念;一带一路;海工装备;碳中和;大飞机;核电;传感器;人形机器人;宁德时代概念;沪股通;融资融券,17,33,688777.SH,688777
乳业;冷链物流;深股通;融资融券,33,4,300973.SZ,300973
汽车芯片;MCU芯片;共封装光学(CPO);芯片概念;智能座舱;传感器;5G;人形机器人;专精特新;机器人概念;安防;储能;股权转让(并购重组);沪股通;融资融券,17,15,688536.SH,688536
锂电池概念;人造肉;专精特新;宁德时代概念;融资融券;固态电池;新型工业化,151,7,920284.BJ,920284
福建自贸区;海峡两岸;储能;锂电池概念;氢能源;新能源汽车;比亚迪概念;长安汽车概念;参股银行;人形机器人;无人机;机器人概念;两轮车;创投;融资融券;股权转让(并购重组),17,16,600067.SH,600067
国企改革;风电;海峡两岸;股权转让(并购重组),33,4,002802.SZ,002802
流感;养老概念;智能医疗;股权转让(并购重组),33,4,000590.SZ,000590
代糖概念;参股银行;中俄贸易概念;合成生物;三胎概念,33,5,002286.SZ,002286
稀土永磁;小金属概念;金属钴;风电;消费电子概念;华为概念;专精特新;比亚迪概念;固废处理;新能源汽车;机器人概念;人形机器人;2025年报预增;融资融券,17,14,688077.SH,688077
物业管理;养老概念;共同富裕示范区;长三角一体化,33,4,002188.SZ,002188
国产操作系统;信创;商业航天;鸿蒙概念;百度概念;东数西算(算力);MCU芯片;汽车芯片;DeepSeek概念;芯片概念;机器人概念;沪股通;融资融券,17,13,688047.SH,688047
长安汽车概念;华为汽车;小米汽车;比亚迪概念;小米概念,33,5,001260.SZ,001260
创新药;猴痘概念;2025年报预增;专精特新;创投;军民融合;知识产权保护;沪股通,17,8,603590.SH,603590
智能座舱;无人驾驶;同花顺新质50;小米汽车;华为汽车;长安汽车概念;传感器;毫米波雷达;车联网(车路协同);汽车电子;英伟达概念;比亚迪概念;机器人概念;华为概念;百度概念;粤港澳大湾区;海峡两岸;数字经济;回购增持再贷款概念;中国AI 50;深股通;融资融券,33,22,002920.SZ,002920
海峡两岸;三胎概念;融资融券,33,3,300955.SZ,300955
柔性直流输电;人形机器人;高压快充;新能源汽车;充电桩;高端装备;换电概念;比亚迪概念;风电;机器人概念;储能;核电;海工装备;光伏概念;工业互联网;军工;数据中心;水利;绿色电力;光纤概念;5G;股权转让(并购重组);国企改革;数字经济;深股通;融资融券,33,26,002276.SZ,002276
人形机器人;新型工业化;传感器;同花顺新质50;智能座舱;新能源汽车;芯片概念;机器视觉;机器人概念;英伟达概念;无人驾驶;消费电子概念;专精特新;3D打印;华为概念;虚拟现实;智能物流;MLOps概念;人脸识别;数字孪生;东数西算(算力);粤港澳大湾区;移动支付;空间计算;人工智能;阿里巴巴概念;元宇宙;蚂蚁集团概念;虚拟数字人;在线教育;沪股通;融资融券,17,32,688322.SH,688322
AI语料;AIGC概念;多模态AI;AI应用;AI智能体;短剧游戏;脑机接口;云计算;百度概念;阿里巴巴概念;智能医疗;腾讯概念;网络安全;鸿蒙概念;区块链;元宇宙;网络游戏;人工智能;DeepSeek概念;华为概念;数据中心;AI PC;创投;无人驾驶;机器人概念;人形机器人;融资融券;深股通,33,28,002195.SZ,002195
钠离子电池;固态电池;华为数字能源;虚拟电厂;锂电池概念;储能;比亚迪概念;5G;低空经济;动力电池回收;核电;燃料电池;数据中心;两轮车;华为概念;新能源汽车;风电;氢能源;阿里巴巴概念;绿色电力;抖音概念(字节概念);金属回收;小金属概念;深股通;融资融券,33,25,300068.SZ,300068
流感;维生素;仿制药一致性评价;肝炎概念;阿尔茨海默概念;创新药;猴痘概念;三胎概念;细胞免疫治疗;养老概念;融资融券,33,11,301130.SZ,301130
PET铜箔;固态电池;钠离子电池;氟化工概念;锂电池概念;PCB概念;宁德时代概念;动力电池回收;先进封装;富士康概念;消毒剂;比亚迪概念;芯片概念;5G;融资融券;深股通,33,16,002741.SZ,002741
网约车;互联网金融;物业管理;旅游概念;参股券商;低空经济;创投;百度概念;云计算;数据中心;沪股通;融资融券,17,12,600611.SH,600611
减速器;机器人概念;长三角一体化;共同富裕示范区,17,4,605055.SH,605055
专精特新;特斯拉概念;比亚迪概念;新能源汽车;融资融券;家用电器;5G;华为汽车;小米概念;宁德时代概念;富士康概念;减速器,151,12,920720.BJ,920720
固废处理;融资融券,33,2,301068.SZ,301068
化肥;煤化工概念;国企改革;钠离子电池;宁德时代概念;储能;比亚迪概念;股权转让(并购重组);融资融券,33,9,000707.SZ,000707
人形机器人;减速器;新能源汽车;比亚迪概念;机器人概念;专精特新;农机;2025年报预增;西部大开发;AI应用;融资融券;沪股通,17,12,603166.SH,603166
房屋检测;AI应用;建筑节能;水利;抽水蓄能;雅下水电概念;核电;可控核聚变;水泥概念;风电;军工;融资融券,17,12,603916.SH,603916
卫星导航;商业航天;5G;毫米波雷达;华为概念;军工;职业教育;芯片概念;创投;汽车电子;融资融券;深股通,33,12,002194.SZ,002194
特高压;虚拟电厂;绿色电力;一带一路;专精特新;融资融券,33,6,002606.SZ,002606
人造肉;大豆;融资融券,17,3,603231.SH,603231
储能;传感器;人形机器人;芯片概念;氢能源;机器人概念;机器视觉;智能家居;MCU芯片;无人机;数据中心;安防;物联网;新型城镇化;核电;跨境电商;人工智能;智慧城市;阿里巴巴概念;快手概念;融资融券;深股通,33,22,002960.SZ,002960
星闪概念;语音技术;智能音箱;人工智能;跨境电商;电子竞技;智能穿戴;阿里巴巴概念;智能医疗;无线耳机;医疗器械概念;消费电子概念;融资融券;深股通,33,14,002351.SZ,002351
专精特新;融资融券,151,2,920455.BJ,920455
流感;医药电商;仿制药一致性评价;肝炎概念;创新药;养老概念;国企改革;锂电池概念;深股通;融资融券,33,10,002349.SZ,002349
ST板块;粤港澳大湾区;创投;文化传媒概念;国企改革;短剧游戏;网络游戏;手机游戏,22,8,600892.SH,600892
钙钛矿电池;建筑节能;光伏概念;国企改革;新能源汽车;上海国企改革;比亚迪概念;上海自贸区;沪股通,17,9,600819.SH,600819
减速器;人形机器人;工业母机;机器人概念;比亚迪概念;新能源汽车;专精特新;家用电器;智能家居;安防;共同富裕示范区;深股通;融资融券,33,13,001306.SZ,001306
车联网(车路协同);机器视觉;职业教育;智慧城市;新型工业化;无人机;物联网;机器人概念;虚拟现实;人工智能;专精特新;高端装备;DeepSeek概念;高铁;AI智能体;多模态AI;一带一路;西部大开发;雅下水电概念;智能电网;钒电池;小金属概念,33,22,300789.SZ,300789
核电;3D打印;专精特新;PM2.5;一带一路;粤港澳大湾区;国企改革,33,7,300004.SZ,300004
高端装备;智能物流;机器人概念;专精特新;天津自贸区;大飞机;工业互联网;京津冀一体化;医疗器械概念;数字孪生;互联网金融,33,11,002337.SZ,002337
民营医院;预制菜;三胎概念;参股银行;信托概念;IP经济(谷子经济),17,6,600327.SH,600327
流感;创新药;肝炎概念;医药电商;仿制药一致性评价;维生素;幽门螺杆菌概念;减肥药;猴痘概念;西部大开发;人工智能;工业互联网;深股通,33,13,002907.SZ,002907
养鸡;预制菜;宠物经济;乡村振兴;体育产业;深股通;融资融券,33,7,301116.SZ,301116
PPP概念;垃圾分类;碳中和;智慧城市;医疗废物处理;乡村振兴;DeepSeek概念;人工智能;污水处理;低空经济;数字乡村;绿色电力;机器人概念;固废处理;无人驾驶;人形机器人;深股通,33,17,002973.SZ,002973
草甘膦;生态农业;TOPCON电池;染料;光伏概念;绿色电力;人民币贬值受益,33,7,002513.SZ,002513
算力租赁;云办公;华为昇腾;数据安全;东数西算(算力);阿里巴巴概念;百度概念;多模态AI;AI智能体;信创;虚拟数字人;元宇宙;数据要素;MR(混合现实);虚拟现实;数据中心;DeepSeek概念;华为概念;人工智能;数字乡村;空间计算;5G;数字孪生;智慧城市;工业互联网;华为数字能源;电力物联网;低空经济;智慧灯杆;无人机;军工;机器人概念;智能电网;跨境电商;虚拟电厂;充电桩;AI应用;储能;光伏概念;一带一路;乡村振兴;西部大开发;雄安新区;融资融券;深股通,33,45,002929.SZ,002929
医疗器械概念;专精特新,33,2,002817.SZ,002817
海南自贸区;自由贸易港;特色小镇;旅游概念;水泥概念;装配式建筑;垃圾分类;新型城镇化;PPP概念;水利;固废处理;雄安新区;一带一路;融资融券,33,14,002596.SZ,002596
代糖概念;煤化工概念;生物质能发电;合成生物;固态电池;锂电池概念;光伏概念;深股通;融资融券,33,9,002597.SZ,002597
白酒概念;猪肉;国企改革;深股通;融资融券,33,5,000860.SZ,000860
禽流感;合成生物;工业大麻;代糖概念;农业种植;啤酒概念;参股银行;西部大开发;回购增持再贷款概念;人民币贬值受益;乡村振兴;专精特新;股权转让(并购重组);深股通;融资融券,33,15,002166.SZ,002166
知识产权保护;在线教育;文化传媒概念;数据要素;国资云;DeepSeek概念;数字经济;智能医疗;中字头股票;国企改革;芯片概念;同花顺中特估100;沪股通;融资融券,17,14,601858.SH,601858
商业航天;量子科技;军工;低空经济;可控核聚变;物联网;安防;传感器;智能电网;新型工业化;海工装备;水利;专精特新;第三代半导体;虚拟现实;芯片概念;工业互联网;数字经济;数据中心;钙钛矿电池;光伏概念;消费电子概念;光纤概念;食品安全;医美概念,33,25,300667.SZ,300667
减速器;人形机器人;工业母机;卫星导航;机器人概念;新能源汽车;高端装备;海工装备;高铁;风电;深股通,33,11,300421.SZ,300421
文化传媒概念;体育产业;DeepSeek概念;阿里巴巴概念;同花顺漂亮100;深股通;融资融券;同花顺出海50,33,8,002027.SZ,002027
智谱AI;华为昇腾;多模态AI;语音技术;华为鲲鹏;AIGC概念;财税数字化;AI智能体;信创;腾讯概念;云办公;云计算;网络安全;阿里巴巴概念;卫星导航;数据要素;5G;算力租赁;数据确权;智慧政务;东数西算(算力);华为数字能源;在线教育;时空大数据;华为概念;智慧灯杆;芯片概念;区块链;人脸识别;无人机;人工智能;数据中心;安防;数字孪生;数字乡村;液冷服务器;DeepSeek概念;智慧城市;物联网;低空经济;新型工业化;数字经济;机器人概念;智能电网;智能医疗;粤港澳大湾区;智能物流;新型城镇化;AI应用;融资融券,33,50,301248.SZ,301248
在线教育;虚拟数字人;AIGC概念;算力租赁;阿里巴巴概念;信创;数字经济;人脸识别;DeepSeek概念;人工智能;语音技术;虚拟现实;时空大数据;东数西算(算力);华为概念;物联网;智能医疗;军民融合;京津冀一体化;数据中心;工业互联网;军工;电力物联网;充电桩;液冷服务器;高压快充;风电;AI应用,33,28,002771.SZ,002771
ST板块;风电;新型工业化;高端装备;长安汽车概念;创投;工业母机;人形机器人;蚂蚁集团概念;人工智能;网络安全;DeepSeek概念;算力租赁;文化传媒概念;东数西算(算力);数据要素;拼多多概念;智谱AI;抖音概念(字节概念);数据中心;小红书概念,33,21,002122.SZ,002122
一带一路;冷链物流;预制菜;沪股通,17,4,603057.SH,603057
光伏概念;比亚迪概念;专精特新;固态电池;锂电池概念;绿色电力;融资融券,33,7,301168.SZ,301168
ST板块;新型城镇化;PPP概念;装配式建筑;医疗器械概念;乡村振兴;光伏建筑一体化;数字货币;物业管理;数据中心;华为概念;粤港澳大湾区;区块链;风电;光伏概念;算力租赁;东数西算(算力),33,17,002822.SZ,002822
碳交易;碳中和;国企改革;西部大开发;人民币贬值受益;工业母机;网络安全;信创,33,8,000509.SZ,000509
智能物流;新能源汽车;比亚迪概念;创投;统一大市场,17,5,605151.SH,605151
装配式建筑;央企国企改革;新型城镇化;新疆振兴;建筑节能;雄安新区;国企改革;乡村振兴;一带一路;京津冀一体化;工业互联网;中字头股票,33,12,300374.SZ,300374
无人机;液冷服务器;低空经济;商业航天;新疆振兴;专精特新;高端装备;煤炭概念;高铁;风电;军工;军民融合;融资融券;西部大开发,151,14,920098.BJ,920098
融资融券;专精特新;体育产业,151,3,920527.BJ,920527
光伏概念;西部大开发;2025年报预增;金属回收;深股通;融资融券,33,6,300861.SZ,300861
BC电池;钙钛矿电池;TOPCON电池;商业航天;光伏概念;海南自贸区;新能源汽车;融资融券;深股通,33,9,002865.SZ,002865
中芯国际概念;富士康概念;芯片概念;海峡两岸;一带一路,17,5,603163.SH,603163
固态电池;有机硅概念;氟化工概念;锂电池概念;超级电容;OLED;光刻胶;CRO概念;减肥药;融资融券,17,10,688602.SH,688602
算力租赁;东数西算(算力);华为昇腾;智慧政务;AI智能体;数据中心;车联网(车路协同);智慧城市;6G概念;DeepSeek概念;人工智能;华为概念;F5G概念;5G;卫星导航;低空经济;共享单车;光纤概念;共封装光学(CPO);充电桩;新能源汽车;一带一路;储能;光伏概念;AI应用;锂电池概念;沪股通;融资融券,17,28,603220.SH,603220
京津冀一体化;海峡两岸;智能家居;人民币贬值受益,17,4,603818.SH,603818
动物疫苗;禽流感;合成生物;宠物经济;消毒剂;天津自贸区;回购增持再贷款概念;京津冀一体化;AI应用;深股通,33,10,300119.SZ,300119
光刻胶;专精特新;合成生物;猴痘概念;重组蛋白;融资融券,17,6,688179.SH,688179
2025年报预增;智能音箱;星闪概念;无线耳机;AI眼镜;智能穿戴;小米概念;消费电子概念;芯片概念;语音技术;物联网;专精特新;百度概念;抖音概念(字节概念);人工智能;独角兽概念;沪股通;融资融券,17,18,688332.SH,688332
宠物经济;PPP概念;雄安新区;新型城镇化;碳中和;特色小镇;机器人概念;旅游概念;股权转让(并购重组),17,9,603955.SH,603955
仿制药一致性评价;维生素;三胎概念;西部大开发;沪股通,17,5,603676.SH,603676
医疗器械概念;小米汽车;新能源汽车;专精特新;血氧仪;比亚迪概念;小米概念;特斯拉概念;低空经济;军工;华为概念;军民融合;融资融券,33,13,301552.SZ,301552
医药电商;流感;维生素;肝炎概念;创新药;仿制药一致性评价;基因测序;三胎概念;养老概念;医疗器械概念;智能医疗,33,11,300254.SZ,300254
商业航天;减速器;人形机器人;汽车热管理;特斯拉概念;小米汽车;比亚迪概念;一体化压铸;新能源汽车;储能;宁德时代概念;沪股通;融资融券,17,13,603305.SH,603305
核电;长三角一体化;高铁;海峡两岸;新能源汽车;2025年报预增;融资融券,17,7,601002.SH,601002
光刻胶;光刻机;PCB概念;固态电池;钠离子电池;锂电池概念;芯片概念;专精特新;3D打印;储能;京津冀一体化;融资融券,17,12,688199.SH,688199
第三代半导体;芯片概念;富士康概念;苹果概念;PET铜箔;专精特新;比亚迪概念;光伏概念;锂电池概念;TOPCON电池;钙钛矿电池;深股通;融资融券,33,13,301392.SZ,301392
特斯拉概念;新能源汽车;人民币贬值受益;沪股通;融资融券,17,5,603997.SH,603997
民营医院;养老概念;细胞免疫治疗;基因测序;机器人概念;物业管理;创新药;IP经济(谷子经济);沪股通;融资融券,17,10,600682.SH,600682
柔性直流输电;特高压;智能电网;核电;储能,33,5,300215.SZ,300215
无人驾驶;露营经济;军工;参股银行;智能物流;储能;机器人概念;跨境电商;人民币贬值受益;智能家居;芯片概念;深股通;融资融券,33,13,002444.SZ,002444
新型城镇化;PPP概念;地下管网;ST板块;海峡两岸;污水处理;水利;无人驾驶;一带一路;锂电池概念;减速器;新能源汽车;汽车热管理;核电,33,14,300198.SZ,300198
特斯拉概念;燃料电池;新能源汽车;比亚迪概念;氢能源;锂电池概念;储能;深股通;融资融券,33,9,002662.SZ,002662
量子科技;数字经济;京津冀一体化;创投;数据要素;人工智能;云计算;国企改革;芯片概念;沪股通,17,10,600658.SH,600658
MCU芯片;汽车芯片;芯片概念;消费电子概念;OLED;汽车电子;智能穿戴;柔性屏(折叠屏);无人机;机器人概念;智能家居;物联网;锂电池概念;储能;家用电器;深股通;股权转让(并购重组);融资融券,33,18,300327.SZ,300327
农机;一带一路;乡村振兴;融资融券,33,4,301032.SZ,301032
跨境电商;可降解塑料;人民币贬值受益;深股通;融资融券,33,5,001356.SZ,001356
信托概念;互联网金融;物业管理;参股券商;沪股通;融资融券,17,6,600643.SH,600643
特斯拉概念;新能源汽车;比亚迪概念;专精特新;融资融券;沪股通,17,6,601702.SH,601702
锂电池概念;融资融券,17,2,603285.SH,603285
固废处理;储能;核电;粤港澳大湾区;2025年报预增,33,5,000037.SZ,000037
高压快充;MiniLED;粤港澳大湾区;5G;汽车电子;数据中心;消费电子概念;比亚迪概念;EDR概念;小米概念;宁德时代概念;新能源汽车;铜缆高速连接;特斯拉概念;无线充电;华为概念;ST板块;无人驾驶;OLED;车联网(车路协同);数据要素;存储芯片,33,22,002055.SZ,002055
华为鲲鹏;网络安全;数据安全;数据确权;智慧政务;鸿蒙概念;信创;华为昇腾;AI智能体;数字经济;军工信息化;车联网(车路协同);人工智能;DeepSeek概念;低空经济;军工;芯片概念;AI应用,33,18,300659.SZ,300659
存储芯片;富士康概念;第三代半导体;工业母机;芯片概念;柔性屏(折叠屏);消费电子概念;比亚迪概念;新型工业化;专精特新;3D打印;高端装备;机器人概念;大飞机;PCB概念,33,15,300606.SZ,300606
钠离子电池;固态电池;锂电池概念;比亚迪概念;新能源汽车;专精特新;深股通;融资融券,33,8,301292.SZ,301292
合成生物;仿制药一致性评价;阿尔茨海默概念,17,3,605177.SH,605177
手机游戏;网络游戏;短剧游戏;AIGC概念;电子竞技;AI智能体;虚拟现实;创投;沪股通,17,9,603258.SH,603258
固态电池;锂电池概念;宁德时代概念;比亚迪概念;OLED;航运概念;特高压;国企改革;粤港澳大湾区;AI眼镜;融资融券;证金持股;深股通;股权转让(并购重组),33,14,000973.SZ,000973
共封装光学(CPO);光纤概念;富士康概念;MR(混合现实);华为手机;苹果概念;数据中心;芯片概念;消费电子概念;小米概念;人形机器人;华为概念;无人机;机器视觉;虚拟现实;新型工业化;机器人概念;智谱AI;Web3.0;宁德时代概念;光伏概念;专精特新;元宇宙;Sora概念(文生视频);空间计算;人工智能;AIGC概念;虚拟数字人;数字经济;锂电池概念;2025年报预增;沪股通;融资融券,17,33,688400.SH,688400
飞行汽车(eVTOL);长安汽车概念;长三角一体化;机器人概念;车联网(车路协同);融资融券;智能物流;无人驾驶;数据中心;小米汽车;智能家居;新能源汽车;家用电器;净水概念;充电桩;华为汽车;低空经济;人民币贬值受益;PCB概念;储能;人形机器人,151,21,920346.BJ,920346
特斯拉概念;第三代半导体;新能源汽车;人形机器人;芯片概念;机器人概念;电力物联网;绿色电力;5G;数据中心;智能家居;跨境电商;深股通;融资融券,33,14,002617.SZ,002617
期货概念;区块链;参股券商;国企改革;深股通;股权转让(并购重组);融资融券,33,7,002670.SZ,002670
融资融券;食品安全;专精特新;猪肉,151,4,920970.BJ,920970
液冷服务器;空气能热泵;数据中心;家用电器;专精特新;融资融券,33,6,301399.SZ,301399
碳纤维;军民融合;军工;商业航天;军工信息化;高铁;低空经济;卫星导航;PCB概念;专精特新;风电;毫米波雷达;先进封装;一带一路;新能源汽车;传感器;光伏概念;芯片概念;机器人概念;国企改革;消费电子概念;5G;回购增持再贷款概念;华为概念;MCU芯片;锂电池概念;数字经济,33,27,002669.SZ,002669
国家大基金持股;存储芯片;先进封装;汽车芯片;中芯国际概念;第三代半导体;同花顺果指数;芯片概念;共封装光学(CPO);苹果概念;汽车电子;智能穿戴;毫米波雷达;机器人概念;无人驾驶;人民币贬值受益;物联网;人工智能;央企国企改革;国企改革;沪股通;融资融券;股权转让(并购重组),17,23,600584.SH,600584
央企国企改革;新能源汽车;国企改革;融资融券,17,4,600469.SH,600469
预制菜;宠物经济;沪股通,17,3,605338.SH,605338
新型城镇化;装配式建筑;建筑节能;光伏建筑一体化;风电;储能;上海自贸区;职业教育;数据中心;光伏概念;区块链;蚂蚁集团概念;融资融券,33,13,301024.SZ,301024
减速器;人形机器人;机器人概念;工业互联网;新能源汽车;专精特新;储能;C2M概念;绿色电力;宁德时代概念;锂电池概念;融资融券;深股通,33,13,300382.SZ,300382
脑机接口;智能医疗;医美概念;AI智能体;人工智能;医疗器械概念;DeepSeek概念;辅助生殖;机器人概念;专精特新;三胎概念;融资融券,17,12,688273.SH,688273
股权转让(并购重组);先进封装;芯片概念;机器人概念;国企改革;沪股通,17,6,600520.SH,600520
共封装光学(CPO);PCB概念;富士康概念;5G;消费电子概念;汽车电子;商业航天;卫星导航;无人机;海峡两岸;比亚迪概念;数据中心;宁德时代概念;低空经济;华为概念;智能座舱;新能源汽车;物联网;东数西算(算力);无人驾驶;机器人概念;华为汽车;车联网(车路协同);固态电池;充电桩;储能;智能家居;高铁;创投;融资融券,33,30,301282.SZ,301282
商业航天;智慧灯杆;智慧城市;机器人概念;人形机器人;体育产业;光伏概念;储能;融资融券,33,9,301002.SZ,301002
新型城镇化;PPP概念;污水处理;粤港澳大湾区,17,4,603797.SH,603797
云游戏;Sora概念(文生视频);网络游戏;手机游戏;多模态AI;AIGC概念;ChatGPT概念;脑机接口;电子竞技;虚拟数字人;NFT概念;AI智能体;在线教育;元宇宙;文化传媒概念;人工智能;虚拟现实;华为概念;养老概念;AI应用;创投;深股通;融资融券,33,23,002555.SZ,002555
三胎概念;C2M概念;沪股通;融资融券,17,4,603193.SH,603193
机器人概念;无人驾驶;海工装备;融资融券;减速器;风电;新能源汽车;专精特新;中俄贸易概念;军民融合;人形机器人;军工,151,12,920839.BJ,920839
PCB概念;共封装光学(CPO);汽车电子;5G;毫米波雷达;新能源汽车;智能家居;数据中心;智能物流;东数西算(算力);工业互联网;储能;一带一路;商业航天,17,14,605058.SH,605058
钠离子电池;固态电池;华为手机;无线耳机;消费电子概念;锂电池概念;AI眼镜;智能穿戴;比亚迪概念;储能;新能源汽车;同花顺果指数;苹果概念;机器人概念;小米概念;5G;无人机;粤港澳大湾区;人民币贬值受益;物联网;华为概念;深股通;融资融券,33,23,000049.SZ,000049
海南自贸区;自由贸易港;网约车;参股银行;乡村振兴;充电桩;车联网(车路协同);碳中和;中俄贸易概念;燃料电池;无人驾驶;新能源汽车;氢能源;绿色电力;百度概念;人民币贬值受益;融资融券;深股通,33,18,000572.SZ,000572
医疗器械概念;智能物流;国企改革;DRG/DIP;数据要素;财税数字化;深股通;融资融券,33,8,301370.SZ,301370
MiniLED;华为手机;柔性屏(折叠屏);智能穿戴;消费电子概念;无线耳机;智慧灯杆;汽车电子;智能音箱;海峡两岸;小米概念;无人机;智能座舱;福建自贸区;5G;卫星导航;智能家居;机器人概念;华为概念;国企改革;抖音概念(字节概念);融资融券;沪股通,17,23,600203.SH,600203
旅游概念;冰雪产业;IP经济(谷子经济);文化传媒概念;短剧游戏;网络游戏;手机游戏;露营经济;元宇宙;低空经济;飞行汽车(eVTOL);沪股通,17,12,600576.SH,600576
文化传媒概念;IP经济(谷子经济);短剧游戏;在线教育;AIGC概念;数据要素;多模态AI;独角兽概念;人工智能;虚拟现实;国企改革;融资融券;沪股通,17,13,600229.SH,600229
3D打印;柔性屏(折叠屏),33,2,300521.SZ,300521
共封装光学(CPO);铜缆高速连接;液冷服务器;PCB概念;宁德时代概念;消费电子概念;新型烟草(电子烟);汽车电子;锂电池概念;比亚迪概念;人形机器人;小米概念;新能源汽车;储能;机器人概念;深股通;融资融券,33,17,301123.SZ,301123
液冷服务器;汽车热管理;空气能热泵;数据中心;新能源汽车;长安汽车概念;专精特新;冷链物流;融资融券,33,9,301252.SZ,301252
ST板块;虚拟现实;华为概念;粤港澳大湾区;数字孪生;数据中心;东数西算(算力);网络安全;算力租赁;腾讯概念;阿里巴巴概念;云游戏;区块链;数字经济;电子竞技;云计算;元宇宙;互联网金融;手机游戏;网络游戏;NFT概念;虚拟数字人;旅游概念,33,23,300052.SZ,300052
新型工业化;高端装备;工业母机;机器视觉;专精特新;工业互联网;机器人概念;人形机器人;物联网;信创;牙科医疗,33,11,300508.SZ,300508
锂电池概念;固态电池;高铁;氢能源;军工;无人机;国企改革;军民融合;机器人概念;智能穿戴;新能源汽车;深股通;融资融券,33,13,002254.SZ,002254
人形机器人;新型工业化;传感器;比亚迪概念;机器人概念;融资融券,17,6,688255.SH,688255
超超临界发电;风电;绿色电力;碳交易;碳中和;国企改革;2025年报预增;深股通;融资融券,33,9,000767.SZ,000767
高压氧舱;脑机接口;智能医疗;细胞免疫治疗;辅助生殖;民营医院;医美概念;养老概念;阿里巴巴概念;DeepSeek概念;毛发医疗;人工智能;三胎概念;旅游概念;华为概念;西部大开发;机器人概念;深股通;融资融券,33,19,000516.SZ,000516
抽水蓄能;智能电网;虚拟电厂;风电;高压快充;光伏建筑一体化;充电桩;绿色电力;储能;光伏概念;生物质能发电;碳中和;垃圾分类;高铁;数据中心;黑龙江自贸区;华为概念,33,17,300040.SZ,300040
人形机器人;新型工业化;机器视觉;机器人概念;工业互联网;特斯拉概念;传感器;无人驾驶;高端装备;比亚迪概念;3D打印;人工智能;军工;智能物流;专精特新;医疗器械概念;换电概念;芯片概念;职业教育;宁德时代概念;养老概念;国家大基金持股;国企改革;参股保险;深股通;融资融券,33,26,300024.SZ,300024
华为汽车;长安汽车概念;特斯拉概念;小米汽车;新能源汽车;比亚迪概念;换电概念;机器人概念;专精特新;小米概念;储能;锂电池概念;融资融券,33,13,301186.SZ,301186
PCB概念;2025年报预增;工业母机;粤港澳大湾区;机器视觉;高端装备;机器人概念;深股通;融资融券,33,9,301377.SZ,301377
光刻胶;先进封装;2025年报预增;芯片概念;高铁;新能源汽车;3D打印;风电;大飞机;丙烯酸;锂电池概念;在线教育,17,12,603928.SH,603928
可控核聚变;超导概念;高压快充;智能电网;铜缆高速连接;军工;特斯拉概念;人形机器人;比亚迪概念;新能源汽车;机器人概念;数据中心;工业互联网;ERP概念;移动支付;跨境支付(CIPS);沪股通;股权转让(并购重组);融资融券,17,19,600577.SH,600577
跨境电商;西部大开发;融资融券;深股通,33,4,300755.SZ,300755
白酒概念;沪股通;融资融券,17,3,603198.SH,603198
新型城镇化;智能家居;物联网;安防;智慧城市;人脸识别;华为概念;数据要素,17,8,605268.SH,605268
东数西算(算力);算力租赁;新型城镇化;垃圾分类;PPP概念;芯片概念;摘帽,33,7,300536.SZ,300536
猴痘概念;流感;肝炎概念;医药电商;仿制药一致性评价;维生素;医疗器械概念;回购增持再贷款概念,17,8,603811.SH,603811
乳业;啤酒概念;共同富裕示范区;养老概念;沪股通,17,5,605337.SH,605337
中俄贸易概念;一带一路;新能源汽车;深股通;百度概念;融资融券,33,6,000980.SZ,000980
人形机器人;PPP概念;创投;跨境电商;沪股通;融资融券,17,6,600053.SH,600053
AIGC概念;AI智能体;数据要素;腾讯概念;智能医疗;DeepSeek概念;人工智能;基因测序;食品安全;华为概念;细胞免疫治疗;医疗器械概念;AI应用;幽门螺杆菌概念;肝炎概念;机器人概念;冷链物流;融资融券;沪股通,17,19,603882.SH,603882
可降解塑料;注册制次新股;一带一路;专精特新;深股通;新股与次新股;融资融券,33,7,301501.SZ,301501
生物质能发电;雄安新区;净水概念;固废处理;绿色电力;生态农业;空气能热泵;家用电器;氢能源;天然气;PM2.5;创投;粤港澳大湾区;智能家居;光伏概念;锂电池概念;工业互联网;物联网;人工智能,33,19,300335.SZ,300335
乡村振兴;专精特新;国企改革;人工智能;数字经济;数字乡村;AI智能体;国资云;中字头股票,17,9,603860.SH,603860
汽车电子;人民币贬值受益;安防;专精特新;小米概念;消费电子概念;虚拟现实;MR(混合现实);华为概念,33,9,002962.SZ,002962
IP经济(谷子经济);NFT概念;DeepSeek概念;AI智能体;跨境电商;露营经济;家用电器;物联网;超级品牌;2025年报预增;融资融券,33,11,301055.SZ,301055
MicroLED概念;柔性屏(折叠屏);智能穿戴;虚拟现实;人脸识别;小米概念;汽车电子;消费电子概念;OLED;华为手机;芯片概念;绿色电力;深股通;股权转让(并购重组);融资融券,33,15,002387.SZ,002387
商业航天;卫星导航;生态农业;土壤修复;一带一路;东数西算(算力);工业大麻;新型烟草(电子烟);回购增持再贷款概念;跨境电商;深股通;融资融券,33,12,002565.SZ,002565
华为昇腾;华为欧拉;云计算;财税数字化;华为鲲鹏;华为盘古;多模态AI;国产操作系统;信创;AI智能体;算力租赁;鸿蒙概念;数据安全;腾讯概念;百度概念;ChatGPT概念;区块链;阿里巴巴概念;数字货币;AIGC概念;元宇宙;数据要素;ERP概念;抖音概念(字节概念);在线教育;跨境支付(CIPS);虚拟数字人;数字乡村;东数西算(算力);DeepSeek概念;人工智能;数字经济;互联网金融;车联网(车路协同);数字孪生;中国AI 50;职业教育;华为概念;智能医疗;低空经济;工业互联网;英伟达概念;5G;AI PC;京津冀一体化;无人驾驶;小米概念;机器人概念;智能座舱;人形机器人;养老概念;跨境电商;芯片概念;长安汽车概念;液冷服务器;换电概念;虚拟电厂;一带一路;AI应用;深股通;融资融券,33,61,301236.SZ,301236
共封装光学(CPO);新型烟草(电子烟);苹果概念;MicroLED概念;AI PC;MiniLED;数据中心;MR(混合现实);新型工业化;华为海思概念股;消费电子概念;芯片概念;粤港澳大湾区;比亚迪概念;AI眼镜;专精特新;机器视觉;华为概念;高端装备;汽车电子;机器人概念;空间计算;虚拟现实;元宇宙;深股通;融资融券,33,26,301312.SZ,301312
物业管理;国企改革;西部大开发,33,3,000514.SZ,000514
PPP概念;污水处理;碳交易;碳中和;国企改革;共同富裕示范区;PM2.5;机器人概念,17,8,600526.SH,600526
共封装光学(CPO);光纤概念;富士康概念;芯片概念;消费电子概念;5G;MR(混合现实);数据中心;比亚迪概念;新型工业化;高端装备;东数西算(算力);华为概念;虚拟现实;粤港澳大湾区;华为昇腾;阿里巴巴概念;抖音概念(字节概念);股权转让(并购重组);深股通;融资融券,33,21,301486.SZ,301486
减速器;机器人概念;特斯拉概念;新能源汽车;两轮车;专精特新;军工;长三角一体化;风电;商业航天,33,10,300817.SZ,300817
新能源汽车;华为汽车;低空经济;粤港澳大湾区;人形机器人;数据中心;宁德时代概念;储能;锂电池概念;固态电池;深股通;融资融券,33,12,301631.SZ,301631
预制菜;猪肉;宠物经济;冷链物流;网红经济;乡村振兴;绿色电力;回购增持再贷款概念,33,8,002330.SZ,002330
ST板块;工业大麻;医疗器械概念;食品安全;专精特新;污水处理;土壤修复;华为概念;锂电池概念,33,9,300165.SZ,300165
中俄贸易概念;体育产业;人民币贬值受益;融资融券;两轮车,151,5,920058.BJ,920058
小米汽车;新能源汽车;医疗器械概念;比亚迪概念;特斯拉概念;小米概念,17,6,603788.SH,603788
MiniLED;柔性屏(折叠屏);小米概念;智能穿戴;光伏概念;富士康概念;AI眼镜;OLED;华为概念;锂电池概念;虚拟现实;TOPCON电池;POE胶膜;深股通;融资融券,33,15,300566.SZ,300566
融资融券;基因测序;合成生物;专精特新,151,4,920685.BJ,920685
创新药;融资融券,17,2,688163.SH,688163
人造肉;绿色电力;工业大麻;预制菜;一带一路;海峡两岸;军民融合;区块链;深股通;融资融券,33,10,002303.SZ,002303
商业航天;军工;低空经济;传感器;华为海思概念股;高端装备;特斯拉概念;比亚迪概念;芯片概念;海工装备;汽车电子;专精特新;核电;消费电子概念;华为概念;先进封装;宁德时代概念;储能;中芯国际概念;深股通;融资融券,33,21,300416.SZ,300416
储能;充电桩;人民币贬值受益;智能电网;一带一路;新股与次新股;融资融券;国企改革;西部大开发;央企国企改革,151,10,920029.BJ,920029
合成生物;生态农业;2025年报预增;锂电池概念;融资融券,17,5,603276.SH,603276
民营医院;眼科医疗;智能医疗;福建自贸区;DeepSeek概念;人工智能;海峡两岸;智能穿戴;5G;AI眼镜;深股通;融资融券,33,12,301267.SZ,301267
减速器;人形机器人;一体化压铸;机器人概念;新能源汽车;比亚迪概念;农机;高端装备;储能;工业互联网;回购增持再贷款概念;虚拟电厂;碳中和;碳交易;绿色电力;深股通;融资融券,33,17,002434.SZ,002434
化肥;数字乡村;新股与次新股;融资融券,151,4,920159.BJ,920159
人形机器人;PEEK材料;特斯拉概念;碳纤维;无人机;机器人概念;新能源汽车;低空经济;商业航天;5G;数据中心;充电桩;氢能源;储能;创投;粤港澳大湾区;可降解塑料;数字经济;光伏概念;锂电池概念;碳中和;固态电池;医疗器械概念;合成生物;沪股通;融资融券,17,26,600143.SH,600143
流感;毛发医疗;肝炎概念;农业种植;乡村振兴,33,5,002566.SZ,002566
乳业;三胎概念;冷链物流;乡村振兴;共同富裕示范区;长三角一体化;2025年报预增;沪股通,17,8,605179.SH,605179
人形机器人;工业母机;新型工业化;机器人概念;高端装备;专精特新;海峡两岸;跨境电商;深股通;融资融券,33,10,300946.SZ,300946
英伟达概念;中国AI 50;液冷服务器;AI PC;智能音箱;AI眼镜;华为手机;无线耳机;数据中心;星闪概念;汽车电子;智能穿戴;小米概念;东数西算(算力);智能座舱;消费电子概念;人形机器人;芯片概念;毫米波雷达;华为概念;虚拟现实;阿里巴巴概念;腾讯概念;无人驾驶;抖音概念(字节概念);机器人概念;上海自贸区;智能家居;医疗器械概念;沪股通;融资融券,17,31,603296.SH,603296
乡村振兴;合成生物;粤港澳大湾区,33,3,001366.SZ,001366
海工装备;数据中心;专精特新;液冷服务器;人民币贬值受益;冷链物流;装配式建筑;预制菜,17,8,603339.SH,603339
物业管理;参股银行;雄安新区;国企改革;长三角一体化;互联网金融;独角兽概念;融资融券,17,8,600533.SH,600533
白酒概念;IP经济(谷子经济);人工智能;智能物流;腾讯概念;融资融券,17,6,603777.SH,603777
C2M概念;人民币贬值受益;回购增持再贷款概念;跨境电商;智能家居;独角兽概念;鸿蒙概念;沪股通,17,8,603313.SH,603313
民营医院;医美概念;牙科医疗;文化传媒概念;深股通;融资融券,33,6,000718.SZ,000718
文化传媒概念;IP经济(谷子经济);在线教育;黑龙江自贸区;国企改革;一带一路;沪股通,17,7,605577.SH,605577
智能医疗;医疗器械概念;DeepSeek概念;阿里巴巴概念;AI智能体;云计算;京津冀一体化;机器人概念;数据中心;一带一路;绿色电力;超导概念;沪股通;融资融券,17,14,600055.SH,600055
土壤修复;PPP概念;化债概念(AMC概念);新型城镇化;生态农业;碳中和;碳交易;西部大开发;一带一路;足球概念;深股通;融资融券,33,12,300355.SZ,300355
跨境电商;智能家居;无线充电;无线耳机;AI眼镜;人民币贬值受益;机器人概念;充电桩;安防;消费电子概念;3D打印;储能;芯片概念;人工智能;深股通;融资融券,33,16,300866.SZ,300866
宠物经济;维生素;人民币贬值受益;DeepSeek概念;深股通,33,5,300791.SZ,300791
芯片概念;专精特新;5G;国家大基金持股;物联网;人民币贬值受益;沪股通;融资融券,17,8,688512.SH,688512
光刻机;光刻胶;中芯国际概念;OLED;芯片概念;数据中心;海峡两岸;食品安全;融资融券;深股通,33,10,300260.SZ,300260
ST板块;建筑节能;新型城镇化;粤港澳大湾区;充电桩;装配式建筑;储能;横琴新区;创投;互联网金融;智慧城市;智能电网;人工智能;绿色电力;养老概念;国企改革,33,16,002789.SZ,002789
AI应用;超级品牌;跨境支付(CIPS);网红经济;跨境电商;数据要素;移动支付;IP经济(谷子经济);虚拟数字人;数字货币;DeepSeek概念;人工智能;数字经济;参股券商;阿里巴巴概念;统一大市场;共同富裕示范区;同花顺中特估100;国企改革;中俄贸易概念;一带一路;绿色电力;数据中心;回购增持再贷款概念;沪股通;融资融券;同花顺出海50,17,27,600415.SH,600415
猴痘概念;流感;肝炎概念;幽门螺杆菌概念;基因测序;智能医疗;西部大开发;深股通;机器人概念;人形机器人;融资融券,33,11,300463.SZ,300463
汽车热管理;新能源汽车;比亚迪概念;长安汽车概念;专精特新;污水处理;沪股通,17,7,603040.SH,603040
共同富裕示范区;体育产业;国企改革;IP经济(谷子经济);沪股通;MR(混合现实);元宇宙,17,7,600814.SH,600814
金属回收;可降解塑料;国企改革;充电桩,17,4,600281.SH,600281
华为汽车;新能源汽车;汽车电子;无人驾驶;芯片概念;消费电子概念;先进封装;智能穿戴;国企改革;汽车芯片;绿色电力;卫星导航;商业航天;华为手机;5G;深股通;股权转让(并购重组),33,17,002516.SZ,002516
养老概念;参股银行;互联网金融;独角兽概念;工业互联网;军工;机器人概念;沪股通;融资融券,17,9,600400.SH,600400
碳纤维;大飞机;低空经济;飞行汽车(eVTOL);无人机;风电;国企改革;体育产业;冰雪产业;融资融券;深股通,33,11,000420.SZ,000420
啤酒概念;预制菜;冰雪产业;工业大麻;足球概念;一带一路;体育产业;京津冀一体化;储能;新能源汽车;锂电池概念;深股通;融资融券;虚拟数字人;人工智能;股权转让(并购重组),33,16,002701.SZ,002701
新型城镇化;污水处理;净水概念;土壤修复;碳中和;固废处理;乡村振兴;生态农业;京津冀一体化;国企改革;核污染防治;无人机;人工智能;磷化工;AI智能体;融资融券,33,16,300958.SZ,300958
海工装备;核电;回购增持再贷款概念;垃圾分类;人民币贬值受益;融资融券,33,6,301468.SZ,301468
烟草;人造肉;西部大开发;一带一路;宠物经济;新型烟草(电子烟);融资融券;深股通,33,8,300741.SZ,300741
汽车芯片;先进封装;第三代半导体;芯片概念;汽车电子;传感器;专精特新;比亚迪概念;新能源汽车;无人驾驶;融资融券,17,11,688689.SH,688689
AI应用;AI智能体;云计算;华为鲲鹏;华为欧拉;信创;人工智能;华为概念;物联网;华为海思概念股;2025年报预增;芯片概念;回购增持再贷款概念;沪股通;融资融券,17,15,688258.SH,688258
注册制次新股;绿色电力;工业互联网;数字经济;新股与次新股;融资融券,17,6,603382.SH,603382
汽车热管理;长安汽车概念;华为汽车;特斯拉概念;空气能热泵;新能源汽车;储能;比亚迪概念;燃料电池;液冷服务器;传感器;专精特新;无线充电;汽车电子;氢能源;数据中心;智能座舱;华为概念,17,18,603158.SH,603158
卫星导航;低空经济;信创;人工智能;工业互联网;智慧城市;区块链;大飞机;高端装备;安防;专精特新;储能;高铁;钒电池,33,14,002296.SZ,002296
仿制药一致性评价;流感;创新药;西部大开发;深股通;融资融券,33,6,002275.SZ,002275
国家大基金持股;存储芯片;芯片概念;2025年报预增;2025三季报预增;专精特新;海峡两岸;融资融券;深股通,33,9,300604.SZ,300604
参股银行;共同富裕示范区;黄金概念,17,3,600857.SH,600857
PCB概念;MiniLED;汽车电子;锂电池概念;融资融券,33,5,301176.SZ,301176
预制菜;食品安全;基因测序;幽门螺杆菌概念;医疗器械概念;人民币贬值受益;CRO概念;猴痘概念;深股通,33,9,002086.SZ,002086
绿色电力;碳交易;智能电网;风电;碳中和;污水处理;航运概念;海峡两岸;参股银行;国企改革;创投;互联网金融;深股通;融资融券,33,14,000993.SZ,000993
钠离子电池;固态电池;锂电池概念;宁德时代概念;石墨电极;石墨烯;储能;比亚迪概念;硅能源;特斯拉概念;新能源汽车;融资融券,33,12,300890.SZ,300890
光纤概念;海工装备;军工;金属铜;风电;融资融券;特高压;核电;光伏概念;充电桩;专精特新,151,11,920682.BJ,920682
农业种植;乡村振兴,33,2,002852.SZ,002852
WiFi 6;智能音箱;鸿蒙概念;虚拟现实;物联网;元宇宙;智能家居;区块链;智能穿戴;华为概念;无线耳机;5G;粤港澳大湾区;工业互联网;创投;消费电子概念;机器人概念;汽车电子;新型工业化;跨境电商;储能;融资融券;深股通,33,23,002369.SZ,002369
减速器;长安汽车概念;人形机器人;机器人概念;飞行汽车(eVTOL);股权转让(并购重组);无人驾驶;低空经济;新能源汽车;比亚迪概念;军工;智能座舱;汽车电子;回购增持再贷款概念;智能穿戴;国企改革;消费电子概念;AI眼镜;PCB概念;2025年报预增;深股通,33,21,002708.SZ,002708
钠离子电池;固态电池;锂电池概念;宁德时代概念;磷化工;比亚迪概念;长安汽车概念;专精特新;融资融券,33,9,002805.SZ,002805
专精特新;共同富裕示范区;家用电器;光伏概念;比亚迪概念;军工;长三角一体化;高铁;超导概念;新能源汽车;有机硅概念;水利;风电;核电,33,14,001255.SZ,001255
海峡两岸;华为汽车;PPP概念;固废处理,33,4,002674.SZ,002674
中俄贸易概念;上海自贸区;新能源汽车;一带一路;国企改革;汽车热管理;百度概念;沪股通;融资融券,17,9,603107.SH,603107
存储芯片;国家大基金持股;先进封装;AI PC;AI手机;EDR概念;芯片概念;AI眼镜;消费电子概念;智能穿戴;2025年报预增;智能座舱;小米概念;专精特新;小米汽车;数据中心;华为概念;机器人概念;人民币贬值受益;数据安全;信创;华为鲲鹏;深股通;融资融券,33,24,301308.SZ,301308
光刻胶;中芯国际概念;OLED;存储芯片;先进封装;第三代半导体;光纤概念;芯片概念;光伏概念;电子纸;新能源汽车;深股通;融资融券,33,13,300398.SZ,300398
乡村振兴;农机;国企改革;两轮车;专精特新;央企国企改革;无人驾驶,17,7,600099.SH,600099
动力电池回收;锂电池概念;固态电池;小金属概念;氢能源;储能;燃料电池;两轮车;新能源汽车;军工;数据中心;共享单车;2025年报预增;商业航天;航空发动机;军民融合;区块链;融资融券;沪股通,17,19,600478.SH,600478
锂电池概念;融资融券,33,2,000910.SZ,000910
3D打印;光伏概念;PEEK材料;机器人概念;一带一路;减速器;人形机器人;回购增持再贷款概念;深股通;融资融券,33,10,301216.SZ,301216
先进封装;第三代半导体;光刻机;汽车芯片;芯片概念;消费电子概念;汽车电子;光刻胶;传感器;新能源汽车;人民币贬值受益;虚拟现实;华为概念;长三角一体化;沪股通;融资融券,17,16,603005.SH,603005
人形机器人;工业母机;新型工业化;传感器;机器人概念;比亚迪概念;富士康概念;工业互联网;芯片概念;专精特新;华为概念;人工智能;宁德时代概念;锂电池概念;沪股通;融资融券,17,16,688320.SH,688320
机器视觉;专精特新;机器人概念;无人机;华为概念;芯片概念;量子科技;华为手机;6G概念;人工智能;宁德时代概念;京津冀一体化;太赫兹;元宇宙;数据要素;腾讯概念;智能医疗;眼科医疗;AIGC概念;虚拟数字人;Sora概念(文生视频);期货概念;融资融券;沪股通,17,24,600288.SH,600288
光刻胶;深股通;融资融券,33,3,002453.SZ,002453
氟化工概念;钠离子电池;磷化工;固态电池;宁德时代概念;锂电池概念;比亚迪概念;家用电器;深股通;融资融券,33,10,002759.SZ,002759
钠离子电池;固态电池;宁德时代概念;动力电池回收;锂电池概念;比亚迪概念;储能;特斯拉概念;新能源汽车;金属钴;飞行汽车(eVTOL);高端装备;小金属概念;无人机;低空经济;国企改革;央企国企改革;深股通;融资融券,33,19,300073.SZ,300073
文化传媒概念;手机游戏;网络游戏;抖音概念(字节概念);IP经济(谷子经济);上海国企改革;乡村振兴;国企改革;沪股通,17,9,601595.SH,601595
量子科技;创投;共同富裕示范区;参股保险;国企改革;参股券商;信托概念;参股银行;期货概念;证金持股;中芯国际概念;融资融券;沪股通,17,13,600120.SH,600120
BC电池;TOPCON电池;HJT电池;硅能源;光伏概念;商业航天;同花顺漂亮100;芯片概念;一带一路;中芯国际概念;深股通;融资融券,33,12,002129.SZ,002129
虚拟数字人;ChatGPT概念;在线教育;短剧游戏;区块链;AI智能体;华为鲲鹏;职业教育;阿里巴巴概念;DeepSeek概念;人工智能;华为概念;AI应用,33,13,300235.SZ,300235
丙烯酸;足球概念;体育产业;煤化工概念;消费电子概念;MR(混合现实);融资融券,33,7,002395.SZ,002395
建筑节能;光热发电;可燃冰;锂电池概念;融资融券;深股通,33,6,002088.SZ,002088
ST板块;机器人概念;人形机器人;职业教育;华为概念;在线教育;鸿蒙概念;阿里巴巴概念;短剧游戏;ChatGPT概念;智谱AI,33,11,003032.SZ,003032
禽流感;流感;仿制药一致性评价;创新药;专精特新;国企改革;沪股通;股权转让(并购重组),17,8,600513.SH,600513
商业航天;卫星导航;军工;MicroLED概念;福建自贸区;MiniLED;海峡两岸;第三代半导体;光伏概念;人脸识别;芯片概念;共封装光学(CPO);汽车电子;消费电子概念;智能家居;家用电器;深股通,33,17,300102.SZ,300102
AI应用;AIGC概念;职业教育;在线教育;虚拟数字人;百度概念;旅游概念;阿里巴巴概念;DeepSeek概念;人工智能;乡村振兴;超级品牌;融资融券;深股通,33,14,002607.SZ,002607
减速器;人形机器人;新能源汽车;机器人概念;飞行汽车(eVTOL);比亚迪概念;专精特新;碳纤维;燃料电池;低空经济;氢能源;商业航天;风电;沪股通;融资融券,17,15,603270.SH,603270
禽流感;猴痘概念;流感;肝炎概念;幽门螺杆菌概念;基因测序;辅助生殖;医疗器械概念;智能医疗;食品安全;人工智能;创投;互联网金融;国企改革;融资融券;深股通,33,16,002030.SZ,002030
可控核聚变;商业航天;高端装备;氢能源;2025三季报预增;芯片概念;碳中和;储能;一带一路;天然气;煤化工概念;新疆振兴;共同富裕示范区;俄乌冲突概念;深股通,33,15,300435.SZ,300435
家用电器;智能家居;充电桩;虚拟现实;新能源汽车;电子纸;柔性屏(折叠屏);汽车电子;人民币贬值受益;数字经济;智能穿戴;消费电子概念;数字货币,33,13,002952.SZ,002952
共同富裕示范区,17,1,605500.SH,605500
短剧游戏;文化传媒概念;手机游戏;网络游戏;IP经济(谷子经济);数据确权;抖音概念(字节概念);腾讯概念;小红书概念;阿里巴巴概念;鸿蒙概念;华为概念;京津冀一体化;深股通;融资融券,33,15,002739.SZ,002739
芯片概念;MicroLED概念;虚拟现实;MiniLED;人工智能;智慧城市;创投;西部大开发;体育产业;足球概念;融资融券;深股通,33,12,301589.SZ,301589
医疗器械概念;人民币贬值受益;沪股通,17,3,605369.SH,605369
养老概念;医药电商;三胎概念;跨境电商;医疗器械概念;西部大开发;职业教育;2025年报预增;深股通;融资融券,33,10,002727.SZ,002727
光纤概念;央企国企改革;国企改革;物业管理,33,4,000720.SZ,000720
减速器;人形机器人;新型工业化;机器人概念;工业互联网;物联网;数字经济;沪股通;融资融券,17,9,688160.SH,688160
医疗废物处理;新型城镇化;污水处理;PPP概念;生物质能发电;固废处理;雄安新区;土壤修复;碳中和;光伏建筑一体化;风电;充电桩;PM2.5;智能电网;储能;比亚迪概念;金属回收;AI智能体;小金属概念,33,19,300187.SZ,300187
ST板块;新型城镇化;PPP概念;装配式建筑;建筑节能;光伏建筑一体化,22,6,603828.SH,603828
家用电器;智能物流;注册制次新股;智能家居;人民币贬值受益;石墨烯;跨境电商;一带一路;深股通;新股与次新股;融资融券,33,11,301575.SZ,301575
光刻胶;光刻机;OLED;先进封装;芯片概念;光伏概念;专精特新;HJT电池;空气能热泵;商业航天;海工装备;净水概念;家用电器;中俄贸易概念;污水处理;回购增持再贷款概念;医疗器械概念;医疗废物处理;冷链物流;新疆振兴;煤化工概念;股权转让(并购重组),33,22,300786.SZ,300786
智能座舱;无人驾驶;机器视觉;小米概念;机器人概念;智能家居;虚拟现实;AI眼镜;专精特新;人形机器人;粤港澳大湾区;比亚迪概念;消费电子概念;注册制次新股;深股通;新股与次新股;融资融券,33,17,301479.SZ,301479
国家大基金持股;存储芯片;先进封装;汽车芯片;第三代半导体;MCU芯片;芯片概念;消费电子概念;汽车电子;小米概念;传感器;宁德时代概念;比亚迪概念;新能源汽车;机器人概念;储能;充电桩;数据中心;工业互联网;智能电网;央企国企改革;国企改革;沪股通;融资融券,17,24,688396.SH,688396
自由贸易港;物业管理;统一大市场;冷链物流;供销社;农村电商;跨境电商;乡村振兴;网红经济;无人零售;IP经济(谷子经济);西部大开发;新疆振兴;军民融合;百度概念;深股通;融资融券,33,17,000564.SZ,000564
创新药;2025年报预增;沪股通;融资融券,17,4,688091.SH,688091
阿里巴巴概念;预制菜;冷链物流;共同富裕示范区;沪股通;融资融券,17,6,601116.SH,601116
第三代半导体;光伏概念;光刻胶;燃料电池;消费电子概念;专精特新;芯片概念;氢能源;机器人概念;融资融券,33,10,300700.SZ,300700
化债概念(AMC概念);烟草;共同富裕示范区;国企改革;互联网金融;融资融券;股权转让(并购重组),17,7,600830.SH,600830
三胎概念;跨境电商;医美概念;医疗器械概念;创新药;创投;人工智能;智能医疗;西部大开发;AI应用;深股通;融资融券,33,12,300957.SZ,300957
有机硅概念;专精特新;染料;一带一路;新型工业化;充电桩;高端装备;西部大开发,33,8,300535.SZ,300535
华为汽车;无人驾驶;新型工业化;汽车热管理;机器视觉;汽车电子;机器人概念;新能源汽车;智能物流;华为概念;芯片概念;高端装备;共封装光学(CPO);燃料电池;AI应用;氢能源;沪股通;融资融券,17,18,603960.SH,603960
PEEK材料;汽车热管理;新能源汽车;人形机器人;比亚迪概念;华为汽车;碳纤维;家用电器;小米汽车;专精特新;机器人概念;可降解塑料;飞行汽车(eVTOL);光伏概念;富士康概念;小米概念;锂电池概念;消费电子概念;碳中和;液冷服务器;低空经济;军工;5G;无人驾驶;华为概念;DeepSeek概念;沪股通;融资融券,17,28,688219.SH,688219
露营经济;三胎概念;宠物经济;跨境电商;网红经济;净水概念;创投;家用电器;拼多多概念;粤港澳大湾区;融资融券;深股通,33,12,002959.SZ,002959
创新药;仿制药一致性评价;肝炎概念;医药电商;流感;幽门螺杆菌概念;维生素;CRO概念;回购增持再贷款概念;深股通,33,10,300705.SZ,300705
高端装备;军工;储能;燃料电池;安防;煤炭概念;蚂蚁集团概念,33,7,002535.SZ,002535
乡村振兴;西部大开发,33,2,001231.SZ,001231
稀土永磁;华为手机;无线充电;苹果概念;消费电子概念;专精特新;华为概念;小米概念;比亚迪概念;富士康概念;传感器;一带一路;机器人概念;新能源汽车;西部大开发;人民币贬值受益;人形机器人;深股通;融资融券,33,19,301622.SZ,301622
CRO概念;创新药;减肥药;仿制药一致性评价;食品安全;DeepSeek概念;融资融券,33,7,301520.SZ,301520
存储芯片;芯片概念;传感器;人形机器人;智能电网;机器人概念;钙钛矿电池;物联网;电力物联网;光伏概念;特高压;储能;虚拟电厂;区块链;沪股通;融资融券,17,16,688611.SH,688611
幽门螺杆菌概念;血氧仪;三胎概念;医疗器械概念;智能医疗;宠物经济;医药电商;养老概念;跨境电商;人民币贬值受益;智能穿戴;深股通;融资融券,33,13,300869.SZ,300869
装配式建筑;新型城镇化;碳中和;碳交易;文化传媒概念;华为概念;融资融券,33,7,000926.SZ,000926
装配式建筑;新型城镇化;雄安新区;PPP概念;可控核聚变,33,5,002743.SZ,002743
DRG/DIP;AI智能体;数据要素;家庭医生;数据确权;人工智能;智能医疗;数字经济;养老概念;华为概念;央企国企改革;国企改革;回购增持再贷款概念;AI应用;深股通;融资融券,33,16,000503.SZ,000503
可控核聚变;光热发电;海工装备;核电;氢能源;光伏概念;天然气;深股通,33,8,001332.SZ,001332
烟草;存储芯片;芯片概念;上海自贸区;2025年报预增;工业互联网;创投;2025三季报预增;沪股通,17,9,603499.SH,603499
人民币贬值受益;融资融券,151,2,920422.BJ,920422
储能;充电桩;机器人概念;物联网;智能物流;智慧城市;新型工业化;区块链;军民融合;股权转让(并购重组),33,10,300420.SZ,300420
POE胶膜;TOPCON电池,17,2,603255.SH,603255
光刻胶;绿色电力;融资融券,33,3,301036.SZ,301036
智能家居;家用电器;同花顺出海50;人工智能;DeepSeek概念;机器人概念;人民币贬值受益;小米概念;沪股通;融资融券,17,10,688169.SH,688169
锂电池概念;深股通;融资融券,33,3,300641.SZ,300641
华为昇腾;数据安全;云计算;ChatGPT概念;信创;网络安全;AI智能体;阿里巴巴概念;数据要素;百度概念;区块链;量子科技;DeepSeek概念;车联网(车路协同);人工智能;智慧城市;华为概念;低空经济;物联网;无人机;AI应用;沪股通;融资融券,17,23,688023.SH,688023
碳中和;碳交易;燃料电池;氢能源;专精特新,33,5,300234.SZ,300234
国企改革;燃料电池;无人驾驶;新能源汽车;融资融券;深股通,33,6,000868.SZ,000868
华为汽车;飞行汽车(eVTOL);小米汽车;车联网(车路协同);无人驾驶;低空经济;传感器;机器人概念;特斯拉概念;小米概念;比亚迪概念;毫米波雷达;人工智能;新能源汽车;汽车电子;回购增持再贷款概念;融资融券;沪股通,17,18,603197.SH,603197
燃料电池;长安汽车概念;创投;新能源汽车;储能;有机硅概念;特斯拉概念;比亚迪概念;小米汽车;金属回收;核电;汽车热管理;职业教育,33,13,002666.SZ,002666
智能座舱;无人驾驶;车联网(车路协同);安防;汽车电子;机器视觉;智能物流;物联网;智能穿戴;毫米波雷达;虚拟现实;智慧城市;AI眼镜;MicroLED概念;无人机;机器人概念;消费电子概念;华为概念;比亚迪概念;新能源汽车;人工智能;元宇宙;深股通;融资融券,33,24,300691.SZ,300691
ST板块;国企改革;股权转让(并购重组),33,3,002569.SZ,002569
商业航天;固废处理;医疗废物处理;生物质能发电;绿色电力;国企改革;一带一路;碳中和;乡村振兴;海峡两岸;专精特新;华为概念;深股通;中字头股票;融资融券,33,15,301175.SZ,301175
商业航天;柔性屏(折叠屏);无线充电;光伏概念;华为概念;芯片概念;OLED;消费电子概念;先进封装;汽车电子;新能源汽车;固态电池;锂电池概念;PCB概念;央企国企改革;有机硅概念;国企改革;沪股通;融资融券,17,19,600552.SH,600552
一带一路;无人驾驶;毫米波雷达;共封装光学(CPO);充电桩;AI PC;机器人概念;融资融券;消费电子概念;汽车电子;家用电器;PCB概念,151,12,920060.BJ,920060
乳业;冷链物流;三胎概念;乡村振兴,33,4,001318.SZ,001318
参股银行;注册制次新股;专精特新;深股通;新股与次新股;融资融券,33,6,001390.SZ,001390
民营医院;特色小镇;参股银行;养老概念;跨境电商;网红经济;国企改革;光伏建筑一体化;创投;长三角一体化;互联网金融;小红书概念;深股通;融资融券;股权转让(并购重组),33,15,002344.SZ,002344
啤酒概念;C2M概念;融资融券,17,3,603076.SH,603076
乳业;ST板块;西部大开发,33,3,300313.SZ,300313
C2M概念;网红经济;NFT概念;人工智能;粤港澳大湾区;虚拟数字人,17,6,603808.SH,603808
新能源汽车;长安汽车概念;消费电子概念;人形机器人;传感器;西部大开发;沪股通;融资融券,17,8,603758.SH,603758
预制菜;网红经济;物业管理;参股保险;国企改革;2025年报预增,17,6,601007.SH,601007
PPP概念;国企改革;创投;锂电池概念;粤港澳大湾区;智慧城市,33,6,000068.SZ,000068
新型城镇化;装配式建筑;中俄贸易概念;雄安新区;水利;高铁;一带一路;新型工业化;高端装备;机器人概念;专精特新;核电,33,12,300823.SZ,300823
水利;雅下水电概念;一带一路;国企改革;水泥概念;参股银行;西部大开发;同花顺中特估100;小金属概念;沪股通;融资融券;金属铜,17,12,600326.SH,600326
物业管理;特色小镇;参股券商;旅游概念;冰雪产业;国企改革;新型城镇化;央企国企改革;IP经济(谷子经济);体育产业;NFT概念;粤港澳大湾区;DeepSeek概念;深股通;融资融券,33,15,000069.SZ,000069
猪肉;预制菜;国企改革;参股券商;阿里巴巴概念,33,5,000702.SZ,000702
粤港澳大湾区;海峡两岸;跨境电商;专精特新;MCU芯片;融资融券;智能家居;家用电器;芯片概念,151,9,920267.BJ,920267
卫星导航;商业航天;福建自贸区;时空大数据;海峡两岸;无人机;低空经济;房屋检测;智慧政务;数字乡村;智慧城市;车联网(车路协同);数据要素;数字经济;海工装备;水利;数字孪生;地下管网;人工智能;土壤修复;物联网;新型城镇化;虚拟现实;乡村振兴;数据中心;国企改革;碳中和;污水处理;AI应用;融资融券,33,30,301136.SZ,301136
合成生物;DeepSeek概念;重组蛋白;沪股通,17,4,603983.SH,603983
MicroLED概念;MiniLED;AI眼镜;智能穿戴;第三代半导体;消费电子概念;汽车电子;华为概念;芯片概念;虚拟现实;国企改革;深股通;融资融券,33,13,300323.SZ,300323
石墨烯;ST板块;粤港澳大湾区;固态电池;锂电池概念;新能源汽车;新型工业化;机器视觉;储能;高端装备;消费电子概念;无线耳机;网络安全;华为概念;国企改革;数字经济;宁德时代概念;数据要素;数据中心;算力租赁;钠离子电池,33,21,300173.SZ,300173
海峡两岸;三胎概念;消毒剂;合成生物;2025年报预增,33,5,300132.SZ,300132
碳纤维;3D打印;人形机器人;新型工业化;机器人概念;商业航天;高端装备;专精特新;光伏概念;低空经济;充电桩;建筑节能;智能物流;共同富裕示范区;数据中心;深股通;融资融券,33,17,002006.SZ,002006
创投;租售同权;数字经济;DeepSeek概念;蚂蚁集团概念;国企改革;融资融券;沪股通,17,8,600604.SH,600604
先进封装;AI手机;无线耳机;汽车芯片;第三代半导体;芯片概念;智能穿戴;消费电子概念;智能座舱;小米概念;苹果概念;AI PC;汽车电子;同花顺果指数;人民币贬值受益;英伟达概念;虚拟现实;液冷服务器;5G;车联网(车路协同);华为概念;同花顺漂亮100;数据中心;股权转让(并购重组);沪股通;融资融券,17,26,600745.SH,600745
PEEK材料;丙烯酸;2025三季报预增;NMN概念;长三角一体化;中俄贸易概念;2025年报预增;人民币贬值受益;合成生物;维生素;仿制药一致性评价;小金属概念;深股通,33,13,002562.SZ,002562
免税店;自由贸易港;旅游概念;数字经济;跨境电商;证金持股;同花顺漂亮100;国企改革;一带一路;央企国企改革;同花顺中特估100;沪股通;融资融券;中字头股票,17,14,601888.SH,601888
数字孪生;商业航天;智能电网;腾讯概念;融资融券;物联网;百度概念;阿里巴巴概念;传感器;华为数字能源;储能;云计算;5G;华为概念;充电桩;数据中心,151,16,920556.BJ,920556
汽车芯片;芯片概念;AI眼镜;消费电子概念;AI手机;汽车电子;小米概念;比亚迪概念;机器人概念;民爆概念;创投;融资融券;沪股通,17,13,688601.SH,688601
阿尔茨海默概念;细胞免疫治疗;CRO概念;创新药;幽门螺杆菌概念;仿制药一致性评价;专精特新;深股通;融资融券,33,9,002675.SZ,002675
钛白粉概念;天然气;小金属概念;金属钴;钒电池;石墨电极;回购增持再贷款概念;氢能源;锂电池概念;高股息精选;固态电池;宁德时代概念;深股通;养老概念;融资融券,33,15,002601.SZ,002601
汽车芯片;AI手机;AI眼镜;芯片概念;消费电子概念;智能穿戴;无线充电;智能座舱;汽车电子;传感器;小米概念;专精特新;锂电池概念;机器人概念;华为概念;东数西算(算力);粤港澳大湾区;智能家居;人民币贬值受益;股权转让(并购重组);沪股通;融资融券,17,22,688173.SH,688173
存储芯片;MCU芯片;国家大基金持股;芯片概念;华为海思概念股;消费电子概念;富士康概念;无线耳机;汽车电子;小米概念;毫米波雷达;智能座舱;英伟达概念;星闪概念;WiFi 6;比亚迪概念;人形机器人;小米汽车;机器视觉;新能源汽车;机器人概念;卫星导航;低空经济;物联网;核污染防治;智能家居;储能;粤港澳大湾区;充电桩;长安汽车概念;语音技术;智能物流;网络安全;人工智能;智能电网;DeepSeek概念;数据要素;央企国企改革;国企改革;乡村振兴;跨境电商;深股通;中字头股票;融资融券,33,44,001287.SZ,001287
燃料电池;专精特新;氢能源;新能源汽车;华为汽车;长安汽车概念;比亚迪概念;国企改革;融资融券,33,9,301020.SZ,301020
智能医疗;民营医院;医疗器械概念;蚂蚁集团概念;AI智能体;DeepSeek概念;人工智能;跨境电商;回购增持再贷款概念;深股通;融资融券,33,11,300298.SZ,300298
小金属概念;冷链物流;金属铅;金属铜;金属锌;参股银行;国企改革;参股保险;参股券商;创投;数字经济;融资融券,33,12,000850.SZ,000850
物业管理;网红经济;冰雪产业;IP经济(谷子经济);医药电商;国企改革;证金持股;医疗器械概念;沪股通,17,9,600628.SH,600628
蚂蚁集团概念;区块链;创投;华为概念;建筑节能;充电桩;智能家居;家用电器;空气能热泵;参股银行;光伏概念;储能;特斯拉概念;融资融券;沪股通,17,15,603366.SH,603366
智慧城市;安防;车联网(车路协同);在线教育;智慧政务;军工信息化;信创;数字经济;人工智能;商业航天;粤港澳大湾区;专精特新;芯片概念;智能电网;AI应用;光纤概念,33,16,001229.SZ,001229
AIGC概念;文化传媒概念;ChatGPT概念;AI语料;在线教育;AI智能体;职业教育;人工智能;三胎概念;AI应用,33,10,300654.SZ,300654
中俄贸易概念;专精特新;高端装备;芯片概念,33,4,300838.SZ,300838
动物疫苗;创新药;宠物经济;合成生物;回购增持再贷款概念;融资融券,17,6,688098.SH,688098
生物疫苗;细胞免疫治疗;肝炎概念;辅助生殖;创新药;基因测序;流感;仿制药一致性评价;民营医院;医疗器械概念;智能医疗;人工智能;深股通;融资融券,33,14,300009.SZ,300009
流感;医药电商;肝炎概念;三胎概念;医疗器械概念;农业种植;国企改革;西部大开发;消毒剂,33,9,002644.SZ,002644
医疗器械概念;专精特新;融资融券;沪股通,17,4,688617.SH,688617
汽车芯片;WiFi 6;智能音箱;智能座舱;小米概念;芯片概念;汽车电子;东数西算(算力);共封装光学(CPO);机器视觉;人工智能;机器人概念;智能家居;上海自贸区;人民币贬值受益;沪股通;融资融券,17,17,688099.SH,688099
国家大基金持股;存储芯片;先进封装;第三代半导体;芯片概念;华为海思概念股;共封装光学(CPO);汽车电子;智能座舱;传感器;毫米波雷达;5G;无人驾驶;机器人概念;华为概念;西部大开发;深股通;融资融券,33,18,002185.SZ,002185
染料;有机硅概念;阿尔茨海默概念;家用电器;仿制药一致性评价;医疗器械概念;创新药;股权转让(并购重组),17,8,603980.SH,603980
机器人概念;托育服务;创投;一带一路;长三角一体化;数字经济;绿色电力;光伏建筑一体化;深股通;融资融券,33,10,002067.SZ,002067
脑机接口;硅能源;金属钴;石墨电极;固态电池;金属镍;芯片概念;钠离子电池;小金属概念;人工智能;锂电池概念;东数西算(算力);宁德时代概念;2025年报预增;动力电池回收;消费电子概念;数据中心;金属铜;比亚迪概念;石墨烯;机器人概念;人形机器人;粤港澳大湾区;燃料电池;人民币贬值受益;新能源汽车;深股通;融资融券,33,28,300409.SZ,300409
中俄贸易概念;家用电器;长安汽车概念;新能源汽车;高端装备;绿色电力;机器人概念;比亚迪概念;冷链物流;回购增持再贷款概念;人形机器人;工业互联网;跨境电商;物联网;职业教育;拼多多概念,17,16,601956.SH,601956
无线充电;人形机器人;工业母机;新型工业化;小米概念;飞行汽车(eVTOL);智能穿戴;机器人概念;比亚迪概念;一体化压铸;新能源汽车;消费电子概念;苹果概念;高端装备;无人机;军工;工业互联网;5G;低空经济;华为概念;液冷服务器;储能;粤港澳大湾区;人工智能;创投;回购增持再贷款概念;深股通;融资融券,33,28,300083.SZ,300083
维生素;流感;仿制药一致性评价;眼科医疗;代糖概念;参股银行;创投,33,7,000153.SZ,000153
新能源汽车;减速器;专精特新;融资融券;PEEK材料,151,5,920663.BJ,920663
算力租赁;云计算;东数西算(算力);英伟达概念;DeepSeek概念;人工智能;数据中心;5G;卫星导航;芯片概念;军工;创投;军民融合;铜缆高速连接;共封装光学(CPO);存储芯片;燃料电池;国企改革;氢能源;环氧丙烷;深股通;融资融券,33,22,000818.SZ,000818
MCU芯片;汽车芯片;第三代半导体;芯片概念;专精特新;新能源汽车;人民币贬值受益;高压快充;数据中心;光伏概念;低空经济;储能;融资融券;沪股通,17,14,603290.SH,603290
长三角一体化;一带一路;人民币贬值受益;宠物经济;智能物流;智能家居;3D打印;长安汽车概念;机器人概念;无人机;小米概念,33,11,300230.SZ,300230
PCB概念;富士康概念;AI PC;MiniLED;汽车电子;5G;英伟达概念;新能源汽车;小米概念;华为数字能源;数据中心;6G概念;人民币贬值受益;华为概念;深股通;抖音概念(字节概念);融资融券,33,17,002913.SZ,002913
地下管网;水利;装配式建筑;土壤修复;人工智能;雄安新区;一带一路;核电;可控核聚变;雅下水电概念;深股通,33,11,003001.SZ,003001
核污染防治;可控核聚变;军民融合;军工;人形机器人;军工信息化;核电;机器人概念;专精特新;DeepSeek概念;沪股通;融资融券,17,12,688290.SH,688290
汽车电子;5G;消费电子概念;新能源汽车;数据中心;机器人概念;医疗器械概念;独角兽概念;沪股通,17,9,603380.SH,603380
先进封装;富士康概念;PCB概念;OLED;第三代半导体;MicroLED概念;柔性屏(折叠屏);芯片概念;MiniLED;消费电子概念;比亚迪概念;新型工业化;机器视觉;华为概念;人工智能;深股通,33,16,300400.SZ,300400
共同富裕示范区;2025年报预增;人民币贬值受益;一带一路;股权转让(并购重组),33,5,003041.SZ,003041
燃料电池;专精特新;氢能源;创投;人民币贬值受益,33,5,002825.SZ,002825
智慧城市;人脸识别;安防;跨境电商;机器人概念;机器视觉;DeepSeek概念;人工智能;智能家居;人民币贬值受益;融资融券,33,11,301042.SZ,301042
汽车电子;无人驾驶;小米概念;机器视觉;AI眼镜;消费电子概念;机器人概念;车联网(车路协同);新能源汽车;安防;无人机;华为概念;虚拟现实;智能家居;职业教育;深股通,33,16,300790.SZ,300790
光伏概念;光伏建筑一体化;垃圾分类;碳交易;碳中和;国企改革;建筑节能;粤港澳大湾区;5G;机器人概念;水利;低空经济;注册制次新股;物联网;智能物流;智慧城市;车联网(车路协同);房屋检测;DeepSeek概念;人工智能;AI智能体;AIGC概念;文化传媒概念;深股通;新股与次新股;融资融券,33,26,301632.SZ,301632
重组蛋白;创新药;生物疫苗;百度概念;沪股通;融资融券,17,6,688520.SH,688520
航空发动机;大飞机;商业航天;军民融合;军工;特钢概念;核电;3D打印;央企国企改革;京津冀一体化;国企改革;融资融券;深股通,33,13,300034.SZ,300034
福建自贸区;海峡两岸;智能医疗;养老概念;人工智能;医疗器械概念;冷链物流;医药电商,33,8,002788.SZ,002788
磷化工;2025年报预增;乡村振兴,33,3,002942.SZ,002942
注册制次新股;专精特新;高端装备;机器人概念;可降解塑料;2025年报预增;参股银行;新股与次新股;融资融券,33,9,301616.SZ,301616
成飞概念;航空发动机;减速器;工业母机;大飞机;人形机器人;高端装备;军民融合;新型工业化;机器人概念;新能源汽车;风电;一带一路;人民币贬值受益;数字经济;共同富裕示范区;深股通;融资融券,33,18,002520.SZ,002520
跨境电商,33,1,000679.SZ,000679
共同富裕示范区;专精特新;智能家居;人民币贬值受益;3D打印;融资融券,33,6,301309.SZ,301309
华为汽车;新能源汽车;人形机器人;高铁;机器人概念;华为概念;沪股通,17,7,605128.SH,605128
智能座舱;OLED;富士康概念;柔性屏(折叠屏);芯片概念;人形机器人;机器视觉;华为汽车;无线耳机;消费电子概念;新型工业化;5G;比亚迪概念;PCB概念;机器人概念;专精特新;新能源汽车;华为概念;高端装备;充电桩;液冷服务器;华为昇腾;储能;医疗器械概念;深股通;融资融券,33,26,301013.SZ,301013
IP经济(谷子经济);旅游概念;文化传媒概念;网红经济;手机游戏;电子竞技;抖音概念(字节概念);元宇宙;虚拟现实;共同富裕示范区;深股通;融资融券,33,12,300144.SZ,300144
地下管网;新型城镇化;PPP概念;乡村振兴;水利;一带一路;沪股通,17,7,603815.SH,603815
网络安全;信创;物联网;专精特新;新型工业化;车联网(车路协同);工业互联网;芯片概念;智能电网;充电桩;虚拟电厂;融资融券,17,12,688060.SH,688060
存储芯片;芯片概念;专精特新;数字货币;绿色电力;互联网金融;虚拟数字人,33,7,300551.SZ,300551
氢能源;比亚迪概念;传感器;专精特新;新股与次新股;融资融券,151,6,920022.BJ,920022
碳纤维;成飞概念;专精特新;军民融合;无人机;军工;大飞机;低空经济;核污染防治;PEEK材料;航空发动机;新能源汽车;比亚迪概念;商业航天;减速器;风电;核电;光伏概念;储能;智能电网;有机硅概念;西部大开发;股权转让(并购重组);融资融券,33,24,301233.SZ,301233
露营经济;体育产业;医疗器械概念;人民币贬值受益,33,4,002486.SZ,002486
创新药;沪股通;融资融券,17,3,688197.SH,688197
融资融券;国企改革;可降解塑料;光刻胶;专精特新,151,5,920489.BJ,920489
装配式建筑;地下管网;新型城镇化;水利;水泥概念;新疆振兴;一带一路;海工装备;风电;回购增持再贷款概念;智能物流;光伏概念;粤港澳大湾区;2025年报预增,33,14,003037.SZ,003037
减肥药;CRO概念;创新药;智能医疗;合成生物;人民币贬值受益;京津冀一体化;深股通;融资融券,33,9,002821.SZ,002821
比亚迪概念;风电;高铁;特高压;融资融券;大飞机;新能源汽车;低空经济;无人机;国企改革;专精特新,151,11,920394.BJ,920394
绿色电力;锂电池概念;ST板块;光伏概念;宁德时代概念;新能源汽车;粤港澳大湾区;跨境电商;创投;智能家居;芯片概念;数据中心;量子科技;数据要素;网络安全;云计算;数据安全,33,17,002076.SZ,002076
物业管理;参股券商;国企改革;融资融券,17,4,600838.SH,600838
预制菜;冷链物流;乡村振兴;智能物流;证金持股;2025年报预增;融资融券;沪股通,17,8,603708.SH,603708
黄金概念;小金属概念;IP经济(谷子经济);2025年报预增;NFT概念;培育钻石;深股通,33,7,002345.SZ,002345
证金持股;同花顺中特估100;跨境电商;大飞机;国企改革;央企国企改革;沪股通;融资融券;3D打印;中字头股票,17,10,600115.SH,600115
光伏建筑一体化;绿色电力;氢能源;风电;储能;摘帽,33,6,000809.SZ,000809
装配式建筑;新型城镇化;建筑节能;光伏建筑一体化;融资融券,17,5,603137.SH,603137
一带一路;回购增持再贷款概念,17,2,605158.SH,605158
稀土永磁;净水概念;DeepSeek概念;数字经济;互联网金融;污水处理;华为概念;工业互联网;智慧城市;储能;物联网;2025年报预增;新型工业化;深股通;融资融券,33,15,300066.SZ,300066
星闪概念;AI眼镜;智能穿戴;MCU芯片;华为海思概念股;WiFi 6;智能座舱;小米概念;英伟达概念;毫米波雷达;汽车电子;芯片概念;机器视觉;人形机器人;5G;车联网(车路协同);6G概念;卫星导航;无人驾驶;物联网;机器人概念;东数西算(算力);两轮车;移动支付;智能家居;数字货币;人工智能;AI智能体;工业互联网;DeepSeek概念;区块链;长安汽车概念;智慧城市;智能医疗;数字乡村;人民币贬值受益;电力物联网;储能;农机;充电桩;无人零售;跨境电商;智能电网;AI应用;融资融券;沪股通,17,46,603236.SH,603236
石墨烯;中俄贸易概念;一带一路;绿色电力;新能源汽车;比亚迪概念;消费电子概念;华为手机;苹果概念;足球概念;芯片概念;小米概念;华为概念,33,13,300218.SZ,300218
跨境电商;融资融券;预制菜;人民币贬值受益,151,4,920826.BJ,920826
物业管理;深圳国企改革;新型城镇化;化债概念(AMC概念);国企改革;一带一路;粤港澳大湾区;深股通,33,8,000011.SZ,000011
商业航天;氢能源;小金属概念;回购增持再贷款概念;融资融券;宁德时代概念;卫星导航;军工;专精特新;金属镍;锂电池概念;比亚迪概念,151,12,920914.BJ,920914
新型工业化;机器人概念;高端装备;专精特新;信创;深股通;融资融券,33,7,301633.SZ,301633
减速器;人形机器人;智能物流;新型工业化;C2M概念;家用电器;机器人概念;跨境电商;共同富裕示范区;特斯拉概念;工业互联网;机器视觉;参股保险;独角兽概念;互联网保险;土地流转;深股通,33,17,002403.SZ,002403
商业航天;卫星导航;军民融合;军工;5G;芯片概念;数据中心;专精特新;储能;融资融券;深股通,33,11,300593.SZ,300593
肝炎概念;创新药;仿制药一致性评价;流感;眼科医疗;智能医疗;沪股通,17,7,603367.SH,603367
物业管理;京津冀一体化;国企改革;独角兽概念;汽车拆解概念;文化传媒概念;充电桩;新能源汽车;动力电池回收;融资融券,17,10,600386.SH,600386
横琴新区;ST板块;新能源汽车;家用电器;人民币贬值受益;华为汽车;MiniLED,33,7,002005.SZ,002005
金属回收;氢能源;西部大开发;国企改革;动力电池回收;专精特新;燃料电池;融资融券,17,8,688269.SH,688269
安防;京津冀一体化;水利;高铁;专精特新;AIGC概念,33,6,300150.SZ,300150
华为汽车;比亚迪概念;长安汽车概念;汽车电子;无人驾驶;毫米波雷达;新能源汽车;2025三季报预增;2025年报预增;智能物流;车联网(车路协同);深股通;融资融券,33,13,002284.SZ,002284
机器人概念;人形机器人;新能源汽车;比亚迪概念;海工装备;宁德时代概念;锂电池概念;股权转让(并购重组);融资融券,33,9,300998.SZ,300998
西部大开发;人民币贬值受益;股权转让(并购重组),17,3,600883.SH,600883
算力租赁;云计算;抖音概念(字节概念);数据安全;国资云;阿里巴巴概念;网络安全;数据确权;东数西算(算力);数据要素;量子科技;DeepSeek概念;数字孪生;数字经济;数据中心;华为概念;物联网;电力物联网;京津冀一体化;核电;国企改革;深股通;融资融券,33,23,300895.SZ,300895
眼科医疗;创新药;肝炎概念;仿制药一致性评价;医药电商;医美概念;脑机接口;深股通,33,8,003020.SZ,003020
网红经济;参股银行;跨境电商;一带一路;人民币贬值受益,17,5,600439.SH,600439
PPP概念;参股券商;参股银行;ETC;创投;西部大开发;智慧城市;沪股通;融资融券,17,9,600106.SH,600106
钙钛矿电池;POE胶膜;光伏建筑一体化;光伏概念;建筑节能;绿色电力;一带一路;特斯拉概念;融资融券,33,9,002623.SZ,002623
人形机器人;军民融合;大飞机;商业航天;军工;海工装备;新能源汽车;海峡两岸;国企改革;参股券商;融资融券;沪股通,17,12,600592.SH,600592
军工信息化;车联网(车路协同);数据要素;商业航天;同花顺新质50;智慧城市;低空经济;DeepSeek概念;华为概念;军工;PM2.5;央企国企改革;国企改革;沪股通;融资融券,17,15,688631.SH,688631
流感;医疗器械概念;智能医疗;注册制次新股;国企改革;机器人概念;深股通;新股与次新股;融资融券,33,9,301584.SZ,301584
光刻胶;专精特新;染料;3D打印;足球概念;深股通;融资融券,33,7,300905.SZ,300905
家用电器;智能家居;汽车热管理;人形机器人;空气能热泵;机器视觉;机器人概念;新能源汽车;汽车电子;储能;智能电网;光伏概念;共封装光学(CPO),33,13,003028.SZ,003028
低空经济;专精特新;机器视觉;机器人概念;飞行汽车(eVTOL);人工智能;新型工业化;人民币贬值受益;高端装备;DeepSeek概念;商业航天;人形机器人;融资融券,17,13,688092.SH,688092
PCB概念,33,1,300637.SZ,300637
智能电网;光伏概念;华为数字能源;虚拟电厂;换电概念;抽水蓄能;高压快充;储能;充电桩;风电;碳中和;新能源汽车;数据中心;水利;宁德时代概念;锂电池概念;长三角一体化;华为概念;绿色电力;动力电池回收;碳交易;东数西算(算力);英伟达概念;生物质能发电;数字经济;算力租赁;百度概念;蚂蚁集团概念;区块链;融资融券;深股通,33,31,002015.SZ,002015
福建自贸区;海峡两岸;数据中心;消费电子概念;充电桩;比亚迪概念;汽车电子;家用电器;光伏概念;新能源汽车;储能;风电;融资融券,33,13,002729.SZ,002729
预制菜;乡村振兴;土壤修复;中俄贸易概念;垃圾分类;污水处理;国企改革;一带一路;西部大开发;回购增持再贷款概念,33,10,002696.SZ,002696
智能电网;虚拟电厂;电力物联网;锂电池概念;储能;充电桩;绿色电力;新能源汽车;一带一路;机器人概念;深股通;融资融券,33,12,002121.SZ,002121
网约车;统一大市场;冷链物流;智能物流;航运概念;中俄贸易概念;创投;一带一路;车联网(车路协同);无人驾驶;新能源汽车;人工智能;特斯拉概念;小米概念;阿里巴巴概念,33,15,300240.SZ,300240
AIGC概念;人脸识别;人工智能;机器视觉;智能家居;粤港澳大湾区;跨境电商;宠物经济;人民币贬值受益;锂电池概念;深股通,33,11,300822.SZ,300822
华为海思概念股;2025年报预增;汽车芯片;智能座舱;人形机器人;智能穿戴;语音技术;新型工业化;卫星导航;小米概念;机器视觉;比亚迪概念;汽车热管理;汽车电子;机器人概念;第三代半导体;物联网;长安汽车概念;商业航天;智能家居;芯片概念;5G;军工;家用电器;人工智能;粤港澳大湾区;AI智能体;DeepSeek概念;储能;人民币贬值受益;智能医疗;一带一路;深股通;融资融券,33,34,002402.SZ,002402
培育钻石;第三代半导体;芯片概念;海峡两岸;深股通;融资融券,33,6,301071.SZ,301071
商业航天;智慧城市;军工;华为概念;PM2.5;毫米波雷达;碳中和;传感器;专精特新;PPP概念;芯片概念;融资融券,33,12,300862.SZ,300862
海工装备;风电;氢能源;碳中和;储能;绿色电力;云计算;国企改革;DeepSeek概念;融资融券;深股通,33,11,300772.SZ,300772
肝炎概念;创新药;CRO概念;人民币贬值受益;融资融券;沪股通,17,6,603229.SH,603229
特钢概念;海工装备;小金属概念;航空发动机;金属铜;光热发电;硅能源;军工;高端装备;中俄贸易概念;光伏概念;国企改革;回购增持再贷款概念;污水处理;专精特新,33,15,300402.SZ,300402
芯片概念;专精特新;沪股通;融资融券,17,4,688721.SH,688721
专精特新;碳交易;绿色电力;氢能源;污水处理;融资融券,17,6,688335.SH,688335
白酒概念;啤酒概念;国企改革;融资融券;沪股通,17,5,600199.SH,600199
智能家居;绿色电力;西部大开发;回购增持再贷款概念;华为概念;人工智能;DeepSeek概念;股权转让(并购重组),33,8,002798.SZ,002798
存储芯片;国家大基金持股;先进封装;汽车芯片;AI手机;AI PC;芯片概念;AI眼镜;消费电子概念;2025年报预增;智能穿戴;小米概念;专精特新;数据中心;机器人概念;华为概念;信创;阿里巴巴概念;沪股通;融资融券,17,20,688525.SH,688525
一体化压铸;人形机器人;新能源汽车;机器人概念;人民币贬值受益;回购增持再贷款概念;同花顺出海50;沪股通;融资融券,17,9,600933.SH,600933
粤港澳大湾区;垃圾分类;新型城镇化;国企改革,33,4,002856.SZ,002856
维生素;仿制药一致性评价;数字经济;股权转让(并购重组);融资融券,33,5,301281.SZ,301281
光刻机;MicroLED概念;富士康概念;第三代半导体;芯片概念;先进封装;苹果概念;专精特新;消费电子概念;传感器;MR(混合现实);AI眼镜;智能穿戴;5G;华为概念;无人机;虚拟现实;融资融券,17,18,688079.SH,688079
ST板块;乡村振兴;智能物流;西部大开发;国企改革;长安汽车概念;燃料电池;机器人概念;低空经济;无人机;新能源汽车;农机;传感器;无人驾驶;氢能源;汽车电子;人脸识别;华为概念;移动支付;芯片概念,33,20,000903.SZ,000903
草甘膦;氟化工概念;注册制次新股;一带一路;2025年报预增;人民币贬值受益;深股通;新股与次新股;融资融券,33,9,301665.SZ,301665
ERP概念;抖音概念(字节概念);AI智能体;阿里巴巴概念;云计算;腾讯概念;区块链;移动支付;跨境支付(CIPS);AI应用;DeepSeek概念;人工智能;旅游概念;京津冀一体化;深股通;融资融券;证金持股,33,17,002153.SZ,002153
人工智能;机器视觉;工业互联网;华为概念;新型工业化;机器人概念;6G概念;5G;C2M概念;网络游戏;短剧游戏;比亚迪概念;储能;光伏概念;HJT电池;TOPCON电池;锂电池概念;深股通,33,18,300307.SZ,300307
细胞免疫治疗;基因测序;CRO概念;智能医疗;重组蛋白;人工智能;专精特新;上海自贸区;融资融券,17,9,688238.SH,688238
智能医疗;血氧仪;横琴新区;民营医院;医疗器械概念;三胎概念;智能穿戴,33,7,300246.SZ,300246
华为汽车;长安汽车概念;特斯拉概念;传感器;专精特新;汽车电子;芯片概念;人民币贬值受益;车联网(车路协同);深股通,33,10,300643.SZ,300643
创新药;仿制药一致性评价;肝炎概念;合成生物;深股通,33,5,002550.SZ,002550
换电概念;锂电池概念;储能;人民币贬值受益;智能家居;东数西算(算力);物联网;2025年报预增;深股通;摘帽,33,10,002052.SZ,002052
人工智能;土壤修复;水利;碳中和;建筑节能;新型城镇化;碳交易;一带一路;污水处理;PPP概念;股权转让(并购重组);融资融券,33,12,300948.SZ,300948
WiFi 6;ST板块;物联网;量子科技;智慧城市;数字孪生;人工智能;乡村振兴;农村电商;文化传媒概念,33,10,300555.SZ,300555
苹果概念;无线耳机;柔性屏(折叠屏);AI PC;消费电子概念;比亚迪概念;新能源汽车;智能穿戴;5G;虚拟现实;数据中心;储能;人民币贬值受益;东数西算(算力);深股通;融资融券,33,16,002947.SZ,002947
烟草,33,1,002836.SZ,002836
人形机器人;汽车热管理;特斯拉概念;机器人概念;专精特新;核电;风电;长三角一体化;融资融券;深股通,33,10,300718.SZ,300718
减速器;人形机器人;小米汽车;汽车热管理;小米概念;长安汽车概念;特斯拉概念;比亚迪概念;机器人概念;新能源汽车;农机;燃料电池;氢能源;回购增持再贷款概念;深股通;融资融券,33,16,300258.SZ,300258
长三角一体化;共同富裕示范区,33,2,002247.SZ,002247
商业航天;军工;高端装备;新型工业化;核电;机器人概念;机器视觉;工业互联网;人工智能;数字经济;专精特新;新能源汽车;创投;超级电容;动力电池回收;锂电池概念;参股银行,33,17,002347.SZ,002347
云计算;电子纸;人工智能;数字经济;物联网;芯片概念;消费电子概念;注册制次新股;专精特新;机器人概念;人民币贬值受益;海峡两岸;储能;光伏概念;深股通;新股与次新股;融资融券,33,17,301275.SZ,301275
光刻机;PCB概念;芯片概念;消费电子概念;AI眼镜;机器视觉;无人驾驶;3D打印;专精特新;机器人概念;安防;锂电池概念;无人机;医疗器械概念;基因测序;深股通;融资融券,33,17,301421.SZ,301421
水利;智慧城市;数字孪生;安防;人工智能;数字经济;电力物联网;华为概念;空间计算;数据中心;充电桩;光伏建筑一体化;碳交易;时空大数据;数据要素;5G;智能电网;虚拟电厂;储能;信创;阿里巴巴概念;绿色电力;光伏概念;风电;特高压;融资融券,33,26,301390.SZ,301390
仿制药一致性评价;人民币贬值受益,33,2,300636.SZ,300636
有机硅概念;磷化工;风电;专精特新,33,4,300610.SZ,300610
食品安全;股权转让(并购重组);融资融券,33,3,301296.SZ,301296
医疗器械概念;2025年报预增;专精特新;沪股通;融资融券,17,5,688108.SH,688108
粤港澳大湾区;高铁;储能;智慧城市;专精特新;一带一路;传感器;无人驾驶;网络安全;DeepSeek概念;信创,33,11,002972.SZ,002972
露营经济;跨境电商;人民币贬值受益;创投;融资融券,33,5,301113.SZ,301113
智能穿戴;融资融券;小米概念;华为概念;消费电子概念,151,5,920701.BJ,920701
医疗器械概念;人民币贬值受益;机器人概念;沪股通;融资融券,17,5,688581.SH,688581
中芯国际概念;存储芯片;第三代半导体;汽车芯片;芯片概念;硅能源;共封装光学(CPO);商业航天;汽车电子;光伏概念;卫星导航;比亚迪概念;专精特新;5G;无人驾驶;人形机器人;机器人概念;充电桩;融资融券;沪股通,17,20,605358.SH,605358
中俄贸易概念;烟草;绿色电力;光伏概念;高端装备;一带一路;智能物流;专精特新;京津冀一体化;C2M概念;新型工业化;工业互联网;机器人概念;物联网;锂电池概念;医疗器械概念;工业母机;数据中心;机器视觉;数字经济;人工智能;网络安全;区块链;信创;ERP概念,33,25,300195.SZ,300195
锂电池概念;固态电池;绿色电力;宁德时代概念;一带一路;工业互联网;智能物流;参股银行;生物质能发电;传感器;物联网;机器视觉;数字经济;证金持股;知识产权保护;深股通;融资融券,33,17,002073.SZ,002073
足球概念;体育产业;华为概念;鸿蒙概念;AI眼镜;跨境电商;冰雪产业;人民币贬值受益;养老概念,33,9,002899.SZ,002899
光伏概念;光伏建筑一体化;福建自贸区;海峡两岸;储能;建筑节能;绿色电力;回购增持再贷款概念;机器人概念;新疆振兴;人工智能;融资融券,17,12,603628.SH,603628
人形机器人;传感器;机器人概念;同花顺新质50;机器视觉;芯片概念;物联网;华为概念;数据中心;融资融券;沪股通,17,11,603662.SH,603662
5G;军工;专精特新;医疗器械概念;融资融券;深股通,33,6,301566.SZ,301566
氢能源;燃料电池;天然气;医疗废物处理;新型工业化;机器人概念;低空经济;国企改革;京津冀一体化;俄乌冲突概念;沪股通;融资融券,17,12,600860.SH,600860
融资融券;高端装备;烟草;工业母机,151,4,920553.BJ,920553
科创次新股;中芯国际概念;芯片概念;注册制次新股;新股与次新股;融资融券,17,6,688785.SH,688785
脑机接口;人形机器人;语音技术;2025年报预增;传感器;无线耳机;小米概念;智能穿戴;机器人概念;芯片概念;比亚迪概念;物联网;消费电子概念;数据安全;专精特新;华为概念;工业互联网;军工;新能源汽车;柔性屏(折叠屏);数字孪生;元宇宙;智能家居;抖音概念(字节概念);核污染防治;区块链;智慧城市;独角兽概念;储能;食品安全;医美概念;固态电池;互联网金融;创投;锂电池概念;养老概念;水利;氢能源;碳中和;地下管网;污水处理;深股通;融资融券,33,43,300007.SZ,300007
智能音箱;星闪概念;阿里巴巴概念;血氧仪;人工智能;智能穿戴;虚拟现实;无线耳机;华为概念;跨境电商;小米概念;智能家居;体育产业;粤港澳大湾区;人形机器人;汽车电子;机器人概念;消费电子概念;家用电器;无线充电;减速器;传感器;人民币贬值受益;储能;中俄贸易概念;深股通;融资融券,33,27,002681.SZ,002681
免税店;冰雪产业;物业管理;IP经济(谷子经济);跨境电商;京津冀一体化;国企改革;抖音概念(字节概念);沪股通;融资融券,17,10,600859.SH,600859
智慧城市;地下管网;传感器;核电;融资融券;物联网;专精特新;人工智能,151,8,920651.BJ,920651
垃圾分类;燃料电池;氢能源;换电概念;新能源汽车;互联网金融;沪股通;摘帽,17,8,600375.SH,600375
换电概念;充电桩;储能;高压快充;燃料电池;中俄贸易概念;氢能源;新能源汽车;光伏概念;雄安新区;京津冀一体化;数据中心;华为概念;5G;东数西算(算力);腾讯概念;百度概念;阿里巴巴概念;融资融券,17,19,600405.SH,600405
培育钻石;固废处理;碳交易;绿色电力;芯片概念;沪股通,17,6,605580.SH,605580
新能源汽车;专精特新;高压快充;融资融券;减速器,151,5,920221.BJ,920221
商业航天;卫星导航;航空发动机;军民融合;军工;3D打印;华为昇腾;芯片概念;机器人概念;BC电池;华为概念;PCB概念;光伏概念;先进封装;数据中心;央企国企改革;国企改革;金属镍;融资融券,17,19,688456.SH,688456
人形机器人;机器人概念;新能源汽车;专精特新;风电;深股通;融资融券,33,7,301160.SZ,301160
露营经济;体育产业;人民币贬值受益,17,3,603307.SH,603307
猴痘概念;流感;肝炎概念;幽门螺杆菌概念;基因测序;辅助生殖;创新药;智能医疗;医疗器械概念;民营医院;AI智能体;DeepSeek概念;人工智能;回购增持再贷款概念;融资融券,33,15,300639.SZ,300639
新疆振兴;数字经济;工业互联网;人民币贬值受益,33,4,002193.SZ,002193
燃料电池;新能源汽车;国企改革;机器人概念;人形机器人;2025年报预增,33,6,300694.SZ,300694
创投;统一大市场;国企改革;一带一路;上海国企改革;人民币贬值受益;医疗器械概念;参股券商;上海自贸区;自由贸易港;航运概念;沪股通;融资融券,17,13,600278.SH,600278
新能源汽车;比亚迪概念;融资融券,33,3,301119.SZ,301119
建筑节能;深圳国企改革;装配式建筑;光伏建筑一体化;新型城镇化;国企改革;体育产业;粤港澳大湾区;智能家居;DeepSeek概念;深股通,33,11,002482.SZ,002482
医疗器械概念;专精特新;三胎概念;机器视觉;辅助生殖;人工智能;智能医疗;医药电商;幽门螺杆菌概念;融资融券,17,10,688067.SH,688067
煤化工概念;石墨电极;锂电池概念,33,3,002753.SZ,002753
工业互联网;人民币贬值受益;跨境电商;养老概念,17,4,603709.SH,603709
乡村振兴;PPP概念;新型城镇化;生态农业;京津冀一体化;雄安新区;水利;土壤修复;污水处理;国企改革;医疗废物处理;汽车拆解概念;股权转让(并购重组);绿色电力;固废处理;风电;储能;金属回收;深股通;摘帽,33,20,002310.SZ,002310
脑机接口;血氧仪;牙科医疗;智能医疗;医美概念;医疗器械概念;AIGC概念;猴痘概念;养老概念;2025年报预增;人工智能;民营医院;减肥药;肝炎概念;创新药;医药电商;流感;京津冀一体化;仿制药一致性评价;智能穿戴;参股保险;深股通;融资融券,33,23,300003.SZ,300003
汽车芯片;芯片概念;专精特新;第三代半导体;无人机;充电桩;智能电网;融资融券,17,8,688693.SH,688693
PM2.5;智慧城市;食品安全;物联网;碳中和;高端装备;垃圾分类;污水处理;医疗器械概念;芯片概念;PPP概念;回购增持再贷款概念;光刻胶;深股通;融资融券,33,15,300203.SZ,300203
柔性直流输电;特高压;智能电网;风电;核电;充电桩;海工装备;氢能源;一带一路;无人机;5G;深股通;数字经济;融资融券,33,14,002498.SZ,002498
专精特新;机器人概念;电力物联网;工业互联网;物联网;碳中和;固废处理,33,7,300515.SZ,300515
智能电网;电力物联网;光伏建筑一体化;储能;绿色电力;风电;海工装备;工业互联网;碳纤维,33,9,300670.SZ,300670
新型城镇化;PPP概念;雄安新区;水利;乡村振兴;京津冀一体化,17,6,603176.SH,603176
CRO概念;流感;幽门螺杆菌概念;合成生物;动物疫苗;禽流感;代糖概念;宠物经济;食品安全;土壤修复;化肥;人工智能,17,12,603739.SH,603739
乡村振兴;参股银行;农机;国企改革;海峡两岸;锂电池概念;无人机;固态电池;华为概念;2025年报预增,33,10,000570.SZ,000570
人形机器人;工业母机;传感器;特斯拉概念;一体化压铸;汽车电子;机器人概念;比亚迪概念;新能源汽车;沪股通,17,10,605133.SH,605133
血氧仪;医疗器械概念;细胞免疫治疗;三胎概念;智能医疗;共同富裕示范区;DeepSeek概念,33,7,300314.SZ,300314
钠离子电池;固态电池;锂电池概念;储能;两轮车;数据中心;机器人概念;融资融券,17,8,688345.SH,688345
三胎概念;参股银行;国企改革;跨境电商;物业管理;上海国企改革;一带一路;网红经济;上海自贸区;融资融券,17,10,600630.SH,600630
机器人概念;人民币贬值受益,33,2,300193.SZ,300193
碳中和;碳交易;建筑节能;国企改革;京津冀一体化,33,5,002893.SZ,002893
智能音箱;人工智能;虚拟现实;元宇宙;智能穿戴;百度概念;智慧政务;智能家居;创投;华为概念;AI眼镜;NFT概念;粤港澳大湾区;无线耳机;ChatGPT概念;家用电器;无人机;新型烟草(电子烟);消费电子概念;人民币贬值受益;新能源汽车;储能;苹果概念;锂电池概念;固态电池;宁德时代概念;PCB概念;深股通;融资融券,33,29,002045.SZ,002045
创新药;辅助生殖;仿制药一致性评价;医疗器械概念;沪股通,17,5,601089.SH,601089
化肥;生态农业;磷化工;农业种植;土地流转;土壤修复;中俄贸易概念;乡村振兴;合成生物;农机;机器人概念;无人机;数字乡村;人工智能,33,14,300387.SZ,300387
毫米波雷达;PCB概念;人形机器人;光纤概念;汽车电子;5G;卫星导航;比亚迪概念;机器人概念;小米概念;华为概念;医疗器械概念,17,12,603386.SH,603386
国家大基金持股;MCU芯片;汽车芯片;存储芯片;先进封装;电子身份证;数据安全;星闪概念;量子科技;信创;芯片概念;东数西算(算力);网络安全;鸿蒙概念;智能座舱;无线充电;数字货币;车联网(车路协同);汽车电子;安防;商业航天;物联网;无人驾驶;比亚迪概念;长安汽车概念;智能电网;沪股通;融资融券,17,28,688262.SH,688262
人造肉;跨境电商;职业教育;网红经济;智能物流;特色小镇;旅游概念;啤酒概念;创投;海峡两岸;IP经济(谷子经济);乡村振兴;预制菜;参股银行;生态农业;农业种植;新疆振兴,33,17,002582.SZ,002582
星闪概念;车联网(车路协同);智能座舱;智能家居;智能穿戴;人工智能;DeepSeek概念;小米概念;机器人概念;智慧政务;家用电器;AI眼镜;汽车电子;在线教育;AIGC概念;云办公;物业管理;AI应用;深股通;融资融券,33,20,002841.SZ,002841
海工装备;军工;金属回收;数据中心;金属锌;股权转让(并购重组),33,6,002760.SZ,002760
手机游戏;NFT概念;ChatGPT概念;智能音箱;AIGC概念;网络游戏;百度概念;人工智能;DeepSeek概念;IP经济(谷子经济);跨境电商;三胎概念;充电桩;宠物经济;人民币贬值受益;光伏建筑一体化;HJT电池;光伏概念;TOPCON电池;绿色电力,33,20,002862.SZ,002862
ST板块;天然气,33,2,000669.SZ,000669
稀土永磁;小金属概念;消费电子概念;高压快充;低空经济;新能源汽车;人形机器人;机器人概念;2025年报预增;家用电器;深股通;融资融券,33,12,300224.SZ,300224
芯片概念;智能家居;储能;血氧仪;融资融券,17,5,688130.SH,688130
国家大基金持股;汽车芯片;MCU芯片;先进封装;第三代半导体;芯片概念;OLED;消费电子概念;汽车电子;小米概念;智能穿戴;传感器;比亚迪概念;华为概念;2025年报预增;光伏概念;长三角一体化;沪股通;融资融券;风电;新能源汽车;家用电器,17,22,600460.SH,600460
汽车芯片;先进封装;第三代半导体;芯片概念;汽车电子;东数西算(算力);数据中心;专精特新;无人机;比亚迪概念;新能源汽车;低空经济;无人驾驶;机器人概念;充电桩;光伏概念;宁德时代概念;融资融券;沪股通,17,19,605111.SH,605111
商业航天;智慧灯杆;氢能源;车联网(车路协同);燃料电池;充电桩;储能;专精特新;天然气;国企改革;西部大开发,33,11,300540.SZ,300540
海南自贸区;自由贸易港;免税店;土地流转;物业管理;国企改革;跨境电商;融资融券;沪股通,17,9,600515.SH,600515
存储芯片;PCB概念;同花顺果指数;苹果概念;芯片概念;消费电子概念;特斯拉概念;比亚迪概念;新能源汽车;无线耳机;锂电池概念;光伏概念;智能穿戴;新型工业化;长三角一体化;人工智能;融资融券;沪股通,17,18,603283.SH,603283
专精特新;高端装备;充电桩;储能;东数西算(算力);污水处理;生物质能发电;固废处理;地下管网;新型城镇化;净水概念;氢能源;风电;PPP概念;回购增持再贷款概念;华为概念;绿色电力;深股通;融资融券,33,19,301127.SZ,301127
汽车芯片;MCU芯片;存储芯片;无线耳机;第三代半导体;芯片概念;汽车电子;无线充电;共封装光学(CPO);智能家居;物联网;低空经济;充电桩;长三角一体化;锂电池概念;智能电网;央企国企改革;国企改革;沪股通;融资融券,17,20,600171.SH,600171
汽车芯片;无线耳机;芯片概念;消费电子概念;小米概念;脑机接口;专精特新;沪股通;融资融券,17,9,688209.SH,688209
光伏概念;军工;新能源汽车;深股通;融资融券;股权转让(并购重组),33,6,002501.SZ,002501
TOPCON电池;HJT电池;光伏建筑一体化;光伏概念;储能;新能源汽车;垃圾分类;比亚迪概念;家用电器;无人机;军民融合;传感器;共同富裕示范区;5G;ETC;融资融券,33,16,002860.SZ,002860
AI应用;智能医疗;医药电商;阿里巴巴概念;养老概念;流感;创新药;人工智能;医疗器械概念;合成生物;深股通;融资融券,33,12,301408.SZ,301408
英伟达概念;算力租赁;液冷服务器;AI PC;东数西算(算力);AI手机;共封装光学(CPO);数据中心;智谱AI;云计算;无线耳机;AI眼镜;新型烟草(电子烟);阿里巴巴概念;抖音概念(字节概念);华为概念;智能穿戴;虚拟现实;小米概念;华为手机;元宇宙;消费电子概念;汽车电子;卫星导航;无人机;MiniLED;PCB概念;2025年报预增;DeepSeek概念;传感器;商业航天;柔性屏(折叠屏);机器人概念;小米汽车;军工;智能医疗;海峡两岸;宁德时代概念;新能源汽车;福建自贸区;储能;深股通;融资融券,33,43,300657.SZ,300657
存储芯片;MCU芯片;汽车芯片;OLED;MiniLED;AI眼镜;消费电子概念;芯片概念;汽车电子;智能音箱;小米概念;智能座舱;3D打印;传感器;人民币贬值受益;机器人概念;无人驾驶;机器视觉;智能家居;家用电器;物联网;安防;京津冀一体化;人脸识别;人工智能;鸿蒙概念;抖音概念(字节概念);区块链;深股通;融资融券,33,30,300223.SZ,300223
减速器;人形机器人;工业母机;机器人概念;高端装备;专精特新;创投;京津冀一体化;深股通;融资融券,33,10,301261.SZ,301261
锂电池概念;宁德时代概念;专精特新;风电;金属回收;柔性屏(折叠屏);3D打印;共同富裕示范区;海工装备;抽水蓄能;融资融券,33,11,300930.SZ,300930
水利;数字孪生;专精特新;碳交易;储能;碳中和;人工智能;光伏概念;氢能源;融资融券,17,10,688069.SH,688069
共同富裕示范区;丙烯酸;融资融券,33,3,301065.SZ,301065
MCU芯片;汽车芯片;中芯国际概念;无线耳机;传感器;芯片概念;AI眼镜;汽车电子;小米概念;无人驾驶;消费电子概念;机器视觉;OLED;英伟达概念;华为手机;华为概念;人民币贬值受益;医疗器械概念;同花顺漂亮100;融资融券;沪股通,17,21,603501.SH,603501
机器人概念;一带一路;小米概念;家用电器;融资融券,151,5,920108.BJ,920108
2025年报预增;风电;海工装备;高端装备;绿色电力;融资融券;深股通,33,7,300850.SZ,300850
智能医疗;数据要素;基因测序;区块链;阿尔茨海默概念;辅助生殖;猴痘概念;肝炎概念;医疗器械概念;医药电商;流感;合成生物;三胎概念;创投;粤港澳大湾区;一带一路;深股通;融资融券,33,18,300676.SZ,300676
小金属概念;锂电池概念;股权转让(并购重组);专精特新;沪股通;融资融券,17,6,603399.SH,603399
物业管理;国企改革;西部大开发;水利,17,4,600665.SH,600665
钠离子电池;磷化工;固态电池;动力电池回收;锂电池概念;宁德时代概念;燃料电池;储能;氢能源;比亚迪概念;液冷服务器;新能源汽车;一带一路;数据中心;无人机;数字经济;融资融券;沪股通,17,18,603906.SH,603906
柔性屏(折叠屏);人民币贬值受益;2025年报预增;MicroLED概念;储能;MiniLED;足球概念;创投;华为概念;虚拟现实;数字经济;深股通,33,12,300389.SZ,300389
电子纸;人民币贬值受益;消费电子概念;一带一路;MiniLED;国企改革;智能座舱;新能源汽车;芯片概念;沪股通;融资融券,17,11,688055.SH,688055
成飞概念;减速器;航空发动机;大飞机;军民融合;人形机器人;商业航天;卫星导航;军工;无人机;华为汽车;机器人概念;小米汽车;长安汽车概念;特斯拉概念;新能源汽车;比亚迪概念;专精特新;高铁;水利;西部大开发;融资融券;沪股通,17,23,603809.SH,603809
智能医疗;AI应用;人工智能;医疗器械概念;宠物经济;机器人概念;人民币贬值受益;融资融券,17,8,688358.SH,688358
安防;智慧城市;新型城镇化;低空经济;数字孪生;数据要素;水利;华为鲲鹏;人工智能;5G;东数西算(算力);AI智能体;数据中心;乡村振兴;污水处理;土壤修复;国企改革;风电;股权转让(并购重组),33,19,300635.SZ,300635
特色小镇;物业管理;国企改革;养老概念;西部大开发;工业大麻,17,6,600239.SH,600239
人形机器人;工业母机;新型工业化;机器人概念;工业互联网;专精特新;军民融合;2025年报预增;沪股通;融资融券,17,10,688577.SH,688577
创新药;沪股通;融资融券,17,3,688192.SH,688192
参股银行;跨境电商;参股保险;参股券商;国企改革;一带一路;期货概念;人民币贬值受益;数字经济;摘帽,17,10,600287.SH,600287
注册制次新股;长安汽车概念;新能源汽车;比亚迪概念;汽车电子;深股通;新股与次新股;融资融券,33,8,301173.SZ,301173
减速器;人形机器人;PEEK材料;飞行汽车(eVTOL);商业航天;汽车热管理;军民融合;华为汽车;低空经济;无人机;卫星导航;军工;小米汽车;特斯拉概念;机器人概念;毫米波雷达;传感器;6G概念;比亚迪概念;新能源汽车;智能座舱;华为概念;无人驾驶;专精特新;燃料电池;氢能源;回购增持再贷款概念;深股通,33,28,300680.SZ,300680
物业管理,17,1,600280.SH,600280
可控核聚变;超导概念;海工装备;光纤概念;铜缆高速连接;光伏概念;核电;PET铜箔;特高压;雅下水电概念;商业航天;风电;柔性直流输电;高端装备;芯片概念;军工;军民融合;智能电网;锂电池概念;无人机;储能;回购增持再贷款概念;充电桩;固态电池;宁德时代概念;西部大开发;新能源汽车;液冷服务器;特斯拉概念;低空经济;数据中心;机器人概念;钠离子电池;华为概念;人形机器人;独角兽概念;参股银行;东数西算(算力);智慧城市;人工智能;DeepSeek概念;阿里巴巴概念;沪股通;融资融券,17,44,600869.SH,600869
上海国企改革;房屋检测;装配式建筑;新型城镇化;化债概念(AMC概念);地下管网;水利;PPP概念;体育产业;数字孪生;雄安新区;人工智能;智慧城市;DeepSeek概念;数字经济;国企改革;建筑节能;无人机;一带一路;碳中和;阿里巴巴概念;文化传媒概念;数据中心;虚拟电厂;核电;自由贸易港;沪股通,17,27,603153.SH,603153
财税数字化;云计算;信创;华为鲲鹏;数据安全;国资云;智慧政务;网络安全;鸿蒙概念;AI智能体;国产操作系统;数据要素;数字货币;时空大数据;数字乡村;阿里巴巴概念;AIGC概念;DeepSeek概念;互联网金融;DRG/DIP;跨境支付(CIPS);东数西算(算力);数字经济;人工智能;智慧城市;数字孪生;军工信息化;安防;华为概念;物联网;智能医疗;无人驾驶;工业互联网;数据中心;芯片概念;新型工业化;体育产业;汽车电子;水利;央企国企改革;回购增持再贷款概念;国企改革;雄安新区;雅下水电概念;电力物联网;AI应用;深股通;融资融券,33,48,002368.SZ,002368
装配式建筑;碳中和;跨境电商;人民币贬值受益;融资融券,33,5,301429.SZ,301429
白酒概念;深股通;融资融券;国企改革,33,4,000596.SZ,000596
人造肉;预制菜;中韩自贸区;冷链物流;养鸡;2025年报预增,17,6,605567.SH,605567
自由贸易港;统一大市场;跨境电商;智能物流;航运概念;拼多多概念;粤港澳大湾区;数字经济;无人驾驶;物联网;低空经济;抖音概念(字节概念);阿里巴巴概念;沪股通,17,14,603535.SH,603535
短剧游戏;文化传媒概念;手机游戏;AI语料;IP经济(谷子经济);AIGC概念;元宇宙;腾讯概念;旅游概念;虚拟现实;AI应用;京津冀一体化;创投;国企改革,33,14,002343.SZ,002343
三胎概念;参股银行;医药电商;参股券商;国企改革;流感;西部大开发,17,7,600249.SH,600249
人形机器人;人民币贬值受益;锂电池概念;融资融券;新型烟草(电子烟);储能;固态电池;两轮车;消费电子概念,151,9,920627.BJ,920627
财税数字化;信创;电子身份证;国产操作系统;华为欧拉;智慧政务;华为鲲鹏;数据安全;网络安全;云计算;阿里巴巴概念;数字经济;智慧城市;DeepSeek概念;人工智能;低空经济;华为概念;中国AI 50;商业航天;AI PC;京津冀一体化;机器人概念;数据中心;水利;乡村振兴;央企国企改革;国企改革;中字头股票;沪股通;融资融券,17,30,600536.SH,600536
互联网金融;鸿蒙概念;数据中心;AI应用;股权转让(并购重组);沪股通;融资融券,17,7,601519.SH,601519
OLED;芯片概念;消费电子概念;柔性屏(折叠屏);富士康概念;小米概念;苹果概念;华为手机;华为概念,17,9,605588.SH,605588
固态电池;专精特新;金属回收;深股通;融资融券,33,5,301617.SZ,301617
乡村振兴;物业管理;国企改革;旅游概念;网约车;充电桩,17,6,600561.SH,600561
人形机器人;华为汽车;特斯拉概念;新能源汽车;比亚迪概念;汽车电子;机器人概念;小米概念;无人机;低空经济;华为概念;2025年报预增;深股通;融资融券,33,14,002664.SZ,002664
脑机接口;跨境电商;智能家居;人工智能;工业互联网;沪股通;融资融券,17,7,603008.SH,603008
智能家居;家用电器;机器人概念;语音技术;人工智能;华为概念;数据中心;2025年报预增;融资融券;沪股通,17,10,603486.SH,603486
CRO概念;智能医疗;AIGC概念;创新药;人工智能;深股通;融资融券,33,7,301333.SZ,301333
预制菜;统一大市场;冷链物流;跨境电商;乡村振兴;智能物流;回购增持再贷款概念;腾讯概念;抖音概念(字节概念);华为概念,17,10,601366.SH,601366
旅游概念;文化传媒概念;国企改革;西部大开发;虚拟数字人;DeepSeek概念;低空经济;腾讯概念,33,8,000978.SZ,000978
青蒿素;细胞免疫治疗;合成生物;流感;CRO概念;肝炎概念;物业管理;创新药;减肥药;新疆振兴;西部大开发,17,11,600721.SH,600721
ST板块;新型工业化;MiniLED;智能物流;柔性屏(折叠屏);新能源汽车;华为概念;OLED;股权转让(并购重组),33,9,300097.SZ,300097
华为概念;创投;人工智能;DeepSeek概念;托育服务;鸿蒙概念;在线教育;腾讯概念;人民币贬值受益;体育产业;云办公;多模态AI;AI应用;股权转让(并购重组);深股通,33,15,002955.SZ,002955
新型工业化;华为汽车;工业母机;机器人概念;小米概念;新能源汽车;无人机;智能家居;专精特新;3D打印;粤港澳大湾区;华为概念;人民币贬值受益;深股通;融资融券,33,15,002892.SZ,002892
固态电池;锂电池概念;比亚迪概念;核电;无人机;粤港澳大湾区;深股通,33,7,002882.SZ,002882
石墨烯;锂电池概念;建筑节能;氢能源;装配式建筑;海工装备;水利;专精特新;稀土永磁;芯片概念,33,10,300405.SZ,300405
中国AI 50;国产操作系统;东数西算(算力);阿里巴巴概念;网络安全;算力租赁;物联网;数据中心;数据安全;车联网(车路协同);WiFi 6;抖音概念(字节概念);云计算;AI智能体;5G;人工智能;数字孪生;智慧政务;英伟达概念;DeepSeek概念;数据要素;国资云;液冷服务器;智慧城市;机器人概念;AIGC概念;数字乡村;芯片概念;6G概念;共封装光学(CPO);储能;AI应用;深股通;融资融券,33,34,000938.SZ,000938
碳中和;水利;污水处理;土壤修复;净水概念;人工智能;融资融券,33,7,300864.SZ,300864
合成生物;医美概念;专精特新,33,3,300452.SZ,300452
重组蛋白;创新药;医美概念;合成生物;2025年报预增;沪股通;融资融券,17,7,688363.SH,688363
海峡两岸;互联网金融;融资融券,17,3,603696.SH,603696
星闪概念;智能音箱;AI眼镜;无线耳机;智能穿戴;语音技术;中国AI 50;小米概念;消费电子概念;芯片概念;华为概念;阿里巴巴概念;人工智能;人民币贬值受益;融资融券;沪股通,17,16,688608.SH,688608
空间计算;AIGC概念;虚拟数字人;多模态AI;智谱AI;元宇宙;AI智能体;百度概念;抖音概念(字节概念);DeepSeek概念;腾讯概念;智慧城市;人工智能;鸿蒙概念;足球概念;国产操作系统;电子竞技;车联网(车路协同);虚拟现实;智慧灯杆;华为概念;物联网;体育产业;MR(混合现实);机器人概念;智能家居;MicroLED概念;粤港澳大湾区;乡村振兴;柔性屏(折叠屏);MiniLED;人民币贬值受益;第三代半导体;英伟达概念;苹果概念;AI应用;深股通;融资融券,33,38,300232.SZ,300232
ST板块;期货概念;参股银行;污水处理;国企改革;碳交易;碳中和;区块链,33,8,000488.SZ,000488
汽车芯片;芯片概念;AI眼镜;小米概念;消费电子概念;汽车电子;AI手机;传感器;智能座舱;5G;共封装光学(CPO);数据中心;人形机器人;比亚迪概念;专精特新;小米汽车;机器人概念;虚拟现实;安防;人民币贬值受益;海峡两岸;回购增持再贷款概念;沪股通;融资融券,17,24,688381.SH,688381
存储芯片;汽车芯片;芯片概念;AI眼镜;消费电子概念;智能穿戴;东数西算(算力);人民币贬值受益;算力租赁;粤港澳大湾区;时空大数据;华为昇腾;智慧城市;华为鲲鹏;DeepSeek概念;国企改革;跨境电商;虚拟数字人;知识产权保护;深股通;融资融券,33,21,300042.SZ,300042
长安汽车概念;华为汽车;西部大开发;新能源汽车;小米汽车;比亚迪概念;工业互联网;小米概念,33,8,000757.SZ,000757
猴痘概念;肝炎概念;幽门螺杆菌概念;基因测序;医疗器械概念;智能医疗;共同富裕示范区;DeepSeek概念,33,8,300439.SZ,300439
人形机器人;工业母机;减速器;新型工业化;PEEK材料;机器视觉;传感器;机器人概念;芯片概念;3D打印;高端装备;华为概念;光伏概念;共封装光学(CPO);PCB概念;粤港澳大湾区;智能电网;锂电池概念;跨境电商;深股通;融资融券,33,21,301029.SZ,301029
专精特新;芯片概念;供销社;新能源汽车;光伏概念;融资融券,33,6,301581.SZ,301581
海南自贸区;ST板块;仿制药一致性评价;幽门螺杆菌概念;医药电商;流感;肝炎概念;三胎概念;创新药;专精特新,22,10,605199.SH,605199
福建自贸区;海峡两岸;MiniLED;国企改革;OLED;华为概念;新能源汽车;华为手机;消费电子概念;深股通;融资融券,33,11,000536.SZ,000536
固态电池;锂电池概念;动力电池回收;特斯拉概念;沪股通;融资融券,17,6,688006.SH,688006
创新药;仿制药一致性评价;专精特新;合成生物;幽门螺杆菌概念;肝炎概念;沪股通;融资融券,17,8,688799.SH,688799
海峡两岸;融资融券;人民币贬值受益;新能源汽车;专精特新,151,5,920000.BJ,920000
新型城镇化;建筑节能;光伏建筑一体化;国企改革;一带一路;光伏概念;智能家居;工业互联网;数字经济,33,9,000619.SZ,000619
高铁;比亚迪概念;无人驾驶,33,3,300851.SZ,300851
智能电网;风电;光伏概念;储能;雅下水电概念;充电桩;数据中心;特钢概念;一带一路;高铁;水利;西部大开发;PPP概念;工业互联网;东数西算(算力);专精特新;沪股通;融资融券,17,18,603191.SH,603191
无人驾驶;消费电子概念;小米概念;人形机器人;5G;柔性屏(折叠屏);比亚迪概念;新型烟草(电子烟);物联网;PCB概念;新能源汽车;华为概念;无人机;数据中心;深股通;融资融券,33,16,300679.SZ,300679
AI语料;Sora概念(文生视频);智谱AI;ChatGPT概念;多模态AI;虚拟数字人;AIGC概念;云办公;AI智能体;云计算;网络游戏;文化传媒概念;数据安全;信创;区块链;网络安全;鸿蒙概念;国产操作系统;DeepSeek概念;人工智能;数字经济;智慧城市;车联网(车路协同);安防;物联网;EDR概念;跨境电商;智能穿戴;机器人概念;AI应用;消费电子概念;比亚迪概念;新能源汽车;同花顺漂亮100;参股银行;沪股通;融资融券,17,37,601360.SH,601360
机器人概念;专精特新;高铁;固态电池;锂电池概念;液冷服务器;融资融券;深股通,33,8,300587.SZ,300587
海南自贸区;自由贸易港;旅游概念;化债概念(AMC概念);物业管理;车联网(车路协同);水利;数字经济;参股银行;抖音概念(字节概念);国企改革;算力租赁;东数西算(算力);数据中心;回购增持再贷款概念;2025年报预增;股权转让(并购重组);深股通,33,18,000886.SZ,000886
钙钛矿电池;光伏建筑一体化;光伏概念;储能;充电桩;专精特新;机器人概念;融资融券,33,8,301278.SZ,301278
长安汽车概念;华为汽车;一体化压铸;新能源汽车;比亚迪概念;锂电池概念;宁德时代概念,17,7,603768.SH,603768
农机;燃料电池;长安汽车概念;新能源汽车;机器人概念,17,5,603926.SH,603926
智能穿戴;MiniLED;柔性屏(折叠屏);汽车电子;消费电子概念;MicroLED概念;小米概念;富士康概念;OLED;智能家居;机器视觉;先进封装;芯片概念;机器人概念;粤港澳大湾区;虚拟现实;无人驾驶;无人机;华为概念;低空经济;固态电池;回购增持再贷款概念;广东自贸区;深股通,33,24,002845.SZ,002845
数字货币;跨境支付(CIPS);互联网金融;区块链;数字经济;信创;Web3.0;数据确权;云计算;AI智能体;DeepSeek概念;人工智能;华为概念;粤港澳大湾区;参股银行;NFT概念;人民币贬值受益;融资融券;深股通,33,19,300468.SZ,300468
创新药;基因测序;医疗器械概念;智能医疗;专精特新;福建自贸区;海峡两岸;深股通;融资融券,33,9,300685.SZ,300685
特斯拉概念;机器人概念;新能源汽车;比亚迪概念;沪股通;融资融券,17,6,603179.SH,603179
重组蛋白;创新药;肝炎概念;仿制药一致性评价;沪股通;融资融券,17,6,688687.SH,688687
PEEK材料;人形机器人;新能源汽车;3D打印;碳纤维;机器人概念;专精特新;商业航天;大飞机;医疗器械概念;融资融券,17,11,688716.SH,688716
机器人概念;新能源汽车;人民币贬值受益;智能物流;军工;共同富裕示范区;储能;锂电池概念;汽车拆解概念;沪股通;融资融券,17,11,603194.SH,603194
光刻胶;消费电子概念;芯片概念;第三代半导体;智能穿戴;华为概念;机器人概念;PEEK材料;无人机;存储芯片;小米概念;低空经济;军工;光伏概念;5G;新能源汽车;PCB概念;PET铜箔;粤港澳大湾区;创投;储能;数字经济;海峡两岸;宁德时代概念,33,24,300538.SZ,300538
人形机器人;汽车热管理;华为汽车;新型工业化;小米汽车;一体化压铸;特斯拉概念;飞行汽车(eVTOL);新能源汽车;机器人概念;比亚迪概念;小米概念;智能座舱;机器视觉;低空经济;无人驾驶;充电桩;5G;液冷服务器;粤港澳大湾区;储能;华为概念;宁德时代概念;数据中心;光伏概念;创投;华为数字能源;信创;融资融券;深股通,33,30,002965.SZ,002965
国企改革,17,1,600769.SH,600769
军工,33,1,000782.SZ,000782
PVDF概念;锂电池概念;固态电池;回购增持再贷款概念;碳中和;国企改革;深股通;融资融券,33,8,002068.SZ,002068
肝炎概念;猴痘概念;流感;医疗器械概念;智能医疗;DeepSeek概念;融资融券;深股通,33,8,300832.SZ,300832
语音技术;物联网;网络安全;人脸识别;人工智能;粤港澳大湾区;ST板块;信创;数据安全;区块链;百度概念;互联网金融;物业管理;AI应用;股权转让(并购重组),33,15,300561.SZ,300561
存储芯片;OLED;第三代半导体;芯片概念;TOPCON电池;光伏概念;小金属概念;创投;沪股通;股权转让(并购重组);融资融券,17,11,600641.SH,600641
短剧游戏;AI语料;虚拟数字人;多模态AI;AIGC概念;智谱AI;文化传媒概念;手机游戏;抖音概念(字节概念);网络游戏;AI智能体;元宇宙;阿里巴巴概念;鸿蒙概念;区块链;IP经济(谷子经济);DeepSeek概念;网红经济;独角兽概念;人工智能;虚拟现实;数字孪生;华为概念;MR(混合现实);跨境电商;5G;机器人概念;乡村振兴;AI应用;国企改革;农村电商;深股通;融资融券,33,33,300413.SZ,300413
2025年报预增;海工装备;风电;绿色电力;深股通;融资融券,33,6,301155.SZ,301155
养鸡;乡村振兴;西部大开发;绿色电力;2025年报预增;融资融券,33,6,300967.SZ,300967
医药电商;流感;民营医院;医美概念;创新药;西部大开发;融资融券,17,7,600594.SH,600594
国企改革;专精特新;光刻胶;稀土永磁;PCB概念;融资融券,17,6,688571.SH,688571
2025年报预增;比亚迪概念;机器人概念;长安汽车概念;融资融券;无人驾驶;智能座舱;高端装备;新能源汽车,151,9,920906.BJ,920906
体育产业;NFT概念;IP经济(谷子经济);职业教育;AIGC概念;在线教育;多模态AI;Web3.0;虚拟现实;百度概念;人工智能;数字经济;低空经济;无人驾驶;回购增持再贷款概念;AI应用,33,16,002858.SZ,002858
医疗器械概念;回购增持再贷款概念;融资融券,33,3,301188.SZ,301188
钠离子电池;氟化工概念;固态电池;磷化工;锂电池概念;比亚迪概念;2025年报预增;仿制药一致性评价;猴痘概念;合成生物;流感;深股通;融资融券,33,13,301246.SZ,301246
光纤概念;5G;液冷服务器;数据中心;物联网;智慧灯杆;太赫兹;数字孪生;储能;粤港澳大湾区;锂电池概念,33,11,300565.SZ,300565
钙钛矿电池;HJT电池;商业航天;大飞机;光伏概念;碳纤维;核电;军工;军民融合;无人机;低空经济;飞行汽车(eVTOL);风电;柔性屏(折叠屏);动力电池回收;芯片概念;超超临界发电;OLED;盐湖提锂;污水处理;PPP概念;融资融券;深股通,33,23,300263.SZ,300263
AI智能体;人工智能;创投;上海国企改革;机器人概念;宠物经济;参股券商;体育产业;国企改革;参股银行;人形机器人;证金持股;沪股通;融资融券,17,14,600826.SH,600826
专精特新;高端装备;碳纤维;融资融券,33,4,001395.SZ,001395
卫星导航;商业航天;军工;智慧政务;智慧城市;国产操作系统;数字乡村;华为欧拉;华为昇腾;网络安全;信创;华为鲲鹏;数字经济;数据要素;数据安全;人工智能;AI智能体;华为盘古;云计算;MLOps概念;DeepSeek概念;物联网;东数西算(算力);华为概念;阿里巴巴概念;AIGC概念;智谱AI;5G;电力物联网;西部大开发;华为数字能源;智能电网;碳交易;ST板块;特高压;AI应用,33,36,300366.SZ,300366
医疗器械概念,17,1,603880.SH,603880
存储芯片;芯片概念;专精特新;数据中心;东数西算(算力);卫星导航;军工;信创;军工信息化;数据安全;国产操作系统;云计算;深股通;融资融券,33,14,300302.SZ,300302
MCU芯片;汽车芯片;无线耳机;智能穿戴;芯片概念;星闪概念;华为海思概念股;消费电子概念;小米概念;汽车电子;传感器;第三代半导体;5G;存储芯片;物联网;华为概念;数据中心;车联网(车路协同);机器人概念;OLED;液冷服务器;智能家居;比亚迪概念;ETC;6G概念;特斯拉概念;PCB概念;电力物联网;人工智能;独角兽概念;腾讯概念;光伏概念;智能电网;2025年报预增;跨境电商;融资融券;深股通,33,37,300184.SZ,300184
汽车芯片;MCU芯片;AI眼镜;芯片概念;消费电子概念;智能穿戴;小米概念;5G;专精特新;比亚迪概念;机器人概念;物联网;华为概念;人民币贬值受益;卫星导航;抖音概念(字节概念);融资融券;沪股通,17,18,688798.SH,688798
卫星导航;军工信息化;商业航天;时空大数据;网络安全;信创;车联网(车路协同);军民融合;无人机;军工;财税数字化;智慧政务;华为鲲鹏;芯片概念;东数西算(算力);数据要素;华为概念;智慧城市;大飞机;区块链;独角兽概念;物联网;人工智能;数字孪生;算力租赁;DeepSeek概念;数字经济;腾讯概念;云游戏;数据中心;京津冀一体化;智能医疗;光伏概念;光伏建筑一体化;深股通;AI应用;融资融券,33,37,300324.SZ,300324
基因测序;猴痘概念;阿尔茨海默概念;CRO概念;流感;重组蛋白;合成生物;减肥药;人工智能;军工信息化;沪股通;融资融券,17,12,688105.SH,688105
芯片概念;工业互联网;智慧城市;央企国企改革;人民币贬值受益;房屋检测;国企改革;中芯国际概念;沪股通;股权转让(并购重组),17,10,600962.SH,600962
虚拟现实;华为概念;智能穿戴;IP经济(谷子经济);AI眼镜;小米概念;消费电子概念;粤港澳大湾区;眼科医疗;深股通,33,10,300622.SZ,300622
光刻胶;先进封装;芯片概念;PCB概念;专精特新;创投;深股通;融资融券,33,8,300429.SZ,300429
物业管理;雄安新区;特色小镇;中俄贸易概念;创投;网红经济;抖音概念(字节概念),33,7,002494.SZ,002494
华为盘古;ERP概念;华为鲲鹏;华为昇腾;鸿蒙概念;网络安全;智慧政务;信创;区块链;数据安全;云计算;国资云;数据确权;智慧城市;互联网金融;算力租赁;东数西算(算力);阿里巴巴概念;百度概念;数字经济;腾讯概念;DeepSeek概念;智谱AI;人工智能;车联网(车路协同);抖音概念(字节概念);华为概念;工业互联网;数据中心;京津冀一体化;充电桩;物业管理;参股银行;国企改革;冷链物流;绿色电力;深股通;AI应用;融资融券,33,39,000158.SZ,000158
无线耳机;智能穿戴;消费电子概念;虚拟现实;苹果概念;机器人概念;无人机;人民币贬值受益;医疗器械概念;储能;一带一路,33,11,002981.SZ,002981
存储芯片;先进封装;OLED;芯片概念;回购增持再贷款概念;数据中心;绿色电力;光伏建筑一体化;国企改革;沪股通;融资融券,17,11,600667.SH,600667
存储芯片;中芯国际概念;汽车芯片;芯片概念;无线耳机;消费电子概念;汽车电子;AI眼镜;智能穿戴;小米概念;智能座舱;专精特新;新型烟草(电子烟);比亚迪概念;数据中心;人民币贬值受益;特斯拉概念;华为概念;沪股通;融资融券,17,20,688123.SH,688123
小红书概念;快手概念;Sora概念(文生视频);短剧游戏;智谱AI;Web3.0;AIGC概念;ChatGPT概念;虚拟数字人;多模态AI;NFT概念;文化传媒概念;抖音概念(字节概念);AI智能体;阿里巴巴概念;百度概念;腾讯概念;元宇宙;数据要素;蚂蚁集团概念;网红经济;IP经济(谷子经济);DeepSeek概念;人工智能;AI应用;MR(混合现实);华为概念;跨境电商;粤港澳大湾区;股权转让(并购重组);融资融券;深股通,33,32,300781.SZ,300781
汽车芯片;星闪概念;WiFi 6;卫星导航;芯片概念;小米概念;5G;无人机;消费电子概念;低空经济;汽车电子;机器人概念;专精特新;比亚迪概念;新能源汽车;人民币贬值受益;京津冀一体化;回购增持再贷款概念;沪股通;融资融券,17,20,688153.SH,688153
PEEK材料;汽车热管理;碳纤维;新能源汽车;人形机器人;特斯拉概念;比亚迪概念;3D打印;可降解塑料;家用电器;机器人概念;专精特新;充电桩;高铁;储能;特高压;小米概念;无人机;毫米波雷达;低空经济;回购增持再贷款概念;5G;2025年报预增,33,23,300644.SZ,300644
央企国企改革;核电;国企改革;碳中和;证金持股,33,5,002066.SZ,002066
流感;肝炎概念;猴痘概念;幽门螺杆菌概念;宠物经济;医疗器械概念;创投;沪股通;融资融券,17,9,603387.SH,603387
智能物流;国企改革;长安汽车概念;无人驾驶;新能源汽车;融资融券;沪股通,17,7,600609.SH,600609
仿制药一致性评价;民营医院;阿尔茨海默概念;创新药;流感;CRO概念;西部大开发,17,7,603669.SH,603669
网络安全;智慧政务;云计算;互联网金融;数据安全;华为欧拉;ST板块;数据要素;抖音概念(字节概念);DeepSeek概念;信创;东数西算(算力);人工智能;量子科技;百度概念;AI智能体;物联网;华为概念;军工;快手概念;数据中心;AI应用;股权转让(并购重组),33,23,300419.SZ,300419
2025年报预增;创新药;眼科医疗;医药电商;民营医院;智能医疗;融资融券;深股通,33,8,300573.SZ,300573
环氧丙烷;水泥概念;建筑节能;医疗器械概念;深股通;融资融券,33,6,002165.SZ,002165
垃圾分类;军民融合;军工;钠离子电池;智慧城市;绿色电力;锂电池概念;固态电池;专精特新;拼多多概念;超超临界发电;文化传媒概念;腾讯概念;数据要素;阿里巴巴概念;百度概念;抖音概念(字节概念),33,17,002591.SZ,002591
统一大市场;冷链物流;智能物流;自由贸易港;长三角一体化;国企改革;医疗器械概念;一带一路;换电概念;新能源汽车;机器人概念;上海自贸区;苹果概念,17,13,603648.SH,603648
存储芯片;先进封装;汽车芯片;芯片概念;汽车电子;2025年报预增;锂电池概念;创投;固废处理;国企改革;融资融券;深股通,33,12,002077.SZ,002077
预制菜;职业教育;独角兽概念;西部大开发;国企改革;深股通,33,6,000721.SZ,000721
维生素;跨境电商;医美概念;专精特新;人造肉;西部大开发;化肥,33,7,300239.SZ,300239
华为海思概念股;星闪概念;安防;元宇宙;抖音概念(字节概念);华为概念;汽车电子;AI眼镜;苹果概念;小米概念;卫星导航;DeepSeek概念;无人机;数据中心;机器人概念;ST板块;比亚迪概念;商业航天;芯片概念;共封装光学(CPO);专精特新;海工装备,33,22,300460.SZ,300460
乳业;白酒概念;三胎概念;跨境电商;幽门螺杆菌概念,17,5,605388.SH,605388
物业管理;垃圾分类;雄安新区;国企改革;京津冀一体化;军民融合;创投,17,7,600463.SH,600463
共同富裕示范区;专精特新;5G,17,3,603321.SH,603321
医疗器械概念;人民币贬值受益,17,2,603309.SH,603309
文化传媒概念;小红书概念;抖音概念(字节概念);网红经济;数据要素;旅游概念;华为概念;上海自贸区,17,8,603729.SH,603729
特高压;储能;可控核聚变;氢能源;比亚迪概念;汽车热管理;抽水蓄能;新型工业化;锂电池概念;固态电池;一带一路;回购增持再贷款概念;无人机;央企国企改革;无人驾驶;国企改革;房屋检测;沪股通;中字头股票;融资融券,17,20,688128.SH,688128
人形机器人;新型工业化;机器人概念;智能医疗;专精特新;工业互联网;医疗器械概念;智能物流;高端装备;中俄贸易概念;3D打印;创投;黑龙江自贸区;污水处理;深股通;融资融券,33,16,002698.SZ,002698
融资融券;体育产业;环氧丙烷,151,3,920261.BJ,920261
科创次新股;细胞免疫治疗;减肥药;创新药;注册制次新股;新股与次新股;融资融券,17,7,688759.SH,688759
高铁;一带一路;西部大开发;新能源汽车;国企改革;央企国企改革;融资融券,17,7,688285.SH,688285
维生素;基因测序;肝炎概念;仿制药一致性评价;医药电商;创新药;民营医院;2025年报预增;黑龙江自贸区;深股通;融资融券,33,11,002437.SZ,002437
人形机器人;柔性屏(折叠屏);消费电子概念;新能源汽车;小米概念;专精特新;机器人概念;长安汽车概念;华为概念;2025年报预增;建筑节能;有机硅概念;锂电池概念;一带一路;足球概念;融资融券,33,16,300980.SZ,300980
智能电网;高铁;专精特新;光伏概念;物联网;无人驾驶;融资融券,33,7,301386.SZ,301386
创新药;仿制药一致性评价;医药电商;幽门螺杆菌概念;流感;融资融券;深股通,33,7,002755.SZ,002755
数字经济;时空大数据;数据要素;军工;智慧城市;跨境电商;卫星导航;创投;物联网;碳中和;粤港澳大湾区;一带一路;智能物流;中俄贸易概念;航运概念;广东自贸区;统一大市场,33,17,300350.SZ,300350
脑机接口;芬太尼;辅助生殖;猴痘概念;医疗器械概念;幽门螺杆菌概念;肝炎概念;流感;人民币贬值受益;沪股通;融资融券,17,11,688767.SH,688767
电子身份证;华为鲲鹏;数据安全;数字货币;网络安全;Web3.0;信创;云办公;智慧政务;量子科技;军工信息化;云计算;AI智能体;移动支付;鸿蒙概念;区块链;阿里巴巴概念;百度概念;车联网(车路协同);智慧城市;DeepSeek概念;人工智能;华为概念;低空经济;汽车芯片;MCU芯片;军工;无人机;芯片概念;专精特新;一带一路;新疆振兴,17,32,603232.SH,603232
人形机器人;比亚迪概念;机器人概念;商业航天;人民币贬值受益;军工;石墨烯;安防;海工装备;体育产业;深股通;融资融券,33,12,300952.SZ,300952
储能;新能源汽车;特斯拉概念;长三角一体化;一带一路;液冷服务器;数据中心;创投;融资融券,33,9,002328.SZ,002328
数字水印;华为鲲鹏;数据安全;财税数字化;信创;国产操作系统;网络安全;数字货币;云计算;智慧政务;量子科技;云办公;鸿蒙概念;军工信息化;互联网金融;区块链;智谱AI;华为盘古;智慧城市;DeepSeek概念;ChatGPT概念;语音技术;人工智能;低空经济;百度概念;华为概念;安防;物联网;军工;工业互联网;军民融合;商业航天;智能家居;脑机接口;深股通;融资融券,33,36,300352.SZ,300352
新能源汽车;融资融券;无人驾驶;专精特新;充电桩;百度概念,151,6,920436.BJ,920436
柔性直流输电;智能电网;虚拟电厂;电力物联网;华为数字能源;风电;高压快充;光伏建筑一体化;换电概念;绿色电力;充电桩;光伏概念;钒电池;碳中和;储能;新疆振兴;海工装备;一带一路;高端装备;锂电池概念;京津冀一体化;数据中心;固态电池;数字孪生;长安汽车概念;工业互联网;数字经济;新能源汽车;人工智能;2025年报预增;机器人概念;华为概念;比亚迪概念;东数西算(算力);股权转让(并购重组);深股通,33,36,300444.SZ,300444
在线教育;人工智能;职业教育;AI应用;2025年报预增;西部大开发;融资融券;深股通,33,8,300492.SZ,300492
家用电器;粤港澳大湾区;WiFi 6;新型工业化;F5G概念;汽车电子;5G;专精特新;新能源汽车;融资融券,33,10,301314.SZ,301314
脑机接口;医疗器械概念;语音技术;养老概念;电子竞技;智能家居;人工智能;跨境电商;家用电器;专精特新;粤港澳大湾区;传感器;海峡两岸;智能穿戴;DeepSeek概念;腾讯概念;IP经济(谷子经济);中俄贸易概念;虚拟数字人;新疆振兴;新能源汽车;一带一路;回购增持再贷款概念;融资融券,17,24,688793.SH,688793
第三代半导体;芯片概念;消费电子概念;专精特新;液冷服务器;车联网(车路协同);人民币贬值受益;粤港澳大湾区;深股通,33,9,300689.SZ,300689
小米汽车;新能源汽车;特斯拉概念;沪股通,17,4,605319.SH,605319
商业航天;同花顺果指数;TOPCON电池;AI手机;智能座舱;3D打印;元宇宙;虚拟现实;智能穿戴;人形机器人;AI眼镜;华为概念;传感器;特斯拉概念;柔性屏(折叠屏);小米概念;减速器;新型工业化;机器人概念;小米汽车;OLED;蚂蚁集团概念;比亚迪概念;工业互联网;消费电子概念;无线耳机;汽车电子;光伏概念;苹果概念;新型烟草(电子烟);新能源汽车;液冷服务器;宁德时代概念;充电桩;智能家居;智能物流;人民币贬值受益;回购增持再贷款概念;同花顺漂亮100;深股通;融资融券,33,41,300433.SZ,300433
特斯拉概念;汽车电子,17,2,603159.SH,603159
汽车芯片;第三代半导体;中芯国际概念;MCU芯片;芯片概念;消费电子概念;AI眼镜;光伏概念;传感器;5G;比亚迪概念;新能源汽车;储能;机器人概念;数据中心;无人驾驶;充电桩;智能电网;特高压;沪股通;融资融券,17,21,688469.SH,688469
数字货币;移动支付;电子身份证;人形机器人;蚂蚁集团概念;数据确权;机器人概念;人脸识别;数字经济;物联网;区块链;智慧政务;财税数字化;信创;知识产权保护;东数西算(算力);数据中心;Web3.0;DeepSeek概念;阿里巴巴概念;拼多多概念;ChatGPT概念;深股通;融资融券,33,24,002117.SZ,002117
光热发电;可控核聚变;商业航天;氢能源;光伏概念;风电;虚拟电厂;燃料电池;智能电网;水利;储能;智慧灯杆;冷链物流;锂电池概念;专精特新;智慧城市;安防;智能家居;数据中心;智慧政务;股权转让(并购重组),33,21,300423.SZ,300423
安防;物联网;机器视觉;机器人概念;华为概念;新型工业化;太赫兹;汽车电子;消费电子概念;华为汽车;芯片概念;央企国企改革;国企改革;锂电池概念;2025年报预增;沪股通;融资融券,17,17,600071.SH,600071
储能;锂电池概念;融资融券;石墨电极;一带一路;比亚迪概念;固态电池;宁德时代概念;钠离子电池;石墨烯;燃料电池,151,11,920185.BJ,920185
统一大市场;西部大开发;粮食概念;智能物流;IP经济(谷子经济);抖音概念(字节概念),17,6,600785.SH,600785
两轮车;2025年报预增;人形机器人;跨境电商;人民币贬值受益;专精特新;机器人概念;无人驾驶;2025三季报预增;深股通;融资融券,33,11,301345.SZ,301345
第三代半导体;人形机器人;汽车芯片;可控核聚变;华为汽车;比亚迪概念;芯片概念;新能源汽车;机器人概念;充电桩;光伏概念;专精特新;数据中心;华为概念;回购增持再贷款概念;沪股通;融资融券,17,17,688711.SH,688711
环氧丙烷;丙烯酸;装配式建筑;雄安新区;雅下水电概念;水利;粤港澳大湾区;京津冀一体化;专精特新,33,9,002809.SZ,002809
军工信息化;6G概念;军工;网络安全;5G;物联网;数据要素;人工智能;股权转让(并购重组);融资融券,17,10,688175.SH,688175
租售同权;物业管理;特色小镇;化债概念(AMC概念);横琴新区;养老概念;新型城镇化;互联网金融;国企改革;云计算;粤港澳大湾区;华为概念;深股通;融资融券,33,14,002285.SZ,002285
新能源汽车;比亚迪概念;人民币贬值受益;高铁;2025年报预增,17,5,603586.SH,603586
PCB概念;存储芯片;MiniLED;消费电子概念;汽车电子;比亚迪概念;海峡两岸;智能家居;长安汽车概念;无人机;低空经济;人工智能;西部大开发;深股通;融资融券,33,15,301379.SZ,301379
算力租赁;云计算;信创;智慧政务;国资云;阿里巴巴概念;东数西算(算力);腾讯概念;AI智能体;数据要素;区块链;DeepSeek概念;数字孪生;人工智能;华为概念;数据中心;数字经济;智慧城市;物联网;职业教育;液冷服务器;智能医疗;军工;食品安全;上海国企改革;国企改革;PPP概念;沪股通;融资融券,17,29,600602.SH,600602
减速器;人形机器人;同花顺果指数;新型工业化;PEEK材料;华为汽车;特斯拉概念;铜缆高速连接;无人机;传感器;苹果概念;卫星导航;MR(混合现实);机器人概念;新能源汽车;小米概念;AI手机;无线耳机;消费电子概念;AI眼镜;液冷服务器;5G;3D打印;AI PC;芯片概念;智能穿戴;燃料电池;华为概念;宁德时代概念;海峡两岸;虚拟现实;东数西算(算力);充电桩;粤港澳大湾区;储能;氢能源;锂电池概念;深股通;融资融券,33,39,300115.SZ,300115
DRG/DIP;AIGC概念;多模态AI;ChatGPT概念;AI智能体;AI应用;数据要素;阿里巴巴概念;智能医疗;职业教育;DeepSeek概念;人工智能;CRO概念;细胞免疫治疗;养老概念;基因测序;阿尔茨海默概念;辅助生殖;华为概念;猴痘概念;医疗器械概念;三胎概念;肝炎概念;共同富裕示范区;冷链物流;深股通;融资融券,33,27,300244.SZ,300244
特高压;智能电网;虚拟电厂;风电;高压快充;充电桩;光伏概念;超级电容;储能;绿色电力;光伏建筑一体化;氢能源;燃料电池;中俄贸易概念;高端装备;雄安新区;数据中心;京津冀一体化;俄乌冲突概念;阿里巴巴概念;融资融券,33,21,002350.SZ,002350
虚拟数字人;锂电池概念;三胎概念;股权转让(并购重组),17,4,603196.SH,603196
雅下水电概念;一带一路;中俄贸易概念;西部大开发;人民币贬值受益;华为概念;机器人概念;减速器;DeepSeek概念;人工智能;深股通,33,11,001288.SZ,001288
宠物经济;跨境电商;共同富裕示范区;IP经济(谷子经济);人民币贬值受益;一带一路,33,6,001222.SZ,001222
飞行汽车(eVTOL);传感器;低空经济;华为汽车;比亚迪概念;新能源汽车;芯片概念;汽车热管理;高压快充;股权转让(并购重组);深股通;融资融券,33,12,300507.SZ,300507
文化传媒概念;短剧游戏;手机游戏;网络游戏;NFT概念;虚拟现实;AI应用;国企改革;沪股通;摘帽;股权转让(并购重组),17,11,600715.SH,600715
西部大开发,17,1,600847.SH,600847
新型工业化;工业互联网;国企改革;央企国企改革,17,4,600560.SH,600560
流感;医药电商;仿制药一致性评价;创新药;民营医院;医疗器械概念;冷链物流;京津冀一体化;西部大开发;股权转让(并购重组),33,10,000788.SZ,000788
免税店;预制菜;物业管理;冰雪产业;网红经济;露营经济;参股银行;跨境电商;白酒概念;国企改革;IP经济(谷子经济);创投;一带一路;低空经济;数字经济;人工智能;文化传媒概念;电子竞技;黄金概念;深股通;融资融券,33,21,000501.SZ,000501
融资融券,33,1,301088.SZ,301088
草甘膦;农村电商;NMN概念;乡村振兴;国企改革;合成生物;深股通;摘帽;股权转让(并购重组),33,9,000525.SZ,000525
共封装光学(CPO);PCB概念;存储芯片;MiniLED;5G;新能源汽车;2025年报预增;专精特新;华为概念;沪股通;融资融券,17,11,688519.SH,688519
污水处理;可降解塑料;融资融券;深股通,33,4,002521.SZ,002521
创新药;医疗器械概念;智能医疗;人工智能;专精特新;深股通;融资融券,33,7,300357.SZ,300357
免税店;预制菜;冷链物流;统一大市场;智能物流;融资融券;深股通;摘帽,33,8,002251.SZ,002251
物业管理;家用电器;超超临界发电;军民融合,17,4,600854.SH,600854
新能源汽车;特高压;柔性直流输电;一带一路;储能;专精特新;家用电器;融资融券,151,8,920128.BJ,920128
海峡两岸;人民币贬值受益;智能穿戴;虚拟现实;消费电子概念;新型烟草(电子烟);元宇宙;OLED,33,8,300032.SZ,300032
钠离子电池;固态电池;动力电池回收;锂电池概念;储能;比亚迪概念;新能源汽车;专精特新;芯片概念;融资融券,33,10,301152.SZ,301152
BC电池;钙钛矿电池;TOPCON电池;HJT电池;光伏概念;锂电池概念;储能;商业航天;一带一路;回购增持再贷款概念;人民币贬值受益;沪股通;融资融券,17,13,688472.SH,688472
流感;肝炎概念;仿制药一致性评价;维生素;CRO概念;深股通;融资融券,33,7,301211.SZ,301211
啤酒概念;海峡两岸;旅游概念;国企改革;合成生物,17,5,600573.SH,600573
铜缆高速连接;光纤概念;消费电子概念;新能源汽车;高压快充;专精特新;充电桩;机器人概念;华为概念;安防;一带一路;融资融券,33,12,301182.SZ,301182
鸿蒙概念;区块链;信创;智慧政务;华为鲲鹏;AI智能体;数据要素;网络安全;数字货币;数据安全;百度概念;跨境支付(CIPS);DeepSeek概念;阿里巴巴概念;国资云;腾讯概念;数字乡村;AIGC概念;人工智能;车联网(车路协同);互联网保险;华为概念;智能医疗;工业互联网;新型工业化;乡村振兴;国企改革;AI应用;中字头股票;融资融券;沪股通,17,31,603927.SH,603927
专精特新;东数西算(算力);数据中心;华为概念;网络安全;换电概念;信创;人工智能;国产操作系统;数据安全;云计算;DeepSeek概念;百度概念;AI智能体;沪股通;融资融券,17,16,688168.SH,688168
算力租赁;云计算;虚拟数字人;多模态AI;AIGC概念;华为鲲鹏;数据安全;AI智能体;网络安全;信创;东数西算(算力);元宇宙;在线教育;DeepSeek概念;数字经济;数据中心;人工智能;液冷服务器;阿尔茨海默概念;深股通;融资融券;一带一路;人民币贬值受益,33,23,300017.SZ,300017
流感;生物疫苗;阿尔茨海默概念;国企改革;沪股通;融资融券,17,6,688276.SH,688276
减肥药;创新药;雄安新区;医美概念;深股通;融资融券,33,6,300255.SZ,300255
人民币贬值受益,33,1,300126.SZ,300126
新型工业化;机器人概念;无人机;传感器;人形机器人;机器视觉;专精特新;电力物联网;人工智能;语音技术;海工装备;智能电网;东数西算(算力);储能;智能穿戴;一带一路;DeepSeek概念;AI眼镜,33,18,300853.SZ,300853
腾讯概念;智能医疗;CRO概念;人工智能;AI应用;减肥药;重组蛋白;创新药;2025年报预增;西部大开发;人民币贬值受益;回购增持再贷款概念;沪股通;融资融券,17,14,688222.SH,688222
流感;仿制药一致性评价;维生素;创新药;医疗器械概念;医美概念;宠物经济;黑龙江自贸区;消毒剂,33,9,002900.SZ,002900
网红经济;医美概念;重组蛋白;医疗器械概念;黑龙江自贸区;合成生物;NMN概念;深股通;融资融券,33,9,301371.SZ,301371
白酒概念;国企改革;沪股通;融资融券;回购增持再贷款概念,17,5,603369.SH,603369
中芯国际概念;光刻机;OLED;芯片概念;富士康概念;2025年报预增;股权转让(并购重组);深股通;融资融券,33,9,301297.SZ,301297
电力物联网;虚拟电厂;充电桩;智能电网;智能家居;传感器;智慧灯杆;粤港澳大湾区;物联网;芯片概念;5G,33,11,300514.SZ,300514
算力租赁;国资云;阿里巴巴概念;东数西算(算力);DeepSeek概念;数字经济;智慧城市;数据中心;比亚迪概念;汽车拆解概念;国企改革;特钢概念;绿色电力;沪股通;融资融券,17,15,600126.SH,600126
光热发电;核电;海工装备;超超临界发电;氢能源,17,5,603878.SH,603878
家庭医生;福建自贸区;DRG/DIP;移动支付;数字水印;蚂蚁集团概念;Web3.0;海峡两岸;AI应用;数据要素;托育服务;智慧城市;数据确权;数字经济;智慧政务;参股保险;ChatGPT概念;AIGC概念;DeepSeek概念;在线教育;智能医疗;腾讯概念;区块链;国企改革;人脸识别;数据安全;信创;人工智能;养老概念;华为鲲鹏;华为概念;ST板块;机器视觉,33,33,300096.SZ,300096
免税店;冷链物流;物业管理;冰雪产业;旅游概念;跨境电商;体育产业;国企改革;中俄贸易概念;数字经济;阿里巴巴概念;黄金概念,17,12,600697.SH,600697
农业种植;乡村振兴;创投;西部大开发;融资融券;土地流转,151,6,920023.BJ,920023
人形机器人;商业航天;军民融合;机器人概念;智能穿戴;C2M概念;跨境电商;中俄贸易概念;深股通;融资融券,33,10,300918.SZ,300918
人民币贬值受益;融资融券;深股通,33,3,300856.SZ,300856
专精特新;物联网;融资融券,33,3,301006.SZ,301006
预制菜;网红经济;白酒概念;超级品牌;IP经济(谷子经济);职业教育;NFT概念;京津冀一体化;雄安新区;国企改革,33,10,002186.SZ,002186
小米概念;华为概念;人工智能;智能家居;小米汽车;露营经济;西部大开发;融资融券,33,8,301336.SZ,301336
冰雪产业;旅游概念;IP经济(谷子经济);露营经济;文化传媒概念;西部大开发,17,6,600749.SH,600749
新能源汽车;比亚迪概念;机器人概念;专精特新;人民币贬值受益,17,5,603089.SH,603089
人形机器人;汽车热管理;同花顺新质50;华为汽车;特斯拉概念;长安汽车概念;小米概念;机器人概念;比亚迪概念;新能源汽车;液冷服务器;同花顺出海50;家用电器;空气能热泵;数据中心;宁德时代概念;燃料电池;储能;DeepSeek概念;深股通;融资融券;一带一路;回购增持再贷款概念,33,23,002050.SZ,002050
柔性直流输电;水利;数字经济;特高压;新能源汽车;新股与次新股;融资融券,151,7,920018.BJ,920018
核电;智能电网;风电;商业航天;充电桩;燃料电池;军工;光伏概念;西部大开发;国企改革;融资融券,17,11,600192.SH,600192
物业管理;国企改革;绿色电力;新能源汽车;人工智能;融资融券,17,6,600653.SH,600653
2025年报预增;专精特新;储能;风电;京津冀一体化;沪股通;融资融券,17,7,605305.SH,605305
在线教育;ChatGPT概念;智慧政务;多模态AI;AI智能体;虚拟数字人;AI语料;数据要素;鸿蒙概念;云计算;华为鲲鹏;语音技术;信创;人脸识别;电子身份证;人工智能;DeepSeek概念;数字经济;智慧城市;智能医疗;安防;华为概念;IP经济(谷子经济);京津冀一体化;电子纸;机器视觉;跨境电商;PM2.5;医疗器械概念;机器人概念;基因测序;芯片概念;消费电子概念;AI应用;比亚迪概念;融资融券;深股通,33,37,002362.SZ,002362
光刻胶;核污染防治;核电;消毒剂;碳中和;食品安全;创投;粤港澳大湾区;专精特新;光伏概念;磷化工;重组蛋白;PCB概念;辅助生殖;锂电池概念;深股通,33,16,002584.SZ,002584
家用电器;跨境电商;智能家居;智慧灯杆;智慧城市,33,5,300625.SZ,300625
钠离子电池;固态电池;锂电池概念;宁德时代概念;有机硅概念;超级电容;高压快充;储能;新能源汽车;2025年报预增;汽车热管理;无人机;国企改革;股权转让(并购重组);深股通;融资融券,33,16,301238.SZ,301238
融资融券;低空经济;人民币贬值受益;汽车热管理,151,4,920271.BJ,920271
水利;天然气;高端装备;融资融券;专精特新,151,5,920942.BJ,920942
BC电池;钙钛矿电池;HJT电池;TOPCON电池;硅能源;光伏概念;第三代半导体;PET铜箔;锂电池概念;芯片概念;粤港澳大湾区;融资融券;深股通,33,13,300724.SZ,300724
特钢概念;新疆振兴;国企改革;煤炭概念;西部大开发;央企国企改革;一带一路;沪股通;融资融券,17,9,600581.SH,600581
长三角一体化;智能家居;装配式建筑,17,3,605318.SH,605318
ST板块;细胞免疫治疗;创新药;流感;医药电商;辅助生殖;禽流感;医疗器械概念;横琴新区;粤港澳大湾区;数字经济,33,11,300147.SZ,300147
磷化工;石墨电极;金属回收;动力电池回收;固态电池;钠离子电池;锂电池概念;宁德时代概念;光刻胶;储能;新能源汽车;深股通;融资融券,33,13,002455.SZ,002455
职业教育;物联网;横琴新区;华为概念;DeepSeek概念;在线教育;鸿蒙概念;工业互联网;5G;华为海思概念股;苹果概念,33,11,300050.SZ,300050
AI手机;MR(混合现实);柔性屏(折叠屏);AI眼镜;5G;小米概念;苹果概念;消费电子概念;华为概念;特斯拉概念;新能源汽车;比亚迪概念;储能;宁德时代概念;国企改革;西部大开发;金属回收;锂电池概念;沪股通,17,19,603327.SH,603327
人形机器人;长安汽车概念;机器人概念;智能家居;人民币贬值受益;医疗器械概念;一带一路;三胎概念;养老概念;融资融券;沪股通,17,11,603583.SH,603583
知识产权保护;文化传媒概念;IP经济(谷子经济);抖音概念(字节概念);华为概念;融资融券,33,6,301025.SZ,301025
宁德时代概念;锂电池概念;储能;比亚迪概念;军工;小米汽车;盐湖提锂;新能源汽车;人形机器人;减速器;汽车热管理;机器人概念;长安汽车概念;毫米波雷达;低空经济;小米概念;华为汽车;磷化工;华为概念;西部大开发;深股通;股权转让(并购重组);融资融券,33,23,300432.SZ,300432
医疗器械概念;京津冀一体化;机器人概念;人民币贬值受益;深股通;融资融券,33,6,301367.SZ,301367
换电概念;新型工业化;汽车热管理;比亚迪概念;专精特新;新能源汽车;充电桩;机器人概念;传感器;特斯拉概念;储能;机器视觉;工业互联网;汽车电子;宁德时代概念;华为概念;毫米波雷达;锂电池概念;融资融券,17,19,688022.SH,688022
数字货币;ChatGPT概念;蚂蚁集团概念;华为鲲鹏;华为昇腾;AI智能体;信创;智慧政务;鸿蒙概念;多模态AI;区块链;AIGC概念;数据要素;跨境支付(CIPS);互联网金融;DeepSeek概念;数字经济;人工智能;中国AI 50;华为概念;AI应用;碳中和;回购增持再贷款概念;碳交易;证金持股;沪股通;融资融券,17,27,600570.SH,600570
乳业;网红经济;生态农业;宠物经济;乡村振兴;西部大开发;国企改革,33,7,002910.SZ,002910
柔性直流输电;特高压;智能电网;风电;高压快充;充电桩;核电;光伏概念;垃圾分类;新能源汽车;一带一路;机器人概念;数据中心;国企改革;智能物流;智慧灯杆,33,16,002358.SZ,002358
共享单车;物业管理;跨境电商;体育产业;三胎概念;国企改革;两轮车;创投;医疗器械概念;网红经济;互联网金融,17,11,600679.SH,600679
云计算;智能医疗;DeepSeek概念;算力租赁;专精特新;2025年报预增;氢能源;燃料电池,33,8,300816.SZ,300816
预制菜;创投,33,2,002495.SZ,002495
智能家居;粤港澳大湾区;华为概念;净水概念;人工智能;鸿蒙概念;2025年报预增,17,7,603038.SH,603038
钒电池;换电概念;核电;虚拟电厂;风电;储能;高压快充;比亚迪概念;充电桩;智能电网;粤港澳大湾区;人工智能;数据中心;特高压;柔性直流输电;阿里巴巴概念,33,16,002227.SZ,002227
燃料电池;氢能源;长安汽车概念;新能源汽车;智能物流;海峡两岸;国企改革;安防;福建自贸区;车联网(车路协同);无人驾驶;华为概念;百度概念;2025年报预增;融资融券;沪股通,17,16,600686.SH,600686
减肥药;细胞免疫治疗;创新药;眼科医疗;辅助生殖;仿制药一致性评价;沪股通;融资融券;同花顺漂亮100;证金持股,17,10,600276.SH,600276
创新药;沪股通;融资融券,17,3,688505.SH,688505
创投;ST板块,33,2,300225.SZ,300225
国企改革;参股券商;参股银行;创投;深股通;融资融券,33,6,000936.SZ,000936
小金属概念;水泥概念;时空大数据;氢能源;储能;回购增持再贷款概念;粤港澳大湾区;绿色电力;智慧城市;新型城镇化;职业教育;水利;数据要素;融资融券;沪股通,17,15,600868.SH,600868
智能穿戴;小米概念;华为概念;AI眼镜;粤港澳大湾区;汽车电子;虚拟现实;MR(混合现实);MicroLED概念;消费电子概念;比亚迪概念;小米汽车;MiniLED;量子科技,33,14,300752.SZ,300752
新型工业化;机器人概念;装配式建筑;氢能源;水泥概念;融资融券,17,6,603273.SH,603273
减速器;商业航天;卫星导航;人形机器人;低空经济;机器人概念;消费电子概念;新能源汽车;海峡两岸;专精特新;充电桩;人民币贬值受益;一带一路;深股通;融资融券,33,15,300885.SZ,300885
跨境电商;车联网(车路协同);国产操作系统;两轮车;机器人概念;人工智能;DeepSeek概念;小米概念;英伟达概念;储能;2025年报预增;融资融券,17,12,689009.SH,689009
数据要素;IP经济(谷子经济);融资融券;三胎概念;网红经济;跨境电商,151,6,920262.BJ,920262
比亚迪概念;光伏概念;新能源汽车;光伏建筑一体化;高铁;特斯拉概念;华为汽车;钙钛矿电池;高端装备;大飞机;深股通;融资融券,33,12,300320.SZ,300320
福建自贸区;数据要素;职业教育;数字经济;互联网金融;数据确权;人工智能;鸿蒙概念;华为概念;AI智能体;海峡两岸;DeepSeek概念;6G概念;物联网;5G;数据中心;智能医疗;养老概念;医疗器械概念;深股通;融资融券,33,21,002093.SZ,002093
家用电器;证金持股;智能家居;净水概念;机器人概念;深股通;融资融券,33,7,002242.SZ,002242
汽车芯片;中芯国际概念;第三代半导体;芯片概念;汽车电子;5G;专精特新;新能源汽车;高压快充;充电桩;柔性直流输电;深股通;股权转让(并购重组);融资融券,33,14,300623.SZ,300623
安防;专精特新;人民币贬值受益;融资融券;锂电池概念,151,5,920523.BJ,920523
智能家居;沪股通;股权转让(并购重组),17,3,603226.SH,603226
PEEK材料;华为汽车;小米汽车;新能源汽车;人形机器人;比亚迪概念;人民币贬值受益;储能;小米概念;无人驾驶;2025年报预增;机器人概念;融资融券,33,13,301022.SZ,301022
染料;POE胶膜;光伏概念;2025年报预增;HJT电池,17,5,605566.SH,605566
超超临界发电;光热发电;特钢概念;氢能源;核电;一体化压铸;新能源汽车;专精特新;比亚迪概念;创投;减速器;融资融券,33,12,300881.SZ,300881
先进封装;PET铜箔;芯片概念;液冷服务器;宁德时代概念;固态电池;比亚迪概念;专精特新;军工;沪股通;融资融券,17,11,688392.SH,688392
换电概念;跨境电商;智能物流;共同富裕示范区;新能源汽车;工业互联网;统一大市场;一带一路;回购增持再贷款概念;航运概念,33,10,001228.SZ,001228
ChatGPT概念;AIGC概念;ERP概念;AI应用;AI智能体;财税数字化;华为鲲鹏;云计算;阿里巴巴概念;智慧政务;信创;鸿蒙概念;区块链;网络安全;智能医疗;中国AI 50;DeepSeek概念;人工智能;数字经济;互联网金融;华为概念;工业互联网;机器人概念;参股保险;参股银行;同花顺漂亮100;证金持股;沪股通;融资融券,17,29,600588.SH,600588
互联网保险;跨境电商;海峡两岸;数字经济;参股保险;证金持股;深股通;融资融券,33,8,002029.SZ,002029
PCB概念;OLED;5G;芯片概念;光伏概念;同花顺新质50;融资融券;深股通,33,8,300395.SZ,300395
短剧游戏;文化传媒概念;虚拟数字人;AIGC概念;元宇宙;足球概念;数据要素;云办公;国资云;数字乡村;DeepSeek概念;数据安全;人工智能;养老概念;网络安全;算力租赁;智慧城市;数字孪生;东数西算(算力);乡村振兴;食品安全;低空经济;国企改革;工业互联网;机器视觉;数据中心;5G;光伏概念;储能;沪股通;融资融券,17,31,600959.SH,600959
冰雪产业;IP经济(谷子经济);文化传媒概念;旅游概念;露营经济;体育产业;特色小镇;国企改革;参股券商,33,9,002159.SZ,002159
可降解塑料;民爆概念;光伏概念,33,3,002360.SZ,002360
三胎概念;参股银行;IP经济(谷子经济);上海自贸区;深股通;融资融券,33,6,002269.SZ,002269
氢能源;燃料电池;一带一路;回购增持再贷款概念;新能源汽车;长安汽车概念;人民币贬值受益;华为汽车;比亚迪概念,17,9,603161.SH,603161
宠物经济;三胎概念;家用电器;智能家居;中俄贸易概念;人民币贬值受益;机器人概念;小米概念;融资融券;深股通,33,10,002705.SZ,002705
文化传媒概念;IP经济(谷子经济);旅游概念,33,3,000802.SZ,000802
染料;固废处理;国企改革,17,3,603188.SH,603188
减速器;长安汽车概念;农机;新能源汽车;共同富裕示范区;乡村振兴;沪股通,17,7,603767.SH,603767
养老概念;CRO概念;民营医院;合成生物;NMN概念;减肥药;创新药;仿制药一致性评价;工业大麻;医美概念;西部大开发;重组蛋白;生物疫苗;国企改革;深股通;融资融券,33,16,000813.SZ,000813
烟草;新型烟草(电子烟);储能;沪股通;融资融券,17,5,603429.SH,603429
柔性直流输电;特高压;智能电网;福建自贸区;虚拟电厂;抽水蓄能;海峡两岸;充电桩;电力物联网;风电;绿色电力;储能;光伏概念;核电;宁德时代概念;一带一路;数据中心;创投;工业互联网;DeepSeek概念;网络安全;区块链;融资融券;深股通,33,24,300712.SZ,300712
数字货币;移动支付;跨境支付(CIPS);互联网金融;蚂蚁集团概念;低空经济;区块链;创投;工业互联网;数据要素;信创;华为鲲鹏;华为汽车;一带一路;华为概念;参股券商;长安汽车概念;腾讯概念;比亚迪概念;深股通;融资融券,33,21,300180.SZ,300180
汽车热管理;传感器;低空经济;无人机;智能家居;机器人概念;毫米波雷达;新能源汽车;无人驾驶;汽车电子;消费电子概念;芯片概念,17,12,603266.SH,603266
流感;创新药;医疗器械概念;西部大开发,17,4,600080.SH,600080
融资融券;一带一路;股权转让(并购重组),151,3,920392.BJ,920392
医疗废物处理;雄安新区;PPP概念;净水概念;污水处理;垃圾分类;土壤修复;固废处理;碳中和;国企改革;西部大开发;消毒剂;食品安全;天然气;动力电池回收;无人驾驶,33,16,300422.SZ,300422
AIGC概念;数据要素;阿里巴巴概念;抖音概念(字节概念);百度概念;短剧游戏;腾讯概念;小红书概念;数字经济;算力租赁;智慧城市;车联网(车路协同);东数西算(算力);华为概念;跨境电商;低空经济;智慧灯杆;无人机;5G;AI应用;飞行汽车(eVTOL);苹果概念;充电桩;融资融券,17,24,603602.SH,603602
创投;家用电器;机器人概念;人形机器人;深股通;融资融券,33,6,300894.SZ,300894
算力租赁;AIGC概念;元宇宙;东数西算(算力);人工智能;数字经济;互联网金融;ST板块;数据中心;小米概念;智能物流;智能家居;装配式建筑;AI应用,33,14,002713.SZ,002713
氟化工概念;锂电池概念;回购增持再贷款概念;CRO概念;人民币贬值受益;2025年报预增;创新药;证金持股;深股通;融资融券,33,10,002250.SZ,002250
移动支付;数字经济;信创;云计算;DeepSeek概念;百度概念;车联网(车路协同);阿里巴巴概念;华为鲲鹏;鸿蒙概念;华为概念;物联网;ChatGPT概念;数据中心;5G;军工;毫米波雷达;跨境电商;光纤概念;传感器;智能座舱;汽车电子;长安汽车概念;储能;新能源汽车;汽车热管理;深股通,33,27,300292.SZ,300292
智慧灯杆;安防;芯片概念;消费电子概念;海工装备;汽车电子;柔性屏(折叠屏);风电;人民币贬值受益;OLED;特高压;PET铜箔;柔性直流输电;深股通,33,14,300120.SZ,300120
2025年报预增;军工;毫米波雷达;量子科技;铜缆高速连接;无人机;商业航天;融资融券;芯片概念;国企改革;央企国企改革;西部大开发;军工信息化;卫星导航;华为概念;低空经济;专精特新;军民融合;5G,151,19,920640.BJ,920640
宠物经济;幽门螺杆菌概念;三胎概念;创新药;乳业;土壤修复;医美概念;京津冀一体化,33,8,300858.SZ,300858
水利;智能电网;光伏概念;专精特新;传感器;雄安新区;物联网;数字孪生;华为概念;虚拟现实;数据要素,33,11,300259.SZ,300259
芯片概念;新型城镇化;粤港澳大湾区;人工智能;国企改革;深股通,33,6,002989.SZ,002989
预制菜;冷链物流;智能物流;沪股通,17,4,605188.SH,605188
共同富裕示范区;中俄贸易概念;一带一路;人民币贬值受益,17,4,603073.SH,603073
丙烯酸;融资融券,33,2,301037.SZ,301037
流感;仿制药一致性评价;专精特新;氟化工概念;锂电池概念,17,5,603520.SH,603520
期货概念;算力租赁;粤港澳大湾区;深股通;融资融券;股权转让(并购重组),33,6,000712.SZ,000712
ST板块;有机硅概念,33,2,002211.SZ,002211
CRO概念;创新药;仿制药一致性评价;合成生物;智能医疗;人民币贬值受益;人工智能;DeepSeek概念;沪股通;融资融券,17,10,603456.SH,603456
创新药;人民币贬值受益;西部大开发;沪股通;融资融券,17,5,688506.SH,688506
汽车芯片;农机;数据中心;换电概念;新能源汽车;无人驾驶;工业互联网;氢能源;上海国企改革;国企改革;沪股通,17,11,600841.SH,600841
光伏概念;专精特新;职业教育,17,3,603065.SH,603065
上海国企改革;物业管理;碳交易;国企改革;光伏建筑一体化;绿色电力;充电桩;无人驾驶;股权转让(并购重组),17,9,600834.SH,600834
智能电网;充电桩;绿色电力;数据中心;腾讯概念,17,5,601616.SH,601616
芯片概念;消费电子概念;专精特新;注册制次新股;物联网;人工智能;深股通;新股与次新股;融资融券,33,9,301678.SZ,301678
PCB概念;先进封装;芯片概念;3D打印;5G;比亚迪概念;海峡两岸;英伟达概念;沪股通,17,9,603002.SH,603002
时空大数据;智慧政务;国资云;数据要素;信创;数据确权;车联网(车路协同);智慧城市;DeepSeek概念;百度概念;数字孪生;腾讯概念;低空经济;多模态AI;智慧灯杆;华为概念;无人驾驶;无人机;同花顺新质50;房屋检测;智能物流;粤港澳大湾区;水利;深圳国企改革;高铁;新型城镇化;雄安新区;地下管网;建筑节能;PPP概念;国企改革;充电桩;虚拟电厂;深股通;融资融券,33,35,301091.SZ,301091
冷链物流;统一大市场;广东自贸区;冰雪产业;自由贸易港;光刻机;航运概念;智能物流;跨境电商;一带一路;粤港澳大湾区;特斯拉概念;机器人概念;互联网金融;数字经济;华为概念;生物疫苗;区块链;人工智能;DeepSeek概念;深股通,33,21,002889.SZ,002889
长安汽车概念;无人驾驶;智能座舱;华为汽车;传感器;机器视觉;人形机器人;比亚迪概念;机器人概念;汽车电子;毫米波雷达;新能源汽车;专精特新;英伟达概念;充电桩;汽车芯片;粤港澳大湾区;华为概念;人工智能;百度概念;回购增持再贷款概念;深股通;融资融券,33,23,301488.SZ,301488
新型工业化;人形机器人;机器视觉;新能源汽车;特斯拉概念;机器人概念;专精特新;高端装备;无线充电;储能;宁德时代概念;低空经济;创投;人工智能;DeepSeek概念;融资融券,17,16,688218.SH,688218
PM2.5;商业航天;军民融合;军工;中芯国际概念;芯片概念;无人驾驶;机器人概念;家用电器;新能源汽车;氢能源;空气能热泵;特斯拉概念;特高压;创投;一带一路;减速器;职业教育;污水处理;国企改革;参股银行;期货概念;猴痘概念;融资融券;深股通,33,25,000551.SZ,000551
猴痘概念;流感;肝炎概念;基因测序;创新药;宠物经济;医疗器械概念;智能医疗;人工智能;创投;AI智能体;DeepSeek概念;数字经济;阿里巴巴概念;一带一路;专精特新;沪股通;融资融券,17,18,688289.SH,688289
锂电池概念;钠离子电池;专精特新;新股与次新股;融资融券,151,5,920076.BJ,920076
人工智能;智能家居;AI眼镜;网红经济;小米概念;家用电器;共同富裕示范区;机器人概念;人民币贬值受益;一带一路,17,10,603215.SH,603215
幽门螺杆菌概念;仿制药一致性评价;流感;创新药;医药电商;民营医院;医疗器械概念;股权转让(并购重组);深股通,33,9,002793.SZ,002793
算力租赁;抖音概念(字节概念);东数西算(算力);腾讯概念;阿里巴巴概念;数据中心;液冷服务器;华为概念;PPP概念;融资融券;沪股通;股权转让(并购重组),17,12,603887.SH,603887
短剧游戏;网络游戏;AI智能体;云游戏;在线教育;文化传媒概念;腾讯概念;百度概念;电子竞技;人工智能;AI应用;智慧城市;虚拟现实;旅游概念;创投;5G;上海国企改革;国企改革;证金持股;沪股通;融资融券,17,21,600637.SH,600637
雄安新区;物业管理;国企改革;京津冀一体化,17,4,600149.SH,600149
动物疫苗;禽流感;宠物经济;合成生物;代糖概念;粮食概念;玉米;西部大开发;污水处理;人工智能;深股通,33,11,002688.SZ,002688
MCU芯片;第三代半导体;AI眼镜;芯片概念;消费电子概念;小米概念;传感器;专精特新;粤港澳大湾区;储能;融资融券,17,11,688045.SH,688045
医药电商;民营医院;参股银行;国企改革,17,4,600272.SH,600272
中芯国际概念;存储芯片;芯片概念;专精特新;高端装备;京津冀一体化;国企改革;沪股通;融资融券,17,9,688652.SH,688652
人造肉;福建自贸区;预制菜;海峡两岸;网红经济,33,5,002702.SZ,002702
3D打印;专精特新;可降解塑料;国企改革;融资融券,17,5,688203.SH,688203
三胎概念;可降解塑料;福建自贸区;沪股通,17,4,603615.SH,603615
福建自贸区;海峡两岸;跨境电商;养老概念;家用电器;智能家居;数字经济;DeepSeek概念,33,8,002790.SZ,002790
一带一路;2025年报预增;智能物流;宁德时代概念;工业互联网;军工;共同富裕示范区;充电桩;新能源汽车;华为概念;无人驾驶;DeepSeek概念;统一大市场;车联网(车路协同);人形机器人;区块链;蚂蚁集团概念;深股通;融资融券,33,19,002010.SZ,002010
白酒概念;乡村振兴;农业种植,17,3,603779.SH,603779
垃圾分类;地下管网;一体化压铸;长三角一体化;新型工业化;新能源汽车;高端装备;比亚迪概念,17,8,603289.SH,603289
国企改革;证金持股,33,2,300321.SZ,300321
工业母机;新能源汽车;新型工业化;比亚迪概念;机器人概念;OLED;高端装备;芯片概念;智能物流;机器视觉;光伏概念;存储芯片;工业互联网;光刻胶;军工;华为概念;军民融合;信创;深股通,33,19,002559.SZ,002559
机器人概念;体育产业;人形机器人;一带一路;旅游概念;雄安新区;虚拟现实;人工智能;数字经济;IP经济(谷子经济);DeepSeek概念;元宇宙;阿里巴巴概念;文化传媒概念;沪股通,17,15,603081.SH,603081
钙钛矿电池;OLED;柔性屏(折叠屏);光刻胶;AI眼镜;沪股通;融资融券,17,7,688378.SH,688378
农机;乡村振兴;专精特新,33,3,002890.SZ,002890
物业管理;深圳国企改革;新型城镇化;粤港澳大湾区;国企改革;证金持股;深股通;融资融券,33,8,000006.SZ,000006
ST板块;区块链;电子身份证;数字经济;人脸识别;人工智能;网络安全;华为鲲鹏;DeepSeek概念;智慧政务;数据安全;粤港澳大湾区;工业互联网;创投;车联网(车路协同);网络游戏;数据中心,33,17,300311.SZ,300311
新能源汽车;光伏概念;人民币贬值受益;创投;智能家居;一带一路;智能医疗;医疗器械概念;沪股通,17,9,605288.SH,605288
小金属概念;固态电池;锂电池概念;抽水蓄能;风电;新能源汽车;军工;无人机;机器人概念;人形机器人;大飞机;深股通;融资融券;股权转让(并购重组),33,14,002176.SZ,002176
一体化压铸;华为汽车;小米汽车;新能源汽车;新型工业化;机器人概念;比亚迪概念;专精特新;人工智能;深股通;融资融券,33,11,002997.SZ,002997
核电;比亚迪概念;海峡两岸;专精特新;福建自贸区;雅下水电概念;深股通;融资融券,33,8,301028.SZ,301028
预制菜;啤酒概念;无人零售;跨境电商;白酒概念;统一大市场;乡村振兴;智能物流;农业种植;数字经济;国企改革;粮食概念;新疆振兴;人工智能;DeepSeek概念;AIGC概念;低空经济;腾讯概念;ChatGPT概念;鸿蒙概念;央企国企改革;光伏建筑一体化;粤港澳大湾区;储能;深股通;融资融券;AI应用,33,27,002419.SZ,002419
维生素;合成生物;医疗器械概念;阿尔茨海默概念;创投;医美概念;2025年报预增;融资融券,33,8,301258.SZ,301258
存储芯片;中芯国际概念;AI PC;共封装光学(CPO);芯片概念;2025年报预增;汽车电子;智能穿戴;专精特新;数据中心;人民币贬值受益;粤港澳大湾区;人工智能;融资融券;深股通,33,15,001309.SZ,001309
海峡两岸;乡村振兴;预制菜;专精特新;宠物经济;融资融券,151,6,920273.BJ,920273
2025年报预增;在线教育;移动支付;融资融券;数字经济;芯片概念;安防;人工智能;智能家居;鸿蒙概念;信创;智慧政务;物联网;机器人概念;消费电子概念;AI PC;专精特新;5G,151,18,920876.BJ,920876
风电;绿色电力;减速器;新能源汽车;海工装备;西部大开发;融资融券,33,7,300904.SZ,300904
固态电池;POE胶膜;锂电池概念;专精特新;比亚迪概念;储能;MiniLED;华为概念;DeepSeek概念;沪股通;融资融券,17,11,688299.SH,688299
BC电池;TOPCON电池;HJT电池;钙钛矿电池;第三代半导体;MicroLED概念;光伏概念;芯片概念;先进封装;OLED;消费电子概念;MiniLED;PCB概念;融资融券;深股通,33,15,300776.SZ,300776
租售同权;物业管理;参股券商;参股银行;新型城镇化;国企改革;上海国企改革;沪股通;融资融券;宁德时代概念,17,10,600649.SH,600649
基因测序;NMN概念;环氧丙烷;融资融券;合成生物;京津冀一体化;可降解塑料,151,7,920471.BJ,920471
AIGC概念;财税数字化;华为昇腾;AI智能体;云计算;抖音概念(字节概念);数据安全;鸿蒙概念;智慧政务;数据要素;AI应用;人工智能;数字经济;华为概念;互联网金融;机器人概念;沪股通;融资融券,17,18,688615.SH,688615
快手概念;Sora概念(文生视频);小红书概念;智谱AI;拼多多概念;华为盘古;ChatGPT概念;多模态AI;短剧游戏;AIGC概念;虚拟数字人;AI智能体;抖音概念(字节概念);云计算;AI应用;阿里巴巴概念;数据要素;百度概念;腾讯概念;文化传媒概念;移动支付;跨境支付(CIPS);DeepSeek概念;人工智能;独角兽概念;华为概念;跨境电商;小米概念;创投;人民币贬值受益;西部大开发;深股通;融资融券,33,33,301171.SZ,301171
减速器;工业母机;机器人概念;机器视觉;智能物流;高端装备;航空发动机;人民币贬值受益;冷链物流;深股通;融资融券,33,11,002031.SZ,002031
多模态AI;AIGC概念;AI智能体;在线教育;数据安全;百度概念;Sora概念(文生视频);数据要素;信创;职业教育;虚拟现实;DeepSeek概念;数字孪生;人工智能;车联网(车路协同);智慧城市;东数西算(算力);安防;物联网;京津冀一体化;AI应用;传感器;专精特新;芯片概念;深股通,33,25,003005.SZ,003005
宁德时代概念;一带一路;高端装备;人民币贬值受益;专精特新,33,5,300818.SZ,300818
比亚迪概念;传感器;机器视觉;专精特新;锂电池概念;融资融券,17,6,688623.SH,688623
地下管网;新型城镇化;超超临界发电;PPP概念;水利;风电;核电;高端装备,33,8,002671.SZ,002671
中字头股票;同花顺中特估100;证金持股;央企国企改革;国企改革;沪股通;融资融券,17,7,601111.SH,601111
汽车芯片;国家大基金持股;中芯国际概念;第三代半导体;芯片概念;专精特新;数据中心;人形机器人;无人机;高压快充;2025年报预增;机器人概念;充电桩;人工智能;DeepSeek概念;沪股通;融资融券,17,17,688508.SH,688508
钠离子电池;固态电池;宁德时代概念;锂电池概念;PCB概念;石墨电极;高压快充;储能;比亚迪概念;硅能源;专精特新;2025年报预增;创投;融资融券;深股通,33,15,300035.SZ,300035
大飞机;核电;海工装备;央企国企改革;一带一路;国企改革;京津冀一体化;光刻胶;食品安全;新能源汽车;职业教育;稀土永磁;深股通,33,13,300797.SZ,300797
乳业;广东自贸区;网红经济;拼多多概念;乡村振兴;参股银行;创投;粤港澳大湾区;深股通;融资融券,33,10,300997.SZ,300997
华为欧拉;数据安全;华为鲲鹏;云计算;信创;网络安全;鸿蒙概念;AI智能体;AIGC概念;国资云;数字货币;跨境支付(CIPS);区块链;量子科技;车联网(车路协同);DeepSeek概念;人工智能;数字经济;星闪概念;物联网;军工;AI应用;沪股通;融资融券,17,24,688561.SH,688561
煤化工概念;京津冀一体化;工业互联网;阿里巴巴概念,33,4,002442.SZ,002442
ST板块;固废处理;储能,33,3,000820.SZ,000820
高压氧舱;预制菜;净水概念;回购增持再贷款概念;污水处理;创投;乡村振兴;白酒概念;养老概念;民营医院;智能医疗;融资融券,17,12,600257.SH,600257
仿制药一致性评价;人工智能;机器人概念;AI应用;医药电商;流感;智能医疗;融资融券;维生素;华为鲲鹏;创新药,151,11,920367.BJ,920367
无人驾驶;毫米波雷达;传感器;创投;汽车电子;家用电器;比亚迪概念;新能源汽车;军工;可降解塑料;一带一路;PCB概念;稀土永磁;冷链物流,17,14,603150.SH,603150
汽车芯片;国家大基金持股;智能音箱;东数西算(算力);先进封装;阿里巴巴概念;MCU芯片;腾讯概念;芯片概念;虚拟现实;AI眼镜;人工智能;物联网;无人驾驶;数字货币;上海自贸区;沪股通;融资融券,17,18,688521.SH,688521
2025年报预增;海峡两岸;融资融券;国企改革;锂电池概念;专精特新,151,6,920274.BJ,920274
物业管理;民营医院;智能物流;养老概念;HJT电池;光伏概念;储能;融资融券,17,8,600620.SH,600620
流感;创新药;CRO概念;农业种植;三胎概念;参股银行;养老概念;乡村振兴;国企改革;融资融券;股权转让(并购重组),17,11,600222.SH,600222
智能电网;高铁;充电桩;智慧城市;机器人概念;雄安新区;京津冀一体化;职业教育;垃圾分类;一带一路;专精特新;信创;人民币贬值受益;无人驾驶,33,14,300407.SZ,300407
光刻胶;OLED;第三代半导体;芯片概念;PCB概念;专精特新;粤港澳大湾区;深股通;融资融券,33,9,300576.SZ,300576
智能电网;高压快充;福建自贸区;光伏概念;储能;绿色电力;充电桩;锂电池概念;海峡两岸;宁德时代概念;高铁;一带一路;新能源汽车;机器人概念,33,14,300062.SZ,300062
风电;商业航天;高铁;创投;2025年报预增;比亚迪概念;深股通;融资融券,33,8,002201.SZ,002201
粤港澳大湾区;专精特新;深股通;融资融券,33,4,301618.SZ,301618
车联网(车路协同);融资融券;股权转让(并购重组);福建自贸区;机器人概念;智慧城市;移动支付;海峡两岸;充电桩;国企改革;乡村振兴;低空经济;人工智能,151,13,920748.BJ,920748
光刻胶;科创次新股;存储芯片;注册制次新股;芯片概念;海峡两岸;福建自贸区;创投;新股与次新股;融资融券,17,10,688727.SH,688727
人形机器人;长安汽车概念;新能源汽车;比亚迪概念;机器人概念;汽车电子;工业互联网;专精特新;充电桩;创投;高压快充;2025年报预增;深股通,33,13,300695.SZ,300695
小米概念;人民币贬值受益;跨境电商;体育产业;IP经济(谷子经济);深股通,33,6,300577.SZ,300577
参股银行;PPP概念;白酒概念;2025三季报预增;2025年报预增;无人机;新能源汽车;小金属概念;股权转让(并购重组),17,9,600382.SH,600382
可降解塑料;高铁;沪股通;融资融券,17,4,603033.SH,603033
融资融券;国企改革;京津冀一体化;食品安全;创投,151,5,920753.BJ,920753
车联网(车路协同);信创;数据安全;网络安全;无人驾驶;智慧城市;卫星导航;华为鲲鹏;国产操作系统;EDR概念;MLOps概念;数据要素;数字经济;百度概念;DeepSeek概念;低空经济;算力租赁;国资云;AI智能体;ERP概念;人工智能;华为概念;元宇宙;阿里巴巴概念;虚拟现实;京津冀一体化;飞行汽车(eVTOL);数据中心;汽车电子;央企国企改革;工业互联网;华为汽车;国企改革;充电桩;一带一路;新能源汽车;股权转让(并购重组);融资融券;深股通,33,39,002232.SZ,002232
智能电网;特高压;核电;燃料电池;文化传媒概念,33,5,300069.SZ,300069
合成生物;维生素;专精特新;西部大开发;融资融券,151,5,920230.BJ,920230
机器人概念;人形机器人;两轮车;人民币贬值受益;人工智能;储能;跨境电商;锂电池概念;深股通;融资融券,33,10,301260.SZ,301260
一体化压铸;华为汽车;中俄贸易概念;两轮车;机器人概念;新能源汽车;长安汽车概念;长三角一体化;比亚迪概念;一带一路;光伏概念;回购增持再贷款概念;数字经济;融资融券,33,14,002863.SZ,002863
光刻胶;中芯国际概念;存储芯片;先进封装;2025年报预增;芯片概念;专精特新;深股通;融资融券,33,9,300236.SZ,300236
卫星导航;低空经济;商业航天;军工;智慧城市;工业互联网;数字经济;数据要素;人工智能;物联网;DeepSeek概念;华为盘古;华为鲲鹏;新型工业化;机器人概念;中俄贸易概念;数据安全;乡村振兴;鸿蒙概念;西部大开发;AI智能体;华为概念;ChatGPT概念;华为欧拉;传感器;多模态AI;AIGC概念;无人驾驶;PPP概念;毫米波雷达;专精特新;污水处理;阿里巴巴概念;核电;星闪概念;超级电容;F5G概念;AI应用,33,38,300275.SZ,300275
鸿蒙概念;ChatGPT概念;互联网金融;腾讯概念;人工智能;数字经济;AI应用;沪股通;融资融券,17,9,688318.SH,688318
金属铜;金属回收;融资融券;特斯拉概念;新能源汽车;动力电池回收;充电桩;ERP概念;文化传媒概念;华为汽车;汽车拆解概念,151,11,920030.BJ,920030
第三代半导体;MicroLED概念;MiniLED;芯片概念;深股通,33,5,300708.SZ,300708
医药电商;民营医院;流感;仿制药一致性评价;三胎概念;幽门螺杆菌概念;参股银行;肝炎概念;阿尔茨海默概念;冷链物流;合成生物;创新药;共同富裕示范区;医疗器械概念;国企改革;数字经济,33,16,000705.SZ,000705
减速器;人形机器人;机器人概念;同花顺新质50;新能源汽车;智能座舱;无人驾驶;专精特新;华为概念;5G;沪股通;融资融券,17,12,603728.SH,603728
成飞概念;军民融合;军工;芯片概念;华为概念;雅下水电概念;2025年报预增;宁德时代概念;西部大开发;医疗器械概念;商业航天;深股通;融资融券,33,13,301286.SZ,301286
华为汽车;长安汽车概念;人形机器人;飞行汽车(eVTOL);特斯拉概念;新能源汽车;机器人概念;汽车电子;充电桩;比亚迪概念;智能座舱;低空经济;跨境电商;高压快充;三胎概念;人民币贬值受益;数字经济;芯片概念;人工智能;信创;回购增持再贷款概念,33,21,002870.SZ,002870
安防;机器人概念;小米概念;西部大开发;消费电子概念;融资融券,151,6,920857.BJ,920857
专精特新;新股与次新股;融资融券;高铁;西部大开发,151,5,920027.BJ,920027
第三代半导体;无线充电;AI眼镜;光伏概念;苹果概念;消费电子概念;小米概念;汽车电子;储能;新能源汽车;专精特新;机器人概念;AI PC;充电桩;数据中心;华为概念;一带一路;露营经济;跨境电商;广东自贸区;网红经济;深股通,33,22,002993.SZ,002993
比亚迪概念;海工装备;长安汽车概念;融资融券;飞行汽车(eVTOL);高铁;机器人概念;航空发动机;PEEK材料;有机硅概念;无人驾驶;低空经济;成飞概念;人形机器人;京津冀一体化;大飞机;新能源汽车;军工;专精特新,151,19,920247.BJ,920247
云办公;财税数字化;中国AI 50;华为盘古;AI智能体;腾讯概念;信创;鸿蒙概念;DeepSeek概念;AI应用;人工智能;数字经济;华为概念;融资融券;沪股通,17,15,603039.SH,603039
数据中心;参股银行;军工;储能;光伏概念;专精特新;智能电网;融资融券,151,8,920062.BJ,920062
TOPCON电池;硅能源;光伏概念;第三代半导体;储能;工业母机;高端装备;专精特新;融资融券;沪股通,17,10,603185.SH,603185
汽车热管理;新能源汽车;专精特新,17,3,603192.SH,603192
PEEK材料;人形机器人;华为汽车;小米汽车;特斯拉概念;汽车电子;比亚迪概念;新能源汽车;长安汽车概念;小米概念;机器人概念;智能座舱;宁德时代概念;回购增持再贷款概念;一带一路;深股通;融资融券,33,17,002048.SZ,002048
脑机接口;福建自贸区;海峡两岸;PET铜箔;柔性屏(折叠屏);无人机;MiniLED;智能穿戴;5G;传感器;养老概念;AI眼镜;汽车电子;机器人概念;无线耳机;消费电子概念;医美概念;无人驾驶;比亚迪概念;富士康概念;鸿蒙概念;PCB概念;固态电池;人形机器人;芯片概念;家用电器;充电桩;OLED;锂电池概念;储能;人民币贬值受益;先进封装;一带一路;第三代半导体;消毒剂,33,35,300632.SZ,300632
MLOps概念;华为昇腾;多模态AI;AI智能体;智慧政务;数据要素;元宇宙;空间计算;人脸识别;DeepSeek概念;人工智能;虚拟现实;车联网(车路协同);智慧城市;华为概念;互联网金融;AI PC;机器视觉;智能穿戴;无人驾驶;无人机;军工;机器人概念;体育产业;高铁;融资融券,17,26,688207.SH,688207
汽车芯片;芯片概念;碳纤维;数据安全;语音技术;人工智能;创投;2025年报预增;跨境电商;绿色电力;手机游戏;网络游戏;融资融券;股权转让(并购重组);沪股通,17,15,600770.SH,600770
文化传媒概念;AI语料;独角兽概念;无人零售;创投;上海国企改革;国企改革;融资融券;沪股通,17,9,600825.SH,600825
钠离子电池;固态电池;锂电池概念;宁德时代概念;小金属概念;钙钛矿电池;碳中和;燃料电池;氢能源;稀土永磁;国企改革;比亚迪概念;粤港澳大湾区;新能源汽车;高端装备,33,15,300340.SZ,300340
宠物经济;特色小镇;数字孪生;深股通;融资融券,33,5,301498.SZ,301498
海峡两岸;新能源汽车;比亚迪概念;融资融券;航空发动机;富士康概念;液冷服务器;专精特新;消费电子概念;储能,151,10,920223.BJ,920223
电子纸;芯片概念;OLED;AI眼镜;智能穿戴;沪股通;融资融券,17,7,688593.SH,688593
存储芯片;MCU芯片;无线耳机;华为海思概念股;AI眼镜;汽车电子;消费电子概念;智能穿戴;小米概念;芯片概念;传感器;星闪概念;机器人概念;智能家居;2025年报预增;物联网;人民币贬值受益;海峡两岸;深股通,33,19,001298.SZ,001298
海南自贸区;幽门螺杆菌概念;消毒剂;仿制药一致性评价;流感;肝炎概念;医药电商;三胎概念;创新药,33,9,300086.SZ,300086
医药电商;医美概念;冷链物流;跨境电商;减肥药;医疗器械概念;共同富裕示范区;国企改革;数字经济;股权转让(并购重组);深股通,33,11,000411.SZ,000411
核电;海工装备;水利;军工;风电;高铁;特高压;充电桩;一带一路;光伏概念;西部大开发;专精特新;储能;新能源汽车;锂电池概念;氟化工概念;沪股通;股权转让(并购重组),17,18,603333.SH,603333
地下管网;土壤修复;PPP概念;雄安新区;水利;一带一路;PEEK材料;股权转让(并购重组),17,8,603616.SH,603616
合成生物;三胎概念;重组蛋白;宠物经济;2025年报预增;融资融券,33,6,301108.SZ,301108
2025年报预增;深股通;融资融券,33,3,300984.SZ,300984
无线耳机;AI眼镜;智能穿戴;消费电子概念;小米概念;智能音箱;新型烟草(电子烟);储能;专精特新;充电桩;固态电池;锂电池概念;钠离子电池;华为概念;西部大开发;阿里巴巴概念;融资融券,33,17,301121.SZ,301121
芯片概念;碳交易;碳中和;回购增持再贷款概念;乡村振兴;国企改革;土地流转;融资融券,17,8,600076.SH,600076
白酒概念;西部大开发;沪股通;融资融券,17,4,600779.SH,600779
文化传媒概念;西部大开发;国企改革;沪股通,17,4,603230.SH,603230
风电;高端装备;新型工业化;融资融券;专精特新;工业母机,151,6,920870.BJ,920870
固态电池;宁德时代概念;OLED;锂电池概念;比亚迪概念;新型烟草(电子烟);机器视觉;储能;粤港澳大湾区;氢能源;人民币贬值受益;上海国企改革;国企改革;深股通;融资融券,33,15,300457.SZ,300457
新型城镇化;污水处理;固废处理;垃圾分类;共同富裕示范区;碳中和;储能;创投;专精特新;氢能源,33,10,001336.SZ,001336
共封装光学(CPO);芯片概念;5G;储能;融资融券,17,5,688662.SH,688662
虚拟现实;智能穿戴;华为概念;毫米波雷达;智能座舱;汽车电子;小米概念;柔性屏(折叠屏);消费电子概念;华为手机;两轮车;新能源汽车;OLED;特斯拉概念;深股通,33,15,300256.SZ,300256
固态电池;动力电池回收;锂电池概念;宁德时代概念;比亚迪概念;特斯拉概念;芯片概念;人形机器人;融资融券,17,9,688148.SH,688148
CRO概念;细胞免疫治疗;重组蛋白;流感;合成生物;专精特新;融资融券,17,7,688137.SH,688137
氢能源;新能源汽车;比亚迪概念;融资融券,151,4,920146.BJ,920146
民营医院;眼科医疗;医美概念;地下管网;装配式建筑;智能医疗;创投;人工智能;新疆振兴;西部大开发;天然气,33,11,002524.SZ,002524
深股通,33,1,002991.SZ,002991
三胎概念;虚拟数字人;多模态AI;AIGC概念;新疆振兴;人民币贬值受益;英伟达概念;融资融券,33,8,300901.SZ,300901
减速器;机器人概念;高铁;2025年报预增;风电;共同富裕示范区;深股通;融资融券,33,8,002164.SZ,002164
汽车芯片;电子身份证;芯片概念;第三代半导体;机器视觉;传感器;人工智能;华为概念;无人机;海峡两岸;粤港澳大湾区;比亚迪概念;光伏概念;储能;特高压,33,15,300656.SZ,300656
时空大数据;数据要素;智慧城市;抖音概念(字节概念);手机游戏;人脸识别;网络游戏;车联网(车路协同);人工智能;安防;军民融合;军工;机器视觉;低空经济;无人机;5G;无人驾驶;数据中心;新型工业化;养老概念;机器人概念;粤港澳大湾区;PPP概念;乡村振兴;ST板块,33,25,300044.SZ,300044
AI应用;AI智能体;智慧政务;数据确权;数据要素;数据安全;信创;鸿蒙概念;区块链;智能医疗;DeepSeek概念;军工信息化;数字经济;人工智能;商业航天;华为概念;食品安全;工业互联网;军工;小米概念;合成生物;芯片概念;人形机器人;比亚迪概念;融资融券,33,25,301159.SZ,301159
猴痘概念;仿制药一致性评价;肝炎概念;幽门螺杆菌概念;创新药;股权转让(并购重组);2025年报预增;融资融券,33,8,002370.SZ,002370
参股银行;物联网;无人驾驶;融资融券;机器人概念;无人机;一带一路;专精特新,151,8,920856.BJ,920856
露营经济;智慧灯杆;跨境电商;储能;充电桩;锂电池概念;新能源汽车;智慧城市;机器人概念;比亚迪概念;传感器;液冷服务器;融资融券,33,13,300889.SZ,300889
三胎概念;跨境电商;网红经济;长三角一体化;抖音概念(字节概念),17,5,603839.SH,603839
宠物经济;NMN概念;三胎概念;维生素,17,4,603102.SH,603102
AI智能体;DeepSeek概念;云计算;物联网;跨境电商;同花顺新质50;智能家居;智能穿戴;养老概念;机器人概念;宠物经济;国企改革;沪股通;融资融券,17,14,688475.SH,688475
汽车热管理;新能源汽车;比亚迪概念;机器人概念;小米概念;家用电器;锂电池概念;沪股通;融资融券,17,9,603344.SH,603344
人形机器人;特斯拉概念;比亚迪概念;新能源汽车;机器人概念;小米概念;飞行汽车(eVTOL);无人机;航空发动机;军工;工业互联网;低空经济;家用电器;数据中心;华为概念;储能;智能家居;海工装备;核电;氢能源;风电;一带一路;阿里巴巴概念;DeepSeek概念;光伏建筑一体化;沪股通;融资融券,17,27,600580.SH,600580
智谱AI;多模态AI;AIGC概念;财税数字化;华为昇腾;虚拟数字人;ERP概念;AI智能体;抖音概念(字节概念);云计算;数据安全;阿里巴巴概念;百度概念;信创;腾讯概念;数据要素;鸿蒙概念;中国AI 50;网络安全;区块链;DeepSeek概念;人工智能;智能医疗;数字经济;车联网(车路协同);互联网金融;华为概念;AI应用;低空经济;数据中心;工业互联网;C2M概念;小米概念;跨境电商;智能物流;海峡两岸;长三角一体化;深股通;融资融券,33,39,300170.SZ,300170
成飞概念;专精特新;新能源汽车;比亚迪概念;芯片概念;商业航天;卫星导航;核电;粤港澳大湾区;融资融券,33,10,301528.SZ,301528
新能源汽车;比亚迪概念;融资融券,33,3,301072.SZ,301072
建筑节能;长三角一体化;AI智能体,17,3,603378.SH,603378
可降解塑料,33,1,300849.SZ,300849
股权转让(并购重组);特色小镇;ST板块;旅游概念;新型城镇化;PPP概念;农业种植;垃圾分类;固废处理;乡村振兴;长安汽车概念;国企改革;汽车热管理;充电桩;新能源汽车;比亚迪概念;储能;氢能源;军工,33,19,300237.SZ,300237
DeepSeek概念;专精特新;回购增持再贷款概念;沪股通;融资融券,17,5,688046.SH,688046
眼科医疗;毛发医疗;创新药;合成生物;医药电商;减肥药;医疗器械概念;深股通;融资融券,33,9,301263.SZ,301263
CRO概念;减肥药;辅助生殖;创新药;肝炎概念;仿制药一致性评价;合成生物;医药电商;人民币贬值受益;量子科技;沪股通,17,11,605116.SH,605116
西部大开发;长安汽车概念;注册制次新股;专精特新;宁德时代概念;比亚迪概念;新能源汽车;新股与次新股;融资融券,17,9,603352.SH,603352
啤酒概念;农村电商;统一大市场;参股银行;冷链物流;国企改革;证金持股;乡村振兴;充电桩;创投;黄金概念;跨境电商;养老概念;互联网金融;融资融券;人工智能;虚拟数字人;AI应用,33,18,000417.SZ,000417
代糖概念;染料;维生素,17,3,603968.SH,603968
装配式建筑;建筑节能;水泥概念;西部大开发,17,4,605122.SH,605122
电力物联网;智能电网;虚拟电厂;充电桩;新型工业化;换电概念;工业互联网;机器人概念;高压快充;物联网;军工;机器视觉;储能;长安汽车概念;特斯拉概念;人工智能;新能源汽车;5G;小米汽车;数字经济;比亚迪概念;智能物流;光伏概念;绿色电力;宁德时代概念;深股通;融资融券,33,27,300222.SZ,300222
科创次新股;注册制次新股;芯片概念;人工智能;新股与次新股;融资融券,17,6,688795.SH,688795
医疗器械概念;西部大开发,17,2,603976.SH,603976
物业管理;民营医院;医药电商;医美概念;三胎概念;幽门螺杆菌概念;辅助生殖;流感;创新药;医疗器械概念;低空经济;智能医疗;DeepSeek概念;股权转让(并购重组),17,14,600774.SH,600774
减速器;共同富裕示范区;人形机器人;绿色电力;融资融券,33,5,301279.SZ,301279
人民币贬值受益;深股通;融资融券,33,3,300910.SZ,300910
物业管理;深圳国企改革;房屋检测;国企改革;智慧政务;粤港澳大湾区;阿里巴巴概念;华为概念;数据中心;深股通;融资融券,33,11,300917.SZ,300917
海南自贸区;仿制药一致性评价;肝炎概念;流感;猴痘概念;民营医院;创新药;参股银行;创投;医疗器械概念;国企改革;央企国企改革;脑机接口;深股通;融资融券,33,15,000566.SZ,000566
乳业;网红经济;三胎概念;自由贸易港;融资融券,33,5,300898.SZ,300898
芯片概念;苹果概念;专精特新;英伟达概念;人民币贬值受益;华为概念;粤港澳大湾区;沪股通;融资融券,17,9,688112.SH,688112
创新药;肝炎概念;民营医院;医药电商;流感;融资融券,33,6,300878.SZ,300878
体育产业;职业教育;在线教育;人工智能;DeepSeek概念;民营医院;福建自贸区;低空经济;海峡两岸;回购增持再贷款概念;深股通,33,11,000526.SZ,000526
猴痘概念;生物疫苗;流感;肝炎概念;重组蛋白;创新药;减肥药;合成生物;同花顺漂亮100;西部大开发;创投;深股通;融资融券,33,13,300122.SZ,300122
减速器;华为汽车;小米汽车;特斯拉概念;新能源汽车;机器人概念;小米概念;华为概念;回购增持再贷款概念;融资融券,33,10,301229.SZ,301229
医药电商;维生素;三胎概念;宠物经济;跨境电商;一带一路;证金持股;石墨烯;人民币贬值受益;氢能源;深股通,33,11,002365.SZ,002365
地下管网;新型城镇化;PPP概念;水利;雄安新区;污水处理;土壤修复;固废处理;乡村振兴;低空经济;回购增持再贷款概念;智慧城市;国企改革;车联网(车路协同);数字经济,33,15,002883.SZ,002883
人脸识别;数据安全;安防;智慧城市;网络安全;人工智能;数字经济;物联网;人民币贬值受益,33,9,002835.SZ,002835
减速器;华为汽车;长安汽车概念;机器人概念;低空经济;智能座舱;新能源汽车;比亚迪概念;军工;汽车电子;虚拟现实;消费电子概念;富士康概念;国企改革;西部大开发;股权转让(并购重组);深股通;融资融券,33,18,002765.SZ,002765
光伏概念;硅能源;专精特新;数据中心;信托概念;华为概念;数字孪生;氢能源;光伏建筑一体化;智慧城市;化债概念(AMC概念);数字经济;一带一路;绿色电力;碳交易;碳中和;土壤修复;建筑节能;垃圾分类;国企改革;生物质能发电;固废处理;PPP概念;污水处理;乡村振兴;参股券商;沪股通;融资融券,17,28,600475.SH,600475
汽车芯片;芯片概念;智能座舱;量子科技;人形机器人;国家大基金持股;5G;汽车电子;数据中心;无人机;专精特新;机器人概念;无人驾驶;F5G概念;沪股通;融资融券,17,16,688107.SH,688107
减速器;机器人概念;新能源汽车;无人机;比亚迪概念;物联网;专精特新;芯片概念;无线耳机;语音技术;人工智能;锂电池概念;汽车芯片;2025年报预增;MCU芯片;ChatGPT概念;融资融券;深股通,33,18,002553.SZ,002553
仿制药一致性评价;医药电商;毛发医疗;创新药;沪股通;融资融券,17,6,603207.SH,603207
光伏概念;第三代半导体;碳纤维;飞行汽车(eVTOL);比亚迪概念;人形机器人;固态电池;小米汽车;低空经济;新能源汽车;专精特新;锂电池概念;钠离子电池;小米概念;氢能源;沪股通;融资融券,17,17,688598.SH,688598
可降解塑料;磷化工;固态电池;锂电池概念;合成生物;PCB概念,33,6,300243.SZ,300243
云计算;物联网;冷链物流;专精特新;新股与次新股;融资融券;人民币贬值受益,151,7,920035.BJ,920035
医疗废物处理;固废处理;国企改革;专精特新,33,4,300385.SZ,300385
钠离子电池;固态电池;动力电池回收;锂电池概念;宁德时代概念;比亚迪概念;新能源汽车;消费电子概念;机器人概念;人形机器人;深股通;融资融券,33,12,301487.SZ,301487
英伟达概念;先进封装;第三代半导体;苹果概念;芯片概念;PCB概念;消费电子概念;专精特新;光伏概念;小米概念;新能源汽车;高端装备;低空经济;机器视觉;无人驾驶;智能物流;车联网(车路协同);机器人概念;人形机器人;新型工业化;人工智能;DeepSeek概念;百度概念;沪股通;融资融券,17,25,688003.SH,688003
短剧游戏;AI应用;F5G概念;WiFi 6;抖音概念(字节概念);共封装光学(CPO);光纤概念;AIGC概念;阿里巴巴概念;拼多多概念;5G;汽车芯片;数据中心;MiniLED;智能音箱;MicroLED概念;第三代半导体;富士康概念;鸿蒙概念;芯片概念;小米概念;消费电子概念;PCB概念;粤港澳大湾区;智能家居;人民币贬值受益;深圳国企改革;国企改革;深股通;融资融券,33,30,002429.SZ,002429
短剧游戏;文化传媒概念;IP经济(谷子经济);AIGC概念;腾讯概念;中字头股票;人工智能;国企改革;同花顺中特估100;沪股通;融资融券,17,11,600977.SH,600977
航空发动机;大飞机;无人机;专精特新;绿色电力;人民币贬值受益;医疗器械概念;沪股通;融资融券,17,9,688510.SH,688510
信创;鸿蒙概念;职业教育;新型工业化;智能电网;数字孪生;人工智能;沪股通;融资融券,17,9,688083.SH,688083
2025年报预增;流感;医药电商;阿尔茨海默概念;创投;养老概念,33,6,002107.SZ,002107
基因测序;医疗器械概念;AI应用;沪股通;融资融券,17,5,688315.SH,688315
华为汽车;长安汽车概念;人形机器人;机器人概念;新能源汽车;无人机;专精特新;比亚迪概念;军工;深股通;融资融券,33,11,001380.SZ,001380
光刻机;光刻胶;芯片概念;智能穿戴;专精特新;机器视觉;无人驾驶;人民币贬值受益;虚拟现实;基因测序;眼科医疗;沪股通;融资融券,17,13,688502.SH,688502
传感器;机器视觉;小米概念;智能家居;物联网;安防;股权转让(并购重组),33,7,300701.SZ,300701
钠离子电池;固态电池;锂电池概念;高压快充;储能;光伏概念;专精特新;钒电池;碳纤维;光纤概念;融资融券,33,11,301349.SZ,301349
商业航天;智能电网;换电概念;光伏概念;充电桩;氢能源;储能;燃料电池;高压快充;机器人概念,33,10,300141.SZ,300141
医疗器械概念;血氧仪;重组蛋白;融资融券,33,4,301290.SZ,301290
手机游戏;网络游戏;IP经济(谷子经济);福建自贸区;海峡两岸;2025年报预增;2025三季报预增;沪股通;融资融券,17,9,603444.SH,603444
人形机器人;华为汽车;新型工业化;工业母机;特斯拉概念;机器人概念;机器视觉;比亚迪概念;新能源汽车;燃料电池;氢能源;深股通,33,12,300580.SZ,300580
物联网;碳中和;专精特新;股权转让(并购重组),33,4,300417.SZ,300417
智能音箱;星闪概念;智能穿戴;AI眼镜;无线耳机;虚拟现实;智能座舱;AI PC;小米概念;空间计算;无线充电;消费电子概念;车联网(车路协同);汽车电子;华为概念;物联网;5G;机器人概念;小米汽车;数字经济;创投;PCB概念;回购增持再贷款概念;一带一路;沪股通;融资融券,17,26,603341.SH,603341
乡村振兴;回购增持再贷款概念;2025年报预增;股权转让(并购重组),17,4,603151.SH,603151
毫米波雷达;华为汽车;长安汽车概念;智能座舱;汽车电子;比亚迪概念;新能源汽车;百度概念;深股通;融资融券,33,10,300978.SZ,300978
减速器;人形机器人;汽车热管理;长安汽车概念;特斯拉概念;PEEK材料;汽车电子;新能源汽车;比亚迪概念;机器人概念;智能物流;飞行汽车(eVTOL);无人驾驶;低空经济;一带一路;期货概念;腾讯概念;蚂蚁集团概念;沪股通;融资融券,17,20,603319.SH,603319
虚拟电厂;电力物联网;智能电网;华为数字能源;碳交易;语音技术;碳中和;充电桩;职业教育;数字孪生;乡村振兴;光伏概念;储能;智慧城市;数字乡村;物联网;智能家居;数字经济;华为概念;数据要素;工业互联网;智慧政务;虚拟现实;农机;东数西算(算力);5G;芯片概念,33,27,300513.SZ,300513
维生素;合成生物;宠物经济;中俄贸易概念;一带一路;俄乌冲突概念;融资融券,33,7,301156.SZ,301156
无人零售;冰雪产业;冷链物流;超级品牌;空气能热泵;家用电器;跨境电商;物业管理;国企改革;一带一路;创投;智能家居;物联网;净水概念;DeepSeek概念;医疗器械概念;融资融券;沪股通,17,18,600336.SH,600336
卫星导航;军工;海峡两岸;ETC;农村电商;充电桩;燃料电池;网约车;水利;机器人概念;氢能源;智慧城市;新能源汽车;新疆振兴;垃圾分类;冷链物流;一带一路;储能;车联网(车路协同);统一大市场;污水处理;职业教育;人工智能;航运概念;乡村振兴;天然气;国企改革;宁德时代概念,33,28,002682.SZ,002682
AI应用;流感;幽门螺杆菌概念;维生素;医药电商;仿制药一致性评价;合成生物;智能医疗;小金属概念;医疗器械概念;消毒剂;锂电池概念;人工智能;深股通;融资融券,33,15,300267.SZ,300267
预制菜;物业管理;职业教育;国企改革;股权转让(并购重组);融资融券,33,6,000428.SZ,000428
小红书概念;快手概念;Sora概念(文生视频);AIGC概念;AI应用;文化传媒概念;抖音概念(字节概念);阿里巴巴概念;百度概念;腾讯概念;网红经济;职业教育;人工智能;独角兽概念;华为概念;丙烯酸;2025年报预增;长安汽车概念;光刻胶;深股通,33,20,300063.SZ,300063
细胞免疫治疗;重组蛋白;创新药;基因测序;眼科医疗;智能医疗;深股通;融资融券,33,8,300558.SZ,300558
物业管理;数字经济;人工智能;新型工业化;装配式建筑;智能物流;机器人概念;回购增持再贷款概念;新能源汽车;特斯拉概念;人民币贬值受益,17,11,600215.SH,600215
拼多多概念;虚拟数字人;文化传媒概念;阿里巴巴概念;AIGC概念;DeepSeek概念;数字经济;人工智能;虚拟现实;跨境电商;三胎概念;宠物经济;粤港澳大湾区;2025年报预增;AI应用;回购增持再贷款概念;深股通,33,17,003010.SZ,003010
免税店;跨境电商;新疆振兴;西部大开发;一带一路;2025年报预增,17,6,600778.SH,600778
建筑节能;新型城镇化;装配式建筑;养老概念;一带一路;跨境电商;长三角一体化;智能家居;物联网;人工智能,17,10,603030.SH,603030
金属镍;盐湖提锂;小金属概念;金属铜;金属回收;锂电池概念;固废处理;医疗废物处理;垃圾分类,33,9,000546.SZ,000546
2025年报预增;西部大开发;风电;专精特新;机器人概念;两轮车;融资融券;新能源汽车;减速器;农机,151,10,920896.BJ,920896
雄安新区;污水处理;医疗废物处理;净水概念;PPP概念;乡村振兴;水利;氢能源;储能;专精特新;人工智能;融资融券,33,12,300929.SZ,300929
海峡两岸;福建自贸区;创投;家用电器;智能家居;虚拟数字人;人工智能;一带一路;AIGC概念;AI智能体;回购增持再贷款概念;工业互联网;多模态AI;智能音箱,17,14,603180.SH,603180
新能源汽车;比亚迪概念;家用电器;工业母机;专精特新;机器人概念;储能;注册制次新股;液冷服务器;新股与次新股;融资融券,17,11,603370.SH,603370
白酒概念;啤酒概念;西部大开发;回购增持再贷款概念;沪股通;融资融券,17,6,603919.SH,603919
柔性直流输电;成飞概念;商业航天;特高压;大飞机;军民融合;智能电网;海工装备;军工;光纤概念;风电;光伏概念;5G;机器人概念,33,14,300265.SZ,300265
新型工业化;传感器;机器人概念;芯片概念;水利;物联网;毫米波雷达;华为概念;量子科技;智慧城市;DeepSeek概念,33,11,002767.SZ,002767
氢能源;燃料电池;融资融券;国企改革;西部大开发;专精特新;农机,151,7,920837.BJ,920837
减速器;人形机器人;汽车热管理;特斯拉概念;机器人概念;大飞机;新能源汽车;高端装备;无人机;商业航天;军工;风电;特钢概念;沪股通;融资融券,17,15,603667.SH,603667
电子竞技;IP经济(谷子经济);元宇宙;虚拟现实;粤港澳大湾区;海峡两岸;融资融券,33,7,301011.SZ,301011
医疗器械概念;眼科医疗;医药电商;跨境电商;AI眼镜;融资融券;深股通,33,7,300595.SZ,300595
数字货币;移动支付;电子身份证;网约车;车联网(车路协同);蚂蚁集团概念;智慧政务;人脸识别;信创;区块链;华为鲲鹏;网络安全;智慧城市;数据安全;量子科技;数字经济;鸿蒙概念;数据要素;数字孪生;云计算;DeepSeek概念;人工智能;腾讯概念;智能物流;机器人概念;粤港澳大湾区;专精特新;一带一路;深股通,33,29,300546.SZ,300546
PEEK材料;专精特新;深股通;融资融券,33,4,301076.SZ,301076
AI应用;民营医院;智能医疗;养老概念;三胎概念;AI智能体;DeepSeek概念;人工智能;西部大开发;深股通;融资融券,33,11,002219.SZ,002219
文化传媒概念;虚拟数字人;旅游概念;乡村振兴;国企改革;融资融券;沪股通;中字头股票,17,8,600088.SH,600088
减速器;人形机器人;汽车热管理;机器人概念;传感器;新能源汽车;小米概念;机器视觉;汽车电子;家用电器;智能家居;充电桩;粤港澳大湾区;高压快充;垃圾分类;一带一路;腾讯概念;深股通;融资融券,33,19,300403.SZ,300403
金属回收;光伏概念;绿色电力;风电;飞行汽车(eVTOL);新能源汽车;低空经济;专精特新;人形机器人,33,9,003038.SZ,003038
白酒概念;旅游概念;C2M概念;西部大开发;融资融券;回购增持再贷款概念;沪股通,17,7,600702.SH,600702
免税店;预制菜;广东自贸区;物业管理;农村电商;网红经济;IP经济(谷子经济);创投;国企改革;粤港澳大湾区;深股通,33,11,002187.SZ,002187
生态农业;乡村振兴;机器人概念;猪肉;融资融券,33,5,002548.SZ,002548
养老概念;IP经济(谷子经济);空间计算;智能物流;人工智能;AIGC概念;海峡两岸;AI智能体;小红书概念;智能家居;虚拟现实;机器人概念;MR(混合现实),33,13,300616.SZ,300616
猴痘概念;流感;肝炎概念;宠物经济;医疗器械概念;智能医疗;食品安全,33,7,002022.SZ,002022
换电概念;光伏概念;充电桩;储能;智慧灯杆;粤港澳大湾区;柔性屏(折叠屏);比亚迪概念;机器人概念;绿色电力;创投;消费电子概念;5G;国企改革;体育产业;数字乡村;OLED;第三代半导体;区块链;知识产权保护,33,20,002660.SZ,002660
光热发电;高铁;绿色电力;燃料电池;一带一路;西部大开发;机器人概念;超级电容;国企改革;数据中心;钒电池;股权转让(并购重组);深股通,33,13,002480.SZ,002480
专精特新;新型工业化;高端装备;机器视觉;人工智能;DeepSeek概念;AI智能体;锂电池概念;动力电池回收;金属回收;AI应用;融资融券,17,12,688420.SH,688420
乳业;三胎概念;网红经济;IP经济(谷子经济);沪股通;融资融券,17,6,603719.SH,603719
供销社;乡村振兴;农机;新疆振兴;专精特新;新型工业化,17,6,603029.SH,603029
新型城镇化;装配式建筑;建筑节能;房屋检测;碳中和;智慧城市;职业教育;机器人概念;数据中心,17,9,603183.SH,603183
MicroLED概念;MiniLED;OLED;华为概念;汽车电子;消费电子概念;虚拟现实;回购增持再贷款概念;融资融券,33,9,301321.SZ,301321
ERP概念;新型城镇化;数据确权;华为概念;AIGC概念;股权转让(并购重组),33,6,300668.SZ,300668
网约车;旅游概念;无人驾驶;预制菜;上海国企改革;自由贸易港;冷链物流;数字经济;参股券商;国企改革;上海自贸区;航运概念;沪股通,17,13,600650.SH,600650
工业互联网;信创;人民币贬值受益;腾讯概念;云办公;海峡两岸;福建自贸区;AI应用;深股通;融资融券,33,10,300628.SZ,300628
数字货币;ETC;移动支付;互联网金融;智慧城市;数字经济;人脸识别;区块链;智慧政务;鸿蒙概念;军工信息化;信创;军民融合;网络安全;华为鲲鹏;财税数字化;数据安全;人工智能;DeepSeek概念;在线教育;物联网;AI智能体;百度概念;元宇宙;军工;腾讯概念;国资云;阿里巴巴概念;语音技术;多模态AI;华为概念;机器视觉;NFT概念;创投;水利;知识产权保护;智能医疗;信托概念;乡村振兴;数据中心;西部大开发;碳中和;医疗器械概念;国企改革;AI应用;深股通;融资融券,33,47,000948.SZ,000948
BC电池;光伏概念;OLED;苹果概念;消费电子概念;先进封装;芯片概念;比亚迪概念;PCB概念;储能;新能源汽车;专精特新;5G;高端装备;宁德时代概念;机器人概念;锂电池概念;粤港澳大湾区;华为概念;工业互联网;食品安全;国企改革,33,22,300410.SZ,300410
光热发电;特钢概念;超超临界发电;核电;海工装备;储能;页岩气;天然气;一带一路;专精特新;新能源汽车;地下管网;深股通;融资融券,33,14,002478.SZ,002478
机器人概念;水利;共同富裕示范区;人民币贬值受益;跨境电商,17,5,603617.SH,603617
手机游戏;文化传媒概念;NFT概念;网络游戏;虚拟数字人;多模态AI;ChatGPT概念;元宇宙;IP经济(谷子经济);腾讯概念;虚拟现实;独角兽概念;人工智能;跨境电商;智能穿戴;三胎概念;乡村振兴;回购增持再贷款概念;深股通;融资融券,33,20,002292.SZ,002292
人民币贬值受益;新能源汽车;高铁;新型工业化;减速器;机器视觉;融资融券,33,7,301298.SZ,301298
钙钛矿电池;HJT电池;算力租赁;光伏概念;光伏建筑一体化;建筑节能;西部大开发;ST板块,33,8,300093.SZ,300093
工业互联网;数据中心;融资融券;固态电池;储能,151,5,920405.BJ,920405
星闪概念;无线耳机;存储芯片;网约车;智能穿戴;芯片概念;鸿蒙概念;消费电子概念;智能家居;MiniLED;家用电器;人工智能;MicroLED概念;腾讯概念;5G;DeepSeek概念;工业互联网;PCB概念;创投;PPP概念;海峡两岸;污水处理;国企改革;央企国企改革;深股通;股权转让(并购重组);融资融券,33,27,000016.SZ,000016
海南自贸区;自由贸易港;数字货币;蚂蚁集团概念;国资云;数字经济;Web3.0;低空经济;东数西算(算力);算力租赁;区块链;华为概念;数据要素;DeepSeek概念;无人机;职业教育;数据中心;水利;人工智能;乡村振兴;新型城镇化;国企改革;回购增持再贷款概念;雅下水电概念;NFT概念;沪股通;股权转让(并购重组);融资融券,17,28,603300.SH,603300
辅助生殖;合成生物;回购增持再贷款概念;融资融券,33,4,300966.SZ,300966
减速器;人形机器人;汽车热管理;机器人概念;新能源汽车;比亚迪概念;无人驾驶;芯片概念;军民融合;军工;液冷服务器;家用电器;物联网;华为概念;数据中心;宁德时代概念;储能;一带一路;深股通;融资融券,33,20,300660.SZ,300660
风电;沪股通;融资融券,17,3,603125.SH,603125
MR(混合现实);智能音箱;智能穿戴;物联网;虚拟现实;AI眼镜;空间计算;机器人概念;人工智能;消费电子概念;智能家居;元宇宙;鸿蒙概念;数字货币;专精特新;DeepSeek概念;AI PC;粤港澳大湾区;多模态AI;电子竞技;AIGC概念;先进封装;2025年报预增;深股通,33,24,001314.SZ,001314
人形机器人;新型工业化;工业母机;飞行汽车(eVTOL);无人机;机器人概念;低空经济;机器视觉;工业互联网;高端装备;华为欧拉;比亚迪概念;新能源汽车;物联网;华为鲲鹏;华为概念;人工智能;富士康概念;智谱AI;阿里巴巴概念;粤港澳大湾区;宁德时代概念;光伏概念;一带一路;锂电池概念;融资融券;深股通,33,27,300607.SZ,300607
融资融券;专精特新;智能医疗;物联网;国企改革;医疗器械概念,151,6,920992.BJ,920992
PEEK材料;氟化工概念;钠离子电池;固态电池;光伏概念;专精特新;深股通;融资融券,33,8,002915.SZ,002915
短剧游戏;文化传媒概念;多模态AI;人工智能;DeepSeek概念;AI应用;国企改革;一带一路,17,8,601599.SH,601599
物业管理;农业种植;粮食概念;玉米;乡村振兴;养老概念;互联网金融;机器人概念,33,8,002133.SZ,002133
AI应用;AI语料;数据要素;智慧政务;人工智能;房屋检测;数字经济;智慧城市;装配式建筑;新型城镇化;数据中心;雄安新区;水利;PM2.5;碳中和;融资融券,33,16,300977.SZ,300977
乡村振兴;冰雪产业;农机;一带一路;西部大开发;水利;跨境电商;人民币贬值受益;无人驾驶;专精特新;融资融券,33,11,301533.SZ,301533
牙科医疗;医疗器械概念;医美概念;3D打印;融资融券,33,5,301033.SZ,301033
华为汽车;长安汽车概念;小米汽车;汽车热管理;新能源汽车;特斯拉概念;充电桩;储能;比亚迪概念;国企改革;锂电池概念;无人驾驶;宁德时代概念;百度概念;深股通;股权转让(并购重组);融资融券,33,17,002239.SZ,002239
跨境电商;净水概念;家用电器;智能家居;粤港澳大湾区;专精特新;机器人概念;网红经济;小米概念;AIGC概念;深股通;融资融券,33,12,301332.SZ,301332
露营经济;污水处理;新型城镇化;土壤修复;雄安新区;PPP概念;碳中和;碳交易;乡村振兴;水利;体育产业;旅游概念;足球概念;京津冀一体化;冰雪产业;IP经济(谷子经济),33,16,002887.SZ,002887
换电概念;充电桩;储能;光伏概念;高压快充;新能源汽车;新型工业化;燃料电池;粤港澳大湾区;两轮车;低空经济;核电;比亚迪概念;氢能源;5G;国企改革;深股通;中字头股票;融资融券,33,19,301516.SZ,301516
云游戏;算力租赁;抖音概念(字节概念);多模态AI;AIGC概念;云计算;虚拟数字人;Web3.0;AI智能体;电子竞技;腾讯概念;NFT概念;手机游戏;百度概念;数据确权;元宇宙;东数西算(算力);文化传媒概念;区块链;DeepSeek概念;人工智能;虚拟现实;智能医疗;英伟达概念;数据中心;IP经济(谷子经济);华为概念;AI应用;深股通;融资融券,33,30,300113.SZ,300113
一带一路;融资融券;人民币贬值受益,151,3,920339.BJ,920339
2025年报预增;风电;碳纤维;专精特新;融资融券;国企改革,151,6,920077.BJ,920077
国企改革;锂电池概念,17,2,600241.SH,600241
拼多多概念;互联网金融;数字经济;跨境电商;网红经济;三胎概念;人民币贬值受益;无线耳机;深股通,33,9,002640.SZ,002640
毫米波雷达;消费电子概念;汽车电子;智能座舱;比亚迪概念;新能源汽车;机器人概念;无人驾驶;宁德时代概念;储能;华为概念;中芯国际概念,17,12,603633.SH,603633
专精特新;融资融券,33,2,301585.SZ,301585
华为海思概念股;汽车电子;芯片概念;机器人概念;比亚迪概念;人民币贬值受益;粤港澳大湾区;存储芯片;新能源汽车;华为概念;第三代半导体;智慧城市;创投;共封装光学(CPO);6G概念;腾讯概念;互联网金融;华为昇腾;雄安新区;AI智能体;2025年报预增;证金持股;深股通;融资融券,33,24,000062.SZ,000062
科创次新股;重组蛋白;创新药;注册制次新股;人民币贬值受益;转基因;农业种植;新股与次新股;融资融券,17,9,688765.SH,688765
人形机器人;新型工业化;机器人概念;小米概念;低空经济;华为概念;比亚迪概念;高端装备;富士康概念;专精特新;芯片概念;宁德时代概念;光伏概念;深股通,33,14,002979.SZ,002979
光伏建筑一体化;绿色电力,17,2,603022.SH,603022
存储芯片;芯片概念;注册制次新股;专精特新;比亚迪概念;机器视觉;华为概念;深股通;新股与次新股;融资融券,33,10,301629.SZ,301629
CRO概念;医疗器械概念;创新药;仿制药一致性评价;眼科医疗;幽门螺杆菌概念;毛发医疗;医美概念;人工智能;流感;智能医疗;宠物经济;AI应用;深股通;融资融券,33,15,301096.SZ,301096
BC电池;HJT电池;钙钛矿电池;TOPCON电池;POE胶膜;光伏概念;MiniLED;OLED;固态电池;先进封装;消费电子概念;芯片概念;锂电池概念;无线耳机;特斯拉概念;储能;风电;比亚迪概念;高铁;高压快充;宁德时代概念;专精特新;长三角一体化;新能源汽车;人工智能;AI应用;沪股通;融资融券,17,28,603212.SH,603212
医药电商;民营医院;医美概念;维生素;流感;辅助生殖;无人零售;医疗器械概念;创新药;物业管理;融资融券,33,11,301126.SZ,301126
跨境电商;国企改革;西部大开发;回购增持再贷款概念;快手概念;2025年报预增,17,6,600738.SH,600738
维生素;合成生物;肝炎概念;辅助生殖,33,4,300583.SZ,300583
液冷服务器;机器人概念;融资融券;专精特新;芯片概念;医疗器械概念;人民币贬值受益,151,7,920693.BJ,920693
海峡两岸;网红经济;跨境电商;跨境支付(CIPS),33,4,002098.SZ,002098
机器人概念;机器视觉;人工智能;融资融券,33,4,301138.SZ,301138
跨境电商;三胎概念;智能物流;人民币贬值受益;智能家居;航运概念;机器人概念;人工智能;抖音概念(字节概念);深股通,33,10,300729.SZ,300729
注册制次新股;宁德时代概念;锂电池概念;核电;高端装备;网络安全;水利;汽车热管理;储能;高压快充;粤港澳大湾区;充电桩;智能医疗;物联网;新能源汽车;机器人概念;深股通;新股与次新股;融资融券,33,19,301449.SZ,301449
工业母机;高端装备;新型工业化;2025年报预增,33,4,002248.SZ,002248
Sora概念(文生视频);AIGC概念;多模态AI;文化传媒概念;NFT概念;手机游戏;数据确权;网络游戏;AI智能体;云计算;华为昇腾;阿里巴巴概念;AI应用;腾讯概念;百度概念;智慧政务;电子竞技;数据要素;算力租赁;鸿蒙概念;元宇宙;区块链;智能医疗;DeepSeek概念;数字经济;人工智能;东数西算(算力);独角兽概念;智慧城市;养老概念;旅游概念;华为概念;体育产业;数据中心;创投;共同富裕示范区;国企改革;证金持股;沪股通;融资融券;绿色电力,17,41,600633.SH,600633
流感;医药电商,17,2,600613.SH,600613
工业互联网;融资融券,17,2,688133.SH,688133
无人驾驶;飞行汽车(eVTOL);车联网(车路协同);长安汽车概念;低空经济;小米汽车;央企国企改革;智慧城市;人脸识别;国企改革;比亚迪概念;充电桩;氢能源;小米概念;人工智能;虚拟现实;深股通;中字头股票;融资融券,33,19,301215.SZ,301215
人形机器人;机器人概念;新型工业化;毫米波雷达;无人机;高端装备;军工;3D打印;物联网;工业互联网;粤港澳大湾区;英伟达概念;智能物流;华为概念;核电;可控核聚变;人民币贬值受益;人工智能;水利;数字经济;一带一路;多模态AI;牙科医疗;深股通;融资融券,33,25,002611.SZ,002611
流感;医药电商;创新药;肝炎概念;消毒剂;医疗器械概念;西部大开发,33,7,002864.SZ,002864
福建自贸区;海峡两岸;数字水印;回购增持再贷款概念;小米概念,33,5,002228.SZ,002228
民营医院;毛发医疗;医美概念;三胎概念;养老概念;高压氧舱;冷链物流;国企改革;股权转让(并购重组),33,9,002172.SZ,002172
新型城镇化;地下管网;土壤修复;PPP概念;乡村振兴;足球概念;体育产业;特色小镇;旅游概念;融资融券,33,10,301098.SZ,301098
猴痘概念;基因测序;流感;肝炎概念;医药电商;维生素;智能医疗;医疗器械概念;专精特新;沪股通;融资融券,17,11,688399.SH,688399
一体化压铸;新型工业化;机器视觉;机器人概念;比亚迪概念;新能源汽车;无人机;长安汽车概念;汽车电子;军工;工业互联网;智能物流;高端装备;芯片概念;粤港澳大湾区;MCU芯片;人民币贬值受益;航空发动机;汽车芯片;储能;光伏概念;股权转让(并购重组);融资融券,33,23,301112.SZ,301112
燃料电池;氢能源;专精特新;京津冀一体化;股权转让(并购重组);沪股通;融资融券,17,7,688339.SH,688339
光伏概念;TOPCON电池;光伏建筑一体化;专精特新;海工装备;风电;机器人概念;人形机器人;特钢概念;创投;国企改革;AI应用;细胞免疫治疗,17,13,603028.SH,603028
人形机器人;特斯拉概念;机器视觉;机器人概念;工业互联网;新型工业化;数字孪生;高端装备;比亚迪概念;长安汽车概念;新能源汽车;智能物流;光伏概念;人民币贬值受益;回购增持再贷款概念;深股通;融资融券,33,17,300278.SZ,300278
新型城镇化;地下管网;污水处理;PPP概念;净水概念;乡村振兴;水利;京津冀一体化;回购增持再贷款概念;智慧城市;专精特新;融资融券,33,12,301519.SZ,301519
智能物流;AIGC概念;融资融券;机器人概念;无人驾驶;专精特新,151,6,920475.BJ,920475
专精特新;物联网;星闪概念;智慧城市;DeepSeek概念;锂电池概念;动力电池回收;天然气,33,8,002849.SZ,002849
冰雪产业;旅游概念;啤酒概念;体育产业;IP经济(谷子经济);NFT概念;国企改革;西部大开发;智慧政务;低空经济;融资融券;深股通,33,12,000888.SZ,000888
专精特新;新型工业化;低空经济;芯片概念;稀土永磁;融资融券,33,6,301273.SZ,301273
中芯国际概念;光刻机;芯片概念;专精特新;光伏概念;商业航天;医疗器械概念;沪股通;融资融券,17,9,688605.SH,688605
统一大市场;冷链物流;跨境电商;智能物流;一带一路;国企改革;物联网;比亚迪概念;车联网(车路协同);卫星导航;摘帽;股权转让(并购重组),33,12,300013.SZ,300013
新型工业化;机器人概念;长安汽车概念;特斯拉概念;无人驾驶;比亚迪概念;工业互联网;高端装备;车联网(车路协同);军工;智能物流;芯片概念;专精特新;人工智能;宁德时代概念;智能电网;融资融券;深股通,33,18,300276.SZ,300276
长三角一体化;共同富裕示范区;互联网金融;碳纤维;新能源汽车;机器人概念;比亚迪概念;医疗器械概念;2025年报预增,33,9,002144.SZ,002144
海南自贸区;免税店;自由贸易港;网约车;旅游概念;跨境电商;无人驾驶;国企改革;充电桩;新能源汽车;回购增持再贷款概念;股权转让(并购重组);沪股通;融资融券,17,14,603069.SH,603069
算力租赁;Sora概念(文生视频);东数西算(算力);多模态AI;快手概念;AIGC概念;物联网;人工智能;智慧城市;数据要素;5G;DeepSeek概念;华为概念;数据中心;智慧灯杆;低空经济;移动支付;粤港澳大湾区;芯片概念;智能物流;充电桩;AI应用;一带一路;沪股通,17,24,603322.SH,603322
存储芯片;芯片概念;传感器;汽车电子;消费电子概念;AI手机;MiniLED;智能穿戴;比亚迪概念;小米概念;新能源汽车;机器人概念;智慧灯杆;智能家居;军工;安防;粤港澳大湾区;一带一路;国企改革;华为概念;风电;ETC;智慧城市;人工智能;独角兽概念;数字经济;阿里巴巴概念;抖音概念(字节概念);文化传媒概念;小红书概念;快手概念;深股通;融资融券,33,33,002654.SZ,002654
禽流感;融资融券;动物疫苗,151,3,920729.BJ,920729
文化传媒概念;区块链;在线教育;虚拟数字人;数据要素;NFT概念;IP经济(谷子经济);AI智能体;腾讯概念;数字经济;AIGC概念;DeepSeek概念;网红经济;百度概念;旅游概念;Web3.0;元宇宙;抖音概念(字节概念);人工智能;小红书概念;Sora概念(文生视频);创投;华为概念;国企改革;数据中心;AI应用;ST板块;机器人概念;农村电商;免税店;人形机器人,22,31,603825.SH,603825
减速器;人形机器人;新型工业化;机器人概念;新能源汽车;长三角一体化;共同富裕示范区;融资融券;深股通,33,9,002896.SZ,002896
有机硅概念;硅能源;2025年报预增;固废处理;海峡两岸;专精特新;融资融券,33,7,301300.SZ,301300
乡村振兴;IP经济(谷子经济),33,2,000715.SZ,000715
仿制药一致性评价;创新药;智能医疗;西部大开发;沪股通;融资融券,17,6,688513.SH,688513
预制菜;网红经济;食品安全;乡村振兴;冷链物流;融资融券,33,6,300094.SZ,300094
国资云;云计算;东数西算(算力);数据中心;央企国企改革;西部大开发;国企改革;绿色电力;深股通;融资融券,33,10,000815.SZ,000815
ST板块;西部大开发;白酒概念,22,3,600381.SH,600381
,17,0,605166.SH,605166
高铁;高端装备;风电;专精特新;数据中心;融资融券;海工装备;核电,151,8,920689.BJ,920689
消毒剂;合成生物;2025年报预增;2025三季报预增;锂电池概念;碳中和;乡村振兴;固态电池;创投;工业互联网;人工智能;深股通;融资融券,33,13,002734.SZ,002734
数字货币;移动支付;跨境支付(CIPS);蚂蚁集团概念;互联网金融;数据确权;区块链;云计算;AI智能体;数据要素;数字经济;鸿蒙概念;腾讯概念;DeepSeek概念;人工智能;华为概念;智能物流;跨境电商;小米概念;智能穿戴;参股保险;AI应用;2025年报预增;深股通;融资融券,33,25,300773.SZ,300773
宠物经济;三胎概念;人民币贬值受益;网红经济,17,4,603238.SH,603238
芯片概念;中芯国际概念;融资融券;专精特新;光伏概念,151,5,920179.BJ,920179
生物疫苗;流感;辅助生殖;阿尔茨海默概念;医美概念;创新药;智能医疗;国企改革;AI智能体;回购增持再贷款概念;证金持股;深股通;融资融券,33,13,000661.SZ,000661
家用电器;小米概念;机器人概念;专精特新,17,4,603657.SH,603657
物联网;智慧城市;工业互联网;智能家居;人工智能;小米概念;专精特新;数据中心;信创;国产操作系统;电力物联网;阿里巴巴概念;芯片概念;充电桩;MCU芯片;苹果概念;储能;智能电网;知识产权保护;虚拟电厂;国企改革;风电;深股通;融资融券,33,24,300183.SZ,300183
OLED;毫米波雷达;智能座舱;无人驾驶;MR(混合现实);无人机;AI眼镜;智能穿戴;军民融合;消费电子概念;芯片概念;低空经济;汽车电子;安防;机器视觉;无线充电;传感器;虚拟现实;苹果概念;比亚迪概念;华为概念;无线耳机;特斯拉概念;机器人概念;华为汽车;新能源汽车;英伟达概念;智能家居;创投;元宇宙;百度概念;人形机器人;一带一路;深股通;股权转让(并购重组);融资融券,33,36,002036.SZ,002036
足球概念;跨境电商;人民币贬值受益;体育产业;回购增持再贷款概念,33,5,001300.SZ,001300
预制菜;天津自贸区;超级品牌;京津冀一体化;国企改革,33,5,002820.SZ,002820
小红书概念;拼多多概念;智谱AI;AIGC概念;ChatGPT概念;AI应用;云办公;ERP概念;AI智能体;抖音概念(字节概念);财税数字化;云计算;阿里巴巴概念;DeepSeek概念;人工智能;数字经济;跨境电商;沪股通;融资融券,17,19,688365.SH,688365
共享单车;海峡两岸;体育产业;养老概念;三胎概念;两轮车;医疗器械概念;小米概念;人民币贬值受益,33,9,002105.SZ,002105
锂电池概念,17,1,603937.SH,603937
长安汽车概念;家用电器;一体化压铸;华为汽车;新能源汽车;小米汽车;比亚迪概念;特斯拉概念;减速器;小米概念;华为概念;宁德时代概念;融资融券,17,13,603982.SH,603982
创新药;沪股通;融资融券,17,3,688177.SH,688177
无人驾驶;高铁;高端装备;一带一路;融资融券,33,5,301016.SZ,301016
培育钻石;ST板块;钛白粉概念;智能家居;小金属概念;创投;稀土永磁;旅游概念,22,8,603389.SH,603389
海峡两岸;低空经济;无人机;农机;机器人概念;摘帽,17,6,603879.SH,603879
横琴新区;职业教育;虚拟现实;粤港澳大湾区;元宇宙;体育产业;特色小镇;土壤修复;旅游概念;新型城镇化;地下管网;土地流转;水利;乡村振兴;雄安新区;国企改革;PPP概念;碳交易;新疆振兴;融资融券,33,20,002431.SZ,002431
百度概念;车联网(车路协同);云计算;多模态AI;蚂蚁集团概念;AI智能体;数据要素;互联网金融;阿里巴巴概念;元宇宙;时空大数据;AIGC概念;ETC;数字经济;人脸识别;商业航天;人工智能;智慧城市;DeepSeek概念;东数西算(算力);华为概念;数字孪生;低空经济;安防;无人驾驶;机器视觉;物联网;无人机;毫米波雷达;大飞机;数据中心;京津冀一体化;小米概念;跨境电商;体育产业;小米汽车;智能物流;汽车电子;水利;充电桩;雄安新区;一带一路;足球概念;AI应用;深股通;融资融券,33,46,002373.SZ,002373
长安汽车概念;新能源汽车;比亚迪概念;机器人概念;专精特新;创投;装配式建筑,17,7,603725.SH,603725
手机游戏;文化传媒概念;网络游戏;NFT概念;AIGC概念;抖音概念(字节概念);元宇宙;腾讯概念;快手概念;IP经济(谷子经济);阿里巴巴概念;云游戏;虚拟现实;人工智能;华为概念;AI应用;创投;摘帽,33,18,002425.SZ,002425
物业管理;养老概念;西部大开发;智慧城市;低空经济;无人机;抖音概念(字节概念);股权转让(并购重组),33,8,002968.SZ,002968
无人驾驶;智能座舱;毫米波雷达;长安汽车概念;机器人概念;特斯拉概念;新能源汽车;消费电子概念;燃料电池;充电桩;数字经济;沪股通,17,12,605228.SH,605228
重组蛋白;创新药;智能医疗;回购增持再贷款概念;沪股通;融资融券,17,6,688062.SH,688062
短剧游戏;文化传媒概念;虚拟数字人;AIGC概念;IP经济(谷子经济);网红经济;智慧政务;职业教育;足球概念;旅游概念;数字经济;互联网金融;人工智能;独角兽概念;体育产业;广东自贸区;创投;粤港澳大湾区;AI应用;参股券商;国企改革;融资融券;深股通,33,23,002181.SZ,002181
钠离子电池;固态电池;动力电池回收;锂电池概念;宁德时代概念;碳中和;西部大开发;低空经济;国企改革;央企国企改革;融资融券;沪股通,17,12,688707.SH,688707
人形机器人;长安汽车概念;新能源汽车;家用电器;机器人概念;比亚迪概念;燃料电池;充电桩;粤港澳大湾区;储能;氢能源;数据中心;风电;回购增持再贷款概念;AIGC概念;深股通;融资融券,33,17,002249.SZ,002249
人形机器人;新型工业化;机器人概念;机器视觉;融资融券;沪股通,17,6,603416.SH,603416
商业航天;卫星导航;脑机接口;军工;无人机;智慧城市;人工智能;工业互联网;机器人概念;新型工业化;消费电子概念;央企国企改革;汽车电子;储能;国企改革;沪股通;融资融券,17,17,600775.SH,600775
养老概念;医疗器械概念;智能医疗;跨境电商;宠物经济;体育产业;人民币贬值受益;机器人概念;智能家居;2025年报预增,33,10,300247.SZ,300247
智能穿戴;DeepSeek概念;融资融券;多模态AI;AI智能体;信创;人工智能;消费电子概念;电子竞技;星闪概念;WiFi 6;AI PC;AIGC概念;无线耳机;AI眼镜;跨境电商;IP经济(谷子经济),151,17,920190.BJ,920190
CRO概念;辅助生殖;猴痘概念;幽门螺杆菌概念;肝炎概念;智能医疗;基因测序;AI智能体;人工智能;专精特新;融资融券,33,11,301060.SZ,301060
知识产权保护;短剧游戏;文化传媒概念;NFT概念;虚拟数字人;快手概念;在线教育;抖音概念(字节概念);IP经济(谷子经济);腾讯概念;元宇宙;电子竞技;云游戏;网络安全;人工智能;虚拟现实;华为概念;华为海思概念股;小米概念;国企改革;高股息精选;深股通;融资融券,33,23,300770.SZ,300770
芯片概念;机器人概念;新能源汽车;沪股通;融资融券,17,5,688279.SH,688279
特色小镇;旅游概念;文化传媒概念;IP经济(谷子经济);三胎概念;职业教育;在线教育;数字经济;人工智能;粤港澳大湾区;国企改革;深股通,33,12,002678.SZ,002678
新能源汽车;特高压;风电;比亚迪概念;机器人概念;专精特新,33,6,002576.SZ,002576
生物疫苗;肝炎概念;流感;创新药;合成生物;深股通;融资融券,33,7,300601.SZ,300601
短剧游戏;Sora概念(文生视频);文化传媒概念;网络游戏;虚拟数字人;IP经济(谷子经济);AIGC概念;抖音概念(字节概念);虚拟现实;DeepSeek概念;AI应用;英伟达概念;深股通;融资融券;2025年报预增,33,15,300251.SZ,300251
跨境电商;人民币贬值受益;专精特新;减速器;锂电池概念;融资融券,33,6,301353.SZ,301353
长安汽车概念;传感器;华为汽车;小米汽车;汽车热管理;新能源汽车;比亚迪概念;小米概念;储能;京津冀一体化;宁德时代概念;百度概念,33,12,300375.SZ,300375
参股银行;融资融券;物联网,151,3,920639.BJ,920639
中芯国际概念;OLED;第三代半导体;芯片概念;专精特新;虚拟现实;沪股通;融资融券,17,8,688138.SH,688138
固态电池;钠离子电池;储能;专精特新;人民币贬值受益;富士康概念;消费电子概念;小米概念;PCB概念;华为概念;深股通,33,11,002866.SZ,002866
锂电池概念;长三角一体化;共同富裕示范区;人民币贬值受益;工业互联网;沪股通,17,6,605378.SH,605378
芯片概念;人民币贬值受益;创投;医疗器械概念;基因测序;辅助生殖;医药电商;融资融券;深股通,33,9,300151.SZ,300151
脑机接口;阿尔茨海默概念;基因测序;创新药;医药电商;智能医疗;仿制药一致性评价;AI应用;2025年报预增;人工智能;独角兽概念;京津冀一体化;创投;专精特新,33,14,300016.SZ,300016
新型工业化;长安汽车概念;机器人概念;工业互联网;智能物流;新能源汽车;高端装备;比亚迪概念;物联网;人工智能;军工;建筑节能;融资融券,33,13,301199.SZ,301199
存储芯片;先进封装;芯片概念;专精特新;核电;自由贸易港;深股通;融资融券,33,8,002119.SZ,002119
智能家居;农机;西部大开发;光伏概念;机器人概念;比亚迪概念;新能源汽车;长安汽车概念;华为汽车;股权转让(并购重组),17,10,600615.SH,600615
短剧游戏;快手概念;网络游戏;文化传媒概念;虚拟数字人;抖音概念(字节概念);股权转让(并购重组);腾讯概念;百度概念;阿里巴巴概念;IP经济(谷子经济);网红经济;人工智能;旅游概念;华为概念;AI应用;深股通,33,17,300291.SZ,300291
车联网(车路协同);无人驾驶;星闪概念;人脸识别;智慧城市;机器视觉;智能座舱;毫米波雷达;长安汽车概念;机器人概念;虚拟现实;华为概念;智能家居;元宇宙;传感器;小米概念;人形机器人;MR(混合现实);汽车电子;AI眼镜;医疗器械概念;柔性屏(折叠屏);消费电子概念;海峡两岸;OLED;深股通;融资融券;股权转让(并购重组),33,28,002456.SZ,002456
创新药;眼科医疗;阿尔茨海默概念;医疗器械概念;合成生物;西部大开发;深股通;融资融券,33,8,002773.SZ,002773
C2M概念;体育产业;跨境电商,17,3,603001.SH,603001
家用电器;空气能热泵;机器人概念;传感器;新能源汽车;无人机;国企改革,17,7,603677.SH,603677
华为汽车;人形机器人;机器人概念;新能源汽车;人民币贬值受益;储能;DeepSeek概念;回购增持再贷款概念;固态电池;锂电池概念;沪股通,17,11,605088.SH,605088
流感;医药电商;创新药;西部大开发;2025年报预增;回购增持再贷款概念;融资融券,33,7,301331.SZ,301331
互联网金融;互联网保险;信创;区块链;华为鲲鹏;数据要素;智慧城市;数字经济;AI智能体;DeepSeek概念;独角兽概念;人工智能;腾讯概念;华为概念;虚拟数字人;AI应用;沪股通;融资融券,17,18,600446.SH,600446
军工;低空经济;京津冀一体化,33,3,000677.SZ,000677
信创;车联网(车路协同);智慧城市;AI智能体;人工智能;物联网;WiFi 6;卫星导航;无人驾驶;工业互联网;5G;智能座舱;智能物流;专精特新;芯片概念;人民币贬值受益;两轮车;深股通,33,18,300590.SZ,300590
移动支付;数字货币;跨境支付(CIPS);电子身份证;ETC;互联网金融;国产操作系统;数字经济;区块链;智慧政务;信创;量子科技;物联网;数据安全;鸿蒙概念;人工智能;DeepSeek概念;AI智能体;华为概念;5G;消费电子概念;AI应用;融资融券;深股通,33,24,003040.SZ,003040
MCU芯片;汽车芯片;存储芯片;先进封装;WiFi 6;MiniLED;无线耳机;第三代半导体;芯片概念;5G;新型烟草(电子烟);毫米波雷达;专精特新;智能家居;粤港澳大湾区;海峡两岸;深股通;融资融券,33,18,300671.SZ,300671
中俄贸易概念;换电概念;无人机;新能源汽车;专精特新;军工;传感器;一带一路;国企改革;央企国企改革,17,10,600148.SH,600148
人形机器人;新能源汽车;机器人概念;储能;无线充电;无人机;人民币贬值受益;低空经济;数据中心;军工;锂电池概念;2025年报预增;冷链物流;深股通,33,14,002801.SZ,002801
污水处理;地下管网;注册制次新股;新型城镇化;专精特新;智慧城市;人工智能;新股与次新股;融资融券,33,9,001396.SZ,001396
人形机器人;新型工业化;工业母机;机器人概念;机器视觉;长安汽车概念;工业互联网;高端装备;比亚迪概念;农机;专精特新;智能医疗;光伏概念;医疗器械概念;宁德时代概念;养老概念;深股通;融资融券,33,18,002747.SZ,002747
汽车热管理;长安汽车概念;燃料电池;新能源汽车;沪股通;股权转让(并购重组),17,6,605255.SH,605255
氟化工概念;钠离子电池;固态电池;脑机接口;磷化工;锂电池概念;PCB概念;丙烯酸;PEEK材料;消毒剂;芯片概念;净水概念;化肥;储能;人民币贬值受益;合成生物;工业互联网;深股通,33,18,300801.SZ,300801
商业航天;大飞机;航空发动机;军民融合;军工;低空经济;无人机;海工装备;核电;高端装备;光伏概念;数字经济;水利;柔性直流输电;机器人概念;智能电网;风电;东数西算(算力);充电桩;创投;数据中心;一带一路;石墨烯;深股通;融资融券,33,25,002471.SZ,002471
有机硅概念;光刻胶;专精特新;新股与次新股;融资融券;国企改革,151,6,920015.BJ,920015
宠物经济;人民币贬值受益,33,2,300673.SZ,300673
高端装备;农机;固态电池;数据中心;传感器;汽车电子,17,6,605100.SH,605100
脑机接口;AI应用;智能医疗;鸿蒙概念;数据要素;养老概念;人工智能;信创;云计算;国产操作系统;物联网;专精特新;机器人概念;融资融券,33,14,301337.SZ,301337
海南自贸区;免税店;光伏建筑一体化;国企改革;回购增持再贷款概念;宠物经济;融资融券;深股通,33,8,002163.SZ,002163
预制菜;人工智能,17,2,603755.SH,603755
数据要素;数字孪生;机器视觉;物联网;人工智能;DeepSeek概念;数字经济;智能物流;新型工业化;工业互联网;专精特新;机器人概念;比亚迪概念;新能源汽车;统一大市场;宁德时代概念;深股通;股权转让(并购重组),33,18,300486.SZ,300486
西部大开发,17,1,600137.SH,600137
CRO概念;细胞免疫治疗;减肥药;阿尔茨海默概念;创新药;幽门螺杆菌概念;肝炎概念;智能医疗;人工智能;DeepSeek概念;专精特新,33,11,300404.SZ,300404
宠物经济;可控核聚变;量子科技;智能医疗;医疗器械概念;超导概念;专精特新;光伏概念;融资融券,151,9,920300.BJ,920300
新型工业化;特斯拉概念;新能源汽车;储能;锂电池概念;2025年报预增,33,6,300707.SZ,300707
注册制次新股;高端装备;专精特新;一带一路;中俄贸易概念;人民币贬值受益;海峡两岸;俄乌冲突概念;深股通;新股与次新股;融资融券,33,11,001233.SZ,001233
动物疫苗;基因测序;牙科医疗;医疗器械概念;股权转让(并购重组);沪股通;融资融券,17,7,603718.SH,603718
海峡两岸;特色小镇;碳中和;碳交易;国企改革;互联网金融;人工智能,33,7,002679.SZ,002679
光伏概念;第三代半导体;芯片概念;中芯国际概念;股权转让(并购重组),33,5,300554.SZ,300554
辅助生殖;重组蛋白;合成生物;医疗器械概念;牙科医疗;专精特新;3D打印;融资融券,33,8,300653.SZ,300653
中国AI 50;英伟达概念;算力租赁;液冷服务器;国资云;东数西算(算力);云计算;抖音概念(字节概念);国产操作系统;信创;腾讯概念;数据中心;百度概念;元宇宙;车联网(车路协同);AIGC概念;DeepSeek概念;人工智能;智慧城市;无人驾驶;深股通;融资融券;回购增持再贷款概念;国企改革,33,24,000977.SZ,000977
汽车芯片;智能音箱;AI眼镜;智能穿戴;芯片概念;汽车电子;消费电子概念;机器视觉;东数西算(算力);安防;机器人概念;专精特新;智能家居;人脸识别;比亚迪概念;鸿蒙概念;人工智能;深股通;融资融券,33,19,300613.SZ,300613
租售同权;物业管理;西部大开发;京津冀一体化;数字经济;深股通;数据要素;人工智能;AIGC概念;鸿蒙概念;ChatGPT概念;华为概念;融资融券,33,13,000560.SZ,000560
参股银行;工业大麻;C2M概念;国企改革;回购增持再贷款概念;人民币贬值受益;融资融券,17,7,600448.SH,600448
车联网(车路协同);无人驾驶;网约车;华为昇腾;百度概念;卫星导航;数据要素;云计算;物联网;人工智能;算力租赁;东数西算(算力);DeepSeek概念;阿里巴巴概念;智能物流;英伟达概念;比亚迪概念;5G;数据中心;智能医疗;液冷服务器;光纤概念;一带一路;深股通,33,24,300698.SZ,300698
家用电器;新型工业化;机器人概念;新能源汽车;人民币贬值受益;融资融券,33,6,300907.SZ,300907
NMN概念;网红经济;体育产业;跨境电商;维生素;阿里巴巴概念;融资融券,33,7,000639.SZ,000639
免税店;农村电商;乡村振兴;职业教育;国企改革;西部大开发;股权转让(并购重组),17,7,600712.SH,600712
人造肉;粮食概念;乡村振兴;大豆,17,4,603182.SH,603182
新型城镇化;粤港澳大湾区;人工智能;雄安新区;百度概念;DeepSeek概念;AIGC概念;元宇宙;旅游概念;乡村振兴;融资融券,33,11,300844.SZ,300844
装配式建筑;PPP概念;一带一路;5G,33,4,300517.SZ,300517
重组蛋白;细胞免疫治疗;肝炎概念;三胎概念;京津冀一体化;专精特新;创新药;融资融券,151,8,920344.BJ,920344
医疗器械概念;人民币贬值受益;专精特新;融资融券,17,4,688026.SH,688026
华为盘古;ChatGPT概念;云计算;AI智能体;华为昇腾;数据要素;国产操作系统;网络安全;ERP概念;多模态AI;腾讯概念;数字经济;DeepSeek概念;鸿蒙概念;时空大数据;人工智能;空间计算;数字孪生;东数西算(算力);军民融合;华为概念;卫星导航;物联网;数据中心;工业互联网;AI应用;5G;国企改革;机器人概念;新型工业化;智能穿戴;智能电网;光伏概念;煤化工概念;深股通,33,35,000409.SZ,000409
可控核聚变;航空发动机;核电;海工装备;风电;高端装备;大飞机;3D打印;军工;商业航天;核污染防治;无人机;工业互联网;一带一路;参股银行;沪股通;融资融券,17,17,603308.SH,603308
芯片概念;专精特新;锂电池概念;回购增持再贷款概念;沪股通;融资融券,17,6,688325.SH,688325
文化传媒概念;专精特新;人民币贬值受益;粤港澳大湾区;机器视觉;深股通,33,6,300833.SZ,300833
虚拟电厂;充电桩;光伏概念;数字孪生;人工智能;智能电网;一带一路;电力物联网;专精特新;储能;华为概念;数据中心;融资融券;机器人概念;华为鲲鹏,151,15,920496.BJ,920496
第三代半导体;芯片概念;AI眼镜;专精特新;智能电网;华为概念;沪股通;融资融券,17,8,688234.SH,688234
减速器;人形机器人;上海国企改革;机器人概念;雅下水电概念;物联网;国企改革;沪股通;融资融券,17,9,600835.SH,600835
智能电网;光伏概念;储能,17,3,603829.SH,603829
预制菜;三胎概念;海峡两岸;回购增持再贷款概念,33,4,001215.SZ,001215
海南自贸区;自由贸易港;雄安新区;融资融券;股权转让(并购重组);沪股通,17,6,600221.SH,600221
盐湖提锂;稀土永磁;锂电池概念;固态电池;净水概念;污水处理;光伏概念;垃圾分类;专精特新,33,9,300631.SZ,300631
人形机器人;商业航天;新型工业化;人工智能;军工;专精特新;机器人概念;航空发动机;新能源汽车;高端装备;海工装备,33,11,300553.SZ,300553
智能音箱;无线耳机;智能家居;消费电子概念;粤港澳大湾区;星闪概念;跨境电商;汽车电子;横琴新区;2025年报预增;物联网;华为概念;绿色电力,33,13,002888.SZ,002888
流感;肝炎概念;辅助生殖;互联网金融,33,4,300519.SZ,300519
深圳国企改革;物业管理;国企改革;粤港澳大湾区;股权转让(并购重组),33,5,000014.SZ,000014
人形机器人;芯片概念;无线耳机;汽车电子;苹果概念;智能穿戴;消费电子概念;OLED;特斯拉概念;MicroLED概念;智能音箱;5G;回购增持再贷款概念;沪股通;融资融券,17,15,688001.SH,688001
人形机器人;机器视觉;机器人概念;新能源汽车;高端装备;AI智能体;人工智能;智能物流;专精特新;医疗器械概念;储能;海工装备;光伏概念;氢能源;融资融券;沪股通,17,16,688698.SH,688698
AI应用;AIGC概念;信创;钠离子电池;虚拟电厂;跨境电商;粤港澳大湾区;储能;碳交易;绿色电力;一带一路;国企改革,33,12,002769.SZ,002769
星闪概念;智能音箱;安防;虚拟现实;鸿蒙概念;元宇宙;人工智能;空间计算;WiFi 6;物联网;智能穿戴;在线教育;数据要素;百度概念;数字经济;MR(混合现实);腾讯概念;智能座舱;华为概念;智能家居;AIGC概念;Web3.0;小米概念;ChatGPT概念;AI眼镜;文化传媒概念;华为海思概念股;无人机;5G;汽车电子;家用电器;短剧游戏;消费电子概念;MiniLED;长安汽车概念;芯片概念;数据中心;柔性屏(折叠屏);眼科医疗;F5G概念;OLED;储能;西部大开发;深股通;融资融券,33,45,000810.SZ,000810
维生素;合成生物;NMN概念;横琴新区;粤港澳大湾区;可降解塑料,33,6,300381.SZ,300381
生物疫苗;流感;创新药;合成生物;西部大开发;深股通;融资融券,33,7,300142.SZ,300142
智慧灯杆;智慧城市;数据中心;5G;消费电子概念;一带一路;锂电池概念;跨境电商;液冷服务器;动力电池回收,33,10,300647.SZ,300647
DRG/DIP;财税数字化;智慧政务;云计算;AI智能体;数据要素;华为昇腾;数据安全;区块链;信创;百度概念;AIGC概念;网络安全;DeepSeek概念;互联网金融;数字货币;数字经济;人工智能;抖音概念(字节概念);智能医疗;智慧城市;独角兽概念;东数西算(算力);车联网(车路协同);华为概念;中国AI 50;养老概念;食品安全;工业互联网;AI应用;无人驾驶;5G;参股保险;机器人概念;智能座舱;医疗器械概念;虚拟电厂;长安汽车概念;比亚迪概念;汽车电子;新能源汽车;融资融券;沪股通,17,43,600718.SH,600718
宠物经济;三胎概念;跨境电商;养老概念;京津冀一体化;人民币贬值受益;一带一路,33,7,001206.SZ,001206
露营经济;碳纤维,17,2,605180.SH,605180
乳业;三胎概念;数据要素;AI智能体;沪股通;融资融券,17,6,600882.SH,600882
小红书概念;AI智能体;抖音概念(字节概念);阿里巴巴概念;数据要素;人工智能;跨境电商;三胎概念;宠物经济;AI应用;深股通;融资融券,33,12,301110.SZ,301110
工业母机;人形机器人;新型工业化;光刻机;第三代半导体;高端装备;机器人概念;专精特新;一带一路;2025年报预增;深股通,33,11,300809.SZ,300809
锂电池概念;专精特新;磷化工;宁德时代概念;储能;融资融券;西部大开发;比亚迪概念,151,8,920809.BJ,920809
网红经济;预制菜;IP经济(谷子经济);跨境电商;三胎概念;宠物经济;食品安全;专精特新;深股通,33,9,300783.SZ,300783
EDR概念;智能座舱;汽车电子;无人驾驶;传感器;车联网(车路协同);黑龙江自贸区;新能源汽车;国企改革;股权转让(并购重组);摘帽,17,11,603023.SH,603023
减速器;人形机器人;机器人概念;传感器;新能源汽车;专精特新;家用电器;智能家居;融资融券,33,9,301008.SZ,301008
三胎概念;露营经济;网红经济;IP经济(谷子经济),17,4,603518.SH,603518
污水处理;专精特新;氢能源;盐湖提锂;融资融券,17,5,688350.SH,688350
华为汽车;新能源汽车;比亚迪概念;华为概念;专精特新;新股与次新股;融资融券,151,7,920086.BJ,920086
元宇宙;百度概念;虚拟数字人;人工智能;手机游戏;DeepSeek概念;虚拟现实;网络游戏;数字经济;云游戏;华为概念;数字孪生;车联网(车路协同);MR(混合现实);机器视觉;工业互联网;IP经济(谷子经济);无人机;创投;机器人概念;新型工业化;无人驾驶;传感器;人民币贬值受益;碳中和;AI应用;深股通;融资融券,33,28,300031.SZ,300031
有机硅概念;液冷服务器;硅能源;光伏概念;储能;消费电子概念;碳中和;高铁;比亚迪概念;两轮车;雄安新区;回购增持再贷款概念;新能源汽车;新型城镇化;装配式建筑;5G;粤港澳大湾区;一带一路;跨境电商;飞行汽车(eVTOL);低空经济;融资融券,33,22,002909.SZ,002909
注册制次新股;智能物流;京津冀一体化;新股与次新股;融资融券,33,5,001220.SZ,001220
卫星导航;车联网(车路协同);商业航天;人脸识别;安防;数据安全;无人驾驶;智慧灯杆;鸿蒙概念;智慧城市;物联网;东数西算(算力);百度概念;虚拟现实;华为概念;5G;AI智能体;人工智能;腾讯概念;机器人概念;数据中心;汽车电子;高铁;比亚迪概念;长安汽车概念;汽车芯片;智能电网;PPP概念;AI应用;深股通;融资融券,33,31,300098.SZ,300098
IP经济(谷子经济);无人零售;元宇宙;NFT概念;专精特新;3D打印;区块链;人民币贬值受益;数据确权;高端装备,33,10,300220.SZ,300220
减速器;人形机器人;新型工业化;工业母机;长安汽车概念;机器人概念;机器视觉;新能源汽车;比亚迪概念;工业互联网;智能物流;空气能热泵;燃料电池;数字孪生;大飞机;芯片概念;区块链;阿里巴巴概念;液冷服务器;数据中心;海工装备;深股通;股权转让(并购重组);融资融券,33,24,002527.SZ,002527
人工智能;物联网;鸿蒙概念;DeepSeek概念;华为概念;机器视觉;无人驾驶;工业互联网;机器人概念;专精特新;卫星导航;5G;商业航天;芯片概念;融资融券,33,15,301195.SZ,301195
数字水印;电子身份证;数字货币;智慧政务;数据安全;华为鲲鹏;网络安全;信创;鸿蒙概念;移动支付;区块链;军工信息化;互联网金融;AI智能体;车联网(车路协同);量子科技;抖音概念(字节概念);蚂蚁集团概念;跨境支付(CIPS);智慧城市;数字经济;DeepSeek概念;安防;东数西算(算力);卫星导航;华为概念;物联网;商业航天;无人驾驶;军工;工业互联网;长安汽车概念;专精特新;芯片概念;比亚迪概念;中俄贸易概念;深股通,33,37,003029.SZ,003029
新型工业化;比亚迪概念;小米汽车;长安汽车概念;新能源汽车;机器视觉;特斯拉概念;人形机器人;机器人概念;高端装备;小米概念;燃料电池;固态电池;华为概念;智能物流;锂电池概念;氢能源;人工智能;DeepSeek概念;融资融券,17,20,688529.SH,688529
芯片概念;机器人概念;融资融券;新能源汽车;减速器;专精特新;人形机器人,151,7,920510.BJ,920510
航空发动机;大飞机;特钢概念;军民融合;核电;军工;专精特新;融资融券;深股通,33,9,300855.SZ,300855
文化传媒概念;职业教育;虚拟现实;粤港澳大湾区,33,4,002905.SZ,002905
汽车热管理;农机;新能源汽车;专精特新;创投;军工;乡村振兴,17,7,603949.SH,603949
MCU芯片;汽车芯片;AI手机;AI眼镜;消费电子概念;汽车电子;芯片概念;小米概念;传感器;无线充电;专精特新;特斯拉概念;机器人概念;华为概念;融资融券,17,15,688458.SH,688458
5G;工业母机;新能源汽车;充电桩,33,4,300615.SZ,300615
6G概念;智能穿戴;5G;华为手机;柔性屏(折叠屏);消费电子概念;新型烟草(电子烟);虚拟现实;小米概念;华为概念;苹果概念;军工;空间计算;3D打印;芯片概念;新型工业化;机器人概念;粤港澳大湾区;特斯拉概念;人工智能;新能源汽车;锂电池概念;元宇宙;云游戏;工业母机;创投;职业教育;在线教育;AIGC概念;氢能源;国企改革;文化传媒概念;深股通;股权转让(并购重组);融资融券,33,35,300134.SZ,300134
新能源汽车;风电;安防;股权转让(并购重组),17,4,603819.SH,603819
水利;固废处理;一带一路;建筑节能;新型城镇化;无人机;西部大开发;低空经济;融资融券,33,9,300865.SZ,300865
特色小镇;物业管理;旅游概念;PPP概念;雄安新区;创投;一带一路;低空经济;京津冀一体化;养老概念;深股通;融资融券,33,12,002146.SZ,002146
光伏概念;光伏建筑一体化;氢能源;虚拟电厂;储能;风电;碳中和;碳交易;绿色电力;数据中心;阿里巴巴概念;腾讯概念;沪股通;融资融券,17,14,601778.SH,601778
粤港澳大湾区;深圳国企改革;OLED;虚拟现实;国企改革;深股通,33,6,000045.SZ,000045
稀土永磁;小金属概念;2025三季报预增;苹果概念;西部大开发;国企改革;参股保险;2025年报预增;沪股通;融资融券,17,10,600392.SH,600392
宁德时代概念;融资融券;专精特新;机器人概念;稀土永磁;固态电池;锂电池概念,151,7,920061.BJ,920061
AI智能体;算力租赁;DeepSeek概念;东数西算(算力);智能医疗;土壤修复;2025三季报预增;粮食概念;回购增持再贷款概念;超级品牌;融资融券;沪股通,17,12,600186.SH,600186
AI眼镜;高压快充;智能穿戴;消费电子概念;苹果概念;比亚迪概念;储能;华为概念;宁德时代概念;锂电池概念;深股通;融资融券,33,12,301180.SZ,301180
动物疫苗;广东自贸区;盐湖提锂;横琴新区;粤港澳大湾区;创投;独角兽概念;锂电池概念;PCB概念;摘帽,33,10,002141.SZ,002141
脑机接口;智能医疗;医疗器械概念;专精特新;西部大开发;回购增持再贷款概念;融资融券,33,7,301515.SZ,301515
减速器;股权转让(并购重组);农机;军民融合;军工;新能源汽车;比亚迪概念;人民币贬值受益;国企改革;深股通;融资融券,33,11,000678.SZ,000678
租售同权;固废处理;污水处理;西部大开发;股权转让(并购重组);融资融券,33,6,000838.SZ,000838
碳中和;储能;钠离子电池;2025三季报预增;2025年报预增,33,5,003027.SZ,003027
无人驾驶;长安汽车概念;小米汽车;比亚迪概念;共同富裕示范区;新能源汽车;汽车电子;小米概念;深股通;融资融券,33,10,002703.SZ,002703
两轮车;消费电子概念;石墨烯;芯片概念;融资融券,33,5,301418.SZ,301418
黄金概念;金属锌;金属铅;金属铜;稀土永磁;物业管理;IP经济(谷子经济);锂电池概念;手机游戏;网络游戏;氢能源;绿色电力;储能;机器人概念;风电;沪股通;股权转让(并购重组),17,17,600173.SH,600173
雄安新区;污水处理;水利;PM2.5;专精特新;碳中和;乡村振兴;一带一路;工业互联网;数字孪生;华为概念;人工智能;数字乡村;国产操作系统;AI智能体;AI应用,33,16,300800.SZ,300800
智慧灯杆;体育产业;足球概念;智慧城市;物联网;人脸识别;粤港澳大湾区;旅游概念;虚拟现实;数字经济;机器人概念;人工智能;华为概念;语音技术;MR(混合现实);柔性屏(折叠屏);MicroLED概念;元宇宙;专精特新;互联网金融;在线教育;区块链;MiniLED;智慧政务;5G;腾讯概念;消费电子概念;信创;抖音概念(字节概念);虚拟数字人;苹果概念;华为鲲鹏;广东自贸区;AIGC概念;ChatGPT概念;英伟达概念;AI应用,33,37,002587.SZ,002587
猴痘概念;流感;生物疫苗;肝炎概念;医疗器械概念;三胎概念;京津冀一体化;深股通,33,8,300318.SZ,300318
AIGC概念;短剧游戏;手机游戏;网络游戏;抖音概念(字节概念);小红书概念;文化传媒概念;腾讯概念;IP经济(谷子经济);AI应用;网红经济;独角兽概念;体育产业;创投;细胞免疫治疗;长三角一体化;深股通,33,17,002605.SZ,002605
芯片概念;AI眼镜;第三代半导体;智能穿戴;消费电子概念;AI手机;5G;小米概念;专精特新;人形机器人;股权转让(并购重组);沪股通;融资融券,17,13,688230.SH,688230
云办公;中国AI 50;云计算;ChatGPT概念;数据安全;智慧政务;信创;网络安全;东数西算(算力);英伟达概念;DeepSeek概念;人工智能;数据中心;物联网;AI应用;粤港澳大湾区;机器人概念;2025年报预增;融资融券;深股通,33,20,300454.SZ,300454
共同富裕示范区;2025年报预增;股权转让(并购重组),17,3,600768.SH,600768
智能电网;共同富裕示范区;储能;数据中心;数字经济;沪股通;融资融券,17,7,603070.SH,603070
长三角一体化;军工,17,2,603332.SH,603332
长安汽车概念;智能座舱;汽车电子;无人驾驶;车联网(车路协同);飞行汽车(eVTOL);特斯拉概念;比亚迪概念;新能源汽车;富士康概念;一带一路;5G;锂电池概念,33,13,002976.SZ,002976
柔性屏(折叠屏);无人零售;高端装备;创投,33,4,300512.SZ,300512
安防;智慧城市;MicroLED概念;虚拟现实;MiniLED;专精特新;国企改革;智能电网;OLED,33,9,300076.SZ,300076
特斯拉概念;小米汽车;华为汽车;新能源汽车;比亚迪概念;长安汽车概念;小米概念;专精特新;无人驾驶;同花顺新质50;储能;氢能源;股权转让(并购重组),17,13,603037.SH,603037
家用电器;智能家居;汽车电子;新能源汽车;两轮车;新型烟草(电子烟);比亚迪概念;消费电子概念;电力物联网;智能座舱;智能电网;PCB概念;5G;星闪概念;股权转让(并购重组);融资融券,33,16,301106.SZ,301106
智能物流;露营经济;建筑节能;跨境电商;融资融券,33,5,300993.SZ,300993
白酒概念;农业种植;乡村振兴;西部大开发,33,4,000995.SZ,000995
汽车热管理;新能源汽车;比亚迪概念;人形机器人;农机;专精特新;长安汽车概念;机器人概念;无人机;中俄贸易概念;低空经济;人民币贬值受益;共同富裕示范区;安防;俄乌冲突概念;融资融券,33,16,301459.SZ,301459
短剧游戏;文化传媒概念;IP经济(谷子经济);虚拟现实;AI应用;共同富裕示范区;沪股通;融资融券,17,8,603103.SH,603103
固态电池;锂电池概念;比亚迪概念;2025三季报预增;减速器;西部大开发;新疆振兴;机器人概念;融资融券,17,9,603032.SH,603032
碳中和;专精特新;氢能源;PET铜箔;人工智能;AI应用;融资融券,17,7,688659.SH,688659
光刻机;芯片概念;小米概念;比亚迪概念;新能源汽车;汽车热管理;上海自贸区;上海国企改革;家用电器;2025年报预增;一带一路;空气能热泵;国企改革;冷链物流;沪股通;融资融券,17,16,600619.SH,600619
TOPCON电池;BC电池;HJT电池;钙钛矿电池;POE胶膜;光伏概念;固态电池;锂电池概念;柔性屏(折叠屏);比亚迪概念;OLED;氢能源;商业航天;传感器;人形机器人;水利;智能穿戴;融资融券,17,18,603051.SH,603051
数字货币;移动支付;互联网金融;蚂蚁集团概念;数字经济;区块链;跨境电商;元宇宙;华为概念;华为汽车;NFT概念;家用电器;冷链物流;5G;特斯拉概念;比亚迪概念;新能源汽车;2025年报预增;深股通;融资融券,33,20,002537.SZ,002537
AI智能体;互联网金融;数字经济;人工智能;华为概念;创投;工业互联网;机器人概念;可降解塑料;垃圾分类;高端装备;煤化工概念;AI应用;深股通,33,14,300384.SZ,300384
AI应用;医药电商;牙科医疗;创新药;智能医疗;养老概念;医疗器械概念;冷链物流;人工智能;区块链;统一大市场;农业种植;华为概念;回购增持再贷款概念;融资融券,33,15,002589.SZ,002589
商业航天;无人驾驶;工业互联网;机器人概念;人形机器人;区块链;DeepSeek概念;充电桩;氢能源;新能源汽车;西部大开发;国企改革,17,12,600678.SH,600678
免税店;证金持股;跨境电商;沪股通;融资融券,17,5,601021.SH,601021
人民币贬值受益,17,1,603221.SH,603221
智能音箱;无线耳机;WiFi 6;星闪概念;MCU芯片;AI眼镜;汽车芯片;智能穿戴;消费电子概念;小米概念;毫米波雷达;芯片概念;抖音概念(字节概念);阿里巴巴概念;鸿蒙概念;华为概念;物联网;传感器;智能家居;卫星导航;人工智能;无人驾驶;无人机;智慧城市;上海自贸区;低空经济;ETC;沪股通,17,28,603068.SH,603068
短剧游戏;小红书概念;快手概念;文化传媒概念;虚拟数字人;AIGC概念;知识产权保护;智谱AI;抖音概念(字节概念);网络游戏;腾讯概念;IP经济(谷子经济);阿里巴巴概念;百度概念;网红经济;人工智能;旅游概念;华为概念;AI应用;创投;小米概念;国企改革;苹果概念,33,23,002712.SZ,002712
快手概念;Sora概念(文生视频);拼多多概念;AI语料;智谱AI;AIGC概念;ChatGPT概念;多模态AI;AI智能体;抖音概念(字节概念);AI应用;NFT概念;阿里巴巴概念;数据要素;腾讯概念;百度概念;鸿蒙概念;电子竞技;DeepSeek概念;人工智能;同花顺新质50;华为概念;京津冀一体化;小米概念;苹果概念;深股通,33,26,300785.SZ,300785
染料;新能源汽车;专精特新;家用电器;融资融券,151,5,920066.BJ,920066
网约车;旅游概念;参股银行;低空经济;车联网(车路协同);卫星导航;宁德时代概念;充电桩;西部大开发;天然气,33,10,002357.SZ,002357
芯片概念;第三代半导体;专精特新;2025年报预增;充电桩;光伏概念;储能;海工装备;柔性直流输电;国企改革;股权转让(并购重组);深股通;融资融券,33,13,300046.SZ,300046
互联网金融;人脸识别;国产操作系统;数字经济;创投;物业管理;粤港澳大湾区;深股通;融资融券,33,9,002177.SZ,002177
股权转让(并购重组);减速器;工业母机;ST板块;新型工业化;西部大开发;医疗器械概念;天然气,22,8,600243.SH,600243
鸿蒙概念;信创;智慧城市;安防;网络安全;人工智能;东数西算(算力);华为概念;智能医疗;数据中心;传感器;养老概念;比亚迪概念;物业管理;沪股通,17,15,600654.SH,600654
CRO概念;细胞免疫治疗;重组蛋白;流感;肝炎概念;猴痘概念;合成生物;智能医疗;人工智能;京津冀一体化;人民币贬值受益;深股通;融资融券,33,13,301047.SZ,301047
眼科医疗;医疗器械概念;人工智能;专精特新;沪股通;融资融券,17,6,688050.SH,688050
医药电商;宠物经济;上海国企改革;国企改革,17,4,600833.SH,600833
Web3.0;多模态AI;ChatGPT概念;AIGC概念;小红书概念;腾讯概念;抖音概念(字节概念);低空经济;AI智能体;文化传媒概念;算力租赁;数据要素;东数西算(算力);人工智能;无人机;体育产业;AI应用;参股券商;西部大开发;融资融券;沪股通,17,21,605168.SH,605168
星闪概念;智能座舱;华为汽车;小米概念;机器人概念;AI眼镜;比亚迪概念;汽车电子;虚拟现实;新能源汽车;粤港澳大湾区;海工装备;家用电器;沪股通;融资融券,17,15,688007.SH,688007
露营经济;冰雪产业;体育产业;旅游概念;三胎概念,33,5,002780.SZ,002780
比亚迪概念;粤港澳大湾区;融资融券;碳纤维;机器人概念;消费电子概念;PEEK材料;专精特新;新能源汽车,151,9,920469.BJ,920469
汽车电子;小米概念;新能源汽车;智能家居;专精特新;光伏概念;智能电网;融资融券,33,8,301295.SZ,301295
猴痘概念;流感;肝炎概念;合成生物;融资融券,33,5,301089.SZ,301089
粤港澳大湾区;物业管理,33,2,000020.SZ,000020
腾讯概念;云计算;数据确权;华为昇腾;阿里巴巴概念;数字货币;抖音概念(字节概念);智慧政务;信创;数据安全;区块链;AI智能体;华为盘古;华为鲲鹏;蚂蚁集团概念;数据要素;鸿蒙概念;Web3.0;DeepSeek概念;跨境支付(CIPS);ETC;数字经济;NFT概念;互联网金融;人工智能;独角兽概念;华为概念;英伟达概念;快手概念;数据中心;无人驾驶;智能物流;烟草;2025年报预增;AI应用;深股通,33,36,300541.SZ,300541
AI眼镜;消费电子概念;石墨烯;固态电池;智能穿戴;锂电池概念;中俄贸易概念;安防;新能源汽车;光伏概念;无人机;虚拟现实;华为概念;液冷服务器;共同富裕示范区;元宇宙;深股通,33,17,002632.SZ,002632
预制菜;乡村振兴;一带一路;粤港澳大湾区;数据要素;深股通,33,6,001313.SZ,001313
存储芯片;汽车芯片;MCU芯片;芯片概念;智能座舱;AI眼镜;脑机接口;汽车电子;消费电子概念;传感器;无人驾驶;比亚迪概念;人形机器人;车联网(车路协同);语音技术;机器人概念;新能源汽车;光伏概念;长安汽车概念;人工智能;百度概念;储能;回购增持再贷款概念;深股通;股权转让(并购重组);融资融券,33,26,301099.SZ,301099
2025年报预增;医疗器械概念;鸿蒙概念;食品安全;融资融券;回购增持再贷款概念;储能;宠物经济;专精特新;高端装备;人工智能,151,11,920476.BJ,920476
智能电网;光伏概念;风电;核电;储能;数据中心;共同富裕示范区;专精特新;国企改革;融资融券,33,10,002112.SZ,002112
人形机器人;汽车热管理;机器人概念;新能源汽车;家用电器;储能;燃料电池;深股通;融资融券,33,9,301000.SZ,301000
钠离子电池;固态电池;宁德时代概念;锂电池概念;燃料电池;比亚迪概念;氢能源;专精特新;钙钛矿电池;高端装备;机器人概念;粤港澳大湾区;回购增持再贷款概念;消费电子概念;华为概念;存储芯片;融资融券,17,17,688573.SH,688573
光伏建筑一体化;生物质能发电;光热发电;绿色电力;固废处理;碳交易;建筑节能;雄安新区;碳中和;储能;一带一路;国企改革;央企国企改革;京津冀一体化;工业互联网;2025年报预增;中字头股票;融资融券,17,18,603126.SH,603126
粤港澳大湾区;物业管理;华为概念,33,3,002830.SZ,002830
存储芯片;MiniLED;无线耳机;汽车电子;芯片概念;传感器;小米概念;5G;海峡两岸;比亚迪概念;物联网;智慧灯杆;机器人概念;华为概念;智慧城市;人民币贬值受益;元宇宙,33,17,300650.SZ,300650
智能医疗;DeepSeek概念;CRO概念;细胞免疫治疗;重组蛋白;创新药;人民币贬值受益;深股通;股权转让(并购重组);融资融券,33,10,300149.SZ,300149
碳纤维;PEEK材料;飞行汽车(eVTOL);大飞机;军工;3D打印;低空经济;无人机;人形机器人;机器人概念;海工装备;新能源汽车;比亚迪概念;风电;2025年报预增;深股通;融资融券,33,17,300690.SZ,300690
超超临界发电;光伏概念;风电;氢能源;海工装备;核电;储能;高端装备;燃料电池;一带一路;回购增持再贷款概念;央企国企改革;国企改革;机器人概念;京津冀一体化;DeepSeek概念;沪股通;融资融券,17,18,601226.SH,601226
IP经济(谷子经济);腾讯概念;数字经济;虚拟现实;跨境电商;创投;一带一路;深股通,33,8,002103.SZ,002103
医疗器械概念;基因测序;人工智能;数据要素;融资融券,17,5,688217.SH,688217
先进封装;MCU芯片;第三代半导体;OLED;芯片概念;回购增持再贷款概念;国企改革;沪股通;融资融券,17,9,688352.SH,688352
一体化压铸;金属回收;减速器;新能源汽车;一带一路;汽车热管理;比亚迪概念;长安汽车概念;人形机器人;机器人概念;2025年报预增;融资融券,17,12,605208.SH,605208
军民融合;军工;福建自贸区;无人机;海峡两岸;飞行汽车(eVTOL);低空经济;储能;安防;专精特新;特高压;宁德时代概念;比亚迪概念;机器人概念;物联网;新能源汽车;一带一路;长安汽车概念;数据要素;融资融券,33,20,300902.SZ,300902
比亚迪概念;机器人概念;专精特新;创投;回购增持再贷款概念;芯片概念,33,6,300154.SZ,300154
独角兽概念;机器人概念;比亚迪概念;人形机器人;新能源汽车;长安汽车概念;深股通;融资融券,33,8,002488.SZ,002488
创新药;融资融券,17,2,688373.SH,688373
智慧政务;网络安全;DeepSeek概念;东数西算(算力);军工信息化;车联网(车路协同);养老概念;创投;新型城镇化;数据中心;无人机;5G;军工;AI应用;一带一路,33,15,300597.SZ,300597
跨境电商;乡村振兴;移动支付;时空大数据;数据要素;数字货币;互联网金融;数字乡村;车联网(车路协同);安防;人工智能;数据安全;数字经济;智能物流;智慧政务;国资云;云计算;国企改革;卫星导航;碳中和;央企国企改革;数据中心,17,22,600476.SH,600476
钠离子电池;新型烟草(电子烟);两轮车;固态电池;智能穿戴;AI眼镜;消费电子概念;锂电池概念;小米概念;比亚迪概念;新能源汽车;机器人概念;人民币贬值受益;储能;动力电池回收;AI PC;粤港澳大湾区;2025年报预增;人形机器人;回购增持再贷款概念;数据中心;人工智能;深股通,33,23,001283.SZ,001283
民营医院;医疗器械概念;医美概念;细胞免疫治疗;回购增持再贷款概念;幽门螺杆菌概念;创新药;融资融券,17,8,603222.SH,603222
专精特新;机器人概念;2025年报预增;机器视觉,33,4,300509.SZ,300509
医疗器械概念;细胞免疫治疗;智能医疗;家庭医生;横琴新区;PPP概念;人工智能;DeepSeek概念;数据要素;粤港澳大湾区;云计算;国企改革,33,12,300030.SZ,300030
新型城镇化;低空经济;旅游概念;乡村振兴;智慧城市;空间计算;粤港澳大湾区;一带一路;人工智能;时空大数据;算力租赁;数据要素;AI应用;融资融券,33,14,300989.SZ,300989
智能穿戴;IP经济(谷子经济);AI眼镜;小米概念;消费电子概念;深股通;融资融券,33,7,301101.SZ,301101
太赫兹;国产航母;光伏概念;6G概念;卫星导航;军工;军民融合;碳纤维;军工信息化;无人机;数据中心;氢能源;低空经济;储能;燃料电池;智能电网;华为概念;机器人概念;电力物联网;一带一路;虚拟现实;创投;腾讯概念;AI智能体;区块链;智能医疗;IP经济(谷子经济);沪股通;融资融券,17,29,600590.SH,600590
文化传媒概念;AIGC概念;元宇宙;数据要素;IP经济(谷子经济);网红经济;人工智能;数字经济;三胎概念;AI应用;深股通;融资融券,33,12,301052.SZ,301052
IP经济(谷子经济);跨境电商;旅游概念;养老概念;低空经济;国企改革,17,6,600250.SH,600250
股权转让(并购重组);地下管网;国资云;财税数字化;智慧城市;时空大数据;核污染防治;安防;天然气;京津冀一体化;腾讯概念;水利;人工智能;DeepSeek概念;AI智能体;低空经济;ChatGPT概念;物联网;云计算;无人机;网络安全;机器人概念;华为概念;央企国企改革;高端装备;一带一路;国企改革;传感器;芯片概念;深股通,33,30,300523.SZ,300523
民营医院;流感;医药电商;眼科医疗;黑龙江自贸区;冷链物流;医疗器械概念;宠物经济;沪股通,17,9,600829.SH,600829
光刻胶;柔性屏(折叠屏);芯片概念;新能源汽车;装配式建筑;一带一路;国企改革;雄安新区;深股通;融资融券,33,10,000859.SZ,000859
特高压;固态电池,33,2,001207.SZ,001207
金属钴;ST板块;小金属概念;金属铜;金属镍;锂电池概念;智能电网;充电桩;电力物联网;储能;光伏概念;比亚迪概念;新能源汽车;区块链,33,14,300477.SZ,300477
中俄贸易概念;国企改革;氢能源;燃料电池;回购增持再贷款概念;人民币贬值受益;新能源汽车;无人驾驶;汽车电子;车联网(车路协同);人工智能;深股通;融资融券,33,13,000957.SZ,000957
足球概念;体育产业;2025年报预增,33,3,300651.SZ,300651
智能家居;MiniLED;MicroLED概念;汽车电子;电子纸;消费电子概念;传感器;粤港澳大湾区;小米概念;智能座舱;虚拟现实;比亚迪概念;2025年报预增,33,13,300241.SZ,300241
储能;智能家居;机器人概念;一带一路;人民币贬值受益;苹果概念;安防;消费电子概念;智能穿戴;无线充电;无线耳机;宠物经济;锂电池概念;第三代半导体,33,14,300787.SZ,300787
风电;智能电网;充电桩;核电;新能源汽车;宁德时代概念;机器人概念;数据中心;物联网;数字经济;职业教育;深股通;融资融券,33,13,002441.SZ,002441
创新药;西部大开发;沪股通;融资融券,17,4,688302.SH,688302
粤港澳大湾区;人民币贬值受益;智能物流;机器人概念;中俄贸易概念;数据中心;人工智能;一带一路;消费电子概念;电子竞技;芯片概念;融资融券,33,12,301503.SZ,301503
IP经济(谷子经济);参股券商;家用电器;西部大开发;沪股通,17,5,601086.SH,601086
可降解塑料;跨境电商;冷链物流;工业互联网,33,4,003003.SZ,003003
军工;碳交易;碳中和;区块链;人工智能;数据要素;国企改革;新型城镇化;融资融券,151,9,920039.BJ,920039
ST板块;机器人概念;新型城镇化;新能源汽车;PPP概念;储能;装配式建筑;传感器;汽车芯片;股权转让(并购重组),22,10,603007.SH,603007
消毒剂;可降解塑料;锂电池概念;专精特新;共同富裕示范区;融资融券,33,6,301212.SZ,301212
时空大数据;华为鲲鹏;智慧政务;Web3.0;信创;网络安全;AI智能体;数据要素;AIGC概念;鸿蒙概念;在线教育;虚拟数字人;元宇宙;数字经济;智慧城市;DeepSeek概念;卫星导航;算力租赁;人工智能;数字孪生;东数西算(算力);虚拟现实;华为概念;低空经济;物联网;军工;京津冀一体化;食品安全;数据中心;5G;机器人概念;MCU芯片;芯片概念;乡村振兴;智能电网;共封装光学(CPO);深股通;融资融券,33,38,300287.SZ,300287
医药电商;流感;幽门螺杆菌概念;仿制药一致性评价;肝炎概念;创新药;农业种植;参股银行;融资融券,33,9,002412.SZ,002412
钠离子电池;氟化工概念;固态电池;PVDF概念;动力电池回收;锂电池概念;硅能源;储能;特斯拉概念;比亚迪概念;新能源汽车;中芯国际概念;回购增持再贷款概念;存储芯片;第三代半导体;芯片概念;工业互联网;融资融券;深股通;创投;数字孪生;独角兽概念,33,22,002407.SZ,002407
人形机器人;华为汽车;PEEK材料;工业母机;长安汽车概念;智能座舱;机器人概念;特斯拉概念;比亚迪概念;汽车电子;新能源汽车;低空经济;工业互联网;深股通;融资融券,33,15,300100.SZ,300100
脑机接口;AI应用;医疗器械概念;养老概念;DeepSeek概念;京津冀一体化;工业大麻;三胎概念;专精特新;消毒剂;合成生物;智能物流;新型工业化;深股通,33,14,300430.SZ,300430
BC电池;HJT电池;TOPCON电池;OLED;液冷服务器;光伏概念;芯片概念;5G;汽车电子;专精特新;商业航天;卫星导航;沪股通;融资融券,17,14,688503.SH,688503
氢能源;风电;数据中心;军民融合;储能;新能源汽车;燃料电池;海工装备;融资融券;专精特新;液冷服务器;充电桩,151,12,920662.BJ,920662
ST板块;拼多多概念;小红书概念;抖音概念(字节概念);人工智能;苹果概念;小米概念;DeepSeek概念;AI智能体;百度概念,22,10,600228.SH,600228
脑机接口;医疗器械概念;人形机器人;传感器;新型工业化;机器视觉;机器人概念;专精特新;人工智能;低空经济;华为概念;无人机;ChatGPT概念;多模态AI;腾讯概念;智能电网;AIGC概念;充电桩;沪股通,17,19,603666.SH,603666
养老概念;智能医疗;阿里巴巴概念;跨境电商;宠物经济;人民币贬值受益;融资融券;医疗器械概念,151,8,920278.BJ,920278
减肥药;创新药;CRO概念;肝炎概念;流感;辅助生殖;合成生物;ST板块;AI应用;智能医疗;专精特新;人民币贬值受益,22,12,688076.SH,688076
人工智能;AI应用;专精特新;东数西算(算力);跨境电商;AI智能体;量子科技;储能;英伟达概念;融资融券,33,10,301077.SZ,301077
福建自贸区;海峡两岸;储能;IP经济(谷子经济);新能源汽车;抖音概念(字节概念);深股通,33,7,002752.SZ,002752
量子科技;高端装备;风电;融资融券;芯片概念;军工;机器人概念;光伏概念;专精特新;硅能源;第三代半导体;海工装备;新型工业化;核电;工业母机,151,15,920570.BJ,920570
先进封装;芯片概念;MiniLED;人形机器人;商业航天;机器人概念;锂电池概念;华为概念;沪股通;融资融券,17,10,688383.SH,688383
新型工业化;人形机器人;机器人概念;机器视觉;2025年报预增;沪股通,17,6,603901.SH,603901
算力租赁;云计算;东数西算(算力);信创;网络安全;智慧政务;数字乡村;阿里巴巴概念;腾讯概念;百度概念;区块链;抖音概念(字节概念);DeepSeek概念;数字经济;数据确权;华为概念;智慧城市;数据中心;互联网金融;车联网(车路协同);时空大数据;独角兽概念;安防;物联网;ETC;5G;文化传媒概念;液冷服务器;网红经济;水利;一带一路;西部大开发;新疆振兴;AI应用;深股通,33,35,300603.SZ,300603
一体化压铸;新能源汽车;人民币贬值受益;动力电池回收;锂电池概念;宁德时代概念;融资融券,17,7,603335.SH,603335
无人驾驶;电子竞技;车联网(车路协同);消费电子概念;汽车电子;融资融券;智能家居;一带一路;智能穿戴;储能;新能源汽车,151,11,920212.BJ,920212
脑机接口;人形机器人;机器人概念;无人驾驶;芯片概念;长安汽车概念;专精特新;新能源汽车;深股通,33,9,300652.SZ,300652
新型城镇化;地下管网;有机硅概念;光伏建筑一体化;农业种植;高铁;一带一路;水利;新能源汽车;风电;光伏概念;专精特新;核电;股权转让(并购重组),33,14,300665.SZ,300665
脑机接口;高压氧舱;智能医疗;AI智能体;人工智能;DeepSeek概念;养老概念;医疗器械概念;医美概念;民营医院;物联网;创投;机器人概念;AI应用;融资融券;深股通,33,16,300143.SZ,300143
海南自贸区;白酒概念;跨境电商;ST板块;养老概念;国企改革;专精特新,22,7,600238.SH,600238
一体化压铸;小米汽车;新能源汽车;长三角一体化;比亚迪概念;宁德时代概念,17,6,603917.SH,603917
DRG/DIP;家庭医生;AI智能体;数据要素;阿里巴巴概念;云计算;智慧政务;华为鲲鹏;蚂蚁集团概念;华为昇腾;区块链;鸿蒙概念;数据安全;信创;智能医疗;DeepSeek概念;网络安全;人工智能;数字乡村;数字经济;人脸识别;移动支付;智慧城市;军工信息化;养老概念;AI应用;食品安全;华为概念;安防;物联网;军民融合;数据中心;机器视觉;军工;乡村振兴;西部大开发;国企改革;新疆振兴;深股通,33,39,002777.SZ,002777
数字水印;算力租赁;智谱AI;短剧游戏;华为昇腾;虚拟数字人;快手概念;腾讯概念;阿里巴巴概念;多模态AI;文化传媒概念;元宇宙;鸿蒙概念;数据要素;东数西算(算力);虚拟现实;DeepSeek概念;IP经济(谷子经济);数字经济;智能音箱;WiFi 6;数据中心;6G概念;5G;低空经济;F5G概念;无人机;智能家居;芯片概念;机器人概念;人形机器人;共封装光学(CPO);储能,33,33,300571.SZ,300571
禽流感;流感;生物疫苗;肝炎概念;深股通;融资融券,33,6,301207.SZ,301207
烟草;工业互联网;融资融券,33,3,300883.SZ,300883
固态电池;小金属概念;宁德时代概念;锂电池概念;储能;新能源汽车;存储芯片;中芯国际概念;芯片概念;华为概念;医疗器械概念;融资融券;深股通,33,13,300390.SZ,300390
钙钛矿电池;光伏建筑一体化;光伏概念;建筑节能;一带一路;特斯拉概念;融资融券;沪股通,17,8,600586.SH,600586
存储芯片;先进封装;OLED;芯片概念;专精特新;人民币贬值受益;沪股通;融资融券,17,8,688403.SH,688403
阿里巴巴概念;物联网;毫米波雷达;融资融券;星闪概念;传感器;机器人概念;专精特新;人民币贬值受益,151,9,920374.BJ,920374
5G;富士康概念;PCB概念;数据中心;汽车电子;华为概念;毫米波雷达;新型工业化;比亚迪概念;6G概念;粤港澳大湾区;机器人概念;专精特新;无人机;工业互联网;创投;腾讯概念;信创;职业教育;百度概念;军工;虚拟电厂;商业航天;中俄贸易概念;特高压;智能医疗;柔性直流输电;融资融券,33,28,301041.SZ,301041
POE胶膜;光伏概念;可降解塑料;一带一路;专精特新;融资融券,33,6,301100.SZ,301100
创投,33,1,002687.SZ,002687
福建自贸区;海峡两岸;新型城镇化;新疆振兴;房屋检测;水利;国企改革;智慧城市;人工智能,17,9,603909.SH,603909
可降解塑料;人民币贬值受益;乡村振兴;跨境电商;沪股通;融资融券,17,6,603091.SH,603091
装配式建筑;雄安新区;智能家居,17,3,603385.SH,603385
CRO概念;创新药;减肥药;深股通;融资融券,33,5,301393.SZ,301393
芯片概念;汽车电子;传感器;2025年报预增,33,4,003026.SZ,003026
上海自贸区;沪股通;融资融券,17,3,603885.SH,603885
充电桩;光伏概念;专精特新;传感器;物联网;融资融券,33,6,301388.SZ,301388
露营经济;共同富裕示范区;跨境电商;体育产业;一带一路;融资融券,17,6,603908.SH,603908
减速器;人形机器人;新型工业化;机器视觉;机器人概念;工业互联网;新能源汽车;富士康概念;华为概念;人工智能;专精特新;光伏概念;氢能源;国企改革;沪股通;融资融券,17,16,688165.SH,688165
互联网金融;无人零售;信创;智慧城市;云计算;京津冀一体化;华为概念;机器人概念;雄安新区;算力租赁;国企改革;数据中心;风电;股权转让(并购重组);深股通;摘帽,33,16,300368.SZ,300368
华为盘古;AIGC概念;AI智能体;智能医疗;DeepSeek概念;人工智能;华为概念;创投;医疗器械概念;AI应用;猴痘概念;幽门螺杆菌概念;国企改革;沪股通;融资融券,17,15,603108.SH,603108
抖音概念(字节概念);腾讯概念;阿里巴巴概念;智慧政务;云计算;数据要素;网络安全;数字经济;东数西算(算力);互联网保险;华为概念;AI应用;融资融券;深股通;股权转让(并购重组),33,15,300061.SZ,300061
智能电网;高端装备;生物质能发电;股权转让(并购重组);华为概念;传感器;国企改革;人工智能,33,8,300277.SZ,300277
AIGC概念;信创;智慧政务;鸿蒙概念;DeepSeek概念;人工智能;福建自贸区;人民币贬值受益;AI应用;沪股通;融资融券,17,11,688095.SH,688095
上海国企改革;上海自贸区;智能物流;统一大市场;国企改革;数据要素;融资融券,17,7,600822.SH,600822
光伏概念;芯片概念;MiniLED;锂电池概念;机器人概念;2025年报预增;AI眼镜;PCB概念;机器视觉;基因测序;融资融券,17,11,688610.SH,688610
信创;财税数字化;云计算;多模态AI;阿里巴巴概念;ChatGPT概念;AI智能体;车联网(车路协同);智能音箱;百度概念;数据要素;AIGC概念;抖音概念(字节概念);虚拟现实;华为海思概念股;人工智能;华为概念;物联网;数字经济;5G;DeepSeek概念;互联网金融;机器视觉;智能穿戴;小米概念;小红书概念;芯片概念;智能医疗;小米汽车;AI应用;股权转让(并购重组);深股通;融资融券,33,33,301316.SZ,301316
国企改革;专精特新;融资融券;OLED;虚拟现实;AI眼镜,151,6,920001.BJ,920001
碳纤维;高端装备;军民融合;军工;无人机;核电;储能;污水处理;机器人概念;碳交易;传感器;国企改革;物联网;数据中心;锂电池概念;固态电池;芯片概念;钠离子电池;融资融券,33,19,002598.SZ,002598
脑机接口;血氧仪;语音技术;智能音箱;星闪概念;空间计算;无线耳机;智能穿戴;AI眼镜;虚拟现实;鸿蒙概念;元宇宙;人工智能;阿里巴巴概念;小米概念;华为概念;医疗器械概念;车联网(车路协同);消费电子概念;智能家居;机器视觉;芯片概念;汽车电子;无人机;苹果概念;机器人概念;新型工业化;人民币贬值受益;换电概念;储能;一带一路;深股通,33,32,300793.SZ,300793
网红经济;C2M概念;中韩自贸区;IP经济(谷子经济);三胎概念;毛发医疗;虚拟数字人;牙科医疗;医美概念;民营医院;医疗器械概念;2025年报预增;融资融券;深股通,33,14,002612.SZ,002612
成飞概念;大飞机;军民融合;无人机;军工;低空经济;3D打印;量子科技;新型工业化;粤港澳大湾区;富士康概念;新能源汽车;机器视觉;华为概念;医美概念;比亚迪概念;苹果概念;5G;PCB概念;光纤概念;宁德时代概念;股权转让(并购重组),33,22,300227.SZ,300227
医疗器械概念;PM2.5;融资融券,151,3,920802.BJ,920802
ST板块;职业教育;虚拟电厂;在线教育;储能;百度概念;元宇宙;虚拟数字人;ChatGPT概念;钠离子电池,33,10,300338.SZ,300338
卫星导航;低空经济;无线充电;无人机;机器人概念;消费电子概念;AI眼镜;粤港澳大湾区;铜缆高速连接;融资融券,33,10,301067.SZ,301067
网红经济;乳业;三胎概念;啤酒概念;融资融券,33,5,300892.SZ,300892
CRO概念;创新药;智能医疗;人工智能;人民币贬值受益;融资融券;深股通,33,7,300759.SZ,300759
人形机器人;专精特新;机器人概念;减速器;3D打印;医疗器械概念;融资融券,151,7,920593.BJ,920593
文化传媒概念;云计算;算力租赁;数字乡村;旅游概念;DeepSeek概念;人工智能;东数西算(算力);华为概念;智能家居;智能医疗;物联网;5G;数据中心;国企改革;西部大开发;沪股通;融资融券,17,18,600996.SH,600996
新能源汽车;人民币贬值受益;储能;水利;鸿蒙概念,17,5,605259.SH,605259
互联网金融;华为鲲鹏;鸿蒙概念;区块链;信创;AI智能体;DeepSeek概念;腾讯概念;华为概念;福建自贸区;海峡两岸;AI应用;融资融券;沪股通,17,14,603383.SH,603383
医疗器械概念;养老概念;粤港澳大湾区;人民币贬值受益;独角兽概念,33,5,002551.SZ,002551
核电;抽水蓄能;超超临界发电;锂电池概念;宁德时代概念;特钢概念;军工;中俄贸易概念;石墨电极;专精特新;东数西算(算力);算力租赁;俄乌冲突概念,17,13,603315.SH,603315
家用电器;智能家居;物联网;消费电子概念;小米概念;新型工业化;华为概念;星闪概念;人脸识别;鸿蒙概念;融资融券,33,11,301578.SZ,301578
智慧城市;低空经济;物联网;专精特新;长安汽车概念;传感器;西部大开发;汽车电子;股权转让(并购重组);融资融券,17,10,688528.SH,688528
建筑节能;高端装备;京津冀一体化;机器人概念;智能电网;水泥概念;国企改革,33,7,000856.SZ,000856
传感器;毫米波雷达;机器人概念;一带一路;新能源汽车;汽车拆解概念;融资融券;特斯拉概念;跨境电商;无人驾驶;人民币贬值受益;汽车电子,151,12,920242.BJ,920242
盐湖提锂;小金属概念;固态电池;锂电池概念;宁德时代概念;比亚迪概念;回购增持再贷款概念;西部大开发;深股通;融资融券,33,10,002240.SZ,002240
统一大市场;长三角一体化;新疆振兴;国企改革;一带一路;自由贸易港;上海自贸区;融资融券,17,8,603329.SH,603329
ST板块;互联网金融;人民币贬值受益,22,3,600599.SH,600599
三胎概念;跨境电商;共同富裕示范区;IP经济(谷子经济);长三角一体化;互联网金融;绿色电力;人民币贬值受益;光伏概念;石墨烯,33,10,002404.SZ,002404
预制菜;冷链物流;宠物经济;2025年报预增;深股通;融资融券,33,6,002695.SZ,002695
卫星导航;EDR概念;人脸识别;车联网(车路协同);ERP概念;网约车;人工智能;物联网;数据要素;东数西算(算力);华为概念;移动支付;AI智能体;无人驾驶;智能座舱;百度概念;智能穿戴;充电桩;比亚迪概念;数据中心;新能源汽车;智能物流;高压快充;雄安新区;冷链物流;乡村振兴,33,26,300807.SZ,300807
金属回收;动力电池回收;广东自贸区;锂电池概念;金属铅;物业管理;粤港澳大湾区;创投;互联网金融,33,9,000573.SZ,000573
禽流感;猴痘概念;流感;肝炎概念;幽门螺杆菌概念;仿制药一致性评价;减肥药;创新药;辅助生殖;医药电商;眼科医疗;维生素;NMN概念;医疗器械概念;智能医疗;养老概念;粤港澳大湾区;数字经济;深股通;融资融券,33,20,002317.SZ,002317
数字水印;Web3.0;电子身份证;数据确权;智慧政务;华为盘古;华为鲲鹏;智谱AI;数据要素;虚拟数字人;网络安全;数据安全;AI智能体;信创;云计算;数字乡村;区块链;蚂蚁集团概念;华为昇腾;百度概念;数字经济;鸿蒙概念;阿里巴巴概念;智慧城市;人脸识别;DeepSeek概念;人工智能;算力租赁;车联网(车路协同);房屋检测;军工;东数西算(算力);华为概念;智能医疗;智慧灯杆;物联网;海峡两岸;水利;乡村振兴;PPP概念;无人驾驶;AI应用;沪股通;融资融券,17,44,603636.SH,603636
比亚迪概念;新型工业化;传感器;新能源汽车;专精特新;飞行汽车(eVTOL);人形机器人;粤港澳大湾区;低空经济;智能物流;燃料电池;高压快充;数字孪生;创投;锂电池概念;MCU芯片;2025年报预增;融资融券,33,18,300484.SZ,300484
人民币贬值受益;融资融券;跨境电商,151,3,920765.BJ,920765
2025年报预增;人工智能;AI智能体;鸿蒙概念;融资融券;卫星导航;时空大数据;数字乡村;数据要素;空间计算;互联网保险;互联网金融;数据确权;数字经济;乡村振兴;DeepSeek概念,151,16,920184.BJ,920184
染料;煤化工概念;航运概念;化肥;光伏概念,33,5,001217.SZ,001217
高端装备;储能;新型工业化;食品安全;机器人概念;机器视觉;数字孪生;金属回收;人工智能;股权转让(并购重组),17,10,603656.SH,603656
IP经济(谷子经济);文化传媒概念;虚拟数字人;在线教育;云办公;AI应用;腾讯概念;智慧政务;百度概念;跨境电商;数字经济;DeepSeek概念;人工智能;信创;医疗器械概念;华为概念;智能物流;粤港澳大湾区;AI眼镜;深股通;融资融券,33,21,002301.SZ,002301
智能家居;家用电器;阿里巴巴概念;沪股通,17,4,603848.SH,603848
华为昇腾;华为鲲鹏;网络安全;数字货币;信创;数据安全;量子科技;财税数字化;ERP概念;鸿蒙概念;区块链;数字乡村;AI智能体;智慧城市;数据要素;互联网金融;跨境支付(CIPS);阿里巴巴概念;数字经济;腾讯概念;AIGC概念;人工智能;DeepSeek概念;虚拟数字人;华为概念;物联网;NFT概念;5G;碳中和;深股通;AI应用;融资融券,33,32,000555.SZ,000555
无人机;海工装备;3D打印;小金属概念;专精特新;消费电子概念;商业航天;新股与次新股;融资融券,151,9,920068.BJ,920068
钙钛矿电池;军工;小米汽车;长安汽车概念;传感器;减速器;比亚迪概念;专精特新;机器人概念;小米概念;汽车电子;新能源汽车;锂电池概念,33,13,300585.SZ,300585
钙钛矿电池;储能;专精特新;西部大开发;数据中心;超级电容;风电;动力电池回收;融资融券,151,9,920152.BJ,920152
商业航天;航空发动机;军民融合;低空经济;减速器;3D打印;军工;工业母机;新型工业化;机器视觉;农机;工业互联网;机器人概念;专精特新;AIGC概念;比亚迪概念;物联网;新能源汽车;云计算;跨境电商;西部大开发;中俄贸易概念,33,22,300780.SZ,300780
租售同权;养老概念;互联网金融;数据要素;文化传媒概念;AI智能体;DeepSeek概念;人工智能;AI应用,33,9,300295.SZ,300295
硅能源;光伏概念;芯片概念;西部大开发;深股通,33,5,001269.SZ,001269
算力租赁;云计算;东数西算(算力);AI智能体;数据要素;AIGC概念;数据确权;DeepSeek概念;Sora概念(文生视频);人工智能;蚂蚁集团概念;高端装备;比亚迪概念;OLED;黑龙江自贸区;新疆振兴;沪股通,17,17,600666.SH,600666
低空经济;染料;飞行汽车(eVTOL);京津冀一体化;雄安新区;深股通,33,6,300107.SZ,300107
算力租赁;东数西算(算力);水利;国资云;数据中心;区块链;腾讯概念;PPP概念;阿里巴巴概念;国企改革;装配式建筑;低空经济;新型城镇化;百度概念;房屋检测;参股券商;沪股通;融资融券,17,18,601789.SH,601789
短剧游戏;文化传媒概念;虚拟数字人;IP经济(谷子经济);AIGC概念;抖音概念(字节概念);多模态AI;腾讯概念;AI智能体;阿里巴巴概念;智慧政务;数字乡村;算力租赁;DeepSeek概念;网络安全;旅游概念;人工智能;信创;虚拟现实;数字经济;智慧城市;东数西算(算力);AI应用;养老概念;车联网(车路协同);物联网;智能音箱;乡村振兴;智能家居;5G;机器人概念;国企改革;深股通;融资融券,33,34,000156.SZ,000156
宁德时代概念;石墨电极;锂电池概念;储能;专精特新;回购增持再贷款概念;京津冀一体化;深股通,33,8,001301.SZ,001301
网络安全;数据安全;信创;国产操作系统;智慧政务;云计算;数据要素;车联网(车路协同);华为鲲鹏;AI智能体;东数西算(算力);人工智能;数字孪生;多模态AI;ChatGPT概念;DeepSeek概念;财税数字化;数字经济;职业教育;华为概念;低空经济;无人机;工业互联网;智能医疗;数据中心;专精特新;粤港澳大湾区;深圳国企改革;国企改革;AI应用;融资融券,33,31,002912.SZ,002912
物业管理;养老概念;垃圾分类;长三角一体化;机器人概念;2025年报预增,17,6,603506.SH,603506
车联网(车路协同);低空经济;融资融券;机器人概念;国企改革;京津冀一体化;毫米波雷达;ETC;智慧城市;数据要素;新型城镇化;百度概念;机器视觉,151,13,920806.BJ,920806
新型工业化;富士康概念;苹果概念;高端装备;机器人概念;消费电子概念;锂电池概念;机器视觉;PCB概念;智能穿戴;虚拟现实;空间计算;人工智能;数字经济;融资融券,33,15,301512.SZ,301512
碳中和;中俄贸易概念;工业互联网;汽车热管理;传感器;机器人概念;新能源汽车;比亚迪概念;人形机器人;股权转让(并购重组);融资融券,33,11,300912.SZ,300912
创新药;医药电商;肝炎概念;减肥药;细胞免疫治疗;宠物经济;医美概念;合成生物;证金持股;智能医疗;医疗器械概念;冷链物流;人工智能;深股通;融资融券,33,15,000963.SZ,000963
人民币贬值受益;创投;国企改革;安防;物业管理;独角兽概念;股权转让(并购重组),17,7,600689.SH,600689
短剧游戏;文化传媒概念;AIGC概念;在线教育;IP经济(谷子经济);抖音概念(字节概念);腾讯概念;智慧政务;虚拟现实;旅游概念;数字乡村;人工智能;DeepSeek概念;数字经济;AI应用;人脸识别;东数西算(算力);语音技术;数字孪生;养老概念;宠物经济;国企改革;深股通;融资融券,33,24,301262.SZ,301262
海峡两岸;物业管理;车联网(车路协同);无人驾驶;新能源汽车;智慧城市;动力电池回收;充电桩;机器人概念;PPP概念;垃圾分类;中俄贸易概念;智慧政务;工业互联网;锂电池概念;华为概念;生物质能发电;氢能源;人工智能;固废处理;金属回收;沪股通;金属镍;融资融券,17,24,603686.SH,603686
共同富裕示范区;家用电器;中俄贸易概念;专精特新;新能源汽车;比亚迪概念;汽车电子;融资融券,33,8,301359.SZ,301359
科创次新股;存储芯片;芯片概念;注册制次新股;华为概念;2025年报预增;长三角一体化;新股与次新股;融资融券,17,9,688809.SH,688809
福建自贸区;海峡两岸;房屋检测;建筑节能;新型城镇化;光伏建筑一体化;地下管网;装配式建筑;数字经济;数字孪生;水利;ERP概念;人工智能;碳中和;医疗器械概念;水泥概念;3D打印;阿里巴巴概念;光伏概念;DeepSeek概念;高铁;AIGC概念;数据中心;AI智能体;华为鲲鹏;腾讯概念;数据安全;华为昇腾;一带一路;华为欧拉;机器人概念;储能;汽车电子;算力租赁;AI应用;创新药;新能源汽车;核电;风电,33,39,002398.SZ,002398
一体化压铸;减速器;机器人概念;军工;新能源汽车;比亚迪概念;特斯拉概念;绿色电力;储能;华为手机;5G;光伏概念;深股通;融资融券,33,14,002547.SZ,002547
新型城镇化;PPP概念;雄安新区;乡村振兴;土壤修复;旅游概念;国企改革;粤港澳大湾区;绿色电力;一带一路;雅下水电概念;创投;充电桩;储能;虚拟电厂,33,15,002775.SZ,002775
MLOps概念;华为欧拉;多模态AI;ChatGPT概念;AI智能体;鸿蒙概念;百度概念;中国AI 50;AIGC概念;元宇宙;阿里巴巴概念;国产操作系统;语音技术;虚拟数字人;车联网(车路协同);抖音概念(字节概念);腾讯概念;区块链;智能音箱;虚拟现实;人工智能;DeepSeek概念;AI手机;MR(混合现实);英伟达概念;华为概念;智能座舱;华为海思概念股;数字经济;机器视觉;独角兽概念;AI PC;物联网;智能穿戴;无人驾驶;低空经济;智能医疗;AI眼镜;无人机;小米概念;5G;传感器;机器人概念;新型工业化;消费电子概念;小米汽车;智能家居;比亚迪概念;长安汽车概念;华为汽车;智能物流;智能电网;回购增持再贷款概念;AI应用;深股通;融资融券,33,56,300496.SZ,300496
猴痘概念;基因测序;肝炎概念;流感;辅助生殖;创新药;智能医疗;医疗器械概念;DeepSeek概念;AI应用;上海自贸区;专精特新,33,12,300642.SZ,300642
PET铜箔;固态电池;宁德时代概念;钠离子电池;钙钛矿电池;HJT电池;比亚迪概念;锂电池概念;华为数字能源;消费电子概念;新型工业化;光伏概念;人形机器人;华为概念;储能;高端装备;机器人概念;物联网;燃料电池;数字孪生;人工智能;智能物流;氢能源;回购增持再贷款概念;沪股通;融资融券,17,26,688499.SH,688499
MCU芯片;汽车芯片;存储芯片;先进封装;第三代半导体;芯片概念;消费电子概念;传感器;专精特新;5G;粤港澳大湾区;融资融券,17,12,688216.SH,688216
AI语料;智谱AI;ChatGPT概念;AIGC概念;虚拟数字人;AI智能体;抖音概念(字节概念);数据安全;阿里巴巴概念;数字水印;中国AI 50;数据要素;百度概念;腾讯概念;DeepSeek概念;语音技术;人工智能;人脸识别;车联网(车路协同);华为概念;旅游概念;无人驾驶;小米概念;专精特新;人形机器人;沪股通;融资融券,17,27,688787.SH,688787
信创;职业教育;化债概念(AMC概念);人工智能;参股券商;DeepSeek概念;国企改革;创投;物业管理;在线教育;融资融券;AI应用;沪股通;股权转让(并购重组),17,14,600730.SH,600730
汽车电子;传感器;小米概念;新能源汽车;专精特新;储能;PM2.5;固态电池;锂电池概念;沪股通;融资融券,17,11,688665.SH,688665
智慧政务;财税数字化;数字货币;AI智能体;移动支付;云计算;数据要素;信创;网络安全;互联网金融;腾讯概念;数字乡村;数字经济;DeepSeek概念;人工智能;智慧城市;智能医疗;华为概念;中国AI 50;福建自贸区;海峡两岸;乡村振兴;机器人概念;AI应用;融资融券;深股通,33,26,300525.SZ,300525
硅能源;回购增持再贷款概念;国企改革;参股银行;融资融券,17,5,600293.SH,600293
水泥概念;物业管理;国企改革;共同富裕示范区;沪股通,17,5,600724.SH,600724
AI应用;ChatGPT概念;多模态AI;智能医疗;CRO概念;人工智能;创新药;流感;合成生物;医疗器械概念;2025年报预增;人民币贬值受益;融资融券,33,13,301230.SZ,301230
大飞机;航空发动机;商业航天;卫星导航;建筑节能;军工;地下管网;军民融合;水利;低空经济;风电;新型城镇化;虚拟电厂;华为数字能源;创投;污水处理;工业母机;固废处理;储能;医疗器械概念;国企改革;绿色电力;特色小镇;华为概念;芯片概念;净水概念;乡村振兴;参股银行;旅游概念;证金持股;冰雪产业;沪股通;融资融券,17,33,600736.SH,600736
鸿蒙概念;职业教育;数字经济;智慧政务;人工智能;DeepSeek概念;阿里巴巴概念;智慧城市;AI智能体;云计算;物联网;东数西算(算力);华为概念;卫星导航;智慧灯杆;工业互联网;智能家居;商业航天;新型工业化;数据中心;AI应用;5G;碳中和;充电桩;储能;沪股通,17,26,603206.SH,603206
CRO概念;细胞免疫治疗;创新药;2025年报预增;生物疫苗;基因测序;智能医疗;专精特新;融资融券;沪股通,17,10,603127.SH,603127
跨境电商;宠物经济;一带一路;股权转让(并购重组);融资融券,33,5,301335.SZ,301335
快手概念;智谱AI;算力租赁;云计算;腾讯概念;阿里巴巴概念;百度概念;网络安全;东数西算(算力);数据要素;DeepSeek概念;人工智能;数据中心;华为概念;芯片概念;粤港澳大湾区;光伏概念;一带一路;绿色电力;融资融券;深股通,33,21,300738.SZ,300738
职业教育;西部大开发;国企改革;鸿蒙概念,17,4,600455.SH,600455
脑机接口;养老概念;智能医疗;鸿蒙概念;人工智能;DeepSeek概念;虚拟现实;Web3.0;阿里巴巴概念;跨境电商;机器人概念;小米概念;专精特新;长三角一体化;人民币贬值受益;沪股通,17,16,603579.SH,603579
芯片概念;MCU芯片;高端装备;汽车芯片;机器人概念;小米概念;军工;物联网;人民币贬值受益;人形机器人;信创;鸿蒙概念;深股通;融资融券,33,14,002180.SZ,002180
物业管理;旅游概念;参股银行;参股保险;国企改革;互联网金融;股权转让(并购重组),33,7,000419.SZ,000419
人工智能;工业互联网;新型工业化;专精特新,33,4,002877.SZ,002877
华为汽车;小米汽车;无人驾驶;长安汽车概念;飞行汽车(eVTOL);两轮车;毫米波雷达;人形机器人;低空经济;比亚迪概念;车联网(车路协同);无线充电;汽车电子;新能源汽车;机器人概念;小米概念;军工;工业互联网;回购增持再贷款概念;独角兽概念;百度概念;绿色电力;融资融券;深股通,33,24,002590.SZ,002590
固态电池;POE胶膜;3D打印;锂电池概念;钙钛矿电池;光伏概念;专精特新;新股与次新股;融资融券,151,9,920056.BJ,920056
脑机接口;DRG/DIP;智能医疗;细胞免疫治疗;养老概念;生物疫苗;医疗器械概念;创新药;人工智能;鸿蒙概念;DeepSeek概念;信创;网络安全;数据安全;华为概念;医疗废物处理;固废处理;AI应用;沪股通,17,19,603716.SH,603716
人形机器人;工业母机;新型工业化;汽车电子;消费电子概念;MCU芯片;海峡两岸;无人机;机器人概念;福建自贸区;新能源汽车;物联网;芯片概念;存储芯片;智能家居;工业互联网;储能;数字经济,17,18,603933.SH,603933
烟草;医疗器械概念;回购增持再贷款概念;食品安全;参股银行;融资融券,33,6,301469.SZ,301469
AI智能体;云计算;数据要素;鸿蒙概念;量子科技;人工智能;DeepSeek概念;智慧城市;星闪概念;华为概念;物联网;传感器;芯片概念;AI应用;储能;氢能源;绿色电力;深股通;融资融券,33,19,300349.SZ,300349
数字货币;跨境支付(CIPS);军工信息化;互联网金融;财税数字化;军民融合;智慧城市;信创;华为鲲鹏;鸿蒙概念;数据要素;网络安全;区块链;华为欧拉;华为昇腾;商业航天;低空经济;云计算;Web3.0;DeepSeek概念;百度概念;人工智能;元宇宙;军工;虚拟数字人;NFT概念;华为概念;同花顺新质50;数据中心;华为海思概念股;一带一路;AI应用;深股通;股权转让(并购重组),33,34,300542.SZ,300542
数字乡村;乡村振兴;股权转让(并购重组);物联网;融资融券;水利;专精特新;农机;国企改革,151,9,920964.BJ,920964
脑机接口;多模态AI;AIGC概念;信创;数据安全;华为鲲鹏;AI智能体;智能医疗;阿里巴巴概念;智慧政务;数据要素;网络安全;人工智能;DeepSeek概念;人脸识别;数字经济;智慧城市;安防;华为概念;物联网;智能穿戴;低空经济;机器视觉;医疗器械概念;数据中心;工业互联网;无人驾驶;军工;新型工业化;机器人概念;专精特新;新型烟草(电子烟);烟草;比亚迪概念;西部大开发;国企改革;锂电池概念;AI应用;融资融券;深股通;中字头股票,33,41,300678.SZ,300678
2025年报预增;脑机接口;电子竞技;云游戏;网络游戏;手机游戏;共同富裕示范区;算力租赁;腾讯概念;IP经济(谷子经济);NFT概念;虚拟现实;元宇宙;东数西算(算力);长三角一体化;虚拟数字人;人工智能;人民币贬值受益;AI应用;数据安全;数据中心;AIGC概念;比亚迪概念;DeepSeek概念;新能源汽车;华为概念;同花顺出海50;深股通;融资融券;摘帽,33,30,002602.SZ,002602
锂电池概念;氢能源;西部大开发;网络游戏;手机游戏;网红经济;融资融券,33,7,300518.SZ,300518
智能穿戴;融资融券;安防;锂电池概念;固态电池;专精特新;人民币贬值受益;AI PC,151,8,920237.BJ,920237
固态电池;锂电池概念;仿制药一致性评价;创新药;辅助生殖;肝炎概念;猴痘概念;幽门螺杆菌概念;深股通,33,9,300584.SZ,300584
可降解塑料;跨境电商;一带一路;养老概念;人民币贬值受益;智能家居;工业互联网;鸿蒙概念,17,8,603600.SH,603600
减速器;农机;机器人概念;人民币贬值受益;乡村振兴;跨境电商;氢能源;物联网;锂电池概念;储能;深股通;股权转让(并购重组);融资融券,33,13,300879.SZ,300879
幽门螺杆菌概念;流感;深股通;股权转让(并购重组),33,4,300111.SZ,300111
IP经济(谷子经济);文化传媒概念;知识产权保护;华为概念,17,4,603096.SH,603096
固态电池;可降解塑料;专精特新;合成生物,17,4,603217.SH,603217
高压快充;无线充电;充电桩;储能;氢能源;汽车电子;燃料电池;新能源汽车;比亚迪概念;小米汽车;华为汽车;长安汽车概念;机器人概念;融资融券,33,14,300745.SZ,300745
数据要素;多模态AI;ERP概念;人工智能;华为鲲鹏;AI智能体;人脸识别;数字孪生;数据安全;AI应用;华为欧拉;智慧城市;DeepSeek概念;智慧政务;信创;数字经济;车联网(车路协同);语音技术;安防;华为概念;机器视觉;股权转让(并购重组);融资融券,17,23,688038.SH,688038
数字水印;数字孪生;工业互联网;烟草;DeepSeek概念;人工智能;ChatGPT概念;AIGC概念;物联网;共同富裕示范区;光伏概念;钙钛矿电池;锂电池概念,17,13,603687.SH,603687
Sora概念(文生视频);短剧游戏;AI语料;快手概念;知识产权保护;文化传媒概念;AIGC概念;智谱AI;虚拟数字人;NFT概念;ChatGPT概念;多模态AI;Web3.0;抖音概念(字节概念);数据确权;在线教育;AI智能体;阿里巴巴概念;腾讯概念;百度概念;元宇宙;数据要素;IP经济(谷子经济);鸿蒙概念;区块链;AI应用;数字乡村;职业教育;DeepSeek概念;虚拟现实;人工智能;数字经济;华为概念;京津冀一体化;乡村振兴;同花顺出海50;深股通;融资融券,33,38,300364.SZ,300364
F5G概念;铜缆高速连接;液冷服务器;5G;数据中心;消费电子概念;汽车电子;东数西算(算力);华为概念;储能;充电桩;新能源汽车;光伏概念;机器人概念;融资融券;沪股通,17,16,605277.SH,605277
比亚迪概念;融资融券;新能源汽车;芯片概念;光伏概念;MR(混合现实);消费电子概念;机器人概念;AI眼镜;专精特新;机器视觉;富士康概念;特斯拉概念;苹果概念,151,14,920026.BJ,920026
5G;特斯拉概念;PEEK材料;小米概念;华为概念;专精特新;新能源汽车;军工;比亚迪概念;机器人概念;锂电池概念;可降解塑料;钛白粉概念;预制菜;股权转让(并购重组);融资融券;深股通,33,17,002838.SZ,002838
流感;合成生物;仿制药一致性评价;创新药;幽门螺杆菌概念;CRO概念;深股通;融资融券,33,8,301277.SZ,301277
光刻机;芯片概念;上海自贸区;新能源汽车;创投;蚂蚁集团概念;数字乡村;新型城镇化;租售同权;国企改革;参股券商;乡村振兴;物业管理;证金持股;沪股通;融资融券,17,16,600895.SH,600895
国企改革;新能源汽车;工业互联网;光伏概念;机器人概念;比亚迪概念;智能家居;汽车电子;金属回收;深股通,33,10,002676.SZ,002676
网约车;EDR概念;车联网(车路协同);时空大数据;人脸识别;低空经济;长安汽车概念;无人驾驶;无人机;智能座舱;参股银行;鸿蒙概念;数据要素;人工智能;粤港澳大湾区;汽车电子;百度概念;新能源汽车;比亚迪概念;东数西算(算力);算力租赁;5G;融资融券,33,23,002355.SZ,002355
互联网金融;区块链;百度概念;腾讯概念;阿里巴巴概念;华为概念;抖音概念(字节概念);5G;摘帽,33,9,000889.SZ,000889
石墨电极;氢能源;融资融券;光伏概念;TOPCON电池;HJT电池;换电概念;储能,151,8,920985.BJ,920985
抖音概念(字节概念);中国AI 50;算力租赁;东数西算(算力);数据中心;京津冀一体化;液冷服务器;机器人概念;2025年报预增;回购增持再贷款概念;融资融券;深股通,33,12,300442.SZ,300442
钠离子电池;固态电池;宁德时代概念;锂电池概念;PCB概念;染料;可降解塑料;消毒剂;燃料电池;芯片概念;专精特新;储能;氢能源;深股通;融资融券,33,15,300586.SZ,300586
钙钛矿电池;HJT电池;光伏概念;商业航天;光伏建筑一体化;风电;海工装备;储能;高端装备;阿里巴巴概念;人工智能;芯片概念;氢能源;绿色电力;粤港澳大湾区;2025年报预增;融资融券;沪股通,17,18,601615.SH,601615
物联网;粤港澳大湾区;充电桩;储能;智能家居;一带一路;人民币贬值受益;融资融券,33,8,001326.SZ,001326
眼科医疗;医药电商;基因测序;医疗器械概念;消毒剂;西部大开发;智慧城市,17,7,600538.SH,600538
辅助生殖;细胞免疫治疗;基因测序;医美概念;养老概念;冷链物流;净水概念;独角兽概念;数据要素;家用电器;人民币贬值受益;机器人概念,33,12,300272.SZ,300272
宁德时代概念;消费电子概念;融资融券;比亚迪概念;固态电池;锂电池概念,151,6,920779.BJ,920779
乳业;新疆振兴;西部大开发,33,3,002719.SZ,002719
人民币贬值受益;工业互联网;融资融券,33,3,301222.SZ,301222
商业航天;卫星导航;5G;光纤概念;海峡两岸;消费电子概念;光伏概念;新能源汽车;储能;融资融券,33,10,301329.SZ,301329
流感;医药电商;维生素;创新药;仿制药一致性评价;医疗器械概念;冷链物流;粤港澳大湾区;深股通;融资融券,33,10,000078.SZ,000078
一带一路;稀土永磁;乡村振兴;芯片概念;第三代半导体;粤港澳大湾区;融资融券,151,7,920807.BJ,920807
两轮车;换电概念;无人驾驶;智能座舱;新能源汽车;车联网(车路协同);西部大开发;参股银行;独角兽概念;百度概念;融资融券;沪股通,17,12,601777.SH,601777
BC电池;HJT电池;TOPCON电池;钙钛矿电池;第三代半导体;先进封装;芯片概念;光伏概念;汽车芯片;苹果概念;消费电子概念;传感器;智能穿戴;小米概念;汽车电子;无线耳机;比亚迪概念;5G;虚拟现实;人形机器人;储能;华为概念;物联网;创投;深股通;融资融券;股权转让(并购重组),33,27,002079.SZ,002079
高端装备;商业航天;卫星导航;工业互联网;中俄贸易概念;可降解塑料;碳中和;粤港澳大湾区;国企改革;风电;PVDF概念;养老概念;绿色电力,33,13,300281.SZ,300281
智谱AI;云计算;华为鲲鹏;AI语料;数据安全;信创;算力租赁;阿里巴巴概念;智慧政务;AI智能体;东数西算(算力);抖音概念(字节概念);国产操作系统;数据确权;数据要素;国资云;元宇宙;数字乡村;DeepSeek概念;人工智能;数字孪生;数字经济;智能医疗;数据中心;安防;智慧城市;商业航天;低空经济;芯片概念;工业互联网;粤港澳大湾区;专精特新;可控核聚变;柔性屏(折叠屏);高铁;AI应用;中芯国际概念;体育产业;碳中和;乡村振兴;央企国企改革;国企改革;绿色电力;生物质能发电;融资融券;深股通,33,46,000032.SZ,000032
基因测序;医药电商;细胞免疫治疗;医疗器械概念;猴痘概念;重组蛋白;合成生物;跨境电商;减肥药;海峡两岸;融资融券,33,11,301166.SZ,301166
DRG/DIP;AIGC概念;ChatGPT概念;家庭医生;虚拟数字人;AI智能体;互联网保险;华为鲲鹏;阿里巴巴概念;数据要素;AI应用;腾讯概念;鸿蒙概念;蚂蚁集团概念;信创;智能医疗;区块链;DeepSeek概念;中国AI 50;人工智能;智慧城市;养老概念;华为概念;融资融券;深股通,33,25,300253.SZ,300253
商业航天;卫星导航;低空经济;无人机;时空大数据;车联网(车路协同);智慧城市;空间计算;数字孪生;无人驾驶;高铁;数字经济;数据要素;信创;数字水印;人工智能;机器人概念;华为概念;工业互联网;机器视觉;元宇宙;乡村振兴;ChatGPT概念;一带一路;数据确权;多模态AI;东数西算(算力);虚拟数字人;数据中心;回购增持再贷款概念;算力租赁;芯片概念;医疗器械概念;合成生物;先进封装;深股通,33,36,000925.SZ,000925
CRO概念;重组蛋白;2025年报预增;沪股通;股权转让(并购重组);融资融券,17,6,688293.SH,688293
预制菜;网红经济;乡村振兴;一带一路,17,4,603536.SH,603536
文化传媒概念;IP经济(谷子经济);虚拟数字人;元宇宙;旅游概念;虚拟现实;低空经济;深股通;融资融券,33,9,300860.SZ,300860
AIGC概念;空间计算;数字乡村;智慧政务;AI智能体;时空大数据;华为昇腾;华为鲲鹏;腾讯概念;数据要素;信创;网络安全;鸿蒙概念;区块链;数字经济;人工智能;DeepSeek概念;智慧城市;智能医疗;数据中心;安防;光纤概念;华为概念;物联网;海峡两岸;地下管网;新型城镇化;水利;共封装光学(CPO);低空经济;西部大开发;机器人概念;AI应用;融资融券,33,34,301172.SZ,301172
网络安全;数据要素;人工智能;DeepSeek概念;信创;华为鲲鹏;智慧政务;云计算;跨境支付(CIPS);财税数字化;车联网(车路协同);量子科技;物联网;华为概念;军工信息化;军工;机器人概念;融资融券,17,18,688695.SH,688695
液冷服务器;飞行汽车(eVTOL);消费电子概念;汽车电子;融资融券;物联网;芯片概念;无人驾驶;专精特新;新能源汽车;智能家居;无人机;机器人概念;低空经济;传感器;安防;人形机器人;医疗器械概念,151,18,920491.BJ,920491
人脸识别;在线教育;腾讯概念;物联网;人工智能;信创;云办公;粤港澳大湾区;跨境电商;消费电子概念;一带一路;AI应用;融资融券,33,13,301318.SZ,301318
MLOps概念;国产操作系统;语音技术;AI手机;AI智能体;人工智能;DeepSeek概念;智能穿戴;AI眼镜;消费电子概念;同花顺漂亮100;人民币贬值受益;储能;沪股通;融资融券,17,15,688036.SH,688036
白酒概念;国企改革;央企国企改革;深股通;融资融券,33,5,000799.SZ,000799
智谱AI;多模态AI;ChatGPT概念;华为鲲鹏;AI智能体;智慧政务;信创;百度概念;数据要素;鸿蒙概念;区块链;军工信息化;DeepSeek概念;职业教育;人脸识别;人工智能;数字经济;互联网金融;车联网(车路协同);华为概念;军工;工业互联网;新型工业化;电力物联网;换电概念;核电;AI应用;智能电网;碳交易;充电桩;风电;特高压;超超临界发电,33,33,300830.SZ,300830
汽车芯片;存储芯片;芯片概念;消费电子概念;智能穿戴;5G;专精特新;安防;车联网(车路协同);回购增持再贷款概念;沪股通;融资融券,17,12,688110.SH,688110
烟草;空气能热泵;专精特新;汽车热管理;农机;中俄贸易概念;冷链物流;融资融券,33,8,301272.SZ,301272
文化传媒概念;ChatGPT概念;在线教育;AI智能体;IP经济(谷子经济);阿里巴巴概念;DeepSeek概念;人工智能;跨境电商;三胎概念;AI应用;西部大开发;回购增持再贷款概念;融资融券,33,14,301231.SZ,301231
上海国企改革;上海自贸区;航运概念;人民币贬值受益;国企改革,17,5,600097.SH,600097
培育钻石;第三代半导体;天然气;海工装备;新能源汽车;专精特新;深股通;融资融券,33,8,300179.SZ,300179
先进封装;融资融券;芯片概念;MCU芯片;中芯国际概念;存储芯片;专精特新;汽车芯片;上海自贸区,151,9,920139.BJ,920139
福建自贸区;海峡两岸;跨境电商;智能物流;流感;网红经济;IP经济(谷子经济);数字经济;腾讯概念;数据要素,33,10,003016.SZ,003016
固态电池;锂电池概念;回购增持再贷款概念,33,3,300501.SZ,300501
中韩自贸区;大飞机;军民融合;军工;国企改革;一带一路;石墨烯;股权转让(并购重组);超级品牌;长安汽车概念;新能源汽车;机器人概念;比亚迪概念;新型工业化;工业互联网;物联网;人民币贬值受益;华为概念,33,18,000599.SZ,000599
高端装备;绿色电力;新能源汽车;回购增持再贷款概念;比亚迪概念;机器人概念;减速器;工业互联网;深股通;融资融券,33,10,002283.SZ,002283
脑机接口;多模态AI;AIGC概念;鸿蒙概念;信创;空间计算;AI智能体;数据安全;电子身份证;人脸识别;车联网(车路协同);人工智能;智能医疗;DeepSeek概念;安防;无人零售;数字经济;机器视觉;华为概念;物联网;机器人概念;养老概念;芯片概念;辅助生殖;粤港澳大湾区;跨境电商;人民币贬值受益;充电桩;深股通;融资融券,33,30,301330.SZ,301330
高压快充;光伏概念;智能电网;充电桩;特高压;专精特新;机器人概念;东数西算(算力);算力租赁;融资融券,33,10,300933.SZ,300933
长安汽车概念;机器人概念;新能源汽车;中俄贸易概念;工业互联网;军工;军民融合;深股通,33,8,002406.SZ,002406
净水概念;土壤修复;碳中和;固废处理;污水处理;绿色电力;液冷服务器;融资融券,17,8,688679.SH,688679
量子科技;PM2.5;食品安全;粤港澳大湾区;专精特新;医疗器械概念;碳中和;沪股通;融资融券,17,9,688622.SH,688622
TOPCON电池;光伏概念;专精特新;碳中和;净水概念;污水处理;固废处理;融资融券,33,8,301030.SZ,301030
统一大市场;PPP概念;生物质能发电;粤港澳大湾区;固废处理;绿色电力;深股通;融资融券;股权转让(并购重组),33,9,002210.SZ,002210
电子纸;专精特新;智能家居;华为概念;小米概念;OLED;AI眼镜;融资融券,17,8,688496.SH,688496
数字货币;移动支付;互联网金融;信创;网络安全;数字经济;鸿蒙概念;数据要素;数据安全;芯片概念;融资融券,33,11,300333.SZ,300333
抖音概念(字节概念);腾讯概念;快手概念;拼多多概念;阿里巴巴概念;小红书概念;华为概念;短剧游戏;文化传媒概念;深股通;股权转让(并购重组);融资融券,33,12,300959.SZ,300959
ST板块;长安汽车概念;细胞免疫治疗;华为汽车;汽车热管理;新能源汽车;文化传媒概念;燃料电池;网络游戏;西部大开发;专精特新;2025三季报预增;华为概念;2025年报预增;军工,33,15,002592.SZ,002592
电力物联网;智能电网;智能医疗;特高压;福建自贸区;人工智能;数据要素;海峡两岸;医疗器械概念;机器视觉;机器人概念;AI语料;AI应用;3D打印;芯片概念;国企改革;证金持股;深股通,33,18,300341.SZ,300341
华为昇腾;华为欧拉;华为鲲鹏;数据安全;多模态AI;网络安全;AI智能体;AIGC概念;数据要素;同花顺新质50;AI应用;车联网(车路协同);DeepSeek概念;人工智能;商业航天;低空经济;5G;无人驾驶;融资融券,17,19,688292.SH,688292
绿色电力;融资融券;光伏概念,151,3,920770.BJ,920770
医疗废物处理;污水处理;碳中和;换电概念;养老概念;一带一路;光伏概念;机器人概念;充电桩;HJT电池;钙钛矿电池;新能源汽车;高端装备;工业母机;储能;华为数字能源;芯片概念;TOPCON电池;华为概念;人形机器人;高压快充;智能电网;深股通,33,23,002514.SZ,002514
财税数字化;AIGC概念;AI智能体;云办公;智慧政务;ERP概念;云计算;信创;数据要素;鸿蒙概念;阿里巴巴概念;百度概念;区块链;DeepSeek概念;人工智能;智慧城市;华为概念;专精特新;融资融券,17,19,688369.SH,688369
5G;MiniLED;汽车电子;无人驾驶;安防;物联网;电子纸;充电桩;比亚迪概念;智慧城市;机器人概念;家用电器;新能源汽车;智能家居;长安汽车概念;人工智能;储能;融资融券,33,18,300939.SZ,300939
机器人概念;3D打印;京津冀一体化;中俄贸易概念;煤炭概念,33,5,002691.SZ,002691
幽门螺杆菌概念;共同富裕示范区;宠物经济;MR(混合现实);仿制药一致性评价;创新药;维生素;合成生物;回购增持再贷款概念;深股通,33,10,002940.SZ,002940
东数西算(算力);机器人概念;3D打印;新能源汽车;雄安新区;PPP概念;股权转让(并购重组);深股通,33,8,300210.SZ,300210
抖音概念(字节概念);汽车芯片;无人驾驶;电力物联网;智能物流;机器人概念;AI智能体;光伏概念;一带一路;工业互联网;鸿蒙概念;人工智能;智能穿戴;两轮车;百度概念;人脸识别;智慧灯杆;车联网(车路协同);先进封装;智能家居;传感器;WiFi 6;数字经济;星闪概念;汽车电子;DeepSeek概念;芯片概念;5G;汽车热管理;存储芯片;充电桩;消费电子概念;物联网;医疗器械概念;阿里巴巴概念;华为海思概念股;融资融券;华为概念;安防;人形机器人;智能座舱,151,41,920249.BJ,920249
工业互联网;智慧城市;DeepSeek概念;人工智能;固废处理;污水处理;数字经济;创投;PPP概念;碳交易;雄安新区;国企改革;沪股通;融资融券,17,14,600133.SH,600133
ST板块;电子身份证;国产操作系统;语音技术;人脸识别;新型工业化;人工智能;工业互联网;机器人概念;物联网;机器视觉;充电桩;在线教育;OLED;智能电网,22,15,600355.SH,600355
物业管理;深圳国企改革;创投;商业航天;卫星导航;光伏建筑一体化;国企改革;华为概念;光伏概念;绿色电力;电子竞技;2025年报预增;深股通;融资融券,33,14,000058.SZ,000058
卫星导航;时空大数据;数字乡村;智慧城市;空间计算;华为欧拉;低空经济;信创;无人机;数据要素;数字经济;人工智能;DeepSeek概念;物联网;华为概念;央企国企改革;地下管网;国企改革;碳交易;PPP概念;融资融券,17,21,688509.SH,688509
低空经济;芯片概念;先进封装;华为概念;富士康概念;专精特新;比亚迪概念;新能源汽车;粤港澳大湾区;光伏概念;融资融券,33,11,301319.SZ,301319
新能源汽车;比亚迪概念;汽车热管理;长安汽车概念;燃料电池;传感器;华为汽车;人民币贬值受益;氢能源;汽车电子;锂电池概念;固态电池;华为概念;2025年报预增;股权转让(并购重组),33,15,300473.SZ,300473
新能源汽车;燃料电池;专精特新;储能;一带一路;参股银行;氢能源;减速器;融资融券,33,9,301170.SZ,301170
证金持股;国企改革;央企国企改革;沪股通;融资融券,17,5,600029.SH,600029
芯片概念;消费电子概念;专精特新;英伟达概念;传感器;机器人概念;沪股通;融资融券,17,8,688661.SH,688661
数字货币;跨境支付(CIPS);华为欧拉;财税数字化;华为鲲鹏;ChatGPT概念;蚂蚁集团概念;MLOps概念;Web3.0;AI智能体;信创;云计算;智谱AI;区块链;鸿蒙概念;百度概念;数据要素;虚拟数字人;阿里巴巴概念;互联网金融;腾讯概念;抖音概念(字节概念);DeepSeek概念;人工智能;华为概念;京津冀一体化;数据中心;创投;化债概念(AMC概念);AI应用;融资融券;深股通,33,32,300674.SZ,300674
数字乡村;智慧城市;人工智能;东数西算(算力);数字经济;华为概念;数据要素;京津冀一体化;车联网(车路协同);5G;机器人概念;充电桩;储能;西部大开发;光伏概念;AI应用;融资融券,33,17,301139.SZ,301139
智慧城市;安防;智慧政务;DRG/DIP;在线教育;DeepSeek概念;华为概念;智能医疗;低空经济;创投;无人机;AI智能体;家庭医生;云办公;充电桩;储能;AI应用,33,17,300074.SZ,300074
短剧游戏;文化传媒概念;虚拟数字人;抖音概念(字节概念);AIGC概念;在线教育;百度概念;人工智能;智能音箱;华为概念;智能医疗;国企改革;深股通;融资融券,33,14,301551.SZ,301551
细胞免疫治疗;合成生物;净水概念;智能医疗;污水处理;机器人概念;高端装备;人工智能;智能物流;海峡两岸;DeepSeek概念;AI智能体;融资融券;深股通,33,14,300358.SZ,300358
流感;仿制药一致性评价;维生素;医药电商;创新药;CRO概念;三胎概念;地下管网;PPP概念;西部大开发,33,10,300434.SZ,300434
牙科医疗;医疗器械概念;智能医疗;2025年报预增;京津冀一体化;专精特新;机器人概念;3D打印;融资融券;沪股通,17,10,688236.SH,688236
电子身份证;数字货币;数据安全;网络安全;华为鲲鹏;信创;华为昇腾;量子科技;跨境支付(CIPS);鸿蒙概念;军工信息化;车联网(车路协同);区块链;AI智能体;低空经济;DeepSeek概念;人工智能;AIGC概念;工业互联网;专精特新;融资融券,17,21,688201.SH,688201
消费电子概念;专精特新;储能;小米概念;机器人概念;光伏概念;AI PC;人民币贬值受益;光伏建筑一体化;人形机器人;HJT电池;锂电池概念;TOPCON电池;固态电池;绿色电力;融资融券,33,16,300956.SZ,300956
拼多多概念;抖音概念(字节概念);网红经济;跨境电商;三胎概念;创投;乡村振兴,17,7,605136.SH,605136
租售同权;特色小镇;土地流转;上海国企改革;物业管理;统一大市场;新型城镇化;国企改革;乡村振兴;冷链物流;沪股通;融资融券,17,12,600708.SH,600708
宁德时代概念;固态电池;机器人概念;芯片概念;光伏概念;锂电池概念;融资融券,17,7,688638.SH,688638
2025年报预增;芯片概念;融资融券;跨境电商;医疗器械概念;专精特新;智能医疗;人民币贬值受益,151,8,920925.BJ,920925
家用电器;智能家居;DeepSeek概念,17,3,605336.SH,605336
智谱AI;算力租赁;云计算;华为昇腾;ChatGPT概念;AI智能体;华为鲲鹏;网络安全;华为欧拉;腾讯概念;数据安全;信创;百度概念;抖音概念(字节概念);区块链;数据要素;数字乡村;鸿蒙概念;DRG/DIP;元宇宙;DeepSeek概念;东数西算(算力);跨境支付(CIPS);智能医疗;人工智能;数字孪生;人脸识别;互联网金融;智慧城市;虚拟现实;车联网(车路协同);华为概念;数据中心;卫星导航;工业互联网;AI应用;养老概念;低空经济;军民融合;水利;无人驾驶;旅游概念;芯片概念;传感器;乡村振兴;新疆振兴;深股通;融资融券,33,48,002065.SZ,002065
装配式建筑;新型城镇化;建筑节能;雄安新区;光伏建筑一体化;横琴新区;粤港澳大湾区;国企改革;华为概念;风电,33,10,300621.SZ,300621
汽车芯片;WiFi 6;星闪概念;阿里巴巴概念;5G;AI眼镜;芯片概念;6G概念;小米概念;智能穿戴;消费电子概念;卫星导航;车联网(车路协同);物联网;人工智能;商业航天;专精特新;人民币贬值受益;沪股通;融资融券,17,20,688220.SH,688220
染料;融资融券,17,2,603172.SH,603172
合成生物;创新药;医药电商;宠物经济;融资融券,33,5,300871.SZ,300871
人形机器人;华为汽车;小米汽车;特斯拉概念;比亚迪概念;小米概念;新能源汽车;机器人概念;智能医疗;参股银行;融资融券;民营医院;深股通,33,13,000700.SZ,000700
快手概念;抖音概念(字节概念);小红书概念;算力租赁;腾讯概念;华为昇腾;阿里巴巴概念;百度概念;AI智能体;智慧政务;东数西算(算力);华为鲲鹏;数据中心;DeepSeek概念;数字经济;华为概念;共封装光学(CPO);富士康概念;京津冀一体化;一带一路;深股通;融资融券,33,22,301085.SZ,301085
AI应用;智能医疗;基因测序;辅助生殖;AI语料;AI智能体;数据要素;三胎概念;智谱AI;腾讯概念;DeepSeek概念;人工智能;医疗器械概念;京津冀一体化;西部大开发;海峡两岸,33,16,000710.SZ,000710
融资融券;合成生物;DeepSeek概念;医美概念,151,4,920123.BJ,920123
乳业;三胎概念;新疆振兴;乡村振兴;养老概念;国企改革;西部大开发;股权转让(并购重组),33,8,300106.SZ,300106
物业管理;广东自贸区;国企改革;一带一路;粤港澳大湾区;海工装备;深股通;融资融券;2025年报预增,33,9,002016.SZ,002016
钠离子电池;锂电池概念;储能;国企改革;高压快充;充电桩;新能源汽车;深股通,33,8,300530.SZ,300530
MCU芯片;汽车芯片;WiFi 6;国家大基金持股;星闪概念;英伟达概念;无线耳机;智能穿戴;芯片概念;小米概念;消费电子概念;5G;苹果概念;鸿蒙概念;物联网;专精特新;智能家居;上海自贸区;2025三季报预增;沪股通;融资融券,17,21,688591.SH,688591
专精特新;人民币贬值受益;氢能源;碳中和;固废处理;股权转让(并购重组);融资融券,33,7,300950.SZ,300950
减速器;新型工业化;粤港澳大湾区;机器人概念;专精特新;新能源汽车;高端装备;DeepSeek概念;深股通,33,9,002833.SZ,002833
卫星导航;AI手机;智能音箱;智能穿戴;无人机;虚拟现实;商业航天;MR(混合现实);柔性屏(折叠屏);AI眼镜;华为概念;智能家居;消费电子概念;小米概念;新型烟草(电子烟);机器人概念;粤港澳大湾区;富士康概念;人民币贬值受益;一带一路;医美概念;深股通;融资融券,33,23,300968.SZ,300968
云游戏;智谱AI;算力租赁;中国AI 50;华为昇腾;云计算;财税数字化;数据安全;东数西算(算力);信创;智慧政务;AI智能体;数字乡村;数据要素;数据中心;商业航天;脑机接口;DeepSeek概念;智能医疗;液冷服务器;华为概念;数字经济;人工智能;智慧城市;低空经济;工业互联网;无人驾驶;专精特新;机器人概念;融资融券,17,30,688158.SH,688158
先进封装;家用电器;机器人概念;空气能热泵;创投,17,5,603726.SH,603726
华为昇腾;云计算;网络安全;信创;算力租赁;数据要素;阿里巴巴概念;抖音概念(字节概念);互联网金融;东数西算(算力);智慧城市;人工智能;华为概念;数据中心;京津冀一体化;参股银行;深股通,33,17,300231.SZ,300231
一带一路;水泥概念,33,2,001225.SZ,001225
跨境支付(CIPS);数字货币;蚂蚁集团概念;移动支付;电子身份证;区块链;华为鲲鹏;AI智能体;互联网金融;云计算;鸿蒙概念;数据要素;阿里巴巴概念;多模态AI;数字经济;DeepSeek概念;人脸识别;人工智能;数字乡村;ETC;智慧城市;食品安全;华为概念;物联网;安防;AI应用;机器视觉;乡村振兴;福建自贸区;海峡两岸;证金持股;芯片概念;深股通;融资融券,33,34,000997.SZ,000997
跨境电商;露营经济;足球概念;体育产业;宠物经济;网红经济;创投;数字经济;ChatGPT概念;人民币贬值受益;深股通;融资融券,33,12,301376.SZ,301376
飞行汽车(eVTOL);长安汽车概念;低空经济;减速器;粤港澳大湾区;无人驾驶;同花顺新质50;MCU芯片;新能源汽车;智能物流;2025年报预增;深股通;融资融券,33,13,300681.SZ,300681
CRO概念;减肥药;阿尔茨海默概念;人民币贬值受益;专精特新;氢能源;2025年报预增;氟化工概念;融资融券,33,9,301509.SZ,301509
光刻机;特斯拉概念;人工智能;高端装备;工业母机;一带一路;新型工业化;氢能源;人民币贬值受益;深股通,33,10,300293.SZ,300293
新疆振兴;C2M概念;数字经济;智能物流;铜缆高速连接;跨境电商;人工智能;华为概念;工业互联网;AI智能体;AIGC概念;智能家居;融资融券;AI应用,17,14,600337.SH,600337
车联网(车路协同);无人驾驶;智能座舱;百度概念;星闪概念;数据安全;卫星导航;人工智能;DeepSeek概念;汽车电子;机器人概念,33,11,002813.SZ,002813
智能物流;高端装备;固态电池;新股与次新股;融资融券,151,5,920119.BJ,920119
储能;机器人概念;电力物联网;智能电网;虚拟电厂;智能医疗;养老概念,33,7,002857.SZ,002857
人形机器人;新型工业化;机器人概念;高端装备;智能物流;专精特新;宁德时代概念;物联网;储能;华为概念;数字孪生;锂电池概念;冷链物流;统一大市场;人工智能;跨境电商;数字经济;阿里巴巴概念;Web3.0;拼多多概念;沪股通;融资融券,17,22,688360.SH,688360
水利;数字孪生;地下管网;新型城镇化;PPP概念;深圳国企改革;物联网;乡村振兴;DeepSeek概念;雅下水电概念;华为概念;污水处理;粤港澳大湾区;智慧政务;光伏概念;国企改革;物业管理;抽水蓄能;深股通;融资融券,33,20,301038.SZ,301038
特色小镇;京津冀一体化;雄安新区;低空经济;PPP概念;新型城镇化;智慧城市;人工智能;DeepSeek概念;沪股通;融资融券;股权转让(并购重组),17,12,600340.SH,600340
新型城镇化;共同富裕示范区;安防;养老概念,17,4,603208.SH,603208
飞行汽车(eVTOL);大飞机;低空经济;商业航天;碳纤维;新能源汽车;比亚迪概念;三胎概念;融资融券,17,9,603085.SH,603085
仿制药一致性评价;维生素;创新药;肝炎概念;医药电商;流感;毛发医疗;医美概念;土地流转;乡村振兴;农业种植;融资融券;深股通,33,13,300158.SZ,300158
无线耳机;智能穿戴;AI眼镜;小米概念;消费电子概念;物联网;芯片概念;智能家居;人脸识别;东数西算(算力);专精特新;人工智能;阿里巴巴概念;DeepSeek概念;人民币贬值受益;融资融券,17,16,688620.SH,688620
电子身份证;移动支付;智慧政务;数字货币;智谱AI;AI智能体;信创;数据要素;智慧城市;职业教育;区块链;数字经济;腾讯概念;数据确权;抖音概念(字节概念);人工智能;DeepSeek概念;AI语料;物联网;华为概念;东数西算(算力);京津冀一体化;智能医疗;粤港澳大湾区;乡村振兴;农村电商;AI应用,33,27,002908.SZ,002908
天然气;氢能源;燃料电池;石墨烯;新能源汽车;锂电池概念;回购增持再贷款概念;融资融券,33,8,300985.SZ,300985
存储芯片;PPP概念;新型城镇化;雄安新区;乡村振兴;芯片概念;旅游概念;共同富裕示范区,17,8,605303.SH,605303
福建自贸区;海峡两岸;一带一路;跨境电商;净水概念;智能家居;人民币贬值受益;机器人概念;小米概念;养老概念;芯片概念;沪股通,17,12,603408.SH,603408
特高压;智能电网;虚拟电厂;光伏概念;高压快充;电力物联网;风电;充电桩;换电概念;核电;储能;动力电池回收;绿色电力;新能源汽车;碳中和;水利;机器人概念;工业互联网;天然气;地下管网;物联网;华为概念;数字孪生;车联网(车路协同);新型城镇化;智慧城市;数字经济;人工智能;网络安全;养老概念;融资融券,33,31,002339.SZ,002339
跨境电商;合成生物;眼科医疗;基因测序;民营医院;医药电商;智能医疗;雄安新区;细胞免疫治疗;乡村振兴;创新药;DeepSeek概念;ChatGPT概念;融资融券,33,14,301103.SZ,301103
IP经济(谷子经济);体育产业;旅游概念;露营经济;职业教育;数字经济;西部大开发;国企改革,17,8,600706.SH,600706
股权转让(并购重组);光伏概念;智慧灯杆;新能源汽车;智慧城市;虚拟电厂;充电桩;融资融券;一带一路;军工;家用电器;传感器;智能音箱;储能;车联网(车路协同);东数西算(算力),151,16,920641.BJ,920641
福建自贸区;IP经济(谷子经济);海峡两岸;三胎概念;跨境电商;宠物经济;智能家居;家用电器;中俄贸易概念;智能穿戴;人民币贬值受益;储能;新能源汽车,33,13,300640.SZ,300640
流感;生物疫苗;融资融券,17,3,688670.SH,688670
煤化工概念;锂电池概念;固态电池;氢能源;宁德时代概念;燃料电池;新能源汽车;机器人概念;摘帽,17,9,603959.SH,603959
星闪概念;智能音箱;WiFi 6;芯片概念;物联网;车联网(车路协同);无人机;智能座舱;专精特新;智能家居;上海自贸区;沪股通;股权转让(并购重组);融资融券,17,14,688653.SH,688653
蚂蚁集团概念;数据要素;百度概念;腾讯概念;鸿蒙概念;DeepSeek概念;数字经济;人工智能;智慧城市;车联网(车路协同);华为概念;新型城镇化;粤港澳大湾区;2025年报预增;充电桩;储能;2025三季报预增;高压快充;深股通,33,19,002609.SZ,002609
存储芯片;MCU芯片;中芯国际概念;芯片概念;消费电子概念;小米概念;语音技术;回购增持再贷款概念;人工智能;融资融券,17,10,688416.SH,688416
华为欧拉;多模态AI;空间计算;智慧政务;华为鲲鹏;国产操作系统;在线教育;虚拟数字人;AIGC概念;AI智能体;云办公;信创;元宇宙;阿里巴巴概念;鸿蒙概念;云计算;人脸识别;虚拟现实;数字孪生;腾讯概念;人工智能;数字乡村;MR(混合现实);智慧城市;华为概念;安防;物联网;低空经济;创投;上海自贸区;乡村振兴;沪股通,17,32,603189.SH,603189
污水处理;碳中和;固态电池;固废处理;锂电池概念;融资融券,33,6,301203.SZ,301203
车联网(车路协同);无人驾驶;低空经济;虚拟现实;数字孪生;数字经济;智能座舱;数据要素;华为概念;人工智能;飞行汽车(eVTOL);算力租赁;长安汽车概念;东数西算(算力);华为汽车;DeepSeek概念;AI智能体;多模态AI;京津冀一体化;机器人概念;新型工业化;智能物流;比亚迪概念;智谱AI;换电概念;汽车电子;英伟达概念;人形机器人;新能源汽车;减速器;芯片概念;农机;燃料电池;乡村振兴;汽车芯片;融资融券;深股通,33,37,300825.SZ,300825
钙钛矿电池;HJT电池;PET铜箔;光伏概念;芯片概念;专精特新;融资融券,17,7,688530.SH,688530
钙钛矿电池;石墨烯;光刻胶;可降解塑料;磷化工;融资融券,17,6,688669.SH,688669
人民币贬值受益;存储芯片;小米概念;智能家居;芯片概念;机器人概念;海峡两岸;无人机;虚拟现实;深股通,33,10,000670.SZ,000670
DRG/DIP;华为欧拉;华为鲲鹏;智慧政务;网络安全;信创;鸿蒙概念;智慧城市;虚拟现实;数字经济;在线教育;云计算;数字孪生;数据中心;华为概念;多模态AI;独角兽概念;人工智能;DeepSeek概念;机器人概念;智能医疗;专精特新;光伏概念;智能电网;国企改革;AI应用;深股通;融资融券,33,28,300290.SZ,300290
融资融券;深股通,33,2,002847.SZ,002847
烟草;人民币贬值受益;融资融券,33,3,300886.SZ,300886
流感;创新药;仿制药一致性评价;CRO概念;上海国企改革;国企改革;沪股通;融资融券,17,8,688247.SH,688247
AI应用;知识产权保护;数字经济;新型工业化;碳中和;机器人概念;融资融券;机器视觉;智慧政务;钠离子电池;智慧城市;无人驾驶;物联网;ERP概念;换电概念;工业互联网;储能;华为盘古;人形机器人;人工智能;华为鲲鹏;充电桩;专精特新;华为概念;DeepSeek概念;信创;5G,151,27,920932.BJ,920932
云计算;智慧政务;信创;云办公;ChatGPT概念;数字货币;鸿蒙概念;AIGC概念;区块链;元宇宙;算力租赁;腾讯概念;阿里巴巴概念;百度概念;数据要素;东数西算(算力);语音技术;DeepSeek概念;人工智能;智能医疗;华为概念;物联网;无人机;5G;数据中心;机器人概念;养老概念;比亚迪概念;跨境电商;三胎概念;一带一路;深股通;AI应用;融资融券,33,34,002123.SZ,002123
华为昇腾;多模态AI;算力租赁;华为鲲鹏;信创;ChatGPT概念;东数西算(算力);阿里巴巴概念;鸿蒙概念;人形机器人;智能座舱;芯片概念;AI智能体;AI眼镜;智慧政务;智能穿戴;人脸识别;车联网(车路协同);机器视觉;消费电子概念;华为概念;安防;人工智能;DeepSeek概念;低空经济;机器人概念;智慧城市;沪股通;融资融券,17,29,688343.SH,688343
区块链;人脸识别;智慧城市;安防;DeepSeek概念;语音技术;食品安全;AI应用;物业管理;智能家居,33,10,300155.SZ,300155
横琴新区;粤港澳大湾区;啤酒概念,33,3,000659.SZ,000659
新型工业化;机器人概念;物联网;专精特新;传感器;新能源汽车;机器视觉;工业母机;华为概念;光热发电;氢能源;军工;毫米波雷达;人工智能;核电;太赫兹,33,16,300112.SZ,300112
特斯拉概念;新能源汽车;比亚迪概念;一体化压铸;机器人概念;深股通,33,6,001311.SZ,001311
短剧游戏;Sora概念(文生视频);知识产权保护;AI语料;文化传媒概念;手机游戏;NFT概念;虚拟数字人;AIGC概念;抖音概念(字节概念);多模态AI;智谱AI;IP经济(谷子经济);元宇宙;腾讯概念;AI智能体;阿里巴巴概念;百度概念;数据要素;算力租赁;网红经济;DeepSeek概念;东数西算(算力);人工智能;旅游概念;华为概念;冰雪产业;AI应用;融资融券;深股通,33,30,300133.SZ,300133
稀土永磁;融资融券;专精特新;风电,151,4,920505.BJ,920505
旅游概念;国企改革;西部大开发;创投;一带一路,33,5,000610.SZ,000610
智慧城市;ETC;人工智能;网络安全;独角兽概念;区块链;华为概念;医疗器械概念;数据中心;智能电网;特高压;合成生物;粮食概念;摘帽,33,14,002316.SZ,002316
财税数字化;电子身份证;国产操作系统;数字货币;移动支付;智慧政务;ChatGPT概念;语音技术;百度概念;智慧城市;数字经济;人脸识别;AI智能体;数据要素;云计算;华为鲲鹏;AIGC概念;车联网(车路协同);智慧灯杆;DeepSeek概念;独角兽概念;网络安全;安防;信创;人工智能;华为昇腾;低空经济;华为概念;机器视觉;东数西算(算力);无人机;工业互联网;智能医疗;机器人概念;专精特新;国企改革;5G;AI应用;融资融券,33,39,300479.SZ,300479
医疗器械概念;融资融券,17,2,688613.SH,688613
存储芯片;汽车芯片;先进封装;芯片概念;传感器;5G;专精特新;比亚迪概念;东数西算(算力);无人驾驶;卫星导航;阿里巴巴概念;沪股通;融资融券,17,14,688135.SH,688135
DRG/DIP;家庭医生;虚拟数字人;AI智能体;在线教育;华为鲲鹏;数据要素;智慧政务;华为盘古;财税数字化;鸿蒙概念;互联网保险;信创;MLOps概念;时空大数据;区块链;网络安全;智能医疗;数字乡村;DeepSeek概念;人工智能;数字经济;电子身份证;算力租赁;智慧城市;移动支付;养老概念;安防;华为概念;数据中心;AI应用;机器人概念;乡村振兴;深股通;融资融券,33,35,300168.SZ,300168
白酒概念;ST板块,22,2,600696.SH,600696
元宇宙;虚拟现实;IP经济(谷子经济);华为概念;5G;融资融券,33,6,300025.SZ,300025
钠离子电池;固态电池;动力电池回收;金属钴;锂电池概念;宁德时代概念;小金属概念;低空经济;储能;新能源汽车;沪股通;融资融券,17,12,688005.SH,688005
TOPCON电池;钙钛矿电池;智能电网;光伏概念;光伏建筑一体化;风电;海工装备;充电桩;储能;高铁;绿色电力;锂电池概念;碳中和;军工;新能源汽车;军民融合;比亚迪概念;5G;一带一路;国企改革;华为概念;深股通;摘帽,33,23,002309.SZ,002309
人民币贬值受益;跨境电商;柔性屏(折叠屏);物联网;深股通;摘帽,33,6,300209.SZ,300209
冷链物流;跨境电商;智能物流;统一大市场;烟草;国企改革;一带一路;物联网;机器人概念;数字孪生;新型工业化;工业互联网;专精特新;机器视觉;人工智能;比亚迪概念;华为概念;特斯拉概念;华为数字能源;宁德时代概念,17,20,603066.SH,603066
数据中心;创投;智能家居;深股通,33,4,002918.SZ,002918
医药电商;医美概念;毛发医疗;医疗器械概念;维生素;共同富裕示范区;深股通;融资融券,33,8,301507.SZ,301507
细胞免疫治疗;医美概念;医疗器械概念;生物疫苗;眼科医疗;创新药;同花顺新质50;专精特新;创投,33,9,300238.SZ,300238
CRO概念;细胞免疫治疗;减肥药;猴痘概念;辅助生殖;创新药;肝炎概念;智能医疗;幽门螺杆菌概念;流感;医疗器械概念;仿制药一致性评价;合成生物;工业大麻;人工智能;三胎概念;区块链;华为概念;粤港澳大湾区;创投;人民币贬值受益;深股通;融资融券,33,23,300199.SZ,300199
安防;无人机;低空经济;职业教育;阿里巴巴概念;国企改革;沪股通;融资融券,17,8,603373.SH,603373
流感;农业种植;NMN概念;毛发医疗;幽门螺杆菌概念;肝炎概念;牙科医疗;合成生物;医药电商;三胎概念;西部大开发;医疗器械概念;乡村振兴;股权转让(并购重组),17,14,603139.SH,603139
MCU芯片;汽车芯片;存储芯片;AI眼镜;中芯国际概念;芯片概念;智能穿戴;智能座舱;汽车电子;小米概念;机器视觉;无人驾驶;机器人概念;EDR概念;虚拟现实;物联网;华为概念;东数西算(算力);2025三季报预增;车联网(车路协同);2025年报预增;智能家居;长安汽车概念;家用电器;人工智能;阿里巴巴概念;百度概念;腾讯概念;DeepSeek概念;创投;横琴新区;深股通;融资融券,33,33,300458.SZ,300458
存储芯片;芯片概念;参股银行;乡村振兴;京津冀一体化;旅游概念;体育产业;IP经济(谷子经济);数据要素;AI智能体;深股通;短剧游戏,33,12,000620.SZ,000620
科创次新股;注册制次新股;机器视觉;高端装备;新股与次新股;融资融券,17,6,688816.SH,688816
电子身份证;网络安全;华为鲲鹏;智慧政务;数字货币;数据安全;信创;华为昇腾;区块链;跨境支付(CIPS);财税数字化;云计算;鸿蒙概念;数据确权;数字水印;AI智能体;互联网金融;智慧城市;数字经济;云办公;ChatGPT概念;腾讯概念;DeepSeek概念;车联网(车路协同);阿里巴巴概念;人工智能;量子科技;东数西算(算力);物联网;华为概念;卫星导航;低空经济;智慧灯杆;无人机;商业航天;工业互联网;数据中心;EDR概念;水利;新型工业化;机器人概念;雄安新区;芯片概念;一带一路;智能电网;AI应用;深股通;融资融券,33,48,002212.SZ,002212
磷化工;消毒剂;净水概念;土壤修复;碳中和;污水处理;PPP概念;新型城镇化;工业互联网;融资融券,33,10,300437.SZ,300437
免税店;自由贸易港;广东自贸区;物业管理;横琴新区;跨境电商;粤港澳大湾区;国企改革;沪股通;融资融券;股权转让(并购重组),17,11,600185.SH,600185
乡村振兴;西部大开发,17,2,605033.SH,605033
物业管理;维生素;参股券商;仿制药一致性评价;细胞免疫治疗;互联网金融;创新药;证金持股;生物疫苗;融资融券;沪股通,17,11,600851.SH,600851
预制菜;养老概念;低空经济;共同富裕示范区;股权转让(并购重组);融资融券,33,6,301073.SZ,301073
多模态AI;Sora概念(文生视频);AIGC概念;抖音概念(字节概念);虚拟数字人;元宇宙;同花顺新质50;人脸识别;虚拟现实;空间计算;MR(混合现实);人工智能;安防;华为概念;智能座舱;机器视觉;智能穿戴;智慧城市;AI眼镜;无人驾驶;小米概念;芯片概念;消费电子概念;机器人概念;长安汽车概念;AI应用;沪股通;融资融券,17,28,688088.SH,688088
人工智能;数字孪生;DeepSeek概念;数据要素;华为概念;物联网;地下管网;水利;数据中心;专精特新;污水处理;净水概念;回购增持再贷款概念;融资融券,17,14,688296.SH,688296
减肥药;细胞免疫治疗;重组蛋白;创新药;仿制药一致性评价;流感;合成生物;创投;沪股通;融资融券,17,10,688166.SH,688166
特斯拉概念;新能源汽车;比亚迪概念;长安汽车概念;人民币贬值受益;上海自贸区;沪股通;融资融券,17,8,603730.SH,603730
新型城镇化;装配式建筑;地下管网;房屋检测;乡村振兴;建筑节能;换电概念;智慧城市;光伏建筑一体化;充电桩;国企改革;虚拟电厂;储能;可控核聚变;融资融券,33,15,301167.SZ,301167
人形机器人;小米汽车;比亚迪概念;新能源汽车;小米概念;机器人概念;飞行汽车(eVTOL);宁德时代概念;储能;低空经济;2025三季报预增;锂电池概念;2025年报预增;一带一路;深股通;融资融券,33,16,300953.SZ,300953
体育产业;国企改革;文化传媒概念;储能;锂电池概念,17,5,600052.SH,600052
特色小镇;ST板块;土壤修复;固废处理;旅游概念;横琴新区;PPP概念;污水处理;预制菜;新型城镇化;乡村振兴;雄安新区;国企改革;新疆振兴;农业种植;光伏概念;IP经济(谷子经济);水利;一带一路;网红经济;粤港澳大湾区;数字水印;数字经济;智慧城市;MR(混合现实);人工智能;文化传媒概念;元宇宙;华为概念;虚拟数字人;虚拟现实;ChatGPT概念;AIGC概念;数据确权;腾讯概念,33,35,002717.SZ,002717
ST板块;PM2.5;生物质能发电;PPP概念;净水概念;土壤修复;雄安新区;污水处理;创投;碳中和;燃料电池;氢能源,33,12,300152.SZ,300152
融资融券;机器人概念;人形机器人;专精特新,151,4,920002.BJ,920002
减速器;人形机器人;机器人概念;专精特新;储能;光伏概念;特高压;股权转让(并购重组);融资融券,33,9,301023.SZ,301023
人工智能;算力租赁;东数西算(算力);数据中心;新型城镇化;芯片概念;垃圾分类;土壤修复;乡村振兴;污水处理;固废处理;深股通;融资融券,33,13,301259.SZ,301259
民营医院;西部大开发;眼科医疗;智能医疗;深股通;融资融券,33,6,301239.SZ,301239
中韩自贸区;网红经济;跨境电商;C2M概念;腾讯概念;化债概念(AMC概念);参股银行;人民币贬值受益;一带一路;深股通;融资融券,33,11,002094.SZ,002094
地下管网;中俄贸易概念;污水处理;物联网;传感器;智慧城市;华为概念;人工智能;DeepSeek概念;2025年报预增;元宇宙;阿里巴巴概念;虚拟数字人,17,13,603700.SH,603700
MCU芯片;芯片概念;电力物联网;虚拟电厂;智能电网;充电桩;华为概念;光伏概念;鸿蒙概念;储能,17,10,603421.SH,603421
网络安全;工业互联网;上海国企改革;小米概念;芯片概念;水利;小米汽车;比亚迪概念;汽车电子;医疗器械概念;特斯拉概念;新能源汽车;国企改革;核电;融资融券;沪股通,17,16,600651.SH,600651
PVDF概念;长三角一体化;共同富裕示范区;国企改革;专精特新;传感器;光纤概念;5G;华为概念;融资融券,33,10,002522.SZ,002522
上海国企改革;海工装备;风电;国企改革;融资融券;沪股通,17,6,688660.SH,688660
华为欧拉;国产操作系统;信创;鸿蒙概念;AI智能体;百度概念;星闪概念;智慧城市;DeepSeek概念;虚拟现实;人工智能;华为海思概念股;独角兽概念;英伟达概念;物联网;华为概念;机器视觉;智能座舱;AI手机;智能穿戴;无人驾驶;工业互联网;小米概念;智能家居;机器人概念;汽车电子;长安汽车概念;比亚迪概念;华为汽车;水利;深股通;融资融券,33,32,300598.SZ,300598
CRO概念;细胞免疫治疗;创新药;智能医疗;央企国企改革;国企改革;沪股通;融资融券,17,8,688710.SH,688710
快手概念;小红书概念;拼多多概念;短剧游戏;Web3.0;抖音概念(字节概念);虚拟数字人;文化传媒概念;云办公;AIGC概念;腾讯概念;IP经济(谷子经济);元宇宙;AI智能体;阿里巴巴概念;财税数字化;百度概念;区块链;人工智能;DeepSeek概念;预制菜;数字经济;虚拟现实;京津冀一体化;AI应用,33,25,002995.SZ,002995
动物疫苗;生物疫苗;合成生物;西部大开发;融资融券;深股通,33,6,300841.SZ,300841
脑机接口;智能穿戴;消费电子概念;苹果概念;汽车电子;芯片概念;小米概念;柔性屏(折叠屏);比亚迪概念;华为概念;虚拟现实;新能源汽车;粤港澳大湾区;宁德时代概念;储能;特斯拉概念;碳纤维;光伏概念;抖音概念(字节概念);创投;深股通;融资融券,33,22,300976.SZ,300976
短剧游戏;文化传媒概念;虚拟数字人;在线教育;智慧政务;腾讯概念;AI智能体;数据要素;国资云;网络安全;算力租赁;智慧城市;养老概念;足球概念;数据中心;5G;国企改革;深股通;融资融券,33,19,002238.SZ,002238
传感器;换电概念;新能源汽车;专精特新;智慧灯杆;充电桩;储能;人民币贬值受益;回购增持再贷款概念,33,9,300582.SZ,300582
燃料电池;长安汽车概念;氢能源;新能源汽车;军工;摘帽,17,6,600303.SH,600303
CRO概念;细胞免疫治疗;创新药;重组蛋白;仿制药一致性评价;眼科医疗;股权转让(并购重组),33,7,300683.SZ,300683
中俄贸易概念;跨境电商;三胎概念;体育产业;人民币贬值受益;两轮车;融资融券,33,7,300994.SZ,300994
减速器;人形机器人;汽车热管理;新能源汽车;专精特新;机器人概念;无人驾驶;无人机;燃料电池;氢能源;深股通;股权转让(并购重组);融资融券,33,13,301007.SZ,301007
国家大基金持股;中芯国际概念;存储芯片;芯片概念;人民币贬值受益;股权转让(并购重组);沪股通;融资融券,17,8,688126.SH,688126
流感;医药电商;创新药;三胎概念;医疗器械概念;中俄贸易概念;西部大开发;食品安全;国企改革;参股券商;专精特新;2025年报预增;股权转让(并购重组),33,13,300534.SZ,300534
ST板块;国企改革,22,2,600608.SH,600608
华为盘古;AIGC概念;AI智能体;鸿蒙概念;人工智能;网红经济;DeepSeek概念;C2M概念;华为概念;工业互联网;新型工业化;数据中心;三胎概念;AI应用;深股通,33,15,300840.SZ,300840
中俄贸易概念;ST板块;航空发动机;机器人概念;2025年报预增;机器视觉;工业互联网;风电,33,8,002689.SZ,002689
跨境电商;三胎概念;人民币贬值受益;参股银行,17,4,603059.SH,603059
无人零售;无人驾驶;智能物流;冷链物流;人脸识别;智慧城市;物联网;换电概念;创投;机器人概念;智能医疗;2025年报预增,33,12,300771.SZ,300771
光刻机;工业母机;人形机器人;机器人概念;风电;国企改革;参股券商;商业航天;沪股通;股权转让(并购重组),17,10,600889.SH,600889
第三代半导体;6G概念;芯片概念;专精特新;融资融券;培育钻石,151,6,920725.BJ,920725
光刻机;芯片概念;专精特新;回购增持再贷款概念;DeepSeek概念;沪股通;融资融券,17,7,688409.SH,688409
固态电池;特斯拉概念;锂电池概念;长安汽车概念;ST板块;新型工业化;股权转让(并购重组);新能源汽车;石墨烯;传感器;创投,33,11,002058.SZ,002058
数字乡村;西部大开发;无人机;乡村振兴;文化传媒概念;国企改革;DeepSeek概念;智慧政务;鸿蒙概念;AI智能体;机器人概念;5G;AI应用;股权转让(并购重组);沪股通;融资融券,17,16,600936.SH,600936
云计算;华为昇腾;ChatGPT概念;信创;AI智能体;移动支付;华为鲲鹏;多模态AI;元宇宙;阿里巴巴概念;国产操作系统;鸿蒙概念;数据要素;人脸识别;车联网(车路协同);AIGC概念;虚拟数字人;DeepSeek概念;AI语料;人工智能;数字孪生;智慧城市;机器视觉;华为概念;空间计算;低空经济;工业互联网;安防;MR(混合现实);数据中心;毫米波雷达;粤港澳大湾区;AI应用;融资融券;沪股通,17,35,600728.SH,600728
智谱AI;ChatGPT概念;财税数字化;Web3.0;AIGC概念;云计算;智慧政务;虚拟数字人;AI智能体;阿里巴巴概念;抖音概念(字节概念);算力租赁;在线教育;数据要素;区块链;元宇宙;知识产权保护;DeepSeek概念;东数西算(算力);数字经济;职业教育;人工智能;独角兽概念;华为概念;创投;AI应用;股权转让(并购重组);深股通,33,28,300688.SZ,300688
钙钛矿电池;BC电池;TOPCON电池;HJT电池;商业航天;光伏概念;光伏建筑一体化;虚拟电厂;储能;锂电池概念;氢能源;华为概念;机器人概念;DeepSeek概念;东数西算(算力);绿色电力;一带一路;同花顺漂亮100;智能家居;沪股通;融资融券,17,21,688599.SH,688599
风电;数据中心;农机;融资融券,33,4,301446.SZ,301446
Sora概念(文生视频);AI语料;Web3.0;ChatGPT概念;多模态AI;AIGC概念;虚拟数字人;短剧游戏;AI智能体;在线教育;阿里巴巴概念;手机游戏;网络游戏;区块链;东数西算(算力);独角兽概念;同花顺新质50;DeepSeek概念;人工智能;虚拟现实;网红经济;华为概念;京津冀一体化;无人驾驶;创投;芯片概念;人民币贬值受益;AI应用;深股通;融资融券,33,30,300418.SZ,300418
民营医院;眼科医疗;医药电商;流感;仿制药一致性评价;三胎概念;养老概念,17,7,603168.SH,603168
手机游戏;人脸识别;ST板块;鸿蒙概念;抖音概念(字节概念);互联网金融;数据安全;人工智能;云计算;网络安全;信创;车联网(车路协同);粤港澳大湾区;物联网;工业互联网;华为概念;电力物联网;东数西算(算力);储能;5G,33,20,000004.SZ,000004
储能;机器人概念;家用电器;回购增持再贷款概念;人民币贬值受益;智能家居;工业互联网;小米概念;共同富裕示范区;智能穿戴;创投;PCB概念;沪股通,17,13,603219.SH,603219
流感;肝炎概念;生物疫苗;创新药;辅助生殖;重组蛋白;医疗器械概念;创投;深股通,33,9,300485.SZ,300485
IP经济(谷子经济);智能家居,17,2,603898.SH,603898
减肥药;生物疫苗;回购增持再贷款概念;创新药;维生素;融资融券;深股通,33,7,300765.SZ,300765
文化传媒概念;知识产权保护;IP经济(谷子经济);NFT概念;在线教育;腾讯概念;数据要素;参股保险;农村电商;参股券商;国企改革;西部大开发,17,12,603999.SH,603999
眼科医疗;医美概念;沪股通;融资融券,17,4,688366.SH,688366
AI应用;融资融券;人工智能;AIGC概念;文化传媒概念;多模态AI;IP经济(谷子经济),151,7,920075.BJ,920075
重组蛋白;生物疫苗;ST板块;肝炎概念;民营医院;军民融合;京津冀一体化;玉米;粮食概念,33,9,000638.SZ,000638
移动支付;低空经济;安防;物联网;智慧城市;无人驾驶;无人机;量子科技;人脸识别;智慧灯杆;数字孪生;两轮车;华为概念;网络安全;WiFi 6;5G;东数西算(算力);虚拟现实;粤港澳大湾区;人工智能;传感器;信创;机器人概念;工业互联网;智慧政务;智能家居;数据安全;数据中心;DeepSeek概念;水利;星闪概念;鸿蒙概念;华为昇腾;华为盘古;智能音箱;充电桩;元宇宙;消费电子概念;养老概念;储能;ChatGPT概念;智能医疗;碳交易;智能电网;虚拟电厂;锂电池概念;共封装光学(CPO);融资融券;沪股通,17,49,688609.SH,688609
多模态AI;ChatGPT概念;AIGC概念;AI智能体;ERP概念;华为鲲鹏;抖音概念(字节概念);数据安全;阿里巴巴概念;百度概念;数据要素;人工智能;DeepSeek概念;数字经济;华为概念;AI应用;工业互联网;新型工业化;芯片概念;创投;C2M概念;富士康概念;海峡两岸;深股通;融资融券,33,25,300378.SZ,300378
高铁;专精特新;融资融券,33,3,300906.SZ,300906
商业航天;芯片概念;传感器;低空经济;专精特新;机器人概念;无人驾驶;2025三季报预增;股权转让(并购重组);沪股通;融资融券,17,11,688582.SH,688582
芯片概念;专精特新;人民币贬值受益;沪股通;融资融券,17,5,688584.SH,688584
融资融券;比亚迪概念;汽车电子;新能源汽车;长安汽车概念;汽车热管理;储能;小米汽车;机器人概念;传感器;专精特新,151,11,920978.BJ,920978
露营经济;跨境电商;家用电器;宠物经济;粤港澳大湾区;网红经济;芯片概念;2025年报预增,33,8,300824.SZ,300824
福建自贸区;养老概念;血氧仪;海峡两岸;跨境电商;医疗器械概念;IP经济(谷子经济);网红经济;家用电器;智能家居;人民币贬值受益;人工智能;DeepSeek概念;机器人概念;鸿蒙概念;华为概念;人形机器人,33,17,002614.SZ,002614
ST板块;ERP概念;光伏建筑一体化;光伏概念;建筑节能;新型城镇化;装配式建筑;绿色电力,33,8,002620.SZ,002620
净水概念;污水处理;地下管网;专精特新;水利;传感器;工业互联网;物联网;华为概念;智慧城市;DeepSeek概念;数据要素;股权转让(并购重组);融资融券,33,14,300897.SZ,300897
移动支付;数字货币;跨境支付(CIPS);电子身份证;互联网金融;智慧政务;区块链;数据要素;信创;数字经济;国产操作系统;AI智能体;鸿蒙概念;数据安全;百度概念;DeepSeek概念;人工智能;虚拟数字人;京津冀一体化;知识产权保护;AI应用;融资融券;深股通,33,23,002987.SZ,002987
AIGC概念;在线教育;华为鲲鹏;数据要素;数字水印;多模态AI;数据安全;人工智能;虚拟现实;AI应用;数据中心;国企改革;融资融券,33,13,301185.SZ,301185
Sora概念(文生视频);快手概念;AI语料;知识产权保护;智谱AI;AIGC概念;多模态AI;AI应用;NFT概念;文化传媒概念;数据确权;抖音概念(字节概念);AI智能体;数字水印;腾讯概念;阿里巴巴概念;百度概念;鸿蒙概念;数据要素;区块链;虚拟现实;DeepSeek概念;人工智能;华为概念;小米概念;深股通;融资融券,33,27,000681.SZ,000681
中芯国际概念;存储芯片;OLED;芯片概念;柔性屏(折叠屏);装配式建筑;沪股通;融资融券,17,8,601133.SH,601133
人脸识别;安防;车联网(车路协同);智慧城市;新型城镇化;人工智能;数字经济;DeepSeek概念;专精特新;机器人概念;工业互联网;充电桩;融资融券,33,13,301083.SZ,301083
DRG/DIP;AI应用;智能医疗;人工智能;养老概念;辅助生殖;华为鲲鹏;DeepSeek概念;物联网;华为概念;机器人概念;三胎概念;人形机器人;民营医院;WiFi 6;低空经济;无人机;国企改革;股权转让(并购重组);融资融券,17,20,603990.SH,603990
Sora概念(文生视频);多模态AI;ChatGPT概念;AIGC概念;Web3.0;虚拟数字人;云办公;AI智能体;阿里巴巴概念;百度概念;数据安全;鸿蒙概念;信创;元宇宙;AI应用;DeepSeek概念;人工智能;同花顺新质50;虚拟现实;网红经济;华为概念;物联网;创投;机器人概念;智能家居;人民币贬值受益;西部大开发;回购增持再贷款概念;融资融券;深股通,33,30,300624.SZ,300624
先进封装;芯片概念;MiniLED;专精特新;融资融券,17,5,688699.SH,688699
语音技术;数字乡村;算力租赁;数据中心;东数西算(算力);空间计算;网络安全;信创;鸿蒙概念;人脸识别;智能医疗;安防;华为概念;智慧城市;人工智能;腾讯概念;智慧政务;数据要素;数字孪生;DeepSeek概念;财税数字化;时空大数据;华为欧拉;AI智能体;虚拟现实;虚拟电厂;区块链;数据确权;数字经济;ChatGPT概念;职业教育;高铁;机器人概念;Web3.0;乡村振兴;绿色电力;AI应用;股权转让(并购重组);融资融券,33,39,301178.SZ,301178
新型城镇化;地下管网;装配式建筑;房屋检测;雄安新区;水利;污水处理;碳中和;碳交易;净水概念;光伏建筑一体化;新疆振兴;一带一路;数字孪生;智慧城市;低空经济;雅下水电概念;军工;时空大数据;人工智能;车联网(车路协同);华为概念;DeepSeek概念;数据中心;数据要素,33,25,300732.SZ,300732
锂电池概念;参股银行;回购增持再贷款概念;创投;中芯国际概念;DeepSeek概念;2025年报预增;深股通;融资融券,33,9,002346.SZ,002346
注册制次新股;专精特新;乡村振兴;参股银行;新股与次新股;融资融券,17,6,603284.SH,603284
移动支付;数字货币;跨境支付(CIPS);华为欧拉;华为鲲鹏;信创;互联网金融;财税数字化;区块链;鸿蒙概念;数据要素;AI智能体;数据安全;云计算;智慧城市;数字经济;DeepSeek概念;AIGC概念;人工智能;阿里巴巴概念;腾讯概念;华为概念;化债概念(AMC概念);粤港澳大湾区;一带一路;AI应用;融资融券;深股通,33,28,300348.SZ,300348
流感;肝炎概念;仿制药一致性评价;维生素;合成生物;国企改革,33,6,000952.SZ,000952
海峡两岸;食品安全;一带一路;融资融券,33,4,301355.SZ,301355
减速器;人形机器人;新型工业化;机器人概念;新能源汽车;无人机;核电;风电;西部大开发;融资融券;深股通,33,11,301596.SZ,301596
AIGC概念;AI智能体;数据要素;跨境电商;DeepSeek概念;人工智能;体育产业;创投;AI应用;AI眼镜;一带一路,33,11,300795.SZ,300795
智能电网;储能;PCB概念;锂电池概念;固态电池;消费电子概念;比亚迪概念;新能源汽车;专精特新;数据中心;第三代半导体;芯片概念;光伏建筑一体化;工业母机;医疗器械概念,33,15,300283.SZ,300283
共封装光学(CPO);比亚迪概念;高端装备;军工;芯片概念;消费电子概念;汽车芯片;机器人概念;专精特新;人形机器人;第三代半导体;融资融券;高压快充;华为概念,151,14,920509.BJ,920509
ST板块;光伏建筑一体化;光伏概念;风电,33,4,300029.SZ,300029
鸿蒙概念;物联网;智能家居;融资融券;家用电器;跨境电商;人民币贬值受益,151,7,920926.BJ,920926
智谱AI;ChatGPT概念;AIGC概念;虚拟数字人;华为鲲鹏;空间计算;智慧政务;元宇宙;百度概念;数据要素;虚拟现实;人工智能;数字经济;数字孪生;车联网(车路协同);智慧城市;智能医疗;IP经济(谷子经济);物联网;低空经济;数据中心;机器人概念;旅游概念;水利;地下管网;AI应用;污水处理;融资融券,33,28,301313.SZ,301313
数字货币;量子科技;跨境支付(CIPS);网络安全;车联网(车路协同);数据安全;信创;低空经济;物联网;华为鲲鹏;华为概念;鸿蒙概念;智慧政务;区块链;数据确权;数字经济;DeepSeek概念;阿里巴巴概念;专精特新;商业航天;人形机器人;芯片概念;沪股通;融资融券,17,24,688489.SH,688489
智能医疗;人工智能;CRO概念;AI应用;创新药;合成生物;人民币贬值受益;深股通;融资融券,33,9,300725.SZ,300725
知识产权保护;文化传媒概念;NFT概念;虚拟数字人;数据要素;数字经济;国企改革;一带一路;同花顺中特估100;沪股通;中字头股票;融资融券,17,12,601949.SH,601949
冰雪产业;跨境电商;家用电器;养老概念;机器人概念;人民币贬值受益;创投;一带一路;智能穿戴;深股通;融资融券,33,11,301187.SZ,301187
阿里巴巴概念;虚拟电厂;高压快充;融资融券;智能电网;碳交易;粤港澳大湾区;百度概念;腾讯概念;数据要素;电力物联网;数据中心;碳中和;核电;物联网;充电桩;华为鲲鹏;专精特新;建筑节能;储能;人工智能;DeepSeek概念;抖音概念(字节概念);华为概念,151,24,920375.BJ,920375
汽车芯片;存储芯片;MCU芯片;芯片概念;5G;小米概念;中芯国际概念;专精特新;卫星导航;上海自贸区;沪股通;融资融券,17,12,688691.SH,688691
高铁;储能;充电桩;超级电容;物联网;芯片概念;股权转让(并购重组);融资融券,33,8,300960.SZ,300960
MCU芯片;中芯国际概念;芯片概念;传感器;5G;专精特新;物联网;粤港澳大湾区;智能家居;卫星导航;光伏概念;高铁;智慧灯杆;智慧城市;电力物联网;人工智能;智能电网;阿里巴巴概念;融资融券,17,19,688589.SH,688589
家用电器;充电桩;参股银行;小米概念;汽车电子;储能;PCB概念;融资融券,33,8,001387.SZ,001387
汽车热管理;华为汽车;人形机器人;一体化压铸;新能源汽车;特斯拉概念;比亚迪概念;机器人概念;飞行汽车(eVTOL);储能;粤港澳大湾区;中俄贸易概念;低空经济;一带一路,33,14,001319.SZ,001319
DRG/DIP;家庭医生;AIGC概念;AI智能体;华为鲲鹏;云计算;华为昇腾;阿里巴巴概念;数据要素;鸿蒙概念;信创;蚂蚁集团概念;智能医疗;区块链;人工智能;DeepSeek概念;养老概念;AI应用;华为概念;物联网;医疗器械概念;医药电商;深股通;股权转让(并购重组);融资融券,33,25,300451.SZ,300451
比亚迪概念;汽车热管理;新能源汽车;专精特新;锂电池概念;光伏概念;新型工业化;小米汽车;储能;小米概念;充电桩;汽车电子;智能电网;数据中心;风电;一带一路;融资融券,33,17,300988.SZ,300988
中芯国际概念;先进封装;光刻胶;宁德时代概念;华为海思概念股;芯片概念;专精特新;华为概念;回购增持再贷款概念,17,9,603324.SH,603324
智能家居;物联网;文化传媒概念;汽车电子;抖音概念(字节概念);粤港澳大湾区;人民币贬值受益;华为概念;网红经济;数字经济;5G;智能穿戴;消费电子概念;新能源汽车;芯片概念;区块链;无线耳机;先进封装;光伏概念;深股通,33,20,002137.SZ,002137
赛马概念;小红书概念;快手概念;拼多多概念;网红经济;虚拟数字人;AIGC概念;抖音概念(字节概念);AI智能体;数据要素;阿里巴巴概念;体育产业;福建自贸区;数字经济;跨境电商;人工智能;DeepSeek概念;海峡两岸;统一大市场;AI应用;深股通,33,21,002264.SZ,002264
车联网(车路协同);无人驾驶;卫星导航;信创;数字乡村;数据要素;云计算;人工智能;智慧政务;智慧城市;DeepSeek概念;AI智能体;阿里巴巴概念;腾讯概念;食品安全;工业大麻;区块链;数字经济;AI应用;冷链物流;深股通;融资融券;股权转让(并购重组),33,23,300469.SZ,300469
ST板块;农业种植;海南自贸区;化债概念(AMC概念);乡村振兴;旅游概念;创投;参股券商;数字经济;网红经济;区块链;人工智能;信创;文化传媒概念;手机游戏;网络游戏;抖音概念(字节概念),33,17,000793.SZ,000793
ST板块;医药电商;储能;天然气,22,4,600107.SH,600107
地下管网;专精特新;污水处理;物联网;人脸识别;无人零售;鸿蒙概念;融资融券;智慧城市;传感器,151,10,920407.BJ,920407
家用电器;露营经济;宠物经济;医疗器械概念;消毒剂;智能家居;三胎概念;西部大开发;跨境电商,33,9,003023.SZ,003023
智能穿戴;柔性屏(折叠屏);消费电子概念;储能;深股通;融资融券,33,6,301051.SZ,301051
手机游戏;网络游戏;电子竞技;云游戏;AIGC概念;腾讯概念;抖音概念(字节概念);IP经济(谷子经济);DeepSeek概念;人工智能;虚拟现实;华为概念;人民币贬值受益;AI应用;深股通;融资融券,33,16,002174.SZ,002174
雄安新区;污水处理;ST板块;乡村振兴;东数西算(算力);股权转让(并购重组),22,6,605081.SH,605081
小红书概念;快手概念;Sora概念(文生视频);短剧游戏;NFT概念;拼多多概念;Web3.0;虚拟数字人;AIGC概念;文化传媒概念;ChatGPT概念;抖音概念(字节概念);元宇宙;百度概念;阿里巴巴概念;腾讯概念;IP经济(谷子经济);网红经济;数据要素;区块链;数字经济;人工智能;虚拟现实;体育产业;冰雪产业;智能音箱;三胎概念;华为概念;京津冀一体化;小米概念;无线耳机;消费电子概念;深股通,33,33,002878.SZ,002878
海峡两岸;创投;人民币贬值受益,17,3,600493.SH,600493
ST板块;互联网金融;创投;股权转让(并购重组);高铁,33,5,000609.SZ,000609
数字货币;移动支付;跨境支付(CIPS);无人零售;无人驾驶;数字经济;数据要素;旅游概念;腾讯概念;物业管理;京津冀一体化;阿里巴巴概念;人工智能;国企改革;芯片概念;汽车芯片;AI应用;沪股通;融资融券,17,19,603123.SH,603123
无线耳机;AI眼镜;智能穿戴;汽车电子;中芯国际概念;消费电子概念;小米概念;芯片概念;新型烟草(电子烟);传感器;人形机器人;专精特新;机器人概念;物联网;融资融券,17,15,688286.SH,688286
移动支付;人工智能;物联网;车联网(车路协同);DeepSeek概念;共享单车;百度概念;蚂蚁集团概念;无人驾驶;腾讯概念;换电概念;智能穿戴;汽车电子;网约车;专精特新;智能物流;智能家居;卫星导航;消费电子概念;两轮车;深股通;融资融券,33,22,301608.SZ,301608
Sora概念(文生视频);AIGC概念;知识产权保护;数字水印;抖音概念(字节概念);云计算;数据要素;阿里巴巴概念;腾讯概念;鸿蒙概念;IP经济(谷子经济);DeepSeek概念;人工智能;华为概念;AI应用;小米概念;华为汽车;融资融券,33,18,301270.SZ,301270
富士康概念;芯片概念;减速器;一体化压铸;5G;比亚迪概念;特斯拉概念;液冷服务器;新能源汽车;充电桩;小米汽车;专精特新;华为汽车;无人驾驶;储能;长安汽车概念;华为概念;工业互联网;固态电池;东数西算(算力);绿色电力;西部大开发;深股通;融资融券,33,24,301307.SZ,301307
流感;眼科医疗;创新药;基因测序;仿制药一致性评价;ST板块;医疗器械概念;医美概念;消毒剂,33,9,000908.SZ,000908
特斯拉概念;固态电池;新能源汽车;锂电池概念;储能;低空经济;商业航天;融资融券,33,8,301587.SZ,301587
足球概念;海峡两岸;体育产业;冰雪产业;跨境电商;养老概念;华为概念;人工智能;鸿蒙概念;AIGC概念;DeepSeek概念,17,11,605299.SH,605299
超级品牌;三胎概念;网红经济;医疗器械概念;国企改革;西部大开发;深股通;融资融券,33,8,001328.SZ,001328
成飞概念;大飞机;航空发动机;军民融合;商业航天;军工;碳纤维;无人机;国企改革;培育钻石;融资融券,33,11,002297.SZ,002297
数字货币;华为昇腾;信创;华为欧拉;智慧政务;跨境支付(CIPS);华为鲲鹏;互联网金融;云计算;数据安全;华为概念;区块链;数据要素;数字乡村;数据中心;数字经济;人工智能;AI智能体;DeepSeek概念;阿里巴巴概念;腾讯概念;ChatGPT概念;多模态AI;创投;回购增持再贷款概念;西部大开发;AI应用;深股通;融资融券,33,29,300872.SZ,300872
比亚迪概念;机器人概念;新能源汽车;新型烟草(电子烟);汽车电子;充电桩;家用电器;消费电子概念;储能;无线耳机;物联网;智能家居;粤港澳大湾区;医疗器械概念;露营经济;净水概念;深股通;融资融券,33,18,300916.SZ,300916
Sora概念(文生视频);小红书概念;AI语料;Web3.0;ChatGPT概念;AIGC概念;多模态AI;虚拟数字人;抖音概念(字节概念);元宇宙;百度概念;文化传媒概念;数据要素;腾讯概念;DeepSeek概念;人工智能;数字经济;华为概念;京津冀一体化;AI应用;比亚迪概念;深股通,33,22,300071.SZ,300071
禽流感;芬太尼;动物疫苗;猴痘概念;生物疫苗;肝炎概念;基因测序;宠物经济;医疗器械概念;智能医疗;食品安全;回购增持再贷款概念;人民币贬值受益;沪股通;融资融券,17,15,688298.SH,688298
ETC;智慧灯杆;车联网(车路协同);无人驾驶;长安汽车概念;智慧城市;智能座舱;粤港澳大湾区;数字孪生;物联网;数字经济;人工智能;百度概念;鸿蒙概念;数据要素;机器人概念;汽车电子;华为概念;毫米波雷达;专精特新;新能源汽车;深股通;融资融券,33,23,002869.SZ,002869
国资云;福建自贸区;智慧政务;国产操作系统;华为鲲鹏;AI智能体;算力租赁;云计算;数据安全;区块链;数据要素;海峡两岸;东数西算(算力);智慧城市;数字经济;安防;人工智能;DeepSeek概念;华为概念;职业教育;物联网;无人机;创投;机器人概念;专精特新;人形机器人;国企改革;虚拟电厂;AI应用;股权转让(并购重组);沪股通,17,31,600734.SH,600734
黄金概念;锂电池概念;三胎概念;ST板块;IP经济(谷子经济),33,5,002731.SZ,002731
医疗器械概念;专精特新;西部大开发;融资融券,17,4,688576.SH,688576
新型城镇化;PPP概念;地下管网;水利;土壤修复;雄安新区;生态农业;污水处理;新疆振兴;碳中和;一带一路;乡村振兴;农业种植;碳交易;股权转让(并购重组),17,15,603359.SH,603359
AIGC概念;AI智能体;多模态AI;知识产权保护;人工智能;DeepSeek概念;跨境电商;创投;粤港澳大湾区;智能物流;人民币贬值受益;2025年报预增;深股通;融资融券,33,14,301558.SZ,301558
ST板块;粤港澳大湾区;物业管理;西部大开发;租售同权;股权转让(并购重组),33,6,000608.SZ,000608
短剧游戏;AIGC概念;虚拟数字人;文化传媒概念;AI智能体;IP经济(谷子经济);人工智能;AI应用;西部大开发;深股通,33,10,000892.SZ,000892
专精特新;人民币贬值受益;回购增持再贷款概念,33,3,300743.SZ,300743
算力租赁;云计算;国资云;腾讯概念;中国AI 50;阿里巴巴概念;百度概念;东数西算(算力);蚂蚁集团概念;数据中心;液冷服务器;国企改革;沪股通;融资融券,17,14,603881.SH,603881
华为鲲鹏;信创;数字经济;AI智能体;DeepSeek概念;云计算;智慧城市;鸿蒙概念;腾讯概念;人工智能;抖音概念(字节概念);人脸识别;智能医疗;养老概念;华为概念;物联网;工业互联网;数据中心;建筑节能;雄安新区;粤港澳大湾区;碳中和;PPP概念;机器人概念;AI应用;液冷服务器;深股通;融资融券,33,28,002421.SZ,002421
家用电器;医疗器械概念;智能家居;小米概念;养老概念;融资融券,33,6,301502.SZ,301502
存储芯片;汽车芯片;芯片概念;沪股通;融资融券,17,5,688449.SH,688449
数据确权;知识产权保护;文化传媒概念;国资云;数字乡村;互联网金融;短剧游戏;智慧政务;算力租赁;腾讯概念;百度概念;智慧城市;DeepSeek概念;人工智能;东数西算(算力);华为概念;PPP概念;乡村振兴;智能家居;数据中心;国企改革;西部大开发;5G;农村电商;摘帽,17,25,600831.SH,600831
流感;仿制药一致性评价;创新药;数字经济;国企改革;融资融券,17,6,688189.SH,688189
流感;幽门螺杆菌概念;医药电商;创新药;眼科医疗;三胎概念;养老概念;融资融券,33,8,301111.SZ,301111
农机;新能源汽车;传感器;汽车电子;专精特新;机器人概念;氢能源;乡村振兴;减速器;无人机;西部大开发;融资融券,33,12,301107.SZ,301107
人形机器人;长安汽车概念;比亚迪概念;特斯拉概念;新能源汽车;机器人概念;专精特新;军工;航空发动机;深股通;股权转让(并购重组),33,11,300611.SZ,300611
医疗器械概念;智能家居;物联网;语音技术;新型工业化;跨境电商;机器人概念;小米概念;汽车电子;人工智能;养老概念;无人机;PCB概念;鸿蒙概念;融资融券,33,15,301320.SZ,301320
福建自贸区;电子身份证;网络安全;海峡两岸;军工;安防;智慧政务;东数西算(算力);智慧城市;算力租赁;数字乡村;数字经济;云计算;车联网(车路协同);5G;抖音概念(字节概念);AI智能体;元宇宙;人工智能;物联网;华为概念;AI眼镜;智能穿戴;机器视觉;水利;机器人概念;垃圾分类;英伟达概念;乡村振兴;一带一路;AI应用,33,31,300560.SZ,300560
专精特新;消费电子概念;物联网;机器人概念;IP经济(谷子经济);三胎概念;旅游概念;融资融券,33,8,300784.SZ,300784
共封装光学(CPO);光纤概念;先进封装;5G;英伟达概念;数据中心;华为概念;同花顺新质50;无人驾驶;专精特新;人民币贬值受益;深股通;融资融券,33,13,300394.SZ,300394
污水处理;超导概念;人工智能;东数西算(算力);DeepSeek概念;算力租赁;云计算;融资融券,17,8,688096.SH,688096
股权转让(并购重组);物业管理;西部大开发;智能物流;物联网;芯片概念;新能源汽车;工业互联网;高端装备;深股通,33,10,002175.SZ,002175
手机游戏;AIGC概念;网络游戏;文化传媒概念;抖音概念(字节概念);IP经济(谷子经济);数据安全;AI应用;数字经济;人工智能;虚拟现实;智慧城市;福建自贸区;海峡两岸;5G;机器人概念;融资融券,33,17,300299.SZ,300299
华为昇腾;智谱AI;华为鲲鹏;ChatGPT概念;云计算;财税数字化;云办公;智慧政务;AI智能体;华为欧拉;AIGC概念;信创;数字货币;数据安全;网络安全;蚂蚁集团概念;数据要素;移动支付;百度概念;时空大数据;区块链;腾讯概念;在线教育;鸿蒙概念;军工信息化;数字经济;DeepSeek概念;东数西算(算力);人工智能;智慧城市;数字孪生;车联网(车路协同);职业教育;华为概念;数据中心;低空经济;5G;军工;无人机;AI应用;无人驾驶;跨境电商;机器人概念;粤港澳大湾区;乡村振兴;融资融券;深股通,33,47,300047.SZ,300047
新型城镇化;水利;碳中和;海工装备;污水处理;PPP概念;净水概念;创投;机器人概念;鸿蒙概念;股权转让(并购重组);融资融券,33,12,300961.SZ,300961
新型工业化;工业互联网;机器人概念;智能物流;机器视觉;华为概念;工业母机;数据中心;创投;高端装备;东数西算(算力);军工;5G;DeepSeek概念;信创;储能;华为鲲鹏;智能电网;芯片概念;风电;光伏概念;智能医疗;虚拟电厂;共封装光学(CPO);AI应用,33,25,002184.SZ,002184
MLOps概念;华为昇腾;华为欧拉;华为鲲鹏;ChatGPT概念;国产操作系统;财税数字化;数字货币;多模态AI;AI智能体;ERP概念;信创;鸿蒙概念;智慧政务;跨境支付(CIPS);区块链;网络安全;阿里巴巴概念;在线教育;虚拟数字人;元宇宙;互联网金融;DeepSeek概念;人工智能;东数西算(算力);智慧城市;星闪概念;虚拟现实;华为概念;物联网;智能医疗;华为海思概念股;创投;无人驾驶;小米概念;机器人概念;电力物联网;智能座舱;智能家居;华为数字能源;人形机器人;芯片概念;华为汽车;智能电网;AI应用;深股通;融资融券,33,47,300339.SZ,300339
安防;智能物流;汽车热管理;3D打印;减速器;新股与次新股;融资融券;机器人概念;光伏概念;人形机器人;新型工业化,151,11,920100.BJ,920100
新股与次新股;融资融券;一带一路;光伏概念;人民币贬值受益,151,5,920007.BJ,920007
网络游戏;手机游戏;阿里巴巴概念;IP经济(谷子经济);创投;粤港澳大湾区;人民币贬值受益;新能源汽车;深股通,33,9,300533.SZ,300533
AI应用;华为鲲鹏;信创;云计算;在线教育;人脸识别;智能物流;机器人概念;智慧政务;数据要素;物联网;融资融券;AIGC概念;DeepSeek概念;数据安全;人工智能;鸿蒙概念;数字经济;AI智能体;华为昇腾,151,20,920953.BJ,920953
小红书概念;快手概念;短剧游戏;Web3.0;AIGC概念;虚拟数字人;NFT概念;多模态AI;文化传媒概念;抖音概念(字节概念);AI智能体;手机游戏;阿里巴巴概念;腾讯概念;百度概念;蚂蚁集团概念;电子竞技;网红经济;算力租赁;元宇宙;AI应用;DeepSeek概念;人工智能;数字经济;独角兽概念;东数西算(算力);华为概念;小米概念;国企改革;长安汽车概念;沪股通;融资融券,17,32,600986.SH,600986
DRG/DIP;ChatGPT概念;AI智能体;华为鲲鹏;数据要素;阿里巴巴概念;智能医疗;DeepSeek概念;人工智能;数字经济;AI应用;养老概念;华为概念;数据中心;专精特新;融资融券,17,16,688246.SH,688246
上海国企改革;上海自贸区;比亚迪概念;人民币贬值受益;特斯拉概念;国企改革;沪股通;融资融券,17,8,600626.SH,600626
比亚迪概念;MicroLED概念;新能源汽车;碳纤维;低空经济;机器人概念;无人机;MiniLED;PCB概念;风电;海峡两岸;2025年报预增;融资融券,33,13,301555.SZ,301555
专精特新;细胞免疫治疗;肝炎概念;合成生物;CRO概念;创新药;融资融券,33,7,301201.SZ,301201
AIGC概念;抖音概念(字节概念);ChatGPT概念;华为盘古;数据要素;云计算;信创;人工智能;华为概念;跨境电商;福建自贸区;海峡两岸;智能物流;专精特新;新型烟草(电子烟);人民币贬值受益;2025年报预增;宠物经济;2025三季报预增;回购增持再贷款概念;一带一路;白酒概念;融资融券;深股通,33,24,002803.SZ,002803
DRG/DIP;AIGC概念;财税数字化;AI智能体;云计算;在线教育;智慧政务;信创;国资云;同花顺新质50;DeepSeek概念;人工智能;数字孪生;工业互联网;养老概念;国企改革;回购增持再贷款概念;沪股通;融资融券,17,19,600756.SH,600756
文化传媒概念;电子竞技;旅游概念;冰雪产业;短剧游戏;体育产业;创投;租售同权;PPP概念;西部大开发;国企改革;深股通;融资融券,33,13,000558.SZ,000558
地下管网;新型城镇化;污水处理;净水概念;水利;融资融券,33,6,301372.SZ,301372
MicroLED概念;柔性屏(折叠屏);钙钛矿电池;光刻机;先进封装;MiniLED;OLED;商业航天;卫星导航;6G概念;PET铜箔;汽车电子;消费电子概念;芯片概念;存储芯片;共封装光学(CPO);智能穿戴;小米概念;华为概念;沪股通,17,20,603773.SH,603773
C2M概念;网红经济;粤港澳大湾区;智能家居;物联网;股权转让(并购重组),33,6,002853.SZ,002853
C2M概念;福建自贸区;智能家居;机器人概念;人民币贬值受益;人形机器人;沪股通,17,7,603992.SH,603992
创投;新能源汽车;比亚迪概念;黄金概念,33,4,002715.SZ,002715
文化传媒概念;IP经济(谷子经济);知识产权保护;在线教育;数据确权;数字经济;参股保险;参股券商;国企改革;融资融券,17,10,601999.SH,601999
生态农业;物业管理;国企改革;基因测序;医疗器械概念;猴痘概念,17,6,600807.SH,600807
PET铜箔;钙钛矿电池;小金属概念;HJT电池;钒电池;存储芯片;超导概念;第三代半导体;OLED;福建自贸区;光伏概念;海峡两岸;芯片概念;消费电子概念;专精特新;深股通,33,16,300706.SZ,300706
云办公;智慧政务;Web3.0;云计算;虚拟数字人;信创;网络安全;在线教育;区块链;智谱AI;AI智能体;AIGC概念;元宇宙;鸿蒙概念;网红经济;腾讯概念;数字经济;阿里巴巴概念;DeepSeek概念;人工智能;语音技术;虚拟现实;低空经济;物联网;数据中心;小米概念;一带一路;融资融券;深股通,33,29,002467.SZ,002467
传感器;机器视觉;机器人概念;苹果概念;粤港澳大湾区;AI应用;锂电池概念;光伏建筑一体化;融资融券;沪股通,17,10,688686.SH,688686
碳中和;ST板块;新型城镇化;PPP概念;生物质能发电;西部大开发;光热发电;固废处理;一带一路;核电;绿色电力;储能;超超临界发电,33,13,002630.SZ,002630
新能源汽车;新型工业化;专精特新;机器人概念;储能;融资融券,17,6,688395.SH,688395
MCU芯片;无线耳机;智能音箱;AI眼镜;星闪概念;智能穿戴;小米概念;芯片概念;消费电子概念;语音技术;华为概念;物联网;机器人概念;专精特新;2025年报预增;人工智能;2025三季报预增;粤港澳大湾区;独角兽概念;沪股通;融资融券,17,21,688049.SH,688049
多模态AI;数据要素;人工智能;智慧城市;数字孪生;物联网;京津冀一体化;雄安新区;回购增持再贷款概念;2025年报预增;AI应用;装配式建筑;深股通;融资融券,33,14,002410.SZ,002410
地下管网;新疆振兴;风电;新型城镇化;参股银行;水利;乡村振兴;西部大开发;京津冀一体化,33,9,002457.SZ,002457
机器人概念;三胎概念;虚拟现实;旅游概念;IP经济(谷子经济);元宇宙;2025年报预增;深股通,33,8,300756.SZ,300756
文化传媒概念;手机游戏;网络游戏;虚拟数字人;IP经济(谷子经济);云游戏;职业教育;区块链;人工智能;AI应用;虚拟现实;创投;2025年报预增,33,13,300148.SZ,300148
房屋检测;存储芯片;特色小镇;新型城镇化;地下管网;共同富裕示范区;污水处理;水利;PPP概念;芯片概念;数据中心;碳中和,17,12,603316.SH,603316
数字货币;Web3.0;互联网金融;华为鲲鹏;华为昇腾;信创;区块链;AI智能体;阿里巴巴概念;人工智能;DeepSeek概念;腾讯概念;华为概念;机器人概念;粤港澳大湾区;AI应用;深股通;股权转让(并购重组);融资融券,33,19,300377.SZ,300377
福建自贸区;海峡两岸;中俄贸易概念;新型城镇化;比亚迪概念;装配式建筑;机器人概念;一带一路;2025年报预增,33,9,002593.SZ,002593
智慧政务;互联网金融;鸿蒙概念;华为鲲鹏;区块链;国产操作系统;虚拟数字人;人脸识别;信创;AIGC概念;语音技术;数据安全;云计算;智慧城市;人工智能;天津自贸区;京津冀一体化;智能医疗;物业管理;雄安新区;AI应用;沪股通,17,22,603106.SH,603106
光刻胶;钙钛矿电池;AI应用;染料;钠离子电池;光伏概念;芯片概念;专精特新;深股通,33,9,300758.SZ,300758
脑机接口;建筑节能;东数西算(算力);智慧城市;创投;深圳国企改革;数据中心;数字经济;毫米波雷达;芯片概念;锂电池概念;国企改革;物业管理;可降解塑料;冷链物流;深股通;融资融券,33,17,002243.SZ,002243
短剧游戏;文化传媒概念;国企改革;深股通,33,4,300528.SZ,300528
AI应用;房屋检测;空间计算;信创;数据要素;职业教育;人工智能;AI智能体;DeepSeek概念;数字孪生;装配式建筑;建筑节能;新型城镇化;数据中心;一带一路;光伏概念;风电;融资融券,33,18,300935.SZ,300935
Sora概念(文生视频);快手概念;AI语料;小红书概念;短剧游戏;ChatGPT概念;Web3.0;AIGC概念;虚拟数字人;多模态AI;抖音概念(字节概念);AI智能体;数据确权;云计算;文化传媒概念;在线教育;手机游戏;腾讯概念;网络游戏;百度概念;数据要素;元宇宙;信创;电子竞技;算力租赁;IP经济(谷子经济);DeepSeek概念;数字经济;人工智能;东数西算(算力);智能医疗;虚拟现实;数字孪生;MR(混合现实);跨境电商;机器视觉;AI应用;机器人概念;乡村振兴;芯片概念;人形机器人;深股通;融资融券,33,43,002354.SZ,002354
云办公;Web3.0;AIGC概念;数据确权;智慧政务;抖音概念(字节概念);在线教育;蚂蚁集团概念;阿里巴巴概念;信创;区块链;AI应用;智能医疗;DeepSeek概念;人工智能;互联网金融;华为概念;化债概念(AMC概念);机器视觉;上海自贸区;机器人概念;融资融券;沪股通,17,23,603918.SH,603918
减速器;机器人概念;比亚迪概念;专精特新;宁德时代概念;海工装备;融资融券,33,7,301255.SZ,301255
芯片概念;比亚迪概念;ST板块;智慧灯杆;粤港澳大湾区;车联网(车路协同);智慧城市,33,7,300506.SZ,300506
新型城镇化;装配式建筑;建筑节能;水利;垃圾分类;污水处理;氢能源;无人驾驶;智慧城市;机器人概念;天然气;数字经济;DeepSeek概念;数据要素;股权转让(并购重组),33,15,300746.SZ,300746
Sora概念(文生视频);短剧游戏;虚拟数字人;NFT概念;AIGC概念;多模态AI;文化传媒概念;抖音概念(字节概念);在线教育;智谱AI;手机游戏;元宇宙;AI智能体;云计算;阿里巴巴概念;空间计算;云游戏;IP经济(谷子经济);虚拟现实;DeepSeek概念;人工智能;数字经济;数字孪生;华为概念;旅游概念;创投;机器人概念;AI眼镜;央企国企改革;国企改革;AI应用;融资融券;沪股通,17,33,600640.SH,600640
粤港澳大湾区;专精特新;融资融券,33,3,300834.SZ,300834
光热发电;光伏概念;储能;核电;汽车热管理;新能源汽车;海工装备;比亚迪概念;华为汽车;机器人概念;家用电器;军工;大飞机;专精特新;传感器;固态电池;锂电池概念;小米概念;5G;芯片概念;深股通;融资融券,33,22,300217.SZ,300217
POE胶膜;染料;消费电子概念;专精特新;3D打印;融资融券,33,6,301019.SZ,301019
家用电器;可降解塑料;华为汽车;新能源汽车;碳纤维;长安汽车概念;PEEK材料;充电桩;专精特新;机器人概念;粤港澳大湾区;光伏概念;无人机;绿色电力;小米概念;POE胶膜;HJT电池;TOPCON电池;钙钛矿电池;融资融券,33,20,301131.SZ,301131
WiFi 6;卫星导航;商业航天;AI智能体;AI眼镜;毫米波雷达;阿里巴巴概念;车联网(车路协同);东数西算(算力);移动支付;区块链;低空经济;物联网;人工智能;DeepSeek概念;智能座舱;5G;消费电子概念;机器人概念;机器视觉;汽车电子;工业互联网;人形机器人;海峡两岸;粤港澳大湾区;专精特新;比亚迪概念;人民币贬值受益;智能电网;虚拟电厂;深股通;融资融券,33,32,300638.SZ,300638
垃圾分类;碳中和;碳交易;固废处理;污水处理;煤化工概念;PPP概念;生物质能发电;土壤修复;天然气;机器人概念;专精特新;数字孪生;液冷服务器,33,14,300190.SZ,300190
智谱AI;ChatGPT概念;云办公;多模态AI;AIGC概念;华为昇腾;虚拟数字人;云计算;AI智能体;华为鲲鹏;抖音概念(字节概念);智慧政务;阿里巴巴概念;数据安全;百度概念;信创;腾讯概念;数据要素;算力租赁;网络安全;元宇宙;鸿蒙概念;区块链;DeepSeek概念;东数西算(算力);数字经济;人工智能;智能医疗;虚拟现实;IP经济(谷子经济);智慧城市;车联网(车路协同);6G概念;华为概念;数据中心;低空经济;5G;创投;无人驾驶;AI应用;粤港澳大湾区;飞行汽车(eVTOL);机器人概念;融资融券;深股通,33,45,300634.SZ,300634
物业管理;预制菜;新疆振兴;低空经济;西部大开发;一带一路;抖音概念(字节概念),17,7,603101.SH,603101
民营医院;参股银行;牙科医疗;智能医疗;智能电网,33,5,002622.SZ,002622
移动支付;数字货币;智慧政务;蚂蚁集团概念;信创;数据安全;数据要素;鸿蒙概念;数字经济;云计算;AI智能体;DeepSeek概念;人工智能;阿里巴巴概念;养老概念;华为概念;智能医疗;福建自贸区;海峡两岸;雄安新区;AI应用;深股通;融资融券,33,23,300941.SZ,300941
ChatGPT概念;华为昇腾;多模态AI;云计算;华为欧拉;AIGC概念;AI智能体;虚拟数字人;智慧政务;信创;算力租赁;网络安全;数据确权;鸿蒙概念;元宇宙;区块链;东数西算(算力);DeepSeek概念;人脸识别;人工智能;跨境支付(CIPS);车联网(车路协同);智慧城市;华为概念;互联网金融;智能医疗;AI PC;机器视觉;无人驾驶;芯片概念;无人零售;机器人概念;专精特新;人形机器人;养老概念;智能电网;AI应用;沪股通;融资融券,17,39,688327.SH,688327
商业航天;无人机;军工;军民融合;专精特新;安防;低空经济;智慧城市;人工智能;ST板块,22,10,688287.SH,688287
国企改革;中字头股票;跨境电商;融资融券;三胎概念;央企国企改革;京津冀一体化,151,7,920122.BJ,920122
飞行汽车(eVTOL);低空经济;专精特新;新能源汽车;商业航天;比亚迪概念;融资融券,33,7,301539.SZ,301539
数字货币;移动支付;ETC;电子身份证;互联网金融;车联网(车路协同);国产操作系统;智慧政务;数字经济;区块链;量子科技;物联网;网络安全;数据安全;人工智能;华为概念;5G;阿里巴巴概念;一带一路;消费电子概念;芯片概念;深股通;融资融券,33,23,002104.SZ,002104
足球概念;体育产业;粤港澳大湾区;商业航天;安防;智能家居;MicroLED概念;柔性屏(折叠屏);海峡两岸;MiniLED;专精特新;人民币贬值受益;人工智能;在线教育;DeepSeek概念;元宇宙;消费电子概念;先进封装,33,18,300162.SZ,300162
传感器;专精特新;水利;雄安新区;物联网;智慧城市;华为概念;人工智能;绿色电力;DeepSeek概念;核电;AI智能体,33,12,300371.SZ,300371
HJT电池;TOPCON电池;数据中心;金属回收;BC电池;黄金概念;智能电网;储能;工业互联网;2025年报预增;高铁;充电桩;5G;比亚迪概念;新能源汽车;汽车电子;智能家居;股权转让(并购重组);融资融券,17,19,603045.SH,603045
家庭医生;医药电商;智能医疗;养老概念;医美概念;时空大数据;阿里巴巴概念;宠物经济;跨境电商;冷链物流;海峡两岸;深股通;融资融券,33,13,301017.SZ,301017
拼多多概念;AIGC概念;阿里巴巴概念;AI智能体;网约车;跨境电商;华为概念;AI应用;2025年报预增;新能源汽车,33,10,300805.SZ,300805
OLED;MicroLED概念;电子纸;消费电子概念;新能源汽车;智能穿戴;2025年报预增;深股通;融资融券,33,9,300940.SZ,300940
小红书概念;快手概念;短剧游戏;虚拟数字人;Web3.0;网红经济;NFT概念;文化传媒概念;抖音概念(字节概念);数据要素;广东自贸区;数字经济;人工智能;跨境电商;虚拟现实;AI应用;粤港澳大湾区;乡村振兴;深股通;融资融券,33,20,002291.SZ,002291
短剧游戏;文化传媒概念;虚拟数字人;IP经济(谷子经济);元宇宙;抖音概念(字节概念);网红经济;腾讯概念;阿里巴巴概念;旅游概念;数字经济;特色小镇;深股通;融资融券,33,14,300027.SZ,300027
芯片概念;消费电子概念;智能穿戴;智能音箱;电子纸;人民币贬值受益;高压快充;海峡两岸;抖音概念(字节概念);沪股通;融资融券,17,11,688252.SH,688252
磷化工;化肥;锂电池概念;固废处理;2025三季报预增;一带一路;2025年报预增;西部大开发;人民币贬值受益;宠物经济;深股通;融资融券,33,12,300505.SZ,300505
数字货币;移动支付;跨境支付(CIPS);车联网(车路协同);人脸识别;网络安全;区块链;国产操作系统;华为鲲鹏;鸿蒙概念;量子科技;AI智能体;物联网;知识产权保护;芯片概念;汽车芯片;MCU芯片;深股通,33,18,300386.SZ,300386
智慧政务;华为鲲鹏;区块链;AI智能体;鸿蒙概念;信创;华为昇腾;数据要素;多模态AI;智谱AI;AIGC概念;阿里巴巴概念;腾讯概念;元宇宙;数字经济;DeepSeek概念;时空大数据;人工智能;智慧城市;车联网(车路协同);数字孪生;ETC;虚拟现实;安防;智能医疗;华为概念;卫星导航;低空经济;京津冀一体化;机器视觉;无人驾驶;机器人概念;AI眼镜;人形机器人;雄安新区;AI应用;地下管网;垃圾分类;深股通;融资融券,33,40,300075.SZ,300075
染料;算力租赁;东数西算(算力);AI智能体,33,4,300798.SZ,300798
小金属概念;氟化工概念;商业航天;卫星导航;第三代半导体;军工;光伏概念;光纤概念;芯片概念;西部大开发;华为概念;深股通;融资融券,33,13,002428.SZ,002428
固态电池;PET铜箔;锂电池概念;新能源汽车;专精特新;2025三季报预增;中俄贸易概念;宠物经济;深股通,33,9,002846.SZ,002846
快手概念;抖音概念(字节概念);AIGC概念;多模态AI;云计算;腾讯概念;数据安全;数据确权;AI智能体;网络安全;数据要素;鸿蒙概念;DeepSeek概念;移动支付;人工智能;数字货币;数字经济;智慧城市;车联网(车路协同);ETC;互联网金融;华为概念;物联网;网约车;宠物经济;AI应用;无人驾驶;乡村振兴;西部大开发;新能源汽车;新疆振兴;融资融券,33,32,301428.SZ,301428
快手概念;小红书概念;虚拟数字人;Web3.0;NFT概念;拼多多概念;ChatGPT概念;文化传媒概念;抖音概念(字节概念);AI智能体;财税数字化;网络游戏;百度概念;阿里巴巴概念;智慧政务;腾讯概念;元宇宙;鸿蒙概念;区块链;网红经济;数字货币;数字经济;人工智能;互联网金融;独角兽概念;虚拟现实;华为概念;智能音箱;创投;小米概念;深股通;融资融券,33,32,000676.SZ,000676
上海国企改革;光热发电;碳中和;氢能源;风电;一带一路;光伏概念;核电;国企改革;海工装备;高端装备;军工;煤化工概念;军民融合;深股通;摘帽,33,16,002564.SZ,002564
建筑节能;露营经济;医疗器械概念;风电;新能源汽车;军工;柔性屏(折叠屏);锂电池概念;华为概念;小米概念;OLED,33,11,300169.SZ,300169
专精特新;医疗器械概念;人民币贬值受益;融资融券,33,4,301234.SZ,301234
人工智能;星闪概念;智能穿戴;百度概念;跨境电商;电子竞技;粤港澳大湾区;无线耳机;机器人概念;消费电子概念;网络游戏;无线充电;融资融券;深股通,33,14,002577.SZ,002577
医药电商;创新药;阿尔茨海默概念;医疗器械概念;跨境电商;机器人概念;深股通;融资融券,33,8,301015.SZ,301015
人形机器人;机器人概念;新能源汽车;无人驾驶;家用电器;人民币贬值受益;共同富裕示范区;沪股通,17,8,605555.SH,605555
华为汽车;人形机器人;无人机;新能源汽车;特斯拉概念;沪股通,17,6,605333.SH,605333
小红书概念;快手概念;多模态AI;ChatGPT概念;AIGC概念;虚拟数字人;AI智能体;抖音概念(字节概念);AI应用;百度概念;数据要素;腾讯概念;区块链;文化传媒概念;DeepSeek概念;人工智能;数字经济;独角兽概念;华为概念;机器视觉;芯片概念;核电;小米概念;专精特新;液冷服务器;跨境电商;创投;水利;海工装备;医疗器械概念;一带一路;新能源汽车;深股通;污水处理;融资融券,33,35,002131.SZ,002131
腾讯概念;人工智能;华为概念;肝炎概念;融资融券,17,5,688393.SH,688393
AI应用;Sora概念(文生视频);ChatGPT概念;在线教育;职业教育;人工智能;DeepSeek概念;东数西算(算力);芯片概念;股权转让(并购重组);深股通,33,11,300192.SZ,300192
广东自贸区;三胎概念;粤港澳大湾区;跨境电商;IP经济(谷子经济);股权转让(并购重组),33,6,002875.SZ,002875
融资融券;机器人概念;物联网;固态电池;智能电网;特高压;无人机,151,7,920508.BJ,920508
文化传媒概念;虚拟数字人;快手概念;腾讯概念;抖音概念(字节概念);数字经济;区块链;百度概念;ChatGPT概念;阿里巴巴概念;智能物流;西部大开发;国企改革,33,13,002799.SZ,002799
航空发动机;大飞机;军工;无人机;低空经济;创新药;深股通;融资融券,33,8,000534.SZ,000534
空气能热泵;储能;新能源汽车;注册制次新股;特斯拉概念;汽车热管理;比亚迪概念;专精特新;机器人概念;人民币贬值受益;液冷服务器;工业互联网;数据中心;新股与次新股;融资融券,33,15,301560.SZ,301560
乡村振兴;超级品牌;融资融券,151,3,920726.BJ,920726
IP经济(谷子经济);托育服务;文化传媒概念;体育产业;三胎概念;跨境电商;人工智能;宠物经济;共同富裕示范区;国企改革;人民币贬值受益;一带一路;绿色电力;深股通,33,14,300703.SZ,300703
生态农业;PPP概念;雄安新区;特色小镇;乡村振兴;猪肉;绿色电力;西部大开发;钠离子电池;锂电池概念;氟化工概念,17,11,603717.SH,603717
租售同权;物业管理;旅游概念;IP经济(谷子经济);新型城镇化;建筑节能;元宇宙;空间计算;ChatGPT概念;DeepSeek概念;人工智能;AI应用;融资融券,33,13,300947.SZ,300947
车联网(车路协同);无人驾驶;卫星导航;智能座舱;机器视觉;数据安全;财税数字化;鸿蒙概念;时空大数据;百度概念;国产操作系统;智慧政务;智慧城市;人工智能;AI智能体;华为概念;DeepSeek概念;华为汽车;长安汽车概念;小米汽车;汽车电子;机器人概念;小米概念;新能源汽车;AI应用;2025年报预增;融资融券,33,27,301221.SZ,301221
数字水印;MLOps概念;华为欧拉;AI语料;数据确权;数据安全;华为鲲鹏;云计算;智慧政务;网络安全;国产操作系统;信创;AI智能体;腾讯概念;区块链;阿里巴巴概念;数据要素;车联网(车路协同);DeepSeek概念;东数西算(算力);人工智能;华为概念;独角兽概念;数据中心;工业互联网;京津冀一体化;AI应用;深股通;融资融券,33,29,300369.SZ,300369
雄安新区;百度概念;光纤概念;信创;互联网保险;华为概念;数字乡村;DeepSeek概念;京津冀一体化;融资融券;智慧政务;乡村振兴;互联网金融;数据要素;移动支付;养老概念;数据中心;智慧城市;网络安全,151,19,920171.BJ,920171
智能家居;虚拟现实;长安汽车概念;MiniLED;汽车电子;元宇宙;消费电子概念;智能座舱;比亚迪概念;特斯拉概念;OLED,17,11,605218.SH,605218
高铁;无人驾驶;比亚迪概念;数字孪生;污水处理;高端装备;机器人概念;芯片概念;物联网;第三代半导体;智能物流;新能源汽车;工业母机;新型工业化;机器视觉;烟草;车联网(车路协同);智能医疗;央企国企改革;工业互联网;融资融券;垃圾分类;专精特新;固废处理;国企改革;京津冀一体化;医疗废物处理;一体化压铸,151,28,920579.BJ,920579
新型城镇化;雄安新区;PPP概念;水利;共同富裕示范区;碳中和;IP经济(谷子经济);区块链,33,8,300649.SZ,300649
ETC;车联网(车路协同);数字孪生;智慧城市;移动支付;数字经济;信创;智慧政务;数据要素;DeepSeek概念;人工智能;无人驾驶;国资云;华为概念;腾讯概念;长安汽车概念;阿里巴巴概念;专精特新;旅游概念;比亚迪概念;5G;国企改革;特斯拉概念;AI应用;深股通;融资融券,33,26,301339.SZ,301339
数据要素;信创;AI智能体;区块链;人工智能;互联网金融;云计算;百度概念;Web3.0;人民币贬值受益;AI应用;沪股通;融资融券,17,13,688588.SH,688588
合成生物;CRO概念;创新药;医疗器械概念;共同富裕示范区;光伏建筑一体化;啤酒概念;智能医疗;智能物流;专精特新;新型工业化;数字孪生;机器人概念;人工智能;光刻胶,33,15,300412.SZ,300412
智能音箱;抖音概念(字节概念);无线耳机;智能穿戴;人工智能;AI眼镜;物联网;汽车芯片;智能医疗;5G;数据中心;智能家居;芯片概念;汽车电子;传感器;先进封装;专精特新;养老概念;存储芯片;2025年报预增;海峡两岸;深股通;融资融券,33,23,300493.SZ,300493
蚂蚁集团概念;人工智能;AIGC概念;阿里巴巴概念;鸿蒙概念;智谱AI;华为概念;数字经济;DeepSeek概念;智慧政务;区块链;京津冀一体化;互联网金融;融资融券;信创;数据要素,151,16,920592.BJ,920592
存储芯片;先进封装;第三代半导体;芯片概念;锂电池概念;消费电子概念;新能源汽车;粤港澳大湾区;华为概念;数据中心;无人机;东数西算(算力);深股通;融资融券,33,14,301348.SZ,301348
PCB概念;共封装光学(CPO);5G;毫米波雷达;专精特新;量子科技;机器人概念;深股通;融资融券,33,9,301628.SZ,301628
注册制次新股;旅游概念;文化传媒概念;国企改革;西部大开发;新股与次新股;融资融券,17,7,603402.SH,603402
智谱AI;在线教育;百度概念;腾讯概念;职业教育;人工智能;数字经济;京津冀一体化;华为概念;足球概念;体育产业;冰雪产业;股权转让(并购重组);国企改革,33,14,002659.SZ,002659
机器人概念;家用电器;物联网;小米概念;比亚迪概念;粤港澳大湾区;人民币贬值受益;智能家居;华为概念;创投;储能;DeepSeek概念;光伏概念;锂电池概念;宠物经济,33,15,300543.SZ,300543
MLOps概念;华为昇腾;华为鲲鹏;信创;ChatGPT概念;智慧政务;网络安全;AIGC概念;AI智能体;军工信息化;数据要素;量子科技;区块链;数字乡村;东数西算(算力);在线教育;车联网(车路协同);商业航天;DeepSeek概念;数字经济;人工智能;智慧城市;数字孪生;ETC;华为概念;低空经济;智能医疗;数据中心;5G;军工;无人驾驶;机器人概念;智能物流;比亚迪概念;养老概念;水利;AI应用;宁德时代概念;汽车热管理;储能;虚拟电厂;新能源汽车;锂电池概念;回购增持再贷款概念;深股通;融资融券,33,46,300520.SZ,300520
三胎概念;共享单车;物业管理;网红经济;两轮车;风电;知识产权保护;融资融券,17,8,600818.SH,600818
减速器;华为汽车;长安汽车概念;智能座舱;工业母机;汽车热管理;汽车电子;新能源汽车;氢能源;无人机;中俄贸易概念;比亚迪概念;新型工业化;机器人概念;国企改革;DeepSeek概念;股权转让(并购重组),17,17,600960.SH,600960
TOPCON电池;HJT电池;氢能源;储能;融资融券;光伏概念;专精特新;BC电池,151,8,920167.BJ,920167
电子身份证;数字乡村;数据要素;军工;智慧政务;华为鲲鹏;数字孪生;DRG/DIP;网络安全;信创;数据安全;智慧城市;财税数字化;数字经济;互联网金融;百度概念;区块链;人工智能;云办公;东数西算(算力);物联网;华为概念;食品安全;家庭医生;智能医疗;工业互联网;数据中心;机器视觉;芯片概念;AI应用,33,30,300730.SZ,300730
快手概念;AIGC概念;云游戏;ChatGPT概念;多模态AI;NFT概念;手机游戏;网络游戏;抖音概念(字节概念);在线教育;文化传媒概念;知识产权保护;脑机接口;元宇宙;阿里巴巴概念;智能医疗;腾讯概念;鸿蒙概念;语音技术;人工智能;DeepSeek概念;IP经济(谷子经济);AI应用;网红经济;虚拟现实;东数西算(算力);华为概念;MR(混合现实);数据中心;三胎概念;机器人概念;人民币贬值受益;液冷服务器;一带一路;深股通;融资融券,33,36,300459.SZ,300459
家用电器;空气能热泵;汽车电子;传感器;消费电子概念;智能家居;机器人概念;充电桩;毫米波雷达;物联网;工业互联网;储能;人脸识别;医疗器械概念;PCB概念;海峡两岸;芯片概念;语音技术;人工智能;回购增持再贷款概念;三胎概念;锂电池概念;DeepSeek概念;智能医疗;养老概念;腾讯概念;宠物经济;AI智能体;融资融券,33,29,301135.SZ,301135
短剧游戏;Sora概念(文生视频);文化传媒概念;AIGC概念;在线教育;AI应用;AI智能体;IP经济(谷子经济);数据要素;智慧政务;智能医疗;云计算;数字乡村;数据安全;算力租赁;DeepSeek概念;时空大数据;人工智能;网络安全;虚拟现实;东数西算(算力);智慧城市;数字孪生;旅游概念;食品安全;车联网(车路协同);安防;卫星导航;物联网;数据中心;低空经济;5G;乡村振兴;国企改革;参股银行;芯片概念;融资融券;沪股通,17,38,601929.SH,601929
免税店;预制菜;冷链物流;统一大市场;跨境电商;IP经济(谷子经济);农业种植;乡村振兴;智能物流;抖音概念(字节概念);国企改革;腾讯概念;可降解塑料;一带一路;深股通,33,15,000759.SZ,000759
职业教育;旅游概念;在线教育;养老概念;人工智能;AI应用;融资融券,17,7,600661.SH,600661
AI应用;AIGC概念;文化传媒概念;手机游戏;网络游戏;抖音概念(字节概念);百度概念;IP经济(谷子经济);职业教育;人工智能;虚拟现实;英伟达概念;深股通;融资融券,33,14,300315.SZ,300315
车联网(车路协同);智能座舱;数据要素;无人驾驶;人工智能;物联网;粤港澳大湾区;消费电子概念;人民币贬值受益;5G;深股通,33,11,002766.SZ,002766
汽车芯片;MCU芯片;OLED;芯片概念;MicroLED概念;消费电子概念;MiniLED;量子科技;国企改革;沪股通;融资融券,17,11,688249.SH,688249
医疗器械概念;人民币贬值受益;风电;高端装备;机器人概念;工业母机;海工装备;2025年报预增;融资融券,33,9,301163.SZ,301163
钙钛矿电池;HJT电池;TOPCON电池;商业航天;硅能源;光伏概念;光伏建筑一体化;储能;华为概念;绿色电力;共同富裕示范区;乡村振兴;深股通;融资融券,33,14,300118.SZ,300118
第三代半导体;芯片概念;机器人概念;NMN概念;乡村振兴;农村电商;免税店;跨境电商;参股银行;互联网金融;证金持股;深股通;融资融券;股权转让(并购重组),33,14,002277.SZ,002277
小红书概念;快手概念;ChatGPT概念;财税数字化;AIGC概念;AI智能体;数据安全;智慧政务;华为鲲鹏;信创;数据要素;百度概念;抖音概念(字节概念);网络安全;阿里巴巴概念;腾讯概念;职业教育;鸿蒙概念;文化传媒概念;区块链;数字乡村;数字经济;人工智能;DeepSeek概念;网红经济;智能医疗;低空经济;华为概念;京津冀一体化;数据中心;跨境电商;化债概念(AMC概念);乡村振兴;雄安新区;AI应用;深股通,33,36,002279.SZ,002279
露营经济;一带一路;国企改革;股权转让(并购重组),33,4,300808.SZ,300808
华为鲲鹏;财税数字化;数据安全;AI智能体;智慧政务;信创;国资云;数据要素;数据确权;网络安全;阿里巴巴概念;百度概念;DeepSeek概念;数字经济;数字孪生;智能医疗;人工智能;智慧城市;车联网(车路协同);东数西算(算力);独角兽概念;华为概念;物联网;京津冀一体化;养老概念;创投;无人驾驶;数据中心;乡村振兴;雄安新区;央企国企改革;国企改革;华为数字能源;PPP概念;一带一路;深股通;融资融券,33,37,300212.SZ,300212
C2M概念;跨境电商,17,2,603116.SH,603116
工业母机;新型工业化;小米概念;新能源汽车;家用电器;机器人概念;高端装备;换电概念;充电桩;智能物流;储能;大飞机;军工;一带一路;创投;锂电池概念;固态电池;深股通;股权转让(并购重组);融资融券,33,20,002026.SZ,002026
先进封装;MCU芯片;芯片概念;汽车电子;消费电子概念;传感器;专精特新;5G;数字货币;沪股通;融资融券,17,11,688362.SH,688362
AI眼镜;OLED;毫米波雷达;智能座舱;人形机器人;汽车电子;商业航天;特斯拉概念;共封装光学(CPO);飞行汽车(eVTOL);无人机;PCB概念;无人驾驶;光伏概念;脑机接口;5G;低空经济;机器人概念;新能源汽车;数据中心;东数西算(算力);储能;充电桩;粤港澳大湾区;人民币贬值受益;海峡两岸;国企改革;股权转让(并购重组);融资融券;沪股通,17,30,603920.SH,603920
Sora概念(文生视频);Web3.0;云办公;多模态AI;虚拟数字人;在线教育;信创;AI应用;鸿蒙概念;元宇宙;空间计算;国产操作系统;DeepSeek概念;数字经济;智能医疗;人工智能;东数西算(算力);虚拟现实;华为概念;数据中心;5G,33,21,300578.SZ,300578
知识产权保护;文化传媒概念;短剧游戏;数据确权;Sora概念(文生视频);NFT概念;AI语料;元宇宙;数字水印;AIGC概念;数据安全;AI智能体;IP经济(谷子经济);云计算;区块链;网络安全;数字货币;跨境支付(CIPS);移动支付;DeepSeek概念;人工智能;车联网(车路协同);互联网金融;ETC;安防;华为概念;星闪概念;WiFi 6;无人机;商业航天;华为海思概念股;5G;芯片概念;光纤概念;AI应用;融资融券;AI手机;深股通,33,38,300079.SZ,300079
融资融券;专精特新;芯片概念;PCB概念,151,4,920526.BJ,920526
ERP概念;DeepSeek概念;人工智能;跨境电商;AI应用;智能物流;人民币贬值受益;深股通;融资融券,33,9,301381.SZ,301381
2025年报预增;商业航天;数据中心;量子科技;算力租赁;百度概念;阿里巴巴概念;长安汽车概念;比亚迪概念;飞行汽车(eVTOL);融资融券;DeepSeek概念;云计算;华为概念;华为昇腾;智谱AI;华为鲲鹏;东数西算(算力);在线教育;AIGC概念;数字经济;低空经济,151,22,920493.BJ,920493
互联网金融;信创;鸿蒙概念;数据要素;AI智能体;百度概念;数字经济;AIGC概念;腾讯概念;DeepSeek概念;人工智能;华为概念;2025年报预增;AI应用;深股通,33,15,300380.SZ,300380
染料;可降解塑料;新型工业化;小米概念;专精特新;露营经济;充电桩;华为概念;深股通,33,9,300848.SZ,300848
汽车热管理;传感器;长安汽车概念;比亚迪概念;新能源汽车;汽车电子;专精特新;燃料电池;氢能源;储能;一带一路;国企改革;沪股通,17,13,603013.SH,603013
MLOps概念;智谱AI;AI智能体;虚拟数字人;云计算;鸿蒙概念;数据要素;智慧政务;阿里巴巴概念;百度概念;区块链;腾讯概念;DeepSeek概念;数字经济;人工智能;智慧城市;华为概念;房屋检测;AI应用;沪股通;融资融券,17,21,688232.SH,688232
家庭医生;智慧政务;AI智能体;数据要素;智慧城市;智能医疗;人工智能;DeepSeek概念;鸿蒙概念;养老概念;安防;物联网;华为概念;数据中心;医疗器械概念;碳中和;AI应用,33,17,002178.SZ,002178
核电;氢能源;海工装备;长三角一体化;专精特新;共同富裕示范区;一带一路;芯片概念;天然气;2025年报预增;沪股通,17,11,603173.SH,603173
车联网(车路协同);物联网;低空经济;京津冀一体化;创投;无人机;机器人概念;抖音概念(字节概念);手机游戏;网络游戏;5G;芯片概念;融资融券;深股通,33,14,002148.SZ,002148
小红书概念;Sora概念(文生视频);短剧游戏;AIGC概念;虚拟数字人;NFT概念;抖音概念(字节概念);文化传媒概念;知识产权保护;网络游戏;手机游戏;AI智能体;阿里巴巴概念;百度概念;腾讯概念;数据确权;数据要素;蚂蚁集团概念;鸿蒙概念;区块链;人工智能;DeepSeek概念;数字经济;虚拟现实;互联网金融;智慧城市;华为概念;跨境电商;旅游概念;AI应用;乡村振兴;西部大开发;国企改革;融资融券;股权转让(并购重组);沪股通,17,36,600880.SH,600880
新型城镇化;装配式建筑;一带一路;粤港澳大湾区;低空经济;数字经济;人工智能;文化传媒概念;百度概念,33,9,002949.SZ,002949
短剧游戏;快手概念;文化传媒概念;NFT概念;虚拟数字人;知识产权保护;在线教育;数据确权;蚂蚁集团概念;百度概念;阿里巴巴概念;职业教育;数字经济;托育服务;三胎概念;AI应用;创投;低空经济;共同富裕示范区;国企改革;长三角一体化;融资融券,33,22,000607.SZ,000607
一体化压铸;新能源汽车;机器人概念;特斯拉概念;汽车拆解概念;无人驾驶,17,6,603190.SH,603190
AI应用;AI语料;AIGC概念;ERP概念;AI智能体;财税数字化;华为鲲鹏;数据要素;智慧政务;信创;区块链;网络安全;人工智能;跨境支付(CIPS);数字经济;互联网金融;小米概念;融资融券,33,18,300996.SZ,300996
PET铜箔;锂电池概念;光伏概念;OLED;柔性屏(折叠屏);可降解塑料;绿色电力;消费电子概念;建筑节能;小米概念;参股银行;华为概念;区块链;融资融券;深股通,33,15,002585.SZ,002585
车联网(车路协同);无人驾驶;低空经济;长安汽车概念;飞行汽车(eVTOL);华为汽车;卫星导航;智能座舱;汽车电子;比亚迪概念;新能源汽车;OLED;锂电池概念;固态电池;融资融券,33,15,300928.SZ,300928
光伏建筑一体化;光伏概念;虚拟电厂;风电;储能;绿色电力;锂电池概念;粤港澳大湾区;国企改革;OLED;华为概念,33,11,300317.SZ,300317
HJT电池;钙钛矿电池;建筑节能;光伏建筑一体化;雄安新区;工业互联网;装配式建筑;一带一路;储能;沪股通;融资融券,17,11,600477.SH,600477
智慧城市;人工智能;数据要素;DeepSeek概念;AI智能体;工业互联网;专精特新;芯片概念;空气能热泵;第三代半导体;碳中和;新疆振兴;AI应用;融资融券,33,14,301129.SZ,301129
小红书概念;快手概念;Web3.0;拼多多概念;NFT概念;虚拟数字人;AIGC概念;ChatGPT概念;文化传媒概念;多模态AI;抖音概念(字节概念);AI智能体;网红经济;元宇宙;智慧政务;百度概念;腾讯概念;阿里巴巴概念;区块链;数字乡村;数字经济;人工智能;DeepSeek概念;体育产业;京津冀一体化;机器视觉;AI应用;数据中心;乡村振兴;长安汽车概念;融资融券,33,31,300612.SZ,300612
铜缆高速连接;5G;液冷服务器;高压快充;毫米波雷达;6G概念;光伏概念;比亚迪概念;新能源汽车;特斯拉概念;储能;数据中心;充电桩;专精特新;2025年报预增;人形机器人;换电概念;军工;机器人概念;商业航天;飞行汽车(eVTOL);卫星导航;军民融合;低空经济;医疗器械概念;沪股通;融资融券,17,27,688800.SH,688800
小红书概念;拼多多概念;虚拟数字人;AI智能体;抖音概念(字节概念);阿里巴巴概念;网红经济;AI应用;数字经济;DeepSeek概念;人工智能;跨境电商;融资融券,33,13,301001.SZ,301001
Sora概念(文生视频);算力租赁;腾讯概念;区块链;华为昇腾;DeepSeek概念;东数西算(算力);创投;物业管理;粤港澳大湾区;深股通;融资融券,33,12,002575.SZ,002575
仿制药一致性评价;青蒿素;医疗器械概念;医药电商;创新药;肝炎概念;流感;合成生物;猴痘概念;幽门螺杆菌概念,33,10,002923.SZ,002923
云游戏;云办公;AIGC概念;云计算;AI智能体;华为鲲鹏;抖音概念(字节概念);数据安全;阿里巴巴概念;智慧政务;数据要素;腾讯概念;蚂蚁集团概念;元宇宙;鸿蒙概念;DeepSeek概念;东数西算(算力);AI应用;人工智能;数字经济;互联网金融;智慧城市;华为概念;物联网;5G;粤港澳大湾区;智能家居;华为手机;回购增持再贷款概念;深股通;融资融券,33,31,301382.SZ,301382
数字孪生;AI智能体;机器视觉;数字经济;人工智能;DeepSeek概念;物联网;新型城镇化;工业互联网;跨境电商;机器人概念;水利;海峡两岸;雄安新区;中俄贸易概念;海工装备;土壤修复;建筑节能;碳中和;雅下水电概念;垃圾分类;一带一路;核电;固废处理,17,24,603280.SH,603280
TOPCON电池;互联网金融;光伏概念,33,3,002634.SZ,002634
ChatGPT概念;云计算;虚拟数字人;抖音概念(字节概念);数据安全;AI智能体;算力租赁;华为鲲鹏;智慧政务;阿里巴巴概念;腾讯概念;在线教育;信创;国产操作系统;鸿蒙概念;网络安全;数据要素;区块链;语音技术;东数西算(算力);蚂蚁集团概念;DeepSeek概念;人工智能;时空大数据;数字经济;智能医疗;智慧城市;华为概念;互联网金融;物联网;AI应用;数据中心;低空经济;创投;芯片概念;共同富裕示范区;智能电网;虚拟电厂;融资融券;沪股通,17,40,600797.SH,600797
无人机;碳纤维;3D打印;5G;机器人概念;网约车;创投;新型烟草(电子烟);消费电子概念;OLED;新能源汽车;PCB概念;可降解塑料;NMN概念;2025年报预增,33,15,300221.SZ,300221
土壤修复;污水处理;固废处理;融资融券,17,4,688701.SH,688701
工业母机;新型工业化;传感器;机器视觉;先进封装;机器人概念;芯片概念;高端装备;工业互联网;物联网;专精特新;智能物流;粤港澳大湾区;职业教育;创投;污水处理;深股通;融资融券,33,18,301510.SZ,301510
跨境支付(CIPS);移动支付;ChatGPT概念;AI智能体;百度概念;信创;数据安全;阿里巴巴概念;互联网金融;数字水印;数字经济;DeepSeek概念;人工智能;独角兽概念;量子科技;华为概念;创投;共同富裕示范区;参股券商;沪股通;融资融券,17,21,600571.SH,600571
华为盘古;华为昇腾;ChatGPT概念;华为鲲鹏;智谱AI;AI智能体;AIGC概念;信创;数字货币;蚂蚁集团概念;数据要素;鸿蒙概念;阿里巴巴概念;区块链;抖音概念(字节概念);腾讯概念;小红书概念;快手概念;互联网金融;DeepSeek概念;数字经济;人工智能;东数西算(算力);车联网(车路协同);华为概念;无人机;无人驾驶;创投;智能座舱;粤港澳大湾区;AI应用;比亚迪概念;特斯拉概念;一带一路;深股通;融资融券,33,36,300925.SZ,300925
华为汽车;注册制次新股;新能源汽车;专精特新;比亚迪概念;新股与次新股;融资融券,17,7,603409.SH,603409
信创;AI智能体;车联网(车路协同);AIGC概念;算力租赁;DeepSeek概念;商业航天;低空经济;华为概念;物联网;智慧灯杆;创投;工业互联网;数据中心;5G;粤港澳大湾区;机器人概念;充电桩;光伏概念;储能;共封装光学(CPO);深股通;融资融券,33,23,300310.SZ,300310
卫星导航;低空经济;智慧灯杆;西部大开发;智慧城市;创投;换电概念;数字孪生;车联网(车路协同);人工智能;数据要素;物联网;无人驾驶;DeepSeek概念;充电桩;智慧政务;虚拟电厂;智能家居;虚拟数字人;华为概念;新能源汽车;腾讯概念;AI智能体;储能;东数西算(算力);华为数字能源;数据中心;锂电池概念;AI应用,17,29,603679.SH,603679
回购增持再贷款概念;人民币贬值受益;沪股通;融资融券,17,4,688073.SH,688073
汽车拆解概念;无人驾驶;物联网;阿里巴巴概念;华为汽车;减速器;智能物流;高端装备;汽车电子;比亚迪概念;新能源汽车;芯片概念;西部大开发;先进封装;深股通;融资融券,33,16,000981.SZ,000981
冰雪产业;旅游概念;AI应用;IP经济(谷子经济);体育产业;跨境支付(CIPS);足球概念;区块链;露营经济;AI智能体;阿里巴巴概念;互联网金融;人工智能;乡村振兴;京津冀一体化;宠物经济;一带一路;深股通;融资融券,33,19,002707.SZ,002707
钙钛矿电池;HJT电池;第三代半导体;MicroLED概念;光伏概念;高端装备;MiniLED;新型工业化;芯片概念;先进封装;OLED;存储芯片;锂电池概念;回购增持再贷款概念;融资融券;深股通,33,16,300751.SZ,300751
三胎概念;西部大开发;深股通,33,3,003006.SZ,003006
智能座舱;ETC;无人驾驶;车联网(车路协同);星闪概念;机器视觉;汽车电子;传感器;数据要素;智慧城市;数字孪生;华为概念;机器人概念;京津冀一体化;人形机器人;深股通,33,16,300552.SZ,300552
染料;百度概念;东数西算(算力);AIGC概念;多模态AI;算力租赁;区块链;独角兽概念;Sora概念(文生视频);DeepSeek概念;军工;人工智能;海工装备;柔性屏(折叠屏);芯片概念;IP经济(谷子经济);英伟达概念;C2M概念;长三角一体化;污水处理;PPP概念;宠物经济;AI应用;深股通;融资融券,33,25,300067.SZ,300067
三胎概念;宠物经济;跨境电商;养老概念;医疗器械概念;专精特新;融资融券,33,7,301009.SZ,301009
数字货币;移动支付;电子身份证;跨境支付(CIPS);人脸识别;数字经济;信创;区块链;物联网;智慧政务;华为概念;人工智能;DeepSeek概念;鸿蒙概念;机器视觉;数据要素;工业互联网;数据安全;机器人概念;数据确权;军工;智能物流;粤港澳大湾区;食品安全;智能音箱;智能医疗;专精特新;华为海思概念股;消费电子概念;拼多多概念;中俄贸易概念;芯片概念;智能电网;深股通,33,34,300531.SZ,300531
MLOps概念;算力租赁;抖音概念(字节概念);AIGC概念;云计算;华为鲲鹏;百度概念;东数西算(算力);区块链;DeepSeek概念;数字经济;数据中心;华为概念;液冷服务器;工业互联网;京津冀一体化;深股通;融资融券,33,18,300383.SZ,300383
AI应用;AI智能体;虚拟现实;融资融券;空间计算;虚拟数字人;职业教育;智能医疗;数字经济;华为概念;智慧城市;芯片概念;智慧政务;元宇宙;多模态AI;网络安全;数字孪生;信创;数据要素;数据中心;数据安全;华为鲲鹏;鸿蒙概念;华为昇腾;人工智能;东数西算(算力);DeepSeek概念;云计算;AIGC概念;专精特新,151,30,920207.BJ,920207
文化传媒概念;在线教育;AIGC概念;多模态AI;数据安全;华为鲲鹏;数据要素;网络安全;信创;人工智能;数字孪生;华为概念;回购增持再贷款概念;融资融券,17,14,688004.SH,688004
工业互联网;数字孪生;华为概念;机器视觉;智能物流;区块链;机器人概念;新型工业化;华为鲲鹏;5G;比亚迪概念;一带一路;储能;特斯拉概念;宁德时代概念;统一大市场;股权转让(并购重组);深股通,33,18,300532.SZ,300532
钠离子电池;固态电池;富士康概念;锂电池概念;比亚迪概念;无人机;华为概念;有机硅概念;消费电子概念;粤港澳大湾区;新能源汽车;氟化工概念;充电桩;人形机器人;摘帽,33,15,002388.SZ,002388
脑机接口;PM2.5;福建自贸区;智能医疗;海峡两岸;安防;信创;鸿蒙概念;智慧城市;人工智能;人脸识别;多模态AI;养老概念;华为概念;DeepSeek概念;阿里巴巴概念;专精特新;小米概念;智能家居;机器人概念;智能物流;融资融券,33,22,300884.SZ,300884
净水概念;长三角一体化;人工智能;家用电器;智能家居;无人驾驶;深股通,33,7,002677.SZ,002677
无人零售;智能物流;机器人概念;物联网;机器视觉;新型工业化;换电概念;传感器;人工智能;数字货币;冷链物流;信创;智慧政务;锂电池概念;芯片概念;虚拟数字人;PCB概念;深股通;融资融券,33,19,002376.SZ,002376
数据安全;华为鲲鹏;信创;云计算;华为欧拉;云办公;网络安全;国产操作系统;DeepSeek概念;华为概念;商业航天;养老概念;机器人概念;专精特新;人形机器人;智能电网;融资融券,17,17,688152.SH,688152
Web3.0;军工信息化;云办公;智慧政务;华为鲲鹏;数据安全;在线教育;网络安全;信创;数据要素;区块链;鸿蒙概念;数字经济;虚拟现实;智慧城市;安防;核污染防治;人工智能;福建自贸区;军工;华为概念;物联网;海峡两岸;物业管理;电力物联网;AI应用;智能电网;融资融券,33,28,002474.SZ,002474
蚂蚁集团概念;AI智能体;AI应用;数据要素;电力物联网;阿里巴巴概念;华为鲲鹏;区块链;DeepSeek概念;人工智能;数字经济;智能电网;虚拟电厂;华为概念;光伏概念;物联网;工业互联网;车联网(车路协同);碳中和;充电桩;绿色电力;新能源汽车;融资融券;深股通,33,24,300682.SZ,300682
人形机器人;养鸡;机器人概念;猪肉;粤港澳大湾区;物业管理;乡村振兴;IP经济(谷子经济);文化传媒概念;融资融券;深股通,33,11,000048.SZ,000048
快手概念;小红书概念;短剧游戏;AIGC概念;AI应用;抖音概念(字节概念);文化传媒概念;云计算;阿里巴巴概念;腾讯概念;百度概念;数据要素;国资云;元宇宙;区块链;DeepSeek概念;职业教育;IP经济(谷子经济);人工智能;体育产业;数据中心;横琴新区;跨境电商;创投;粤港澳大湾区;国企改革;长安汽车概念;深股通;融资融券,33,29,002400.SZ,002400
AI应用;AIGC概念;ChatGPT概念;AI智能体;华为昇腾;华为鲲鹏;阿里巴巴概念;数据要素;智慧政务;腾讯概念;鸿蒙概念;信创;DeepSeek概念;人工智能;数字经济;化债概念(AMC概念);融资融券,33,17,301378.SZ,301378
碳纤维;消费电子概念;光伏概念;融资融券,33,4,301237.SZ,301237
装配式建筑;房屋检测;新型城镇化;雄安新区;建筑节能;乡村振兴;数字孪生;碳中和;医疗废物处理;智慧城市;车联网(车路协同);光伏建筑一体化;风电;DeepSeek概念;绿色电力;虚拟数字人;人工智能;虚拟现实;华为昇腾;AIGC概念;华为概念;储能;东数西算(算力);光伏概念;数据中心,33,25,300500.SZ,300500
存储芯片;MCU芯片;汽车芯片;芯片概念;PCB概念;注册制次新股;汽车电子;传感器;专精特新;机器人概念;物联网;工业互联网;人工智能;商业航天;智能物流;DeepSeek概念;数据要素;AI智能体;深股通;新股与次新股;融资融券,33,21,301563.SZ,301563
汽车芯片;MCU芯片;芯片概念;消费电子概念;专精特新;充电桩;电力物联网;储能;智能电网;融资融券,17,10,688391.SH,688391
数字货币;财税数字化;区块链;智慧政务;互联网金融;华为鲲鹏;信创;百度概念;数据要素;鸿蒙概念;AI智能体;云计算;数字经济;ChatGPT概念;ERP概念;智慧城市;虚拟数字人;AIGC概念;人工智能;华为概念;跨境电商;养老概念;机器人概念;比亚迪概念;AI应用;深股通;融资融券,33,27,002530.SZ,002530
PEEK材料;减速器;华为汽车;比亚迪概念;新能源汽车;小米概念;智能座舱;机器人概念;无人机;专精特新;家用电器;华为概念;智能家居;深股通,33,14,300539.SZ,300539
碳纤维;新能源汽车;5G;芯片概念;燃料电池;回购增持再贷款概念;中俄贸易概念;人民币贬值受益;共同富裕示范区;一带一路;股权转让(并购重组),33,11,002725.SZ,002725
航空发动机;军民融合;军工;3D打印;高铁;融资融券,17,6,688231.SH,688231
ChatGPT概念;AIGC概念;手机游戏;云计算;AI智能体;网络游戏;在线教育;智慧政务;数据安全;算力租赁;信创;区块链;网络安全;DeepSeek概念;东数西算(算力);人工智能;数字经济;职业教育;人脸识别;智慧城市;数字孪生;华为概念;数据中心;物联网;工业互联网;5G;创投;电力物联网;机器人概念;AI应用;智能电网;乡村振兴;深股通;融资融券,33,34,300002.SZ,300002
物业管理;天津自贸区;国企改革;京津冀一体化;股权转让(并购重组);融资融券,17,6,600322.SH,600322
智慧城市;车联网(车路协同);物联网;东数西算(算力);人工智能;华为概念;智慧灯杆;智能家居;阿里巴巴概念;智能座舱;DeepSeek概念;无人驾驶;5G;小米概念;卫星导航;无人机;汽车电子;数据中心;机器人概念;粤港澳大湾区;工业互联网;比亚迪概念;充电桩;液冷服务器;储能;国企改革;新疆振兴;股权转让(并购重组),33,28,002313.SZ,002313
基因测序;猴痘概念;医疗器械概念;幽门螺杆菌概念;流感;融资融券,17,6,688426.SH,688426
国产航母;军民融合;海工装备;军工;高端装备;风电;沪股通;融资融券,17,8,601890.SH,601890
智能医疗;AI应用;血氧仪;养老概念;人工智能;医疗器械概念;区块链;三胎概念;无人零售;体育产业;华为概念;智能穿戴;人民币贬值受益;无线耳机;传感器;芯片概念,33,16,300562.SZ,300562
人形机器人;机器人概念;传感器;苹果概念;华为概念;专精特新;消费电子概念;沪股通,17,8,605488.SH,605488
机器人概念;燃料电池;风电;一带一路;沪股通;股权转让(并购重组);融资融券,17,7,688585.SH,688585
BC电池;钙钛矿电池;TOPCON电池;光伏概念;高端装备;固态电池;芯片概念;机器视觉;共封装光学(CPO);锂电池概念;储能;沪股通;融资融券,17,13,688516.SH,688516
机器视觉;数字孪生;钙钛矿电池;机器人概念;人工智能;云计算;光伏概念;融资融券;无人机;储能;专精特新,151,11,920414.BJ,920414
电子竞技;拼多多概念;光纤概念;创投;物联网;手机游戏;无人驾驶;水利;阿里巴巴概念;毫米波雷达;5G;WiFi 6;芯片概念;股权转让(并购重组),33,14,300710.SZ,300710
数字货币;跨境支付(CIPS);蚂蚁集团概念;信创;云计算;数据要素;鸿蒙概念;AI智能体;互联网金融;数字经济;腾讯概念;阿里巴巴概念;人工智能;DeepSeek概念;商业航天;东数西算(算力);华为概念;数据中心;AI应用;深股通;融资融券,33,21,301208.SZ,301208
装配式建筑;空气能热泵;一带一路;海峡两岸;智能家居;智能物流;回购增持再贷款概念;人民币贬值受益;3D打印;物联网,33,10,002084.SZ,002084
锂电池概念;专精特新;人民币贬值受益;跨境电商;融资融券,33,5,301448.SZ,301448
PM2.5;家用电器;高铁;粤港澳大湾区;建筑节能;融资融券,33,6,301043.SZ,301043
国资云;智慧政务;云计算;数据安全;ChatGPT概念;AI智能体;信创;华为鲲鹏;区块链;华为昇腾;百度概念;数据要素;阿里巴巴概念;腾讯概念;网络安全;多模态AI;数字乡村;DeepSeek概念;数字经济;人工智能;互联网金融;智慧城市;东数西算(算力);数字孪生;虚拟现实;独角兽概念;车联网(车路协同);华为概念;物联网;智能医疗;星闪概念;京津冀一体化;数据中心;工业互联网;5G;新型工业化;电力物联网;乡村振兴;华为数字能源;基因测序;国企改革;碳中和;AI应用;深股通,33,44,002642.SZ,002642
跨境电商;污水处理;宠物经济;净水概念;海峡两岸;小红书概念;股权转让(并购重组);机器视觉;光伏概念;锂电池概念;AI应用,17,11,600539.SH,600539
合成生物;维生素;2025年报预增;专精特新,17,4,603079.SH,603079
中芯国际概念;光刻机;芯片概念;PM2.5;沪股通;融资融券,17,6,688376.SH,688376
短剧游戏;AIGC概念;虚拟数字人;文化传媒概念;智慧政务;百度概念;国资云;DeepSeek概念;人工智能;西部大开发;国企改革;融资融券,33,12,300987.SZ,300987
数字货币;移动支付;蚂蚁集团概念;Web3.0;跨境支付(CIPS);ChatGPT概念;AI智能体;区块链;信创;数据要素;数据安全;腾讯概念;抖音概念(字节概念);DeepSeek概念;人工智能;东数西算(算力);华为概念;文化传媒概念;物联网;数据中心;化债概念(AMC概念);比亚迪概念;芯片概念;深股通,33,24,300465.SZ,300465
华为盘古;AI语料;华为鲲鹏;AI智能体;虚拟数字人;智慧政务;云计算;在线教育;数据要素;阿里巴巴概念;鸿蒙概念;蚂蚁集团概念;网络安全;区块链;元宇宙;数字货币;空间计算;移动支付;数字乡村;算力租赁;DeepSeek概念;数字经济;人脸识别;职业教育;人工智能;智慧城市;虚拟现实;华为概念;物联网;食品安全;养老概念;创投;机器人概念;水利;人形机器人;AI应用;乡村振兴;智能电网;深股通,33,39,300248.SZ,300248
钙钛矿电池;HJT电池;TOPCON电池;硅能源;固态电池;虚拟电厂;光伏概念;新型城镇化;锂电池概念;储能;PPP概念,17,11,603778.SH,603778
ChatGPT概念;智谱AI;DRG/DIP;AI智能体;数据确权;华为鲲鹏;在线教育;财税数字化;智慧政务;抖音概念(字节概念);百度概念;蚂蚁集团概念;数据要素;阿里巴巴概念;数据安全;腾讯概念;信创;区块链;DeepSeek概念;职业教育;人工智能;互联网金融;语音技术;华为概念;AI应用;深股通;融资融券,33,27,300271.SZ,300271
钠离子电池;固态电池;新能源汽车;飞行汽车(eVTOL);同花顺果指数;华为手机;消费电子概念;人形机器人;锂电池概念;小米概念;智能穿戴;苹果概念;储能;家用电器;机器人概念;无人机;人民币贬值受益;低空经济;粤港澳大湾区;回购增持再贷款概念;华为概念;DeepSeek概念;融资融券;沪股通,17,24,688772.SH,688772
核污染防治;水利;新型城镇化;物联网;海工装备;专精特新;污水处理;智慧城市;碳中和;数字经济;数据要素;AIGC概念;融资融券,17,13,688671.SH,688671
啤酒概念;海峡两岸;回购增持再贷款概念;股权转让(并购重组),33,4,002969.SZ,002969
无人驾驶;卫星导航;车联网(车路协同);低空经济;机器视觉;物联网;信创;数据安全;鸿蒙概念;智慧城市;华为鲲鹏;数据要素;人工智能;华为昇腾;机器人概念;DeepSeek概念;在线教育;ChatGPT概念;东数西算(算力);芯片概念;职业教育;专精特新;人形机器人;比亚迪概念;新能源汽车;充电桩;智能电网;高压快充;光伏概念;储能;参股银行;AI应用;沪股通,17,33,603528.SH,603528
冰雪产业;碳中和;特斯拉概念;建筑节能;专精特新;数据中心;冷链物流;融资融券,33,8,301010.SZ,301010
AI应用;融资融券;拼多多概念;ERP概念;抖音概念(字节概念);小红书概念;阿里巴巴概念,151,7,920227.BJ,920227
网红经济;医美概念;DeepSeek概念;创投;沪股通,17,5,603630.SH,603630
华为欧拉;数据安全;云计算;华为鲲鹏;信创;阿里巴巴概念;腾讯概念;数据要素;DeepSeek概念;数字经济;互联网金融;华为概念;专精特新;融资融券,17,14,688435.SH,688435
数字水印;数据安全;网络安全;信创;华为鲲鹏;鸿蒙概念;国产操作系统;云计算;智慧政务;财税数字化;AI智能体;腾讯概念;DeepSeek概念;人工智能;东数西算(算力);安防;华为概念;物联网;ETC;工业互联网;数据中心;新型工业化;5G;智能电网;深股通;融资融券,33,26,300768.SZ,300768
汽车芯片;MCU芯片;无线耳机;EDR概念;芯片概念;消费电子概念;汽车电子;车联网(车路协同);网络安全;人脸识别;移动支付;无人机;华为概念;数据安全;物联网;量子科技;数字货币;3D打印;人形机器人;机器人概念;区块链;智能家居;工业互联网;光伏概念;新能源汽车;粤港澳大湾区;充电桩;知识产权保护;宁德时代概念;储能;锂电池概念;医疗器械概念;石墨电极;深股通;融资融券,33,35,300077.SZ,300077
宁德时代概念;特斯拉概念;人民币贬值受益;融资融券;机器人概念;人形机器人;无人驾驶;新能源汽车,151,8,920533.BJ,920533
文化传媒概念;手机游戏;网络游戏;NFT概念;电子竞技;IP经济(谷子经济);抖音概念(字节概念);云游戏;元宇宙;腾讯概念;AI应用;鸿蒙概念;人工智能;跨境电商;三胎概念;华为概念;横琴新区;数字货币;粤港澳大湾区;人民币贬值受益;深股通,33,21,300043.SZ,300043
星闪概念;东数西算(算力);算力租赁;存储芯片;阿里巴巴概念;云计算;5G;信创;AI智能体;数据中心;华为概念;鸿蒙概念;智慧政务;数据要素;人工智能;物联网;车联网(车路协同);智慧城市;专精特新;机器人概念;无人机;比亚迪概念;低空经济;粤港澳大湾区;电力物联网;水利;智能电网;沪股通;融资融券,17,29,688159.SH,688159
光纤概念;百度概念;华为昇腾;东数西算(算力);卫星导航;机器视觉;华为概念;无人驾驶;华为鲲鹏;安防;机器人概念;人工智能;智慧灯杆;人脸识别;车联网(车路协同);物联网;工业互联网;智慧城市;共同富裕示范区;冷链物流;股权转让(并购重组),33,21,300270.SZ,300270
比亚迪概念;长安汽车概念;机器人概念;专精特新;农机;数字经济,33,6,003033.SZ,003033
小红书概念;快手概念;智谱AI;短剧游戏;Web3.0;ChatGPT概念;AIGC概念;虚拟数字人;抖音概念(字节概念);AI智能体;NFT概念;百度概念;阿里巴巴概念;文化传媒概念;在线教育;腾讯概念;元宇宙;DeepSeek概念;人工智能;职业教育;网红经济;虚拟现实;AI应用;华为概念;跨境电商;创投;深股通;融资融券,33,28,300058.SZ,300058
MCU芯片;汽车芯片;AI PC;AI眼镜;星闪概念;芯片概念;消费电子概念;小米概念;传感器;无人机;物联网;专精特新;华为概念;机器人概念;鸿蒙概念;锂电池概念;沪股通;融资融券,17,18,688595.SH,688595
短剧游戏;AI应用;Sora概念(文生视频);文化传媒概念;AIGC概念;IP经济(谷子经济);抖音概念(字节概念);腾讯概念;阿里巴巴概念;西部大开发;新疆振兴;深股通,33,12,001330.SZ,001330
虚拟数字人;多模态AI;在线教育;AI智能体;腾讯概念;阿里巴巴概念;信创;职业教育;人工智能;DeepSeek概念;华为概念;AI应用;体育产业;西部大开发;深股通,33,15,300559.SZ,300559
2025年报预增;锂电池概念;长三角一体化;海峡两岸;芯片概念;食品安全;创投,33,7,002787.SZ,002787
人脸识别;人工智能;华为概念;军工;机器人概念;汽车电子;专精特新;基因测序;充电桩;OLED,33,10,300306.SZ,300306
在线教育;职业教育;数字经济;DeepSeek概念;人工智能;横琴新区;三胎概念;创投,33,8,300359.SZ,300359
鸿蒙概念;华为概念;新型工业化;融资融券,17,4,688657.SH,688657
航空发动机;大飞机;军民融合;商业航天;军工;海工装备;无人机;高端装备;专精特新;西部大开发;融资融券;深股通,33,12,300775.SZ,300775
AI应用;ERP概念;AIGC概念;AI智能体;数据要素;互联网金融;人工智能;DeepSeek概念;数字经济;华为概念;机器视觉;工业互联网;智能物流;无人驾驶;新型工业化;机器人概念;烟草;数据中心;融资融券,33,19,301315.SZ,301315
Sora概念(文生视频);AIGC概念;智谱AI;在线教育;财税数字化;AI智能体;百度概念;智慧政务;腾讯概念;信创;DeepSeek概念;人工智能;语音技术;托育服务;京津冀一体化;旅游概念;机器人概念;AI应用;PPP概念;融资融券;深股通,33,21,300010.SZ,300010
注册制次新股;汽车热管理;宁德时代概念;储能;锂电池概念;新能源汽车;专精特新;华为概念;深股通;新股与次新股;融资融券,33,11,301667.SZ,301667
智能医疗;2025年报预增;医疗器械概念;专精特新;机器人概念;沪股通;融资融券,17,7,688085.SH,688085
人形机器人;传感器;汽车芯片;机器人概念;比亚迪概念;新能源汽车;无人驾驶;专精特新;华为概念;粤港澳大湾区;储能;创投;深股通;融资融券,33,14,301413.SZ,301413
国企改革;高端装备;军民融合;风电;海工装备;核电;股权转让(并购重组),33,7,002633.SZ,002633
手机游戏;职业教育;文化传媒概念;在线教育;腾讯概念;人脸识别;数字孪生;元宇宙;人工智能;虚拟数字人;鸿蒙概念;DeepSeek概念;虚拟现实;体育产业;语音技术;云办公;物联网;跨境电商;智谱AI;AI应用;京津冀一体化;人形机器人;机器视觉;机器人概念;无人机;三胎概念;海峡两岸,33,27,002599.SZ,002599
家用电器;露营经济;净水概念,33,3,001259.SZ,001259
Sora概念(文生视频);短剧游戏;AI语料;快手概念;文化传媒概念;AIGC概念;ChatGPT概念;虚拟数字人;多模态AI;NFT概念;抖音概念(字节概念);华为盘古;在线教育;华为昇腾;AI智能体;腾讯概念;阿里巴巴概念;百度概念;元宇宙;数据要素;IP经济(谷子经济);虚拟现实;DeepSeek概念;数字经济;人工智能;AI应用;华为概念;小米概念;深股通;融资融券;军工信息化,33,31,300182.SZ,300182
PPP概念;雄安新区;新型城镇化;土壤修复;乡村振兴;农业种植;地下管网;旅游概念;国企改革;碳中和;垃圾分类;污水处理;水利;一带一路;央企国企改革;回购增持再贷款概念;智慧城市;粤港澳大湾区;充电桩;深股通;融资融券,33,21,300197.SZ,300197
消费电子概念;低空经济;先进封装;房屋检测;芯片概念;地下管网;新型城镇化;融资融券,151,8,920427.BJ,920427
商业航天;卫星导航;量子科技;低空经济;专精特新;网络安全;国产操作系统;空间计算;数据安全;数字货币;华为概念;信创;智慧城市;云计算;人工智能;数据要素;DeepSeek概念;融资融券,17,18,688651.SH,688651
流感;医疗器械概念;宠物经济;食品安全;粤港澳大湾区;专精特新;融资融券,33,7,300942.SZ,300942
新型城镇化;充电桩;一带一路;高端装备;固废处理;军工;西部大开发;智慧城市;股权转让(并购重组);腾讯概念;金属回收,33,11,300103.SZ,300103
Sora概念(文生视频);脑机接口;AI语料;多模态AI;华为欧拉;AIGC概念;华为昇腾;Web3.0;华为鲲鹏;虚拟数字人;云计算;信创;鸿蒙概念;智慧政务;元宇宙;阿里巴巴概念;腾讯概念;文化传媒概念;虚拟现实;人脸识别;卫星导航;星闪概念;人工智能;DeepSeek概念;英伟达概念;商业航天;安防;AI PC;低空经济;无人机;智能座舱;人形机器人;机器人概念;专精特新;比亚迪概念;AI应用;沪股通;融资融券,17,38,688039.SH,688039
家庭医生;AIGC概念;百度概念;智能医疗;DeepSeek概念;人工智能;语音技术;养老概念;华为概念;AI应用;医疗器械概念;5G;民营医院;智能穿戴;医药电商;西部大开发;深股通,33,17,300288.SZ,300288
智谱AI;ChatGPT概念;华为盘古;AIGC概念;虚拟数字人;AI语料;小红书概念;华为昇腾;阿里巴巴概念;抖音概念(字节概念);华为鲲鹏;百度概念;腾讯概念;数据安全;数据要素;信创;鸿蒙概念;区块链;网络安全;DeepSeek概念;数字乡村;数字货币;数字经济;跨境支付(CIPS);人工智能;互联网金融;智慧城市;语音技术;虚拟现实;华为概念;物联网;工业互联网;跨境电商;AI应用;无人驾驶;虚拟电厂;深股通;融资融券,33,38,002649.SZ,002649
云办公;Web3.0;华为鲲鹏;数据安全;网络安全;信创;WiFi 6;AI智能体;F5G概念;智慧政务;鸿蒙概念;6G概念;数字乡村;东数西算(算力);虚拟现实;人工智能;卫星导航;数字经济;5G;华为概念;物联网;工业互联网;智能家居;共同富裕示范区;AI应用,33,25,300250.SZ,300250
蚂蚁集团概念;华为昇腾;鸿蒙概念;量子科技;融资融券;跨境支付(CIPS);虚拟现实;虚拟数字人;百度概念;汽车电子;星闪概念;数字货币;华为鲲鹏;华为欧拉;华为概念;信创;人工智能;上海自贸区;互联网金融;ChatGPT概念,151,20,920799.BJ,920799
Web3.0;移动支付;数字货币;信创;电子身份证;数据安全;区块链;跨境支付(CIPS);网络安全;卫星导航;车联网(车路协同);量子科技;低空经济;物联网;华为概念;安防;无人机;横琴新区;工业互联网;5G;粤港澳大湾区;一带一路;中俄贸易概念;消费电子概念;国企改革;深股通;融资融券,33,27,002017.SZ,002017
人形机器人;特斯拉概念;新能源汽车;汽车电子;机器人概念;家用电器;无人机;低空经济;航空发动机;共同富裕示范区;一带一路;国企改革,33,12,002196.SZ,002196
一带一路;智能物流;高端装备;机器人概念;物联网;股权转让(并购重组),33,6,002021.SZ,002021
燃料电池;绿色电力;污水处理;固废处理;新型城镇化;PPP概念;合成生物;股权转让(并购重组),33,8,300692.SZ,300692
物业管理;乡村振兴;中俄贸易概念;预制菜;统一大市场;垃圾分类;冷链物流;海工装备;国企改革;一带一路;参股券商;绿色电力;参股保险;跨境电商;创投;三胎概念;期货概念;医疗器械概念;蚂蚁集团概念;沪股通,17,20,600981.SH,600981
BC电池;钙钛矿电池;POE胶膜;光伏概念;新能源汽车;融资融券,17,6,688680.SH,688680
数字货币;移动支付;财税数字化;互联网金融;区块链;数据确权;智慧政务;华为鲲鹏;信创;鸿蒙概念;百度概念;AI智能体;Web3.0;腾讯概念;阿里巴巴概念;数字经济;智慧城市;ChatGPT概念;元宇宙;在线教育;多模态AI;智谱AI;人工智能;AIGC概念;语音技术;华为概念;虚拟数字人;算力租赁;DeepSeek概念;东数西算(算力);智能座舱;工业互联网;京津冀一体化;数据中心;短剧游戏;化债概念(AMC概念);期货概念;AI应用;深股通;融资融券,33,40,002657.SZ,002657
数据要素;云计算;DeepSeek概念;华为概念;工业互联网;机器人概念;融资融券,17,7,688078.SH,688078
人脸识别;语音技术;车联网(车路协同);信创;鸿蒙概念;智慧政务;智慧城市;人工智能;数字经济;网络安全;DeepSeek概念;安防;华为昇腾;物联网;无人驾驶;机器视觉;AIGC概念;核污染防治;华为概念;多模态AI;机器人概念;人形机器人;传感器;芯片概念;一带一路;冷链物流;存储芯片;深股通,33,28,002990.SZ,002990
人形机器人;储能;光伏概念;水利;新型城镇化;地下管网;绿色电力;PPP概念;回购增持再贷款概念;雅下水电概念;深股通;融资融券,33,12,002062.SZ,002062
BC电池;TOPCON电池;HJT电池;硅能源;光伏概念;军民融合;军工;储能;碳中和;智能电网;机器人概念;人形机器人;智慧城市;华为概念,33,14,300345.SZ,300345
磷化工;化肥;水泥概念;生态农业;农村电商;土壤修复;锂电池概念;国企改革;乡村振兴;深股通,33,10,002470.SZ,002470
智谱AI;华为欧拉;算力租赁;云计算;华为鲲鹏;信创;智慧政务;网络安全;东数西算(算力);英伟达概念;数据中心;DeepSeek概念;数字经济;华为概念;互联网金融;低空经济;物联网;无人驾驶;融资融券,17,19,688316.SH,688316
数字水印;Web3.0;空间计算;数据确权;AIGC概念;虚拟数字人;智慧政务;ChatGPT概念;在线教育;短剧游戏;算力租赁;元宇宙;文化传媒概念;AI智能体;数字乡村;数据安全;IP经济(谷子经济);网络游戏;区块链;量子科技;东数西算(算力);虚拟现实;数字经济;MR(混合现实);人工智能;华为概念;海峡两岸;京津冀一体化;三胎概念;机器人概念;乡村振兴;AI应用;融资融券,33,33,300081.SZ,300081
云办公;Web3.0;智慧政务;虚拟数字人;云计算;在线教育;AIGC概念;华为鲲鹏;华为欧拉;AI智能体;数据确权;财税数字化;信创;数据安全;多模态AI;数据要素;算力租赁;区块链;鸿蒙概念;电子身份证;职业教育;数字经济;DeepSeek概念;人脸识别;互联网金融;人工智能;东数西算(算力);数字孪生;智慧城市;智能医疗;语音技术;车联网(车路协同);华为概念;物联网;数据中心;6G概念;卫星导航;低空经济;工业互联网;5G;C2M概念;乡村振兴;机器人概念;雄安新区;AI应用;消费电子概念;股权转让(并购重组),33,47,300608.SZ,300608
AI应用;手机游戏;数据要素;DeepSeek概念;人民币贬值受益;电力物联网;互联网金融;乡村振兴;智慧城市;水利;融资融券;储能;车联网(车路协同);云办公;数字乡村,151,15,920790.BJ,920790
装配式建筑;房屋检测;新型城镇化;建筑节能;雄安新区;深圳国企改革;乡村振兴;水利;国企改革;光伏建筑一体化;碳中和;职业教育;一带一路;智慧城市;粤港澳大湾区;数据要素;虚拟电厂;区块链;智能电网;数据中心,33,20,300675.SZ,300675
商业航天;小红书概念;军工;元宇宙;智慧城市;MR(混合现实);MicroLED概念;柔性屏(折叠屏);华为概念;MiniLED;体育产业;人民币贬值受益,33,12,300269.SZ,300269
文化传媒概念;虚拟数字人;在线教育;AIGC概念;抖音概念(字节概念);元宇宙;智慧政务;阿里巴巴概念;数据要素;云计算;职业教育;空间计算;数字经济;人工智能;虚拟现实;时空大数据;智慧城市;数字孪生;东数西算(算力);华为概念;MR(混合现实);机器视觉;粤港澳大湾区;商业航天;大飞机;雄安新区;苹果概念,33,27,300556.SZ,300556
华为鲲鹏;信创;云计算;数据安全;数据要素;AI智能体;华为欧拉;华为昇腾;鸿蒙概念;ChatGPT概念;AIGC概念;阿里巴巴概念;人脸识别;人工智能;DeepSeek概念;智慧城市;算力租赁;互联网金融;跨境支付(CIPS);华为概念;机器视觉;5G;专精特新;AI应用;融资融券,17,25,688058.SH,688058
新型城镇化;土壤修复;房屋检测;建筑节能;乡村振兴;新疆振兴;水利;国企改革;西部大开发;一带一路;数字孪生;抽水蓄能;光伏概念;低空经济;数据中心;数字经济;DeepSeek概念;数据要素;算力租赁;国资云,33,20,000779.SZ,000779
预制菜;西部大开发;沪股通,17,3,603697.SH,603697
两轮车;传感器;机器人概念;专精特新;融资融券,17,5,603350.SH,603350
建筑节能;人民币贬值受益;专精特新;摘帽,33,4,300163.SZ,300163
芯片概念;星闪概念;WiFi 6;人形机器人;机器人概念;电力物联网;阿里巴巴概念;智能电网;融资融券,17,9,688259.SH,688259
抽水蓄能;风电;核电;海工装备;储能;生物质能发电;专精特新;芯片概念;PEEK材料;海峡两岸;融资融券,33,11,301548.SZ,301548
数字货币;数字水印;互联网金融;移动支付;网络安全;算力租赁;智慧灯杆;信创;智慧政务;区块链;鸿蒙概念;数据安全;云计算;东数西算(算力);智慧城市;数据要素;阿里巴巴概念;腾讯概念;数字经济;百度概念;华为概念;数据中心;人工智能;ChatGPT概念;DeepSeek概念;抖音概念(字节概念);机器人概念;职业教育;智能医疗;NFT概念;粤港澳大湾区;充电桩;钠离子电池;芯片概念;AI应用;垃圾分类;乡村振兴;深股通;摘帽,33,39,002197.SZ,002197
卫星导航;新型工业化;商业航天;车联网(车路协同);农机;物联网;AI智能体;机器人概念;无人驾驶;工业互联网;传感器;换电概念;人工智能;智能座舱;新能源汽车;汽车电子;专精特新;数据中心;充电桩;风电;储能;PCB概念;回购增持再贷款概念,33,23,001266.SZ,001266
文化传媒概念;互联网保险;网络游戏;抖音概念(字节概念);百度概念;参股保险;华为概念;粤港澳大湾区;小米概念,33,9,300242.SZ,300242
小红书概念;ChatGPT概念;抖音概念(字节概念);智慧政务;数据安全;网络安全;百度概念;腾讯概念;文化传媒概念;阿里巴巴概念;移动支付;人工智能;数字经济;互联网金融;华为概念;5G;AI应用;融资融券,33,18,301380.SZ,301380
新能源汽车;芯片概念;人民币贬值受益;动力电池回收;中芯国际概念;融资融券,33,6,301322.SZ,301322
AI应用;融资融券;PCB概念;专精特新;安防;充电桩;智慧城市;网约车;多模态AI;人工智能;AI智能体;阿里巴巴概念,151,12,920130.BJ,920130
快手概念;短剧游戏;小红书概念;AIGC概念;多模态AI;AI应用;文化传媒概念;抖音概念(字节概念);虚拟数字人;拼多多概念;腾讯概念;AI智能体;阿里巴巴概念;百度概念;元宇宙;数据要素;鸿蒙概念;人工智能;DeepSeek概念;网红经济;华为概念;京津冀一体化,17,22,603598.SH,603598
数据安全;信创;网络安全;AI智能体;阿里巴巴概念;DeepSeek概念;华为概念;工业互联网;比亚迪概念;芯片概念;AI应用;融资融券,17,12,688030.SH,688030
猴痘概念;重组蛋白;细胞免疫治疗;人民币贬值受益;人工智能;专精特新;深股通;融资融券,33,8,301080.SZ,301080
PPP概念;污水处理;黑龙江自贸区;独角兽概念;空气能热泵;储能;融资融券;沪股通;股权转让(并购重组),17,9,600187.SH,600187
网络游戏;华为概念;文化传媒概念;IP经济(谷子经济);物联网;创投;智能家居;旅游概念;国企改革;露营经济;深股通;融资融券,33,12,000917.SZ,000917
算力租赁;云计算;东数西算(算力);数据中心;融资融券;股权转让(并购重组);沪股通,17,7,600589.SH,600589
华为盘古;财税数字化;ChatGPT概念;ERP概念;多模态AI;华为昇腾;AIGC概念;AI智能体;华为鲲鹏;信创;华为欧拉;鸿蒙概念;人工智能;DeepSeek概念;智能医疗;华为概念;工业互联网;C2M概念;新型工业化;机器人概念;创投;粤港澳大湾区;AI应用;PCB概念;宁德时代概念;融资融券;深股通,33,27,300687.SZ,300687
电子身份证;数字货币;财税数字化;数据确权;知识产权保护;华为鲲鹏;DRG/DIP;数据安全;网络安全;信创;智慧政务;鸿蒙概念;云计算;区块链;阿里巴巴概念;互联网金融;在线教育;车联网(车路协同);数字经济;量子科技;东数西算(算力);星闪概念;华为概念;京津冀一体化;芯片概念;雄安新区;国企改革;股权转让(并购重组);融资融券;深股通,33,30,300579.SZ,300579
智能穿戴;AI眼镜;消费电子概念;汽车电子;机器人概念;小米概念;无人机;安防;专精特新;虚拟现实;融资融券,33,11,301567.SZ,301567
光伏概念;光伏建筑一体化;液冷服务器;储能;比亚迪概念;人形机器人;专精特新;机器人概念;金属回收;沪股通;融资融券,17,11,603381.SH,603381
华为汽车;粤港澳大湾区;机器人概念;新型工业化;化债概念(AMC概念);新能源汽车;国企改革;大飞机;虚拟现实;高端装备;小米概念;比亚迪概念;华为概念;3D打印;5G;消费电子概念;芯片概念;宁德时代概念;深股通,33,19,002786.SZ,002786
超级电容;OLED;一带一路;新型城镇化;装配式建筑;PPP概念;参股银行;创投;国企改革;体育产业;养老概念;证金持股;沪股通;融资融券,17,14,600510.SH,600510
流感;幽门螺杆菌概念;肝炎概念;仿制药一致性评价;医药电商;NMN概念;医美概念;2025年报预增;深股通,33,9,002728.SZ,002728
海峡两岸;土地流转;乡村振兴;碳中和;央企国企改革;国企改革;碳交易;绿色电力;天然气,33,9,000663.SZ,000663
减速器;长安汽车概念;家用电器;机器人概念;比亚迪概念;新能源汽车;特斯拉概念;海峡两岸;医疗器械概念,33,9,300549.SZ,300549
存储芯片;OLED;MicroLED概念;芯片概念;专精特新;机器人概念;粤港澳大湾区;东数西算(算力);沪股通;融资融券,17,10,688627.SH,688627
新型工业化;人形机器人;机器人概念;比亚迪概念;机器视觉;物联网;华为概念;智能物流;无人驾驶;宁德时代概念;人工智能;军工;跨境电商;统一大市场;融资融券,17,15,688557.SH,688557
猴痘概念;生物疫苗;创新药;AIGC概念;沪股通;融资融券,17,6,688180.SH,688180
存储芯片;芯片概念;专精特新;2025年报预增;沪股通;融资融券,17,6,688233.SH,688233
钙钛矿电池;HJT电池;TOPCON电池;BC电池;光伏建筑一体化;钒电池;光热发电;光伏概念;碳中和;碳交易;雄安新区;华为数字能源;储能;长三角一体化;数字经济;空气能热泵;蚂蚁集团概念;华为概念;区块链;深股通;融资融券,33,21,002506.SZ,002506
PPP概念;雄安新区;污水处理;京津冀一体化;氢能源;股权转让(并购重组),17,6,603903.SH,603903
数字货币;移动支付;跨境支付(CIPS);电子身份证;华为盘古;蚂蚁集团概念;互联网金融;华为鲲鹏;信创;财税数字化;数据安全;华为欧拉;数据确权;华为昇腾;区块链;数据要素;鸿蒙概念;网络安全;云计算;百度概念;Web3.0;AI智能体;数字经济;智慧城市;数字乡村;DeepSeek概念;量子科技;阿里巴巴概念;人工智能;智谱AI;腾讯概念;虚拟数字人;东数西算(算力);商业航天;华为概念;物联网;京津冀一体化;无人零售;化债概念(AMC概念);创投;数据中心;小米概念;乡村振兴;芯片概念;脑机接口;AI应用;深股通;融资融券,33,48,300663.SZ,300663
数字货币;移动支付;跨境支付(CIPS);电子身份证;蚂蚁集团概念;区块链;智慧政务;人脸识别;AI智能体;鸿蒙概念;数字经济;DeepSeek概念;多模态AI;腾讯概念;人工智能;AIGC概念;虚拟数字人;安防;AI语料;物联网;跨境电商;汽车电子;参股保险;储能;AI应用;2025年报预增;深股通;融资融券,33,28,300130.SZ,300130
BC电池;HJT电池;专精特新;光伏概念;超导概念;硅能源;数据中心;融资融券,33,8,301266.SZ,301266
商业航天;无人驾驶;6G概念;芯片概念;消费电子概念;军工;核污染防治;海工装备;专精特新;核电;比亚迪概念;先进封装;融资融券,151,13,920438.BJ,920438
CRO概念;细胞免疫治疗;减肥药;创新药;流感;人民币贬值受益;新型烟草(电子烟);西部大开发;融资融券;深股通,33,10,300363.SZ,300363
减速器;人形机器人;飞行汽车(eVTOL);机器人概念;低空经济;农机;专精特新;新能源汽车;智能座舱;深股通;融资融券,33,11,301368.SZ,301368
MLOps概念;AI语料;华为昇腾;华为欧拉;ChatGPT概念;算力租赁;云计算;多模态AI;华为鲲鹏;Web3.0;AIGC概念;数字水印;数据安全;智慧政务;AI智能体;虚拟数字人;信创;电子身份证;东数西算(算力);数据要素;互联网保险;鸿蒙概念;元宇宙;数字乡村;区块链;时空大数据;DeepSeek概念;虚拟现实;数字经济;数字孪生;数据中心;互联网金融;人工智能;华为概念;智慧城市;职业教育;5G;物联网;工业互联网;机器视觉;AI手机;京津冀一体化;新型工业化;AI应用;人形机器人;海工装备;虚拟电厂;碳中和;乡村振兴;深股通;融资融券,33,51,300166.SZ,300166
长三角一体化;共同富裕示范区;回购增持再贷款概念;人民币贬值受益;2025年报预增,33,5,003011.SZ,003011
装配式建筑;一带一路;人工智能;数字经济;DeepSeek概念;IP经济(谷子经济);AIGC概念;云计算,33,8,002811.SZ,002811
体育产业;冰雪产业;京津冀一体化;雄安新区;新型城镇化;物业管理;国企改革;养老概念;租售同权;融资融券;证金持股;沪股通,17,12,600376.SH,600376
互联网保险;互联网金融;百度概念;信创;数据要素;ChatGPT概念;阿里巴巴概念;创投;5G;国企改革;AI应用;2025年报预增;深股通,33,13,300399.SZ,300399
Sora概念(文生视频);云办公;AIGC概念;虚拟数字人;在线教育;智慧政务;华为鲲鹏;数据要素;AI智能体;数据安全;数字乡村;国产操作系统;网络安全;鸿蒙概念;腾讯概念;语音技术;智慧城市;人脸识别;人工智能;养老概念;智能医疗;福建自贸区;DeepSeek概念;海峡两岸;体育产业;卫星导航;东数西算(算力);华为概念;新型城镇化;无人机;水利;数据中心;乡村振兴;眼科医疗;机器视觉;AI应用,33,36,300605.SZ,300605
中芯国际概念;存储芯片;硅能源;芯片概念;沪股通;融资融券,17,6,688432.SH,688432
地下管网;新型城镇化;水利;旅游概念;体育产业;空气能热泵,33,6,002694.SZ,002694
小红书概念;快手概念;Web3.0;AIGC概念;虚拟数字人;多模态AI;NFT概念;抖音概念(字节概念);AI智能体;文化传媒概念;知识产权保护;在线教育;阿里巴巴概念;腾讯概念;数据要素;元宇宙;区块链;网红经济;IP经济(谷子经济);职业教育;人工智能;AI应用;华为概念;MR(混合现实);西部大开发;融资融券;沪股通,17,27,600556.SH,600556
家庭医生;腾讯概念;人工智能;鸿蒙概念;区块链;云计算;DeepSeek概念;智能医疗;AI应用,33,9,300550.SZ,300550
磷化工;绿色电力,17,2,600078.SH,600078
海南自贸区;免税店;旅游概念;冰雪产业;露营经济;海峡两岸;跨境支付(CIPS);体育产业;互联网金融;乡村振兴;国企改革;养老概念;回购增持再贷款概念;深股通,33,14,000796.SZ,000796
商业航天;大飞机;军工;专精特新;机器人概念;人形机器人;海工装备;医疗器械概念;央企国企改革;国企改革;融资融券,17,11,688722.SH,688722
苹果概念;消费电子概念;柔性屏(折叠屏);3D打印;AI眼镜;无人机;智能穿戴;专精特新;回购增持再贷款概念;人民币贬值受益;沪股通;融资融券,17,12,688210.SH,688210
国企改革;特高压,17,2,603016.SH,603016
智慧政务;华为鲲鹏;财税数字化;信创;ChatGPT概念;数据要素;区块链;国产操作系统;互联网金融;阿里巴巴概念;人脸识别;数字经济;智慧城市;东数西算(算力);华为概念;数据中心;5G;机器人概念;长三角一体化;深股通;融资融券,33,21,300245.SZ,300245
CRO概念;重组蛋白;减肥药;创新药;专精特新;智能医疗;合成生物;人工智能;维生素;沪股通;融资融券,17,11,688131.SH,688131
医药电商;智能医疗;人工智能;DeepSeek概念;西部大开发;融资融券,33,6,300937.SZ,300937
AI应用;高铁;融资融券;养老概念;信创;网络安全;抖音概念(字节概念);安防;车联网(车路协同);华为概念;算力租赁;物业管理;数字经济;阿里巴巴概念;数据中心;区块链;智慧灯杆;人工智能;智慧城市;5G;专精特新;东数西算(算力),151,22,920924.BJ,920924
信托概念;物业管理;西部大开发;沪股通,17,4,600828.SH,600828
海南自贸区;自由贸易港;创投;民营医院;三胎概念;军民融合;医药电商;医疗器械概念,33,8,000955.SZ,000955
白酒概念;海峡两岸;PPP概念;污水处理;融资融券,33,5,002374.SZ,002374
维生素;合成生物;可降解塑料;同花顺新质50;沪股通;融资融券,17,6,688639.SH,688639
国企改革;物业管理;上海国企改革;统一大市场;长三角一体化;跨境电商;自由贸易港;卫星导航;租售同权;金属铜,17,10,600119.SH,600119
BC电池;HJT电池;TOPCON电池;POE胶膜;光伏概念;固态电池;锂电池概念;专精特新;比亚迪概念;回购增持再贷款概念;人民币贬值受益;融资融券,17,12,688560.SH,688560
光纤概念;消费电子概念;汽车电子;华为概念;无人驾驶;融资融券,17,6,688260.SH,688260
人形机器人;无人机;低空经济;小米汽车;机器人概念;军工;小米概念;比亚迪概念;工业互联网;新能源汽车;汽车电子;MCU芯片;储能;固态电池;锂电池概念;绿色电力;深股通;融资融券;股权转让(并购重组),33,19,000559.SZ,000559
中芯国际概念;国家大基金持股;存储芯片;先进封装;芯片概念;同花顺新质50;沪股通;融资融券,17,8,688361.SH,688361
AI语料;智谱AI;ChatGPT概念;AIGC概念;Web3.0;华为鲲鹏;华为昇腾;AI智能体;云计算;互联网保险;数据确权;信创;百度概念;区块链;数字货币;跨境支付(CIPS);DeepSeek概念;互联网金融;算力租赁;人工智能;AI应用;华为概念;5G;智能座舱;新能源汽车;沪股通;融资融券,17,27,688590.SH,688590
钙钛矿电池;商业航天;卫星导航;军工;光伏概念;柔性屏(折叠屏);风电;储能;华为概念;固态电池;专精特新;芯片概念;消费电子概念;PCB概念;先进封装;融资融券,17,16,688323.SH,688323
人形机器人;无人驾驶;比亚迪概念;华为汽车;无人机;专精特新;车联网(车路协同);机器人概念;长安汽车概念;高端装备;新能源汽车;宁德时代概念;燃料电池;融资融券,17,14,688071.SH,688071
可控核聚变;专精特新;DeepSeek概念;医疗器械概念;2025年报预增;氢能源;融资融券,17,7,688600.SH,688600
人形机器人;长安汽车概念;传感器;新型工业化;智能座舱;汽车电子;机器人概念;比亚迪概念;新能源汽车;无人驾驶;智能家居;芯片概念;工业互联网;专精特新;PM2.5,17,15,603286.SH,603286
算力租赁;云办公;抖音概念(字节概念);云计算;腾讯概念;智慧政务;数据安全;阿里巴巴概念;AI智能体;百度概念;网络安全;信创;区块链;智能医疗;东数西算(算力);DeepSeek概念;数字经济;人工智能;互联网金融;智慧城市;数据中心;华为概念;工业互联网;粤港澳大湾区;一带一路;融资融券,33,26,300921.SZ,300921
注册制次新股;染料;人民币贬值受益;一带一路;新股与次新股;融资融券,33,6,001335.SZ,001335
数据要素;数据确权;智慧政务;信创;区块链;AI智能体;DRG/DIP;虚拟数字人;人工智能;DeepSeek概念;虚拟现实;智能医疗;华为概念;量子科技;国企改革;虚拟电厂;智能电网;AI应用;融资融券,17,19,688579.SH,688579
HJT电池;数字乡村;光伏概念;光伏建筑一体化;智慧城市;储能;绿色电力;一带一路;国企改革;融资融券,33,10,002323.SZ,002323
职业教育;智慧城市;人工智能;数据要素;时空大数据;元宇宙;虚拟现实;腾讯概念;AIGC概念;虚拟数字人;IP经济(谷子经济);体育产业;算力租赁;东数西算(算力);三胎概念;NFT概念;粤港澳大湾区;低空经济;新型城镇化;露营经济;旅游概念;乡村振兴;冰雪产业;融资融券,33,24,300949.SZ,300949
创新药;医疗器械概念;沪股通;融资融券,17,4,688221.SH,688221
Sora概念(文生视频);短剧游戏;快手概念;AIGC概念;虚拟数字人;抖音概念(字节概念);多模态AI;手机游戏;云游戏;文化传媒概念;AI智能体;网络游戏;云计算;电子竞技;腾讯概念;元宇宙;IP经济(谷子经济);DeepSeek概念;人工智能;独角兽概念;东数西算(算力);虚拟现实;华为概念;创投;AI应用;智能座舱;深股通,33,27,300494.SZ,300494
减速器;新型工业化;新能源汽车;机器人概念;专精特新;工业互联网;物联网;风电;沪股通;融资融券,17,10,603275.SH,603275
家用电器;华为概念;融资融券;东数西算(算力);比亚迪概念,151,5,920699.BJ,920699
家庭医生;阿里巴巴概念;数据要素;百度概念;区块链;无人零售;人工智能;养老概念;电子纸;辅助生殖;智慧城市;食品安全;共同富裕示范区;安防;物联网;人民币贬值受益;机器人概念;芯片概念;股权转让(并购重组);融资融券,33,20,300078.SZ,300078
人形机器人;飞行汽车(eVTOL);汽车热管理;低空经济;汽车电子;专精特新;新能源汽车;芯片概念;特斯拉概念;机器人概念;军工;融资融券,151,12,920690.BJ,920690
新能源汽车;融资融券;新型工业化;工业母机;机器人概念;西部大开发;专精特新;工业互联网,151,8,920578.BJ,920578
文化传媒概念;虚拟数字人;AI语料;物业管理;数据要素;智慧政务;互联网金融;网络安全;AI智能体;创投;DeepSeek概念;人工智能;国企改革;AI应用;深股通,33,15,000839.SZ,000839
AI语料;短剧游戏;ChatGPT概念;知识产权保护;AIGC概念;抖音概念(字节概念);AI智能体;鸿蒙概念;文化传媒概念;数据要素;IP经济(谷子经济);人工智能;独角兽概念;华为概念;电子纸;AI应用;沪股通,17,17,603533.SH,603533
商业航天;卫星导航;军民融合;核电;军工;无人机;氢能源;燃料电池;传感器;智慧城市;芯片概念;汽车热管理;新能源汽车;天然气;股权转让(并购重组);融资融券,33,16,300943.SZ,300943
西部大开发;2025年报预增;融资融券;深股通,33,4,002928.SZ,002928
财税数字化;电子身份证;AI智能体;智慧政务;移动支付;信创;数据要素;鸿蒙概念;蚂蚁集团概念;数字货币;区块链;腾讯概念;阿里巴巴概念;DeepSeek概念;人工智能;数字经济;智慧城市;互联网金融;华为概念;AI应用;国企改革;深股通;融资融券,33,23,301153.SZ,301153
数据安全;华为鲲鹏;智慧政务;量子科技;智慧城市;数据要素;物联网;AI智能体;数据确权;区块链;商业航天;PM2.5;华为概念;人工智能;虚拟数字人;DeepSeek概念;东数西算(算力);算力租赁;传感器;数据中心;碳中和;碳交易;融资融券,17,23,688051.SH,688051
污水处理;新型工业化;消毒剂;机器人概念;工业互联网;粤港澳大湾区;2025年报预增,33,7,002209.SZ,002209
Web3.0;数据确权;知识产权保护;文化传媒概念;网络安全;福建自贸区;数据要素;NFT概念;区块链;蚂蚁集团概念;独角兽概念;海峡两岸;体育产业;比亚迪概念;物业管理;股权转让(并购重组);融资融券,33,17,002235.SZ,002235
ETC;物联网;智慧城市;烟草;无人机;信创;食品安全;车联网(车路协同);人工智能;粤港澳大湾区;无人零售;机器人概念;创投;AI智能体;电子身份证;芯片概念;一带一路;宠物经济;虚拟数字人;IP经济(谷子经济);融资融券;深股通,33,22,002161.SZ,002161
共同富裕示范区;参股银行;高端装备;新型工业化;机器人概念;固态电池;锂电池概念,33,7,003036.SZ,003036
BC电池;TOPCON电池;钙钛矿电池;光伏概念;第三代半导体;芯片概念;专精特新;比亚迪概念;沪股通;融资融券,17,10,688726.SH,688726
化肥;国企改革;宠物经济;跨境电商;创投;煤炭概念;期货概念;知识产权保护,17,8,600128.SH,600128
数字孪生;数字经济;智慧城市;人工智能;DeepSeek概念;空间计算;数据要素;新型工业化;水利;区块链;物联网;新型城镇化;工业互联网;华为概念;信创;AI智能体;华为鲲鹏;数字乡村;机器人概念;乡村振兴;智谱AI;专精特新;净水概念;AI应用,17,24,603956.SH,603956
医疗器械概念;沪股通;融资融券,17,3,688029.SH,688029
小红书概念;AI语料;虚拟数字人;AIGC概念;抖音概念(字节概念);智慧政务;AI智能体;算力租赁;阿里巴巴概念;数据要素;东数西算(算力);数字乡村;人工智能;数字经济;DeepSeek概念;华为概念;智慧城市;数据中心;机器人概念;人形机器人;烟草;乡村振兴;AI应用;融资融券,17,24,688500.SH,688500
光伏概念;风电;储能;一带一路;充电桩;医疗器械概念;汽车热管理;数据中心;新能源汽车;京津冀一体化;机器人概念;国企改革;比亚迪概念;5G;液冷服务器;股权转让(并购重组),33,16,300828.SZ,300828
专精特新;新能源汽车;华为汽车;比亚迪概念;航空发动机;小米汽车;军工;小米概念;融资融券,17,9,688113.SH,688113
Sora概念(文生视频);文化传媒概念;虚拟数字人;NFT概念;空间计算;手机游戏;元宇宙;AIGC概念;ChatGPT概念;IP经济(谷子经济);抖音概念(字节概念);数据要素;百度概念;虚拟现实;数字孪生;数字经济;DeepSeek概念;网红经济;MR(混合现实);旅游概念;华为概念;商业航天;乡村振兴;机器人概念;人形机器人;融资融券;沪股通,17,27,603466.SH,603466
长安汽车概念;新能源汽车;比亚迪概念;共同富裕示范区;专精特新;数字孪生,17,6,603048.SH,603048
小金属概念;金属锌;金属铅;固态电池;锂电池概念;金属回收;储能;回购增持再贷款概念;绿色电力;西部大开发;参股银行;乡村振兴;创投;职业教育;旅游概念;深股通,33,16,001203.SZ,001203
独角兽概念;创投;横琴新区;粤港澳大湾区;参股券商;国企改革;石墨烯;污水处理;锂电池概念;深股通,33,10,000532.SZ,000532
西部大开发;国企改革;机器人概念;物联网;人脸识别,17,5,600302.SH,600302
租售同权;物业管理;智能物流;固态电池;物联网;芯片概念;融资融券,33,7,000056.SZ,000056
钙钛矿电池;HJT电池;硅能源;POE胶膜;光伏建筑一体化;光伏概念;商业航天;卫星导航;绿色电力;储能;充电桩;华为概念;粤港澳大湾区;芯片概念;新能源汽车;深股通;融资融券,33,17,002218.SZ,002218
新能源汽车;融资融券,33,2,301003.SZ,301003
数字孪生;华为概念;工业互联网;新型工业化;专精特新;储能;机器人概念;特斯拉概念;长安汽车概念;新能源汽车;锂电池概念;人形机器人;固态电池,17,13,603895.SH,603895
细胞免疫治疗;创新药;仿制药一致性评价;幽门螺杆菌概念;医药电商;智能医疗;人工智能;华为概念;融资融券;沪股通,17,10,688658.SH,688658
职业教育;人脸识别;区块链;数据要素;蚂蚁集团概念;数字经济;人工智能;华为鲲鹏;智慧政务;智慧城市;在线教育;元宇宙;数字货币;移动支付;数字孪生;腾讯概念;AI智能体;DeepSeek概念;食品安全;百度概念;Web3.0;云计算;阿里巴巴概念;华为欧拉;AIGC概念;华为昇腾;物联网;华为概念;体育产业;智谱AI;养老概念;创投;共同富裕示范区;数据中心;AI应用,33,35,300645.SZ,300645
虚拟现实;网络游戏;元宇宙;手机游戏;抖音概念(字节概念),33,5,002919.SZ,002919
家用电器;新能源汽车;共同富裕示范区;TOPCON电池;光伏概念;机器人概念;人形机器人,17,7,603331.SH,603331
工业母机;5G;铜缆高速连接;新型烟草(电子烟);无人机;消费电子概念;无人驾驶;专精特新;比亚迪概念;新能源汽车;深股通;融资融券,33,12,300991.SZ,300991
共封装光学(CPO);光纤概念;光刻机;存储芯片;先进封装;MicroLED概念;OLED;MR(混合现实);芯片概念;消费电子概念;可控核聚变;3D打印;智能座舱;机器视觉;无人驾驶;虚拟现实;回购增持再贷款概念;西部大开发;医美概念;沪股通;融资融券,17,21,688167.SH,688167
光伏概念;专精特新;融资融券,33,3,301373.SZ,301373
生物质能发电;垃圾分类;碳交易;固废处理;碳中和;绿色电力;一带一路;光热发电;储能;HJT电池;钙钛矿电池;融资融券,33,12,300614.SZ,300614
高压快充;光伏概念;食品安全;商业航天;DeepSeek概念;融资融券,33,6,301062.SZ,301062
固态电池;钠离子电池;宁德时代概念;锂电池概念;石墨烯;比亚迪概念;高压快充;储能;专精特新;机器人概念;沪股通;融资融券,17,12,688116.SH,688116
粤港澳大湾区;融资融券,33,2,300804.SZ,300804
风电;液冷服务器;高端装备;数据中心;专精特新;农机;沪股通,17,7,605060.SH,605060
新型工业化;富士康概念;人形机器人;华为汽车;特斯拉概念;长安汽车概念;新能源汽车;比亚迪概念;光伏概念;机器人概念;工业互联网;储能;风电;垃圾分类;无人驾驶;智能物流;汽车拆解概念;车联网(车路协同);腾讯概念;锂电池概念;无人零售;动力电池回收;固废处理;脑机接口;金属回收;金属镍;小金属概念;金属钴;深股通;融资融券,33,30,002009.SZ,002009
AI应用;数字孪生;AIGC概念;融资融券;专精特新;人工智能;3D打印;智能医疗;虚拟现实;AI智能体;数字经济,151,11,920670.BJ,920670
云计算;AIGC概念;AI智能体;算力租赁;网络安全;阿里巴巴概念;抖音概念(字节概念);腾讯概念;东数西算(算力);数字经济;人工智能;数字孪生;华为概念;数据中心;工业互联网;机器人概念;新型工业化;智能家居;粤港澳大湾区;专精特新;海峡两岸;工业母机;AI应用;中俄贸易概念;深股通,33,25,002757.SZ,002757
钙钛矿电池;光伏概念;注册制次新股;专精特新;新能源汽车;新股与次新股;融资融券,33,7,301636.SZ,301636
土壤修复;粤港澳大湾区;固废处理;碳中和;生物质能发电;绿色电力;融资融券,33,7,300854.SZ,300854
AI应用;医药电商;医疗器械概念;医美概念;创新药;合成生物;重组蛋白;融资融券;专精特新,151,9,920982.BJ,920982
数据中心;中国AI 50;海工装备;国企改革;融资融券;深股通,33,6,000880.SZ,000880
AI应用;专精特新;算力租赁;人工智能;云计算;车联网(车路协同);无人机;数字孪生;碳中和;融资融券;财税数字化;信创;华为概念;智慧城市;物联网;无人驾驶;DeepSeek概念;互联网金融;华为鲲鹏;数据安全;新型工业化;工业互联网;机器人概念;华为盘古;东数西算(算力);独角兽概念;智慧政务;AIGC概念;机器视觉;数据要素,151,30,920092.BJ,920092
土壤修复;垃圾分类;碳中和;雄安新区;PPP概念;医疗废物处理;固废处理;新型城镇化;动力电池回收;乡村振兴;地下管网;污水处理;绿色电力;锂电池概念;数字经济;智慧城市;人工智能;新能源汽车;车联网(车路协同);无人驾驶;多模态AI;融资融券;生物质能发电;新疆振兴,33,24,000826.SZ,000826
三胎概念;IP经济(谷子经济);跨境电商;数字经济;粤港澳大湾区,33,5,001209.SZ,001209
智能家居;虚拟现实;智能穿戴;无线耳机;华为概念;消费电子概念;储能;风电;深股通,33,9,002855.SZ,002855
HJT电池;TOPCON电池;第三代半导体;光伏概念;芯片概念;工业母机;AI眼镜;比亚迪概念;智能穿戴;稀土永磁;深股通;融资融券,33,12,002943.SZ,002943
长三角一体化;专精特新;共同富裕示范区;回购增持再贷款概念;工业互联网,17,5,603272.SH,603272
天津自贸区;国企改革;京津冀一体化;创投,17,4,600082.SH,600082
硅能源;光热发电;光伏概念;核电;超超临界发电;数据中心;氢能源;高端装备;储能;液冷服务器;碳中和;工业互联网;DeepSeek概念;专精特新;融资融券;沪股通,17,16,600481.SH,600481
国家大基金持股;MCU芯片;第三代半导体;芯片概念;传感器;国企改革;沪股通;融资融券,17,8,688172.SH,688172
知识产权保护;文化传媒概念;AIGC概念;IP经济(谷子经济);元宇宙;抖音概念(字节概念);AI智能体;百度概念;数据要素;职业教育;DeepSeek概念;人工智能;三胎概念;国企改革;AI应用;深股通;中字头股票,33,17,300788.SZ,300788
硅能源;钙钛矿电池;TOPCON电池;光伏建筑一体化;光伏概念;绿色电力;5G;融资融券,17,8,600537.SH,600537
多模态AI;AI智能体;数据要素;ChatGPT概念;人工智能;DeepSeek概念;传感器;专精特新;工业互联网;机器人概念;高端装备;2025三季报预增;风电;AI应用;融资融券,17,15,688768.SH,688768
京津冀一体化;先进封装;AI应用;6G概念;卫星导航;冰雪产业;体育产业;商业航天;虚拟数字人;Sora概念(文生视频);芯片概念;5G;足球概念;AIGC概念;DeepSeek概念;AI智能体;智能穿戴;知识产权保护;毫米波雷达;短剧游戏;文化传媒概念;低空经济;军民融合;军工;腾讯概念;人工智能;融资融券,151,27,920021.BJ,920021
西部大开发;融资融券;垃圾分类;物业管理;乡村振兴;DeepSeek概念;新型城镇化,151,7,920370.BJ,920370
3D打印;新能源汽车;智能座舱;创投;专精特新;小米概念;智能家居;华为概念;消费电子概念;MiniLED;储能;富士康概念;深股通;融资融券,33,14,300909.SZ,300909
AI应用;家庭医生;智能医疗;医疗器械概念;三胎概念;医药电商;肝炎概念;参股保险;人民币贬值受益;西部大开发;深股通;融资融券,33,12,300049.SZ,300049
成飞概念;大飞机;商业航天;碳纤维;军工;光伏概念;高铁;飞行汽车(eVTOL);新能源汽车;锂电池概念;京津冀一体化;融资融券,17,12,688033.SH,688033
一带一路;融资融券;光伏概念;BC电池;第三代半导体;TOPCON电池;硅能源;HJT电池,151,8,920368.BJ,920368
光伏建筑一体化;互联网金融;ST板块;数字经济;数据安全;智慧城市;云计算;DeepSeek概念;信创;人工智能;数字孪生;东数西算(算力);数据中心,33,13,300344.SZ,300344
人民币贬值受益,151,1,920036.BJ,920036
一带一路;跨境电商;专精特新;宠物经济;融资融券,33,5,301057.SZ,301057
ST板块;绿色电力;高铁;光伏概念,33,4,300391.SZ,300391
注册制次新股;汽车电子;传感器;无人驾驶;专精特新;比亚迪概念;新能源汽车;飞行汽车(eVTOL);低空经济;深股通;新股与次新股;融资融券,33,12,001285.SZ,001285
土壤修复;固废处理;金属锌;污水处理;金属回收;小金属概念;ST板块;PPP概念;雄安新区;黑龙江自贸区;一带一路;乡村振兴;水利;无人机;物联网,33,15,000711.SZ,000711
卫星导航;6G概念;福建自贸区;商业航天;海峡两岸;智慧政务;数字乡村;华为鲲鹏;智慧城市;虚拟数字人;在线教育;数字经济;5G;人工智能;鸿蒙概念;互联网金融;物联网;DeepSeek概念;小米概念;机器人概念;消费电子概念;乡村振兴;一带一路;深股通;融资融券,33,25,002512.SZ,002512
ST板块;物联网;军民融合;军工信息化;军工;专精特新;5G,33,7,002231.SZ,002231
文化传媒概念;手机游戏;海工装备;光伏建筑一体化;独角兽概念;国企改革;虚拟现实;绿色电力;深股通;融资融券,33,10,002445.SZ,002445
人民币贬值受益,151,1,920183.BJ,920183
新能源汽车,33,1,301680.SZ,301680
,151,0,920187.BJ,920187
