股票代码,market_code,所属同花顺行业,code
603459.SH,17,电子-元件-印制电路板,603459
920011.BJ,151,电力设备-电机-电机Ⅲ,920011
920171.BJ,151,计算机-IT服务-IT服务Ⅲ,920171
300209.SZ,33,商贸零售-互联网电商-互联网电商Ⅲ,300209
300058.SZ,33,传媒-文化传媒-广告营销,300058
300475.SZ,33,电子-其他电子-其他电子Ⅲ,300475
301232.SZ,33,电力设备-风电设备-风电零部件,301232
301070.SZ,33,机械设备-通用设备-制冷空调设备,301070
688630.SH,17,机械设备-专用设备-其他专用设备,688630
688655.SH,17,电子-元件-印制电路板,688655
688485.SH,17,环保-环境治理-综合环境治理,688485
300571.SZ,33,通信-通信服务-通信应用增值服务,300571
688693.SH,17,电子-半导体-分立器件,688693
300679.SZ,33,电子-消费电子-消费电子零部件及组装,300679
688112.SH,17,机械设备-通用设备-仪器仪表,688112
920021.BJ,151,传媒-文化传媒-电视广播,920021
300686.SZ,33,电子-消费电子-消费电子零部件及组装,300686
301396.SZ,33,计算机-IT服务-IT服务Ⅲ,301396
300139.SZ,33,有色金属-贵金属-贵金属Ⅲ,300139
301171.SZ,33,传媒-文化传媒-广告营销,301171
688125.SH,17,机械设备-自动化设备-工控设备,688125
688337.SH,17,机械设备-通用设备-仪器仪表,688337
300668.SZ,33,建筑装饰-建筑装饰-工程咨询服务,300668
688392.SH,17,电力设备-电池-锂电专用设备,688392
301018.SZ,33,机械设备-通用设备-制冷空调设备,301018
300085.SZ,33,计算机-软件开发-垂直应用软件,300085
688229.SH,17,计算机-IT服务-IT服务Ⅲ,688229
300790.SZ,33,计算机-计算机设备-安防设备,300790
920207.BJ,151,计算机-软件开发-垂直应用软件,920207
301133.SZ,33,汽车-汽车零部件-车身附件及饰件,301133
688720.SH,17,电子-半导体-半导体材料,688720
300664.SZ,33,环保-环境治理-水务及水治理,300664
688270.SH,17,电子-半导体-模拟芯片设计,688270
300166.SZ,33,计算机-IT服务-IT服务Ⅲ,300166
688813.SH,17,机械设备-专用设备-其他专用设备,688813
300063.SZ,33,传媒-文化传媒-广告营销,300063
300017.SZ,33,计算机-IT服务-IT服务Ⅲ,300017
688683.SH,17,电子-电子化学品-电子化学品Ⅲ,688683
688676.SH,17,电力设备-电网设备-输变电设备,688676
300606.SZ,33,机械设备-通用设备-磨具磨料,300606
301500.SZ,33,环保-环境治理-固废治理,301500
688702.SH,17,电子-半导体-数字芯片设计,688702
301200.SZ,33,机械设备-自动化设备-其他自动化设备,301200
300986.SZ,33,建筑材料-建筑材料-其他建材,300986
300548.SZ,33,通信-通信设备-通信网络设备及器件,300548
688158.SH,17,计算机-IT服务-IT服务Ⅲ,688158
301468.SZ,33,机械设备-专用设备-其他专用设备,301468
688150.SH,17,电子-电子化学品-电子化学品Ⅲ,688150
688343.SH,17,计算机-IT服务-IT服务Ⅲ,688343
688535.SH,17,电子-半导体-半导体材料,688535
688316.SH,17,计算机-IT服务-IT服务Ⅲ,688316
300113.SZ,33,通信-通信服务-通信应用增值服务,300113
688066.SH,17,国防军工-军工装备-航天装备,688066
688396.SH,17,电子-半导体-集成电路制造,688396
300854.SZ,33,环保-环境治理-固废治理,300854
300170.SZ,33,计算机-IT服务-IT服务Ⅲ,300170
301479.SZ,33,电子-光学光电子-光学元件,301479
688603.SH,17,电子-电子化学品-电子化学品Ⅲ,688603
300322.SZ,33,电子-消费电子-消费电子零部件及组装,300322
301099.SZ,33,电子-其他电子-其他电子Ⅲ,301099
301053.SZ,33,机械设备-专用设备-纺织服装设备,301053
300227.SZ,33,机械设备-自动化设备-激光设备,300227
688480.SH,17,环保-环境治理-综合环境治理,688480
688031.SH,17,计算机-软件开发-横向通用软件,688031
920184.BJ,151,计算机-IT服务-IT服务Ⅲ,920184
688818.SH,17,国防军工-军工装备-航天装备,688818
688371.SH,17,电子-电子化学品-电子化学品Ⅲ,688371
300846.SZ,33,通信-通信服务-通信应用增值服务,300846
688365.SH,17,计算机-IT服务-IT服务Ⅲ,688365
300785.SZ,33,传媒-文化传媒-数字媒体,300785
301489.SZ,33,电子-电子化学品-电子化学品Ⅲ,301489
688039.SH,17,计算机-IT服务-IT服务Ⅲ,688039
300364.SZ,33,传媒-文化传媒-数字媒体,300364
301317.SZ,33,机械设备-通用设备-其他通用设备,301317
300738.SZ,33,通信-通信服务-通信应用增值服务,300738
688668.SH,17,通信-通信设备-通信网络设备及器件,688668
688183.SH,17,电子-元件-印制电路板,688183
688258.SH,17,计算机-IT服务-IT服务Ⅲ,688258
300480.SZ,33,机械设备-专用设备-能源及重型设备,300480
300780.SZ,33,机械设备-通用设备-金属制品,300780
301387.SZ,33,电子-消费电子-消费电子零部件及组装,301387
300857.SZ,33,计算机-计算机设备-其他计算机设备,300857
300249.SZ,33,计算机-计算机设备-其他计算机设备,300249
300499.SZ,33,机械设备-专用设备-其他专用设备,300499
920790.BJ,151,计算机-IT服务-IT服务Ⅲ,920790
301188.SZ,33,医药生物-医疗器械-医疗耗材,301188
300634.SZ,33,计算机-IT服务-IT服务Ⅲ,300634
301085.SZ,33,计算机-IT服务-IT服务Ⅲ,301085
301319.SZ,33,电子-电子化学品-电子化学品Ⅲ,301319
300184.SZ,33,电子-其他电子-其他电子Ⅲ,300184
300454.SZ,33,计算机-软件开发-横向通用软件,300454
688123.SH,17,电子-半导体-数字芯片设计,688123
688638.SH,17,电力设备-电池-锂电专用设备,688638
300602.SZ,33,电子-消费电子-消费电子零部件及组装,300602
300308.SZ,33,通信-通信设备-通信网络设备及器件,300308
300900.SZ,33,国防军工-军工装备-航空装备,300900
301181.SZ,33,汽车-汽车零部件-底盘与发动机系统,301181
688456.SH,17,有色金属-金属新材料-其他金属新材料,688456
300418.SZ,33,传媒-游戏-游戏Ⅲ,300418
688226.SH,17,电力设备-电网设备-线缆部件及其他,688226
688141.SH,17,电子-半导体-模拟芯片设计,688141
300975.SZ,33,电子-其他电子-其他电子Ⅲ,300975
688701.SH,17,环保-环境治理-综合环境治理,688701
688531.SH,17,机械设备-专用设备-其他专用设备,688531
301563.SZ,33,电子-其他电子-其他电子Ⅲ,301563
300988.SZ,33,机械设备-专用设备-其他专用设备,300988
688318.SH,17,计算机-软件开发-垂直应用软件,688318
688787.SH,17,计算机-IT服务-IT服务Ⅲ,688787
688355.SH,17,机械设备-通用设备-金属制品,688355
688022.SH,17,机械设备-专用设备-其他专用设备,688022
688455.SH,17,机械设备-通用设备-其他通用设备,688455
301005.SZ,33,汽车-汽车零部件-其他汽车零部件,301005
688536.SH,17,电子-半导体-模拟芯片设计,688536
301362.SZ,33,电子-光学光电子-LED,301362
688530.SH,17,电子-半导体-半导体材料,688530
688387.SH,17,通信-通信设备-通信网络设备及器件,688387
688020.SH,17,电子-电子化学品-电子化学品Ⅲ,688020
301291.SZ,33,电力设备-电网设备-输变电设备,301291
688590.SH,17,计算机-软件开发-垂直应用软件,688590
920227.BJ,151,计算机-IT服务-IT服务Ⅲ,920227
301389.SZ,33,电子-消费电子-消费电子零部件及组装,301389
300617.SZ,33,电力设备-电网设备-输变电设备,300617
688692.SH,17,计算机-软件开发-横向通用软件,688692
920092.BJ,151,计算机-IT服务-IT服务Ⅲ,920092
688272.SH,17,国防军工-军工电子-军工电子Ⅲ,688272
300042.SZ,33,计算机-计算机设备-其他计算机设备,300042
920045.BJ,151,通信-通信设备-通信网络设备及器件,920045
300071.SZ,33,传媒-文化传媒-广告营销,300071
000727.SZ,33,电子-光学光电子-面板,000727
000889.SZ,33,通信-通信服务-通信工程及服务,000889
300065.SZ,33,国防军工-军工装备-航海装备,300065
002421.SZ,33,计算机-IT服务-IT服务Ⅲ,002421
002797.SZ,33,非银金融-证券-证券Ⅲ,002797
688545.SH,17,电子-电子化学品-电子化学品Ⅲ,688545
002348.SZ,33,轻工制造-家居用品-文娱用品,002348
600356.SH,17,轻工制造-造纸-造纸Ⅲ,600356
600984.SH,17,机械设备-工程机械-工程机械Ⅲ,600984
002400.SZ,33,传媒-文化传媒-广告营销,002400
600743.SH,17,商贸零售-零售-商业物业经营,600743
002478.SZ,33,钢铁-钢铁-特钢,002478
000892.SZ,33,传媒-影视院线-影视院线Ⅲ,000892
600126.SH,17,钢铁-钢铁-普钢,600126
000917.SZ,33,传媒-文化传媒-广告营销,000917
002716.SZ,33,有色金属-贵金属-贵金属Ⅲ,002716
002449.SZ,33,电子-光学光电子-LED,002449
603777.SH,17,食品饮料-食品加工制造-休闲食品,603777
603328.SH,17,电子-元件-印制电路板,603328
002361.SZ,33,基础化工-塑料制品-合成树脂,002361
000811.SZ,33,机械设备-通用设备-制冷空调设备,000811
000551.SZ,33,环保-环保设备-环保设备Ⅲ,000551
600986.SH,17,传媒-文化传媒-广告营销,600986
605162.SH,17,公用事业-电力-热力,605162
600589.SH,17,计算机-IT服务-IT服务Ⅲ,600589
600721.SH,17,医药生物-医疗服务-医疗研发外包,600721
000586.SZ,33,通信-通信设备-通信线缆及配套,000586
002051.SZ,33,建筑装饰-建筑装饰-专业工程,002051
601002.SH,17,机械设备-通用设备-金属制品,601002
002484.SZ,33,电子-元件-被动元件,002484
001287.SZ,33,电子-其他电子-其他电子Ⅲ,001287
002899.SZ,33,轻工制造-家居用品-文娱用品,002899
002155.SZ,33,有色金属-贵金属-贵金属Ⅲ,002155
688010.SH,17,电子-光学光电子-光学元件,688010
605016.SH,17,基础化工-化学制品-食品及饲料添加剂,605016
600641.SH,17,电子-半导体-半导体材料,600641
002342.SZ,33,机械设备-通用设备-金属制品,002342
002213.SZ,33,电子-半导体-数字芯片设计,002213
000534.SZ,33,医药生物-生物制品-其他生物制品,000534
002634.SZ,33,纺织服饰-服装家纺-服装,002634
601137.SH,17,有色金属-金属新材料-其他金属新材料,601137
001337.SZ,33,有色金属-贵金属-贵金属Ⅲ,001337
603196.SH,17,纺织服饰-服装家纺-服装,603196
600301.SH,17,有色金属-小金属-其他小金属,600301
605287.SH,17,建筑装饰-建筑装饰-装饰园林,605287
002380.SZ,33,计算机-IT服务-IT服务Ⅲ,002380
000962.SZ,33,有色金属-小金属-其他小金属,000962
603757.SH,17,机械设备-通用设备-其他通用设备,603757
605258.SH,17,电子-元件-印制电路板,605258
605060.SH,17,机械设备-通用设备-其他通用设备,605060
603920.SH,17,电子-元件-印制电路板,603920
603203.SH,17,机械设备-自动化设备-工控设备,603203
605305.SH,17,机械设备-工程机械-工程机械Ⅲ,605305
001267.SZ,33,通信-通信设备-通信网络设备及器件,001267
603890.SH,17,电子-消费电子-消费电子零部件及组装,603890
600869.SH,17,电力设备-电网设备-线缆部件及其他,600869
601069.SH,17,有色金属-贵金属-贵金属Ⅲ,601069
002008.SZ,33,机械设备-自动化设备-激光设备,002008
002957.SZ,33,机械设备-自动化设备-工控设备,002957
603881.SH,17,通信-通信服务-通信应用增值服务,603881
003041.SZ,33,纺织服饰-服装家纺-家纺,003041
605289.SH,17,建筑装饰-建筑装饰-装饰园林,605289
002353.SZ,33,机械设备-专用设备-能源及重型设备,002353
603950.SH,17,汽车-汽车零部件-底盘与发动机系统,603950
603175.SH,17,电子-元件-印制电路板,603175
002046.SZ,33,机械设备-通用设备-磨具磨料,002046
600654.SH,17,社会服务-其他社会服务-专业服务,600654
603629.SH,17,电子-消费电子-消费电子零部件及组装,603629
002902.SZ,33,通信-通信设备-通信网络设备及器件,002902
000919.SZ,33,医药生物-化学制药-化学制剂,000919
002928.SZ,33,交通运输-机场航运-航空运输,002928
605318.SH,17,建筑材料-建筑材料-其他建材,605318
603045.SH,17,电力设备-电网设备-输变电设备,603045
001389.SZ,33,电子-元件-印制电路板,001389
000426.SZ,33,有色金属-小金属-其他小金属,000426
600841.SH,17,汽车-汽车零部件-底盘与发动机系统,600841
603516.SH,17,计算机-计算机设备-其他计算机设备,603516
603138.SH,17,计算机-软件开发-横向通用软件,603138
002384.SZ,33,电子-元件-印制电路板,002384
002916.SZ,33,电子-元件-印制电路板,002916
603083.SH,17,通信-通信设备-通信终端及配件,603083
603308.SH,17,机械设备-通用设备-金属制品,603308
603306.SH,17,汽车-汽车零部件-车身附件及饰件,603306
603538.SH,17,医药生物-化学制药-原料药,603538
002975.SZ,33,机械设备-自动化设备-工控设备,002975
600105.SH,17,通信-通信设备-通信线缆及配套,600105
600114.SH,17,机械设备-通用设备-金属制品,600114
002463.SZ,33,电子-元件-印制电路板,002463
002929.SZ,33,通信-通信服务-通信工程及服务,002929
002921.SZ,33,汽车-汽车零部件-其他汽车零部件,002921
002995.SZ,33,传媒-文化传媒-广告营销,002995
600875.SH,17,电力设备-其他电源设备-其他电源设备Ⅲ,600875
000506.SZ,33,有色金属-贵金属-贵金属Ⅲ,000506
603272.SH,17,轻工制造-家居用品-其他家居用品,603272
603315.SH,17,环保-环境治理-大气治理,603315
002273.SZ,33,电子-光学光电子-光学元件,002273
603211.SH,17,汽车-汽车零部件-其他汽车零部件,603211
002181.SZ,33,传媒-文化传媒-出版,002181
603598.SH,17,传媒-文化传媒-广告营销,603598
002536.SZ,33,汽车-汽车零部件-底盘与发动机系统,002536
002491.SZ,33,通信-通信设备-通信线缆及配套,002491
002188.SZ,33,房地产-房地产-房地产服务,002188
600666.SH,17,电子-电子化学品-电子化学品Ⅲ,600666
002606.SZ,33,电力设备-电网设备-线缆部件及其他,002606
603311.SH,17,家用电器-白色家电-家电零部件,603311
002708.SZ,33,汽车-汽车零部件-底盘与发动机系统,002708
301093.SZ,33,医药生物-医疗器械-医疗耗材,301093
000978.SZ,33,社会服务-旅游及酒店-自然景点,000978
600815.SH,17,机械设备-工程机械-工程机械Ⅲ,600815
688679.SH,17,环保-环境治理-固废治理,688679
002131.SZ,33,机械设备-通用设备-其他通用设备,002131
002663.SZ,33,建筑装饰-建筑装饰-装饰园林,002663
002042.SZ,33,纺织服饰-纺织制造-棉纺,002042
600186.SH,17,食品饮料-食品加工制造-调味发酵品,600186
600115.SH,17,交通运输-机场航运-航空运输,600115
300373.SZ,33,电子-半导体-分立器件,300373
301183.SZ,33,电子-光学光电子-光学元件,301183
688171.SH,17,计算机-软件开发-横向通用软件,688171
300624.SZ,33,计算机-软件开发-横向通用软件,300624
688220.SH,17,电子-半导体-模拟芯片设计,688220
002685.SZ,33,机械设备-工程机械-工程机械Ⅲ,002685
002217.SZ,33,电子-光学光电子-面板,002217
688118.SH,17,计算机-软件开发-垂直应用软件,688118
688228.SH,17,计算机-IT服务-IT服务Ⅲ,688228
688239.SH,17,国防军工-军工装备-航空装备,688239
688669.SH,17,基础化工-塑料制品-改性塑料,688669
603806.SH,17,电力设备-光伏设备-光伏辅材,603806
300604.SZ,33,电子-半导体-半导体设备,300604
688627.SH,17,机械设备-专用设备-其他专用设备,688627
688502.SH,17,电子-光学光电子-光学元件,688502
300943.SZ,33,机械设备-通用设备-金属制品,300943
688107.SH,17,电子-半导体-数字芯片设计,688107
601126.SH,17,电力设备-电网设备-电气自控设备,601126
600531.SH,17,有色金属-工业金属-铅锌,600531
688017.SH,17,机械设备-自动化设备-机器人,688017
688777.SH,17,机械设备-自动化设备-工控设备,688777
301225.SZ,33,汽车-汽车零部件-底盘与发动机系统,301225
301068.SZ,33,环保-环境治理-固废治理,301068
300229.SZ,33,计算机-软件开发-垂直应用软件,300229
301248.SZ,33,计算机-IT服务-IT服务Ⅲ,301248
688386.SH,17,基础化工-塑料制品-膜材料,688386
300731.SZ,33,基础化工-橡胶制品-其他橡胶制品,300731
301309.SZ,33,机械设备-通用设备-金属制品,301309
688709.SH,17,电子-半导体-模拟芯片设计,688709
688375.SH,17,国防军工-军工电子-军工电子Ⅲ,688375
002371.SZ,33,电子-半导体-半导体设备,002371
301202.SZ,33,通信-通信设备-其他通信设备,301202
688380.SH,17,电子-半导体-数字芯片设计,688380
300881.SZ,33,钢铁-钢铁-特钢,300881
300502.SZ,33,通信-通信设备-通信网络设备及器件,300502
300442.SZ,33,通信-通信服务-通信应用增值服务,300442
920493.BJ,151,计算机-IT服务-IT服务Ⅲ,920493
002851.SZ,33,电力设备-其他电源设备-其他电源设备Ⅲ,002851
300153.SZ,33,电力设备-其他电源设备-其他电源设备Ⅲ,300153
688055.SH,17,电子-光学光电子-面板,688055
688661.SH,17,电子-消费电子-消费电子零部件及组装,688661
300696.SZ,33,国防军工-军工装备-航空装备,300696
300236.SZ,33,电子-电子化学品-电子化学品Ⅲ,300236
688691.SH,17,电子-半导体-集成电路制造,688691
300539.SZ,33,基础化工-塑料制品-其他塑料制品,300539
688327.SH,17,计算机-IT服务-IT服务Ⅲ,688327
002922.SZ,33,电子-其他电子-其他电子Ⅲ,002922
920249.BJ,151,通信-通信设备-通信终端及配件,920249
301231.SZ,33,传媒-文化传媒-出版,301231
300716.SZ,33,电力设备-光伏设备-光伏电池组件,300716
601212.SH,17,有色金属-工业金属-铜,601212
300836.SZ,33,机械设备-专用设备-其他专用设备,300836
002283.SZ,33,汽车-汽车零部件-底盘与发动机系统,002283
002947.SZ,33,电子-消费电子-消费电子零部件及组装,002947
603989.SH,17,电子-元件-被动元件,603989
300757.SZ,33,机械设备-自动化设备-其他自动化设备,300757
300580.SZ,33,汽车-汽车零部件-底盘与发动机系统,300580
688025.SH,17,机械设备-自动化设备-激光设备,688025
300378.SZ,33,计算机-软件开发-横向通用软件,300378
301285.SZ,33,电子-消费电子-消费电子零部件及组装,301285
300421.SZ,33,机械设备-通用设备-金属制品,300421
300231.SZ,33,计算机-IT服务-IT服务Ⅲ,300231
002913.SZ,33,电子-元件-印制电路板,002913
301308.SZ,33,电子-半导体-数字芯片设计,301308
688648.SH,17,机械设备-通用设备-其他通用设备,688648
300033.SZ,33,计算机-软件开发-垂直应用软件,300033
300004.SZ,33,机械设备-专用设备-其他专用设备,300004
688008.SH,17,电子-半导体-数字芯片设计,688008
301611.SZ,33,电子-半导体-半导体材料,301611
600410.SH,17,计算机-IT服务-IT服务Ⅲ,600410
002335.SZ,33,电力设备-其他电源设备-其他电源设备Ⅲ,002335
301306.SZ,33,社会服务-其他社会服务-专业服务,301306
301359.SZ,33,电子-其他电子-其他电子Ⅲ,301359
000681.SZ,33,传媒-文化传媒-数字媒体,000681
000510.SZ,33,基础化工-化学原料-氯碱,000510
300131.SZ,33,电子-其他电子-其他电子Ⅲ,300131
688800.SH,17,电子-其他电子-其他电子Ⅲ,688800
688172.SH,17,电子-半导体-分立器件,688172
688807.SH,17,电子-半导体-数字芯片设计,688807
603993.SH,17,有色金属-工业金属-铜,603993
000032.SZ,33,建筑装饰-建筑装饰-专业工程,000032
603701.SH,17,汽车-汽车零部件-底盘与发动机系统,603701
000949.SZ,33,基础化工-化学纤维-氨纶,000949
920026.BJ,151,机械设备-专用设备-其他专用设备,920026
000425.SZ,33,机械设备-工程机械-工程机械Ⅲ,000425
688698.SH,17,机械设备-自动化设备-工控设备,688698
300269.SZ,33,电子-光学光电子-LED,300269
688652.SH,17,电子-半导体-半导体设备,688652
300383.SZ,33,通信-通信服务-通信应用增值服务,300383
688593.SH,17,电子-半导体-数字芯片设计,688593
688261.SH,17,电子-半导体-分立器件,688261
920526.BJ,151,电子-电子化学品-电子化学品Ⅲ,920526
000975.SZ,33,有色金属-贵金属-贵金属Ⅲ,000975
301486.SZ,33,电子-消费电子-消费电子零部件及组装,301486
603979.SH,17,有色金属-工业金属-铜,603979
688551.SH,17,电力设备-其他电源设备-其他电源设备Ⅲ,688551
688072.SH,17,电子-半导体-半导体设备,688072
300136.SZ,33,电子-消费电子-消费电子零部件及组装,300136
002903.SZ,33,机械设备-通用设备-机床工具,002903
603859.SH,17,计算机-IT服务-IT服务Ⅲ,603859
688628.SH,17,机械设备-通用设备-仪器仪表,688628
300684.SZ,33,电子-电子化学品-电子化学品Ⅲ,300684
300840.SZ,33,纺织服饰-服装家纺-服装,300840
301428.SZ,33,通信-通信服务-通信应用增值服务,301428
688200.SH,17,电子-半导体-半导体设备,688200
688099.SH,17,电子-半导体-数字芯片设计,688099
300964.SZ,33,电子-元件-印制电路板,300964
920438.BJ,151,电子-光学光电子-光学元件,920438
920564.BJ,151,计算机-IT服务-IT服务Ⅲ,920564
688002.SH,17,国防军工-军工电子-军工电子Ⅲ,688002
688685.SH,17,国防军工-军工装备-航空装备,688685
300781.SZ,33,传媒-文化传媒-广告营销,300781
603158.SH,17,汽车-汽车零部件-底盘与发动机系统,603158
605123.SH,17,国防军工-军工装备-航空装备,605123
688361.SH,17,电子-半导体-半导体设备,688361
688662.SH,17,电子-其他电子-其他电子Ⅲ,688662
688503.SH,17,电力设备-光伏设备-光伏辅材,688503
300323.SZ,33,电子-光学光电子-LED,300323
688615.SH,17,计算机-软件开发-垂直应用软件,688615
300133.SZ,33,传媒-影视院线-影视院线Ⅲ,300133
300885.SZ,33,机械设备-通用设备-金属制品,300885
000415.SZ,33,非银金融-多元金融-多元金融Ⅲ,000415
688629.SH,17,国防军工-军工电子-军工电子Ⅲ,688629
688416.SH,17,电子-半导体-数字芯片设计,688416
601168.SH,17,有色金属-工业金属-铜,601168
688577.SH,17,机械设备-通用设备-机床工具,688577
002156.SZ,33,电子-半导体-集成电路封测,002156
600988.SH,17,有色金属-贵金属-贵金属Ⅲ,600988
301326.SZ,33,电子-消费电子-消费电子零部件及组装,301326
301120.SZ,33,电力设备-电网设备-输变电设备,301120
920662.BJ,151,机械设备-通用设备-其他通用设备,920662
301279.SZ,33,机械设备-工程机械-工程机械Ⅲ,301279
688419.SH,17,机械设备-专用设备-其他专用设备,688419
300182.SZ,33,传媒-影视院线-影视院线Ⅲ,300182
603773.SH,17,电子-光学光电子-面板,603773
688102.SH,17,有色金属-金属新材料-其他金属新材料,688102
300852.SZ,33,电子-元件-印制电路板,300852
605358.SH,17,电子-半导体-半导体材料,605358
003018.SZ,33,轻工制造-包装印刷-包装,003018
920640.BJ,151,通信-通信设备-通信网络设备及器件,920640
688768.SH,17,机械设备-通用设备-仪器仪表,688768
000960.SZ,33,有色金属-小金属-其他小金属,000960
600893.SH,17,国防军工-军工装备-航空装备,600893
301159.SZ,33,计算机-软件开发-垂直应用软件,301159
000065.SZ,33,建筑装饰-建筑装饰-专业工程,000065
301630.SZ,33,电子-电子化学品-电子化学品Ⅲ,301630
688680.SH,17,电力设备-光伏设备-光伏辅材,688680
688619.SH,17,计算机-计算机设备-安防设备,688619
688233.SH,17,电子-半导体-半导体材料,688233
300594.SZ,33,机械设备-轨交设备-轨交设备Ⅲ,300594
688435.SH,17,计算机-软件开发-横向通用软件,688435
688510.SH,17,国防军工-军工装备-航空装备,688510
301377.SZ,33,机械设备-通用设备-金属制品,301377
300578.SZ,33,通信-通信服务-通信应用增值服务,300578
688012.SH,17,电子-半导体-半导体设备,688012
300242.SZ,33,传媒-文化传媒-广告营销,300242
688093.SH,17,电子-其他电子-其他电子Ⅲ,688093
600489.SH,17,有色金属-贵金属-贵金属Ⅲ,600489
301128.SZ,33,机械设备-专用设备-其他专用设备,301128
002993.SZ,33,电子-消费电子-消费电子零部件及组装,002993
300984.SZ,33,机械设备-通用设备-其他通用设备,300984
301365.SZ,33,建筑装饰-建筑装饰-工程咨询服务,301365
300369.SZ,33,计算机-软件开发-横向通用软件,300369
002757.SZ,33,机械设备-专用设备-其他专用设备,002757
002126.SZ,33,汽车-汽车零部件-底盘与发动机系统,002126
301045.SZ,33,电子-光学光电子-面板,301045
688262.SH,17,电子-半导体-数字芯片设计,688262
600584.SH,17,电子-半导体-集成电路封测,600584
301299.SZ,33,传媒-文化传媒-数字媒体,301299
688083.SH,17,计算机-软件开发-垂直应用软件,688083
300921.SZ,33,通信-通信服务-通信应用增值服务,300921
920670.BJ,151,医药生物-医疗服务-其他医疗服务,920670
300296.SZ,33,电子-光学光电子-LED,300296
688059.SH,17,机械设备-通用设备-金属制品,688059
920953.BJ,151,计算机-IT服务-IT服务Ⅲ,920953
688114.SH,17,医药生物-医疗器械-医疗设备,688114
688027.SH,17,通信-通信设备-通信终端及配件,688027
300417.SZ,33,机械设备-通用设备-仪器仪表,300417
300458.SZ,33,电子-半导体-数字芯片设计,300458
688409.SH,17,电子-半导体-半导体设备,688409
300324.SZ,33,计算机-计算机设备-其他计算机设备,300324
300969.SZ,33,汽车-汽车零部件-其他汽车零部件,300969
301548.SZ,33,机械设备-通用设备-金属制品,301548
920924.BJ,151,通信-通信服务-通信工程及服务,920924
688610.SH,17,机械设备-通用设备-仪器仪表,688610
301421.SZ,33,电子-光学光电子-光学元件,301421
300870.SZ,33,电力设备-其他电源设备-其他电源设备Ⅲ,300870
603738.SH,17,电子-元件-被动元件,603738
601567.SH,17,电力设备-电网设备-输变电设备,601567
300496.SZ,33,计算机-IT服务-IT服务Ⅲ,300496
688523.SH,17,国防军工-军工装备-航天装备,688523
300775.SZ,33,国防军工-军工装备-航空装备,300775
603893.SH,17,电子-半导体-数字芯片设计,603893
688378.SH,17,电子-电子化学品-电子化学品Ⅲ,688378
301536.SZ,33,电子-半导体-数字芯片设计,301536
002475.SZ,33,电子-消费电子-消费电子零部件及组装,002475
688559.SH,17,机械设备-自动化设备-激光设备,688559
688313.SH,17,通信-通信设备-通信网络设备及器件,688313
603588.SH,17,环保-环境治理-固废治理,603588
603533.SH,17,传媒-文化传媒-数字媒体,603533
920130.BJ,151,计算机-IT服务-IT服务Ⅲ,920130
300830.SZ,33,计算机-软件开发-垂直应用软件,300830
301123.SZ,33,电子-消费电子-消费电子零部件及组装,301123
301196.SZ,33,基础化工-塑料制品-其他塑料制品,301196
301345.SZ,33,汽车-汽车服务及其他-其他运输设备,301345
300201.SZ,33,机械设备-工程机械-工程机械Ⅲ,300201
688152.SH,17,计算机-软件开发-横向通用软件,688152
301169.SZ,33,社会服务-其他社会服务-专业服务,301169
300476.SZ,33,电子-元件-印制电路板,300476
000628.SZ,33,建筑装饰-建筑装饰-房屋建设,000628
920036.BJ,151,计算机-计算机设备-安防设备,920036
301568.SZ,33,机械设备-自动化设备-其他自动化设备,301568
688512.SH,17,电子-半导体-模拟芯片设计,688512
688135.SH,17,电子-半导体-集成电路封测,688135
603061.SH,17,电子-半导体-半导体设备,603061
600545.SH,17,机械设备-专用设备-纺织服装设备,600545
688347.SH,17,电子-半导体-集成电路制造,688347
688088.SH,17,计算机-IT服务-IT服务Ⅲ,688088
600482.SH,17,电力设备-其他电源设备-其他电源设备Ⅲ,600482
002837.SZ,33,机械设备-专用设备-其他专用设备,002837
600029.SH,17,交通运输-机场航运-航空运输,600029
688231.SH,17,国防军工-军工装备-航空装备,688231
688207.SH,17,计算机-IT服务-IT服务Ⅲ,688207
603936.SH,17,电子-元件-印制电路板,603936
603228.SH,17,电子-元件-印制电路板,603228
300032.SZ,33,电子-消费电子-消费电子零部件及组装,300032
688035.SH,17,电子-电子化学品-电子化学品Ⅲ,688035
688591.SH,17,电子-半导体-数字芯片设计,688591
688362.SH,17,电子-半导体-集成电路封测,688362
300838.SZ,33,机械设备-通用设备-金属制品,300838
300223.SZ,33,电子-半导体-数字芯片设计,300223
002429.SZ,33,家用电器-黑色家电-彩电,002429
920100.BJ,151,电力设备-电机-电机Ⅲ,920100
002448.SZ,33,汽车-汽车零部件-底盘与发动机系统,002448
000603.SZ,33,有色金属-工业金属-铅锌,000603
301157.SZ,33,电力设备-其他电源设备-其他电源设备Ⅲ,301157
688372.SH,17,电子-半导体-集成电路封测,688372
688611.SH,17,电力设备-电网设备-电气自控设备,688611
002418.SZ,33,家用电器-白色家电-家电零部件,002418
603887.SH,17,通信-通信服务-通信应用增值服务,603887
688191.SH,17,计算机-IT服务-IT服务Ⅲ,688191
300803.SZ,33,计算机-软件开发-垂直应用软件,300803
300520.SZ,33,计算机-软件开发-垂直应用软件,300520
300102.SZ,33,电子-光学光电子-LED,300102
600667.SH,17,建筑装饰-建筑装饰-工程咨询服务,600667
600268.SH,17,电力设备-电网设备-电气自控设备,600268
301525.SZ,33,机械设备-通用设备-制冷空调设备,301525
600590.SH,17,国防军工-军工电子-军工电子Ⅲ,600590
300913.SZ,33,通信-通信设备-通信线缆及配套,300913
601138.SH,17,电子-消费电子-消费电子零部件及组装,601138
300337.SZ,33,有色金属-工业金属-铝,300337
920592.BJ,151,计算机-软件开发-垂直应用软件,920592
301165.SZ,33,通信-通信设备-通信网络设备及器件,301165
688418.SH,17,通信-通信设备-其他通信设备,688418
002270.SZ,33,电力设备-电网设备-输变电设备,002270
301469.SZ,33,轻工制造-造纸-造纸Ⅲ,301469
300302.SZ,33,计算机-计算机设备-其他计算机设备,300302
688776.SH,17,国防军工-军工电子-军工电子Ⅲ,688776
002815.SZ,33,电子-元件-印制电路板,002815
603901.SH,17,机械设备-专用设备-印刷包装机械,603901
300603.SZ,33,通信-通信服务-通信工程及服务,300603
688309.SH,17,环保-环保设备-环保设备Ⅲ,688309
920037.BJ,151,电力设备-电网设备-线缆部件及其他,920037
688225.SH,17,计算机-软件开发-横向通用软件,688225
300291.SZ,33,传媒-影视院线-影视院线Ⅲ,300291
300828.SZ,33,机械设备-通用设备-金属制品,300828
301137.SZ,33,机械设备-通用设备-金属制品,301137
300806.SZ,33,基础化工-塑料制品-膜材料,300806
600512.SH,17,建筑装饰-建筑装饰-基础建设,600512
688335.SH,17,环保-环保设备-环保设备Ⅲ,688335
600262.SH,17,机械设备-专用设备-能源及重型设备,600262
300339.SZ,33,计算机-IT服务-IT服务Ⅲ,300339
688096.SH,17,环保-环境治理-水务及水治理,688096
603698.SH,17,机械设备-专用设备-能源及重型设备,603698
301529.SZ,33,汽车-汽车零部件-车身附件及饰件,301529
002080.SZ,33,建筑材料-建筑材料-玻璃玻纤,002080
688292.SH,17,通信-通信设备-其他通信设备,688292
300805.SZ,33,传媒-文化传媒-广告营销,300805
603256.SH,17,电子-电子化学品-电子化学品Ⅲ,603256
300115.SZ,33,电子-消费电子-消费电子零部件及组装,300115
301180.SZ,33,电子-消费电子-消费电子零部件及组装,301180
688023.SH,17,计算机-软件开发-横向通用软件,688023
603300.SH,17,非银金融-多元金融-多元金融Ⅲ,603300
688306.SH,17,机械设备-自动化设备-其他自动化设备,688306
920876.BJ,151,电子-消费电子-消费电子零部件及组装,920876
301086.SZ,33,电子-消费电子-消费电子零部件及组装,301086
688277.SH,17,医药生物-医疗器械-医疗设备,688277
603000.SH,17,传媒-文化传媒-数字媒体,603000
688385.SH,17,电子-半导体-数字芯片设计,688385
300493.SZ,33,电子-其他电子-其他电子Ⅲ,300493
688058.SH,17,计算机-软件开发-横向通用软件,688058
000878.SZ,33,有色金属-工业金属-铜,000878
688401.SH,17,电子-半导体-半导体材料,688401
301526.SZ,33,建筑材料-建筑材料-玻璃玻纤,301526
002534.SZ,33,电力设备-其他电源设备-其他电源设备Ⅲ,002534
300682.SZ,33,计算机-IT服务-IT服务Ⅲ,300682
688507.SH,17,计算机-软件开发-垂直应用软件,688507
300929.SZ,33,环保-环境治理-水务及水治理,300929
300290.SZ,33,计算机-IT服务-IT服务Ⅲ,300290
301382.SZ,33,通信-通信服务-通信应用增值服务,301382
688508.SH,17,电子-半导体-模拟芯片设计,688508
300567.SZ,33,机械设备-通用设备-仪器仪表,300567
301320.SZ,33,机械设备-自动化设备-工控设备,301320
688565.SH,17,环保-环境治理-水务及水治理,688565
300099.SZ,33,机械设备-专用设备-能源及重型设备,300099
300680.SZ,33,汽车-汽车零部件-底盘与发动机系统,300680
300720.SZ,33,机械设备-通用设备-仪器仪表,300720
601600.SH,17,有色金属-工业金属-铝,601600
300250.SZ,33,计算机-IT服务-IT服务Ⅲ,300250
002595.SZ,33,机械设备-专用设备-其他专用设备,002595
300145.SZ,33,机械设备-通用设备-其他通用设备,300145
301321.SZ,33,电子-光学光电子-面板,301321
300053.SZ,33,电子-半导体-数字芯片设计,300053
603115.SH,17,电子-电子化学品-电子化学品Ⅲ,603115
688003.SH,17,机械设备-自动化设备-其他自动化设备,688003
603011.SH,17,机械设备-专用设备-其他专用设备,603011
688165.SH,17,机械设备-自动化设备-机器人,688165
301566.SZ,33,电子-元件-被动元件,301566
002938.SZ,33,电子-元件-印制电路板,002938
300352.SZ,33,计算机-软件开发-横向通用软件,300352
002692.SZ,33,电力设备-电网设备-线缆部件及其他,002692
300911.SZ,33,家用电器-厨卫电器-厨卫电器Ⅲ,300911
003026.SZ,33,电子-半导体-半导体材料,003026
688159.SH,17,通信-通信设备-通信终端及配件,688159
603067.SH,17,基础化工-化学原料-无机盐,603067
688678.SH,17,电子-消费电子-消费电子零部件及组装,688678
688682.SH,17,国防军工-军工电子-军工电子Ⅲ,688682
301072.SZ,33,汽车-汽车零部件-底盘与发动机系统,301072
688517.SH,17,电力设备-电网设备-输变电设备,688517
601929.SH,17,传媒-文化传媒-电视广播,601929
601111.SH,17,交通运输-机场航运-航空运输,601111
688281.SH,17,国防军工-军工装备-航空装备,688281
600330.SH,17,电子-电子化学品-电子化学品Ⅲ,600330
688651.SH,17,计算机-软件开发-横向通用软件,688651
300459.SZ,33,传媒-游戏-游戏Ⅲ,300459
002565.SZ,33,轻工制造-包装印刷-包装,002565
002436.SZ,33,电子-元件-印制电路板,002436
600673.SH,17,综合-综合-综合Ⅲ,600673
300939.SZ,33,电子-光学光电子-面板,300939
300930.SZ,33,有色金属-金属新材料-其他金属新材料,300930
688677.SH,17,医药生物-医疗器械-医疗设备,688677
301228.SZ,33,社会服务-其他社会服务-专业服务,301228
300788.SZ,33,传媒-文化传媒-出版,300788
920491.BJ,151,机械设备-通用设备-仪器仪表,920491
920368.BJ,151,电力设备-光伏设备-光伏加工设备,920368
300657.SZ,33,电子-元件-印制电路板,300657
300959.SZ,33,通信-通信服务-通信应用增值服务,300959
688273.SH,17,医药生物-医疗器械-医疗设备,688273
603991.SH,17,电子-半导体-半导体材料,603991
301577.SZ,33,通信-通信设备-通信网络设备及器件,301577
002859.SZ,33,电子-其他电子-其他电子Ⅲ,002859
002138.SZ,33,电子-元件-被动元件,002138
688249.SH,17,电子-半导体-集成电路制造,688249
300766.SZ,33,计算机-软件开发-横向通用软件,300766
603258.SH,17,传媒-游戏-游戏Ⅲ,603258
688312.SH,17,机械设备-自动化设备-其他自动化设备,688312
300687.SZ,33,计算机-IT服务-IT服务Ⅲ,300687
920339.BJ,151,电子-光学光电子-LED,920339
301282.SZ,33,电子-元件-印制电路板,301282
300377.SZ,33,计算机-软件开发-垂直应用软件,300377
300331.SZ,33,电子-光学光电子-光学元件,300331
002782.SZ,33,电子-其他电子-其他电子Ⅲ,002782
300101.SZ,33,国防军工-军工电子-军工电子Ⅲ,300101
920706.BJ,151,机械设备-工程机械-工程机械Ⅲ,920706
301378.SZ,33,计算机-软件开发-垂直应用软件,301378
688130.SH,17,电子-半导体-模拟芯片设计,688130
688082.SH,17,电子-半导体-半导体设备,688082
688333.SH,17,机械设备-通用设备-其他通用设备,688333
920873.BJ,151,建筑装饰-建筑装饰-工程咨询服务,920873
000737.SZ,33,有色金属-工业金属-铜,000737
300990.SZ,33,机械设备-通用设备-制冷空调设备,300990
600118.SH,17,国防军工-军工装备-航天装备,600118
301160.SZ,33,机械设备-通用设备-金属制品,301160
301265.SZ,33,环保-环境治理-固废治理,301265
600633.SH,17,传媒-游戏-游戏Ⅲ,600633
920533.BJ,151,汽车-汽车零部件-车身附件及饰件,920533
688004.SH,17,计算机-IT服务-IT服务Ⅲ,688004
002426.SZ,33,电子-消费电子-消费电子零部件及组装,002426
300855.SZ,33,有色金属-金属新材料-其他金属新材料,300855
301315.SZ,33,计算机-软件开发-横向通用软件,301315
300811.SZ,33,有色金属-金属新材料-磁性材料,300811
300593.SZ,33,电力设备-其他电源设备-其他电源设备Ⅲ,300593
688376.SH,17,环保-环保设备-环保设备Ⅲ,688376
920978.BJ,151,汽车-汽车零部件-汽车电子电气系统,920978
688595.SH,17,电子-半导体-数字芯片设计,688595
002354.SZ,33,传媒-文化传媒-广告营销,002354
688260.SH,17,电子-消费电子-消费电子零部件及组装,688260
603626.SH,17,电子-消费电子-消费电子零部件及组装,603626
688317.SH,17,医药生物-医疗器械-体外诊断,688317
688322.SH,17,电子-光学光电子-光学元件,688322
603612.SH,17,基础化工-非金属材料-非金属材料Ⅲ,603612
300587.SZ,33,基础化工-橡胶制品-其他橡胶制品,300587
300253.SZ,33,计算机-软件开发-垂直应用软件,300253
603556.SH,17,电力设备-电网设备-电气自控设备,603556
601360.SH,17,计算机-软件开发-横向通用软件,601360
301626.SZ,33,电子-消费电子-消费电子零部件及组装,301626
688727.SH,17,电子-半导体-半导体材料,688727
601068.SH,17,建筑装饰-建筑装饰-专业工程,601068
002261.SZ,33,计算机-软件开发-垂直应用软件,002261
300450.SZ,33,电力设备-电池-锂电专用设备,300450
600961.SH,17,有色金属-工业金属-铅锌,600961
601601.SH,17,非银金融-保险-保险Ⅲ,601601
000823.SZ,33,电子-元件-印制电路板,000823
688515.SH,17,电子-半导体-模拟芯片设计,688515
688500.SH,17,计算机-IT服务-IT服务Ⅲ,688500
688051.SH,17,计算机-IT服务-IT服务Ⅲ,688051
001256.SZ,33,机械设备-专用设备-印刷包装机械,001256
301110.SZ,33,商贸零售-互联网电商-互联网电商Ⅲ,301110
301052.SZ,33,传媒-文化传媒-出版,301052
300118.SZ,33,电力设备-光伏设备-光伏电池组件,300118
600547.SH,17,有色金属-贵金属-贵金属Ⅲ,600547
301293.SZ,33,医药生物-医疗服务-医院,301293
600711.SH,17,有色金属-工业金属-铜,600711
688160.SH,17,机械设备-自动化设备-工控设备,688160
300612.SZ,33,传媒-文化传媒-广告营销,300612
688388.SH,17,电力设备-电池-锂电池,688388
000021.SZ,33,电子-消费电子-消费电子零部件及组装,000021
300737.SZ,33,建筑材料-建筑材料-其他建材,300737
002197.SZ,33,计算机-IT服务-IT服务Ⅲ,002197
002169.SZ,33,电力设备-电网设备-电气自控设备,002169
688173.SH,17,电子-半导体-模拟芯片设计,688173
688686.SH,17,机械设备-自动化设备-其他自动化设备,688686
301192.SZ,33,汽车-汽车零部件-底盘与发动机系统,301192
301262.SZ,33,传媒-文化传媒-电视广播,301262
001332.SZ,33,机械设备-专用设备-能源及重型设备,001332
002881.SZ,33,通信-通信设备-通信终端及配件,002881
688599.SH,17,电力设备-光伏设备-光伏电池组件,688599
688308.SH,17,机械设备-通用设备-金属制品,688308
688291.SH,17,计算机-软件开发-垂直应用软件,688291
601108.SH,17,非银金融-证券-证券Ⅲ,601108
601179.SH,17,电力设备-电网设备-输变电设备,601179
301237.SZ,33,基础化工-塑料制品-膜材料,301237
301628.SZ,33,电子-元件-印制电路板,301628
301205.SZ,33,通信-通信设备-通信网络设备及器件,301205
601231.SH,17,电子-消费电子-消费电子零部件及组装,601231
002970.SZ,33,计算机-计算机设备-其他计算机设备,002970
600331.SH,17,基础化工-农化制品-磷肥及磷化工,600331
301000.SZ,33,汽车-汽车零部件-其他汽车零部件,301000
688223.SH,17,电力设备-光伏设备-光伏电池组件,688223
688080.SH,17,通信-通信设备-其他通信设备,688080
300444.SZ,33,电力设备-电网设备-输变电设备,300444
600255.SH,17,有色金属-金属新材料-其他金属新材料,600255
603186.SH,17,电子-元件-印制电路板,603186
300494.SZ,33,传媒-游戏-游戏Ⅲ,300494
300909.SZ,33,电子-光学光电子-面板,300909
605168.SH,17,传媒-文化传媒-广告营销,605168
920885.BJ,151,机械设备-自动化设备-工控设备,920885
300179.SZ,33,机械设备-通用设备-磨具磨料,300179
688585.SH,17,基础化工-塑料制品-合成树脂,688585
300328.SZ,33,有色金属-小金属-其他小金属,300328
688522.SH,17,国防军工-军工电子-军工电子Ⅲ,688522
300226.SZ,33,计算机-软件开发-垂直应用软件,300226
000636.SZ,33,电子-元件-被动元件,000636
300368.SZ,33,计算机-计算机设备-其他计算机设备,300368
300570.SZ,33,通信-通信设备-通信网络设备及器件,300570
300823.SZ,33,机械设备-专用设备-其他专用设备,300823
688320.SH,17,机械设备-自动化设备-工控设备,688320
920992.BJ,151,医药生物-医疗器械-医疗设备,920992
920091.BJ,151,机械设备-专用设备-其他专用设备,920091
300167.SZ,33,计算机-IT服务-IT服务Ⅲ,300167
688216.SH,17,电子-半导体-集成电路封测,688216
688095.SH,17,计算机-软件开发-横向通用软件,688095
300399.SZ,33,计算机-IT服务-IT服务Ⅲ,300399
002029.SZ,33,纺织服饰-服装家纺-服装,002029
300315.SZ,33,传媒-游戏-游戏Ⅲ,300315
600031.SH,17,机械设备-工程机械-工程机械Ⅲ,600031
603171.SH,17,计算机-IT服务-IT服务Ⅲ,603171
688111.SH,17,计算机-软件开发-横向通用软件,688111
600391.SH,17,国防军工-军工装备-航空装备,600391
605598.SH,17,建筑装饰-建筑装饰-专业工程,605598
300027.SZ,33,传媒-影视院线-影视院线Ⅲ,300027
600183.SH,17,电子-元件-印制电路板,600183
002279.SZ,33,计算机-软件开发-横向通用软件,002279
300623.SZ,33,电子-半导体-分立器件,300623
000672.SZ,33,建筑材料-建筑材料-水泥,000672
920415.BJ,151,计算机-软件开发-垂直应用软件,920415
300638.SZ,33,通信-通信设备-通信终端及配件,300638
601899.SH,17,有色金属-贵金属-贵金属Ⅲ,601899
300751.SZ,33,电力设备-光伏设备-光伏加工设备,300751
688060.SH,17,计算机-计算机设备-其他计算机设备,688060
600556.SH,17,传媒-文化传媒-广告营销,600556
301667.SZ,33,汽车-汽车零部件-底盘与发动机系统,301667
688122.SH,17,国防军工-军工装备-航空装备,688122
920116.BJ,151,计算机-IT服务-IT服务Ⅲ,920116
301031.SZ,33,电子-其他电子-其他电子Ⅲ,301031
301013.SZ,33,机械设备-专用设备-其他专用设备,301013
300310.SZ,33,通信-通信服务-通信工程及服务,300310
300426.SZ,33,传媒-影视院线-影视院线Ⅲ,300426
301025.SZ,33,传媒-文化传媒-出版,301025
920593.BJ,151,机械设备-自动化设备-机器人,920593
688325.SH,17,电子-半导体-模拟芯片设计,688325
603496.SH,17,计算机-计算机设备-其他计算机设备,603496
301629.SZ,33,电子-半导体-半导体设备,301629
688045.SH,17,电子-半导体-模拟芯片设计,688045
688147.SH,17,电子-半导体-半导体设备,688147
600831.SH,17,传媒-文化传媒-电视广播,600831
301270.SZ,33,计算机-软件开发-横向通用软件,301270
688620.SH,17,电子-半导体-数字芯片设计,688620
605058.SH,17,电子-元件-印制电路板,605058
301503.SZ,33,计算机-计算机设备-其他计算机设备,301503
300666.SZ,33,电子-半导体-半导体材料,300666
000933.SZ,33,有色金属-工业金属-铝,000933
603063.SH,17,电力设备-风电设备-风电零部件,603063
301413.SZ,33,机械设备-通用设备-仪器仪表,301413
603699.SH,17,机械设备-通用设备-金属制品,603699
002290.SZ,33,家用电器-白色家电-家电零部件,002290
301117.SZ,33,计算机-计算机设备-安防设备,301117
000524.SZ,33,社会服务-旅游及酒店-旅游综合,000524
300244.SZ,33,医药生物-医疗服务-其他医疗服务,300244
300409.SZ,33,电力设备-电池-电池化学品,300409
688400.SH,17,机械设备-自动化设备-其他自动化设备,688400
002765.SZ,33,汽车-汽车零部件-底盘与发动机系统,002765
603955.SH,17,建筑装饰-建筑装饰-装饰园林,603955
603269.SH,17,机械设备-通用设备-其他通用设备,603269
002409.SZ,33,电子-半导体-半导体材料,002409
688699.SH,17,电子-半导体-模拟芯片设计,688699
688607.SH,17,医药生物-医疗器械-医疗设备,688607
603160.SH,17,电子-半导体-模拟芯片设计,603160
301095.SZ,33,计算机-软件开发-垂直应用软件,301095
300211.SZ,33,机械设备-通用设备-仪器仪表,300211
920821.BJ,151,电子-元件-印制电路板,920821
002703.SZ,33,汽车-汽车零部件-底盘与发动机系统,002703
300047.SZ,33,计算机-软件开发-垂直应用软件,300047
301012.SZ,33,电力设备-电网设备-输变电设备,301012
920374.BJ,151,通信-通信设备-其他通信设备,920374
600549.SH,17,有色金属-小金属-钨,600549
300949.SZ,33,建筑装饰-建筑装饰-装饰园林,300949
301236.SZ,33,计算机-IT服务-IT服务Ⅲ,301236
603637.SH,17,建筑装饰-建筑装饰-专业工程,603637
001336.SZ,33,环保-环保设备-环保设备Ⅲ,001336
301266.SZ,33,电力设备-光伏设备-光伏辅材,301266
688458.SH,17,电子-半导体-模拟芯片设计,688458
301006.SZ,33,机械设备-通用设备-仪器仪表,301006
300333.SZ,33,计算机-计算机设备-其他计算机设备,300333
002315.SZ,33,商贸零售-互联网电商-互联网电商Ⅲ,002315
688028.SH,17,机械设备-通用设备-磨具磨料,688028
301348.SZ,33,电子-半导体-集成电路封测,301348
603803.SH,17,通信-通信设备-通信终端及配件,603803
605111.SH,17,电子-半导体-分立器件,605111
001208.SZ,33,电力设备-电网设备-线缆部件及其他,001208
300629.SZ,33,国防军工-军工电子-军工电子Ⅲ,300629
300615.SZ,33,通信-通信设备-通信终端及配件,300615
603156.SH,17,食品饮料-饮料制造-软饮料,603156
300137.SZ,33,环保-环保设备-环保设备Ⅲ,300137
920247.BJ,151,汽车-汽车零部件-其他汽车零部件,920247
688213.SH,17,电子-半导体-数字芯片设计,688213
002488.SZ,33,汽车-汽车零部件-轮胎轮毂,002488
002575.SZ,33,综合-综合-综合Ⅲ,002575
688070.SH,17,国防军工-军工装备-航空装备,688070
688328.SH,17,机械设备-专用设备-其他专用设备,688328
603267.SH,17,国防军工-军工电子-军工电子Ⅲ,603267
301050.SZ,33,国防军工-军工电子-军工电子Ⅲ,301050
603608.SH,17,纺织服饰-服装家纺-鞋帽及其他,603608
001326.SZ,33,电子-光学光电子-LED,001326
002025.SZ,33,国防军工-军工电子-军工电子Ⅲ,002025
301522.SZ,33,有色金属-金属新材料-其他金属新材料,301522
688290.SH,17,机械设备-自动化设备-机器人,688290
301172.SZ,33,计算机-IT服务-IT服务Ⅲ,301172
002517.SZ,33,传媒-游戏-游戏Ⅲ,002517
301617.SZ,33,基础化工-化学制品-其他化学制品,301617
300706.SZ,33,电子-半导体-半导体材料,300706
300661.SZ,33,电子-半导体-模拟芯片设计,300661
301519.SZ,33,环保-环境治理-水务及水治理,301519
000815.SZ,33,通信-通信服务-通信应用增值服务,000815
300168.SZ,33,计算机-IT服务-IT服务Ⅲ,300168
920634.BJ,151,有色金属-工业金属-铅锌,920634
605376.SH,17,有色金属-能源金属-镍,605376
000526.SZ,33,社会服务-教育-教育Ⅲ,000526
301512.SZ,33,机械设备-自动化设备-其他自动化设备,301512
300061.SZ,33,传媒-文化传媒-广告营销,300061
605118.SH,17,计算机-计算机设备-安防设备,605118
600362.SH,17,有色金属-工业金属-铜,600362
001212.SZ,33,建筑材料-建筑材料-其他建材,001212
605336.SH,17,家用电器-厨卫电器-厨卫电器Ⅲ,605336
301502.SZ,33,电力设备-电机-电机Ⅲ,301502
600459.SH,17,有色金属-小金属-其他小金属,600459
688299.SH,17,电子-光学光电子-面板,688299
601789.SH,17,建筑装饰-建筑装饰-房屋建设,601789
688716.SH,17,基础化工-塑料制品-合成树脂,688716
688157.SH,17,基础化工-化学制品-涂料油墨,688157
601226.SH,17,建筑装饰-建筑装饰-专业工程,601226
300199.SZ,33,医药生物-化学制药-化学制剂,300199
301372.SZ,33,环保-环境治理-水务及水治理,301372
002591.SZ,33,基础化工-化学制品-其他化学制品,002591
002065.SZ,33,计算机-IT服务-IT服务Ⅲ,002065
000880.SZ,33,机械设备-通用设备-其他通用设备,000880
300688.SZ,33,社会服务-教育-教育Ⅲ,300688
688201.SH,17,计算机-软件开发-横向通用软件,688201
920075.BJ,151,轻工制造-包装印刷-包装,920075
603088.SH,17,机械设备-通用设备-机床工具,603088
600550.SH,17,电力设备-电网设备-输变电设备,600550
688244.SH,17,计算机-软件开发-横向通用软件,688244
301662.SZ,33,电力设备-电池-锂电专用设备,301662
002271.SZ,33,建筑材料-建筑材料-其他建材,002271
301002.SZ,33,电子-光学光电子-LED,301002
002174.SZ,33,传媒-游戏-游戏Ⅲ,002174
603660.SH,17,计算机-计算机设备-其他计算机设备,603660
600756.SH,17,计算机-IT服务-IT服务Ⅲ,600756
300739.SZ,33,电子-元件-印制电路板,300739
002885.SZ,33,电子-其他电子-其他电子Ⅲ,002885
002237.SZ,33,有色金属-贵金属-贵金属Ⅲ,002237
002243.SZ,33,美容护理-美容护理-化妆品,002243
603885.SH,17,交通运输-机场航运-航空运输,603885
688636.SH,17,国防军工-军工电子-军工电子Ⅲ,688636
301515.SZ,33,医药生物-医疗器械-医疗设备,301515
300691.SZ,33,计算机-计算机设备-安防设备,300691
688584.SH,17,电子-半导体-半导体材料,688584
688018.SH,17,电子-半导体-数字芯片设计,688018
002123.SZ,33,通信-通信服务-通信应用增值服务,002123
002541.SZ,33,建筑装饰-建筑装饰-专业工程,002541
603985.SH,17,电力设备-风电设备-风电零部件,603985
600797.SH,17,计算机-IT服务-IT服务Ⅲ,600797
688103.SH,17,电子-其他电子-其他电子Ⅲ,688103
301189.SZ,33,电子-消费电子-品牌消费电子,301189
600791.SH,17,房地产-房地产-住宅开发,600791
688657.SH,17,计算机-软件开发-垂直应用软件,688657
000547.SZ,33,国防军工-军工电子-军工电子Ⅲ,000547
688448.SH,17,机械设备-通用设备-其他通用设备,688448
920396.BJ,151,机械设备-自动化设备-其他自动化设备,920396
001339.SZ,33,计算机-计算机设备-其他计算机设备,001339
000555.SZ,33,计算机-IT服务-IT服务Ⅲ,000555
300935.SZ,33,计算机-软件开发-垂直应用软件,300935
000573.SZ,33,房地产-房地产-住宅开发,000573
603596.SH,17,汽车-汽车零部件-底盘与发动机系统,603596
002208.SZ,33,房地产-房地产-住宅开发,002208
688181.SH,17,电子-光学光电子-面板,688181
000034.SZ,33,计算机-IT服务-IT服务Ⅲ,000034
920510.BJ,151,机械设备-通用设备-金属制品,920510
688539.SH,17,机械设备-通用设备-仪器仪表,688539
300487.SZ,33,基础化工-塑料制品-合成树脂,300487
688379.SH,17,机械设备-通用设备-金属制品,688379
300925.SZ,33,计算机-软件开发-垂直应用软件,300925
920169.BJ,151,机械设备-通用设备-金属制品,920169
300491.SZ,33,电力设备-其他电源设备-其他电源设备Ⅲ,300491
688053.SH,22,国防军工-军工电子-军工电子Ⅲ,688053
920119.BJ,151,电力设备-电池-锂电专用设备,920119
001225.SZ,33,机械设备-专用设备-能源及重型设备,001225
002281.SZ,33,通信-通信设备-通信网络设备及器件,002281
002912.SZ,33,计算机-计算机设备-其他计算机设备,002912
300835.SZ,33,有色金属-金属新材料-磁性材料,300835
300774.SZ,33,环保-环境治理-水务及水治理,300774
000338.SZ,33,汽车-汽车零部件-底盘与发动机系统,000338
603019.SH,17,计算机-计算机设备-其他计算机设备,603019
301517.SZ,33,国防军工-军工电子-军工电子Ⅲ,301517
300762.SZ,33,国防军工-军工电子-军工电子Ⅲ,300762
000630.SZ,33,有色金属-工业金属-铜,000630
603728.SH,17,电力设备-电机-电机Ⅲ,603728
300563.SZ,33,通信-通信设备-通信线缆及配套,300563
920086.BJ,151,汽车-汽车零部件-底盘与发动机系统,920086
688246.SH,17,计算机-软件开发-垂直应用软件,688246
600143.SH,17,基础化工-塑料制品-改性塑料,600143
002173.SZ,33,医药生物-医疗服务-医院,002173
301028.SZ,33,机械设备-通用设备-其他通用设备,301028
920199.BJ,151,家用电器-小家电-小家电Ⅲ,920199
688120.SH,17,电子-半导体-半导体设备,688120
300001.SZ,33,电力设备-电网设备-输变电设备,300001
002031.SZ,33,机械设备-专用设备-其他专用设备,002031
688711.SH,17,电子-半导体-分立器件,688711
002153.SZ,33,计算机-软件开发-垂直应用软件,002153
300380.SZ,33,计算机-软件开发-垂直应用软件,300380
301369.SZ,33,电子-半导体-半导体设备,301369
600135.SH,17,基础化工-塑料制品-膜材料,600135
601336.SH,17,非银金融-保险-保险Ⅲ,601336
300162.SZ,33,电子-光学光电子-LED,300162
600103.SH,17,轻工制造-造纸-造纸Ⅲ,600103
688472.SH,17,电力设备-光伏设备-光伏电池组件,688472
300819.SZ,33,纺织服饰-纺织制造-其他纺织,300819
300448.SZ,33,计算机-IT服务-IT服务Ⅲ,300448
688307.SH,17,电子-光学光电子-光学元件,688307
603667.SH,17,机械设备-通用设备-金属制品,603667
920799.BJ,151,计算机-软件开发-垂直应用软件,920799
002636.SZ,33,电子-元件-印制电路板,002636
688323.SH,17,基础化工-塑料制品-膜材料,688323
920046.BJ,151,电力设备-电网设备-输变电设备,920046
300449.SZ,33,计算机-计算机设备-安防设备,300449
300279.SZ,33,家用电器-白色家电-家电零部件,300279
300660.SZ,33,电力设备-电机-电机Ⅲ,300660
300077.SZ,33,电子-半导体-数字芯片设计,300077
002077.SZ,33,电子-半导体-集成电路封测,002077
301125.SZ,33,机械设备-通用设备-其他通用设备,301125
600588.SH,17,计算机-软件开发-横向通用软件,600588
603341.SH,17,电子-消费电子-消费电子零部件及组装,603341
002518.SZ,33,电力设备-其他电源设备-其他电源设备Ⅲ,002518
600885.SH,17,电力设备-电网设备-输变电设备,600885
000157.SZ,33,机械设备-工程机械-工程机械Ⅲ,000157
300148.SZ,33,传媒-文化传媒-出版,300148
920508.BJ,151,电力设备-电网设备-电气自控设备,920508
300521.SZ,33,机械设备-专用设备-印刷包装机械,300521
300735.SZ,33,电子-消费电子-消费电子零部件及组装,300735
688280.SH,17,汽车-汽车零部件-底盘与发动机系统,688280
600783.SH,17,非银金融-多元金融-多元金融Ⅲ,600783
002048.SZ,33,汽车-汽车零部件-车身附件及饰件,002048
300277.SZ,33,电力设备-其他电源设备-其他电源设备Ⅲ,300277
000571.SZ,33,煤炭-煤炭开采加工-煤炭开采,000571
300541.SZ,33,计算机-IT服务-IT服务Ⅲ,300541
002459.SZ,33,电力设备-光伏设备-光伏电池组件,002459
002547.SZ,33,汽车-汽车零部件-其他汽车零部件,002547
688408.SH,17,电力设备-光伏设备-光伏辅材,688408
920427.BJ,151,建筑装饰-建筑装饰-工程咨询服务,920427
301001.SZ,33,商贸零售-互联网电商-互联网电商Ⅲ,301001
002130.SZ,33,电子-其他电子-其他电子Ⅲ,002130
300212.SZ,33,计算机-IT服务-IT服务Ⅲ,300212
688469.SH,17,电子-半导体-集成电路制造,688469
601858.SH,17,传媒-文化传媒-出版,601858
603279.SH,17,机械设备-通用设备-其他通用设备,603279
688037.SH,17,电子-半导体-半导体设备,688037
603888.SH,17,传媒-文化传媒-数字媒体,603888
605366.SH,17,基础化工-化学制品-有机硅,605366
920394.BJ,151,轻工制造-造纸-造纸Ⅲ,920394
601021.SH,17,交通运输-机场航运-航空运输,601021
600089.SH,17,综合-综合-综合Ⅲ,600089
300768.SZ,33,计算机-软件开发-横向通用软件,300768
002149.SZ,33,有色金属-小金属-其他小金属,002149
000980.SZ,33,汽车-汽车整车-乘用车,000980
300394.SZ,33,通信-通信设备-通信网络设备及器件,300394
601611.SH,17,建筑装饰-建筑装饰-基础建设,601611
605007.SH,17,轻工制造-造纸-造纸Ⅲ,605007
688561.SH,17,计算机-软件开发-横向通用软件,688561
002195.SZ,33,计算机-IT服务-IT服务Ⅲ,002195
300987.SZ,33,传媒-文化传媒-数字媒体,300987
300643.SZ,33,汽车-汽车零部件-其他汽车零部件,300643
301273.SZ,33,机械设备-通用设备-其他通用设备,301273
688568.SH,17,计算机-IT服务-IT服务Ⅲ,688568
000928.SZ,33,建筑装饰-建筑装饰-专业工程,000928
688766.SH,17,电子-半导体-数字芯片设计,688766
300430.SZ,33,机械设备-自动化设备-其他自动化设备,300430
600021.SH,17,公用事业-电力-火电,600021
600490.SH,17,有色金属-工业金属-铜,600490
688019.SH,17,电子-电子化学品-电子化学品Ⅲ,688019
300206.SZ,33,医药生物-医疗器械-医疗设备,300206
300046.SZ,33,电子-半导体-分立器件,300046
688600.SH,17,机械设备-通用设备-仪器仪表,688600
601519.SH,17,计算机-软件开发-垂直应用软件,601519
600580.SH,17,电力设备-电机-电机Ⅲ,600580
301132.SZ,33,电子-元件-印制电路板,301132
920961.BJ,151,机械设备-通用设备-仪器仪表,920961
301379.SZ,33,电子-光学光电子-面板,301379
002712.SZ,33,传媒-文化传媒-广告营销,002712
600497.SH,17,有色金属-工业金属-铅锌,600497
300560.SZ,33,通信-通信服务-通信工程及服务,300560
600601.SH,17,电子-元件-印制电路板,600601
300818.SZ,33,机械设备-专用设备-能源及重型设备,300818
001316.SZ,33,石油石化-石油加工贸易-油品石化贸易,001316
002225.SZ,33,建筑材料-建筑材料-耐火材料,002225
688296.SH,17,计算机-软件开发-垂直应用软件,688296
002871.SZ,33,机械设备-通用设备-金属制品,002871
300045.SZ,33,国防军工-军工电子-军工电子Ⅲ,300045
301590.SZ,33,电力设备-其他电源设备-其他电源设备Ⅲ,301590
603909.SH,17,建筑装饰-建筑装饰-工程咨询服务,603909
301101.SZ,33,轻工制造-家居用品-文娱用品,301101
300263.SZ,33,机械设备-通用设备-其他通用设备,300263
300842.SZ,33,电力设备-光伏设备-光伏辅材,300842
688501.SH,17,环保-环保设备-环保设备Ⅲ,688501
603897.SH,17,电力设备-电网设备-线缆部件及其他,603897
002185.SZ,33,电子-半导体-集成电路封测,002185
688612.SH,17,汽车-汽车零部件-汽车电子电气系统,688612
300708.SZ,33,电子-光学光电子-LED,300708
688785.SH,17,电子-半导体-半导体设备,688785
300490.SZ,33,电力设备-其他电源设备-其他电源设备Ⅲ,300490
301235.SZ,33,医药生物-医疗服务-其他医疗服务,301235
000060.SZ,33,有色金属-工业金属-铅锌,000060
920375.BJ,151,电力设备-电网设备-电气自控设备,920375
300010.SZ,33,社会服务-教育-教育Ⅲ,300010
688433.SH,17,机械设备-通用设备-其他通用设备,688433
000528.SZ,33,机械设备-工程机械-工程机械Ⅲ,000528
300517.SZ,33,建筑装饰-建筑装饰-专业工程,300517
300276.SZ,33,机械设备-自动化设备-机器人,300276
300645.SZ,33,计算机-计算机设备-其他计算机设备,300645
300354.SZ,33,机械设备-通用设备-仪器仪表,300354
001373.SZ,33,电子-光学光电子-光学元件,001373
300963.SZ,33,有色金属-金属新材料-其他金属新材料,300963
601698.SH,17,国防军工-军工装备-航天装备,601698
300389.SZ,33,电子-光学光电子-LED,300389
300304.SZ,33,汽车-汽车零部件-汽车电子电气系统,300304
603108.SH,17,医药生物-医药商业-医药流通,603108
301329.SZ,33,电子-消费电子-消费电子零部件及组装,301329
000810.SZ,33,家用电器-黑色家电-其他黑色家电,000810
300100.SZ,33,汽车-汽车零部件-车身附件及饰件,300100
002167.SZ,33,有色金属-小金属-其他小金属,002167
300271.SZ,33,计算机-软件开发-垂直应用软件,300271
300663.SZ,33,计算机-软件开发-垂直应用软件,300663
603030.SH,17,建筑装饰-建筑装饰-装饰园林,603030
002452.SZ,33,电力设备-电网设备-输变电设备,002452
920808.BJ,151,计算机-计算机设备-其他计算机设备,920808
688778.SH,17,电力设备-电池-电池化学品,688778
300128.SZ,33,电力设备-电池-锂电专用设备,300128
002983.SZ,33,电子-光学光电子-LED,002983
688126.SH,17,电子-半导体-半导体材料,688126
300582.SZ,33,电子-光学光电子-LED,300582
002857.SZ,33,电力设备-电网设备-电气自控设备,002857
603078.SH,17,电子-电子化学品-电子化学品Ⅲ,603078
002135.SZ,33,建筑装饰-建筑装饰-专业工程,002135
603650.SH,17,基础化工-橡胶制品-其他橡胶制品,603650
002723.SZ,33,电子-光学光电子-LED,002723
920223.BJ,151,机械设备-通用设备-金属制品,920223
603163.SH,17,建筑装饰-建筑装饰-专业工程,603163
601233.SH,17,基础化工-化学纤维-涤纶,601233
603126.SH,17,环保-环境治理-固废治理,603126
300843.SZ,33,电子-消费电子-消费电子零部件及组装,300843
920839.BJ,151,机械设备-工程机械-工程机械Ⅲ,920839
301392.SZ,33,机械设备-专用设备-其他专用设备,301392
603499.SH,17,轻工制造-包装印刷-包装,603499
300007.SZ,33,机械设备-通用设备-仪器仪表,300007
688369.SH,17,计算机-软件开发-横向通用软件,688369
688061.SH,17,电子-半导体-模拟芯片设计,688061
002050.SZ,33,家用电器-白色家电-家电零部件,002050
300299.SZ,33,传媒-游戏-游戏Ⅲ,300299
002667.SZ,33,有色金属-能源金属-锂,002667
600637.SH,17,传媒-文化传媒-电视广播,600637
300812.SZ,33,电子-消费电子-消费电子零部件及组装,300812
300098.SZ,33,通信-通信设备-通信网络设备及器件,300098
603713.SH,17,交通运输-物流-物流Ⅲ,603713
000901.SZ,33,汽车-汽车零部件-汽车电子电气系统,000901
300873.SZ,33,交通运输-物流-物流Ⅲ,300873
688721.SH,17,电子-半导体-半导体材料,688721
300711.SZ,33,通信-通信设备-其他通信设备,300711
920445.BJ,151,轻工制造-家居用品-其他家居用品,920445
300427.SZ,33,电力设备-电网设备-电气自控设备,300427
000682.SZ,33,电力设备-电网设备-电气自控设备,000682
603687.SH,17,轻工制造-包装印刷-包装,603687
603316.SH,17,电子-半导体-数字芯片设计,603316
603663.SH,17,基础化工-非金属材料-非金属材料Ⅲ,603663
300690.SZ,33,电力设备-风电设备-风电零部件,300690
688608.SH,17,电子-半导体-数字芯片设计,688608
300398.SZ,33,电子-电子化学品-电子化学品Ⅲ,300398
603040.SH,17,汽车-汽车零部件-底盘与发动机系统,603040
300488.SZ,33,机械设备-通用设备-金属制品,300488
300092.SZ,33,机械设备-专用设备-能源及重型设备,300092
688013.SH,17,医药生物-医疗器械-医疗耗材,688013
688255.SH,17,机械设备-自动化设备-机器人,688255
300916.SZ,33,电子-消费电子-消费电子零部件及组装,300916
000988.SZ,33,机械设备-自动化设备-激光设备,000988
002555.SZ,33,传媒-游戏-游戏Ⅲ,002555
920190.BJ,151,计算机-计算机设备-其他计算机设备,920190
920425.BJ,151,机械设备-自动化设备-工控设备,920425
688007.SH,17,电子-消费电子-品牌消费电子,688007
300609.SZ,33,计算机-IT服务-IT服务Ⅲ,300609
301363.SZ,33,医药生物-医疗器械-医疗设备,301363
301073.SZ,33,社会服务-旅游及酒店-酒店,301073
300074.SZ,33,计算机-软件开发-垂直应用软件,300074
002494.SZ,33,纺织服饰-服装家纺-服装,002494
920833.BJ,151,机械设备-通用设备-其他通用设备,920833
300433.SZ,33,电子-消费电子-消费电子零部件及组装,300433
301056.SZ,33,机械设备-专用设备-楼宇设备,301056
688478.SH,17,电子-半导体-半导体设备,688478
000633.SZ,33,有色金属-金属新材料-其他金属新材料,000633
300319.SZ,33,电子-元件-被动元件,300319
301328.SZ,33,电子-其他电子-其他电子Ⅲ,301328
002474.SZ,33,计算机-IT服务-IT服务Ⅲ,002474
603918.SH,17,计算机-IT服务-IT服务Ⅲ,603918
300605.SZ,33,计算机-软件开发-垂直应用软件,300605
688206.SH,17,计算机-软件开发-垂直应用软件,688206
002681.SZ,33,电子-消费电子-消费电子零部件及组装,002681
603678.SH,17,国防军工-军工电子-军工电子Ⅲ,603678
600353.SH,17,电子-其他电子-其他电子Ⅲ,600353
601689.SH,17,汽车-汽车零部件-底盘与发动机系统,601689
300626.SZ,33,电力设备-电机-电机Ⅲ,300626
688311.SH,17,国防军工-军工电子-军工电子Ⅲ,688311
300465.SZ,33,计算机-软件开发-垂直应用软件,300465
600748.SH,17,房地产-房地产-住宅开发,600748
300945.SZ,33,纺织服饰-服装家纺-饰品,300945
600577.SH,17,电力设备-电网设备-线缆部件及其他,600577
002654.SZ,33,电子-光学光电子-LED,002654
300353.SZ,33,通信-通信设备-其他通信设备,300353
300246.SZ,33,医药生物-医疗器械-医疗设备,300246
002941.SZ,33,建筑装饰-建筑装饰-基础建设,002941
300014.SZ,33,电力设备-电池-锂电池,300014
300222.SZ,33,电力设备-电网设备-电气自控设备,300222
603855.SH,17,机械设备-专用设备-其他专用设备,603855
603861.SH,17,电力设备-电网设备-输变电设备,603861
688199.SH,17,基础化工-化学制品-其他化学制品,688199
688653.SH,17,电子-半导体-模拟芯片设计,688653
002552.SZ,33,电子-元件-印制电路板,002552
002410.SZ,33,计算机-软件开发-垂直应用软件,002410
603119.SH,17,汽车-汽车零部件-其他汽车零部件,603119
300820.SZ,33,电力设备-其他电源设备-其他电源设备Ⅲ,300820
300752.SZ,33,电子-光学光电子-LED,300752
688205.SH,17,通信-通信设备-通信网络设备及器件,688205
300126.SZ,33,机械设备-通用设备-其他通用设备,300126
688071.SH,17,机械设备-专用设备-其他专用设备,688071
603615.SH,17,轻工制造-家居用品-其他家居用品,603615
002063.SZ,33,计算机-软件开发-垂直应用软件,002063
002472.SZ,33,汽车-汽车零部件-底盘与发动机系统,002472
600970.SH,17,建筑装饰-建筑装饰-专业工程,600970
920509.BJ,151,机械设备-通用设备-仪器仪表,920509
301252.SZ,33,机械设备-通用设备-制冷空调设备,301252
300435.SZ,33,机械设备-专用设备-能源及重型设备,300435
300316.SZ,33,电力设备-光伏设备-光伏加工设备,300316
300024.SZ,33,机械设备-自动化设备-机器人,300024
002112.SZ,33,电力设备-电网设备-输变电设备,002112
301102.SZ,33,传媒-文化传媒-广告营销,301102
002930.SZ,33,交通运输-物流-物流Ⅲ,002930
300951.SZ,33,电子-消费电子-消费电子零部件及组装,300951
603381.SH,17,电力设备-光伏设备-光伏辅材,603381
300002.SZ,33,传媒-游戏-游戏Ⅲ,300002
000969.SZ,33,有色金属-金属新材料-其他金属新材料,000969
688232.SH,17,计算机-软件开发-垂直应用软件,688232
301606.SZ,33,电子-消费电子-品牌消费电子,301606
000572.SZ,33,汽车-汽车整车-乘用车,000572
300129.SZ,33,电力设备-风电设备-风电零部件,300129
688981.SH,17,电子-半导体-集成电路制造,688981
600877.SH,17,电子-半导体-模拟芯片设计,600877
300755.SZ,33,商贸零售-零售-专业连锁,300755
603679.SH,17,电子-光学光电子-LED,603679
300656.SZ,33,电子-其他电子-其他电子Ⅲ,300656
300037.SZ,33,电力设备-电池-电池化学品,300037
300932.SZ,33,电力设备-电网设备-输变电设备,300932
688326.SH,17,计算机-软件开发-垂直应用软件,688326
688395.SH,17,机械设备-自动化设备-工控设备,688395
300695.SZ,33,汽车-汽车零部件-轮胎轮毂,300695
920454.BJ,151,汽车-汽车零部件-底盘与发动机系统,920454
605222.SH,17,电力设备-电网设备-线缆部件及其他,605222
603319.SH,17,汽车-汽车零部件-底盘与发动机系统,603319
002402.SZ,33,家用电器-白色家电-家电零部件,002402
003015.SZ,33,电子-光学光电子-光学元件,003015
002657.SZ,33,计算机-IT服务-IT服务Ⅲ,002657
300745.SZ,33,汽车-汽车零部件-汽车电子电气系统,300745
688090.SH,17,机械设备-自动化设备-机器人,688090
920145.BJ,151,环保-环保设备-环保设备Ⅲ,920145
300998.SZ,33,汽车-汽车零部件-其他汽车零部件,300998
600452.SH,17,公用事业-电力-电能综合服务,600452
300251.SZ,33,传媒-影视院线-影视院线Ⅲ,300251
002925.SZ,33,电子-消费电子-消费电子零部件及组装,002925
920108.BJ,151,家用电器-白色家电-家电零部件,920108
600312.SH,17,电力设备-电网设备-输变电设备,600312
002241.SZ,33,电子-消费电子-消费电子零部件及组装,002241
600785.SH,17,商贸零售-零售-百货零售,600785
300940.SZ,33,电子-光学光电子-LED,300940
688078.SH,17,计算机-软件开发-垂直应用软件,688078
603958.SH,17,纺织服饰-服装家纺-鞋帽及其他,603958
300650.SZ,33,电子-其他电子-其他电子Ⅲ,300650
300287.SZ,33,计算机-IT服务-IT服务Ⅲ,300287
605128.SH,17,汽车-汽车零部件-车身附件及饰件,605128
920001.BJ,151,电子-光学光电子-面板,920001
003021.SZ,33,电力设备-电机-电机Ⅲ,003021
300778.SZ,33,建筑装饰-建筑装饰-工程咨询服务,300778
600338.SH,17,有色金属-工业金属-铅锌,600338
600880.SH,17,计算机-软件开发-垂直应用软件,600880
603189.SH,17,计算机-软件开发-垂直应用软件,603189
002292.SZ,33,传媒-影视院线-影视院线Ⅲ,002292
000719.SZ,33,传媒-文化传媒-出版,000719
300551.SZ,33,计算机-计算机设备-其他计算机设备,300551
603655.SH,17,汽车-汽车零部件-其他汽车零部件,603655
603280.SH,17,机械设备-工程机械-工程机械Ⅲ,603280
300654.SZ,33,传媒-文化传媒-出版,300654
002843.SZ,33,机械设备-通用设备-金属制品,002843
001330.SZ,33,传媒-影视院线-影视院线Ⅲ,001330
002009.SZ,33,机械设备-专用设备-其他专用设备,002009
600208.SH,17,房地产-房地产-住宅开发,600208
603220.SH,17,通信-通信服务-通信工程及服务,603220
002853.SZ,33,轻工制造-家居用品-定制家居,002853
002432.SZ,33,医药生物-医疗器械-医疗设备,002432
688349.SH,17,电力设备-风电设备-风电整机,688349
688170.SH,17,机械设备-自动化设备-激光设备,688170
300525.SZ,33,计算机-软件开发-垂直应用软件,300525
688295.SH,17,基础化工-化学纤维-其他纤维,688295
300572.SZ,33,机械设备-通用设备-仪器仪表,300572
688809.SH,17,电子-半导体-半导体设备,688809
300837.SZ,33,机械设备-专用设备-能源及重型设备,300837
300043.SZ,33,传媒-游戏-游戏Ⅲ,300043
300536.SZ,33,建筑装饰-建筑装饰-装饰园林,300536
001396.SZ,33,社会服务-其他社会服务-专业服务,001396
301325.SZ,33,电力设备-电池-锂电专用设备,301325
603058.SH,17,轻工制造-包装印刷-包装,603058
603400.SH,17,机械设备-通用设备-其他通用设备,603400
301177.SZ,33,纺织服饰-服装家纺-饰品,301177
600397.SH,17,机械设备-专用设备-能源及重型设备,600397
002465.SZ,33,国防军工-军工电子-军工电子Ⅲ,002465
300075.SZ,33,计算机-软件开发-垂直应用软件,300075
301161.SZ,33,机械设备-工程机械-工程机械Ⅲ,301161
301600.SZ,33,计算机-计算机设备-其他计算机设备,301600
300598.SZ,33,计算机-软件开发-垂直应用软件,300598
300976.SZ,33,电子-消费电子-消费电子零部件及组装,300976
688475.SH,17,计算机-计算机设备-安防设备,688475
920932.BJ,151,计算机-软件开发-垂直应用软件,920932
301105.SZ,33,机械设备-专用设备-印刷包装机械,301105
000559.SZ,33,汽车-汽车零部件-底盘与发动机系统,000559
300621.SZ,33,建筑装饰-建筑装饰-装饰园林,300621
300259.SZ,33,机械设备-通用设备-仪器仪表,300259
301368.SZ,33,机械设备-通用设备-金属制品,301368
300903.SZ,33,电子-元件-印制电路板,300903
300622.SZ,33,商贸零售-零售-专业连锁,300622
688525.SH,17,电子-半导体-数字芯片设计,688525
688626.SH,17,医药生物-医疗器械-医疗设备,688626
000612.SZ,33,有色金属-工业金属-铝,000612
300059.SZ,33,非银金融-证券-证券Ⅲ,300059
603193.SH,17,美容护理-美容护理-个护用品,603193
603638.SH,17,机械设备-工程机械-工程机械Ⅲ,603638
002664.SZ,33,汽车-汽车零部件-汽车电子电气系统,002664
300036.SZ,33,计算机-软件开发-垂直应用软件,300036
002777.SZ,33,计算机-IT服务-IT服务Ⅲ,002777
601628.SH,17,非银金融-保险-保险Ⅲ,601628
688259.SH,17,电子-半导体-数字芯片设计,688259
000610.SZ,33,社会服务-旅游及酒店-旅游综合,000610
301261.SZ,33,机械设备-通用设备-金属制品,301261
002600.SZ,33,电子-消费电子-消费电子零部件及组装,002600
002368.SZ,33,计算机-IT服务-IT服务Ⅲ,002368
600460.SH,17,电子-半导体-分立器件,600460
603386.SH,17,电子-元件-印制电路板,603386
002937.SZ,33,汽车-汽车零部件-汽车电子电气系统,002937
603895.SH,17,机械设备-专用设备-其他专用设备,603895
603380.SH,17,电子-消费电子-消费电子零部件及组装,603380
002264.SZ,33,传媒-文化传媒-广告营销,002264
688399.SH,17,医药生物-医疗器械-体外诊断,688399
002747.SZ,33,机械设备-自动化设备-机器人,002747
000676.SZ,33,传媒-文化传媒-广告营销,000676
688167.SH,17,电子-半导体-分立器件,688167
300088.SZ,33,电子-光学光电子-面板,300088
300895.SZ,33,通信-通信服务-通信应用增值服务,300895
000029.SZ,33,房地产-房地产-住宅开发,000029
600246.SH,17,房地产-房地产-住宅开发,600246
300415.SZ,33,机械设备-专用设备-其他专用设备,300415
920689.BJ,151,机械设备-通用设备-其他通用设备,920689
002454.SZ,33,汽车-汽车零部件-汽车电子电气系统,002454
301580.SZ,33,医药生物-医疗器械-医疗耗材,301580
603017.SH,17,建筑装饰-建筑装饰-工程咨询服务,603017
600879.SH,17,国防军工-军工装备-航天装备,600879
300726.SZ,33,国防军工-军工电子-军工电子Ⅲ,300726
920270.BJ,151,汽车-汽车零部件-车身附件及饰件,920270
920422.BJ,151,基础化工-化学制品-食品及饲料添加剂,920422
301318.SZ,33,计算机-计算机设备-安防设备,301318
600776.SH,17,通信-通信设备-其他通信设备,600776
000582.SZ,33,交通运输-港口航运-港口,000582
688486.SH,17,电子-半导体-数字芯片设计,688486
002006.SZ,33,机械设备-专用设备-其他专用设备,002006
603135.SH,17,机械设备-专用设备-能源及重型设备,603135
300724.SZ,33,电力设备-光伏设备-光伏加工设备,300724
300802.SZ,33,机械设备-自动化设备-其他自动化设备,300802
300528.SZ,33,传媒-影视院线-影视院线Ⅲ,300528
688498.SH,17,电子-半导体-分立器件,688498
688403.SH,17,电子-半导体-集成电路封测,688403
300410.SZ,33,电力设备-电池-锂电专用设备,300410
300264.SZ,33,计算机-IT服务-IT服务Ⅲ,300264
300278.SZ,33,机械设备-自动化设备-工控设备,300278
301167.SZ,33,建筑装饰-建筑装饰-工程咨询服务,301167
603786.SH,17,汽车-汽车零部件-汽车电子电气系统,603786
688286.SH,17,电子-半导体-模拟芯片设计,688286
601900.SH,17,传媒-文化传媒-出版,601900
000751.SZ,33,有色金属-工业金属-铅锌,000751
600769.SH,17,环保-环境治理-水务及水治理,600769
301539.SZ,33,汽车-汽车零部件-轮胎轮毂,301539
301608.SZ,33,汽车-汽车零部件-汽车电子电气系统,301608
603799.SH,17,有色金属-能源金属-钴,603799
002425.SZ,33,传媒-游戏-游戏Ⅲ,002425
300508.SZ,33,计算机-计算机设备-其他计算机设备,300508
605398.SH,17,计算机-IT服务-IT服务Ⅲ,605398
688188.SH,17,机械设备-自动化设备-工控设备,688188
300349.SZ,33,机械设备-通用设备-仪器仪表,300349
301305.SZ,33,环保-环境治理-固废治理,301305
605178.SH,17,建筑装饰-建筑装饰-装饰园林,605178
000156.SZ,33,传媒-文化传媒-电视广播,000156
688391.SH,17,电子-半导体-模拟芯片设计,688391
301366.SZ,33,电子-元件-印制电路板,301366
920837.BJ,151,汽车-汽车零部件-底盘与发动机系统,920837
002544.SZ,33,通信-通信服务-通信工程及服务,002544
301556.SZ,33,计算机-IT服务-IT服务Ⅲ,301556
300652.SZ,33,汽车-汽车零部件-轮胎轮毂,300652
920006.BJ,151,国防军工-军工装备-航空装备,920006
301026.SZ,33,有色金属-小金属-其他小金属,301026
920351.BJ,151,交通运输-物流-物流Ⅲ,920351
301162.SZ,33,计算机-软件开发-垂直应用软件,301162
688558.SH,17,机械设备-通用设备-机床工具,688558
300374.SZ,33,建筑材料-建筑材料-其他建材,300374
300740.SZ,33,美容护理-美容护理-化妆品,300740
000887.SZ,33,汽车-汽车零部件-其他汽车零部件,000887
920720.BJ,151,汽车-汽车零部件-其他汽车零部件,920720
002229.SZ,33,计算机-IT服务-IT服务Ⅲ,002229
300346.SZ,33,电子-电子化学品-电子化学品Ⅲ,300346
688631.SH,17,计算机-软件开发-垂直应用软件,688631
600405.SH,17,电力设备-其他电源设备-其他电源设备Ⅲ,600405
002414.SZ,33,国防军工-军工电子-军工电子Ⅲ,002414
300455.SZ,33,计算机-计算机设备-其他计算机设备,300455
603662.SH,17,机械设备-通用设备-仪器仪表,603662
688113.SH,17,机械设备-专用设备-其他专用设备,688113
301107.SZ,33,机械设备-通用设备-其他通用设备,301107
300446.SZ,33,汽车-汽车零部件-车身附件及饰件,300446
688127.SH,17,电子-光学光电子-光学元件,688127
601116.SH,17,商贸零售-零售-百货零售,601116
001400.SZ,33,机械设备-专用设备-其他专用设备,001400
920152.BJ,151,有色金属-金属新材料-其他金属新材料,920152
002062.SZ,33,建筑装饰-建筑装饰-基础建设,002062
600499.SH,17,轻工制造-家居用品-瓷砖地板,600499
603232.SH,17,计算机-软件开发-横向通用软件,603232
601717.SH,17,机械设备-专用设备-能源及重型设备,601717
688162.SH,17,机械设备-专用设备-其他专用设备,688162
002514.SZ,33,机械设备-通用设备-金属制品,002514
000807.SZ,33,有色金属-工业金属-铝,000807
301314.SZ,33,通信-通信设备-通信网络设备及器件,301314
002719.SZ,33,食品饮料-食品加工制造-休闲食品,002719
688579.SH,17,计算机-软件开发-垂直应用软件,688579
688049.SH,17,电子-半导体-数字芯片设计,688049
002151.SZ,33,国防军工-军工电子-军工电子Ⅲ,002151
300709.SZ,33,电子-消费电子-消费电子零部件及组装,300709
603312.SH,17,电力设备-电网设备-输变电设备,603312
688665.SH,17,机械设备-通用设备-仪器仪表,688665
688562.SH,17,计算机-软件开发-垂直应用软件,688562
688484.SH,17,电子-半导体-模拟芯片设计,688484
603173.SH,17,机械设备-专用设备-能源及重型设备,603173
301049.SZ,33,环保-环境治理-固废治理,301049
688583.SH,17,机械设备-通用设备-仪器仪表,688583
600100.SH,17,计算机-计算机设备-其他计算机设备,600100
601996.SH,17,农林牧渔-种植业与林业-林业,601996
688182.SH,17,通信-通信设备-通信网络设备及器件,688182
603360.SH,17,基础化工-农化制品-农药,603360
300614.SZ,33,环保-环境治理-固废治理,300614
688556.SH,17,电力设备-光伏设备-光伏加工设备,688556
600640.SH,17,传媒-文化传媒-数字媒体,600640
300611.SZ,33,汽车-汽车零部件-车身附件及饰件,300611
603166.SH,17,汽车-汽车零部件-底盘与发动机系统,603166
300923.SZ,33,机械设备-轨交设备-轨交设备Ⅲ,300923
600845.SH,17,计算机-IT服务-IT服务Ⅲ,600845
300693.SZ,33,电力设备-其他电源设备-其他电源设备Ⅲ,300693
688681.SH,17,电力设备-电网设备-电气自控设备,688681
000839.SZ,33,通信-通信服务-通信应用增值服务,000839
920299.BJ,151,电力设备-电网设备-电气自控设备,920299
920237.BJ,151,电力设备-电池-锂电池,920237
601999.SH,17,传媒-文化传媒-出版,601999
603289.SH,17,机械设备-专用设备-其他专用设备,603289
002801.SZ,33,电力设备-电机-电机Ⅲ,002801
002115.SZ,33,通信-通信服务-通信工程及服务,002115
301636.SZ,33,电力设备-光伏设备-光伏电池组件,301636
603112.SH,17,家用电器-白色家电-家电零部件,603112
688439.SH,17,国防军工-军工电子-军工电子Ⅲ,688439
601616.SH,17,电力设备-电网设备-输变电设备,601616
300597.SZ,33,通信-通信服务-通信工程及服务,300597
000428.SZ,33,社会服务-旅游及酒店-酒店,000428
601615.SH,17,电力设备-风电设备-风电整机,601615
000977.SZ,33,计算机-计算机设备-其他计算机设备,000977
301356.SZ,33,轻工制造-家居用品-瓷砖地板,301356
003009.SZ,33,国防军工-军工装备-航天装备,003009
920198.BJ,151,计算机-计算机设备-安防设备,920198
688733.SH,17,电力设备-电池-电池化学品,688733
688489.SH,17,计算机-计算机设备-安防设备,688489
603337.SH,17,机械设备-专用设备-纺织服装设备,603337
600775.SH,17,通信-通信设备-通信终端及配件,600775
600734.SH,17,计算机-IT服务-IT服务Ⅲ,600734
688597.SH,17,电力设备-电网设备-电气自控设备,688597
920062.BJ,151,电力设备-电网设备-输变电设备,920062
300034.SZ,33,国防军工-军工装备-航空装备,300034
600259.SH,17,有色金属-小金属-稀土,600259
920943.BJ,151,机械设备-通用设备-金属制品,920943
002369.SZ,33,电子-消费电子-消费电子零部件及组装,002369
688038.SH,17,计算机-软件开发-垂直应用软件,688038
300083.SZ,33,机械设备-通用设备-机床工具,300083
920627.BJ,151,电力设备-电池-其他电池,920627
300035.SZ,33,电力设备-电池-电池化学品,300035
301338.SZ,33,机械设备-专用设备-其他专用设备,301338
300395.SZ,33,国防军工-军工装备-航空装备,300395
920284.BJ,151,机械设备-专用设备-其他专用设备,920284
002467.SZ,33,通信-通信服务-通信应用增值服务,002467
603097.SH,17,电力设备-电网设备-输变电设备,603097
300366.SZ,33,计算机-软件开发-垂直应用软件,300366
600094.SH,17,房地产-房地产-住宅开发,600094
301007.SZ,33,汽车-汽车零部件-底盘与发动机系统,301007
688798.SH,17,电子-半导体-模拟芯片设计,688798
300849.SZ,33,美容护理-美容护理-化妆品,300849
300474.SZ,33,国防军工-军工电子-军工电子Ⅲ,300474
601958.SH,17,有色金属-小金属-钼,601958
603236.SH,17,通信-通信设备-通信终端及配件,603236
688208.SH,17,计算机-计算机设备-其他计算机设备,688208
603001.SH,17,纺织服饰-服装家纺-鞋帽及其他,603001
300268.SZ,33,农林牧渔-农产品加工-其他农产品加工,300268
688293.SH,17,医药生物-医疗服务-医疗研发外包,688293
600415.SH,17,商贸零售-零售-商业物业经营,600415
002649.SZ,33,计算机-IT服务-IT服务Ⅲ,002649
300816.SZ,33,汽车-汽车零部件-其他汽车零部件,300816
603327.SH,17,电子-消费电子-消费电子零部件及组装,603327
300769.SZ,33,电力设备-电池-电池化学品,300769
688219.SH,17,基础化工-塑料制品-改性塑料,688219
600593.SH,17,社会服务-旅游及酒店-人工景点,600593
002248.SZ,33,机械设备-通用设备-机床工具,002248
300926.SZ,33,汽车-汽车零部件-其他汽车零部件,300926
300552.SZ,33,计算机-计算机设备-其他计算机设备,300552
300713.SZ,33,电力设备-其他电源设备-其他电源设备Ⅲ,300713
688690.SH,17,医药生物-化学制药-原料药,688690
601727.SH,17,电力设备-其他电源设备-其他电源设备Ⅲ,601727
300845.SZ,33,计算机-计算机设备-其他计算机设备,300845
301030.SZ,33,环保-环保设备-环保设备Ⅲ,301030
002175.SZ,33,机械设备-通用设备-仪器仪表,002175
601019.SH,17,传媒-文化传媒-出版,601019
300195.SZ,33,机械设备-专用设备-印刷包装机械,300195
605580.SH,17,公用事业-电力-热力,605580
920346.BJ,151,电子-消费电子-消费电子零部件及组装,920346
002364.SZ,33,电力设备-其他电源设备-其他电源设备Ⅲ,002364
603130.SH,17,纺织服饰-纺织制造-其他纺织,603130
000938.SZ,33,计算机-IT服务-IT服务Ⅲ,000938
300853.SZ,33,机械设备-自动化设备-机器人,300853
300516.SZ,33,电子-其他电子-其他电子Ⅲ,300516
002609.SZ,33,计算机-IT服务-IT服务Ⅲ,002609
300286.SZ,33,电力设备-电网设备-电气自控设备,300286
301219.SZ,33,有色金属-能源金属-钴,301219
600501.SH,17,机械设备-专用设备-其他专用设备,600501
002249.SZ,33,电力设备-电机-电机Ⅲ,002249
688271.SH,17,医药生物-医疗器械-医疗设备,688271
002960.SZ,33,机械设备-专用设备-楼宇设备,002960
002483.SZ,33,机械设备-专用设备-能源及重型设备,002483
300982.SZ,33,建筑装饰-建筑装饰-基础建设,300982
300556.SZ,33,计算机-软件开发-垂直应用软件,300556
920522.BJ,151,电力设备-电池-锂电专用设备,920522
300607.SZ,33,机械设备-自动化设备-机器人,300607
301055.SZ,33,轻工制造-家居用品-其他家居用品,301055
603257.SH,17,建筑装饰-建筑装饰-工程咨询服务,603257
000837.SZ,33,机械设备-通用设备-机床工具,000837
603466.SH,17,传媒-文化传媒-数字媒体,603466
002387.SZ,33,电子-光学光电子-面板,002387
002373.SZ,33,计算机-IT服务-IT服务Ⅲ,002373
300473.SZ,33,汽车-汽车零部件-其他汽车零部件,300473
603871.SH,17,交通运输-物流-物流Ⅲ,603871
600337.SH,17,轻工制造-家居用品-成品家居,600337
000063.SZ,33,通信-通信设备-通信网络设备及器件,000063
300707.SZ,33,汽车-汽车零部件-其他汽车零部件,300707
301678.SZ,33,电子-半导体-半导体材料,301678
603298.SH,17,机械设备-工程机械-工程机械Ⅲ,603298
002052.SZ,33,电力设备-其他电源设备-其他电源设备Ⅲ,002052
300031.SZ,33,传媒-游戏-游戏Ⅲ,300031
300403.SZ,33,家用电器-白色家电-家电零部件,300403
002796.SZ,33,通信-通信设备-通信网络设备及器件,002796
002829.SZ,33,国防军工-军工装备-航天装备,002829
920906.BJ,151,汽车-汽车零部件-车身附件及饰件,920906
600966.SH,17,轻工制造-造纸-造纸Ⅲ,600966
002953.SZ,33,电力设备-电网设备-线缆部件及其他,002953
920556.BJ,151,电力设备-电网设备-电气自控设备,920556
301079.SZ,33,机械设备-工程机械-工程机械Ⅲ,301079
301313.SZ,33,传媒-文化传媒-数字媒体,301313
300809.SZ,33,机械设备-通用设备-机床工具,300809
688179.SH,17,基础化工-化学制品-其他化学制品,688179
300079.SZ,33,计算机-IT服务-IT服务Ⅲ,300079
300151.SZ,33,机械设备-专用设备-其他专用设备,300151
000987.SZ,33,非银金融-多元金融-多元金融Ⅲ,000987
002049.SZ,33,电子-半导体-数字芯片设计,002049
688257.SH,17,机械设备-通用设备-金属制品,688257
300514.SZ,33,电力设备-电网设备-电气自控设备,300514
920579.BJ,151,机械设备-自动化设备-机器人,920579
605588.SH,17,电子-光学光电子-面板,605588
002831.SZ,33,轻工制造-包装印刷-包装,002831
300477.SZ,33,电力设备-电网设备-输变电设备,300477
002559.SZ,33,机械设备-通用设备-机床工具,002559
002392.SZ,33,建筑材料-建筑材料-耐火材料,002392
688695.SH,17,计算机-软件开发-横向通用软件,688695
000758.SZ,33,有色金属-工业金属-铅锌,000758
920414.BJ,151,电力设备-光伏设备-光伏加工设备,920414
002085.SZ,33,汽车-汽车零部件-轮胎轮毂,002085
603906.SH,17,电力设备-电池-电池化学品,603906
688138.SH,17,电子-半导体-半导体材料,688138
920914.BJ,151,有色金属-能源金属-镍,920914
301051.SZ,33,电子-消费电子-消费电子零部件及组装,301051
301429.SZ,33,建筑材料-建筑材料-其他建材,301429
920665.BJ,151,基础化工-橡胶制品-其他橡胶制品,920665
688588.SH,17,计算机-软件开发-垂直应用软件,688588
603519.SH,17,家用电器-白色家电-家电零部件,603519
688729.SH,17,电子-半导体-半导体设备,688729
000533.SZ,33,电力设备-电网设备-输变电设备,000533
603129.SH,17,汽车-汽车服务及其他-其他运输设备,603129
000030.SZ,33,汽车-汽车零部件-底盘与发动机系统,000030
603005.SH,17,电子-半导体-集成电路封测,603005
301027.SZ,33,建筑装饰-建筑装饰-工程咨询服务,301027
002706.SZ,33,电力设备-电网设备-输变电设备,002706
600517.SH,17,非银金融-多元金融-多元金融Ⅲ,600517
301289.SZ,33,社会服务-其他社会服务-专业服务,301289
920060.BJ,151,电子-元件-印制电路板,920060
688356.SH,17,医药生物-化学制药-原料药,688356
600456.SH,17,有色金属-小金属-其他小金属,600456
001314.SZ,33,电子-消费电子-消费电子零部件及组装,001314
002849.SZ,33,机械设备-通用设备-仪器仪表,002849
301310.SZ,33,汽车-汽车零部件-汽车电子电气系统,301310
300776.SZ,33,电力设备-光伏设备-光伏加工设备,300776
300866.SZ,33,电子-消费电子-品牌消费电子,300866
688580.SH,17,医药生物-医疗器械-医疗设备,688580
920693.BJ,151,机械设备-通用设备-金属制品,920693
002991.SZ,33,食品饮料-食品加工制造-休闲食品,002991
688689.SH,17,电子-半导体-分立器件,688689
300833.SZ,33,机械设备-专用设备-其他专用设备,300833
300779.SZ,33,环保-环境治理-固废治理,300779
300671.SZ,33,电子-半导体-模拟芯片设计,300671
301010.SZ,33,建筑材料-建筑材料-其他建材,301010
000620.SZ,33,房地产-房地产-住宅开发,000620
603283.SH,17,机械设备-自动化设备-工控设备,603283
301115.SZ,33,社会服务-其他社会服务-专业服务,301115
301113.SZ,33,轻工制造-家居用品-其他家居用品,301113
600416.SH,17,电力设备-电机-电机Ⅲ,600416
920806.BJ,151,计算机-IT服务-IT服务Ⅲ,920806
000680.SZ,33,机械设备-工程机械-工程机械Ⅲ,000680
600237.SH,17,电子-元件-被动元件,600237
601702.SH,17,有色金属-工业金属-铝,601702
301390.SZ,33,建筑装饰-建筑装饰-工程咨询服务,301390
002655.SZ,33,电子-消费电子-消费电子零部件及组装,002655
300678.SZ,33,计算机-IT服务-IT服务Ⅲ,300678
688056.SH,17,机械设备-通用设备-仪器仪表,688056
603121.SH,17,汽车-汽车零部件-底盘与发动机系统,603121
300245.SZ,33,计算机-IT服务-IT服务Ⅲ,300245
600848.SH,17,房地产-房地产-产业地产,600848
002927.SZ,33,电力设备-电网设备-输变电设备,002927
300103.SZ,33,机械设备-专用设备-其他专用设备,300103
688659.SH,17,基础化工-化学制品-其他化学制品,688659
002121.SZ,33,电力设备-电网设备-电气自控设备,002121
601003.SH,17,钢铁-钢铁-普钢,601003
301218.SZ,33,计算机-IT服务-IT服务Ⅲ,301218
688332.SH,17,电子-半导体-数字芯片设计,688332
688357.SH,17,基础化工-化学制品-其他化学制品,688357
688697.SH,17,机械设备-通用设备-机床工具,688697
688550.SH,17,电子-电子化学品-电子化学品Ⅲ,688550
002897.SZ,33,通信-通信设备-通信网络设备及器件,002897
000066.SZ,33,计算机-计算机设备-其他计算机设备,000066
002676.SZ,33,家用电器-白色家电-家电零部件,002676
300256.SZ,33,电子-消费电子-消费电子零部件及组装,300256
920475.BJ,151,机械设备-专用设备-其他专用设备,920475
600581.SH,22,钢铁-钢铁-普钢,600581
600475.SH,17,公用事业-电力-热力,600475
001360.SZ,33,机械设备-专用设备-能源及重型设备,001360
688786.SH,17,有色金属-金属新材料-磁性材料,688786
002230.SZ,33,计算机-软件开发-横向通用软件,002230
603039.SH,17,计算机-软件开发-横向通用软件,603039
920641.BJ,151,电子-元件-被动元件,920641
603677.SH,17,家用电器-白色家电-家电零部件,603677
300879.SZ,33,机械设备-专用设备-农用机械,300879
002396.SZ,33,通信-通信设备-通信网络设备及器件,002396
002571.SZ,33,轻工制造-家居用品-其他家居用品,002571
300618.SZ,33,有色金属-能源金属-钴,300618
603501.SH,17,电子-半导体-数字芯片设计,603501
300509.SZ,33,机械设备-专用设备-印刷包装机械,300509
301127.SZ,33,环保-环境治理-水务及水治理,301127
002527.SZ,33,机械设备-自动化设备-工控设备,002527
603703.SH,17,电子-光学光电子-面板,603703
600120.SH,17,非银金融-多元金融-多元金融Ⅲ,600120
002772.SZ,33,农林牧渔-种植业与林业-其他种植业,002772
600343.SH,17,机械设备-通用设备-其他通用设备,600343
300232.SZ,33,电子-光学光电子-LED,300232
002920.SZ,33,汽车-汽车零部件-汽车电子电气系统,002920
600933.SH,17,汽车-汽车零部件-底盘与发动机系统,600933
002745.SZ,33,电子-光学光电子-LED,002745
002137.SZ,33,电子-光学光电子-LED,002137
300777.SZ,33,国防军工-军工装备-航空装备,300777
300821.SZ,33,基础化工-化学制品-有机硅,300821
603729.SH,17,传媒-文化传媒-广告营销,603729
688279.SH,17,电子-半导体-数字芯片设计,688279
002558.SZ,33,传媒-游戏-游戏Ⅲ,002558
688015.SH,17,机械设备-轨交设备-轨交设备Ⅲ,688015
300859.SZ,33,社会服务-旅游及酒店-自然景点,300859
002334.SZ,33,机械设备-自动化设备-工控设备,002334
300985.SZ,33,机械设备-通用设备-金属制品,300985
300025.SZ,33,通信-通信服务-通信工程及服务,300025
600592.SH,17,机械设备-通用设备-金属制品,600592
920971.BJ,151,基础化工-非金属材料-非金属材料Ⅲ,920971
000777.SZ,33,机械设备-通用设备-金属制品,000777
000400.SZ,33,电力设备-电网设备-电气自控设备,000400
002291.SZ,33,传媒-文化传媒-广告营销,002291
605133.SH,17,汽车-汽车零部件-底盘与发动机系统,605133
300507.SZ,33,汽车-汽车零部件-底盘与发动机系统,300507
301091.SZ,33,建筑装饰-建筑装饰-工程咨询服务,301091
605259.SH,17,机械设备-专用设备-其他专用设备,605259
920765.BJ,151,轻工制造-家居用品-成品家居,920765
600388.SH,17,环保-环保设备-环保设备Ⅲ,600388
002055.SZ,33,电子-消费电子-消费电子零部件及组装,002055
000607.SZ,33,传媒-文化传媒-广告营销,000607
688119.SH,17,建筑材料-建筑材料-耐火材料,688119
002876.SZ,33,电子-光学光电子-面板,002876
603726.SH,17,家用电器-白色家电-家电零部件,603726
300503.SZ,33,机械设备-通用设备-其他通用设备,300503
603636.SH,17,计算机-IT服务-IT服务Ⅲ,603636
002358.SZ,33,电力设备-电网设备-输变电设备,002358
920578.BJ,151,机械设备-自动化设备-机器人,920578
600363.SH,17,电子-消费电子-消费电子零部件及组装,600363
301066.SZ,33,纺织服饰-纺织制造-其他纺织,301066
300665.SZ,33,基础化工-化学制品-涂料油墨,300665
002725.SZ,33,汽车-汽车零部件-轮胎轮毂,002725
688041.SH,17,电子-半导体-数字芯片设计,688041
300889.SZ,33,电子-光学光电子-LED,300889
688567.SH,17,电力设备-电池-锂电池,688567
300479.SZ,33,计算机-计算机设备-其他计算机设备,300479
002297.SZ,33,国防军工-军工装备-航空装备,002297
601609.SH,17,有色金属-工业金属-铜,601609
002824.SZ,33,有色金属-工业金属-铝,002824
301683.SZ,33,基础化工-化学制品-涂料油墨,301683
301380.SZ,33,通信-通信服务-通信应用增值服务,301380
002759.SZ,33,电力设备-电池-电池化学品,002759
688132.SH,17,国防军工-军工电子-军工电子Ⅲ,688132
300248.SZ,33,计算机-IT服务-IT服务Ⅲ,300248
605218.SH,17,电子-光学光电子-面板,605218
002785.SZ,33,建筑材料-建筑材料-其他建材,002785
300655.SZ,33,电子-电子化学品-电子化学品Ⅲ,300655
002632.SZ,33,基础化工-塑料制品-膜材料,002632
002528.SZ,33,计算机-计算机设备-安防设备,002528
688047.SH,17,电子-半导体-数字芯片设计,688047
300402.SZ,33,机械设备-通用设备-金属制品,300402
600228.SH,22,传媒-文化传媒-数字媒体,600228
688528.SH,17,机械设备-通用设备-仪器仪表,688528
300877.SZ,33,纺织服饰-纺织制造-其他纺织,300877
002196.SZ,33,电力设备-电机-电机Ⅲ,002196
688449.SH,17,电子-半导体-数字芯片设计,688449
603822.SH,22,基础化工-化学制品-其他化学制品,603822
688609.SH,17,家用电器-黑色家电-其他黑色家电,688609
300056.SZ,33,环保-环保设备-环保设备Ⅲ,300056
001270.SZ,33,国防军工-军工电子-军工电子Ⅲ,001270
600498.SH,17,通信-通信设备-通信网络设备及器件,600498
603813.SH,22,交通运输-物流-物流Ⅲ,603813
300371.SZ,33,机械设备-通用设备-仪器仪表,300371
600458.SH,17,电力设备-风电设备-风电零部件,600458
300946.SZ,33,机械设备-通用设备-金属制品,300946
300676.SZ,33,医药生物-医疗服务-其他医疗服务,300676
301069.SZ,33,基础化工-化学原料-其他化学原料,301069
300789.SZ,33,计算机-计算机设备-其他计算机设备,300789
001380.SZ,33,汽车-汽车零部件-底盘与发动机系统,001380
600599.SH,22,轻工制造-家居用品-其他家居用品,600599
002307.SZ,33,建筑装饰-建筑装饰-基础建设,002307
605255.SH,17,汽车-汽车零部件-底盘与发动机系统,605255
300531.SZ,33,计算机-计算机设备-其他计算机设备,300531
603291.SH,17,环保-环境治理-水务及水治理,603291
603595.SH,22,电子-消费电子-消费电子零部件及组装,603595
600082.SH,17,房地产-房地产-产业地产,600082
000738.SZ,33,国防军工-军工装备-航空装备,000738
688443.SH,17,医药生物-生物制品-其他生物制品,688443
002931.SZ,33,机械设备-通用设备-金属制品,002931
300917.SZ,33,房地产-房地产-房地产服务,300917
000099.SZ,33,交通运输-机场航运-航空运输,000099
600206.SH,17,电子-半导体-半导体材料,600206
002438.SZ,33,机械设备-通用设备-金属制品,002438
600853.SH,17,建筑装饰-建筑装饰-基础建设,600853
300382.SZ,33,机械设备-专用设备-其他专用设备,300382
002512.SZ,33,计算机-计算机设备-其他计算机设备,002512
920035.BJ,151,机械设备-通用设备-仪器仪表,920035
600560.SH,17,机械设备-专用设备-能源及重型设备,600560
002713.SZ,33,建筑装饰-建筑装饰-装饰园林,002713
300627.SZ,33,通信-通信设备-通信终端及配件,300627
600619.SH,17,家用电器-白色家电-家电零部件,600619
002093.SZ,33,通信-通信服务-通信工程及服务,002093
300547.SZ,33,汽车-汽车零部件-底盘与发动机系统,300547
300112.SZ,33,机械设备-通用设备-仪器仪表,300112
688781.SH,17,电子-光学光电子-面板,688781
600562.SH,17,国防军工-军工电子-军工电子Ⅲ,600562
688783.SH,17,电子-半导体-半导体材料,688783
300616.SZ,33,轻工制造-家居用品-定制家居,300616
605488.SH,17,基础化工-塑料制品-膜材料,605488
301021.SZ,33,机械设备-自动化设备-激光设备,301021
603177.SH,17,环保-环境治理-大气治理,603177
688420.SH,17,机械设备-专用设备-能源及重型设备,688420
301234.SZ,33,医药生物-医疗器械-医疗耗材,301234
688209.SH,17,电子-半导体-模拟芯片设计,688209
002339.SZ,33,电力设备-电网设备-电气自控设备,002339
002405.SZ,33,计算机-软件开发-垂直应用软件,002405
688269.SH,17,基础化工-化学制品-其他化学制品,688269
000158.SZ,33,计算机-IT服务-IT服务Ⅲ,000158
600131.SH,17,计算机-IT服务-IT服务Ⅲ,600131
000561.SZ,33,国防军工-军工装备-航空装备,000561
300868.SZ,33,电子-消费电子-消费电子零部件及组装,300868
300810.SZ,33,国防军工-军工装备-航海装备,300810
300295.SZ,33,传媒-文化传媒-数字媒体,300295
688496.SH,17,电子-光学光电子-面板,688496
300358.SZ,33,医药生物-医疗器械-医疗设备,300358
920469.BJ,151,基础化工-塑料制品-改性塑料,920469
603305.SH,17,汽车-汽车零部件-底盘与发动机系统,603305
605081.SH,22,环保-环境治理-水务及水治理,605081
920694.BJ,151,基础化工-橡胶制品-其他橡胶制品,920694
301106.SZ,33,电子-光学光电子-面板,301106
301386.SZ,33,电力设备-电网设备-输变电设备,301386
688660.SH,17,电力设备-风电设备-风电整机,688660
301193.SZ,33,轻工制造-家居用品-其他家居用品,301193
003003.SZ,33,轻工制造-包装印刷-包装,003003
600221.SH,17,交通运输-机场航运-航空运输,600221
600710.SH,17,商贸零售-贸易-贸易Ⅲ,600710
600076.SH,17,轻工制造-包装印刷-包装,600076
002768.SZ,33,基础化工-塑料制品-改性塑料,002768
688168.SH,17,计算机-软件开发-横向通用软件,688168
301139.SZ,33,通信-通信服务-通信工程及服务,301139
002811.SZ,33,建筑装饰-建筑装饰-工程咨询服务,002811
300123.SZ,33,国防军工-军工电子-军工电子Ⅲ,300123
002347.SZ,33,机械设备-通用设备-金属制品,002347
000564.SZ,33,商贸零售-零售-百货零售,000564
688393.SH,17,医药生物-医疗器械-体外诊断,688393
000981.SZ,33,汽车-汽车零部件-底盘与发动机系统,000981
002599.SZ,33,轻工制造-包装印刷-印刷,002599
920580.BJ,151,建筑材料-建筑材料-耐火材料,920580
688222.SH,17,医药生物-医疗服务-医疗研发外包,688222
002617.SZ,33,公用事业-电力-新能源发电,002617
001311.SZ,33,汽车-汽车零部件-其他汽车零部件,001311
688252.SH,17,电子-半导体-数字芯片设计,688252
300515.SZ,33,机械设备-通用设备-仪器仪表,300515
301687.SZ,33,基础化工-塑料制品-膜材料,301687
603766.SH,17,汽车-汽车服务及其他-其他运输设备,603766
300689.SZ,33,通信-通信设备-通信终端及配件,300689
301280.SZ,33,家用电器-白色家电-家电零部件,301280
603031.SH,17,电力设备-电池-其他电池,603031
600728.SH,17,计算机-IT服务-IT服务Ⅲ,600728
688573.SH,17,电力设备-电池-锂电专用设备,688573
002446.SZ,33,国防军工-军工电子-军工电子Ⅲ,002446
301302.SZ,33,国防军工-军工电子-军工电子Ⅲ,301302
603915.SH,17,机械设备-通用设备-金属制品,603915
301381.SZ,33,商贸零售-互联网电商-互联网电商Ⅲ,301381
000997.SZ,33,计算机-计算机设备-其他计算机设备,000997
002965.SZ,33,汽车-汽车零部件-其他汽车零部件,002965
688301.SH,17,医药生物-医疗器械-医疗设备,688301
300701.SZ,33,电子-光学光电子-光学元件,300701
000923.SZ,33,钢铁-钢铁-冶钢原料,000923
002497.SZ,33,基础化工-化学制品-民爆用品,002497
300351.SZ,33,机械设备-轨交设备-轨交设备Ⅲ,300351
603266.SH,17,汽车-汽车零部件-车身附件及饰件,603266
688115.SH,17,机械设备-通用设备-仪器仪表,688115
300905.SZ,33,基础化工-化学纤维-其他纤维,300905
603004.SH,17,基础化工-化学制品-其他化学制品,603004
603191.SH,17,电力设备-电网设备-输变电设备,603191
002266.SZ,33,环保-环境治理-固废治理,002266
002268.SZ,33,计算机-计算机设备-其他计算机设备,002268
002810.SZ,33,基础化工-化学制品-其他化学制品,002810
688100.SH,17,通信-通信设备-通信终端及配件,688100
002625.SZ,33,国防军工-军工装备-航空装备,002625
300073.SZ,33,电力设备-电池-电池化学品,300073
688148.SH,17,电力设备-电池-电池化学品,688148
301208.SZ,33,计算机-IT服务-IT服务Ⅲ,301208
600477.SH,17,建筑装饰-建筑装饰-专业工程,600477
601555.SH,17,非银金融-证券-证券Ⅲ,601555
301221.SZ,33,汽车-汽车零部件-汽车电子电气系统,301221
601318.SH,17,非银金融-保险-保险Ⅲ,601318
300076.SZ,33,电子-光学光电子-面板,300076
603402.SH,17,社会服务-旅游及酒店-旅游综合,603402
300814.SZ,33,电子-元件-印制电路板,300814
603068.SH,17,电子-半导体-模拟芯片设计,603068
600438.SH,17,电力设备-光伏设备-硅料硅片,600438
920985.BJ,151,电力设备-光伏设备-光伏电池组件,920985
300886.SZ,33,美容护理-美容护理-化妆品,300886
300385.SZ,33,环保-环保设备-环保设备Ⅲ,300385
301446.SZ,33,机械设备-工程机械-工程机械Ⅲ,301446
301041.SZ,33,电子-元件-印制电路板,301041
002608.SZ,33,公用事业-电力-火电,002608
002787.SZ,33,轻工制造-包装印刷-包装,002787
000409.SZ,33,计算机-IT服务-IT服务Ⅲ,000409
300918.SZ,33,纺织服饰-纺织制造-其他纺织,300918
688283.SH,17,通信-通信设备-其他通信设备,688283
300659.SZ,33,计算机-计算机设备-其他计算机设备,300659
000776.SZ,33,非银金融-证券-证券Ⅲ,000776
000796.SZ,33,社会服务-旅游及酒店-旅游综合,000796
002838.SZ,33,基础化工-塑料制品-改性塑料,002838
301567.SZ,33,电子-消费电子-消费电子零部件及组装,301567
688518.SH,17,机械设备-自动化设备-激光设备,688518
600037.SH,17,传媒-文化传媒-电视广播,600037
003035.SZ,33,公用事业-电力-电能综合服务,003035
301330.SZ,33,计算机-计算机设备-安防设备,301330
300850.SZ,33,电力设备-风电设备-风电零部件,300850
600884.SH,17,电子-光学光电子-面板,600884
300397.SZ,33,国防军工-军工电子-军工电子Ⅲ,300397
002037.SZ,33,基础化工-化学制品-民爆用品,002037
300464.SZ,33,商贸零售-互联网电商-互联网电商Ⅲ,300464
301048.SZ,33,机械设备-轨交设备-轨交设备Ⅲ,301048
300365.SZ,33,计算机-软件开发-垂直应用软件,300365
002522.SZ,33,基础化工-塑料制品-膜材料,002522
301555.SZ,33,基础化工-塑料制品-合成树脂,301555
002331.SZ,33,计算机-IT服务-IT服务Ⅲ,002331
600808.SH,17,钢铁-钢铁-普钢,600808
301178.SZ,33,计算机-IT服务-IT服务Ⅲ,301178
000016.SZ,33,家用电器-白色家电-冰洗,000016
300632.SZ,33,电子-光学光电子-LED,300632
603506.SH,17,房地产-房地产-房地产服务,603506
300787.SZ,33,电子-消费电子-消费电子零部件及组装,300787
688499.SH,17,电力设备-电池-锂电专用设备,688499
688217.SH,17,医药生物-医疗器械-体外诊断,688217
603927.SH,17,计算机-软件开发-垂直应用软件,603927
603486.SH,17,家用电器-小家电-小家电Ⅲ,603486
002204.SZ,33,机械设备-专用设备-能源及重型设备,002204
300698.SZ,33,通信-通信设备-通信网络设备及器件,300698
301098.SZ,33,建筑装饰-建筑装饰-装饰园林,301098
300150.SZ,33,计算机-IT服务-IT服务Ⅲ,300150
688509.SH,17,计算机-IT服务-IT服务Ⅲ,688509
300952.SZ,33,纺织服饰-服装家纺-鞋帽及其他,300952
688352.SH,17,电子-半导体-集成电路封测,688352
300407.SZ,33,电力设备-电网设备-电气自控设备,300407
002180.SZ,33,计算机-计算机设备-其他计算机设备,002180
301077.SZ,33,基础化工-化学制品-其他化学制品,301077
300674.SZ,33,计算机-IT服务-IT服务Ⅲ,300674
600481.SH,17,电力设备-光伏设备-硅料硅片,600481
300545.SZ,33,电子-光学光电子-面板,300545
002519.SZ,33,国防军工-军工电子-军工电子Ⅲ,002519
002842.SZ,33,有色金属-小金属-钨,002842
002870.SZ,33,汽车-汽车零部件-汽车电子电气系统,002870
002760.SZ,33,机械设备-通用设备-磨具磨料,002760
688310.SH,17,机械设备-自动化设备-其他自动化设备,688310
920002.BJ,151,机械设备-工程机械-工程机械Ⅲ,920002
688285.SH,17,机械设备-轨交设备-轨交设备Ⅲ,688285
002767.SZ,33,机械设备-通用设备-仪器仪表,002767
600825.SH,17,传媒-文化传媒-出版,600825
300844.SZ,33,建筑装饰-建筑装饰-工程咨询服务,300844
603583.SH,17,机械设备-自动化设备-工控设备,603583
000536.SZ,33,电子-光学光电子-面板,000536
600320.SH,17,机械设备-专用设备-能源及重型设备,600320
300628.SZ,33,通信-通信设备-通信终端及配件,300628
002316.SZ,33,通信-通信服务-通信工程及服务,002316
688616.SH,17,电力设备-电网设备-电气自控设备,688616
301272.SZ,33,机械设备-通用设备-制冷空调设备,301272
688592.SH,17,通信-通信设备-通信终端及配件,688592
688267.SH,17,基础化工-化学制品-其他化学制品,688267
002861.SZ,33,电子-消费电子-消费电子零部件及组装,002861
003011.SZ,33,轻工制造-家居用品-瓷砖地板,003011
301535.SZ,33,汽车-汽车零部件-其他汽车零部件,301535
603212.SH,17,电力设备-光伏设备-光伏辅材,603212
688381.SH,17,电子-半导体-模拟芯片设计,688381
603666.SH,17,机械设备-自动化设备-机器人,603666
300576.SZ,33,电子-电子化学品-电子化学品Ⅲ,300576
601377.SH,17,非银金融-证券-证券Ⅲ,601377
002896.SZ,33,机械设备-通用设备-金属制品,002896
300220.SZ,33,机械设备-自动化设备-激光设备,300220
301136.SZ,33,建筑装饰-建筑装饰-工程咨询服务,301136
603216.SH,17,轻工制造-家居用品-定制家居,603216
300619.SZ,33,电力设备-电池-锂电专用设备,300619
688186.SH,17,电力设备-风电设备-风电零部件,688186
600171.SH,17,电子-半导体-模拟芯片设计,600171
600909.SH,17,非银金融-证券-证券Ⅲ,600909
300533.SZ,33,传媒-游戏-游戏Ⅲ,300533
002611.SZ,33,机械设备-专用设备-印刷包装机械,002611
300451.SZ,33,计算机-软件开发-垂直应用软件,300451
002067.SZ,33,轻工制造-造纸-造纸Ⅲ,002067
300360.SZ,33,电力设备-电网设备-电气自控设备,300360
688606.SH,17,医药生物-医疗器械-体外诊断,688606
301251.SZ,33,电子-元件-印制电路板,301251
603070.SH,17,电力设备-电网设备-输变电设备,603070
300670.SZ,33,电力设备-电网设备-输变电设备,300670
920027.BJ,151,机械设备-轨交设备-轨交设备Ⅲ,920027
002918.SZ,33,轻工制造-家居用品-瓷砖地板,002918
002998.SZ,33,基础化工-化学纤维-涤纶,002998
301398.SZ,33,汽车-汽车零部件-车身附件及饰件,301398
300753.SZ,33,医药生物-医疗器械-医疗设备,300753
920008.BJ,151,国防军工-军工电子-军工电子Ⅲ,920008
301210.SZ,33,电力设备-电池-锂电池,301210
000062.SZ,33,电子-其他电子-其他电子Ⅲ,000062
300980.SZ,33,基础化工-塑料制品-其他塑料制品,300980
688767.SH,17,医药生物-医疗器械-体外诊断,688767
000703.SZ,33,石油石化-石油加工贸易-石油加工,000703
301499.SZ,33,汽车-汽车零部件-汽车电子电气系统,301499
301185.SZ,33,计算机-软件开发-垂直应用软件,301185
920139.BJ,151,电子-半导体-集成电路封测,920139
300029.SZ,33,建筑装饰-建筑装饰-专业工程,300029
002298.SZ,33,电力设备-电网设备-输变电设备,002298
600480.SH,17,汽车-汽车零部件-其他汽车零部件,600480
920779.BJ,151,电力设备-电池-锂电专用设备,920779
002775.SZ,33,建筑装饰-建筑装饰-装饰园林,002775
001322.SZ,33,轻工制造-家居用品-其他家居用品,001322
688092.SH,17,机械设备-专用设备-其他专用设备,688092
300414.SZ,33,通信-通信设备-其他通信设备,300414
920405.BJ,151,机械设备-自动化设备-工控设备,920405
301268.SZ,33,机械设备-通用设备-金属制品,301268
601133.SH,17,建筑装饰-建筑装饰-专业工程,601133
002247.SZ,33,建筑材料-建筑材料-其他建材,002247
603110.SH,17,基础化工-化学制品-涂料油墨,603110
600218.SH,17,汽车-汽车零部件-底盘与发动机系统,600218
920418.BJ,151,汽车-汽车零部件-底盘与发动机系统,920418
688227.SH,17,计算机-IT服务-IT服务Ⅲ,688227
301076.SZ,33,基础化工-化学制品-其他化学制品,301076
600761.SH,17,机械设备-工程机械-工程机械Ⅲ,600761
603969.SH,17,机械设备-通用设备-金属制品,603969
301119.SZ,33,汽车-汽车零部件-底盘与发动机系统,301119
300851.SZ,33,机械设备-轨交设备-轨交设备Ⅲ,300851
301559.SZ,33,机械设备-通用设备-金属制品,301559
301108.SZ,33,美容护理-美容护理-个护用品,301108
301419.SZ,33,通信-通信设备-通信网络设备及器件,301419
002590.SZ,33,汽车-汽车零部件-底盘与发动机系统,002590
001696.SZ,33,机械设备-通用设备-其他通用设备,001696
301067.SZ,33,电子-消费电子-消费电子零部件及组装,301067
300140.SZ,33,环保-环境治理-固废治理,300140
000783.SZ,33,非银金融-证券-证券Ⅲ,000783
003028.SZ,33,家用电器-白色家电-家电零部件,003028
300573.SZ,33,医药生物-化学制药-化学制剂,300573
000070.SZ,33,通信-通信设备-通信线缆及配套,000070
603336.SH,17,农林牧渔-种植业与林业-其他种植业,603336
603037.SH,17,汽车-汽车零部件-底盘与发动机系统,603037
002439.SZ,33,计算机-软件开发-横向通用软件,002439
300554.SZ,33,机械设备-通用设备-磨具磨料,300554
300793.SZ,33,电子-消费电子-消费电子零部件及组装,300793
300566.SZ,33,电子-光学光电子-光学元件,300566
301591.SZ,33,基础化工-塑料制品-其他塑料制品,301591
301121.SZ,33,电力设备-电池-锂电池,301121
300200.SZ,33,基础化工-化学制品-聚氨酯,300200
003043.SZ,33,电子-半导体-半导体设备,003043
301163.SZ,33,电力设备-风电设备-风电零部件,301163
300792.SZ,33,商贸零售-互联网电商-互联网电商Ⅲ,300792
002979.SZ,33,机械设备-自动化设备-机器人,002979
920896.BJ,151,汽车-汽车零部件-底盘与发动机系统,920896
601155.SH,17,房地产-房地产-商业地产,601155
920019.BJ,151,建筑装饰-建筑装饰-专业工程,920019
002238.SZ,33,传媒-文化传媒-电视广播,002238
688605.SH,17,电子-半导体-半导体设备,688605
300258.SZ,33,汽车-汽车零部件-底盘与发动机系统,300258
688598.SH,17,电力设备-光伏设备-光伏辅材,688598
920870.BJ,151,机械设备-通用设备-机床工具,920870
605167.SH,17,建筑装饰-建筑装饰-专业工程,605167
002362.SZ,33,计算机-软件开发-垂直应用软件,002362
688153.SH,17,电子-半导体-模拟芯片设计,688153
688030.SH,17,计算机-软件开发-横向通用软件,688030
603416.SH,17,机械设备-自动化设备-机器人,603416
002943.SZ,33,机械设备-通用设备-机床工具,002943
002963.SZ,33,建筑装饰-建筑装饰-装饰园林,002963
301259.SZ,33,环保-环境治理-综合环境治理,301259
002892.SZ,33,电力设备-电机-电机Ⅲ,002892
300697.SZ,33,有色金属-工业金属-铜,300697
301339.SZ,33,计算机-计算机设备-其他计算机设备,301339
688218.SH,17,机械设备-自动化设备-机器人,688218
603611.SH,17,机械设备-工程机械-工程机械Ⅲ,603611
300078.SZ,33,计算机-IT服务-IT服务Ⅲ,300078
603073.SH,17,纺织服饰-纺织制造-其他纺织,603073
300919.SZ,33,电力设备-电池-电池化学品,300919
000581.SZ,33,汽车-汽车零部件-底盘与发动机系统,000581
002856.SZ,33,建筑装饰-建筑装饰-装饰园林,002856
001282.SZ,33,汽车-汽车零部件-底盘与发动机系统,001282
301551.SZ,33,传媒-文化传媒-电视广播,301551
002116.SZ,33,建筑装饰-建筑装饰-工程咨询服务,002116
920357.BJ,151,电子-消费电子-消费电子零部件及组装,920357
603335.SH,17,汽车-汽车零部件-轮胎轮毂,603335
300625.SZ,33,电子-光学光电子-LED,300625
001280.SZ,33,有色金属-小金属-其他小金属,001280
600595.SH,17,有色金属-工业金属-铝,600595
920576.BJ,151,有色金属-金属新材料-其他金属新材料,920576
000856.SZ,33,机械设备-专用设备-其他专用设备,000856
688079.SH,17,电子-光学光电子-光学元件,688079
600151.SH,17,汽车-汽车零部件-底盘与发动机系统,600151
688288.SH,17,计算机-计算机设备-其他计算机设备,688288
002129.SZ,33,电力设备-光伏设备-硅料硅片,002129
002498.SZ,33,电力设备-电网设备-线缆部件及其他,002498
300537.SZ,33,电子-电子化学品-电子化学品Ⅲ,300537
002106.SZ,33,电子-光学光电子-面板,002106
301229.SZ,33,汽车-汽车零部件-底盘与发动机系统,301229
001376.SZ,33,公用事业-电力-热力,001376
688081.SH,17,国防军工-军工电子-军工电子Ⅲ,688081
920252.BJ,151,电力设备-电池-锂电池,920252
688432.SH,17,电子-半导体-半导体材料,688432
300730.SZ,33,计算机-软件开发-垂直应用软件,300730
300933.SZ,33,电力设备-电网设备-线缆部件及其他,300933
002841.SZ,33,电子-消费电子-品牌消费电子,002841
002845.SZ,33,电子-光学光电子-面板,002845
603800.SH,17,机械设备-专用设备-其他专用设备,603800
002888.SZ,33,电子-消费电子-品牌消费电子,002888
300215.SZ,33,社会服务-其他社会服务-专业服务,300215
301361.SZ,33,电力设备-电网设备-输变电设备,301361
300054.SZ,33,电子-电子化学品-电子化学品Ⅲ,300054
002194.SZ,33,通信-通信设备-通信网络设备及器件,002194
000801.SZ,33,家用电器-黑色家电-其他黑色家电,000801
300213.SZ,33,通信-通信设备-其他通信设备,300213
002184.SZ,33,机械设备-自动化设备-工控设备,002184
920058.BJ,151,汽车-汽车服务及其他-其他运输设备,920058
000875.SZ,33,公用事业-电力-电能综合服务,000875
920363.BJ,151,机械设备-通用设备-仪器仪表,920363
688563.SH,17,国防军工-军工装备-航空装备,688563
000039.SZ,33,机械设备-通用设备-金属制品,000039
300205.SZ,33,通信-通信设备-通信终端及配件,300205
300183.SZ,33,通信-通信设备-其他通信设备,300183
600745.SH,17,电子-半导体-分立器件,600745
301510.SZ,33,机械设备-自动化设备-工控设备,301510
603050.SH,17,电力设备-电网设备-电气自控设备,603050
002533.SZ,33,电力设备-电网设备-线缆部件及其他,002533
920570.BJ,151,机械设备-通用设备-其他通用设备,920570
002302.SZ,33,建筑材料-建筑材料-水泥,002302
301023.SZ,33,电力设备-电机-电机Ⅲ,301023
601319.SH,17,非银金融-保险-保险Ⅲ,601319
601106.SH,17,机械设备-专用设备-能源及重型设备,601106
300662.SZ,33,社会服务-其他社会服务-专业服务,300662
603949.SH,17,汽车-汽车零部件-底盘与发动机系统,603949
301383.SZ,33,电子-消费电子-消费电子零部件及组装,301383
920180.BJ,151,医药生物-医疗器械-医疗耗材,920180
603826.SH,17,基础化工-非金属材料-非金属材料Ⅲ,603826
300130.SZ,33,计算机-计算机设备-其他计算机设备,300130
605277.SH,17,电子-消费电子-消费电子零部件及组装,605277
920942.BJ,151,机械设备-工程机械-工程机械Ⅲ,920942
301112.SZ,33,机械设备-自动化设备-机器人,301112
603322.SH,17,计算机-IT服务-IT服务Ⅲ,603322
300550.SZ,33,计算机-软件开发-垂直应用软件,300550
300292.SZ,33,通信-通信服务-通信应用增值服务,300292
002276.SZ,33,电力设备-电网设备-线缆部件及其他,002276
688586.SH,17,国防军工-军工装备-航空装备,688586
300062.SZ,33,电力设备-电网设备-输变电设备,300062
605298.SH,17,机械设备-轨交设备-轨交设备Ⅲ,605298
920553.BJ,151,机械设备-专用设备-印刷包装机械,920553
600716.SH,17,房地产-房地产-住宅开发,600716
002886.SZ,33,基础化工-塑料制品-改性塑料,002886
301222.SZ,33,电力设备-电池-其他电池,301222
605028.SH,17,公用事业-电力-热力,605028
920225.BJ,151,基础化工-橡胶制品-其他橡胶制品,920225
001266.SZ,33,机械设备-自动化设备-工控设备,001266
603577.SH,17,电力设备-电网设备-线缆部件及其他,603577
301528.SZ,33,机械设备-通用设备-仪器仪表,301528
300667.SZ,33,机械设备-通用设备-仪器仪表,300667
600375.SH,17,汽车-汽车整车-商用载货车,600375
300284.SZ,33,建筑装饰-建筑装饰-工程咨询服务,300284
002171.SZ,33,有色金属-工业金属-铜,002171
601061.SH,17,商贸零售-贸易-贸易Ⅲ,601061
603978.SH,17,有色金属-金属新材料-其他金属新材料,603978
300345.SZ,33,电力设备-光伏设备-硅料硅片,300345
688143.SH,17,通信-通信设备-通信线缆及配套,688143
920175.BJ,151,基础化工-非金属材料-非金属材料Ⅲ,920175
300460.SZ,33,电子-元件-被动元件,300460
301129.SZ,33,机械设备-通用设备-仪器仪表,301129
300535.SZ,33,基础化工-化学制品-其他化学制品,300535
300795.SZ,33,社会服务-其他社会服务-专业服务,300795
301488.SZ,33,汽车-汽车零部件-汽车电子电气系统,301488
600864.SH,17,非银金融-证券-证券Ⅲ,600864
002743.SZ,33,建筑装饰-建筑装饰-专业工程,002743
600515.SH,17,交通运输-机场航运-机场,600515
301607.SZ,33,汽车-汽车零部件-汽车电子电气系统,301607
603444.SH,17,传媒-游戏-游戏Ⅲ,603444
600839.SH,17,家用电器-黑色家电-彩电,600839
003008.SZ,33,社会服务-其他社会服务-专业服务,003008
601799.SH,17,汽车-汽车零部件-车身附件及饰件,601799
300048.SZ,33,建筑装饰-建筑装饰-专业工程,300048
300947.SZ,33,商贸零售-零售-商业物业经营,300947
300644.SZ,33,基础化工-塑料制品-改性塑料,300644
300977.SZ,33,建筑装饰-建筑装饰-工程咨询服务,300977
600850.SH,17,计算机-IT服务-IT服务Ⅲ,600850
002097.SZ,33,机械设备-工程机械-工程机械Ⅲ,002097
300219.SZ,33,电子-光学光电子-LED,300219
000691.SZ,33,基础化工-化学原料-其他化学原料,000691
600231.SH,17,钢铁-钢铁-普钢,600231
600170.SH,17,建筑装饰-建筑装饰-房屋建设,600170
300241.SZ,33,电子-光学光电子-LED,300241
300748.SZ,33,有色金属-金属新材料-磁性材料,300748
002295.SZ,33,有色金属-工业金属-铜,002295
688330.SH,17,电力设备-电网设备-电气自控设备,688330
603999.SH,17,传媒-文化传媒-出版,603999
002520.SZ,33,机械设备-通用设备-机床工具,002520
601162.SH,17,非银金融-证券-证券Ⅲ,601162
920111.BJ,151,电力设备-电网设备-输变电设备,920111
688305.SH,17,机械设备-通用设备-机床工具,688305
920183.BJ,151,电子-消费电子-品牌消费电子,920183
002961.SZ,33,非银金融-多元金融-多元金融Ⅲ,002961
002026.SZ,33,机械设备-通用设备-金属制品,002026
920267.BJ,151,电子-消费电子-消费电子零部件及组装,920267
300052.SZ,33,传媒-游戏-游戏Ⅲ,300052
688048.SH,17,电子-半导体-分立器件,688048
300717.SZ,33,基础化工-塑料制品-其他塑料制品,300717
301631.SZ,33,汽车-汽车零部件-汽车电子电气系统,301631
600292.SH,17,公用事业-电力-水电,600292
002516.SZ,33,汽车-汽车零部件-车身附件及饰件,002516
002444.SZ,33,机械设备-通用设备-其他通用设备,002444
002010.SZ,33,交通运输-物流-物流Ⅲ,002010
688543.SH,17,国防军工-军工装备-地面兵装,688543
688479.SH,17,计算机-软件开发-垂直应用软件,688479
301578.SZ,33,家用电器-黑色家电-其他黑色家电,301578
920000.BJ,151,汽车-汽车零部件-底盘与发动机系统,920000
603690.SH,17,电子-半导体-半导体设备,603690
600235.SH,17,轻工制造-造纸-造纸Ⅲ,600235
001331.SZ,33,公用事业-燃气-燃气Ⅲ,001331
002879.SZ,33,电力设备-电网设备-线缆部件及其他,002879
000050.SZ,33,电子-光学光电子-面板,000050
300260.SZ,33,轻工制造-包装印刷-包装,300260
002848.SZ,33,家用电器-黑色家电-其他黑色家电,002848
300971.SZ,33,机械设备-专用设备-其他专用设备,300971
003025.SZ,33,机械设备-通用设备-机床工具,003025
688548.SH,17,电子-电子化学品-电子化学品Ⅲ,688548
920242.BJ,151,汽车-汽车零部件-底盘与发动机系统,920242
301071.SZ,33,基础化工-非金属材料-非金属材料Ⅲ,301071
688155.SH,17,电力设备-电池-锂电池,688155
301603.SZ,33,机械设备-通用设备-机床工具,301603
300712.SZ,33,建筑装饰-建筑装饰-基础建设,300712
002272.SZ,33,机械设备-通用设备-其他通用设备,002272
920725.BJ,151,机械设备-通用设备-磨具磨料,920725
300370.SZ,33,机械设备-通用设备-仪器仪表,300370
920167.BJ,151,电力设备-光伏设备-光伏辅材,920167
301213.SZ,33,国防军工-军工电子-军工电子Ⅲ,301213
002134.SZ,33,电子-元件-印制电路板,002134
002296.SZ,33,通信-通信设备-通信网络设备及器件,002296
688533.SH,17,汽车-汽车零部件-汽车电子电气系统,688533
688521.SH,17,电子-半导体-数字芯片设计,688521
300861.SZ,33,机械设备-通用设备-磨具磨料,300861
300423.SZ,33,电力设备-电网设备-输变电设备,300423
301286.SZ,33,基础化工-化学制品-其他化学制品,301286
301360.SZ,33,机械设备-自动化设备-其他自动化设备,301360
300376.SZ,33,电力设备-其他电源设备-其他电源设备Ⅲ,300376
920748.BJ,151,计算机-IT服务-IT服务Ⅲ,920748
002823.SZ,33,电力设备-电机-电机Ⅲ,002823
002846.SZ,33,轻工制造-包装印刷-包装,002846
920149.BJ,151,建筑装饰-建筑装饰-工程咨询服务,920149
601619.SH,17,公用事业-电力-新能源发电,601619
301638.SZ,33,计算机-IT服务-IT服务Ⅲ,301638
002163.SZ,33,建筑装饰-建筑装饰-装饰园林,002163
920271.BJ,151,汽车-汽车零部件-底盘与发动机系统,920271
002313.SZ,33,通信-通信设备-通信终端及配件,002313
300288.SZ,33,计算机-IT服务-IT服务Ⅲ,300288
603344.SH,17,电力设备-电机-电机Ⅲ,603344
002456.SZ,33,电子-光学光电子-光学元件,002456
601949.SH,17,传媒-文化传媒-出版,601949
301459.SZ,33,汽车-汽车零部件-底盘与发动机系统,301459
688005.SH,17,电力设备-电池-电池化学品,688005
688128.SH,17,机械设备-专用设备-其他专用设备,688128
600973.SH,17,电力设备-电网设备-线缆部件及其他,600973
600855.SH,17,国防军工-军工电子-军工电子Ⅲ,600855
600699.SH,17,汽车-汽车零部件-汽车电子电气系统,600699
600202.SH,17,机械设备-通用设备-制冷空调设备,600202
600537.SH,17,电力设备-光伏设备-光伏电池组件,600537
002906.SZ,33,汽车-汽车零部件-汽车电子电气系统,002906
000008.SZ,33,机械设备-轨交设备-轨交设备Ⅲ,000008
300887.SZ,33,社会服务-其他社会服务-专业服务,300887
301622.SZ,33,有色金属-金属新材料-磁性材料,301622
600657.SH,17,房地产-房地产-住宅开发,600657
600570.SH,17,计算机-软件开发-垂直应用软件,600570
688775.SH,17,电子-消费电子-品牌消费电子,688775
000011.SZ,33,房地产-房地产-房地产服务,000011
603059.SH,17,美容护理-美容护理-个护用品,603059
300008.SZ,33,国防军工-军工装备-航海装备,300008
601099.SH,17,非银金融-证券-证券Ⅲ,601099
920273.BJ,151,食品饮料-食品加工制造-其他食品,920273
688779.SH,17,电力设备-电池-电池化学品,688779
920166.BJ,151,医药生物-医疗器械-医疗耗材,920166
603116.SH,17,纺织服饰-服装家纺-鞋帽及其他,603116
688759.SH,17,医药生物-化学制药-化学制剂,688759
300880.SZ,33,电力设备-电网设备-电气自控设备,300880
300359.SZ,33,社会服务-教育-教育Ⅲ,300359
301057.SZ,33,基础化工-化学纤维-涤纶,301057
002420.SZ,33,汽车-汽车零部件-车身附件及饰件,002420
300275.SZ,33,机械设备-专用设备-能源及重型设备,300275
002235.SZ,33,轻工制造-造纸-造纸Ⅲ,002235
300543.SZ,33,电子-消费电子-消费电子零部件及组装,300543
000761.SZ,33,钢铁-钢铁-普钢,000761
000056.SZ,33,商贸零售-零售-商业物业经营,000056
300141.SZ,33,电力设备-电网设备-输变电设备,300141
920069.BJ,151,医药生物-医疗器械-医疗耗材,920069
300557.SZ,33,机械设备-通用设备-仪器仪表,300557
002690.SZ,33,机械设备-专用设备-其他专用设备,002690
688076.SH,22,医药生物-化学制药-原料药,688076
002967.SZ,33,社会服务-其他社会服务-专业服务,002967
603286.SH,17,汽车-汽车零部件-底盘与发动机系统,603286
002492.SZ,33,交通运输-物流-物流Ⅲ,002492
605100.SH,17,机械设备-通用设备-金属制品,605100
300049.SZ,33,医药生物-医疗器械-医疗设备,300049
002738.SZ,33,有色金属-小金属-其他小金属,002738
002962.SZ,33,电子-光学光电子-光学元件,002962
688633.SH,17,机械设备-专用设备-能源及重型设备,688633
603373.SH,17,社会服务-其他社会服务-专业服务,603373
603131.SH,17,机械设备-通用设备-其他通用设备,603131
605208.SH,17,有色金属-工业金属-铝,605208
600496.SH,17,建筑装饰-建筑装饰-专业工程,600496
920639.BJ,151,电力设备-电网设备-线缆部件及其他,920639
300825.SZ,33,汽车-汽车服务及其他-汽车服务,300825
300718.SZ,33,机械设备-通用设备-金属制品,300718
000408.SZ,33,基础化工-农化制品-钾肥,000408
300649.SZ,33,建筑装饰-建筑装饰-装饰园林,300649
301439.SZ,33,电力设备-电网设备-线缆部件及其他,301439
600995.SH,17,公用事业-电力-电能综合服务,600995
300770.SZ,33,传媒-文化传媒-电视广播,300770
300127.SZ,33,有色金属-金属新材料-磁性材料,300127
688001.SH,17,机械设备-专用设备-其他专用设备,688001
002935.SZ,33,国防军工-军工电子-军工电子Ⅲ,002935
300445.SZ,33,机械设备-通用设备-仪器仪表,300445
000779.SZ,33,建筑装饰-建筑装饰-工程咨询服务,000779
603338.SH,17,机械设备-工程机械-工程机械Ⅲ,603338
920039.BJ,151,社会服务-其他社会服务-专业服务,920039
300303.SZ,33,电子-光学光电子-LED,300303
002394.SZ,33,纺织服饰-纺织制造-棉纺,002394
600295.SH,17,钢铁-钢铁-冶钢原料,600295
300196.SZ,33,建筑材料-建筑材料-玻璃玻纤,300196
600210.SH,17,轻工制造-包装印刷-包装,600210
301399.SZ,33,机械设备-通用设备-制冷空调设备,301399
300727.SZ,33,基础化工-化学制品-有机硅,300727
000733.SZ,33,国防军工-军工电子-军工电子Ⅲ,000733
300669.SZ,33,机械设备-专用设备-楼宇设备,300669
920726.BJ,151,食品饮料-食品加工制造-调味发酵品,920726
603268.SH,22,国防军工-军工装备-航海装备,603268
002343.SZ,33,传媒-影视院线-影视院线Ⅲ,002343
300995.SZ,33,基础化工-塑料制品-改性塑料,300995
688750.SH,17,有色金属-小金属-其他小金属,688750
300188.SZ,33,计算机-软件开发-横向通用软件,300188
002060.SZ,33,建筑装饰-建筑装饰-基础建设,002060
603183.SH,17,社会服务-其他社会服务-专业服务,603183
002212.SZ,33,计算机-软件开发-横向通用软件,002212
920781.BJ,151,机械设备-专用设备-能源及重型设备,920781
688116.SH,17,电力设备-电池-电池化学品,688116
300978.SZ,33,汽车-汽车零部件-车身附件及饰件,300978
603568.SH,17,环保-环境治理-固废治理,603568
600288.SH,17,计算机-软件开发-横向通用软件,600288
000757.SZ,33,汽车-汽车服务及其他-汽车服务,000757
920245.BJ,151,机械设备-工程机械-工程机械Ⅲ,920245
002182.SZ,33,有色金属-小金属-其他小金属,002182
603960.SH,17,机械设备-自动化设备-其他自动化设备,603960
002023.SZ,33,国防军工-军工装备-航空装备,002023
603089.SH,17,汽车-汽车零部件-底盘与发动机系统,603089
301511.SZ,33,电力设备-电池-锂电池,301511
603779.SH,17,食品饮料-饮料制造-其他酒类,603779
301456.SZ,33,电力设备-风电设备-风电零部件,301456
688511.SH,22,国防军工-军工电子-军工电子Ⅲ,688511
920123.BJ,151,美容护理-美容护理-化妆品,920123
688021.SH,17,汽车-汽车零部件-其他汽车零部件,688021
301449.SZ,33,社会服务-其他社会服务-专业服务,301449
002201.SZ,33,建筑材料-建筑材料-玻璃玻纤,002201
300592.SZ,33,商贸零售-互联网电商-互联网电商Ⅲ,300592
300484.SZ,33,机械设备-自动化设备-工控设备,300484
000629.SZ,33,钢铁-钢铁-冶钢原料,000629
000932.SZ,33,钢铁-钢铁-普钢,000932
920168.BJ,151,汽车-汽车零部件-车身附件及饰件,920168
002451.SZ,33,电力设备-电网设备-线缆部件及其他,002451
603185.SH,17,电力设备-光伏设备-硅料硅片,603185
603557.SH,22,纺织服饰-服装家纺-服装,603557
603013.SH,17,汽车-汽车零部件-底盘与发动机系统,603013
002980.SZ,33,电力设备-电网设备-电气自控设备,002980
300700.SZ,33,机械设备-通用设备-磨具磨料,300700
688790.SH,17,电子-半导体-模拟芯片设计,688790
603320.SH,17,电力设备-电机-电机Ⅲ,603320
603931.SH,17,电子-电子化学品-电子化学品Ⅲ,603931
603041.SH,17,基础化工-化学制品-聚氨酯,603041
603878.SH,17,钢铁-钢铁-普钢,603878
300224.SZ,33,有色金属-金属新材料-磁性材料,300224
002990.SZ,33,计算机-计算机设备-其他计算机设备,002990
002623.SZ,33,电力设备-光伏设备-光伏辅材,002623
002865.SZ,33,电力设备-光伏设备-光伏电池组件,002865
002158.SZ,33,机械设备-通用设备-制冷空调设备,002158
603889.SH,17,纺织服饰-纺织制造-其他纺织,603889
600282.SH,17,钢铁-钢铁-普钢,600282
002735.SZ,33,轻工制造-包装印刷-包装,002735
000031.SZ,33,房地产-房地产-商业地产,000031
688788.SH,17,国防军工-军工电子-军工电子Ⅲ,688788
002324.SZ,33,基础化工-塑料制品-改性塑料,002324
300773.SZ,33,非银金融-多元金融-多元金融Ⅲ,300773
603929.SH,17,建筑装饰-建筑装饰-专业工程,603929
600476.SH,17,计算机-IT服务-IT服务Ⅲ,600476
920023.BJ,151,农林牧渔-农产品加工-果蔬加工,920023
300428.SZ,33,汽车-汽车零部件-轮胎轮毂,300428
603882.SH,17,医药生物-医疗服务-其他医疗服务,603882
600819.SH,17,建筑材料-建筑材料-玻璃玻纤,600819
600835.SH,17,机械设备-专用设备-楼宇设备,600835
920082.BJ,151,机械设备-通用设备-金属制品,920082
002338.SZ,33,国防军工-军工电子-军工电子Ⅲ,002338
300968.SZ,33,电子-消费电子-消费电子零部件及组装,300968
301195.SZ,33,计算机-软件开发-垂直应用软件,301195
600678.SH,17,建筑材料-建筑材料-水泥,600678
600770.SH,17,综合-综合-综合Ⅲ,600770
000007.SZ,33,商贸零售-零售-商业物业经营,000007
301078.SZ,33,商贸零售-零售-专业连锁,301078
300912.SZ,33,汽车-汽车零部件-其他汽车零部件,300912
920056.BJ,151,基础化工-塑料制品-其他塑料制品,920056
300699.SZ,33,国防军工-军工装备-航空装备,300699
603169.SH,17,机械设备-专用设备-能源及重型设备,603169
002715.SZ,33,汽车-汽车零部件-底盘与发动机系统,002715
002968.SZ,33,房地产-房地产-房地产服务,002968
002635.SZ,33,电子-消费电子-消费电子零部件及组装,002635
600807.SH,17,医药生物-医疗器械-体外诊断,600807
688236.SH,17,医药生物-医疗器械-医疗耗材,688236
002546.SZ,33,电力设备-电网设备-电气自控设备,002546
688230.SH,17,电子-半导体-分立器件,688230
920523.BJ,151,电力设备-电池-锂电池,920523
001896.SZ,33,公用事业-电力-火电,001896
300647.SZ,33,电子-消费电子-消费电子零部件及组装,300647
000920.SZ,33,基础化工-塑料制品-膜材料,000920
301260.SZ,33,机械设备-专用设备-农用机械,301260
603712.SH,17,国防军工-军工电子-军工电子Ⅲ,603712
002630.SZ,33,电力设备-其他电源设备-其他电源设备Ⅲ,002630
300066.SZ,33,机械设备-通用设备-仪器仪表,300066
600569.SH,17,钢铁-钢铁-普钢,600569
605228.SH,17,汽车-汽车零部件-车身附件及饰件,605228
000831.SZ,33,有色金属-小金属-稀土,000831
002884.SZ,33,机械设备-通用设备-其他通用设备,002884
300958.SZ,33,环保-环境治理-综合环境治理,300958
001223.SZ,33,机械设备-自动化设备-其他自动化设备,001223
002073.SZ,33,机械设备-专用设备-其他专用设备,002073
600446.SH,17,计算机-IT服务-IT服务Ⅲ,600446
600379.SH,17,电力设备-电网设备-输变电设备,600379
603527.SH,17,有色金属-工业金属-铜,603527
920274.BJ,151,轻工制造-包装印刷-包装,920274
000417.SZ,33,商贸零售-零售-百货零售,000417
688110.SH,17,电子-半导体-数字芯片设计,688110
600662.SH,17,社会服务-其他社会服务-专业服务,600662
603099.SH,17,社会服务-旅游及酒店-自然景点,603099
003022.SZ,33,电力设备-光伏设备-光伏辅材,003022
300432.SZ,33,汽车-汽车零部件-底盘与发动机系统,300432
601881.SH,17,非银金融-证券-证券Ⅲ,601881
002587.SZ,33,电子-光学光电子-LED,002587
605499.SH,17,食品饮料-饮料制造-软饮料,605499
002698.SZ,33,机械设备-自动化设备-机器人,002698
920212.BJ,151,汽车-汽车零部件-汽车电子电气系统,920212
002388.SZ,33,电子-其他电子-其他电子Ⅲ,002388
300956.SZ,33,电子-消费电子-消费电子零部件及组装,300956
600536.SH,17,计算机-IT服务-IT服务Ⅲ,600536
301616.SZ,33,机械设备-通用设备-其他通用设备,301616
002779.SZ,33,机械设备-专用设备-农用机械,002779
920009.BJ,151,医药生物-医疗器械-体外诊断,920009
300997.SZ,33,食品饮料-饮料制造-软饮料,300997
600526.SH,17,环保-环保设备-环保设备Ⅲ,600526
600510.SH,17,房地产-房地产-住宅开发,600510
300941.SZ,33,计算机-计算机设备-其他计算机设备,300941
300124.SZ,33,机械设备-自动化设备-工控设备,300124
300388.SZ,33,环保-环境治理-水务及水治理,300388
605151.SH,17,汽车-汽车零部件-车身附件及饰件,605151
300902.SZ,33,机械设备-专用设备-其他专用设备,300902
000503.SZ,33,计算机-软件开发-垂直应用软件,000503
603029.SH,17,机械设备-专用设备-农用机械,603029
002255.SZ,33,电力设备-其他电源设备-其他电源设备Ⅲ,002255
000863.SZ,33,房地产-房地产-住宅开发,000863
600602.SH,17,计算机-软件开发-垂直应用软件,600602
000600.SZ,33,公用事业-电力-火电,000600
603331.SH,17,机械设备-通用设备-其他通用设备,603331
920122.BJ,151,社会服务-其他社会服务-专业服务,920122
920128.BJ,151,电子-元件-被动元件,920128
002340.SZ,33,电力设备-电池-电池化学品,002340
002202.SZ,33,电力设备-风电设备-风电整机,002202
301550.SZ,33,汽车-汽车零部件-底盘与发动机系统,301550
920496.BJ,151,电力设备-电网设备-输变电设备,920496
600271.SH,17,计算机-IT服务-IT服务Ⅲ,600271
688169.SH,17,家用电器-小家电-小家电Ⅲ,688169
300169.SZ,33,基础化工-化学制品-其他化学制品,300169
000151.SZ,33,商贸零售-贸易-贸易Ⅲ,000151
688321.SH,17,医药生物-化学制药-化学制剂,688321
301043.SZ,33,机械设备-通用设备-制冷空调设备,301043
002802.SZ,33,基础化工-化学制品-其他化学制品,002802
920033.BJ,151,基础化工-化学制品-其他化学制品,920033
688793.SH,17,家用电器-小家电-小家电Ⅲ,688793
300500.SZ,33,建筑装饰-建筑装饰-工程咨询服务,300500
603015.SH,17,机械设备-自动化设备-工控设备,603015
300831.SZ,33,电子-半导体-分立器件,300831
600325.SH,17,房地产-房地产-住宅开发,600325
002978.SZ,33,有色金属-小金属-其他小金属,002978
002318.SZ,33,钢铁-钢铁-特钢,002318
300815.SZ,33,环保-环境治理-固废治理,300815
920124.BJ,151,家用电器-白色家电-家电零部件,920124
301186.SZ,33,汽车-汽车零部件-其他汽车零部件,301186
603809.SH,17,汽车-汽车零部件-底盘与发动机系统,603809
002326.SZ,33,基础化工-化学制品-氟化工,002326
600895.SH,17,房地产-房地产-产业地产,600895
600520.SH,17,机械设备-专用设备-其他专用设备,600520
603610.SH,17,轻工制造-家居用品-成品家居,603610
688506.SH,17,医药生物-化学制药-化学制剂,688506
301275.SZ,33,电子-其他电子-其他电子Ⅲ,301275
301148.SZ,33,环保-环境治理-水务及水治理,301148
001388.SZ,33,电力设备-电网设备-电气自控设备,001388
600707.SH,17,电子-光学光电子-面板,600707
002939.SZ,33,非银金融-证券-证券Ⅲ,002939
002984.SZ,33,汽车-汽车零部件-轮胎轮毂,002984
001306.SZ,33,机械设备-通用设备-金属制品,001306
300413.SZ,33,传媒-文化传媒-数字媒体,300413
001238.SZ,33,轻工制造-家居用品-其他家居用品,001238
301336.SZ,33,轻工制造-家居用品-成品家居,301336
002434.SZ,33,汽车-汽车零部件-底盘与发动机系统,002434
000752.SZ,33,食品饮料-饮料制造-啤酒,000752
600468.SH,17,电力设备-电网设备-输变电设备,600468
300095.SZ,33,机械设备-专用设备-能源及重型设备,300095
002300.SZ,33,电力设备-电网设备-线缆部件及其他,002300
301487.SZ,33,电力设备-电池-电池化学品,301487
605183.SH,17,基础化工-橡胶制品-炭黑,605183
688338.SH,17,医药生物-医疗器械-体外诊断,688338
002178.SZ,33,计算机-软件开发-垂直应用软件,002178
000009.SZ,33,电力设备-电池-电池化学品,000009
300462.SZ,33,计算机-计算机设备-其他计算机设备,300462
300920.SZ,33,基础化工-塑料制品-其他塑料制品,300920
300694.SZ,33,汽车-汽车零部件-底盘与发动机系统,300694
301518.SZ,33,基础化工-化学制品-其他化学制品,301518
688248.SH,17,公用事业-电力-电能综合服务,688248
300864.SZ,33,环保-环境治理-综合环境治理,300864
002075.SZ,33,钢铁-钢铁-特钢,002075
001233.SZ,33,汽车-汽车零部件-轮胎轮毂,001233
301063.SZ,33,机械设备-专用设备-能源及重型设备,301063
301337.SZ,33,计算机-软件开发-垂直应用软件,301337
002729.SZ,33,电子-其他电子-其他电子Ⅲ,002729
002117.SZ,33,轻工制造-包装印刷-印刷,002117
601636.SH,17,建筑材料-建筑材料-玻璃玻纤,601636
000100.SZ,33,电子-光学光电子-面板,000100
300270.SZ,33,计算机-计算机设备-安防设备,300270
300243.SZ,33,基础化工-塑料制品-其他塑料制品,300243
603383.SH,17,计算机-软件开发-垂直应用软件,603383
688334.SH,17,社会服务-其他社会服务-专业服务,688334
000821.SZ,33,电力设备-光伏设备-光伏加工设备,000821
001257.SZ,33,有色金属-小金属-钼,001257
920239.BJ,151,电力设备-电池-其他电池,920239
002946.SZ,33,食品饮料-饮料制造-乳品,002946
002724.SZ,33,电子-光学光电子-LED,002724
920163.BJ,151,轻工制造-包装印刷-包装,920163
603659.SH,17,电力设备-电池-电池化学品,603659
601811.SH,17,传媒-文化传媒-出版,601811
300518.SZ,33,商贸零售-互联网电商-互联网电商Ⅲ,300518
301682.SZ,33,国防军工-军工电子-军工电子Ⅲ,301682
688036.SH,17,电子-消费电子-品牌消费电子,688036
605577.SH,17,传媒-文化传媒-出版,605577
603356.SH,17,机械设备-专用设备-楼宇设备,603356
002189.SZ,33,国防军工-军工电子-军工电子Ⅲ,002189
688582.SH,17,电子-半导体-模拟芯片设计,688582
601688.SH,17,非银金融-证券-证券Ⅲ,601688
600765.SH,17,国防军工-军工装备-航空装备,600765
002096.SZ,33,基础化工-化学制品-民爆用品,002096
688589.SH,17,电子-半导体-数字芯片设计,688589
300173.SZ,33,电力设备-电池-锂电专用设备,300173
688108.SH,17,医药生物-医疗器械-医疗耗材,688108
300590.SZ,33,通信-通信设备-通信终端及配件,300590
301322.SZ,33,汽车-汽车服务及其他-其他运输设备,301322
002239.SZ,33,汽车-汽车零部件-汽车电子电气系统,002239
002511.SZ,33,美容护理-美容护理-个护用品,002511
002413.SZ,33,国防军工-军工电子-军工电子Ⅲ,002413
603912.SH,17,机械设备-通用设备-制冷空调设备,603912
300272.SZ,33,家用电器-小家电-小家电Ⅲ,300272
301046.SZ,33,建筑装饰-建筑装饰-基础建设,301046
002564.SZ,33,机械设备-专用设备-能源及重型设备,002564
920055.BJ,151,汽车-汽车零部件-底盘与发动机系统,920055
301199.SZ,33,机械设备-自动化设备-机器人,301199
600406.SH,17,电力设备-电网设备-电气自控设备,600406
603028.SH,17,机械设备-通用设备-金属制品,603028
600152.SH,17,电力设备-电池-锂电池,600152
002830.SZ,33,建筑装饰-建筑装饰-装饰园林,002830
603051.SH,17,基础化工-化学制品-其他化学制品,603051
001298.SZ,33,电子-其他电子-其他电子Ⅲ,001298
300011.SZ,33,机械设备-轨交设备-轨交设备Ⅲ,300011
920300.BJ,151,医药生物-医疗器械-医疗设备,920300
301198.SZ,33,轻工制造-包装印刷-包装,301198
688360.SH,17,机械设备-通用设备-其他通用设备,688360
920057.BJ,151,建筑装饰-建筑装饰-专业工程,920057
002148.SZ,33,通信-通信服务-通信应用增值服务,002148
603334.SH,17,基础化工-化学制品-其他化学制品,603334
301151.SZ,33,机械设备-通用设备-金属制品,301151
002638.SZ,33,电子-光学光电子-LED,002638
688370.SH,17,环保-环境治理-固废治理,688370
920419.BJ,151,农林牧渔-农产品加工-宠物食品,920419
301595.SZ,33,轻工制造-家居用品-其他家居用品,301595
002074.SZ,33,电力设备-电池-锂电池,002074
300538.SZ,33,基础化工-塑料制品-改性塑料,300538
601077.SH,17,银行-银行-农商行,601077
301223.SZ,33,轻工制造-包装印刷-包装,301223
300549.SZ,33,机械设备-专用设备-其他专用设备,300549
603179.SH,17,汽车-汽车零部件-汽车电子电气系统,603179
603602.SH,17,传媒-文化传媒-广告营销,603602
300719.SZ,33,国防军工-军工装备-航空装备,300719
300030.SZ,33,医药生物-医疗器械-医疗设备,300030
000655.SZ,33,钢铁-钢铁-冶钢原料,000655
920076.BJ,151,建筑材料-建筑材料-耐火材料,920076
002319.SZ,33,基础化工-化学制品-涂料油墨,002319
920690.BJ,151,汽车-汽车零部件-车身附件及饰件,920690
600782.SH,17,钢铁-钢铁-普钢,600782
603321.SH,17,机械设备-专用设备-楼宇设备,603321
000010.SZ,33,建筑装饰-建筑装饰-装饰园林,000010
603721.SH,22,传媒-影视院线-影视院线Ⅲ,603721
600732.SH,17,电力设备-光伏设备-光伏电池组件,600732
603977.SH,17,基础化工-化学制品-民爆用品,603977
002988.SZ,33,有色金属-工业金属-铝,002988
603218.SH,17,电力设备-风电设备-风电零部件,603218
301269.SZ,33,计算机-软件开发-垂直应用软件,301269
600229.SH,17,传媒-文化传媒-出版,600229
301197.SZ,33,机械设备-通用设备-仪器仪表,301197
300860.SZ,33,社会服务-其他社会服务-专业服务,300860
002883.SZ,33,建筑装饰-建筑装饰-工程咨询服务,002883
600629.SH,17,建筑装饰-建筑装饰-工程咨询服务,600629
920770.BJ,151,电力设备-光伏设备-光伏电池组件,920770
603052.SH,17,电子-消费电子-消费电子零部件及组装,603052
000925.SZ,33,机械设备-轨交设备-轨交设备Ⅲ,000925
600435.SH,17,国防军工-军工装备-地面兵装,600435
301303.SZ,33,机械设备-通用设备-仪器仪表,301303
688256.SH,17,电子-半导体-数字芯片设计,688256
601599.SH,17,纺织服饰-纺织制造-其他纺织,601599
300588.SZ,33,计算机-计算机设备-安防设备,300588
603900.SH,17,纺织服饰-服装家纺-饰品,603900
300468.SZ,33,计算机-软件开发-垂直应用软件,300468
600960.SH,17,汽车-汽车零部件-底盘与发动机系统,600960
002803.SZ,33,商贸零售-互联网电商-互联网电商Ⅲ,002803
301391.SZ,33,计算机-计算机设备-其他计算机设备,301391
301135.SZ,33,家用电器-白色家电-家电零部件,301135
301283.SZ,33,基础化工-化学制品-其他化学制品,301283
688329.SH,17,机械设备-自动化设备-其他自动化设备,688329
600399.SH,17,钢铁-钢铁-特钢,600399
301131.SZ,33,基础化工-塑料制品-改性塑料,301131
601877.SH,17,电力设备-电网设备-输变电设备,601877
688101.SH,17,环保-环境治理-水务及水治理,688101
002441.SZ,33,电力设备-电网设备-输变电设备,002441
002670.SZ,33,非银金融-证券-证券Ⅲ,002670
301388.SZ,33,电力设备-电网设备-输变电设备,301388
300348.SZ,33,计算机-软件开发-垂直应用软件,300348
920146.BJ,151,汽车-汽车零部件-底盘与发动机系统,920146
001309.SZ,33,电子-半导体-数字芯片设计,001309
600862.SH,17,国防军工-军工装备-航空装备,600862
603225.SH,17,基础化工-化学纤维-涤纶,603225
301596.SZ,33,机械设备-通用设备-其他通用设备,301596
301278.SZ,33,电力设备-光伏设备-光伏电池组件,301278
003029.SZ,33,计算机-软件开发-横向通用软件,003029
002139.SZ,33,电子-消费电子-消费电子零部件及组装,002139
300350.SZ,33,交通运输-物流-物流Ⅲ,300350
300187.SZ,33,环保-环境治理-综合环境治理,300187
603613.SH,17,商贸零售-互联网电商-互联网电商Ⅲ,603613
003005.SZ,33,计算机-IT服务-IT服务Ⅲ,003005
600455.SH,17,社会服务-教育-教育Ⅲ,600455
920834.BJ,151,基础化工-橡胶制品-其他橡胶制品,920834
300420.SZ,33,机械设备-通用设备-其他通用设备,300420
688065.SH,17,基础化工-化学制品-其他化学制品,688065
002105.SZ,33,汽车-汽车服务及其他-其他运输设备,002105
000006.SZ,33,房地产-房地产-住宅开发,000006
600057.SH,17,交通运输-物流-物流Ⅲ,600057
688203.SH,17,基础化工-塑料制品-改性塑料,688203
920179.BJ,151,电子-半导体-半导体材料,920179
300771.SZ,33,计算机-计算机设备-其他计算机设备,300771
301353.SZ,33,机械设备-通用设备-其他通用设备,301353
002095.SZ,33,传媒-文化传媒-数字媒体,002095
002605.SZ,33,传媒-游戏-游戏Ⅲ,002605
300692.SZ,33,环保-环境治理-水务及水治理,300692
920751.BJ,151,有色金属-金属新材料-其他金属新材料,920751
601369.SH,17,机械设备-专用设备-能源及重型设备,601369
002917.SZ,33,基础化工-化学制品-民爆用品,002917
920701.BJ,151,电子-消费电子-消费电子零部件及组装,920701
920792.BJ,151,建筑材料-建筑材料-耐火材料,920792
002540.SZ,33,有色金属-工业金属-铝,002540
600749.SH,17,社会服务-旅游及酒店-自然景点,600749
300306.SZ,33,机械设备-通用设备-仪器仪表,300306
688190.SH,17,有色金属-金属新材料-其他金属新材料,688190
301029.SZ,33,机械设备-自动化设备-其他自动化设备,301029
300608.SZ,33,计算机-软件开发-垂直应用软件,300608
002659.SZ,33,社会服务-教育-教育Ⅲ,002659
601100.SH,17,机械设备-工程机械-工程机械Ⅲ,601100
600658.SH,17,房地产-房地产-产业地产,600658
688819.SH,17,电力设备-电池-其他电池,688819
605066.SH,17,电力设备-电网设备-输变电设备,605066
300532.SZ,33,计算机-IT服务-IT服务Ⅲ,300532
920221.BJ,151,汽车-汽车零部件-其他汽车零部件,920221
603359.SH,17,环保-环境治理-综合环境治理,603359
300478.SZ,33,基础化工-塑料制品-改性塑料,300478
600509.SH,17,公用事业-电力-火电,600509
920855.BJ,151,机械设备-通用设备-其他通用设备,920855
603303.SH,17,电子-光学光电子-LED,603303
000058.SZ,33,商贸零售-零售-商业物业经营,000058
300749.SZ,33,轻工制造-家居用品-定制家居,300749
300591.SZ,33,纺织服饰-服装家纺-鞋帽及其他,300591
301598.SZ,33,机械设备-专用设备-其他专用设备,301598
002383.SZ,33,国防军工-军工电子-军工电子Ⅲ,002383
600754.SH,17,社会服务-旅游及酒店-酒店,600754
300163.SZ,33,轻工制造-家居用品-其他家居用品,300163
920699.BJ,151,家用电器-白色家电-家电零部件,920699
605198.SH,17,食品饮料-饮料制造-软饮料,605198
688459.SH,17,机械设备-轨交设备-轨交设备Ⅲ,688459
600621.SH,17,非银金融-证券-证券Ⅲ,600621
920195.BJ,151,汽车-汽车零部件-底盘与发动机系统,920195
301656.SZ,33,汽车-汽车零部件-汽车电子电气系统,301656
601608.SH,17,机械设备-专用设备-能源及重型设备,601608
002633.SZ,33,机械设备-通用设备-金属制品,002633
002731.SZ,33,纺织服饰-服装家纺-饰品,002731
688560.SH,17,电力设备-光伏设备-光伏辅材,688560
300579.SZ,33,计算机-软件开发-横向通用软件,300579
605086.SH,17,基础化工-非金属材料-非金属材料Ⅲ,605086
920208.BJ,151,社会服务-其他社会服务-专业服务,920208
603200.SH,17,环保-环境治理-水务及水治理,603200
603825.SH,22,传媒-文化传媒-广告营销,603825
301418.SZ,33,机械设备-自动化设备-工控设备,301418
002992.SZ,33,电子-光学光电子-LED,002992
300012.SZ,33,社会服务-其他社会服务-专业服务,300012
002721.SZ,33,纺织服饰-服装家纺-饰品,002721
920066.BJ,151,基础化工-塑料制品-改性塑料,920066
603370.SH,17,电力设备-电机-电机Ⅲ,603370
603100.SH,17,机械设备-通用设备-仪器仪表,603100
688596.SH,17,机械设备-专用设备-其他专用设备,688596
688708.SH,17,国防军工-军工装备-航空装备,688708
002627.SZ,33,社会服务-旅游及酒店-旅游综合,002627
001335.SZ,33,基础化工-化学制品-涂料油墨,001335
300203.SZ,33,机械设备-通用设备-仪器仪表,300203
000702.SZ,33,农林牧渔-农产品加工-畜禽饲料,000702
300466.SZ,33,机械设备-通用设备-仪器仪表,300466
600882.SH,17,食品饮料-饮料制造-乳品,600882
300613.SZ,33,电子-半导体-数字芯片设计,300613
603096.SH,17,传媒-文化传媒-出版,603096
002056.SZ,33,电力设备-光伏设备-光伏电池组件,002056
300240.SZ,33,交通运输-物流-物流Ⅲ,300240
300743.SZ,33,计算机-计算机设备-其他计算机设备,300743
300555.SZ,33,通信-通信设备-通信终端及配件,300555
002682.SZ,33,交通运输-物流-物流Ⅲ,002682
301557.SZ,33,电力设备-风电设备-风电零部件,301557
000546.SZ,33,环保-环境治理-固废治理,000546
301589.SZ,33,计算机-计算机设备-其他计算机设备,301589
920642.BJ,151,国防军工-军工装备-航空装备,920642
300822.SZ,33,电子-消费电子-消费电子零部件及组装,300822
300948.SZ,33,环保-环境治理-综合环境治理,300948
002622.SZ,33,医药生物-医疗服务-医院,002622
001308.SZ,33,电子-光学光电子-面板,001308
601127.SH,17,汽车-汽车整车-乘用车,601127
601965.SH,17,汽车-汽车服务及其他-汽车服务,601965
300320.SZ,33,基础化工-橡胶制品-其他橡胶制品,300320
300798.SZ,33,基础化工-化学制品-纺织化学用品,300798
603095.SH,17,机械设备-专用设备-纺织服装设备,603095
301215.SZ,33,汽车-汽车服务及其他-汽车服务,301215
002119.SZ,33,电子-半导体-半导体材料,002119
301233.SZ,33,汽车-汽车零部件-底盘与发动机系统,301233
688737.SH,17,汽车-汽车零部件-其他汽车零部件,688737
600058.SH,17,商贸零售-贸易-贸易Ⅲ,600058
300440.SZ,33,计算机-IT服务-IT服务Ⅲ,300440
601778.SH,17,公用事业-电力-新能源发电,601778
688429.SH,17,电力设备-光伏设备-光伏电池组件,688429
002607.SZ,33,社会服务-教育-教育Ⅲ,002607
600176.SH,17,建筑材料-建筑材料-玻璃玻纤,600176
300257.SZ,33,机械设备-通用设备-其他通用设备,300257
603117.SH,17,交通运输-物流-物流Ⅲ,603117
600371.SH,17,农林牧渔-种植业与林业-种子生产,600371
920892.BJ,151,建筑装饰-建筑装饰-工程咨询服务,920892
002826.SZ,33,医药生物-化学制药-化学制剂,002826
002596.SZ,33,建筑材料-建筑材料-水泥,002596
003033.SZ,33,汽车-汽车服务及其他-其他运输设备,003033
603060.SH,17,社会服务-其他社会服务-专业服务,603060
600469.SH,17,汽车-汽车零部件-轮胎轮毂,600469
001359.SZ,33,基础化工-非金属材料-非金属材料Ⅲ,001359
002736.SZ,33,非银金融-证券-证券Ⅲ,002736
002460.SZ,33,有色金属-能源金属-锂,002460
688639.SH,17,基础化工-化学制品-食品及饲料添加剂,688639
600990.SH,17,国防军工-军工电子-军工电子Ⅲ,600990
300856.SZ,33,美容护理-美容护理-化妆品,300856
000803.SZ,33,环保-环境治理-固废治理,000803
300523.SZ,33,计算机-IT服务-IT服务Ⅲ,300523
300177.SZ,33,国防军工-军工电子-军工电子Ⅲ,300177
300767.SZ,33,基础化工-橡胶制品-其他橡胶制品,300767
920527.BJ,151,纺织服饰-纺织制造-辅料,920527
300274.SZ,33,电力设备-光伏设备-逆变器,300274
002403.SZ,33,家用电器-小家电-小家电Ⅲ,002403
001207.SZ,33,基础化工-橡胶制品-炭黑,001207
002882.SZ,33,电力设备-电网设备-线缆部件及其他,002882
603355.SH,17,家用电器-小家电-小家电Ⅲ,603355
300564.SZ,33,建筑装饰-建筑装饰-工程咨询服务,300564
301298.SZ,33,汽车-汽车零部件-其他汽车零部件,301298
920370.BJ,151,环保-环境治理-固废治理,920370
920753.BJ,151,社会服务-其他社会服务-专业服务,920753
002860.SZ,33,家用电器-白色家电-家电零部件,002860
603997.SH,17,汽车-汽车零部件-车身附件及饰件,603997
601677.SH,17,有色金属-工业金属-铝,601677
300595.SZ,33,医药生物-医疗器械-医疗耗材,300595
301100.SZ,33,基础化工-化学制品-其他化学制品,301100
301080.SZ,33,医药生物-生物制品-其他生物制品,301080
002058.SZ,33,电力设备-电池-电池化学品,002058
920786.BJ,151,食品饮料-饮料制造-乳品,920786
300176.SZ,33,汽车-汽车零部件-底盘与发动机系统,300176
300375.SZ,33,汽车-汽车零部件-底盘与发动机系统,300375
603307.SH,17,纺织服饰-服装家纺-鞋帽及其他,603307
301175.SZ,33,环保-环境治理-固废治理,301175
920476.BJ,151,机械设备-通用设备-仪器仪表,920476
002337.SZ,33,机械设备-专用设备-其他专用设备,002337
600642.SH,17,公用事业-电力-火电,600642
300672.SZ,33,电子-半导体-数字芯片设计,300672
300973.SZ,33,食品饮料-食品加工制造-休闲食品,300973
300172.SZ,33,环保-环境治理-水务及水治理,300172
600173.SH,17,公用事业-电力-新能源发电,600173
300723.SZ,33,医药生物-化学制药-化学制剂,300723
600847.SH,17,电力设备-电池-其他电池,600847
000665.SZ,33,传媒-文化传媒-电视广播,000665
002687.SZ,33,纺织服饰-服装家纺-服装,002687
000785.SZ,33,商贸零售-零售-商业物业经营,000785
301176.SZ,33,电子-元件-印制电路板,301176
603992.SH,17,轻工制造-家居用品-其他家居用品,603992
603680.SH,17,机械设备-轨交设备-轨交设备Ⅲ,603680
002159.SZ,33,社会服务-旅游及酒店-自然景点,002159
600959.SH,17,传媒-文化传媒-电视广播,600959
920768.BJ,151,家用电器-白色家电-家电零部件,920768
920185.BJ,151,电力设备-电池-电池化学品,920185
002510.SZ,33,汽车-汽车零部件-其他汽车零部件,002510
301230.SZ,33,医药生物-医疗服务-医疗研发外包,301230
920571.BJ,151,交通运输-港口航运-航运,920571
603700.SH,17,机械设备-通用设备-仪器仪表,603700
603313.SH,17,轻工制造-家居用品-成品家居,603313
301668.SZ,33,电力设备-电网设备-输变电设备,301668
301297.SZ,33,电子-半导体-半导体设备,301297
920436.BJ,151,汽车-汽车零部件-汽车电子电气系统,920436
300797.SZ,33,社会服务-其他社会服务-专业服务,300797
000657.SZ,33,有色金属-小金属-钨,000657
000929.SZ,33,食品饮料-饮料制造-啤酒,000929
600563.SH,17,电子-元件-被动元件,600563
920077.BJ,151,基础化工-化学纤维-其他纤维,920077
002769.SZ,33,交通运输-物流-物流Ⅲ,002769
001395.SZ,33,机械设备-专用设备-其他专用设备,001395
603908.SH,17,纺织服饰-服装家纺-鞋帽及其他,603908
002658.SZ,33,环保-环保设备-环保设备Ⅲ,002658
002111.SZ,33,国防军工-军工装备-航空装备,002111
688129.SH,17,基础化工-化学制品-涂料油墨,688129
600340.SH,17,房地产-房地产-产业地产,600340
001288.SZ,33,机械设备-专用设备-能源及重型设备,001288
600137.SH,17,纺织服饰-服装家纺-服装,600137
301203.SZ,33,环保-环境治理-水务及水治理,301203
688728.SH,17,电子-半导体-数字芯片设计,688728
605006.SH,17,建筑材料-建筑材料-玻璃玻纤,605006
688816.SH,17,机械设备-自动化设备-其他自动化设备,688816
301182.SZ,33,电子-消费电子-消费电子零部件及组装,301182
600336.SH,17,家用电器-白色家电-冰洗,600336
688085.SH,17,医药生物-医疗器械-医疗耗材,688085
603278.SH,17,机械设备-通用设备-金属制品,603278
600219.SH,17,有色金属-工业金属-铝,600219
001268.SZ,33,家用电器-白色家电-家电零部件,001268
000882.SZ,33,商贸零售-零售-商业物业经营,000882
300018.SZ,33,电力设备-电网设备-电气自控设备,300018
600495.SH,17,机械设备-轨交设备-轨交设备Ⅲ,600495
001260.SZ,33,汽车-汽车零部件-车身附件及饰件,001260
300111.SZ,33,医药生物-化学制药-化学制剂,300111
688077.SH,17,有色金属-金属新材料-磁性材料,688077
300813.SZ,33,机械设备-专用设备-其他专用设备,300813
920976.BJ,151,计算机-计算机设备-安防设备,920976
001387.SZ,33,家用电器-白色家电-冰洗,001387
002969.SZ,33,轻工制造-包装印刷-包装,002969
600969.SH,17,公用事业-电力-电能综合服务,600969
300675.SZ,33,建筑装饰-建筑装饰-工程咨询服务,300675
301558.SZ,33,商贸零售-互联网电商-互联网电商Ⅲ,301558
002915.SZ,33,基础化工-化学制品-氟化工,002915
603489.SH,17,电力设备-电机-电机Ⅲ,603489
600725.SH,17,商贸零售-贸易-贸易Ⅲ,600725
300983.SZ,33,建筑装饰-建筑装饰-工程咨询服务,300983
002012.SZ,33,轻工制造-造纸-造纸Ⅲ,002012
300185.SZ,33,电力设备-风电设备-风电零部件,300185
300577.SZ,33,纺织服饰-服装家纺-鞋帽及其他,300577
002791.SZ,33,建筑材料-建筑材料-其他建材,002791
603378.SH,17,建筑材料-建筑材料-其他建材,603378
300447.SZ,33,国防军工-军工电子-军工电子Ⅲ,300447
300568.SZ,33,电力设备-电池-电池化学品,300568
601700.SH,17,电力设备-电网设备-线缆部件及其他,601700
603578.SH,17,家用电器-白色家电-家电零部件,603578
002836.SZ,33,轻工制造-包装印刷-包装,002836
920395.BJ,151,计算机-计算机设备-安防设备,920395
001300.SZ,33,轻工制造-家居用品-文娱用品,001300
688700.SH,17,机械设备-专用设备-其他专用设备,688700
603790.SH,17,基础化工-化学制品-纺织化学用品,603790
002314.SZ,33,房地产-房地产-住宅开发,002314
001319.SZ,33,汽车-汽车零部件-车身附件及饰件,001319
301037.SZ,33,基础化工-化学制品-涂料油墨,301037
603352.SH,17,汽车-汽车零部件-其他汽车零部件,603352
300492.SZ,33,社会服务-教育-教育Ⅲ,300492
601956.SH,17,家用电器-白色家电-家电零部件,601956
603261.SH,22,国防军工-军工装备-航空装备,603261
000859.SZ,33,基础化工-塑料制品-膜材料,000859
300884.SZ,33,计算机-计算机设备-安防设备,300884
600736.SH,17,房地产-房地产-住宅开发,600736
688193.SH,17,医药生物-医疗器械-体外诊断,688193
603197.SH,17,汽车-汽车零部件-其他汽车零部件,603197
300400.SZ,33,机械设备-自动化设备-其他自动化设备,300400
688805.SH,17,医药生物-医疗器械-医疗设备,688805
300412.SZ,33,机械设备-专用设备-其他专用设备,300412
600095.SH,17,非银金融-证券-证券Ⅲ,600095
603396.SH,17,电力设备-光伏设备-光伏加工设备,603396
601012.SH,17,电力设备-光伏设备-光伏电池组件,601012
300504.SZ,33,通信-通信设备-通信终端及配件,300504
002398.SZ,33,建筑材料-建筑材料-其他建材,002398
601801.SH,17,传媒-文化传媒-出版,601801
300193.SZ,33,机械设备-通用设备-其他通用设备,300193
300585.SZ,33,汽车-汽车零部件-底盘与发动机系统,300585
301571.SZ,33,国防军工-军工电子-军工电子Ⅲ,301571
002640.SZ,33,商贸零售-互联网电商-互联网电商Ⅲ,002640
920003.BJ,151,建筑装饰-建筑装饰-工程咨询服务,920003
300120.SZ,33,电子-光学光电子-面板,300120
300960.SZ,33,机械设备-轨交设备-轨交设备Ⅲ,300960
300867.SZ,33,环保-环境治理-固废治理,300867
003001.SZ,33,建筑装饰-建筑装饰-专业工程,003001
920378.BJ,151,汽车-汽车零部件-底盘与发动机系统,920378
605001.SH,17,机械设备-轨交设备-轨交设备Ⅲ,605001
603187.SH,17,机械设备-通用设备-制冷空调设备,603187
920718.BJ,151,家用电器-白色家电-家电零部件,920718
688367.SH,17,机械设备-轨交设备-轨交设备Ⅲ,688367
300155.SZ,33,计算机-计算机设备-安防设备,300155
600843.SH,17,机械设备-专用设备-纺织服装设备,600843
603607.SH,17,轻工制造-包装印刷-包装,603607
688235.SH,17,医药生物-化学制药-化学制剂,688235
600372.SH,17,国防军工-军工装备-航空装备,600372
301016.SZ,33,机械设备-轨交设备-轨交设备Ⅲ,301016
300252.SZ,33,国防军工-军工电子-军工电子Ⅲ,300252
600962.SH,17,食品饮料-饮料制造-软饮料,600962
688758.SH,17,医药生物-化学制药-原料药,688758
600373.SH,17,传媒-文化传媒-出版,600373
002543.SZ,33,家用电器-厨卫电器-厨卫电器Ⅲ,002543
603630.SH,17,美容护理-美容护理-化妆品,603630
920098.BJ,151,基础化工-橡胶制品-其他橡胶制品,920098
300965.SZ,33,国防军工-军工装备-航空装备,300965
603916.SH,17,基础化工-化学制品-其他化学制品,603916
920187.BJ,151,汽车-汽车零部件-车身附件及饰件,920187
301004.SZ,33,轻工制造-家居用品-其他家居用品,301004
603036.SH,17,机械设备-专用设备-能源及重型设备,603036
002127.SZ,33,商贸零售-互联网电商-互联网电商Ⅲ,002127
301065.SZ,33,医药生物-化学制药-原料药,301065
300481.SZ,33,电子-电子化学品-电子化学品Ⅲ,300481
000002.SZ,33,房地产-房地产-住宅开发,000002
000905.SZ,33,交通运输-港口航运-港口,000905
301209.SZ,33,基础化工-化学制品-涂料油墨,301209
600369.SH,17,非银金融-证券-证券Ⅲ,600369
603686.SH,17,环保-环境治理-固废治理,603686
300581.SZ,33,国防军工-军工装备-航空装备,300581
920089.BJ,151,基础化工-塑料制品-改性塑料,920089
600778.SH,17,商贸零售-零售-百货零售,600778
688358.SH,17,医药生物-医疗器械-医疗设备,688358
920407.BJ,151,机械设备-通用设备-仪器仪表,920407
600586.SH,17,基础化工-化学原料-纯碱,600586
300648.SZ,33,电力设备-电池-锂电专用设备,300648
300486.SZ,33,机械设备-自动化设备-其他自动化设备,300486
002161.SZ,33,电子-其他电子-其他电子Ⅲ,002161
300281.SZ,33,机械设备-专用设备-其他专用设备,300281
688033.SH,17,电力设备-光伏设备-光伏辅材,688033
688052.SH,17,电子-半导体-模拟芯片设计,688052
603390.SH,17,汽车-汽车零部件-汽车电子电气系统,603390
603091.SH,17,轻工制造-家居用品-其他家居用品,603091
002146.SZ,33,房地产-房地产-住宅开发,002146
002162.SZ,33,轻工制造-家居用品-瓷砖地板,002162
605080.SH,17,轻工制造-家居用品-文娱用品,605080
603290.SH,17,电子-半导体-分立器件,603290
600516.SH,17,钢铁-钢铁-冶钢原料,600516
688718.SH,17,基础化工-塑料制品-膜材料,688718
688297.SH,17,国防军工-军工装备-航空装备,688297
920541.BJ,151,机械设备-轨交设备-轨交设备Ⅲ,920541
002799.SZ,33,轻工制造-包装印刷-包装,002799
601298.SH,17,交通运输-港口航运-港口,601298
920080.BJ,151,机械设备-专用设备-其他专用设备,920080
002683.SZ,33,基础化工-化学制品-民爆用品,002683
600048.SH,17,房地产-房地产-住宅开发,600048
002209.SZ,33,机械设备-专用设备-印刷包装机械,002209
920106.BJ,151,汽车-汽车零部件-底盘与发动机系统,920106
688187.SH,17,机械设备-轨交设备-轨交设备Ⅲ,688187
600111.SH,17,有色金属-小金属-稀土,600111
601882.SH,17,机械设备-通用设备-机床工具,601882
688772.SH,17,电力设备-电池-锂电池,688772
002689.SZ,33,机械设备-专用设备-楼宇设备,002689
301458.SZ,33,电子-元件-被动元件,301458
600676.SH,17,综合-综合-综合Ⅲ,600676
000036.SZ,33,房地产-房地产-住宅开发,000036
300265.SZ,33,电力设备-电网设备-线缆部件及其他,300265
920719.BJ,151,基础化工-非金属材料-非金属材料Ⅲ,920719
605365.SH,17,电子-光学光电子-LED,605365
920101.BJ,151,机械设备-工程机械-工程机械Ⅲ,920101
000797.SZ,33,房地产-房地产-住宅开发,000797
002320.SZ,33,交通运输-港口航运-航运,002320
002952.SZ,33,电子-光学光电子-面板,002952
688426.SH,17,医药生物-医疗器械-体外诊断,688426
000708.SZ,33,钢铁-钢铁-特钢,000708
301138.SZ,33,机械设备-专用设备-印刷包装机械,301138
603098.SH,17,建筑装饰-建筑装饰-专业工程,603098
300254.SZ,33,医药生物-化学制药-化学制剂,300254
002933.SZ,33,国防军工-军工装备-航空装备,002933
603633.SH,17,汽车-汽车零部件-汽车电子电气系统,603633
002693.SZ,33,医药生物-生物制品-其他生物制品,002693
000401.SZ,33,建筑材料-建筑材料-水泥,000401
300197.SZ,33,环保-环境治理-综合环境治理,300197
000509.SZ,33,电子-光学光电子-面板,000509
300334.SZ,33,基础化工-塑料制品-膜材料,300334
002574.SZ,33,纺织服饰-服装家纺-饰品,002574
920160.BJ,151,社会服务-其他社会服务-专业服务,920160
300003.SZ,33,医药生物-医疗器械-医疗耗材,300003
301190.SZ,33,基础化工-化学原料-其他化学原料,301190
002152.SZ,33,计算机-计算机设备-其他计算机设备,002152
688789.SH,17,机械设备-专用设备-纺织服装设备,688789
600958.SH,17,非银金融-证券-证券Ⅲ,600958
001386.SZ,33,轻工制造-家居用品-瓷砖地板,001386
001222.SZ,33,轻工制造-家居用品-文娱用品,001222
002389.SZ,33,国防军工-军工装备-航空装备,002389
600916.SH,17,纺织服饰-服装家纺-饰品,600916
002045.SZ,33,电子-消费电子-品牌消费电子,002045
002170.SZ,33,基础化工-农化制品-复合肥,002170
600088.SH,17,传媒-影视院线-影视院线Ⅲ,600088
301508.SZ,33,社会服务-其他社会服务-专业服务,301508
688133.SH,17,基础化工-化学制品-其他化学制品,688133
001379.SZ,33,机械设备-通用设备-金属制品,001379
300784.SZ,33,电子-消费电子-消费电子零部件及组装,300784
600326.SH,17,建筑材料-建筑材料-水泥,600326
688238.SH,17,医药生物-医疗服务-医疗研发外包,688238
300865.SZ,33,机械设备-专用设备-能源及重型设备,300865
300894.SZ,33,家用电器-厨卫电器-厨卫电器Ⅲ,300894
002453.SZ,33,基础化工-化学制品-其他化学制品,002453
920826.BJ,151,食品饮料-食品加工制造-预加工食品,920826
301397.SZ,33,汽车-汽车零部件-底盘与发动机系统,301397
601595.SH,17,传媒-影视院线-影视院线Ⅲ,601595
301632.SZ,33,社会服务-其他社会服务-专业服务,301632
920608.BJ,151,机械设备-专用设备-农用机械,920608
601211.SH,17,非银金融-证券-证券Ⅲ,601211
603956.SH,17,机械设备-专用设备-其他专用设备,603956
603601.SH,17,建筑材料-建筑材料-玻璃玻纤,603601
603176.SH,17,建筑装饰-建筑装饰-基础建设,603176
605020.SH,17,基础化工-化学制品-氟化工,605020
300736.SZ,33,电子-其他电子-其他电子Ⅲ,300736
603180.SH,17,轻工制造-家居用品-定制家居,603180
688719.SH,17,电力设备-其他电源设备-其他电源设备Ⅲ,688719
920262.BJ,151,纺织服饰-服装家纺-家纺,920262
300513.SZ,33,通信-通信服务-通信工程及服务,300513
603988.SH,17,电力设备-电机-电机Ⅲ,603988
300596.SZ,33,基础化工-化学制品-其他化学制品,300596
002355.SZ,33,汽车-汽车零部件-轮胎轮毂,002355
600702.SH,17,食品饮料-白酒-白酒Ⅲ,600702
002616.SZ,33,公用事业-电力-新能源发电,002616
002183.SZ,33,商贸零售-贸易-贸易Ⅲ,002183
600826.SH,17,社会服务-其他社会服务-专业服务,600826
000721.SZ,33,社会服务-旅游及酒店-餐饮,000721
301581.SZ,33,汽车-汽车零部件-汽车电子电气系统,301581
301565.SZ,33,基础化工-塑料制品-膜材料,301565
002707.SZ,33,社会服务-旅游及酒店-旅游综合,002707
603151.SH,17,农林牧渔-农产品加工-畜禽饲料,603151
002855.SZ,33,电子-消费电子-消费电子零部件及组装,002855
603408.SH,17,轻工制造-家居用品-其他家居用品,603408
920679.BJ,151,机械设备-通用设备-金属制品,920679
002379.SZ,33,有色金属-工业金属-铝,002379
300247.SZ,33,家用电器-小家电-小家电Ⅲ,300247
600906.SH,17,非银金融-证券-证券Ⅲ,600906
001278.SZ,33,汽车-汽车零部件-车身附件及饰件,001278
603085.SH,17,汽车-汽车零部件-车身附件及饰件,603085
301191.SZ,33,通信-通信设备-通信终端及配件,301191
001366.SZ,33,农林牧渔-农产品加工-畜禽饲料,001366
301019.SZ,33,基础化工-塑料制品-其他塑料制品,301019
000800.SZ,33,汽车-汽车整车-商用载货车,000800
600418.SH,17,汽车-汽车整车-商用载货车,600418
600109.SH,17,非银金融-证券-证券Ⅲ,600109
000686.SZ,33,非银金融-证券-证券Ⅲ,000686
605186.SH,17,机械设备-自动化设备-其他自动化设备,605186
600742.SH,17,汽车-汽车零部件-车身附件及饰件,600742
301376.SZ,33,轻工制造-家居用品-成品家居,301376
002210.SZ,33,环保-环境治理-固废治理,002210
002905.SZ,33,传媒-影视院线-影视院线Ⅲ,002905
002376.SZ,33,计算机-计算机设备-其他计算机设备,002376
605155.SH,17,轻工制造-家居用品-其他家居用品,605155
002868.SZ,33,农林牧渔-养殖业-动物保健,002868
920110.BJ,151,电力设备-其他电源设备-其他电源设备Ⅲ,920110
688069.SH,17,环保-环境治理-水务及水治理,688069
300384.SZ,33,建筑装饰-建筑装饰-专业工程,300384
600133.SH,17,环保-环境治理-综合环境治理,600133
000926.SZ,33,房地产-房地产-住宅开发,000926
920030.BJ,151,汽车-汽车服务及其他-汽车服务,920030
920675.BJ,151,基础化工-非金属材料-非金属材料Ⅲ,920675
920068.BJ,151,有色金属-小金属-其他小金属,920068
688215.SH,17,机械设备-自动化设备-其他自动化设备,688215
300237.SZ,33,汽车-汽车零部件-其他汽车零部件,300237
000709.SZ,33,钢铁-钢铁-普钢,000709
603797.SH,17,环保-环境治理-水务及水治理,603797
002908.SZ,33,计算机-IT服务-IT服务Ⅲ,002908
920204.BJ,151,轻工制造-包装印刷-包装,920204
301238.SZ,33,电力设备-电池-电池化学品,301238
600162.SH,17,房地产-房地产-住宅开发,600162
920950.BJ,151,机械设备-通用设备-其他通用设备,920950
301491.SZ,33,电子-消费电子-消费电子零部件及组装,301491
601121.SH,17,钢铁-钢铁-冶钢原料,601121
600159.SH,17,房地产-房地产-住宅开发,600159
000736.SZ,33,房地产-房地产-住宅开发,000736
300143.SZ,33,医药生物-医疗服务-医院,300143
600596.SH,17,基础化工-农化制品-农药,600596
603376.SH,17,汽车-汽车零部件-汽车电子电气系统,603376
920809.BJ,151,电力设备-电池-电池化学品,920809
301059.SZ,33,美容护理-美容护理-个护用品,301059
001328.SZ,33,美容护理-美容护理-个护用品,001328
000825.SZ,33,钢铁-钢铁-特钢,000825
300080.SZ,33,电力设备-光伏设备-光伏辅材,300080
301586.SZ,33,国防军工-军工装备-航空装备,301586
002642.SZ,33,计算机-IT服务-IT服务Ⅲ,002642
300807.SZ,33,计算机-计算机设备-其他计算机设备,300807
000750.SZ,33,非银金融-证券-证券Ⅲ,000750
688466.SH,17,环保-环境治理-水务及水治理,688466
600239.SH,17,商贸零售-零售-商业物业经营,600239
300171.SZ,33,医药生物-医疗器械-医疗设备,300171
688722.SH,17,基础化工-化学纤维-其他纤维,688722
603276.SH,17,基础化工-化学原料-其他化学原料,603276
601518.SH,17,交通运输-公路铁路运输-高速公路,601518
300729.SZ,33,轻工制造-家居用品-其他家居用品,300729
300020.SZ,33,计算机-IT服务-IT服务Ⅲ,300020
920599.BJ,151,机械设备-工程机械-工程机械Ⅲ,920599
920871.BJ,151,基础化工-塑料制品-其他塑料制品,920871
002542.SZ,33,建筑装饰-建筑装饰-专业工程,002542
600653.SH,17,汽车-汽车服务及其他-汽车服务,600653
603982.SH,17,汽车-汽车零部件-底盘与发动机系统,603982
688707.SH,17,电力设备-电池-电池化学品,688707
605003.SH,17,纺织服饰-服装家纺-家纺,605003
920895.BJ,151,机械设备-专用设备-农用机械,920895
002236.SZ,33,计算机-计算机设备-安防设备,002236
601156.SH,17,交通运输-物流-物流Ⅲ,601156
301153.SZ,33,计算机-软件开发-垂直应用软件,301153
688348.SH,17,电力设备-光伏设备-逆变器,688348
603299.SH,17,基础化工-化学原料-无机盐,603299
300005.SZ,33,纺织服饰-服装家纺-服装,300005
603022.SH,17,轻工制造-包装印刷-包装,603022
000035.SZ,33,环保-环境治理-固废治理,000035
920810.BJ,151,机械设备-专用设备-印刷包装机械,920810
002198.SZ,33,医药生物-中药-中药Ⅲ,002198
603392.SH,17,医药生物-医疗器械-体外诊断,603392
003019.SZ,33,电子-光学光电子-面板,003019
002989.SZ,33,建筑装饰-建筑装饰-装饰园林,002989
001324.SZ,33,机械设备-轨交设备-轨交设备Ⅲ,001324
002110.SZ,33,钢铁-钢铁-普钢,002110
002416.SZ,33,商贸零售-零售-专业连锁,002416
300907.SZ,33,电力设备-电机-电机Ⅲ,300907
603062.SH,17,基础化工-化学制品-涂料油墨,603062
300901.SZ,33,纺织服饰-服装家纺-鞋帽及其他,300901
920957.BJ,151,基础化工-化学制品-其他化学制品,920957
920112.BJ,151,机械设备-专用设备-其他专用设备,920112
600383.SH,17,房地产-房地产-住宅开发,600383
000922.SZ,33,电力设备-电机-电机Ⅲ,000922
601177.SH,17,机械设备-通用设备-金属制品,601177
301316.SZ,33,计算机-IT服务-IT服务Ⅲ,301316
002160.SZ,33,有色金属-工业金属-铝,002160
001234.SZ,33,纺织服饰-服装家纺-服装,001234
920392.BJ,151,轻工制造-包装印刷-包装,920392
600706.SH,17,社会服务-旅游及酒店-人工景点,600706
688067.SH,17,医药生物-医疗器械-体外诊断,688067
000886.SZ,33,交通运输-公路铁路运输-高速公路,000886
600449.SH,17,建筑材料-建筑材料-水泥,600449
300872.SZ,33,计算机-IT服务-IT服务Ⅲ,300872
300546.SZ,33,计算机-计算机设备-其他计算机设备,300546
300896.SZ,33,美容护理-美容护理-医疗美容,300896
301538.SZ,33,基础化工-塑料制品-改性塑料,301538
920504.BJ,151,医药生物-医疗器械-医疗设备,920504
002206.SZ,33,基础化工-化学纤维-涤纶,002206
000768.SZ,33,国防军工-军工装备-航空装备,000768
003038.SZ,33,有色金属-工业金属-铝,003038
600963.SH,17,轻工制造-造纸-造纸Ⅲ,600963
002877.SZ,33,机械设备-通用设备-金属制品,002877
300109.SZ,33,基础化工-化学制品-其他化学制品,300109
600635.SH,17,公用事业-燃气-燃气Ⅲ,600635
002981.SZ,33,电子-消费电子-消费电子零部件及组装,002981
301358.SZ,33,电力设备-电池-电池化学品,301358
920050.BJ,151,医药生物-医疗器械-医疗耗材,920050
300827.SZ,33,电力设备-光伏设备-逆变器,300827
688613.SH,17,医药生物-医疗器械-医疗耗材,688613
600345.SH,17,通信-通信设备-其他通信设备,600345
002406.SZ,33,汽车-汽车零部件-底盘与发动机系统,002406
603069.SH,17,交通运输-公路铁路运输-公交,603069
603025.SH,17,机械设备-自动化设备-工控设备,603025
688529.SH,17,机械设备-专用设备-其他专用设备,688529
002277.SZ,33,商贸零售-零售-百货零售,002277
300888.SZ,33,美容护理-美容护理-个护用品,300888
300311.SZ,33,计算机-软件开发-横向通用软件,300311
605319.SH,17,汽车-汽车零部件-其他汽车零部件,605319
300050.SZ,33,通信-通信服务-通信工程及服务,300050
000014.SZ,33,房地产-房地产-住宅开发,000014
603103.SH,17,传媒-影视院线-影视院线Ⅲ,603103
300416.SZ,33,社会服务-其他社会服务-专业服务,300416
301032.SZ,33,机械设备-通用设备-其他通用设备,301032
603579.SH,17,家用电器-小家电-小家电Ⅲ,603579
603111.SH,17,机械设备-轨交设备-轨交设备Ⅲ,603111
600718.SH,17,计算机-IT服务-IT服务Ⅲ,600718
002357.SZ,33,交通运输-公路铁路运输-公交,002357
603535.SH,17,交通运输-物流-物流Ⅲ,603535
603049.SH,17,汽车-汽车零部件-轮胎轮毂,603049
301217.SZ,33,电力设备-电池-锂电池,301217
301300.SZ,33,基础化工-橡胶制品-炭黑,301300
000700.SZ,33,汽车-汽车零部件-车身附件及饰件,000700
600226.SH,17,公用事业-电力-热力,600226
300425.SZ,33,环保-环境治理-水务及水治理,300425
600528.SH,17,机械设备-轨交设备-轨交设备Ⅲ,600528
603903.SH,17,环保-环境治理-水务及水治理,603903
688195.SH,17,电子-光学光电子-光学元件,688195
603277.SH,17,机械设备-通用设备-制冷空调设备,603277
600558.SH,17,机械设备-通用设备-金属制品,600558
688121.SH,17,机械设备-专用设备-能源及重型设备,688121
920856.BJ,151,机械设备-专用设备-其他专用设备,920856
600693.SH,17,商贸零售-零售-百货零售,600693
600318.SH,17,非银金融-多元金融-多元金融Ⅲ,600318
603528.SH,17,计算机-软件开发-垂直应用软件,603528
001317.SZ,33,交通运输-物流-物流Ⅲ,001317
300189.SZ,33,农林牧渔-种植业与林业-种子生产,300189
002033.SZ,33,社会服务-旅游及酒店-自然景点,002033
002301.SZ,33,轻工制造-家居用品-文娱用品,002301
301088.SZ,33,纺织服饰-服装家纺-服装,301088
002078.SZ,33,轻工制造-造纸-造纸Ⅲ,002078
600215.SH,17,机械设备-自动化设备-机器人,600215
600289.SH,22,通信-通信服务-通信工程及服务,600289
300317.SZ,33,公用事业-电力-新能源发电,300317
002232.SZ,33,计算机-IT服务-IT服务Ⅲ,002232
601878.SH,17,非银金融-证券-证券Ⅲ,601878
600166.SH,17,汽车-汽车整车-商用载货车,600166
300235.SZ,33,计算机-软件开发-垂直应用软件,300235
300817.SZ,33,机械设备-通用设备-金属制品,300817
601038.SH,17,机械设备-专用设备-农用机械,601038
605196.SH,17,电力设备-电网设备-线缆部件及其他,605196
300681.SZ,33,汽车-汽车零部件-汽车电子电气系统,300681
002816.SZ,33,机械设备-专用设备-其他专用设备,002816
002579.SZ,33,电子-元件-印制电路板,002579
600708.SH,17,房地产-房地产-住宅开发,600708
600571.SH,17,计算机-软件开发-垂直应用软件,600571
002442.SZ,33,基础化工-橡胶制品-炭黑,002442
603009.SH,17,汽车-汽车零部件-底盘与发动机系统,603009
920925.BJ,151,医药生物-医疗器械-医疗设备,920925
002145.SZ,33,基础化工-化学原料-钛白粉,002145
000799.SZ,33,食品饮料-白酒-白酒Ⅲ,000799
002090.SZ,33,电力设备-电网设备-电气自控设备,002090
000829.SZ,33,商贸零售-零售-专业连锁,000829
002613.SZ,33,建筑材料-建筑材料-玻璃玻纤,002613
600828.SH,17,商贸零售-零售-百货零售,600828
603190.SH,17,汽车-汽车零部件-其他汽车零部件,603190
002771.SZ,33,计算机-IT服务-IT服务Ⅲ,002771
301020.SZ,33,汽车-汽车零部件-底盘与发动机系统,301020
002582.SZ,33,食品饮料-食品加工制造-休闲食品,002582
600551.SH,17,传媒-文化传媒-出版,600551
002114.SZ,33,有色金属-工业金属-铅锌,002114
300307.SZ,33,机械设备-专用设备-纺织服装设备,300307
002594.SZ,33,汽车-汽车整车-乘用车,002594
605389.SH,17,机械设备-工程机械-工程机械Ⅲ,605389
603093.SH,17,非银金融-多元金融-多元金融Ⅲ,603093
000589.SZ,33,汽车-汽车零部件-轮胎轮毂,000589
002044.SZ,33,医药生物-医疗服务-医院,002044
300096.SZ,33,计算机-软件开发-垂直应用软件,300096
000545.SZ,33,基础化工-化学原料-钛白粉,000545
600212.SH,17,电力设备-其他电源设备-其他电源设备Ⅲ,600212
601375.SH,17,非银金融-证券-证券Ⅲ,601375
603081.SH,17,机械设备-专用设备-其他专用设备,603081
301087.SZ,33,医药生物-医疗器械-医疗设备,301087
300221.SZ,33,基础化工-塑料制品-改性塑料,300221
300015.SZ,33,医药生物-医疗服务-医院,300015
003023.SZ,33,家用电器-小家电-小家电Ⅲ,003023
301061.SZ,33,轻工制造-家居用品-成品家居,301061
600977.SH,17,传媒-影视院线-影视院线Ⅲ,600977
002079.SZ,33,电力设备-光伏设备-光伏辅材,002079
000888.SZ,33,社会服务-旅游及酒店-自然景点,000888
603366.SH,17,家用电器-厨卫电器-厨卫电器Ⅲ,603366
300228.SZ,33,机械设备-通用设备-金属制品,300228
000778.SZ,33,钢铁-钢铁-普钢,000778
600655.SH,17,商贸零售-零售-商业物业经营,600655
002926.SZ,33,非银金融-证券-证券Ⅲ,002926
300553.SZ,33,机械设备-通用设备-仪器仪表,300553
301038.SZ,33,建筑装饰-建筑装饰-工程咨询服务,301038
002741.SZ,33,电子-电子化学品-电子化学品Ⅲ,002741
300207.SZ,33,电力设备-电池-锂电池,300207
002489.SZ,33,轻工制造-家居用品-成品家居,002489
300928.SZ,33,汽车-汽车零部件-汽车电子电气系统,300928
301092.SZ,33,基础化工-塑料制品-合成树脂,301092
002850.SZ,33,电力设备-电池-锂电池,002850
000570.SZ,33,机械设备-通用设备-其他通用设备,000570
300640.SZ,33,轻工制造-家居用品-其他家居用品,300640
601058.SH,17,汽车-汽车零部件-轮胎轮毂,601058
688057.SH,17,环保-环境治理-水务及水治理,688057
603033.SH,17,基础化工-橡胶制品-其他橡胶制品,603033
301533.SZ,33,机械设备-专用设备-农用机械,301533
600478.SH,17,电力设备-电池-锂电池,600478
300214.SZ,33,基础化工-化学制品-其他化学制品,300214
002278.SZ,33,机械设备-专用设备-能源及重型设备,002278
300760.SZ,33,医药生物-医疗器械-医疗设备,300760
300800.SZ,33,环保-环保设备-环保设备Ⅲ,300800
300756.SZ,33,机械设备-专用设备-其他专用设备,300756
002624.SZ,33,传媒-游戏-游戏Ⅲ,002624
002028.SZ,33,电力设备-电网设备-输变电设备,002028
600266.SH,17,房地产-房地产-住宅开发,600266
600366.SH,17,有色金属-金属新材料-磁性材料,600366
605377.SH,17,轻工制造-造纸-造纸Ⅲ,605377
300386.SZ,33,计算机-计算机设备-其他计算机设备,300386
601890.SH,17,国防军工-军工装备-航海装备,601890
605098.SH,17,社会服务-教育-教育Ⅲ,605098
600030.SH,17,非银金融-证券-证券Ⅲ,600030
688570.SH,17,机械设备-自动化设备-工控设备,688570
301082.SZ,33,电力设备-电网设备-线缆部件及其他,301082
688557.SH,17,机械设备-通用设备-其他通用设备,688557
002218.SZ,33,公用事业-电力-新能源发电,002218
600008.SH,17,环保-环境治理-综合环境治理,600008
002669.SZ,33,基础化工-化学制品-其他化学制品,002669
605099.SH,17,轻工制造-家居用品-其他家居用品,605099
001229.SZ,33,计算机-计算机设备-其他计算机设备,001229
603369.SH,17,食品饮料-白酒-白酒Ⅲ,603369
300631.SZ,33,环保-环保设备-环保设备Ⅲ,300631
603759.SH,17,环保-环境治理-水务及水治理,603759
000532.SZ,33,非银金融-多元金融-多元金融Ⅲ,000532
000670.SZ,33,电子-其他电子-其他电子Ⅲ,000670
300848.SZ,33,基础化工-化学制品-聚氨酯,300848
605567.SH,17,食品饮料-食品加工制造-肉制品,605567
600703.SH,17,电子-光学光电子-LED,600703
002378.SZ,33,有色金属-小金属-钨,002378
601279.SH,17,汽车-汽车零部件-其他汽车零部件,601279
003012.SZ,33,轻工制造-家居用品-瓷砖地板,003012
688185.SH,17,医药生物-生物制品-疫苗,688185
002792.SZ,33,通信-通信设备-通信网络设备及器件,002792
300341.SZ,33,医药生物-医疗器械-医疗设备,300341
300904.SZ,33,电力设备-风电设备-风电零部件,300904
600523.SH,17,汽车-汽车零部件-其他汽车零部件,600523
688359.SH,17,电子-电子化学品-电子化学品Ⅲ,688359
605555.SH,17,家用电器-小家电-小家电Ⅲ,605555
603358.SH,17,汽车-汽车零部件-其他汽车零部件,603358
000683.SZ,33,基础化工-化学原料-纯碱,000683
002091.SZ,33,商贸零售-贸易-贸易Ⅲ,002091
001382.SZ,33,电力设备-电网设备-线缆部件及其他,001382
601096.SH,17,电力设备-电网设备-线缆部件及其他,601096
000530.SZ,33,机械设备-通用设备-制冷空调设备,000530
000410.SZ,33,机械设备-通用设备-机床工具,000410
920020.BJ,151,汽车-汽车零部件-轮胎轮毂,920020
603823.SH,17,基础化工-化学制品-涂料油墨,603823
301680.SZ,33,汽车-汽车零部件-其他汽车零部件,301680
920682.BJ,151,电力设备-电网设备-线缆部件及其他,920682
688549.SH,17,电子-电子化学品-电子化学品Ⅲ,688549
300957.SZ,33,美容护理-美容护理-化妆品,300957
603788.SH,17,汽车-汽车零部件-底盘与发动机系统,603788
002015.SZ,33,公用事业-电力-新能源发电,002015
002977.SZ,33,国防军工-军工电子-军工电子Ⅲ,002977
000069.SZ,33,社会服务-旅游及酒店-旅游综合,000069
002017.SZ,33,通信-通信设备-通信终端及配件,002017
300961.SZ,33,环保-环境治理-水务及水治理,300961
603616.SH,17,建筑材料-建筑材料-水泥,603616
601208.SH,17,基础化工-塑料制品-膜材料,601208
603937.SH,17,有色金属-工业金属-铝,603937
603023.SH,17,汽车-汽车零部件-汽车电子电气系统,603023
002652.SZ,33,建筑材料-建筑材料-其他建材,002652
920061.BJ,151,机械设备-专用设备-其他专用设备,920061
920022.BJ,151,汽车-汽车零部件-底盘与发动机系统,920022
300882.SZ,33,电力设备-电网设备-电气自控设备,300882
603500.SH,17,机械设备-轨交设备-轨交设备Ⅲ,603500
300340.SZ,33,电力设备-电池-锂电专用设备,300340
301003.SZ,33,基础化工-塑料制品-改性塑料,301003
600838.SH,17,商贸零售-零售-百货零售,600838
300266.SZ,33,环保-环境治理-综合环境治理,300266
002034.SZ,33,环保-环境治理-固废治理,002034
600307.SH,17,钢铁-钢铁-普钢,600307
603817.SH,17,环保-环境治理-水务及水治理,603817
601218.SH,17,电力设备-风电设备-风电零部件,601218
002193.SZ,33,纺织服饰-服装家纺-服装,002193
601669.SH,17,建筑装饰-建筑装饰-基础建设,601669
600172.SH,17,机械设备-通用设备-磨具磨料,600172
301575.SZ,33,轻工制造-家居用品-其他家居用品,301575
600527.SH,17,基础化工-化学纤维-其他纤维,600527
603007.SH,22,汽车-汽车零部件-底盘与发动机系统,603007
000795.SZ,33,有色金属-金属新材料-磁性材料,000795
920007.BJ,151,电力设备-光伏设备-光伏辅材,920007
688765.SH,17,医药生物-生物制品-血液制品,688765
003039.SZ,33,环保-环境治理-水务及水治理,003039
920471.BJ,151,基础化工-化学制品-其他化学制品,920471
001296.SZ,33,基础化工-非金属材料-非金属材料Ⅲ,001296
002506.SZ,33,电力设备-光伏设备-光伏电池组件,002506
601066.SH,17,非银金融-证券-证券Ⅲ,601066
688202.SH,17,医药生物-医疗服务-医疗研发外包,688202
600757.SH,17,传媒-文化传媒-出版,600757
000685.SZ,33,环保-环境治理-水务及水治理,000685
300013.SZ,33,交通运输-物流-物流Ⅲ,300013
300160.SZ,33,家用电器-白色家电-家电零部件,300160
002526.SZ,33,机械设备-专用设备-能源及重型设备,002526
000728.SZ,33,非银金融-证券-证券Ⅲ,000728
603002.SH,17,电子-电子化学品-电子化学品Ⅲ,603002
300511.SZ,33,农林牧渔-种植业与林业-其他种植业,300511
300876.SZ,33,基础化工-化学纤维-其他纤维,300876
603767.SH,17,汽车-汽车零部件-底盘与发动机系统,603767
603132.SH,17,有色金属-工业金属-铅锌,603132
300589.SZ,33,国防军工-军工装备-航海装备,300589
002813.SZ,33,汽车-汽车零部件-汽车电子电气系统,002813
603332.SH,17,基础化工-化学纤维-涤纶,603332
002059.SZ,33,社会服务-旅游及酒店-人工景点,002059
600284.SH,17,建筑装饰-建筑装饰-基础建设,600284
002945.SZ,33,非银金融-证券-证券Ⅲ,002945
603194.SH,17,机械设备-工程机械-工程机械Ⅲ,603194
000599.SZ,33,汽车-汽车零部件-轮胎轮毂,000599
603829.SH,17,电力设备-电网设备-输变电设备,603829
600203.SH,17,电子-消费电子-消费电子零部件及组装,600203
688578.SH,17,医药生物-化学制药-化学制剂,688578
300910.SZ,33,基础化工-化学制品-其他化学制品,300910
920121.BJ,151,轻工制造-包装印刷-包装,920121
688176.SH,17,医药生物-化学制药-化学制剂,688176
601868.SH,17,建筑装饰-建筑装饰-基础建设,601868
002486.SZ,33,纺织服饰-服装家纺-服装,002486
600505.SH,17,公用事业-电力-电能综合服务,600505
601399.SH,17,机械设备-专用设备-能源及重型设备,601399
600729.SH,17,商贸零售-零售-百货零售,600729
300747.SZ,33,机械设备-自动化设备-激光设备,300747
920455.BJ,151,机械设备-通用设备-其他通用设备,920455
301393.SZ,33,医药生物-生物制品-其他生物制品,301393
301448.SZ,33,机械设备-通用设备-其他通用设备,301448
300733.SZ,33,汽车-汽车零部件-底盘与发动机系统,300733
002244.SZ,33,房地产-房地产-住宅开发,002244
300217.SZ,33,电力设备-光伏设备-光伏加工设备,300217
600796.SH,17,环保-环境治理-综合环境治理,600796
300441.SZ,33,机械设备-通用设备-其他通用设备,300441
300715.SZ,33,建筑材料-建筑材料-其他建材,300715
300510.SZ,33,电力设备-电网设备-电气自控设备,300510
603657.SH,17,家用电器-白色家电-家电零部件,603657
603828.SH,22,建筑装饰-建筑装饰-装饰园林,603828
603505.SH,17,基础化工-化学制品-氟化工,603505
920118.BJ,151,电力设备-电网设备-线缆部件及其他,920118
688161.SH,17,医药生物-医疗器械-医疗耗材,688161
601026.SH,17,基础化工-塑料制品-合成树脂,601026
688671.SH,17,环保-环保设备-环保设备Ⅲ,688671
002806.SZ,33,汽车-汽车零部件-底盘与发动机系统,002806
300121.SZ,33,基础化工-橡胶制品-其他橡胶制品,300121
600661.SH,17,社会服务-教育-教育Ⅲ,600661
002011.SZ,33,家用电器-白色家电-家电零部件,002011
603709.SH,17,轻工制造-家居用品-成品家居,603709
600868.SH,17,公用事业-电力-水电,600868
688663.SH,17,电力设备-电网设备-电气自控设备,688663
688621.SH,17,医药生物-医疗服务-医疗研发外包,688621
605333.SH,17,汽车-汽车零部件-汽车电子电气系统,605333
000544.SZ,33,环保-环境治理-水务及水治理,000544
300782.SZ,33,电子-半导体-模拟芯片设计,300782
688211.SH,17,机械设备-通用设备-其他通用设备,688211
603106.SH,17,计算机-计算机设备-其他计算机设备,603106
300512.SZ,33,机械设备-专用设备-印刷包装机械,300512
920802.BJ,151,环保-环保设备-环保设备Ⅲ,920802
920018.BJ,151,电力设备-电网设备-线缆部件及其他,920018
601696.SH,17,非银金融-证券-证券Ⅲ,601696
003004.SZ,33,计算机-计算机设备-安防设备,003004
000017.SZ,33,纺织服饰-服装家纺-饰品,000017
603048.SH,17,汽车-汽车零部件-车身附件及饰件,603048
600763.SH,17,医药生物-医疗服务-医院,600763
600067.SH,17,电力设备-电网设备-线缆部件及其他,600067
300858.SZ,33,基础化工-化学制品-食品及饲料添加剂,300858
000712.SZ,33,非银金融-证券-证券Ⅲ,000712
002088.SZ,33,建筑材料-建筑材料-耐火材料,002088
603983.SH,17,美容护理-美容护理-化妆品,603983
600491.SH,17,建筑装饰-建筑装饰-房屋建设,600491
002495.SZ,33,食品饮料-食品加工制造-调味发酵品,002495
920879.BJ,151,机械设备-通用设备-仪器仪表,920879
600683.SH,17,房地产-房地产-住宅开发,600683
688576.SH,17,医药生物-医疗器械-医疗耗材,688576
600061.SH,17,非银金融-证券-证券Ⅲ,600061
301335.SZ,33,轻工制造-家居用品-文娱用品,301335
003032.SZ,33,社会服务-教育-教育Ⅲ,003032
600846.SH,17,建筑装饰-建筑装饰-工程咨询服务,600846
688302.SH,17,医药生物-化学制药-化学制剂,688302
002125.SZ,33,电力设备-电池-电池化学品,002125
688210.SH,17,电子-消费电子-消费电子零部件及组装,688210
600992.SH,17,机械设备-通用设备-金属制品,600992
000558.SZ,33,社会服务-旅游及酒店-自然景点,000558
000632.SZ,33,综合-综合-综合Ⅲ,000632
920505.BJ,151,机械设备-通用设备-金属制品,920505
301609.SZ,33,电力设备-电网设备-电气自控设备,301609
300482.SZ,33,医药生物-医疗器械-体外诊断,300482
002909.SZ,33,基础化工-化学制品-有机硅,002909
300633.SZ,33,医药生物-医疗器械-医疗设备,300633
300530.SZ,33,电力设备-电池-锂电池,300530
605158.SH,17,有色金属-金属新材料-其他金属新材料,605158
600996.SH,17,传媒-文化传媒-电视广播,600996
603181.SH,17,基础化工-化学制品-其他化学制品,603181
002875.SZ,33,纺织服饰-服装家纺-服装,002875
002177.SZ,33,商贸零售-零售-商业物业经营,002177
603284.SH,17,轻工制造-造纸-造纸Ⅲ,603284
002601.SZ,33,基础化工-化学原料-钛白粉,002601
002039.SZ,33,公用事业-电力-水电,002039
600352.SH,17,基础化工-化学制品-纺织化学用品,600352
002778.SZ,33,环保-环境治理-水务及水治理,002778
603917.SH,17,汽车-汽车零部件-其他汽车零部件,603917
600980.SH,17,机械设备-专用设备-能源及重型设备,600980
301170.SZ,33,汽车-汽车零部件-底盘与发动机系统,301170
300161.SZ,33,机械设备-通用设备-机床工具,300161
002500.SZ,33,非银金融-证券-证券Ⅲ,002500
600055.SH,17,医药生物-医疗器械-医疗设备,600055
688339.SH,17,电力设备-电池-其他电池,688339
002985.SZ,33,国防军工-军工装备-航空装备,002985
301633.SZ,33,机械设备-自动化设备-工控设备,301633
603661.SH,17,轻工制造-家居用品-成品家居,603661
300994.SZ,33,汽车-汽车服务及其他-其他运输设备,300994
000921.SZ,33,家用电器-白色家电-空调,000921
002577.SZ,33,计算机-计算机设备-其他计算机设备,002577
605050.SH,17,交通运输-物流-物流Ⅲ,605050
300824.SZ,33,家用电器-小家电-小家电Ⅲ,300824
688084.SH,17,国防军工-军工电子-军工电子Ⅲ,688084
000885.SZ,33,环保-环境治理-固废治理,000885
300335.SZ,33,公用事业-电力-热力,300335
688538.SH,17,电子-光学光电子-面板,688538
000623.SZ,33,医药生物-中药-中药Ⅲ,000623
000877.SZ,33,建筑材料-建筑材料-水泥,000877
000026.SZ,33,纺织服饰-服装家纺-饰品,000026
603226.SH,17,轻工制造-家居用品-瓷砖地板,603226
605069.SH,17,环保-环境治理-综合环境治理,605069
002286.SZ,33,农林牧渔-农产品加工-其他农产品加工,002286
002363.SZ,33,汽车-汽车零部件-底盘与发动机系统,002363
601901.SH,17,非银金融-证券-证券Ⅲ,601901
000541.SZ,33,电子-光学光电子-LED,000541
600793.SH,17,轻工制造-造纸-造纸Ⅲ,600793
920717.BJ,151,机械设备-专用设备-其他专用设备,920717
300285.SZ,33,电子-电子化学品-电子化学品Ⅲ,300285
000725.SZ,33,电子-光学光电子-面板,000725
301311.SZ,33,机械设备-通用设备-其他通用设备,301311
301187.SZ,33,家用电器-小家电-小家电Ⅲ,301187
300467.SZ,33,传媒-游戏-游戏Ⅲ,300467
300529.SZ,33,医药生物-医疗器械-医疗耗材,300529
001979.SZ,33,房地产-房地产-商业地产,001979
600278.SH,17,商贸零售-贸易-贸易Ⅲ,600278
002284.SZ,33,汽车-汽车零部件-底盘与发动机系统,002284
688011.SH,17,国防军工-军工电子-军工电子Ⅲ,688011
603035.SH,17,汽车-汽车零部件-车身附件及饰件,603035
603755.SH,17,食品饮料-食品加工制造-调味发酵品,603755
600744.SH,17,公用事业-电力-火电,600744
600433.SH,17,轻工制造-造纸-造纸Ⅲ,600433
600054.SH,17,社会服务-旅游及酒店-自然景点,600054
920926.BJ,151,家用电器-小家电-小家电Ⅲ,920926
603105.SH,17,公用事业-电力-新能源发电,603105
301276.SZ,33,纺织服饰-服装家纺-服装,301276
920566.BJ,151,医药生物-化学制药-化学制剂,920566
300338.SZ,33,社会服务-教育-教育Ⅲ,300338
603848.SH,17,轻工制造-家居用品-成品家居,603848
300791.SZ,33,食品饮料-食品加工制造-其他食品,300791
300152.SZ,33,环保-环境治理-综合环境治理,300152
605180.SH,17,纺织服饰-纺织制造-其他纺织,605180
601865.SH,17,电力设备-光伏设备-光伏辅材,601865
605088.SH,17,汽车-汽车零部件-底盘与发动机系统,605088
000498.SZ,33,建筑装饰-建筑装饰-基础建设,000498
002645.SZ,33,环保-环境治理-综合环境治理,002645
603124.SH,17,有色金属-金属新材料-其他金属新材料,603124
600715.SH,17,传媒-影视院线-影视院线Ⅲ,600715
300105.SZ,33,环保-环保设备-环保设备Ⅲ,300105
600918.SH,17,非银金融-证券-证券Ⅲ,600918
002570.SZ,33,食品饮料-饮料制造-乳品,002570
002919.SZ,33,传媒-游戏-游戏Ⅲ,002919
688073.SH,17,医药生物-医疗服务-医疗研发外包,688073
600241.SH,17,电力设备-电池-锂电池,600241
600234.SH,17,建筑装饰-建筑装饰-装饰园林,600234
600358.SH,22,传媒-文化传媒-广告营销,600358
600854.SH,17,房地产-房地产-住宅开发,600854
300565.SZ,33,通信-通信设备-通信网络设备及器件,300565
300862.SZ,33,环保-环保设备-环保设备Ⅲ,300862
603021.SH,22,轻工制造-家居用品-其他家居用品,603021
300411.SZ,33,机械设备-专用设备-其他专用设备,300411
600605.SH,17,商贸零售-零售-商业物业经营,600605
688184.SH,22,电力设备-电池-电池化学品,688184
002081.SZ,33,建筑装饰-建筑装饰-装饰园林,002081
920857.BJ,151,电子-消费电子-消费电子零部件及组装,920857
002691.SZ,33,机械设备-专用设备-能源及重型设备,002691
000898.SZ,33,钢铁-钢铁-普钢,000898
920489.BJ,151,基础化工-化学原料-其他化学原料,920489
002190.SZ,33,汽车-汽车零部件-其他汽车零部件,002190
600927.SH,17,非银金融-多元金融-多元金融Ⅲ,600927
603995.SH,17,钢铁-钢铁-特钢,603995
600185.SH,17,商贸零售-零售-旅游零售,600185
001221.SZ,33,轻工制造-家居用品-其他家居用品,001221
300786.SZ,33,环保-环保设备-环保设备Ⅲ,300786
603020.SH,17,基础化工-化学制品-食品及饲料添加剂,603020
300443.SZ,33,电力设备-风电设备-风电零部件,300443
002739.SZ,33,传媒-影视院线-影视院线Ⅲ,002739
000958.SZ,33,公用事业-电力-新能源发电,000958
300084.SZ,33,机械设备-专用设备-能源及重型设备,300084
600101.SH,17,公用事业-电力-电能综合服务,600101
300890.SZ,33,电力设备-电池-电池化学品,300890
600857.SH,17,商贸零售-零售-百货零售,600857
300408.SZ,33,电子-元件-被动元件,300408
301118.SZ,33,基础化工-化学原料-其他化学原料,301118
300996.SZ,33,计算机-软件开发-垂直应用软件,300996
002104.SZ,33,通信-通信设备-通信终端及配件,002104
603418.SH,17,汽车-汽车零部件-车身附件及饰件,603418
601828.SH,17,商贸零售-零售-商业物业经营,601828
920132.BJ,151,轻工制造-家居用品-成品家居,920132
002103.SZ,33,轻工制造-家居用品-文娱用品,002103
600243.SH,22,机械设备-通用设备-其他通用设备,600243
600644.SH,17,公用事业-电力-电能综合服务,600644
301263.SZ,33,医药生物-化学制药-化学制剂,301263
002786.SZ,33,机械设备-专用设备-其他专用设备,002786
002141.SZ,33,农林牧渔-养殖业-动物保健,002141
601933.SH,17,商贸零售-零售-百货零售,601933
300950.SZ,33,机械设备-专用设备-能源及重型设备,300950
600503.SH,17,房地产-房地产-住宅开发,600503
002493.SZ,33,石油石化-石油加工贸易-石油加工,002493
300993.SZ,33,轻工制造-家居用品-其他家居用品,300993
301588.SZ,33,基础化工-塑料制品-其他塑料制品,301588
003030.SZ,33,农林牧渔-农产品加工-其他农产品加工,003030
002471.SZ,33,电力设备-电网设备-线缆部件及其他,002471
301033.SZ,33,医药生物-医疗器械-医疗耗材,301033
603879.SH,17,基础化工-塑料制品-合成树脂,603879
002356.SZ,33,商贸零售-零售-百货零售,002356
000420.SZ,33,基础化工-化学纤维-粘胶,000420
002949.SZ,33,建筑装饰-建筑装饰-工程咨询服务,002949
603876.SH,17,有色金属-工业金属-铝,603876
600361.SH,17,有色金属-工业金属-铝,600361
002647.SZ,33,非银金融-多元金融-多元金融Ⅲ,002647
600981.SH,17,商贸零售-贸易-贸易Ⅲ,600981
002673.SZ,33,非银金融-证券-证券Ⅲ,002673
688303.SH,17,电力设备-光伏设备-硅料硅片,688303
601326.SH,17,交通运输-港口航运-港口,601326
601888.SH,17,商贸零售-零售-旅游零售,601888
600392.SH,17,有色金属-小金属-稀土,600392
002344.SZ,33,商贸零售-零售-商业物业经营,002344
300283.SZ,33,电力设备-电网设备-输变电设备,300283
688097.SH,17,机械设备-自动化设备-其他自动化设备,688097
603385.SH,17,轻工制造-家居用品-其他家居用品,603385
601991.SH,17,公用事业-电力-火电,601991
002084.SZ,33,轻工制造-家居用品-其他家居用品,002084
601136.SH,17,非银金融-证券-证券Ⅲ,601136
605005.SH,17,汽车-汽车零部件-汽车电子电气系统,605005
300569.SZ,33,电力设备-风电设备-风电零部件,300569
002076.SZ,33,电子-光学光电子-LED,002076
300438.SZ,33,电力设备-电池-锂电池,300438
600733.SH,17,汽车-汽车整车-乘用车,600733
603273.SH,17,机械设备-工程机械-工程机械Ⅲ,603273
300506.SZ,33,建筑装饰-建筑装饰-装饰园林,300506
002612.SZ,33,纺织服饰-服装家纺-服装,002612
600020.SH,17,交通运输-公路铁路运输-高速公路,600020
002910.SZ,33,食品饮料-饮料制造-乳品,002910
002696.SZ,33,农林牧渔-农产品加工-水产饲料,002696
600258.SH,17,社会服务-旅游及酒店-酒店,600258
002709.SZ,33,电力设备-电池-电池化学品,002709
301042.SZ,33,计算机-计算机设备-安防设备,301042
002766.SZ,33,汽车-汽车零部件-汽车电子电气系统,002766
002891.SZ,33,农林牧渔-农产品加工-宠物食品,002891
605288.SH,17,机械设备-自动化设备-工控设备,605288
000718.SZ,33,房地产-房地产-住宅开发,000718
300405.SZ,33,基础化工-化学制品-其他化学制品,300405
001378.SZ,33,基础化工-塑料制品-膜材料,001378
300938.SZ,33,社会服务-其他社会服务-专业服务,300938
002057.SZ,33,社会服务-其他社会服务-专业服务,002057
605388.SH,17,食品饮料-饮料制造-软饮料,605388
688755.SH,17,机械设备-专用设备-其他专用设备,688755
920703.BJ,151,机械设备-专用设备-能源及重型设备,920703
300732.SZ,33,建筑装饰-建筑装饰-工程咨询服务,300732
688601.SH,17,电子-半导体-模拟芯片设计,688601
300305.SZ,33,基础化工-塑料制品-膜材料,300305
603656.SH,17,机械设备-专用设备-其他专用设备,603656
301288.SZ,33,环保-环保设备-环保设备Ⅲ,301288
600400.SH,17,纺织服饰-服装家纺-服装,600400
002820.SZ,33,食品饮料-食品加工制造-休闲食品,002820
300561.SZ,33,计算机-软件开发-垂直应用软件,300561
688197.SH,17,医药生物-化学制药-化学制剂,688197
601107.SH,17,交通运输-公路铁路运输-高速公路,601107
300783.SZ,33,食品饮料-食品加工制造-休闲食品,300783
001231.SZ,33,基础化工-农化制品-农药,001231
920964.BJ,151,农林牧渔-种植业与林业-农业综合,920964
688581.SH,17,医药生物-医疗器械-医疗耗材,688581
601198.SH,17,非银金融-证券-证券Ⅲ,601198
601788.SH,17,非银金融-证券-证券Ⅲ,601788
300892.SZ,33,食品饮料-饮料制造-乳品,300892
603092.SH,17,电力设备-风电设备-风电零部件,603092
300540.SZ,33,机械设备-专用设备-其他专用设备,300540
002833.SZ,33,机械设备-专用设备-其他专用设备,002833
000543.SZ,33,公用事业-电力-火电,000543
002219.SZ,33,医药生物-医疗服务-医院,002219
000850.SZ,33,纺织服饰-纺织制造-棉纺,000850
300453.SZ,33,医药生物-医疗器械-医疗耗材,300453
300461.SZ,33,机械设备-自动化设备-其他自动化设备,300461
600889.SH,17,机械设备-通用设备-其他通用设备,600889
601992.SH,17,建筑材料-建筑材料-水泥,601992
603201.SH,17,机械设备-通用设备-其他通用设备,603201
300992.SZ,33,机械设备-通用设备-其他通用设备,300992
002072.SZ,33,商贸零售-贸易-贸易Ⅲ,002072
002036.SZ,33,电子-光学光电子-光学元件,002036
301011.SZ,33,轻工制造-家居用品-文娱用品,301011
002407.SZ,33,基础化工-化学制品-氟化工,002407
920078.BJ,151,有色金属-金属新材料-其他金属新材料,920078
601798.SH,17,机械设备-专用设备-能源及重型设备,601798
000955.SZ,33,纺织服饰-纺织制造-其他纺织,000955
002375.SZ,33,建筑装饰-建筑装饰-装饰园林,002375
688198.SH,17,医药生物-医疗器械-医疗耗材,688198
301332.SZ,33,家用电器-小家电-小家电Ⅲ,301332
001255.SZ,33,基础化工-塑料制品-合成树脂,001255
302132.SZ,33,国防军工-军工装备-航空装备,302132
301212.SZ,33,基础化工-化学制品-其他化学制品,301212
002727.SZ,33,医药生物-医药商业-药店,002727
300068.SZ,33,电力设备-电池-锂电池,300068
600463.SH,17,房地产-房地产-产业地产,600463
600148.SH,17,汽车-汽车零部件-底盘与发动机系统,600148
300181.SZ,33,医药生物-中药-中药Ⅲ,300181
603090.SH,17,机械设备-通用设备-其他通用设备,603090
600302.SH,17,机械设备-专用设备-纺织服装设备,600302
300424.SZ,33,国防军工-军工装备-航空装备,300424
300144.SZ,33,社会服务-旅游及酒店-人工景点,300144
300070.SZ,33,环保-环境治理-水务及水治理,300070
603150.SH,17,家用电器-白色家电-家电零部件,603150
603297.SH,17,电子-光学光电子-光学元件,603297
000913.SZ,33,汽车-汽车服务及其他-其他运输设备,000913
002583.SZ,33,通信-通信设备-通信网络设备及器件,002583
600665.SH,17,房地产-房地产-住宅开发,600665
002951.SZ,33,电力设备-其他电源设备-其他电源设备Ⅲ,002951
600821.SH,17,公用事业-电力-新能源发电,600821
002835.SZ,33,计算机-计算机设备-安防设备,002835
600168.SH,17,环保-环境治理-水务及水治理,600168
301585.SZ,33,基础化工-化学制品-纺织化学用品,301585
601995.SH,17,非银金融-证券-证券Ⅲ,601995
600649.SH,17,房地产-房地产-住宅开发,600649
002381.SZ,33,基础化工-橡胶制品-其他橡胶制品,002381
002774.SZ,33,机械设备-专用设备-楼宇设备,002774
603377.SH,22,社会服务-教育-教育Ⅲ,603377
000403.SZ,33,医药生物-生物制品-血液制品,000403
600525.SH,22,电力设备-电网设备-输变电设备,600525
920371.BJ,151,农林牧渔-农产品加工-其他农产品加工,920371
000970.SZ,33,有色金属-金属新材料-磁性材料,000970
603350.SH,17,电力设备-电机-电机Ⅲ,603350
300419.SZ,33,计算机-IT服务-IT服务Ⅲ,300419
688425.SH,17,机械设备-工程机械-工程机械Ⅲ,688425
920974.BJ,151,基础化工-化学制品-其他化学制品,920974
300829.SZ,33,基础化工-化学制品-食品及饲料添加剂,300829
002428.SZ,33,有色金属-小金属-其他小金属,002428
688026.SH,17,医药生物-医疗器械-医疗耗材,688026
688178.SH,17,环保-环境治理-综合环境治理,688178
002572.SZ,33,轻工制造-家居用品-定制家居,002572
603867.SH,17,基础化工-化学制品-其他化学制品,603867
600448.SH,17,纺织服饰-纺织制造-印染,600448
600052.SH,17,公用事业-电力-热力,600052
000514.SZ,33,房地产-房地产-住宅开发,000514
600099.SH,17,汽车-汽车服务及其他-其他运输设备,600099
601238.SH,17,汽车-汽车整车-乘用车,601238
603681.SH,17,基础化工-化学制品-其他化学制品,603681
601163.SH,17,汽车-汽车零部件-轮胎轮毂,601163
300863.SZ,33,汽车-汽车零部件-汽车电子电气系统,300863
000402.SZ,33,房地产-房地产-住宅开发,000402
688006.SH,17,电力设备-电池-锂电专用设备,688006
688212.SH,17,医药生物-医疗器械-医疗设备,688212
600764.SH,17,国防军工-军工装备-航海装备,600764
002154.SZ,33,纺织服饰-服装家纺-服装,002154
688276.SH,17,医药生物-生物制品-疫苗,688276
002165.SZ,33,基础化工-化学制品-聚氨酯,002165
688617.SH,17,医药生物-医疗器械-医疗耗材,688617
002997.SZ,33,汽车-汽车零部件-其他汽车零部件,002997
000838.SZ,33,房地产-房地产-住宅开发,000838
300021.SZ,33,农林牧渔-种植业与林业-农业综合,300021
600622.SH,17,房地产-房地产-住宅开发,600622
600779.SH,17,食品饮料-白酒-白酒Ⅲ,600779
603569.SH,17,交通运输-物流-物流Ⅲ,603569
002366.SZ,33,电力设备-其他电源设备-其他电源设备Ⅲ,002366
601236.SH,17,非银金融-证券-证券Ⅲ,601236
600684.SH,17,房地产-房地产-房地产服务,600684
688366.SH,17,医药生物-医疗器械-医疗耗材,688366
688625.SH,17,基础化工-化学制品-其他化学制品,688625
000893.SZ,33,基础化工-农化制品-钾肥,000893
600578.SH,17,公用事业-电力-火电,600578
002549.SZ,33,环保-环境治理-大气治理,002549
002150.SZ,33,电力设备-光伏设备-逆变器,002150
603617.SH,17,机械设备-通用设备-其他通用设备,603617
000791.SZ,33,公用事业-电力-火电,000791
002573.SZ,33,环保-环境治理-水务及水治理,002573
300847.SZ,33,计算机-计算机设备-其他计算机设备,300847
002254.SZ,33,基础化工-化学纤维-其他纤维,002254
600502.SH,17,建筑装饰-建筑装饰-基础建设,600502
920344.BJ,151,医药生物-生物制品-其他生物制品,920344
688192.SH,17,医药生物-化学制药-化学制剂,688192
688602.SH,17,基础化工-化学制品-其他化学制品,688602
000048.SZ,33,农林牧渔-养殖业-生猪养殖,000048
600539.SH,17,商贸零售-互联网电商-互联网电商Ⅲ,600539
300230.SZ,33,基础化工-塑料制品-其他塑料制品,300230
002530.SZ,33,机械设备-通用设备-其他通用设备,002530
300899.SZ,33,环保-环境治理-水务及水治理,300899
920260.BJ,151,机械设备-自动化设备-其他自动化设备,920260
000965.SZ,33,房地产-房地产-住宅开发,000965
600261.SH,17,电子-光学光电子-LED,600261
603057.SH,17,食品饮料-食品加工制造-休闲食品,603057
002377.SZ,33,石油石化-石油加工贸易-石油加工,002377
300106.SZ,33,食品饮料-饮料制造-乳品,300106
600439.SH,17,纺织服饰-服装家纺-饰品,600439
600816.SH,17,非银金融-多元金融-多元金融Ⅲ,600816
600817.SH,17,环保-环保设备-环保设备Ⅲ,600817
605166.SH,17,基础化工-化学纤维-其他纤维,605166
601456.SH,17,非银金融-证券-证券Ⅲ,601456
600883.SH,17,农林牧渔-种植业与林业-其他种植业,600883
300703.SZ,33,轻工制造-家居用品-文娱用品,300703
688251.SH,17,机械设备-通用设备-其他通用设备,688251
002466.SZ,33,有色金属-能源金属-锂,002466
600897.SH,17,交通运输-机场航运-机场,600897
603325.SH,17,机械设备-专用设备-能源及重型设备,603325
600860.SH,17,机械设备-通用设备-金属制品,600860
603725.SH,17,轻工制造-家居用品-瓷砖地板,603725
600615.SH,17,有色金属-工业金属-铝,600615
600192.SH,17,电力设备-电网设备-输变电设备,600192
600795.SH,17,公用事业-电力-火电,600795
000697.SZ,33,国防军工-军工装备-航空装备,000697
603032.SH,17,电力设备-电池-锂电专用设备,603032
002322.SZ,33,计算机-软件开发-垂直应用软件,002322
605188.SH,17,商贸零售-零售-百货零售,605188
002323.SZ,33,建筑装饰-建筑装饰-专业工程,002323
301601.SZ,33,机械设备-专用设备-能源及重型设备,301601
002614.SZ,33,家用电器-小家电-小家电Ⅲ,002614
301501.SZ,33,轻工制造-家居用品-其他家居用品,301501
002523.SZ,33,机械设备-专用设备-能源及重型设备,002523
002780.SZ,33,纺织服饰-服装家纺-服装,002780
600382.SH,17,钢铁-钢铁-冶钢原料,600382
300841.SZ,33,医药生物-生物制品-疫苗,300841
002718.SZ,33,建筑材料-建筑材料-其他建材,002718
301333.SZ,33,医药生物-医疗服务-医疗研发外包,301333
600483.SH,17,公用事业-电力-电能综合服务,600483
000068.SZ,33,环保-环境治理-综合环境治理,000068
001358.SZ,33,基础化工-化学制品-其他化学制品,001358
688221.SH,17,医药生物-化学制药-化学制剂,688221
603836.SH,17,交通运输-物流-物流Ⅲ,603836
600606.SH,17,房地产-房地产-住宅开发,600606
000663.SZ,33,农林牧渔-种植业与林业-林业,000663
600155.SH,17,非银金融-证券-证券Ⅲ,600155
301122.SZ,33,医药生物-医疗器械-医疗耗材,301122
600967.SH,17,国防军工-军工装备-地面兵装,600967
600117.SH,17,钢铁-钢铁-特钢,600117
688253.SH,17,医药生物-医疗器械-体外诊断,688253
003007.SZ,33,计算机-软件开发-垂直应用软件,003007
603125.SH,17,基础化工-化学制品-其他化学制品,603125
001209.SZ,33,纺织服饰-服装家纺-服装,001209
000936.SZ,33,基础化工-化学纤维-涤纶,000936
000679.SZ,33,商贸零售-零售-百货零售,000679
603066.SH,17,交通运输-物流-物流Ⅲ,603066
301355.SZ,33,轻工制造-包装印刷-包装,301355
600760.SH,17,国防军工-军工装备-航空装备,600760
603536.SH,17,食品饮料-食品加工制造-预加工食品,603536
600675.SH,17,房地产-房地产-住宅开发,600675
920807.BJ,151,机械设备-通用设备-磨具磨料,920807
600822.SH,17,汽车-汽车服务及其他-汽车服务,600822
603488.SH,17,机械设备-专用设备-楼宇设备,603488
002722.SZ,33,机械设备-专用设备-纺织服装设备,002722
600335.SH,17,汽车-汽车服务及其他-汽车服务,600335
001368.SZ,33,轻工制造-家居用品-文娱用品,001368
002054.SZ,33,基础化工-化学制品-纺织化学用品,002054
688710.SH,17,医药生物-医疗服务-医疗研发外包,688710
920278.BJ,151,医药生物-医疗器械-医疗设备,920278
002643.SZ,33,电子-电子化学品-电子化学品Ⅲ,002643
300470.SZ,33,机械设备-通用设备-其他通用设备,300470
603967.SH,17,交通运输-物流-物流Ⅲ,603967
603109.SH,17,汽车-汽车零部件-其他汽车零部件,603109
603043.SH,17,食品饮料-食品加工制造-休闲食品,603043
603329.SH,17,交通运输-物流-物流Ⅲ,603329
002186.SZ,33,社会服务-旅游及酒店-餐饮,002186
301498.SZ,33,农林牧渔-农产品加工-宠物食品,301498
601059.SH,17,非银金融-证券-证券Ⅲ,601059
002457.SZ,33,建筑材料-建筑材料-管材,002457
002539.SZ,33,基础化工-农化制品-复合肥,002539
600639.SH,17,房地产-房地产-产业地产,600639
600704.SH,17,交通运输-物流-物流Ⅲ,600704
002651.SZ,33,国防军工-军工装备-航空装备,002651
600165.SH,22,基础化工-化学制品-其他化学制品,600165
600033.SH,17,交通运输-公路铁路运输-高速公路,600033
603926.SH,17,汽车-汽车零部件-底盘与发动机系统,603926
001206.SZ,33,美容护理-美容护理-个护用品,001206
002443.SZ,33,钢铁-钢铁-特钢,002443
603860.SH,17,建筑装饰-建筑装饰-工程咨询服务,603860
600874.SH,17,环保-环境治理-水务及水治理,600874
300898.SZ,33,食品饮料-饮料制造-乳品,300898
600671.SH,17,医药生物-中药-中药Ⅲ,600671
002027.SZ,33,传媒-文化传媒-广告营销,002027
600486.SH,17,基础化工-农化制品-农药,600486
000935.SZ,33,非银金融-多元金融-多元金融Ⅲ,000935
300600.SZ,33,国防军工-军工装备-航海装备,300600
603330.SH,17,基础化工-塑料制品-其他塑料制品,603330
603565.SH,17,交通运输-港口航运-航运,603565
688757.SH,17,社会服务-其他社会服务-专业服务,688757
301267.SZ,33,医药生物-医疗服务-医院,301267
601228.SH,17,交通运输-港口航运-港口,601228
603285.SH,17,基础化工-化学制品-其他化学制品,603285
002562.SZ,33,基础化工-化学制品-食品及饲料添加剂,002562
300294.SZ,33,医药生物-生物制品-血液制品,300294
002515.SZ,33,食品饮料-食品加工制造-肉制品,002515
301103.SZ,33,医药生物-医疗服务-医院,301103
000520.SZ,33,交通运输-港口航运-航运,000520
920685.BJ,151,机械设备-通用设备-仪器仪表,920685
920015.BJ,151,基础化工-化学制品-有机硅,920015
001356.SZ,33,轻工制造-家居用品-其他家居用品,001356
002214.SZ,33,国防军工-军工电子-军工电子Ⅲ,002214
002996.SZ,33,有色金属-工业金属-铝,002996
301207.SZ,33,医药生物-生物制品-疫苗,301207
600182.SH,17,汽车-汽车零部件-轮胎轮毂,600182
000605.SZ,33,环保-环境治理-水务及水治理,000605
688062.SH,17,医药生物-生物制品-其他生物制品,688062
002548.SZ,33,农林牧渔-农产品加工-畜禽饲料,002548
301301.SZ,33,医药生物-化学制药-原料药,301301
002480.SZ,33,公用事业-电力-新能源发电,002480
920016.BJ,151,基础化工-化学制品-食品及饲料添加剂,920016
603511.SH,17,纺织服饰-服装家纺-服装,603511
600198.SH,17,通信-通信设备-通信终端及配件,600198
603589.SH,17,食品饮料-白酒-白酒Ⅲ,603589
603136.SH,17,社会服务-旅游及酒店-自然景点,603136
600022.SH,17,钢铁-钢铁-普钢,600022
000948.SZ,33,计算机-软件开发-垂直应用软件,000948
603120.SH,17,基础化工-化学制品-其他化学制品,603120
600663.SH,17,房地产-房地产-商业地产,600663
600027.SH,17,公用事业-电力-火电,600027
603357.SH,17,建筑装饰-建筑装饰-工程咨询服务,603357
688410.SH,17,医药生物-医疗器械-医疗设备,688410
605500.SH,17,轻工制造-造纸-造纸Ⅲ,605500
603605.SH,17,美容护理-美容护理-化妆品,603605
002346.SZ,33,电力设备-电网设备-输变电设备,002346
001202.SZ,33,交通运输-物流-物流Ⅲ,001202
002695.SZ,33,食品饮料-食品加工制造-休闲食品,002695
002021.SZ,33,机械设备-专用设备-纺织服装设备,002021
000576.SZ,33,国防军工-军工装备-地面兵装,000576
301290.SZ,33,医药生物-医疗器械-医疗耗材,301290
600191.SH,17,农林牧渔-农产品加工-其他农产品加工,600191
002251.SZ,33,商贸零售-零售-百货零售,002251
001216.SZ,33,轻工制造-家居用品-其他家居用品,001216
688265.SH,17,医药生物-医疗服务-医疗研发外包,688265
600636.SH,22,社会服务-教育-教育Ⅲ,600636
300746.SZ,33,计算机-IT服务-IT服务Ⅲ,300746
605108.SH,17,社会服务-旅游及酒店-餐饮,605108
601112.SH,17,建筑材料-建筑材料-玻璃玻纤,601112
601990.SH,17,非银金融-证券-证券Ⅲ,601990
300175.SZ,33,农林牧渔-农产品加工-果蔬加工,300175
603730.SH,17,汽车-汽车零部件-车身附件及饰件,603730
600567.SH,17,轻工制造-造纸-造纸Ⅲ,600567
603580.SH,22,基础化工-塑料制品-其他塑料制品,603580
003027.SZ,33,环保-环境治理-大气治理,003027
002532.SZ,33,有色金属-工业金属-铝,002532
688428.SH,17,医药生物-生物制品-其他生物制品,688428
001333.SZ,33,基础化工-塑料制品-合成树脂,001333
601388.SH,17,有色金属-工业金属-铝,601388
002245.SZ,33,电力设备-电池-锂电池,002245
001914.SZ,33,房地产-房地产-房地产服务,001914
002586.SZ,33,建筑装饰-建筑装饰-基础建设,002586
000899.SZ,33,公用事业-电力-火电,000899
003016.SZ,33,纺织服饰-服装家纺-服装,003016
301226.SZ,33,机械设备-通用设备-其他通用设备,301226
000517.SZ,33,房地产-房地产-住宅开发,000517
002653.SZ,33,医药生物-化学制药-化学制剂,002653
605339.SH,17,食品饮料-食品加工制造-休闲食品,605339
600097.SH,17,农林牧渔-养殖业-海洋捕捞,600097
300832.SZ,33,医药生物-医疗器械-体外诊断,300832
605179.SH,17,食品饮料-饮料制造-乳品,605179
600739.SH,17,医药生物-生物制品-疫苗,600739
600611.SH,17,交通运输-公路铁路运输-公交,600611
920575.BJ,151,医药生物-生物制品-疫苗,920575
001239.SZ,33,机械设备-工程机械-工程机械Ⅲ,001239
000720.SZ,33,电力设备-电网设备-线缆部件及其他,000720
600493.SH,17,纺织服饰-纺织制造-棉纺,600493
600298.SH,17,食品饮料-食品加工制造-调味发酵品,600298
301075.SZ,33,医药生物-化学制药-化学制剂,301075
601333.SH,17,交通运输-公路铁路运输-铁路运输,601333
000166.SZ,33,非银金融-证券-证券Ⅲ,000166
603339.SH,17,机械设备-通用设备-金属制品,603339
603161.SH,17,汽车-汽车零部件-底盘与发动机系统,603161
688075.SH,17,医药生物-医疗器械-体外诊断,688075
301602.SZ,33,医药生物-医疗器械-医疗设备,301602
688009.SH,17,机械设备-轨交设备-轨交设备Ⅲ,688009
600507.SH,17,钢铁-钢铁-特钢,600507
002872.SZ,33,医药生物-化学制药-化学制剂,002872
301367.SZ,33,医药生物-医疗器械-医疗设备,301367
301168.SZ,33,电力设备-光伏设备-光伏电池组件,301168
601222.SH,17,电力设备-电网设备-电气自控设备,601222
600865.SH,17,商贸零售-零售-百货零售,600865
600626.SH,17,汽车-汽车零部件-车身附件及饰件,600626
000531.SZ,33,公用事业-电力-火电,000531
688398.SH,17,基础化工-化学制品-其他化学制品,688398
301371.SZ,33,美容护理-美容护理-化妆品,301371
601500.SH,17,汽车-汽车零部件-轮胎轮毂,601500
002205.SZ,33,建筑材料-建筑材料-水泥,002205
002805.SZ,33,电力设备-电池-电池化学品,002805
601022.SH,17,交通运输-港口航运-航运,601022
603221.SH,17,轻工制造-家居用品-瓷砖地板,603221
000802.SZ,33,传媒-影视院线-影视院线Ⅲ,000802
002228.SZ,33,轻工制造-包装印刷-包装,002228
001283.SZ,33,电力设备-电池-锂电池,001283
601098.SH,17,传媒-文化传媒-出版,601098
300132.SZ,33,美容护理-美容护理-化妆品,300132
688282.SH,17,国防军工-军工装备-航天装备,688282
600894.SH,17,机械设备-专用设备-楼宇设备,600894
002211.SZ,33,基础化工-化学制品-有机硅,002211
300343.SZ,33,基础化工-化学制品-氟化工,300343
600303.SH,17,汽车-汽车整车-商用载客车,600303
001301.SZ,33,电力设备-电池-电池化学品,001301
600630.SH,17,纺织服饰-服装家纺-服装,600630
688315.SH,17,医药生物-医疗服务-其他医疗服务,688315
001210.SZ,33,公用事业-电力-热力,001210
603880.SH,17,医药生物-医疗器械-医疗耗材,603880
002955.SZ,33,电子-光学光电子-面板,002955
300505.SZ,33,基础化工-农化制品-磷肥及磷化工,300505
003013.SZ,33,建筑装饰-建筑装饰-工程咨询服务,003013
000759.SZ,33,商贸零售-零售-百货零售,000759
301658.SZ,33,电力设备-光伏设备-逆变器,301658
600280.SH,17,商贸零售-零售-百货零售,600280
920866.BJ,151,基础化工-农化制品-农药,920866
603606.SH,17,电力设备-电网设备-线缆部件及其他,603606
603600.SH,17,轻工制造-家居用品-成品家居,603600
002399.SZ,33,医药生物-化学制药-化学制剂,002399
603128.SH,17,交通运输-物流-物流Ⅲ,603128
600724.SH,17,房地产-房地产-商业地产,600724
300097.SZ,33,机械设备-自动化设备-其他自动化设备,300097
002862.SZ,33,轻工制造-家居用品-文娱用品,002862
301155.SZ,33,电力设备-风电设备-风电零部件,301155
300327.SZ,33,电子-半导体-数字芯片设计,300327
002430.SZ,33,基础化工-化学制品-其他化学制品,002430
688016.SH,17,医药生物-医疗器械-医疗耗材,688016
603159.SH,17,机械设备-专用设备-其他专用设备,603159
600169.SH,22,机械设备-专用设备-能源及重型设备,600169
688237.SH,17,国防军工-军工装备-航空装备,688237
920266.BJ,151,医药生物-中药-中药Ⅲ,920266
300651.SZ,33,轻工制造-家居用品-文娱用品,300651
600802.SH,17,建筑材料-建筑材料-水泥,600802
002367.SZ,33,机械设备-专用设备-楼宇设备,002367
300931.SZ,33,机械设备-专用设备-楼宇设备,300931
600755.SH,17,交通运输-物流-物流Ⅲ,600755
603172.SH,17,基础化工-化学制品-纺织化学用品,603172
300942.SZ,33,医药生物-医疗器械-体外诊断,300942
603986.SH,17,电子-半导体-数字芯片设计,603986
002351.SZ,33,电子-消费电子-品牌消费电子,002351
300922.SZ,33,国防军工-军工装备-地面兵装,300922
003002.SZ,33,基础化工-化学制品-民爆用品,003002
600561.SH,17,交通运输-公路铁路运输-公交,600561
002705.SZ,33,家用电器-小家电-小家电Ⅲ,002705
002064.SZ,33,基础化工-化学纤维-氨纶,002064
002889.SZ,33,交通运输-物流-物流Ⅲ,002889
002164.SZ,33,机械设备-通用设备-金属制品,002164
688670.SH,17,医药生物-生物制品-疫苗,688670
002581.SZ,33,医药生物-生物制品-其他生物制品,002581
600051.SH,17,综合-综合-综合Ⅲ,600051
600604.SH,17,房地产-房地产-产业地产,600604
601339.SH,17,纺织服饰-纺织制造-棉纺,601339
002233.SZ,33,建筑材料-建筑材料-水泥,002233
300051.SZ,33,电力设备-光伏设备-光伏电池组件,300051
601390.SH,17,建筑装饰-建筑装饰-基础建设,601390
000816.SZ,33,机械设备-通用设备-其他通用设备,000816
603628.SH,17,电力设备-光伏设备-光伏辅材,603628
301009.SZ,33,美容护理-美容护理-个护用品,301009
603375.SH,17,电子-半导体-模拟芯片设计,603375
000020.SZ,33,电子-光学光电子-面板,000020
002660.SZ,33,电子-消费电子-消费电子零部件及组装,002660
300927.SZ,33,基础化工-化学原料-其他化学原料,300927
002374.SZ,33,轻工制造-包装印刷-包装,002374
001391.SZ,33,交通运输-物流-物流Ⅲ,001391
688468.SH,17,医药生物-医疗器械-体外诊断,688468
002282.SZ,33,机械设备-通用设备-磨具磨料,002282
688353.SH,17,电力设备-电池-电池化学品,688353
600881.SH,17,综合-综合-综合Ⅲ,600881
603707.SH,17,医药生物-化学制药-化学制剂,603707
300355.SZ,33,环保-环境治理-综合环境治理,300355
600820.SH,17,建筑装饰-建筑装饰-基础建设,600820
000717.SZ,33,钢铁-钢铁-普钢,000717
603326.SH,17,轻工制造-家居用品-定制家居,603326
600081.SH,17,汽车-汽车零部件-车身附件及饰件,600081
001338.SZ,33,农林牧渔-农产品加工-其他农产品加工,001338
002227.SZ,33,电力设备-其他电源设备-其他电源设备Ⅲ,002227
601515.SH,17,轻工制造-包装印刷-包装,601515
603682.SH,17,商贸零售-零售-商业物业经营,603682
600425.SH,17,建筑材料-建筑材料-水泥,600425
600533.SH,17,房地产-房地产-住宅开发,600533
300637.SZ,33,基础化工-化学制品-其他化学制品,300637
603789.SH,22,机械设备-专用设备-农用机械,603789
000798.SZ,33,农林牧渔-养殖业-海洋捕捞,000798
002557.SZ,33,食品饮料-食品加工制造-休闲食品,002557
000042.SZ,33,房地产-房地产-住宅开发,000042
600530.SH,17,食品饮料-食品加工制造-其他食品,600530
002223.SZ,33,医药生物-医疗器械-医疗设备,002223
600360.SH,22,电子-半导体-分立器件,600360
601880.SH,17,交通运输-港口航运-港口,601880
603697.SH,17,食品饮料-食品加工制造-休闲食品,603697
002597.SZ,33,基础化工-化学制品-食品及饲料添加剂,002597
000560.SZ,33,房地产-房地产-房地产服务,000560
300406.SZ,33,医药生物-医疗器械-体外诊断,300406
300210.SZ,33,机械设备-专用设备-其他专用设备,300210
688575.SH,17,医药生物-医疗器械-体外诊断,688575
002987.SZ,33,计算机-软件开发-垂直应用软件,002987
002578.SZ,33,有色金属-工业金属-铝,002578
603309.SH,17,医药生物-医疗器械-医疗耗材,603309
600189.SH,17,食品饮料-饮料制造-软饮料,600189
301090.SZ,33,基础化工-塑料制品-其他塑料制品,301090
603508.SH,17,计算机-计算机设备-安防设备,603508
920656.BJ,151,医药生物-化学制药-原料药,920656
000537.SZ,33,公用事业-电力-新能源发电,000537
002122.SZ,33,机械设备-通用设备-机床工具,002122
000404.SZ,33,家用电器-白色家电-家电零部件,000404
600207.SH,17,电力设备-光伏设备-光伏辅材,600207
605122.SH,17,建筑材料-建筑材料-水泥,605122
600987.SH,17,纺织服饰-纺织制造-印染,600987
002086.SZ,33,医药生物-医疗器械-体外诊断,002086
001269.SZ,33,电力设备-光伏设备-光伏辅材,001269
600830.SH,17,非银金融-多元金融-多元金融Ⅲ,600830
600624.SH,22,医药生物-化学制药-化学制剂,600624
603758.SH,17,汽车-汽车零部件-底盘与发动机系统,603758
300489.SZ,33,电子-光学光电子-光学元件,300489
603153.SH,17,建筑装饰-建筑装饰-工程咨询服务,603153
600690.SH,17,家用电器-白色家电-冰洗,600690
300401.SZ,33,医药生物-化学制药-原料药,300401
300721.SZ,33,基础化工-化学制品-其他化学制品,300721
603102.SH,17,食品饮料-食品加工制造-其他食品,603102
605337.SH,17,食品饮料-饮料制造-软饮料,605337
001259.SZ,33,家用电器-小家电-小家电Ⅲ,001259
002003.SZ,33,纺织服饰-纺织制造-辅料,002003
600138.SH,17,社会服务-旅游及酒店-人工景点,600138
301166.SZ,33,医药生物-生物制品-其他生物制品,301166
001218.SZ,33,基础化工-化学制品-其他化学制品,001218
002482.SZ,33,建筑装饰-建筑装饰-装饰园林,002482
002133.SZ,33,房地产-房地产-住宅开发,002133
603259.SH,17,医药生物-医疗服务-医疗研发外包,603259
603195.SH,17,轻工制造-家居用品-其他家居用品,603195
600257.SH,17,医药生物-医疗服务-医院,600257
600861.SH,17,社会服务-其他社会服务-专业服务,600861
000155.SZ,33,公用事业-电力-新能源发电,000155
300991.SZ,33,电子-其他电子-其他电子Ⅲ,300991
600787.SH,17,交通运输-物流-物流Ⅲ,600787
300457.SZ,33,电力设备-电池-锂电专用设备,300457
600651.SH,17,汽车-汽车零部件-汽车电子电气系统,600651
600096.SH,17,基础化工-农化制品-磷肥及磷化工,600096
002372.SZ,33,建筑材料-建筑材料-管材,002372
300198.SZ,33,建筑材料-建筑材料-管材,300198
301258.SZ,33,医药生物-化学制药-原料药,301258
688368.SH,17,电子-半导体-模拟芯片设计,688368
002866.SZ,33,电子-消费电子-消费电子零部件及组装,002866
688089.SH,17,基础化工-化学制品-食品及饲料添加剂,688089
603038.SH,17,建筑材料-建筑材料-其他建材,603038
601200.SH,17,环保-环境治理-固废治理,601200
000037.SZ,33,公用事业-电力-火电,000037
605138.SH,17,纺织服饰-服装家纺-服装,605138
688137.SH,17,医药生物-生物制品-其他生物制品,688137
002819.SZ,33,机械设备-通用设备-仪器仪表,002819
601311.SH,17,电力设备-电池-其他电池,601311
000061.SZ,33,商贸零售-零售-商业物业经营,000061
002187.SZ,33,商贸零售-零售-百货零售,002187
688050.SH,17,医药生物-医疗器械-医疗耗材,688050
000972.SZ,33,农林牧渔-农产品加工-果蔬加工,000972
601618.SH,17,建筑装饰-建筑装饰-专业工程,601618
600038.SH,17,国防军工-军工装备-航空装备,600038
603075.SH,17,家用电器-白色家电-家电零部件,603075
600276.SH,17,医药生物-化学制药-化学制剂,600276
002827.SZ,33,基础化工-化学制品-民爆用品,002827
603165.SH,17,轻工制造-造纸-造纸Ⅲ,603165
301323.SZ,33,有色金属-金属新材料-磁性材料,301323
300138.SZ,33,农林牧渔-农产品加工-其他农产品加工,300138
300192.SZ,33,社会服务-教育-教育Ⅲ,300192
600248.SH,17,建筑装饰-建筑装饰-房屋建设,600248
300318.SZ,33,医药生物-生物制品-血液制品,300318
601199.SH,17,环保-环境治理-水务及水治理,601199
600888.SH,17,有色金属-工业金属-铝,600888
003006.SZ,33,美容护理-美容护理-个护用品,003006
689009.SH,17,汽车-汽车服务及其他-其他运输设备,689009
603248.SH,17,电力设备-风电设备-风电零部件,603248
600805.SH,17,综合-综合-综合Ⅲ,600805
300321.SZ,33,基础化工-塑料制品-其他塑料制品,300321
688450.SH,17,电力设备-电网设备-电气自控设备,688450
002798.SZ,33,轻工制造-家居用品-瓷砖地板,002798
001220.SZ,33,交通运输-物流-物流Ⅲ,001220
300471.SZ,33,机械设备-专用设备-其他专用设备,300471
603082.SH,17,机械设备-通用设备-其他通用设备,603082
000909.SZ,33,房地产-房地产-产业地产,000909
000567.SZ,33,非银金融-多元金融-多元金融Ⅲ,000567
688029.SH,17,医药生物-医疗器械-医疗耗材,688029
300159.SZ,33,机械设备-专用设备-农用机械,300159
002061.SZ,33,建筑装饰-建筑装饰-基础建设,002061
000766.SZ,33,医药生物-化学制药-化学制剂,000766
000677.SZ,33,基础化工-化学纤维-粘胶,000677
603238.SH,17,纺织服饰-纺织制造-其他纺织,603238
688377.SH,17,机械设备-专用设备-能源及重型设备,688377
688032.SH,17,电力设备-光伏设备-逆变器,688032
600365.SH,22,商贸零售-互联网电商-互联网电商Ⅲ,600365
601718.SH,17,纺织服饰-服装家纺-服装,601718
688712.SH,17,医药生物-医疗器械-医疗耗材,688712
002867.SZ,33,纺织服饰-服装家纺-饰品,002867
000430.SZ,33,社会服务-旅游及酒店-自然景点,000430
300642.SZ,33,医药生物-医疗器械-体外诊断,300642
301505.SZ,33,建筑装饰-建筑装饰-工程咨询服务,301505
002671.SZ,33,建筑材料-建筑材料-水泥,002671
002858.SZ,33,社会服务-其他社会服务-体育,002858
300463.SZ,33,医药生物-医疗器械-体外诊断,300463
601528.SH,17,银行-银行-农商行,601528
000739.SZ,33,医药生物-化学制药-原料药,000739
600679.SH,17,汽车-汽车服务及其他-其他运输设备,600679
603178.SH,17,汽车-汽车零部件-底盘与发动机系统,603178
688105.SH,17,医药生物-生物制品-其他生物制品,688105
300498.SZ,33,农林牧渔-养殖业-生猪养殖,300498
300891.SZ,33,基础化工-化学原料-钛白粉,300891
301039.SZ,33,汽车-汽车整车-商用载货车,301039
600719.SH,17,公用事业-电力-热力,600719
300146.SZ,33,食品饮料-食品加工制造-其他食品,300146
002789.SZ,33,建筑装饰-建筑装饰-装饰园林,002789
002108.SZ,33,基础化工-塑料制品-其他塑料制品,002108
600858.SH,17,商贸零售-零售-百货零售,600858
002672.SZ,33,环保-环境治理-固废治理,002672
600685.SH,17,国防军工-军工装备-航海装备,600685
600713.SH,17,医药生物-医药商业-医药流通,600713
603877.SH,17,纺织服饰-服装家纺-服装,603877
301618.SZ,33,基础化工-化学制品-纺织化学用品,301618
600017.SH,17,交通运输-港口航运-港口,600017
002157.SZ,33,农林牧渔-养殖业-生猪养殖,002157
603768.SH,17,汽车-汽车零部件-其他汽车零部件,603768
000906.SZ,33,交通运输-物流-物流Ⅲ,000906
600768.SH,17,电力设备-电网设备-输变电设备,600768
600876.SH,17,电力设备-光伏设备-光伏辅材,600876
600376.SH,17,房地产-房地产-住宅开发,600376
001219.SZ,33,食品饮料-食品加工制造-休闲食品,001219
600712.SH,17,商贸零售-零售-百货零售,600712
300601.SZ,33,医药生物-生物制品-疫苗,300601
300107.SZ,33,基础化工-化学制品-纺织化学用品,300107
688802.SH,17,电子-半导体-数字芯片设计,688802
000521.SZ,33,家用电器-白色家电-冰洗,000521
603202.SH,17,汽车-汽车零部件-汽车电子电气系统,603202
001279.SZ,33,轻工制造-包装印刷-印刷,001279
002004.SZ,33,医药生物-化学制药-化学制剂,002004
002479.SZ,33,公用事业-电力-热力,002479
000608.SZ,33,房地产-房地产-商业地产,000608
000519.SZ,33,国防军工-军工装备-地面兵装,000519
600428.SH,17,交通运输-港口航运-航运,600428
002485.SZ,33,交通运输-物流-物流Ⅲ,002485
000591.SZ,33,公用事业-电力-新能源发电,000591
605199.SH,22,医药生物-中药-中药Ⅲ,605199
001285.SZ,33,汽车-汽车零部件-底盘与发动机系统,001285
601566.SH,17,纺织服饰-服装家纺-服装,601566
000661.SZ,33,医药生物-生物制品-其他生物制品,000661
002016.SZ,33,房地产-房地产-住宅开发,002016
002224.SZ,33,基础化工-橡胶制品-其他橡胶制品,002224
603922.SH,17,汽车-汽车零部件-其他汽车零部件,603922
600901.SH,17,非银金融-多元金融-多元金融Ⅲ,600901
920090.BJ,151,计算机-计算机设备-其他计算机设备,920090
002742.SZ,33,医药生物-化学制药-化学制剂,002742
301307.SZ,33,通信-通信设备-通信网络设备及器件,301307
301111.SZ,33,医药生物-中药-中药Ⅲ,301111
600928.SH,17,银行-银行-城商行,600928
605378.SH,17,电力设备-电池-其他电池,605378
601686.SH,17,钢铁-钢铁-普钢,601686
002560.SZ,33,电力设备-电网设备-线缆部件及其他,002560
002817.SZ,33,医药生物-医疗器械-医疗耗材,002817
300527.SZ,33,国防军工-军工装备-地面兵装,300527
000915.SZ,33,医药生物-化学制药-化学制剂,000915
600004.SH,17,交通运输-机场航运-机场,600004
603219.SH,17,家用电器-小家电-小家电Ⅲ,603219
300641.SZ,33,基础化工-化学制品-其他化学制品,300641
920547.BJ,151,医药生物-化学制药-原料药,920547
301040.SZ,33,电力设备-风电设备-风电零部件,301040
603898.SH,17,轻工制造-家居用品-定制家居,603898
688146.SH,17,电子-电子化学品-电子化学品Ⅲ,688146
002415.SZ,33,计算机-计算机设备-安防设备,002415
600814.SH,17,商贸零售-零售-百货零售,600814
300897.SZ,33,机械设备-通用设备-仪器仪表,300897
000792.SZ,33,基础化工-农化制品-钾肥,000792
002310.SZ,33,公用事业-电力-新能源发电,002310
600936.SH,17,计算机-IT服务-IT服务Ⅲ,600936
600386.SH,17,汽车-汽车服务及其他-汽车服务,600386
600609.SH,17,汽车-汽车零部件-车身附件及饰件,600609
920663.BJ,151,汽车-汽车零部件-车身附件及饰件,920663
000090.SZ,33,房地产-房地产-住宅开发,000090
601860.SH,17,银行-银行-农商行,601860
600269.SH,17,交通运输-公路铁路运输-高速公路,600269
002529.SZ,33,机械设备-专用设备-其他专用设备,002529
603869.SH,22,计算机-IT服务-IT服务Ⅲ,603869
002752.SZ,33,轻工制造-包装印刷-包装,002752
603685.SH,17,电子-光学光电子-LED,603685
301058.SZ,33,建筑装饰-建筑装饰-工程咨询服务,301058
301173.SZ,33,汽车-汽车零部件-车身附件及饰件,301173
000592.SZ,33,农林牧渔-种植业与林业-林业,000592
300967.SZ,33,农林牧渔-养殖业-肉鸡养殖,300967
603815.SH,17,建筑装饰-建筑装饰-基础建设,603815
600287.SH,17,商贸零售-贸易-贸易Ⅲ,600287
600050.SH,17,通信-通信服务-电信运营商,600050
688139.SH,17,医药生物-医疗器械-医疗设备,688139
002807.SZ,33,银行-银行-农商行,002807
603018.SH,17,建筑装饰-建筑装饰-工程咨询服务,603018
920367.BJ,151,医药生物-化学制药-原料药,920367
688319.SH,17,医药生物-生物制品-疫苗,688319
000900.SZ,33,交通运输-公路铁路运输-高速公路,000900
600818.SH,17,汽车-汽车服务及其他-其他运输设备,600818
002585.SZ,33,基础化工-塑料制品-膜材料,002585
600136.SH,22,房地产-房地产-房地产服务,600136
920275.BJ,151,农林牧渔-农产品加工-畜禽饲料,920275
002191.SZ,33,轻工制造-包装印刷-包装,002191
301062.SZ,33,轻工制造-包装印刷-包装,301062
603856.SH,17,建筑材料-建筑材料-管材,603856
002545.SZ,33,基础化工-农化制品-钾肥,002545
000767.SZ,33,公用事业-电力-火电,000767
603262.SH,17,食品饮料-食品加工制造-其他食品,603262
002697.SZ,33,商贸零售-零售-百货零售,002697
688687.SH,17,医药生物-生物制品-其他生物制品,688687
603087.SH,17,医药生物-生物制品-其他生物制品,603087
300393.SZ,33,电力设备-光伏设备-光伏电池组件,300393
002674.SZ,33,纺织服饰-纺织制造-辅料,002674
688156.SH,17,农林牧渔-农产品加工-畜禽饲料,688156
000701.SZ,33,商贸零售-贸易-贸易Ⅲ,000701
688177.SH,17,医药生物-生物制品-其他生物制品,688177
600722.SH,17,基础化工-化学原料-煤化工,600722
600322.SH,17,房地产-房地产-住宅开发,600322
600293.SH,17,建筑材料-建筑材料-玻璃玻纤,600293
920263.BJ,151,环保-环境治理-大气治理,920263
301560.SZ,33,汽车-汽车零部件-底盘与发动机系统,301560
002973.SZ,33,环保-环境治理-固废治理,002973
600346.SH,17,石油石化-石油加工贸易-石油加工,600346
300839.SZ,33,石油石化-石油加工贸易-石油加工,300839
603167.SH,17,交通运输-港口航运-航运,603167
002790.SZ,33,轻工制造-家居用品-其他家居用品,002790
002350.SZ,33,电力设备-电网设备-输变电设备,002350
603776.SH,17,汽车-汽车服务及其他-其他运输设备,603776
300040.SZ,33,公用事业-电力-电能综合服务,300040
603798.SH,17,石油石化-石油加工贸易-石油加工,603798
600064.SH,17,房地产-房地产-住宅开发,600064
300190.SZ,33,环保-环境治理-综合环境治理,300190
600999.SH,17,非银金融-证券-证券Ⅲ,600999
000726.SZ,33,纺织服饰-纺织制造-棉纺,000726
603688.SH,17,基础化工-非金属材料-非金属材料Ⅲ,603688
301158.SZ,33,机械设备-专用设备-能源及重型设备,301158
002701.SZ,33,轻工制造-包装印刷-包装,002701
600187.SH,17,环保-环境治理-水务及水治理,600187
601777.SH,17,汽车-汽车整车-乘用车,601777
601928.SH,17,传媒-文化传媒-出版,601928
002628.SZ,33,建筑装饰-建筑装饰-基础建设,002628
000601.SZ,33,公用事业-电力-水电,000601
002431.SZ,33,建筑装饰-建筑装饰-装饰园林,002431
920174.BJ,151,机械设备-工程机械-工程机械Ⅲ,920174
000523.SZ,33,食品饮料-饮料制造-软饮料,000523
000690.SZ,33,公用事业-电力-火电,000690
002262.SZ,33,医药生物-化学制药-化学制剂,002262
300225.SZ,33,基础化工-化学制品-涂料油墨,300225
600408.SH,17,煤炭-煤炭开采加工-焦炭加工,600408
600668.SH,17,建筑材料-建筑材料-水泥,600668
600579.SH,17,机械设备-专用设备-其他专用设备,600579
600753.SH,22,交通运输-物流-物流Ⅲ,600753
600009.SH,17,交通运输-机场航运-机场,600009
600012.SH,17,交通运输-公路铁路运输-高速公路,600012
920832.BJ,151,基础化工-化学制品-其他化学制品,920832
601005.SH,17,钢铁-钢铁-普钢,601005
000789.SZ,33,建筑材料-建筑材料-水泥,000789
300298.SZ,33,医药生物-医疗器械-医疗设备,300298
300635.SZ,33,建筑装饰-建筑装饰-工程咨询服务,300635
600199.SH,17,食品饮料-白酒-白酒Ⅲ,600199
603006.SH,17,汽车-汽车零部件-其他汽车零部件,603006
601188.SH,17,交通运输-公路铁路运输-高速公路,601188
002040.SZ,33,交通运输-港口航运-港口,002040
300915.SZ,33,食品饮料-饮料制造-乳品,300915
000716.SZ,33,食品饮料-食品加工制造-休闲食品,000716
600396.SH,17,公用事业-电力-火电,600396
300761.SZ,33,农林牧渔-养殖业-肉鸡养殖,300761
603210.SH,17,汽车-汽车零部件-其他汽车零部件,603210
301295.SZ,33,电力设备-电网设备-输变电设备,301295
601577.SH,17,银行-银行-城商行,601577
301331.SZ,33,医药生物-中药-中药Ⅲ,301331
000598.SZ,33,环保-环境治理-水务及水治理,000598
300763.SZ,33,电力设备-光伏设备-逆变器,300763
601800.SH,17,建筑装饰-建筑装饰-基础建设,601800
603324.SH,17,环保-环保设备-环保设备Ⅲ,603324
601963.SH,17,银行-银行-城商行,601963
000595.SZ,33,公用事业-电力-新能源发电,000595
600697.SH,17,商贸零售-零售-百货零售,600697
600773.SH,17,房地产-房地产-住宅开发,600773
601368.SH,17,环保-环境治理-水务及水治理,601368
003037.SZ,33,建筑材料-建筑材料-水泥,003037
603398.SH,22,电力设备-光伏设备-硅料硅片,603398
002312.SZ,33,基础化工-农化制品-磷肥及磷化工,002312
002256.SZ,33,公用事业-电力-新能源发电,002256
000045.SZ,33,电子-光学光电子-面板,000045
600180.SH,17,交通运输-物流-物流Ⅲ,600180
600283.SH,17,环保-环境治理-水务及水治理,600283
603137.SH,17,建筑装饰-建筑装饰-装饰园林,603137
000881.SZ,33,基础化工-化学制品-其他化学制品,000881
301060.SZ,33,医药生物-医疗服务-其他医疗服务,301060
920305.BJ,151,计算机-IT服务-IT服务Ⅲ,920305
920519.BJ,151,基础化工-化学制品-其他化学制品,920519
002397.SZ,33,纺织服饰-服装家纺-家纺,002397
600582.SH,17,机械设备-专用设备-能源及重型设备,600582
600587.SH,17,医药生物-医疗器械-医疗设备,600587
603282.SH,17,环保-环保设备-环保设备Ⅲ,603282
600559.SH,17,食品饮料-白酒-白酒Ⅲ,600559
601997.SH,17,银行-银行-城商行,601997
688411.SH,17,电力设备-其他电源设备-其他电源设备Ⅲ,688411
002524.SZ,33,医药生物-医疗服务-医院,002524
301516.SZ,33,电力设备-其他电源设备-其他电源设备Ⅲ,301516
600368.SH,17,交通运输-公路铁路运输-高速公路,600368
688569.SH,17,机械设备-轨交设备-轨交设备Ⅲ,688569
001323.SZ,33,轻工制造-家居用品-成品家居,001323
600006.SH,17,汽车-汽车整车-商用载货车,600006
600628.SH,17,商贸零售-零售-百货零售,600628
600552.SH,17,电子-光学光电子-面板,600552
301156.SZ,33,基础化工-化学制品-食品及饲料添加剂,301156
001277.SZ,33,机械设备-专用设备-能源及重型设备,001277
600080.SH,17,医药生物-中药-中药Ⅲ,600080
600543.SH,17,食品饮料-饮料制造-其他酒类,600543
300893.SZ,33,汽车-汽车零部件-车身附件及饰件,300893
300501.SZ,33,轻工制造-包装印刷-包装,300501
600011.SH,17,公用事业-电力-火电,600011
002303.SZ,33,轻工制造-包装印刷-包装,002303
000619.SZ,33,建筑材料-建筑材料-其他建材,000619
002200.SZ,33,建筑装饰-建筑装饰-装饰园林,002200
000782.SZ,33,基础化工-化学纤维-其他纤维,000782
300300.SZ,33,计算机-IT服务-IT服务Ⅲ,300300
600104.SH,17,汽车-汽车整车-乘用车,600104
600281.SH,17,有色金属-小金属-其他小金属,600281
603456.SH,17,医药生物-医疗服务-医疗研发外包,603456
000563.SZ,33,非银金融-多元金融-多元金融Ⅲ,000563
002285.SZ,33,房地产-房地产-房地产服务,002285
000548.SZ,33,交通运输-公路铁路运输-高速公路,000548
002440.SZ,33,基础化工-化学制品-纺织化学用品,002440
688131.SH,17,医药生物-医疗服务-医疗研发外包,688131
605338.SH,17,食品饮料-食品加工制造-预加工食品,605338
600156.SH,17,纺织服饰-纺织制造-其他纺织,600156
603406.SH,17,基础化工-化学纤维-涤纶,603406
600153.SH,17,交通运输-物流-物流Ⅲ,600153
300233.SZ,33,医药生物-化学制药-化学制剂,300233
002014.SZ,33,轻工制造-包装印刷-包装,002014
603071.SH,17,公用事业-电力-热力,603071
605056.SH,17,机械设备-通用设备-仪器仪表,605056
600751.SH,17,交通运输-港口航运-航运,600751
600648.SH,17,房地产-房地产-产业地产,600648
600576.SH,17,社会服务-旅游及酒店-自然景点,600576
301255.SZ,33,机械设备-通用设备-金属制品,301255
300673.SZ,33,农林牧渔-农产品加工-宠物食品,300673
603072.SH,17,有色金属-金属新材料-磁性材料,603072
002568.SZ,33,食品饮料-饮料制造-其他酒类,002568
300562.SZ,33,医药生物-医疗器械-医疗设备,300562
000966.SZ,33,公用事业-电力-火电,000966
300041.SZ,33,基础化工-化学制品-有机硅,300041
301036.SZ,33,基础化工-化学制品-涂料油墨,301036
688109.SH,17,计算机-软件开发-垂直应用软件,688109
002404.SZ,33,纺织服饰-服装家纺-服装,002404
301109.SZ,33,环保-环境治理-固废治理,301109
002714.SZ,33,农林牧渔-养殖业-生猪养殖,002714
002258.SZ,33,基础化工-农化制品-农药,002258
000688.SZ,33,有色金属-小金属-钼,000688
002176.SZ,33,电力设备-电机-电机Ⅲ,002176
002959.SZ,33,家用电器-小家电-小家电Ⅲ,002959
002593.SZ,33,建筑装饰-建筑装饰-专业工程,002593
000507.SZ,33,交通运输-港口航运-港口,000507
600780.SH,17,公用事业-电力-火电,600780
603310.SH,17,基础化工-化学制品-氟化工,603310
603990.SH,17,计算机-软件开发-垂直应用软件,603990
000860.SZ,33,食品饮料-白酒-白酒Ⅲ,000860
600329.SH,17,医药生物-中药-中药Ⅲ,600329
000626.SZ,33,商贸零售-贸易-贸易Ⅲ,000626
688300.SH,17,基础化工-非金属材料-非金属材料Ⅲ,688300
603919.SH,17,食品饮料-白酒-白酒Ⅲ,603919
603382.SH,17,基础化工-化学纤维-其他纤维,603382
000516.SZ,33,医药生物-医疗服务-医院,000516
688623.SH,17,机械设备-自动化设备-其他自动化设备,688623
600053.SH,17,非银金融-多元金融-多元金融Ⅲ,600053
605177.SH,17,医药生物-化学制药-原料药,605177
002678.SZ,33,轻工制造-家居用品-文娱用品,002678
300267.SZ,33,医药生物-化学制药-原料药,300267
300999.SZ,33,农林牧渔-农产品加工-粮油加工,300999
000910.SZ,33,轻工制造-家居用品-瓷砖地板,000910
600939.SH,17,建筑装饰-建筑装饰-房屋建设,600939
001230.SZ,33,环保-环境治理-固废治理,001230
600230.SH,17,基础化工-化学制品-聚氨酯,600230
300157.SZ,33,机械设备-通用设备-其他通用设备,300157
600167.SH,17,公用事业-电力-热力,600167
603399.SH,17,有色金属-能源金属-锂,603399
000423.SZ,33,医药生物-中药-中药Ⅲ,000423
000501.SZ,33,商贸零售-零售-百货零售,000501
600197.SH,17,食品饮料-白酒-白酒Ⅲ,600197
688175.SH,17,国防军工-军工电子-军工电子Ⅲ,688175
002839.SZ,33,银行-银行-农商行,002839
603696.SH,17,食品饮料-食品加工制造-调味发酵品,603696
920651.BJ,151,机械设备-通用设备-仪器仪表,920651
002662.SZ,33,汽车-汽车零部件-车身附件及饰件,002662
002822.SZ,33,建筑装饰-建筑装饰-装饰园林,002822
300239.SZ,33,医药生物-生物制品-其他生物制品,300239
002226.SZ,33,基础化工-化学制品-民爆用品,002226
920735.BJ,151,医药生物-化学制药-化学制剂,920735
000868.SZ,33,汽车-汽车整车-商用载客车,000868
002901.SZ,33,医药生物-医疗器械-医疗耗材,002901
301126.SZ,33,医药生物-医药商业-医药流通,301126
300583.SZ,33,医药生物-化学制药-原料药,300583
002863.SZ,33,汽车-汽车零部件-轮胎轮毂,002863
002646.SZ,33,食品饮料-白酒-白酒Ⅲ,002646
600824.SH,17,商贸零售-零售-百货零售,600824
002101.SZ,33,汽车-汽车零部件-其他汽车零部件,002101
002250.SZ,33,基础化工-农化制品-农药,002250
000025.SZ,33,综合-综合-综合Ⅲ,000025
301150.SZ,33,电力设备-电池-锂电池,301150
920158.BJ,151,机械设备-专用设备-能源及重型设备,920158
601966.SH,17,汽车-汽车零部件-轮胎轮毂,601966
000710.SZ,33,医药生物-医疗服务-其他医疗服务,000710
600098.SH,17,公用事业-电力-火电,600098
600039.SH,17,建筑装饰-建筑装饰-基础建设,600039
601366.SH,17,商贸零售-零售-百货零售,601366
002066.SZ,33,建筑材料-建筑材料-耐火材料,002066
300962.SZ,33,社会服务-其他社会服务-专业服务,300962
002144.SZ,33,纺织服饰-纺织制造-其他纺织,002144
688696.SH,17,家用电器-黑色家电-其他黑色家电,688696
600461.SH,17,环保-环境治理-水务及水治理,600461
300180.SZ,33,基础化工-塑料制品-其他塑料制品,300180
002222.SZ,33,电子-光学光电子-光学元件,002222
688552.SH,17,国防军工-军工电子-军工电子Ⅲ,688552
001236.SZ,33,非银金融-多元金融-多元金融Ⅲ,001236
600859.SH,17,商贸零售-零售-百货零售,600859
001228.SZ,33,交通运输-物流-物流Ⅲ,001228
301587.SZ,33,电力设备-电池-锂电池,301587
000753.SZ,33,综合-综合-综合Ⅲ,000753
688363.SH,17,美容护理-美容护理-医疗美容,688363
301096.SZ,33,医药生物-医疗服务-医疗研发外包,301096
600110.SH,17,电力设备-电池-锂电池,600110
002615.SZ,33,轻工制造-家居用品-其他家居用品,002615
002445.SZ,33,机械设备-通用设备-金属制品,002445
920819.BJ,151,基础化工-农化制品-农药,920819
600585.SH,17,建筑材料-建筑材料-水泥,600585
000055.SZ,33,建筑材料-建筑材料-其他建材,000055
603718.SH,17,医药生物-医疗器械-医疗耗材,603718
603139.SH,17,医药生物-中药-中药Ⅲ,603139
000735.SZ,33,农林牧渔-养殖业-生猪养殖,000735
000826.SZ,33,环保-环境治理-综合环境治理,000826
600908.SH,17,银行-银行-农商行,600908
600071.SH,17,电子-光学光电子-光学元件,600071
000967.SZ,33,环保-环保设备-环保设备Ⅲ,000967
003036.SZ,33,机械设备-专用设备-纺织服装设备,003036
002120.SZ,33,交通运输-物流-物流Ⅲ,002120
688117.SH,17,医药生物-化学制药-化学制剂,688117
000027.SZ,33,公用事业-电力-火电,000027
002102.SZ,33,医药生物-化学制药-原料药,002102
300055.SZ,33,石油石化-石油加工贸易-石油加工,300055
603012.SH,17,机械设备-专用设备-能源及重型设备,603012
603733.SH,17,轻工制造-造纸-造纸Ⅲ,603733
002508.SZ,33,家用电器-厨卫电器-厨卫电器Ⅲ,002508
002880.SZ,33,医药生物-生物制品-血液制品,002880
300057.SZ,33,有色金属-工业金属-铝,300057
300702.SZ,33,医药生物-化学制药-原料药,300702
300869.SZ,33,医药生物-医疗器械-医疗设备,300869
300469.SZ,33,计算机-软件开发-垂直应用软件,300469
601766.SH,17,机械设备-轨交设备-轨交设备Ⅲ,601766
688389.SH,17,医药生物-医疗器械-体外诊断,688389
001205.SZ,33,交通运输-港口航运-航运,001205
002128.SZ,33,煤炭-煤炭开采加工-煤炭开采,002128
920433.BJ,151,医药生物-中药-中药Ⅲ,920433
920029.BJ,151,电力设备-电网设备-电气自控设备,920029
920403.BJ,151,农林牧渔-种植业与林业-种子生产,920403
301312.SZ,33,机械设备-自动化设备-工控设备,301312
301220.SZ,33,基础化工-化学制品-食品及饲料添加剂,301220
000897.SZ,33,房地产-房地产-住宅开发,000897
002469.SZ,33,基础化工-化学原料-其他化学原料,002469
600620.SH,17,综合-综合-综合Ⅲ,600620
688289.SH,17,医药生物-医疗器械-体外诊断,688289
600315.SH,17,美容护理-美容护理-化妆品,600315
002576.SZ,33,电力设备-电机-电机Ⅲ,002576
601512.SH,17,房地产-房地产-产业地产,601512
000557.SZ,33,交通运输-公路铁路运输-铁路运输,000557
300906.SZ,33,机械设备-轨交设备-轨交设备Ⅲ,300906
603530.SH,17,电力设备-电网设备-线缆部件及其他,603530
002761.SZ,33,建筑装饰-建筑装饰-房屋建设,002761
002252.SZ,33,医药生物-生物制品-血液制品,002252
000609.SZ,33,房地产-房地产-住宅开发,000609
300044.SZ,33,计算机-IT服务-IT服务Ⅲ,300044
002677.SZ,33,家用电器-厨卫电器-厨卫电器Ⅲ,002677
600409.SH,17,基础化工-化学原料-纯碱,600409
688795.SH,17,电子-半导体-数字芯片设计,688795
001215.SZ,33,食品饮料-食品加工制造-预加工食品,001215
600529.SH,17,医药生物-医疗器械-医疗耗材,600529
301370.SZ,33,医药生物-医药商业-医药流通,301370
603665.SH,17,纺织服饰-服装家纺-鞋帽及其他,603665
300422.SZ,33,环保-环境治理-水务及水治理,300422
300878.SZ,33,医药生物-中药-中药Ⅲ,300878
002240.SZ,33,有色金属-能源金属-锂,002240
002321.SZ,33,农林牧渔-养殖业-其他养殖,002321
000488.SZ,33,轻工制造-造纸-造纸Ⅲ,000488
300094.SZ,33,农林牧渔-养殖业-水产养殖,300094
003031.SZ,33,通信-通信设备-通信终端及配件,003031
600161.SH,17,医药生物-生物制品-血液制品,600161
000089.SZ,33,交通运输-机场航运-机场,000089
300765.SZ,33,医药生物-化学制药-原料药,300765
002818.SZ,33,商贸零售-零售-商业物业经营,002818
600178.SH,17,汽车-汽车零部件-底盘与发动机系统,600178
300396.SZ,33,医药生物-医疗器械-体外诊断,300396
002069.SZ,33,农林牧渔-养殖业-水产养殖,002069
300125.SZ,33,公用事业-电力-新能源发电,300125
688505.SH,17,医药生物-化学制药-化学制剂,688505
600790.SH,17,商贸零售-零售-商业物业经营,600790
601186.SH,17,建筑装饰-建筑装饰-基础建设,601186
300989.SZ,33,建筑装饰-建筑装饰-工程咨询服务,300989
600390.SH,17,非银金融-多元金融-多元金融Ⅲ,600390
603323.SH,17,银行-银行-农商行,603323
600955.SH,17,基础化工-化学原料-其他化学原料,600955
301281.SZ,33,医药生物-化学制药-化学制剂,301281
002686.SZ,33,机械设备-通用设备-制冷空调设备,002686
600130.SH,22,电子-消费电子-消费电子零部件及组装,600130
603711.SH,17,食品饮料-饮料制造-软饮料,603711
002253.SZ,33,计算机-软件开发-垂直应用软件,002253
000159.SZ,33,电力设备-光伏设备-光伏辅材,000159
603101.SH,17,商贸零售-零售-百货零售,603101
301083.SZ,33,机械设备-通用设备-其他通用设备,301083
688667.SH,17,汽车-汽车零部件-汽车电子电气系统,688667
600638.SH,17,房地产-房地产-住宅开发,600638
600809.SH,17,食品饮料-白酒-白酒Ⅲ,600809
002305.SZ,33,商贸零售-零售-商业物业经营,002305
600866.SH,17,基础化工-化学制品-食品及饲料添加剂,600866
600983.SH,17,家用电器-白色家电-冰洗,600983
002019.SZ,33,医药生物-化学制药-化学制剂,002019
603558.SH,17,纺织服饰-服装家纺-鞋帽及其他,603558
000566.SZ,33,医药生物-化学制药-化学制剂,000566
301613.SZ,33,汽车-汽车零部件-其他汽车零部件,301613
600085.SH,17,医药生物-中药-中药Ⅲ,600085
002304.SZ,33,食品饮料-白酒-白酒Ⅲ,002304
600035.SH,17,交通运输-公路铁路运输-高速公路,600035
600217.SH,17,环保-环境治理-固废治理,600217
301047.SZ,33,医药生物-生物制品-其他生物制品,301047
300522.SZ,33,基础化工-化学制品-涂料油墨,300522
603648.SH,17,交通运输-物流-物流Ⅲ,603648
002005.SZ,33,家用电器-小家电-小家电Ⅲ,002005
605011.SH,17,公用事业-电力-热力,605011
603810.SH,17,基础化工-农化制品-农药,603810
688566.SH,17,医药生物-化学制药-化学制剂,688566
603107.SH,17,汽车-汽车零部件-底盘与发动机系统,603107
002423.SZ,33,非银金融-多元金融-多元金融Ⅲ,002423
301507.SZ,33,医药生物-化学制药-化学制剂,301507
002094.SZ,33,轻工制造-家居用品-其他家居用品,002094
002717.SZ,33,环保-环境治理-综合环境治理,002717
603155.SH,17,基础化工-化学制品-有机硅,603155
000539.SZ,33,公用事业-电力-火电,000539
688063.SH,17,电力设备-电池-锂电池,688063
920261.BJ,151,基础化工-化学制品-聚氨酯,920261
603333.SH,17,电力设备-电网设备-线缆部件及其他,603333
603118.SH,17,通信-通信设备-通信终端及配件,603118
000012.SZ,33,建筑材料-建筑材料-玻璃玻纤,000012
300234.SZ,33,建筑材料-建筑材料-其他建材,300234
600930.SH,17,公用事业-电力-新能源发电,600930
688656.SH,17,医药生物-医疗器械-体外诊断,688656
300142.SZ,33,医药生物-生物制品-疫苗,300142
601010.SH,17,商贸零售-零售-百货零售,601010
002878.SZ,33,传媒-文化传媒-广告营销,002878
603518.SH,17,纺织服饰-服装家纺-服装,603518
002053.SZ,33,公用事业-电力-新能源发电,002053
601118.SH,17,农林牧渔-种植业与林业-其他种植业,601118
301296.SZ,33,轻工制造-包装印刷-包装,301296
000635.SZ,33,基础化工-化学原料-氯碱,000635
920028.BJ,151,基础化工-塑料制品-其他塑料制品,920028
002365.SZ,33,医药生物-化学制药-原料药,002365
002702.SZ,33,食品饮料-食品加工制造-预加工食品,002702
002661.SZ,33,食品饮料-食品加工制造-预加工食品,002661
600108.SH,17,农林牧渔-种植业与林业-其他种植业,600108
002783.SZ,33,基础化工-化学制品-民爆用品,002783
605008.SH,17,基础化工-塑料制品-其他塑料制品,605008
600568.SH,22,医药生物-医疗服务-医院,600568
688278.SH,17,医药生物-生物制品-其他生物制品,688278
002668.SZ,33,家用电器-白色家电-冰洗,002668
000019.SZ,33,农林牧渔-农产品加工-粮油加工,000019
000631.SZ,33,公用事业-电力-火电,000631
002269.SZ,33,纺织服饰-服装家纺-服装,002269
600616.SH,17,食品饮料-饮料制造-其他酒类,600616
603719.SH,17,食品饮料-食品加工制造-休闲食品,603719
002098.SZ,33,纺织服饰-纺织制造-辅料,002098
600682.SH,17,综合-综合-综合Ⅲ,600682
600179.SH,17,交通运输-港口航运-航运,600179
603077.SH,17,基础化工-农化制品-磷肥及磷化工,603077
600698.SH,17,汽车-汽车零部件-底盘与发动机系统,600698
001258.SZ,33,公用事业-电力-新能源发电,001258
002537.SZ,33,汽车-汽车零部件-车身附件及饰件,002537
000755.SZ,33,交通运输-公路铁路运输-高速公路,000755
002179.SZ,33,国防军工-军工电子-军工电子Ⅲ,002179
603966.SH,17,机械设备-专用设备-能源及重型设备,603966
603567.SH,17,医药生物-中药-中药Ⅲ,603567
000518.SZ,33,医药生物-生物制品-其他生物制品,000518
600979.SH,17,公用事业-电力-电能综合服务,600979
002427.SZ,33,基础化工-化学纤维-涤纶,002427
002242.SZ,33,家用电器-小家电-小家电Ⅲ,002242
600717.SH,17,交通运输-港口航运-港口,600717
603839.SH,17,纺织服饰-服装家纺-服装,603839
600300.SH,17,食品饮料-饮料制造-软饮料,600300
002679.SZ,33,农林牧渔-种植业与林业-林业,002679
600694.SH,17,商贸零售-零售-百货零售,600694
000862.SZ,33,公用事业-电力-新能源发电,000862
002639.SZ,33,机械设备-通用设备-制冷空调设备,002639
000088.SZ,33,交通运输-港口航运-港口,000088
600540.SH,17,农林牧渔-种植业与林业-其他种植业,600540
000883.SZ,33,公用事业-电力-电能综合服务,000883
603271.SH,17,有色金属-工业金属-铝,603271
300750.SZ,33,电力设备-电池-锂电池,300750
601588.SH,17,社会服务-其他社会服务-专业服务,601588
600279.SH,17,交通运输-港口航运-港口,600279
002626.SZ,33,食品饮料-食品加工制造-其他食品,002626
002852.SZ,33,农林牧渔-农产品加工-粮油加工,002852
300722.SZ,33,国防军工-军工装备-航天装备,300722
600519.SH,17,食品饮料-白酒-白酒Ⅲ,600519
300218.SZ,33,基础化工-塑料制品-其他塑料制品,300218
300456.SZ,33,电子-半导体-集成电路制造,300456
600956.SH,17,公用事业-电力-新能源发电,600956
605268.SH,17,轻工制造-家居用品-定制家居,605268
920478.BJ,151,医药生物-化学制药-原料药,920478
600019.SH,17,钢铁-钢铁-普钢,600019
002259.SZ,33,公用事业-燃气-燃气Ⅲ,002259
000001.SZ,33,银行-银行-股份制银行,000001
600273.SH,17,基础化工-化学制品-其他化学制品,600273
603980.SH,17,基础化工-化学制品-纺织化学用品,603980
600157.SH,17,公用事业-电力-火电,600157
001325.SZ,33,基础化工-橡胶制品-其他橡胶制品,001325
688739.SH,17,医药生物-生物制品-疫苗,688739
002401.SZ,33,计算机-IT服务-IT服务Ⅲ,002401
000419.SZ,33,商贸零售-零售-百货零售,000419
605055.SH,17,纺织服饰-纺织制造-印染,605055
002887.SZ,33,环保-环境治理-综合环境治理,002887
000625.SZ,33,汽车-汽车整车-乘用车,000625
601083.SH,17,交通运输-港口航运-航运,601083
603693.SH,17,公用事业-电力-新能源发电,603693
603899.SH,17,轻工制造-家居用品-文娱用品,603899
300883.SZ,33,轻工制造-包装印刷-包装,300883
920017.BJ,151,医药生物-化学制药-化学制剂,920017
605300.SH,17,食品饮料-饮料制造-乳品,605300
920981.BJ,151,电子-元件-被动元件,920981
002535.SZ,33,机械设备-专用设备-能源及重型设备,002535
600645.SH,17,医药生物-医疗器械-体外诊断,600645
001313.SZ,33,农林牧渔-农产品加工-水产饲料,001313
300174.SZ,33,基础化工-化学制品-其他化学制品,300174
300808.SZ,33,电子-光学光电子-LED,300808
603014.SH,17,医药生物-医疗器械-医疗耗材,603014
600692.SH,17,房地产-房地产-住宅开发,600692
300016.SZ,33,医药生物-化学制药-化学制剂,300016
002694.SZ,33,建筑材料-建筑材料-管材,002694
002958.SZ,33,银行-银行-农商行,002958
002795.SZ,33,机械设备-通用设备-金属制品,002795
688275.SH,17,电力设备-电池-电池化学品,688275
600184.SH,17,国防军工-军工装备-地面兵装,600184
600738.SH,17,商贸零售-零售-商业物业经营,600738
603275.SH,17,机械设备-自动化设备-工控设备,603275
605089.SH,17,食品饮料-食品加工制造-预加工食品,605089
601089.SH,17,医药生物-化学制药-化学制剂,601089
600827.SH,17,商贸零售-零售-百货零售,600827
301152.SZ,33,电力设备-电池-电池化学品,301152
002700.SZ,33,公用事业-燃气-燃气Ⅲ,002700
603948.SH,17,基础化工-化学制品-其他化学制品,603948
601033.SH,17,环保-环境治理-固废治理,601033
002936.SZ,33,银行-银行-城商行,002936
603566.SH,17,农林牧渔-养殖业-动物保健,603566
603208.SH,17,轻工制造-家居用品-定制家居,603208
002333.SZ,33,建筑材料-建筑材料-其他建材,002333
301141.SZ,33,有色金属-金属新材料-磁性材料,301141
600650.SH,17,交通运输-公路铁路运输-公交,600650
603223.SH,17,石油石化-石油加工贸易-油品石化贸易,603223
002956.SZ,33,食品饮料-食品加工制造-休闲食品,002956
601921.SH,17,传媒-文化传媒-出版,601921
300559.SZ,33,计算机-软件开发-垂直应用软件,300559
605009.SH,17,美容护理-美容护理-个护用品,605009
002215.SZ,33,农林牧渔-种植业与林业-其他种植业,002215
000504.SZ,33,医药生物-医疗服务-其他医疗服务,000504
002748.SZ,33,基础化工-化学原料-氯碱,002748
601008.SH,17,交通运输-港口航运-港口,601008
600016.SH,17,银行-银行-股份制银行,600016
001390.SZ,33,纺织服饰-纺织制造-其他纺织,001390
601158.SH,17,环保-环境治理-水务及水治理,601158
600794.SH,17,交通运输-物流-物流Ⅲ,600794
603866.SH,17,食品饮料-食品加工制造-休闲食品,603866
600036.SH,17,银行-银行-股份制银行,600036
600597.SH,17,食品饮料-饮料制造-乳品,600597
002732.SZ,33,食品饮料-饮料制造-乳品,002732
601330.SH,17,环保-环境治理-固废治理,601330
002602.SZ,33,传媒-游戏-游戏Ⅲ,002602
600575.SH,17,公用事业-电力-火电,600575
603351.SH,17,医药生物-化学制药-原料药,603351
002345.SZ,33,纺织服饰-服装家纺-饰品,002345
300087.SZ,33,农林牧渔-种植业与林业-种子生产,300087
300804.SZ,33,基础化工-农化制品-农药,300804
600160.SH,17,基础化工-化学制品-氟化工,600160
002293.SZ,33,纺织服饰-服装家纺-家纺,002293
300154.SZ,33,机械设备-通用设备-其他通用设备,300154
600903.SH,17,公用事业-燃气-燃气Ⅲ,600903
603987.SH,17,医药生物-医疗器械-医疗耗材,603987
600370.SH,17,基础化工-化学纤维-涤纶,600370
600403.SH,17,煤炭-煤炭开采加工-煤炭开采,600403
300758.SZ,33,基础化工-化学制品-涂料油墨,300758
600422.SH,17,医药生物-中药-中药Ⅲ,600422
688658.SH,17,医药生物-化学制药-化学制剂,688658
600059.SH,17,食品饮料-饮料制造-其他酒类,600059
002328.SZ,33,汽车-汽车零部件-其他汽车零部件,002328
002553.SZ,33,汽车-汽车零部件-底盘与发动机系统,002553
002832.SZ,33,纺织服饰-服装家纺-服装,002832
601065.SH,17,基础化工-化学原料-无机盐,601065
600078.SH,17,基础化工-农化制品-磷肥及磷化工,600078
000852.SZ,33,机械设备-专用设备-能源及重型设备,000852
300599.SZ,33,建筑材料-建筑材料-管材,300599
000908.SZ,33,医药生物-化学制药-化学制剂,000908
300801.SZ,33,基础化工-化学制品-其他化学制品,300801
600720.SH,17,建筑装饰-建筑装饰-工程咨询服务,600720
600227.SH,17,基础化工-农化制品-氮肥,600227
002501.SZ,33,有色金属-工业金属-铝,002501
603205.SH,17,医药生物-医疗器械-医疗耗材,603205
600834.SH,17,交通运输-公路铁路运输-公交,600834
603162.SH,17,交通运输-港口航运-航运,603162
603270.SH,17,机械设备-通用设备-金属制品,603270
000903.SZ,33,汽车-汽车零部件-底盘与发动机系统,000903
001318.SZ,33,食品饮料-饮料制造-乳品,001318
300542.SZ,33,计算机-软件开发-垂直应用软件,300542
002317.SZ,33,医药生物-中药-中药Ⅲ,002317
300685.SZ,33,医药生物-医疗器械-体外诊断,300685
002603.SZ,33,医药生物-中药-中药Ⅲ,002603
002948.SZ,33,银行-银行-城商行,002948
002890.SZ,33,机械设备-专用设备-农用机械,002890
002507.SZ,33,食品饮料-食品加工制造-调味发酵品,002507
688571.SH,17,基础化工-化学制品-涂料油墨,688571
603883.SH,17,医药生物-医药商业-药店,603883
002203.SZ,33,有色金属-工业金属-铜,002203
600116.SH,17,公用事业-电力-电能综合服务,600116
601968.SH,17,轻工制造-包装印刷-包装,601968
600332.SH,17,医药生物-中药-中药Ⅲ,600332
002895.SZ,33,基础化工-农化制品-磷肥及磷化工,002895
300979.SZ,33,纺织服饰-纺织制造-其他纺织,300979
600060.SH,17,家用电器-黑色家电-彩电,600060
003010.SZ,33,商贸零售-互联网电商-互联网电商Ⅲ,003010
003040.SZ,33,通信-通信设备-通信终端及配件,003040
002393.SZ,33,医药生物-化学制药-化学制剂,002393
300147.SZ,33,医药生物-中药-中药Ⅲ,300147
000049.SZ,33,电力设备-电池-锂电池,000049
300653.SZ,33,医药生物-医疗器械-医疗耗材,300653
600119.SH,17,交通运输-物流-物流Ⅲ,600119
000407.SZ,33,公用事业-燃气-燃气Ⅲ,000407
603778.SH,17,电力设备-光伏设备-光伏电池组件,603778
000985.SZ,33,石油石化-石油加工贸易-石油加工,000985
000596.SZ,33,食品饮料-白酒-白酒Ⅲ,000596
600506.SH,17,石油石化-石油加工贸易-石油加工,600506
002864.SZ,33,医药生物-中药-中药Ⅲ,002864
300972.SZ,33,商贸零售-零售-百货零售,300972
920946.BJ,151,医药生物-化学制药-原料药,920946
603520.SH,17,医药生物-化学制药-原料药,603520
300725.SZ,33,医药生物-医疗服务-医疗研发外包,300725
301257.SZ,33,医药生物-医疗服务-医疗研发外包,301257
301015.SZ,33,医药生物-医药商业-医药流通,301015
603868.SH,17,家用电器-小家电-小家电Ⅲ,603868
000615.SZ,33,美容护理-美容护理-医疗美容,000615
002172.SZ,33,医药生物-医疗服务-医院,002172
300039.SZ,33,医药生物-中药-中药Ⅲ,300039
002563.SZ,33,纺织服饰-服装家纺-服装,002563
002030.SZ,33,医药生物-医疗器械-体外诊断,002030
920188.BJ,151,基础化工-橡胶制品-其他橡胶制品,920188
600328.SH,17,基础化工-化学原料-无机盐,600328
000059.SZ,33,石油石化-石油加工贸易-石油加工,000059
605507.SH,17,医药生物-化学制药-原料药,605507
600929.SH,17,基础化工-化学原料-无机盐,600929
002666.SZ,33,基础化工-化学制品-其他化学制品,002666
000568.SZ,33,食品饮料-白酒-白酒Ⅲ,000568
600522.SH,17,通信-通信设备-通信线缆及配套,600522
603587.SH,17,纺织服饰-服装家纺-服装,603587
601016.SH,17,公用事业-电力-新能源发电,601016
600429.SH,17,食品饮料-饮料制造-乳品,600429
600323.SH,17,环保-环境治理-固废治理,600323
920429.BJ,151,食品饮料-食品加工制造-其他食品,920429
002976.SZ,33,汽车-汽车零部件-其他汽车零部件,002976
301211.SZ,33,医药生物-化学制药-原料药,301211
603080.SH,17,公用事业-燃气-燃气Ⅲ,603080
600436.SH,17,医药生物-中药-中药Ⅲ,600436
002641.SZ,33,建筑材料-建筑材料-管材,002641
600872.SH,17,食品饮料-食品加工制造-调味发酵品,600872
000902.SZ,33,基础化工-农化制品-复合肥,000902
688526.SH,17,农林牧渔-养殖业-动物保健,688526
002513.SZ,33,基础化工-农化制品-农药,002513
000590.SZ,33,医药生物-中药-中药Ⅲ,000590
603737.SH,17,建筑材料-建筑材料-其他建材,603737
600993.SH,17,医药生物-中药-中药Ⅲ,600993
603818.SH,17,轻工制造-家居用品-成品家居,603818
000993.SZ,33,公用事业-电力-水电,000993
600079.SH,22,医药生物-化学制药-化学制剂,600079
002327.SZ,33,纺织服饰-服装家纺-家纺,002327
601633.SH,17,汽车-汽车整车-乘用车,601633
920931.BJ,151,机械设备-专用设备-能源及重型设备,920931
603819.SH,17,电力设备-电机-电机Ⅲ,603819
300357.SZ,33,医药生物-生物制品-其他生物制品,300357
688091.SH,17,医药生物-化学制药-化学制剂,688091
603801.SH,17,轻工制造-家居用品-定制家居,603801
688298.SH,17,医药生物-医疗器械-体外诊断,688298
002461.SZ,33,食品饮料-饮料制造-啤酒,002461
600010.SH,17,钢铁-钢铁-普钢,600010
601886.SH,17,建筑装饰-建筑装饰-装饰园林,601886
603959.SH,17,电力设备-电池-锂电专用设备,603959
002349.SZ,33,医药生物-中药-中药Ⅲ,002349
600535.SH,17,医药生物-中药-中药Ⅲ,600535
600892.SH,22,传媒-游戏-游戏Ⅲ,600892
000813.SZ,33,医药生物-化学制药-化学制剂,000813
300558.SZ,33,医药生物-化学制药-化学制剂,300558
603192.SH,17,基础化工-化学制品-聚氨酯,603192
002043.SZ,33,建筑材料-建筑材料-其他建材,002043
301116.SZ,33,食品饮料-食品加工制造-肉制品,301116
603706.SH,17,公用事业-燃气-燃气Ⅲ,603706
600018.SH,17,交通运输-港口航运-港口,600018
002424.SZ,33,医药生物-中药-中药Ⅲ,002424
601869.SH,17,通信-通信设备-通信线缆及配套,601869
300741.SZ,33,基础化工-化学制品-食品及饲料添加剂,300741
603231.SH,17,农林牧渔-农产品加工-粮油加工,603231
601827.SH,17,环保-环境治理-固废治理,601827
002650.SZ,33,食品饮料-食品加工制造-调味发酵品,002650
600150.SH,17,国防军工-军工装备-航海装备,600150
003017.SZ,33,基础化工-化学原料-无机盐,003017
603551.SH,17,家用电器-厨卫电器-厨卫电器Ⅲ,603551
603215.SH,17,家用电器-小家电-小家电Ⅲ,603215
605303.SH,17,建筑装饰-建筑装饰-装饰园林,605303
002561.SZ,33,商贸零售-零售-百货零售,002561
601916.SH,17,银行-银行-股份制银行,601916
300534.SZ,33,医药生物-中药-中药Ⅲ,300534
000973.SZ,33,基础化工-塑料制品-膜材料,000973
000869.SZ,33,食品饮料-饮料制造-其他酒类,000869
002136.SZ,33,基础化工-化学原料-钛白粉,002136
603717.SH,17,农林牧渔-养殖业-生猪养殖,603717
001227.SZ,33,银行-银行-城商行,001227
601166.SH,17,银行-银行-股份制银行,601166
601606.SH,17,国防军工-军工装备-地面兵装,601606
300289.SZ,33,医药生物-医疗器械-体外诊断,300289
603395.SH,17,基础化工-农化制品-复合肥,603395
002809.SZ,33,基础化工-化学制品-其他化学制品,002809
603739.SH,17,基础化工-化学制品-食品及饲料添加剂,603739
600319.SH,17,基础化工-化学原料-氯碱,600319
002656.SZ,33,纺织服饰-服装家纺-服装,002656
600125.SH,17,交通运输-公路铁路运输-铁路运输,600125
002481.SZ,33,农林牧渔-农产品加工-其他农产品加工,002481
601908.SH,17,公用事业-电力-新能源发电,601908
688166.SH,17,医药生物-化学制药-原料药,688166
300314.SZ,33,医药生物-医疗器械-医疗设备,300314
603379.SH,17,基础化工-化学制品-氟化工,603379
000931.SZ,33,医药生物-化学制药-化学制剂,000931
002825.SZ,33,基础化工-塑料制品-其他塑料制品,002825
600032.SH,17,公用事业-电力-新能源发电,600032
000722.SZ,33,公用事业-电力-水电,000722
605599.SH,17,纺织服饰-服装家纺-饰品,605599
603296.SH,17,电子-消费电子-消费电子零部件及组装,603296
688519.SH,17,电子-元件-印制电路板,688519
603230.SH,17,传媒-文化传媒-出版,603230
600917.SH,17,公用事业-燃气-燃气Ⅲ,600917
002068.SZ,33,基础化工-橡胶制品-炭黑,002068
603206.SH,17,通信-通信服务-通信工程及服务,603206
300135.SZ,33,石油石化-石油加工贸易-石油加工,300135
600479.SH,17,医药生物-中药-中药Ⅲ,600479
001369.SZ,33,基础化工-化学纤维-其他纤维,001369
000698.SZ,33,石油石化-石油加工贸易-石油加工,000698
601169.SH,17,银行-银行-城商行,601169
600308.SH,17,轻工制造-造纸-造纸Ⅲ,600308
002311.SZ,33,农林牧渔-农产品加工-水产饲料,002311
301206.SZ,33,基础化工-化学制品-食品及饲料添加剂,301206
603123.SH,17,非银金融-多元金融-多元金融Ⅲ,603123
600660.SH,17,汽车-汽车零部件-车身附件及饰件,600660
601128.SH,17,银行-银行-农商行,601128
600731.SH,17,基础化工-农化制品-农药,600731
603168.SH,17,医药生物-化学制药-化学制剂,603168
002007.SZ,33,医药生物-生物制品-血液制品,002007
603010.SH,17,基础化工-化学制品-其他化学制品,603010
603928.SH,17,基础化工-塑料制品-合成树脂,603928
301097.SZ,33,医药生物-医疗器械-医疗耗材,301097
002099.SZ,33,医药生物-化学制药-原料药,002099
600784.SH,17,基础化工-化学原料-无机盐,600784
002733.SZ,33,电力设备-电池-其他电池,002733
601018.SH,17,交通运输-港口航运-港口,601018
001217.SZ,33,基础化工-化学原料-其他化学原料,001217
688373.SH,17,医药生物-化学制药-化学制剂,688373
002124.SZ,33,农林牧渔-养殖业-生猪养殖,002124
300429.SZ,33,电子-电子化学品-电子化学品Ⅲ,300429
600521.SH,17,医药生物-化学制药-化学制剂,600521
603353.SH,17,石油石化-石油加工贸易-油品石化贸易,603353
000651.SZ,33,家用电器-白色家电-空调,000651
601818.SH,17,银行-银行-股份制银行,601818
603363.SH,17,农林牧渔-农产品加工-畜禽饲料,603363
300255.SZ,33,医药生物-化学制药-化学制剂,300255
301509.SZ,33,医药生物-医疗服务-医疗研发外包,301509
600737.SH,17,农林牧渔-农产品加工-其他农产品加工,600737
002083.SZ,33,纺织服饰-纺织制造-棉纺,002083
002800.SZ,33,交通运输-物流-物流Ⅲ,002800
600389.SH,17,基础化工-农化制品-农药,600389
600812.SH,17,医药生物-化学制药-化学制剂,600812
300261.SZ,33,基础化工-农化制品-农药,300261
300620.SZ,33,通信-通信设备-通信网络设备及器件,300620
600398.SH,17,纺织服饰-服装家纺-服装,600398
002468.SZ,33,交通运输-物流-物流Ⅲ,002468
300610.SZ,33,基础化工-化学制品-其他化学制品,300610
600538.SH,17,医药生物-医疗器械-体外诊断,600538
600467.SH,17,农林牧渔-养殖业-水产养殖,600467
605286.SH,17,机械设备-专用设备-楼宇设备,605286
600863.SH,17,公用事业-电力-火电,600863
600689.SH,17,综合-综合-综合Ⅲ,600689
920402.BJ,151,电子-电子化学品-电子化学品Ⅲ,920402
000529.SZ,33,食品饮料-食品加工制造-肉制品,000529
300710.SZ,33,通信-通信设备-通信网络设备及器件,300710
000828.SZ,33,交通运输-公路铁路运输-高速公路,000828
603708.SH,17,商贸零售-零售-百货零售,603708
601668.SH,17,建筑装饰-建筑装饰-房屋建设,601668
601665.SH,17,银行-银行-城商行,601665
002966.SZ,33,银行-银行-城商行,002966
600610.SH,17,基础化工-化学原料-其他化学原料,600610
600612.SH,17,纺织服饰-服装家纺-饰品,600612
000692.SZ,33,公用事业-电力-热力,000692
000650.SZ,33,医药生物-中药-中药Ⅲ,000650
601816.SH,17,交通运输-公路铁路运输-铁路运输,601816
601011.SH,17,煤炭-煤炭开采加工-焦炭加工,601011
600305.SH,17,食品饮料-食品加工制造-调味发酵品,600305
002234.SZ,33,农林牧渔-养殖业-肉鸡养殖,002234
002971.SZ,33,基础化工-化学制品-其他化学制品,002971
605068.SH,17,汽车-汽车零部件-车身附件及饰件,605068
600084.SH,17,食品饮料-饮料制造-其他酒类,600084
600141.SH,17,基础化工-农化制品-磷肥及磷化工,600141
688234.SH,17,电子-半导体-半导体材料,688234
605369.SH,17,医药生物-医疗器械-医疗耗材,605369
300826.SZ,33,建筑装饰-建筑装饰-工程咨询服务,300826
600236.SH,17,公用事业-电力-水电,600236
600072.SH,17,电力设备-风电设备-风电整机,600072
300329.SZ,33,轻工制造-家居用品-文娱用品,300329
300519.SZ,33,医药生物-中药-中药Ⅲ,300519
688136.SH,17,医药生物-生物制品-其他生物制品,688136
920159.BJ,151,基础化工-农化制品-复合肥,920159
002999.SZ,33,基础化工-农化制品-复合肥,002999
600750.SH,17,医药生物-中药-中药Ⅲ,600750
000762.SZ,33,有色金属-能源金属-锂,000762
600333.SH,17,公用事业-燃气-燃气Ⅲ,600333
300437.SZ,33,基础化工-化学制品-其他化学制品,300437
688189.SH,17,医药生物-化学制药-化学制剂,688189
300452.SZ,33,医药生物-化学制药-原料药,300452
600518.SH,17,医药生物-中药-中药Ⅲ,600518
300313.SZ,33,农林牧渔-养殖业-其他养殖,300313
000793.SZ,33,传媒-文化传媒-出版,000793
002275.SZ,33,医药生物-中药-中药Ⅲ,002275
920970.BJ,151,基础化工-化学制品-食品及饲料添加剂,920970
001299.SZ,33,公用事业-燃气-燃气Ⅲ,001299
002140.SZ,33,建筑装饰-建筑装饰-专业工程,002140
688314.SH,17,医药生物-医疗器械-医疗耗材,688314
000951.SZ,33,汽车-汽车整车-商用载货车,000951
603896.SH,17,医药生物-中药-中药Ⅲ,603896
000668.SZ,33,房地产-房地产-住宅开发,000668
000513.SZ,33,医药生物-化学制药-化学制剂,000513
603301.SH,17,医药生物-医疗器械-医疗耗材,603301
600023.SH,17,公用事业-电力-火电,600023
001289.SZ,33,公用事业-电力-新能源发电,001289
600354.SH,17,农林牧渔-种植业与林业-种子生产,600354
600000.SH,17,银行-银行-股份制银行,600000
000723.SZ,33,煤炭-煤炭开采加工-焦炭加工,000723
300347.SZ,33,医药生物-医疗服务-医疗研发外包,300347
603816.SH,17,轻工制造-家居用品-成品家居,603816
300022.SZ,33,商贸零售-零售-专业连锁,300022
601969.SH,17,钢铁-钢铁-冶钢原料,601969
600730.SH,17,社会服务-教育-教育Ⅲ,600730
001286.SZ,33,公用事业-电力-火电,001286
603065.SH,17,基础化工-化学制品-其他化学制品,603065
603207.SH,17,医药生物-化学制药-化学制剂,603207
605296.SH,17,农林牧渔-养殖业-生猪养殖,605296
002041.SZ,33,农林牧渔-种植业与林业-种子生产,002041
601007.SH,17,社会服务-旅游及酒店-酒店,601007
300122.SZ,33,医药生物-生物制品-疫苗,300122
603233.SH,17,医药生物-医药商业-药店,603233
600265.SH,22,农林牧渔-种植业与林业-林业,600265
600177.SH,17,纺织服饰-服装家纺-服装,600177
600789.SH,17,医药生物-化学制药-化学制剂,600789
002620.SZ,33,建筑装饰-建筑装饰-装饰园林,002620
603127.SH,17,医药生物-医疗服务-医疗研发外包,603127
002749.SZ,33,基础化工-农化制品-农药,002749
300326.SZ,33,医药生物-医疗器械-医疗耗材,300326
301552.SZ,33,汽车-汽车零部件-车身附件及饰件,301552
301277.SZ,33,医药生物-化学制药-原料药,301277
600113.SH,17,商贸零售-零售-商业物业经营,600113
300772.SZ,33,电力设备-风电设备-风电整机,300772
605090.SH,17,公用事业-燃气-燃气Ⅲ,605090
603368.SH,17,医药生物-医药商业-医药流通,603368
603086.SH,17,基础化工-农化制品-农药,603086
000858.SZ,33,食品饮料-白酒-白酒Ⅲ,000858
600025.SH,17,公用事业-电力-水电,600025
301665.SZ,33,基础化工-农化制品-农药,301665
000999.SZ,33,医药生物-中药-中药Ⅲ,000999
300387.SZ,33,基础化工-农化制品-复合肥,300387
300658.SZ,33,美容护理-美容护理-个护用品,300658
603515.SH,17,电子-光学光电子-LED,603515
603683.SH,17,基础化工-化学制品-其他化学制品,603683
301349.SZ,33,电力设备-电池-电池化学品,301349
300238.SZ,33,医药生物-医疗器械-医疗耗材,300238
002142.SZ,33,银行-银行-城商行,002142
300363.SZ,33,医药生物-医疗服务-医疗研发外包,300363
600327.SH,17,商贸零售-零售-百货零售,600327
300439.SZ,33,医药生物-医疗器械-体外诊断,300439
002982.SZ,33,农林牧渔-养殖业-肉鸡养殖,002982
300091.SZ,33,机械设备-通用设备-其他通用设备,300091
300908.SZ,33,食品饮料-食品加工制造-调味发酵品,300908
600073.SH,17,食品饮料-食品加工制造-肉制品,600073
603609.SH,17,农林牧渔-农产品加工-畜禽饲料,603609
603658.SH,17,医药生物-医疗器械-体外诊断,603658
600557.SH,17,医药生物-中药-中药Ⅲ,600557
000848.SZ,33,食品饮料-饮料制造-软饮料,000848
600285.SH,17,医药生物-中药-中药Ⅲ,600285
300759.SZ,33,医药生物-医疗服务-医疗研发外包,300759
000411.SZ,33,医药生物-医药商业-医药流通,000411
600201.SH,17,农林牧渔-养殖业-动物保健,600201
600066.SH,17,汽车-汽车整车-商用载客车,600066
000550.SZ,33,汽车-汽车整车-商用载货车,000550
300871.SZ,33,农林牧渔-养殖业-动物保健,300871
002386.SZ,33,基础化工-化学原料-氯碱,002386
603409.SH,17,汽车-汽车零部件-车身附件及饰件,603409
603217.SH,17,基础化工-化学制品-其他化学制品,603217
002847.SZ,33,食品饮料-食品加工制造-休闲食品,002847
301089.SZ,33,医药生物-化学制药-原料药,301089
300404.SZ,33,医药生物-医疗服务-医疗研发外包,300404
600348.SH,17,煤炭-煤炭开采加工-煤炭开采,600348
688180.SH,17,医药生物-生物制品-其他生物制品,688180
002567.SZ,33,农林牧渔-农产品加工-畜禽饲料,002567
600905.SH,17,公用事业-电力-新能源发电,600905
605136.SH,17,商贸零售-互联网电商-互联网电商Ⅲ,605136
601939.SH,17,银行-银行-国有大型银行,601939
603227.SH,17,基础化工-化学制品-民爆用品,603227
000927.SZ,33,交通运输-物流-物流Ⅲ,000927
601006.SH,17,交通运输-公路铁路运输-铁路运输,601006
603389.SH,22,轻工制造-家居用品-成品家居,603389
000565.SZ,33,基础化工-化学制品-涂料油墨,000565
300955.SZ,33,美容护理-美容护理-化妆品,300955
300158.SZ,33,医药生物-中药-中药Ⅲ,300158
600015.SH,17,银行-银行-股份制银行,600015
600926.SH,17,银行-银行-城商行,600926
002287.SZ,33,医药生物-中药-中药Ⅲ,002287
600714.SH,17,基础化工-化学原料-无机盐,600714
600801.SH,17,建筑材料-建筑材料-水泥,600801
002869.SZ,33,计算机-计算机设备-其他计算机设备,002869
688163.SH,17,医药生物-生物制品-血液制品,688163
002753.SZ,33,基础化工-橡胶制品-炭黑,002753
600998.SH,17,医药生物-医药商业-医药流通,600998
300134.SZ,33,通信-通信设备-通信网络设备及器件,300134
300381.SZ,33,医药生物-化学制药-原料药,300381
603260.SH,17,基础化工-化学制品-有机硅,603260
601985.SH,17,公用事业-电力-新能源发电,601985
603529.SH,17,汽车-汽车服务及其他-其他运输设备,603529
301081.SZ,33,环保-环保设备-环保设备Ⅲ,301081
601187.SH,17,银行-银行-城商行,601187
603998.SH,17,医药生物-中药-中药Ⅲ,603998
001872.SZ,33,交通运输-港口航运-港口,001872
601113.SH,17,基础化工-化学纤维-其他纤维,601113
000895.SZ,33,食品饮料-食品加工制造-肉制品,000895
603939.SH,17,医药生物-医药商业-药店,603939
600378.SH,17,基础化工-化学制品-氟化工,600378
000820.SZ,33,环保-环保设备-环保设备Ⅲ,000820
003816.SZ,33,公用事业-电力-新能源发电,003816
603833.SH,17,轻工制造-家居用品-定制家居,603833
002299.SZ,33,农林牧渔-养殖业-肉鸡养殖,002299
603722.SH,17,基础化工-化学制品-其他化学制品,603722
002047.SZ,33,建筑装饰-建筑装饰-装饰园林,002047
002763.SZ,33,纺织服饰-服装家纺-服装,002763
600573.SH,17,食品饮料-饮料制造-啤酒,600573
001226.SZ,33,机械设备-工程机械-工程机械Ⅲ,001226
600925.SH,17,煤炭-煤炭开采加工-煤炭开采,600925
601838.SH,17,银行-银行-城商行,601838
600223.SH,17,美容护理-美容护理-化妆品,600223
000756.SZ,33,医药生物-化学制药-原料药,000756
603689.SH,17,公用事业-燃气-燃气Ⅲ,603689
000963.SZ,33,医药生物-化学制药-化学制剂,000963
600232.SH,17,纺织服饰-纺织制造-其他纺织,600232
301592.SZ,33,国防军工-军工电子-军工电子Ⅲ,301592
000695.SZ,33,电力设备-电池-电池化学品,000695
002840.SZ,33,食品饮料-食品加工制造-肉制品,002840
002422.SZ,33,医药生物-化学制药-化学制剂,002422
300705.SZ,33,医药生物-化学制药-化学制剂,300705
600419.SH,17,食品饮料-饮料制造-乳品,600419
000876.SZ,33,农林牧渔-农产品加工-畜禽饲料,000876
600919.SH,17,银行-银行-城商行,600919
603811.SH,17,医药生物-化学制药-化学制剂,603811
600163.SH,17,公用事业-电力-新能源发电,600163
600062.SH,17,医药生物-化学制药-化学制剂,600062
002758.SZ,33,基础化工-农化制品-复合肥,002758
603053.SH,17,公用事业-燃气-燃气Ⅲ,603053
301520.SZ,33,医药生物-医疗服务-医疗研发外包,301520
000333.SZ,33,家用电器-白色家电-空调,000333
600873.SH,17,基础化工-化学制品-食品及饲料添加剂,600873
603586.SH,17,汽车-汽车零部件-底盘与发动机系统,603586
600377.SH,17,交通运输-公路铁路运输-高速公路,600377
600774.SH,17,医药生物-化学制药-化学制剂,600774
002972.SZ,33,机械设备-轨交设备-轨交设备Ⅲ,002972
601825.SH,17,银行-银行-农商行,601825
688151.SH,17,医药生物-医疗器械-医疗耗材,688151
000421.SZ,33,公用事业-燃气-燃气Ⅲ,000421
002166.SZ,33,基础化工-化学制品-食品及饲料添加剂,002166
603787.SH,17,汽车-汽车服务及其他-其他运输设备,603787
605189.SH,17,纺织服饰-纺织制造-印染,605189
300293.SZ,33,机械设备-专用设备-其他专用设备,300293
603170.SH,17,食品饮料-食品加工制造-调味发酵品,603170
301584.SZ,33,医药生物-医药商业-医药流通,301584
600833.SH,17,医药生物-医药商业-药店,600833
002020.SZ,33,医药生物-化学制药-化学制剂,002020
603213.SH,17,基础化工-化学原料-氯碱,603213
600316.SH,17,国防军工-军工装备-航空装备,600316
002168.SZ,33,医药生物-化学制药-化学制剂,002168
300586.SZ,33,基础化工-塑料制品-改性塑料,300586
002024.SZ,33,商贸零售-互联网电商-互联网电商Ⅲ,002024
001213.SZ,33,交通运输-公路铁路运输-铁路运输,001213
000656.SZ,33,房地产-房地产-住宅开发,000656
603716.SH,17,医药生物-医药商业-医药流通,603716
600566.SH,17,医药生物-中药-中药Ⅲ,600566
601229.SH,17,银行-银行-城商行,601229
002521.SZ,33,轻工制造-造纸-造纸Ⅲ,002521
000957.SZ,33,汽车-汽车整车-商用载客车,000957
600380.SH,17,医药生物-化学制药-化学制剂,600380
300009.SZ,33,医药生物-生物制品-其他生物制品,300009
600121.SH,17,煤炭-煤炭开采加工-煤炭开采,600121
603198.SH,17,食品饮料-白酒-白酒Ⅲ,603198
600600.SH,17,食品饮料-饮料制造-啤酒,600600
603235.SH,17,医药生物-化学制药-原料药,603235
600976.SH,17,医药生物-中药-中药Ⅲ,600976
601728.SH,17,通信-通信服务-电信运营商,601728
600572.SH,17,医药生物-中药-中药Ⅲ,600572
600444.SH,17,机械设备-专用设备-其他专用设备,600444
601086.SH,17,商贸零售-零售-百货零售,601086
605266.SH,17,医药生物-医药商业-药店,605266
000525.SZ,33,基础化工-农化制品-农药,000525
600886.SH,17,公用事业-电力-水电,600886
003000.SZ,33,食品饮料-食品加工制造-休闲食品,003000
002808.SZ,33,电子-光学光电子-光学元件,002808
600106.SH,17,交通运输-公路铁路运输-高速公路,600106
002688.SZ,33,农林牧渔-养殖业-动物保健,002688
601919.SH,17,交通运输-港口航运-航运,601919
002556.SZ,33,农林牧渔-种植业与林业-农业综合,002556
600941.SH,17,通信-通信服务-电信运营商,600941
600741.SH,17,汽车-汽车零部件-车身附件及饰件,600741
002737.SZ,33,医药生物-中药-中药Ⅲ,002737
600211.SH,17,医药生物-生物制品-其他生物制品,600211
920304.BJ,151,基础化工-化学原料-其他化学原料,920304
002267.SZ,33,公用事业-燃气-燃气Ⅲ,002267
002289.SZ,33,通信-通信服务-通信应用增值服务,002289
600251.SH,17,农林牧渔-农产品加工-果蔬加工,600251
002330.SZ,33,食品饮料-食品加工制造-肉制品,002330
002728.SZ,33,医药生物-中药-中药Ⅲ,002728
688247.SH,17,医药生物-化学制药-化学制剂,688247
000786.SZ,33,建筑材料-建筑材料-其他建材,000786
605368.SH,17,公用事业-燃气-燃气Ⅲ,605368
300636.SZ,33,医药生物-化学制药-原料药,300636
600726.SH,17,煤炭-煤炭开采加工-煤炭开采,600726
603858.SH,17,医药生物-中药-中药Ⅲ,603858
920729.BJ,151,农林牧渔-养殖业-动物保健,920729
300204.SZ,33,医药生物-化学制药-化学制剂,300204
603976.SH,17,医药生物-医疗器械-医疗耗材,603976
688087.SH,17,基础化工-塑料制品-其他塑料制品,688087
603237.SH,17,食品饮料-食品加工制造-预加工食品,603237
600420.SH,17,医药生物-化学制药-化学制剂,600420
688266.SH,17,医药生物-化学制药-化学制剂,688266
002192.SZ,33,有色金属-能源金属-锂,002192
603214.SH,17,商贸零售-零售-专业连锁,603214
002551.SZ,33,医药生物-医疗器械-医疗耗材,002551
600975.SH,17,农林牧渔-养殖业-生猪养殖,600975
600395.SH,17,煤炭-煤炭开采加工-煤炭开采,600395
603886.SH,17,食品饮料-食品加工制造-休闲食品,603886
301216.SZ,33,基础化工-塑料制品-其他塑料制品,301216
002419.SZ,33,商贸零售-零售-百货零售,002419
603055.SH,17,纺织服饰-纺织制造-其他纺织,603055
603668.SH,17,农林牧渔-农产品加工-水产饲料,603668
688799.SH,17,医药生物-化学制药-化学制剂,688799
000715.SZ,33,商贸零售-零售-百货零售,000715
000678.SZ,33,汽车-汽车零部件-底盘与发动机系统,000678
002942.SZ,33,基础化工-农化制品-农药,002942
600798.SH,17,交通运输-港口航运-航运,600798
605169.SH,17,公用事业-燃气-燃气Ⅲ,605169
002385.SZ,33,农林牧渔-农产品加工-畜禽饲料,002385
002476.SZ,33,石油石化-石油加工贸易-石油加工,002476
000096.SZ,33,石油石化-石油加工贸易-油品石化贸易,000096
002746.SZ,33,农林牧渔-养殖业-肉鸡养殖,002746
002773.SZ,33,医药生物-生物制品-其他生物制品,002773
002132.SZ,33,机械设备-通用设备-金属制品,002132
603808.SH,17,纺织服饰-服装家纺-服装,603808
600681.SH,17,公用事业-燃气-燃气Ⅲ,600681
000652.SZ,33,综合-综合-综合Ⅲ,000652
000713.SZ,33,农林牧渔-种植业与林业-种子生产,000713
600618.SH,17,基础化工-化学原料-氯碱,600618
002898.SZ,33,医药生物-化学制药-化学制剂,002898
600026.SH,17,交通运输-港口航运-航运,600026
001965.SZ,33,交通运输-公路铁路运输-高速公路,001965
600196.SH,17,医药生物-化学制药-化学制剂,600196
688726.SH,17,电力设备-光伏设备-光伏加工设备,688726
002265.SZ,33,国防军工-军工装备-地面兵装,002265
000593.SZ,33,公用事业-燃气-燃气Ⅲ,000593
301201.SZ,33,医药生物-医疗服务-医疗研发外包,301201
002352.SZ,33,交通运输-物流-物流Ⅲ,002352
300937.SZ,33,医药生物-医药商业-医药流通,300937
002458.SZ,33,农林牧渔-养殖业-肉鸡养殖,002458
600887.SH,17,食品饮料-饮料制造-乳品,600887
301035.SZ,33,基础化工-农化制品-农药,301035
600511.SH,17,医药生物-医药商业-医药流通,600511
000998.SZ,33,农林牧渔-种植业与林业-种子生产,000998
002462.SZ,33,医药生物-医药商业-医药流通,002462
003020.SZ,33,医药生物-化学制药-化学制剂,003020
688351.SH,17,医药生物-医疗器械-医疗耗材,688351
301327.SZ,33,电力设备-电池-锂电池,301327
603590.SH,17,医药生物-生物制品-其他生物制品,603590
300019.SZ,33,基础化工-化学制品-有机硅,300019
603229.SH,17,医药生物-化学制药-原料药,603229
605116.SH,17,医药生物-化学制药-原料药,605116
600252.SH,17,医药生物-中药-中药Ⅲ,600252
600900.SH,17,公用事业-电力-水电,600900
002588.SZ,33,基础化工-农化制品-复合肥,002588
002584.SZ,33,电子-电子化学品-电子化学品Ⅲ,002584
300082.SZ,33,基础化工-化学原料-其他化学原料,300082
603639.SH,17,基础化工-农化制品-农药,603639
688382.SH,17,医药生物-化学制药-化学制剂,688382
601009.SH,17,银行-银行-城商行,601009
600233.SH,17,交通运输-物流-物流Ⅲ,600233
301008.SZ,33,家用电器-白色家电-家电零部件,301008
600367.SH,17,基础化工-化学原料-无机盐,600367
002644.SZ,33,医药生物-中药-中药Ⅲ,002644
688646.SH,22,机械设备-自动化设备-激光设备,688646
002022.SZ,33,医药生物-医疗器械-体外诊断,002022
002332.SZ,33,医药生物-化学制药-化学制剂,002332
603027.SH,17,食品饮料-食品加工制造-调味发酵品,603027
002755.SZ,33,医药生物-化学制药-化学制剂,002755
603970.SH,17,基础化工-农化制品-农药,603970
000429.SZ,33,交通运输-公路铁路运输-高速公路,000429
002726.SZ,33,食品饮料-食品加工制造-肉制品,002726
000983.SZ,33,煤炭-煤炭开采加工-煤炭开采,000983
301357.SZ,33,国防军工-军工装备-地面兵装,301357
603365.SH,17,纺织服饰-服装家纺-家纺,603365
002631.SZ,33,轻工制造-家居用品-瓷砖地板,002631
600350.SH,17,交通运输-公路铁路运输-高速公路,600350
603938.SH,17,基础化工-化学原料-其他化学原料,603938
000953.SZ,33,医药生物-化学制药-原料药,000953
600359.SH,17,农林牧渔-种植业与林业-其他种植业,600359
600007.SH,17,房地产-房地产-商业地产,600007
000809.SZ,33,电力设备-风电设备-风电零部件,000809
605589.SH,17,基础化工-塑料制品-合成树脂,605589
600128.SH,17,商贸零售-贸易-贸易Ⅲ,600128
300936.SZ,33,电子-元件-印制电路板,300936
600158.SH,17,社会服务-其他社会服务-体育,600158
002329.SZ,33,食品饮料-饮料制造-乳品,002329
000422.SZ,33,基础化工-农化制品-磷肥及磷化工,000422
600132.SH,17,食品饮料-饮料制造-啤酒,600132
600792.SH,17,煤炭-煤炭开采加工-焦炭加工,600792
000812.SZ,33,轻工制造-包装印刷-包装,000812
605566.SH,17,基础化工-化学制品-纺织化学用品,605566
603281.SH,17,基础化工-化学制品-有机硅,603281
000705.SZ,33,医药生物-医药商业-医药流通,000705
000989.SZ,33,医药生物-中药-中药Ⅲ,000989
600309.SH,17,基础化工-化学制品-聚氨酯,600309
300434.SZ,33,医药生物-化学制药-化学制剂,300434
600643.SH,17,非银金融-多元金融-多元金融Ⅲ,600643
300584.SZ,33,医药生物-化学制药-化学制剂,300584
600129.SH,17,医药生物-中药-中药Ⅲ,600129
600107.SH,22,纺织服饰-服装家纺-服装,600107
300006.SZ,33,医药生物-化学制药-化学制剂,300006
600149.SH,17,公用事业-电力-热力,600149
300093.SZ,33,电力设备-光伏设备-光伏电池组件,300093
002538.SZ,33,基础化工-农化制品-复合肥,002538
001201.SZ,33,农林牧渔-养殖业-生猪养殖,001201
000729.SZ,33,食品饮料-饮料制造-啤酒,000729
605399.SH,17,基础化工-化学制品-有机硅,605399
600674.SH,17,公用事业-电力-水电,600674
001203.SZ,33,钢铁-钢铁-冶钢原料,001203
601998.SH,17,银行-银行-股份制银行,601998
603079.SH,17,基础化工-化学制品-食品及饲料添加剂,603079
300796.SZ,33,基础化工-农化制品-农药,300796
920099.BJ,151,建筑装饰-建筑装饰-专业工程,920099
603458.SH,17,建筑装饰-建筑装饰-工程咨询服务,603458
002531.SZ,33,电力设备-风电设备-风电零部件,002531
603439.SH,17,医药生物-中药-中药Ⅲ,603439
300149.SZ,33,医药生物-医疗服务-医疗研发外包,300149
688622.SH,17,机械设备-通用设备-仪器仪表,688622
300390.SZ,33,电力设备-电池-电池化学品,300390
603367.SH,17,医药生物-化学制药-化学制剂,603367
601607.SH,17,医药生物-医药商业-医药流通,601607
688488.SH,17,医药生物-生物制品-其他生物制品,688488
000538.SZ,33,医药生物-中药-中药Ⅲ,000538
300497.SZ,33,医药生物-化学制药-原料药,300497
600735.SH,22,纺织服饰-服装家纺-饰品,600735
300344.SZ,37,计算机-软件开发-垂直应用软件,300344
600355.SH,22,通信-通信设备-通信终端及配件,600355
603182.SH,17,农林牧渔-农产品加工-粮油加工,603182
603391.SH,17,机械设备-专用设备-能源及重型设备,603391
300575.SZ,33,基础化工-农化制品-农药,300575
603933.SH,17,电子-其他电子-其他电子Ⅲ,603933
600965.SH,17,农林牧渔-养殖业-其他养殖,600965
002306.SZ,33,社会服务-旅游及酒店-餐饮,002306
603199.SH,17,社会服务-旅游及酒店-自然景点,603199
601020.SH,17,有色金属-工业金属-铅锌,601020
000639.SZ,33,食品饮料-食品加工制造-其他食品,000639
605018.SH,17,汽车-汽车零部件-其他汽车零部件,605018
601328.SH,17,银行-银行-国有大型银行,601328
300026.SZ,33,医药生物-中药-中药Ⅲ,300026
300086.SZ,33,医药生物-化学制药-化学制剂,300086
603676.SH,17,医药生物-化学制药-化学制剂,603676
002756.SZ,33,有色金属-能源金属-锂,002756
600423.SH,17,基础化工-化学原料-其他化学原料,600423
300072.SZ,33,基础化工-化学制品-其他化学制品,300072
600426.SH,17,基础化工-农化制品-氮肥,600426
603477.SH,17,农林牧渔-养殖业-生猪养殖,603477
002950.SZ,33,医药生物-医疗器械-医疗耗材,002950
688520.SH,17,医药生物-生物制品-其他生物制品,688520
600867.SH,17,医药生物-生物制品-其他生物制品,600867
688331.SH,17,医药生物-生物制品-其他生物制品,688331
002550.SZ,33,医药生物-化学制药-化学制剂,002550
600222.SH,17,医药生物-中药-中药Ⅲ,600222
002762.SZ,33,纺织服饰-服装家纺-服装,002762
000911.SZ,33,农林牧渔-农产品加工-其他农产品加工,000911
600421.SH,22,机械设备-通用设备-金属制品,600421
002986.SZ,33,石油石化-石油加工贸易-石油加工,002986
000637.SZ,33,石油石化-石油加工贸易-石油加工,000637
600500.SH,17,基础化工-化学制品-其他化学制品,600500
002216.SZ,33,食品饮料-食品加工制造-预加工食品,002216
300194.SZ,33,医药生物-化学制药-化学制剂,300194
600487.SH,17,通信-通信设备-通信线缆及配套,600487
600598.SH,17,农林牧渔-种植业与林业-粮食种植,600598
002592.SZ,33,汽车-汽车零部件-底盘与发动机系统,002592
601666.SH,17,煤炭-煤炭开采加工-煤炭开采,601666
002100.SZ,33,农林牧渔-农产品加工-畜禽饲料,002100
603209.SH,17,交通运输-港口航运-航运,603209
603507.SH,17,电力设备-风电设备-风电零部件,603507
603255.SH,17,基础化工-化学制品-其他化学制品,603255
603559.SH,22,通信-通信服务-通信工程及服务,603559
601139.SH,17,公用事业-燃气-燃气Ⅲ,601139
600470.SH,17,基础化工-农化制品-磷肥及磷化工,600470
002390.SZ,33,医药生物-中药-中药Ⅲ,002390
603517.SH,22,食品饮料-食品加工制造-休闲食品,603517
002391.SZ,33,基础化工-农化制品-农药,002391
600028.SH,17,石油石化-石油加工贸易-石油加工,600028
000937.SZ,33,煤炭-煤炭开采加工-煤炭开采,000937
301287.SZ,33,轻工制造-家居用品-文娱用品,301287
920047.BJ,151,医药生物-生物制品-其他生物制品,920047
920087.BJ,151,农林牧渔-种植业与林业-种子生产,920087
601658.SH,17,银行-银行-国有大型银行,601658
600548.SH,17,交通运输-公路铁路运输-高速公路,600548
600063.SH,17,基础化工-化学纤维-其他纤维,600063
002911.SZ,33,公用事业-燃气-燃气Ⅲ,002911
000505.SZ,33,农林牧渔-农产品加工-粮油加工,000505
600546.SH,17,煤炭-煤炭开采加工-煤炭开采,600546
002455.SZ,33,基础化工-化学制品-其他化学制品,002455
603317.SH,17,食品饮料-食品加工制造-调味发酵品,603317
002907.SZ,33,医药生物-中药-中药Ⅲ,002907
002395.SZ,33,基础化工-塑料制品-合成树脂,002395
920005.BJ,151,电子-消费电子-消费电子零部件及组装,920005
601872.SH,17,交通运输-港口航运-航运,601872
002032.SZ,33,家用电器-小家电-小家电Ⅲ,002032
300472.SZ,33,机械设备-专用设备-其他专用设备,300472
000301.SZ,33,石油石化-石油加工贸易-石油加工,000301
002437.SZ,33,医药生物-化学制药-化学制剂,002437
600508.SH,17,煤炭-煤炭开采加工-煤炭开采,600508
002412.SZ,33,医药生物-中药-中药Ⅲ,002412
000669.SZ,33,公用事业-燃气-燃气Ⅲ,000669
301130.SZ,33,医药生物-化学制药-化学制剂,301130
601678.SH,17,基础化工-化学原料-氯碱,601678
000819.SZ,33,石油石化-石油加工贸易-石油加工,000819
002408.SZ,33,石油石化-石油加工贸易-石油加工,002408
601000.SH,17,交通运输-港口航运-港口,601000
000028.SZ,33,医药生物-医药商业-医药流通,000028
002470.SZ,33,基础化工-农化制品-复合肥,002470
000995.SZ,33,食品饮料-白酒-白酒Ⅲ,000995
600740.SH,17,煤炭-煤炭开采加工-焦炭加工,600740
601568.SH,17,基础化工-化学原料-氯碱,601568
002821.SZ,33,医药生物-医疗服务-医疗研发外包,002821
600623.SH,17,基础化工-化学原料-煤化工,600623
601216.SH,17,基础化工-化学原料-氯碱,601216
600935.SH,17,基础化工-化学原料-氯碱,600935
002566.SZ,33,医药生物-中药-中药Ⅲ,002566
300165.SZ,33,机械设备-通用设备-仪器仪表,300165
603318.SH,17,公用事业-燃气-燃气Ⅲ,603318
002793.SZ,33,医药生物-化学制药-化学制剂,002793
600313.SH,17,农林牧渔-种植业与林业-种子生产,600313
600250.SH,17,社会服务-旅游及酒店-旅游综合,600250
688796.SH,17,医药生物-医疗服务-医疗研发外包,688796
920982.BJ,151,美容护理-美容护理-医疗美容,920982
600800.SH,17,石油石化-石油加工贸易-石油加工,600800
600617.SH,17,公用事业-燃气-燃气Ⅲ,600617
600351.SH,17,医药生物-中药-中药Ⅲ,600351
301024.SZ,33,建筑装饰-建筑装饰-工程咨询服务,301024
002734.SZ,33,基础化工-农化制品-农药,002734
603838.SH,22,轻工制造-家居用品-其他家居用品,603838
002637.SZ,33,基础化工-化学制品-其他化学制品,002637
601288.SH,17,银行-银行-国有大型银行,601288
603421.SH,17,通信-通信设备-通信网络设备及器件,603421
603288.SH,17,食品饮料-食品加工制造-调味发酵品,603288
600982.SH,17,公用事业-电力-热力,600982
603599.SH,17,基础化工-农化制品-农药,603599
605033.SH,17,基础化工-农化制品-农药,605033
001211.SZ,33,轻工制造-家居用品-其他家居用品,001211
600851.SH,17,医药生物-化学制药-化学制剂,600851
000952.SZ,33,医药生物-化学制药-原料药,000952
002294.SZ,33,医药生物-化学制药-化学制剂,002294
600758.SH,17,煤炭-煤炭开采加工-煤炭开采,600758
002199.SZ,33,电子-元件-被动元件,002199
002569.SZ,33,纺织服饰-服装家纺-服装,002569
301395.SZ,33,基础化工-塑料制品-合成树脂,301395
600997.SH,17,煤炭-煤炭开采加工-煤炭开采,600997
002246.SZ,33,基础化工-化学制品-民爆用品,002246
601988.SH,17,银行-银行-国有大型银行,601988
601398.SH,17,银行-银行-国有大型银行,601398
605117.SH,17,电力设备-光伏设备-逆变器,605117
601117.SH,17,建筑装饰-建筑装饰-专业工程,601117
600216.SH,17,医药生物-化学制药-原料药,600216
300966.SZ,33,医药生物-化学制药-原料药,300966
000830.SZ,33,基础化工-化学原料-煤化工,000830
600272.SH,17,医药生物-医药商业-医药流通,600272
600771.SH,17,医药生物-中药-中药Ⅲ,600771
301246.SZ,33,医药生物-化学制药-原料药,301246
600513.SH,17,医药生物-化学制药-化学制剂,600513
600691.SH,17,基础化工-农化制品-氮肥,600691
002812.SZ,33,电力设备-电池-电池化学品,002812
300119.SZ,33,农林牧渔-养殖业-动物保健,300119
000597.SZ,33,医药生物-化学制药-化学制剂,000597
301373.SZ,33,基础化工-化学制品-其他化学制品,301373
002675.SZ,33,医药生物-化学制药-化学制剂,002675
600688.SH,17,石油石化-石油加工贸易-石油加工,600688
603076.SH,17,机械设备-专用设备-其他专用设备,603076
688390.SH,17,电力设备-光伏设备-逆变器,688390
601579.SH,17,食品饮料-饮料制造-其他酒类,601579
300639.SZ,33,医药生物-医疗器械-体外诊断,300639
300342.SZ,33,家用电器-白色家电-家电零部件,300342
603008.SH,17,轻工制造-家居用品-成品家居,603008
300110.SZ,33,医药生物-化学制药-化学制剂,300110
301408.SZ,33,医药生物-医药商业-药店,301408
688618.SH,17,通信-通信设备-通信网络设备及器件,688618
688068.SH,17,医药生物-医疗器械-体外诊断,688068
600985.SH,17,煤炭-煤炭开采加工-煤炭开采,600985
002274.SZ,33,基础化工-化学原料-煤化工,002274
603026.SH,17,电力设备-电池-电池化学品,603026
603387.SH,17,医药生物-医疗器械-体外诊断,603387
601952.SH,17,农林牧渔-种植业与林业-粮食种植,601952
002221.SZ,33,石油石化-石油加工贸易-石油加工,002221
001367.SZ,33,医药生物-化学制药-原料药,001367
600603.SH,17,交通运输-物流-物流Ⅲ,600603
688516.SH,17,电力设备-光伏设备-光伏加工设备,688516
002629.SZ,33,建筑装饰-建筑装饰-基础建设,002629
000790.SZ,33,医药生物-中药-中药Ⅲ,000790
003042.SZ,33,基础化工-农化制品-农药,003042
605077.SH,17,基础化工-化学制品-食品及饲料添加剂,605077
688383.SH,17,机械设备-专用设备-其他专用设备,688383
603113.SH,17,基础化工-化学原料-其他化学原料,603113
002360.SZ,33,基础化工-化学制品-民爆用品,002360
301256.SZ,33,基础化工-化学原料-无机盐,301256
603345.SH,17,食品饮料-食品加工制造-预加工食品,603345
000553.SZ,33,基础化工-农化制品-农药,000553
601699.SH,17,煤炭-煤炭开采加工-煤炭开采,601699
603188.SH,17,基础化工-化学制品-纺织化学用品,603188
600727.SH,17,基础化工-化学制品-其他化学制品,600727
300301.SZ,33,电子-光学光电子-LED,300301
000707.SZ,33,基础化工-化学原料-纯碱,000707
600613.SH,17,医药生物-化学制药-化学制剂,600613
301149.SZ,33,基础化工-化学制品-其他化学制品,301149
688553.SH,17,医药生物-化学制药-化学制剂,688553
000912.SZ,33,基础化工-农化制品-氮肥,000912
002923.SZ,33,医药生物-化学制药-化学制剂,002923
688350.SH,17,基础化工-化学制品-其他化学制品,688350
000990.SZ,33,基础化工-化学原料-煤化工,000990
300970.SZ,33,农林牧渔-种植业与林业-其他种植业,300970
920014.BJ,151,机械设备-专用设备-其他专用设备,920014
603016.SH,17,电力设备-电网设备-输变电设备,603016
600696.SH,22,食品饮料-白酒-白酒Ⅲ,600696
002730.SZ,33,机械设备-专用设备-能源及重型设备,002730
688336.SH,17,医药生物-生物制品-其他生物制品,688336
300834.SZ,33,基础化工-塑料制品-改性塑料,300834
603239.SH,17,汽车-汽车零部件-其他汽车零部件,603239
603042.SH,17,通信-通信设备-通信线缆及配套,603042
301239.SZ,33,医药生物-医疗服务-医院,301239
002900.SZ,33,医药生物-化学制药-化学制剂,002900
688717.SH,17,电力设备-光伏设备-逆变器,688717
601225.SH,17,煤炭-煤炭开采加工-煤炭开采,601225
600056.SH,17,医药生物-医药商业-医药流通,600056
300069.SZ,33,电力设备-电网设备-线缆部件及其他,300069
600123.SH,17,煤炭-煤炭开采加工-煤炭开采,600123
601975.SH,17,交通运输-港口航运-航运,601975
300332.SZ,33,公用事业-燃气-燃气Ⅲ,300332
601918.SH,17,煤炭-煤炭开采加工-煤炭开采,601918
600310.SH,17,公用事业-电力-电能综合服务,600310
301179.SZ,33,电力设备-电网设备-电气自控设备,301179
002035.SZ,33,家用电器-厨卫电器-厨卫电器Ⅲ,002035
002932.SZ,33,医药生物-医疗器械-体外诊断,002932
002370.SZ,33,医药生物-化学制药-化学制剂,002370
600249.SH,17,美容护理-美容护理-个护用品,600249
600971.SH,17,煤炭-煤炭开采加工-煤炭开采,600971
300485.SZ,33,医药生物-生物制品-其他生物制品,300485
002940.SZ,33,医药生物-化学制药-化学制剂,002940
600339.SH,17,石油石化-油气开采及服务-油服工程,600339
002580.SZ,33,电力设备-电池-其他电池,002580
601015.SH,17,煤炭-煤炭开采加工-焦炭加工,601015
002648.SZ,33,基础化工-化学制品-其他化学制品,002648
301017.SZ,33,医药生物-医药商业-药店,301017
601866.SH,17,交通运输-港口航运-航运,601866
688046.SH,17,医药生物-医疗服务-医疗研发外包,688046
000659.SZ,33,轻工制造-包装印刷-包装,000659
600267.SH,17,医药生物-化学制药-化学制剂,600267
600583.SH,17,石油石化-油气开采及服务-油服工程,600583
002487.SZ,33,电力设备-风电设备-风电零部件,002487
300436.SZ,33,医药生物-化学制药-化学制剂,300436
002554.SZ,33,石油石化-油气开采及服务-油服工程,002554
600803.SH,17,公用事业-燃气-燃气Ⅲ,600803
603863.SH,17,轻工制造-造纸-造纸Ⅲ,603863
603429.SH,22,轻工制造-包装印刷-包装,603429
301227.SZ,33,轻工制造-家居用品-定制家居,301227
601808.SH,17,石油石化-油气开采及服务-油服工程,601808
000731.SZ,33,基础化工-农化制品-氮肥,000731
002496.SZ,33,基础化工-农化制品-农药,002496
300953.SZ,33,电力设备-电池-锂电池,300953
603348.SH,17,汽车-汽车零部件-其他汽车零部件,603348
000153.SZ,33,医药生物-化学制药-化学制剂,000153
600664.SH,17,医药生物-化学制药-化学制剂,600664
601101.SH,17,煤炭-煤炭开采加工-煤炭开采,601101
603618.SH,17,电力设备-电网设备-线缆部件及其他,603618
603669.SH,17,医药生物-化学制药-化学制剂,603669
603727.SH,17,石油石化-油气开采及服务-油服工程,603727
601088.SH,17,煤炭-煤炭开采加工-煤炭开采,601088
603968.SH,17,基础化工-化学制品-食品及饲料添加剂,603968
002893.SZ,33,公用事业-电力-热力,002893
002107.SZ,33,医药生物-中药-中药Ⅲ,002107
601598.SH,17,交通运输-物流-物流Ⅲ,601598
002109.SZ,33,基础化工-化学原料-其他化学原料,002109
600968.SH,17,石油石化-油气开采及服务-油服工程,600968
000833.SZ,33,基础化工-非金属材料-非金属材料Ⅲ,000833
600127.SH,17,农林牧渔-农产品加工-粮油加工,600127
002309.SZ,33,电力设备-电网设备-线缆部件及其他,002309
000554.SZ,33,石油石化-石油加工贸易-油品石化贸易,000554
002082.SZ,33,医药生物-中药-中药Ⅲ,002082
600195.SH,17,农林牧渔-养殖业-动物保健,600195
000930.SZ,33,农林牧渔-农产品加工-其他农产品加工,000930
600488.SH,17,医药生物-化学制药-化学制剂,600488
002263.SZ,33,基础化工-塑料制品-膜材料,002263
600871.SH,17,石油石化-油气开采及服务-油服工程,600871
601001.SH,17,煤炭-煤炭开采加工-煤炭开采,601001
600188.SH,17,煤炭-煤炭开采加工-煤炭开采,600188
002589.SZ,33,医药生物-医药商业-医药流通,002589
000638.SZ,33,农林牧渔-农产品加工-粮油加工,000638
601857.SH,17,石油石化-石油加工贸易-石油加工,601857
600810.SH,17,基础化工-化学纤维-其他纤维,600810
002001.SZ,33,医药生物-化学制药-原料药,002001
002092.SZ,33,基础化工-化学原料-氯碱,002092
000822.SZ,33,基础化工-化学原料-纯碱,000822
000711.SZ,33,环保-环境治理-综合环境治理,000711
000004.SZ,33,计算机-软件开发-横向通用软件,000004
002873.SZ,33,医药生物-中药-中药Ⅲ,002873
301292.SZ,33,电力设备-电池-电池化学品,301292
603122.SH,17,医药生物-医药商业-医药流通,603122
603843.SH,22,建筑装饰-建筑装饰-基础建设,603843
002598.SZ,33,机械设备-通用设备-其他通用设备,002598
600777.SH,22,石油石化-油气开采及服务-油气开采,600777
600238.SH,22,食品饮料-饮料制造-其他酒类,600238
600193.SH,22,建筑装饰-建筑装饰-装饰园林,600193
603393.SH,17,石油石化-油气开采及服务-油气开采,603393
600381.SH,22,食品饮料-食品加工制造-其他食品,600381
688345.SH,17,电力设备-电池-锂电池,688345
600608.SH,22,商贸零售-贸易-贸易Ⅲ,600608
300981.SZ,33,医药生物-医疗器械-医疗耗材,300981
600746.SH,17,基础化工-化学原料-煤化工,600746
600299.SH,17,基础化工-化学制品-食品及饲料添加剂,600299
000788.SZ,33,医药生物-化学制药-化学制剂,000788
603222.SH,17,医药生物-医疗器械-医疗耗材,603222
601898.SH,17,煤炭-煤炭开采加工-煤炭开采,601898
000078.SZ,33,医药生物-医药商业-医药流通,000078
920230.BJ,151,医药生物-化学制药-原料药,920230
600829.SH,17,医药生物-医药商业-医药流通,600829
600075.SH,17,基础化工-化学原料-氯碱,600075
300483.SZ,33,石油石化-油气开采及服务-油气开采,300483
600938.SH,17,石油石化-油气开采及服务-油气开采,600938
605299.SH,17,轻工制造-家居用品-文娱用品,605299
688098.SH,17,农林牧渔-养殖业-动物保健,688098
002207.SZ,33,石油石化-油气开采及服务-油服工程,002207
300875.SZ,33,国防军工-军工装备-地面兵装,300875
920010.BJ,151,公用事业-燃气-燃气Ⅲ,920010
688513.SH,17,医药生物-化学制药-化学制剂,688513
002788.SZ,33,医药生物-医药商业-医药流通,002788
002490.SZ,33,机械设备-专用设备-能源及重型设备,002490
600989.SH,17,基础化工-化学原料-煤化工,600989
600686.SH,17,汽车-汽车整车-商用载客车,600686
300683.SZ,33,医药生物-医疗服务-医疗研发外包,300683
000950.SZ,33,医药生物-医药商业-医药流通,000950
688106.SH,17,电子-电子化学品-电子化学品Ⅲ,688106
600844.SH,17,基础化工-化学原料-煤化工,600844
300391.SZ,37,医药生物-中药-中药Ⅲ,300391
600759.SH,17,石油石化-油气开采及服务-油气开采,600759
300191.SZ,33,石油石化-油气开采及服务-油气开采,300191
600594.SH,17,医药生物-中药-中药Ⅲ,600594
688196.SH,17,基础化工-化学制品-其他化学制品,688196
002038.SZ,33,医药生物-化学制药-化学制剂,002038
688287.SH,22,国防军工-军工装备-航空装备,688287
002382.SZ,33,医药生物-医疗器械-医疗耗材,002382
603585.SH,17,基础化工-农化制品-农药,603585
600256.SH,17,石油石化-油气开采及服务-油气开采,600256
000890.SZ,33,环保-环保设备-环保设备Ⅲ,000890
000617.SZ,33,非银金融-多元金融-多元金融Ⅲ,000617
603619.SH,17,石油石化-油气开采及服务-油气开采,603619
002828.SZ,33,石油石化-油气开采及服务-油服工程,002828
000968.SZ,33,石油石化-油气开采及服务-油气开采,000968
000818.SZ,33,基础化工-化学原料-氯碱,000818
300164.SZ,33,石油石化-油气开采及服务-油服工程,300164
688268.SH,17,电子-电子化学品-电子化学品Ⅲ,688268
300677.SZ,33,医药生物-医疗器械-医疗耗材,300677
920088.BJ,151,石油石化-油气开采及服务-油服工程,920088
300081.SZ,33,通信-通信服务-通信应用增值服务,300081
688811.SH,17,有色金属-金属新材料-其他金属新材料,688811
920177.BJ,151,机械设备-通用设备-其他通用设备,920177
688808.SH,17,机械设备-通用设备-仪器仪表,688808
001312.SZ,33,纺织服饰-纺织制造-其他纺织,001312
000552.SZ,33,煤炭-煤炭开采加工-煤炭开采,000552
920191.BJ,151,建筑材料-建筑材料-耐火材料,920191
301696.SZ,33,国防军工-军工装备-航空装备,301696
301022.SZ,33,汽车-汽车零部件-其他汽车零部件,301022
603293.SH,17,汽车-汽车零部件-汽车电子电气系统,603293
920012.BJ,151,电子-电子化学品-电子化学品Ⅲ,920012
301666.SZ,33,电子-半导体-数字芯片设计,301666
920181.BJ,151,电子-半导体-半导体材料,920181
688820.SH,17,电子-半导体-集成电路封测,688820
301513.SZ,33,电力设备-电池-锂电专用设备,301513
300067.SZ,33,基础化工-化学制品-纺织化学用品,300067
000959.SZ,33,钢铁-钢铁-普钢,000959
