所属同花顺行业,股票代码,market_code,code
电力设备-电池-电池化学品,920193.BJ,151,920193
公用事业-电力-新能源发电,001248.SZ,33,001248
汽车-汽车零部件-其他汽车零部件,920221.BJ,151,920221
轻工制造-家居用品-其他家居用品,300163.SZ,33,300163
基础化工-塑料制品-其他塑料制品,301019.SZ,33,301019
基础化工-塑料制品-合成树脂,301092.SZ,33,301092
电子-半导体-集成电路封测,688216.SH,17,688216
汽车-汽车零部件-轮胎轮毂,300695.SZ,33,300695
家用电器-白色家电-家电零部件,301008.SZ,33,301008
美容护理-美容护理-化妆品,300740.SZ,33,300740
传媒-文化传媒-广告营销,300071.SZ,33,300071
医药生物-医疗器械-体外诊断,688068.SH,17,688068
电力设备-电网设备-线缆部件及其他,300069.SZ,33,300069
医药生物-化学制药-原料药,300111.SZ,33,300111
家用电器-白色家电-家电零部件,920699.BJ,151,920699
机械设备-专用设备-楼宇设备,300931.SZ,33,300931
国防军工-军工装备-航空装备,301696.SZ,33,301696
计算机-IT服务-IT服务Ⅲ,300020.SZ,33,300020
计算机-软件开发-垂直应用软件,300550.SZ,33,300550
电力设备-电池-其他电池,301222.SZ,33,301222
机械设备-通用设备-机床工具,688305.SH,17,688305
机械设备-通用设备-其他通用设备,300154.SZ,33,300154
传媒-游戏-游戏Ⅲ,300418.SZ,33,300418
医药生物-化学制药-原料药,300765.SZ,33,300765
计算机-软件开发-横向通用软件,000004.SZ,37,000004
机械设备-通用设备-机床工具,688577.SH,17,688577
有色金属-金属新材料-磁性材料,688077.SH,17,688077
房地产-房地产-住宅开发,000656.SZ,33,000656
电力设备-风电设备-风电零部件,301163.SZ,33,301163
农林牧渔-农产品加工-果蔬加工,000972.SZ,33,000972
传媒-影视院线-影视院线Ⅲ,000892.SZ,33,000892
轻工制造-家居用品-瓷砖地板,002798.SZ,33,002798
公用事业-电力-新能源发电,000595.SZ,33,000595
纺织服饰-纺织制造-其他纺织,000955.SZ,33,000955
有色金属-工业金属-铜,600490.SH,17,600490
农林牧渔-养殖业-生猪养殖,603717.SH,17,603717
汽车-汽车整车-乘用车,000572.SZ,33,000572
基础化工-化学纤维-涤纶,002998.SZ,33,002998
环保-环境治理-水务及水治理,603759.SH,17,603759
农林牧渔-种植业与林业-林业,000592.SZ,33,000592
农林牧渔-养殖业-肉鸡养殖,002458.SZ,33,002458
纺织服饰-纺织制造-其他纺织,600156.SH,17,600156
机械设备-工程机械-工程机械Ⅲ,603273.SH,17,603273
建筑材料-建筑材料-水泥,600449.SH,17,600449
医药生物-化学制药-化学制剂,000908.SZ,33,000908
有色金属-贵金属-贵金属Ⅲ,000506.SZ,33,000506
轻工制造-家居用品-成品家居,603818.SH,17,603818
纺织服饰-纺织制造-印染,605189.SH,17,605189
电子-光学光电子-面板,000536.SZ,33,000536
汽车-汽车整车-商用载货车,000951.SZ,33,000951
建筑材料-建筑材料-耐火材料,002392.SZ,33,002392
基础化工-农化制品-农药,002258.SZ,33,002258
建筑材料-建筑材料-其他建材,002652.SZ,33,002652
电力设备-电池-其他电池,002580.SZ,33,002580
机械设备-专用设备-楼宇设备,605286.SH,17,605286
医药生物-化学制药-化学制剂,000566.SZ,33,000566
机械设备-专用设备-能源及重型设备,603135.SH,17,603135
机械设备-通用设备-机床工具,002559.SZ,33,002559
机械设备-专用设备-纺织服装设备,603337.SH,17,603337
基础化工-化学制品-氟化工,603505.SH,17,603505
纺织服饰-服装家纺-鞋帽及其他,603608.SH,17,603608
通信-通信服务-通信工程及服务,603559.SH,17,603559
电子-半导体-半导体材料,600641.SH,17,600641
国防军工-军工装备-航空装备,603261.SH,17,603261
基础化工-塑料制品-膜材料,001378.SZ,33,001378
汽车-汽车零部件-车身附件及饰件,001319.SZ,33,001319
纺织服饰-纺织制造-辅料,002674.SZ,33,002674
汽车-汽车零部件-底盘与发动机系统,603286.SH,17,603286
机械设备-通用设备-磨具磨料,600172.SH,17,600172
传媒-文化传媒-广告营销,002995.SZ,33,002995
机械设备-自动化设备-机器人,002979.SZ,33,002979
基础化工-化学制品-氟化工,605020.SH,17,605020
农林牧渔-农产品加工-其他农产品加工,003030.SZ,33,003030
基础化工-塑料制品-其他塑料制品,603580.SH,17,603580
机械设备-通用设备-金属制品,002931.SZ,33,002931
医药生物-生物制品-其他生物制品,002693.SZ,33,002693
农林牧渔-农产品加工-水产饲料,001313.SZ,33,001313
交通运输-港口航运-航运,000520.SZ,33,000520
基础化工-塑料制品-膜材料,605488.SH,17,605488
环保-环保设备-环保设备Ⅲ,000890.SZ,33,000890
基础化工-化学原料-氯碱,601678.SH,17,601678
基础化工-农化制品-农药,002250.SZ,33,002250
电子-电子化学品-电子化学品Ⅲ,002584.SZ,33,002584
汽车-汽车零部件-其他汽车零部件,600480.SH,17,600480
基础化工-塑料制品-合成树脂,603928.SH,17,603928
传媒-文化传媒-广告营销,002354.SZ,33,002354
机械设备-工程机械-工程机械Ⅲ,603338.SH,17,603338
基础化工-化学制品-其他化学制品,002971.SZ,33,002971
有色金属-小金属-钨,002842.SZ,33,002842
医药生物-化学制药-原料药,603538.SH,17,603538
电力设备-电网设备-线缆部件及其他,603897.SH,17,603897
有色金属-贵金属-贵金属Ⅲ,600988.SH,17,600988
机械设备-自动化设备-机器人,603416.SH,17,603416
汽车-汽车零部件-底盘与发动机系统,603926.SH,17,603926
交通运输-物流-物流Ⅲ,001317.SZ,33,001317
机械设备-工程机械-工程机械Ⅲ,603638.SH,17,603638
纺织服饰-服装家纺-服装,002029.SZ,33,002029
基础化工-化学制品-纺织化学用品,603790.SH,17,603790
电力设备-光伏设备-光伏电池组件,603778.SH,17,603778
医药生物-化学制药-化学制剂,002826.SZ,33,002826
纺织服饰-服装家纺-服装,600630.SH,17,600630
建筑装饰-建筑装饰-装饰园林,603137.SH,17,603137
医药生物-化学制药-化学制剂,002020.SZ,33,002020
轻工制造-造纸-造纸Ⅲ,600793.SH,17,600793
汽车-汽车零部件-车身附件及饰件,000700.SZ,33,000700
纺织服饰-纺织制造-印染,605055.SH,17,605055
基础化工-化学纤维-涤纶,002427.SZ,33,002427
国防军工-军工装备-地面兵装,000576.SZ,33,000576
农林牧渔-农产品加工-水产饲料,002696.SZ,33,002696
公用事业-电力-水电,000601.SZ,33,000601
机械设备-工程机械-工程机械Ⅲ,600815.SH,17,600815
机械设备-通用设备-磨具磨料,920725.BJ,151,920725
建筑材料-建筑材料-水泥,002596.SZ,33,002596
汽车-汽车零部件-底盘与发动机系统,300694.SZ,33,300694
基础化工-非金属材料-非金属材料Ⅲ,920719.BJ,151,920719
机械设备-通用设备-金属制品,300885.SZ,33,300885
基础化工-化学制品-其他化学制品,301149.SZ,33,301149
国防军工-军工电子-军工电子Ⅲ,688522.SH,17,688522
轻工制造-造纸-造纸Ⅲ,002235.SZ,33,002235
电力设备-电网设备-输变电设备,688517.SH,17,688517
机械设备-通用设备-磨具磨料,920807.BJ,151,920807
电子-光学光电子-光学元件,002808.SZ,37,002808
基础化工-化学制品-有机硅,920015.BJ,151,920015
机械设备-通用设备-机床工具,688697.SH,17,688697
汽车-汽车零部件-底盘与发动机系统,301119.SZ,33,301119
机械设备-自动化设备-工控设备,688160.SH,17,688160
电子-电子化学品-电子化学品Ⅲ,603078.SH,17,603078
房地产-房地产-住宅开发,600322.SH,17,600322
医药生物-化学制药-化学制剂,002653.SZ,33,002653
基础化工-化学制品-涂料油墨,603823.SH,17,603823
有色金属-小金属-钨,002378.SZ,33,002378
医药生物-中药-中药Ⅲ,600976.SH,17,600976
建筑装饰-建筑装饰-装饰园林,605178.SH,17,605178
基础化工-化学制品-氟化工,002326.SZ,33,002326
纺织服饰-纺织制造-棉纺,601339.SH,17,601339
医药生物-化学制药-化学制剂,600420.SH,17,600420
电子-其他电子-其他电子Ⅲ,688103.SH,17,688103
有色金属-贵金属-贵金属Ⅲ,000975.SZ,33,000975
电力设备-其他电源设备-其他电源设备Ⅲ,301590.SZ,33,301590
汽车-汽车零部件-其他汽车零部件,300969.SZ,33,300969
电力设备-电网设备-输变电设备,300932.SZ,33,300932
传媒-文化传媒-电视广播,920021.BJ,151,920021
汽车-汽车零部件-其他汽车零部件,301613.SZ,33,301613
有色金属-小金属-其他小金属,002167.SZ,33,002167
电力设备-电池-其他电池,603031.SH,17,603031
食品饮料-食品加工制造-调味发酵品,600872.SH,17,600872
电力设备-电机-电机Ⅲ,920100.BJ,151,920100
商贸零售-零售-商业物业经营,603682.SH,17,603682
环保-环境治理-水务及水治理,301372.SZ,33,301372
商贸零售-贸易-贸易Ⅲ,002072.SZ,33,002072
电力设备-电池-锂电池,002850.SZ,33,002850
基础化工-化学制品-氟化工,002915.SZ,33,002915
基础化工-塑料制品-其他塑料制品,300980.SZ,33,300980
房地产-房地产-住宅开发,600503.SH,17,600503
农林牧渔-种植业与林业-其他种植业,002772.SZ,33,002772
电子-元件-印制电路板,600601.SH,17,600601
机械设备-通用设备-仪器仪表,300553.SZ,33,300553
医药生物-医疗器械-体外诊断,920009.BJ,151,920009
机械设备-通用设备-金属制品,920510.BJ,151,920510
环保-环境治理-固废治理,301068.SZ,33,301068
医药生物-化学制药-化学制剂,002038.SZ,33,002038
医药生物-化学制药-化学制剂,002422.SZ,33,002422
建筑装饰-建筑装饰-专业工程,300029.SZ,37,300029
传媒-文化传媒-广告营销,300781.SZ,33,300781
有色金属-金属新材料-磁性材料,300748.SZ,33,300748
传媒-文化传媒-广告营销,603598.SH,17,603598
医药生物-化学制药-化学制剂,002294.SZ,33,002294
汽车-汽车零部件-底盘与发动机系统,002126.SZ,33,002126
汽车-汽车零部件-底盘与发动机系统,301550.SZ,33,301550
有色金属-贵金属-贵金属Ⅲ,300139.SZ,33,300139
电力设备-电机-电机Ⅲ,002196.SZ,33,002196
有色金属-贵金属-贵金属Ⅲ,600489.SH,17,600489
电力设备-光伏设备-硅料硅片,300345.SZ,33,300345
计算机-计算机设备-其他计算机设备,920090.BJ,151,920090
环保-环境治理-综合环境治理,300948.SZ,33,300948
电子-光学光电子-面板,301045.SZ,33,301045
基础化工-化学原料-无机盐,600784.SH,17,600784
基础化工-化学制品-纺织化学用品,603172.SH,17,603172
机械设备-工程机械-工程机械Ⅲ,920839.BJ,151,920839
有色金属-能源金属-锂,002756.SZ,33,002756
家用电器-黑色家电-其他黑色家电,000801.SZ,33,000801
纺织服饰-服装家纺-饰品,002345.SZ,33,002345
基础化工-化学制品-其他化学制品,300641.SZ,33,300641
建筑装饰-建筑装饰-基础建设,002062.SZ,33,002062
机械设备-通用设备-其他通用设备,300470.SZ,33,300470
电子-电子化学品-电子化学品Ⅲ,300655.SZ,33,300655
机械设备-专用设备-其他专用设备,603895.SH,17,603895
环保-环保设备-环保设备Ⅲ,300056.SZ,33,300056
有色金属-工业金属-铝,002988.SZ,33,002988
基础化工-塑料制品-其他塑料制品,301588.SZ,33,301588
计算机-软件开发-横向通用软件,300768.SZ,33,300768
机械设备-专用设备-农用机械,301260.SZ,33,301260
医药生物-化学制药-化学制剂,002898.SZ,37,002898
机械设备-通用设备-其他通用设备,301273.SZ,33,301273
机械设备-通用设备-金属制品,603270.SH,17,603270
基础化工-橡胶制品-其他橡胶制品,603650.SH,17,603650
基础化工-化学制品-食品及饲料添加剂,600873.SH,17,600873
汽车-汽车零部件-底盘与发动机系统,301459.SZ,33,301459
电力设备-电池-电池化学品,688184.SH,22,688184
传媒-影视院线-影视院线Ⅲ,002292.SZ,33,002292
轻工制造-家居用品-瓷砖地板,003011.SZ,33,003011
医药生物-化学制药-化学制剂,688247.SH,17,688247
机械设备-通用设备-其他通用设备,002444.SZ,33,002444
机械设备-通用设备-磨具磨料,300179.SZ,33,300179
计算机-软件开发-横向通用软件,301270.SZ,33,301270
有色金属-贵金属-贵金属Ⅲ,601069.SH,17,601069
商贸零售-零售-专业连锁,300022.SZ,33,300022
传媒-文化传媒-数字媒体,603466.SH,17,603466
煤炭-煤炭开采加工-煤炭开采,600546.SH,17,600546
医药生物-化学制药-原料药,688076.SH,22,688076
医药生物-医疗器械-医疗耗材,301033.SZ,33,301033
电力设备-电网设备-线缆部件及其他,603333.SH,17,603333
医药生物-化学制药-原料药,301211.SZ,33,301211
交通运输-物流-物流Ⅲ,600180.SH,22,600180
基础化工-化学制品-涂料油墨,688571.SH,17,688571
基础化工-化学纤维-粘胶,000677.SZ,33,000677
纺织服饰-服装家纺-服装,601718.SH,22,601718
医药生物-化学制药-化学制剂,600488.SH,17,600488
机械设备-通用设备-其他通用设备,301107.SZ,33,301107
机械设备-专用设备-农用机械,601038.SH,17,601038
基础化工-化学纤维-其他纤维,300876.SZ,33,300876
商贸零售-零售-百货零售,000759.SZ,33,000759
环保-环境治理-水务及水治理,300692.SZ,33,300692
有色金属-工业金属-铜,603979.SH,17,603979
电子-光学光电子-面板,002955.SZ,33,002955
石油石化-油气开采及服务-油气开采,600759.SH,22,600759
通信-通信设备-通信网络设备及器件,002547.SZ,33,002547
基础化工-化学原料-煤化工,600623.SH,17,600623
机械设备-通用设备-机床工具,002122.SZ,33,002122
家用电器-小家电-小家电Ⅲ,002005.SZ,33,002005
机械设备-通用设备-金属制品,688355.SH,17,688355
医药生物-医药商业-医药流通,000078.SZ,33,000078
食品饮料-食品加工制造-其他食品,000639.SZ,33,000639
基础化工-化学制品-氟化工,603310.SH,17,603310
建筑装饰-建筑装饰-房屋建设,600491.SH,22,600491
机械设备-通用设备-其他通用设备,600243.SH,22,600243
基础化工-化学原料-其他化学原料,002109.SZ,33,002109
公用事业-电力-热力,605580.SH,17,605580
综合-综合-综合Ⅲ,600458.SH,17,600458
基础化工-塑料制品-膜材料,688386.SH,17,688386
轻工制造-家居用品-其他家居用品,300993.SZ,33,300993
石油石化-石油加工贸易-石油加工,000698.SZ,33,000698
电力设备-电池-电池化学品,603906.SH,17,603906
基础化工-化学原料-其他化学原料,600423.SH,22,600423
环保-环境治理-综合环境治理,603359.SH,22,603359
钢铁-钢铁-冶钢原料,601969.SH,17,601969
房地产-房地产-产业地产,000909.SZ,33,000909
机械设备-通用设备-仪器仪表,002175.SZ,33,002175
基础化工-化学制品-民爆用品,002360.SZ,33,002360
轻工制造-家居用品-其他家居用品,603021.SH,22,603021
食品饮料-食品加工制造-休闲食品,603517.SH,22,603517
钢铁-钢铁-普钢,600581.SH,22,600581
建筑装饰-建筑装饰-专业工程,002542.SZ,33,002542
机械设备-专用设备-楼宇设备,002689.SZ,33,002689
建筑装饰-建筑装饰-装饰园林,002620.SZ,33,002620
美容护理-美容护理-化妆品,603630.SH,17,603630
机械设备-专用设备-农用机械,603789.SH,22,603789
轻工制造-家居用品-其他家居用品,001322.SZ,33,001322
环保-环境治理-综合环境治理,000711.SZ,33,000711
医药生物-中药-中药Ⅲ,002198.SZ,33,002198
建筑装饰-建筑装饰-装饰园林,000010.SZ,33,000010
汽车-汽车零部件-其他汽车零部件,301022.SZ,33,301022
汽车-汽车零部件-底盘与发动机系统,002592.SZ,33,002592
家用电器-小家电-小家电Ⅲ,603219.SH,17,603219
纺织服饰-服装家纺-服装,002634.SZ,33,002634
纺织服饰-服装家纺-服装,002569.SZ,33,002569
轻工制造-包装印刷-包装,603429.SH,22,603429
轻工制造-家居用品-其他家居用品,603272.SH,22,603272
基础化工-化学制品-其他化学制品,603822.SH,22,603822
纺织服饰-服装家纺-服装,603557.SH,22,603557
综合-综合-综合Ⅲ,000632.SZ,33,000632
建筑装饰-建筑装饰-装饰园林,603828.SH,22,603828
计算机-软件开发-垂直应用软件,002261.SZ,33,002261
国防军工-军工电子-军工电子Ⅲ,002977.SZ,33,002977
汽车-汽车零部件-底盘与发动机系统,603161.SH,17,603161
建筑装饰-建筑装饰-装饰园林,002856.SZ,33,002856
汽车-汽车零部件-车身附件及饰件,603730.SH,17,603730
医药生物-化学制药-化学制剂,600624.SH,22,600624
汽车-汽车零部件-轮胎轮毂,600182.SH,17,600182
煤炭-煤炭开采加工-煤炭开采,000571.SZ,33,000571
房地产-房地产-住宅开发,000838.SZ,33,000838
交通运输-物流-物流Ⅲ,600753.SH,22,600753
有色金属-能源金属-锂,002667.SZ,33,002667
纺织服饰-服装家纺-服装,002656.SZ,33,002656
纺织服饰-服装家纺-服装,600107.SH,22,600107
钢铁-钢铁-特钢,300881.SZ,33,300881
电力设备-光伏设备-光伏电池组件,600537.SH,22,600537
基础化工-化学制品-其他化学制品,600165.SH,22,600165
电力设备-光伏设备-光伏加工设备,000821.SZ,33,000821
家用电器-白色家电-冰洗,000016.SZ,33,000016
医药生物-中药-中药Ⅲ,605199.SH,22,605199
商贸零售-零售-商业物业经营,002305.SZ,33,002305
食品饮料-饮料制造-其他酒类,600084.SH,22,600084
机械设备-通用设备-仪器仪表,300720.SZ,33,300720
计算机-计算机设备-其他计算机设备,002512.SZ,33,002512
轻工制造-家居用品-成品家居,603389.SH,17,603389
建筑装饰-建筑装饰-基础建设,002586.SZ,33,002586
食品饮料-食品加工制造-肉制品,002726.SZ,33,002726
交通运输-物流-物流Ⅲ,600119.SH,22,600119
纺织服饰-纺织制造-辅料,920527.BJ,151,920527
汽车-汽车零部件-底盘与发动机系统,301225.SZ,33,301225
汽车-汽车零部件-底盘与发动机系统,605088.SH,17,605088
医药生物-医药商业-医药流通,600998.SH,17,600998
轻工制造-家居用品-其他家居用品,605099.SH,17,605099
建筑装饰-建筑装饰-基础建设,600039.SH,17,600039
纺织服饰-服装家纺-服装,603518.SH,17,603518
房地产-房地产-住宅开发,002244.SZ,33,002244
有色金属-金属新材料-磁性材料,301141.SZ,33,301141
汽车-汽车零部件-车身附件及饰件,605151.SH,17,605151
汽车-汽车零部件-底盘与发动机系统,001285.SZ,33,001285
农林牧渔-农产品加工-畜禽饲料,002548.SZ,33,002548
医药生物-生物制品-血液制品,002880.SZ,33,002880
医药生物-化学制药-化学制剂,002332.SZ,33,002332
社会服务-其他社会服务-专业服务,603373.SH,17,603373
机械设备-自动化设备-机器人,688255.SH,17,688255
医药生物-中药-中药Ⅲ,603896.SH,17,603896
公用事业-电力-热力,605011.SH,17,605011
家用电器-厨卫电器-厨卫电器Ⅲ,002508.SZ,33,002508
机械设备-通用设备-仪器仪表,920035.BJ,151,920035
电子-电子化学品-电子化学品Ⅲ,301319.SZ,33,301319
电力设备-光伏设备-硅料硅片,603398.SH,22,603398
机械设备-通用设备-金属制品,002342.SZ,33,002342
商贸零售-贸易-贸易Ⅲ,600710.SH,17,600710
医药生物-中药-中药Ⅲ,600771.SH,17,600771
石油石化-石油加工贸易-石油加工,002408.SZ,33,002408
建筑材料-建筑材料-耐火材料,002066.SZ,33,002066
医药生物-化学制药-化学制剂,688513.SH,17,688513
计算机-计算机设备-安防设备,002528.SZ,33,002528
基础化工-塑料制品-膜材料,301237.SZ,33,301237
传媒-文化传媒-出版,601019.SH,17,601019
公用事业-电力-水电,600674.SH,17,600674
机械设备-专用设备-纺织服装设备,600302.SH,22,600302
基础化工-化学制品-聚氨酯,603192.SH,17,603192
农林牧渔-养殖业-其他养殖,600965.SH,22,600965
汽车-汽车零部件-车身附件及饰件,301529.SZ,33,301529
医药生物-医药商业-医药流通,000028.SZ,33,000028
汽车-汽车零部件-车身附件及饰件,300893.SZ,33,300893
医药生物-医疗器械-医疗耗材,688013.SH,17,688013
环保-环境治理-水务及水治理,301203.SZ,33,301203
环保-环保设备-环保设备Ⅲ,600388.SH,17,600388
机械设备-通用设备-其他通用设备,688557.SH,17,688557
轻工制造-造纸-造纸Ⅲ,000488.SZ,33,000488
机械设备-专用设备-其他专用设备,688092.SH,17,688092
美容护理-美容护理-个护用品,300658.SZ,33,300658
机械设备-专用设备-能源及重型设备,001225.SZ,33,001225
机械设备-专用设备-能源及重型设备,603325.SH,17,603325
医药生物-中药-中药Ⅲ,002275.SZ,33,002275
机械设备-专用设备-能源及重型设备,600980.SH,17,600980
基础化工-橡胶制品-其他橡胶制品,920225.BJ,151,920225
轻工制造-家居用品-成品家居,603008.SH,22,603008
农林牧渔-农产品加工-其他农产品加工,002481.SZ,33,002481
煤炭-煤炭开采加工-煤炭开采,601225.SH,17,601225
医药生物-医疗器械-体外诊断,002932.SZ,33,002932
传媒-文化传媒-广告营销,603729.SH,22,603729
电力设备-电网设备-线缆部件及其他,605222.SH,17,605222
计算机-软件开发-垂直应用软件,688246.SH,17,688246
机械设备-通用设备-金属制品,301309.SZ,33,301309
建筑装饰-建筑装饰-工程咨询服务,301390.SZ,33,301390
非银金融-多元金融-多元金融Ⅲ,000935.SZ,33,000935
电子-电子化学品-电子化学品Ⅲ,603931.SH,17,603931
食品饮料-饮料制造-软饮料,000848.SZ,33,000848
基础化工-化学原料-氯碱,002092.SZ,33,002092
计算机-软件开发-横向通用软件,300188.SZ,33,300188
机械设备-专用设备-纺织服装设备,301053.SZ,33,301053
社会服务-其他社会服务-专业服务,603060.SH,17,603060
轻工制造-家居用品-定制家居,603180.SH,17,603180
计算机-IT服务-IT服务Ⅲ,600734.SH,22,600734
基础化工-农化制品-农药,600731.SH,17,600731
食品饮料-饮料制造-其他酒类,600238.SH,22,600238
纺织服饰-服装家纺-饰品,600612.SH,17,600612
交通运输-公路铁路运输-高速公路,600269.SH,17,600269
煤炭-煤炭开采加工-煤炭开采,000937.SZ,33,000937
机械设备-专用设备-楼宇设备,600894.SH,17,600894
基础化工-化学纤维-涤纶,600370.SH,22,600370
轻工制造-造纸-造纸Ⅲ,603284.SH,17,603284
传媒-影视院线-影视院线Ⅲ,300251.SZ,33,300251
交通运输-公路铁路运输-高速公路,000429.SZ,33,000429
环保-环境治理-固废治理,301305.SZ,33,301305
基础化工-化学制品-其他化学制品,600273.SH,17,600273
建筑装饰-建筑装饰-基础建设,603815.SH,17,603815
医药生物-医疗器械-医疗耗材,688617.SH,17,688617
商贸零售-互联网电商-互联网电商Ⅲ,600365.SH,22,600365
电子-其他电子-其他电子Ⅲ,300516.SZ,33,300516
纺织服饰-纺织制造-其他纺织,300979.SZ,33,300979
煤炭-煤炭开采加工-煤炭开采,600997.SH,17,600997
汽车-汽车零部件-底盘与发动机系统,920418.BJ,151,920418
公用事业-燃气-燃气Ⅲ,000669.SZ,33,000669
机械设备-专用设备-能源及重型设备,920931.BJ,151,920931
交通运输-港口航运-航运,603167.SH,17,603167
农林牧渔-种植业与林业-其他种植业,300511.SZ,33,300511
医药生物-化学制药-原料药,920478.BJ,151,920478
纺织服饰-纺织制造-其他纺织,603055.SH,17,603055
交通运输-港口航运-港口,601000.SH,17,601000
医药生物-化学制药-原料药,001367.SZ,33,001367
社会服务-其他社会服务-专业服务,300860.SZ,33,300860
银行-银行-城商行,601009.SH,17,601009
食品饮料-食品加工制造-其他食品,600530.SH,17,600530
汽车-汽车零部件-车身附件及饰件,603409.SH,17,603409
有色金属-金属新材料-磁性材料,301622.SZ,33,301622
国防军工-军工装备-地面兵装,300527.SZ,33,300527
计算机-软件开发-垂直应用软件,300559.SZ,33,300559
计算机-计算机设备-其他计算机设备,002577.SZ,33,002577
农林牧渔-农产品加工-水产饲料,603668.SH,17,603668
基础化工-农化制品-农药,603086.SH,17,603086
农林牧渔-农产品加工-其他农产品加工,000930.SZ,33,000930
基础化工-塑料制品-改性塑料,301131.SZ,33,301131
交通运输-港口航运-航运,603162.SH,17,603162
医药生物-医疗服务-医院,002172.SZ,33,002172
医药生物-医疗器械-体外诊断,688656.SH,17,688656
医药生物-医疗器械-医疗设备,688580.SH,17,688580
环保-环保设备-环保设备Ⅲ,600817.SH,17,600817
农林牧渔-养殖业-肉鸡养殖,002234.SZ,33,002234
汽车-汽车服务及其他-其他运输设备,603529.SH,17,603529
美容护理-美容护理-化妆品,600315.SH,17,600315
医药生物-医药商业-药店,603883.SH,17,603883
食品饮料-食品加工制造-休闲食品,603043.SH,17,603043
通信-通信服务-电信运营商,600941.SH,17,600941
传媒-文化传媒-出版,601928.SH,17,601928
传媒-游戏-游戏Ⅲ,002555.SZ,33,002555
基础化工-化学原料-其他化学原料,301190.SZ,33,301190
纺织服饰-服装家纺-服装,002687.SZ,33,002687
环保-环境治理-综合环境治理,002887.SZ,33,002887
医药生物-中药-中药Ⅲ,600351.SH,17,600351
电力设备-电网设备-线缆部件及其他,603606.SH,17,603606
煤炭-煤炭开采加工-煤炭开采,601918.SH,17,601918
汽车-汽车零部件-底盘与发动机系统,002434.SZ,33,002434
食品饮料-食品加工制造-调味发酵品,603755.SH,17,603755
传媒-文化传媒-出版,601801.SH,17,601801
机械设备-自动化设备-机器人,600215.SH,17,600215
传媒-游戏-游戏Ⅲ,300315.SZ,33,300315
基础化工-农化制品-农药,002496.SZ,33,002496
医药生物-中药-中药Ⅲ,600329.SH,17,600329
农林牧渔-养殖业-生猪养殖,000735.SZ,33,000735
医药生物-中药-中药Ⅲ,300878.SZ,33,300878
机械设备-通用设备-其他通用设备,300441.SZ,33,300441
农林牧渔-种植业与林业-粮食种植,600598.SH,17,600598
有色金属-金属新材料-磁性材料,300224.SZ,33,300224
机械设备-工程机械-工程机械Ⅲ,301279.SZ,33,301279
环保-环境治理-水务及水治理,000598.SZ,33,000598
国防军工-军工电子-军工电子Ⅲ,688002.SH,17,688002
环保-环境治理-固废治理,600323.SH,17,600323
机械设备-自动化设备-机器人,920578.BJ,151,920578
建筑装饰-建筑装饰-专业工程,600970.SH,17,600970
汽车-汽车零部件-底盘与发动机系统,002284.SZ,33,002284
美容护理-美容护理-个护用品,003006.SZ,33,003006
基础化工-化学纤维-其他纤维,920077.BJ,151,920077
基础化工-农化制品-氮肥,600426.SH,17,600426
医药生物-中药-中药Ⅲ,300026.SZ,33,300026
钢铁-钢铁-冶钢原料,600516.SH,17,600516
医药生物-生物制品-其他生物制品,688137.SH,17,688137
公用事业-燃气-燃气Ⅲ,002267.SZ,33,002267
交通运输-公路铁路运输-高速公路,000900.SZ,33,000900
汽车-汽车零部件-车身附件及饰件,920906.BJ,151,920906
医药生物-化学制药-化学制剂,600380.SH,17,600380
医药生物-化学制药-化学制剂,920566.BJ,151,920566
计算机-软件开发-垂直应用软件,300366.SZ,33,300366
机械设备-通用设备-金属制品,002132.SZ,33,002132
纺织服饰-服装家纺-服装,600177.SH,17,600177
交通运输-公路铁路运输-高速公路,601107.SH,17,601107
医药生物-化学制药-化学制剂,300705.SZ,33,300705
机械设备-工程机械-工程机械Ⅲ,600031.SH,17,600031
公用事业-电力-电能综合服务,600969.SH,17,600969
纺织服饰-服装家纺-服装,603808.SH,17,603808
机械设备-通用设备-金属制品,002896.SZ,33,002896
医药生物-中药-中药Ⅲ,600671.SH,17,600671
房地产-房地产-房地产服务,603506.SH,17,603506
医药生物-医药商业-医药流通,603122.SH,17,603122
医药生物-生物制品-其他生物制品,603590.SH,17,603590
基础化工-化学制品-涂料油墨,688129.SH,17,688129
环保-环境治理-固废治理,300854.SZ,33,300854
银行-银行-股份制银行,600036.SH,17,600036
医药生物-化学制药-化学制剂,002923.SZ,33,002923
家用电器-小家电-小家电Ⅲ,301187.SZ,33,301187
国防军工-军工装备-航空装备,688231.SH,17,688231
汽车-汽车整车-商用载货车,301039.SZ,33,301039
基础化工-农化制品-农药,603970.SH,17,603970
汽车-汽车零部件-汽车电子电气系统,688612.SH,17,688612
商贸零售-互联网电商-互联网电商Ⅲ,003010.SZ,33,003010
美容护理-美容护理-个护用品,603193.SH,17,603193
机械设备-通用设备-其他通用设备,688455.SH,17,688455
医药生物-医疗服务-医院,002173.SZ,33,002173
汽车-汽车零部件-底盘与发动机系统,603809.SH,17,603809
医药生物-化学制药-化学制剂,603676.SH,17,603676
基础化工-化学制品-其他化学制品,603051.SH,17,603051
有色金属-金属新材料-磁性材料,000795.SZ,33,000795
汽车-汽车零部件-车身附件及饰件,603997.SH,17,603997
医药生物-化学制药-原料药,605507.SH,17,605507
基础化工-化学制品-有机硅,300041.SZ,33,300041
交通运输-港口航运-港口,601326.SH,17,601326
基础化工-化学制品-其他化学制品,300174.SZ,33,300174
交通运输-港口航运-航运,603209.SH,17,603209
基础化工-化学原料-煤化工,002274.SZ,33,002274
传媒-游戏-游戏Ⅲ,002425.SZ,33,002425
公用事业-电力-火电,600023.SH,17,600023
纺织服饰-服装家纺-服装,600398.SH,17,600398
机械设备-专用设备-其他专用设备,300415.SZ,33,300415
建筑装饰-建筑装饰-装饰园林,002163.SZ,33,002163
基础化工-化学纤维-涤纶,002206.SZ,33,002206
机械设备-专用设备-农用机械,301533.SZ,33,301533
国防军工-军工装备-航空装备,002933.SZ,33,002933
基础化工-化学制品-纺织化学用品,301585.SZ,33,301585
医药生物-医疗器械-医疗耗材,002901.SZ,33,002901
基础化工-塑料制品-改性塑料,301538.SZ,33,301538
电子-半导体-集成电路封测,688362.SH,17,688362
电子-半导体-数字芯片设计,688213.SH,17,688213
轻工制造-造纸-造纸Ⅲ,603165.SH,17,603165
汽车-汽车零部件-底盘与发动机系统,300733.SZ,33,300733
汽车-汽车零部件-底盘与发动机系统,301020.SZ,33,301020
机械设备-专用设备-其他专用设备,920177.BJ,151,920177
汽车-汽车零部件-其他汽车零部件,688021.SH,17,688021
机械设备-工程机械-工程机械Ⅲ,000680.SZ,33,000680
机械设备-通用设备-金属制品,600558.SH,17,600558
交通运输-公路铁路运输-高速公路,600548.SH,17,600548
电子-半导体-分立器件,600745.SH,22,600745
机械设备-轨交设备-轨交设备Ⅲ,688569.SH,17,688569
机械设备-通用设备-金属制品,301255.SZ,33,301255
交通运输-港口航运-航运,601083.SH,17,601083
农林牧渔-养殖业-动物保健,300119.SZ,33,300119
机械设备-自动化设备-工控设备,920425.BJ,151,920425
纺织服饰-服装家纺-家纺,002293.SZ,33,002293
电力设备-电机-电机Ⅲ,603370.SH,17,603370
银行-银行-农商行,603323.SH,17,603323
计算机-IT服务-IT服务Ⅲ,600476.SH,22,600476
建筑材料-建筑材料-其他建材,603378.SH,22,603378
社会服务-其他社会服务-专业服务,301306.SZ,33,301306
机械设备-通用设备-其他通用设备,603757.SH,17,603757
银行-银行-农商行,002839.SZ,33,002839
电子-消费电子-消费电子零部件及组装,603595.SH,22,603595
农林牧渔-种植业与林业-种子生产,300189.SZ,33,300189
汽车-汽车零部件-底盘与发动机系统,920896.BJ,151,920896
医药生物-中药-中药Ⅲ,600332.SH,17,600332
电子-元件-印制电路板,002552.SZ,33,002552
机械设备-通用设备-机床工具,002248.SZ,33,002248
机械设备-通用设备-磨具磨料,300700.SZ,33,300700
银行-银行-农商行,600908.SH,17,600908
环保-环境治理-水务及水治理,300388.SZ,33,300388
基础化工-农化制品-农药,603810.SH,17,603810
基础化工-化学纤维-涤纶,603225.SH,17,603225
交通运输-物流-物流Ⅲ,603813.SH,17,603813
电力设备-电池-锂电池,002245.SZ,33,002245
农林牧渔-农产品加工-其他农产品加工,002086.SZ,33,002086
公用事业-电力-水电,600236.SH,17,600236
基础化工-化学纤维-涤纶,603332.SH,17,603332
汽车-汽车零部件-轮胎轮毂,601966.SH,17,601966
电力设备-电网设备-输变电设备,603312.SH,17,603312
轻工制造-家居用品-瓷砖地板,002162.SZ,33,002162
医药生物-医药商业-医药流通,601607.SH,17,601607
农林牧渔-农产品加工-粮油加工,000019.SZ,33,000019
汽车-汽车零部件-车身附件及饰件,301173.SZ,33,301173
食品饮料-食品加工制造-休闲食品,002847.SZ,33,002847
农林牧渔-种植业与林业-其他种植业,300970.SZ,33,300970
基础化工-化学纤维-涤纶,603406.SH,17,603406
公用事业-燃气-燃气Ⅲ,002911.SZ,33,002911
银行-银行-农商行,601128.SH,17,601128
汽车-汽车零部件-底盘与发动机系统,603009.SH,17,603009
基础化工-化学制品-涂料油墨,000565.SZ,33,000565
医药生物-化学制药-化学制剂,300194.SZ,33,300194
机械设备-通用设备-其他通用设备,002884.SZ,33,002884
机械设备-专用设备-楼宇设备,002367.SZ,33,002367
石油石化-石油加工贸易-油品石化贸易,000096.SZ,33,000096
电力设备-电网设备-输变电设备,002452.SZ,33,002452
医药生物-化学制药-原料药,301301.SZ,33,301301
医药生物-化学制药-原料药,600216.SH,17,600216
计算机-IT服务-IT服务Ⅲ,301218.SZ,33,301218
电力设备-电网设备-线缆部件及其他,603577.SH,17,603577
计算机-IT服务-IT服务Ⅲ,002771.SZ,33,002771
电力设备-电网设备-输变电设备,300141.SZ,33,300141
汽车-汽车服务及其他-其他运输设备,600818.SH,22,600818
非银金融-多元金融-多元金融Ⅲ,000415.SZ,33,000415
交通运输-公路铁路运输-公交,002357.SZ,33,002357
基础化工-非金属材料-非金属材料Ⅲ,301071.SZ,33,301071
汽车-汽车零部件-汽车电子电气系统,688533.SH,17,688533
汽车-汽车零部件-汽车电子电气系统,301310.SZ,33,301310
电子-光学光电子-LED,002723.SZ,33,002723
汽车-汽车整车-商用载货车,000800.SZ,33,000800
医药生物-医疗服务-医院,600568.SH,22,600568
环保-环境治理-固废治理,001230.SZ,33,001230
有色金属-工业金属-铝,603271.SH,17,603271
医药生物-中药-中药Ⅲ,000538.SZ,33,000538
电力设备-电机-电机Ⅲ,603819.SH,17,603819
纺织服饰-服装家纺-饰品,605599.SH,17,605599
农林牧渔-养殖业-动物保健,300871.SZ,33,300871
石油石化-石油加工贸易-石油加工,002476.SZ,33,002476
轻工制造-造纸-造纸Ⅲ,600966.SH,17,600966
基础化工-塑料制品-改性塑料,300644.SZ,33,300644
传媒-文化传媒-数字媒体,301313.SZ,33,301313
传媒-文化传媒-数字媒体,603533.SH,17,603533
医药生物-医疗器械-体外诊断,300942.SZ,33,300942
基础化工-化学原料-氯碱,000635.SZ,33,000635
银行-银行-城商行,601169.SH,17,601169
医药生物-中药-中药Ⅲ,600993.SH,17,600993
建筑装饰-建筑装饰-专业工程,300384.SZ,33,300384
医药生物-中药-中药Ⅲ,600252.SH,17,600252
计算机-IT服务-IT服务Ⅲ,920227.BJ,151,920227
纺织服饰-服装家纺-服装,603511.SH,17,603511
医药生物-中药-中药Ⅲ,600594.SH,17,600594
基础化工-化学制品-其他化学制品,301076.SZ,33,301076
纺织服饰-服装家纺-鞋帽及其他,603665.SH,17,603665
家用电器-白色家电-家电零部件,002050.SZ,33,002050
机械设备-通用设备-其他通用设备,688251.SH,17,688251
银行-银行-城商行,002142.SZ,33,002142
轻工制造-造纸-造纸Ⅲ,600963.SH,17,600963
通信-通信设备-通信终端及配件,300205.SZ,33,300205
医药生物-化学制药-化学制剂,000597.SZ,33,000597
医药生物-化学制药-原料药,300966.SZ,33,300966
纺织服饰-服装家纺-服装,603587.SH,17,603587
商贸零售-互联网电商-互联网电商Ⅲ,600539.SH,17,600539
电力设备-电网设备-电气自控设备,688681.SH,17,688681
传媒-文化传媒-广告营销,300063.SZ,33,300063
机械设备-通用设备-其他通用设备,600889.SH,22,600889
美容护理-美容护理-个护用品,301108.SZ,33,301108
医药生物-中药-中药Ⅲ,600518.SH,17,600518
机械设备-专用设备-能源及重型设备,603966.SH,17,603966
基础化工-化学原料-其他化学原料,600955.SH,17,600955
基础化工-化学原料-无机盐,603299.SH,17,603299
银行-银行-城商行,600926.SH,17,600926
交通运输-物流-物流Ⅲ,601598.SH,17,601598
医药生物-中药-中药Ⅲ,002644.SZ,33,002644
有色金属-小金属-稀土,600111.SH,17,600111
公用事业-电力-水电,600025.SH,17,600025
机械设备-自动化设备-其他自动化设备,688310.SH,17,688310
机械设备-专用设备-能源及重型设备,603173.SH,17,603173
交通运输-港口航运-航运,002320.SZ,33,002320
建筑材料-建筑材料-其他建材,603737.SH,17,603737
建筑材料-建筑材料-其他建材,603038.SH,17,603038
汽车-汽车零部件-车身附件及饰件,601799.SH,17,601799
家用电器-白色家电-冰洗,600983.SH,17,600983
基础化工-化学制品-其他化学制品,688269.SH,17,688269
计算机-软件开发-横向通用软件,688244.SH,17,688244
机械设备-通用设备-制冷空调设备,002686.SZ,33,002686
有色金属-工业金属-铝,002501.SZ,33,002501
基础化工-塑料制品-改性塑料,300538.SZ,33,300538
电力设备-电池-其他电池,600847.SH,17,600847
交通运输-物流-物流Ⅲ,002010.SZ,33,002010
机械设备-轨交设备-轨交设备Ⅲ,300351.SZ,33,300351
基础化工-非金属材料-非金属材料Ⅲ,605086.SH,17,605086
计算机-计算机设备-其他计算机设备,001229.SZ,33,001229
机械设备-通用设备-机床工具,920870.BJ,151,920870
医药生物-医药商业-医药流通,301584.SZ,33,301584
医药生物-化学制药-化学制剂,600613.SH,17,600613
食品饮料-饮料制造-其他酒类,600543.SH,22,600543
传媒-文化传媒-广告营销,600358.SH,17,600358
基础化工-农化制品-农药,000525.SZ,33,000525
基础化工-农化制品-农药,603360.SH,17,603360
农林牧渔-养殖业-肉鸡养殖,002746.SZ,33,002746
机械设备-自动化设备-机器人,002698.SZ,33,002698
医药生物-化学制药-化学制剂,603207.SH,17,603207
医药生物-中药-中药Ⅲ,600572.SH,17,600572
基础化工-橡胶制品-其他橡胶制品,002224.SZ,33,002224
传媒-文化传媒-出版,601098.SH,17,601098
医药生物-医药商业-医药流通,600511.SH,17,600511
建筑装饰-建筑装饰-基础建设,002061.SZ,33,002061
纺织服饰-纺织制造-其他纺织,603238.SH,17,603238
环保-环保设备-环保设备Ⅲ,688309.SH,17,688309
汽车-汽车服务及其他-其他运输设备,603129.SH,17,603129
环保-环境治理-固废治理,002672.SZ,33,002672
美容护理-美容护理-医疗美容,002612.SZ,33,002612
医药生物-中药-中药Ⅲ,002390.SZ,33,002390
基础化工-农化制品-农药,300804.SZ,33,300804
医药生物-中药-中药Ⅲ,600479.SH,17,600479
基础化工-农化制品-复合肥,002538.SZ,33,002538
机械设备-通用设备-其他通用设备,300984.SZ,33,300984
纺织服饰-服装家纺-饰品,002867.SZ,33,002867
商贸零售-零售-商业物业经营,600239.SH,22,600239
食品饮料-饮料制造-乳品,605179.SH,17,605179
交通运输-港口航运-港口,601008.SH,17,601008
交通运输-物流-物流Ⅲ,001391.SZ,33,001391
基础化工-农化制品-农药,603639.SH,17,603639
建筑装饰-建筑装饰-工程咨询服务,300989.SZ,33,300989
基础化工-化学原料-纯碱,000822.SZ,33,000822
公用事业-燃气-燃气Ⅲ,605368.SH,17,605368
商贸零售-零售-百货零售,300972.SZ,33,300972
基础化工-化学制品-纺织化学用品,002054.SZ,33,002054
家用电器-白色家电-家电零部件,920124.BJ,151,920124
轻工制造-造纸-造纸Ⅲ,002078.SZ,33,002078
基础化工-化学制品-氟化工,600378.SH,17,600378
传媒-文化传媒-出版,605577.SH,17,605577
家用电器-白色家电-空调,000651.SZ,33,000651
基础化工-化学原料-氯碱,601568.SH,17,601568
纺织服饰-服装家纺-服装,002763.SZ,33,002763
电力设备-电网设备-输变电设备,603016.SH,17,603016
农林牧渔-种植业与林业-粮食种植,601952.SH,17,601952
机械设备-通用设备-金属制品,600114.SH,17,600114
基础化工-化学原料-无机盐,003017.SZ,33,003017
机械设备-通用设备-金属制品,002164.SZ,33,002164
基础化工-化学制品-其他化学制品,301212.SZ,33,301212
计算机-IT服务-IT服务Ⅲ,300264.SZ,33,300264
交通运输-公路铁路运输-高速公路,001965.SZ,33,001965
纺织服饰-纺织制造-棉纺,000726.SZ,33,000726
环保-环境治理-综合环境治理,300355.SZ,33,300355
房地产-房地产-产业地产,600639.SH,17,600639
银行-银行-城商行,002966.SZ,33,002966
机械设备-专用设备-其他专用设备,603159.SH,17,603159
医药生物-化学制药-原料药,002365.SZ,33,002365
计算机-IT服务-IT服务Ⅲ,300245.SZ,33,300245
基础化工-化学制品-食品及饲料添加剂,002166.SZ,33,002166
汽车-汽车零部件-其他汽车零部件,002510.SZ,33,002510
环保-环保设备-环保设备Ⅲ,688501.SH,17,688501
环保-环境治理-固废治理,601033.SH,17,601033
环保-环保设备-环保设备Ⅲ,301081.SZ,33,301081
环保-环境治理-水务及水治理,688069.SH,17,688069
电力设备-电网设备-线缆部件及其他,301439.SZ,33,301439
基础化工-农化制品-农药,002391.SZ,33,002391
基础化工-橡胶制品-炭黑,001207.SZ,33,001207
电力设备-电机-电机Ⅲ,002823.SZ,33,002823
机械设备-通用设备-金属制品,300817.SZ,33,300817
通信-通信设备-其他通信设备,300353.SZ,33,300353
国防军工-军工装备-地面兵装,000519.SZ,33,000519
钢铁-钢铁-特钢,002443.SZ,33,002443
建筑装饰-建筑装饰-工程咨询服务,603909.SH,17,603909
医药生物-医药商业-医药流通,000950.SZ,33,000950
银行-银行-城商行,601665.SH,17,601665
医药生物-化学制药-化学制剂,000788.SZ,33,000788
银行-银行-股份制银行,601818.SH,17,601818
医药生物-化学制药-原料药,300583.SZ,33,300583
建筑材料-建筑材料-水泥,600668.SH,17,600668
汽车-汽车整车-商用载货车,600166.SH,17,600166
传媒-文化传媒-广告营销,301102.SZ,33,301102
农林牧渔-养殖业-动物保健,600201.SH,17,600201
公用事业-燃气-燃气Ⅲ,600333.SH,17,600333
食品饮料-食品加工制造-休闲食品,300783.SZ,33,300783
银行-银行-农商行,601528.SH,17,601528
基础化工-农化制品-复合肥,000902.SZ,33,000902
食品饮料-食品加工制造-调味发酵品,600298.SH,17,600298
汽车-汽车零部件-轮胎轮毂,601500.SH,17,601500
煤炭-煤炭开采加工-煤炭开采,000983.SZ,33,000983
电子-其他电子-其他电子Ⅲ,002388.SZ,33,002388
商贸零售-零售-百货零售,600694.SH,17,600694
基础化工-农化制品-农药,603599.SH,17,603599
医药生物-化学制药-化学制剂,603367.SH,17,603367
电力设备-电池-锂电池,301210.SZ,33,301210
基础化工-化学制品-其他化学制品,301100.SZ,33,301100
食品饮料-食品加工制造-调味发酵品,603317.SH,17,603317
银行-银行-农商行,002807.SZ,33,002807
石油石化-石油加工贸易-石油加工,600028.SH,17,600028
基础化工-化学制品-食品及饲料添加剂,600866.SH,17,600866
医药生物-医药商业-药店,605266.SH,17,605266
基础化工-化学制品-其他化学制品,301283.SZ,33,301283
电力设备-电网设备-线缆部件及其他,601700.SH,17,601700
基础化工-化学制品-其他化学制品,300610.SZ,33,300610
电力设备-光伏设备-光伏辅材,920167.BJ,151,920167
汽车-汽车零部件-汽车电子电气系统,603786.SH,17,603786
医药生物-医疗器械-医疗耗材,002950.SZ,33,002950
汽车-汽车零部件-汽车电子电气系统,603179.SH,17,603179
电力设备-电网设备-电气自控设备,601222.SH,17,601222
食品饮料-饮料制造-软饮料,605198.SH,17,605198
基础化工-化学原料-无机盐,600328.SH,17,600328
房地产-房地产-房地产服务,000736.SZ,33,000736
机械设备-工程机械-工程机械Ⅲ,920174.BJ,151,920174
食品饮料-饮料制造-乳品,600419.SH,17,600419
银行-银行-农商行,601077.SH,17,601077
传媒-影视院线-影视院线Ⅲ,002905.SZ,33,002905
交通运输-公路铁路运输-高速公路,600377.SH,17,600377
交通运输-港口航运-航运,601022.SH,17,601022
医药生物-医疗服务-医疗研发外包,301520.SZ,33,301520
电力设备-光伏设备-光伏辅材,000159.SZ,33,000159
机械设备-通用设备-金属制品,688059.SH,17,688059
综合-综合-综合Ⅲ,000753.SZ,33,000753
建筑材料-建筑材料-耐火材料,002088.SZ,33,002088
机械设备-通用设备-制冷空调设备,603187.SH,17,603187
机械设备-专用设备-其他专用设备,300823.SZ,33,300823
基础化工-化学制品-其他化学制品,300910.SZ,33,300910
传媒-影视院线-影视院线Ⅲ,300528.SZ,33,300528
公用事业-燃气-燃气Ⅲ,603053.SH,17,603053
汽车-汽车零部件-车身附件及饰件,603085.SH,17,603085
交通运输-物流-物流Ⅲ,600057.SH,17,600057
轻工制造-造纸-造纸Ⅲ,603863.SH,17,603863
环保-环境治理-固废治理,301109.SZ,33,301109
基础化工-化学制品-涂料油墨,301036.SZ,33,301036
汽车-汽车零部件-其他汽车零部件,300643.SZ,33,300643
房地产-房地产-住宅开发,000609.SZ,33,000609
钢铁-钢铁-普钢,600019.SH,17,600019
建筑材料-建筑材料-水泥,600585.SH,17,600585
医药生物-医药商业-药店,603939.SH,17,603939
有色金属-工业金属-铅锌,000816.SZ,33,000816
建筑材料-建筑材料-其他建材,002333.SZ,33,002333
银行-银行-城商行,601229.SH,17,601229
基础化工-农化制品-磷肥及磷化工,600096.SH,17,600096
计算机-IT服务-IT服务Ⅲ,300532.SZ,33,300532
建筑装饰-建筑装饰-工程咨询服务,600629.SH,17,600629
机械设备-通用设备-金属制品,603915.SH,17,603915
交通运输-港口航运-港口,601018.SH,17,601018
计算机-软件开发-横向通用软件,688201.SH,22,688201
环保-环境治理-大气治理,920263.BJ,151,920263
医药生物-医疗器械-医疗设备,688410.SH,17,688410
计算机-IT服务-IT服务Ⅲ,688004.SH,17,688004
基础化工-塑料制品-改性塑料,002886.SZ,33,002886
医药生物-中药-中药Ⅲ,600750.SH,17,600750
汽车-汽车零部件-底盘与发动机系统,603788.SH,17,603788
机械设备-轨交设备-轨交设备Ⅲ,300594.SZ,33,300594
基础化工-化学原料-氯碱,600319.SH,17,600319
汽车-汽车零部件-底盘与发动机系统,002553.SZ,33,002553
基础化工-化学制品-其他化学制品,301617.SZ,33,301617
传媒-文化传媒-广告营销,002027.SZ,33,002027
钢铁-钢铁-冶钢原料,600295.SH,17,600295
汽车-汽车零部件-车身附件及饰件,920690.BJ,151,920690
环保-环境治理-水务及水治理,300070.SZ,33,300070
机械设备-专用设备-其他专用设备,002031.SZ,33,002031
汽车-汽车零部件-汽车电子电气系统,301607.SZ,33,301607
家用电器-黑色家电-其他黑色家电,301578.SZ,33,301578
机械设备-轨交设备-轨交设备Ⅲ,603111.SH,17,603111
公用事业-燃气-燃气Ⅲ,605169.SH,17,605169
纺织服饰-服装家纺-服装,605138.SH,17,605138
传媒-文化传媒-数字媒体,600640.SH,17,600640
环保-环境治理-固废治理,301500.SZ,33,301500
基础化工-塑料制品-其他塑料制品,300180.SZ,33,300180
轻工制造-家居用品-文娱用品,001368.SZ,33,001368
电子-半导体-模拟芯片设计,688391.SH,17,688391
汽车-汽车零部件-底盘与发动机系统,920022.BJ,151,920022
医药生物-医疗器械-医疗设备,300753.SZ,33,300753
公用事业-电力-水电,600886.SH,17,600886
食品饮料-食品加工制造-其他食品,300146.SZ,33,300146
石油石化-油气开采及服务-油服工程,600968.SH,17,600968
基础化工-农化制品-氮肥,000912.SZ,33,000912
基础化工-化学制品-食品及饲料添加剂,605077.SH,17,605077
纺织服饰-服装家纺-饰品,300945.SZ,33,300945
食品饮料-食品加工制造-休闲食品,000716.SZ,33,000716
医药生物-化学制药-化学制剂,002399.SZ,33,002399
机械设备-通用设备-机床工具,003025.SZ,33,003025
医药生物-中药-中药Ⅲ,002287.SZ,33,002287
银行-银行-股份制银行,000001.SZ,33,000001
计算机-计算机设备-安防设备,301042.SZ,33,301042
美容护理-美容护理-个护用品,002511.SZ,33,002511
商贸零售-零售-商业物业经营,600655.SH,17,600655
传媒-文化传媒-出版,601921.SH,17,601921
煤炭-煤炭开采加工-煤炭开采,600508.SH,17,600508
医药生物-中药-中药Ⅲ,600535.SH,17,600535
轻工制造-造纸-造纸Ⅲ,301469.SZ,33,301469
医药生物-医疗器械-医疗设备,301087.SZ,33,301087
机械设备-通用设备-金属制品,600592.SH,17,600592
房地产-房地产-住宅开发,600376.SH,17,600376
建筑材料-建筑材料-水泥,000401.SZ,33,000401
汽车-汽车零部件-其他汽车零部件,603119.SH,17,603119
电子-光学光电子-面板,001399.SZ,33,001399
机械设备-专用设备-能源及重型设备,001288.SZ,33,001288
商贸零售-零售-百货零售,002697.SZ,33,002697
公用事业-电力-水电,600900.SH,17,600900
银行-银行-股份制银行,601998.SH,17,601998
农林牧渔-养殖业-水产养殖,300094.SZ,33,300094
电子-光学光电子-光学元件,301479.SZ,33,301479
机械设备-专用设备-农用机械,300879.SZ,33,300879
轻工制造-家居用品-成品家居,001323.SZ,33,001323
银行-银行-城商行,601997.SH,17,601997
钢铁-钢铁-普钢,601003.SH,17,601003
医药生物-中药-中药Ⅲ,000650.SZ,33,000650
环保-环境治理-固废治理,002973.SZ,33,002973
汽车-汽车零部件-底盘与发动机系统,920195.BJ,151,920195
医药生物-化学制药-化学制剂,688658.SH,17,688658
机械设备-通用设备-其他通用设备,603279.SH,17,603279
食品饮料-饮料制造-其他酒类,603779.SH,17,603779
电子-光学光电子-面板,000050.SZ,33,000050
基础化工-化学原料-氯碱,000818.SZ,33,000818
计算机-IT服务-IT服务Ⅲ,300536.SZ,33,300536
社会服务-其他社会服务-专业服务,301169.SZ,33,301169
有色金属-小金属-钨,000657.SZ,33,000657
通信-通信设备-其他通信设备,688418.SH,17,688418
医药生物-医疗器械-医疗耗材,300326.SZ,33,300326
医药生物-生物制品-其他生物制品,688336.SH,17,688336
交通运输-物流-物流Ⅲ,603648.SH,17,603648
传媒-文化传媒-出版,603230.SH,17,603230
机械设备-通用设备-金属制品,001306.SZ,33,001306
家用电器-白色家电-家电零部件,603150.SH,17,603150
医药生物-化学制药-化学制剂,600812.SH,17,600812
医药生物-医药商业-医药流通,600829.SH,17,600829
银行-银行-股份制银行,601916.SH,17,601916
建筑装饰-建筑装饰-专业工程,603959.SH,22,603959
电力设备-光伏设备-光伏电池组件,300716.SZ,33,300716
轻工制造-家居用品-文娱用品,605299.SH,17,605299
医药生物-生物制品-血液制品,002252.SZ,33,002252
食品饮料-食品加工制造-预加工食品,002661.SZ,33,002661
基础化工-塑料制品-改性塑料,600143.SH,17,600143
医药生物-生物制品-血液制品,002007.SZ,33,002007
基础化工-塑料制品-其他塑料制品,301216.SZ,33,301216
轻工制造-造纸-造纸Ⅲ,605500.SH,17,605500
基础化工-化学原料-煤化工,600746.SH,17,600746
医药生物-化学制药-化学制剂,688117.SH,17,688117
轻工制造-家居用品-其他家居用品,002084.SZ,33,002084
电力设备-其他电源设备-其他电源设备Ⅲ,600405.SH,17,600405
商贸零售-零售-百货零售,600729.SH,17,600729
食品饮料-食品加工制造-休闲食品,001219.SZ,33,001219
家用电器-白色家电-冰洗,002668.SZ,33,002668
商贸零售-零售-百货零售,600280.SH,17,600280
食品饮料-食品加工制造-调味发酵品,603696.SH,17,603696
农林牧渔-种植业与林业-农业综合,002556.SZ,33,002556
美容护理-美容护理-个护用品,600249.SH,17,600249
汽车-汽车零部件-其他汽车零部件,603239.SH,17,603239
商贸零售-互联网电商-互联网电商Ⅲ,002127.SZ,33,002127
有色金属-工业金属-铜,600711.SH,17,600711
钢铁-钢铁-冶钢原料,000655.SZ,33,000655
医药生物-中药-中药Ⅲ,000790.SZ,33,000790
银行-银行-国有大型银行,601328.SH,17,601328
建筑装饰-建筑装饰-工程咨询服务,603153.SH,17,603153
银行-银行-农商行,002958.SZ,33,002958
基础化工-塑料制品-其他塑料制品,301090.SZ,33,301090
环保-环境治理-固废治理,601827.SH,17,601827
医药生物-化学制药-化学制剂,000513.SZ,33,000513
农林牧渔-种植业与林业-种子生产,600371.SH,17,600371
传媒-文化传媒-出版,600757.SH,17,600757
汽车-汽车零部件-底盘与发动机系统,000559.SZ,33,000559
汽车-汽车零部件-轮胎轮毂,603049.SH,17,603049
基础化工-化学原料-无机盐,600929.SH,17,600929
机械设备-专用设备-印刷包装机械,300521.SZ,33,300521
食品饮料-食品加工制造-其他食品,002626.SZ,33,002626
医药生物-中药-中药Ⅲ,000590.SZ,33,000590
医药生物-医疗器械-体外诊断,300396.SZ,33,300396
汽车-汽车服务及其他-汽车服务,000757.SZ,33,000757
美容护理-美容护理-化妆品,301371.SZ,33,301371
建筑装饰-建筑装饰-基础建设,301046.SZ,33,301046
医药生物-医疗器械-医疗耗材,300529.SZ,33,300529
有色金属-工业金属-铅锌,603132.SH,17,603132
食品饮料-食品加工制造-休闲食品,603866.SH,17,603866
农林牧渔-种植业与林业-其他种植业,002215.SZ,33,002215
公用事业-电力-热力,603071.SH,17,603071
机械设备-专用设备-其他专用设备,688128.SH,17,688128
石油石化-石油加工贸易-石油加工,600506.SH,17,600506
机械设备-通用设备-其他通用设备,000570.SZ,33,000570
机械设备-通用设备-仪器仪表,688112.SH,17,688112
医药生物-生物制品-其他生物制品,688331.SH,17,688331
轻工制造-包装印刷-包装,002752.SZ,33,002752
商贸零售-互联网电商-互联网电商Ⅲ,300209.SZ,33,300209
交通运输-物流-物流Ⅲ,603006.SH,17,603006
环保-环境治理-固废治理,601200.SH,17,601200
医药生物-生物制品-疫苗,688319.SH,17,688319
医药生物-化学制药-原料药,301065.SZ,33,301065
有色金属-小金属-其他小金属,301026.SZ,33,301026
轻工制造-家居用品-文娱用品,002301.SZ,33,002301
机械设备-专用设备-纺织服装设备,688789.SH,17,688789
建筑装饰-建筑装饰-基础建设,000498.SZ,33,000498
公用事业-燃气-燃气Ⅲ,002259.SZ,33,002259
石油石化-石油加工贸易-石油加工,601857.SH,17,601857
基础化工-塑料制品-改性塑料,300995.SZ,33,300995
农林牧渔-养殖业-动物保健,002688.SZ,33,002688
汽车-汽车零部件-其他汽车零部件,300998.SZ,33,300998
医药生物-医疗服务-医疗研发外包,600721.SH,17,600721
汽车-汽车整车-乘用车,600104.SH,17,600104
美容护理-美容护理-医疗美容,920982.BJ,151,920982
机械设备-专用设备-其他专用设备,001395.SZ,33,001395
汽车-汽车零部件-底盘与发动机系统,603758.SH,17,603758
有色金属-工业金属-铝,002532.SZ,33,002532
基础化工-化学制品-民爆用品,002917.SZ,33,002917
电子-光学光电子-LED,002724.SZ,33,002724
医药生物-化学制药-化学制剂,688373.SH,17,688373
食品饮料-食品加工制造-其他食品,603102.SH,17,603102
家用电器-小家电-小家电Ⅲ,003023.SZ,33,003023
机械设备-通用设备-金属制品,301160.SZ,33,301160
基础化工-化学制品-民爆用品,002096.SZ,33,002096
计算机-IT服务-IT服务Ⅲ,688343.SH,17,688343
汽车-汽车零部件-底盘与发动机系统,300176.SZ,33,300176
农林牧渔-养殖业-生猪养殖,002714.SZ,33,002714
医药生物-医疗器械-医疗耗材,300981.SZ,33,300981
交通运输-港口航运-港口,000905.SZ,33,000905
机械设备-专用设备-能源及重型设备,301158.SZ,33,301158
农林牧渔-养殖业-海洋捕捞,600097.SH,17,600097
环保-环境治理-固废治理,603686.SH,17,603686
医药生物-化学制药-化学制剂,000919.SZ,33,000919
基础化工-农化制品-复合肥,002170.SZ,33,002170
医药生物-医药商业-药店,002727.SZ,33,002727
有色金属-工业金属-铝,600219.SH,17,600219
农林牧渔-养殖业-动物保健,600195.SH,17,600195
环保-环保设备-环保设备Ⅲ,300385.SZ,33,300385
传媒-文化传媒-出版,601811.SH,17,601811
银行-银行-城商行,001227.SZ,33,001227
环保-环境治理-综合环境治理,002717.SZ,33,002717
国防军工-军工装备-地面兵装,601606.SH,17,601606
电力设备-电机-电机Ⅲ,301502.SZ,33,301502
计算机-软件开发-垂直应用软件,920207.BJ,151,920207
有色金属-工业金属-铜,601212.SH,17,601212
有色金属-贵金属-贵金属Ⅲ,002716.SZ,33,002716
基础化工-农化制品-农药,300575.SZ,33,300575
机械设备-通用设备-其他通用设备,920833.BJ,151,920833
机械设备-专用设备-其他专用设备,920156.BJ,151,920156
机械设备-自动化设备-工控设备,603275.SH,17,603275
通信-通信设备-通信终端及配件,688592.SH,17,688592
电力设备-电网设备-输变电设备,301388.SZ,33,301388
基础化工-化学制品-其他化学制品,603181.SH,17,603181
环保-环境治理-水务及水治理,600168.SH,17,600168
交通运输-港口航运-航运,603565.SH,17,603565
交通运输-物流-物流Ⅲ,603128.SH,17,603128
医药生物-化学制药-原料药,301277.SZ,33,301277
食品饮料-饮料制造-乳品,600597.SH,17,600597
医药生物-医疗器械-医疗耗材,688050.SH,17,688050
汽车-汽车零部件-轮胎轮毂,000589.SZ,33,000589
交通运输-公路铁路运输-高速公路,000886.SZ,33,000886
农林牧渔-养殖业-海洋捕捞,000798.SZ,33,000798
轻工制造-家居用品-瓷砖地板,000910.SZ,33,000910
医药生物-化学制药-化学制剂,000813.SZ,33,000813
商贸零售-零售-百货零售,601933.SH,17,601933
农林牧渔-农产品加工-粮油加工,000505.SZ,33,000505
社会服务-旅游及酒店-人工景点,600593.SH,17,600593
基础化工-化学原料-煤化工,600722.SH,17,600722
纺织服饰-服装家纺-服装,600137.SH,17,600137
商贸零售-零售-百货零售,600814.SH,17,600814
医药生物-化学制药-化学制剂,000153.SZ,33,000153
交通运输-机场航运-机场,600897.SH,17,600897
电力设备-电池-锂电专用设备,920779.BJ,151,920779
医药生物-化学制药-化学制剂,300254.SZ,33,300254
轻工制造-包装印刷-包装,920163.BJ,151,920163
食品饮料-饮料制造-其他酒类,000869.SZ,33,000869
基础化工-化学制品-其他化学制品,301286.SZ,33,301286
纺织服饰-服装家纺-服装,003016.SZ,33,003016
有色金属-小金属-其他小金属,600281.SH,17,600281
医药生物-生物制品-血液制品,300294.SZ,33,300294
医药生物-医疗服务-医院,002622.SZ,33,002622
综合-综合-综合Ⅲ,600682.SH,17,600682
传媒-文化传媒-电视广播,300770.SZ,33,300770
交通运输-公路铁路运输-公交,603069.SH,17,603069
社会服务-旅游及酒店-自然景点,002159.SZ,33,002159
商贸零售-互联网电商-互联网电商Ⅲ,301381.SZ,33,301381
医药生物-化学制药-原料药,000953.SZ,33,000953
电力设备-电机-电机Ⅲ,002249.SZ,33,002249
农林牧渔-农产品加工-粮油加工,603182.SH,17,603182
商贸零售-零售-百货零售,600827.SH,17,600827
有色金属-小金属-其他小金属,002738.SZ,33,002738
电力设备-电池-锂电专用设备,300173.SZ,33,300173
石油石化-油气开采及服务-油服工程,601808.SH,17,601808
农林牧渔-种植业与林业-种子生产,000713.SZ,33,000713
医药生物-医疗服务-其他医疗服务,301060.SZ,33,301060
银行-银行-城商行,601577.SH,17,601577
社会服务-旅游及酒店-自然景点,600054.SH,17,600054
医药生物-化学制药-化学制剂,002262.SZ,33,002262
环保-环境治理-水务及水治理,600874.SH,17,600874
汽车-汽车零部件-汽车电子电气系统,603202.SH,17,603202
医药生物-中药-中药Ⅲ,002873.SZ,33,002873
公用事业-燃气-燃气Ⅲ,600681.SH,17,600681
食品饮料-食品加工制造-休闲食品,002582.SZ,33,002582
机械设备-自动化设备-其他自动化设备,300461.SZ,33,300461
汽车-汽车零部件-其他汽车零部件,603109.SH,17,603109
汽车-汽车零部件-汽车电子电气系统,600651.SH,17,600651
交通运输-港口航运-港口,000582.SZ,33,000582
有色金属-金属新材料-其他金属新材料,603978.SH,17,603978
交通运输-物流-物流Ⅲ,600603.SH,17,600603
公用事业-电力-电能综合服务,000883.SZ,33,000883
社会服务-旅游及酒店-人工景点,600138.SH,17,600138
电力设备-风电设备-风电零部件,301232.SZ,33,301232
医药生物-医药商业-医药流通,301015.SZ,33,301015
汽车-汽车零部件-汽车电子电气系统,605005.SH,17,605005
机械设备-轨交设备-轨交设备Ⅲ,600528.SH,17,600528
汽车-汽车零部件-其他汽车零部件,920720.BJ,151,920720
医药生物-医疗器械-体外诊断,300832.SZ,33,300832
房地产-房地产-住宅开发,600638.SH,17,600638
食品饮料-食品加工制造-休闲食品,002991.SZ,33,002991
公用事业-电力-新能源发电,002616.SZ,33,002616
建筑装饰-建筑装饰-工程咨询服务,301058.SZ,33,301058
有色金属-金属新材料-其他金属新材料,300930.SZ,33,300930
交通运输-公路铁路运输-铁路运输,601816.SH,17,601816
社会服务-旅游及酒店-自然景点,000888.SZ,33,000888
交通运输-公路铁路运输-高速公路,600368.SH,17,600368
基础化工-化学原料-无机盐,601065.SH,17,601065
轻工制造-家居用品-成品家居,603848.SH,17,603848
商贸零售-零售-专业连锁,603214.SH,17,603214
机械设备-通用设备-金属制品,301368.SZ,33,301368
基础化工-农化制品-钾肥,002545.SZ,33,002545
基础化工-塑料制品-膜材料,600135.SH,17,600135
建筑装饰-建筑装饰-装饰园林,002375.SZ,33,002375
汽车-汽车零部件-汽车电子电气系统,002906.SZ,33,002906
钢铁-钢铁-冶钢原料,601121.SH,17,601121
食品饮料-食品加工制造-调味发酵品,300908.SZ,33,300908
医药生物-医药商业-药店,603233.SH,17,603233
公用事业-燃气-燃气Ⅲ,601139.SH,17,601139
公用事业-燃气-燃气Ⅲ,600917.SH,17,600917
交通运输-物流-物流Ⅲ,603329.SH,17,603329
电力设备-电机-电机Ⅲ,002892.SZ,33,002892
基础化工-橡胶制品-炭黑,605183.SH,17,605183
基础化工-化学制品-其他化学制品,688267.SH,17,688267
钢铁-钢铁-特钢,000708.SZ,33,000708
农林牧渔-农产品加工-其他农产品加工,300138.SZ,33,300138
公用事业-电力-火电,600795.SH,17,600795
基础化工-化学制品-其他化学制品,600727.SH,17,600727
纺织服饰-服装家纺-饰品,603900.SH,17,603900
机械设备-专用设备-能源及重型设备,001277.SZ,33,001277
医药生物-医药商业-医药流通,600272.SH,17,600272
通信-通信设备-通信网络设备及器件,002396.SZ,33,002396
传媒-文化传媒-广告营销,002264.SZ,33,002264
基础化工-化学制品-其他化学制品,688065.SH,17,688065
医药生物-化学制药-化学制剂,688302.SH,17,688302
汽车-汽车零部件-其他汽车零部件,001311.SZ,33,001311
电子-元件-印制电路板,920060.BJ,151,920060
钢铁-钢铁-普钢,000932.SZ,33,000932
农林牧渔-农产品加工-其他农产品加工,002286.SZ,33,002286
房地产-房地产-房地产服务,001914.SZ,33,001914
交通运输-港口航运-航运,920571.BJ,151,920571
基础化工-化学制品-民爆用品,603227.SH,17,603227
纺织服饰-服装家纺-饰品,301177.SZ,33,301177
计算机-计算机设备-其他计算机设备,300771.SZ,33,300771
家用电器-白色家电-家电零部件,601956.SH,17,601956
有色金属-工业金属-铝,603937.SH,17,603937
医药生物-化学制药-原料药,301258.SZ,33,301258
食品饮料-白酒-白酒Ⅲ,600519.SH,17,600519
医药生物-医疗器械-体外诊断,603658.SH,17,603658
汽车-汽车零部件-轮胎轮毂,300652.SZ,33,300652
电子-半导体-模拟芯片设计,688130.SH,17,688130
石油石化-石油加工贸易-石油加工,000301.SZ,33,000301
石油石化-石油加工贸易-石油加工,000637.SZ,33,000637
基础化工-化学原料-氯碱,002748.SZ,33,002748
钢铁-钢铁-普钢,000959.SZ,33,000959
机械设备-专用设备-农用机械,603029.SH,17,603029
电力设备-电机-电机Ⅲ,603988.SH,17,603988
医药生物-化学制药-原料药,300452.SZ,33,300452
医药生物-中药-中药Ⅲ,002864.SZ,33,002864
机械设备-通用设备-金属制品,300780.SZ,33,300780
机械设备-轨交设备-轨交设备Ⅲ,688009.SH,17,688009
食品饮料-食品加工制造-肉制品,600073.SH,17,600073
煤炭-煤炭开采加工-焦炭加工,600408.SH,17,600408
轻工制造-家居用品-文娱用品,001222.SZ,33,001222
商贸零售-零售-商业物业经营,600738.SH,17,600738
交通运输-港口航运-港口,001872.SZ,33,001872
公用事业-电力-水电,002039.SZ,33,002039
家用电器-小家电-小家电Ⅲ,300824.SZ,33,300824
国防军工-军工电子-军工电子Ⅲ,688175.SH,17,688175
建筑装饰-建筑装饰-专业工程,601618.SH,17,601618
医药生物-中药-中药Ⅲ,300534.SZ,33,300534
轻工制造-家居用品-其他家居用品,001238.SZ,33,001238
纺织服饰-服装家纺-饰品,000026.SZ,33,000026
食品饮料-食品加工制造-休闲食品,002820.SZ,33,002820
轻工制造-家居用品-定制家居,603208.SH,17,603208
社会服务-其他社会服务-专业服务,600861.SH,17,600861
基础化工-化学制品-聚氨酯,600230.SH,17,600230
医药生物-化学制药-原料药,002001.SZ,33,002001
轻工制造-家居用品-瓷砖地板,603221.SH,17,603221
电力设备-电池-锂电池,000049.SZ,33,000049
医药生物-中药-中药Ⅲ,603858.SH,17,603858
轻工制造-家居用品-其他家居用品,301575.SZ,33,301575
计算机-IT服务-IT服务Ⅲ,920116.BJ,151,920116
轻工制造-造纸-造纸Ⅲ,002067.SZ,33,002067
基础化工-化学纤维-氨纶,002064.SZ,33,002064
电子-其他电子-其他电子Ⅲ,000062.SZ,33,000062
钢铁-钢铁-冶钢原料,001203.SZ,33,001203
综合-综合-综合Ⅲ,000421.SZ,33,000421
基础化工-塑料制品-膜材料,300334.SZ,33,300334
传媒-文化传媒-广告营销,002400.SZ,33,002400
医药生物-中药-中药Ⅲ,002349.SZ,33,002349
钢铁-钢铁-普钢,600782.SH,17,600782
汽车-汽车零部件-汽车电子电气系统,002664.SZ,33,002664
轻工制造-家居用品-其他家居用品,301004.SZ,33,301004
汽车-汽车零部件-底盘与发动机系统,002708.SZ,33,002708
机械设备-专用设备-能源及重型设备,002490.SZ,33,002490
电力设备-电机-电机Ⅲ,002576.SZ,33,002576
交通运输-公路铁路运输-铁路运输,600125.SH,17,600125
医药生物-生物制品-血液制品,000403.SZ,33,000403
医药生物-医疗器械-医疗耗材,603309.SH,17,603309
建筑材料-建筑材料-管材,002641.SZ,33,002641
医药生物-化学制药-化学制剂,300110.SZ,33,300110
轻工制造-家居用品-文娱用品,300703.SZ,33,300703
轻工制造-家居用品-其他家居用品,605155.SH,17,605155
基础化工-农化制品-氮肥,000731.SZ,33,000731
轻工制造-家居用品-定制家居,605268.SH,17,605268
房地产-房地产-商业地产,001979.SZ,33,001979
建筑装饰-建筑装饰-基础建设,600820.SH,17,600820
轻工制造-家居用品-其他家居用品,301595.SZ,33,301595
基础化工-化学制品-其他化学制品,603255.SH,17,603255
机械设备-通用设备-仪器仪表,301413.SZ,33,301413
机械设备-专用设备-其他专用设备,300813.SZ,33,300813
基础化工-橡胶制品-其他橡胶制品,002381.SZ,33,002381
交通运输-港口航运-港口,600717.SH,17,600717
汽车-汽车零部件-轮胎轮毂,002984.SZ,33,002984
轻工制造-包装印刷-包装,601968.SH,17,601968
医药生物-医药商业-医药流通,000411.SZ,33,000411
医药生物-医疗器械-医疗耗材,300453.SZ,33,300453
汽车-汽车零部件-底盘与发动机系统,920055.BJ,151,920055
交通运输-港口航运-港口,601298.SH,17,601298
农林牧渔-农产品加工-粮油加工,600127.SH,17,600127
石油石化-石油加工贸易-油品石化贸易,603223.SH,17,603223
汽车-汽车零部件-底盘与发动机系统,603767.SH,17,603767
机械设备-专用设备-其他专用设备,603855.SH,17,603855
机械设备-通用设备-金属制品,920082.BJ,151,920082
医药生物-医疗器械-医疗设备,600587.SH,17,600587
公用事业-电力-热力,000692.SZ,33,000692
环保-环境治理-水务及水治理,603291.SH,17,603291
纺织服饰-服装家纺-服装,002269.SZ,33,002269
电力设备-电池-锂电专用设备,301513.SZ,33,301513
传媒-影视院线-影视院线Ⅲ,002739.SZ,33,002739
银行-银行-城商行,601187.SH,17,601187
汽车-汽车零部件-底盘与发动机系统,920837.BJ,151,920837
石油石化-石油加工贸易-油品石化贸易,001316.SZ,33,001316
纺织服饰-纺织制造-其他纺织,300918.SZ,33,300918
交通运输-物流-物流Ⅲ,603569.SH,17,603569
汽车-汽车零部件-底盘与发动机系统,603121.SH,17,603121
建筑装饰-建筑装饰-房屋建设,600248.SH,17,600248
医药生物-中药-中药Ⅲ,600422.SH,17,600422
交通运输-物流-物流Ⅲ,002120.SZ,33,002120
基础化工-农化制品-农药,301035.SZ,33,301035
医药生物-中药-中药Ⅲ,300519.SZ,33,300519
基础化工-农化制品-农药,600486.SH,17,600486
医药生物-化学制药-化学制剂,002793.SZ,33,002793
建筑装饰-建筑装饰-基础建设,002941.SZ,33,002941
基础化工-化学制品-其他化学制品,002637.SZ,33,002637
机械设备-通用设备-其他通用设备,301616.SZ,33,301616
交通运输-公路铁路运输-高速公路,601188.SH,17,601188
煤炭-煤炭开采加工-煤炭开采,600123.SH,17,600123
轻工制造-家居用品-成品家居,002489.SZ,33,002489
基础化工-农化制品-复合肥,603395.SH,17,603395
医药生物-化学制药-化学制剂,600062.SH,17,600062
建筑装饰-建筑装饰-专业工程,002323.SZ,33,002323
医药生物-医药商业-医药流通,002462.SZ,33,002462
机械设备-专用设备-其他专用设备,002529.SZ,33,002529
医药生物-医疗器械-医疗耗材,002551.SZ,33,002551
医药生物-医疗器械-医疗耗材,603205.SH,17,603205
计算机-软件开发-垂直应用软件,002322.SZ,33,002322
食品饮料-饮料制造-软饮料,605337.SH,17,605337
计算机-IT服务-IT服务Ⅲ,300419.SZ,33,300419
农林牧渔-养殖业-动物保健,688526.SH,17,688526
交通运输-公路铁路运输-铁路运输,601333.SH,17,601333
汽车-汽车零部件-底盘与发动机系统,603178.SH,17,603178
公用事业-燃气-燃气Ⅲ,603689.SH,17,603689
医药生物-化学制药-原料药,300702.SZ,33,300702
社会服务-旅游及酒店-餐饮,002186.SZ,33,002186
机械设备-轨交设备-轨交设备Ⅲ,603500.SH,17,603500
农林牧渔-农产品加工-其他农产品加工,300268.SZ,33,300268
基础化工-塑料制品-其他塑料制品,300920.SZ,33,300920
煤炭-煤炭开采加工-煤炭开采,600971.SH,17,600971
石油石化-石油加工贸易-油品石化贸易,000554.SZ,33,000554
公用事业-电力-热力,001210.SZ,33,001210
交通运输-港口航运-港口,601228.SH,17,601228
农林牧渔-种植业与林业-其他种植业,600883.SH,17,600883
计算机-计算机设备-其他计算机设备,002376.SZ,33,002376
食品饮料-饮料制造-软饮料,603711.SH,17,603711
基础化工-化学原料-氯碱,600075.SH,17,600075
纺织服饰-服装家纺-服装,002193.SZ,33,002193
医药生物-医疗服务-医院,301293.SZ,33,301293
美容护理-美容护理-化妆品,300132.SZ,33,300132
社会服务-其他社会服务-专业服务,003008.SZ,33,003008
医药生物-化学制药-化学制剂,300233.SZ,33,300233
农林牧渔-农产品加工-粮油加工,002852.SZ,33,002852
汽车-汽车零部件-轮胎轮毂,002355.SZ,33,002355
基础化工-化学原料-纯碱,000707.SZ,33,000707
交通运输-物流-物流Ⅲ,002352.SZ,33,002352
医药生物-化学制药-化学制剂,002393.SZ,33,002393
机械设备-自动化设备-工控设备,603583.SH,17,603583
建筑装饰-建筑装饰-房屋建设,601668.SH,17,601668
电力设备-电网设备-线缆部件及其他,600067.SH,17,600067
机械设备-专用设备-其他专用设备,000856.SZ,33,000856
电力设备-电池-电池化学品,002709.SZ,33,002709
基础化工-化学制品-其他化学制品,603948.SH,17,603948
电力设备-电网设备-线缆部件及其他,603530.SH,17,603530
计算机-计算机设备-其他计算机设备,002180.SZ,33,002180
电力设备-电池-电池化学品,920185.BJ,151,920185
医药生物-医疗器械-体外诊断,600538.SH,17,600538
轻工制造-家居用品-瓷砖地板,003012.SZ,33,003012
电力设备-电池-锂电专用设备,688638.SH,17,688638
机械设备-专用设备-能源及重型设备,600582.SH,17,600582
商贸零售-零售-百货零售,603708.SH,17,603708
医药生物-医药商业-医药流通,600056.SH,17,600056
医药生物-生物制品-血液制品,600161.SH,17,600161
电力设备-电网设备-输变电设备,002350.SZ,33,002350
食品饮料-食品加工制造-肉制品,000529.SZ,33,000529
食品饮料-饮料制造-其他酒类,600059.SH,17,600059
机械设备-专用设备-其他专用设备,002337.SZ,33,002337
电子-消费电子-消费电子零部件及组装,002681.SZ,33,002681
银行-银行-农商行,601825.SH,17,601825
环保-环境治理-水务及水治理,002573.SZ,33,002573
传媒-文化传媒-数字媒体,300785.SZ,33,300785
机械设备-专用设备-纺织服装设备,002722.SZ,33,002722
电力设备-电网设备-线缆部件及其他,920682.BJ,151,920682
公用事业-电力-热力,001376.SZ,33,001376
食品饮料-饮料制造-乳品,300892.SZ,33,300892
汽车-汽车零部件-其他汽车零部件,603348.SH,17,603348
医药生物-医药商业-医药流通,002788.SZ,33,002788
医药生物-医疗器械-体外诊断,688575.SH,17,688575
汽车-汽车零部件-其他汽车零部件,301186.SZ,33,301186
基础化工-化学原料-其他化学原料,001217.SZ,33,001217
基础化工-橡胶制品-其他橡胶制品,920098.BJ,151,920098
家用电器-厨卫电器-厨卫电器Ⅲ,002035.SZ,33,002035
纺织服饰-纺织制造-其他纺织,603073.SH,17,603073
交通运输-物流-物流Ⅲ,001202.SZ,33,001202
医药生物-中药-中药Ⅲ,002603.SZ,33,002603
有色金属-小金属-稀土,600259.SH,17,600259
基础化工-化学制品-其他化学制品,603004.SH,17,603004
石油石化-石油加工贸易-石油加工,300135.SZ,33,300135
轻工制造-家居用品-成品家居,600337.SH,22,600337
轻工制造-造纸-造纸Ⅲ,600308.SH,17,600308
医药生物-化学制药-化学制剂,600664.SH,17,600664
建筑装饰-建筑装饰-工程咨询服务,603357.SH,17,603357
交通运输-机场航运-机场,000089.SZ,33,000089
计算机-软件开发-垂直应用软件,301337.SZ,33,301337
美容护理-美容护理-化妆品,300856.SZ,33,300856
建筑装饰-建筑装饰-专业工程,605598.SH,17,605598
公用事业-电力-电能综合服务,600452.SH,17,600452
电子-消费电子-消费电子零部件及组装,300115.SZ,33,300115
机械设备-专用设备-能源及重型设备,300818.SZ,33,300818
基础化工-化学纤维-其他纤维,300905.SZ,33,300905
轻工制造-家居用品-定制家居,603326.SH,17,603326
汽车-汽车零部件-底盘与发动机系统,001380.SZ,33,001380
食品饮料-饮料制造-乳品,002732.SZ,33,002732
机械设备-通用设备-其他通用设备,002272.SZ,33,002272
机械设备-自动化设备-机器人,920579.BJ,151,920579
机械设备-自动化设备-其他自动化设备,688816.SH,17,688816
家用电器-小家电-小家电Ⅲ,002705.SZ,33,002705
医药生物-中药-中药Ⅲ,603139.SH,17,603139
有色金属-工业金属-铜,601609.SH,17,601609
食品饮料-饮料制造-软饮料,300997.SZ,33,300997
家用电器-白色家电-家电零部件,603677.SH,17,603677
基础化工-化学制品-聚氨酯,002165.SZ,33,002165
建筑装饰-建筑装饰-工程咨询服务,301136.SZ,33,301136
食品饮料-食品加工制造-调味发酵品,600305.SH,17,600305
电子-光学光电子-面板,001308.SZ,33,001308
计算机-软件开发-横向通用软件,688030.SH,17,688030
医药生物-化学制药-化学制剂,002019.SZ,33,002019
农林牧渔-农产品加工-畜禽饲料,001366.SZ,33,001366
商贸零售-零售-百货零售,600693.SH,17,600693
社会服务-旅游及酒店-酒店,600258.SH,17,600258
煤炭-煤炭开采加工-焦炭加工,600740.SH,17,600740
钢铁-钢铁-普钢,601686.SH,17,601686
农林牧渔-种植业与林业-种子生产,600354.SH,17,600354
农林牧渔-农产品加工-畜禽饲料,002100.SZ,33,002100
银行-银行-国有大型银行,601658.SH,17,601658
机械设备-自动化设备-工控设备,688188.SH,17,688188
计算机-IT服务-IT服务Ⅲ,301172.SZ,33,301172
房地产-房地产-产业地产,600648.SH,17,600648
医药生物-化学制药-化学制剂,301130.SZ,33,301130
轻工制造-家居用品-文娱用品,301101.SZ,33,301101
机械设备-通用设备-制冷空调设备,301399.SZ,33,301399
电力设备-其他电源设备-其他电源设备Ⅲ,002951.SZ,33,002951
美容护理-美容护理-个护用品,301009.SZ,33,301009
机械设备-通用设备-仪器仪表,688622.SH,22,688622
银行-银行-城商行,002936.SZ,33,002936
商贸零售-零售-百货零售,601366.SH,17,601366
汽车-汽车整车-商用载客车,000868.SZ,33,000868
传媒-文化传媒-数字媒体,300295.SZ,33,300295
家用电器-白色家电-冰洗,600690.SH,17,600690
基础化工-农化制品-磷肥及磷化工,002895.SZ,33,002895
家用电器-小家电-小家电Ⅲ,603868.SH,17,603868
食品饮料-饮料制造-乳品,001318.SZ,33,001318
电力设备-其他电源设备-其他电源设备Ⅲ,002227.SZ,33,002227
汽车-汽车零部件-车身附件及饰件,002048.SZ,33,002048
传媒-文化传媒-出版,603096.SH,17,603096
医药生物-化学制药-化学制剂,601089.SH,17,601089
计算机-IT服务-IT服务Ⅲ,920493.BJ,151,920493
医药生物-化学制药-化学制剂,920735.BJ,151,920735
纺织服饰-服装家纺-鞋帽及其他,603307.SH,17,603307
美容护理-美容护理-化妆品,600223.SH,17,600223
建筑装饰-建筑装饰-装饰园林,605287.SH,17,605287
银行-银行-股份制银行,600000.SH,17,600000
计算机-计算机设备-其他计算机设备,920190.BJ,151,920190
家用电器-白色家电-家电零部件,920768.BJ,151,920768
汽车-汽车服务及其他-其他运输设备,000913.SZ,33,000913
汽车-汽车零部件-底盘与发动机系统,603305.SH,17,603305
食品饮料-饮料制造-乳品,600887.SH,17,600887
机械设备-通用设备-磨具磨料,300554.SZ,33,300554
社会服务-教育-教育Ⅲ,605098.SH,17,605098
公用事业-燃气-燃气Ⅲ,000593.SZ,33,000593
银行-银行-城商行,002948.SZ,33,002948
交通运输-物流-物流Ⅲ,300240.SZ,33,300240
汽车-汽车零部件-底盘与发动机系统,301229.SZ,33,301229
汽车-汽车零部件-汽车电子电气系统,603390.SH,17,603390
交通运输-公路铁路运输-铁路运输,000557.SZ,33,000557
机械设备-专用设备-其他专用设备,002073.SZ,33,002073
食品饮料-白酒-白酒Ⅲ,603198.SH,17,603198
医药生物-医疗服务-医院,002219.SZ,33,002219
计算机-软件开发-横向通用软件,300624.SZ,33,300624
建筑材料-建筑材料-水泥,002233.SZ,33,002233
机械设备-自动化设备-工控设备,688570.SH,17,688570
环保-环境治理-水务及水治理,300774.SZ,33,300774
汽车-汽车零部件-其他汽车零部件,600523.SH,17,600523
医药生物-化学制药-化学制剂,002675.SZ,33,002675
汽车-汽车零部件-底盘与发动机系统,688280.SH,17,688280
电子-半导体-模拟芯片设计,300671.SZ,33,300671
电子-消费电子-品牌消费电子,002351.SZ,33,002351
传媒-文化传媒-电视广播,301262.SZ,33,301262
食品饮料-食品加工制造-调味发酵品,002507.SZ,33,002507
传媒-文化传媒-广告营销,603602.SH,17,603602
医药生物-化学制药-化学制剂,600521.SH,17,600521
机械设备-轨交设备-轨交设备Ⅲ,605001.SH,17,605001
汽车-汽车零部件-车身附件及饰件,002516.SZ,33,002516
机械设备-通用设备-仪器仪表,301303.SZ,33,301303
医药生物-医药商业-药店,600833.SH,17,600833
汽车-汽车零部件-其他汽车零部件,603768.SH,17,603768
公用事业-燃气-燃气Ⅲ,000407.SZ,33,000407
建筑装饰-建筑装饰-工程咨询服务,920003.BJ,151,920003
机械设备-通用设备-其他通用设备,300157.SZ,33,300157
公用事业-电力-热力,002893.SZ,33,002893
有色金属-金属新材料-磁性材料,603072.SH,17,603072
美容护理-美容护理-个护用品,603059.SH,17,603059
传媒-文化传媒-广告营销,300061.SZ,33,300061
交通运输-物流-物流Ⅲ,605050.SH,17,605050
汽车-汽车零部件-汽车电子电气系统,002870.SZ,33,002870
电力设备-电池-锂电专用设备,920522.BJ,151,920522
农林牧渔-种植业与林业-种子生产,000998.SZ,33,000998
建筑装饰-建筑装饰-基础建设,600512.SH,17,600512
社会服务-旅游及酒店-旅游综合,000796.SZ,33,000796
交通运输-物流-物流Ⅲ,002800.SZ,33,002800
社会服务-教育-教育Ⅲ,300192.SZ,33,300192
食品饮料-饮料制造-其他酒类,600616.SH,17,600616
机械设备-工程机械-工程机械Ⅲ,603194.SH,17,603194
建筑装饰-建筑装饰-基础建设,601800.SH,17,601800
家用电器-白色家电-家电零部件,603578.SH,17,603578
汽车-汽车服务及其他-汽车服务,600822.SH,17,600822
汽车-汽车零部件-其他汽车零部件,002965.SZ,33,002965
电力设备-电网设备-输变电设备,301295.SZ,33,301295
电力设备-电网设备-线缆部件及其他,001382.SZ,33,001382
社会服务-旅游及酒店-旅游综合,600250.SH,17,600250
医药生物-医疗服务-医疗研发外包,688265.SH,17,688265
电力设备-电网设备-输变电设备,301012.SZ,33,301012
机械设备-专用设备-其他专用设备,605259.SH,17,605259
交通运输-公路铁路运输-高速公路,600012.SH,17,600012
公用事业-电力-火电,600780.SH,17,600780
非银金融-多元金融-多元金融Ⅲ,600901.SH,17,600901
机械设备-专用设备-其他专用设备,688529.SH,17,688529
农林牧渔-农产品加工-其他农产品加工,000911.SZ,33,000911
建筑装饰-建筑装饰-基础建设,601186.SH,17,601186
纺织服饰-纺织制造-其他纺织,605180.SH,17,605180
银行-银行-城商行,601963.SH,17,601963
轻工制造-包装印刷-包装,301296.SZ,33,301296
汽车-汽车零部件-底盘与发动机系统,603037.SH,17,603037
基础化工-化学纤维-粘胶,000420.SZ,33,000420
机械设备-工程机械-工程机械Ⅲ,688425.SH,17,688425
医药生物-化学制药-原料药,603229.SH,17,603229
汽车-汽车整车-商用载货车,000550.SZ,33,000550
汽车-汽车零部件-车身附件及饰件,300100.SZ,33,300100
食品饮料-饮料制造-乳品,600429.SH,17,600429
房地产-房地产-产业地产,600658.SH,17,600658
交通运输-港口航运-港口,000088.SZ,33,000088
基础化工-化学原料-其他化学原料,300927.SZ,33,300927
美容护理-美容护理-个护用品,001328.SZ,33,001328
钢铁-钢铁-特钢,600507.SH,17,600507
医药生物-化学制药-化学制剂,002755.SZ,33,002755
环保-环保设备-环保设备Ⅲ,002658.SZ,33,002658
环保-环保设备-环保设备Ⅲ,603282.SH,17,603282
社会服务-教育-教育Ⅲ,000526.SZ,33,000526
轻工制造-家居用品-其他家居用品,001356.SZ,33,001356
基础化工-化学制品-聚氨酯,603041.SH,17,603041
环保-环境治理-水务及水治理,300172.SZ,33,300172
医药生物-医疗服务-医疗研发外包,301201.SZ,33,301201
电力设备-电池-锂电专用设备,300619.SZ,33,300619
医药生物-医疗器械-体外诊断,688298.SH,17,688298
医药生物-医疗器械-体外诊断,300463.SZ,33,300463
环保-环境治理-固废治理,688370.SH,17,688370
基础化工-塑料制品-合成树脂,301395.SZ,33,301395
纺织服饰-服装家纺-服装,002832.SZ,33,002832
公用事业-燃气-燃气Ⅲ,603080.SH,17,603080
社会服务-教育-教育Ⅲ,300010.SZ,33,300010
公用事业-电力-热力,002479.SZ,33,002479
基础化工-农化制品-农药,300796.SZ,33,300796
电子-光学光电子-面板,603703.SH,17,603703
汽车-汽车零部件-车身附件及饰件,603035.SH,17,603035
基础化工-农化制品-农药,600389.SH,17,600389
电力设备-电池-其他电池,920239.BJ,151,920239
机械设备-通用设备-金属制品,600992.SH,17,600992
环保-环境治理-水务及水治理,300664.SZ,33,300664
基础化工-橡胶制品-其他橡胶制品,001325.SZ,33,001325
基础化工-化学制品-聚氨酯,600309.SH,17,600309
电力设备-电网设备-电气自控设备,688597.SH,17,688597
汽车-汽车零部件-底盘与发动机系统,920106.BJ,151,920106
汽车-汽车零部件-底盘与发动机系统,002406.SZ,33,002406
建筑装饰-建筑装饰-装饰园林,002081.SZ,33,002081
传媒-文化传媒-出版,601900.SH,17,601900
汽车-汽车零部件-底盘与发动机系统,000678.SZ,33,000678
汽车-汽车零部件-车身附件及饰件,920533.BJ,151,920533
交通运输-港口航运-航运,601866.SH,17,601866
汽车-汽车服务及其他-其他运输设备,600679.SH,17,600679
家用电器-黑色家电-其他黑色家电,002848.SZ,33,002848
商贸零售-贸易-贸易Ⅲ,000701.SZ,33,000701
计算机-计算机设备-其他计算机设备,301503.SZ,33,301503
建筑装饰-建筑装饰-基础建设,002629.SZ,33,002629
医药生物-医疗器械-医疗耗材,600529.SH,17,600529
基础化工-化学制品-食品及饲料添加剂,301220.SZ,33,301220
轻工制造-家居用品-文娱用品,002899.SZ,33,002899
机械设备-专用设备-能源及重型设备,002535.SZ,33,002535
交通运输-公路铁路运输-铁路运输,601006.SH,17,601006
电子-光学光电子-LED,603685.SH,17,603685
机械设备-工程机械-工程机械Ⅲ,600761.SH,17,600761
煤炭-煤炭开采加工-煤炭开采,600395.SH,17,600395
基础化工-农化制品-氮肥,600691.SH,17,600691
通信-通信设备-其他通信设备,688292.SH,17,688292
煤炭-煤炭开采加工-煤炭开采,000552.SZ,33,000552
商贸零售-零售-百货零售,000419.SZ,33,000419
汽车-汽车零部件-底盘与发动机系统,920000.BJ,151,920000
建筑装饰-建筑装饰-专业工程,920019.BJ,151,920019
电力设备-电网设备-输变电设备,603829.SH,17,603829
基础化工-化学制品-食品及饲料添加剂,603968.SH,17,603968
医药生物-医疗器械-医疗耗材,603987.SH,17,603987
环保-环保设备-环保设备Ⅲ,300105.SZ,33,300105
汽车-汽车服务及其他-汽车服务,600335.SH,17,600335
有色金属-工业金属-铝,002540.SZ,33,002540
交通运输-港口航运-港口,600018.SH,17,600018
汽车-汽车零部件-汽车电子电气系统,002454.SZ,33,002454
房地产-房地产-住宅开发,600064.SH,17,600064
电力设备-电网设备-输变电设备,920111.BJ,151,920111
基础化工-化学制品-民爆用品,002827.SZ,33,002827
轻工制造-家居用品-其他家居用品,300729.SZ,33,300729
医药生物-化学制药-原料药,000756.SZ,33,000756
机械设备-专用设备-能源及重型设备,301063.SZ,33,301063
银行-银行-农商行,601860.SH,17,601860
食品饮料-白酒-白酒Ⅲ,600197.SH,17,600197
汽车-汽车零部件-底盘与发动机系统,000581.SZ,33,000581
机械设备-自动化设备-其他自动化设备,301360.SZ,33,301360
计算机-软件开发-垂直应用软件,002153.SZ,33,002153
计算机-软件开发-垂直应用软件,301221.SZ,33,301221
汽车-汽车零部件-其他汽车零部件,301000.SZ,33,301000
基础化工-化学原料-煤化工,600844.SH,17,600844
石油石化-油气开采及服务-油服工程,600583.SH,17,600583
基础化工-农化制品-氮肥,600227.SH,17,600227
电力设备-电网设备-输变电设备,300477.SZ,33,300477
环保-环境治理-固废治理,002034.SZ,33,002034
轻工制造-家居用品-文娱用品,301335.SZ,33,301335
交通运输-港口航运-港口,002040.SZ,33,002040
医药生物-生物制品-其他生物制品,688180.SH,17,688180
煤炭-煤炭开采加工-煤炭开采,600256.SH,17,600256
汽车-汽车零部件-轮胎轮毂,601163.SH,17,601163
轻工制造-家居用品-定制家居,300749.SZ,33,300749
交通运输-港口航运-港口,600017.SH,17,600017
食品饮料-饮料制造-啤酒,002461.SZ,33,002461
轻工制造-包装印刷-包装,003003.SZ,33,003003
传媒-文化传媒-数字媒体,603000.SH,17,603000
医药生物-医药商业-医药流通,002589.SZ,33,002589
医药生物-医疗器械-体外诊断,300639.SZ,33,300639
农林牧渔-农产品加工-畜禽饲料,000702.SZ,33,000702
机械设备-通用设备-仪器仪表,920491.BJ,151,920491
医药生物-医疗器械-医疗设备,002223.SZ,33,002223
农林牧渔-养殖业-生猪养殖,300498.SZ,33,300498
机械设备-专用设备-能源及重型设备,002526.SZ,33,002526
环保-环境治理-综合环境治理,605069.SH,17,605069
汽车-汽车零部件-底盘与发动机系统,301233.SZ,33,301233
机械设备-轨交设备-轨交设备Ⅲ,601766.SH,17,601766
石油石化-油气开采及服务-油气开采,603619.SH,17,603619
医药生物-医疗器械-体外诊断,688606.SH,17,688606
食品饮料-饮料制造-乳品,300898.SZ,33,300898
基础化工-农化制品-农药,001231.SZ,33,001231
机械设备-通用设备-仪器仪表,300515.SZ,33,300515
轻工制造-家居用品-文娱用品,002348.SZ,33,002348
社会服务-旅游及酒店-自然景点,000978.SZ,33,000978
机械设备-轨交设备-轨交设备Ⅲ,002972.SZ,33,002972
环保-环境治理-水务及水治理,600008.SH,17,600008
基础化工-农化制品-复合肥,002588.SZ,33,002588
医药生物-生物制品-其他生物制品,600211.SH,17,600211
电力设备-电机-电机Ⅲ,603728.SH,17,603728
医药生物-中药-中药Ⅲ,002082.SZ,33,002082
纺织服饰-服装家纺-家纺,603365.SH,17,603365
电子-消费电子-消费电子零部件及组装,301051.SZ,33,301051
基础化工-化学制品-其他化学制品,603681.SH,17,603681
基础化工-化学原料-氯碱,603213.SH,17,603213
商贸零售-零售-百货零售,600865.SH,17,600865
基础化工-化学制品-聚氨酯,300848.SZ,33,300848
纺织服饰-纺织制造-其他纺织,601599.SH,17,601599
建筑装饰-建筑装饰-工程咨询服务,300732.SZ,33,300732
农林牧渔-农产品加工-畜禽饲料,603151.SH,17,603151
机械设备-专用设备-其他专用设备,002690.SZ,33,002690
社会服务-旅游及酒店-自然景点,603136.SH,17,603136
汽车-汽车零部件-底盘与发动机系统,002703.SZ,33,002703
通信-通信服务-通信应用增值服务,301380.SZ,33,301380
轻工制造-家居用品-其他家居用品,001216.SZ,33,001216
环保-环境治理-固废治理,600217.SH,17,600217
汽车-汽车零部件-底盘与发动机系统,603107.SH,17,603107
基础化工-化学纤维-其他纤维,603382.SH,17,603382
社会服务-旅游及酒店-餐饮,605108.SH,17,605108
基础化工-化学制品-食品及饲料添加剂,300886.SZ,33,300886
综合-综合-综合Ⅲ,600051.SH,17,600051
基础化工-农化制品-农药,002942.SZ,33,002942
基础化工-塑料制品-改性塑料,920469.BJ,151,920469
食品饮料-饮料制造-乳品,002329.SZ,33,002329
交通运输-港口航运-航运,600751.SH,17,600751
纺织服饰-纺织制造-其他纺织,301066.SZ,33,301066
农林牧渔-养殖业-肉鸡养殖,300761.SZ,33,300761
医药生物-医疗器械-体外诊断,688468.SH,17,688468
食品饮料-食品加工制造-肉制品,301116.SZ,33,301116
机械设备-专用设备-能源及重型设备,002523.SZ,33,002523
农林牧渔-农产品加工-宠物食品,002891.SZ,33,002891
计算机-软件开发-垂直应用软件,688078.SH,17,688078
传媒-文化传媒-电视广播,600831.SH,17,600831
石油石化-油气开采及服务-油气开采,000968.SZ,33,000968
农林牧渔-农产品加工-畜禽饲料,603609.SH,17,603609
房地产-房地产-住宅开发,000014.SZ,33,000014
交通运输-港口航运-航运,600798.SH,17,600798
社会服务-旅游及酒店-酒店,601007.SH,17,601007
有色金属-工业金属-铝,002578.SZ,33,002578
医药生物-中药-中药Ⅲ,002566.SZ,33,002566
商贸零售-零售-百货零售,002561.SZ,33,002561
电力设备-电网设备-电气自控设备,688330.SH,17,688330
建筑材料-建筑材料-其他建材,301429.SZ,33,301429
有色金属-金属新材料-其他金属新材料,300855.SZ,33,300855
电力设备-光伏设备-光伏辅材,688033.SH,22,688033
基础化工-农化制品-磷肥及磷化工,600470.SH,17,600470
银行-银行-国有大型银行,601939.SH,17,601939
机械设备-通用设备-仪器仪表,605056.SH,17,605056
农林牧渔-养殖业-肉鸡养殖,300967.SZ,33,300967
医药生物-医疗器械-医疗设备,300314.SZ,33,300314
机械设备-专用设备-其他专用设备,300281.SZ,33,300281
医药生物-化学制药-化学制剂,002900.SZ,33,002900
基础化工-化学制品-涂料油墨,688157.SH,17,688157
煤炭-煤炭开采加工-焦炭加工,600792.SH,17,600792
纺织服饰-服装家纺-服装,001209.SZ,33,001209
医药生物-化学制药-化学制剂,688197.SH,17,688197
纺织服饰-纺织制造-辅料,002098.SZ,33,002098
建筑材料-建筑材料-水泥,600425.SH,17,600425
环保-环境治理-水务及水治理,688466.SH,17,688466
传媒-游戏-游戏Ⅲ,603444.SH,17,603444
医药生物-医疗器械-医疗设备,301367.SZ,33,301367
医药生物-生物制品-其他生物制品,920047.BJ,151,920047
交通运输-公路铁路运输-公交,600834.SH,17,600834
计算机-软件开发-垂直应用软件,002253.SZ,33,002253
交通运输-公路铁路运输-高速公路,600035.SH,17,600035
机械设备-自动化设备-工控设备,300124.SZ,33,300124
基础化工-塑料制品-改性塑料,688203.SH,17,688203
商贸零售-零售-百货零售,600824.SH,17,600824
交通运输-公路铁路运输-铁路运输,001213.SZ,33,001213
汽车-汽车零部件-车身附件及饰件,605068.SH,17,605068
交通运输-物流-物流Ⅲ,603117.SH,17,603117
有色金属-工业金属-铝,000933.SZ,33,000933
基础化工-农化制品-农药,603585.SH,17,603585
社会服务-旅游及酒店-自然景点,603199.SH,17,603199
基础化工-化学制品-其他化学制品,300072.SZ,33,300072
医药生物-医疗器械-体外诊断,300685.SZ,33,300685
汽车-汽车零部件-车身附件及饰件,301133.SZ,33,301133
房地产-房地产-住宅开发,600649.SH,17,600649
汽车-汽车零部件-其他汽车零部件,605018.SH,17,605018
基础化工-化学原料-氯碱,600618.SH,17,600618
机械设备-专用设备-能源及重型设备,601798.SH,17,601798
国防军工-军工电子-军工电子Ⅲ,002214.SZ,33,002214
建筑材料-建筑材料-其他建材,000786.SZ,33,000786
社会服务-其他社会服务-专业服务,603183.SH,17,603183
有色金属-能源金属-镍,920914.BJ,151,920914
社会服务-旅游及酒店-自然景点,000430.SZ,33,000430
电力设备-电网设备-电气自控设备,002546.SZ,33,002546
汽车-汽车零部件-底盘与发动机系统,600148.SH,17,600148
钢铁-钢铁-普钢,000778.SZ,33,000778
交通运输-物流-物流Ⅲ,002889.SZ,33,002889
环保-环境治理-水务及水治理,003039.SZ,33,003039
国防军工-军工装备-航空装备,002651.SZ,33,002651
公用事业-电力-火电,600011.SH,17,600011
电力设备-电池-电池化学品,688353.SH,17,688353
汽车-汽车零部件-底盘与发动机系统,920454.BJ,151,920454
建筑材料-建筑材料-其他建材,002398.SZ,33,002398
非银金融-证券-证券Ⅲ,601211.SH,17,601211
食品饮料-食品加工制造-肉制品,000895.SZ,33,000895
建筑材料-建筑材料-水泥,000789.SZ,33,000789
汽车-汽车零部件-车身附件及饰件,600741.SH,17,600741
纺织服饰-服装家纺-家纺,002397.SZ,33,002397
公用事业-电力-热力,605162.SH,17,605162
环保-环境治理-水务及水治理,601158.SH,17,601158
轻工制造-家居用品-其他家居用品,001211.SZ,33,001211
汽车-汽车零部件-底盘与发动机系统,000030.SZ,33,000030
机械设备-专用设备-其他专用设备,300988.SZ,33,300988
轻工制造-包装印刷-包装,920274.BJ,151,920274
汽车-汽车零部件-底盘与发动机系统,603013.SH,17,603013
汽车-汽车零部件-轮胎轮毂,002593.SZ,33,002593
医药生物-中药-中药Ⅲ,000989.SZ,33,000989
环保-环境治理-固废治理,000885.SZ,33,000885
社会服务-其他社会服务-专业服务,600662.SH,17,600662
电力设备-电池-电池化学品,688733.SH,17,688733
电子-半导体-半导体材料,688432.SH,17,688432
环保-环保设备-环保设备Ⅲ,600526.SH,17,600526
食品饮料-食品加工制造-调味发酵品,603288.SH,17,603288
传媒-文化传媒-数字媒体,300987.SZ,33,300987
环保-环境治理-水务及水治理,601368.SH,17,601368
社会服务-其他社会服务-专业服务,002057.SZ,33,002057
建筑装饰-建筑装饰-基础建设,601390.SH,17,601390
建筑装饰-建筑装饰-工程咨询服务,300564.SZ,33,300564
计算机-软件开发-垂直应用软件,603990.SH,17,603990
建筑材料-建筑材料-水泥,600802.SH,17,600802
机械设备-专用设备-印刷包装机械,300509.SZ,33,300509
有色金属-工业金属-铜,002295.SZ,33,002295
汽车-汽车零部件-底盘与发动机系统,603089.SH,17,603089
医药生物-医疗器械-医疗耗材,301234.SZ,33,301234
计算机-计算机设备-安防设备,603508.SH,17,603508
农林牧渔-农产品加工-其他农产品加工,001338.SZ,33,001338
基础化工-化学制品-食品及饲料添加剂,300741.SZ,33,300741
汽车-汽车零部件-轮胎轮毂,002863.SZ,33,002863
交通运输-港口航运-航运,601919.SH,17,601919
医药生物-生物制品-血液制品,300318.SZ,33,300318
基础化工-化学制品-其他化学制品,300721.SZ,33,300721
医药生物-中药-中药Ⅲ,300039.SZ,33,300039
轻工制造-家居用品-其他家居用品,002094.SZ,33,002094
轻工制造-家居用品-其他家居用品,301501.SZ,33,301501
医药生物-医疗服务-医院,600257.SH,17,600257
机械设备-通用设备-机床工具,300809.SZ,33,300809
医药生物-化学制药-原料药,301089.SZ,33,301089
商贸零售-零售-百货零售,600858.SH,17,600858
家用电器-小家电-小家电Ⅲ,002614.SZ,33,002614
机械设备-专用设备-其他专用设备,002757.SZ,33,002757
计算机-IT服务-IT服务Ⅲ,300167.SZ,33,300167
基础化工-农化制品-农药,300261.SZ,33,300261
汽车-汽车服务及其他-其他运输设备,603787.SH,17,603787
基础化工-化学制品-食品及饲料添加剂,300829.SZ,33,300829
传媒-游戏-游戏Ⅲ,002605.SZ,33,002605
钢铁-钢铁-普钢,600282.SH,17,600282
国防军工-军工装备-航空装备,002297.SZ,33,002297
交通运输-港口航运-港口,000507.SZ,33,000507
机械设备-通用设备-仪器仪表,920651.BJ,151,920651
环保-环境治理-水务及水治理,600796.SH,17,600796
机械设备-专用设备-能源及重型设备,601608.SH,17,601608
建筑装饰-建筑装饰-工程咨询服务,920427.BJ,151,920427
公用事业-电力-新能源发电,600930.SH,17,600930
建筑装饰-建筑装饰-工程咨询服务,600720.SH,17,600720
机械设备-专用设备-其他专用设备,300971.SZ,33,300971
环保-环境治理-固废治理,301175.SZ,33,301175
电子-元件-印制电路板,002636.SZ,33,002636
食品饮料-食品加工制造-休闲食品,003000.SZ,33,003000
商贸零售-零售-百货零售,600785.SH,17,600785
电力设备-电网设备-电气自控设备,688616.SH,17,688616
基础化工-化学纤维-其他纤维,688722.SH,17,688722
轻工制造-包装印刷-印刷,002599.SZ,33,002599
建筑装饰-建筑装饰-专业工程,603098.SH,17,603098
传媒-文化传媒-广告营销,000676.SZ,33,000676
非银金融-证券-证券Ⅲ,002500.SZ,33,002500
交通运输-物流-物流Ⅲ,001228.SZ,33,001228
公用事业-电力-热力,605028.SH,17,605028
食品饮料-饮料制造-乳品,600882.SH,17,600882
医药生物-化学制药-原料药,688166.SH,17,688166
石油石化-油气开采及服务-油服工程,002828.SZ,33,002828
基础化工-化学制品-食品及饲料添加剂,688089.SH,17,688089
交通运输-物流-物流Ⅲ,600755.SH,17,600755
电力设备-电池-锂电池,920523.BJ,151,920523
环保-环境治理-水务及水治理,000605.SZ,33,000605
轻工制造-包装印刷-包装,002014.SZ,33,002014
家用电器-厨卫电器-厨卫电器Ⅲ,002677.SZ,33,002677
房地产-房地产-住宅开发,600683.SH,17,600683
医药生物-医疗器械-体外诊断,300289.SZ,33,300289
纺织服饰-服装家纺-服装,002404.SZ,33,002404
医药生物-化学制药-化学制剂,002370.SZ,33,002370
机械设备-通用设备-其他通用设备,920455.BJ,151,920455
基础化工-橡胶制品-炭黑,002753.SZ,33,002753
社会服务-其他社会服务-专业服务,300662.SZ,33,300662
环保-环境治理-水务及水治理,300899.SZ,33,300899
汽车-汽车零部件-汽车电子电气系统,300928.SZ,33,300928
传媒-文化传媒-广告营销,002878.SZ,33,002878
医药生物-化学制药-原料药,605177.SH,17,605177
汽车-汽车零部件-其他汽车零部件,301298.SZ,33,301298
轻工制造-家居用品-文娱用品,300329.SZ,33,300329
电子-元件-印制电路板,002134.SZ,33,002134
医药生物-医疗器械-体外诊断,600645.SH,17,600645
公用事业-电力-新能源发电,600173.SH,17,600173
石油石化-石油加工贸易-石油加工,002986.SZ,33,002986
医药生物-医药商业-医药流通,000705.SZ,33,000705
医药生物-医疗器械-医疗耗材,300003.SZ,33,300003
轻工制造-包装印刷-包装,600210.SH,17,600210
公用事业-电力-水电,600292.SH,17,600292
电力设备-电网设备-线缆部件及其他,920639.BJ,151,920639
社会服务-其他社会服务-专业服务,920208.BJ,151,920208
家用电器-厨卫电器-厨卫电器Ⅲ,002543.SZ,33,002543
房地产-房地产-商业地产,600663.SH,17,600663
计算机-软件开发-垂直应用软件,300235.SZ,33,300235
基础化工-化学制品-其他化学制品,603065.SH,17,603065
医药生物-医疗器械-医疗设备,300633.SZ,33,300633
食品饮料-白酒-白酒Ⅲ,603589.SH,17,603589
机械设备-自动化设备-工控设备,301320.SZ,33,301320
家用电器-白色家电-冰洗,001387.SZ,33,001387
传媒-文化传媒-数字媒体,301299.SZ,33,301299
有色金属-金属新材料-其他金属新材料,605158.SH,17,605158
汽车-汽车零部件-轮胎轮毂,301539.SZ,33,301539
建筑装饰-建筑装饰-房屋建设,002761.SZ,33,002761
商贸零售-零售-百货零售,601086.SH,17,601086
基础化工-橡胶制品-其他橡胶制品,920694.BJ,151,920694
医药生物-化学制药-化学制剂,600789.SH,17,600789
汽车-汽车零部件-其他汽车零部件,603210.SH,17,603210
有色金属-小金属-其他小金属,300328.SZ,33,300328
基础化工-农化制品-复合肥,300387.SZ,33,300387
机械设备-专用设备-其他专用设备,920284.BJ,151,920284
电力设备-电网设备-线缆部件及其他,002451.SZ,33,002451
机械设备-自动化设备-其他自动化设备,688329.SH,17,688329
电子-光学光电子-LED,300889.SZ,33,300889
机械设备-自动化设备-工控设备,688395.SH,17,688395
纺织服饰-服装家纺-鞋帽及其他,300577.SZ,33,300577
社会服务-其他社会服务-专业服务,920039.BJ,151,920039
医药生物-医疗器械-体外诊断,688399.SH,17,688399
机械设备-专用设备-能源及重型设备,002278.SZ,33,002278
医药生物-中药-中药Ⅲ,600085.SH,17,600085
机械设备-专用设备-其他专用设备,002786.SZ,33,002786
商贸零售-互联网电商-互联网电商Ⅲ,002315.SZ,33,002315
汽车-汽车零部件-车身附件及饰件,920168.BJ,151,920168
食品饮料-食品加工制造-肉制品,002840.SZ,33,002840
农林牧渔-种植业与林业-林业,002679.SZ,33,002679
计算机-软件开发-横向通用软件,002230.SZ,33,002230
基础化工-塑料制品-其他塑料制品,002825.SZ,33,002825
汽车-汽车服务及其他-其他运输设备,600099.SH,17,600099
医药生物-医疗服务-医疗研发外包,300683.SZ,33,300683
公用事业-电力-火电,000037.SZ,33,000037
计算机-IT服务-IT服务Ⅲ,688500.SH,17,688500
食品饮料-饮料制造-啤酒,600573.SH,17,600573
汽车-汽车零部件-车身附件及饰件,600081.SH,17,600081
社会服务-其他社会服务-专业服务,688334.SH,17,688334
环保-环境治理-水务及水治理,600461.SH,17,600461
汽车-汽车零部件-车身附件及饰件,920187.BJ,151,920187
电力设备-电网设备-线缆部件及其他,920118.BJ,151,920118
医药生物-生物制品-其他生物制品,688278.SH,17,688278
轻工制造-包装印刷-包装,002836.SZ,33,002836
汽车-汽车零部件-底盘与发动机系统,002590.SZ,33,002590
公用事业-燃气-燃气Ⅲ,001299.SZ,33,001299
纺织服饰-纺织制造-其他纺织,002144.SZ,33,002144
机械设备-通用设备-金属制品,920169.BJ,151,920169
机械设备-轨交设备-轨交设备Ⅲ,688367.SH,17,688367
电力设备-电网设备-线缆部件及其他,002533.SZ,33,002533
汽车-汽车零部件-底盘与发动机系统,002472.SZ,33,002472
基础化工-化学制品-其他化学制品,300637.SZ,33,300637
建筑装饰-建筑装饰-基础建设,300712.SZ,33,300712
电子-光学光电子-LED,300808.SZ,33,300808
家用电器-白色家电-家电零部件,603075.SH,17,603075
社会服务-教育-教育Ⅲ,600455.SH,17,600455
农林牧渔-养殖业-生猪养殖,001201.SZ,33,001201
社会服务-教育-教育Ⅲ,600730.SH,22,600730
机械设备-专用设备-其他专用设备,002595.SZ,33,002595
纺织服饰-服装家纺-服装,301088.SZ,33,301088
公用事业-电力-新能源发电,000155.SZ,33,000155
汽车-汽车零部件-其他汽车零部件,603922.SH,22,603922
通信-通信设备-通信线缆及配套,000586.SZ,33,000586
医药生物-医疗器械-医疗设备,688139.SH,17,688139
电子-其他电子-其他电子Ⅲ,301328.SZ,33,301328
计算机-IT服务-IT服务Ⅲ,920130.BJ,151,920130
机械设备-通用设备-仪器仪表,300897.SZ,33,300897
国防军工-军工装备-航空装备,920006.BJ,151,920006
通信-通信服务-通信应用增值服务,301382.SZ,33,301382
医药生物-医疗器械-医疗耗材,688236.SH,17,688236
食品饮料-白酒-白酒Ⅲ,603919.SH,17,603919
轻工制造-包装印刷-包装,301223.SZ,33,301223
计算机-计算机设备-其他计算机设备,688060.SH,17,688060
计算机-IT服务-IT服务Ⅲ,300872.SZ,33,300872
汽车-汽车零部件-轮胎轮毂,300428.SZ,33,300428
国防军工-军工装备-航天装备,688818.SH,17,688818
医药生物-医疗器械-医疗耗材,688712.SH,17,688712
汽车-汽车零部件-汽车电子电气系统,002920.SZ,33,002920
轻工制造-家居用品-定制家居,603216.SH,17,603216
汽车-汽车零部件-底盘与发动机系统,603596.SH,17,603596
机械设备-工程机械-工程机械Ⅲ,603280.SH,17,603280
食品饮料-饮料制造-啤酒,600600.SH,17,600600
医药生物-化学制药-化学制剂,002940.SZ,33,002940
电子-电子化学品-电子化学品Ⅲ,300346.SZ,33,300346
通信-通信设备-通信网络设备及器件,920640.BJ,151,920640
电力设备-风电设备-风电零部件,920200.BJ,151,920200
医药生物-化学制药-化学制剂,688759.SH,17,688759
轻工制造-家居用品-成品家居,301061.SZ,33,301061
食品饮料-饮料制造-啤酒,600132.SH,17,600132
建筑装饰-建筑装饰-工程咨询服务,603860.SH,17,603860
建筑装饰-建筑装饰-专业工程,002116.SZ,33,002116
建筑装饰-建筑装饰-专业工程,601068.SH,17,601068
建筑装饰-建筑装饰-基础建设,002060.SZ,33,002060
建筑装饰-建筑装饰-基础建设,600853.SH,17,600853
建筑装饰-建筑装饰-房屋建设,600939.SH,17,600939
建筑装饰-建筑装饰-装饰园林,002482.SZ,33,002482
建筑装饰-建筑装饰-装饰园林,600193.SH,21,600193
房地产-房地产-住宅开发,000965.SZ,33,000965
房地产-房地产-住宅开发,002146.SZ,33,002146
房地产-房地产-住宅开发,600622.SH,17,600622
房地产-房地产-住宅开发,600708.SH,17,600708
房地产-房地产-产业地产,600848.SH,17,600848
汽车-汽车整车-商用载客车,000957.SZ,33,000957
电力设备-其他电源设备-其他电源设备Ⅲ,002630.SZ,33,002630
纺织服饰-服装家纺-饰品,002721.SZ,33,002721
机械设备-轨交设备-轨交设备Ⅲ,600495.SH,17,600495
医药生物-医疗器械-医疗设备,688271.SH,17,688271
机械设备-工程机械-工程机械Ⅲ,920101.BJ,151,920101
传媒-文化传媒-广告营销,000607.SZ,33,000607
传媒-文化传媒-电视广播,000665.SZ,33,000665
传媒-文化传媒-出版,601949.SH,17,601949
机械设备-通用设备-磨具磨料,002282.SZ,33,002282
机械设备-通用设备-磨具磨料,002760.SZ,33,002760
机械设备-通用设备-制冷空调设备,600202.SH,17,600202
机械设备-通用设备-金属制品,601002.SH,17,601002
机械设备-通用设备-机床工具,603088.SH,17,603088
机械设备-通用设备-其他通用设备,301032.SZ,33,301032
机械设备-通用设备-其他通用设备,301083.SZ,33,301083
机械设备-通用设备-金属制品,301559.SZ,33,301559
机械设备-通用设备-其他通用设备,920950.BJ,151,920950
机械设备-通用设备-仪器仪表,920961.BJ,151,920961
机械设备-专用设备-其他专用设备,300549.SZ,33,300549
机械设备-专用设备-其他专用设备,600444.SH,17,600444
机械设备-专用设备-能源及重型设备,601369.SH,17,601369
机械设备-专用设备-其他专用设备,603081.SH,17,603081
机械设备-专用设备-楼宇设备,603321.SH,17,603321
机械设备-专用设备-能源及重型设备,688121.SH,17,688121
传媒-影视院线-影视院线Ⅲ,002343.SZ,33,002343
传媒-影视院线-影视院线Ⅲ,300291.SZ,33,300291
传媒-影视院线-影视院线Ⅲ,600715.SH,17,600715
汽车-汽车整车-乘用车,000980.SZ,33,000980
纺织服饰-纺织制造-其他纺织,600232.SH,17,600232
基础化工-农化制品-农药,920866.BJ,151,920866
交通运输-物流-物流Ⅲ,300350.SZ,33,300350
交通运输-物流-物流Ⅲ,600704.SH,17,600704
交通运输-公路铁路运输-高速公路,000828.SZ,33,000828
交通运输-公路铁路运输-高速公路,601518.SH,17,601518
商贸零售-互联网电商-互联网电商Ⅲ,002024.SZ,33,002024
商贸零售-互联网电商-互联网电商Ⅲ,605136.SH,17,605136
医药生物-医药商业-医药流通,301370.SZ,33,301370
社会服务-旅游及酒店-自然景点,000558.SZ,33,000558
社会服务-旅游及酒店-人工景点,002059.SZ,33,002059
社会服务-旅游及酒店-人工景点,300144.SZ,33,300144
农林牧渔-养殖业-水产养殖,002069.SZ,33,002069
农林牧渔-养殖业-生猪养殖,600975.SH,17,600975
有色金属-工业金属-铝,000612.SZ,33,000612
石油石化-石油加工贸易-石油加工,603798.SH,17,603798
医药生物-医疗器械-医疗耗材,300653.SZ,33,300653
医药生物-医疗器械-医疗耗材,688366.SH,17,688366
医药生物-医疗器械-医疗耗材,301290.SZ,33,301290
医药生物-医疗器械-体外诊断,002022.SZ,33,002022
医药生物-医疗器械-体外诊断,300406.SZ,33,300406
医药生物-医疗器械-体外诊断,300439.SZ,33,300439
医药生物-医疗器械-体外诊断,603387.SH,17,603387
建筑材料-建筑材料-其他建材,002247.SZ,33,002247
建筑材料-建筑材料-水泥,002302.SZ,33,002302
建筑材料-建筑材料-耐火材料,920792.BJ,151,920792
建筑材料-建筑材料-耐火材料,920191.BJ,151,920191
基础化工-化学纤维-其他纤维,601113.SH,17,601113
食品饮料-食品加工制造-休闲食品,603719.SH,17,603719
食品饮料-饮料制造-啤酒,000929.SZ,33,000929
食品饮料-饮料制造-乳品,920786.BJ,151,920786
公用事业-电力-火电,000543.SZ,33,000543
公用事业-电力-火电,000966.SZ,33,000966
公用事业-电力-热力,600149.SH,17,600149
公用事业-电力-新能源发电,002480.SZ,33,002480
公用事业-电力-新能源发电,600905.SH,17,600905
汽车-汽车服务及其他-其他运输设备,603776.SH,17,603776
国防军工-军工装备-航海装备,600764.SH,17,600764
农林牧渔-种植业与林业-种子生产,600313.SH,17,600313
汽车-汽车零部件-轮胎轮毂,000599.SZ,33,000599
汽车-汽车零部件-底盘与发动机系统,002363.SZ,33,002363
汽车-汽车零部件-其他汽车零部件,300237.SZ,33,300237
汽车-汽车零部件-车身附件及饰件,600626.SH,17,600626
汽车-汽车零部件-底盘与发动机系统,600698.SH,17,600698
汽车-汽车零部件-汽车电子电气系统,600699.SH,17,600699
汽车-汽车零部件-汽车电子电气系统,603023.SH,17,603023
汽车-汽车零部件-底盘与发动机系统,603949.SH,17,603949
国防军工-军工电子-军工电子Ⅲ,002935.SZ,33,002935
家用电器-白色家电-家电零部件,002011.SZ,33,002011
家用电器-白色家电-家电零部件,002676.SZ,33,002676
家用电器-白色家电-家电零部件,300160.SZ,33,300160
综合-综合-综合Ⅲ,000025.SZ,33,000025
电子-半导体-半导体设备,688072.SH,17,688072
电力设备-电机-电机Ⅲ,002176.SZ,33,002176
公用事业-电力-电能综合服务,600116.SH,17,600116
轻工制造-家居用品-文娱用品,002678.SZ,33,002678
轻工制造-家居用品-其他家居用品,002790.SZ,33,002790
轻工制造-家居用品-其他家居用品,603385.SH,17,603385
轻工制造-家居用品-定制家居,603801.SH,17,603801
轻工制造-造纸-造纸Ⅲ,002012.SZ,33,002012
轻工制造-造纸-造纸Ⅲ,600567.SH,17,600567
轻工制造-包装印刷-包装,002701.SZ,33,002701
医药生物-化学制药-化学制剂,000931.SZ,33,000931
医药生物-化学制药-化学制剂,603168.SH,17,603168
基础化工-化学制品-氟化工,603379.SH,17,603379
基础化工-化学制品-食品及饲料添加剂,002562.SZ,33,002562
基础化工-化学制品-食品及饲料添加剂,301156.SZ,33,301156
电力设备-电池-电池化学品,000009.SZ,33,000009
基础化工-塑料制品-膜材料,300305.SZ,33,300305
基础化工-塑料制品-其他塑料制品,920871.BJ,151,920871
电力设备-电网设备-线缆部件及其他,002560.SZ,33,002560
电力设备-电网设备-电气自控设备,600406.SH,17,600406
基础化工-化学原料-其他化学原料,000691.SZ,33,000691
基础化工-化学制品-其他化学制品,002666.SZ,33,002666
基础化工-化学制品-其他化学制品,002809.SZ,33,002809
基础化工-化学制品-其他化学制品,603722.SH,17,603722
基础化工-化学制品-其他化学制品,688196.SH,17,688196
基础化工-化学制品-其他化学制品,920471.BJ,151,920471
纺织服饰-服装家纺-服装,002486.SZ,33,002486
有色金属-小金属-其他小金属,920068.BJ,151,920068
钢铁-钢铁-普钢,000709.SZ,33,000709
钢铁-钢铁-冶钢原料,000923.SZ,33,000923
钢铁-钢铁-普钢,600022.SH,17,600022
商贸零售-贸易-贸易Ⅲ,600128.SH,17,600128
商贸零售-贸易-贸易Ⅲ,600278.SH,17,600278
商贸零售-贸易-贸易Ⅲ,600287.SH,17,600287
商贸零售-贸易-贸易Ⅲ,600608.SH,21,600608
商贸零售-零售-百货零售,000715.SZ,33,000715
商贸零售-零售-百货零售,002187.SZ,33,002187
商贸零售-零售-商业物业经营,002344.SZ,33,002344
商贸零售-零售-百货零售,600697.SH,17,600697
商贸零售-零售-百货零售,600778.SH,17,600778
商贸零售-零售-商业物业经营,601828.SH,17,601828
商贸零售-零售-百货零售,605188.SH,17,605188
环保-环境治理-固废治理,002210.SZ,33,002210
环保-环境治理-水务及水治理,300425.SZ,33,300425
环保-环境治理-水务及水治理,600187.SH,22,600187
环保-环境治理-水务及水治理,603817.SH,17,603817
环保-环境治理-固废治理,601330.SH,17,601330
环保-环境治理-水务及水治理,605081.SH,21,605081
环保-环保设备-环保设备Ⅲ,688718.SH,17,688718
建筑材料-建筑材料-其他建材,002718.SZ,33,002718
社会服务-旅游及酒店-旅游综合,603402.SH,17,603402
电子-光学光电子-LED,001326.SZ,33,001326
电子-光学光电子-光学元件,002273.SZ,33,002273
美容护理-美容护理-医疗美容,688363.SH,17,688363
医药生物-医疗器械-体外诊断,688075.SH,17,688075
电力设备-电网设备-输变电设备,301361.SZ,33,301361
国防军工-军工装备-地面兵装,301357.SZ,33,301357
机械设备-通用设备-其他通用设备,603400.SH,17,603400
医药生物-中药-中药Ⅲ,301331.SZ,33,301331
电力设备-风电设备-风电零部件,301456.SZ,33,301456
汽车-汽车零部件-车身附件及饰件,301552.SZ,33,301552
有色金属-金属新材料-其他金属新材料,601137.SH,17,601137
计算机-IT服务-IT服务Ⅲ,688207.SH,17,688207
电子-消费电子-消费电子零部件及组装,300679.SZ,33,300679
传媒-游戏-游戏Ⅲ,002919.SZ,33,002919
医药生物-医疗器械-医疗耗材,688108.SH,17,688108
医药生物-化学制药-原料药,688356.SH,17,688356
电子-消费电子-消费电子零部件及组装,920346.BJ,151,920346
机械设备-通用设备-金属制品,002633.SZ,33,002633
医药生物-医药商业-药店,301408.SZ,33,301408
基础化工-化学制品-其他化学制品,920033.BJ,151,920033
电子-光学光电子-LED,605365.SH,17,605365
汽车-汽车零部件-底盘与发动机系统,920242.BJ,151,920242
医药生物-化学制药-化学制剂,688553.SH,17,688553
医药生物-医疗器械-医疗耗材,920180.BJ,151,920180
社会服务-其他社会服务-专业服务,601965.SH,17,601965
机械设备-通用设备-制冷空调设备,002158.SZ,33,002158
基础化工-化学制品-食品及饲料添加剂,603739.SH,17,603739
基础化工-塑料制品-其他塑料制品,605008.SH,17,605008
汽车-汽车零部件-底盘与发动机系统,300258.SZ,33,300258
传媒-影视院线-影视院线Ⅲ,600088.SH,17,600088
医药生物-中药-中药Ⅲ,600566.SH,17,600566
机械设备-通用设备-金属制品,603278.SH,17,603278
建筑材料-建筑材料-水泥,605122.SH,17,605122
电力设备-电网设备-电气自控设备,688663.SH,17,688663
电力设备-风电设备-风电零部件,301155.SZ,33,301155
商贸零售-零售-商业物业经营,002818.SZ,33,002818
机械设备-专用设备-其他专用设备,920026.BJ,151,920026
商贸零售-零售-商业物业经营,600415.SH,17,600415
环保-环保设备-环保设备Ⅲ,000967.SZ,33,000967
建筑材料-建筑材料-水泥,002205.SZ,33,002205
家用电器-白色家电-家电零部件,300403.SZ,33,300403
交通运输-物流-物流Ⅲ,001220.SZ,33,001220
美容护理-美容护理-个护用品,300888.SZ,33,300888
商贸零售-零售-百货零售,600859.SH,17,600859
建筑装饰-建筑装饰-专业工程,002140.SZ,33,002140
基础化工-橡胶制品-其他橡胶制品,300320.SZ,33,300320
通信-通信设备-通信网络设备及器件,002296.SZ,33,002296
汽车-汽车零部件-其他汽车零部件,603352.SH,17,603352
传媒-影视院线-影视院线Ⅲ,603721.SH,17,603721
机械设备-轨交设备-轨交设备Ⅲ,688459.SH,17,688459
医药生物-生物制品-其他生物制品,600867.SH,17,600867
建筑装饰-建筑装饰-工程咨询服务,301038.SZ,33,301038
轻工制造-包装印刷-包装,603022.SH,17,603022
电力设备-电池-其他电池,601311.SH,17,601311
电子-消费电子-消费电子零部件及组装,301383.SZ,33,301383
轻工制造-包装印刷-印刷,002117.SZ,33,002117
传媒-文化传媒-出版,300788.SZ,33,300788
建筑装饰-建筑装饰-基础建设,300982.SZ,33,300982
医药生物-化学制药-化学制剂,600513.SH,17,600513
农林牧渔-农产品加工-水产饲料,002311.SZ,33,002311
汽车-汽车零部件-其他汽车零部件,002328.SZ,33,002328
传媒-文化传媒-数字媒体,300413.SZ,33,300413
交通运输-机场航运-机场,600004.SH,17,600004
医药生物-生物制品-疫苗,688276.SH,17,688276
机械设备-轨交设备-轨交设备Ⅲ,688285.SH,17,688285
有色金属-工业金属-铝,000807.SZ,33,000807
机械设备-通用设备-金属制品,002795.SZ,33,002795
医药生物-医疗器械-医疗设备,301602.SZ,33,301602
环保-环境治理-水务及水治理,000544.SZ,33,000544
电力设备-其他电源设备-其他电源设备Ⅲ,301516.SZ,33,301516
银行-银行-国有大型银行,601398.SH,17,601398
机械设备-专用设备-其他专用设备,688755.SH,17,688755
社会服务-其他社会服务-专业服务,300797.SZ,33,300797
家用电器-白色家电-家电零部件,603657.SH,17,603657
公用事业-燃气-燃气Ⅲ,600903.SH,17,600903
医药生物-医疗器械-医疗耗材,301580.SZ,33,301580
传媒-文化传媒-电视广播,301551.SZ,33,301551
基础化工-化学原料-其他化学原料,600610.SH,17,600610
建筑材料-建筑材料-其他建材,002791.SZ,33,002791
机械设备-专用设备-能源及重型设备,600262.SH,17,600262
医药生物-化学制药-原料药,300636.SZ,33,300636
医药生物-医药商业-药店,301017.SZ,33,301017
医药生物-中药-中药Ⅲ,301111.SZ,33,301111
医药生物-化学制药-化学制剂,600774.SH,17,600774
家用电器-小家电-小家电Ⅲ,002959.SZ,33,002959
国防军工-军工装备-航天装备,688282.SH,17,688282
基础化工-化学制品-民爆用品,002037.SZ,33,002037
计算机-软件开发-横向通用软件,688225.SH,17,688225
电力设备-电网设备-线缆部件及其他,002882.SZ,33,002882
基础化工-农化制品-农药,003042.SZ,33,003042
交通运输-物流-物流Ⅲ,603535.SH,17,603535
机械设备-专用设备-农用机械,920608.BJ,151,920608
轻工制造-家居用品-文娱用品,002103.SZ,33,002103
家用电器-厨卫电器-厨卫电器Ⅲ,300894.SZ,33,300894
食品饮料-白酒-白酒Ⅲ,603369.SH,17,603369
农林牧渔-农产品加工-畜禽饲料,920275.BJ,151,920275
食品饮料-食品加工制造-调味发酵品,603170.SH,17,603170
汽车-汽车零部件-底盘与发动机系统,603960.SH,17,603960
纺织服饰-服装家纺-鞋帽及其他,603908.SH,17,603908
轻工制造-包装印刷-包装,301062.SZ,33,301062
食品饮料-食品加工制造-休闲食品,603057.SH,17,603057
有色金属-工业金属-铝,600595.SH,17,600595
基础化工-化学制品-其他化学制品,688357.SH,17,688357
医药生物-化学制药-原料药,000952.SZ,33,000952
商贸零售-零售-商业物业经营,000061.SZ,33,000061
建筑材料-建筑材料-水泥,003037.SZ,33,003037
纺织服饰-纺织制造-棉纺,600493.SH,17,600493
交通运输-物流-物流Ⅲ,002492.SZ,33,002492
纺织服饰-服装家纺-家纺,605003.SH,17,605003
建筑装饰-建筑装饰-基础建设,002628.SZ,33,002628
机械设备-通用设备-其他通用设备,603331.SH,17,603331
家用电器-小家电-小家电Ⅲ,300272.SZ,33,300272
医药生物-化学制药-化学制剂,003020.SZ,33,003020
社会服务-教育-教育Ⅲ,003032.SZ,33,003032
有色金属-工业金属-铜,000878.SZ,33,000878
医药生物-化学制药-化学制剂,600267.SH,17,600267
公用事业-电力-火电,001286.SZ,33,001286
环保-环境治理-水务及水治理,002778.SZ,33,002778
计算机-软件开发-横向通用软件,300311.SZ,33,300311
轻工制造-造纸-造纸Ⅲ,600235.SH,17,600235
计算机-计算机设备-安防设备,301318.SZ,33,301318
交通运输-公路铁路运输-公交,600561.SH,17,600561
传媒-文化传媒-出版,603999.SH,17,603999
计算机-计算机设备-其他计算机设备,300462.SZ,33,300462
医药生物-医药商业-医药流通,600713.SH,17,600713
汽车-汽车服务及其他-其他运输设备,002105.SZ,33,002105
房地产-房地产-房地产服务,002188.SZ,33,002188
机械设备-专用设备-能源及重型设备,000852.SZ,33,000852
建筑装饰-建筑装饰-专业工程,000928.SZ,33,000928
基础化工-塑料制品-改性塑料,920089.BJ,151,920089
电子-消费电子-消费电子零部件及组装,301491.SZ,33,301491
机械设备-专用设备-能源及重型设备,002483.SZ,33,002483
建筑装饰-建筑装饰-基础建设,600284.SH,17,600284
机械设备-通用设备-仪器仪表,300371.SZ,33,300371
社会服务-旅游及酒店-旅游综合,002707.SZ,33,002707
机械设备-通用设备-其他通用设备,301448.SZ,33,301448
轻工制造-家居用品-文娱用品,301011.SZ,33,301011
汽车-汽车零部件-底盘与发动机系统,920086.BJ,151,920086
环保-环境治理-固废治理,300867.SZ,33,300867
医药生物-中药-中药Ⅲ,002907.SZ,33,002907
电力设备-电池-其他电池,605378.SH,17,605378
社会服务-其他社会服务-专业服务,301508.SZ,33,301508
纺织服饰-服装家纺-服装,002494.SZ,33,002494
社会服务-旅游及酒店-酒店,600754.SH,17,600754
商贸零售-零售-旅游零售,600185.SH,17,600185
轻工制造-家居用品-成品家居,603600.SH,17,603600
建筑装饰-建筑装饰-工程咨询服务,300826.SZ,33,300826
家用电器-白色家电-家电零部件,003028.SZ,33,003028
电力设备-光伏设备-光伏电池组件,300051.SZ,33,300051
电力设备-电网设备-线缆部件及其他,002953.SZ,33,002953
医药生物-医疗器械-医疗耗材,688161.SH,17,688161
交通运输-物流-物流Ⅲ,002682.SZ,33,002682
交通运输-物流-物流Ⅲ,600787.SH,17,600787
基础化工-化学制品-其他化学制品,920957.BJ,151,920957
轻工制造-包装印刷-包装,002303.SZ,33,002303
电力设备-电网设备-线缆部件及其他,601096.SH,17,601096
医药生物-化学制药-化学制剂,688687.SH,17,688687
汽车-汽车零部件-其他汽车零部件,603655.SH,17,603655
医药生物-生物制品-其他生物制品,301047.SZ,33,301047
基础化工-化学原料-其他化学原料,603113.SH,17,603113
钢铁-钢铁-特钢,600399.SH,17,600399
煤炭-煤炭开采加工-煤炭开采,601898.SH,17,601898
纺织服饰-服装家纺-饰品,002574.SZ,33,002574
社会服务-旅游及酒店-自然景点,002033.SZ,33,002033
医药生物-医疗器械-体外诊断,300642.SZ,33,300642
基础化工-农化制品-钾肥,000893.SZ,33,000893
食品饮料-食品加工制造-肉制品,605567.SH,17,605567
基础化工-化学纤维-其他纤维,600063.SH,17,600063
房地产-房地产-住宅开发,002016.SZ,33,002016
机械设备-专用设备-能源及重型设备,920126.BJ,151,920126
有色金属-金属新材料-其他金属新材料,920751.BJ,151,920751
食品饮料-饮料制造-乳品,002570.SZ,33,002570
电子-消费电子-消费电子零部件及组装,300976.SZ,33,300976
环保-环境治理-水务及水治理,600283.SH,17,600283
农林牧渔-种植业与林业-农业综合,300021.SZ,33,300021
房地产-房地产-产业地产,601512.SH,17,601512
食品饮料-饮料制造-软饮料,600189.SH,17,600189
社会服务-教育-教育Ⅲ,002659.SZ,33,002659
医药生物-医疗服务-医院,301103.SZ,33,301103
汽车-汽车零部件-底盘与发动机系统,301192.SZ,33,301192
基础化工-化学制品-有机硅,300727.SZ,33,300727
食品饮料-饮料制造-乳品,002910.SZ,33,002910
医药生物-化学制药-原料药,603235.SH,17,603235
机械设备-通用设备-金属制品,000777.SZ,33,000777
建筑材料-建筑材料-水泥,002671.SZ,33,002671
交通运输-公路铁路运输-高速公路,600020.SH,17,600020
轻工制造-家居用品-其他家居用品,301193.SZ,33,301193
医药生物-化学制药-化学制剂,000963.SZ,33,000963
机械设备-工程机械-工程机械Ⅲ,002097.SZ,33,002097
医药生物-生物制品-其他生物制品,688136.SH,17,688136
电子-半导体-分立器件,300831.SZ,33,300831
机械设备-通用设备-金属制品,920679.BJ,151,920679
机械设备-通用设备-金属制品,002877.SZ,33,002877
汽车-汽车零部件-其他汽车零部件,300926.SZ,33,300926
农林牧渔-农产品加工-畜禽饲料,002567.SZ,33,002567
美容护理-美容护理-化妆品,300957.SZ,33,300957
电子-半导体-分立器件,600360.SH,17,600360
基础化工-化学制品-其他化学制品,300535.SZ,33,300535
机械设备-工程机械-工程机械Ⅲ,000157.SZ,33,000157
公用事业-电力-新能源发电,603105.SH,17,603105
汽车-汽车零部件-汽车电子电气系统,920436.BJ,151,920436
机械设备-通用设备-其他通用设备,002530.SZ,33,002530
电力设备-电网设备-输变电设备,600312.SH,17,600312
建筑装饰-建筑装饰-工程咨询服务,002949.SZ,33,002949
轻工制造-包装印刷-包装,002374.SZ,33,002374
医药生物-生物制品-疫苗,301207.SZ,33,301207
环保-环境治理-固废治理,300815.SZ,33,300815
医药生物-生物制品-其他生物制品,000518.SZ,33,000518
商贸零售-零售-商业物业经营,600790.SH,17,600790
交通运输-物流-物流Ⅲ,002769.SZ,33,002769
传媒-文化传媒-出版,600373.SH,17,600373
汽车-汽车零部件-车身附件及饰件,605128.SH,17,605128
传媒-文化传媒-出版,600551.SH,17,600551
石油石化-油气开采及服务-油服工程,002207.SZ,33,002207
机械设备-专用设备-能源及重型设备,300950.SZ,33,300950
电力设备-电网设备-线缆部件及其他,002879.SZ,33,002879
电子-半导体-数字芯片设计,688259.SH,17,688259
汽车-汽车零部件-底盘与发动机系统,920271.BJ,151,920271
基础化工-化学原料-无机盐,301256.SZ,33,301256
建筑装饰-建筑装饰-专业工程,920099.BJ,151,920099
医药生物-医疗服务-医院,600327.SH,17,600327
轻工制造-造纸-造纸Ⅲ,600433.SH,17,600433
食品饮料-食品加工制造-其他食品,300791.SZ,33,300791
商贸零售-零售-百货零售,002277.SZ,33,002277
传媒-文化传媒-出版,300148.SZ,33,300148
社会服务-其他社会服务-专业服务,300962.SZ,33,300962
社会服务-旅游及酒店-自然景点,603099.SH,17,603099
汽车-汽车服务及其他-汽车服务,600386.SH,17,600386
基础化工-橡胶制品-炭黑,301300.SZ,33,301300
汽车-汽车零部件-车身附件及饰件,600609.SH,17,600609
建筑装饰-建筑装饰-工程咨询服务,301167.SZ,33,301167
环保-环保设备-环保设备Ⅲ,300800.SZ,33,300800
电子-光学光电子-光学元件,002456.SZ,33,002456
农林牧渔-种植业与林业-其他种植业,600108.SH,17,600108
基础化工-化学纤维-其他纤维,600810.SH,17,600810
房地产-房地产-住宅开发,000668.SZ,33,000668
机械设备-轨交设备-轨交设备Ⅲ,920541.BJ,151,920541
建筑装饰-建筑装饰-专业工程,300517.SZ,33,300517
电力设备-光伏设备-光伏电池组件,002056.SZ,33,002056
房地产-房地产-房地产服务,600684.SH,17,600684
机械设备-专用设备-其他专用设备,600520.SH,17,600520
汽车-汽车零部件-轮胎轮毂,002488.SZ,33,002488
基础化工-化学制品-其他化学制品,920974.BJ,151,920974
轻工制造-家居用品-文娱用品,603899.SH,17,603899
医药生物-医药商业-医药流通,301126.SZ,33,301126
汽车-汽车零部件-其他汽车零部件,000887.SZ,33,000887
计算机-IT服务-IT服务Ⅲ,301236.SZ,33,301236
公用事业-电力-新能源发电,601985.SH,17,601985
计算机-IT服务-IT服务Ⅲ,002401.SZ,33,002401
汽车-汽车零部件-底盘与发动机系统,600933.SH,17,600933
医药生物-化学制药-原料药,300381.SZ,33,300381
石油石化-石油加工贸易-石油加工,000985.SZ,33,000985
有色金属-金属新材料-磁性材料,301323.SZ,33,301323
纺织服饰-纺织制造-其他纺织,001390.SZ,33,001390
通信-通信设备-通信终端及配件,300590.SZ,33,300590
食品饮料-饮料制造-软饮料,600300.SH,17,600300
轻工制造-家居用品-其他家居用品,300640.SZ,33,300640
商贸零售-零售-百货零售,600628.SH,17,600628
轻工制造-家居用品-瓷砖地板,002631.SZ,33,002631
有色金属-工业金属-铝,601388.SH,17,601388
轻工制造-家居用品-其他家居用品,301055.SZ,33,301055
电力设备-风电设备-风电零部件,300185.SZ,33,300185
医药生物-化学制药-化学制剂,688321.SH,17,688321
社会服务-旅游及酒店-餐饮,000721.SZ,33,000721
机械设备-专用设备-印刷包装机械,603901.SH,17,603901
房地产-房地产-住宅开发,600692.SH,17,600692
纺织服饰-纺织制造-棉纺,002083.SZ,33,002083
交通运输-机场航运-机场,600515.SH,17,600515
农林牧渔-种植业与林业-其他种植业,600359.SH,17,600359
环保-环境治理-水务及水治理,301519.SZ,33,301519
电力设备-电网设备-线缆部件及其他,002309.SZ,33,002309
轻工制造-家居用品-定制家居,300616.SZ,33,300616
计算机-计算机设备-安防设备,300884.SZ,33,300884
有色金属-工业金属-铝,601600.SH,17,601600
机械设备-专用设备-能源及重型设备,688633.SH,17,688633
机械设备-专用设备-其他专用设备,603289.SH,17,603289
机械设备-专用设备-印刷包装机械,920810.BJ,151,920810
食品饮料-食品加工制造-预加工食品,603536.SH,17,603536
农林牧渔-种植业与林业-种子生产,002041.SZ,33,002041
机械设备-通用设备-制冷空调设备,000530.SZ,33,000530
电力设备-光伏设备-光伏电池组件,301636.SZ,33,301636
农林牧渔-种植业与林业-林业,000663.SZ,33,000663
机械设备-专用设备-印刷包装机械,002209.SZ,33,002209
汽车-汽车零部件-车身附件及饰件,600660.SH,17,600660
医药生物-医疗服务-其他医疗服务,000710.SZ,33,000710
机械设备-专用设备-其他专用设备,002009.SZ,33,002009
纺织服饰-纺织制造-印染,600448.SH,17,600448
医药生物-医疗器械-体外诊断,688067.SH,17,688067
电子-半导体-模拟芯片设计,688061.SH,17,688061
汽车-汽车整车-商用载货车,600006.SH,17,600006
医药生物-医疗器械-体外诊断,002030.SZ,33,002030
石油石化-石油加工贸易-石油加工,002377.SZ,33,002377
家用电器-小家电-小家电Ⅲ,301332.SZ,33,301332
医药生物-医疗器械-医疗耗材,688151.SH,17,688151
电力设备-电机-电机Ⅲ,603320.SH,17,603320
机械设备-自动化设备-工控设备,301510.SZ,33,301510
电力设备-电池-锂电池,300750.SZ,33,300750
纺织服饰-服装家纺-鞋帽及其他,300952.SZ,33,300952
医药生物-化学制药-化学制剂,600196.SH,17,600196
电力设备-电网设备-输变电设备,301386.SZ,33,301386
食品饮料-食品加工制造-休闲食品,002695.SZ,33,002695
基础化工-化学制品-食品及饲料添加剂,301206.SZ,33,301206
轻工制造-家居用品-成品家居,603816.SH,17,603816
机械设备-专用设备-能源及重型设备,001360.SZ,33,001360
建筑装饰-建筑装饰-工程咨询服务,300284.SZ,33,300284
环保-环境治理-固废治理,300140.SZ,33,300140
电力设备-电网设备-线缆部件及其他,002276.SZ,33,002276
电子-光学光电子-光学元件,001373.SZ,33,001373
纺织服饰-服装家纺-服装,001234.SZ,33,001234
基础化工-化学制品-民爆用品,002683.SZ,33,002683
汽车-汽车零部件-汽车电子电气系统,002239.SZ,33,002239
基础化工-化学制品-涂料油墨,300665.SZ,33,300665
汽车-汽车整车-乘用车,601633.SH,17,601633
基础化工-化学制品-有机硅,002909.SZ,33,002909
计算机-计算机设备-其他计算机设备,300743.SZ,33,300743
房地产-房地产-住宅开发,002133.SZ,33,002133
公用事业-电力-热力,300335.SZ,33,300335
机械设备-专用设备-印刷包装机械,002611.SZ,33,002611
电力设备-电网设备-输变电设备,601877.SH,17,601877
传媒-游戏-游戏Ⅲ,300299.SZ,33,300299
机械设备-专用设备-能源及重型设备,300084.SZ,33,300084
汽车-汽车零部件-底盘与发动机系统,601689.SH,17,601689
电力设备-电池-锂电专用设备,301325.SZ,33,301325
有色金属-金属新材料-其他金属新材料,000633.SZ,33,000633
建筑装饰-建筑装饰-专业工程,000065.SZ,33,000065
传媒-文化传媒-广告营销,002291.SZ,33,002291
医药生物-医疗器械-医疗耗材,688016.SH,17,688016
医药生物-化学制药-化学制剂,688192.SH,17,688192
机械设备-通用设备-其他通用设备,301353.SZ,33,301353
医药生物-医疗器械-体外诊断,688767.SH,17,688767
非银金融-保险-保险Ⅲ,601319.SH,17,601319
煤炭-煤炭开采加工-煤炭开采,601699.SH,17,601699
机械设备-专用设备-能源及重型设备,300837.SZ,33,300837
电力设备-其他电源设备-其他电源设备Ⅲ,300693.SZ,33,300693
机械设备-轨交设备-轨交设备Ⅲ,000008.SZ,33,000008
有色金属-工业金属-铅锌,601020.SH,17,601020
基础化工-农化制品-磷肥及磷化工,002312.SZ,33,002312
基础化工-化学原料-氯碱,600935.SH,17,600935
计算机-计算机设备-安防设备,002236.SZ,33,002236
电力设备-电池-锂电专用设备,603032.SH,17,603032
机械设备-通用设备-机床工具,002520.SZ,33,002520
石油石化-石油加工贸易-石油加工,000819.SZ,33,000819
电子-光学光电子-LED,002076.SZ,33,002076
建筑装饰-建筑装饰-专业工程,920057.BJ,151,920057
医药生物-医疗器械-医疗耗材,605369.SH,17,605369
非银金融-多元金融-多元金融Ⅲ,603300.SH,17,603300
机械设备-专用设备-印刷包装机械,300512.SZ,33,300512
农林牧渔-种植业与林业-林业,600265.SH,22,600265
建筑装饰-建筑装饰-工程咨询服务,002811.SZ,33,002811
计算机-IT服务-IT服务Ⅲ,000034.SZ,33,000034
食品饮料-食品加工制造-预加工食品,002702.SZ,33,002702
公用事业-电力-火电,600027.SH,17,600027
传媒-文化传媒-广告营销,300612.SZ,33,300612
电力设备-电网设备-线缆部件及其他,002300.SZ,33,002300
房地产-房地产-住宅开发,000797.SZ,33,000797
商贸零售-贸易-贸易Ⅲ,601061.SH,17,601061
医药生物-中药-中药Ⅲ,603439.SH,17,603439
电子-光学光电子-面板,300076.SZ,33,300076
美容护理-美容护理-化妆品,300955.SZ,33,300955
电子-电子化学品-电子化学品Ⅲ,300684.SZ,33,300684
电力设备-电池-锂电专用设备,920119.BJ,151,920119
环保-环保设备-环保设备Ⅲ,001336.SZ,33,001336
钢铁-钢铁-普钢,600010.SH,17,600010
建筑材料-建筑材料-水泥,600326.SH,17,600326
机械设备-通用设备-制冷空调设备,301272.SZ,33,301272
石油石化-石油加工贸易-石油加工,600346.SH,17,600346
建筑材料-建筑材料-管材,300198.SZ,33,300198
机械设备-专用设备-其他专用设备,688162.SH,17,688162
传媒-游戏-游戏Ⅲ,300043.SZ,33,300043
公用事业-燃气-燃气Ⅲ,600635.SH,17,600635
电力设备-电池-其他电池,920627.BJ,151,920627
环保-环境治理-综合环境治理,300958.SZ,33,300958
纺织服饰-服装家纺-饰品,600735.SH,22,600735
建筑装饰-建筑装饰-基础建设,600502.SH,17,600502
有色金属-工业金属-铅锌,000758.SZ,33,000758
基础化工-化学纤维-其他纤维,600527.SH,17,600527
医药生物-医疗器械-医疗耗材,300595.SZ,33,300595
建筑装饰-建筑装饰-基础建设,603176.SH,17,603176
机械设备-自动化设备-其他自动化设备,301029.SZ,33,301029
机械设备-自动化设备-其他自动化设备,300486.SZ,33,300486
基础化工-化学制品-有机硅,300019.SZ,33,300019
医药生物-医疗服务-医院,301267.SZ,33,301267
传媒-文化传媒-广告营销,002712.SZ,33,002712
医药生物-医药商业-医药流通,603716.SH,17,603716
基础化工-化学原料-氯碱,002386.SZ,33,002386
房地产-房地产-住宅开发,600675.SH,17,600675
食品饮料-食品加工制造-调味发酵品,002495.SZ,33,002495
钢铁-钢铁-特钢,600117.SH,17,600117
纺织服饰-服装家纺-服装,002780.SZ,33,002780
家用电器-白色家电-空调,600854.SH,17,600854
交通运输-公路铁路运输-高速公路,000548.SZ,33,000548
综合-综合-综合Ⅲ,002316.SZ,33,002316
综合-综合-综合Ⅲ,600805.SH,17,600805
机械设备-专用设备-楼宇设备,600835.SH,17,600835
石油石化-油气开采及服务-油服工程,600871.SH,17,600871
有色金属-工业金属-铝,605208.SH,17,605208
计算机-IT服务-IT服务Ⅲ,300678.SZ,33,300678
食品饮料-食品加工制造-休闲食品,605339.SH,17,605339
房地产-房地产-产业地产,600604.SH,17,600604
农林牧渔-养殖业-水产养殖,600467.SH,17,600467
商贸零售-零售-商业物业经营,000785.SZ,33,000785
建筑材料-建筑材料-其他建材,301010.SZ,33,301010
基础化工-塑料制品-膜材料,000973.SZ,33,000973
通信-通信服务-电信运营商,600050.SH,17,600050
医药生物-医疗器械-医疗耗材,002817.SZ,33,002817
传媒-文化传媒-数字媒体,000681.SZ,33,000681
食品饮料-饮料制造-乳品,300106.SZ,33,300106
基础化工-农化制品-农药,002749.SZ,33,002749
基础化工-农化制品-复合肥,920159.BJ,151,920159
建筑装饰-建筑装饰-工程咨询服务,300675.SZ,33,300675
计算机-软件开发-垂直应用软件,688657.SH,17,688657
医药生物-生物制品-疫苗,688739.SH,17,688739
医药生物-医疗器械-医疗设备,688114.SH,17,688114
环保-环境治理-综合环境治理,600133.SH,17,600133
机械设备-专用设备-能源及重型设备,301601.SZ,33,301601
交通运输-公路铁路运输-公交,600650.SH,17,600650
计算机-计算机设备-安防设备,002835.SZ,33,002835
家用电器-白色家电-空调,000333.SZ,33,000333
纺织服饰-服装家纺-服装,603839.SH,17,603839
电力设备-电网设备-电气自控设备,300360.SZ,33,300360
汽车-汽车零部件-底盘与发动机系统,300432.SZ,33,300432
传媒-游戏-游戏Ⅲ,300002.SZ,33,300002
电子-消费电子-品牌消费电子,920183.BJ,151,920183
医药生物-医疗器械-医疗耗材,920069.BJ,151,920069
社会服务-旅游及酒店-旅游综合,002627.SZ,33,002627
食品饮料-食品加工制造-其他食品,920429.BJ,151,920429
电力设备-光伏设备-光伏辅材,603381.SH,17,603381
建筑装饰-建筑装饰-专业工程,003001.SZ,33,003001
公用事业-电力-热力,600226.SH,17,600226
食品饮料-白酒-白酒Ⅲ,002304.SZ,33,002304
环保-环境治理-水务及水治理,688101.SH,17,688101
汽车-汽车零部件-其他汽车零部件,300707.SZ,33,300707
电力设备-电池-锂电池,688155.SH,17,688155
汽车-汽车零部件-底盘与发动机系统,603982.SH,17,603982
机械设备-通用设备-其他通用设备,301311.SZ,33,301311
汽车-汽车整车-商用载货车,600375.SH,17,600375
钢铁-钢铁-普钢,000898.SZ,33,000898
国防军工-军工装备-航空装备,300777.SZ,33,300777
电力设备-电机-电机Ⅲ,603489.SH,17,603489
传媒-文化传媒-出版,601999.SH,17,601999
有色金属-工业金属-铝,002160.SZ,33,002160
机械设备-专用设备-能源及重型设备,600560.SH,17,600560
机械设备-通用设备-金属制品,603699.SH,17,603699
医药生物-生物制品-疫苗,300841.SZ,33,300841
轻工制造-包装印刷-包装,920204.BJ,151,920204
非银金融-证券-证券Ⅲ,601162.SH,17,601162
医药生物-化学制药-化学制剂,600276.SH,17,600276
医药生物-医疗服务-医疗研发外包,300404.SZ,33,300404
汽车-汽车零部件-底盘与发动机系统,300507.SZ,33,300507
家用电器-小家电-小家电Ⅲ,688169.SH,17,688169
基础化工-农化制品-复合肥,002999.SZ,33,002999
商贸零售-零售-百货零售,600828.SH,17,600828
基础化工-塑料制品-合成树脂,001255.SZ,33,001255
传媒-文化传媒-电视广播,002238.SZ,33,002238
传媒-影视院线-影视院线Ⅲ,000802.SZ,33,000802
计算机-计算机设备-安防设备,920395.BJ,151,920395
汽车-汽车零部件-汽车电子电气系统,002766.SZ,33,002766
煤炭-煤炭开采加工-煤炭开采,600121.SH,17,600121
汽车-汽车服务及其他-其他运输设备,300994.SZ,33,300994
机械设备-专用设备-纺织服装设备,300307.SZ,33,300307
非银金融-多元金融-多元金融Ⅲ,002423.SZ,33,002423
汽车-汽车零部件-底盘与发动机系统,002765.SZ,33,002765
医药生物-医疗器械-医疗设备,300206.SZ,33,300206
美容护理-美容护理-化妆品,300849.SZ,33,300849
基础化工-塑料制品-其他塑料制品,920056.BJ,151,920056
商贸零售-零售-百货零售,002251.SZ,33,002251
国防军工-军工装备-航空装备,300965.SZ,33,300965
基础化工-化学原料-煤化工,000990.SZ,33,000990
医药生物-化学制药-化学制剂,301507.SZ,33,301507
国防军工-军工装备-地面兵装,002265.SZ,33,002265
电力设备-其他电源设备-其他电源设备Ⅲ,600212.SH,17,600212
电力设备-电网设备-电气自控设备,002090.SZ,33,002090
环保-环境治理-固废治理,000803.SZ,33,000803
有色金属-小金属-钼,000688.SZ,33,000688
钢铁-钢铁-特钢,000825.SZ,33,000825
钢铁-钢铁-特钢,002075.SZ,33,002075
社会服务-其他社会服务-专业服务,300795.SZ,33,300795
计算机-IT服务-IT服务Ⅲ,688039.SH,17,688039
社会服务-旅游及酒店-人工景点,600706.SH,17,600706
轻工制造-家居用品-成品家居,603709.SH,17,603709
电力设备-电网设备-输变电设备,601616.SH,17,601616
汽车-汽车整车-乘用车,601238.SH,17,601238
农林牧渔-农产品加工-畜禽饲料,000876.SZ,33,000876
传媒-游戏-游戏Ⅲ,300459.SZ,33,300459
煤炭-煤炭开采加工-焦炭加工,000723.SZ,33,000723
综合-综合-综合Ⅲ,000652.SZ,33,000652
基础化工-化学制品-食品及饲料添加剂,300858.SZ,33,300858
公用事业-电力-新能源发电,600163.SH,17,600163
传媒-游戏-游戏Ⅲ,002602.SZ,33,002602
社会服务-其他社会服务-体育,600158.SH,17,600158
医药生物-医疗器械-体外诊断,688393.SH,17,688393
机械设备-轨交设备-轨交设备Ⅲ,000925.SZ,33,000925
建筑装饰-建筑装饰-装饰园林,301098.SZ,33,301098
机械设备-通用设备-仪器仪表,920879.BJ,151,920879
医药生物-化学制药-化学制剂,688799.SH,17,688799
通信-通信服务-通信应用增值服务,300578.SZ,33,300578
房地产-房地产-住宅开发,000517.SZ,33,000517
房地产-房地产-住宅开发,000897.SZ,33,000897
社会服务-旅游及酒店-旅游综合,000069.SZ,33,000069
国防军工-军工装备-航空装备,000697.SZ,33,000697
计算机-软件开发-垂直应用软件,002410.SZ,33,002410
机械设备-通用设备-金属制品,300402.SZ,33,300402
纺织服饰-服装家纺-鞋帽及其他,300591.SZ,33,300591
医药生物-医药商业-医药流通,300937.SZ,33,300937
环保-环境治理-固废治理,301049.SZ,33,301049
电力设备-电池-锂电池,600241.SH,17,600241
医药生物-医疗器械-体外诊断,603392.SH,17,603392
机械设备-通用设备-其他通用设备,300193.SZ,33,300193
轻工制造-家居用品-文娱用品,300651.SZ,33,300651
社会服务-其他社会服务-专业服务,001396.SZ,33,001396
建筑装饰-建筑装饰-装饰园林,603955.SH,17,603955
电力设备-光伏设备-光伏电池组件,002513.SZ,33,002513
公用事业-电力-电能综合服务,600101.SH,17,600101
传媒-影视院线-影视院线Ⅲ,300182.SZ,33,300182
有色金属-小金属-稀土,000831.SZ,33,000831
轻工制造-家居用品-其他家居用品,001221.SZ,33,001221
石油石化-石油加工贸易-石油加工,600800.SH,17,600800
医药生物-医疗服务-医院,600763.SH,17,600763
国防军工-军工装备-航天装备,002829.SZ,33,002829
计算机-IT服务-IT服务Ⅲ,603636.SH,17,603636
环保-环境治理-水务及水治理,688565.SH,17,688565
计算机-软件开发-横向通用软件,688168.SH,17,688168
建筑装饰-建筑装饰-工程咨询服务,920892.BJ,151,920892
农林牧渔-养殖业-生猪养殖,000048.SZ,33,000048
建筑材料-建筑材料-管材,002457.SZ,33,002457
建筑装饰-建筑装饰-装饰园林,601886.SH,17,601886
国防军工-军工装备-航空装备,600038.SH,17,600038
机械设备-通用设备-其他通用设备,300420.SZ,33,300420
基础化工-化学制品-其他化学制品,002453.SZ,33,002453
建筑装饰-建筑装饰-基础建设,601669.SH,17,601669
电力设备-电网设备-电气自控设备,300510.SZ,33,300510
传媒-文化传媒-出版,600229.SH,17,600229
医药生物-医疗服务-医院,301239.SZ,33,301239
电力设备-电网设备-输变电设备,920496.BJ,151,920496
机械设备-通用设备-仪器仪表,920476.BJ,151,920476
计算机-软件开发-横向通用软件,688695.SH,17,688695
国防军工-军工装备-地面兵装,300875.SZ,33,300875
建筑装饰-建筑装饰-专业工程,300048.SZ,33,300048
电力设备-电网设备-输变电设备,603070.SH,17,603070
国防军工-军工电子-军工电子Ⅲ,688629.SH,17,688629
综合-综合-综合Ⅲ,600881.SH,17,600881
机械设备-轨交设备-轨交设备Ⅲ,688015.SH,17,688015
电力设备-电池-电池化学品,002812.SZ,33,002812
电力设备-光伏设备-光伏辅材,920007.BJ,151,920007
美容护理-美容护理-医疗美容,300896.SZ,33,300896
基础化工-橡胶制品-其他橡胶制品,920665.BJ,151,920665
基础化工-非金属材料-非金属材料Ⅲ,603826.SH,17,603826
食品饮料-饮料制造-乳品,300915.SZ,33,300915
机械设备-专用设备-其他专用设备,688531.SH,17,688531
房地产-房地产-住宅开发,000002.SZ,33,000002
公用事业-电力-电能综合服务,600995.SH,17,600995
汽车-汽车零部件-其他汽车零部件,601279.SH,17,601279
电力设备-电网设备-电气自控设备,920299.BJ,151,920299
电力设备-电池-电池化学品,301152.SZ,33,301152
计算机-IT服务-IT服务Ⅲ,920092.BJ,151,920092
食品饮料-食品加工制造-调味发酵品,002650.SZ,33,002650
机械设备-通用设备-其他通用设备,300263.SZ,33,300263
机械设备-轨交设备-轨交设备Ⅲ,300851.SZ,33,300851
通信-通信设备-通信终端及配件,688100.SH,17,688100
计算机-IT服务-IT服务Ⅲ,300078.SZ,33,300078
公用事业-电力-火电,000631.SZ,33,000631
轻工制造-包装印刷-印刷,001279.SZ,33,001279
农林牧渔-农产品加工-粮油加工,300999.SZ,33,300999
公用事业-电力-火电,600098.SH,17,600098
社会服务-其他社会服务-专业服务,301289.SZ,33,301289
电力设备-风电设备-风电零部件,300850.SZ,33,300850
建筑材料-建筑材料-其他建材,000619.SZ,33,000619
钢铁-钢铁-普钢,002110.SZ,33,002110
交通运输-物流-物流Ⅲ,600794.SH,17,600794
煤炭-煤炭开采加工-焦炭加工,601015.SH,17,601015
机械设备-工程机械-工程机械Ⅲ,920245.BJ,151,920245
医药生物-医疗器械-医疗设备,688273.SH,17,688273
石油石化-石油加工贸易-石油加工,600688.SH,17,600688
电力设备-风电设备-风电零部件,002487.SZ,33,002487
有色金属-工业金属-铜,000737.SZ,33,000737
汽车-汽车零部件-车身附件及饰件,001260.SZ,33,001260
电力设备-电池-锂电池,301327.SZ,33,301327
公用事业-燃气-燃气Ⅲ,001331.SZ,33,001331
汽车-汽车零部件-车身附件及饰件,600742.SH,17,600742
传媒-文化传媒-电视广播,600959.SH,17,600959
农林牧渔-农产品加工-畜禽饲料,603363.SH,17,603363
农林牧渔-养殖业-生猪养殖,605296.SH,17,605296
医药生物-医疗器械-医疗设备,300171.SZ,33,300171
计算机-软件开发-横向通用软件,002279.SZ,33,002279
计算机-软件开发-垂直应用软件,688296.SH,17,688296
有色金属-能源金属-钴,301219.SZ,33,301219
建筑装饰-建筑装饰-房屋建设,000628.SZ,33,000628
机械设备-专用设备-其他专用设备,688328.SH,17,688328
有色金属-小金属-钼,001257.SZ,33,001257
社会服务-教育-教育Ⅲ,300338.SZ,33,300338
综合-综合-综合Ⅲ,002575.SZ,33,002575
机械设备-通用设备-金属制品,002445.SZ,33,002445
国防军工-军工电子-军工电子Ⅲ,300474.SZ,33,300474
计算机-IT服务-IT服务Ⅲ,600131.SH,17,600131
基础化工-化学原料-其他化学原料,920304.BJ,151,920304
汽车-汽车整车-乘用车,000625.SZ,33,000625
基础化工-化学制品-纺织化学用品,300107.SZ,33,300107
汽车-汽车零部件-汽车电子电气系统,605333.SH,17,605333
非银金融-保险-保险Ⅲ,601628.SH,17,601628
非银金融-多元金融-多元金融Ⅲ,000563.SZ,33,000563
汽车-汽车零部件-底盘与发动机系统,603701.SH,17,603701
社会服务-其他社会服务-专业服务,301632.SZ,33,301632
电子-其他电子-其他电子Ⅲ,002885.SZ,33,002885
通信-通信服务-通信工程及服务,300310.SZ,33,300310
食品饮料-白酒-白酒Ⅲ,000995.SZ,33,000995
汽车-汽车零部件-车身附件及饰件,920270.BJ,151,920270
机械设备-通用设备-金属制品,600860.SH,17,600860
家用电器-小家电-小家电Ⅲ,688793.SH,17,688793
传媒-文化传媒-出版,002181.SZ,33,002181
基础化工-非金属材料-非金属材料Ⅲ,001296.SZ,33,001296
公用事业-燃气-燃气Ⅲ,600617.SH,17,600617
电力设备-电池-电池化学品,000695.SZ,33,000695
家用电器-黑色家电-彩电,600839.SH,17,600839
电力设备-电网设备-电气自控设备,002339.SZ,33,002339
交通运输-港口航运-港口,601880.SH,17,601880
计算机-IT服务-IT服务Ⅲ,600756.SH,17,600756
汽车-汽车零部件-其他汽车零部件,300473.SZ,33,300473
轻工制造-包装印刷-包装,002969.SZ,33,002969
医药生物-医疗服务-医院,300143.SZ,33,300143
机械设备-通用设备-其他通用设备,688448.SH,17,688448
电力设备-电网设备-电气自控设备,920556.BJ,151,920556
建筑材料-建筑材料-水泥,601992.SH,17,601992
轻工制造-造纸-造纸Ⅲ,603733.SH,17,603733
汽车-汽车零部件-底盘与发动机系统,300375.SZ,33,300375
基础化工-化学制品-其他化学制品,002648.SZ,33,002648
基础化工-塑料制品-其他塑料制品,002108.SZ,33,002108
电子-消费电子-消费电子零部件及组装,002139.SZ,33,002139
机械设备-轨交设备-轨交设备Ⅲ,920027.BJ,151,920027
交通运输-机场航运-航空运输,600221.SH,17,600221
汽车-汽车零部件-轮胎轮毂,002085.SZ,33,002085
商贸零售-零售-百货零售,000564.SZ,33,000564
商贸零售-零售-专业连锁,301078.SZ,33,301078
汽车-汽车零部件-车身附件及饰件,300978.SZ,33,300978
医药生物-化学制药-化学制剂,300016.SZ,33,300016
医药生物-中药-中药Ⅲ,600129.SH,17,600129
交通运输-物流-物流Ⅲ,300013.SZ,33,300013
基础化工-农化制品-农药,920819.BJ,151,920819
医药生物-医疗器械-医疗耗材,920050.BJ,151,920050
医药生物-化学制药-原料药,002099.SZ,33,002099
机械设备-专用设备-能源及重型设备,300275.SZ,33,300275
国防军工-军工装备-航海装备,600685.SH,17,600685
汽车-汽车服务及其他-汽车服务,301215.SZ,33,301215
家用电器-黑色家电-其他黑色家电,000810.SZ,33,000810
医药生物-医疗服务-医院,000516.SZ,33,000516
汽车-汽车零部件-汽车电子电气系统,603376.SH,17,603376
电力设备-电池-其他电池,688819.SH,17,688819
电力设备-光伏设备-光伏辅材,002079.SZ,33,002079
食品饮料-饮料制造-软饮料,000523.SZ,33,000523
家用电器-小家电-小家电Ⅲ,603486.SH,17,603486
环保-环境治理-固废治理,301265.SZ,33,301265
农林牧渔-种植业与林业-种子生产,300087.SZ,33,300087
食品饮料-白酒-白酒Ⅲ,002646.SZ,33,002646
电力设备-光伏设备-光伏辅材,002623.SZ,33,002623
基础化工-化学制品-食品及饲料添加剂,603079.SH,17,603079
建筑装饰-建筑装饰-工程咨询服务,603018.SH,17,603018
食品饮料-食品加工制造-其他食品,600381.SH,22,600381
环保-环境治理-水务及水治理,603797.SH,17,603797
计算机-IT服务-IT服务Ⅲ,603322.SH,17,603322
基础化工-化学制品-其他化学制品,300596.SZ,33,300596
交通运输-物流-物流Ⅲ,000906.SZ,33,000906
机械设备-通用设备-金属制品,301268.SZ,33,301268
公用事业-燃气-燃气Ⅲ,920010.BJ,151,920010
计算机-软件开发-垂直应用软件,002063.SZ,33,002063
公用事业-电力-新能源发电,003816.SZ,33,003816
基础化工-橡胶制品-其他橡胶制品,300767.SZ,33,300767
商贸零售-零售-专业连锁,002416.SZ,33,002416
基础化工-化学制品-氟化工,002407.SZ,33,002407
房地产-房地产-商业地产,600007.SH,17,600007
轻工制造-家居用品-文娱用品,001300.SZ,33,001300
通信-通信设备-通信网络设备及器件,301165.SZ,33,301165
电子-消费电子-消费电子零部件及组装,920005.BJ,151,920005
家用电器-白色家电-冰洗,600336.SH,17,600336
医药生物-医疗服务-医院,002044.SZ,33,002044
计算机-软件开发-横向通用软件,688561.SH,17,688561
纺织服饰-服装家纺-鞋帽及其他,300901.SZ,33,300901
基础化工-化学制品-其他化学制品,603125.SH,17,603125
商贸零售-互联网电商-互联网电商Ⅲ,301558.SZ,33,301558
家用电器-小家电-小家电Ⅲ,300247.SZ,33,300247
计算机-IT服务-IT服务Ⅲ,920564.BJ,151,920564
房地产-房地产-住宅开发,600606.SH,17,600606
传媒-文化传媒-广告营销,300805.SZ,33,300805
机械设备-专用设备-能源及重型设备,002730.SZ,33,002730
计算机-IT服务-IT服务Ⅲ,600850.SH,17,600850
环保-环境治理-固废治理,000546.SZ,33,000546
计算机-IT服务-IT服务Ⅲ,920806.BJ,151,920806
国防军工-军工装备-航空装备,688685.SH,17,688685
家用电器-黑色家电-其他黑色家电,688696.SH,17,688696
计算机-IT服务-IT服务Ⅲ,002232.SZ,33,002232
电子-光学光电子-面板,000020.SZ,33,000020
机械设备-通用设备-其他通用设备,300091.SZ,33,300091
电力设备-电网设备-线缆部件及其他,920018.BJ,151,920018
非银金融-多元金融-多元金融Ⅲ,000567.SZ,33,000567
纺织服饰-服装家纺-服装,002154.SZ,33,002154
机械设备-专用设备-楼宇设备,002960.SZ,33,002960
纺织服饰-服装家纺-服装,300840.SZ,33,300840
商贸零售-零售-百货零售,600838.SH,17,600838
有色金属-金属新材料-其他金属新材料,688190.SH,17,688190
建筑材料-建筑材料-水泥,000877.SZ,33,000877
医药生物-医疗器械-体外诊断,300482.SZ,33,300482
电力设备-电池-锂电池,300530.SZ,33,300530
电力设备-其他电源设备-其他电源设备Ⅲ,002052.SZ,33,002052
交通运输-机场航运-航空运输,000099.SZ,33,000099
轻工制造-家居用品-文娱用品,301287.SZ,33,301287
基础化工-化学原料-钛白粉,002145.SZ,33,002145
家用电器-白色家电-家电零部件,300279.SZ,33,300279
医药生物-中药-中药Ⅲ,002317.SZ,33,002317
机械设备-工程机械-工程机械Ⅲ,920942.BJ,151,920942
电力设备-光伏设备-光伏辅材,600876.SH,17,600876
汽车-汽车服务及其他-其他运输设备,689009.SH,17,689009
计算机-软件开发-垂直应用软件,301195.SZ,33,301195
医药生物-医疗器械-医疗耗材,603880.SH,17,603880
食品饮料-食品加工制造-肉制品,002330.SZ,33,002330
机械设备-通用设备-仪器仪表,920407.BJ,151,920407
食品饮料-食品加工制造-预加工食品,605338.SH,17,605338
医药生物-医疗器械-医疗设备,300869.SZ,33,300869
计算机-IT服务-IT服务Ⅲ,000158.SZ,33,000158
机械设备-专用设备-能源及重型设备,920158.BJ,151,920158
电子-半导体-数字芯片设计,688486.SH,17,688486
电力设备-光伏设备-光伏辅材,603628.SH,17,603628
基础化工-化学制品-其他化学制品,688199.SH,17,688199
房地产-房地产-住宅开发,600325.SH,17,600325
电力设备-电池-锂电池,920237.BJ,151,920237
医药生物-中药-中药Ⅲ,600436.SH,17,600436
机械设备-专用设备-能源及重型设备,300092.SZ,33,300092
医药生物-医疗器械-医疗设备,688607.SH,17,688607
机械设备-通用设备-其他通用设备,300126.SZ,33,300126
建筑装饰-建筑装饰-专业工程,600477.SH,17,600477
交通运输-物流-物流Ⅲ,000927.SZ,33,000927
计算机-软件开发-垂直应用软件,603927.SH,17,603927
医药生物-医药商业-医药流通,603108.SH,17,603108
基础化工-化学制品-其他化学制品,920519.BJ,151,920519
医药生物-生物制品-其他生物制品,300009.SZ,33,300009
通信-通信服务-通信工程及服务,002115.SZ,33,002115
非银金融-多元金融-多元金融Ⅲ,600830.SH,17,600830
医药生物-化学制药-原料药,300267.SZ,33,300267
基础化工-塑料制品-其他塑料制品,920028.BJ,151,920028
传媒-文化传媒-数字媒体,603888.SH,17,603888
传媒-文化传媒-电视广播,601929.SH,17,601929
食品饮料-食品加工制造-预加工食品,603345.SH,17,603345
电力设备-电网设备-输变电设备,600550.SH,17,600550
家用电器-白色家电-家电零部件,002860.SZ,33,002860
电力设备-电池-锂电池,301587.SZ,33,301587
农林牧渔-种植业与林业-其他种植业,600540.SH,17,600540
计算机-计算机设备-安防设备,300691.SZ,33,300691
机械设备-工程机械-工程机械Ⅲ,301079.SZ,33,301079
机械设备-自动化设备-机器人,002747.SZ,33,002747
有色金属-金属新材料-其他金属新材料,600255.SH,17,600255
传媒-影视院线-影视院线Ⅲ,601595.SH,17,601595
机械设备-通用设备-其他通用设备,920570.BJ,151,920570
房地产-房地产-产业地产,600463.SH,17,600463
公用事业-电力-火电,600642.SH,17,600642
家用电器-白色家电-家电零部件,001268.SZ,33,001268
基础化工-化学制品-纺织化学用品,300798.SZ,33,300798
建筑材料-建筑材料-其他建材,002043.SZ,33,002043
建筑装饰-建筑装饰-房屋建设,600170.SH,17,600170
计算机-软件开发-横向通用软件,300369.SZ,33,300369
农林牧渔-农产品加工-果蔬加工,600251.SH,17,600251
机械设备-轨交设备-轨交设备Ⅲ,300960.SZ,33,300960
机械设备-通用设备-金属制品,603028.SH,17,603028
计算机-软件开发-垂直应用软件,688579.SH,17,688579
基础化工-化学制品-民爆用品,003002.SZ,33,003002
汽车-汽车零部件-底盘与发动机系统,301397.SZ,33,301397
机械设备-轨交设备-轨交设备Ⅲ,301048.SZ,33,301048
轻工制造-家居用品-其他家居用品,603091.SH,17,603091
医药生物-生物制品-其他生物制品,002773.SZ,33,002773
医药生物-医疗器械-医疗耗材,300238.SZ,33,300238
国防军工-军工装备-地面兵装,600967.SH,17,600967
农林牧渔-养殖业-动物保健,688098.SH,17,688098
机械设备-专用设备-纺织服装设备,603095.SH,17,603095
国防军工-军工装备-航海装备,300589.SZ,33,300589
机械设备-专用设备-能源及重型设备,300095.SZ,33,300095
环保-环保设备-环保设备Ⅲ,300631.SZ,33,300631
国防军工-军工装备-航空装备,002985.SZ,33,002985
纺织服饰-服装家纺-服装,603196.SH,17,603196
医药生物-医疗器械-医疗耗材,688613.SH,17,688613
基础化工-化学制品-食品及饲料添加剂,605016.SH,17,605016
环保-环境治理-水务及水治理,300422.SZ,33,300422
基础化工-塑料制品-改性塑料,688219.SH,17,688219
房地产-房地产-房地产服务,002968.SZ,33,002968
医药生物-医疗服务-其他医疗服务,300244.SZ,33,300244
电力设备-电池-锂电池,600152.SH,17,600152
计算机-IT服务-IT服务Ⅲ,300609.SZ,33,300609
机械设备-专用设备-能源及重型设备,002204.SZ,33,002204
电力设备-电网设备-电气自控设备,300407.SZ,33,300407
轻工制造-包装印刷-包装,000812.SZ,33,000812
基础化工-塑料制品-其他塑料制品,300230.SZ,33,300230
传媒-游戏-游戏Ⅲ,300494.SZ,33,300494
医药生物-医疗服务-医院,300015.SZ,33,300015
电力设备-其他电源设备-其他电源设备Ⅲ,300713.SZ,33,300713
医药生物-医疗器械-医疗耗材,688029.SH,17,688029
国防军工-军工装备-航空装备,300699.SZ,33,300699
基础化工-化学制品-民爆用品,002783.SZ,33,002783
计算机-软件开发-垂直应用软件,003007.SZ,33,003007
医药生物-医疗器械-医疗耗材,002382.SZ,33,002382
计算机-IT服务-IT服务Ⅲ,000409.SZ,33,000409
医药生物-医疗器械-医疗设备,300358.SZ,33,300358
医药生物-中药-中药Ⅲ,300147.SZ,33,300147
电力设备-电网设备-线缆部件及其他,600577.SH,17,600577
社会服务-旅游及酒店-自然景点,600576.SH,17,600576
轻工制造-造纸-造纸Ⅲ,002521.SZ,33,002521
交通运输-机场航运-航空运输,601021.SH,17,601021
机械设备-专用设备-其他专用设备,300151.SZ,33,300151
国防军工-军工电子-军工电子Ⅲ,301302.SZ,33,301302
基础化工-塑料制品-合成树脂,688716.SH,17,688716
机械设备-专用设备-其他专用设备,688022.SH,22,688022
钢铁-钢铁-普钢,603878.SH,17,603878
医药生物-医疗器械-医疗设备,301363.SZ,33,301363
社会服务-旅游及酒店-酒店,000428.SZ,33,000428
石油石化-油气开采及服务-油服工程,600339.SH,17,600339
公用事业-电力-火电,000027.SZ,33,000027
商贸零售-零售-商业物业经营,600113.SH,17,600113
食品饮料-食品加工制造-其他食品,920273.BJ,151,920273
计算机-软件开发-垂直应用软件,300075.SZ,33,300075
汽车-汽车零部件-底盘与发动机系统,002715.SZ,33,002715
环保-环境治理-固废治理,300779.SZ,33,300779
基础化工-农化制品-农药,002734.SZ,33,002734
有色金属-金属新材料-其他金属新材料,301522.SZ,33,301522
医药生物-医疗器械-医疗耗材,603222.SH,17,603222
基础化工-化学制品-涂料油墨,920206.BJ,151,920206
电子-光学光电子-LED,600261.SH,17,600261
房地产-房地产-住宅开发,000926.SZ,33,000926
医药生物-医疗服务-其他医疗服务,603882.SH,17,603882
电子-光学光电子-LED,300625.SZ,33,300625
公用事业-电力-新能源发电,600032.SH,17,600032
计算机-IT服务-IT服务Ⅲ,002065.SZ,33,002065
机械设备-工程机械-工程机械Ⅲ,301446.SZ,33,301446
轻工制造-包装印刷-包装,002228.SZ,33,002228
计算机-IT服务-IT服务Ⅲ,600845.SH,17,600845
建筑装饰-建筑装饰-工程咨询服务,300500.SZ,33,300500
机械设备-专用设备-能源及重型设备,603012.SH,17,603012
轻工制造-家居用品-其他家居用品,301113.SZ,33,301113
煤炭-煤炭开采加工-煤炭开采,601101.SH,17,601101
家用电器-白色家电-家电零部件,002290.SZ,33,002290
计算机-计算机设备-安防设备,300155.SZ,33,300155
计算机-计算机设备-其他计算机设备,688288.SH,17,688288
基础化工-化学制品-其他化学制品,920832.BJ,151,920832
公用事业-电力-火电,000899.SZ,33,000899
电力设备-电池-电池化学品,301292.SZ,33,301292
石油石化-油气开采及服务-油气开采,600938.SH,17,600938
社会服务-其他社会服务-专业服务,002967.SZ,33,002967
机械设备-通用设备-金属制品,301151.SZ,33,301151
计算机-软件开发-垂直应用软件,688590.SH,17,688590
基础化工-农化制品-复合肥,002758.SZ,33,002758
轻工制造-家居用品-成品家居,920765.BJ,151,920765
公用事业-电力-新能源发电,920770.BJ,151,920770
电子-消费电子-消费电子零部件及组装,688661.SH,17,688661
国防军工-军工装备-航空装备,300424.SZ,33,300424
机械设备-通用设备-金属制品,002347.SZ,33,002347
计算机-软件开发-垂直应用软件,688631.SH,17,688631
基础化工-化学原料-煤化工,600989.SH,17,600989
汽车-汽车零部件-汽车电子电气系统,002813.SZ,33,002813
基础化工-农化制品-钾肥,000792.SZ,33,000792
机械设备-工程机械-工程机械Ⅲ,605305.SH,17,605305
汽车-汽车零部件-汽车电子电气系统,301631.SZ,33,301631
计算机-IT服务-IT服务Ⅲ,002474.SZ,33,002474
环保-环境治理-综合环境治理,000826.SZ,33,000826
机械设备-通用设备-制冷空调设备,301252.SZ,33,301252
美容护理-美容护理-化妆品,002243.SZ,33,002243
计算机-IT服务-IT服务Ⅲ,300523.SZ,33,300523
非银金融-证券-证券Ⅲ,601990.SH,17,601990
电力设备-电网设备-电气自控设备,600268.SH,17,600268
食品饮料-白酒-白酒Ⅲ,000568.SZ,33,000568
计算机-软件开发-垂直应用软件,688232.SH,17,688232
电力设备-电网设备-线缆部件及其他,002692.SZ,33,002692
非银金融-证券-证券Ⅲ,002673.SZ,33,002673
非银金融-多元金融-多元金融Ⅲ,600517.SH,17,600517
食品饮料-白酒-白酒Ⅲ,600559.SH,17,600559
商贸零售-贸易-贸易Ⅲ,600058.SH,17,600058
电力设备-电网设备-输变电设备,300062.SZ,33,300062
计算机-计算机设备-其他计算机设备,301391.SZ,33,301391
机械设备-自动化设备-工控设备,300484.SZ,33,300484
机械设备-轨交设备-轨交设备Ⅲ,300906.SZ,33,300906
电力设备-电网设备-输变电设备,603191.SH,17,603191
机械设备-专用设备-印刷包装机械,001256.SZ,33,001256
建筑材料-建筑材料-其他建材,300374.SZ,33,300374
机械设备-专用设备-其他专用设备,300293.SZ,33,300293
建筑装饰-建筑装饰-工程咨询服务,301091.SZ,33,301091
电力设备-电池-电池化学品,300890.SZ,33,300890
机械设备-专用设备-能源及重型设备,688420.SH,17,688420
社会服务-旅游及酒店-自然景点,600749.SH,17,600749
机械设备-专用设备-其他专用设备,920014.BJ,151,920014
轻工制造-家居用品-瓷砖地板,002918.SZ,33,002918
电力设备-风电设备-风电零部件,603218.SH,17,603218
汽车-汽车零部件-底盘与发动机系统,605133.SH,17,605133
轻工制造-家居用品-文娱用品,002862.SZ,33,002862
机械设备-通用设备-仪器仪表,300007.SZ,33,300007
汽车-汽车零部件-车身附件及饰件,002662.SZ,33,002662
电子-光学光电子-LED,603679.SH,17,603679
机械设备-通用设备-仪器仪表,301006.SZ,33,301006
基础化工-化学纤维-涤纶,601233.SH,17,601233
综合-综合-综合Ⅲ,002420.SZ,33,002420
公用事业-电力-火电,000600.SZ,33,000600
环保-环境治理-综合环境治理,300266.SZ,33,300266
家用电器-厨卫电器-厨卫电器Ⅲ,605336.SH,22,605336
商贸零售-互联网电商-互联网电商Ⅲ,300792.SZ,33,300792
机械设备-自动化设备-工控设备,603015.SH,17,603015
电力设备-光伏设备-光伏辅材,688560.SH,17,688560
汽车-汽车零部件-车身附件及饰件,002537.SZ,33,002537
机械设备-通用设备-仪器仪表,603662.SH,17,603662
计算机-IT服务-IT服务Ⅲ,605398.SH,17,605398
汽车-汽车零部件-底盘与发动机系统,600218.SH,17,600218
非银金融-证券-证券Ⅲ,600918.SH,17,600918
传媒-文化传媒-电视广播,000156.SZ,33,000156
国防军工-军工装备-航空装备,002111.SZ,33,002111
机械设备-通用设备-其他通用设备,688648.SH,17,688648
汽车-汽车零部件-轮胎轮毂,600469.SH,17,600469
传媒-文化传媒-电视广播,600037.SH,17,600037
机械设备-专用设备-其他专用设备,920091.BJ,151,920091
国防军工-军工电子-军工电子Ⅲ,002179.SZ,33,002179
电子-光学光电子-光学元件,600071.SH,17,600071
电子-其他电子-其他电子Ⅲ,301359.SZ,33,301359
轻工制造-包装印刷-包装,600076.SH,17,600076
轻工制造-家居用品-其他家居用品,603195.SH,17,603195
电子-半导体-模拟芯片设计,688153.SH,17,688153
医药生物-化学制药-化学制剂,300558.SZ,33,300558
医药生物-化学制药-化学制剂,301075.SZ,33,301075
轻工制造-家居用品-瓷砖地板,001386.SZ,33,001386
轻工制造-家居用品-其他家居用品,603992.SH,17,603992
基础化工-橡胶制品-炭黑,002442.SZ,33,002442
家用电器-黑色家电-彩电,600060.SH,17,600060
建筑材料-建筑材料-其他建材,300234.SZ,33,300234
有色金属-能源金属-钴,300618.SZ,33,300618
计算机-软件开发-垂直应用软件,002987.SZ,33,002987
医药生物-生物制品-其他生物制品,688177.SH,17,688177
机械设备-通用设备-金属制品,920223.BJ,151,920223
基础化工-化学纤维-涤纶,000936.SZ,33,000936
建筑装饰-建筑装饰-基础建设,601868.SH,17,601868
通信-通信设备-通信网络设备及器件,300570.SZ,33,300570
汽车-汽车零部件-轮胎轮毂,001233.SZ,33,001233
医药生物-医疗器械-医疗耗材,301097.SZ,33,301097
计算机-IT服务-IT服务Ⅲ,002642.SZ,33,002642
石油石化-油气开采及服务-油服工程,603727.SH,17,603727
电力设备-电池-电池化学品,603659.SH,17,603659
非银金融-多元金融-多元金融Ⅲ,600120.SH,17,600120
计算机-软件开发-垂直应用软件,688038.SH,17,688038
基础化工-化学制品-其他化学制品,300109.SZ,33,300109
传媒-文化传媒-广告营销,600986.SH,17,600986
汽车-汽车零部件-底盘与发动机系统,300585.SZ,33,300585
医药生物-生物制品-其他生物制品,688488.SH,17,688488
计算机-IT服务-IT服务Ⅲ,002368.SZ,33,002368
计算机-计算机设备-其他计算机设备,300847.SZ,33,300847
医药生物-医疗服务-医疗研发外包,688621.SH,17,688621
房地产-房地产-住宅开发,000718.SZ,33,000718
医药生物-化学制药-原料药,920656.BJ,151,920656
基础化工-农化制品-复合肥,002539.SZ,33,002539
家用电器-白色家电-家电零部件,603112.SH,17,603112
电子-消费电子-消费电子零部件及组装,301567.SZ,33,301567
机械设备-通用设备-仪器仪表,920509.BJ,151,920509
有色金属-工业金属-铜,002171.SZ,33,002171
机械设备-通用设备-仪器仪表,920685.BJ,151,920685
商贸零售-零售-百货零售,002419.SZ,33,002419
电子-半导体-模拟芯片设计,688458.SH,17,688458
医药生物-医疗器械-医疗设备,688677.SH,17,688677
有色金属-工业金属-铝,300057.SZ,33,300057
电力设备-风电设备-风电零部件,601218.SH,17,601218
机械设备-专用设备-农用机械,600615.SH,17,600615
汽车-汽车整车-商用载客车,600686.SH,17,600686
轻工制造-家居用品-成品家居,920132.BJ,151,920132
银行-银行-国有大型银行,601288.SH,17,601288
国防军工-军工装备-航空装备,301586.SZ,33,301586
电力设备-电网设备-电气自控设备,300514.SZ,33,300514
电子-光学光电子-LED,002449.SZ,33,002449
公用事业-电力-电能综合服务,000875.SZ,33,000875
汽车-汽车零部件-其他汽车零部件,300912.SZ,33,300912
计算机-软件开发-横向通用软件,600588.SH,17,600588
煤炭-煤炭开采加工-煤炭开采,600188.SH,17,600188
汽车-汽车零部件-底盘与发动机系统,603158.SH,17,603158
电子-其他电子-其他电子Ⅲ,600353.SH,17,600353
食品饮料-白酒-白酒Ⅲ,000860.SZ,33,000860
钢铁-钢铁-普钢,600569.SH,17,600569
非银金融-多元金融-多元金融Ⅲ,000617.SZ,33,000617
电力设备-电网设备-输变电设备,301668.SZ,33,301668
汽车-汽车整车-商用载客车,600303.SH,17,600303
汽车-汽车零部件-车身附件及饰件,001278.SZ,33,001278
轻工制造-包装印刷-包装,920121.BJ,151,920121
医药生物-医疗器械-医疗耗材,688576.SH,17,688576
汽车-汽车服务及其他-其他运输设备,003033.SZ,33,003033
基础化工-化学制品-其他化学制品,300169.SZ,33,300169
建筑材料-建筑材料-其他建材,000055.SZ,33,000055
非银金融-证券-证券Ⅲ,002797.SZ,33,002797
电力设备-电池-锂电池,300438.SZ,33,300438
电力设备-电池-锂电池,600478.SH,17,600478
计算机-软件开发-垂直应用软件,300226.SZ,33,300226
基础化工-化学制品-食品及饲料添加剂,600299.SH,17,600299
计算机-IT服务-IT服务Ⅲ,600536.SH,17,600536
机械设备-通用设备-金属制品,001379.SZ,33,001379
电力设备-电网设备-线缆部件及其他,605196.SH,17,605196
电子-消费电子-消费电子零部件及组装,301182.SZ,33,301182
医药生物-医疗器械-医疗设备,688277.SH,17,688277
医药生物-医疗器械-体外诊断,688317.SH,17,688317
机械设备-自动化设备-工控设备,688320.SH,17,688320
交通运输-港口航运-航运,600026.SH,17,600026
环保-环境治理-水务及水治理,300437.SZ,33,300437
计算机-IT服务-IT服务Ⅲ,300746.SZ,33,300746
非银金融-保险-保险Ⅲ,601601.SH,17,601601
公用事业-电力-新能源发电,000537.SZ,33,000537
电子-半导体-数字芯片设计,300077.SZ,33,300077
基础化工-化学制品-其他化学制品,002802.SZ,33,002802
计算机-计算机设备-安防设备,920036.BJ,151,920036
机械设备-自动化设备-工控设备,002527.SZ,33,002527
社会服务-其他社会服务-专业服务,601588.SH,17,601588
国防军工-军工装备-航海装备,601890.SH,17,601890
计算机-计算机设备-其他计算机设备,000997.SZ,33,000997
环保-环境治理-综合环境治理,300190.SZ,33,300190
基础化工-化学制品-纺织化学用品,603980.SH,17,603980
计算机-软件开发-垂直应用软件,300271.SZ,33,300271
计算机-软件开发-横向通用软件,688095.SH,17,688095
机械设备-通用设备-仪器仪表,603700.SH,17,603700
国防军工-军工装备-航空装备,600760.SH,17,600760
钢铁-钢铁-普钢,600231.SH,17,600231
房地产-房地产-住宅开发,000402.SZ,33,000402
通信-通信服务-通信应用增值服务,002289.SZ,33,002289
医药生物-医疗器械-体外诊断,688426.SH,17,688426
机械设备-专用设备-印刷包装机械,920553.BJ,151,920553
交通运输-港口航运-航运,001205.SZ,33,001205
国防军工-军工装备-航空装备,600862.SH,17,600862
电子-半导体-数字芯片设计,688595.SH,17,688595
综合-综合-综合Ⅲ,600620.SH,17,600620
计算机-IT服务-IT服务Ⅲ,603918.SH,17,603918
传媒-文化传媒-出版,300654.SZ,33,300654
食品饮料-食品加工制造-预加工食品,002216.SZ,33,002216
石油石化-油气开采及服务-油服工程,300164.SZ,33,300164
医药生物-医疗器械-医疗耗材,688198.SH,17,688198
公用事业-燃气-燃气Ⅲ,600803.SH,17,600803
电力设备-光伏设备-光伏加工设备,603396.SH,17,603396
非银金融-保险-保险Ⅲ,601318.SH,17,601318
汽车-汽车整车-乘用车,600733.SH,17,600733
公用事业-电力-新能源发电,000958.SZ,33,000958
基础化工-化学制品-其他化学制品,603683.SH,17,603683
计算机-计算机设备-安防设备,002415.SZ,33,002415
建筑装饰-建筑装饰-专业工程,002743.SZ,33,002743
国防军工-军工电子-军工电子Ⅲ,688053.SH,22,688053
机械设备-专用设备-能源及重型设备,920703.BJ,151,920703
银行-银行-国有大型银行,601988.SH,17,601988
建筑装饰-建筑装饰-工程咨询服务,920873.BJ,151,920873
计算机-IT服务-IT服务Ⅲ,003005.SZ,33,003005
机械设备-通用设备-金属制品,603339.SH,17,603339
医药生物-中药-中药Ⅲ,603567.SH,17,603567
机械设备-通用设备-仪器仪表,300349.SZ,33,300349
电力设备-电网设备-电气自控设备,301609.SZ,33,301609
医药生物-中药-中药Ⅲ,300181.SZ,33,300181
医药生物-生物制品-其他生物制品,688428.SH,17,688428
房地产-房地产-商业地产,601155.SH,17,601155
基础化工-化学制品-涂料油墨,301683.SZ,33,301683
电力设备-电网设备-输变电设备,002358.SZ,33,002358
基础化工-非金属材料-非金属材料Ⅲ,000833.SZ,33,000833
汽车-汽车整车-乘用车,601127.SH,17,601127
食品饮料-食品加工制造-调味发酵品,603027.SH,17,603027
电力设备-电网设备-电气自控设备,002857.SZ,33,002857
机械设备-自动化设备-工控设备,002334.SZ,33,002334
机械设备-专用设备-其他专用设备,603076.SH,17,603076
基础化工-化学制品-其他化学制品,002591.SZ,33,002591
计算机-计算机设备-其他计算机设备,002152.SZ,33,002152
医药生物-医疗器械-医疗耗材,688314.SH,17,688314
有色金属-工业金属-铜,000630.SZ,33,000630
基础化工-塑料制品-合成树脂,002361.SZ,33,002361
医药生物-医疗器械-医疗设备,920925.BJ,151,920925
轻工制造-包装印刷-包装,000659.SZ,33,000659
电力设备-电池-电池化学品,002058.SZ,33,002058
汽车-汽车零部件-汽车电子电气系统,603633.SH,17,603633
环保-环境治理-固废治理,603126.SH,17,603126
医药生物-化学制药-化学制剂,688505.SH,17,688505
基础化工-化学制品-涂料油墨,301037.SZ,33,301037
机械设备-自动化设备-机器人,301199.SZ,33,301199
汽车-汽车服务及其他-汽车服务,600653.SH,17,600653
电子-消费电子-消费电子零部件及组装,002369.SZ,33,002369
电子-光学光电子-LED,300752.SZ,33,300752
轻工制造-包装印刷-包装,002799.SZ,33,002799
机械设备-通用设备-仪器仪表,688528.SH,17,688528
农林牧渔-养殖业-生猪养殖,002124.SZ,33,002124
房地产-房地产-住宅开发,000090.SZ,33,000090
传媒-影视院线-影视院线Ⅲ,600977.SH,17,600977
环保-环境治理-大气治理,603177.SH,17,603177
基础化工-化学制品-其他化学制品,300801.SZ,33,300801
电子-半导体-数字芯片设计,688279.SH,17,688279
综合-综合-综合Ⅲ,600673.SH,17,600673
汽车-汽车零部件-其他汽车零部件,603358.SH,17,603358
农林牧渔-农产品加工-其他农产品加工,600191.SH,17,600191
医药生物-生物制品-疫苗,688185.SH,17,688185
电子-元件-印制电路板,603386.SH,17,603386
医药生物-医疗器械-医疗设备,300030.SZ,33,300030
有色金属-工业金属-铝,002379.SZ,33,002379
计算机-计算机设备-其他计算机设备,300552.SZ,33,300552
交通运输-公路铁路运输-高速公路,600106.SH,17,600106
电力设备-光伏设备-光伏辅材,300080.SZ,33,300080
电子-光学光电子-面板,002952.SZ,33,002952
医药生物-医疗器械-医疗设备,300430.SZ,33,300430
商贸零售-零售-百货零售,000679.SZ,33,000679
机械设备-通用设备-金属制品,300228.SZ,33,300228
社会服务-其他社会服务-专业服务,301449.SZ,33,301449
医药生物-化学制药-化学制剂,300573.SZ,33,300573
机械设备-自动化设备-激光设备,300220.SZ,33,300220
传媒-游戏-游戏Ⅲ,603258.SH,17,603258
纺织服饰-服装家纺-饰品,000017.SZ,33,000017
建筑装饰-建筑装饰-专业工程,601117.SH,17,601117
电力设备-电网设备-电气自控设备,002121.SZ,33,002121
医药生物-生物制品-其他生物制品,300485.SZ,33,300485
建筑装饰-建筑装饰-基础建设,002307.SZ,33,002307
社会服务-其他社会服务-专业服务,920160.BJ,151,920160
医药生物-医疗器械-医疗设备,300049.SZ,33,300049
医药生物-化学制药-化学制剂,002550.SZ,33,002550
电力设备-风电设备-风电零部件,002531.SZ,33,002531
有色金属-金属新材料-其他金属新材料,688456.SH,17,688456
商贸零售-互联网电商-互联网电商Ⅲ,301001.SZ,33,301001
有色金属-工业金属-铝,003038.SZ,33,003038
石油石化-石油加工贸易-石油加工,002493.SZ,33,002493
建筑装饰-建筑装饰-工程咨询服务,300983.SZ,33,300983
通信-通信服务-通信应用增值服务,603887.SH,17,603887
食品饮料-食品加工制造-预加工食品,920826.BJ,151,920826
电力设备-风电设备-风电零部件,300904.SZ,33,300904
社会服务-其他社会服务-专业服务,300215.SZ,33,300215
农林牧渔-农产品加工-畜禽饲料,002385.SZ,33,002385
电子-消费电子-消费电子零部件及组装,002660.SZ,33,002660
医药生物-生物制品-其他生物制品,688062.SH,17,688062
有色金属-工业金属-铝,600361.SH,17,600361
建筑装饰-建筑装饰-工程咨询服务,301505.SZ,33,301505
国防军工-军工装备-航空装备,600765.SH,17,600765
机械设备-通用设备-仪器仪表,300354.SZ,33,300354
电子-半导体-模拟芯片设计,688173.SH,17,688173
房地产-房地产-住宅开发,600383.SH,17,600383
钢铁-钢铁-普钢,000761.SZ,33,000761
电力设备-电池-电池化学品,688779.SH,17,688779
建筑装饰-建筑装饰-装饰园林,300621.SZ,33,300621
医药生物-中药-中药Ⅲ,920266.BJ,151,920266
食品饮料-白酒-白酒Ⅲ,000858.SZ,33,000858
纺织服饰-服装家纺-饰品,600439.SH,17,600439
非银金融-证券-证券Ⅲ,601881.SH,17,601881
医药生物-医疗器械-医疗设备,301515.SZ,33,301515
房地产-房地产-商业地产,000031.SZ,33,000031
商贸零售-互联网电商-互联网电商Ⅲ,603613.SH,17,603613
计算机-IT服务-IT服务Ⅲ,300212.SZ,33,300212
汽车-汽车零部件-底盘与发动机系统,000981.SZ,33,000981
商贸零售-贸易-贸易Ⅲ,000626.SZ,33,000626
电子-光学光电子-面板,000509.SZ,33,000509
公用事业-电力-新能源发电,601619.SH,17,601619
汽车-汽车服务及其他-汽车服务,920030.BJ,151,920030
机械设备-自动化设备-工控设备,603933.SH,17,603933
食品饮料-饮料制造-乳品,605300.SH,17,605300
计算机-计算机设备-其他计算机设备,300479.SZ,33,300479
电子-半导体-集成电路制造,688249.SH,17,688249
基础化工-化学纤维-其他纤维,001369.SZ,33,001369
机械设备-通用设备-机床工具,300083.SZ,33,300083
食品饮料-饮料制造-软饮料,605388.SH,17,605388
医药生物-生物制品-其他生物制品,603087.SH,17,603087
电力设备-电网设备-输变电设备,002270.SZ,33,002270
商贸零售-互联网电商-互联网电商Ⅲ,300464.SZ,33,300464
传媒-影视院线-影视院线Ⅲ,001330.SZ,33,001330
机械设备-通用设备-金属制品,300488.SZ,33,300488
医药生物-生物制品-其他生物制品,301166.SZ,33,301166
房地产-房地产-房地产服务,000560.SZ,33,000560
基础化工-塑料制品-合成树脂,601026.SH,17,601026
基础化工-化学制品-纺织化学用品,301618.SZ,33,301618
电力设备-电网设备-电气自控设备,000400.SZ,33,000400
房地产-房地产-住宅开发,000573.SZ,33,000573
非银金融-证券-证券Ⅲ,601099.SH,17,601099
公用事业-电力-火电,002608.SZ,33,002608
基础化工-橡胶制品-其他橡胶制品,920188.BJ,151,920188
传媒-游戏-游戏Ⅲ,002558.SZ,33,002558
通信-通信设备-其他通信设备,301202.SZ,33,301202
有色金属-工业金属-铝,601702.SH,17,601702
医药生物-化学制药-化学制剂,688176.SH,17,688176
医药生物-化学制药-化学制剂,688566.SH,17,688566
商贸零售-零售-百货零售,600712.SH,17,600712
机械设备-专用设备-能源及重型设备,600320.SH,17,600320
房地产-房地产-住宅开发,600716.SH,17,600716
传媒-文化传媒-数字媒体,002095.SZ,33,002095
食品饮料-饮料制造-其他酒类,002568.SZ,33,002568
农林牧渔-种植业与林业-种子生产,920087.BJ,151,920087
汽车-汽车零部件-底盘与发动机系统,301667.SZ,33,301667
基础化工-化学纤维-其他纤维,605166.SH,17,605166
基础化工-塑料制品-其他塑料制品,301591.SZ,33,301591
基础化工-化学制品-有机硅,605399.SH,17,605399
医药生物-生物制品-其他生物制品,688443.SH,17,688443
交通运输-机场航运-航空运输,601111.SH,17,601111
美容护理-美容护理-个护用品,301059.SZ,33,301059
钢铁-钢铁-特钢,002478.SZ,33,002478
计算机-IT服务-IT服务Ⅲ,002649.SZ,33,002649
计算机-计算机设备-其他计算机设备,301339.SZ,33,301339
食品饮料-饮料制造-其他酒类,601579.SH,17,601579
房地产-房地产-住宅开发,002314.SZ,33,002314
非银金融-证券-证券Ⅲ,601555.SH,17,601555
传媒-文化传媒-电视广播,600637.SH,17,600637
机械设备-通用设备-其他通用设备,300992.SZ,33,300992
电子-电子化学品-电子化学品Ⅲ,688549.SH,17,688549
非银金融-多元金融-多元金融Ⅲ,600390.SH,17,600390
公用事业-电力-火电,000690.SZ,33,000690
煤炭-煤炭开采加工-煤炭开采,601011.SH,17,601011
电子-半导体-模拟芯片设计,603375.SH,17,603375
计算机-IT服务-IT服务Ⅲ,920953.BJ,151,920953
计算机-软件开发-横向通用软件,601360.SH,17,601360
环保-环保设备-环保设备Ⅲ,301030.SZ,33,301030
石油石化-石油加工贸易-石油加工,002221.SZ,33,002221
电力设备-风电设备-风电整机,300772.SZ,33,300772
汽车-汽车零部件-其他汽车零部件,603211.SH,17,603211
机械设备-专用设备-其他专用设备,920080.BJ,151,920080
轻工制造-家居用品-瓷砖地板,603226.SH,17,603226
商贸零售-零售-商业物业经营,000882.SZ,33,000882
基础化工-化学制品-涂料油墨,300758.SZ,33,300758
轻工制造-包装印刷-包装,002846.SZ,33,002846
房地产-房地产-住宅开发,600048.SH,17,600048
机械设备-专用设备-其他专用设备,920112.BJ,151,920112
通信-通信服务-通信应用增值服务,002148.SZ,33,002148
电力设备-电网设备-电气自控设备,688611.SH,17,688611
机械设备-专用设备-其他专用设备,300471.SZ,33,300471
通信-通信设备-通信网络设备及器件,002583.SZ,33,002583
电力设备-电池-电池化学品,002340.SZ,33,002340
机械设备-自动化设备-激光设备,688646.SH,22,688646
基础化工-化学制品-其他化学制品,300405.SZ,33,300405
医药生物-化学制药-化学制剂,920017.BJ,151,920017
机械设备-通用设备-金属制品,301137.SZ,33,301137
基础化工-化学制品-涂料油墨,603062.SH,17,603062
商贸零售-零售-专业连锁,300622.SZ,33,300622
医药生物-医疗器械-体外诊断,688289.SH,17,688289
非银金融-证券-证券Ⅲ,600061.SH,17,600061
机械设备-通用设备-其他通用设备,920689.BJ,151,920689
机械设备-通用设备-仪器仪表,300466.SZ,33,300466
基础化工-塑料制品-合成树脂,603879.SH,17,603879
电力设备-电机-电机Ⅲ,600416.SH,17,600416
电力设备-电网设备-输变电设备,601567.SH,17,601567
通信-通信服务-通信工程及服务,300050.SZ,33,300050
基础化工-化学制品-其他化学制品,002810.SZ,33,002810
通信-通信服务-通信应用增值服务,000839.SZ,33,000839
计算机-软件开发-横向通用软件,603039.SH,17,603039
机械设备-自动化设备-工控设备,300278.SZ,33,300278
电子-电子化学品-电子化学品Ⅲ,300429.SZ,33,300429
食品饮料-白酒-白酒Ⅲ,600809.SH,17,600809
非银金融-证券-证券Ⅲ,000166.SZ,33,000166
机械设备-专用设备-其他专用设备,300411.SZ,33,300411
电力设备-电机-电机Ⅲ,003021.SZ,33,003021
农林牧渔-农产品加工-宠物食品,920419.BJ,151,920419
计算机-IT服务-IT服务Ⅲ,301556.SZ,33,301556
房地产-房地产-住宅开发,600533.SH,17,600533
机械设备-通用设备-仪器仪表,300306.SZ,33,300306
电力设备-电池-锂电池,688567.SH,17,688567
通信-通信服务-通信应用增值服务,300081.SZ,33,300081
轻工制造-家居用品-其他家居用品,920445.BJ,151,920445
计算机-计算机设备-其他计算机设备,300845.SZ,33,300845
轻工制造-包装印刷-包装,301355.SZ,33,301355
非银金融-证券-证券Ⅲ,601059.SH,17,601059
交通运输-公路铁路运输-公交,600611.SH,17,600611
计算机-计算机设备-其他计算机设备,301589.SZ,33,301589
计算机-软件开发-垂直应用软件,600880.SH,17,600880
电力设备-风电设备-风电零部件,300443.SZ,33,300443
计算机-计算机设备-安防设备,920976.BJ,151,920976
计算机-软件开发-垂直应用软件,002178.SZ,33,002178
环保-环保设备-环保设备Ⅲ,688335.SH,17,688335
基础化工-化学制品-食品及饲料添加剂,603020.SH,17,603020
基础化工-塑料制品-改性塑料,301003.SZ,33,301003
非银金融-多元金融-多元金融Ⅲ,600318.SH,17,600318
商贸零售-零售-百货零售,601116.SH,17,601116
公用事业-电力-热力,600167.SH,17,600167
电子-其他电子-其他电子Ⅲ,301031.SZ,33,301031
电力设备-电网设备-电气自控设备,920375.BJ,151,920375
计算机-软件开发-横向通用软件,688435.SH,17,688435
计算机-软件开发-垂直应用软件,600571.SH,17,600571
医药生物-化学制药-原料药,920946.BJ,151,920946
电力设备-电池-电池化学品,300340.SZ,33,300340
电子-半导体-集成电路封测,920139.BJ,151,920139
电子-半导体-模拟芯片设计,688209.SH,17,688209
商贸零售-零售-商业物业经营,000058.SZ,33,000058
房地产-房地产-住宅开发,000036.SZ,33,000036
计算机-计算机设备-其他计算机设备,002912.SZ,33,002912
计算机-软件开发-垂直应用软件,300520.SZ,33,300520
计算机-计算机设备-安防设备,688475.SH,17,688475
商贸零售-贸易-贸易Ⅲ,000151.SZ,33,000151
电力设备-风电设备-风电整机,600072.SH,17,600072
公用事业-电力-水电,000722.SZ,33,000722
基础化工-化学制品-其他化学制品,603334.SH,17,603334
医药生物-生物制品-其他生物制品,688520.SH,17,688520
机械设备-专用设备-印刷包装机械,301138.SZ,33,301138
汽车-汽车零部件-底盘与发动机系统,603040.SH,17,603040
汽车-汽车零部件-车身附件及饰件,603418.SH,17,603418
轻工制造-造纸-造纸Ⅲ,600103.SH,17,600103
社会服务-教育-教育Ⅲ,300359.SZ,33,300359
家用电器-白色家电-家电零部件,300217.SZ,33,300217
纺织服饰-服装家纺-服装,002762.SZ,33,002762
国防军工-军工电子-军工电子Ⅲ,002446.SZ,33,002446
电子-消费电子-品牌消费电子,688007.SH,17,688007
机械设备-自动化设备-其他自动化设备,920260.BJ,151,920260
电力设备-电网设备-线缆部件及其他,300933.SZ,33,300933
医药生物-生物制品-疫苗,300122.SZ,33,300122
石油石化-油气开采及服务-油服工程,002554.SZ,33,002554
有色金属-小金属-其他小金属,600456.SH,17,600456
家用电器-黑色家电-彩电,002429.SZ,33,002429
建筑装饰-建筑装饰-工程咨询服务,300635.SZ,33,300635
食品饮料-白酒-白酒Ⅲ,000596.SZ,33,000596
房地产-房地产-住宅开发,000514.SZ,33,000514
电子-光学光电子-LED,301002.SZ,33,301002
计算机-IT服务-IT服务Ⅲ,002380.SZ,33,002380
非银金融-多元金融-多元金融Ⅲ,000532.SZ,33,000532
公用事业-电力-新能源发电,000862.SZ,33,000862
非银金融-证券-证券Ⅲ,002736.SZ,33,002736
电力设备-电池-锂电池,920252.BJ,151,920252
公用事业-电力-火电,000531.SZ,33,000531
公用事业-电力-热力,600982.SH,17,600982
电力设备-电网设备-输变电设备,920062.BJ,151,920062
医药生物-化学制药-化学制剂,300255.SZ,33,300255
电力设备-电网设备-输变电设备,002441.SZ,33,002441
计算机-IT服务-IT服务Ⅲ,300079.SZ,33,300079
农林牧渔-农产品加工-宠物食品,301498.SZ,33,301498
机械设备-自动化设备-工控设备,920885.BJ,151,920885
电子-电子化学品-电子化学品Ⅲ,688035.SH,17,688035
电子-消费电子-消费电子零部件及组装,920701.BJ,151,920701
电子-光学光电子-面板,002845.SZ,33,002845
计算机-IT服务-IT服务Ⅲ,300440.SZ,33,300440
机械设备-通用设备-仪器仪表,688628.SH,17,688628
有色金属-小金属-其他小金属,001280.SZ,33,001280
医药生物-医疗服务-医院,002524.SZ,33,002524
社会服务-其他社会服务-专业服务,300887.SZ,33,300887
医药生物-生物制品-其他生物制品,000661.SZ,33,000661
汽车-汽车零部件-车身附件及饰件,301398.SZ,33,301398
电力设备-风电设备-风电零部件,603248.SH,17,603248
社会服务-旅游及酒店-自然景点,300859.SZ,33,300859
公用事业-电力-水电,000993.SZ,33,000993
电力设备-光伏设备-光伏电池组件,301278.SZ,33,301278
计算机-IT服务-IT服务Ⅲ,688365.SH,17,688365
国防军工-军工装备-航海装备,300600.SZ,33,300600
汽车-汽车零部件-底盘与发动机系统,603007.SH,17,603007
建筑材料-建筑材料-水泥,600801.SH,17,600801
家用电器-白色家电-冰洗,000521.SZ,33,000521
基础化工-非金属材料-非金属材料Ⅲ,603612.SH,17,603612
计算机-软件开发-横向通用软件,688058.SH,17,688058
计算机-IT服务-IT服务Ⅲ,300674.SZ,33,300674
基础化工-化学制品-纺织化学用品,603188.SH,17,603188
计算机-软件开发-横向通用软件,301315.SZ,33,301315
交通运输-物流-物流Ⅲ,002930.SZ,33,002930
电力设备-电网设备-线缆部件及其他,001208.SZ,33,001208
钢铁-钢铁-普钢,601005.SH,17,601005
计算机-IT服务-IT服务Ⅲ,300448.SZ,33,300448
电子-半导体-数字芯片设计,603316.SH,17,603316
交通运输-机场航运-航空运输,600029.SH,17,600029
农林牧渔-养殖业-动物保健,002868.SZ,33,002868
房地产-房地产-住宅开发,600657.SH,17,600657
家用电器-白色家电-家电零部件,000404.SZ,33,000404
非银金融-证券-证券Ⅲ,601136.SH,17,601136
基础化工-化学制品-食品及饲料添加剂,920422.BJ,151,920422
电力设备-风电设备-风电零部件,603507.SH,17,603507
环保-环境治理-水务及水治理,601199.SH,17,601199
国防军工-军工装备-航空装备,688563.SH,17,688563
非银金融-多元金融-多元金融Ⅲ,603123.SH,17,603123
电子-光学光电子-光学元件,688010.SH,17,688010
机械设备-通用设备-金属制品,002514.SZ,33,002514
计算机-IT服务-IT服务Ⅲ,002777.SZ,33,002777
汽车-汽车零部件-底盘与发动机系统,600960.SH,17,600960
非银金融-证券-证券Ⅲ,601236.SH,17,601236
国防军工-军工装备-航空装备,688237.SH,17,688237
汽车-汽车零部件-汽车电子电气系统,301656.SZ,33,301656
建筑装饰-建筑装饰-房屋建设,601789.SH,17,601789
房地产-房地产-住宅开发,600094.SH,17,600094
计算机-软件开发-垂直应用软件,300074.SZ,33,300074
机械设备-专用设备-其他专用设备,002006.SZ,33,002006
电力设备-电网设备-输变电设备,002112.SZ,33,002112
房地产-房地产-住宅开发,600266.SH,17,600266
机械设备-专用设备-印刷包装机械,301105.SZ,33,301105
医药生物-医疗器械-医疗耗材,688085.SH,17,688085
建筑材料-建筑材料-耐火材料,920580.BJ,151,920580
交通运输-机场航运-机场,600009.SH,17,600009
计算机-IT服务-IT服务Ⅲ,300150.SZ,33,300150
轻工制造-家居用品-成品家居,301336.SZ,33,301336
医药生物-中药-中药Ⅲ,000623.SZ,33,000623
传媒-影视院线-影视院线Ⅲ,300426.SZ,33,300426
基础化工-化学制品-有机硅,605366.SH,17,605366
钢铁-钢铁-特钢,002318.SZ,33,002318
国防军工-军工装备-航空装备,002389.SZ,33,002389
基础化工-塑料制品-改性塑料,002324.SZ,33,002324
通信-通信设备-通信网络设备及器件,002792.SZ,33,002792
建筑材料-建筑材料-其他建材,002271.SZ,33,002271
计算机-软件开发-垂直应用软件,688318.SH,17,688318
基础化工-化学制品-其他化学制品,688398.SH,17,688398
商贸零售-贸易-贸易Ⅲ,600981.SH,17,600981
机械设备-自动化设备-工控设备,603025.SH,17,603025
电力设备-电机-电机Ⅲ,000922.SZ,33,000922
非银金融-证券-证券Ⅲ,600155.SH,17,600155
建筑装饰-建筑装饰-工程咨询服务,003013.SZ,33,003013
通信-通信服务-通信工程及服务,920924.BJ,151,920924
建筑装饰-建筑装饰-装饰园林,002789.SZ,33,002789
机械设备-轨交设备-轨交设备Ⅲ,300011.SZ,33,300011
汽车-汽车整车-乘用车,601777.SH,17,601777
医药生物-生物制品-疫苗,300601.SZ,33,300601
国防军工-军工电子-军工电子Ⅲ,301213.SZ,33,301213
电子-电子化学品-电子化学品Ⅲ,300576.SZ,33,300576
医药生物-医疗器械-医疗设备,300760.SZ,33,300760
非银金融-证券-证券Ⅲ,002926.SZ,33,002926
电子-半导体-数字芯片设计,688591.SH,17,688591
计算机-计算机设备-安防设备,301330.SZ,33,301330
电子-光学光电子-LED,300389.SZ,33,300389
国防军工-军工装备-地面兵装,600435.SH,17,600435
计算机-IT服务-IT服务Ⅲ,301208.SZ,33,301208
国防军工-军工装备-航空装备,600893.SH,17,600893
计算机-软件开发-垂直应用软件,301378.SZ,33,301378
交通运输-机场航运-航空运输,600115.SH,17,600115
计算机-IT服务-IT服务Ⅲ,002373.SZ,33,002373
医药生物-生物制品-其他生物制品,920344.BJ,151,920344
计算机-IT服务-IT服务Ⅲ,300634.SZ,33,300634
机械设备-通用设备-其他通用设备,000880.SZ,33,000880
机械设备-专用设备-其他专用设备,300756.SZ,33,300756
轻工制造-家居用品-瓷砖地板,301356.SZ,33,301356
计算机-IT服务-IT服务Ⅲ,688088.SH,17,688088
商贸零售-零售-商业物业经营,300947.SZ,33,300947
计算机-软件开发-垂直应用软件,301185.SZ,33,301185
国防军工-军工装备-航空装备,000768.SZ,33,000768
有色金属-金属新材料-其他金属新材料,300963.SZ,33,300963
机械设备-工程机械-工程机械Ⅲ,001239.SZ,33,001239
电力设备-光伏设备-逆变器,688032.SH,17,688032
机械设备-通用设备-仪器仪表,002767.SZ,33,002767
医药生物-生物制品-其他生物制品,300357.SZ,33,300357
国防军工-军工装备-航海装备,300008.SZ,33,300008
环保-环境治理-综合环境治理,688480.SH,17,688480
电子-消费电子-消费电子零部件及组装,688210.SH,17,688210
汽车-汽车零部件-底盘与发动机系统,920220.BJ,151,920220
机械设备-专用设备-楼宇设备,300669.SZ,33,300669
家用电器-白色家电-家电零部件,301135.SZ,33,301135
电力设备-电网设备-输变电设备,301291.SZ,33,301291
计算机-软件开发-垂直应用软件,301153.SZ,33,301153
传媒-游戏-游戏Ⅲ,600633.SH,17,600633
电力设备-电池-电池化学品,301358.SZ,33,301358
传媒-文化传媒-出版,600825.SH,17,600825
计算机-软件开发-垂直应用软件,300525.SZ,33,300525
机械设备-通用设备-金属制品,301548.SZ,33,301548
计算机-软件开发-垂直应用软件,920932.BJ,151,920932
房地产-房地产-房地产服务,000011.SZ,33,000011
国防军工-军工装备-航空装备,600372.SH,17,600372
建筑材料-建筑材料-耐火材料,920076.BJ,151,920076
建筑材料-建筑材料-管材,603856.SH,17,603856
社会服务-其他社会服务-专业服务,600654.SH,17,600654
国防军工-军工电子-军工电子Ⅲ,002189.SZ,33,002189
国防军工-军工电子-军工电子Ⅲ,920008.BJ,151,920008
机械设备-通用设备-其他通用设备,603617.SH,17,603617
计算机-IT服务-IT服务Ⅲ,600797.SH,17,600797
计算机-软件开发-垂直应用软件,603528.SH,17,603528
环保-环境治理-固废治理,603568.SH,17,603568
商贸零售-零售-百货零售,000501.SZ,33,000501
基础化工-化学制品-氟化工,600160.SH,17,600160
电力设备-电网设备-电气自控设备,601126.SH,17,601126
纺织服饰-服装家纺-家纺,920262.BJ,151,920262
医药生物-化学制药-化学制剂,300723.SZ,33,300723
传媒-游戏-游戏Ⅲ,002624.SZ,33,002624
家用电器-小家电-小家电Ⅲ,920199.BJ,151,920199
公用事业-电力-新能源发电,600956.SH,17,600956
机械设备-通用设备-仪器仪表,002849.SZ,33,002849
煤炭-煤炭开采加工-煤炭开采,600403.SH,17,600403
通信-通信设备-通信终端及配件,002017.SZ,33,002017
非银金融-证券-证券Ⅲ,000712.SZ,33,000712
电子-其他电子-其他电子Ⅲ,301275.SZ,33,301275
电子-光学光电子-LED,002992.SZ,33,002992
机械设备-通用设备-仪器仪表,603100.SH,17,603100
计算机-软件开发-垂直应用软件,300253.SZ,33,300253
通信-通信服务-通信工程及服务,002093.SZ,33,002093
农林牧渔-种植业与林业-林业,601996.SH,17,601996
国防军工-军工装备-地面兵装,688543.SH,17,688543
电力设备-其他电源设备-其他电源设备Ⅲ,601727.SH,17,601727
电子-消费电子-消费电子零部件及组装,920357.BJ,151,920357
电子-光学光电子-面板,002876.SZ,33,002876
电力设备-电池-电池化学品,688707.SH,17,688707
汽车-汽车服务及其他-其他运输设备,300256.SZ,33,300256
传媒-文化传媒-出版,301052.SZ,33,301052
环保-环保设备-环保设备Ⅲ,920802.BJ,151,920802
基础化工-化学制品-纺织化学用品,605566.SH,17,605566
煤炭-煤炭开采加工-煤炭开采,600758.SH,17,600758
电子-消费电子-消费电子零部件及组装,600203.SH,17,600203
建筑装饰-建筑装饰-专业工程,601226.SH,17,601226
交通运输-港口航运-航运,601975.SH,17,601975
机械设备-工程机械-工程机械Ⅲ,920706.BJ,151,920706
国防军工-军工装备-航空装备,002625.SZ,33,002625
电力设备-电池-电池化学品,300035.SZ,33,300035
非银金融-证券-证券Ⅲ,601901.SH,17,601901
环保-环境治理-固废治理,000035.SZ,33,000035
公用事业-电力-火电,600157.SH,17,600157
国防军工-军工电子-军工电子Ⅲ,688132.SH,17,688132
医药生物-医疗器械-医疗设备,300341.SZ,33,300341
电子-光学光电子-光学元件,300701.SZ,33,300701
房地产-房地产-房地产服务,002285.SZ,33,002285
建筑装饰-建筑装饰-装饰园林,300949.SZ,33,300949
传媒-文化传媒-广告营销,000917.SZ,33,000917
计算机-IT服务-IT服务Ⅲ,600718.SH,17,600718
基础化工-农化制品-复合肥,002470.SZ,33,002470
机械设备-专用设备-其他专用设备,603800.SH,17,603800
食品饮料-食品加工制造-预加工食品,605089.SH,17,605089
食品饮料-白酒-白酒Ⅲ,600779.SH,17,600779
电子-消费电子-消费电子零部件及组装,300543.SZ,33,300543
电力设备-电网设备-线缆部件及其他,000720.SZ,33,000720
机械设备-通用设备-仪器仪表,300370.SZ,33,300370
机械设备-自动化设备-工控设备,001266.SZ,33,001266
机械设备-专用设备-其他专用设备,300382.SZ,33,300382
有色金属-工业金属-铝,603876.SH,17,603876
有色金属-小金属-其他小金属,688750.SH,17,688750
电力设备-其他电源设备-其他电源设备Ⅲ,002364.SZ,33,002364
公用事业-燃气-燃气Ⅲ,603318.SH,17,603318
电子-光学光电子-面板,688538.SH,17,688538
医药生物-生物制品-疫苗,600739.SH,17,600739
电子-半导体-模拟芯片设计,688270.SH,22,688270
通信-通信服务-通信工程及服务,300603.SZ,33,300603
基础化工-化学原料-钛白粉,002136.SZ,33,002136
建筑装饰-建筑装饰-工程咨询服务,920149.BJ,151,920149
公用事业-电力-新能源发电,000591.SZ,33,000591
电力设备-电机-电机Ⅲ,603350.SH,17,603350
非银金融-证券-证券Ⅲ,601878.SH,17,601878
基础化工-农化制品-磷肥及磷化工,000422.SZ,33,000422
有色金属-工业金属-铜,300697.SZ,33,300697
医药生物-医疗器械-医疗设备,688805.SH,17,688805
机械设备-专用设备-其他专用设备,300210.SZ,33,300210
综合-综合-综合Ⅲ,600089.SH,17,600089
基础化工-塑料制品-改性塑料,300478.SZ,33,300478
建筑装饰-建筑装饰-装饰园林,603030.SH,17,603030
计算机-IT服务-IT服务Ⅲ,301638.SZ,33,301638
计算机-软件开发-垂直应用软件,688291.SH,17,688291
计算机-IT服务-IT服务Ⅲ,688258.SH,17,688258
电子-消费电子-消费电子零部件及组装,300822.SZ,33,300822
公用事业-燃气-燃气Ⅲ,002700.SZ,33,002700
医药生物-医疗服务-其他医疗服务,688315.SH,17,688315
环保-环境治理-综合环境治理,002645.SZ,33,002645
电子-元件-印制电路板,688519.SH,17,688519
国防军工-军工装备-航空装备,688070.SH,17,688070
房地产-房地产-住宅开发,000863.SZ,33,000863
通信-通信设备-通信网络设备及器件,603421.SH,17,603421
通信-通信设备-其他通信设备,300213.SZ,33,300213
轻工制造-包装印刷-包装,920392.BJ,151,920392
机械设备-通用设备-其他通用设备,603269.SH,17,603269
环保-环境治理-综合环境治理,300197.SZ,33,300197
交通运输-机场航运-航空运输,603885.SH,17,603885
电力设备-电网设备-输变电设备,600192.SH,17,600192
国防军工-军工电子-军工电子Ⅲ,300101.SZ,33,300101
电力设备-电网设备-线缆部件及其他,002498.SZ,33,002498
计算机-软件开发-垂直应用软件,688562.SH,17,688562
钢铁-钢铁-普钢,600808.SH,17,600808
建筑装饰-建筑装饰-装饰园林,002663.SZ,33,002663
汽车-汽车零部件-底盘与发动机系统,603319.SH,17,603319
计算机-软件开发-垂直应用软件,300047.SZ,33,300047
电子-半导体-模拟芯片设计,603160.SH,17,603160
计算机-软件开发-垂直应用软件,002405.SZ,33,002405
钢铁-钢铁-冶钢原料,600382.SH,17,600382
有色金属-小金属-其他小金属,002978.SZ,33,002978
汽车-汽车零部件-底盘与发动机系统,002536.SZ,33,002536
食品饮料-白酒-白酒Ⅲ,600702.SH,17,600702
医药生物-医疗器械-医疗耗材,920166.BJ,151,920166
公用事业-电力-新能源发电,001258.SZ,33,001258
国防军工-军工装备-航空装备,300775.SZ,33,300775
电子-光学光电子-LED,300582.SZ,33,300582
国防军工-军工装备-航空装备,688586.SH,17,688586
有色金属-能源金属-钴,603799.SH,17,603799
机械设备-自动化设备-其他自动化设备,605186.SH,17,605186
机械设备-自动化设备-激光设备,300227.SZ,33,300227
计算机-IT服务-IT服务Ⅲ,300682.SZ,33,300682
非银金融-多元金融-多元金融Ⅲ,600816.SH,17,600816
电子-消费电子-品牌消费电子,002045.SZ,33,002045
汽车-汽车整车-商用载货车,600418.SH,17,600418
计算机-软件开发-垂直应用软件,002362.SZ,33,002362
基础化工-化学制品-食品及饲料添加剂,920016.BJ,151,920016
有色金属-工业金属-铝,601677.SH,17,601677
电力设备-光伏设备-光伏加工设备,920368.BJ,151,920368
机械设备-通用设备-仪器仪表,300417.SZ,33,300417
机械设备-专用设备-其他专用设备,920475.BJ,151,920475
汽车-汽车零部件-底盘与发动机系统,605255.SH,17,605255
机械设备-专用设备-能源及重型设备,920781.BJ,151,920781
汽车-汽车零部件-其他汽车零部件,002101.SZ,33,002101
传媒-影视院线-影视院线Ⅲ,300133.SZ,33,300133
石油石化-石油加工贸易-石油加工,300055.SZ,33,300055
有色金属-工业金属-铜,600362.SH,17,600362
国防军工-军工装备-航空装备,300719.SZ,33,300719
交通运输-港口航运-航运,601872.SH,17,601872
医药生物-化学制药-化学制剂,000915.SZ,33,000915
机械设备-专用设备-能源及重型设备,002564.SZ,33,002564
电力设备-电池-锂电池,688063.SH,17,688063
电子-光学光电子-光学元件,920438.BJ,151,920438
电力设备-光伏设备-逆变器,002150.SZ,33,002150
纺织服饰-服装家纺-服装,600400.SH,17,600400
电子-消费电子-品牌消费电子,688775.SH,17,688775
通信-通信设备-通信终端及配件,003040.SZ,33,003040
公用事业-电力-新能源发电,002218.SZ,33,002218
电子-光学光电子-面板,000045.SZ,33,000045
基础化工-化学原料-纯碱,600586.SH,17,600586
国防军工-军工电子-军工电子Ⅲ,688081.SH,17,688081
机械设备-自动化设备-工控设备,688125.SH,17,688125
机械设备-专用设备-其他专用设备,603656.SH,17,603656
汽车-汽车零部件-汽车电子电气系统,300681.SZ,33,300681
机械设备-轨交设备-轨交设备Ⅲ,300923.SZ,33,300923
基础化工-化学制品-其他化学制品,688133.SH,17,688133
计算机-软件开发-垂直应用软件,300556.SZ,33,300556
汽车-汽车服务及其他-其他运输设备,301345.SZ,33,301345
计算机-软件开发-垂直应用软件,300229.SZ,33,300229
计算机-IT服务-IT服务Ⅲ,300288.SZ,33,300288
基础化工-非金属材料-非金属材料Ⅲ,920675.BJ,151,920675
计算机-IT服务-IT服务Ⅲ,300339.SZ,33,300339
机械设备-通用设备-其他通用设备,920855.BJ,151,920855
计算机-软件开发-横向通用软件,603232.SH,17,603232
计算机-IT服务-IT服务Ⅲ,688228.SH,17,688228
商贸零售-零售-百货零售,002356.SZ,33,002356
非银金融-证券-证券Ⅲ,000750.SZ,33,000750
计算机-IT服务-IT服务Ⅲ,603171.SH,17,603171
电子-元件-被动元件,300460.SZ,33,300460
计算机-IT服务-IT服务Ⅲ,300250.SZ,33,300250
电力设备-光伏设备-逆变器,300827.SZ,33,300827
建筑装饰-建筑装饰-专业工程,002135.SZ,33,002135
国防军工-军工装备-航空装备,300900.SZ,33,300900
石油石化-油气开采及服务-油气开采,600777.SH,17,600777
计算机-软件开发-垂直应用软件,300348.SZ,33,300348
机械设备-通用设备-其他通用设备,301226.SZ,33,301226
国防军工-军工电子-军工电子Ⅲ,300447.SZ,33,300447
建筑装饰-建筑装饰-工程咨询服务,300977.SZ,33,300977
计算机-软件开发-横向通用软件,003029.SZ,33,003029
非银金融-多元金融-多元金融Ⅲ,600927.SH,17,600927
钢铁-钢铁-普钢,600307.SH,17,600307
计算机-IT服务-IT服务Ⅲ,002609.SZ,33,002609
通信-通信服务-通信工程及服务,603206.SH,17,603206
电力设备-电池-电池化学品,002125.SZ,33,002125
环保-环境治理-综合环境治理,300864.SZ,33,300864
国防军工-军工装备-航空装备,688297.SH,17,688297
汽车-汽车零部件-底盘与发动机系统,600178.SH,17,600178
医药生物-医疗服务-医疗研发外包,301509.SZ,33,301509
计算机-软件开发-垂直应用软件,688083.SH,17,688083
机械设备-通用设备-其他通用设备,688433.SH,17,688433
汽车-汽车零部件-其他汽车零部件,002190.SZ,33,002190
计算机-软件开发-垂直应用软件,300451.SZ,33,300451
汽车-汽车服务及其他-其他运输设备,603766.SH,17,603766
纺织服饰-服装家纺-服装,002875.SZ,33,002875
机械设备-专用设备-其他专用设备,002613.SZ,33,002613
汽车-汽车零部件-其他汽车零部件,605319.SH,17,605319
汽车-汽车零部件-底盘与发动机系统,920146.BJ,151,920146
轻工制造-包装印刷-包装,920075.BJ,151,920075
电子-消费电子-品牌消费电子,002888.SZ,33,002888
计算机-软件开发-垂直应用软件,300365.SZ,33,300365
基础化工-塑料制品-膜材料,002632.SZ,33,002632
传媒-游戏-游戏Ⅲ,300467.SZ,33,300467
计算机-软件开发-垂直应用软件,000948.SZ,33,000948
通信-通信设备-其他通信设备,300414.SZ,33,300414
计算机-软件开发-横向通用软件,002439.SZ,33,002439
基础化工-化学制品-聚氨酯,300200.SZ,33,300200
电力设备-电网设备-电气自控设备,300880.SZ,33,300880
美容护理-美容护理-个护用品,001206.SZ,33,001206
机械设备-通用设备-仪器仪表,300165.SZ,33,300165
机械设备-通用设备-制冷空调设备,301018.SZ,33,301018
基础化工-化学制品-其他化学制品,000881.SZ,33,000881
轻工制造-包装印刷-包装,301198.SZ,33,301198
计算机-软件开发-横向通用软件,300352.SZ,33,300352
社会服务-其他社会服务-体育,002858.SZ,33,002858
非银金融-证券-证券Ⅲ,600958.SH,17,600958
电力设备-其他电源设备-其他电源设备Ⅲ,300376.SZ,33,300376
电力设备-电池-锂电专用设备,301599.SZ,33,301599
公用事业-电力-新能源发电,603693.SH,17,603693
电子-消费电子-消费电子零部件及组装,300787.SZ,33,300787
通信-通信设备-通信终端及配件,603118.SH,17,603118
电力设备-电池-电池化学品,002759.SZ,33,002759
房地产-房地产-住宅开发,600159.SH,17,600159
计算机-软件开发-垂直应用软件,688109.SH,17,688109
国防军工-军工电子-军工电子Ⅲ,600855.SH,17,600855
通信-通信设备-通信终端及配件,600775.SH,17,600775
非银金融-证券-证券Ⅲ,601375.SH,17,601375
医药生物-化学制药-化学制剂,300434.SZ,33,300434
汽车-汽车零部件-其他汽车零部件,688737.SH,17,688737
电子-消费电子-消费电子零部件及组装,300968.SZ,33,300968
电力设备-电池-电池化学品,301487.SZ,33,301487
基础化工-塑料制品-合成树脂,301555.SZ,33,301555
电力设备-风电设备-风电零部件,000809.SZ,33,000809
煤炭-煤炭开采加工-煤炭开采,601001.SH,17,601001
机械设备-通用设备-制冷空调设备,301043.SZ,33,301043
机械设备-通用设备-其他通用设备,301125.SZ,33,301125
基础化工-化学制品-民爆用品,002246.SZ,33,002246
电力设备-风电设备-风电零部件,300569.SZ,33,300569
电力设备-电池-锂电专用设备,300457.SZ,33,300457
计算机-IT服务-IT服务Ⅲ,300496.SZ,33,300496
家用电器-白色家电-家电零部件,603519.SH,17,603519
非银金融-证券-证券Ⅲ,600864.SH,17,600864
机械设备-专用设备-其他专用设备,300004.SZ,33,300004
环保-环境治理-综合环境治理,688701.SH,17,688701
计算机-软件开发-横向通用软件,688152.SH,17,688152
机械设备-专用设备-楼宇设备,002774.SZ,33,002774
美容护理-美容护理-化妆品,603605.SH,17,603605
国防军工-军工电子-军工电子Ⅲ,300177.SZ,33,300177
非银金融-证券-证券Ⅲ,600909.SH,17,600909
家用电器-小家电-小家电Ⅲ,605555.SH,17,605555
机械设备-专用设备-能源及重型设备,688377.SH,17,688377
环保-环境治理-综合环境治理,688178.SH,17,688178
电子-元件-印制电路板,603175.SH,17,603175
公用事业-电力-电能综合服务,600505.SH,17,600505
计算机-软件开发-横向通用软件,002212.SZ,33,002212
医药生物-化学制药-化学制剂,301263.SZ,33,301263
公用事业-电力-电能综合服务,300040.SZ,33,300040
计算机-软件开发-垂直应用软件,688588.SH,17,688588
农林牧渔-种植业与林业-农业综合,920964.BJ,151,920964
国防军工-军工电子-军工电子Ⅲ,300629.SZ,33,300629
电子-消费电子-品牌消费电子,002841.SZ,33,002841
计算机-软件开发-横向通用软件,688111.SH,17,688111
轻工制造-家居用品-定制家居,002853.SZ,33,002853
电力设备-电池-锂电池,002074.SZ,33,002074
电力设备-电网设备-电气自控设备,300427.SZ,33,300427
非银金融-证券-证券Ⅲ,601377.SH,17,601377
机械设备-通用设备-其他通用设备,603082.SH,17,603082
电力设备-光伏设备-光伏电池组件,600732.SH,17,600732
社会服务-教育-教育Ⅲ,600661.SH,17,600661
计算机-计算机设备-其他计算机设备,300941.SZ,33,300941
电子-光学光电子-LED,000541.SZ,33,000541
国防军工-军工电子-军工电子Ⅲ,301050.SZ,33,301050
电力设备-电网设备-电气自控设备,301179.SZ,33,301179
机械设备-自动化设备-其他自动化设备,300802.SZ,33,300802
计算机-软件开发-垂直应用软件,300598.SZ,33,300598
计算机-IT服务-IT服务Ⅲ,300248.SZ,33,300248
公用事业-电力-火电,000791.SZ,33,000791
汽车-汽车零部件-车身附件及饰件,603306.SH,17,603306
国防军工-军工装备-航空装备,688510.SH,17,688510
电力设备-风电设备-风电零部件,300690.SZ,33,300690
电子-半导体-数字芯片设计,688589.SH,17,688589
机械设备-通用设备-仪器仪表,301129.SZ,33,301129
基础化工-橡胶制品-其他橡胶制品,300587.SZ,33,300587
有色金属-工业金属-铜,603527.SH,17,603527
汽车-汽车整车-商用载客车,600066.SH,17,600066
商贸零售-互联网电商-互联网电商Ⅲ,300592.SZ,33,300592
计算机-软件开发-垂直应用软件,688326.SH,17,688326
电子-半导体-数字芯片设计,600198.SH,17,600198
汽车-汽车零部件-底盘与发动机系统,002448.SZ,33,002448
电力设备-光伏设备-光伏辅材,601865.SH,17,601865
非银金融-证券-证券Ⅲ,601456.SH,17,601456
电子-消费电子-消费电子零部件及组装,301180.SZ,33,301180
通信-通信服务-通信应用增值服务,603881.SH,17,603881
国防军工-军工电子-军工电子Ⅲ,002383.SZ,33,002383
医药生物-中药-中药Ⅲ,002728.SZ,33,002728
机械设备-通用设备-其他通用设备,001696.SZ,33,001696
电力设备-电池-电池化学品,688275.SH,17,688275
石油石化-石油加工贸易-石油加工,300839.SZ,33,300839
建筑材料-建筑材料-其他建材,300737.SZ,33,300737
非银金融-证券-证券Ⅲ,600109.SH,17,600109
机械设备-专用设备-能源及重型设备,601399.SH,17,601399
电子-半导体-模拟芯片设计,688508.SH,17,688508
基础化工-化学制品-涂料油墨,300522.SZ,33,300522
电子-元件-被动元件,920128.BJ,151,920128
家用电器-白色家电-空调,000921.SZ,33,000921
汽车-汽车零部件-汽车电子电气系统,603293.SH,17,603293
计算机-IT服务-IT服务Ⅲ,600728.SH,17,600728
石油石化-油气开采及服务-油气开采,603393.SH,17,603393
非银金融-多元金融-多元金融Ⅲ,001236.SZ,33,001236
基础化工-化学纤维-其他纤维,002254.SZ,33,002254
电力设备-电网设备-线缆部件及其他,301082.SZ,33,301082
建筑装饰-建筑装饰-工程咨询服务,300844.SZ,33,300844
传媒-文化传媒-出版,301025.SZ,33,301025
国防军工-军工电子-军工电子Ⅲ,002338.SZ,33,002338
电力设备-电网设备-电气自控设备,603556.SH,17,603556
环保-环保设备-环保设备Ⅲ,301288.SZ,33,301288
机械设备-自动化设备-工控设备,920405.BJ,151,920405
医药生物-化学制药-化学制剂,603811.SH,17,603811
食品饮料-食品加工制造-调味发酵品,920726.BJ,151,920726
医药生物-医疗器械-医疗设备,688212.SH,17,688212
石油石化-油气开采及服务-油服工程,920088.BJ,151,920088
电子-光学光电子-光学元件,002222.SZ,33,002222
纺织服饰-纺织制造-其他纺织,001312.SZ,33,001312
电子-电子化学品-电子化学品Ⅲ,301489.SZ,33,301489
农林牧渔-养殖业-生猪养殖,002157.SZ,33,002157
公用事业-电力-新能源发电,001289.SZ,33,001289
基础化工-塑料制品-改性塑料,920066.BJ,151,920066
医药生物-化学制药-化学制剂,688189.SH,22,688189
建筑材料-建筑材料-其他建材,605318.SH,17,605318
机械设备-通用设备-仪器仪表,688768.SH,17,688768
计算机-软件开发-垂直应用软件,300830.SZ,33,300830
国防军工-军工装备-航海装备,600150.SH,17,600150
非银金融-证券-证券Ⅲ,601198.SH,17,601198
商贸零售-零售-商业物业经营,000007.SZ,33,000007
计算机-IT服务-IT服务Ⅲ,300170.SZ,33,300170
电子-半导体-模拟芯片设计,688325.SH,17,688325
医药生物-医疗器械-医疗耗材,603014.SH,17,603014
通信-通信设备-通信线缆及配套,688143.SH,17,688143
医药生物-医疗服务-医疗研发外包,301257.SZ,33,301257
基础化工-化学制品-民爆用品,603977.SH,17,603977
通信-通信设备-其他通信设备,920374.BJ,151,920374
计算机-IT服务-IT服务Ⅲ,600271.SH,17,600271
环保-环境治理-综合环境治理,300152.SZ,33,300152
轻工制造-造纸-造纸Ⅲ,605377.SH,17,605377
电力设备-电网设备-输变电设备,002346.SZ,33,002346
计算机-软件开发-垂直应用软件,300925.SZ,33,300925
国防军工-军工电子-军工电子Ⅲ,300123.SZ,33,300123
非银金融-证券-证券Ⅲ,600369.SH,17,600369
机械设备-专用设备-其他专用设备,600501.SH,17,600501
房地产-房地产-房地产服务,300917.SZ,33,300917
环保-环境治理-固废治理,920370.BJ,151,920370
电子-电子化学品-电子化学品Ⅲ,300537.SZ,33,300537
商贸零售-零售-旅游零售,601888.SH,17,601888
计算机-软件开发-垂直应用软件,300605.SZ,33,300605
计算机-IT服务-IT服务Ⅲ,002908.SZ,33,002908
有色金属-工业金属-铅锌,600338.SH,17,600338
机械设备-通用设备-金属制品,920943.BJ,151,920943
电力设备-光伏设备-逆变器,301658.SZ,33,301658
电子-其他电子-其他电子Ⅲ,000670.SZ,33,000670
电力设备-光伏设备-光伏电池组件,688599.SH,17,688599
公用事业-电力-新能源发电,600821.SH,17,600821
房地产-房地产-住宅开发,000006.SZ,33,000006
计算机-软件开发-垂直应用软件,600602.SH,17,600602
基础化工-化学制品-纺织化学用品,002440.SZ,33,002440
房地产-房地产-住宅开发,600791.SH,17,600791
计算机-计算机设备-安防设备,605118.SH,17,605118
电子-消费电子-消费电子零部件及组装,300956.SZ,33,300956
电力设备-电池-电池化学品,920809.BJ,151,920809
商贸零售-零售-专业连锁,300755.SZ,33,300755
汽车-汽车零部件-底盘与发动机系统,600841.SH,17,600841
通信-通信设备-通信网络设备及器件,300698.SZ,33,300698
房地产-房地产-住宅开发,600773.SH,17,600773
农林牧渔-农产品加工-其他农产品加工,920371.BJ,151,920371
医药生物-化学制药-原料药,920547.BJ,151,920547
电力设备-电网设备-输变电设备,600379.SH,17,600379
医药生物-医疗器械-体外诊断,688338.SH,17,688338
电力设备-电网设备-输变电设备,000533.SZ,33,000533
房地产-房地产-商业地产,000608.SZ,33,000608
电子-消费电子-消费电子零部件及组装,301329.SZ,33,301329
计算机-软件开发-横向通用软件,300766.SZ,33,300766
钢铁-钢铁-普钢,600126.SH,17,600126
国防军工-军工装备-航天装备,600879.SH,17,600879
电力设备-电网设备-输变电设备,603097.SH,17,603097
电力设备-电池-锂电专用设备,300648.SZ,33,300648
非银金融-证券-证券Ⅲ,002939.SZ,33,002939
机械设备-工程机械-工程机械Ⅲ,301161.SZ,33,301161
基础化工-化学原料-其他化学原料,301118.SZ,33,301118
公用事业-电力-电能综合服务,600979.SH,17,600979
电力设备-光伏设备-光伏电池组件,301168.SZ,33,301168
有色金属-小金属-其他小金属,603407.SH,17,603407
建筑装饰-建筑装饰-工程咨询服务,603017.SH,17,603017
电子-半导体-模拟芯片设计,688052.SH,17,688052
计算机-计算机设备-其他计算机设备,002869.SZ,33,002869
交通运输-机场航运-航空运输,002928.SZ,33,002928
建筑材料-建筑材料-耐火材料,688119.SH,17,688119
机械设备-自动化设备-其他自动化设备,688400.SH,17,688400
电子-消费电子-消费电子零部件及组装,600130.SH,17,600130
计算机-计算机设备-其他计算机设备,603660.SH,17,603660
计算机-计算机设备-安防设备,301117.SZ,33,301117
国防军工-军工电子-军工电子Ⅲ,603488.SH,17,603488
纺织服饰-纺织制造-棉纺,002042.SZ,33,002042
传媒-游戏-游戏Ⅲ,300533.SZ,33,300533
有色金属-金属新材料-其他金属新材料,920576.BJ,151,920576
家用电器-小家电-小家电Ⅲ,920926.BJ,151,920926
机械设备-工程机械-工程机械Ⅲ,002685.SZ,33,002685
基础化工-农化制品-磷肥及磷化工,603077.SH,17,603077
电力设备-风电设备-风电零部件,603092.SH,17,603092
机械设备-专用设备-楼宇设备,301056.SZ,33,301056
电子-光学光电子-LED,300940.SZ,33,300940
机械设备-轨交设备-轨交设备Ⅲ,001324.SZ,33,001324
计算机-计算机设备-其他计算机设备,300645.SZ,33,300645
计算机-IT服务-IT服务Ⅲ,600666.SH,17,600666
电力设备-电池-电池化学品,600884.SH,17,600884
通信-通信服务-通信应用增值服务,300442.SZ,33,300442
医药生物-生物制品-血液制品,688765.SH,17,688765
医药生物-医疗器械-医疗设备,920278.BJ,151,920278
公用事业-电力-火电,600021.SH,17,600021
电子-消费电子-消费电子零部件及组装,002855.SZ,33,002855
计算机-计算机设备-其他计算机设备,300789.SZ,33,300789
机械设备-专用设备-其他专用设备,002833.SZ,33,002833
交通运输-物流-物流Ⅲ,920351.BJ,151,920351
计算机-计算机设备-安防设备,920198.BJ,151,920198
计算机-IT服务-IT服务Ⅲ,300541.SZ,33,300541
机械设备-通用设备-其他通用设备,300145.SZ,33,300145
通信-通信服务-通信应用增值服务,300113.SZ,33,300113
非银金融-多元金融-多元金融Ⅲ,600643.SH,17,600643
商贸零售-零售-商业物业经营,600605.SH,17,600605
环保-环境治理-水务及水治理,301127.SZ,33,301127
钢铁-钢铁-冶钢原料,000762.SZ,33,000762
基础化工-化学原料-钛白粉,300891.SZ,33,300891
医药生物-医疗服务-医疗研发外包,300363.SZ,33,300363
非银金融-多元金融-多元金融Ⅲ,600783.SH,17,600783
计算机-IT服务-IT服务Ⅲ,300168.SZ,33,300168
电子-消费电子-消费电子零部件及组装,920267.BJ,151,920267
电子-消费电子-消费电子零部件及组装,300951.SZ,33,300951
农林牧渔-种植业与林业-其他种植业,603336.SH,17,603336
电力设备-电池-电池化学品,300919.SZ,33,300919
商贸零售-互联网电商-互联网电商Ⅲ,002640.SZ,33,002640
国防军工-军工装备-航天装备,300722.SZ,33,300722
电力设备-光伏设备-光伏辅材,003022.SZ,33,003022
机械设备-自动化设备-机器人,688017.SH,17,688017
环保-环境治理-水务及水治理,301148.SZ,33,301148
机械设备-通用设备-金属制品,002438.SZ,33,002438
农林牧渔-种植业与林业-其他种植业,601118.SH,17,601118
建筑装饰-建筑装饰-工程咨询服务,300778.SZ,33,300778
计算机-软件开发-横向通用软件,688651.SH,17,688651
计算机-计算机设备-其他计算机设备,603496.SH,17,603496
机械设备-自动化设备-机器人,300276.SZ,33,300276
基础化工-化学制品-其他化学制品,688659.SH,17,688659
电力设备-电网设备-输变电设备,920046.BJ,151,920046
电力设备-其他电源设备-其他电源设备Ⅲ,300490.SZ,33,300490
医药生物-医疗器械-体外诊断,688389.SH,17,688389
国防军工-军工电子-军工电子Ⅲ,688511.SH,17,688511
非银金融-证券-证券Ⅲ,600095.SH,17,600095
基础化工-化学制品-有机硅,603281.SH,17,603281
公用事业-电力-水电,600868.SH,17,600868
电力设备-其他电源设备-其他电源设备Ⅲ,301157.SZ,33,301157
有色金属-小金属-其他小金属,000960.SZ,33,000960
通信-通信设备-通信终端及配件,300627.SZ,33,300627
通信-通信设备-其他通信设备,688283.SH,17,688283
电力设备-光伏设备-光伏辅材,301266.SZ,33,301266
非银金融-证券-证券Ⅲ,000686.SZ,33,000686
电力设备-电网设备-输变电设备,300001.SZ,33,300001
电子-其他电子-其他电子Ⅲ,300736.SZ,33,300736
电子-消费电子-消费电子零部件及组装,920876.BJ,151,920876
轻工制造-家居用品-其他家居用品,920218.BJ,151,920218
计算机-IT服务-IT服务Ⅲ,688327.SH,17,688327
医药生物-医疗器械-医疗设备,920992.BJ,151,920992
计算机-IT服务-IT服务Ⅲ,688158.SH,17,688158
基础化工-农化制品-磷肥及磷化工,600078.SH,17,600078
房地产-房地产-住宅开发,600736.SH,17,600736
基础化工-化学原料-钛白粉,000545.SZ,33,000545
机械设备-通用设备-仪器仪表,300112.SZ,33,300112
机械设备-自动化设备-其他自动化设备,300097.SZ,33,300097
电力设备-电池-锂电专用设备,688573.SH,17,688573
房地产-房地产-房地产服务,002822.SZ,33,002822
非银金融-证券-证券Ⅲ,600621.SH,17,600621
商贸零售-零售-商业物业经营,000056.SZ,33,000056
电力设备-电网设备-输变电设备,300670.SZ,33,300670
传媒-文化传媒-出版,301231.SZ,33,301231
电子-光学光电子-面板,002387.SZ,33,002387
电子-半导体-半导体材料,603991.SH,17,603991
医药生物-医疗服务-其他医疗服务,300676.SZ,33,300676
电子-消费电子-消费电子零部件及组装,002241.SZ,33,002241
机械设备-通用设备-制冷空调设备,002639.SZ,33,002639
非银金融-多元金融-多元金融Ⅲ,000987.SZ,33,000987
医药生物-生物制品-疫苗,300142.SZ,33,300142
医药生物-医疗器械-医疗耗材,688351.SH,17,688351
医药生物-医疗服务-其他医疗服务,920670.BJ,151,920670
石油石化-油气开采及服务-油气开采,300483.SZ,33,300483
计算机-软件开发-垂直应用软件,300036.SZ,33,300036
计算机-IT服务-IT服务Ⅲ,300231.SZ,33,300231
环保-环境治理-水务及水治理,603200.SH,17,603200
电子-消费电子-消费电子零部件及组装,300793.SZ,33,300793
计算机-软件开发-垂直应用软件,688118.SH,17,688118
家用电器-白色家电-家电零部件,301280.SZ,33,301280
计算机-软件开发-垂直应用软件,300561.SZ,33,300561
有色金属-工业金属-铅锌,000603.SZ,33,000603
电力设备-电网设备-输变电设备,002298.SZ,33,002298
基础化工-塑料制品-合成树脂,688585.SH,17,688585
通信-通信服务-通信工程及服务,300597.SZ,33,300597
通信-通信服务-通信工程及服务,300513.SZ,33,300513
电力设备-光伏设备-硅料硅片,688303.SH,17,688303
计算机-计算机设备-安防设备,300588.SZ,33,300588
计算机-IT服务-IT服务Ⅲ,002195.SZ,33,002195
房地产-房地产-房地产服务,600743.SH,17,600743
通信-通信设备-其他通信设备,300183.SZ,33,300183
电力设备-其他电源设备-其他电源设备Ⅲ,688411.SH,17,688411
公用事业-电力-电能综合服务,003035.SZ,33,003035
国防军工-军工电子-军工电子Ⅲ,600990.SH,17,600990
通信-通信服务-通信应用增值服务,300738.SZ,33,300738
基础化工-塑料制品-膜材料,000920.SZ,33,000920
国防军工-军工装备-航海装备,300810.SZ,33,300810
汽车-汽车零部件-汽车电子电气系统,000901.SZ,33,000901
通信-通信设备-通信网络设备及器件,002194.SZ,33,002194
传媒-文化传媒-广告营销,300242.SZ,33,300242
国防军工-军工装备-航空装备,688239.SH,17,688239
电力设备-光伏设备-逆变器,688348.SH,17,688348
电力设备-其他电源设备-其他电源设备Ⅲ,002534.SZ,33,002534
电子-元件-印制电路板,301132.SZ,33,301132
电子-其他电子-其他电子Ⅲ,001298.SZ,33,001298
传媒-文化传媒-出版,601858.SH,17,601858
计算机-计算机设备-其他计算机设备,300659.SZ,33,300659
通信-通信设备-通信终端及配件,300555.SZ,33,300555
通信-通信设备-通信终端及配件,300504.SZ,33,300504
基础化工-化学原料-钛白粉,002601.SZ,33,002601
计算机-软件开发-垂直应用软件,000503.SZ,33,000503
国防军工-军工装备-航空装备,688708.SH,17,688708
电力设备-电网设备-线缆部件及其他,688226.SH,17,688226
计算机-软件开发-垂直应用软件,600570.SH,17,600570
计算机-软件开发-垂直应用软件,603383.SH,17,603383
电力设备-电网设备-线缆部件及其他,002471.SZ,33,002471
医药生物-医疗服务-医疗研发外包,301230.SZ,33,301230
基础化工-非金属材料-非金属材料Ⅲ,920971.BJ,151,920971
医药生物-生物制品-其他生物制品,300239.SZ,33,300239
基础化工-化学制品-涂料油墨,301209.SZ,33,301209
电子-半导体-数字芯片设计,688099.SH,17,688099
电力设备-其他电源设备-其他电源设备Ⅲ,300153.SZ,33,300153
电子-半导体-集成电路封测,002077.SZ,33,002077
煤炭-煤炭开采加工-煤炭开采,600985.SH,17,600985
计算机-计算机设备-安防设备,688489.SH,17,688489
有色金属-工业金属-铅锌,002114.SZ,33,002114
电力设备-光伏设备-光伏电池组件,688429.SH,17,688429
钢铁-钢铁-冶钢原料,000629.SZ,33,000629
非银金融-证券-证券Ⅲ,601688.SH,17,601688
电子-半导体-数字芯片设计,688608.SH,17,688608
国防军工-军工装备-航空装备,302132.SZ,33,302132
房地产-房地产-住宅开发,600665.SH,17,600665
机械设备-专用设备-能源及重型设备,300099.SZ,33,300099
计算机-计算机设备-其他计算机设备,300546.SZ,33,300546
有色金属-工业金属-铝,300337.SZ,33,300337
建筑材料-建筑材料-玻璃玻纤,600293.SH,17,600293
机械设备-通用设备-金属制品,000039.SZ,33,000039
非银金融-证券-证券Ⅲ,601788.SH,17,601788
医药生物-生物制品-疫苗,688670.SH,17,688670
电力设备-电池-电池化学品,300073.SZ,33,300073
医药生物-医疗器械-医疗设备,920300.BJ,151,920300
电子-元件-印制电路板,920821.BJ,151,920821
电子-消费电子-消费电子零部件及组装,001314.SZ,33,001314
电子-半导体-半导体材料,688535.SH,17,688535
国防军工-军工装备-航空装备,920642.BJ,151,920642
电力设备-光伏设备-光伏加工设备,920414.BJ,151,920414
电力设备-电网设备-输变电设备,002927.SZ,33,002927
计算机-计算机设备-其他计算机设备,600100.SH,17,600100
建筑装饰-建筑装饰-装饰园林,002963.SZ,33,002963
医药生物-医疗服务-医疗研发外包,300759.SZ,33,300759
医药生物-化学制药-化学制剂,300584.SZ,33,300584
国防军工-军工电子-军工电子Ⅲ,002414.SZ,33,002414
国防军工-军工装备-航空装备,300034.SZ,33,300034
医药生物-医疗服务-医疗研发外包,300725.SZ,33,300725
医药生物-医疗服务-医疗研发外包,301333.SZ,33,301333
电子-半导体-模拟芯片设计,300782.SZ,33,300782
非银金融-证券-证券Ⅲ,600030.SH,17,600030
机械设备-工程机械-工程机械Ⅲ,605389.SH,17,605389
通信-通信设备-通信终端及配件,002104.SZ,33,002104
国防军工-军工电子-军工电子Ⅲ,688788.SH,17,688788
家用电器-白色家电-家电零部件,002402.SZ,33,002402
电子-半导体-模拟芯片设计,688512.SH,17,688512
基础化工-化学制品-其他化学制品,002455.SZ,33,002455
食品饮料-食品加工制造-休闲食品,002956.SZ,33,002956
传媒-游戏-游戏Ⅲ,002174.SZ,33,002174
非银金融-保险-保险Ⅲ,601336.SH,17,601336
机械设备-专用设备-印刷包装机械,300195.SZ,33,300195
电子-半导体-模拟芯片设计,688141.SH,17,688141
机械设备-通用设备-仪器仪表,300203.SZ,33,300203
计算机-软件开发-垂直应用软件,688615.SH,17,688615
电力设备-电机-电机Ⅲ,301023.SZ,33,301023
机械设备-工程机械-工程机械Ⅲ,600984.SH,17,600984
医药生物-中药-中药Ⅲ,600222.SH,17,600222
有色金属-能源金属-锂,002460.SZ,33,002460
食品饮料-饮料制造-软饮料,600962.SH,17,600962
电子-光学光电子-LED,300232.SZ,33,300232
电力设备-电池-电池化学品,300390.SZ,33,300390
电子-消费电子-消费电子零部件及组装,301326.SZ,33,301326
建筑装饰-建筑装饰-工程咨询服务,301027.SZ,33,301027
计算机-软件开发-横向通用软件,300579.SZ,33,300579
机械设备-专用设备-其他专用设备,002816.SZ,33,002816
机械设备-通用设备-制冷空调设备,603912.SH,17,603912
通信-通信服务-通信应用增值服务,002467.SZ,33,002467
机械设备-专用设备-其他专用设备,300499.SZ,33,300499
基础化工-化学制品-涂料油墨,300225.SZ,33,300225
医药生物-生物制品-其他生物制品,688105.SH,17,688105
机械设备-专用设备-其他专用设备,300412.SZ,33,300412
电子-半导体-数字芯片设计,688018.SH,17,688018
机械设备-通用设备-机床工具,002903.SZ,33,002903
轻工制造-包装印刷-包装,603058.SH,17,603058
计算机-计算机设备-安防设备,300449.SZ,33,300449
机械设备-通用设备-磨具磨料,688028.SH,17,688028
机械设备-专用设备-能源及重型设备,603169.SH,17,603169
电子-光学光电子-面板,300545.SZ,33,300545
通信-通信服务-通信工程及服务,300025.SZ,33,300025
电子-元件-印制电路板,603228.SH,17,603228
电子-消费电子-消费电子零部件及组装,300128.SZ,33,300128
机械设备-专用设备-其他专用设备,300902.SZ,33,300902
计算机-计算机设备-其他计算机设备,300807.SZ,33,300807
计算机-IT服务-IT服务Ⅲ,000938.SZ,33,000938
轻工制造-包装印刷-包装,002191.SZ,33,002191
机械设备-自动化设备-其他自动化设备,688686.SH,17,688686
机械设备-通用设备-仪器仪表,300066.SZ,33,300066
通信-通信设备-通信网络设备及器件,300098.SZ,33,300098
电力设备-光伏设备-光伏电池组件,920985.BJ,151,920985
计算机-软件开发-垂直应用软件,920799.BJ,151,920799
电子-半导体-集成电路封测,688372.SH,17,688372
机械设备-轨交设备-轨交设备Ⅲ,603680.SH,17,603680
通信-通信设备-通信网络设备及器件,300565.SZ,33,300565
国防军工-军工电子-军工电子Ⅲ,002519.SZ,33,002519
计算机-IT服务-IT服务Ⅲ,920748.BJ,151,920748
公用事业-电力-火电,600744.SH,17,600744
计算机-软件开发-垂直应用软件,300663.SZ,33,300663
社会服务-教育-教育Ⅲ,002607.SZ,33,002607
电力设备-电网设备-输变电设备,601179.SH,17,601179
农林牧渔-种植业与林业-种子生产,920403.BJ,151,920403
电力设备-电池-锂电池,300207.SZ,33,300207
非银金融-证券-证券Ⅲ,601108.SH,17,601108
医药生物-化学制药-原料药,301246.SZ,33,301246
电力设备-电池-电池化学品,688778.SH,17,688778
电子-消费电子-消费电子零部件及组装,002866.SZ,33,002866
通信-通信服务-通信应用增值服务,000815.SZ,33,000815
机械设备-自动化设备-工控设备,301418.SZ,33,301418
计算机-IT服务-IT服务Ⅲ,688051.SH,17,688051
电子-其他电子-其他电子Ⅲ,300991.SZ,33,300991
汽车-汽车零部件-汽车电子电气系统,301608.SZ,33,301608
机械设备-专用设备-其他专用设备,688071.SH,17,688071
环保-环保设备-环保设备Ⅲ,300862.SZ,33,300862
有色金属-小金属-其他小金属,600459.SH,17,600459
电力设备-电网设备-电气自控设备,920508.BJ,151,920508
计算机-IT服务-IT服务Ⅲ,600410.SH,17,600410
医药生物-医疗器械-医疗设备,688301.SH,17,688301
机械设备-通用设备-仪器仪表,688539.SH,17,688539
电力设备-光伏设备-光伏电池组件,601012.SH,17,601012
农林牧渔-养殖业-生猪养殖,603477.SH,17,603477
医药生物-医疗服务-医疗研发外包,603259.SH,17,603259
机械设备-自动化设备-其他自动化设备,688306.SH,17,688306
农林牧渔-农产品加工-宠物食品,300673.SZ,33,300673
计算机-IT服务-IT服务Ⅲ,920184.BJ,151,920184
电子-半导体-数字芯片设计,688728.SH,17,688728
电力设备-电池-锂电池,300014.SZ,33,300014
农林牧渔-养殖业-动物保健,920729.BJ,151,920729
机械设备-通用设备-仪器仪表,688583.SH,17,688583
有色金属-工业金属-铅锌,000060.SZ,33,000060
电子-消费电子-消费电子零部件及组装,002861.SZ,33,002861
房地产-房地产-住宅开发,600748.SH,17,600748
汽车-汽车零部件-轮胎轮毂,002725.SZ,33,002725
医药生物-化学制药-化学制剂,688235.SH,17,688235
电子-光学光电子-面板,920001.BJ,151,920001
电子-消费电子-消费电子零部件及组装,603341.SH,17,603341
医药生物-医疗器械-体外诊断,688253.SH,17,688253
机械设备-通用设备-其他通用设备,002131.SZ,33,002131
汽车-汽车零部件-其他汽车零部件,301680.SZ,33,301680
建筑材料-建筑材料-管材,300599.SZ,33,300599
电子-消费电子-消费电子零部件及组装,688678.SH,17,688678
电子-消费电子-品牌消费电子,301606.SZ,33,301606
基础化工-化学制品-纺织化学用品,600352.SH,17,600352
机械设备-通用设备-仪器仪表,300445.SZ,33,300445
医药生物-医疗服务-医疗研发外包,688131.SH,17,688131
基础化工-化学制品-有机硅,300821.SZ,33,300821
电子-半导体-数字芯片设计,688332.SH,17,688332
基础化工-非金属材料-非金属材料Ⅲ,920083.BJ,151,920083
社会服务-其他社会服务-专业服务,920753.BJ,151,920753
环保-环境治理-水务及水治理,000685.SZ,33,000685
医药生物-医疗服务-医疗研发外包,688238.SH,17,688238
医药生物-化学制药-原料药,300497.SZ,33,300497
建筑装饰-建筑装饰-工程咨询服务,301024.SZ,33,301024
汽车-汽车零部件-汽车电子电气系统,920212.BJ,151,920212
建筑材料-建筑材料-玻璃玻纤,600819.SH,17,600819
机械设备-专用设备-其他专用设备,920717.BJ,151,920717
电子-半导体-集成电路封测,688403.SH,17,688403
计算机-软件开发-横向通用软件,300454.SZ,33,300454
计算机-计算机设备-其他计算机设备,301600.SZ,33,301600
机械设备-通用设备-仪器仪表,920363.BJ,151,920363
国防军工-军工电子-军工电子Ⅲ,600562.SH,17,600562
电力设备-风电设备-风电零部件,301557.SZ,33,301557
机械设备-通用设备-金属制品,300828.SZ,33,300828
机械设备-通用设备-其他通用设备,603201.SH,17,603201
环保-环境治理-固废治理,688679.SH,17,688679
电子-其他电子-其他电子Ⅲ,300184.SZ,33,300184
电力设备-光伏设备-光伏电池组件,688472.SH,17,688472
公用事业-电力-新能源发电,002256.SZ,33,002256
计算机-IT服务-IT服务Ⅲ,688316.SH,17,688316
电子-半导体-半导体材料,688720.SH,17,688720
家用电器-黑色家电-其他黑色家电,688609.SH,17,688609
计算机-IT服务-IT服务Ⅲ,688787.SH,17,688787
医药生物-医疗服务-医疗研发外包,603127.SH,17,603127
机械设备-通用设备-其他通用设备,920662.BJ,151,920662
计算机-软件开发-垂直应用软件,301162.SZ,33,301162
电力设备-其他电源设备-其他电源设备Ⅲ,920110.BJ,151,920110
石油石化-油气开采及服务-油气开采,300191.SZ,33,300191
机械设备-通用设备-金属制品,688379.SH,17,688379
计算机-软件开发-垂直应用软件,300542.SZ,33,300542
有色金属-小金属-钨,600549.SH,17,600549
电子-消费电子-消费电子零部件及组装,603327.SH,17,603327
电力设备-电池-其他电池,688339.SH,17,688339
电子-半导体-数字芯片设计,603893.SH,17,603893
电子-元件-印制电路板,605058.SH,17,605058
电子-半导体-模拟芯片设计,688798.SH,17,688798
环保-环境治理-水务及水治理,603903.SH,17,603903
电力设备-光伏设备-光伏辅材,688680.SH,17,688680
计算机-IT服务-IT服务Ⅲ,688568.SH,17,688568
计算机-IT服务-IT服务Ⅲ,000555.SZ,33,000555
基础化工-化学制品-涂料油墨,603110.SH,17,603110
国防军工-军工装备-航空装备,000738.SZ,33,000738
有色金属-小金属-其他小金属,600301.SH,17,600301
计算机-计算机设备-其他计算机设备,300324.SZ,33,300324
通信-通信设备-通信网络设备及器件,300134.SZ,33,300134
环保-环境治理-水务及水治理,688057.SH,17,688057
房地产-房地产-住宅开发,000042.SZ,33,000042
机械设备-通用设备-金属制品,605100.SH,17,605100
家用电器-白色家电-家电零部件,002418.SZ,33,002418
非银金融-证券-证券Ⅲ,002945.SZ,33,002945
电子-光学光电子-面板,000100.SZ,33,000100
电力设备-电网设备-输变电设备,300423.SZ,33,300423
食品饮料-白酒-白酒Ⅲ,600199.SH,17,600199
商贸零售-零售-商业物业经营,002177.SZ,33,002177
公用事业-电力-电能综合服务,600310.SH,17,600310
电力设备-电池-电池化学品,301238.SZ,33,301238
电子-半导体-数字芯片设计,688807.SH,17,688807
建筑材料-建筑材料-玻璃玻纤,301526.SZ,33,301526
电子-光学光电子-面板,688496.SH,22,688496
机械设备-自动化设备-其他自动化设备,920396.BJ,151,920396
电子-光学光电子-光学元件,002036.SZ,33,002036
电力设备-电网设备-输变电设备,300444.SZ,33,300444
电子-半导体-数字芯片设计,002049.SZ,33,002049
医药生物-医疗服务-医疗研发外包,301096.SZ,33,301096
基础化工-塑料制品-膜材料,002263.SZ,33,002263
医药生物-生物制品-疫苗,920575.BJ,151,920575
社会服务-其他社会服务-专业服务,301115.SZ,33,301115
计算机-计算机设备-其他计算机设备,300531.SZ,33,300531
国防军工-军工装备-航天装备,003009.SZ,33,003009
环保-环保设备-环保设备Ⅲ,688671.SH,17,688671
非银金融-证券-证券Ⅲ,000728.SZ,33,000728
有色金属-金属新材料-其他金属新材料,688102.SH,17,688102
机械设备-专用设备-能源及重型设备,601106.SH,17,601106
机械设备-专用设备-能源及重型设备,603036.SH,17,603036
电子-半导体-模拟芯片设计,688515.SH,17,688515
机械设备-自动化设备-机器人,688165.SH,17,688165
农林牧渔-农产品加工-果蔬加工,920023.BJ,151,920023
国防军工-军工装备-航空装备,002023.SZ,33,002023
家用电器-白色家电-家电零部件,920108.BJ,151,920108
轻工制造-包装印刷-包装,002565.SZ,33,002565
通信-通信服务-通信工程及服务,603220.SH,17,603220
机械设备-专用设备-能源及重型设备,001332.SZ,33,001332
非银金融-证券-证券Ⅲ,300059.SZ,33,300059
通信-通信设备-通信网络设备及器件,301314.SZ,33,301314
机械设备-通用设备-其他通用设备,603090.SH,17,603090
国防军工-军工电子-军工电子Ⅲ,301517.SZ,33,301517
电子-消费电子-消费电子零部件及组装,600363.SH,17,600363
电力设备-电池-电池化学品,300409.SZ,33,300409
电子-半导体-半导体材料,688530.SH,17,688530
电子-光学光电子-面板,000727.SZ,33,000727
非银金融-多元金融-多元金融Ⅲ,300773.SZ,33,300773
计算机-计算机设备-其他计算机设备,300551.SZ,33,300551
医药生物-医疗器械-医疗设备,002432.SZ,33,002432
医药生物-生物制品-其他生物制品,301393.SZ,33,301393
电子-光学光电子-LED,300296.SZ,33,300296
电子-元件-被动元件,920641.BJ,151,920641
非银金融-证券-证券Ⅲ,601995.SH,17,601995
机械设备-专用设备-其他专用设备,688383.SH,17,688383
机械设备-通用设备-其他通用设备,603131.SH,17,603131
计算机-软件开发-垂直应用软件,920415.BJ,151,920415
汽车-汽车零部件-底盘与发动机系统,002283.SZ,33,002283
电力设备-其他电源设备-其他电源设备Ⅲ,600875.SH,17,600875
电力设备-电池-锂电池,688772.SH,17,688772
机械设备-轨交设备-轨交设备Ⅲ,301016.SZ,33,301016
机械设备-通用设备-金属制品,688308.SH,17,688308
电子-消费电子-消费电子零部件及组装,920857.BJ,151,920857
电子-半导体-半导体设备,603690.SH,17,603690
计算机-计算机设备-安防设备,300790.SZ,33,300790
通信-通信设备-其他通信设备,300711.SZ,33,300711
电力设备-风电设备-风电整机,688660.SH,17,688660
医药生物-生物制品-其他生物制品,301080.SZ,33,301080
公用事业-电力-电能综合服务,688248.SH,17,688248
机械设备-专用设备-其他专用设备,300540.SZ,33,300540
计算机-软件开发-横向通用软件,600288.SH,17,600288
家用电器-小家电-小家电Ⅲ,001259.SZ,33,001259
电力设备-光伏设备-光伏电池组件,300118.SZ,33,300118
计算机-软件开发-垂直应用软件,300608.SZ,33,300608
计算机-IT服务-IT服务Ⅲ,301085.SZ,33,301085
食品饮料-饮料制造-软饮料,605499.SH,17,605499
医药生物-化学制药-原料药,300199.SZ,33,300199
电力设备-光伏设备-硅料硅片,603185.SH,17,603185
机械设备-专用设备-纺织服装设备,002021.SZ,33,002021
国防军工-军工装备-航空装备,300581.SZ,33,300581
电子-半导体-数字芯片设计,301666.SZ,33,301666
电子-消费电子-消费电子零部件及组装,002600.SZ,33,002600
电子-电子化学品-电子化学品Ⅲ,002741.SZ,33,002741
机械设备-专用设备-农用机械,920895.BJ,151,920895
建筑材料-建筑材料-玻璃玻纤,600176.SH,17,600176
社会服务-教育-教育Ⅲ,300492.SZ,33,300492
电子-半导体-模拟芯片设计,688790.SH,17,688790
电力设备-电池-锂电池,300068.SZ,33,300068
电子-半导体-集成电路封测,688135.SH,17,688135
电力设备-电网设备-输变电设备,001393.SZ,33,001393
计算机-计算机设备-其他计算机设备,300130.SZ,33,300130
电力设备-其他电源设备-其他电源设备Ⅲ,600482.SH,17,600482
机械设备-专用设备-农用机械,300159.SZ,33,300159
通信-通信服务-通信工程及服务,000889.SZ,33,000889
房地产-房地产-住宅开发,000029.SZ,33,000029
医药生物-化学制药-原料药,920230.BJ,151,920230
机械设备-通用设备-磨具磨料,300861.SZ,33,300861
环保-环境治理-固废治理,300614.SZ,33,300614
纺织服饰-纺织制造-其他纺织,300819.SZ,33,300819
电子-消费电子-消费电子零部件及组装,300602.SZ,33,300602
计算机-软件开发-横向通用软件,688023.SH,17,688023
电子-半导体-数字芯片设计,300458.SZ,33,300458
电子-消费电子-消费电子零部件及组装,300686.SZ,33,300686
电子-光学光电子-LED,920339.BJ,151,920339
基础化工-化学制品-纺织化学用品,300067.SZ,33,300067
医药生物-医疗服务-医疗研发外包,688293.SH,17,688293
医药生物-化学制药-化学制剂,000766.SZ,33,000766
计算机-软件开发-垂直应用软件,300730.SZ,33,300730
电力设备-风电设备-风电整机,601615.SH,17,601615
建筑材料-建筑材料-玻璃玻纤,601112.SH,17,601112
电子-半导体-半导体材料,600206.SH,17,600206
通信-通信设备-通信终端及配件,300689.SZ,33,300689
电子-半导体-模拟芯片设计,688653.SH,17,688653
通信-通信设备-其他通信设备,600776.SH,17,600776
电子-半导体-数字芯片设计,688449.SH,17,688449
电力设备-电池-锂电专用设备,300410.SZ,33,300410
机械设备-专用设备-纺织服装设备,600843.SH,17,600843
房地产-房地产-商业地产,600724.SH,17,600724
电力设备-光伏设备-硅料硅片,600438.SH,17,600438
轻工制造-包装印刷-包装,603499.SH,17,603499
电子-电子化学品-电子化学品Ⅲ,688146.SH,17,688146
农林牧渔-农产品加工-果蔬加工,300175.SZ,33,300175
电子-半导体-集成电路封测,301348.SZ,33,301348
计算机-IT服务-IT服务Ⅲ,603859.SH,17,603859
医药生物-医疗器械-体外诊断,600807.SH,17,600807
电力设备-电池-锂电专用设备,300450.SZ,33,300450
国防军工-军工装备-航天装备,601698.SH,17,601698
电力设备-电池-锂电池,688388.SH,17,688388
电子-电子化学品-电子化学品Ⅲ,688683.SH,17,688683
医药生物-化学制药-原料药,603351.SH,17,603351
社会服务-其他社会服务-专业服务,600826.SH,17,600826
基础化工-塑料制品-膜材料,301687.SZ,33,301687
国防军工-军工装备-航空装备,605123.SH,17,605123
计算机-IT服务-IT服务Ⅲ,002197.SZ,33,002197
机械设备-通用设备-制冷空调设备,300990.SZ,33,300990
电子-半导体-模拟芯片设计,600877.SH,17,600877
计算机-IT服务-IT服务Ⅲ,688229.SH,17,688229
环保-环境治理-水务及水治理,300929.SZ,33,300929
机械设备-专用设备-其他专用设备,920856.BJ,151,920856
有色金属-能源金属-锂,002466.SZ,33,002466
通信-通信服务-通信工程及服务,300560.SZ,33,300560
电子-元件-印制电路板,605258.SH,17,605258
通信-通信设备-通信线缆及配套,603042.SH,17,603042
电力设备-电网设备-输变电设备,600468.SH,17,600468
电子-半导体-集成电路制造,300456.SZ,33,300456
环保-环境治理-固废治理,002266.SZ,33,002266
国防军工-军工电子-军工电子Ⅲ,688311.SH,17,688311
电力设备-电网设备-电气自控设备,300882.SZ,33,300882
基础化工-化学制品-其他化学制品,603010.SH,17,603010
机械设备-通用设备-制冷空调设备,301070.SZ,33,301070
基础化工-塑料制品-其他塑料制品,300539.SZ,33,300539
电力设备-电网设备-输变电设备,002706.SZ,33,002706
国防军工-军工电子-军工电子Ⅲ,300252.SZ,33,300252
电力设备-其他电源设备-其他电源设备Ⅲ,002255.SZ,33,002255
计算机-IT服务-IT服务Ⅲ,688509.SH,17,688509
电子-光学光电子-光学元件,688322.SH,17,688322
计算机-软件开发-横向通用软件,603138.SH,17,603138
通信-通信服务-通信工程及服务,002544.SZ,33,002544
建筑装饰-建筑装饰-装饰园林,002047.SZ,33,002047
国防军工-军工电子-军工电子Ⅲ,300045.SZ,33,300045
国防军工-军工装备-航空装备,688281.SH,17,688281
国防军工-军工装备-航空装备,000561.SZ,33,000561
机械设备-通用设备-仪器仪表,002819.SZ,33,002819
电子-半导体-模拟芯片设计,688601.SH,17,688601
环保-环境治理-水务及水治理,688096.SH,17,688096
公用事业-电力-火电,600575.SH,17,600575
国防军工-军工电子-军工电子Ⅲ,688552.SH,17,688552
电力设备-风电设备-风电零部件,688186.SH,17,688186
计算机-IT服务-IT服务Ⅲ,300017.SZ,33,300017
非银金融-多元金融-多元金融Ⅲ,002961.SZ,33,002961
电子-消费电子-消费电子零部件及组装,002981.SZ,33,002981
电子-电子化学品-电子化学品Ⅲ,002643.SZ,33,002643
国防军工-军工电子-军工电子Ⅲ,300762.SZ,33,300762
电子-光学光电子-面板,300120.SZ,33,300120
汽车-汽车零部件-汽车电子电气系统,001365.SZ,33,001365
公用事业-电力-热力,600475.SH,17,600475
电子-其他电子-其他电子Ⅲ,300650.SZ,33,300650
电力设备-风电设备-风电整机,688349.SH,17,688349
电子-其他电子-其他电子Ⅲ,300493.SZ,33,300493
通信-通信设备-通信网络设备及器件,300710.SZ,33,300710
计算机-计算机设备-其他计算机设备,688208.SH,17,688208
机械设备-自动化设备-机器人,603666.SH,17,603666
电力设备-光伏设备-光伏电池组件,002865.SZ,33,002865
通信-通信设备-通信终端及配件,300615.SZ,33,300615
电力设备-其他电源设备-其他电源设备Ⅲ,300593.SZ,33,300593
汽车-汽车零部件-底盘与发动机系统,600151.SH,17,600151
电子-电子化学品-电子化学品Ⅲ,603435.SH,17,603435
通信-通信设备-通信网络设备及器件,002796.SZ,33,002796
社会服务-其他社会服务-专业服务,920122.BJ,151,920122
计算机-软件开发-垂直应用软件,301159.SZ,33,301159
商贸零售-零售-专业连锁,000829.SZ,33,000829
房地产-房地产-住宅开发,600510.SH,17,600510
公用事业-电力-热力,600719.SH,17,600719
食品饮料-食品加工制造-其他食品,603262.SH,17,603262
通信-通信服务-通信应用增值服务,300383.SZ,33,300383
电力设备-电网设备-输变电设备,603045.SH,17,603045
医药生物-医疗器械-医疗设备,920504.BJ,151,920504
电力设备-电网设备-电气自控设备,300286.SZ,33,300286
环保-环境治理-综合环境治理,300187.SZ,33,300187
环保-环保设备-环保设备Ⅲ,920145.BJ,151,920145
电子-消费电子-消费电子零部件及组装,300032.SZ,33,300032
公用事业-燃气-燃气Ⅲ,605090.SH,17,605090
电力设备-电池-锂电专用设备,301662.SZ,33,301662
电力设备-电网设备-电气自控设备,300018.SZ,33,300018
医药生物-化学制药-化学制剂,300006.SZ,33,300006
公用事业-电力-新能源发电,300317.SZ,33,300317
计算机-计算机设备-安防设备,688619.SH,17,688619
建筑材料-建筑材料-耐火材料,002225.SZ,33,002225
电子-其他电子-其他电子Ⅲ,300131.SZ,33,300131
汽车-汽车零部件-轮胎轮毂,603335.SH,17,603335
机械设备-专用设备-其他专用设备,301468.SZ,33,301468
汽车-汽车零部件-其他汽车零部件,002921.SZ,33,002921
国防军工-军工电子-军工电子Ⅲ,603712.SH,17,603712
电子-光学光电子-面板,605218.SH,17,605218
商贸零售-互联网电商-互联网电商Ⅲ,002803.SZ,33,002803
公用事业-电力-火电,600863.SH,17,600863
计算机-IT服务-IT服务Ⅲ,002229.SZ,33,002229
计算机-软件开发-垂直应用软件,300468.SZ,33,300468
建筑材料-建筑材料-玻璃玻纤,002201.SZ,33,002201
电力设备-光伏设备-光伏加工设备,688516.SH,17,688516
环保-环境治理-大气治理,603315.SH,17,603315
通信-通信设备-通信终端及配件,300638.SZ,33,300638
有色金属-金属新材料-磁性材料,301531.SZ,33,301531
建筑装饰-建筑装饰-装饰园林,002200.SZ,33,002200
电子-半导体-集成电路封测,688820.SH,17,688820
计算机-软件开发-横向通用软件,688692.SH,17,688692
机械设备-通用设备-金属制品,603308.SH,17,603308
通信-通信服务-通信应用增值服务,300895.SZ,33,300895
基础化工-橡胶制品-其他橡胶制品,300731.SZ,33,300731
公用事业-电力-新能源发电,601778.SH,17,601778
机械设备-自动化设备-其他自动化设备,688097.SH,17,688097
汽车-汽车零部件-底盘与发动机系统,001282.SZ,33,001282
电子-半导体-数字芯片设计,688049.SH,17,688049
通信-通信设备-通信网络设备及器件,002897.SZ,33,002897
计算机-软件开发-垂直应用软件,300380.SZ,33,300380
计算机-软件开发-垂直应用软件,688479.SH,17,688479
有色金属-小金属-其他小金属,000962.SZ,33,000962
国防军工-军工装备-航天装备,688066.SH,22,688066
计算机-软件开发-横向通用软件,688171.SH,17,688171
基础化工-橡胶制品-其他橡胶制品,920834.BJ,151,920834
电力设备-电网设备-电气自控设备,000682.SZ,33,000682
电子-消费电子-消费电子零部件及组装,605277.SH,17,605277
机械设备-通用设备-金属制品,300838.SZ,33,300838
计算机-软件开发-垂直应用软件,300033.SZ,33,300033
电子-消费电子-消费电子零部件及组装,300647.SZ,33,300647
机械设备-自动化设备-其他自动化设备,300400.SZ,33,300400
电力设备-电池-锂电专用设备,688392.SH,17,688392
家用电器-白色家电-家电零部件,920718.BJ,151,920718
电子-光学光电子-LED,600703.SH,17,600703
电子-其他电子-其他电子Ⅲ,002130.SZ,33,002130
国防军工-军工电子-军工电子Ⅲ,000547.SZ,33,000547
计算机-IT服务-IT服务Ⅲ,002421.SZ,33,002421
机械设备-通用设备-仪器仪表,300572.SZ,33,300572
电子-元件-印制电路板,603920.SH,17,603920
有色金属-能源金属-锂,002192.SZ,33,002192
汽车-汽车零部件-汽车电子电气系统,688667.SH,17,688667
计算机-计算机设备-其他计算机设备,603106.SH,17,603106
建筑装饰-建筑装饰-专业工程,002051.SZ,33,002051
医药生物-医疗器械-体外诊断,688193.SH,17,688193
电子-消费电子-消费电子零部件及组装,301067.SZ,33,301067
农林牧渔-农产品加工-畜禽饲料,688156.SH,17,688156
机械设备-轨交设备-轨交设备Ⅲ,605298.SH,17,605298
电子-电子化学品-电子化学品Ⅲ,688378.SH,17,688378
通信-通信设备-通信终端及配件,603236.SH,17,603236
食品饮料-食品加工制造-肉制品,002515.SZ,33,002515
环保-环境治理-固废治理,603588.SH,17,603588
建筑材料-建筑材料-水泥,603616.SH,17,603616
计算机-计算机设备-其他计算机设备,300249.SZ,33,300249
公用事业-电力-新能源发电,601016.SH,17,601016
社会服务-教育-教育Ⅲ,300688.SZ,33,300688
基础化工-化学制品-其他化学制品,688350.SH,17,688350
电力设备-光伏设备-逆变器,688717.SH,17,688717
公用事业-电力-新能源发电,002617.SZ,33,002617
电子-电子化学品-电子化学品Ⅲ,688106.SH,17,688106
电力设备-光伏设备-光伏电池组件,688223.SH,17,688223
公用事业-电力-新能源发电,601908.SH,17,601908
传媒-游戏-游戏Ⅲ,300031.SZ,33,300031
机械设备-专用设备-其他专用设备,603011.SH,17,603011
计算机-计算机设备-其他计算机设备,920808.BJ,151,920808
电子-元件-印制电路板,002141.SZ,33,002141
电子-光学光电子-光学元件,003015.SZ,33,003015
电力设备-光伏设备-光伏辅材,001269.SZ,33,001269
机械设备-专用设备-农用机械,002779.SZ,33,002779
商贸零售-贸易-贸易Ⅲ,600725.SH,17,600725
电子-半导体-模拟芯片设计,600171.SH,17,600171
交通运输-港口航运-航运,600179.SH,17,600179
机械设备-通用设备-仪器仪表,300667.SZ,33,300667
电力设备-电网设备-电气自控设备,688450.SH,17,688450
传媒-文化传媒-电视广播,600996.SH,17,600996
轻工制造-家居用品-成品家居,603661.SH,17,603661
电子-光学光电子-光学元件,603297.SH,17,603297
房地产-房地产-住宅开发,000620.SZ,33,000620
国防军工-军工电子-军工电子Ⅲ,002413.SZ,33,002413
电子-消费电子-消费电子零部件及组装,300916.SZ,33,300916
电子-电子化学品-电子化学品Ⅲ,603002.SH,17,603002
电子-半导体-模拟芯片设计,688699.SH,17,688699
汽车-汽车零部件-其他汽车零部件,301005.SZ,33,301005
电子-电子化学品-电子化学品Ⅲ,920402.BJ,151,920402
电子-半导体-模拟芯片设计,688709.SH,17,688709
国防军工-军工电子-军工电子Ⅲ,688272.SH,17,688272
基础化工-塑料制品-合成树脂,300487.SZ,33,300487
非银金融-证券-证券Ⅲ,601696.SH,17,601696
房地产-房地产-住宅开发,600208.SH,17,600208
环保-环境治理-综合环境治理,000068.SZ,33,000068
基础化工-橡胶制品-炭黑,002068.SZ,33,002068
电力设备-其他电源设备-其他电源设备Ⅲ,002366.SZ,33,002366
通信-通信服务-通信应用增值服务,300846.SZ,33,300846
电子-半导体-模拟芯片设计,688045.SH,17,688045
电力设备-电池-电池化学品,001301.SZ,33,001301
计算机-计算机设备-其他计算机设备,300386.SZ,33,300386
电力设备-电池-锂电池,301217.SZ,33,301217
国防军工-军工电子-军工电子Ⅲ,688375.SH,17,688375
通信-通信设备-通信终端及配件,603803.SH,17,603803
社会服务-其他社会服务-专业服务,301228.SZ,33,301228
国防军工-军工电子-军工电子Ⅲ,002465.SZ,33,002465
医药生物-医疗服务-医疗研发外包,300347.SZ,33,300347
电子-消费电子-消费电子零部件及组装,300735.SZ,33,300735
有色金属-贵金属-贵金属Ⅲ,002237.SZ,33,002237
电力设备-电池-锂电专用设备,688006.SH,17,688006
电力设备-电网设备-输变电设备,600885.SH,17,600885
建筑装饰-建筑装饰-装饰园林,300649.SZ,33,300649
电力设备-电网设备-输变电设备,603861.SH,17,603861
电子-半导体-半导体材料,002119.SZ,33,002119
国防军工-军工电子-军工电子Ⅲ,688084.SH,17,688084
电力设备-电网设备-电气自控设备,002169.SZ,33,002169
电子-光学光电子-面板,688299.SH,17,688299
通信-通信服务-通信应用增值服务,300292.SZ,33,300292
国防军工-军工电子-军工电子Ⅲ,688636.SH,17,688636
电力设备-电池-电池化学品,300769.SZ,33,300769
通信-通信设备-通信网络设备及器件,688618.SH,17,688618
建筑装饰-建筑装饰-装饰园林,300506.SZ,33,300506
通信-通信设备-通信网络设备及器件,688182.SH,17,688182
医药生物-医疗器械-医疗耗材,603301.SH,17,603301
机械设备-自动化设备-其他自动化设备,920125.BJ,151,920125
食品饮料-饮料制造-软饮料,603156.SH,17,603156
非银金融-证券-证券Ⅲ,000776.SZ,33,000776
环保-环境治理-水务及水治理,600769.SH,17,600769
机械设备-专用设备-能源及重型设备,300480.SZ,33,300480
有色金属-金属新材料-其他金属新材料,688811.SH,17,688811
电子-元件-印制电路板,002436.SZ,33,002436
机械设备-专用设备-其他专用设备,301128.SZ,33,301128
汽车-汽车服务及其他-汽车服务,300825.SZ,33,300825
轻工制造-包装印刷-包装,601515.SH,17,601515
建筑装饰-建筑装饰-装饰园林,002830.SZ,33,002830
机械设备-通用设备-金属制品,301377.SZ,33,301377
电子-光学光电子-LED,300708.SZ,33,300708
建筑材料-建筑材料-玻璃玻纤,000012.SZ,33,000012
汽车-汽车零部件-汽车电子电气系统,301581.SZ,33,301581
电子-消费电子-品牌消费电子,301189.SZ,33,301189
计算机-计算机设备-其他计算机设备,300455.SZ,33,300455
通信-通信设备-通信终端及配件,301191.SZ,33,301191
机械设备-专用设备-其他专用设备,688596.SH,17,688596
计算机-IT服务-IT服务Ⅲ,300287.SZ,33,300287
电子-光学光电子-LED,002745.SZ,33,002745
国防军工-军工电子-军工电子Ⅲ,688439.SH,17,688439
医药生物-化学制药-原料药,603520.SH,17,603520
电子-消费电子-消费电子零部件及组装,301626.SZ,33,301626
电力设备-电池-电池化学品,688116.SH,17,688116
机械设备-自动化设备-机器人,688218.SH,17,688218
医药生物-医疗服务-医疗研发外包,300149.SZ,33,300149
计算机-软件开发-垂直应用软件,300469.SZ,33,300469
电力设备-光伏设备-光伏辅材,300842.SZ,33,300842
机械设备-专用设备-其他专用设备,600579.SH,17,600579
机械设备-专用设备-其他专用设备,002837.SZ,33,002837
建筑材料-建筑材料-其他建材,002785.SZ,33,002785
环保-环保设备-环保设备Ⅲ,300137.SZ,33,300137
机械设备-自动化设备-工控设备,301633.SZ,33,301633
轻工制造-造纸-造纸Ⅲ,920394.BJ,151,920394
有色金属-能源金属-锂,002240.SZ,33,002240
计算机-计算机设备-其他计算机设备,603516.SH,17,603516
电力设备-电网设备-电气自控设备,300222.SZ,33,300222
公用事业-电力-火电,000767.SZ,33,000767
电力设备-电网设备-线缆部件及其他,603618.SH,17,603618
电子-光学光电子-LED,002587.SZ,33,002587
电子-半导体-半导体设备,003043.SZ,33,003043
电子-消费电子-消费电子零部件及组装,300709.SZ,33,300709
电子-半导体-分立器件,300623.SZ,33,300623
公用事业-电力-电能综合服务,600644.SH,17,600644
国防军工-军工电子-军工电子Ⅲ,002151.SZ,33,002151
电力设备-电网设备-输变电设备,301120.SZ,33,301120
电力设备-光伏设备-光伏辅材,603806.SH,17,603806
电子-元件-印制电路板,301041.SZ,33,301041
电子-半导体-模拟芯片设计,688536.SH,17,688536
机械设备-通用设备-金属制品,300943.SZ,33,300943
医药生物-医疗器械-医疗设备,688358.SH,17,688358
国防军工-军工装备-航空装备,300696.SZ,33,300696
电力设备-电池-锂电专用设备,688499.SH,17,688499
电子-半导体-数字芯片设计,300613.SZ,33,300613
电子-光学光电子-LED,300241.SZ,33,300241
国防军工-军工装备-航海装备,300065.SZ,33,300065
公用事业-电力-火电,000539.SZ,33,000539
电子-消费电子-消费电子零部件及组装,603052.SH,17,603052
纺织服饰-服装家纺-服装,300005.SZ,33,300005
纺织服饰-纺织制造-其他纺织,603130.SH,17,603130
家用电器-白色家电-家电零部件,603726.SH,17,603726
电子-光学光电子-面板,688055.SH,17,688055
非银金融-证券-证券Ⅲ,000783.SZ,33,000783
医药生物-化学制药-化学制剂,300204.SZ,33,300204
电子-半导体-模拟芯片设计,688484.SH,17,688484
国防军工-军工电子-军工电子Ⅲ,688682.SH,17,688682
电力设备-其他电源设备-其他电源设备Ⅲ,002518.SZ,33,002518
非银金融-多元金融-多元金融Ⅲ,603093.SH,17,603093
电力设备-风电设备-风电整机,002202.SZ,33,002202
商贸零售-零售-百货零售,000417.SZ,33,000417
电子-消费电子-消费电子零部件及组装,002993.SZ,33,002993
美容护理-美容护理-化妆品,603983.SH,17,603983
机械设备-自动化设备-激光设备,688518.SH,17,688518
电子-消费电子-消费电子零部件及组装,603296.SH,17,603296
电子-光学光电子-LED,301362.SZ,33,301362
基础化工-橡胶制品-其他橡胶制品,300121.SZ,33,300121
计算机-计算机设备-其他计算机设备,300333.SZ,33,300333
机械设备-专用设备-其他专用设备,603956.SH,17,603956
基础化工-非金属材料-非金属材料Ⅲ,603663.SH,17,603663
电力设备-光伏设备-光伏电池组件,002506.SZ,33,002506
计算机-IT服务-IT服务Ⅲ,002657.SZ,33,002657
汽车-汽车零部件-其他汽车零部件,002976.SZ,33,002976
医药生物-医疗器械-医疗耗材,688026.SH,17,688026
轻工制造-家居用品-成品家居,603313.SH,17,603313
建筑装饰-建筑装饰-基础建设,601611.SH,17,601611
有色金属-小金属-其他小金属,002182.SZ,33,002182
建筑装饰-建筑装饰-装饰园林,600234.SH,17,600234
电子-其他电子-其他电子Ⅲ,002782.SZ,33,002782
电子-元件-印制电路板,603328.SH,17,603328
医药生物-医疗器械-医疗设备,300246.SZ,33,300246
电子-半导体-数字芯片设计,688252.SH,17,688252
通信-通信服务-通信应用增值服务,301428.SZ,33,301428
有色金属-工业金属-铝,002824.SZ,33,002824
机械设备-通用设备-其他通用设备,301317.SZ,33,301317
电子-半导体-数字芯片设计,688795.SH,17,688795
电子-半导体-分立器件,688230.SH,17,688230
国防军工-军工装备-航天装备,688523.SH,17,688523
医药生物-化学制药-原料药,688758.SH,17,688758
基础化工-非金属材料-非金属材料Ⅲ,688598.SH,17,688598
电子-消费电子-消费电子零部件及组装,300843.SZ,33,300843
有色金属-工业金属-铅锌,600497.SH,17,600497
机械设备-通用设备-磨具磨料,300606.SZ,33,300606
机械设备-专用设备-能源及重型设备,600397.SH,17,600397
国防军工-军工装备-航天装备,600118.SH,17,600118
国防军工-军工电子-军工电子Ⅲ,688776.SH,17,688776
建筑装饰-建筑装饰-装饰园林,605303.SH,17,605303
计算机-软件开发-横向通用软件,688369.SH,17,688369
通信-通信设备-通信网络设备及器件,301577.SZ,33,301577
机械设备-自动化设备-机器人,688290.SH,17,688290
基础化工-化学制品-有机硅,603155.SH,17,603155
机械设备-自动化设备-机器人,300024.SZ,33,300024
电力设备-光伏设备-光伏辅材,688408.SH,17,688408
机械设备-通用设备-金属制品,920693.BJ,151,920693
基础化工-塑料制品-膜材料,000859.SZ,33,000859
计算机-软件开发-垂直应用软件,601519.SH,17,601519
电力设备-光伏设备-逆变器,300763.SZ,33,300763
环保-环境治理-水务及水治理,300961.SZ,33,300961
汽车-汽车零部件-底盘与发动机系统,002806.SZ,33,002806
基础化工-化学纤维-其他纤维,688295.SH,17,688295
基础化工-塑料制品-膜材料,002585.SZ,33,002585
机械设备-通用设备-仪器仪表,688665.SH,17,688665
国防军工-军工电子-军工电子Ⅲ,300397.SZ,33,300397
医药生物-医疗服务-医疗研发外包,688710.SH,17,688710
交通运输-物流-物流Ⅲ,002485.SZ,33,002485
机械设备-自动化设备-机器人,920211.BJ,151,920211
基础化工-化学原料-其他化学原料,920489.BJ,151,920489
机械设备-通用设备-其他通用设备,600343.SH,17,600343
汽车-汽车零部件-底盘与发动机系统,603166.SH,17,603166
有色金属-金属新材料-其他金属新材料,920152.BJ,151,920152
计算机-软件开发-垂直应用软件,300465.SZ,33,300465
通信-通信设备-通信终端及配件,002313.SZ,33,002313
通信-通信设备-通信线缆及配套,300563.SZ,33,300563
机械设备-自动化设备-激光设备,300747.SZ,33,300747
电子-半导体-模拟芯片设计,600460.SH,17,600460
电力设备-电池-电池化学品,688005.SH,17,688005
电子-电子化学品-电子化学品Ⅲ,301630.SZ,33,301630
有色金属-小金属-钼,601958.SH,17,601958
通信-通信设备-通信网络设备及器件,000063.SZ,33,000063
计算机-计算机设备-其他计算机设备,002970.SZ,33,002970
国防军工-军工装备-航空装备,688122.SH,17,688122
电子-消费电子-消费电子零部件及组装,002426.SZ,33,002426
机械设备-自动化设备-机器人,300853.SZ,33,300853
电子-消费电子-消费电子零部件及组装,002947.SZ,33,002947
有色金属-金属新材料-其他金属新材料,920078.BJ,151,920078
有色金属-工业金属-铜,002203.SZ,33,002203
电子-半导体-数字芯片设计,002213.SZ,33,002213
汽车-汽车零部件-底盘与发动机系统,000338.SZ,33,000338
公用事业-电力-新能源发电,002310.SZ,33,002310
电力设备-光伏设备-光伏辅材,603212.SH,17,603212
有色金属-能源金属-锂,603399.SH,17,603399
机械设备-自动化设备-工控设备,002957.SZ,33,002957
电子-半导体-数字芯片设计,688047.SH,17,688047
电子-半导体-集成电路封测,688352.SH,17,688352
机械设备-通用设备-仪器仪表,300557.SZ,33,300557
基础化工-塑料制品-膜材料,688323.SH,17,688323
电子-光学光电子-光学元件,300331.SZ,33,300331
机械设备-专用设备-能源及重型设备,002353.SZ,33,002353
电子-光学光电子-面板,002217.SZ,33,002217
电子-消费电子-消费电子零部件及组装,300433.SZ,33,300433
社会服务-其他社会服务-专业服务,300012.SZ,33,300012
机械设备-通用设备-仪器仪表,688808.SH,17,688808
机械设备-专用设备-其他专用设备,001400.SZ,33,001400
计算机-软件开发-横向通用软件,300378.SZ,33,300378
电子-其他电子-其他电子Ⅲ,301563.SZ,33,301563
电力设备-光伏设备-光伏电池组件,300393.SZ,33,300393
计算机-计算机设备-其他计算机设备,000977.SZ,33,000977
电力设备-其他电源设备-其他电源设备Ⅲ,300277.SZ,33,300277
电子-其他电子-其他电子Ⅲ,688093.SH,17,688093
非银金融-证券-证券Ⅲ,600906.SH,17,600906
商贸零售-零售-商业物业经营,600162.SH,17,600162
电力设备-电池-锂电池,301150.SZ,33,301150
电子-元件-印制电路板,301628.SZ,33,301628
电力设备-电池-电池化学品,301349.SZ,33,301349
建筑材料-建筑材料-其他建材,300986.SZ,33,300986
电子-半导体-半导体材料,688727.SH,17,688727
环保-环境治理-综合环境治理,688485.SH,17,688485
电力设备-电池-锂电池,600110.SH,17,600110
电子-光学光电子-面板,300088.SZ,33,300088
家用电器-白色家电-家电零部件,300342.SZ,33,300342
电力设备-光伏设备-光伏加工设备,688556.SH,17,688556
基础化工-化学原料-其他化学原料,603938.SH,17,603938
国防军工-军工电子-军工电子Ⅲ,301592.SZ,33,301592
电子-光学光电子-LED,300162.SZ,33,300162
电力设备-其他电源设备-其他电源设备Ⅲ,600590.SH,17,600590
电子-半导体-数字芯片设计,300327.SZ,33,300327
电子-消费电子-消费电子零部件及组装,301387.SZ,33,301387
计算机-软件开发-垂直应用软件,300996.SZ,33,300996
电子-光学光电子-LED,300632.SZ,33,300632
计算机-IT服务-IT服务Ⅲ,002331.SZ,33,002331
基础化工-塑料制品-膜材料,601208.SH,17,601208
通信-通信服务-通信工程及服务,002929.SZ,33,002929
计算机-IT服务-IT服务Ⅲ,600446.SH,17,600446
电子-其他电子-其他电子Ⅲ,002922.SZ,33,002922
基础化工-化学制品-其他化学制品,688625.SH,17,688625
机械设备-自动化设备-其他自动化设备,920096.BJ,151,920096
电子-光学光电子-面板,301321.SZ,33,301321
计算机-IT服务-IT服务Ⅲ,300399.SZ,33,300399
电子-元件-印制电路板,002815.SZ,33,002815
轻工制造-包装印刷-包装,603687.SH,17,603687
非银金融-证券-证券Ⅲ,600999.SH,17,600999
家用电器-白色家电-家电零部件,600619.SH,17,600619
计算机-计算机设备-其他计算机设备,002268.SZ,33,002268
国防军工-军工电子-军工电子Ⅲ,301571.SZ,33,301571
机械设备-专用设备-其他专用设备,300836.SZ,33,300836
通信-通信设备-其他通信设备,688080.SH,17,688080
电子-电子化学品-电子化学品Ⅲ,300398.SZ,33,300398
电子-消费电子-消费电子零部件及组装,300322.SZ,33,300322
电力设备-风电设备-风电零部件,301040.SZ,33,301040
电力设备-电池-电池化学品,002805.SZ,33,002805
非银金融-证券-证券Ⅲ,601066.SH,17,601066
计算机-计算机设备-其他计算机设备,000066.SZ,33,000066
电子-半导体-模拟芯片设计,688368.SH,17,688368
电子-电子化学品-电子化学品Ⅲ,688359.SH,17,688359
电子-光学光电子-面板,600707.SH,17,600707
计算机-计算机设备-其他计算机设备,300368.SZ,33,300368
建筑材料-建筑材料-其他建材,001212.SZ,33,001212
电子-其他电子-其他电子Ⅲ,300656.SZ,33,300656
商贸零售-贸易-贸易Ⅲ,002183.SZ,33,002183
房地产-房地产-产业地产,600895.SH,17,600895
食品饮料-食品加工制造-调味发酵品,600186.SH,17,600186
电力设备-其他电源设备-其他电源设备Ⅲ,300491.SZ,33,300491
电子-元件-印制电路板,002916.SZ,33,002916
电子-光学光电子-面板,688781.SH,17,688781
通信-通信设备-其他通信设备,600345.SH,17,600345
电子-消费电子-消费电子零部件及组装,002635.SZ,33,002635
家用电器-厨卫电器-厨卫电器Ⅲ,300911.SZ,33,300911
电子-电子化学品-电子化学品Ⅲ,688550.SH,17,688550
电子-消费电子-消费电子零部件及组装,300812.SZ,33,300812
机械设备-通用设备-仪器仪表,688600.SH,17,688600
房地产-房地产-住宅开发,002208.SZ,33,002208
有色金属-工业金属-铅锌,000751.SZ,33,000751
基础化工-化学制品-其他化学制品,600500.SH,17,600500
电子-半导体-数字芯片设计,300053.SZ,33,300053
电子-消费电子-消费电子零部件及组装,002925.SZ,33,002925
电子-半导体-半导体设备,688605.SH,17,688605
有色金属-小金属-其他小金属,002149.SZ,33,002149
食品饮料-白酒-白酒Ⅲ,000799.SZ,33,000799
汽车-汽车零部件-其他汽车零部件,300816.SZ,33,300816
电子-光学光电子-LED,002983.SZ,33,002983
机械设备-通用设备-制冷空调设备,001237.SZ,33,001237
电子-半导体-半导体设备,688478.SH,17,688478
电子-半导体-数字芯片设计,688262.SH,17,688262
通信-通信设备-通信网络设备及器件,301486.SZ,33,301486
传媒-游戏-游戏Ⅲ,300052.SZ,33,300052
电子-光学光电子-面板,003019.SZ,33,003019
有色金属-工业金属-铅锌,600531.SH,17,600531
医药生物-医疗服务-医疗研发外包,688202.SH,17,688202
电力设备-风电设备-风电零部件,603985.SH,17,603985
电子-半导体-数字芯片设计,688380.SH,17,688380
机械设备-自动化设备-机器人,300607.SZ,33,300607
电子-半导体-半导体材料,688234.SH,17,688234
社会服务-旅游及酒店-酒店,301073.SZ,33,301073
机械设备-专用设备-能源及重型设备,300435.SZ,33,300435
电子-半导体-数字芯片设计,688620.SH,17,688620
通信-通信设备-通信终端及配件,688159.SH,17,688159
通信-通信设备-通信网络设备及器件,688313.SH,17,688313
电子-半导体-模拟芯片设计,688582.SH,17,688582
机械设备-通用设备-仪器仪表,688337.SH,17,688337
电力设备-其他电源设备-其他电源设备Ⅲ,002335.SZ,33,002335
电子-光学光电子-LED,603303.SH,17,603303
电子-电子化学品-电子化学品Ⅲ,688150.SH,17,688150
基础化工-非金属材料-非金属材料Ⅲ,001359.SZ,33,001359
电子-光学光电子-面板,605588.SH,17,605588
基础化工-化学原料-其他化学原料,300082.SZ,33,300082
机械设备-专用设备-其他专用设备,688630.SH,17,688630
计算机-IT服务-IT服务Ⅲ,920171.BJ,151,920171
通信-通信设备-通信终端及配件,920249.BJ,151,920249
电子-光学光电子-光学元件,300489.SZ,33,300489
电子-元件-印制电路板,301282.SZ,33,301282
环保-环保设备-环保设备Ⅲ,000551.SZ,33,000551
公用事业-电力-火电,601991.SH,17,601991
计算机-IT服务-IT服务Ⅲ,301248.SZ,33,301248
电力设备-光伏设备-光伏加工设备,688726.SH,17,688726
医药生物-医疗服务-医疗研发外包,688073.SH,17,688073
电子-半导体-数字芯片设计,301536.SZ,33,301536
电子-元件-被动元件,603989.SH,17,603989
社会服务-其他社会服务-专业服务,688757.SH,17,688757
国防军工-军工装备-航空装备,600391.SH,17,600391
电子-光学光电子-LED,300102.SZ,33,300102
汽车-汽车服务及其他-其他运输设备,301322.SZ,33,301322
基础化工-塑料制品-改性塑料,688669.SH,17,688669
医药生物-化学制药-化学制剂,300436.SZ,33,300436
医药生物-化学制药-原料药,688690.SH,17,688690
电力设备-电网设备-输变电设备,300617.SZ,33,300617
交通运输-物流-物流Ⅲ,603713.SH,17,603713
社会服务-其他社会服务-专业服务,300416.SZ,33,300416
电力设备-光伏设备-光伏辅材,600207.SH,17,600207
通信-通信设备-通信终端及配件,002881.SZ,33,002881
电子-半导体-集成电路制造,688691.SH,17,688691
机械设备-通用设备-仪器仪表,300259.SZ,33,300259
电子-消费电子-消费电子零部件及组装,301086.SZ,33,301086
电力设备-其他电源设备-其他电源设备Ⅲ,002851.SZ,33,002851
汽车-汽车零部件-汽车电子电气系统,300863.SZ,33,300863
公用事业-电力-火电,600578.SH,17,600578
电力设备-电池-锂电池,301511.SZ,33,301511
机械设备-专用设备-其他专用设备,688700.SH,17,688700
家用电器-厨卫电器-厨卫电器Ⅲ,603366.SH,17,603366
电子-电子化学品-电子化学品Ⅲ,300285.SZ,33,300285
基础化工-农化制品-农药,600596.SH,17,600596
电力设备-其他电源设备-其他电源设备Ⅲ,688719.SH,17,688719
机械设备-专用设备-其他专用设备,301338.SZ,33,301338
电子-半导体-半导体材料,688783.SH,17,688783
国防军工-军工电子-军工电子Ⅲ,300726.SZ,33,300726
电力设备-电池-电池化学品,300037.SZ,33,300037
电子-光学光电子-LED,002638.SZ,33,002638
环保-环境治理-大气治理,003027.SZ,33,003027
有色金属-金属新材料-其他金属新材料,603124.SH,17,603124
电子-元件-印制电路板,300903.SZ,33,300903
通信-通信设备-通信终端及配件,300628.SZ,33,300628
基础化工-塑料制品-其他塑料制品,300321.SZ,33,300321
电子-消费电子-消费电子零部件及组装,301285.SZ,33,301285
通信-通信设备-通信网络设备及器件,002902.SZ,33,002902
电子-消费电子-消费电子零部件及组装,002655.SZ,33,002655
计算机-软件开发-横向通用软件,688031.SH,17,688031
电力设备-电网设备-输变电设备,002028.SZ,33,002028
电子-半导体-半导体设备,301369.SZ,33,301369
电力设备-光伏设备-硅料硅片,600481.SH,17,600481
建筑材料-建筑材料-玻璃玻纤,603601.SH,17,603601
通信-通信服务-通信应用增值服务,300959.SZ,33,300959
基础化工-塑料制品-其他塑料制品,301196.SZ,33,301196
电子-其他电子-其他电子Ⅲ,688662.SH,17,688662
纺织服饰-服装家纺-鞋帽及其他,603958.SH,17,603958
公用事业-电力-火电,600509.SH,17,600509
电子-元件-印制电路板,300476.SZ,33,300476
公用事业-电力-新能源发电,002015.SZ,33,002015
计算机-软件开发-垂直应用软件,300377.SZ,33,300377
机械设备-通用设备-机床工具,002943.SZ,33,002943
电子-消费电子-消费电子零部件及组装,301389.SZ,33,301389
电子-元件-被动元件,301458.SZ,33,301458
电力设备-电网设备-输变电设备,688676.SH,17,688676
电子-光学光电子-光学元件,688079.SH,17,688079
电子-光学光电子-LED,300219.SZ,33,300219
基础化工-塑料制品-改性塑料,300586.SZ,33,300586
医药生物-化学制药-原料药,920367.BJ,151,920367
电子-光学光电子-LED,300269.SZ,33,300269
电子-元件-印制电路板,301176.SZ,33,301176
环保-环境治理-大气治理,002549.SZ,33,002549
电子-半导体-集成电路制造,688396.SH,17,688396
机械设备-通用设备-其他通用设备,300503.SZ,33,300503
电子-电子化学品-电子化学品Ⅲ,920161.BJ,151,920161
通信-通信设备-通信网络设备及器件,688387.SH,17,688387
电子-光学光电子-LED,300323.SZ,33,300323
通信-通信设备-通信网络设备及器件,300308.SZ,33,300308
电子-半导体-半导体设备,688729.SH,17,688729
医药生物-医疗服务-医疗研发外包,688796.SH,17,688796
电子-半导体-数字芯片设计,300672.SZ,33,300672
电子-电子化学品-电子化学品Ⅲ,688019.SH,17,688019
电力设备-光伏设备-光伏辅材,688503.SH,17,688503
有色金属-工业金属-铝,600888.SH,17,600888
国防军工-军工电子-军工电子Ⅲ,001270.SZ,33,001270
电力设备-光伏设备-逆变器,300274.SZ,33,300274
汽车-汽车零部件-汽车电子电气系统,300304.SZ,33,300304
电力设备-光伏设备-光伏加工设备,300724.SZ,33,300724
机械设备-自动化设备-工控设备,301312.SZ,33,301312
计算机-IT服务-IT服务Ⅲ,920790.BJ,151,920790
电子-光学光电子-LED,300303.SZ,33,300303
电子-半导体-集成电路制造,688981.SH,17,688981
通信-通信设备-通信线缆及配套,688635.SH,17,688635
电子-半导体-数字芯片设计,688107.SH,17,688107
计算机-计算机设备-安防设备,003004.SZ,33,003004
电力设备-光伏设备-逆变器,605117.SH,17,605117
电子-半导体-半导体材料,920526.BJ,151,920526
电子-其他电子-其他电子Ⅲ,001287.SZ,33,001287
电子-其他电子-其他电子Ⅲ,002161.SZ,33,002161
电子-半导体-数字芯片设计,688385.SH,17,688385
轻工制造-包装印刷-包装,003018.SZ,33,003018
电子-元件-印制电路板,300657.SZ,33,300657
建筑材料-建筑材料-水泥,000672.SZ,33,000672
机械设备-专用设备-纺织服装设备,003036.SZ,33,003036
电子-消费电子-品牌消费电子,300866.SZ,33,300866
医药生物-医疗服务-医疗研发外包,688222.SH,17,688222
电子-电子化学品-电子化学品Ⅲ,600330.SH,17,600330
建筑材料-建筑材料-玻璃玻纤,601636.SH,17,601636
计算机-计算机设备-安防设备,300270.SZ,33,300270
电子-光学光电子-面板,300909.SZ,33,300909
电子-半导体-半导体材料,688584.SH,17,688584
计算机-软件开发-垂直应用软件,920592.BJ,151,920592
电力设备-电网设备-电气自控设备,002980.SZ,33,002980
电子-半导体-分立器件,688693.SH,17,688693
电子-电子化学品-电子化学品Ⅲ,300054.SZ,33,300054
电子-电子化学品-电子化学品Ⅲ,300236.SZ,33,300236
有色金属-小金属-其他小金属,002428.SZ,33,002428
电子-半导体-分立器件,688498.SH,17,688498
通信-通信设备-通信线缆及配套,600522.SH,17,600522
电子-元件-被动元件,920981.BJ,151,920981
机械设备-自动化设备-其他自动化设备,301568.SZ,33,301568
电子-光学光电子-面板,300939.SZ,33,300939
电子-元件-印制电路板,688183.SH,17,688183
基础化工-化学制品-其他化学制品,002430.SZ,33,002430
汽车-汽车零部件-底盘与发动机系统,603950.SH,17,603950
医药生物-医疗服务-医疗研发外包,002821.SZ,33,002821
电力设备-其他电源设备-其他电源设备Ⅲ,301669.SZ,33,301669
计算机-软件开发-垂直应用软件,300085.SZ,33,300085
机械设备-通用设备-金属制品,002871.SZ,33,002871
通信-通信服务-通信应用增值服务,300921.SZ,33,300921
国防军工-军工装备-航空装备,300395.SZ,33,300395
国防军工-军工电子-军工电子Ⅲ,603678.SH,17,603678
电子-半导体-集成电路制造,688469.SH,17,688469
电子-半导体-半导体材料,920012.BJ,151,920012
家用电器-白色家电-家电零部件,603311.SH,17,603311
电子-半导体-分立器件,300046.SZ,33,300046
电力设备-电网设备-电气自控设备,001388.SZ,33,001388
电力设备-电网设备-线缆部件及其他,600973.SH,17,600973
电子-半导体-数字芯片设计,688802.SH,17,688802
轻工制造-家居用品-定制家居,603898.SH,17,603898
国防军工-军工电子-军工电子Ⅲ,603267.SH,17,603267
电子-光学光电子-面板,603773.SH,17,603773
电子-半导体-数字芯片设计,688702.SH,17,688702
电子-光学光电子-LED,002654.SZ,33,002654
电子-光学光电子-光学元件,301421.SZ,33,301421
电子-半导体-集成电路封测,002185.SZ,33,002185
电子-半导体-半导体设备,301629.SZ,33,301629
电力设备-电机-电机Ⅲ,300626.SZ,33,300626
机械设备-通用设备-仪器仪表,688115.SH,17,688115
机械设备-通用设备-制冷空调设备,000811.SZ,33,000811
建筑材料-建筑材料-玻璃玻纤,002080.SZ,33,002080
电力设备-光伏设备-硅料硅片,002129.SZ,33,002129
机械设备-轨交设备-轨交设备Ⅲ,688187.SH,17,688187
机械设备-自动化设备-其他自动化设备,920178.BJ,151,920178
建筑材料-建筑材料-玻璃玻纤,300196.SZ,33,300196
有色金属-贵金属-贵金属Ⅲ,600961.SH,17,600961
基础化工-化学制品-食品及饲料添加剂,920970.BJ,151,920970
电力设备-电池-其他电池,002733.SZ,33,002733
计算机-IT服务-IT服务Ⅲ,300166.SZ,33,300166
机械设备-自动化设备-其他自动化设备,301200.SZ,33,301200
机械设备-专用设备-其他专用设备,688001.SH,17,688001
基础化工-农化制品-磷肥及磷化工,600141.SH,17,600141
电子-元件-被动元件,002484.SZ,33,002484
通信-通信设备-通信网络设备及器件,001267.SZ,33,001267
电子-元件-印制电路板,603936.SH,17,603936
通信-通信设备-通信网络设备及器件,300620.SZ,33,300620
基础化工-化学原料-氯碱,000510.SZ,33,000510
医药生物-化学制药-原料药,300401.SZ,33,300401
电子-半导体-数字芯片设计,688256.SH,17,688256
电子-元件-印制电路板,301251.SZ,33,301251
通信-通信服务-通信应用增值服务,300571.SZ,33,300571
电子-元件-印制电路板,603459.SH,17,603459
电子-消费电子-消费电子零部件及组装,603890.SH,17,603890
医药生物-医疗服务-其他医疗服务,301235.SZ,33,301235
电子-消费电子-消费电子零部件及组装,601231.SH,17,601231
电子-光学光电子-光学元件,300566.SZ,33,300566
计算机-计算机设备-其他计算机设备,603019.SH,17,603019
计算机-软件开发-垂直应用软件,300803.SZ,33,300803
国防军工-军工电子-军工电子Ⅲ,688011.SH,17,688011
通信-通信设备-通信终端及配件,003031.SZ,33,003031
基础化工-化学制品-涂料油墨,001335.SZ,33,001335
电子-消费电子-消费电子零部件及组装,301123.SZ,33,301123
电子-元件-印制电路板,600183.SH,17,600183
电子-半导体-模拟芯片设计,688381.SH,17,688381
电子-光学光电子-面板,301379.SZ,33,301379
电力设备-电网设备-线缆部件及其他,600869.SH,17,600869
计算机-IT服务-IT服务Ⅲ,301178.SZ,33,301178
电子-半导体-数字芯片设计,688041.SH,17,688041
农林牧渔-农产品加工-其他农产品加工,600737.SH,17,600737
房地产-房地产-住宅开发,600246.SH,17,600246
计算机-计算机设备-其他计算机设备,001339.SZ,33,001339
通信-通信设备-通信线缆及配套,600487.SH,17,600487
电子-元件-印制电路板,603186.SH,17,603186
电子-元件-印制电路板,002913.SZ,33,002913
电子-元件-印制电路板,300814.SZ,33,300814
电子-半导体-半导体材料,301678.SZ,33,301678
综合-综合-综合Ⅲ,600770.SH,17,600770
电子-半导体-分立器件,688711.SH,17,688711
计算机-IT服务-IT服务Ⅲ,688191.SH,17,688191
通信-通信设备-通信终端及配件,688027.SH,17,688027
电子-消费电子-消费电子零部件及组装,002475.SZ,33,002475
有色金属-金属新材料-磁性材料,300811.SZ,33,300811
计算机-软件开发-垂直应用软件,300935.SZ,33,300935
建筑装饰-建筑装饰-专业工程,601133.SH,17,601133
通信-通信设备-通信网络设备及器件,600498.SH,17,600498
医药生物-医疗器械-医疗耗材,920072.BJ,151,920072
计算机-IT服务-IT服务Ⅲ,600589.SH,17,600589
电子-光学光电子-LED,002137.SZ,33,002137
电子-消费电子-消费电子零部件及组装,300868.SZ,33,300868
计算机-计算机设备-其他计算机设备,002990.SZ,33,002990
计算机-计算机设备-其他计算机设备,300302.SZ,33,300302
电子-其他电子-其他电子Ⅲ,688800.SH,17,688800
建筑装饰-建筑装饰-装饰园林,002989.SZ,33,002989
国防军工-军工电子-军工电子Ⅲ,301682.SZ,33,301682
基础化工-塑料制品-其他塑料制品,300243.SZ,33,300243
国防军工-军工电子-军工电子Ⅲ,000733.SZ,33,000733
电子-半导体-数字芯片设计,688416.SH,17,688416
电子-半导体-半导体材料,920179.BJ,151,920179
轻工制造-包装印刷-包装,002787.SZ,33,002787
医药生物-医疗服务-医疗研发外包,688046.SH,17,688046
基础化工-化学纤维-其他纤维,000782.SZ,33,000782
电子-元件-被动元件,301566.SZ,33,301566
电子-元件-印制电路板,002579.SZ,33,002579
计算机-计算机设备-其他计算机设备,300042.SZ,33,300042
电子-半导体-分立器件,688167.SH,17,688167
电子-消费电子-消费电子零部件及组装,601138.SH,17,601138
机械设备-工程机械-工程机械Ⅲ,300201.SZ,33,300201
基础化工-塑料制品-合成树脂,605589.SH,17,605589
电力设备-其他电源设备-其他电源设备Ⅲ,688551.SH,17,688551
电力设备-光伏设备-光伏加工设备,300776.SZ,33,300776
计算机-IT服务-IT服务Ⅲ,300687.SZ,33,300687
基础化工-化学原料-无机盐,603067.SH,17,603067
电子-消费电子-消费电子零部件及组装,603380.SH,17,603380
电子-半导体-半导体设备,688082.SH,17,688082
电子-电子化学品-电子化学品Ⅲ,603115.SH,17,603115
机械设备-自动化设备-工控设备,002975.SZ,33,002975
机械设备-自动化设备-激光设备,301021.SZ,33,301021
基础化工-化学原料-无机盐,600367.SH,17,600367
基础化工-非金属材料-非金属材料Ⅲ,603688.SH,17,603688
通信-通信设备-通信线缆及配套,000070.SZ,33,000070
机械设备-自动化设备-机器人,688090.SH,17,688090
通信-通信设备-通信线缆及配套,601869.SH,17,601869
机械设备-自动化设备-其他自动化设备,688312.SH,17,688312
建筑装饰-建筑装饰-专业工程,000032.SZ,33,000032
环保-环保设备-环保设备Ⅲ,300786.SZ,33,300786
电子-元件-印制电路板,300936.SZ,33,300936
石油石化-石油加工贸易-油品石化贸易,603353.SH,17,603353
电子-半导体-半导体材料,688126.SH,17,688126
环保-环保设备-环保设备Ⅲ,688376.SH,17,688376
电子-光学光电子-光学元件,688502.SH,17,688502
电子-元件-印制电路板,300739.SZ,33,300739
电子-元件-印制电路板,688655.SH,17,688655
机械设备-自动化设备-其他自动化设备,300757.SZ,33,300757
电子-半导体-数字芯片设计,688123.SH,17,688123
电子-半导体-集成电路封测,002156.SZ,33,002156
通信-通信设备-通信线缆及配套,300913.SZ,33,300913
电子-电子化学品-电子化学品Ⅲ,603256.SH,17,603256
电子-半导体-数字芯片设计,688110.SH,17,688110
机械设备-自动化设备-激光设备,688559.SH,17,688559
电力设备-风电设备-风电零部件,603063.SH,17,603063
计算机-软件开发-垂直应用软件,301269.SZ,33,301269
建筑装饰-建筑装饰-专业工程,603929.SH,17,603929
电子-半导体-半导体材料,688401.SH,17,688401
电力设备-其他电源设备-其他电源设备Ⅲ,300820.SZ,33,300820
电子-光学光电子-光学元件,002962.SZ,33,002962
机械设备-专用设备-其他专用设备,301392.SZ,33,301392
电子-元件-印制电路板,001389.SZ,33,001389
电力设备-电网设备-线缆部件及其他,300265.SZ,33,300265
电子-半导体-模拟芯片设计,688220.SH,17,688220
电子-半导体-数字芯片设计,001309.SZ,33,001309
基础化工-化学原料-无机盐,600714.SH,17,600714
有色金属-金属新材料-磁性材料,300835.SZ,33,300835
电子-其他电子-其他电子Ⅲ,300975.SZ,33,300975
电子-半导体-半导体材料,688138.SH,17,688138
电子-光学光电子-光学元件,301183.SZ,33,301183
公用事业-电力-新能源发电,002053.SZ,33,002053
轻工制造-包装印刷-包装,002831.SZ,33,002831
机械设备-自动化设备-激光设备,002008.SZ,33,002008
医药生物-医疗器械-医疗耗材,301188.SZ,33,301188
电子-半导体-数字芯片设计,300223.SZ,33,300223
通信-通信服务-通信工程及服务,301139.SZ,33,301139
电子-元件-被动元件,002138.SZ,33,002138
轻工制造-包装印刷-包装,300260.SZ,33,300260
通信-通信设备-通信网络设备及器件,688205.SH,17,688205
电子-半导体-数字芯片设计,688521.SH,17,688521
电子-半导体-数字芯片设计,688525.SH,17,688525
电子-半导体-分立器件,688048.SH,17,688048
电子-半导体-分立器件,605111.SH,17,605111
机械设备-自动化设备-工控设备,688777.SH,17,688777
基础化工-非金属材料-非金属材料Ⅲ,688300.SH,17,688300
电子-元件-印制电路板,002938.SZ,33,002938
电子-半导体-半导体设备,300604.SZ,33,300604
电力设备-光伏设备-逆变器,688390.SH,17,688390
建筑材料-建筑材料-其他建材,300715.SZ,33,300715
电力设备-其他电源设备-其他电源设备Ⅲ,300870.SZ,33,300870
通信-通信设备-通信网络设备及器件,920045.BJ,151,920045
电子-光学光电子-面板,600552.SH,17,600552
电子-半导体-数字芯片设计,688766.SH,17,688766
电子-半导体-集成电路制造,688347.SH,17,688347
公用事业-电力-火电,001896.SZ,33,001896
通信-通信设备-通信网络设备及器件,301419.SZ,33,301419
电子-半导体-分立器件,603290.SH,17,603290
机械设备-专用设备-纺织服装设备,600545.SH,17,600545
电子-消费电子-消费电子零部件及组装,300136.SZ,33,300136
电子-半导体-模拟芯片设计,688286.SH,17,688286
煤炭-煤炭开采加工-煤炭开采,600726.SH,17,600726
机械设备-自动化设备-工控设备,603203.SH,17,603203
纺织服饰-服装家纺-鞋帽及其他,603001.SH,17,603001
电子-光学光电子-面板,002106.SZ,33,002106
轻工制造-包装印刷-包装,002735.SZ,33,002735
电子-半导体-集成电路封测,603005.SH,17,603005
计算机-软件开发-垂直应用软件,301095.SZ,33,301095
机械设备-自动化设备-其他自动化设备,001223.SZ,33,001223
建筑装饰-建筑装饰-工程咨询服务,603458.SH,17,603458
电子-半导体-半导体材料,688797.SH,17,688797
电子-半导体-半导体材料,605358.SH,17,605358
电子-半导体-集成电路封测,600584.SH,17,600584
机械设备-自动化设备-激光设备,000988.SZ,33,000988
电子-元件-被动元件,600563.SH,17,600563
通信-通信设备-通信网络设备及器件,002281.SZ,33,002281
电子-元件-印制电路板,002463.SZ,33,002463
电子-元件-印制电路板,002384.SZ,33,002384
电子-半导体-数字芯片设计,603986.SH,17,603986
环保-环保设备-环保设备Ⅲ,603324.SH,17,603324
建筑装饰-建筑装饰-装饰园林,605289.SH,17,605289
通信-通信设备-通信终端及配件,603083.SH,17,603083
电子-半导体-半导体材料,003026.SZ,33,003026
电子-半导体-分立器件,688172.SH,17,688172
计算机-IT服务-IT服务Ⅲ,603629.SH,17,603629
电子-半导体-半导体设备,603061.SH,17,603061
建筑装饰-建筑装饰-工程咨询服务,600667.SH,17,600667
建筑装饰-建筑装饰-专业工程,603163.SH,17,603163
电子-元件-印制电路板,000823.SZ,33,000823
电子-其他电子-其他电子Ⅲ,002859.SZ,33,002859
电子-元件-被动元件,000636.SZ,33,000636
电子-半导体-半导体材料,002409.SZ,33,002409
电子-半导体-半导体设备,002371.SZ,33,002371
有色金属-能源金属-镍,605376.SH,17,605376
国防军工-军工装备-地面兵装,600184.SH,17,600184
通信-通信设备-通信线缆及配套,002491.SZ,33,002491
机械设备-自动化设备-工控设备,603283.SH,17,603283
机械设备-通用设备-其他通用设备,605060.SH,17,605060
电子-元件-被动元件,603738.SH,17,603738
通信-通信设备-通信线缆及配套,600105.SH,17,600105
电子-消费电子-消费电子零部件及组装,000021.SZ,33,000021
电子-元件-被动元件,600237.SH,17,600237
建筑材料-建筑材料-玻璃玻纤,605006.SH,17,605006
公用事业-电力-火电,600396.SH,17,600396
传媒-文化传媒-数字媒体,600228.SH,17,600228
基础化工-塑料制品-膜材料,002522.SZ,33,002522
基础化工-塑料制品-膜材料,300806.SZ,33,300806
电子-光学光电子-光学元件,688195.SH,17,688195
电子-其他电子-其他电子Ⅲ,301099.SZ,33,301099
电子-半导体-分立器件,688261.SH,17,688261
电子-电子化学品-电子化学品Ⅲ,300481.SZ,33,300481
电子-半导体-数字芯片设计,301308.SZ,33,301308
电子-半导体-半导体设备,688785.SH,17,688785
通信-通信设备-通信网络设备及器件,688668.SH,17,688668
电子-电子化学品-电子化学品Ⅲ,688268.SH,17,688268
医药生物-医疗器械-医疗耗材,301093.SZ,33,301093
计算机-软件开发-垂直应用软件,688507.SH,17,688507
电子-其他电子-其他电子Ⅲ,920181.BJ,151,920181
电子-电子化学品-电子化学品Ⅲ,688548.SH,17,688548
电子-半导体-半导体设备,301297.SZ,33,301297
机械设备-自动化设备-激光设备,688025.SH,17,688025
计算机-软件开发-垂直应用软件,688206.SH,17,688206
机械设备-专用设备-其他专用设备,688419.SH,17,688419
电子-半导体-分立器件,300373.SZ,33,300373
电子-电子化学品-电子化学品Ⅲ,688603.SH,17,688603
电子-光学光电子-面板,688181.SH,17,688181
电子-电子化学品-电子化学品Ⅲ,688545.SH,17,688545
电子-光学光电子-光学元件,688127.SH,17,688127
电力设备-光伏设备-光伏电池组件,300093.SZ,33,300093
电力设备-光伏设备-光伏加工设备,300316.SZ,33,300316
机械设备-通用设备-仪器仪表,300567.SZ,33,300567
电子-元件-被动元件,300319.SZ,33,300319
机械设备-自动化设备-其他自动化设备,688003.SH,17,688003
通信-通信设备-通信网络设备及器件,301205.SZ,33,301205
基础化工-化学制品-其他化学制品,301373.SZ,33,301373
计算机-计算机设备-其他计算机设备,300857.SZ,33,300857
机械设备-通用设备-仪器仪表,301197.SZ,33,301197
电子-半导体-半导体设备,688012.SH,17,688012
电子-元件-印制电路板,301366.SZ,33,301366
通信-通信设备-通信网络设备及器件,300502.SZ,33,300502
电子-半导体-半导体设备,688037.SH,17,688037
机械设备-专用设备-其他专用设备,688813.SH,17,688813
计算机-IT服务-IT服务Ⅲ,300290.SZ,33,300290
电子-半导体-半导体材料,688721.SH,17,688721
机械设备-通用设备-仪器仪表,688610.SH,17,688610
通信-通信设备-通信网络设备及器件,300394.SZ,33,300394
计算机-IT服务-IT服务Ⅲ,301396.SZ,33,301396
机械设备-专用设备-其他专用设备,688627.SH,17,688627
电力设备-电网设备-输变电设备,920222.BJ,151,920222
电子-半导体-半导体设备,920186.BJ,151,920186
电子-半导体-半导体设备,688809.SH,17,688809
电子-半导体-半导体设备,688652.SH,17,688652
通信-通信设备-通信网络设备及器件,300548.SZ,33,300548
电子-元件-印制电路板,300852.SZ,33,300852
机械设备-专用设备-其他专用设备,301013.SZ,33,301013
电子-半导体-半导体材料,300706.SZ,33,300706
基础化工-化学制品-其他化学制品,688179.SH,17,688179
电子-元件-被动元件,300408.SZ,33,300408
电力设备-光伏设备-光伏加工设备,300751.SZ,33,300751
电子-半导体-半导体材料,300666.SZ,33,300666
电子-其他电子-其他电子Ⅲ,300475.SZ,33,300475
机械设备-自动化设备-激光设备,688170.SH,17,688170
机械设备-通用设备-仪器仪表,301528.SZ,33,301528
电子-半导体-半导体设备,688147.SH,17,688147
商贸零售-互联网电商-互联网电商Ⅲ,300518.SZ,33,300518
电子-半导体-半导体材料,688233.SH,17,688233
电子-半导体-数字芯片设计,688008.SH,17,688008
电子-半导体-半导体设备,688120.SH,17,688120
电子-半导体-半导体设备,688200.SH,17,688200
电子-电子化学品-电子化学品Ⅲ,688020.SH,17,688020
电子-消费电子-消费电子零部件及组装,688260.SH,17,688260
电子-半导体-半导体设备,688361.SH,17,688361
电子-半导体-半导体设备,688409.SH,17,688409
机械设备-通用设备-仪器仪表,688056.SH,17,688056
电子-半导体-半导体材料,301611.SZ,33,301611
计算机-IT服务-IT服务Ⅲ,920305.BJ,151,920305
纺织服饰-服装家纺-饰品,002731.SZ,33,002731
机械设备-通用设备-其他通用设备,920117.BJ,151,920117
电子-其他电子-其他电子Ⅲ,002729.SZ,33,002729
公用事业-燃气-燃气Ⅲ,300332.SZ,33,300332
社会服务-旅游及酒店-旅游综合,000524.SZ,33,000524
医药生物-生物制品-其他生物制品,688806.SH,17,688806
汽车-汽车零部件-底盘与发动机系统,920136.BJ,151,920136
电子-电子化学品-电子化学品Ⅲ,920189.BJ,151,920189
家用电器-小家电-小家电Ⅲ,920081.BJ,151,920081
电子-半导体-半导体设备,301583.SZ,33,301583
基础化工-化学制品-其他化学制品,300214.SZ,33,300214
