name,code,now,close,open,volume,bid1,bid1_volume,ask1,ask1_volume,涨跌(%),high,low,成交量(手),成交额(万),turnover,振幅,流通市值,总市值,涨停价,跌停价,量比
纳百川,sz301667,120.65,115.69,111.21,9766900.0,120.64,700,120.65,400,4.29,123.8,108.0,9766900,1131970000.0,43.42,13.66,27.14,134.73,138.83,92.55,1.15
锡华科技,sh603248,25.01,25.08,24.91,5769400.0,25.0,63700,25.01,6900,-0.28,25.66,24.91,5769400,145220000.0,8.32,2.99,17.33,115.05,27.59,22.57,0.69
天溯计量,sz301449,79.97,79.17,78.36,1223500.0,79.96,2300,79.98,2000,1.01,80.65,78.05,1223500,97750000.0,8.79,3.28,11.13,52.15,95.0,63.34,0.7
美埃科技,sh688376,70.44,69.4,67.8,180044800.0,70.39,500,70.44,1100,1.5,71.3,67.8,180044800,125880000.0,1.33,5.04,95.27,95.27,83.28,55.52,0.79
同飞股份,sz300990,83.63,88.66,87.0,7307800.0,83.63,300,83.64,1500,-5.67,87.48,83.1,7307800,616430000.0,9.48,4.94,64.5,142.66,106.39,70.93,1.1
中光防雷,sz300414,14.7,14.48,14.48,13668900.0,14.7,25300,14.71,115900,1.52,14.75,14.31,13668900,199700000.0,4.36,3.04,46.09,47.92,17.38,11.58,1.35
苏州天脉,sz301626,259.66,264.99,264.98,1493500.0,259.55,1200,259.66,1100,-2.01,268.2,257.3,1493500,390880000.0,2.84,4.11,136.63,300.37,317.99,211.99,0.58
ST名家汇,sz300506,5.04,4.94,4.95,6400800.0,5.03,209400,5.04,68700,2.02,5.04,4.88,6400800,31730000.0,0.87,3.24,37.03,71.85,5.93,3.95,0.87
森赫股份,sz301056,15.15,14.84,14.76,5901800.0,15.12,11000,15.15,5800,2.09,15.34,14.5,5901800,88470000.0,3.35,5.66,26.66,40.42,17.81,11.87,0.76
宏达电子,sz300726,48.51,47.42,48.3,12004500.0,48.51,10300,48.54,100,2.3,49.61,47.97,12004500,586060000.0,5.6,3.46,104.02,199.78,56.9,37.94,1.59
宏源药业,sz301246,24.46,23.65,23.42,19479300.0,24.45,13000,24.46,25000,3.42,24.69,23.3,19479300,470640000.0,11.45,5.88,41.6,97.84,28.38,18.92,1.18
华盛锂电,sh688353,119.92,115.77,115.77,560630700.0,119.92,14800,119.93,600,3.58,120.88,114.1,560630700,663080000.0,3.51,5.86,191.27,191.27,138.92,92.62,0.81
鼎泰高科,sz301377,216.68,223.35,223.38,3564500.0,216.6,700,216.7,500,-2.99,227.8,215.13,3564500,782870000.0,5.02,5.67,153.89,888.39,268.02,178.68,0.73
腾景科技,sh688195,345.0,363.0,359.98,1028199500.0,345.0,33900,345.01,900,-4.96,361.98,335.1,1028199500,3566400000.0,7.95,7.4,446.26,446.26,435.6,290.4,0.95
珂玛科技,sz301611,111.58,106.7,106.81,17155900.0,111.57,700,111.58,3100,4.57,113.0,105.23,17155900,1885910000.0,11.7,7.28,163.56,486.49,128.04,85.36,1.03
新诺威,sz300765,30.79,31.06,31.06,7349300.0,30.79,1600,30.8,35700,-0.87,31.35,30.03,7349300,226230000.0,0.52,4.25,432.47,432.47,37.27,24.85,0.68
安达智能,sh688125,212.0,218.69,215.83,78602700.0,212.0,1700,212.76,200,-3.06,221.55,211.28,78602700,168770000.0,0.96,4.7,173.18,174.11,262.43,174.95,0.7
杰华特,sh688141,83.1,71.63,75.0,3696414200.0,83.09,2300,83.1,9600,16.01,84.7,70.48,3696414200,2873300000.0,8.21,19.85,374.22,374.22,85.96,57.3,2.83
铜冠铜箔,sz301217,47.0,48.28,47.5,26328400.0,47.0,33900,47.01,3000,-2.65,48.41,46.5,26328400,1242340000.0,3.18,3.96,389.64,389.64,57.94,38.62,0.55
海科新源,sz301292,84.35,83.76,81.0,18859100.0,84.34,300,84.35,5300,0.7,87.54,79.41,18859100,1581210000.0,22.17,9.71,71.76,187.93,100.51,67.01,0.9
奕东电子,sz301123,64.7,67.81,66.12,9369500.0,64.7,1700,64.71,1000,-4.59,67.35,64.31,9369500,612230000.0,4.01,4.48,151.14,151.81,81.37,54.25,0.69
安通控股,sh600179,4.34,4.4,4.38,29119200.0,4.34,72000,4.35,213600,-1.36,4.4,4.31,29119200,126500000.0,0.75,2.05,167.62,183.65,4.84,3.96,0.71
华联控股,sz000036,5.18,5.05,5.03,42500500.0,5.17,142200,5.18,62400,2.57,5.22,5.01,42500500,217720000.0,3.03,4.16,72.58,72.72,5.56,4.55,1.27
滨海能源,sz000695,14.67,14.57,14.48,9791500.0,14.67,9400,14.69,10700,0.69,14.89,14.3,9791500,143610000.0,4.41,4.05,32.54,34.0,16.03,13.11,0.72
嘉美包装,sz002969,21.61,21.54,21.41,36677600.0,21.61,33000,21.62,47900,0.32,22.2,21.21,36677600,799380000.0,3.36,4.6,236.04,237.38,23.69,19.39,0.74
联发股份,sz002394,12.38,13.75,12.38,5359400.0,0.0,0,12.38,4953400,-9.96,12.38,12.38,5359400,66350000.0,1.66,0.0,40.0,40.07,15.13,12.38,0.68
海汽集团,sh603069,16.72,16.65,16.63,4822100.0,16.72,5900,16.73,10500,0.42,16.98,16.55,4822100,80780000.0,1.53,2.58,52.84,52.84,18.32,14.99,0.81
胜通能源,sz001331,49.53,49.15,49.16,3161200.0,49.52,100,49.53,2300,0.77,50.14,48.94,3161200,156900000.0,1.88,2.44,83.15,139.79,54.07,44.24,0.84
海南瑞泽,sz002596,3.41,3.39,3.4,25123700.0,3.4,334800,3.41,18400,0.59,3.43,3.35,25123700,85220000.0,2.19,2.36,39.1,39.13,3.73,3.05,0.86
多氟多,sz002407,33.04,30.04,30.54,199211500.0,33.04,9488200,0.0,0,9.99,33.04,30.15,199211500,6341990000.0,18.47,9.62,356.42,393.32,33.04,27.04,1.91
章源钨业,sz002378,30.8,31.37,30.97,51061000.0,30.79,10000,30.8,66300,-1.82,31.4,30.01,51061000,1561040000.0,4.27,4.43,368.1,370.04,34.51,28.23,0.57
神剑股份,sz002361,21.46,22.99,22.77,321971700.0,21.45,687600,21.46,35100,-6.66,23.39,21.2,321971700,7154990000.0,39.79,9.53,173.64,204.09,25.29,20.69,0.95
圣晖集成,sh603163,104.18,104.57,103.0,1907400.0,104.16,300,104.2,900,-0.37,108.0,103.0,1907400,200980000.0,1.91,4.78,104.18,104.18,115.03,94.11,0.58
万润股份,sz002643,16.72,16.78,16.72,11929900.0,16.71,81400,16.72,81800,-0.36,16.94,16.64,11929900,200140000.0,1.31,1.79,152.03,154.32,18.46,15.1,0.92
快克智能,sh603203,45.92,45.28,45.01,7579000.0,45.91,1400,45.92,16500,1.41,47.1,44.72,7579000,348130000.0,3.04,5.26,114.41,116.48,49.81,40.75,0.86
海南发展,sz002163,11.84,12.18,12.16,24574500.0,11.84,38000,11.85,140000,-2.79,12.16,11.8,24574500,292660000.0,3.06,2.96,95.14,100.04,13.4,10.96,0.67
宏和科技,sh603256,107.0,105.89,103.72,25388400.0,106.99,20800,107.0,4500,1.05,110.0,103.57,25388400,2710900000.0,2.89,6.07,941.31,967.91,116.48,95.3,0.89
亚翔集成,sh603929,189.12,185.4,185.99,5929800.0,189.11,100,189.13,1000,2.01,199.2,185.0,5929800,1137350000.0,2.78,7.66,403.51,403.51,203.94,166.86,1.13
世嘉科技,sz002796,57.75,60.99,59.99,18010800.0,57.75,600,57.77,100,-5.31,60.34,57.0,18010800,1057100000.0,7.91,5.48,131.5,145.74,67.09,54.89,0.68
深圳新星,sh603978,25.49,24.25,24.25,13665100.0,25.48,8700,25.49,64400,5.11,25.84,24.06,13665100,344390000.0,6.47,7.34,53.81,53.81,26.68,21.83,1.78
友邦吊顶,sz002718,70.0,71.09,70.5,1369600.0,70.0,2200,70.05,500,-1.53,71.18,69.26,1369600,96300000.0,1.46,2.7,65.79,90.61,78.2,63.98,0.78
九鼎新材,sz002201,14.2,14.8,14.2,128817200.0,14.2,961400,14.21,32800,-4.05,15.28,14.2,128817200,1890480000.0,21.4,7.3,85.49,92.53,16.28,13.32,1.14
国风新材,sz000859,9.21,9.51,9.4,38568000.0,9.2,487700,9.21,166200,-3.15,9.69,9.17,38568000,360450000.0,4.3,5.47,82.51,82.52,10.46,8.56,0.76
天际股份,sz002759,33.41,31.95,31.78,48603400.0,33.41,240100,33.42,123500,4.57,33.66,31.63,48603400,1603270000.0,9.7,6.35,167.36,167.51,35.15,28.76,1.01
东材科技,sh601208,34.2,34.13,34.13,44640200.0,34.19,2900,34.2,81200,0.21,34.75,33.65,44640200,1522750000.0,4.42,3.22,345.48,345.48,37.54,30.72,0.61
三孚股份,sh603938,29.78,30.54,29.87,20319400.0,29.78,57200,29.79,2500,-2.49,30.46,29.31,20319400,606560000.0,5.31,3.77,113.95,113.95,33.59,27.49,0.84
航天工程,sh603698,40.5,43.1,42.74,47846100.0,40.49,6500,40.5,32900,-6.03,43.6,39.4,47846100,1960420000.0,8.93,9.74,217.08,217.08,47.41,38.79,0.8
翔鹭钨业,sz002842,31.95,32.31,31.97,26467600.0,31.94,22700,31.95,38800,-1.11,32.51,31.1,26467600,836700000.0,9.86,4.36,85.77,104.53,35.54,29.08,0.51
天赐材料,sz002709,53.04,49.41,49.42,155398200.0,53.03,193100,53.04,122700,7.35,54.22,48.6,155398200,7951810000.0,10.3,11.37,800.38,1081.25,54.35,44.47,1.25
安记食品,sh603696,15.31,15.6,15.42,4755200.0,15.31,900,15.32,1500,-1.86,15.48,15.18,4755200,72850000.0,2.02,1.92,36.01,36.01,17.16,14.04,0.8
柏诚股份,sh601133,22.95,23.34,23.3,16421900.0,22.94,36800,22.95,10000,-1.67,23.8,22.86,16421900,380670000.0,3.13,4.03,120.35,121.18,25.67,21.01,0.8
德尔未来,sz002631,7.23,7.26,7.26,15396900.0,7.22,23800,7.23,6100,-0.41,7.36,7.09,15396900,111030000.0,1.94,3.72,57.38,57.64,7.99,6.53,0.75
创元科技,sz000551,14.64,14.98,14.84,20462600.0,14.64,50200,14.65,20000,-2.27,15.15,14.58,20462600,303570000.0,4.22,3.81,70.94,70.96,16.48,13.48,1.31
浔兴股份,sz002098,8.85,8.73,8.73,3099400.0,8.85,95400,8.86,12400,1.37,8.88,8.63,3099400,27220000.0,0.87,2.86,31.68,31.68,9.6,7.86,1.03
合兴包装,sz002228,3.78,3.8,3.78,23119000.0,3.77,342000,3.78,130400,-0.53,3.82,3.74,23119000,87090000.0,1.91,2.11,45.71,45.87,4.18,3.42,0.54
神农种业,sz300189,6.44,6.57,6.48,47357100.0,6.44,203500,6.45,142400,-1.98,6.57,6.37,47357100,305700000.0,5.34,3.04,57.07,65.95,7.88,5.26,0.84
南宁百货,sh600712,5.75,5.76,5.75,6707700.0,5.75,8800,5.76,27300,-0.17,5.77,5.64,6707700,38220000.0,1.25,2.26,30.97,31.32,6.34,5.18,1.19
集泰股份,sz002909,6.39,6.33,6.32,6600800.0,6.39,26300,6.4,10500,0.95,6.45,6.25,6600800,41890000.0,1.74,3.16,24.31,24.92,6.96,5.7,0.69
鹏辉能源,sz300438,69.3,68.09,67.12,39303200.0,69.29,1100,69.3,28900,1.78,70.53,65.63,39303200,2683570000.0,9.72,7.2,280.09,348.82,81.71,54.47,1.1
大中矿业,sz001203,47.41,44.77,43.64,32836700.0,47.41,3700,47.42,59200,5.9,48.4,43.28,32836700,1515560000.0,2.51,11.44,619.16,726.83,49.25,40.29,1.13
菱电电控,sh688667,151.88,152.64,150.01,177836800.0,151.31,200,151.88,26200,-0.5,154.95,146.63,177836800,267610000.0,3.37,5.45,80.03,80.03,183.17,122.11,0.82
海南海药,sz000566,5.07,5.13,5.11,23382800.0,5.07,142000,5.08,126300,-1.17,5.18,5.04,23382800,118840000.0,1.8,2.73,65.74,65.78,5.64,4.62,0.8
鲁信创投,sh600783,22.64,21.68,21.88,67414800.0,22.64,171800,22.65,43400,4.43,23.85,21.69,67414800,1537580000.0,9.06,9.96,168.52,168.52,23.85,19.51,3.59
鸿富瀚,sz301086,189.13,189.96,186.01,1689200.0,189.08,100,189.13,11200,-0.44,192.63,186.01,1689200,319400000.0,3.6,3.48,88.74,170.22,227.95,151.97,0.56
鹭燕医药,sz002788,13.79,14.18,13.93,28898700.0,13.79,34500,13.8,33700,-2.75,13.94,13.67,28898700,398010000.0,7.57,1.9,52.65,53.58,15.6,12.76,0.66
青鸟智控,sz002960,11.84,12.12,12.06,15100700.0,11.83,10500,11.84,20800,-2.31,12.22,11.72,15100700,179350000.0,1.87,4.13,95.73,104.17,13.33,10.91,0.95
和林微纳,sh688661,109.5,111.04,111.12,765571000.0,109.5,500,109.55,300,-1.39,112.39,106.6,765571000,832170000.0,5.04,5.21,166.32,166.32,133.25,88.83,0.69
联特科技,sz301205,257.52,270.23,265.38,9722000.0,257.51,1600,257.53,600,-4.7,271.99,252.01,9722000,2526400000.0,11.66,7.39,214.78,334.12,324.28,216.18,0.92
天华新能,sz300390,91.0,80.07,80.3,97797200.0,90.99,4500,91.0,61000,13.65,92.78,79.58,97797200,8541910000.0,14.55,16.49,611.76,755.98,96.08,64.06,1.54
可川科技,sh603052,91.07,94.66,94.0,12006700.0,91.07,400,91.08,1100,-3.79,96.41,87.52,12006700,1099550000.0,6.39,9.39,171.12,171.12,104.13,85.19,0.92
华康洁净,sz301235,51.51,53.5,53.5,5559900.0,51.51,4700,51.56,1500,-3.72,53.96,51.33,5559900,290550000.0,7.64,4.92,37.47,55.52,64.2,42.8,0.71
石大胜华,sh603026,104.06,102.76,101.2,21587500.0,104.05,300,104.06,700,1.27,105.75,99.5,21587500,2220960000.0,9.28,6.08,242.15,242.15,113.04,92.48,1.03
天宏锂电,bj920252,27.46,27.3,27.3,2170800.0,27.46,9300,27.47,5300,0.59,27.65,27.08,2170800,59465500.0,3.18,2.09,18.74,28.19,35.49,19.11,0.55
华瑞股份,sz300626,26.49,28.01,27.74,12774400.0,26.48,4000,26.49,600,-5.43,29.85,26.22,12774400,352080000.0,7.1,12.96,47.66,47.68,33.61,22.41,1.26
京能电力,sh600578,5.48,5.53,5.5,35641900.0,5.47,278500,5.48,19000,-0.9,5.53,5.42,35641900,195190000.0,0.53,1.99,366.87,366.87,6.08,4.98,1.12
山东黄金,sh600547,35.84,35.84,35.65,54807400.0,35.84,48500,35.85,92900,0.0,35.95,34.88,54807400,1939830000.0,1.52,2.99,1295.42,1652.2,39.42,32.26,1.06
同惠电子,bj920509,31.92,31.73,31.91,1782500.0,31.91,4600,31.92,10700,0.6,32.64,31.4,1782500,56992900.0,2.12,3.91,26.81,51.17,41.24,22.22,0.46
博威合金,sh601137,20.33,20.13,20.49,12317900.0,20.32,8500,20.33,4000,0.99,20.51,20.08,12317900,249860000.0,1.34,2.14,186.59,186.73,22.14,18.12,0.83
四方达,sz300179,28.18,27.95,27.9,43642700.0,28.18,17600,28.19,3400,0.82,28.63,26.82,43642700,1219150000.0,11.67,6.48,105.39,136.88,33.54,22.36,0.8
海博思创,sh688411,227.08,226.5,225.03,424696500.0,227.08,40900,227.09,500,0.26,230.0,221.3,424696500,959710000.0,3.2,3.84,301.05,408.95,271.8,181.2,0.98
天振股份,sz301356,20.59,20.55,20.38,851100.0,20.52,800,20.59,500,0.19,20.66,20.15,851100,17390000.0,1.55,2.48,11.29,44.47,24.66,16.44,0.8
艾可蓝,sz300816,65.55,67.56,67.07,2132900.0,65.55,1100,65.58,100,-2.98,67.23,63.92,2132900,139820000.0,3.76,4.9,37.15,52.44,81.07,54.05,0.86
富祥药业,sz300497,18.29,18.0,17.89,41902800.0,18.28,53700,18.29,109400,1.61,18.45,17.33,41902800,748530000.0,9.51,6.22,80.63,98.52,21.6,14.4,0.91
云南锗业,sz002428,77.12,76.88,76.07,137149700.0,77.12,68500,77.13,1300,0.31,81.3,73.4,137149700,10646920000.0,21.0,10.28,503.62,503.69,84.57,69.19,1.2
中钨高新,sz000657,55.18,56.57,55.31,75265500.0,55.18,2000,55.19,1400,-2.46,56.92,53.3,75265500,4134060000.0,5.18,6.4,801.72,1257.33,62.23,50.91,0.63
泓禧科技,bj920857,23.05,23.64,23.64,464100.0,22.88,7100,23.05,1500,-2.5,23.64,22.75,464100,10701099.999999998,0.63,3.76,17.06,17.06,30.73,16.55,0.69
盛剑科技,sh603324,26.01,26.91,26.77,4013800.0,26.01,1800,26.11,800,-3.34,27.04,25.98,4013800,105630000.0,2.72,3.94,38.41,38.41,29.6,24.22,1.23
厦钨新能,sh688778,82.0,79.91,80.0,862116600.0,82.0,1100,82.01,200,2.62,83.77,78.99,862116600,704720000.0,1.71,5.98,413.85,413.85,95.89,63.93,0.74
湖南裕能,sz301358,87.3,86.28,86.33,26401300.0,87.3,5300,87.32,200,1.18,88.61,84.86,26401300,2282380000.0,3.47,4.35,663.43,736.24,103.54,69.02,1.05
万润新能,sh688275,144.2,142.16,143.11,525960100.0,144.2,1600,144.22,500,1.44,146.25,140.96,525960100,758020000.0,4.17,3.72,181.86,181.86,170.59,113.73,1.13
菲菱科思,sz301191,157.96,150.16,150.99,8735300.0,157.95,500,157.96,16200,5.19,168.18,138.88,8735300,1332110000.0,16.73,19.51,82.45,109.53,180.19,120.13,2.02
英诺激光,sz301021,62.62,63.31,63.18,3769500.0,62.62,400,62.66,200,-1.09,64.14,62.0,3769500,237130000.0,2.47,3.38,95.65,95.72,75.97,50.65,0.67
中材科技,sz002080,52.52,53.12,52.0,44382500.0,52.52,111200,52.53,31900,-1.13,53.4,50.86,44382500,2312750000.0,2.64,4.78,881.35,881.35,58.43,47.81,0.76
茂莱光学,sh688502,466.01,487.55,497.3,236661600.0,466.01,2300,466.18,1500,-4.42,498.55,457.76,236661600,1119780000.0,4.48,8.37,246.05,246.05,585.06,390.04,0.73
阿特斯,sh688472,13.08,13.02,13.12,4486680300.0,13.08,129100,13.09,52600,0.46,13.3,13.01,4486680300,589440000.0,3.33,2.23,176.27,476.52,15.62,10.42,0.93
恩捷股份,sz002812,77.18,70.16,70.5,65955800.0,77.18,2196400,0.0,0,10.01,77.18,70.1,65955800,4946340000.0,8.02,10.09,634.91,758.01,77.18,63.14,1.57
荣亿精密,bj920223,17.76,18.29,18.26,2265900.0,17.75,600,17.76,1000,-2.9,18.73,17.75,2265900,40831700.0,2.78,5.36,14.49,27.93,23.77,12.81,0.4
海峡股份,sz002320,8.22,8.26,8.23,11236000.0,8.22,1500,8.23,42200,-0.48,8.29,8.17,11236000,92320000.0,0.5,1.45,183.78,183.78,9.09,7.43,0.87
山东赫达,sz002810,28.91,26.28,26.27,19826100.0,28.91,1154400,0.0,0,10.01,28.91,26.2,19826100,556880000.0,6.13,10.31,93.55,100.95,28.91,23.65,1.27
东百集团,sh600693,10.48,11.04,11.0,50492900.0,10.47,46100,10.48,16600,-5.07,11.03,10.43,50492900,536700000.0,5.81,5.43,91.07,91.16,12.14,9.94,0.57
海峡创新,sz300300,12.4,12.33,12.38,41683500.0,12.4,193800,12.41,57400,0.57,12.78,12.36,41683500,522850000.0,6.25,3.41,82.68,82.69,14.8,9.86,0.66
锦华新材,bj920015,41.2,41.96,41.33,1533800.0,41.2,2100,41.21,6100,-1.81,43.28,41.0,1533800,64304399.99999999,3.83,5.43,16.49,55.85,54.54,29.38,0.67
同宇新材,sz301630,228.98,214.1,219.3,2970700.0,228.98,600,228.99,500,6.95,238.17,216.32,2970700,669970000.0,29.71,10.21,22.9,91.59,256.92,171.28,2.03
广钢气体,sh688548,30.21,30.05,30.0,4215049100.0,30.2,500,30.21,16300,0.53,32.37,29.5,4215049100,1302110000.0,6.1,9.55,208.81,398.59,36.06,24.04,1.22
马钢股份,sh600808,3.94,4.05,4.02,67350400.0,3.94,120400,3.95,48000,-2.72,4.08,3.89,67350400,266500000.0,1.13,4.69,235.13,303.41,4.46,3.65,1.2
捷邦科技,sz301326,159.0,159.06,157.73,1600200.0,159.0,8700,159.61,2400,-0.04,162.0,153.21,1600200,251960000.0,2.22,5.53,114.57,115.61,190.87,127.25,0.65
华资实业,sh600191,12.89,13.25,13.22,13857300.0,12.88,7900,12.89,3600,-2.72,13.22,12.33,13857300,175580000.0,2.86,6.72,62.51,62.51,14.58,11.93,1.36
永太科技,sz002326,26.22,25.31,24.94,74133700.0,26.21,14700,26.22,34800,3.6,26.5,24.72,74133700,1908110000.0,9.17,7.03,211.9,242.57,27.84,22.78,1.7
浩通科技,sz301026,29.77,29.94,29.94,2567800.0,29.75,100,29.77,900,-0.57,30.0,29.26,2567800,76140000.0,2.25,2.47,34.03,47.12,35.93,23.95,0.7
申菱环境,sz301018,123.79,124.1,124.1,12257500.0,123.79,500,123.82,500,-0.25,127.49,121.21,12257500,1523230000.0,6.2,5.06,244.8,329.35,148.92,99.28,0.7
鼎胜新材,sh603876,26.95,24.5,24.4,52681800.0,26.95,2766900,0.0,0,10.0,26.95,24.36,52681800,1373030000.0,5.67,10.57,250.44,250.44,26.95,22.05,1.11
英维克,sz002837,95.21,100.68,99.14,69024600.0,95.2,44900,95.21,1500,-5.43,99.97,94.0,69024600,6601390000.0,7.96,5.93,825.24,930.62,110.75,90.61,0.86
赛恩斯,sh688480,92.09,91.97,91.0,329657300.0,92.09,500,92.2,400,0.13,93.5,88.8,329657300,301370000.0,3.46,5.11,87.79,87.79,110.36,73.58,0.63
华光新材,sh688379,60.67,61.28,60.87,385665600.0,60.67,0,60.73,1200,-1.0,61.66,59.68,385665600,234040000.0,4.28,3.23,54.65,57.62,73.54,49.02,0.57
英特科技,sz301399,22.03,22.56,22.5,5368400.0,22.02,57500,22.03,1100,-2.35,22.5,21.48,5368400,117540000.0,9.82,4.52,12.05,40.76,27.07,18.05,0.56
德力股份,sz002571,11.07,11.62,11.4,11341800.0,11.07,4800,11.08,33000,-4.73,11.45,10.91,11341800,125940000.0,3.8,4.65,33.02,43.39,12.78,10.46,1.35
新疆火炬,sh603080,21.6,21.82,21.71,1773400.0,21.59,9200,21.6,23000,-1.01,21.89,21.41,1773400,38290000.0,1.25,2.2,30.56,30.56,24.0,19.64,0.94
漱玉平民,sz301017,14.22,15.27,15.06,13040400.0,14.21,39300,14.22,6200,-6.88,15.09,14.2,13040400,189100000.0,5.04,5.83,36.79,57.68,18.32,12.22,0.94
菲利华,sz300395,108.05,110.19,110.19,34967000.0,108.05,1900,108.07,400,-1.94,112.86,106.88,34967000,3819190000.0,6.84,5.43,552.68,564.31,132.23,88.15,0.86
新宙邦,sz300037,64.8,62.31,62.01,31858100.0,64.8,55300,64.81,60700,4.0,65.66,61.86,31858100,2035790000.0,5.91,6.1,349.09,487.16,74.77,49.85,1.4
恒坤新材,sh688727,50.04,50.59,49.8,283727500.0,50.03,800,50.04,1100,-1.09,51.5,49.61,283727500,143190000.0,5.65,3.74,25.14,224.84,60.71,40.47,0.83
国城矿业,sz000688,43.91,40.84,40.89,35647300.0,43.91,40700,43.92,25400,7.52,44.52,40.89,35647300,1520600000.0,3.01,8.89,520.36,520.36,44.92,36.76,1.43
沃尔德,sh688028,108.37,112.45,111.0,626408700.0,108.37,4400,108.38,200,-3.63,111.08,105.89,626408700,677710000.0,4.15,4.62,163.58,163.58,134.94,89.96,0.7
德福科技,sz301511,60.26,63.38,63.0,45153400.0,60.26,1200,60.3,9400,-4.92,63.37,58.91,45153400,2731630000.0,12.05,7.04,225.75,379.83,76.06,50.7,0.99
艾森股份,sh688720,77.1,77.3,77.03,288210100.0,77.09,9000,77.1,2700,-0.26,78.45,76.2,288210100,223090000.0,5.11,2.91,43.47,67.95,92.76,61.84,0.73
康芝药业,sz300086,7.0,7.09,7.05,16995800.0,6.99,18100,7.0,27200,-1.27,7.09,6.9,16995800,118540000.0,3.86,2.68,30.85,31.86,8.51,5.67,0.84
盛屯矿业,sh600711,14.14,13.9,13.8,120408900.0,14.13,159700,14.14,147000,1.73,14.4,13.56,120408900,1674610000.0,3.9,6.04,437.01,437.01,15.29,12.51,1.02
新莱应材,sz300260,48.84,49.25,48.77,9091800.0,48.84,3700,48.85,27100,-0.83,50.36,48.7,9091800,449900000.0,3.16,3.37,140.48,199.17,59.1,39.4,0.65
奥克股份,sz300082,12.95,12.23,12.18,62221300.0,12.94,30600,12.95,201600,5.89,13.17,12.05,62221300,784250000.0,9.17,9.16,87.84,88.07,14.68,9.78,1.67
波长光电,sz301421,96.08,96.4,95.23,4046800.0,96.08,1100,96.09,3900,-0.33,99.09,95.23,4046800,393350000.0,8.74,4.0,44.49,111.18,115.68,77.12,0.65
佛塑科技,sz000973,18.99,17.26,17.1,100258400.0,18.99,7560500,0.0,0,10.02,18.99,16.8,100258400,1839550000.0,10.36,12.69,183.71,466.82,18.99,15.53,1.21
厦门钨业,sh600549,61.78,62.65,60.7,63373500.0,61.77,93400,61.78,9500,-1.39,62.65,60.01,63373500,3883930000.0,4.08,4.21,960.02,980.81,68.92,56.39,0.81
博苑股份,sz301617,61.8,59.0,59.77,4189400.0,61.8,2200,61.81,1700,4.75,62.99,58.98,4189400,256990000.0,7.9,6.8,32.78,82.59,70.8,47.2,1.33
威尔高,sz301251,63.95,64.3,64.5,4934400.0,63.94,1000,63.95,500,-0.54,65.29,61.65,4934400,313140000.0,9.14,5.66,34.53,86.13,77.16,51.44,1.19
捷众科技,bj920690,25.26,25.57,25.7,597100.0,25.26,14900,25.29,100,-1.21,25.7,25.03,597100,15091500.0,1.39,2.62,10.89,16.75,33.24,17.9,0.52
矩阵股份,sz301365,33.35,35.12,34.68,7091900.0,33.35,2600,33.37,2800,-5.04,35.3,32.83,7091900,239340000.0,7.0,7.03,33.81,60.03,42.14,28.1,1.18
长缆科技,sz002879,21.18,21.46,21.34,5514300.0,21.18,15500,21.19,1400,-1.3,21.59,21.0,5514300,116860000.0,4.0,2.75,29.2,40.9,23.61,19.31,0.6
华自科技,sz300490,18.78,18.8,18.83,32278800.0,18.78,34500,18.79,37700,-0.11,18.93,18.29,32278800,601930000.0,8.21,3.4,73.85,74.87,22.56,15.04,0.67
国林科技,sz300786,15.02,14.8,14.75,4792700.0,15.01,6500,15.02,3300,1.49,15.18,14.7,4792700,71710000.0,3.28,3.24,21.98,27.64,17.76,11.84,1.16
浦东建设,sh600284,7.17,7.43,7.36,18260800.0,7.17,13700,7.18,3400,-3.5,7.42,7.12,18260800,131750000.0,1.88,4.04,69.57,69.57,8.17,6.69,0.82
戎美股份,sz301088,14.33,14.49,14.38,1781300.0,14.33,300,14.37,4300,-1.1,14.58,14.02,1781300,25450000.0,0.95,3.86,26.94,32.66,17.39,11.59,1.43
美联新材,sz300586,10.07,10.34,10.32,17705000.0,10.06,24100,10.07,16200,-2.61,10.36,10.0,17705000,179550000.0,3.31,3.48,53.83,71.62,12.41,8.27,0.6
芳源股份,sh688148,10.25,9.53,9.46,4213930200.0,10.24,43100,10.25,17500,7.56,10.35,9.4,4213930200,418830000.0,8.26,9.97,52.29,52.29,11.44,7.62,1.03
科创新源,sz300731,71.89,71.84,72.43,7040700.0,71.8,1300,71.89,10300,0.07,72.76,70.33,7040700,500790000.0,5.86,3.38,86.4,91.04,86.21,57.47,0.8
鼎信通讯,sh603421,8.11,8.3,8.16,16846500.0,8.11,42000,8.12,70900,-2.29,8.24,8.03,16846500,136560000.0,2.58,2.53,52.89,52.89,9.13,7.47,0.9
ST围海,sz002586,4.75,4.68,4.69,7394300.0,4.74,3800,4.75,176300,1.5,4.79,4.63,7394300,34840000.0,0.68,3.42,51.66,54.35,4.91,4.45,0.64
劲拓股份,sz300400,25.76,26.11,26.19,13910500.0,25.76,5300,25.77,34200,-1.34,27.04,25.51,13910500,361710000.0,5.75,5.86,62.29,62.5,31.33,20.89,0.68
杰美特,sz300868,71.51,72.68,71.55,3644100.0,71.51,2100,71.68,300,-1.61,73.49,71.04,3644100,262540000.0,4.51,3.37,57.75,91.5,87.22,58.14,0.73
嘉元科技,sh688388,46.06,47.0,47.05,2288185800.0,46.06,15400,46.07,10700,-2.0,47.47,45.81,2288185800,1062860000.0,5.02,3.53,209.88,209.88,56.4,37.6,0.75
康欣新材,sh600076,3.32,3.29,3.31,16708000.0,3.32,70200,3.33,80900,0.91,3.37,3.24,16708000,55180000.0,1.24,3.95,44.64,44.64,3.62,2.96,0.96
龙图光罩,sh688721,43.13,43.19,42.96,156787900.0,43.13,1000,43.19,200,-0.14,43.96,42.71,156787900,67960000.0,2.93,2.89,23.07,57.58,51.83,34.55,0.54
*ST熊猫,sh600599,4.54,4.45,4.64,5784400.0,4.53,52400,4.54,2400,2.02,4.64,4.23,5784400,26120000.0,3.48,9.21,7.54,7.54,4.67,4.23,1.38
*ST返利,sh600228,6.08,6.21,6.11,6690100.0,6.07,172000,6.08,80000,-2.09,6.24,6.02,6690100,40670000.0,1.61,3.54,25.3,25.33,6.52,5.9,0.72
统联精密,sh688210,45.23,46.0,45.45,334042900.0,45.23,4500,45.25,7700,-1.67,46.9,43.92,334042900,150550000.0,2.06,6.48,73.21,73.21,55.2,36.8,1.07
*ST宇顺,sz002289,30.08,31.66,31.0,4372600.0,0.0,0,30.08,87300,-4.99,31.6,30.08,4372600,132340000.0,1.56,4.8,84.21,84.3,33.24,30.08,1.2
松发股份,sh603268,146.41,142.48,142.69,10546800.0,146.41,27800,146.42,100,2.76,149.0,142.48,10546800,1541950000.0,4.52,4.58,341.5,1421.32,156.73,128.23,0.86
*ST荣控,sz000668,15.26,14.78,14.84,2236900.0,15.26,21400,15.28,13100,3.25,15.28,14.6,2236900,33520000.0,1.52,4.6,22.41,22.41,15.52,14.04,0.96
中国巨石,sh600176,33.0,33.52,33.5,128390100.0,32.99,13500,33.0,47600,-1.55,33.69,31.81,128390100,4195020000.0,3.21,5.61,1321.04,1321.04,36.87,30.17,0.89
*ST万方,sz000638,0.89,0.89,0.0,0.0,0.0,0,0.0,0,0.0,0.0,0.0,0,0.0,0.0,0.0,2.76,2.77,0.93,0.85,0.0
南山铝业,sh600219,5.87,6.02,5.93,297104700.0,5.87,176200,5.88,1558000,-2.49,5.98,5.77,297104700,1741910000.0,2.59,3.49,674.09,674.09,6.62,5.42,1.61
*ST建艺,sz002789,12.61,13.27,12.87,2043800.0,0.0,0,12.61,907400,-4.97,13.19,12.61,2043800,25980000.0,1.31,4.37,19.73,20.13,13.93,12.61,0.73
中矿资源,sz002738,85.37,80.35,80.02,31885500.0,85.37,14900,85.38,300,6.25,86.66,79.79,31885500,2645040000.0,4.48,8.55,607.18,615.94,88.39,72.32,1.43
天普股份,sh605255,106.8,111.29,110.64,1706000.0,106.79,100,106.81,200,-4.03,112.5,106.74,1706000,186480000.0,1.27,5.18,143.2,143.2,122.42,100.16,0.72
孚日股份,sz002083,11.34,11.06,11.01,53426000.0,11.33,701000,11.34,153000,2.53,11.4,10.91,53426000,598360000.0,5.65,4.43,107.31,107.35,12.17,9.95,0.84
*ST步森,sz002569,12.7,12.79,12.84,2251000.0,12.7,6100,12.75,700,-0.7,13.24,12.59,2251000,29140000.0,1.61,5.08,17.77,18.29,13.43,12.15,0.86
川环科技,sz300547,37.4,36.16,35.88,25704400.0,37.39,16300,37.4,2300,3.43,38.48,34.45,25704400,938930000.0,14.42,11.14,66.66,81.12,43.39,28.93,1.19
*ST岩石,sh600696,1.38,1.31,1.38,5196200.0,1.38,2104900,0.0,0,5.34,1.38,1.35,5196200,7160000.0,1.55,2.29,4.62,4.62,1.38,1.24,0.63
ST西发,sz000752,10.14,9.86,9.99,6572400.0,10.13,1500,10.14,158600,2.84,10.32,9.91,6572400,66330000.0,2.49,4.16,26.75,26.75,10.35,9.37,1.41
尚太科技,sz001301,77.24,74.98,74.97,8942600.0,77.24,2000,77.25,7600,3.01,78.66,74.74,8942600,688710000.0,4.81,5.23,143.47,201.44,82.48,67.48,1.06
星环科技-U,sh688031,135.79,138.71,138.33,510396500.0,135.78,1400,135.79,40700,-2.11,139.21,134.1,510396500,695610000.0,4.21,3.68,164.49,164.49,166.45,110.97,0.88
*ST云网,sz002306,2.31,2.33,2.32,9862100.0,2.3,1600,2.31,85100,-0.86,2.32,2.29,9862100,22680000.0,1.21,1.29,18.8,20.09,2.45,2.21,0.73
太极实业,sh600667,9.71,9.9,9.65,111991400.0,9.71,88100,9.72,262400,-1.92,9.94,9.51,111991400,1085910000.0,5.35,4.34,203.09,203.09,10.89,8.91,1.03
世名科技,sz300522,13.38,13.46,13.37,5452200.0,13.38,20500,13.39,4300,-0.59,13.59,13.35,5452200,73330000.0,2.07,1.78,35.2,43.14,16.15,10.77,0.46
*ST精伦,sh600355,0.58,0.58,0.0,0.0,0.0,0,0.0,0,0.0,0.0,0.0,0,0.0,0.0,0.0,2.85,2.85,0.61,0.55,0.0
*ST惠程,sz002168,4.32,4.36,4.35,10660600.0,4.32,93600,4.33,104800,-0.92,4.47,4.29,10660600,46360000.0,1.36,4.13,33.88,33.88,4.58,4.14,0.88
中一科技,sz301150,60.61,56.33,55.11,19640500.0,60.61,55600,60.62,6300,7.6,61.16,54.38,19640500,1147760000.0,8.82,12.04,134.91,141.36,67.6,45.06,1.07
银座股份,sh600858,5.54,5.54,5.51,8984900.0,5.54,51100,5.55,88100,0.0,5.57,5.43,8984900,49310000.0,1.74,2.53,28.67,28.81,6.09,4.99,1.32
*ST奥维,sz002231,0.6,0.6,0.0,0.0,0.0,0,0.0,0,0.0,0.0,0.0,0,0.0,0.0,0.0,1.85,2.08,-1.0,-1.0,0.0
盛新锂能,sz002240,50.93,46.3,46.01,65004500.0,50.93,4504800,0.0,0,10.0,50.93,46.01,65004500,3174970000.0,7.12,10.63,464.94,466.16,50.93,41.67,1.18
耀皮玻璃,sh600819,7.09,7.08,7.1,4528300.0,7.09,30500,7.1,8600,0.14,7.18,7.03,4528300,32110000.0,0.61,2.12,52.99,69.25,7.79,6.37,0.7
梅轮电梯,sh603321,7.36,7.21,7.21,4152000.0,7.36,7100,7.37,27400,2.08,7.4,7.16,4152000,30280000.0,1.2,3.33,25.36,25.68,7.93,6.49,1.29
平安电工,sz001359,82.1,82.3,82.3,1173000.0,82.05,300,82.11,200,-0.24,82.97,80.78,1173000,95900000.0,2.53,2.66,38.08,152.3,90.53,74.07,0.63
先导智能,sz300450,56.96,57.08,57.08,62066500.0,56.95,43800,56.96,44500,-0.21,57.6,55.65,62066500,3520690000.0,3.98,3.42,888.24,953.64,68.5,45.66,0.76
世龙实业,sz002748,12.36,12.1,12.04,3718400.0,12.36,6500,12.37,10100,2.15,12.42,12.04,3718400,45530000.0,1.55,3.14,29.66,29.66,13.31,10.89,1.09
东方铁塔,sz002545,22.65,21.85,21.85,21247400.0,22.65,18700,22.66,22400,3.66,23.09,21.85,21247400,475830000.0,1.88,5.68,255.98,281.78,24.04,19.67,0.93
银河微电,sh688689,40.0,38.3,38.3,653575300.0,39.99,1200,40.0,9800,4.44,40.88,38.06,653575300,258740000.0,5.07,7.36,51.56,51.56,45.96,30.64,1.94
北方华创,sz002371,472.7,475.0,475.03,12979300.0,472.7,5200,472.75,100,-0.48,485.22,463.8,12979300,6164130000.0,1.79,4.51,3423.55,3426.28,522.5,427.5,0.91
隆扬电子,sz301389,57.97,59.81,59.81,7096800.0,57.97,3100,58.0,3700,-3.08,60.3,57.13,7096800,412830000.0,8.39,5.3,49.02,164.34,71.77,47.85,0.61
成都华微,sh688709,42.53,42.55,42.55,537884600.0,42.53,200,42.54,4200,-0.05,43.53,41.97,537884600,230260000.0,2.43,3.67,94.31,270.85,51.06,34.04,0.95
科瑞技术,sz002957,46.45,47.03,47.97,27935700.0,46.45,21400,46.46,2200,-1.23,49.83,46.04,27935700,1325530000.0,6.67,8.06,194.48,195.08,51.73,42.33,0.8
星德胜,sh603344,27.81,28.2,28.01,1747300.0,27.81,24300,27.82,2800,-1.38,28.11,27.48,1747300,48400000.0,3.23,2.23,15.03,54.1,31.02,25.38,1.31
中科飞测,sh688361,167.62,167.12,168.7,598308300.0,167.53,300,167.62,200,0.3,171.28,162.45,598308300,1001630000.0,2.16,5.28,464.08,586.94,200.54,133.7,0.79
上海港湾,sh605598,47.82,50.9,50.0,6404600.0,47.82,400,47.84,400,-6.05,50.43,47.45,6404600,310500000.0,2.64,5.85,116.21,116.21,55.99,45.81,0.75
兴瑞科技,sz002937,33.4,32.03,31.0,13300900.0,33.3,1600,33.4,2500,4.28,33.5,30.8,13300900,434780000.0,4.48,8.43,99.18,99.46,35.23,28.83,2.22
德科立,sh688205,229.6,242.28,237.0,1443531100.0,229.5,1400,229.6,800,-5.23,244.91,224.5,1443531100,3342730000.0,9.12,8.42,363.42,363.42,290.74,193.82,0.92
华丰科技,sh688629,141.67,128.75,129.56,4351530300.0,141.66,200,141.67,12100,10.03,146.0,124.73,4351530300,5961330000.0,23.94,16.52,257.53,653.09,154.5,103.0,1.7
海通发展,sh603162,14.56,14.15,14.06,20058700.0,14.55,14700,14.56,19900,2.9,14.63,14.05,20058700,290390000.0,7.18,4.1,40.68,135.13,15.57,12.74,0.72
高德红外,sz002414,13.73,14.05,13.9,77583800.0,13.73,57400,13.74,111400,-2.28,14.0,13.53,77583800,1063880000.0,2.28,3.35,466.63,586.37,15.46,12.65,0.63
贝特瑞,bj920185,32.18,31.3,31.37,12394300.0,32.18,27100,32.19,800,2.81,32.55,31.15,12394300,395346800.0,1.11,4.47,359.66,366.27,40.69,21.91,0.85
凯格精机,sz301338,178.54,180.61,178.81,4489300.0,178.54,8400,178.55,200,-1.15,186.6,173.98,4489300,809060000.0,7.59,6.99,105.61,189.97,216.73,144.49,0.77
和远气体,sz002971,33.3,33.88,33.12,20274200.0,33.3,10700,33.31,100,-1.71,35.05,32.12,20274200,687990000.0,12.96,8.65,52.08,70.51,37.27,30.49,3.0
大族数控,sz301200,186.56,191.1,190.0,3500300.0,186.56,100,186.57,300,-2.38,190.98,184.51,3500300,654680000.0,0.83,3.39,786.14,902.07,229.32,152.88,0.62
九州一轨,sh688485,44.63,44.75,43.94,1059065000.0,44.63,100,44.64,1300,-0.27,46.8,43.41,1059065000,478480000.0,11.93,7.58,39.61,67.08,53.7,35.8,0.76
宝武镁业,sz002182,16.1,15.91,15.89,26084300.0,16.09,5700,16.1,18800,1.19,16.33,15.66,26084300,416460000.0,3.01,4.21,139.35,159.68,17.5,14.32,1.2
立高食品,sz300973,33.63,33.62,33.6,1954200.0,33.6,8900,33.63,2500,0.03,33.71,33.18,1954200,65430000.0,1.65,1.58,39.87,56.95,40.34,26.9,0.95
淳中科技,sh603516,146.06,145.4,144.01,9801800.0,146.05,2000,146.06,300,0.45,154.69,144.01,9801800,1466120000.0,4.82,7.35,296.89,296.89,159.94,130.86,1.7
生物股份,sh600201,13.84,14.08,14.02,19314900.0,13.83,88700,13.84,18200,-1.7,14.15,13.8,19314900,268890000.0,1.74,2.49,153.87,153.87,15.49,12.67,1.01
苏大维格,sz300331,51.42,53.31,53.31,19071100.0,51.42,41000,51.43,12800,-3.55,53.9,50.1,19071100,990250000.0,8.59,7.13,114.22,133.52,63.97,42.65,1.21
中百集团,sz000759,5.21,5.23,5.23,15035900.0,5.21,53900,5.22,65400,-0.38,5.24,5.13,15035900,77990000.0,2.29,2.1,34.16,34.51,5.75,4.71,0.68
国盾量子,sh688027,550.08,560.89,559.0,200829300.0,550.08,2300,550.1,200,-1.93,565.99,543.01,200829300,1110320000.0,2.5,4.1,442.12,565.82,673.07,448.71,0.84
龙蟠科技,sh603906,32.56,30.45,30.44,91155200.0,32.56,317900,32.57,119900,6.93,33.25,29.5,91155200,2846420000.0,16.13,12.32,183.99,223.06,33.5,27.41,0.92
利元亨,sh688499,54.01,53.45,53.41,506561900.0,54.01,1700,54.02,54000,1.05,54.64,52.31,506561900,270740000.0,3.0,4.36,91.13,91.13,64.14,42.76,0.73
华正新材,sh603186,73.7,69.8,69.17,23380600.0,73.7,41000,73.71,100,5.59,74.9,66.5,23380600,1671890000.0,14.91,12.03,115.55,115.55,76.78,62.82,1.56
白云电器,sh603861,16.96,17.23,17.14,22240000.0,16.96,2200,16.97,12400,-1.57,17.58,16.7,22240000,380790000.0,4.21,5.11,89.65,91.67,18.95,15.51,1.07
皖能电力,sz000543,8.16,8.31,8.18,52236300.0,8.16,59200,8.17,144900,-1.81,8.24,8.01,52236300,424170000.0,2.3,2.77,184.98,184.98,9.14,7.48,1.39
龙高股份,sh605086,31.2,32.01,31.9,2938700.0,31.2,7600,31.21,2100,-2.53,32.14,30.41,2938700,91130000.0,1.64,5.4,55.91,55.91,35.21,28.81,1.32
普蕊斯,sz301257,55.77,56.21,55.8,1451400.0,55.76,1200,55.77,3800,-0.78,56.65,54.96,1451400,80820000.0,1.93,3.01,42.01,44.06,67.45,44.97,1.02
安达科技,bj920809,8.18,7.84,7.89,25965500.0,8.18,68500,8.19,113300,4.34,8.26,7.83,25965500,209488700.0,5.66,5.48,37.55,49.0,10.19,5.49,0.99
艾迪药业,sh688488,17.69,18.09,18.09,807250500.0,17.68,5000,17.69,6600,-2.21,18.1,17.41,807250500,143060000.0,1.92,3.81,74.44,74.44,21.71,14.47,0.62
松霖科技,sh603992,33.42,34.3,34.19,4590100.0,33.42,100,33.43,2600,-2.57,34.49,33.06,4590100,154400000.0,1.04,4.17,148.06,148.06,37.73,30.87,0.95
欧科亿,sh688308,92.65,92.28,92.55,853783500.0,92.65,11200,92.66,10000,0.4,93.99,90.35,853783500,788460000.0,5.38,3.94,147.11,147.11,110.74,73.82,0.5
信德新材,sz301349,59.87,61.84,62.5,6300900.0,59.87,11400,59.88,4100,-3.19,63.57,57.99,6300900,376640000.0,7.82,9.02,48.25,61.07,74.21,49.47,1.29
*ST聆达,sz300125,9.66,9.47,9.46,6616900.0,9.65,2200,9.66,179400,2.01,9.71,9.33,6616900,63160000.0,1.83,4.01,34.85,64.32,11.36,7.58,0.74
百奥泰,sh688177,22.22,22.27,22.03,179915100.0,22.21,2500,22.22,100,-0.22,22.47,21.91,179915100,39950000.0,0.43,2.51,92.01,92.01,26.72,17.82,0.66
菲林格尔,sh603226,38.4,38.78,38.8,2945700.0,38.4,11700,38.41,1700,-0.98,39.5,38.3,2945700,114090000.0,0.83,3.09,136.51,136.51,42.66,34.9,0.82
*ST智胜,sz002253,11.62,11.09,11.02,8171800.0,11.62,13200,11.63,5000,4.78,11.64,11.02,8171800,94180000.0,3.92,5.59,24.2,26.22,11.64,10.54,1.92
中富电路,sz300814,94.42,97.58,96.75,6433000.0,94.42,5300,94.43,21300,-3.24,97.8,93.21,6433000,613440000.0,3.36,4.7,180.75,180.75,117.1,78.06,0.87
炬华科技,sz300360,15.81,16.04,15.9,5353800.0,15.8,39400,15.81,2900,-1.43,15.98,15.72,5353800,84750000.0,1.07,1.62,79.09,81.29,19.25,12.83,0.88
中能电气,sz300062,7.47,7.6,7.55,16182600.0,7.46,79900,7.47,39600,-1.71,7.66,7.42,16182600,121530000.0,3.53,3.16,34.25,47.06,9.12,6.08,0.91
益诺思,sh688710,67.62,67.99,67.2,137984000.0,67.62,300,67.7,200,-0.54,71.7,66.8,137984000,95220000.0,1.52,7.21,61.33,95.33,81.59,54.39,1.28
海目星,sh688559,58.12,57.1,56.49,747618800.0,58.11,2900,58.12,37100,1.79,58.55,55.51,747618800,427380000.0,3.02,5.32,144.0,144.0,68.52,45.68,0.97
工业富联,sh601138,65.01,67.92,66.57,264664000.0,65.01,521200,65.02,71200,-4.28,67.21,63.67,264664000,17269490000.0,1.33,5.21,12900.64,12900.64,74.71,61.13,1.17
赛微电子,sz300456,46.0,47.07,47.68,60090400.0,46.0,74600,46.01,35400,-2.27,47.98,45.28,60090400,2780410000.0,10.06,5.74,274.83,336.82,56.48,37.66,0.64
唯万密封,sz301161,31.21,30.85,30.99,3929300.0,31.2,15200,31.21,7700,1.17,31.99,30.31,3929300,123060000.0,3.27,5.45,37.45,37.45,37.02,24.68,1.62
雅化集团,sz002497,29.6,27.78,27.52,73480000.0,29.59,54900,29.6,229500,6.55,29.84,27.52,73480000,2118490000.0,6.94,8.35,313.33,341.16,30.56,25.0,1.46
丰元股份,sz002805,18.23,17.87,17.71,19088000.0,18.22,19700,18.23,9000,2.01,18.4,17.62,19088000,344460000.0,6.85,4.36,50.78,51.06,19.66,16.08,0.93
天力锂能,sz301152,30.74,29.88,29.65,5420600.0,30.74,300,30.75,700,2.88,30.99,29.65,5420600,164520000.0,7.63,4.48,21.83,36.5,35.86,23.9,0.96
完美世界,sz002624,17.12,19.02,18.16,127864300.0,0.0,0,17.12,4093100,-9.99,18.29,17.12,127864300,2202650000.0,7.0,6.15,312.91,332.12,20.92,17.12,1.25
黄河旋风,sh600172,8.3,8.55,8.5,105356100.0,8.3,196400,8.31,110100,-2.92,8.54,8.07,105356100,869240000.0,8.26,5.5,105.93,119.7,9.41,7.7,0.77
道氏技术,sz300409,26.71,26.61,26.6,25969900.0,26.71,67400,26.72,13300,0.38,26.88,26.17,25969900,689220000.0,3.78,2.67,183.63,208.94,31.93,21.29,0.76
潮宏基,sz002345,10.86,10.86,10.78,10327100.0,10.85,18100,10.86,27600,0.0,10.94,10.67,10327100,111310000.0,1.19,2.49,94.18,96.49,11.95,9.77,0.63
阿石创,sz300706,38.15,38.33,37.9,7239200.0,38.15,8400,38.16,300,-0.47,39.5,37.84,7239200,278440000.0,6.37,4.33,43.36,58.48,46.0,30.66,0.57
芯碁微装,sh688630,252.85,240.95,241.13,683701700.0,252.82,200,252.85,100,4.94,258.88,240.92,683701700,1701920000.0,5.19,7.45,333.11,333.11,289.14,192.76,0.96
阿为特,bj920693,29.12,29.57,29.3,1095800.0,29.12,1300,29.13,3400,-1.52,29.98,28.91,1095800,32219400.0,2.99,3.62,10.66,21.17,38.44,20.7,0.49
思泉新材,sz301489,213.89,208.99,208.99,4081000.0,213.88,100,213.89,5000,2.34,219.84,208.62,4081000,883130000.0,8.57,5.37,101.81,172.72,250.79,167.19,0.92
多瑞医药,sz301075,79.16,75.0,75.0,3225700.0,79.09,200,79.17,100,5.55,80.24,73.9,3225700,250550000.0,4.03,8.45,63.33,63.33,90.0,60.0,0.9
*ST大立,sz002214,19.09,18.56,18.56,5073100.0,19.09,4400,19.1,8100,2.86,19.38,18.56,5073100,96250000.0,1.06,4.42,91.33,114.28,19.49,17.63,1.2
矽电股份,sz301629,316.5,327.0,325.0,2491400.0,316.5,1100,316.8,700,-3.21,344.0,315.87,2491400,806530000.0,12.98,8.6,60.76,132.07,392.4,261.6,0.79
博汇科技,sh688004,21.83,21.8,22.0,120865500.0,21.83,2400,21.92,200,0.14,22.08,21.25,120865500,26280000.0,1.51,3.81,17.48,17.48,26.16,17.44,0.68
七彩化学,sz300758,14.97,15.26,14.95,23170000.0,14.97,65300,14.98,82400,-1.9,15.21,14.64,23170000,345330000.0,6.44,3.74,53.85,59.75,18.31,12.21,0.71
联化科技,sz002250,16.81,16.32,16.39,24147000.0,16.81,1700,16.82,1100,3.0,16.97,15.88,24147000,398560000.0,2.7,6.68,150.45,151.27,17.95,14.69,2.2
南风股份,sz300004,13.23,13.69,13.63,12267500.0,13.23,93100,13.24,33300,-3.36,13.73,13.14,12267500,163210000.0,2.56,4.31,63.5,63.5,16.43,10.95,0.71
科源制药,sz301281,37.42,39.19,39.0,7382300.0,37.42,6100,37.43,900,-4.52,40.71,35.82,7382300,276260000.0,10.4,12.48,26.55,40.52,47.03,31.35,2.26
平潭发展,sz000592,10.73,10.71,10.71,103929200.0,10.72,777100,10.73,351900,0.19,10.93,10.63,103929200,1122820000.0,5.43,2.8,205.49,207.28,11.78,9.64,0.59
凯立新材,sh688269,41.21,39.24,42.53,779088900.0,41.2,6500,41.21,2500,5.02,44.88,41.0,779088900,334460000.0,5.96,9.89,53.86,53.86,47.09,31.39,6.44
亿纬锂能,sz300014,72.81,71.87,71.9,78384700.0,72.8,31300,72.81,117200,1.31,73.72,70.78,78384700,5672960000.0,3.75,4.09,1522.84,1567.12,86.24,57.5,1.02
莱美药业,sz300006,6.4,6.21,6.18,48621000.0,6.39,315200,6.4,151900,3.06,6.6,6.07,48621000,308750000.0,4.61,8.53,67.57,67.58,7.45,4.97,0.92
江海股份,sz002484,34.22,34.59,34.2,43996200.0,34.21,39700,34.22,134200,-1.07,36.23,33.98,43996200,1531000000.0,5.36,6.5,280.77,291.05,38.05,31.13,1.02
明阳智能,sh601615,16.19,16.68,16.51,83207300.0,16.19,120100,16.2,27200,-2.94,16.77,16.06,83207300,1357070000.0,3.68,4.26,366.14,366.14,18.35,15.01,0.92
*ST沐邦,sh603398,11.71,11.9,11.5,7705500.0,11.7,60100,11.71,500,-1.6,12.02,11.5,7705500,90950000.0,1.78,4.37,50.78,50.78,12.5,11.31,0.69
昇兴股份,sz002752,7.43,7.25,7.17,90563600.0,7.43,446700,7.44,80500,2.48,7.49,7.1,90563600,667370000.0,9.28,5.38,72.48,72.59,7.98,6.53,1.73
微导纳米,sh688147,64.1,65.03,65.05,670400800.0,64.09,300,64.1,16800,-1.43,65.86,62.66,670400800,429970000.0,1.45,4.92,295.6,295.6,78.04,52.02,0.82
德方纳米,sz300769,50.41,49.86,49.76,21231000.0,50.41,14200,50.42,3000,1.1,50.92,49.03,21231000,1060710000.0,8.43,3.79,126.91,141.24,59.83,39.89,1.1
北京君正,sz300223,119.8,119.34,120.5,21748400.0,119.8,10100,119.81,2600,0.39,121.98,117.08,21748400,2598810000.0,5.17,4.11,503.84,578.08,143.21,95.47,0.89
天齐锂业,sz002466,73.7,67.97,67.9,135100600.0,73.69,81700,73.7,526700,8.43,74.77,67.6,135100600,9667980000.0,9.16,10.55,1087.52,1257.5,74.77,61.17,1.5
腾远钴业,sz301219,84.86,81.25,81.0,21099700.0,84.86,4500,84.88,200,4.44,85.89,80.77,21099700,1770000000.0,10.03,6.3,178.56,250.1,97.5,65.0,1.14
罗博特科,sz300757,501.43,515.88,515.5,7385200.0,501.42,1200,501.43,400,-2.8,535.08,500.05,7385200,3769140000.0,4.9,6.79,755.42,840.44,619.06,412.7,0.96
兴图新科,sh688081,52.68,53.34,52.96,194881000.0,52.63,400,52.68,3900,-1.24,53.5,51.6,194881000,102490000.0,1.89,3.56,54.28,54.28,64.01,42.67,0.61
国际复材,sz301526,14.74,14.99,14.59,194420000.0,14.73,69900,14.74,81000,-1.67,15.3,14.2,194420000,2849910000.0,13.84,7.34,207.01,555.83,17.99,11.99,1.07
剑桥科技,sh603083,153.64,164.33,160.0,39688000.0,153.63,200,153.64,2400,-6.51,164.26,152.01,39688000,6215100000.0,14.4,7.45,423.41,541.81,180.76,147.9,0.82
凌玮科技,sz301373,111.83,106.21,105.05,8934700.0,111.83,200,111.89,400,5.29,114.5,100.0,8934700,954540000.0,21.91,13.65,45.61,121.3,127.45,84.97,1.04
建投能源,sz000600,9.21,9.45,9.43,23339200.0,9.21,79900,9.22,53600,-2.54,9.44,9.17,23339200,215770000.0,2.14,2.86,100.39,166.08,10.4,8.51,0.96
璞泰来,sh603659,36.71,34.38,34.8,90707500.0,36.7,39900,36.71,800,6.78,37.12,34.19,90707500,3249740000.0,4.25,8.52,784.27,784.27,37.82,30.94,1.51
安集科技,sh688019,246.12,244.77,244.77,388142100.0,246.12,2800,246.16,200,0.55,249.49,241.6,388142100,956130000.0,2.22,3.22,430.7,430.7,293.72,195.82,1.09
浙江美大,sz002677,7.65,7.33,7.32,10500500.0,7.64,33000,7.65,90900,4.37,7.7,7.26,10500500,79370000.0,1.96,6.0,40.92,49.42,8.06,6.6,1.68
*ST金刚,sz300093,22.78,22.68,22.72,4930000.0,22.78,10300,22.79,3300,0.44,23.37,22.56,4930000,112610000.0,2.13,3.57,52.62,123.01,27.22,18.14,0.6
蓝丰生化,sz002513,6.12,6.02,5.99,8184500.0,6.12,4300,6.13,25100,1.66,6.17,5.94,8184500,49580000.0,2.83,3.82,17.69,22.99,6.62,5.42,0.65
宏达股份,sh600331,18.24,16.93,16.95,89483600.0,18.23,7600,18.24,287200,7.74,18.44,16.83,89483600,1580210000.0,4.4,9.51,370.64,481.83,18.62,15.24,1.63
浙江世宝,sz002703,20.62,21.34,21.0,47108000.0,20.62,89500,20.63,7100,-3.37,21.54,20.62,47108000,994290000.0,8.04,4.31,120.84,169.63,23.47,19.21,1.08
中孚实业,sh600595,8.47,8.32,8.3,73520900.0,8.47,147600,8.48,351200,1.8,8.58,8.2,73520900,616400000.0,1.83,4.57,339.47,339.47,9.15,7.49,0.9
惠威科技,sz002888,18.77,18.69,18.72,1775800.0,18.76,2800,18.77,10700,0.43,18.86,18.3,1775800,33010000.0,2.37,3.0,14.06,27.71,20.56,16.82,1.05
惠丰钻石,bj920725,31.08,31.25,31.07,1577000.0,31.07,500,31.08,14600,-0.54,31.45,30.66,1577000,48888100.00000001,3.75,2.53,13.08,28.37,40.62,21.88,0.41
曙光数创,bj920808,78.45,81.88,80.0,4432000.0,78.44,1500,78.45,0,-4.19,82.1,77.11,4432000,351494400.0,2.28,6.09,152.64,156.9,106.44,57.32,0.7
胜宏科技,sz300476,315.59,331.95,325.32,51592100.0,315.59,58000,315.6,24600,-4.93,333.8,310.46,51592100,16523740000.0,5.96,7.03,2730.47,3056.2,398.34,265.56,0.96
新筑股份,sz002480,6.24,6.25,6.27,14400200.0,6.23,1200,6.24,27300,-0.16,6.27,6.1,14400200,88760000.0,1.88,2.72,47.9,48.0,6.88,5.63,1.08
海南机场,sh600515,3.41,3.41,3.42,71459500.0,3.41,1889000,3.42,711300,0.0,3.43,3.37,71459500,243460000.0,0.78,1.76,312.9,389.6,3.75,3.07,0.75
龙竹科技,bj920445,9.92,10.04,10.0,1002700.0,9.91,6400,9.92,3400,-1.2,10.09,9.91,1002700,10016400.0,0.95,1.79,10.47,14.67,13.05,7.03,0.46
今创集团,sh603680,14.03,12.75,12.63,10881000.0,14.03,6145000,0.0,0,10.04,14.03,12.63,10881000,147710000.0,1.39,10.98,109.96,109.96,14.03,11.48,2.64
永杰新材,sh603271,49.78,49.29,48.85,3141600.0,49.78,3300,49.79,100,0.99,50.22,48.41,3141600,155340000.0,3.32,3.67,47.08,97.93,54.22,44.36,0.62
澄星股份,sh600078,13.35,12.72,12.54,37360700.0,13.34,139100,13.35,86400,4.95,13.56,12.54,37360700,490840000.0,5.64,8.02,88.45,90.35,13.99,11.45,1.33
吉大正元,sz003029,21.07,20.76,20.72,2793200.0,21.06,13200,21.07,8900,1.49,21.2,20.65,2793200,58420000.0,1.59,2.65,37.1,40.8,22.84,18.68,0.92
铜峰电子,sh600237,9.2,9.2,9.15,15929200.0,9.2,124100,9.21,24400,0.0,9.27,9.13,15929200,146720000.0,2.55,1.52,57.46,58.02,10.12,8.28,0.69
快意电梯,sz002774,11.38,11.51,11.56,7062700.0,11.38,18100,11.39,1300,-1.13,11.56,11.26,7062700,80360000.0,2.51,2.61,32.07,38.32,12.66,10.36,0.49
鼎熔岩,sz301028,13.91,14.03,14.08,2946000.0,13.9,1500,13.91,26600,-0.86,14.08,13.78,2946000,40940000.0,1.19,2.14,34.56,53.42,16.84,11.22,1.14
捷佳伟创,sz300724,89.8,90.95,91.2,15393400.0,89.79,200,89.8,10200,-1.26,91.6,89.2,15393400,1388200000.0,5.35,2.64,258.37,312.77,109.14,72.76,0.66
凯撒旅业,sz000796,5.04,5.12,5.13,33556900.0,5.04,407200,5.05,42200,-1.56,5.15,5.03,33556900,170030000.0,2.52,2.34,67.07,80.83,5.63,4.61,0.75
中欣氟材,sz002915,20.79,20.9,20.88,4924000.0,20.79,800,20.8,36100,-0.53,20.97,20.41,4924000,101790000.0,1.71,2.68,59.89,69.7,22.99,18.81,1.03
灵鸽科技,bj920284,32.67,32.12,31.8,2494800.0,32.67,8500,32.69,19400,1.71,32.98,31.45,2494800,80553400.0,3.68,4.76,22.14,34.23,41.75,22.49,0.58
南王科技,sz301355,12.31,12.21,12.16,2853100.0,12.31,6800,12.32,5600,0.82,12.37,12.09,2853100,34880000.0,2.85,2.29,12.34,24.02,14.65,9.77,0.92
当升科技,sz300073,60.25,58.57,58.26,26853000.0,60.24,1500,60.25,23700,2.87,60.87,57.78,26853000,1601590000.0,5.31,5.28,304.85,327.94,70.28,46.86,1.33
博士眼镜,sz300622,24.34,24.58,24.45,3409100.0,24.33,5500,24.34,17200,-0.98,24.55,24.05,3409100,82890000.0,2.19,2.03,37.92,55.46,29.5,19.66,0.83
汇成真空,sz301392,161.01,162.43,159.89,3590400.0,161.01,2600,161.09,300,-0.87,166.99,159.27,3590400,582490000.0,8.8,4.75,65.69,161.01,194.92,129.94,0.53
优优绿能,sz301590,182.5,185.72,183.99,456400.0,182.5,1900,182.52,500,-1.73,186.88,181.0,456400,83520000.0,5.31,3.17,15.7,76.75,222.86,148.58,0.75
迪哲医药-U,sh688192,55.6,56.82,56.77,287510000.0,55.55,300,55.6,11800,-2.15,57.28,55.0,287510000,161470000.0,0.62,4.01,256.44,258.63,68.18,45.46,0.75
东岳硅材,sz300821,15.05,14.29,14.09,114642600.0,15.04,213200,15.05,3000,5.32,15.2,14.09,114642600,1701690000.0,9.56,7.77,180.57,180.6,17.15,11.43,1.64
杰创智能,sz301248,68.12,63.1,60.79,16860600.0,68.12,17100,68.17,4000,7.96,68.86,60.18,16860600,1100190000.0,15.01,13.76,76.52,104.7,75.72,50.48,1.56
科思科技,sh688788,55.55,55.95,55.45,147199400.0,55.36,200,55.55,400,-0.71,56.12,54.46,147199400,81200000.0,0.94,2.97,87.14,87.14,67.14,44.76,0.81
溯联股份,sz301397,38.48,37.23,36.51,8777000.0,38.48,800,38.49,3000,3.36,38.99,36.12,8777000,329270000.0,12.42,7.71,27.18,59.9,44.68,29.78,1.39
五矿新能,sh688779,11.25,10.96,10.9,4082760800.0,11.24,60100,11.25,145500,2.65,11.34,10.87,4082760800,454800000.0,2.12,4.29,217.04,217.04,13.15,8.77,1.3
利通科技,bj920225,28.09,29.09,29.12,2902900.0,28.04,4600,28.09,1300,-3.44,29.16,27.85,2902900,81897300.0,3.51,4.5,23.25,35.65,37.81,20.37,0.4
鸿铭股份,sz301105,56.15,56.81,56.79,579300.0,56.14,1000,56.15,4800,-1.16,57.2,55.69,579300,32600000.0,3.52,2.66,9.23,28.07,68.17,45.45,0.75
*ST亚振,sh603389,53.34,50.8,51.27,3670300.0,53.34,42600,0.0,0,5.0,53.34,51.2,3670300,194270000.0,1.4,4.21,140.15,140.15,53.34,48.26,1.98
高澜股份,sz300499,41.0,42.4,41.61,36693000.0,41.0,338200,41.01,8800,-3.3,42.2,39.61,36693000,1494010000.0,13.52,6.11,111.28,125.15,50.88,33.92,0.77
川金诺,sz300505,26.13,25.45,25.43,25169400.0,26.12,58600,26.13,9500,2.67,26.63,25.32,25169400,656070000.0,11.58,5.15,56.8,71.82,30.54,20.36,1.57
容百科技,sh688005,34.32,33.15,32.6,3745366800.0,34.32,21400,34.33,25400,3.53,34.78,32.5,3745366800,1275520000.0,5.24,6.88,245.26,245.29,39.78,26.52,1.02
元力股份,sz300174,17.83,17.32,17.41,19912100.0,17.83,26100,17.84,11800,2.94,18.28,17.28,19912100,356030000.0,5.49,5.77,64.72,64.94,20.78,13.86,1.22
天迈科技,sz300807,56.02,56.02,0.0,0.0,0.0,0,0.0,0,0.0,0.0,0.0,0,0.0,0.0,0.0,29.1,38.12,67.22,44.82,0.0
厦门港务,sz000905,10.64,10.85,10.75,9231900.0,10.63,43500,10.64,31100,-1.94,10.83,10.61,9231900,98770000.0,1.24,2.03,78.93,164.1,11.94,9.77,0.87
鼎通科技,sh688668,239.0,235.37,234.08,794131400.0,239.0,12300,239.18,5100,1.54,240.0,225.0,794131400,1853960000.0,5.7,6.37,332.86,332.86,282.44,188.3,0.94
清水源,sz300437,15.91,15.66,15.54,16292200.0,15.9,40200,15.91,29800,1.6,16.26,15.43,16292200,258100000.0,9.38,5.3,27.64,39.01,18.79,12.53,1.37
标准股份,sh600302,10.63,10.63,10.5,6253800.0,10.62,12400,10.63,4300,0.0,10.78,10.35,6253800,66340000.0,1.81,4.05,36.78,36.78,11.69,9.57,0.52
福鞍股份,sh603315,18.3,19.53,18.84,48807100.0,18.3,11200,18.31,2900,-6.3,18.84,17.58,48807100,878420000.0,15.23,6.45,58.63,58.63,21.48,17.58,1.12
海容冷链,sh603187,14.83,15.27,15.12,5923000.0,14.83,1700,14.84,13500,-2.88,15.13,14.7,5923000,87930000.0,1.55,2.82,56.7,57.31,16.8,13.74,1.19
普利特,sz002324,16.42,16.83,16.68,40084500.0,16.41,47500,16.42,59000,-2.44,16.87,16.33,40084500,663550000.0,5.16,3.21,127.46,182.65,18.51,15.15,0.71
慧翰股份,sz301600,107.2,107.1,107.15,809100.0,107.18,600,107.2,600,0.09,107.88,104.8,809100,86050000.0,2.51,2.88,34.58,112.05,128.52,85.68,0.81
长海股份,sz300196,18.98,19.86,18.71,28071400.0,18.98,34000,18.99,7100,-4.43,19.48,18.71,28071400,535210000.0,11.37,3.88,46.87,77.57,23.83,15.89,0.94
凯旺科技,sz301182,62.88,65.99,65.41,2791100.0,62.88,3100,62.9,100,-4.71,66.2,62.53,2791100,178300000.0,2.91,5.56,60.25,60.25,79.19,52.79,0.69
骄成超声,sh688392,141.35,139.94,140.51,228591500.0,141.35,100,141.36,1700,1.01,143.68,139.26,228591500,323520000.0,1.98,3.16,163.59,163.59,167.93,111.95,0.81
飞鹿股份,sz300665,7.73,7.59,7.56,4766600.0,7.72,1400,7.73,34000,1.84,7.77,7.51,4766600,36510000.0,2.19,3.43,16.86,16.92,9.11,6.07,1.1
氯碱化工,sh600618,13.12,13.03,12.91,14467800.0,13.11,147700,13.12,28500,0.69,13.2,12.88,14467800,188920000.0,1.93,2.46,98.38,151.72,14.33,11.73,1.14
神工股份,sh688233,82.71,81.97,80.65,633047900.0,82.71,54300,82.72,200,0.9,83.27,78.89,633047900,512620000.0,3.72,5.34,140.86,140.86,98.36,65.58,0.88
强瑞技术,sz301128,189.05,181.5,180.11,8671500.0,189.02,100,189.05,3000,4.16,192.84,177.0,8671500,1630020000.0,9.53,8.73,172.02,195.56,217.8,145.2,1.12
巨一科技,sh688162,33.85,34.6,34.7,278894200.0,33.85,1700,33.86,1000,-2.17,34.8,33.38,278894200,94520000.0,2.03,4.1,46.41,46.41,41.52,27.68,1.03
联赢激光,sh688518,27.71,28.29,27.85,1471159900.0,27.71,800,27.74,8500,-2.05,28.33,27.28,1471159900,408460000.0,4.31,3.71,94.58,94.58,33.95,22.63,0.67
金海高科,sh603311,18.92,18.2,18.01,10424300.0,18.91,9100,18.92,20900,3.96,19.58,17.81,10424300,196970000.0,4.42,9.73,44.63,44.63,20.02,16.38,1.24
惠博普,sz002554,3.4,3.44,3.41,28284300.0,3.4,240400,3.41,72800,-1.16,3.46,3.36,28284300,96250000.0,2.12,2.91,45.34,45.35,3.78,3.1,0.93
航天动力,sh600343,35.01,36.38,36.1,34551300.0,35.01,85400,35.02,35500,-3.77,36.47,34.8,34551300,1224210000.0,5.41,4.59,223.44,223.44,40.02,32.74,0.54
国晟科技,sh603778,26.53,26.54,26.18,78861000.0,26.53,319900,26.54,123200,-0.04,27.68,25.6,78861000,2115720000.0,12.27,7.84,170.55,175.11,29.19,23.89,0.73
安 纳 达,sz002136,13.99,14.02,13.99,7527600.0,13.99,42400,14.0,27600,-0.21,14.1,13.75,7527600,104880000.0,3.51,2.5,30.0,30.08,15.42,12.62,0.69
康鹏科技,sh688602,7.74,7.93,7.68,913416300.0,7.74,800,7.75,14700,-2.4,7.82,7.53,913416300,70020000.0,3.52,3.66,20.09,40.2,9.52,6.34,1.2
派能科技,sh688063,75.46,75.01,74.7,1098308400.0,75.45,1000,75.46,8800,0.6,76.27,73.37,1098308400,825370000.0,4.48,3.87,185.15,185.15,90.01,60.01,0.84
福瑞医科,sz300049,57.88,58.8,59.26,5193600.0,57.87,25300,57.9,6500,-1.56,59.26,57.6,5193600,302500000.0,2.22,2.82,135.23,153.37,70.56,47.04,0.79
欧陆通,sz300870,347.2,357.0,354.12,5395000.0,347.18,100,347.2,6300,-2.75,359.77,344.96,5395000,1893800000.0,4.95,4.15,378.51,378.55,428.4,285.6,0.81
硕贝德,sz300322,30.94,31.16,30.54,43841800.0,30.93,9400,30.94,21500,-0.71,32.72,29.7,43841800,1361930000.0,9.95,9.69,136.27,142.34,37.39,24.93,0.85
纳科诺尔,bj920522,59.21,58.2,57.4,3557600.0,59.21,200,59.23,300,1.74,59.94,57.4,3557600,209106400.0,2.74,4.36,76.98,92.81,75.66,40.74,0.48
星源材质,sz300568,16.04,15.35,15.24,93855500.0,16.04,136900,16.05,262100,4.5,16.22,15.24,93855500,1486990000.0,7.77,6.38,193.85,215.85,18.42,12.28,1.44
飞荣达,sz300602,34.35,34.55,34.55,22330400.0,34.35,68900,34.36,15500,-0.58,35.22,33.51,22330400,766140000.0,5.65,4.95,135.82,199.87,41.46,27.64,0.83
瑞尔特,sz002790,7.65,7.79,7.8,4859200.0,7.63,500,7.65,13100,-1.8,7.8,7.52,4859200,37100000.0,1.86,3.59,19.94,31.97,8.57,7.01,0.98
招金黄金,sz000506,16.12,16.48,16.3,23748200.0,16.12,69900,16.13,21100,-2.18,16.41,15.88,23748200,382830000.0,2.56,3.22,149.71,149.76,18.13,14.83,0.76
德邦科技,sh688035,71.54,71.62,71.26,756923600.0,71.5,15500,71.54,9000,-0.11,73.0,68.28,756923600,530730000.0,5.32,6.59,101.76,101.76,85.94,57.3,0.83
融捷股份,sz002192,86.28,78.44,78.97,29681400.0,86.28,1805200,0.0,0,9.99,86.28,78.0,29681400,2477170000.0,11.45,10.56,223.57,224.03,86.28,70.6,0.98
永杉锂业,sh603399,14.35,13.52,13.35,71973800.0,14.35,800,14.36,43300,6.14,14.71,13.3,71973800,1017810000.0,14.05,10.43,73.51,73.51,14.87,12.17,1.14
安妮股份,sz002235,9.43,9.51,9.42,35644700.0,9.42,34400,9.43,240300,-0.84,9.6,9.1,35644700,333220000.0,6.44,5.26,52.2,54.65,10.46,8.56,1.08
海欣食品,sz002702,5.59,5.54,5.53,14612400.0,5.58,20300,5.59,14100,0.9,5.61,5.46,14612400,81130000.0,3.19,2.71,25.64,31.07,6.09,4.99,1.09
深桑达Ａ,sz000032,17.92,18.32,18.19,18924100.0,17.91,4200,17.92,3400,-2.18,18.3,17.65,18924100,338840000.0,1.74,3.55,195.21,217.76,20.15,16.49,1.05
近岸蛋白,sh688137,48.01,48.17,48.06,70190100.0,48.01,6200,48.12,1500,-0.33,48.82,47.2,70190100,33680000.0,1.0,3.36,33.69,33.69,57.8,38.54,0.69
日联科技,sh688531,83.75,83.75,0.0,0.0,0.0,0,0.0,0,0.0,0.0,0.0,0,0.0,0.0,0.0,96.13,138.68,100.5,67.0,0.0
京粮控股,sz000505,6.45,6.48,6.45,7939000.0,6.45,69800,6.46,8300,-0.46,6.52,6.38,7939000,51120000.0,1.26,2.16,40.79,46.89,7.13,5.83,0.93
双星新材,sz002585,7.62,7.54,7.54,35110200.0,7.61,288700,7.62,7400,1.06,7.73,7.43,35110200,266320000.0,3.96,3.98,67.57,86.97,8.29,6.79,0.6
上海九百,sh600838,9.61,9.72,9.58,7572900.0,9.61,18300,9.62,12600,-1.13,9.7,9.53,7572900,72810000.0,1.89,1.75,38.52,38.52,10.69,8.75,0.62
中银证券,sh601696,12.11,12.25,12.2,20644800.0,12.1,85200,12.11,71500,-1.14,12.29,12.08,20644800,250510000.0,0.74,1.71,336.42,336.42,13.48,11.03,0.72
双杰电气,sz300444,16.1,16.0,16.63,174525100.0,16.1,881400,16.11,67300,0.63,17.65,16.07,174525100,2950020000.0,28.08,9.87,100.05,128.58,19.2,12.8,2.47
光大同创,sz301387,60.91,62.48,62.4,2387800.0,60.91,2200,61.0,800,-2.51,62.98,60.0,2387800,146240000.0,5.59,4.77,26.0,65.02,74.98,49.98,0.55
国轩高科,sz002074,39.88,39.76,39.51,55364600.0,39.87,12900,39.88,161500,0.3,40.23,39.12,55364600,2200190000.0,3.19,2.79,692.39,723.47,43.74,35.78,0.84
东方电气,sh600875,41.47,43.82,44.05,94936100.0,41.47,174800,41.48,8900,-5.36,44.2,41.11,94936100,3981740000.0,4.19,7.05,938.62,1434.18,48.2,39.44,0.94
灿勤科技,sh688182,32.38,31.5,31.31,879303100.0,32.38,6600,32.39,134900,2.79,33.15,30.56,879303100,277760000.0,2.2,8.22,129.52,129.52,37.8,25.2,1.14
海思科,sz002653,57.72,56.34,56.26,4763300.0,57.71,100,57.72,200,2.45,58.0,55.29,4763300,271260000.0,0.89,4.81,309.83,646.42,61.97,50.71,0.85
诺德股份,sh600110,9.76,9.27,8.94,265834400.0,9.75,225800,9.76,514000,5.29,9.95,8.63,265834400,2519050000.0,15.32,14.24,169.35,169.35,10.2,8.34,1.35
中伟新材,sz300919,61.38,57.1,58.14,36493200.0,61.38,16000,61.39,9600,7.5,61.98,58.14,36493200,2201100000.0,4.0,6.73,560.09,639.74,68.52,45.68,1.82
东方钽业,sz000962,47.96,47.58,46.88,17191400.0,47.96,19200,47.97,10200,0.8,48.75,46.24,17191400,820340000.0,3.43,5.28,240.6,252.97,52.34,42.82,0.63
株冶集团,sh600961,30.22,29.16,28.91,114173600.0,30.21,28200,30.22,16000,3.64,31.08,28.91,114173600,3456670000.0,15.19,7.44,227.2,324.22,32.08,26.24,1.56
泰和科技,sz300801,30.81,31.07,30.08,15143400.0,30.8,5700,30.81,1100,-0.84,31.49,30.07,15143400,465630000.0,11.06,4.57,42.17,67.3,37.28,24.86,1.0
联瑞新材,sh688300,87.0,90.05,89.14,783142600.0,87.0,26300,87.05,1200,-3.39,91.45,85.85,783142600,685750000.0,3.24,6.22,210.08,210.08,108.06,72.04,1.15
先锋精科,sh688605,64.76,64.61,64.36,331646400.0,64.76,900,64.77,1600,0.23,66.33,64.36,331646400,217100000.0,3.06,3.05,70.17,131.06,77.53,51.69,1.03
漳州发展,sz000753,6.34,6.33,6.35,12008100.0,6.34,175500,6.35,48500,0.16,6.42,6.31,12008100,76400000.0,1.21,1.74,62.86,62.86,6.96,5.7,0.67
宏工科技,sz301662,155.83,155.73,155.73,1683100.0,155.83,700,156.0,10900,0.06,157.99,151.87,1683100,261110000.0,5.47,3.93,47.92,124.66,186.88,124.58,0.55
华峰测控,sh688200,308.6,308.51,318.0,512462700.0,308.56,600,308.6,5000,0.03,332.99,305.0,512462700,1633790000.0,3.78,9.07,418.26,418.26,370.21,246.81,1.86
金鹰股份,sh600232,8.37,8.57,8.48,7782700.0,8.37,13800,8.38,14700,-2.33,8.57,8.32,7782700,65390000.0,2.13,2.92,30.53,30.53,9.43,7.71,0.5
凯盛新材,sz301069,21.95,22.02,21.89,8982500.0,21.94,11500,21.95,5000,-0.32,22.17,21.6,8982500,196380000.0,2.1,2.59,93.68,99.47,26.42,17.62,1.09
飞龙股份,sz002536,38.4,38.11,38.11,44702300.0,38.4,60500,38.41,9500,0.76,39.2,37.1,44702300,1701320000.0,8.21,5.51,209.05,220.72,41.92,34.3,0.7
华新建材,sh600801,23.1,23.0,22.88,9168900.0,23.1,5300,23.11,6100,0.43,23.38,22.85,9168900,212040000.0,0.68,2.3,309.93,480.25,25.3,20.7,1.2
双鹭药业,sz002038,6.95,7.18,7.12,52953200.0,6.95,498400,6.96,235400,-3.2,7.15,6.94,52953200,371290000.0,6.22,2.92,59.21,71.4,7.9,6.46,0.67
奥锐特,sh605116,23.61,26.23,24.0,13994600.0,23.61,33700,23.62,48900,-9.99,24.66,23.61,13994600,334980000.0,3.45,4.0,95.9,95.9,28.85,23.61,2.17
劲嘉股份,sz002191,3.5,3.54,3.54,10340200.0,3.5,223900,3.51,346000,-1.13,3.54,3.48,10340200,36220000.0,0.72,1.69,50.42,50.81,3.89,3.19,0.82
至纯科技,sh603690,25.91,25.87,25.62,8963600.0,25.91,21100,25.92,16200,0.15,26.25,25.62,8963600,232140000.0,2.34,2.44,99.23,99.23,28.46,23.28,0.85
晶盛机电,sz300316,43.54,43.59,43.37,20173200.0,43.54,36800,43.55,5900,-0.11,44.24,43.16,20173200,881210000.0,1.64,2.48,536.22,570.17,52.31,34.87,0.62
欣旺达,sz300207,27.75,29.13,26.6,159539800.0,27.75,146400,27.76,16900,-4.74,28.39,25.9,159539800,4355480000.0,9.31,8.55,475.59,512.67,34.96,23.3,1.67
泰坦股份,sz003036,33.59,30.54,30.46,20325100.0,33.59,496400,0.0,0,9.99,33.59,30.0,20325100,672780000.0,9.4,11.76,72.65,72.65,33.59,27.49,1.46
图南股份,sz300855,39.4,40.34,40.05,5220000.0,39.39,1700,39.4,1100,-2.33,40.34,39.24,5220000,206580000.0,1.78,2.73,115.42,155.84,48.41,32.27,0.48
硕世生物,sh688399,60.97,62.36,62.99,190074600.0,60.96,200,60.97,4300,-2.23,63.38,60.29,190074600,117280000.0,2.27,4.96,51.14,51.14,74.83,49.89,0.84
永兴材料,sz002756,78.21,71.1,71.0,22402000.0,78.21,1071700,0.0,0,10.0,78.21,70.75,22402000,1687500000.0,5.76,10.49,304.03,421.63,78.21,63.99,1.13
纳芯微,sh688052,182.81,177.61,184.18,773499600.0,182.81,2200,182.88,200,2.93,190.17,182.38,773499600,1436140000.0,5.43,4.39,260.56,297.29,213.13,142.09,2.1
翔港科技,sh603499,20.28,20.51,20.7,4295600.0,20.28,5100,20.29,5900,-1.12,20.71,20.02,4295600,87300000.0,1.42,3.36,61.37,61.37,22.56,18.46,0.7
中闽能源,sh600163,6.34,6.68,6.51,68524700.0,6.33,383700,6.34,114700,-5.09,6.61,6.3,68524700,442060000.0,3.6,4.64,120.65,120.65,7.35,6.01,1.12
焦作万方,sz000612,13.19,13.13,13.19,37280800.0,13.19,111400,13.2,73300,0.46,13.29,12.9,37280800,488990000.0,3.13,2.97,157.25,157.25,14.44,11.82,0.91
中科电气,sz300035,24.91,23.96,23.7,79423200.0,24.9,227500,24.91,15300,3.96,25.25,23.59,79423200,1962020000.0,13.62,6.93,145.31,170.74,28.75,19.17,1.5
温州宏丰,sz300283,11.75,9.79,10.43,74913800.0,11.75,6157800,0.0,0,20.02,11.75,10.22,74913800,827180000.0,20.4,15.63,43.15,58.39,11.75,7.83,2.19
东宝生物,sz300239,5.45,5.35,5.32,17517300.0,5.45,27900,5.46,62200,1.87,5.49,5.32,17517300,95170000.0,2.97,3.18,32.14,32.35,6.42,4.28,2.04
天承科技,sh688603,89.32,92.8,93.4,389421800.0,89.32,900,89.34,200,-3.75,94.79,87.66,389421800,351370000.0,8.21,7.68,42.36,111.4,111.36,74.24,0.83
金杯电工,sz002533,13.78,13.91,13.89,10251700.0,13.78,69800,13.79,4000,-0.93,13.96,13.73,10251700,141800000.0,1.61,1.65,87.87,101.14,15.3,12.52,0.55
力星股份,sz300421,24.0,24.14,24.0,7045900.0,24.0,21300,24.01,3900,-0.58,24.47,23.92,7045900,170390000.0,3.06,2.28,55.28,70.57,28.97,19.31,0.75
海南高速,sz000886,5.63,5.6,5.66,23932000.0,5.63,75100,5.64,14500,0.54,5.75,5.61,23932000,135790000.0,2.45,2.5,55.05,55.67,6.16,5.04,2.13
沪硅产业,sh688126,20.8,20.7,20.45,6635426000.0,20.79,79600,20.8,47400,0.48,21.29,20.41,6635426000,1380330000.0,2.43,4.25,568.19,687.44,24.84,16.56,0.93
科力远,sh600478,7.73,7.53,7.47,57519100.0,7.72,224100,7.73,90800,2.66,7.78,7.44,57519100,438920000.0,3.45,4.52,128.75,128.75,8.28,6.78,1.28
同兴科技,sz003027,24.45,24.15,23.84,19548500.0,24.44,1700,24.45,149400,1.24,25.88,23.61,19548500,484760000.0,18.64,9.4,25.64,31.96,26.57,21.74,1.24
天奈科技,sh688116,41.41,41.23,41.01,775069400.0,41.4,2500,41.41,4800,0.44,41.85,40.42,775069400,319130000.0,2.11,3.47,151.78,151.78,49.48,32.98,0.82
皇氏集团,sz002329,3.89,3.92,3.88,22916100.0,3.89,10200,3.9,17900,-0.77,3.92,3.84,22916100,88890000.0,3.52,2.04,25.3,32.38,4.31,3.53,0.7
赤峰黄金,sh600988,40.69,41.17,41.0,35327500.0,40.68,9100,40.69,200,-1.17,41.16,39.56,35327500,1425340000.0,2.12,3.89,677.05,773.28,45.29,37.05,0.89
利柏特,sh605167,17.18,17.65,17.52,5139500.0,17.18,40200,17.19,1500,-2.66,17.78,17.06,5139500,89180000.0,1.14,4.08,77.16,77.16,19.42,15.89,0.76
同益股份,sz300538,15.8,15.6,15.52,2564500.0,15.79,500,15.8,3700,1.28,15.99,15.39,2564500,40180000.0,2.12,3.85,19.12,28.74,18.72,12.48,0.84
新澳股份,sh603889,8.85,8.89,8.89,14417600.0,8.85,1500,8.86,2400,-0.45,9.0,8.75,14417600,127470000.0,1.99,2.81,64.14,64.62,9.78,8.0,0.8
通用电梯,sz300931,13.63,13.14,13.12,7372900.0,13.63,3800,13.64,500,3.73,13.75,12.7,7372900,98110000.0,3.99,7.99,25.21,32.73,15.77,10.51,1.15
艾力斯,sh688578,95.32,96.37,96.52,534222400.0,95.32,100,95.35,800,-1.09,97.55,94.36,534222400,511560000.0,1.19,3.31,428.94,428.94,115.64,77.1,1.02
寒武纪,sh688256,1352.5,1323.0,1319.64,1240714400.0,1352.5,11900,1352.8,1200,2.23,1409.58,1281.58,1240714400,16760990000.0,2.94,9.67,5703.29,5703.29,1587.6,1058.4,1.66
山东玻纤,sh605006,10.31,10.64,10.15,37592300.0,10.3,105900,10.31,91800,-3.1,10.68,10.15,37592300,390110000.0,6.26,4.98,61.86,61.86,11.7,9.58,0.72
瑞泰新材,sz301238,21.31,20.89,20.84,11141500.0,21.31,56500,21.32,10900,2.01,21.45,20.71,11141500,235510000.0,1.52,3.54,156.27,156.27,25.07,16.71,0.99
光库科技,sz300620,237.84,246.93,242.03,22857500.0,237.84,14300,237.85,3600,-3.68,246.66,230.6,22857500,5433510000.0,9.25,6.5,587.71,592.65,296.32,197.54,0.93
巨人网络,sz002558,31.16,31.88,31.52,37416200.0,31.16,165400,31.17,14600,-2.26,31.85,30.79,37416200,1170830000.0,1.97,3.32,592.22,592.22,35.07,28.69,0.97
洛凯股份,sh603829,29.75,27.81,27.65,11865700.0,29.75,81600,29.76,6700,6.98,30.0,27.5,11865700,344990000.0,6.37,8.99,55.41,55.41,30.59,25.03,1.13
杭可科技,sh688006,30.15,30.28,30.28,908892800.0,30.14,3500,30.15,4200,-0.43,30.57,29.79,908892800,274350000.0,1.51,2.58,182.01,182.01,36.34,24.22,0.6
福建水泥,sh600802,5.5,5.46,5.45,6635100.0,5.5,50100,5.51,30100,0.73,5.53,5.4,6635100,36250000.0,1.45,2.38,25.2,25.2,6.01,4.91,0.99
西部黄金,sh601069,31.9,32.29,32.04,11340600.0,31.9,1800,31.91,7800,-1.21,32.2,31.32,11340600,359200000.0,1.28,2.73,283.01,290.61,35.52,29.06,0.65
爱司凯,sz300521,27.33,26.78,26.82,2290600.0,27.33,9800,27.35,900,2.05,27.8,26.41,2290600,61940000.0,1.53,5.19,40.92,40.92,32.14,21.42,0.82
赣锋锂业,sz002460,84.99,79.88,79.95,97075500.0,84.99,475300,85.0,70800,6.4,86.26,79.87,97075500,8070280000.0,8.01,8.0,1029.41,1781.98,87.87,71.89,1.34
贵研铂业,sh600459,21.32,21.5,21.16,15400100.0,21.32,19200,21.33,23700,-0.84,21.65,21.08,15400100,328660000.0,2.03,2.65,161.97,175.52,23.65,19.35,0.67
永冠新材,sh603681,17.39,17.43,17.4,4229600.0,17.39,4000,17.4,2000,-0.23,17.55,17.11,4229600,73160000.0,1.78,2.52,41.34,41.34,19.17,15.69,0.87
垒知集团,sz002398,5.0,4.99,4.97,11652500.0,5.0,12300,5.01,125300,0.2,5.04,4.91,11652500,57860000.0,1.91,2.61,30.47,34.9,5.49,4.49,1.09
精智达,sh688627,273.76,276.37,275.99,236469500.0,273.76,1300,273.98,700,-0.94,285.0,272.0,236469500,653730000.0,3.27,4.7,198.07,257.37,331.64,221.1,0.74
合富中国,sh603122,15.23,15.45,15.37,14587300.0,15.22,45900,15.23,14200,-1.42,15.58,15.11,14587300,223060000.0,3.66,3.04,60.62,60.62,17.0,13.91,0.55
新亚制程,sz002388,5.02,4.9,4.9,14506300.0,5.02,61500,5.03,25300,2.45,5.05,4.88,14506300,72010000.0,2.87,3.47,25.41,25.64,5.39,4.41,0.82
润阳科技,sz300920,38.9,39.0,38.43,790800.0,38.71,600,38.9,1200,-0.26,39.28,38.3,790800,30640000.0,1.2,2.51,25.55,38.9,46.8,31.2,0.83
赢合科技,sz300457,28.64,28.18,28.01,16109400.0,28.63,11700,28.64,2500,1.63,28.83,28.01,16109400,457790000.0,2.54,2.91,181.82,184.78,33.82,22.54,1.01
大东方,sh600327,3.72,3.7,3.69,12947500.0,3.72,1200,3.73,497900,0.54,3.73,3.66,12947500,47830000.0,1.46,1.89,32.91,32.91,4.07,3.33,0.99
丰林集团,sh601996,2.69,2.59,2.61,89239900.0,2.69,84100,2.7,265300,3.86,2.8,2.54,89239900,239590000.0,7.96,10.04,30.15,30.15,2.85,2.33,1.46
广发证券,sz000776,19.86,20.32,20.15,57637100.0,19.86,28600,19.87,28500,-2.26,20.28,19.61,57637100,1140220000.0,0.98,3.3,1172.54,1554.01,22.35,18.29,1.08
昭衍新药,sh603127,37.61,37.3,36.92,36601000.0,37.61,4300,37.62,13000,0.83,38.95,36.85,36601000,1390100000.0,5.81,5.63,237.08,281.83,41.03,33.57,1.5
美盈森,sz002303,3.33,3.35,3.35,15561600.0,3.33,1600,3.34,647000,-0.6,3.35,3.3,15561600,51720000.0,1.61,1.49,32.2,50.99,3.69,3.02,0.97
东方智造,sz002175,2.39,2.42,2.39,44794900.0,2.39,38000,2.4,1059100,-1.24,2.42,2.33,44794900,106130000.0,3.51,3.72,30.52,30.52,2.66,2.18,0.92
金安国纪,sz002636,41.33,43.25,42.51,40580900.0,41.33,82500,41.34,800,-4.44,43.18,40.67,40580900,1689840000.0,5.6,5.8,299.36,300.88,47.58,38.93,0.86
百隆东方,sh601339,8.52,8.25,8.21,16775200.0,8.51,36500,8.52,29500,3.27,8.58,8.17,16775200,141470000.0,1.12,4.97,127.76,127.76,9.08,7.43,1.16
精研科技,sz300709,38.15,39.4,39.15,7007100.0,38.14,13700,38.15,1900,-3.17,39.66,37.75,7007100,268540000.0,4.69,4.85,56.95,70.99,47.28,31.52,1.17
金石资源,sh603505,17.82,17.73,17.68,10786900.0,17.82,20600,17.83,6300,0.51,17.93,17.48,10786900,190720000.0,1.28,2.54,149.99,149.99,19.5,15.96,0.84
联芸科技,sh688449,46.96,46.41,46.33,826001100.0,46.92,300,46.96,7500,1.19,47.58,45.52,826001100,385880000.0,2.82,4.44,137.69,216.02,55.69,37.13,1.16
民德电子,sz300656,22.99,23.25,23.37,2958300.0,22.99,3000,23.0,2200,-1.12,23.48,22.81,2958300,68170000.0,2.23,2.88,30.55,39.34,27.9,18.6,0.63
飞科电器,sh603868,35.16,33.0,32.9,4810100.0,35.16,1100,35.18,300,6.55,35.5,32.61,4810100,165020000.0,1.1,8.76,153.16,153.16,36.3,29.7,3.48
海翔药业,sz002099,6.97,6.93,6.87,17577800.0,6.97,35200,6.98,9500,0.58,7.11,6.86,17577800,122590000.0,1.09,3.61,112.61,112.82,7.62,6.24,0.71
东威科技,sh688700,61.92,64.35,64.03,1172872900.0,61.91,3700,61.92,1800,-3.78,64.35,60.28,1172872900,729400000.0,3.93,6.32,184.77,184.77,77.22,51.48,0.82
磁谷科技,sh688448,64.36,62.63,62.82,125443000.0,64.1,1000,64.36,1200,2.76,65.7,62.05,125443000,80280000.0,1.75,5.83,46.12,46.12,75.16,50.1,0.94
五新隧装,bj920174,38.66,38.61,38.59,737600.0,38.66,1000,38.67,1500,0.13,38.91,38.0,737600,28310500.0,0.85,2.36,33.63,83.86,50.19,27.03,0.48
上海谊众,sh688091,53.45,52.34,52.25,466086800.0,53.45,2900,53.5,1600,2.12,54.3,51.88,466086800,249140000.0,2.25,4.62,110.48,110.48,62.81,41.87,0.85
浙江东日,sh600113,45.3,45.97,46.01,3891700.0,45.28,500,45.3,3700,-1.46,47.0,45.13,3891700,178870000.0,0.95,4.07,186.38,190.79,50.57,41.37,0.9
百达精工,sh603331,14.73,14.88,14.88,5161700.0,14.72,8700,14.73,28200,-1.01,14.89,14.53,5161700,75690000.0,2.55,2.42,29.78,29.78,16.37,13.39,0.89
万辰集团,sz300972,208.01,216.01,215.36,1507700.0,208.0,200,208.18,500,-3.7,215.55,205.1,1507700,313960000.0,0.85,4.84,370.64,403.99,259.21,172.81,0.98
*ST汇科,sz300561,17.16,17.36,16.84,13096400.0,17.15,3200,17.16,41900,-1.15,17.2,16.4,13096400,219540000.0,5.43,4.61,41.37,56.3,20.83,13.89,0.78
电广传媒,sz000917,10.1,10.0,9.97,41201900.0,10.09,22800,10.1,56600,1.0,10.14,9.87,41201900,413390000.0,2.91,2.7,143.16,143.17,11.0,9.0,1.12
富创精密,sh688409,103.78,102.47,101.02,396277600.0,103.62,2500,103.78,0,1.28,104.84,100.59,396277600,409630000.0,1.29,4.15,317.79,317.79,122.96,81.98,0.87
中信金属,sh601061,14.03,13.99,13.92,38806200.0,14.03,1500,14.04,80600,0.29,14.49,13.82,38806200,551610000.0,0.79,4.79,687.47,687.47,15.39,12.59,1.37
联泓新科,sz003022,24.65,24.77,24.92,52913400.0,24.65,1900,24.66,10400,-0.48,25.24,24.07,52913400,1293110000.0,3.97,4.72,328.94,329.22,27.25,22.29,2.55
鼎龙股份,sz300054,57.0,55.95,55.2,41130600.0,57.0,21000,57.01,6600,1.88,58.0,55.2,41130600,2340010000.0,5.57,5.0,420.75,540.4,67.14,44.76,1.21
电投能源,sz002128,32.74,32.75,32.4,12477200.0,32.74,4800,32.75,7600,-0.03,32.93,32.08,12477200,406120000.0,0.56,2.6,733.89,733.89,36.03,29.48,0.79
山科智能,sz300897,26.59,26.51,26.47,1905400.0,26.59,12600,26.6,6300,0.3,26.96,26.2,1905400,50740000.0,2.17,2.87,23.31,37.28,31.81,21.21,1.14
力量钻石,sz301071,51.2,50.64,50.51,16324100.0,51.2,7400,51.21,600,1.11,52.0,49.38,16324100,824570000.0,8.46,5.17,98.75,133.26,60.77,40.51,1.05
惠云钛业,sz300891,8.49,8.41,8.38,5964400.0,8.49,31600,8.5,13700,0.95,8.55,8.33,5964400,50360000.0,1.79,2.62,28.31,33.96,10.09,6.73,0.86
华图山鼎,sz300492,52.11,54.3,54.24,2074700.0,52.1,1200,52.11,7700,-4.03,54.48,51.96,2074700,108970000.0,1.05,4.64,102.49,102.49,65.16,43.44,0.68
蔚蓝锂芯,sz002245,20.95,21.16,20.93,49416500.0,20.95,4500,20.96,15400,-0.99,21.26,20.66,49416500,1034800000.0,4.55,2.84,227.42,241.72,23.28,19.04,0.77
宏盛股份,sh603090,66.0,68.85,68.85,5104200.0,65.99,100,66.0,153800,-4.14,68.85,64.9,5104200,338380000.0,5.1,5.74,66.0,66.0,75.74,61.97,0.87
奔图科技,sz002180,18.37,18.47,18.33,16223400.0,18.37,45700,18.38,42400,-0.54,18.79,18.05,16223400,299600000.0,1.19,4.01,249.88,261.2,20.32,16.62,0.97
开能健康,sz300272,8.23,8.65,8.58,33101700.0,8.23,41000,8.24,43000,-4.86,8.71,8.21,33101700,276230000.0,7.13,5.78,38.23,50.32,10.38,6.92,1.06
方盛股份,bj920662,24.5,25.76,25.76,1287000.0,24.5,10100,24.65,2200,-4.89,25.97,24.5,1287000,32077100.0,4.77,5.71,6.62,21.45,33.48,18.04,0.44
上海洗霸,sh603200,64.97,65.1,64.06,7292200.0,64.97,15900,64.98,6000,-0.2,66.0,64.01,7292200,474020000.0,4.16,3.06,114.01,114.01,71.61,58.59,0.57
中创智领,sh601717,19.83,19.96,19.92,10643700.0,19.82,31500,19.83,500,-0.65,20.12,19.7,10643700,211440000.0,0.69,2.1,305.81,354.04,21.96,17.96,0.82
上海新阳,sz300236,86.43,85.4,86.29,14482100.0,86.43,2000,86.44,5100,1.21,88.5,85.0,14482100,1260980000.0,5.2,4.1,240.75,270.86,102.48,68.32,1.29
海光信息,sh688041,285.0,263.4,275.63,5412511400.0,284.99,1500,285.0,34700,8.2,293.3,271.06,5412511400,15260720000.0,2.33,8.44,6624.36,6624.36,316.08,210.72,1.9
瑞丰新材,sz300910,47.94,47.26,46.73,6894000.0,47.94,7300,47.95,11500,1.44,48.5,46.7,6894000,327780000.0,3.33,3.81,99.2,141.87,56.71,37.81,1.05
锐捷网络,sz301165,100.6,92.3,92.3,17595900.0,100.6,1000,100.61,500,8.99,102.5,89.0,17595900,1692920000.0,2.21,14.63,800.23,800.23,110.76,73.84,1.47
东阳光,sh600673,32.74,34.14,33.89,83471900.0,32.73,73500,32.74,41600,-4.1,34.08,31.7,83471900,2710550000.0,2.78,6.97,982.71,985.33,37.55,30.73,1.03
天铁科技,sz300587,5.79,5.84,5.82,25306100.0,5.79,47900,5.8,187900,-0.86,5.9,5.7,25306100,146290000.0,2.41,3.42,60.91,75.17,7.01,4.67,0.6
联泰环保,sh603797,4.7,4.67,4.63,4573400.0,4.69,500,4.7,40800,0.64,4.72,4.6,4573400,21330000.0,0.79,2.57,27.1,27.1,5.14,4.2,0.96
四川黄金,sz001337,47.37,47.55,47.01,6194300.0,47.37,1800,47.38,4900,-0.38,47.6,46.25,6194300,290200000.0,1.47,2.84,198.95,198.95,52.31,42.8,0.74
上海凤凰,sh600679,11.2,11.08,11.08,3377300.0,11.19,33900,11.2,37300,1.08,11.25,11.0,3377300,37690000.0,0.98,2.26,38.49,57.71,12.19,9.97,1.17
中金黄金,sh600489,25.53,25.83,25.62,63428200.0,25.52,101700,25.53,52000,-1.16,25.8,24.9,63428200,1603720000.0,1.31,3.48,1237.52,1237.52,28.41,23.25,1.22
永新股份,sz002014,11.4,11.62,11.3,5429700.0,11.39,59100,11.4,24000,-1.89,11.44,11.09,5429700,61450000.0,0.9,3.01,68.71,69.82,12.78,10.46,2.36
新洋丰,sz000902,15.77,15.47,15.49,14180500.0,15.77,21400,15.78,37400,1.94,15.93,15.46,14180500,223550000.0,1.24,3.04,180.22,197.87,17.02,13.92,0.75
家联科技,sz301193,21.59,21.98,21.73,11432200.0,21.59,4400,21.6,500,-1.77,23.08,21.36,11432200,252100000.0,7.17,7.83,34.41,46.65,26.38,17.58,1.33
晨光新材,sh605399,15.04,14.7,14.77,4058000.0,15.04,11600,15.05,3500,2.31,15.14,14.64,4058000,60580000.0,1.3,3.4,46.85,46.96,16.17,13.23,1.22
上能电气,sz300827,37.03,38.96,37.46,36406000.0,37.03,12400,37.04,68400,-4.95,37.68,36.65,36406000,1352230000.0,9.45,2.64,142.66,206.14,46.75,31.17,1.22
晨丰科技,sh603685,31.72,31.96,31.97,2832100.0,31.72,19200,31.76,1400,-0.75,32.49,31.08,2832100,89870000.0,1.41,4.41,63.9,79.6,35.16,28.76,0.66
ST合纵,sz300477,2.08,2.19,2.14,46729100.0,2.07,576000,2.08,102800,-5.02,2.16,2.06,46729100,97980000.0,4.72,4.57,20.61,22.3,2.63,1.75,1.13
兴发集团,sh600141,33.02,32.72,32.5,34644900.0,33.01,9900,33.02,10800,0.92,33.4,32.44,34644900,1143280000.0,2.88,2.93,396.81,396.81,35.99,29.45,1.3
唯科科技,sz301196,114.7,121.0,116.7,4852500.0,114.6,500,114.7,2000,-5.21,120.62,113.6,4852500,560640000.0,5.92,5.8,94.01,143.73,145.2,96.8,1.0
中兴商业,sz000715,6.23,6.61,6.3,74531900.0,6.23,643800,6.24,6100,-5.75,6.48,6.17,74531900,470100000.0,15.32,4.69,30.3,33.67,7.27,5.95,2.45
天岳先进,sh688234,105.55,107.41,106.02,1224726400.0,105.55,500,105.6,200,-1.73,108.03,102.95,1224726400,1286320000.0,2.85,4.73,453.56,511.51,128.89,85.93,0.79
中色股份,sz000758,6.92,6.93,6.9,33230700.0,6.91,120400,6.92,101200,-0.14,6.98,6.79,33230700,228650000.0,1.68,2.74,136.75,137.74,7.62,6.24,0.76
振德医疗,sh603301,90.4,91.77,91.89,2378400.0,90.37,100,90.4,8300,-1.49,91.94,88.7,2378400,214290000.0,0.9,3.53,238.54,238.54,100.95,82.59,0.86
鼎阳科技,sh688112,54.35,53.81,53.52,676417500.0,54.35,69700,54.4,2100,1.0,59.7,53.52,676417500,376890000.0,4.24,11.48,86.74,86.74,64.57,43.05,1.69
兆威机电,sz003021,96.3,97.54,97.55,2883300.0,96.3,6200,96.32,600,-1.27,98.4,95.5,2883300,278440000.0,1.39,2.97,199.63,257.59,107.29,87.79,0.85
富瑞特装,sz300228,9.03,9.05,8.94,18110300.0,9.03,71200,9.04,24900,-0.22,9.12,8.94,18110300,163320000.0,3.24,1.99,50.47,53.95,10.86,7.24,0.58
国投中鲁,sh600962,20.83,21.64,21.43,4908100.0,20.82,18700,20.83,3100,-3.74,21.63,20.61,4908100,102870000.0,1.87,4.71,54.62,54.62,23.8,19.48,0.6
星云股份,sz300648,50.11,50.44,50.44,1793500.0,50.11,12300,50.15,11800,-0.65,51.0,49.97,1793500,90200000.0,1.35,2.04,66.49,87.33,60.53,40.35,0.68
莱尔科技,sh688683,44.39,43.4,43.73,336619400.0,44.37,200,44.39,8700,2.28,45.39,42.55,336619400,148060000.0,2.17,6.54,68.88,71.51,52.08,34.72,1.67
朗进科技,sz300594,25.55,26.22,26.0,4222100.0,25.55,6200,25.57,2300,-2.56,26.15,24.85,4222100,106720000.0,4.64,4.96,23.25,23.47,31.46,20.98,0.76
天山铝业,sz002532,17.98,17.67,17.58,51768400.0,17.97,5900,17.98,30700,1.75,18.1,17.5,51768400,922610000.0,1.26,3.4,738.41,832.25,19.44,15.9,0.87
张江高科,sh600895,36.9,37.12,36.91,17837300.0,36.9,33700,36.91,23700,-0.59,37.46,36.61,17837300,659040000.0,1.15,2.29,571.47,571.47,40.83,33.41,0.75
凯美特气,sz002549,19.98,18.8,18.77,108992500.0,19.98,490500,19.99,45000,6.28,20.68,18.77,108992500,2215380000.0,15.74,10.16,138.33,138.93,20.68,16.92,2.02
利和兴,sz301013,24.63,24.4,24.1,10902300.0,24.63,17100,24.64,2700,0.94,25.19,24.08,10902300,269630000.0,5.76,4.55,46.61,57.57,29.28,19.52,0.75
弘元绿能,sh603185,24.31,24.53,24.3,11527700.0,24.3,12900,24.31,34200,-0.9,24.73,24.16,11527700,281480000.0,1.7,2.32,165.07,166.06,26.98,22.08,0.83
江钨装备,sh600397,14.02,14.63,14.5,48661500.0,14.02,18500,14.03,6800,-4.17,14.6,13.78,48661500,685850000.0,4.92,5.6,138.79,138.79,16.09,13.17,0.92
精测电子,sz300567,132.0,132.5,132.7,10863100.0,132.0,3200,132.02,1600,-0.38,136.06,129.55,10863100,1442190000.0,4.78,4.91,299.7,369.26,159.0,106.0,1.08
泰福泵业,sz300992,31.92,33.11,32.63,3223600.0,31.92,13200,32.05,4100,-3.59,33.07,31.62,3223600,103470000.0,4.16,4.38,24.74,30.43,39.73,26.49,0.66
启明星辰,sz002439,14.94,15.07,14.85,29248500.0,14.93,54600,14.94,8900,-0.86,15.06,14.78,29248500,436260000.0,4.01,1.86,108.85,180.98,16.58,13.56,0.59
*ST中基,sz000972,3.91,3.94,3.94,12286700.0,3.9,52800,3.91,13600,-0.76,3.96,3.81,12286700,47690000.0,1.59,3.81,30.16,30.16,4.14,3.74,1.02
晓程科技,sz300139,53.5,54.47,54.02,18091700.0,53.49,2700,53.5,39900,-1.78,54.38,52.37,18091700,962850000.0,7.74,3.69,125.01,146.59,65.36,43.58,0.76
华金资本,sz000532,13.73,13.7,13.65,6594100.0,13.72,12100,13.73,21200,0.22,13.87,13.48,6594100,90140000.0,1.92,2.85,47.17,47.33,15.07,12.33,1.16
德龙激光,sh688170,56.91,58.44,58.16,567476000.0,56.91,100,56.93,600,-2.62,59.2,56.38,567476000,325350000.0,5.49,4.83,58.82,58.82,70.13,46.75,0.71
龙佰集团,sz002601,17.59,17.53,17.49,18062400.0,17.59,228800,17.6,7400,0.34,17.69,17.41,18062400,317160000.0,0.91,1.6,349.62,419.39,19.28,15.78,0.81
*ST美谷,sz000615,3.45,3.34,3.39,13804100.0,3.44,868300,3.45,802000,3.29,3.47,3.35,13804100,47000000.0,1.49,3.59,31.92,61.67,3.51,3.17,1.71
德才股份,sh605287,44.8,45.9,45.0,5126100.0,44.8,3300,44.85,100,-2.4,45.44,43.74,5126100,228320000.0,3.66,3.7,62.72,62.72,50.49,41.31,0.67
亚太股份,sz002284,13.82,13.74,13.7,12204000.0,13.81,16500,13.82,9800,0.58,13.97,13.54,12204000,168320000.0,1.67,3.13,101.19,102.14,15.11,12.37,0.99
硅宝科技,sz300019,18.7,18.61,18.51,5215800.0,18.7,40200,18.71,5700,0.48,18.82,18.43,5215800,97220000.0,1.41,2.1,68.93,73.51,22.33,14.89,0.5
重药控股,sz000950,5.89,6.07,6.06,46548200.0,5.89,565700,5.9,175400,-2.97,6.06,5.82,46548200,274570000.0,2.69,3.95,101.79,101.79,6.68,5.46,0.97
信立泰,sz002294,55.52,55.97,55.6,8211400.0,55.52,1500,55.53,400,-0.8,56.3,54.5,8211400,455490000.0,0.74,3.22,618.81,618.95,61.57,50.37,0.49
华特气体,sh688268,176.8,147.33,157.11,1553347500.0,176.8,204600,0.0,0,20.0,176.8,157.11,1553347500,2674230000.0,12.95,13.36,212.01,212.15,176.8,117.86,1.09
长阳科技,sh688299,16.9,17.02,16.89,682448500.0,16.9,14100,16.91,3900,-0.71,17.3,16.47,682448500,114730000.0,2.37,4.88,48.57,48.57,20.42,13.62,0.99
立达信,sh605365,30.49,32.0,31.58,18890900.0,30.49,100300,30.5,2900,-4.72,32.0,29.9,18890900,580690000.0,3.76,6.56,153.06,153.06,35.2,28.8,0.97
新迅达,sz300518,24.16,24.63,24.41,8981100.0,24.16,17200,24.17,3000,-1.91,24.9,23.83,8981100,217250000.0,4.5,4.34,48.17,48.18,29.56,19.7,0.52
东方锆业,sz002167,13.01,12.86,12.73,20379700.0,13.0,51200,13.01,11700,1.17,13.1,12.61,20379700,262820000.0,2.69,3.81,98.71,100.78,14.15,11.57,0.79
江苏北人,sh688218,30.51,30.02,29.93,604299100.0,30.51,2500,30.52,200,1.63,30.9,29.82,604299100,184050000.0,5.19,3.6,35.54,35.54,36.02,24.02,0.62
众泰汽车,sz000980,2.1,2.2,2.22,177518900.0,2.1,5155300,2.11,568800,-4.55,2.24,2.1,177518900,378160000.0,3.53,6.36,105.66,105.89,2.42,1.98,0.61
寒锐钴业,sz300618,46.98,45.06,44.82,16680500.0,46.97,13400,46.98,116200,4.26,47.39,44.82,16680500,771680000.0,6.12,5.7,128.02,145.5,54.07,36.05,1.11
南侨食品,sh605339,15.83,15.8,15.74,1308200.0,15.83,7600,15.84,10400,0.19,15.9,15.53,1308200,20560000.0,0.31,2.34,67.17,67.17,17.38,14.22,1.42
阳光诺和,sh688621,58.78,61.15,58.59,359440700.0,58.78,2600,58.88,2000,-3.88,61.68,58.35,359440700,214090000.0,3.21,5.45,65.83,65.83,73.38,48.92,1.58
仁东控股,sz002647,11.61,12.62,12.42,80661700.0,11.61,165100,11.62,52900,-8.0,12.5,11.61,80661700,959090000.0,7.94,7.05,117.88,131.23,13.88,11.36,1.14
思泰克,sz301568,54.12,54.76,54.66,3012700.0,54.12,16200,54.15,400,-1.17,55.29,53.78,3012700,163930000.0,6.33,2.76,25.76,55.88,65.71,43.81,0.69
人民同泰,sh600829,9.61,9.67,9.6,5862300.0,9.61,49200,9.62,32900,-0.62,9.62,9.51,5862300,56010000.0,1.01,1.14,55.73,55.73,10.64,8.7,0.65
同星科技,sz301252,35.36,36.99,36.56,3318000.0,35.35,1500,35.36,7200,-4.41,36.84,34.75,3318000,117330000.0,7.02,5.65,16.72,59.84,44.39,29.59,1.09
西藏矿业,sz000762,38.5,35.72,35.0,68513200.0,38.5,58900,38.51,8900,7.78,39.18,35.0,68513200,2562950000.0,13.16,11.7,200.51,200.52,39.29,32.15,1.13
正和生态,sh605069,14.04,13.68,13.54,6174100.0,14.04,12900,14.06,20200,2.63,14.23,13.52,6174100,86110000.0,2.92,5.19,29.72,29.72,15.05,12.31,1.08
西藏珠峰,sh600338,22.57,20.52,19.28,182314600.0,22.57,1888400,0.0,0,9.99,22.57,19.28,182314600,3953790000.0,19.94,16.03,206.34,206.34,22.57,18.47,2.22
高盟新材,sz300200,10.68,10.22,10.12,48240300.0,10.67,185100,10.68,130500,4.5,10.74,10.11,48240300,504850000.0,11.38,6.16,45.27,46.03,12.26,8.18,2.44
中原内配,sz002448,16.18,17.52,17.0,71823500.0,16.18,71100,16.19,24600,-7.65,17.3,15.77,71823500,1171570000.0,12.37,8.73,93.93,95.2,19.27,15.77,2.44
金太阳,sz300606,35.24,37.0,36.61,12743800.0,35.24,31400,35.25,200,-4.76,37.34,34.66,12743800,455620000.0,10.83,7.24,41.47,48.75,44.4,29.6,1.12
沧州明珠,sz002108,5.8,5.96,5.89,181674000.0,5.8,420300,5.81,507700,-2.68,5.9,5.69,181674000,1051830000.0,11.03,3.52,95.55,95.62,6.56,5.36,0.63
洛阳钼业,sh603993,19.37,19.36,19.08,181980700.0,19.37,75900,19.38,45200,0.05,19.49,18.87,181980700,3479070000.0,1.04,3.2,3382.17,4144.08,21.3,17.42,0.93
泰嘉股份,sz002843,26.66,26.07,25.63,47123100.0,26.66,131300,26.67,300,2.26,28.0,24.81,47123100,1253250000.0,18.79,12.24,66.86,67.11,28.68,23.46,1.52
合肥城建,sz002208,12.57,12.51,12.5,19727200.0,12.57,1500,12.58,19100,0.48,12.74,12.39,19727200,248260000.0,2.46,2.8,100.95,100.97,13.76,11.26,0.64
海马汽车,sz000572,5.51,5.56,5.58,28105400.0,5.51,74200,5.52,32600,-0.9,5.6,5.47,28105400,155100000.0,1.71,2.34,90.49,90.62,6.12,5.0,0.84
长虹能源,bj920239,30.48,30.24,30.1,1404500.0,30.48,100,30.49,3100,0.79,30.79,30.02,1404500,42742700.00000001,0.78,2.55,54.69,55.5,39.31,21.17,0.6
华源控股,sz002787,21.38,19.44,19.98,16128500.0,21.38,3473000,0.0,0,9.98,21.38,19.98,16128500,334940000.0,6.43,7.2,53.63,71.66,21.38,17.5,0.51
华人健康,sz301408,19.8,20.94,20.35,30567300.0,19.8,69700,19.81,6100,-5.44,20.39,19.53,30567300,608840000.0,13.35,4.11,45.33,79.2,25.13,16.75,0.79
罗 牛 山,sz000735,6.69,6.81,6.78,15549000.0,6.69,500,6.7,56100,-1.76,6.8,6.66,15549000,104230000.0,1.35,2.06,77.0,77.04,7.49,6.13,0.6
云图控股,sz002539,14.69,14.22,14.17,33487500.0,14.69,38400,14.7,51600,3.31,14.94,14.09,33487500,488430000.0,3.76,5.98,130.71,177.41,15.64,12.8,1.7
强达电路,sz301628,106.48,110.67,108.68,2239000.0,106.48,200,106.5,2300,-3.79,110.39,105.71,2239000,239840000.0,8.03,4.23,29.68,80.26,132.8,88.54,0.91
博杰股份,sz002975,115.73,112.61,112.3,15879500.0,115.71,600,115.73,100,2.77,119.5,112.3,15879500,1842620000.0,15.0,6.39,122.51,185.52,123.87,101.35,1.09
日出东方,sh603366,8.47,8.4,8.41,11412800.0,8.46,272200,8.47,6200,0.83,8.55,8.33,11412800,96630000.0,1.4,2.62,68.87,68.87,9.24,7.56,0.78
中铝国际,sh601068,6.33,6.32,6.3,14270500.0,6.32,120400,6.33,157300,0.16,6.37,6.24,14270500,90090000.0,0.56,2.06,162.02,189.13,6.95,5.69,0.94
金凯生科,sz301509,41.28,41.84,41.25,3399400.0,41.27,11300,41.28,12500,-1.34,41.65,40.6,3399400,139820000.0,5.99,2.51,23.42,49.72,50.21,33.47,0.53
诚达药业,sz301201,40.25,39.97,39.68,4847100.0,40.24,700,40.25,1200,0.7,40.85,39.27,4847100,194510000.0,4.47,3.95,43.69,62.27,47.96,31.98,0.8
中旗新材,sz001212,49.65,50.05,49.93,3743200.0,49.65,11700,49.66,3000,-0.8,50.6,49.38,3743200,186960000.0,2.15,2.44,86.32,99.78,55.06,45.05,0.67
万向钱潮,sz000559,17.7,17.98,17.58,116958700.0,17.7,441900,17.71,171900,-1.56,18.01,17.5,116958700,2079320000.0,3.53,2.84,586.64,586.82,19.78,16.18,0.9
长华化学,sz301518,41.63,42.24,41.97,1816300.0,41.63,200,41.64,4300,-1.44,42.96,41.63,1816300,76820000.0,3.4,3.15,22.25,60.56,50.69,33.79,0.7
唯捷创芯,sh688153,34.32,34.39,34.39,399069200.0,34.31,3700,34.32,3600,-0.2,34.85,33.9,399069200,137050000.0,0.98,2.76,140.45,147.68,41.27,27.51,0.86
川恒股份,sz002895,36.33,35.71,35.72,9106600.0,36.33,23200,36.34,7200,1.74,36.67,35.71,9106600,330420000.0,1.53,2.69,216.15,220.13,39.28,32.14,0.86
长光华芯,sh688048,385.73,367.0,380.45,1850030000.0,385.7,1500,385.73,14100,5.1,410.0,375.0,1850030000,7249250000.0,10.49,9.54,679.96,679.96,440.4,293.6,1.02
景津装备,sh603279,17.79,17.75,17.02,9775300.0,17.79,21400,17.8,14800,0.23,18.21,17.01,9775300,174060000.0,1.7,6.76,102.54,102.54,19.53,15.98,1.77
山金国际,sz000975,27.6,27.73,27.6,27266400.0,27.59,14500,27.6,8500,-0.47,27.77,26.92,27266400,745550000.0,1.08,3.07,697.57,766.38,30.5,24.96,0.89
史丹利,sz002588,11.6,11.81,11.65,42998800.0,11.59,46400,11.6,79700,-1.78,11.92,11.43,42998800,501970000.0,5.01,4.15,99.6,133.62,12.99,10.63,1.2
英联股份,sz002846,15.93,16.15,16.01,18472000.0,15.92,9500,15.93,8600,-1.36,16.2,15.72,18472000,294420000.0,7.1,2.97,41.44,66.9,17.77,14.54,0.78
润禾材料,sz300727,33.4,33.7,33.67,2701400.0,33.39,8700,33.4,3800,-0.89,33.89,32.8,2701400,89590000.0,1.67,3.23,54.14,60.17,40.44,26.96,0.74
金钼股份,sh601958,19.67,19.43,19.33,30498700.0,19.67,45200,19.68,57000,1.24,19.86,18.98,30498700,591790000.0,0.95,4.53,634.67,634.67,21.37,17.49,0.7
ST朗源,sz300175,6.6,6.38,6.41,15948400.0,6.59,53400,6.6,18600,3.45,6.78,6.41,15948400,105670000.0,3.39,5.8,31.07,31.07,7.66,5.1,3.53
长川科技,sz300604,158.0,155.61,157.5,18531100.0,158.0,54400,158.01,100,1.54,161.3,154.66,18531100,2920760000.0,3.79,4.27,773.36,1002.38,186.73,124.49,0.98
运达科技,sz300440,16.46,17.05,17.08,11221000.0,16.46,33000,16.47,10300,-3.46,17.1,16.41,11221000,187180000.0,2.56,4.05,72.07,72.34,20.46,13.64,0.98
仕佳光子,sh688313,143.5,139.3,142.51,4561653200.0,143.49,1200,143.5,7300,3.02,149.86,138.78,4561653200,6594730000.0,10.09,7.95,648.6,648.6,167.16,111.44,0.93
良信股份,sz002706,10.35,10.6,10.5,33699400.0,10.34,66900,10.35,232800,-2.36,10.53,10.25,33699400,348820000.0,3.69,2.64,94.64,116.24,11.66,9.54,0.48
宁德时代,sz300750,444.9,438.9,442.0,39542500.0,444.88,5400,444.9,72800,1.37,448.45,438.0,39542500,17517370000.0,0.93,2.38,18938.73,20305.59,526.68,351.12,0.86
ST张家界,sz000430,7.85,7.86,7.84,4369000.0,7.85,78000,7.86,3000,-0.13,7.93,7.78,4369000,34320000.0,1.18,1.91,29.09,63.56,8.25,7.47,0.63
晶晨股份,sh688099,91.1,86.18,86.8,2074832600.0,91.1,9300,91.11,1800,5.71,92.0,85.74,2074832600,1851620000.0,4.93,7.26,383.68,383.68,103.42,68.94,1.51
湖南黄金,sz002155,29.51,29.89,29.89,47489000.0,29.51,39700,29.52,3400,-1.27,29.94,28.81,47489000,1392990000.0,3.04,3.78,461.1,461.14,32.88,26.9,0.81
卓然股份,sh688121,9.9,9.79,9.74,687587700.0,9.9,48000,9.91,7400,1.12,9.95,9.52,687587700,66700000.0,3.39,4.39,20.06,23.13,11.75,7.83,1.44
赣能股份,sz000899,12.93,13.37,13.19,25809300.0,12.92,74700,12.93,26800,-3.29,13.24,12.86,25809300,336310000.0,2.65,2.84,126.16,126.16,14.71,12.03,0.74
中船特气,sh688146,73.08,70.81,72.49,2530791500.0,73.06,200,73.08,14100,3.21,78.92,71.2,2530791500,1877050000.0,17.46,10.9,105.94,386.89,84.97,56.65,1.15
利安隆,sz300596,40.46,39.8,40.3,4226400.0,40.46,57300,40.49,1700,1.66,41.69,40.04,4226400,171730000.0,1.89,4.15,90.24,92.9,47.76,31.84,1.04
新华保险,sh601336,62.41,62.85,62.41,14705700.0,62.41,1000,62.42,700,-0.7,62.75,61.23,14705700,913730000.0,0.71,2.42,1301.52,1946.91,69.14,56.57,0.71
汇隆新材,sz301057,32.1,33.6,33.3,3494600.0,32.1,2700,32.15,40200,-4.46,33.97,31.61,3494600,112900000.0,4.23,7.02,26.51,37.55,40.32,26.88,1.09
科安达,sz002972,12.97,12.95,12.88,4709700.0,12.96,12200,12.97,31100,0.15,13.05,12.7,4709700,60660000.0,3.5,2.7,17.46,31.91,14.25,11.66,0.65
盟固利,sz301487,23.14,22.94,22.85,12071800.0,23.13,30000,23.14,1600,0.87,23.42,22.75,12071800,279310000.0,4.43,2.92,63.12,106.36,27.53,18.35,0.93
乐鑫科技,sh688018,173.58,165.0,165.96,799751600.0,173.58,100,173.6,600,5.2,174.8,165.0,799751600,1374420000.0,4.78,5.94,290.13,290.13,198.0,132.0,1.39
华通线缆,sh605196,44.7,44.93,44.77,8435700.0,44.7,500,44.71,3300,-0.51,45.19,43.62,8435700,374000000.0,1.67,3.49,225.72,228.4,49.42,40.44,0.78
朗威股份,sz301202,40.95,41.42,41.15,1395800.0,40.95,2600,40.96,1000,-1.13,41.38,40.1,1395800,56790000.0,3.75,3.09,15.23,55.86,49.7,33.14,0.65
翔丰华,sz300890,42.7,42.64,41.89,39635500.0,42.69,300,42.7,11100,0.14,44.66,41.42,39635500,1714700000.0,36.41,7.6,46.49,50.88,51.17,34.11,2.0
鹏欣资源,sh600490,8.88,8.69,8.65,51348300.0,8.88,55700,8.89,105700,2.19,8.95,8.6,51348300,450830000.0,2.58,4.03,176.94,196.5,9.56,7.82,0.9
威星智能,sz002849,17.13,17.22,17.09,4768400.0,17.12,18300,17.13,5800,-0.52,17.48,16.9,4768400,81720000.0,2.46,3.37,33.16,37.79,18.94,15.5,0.84
ST美晨,sz300237,2.32,2.34,2.39,30337200.0,2.32,30500,2.33,579600,-0.85,2.42,2.31,30337200,71570000.0,2.1,4.7,33.45,33.45,2.81,1.87,1.69
众生药业,sz002317,18.36,18.45,18.28,17554600.0,18.36,36000,18.37,29000,-0.49,18.6,18.11,17554600,322410000.0,2.3,2.66,139.83,156.05,20.3,16.61,0.71
金瑞矿业,sh600714,18.05,18.3,18.41,12488400.0,18.05,20200,18.06,2300,-1.37,18.56,17.68,12488400,226300000.0,4.33,4.81,52.02,52.02,20.13,16.47,0.72
华友钴业,sh603799,64.78,62.22,62.21,86584300.0,64.77,184700,64.78,105600,4.11,65.15,62.11,86584300,5523200000.0,4.59,4.89,1222.79,1228.7,68.44,56.0,1.04
湖北宜化,sz000422,16.51,16.28,16.28,52276500.0,16.51,19200,16.52,64200,1.41,16.75,16.25,52276500,863340000.0,4.94,3.07,174.65,179.56,17.91,14.65,1.18
豫光金铅,sh600531,15.56,15.59,15.3,74530100.0,15.55,37500,15.56,36000,-0.19,16.02,15.28,74530100,1167550000.0,6.16,4.75,188.16,188.16,17.15,14.03,0.68
中仑新材,sz301565,21.22,21.14,21.11,2466300.0,21.22,7600,21.24,2200,0.38,21.42,20.89,2466300,52200000.0,1.93,2.51,27.16,84.88,25.37,16.91,0.91
华阳新材,sh600281,5.54,5.46,5.49,9398600.0,5.54,5400,5.55,91900,1.47,5.58,5.36,9398600,51500000.0,1.83,4.03,28.5,28.5,6.01,4.91,1.08
天汽模,sz002510,6.77,6.73,6.71,18364800.0,6.77,105700,6.78,17100,0.59,6.82,6.66,18364800,124020000.0,1.83,2.38,68.03,68.72,7.4,6.06,0.81
中国铝业,sh601600,12.07,11.9,11.87,206188600.0,12.06,179400,12.07,565900,1.43,12.11,11.85,206188600,2472190000.0,1.57,2.18,1590.03,2070.61,13.09,10.71,0.94
岳阳林纸,sh600963,4.48,4.97,5.04,79410000.0,4.48,181000,4.49,142600,-9.86,5.08,4.47,79410000,366590000.0,4.52,12.27,78.74,78.74,5.47,4.47,2.69
新益昌,sh688383,100.18,99.8,98.44,152702900.0,100.18,0,100.2,900,0.38,104.19,97.01,152702900,154290000.0,1.5,7.19,101.83,101.83,119.76,79.84,0.83
新凤鸣,sh603225,17.05,17.07,17.06,10608900.0,17.04,2200,17.05,21500,-0.12,17.28,16.81,10608900,180850000.0,0.64,2.75,284.49,286.01,18.78,15.36,0.46
华宝新能,sz301327,64.15,64.29,64.0,3018400.0,64.14,1200,64.15,3000,-0.22,64.48,62.54,3018400,192210000.0,1.73,3.02,111.87,111.87,77.15,51.43,0.77
凌霄泵业,sz002884,18.58,18.78,18.68,2979800.0,18.57,2600,18.58,1000,-1.06,18.75,18.5,2979800,55430000.0,1.09,1.33,50.74,66.46,20.66,16.9,0.84
欣龙控股,sz000955,5.04,4.99,4.96,11914800.0,5.03,116400,5.04,112800,1.0,5.08,4.88,11914800,59430000.0,2.21,4.01,27.13,27.14,5.49,4.49,0.82
司太立,sh603520,11.64,10.58,10.58,51812000.0,11.64,2771600,0.0,0,10.02,11.64,10.55,51812000,587060000.0,11.82,10.3,51.03,51.03,11.64,9.52,3.5
恺英网络,sz002517,17.04,17.37,17.22,56233400.0,17.03,91300,17.04,107000,-1.9,17.29,16.61,56233400,949120000.0,2.98,3.91,321.9,364.05,19.11,15.63,1.03
中国平安,sh601318,57.78,57.88,57.71,55400200.0,57.78,22000,57.79,26500,-0.17,57.97,57.06,55400200,3188080000.0,0.52,1.57,6159.39,10462.6,63.67,52.09,0.91
翔宇医疗,sh688626,58.1,58.1,58.13,129989100.0,58.1,5400,58.11,1200,0.0,59.0,57.58,129989100,75720000.0,0.81,2.44,92.96,92.96,69.72,46.48,0.77
保丽洁,bj920802,14.2,14.41,14.38,326500.0,14.2,100,14.21,800,-1.46,14.49,14.07,326500,4637300.0,1.48,2.91,3.14,11.65,18.73,10.09,0.54
晨化股份,sz300610,12.01,11.83,11.77,3785300.0,12.0,15900,12.01,11300,1.52,12.1,11.75,3785300,45070000.0,2.26,2.96,20.13,25.82,14.2,9.46,0.95
逸豪新材,sz301176,29.34,28.64,30.25,12321500.0,29.34,8100,29.35,1800,2.44,31.99,29.12,12321500,371000000.0,7.51,10.02,48.13,49.6,34.37,22.91,1.83
行云科技,sz300209,13.18,13.18,12.95,72991500.0,13.18,70300,13.19,8000,0.0,13.47,12.61,72991500,950520000.0,9.94,6.53,96.81,122.39,15.82,10.54,0.73
迪威尔,sh688377,39.93,41.25,41.25,194344000.0,39.9,200,39.93,3400,-3.2,41.3,39.68,194344000,78250000.0,1.0,3.93,77.72,77.72,49.5,33.0,1.12
乐惠国际,sh603076,29.79,30.19,30.08,5234700.0,29.79,7400,29.82,100,-1.32,30.69,29.52,5234700,157190000.0,4.34,3.88,35.96,35.96,33.21,27.17,1.1
骏鼎达,sz301538,76.5,79.35,76.64,2345000.0,76.46,200,76.5,20200,-3.59,77.47,74.62,2345000,177920000.0,7.51,3.59,23.88,59.98,95.22,63.48,1.45
富临精工,sz300432,27.38,27.07,26.75,65929900.0,27.37,38700,27.38,13800,1.15,27.65,26.4,65929900,1786390000.0,3.9,4.62,462.87,468.13,32.48,21.66,1.02
闽发铝业,sz002578,3.85,3.77,3.76,28238100.0,3.84,40900,3.85,50900,2.12,3.87,3.74,28238100,107370000.0,3.28,3.45,33.15,36.14,4.15,3.39,0.86
美能能源,sz001299,14.87,15.28,15.1,11908600.0,14.87,25700,14.88,4100,-2.68,15.13,14.65,11908600,177520000.0,5.45,3.14,32.5,36.08,16.81,13.75,0.8
越秀资本,sz000987,9.07,9.12,9.06,38530800.0,9.06,248100,9.07,31500,-0.55,9.12,8.98,38530800,348910000.0,0.77,1.54,454.71,455.05,10.03,8.21,0.85
华电国际,sh600027,4.88,4.89,4.9,108778400.0,4.88,385100,4.89,392400,-0.2,4.91,4.84,108778400,531070000.0,1.18,1.43,449.73,566.65,5.38,4.4,0.93
达 意 隆,sz002209,16.65,16.93,16.8,5448900.0,16.65,9800,16.66,2600,-1.65,16.92,16.5,5448900,90920000.0,3.49,2.48,26.03,33.14,18.62,15.24,0.55
雪迪龙,sz002658,8.95,8.88,8.9,37753800.0,8.94,47900,8.95,12300,0.79,9.22,8.9,37753800,340570000.0,10.53,3.6,32.09,56.9,9.77,7.99,1.84
洪田股份,sh603800,47.45,48.05,48.0,9093700.0,47.45,18200,47.47,1000,-1.25,49.79,46.72,9093700,439580000.0,4.37,6.39,98.7,98.7,52.86,43.25,1.17
悦安新材,sh688786,32.17,32.21,31.79,214696400.0,32.17,2900,32.2,22100,-0.12,32.68,31.45,214696400,68540000.0,1.49,3.82,46.26,46.26,38.65,25.77,0.98
振华新材,sh688707,16.74,16.48,16.15,4583042200.0,16.74,19400,16.75,500,1.58,17.72,16.15,4583042200,773360000.0,9.01,9.53,85.16,85.16,19.78,13.18,1.03
索通发展,sh603612,25.35,24.69,24.65,15125000.0,25.35,53100,25.36,1700,2.67,25.58,24.6,15125000,380070000.0,3.04,3.97,126.27,126.27,27.16,22.22,0.85
三维股份,sh603033,11.23,11.22,11.28,11113500.0,11.23,8800,11.24,1800,0.09,11.43,11.0,11113500,124820000.0,1.1,3.83,113.71,115.8,12.34,10.1,1.06
恒星科技,sz002132,4.61,4.63,4.6,67157900.0,4.6,204900,4.61,139200,-0.43,4.72,4.54,67157900,309820000.0,4.8,3.89,64.52,64.61,5.09,4.17,0.58
普路通,sz002769,10.34,10.12,10.1,11219500.0,10.34,3100,10.35,7900,2.17,10.59,10.0,11219500,115980000.0,3.01,5.83,38.57,38.6,11.13,9.11,1.31
神州数码,sz000034,37.53,36.69,36.88,39978000.0,37.53,8500,37.54,30100,2.29,38.5,35.59,39978000,1493040000.0,6.59,7.93,227.55,272.09,40.36,33.02,1.73
鸿利智汇,sz300219,7.43,7.6,7.56,15589000.0,7.42,9900,7.43,42200,-2.24,7.62,7.38,15589000,116320000.0,2.21,3.16,52.5,52.6,9.12,6.08,0.82
聚杰微纤,sz300819,55.1,56.61,56.38,6424000.0,55.1,17500,55.17,100,-2.67,57.68,54.8,6424000,360620000.0,4.77,5.09,74.25,82.21,67.93,45.29,0.75
新美星,sz300509,11.27,12.06,11.93,17835400.0,11.26,14800,11.27,69000,-6.55,11.93,10.93,17835400,200510000.0,7.22,8.29,27.85,33.4,14.47,9.65,2.18
大唐发电,sh601991,4.07,4.21,4.18,208560000.0,4.06,2497200,4.07,196500,-3.33,4.2,4.06,208560000,857000000.0,1.68,3.33,504.52,753.22,4.63,3.79,1.09
兴业股份,sh603928,15.61,15.75,15.59,5148600.0,15.6,15700,15.61,3900,-0.89,15.84,15.43,5148600,80390000.0,1.96,2.6,40.91,40.91,17.33,14.18,0.76
德明利,sz001309,489.88,494.69,491.0,13257600.0,489.88,300,489.89,100,-0.97,500.82,482.6,13257600,6533970000.0,8.22,3.68,790.31,1111.27,544.16,445.22,0.87
海辰药业,sz300584,42.32,41.96,41.54,2966300.0,42.32,4200,42.33,1700,0.86,42.5,41.0,2966300,124100000.0,3.61,3.57,34.75,50.78,50.35,33.57,0.81
江苏国泰,sz002091,9.6,9.52,9.46,32975200.0,9.6,114400,9.61,144700,0.84,9.65,9.3,32975200,313020000.0,2.06,3.68,153.43,156.26,10.47,8.57,1.13
富吉瑞,sh688272,43.05,44.05,43.83,224310500.0,42.97,600,43.05,1100,-2.27,44.6,42.17,224310500,96440000.0,2.95,5.52,32.72,32.72,52.86,35.24,0.45
岱勒新材,sz300700,16.34,16.74,16.88,10704000.0,16.32,12200,16.34,62200,-2.39,17.1,16.16,10704000,177230000.0,3.96,5.62,44.22,64.87,20.09,13.39,1.02
锦富技术,sz300128,6.14,6.13,6.11,18411300.0,6.14,123900,6.15,36000,0.16,6.19,6.05,18411300,112630000.0,1.42,2.28,79.68,79.77,7.36,4.9,0.63
川发龙蟒,sz002312,11.66,11.43,11.37,49184300.0,11.66,31500,11.67,142200,2.01,11.76,11.37,49184300,569260000.0,2.61,3.41,219.65,220.11,12.57,10.29,1.55
匠心家居,sz301061,72.45,71.62,72.05,3188400.0,72.4,100,72.45,300,1.16,73.7,70.69,3188400,229590000.0,5.71,4.2,40.47,158.5,85.94,57.3,2.33
铂科新材,sz300811,83.7,84.02,84.4,7448700.0,83.6,200,83.7,2700,-0.38,85.9,82.7,7448700,625090000.0,3.13,3.81,198.96,242.64,100.82,67.22,0.94
维科技术,sh600152,12.96,11.78,11.79,72565900.0,12.96,7297000,0.0,0,10.02,12.96,11.75,72565900,922800000.0,13.72,10.27,68.57,68.57,12.96,10.6,0.61
苑东生物,sh688513,63.67,64.5,63.8,331045400.0,63.67,100,63.68,1200,-1.29,65.34,62.0,331045400,210200000.0,1.88,5.18,112.4,112.4,77.4,51.6,1.13
八亿时空,sh688181,36.1,37.12,36.2,1063080300.0,36.06,600,36.1,10000,-2.75,37.8,35.41,1063080300,386980000.0,7.91,6.44,48.55,48.55,44.54,29.7,1.57
众鑫股份,sh603091,81.81,82.09,83.5,278400.0,81.72,200,82.1,900,-0.34,83.5,80.91,278400,22780000.0,0.89,3.16,25.72,83.64,90.3,73.88,0.64
中电电机,sh603988,24.81,24.52,24.38,5445500.0,24.81,16400,24.82,1500,1.18,25.07,24.1,5445500,133960000.0,2.32,3.96,58.35,58.35,26.97,22.07,0.77
立昂微,sh605358,38.29,38.31,38.28,16422800.0,38.28,10300,38.29,49600,-0.05,38.8,37.75,16422800,628720000.0,2.45,2.74,257.07,257.07,42.14,34.48,0.78
戈碧迦,bj920438,42.85,43.6,43.88,3860600.0,42.85,19700,42.87,1200,-1.72,44.7,42.5,3860600,166722300.0,2.77,5.05,59.73,62.34,56.68,30.52,0.47
宁水集团,sh603700,12.75,12.71,12.64,3504100.0,12.75,8200,12.8,3100,0.31,12.86,12.47,3504100,44340000.0,1.75,3.07,25.5,25.5,13.98,11.44,0.57
*ST生物,sz000504,9.9,9.43,9.45,3319500.0,9.9,318400,0.0,0,4.98,9.9,9.28,3319500,32040000.0,1.01,6.57,32.58,32.67,9.9,8.96,1.31
凌云光,sh688400,46.67,47.1,46.9,1150238000.0,46.66,400,46.67,9100,-0.91,47.58,46.01,1150238000,536690000.0,2.5,3.33,215.14,223.66,56.52,37.68,0.7
微芯生物,sh688321,29.81,30.27,30.15,721104200.0,29.81,8900,29.82,41400,-1.52,30.45,29.68,721104200,215920000.0,1.77,2.54,121.57,132.04,36.32,24.22,0.78
依米康,sz300249,17.65,17.99,17.9,23648100.0,17.65,92200,17.66,14300,-1.89,18.08,17.32,23648100,416850000.0,6.32,4.22,66.03,77.75,21.59,14.39,0.64
孚能科技,sh688567,13.71,13.67,13.59,1263004800.0,13.71,4500,13.72,46400,0.29,13.9,13.45,1263004800,173160000.0,1.03,3.29,167.55,167.55,16.4,10.94,0.78
江瀚新材,sh603281,34.41,33.3,33.3,4990900.0,34.41,3300,34.42,7800,3.33,35.63,33.25,4990900,172670000.0,1.34,7.15,128.46,128.46,36.63,29.97,1.01
海德股份,sz000567,5.33,5.41,5.42,9842400.0,5.33,113300,5.34,38200,-1.48,5.42,5.29,9842400,52490000.0,0.5,2.4,103.93,104.18,5.95,4.87,0.74
圣泉集团,sh605589,38.05,38.52,38.15,34346300.0,38.04,4100,38.05,17600,-1.22,39.33,37.77,34346300,1317420000.0,4.07,4.05,320.99,322.05,42.37,34.67,0.79
华兰股份,sz301093,77.97,77.97,77.62,5305600.0,77.9,500,77.97,600,0.0,83.5,76.28,5305600,419110000.0,3.38,9.26,122.41,128.03,93.56,62.38,1.48
云铝股份,sz000807,34.17,33.55,34.0,82733200.0,34.16,84900,34.17,77300,1.85,34.82,33.39,82733200,2829350000.0,2.39,4.26,1184.99,1185.0,36.91,30.2,1.73
锡装股份,sz001332,57.12,57.33,57.32,1689100.0,57.12,20000,57.13,1100,-0.37,58.13,55.7,1689100,96050000.0,3.52,4.24,27.42,63.11,63.06,51.6,1.01
驰诚股份,bj920407,17.76,18.3,18.28,955000.0,17.72,400,17.76,1100,-2.95,18.28,17.68,955000,17061300.0,2.75,3.28,6.17,15.16,23.79,12.81,0.84
川能动力,sz000155,17.65,16.73,16.78,128271600.0,17.65,155100,17.66,124900,5.5,17.9,16.69,128271600,2228420000.0,6.95,7.23,325.85,325.85,18.4,15.06,1.65
屹唐股份,sh688729,23.07,22.7,22.61,702299500.0,23.06,3300,23.07,63700,1.63,23.35,22.53,702299500,161490000.0,3.27,3.61,49.6,681.85,27.24,18.16,1.33
卡莱特,sz301391,77.3,72.1,71.81,3254400.0,77.0,2900,77.3,10400,7.21,77.93,70.28,3254400,243650000.0,3.51,10.61,71.76,73.45,86.52,57.68,1.61
海阳科技,sh603382,26.78,26.9,27.0,577100.0,26.72,900,26.78,900,-0.45,27.0,26.55,577100,15430000.0,1.59,1.67,9.71,48.54,29.59,24.21,0.78
弘宇股份,sz002890,15.79,15.49,15.39,2122000.0,15.66,500,15.79,23000,1.94,15.83,15.34,2122000,33180000.0,1.31,3.16,25.5,26.82,17.04,13.94,0.87
恒邦股份,sz002237,17.32,17.13,17.28,40257900.0,17.32,346000,17.33,18700,1.11,17.45,16.66,40257900,688780000.0,3.38,4.61,206.52,247.67,18.84,15.42,0.62
得利斯,sz002330,4.49,4.61,4.6,18418100.0,4.49,40500,4.5,20400,-2.6,4.6,4.4,18418100,82370000.0,2.9,4.34,28.52,28.53,5.07,4.15,1.64
白银有色,sh601212,7.67,7.76,7.62,89509800.0,7.66,310800,7.67,133500,-1.16,7.71,7.48,89509800,678990000.0,1.21,2.96,567.95,567.95,8.54,6.98,0.75
德龙汇能,sz000593,21.03,19.64,19.64,50881700.0,21.02,7900,21.03,4500,7.08,21.6,19.61,50881700,1034530000.0,14.19,10.13,75.39,75.42,21.6,17.68,1.76
迈普医学,sz301033,56.47,56.56,56.35,709400.0,56.36,1000,56.47,2500,-0.16,56.8,55.69,709400,39860000.0,1.26,1.96,31.89,37.86,67.87,45.25,0.89
佳力图,sh603912,10.92,11.46,11.2,70874100.0,10.92,349800,10.93,41000,-4.71,11.47,10.9,70874100,787360000.0,13.08,4.97,59.17,59.17,12.61,10.31,1.14
再升科技,sh603601,14.18,15.15,15.15,204642800.0,14.18,830600,14.19,280200,-6.4,15.97,14.0,204642800,3049980000.0,17.91,13.0,161.98,161.98,16.67,13.64,0.85
楚江新材,sz002171,11.65,11.82,11.72,27396800.0,11.65,92200,11.66,41600,-1.44,11.85,11.51,27396800,318190000.0,1.7,2.88,188.0,189.07,13.0,10.64,0.74
三维化学,sz002469,8.17,8.24,8.24,9672500.0,8.16,107000,8.17,58900,-0.85,8.3,8.13,9672500,79290000.0,1.54,2.06,51.34,53.01,9.06,7.42,0.81
*ST新潮,sh600777,5.61,5.91,6.0,76047800.0,0.0,0,5.61,144000,-5.08,6.01,5.61,76047800,433560000.0,1.19,6.77,357.14,381.51,6.21,5.61,1.87
大富科技,sz300134,10.93,11.13,11.07,12509900.0,10.92,9800,10.93,4000,-1.8,11.2,10.9,12509900,137710000.0,1.76,2.7,77.87,83.89,13.36,8.9,0.64
德艺文创,sz300640,6.96,6.81,6.78,8104100.0,6.95,4900,6.96,6000,2.2,7.01,6.71,8104100,55740000.0,3.67,4.41,15.36,21.65,8.17,5.45,0.93
芯源微,sh688037,179.95,183.02,185.0,535233700.0,179.95,8600,179.96,1700,-1.68,187.95,179.79,535233700,975760000.0,2.65,4.46,362.83,362.83,219.62,146.42,0.9
威领股份,sz002667,31.56,31.59,31.01,27390300.0,31.56,19300,31.57,1400,-0.09,33.85,30.9,27390300,876300000.0,11.58,9.34,74.67,82.24,34.75,28.43,1.16
沧州大化,sh600230,19.18,19.23,18.85,14744700.0,19.18,41900,19.19,12800,-0.26,19.38,18.3,14744700,278560000.0,3.56,5.62,79.4,79.4,21.15,17.31,1.39
嘉曼服饰,sz301276,26.75,26.75,26.75,2035900.0,26.75,7900,26.79,12400,0.0,26.98,26.37,2035900,54390000.0,2.82,2.28,19.33,34.67,32.1,21.4,0.86
旗滨集团,sh601636,6.42,6.03,6.13,206313200.0,6.41,298400,6.42,49400,6.47,6.59,6.1,206313200,1330300000.0,6.97,8.13,189.95,189.95,6.63,5.43,2.69
兴蓉环境,sz000598,6.87,6.91,6.89,16815300.0,6.86,243500,6.87,635400,-0.58,6.93,6.84,16815300,115890000.0,0.56,1.3,204.67,205.0,7.6,6.22,0.89
药易购,sz300937,27.76,27.68,27.71,1740200.0,27.73,2000,27.76,1400,0.29,27.96,27.3,1740200,48050000.0,2.68,2.38,18.01,26.56,33.22,22.14,0.61
建霖家居,sh603408,11.47,11.47,11.32,2466700.0,11.47,1100,11.48,19800,0.0,11.52,11.29,2466700,28160000.0,0.55,2.01,51.34,51.34,12.62,10.32,0.95
威唐工业,sz300707,14.73,15.87,15.08,17847000.0,14.73,8800,14.74,4000,-7.18,15.08,14.21,17847000,259320000.0,12.24,5.48,21.48,26.0,19.04,12.7,3.55
ST联创,sz300343,6.72,6.54,6.5,18002700.0,6.71,51000,6.72,179900,2.75,6.72,6.49,18002700,119730000.0,1.69,3.52,71.65,71.79,7.85,5.23,1.23
清溢光电,sh688138,29.68,29.45,29.35,527891900.0,29.65,2000,29.68,9400,0.78,30.23,29.21,527891900,157330000.0,1.68,3.46,93.43,93.43,35.34,23.56,0.99
厦门空港,sh600897,15.82,15.95,15.89,1499100.0,15.81,300,15.82,88400,-0.82,16.05,15.76,1499100,23740000.0,0.36,1.82,65.96,65.96,17.55,14.36,0.7
亚星化学,sh600319,7.68,7.38,7.31,6916200.0,7.67,21800,7.68,2100,4.07,7.7,7.31,6916200,52390000.0,1.78,5.28,29.78,29.78,8.12,6.64,1.43
天瑞仪器,sz300165,6.31,6.27,6.26,29958400.0,6.31,164900,6.32,74400,0.64,6.46,6.21,29958400,189810000.0,7.12,3.99,26.54,31.27,7.52,5.02,0.9
固德威,sh688390,89.54,91.78,91.5,897350700.0,89.47,200,89.54,100,-2.44,91.5,88.04,897350700,802610000.0,3.69,3.77,217.64,217.64,110.14,73.42,0.97
久日新材,sh688199,27.91,27.69,27.7,351421600.0,27.88,2200,27.91,12800,0.79,28.3,27.6,351421600,98070000.0,2.18,2.53,45.0,45.0,33.23,22.15,0.87
扬帆新材,sz300637,11.71,11.6,11.6,4859600.0,11.7,38000,11.71,11100,0.95,11.82,11.52,4859600,56740000.0,2.07,2.59,27.46,27.49,13.92,9.28,1.2
华泰证券,sh601688,18.78,19.08,19.02,65206200.0,18.78,84000,18.79,85100,-1.57,19.05,18.61,65206200,1223730000.0,0.89,2.31,1372.21,1695.25,20.99,17.17,0.81
华兴源创,sh688001,50.55,46.07,50.7,2684804000.0,50.55,28100,50.58,400,9.72,54.23,49.31,2684804000,1394290000.0,6.04,10.68,224.69,224.69,55.28,36.86,2.35
华能蒙电,sh600863,4.71,4.65,4.62,83672700.0,4.7,726900,4.71,83200,1.29,4.79,4.61,83672700,394340000.0,1.28,3.87,307.42,369.04,5.12,4.19,1.12
海象新材,sz003011,23.63,23.19,23.19,2806600.0,23.63,200,23.64,200,1.9,23.84,22.82,2806600,65240000.0,3.59,4.4,18.45,24.26,25.51,20.87,1.4
高测股份,sh688556,13.12,13.42,13.4,3181800000.0,13.12,7400,13.13,800,-2.24,13.5,12.9,3181800000,417830000.0,3.83,4.47,109.0,109.0,16.1,10.74,0.86
瑞晟智能,sh688215,80.14,78.55,78.57,123383300.0,80.12,200,80.14,300,2.02,80.38,77.71,123383300,97670000.0,1.98,3.4,50.03,50.03,94.26,62.84,2.04
乐通股份,sz002319,10.87,10.88,10.75,6399800.0,10.86,7700,10.87,36500,-0.09,10.97,10.7,6399800,69280000.0,3.2,2.48,21.74,22.77,11.97,9.79,1.28
开勒股份,sz301070,96.46,98.72,98.72,6019900.0,96.44,200,96.46,4100,-2.29,100.49,93.71,6019900,578570000.0,10.14,6.87,57.25,87.04,118.46,78.98,0.77
回天新材,sz300041,11.34,11.24,11.22,13820000.0,11.33,67100,11.34,2800,0.89,11.38,11.15,13820000,155720000.0,2.54,2.05,61.7,63.44,13.49,8.99,1.14
银轮股份,sz002126,46.75,48.12,47.8,17267700.0,46.74,12900,46.75,5600,-2.85,48.03,46.44,17267700,809930000.0,2.17,3.3,371.3,395.88,52.93,43.31,0.85
国投智能,sz300188,12.63,12.77,12.74,10061500.0,12.62,22000,12.63,10700,-1.1,12.9,12.52,10061500,127690000.0,1.18,2.98,108.05,108.55,15.32,10.22,0.57
光华科技,sz002741,20.24,20.27,20.01,15268700.0,20.23,3300,20.24,4700,-0.15,20.41,19.93,15268700,307750000.0,3.58,2.37,86.29,94.12,22.3,18.24,0.79
中国海油,sh600938,38.38,38.04,38.2,52500300.0,38.38,119800,38.39,185700,0.89,38.77,38.0,52500300,2012590000.0,1.76,2.02,1147.56,18242.0,41.84,34.24,1.17
零点有数,sz301169,65.03,65.92,65.91,1793200.0,65.0,4000,65.03,2100,-1.35,66.79,64.14,1793200,116990000.0,2.49,4.02,46.83,46.85,79.1,52.74,1.03
海南矿业,sh601969,11.4,11.2,11.15,24958500.0,11.4,66100,11.41,90300,1.79,11.5,11.08,24958500,282090000.0,1.27,3.75,224.86,227.08,12.32,10.08,1.17
保变电气,sh600550,15.02,15.8,15.6,61468300.0,15.02,81300,15.03,56100,-4.94,15.65,15.0,61468300,934430000.0,3.34,4.11,276.6,276.6,17.38,14.22,0.85
*ST观典,sh688287,1.43,1.5,1.2,5187327800.0,1.43,22500,1.44,355300,-4.67,1.74,1.2,5187327800,72500000.0,14.0,36.0,5.3,5.3,1.8,1.2,1.47
宝钢包装,sh601968,5.25,5.29,5.26,15509600.0,5.24,74600,5.25,150300,-0.76,5.35,5.21,15509600,81730000.0,1.22,2.65,66.98,66.98,5.82,4.76,0.86
德瑞锂电,bj920523,24.01,23.93,24.09,1292800.0,24.0,4900,24.01,4200,0.33,24.31,23.58,1292800,31032199.999999996,1.6,3.05,19.46,24.32,31.1,16.76,0.57
野马电池,sh605378,20.34,20.05,20.05,2069200.0,20.33,17000,20.34,13500,1.45,20.5,19.86,2069200,41870000.0,0.79,3.19,53.16,53.16,22.06,18.05,1.04
华锐精密,sh688059,119.2,117.94,122.55,463499600.0,119.2,8700,119.21,2300,1.07,126.69,119.0,463499600,568950000.0,4.95,6.52,111.55,119.18,141.53,94.35,1.46
拓荆科技,sh688072,384.58,380.04,385.0,459632700.0,384.1,200,384.58,1600,1.19,393.6,375.6,459632700,1771300000.0,1.63,4.74,1087.18,1087.18,456.05,304.03,0.93
神火股份,sz000933,32.84,32.78,32.46,39309100.0,32.84,16500,32.85,21000,0.18,33.12,32.01,39309100,1280920000.0,1.75,3.39,738.05,738.57,36.06,29.5,1.0
三超新材,sz300554,22.48,22.15,22.14,2418900.0,22.48,12500,22.5,1200,1.49,22.66,21.8,2418900,53840000.0,3.06,3.88,17.78,25.67,26.58,17.72,1.0
ST萃华,sz002731,5.34,5.62,5.34,736300.0,0.0,0,5.34,16044300,-4.98,5.34,5.34,736300,3930000.0,0.32,0.0,12.26,13.68,5.9,5.34,0.06
时空科技,sh605178,65.0,67.2,65.99,5103600.0,64.99,100,65.0,40000,-3.27,68.2,64.9,5103600,337160000.0,5.15,4.91,64.4,64.4,73.92,60.48,1.12
恒瑞医药,sh600276,56.05,56.4,56.5,55779800.0,56.05,11000,56.06,46900,-0.62,56.75,55.32,55779800,3129630000.0,0.87,2.54,3575.43,3720.15,62.04,50.76,0.93
万盛股份,sh603010,12.79,12.81,12.81,8495700.0,12.79,15100,12.8,20500,-0.16,12.93,12.67,8495700,108580000.0,1.45,2.03,74.83,74.83,14.09,11.53,0.57
新瀚新材,sz301076,37.34,38.15,37.83,3076900.0,37.33,11500,37.34,2800,-2.12,38.14,36.81,3076900,114660000.0,2.8,3.49,41.0,65.3,45.78,30.52,0.78
麒盛科技,sh603610,15.19,15.37,15.25,4687300.0,15.18,6300,15.19,700,-1.17,15.35,14.92,4687300,70920000.0,1.33,2.8,53.62,53.62,16.91,13.83,1.0
百洋医药,sz301015,25.13,25.57,25.37,7280600.0,25.13,4400,25.14,2600,-1.72,25.5,25.1,7280600,183980000.0,1.39,1.56,132.07,132.09,30.68,20.46,0.48
柘中股份,sz002346,18.84,18.86,18.71,2209100.0,18.84,26300,18.85,5700,-0.11,18.98,18.51,2209100,41330000.0,0.56,2.49,74.1,83.19,20.75,16.97,0.61
金晶科技,sh600586,5.46,5.53,5.51,25531600.0,5.46,238500,5.47,181200,-1.27,5.58,5.43,25531600,140080000.0,1.8,2.71,77.39,77.39,6.08,4.98,0.49
濮耐股份,sz002225,5.35,5.74,5.6,53184200.0,5.34,110600,5.35,6100,-6.79,5.6,5.26,53184200,285760000.0,5.61,5.92,50.75,62.02,6.31,5.17,3.62
中石科技,sz300684,58.8,60.05,59.8,11423600.0,58.79,2900,58.8,1100,-2.08,61.49,58.01,11423600,676250000.0,5.59,5.8,120.13,176.11,72.06,48.04,0.69
格林美,sz002340,8.43,8.32,8.33,170211300.0,8.43,170300,8.44,624600,1.32,8.49,8.26,170211300,1425250000.0,3.35,2.76,427.88,430.21,9.15,7.49,1.07
合盛硅业,sh603260,44.79,45.08,44.6,7189900.0,44.78,15800,44.79,1400,-0.64,45.43,44.38,7189900,322220000.0,0.61,2.33,529.51,529.51,49.59,40.57,0.74
生益科技,sh600183,72.63,74.95,74.2,57444800.0,72.63,400,72.64,25900,-3.1,75.7,71.55,57444800,4199340000.0,2.4,5.54,1739.13,1764.27,82.45,67.46,0.88
华能国际,sh600011,6.98,6.99,7.0,120622300.0,6.98,490900,6.99,117400,-0.14,7.01,6.91,120622300,841290000.0,1.1,1.43,767.64,1095.73,7.69,6.29,1.02
超颖电子,sh603175,95.0,98.08,96.81,3951200.0,94.99,300,95.0,5100,-3.14,99.51,94.75,3951200,381610000.0,8.69,4.85,43.2,415.18,107.89,88.27,0.81
新疆众和,sh600888,8.64,8.75,8.7,30960200.0,8.64,467100,8.65,47400,-1.26,8.81,8.52,30960200,268180000.0,1.99,3.31,134.19,134.19,9.63,7.88,0.81
锦浪科技,sz300763,101.5,96.45,96.15,27878200.0,101.5,116400,101.51,1000,5.24,101.5,95.65,27878200,2760850000.0,8.67,6.07,326.42,404.03,115.74,77.16,1.73
粤桂股份,sz000833,25.79,24.97,26.01,49327800.0,25.78,62700,25.79,65500,3.28,26.6,25.19,49327800,1277810000.0,10.87,5.65,117.01,206.86,27.47,22.47,1.15
炬光科技,sh688167,352.0,359.0,358.01,562185900.0,351.9,300,352.0,4200,-1.95,369.19,341.36,562185900,1990550000.0,6.26,7.75,316.31,316.31,430.8,287.2,0.88
宏裕包材,bj920274,21.9,22.27,22.13,716600.0,21.9,10900,21.92,4800,-1.66,22.39,21.9,716600,15816000.0,0.88,2.2,17.81,17.81,28.95,15.59,0.4
天元股份,sz003003,13.09,12.91,12.85,3637000.0,13.09,4800,13.1,2400,1.39,13.17,12.6,3637000,47020000.0,3.09,4.42,15.42,23.13,14.2,11.62,1.19
苏盐井神,sh603299,11.05,11.21,11.11,7915700.0,11.05,204300,11.06,7700,-1.43,11.25,11.02,7915700,87910000.0,1.02,2.05,85.95,105.54,12.33,10.09,0.9
中国太保,sh601601,36.62,36.96,36.73,32307800.0,36.62,4600,36.63,210800,-0.92,36.88,35.91,32307800,1174540000.0,0.47,2.62,2506.65,3522.97,40.66,33.26,1.06
斯菱智驱,sz301550,149.8,151.54,151.54,5093600.0,149.8,1000,149.82,2000,-1.15,156.28,149.76,5093600,778150000.0,3.61,4.3,211.34,346.45,181.85,121.23,0.96
绿盟科技,sz300369,8.05,8.1,8.07,23557400.0,8.05,36200,8.06,33300,-0.62,8.16,7.97,23557400,189280000.0,2.92,2.35,65.02,65.26,9.72,6.48,1.08
金春股份,sz300877,29.32,28.63,28.24,4184700.0,29.32,1900,29.33,43800,2.41,29.56,26.9,4184700,118870000.0,3.49,9.29,35.18,35.18,34.36,22.9,2.04
汇金通,sh603577,11.38,11.1,11.06,9014700.0,11.37,30400,11.38,6800,2.52,11.5,10.9,9014700,101250000.0,2.66,5.41,38.59,38.59,12.21,9.99,1.45
宜安科技,sz300328,16.35,16.73,16.67,30105800.0,16.34,163100,16.35,86500,-2.27,16.87,16.15,30105800,492350000.0,4.38,4.3,112.33,112.88,20.08,13.38,0.91
新安股份,sh600596,12.6,12.5,12.5,27417400.0,12.59,104900,12.6,106900,0.8,12.71,12.38,27417400,344170000.0,2.03,2.64,170.05,170.05,13.75,11.25,1.29
生益电子,sh688183,110.22,113.6,113.45,1983600200.0,110.22,6200,110.23,400,-2.98,118.49,108.58,1983600200,2231680000.0,2.38,8.72,916.83,916.83,136.32,90.88,0.96
鲁银投资,sh600784,7.73,7.7,7.76,11352800.0,7.73,35500,7.74,35400,0.39,7.86,7.66,11352800,88120000.0,1.68,2.6,52.23,52.23,8.47,6.93,0.69
爱柯迪,sh600933,16.74,16.82,16.83,10802900.0,16.74,16900,16.75,20800,-0.48,16.9,16.52,10802900,180470000.0,1.11,2.26,163.61,172.44,18.5,15.14,0.79
冰川网络,sz300533,30.04,30.78,30.51,17593500.0,30.03,3200,30.04,29000,-2.4,31.41,29.92,17593500,536810000.0,10.66,4.84,49.56,70.43,36.94,24.62,1.03
广东宏大,sz002683,39.13,40.2,39.39,16193800.0,39.13,3100,39.14,15300,-2.66,40.0,38.71,16193800,636380000.0,2.43,3.21,260.82,297.34,44.22,36.18,1.35
南网储能,sh600995,14.44,14.83,14.62,34194600.0,14.44,91200,14.45,7300,-2.63,14.68,14.38,34194600,495720000.0,1.07,2.02,461.5,461.5,16.31,13.35,1.15
昊华科技,sh600378,35.25,34.16,34.3,20161900.0,35.25,7700,35.26,22600,3.19,36.19,33.85,20161900,710920000.0,1.88,6.85,378.08,454.72,37.58,30.74,1.51
科大国创,sz300520,34.1,34.54,34.33,9291000.0,34.1,8800,34.11,24400,-1.27,34.53,33.66,9291000,316460000.0,3.34,2.52,94.8,99.58,41.45,27.63,0.68
蓝科高新,sh601798,8.46,9.05,8.8,18149800.0,8.45,16700,8.46,62800,-6.52,8.8,8.29,18149800,152900000.0,5.12,5.64,29.99,29.99,9.96,8.15,3.21
芭田股份,sz002170,13.83,13.61,13.56,27455700.0,13.83,28100,13.84,110200,1.62,13.9,13.55,27455700,376800000.0,3.49,2.57,108.86,134.2,14.97,12.25,1.1
力王股份,bj920627,19.94,19.98,20.05,934700.0,19.93,2200,19.94,128300,-0.2,20.24,19.69,934700,18704800.0,2.0,2.75,9.34,18.83,25.97,13.99,0.46
中国石油,sh601857,11.93,11.82,11.71,194560500.0,11.92,24800,11.93,208700,0.93,12.01,11.7,194560500,2311430000.0,0.12,2.62,19317.3,21834.4,13.0,10.64,1.26
先惠技术,sh688155,85.51,86.46,86.5,388154500.0,85.42,6200,85.51,1100,-1.1,87.24,82.51,388154500,330140000.0,3.07,5.47,108.12,108.12,103.75,69.17,0.81
明泰铝业,sh601677,18.23,18.05,17.98,36473200.0,18.23,83800,18.24,2000,1.0,18.49,17.85,36473200,663020000.0,2.99,3.55,222.04,226.69,19.86,16.25,0.74
海峡环保,sh603817,6.98,7.06,7.04,9740100.0,6.98,37100,6.99,158200,-1.13,7.04,6.9,9740100,67710000.0,1.71,1.98,39.79,39.79,7.77,6.35,0.99
英方软件,sh688435,40.33,40.07,39.74,264451800.0,40.33,5300,40.4,300,0.65,41.43,38.74,264451800,106000000.0,4.72,6.71,22.6,33.68,48.08,32.06,1.04
三生国健,sh688336,77.49,79.32,78.98,639125700.0,77.49,300,77.5,2400,-2.31,79.41,76.8,639125700,498340000.0,1.04,3.29,477.95,478.96,95.18,63.46,0.85
科达制造,sh600499,19.81,18.01,18.7,62837700.0,19.81,4856600,0.0,0,9.99,19.81,18.7,62837700,1221050000.0,3.28,6.16,379.93,379.93,19.81,16.21,2.62
川润股份,sz002272,19.36,18.95,18.8,90505300.0,19.35,22800,19.36,64900,2.16,20.33,18.07,90505300,1753150000.0,22.18,11.93,79.01,93.87,20.85,17.06,1.09
中国人保,sh601319,7.23,7.27,7.25,44221000.0,7.23,48900,7.24,167600,-0.55,7.26,7.14,44221000,318450000.0,0.12,1.65,2566.49,3197.39,8.0,6.54,0.89
新开源,sz300109,19.21,19.2,18.71,21906700.0,19.21,6800,19.22,5200,0.05,19.6,18.41,21906700,421690000.0,4.9,6.2,85.92,92.86,23.04,15.36,1.97
邦基科技,sh603151,15.39,15.19,15.16,3551200.0,15.38,3400,15.39,7200,1.32,15.43,14.97,3551200,53920000.0,2.08,3.03,26.33,26.33,16.71,13.67,0.85
科达利,sz002850,208.26,205.87,204.17,4245600.0,208.24,300,208.26,400,1.16,209.77,202.3,4245600,876990000.0,2.13,3.63,414.71,574.38,226.46,185.28,0.7
立中集团,sz300428,20.41,20.62,20.62,5947600.0,20.41,15700,20.42,4000,-1.02,20.69,20.15,5947600,121160000.0,1.0,2.62,121.8,139.93,24.74,16.5,0.77
科恒股份,sz300340,11.14,10.93,10.86,6752500.0,11.14,20400,11.15,16000,1.92,11.24,10.83,6752500,74590000.0,2.47,3.75,30.46,30.69,13.12,8.74,0.94
金禾实业,sz002597,23.18,22.86,22.86,7120900.0,23.17,46200,23.18,54300,1.4,23.4,22.74,7120900,164150000.0,1.26,2.89,131.49,131.74,25.15,20.57,1.02
建发合诚,sh603909,11.59,11.74,11.62,6035400.0,11.59,1300,11.6,4300,-1.28,11.86,11.4,6035400,69820000.0,2.32,3.92,30.21,30.21,12.91,10.57,0.44
ST中装,sz002822,3.19,3.25,3.24,8458700.0,3.19,299200,3.2,21000,-1.85,3.25,3.17,8458700,27080000.0,0.79,2.46,34.1,62.2,3.41,3.09,0.67
汉邦高科,sz300449,6.99,6.82,6.79,11439400.0,6.98,19900,6.99,1900,2.49,7.17,6.77,11439400,79990000.0,2.96,5.87,26.98,26.98,8.18,5.46,1.96
海油工程,sh600583,6.87,7.09,7.09,46148700.0,6.87,156500,6.88,67400,-3.1,7.12,6.87,46148700,321440000.0,1.04,3.53,303.75,303.75,7.8,6.38,0.79
凯尔达,sh688255,29.67,29.21,29.3,214360100.0,29.67,2600,29.68,4100,1.57,29.92,28.77,214360100,62950000.0,1.95,3.94,32.6,32.6,35.05,23.37,0.87
泛亚微透,sh688386,80.39,77.5,77.5,209654800.0,80.37,200,80.39,400,3.73,80.75,77.0,209654800,165200000.0,2.3,4.84,73.15,80.08,93.0,62.0,1.22
凯莱英,sz002821,117.08,112.01,111.5,12979000.0,117.08,1200,117.09,1000,4.53,118.2,111.01,12979000,1500950000.0,4.09,6.42,371.14,422.51,123.21,100.81,2.06
高争民爆,sz002827,31.84,31.8,31.66,2115600.0,31.83,2200,31.84,100,0.13,32.12,31.62,2115600,67500000.0,0.77,1.57,87.88,88.21,34.98,28.62,1.13
海顺新材,sz300501,21.1,19.21,19.27,17229300.0,21.1,4500,21.11,2500,9.84,22.43,19.14,17229300,356360000.0,17.11,17.13,21.25,40.84,23.05,15.37,2.83
中青宝,sz300052,12.38,12.7,12.63,15961800.0,12.38,53400,12.39,9500,-2.52,12.66,12.19,15961800,198070000.0,6.1,3.7,32.42,32.42,15.24,10.16,0.51
皖通高速,sh600012,16.18,16.18,16.1,3942600.0,16.16,3800,16.18,7100,0.0,16.27,16.05,3942600,63680000.0,0.34,1.36,188.59,276.45,17.8,14.56,0.86
力佳科技,bj920237,20.53,20.06,20.17,1912300.0,20.53,23300,20.54,6200,2.34,20.71,19.9,1912300,38909900.0,2.26,4.04,17.4,17.74,26.07,14.05,0.7
科华控股,sh603161,14.56,14.42,14.47,2625700.0,14.55,1100,14.56,1300,0.97,14.68,14.18,2625700,37900000.0,1.38,3.47,27.77,28.31,15.86,12.98,1.01
渝农商行,sh601077,7.41,7.45,7.45,24165000.0,7.41,48800,7.42,3100,-0.54,7.54,7.39,24165000,180380000.0,0.27,2.01,654.91,841.55,8.2,6.71,0.99
迈得医疗,sh688310,16.44,16.23,16.13,172995600.0,16.38,2100,16.44,3200,1.29,16.52,15.97,172995600,28120000.0,1.05,3.39,27.01,27.01,19.48,12.98,1.07
颀中科技,sh688352,12.69,12.58,12.62,1350252300.0,12.68,4000,12.69,12400,0.87,12.92,12.57,1350252300,171650000.0,3.69,2.78,46.43,150.89,15.1,10.06,0.67
中岩大地,sz003001,16.19,16.31,16.34,2376300.0,16.19,4800,16.23,4300,-0.74,16.34,15.95,2376300,38260000.0,2.21,2.39,17.41,28.23,17.94,14.68,0.89
冠石科技,sh605588,57.84,58.37,57.5,2728000.0,57.83,800,57.84,5400,-0.91,58.85,57.5,2728000,158460000.0,3.73,2.31,42.28,42.38,64.21,52.53,1.1
宏昌电子,sh603002,14.39,13.87,13.7,97911500.0,14.38,244900,14.39,28500,3.75,14.76,13.65,97911500,1406010000.0,8.63,8.0,163.19,163.19,15.26,12.48,1.01
聚辰股份,sh688123,121.5,121.89,122.88,965696800.0,121.49,5500,121.5,25300,-0.32,126.9,121.0,965696800,1188360000.0,6.1,4.84,192.3,192.3,146.27,97.51,1.03
复洁科技,sh688335,33.17,34.24,34.93,230002900.0,33.17,0,33.19,8900,-3.13,34.93,32.81,230002900,77760000.0,1.55,6.19,49.1,49.1,41.09,27.39,0.6
尤安设计,sz300983,30.13,30.22,30.17,490000.0,30.02,300,30.13,300,-0.3,30.42,29.73,490000,14700000.0,0.32,2.28,46.04,52.06,36.26,24.18,0.61
金徽股份,sh603132,18.76,18.94,18.67,5580200.0,18.75,22100,18.76,3900,-0.95,18.99,18.6,5580200,104680000.0,0.57,2.06,183.47,183.47,20.83,17.05,0.57
杭叉集团,sh603298,26.45,25.61,25.86,12222400.0,26.45,5700,26.46,7700,3.28,26.67,25.61,12222400,321980000.0,0.93,4.14,346.45,346.45,28.17,23.05,2.13
江特电机,sz002176,13.62,12.38,12.26,179537800.0,13.62,10516200,0.0,0,10.02,13.62,12.19,179537800,2357630000.0,10.52,11.55,232.36,232.4,13.62,11.14,1.15
西部材料,sz002149,57.9,64.33,62.67,99339500.0,0.0,0,57.9,738400,-10.0,63.0,57.9,99339500,5912070000.0,20.35,7.93,282.63,282.68,70.76,57.9,1.04
永贵电器,sz300351,20.34,20.28,20.33,20023900.0,20.34,5600,20.35,2500,0.3,20.66,19.85,20023900,405040000.0,7.6,3.99,53.58,79.1,24.34,16.22,0.71
维峰电子,sz301328,60.47,62.75,62.5,2875400.0,60.46,3500,60.47,200,-3.63,63.42,58.79,2875400,173810000.0,2.62,7.38,66.45,66.45,75.3,50.2,0.93
*ST立航,sh603261,34.02,35.2,35.59,1010000.0,34.02,12100,34.03,2900,-3.35,35.59,33.58,1010000,34480000.0,1.3,5.71,26.37,26.37,36.96,33.44,0.94
信宇人,sh688573,21.49,21.1,21.01,262817200.0,21.49,2400,21.5,3800,1.85,21.77,20.71,262817200,55850000.0,4.94,5.02,11.44,21.01,25.32,16.88,0.62
东芯股份,sh688110,118.35,116.65,116.97,1405084000.0,118.35,2300,118.36,400,1.46,120.8,115.62,1405084000,1666900000.0,3.18,4.44,523.4,523.4,139.98,93.32,1.07
翔楼新材,sz301160,56.34,57.32,56.98,1984800.0,56.33,1000,56.34,4000,-1.71,57.47,55.33,1984800,111520000.0,2.62,3.73,42.74,63.98,68.78,45.86,0.91
远航精密,bj920914,26.8,24.52,24.93,5687800.0,26.8,100,26.82,1500,9.3,27.5,24.2,5687800,148075000.0,5.72,13.46,26.67,26.69,31.87,17.17,2.28
埃科光电,sh688610,115.6,116.85,116.0,205034100.0,115.31,200,115.6,500,-1.07,120.88,111.61,205034100,237810000.0,5.01,7.93,47.32,78.61,140.22,93.48,0.97
开山股份,sz300257,29.37,28.88,28.7,15787100.0,29.37,46100,29.38,6500,1.7,30.55,28.7,15787100,471460000.0,1.65,6.41,280.39,291.83,34.66,23.1,1.12
聚和材料,sh688503,93.7,90.87,91.08,1184369500.0,93.69,2200,93.7,1300,3.11,96.12,89.02,1184369500,1092560000.0,5.89,7.81,188.26,226.79,109.04,72.7,0.94
阿莱德,sz301419,41.56,42.57,42.46,4575600.0,41.56,3000,41.58,2800,-2.37,42.92,41.29,4575600,191210000.0,5.77,3.83,32.97,49.87,51.08,34.06,0.62
欧普照明,sh603515,19.8,19.88,19.8,3137900.0,19.8,2900,19.81,200,-0.4,19.97,19.51,3137900,62010000.0,0.43,2.31,145.79,147.16,21.87,17.89,1.14
康力电梯,sz002367,6.44,6.32,6.33,14339700.0,6.43,177900,6.44,33600,1.9,6.45,6.32,14339700,91640000.0,1.8,2.06,51.17,51.37,6.95,5.69,1.82
甘肃能源,sz000791,8.23,8.53,8.29,56525300.0,8.22,210800,8.23,97200,-3.52,8.52,8.23,56525300,471460000.0,2.92,3.4,159.3,266.97,9.38,7.68,0.76
汉钟精机,sz002158,25.75,25.71,25.65,6247400.0,25.75,2500,25.77,500,0.16,26.44,25.55,6247400,162140000.0,1.17,3.46,137.4,137.69,28.28,23.14,1.1
石英股份,sh603688,52.8,52.55,51.7,19601800.0,52.79,600,52.8,3600,0.48,53.95,51.67,19601800,1032750000.0,3.62,4.34,286.01,286.01,57.81,47.3,0.75
立讯精密,sz002475,66.0,67.77,67.51,262279100.0,66.0,152600,66.01,8700,-2.61,67.8,64.37,262279100,17251350000.0,3.61,5.06,4797.72,4808.75,74.55,60.99,1.04
龙洲股份,sz002682,5.71,5.84,5.78,17158900.0,5.71,25100,5.72,46800,-2.23,5.8,5.64,17158900,97890000.0,3.05,2.74,32.11,32.11,6.42,5.26,1.04
常铝股份,sz002160,4.93,4.91,4.86,24155200.0,4.92,79000,4.93,157100,0.41,4.98,4.82,24155200,118010000.0,2.34,3.26,50.81,50.92,5.4,4.42,0.97
安宁股份,sz002978,33.25,33.15,32.79,3698100.0,33.24,1200,33.25,1200,0.3,33.49,32.5,3698100,122320000.0,1.0,2.99,122.79,156.94,36.47,29.84,0.97
科捷智能,sh688455,22.66,23.1,23.07,486047900.0,22.65,0,22.66,6700,-1.9,23.29,22.46,486047900,110600000.0,2.89,3.59,38.08,38.08,27.72,18.48,0.69
华塑科技,sz301157,72.72,74.36,73.5,2268000.0,72.71,1400,72.72,3500,-2.21,73.86,72.12,2268000,165110000.0,10.98,2.34,15.02,43.63,89.23,59.49,0.39
久吾高科,sz300631,27.35,26.4,26.33,4140100.0,27.34,700,27.35,18200,3.6,27.5,26.2,4140100,111750000.0,3.42,4.92,33.09,34.2,31.68,21.12,1.58
上海合晶,sh688584,20.58,20.6,20.58,426128100.0,20.58,14400,20.59,8400,-0.1,20.8,20.47,426128100,87820000.0,1.24,1.6,70.65,137.72,24.72,16.48,0.99
海安集团,sz001233,67.52,68.51,67.8,1308600.0,67.51,1200,67.52,300,-1.45,68.59,66.87,1308600,88360000.0,3.7,2.51,23.89,125.57,75.36,61.66,0.64
永达股份,sz001239,15.01,14.88,14.82,2318300.0,15.01,14400,15.02,2600,0.87,15.07,14.67,2318300,34510000.0,2.03,2.69,17.11,36.02,16.37,13.39,0.97
金洲管道,sz002443,11.3,11.14,11.26,50908100.0,11.29,251900,11.3,164000,1.44,11.4,11.02,50908100,570660000.0,9.8,3.41,58.7,58.82,12.25,10.03,1.24
诺诚健华,sh688428,28.47,28.38,28.38,1347834700.0,28.47,14200,28.48,2200,0.32,29.16,27.54,1347834700,382310000.0,5.02,5.71,76.4,502.39,34.06,22.7,1.43
开特股份,bj920978,27.62,27.87,27.81,1864900.0,27.62,3800,27.63,20000,-0.9,28.3,27.45,1864900,51782600.0,1.85,3.05,27.88,49.72,36.23,19.51,0.44
金宏气体,sh688106,36.12,34.4,35.5,8389590000.0,36.12,8600,36.13,61800,5.0,39.6,34.9,8389590000,3105600000.0,16.72,13.66,181.27,181.27,41.28,27.52,1.45
欣锐科技,sz300745,28.2,26.98,26.74,7391700.0,28.19,500,28.2,23200,4.52,28.45,26.74,7391700,205390000.0,5.19,6.34,40.13,47.54,32.38,21.58,2.13
百花医药,sh600721,8.7,8.65,8.65,8652300.0,8.7,105800,8.71,136700,0.58,8.72,8.61,8652300,74930000.0,2.25,1.27,33.46,33.46,9.52,7.79,0.58
江顺科技,sz001400,198.99,205.94,204.48,2061300.0,198.92,100,198.99,21500,-3.37,206.66,191.63,2061300,407360000.0,13.74,7.3,29.85,119.39,226.53,185.35,0.77
德力佳,sh603092,75.1,74.8,73.74,2638400.0,75.09,800,75.1,1700,0.4,75.55,72.5,2638400,195190000.0,7.89,4.08,25.12,300.4,82.28,67.32,1.02
三孚新科,sh688359,94.17,95.19,94.25,398920800.0,94.05,200,94.17,6200,-1.07,95.88,90.4,398920800,370420000.0,4.04,5.76,92.99,92.99,114.23,76.15,0.66
福建高速,sh600033,3.61,3.64,3.64,21009300.0,3.61,25000,3.62,1097900,-0.82,3.65,3.59,21009300,75920000.0,0.77,1.65,99.07,99.07,4.0,3.28,0.95
斯迪克,sz300806,68.58,67.12,66.66,20235200.0,68.58,1000,68.59,17600,2.18,69.49,66.08,20235200,1369260000.0,6.4,5.08,216.86,310.87,80.54,53.7,0.76
晶瑞电材,sz300655,15.61,15.61,15.49,36120200.0,15.6,132100,15.61,85000,0.0,15.74,15.4,36120200,563660000.0,3.39,2.18,166.54,167.49,18.73,12.49,0.9
亚钾国际,sz000893,53.45,52.09,52.09,13134300.0,53.45,1300,53.46,8400,2.61,54.48,51.9,13134300,703160000.0,1.62,4.95,433.91,493.91,57.3,46.88,0.98
有研硅,sh688432,15.42,15.46,15.38,1301459000.0,15.42,0,15.43,2600,-0.26,15.64,15.31,1301459000,201300000.0,1.04,2.13,192.8,192.8,18.55,12.37,0.92
苏博特,sh603916,11.05,10.96,10.88,8205500.0,11.05,27900,11.06,600,0.82,11.16,10.75,8205500,89590000.0,1.95,3.74,46.45,47.11,12.06,9.86,0.7
宝丽迪,sz300905,55.51,51.3,51.49,18653400.0,55.5,5100,55.51,10500,8.21,58.28,51.49,18653400,1032080000.0,13.36,13.24,77.52,99.37,61.56,41.04,0.88
西典新能,sh603312,40.3,41.02,40.95,1332700.0,40.3,1700,40.31,2800,-1.76,40.98,40.21,1332700,54160000.0,2.62,1.88,20.52,64.48,45.12,36.92,1.07
尔康制药,sz300267,3.83,4.27,4.0,150614200.0,3.83,281200,3.84,459600,-10.3,4.0,3.79,150614200,583930000.0,10.59,4.92,54.48,79.0,5.12,3.42,1.45
中恒电气,sz002364,41.69,43.53,43.4,68890600.0,41.69,15900,41.7,11000,-4.23,43.54,41.51,68890600,2908060000.0,12.34,4.66,232.67,234.95,47.88,39.18,0.67
浩洋股份,sz300833,34.6,34.26,34.2,2277800.0,34.55,800,34.6,2900,0.99,35.17,32.81,2277800,77550000.0,2.8,6.89,28.11,43.77,41.11,27.41,1.69
奇精机械,sh603677,15.71,15.36,15.32,1824600.0,15.71,48100,15.72,1300,2.28,15.76,15.27,1824600,28460000.0,0.95,3.19,30.26,30.26,16.9,13.82,1.38
多浦乐,sz301528,70.7,67.8,68.5,1931300.0,70.7,5100,70.72,22200,4.28,72.15,67.81,1931300,135390000.0,6.07,6.4,22.51,43.76,81.36,54.24,1.05
东方电缆,sh603606,65.24,65.91,65.8,16981100.0,65.24,6200,65.25,24900,-1.02,67.2,64.29,16981100,1115170000.0,2.47,4.42,448.67,448.67,72.5,59.32,0.94
圣阳股份,sz002580,27.7,26.97,26.7,145654400.0,27.7,196500,27.71,11700,2.71,28.34,25.86,145654400,3992000000.0,32.2,9.2,125.3,125.72,29.67,24.27,1.26
丰山集团,sh603810,15.5,15.31,15.31,2423900.0,15.49,9200,15.5,37900,1.24,15.74,15.21,2423900,37470000.0,1.47,3.46,25.63,25.63,16.84,13.78,1.08
亚康股份,sz301085,69.25,69.29,68.68,5107000.0,69.25,500,69.34,200,-0.06,72.41,66.81,5107000,354190000.0,8.67,8.08,40.8,60.09,83.15,55.43,0.68
德迈仕,sz301007,36.25,35.97,35.49,3506700.0,36.25,1600,36.26,1500,0.78,36.48,35.18,3506700,126100000.0,2.32,3.61,54.86,55.59,43.16,28.78,0.93
方邦股份,sh688020,119.3,117.73,116.8,612400400.0,119.3,900,119.55,200,1.33,125.32,113.0,612400400,725040000.0,7.43,10.46,98.29,98.29,141.28,94.18,0.89
科士达,sz002518,47.99,49.13,48.5,10729100.0,47.98,15200,47.99,700,-2.32,48.95,47.5,10729100,516310000.0,1.9,2.95,271.21,279.41,54.04,44.22,0.94
永和股份,sh605020,26.8,26.4,26.5,10984000.0,26.8,45700,26.81,54200,1.52,27.08,26.35,10984000,294670000.0,2.18,2.77,134.78,136.9,29.04,23.76,0.91
纵横股份,sh688070,46.61,47.8,47.87,112707200.0,46.61,100,46.65,300,-2.49,47.92,46.11,112707200,52610000.0,1.29,3.79,40.82,40.82,57.36,38.24,0.84
中国瑞林,sh603257,57.19,56.55,56.58,1305900.0,57.18,2000,57.19,300,1.13,58.07,56.31,1305900,74470000.0,5.24,3.11,14.24,68.63,62.21,50.9,0.69
美的集团,sz000333,79.66,79.85,79.56,21788000.0,79.66,10900,79.68,500,-0.24,80.2,79.46,21788000,1740580000.0,0.32,0.93,5460.45,6058.86,87.84,71.87,0.84
盛弘股份,sz300693,48.83,48.8,48.75,21189500.0,48.82,25000,48.84,4600,0.06,50.87,46.91,21189500,1034370000.0,7.88,8.11,131.28,152.74,58.56,39.04,1.06
新威凌,bj920634,22.14,22.21,22.6,2505700.0,22.14,617100,22.15,24600,-0.32,22.6,21.9,2505700,55723400.0,6.18,3.15,8.97,14.15,28.87,15.55,0.95
英科再生,sh688087,38.8,40.02,39.95,218873800.0,38.72,1700,38.8,7300,-3.05,40.33,38.46,218873800,86090000.0,1.18,4.67,72.26,75.29,48.02,32.02,0.79
沪农商行,sh601825,9.13,8.89,8.88,32673400.0,9.13,2200,9.14,57200,2.7,9.24,8.85,32673400,298140000.0,0.35,4.39,855.89,880.54,9.78,8.0,1.7
中巨芯-U,sh688549,9.89,9.74,9.71,3250254400.0,9.89,33500,9.9,129700,1.54,10.12,9.67,3250254400,322210000.0,5.52,4.62,58.28,146.1,11.69,7.79,1.35
天准科技,sh688003,69.04,68.73,68.45,286180100.0,69.04,3900,69.07,300,0.45,69.98,68.32,286180100,197740000.0,1.47,2.42,134.16,134.16,82.48,54.98,0.86
益丰药房,sh603939,24.09,24.7,24.66,11469300.0,24.08,1500,24.09,18500,-2.47,24.9,24.01,11469300,280190000.0,0.95,3.6,292.07,292.07,27.17,22.23,1.1
嘉必优,sh688089,15.08,16.02,15.2,868468100.0,15.07,45000,15.08,89000,-5.87,15.46,14.97,868468100,131590000.0,5.16,3.06,25.38,25.38,19.22,12.82,1.4
瑞丰银行,sh601528,5.31,5.38,5.35,15243600.0,5.3,633200,5.31,35100,-1.3,5.36,5.29,15243600,81050000.0,0.88,1.3,92.1,104.19,5.92,4.84,0.98
飞凯材料,sz300398,30.61,31.7,31.46,40961700.0,30.6,54700,30.61,25500,-3.44,31.88,30.49,40961700,1269480000.0,7.26,4.38,172.59,173.54,38.04,25.36,0.78
苏州银行,sz002966,8.68,8.81,8.79,24110900.0,8.67,29600,8.68,6100,-1.48,8.81,8.66,24110900,210220000.0,0.55,1.7,381.59,388.05,9.69,7.93,1.0
铜陵有色,sz000630,6.29,6.3,6.23,213706100.0,6.29,916800,6.3,686700,-0.16,6.34,6.15,213706100,1330520000.0,1.92,3.02,700.89,843.46,6.93,5.67,0.78
吉林敖东,sz000623,17.75,17.92,17.91,7479200.0,17.75,62500,17.76,1600,-0.95,17.97,17.61,7479200,132540000.0,0.63,2.01,211.4,212.27,19.71,16.13,0.74
中青旅,sh600138,9.12,9.14,9.1,5816800.0,9.12,207900,9.13,115100,-0.22,9.14,9.03,5816800,52810000.0,0.8,1.2,66.01,66.01,10.05,8.23,0.79
雅艺科技,sz301113,24.67,24.54,24.39,2220600.0,24.67,3000,24.71,200,0.53,25.07,23.76,2220600,53960000.0,4.03,5.34,13.59,22.45,29.45,19.63,1.73
中国西电,sh601179,17.21,18.02,17.71,202433600.0,17.2,2267400,17.21,748200,-4.5,17.94,17.2,202433600,3524920000.0,3.95,4.11,882.16,882.16,19.82,16.22,0.81
ST景峰,sz000908,7.03,7.07,7.03,8493300.0,7.03,63000,7.05,49400,-0.57,7.12,6.99,8493300,59850000.0,0.97,1.84,61.85,123.7,7.42,6.72,0.65
华北制药,sh600812,5.32,5.32,5.3,10713000.0,5.31,102400,5.32,26700,0.0,5.33,5.25,10713000,56720000.0,0.62,1.5,91.28,91.28,5.85,4.79,0.7
康达新材,sz002669,13.97,13.83,13.73,11342900.0,13.97,2400,13.98,16100,1.01,14.2,13.67,11342900,158300000.0,3.75,3.83,42.29,42.38,15.21,12.45,0.78
穗恒运Ａ,sz000531,6.98,7.19,7.05,27717900.0,6.98,127900,6.99,76400,-2.92,7.13,6.93,27717900,194920000.0,3.05,2.78,63.5,72.69,7.91,6.47,0.86
福晶科技,sz002222,89.25,92.2,91.8,39100900.0,89.25,31600,89.26,700,-3.2,95.6,87.6,39100900,3518450000.0,8.35,8.68,417.83,419.7,101.42,82.98,1.19
绿联科技,sz301606,72.16,72.5,72.32,2368800.0,72.16,3500,72.17,2500,-0.47,73.18,71.69,2368800,171230000.0,1.44,2.06,119.06,299.4,87.0,58.0,0.76
建龙微纳,sh688357,37.3,37.03,36.81,142272200.0,37.3,25100,37.34,3500,0.73,37.89,36.71,142272200,53140000.0,1.42,3.19,37.32,37.32,44.44,29.62,0.95
奥来德,sh688378,39.53,38.79,38.9,1073270800.0,39.53,400,39.54,2300,1.91,39.92,38.01,1073270800,418730000.0,4.45,4.92,95.25,103.34,46.55,31.03,1.51
联得装备,sz300545,32.06,31.47,31.26,8463700.0,32.04,3000,32.06,2800,1.87,32.44,30.68,8463700,268380000.0,7.08,5.59,38.33,59.46,37.76,25.18,1.17
厦门象屿,sh600057,6.84,7.38,7.17,53724700.0,6.84,126500,6.85,122500,-7.32,7.25,6.73,53724700,370870000.0,2.57,7.05,143.13,194.3,8.12,6.64,2.5
中国人寿,sh601628,36.78,36.88,36.7,16448300.0,36.77,65700,36.78,7600,-0.27,36.88,36.1,16448300,600050000.0,0.08,2.11,7658.89,10395.76,40.57,33.19,1.03
中科环保,sz301175,6.21,6.21,6.2,21946700.0,6.21,65600,6.22,43600,0.0,6.26,6.15,21946700,136230000.0,3.53,1.77,38.62,91.4,7.45,4.97,0.84
江化微,sh603078,23.82,23.65,23.6,20612300.0,23.82,5300,23.83,600,0.72,24.27,23.33,20612300,491420000.0,5.34,3.97,91.86,91.86,26.02,21.29,1.48
东华科技,sz002140,12.38,12.45,12.46,7765500.0,12.38,1700,12.39,9100,-0.56,12.54,12.19,7765500,95990000.0,1.1,2.81,87.53,87.65,13.7,11.21,1.09
富特科技,sz301607,55.24,53.35,53.95,8698300.0,55.23,100,55.24,1000,3.54,55.96,52.52,8698300,473970000.0,8.03,6.45,59.83,85.85,64.02,42.68,1.23
永信至诚,sh688244,18.95,18.92,18.9,131152600.0,18.95,2200,19.07,4600,0.16,19.2,18.45,131152600,24630000.0,0.87,3.96,28.61,28.61,22.7,15.14,1.05
海螺水泥,sh600585,21.4,21.65,21.61,26615200.0,21.4,85100,21.41,13400,-1.15,21.61,21.29,26615200,570090000.0,0.67,1.48,855.94,1134.05,23.82,19.49,0.89
建业股份,sh603948,27.2,26.64,26.26,1902600.0,27.19,100,27.2,1700,2.1,27.39,26.0,1902600,50850000.0,1.17,5.22,44.2,44.2,29.3,23.98,1.27
阳光电源,sz300274,133.79,134.5,133.96,42250800.0,133.79,46600,133.8,28400,-0.53,135.36,132.91,42250800,5660380000.0,2.66,1.82,2127.28,2773.75,161.4,107.6,0.69
厦门银行,sh601187,7.74,8.0,7.94,17669100.0,7.73,98900,7.74,8400,-3.25,7.97,7.65,17669100,137180000.0,0.67,4.0,203.82,204.27,8.8,7.2,1.07
吉峰科技,sz300022,9.67,9.64,9.54,12083800.0,9.67,15600,9.68,5100,0.31,9.75,9.54,12083800,117010000.0,2.44,2.18,47.79,47.79,11.57,7.71,0.54
红 宝 丽,sz002165,9.09,8.98,8.86,79419800.0,9.09,118100,9.1,98500,1.22,9.47,8.8,79419800,722110000.0,10.92,7.46,66.14,66.84,9.88,8.08,2.11
浦发银行,sh600000,9.45,9.54,9.53,84859000.0,9.44,285600,9.45,35100,-0.94,9.62,9.43,84859000,806720000.0,0.25,1.99,3147.4,3147.4,10.49,8.59,1.22
首钢股份,sz000959,4.45,4.45,4.41,31382800.0,4.45,158100,4.46,67800,0.0,4.47,4.36,31382800,138430000.0,0.42,2.47,331.6,345.1,4.9,4.01,0.65
湘潭电化,sz002125,14.19,13.92,13.81,18194300.0,14.19,44400,14.2,78400,1.94,14.32,13.81,18194300,256100000.0,2.89,3.66,89.33,89.33,15.31,12.53,1.19
百川股份,sz002455,11.06,11.19,10.78,117413000.0,11.06,253100,11.07,45400,-1.16,11.29,10.6,117413000,1288640000.0,17.77,6.17,73.09,79.9,12.31,10.07,1.38
东方证券,sh600958,9.34,9.34,0.0,0.0,0.0,0,0.0,0,0.0,0.0,0.0,0,0.0,0.0,0.0,697.65,793.59,10.27,8.41,0.0
四川路桥,sh600039,10.0,10.04,9.98,18668500.0,10.0,21000,10.01,85600,-0.4,10.13,9.96,18668500,187800000.0,0.21,1.69,869.56,869.56,11.04,9.04,0.97
大族激光,sz002008,102.46,103.6,103.6,52675600.0,102.45,400,102.46,45100,-1.1,105.99,99.5,52675600,5383720000.0,5.51,6.26,980.26,1054.93,113.96,93.24,1.05
奥普科技,sh603551,12.22,12.27,12.23,1746100.0,12.22,1200,12.24,100,-0.41,12.28,12.08,1746100,21260000.0,0.46,1.63,46.42,47.02,13.5,11.04,0.75
华丰股份,sh605100,48.75,50.24,50.25,2977800.0,48.74,300,48.75,2300,-2.97,50.28,48.45,2977800,146300000.0,1.75,3.64,82.84,83.23,55.26,45.22,0.63
宁波韵升,sh600366,12.79,12.87,12.7,19359800.0,12.79,182900,12.8,136400,-0.62,12.87,12.6,19359800,246350000.0,1.76,2.1,140.57,140.57,14.16,11.58,0.86
江丰电子,sz300666,156.21,155.95,155.2,7938100.0,156.21,100,156.22,300,0.17,158.5,153.87,7938100,1238070000.0,3.59,2.97,345.4,414.46,187.14,124.76,0.73
陕西能源,sz001286,11.42,11.62,11.58,22247000.0,11.41,80000,11.42,28200,-1.72,11.68,11.41,22247000,256850000.0,1.65,2.32,154.17,428.25,12.78,10.46,0.72
耐科装备,sh688419,46.84,46.93,46.83,206708700.0,46.83,1000,46.84,2200,-0.19,47.76,45.88,206708700,96710000.0,3.47,4.01,27.87,53.66,56.32,37.54,0.99
恒达新材,sz301469,36.26,36.04,36.19,2546900.0,36.26,6900,36.28,9500,0.61,36.58,35.3,2546900,91310000.0,5.53,3.55,16.7,32.45,43.25,28.83,1.17
华天科技,sz002185,12.45,12.47,12.41,84633800.0,12.44,457500,12.45,4200,-0.16,12.77,12.41,84633800,1061900000.0,2.59,2.89,406.64,406.74,13.72,11.22,0.88
箭牌家居,sz001322,7.16,7.15,7.12,2910100.0,7.16,13200,7.17,3900,0.14,7.2,7.07,2910100,20750000.0,0.37,1.82,56.25,69.25,7.87,6.44,0.62
豪鹏科技,sz001283,72.59,73.13,73.0,4731300.0,72.59,8500,72.6,6500,-0.74,73.49,71.51,4731300,342890000.0,5.93,2.71,57.88,72.55,80.44,65.82,0.85
中际联合,sh605305,45.93,46.22,46.2,6315800.0,45.92,400,45.93,23600,-0.63,47.15,45.4,6315800,292400000.0,2.97,3.79,97.61,97.61,50.84,41.6,0.72
大元泵业,sh603757,50.82,52.58,52.98,10450700.0,50.81,1000,50.82,400,-3.35,53.5,49.79,10450700,533780000.0,5.6,7.06,94.8,94.8,57.84,47.32,0.58
六国化工,sh600470,7.07,6.84,6.8,65016700.0,7.06,207800,7.07,51800,3.36,7.26,6.78,65016700,458640000.0,12.46,7.02,36.88,36.88,7.52,6.16,2.54
中国宝安,sz000009,8.9,8.88,8.85,23092400.0,8.9,44200,8.91,57100,0.23,8.97,8.78,23092400,205380000.0,0.9,2.14,229.27,229.55,9.77,7.99,1.0
云南铜业,sz000878,19.61,19.35,19.2,44315400.0,19.6,79400,19.61,130500,1.34,19.75,19.05,44315400,858840000.0,2.21,3.62,392.91,475.58,21.29,17.42,1.02
新化股份,sh603867,33.69,33.42,33.43,4210300.0,33.69,600,33.7,5800,0.81,34.33,33.19,4210300,142230000.0,1.95,3.41,72.66,73.27,36.76,30.08,0.76
前沿生物-U,sh688221,18.95,18.99,18.8,850816600.0,18.94,12600,18.95,34300,-0.21,19.38,18.56,850816600,161630000.0,2.27,4.32,70.98,70.98,22.79,15.19,0.75
骆驼股份,sh601311,10.34,10.69,10.25,65523500.0,10.34,17500,10.35,12100,-3.27,10.5,10.0,65523500,673210000.0,5.59,4.68,121.3,121.3,11.76,9.62,0.92
时代电气,sh688187,51.82,52.29,52.2,502785600.0,51.81,8800,51.82,300,-0.9,53.09,51.8,502785600,262660000.0,0.58,2.47,450.27,703.69,62.75,41.83,1.17
先导基电,sh600641,27.22,27.0,27.08,62716400.0,27.22,206400,27.23,29000,0.81,28.5,27.06,62716400,1726310000.0,6.74,5.33,253.32,257.74,29.7,24.3,0.96
奇安信-U,sh688561,30.09,30.05,29.99,443865500.0,30.09,1300,30.1,900,0.13,30.27,29.47,443865500,132770000.0,0.65,2.66,205.29,205.29,36.06,24.04,0.96
天润乳业,sh600419,9.36,9.32,9.4,6545700.0,9.35,600,9.36,2100,0.43,9.4,9.26,6545700,61140000.0,2.07,1.5,29.53,29.53,10.25,8.39,1.0
永福股份,sz300712,28.3,28.83,28.47,2392400.0,28.3,6000,28.36,4200,-1.84,28.96,28.26,2392400,68160000.0,1.28,2.43,52.85,53.08,34.6,23.06,0.75
福建金森,sz002679,10.43,10.74,10.94,9933700.0,10.42,700,10.43,400,-2.89,11.0,10.11,9933700,103110000.0,4.21,8.29,24.59,24.59,11.81,9.67,2.76
恒光股份,sz301118,25.29,25.19,25.13,1619000.0,25.26,300,25.29,20300,0.4,25.52,24.72,1619000,40670000.0,1.54,3.18,26.57,27.87,30.23,20.15,0.81
朗坤科技,sz301305,28.08,28.39,28.38,4663300.0,28.08,1600,28.1,1400,-1.09,28.38,27.52,4663300,130010000.0,3.77,3.03,34.74,67.74,34.07,22.71,0.92
粤宏远Ａ,sz000573,4.77,4.8,4.8,22616800.0,4.76,39700,4.77,154000,-0.63,4.83,4.67,22616800,107530000.0,3.57,3.33,30.19,30.45,5.28,4.32,0.75
珠海冠宇,sh688772,16.6,16.66,16.63,3322763200.0,16.59,15800,16.6,35600,-0.36,16.79,16.29,3322763200,550910000.0,2.93,3.0,187.94,187.94,19.99,13.33,0.71
七 匹 狼,sz002029,10.12,9.68,9.66,33508600.0,10.12,172900,10.13,12000,4.55,10.53,9.65,33508600,341580000.0,5.04,9.09,67.34,71.35,10.65,8.71,1.97
四川成渝,sh601107,6.22,6.29,6.27,10983800.0,6.22,17600,6.23,1200,-1.11,6.32,6.21,10983800,68810000.0,0.51,1.75,134.52,190.21,6.92,5.66,0.84
*ST星光,sz002076,2.19,2.11,2.13,30991300.0,2.19,532800,2.2,1169200,3.79,2.2,2.11,30991300,67030000.0,2.97,4.27,22.83,24.29,2.22,2.0,1.04
江南新材,sh603124,130.68,124.02,125.47,2761800.0,130.68,400,130.69,200,5.37,132.38,124.05,2761800,356500000.0,3.56,6.72,101.42,190.46,136.42,111.62,1.54
曼恩斯特,sz301325,44.97,45.08,44.91,2023300.0,44.95,1300,44.97,2800,-0.24,45.6,44.27,2023300,90980000.0,3.49,2.95,26.04,64.71,54.1,36.06,1.14
超捷股份,sz301005,169.02,174.9,173.0,8448800.0,169.02,300,169.03,100,-3.36,176.76,167.27,8448800,1445980000.0,6.38,5.43,223.73,226.93,209.88,139.92,0.74
盛美上海,sh688082,157.98,156.44,156.14,438749400.0,157.97,3100,157.98,5600,0.98,160.9,154.58,438749400,693080000.0,0.92,4.04,750.38,758.56,187.73,125.15,1.14
利扬芯片,sh688135,36.18,36.0,36.22,1509093100.0,36.15,2200,36.18,7100,0.5,37.13,35.96,1509093100,549490000.0,6.47,3.25,84.34,84.34,43.2,28.8,0.74
荃银高科,sz300087,8.02,7.94,7.92,14487900.0,8.02,37600,8.03,50700,1.01,8.09,7.91,14487900,116290000.0,1.61,2.27,72.36,75.98,9.53,6.35,1.38
德赛电池,sz000049,28.92,28.77,28.6,24619700.0,28.92,98300,28.93,1600,0.52,29.4,28.38,24619700,714050000.0,6.4,3.55,111.21,111.24,31.65,25.89,1.0
科新发展,sh600234,22.85,23.55,23.49,15179700.0,22.85,14200,22.87,200,-2.97,24.24,22.71,15179700,354700000.0,5.78,6.5,59.99,59.99,25.91,21.2,0.94
宝鼎科技,sz002552,20.9,21.51,21.28,8915900.0,20.89,4800,20.9,10000,-2.84,21.35,20.71,8915900,187050000.0,2.42,2.98,77.02,81.09,23.66,19.36,0.55
中望软件,sh688083,52.51,53.3,52.68,286245900.0,52.51,17000,52.53,300,-1.48,53.68,52.16,286245900,150930000.0,1.69,2.85,89.08,89.08,63.96,42.64,0.79
华脉科技,sh603042,20.0,20.18,20.34,10585000.0,19.99,10400,20.0,33600,-0.89,20.5,19.53,10585000,210810000.0,6.59,4.81,32.12,32.12,22.2,18.16,0.54
津药药业,sh600488,6.12,6.74,6.43,195546100.0,6.11,13400,6.12,284300,-9.2,6.99,6.07,195546100,1274140000.0,17.91,13.65,66.82,66.82,7.41,6.07,1.24
中信银行,sh601998,8.35,8.37,8.36,44202200.0,8.35,33800,8.36,32300,-0.24,8.47,8.31,44202200,369900000.0,0.11,1.91,3403.71,4646.37,9.21,7.53,1.13
德美化工,sz002054,8.1,8.14,8.09,11873600.0,8.1,1700,8.11,7200,-0.49,8.16,7.97,11873600,95740000.0,3.09,2.33,31.1,39.05,8.95,7.33,0.89
天奇股份,sz002009,23.81,24.2,24.01,18100300.0,23.81,15300,23.82,13800,-1.61,24.25,23.57,18100300,431230000.0,5.11,2.81,84.32,95.77,26.62,21.78,0.66
海立股份,sh600619,17.18,17.48,17.48,18413200.0,17.17,57200,17.18,6200,-1.72,17.68,17.18,18413200,319850000.0,2.33,2.86,135.58,184.4,19.23,15.73,0.64
爱克股份,sz300889,24.82,24.92,24.97,3769500.0,24.79,2700,24.82,30900,-0.4,25.1,24.32,3769500,93100000.0,2.58,3.13,36.33,54.66,29.9,19.94,0.86
镇海股份,sh603637,16.36,16.5,16.61,20891900.0,16.36,19600,16.37,1400,-0.85,16.61,15.5,20891900,334450000.0,8.75,6.73,39.05,39.05,18.15,14.85,1.1
大叶股份,sz300879,24.6,25.15,24.95,3570300.0,24.6,2400,24.61,1000,-2.19,25.13,24.21,3570300,87740000.0,1.78,3.66,49.45,49.79,30.18,20.12,0.79
三和管桩,sz003037,7.05,7.05,7.05,3239100.0,7.05,49300,7.07,22600,0.0,7.14,6.98,3239100,22790000.0,0.54,2.27,42.23,42.23,7.76,6.35,1.14
博力威,sh688345,53.78,54.35,53.25,187442500.0,53.78,700,53.84,400,-1.05,54.73,52.8,187442500,100330000.0,1.87,3.55,53.78,54.4,65.22,43.48,0.57
滨化股份,sh601678,5.14,5.16,5.11,62496300.0,5.14,34600,5.15,274100,-0.39,5.19,5.04,62496300,320440000.0,3.06,2.91,105.03,105.72,5.68,4.64,1.3
佳先股份,bj920489,15.01,15.57,15.24,3610900.0,15.01,19800,15.02,2000,-3.6,15.83,15.0,3610900,55477100.0,4.16,5.33,13.03,20.48,20.24,10.9,0.77
九鼎投资,sh600053,14.11,14.33,14.33,4891100.0,14.11,2700,14.12,18100,-1.54,14.35,13.9,4891100,68820000.0,1.13,3.14,61.17,61.17,15.76,12.9,1.07
常山药业,sz300255,39.59,40.1,39.68,12675400.0,39.59,3100,39.6,15500,-1.27,40.0,39.05,12675400,501040000.0,1.38,2.37,363.32,363.86,48.12,32.08,0.72
奥福科技,sh688021,24.04,23.64,23.64,168428700.0,24.04,12800,24.22,200,1.69,24.38,23.39,168428700,40260000.0,2.2,4.19,18.37,18.37,28.37,18.91,1.01
有方科技,sh688159,45.2,47.2,46.8,376452500.0,45.18,1500,45.2,11200,-4.24,46.8,45.0,376452500,171260000.0,4.06,3.81,41.91,41.99,56.64,37.76,0.76
永安林业,sz000663,6.35,6.32,6.32,8643600.0,6.34,1300,6.35,25200,0.47,6.38,6.19,8643600,54290000.0,2.82,3.01,19.45,21.38,6.95,5.69,1.34
ST智知,sh603869,10.42,10.49,10.4,1161600.0,10.42,4200,10.43,7800,-0.67,10.5,10.21,1161600,11980000.0,0.24,2.76,51.49,51.49,11.01,9.97,0.73
中邮科技,sh688648,58.55,57.83,57.0,417301300.0,58.55,700,58.56,700,1.25,59.98,55.6,417301300,244210000.0,6.0,7.57,40.71,79.63,69.4,46.26,1.37
蓝晓科技,sz300487,63.91,63.56,63.05,3532500.0,63.91,6000,63.93,500,0.55,64.48,62.4,3532500,224390000.0,1.15,3.27,196.86,325.39,76.27,50.85,0.47
道通科技,sh688208,35.91,36.36,36.23,893864600.0,35.91,12600,35.95,200,-1.24,36.49,35.5,893864600,321260000.0,1.33,2.72,240.66,240.66,43.63,29.09,0.71
上海银行,sh601229,9.77,9.87,9.85,70430600.0,9.77,222600,9.78,150400,-1.01,9.92,9.72,70430600,690140000.0,0.5,2.03,1388.22,1388.22,10.86,8.88,1.56
招商蛇口,sz001979,8.36,8.62,8.6,51287600.0,8.36,189800,8.37,75100,-3.02,8.61,8.34,51287600,431550000.0,0.61,3.13,703.38,753.74,9.48,7.76,1.07
东田微,sz301183,185.0,189.99,188.0,7289400.0,184.99,300,185.0,2800,-2.63,190.69,179.1,7289400,1343630000.0,12.42,6.1,108.6,148.14,227.99,151.99,0.71
浪潮信息,sz000977,74.85,73.83,73.78,93362100.0,74.85,75800,74.86,15300,1.38,75.62,72.0,93362100,6932170000.0,6.36,4.9,1097.92,1099.15,81.21,66.45,0.96
美亚光电,sz002690,17.18,17.69,17.55,8004900.0,17.17,3200,17.18,9100,-2.88,17.69,17.08,8004900,137520000.0,1.85,3.45,74.52,151.57,19.46,15.92,1.7
富信科技,sh688662,66.0,68.8,68.7,736648000.0,65.99,500,66.0,3200,-4.07,73.18,65.8,736648000,507810000.0,8.35,10.73,58.24,58.24,82.56,55.04,0.9
福能股份,sh600483,9.86,10.0,10.0,38072700.0,9.86,54800,9.87,16400,-1.4,10.1,9.83,38072700,379280000.0,1.37,2.7,274.12,274.12,11.0,9.0,1.3
和顺科技,sz301237,67.3,71.87,71.04,6342300.0,67.29,16500,67.3,200,-6.36,73.18,64.98,6342300,430340000.0,10.89,11.41,39.2,53.84,86.24,57.5,1.37
通威股份,sh600438,17.85,18.33,18.1,61548700.0,17.85,55200,17.86,12500,-2.62,18.24,17.79,61548700,1105570000.0,1.37,2.45,803.61,803.61,20.16,16.5,0.84
东吴证券,sh601555,8.3,8.28,8.26,33843900.0,8.29,165500,8.3,209400,0.24,8.36,8.19,33843900,280410000.0,0.68,2.05,412.4,412.4,9.11,7.45,1.08
时代新材,sh600458,11.92,11.95,11.89,10101400.0,11.92,17300,11.93,45800,-0.25,12.04,11.8,10101400,120400000.0,1.17,2.01,102.77,110.95,13.15,10.76,0.9
惠泰医疗,sh688617,248.0,247.79,248.0,100525500.0,248.0,41400,248.2,300,0.08,253.0,244.1,100525500,249520000.0,0.71,3.59,349.78,349.78,297.35,198.23,1.41
海锅股份,sz301063,24.75,24.62,24.52,1982600.0,24.75,11800,24.76,1000,0.53,24.93,24.1,1982600,48550000.0,2.05,3.37,23.92,25.83,29.54,19.7,0.83
深科达,sh688328,41.05,41.22,41.0,619121700.0,41.05,13200,41.06,7800,-0.41,41.64,39.87,619121700,251980000.0,6.55,4.29,38.77,38.77,49.46,32.98,0.84
华菱钢铁,sz000932,4.86,4.92,4.9,61114300.0,4.85,245000,4.86,482100,-1.22,4.91,4.8,61114300,296110000.0,0.89,2.24,333.04,333.04,5.41,4.43,0.89
*ST大晟,sh600892,3.58,3.45,3.44,5480900.0,3.57,27800,3.58,537000,3.77,3.61,3.42,5480900,19330000.0,0.98,5.51,20.02,20.03,3.62,3.28,1.3
国脉文化,sh600640,12.84,12.7,12.55,12242800.0,12.83,12800,12.84,45400,1.1,13.05,12.42,12242800,156550000.0,1.54,4.96,102.17,102.17,13.97,11.43,1.68
浙江众成,sz002522,6.09,6.08,6.06,28321400.0,6.08,178500,6.09,277100,0.16,6.18,5.98,28321400,172300000.0,3.13,3.29,55.12,55.16,6.69,5.47,0.82
星球石墨,sh688633,33.6,28.0,30.0,1318209100.0,33.6,1007800,0.0,0,20.0,33.6,29.58,1318209100,421680000.0,9.17,14.36,48.31,48.31,33.6,22.4,5.89
古汉医药,sz000590,11.03,10.77,10.77,4386100.0,11.03,19200,11.04,1200,2.41,11.11,10.7,4386100,47810000.0,1.83,3.81,26.4,26.41,11.85,9.69,1.06
中金岭南,sz000060,6.49,6.49,6.44,90548600.0,6.49,349600,6.5,336700,0.0,6.56,6.35,90548600,583520000.0,2.04,3.24,288.23,288.23,7.14,5.84,0.7
大东南,sz002263,4.35,4.37,4.29,259804800.0,4.35,1228700,4.36,393600,-0.46,4.57,4.12,259804800,1131570000.0,13.83,10.3,81.71,81.71,4.81,3.93,0.68
道明光学,sz002632,11.26,11.13,11.18,14710600.0,11.26,85100,11.27,38800,1.17,11.28,10.96,14710600,163600000.0,2.56,2.88,64.68,70.33,12.24,10.02,1.05
睿创微纳,sh688002,132.75,133.45,132.8,748173900.0,132.5,300,132.75,500,-0.52,135.0,130.11,748173900,994790000.0,1.61,3.66,618.26,618.26,160.14,106.76,0.81
特锐德,sz300001,31.32,31.08,30.88,25074100.0,31.32,62700,31.33,13200,0.77,31.56,30.71,25074100,780580000.0,2.42,2.73,324.13,330.59,37.3,24.86,0.82
艾比森,sz300389,19.28,19.4,19.4,7629000.0,19.28,27000,19.29,17200,-0.62,19.71,19.13,7629000,147700000.0,3.48,2.99,42.31,71.16,23.28,15.52,0.9
TCL科技,sz000100,4.23,4.26,4.25,285344400.0,4.22,3055500,4.23,1733800,-0.7,4.25,4.17,285344400,1199870000.0,1.49,1.88,809.28,879.88,4.69,3.83,0.84
盈建科,sz300935,31.74,31.16,30.85,2216600.0,31.74,300,31.75,2500,1.86,32.17,30.13,2216600,69590000.0,3.68,6.55,19.13,25.21,37.39,24.93,1.04
通富微电,sz002156,48.42,47.24,48.77,124671700.0,48.41,182600,48.42,232400,2.5,51.18,48.39,124671700,6144200000.0,8.22,5.91,734.75,734.82,51.96,42.52,1.5
南亚新材,sh688519,160.86,147.12,146.16,963353700.0,160.86,4600,160.88,200,9.34,162.95,144.01,963353700,1483630000.0,4.1,12.87,377.65,377.65,176.54,117.7,1.16
领湃科技,sz300530,24.02,23.96,23.96,2215500.0,24.01,6000,24.02,4100,0.25,24.26,23.63,2215500,53100000.0,1.29,2.63,41.3,41.3,28.75,19.17,0.62
洁美科技,sz002859,45.98,45.58,44.84,9168800.0,45.98,3100,45.99,900,0.88,46.78,44.72,9168800,422150000.0,2.26,4.52,186.63,198.28,50.14,41.02,0.63
海大集团,sz002311,47.13,46.84,46.71,4246600.0,47.13,2100,47.15,500,0.62,47.35,46.5,4246600,199570000.0,0.26,1.81,774.89,775.47,51.52,42.16,0.55
广日股份,sh600894,10.02,9.9,9.95,7668500.0,10.01,13200,10.02,17900,1.21,10.04,9.84,7668500,76450000.0,0.91,2.02,84.48,85.34,10.89,8.91,0.9
迪贝电气,sh603320,23.39,23.4,23.31,2102800.0,23.38,500,23.39,3000,-0.04,23.64,23.02,2102800,49000000.0,1.41,2.65,34.89,34.89,25.74,21.06,0.48
品茗科技,sh688109,97.3,114.15,105.11,274427900.0,96.98,200,97.3,500,-14.76,112.44,96.46,274427900,277650000.0,3.48,14.0,76.71,76.71,136.98,91.32,3.02
智云股份,sz300097,10.5,10.14,10.15,20905300.0,10.5,22600,10.51,2000,3.55,10.68,10.04,20905300,216990000.0,7.74,6.31,28.35,30.3,12.17,8.11,0.78
宏桥控股,sz002379,27.14,26.43,26.43,15583800.0,27.14,5600,27.15,5200,2.69,27.35,26.28,15583800,417670000.0,1.37,4.05,308.41,3536.65,29.07,23.79,0.92
源杰科技,sh688498,1395.0,1394.99,1393.99,380495000.0,1395.0,0,1395.9,200,0.0,1430.14,1345.66,380495000,5294080000.0,4.48,6.06,1183.5,1198.97,1673.99,1115.99,1.08
申能股份,sh600642,9.33,9.39,9.38,19186600.0,9.33,17700,9.34,147800,-0.64,9.45,9.3,19186600,179870000.0,0.39,1.6,456.59,456.62,10.33,8.45,0.86
合康新能,sz300048,6.49,6.51,6.43,21517400.0,6.49,130000,6.5,24300,-0.31,6.54,6.35,21517400,138900000.0,1.91,2.92,73.09,73.23,7.81,5.21,0.47
四川双马,sz000935,28.5,28.63,28.65,3861300.0,28.46,21900,28.5,13400,-0.45,28.92,28.33,3861300,110200000.0,0.51,2.06,217.58,217.58,31.49,25.77,0.75
燕东微,sh688172,41.66,40.48,40.6,2429696300.0,41.65,200,41.66,64200,2.92,43.49,38.89,2429696300,1012040000.0,3.12,11.36,324.19,594.75,48.58,32.38,1.51
万得凯,sz301309,33.25,33.92,33.6,2107000.0,33.24,300,33.25,4300,-1.98,34.05,32.7,2107000,70060000.0,3.48,3.98,20.14,33.43,40.7,27.14,0.66
耐普矿机,sz300818,34.83,34.99,34.7,3880100.0,34.83,8000,34.95,1300,-0.46,37.09,34.64,3880100,138110000.0,3.54,7.0,38.13,58.78,41.99,27.99,1.06
三人行,sh605168,40.1,41.26,41.0,5260500.0,40.1,9200,40.13,3800,-2.81,41.26,40.06,5260500,212130000.0,2.5,2.91,84.54,84.54,45.39,37.13,0.56
*ST和科,sz002816,25.0,24.9,25.2,2461700.0,25.0,5100,25.02,16900,0.4,25.26,24.57,2461700,61450000.0,2.46,2.77,25.0,25.0,26.15,23.66,0.51
远翔新材,sz301300,45.8,45.2,45.18,908000.0,45.8,16400,45.81,7000,1.33,46.25,44.5,908000,41380000.0,2.34,3.87,17.76,29.72,54.24,36.16,1.06
航民股份,sh600987,7.25,7.44,7.23,24444200.0,7.25,37100,7.26,4500,-2.55,7.35,6.95,24444200,174580000.0,2.39,5.38,74.01,74.01,8.18,6.7,3.05
康盛股份,sz002418,6.15,6.51,6.51,268542900.0,6.14,871400,6.15,89600,-5.53,6.61,5.94,268542900,1668140000.0,23.63,10.29,69.89,69.89,7.16,5.86,0.93
吉宏股份,sz002803,19.56,19.45,19.11,24066700.0,19.56,37100,19.57,2500,0.57,19.83,18.74,24066700,469150000.0,8.34,5.6,56.47,88.1,21.4,17.51,1.18
新宏泰,sh603016,58.04,52.76,52.01,3265600.0,58.04,1870800,0.0,0,10.01,58.04,52.01,3265600,184100000.0,2.2,11.43,85.99,85.99,58.04,47.48,0.41
华升股份,sh600156,9.12,9.84,9.69,61128100.0,9.11,35900,9.12,9300,-7.32,10.21,9.0,61128100,574340000.0,15.2,12.3,36.67,36.67,10.82,8.86,0.81
金银河,sz300619,41.69,46.06,43.0,23949600.0,41.68,36900,41.69,33300,-9.49,43.0,39.41,23949600,973080000.0,16.35,7.79,61.07,72.54,55.27,36.85,2.57
盘古智能,sz301456,29.68,29.78,29.58,1163100.0,29.68,4400,29.72,3100,-0.34,29.88,29.35,1163100,34440000.0,1.92,1.78,17.96,44.65,35.74,23.82,0.85
无锡银行,sh600908,5.76,5.87,5.87,16498600.0,5.76,226900,5.77,34300,-1.87,5.87,5.75,16498600,95450000.0,0.83,2.04,115.16,126.41,6.46,5.28,1.14
绿田机械,sh605259,21.3,21.53,21.52,1431300.0,21.3,2100,21.32,200,-1.07,21.52,21.1,1431300,30510000.0,0.83,1.95,36.74,36.74,23.68,19.38,0.69
福昕软件,sh688095,74.19,74.74,74.04,182708000.0,74.19,1900,74.27,300,-0.74,74.98,72.02,182708000,134430000.0,2.0,3.96,67.78,67.78,89.69,59.79,0.99
华勤技术,sh603296,107.54,103.86,104.31,23935300.0,107.54,8300,107.55,2400,3.54,110.33,102.0,23935300,2552050000.0,4.2,8.02,613.5,1155.28,114.25,93.47,1.66
航材股份,sh688563,58.36,60.0,59.71,327499500.0,58.36,7900,58.37,3000,-2.73,60.13,58.11,327499500,192060000.0,2.8,3.37,68.27,262.62,72.0,48.0,0.91
南芯科技,sh688484,38.01,37.08,37.8,1140635800.0,38.01,11200,38.02,28400,2.51,38.95,37.5,1140635800,435950000.0,2.67,3.91,162.55,162.55,44.5,29.66,2.07
南大光电,sz300346,53.57,52.36,51.17,62245600.0,53.57,1900,53.58,60500,2.31,54.05,50.36,62245600,3300760000.0,9.49,7.05,351.41,370.25,62.83,41.89,1.31
君实生物-U,sh688180,39.8,40.72,40.31,1886523300.0,39.8,20700,39.81,27200,-2.26,40.73,39.24,1886523300,755000000.0,2.46,3.66,305.02,408.62,48.86,32.58,0.79
圣诺生物,sh688117,38.68,37.48,38.94,833872500.0,38.66,200,38.68,24300,3.2,39.33,37.78,833872500,322510000.0,5.3,4.14,60.88,60.88,44.98,29.98,2.45
福达合金,sh603045,37.8,36.31,36.5,9552800.0,37.79,4500,37.8,54800,4.1,38.5,35.98,9552800,356740000.0,7.05,6.94,51.2,51.2,39.94,32.68,1.36
扬子新材,sz002652,4.98,4.68,4.66,40760200.0,4.97,19300,4.98,3500,6.41,5.13,4.66,40760200,201610000.0,7.96,10.04,25.5,25.5,5.15,4.21,2.65
天能股份,sh688819,35.39,35.82,35.82,374645700.0,35.38,700,35.39,19800,-1.2,35.85,35.08,374645700,132910000.0,0.39,2.15,344.03,344.03,42.98,28.66,0.89
力鼎光电,sh605118,43.05,44.09,44.0,3171000.0,43.01,1000,43.05,1500,-2.36,44.12,42.02,3171000,135900000.0,0.78,4.76,176.02,177.05,48.5,39.68,0.54
宏柏新材,sh605366,13.47,13.51,13.92,26181400.0,13.47,34500,13.48,3500,-0.3,13.93,13.11,26181400,351710000.0,3.37,6.07,104.54,104.54,14.86,12.16,0.6
金冠电气,sh688517,21.3,21.83,21.29,762977700.0,21.3,2300,21.33,12200,-2.43,21.71,20.14,762977700,159600000.0,5.58,7.19,29.1,29.1,26.2,17.46,1.47
密封科技,sz301020,23.08,22.67,22.49,2085900.0,23.08,18000,23.09,500,1.81,23.18,22.49,2085900,47760000.0,1.42,3.04,33.79,33.79,27.2,18.14,0.99
海南橡胶,sh601118,6.72,6.85,6.81,35526200.0,6.72,289400,6.73,15800,-1.9,6.88,6.65,35526200,240020000.0,0.83,3.36,287.58,287.58,7.54,6.17,0.92
云天化,sh600096,35.67,34.0,33.8,84033000.0,35.67,169700,35.68,111500,4.91,35.7,33.76,84033000,2941920000.0,4.61,5.71,650.26,650.26,37.4,30.6,1.43
招商积余,sz001914,9.98,10.16,10.2,5882300.0,9.98,7300,9.99,3700,-1.77,10.2,9.96,5882300,58960000.0,0.56,2.36,105.16,105.16,11.18,9.14,0.68
宁波色母,sz301019,21.9,22.14,22.1,1492600.0,21.9,1900,21.92,1600,-1.08,22.17,21.65,1492600,32680000.0,1.43,2.35,22.91,36.13,26.57,17.71,0.59
海宁皮城,sz002344,4.43,4.42,4.4,13040900.0,4.43,17900,4.44,112000,0.23,4.47,4.35,13040900,57500000.0,1.02,2.71,56.76,56.82,4.86,3.98,1.28
雄韬股份,sz002733,30.07,30.33,28.87,28299100.0,30.07,12700,30.08,1500,-0.86,30.88,28.83,28299100,852070000.0,7.67,6.76,110.92,115.53,33.36,27.3,1.04
亨通光电,sh600487,69.54,69.52,68.0,221203000.0,69.54,201500,69.55,216800,0.03,71.3,66.55,221203000,15309620000.0,9.05,6.83,1700.38,1715.13,76.47,62.57,1.01
潍柴重机,sz000880,30.43,31.55,31.21,20432500.0,30.42,18900,30.43,10000,-3.55,31.23,30.04,20432500,622560000.0,9.0,3.77,69.08,141.15,34.71,28.4,0.59
思瑞浦,sh688536,217.0,212.82,224.0,764593100.0,217.0,4800,217.01,1200,1.96,227.79,215.49,764593100,1694170000.0,5.64,5.78,294.36,299.62,255.38,170.26,1.37
元利科技,sh603217,29.5,30.13,30.13,6346700.0,29.5,21300,29.51,1000,-2.09,30.13,28.81,6346700,186940000.0,3.05,4.38,61.39,61.39,33.14,27.12,1.03
南钢股份,sh600282,5.25,5.3,5.26,33539100.0,5.25,360300,5.26,113800,-0.94,5.32,5.2,33539100,175940000.0,0.54,2.26,323.67,323.67,5.83,4.77,0.91
四方光电,sh688665,47.42,47.57,47.3,58324900.0,47.38,200,47.42,0,-0.32,47.68,46.62,58324900,27510000.0,0.58,2.23,47.99,47.99,57.08,38.06,0.94
新疆交建,sz002941,15.78,15.77,15.7,10104100.0,15.77,46800,15.78,27300,0.06,15.94,15.67,10104100,159730000.0,1.38,1.71,115.15,115.15,17.35,14.19,0.82
北玻股份,sz002613,3.87,3.87,3.84,21031800.0,3.87,50400,3.88,46500,0.0,3.91,3.83,21031800,81320000.0,2.72,2.07,29.89,42.59,4.26,3.48,0.46
明月镜片,sz301101,36.15,36.06,35.7,3440500.0,36.15,2200,36.16,1000,0.25,36.8,35.61,3440500,124890000.0,1.8,3.3,69.01,72.85,43.27,28.85,1.64
志晟信息,bj920171,20.26,20.69,20.8,2743600.0,20.26,2200,20.27,1000,-2.08,20.98,20.22,2743600,56184700.0,4.06,3.67,13.7,20.31,26.89,14.49,0.47
德创环保,sh603177,11.66,11.6,11.56,5073600.0,11.66,19600,11.68,2000,0.52,11.78,11.5,5073600,59080000.0,2.48,2.41,23.81,23.81,12.76,10.44,0.61
比亚迪,sz002594,99.46,99.98,99.91,33773900.0,99.45,22200,99.46,24600,-0.52,99.91,98.7,33773900,3348020000.0,0.97,1.21,3467.79,9067.96,109.98,89.98,0.81
兆易创新,sh603986,297.7,304.8,305.0,34910500.0,297.7,16000,297.71,1300,-2.33,310.0,292.81,34910500,10436280000.0,5.23,5.64,1988.17,2087.18,335.28,274.32,0.9
优彩资源,sz002998,9.45,9.3,9.3,10582500.0,9.45,11000,9.46,119000,1.61,9.53,9.13,10582500,98720000.0,3.91,4.3,25.56,33.53,10.23,8.37,1.03
新锐股份,sh688257,73.33,74.09,73.79,489574600.0,73.33,18900,73.34,600,-1.03,75.67,73.13,489574600,362270000.0,1.94,3.43,185.09,185.09,88.91,59.27,0.53
蓝英装备,sz300293,17.76,18.07,18.07,7683400.0,17.76,21300,17.77,12200,-1.72,18.62,17.76,7683400,139610000.0,2.27,4.76,60.11,60.11,21.68,14.46,1.25
宝钛股份,sh600456,34.98,35.2,35.0,7333800.0,34.98,6200,34.99,10200,-0.63,35.16,34.6,7333800,255830000.0,1.53,1.59,167.13,167.13,38.72,31.68,0.65
华茂股份,sz000850,4.68,4.67,4.65,9309800.0,4.67,81900,4.68,69500,0.21,4.72,4.61,9309800,43360000.0,0.99,2.36,44.15,44.16,5.14,4.2,0.6
泰坦科技,sh688133,21.77,22.15,21.82,355015200.0,21.77,21200,21.78,900,-1.72,22.0,21.42,355015200,76950000.0,2.16,2.62,35.8,35.8,26.58,17.72,0.86
一拖股份,sh601038,12.96,12.76,12.73,8682100.0,12.96,12600,12.97,10300,1.57,13.03,12.69,8682100,111970000.0,1.19,2.66,94.83,145.62,14.04,11.48,1.52
百济神州,sh688235,234.86,234.32,233.01,241514700.0,234.8,1000,234.86,400,0.23,237.68,229.98,241514700,564860000.0,2.1,3.29,270.22,3620.18,281.18,187.46,0.78
ST中珠,sh600568,2.83,2.82,2.79,7075900.0,2.83,203400,2.84,217000,0.35,2.84,2.78,7075900,19800000.0,0.42,2.13,47.23,56.4,2.96,2.68,0.61
先河环保,sz300137,16.26,16.61,16.94,40600100.0,16.25,9500,16.27,99000,-2.11,17.37,16.1,40600100,678740000.0,7.66,7.65,86.18,87.25,19.93,13.29,0.92
厦门国贸,sh600755,6.05,6.09,6.07,16739500.0,6.05,68900,6.06,295600,-0.66,6.1,6.01,16739500,101240000.0,0.79,1.48,129.0,129.33,6.7,5.48,1.0
华安证券,sh600909,5.59,5.62,5.62,31696700.0,5.58,224000,5.59,13700,-0.53,5.62,5.55,31696700,176910000.0,0.63,1.25,280.85,280.85,6.18,5.06,0.69
东微半导,sh688261,72.98,73.05,73.15,323842700.0,72.98,17100,72.99,200,-0.1,74.23,71.83,323842700,236950000.0,2.65,3.29,89.11,89.46,87.66,58.44,0.89
ST司特,sz002538,7.14,7.1,7.05,10528700.0,7.13,52300,7.14,37900,0.56,7.22,7.05,10528700,75400000.0,1.23,2.39,60.94,60.94,7.46,6.75,0.75
福光股份,sh688010,33.87,34.76,34.41,374651900.0,33.85,6000,33.87,5700,-2.56,35.05,33.81,374651900,128350000.0,2.33,3.57,54.38,54.38,41.71,27.81,0.72
中原传媒,sz000719,14.02,14.49,14.32,7895100.0,14.02,11100,14.03,1100,-3.24,14.42,13.95,7895100,111150000.0,1.18,3.24,93.53,143.45,15.94,13.04,0.57
久量股份,sz300808,23.43,22.99,22.96,3245900.0,23.4,3500,23.43,100,1.91,24.38,22.86,3245900,77130000.0,2.73,6.61,27.86,37.49,27.59,18.39,1.07
坤彩科技,sh603826,34.8,34.87,34.5,12396500.0,34.8,1000,34.81,4900,-0.2,35.0,33.68,12396500,424570000.0,1.89,3.79,228.01,228.01,38.36,31.38,0.72
传艺科技,sz002866,26.04,25.38,24.64,45453300.0,26.04,3400,26.05,18900,2.6,27.2,24.26,45453300,1180150000.0,25.08,11.58,47.19,75.39,27.92,22.84,0.86
海融科技,sz300915,23.19,23.75,23.86,1316900.0,23.19,11800,23.21,1200,-2.36,23.86,22.9,1316900,30680000.0,2.29,4.04,13.36,29.18,28.5,19.0,1.19
博众精工,sh688097,60.96,63.36,63.0,1237545000.0,60.96,13300,60.97,1400,-3.79,63.74,60.43,1237545000,760410000.0,2.78,5.22,271.28,272.28,76.03,50.69,0.91
彤程新材,sh603650,55.41,55.67,54.85,13883200.0,55.41,1400,55.42,3900,-0.47,56.15,54.26,13883200,766400000.0,2.26,3.4,340.48,341.37,61.24,50.1,0.88
东诚药业,sz002675,13.55,13.69,13.58,11316200.0,13.54,12700,13.55,12100,-1.02,13.71,13.43,11316200,153470000.0,1.52,2.05,100.73,111.73,15.06,12.32,0.71
盛和资源,sh600392,24.98,24.96,24.98,62298900.0,24.97,46300,24.98,67100,0.08,25.15,24.49,62298900,1547330000.0,3.55,2.64,437.86,437.86,27.46,22.46,0.66
正帆科技,sh688596,32.28,32.13,32.09,637704800.0,32.28,800,32.29,1200,0.47,33.05,32.06,637704800,207880000.0,2.17,3.08,94.95,94.95,38.56,25.7,0.76
水发燃气,sh603318,11.39,10.35,11.39,16138400.0,11.39,10461800,0.0,0,10.05,11.39,11.39,16138400,183820000.0,3.52,0.0,52.29,63.18,11.39,9.32,0.32
震裕科技,sz300953,217.9,218.35,219.04,8020400.0,217.9,27100,217.91,100,-0.21,231.35,217.9,8020400,1793150000.0,6.44,6.16,271.41,378.01,262.02,174.68,0.91
华测检测,sz300012,16.78,17.15,16.88,34013500.0,16.77,1500,16.78,6700,-2.16,17.2,16.6,34013500,571830000.0,2.38,3.5,240.16,282.38,20.58,13.72,0.61
中国中铁,sh601390,5.21,5.24,5.24,104279400.0,5.2,5179800,5.21,2684500,-0.57,5.24,5.19,104279400,543010000.0,0.51,0.95,1066.95,1286.15,5.76,4.72,0.85
索菲亚,sz002572,12.64,12.56,12.61,5815700.0,12.63,39100,12.64,36400,0.64,12.65,12.42,5815700,73010000.0,0.89,1.83,82.35,121.73,13.82,11.3,0.57
天龙集团,sz300063,11.51,12.14,11.8,67191900.0,11.51,190500,11.52,102100,-5.19,11.8,11.27,67191900,771480000.0,10.72,4.37,72.12,87.31,14.57,9.71,0.89
百川畅银,sz300614,13.35,13.56,13.71,5969400.0,13.35,5600,13.36,8300,-1.55,13.83,13.15,5969400,80280000.0,3.72,5.01,21.42,21.42,16.27,10.85,1.71
广合科技,sz001389,170.6,168.38,171.83,17728200.0,170.6,1700,170.61,400,1.32,185.22,167.8,17728200,3119820000.0,11.67,10.35,259.22,806.04,185.22,151.54,1.46
绿通科技,sz301322,36.22,36.42,36.22,1557300.0,36.22,1500,36.29,400,-0.55,36.68,35.85,1557300,56510000.0,1.64,2.28,34.42,51.17,43.7,29.14,0.49
同洲电子,sz002052,9.9,10.06,10.05,11077900.0,9.89,23500,9.9,27700,-1.59,10.09,9.77,11077900,109210000.0,1.61,3.18,68.25,74.49,11.07,9.05,0.95
西部矿业,sh601168,29.08,28.9,28.51,41684400.0,29.07,60600,29.08,11600,0.62,29.25,28.29,41684400,1196550000.0,1.75,3.32,692.98,692.98,31.79,26.01,0.85
中国中车,sh601766,5.91,5.97,5.96,124756500.0,5.91,1743600,5.92,1309200,-1.01,5.96,5.9,124756500,738690000.0,0.51,1.01,1437.77,1696.1,6.57,5.37,0.75
思进智能,sz003025,13.75,13.67,13.7,3681000.0,13.72,3000,13.75,39000,0.59,13.82,13.57,3681000,50350000.0,1.63,1.83,31.13,39.04,15.04,12.3,0.94
格尔软件,sh603232,18.32,18.88,18.8,8051000.0,18.31,34900,18.32,14400,-2.97,18.85,18.11,8051000,147670000.0,3.48,3.92,42.37,42.88,20.77,16.99,1.02
三峰环境,sh601827,7.99,8.04,8.04,7437800.0,7.99,52200,8.0,56500,-0.62,8.06,7.96,7437800,59620000.0,0.44,1.24,133.59,133.59,8.84,7.24,1.21
河钢资源,sz000923,18.48,18.58,18.47,7724200.0,18.48,19800,18.49,3600,-0.54,18.62,18.25,7724200,142500000.0,1.23,1.99,116.04,120.62,20.44,16.72,0.86
莱伯泰科,sh688056,35.11,34.48,34.12,62632100.0,35.11,300,35.15,1600,1.83,35.36,34.12,62632100,21770000.0,0.93,3.6,23.68,23.68,41.38,27.58,1.04
广立微,sz301095,83.01,84.1,83.99,7326400.0,83.0,14400,83.01,9000,-1.3,85.9,82.66,7326400,615930000.0,4.23,3.85,143.62,166.25,100.92,67.28,0.79
海晨股份,sz300873,20.83,20.7,20.65,3675400.0,20.83,23400,20.86,1600,0.63,21.14,20.13,3675400,75570000.0,2.2,4.88,34.75,48.03,24.84,16.56,0.92
双良节能,sh600481,6.33,6.4,6.36,46114000.0,6.33,99400,6.34,124200,-1.09,6.43,6.24,46114000,291570000.0,2.23,2.97,130.66,130.66,7.04,5.76,0.79
新联电子,sz002546,8.39,8.61,8.65,19627000.0,8.39,228000,8.4,88900,-2.56,8.65,8.38,19627000,165580000.0,2.45,3.14,67.22,69.98,9.47,7.75,0.73
云维股份,sh600725,4.08,4.08,4.07,14982200.0,4.07,19700,4.08,464100,0.0,4.08,3.99,14982200,60470000.0,1.22,2.21,50.28,50.28,4.49,3.67,0.92
和胜股份,sz002824,27.35,27.43,27.49,25199500.0,27.31,1900,27.35,12000,-0.29,27.77,26.17,25199500,680800000.0,11.45,5.83,60.17,85.11,30.17,24.69,0.76
*ST原尚,sh603813,33.32,33.31,34.98,2573500.0,33.28,3800,33.32,1300,0.03,34.98,32.24,2573500,86520000.0,2.45,8.23,34.99,34.99,34.98,31.64,2.51
特一药业,sz002728,10.23,10.3,10.23,10507200.0,10.23,28300,10.24,11200,-0.68,10.32,10.15,10507200,107550000.0,3.17,1.65,33.96,52.51,11.33,9.27,0.87
优德精密,sz300549,17.52,17.25,17.19,2658900.0,17.52,200,17.53,5600,1.57,17.56,16.9,2658900,46060000.0,2.63,3.83,17.7,23.36,20.7,13.8,1.63
中联重科,sz000157,7.99,8.0,7.96,53681700.0,7.99,126700,8.0,38900,-0.13,8.02,7.9,53681700,427520000.0,0.76,1.5,564.87,691.02,8.8,7.2,0.66
中润光学,sh688307,93.22,94.68,94.63,528908900.0,93.22,1000,93.23,4300,-1.54,98.51,92.08,528908900,499040000.0,5.96,6.79,82.76,82.76,113.62,75.74,0.66
立方制药,sz003020,23.52,23.55,24.1,1070400.0,23.49,1800,23.52,5500,-0.13,24.1,23.17,1070400,25050000.0,0.78,3.95,32.39,44.73,25.91,21.2,0.66
滨江集团,sz002244,9.3,10.23,9.69,69239400.0,9.29,223600,9.3,88500,-9.09,9.7,9.26,69239400,648160000.0,2.51,4.3,256.45,289.36,11.25,9.21,2.81
TCL中环,sz002129,8.63,8.64,8.58,51811000.0,8.63,40200,8.64,417800,-0.12,8.67,8.49,51811000,444490000.0,1.28,2.08,348.63,348.92,9.5,7.78,0.82
佳隆股份,sz002495,2.57,2.48,2.49,36211100.0,2.56,861600,2.57,58900,3.63,2.59,2.48,36211100,91930000.0,5.22,4.44,17.83,24.05,2.73,2.23,1.8
紫建电子,sz301121,37.36,36.93,36.93,1122000.0,37.32,600,37.36,20900,1.16,37.68,36.45,1122000,41610000.0,2.22,3.33,18.9,36.92,44.32,29.54,0.87
佐力药业,sz300181,16.59,16.56,16.41,12489300.0,16.58,24800,16.59,66600,0.18,16.64,16.33,12489300,206300000.0,2.07,1.87,100.02,116.36,19.87,13.25,1.13
力聚热能,sh603391,62.39,63.13,62.25,930000.0,62.39,200,62.4,200,-1.17,63.8,62.25,930000,58530000.0,4.09,2.46,14.19,56.77,69.44,56.82,0.88
松原安全,sz300893,23.07,23.71,23.4,4642600.0,23.06,3300,23.07,1600,-2.7,24.16,22.62,4642600,107620000.0,1.85,6.5,57.87,109.12,28.45,18.97,1.46
辽宁成大,sh600739,11.54,11.62,11.63,11226100.0,11.53,3100,11.54,500,-0.69,11.63,11.28,11226100,127750000.0,0.73,3.01,176.53,176.53,12.78,10.46,1.42
万顺新材,sz300057,7.9,7.18,7.46,180540800.0,7.9,383400,7.91,267700,10.03,8.05,7.32,180540800,1386340000.0,23.64,10.17,60.32,73.96,8.62,5.74,2.11
世纪恒通,sz301428,31.96,33.33,32.88,5703800.0,31.96,24300,32.0,5100,-4.11,33.19,31.32,5703800,182290000.0,9.32,5.61,19.56,31.53,40.0,26.66,1.29
宝地矿业,sh601121,7.67,7.73,7.67,9875900.0,7.67,17100,7.68,47300,-0.78,7.74,7.56,9875900,75610000.0,1.23,2.33,61.36,75.49,8.5,6.96,0.94
驰宏锌锗,sh600497,9.14,9.11,9.02,139154900.0,9.13,152000,9.14,96600,0.33,9.23,8.88,139154900,1257840000.0,2.76,3.84,460.69,460.69,10.02,8.2,0.76
桐昆股份,sh601233,20.27,20.28,20.17,25239400.0,20.27,13200,20.28,12000,-0.05,20.86,19.94,25239400,514570000.0,1.06,4.54,481.35,482.22,22.31,18.25,0.8
宝新能源,sz000690,5.24,5.48,5.4,161132000.0,5.23,935400,5.24,132000,-4.38,5.4,5.22,161132000,850180000.0,7.41,3.28,113.94,114.02,6.03,4.93,0.84
达刚控股,sz300103,7.91,7.94,7.81,7525500.0,7.91,11400,7.92,600,-0.38,8.0,7.81,7525500,59500000.0,2.37,2.39,25.1,25.12,9.53,6.35,0.63
博深股份,sz002282,6.86,6.83,6.79,5211600.0,6.86,35800,6.87,2400,0.44,6.94,6.74,5211600,35640000.0,1.03,2.93,34.64,36.14,7.51,6.15,1.07
苏州高新,sh600736,8.5,8.37,9.2,322406200.0,8.49,79300,8.5,916800,1.55,9.21,8.5,322406200,2919080000.0,28.0,8.48,97.86,97.86,9.21,7.53,6.64
中威电子,sz300270,12.5,12.72,12.53,13559500.0,12.5,5000,12.51,139900,-1.73,12.92,12.44,13559500,170890000.0,5.2,3.77,32.62,37.85,15.26,10.18,0.59
东方电子,sz000682,13.65,13.58,13.65,33525700.0,13.64,81000,13.65,56700,0.52,13.83,13.57,33525700,458950000.0,2.5,1.91,182.99,183.01,14.94,12.22,1.25
中国神华,sh601088,47.19,46.98,46.99,34547500.0,47.18,11500,47.19,42500,0.45,47.55,46.66,34547500,1628420000.0,0.21,1.89,7782.12,10235.24,51.68,42.28,1.15
华蓝集团,sz301027,23.87,24.6,24.6,9949100.0,23.87,400,23.9,19200,-2.97,25.23,23.14,9949100,238710000.0,8.21,8.5,28.93,35.09,29.52,19.68,1.34
国电电力,sh600795,4.93,4.95,4.99,143763700.0,4.93,2651200,4.94,338800,-0.4,5.01,4.93,143763700,713570000.0,0.81,1.62,879.3,879.3,5.45,4.46,1.03
中自科技,sh688737,29.47,30.05,29.61,181318300.0,29.45,7500,29.47,4000,-1.93,29.9,29.1,181318300,53410000.0,1.52,2.66,35.24,35.24,36.06,24.04,0.51
金杨精密,sz301210,35.25,35.15,35.13,1832300.0,35.25,500,35.26,2100,0.28,35.38,34.5,1832300,63880000.0,4.22,2.5,15.32,40.4,42.18,28.12,0.39
港迪技术,sz301633,62.09,62.22,62.3,224400.0,62.09,1400,62.27,300,-0.21,62.47,61.43,224400,13930000.0,0.88,1.67,15.84,34.57,74.66,49.78,0.74
艾华集团,sh603989,19.45,19.46,19.36,8195300.0,19.44,9700,19.45,2900,-0.05,20.12,19.34,8195300,161740000.0,2.06,4.01,77.56,77.56,21.41,17.51,1.2
山东路桥,sz000498,5.73,5.76,5.73,11809500.0,5.73,125900,5.74,21600,-0.52,5.76,5.69,11809500,67570000.0,0.81,1.22,83.05,88.95,6.34,5.18,0.58
国瓷材料,sz300285,35.51,36.0,35.95,33735400.0,35.51,49600,35.52,1300,-1.36,36.55,35.08,33735400,1207770000.0,3.95,4.08,303.14,354.05,43.2,28.8,0.8
黑猫股份,sz002068,8.65,8.53,8.5,11116600.0,8.65,11000,8.66,64200,1.41,8.72,8.47,11116600,95780000.0,1.51,2.93,63.58,63.61,9.38,7.68,0.92
德尔股份,sz300473,34.71,35.2,35.15,3458000.0,34.71,1500,34.72,100,-1.39,35.18,34.24,3458000,119740000.0,2.3,2.67,52.25,59.93,42.24,28.16,0.62
南方泵业,sz300145,4.83,4.92,4.91,62828200.0,4.82,393200,4.83,331700,-1.83,4.92,4.76,62828200,302290000.0,3.29,3.25,92.29,92.75,5.9,3.94,0.7
大为股份,sz002213,35.64,34.13,34.16,48954600.0,35.64,5900,35.65,12100,4.42,36.58,33.63,48954600,1716050000.0,23.7,8.64,73.62,84.64,37.54,30.72,1.47
普洛药业,sz000739,18.35,18.48,18.53,10457800.0,18.35,18300,18.36,19400,-0.7,18.63,18.26,10457800,192760000.0,0.9,2.0,212.49,212.57,20.33,16.63,0.92
重庆百货,sh600729,21.71,21.78,21.53,1802700.0,21.7,2100,21.71,1600,-0.32,21.83,21.53,1802700,39100000.0,0.94,1.38,41.79,95.62,23.96,19.6,0.7
迈威生物-U,sh688062,37.2,38.1,37.75,699717000.0,37.19,600,37.2,7000,-2.36,38.38,36.96,699717000,262600000.0,3.43,3.73,75.95,148.65,45.72,30.48,0.7
齐心集团,sz002301,7.17,7.45,7.52,55159000.0,7.17,172300,7.18,100400,-3.76,7.54,7.1,55159000,398020000.0,7.68,5.91,51.48,51.72,8.2,6.71,4.32
德马科技,sh688360,18.22,18.12,18.0,178772200.0,18.21,900,18.22,15800,0.55,18.25,17.85,178772200,32340000.0,0.71,2.21,45.97,48.05,21.74,14.5,0.61
青岛银行,sz002948,5.65,5.73,5.7,40391000.0,5.64,17700,5.65,57100,-1.4,5.73,5.56,40391000,228120000.0,1.3,2.97,175.86,328.85,6.3,5.16,0.79
苏美达,sh600710,12.63,13.39,13.0,34945500.0,12.62,35900,12.63,12800,-5.68,13.0,12.28,34945500,439870000.0,2.67,5.38,165.04,165.04,14.73,12.05,2.05
百龙创园,sh605016,26.66,27.04,27.3,8142800.0,26.66,9000,26.67,1400,-1.41,27.5,26.08,8142800,218030000.0,1.94,5.25,111.98,111.98,29.74,24.34,1.44
亚邦股份,sh603188,4.93,4.76,4.79,14209400.0,4.93,47700,4.94,82900,3.57,4.96,4.74,14209400,68990000.0,2.49,4.62,28.11,28.11,5.24,4.28,1.23
德石股份,sz301158,24.0,24.23,24.18,6893600.0,24.0,30700,24.01,22600,-0.95,24.4,23.69,6893600,165210000.0,4.71,2.93,35.16,36.09,29.08,19.38,0.72
峰岹科技,sh688279,200.88,196.32,195.43,197615500.0,200.88,600,201.0,300,2.32,202.85,193.48,197615500,392900000.0,2.11,4.77,187.94,231.24,235.58,157.06,1.15
海亮股份,sz002203,17.69,17.64,17.75,42790400.0,17.69,54400,17.7,1300,0.28,18.12,17.57,42790400,762900000.0,1.93,3.12,391.33,405.41,19.4,15.88,0.65
建发股份,sh600153,8.95,8.92,8.96,12818200.0,8.94,106900,8.95,103400,0.34,9.02,8.86,12818200,114670000.0,0.44,1.79,259.51,259.51,9.81,8.03,0.88
江苏国信,sz002608,7.7,7.86,7.8,20861700.0,7.69,56800,7.7,131100,-2.04,7.83,7.67,20861700,161240000.0,0.55,2.04,290.91,290.91,8.65,7.07,0.8
银龙股份,sh603969,8.93,9.06,9.05,12101300.0,8.93,44300,8.94,10800,-1.43,9.1,8.89,12101300,108600000.0,1.43,2.32,75.35,77.83,9.97,8.15,0.86
芯朋微,sh688508,76.6,73.99,75.8,1203144300.0,76.55,1500,76.6,2900,3.53,77.38,73.23,1203144300,911820000.0,9.16,5.61,100.58,100.58,88.79,59.19,1.03
胜科纳米,sh688757,26.8,26.25,26.36,320168600.0,26.72,600,26.8,9600,2.1,27.25,25.9,320168600,85440000.0,1.77,5.14,48.57,108.09,31.5,21.0,0.8
电气风电,sh688660,12.1,12.34,12.3,1038589800.0,12.1,36900,12.11,18400,-1.94,12.41,12.05,1038589800,126600000.0,0.78,2.92,161.33,161.33,14.81,9.87,0.68
远东股份,sh600869,16.22,16.52,15.95,114563400.0,16.22,167500,16.23,21300,-1.82,17.1,15.88,114563400,1891550000.0,5.16,7.38,359.98,359.98,18.17,14.87,0.95
智立方,sz301312,113.58,117.01,117.39,5138900.0,113.58,1700,113.59,800,-2.93,122.57,112.58,5138900,595210000.0,8.49,8.54,68.78,137.64,140.41,93.61,0.61
盐湖股份,sz000792,37.42,35.69,35.48,112830500.0,37.41,3800,37.42,259800,4.85,37.79,35.35,112830500,4144750000.0,2.13,6.84,1980.09,1980.11,39.26,32.12,1.34
新莱福,sz301323,68.58,68.6,67.6,1657000.0,68.56,200,68.59,1600,-0.03,70.25,67.49,1657000,113590000.0,2.45,4.02,46.41,72.41,82.32,54.88,0.61
新劲刚,sz300629,24.74,25.43,25.33,9364700.0,24.73,2500,24.74,62700,-2.71,25.42,24.6,9364700,232960000.0,4.32,3.22,53.64,62.2,30.52,20.34,0.57
新雷能,sz300593,29.5,29.86,29.68,19451800.0,29.5,59000,29.51,16100,-1.21,30.28,29.14,19451800,577930000.0,4.32,3.82,132.83,160.04,35.83,23.89,0.64
久立特材,sz002318,28.43,28.75,28.62,6615800.0,28.43,1800,28.44,5100,-1.11,28.78,28.16,6615800,187750000.0,0.69,2.16,271.42,277.81,31.63,25.88,0.73
奥翔药业,sh603229,10.22,9.92,9.88,13424300.0,10.22,2500,10.23,88300,3.02,10.28,9.75,13424300,135470000.0,1.62,5.34,84.86,84.86,10.91,8.93,2.0
香农芯创,sz300475,162.05,156.39,160.0,66089300.0,162.05,233100,162.06,1100,3.62,172.14,158.51,66089300,10868790000.0,14.84,8.72,721.74,753.35,187.67,125.11,2.02
通合科技,sz300491,24.65,26.45,25.28,12267700.0,24.65,21700,24.66,1000,-6.81,25.5,23.89,12267700,301160000.0,7.86,6.09,38.45,43.3,31.74,21.16,1.62
中盐化工,sh600328,8.82,8.72,8.66,30059600.0,8.81,69300,8.82,20200,1.15,8.97,8.66,30059600,265650000.0,2.05,3.56,129.33,129.33,9.59,7.85,0.84
光智科技,sz300489,101.9,87.07,91.07,17102400.0,101.9,18100,101.99,100,17.03,103.52,90.62,17102400,1699840000.0,12.34,14.82,141.28,141.8,104.48,69.66,0.86
晶澳科技,sz002459,10.86,10.87,10.85,34250900.0,10.85,30400,10.86,132800,-0.09,10.91,10.7,34250900,370030000.0,1.04,1.93,359.01,359.43,11.96,9.78,0.8
江苏华辰,sh603097,29.42,32.69,29.42,3681100.0,0.0,0,29.42,1283200,-10.0,30.27,29.42,3681100,108930000.0,2.3,2.6,47.08,48.59,35.96,29.42,1.0
振华科技,sz000733,46.82,46.8,46.9,7868900.0,46.81,9900,46.82,24700,0.04,47.4,46.58,7868900,369300000.0,1.42,1.75,259.43,259.46,51.48,42.12,0.97
六九一二,sz301592,133.5,126.8,126.11,3051700.0,133.5,2100,133.52,3200,5.28,136.53,126.11,3051700,404310000.0,13.06,8.22,31.18,93.45,152.16,101.44,2.27
科泰电源,sz300153,27.34,27.75,27.11,11967400.0,27.34,46600,27.35,10700,-1.48,27.61,26.85,11967400,326180000.0,3.76,2.74,87.03,87.49,33.3,22.2,0.67
美迪西,sh688202,69.3,67.87,67.01,396405900.0,69.28,700,69.3,2100,2.11,71.37,67.01,396405900,275910000.0,2.95,6.42,93.11,93.11,81.44,54.3,1.19
紫金矿业,sh601899,34.31,34.4,34.02,257793400.0,34.3,341000,34.31,57600,-0.26,34.42,33.53,257793400,8744200000.0,1.25,2.59,7068.48,9123.27,37.84,30.96,0.87
中农立华,sh603970,12.72,12.65,12.76,3687700.0,12.72,2200,12.73,3200,0.55,12.79,12.53,3687700,46760000.0,1.37,2.06,34.19,34.19,13.92,11.39,2.37
聚石化学,sh688669,27.53,27.46,27.3,169897900.0,27.53,400,27.55,3000,0.25,27.78,27.0,169897900,46620000.0,1.4,2.84,33.4,33.4,32.95,21.97,0.48
沃特股份,sz002886,22.14,22.6,22.45,6776900.0,22.14,13700,22.15,12400,-2.04,22.62,21.91,6776900,150190000.0,3.24,3.14,46.29,58.27,24.86,20.34,0.95
国信证券,sz002736,11.0,11.14,11.13,34655800.0,11.0,279800,11.01,55900,-1.26,11.15,10.99,34655800,382090000.0,0.36,1.44,1057.37,1126.59,12.25,10.03,0.68
皖天然气,sh603689,8.16,8.19,8.14,3637800.0,8.14,25300,8.16,31400,-0.37,8.18,8.11,3637800,29610000.0,0.69,0.85,42.71,42.91,9.01,7.37,0.96
博亚精工,sz300971,24.06,23.65,23.81,7418800.0,24.05,2800,24.06,13400,1.73,24.18,23.46,7418800,177250000.0,8.04,3.04,22.2,28.29,28.38,18.92,1.36
科隆股份,sz300405,6.0,5.86,5.83,7991400.0,6.0,10500,6.02,1100,2.39,6.06,5.78,7991400,47460000.0,3.65,4.78,13.13,17.06,7.03,4.69,1.24
红星发展,sh600367,22.67,22.46,22.56,32612000.0,22.66,21800,22.67,75400,0.93,23.27,22.38,32612000,745300000.0,10.13,3.96,72.99,77.33,24.71,20.21,0.77
ST通葡,sh600365,3.1,3.08,3.07,3035000.0,3.09,94200,3.1,491400,0.65,3.1,3.07,3035000,9360000.0,0.71,0.97,13.25,14.07,3.23,2.93,0.58
华融化学,sz301256,14.01,14.11,13.95,12510400.0,14.0,17100,14.01,18300,-0.71,14.33,13.82,12510400,176000000.0,2.61,3.61,67.25,67.25,16.93,11.29,0.84
安徽凤凰,bj920000,15.8,16.32,16.68,544000.0,15.78,200,15.8,325200,-3.19,16.68,15.8,544000,8725300.0,0.94,5.39,9.1,14.49,21.21,11.43,0.58
金龙羽,sz002882,27.93,27.81,27.6,4995500.0,27.93,20500,27.94,11100,0.43,28.26,27.52,4995500,139500000.0,2.02,2.66,68.93,120.91,30.59,25.03,0.42
双箭股份,sz002381,6.51,6.39,6.4,6774000.0,6.51,12600,6.52,27200,1.88,6.55,6.36,6774000,43770000.0,2.11,2.97,20.86,26.79,7.03,5.75,1.42
南京高科,sh600064,7.99,8.16,8.12,25368400.0,7.99,37700,8.0,6800,-2.08,8.14,7.96,25368400,203560000.0,1.47,2.21,138.25,138.25,8.98,7.34,1.19
太阳纸业,sz002078,14.56,14.58,14.51,18256700.0,14.56,25400,14.57,57800,-0.14,14.61,14.29,18256700,264140000.0,0.66,2.19,404.38,406.88,16.04,13.12,1.0
嘉化能源,sh600273,8.86,8.98,8.96,16107700.0,8.86,29300,8.87,12700,-1.34,9.03,8.84,16107700,143740000.0,1.23,2.12,116.18,116.18,9.88,8.08,1.12
雅克科技,sz002409,89.1,89.13,89.33,10078900.0,89.1,11100,89.11,1000,-0.03,91.0,88.66,10078900,902340000.0,3.16,2.63,283.8,424.05,98.04,80.22,0.89
凯赛生物,sh688065,47.42,49.17,49.0,670849400.0,47.41,11200,47.42,3900,-3.56,49.8,46.96,670849400,321200000.0,1.15,5.78,276.64,342.04,59.0,39.34,1.46
日科化学,sz300214,7.92,7.82,7.8,12002800.0,7.91,15000,7.92,49100,1.28,8.02,7.74,12002800,95100000.0,2.58,3.58,36.82,36.82,9.38,6.26,0.85
三力制药,sh603439,10.92,10.86,10.85,1613300.0,10.91,6600,10.93,4000,0.55,10.95,10.8,1613300,17540000.0,0.4,1.38,44.1,44.66,11.95,9.77,0.85
指南针,sz300803,96.06,98.17,98.63,13337300.0,96.05,13600,96.06,3300,-2.15,98.68,95.5,13337300,1284570000.0,2.2,3.24,581.49,585.77,117.8,78.54,0.79
财通证券,sh601108,8.3,8.24,8.22,34968700.0,8.29,154000,8.3,31000,0.73,8.34,8.2,34968700,289050000.0,0.75,1.7,385.43,385.43,9.06,7.42,1.2
天士力,sh600535,14.62,14.15,14.13,21500400.0,14.61,15200,14.62,78100,3.32,14.64,14.12,21500400,311230000.0,1.44,3.67,218.42,218.42,15.57,12.74,3.5
容大感光,sz300576,37.31,37.88,37.62,11128100.0,37.31,9700,37.32,1200,-1.5,38.75,37.3,11128100,422460000.0,4.78,3.83,86.8,136.69,45.46,30.3,0.93
芯联集成-U,sh688469,6.67,6.66,6.64,9788119800.0,6.67,452700,6.68,150200,0.15,6.78,6.59,9788119800,655220000.0,2.21,2.85,295.47,559.13,7.99,5.33,0.94
壹石通,sh688733,28.88,28.46,28.3,429496600.0,28.88,15000,28.89,4800,1.48,29.46,28.3,429496600,124130000.0,2.15,4.08,57.7,57.7,34.15,22.77,1.07
汇创达,sz300909,43.87,43.91,43.7,1997700.0,43.81,3000,43.87,3900,-0.09,44.55,43.3,1997700,87670000.0,1.63,2.85,53.61,75.88,52.69,35.13,0.53
极米科技,sh688696,90.09,89.84,89.61,36710500.0,90.02,600,90.09,5900,0.28,90.38,88.51,36710500,32880000.0,0.52,2.08,63.08,63.08,107.81,71.87,0.45
浙能电力,sh600023,5.8,5.8,5.79,63640200.0,5.79,255500,5.8,41400,0.0,5.87,5.75,63640200,370020000.0,0.47,2.07,777.71,777.71,6.38,5.22,0.97
崇达技术,sz002815,15.18,15.45,15.32,25601700.0,15.17,128400,15.18,12600,-1.75,15.51,15.03,25601700,389290000.0,3.29,3.11,117.97,187.34,17.0,13.91,0.75
蕾奥规划,sz300989,14.7,15.05,15.06,3525900.0,14.68,2900,14.7,14900,-2.33,15.06,14.56,3525900,51910000.0,2.34,3.32,22.14,31.01,18.06,12.04,0.98
首创证券,sh601136,16.02,16.23,16.23,7023200.0,16.01,84600,16.02,42300,-1.29,16.27,16.01,7023200,112840000.0,0.26,1.6,437.88,437.88,17.85,14.61,0.89
吉贝尔,sh688566,28.84,29.52,29.4,253852300.0,28.83,1000,28.84,200,-2.3,29.52,28.82,253852300,73780000.0,1.27,2.37,57.52,57.52,35.42,23.62,0.81
鲁西化工,sz000830,17.02,16.16,16.08,64202000.0,17.01,45500,17.02,154400,5.32,17.04,16.01,64202000,1070200000.0,3.37,6.37,324.09,324.12,17.78,14.54,1.72
京沪高铁,sh601816,4.91,4.92,4.92,95497400.0,4.9,5844600,4.91,205400,-0.2,4.93,4.89,95497400,468580000.0,0.2,0.81,2402.25,2402.25,5.41,4.43,0.8
中国建筑,sh601668,4.84,4.85,4.84,137342300.0,4.84,2707500,4.85,10609500,-0.21,4.85,4.82,137342300,664300000.0,0.33,0.62,1999.91,1999.91,5.34,4.37,0.54
国联股份,sh603613,28.95,27.73,27.71,22627400.0,28.95,34700,28.96,50800,4.4,29.65,27.57,22627400,654280000.0,3.14,7.5,208.6,208.6,30.5,24.96,1.82
路维光电,sh688401,65.0,63.3,62.5,1310846100.0,65.0,9400,65.01,1500,2.69,67.51,62.3,1310846100,857540000.0,6.78,8.23,125.68,125.68,75.96,50.64,1.31
中国国贸,sh600007,21.53,21.73,21.9,1831300.0,21.52,1500,21.53,3400,-0.92,21.9,21.47,1831300,39550000.0,0.18,1.98,216.87,216.87,23.9,19.56,0.82
顺钠股份,sz000533,13.29,14.45,13.55,113474500.0,13.28,231500,13.29,40500,-8.03,13.81,13.01,113474500,1517480000.0,16.57,5.54,91.02,91.81,15.9,13.01,0.98
威迈斯,sh688612,33.37,32.29,32.4,968035000.0,33.36,11400,33.37,5700,3.34,33.57,32.13,968035000,319720000.0,3.83,4.46,84.28,139.88,38.75,25.83,1.29
国安达,sz300902,18.34,18.15,18.15,3127900.0,18.33,4900,18.34,1700,1.05,18.56,18.02,3127900,57340000.0,2.58,2.98,22.24,33.34,21.78,14.52,0.55
亿田智能,sz300911,31.15,31.82,31.52,6506800.0,31.15,22800,31.16,200,-2.11,32.37,30.82,6506800,205030000.0,3.8,4.87,53.37,57.11,38.18,25.46,0.78
仙鹤股份,sh603733,22.07,22.6,22.51,2294300.0,22.06,14600,22.07,2400,-2.35,22.67,22.06,2294300,51190000.0,0.32,2.7,156.19,156.19,24.86,20.34,0.77
*ST京化,sh600889,15.75,15.9,15.36,11298800.0,15.74,7000,15.75,17700,-0.94,16.5,15.36,11298800,177550000.0,3.08,7.17,57.7,87.89,16.7,15.11,2.38
好利科技,sz002729,18.32,18.68,18.68,9253800.0,18.32,19200,18.33,18900,-1.93,18.69,18.0,9253800,168750000.0,5.27,3.69,32.14,33.52,20.55,16.81,0.86
世华科技,sh688093,31.37,31.94,31.77,239684800.0,31.36,8200,31.37,5700,-1.78,32.22,31.3,239684800,75530000.0,0.85,2.88,87.96,87.96,38.33,25.55,0.62
大博医疗,sz002901,42.02,43.86,43.89,2608500.0,42.01,7000,42.02,2000,-4.2,43.89,41.81,2608500,110220000.0,0.9,4.74,121.21,173.97,48.25,39.47,1.75
沪电股份,sz002463,102.38,106.62,105.98,93224500.0,102.38,163900,102.39,7800,-3.98,107.84,99.82,93224500,9597030000.0,4.85,7.52,1968.57,1970.16,117.28,95.96,1.12
招商轮船,sh601872,17.43,17.52,17.44,142876800.0,17.43,12700,17.44,6000,-0.51,17.6,16.9,142876800,2466350000.0,1.77,4.0,1407.39,1407.39,19.27,15.77,0.86
建发致新,sz301584,26.65,27.12,26.93,3119800.0,26.63,600,26.65,5100,-1.73,26.95,26.4,3119800,83060000.0,5.81,2.03,14.31,112.27,32.54,21.7,0.97
联合化学,sz301209,92.74,94.79,96.0,1107000.0,92.74,3700,92.75,1800,-2.16,96.0,92.5,1107000,103560000.0,2.03,3.69,50.45,103.87,113.75,75.83,0.75
光力科技,sz300480,34.55,33.38,34.35,32626500.0,34.55,23300,34.56,41100,3.51,36.37,34.0,32626500,1143550000.0,12.08,7.1,93.34,127.91,40.06,26.7,2.37
恒烁股份,sh688416,95.3,103.8,100.83,1086163800.0,95.3,7600,95.33,2500,-8.19,104.29,91.92,1086163800,1044050000.0,13.09,11.92,79.1,79.1,124.56,83.04,1.62
美丽生态,sz000010,3.62,3.7,3.68,21360500.0,3.61,445600,3.62,245600,-2.16,3.69,3.59,21360500,77250000.0,2.46,2.7,31.43,41.62,4.07,3.33,0.46
藏格矿业,sz000408,90.25,87.29,87.0,15294600.0,90.24,600,90.25,11700,3.39,90.77,86.81,15294600,1357250000.0,0.97,4.54,1417.11,1417.13,96.02,78.56,1.05
西藏天路,sh600326,9.19,9.16,9.15,27526900.0,9.19,19300,9.2,115000,0.33,9.38,9.1,27526900,252830000.0,2.02,3.06,125.21,125.21,10.08,8.24,1.67
恒勃股份,sz301225,104.49,110.2,109.15,1844500.0,104.49,1100,104.5,1800,-5.18,111.0,104.19,1844500,197030000.0,6.17,6.18,31.22,108.02,132.24,88.16,0.95
宏润建设,sz002062,8.92,9.23,9.32,29256900.0,8.91,142400,8.92,57200,-3.36,9.32,8.89,29256900,263570000.0,2.6,4.66,100.32,110.36,10.15,8.31,0.46
鲁抗医药,sh600789,8.12,8.19,8.17,7100800.0,8.12,126600,8.13,34200,-0.85,8.19,8.1,7100800,57750000.0,0.79,1.1,72.97,84.87,9.01,7.37,0.85
物产中大,sh600704,5.22,5.19,5.19,41935800.0,5.22,535000,5.23,842700,0.58,5.23,5.15,41935800,217790000.0,0.81,1.54,269.94,269.94,5.71,4.67,1.19
日月股份,sh603218,14.45,14.56,14.43,10656700.0,14.45,4100,14.46,12400,-0.76,14.76,14.43,10656700,155340000.0,1.04,2.27,148.55,148.88,16.02,13.1,0.87
豪江智能,sz301320,17.03,17.03,16.94,1817200.0,17.0,5100,17.06,100,0.0,17.25,16.73,1817200,30890000.0,2.66,3.05,11.62,31.0,20.44,13.62,1.26
顺博合金,sz002996,7.46,7.21,7.19,19148600.0,7.45,14800,7.47,120800,3.47,7.58,7.16,19148600,141540000.0,4.6,5.83,31.06,49.94,7.93,6.49,2.55
明星电力,sh600101,9.66,9.97,9.87,22789700.0,9.66,127700,9.67,30900,-3.11,9.92,9.64,22789700,222450000.0,4.16,2.81,52.92,52.92,10.97,8.97,0.78
交通银行,sh601328,6.98,6.99,7.0,93807800.0,6.98,161400,6.99,133400,-0.14,7.01,6.94,93807800,654730000.0,0.36,1.0,1819.86,6167.79,7.69,6.29,0.8
青云科技-U,sh688316,76.37,76.85,76.22,550190700.0,76.36,400,76.37,1900,-0.62,78.83,73.16,550190700,419450000.0,11.49,7.38,36.58,36.58,92.22,61.48,1.29
世运电路,sh603920,55.26,58.74,57.9,42854300.0,55.25,19000,55.26,37700,-5.92,58.19,55.03,42854300,2403450000.0,5.95,5.38,398.2,398.2,64.61,52.87,0.66
醋化股份,sh603968,11.76,11.65,11.57,4337000.0,11.76,10400,11.77,32100,0.94,11.8,11.45,4337000,50510000.0,2.12,3.0,24.05,24.05,12.82,10.49,1.17
海泰新光,sh688677,98.97,100.52,96.66,1041971500.0,98.97,1100,99.0,1500,-1.54,101.0,96.47,1041971500,1032790000.0,8.69,4.51,118.64,118.64,120.62,80.42,1.05
国际实业,sz000159,6.69,6.7,6.61,21839100.0,6.69,17600,6.7,102000,-0.15,6.8,6.54,21839100,145490000.0,4.54,3.88,32.16,32.16,7.37,6.03,1.0
海星股份,sh603115,58.51,58.55,56.73,17520500.0,58.51,2200,58.52,5300,-0.07,61.88,56.73,17520500,1033800000.0,7.24,8.8,141.53,141.53,64.41,52.7,1.61
金岭矿业,sz000655,8.33,8.34,8.33,6723400.0,8.32,14300,8.33,4000,-0.12,8.38,8.2,6723400,55690000.0,1.13,2.16,49.59,49.59,9.17,7.51,0.89
欣贺股份,sz003016,8.15,8.04,8.03,3559000.0,8.14,1100,8.15,16400,1.37,8.2,7.96,3559000,28820000.0,0.87,2.99,33.49,34.27,8.84,7.24,0.99
燕麦科技,sh688312,68.75,67.15,66.68,1044322400.0,68.73,200,68.75,5300,2.38,73.78,66.68,1044322400,728840000.0,7.16,10.57,100.22,100.22,80.58,53.72,1.15
南京银行,sh601009,11.74,11.79,11.79,40456900.0,11.73,67900,11.74,18400,-0.42,11.85,11.71,40456900,476540000.0,0.33,1.19,1451.48,1451.48,12.97,10.61,0.86
金风科技,sz002202,25.48,25.7,25.66,158215600.0,25.47,165600,25.48,825000,-0.86,26.2,25.25,158215600,4069680000.0,4.7,3.7,857.02,1076.22,28.27,23.13,0.83
*ST天择,sh603721,22.04,21.79,21.69,2116500.0,22.04,600,22.05,18000,1.15,22.1,21.27,2116500,45990000.0,1.63,3.81,28.65,28.65,22.88,20.7,0.73
南京聚隆,sz300644,29.6,29.59,29.42,2304300.0,29.59,14400,29.6,12400,0.03,29.86,29.11,2304300,67890000.0,2.6,2.53,26.22,32.75,35.51,23.67,0.9
力生制药,sz002393,21.4,22.56,21.9,6961400.0,21.39,11500,21.4,12900,-5.14,21.9,21.0,6961400,148170000.0,2.78,3.99,53.56,55.12,24.82,20.3,1.72
欧圣电气,sz301187,20.04,20.39,20.38,1903200.0,20.03,1000,20.04,1400,-1.72,20.48,20.02,1903200,38500000.0,0.75,2.26,51.09,51.09,24.47,16.31,0.91
农业银行,sh601288,7.04,7.03,7.03,196100400.0,7.04,424100,7.05,942700,0.14,7.06,6.98,196100400,1378480000.0,0.06,1.14,22474.79,24638.81,7.73,6.33,0.67
天安新材,sh603725,9.89,9.67,9.6,9382800.0,9.88,21400,9.89,22400,2.28,10.05,9.53,9382800,92620000.0,3.27,5.38,28.35,30.15,10.64,8.7,1.06
第一医药,sh600833,11.43,11.43,11.41,2490400.0,11.42,7200,11.43,3900,0.0,11.45,11.24,2490400,28290000.0,1.12,1.84,25.5,25.5,12.57,10.29,0.93
*ST宝实,sz000595,6.71,6.56,6.52,16467200.0,6.7,136100,6.71,60000,2.29,6.77,6.52,16467200,109260000.0,1.45,3.81,76.4,76.4,6.89,6.23,0.83
中信证券,sh600030,26.23,26.48,26.37,104235600.0,26.23,45900,26.24,112800,-0.94,26.38,26.05,104235600,2725660000.0,0.86,1.25,3193.91,3887.43,29.13,23.83,0.87
科华数据,sz002335,64.64,67.53,66.69,32167100.0,64.63,45600,64.64,17700,-4.28,67.44,63.9,32167100,2087970000.0,7.07,5.24,293.9,333.16,74.28,60.78,0.85
三柏硕,sz001300,17.66,17.18,17.16,7033800.0,17.66,17900,17.68,6500,2.79,18.45,17.02,7033800,125530000.0,2.89,8.32,43.05,43.05,18.9,15.46,1.12
通宝能源,sh600780,6.97,7.28,7.25,45413400.0,6.96,269800,6.97,107100,-4.26,7.25,6.96,45413400,320260000.0,3.96,3.98,79.91,79.91,8.01,6.55,1.09
海油发展,sh600968,4.22,4.27,4.27,62023900.0,4.22,375900,4.23,259400,-1.17,4.29,4.18,62023900,261880000.0,0.61,2.58,428.97,428.97,4.7,3.84,1.24
柳化股份,sh600423,2.95,2.81,2.77,72232900.0,2.94,87400,2.95,472400,4.98,2.97,2.75,72232900,207280000.0,9.04,7.83,23.56,23.56,3.09,2.53,1.56
中国化学,sh601117,8.52,8.58,8.53,117823500.0,8.52,319500,8.53,601800,-0.7,8.66,8.45,117823500,1007830000.0,1.94,2.45,517.13,520.29,9.44,7.72,1.47
升达林业,sz002259,5.13,5.7,5.64,78187800.0,5.13,7100,5.14,162300,-10.0,5.68,5.13,78187800,408280000.0,10.39,9.65,38.59,38.59,6.27,5.13,1.42
药石科技,sz300725,38.17,38.46,38.12,7369000.0,38.15,300,38.17,13200,-0.75,38.77,37.8,7369000,281820000.0,3.64,2.52,77.38,89.24,46.15,30.77,0.98
润泽科技,sz300442,92.95,95.87,94.78,60354900.0,92.95,3600,92.96,14500,-3.05,95.15,90.0,60354900,5556860000.0,3.7,5.37,1514.92,1519.12,115.04,76.7,1.01
佰奥智能,sz300836,56.87,61.59,59.0,3737000.0,56.86,900,56.88,2700,-7.66,60.53,56.61,3737000,216170000.0,5.89,6.36,36.09,52.71,73.91,49.27,2.29
伊之密,sz300415,23.91,23.88,23.9,6536500.0,23.9,22300,23.91,5900,0.13,24.54,23.76,6536500,157060000.0,1.44,3.27,108.33,112.03,28.66,19.1,0.53
同和药业,sz300636,7.8,7.86,7.83,5762200.0,7.79,5700,7.8,2000,-0.76,7.84,7.68,5762200,44710000.0,1.57,2.04,28.65,32.76,9.43,6.29,1.01
概伦电子,sh688206,33.31,33.45,33.41,264789800.0,33.26,3900,33.31,45300,-0.42,33.8,32.93,264789800,88340000.0,0.61,2.6,144.96,144.96,40.14,26.76,0.69
海南华铁,sh603300,6.89,7.05,7.0,60506400.0,6.88,696100,6.89,13600,-2.27,7.06,6.84,60506400,418100000.0,3.03,3.12,137.43,137.43,7.76,6.35,0.88
三旺通信,sh688618,39.8,39.54,39.54,336996900.0,39.79,800,39.8,4100,0.66,40.0,38.42,336996900,132600000.0,3.06,4.0,43.8,43.85,47.45,31.63,0.7
雷迪克,sz300652,41.77,42.33,41.89,1153700.0,41.77,5300,41.78,1000,-1.32,42.33,41.58,1153700,48230000.0,0.96,1.77,50.01,55.72,50.8,33.86,0.66
五洲特纸,sh605007,15.51,16.05,15.91,8343600.0,15.5,18100,15.51,17000,-3.36,16.18,15.46,8343600,131280000.0,2.08,4.49,62.28,73.79,17.66,14.45,0.76
泰恩康,sz301263,28.53,28.77,28.71,3191600.0,28.5,2300,28.53,600,-0.83,28.83,28.32,3191600,91130000.0,1.05,1.77,86.61,121.39,34.52,23.02,0.76
大西洋,sh600558,5.29,5.28,5.28,11637300.0,5.29,28300,5.3,109000,0.19,5.33,5.2,11637300,61180000.0,1.3,2.46,47.48,47.48,5.81,4.75,0.81
上海电力,sh600021,17.54,17.88,17.75,34296500.0,17.53,66000,17.54,85900,-1.9,17.77,17.45,34296500,602720000.0,1.22,1.79,494.84,494.84,19.67,16.09,0.96
工商银行,sh601398,7.58,7.58,7.58,204753400.0,7.57,2152000,7.58,348000,0.0,7.61,7.5,204753400,1550380000.0,0.08,1.45,20436.61,27015.59,8.34,6.82,0.93
金花股份,sh600080,7.97,7.93,7.9,6569300.0,7.96,5800,7.97,82400,0.5,8.0,7.68,6569300,51730000.0,1.76,4.04,29.75,29.75,8.72,7.14,0.95
满坤科技,sz301132,38.86,40.72,40.32,5702300.0,38.86,100,38.89,4700,-4.57,41.01,38.59,5702300,224950000.0,6.02,5.94,36.81,57.55,48.86,32.58,0.88
海兴电力,sh603556,29.48,30.2,30.12,5217000.0,29.48,9400,29.51,22200,-2.38,30.21,29.41,5217000,154920000.0,1.07,2.65,143.35,143.35,33.22,27.18,0.59
北方稀土,sh600111,47.24,47.16,47.0,68970600.0,47.24,104800,47.25,132300,0.17,47.46,46.42,68970600,3234120000.0,1.91,2.21,1707.76,1707.76,51.88,42.44,0.6
中熔电气,sz301031,142.82,148.82,148.0,2866600.0,142.82,0,142.9,100,-4.03,149.42,140.6,2866600,413510000.0,3.71,5.93,110.26,140.42,178.58,119.06,1.27
银星能源,sz000862,6.62,7.03,6.9,64747800.0,6.61,193700,6.62,166300,-5.83,6.94,6.6,64747800,437030000.0,10.31,4.84,41.57,60.77,7.73,6.33,1.12
华鲁恒升,sh600426,37.62,36.33,36.48,31073700.0,37.62,54700,37.63,19900,3.55,38.5,36.42,31073700,1168010000.0,1.46,5.73,798.64,798.74,39.96,32.7,1.2
*ST波导,sh600130,4.78,4.61,4.62,28825200.0,4.77,402900,4.78,204300,3.69,4.8,4.59,28825200,136070000.0,3.84,4.56,35.85,35.85,4.84,4.38,2.0
新农股份,sz002942,19.49,19.16,19.0,1956300.0,19.46,2600,19.49,2300,1.72,19.53,18.92,1956300,37690000.0,1.42,3.18,26.92,30.38,21.08,17.24,1.05
天山电子,sz301379,26.08,25.6,25.45,5423900.0,26.08,300,26.09,1200,1.88,26.38,25.16,5423900,140430000.0,4.26,4.77,33.17,51.7,30.72,20.48,0.82
惠柏新材,sz301555,35.65,36.11,36.21,1816700.0,35.65,8800,35.66,11900,-1.27,36.31,35.2,1816700,64850000.0,3.76,3.07,17.24,32.89,43.33,28.89,0.74
久盛电气,sz301082,12.85,12.9,12.84,5515200.0,12.85,55000,12.86,2700,-0.39,12.94,12.63,5515200,70530000.0,2.02,2.4,35.04,37.8,15.48,10.32,0.76
长城证券,sz002939,8.87,8.95,8.93,12437000.0,8.86,93800,8.87,54800,-0.89,8.94,8.82,12437000,110270000.0,0.35,1.34,319.56,357.85,9.85,8.06,0.8
佰仁医疗,sh688198,101.21,103.82,104.8,69970900.0,101.2,200,101.21,500,-2.51,104.8,100.8,69970900,71420000.0,0.51,3.85,139.41,139.41,124.58,83.06,0.84
锦盛新材,sz300849,21.31,21.21,21.11,2728400.0,21.31,7000,21.32,43900,0.47,21.78,20.92,2728400,58010000.0,2.25,4.05,25.88,31.96,25.45,16.97,0.85
佛燃能源,sz002911,13.38,13.76,13.57,9490900.0,13.37,45500,13.38,6100,-2.76,13.76,13.3,9490900,127520000.0,0.75,3.34,169.53,173.7,15.14,12.38,1.46
三七互娱,sz002555,20.66,21.3,21.21,62015500.0,20.66,193100,20.67,59000,-3.0,21.21,20.32,62015500,1280620000.0,3.91,4.18,327.95,457.05,23.43,19.17,1.32
莱特光电,sh688150,55.15,53.35,53.0,1840679700.0,55.1,5600,55.15,2800,3.37,55.39,50.88,1840679700,972140000.0,4.57,8.45,221.94,221.94,64.02,42.68,1.49
特变电工,sh600089,26.96,27.68,27.5,139784900.0,26.95,364200,26.96,78700,-2.6,27.51,26.86,139784900,3782690000.0,2.77,2.35,1362.23,1362.23,30.45,24.91,0.87
荣昌生物,sh688331,133.03,134.9,134.99,648630100.0,133.02,200,133.03,10600,-1.39,135.56,130.39,648630100,863230000.0,3.98,3.83,216.96,750.92,161.88,107.92,0.76
新兴铸管,sz000778,4.55,4.61,4.58,47556000.0,4.54,279600,4.55,27800,-1.3,4.59,4.52,47556000,216380000.0,1.22,1.52,177.16,180.32,5.07,4.15,0.56
德冠新材,sz001378,25.14,25.05,25.0,1392500.0,25.12,11300,25.14,400,0.36,25.17,24.76,1392500,34740000.0,2.16,1.64,16.22,33.52,27.56,22.55,0.68
梦天家居,sh603216,29.42,29.61,29.43,3349400.0,29.41,2500,29.42,4100,-0.64,29.68,28.83,3349400,97850000.0,1.5,2.87,65.52,65.52,32.57,26.65,0.68
三达膜,sh688101,17.93,16.24,16.26,1037980600.0,17.92,1500,17.93,6300,10.41,18.58,16.11,1037980600,182750000.0,3.13,15.21,59.53,59.53,19.49,12.99,5.28
隆华科技,sz300263,10.15,10.46,10.46,44483200.0,10.14,27700,10.15,30800,-2.96,10.48,10.0,44483200,453780000.0,4.56,4.59,99.02,105.05,12.55,8.37,0.88
中国交建,sh601800,7.12,7.2,7.19,27064100.0,7.12,48900,7.13,384000,-1.11,7.19,7.11,27064100,192880000.0,0.23,1.11,839.0,1158.75,7.92,6.48,0.84
凯恩股份,sz002012,6.99,7.08,7.02,13148400.0,6.98,19300,6.99,99400,-1.27,7.12,6.87,13148400,91740000.0,2.81,3.53,32.69,32.69,7.79,6.37,0.88
拓尔思,sz300229,18.34,18.17,18.09,39249900.0,18.33,34900,18.34,82900,0.94,18.9,17.6,39249900,715790000.0,4.5,7.15,160.11,160.22,21.8,14.54,1.58
宿迁联盛,sh603065,8.13,8.02,8.03,3474400.0,8.13,85700,8.14,42000,1.37,8.17,7.99,3474400,28070000.0,0.83,2.24,34.06,34.06,8.82,7.22,1.06
汇川技术,sz300124,64.75,65.34,65.02,34526400.0,64.75,7100,64.76,5700,-0.9,65.29,63.63,34526400,2218960000.0,1.44,2.54,1553.07,1752.93,78.41,52.27,1.08
国元证券,sz000728,7.32,7.36,7.34,20713400.0,7.31,122800,7.32,87200,-0.54,7.36,7.28,20713400,151520000.0,0.47,1.09,319.43,319.43,8.1,6.62,0.58
奇德新材,sz300995,35.44,35.48,34.77,1457400.0,35.43,5900,35.44,600,-0.11,36.0,34.45,1457400,51230000.0,2.43,4.37,21.28,29.82,42.58,28.38,1.0
衢州东峰,sh601515,4.6,4.54,4.52,34503300.0,4.59,44700,4.6,51100,1.32,4.63,4.43,34503300,156280000.0,1.79,4.41,88.53,88.53,4.99,4.09,0.87
瑞华技术,bj920099,32.36,33.4,33.32,906600.0,32.34,100,32.36,0,-3.11,33.69,32.33,906600,29939200.0,1.87,4.07,15.69,25.37,43.42,23.38,0.7
怡合达,sz301029,26.52,27.46,27.38,18329800.0,26.51,4400,26.52,14800,-3.42,27.45,26.31,18329800,487550000.0,3.97,4.15,122.49,168.19,32.95,21.97,1.93
中船防务,sh600685,31.23,32.24,31.8,28231600.0,31.22,27300,31.23,8900,-3.13,31.91,31.11,28231600,885940000.0,3.44,2.48,256.53,441.44,35.46,29.02,1.16
三棵树,sh603737,43.6,43.66,43.39,7588900.0,43.6,2700,43.61,1300,-0.14,44.0,42.56,7588900,328870000.0,1.03,3.3,321.69,321.69,48.03,39.29,1.19
福赛科技,sz301529,118.45,119.21,120.73,3973700.0,118.44,100,118.45,3300,-0.64,125.66,116.7,3973700,483330000.0,8.78,7.52,53.59,100.49,143.05,95.37,1.09
新巨丰,sz301296,7.81,7.81,7.77,3044500.0,7.81,1100,7.82,700,0.0,7.85,7.73,3044500,23760000.0,0.71,1.54,33.36,33.36,9.37,6.25,1.58
诺力股份,sh603611,20.68,20.61,20.59,2874800.0,20.68,7700,20.69,500,0.34,20.85,20.29,2874800,59040000.0,1.12,2.72,53.27,53.27,22.67,18.55,1.24
华大九天,sz301269,87.15,86.78,86.41,5064600.0,87.15,100,87.16,700,0.43,88.33,85.59,5064600,440520000.0,0.93,3.16,475.35,475.35,104.14,69.42,0.97
中原高速,sh600020,3.75,3.81,3.78,17958600.0,3.75,426300,3.76,28500,-1.57,3.79,3.73,17958600,67480000.0,0.8,1.57,84.28,84.28,4.19,3.43,1.58
创新新材,sh600361,4.49,4.51,4.49,45213300.0,4.49,98900,4.5,121700,-0.44,4.57,4.45,45213300,203640000.0,1.21,2.66,167.6,167.6,4.96,4.06,0.63
铁龙物流,sh600125,6.07,6.11,6.11,15730400.0,6.07,214400,6.08,34200,-0.65,6.15,6.05,15730400,95920000.0,1.2,1.64,79.25,79.25,6.72,5.5,0.7
中兵红箭,sz000519,17.45,17.65,17.78,20385600.0,17.45,71000,17.46,92700,-1.13,17.96,17.42,20385600,357900000.0,1.46,3.06,243.0,243.0,19.42,15.89,1.01
溢多利,sz300381,6.19,6.11,6.1,7050900.0,6.19,12600,6.2,32400,1.31,6.23,6.05,7050900,43290000.0,1.44,2.95,30.29,30.4,7.33,4.89,1.1
天宇股份,sz300702,21.05,21.95,21.4,5408500.0,21.04,900,21.05,4400,-4.1,21.5,20.75,5408500,113600000.0,2.57,3.42,44.29,73.25,26.34,17.56,2.31
宏发股份,sh600885,28.7,28.92,28.92,22998100.0,28.7,22400,28.71,2000,-0.76,29.15,28.35,22998100,660390000.0,1.49,2.77,444.16,444.16,31.81,26.03,1.06
上海电影,sh601595,24.51,25.01,24.73,4830300.0,24.51,7600,24.53,2200,-2.0,25.03,24.15,4830300,118260000.0,1.08,3.52,109.85,109.85,27.51,22.51,0.94
新亚强,sh603155,16.52,16.32,16.25,4347100.0,16.51,18800,16.52,11400,1.23,16.66,16.25,4347100,71770000.0,1.38,2.51,52.17,52.17,17.95,14.69,0.98
龙源电力,sz001289,16.67,16.36,16.22,18801200.0,16.67,68100,16.68,39600,1.89,17.25,16.1,18801200,314390000.0,0.37,7.03,840.49,1393.58,18.0,14.72,1.76
中科三环,sz000970,11.89,11.99,11.98,14824500.0,11.88,40500,11.89,29200,-0.83,12.03,11.78,14824500,175810000.0,1.22,2.09,144.55,144.55,13.19,10.79,0.81
天融信,sz002212,7.8,7.77,7.84,53102100.0,7.79,110800,7.8,256100,0.39,7.98,7.77,53102100,417350000.0,4.55,2.7,91.01,92.0,8.55,6.99,2.05
三美股份,sh603379,63.61,61.09,61.0,9392000.0,63.61,43900,63.62,300,4.13,64.0,60.81,9392000,586590000.0,1.54,5.22,388.33,388.33,67.2,54.98,1.31
诺思兰德,bj920047,27.22,26.94,26.7,4429900.0,27.22,49300,27.23,200,1.04,27.83,26.7,4429900,120382000.0,2.46,4.19,49.02,74.66,35.02,18.86,0.55
飞南资源,sz301500,25.27,25.3,25.07,18352000.0,25.27,32000,25.28,1700,-0.12,25.83,25.01,18352000,466990000.0,12.74,3.24,36.4,142.01,30.36,20.24,1.4
科瑞思,sz301314,50.95,50.66,51.0,1735000.0,50.93,100,50.95,700,0.57,51.38,49.18,1735000,87730000.0,9.5,4.34,9.3,28.15,60.79,40.53,0.91
中钢国际,sz000928,6.72,6.83,6.76,30412200.0,6.72,2000,6.73,84100,-1.61,6.8,6.66,30412200,204490000.0,2.12,2.05,96.41,96.41,7.51,6.15,0.69
南极光,sz300940,22.58,22.86,22.81,4121500.0,22.58,2300,22.6,2000,-1.22,23.08,22.37,4121500,93100000.0,2.62,3.11,35.56,50.27,27.43,18.29,0.81
惠城环保,sz300779,71.16,86.66,86.0,20093300.0,71.15,1200,71.16,800,-17.89,86.9,70.04,20093300,1526240000.0,12.49,19.46,114.51,150.39,103.99,69.33,4.31
深圳能源,sz000027,6.93,7.07,7.03,49539400.0,6.93,591700,6.94,298900,-1.98,7.1,6.91,49539400,346680000.0,1.04,2.69,329.69,329.69,7.78,6.36,1.06
超频三,sz300647,6.6,6.68,6.65,12921200.0,6.59,38100,6.6,31400,-1.2,6.69,6.49,12921200,85050000.0,2.83,2.99,30.14,30.18,8.02,5.34,0.59
ST任子行,sz300311,5.5,5.33,5.32,16216700.0,5.49,225800,5.5,5700,3.19,5.54,5.31,16216700,88800000.0,3.02,4.32,29.56,37.05,6.4,4.26,2.04
常青科技,sh603125,19.53,18.6,18.41,7993000.0,19.53,1000,19.54,20400,5.0,19.85,18.41,7993000,155080000.0,1.97,7.74,79.06,79.06,20.46,16.74,2.58
宇信科技,sz300674,20.26,20.31,20.2,11961100.0,20.26,2600,20.27,16200,-0.25,20.42,19.81,11961100,240550000.0,1.7,3.0,142.43,142.64,24.37,16.25,1.2
西南证券,sh600369,4.15,4.16,4.15,20643000.0,4.14,683500,4.15,117900,-0.24,4.17,4.12,20643000,85540000.0,0.31,1.2,275.77,275.77,4.58,3.74,0.82
森林包装,sh605500,8.98,9.1,9.06,3740200.0,8.98,14200,9.0,21500,-1.32,9.11,8.86,3740200,33550000.0,0.9,2.75,37.21,37.21,10.01,8.19,0.93
中复神鹰,sh688295,58.8,65.03,63.2,2761238800.0,58.8,127000,58.81,2200,-9.58,64.19,58.23,2761238800,1675730000.0,3.07,9.17,529.2,529.2,78.04,52.02,0.96
太阳能,sz000591,5.31,5.69,5.58,176471500.0,5.31,953800,5.32,313800,-6.68,5.58,5.28,176471500,955920000.0,4.5,5.27,208.39,208.46,6.26,5.12,1.55
江西铜业,sh600362,44.79,44.66,44.26,30982300.0,44.79,30300,44.8,30000,0.29,45.05,43.72,30982300,1371590000.0,1.49,2.98,929.5,1550.96,49.13,40.19,0.88
海康威视,sz002415,33.6,33.49,33.68,40525900.0,33.6,14100,33.61,29100,0.33,34.0,33.3,40525900,1363940000.0,0.45,2.09,3039.59,3079.4,36.84,30.14,0.53
新 和 成,sz002001,34.8,34.74,34.97,29857300.0,34.8,15100,34.82,100,0.17,35.54,34.41,29857300,1046160000.0,0.98,3.25,1056.83,1069.55,38.21,31.27,0.66
易点天下,sz301171,45.66,47.6,46.89,37556700.0,45.66,10900,45.67,4800,-4.08,47.0,44.96,37556700,1713650000.0,9.83,4.29,174.5,215.46,57.12,38.08,0.8
广州发展,sh600098,7.08,7.22,7.22,28524600.0,7.08,349300,7.09,202500,-1.94,7.22,7.05,28524600,202610000.0,0.81,2.35,248.22,248.22,7.94,6.5,1.01
亚太科技,sz002540,6.2,6.16,6.16,9012800.0,6.19,29700,6.2,8600,0.65,6.23,6.08,9012800,55330000.0,1.03,2.44,54.19,77.57,6.78,5.54,0.56
理工导航,sh688282,77.3,82.53,81.0,263096500.0,77.3,800,77.4,200,-6.34,81.52,76.9,263096500,206420000.0,2.99,5.6,68.02,68.02,99.04,66.02,0.92
柳药集团,sh603368,16.83,16.76,16.68,2632100.0,16.82,5700,16.83,18200,0.42,16.83,16.6,2632100,43960000.0,0.66,1.37,66.85,66.85,18.44,15.08,1.04
和元生物,sh688238,6.66,6.66,6.62,751149200.0,6.66,70600,6.68,10400,0.0,6.73,6.58,751149200,50060000.0,1.17,2.25,42.7,43.23,7.99,5.33,0.78
粤电力Ａ,sz000539,6.56,7.15,6.78,234694900.0,6.56,819000,6.57,212900,-8.25,7.0,6.54,234694900,1586520000.0,9.18,6.43,167.63,344.42,7.87,6.44,1.37
法拉电子,sh600563,119.84,119.16,118.15,5788700.0,119.84,24500,119.85,700,0.57,122.74,118.1,5788700,698630000.0,2.57,3.89,269.64,269.64,131.08,107.24,0.79
中工国际,sz002051,10.65,10.81,10.65,61333000.0,10.65,700,10.66,28300,-1.48,10.96,10.47,61333000,654190000.0,4.96,4.53,131.78,131.78,11.89,9.73,0.52
建设银行,sh601939,9.74,9.73,9.7,54483800.0,9.74,37100,9.75,61200,0.1,9.78,9.65,54483800,530100000.0,0.57,1.34,934.42,25479.88,10.7,8.76,0.65
呈和科技,sh688625,70.36,70.8,70.51,195916300.0,70.25,6400,70.36,800,-0.62,71.5,69.35,195916300,137550000.0,1.04,3.04,132.5,132.5,84.96,56.64,0.65
博迈科,sh603727,17.95,18.05,17.89,5591200.0,17.95,86700,17.96,400,-0.55,18.35,17.38,5591200,99870000.0,1.98,5.37,50.57,50.57,19.86,16.25,0.71
和仁科技,sz300550,11.02,11.04,10.95,6703100.0,11.01,1700,11.02,3600,-0.18,11.06,10.76,6703100,73110000.0,2.56,2.72,28.91,28.93,13.25,8.83,1.0
吉祥航空,sh603885,11.84,12.16,12.15,12124800.0,11.84,53500,11.85,115300,-2.63,12.15,11.81,12124800,144490000.0,0.56,2.8,258.59,258.59,13.38,10.94,0.94
双元科技,sh688623,93.98,95.2,94.11,46645800.0,93.83,200,93.98,300,-1.28,95.19,92.72,46645800,43640000.0,2.44,2.59,17.99,55.58,114.24,76.16,0.48
山东威达,sz002026,12.95,12.84,12.88,5038700.0,12.95,9000,12.97,1000,0.86,13.02,12.74,5038700,64980000.0,1.14,2.18,57.04,57.05,14.12,11.56,0.87
安徽建工,sh600502,5.82,5.99,5.93,41740600.0,5.81,81400,5.82,49800,-2.84,5.96,5.76,41740600,243370000.0,2.43,3.34,99.9,99.9,6.59,5.39,0.91
兴欣新材,sz001358,28.13,27.63,27.54,1118100.0,28.13,1400,28.17,100,1.81,28.48,27.19,1118100,31290000.0,2.25,4.67,13.98,34.66,30.39,24.87,0.89
江阴银行,sz002807,4.6,4.79,4.58,106322200.0,4.59,189700,4.6,186400,-3.97,4.61,4.47,106322200,483320000.0,4.33,2.92,113.07,113.22,5.27,4.31,3.21
艾为电子,sh688798,71.3,68.92,70.89,468216900.0,71.28,400,71.3,8500,3.45,71.53,69.8,468216900,331140000.0,3.45,2.51,96.78,166.22,82.7,55.14,1.44
山高环能,sz000803,8.19,7.83,7.83,24815100.0,8.19,33100,8.2,45100,4.6,8.25,7.71,24815100,201010000.0,5.4,6.9,37.66,38.19,8.61,7.05,0.88
苏州固锝,sz002079,10.68,10.53,10.45,53709900.0,10.68,46800,10.69,150900,1.42,10.98,10.45,53709900,578640000.0,6.62,5.03,86.59,86.67,11.58,9.48,1.52
必易微,sh688045,55.71,53.66,53.5,431690200.0,55.71,1100,55.76,800,3.82,56.5,53.45,431690200,240120000.0,6.12,5.68,39.32,39.32,64.39,42.93,1.51
华致酒行,sz300755,13.39,13.42,13.22,4006800.0,13.39,1600,13.4,13300,-0.22,13.5,13.21,4006800,53620000.0,0.96,2.16,55.76,55.81,16.1,10.74,1.15
丽岛新材,sh603937,13.85,12.59,12.58,10980800.0,13.85,5924500,0.0,0,10.01,13.85,12.45,10980800,144650000.0,5.26,11.12,28.93,28.93,13.85,11.33,1.16
渤海轮渡,sh603167,9.35,9.4,9.35,6739300.0,9.34,36500,9.35,10800,-0.53,9.41,9.22,6739300,62710000.0,1.44,2.02,43.87,43.87,10.34,8.46,1.57
中国能建,sh601868,2.9,2.99,2.97,751456300.0,2.89,9972100,2.9,9048600,-3.01,2.99,2.87,751456300,2187110000.0,2.32,4.01,940.43,1282.97,3.29,2.69,0.82
新疆天业,sh600075,6.71,6.37,6.37,48801900.0,6.71,33800,6.72,167600,5.34,6.88,6.3,48801900,323020000.0,2.86,9.11,114.59,114.59,7.01,5.73,1.98
嘉亨家化,sz300955,36.5,36.97,37.0,2132400.0,36.49,4000,36.5,1300,-1.27,38.88,36.0,2132400,78700000.0,2.12,7.79,36.79,36.79,44.36,29.58,0.82
广联航空,sz300900,43.02,45.76,45.22,39320800.0,43.02,2400,43.03,2800,-5.99,45.97,41.95,39320800,1706710000.0,15.31,8.78,110.47,140.99,54.91,36.61,0.69
鲁  泰Ａ,sz000726,6.65,6.68,6.65,6370700.0,6.65,48800,6.66,4800,-0.45,6.68,6.6,6370700,42320000.0,1.08,1.2,39.19,54.37,7.35,6.01,0.61
*ST三圣,sz002742,4.78,4.71,4.74,3956700.0,4.77,1800,4.78,28000,1.49,4.78,4.68,3956700,18720000.0,0.76,2.12,25.05,32.7,4.95,4.47,0.93
亚太药业,sz002370,6.96,6.84,6.8,34737100.0,6.96,132800,6.97,239000,1.75,7.05,6.72,34737100,239590000.0,4.66,4.82,51.9,51.9,7.52,6.16,0.78
圆通速递,sh600233,21.93,22.38,22.38,31309100.0,21.93,6800,21.95,2500,-2.01,22.74,21.86,31309100,697190000.0,0.91,3.93,750.6,750.6,24.62,20.14,1.07
罗莱生活,sz002293,11.23,10.97,10.84,25549700.0,11.22,10200,11.23,15000,2.37,11.41,10.73,25549700,286200000.0,3.09,6.2,92.83,93.64,12.07,9.87,2.07
浙矿股份,sz300837,36.21,36.3,36.05,1651100.0,36.2,100,36.29,600,-0.25,36.85,35.8,1651100,59980000.0,2.18,2.89,27.37,36.21,43.56,29.04,0.9
亿联网络,sz300628,37.29,37.28,37.13,10781500.0,37.29,1000,37.3,500,0.03,37.87,37.13,10781500,404670000.0,1.49,1.98,270.63,472.39,44.74,29.82,0.95
北方铜业,sz000737,13.79,13.84,13.72,28919100.0,13.79,33500,13.8,35800,-0.36,13.89,13.53,28919100,396220000.0,1.52,2.6,262.64,262.66,15.22,12.46,0.91
兴业证券,sh601377,5.87,5.92,5.91,45973000.0,5.87,963300,5.88,574400,-0.84,5.92,5.85,45973000,270490000.0,0.53,1.18,506.93,506.93,6.51,5.33,0.66
南模生物,sh688265,41.91,42.09,42.16,33536700.0,41.91,200,42.0,500,-0.43,42.4,41.6,33536700,14080000.0,0.43,1.9,32.67,32.67,50.51,33.67,0.7
紫江企业,sh600210,6.92,7.0,6.96,17151500.0,6.92,111900,6.93,36500,-1.14,7.0,6.88,17151500,118900000.0,1.13,1.71,104.96,104.96,7.7,6.3,1.01
利源股份,sz002501,1.68,1.71,1.68,72304200.0,1.67,2203200,1.68,590700,-1.75,1.71,1.66,72304200,121470000.0,2.04,2.92,59.58,59.64,1.88,1.54,0.43
大洋生物,sz003017,31.52,31.04,30.83,1801500.0,31.51,16100,31.52,33600,1.55,31.54,30.72,1801500,56180000.0,2.6,2.64,21.84,26.48,34.14,27.94,1.27
招商公路,sz001965,9.35,9.45,9.46,8060400.0,9.34,9200,9.35,9000,-1.06,9.47,9.32,8060400,75790000.0,0.12,1.59,635.34,635.34,10.4,8.51,0.74
华谊集团,sh600623,9.75,9.83,9.81,18124400.0,9.75,175700,9.76,20100,-0.81,10.05,9.75,18124400,179170000.0,0.97,3.05,182.91,206.98,10.81,8.85,0.88
博拓生物,sh688767,36.42,36.06,36.06,208281000.0,36.41,10600,36.42,1400,1.0,36.8,35.55,208281000,75590000.0,1.39,3.47,54.39,54.39,43.27,28.85,1.15
雅运股份,sh603790,23.35,23.28,23.01,2775000.0,23.34,1200,23.35,3500,0.3,23.5,22.78,2775000,64220000.0,1.45,3.09,44.68,44.68,25.61,20.95,1.0
金海通,sh603061,248.59,246.44,244.44,3325900.0,248.59,500,248.6,600,0.87,258.0,244.44,3325900,839990000.0,3.82,5.5,216.27,216.27,271.08,221.8,1.02
航天信息,sh600271,8.34,8.43,8.41,17053000.0,8.34,150500,8.35,81200,-1.07,8.41,8.22,17053000,141610000.0,0.92,2.25,154.53,154.53,9.27,7.59,0.89
长江电力,sh600900,26.81,26.95,26.91,56446400.0,26.81,12500,26.82,31700,-0.52,26.95,26.75,56446400,1514500000.0,0.23,0.74,6559.93,6559.93,29.65,24.26,0.66
晶升股份,sh688478,42.55,44.44,43.6,709435100.0,42.5,1700,42.55,1200,-4.25,44.38,41.55,709435100,303900000.0,5.13,6.37,58.87,58.87,53.33,35.55,0.71
中远海发,sh601866,2.68,2.68,2.69,70744200.0,2.68,3257200,2.69,3235000,0.0,2.7,2.67,70744200,189850000.0,0.73,1.12,261.35,353.7,2.95,2.41,0.85
凯因科技,sh688687,20.69,20.75,20.68,278139800.0,20.69,800,20.7,500,-0.29,20.81,20.3,278139800,57190000.0,1.63,2.46,35.37,35.37,24.9,16.6,0.9
腾亚精工,sz301125,23.82,24.27,24.26,2590700.0,23.72,1900,23.82,400,-1.85,24.27,23.69,2590700,61900000.0,2.06,2.39,29.93,33.77,29.12,19.42,0.6
海泰新能,bj920985,6.52,6.64,6.69,2884100.0,6.51,31200,6.52,31900,-1.81,6.72,6.51,2884100,18949800.0,1.32,3.16,14.3,20.18,8.63,4.65,0.69
鑫铂股份,sz003038,14.45,14.41,14.3,5262900.0,14.45,1100,14.46,2000,0.28,14.52,14.12,5262900,75370000.0,3.22,2.78,23.59,35.21,15.85,12.97,0.47
杭州银行,sh600926,17.11,17.23,17.23,29102700.0,17.11,24400,17.12,70500,-0.7,17.26,17.0,29102700,497410000.0,0.4,1.51,1240.3,1240.3,18.95,15.51,1.13
华亚智能,sz003043,55.86,56.48,55.81,1675600.0,55.86,600,55.87,3800,-1.1,56.85,55.38,1675600,93690000.0,2.0,2.6,46.83,74.76,62.13,50.83,0.59
海天股份,sh603759,9.26,9.42,9.4,4573700.0,9.25,2600,9.26,8100,-1.7,9.42,9.21,4573700,42510000.0,0.99,2.23,42.76,42.76,10.36,8.48,1.27
金三江,sz301059,14.01,14.01,13.95,2683500.0,14.0,3800,14.01,900,0.0,14.18,13.81,2683500,37480000.0,1.3,2.64,28.96,32.38,16.81,11.21,1.09
东方盛虹,sz000301,12.45,12.47,12.43,20009900.0,12.45,23800,12.46,6500,-0.16,12.61,12.21,20009900,248780000.0,0.3,3.21,822.71,823.1,13.72,11.22,0.59
白云山,sh600332,22.52,22.68,22.68,6983600.0,22.52,45700,22.53,8500,-0.71,22.68,22.47,6983600,157420000.0,0.5,0.93,316.61,366.13,24.95,20.41,0.98
天津普林,sz002134,22.71,22.98,22.81,5609300.0,22.7,1900,22.71,32600,-1.17,23.25,22.41,5609300,127490000.0,2.28,3.66,55.98,56.01,25.28,20.68,0.63
中煤能源,sh601898,17.37,17.6,17.69,36091200.0,17.37,500,17.38,40100,-1.31,17.86,17.29,36091200,632860000.0,0.39,3.24,1589.7,2303.03,19.36,15.84,0.92
九洲药业,sh603456,14.89,16.54,15.09,36456900.0,0.0,0,14.89,371300,-9.98,15.37,14.89,36456900,545130000.0,4.1,2.9,132.44,132.44,18.19,14.89,3.33
安克创新,sz300866,121.62,122.0,120.65,7701400.0,121.62,2700,121.63,14300,-0.31,124.8,120.0,7701400,944920000.0,2.5,3.93,374.01,652.08,146.4,97.6,1.08
中国海诚,sz002116,9.72,10.25,10.03,17640300.0,9.72,16900,9.73,9200,-5.17,10.05,9.53,17640300,170800000.0,3.83,5.07,44.71,45.28,11.28,9.23,3.64
奥士康,sz002913,49.12,50.86,50.31,5337000.0,49.12,4600,49.13,2700,-3.42,51.69,48.92,5337000,265930000.0,1.77,5.45,148.19,155.89,55.95,45.77,0.8
龙泉股份,sz002671,4.74,4.73,4.74,12208100.0,4.74,8300,4.75,36000,0.21,4.77,4.64,12208100,57390000.0,2.22,2.75,26.11,26.7,5.2,4.26,1.27
彩蝶实业,sh603073,20.3,19.75,19.93,2094300.0,20.2,1300,20.3,500,2.78,20.32,19.56,2094300,41960000.0,4.12,3.85,10.33,23.55,21.73,17.78,1.27
汇得科技,sh603192,23.71,23.53,23.53,1026900.0,23.7,200,23.71,600,0.76,23.82,23.33,1026900,24200000.0,0.74,2.08,33.05,39.68,25.88,21.18,1.11
中达安,sz300635,13.67,13.6,13.56,3807400.0,13.67,1500,13.68,4000,0.51,13.82,13.37,3807400,51900000.0,3.16,3.31,16.46,19.14,16.32,10.88,0.64
东北制药,sz000597,5.02,5.08,5.06,14376700.0,5.01,175300,5.02,165800,-1.18,5.07,4.99,14376700,72290000.0,1.02,1.57,70.74,71.64,5.59,4.57,0.89
肯特催化,sh603120,38.22,37.52,37.36,864800.0,38.2,300,38.22,2200,1.87,38.4,37.36,864800,32770000.0,2.28,2.77,14.49,34.55,41.27,33.77,0.86
山河药辅,sz300452,13.86,13.81,13.76,6437800.0,13.86,6500,13.91,3300,0.36,13.97,13.66,6437800,88960000.0,3.24,2.24,27.53,32.5,16.57,11.05,1.01
屹通新材,sz300930,29.86,29.38,29.34,1431000.0,29.76,1700,29.86,400,1.63,30.01,28.7,1431000,42150000.0,3.04,4.46,14.07,29.86,35.26,23.5,1.54
华策影视,sz300133,8.51,8.5,8.45,234905600.0,8.5,376000,8.51,11800,0.12,8.84,7.87,234905600,1946770000.0,14.01,11.41,142.66,160.69,10.2,6.8,1.63
富煌钢构,sz002743,5.19,5.11,5.09,7038200.0,5.18,80700,5.19,41400,1.57,5.22,5.07,7038200,36130000.0,1.62,2.94,22.55,22.59,5.62,4.6,0.93
天山股份,sz000877,4.67,4.71,4.72,10439700.0,4.67,35500,4.68,113500,-0.85,4.72,4.65,10439700,48800000.0,0.15,1.49,332.06,332.06,5.18,4.24,1.13
大华股份,sz002236,18.17,18.32,18.18,31387700.0,18.16,53100,18.17,7700,-0.82,18.38,17.98,31387700,570780000.0,1.3,2.18,437.65,597.2,20.15,16.49,0.65
兖矿能源,sh600188,20.68,20.63,20.63,58248300.0,20.68,5400,20.69,27900,0.24,21.12,20.43,58248300,1208250000.0,0.98,3.34,1232.81,2075.75,22.69,18.57,1.0
农心科技,sz001231,23.82,23.34,23.33,1549300.0,23.82,3200,23.84,1300,2.06,23.99,23.1,1549300,36630000.0,3.05,3.81,12.11,23.81,25.67,21.01,0.52
长江证券,sz000783,7.14,7.2,7.18,29929900.0,7.13,46500,7.14,54600,-0.83,7.2,7.09,29929900,213530000.0,0.54,1.53,394.85,394.85,7.92,6.48,0.84
众源新材,sh603527,11.46,11.59,11.48,11802000.0,11.46,21300,11.47,21700,-1.12,11.57,11.2,11802000,134200000.0,3.72,3.19,36.32,36.32,12.75,10.43,0.71
中国黄金,sh600916,8.84,8.93,8.87,21064500.0,8.84,150000,8.85,92800,-1.01,8.9,8.77,21064500,185930000.0,1.25,1.46,148.51,148.51,9.82,8.04,1.0
邮储银行,sh601658,5.18,5.19,5.2,97936200.0,5.18,212300,5.19,699500,-0.19,5.2,5.16,97936200,507210000.0,0.14,0.77,3756.94,6220.92,5.71,4.67,0.69
中国通号,sh688009,5.33,5.37,5.36,2960892100.0,5.33,278600,5.34,289300,-0.74,5.4,5.33,2960892100,158380000.0,0.34,1.3,459.5,564.44,6.44,4.3,1.06
井松智能,sh688251,32.74,32.51,32.2,243564700.0,32.74,34600,32.79,200,0.71,33.3,31.81,243564700,79330000.0,4.06,4.58,19.63,32.94,39.01,26.01,0.8
天原股份,sz002386,6.84,6.62,6.58,86723500.0,6.83,223200,6.84,116200,3.32,6.91,6.56,86723500,586040000.0,6.66,5.29,89.02,89.03,7.28,5.96,1.61
省广集团,sz002400,8.72,8.92,8.8,89773700.0,8.72,410000,8.73,85800,-2.24,8.85,8.58,89773700,781790000.0,5.2,3.03,150.52,152.02,9.81,8.03,0.87
双象股份,sz002395,18.44,18.08,17.99,6816100.0,18.43,21500,18.44,800,1.99,18.66,17.94,6816100,125200000.0,2.54,3.98,49.45,49.46,19.89,16.27,1.09
神力股份,sh603819,15.31,13.92,13.91,14506800.0,15.31,6555100,0.0,0,9.99,15.31,13.7,14506800,211420000.0,6.66,11.57,33.33,33.33,15.31,12.53,1.62
悦达投资,sh600805,5.34,5.28,5.27,15679800.0,5.34,34300,5.35,143000,1.14,5.36,5.25,15679800,83340000.0,1.84,2.08,45.4,45.44,5.81,4.75,1.38
昊帆生物,sz301393,59.93,61.22,62.22,2206600.0,59.93,2200,59.95,100,-2.11,62.22,59.07,2206600,132980000.0,5.24,5.15,25.23,64.72,73.46,48.98,0.71
澜起科技,sh688008,163.5,159.7,167.0,6211217600.0,163.5,2600,163.51,5600,2.38,172.0,161.4,6211217600,10258760000.0,5.42,6.64,1874.41,1998.3,191.64,127.76,1.22
正业科技,sz300410,9.64,9.57,9.53,19239400.0,9.63,61100,9.64,66600,0.73,9.7,9.37,19239400,183810000.0,5.24,3.45,35.39,35.39,11.48,7.66,0.47
金力永磁,sz300748,31.92,32.25,32.05,23932800.0,31.92,18100,31.93,6100,-1.02,32.33,31.55,23932800,761540000.0,2.12,2.42,360.71,439.09,38.7,25.8,0.73
森源电气,sz002358,7.33,7.47,7.41,24229200.0,7.32,145200,7.33,70300,-1.87,7.48,7.27,24229200,177820000.0,2.61,2.81,68.15,68.15,8.22,6.72,0.73
力芯微,sh688601,50.68,50.26,50.16,411939600.0,50.68,12100,50.69,1600,0.84,51.22,49.73,411939600,208090000.0,3.08,2.96,67.76,67.76,60.31,40.21,0.9
美诺华,sh603538,57.58,55.55,55.0,59376000.0,57.58,800,57.59,11000,3.65,59.4,54.1,59376000,3397000000.0,27.46,9.54,124.51,126.96,61.11,50.0,1.05
江南水务,sh601199,5.33,5.66,5.61,23052400.0,5.33,435200,5.34,14800,-5.83,5.62,5.31,23052400,123930000.0,2.46,5.48,49.85,49.85,6.23,5.09,4.85
华生科技,sh605180,15.08,14.92,14.78,1353200.0,15.06,300,15.08,5000,1.07,15.14,14.71,1353200,20230000.0,0.8,2.88,25.49,25.49,16.41,13.43,0.96
方大炭素,sh600516,5.53,5.44,5.44,71273000.0,5.53,244900,5.54,292300,1.65,5.57,5.35,71273000,390170000.0,1.77,4.04,222.64,222.64,5.98,4.9,1.22
金山办公,sh688111,249.12,251.48,251.0,937555400.0,249.11,700,249.12,1600,-0.94,251.85,241.42,937555400,2315040000.0,2.02,4.15,1154.35,1154.35,301.78,201.18,1.36
康众医疗,sh688607,67.63,68.56,67.5,168879800.0,67.62,300,67.63,1500,-1.36,68.01,65.11,168879800,112500000.0,1.92,4.23,59.6,59.6,82.27,54.85,0.63
晋控电力,sz000767,3.87,4.15,4.06,219491400.0,3.86,1586800,3.87,221100,-6.75,4.07,3.86,219491400,865710000.0,7.54,5.06,112.7,119.08,4.57,3.74,0.86
迪森股份,sz300335,6.47,6.76,6.74,29762700.0,6.46,59700,6.47,34900,-4.29,6.76,6.42,29762700,194420000.0,7.75,5.03,24.86,30.86,8.11,5.41,0.8
海 利 得,sz002206,6.18,6.2,6.16,12830500.0,6.18,20700,6.19,46400,-0.32,6.23,6.1,12830500,79150000.0,1.21,2.1,65.31,71.82,6.82,5.58,0.86
平安银行,sz000001,11.0,11.0,10.98,58271000.0,10.99,31300,11.0,238700,0.0,11.03,10.92,58271000,639780000.0,0.3,1.0,2134.62,2134.65,12.1,9.9,0.8
新中港,sh605162,12.0,13.06,12.53,26184900.0,12.0,25200,12.01,58800,-8.12,12.79,11.92,26184900,321450000.0,6.37,6.66,49.3,49.3,14.37,11.75,0.82
安路科技,sh688107,29.97,29.96,29.87,691701700.0,29.97,8100,29.99,8500,0.03,30.86,29.83,691701700,209300000.0,1.73,3.44,120.13,120.13,35.95,23.97,1.04
金浦钛业,sz000545,2.91,2.91,2.88,38208700.0,2.91,768600,2.92,1017200,0.0,2.93,2.83,38208700,110120000.0,3.88,3.44,28.68,28.72,3.2,2.62,0.86
天和防务,sz300397,12.75,11.73,12.96,63490800.0,12.75,107700,12.76,88800,8.7,13.7,12.58,63490800,837630000.0,15.56,9.55,52.04,66.0,14.08,9.38,5.94
广康生化,sz300804,48.4,47.43,47.03,3318200.0,48.39,100,48.4,2100,2.05,49.01,46.39,3318200,158090000.0,12.07,5.52,13.31,35.82,56.92,37.94,0.97
新经典,sh603096,17.95,17.74,17.62,2110800.0,17.95,1300,17.96,5200,1.18,18.0,17.4,2110800,37530000.0,1.37,3.38,27.69,27.69,19.51,15.97,1.02
翔腾新材,sz001373,34.96,34.62,34.5,1342700.0,34.96,400,35.04,1100,0.98,35.49,33.8,1342700,46560000.0,4.05,4.88,11.58,24.01,38.08,31.16,1.23
必贝特-U,sh688759,35.27,34.94,35.04,169037700.0,35.27,4100,35.29,6600,0.94,35.62,34.46,169037700,59400000.0,3.64,3.32,16.39,158.73,41.93,27.95,0.76
智迪科技,sz301503,35.75,35.51,35.61,847700.0,35.75,200,35.81,100,0.68,36.12,35.0,847700,30170000.0,2.61,3.15,11.61,28.6,42.61,28.41,1.08
顺丰控股,sz002352,36.5,36.7,36.6,12489600.0,36.5,86800,36.51,21000,-0.54,36.68,36.36,12489600,455800000.0,0.26,0.87,1741.05,1839.39,40.37,33.03,0.69
日上集团,sz002593,5.1,5.08,5.05,10786400.0,5.09,66900,5.1,17000,0.39,5.14,5.01,10786400,54710000.0,1.92,2.56,28.59,41.0,5.59,4.57,0.91
深高速,sh600548,9.0,9.23,9.2,7499400.0,8.99,143400,9.0,500,-2.49,9.4,8.98,7499400,68120000.0,0.44,4.55,154.3,228.41,10.15,8.31,2.96
普莱得,sz301353,27.95,27.71,27.64,672900.0,27.95,20400,28.05,1000,0.87,28.19,27.27,672900,18690000.0,2.11,3.32,8.91,27.44,33.25,22.17,1.03
贵阳银行,sh601997,6.14,6.28,6.27,97910800.0,6.14,250200,6.15,33000,-2.23,6.28,6.12,97910800,604870000.0,2.68,2.55,224.49,224.49,6.91,5.65,1.47
三元生物,sz301206,25.92,25.99,25.98,1154100.0,25.9,1800,25.92,1800,-0.27,26.09,25.74,1154100,29850000.0,0.89,1.35,33.77,52.44,31.19,20.79,1.36
昱能科技,sh688348,51.61,52.14,51.49,179578400.0,51.58,4700,51.61,10000,-1.02,52.22,51.25,179578400,92910000.0,1.15,1.86,80.65,80.65,62.57,41.71,0.79
创业环保,sh600874,6.25,6.22,6.28,14121100.0,6.24,6600,6.25,86200,0.48,6.3,6.2,14121100,88240000.0,1.15,1.61,76.9,98.15,6.84,5.6,1.3
中国中冶,sh601618,2.91,2.94,2.93,84742300.0,2.91,10806400,2.92,3695300,-1.02,2.94,2.9,84742300,246960000.0,0.47,1.36,519.51,603.06,3.23,2.65,1.0
台华新材,sh603055,9.11,9.22,9.19,4745100.0,9.11,15200,9.12,7100,-1.19,9.24,9.1,4745100,43490000.0,0.53,1.52,80.81,81.11,10.14,8.3,0.79
诺瓦星云,sz301589,171.65,169.5,168.99,542800.0,171.55,200,171.65,300,1.27,172.76,167.18,542800,92190000.0,1.57,3.29,59.16,158.69,203.4,135.6,1.15
塔牌集团,sz002233,9.39,9.51,9.5,12547100.0,9.39,15400,9.4,15000,-1.26,9.57,9.3,12547100,118020000.0,1.07,2.84,110.17,110.25,10.46,8.56,1.31
中荣股份,sz301223,19.46,19.14,19.3,2002300.0,19.46,300,19.47,300,1.67,19.55,19.03,2002300,38720000.0,1.79,2.72,21.8,37.58,22.97,15.31,1.02
周大生,sz002867,12.3,12.57,12.52,6616000.0,12.3,48100,12.31,7500,-2.15,12.59,12.28,6616000,81610000.0,0.61,2.47,132.73,133.51,13.83,11.31,0.85
永艺股份,sh603600,11.06,11.18,11.19,4635400.0,11.06,100,11.09,1000,-1.07,11.21,10.9,4635400,51060000.0,1.54,2.77,33.18,36.55,12.3,10.06,1.02
沃华医药,sz002107,7.55,7.54,7.47,18933200.0,7.55,36700,7.56,76000,0.13,7.59,7.41,18933200,141890000.0,3.31,2.39,43.14,43.58,8.29,6.79,0.53
天禄科技,sz301045,41.95,40.26,40.52,2973900.0,41.95,600,41.98,200,4.2,42.37,40.22,2973900,123840000.0,4.27,5.34,29.25,46.28,48.31,32.21,0.95
东方通信,sh600776,16.45,16.89,16.65,32708200.0,16.44,92200,16.45,80800,-2.61,16.71,16.32,32708200,538740000.0,3.42,2.31,157.26,206.61,18.58,15.2,0.52
索宝蛋白,sh603231,17.83,17.76,17.75,2584000.0,17.8,6100,17.83,1300,0.39,17.88,17.48,2584000,45630000.0,2.43,2.25,18.95,34.14,19.54,15.98,1.39
绿茵生态,sz002887,12.86,12.67,12.57,6966300.0,12.86,11200,12.87,22300,1.5,12.98,12.4,6966300,88560000.0,3.21,4.58,27.94,39.35,13.94,11.4,0.76
中科磁业,sz301141,52.46,52.5,52.5,2134700.0,52.45,300,52.46,100,-0.08,52.9,52.0,2134700,111870000.0,4.8,1.71,23.35,65.07,63.0,42.0,0.43
海螺新材,sz000619,5.95,5.88,5.89,7201100.0,5.94,4300,5.95,86900,1.19,5.98,5.81,7201100,42570000.0,2.0,2.89,21.42,26.25,6.47,5.29,1.12
巨化股份,sh600160,35.05,33.61,33.67,48238300.0,35.04,76800,35.05,153200,4.28,35.33,33.56,48238300,1663720000.0,1.79,5.27,946.26,946.26,36.97,30.25,1.42
山东高速,sh600350,10.96,10.95,10.95,5085500.0,10.95,6100,10.96,1900,0.09,10.98,10.86,5085500,55610000.0,0.11,1.1,529.87,529.87,12.05,9.86,1.02
森泰股份,sz301429,19.64,19.43,19.47,1648000.0,19.64,3400,19.7,2000,1.08,19.93,19.14,1648000,32220000.0,3.74,4.07,8.65,23.22,23.32,15.54,1.44
倍加洁,sh603059,33.35,35.51,35.68,2804000.0,33.22,500,33.35,1500,-6.08,35.68,32.0,2804000,92630000.0,2.79,10.36,33.5,33.5,39.06,31.96,1.93
永吉股份,sh603058,11.42,12.03,11.96,11195800.0,11.41,10800,11.42,56400,-5.07,12.02,11.34,11195800,129620000.0,2.71,5.65,47.24,47.36,13.23,10.83,1.36
盾安环境,sz002011,11.68,12.09,12.01,15001200.0,11.68,2500,11.69,4300,-3.39,12.08,11.65,15001200,176470000.0,1.42,3.56,123.76,125.52,13.3,10.88,1.59
英 力 特,sz000635,8.04,7.9,7.91,6705400.0,8.03,19600,8.04,47100,1.77,8.13,7.85,6705400,53510000.0,1.83,3.54,29.49,31.69,8.69,7.11,1.12
中信重工,sh601608,6.07,6.18,6.17,28465300.0,6.07,23700,6.08,95100,-1.78,6.18,6.05,28465300,173140000.0,0.62,2.1,277.98,277.98,6.8,5.56,1.1
金辰股份,sh603396,34.62,34.95,34.94,2445500.0,34.62,1300,34.63,500,-0.94,34.94,34.3,2445500,84600000.0,1.77,1.83,47.96,47.96,38.45,31.46,0.67
妙可蓝多,sh600882,20.16,20.72,20.72,6357800.0,20.15,8200,20.16,2800,-2.7,20.72,20.12,6357800,129570000.0,1.25,2.9,102.83,102.83,22.79,18.65,0.63
北部湾港,sz000582,10.88,10.96,10.93,19877400.0,10.87,151500,10.88,37100,-0.73,10.99,10.81,19877400,216600000.0,0.92,1.64,234.67,273.86,12.06,9.86,0.79
洪城环境,sh600461,10.3,10.22,10.22,11169600.0,10.3,8500,10.31,26200,0.78,10.36,10.17,11169600,115060000.0,0.87,1.86,132.27,132.27,11.24,9.2,1.21
招商银行,sh600036,39.38,39.81,39.74,62941400.0,39.38,145000,39.39,11100,-1.08,39.8,39.36,62941400,2485980000.0,0.31,1.11,8123.68,9931.58,43.79,35.83,1.12
隧道股份,sh600820,5.99,6.05,6.05,17901100.0,5.99,60500,6.0,182300,-0.99,6.05,5.95,17901100,107160000.0,0.57,1.65,188.33,188.33,6.66,5.45,1.16
亿利达,sz002686,7.6,7.77,7.51,41627100.0,7.6,67400,7.61,21300,-2.19,7.72,7.19,41627100,310140000.0,7.96,6.82,39.73,43.03,8.55,6.99,0.92
凯龙高科,sz300912,26.12,25.37,25.4,6742900.0,26.1,3000,26.12,400,2.96,27.0,25.3,6742900,176730000.0,7.85,6.7,22.45,30.01,30.44,20.3,0.76
鑫磊股份,sz301317,55.92,60.08,59.03,5115900.0,55.92,11200,55.93,100,-6.92,59.9,54.72,5115900,288390000.0,9.8,8.62,29.19,87.9,72.1,48.06,0.89
张小泉,sz301055,31.59,33.47,33.26,8036600.0,31.59,2300,31.6,200,-5.62,33.46,31.48,8036600,256670000.0,5.15,5.92,49.28,49.28,40.16,26.78,0.6
中来股份,sz300393,10.19,10.25,10.15,31224000.0,10.19,1078500,10.2,107600,-0.59,10.42,10.06,31224000,318670000.0,3.27,3.51,97.41,111.03,12.3,8.2,0.52
浩欧博,sh688656,137.6,139.0,139.69,43199400.0,137.6,2200,137.74,100,-1.01,139.98,135.28,43199400,59410000.0,0.68,3.38,87.35,87.35,166.8,111.2,1.06
晶合集成,sh688249,29.65,30.14,28.85,5417429200.0,29.64,25800,29.65,54600,-1.63,31.0,28.35,5417429200,1595740000.0,4.56,8.79,352.31,595.25,36.17,24.11,1.98
皖新传媒,sh601801,6.0,6.07,6.05,8538500.0,5.99,70600,6.0,1800,-1.15,6.06,5.94,8538500,51190000.0,0.44,1.98,117.48,117.48,6.68,5.46,1.3
春秋航空,sh601021,48.22,48.2,48.19,3282000.0,48.22,21300,48.23,7700,0.04,48.3,47.68,3282000,157630000.0,0.34,1.29,471.75,471.75,53.02,43.38,0.68
悦康药业,sh688658,19.28,19.84,19.8,983734600.0,19.28,24100,19.29,7000,-2.82,20.04,19.2,983734600,192770000.0,2.19,4.23,86.76,86.76,23.81,15.87,0.83
杰瑞股份,sz002353,131.0,130.39,130.0,18908700.0,131.0,38000,131.01,2900,0.47,132.22,124.1,18908700,2433080000.0,2.74,6.23,905.26,1341.25,143.43,117.35,0.93
昆仑万维,sz300418,50.9,52.36,52.19,49394500.0,50.9,18600,50.91,2600,-2.79,52.19,49.93,49394500,2508590000.0,3.94,4.32,638.54,638.98,62.83,41.89,0.76
*ST集友,sh603429,9.95,9.82,9.64,4163300.0,9.93,1200,9.95,3600,1.32,10.1,9.64,4163300,41120000.0,0.79,4.68,52.19,52.19,10.31,9.33,0.9
中油工程,sh600339,3.83,3.95,3.94,105805500.0,3.83,1246700,3.84,353700,-3.04,3.94,3.79,105805500,407540000.0,1.9,3.8,213.83,213.83,4.35,3.56,1.01
光迅科技,sz002281,128.7,131.68,129.7,86801100.0,128.69,8100,128.7,60000,-2.26,135.67,123.0,86801100,11075100000.0,11.14,9.62,1003.21,1038.19,144.85,118.51,1.12
恒锋工具,sz300488,29.26,29.14,28.98,3597900.0,29.25,16000,29.26,4600,0.41,30.09,28.68,3597900,105540000.0,2.22,4.84,47.48,55.95,34.97,23.31,0.85
双汇发展,sz000895,29.2,29.02,28.9,12378400.0,29.2,700,29.21,300,0.62,29.28,28.71,12378400,360010000.0,0.36,1.96,1011.55,1011.68,31.92,26.12,1.29
瑞德智能,sz301135,28.3,27.91,27.67,1530600.0,28.29,2200,28.3,7800,1.4,28.47,27.61,1530600,42890000.0,2.0,3.08,21.64,28.85,33.49,22.33,1.34
宇邦新材,sz301266,42.41,41.8,41.68,3141900.0,42.4,600,42.41,500,1.46,42.59,41.11,3141900,132570000.0,3.01,3.54,44.25,46.64,50.16,33.44,0.92
汉森制药,sz002412,6.44,6.45,6.41,5904500.0,6.44,115900,6.45,8200,-0.16,6.46,6.35,5904500,37820000.0,1.19,1.71,32.06,32.41,7.1,5.81,0.68
舜禹股份,sz301519,14.54,14.34,14.22,2817700.0,14.53,23400,14.54,6400,1.39,14.54,14.1,2817700,40500000.0,3.73,3.07,10.97,23.5,17.21,11.47,1.55
上大股份,sz301522,31.57,31.98,31.7,5012300.0,31.56,10400,31.57,5800,-1.28,32.06,31.5,5012300,158900000.0,1.78,1.75,88.84,117.4,38.38,25.58,0.88
东鹏控股,sz003012,6.2,6.24,6.23,5785900.0,6.19,84100,6.2,400,-0.64,6.25,6.15,5785900,35880000.0,0.51,1.6,70.96,71.73,6.86,5.62,0.76
盈峰环境,sz000967,12.95,13.73,13.26,255978300.0,12.95,451000,12.96,293900,-5.68,13.4,12.36,255978300,3292060000.0,7.95,7.57,416.92,417.12,15.1,12.36,0.93
康弘药业,sz002773,25.54,25.79,25.58,9716000.0,25.53,23300,25.54,300,-0.97,25.93,24.87,9716000,246570000.0,1.41,4.11,175.4,235.31,28.37,23.21,0.76
城发环境,sz000885,14.2,14.39,14.28,13862100.0,14.2,51600,14.21,14700,-1.32,14.51,13.94,13862100,196250000.0,2.16,3.96,91.18,91.18,15.83,12.95,1.49
九号公司-WD,sh689009,43.14,43.85,43.74,1523399800.0,43.14,2800,43.15,200,-1.62,43.85,41.7,1523399800,650160000.0,2.74,4.9,239.71,311.75,52.62,35.08,1.47
国泰海通,sh601211,16.72,16.79,16.71,85317200.0,16.71,167900,16.72,87300,-0.42,16.77,16.48,85317200,1418610000.0,0.63,1.73,2256.68,2947.56,18.47,15.11,0.88
同济科技,sh600846,12.62,12.4,12.4,4224600.0,12.62,5200,12.63,7500,1.77,12.77,12.31,4224600,53130000.0,0.68,3.71,78.84,78.84,13.64,11.16,1.08
金博股份,sh688598,23.42,23.67,23.6,486241400.0,23.42,8400,23.46,3500,-1.06,23.69,22.98,486241400,113240000.0,2.39,3.0,47.68,48.61,28.4,18.94,1.26
熙菱信息,sz300588,24.56,24.94,24.96,3968000.0,24.55,11300,24.56,700,-1.52,24.96,24.21,3968000,97490000.0,2.24,3.01,43.43,47.03,29.93,19.95,1.29
共创草坪,sh605099,38.69,38.75,38.75,4397300.0,38.69,29600,38.7,1600,-0.15,39.95,38.34,4397300,172000000.0,1.1,4.15,155.32,155.74,42.63,34.88,1.34
无锡振华,sh605319,27.79,27.47,27.59,8938700.0,27.78,6200,27.79,5200,1.16,27.99,27.31,8938700,247870000.0,2.57,2.48,96.75,97.29,30.22,24.72,0.86
联科科技,sz001207,17.65,17.56,17.48,4882000.0,17.64,39600,17.65,38900,0.51,17.79,17.27,4882000,85690000.0,1.67,2.96,51.65,53.5,19.32,15.8,0.61
*ST国华,sz000004,2.91,3.06,2.91,1337200.0,0.0,0,2.91,7665700,-4.9,2.91,2.91,1337200,3890000.0,1.06,0.0,3.67,3.85,3.21,2.91,0.28
海欣股份,sh600851,8.32,8.31,8.28,7164100.0,8.31,16300,8.32,9500,0.12,8.38,8.24,7164100,59580000.0,0.97,1.68,61.42,100.43,9.14,7.48,0.57
*ST沪科,sh600608,2.18,2.29,2.18,2032400.0,0.0,0,2.18,3379600,-4.8,2.18,2.18,2032400,4430000.0,0.64,0.0,6.94,7.17,2.4,2.18,0.37
嘉欣丝绸,sz002404,7.02,6.96,6.96,8769300.0,7.01,16800,7.02,19200,0.86,7.04,6.86,8769300,61020000.0,1.93,2.59,31.98,39.32,7.66,6.26,1.37
华海清科,sh688120,183.43,184.38,183.98,614838200.0,183.4,200,183.43,100,-0.52,188.37,180.0,614838200,1132570000.0,1.74,4.54,648.7,648.7,221.26,147.5,1.34
常熟银行,sh601128,7.41,7.36,7.4,81684600.0,7.41,53100,7.42,1516000,0.68,7.54,7.38,81684600,608850000.0,2.46,2.17,245.75,245.75,8.1,6.62,2.03
陕建股份,sh600248,3.4,3.44,3.43,11746100.0,3.4,112100,3.41,702000,-1.16,3.44,3.39,11746100,40020000.0,0.32,1.45,126.0,127.15,3.78,3.1,1.07
淮河能源,sh600575,3.67,3.72,3.7,60281500.0,3.66,851300,3.67,139800,-1.34,3.76,3.65,60281500,222670000.0,1.55,2.96,142.63,263.02,4.09,3.35,1.08
豆神教育,sz300010,5.47,5.83,5.78,59178400.0,5.46,258700,5.47,265400,-6.17,5.78,5.43,59178400,329280000.0,3.56,6.0,90.98,113.04,7.0,4.66,1.81
永东股份,sz002753,7.34,7.26,7.21,4213900.0,7.34,5600,7.35,120400,1.1,7.38,7.19,4213900,30650000.0,1.74,2.62,17.82,31.46,7.99,6.53,0.9
东莞控股,sz000828,10.12,10.11,10.09,5503600.0,10.12,700,10.13,64100,0.1,10.19,10.08,5503600,55770000.0,0.53,1.09,105.2,105.2,11.12,9.1,1.06
翰宇药业,sz300199,21.74,22.05,21.83,31634500.0,21.74,177900,21.75,106500,-1.41,22.1,21.58,31634500,688900000.0,4.24,2.36,162.11,192.02,26.46,17.64,0.6
赛微微电,sh688325,118.89,120.58,120.56,89157400.0,118.81,700,118.89,4500,-1.4,122.0,117.3,89157400,106420000.0,1.09,3.9,97.09,102.41,144.7,96.46,0.62
山子高科,sz000981,3.79,3.93,3.89,316528800.0,3.79,2982000,3.8,1296900,-3.56,3.89,3.72,316528800,1197730000.0,3.33,4.33,360.56,378.9,4.32,3.54,1.12
恒辉安防,sz300952,34.7,35.77,35.61,3961200.0,34.7,9800,34.72,5500,-2.99,36.07,34.68,3961200,139450000.0,3.73,3.89,36.83,59.89,42.92,28.62,0.57
黔源电力,sz002039,20.75,21.38,21.31,14153300.0,20.75,87300,20.76,14600,-2.95,21.37,20.6,14153300,295140000.0,3.31,3.6,88.72,88.72,23.52,19.24,0.8
杭华股份,sh688571,8.12,8.03,7.92,505075900.0,8.12,16800,8.13,24000,1.12,8.23,7.92,505075900,41040000.0,1.19,3.86,34.44,34.44,9.64,6.42,0.72
格力电器,sz000651,37.11,36.96,36.81,30838300.0,37.1,21900,37.11,114900,0.41,37.16,36.71,30838300,1141100000.0,0.56,1.22,2046.67,2078.68,40.66,33.26,1.11
安乃达,sh603350,35.53,35.25,34.92,1138400.0,35.52,4800,35.53,1700,0.79,35.59,34.6,1138400,39920000.0,2.58,2.81,15.68,41.39,38.78,31.73,0.61
北元集团,sh601568,3.94,3.99,4.03,27217600.0,3.94,654400,3.95,227000,-1.25,4.04,3.93,27217600,108130000.0,0.69,2.76,156.51,156.51,4.39,3.59,1.3
ST东时,sh603377,3.71,3.62,3.61,5337100.0,3.7,71200,3.71,246600,2.49,3.71,3.59,5337100,19540000.0,0.75,3.31,26.54,26.54,3.8,3.44,0.66
富淼科技,sh688350,27.85,27.49,27.33,290816600.0,27.85,2400,27.87,4300,1.31,28.85,27.33,290816600,81440000.0,2.03,5.53,39.89,39.89,32.99,21.99,1.09
淮北矿业,sh600985,14.2,14.18,14.15,13906200.0,14.18,3400,14.2,47900,0.14,14.25,14.01,13906200,196420000.0,0.52,1.69,382.44,382.44,15.6,12.76,0.78
ST华铭,sz300462,13.51,13.46,13.43,2995400.0,13.51,15300,13.53,42100,0.37,13.58,13.21,2995400,40240000.0,2.17,2.75,18.65,24.48,16.15,10.77,1.11
上海临港,sh600848,9.1,9.19,9.16,8529700.0,9.1,355400,9.11,27400,-0.98,9.24,9.1,8529700,77930000.0,0.36,1.52,217.85,229.55,10.11,8.27,0.52
万里股份,sh600847,14.28,14.35,14.0,3197900.0,14.21,100,14.28,25100,-0.49,14.46,14.0,3197900,45560000.0,2.09,3.21,21.89,21.89,15.79,12.92,0.57
迈克生物,sz300463,10.39,10.52,10.5,6031800.0,10.38,78000,10.39,13700,-1.24,10.54,10.39,6031800,62900000.0,1.23,1.43,51.1,62.82,12.62,8.42,1.28
正海磁材,sz300224,13.06,13.42,13.31,31419300.0,13.06,143700,13.07,46700,-2.68,13.41,12.9,31419300,410880000.0,3.39,3.8,121.1,121.55,16.1,10.74,0.95
力合科技,sz300800,12.23,12.11,12.2,4451900.0,12.23,15300,12.24,1200,0.99,12.32,12.04,4451900,54160000.0,1.9,2.31,28.66,28.96,14.53,9.69,1.09
中国广核,sz003816,4.64,4.66,4.65,151010100.0,4.63,860700,4.64,177000,-0.43,4.67,4.55,151010100,699090000.0,0.38,2.58,1825.15,2343.14,5.13,4.19,1.09
东方财富,sz300059,19.7,19.89,19.85,178752300.0,19.69,641200,19.7,290600,-0.96,19.85,19.55,178752300,3516480000.0,1.34,1.51,2627.54,3113.4,23.87,15.91,0.8
天微电子,sh688511,24.39,24.77,24.82,553098400.0,24.39,800,24.4,2100,-1.53,25.39,24.39,553098400,137340000.0,4.14,4.04,32.6,32.6,29.72,19.82,0.74
田中精机,sz300461,59.11,59.09,58.65,6897200.0,59.11,3500,59.12,6000,0.03,60.32,57.77,6897200,405530000.0,4.8,4.32,84.94,92.84,70.91,47.27,0.51
真爱美家,sz003041,62.22,62.22,0.0,0.0,0.0,0,0.0,0,0.0,0.0,0.0,0,0.0,0.0,0.0,85.13,89.6,68.44,56.0,0.0
中国铁建,sh601186,6.81,6.86,6.85,59731100.0,6.81,531600,6.82,880600,-0.73,6.86,6.8,59731100,407460000.0,0.52,0.87,783.37,924.77,7.55,6.17,1.15
霍普股份,sz301024,39.8,40.25,40.0,866400.0,39.8,4100,39.85,1100,-1.12,40.59,39.5,866400,34620000.0,1.41,2.71,24.5,25.31,48.3,32.2,0.78
鹏鼎控股,sz002938,71.59,75.42,74.89,51999900.0,71.58,14900,71.59,3200,-5.08,76.21,70.2,51999900,3763630000.0,2.25,7.97,1653.32,1659.49,82.96,67.88,1.02
贝达药业,sz300558,49.41,49.9,49.86,18934300.0,49.4,23900,49.41,15100,-0.98,50.85,48.6,18934300,935120000.0,4.51,4.51,207.22,207.88,59.88,39.92,1.47
纬达光电,bj920001,15.08,15.5,15.6,1435700.0,15.08,2100,15.09,5100,-2.71,15.6,15.05,1435700,21753600.0,1.62,3.55,13.37,23.17,20.15,10.85,0.58
弘亚数控,sz002833,18.83,18.01,18.05,11787300.0,18.82,11500,18.83,27200,4.55,19.3,17.97,11787300,222300000.0,4.09,7.38,54.27,79.88,19.81,16.21,2.5
风华高科,sz000636,22.73,22.16,22.01,92141800.0,22.72,59600,22.73,5600,2.57,23.17,22.01,92141800,2090930000.0,7.96,5.23,262.99,262.99,24.38,19.94,1.67
万东医疗,sh600055,15.11,14.71,14.71,6678000.0,15.1,19600,15.11,700,2.72,15.19,14.55,6678000,99840000.0,0.95,4.35,106.23,106.23,16.18,13.24,2.01
旺能环境,sz002034,17.19,18.25,17.32,29686900.0,17.19,49600,17.2,16600,-5.81,17.9,17.07,29686900,516330000.0,6.56,4.55,77.77,78.14,20.08,16.43,1.52
康拓医疗,sh688314,44.09,45.9,45.5,199783400.0,44.07,300,44.09,17300,-3.94,45.52,43.87,199783400,88830000.0,2.46,3.59,35.82,35.82,55.08,36.72,0.93
*ST海钦,sh600753,12.78,12.3,12.3,3280200.0,12.77,3300,12.78,20000,3.9,12.88,12.2,3280200,41350000.0,1.42,5.53,29.43,29.43,12.92,11.69,1.26
中铁工业,sh600528,7.78,7.87,7.87,15904800.0,7.78,8700,7.79,99900,-1.14,7.87,7.75,15904800,123900000.0,0.72,1.52,172.84,172.84,8.66,7.08,0.95
浙江交科,sz002061,3.84,3.89,3.88,17379600.0,3.83,624600,3.84,72000,-1.29,3.89,3.82,17379600,66770000.0,0.67,1.8,99.81,102.69,4.28,3.5,1.12
海创药业-U,sh688302,46.71,47.13,46.86,235854000.0,46.7,15700,46.71,3400,-0.89,48.38,45.06,235854000,110180000.0,2.38,7.04,46.25,46.25,56.56,37.7,1.59
京东方Ａ,sz000725,4.13,4.19,4.17,460099800.0,4.13,5479200,4.14,6048600,-1.43,4.19,4.11,460099800,1905350000.0,1.27,1.91,1500.91,1529.93,4.61,3.77,0.57
中金辐照,sz300962,15.89,16.16,16.06,2253900.0,15.88,3300,15.89,400,-1.67,16.14,15.77,2253900,35830000.0,0.85,2.29,41.95,41.95,19.39,12.93,1.02
民爆光电,sz301362,141.63,150.49,149.3,2658200.0,141.54,1200,141.63,7400,-5.89,150.02,139.02,2658200,382300000.0,8.96,7.31,42.02,148.24,180.59,120.39,0.77
恒兴新材,sh603276,17.39,17.17,16.99,2659900.0,17.39,12000,17.4,1500,1.28,17.48,16.91,2659900,45930000.0,3.52,3.32,13.15,36.11,18.89,15.45,1.53
奥赛康,sz002755,15.6,15.97,15.92,11670900.0,15.6,50400,15.61,41000,-2.32,15.95,15.49,11670900,182920000.0,1.26,2.88,144.79,144.79,17.57,14.37,0.63
中原环保,sz000544,8.38,8.39,8.37,5780000.0,8.36,7200,8.38,39300,-0.12,8.52,8.29,5780000,48320000.0,0.59,2.74,81.68,81.68,9.23,7.55,1.2
迪阿股份,sz301177,28.65,28.95,28.95,903600.0,28.65,1100,28.73,200,-1.04,28.98,28.34,903600,25870000.0,0.23,2.21,114.6,114.68,34.74,23.16,0.94
浙江华业,sz301616,48.16,48.68,48.51,634300.0,48.16,8000,48.17,1000,-1.07,48.8,47.62,634300,30500000.0,2.23,2.42,13.68,38.53,58.42,38.94,0.76
西点药业,sz301130,30.06,29.68,29.59,852100.0,30.06,200,30.07,1100,1.28,30.15,29.16,852100,25320000.0,1.44,3.34,17.74,22.99,35.62,23.74,0.71
炬芯科技,sh688049,47.07,46.91,46.91,502719700.0,47.06,1000,47.07,15600,0.34,47.89,46.6,502719700,237490000.0,2.87,2.75,82.45,82.45,56.29,37.53,0.97
闽东电力,sz000993,12.6,13.22,13.0,26910300.0,12.59,124400,12.6,28800,-4.69,13.08,12.57,26910300,344550000.0,6.12,3.86,55.41,57.7,14.54,11.9,1.03
宏达高科,sz002144,14.67,14.75,14.68,2778200.0,14.67,9900,14.73,1300,-0.54,14.84,14.43,2778200,40580000.0,2.02,2.78,20.19,25.93,16.23,13.28,0.65
富邦科技,sz300387,9.0,8.86,8.76,15819000.0,9.0,31900,9.01,30000,1.58,9.11,8.74,15819000,141870000.0,5.47,4.18,26.01,26.02,10.63,7.09,1.87
青松建化,sh600425,4.13,4.09,4.08,22188500.0,4.12,174100,4.13,107700,0.98,4.16,4.07,22188500,91230000.0,1.38,2.2,66.27,66.27,4.5,3.68,1.21
奥特维,sh688516,76.63,78.56,77.7,861076100.0,76.62,3000,76.63,4600,-2.46,79.39,75.7,861076100,666430000.0,2.74,4.7,241.2,241.64,94.27,62.85,0.73
维尔利,sz300190,4.02,4.04,4.03,17058600.0,4.02,37900,4.03,310100,-0.5,4.03,3.96,17058600,68070000.0,1.81,1.73,37.96,38.11,4.85,3.23,0.7
长源电力,sz000966,4.59,4.6,4.64,126236900.0,4.59,215100,4.6,528200,-0.22,4.74,4.52,126236900,585810000.0,3.87,4.78,149.7,159.78,5.06,4.14,1.53
爱迪特,sz301580,74.6,78.03,77.36,4219100.0,74.6,10500,74.61,100,-4.4,77.99,73.3,4219100,317270000.0,5.86,6.01,53.72,79.5,93.64,62.42,0.69
德源药业,bj920735,30.94,31.13,31.03,1133500.0,30.93,13200,30.94,9300,-0.61,31.24,30.55,1133500,34999300.0,1.09,2.22,32.1,36.3,40.46,21.8,0.57
热威股份,sh603075,23.64,23.61,23.53,2664200.0,23.63,18200,23.64,5800,0.13,23.85,23.35,2664200,62790000.0,6.46,2.12,9.75,95.15,25.97,21.25,1.57
高铁电气,sh688285,9.14,9.2,9.29,941455100.0,9.14,5100,9.16,5000,-0.65,9.33,9.04,941455100,86300000.0,2.5,3.15,34.39,34.39,11.04,7.36,1.59
*ST春天,sh600381,3.26,3.41,3.42,18033200.0,3.26,124000,3.27,212900,-4.4,3.56,3.24,18033200,60420000.0,3.07,9.38,19.14,19.14,3.58,3.24,1.54
昌红科技,sz300151,17.78,17.91,17.95,11547300.0,17.78,1900,17.79,20900,-0.73,18.08,17.6,11547300,205560000.0,3.13,2.68,65.55,94.68,21.49,14.33,0.53
京基智农,sz000048,14.24,14.55,14.55,12183600.0,14.23,10600,14.24,75200,-2.13,14.55,14.06,12183600,173080000.0,2.3,3.37,75.44,75.51,16.01,13.1,0.91
明冠新材,sh688560,16.25,16.14,16.07,852374100.0,16.24,8200,16.25,5400,0.68,16.38,15.55,852374100,136340000.0,4.23,5.14,32.71,32.71,19.37,12.91,0.48
盐 田 港,sz000088,4.47,4.5,4.52,23161000.0,4.47,162900,4.48,191100,-0.67,4.52,4.46,23161000,103780000.0,0.73,1.33,141.38,232.42,4.95,4.05,1.08
浙江自然,sh605080,24.75,25.07,25.02,1980500.0,24.71,2000,24.75,5500,-1.28,25.14,24.6,1980500,49130000.0,1.41,2.15,34.74,35.03,27.58,22.56,0.64
中海油服,sh601808,14.97,15.24,15.24,23081200.0,14.97,15900,14.98,10400,-1.77,15.35,14.9,23081200,348230000.0,0.78,2.95,443.18,714.31,16.76,13.72,1.04
宝丰能源,sh600989,29.89,28.78,28.8,166746800.0,29.88,275500,29.89,298200,3.86,30.46,28.51,166746800,4947810000.0,2.27,6.78,2191.94,2191.94,31.66,25.9,1.72
国泰环保,sz301203,44.4,44.1,44.05,975400.0,44.4,24100,44.44,200,0.68,44.79,43.75,975400,43140000.0,2.22,2.36,19.47,35.52,52.92,35.28,0.71
湖北能源,sz000883,4.82,4.9,4.88,37663000.0,4.82,477500,4.83,257800,-1.63,4.9,4.82,37663000,182940000.0,0.58,1.63,312.32,341.23,5.39,4.41,0.8
矩子科技,sz300802,19.3,19.1,19.0,7455000.0,19.3,1800,19.31,6200,1.05,19.78,18.85,7455000,144010000.0,3.83,4.87,37.58,54.83,22.92,15.28,2.03
东北证券,sz000686,8.31,8.3,8.27,17888900.0,8.3,59400,8.31,228000,0.12,8.33,8.17,17888900,147800000.0,0.76,1.93,194.49,194.49,9.13,7.47,1.22
新 华 都,sz002264,8.03,8.16,8.1,12645400.0,8.03,15900,8.04,51600,-1.59,8.13,7.96,12645400,101500000.0,1.93,2.08,52.58,57.8,8.98,7.34,0.84
继峰股份,sh603997,12.68,12.74,12.64,7056800.0,12.68,106100,12.69,5000,-0.47,12.8,12.48,7056800,88880000.0,0.55,2.51,161.32,161.32,14.01,11.47,1.06
海希通讯,bj920405,20.1,19.85,19.98,1852300.0,20.01,5500,20.1,700,1.26,20.41,19.75,1852300,37229100.0,1.68,3.32,22.13,28.19,25.8,13.9,0.67
赛托生物,sz300583,13.79,13.48,13.5,2651100.0,13.76,800,13.79,8400,2.3,13.86,13.28,2651100,36090000.0,1.42,4.3,25.67,26.16,16.18,10.78,1.28
乐歌股份,sz300729,13.01,13.02,12.9,3229000.0,13.0,6300,13.01,500,-0.08,13.04,12.85,3229000,41810000.0,0.98,1.46,42.68,44.44,15.62,10.42,0.95
博腾股份,sz300363,21.38,21.37,21.11,11792500.0,21.37,2100,21.38,20900,0.05,21.8,20.82,11792500,251020000.0,2.36,4.59,106.66,116.19,25.64,17.1,0.95
诚邦股份,sh603316,15.06,15.42,15.41,7410300.0,15.06,6100,15.07,18600,-2.33,15.41,14.9,7410300,111810000.0,2.8,3.31,39.8,39.8,16.96,13.88,0.82
南网能源,sz003035,8.38,9.18,9.0,163871900.0,8.38,611500,8.39,281900,-8.71,9.0,8.38,163871900,1418540000.0,4.33,6.75,317.42,317.42,10.1,8.26,1.19
怡 亚 通,sz002183,5.7,5.81,5.77,85579200.0,5.7,1041800,5.71,23400,-1.89,5.79,5.65,85579200,488500000.0,3.3,2.41,148.03,148.03,6.39,5.23,0.47
微光股份,sz002801,31.65,32.06,31.85,1522100.0,31.65,11500,31.66,500,-1.28,32.0,31.3,1522100,48020000.0,1.31,2.18,36.65,72.68,35.27,28.85,1.0
永利股份,sz300230,4.68,4.72,4.69,8625000.0,4.68,24200,4.69,1000,-0.85,4.72,4.62,8625000,40200000.0,1.37,2.12,29.48,38.06,5.66,3.78,0.86
顺网科技,sz300113,27.45,28.81,28.55,57458800.0,27.45,141300,27.46,14600,-4.72,28.73,26.38,57458800,1565710000.0,11.29,8.16,139.73,185.06,34.57,23.05,0.98
长沙银行,sh601577,9.83,9.96,9.94,19229600.0,9.83,18900,9.84,50200,-1.31,9.98,9.82,19229600,190070000.0,0.48,1.61,395.23,395.32,10.96,8.96,1.27
融捷健康,sz300247,4.38,4.33,4.34,13187300.0,4.37,51700,4.38,7900,1.15,4.41,4.27,13187300,57210000.0,1.64,3.23,35.17,35.22,5.2,3.46,0.93
齐翔腾达,sz002408,6.17,6.13,6.11,43347200.0,6.16,263400,6.17,131200,0.65,6.21,6.1,43347200,267030000.0,1.58,1.79,169.74,175.4,6.74,5.52,0.78
银禧科技,sz300221,11.09,11.17,11.18,17629700.0,11.09,109600,11.1,15400,-0.72,11.26,10.95,17629700,195080000.0,3.86,2.78,50.7,52.54,13.4,8.94,0.72
桂林三金,sz002275,14.0,14.11,14.12,1648600.0,14.0,3000,14.01,2000,-0.78,14.15,13.96,1648600,23120000.0,0.29,1.35,78.27,82.26,15.52,12.7,1.06
至正股份,sh603991,108.18,120.2,120.18,5457300.0,0.0,0,108.18,295900,-10.0,120.18,108.18,5457300,601900000.0,7.32,9.98,80.63,165.2,132.22,108.18,1.97
朗姿股份,sz002612,16.56,16.46,16.46,5238400.0,16.55,800,16.56,15000,0.61,16.64,16.27,5238400,86360000.0,2.06,2.25,42.18,73.27,18.11,14.81,1.27
钛能化学,sz002145,4.64,4.65,4.64,36026000.0,4.64,98500,4.65,154000,-0.22,4.68,4.59,36026000,166900000.0,0.97,1.94,173.02,176.63,5.12,4.19,0.86
铜冠矿建,bj920019,18.27,18.33,18.4,1596900.0,18.27,101200,18.29,500,-0.33,18.44,17.95,1596900,29019200.0,0.95,2.67,30.61,38.42,23.82,12.84,0.58
楚天科技,sz300358,9.7,9.92,9.91,31407600.0,9.7,50700,9.71,25300,-2.22,10.03,9.57,31407600,305640000.0,4.48,4.64,68.03,69.36,11.9,7.94,1.15
国药一致,sz000028,24.79,25.0,25.0,3915900.0,24.79,3100,24.8,147000,-0.84,25.03,24.63,3915900,97030000.0,0.82,1.6,118.51,137.97,27.5,22.5,0.84
协鑫能科,sz002015,19.51,20.68,20.06,157581800.0,19.5,786100,19.51,267100,-5.66,20.88,19.5,157581800,3176920000.0,9.71,6.67,316.71,316.71,22.75,18.61,0.77
万和电气,sz002543,8.37,8.42,8.39,4124400.0,8.37,22400,8.38,1400,-0.59,8.43,8.25,4124400,34490000.0,0.62,2.14,55.38,62.24,9.26,7.58,1.0
中建环能,sz300425,4.98,4.91,4.93,11953300.0,4.98,41800,4.99,19900,1.43,5.01,4.88,11953300,59120000.0,1.76,2.65,33.9,33.97,5.89,3.93,1.86
网宿科技,sz300017,17.8,18.9,18.53,349610900.0,17.8,158200,17.81,369900,-5.82,18.6,16.8,349610900,6119970000.0,15.17,9.52,410.33,437.78,22.68,15.12,1.41
同花顺,sz300033,228.52,236.01,234.31,14209700.0,228.52,7600,228.59,200,-3.17,235.85,227.02,14209700,3253160000.0,3.24,3.74,1001.86,1719.93,283.21,188.81,0.96
永兴股份,sh601033,14.84,14.97,15.0,3021700.0,14.83,9300,14.84,5300,-0.87,15.0,14.8,3021700,44900000.0,1.26,1.34,35.62,133.56,16.47,13.47,0.95
梅花生物,sh600873,10.15,10.0,10.01,45991900.0,10.15,99400,10.16,52200,1.5,10.21,9.92,45991900,462720000.0,1.64,2.9,284.63,284.63,11.0,9.0,0.57
共同药业,sz300966,22.6,21.67,21.49,4727300.0,22.6,1400,22.61,3800,4.29,22.86,21.49,4727300,106150000.0,6.17,6.32,17.33,26.05,26.0,17.34,2.95
铁建重工,sh688425,4.8,4.83,4.83,1430028500.0,4.79,508900,4.8,149000,-0.62,4.84,4.79,1430028500,68720000.0,0.27,1.04,256.01,256.01,5.8,3.86,0.88
龙磁科技,sz300835,95.59,94.95,94.07,3046100.0,95.59,500,95.6,1300,0.67,96.2,92.68,3046100,287170000.0,3.66,3.71,79.48,113.99,113.94,75.96,0.73
有研新材,sh600206,26.62,25.95,25.73,99784800.0,26.62,31100,26.63,20900,2.58,27.17,25.26,99784800,2634100000.0,11.79,7.36,225.35,225.35,28.55,23.36,1.1
恒申新材,sz000782,6.2,6.27,6.26,20058800.0,6.2,16500,6.21,28400,-1.12,6.31,6.14,20058800,124700000.0,3.8,2.71,32.74,42.57,6.9,5.64,0.55
浦东金桥,sh600639,11.12,11.38,11.34,7784200.0,11.12,9400,11.13,15200,-2.28,11.35,11.07,7784200,86880000.0,0.92,2.46,94.55,124.81,12.52,10.24,0.93
中远海控,sh601919,14.4,14.45,14.44,64107300.0,14.4,26500,14.41,88100,-0.35,14.49,14.32,64107300,923630000.0,0.51,1.18,1808.09,2205.03,15.9,13.01,1.02
九州通,sh600998,5.41,5.41,5.38,42388400.0,5.4,1110700,5.41,27900,0.0,5.48,5.38,42388400,229770000.0,0.84,1.85,272.8,272.8,5.95,4.87,1.27
皓元医药,sh688131,72.96,73.8,74.3,387383300.0,72.95,700,72.96,16000,-1.14,76.54,72.81,387383300,289800000.0,1.83,5.05,154.75,154.75,88.56,59.04,1.16
中科曙光,sh603019,92.76,91.68,93.06,82527200.0,92.76,48900,92.77,1900,1.18,94.46,90.53,82527200,7657670000.0,5.64,4.29,1356.81,1357.19,100.85,82.51,1.47
苏农银行,sh603323,4.93,5.03,5.02,30813500.0,4.93,342500,4.94,483900,-1.99,5.03,4.89,30813500,152270000.0,1.53,2.78,99.51,99.51,5.53,4.53,1.37
赣粤高速,sh600269,4.39,4.45,4.45,19711700.0,4.39,31100,4.4,330500,-1.35,4.45,4.37,19711700,86900000.0,0.84,1.8,102.52,102.52,4.9,4.01,1.39
荣盛石化,sz002493,12.11,11.89,11.8,45012500.0,12.1,9300,12.11,24800,1.85,12.2,11.77,45012500,542610000.0,0.48,3.62,1133.76,1209.72,13.08,10.7,0.79
中国电建,sh601669,5.78,5.94,5.88,257598200.0,5.78,86300,5.79,1248900,-2.69,5.89,5.76,257598200,1495370000.0,1.97,2.19,755.53,995.67,6.53,5.35,0.88
三六零,sh601360,11.03,10.97,10.89,81508100.0,11.02,256000,11.03,179500,0.55,11.08,10.71,81508100,887370000.0,1.16,3.37,772.05,772.05,12.07,9.87,1.21
蓝特光学,sh688127,68.3,69.47,69.5,742467600.0,68.3,30100,68.33,200,-1.68,70.2,67.01,742467600,508260000.0,1.83,4.59,277.23,277.23,83.36,55.58,0.82
本立科技,sz301065,23.58,23.05,22.9,1842000.0,23.58,6200,23.59,500,2.3,23.72,22.77,1842000,42990000.0,2.13,4.12,20.35,25.0,27.66,18.44,1.22
中微半导,sh688380,45.91,46.59,46.28,901481000.0,45.9,4000,45.91,3900,-1.46,47.2,45.54,901481000,415690000.0,2.25,3.56,183.81,183.81,55.91,37.27,1.16
龙净环保,sh600388,19.49,19.03,18.92,20276900.0,19.48,21200,19.49,25200,2.42,19.79,18.88,20276900,393210000.0,1.6,4.78,247.53,247.53,20.93,17.13,1.16
冀中能源,sz000937,5.65,5.68,5.68,19783900.0,5.64,3600,5.65,36000,-0.53,5.71,5.62,19783900,111980000.0,0.58,1.58,193.99,199.65,6.25,5.11,1.04
三湘印象,sz000863,4.53,4.44,4.47,25122400.0,4.53,318100,4.54,11700,2.03,4.62,4.4,25122400,113750000.0,2.16,4.95,52.71,53.49,4.88,4.0,0.68
辉煌科技,sz002296,11.16,11.3,11.21,8015800.0,11.15,48600,11.16,1300,-1.24,11.25,11.03,8015800,89150000.0,2.31,1.95,38.77,43.48,12.43,10.17,0.84
*ST中地,sz000736,5.31,5.2,5.2,5619100.0,5.3,15800,5.31,74400,2.12,5.31,5.15,5619100,29400000.0,0.75,3.08,39.67,39.67,5.46,4.94,1.03
中设股份,sz002883,9.45,9.39,9.3,3477300.0,9.45,5200,9.46,600,0.64,9.5,9.29,3477300,32660000.0,2.27,2.24,14.49,14.76,10.33,8.45,0.97
中粮科工,sz301058,9.97,9.91,9.95,6346500.0,9.96,3100,9.97,100,0.61,9.99,9.8,6346500,62810000.0,1.24,1.92,51.07,51.07,11.89,7.93,1.53
步长制药,sh603858,16.39,16.5,16.4,4774800.0,16.36,3200,16.39,15500,-0.67,16.49,16.09,4774800,77860000.0,0.45,2.42,172.84,172.84,18.15,14.85,1.07
重庆银行,sh601963,10.9,11.04,11.07,10613000.0,10.9,22400,10.92,1500,-1.27,11.1,10.88,10613000,116660000.0,0.52,1.99,221.71,395.21,12.14,9.94,0.74
天新药业,sh603235,26.02,26.33,26.33,737800.0,26.01,1700,26.02,4700,-1.18,26.33,25.93,737800,19200000.0,0.17,1.52,113.91,113.91,28.96,23.7,1.53
成都银行,sh601838,18.37,18.16,18.12,34489800.0,18.36,46400,18.37,34000,1.16,18.43,17.98,34489800,630900000.0,0.81,2.48,778.6,778.6,19.98,16.34,1.34
北京银行,sh601169,5.46,5.48,5.47,122107100.0,5.46,391200,5.47,2220000,-0.36,5.49,5.44,122107100,667020000.0,0.58,0.91,1154.41,1154.41,6.03,4.93,1.29
达梦数据,sh688692,247.8,255.55,253.39,153403400.0,247.8,2200,248.0,1600,-3.03,255.0,246.5,153403400,382020000.0,2.1,3.33,181.23,280.61,306.66,204.44,1.0
重庆燃气,sh600917,5.24,5.28,5.26,4579600.0,5.23,214700,5.24,43300,-0.76,5.26,5.22,4579600,23980000.0,0.29,0.76,81.8,81.8,5.81,4.75,0.64
圣达生物,sh603079,17.16,16.59,16.5,9605500.0,17.15,2600,17.16,2800,3.44,18.25,16.5,9605500,166270000.0,5.08,10.55,32.44,32.44,18.25,14.93,2.85
维宏股份,sz300508,33.08,32.96,32.97,2551500.0,33.08,2700,33.09,3400,0.36,33.19,32.36,2551500,83490000.0,3.11,2.52,27.12,36.01,39.55,26.37,0.58
招商证券,sh600999,15.37,15.46,15.4,29201800.0,15.36,16200,15.37,5100,-0.58,15.46,15.25,29201800,447510000.0,0.39,1.36,1140.76,1336.66,17.01,13.91,0.88
美信科技,sz301577,66.95,65.35,64.7,2405200.0,66.95,6400,67.0,100,2.45,68.88,63.38,2405200,159830000.0,12.77,8.42,12.61,30.15,78.42,52.28,1.34
泽璟制药-U,sh688266,97.1,98.0,96.62,330822200.0,97.1,3700,97.34,0,-0.92,99.88,94.88,330822200,322360000.0,1.25,5.1,257.03,257.03,117.6,78.4,1.18
明牌珠宝,sz002574,5.32,5.3,5.3,7062200.0,5.32,20200,5.33,54500,0.38,5.36,5.21,7062200,37350000.0,1.34,2.83,28.09,28.09,5.83,4.77,1.05
中际旭创,sz300308,886.99,897.0,900.25,38388400.0,886.43,100,886.99,1600,-1.12,915.0,854.53,38388400,33962430000.0,3.46,6.74,9830.56,9877.53,1076.4,717.6,1.26
上峰水泥,sz000672,13.69,13.39,13.45,14739300.0,13.69,15000,13.7,27700,2.24,13.75,13.41,14739300,200350000.0,1.52,2.54,132.71,132.71,14.73,12.05,1.22
中粮糖业,sh600737,14.83,14.87,14.8,16946500.0,14.83,26700,14.84,39000,-0.27,15.09,14.73,16946500,252680000.0,0.79,2.42,317.19,317.19,16.36,13.38,0.78
金禄电子,sz301282,42.81,44.43,43.8,12112000.0,42.81,47500,42.82,2200,-3.65,44.58,42.5,12112000,522460000.0,10.3,4.68,50.34,64.7,53.32,35.54,0.61
昀冢科技,sh688260,30.82,31.1,30.62,457004900.0,30.82,2000,30.86,1000,-0.9,31.85,30.11,457004900,140800000.0,3.81,5.59,36.98,36.98,37.32,24.88,1.07
东山精密,sz002384,187.9,186.66,193.5,117978800.0,187.89,2700,187.9,61000,0.66,196.0,179.01,117978800,22124510000.0,8.51,9.1,2604.9,3441.59,205.33,167.99,1.13
大豪科技,sh603025,16.14,16.16,16.11,14250700.0,16.14,66800,16.15,10700,-0.12,16.28,15.87,14250700,229570000.0,1.28,2.54,179.02,180.23,17.78,14.54,0.62
粤高速Ａ,sz000429,12.83,12.77,12.79,4613300.0,12.83,2400,12.84,12300,0.47,12.91,12.68,4613300,59080000.0,0.35,1.8,167.22,268.25,14.05,11.49,1.0
中国石化,sh600028,5.39,5.45,5.43,235104300.0,5.39,469500,5.4,4399600,-1.1,5.44,5.35,235104300,1267320000.0,0.25,1.65,5107.16,6517.89,6.0,4.91,0.95
中旗股份,sz300575,6.75,6.14,6.41,47567200.0,6.75,130600,6.76,9900,9.93,6.89,6.39,47567200,318460000.0,13.88,8.14,23.13,32.2,7.37,4.91,4.04
中国电研,sh688128,25.85,26.3,26.2,215969700.0,25.84,1500,25.85,14400,-1.71,26.2,25.66,215969700,55900000.0,0.53,2.05,104.56,104.56,31.56,21.04,1.04
长青股份,sz002391,6.49,6.37,6.37,17170100.0,6.49,23300,6.5,3500,1.88,6.56,6.32,17170100,111090000.0,3.7,3.77,30.12,42.16,7.01,5.73,1.06
麦澜德,sh688273,46.91,48.29,48.43,123865500.0,46.91,18300,46.92,1100,-2.86,48.43,46.62,123865500,58600000.0,1.24,3.75,46.91,46.91,57.95,38.63,0.62
神马电力,sh603530,60.98,61.61,61.24,4370500.0,60.98,2400,60.99,4600,-1.02,62.4,60.0,4370500,266960000.0,1.02,3.9,260.67,263.24,67.77,55.45,0.67
辉隆股份,sz002556,6.72,6.29,6.25,40825900.0,6.71,61900,6.72,84400,6.84,6.89,6.23,40825900,268230000.0,4.32,10.49,63.55,63.61,6.92,5.66,2.33
金河生物,sz002688,5.81,5.74,5.71,7242500.0,5.8,51600,5.81,298600,1.22,5.84,5.68,7242500,41720000.0,0.97,2.79,43.43,44.71,6.31,5.17,0.92
山西证券,sz002500,5.52,5.56,5.54,14879800.0,5.51,228100,5.52,220600,-0.72,5.56,5.49,14879800,82130000.0,0.41,1.26,198.16,198.16,6.12,5.0,0.89
天鹅股份,sh603029,18.67,18.43,18.29,2212000.0,18.66,800,18.67,800,1.3,18.8,18.18,2212000,40970000.0,1.82,3.36,22.65,22.65,20.27,16.59,1.29
共达电声,sz002655,25.15,24.71,24.94,58463100.0,25.14,10800,25.15,29000,1.78,26.2,23.98,58463100,1468540000.0,16.1,8.98,91.31,91.49,27.18,22.24,1.48
博汇纸业,sh600966,6.13,6.81,6.7,42602000.0,0.0,0,6.13,667300,-9.99,6.78,6.13,42602000,266440000.0,3.19,9.54,81.95,81.95,7.49,6.13,3.02
上海凯宝,sz300039,5.79,5.8,5.77,7733600.0,5.79,18300,5.8,101200,-0.17,5.82,5.72,7733600,44530000.0,0.84,1.72,53.09,60.56,6.96,4.64,0.72
万通发展,sh600246,9.7,10.03,10.0,74407600.0,9.7,257400,9.71,171600,-3.29,10.26,9.7,74407600,736240000.0,3.94,5.58,183.37,188.47,11.03,9.03,1.34
顾家家居,sh603816,29.11,30.23,30.4,10360800.0,29.11,800,29.12,2300,-3.7,30.4,29.04,10360800,305280000.0,1.28,4.5,236.42,239.12,33.25,27.21,1.72
华帝股份,sz002035,6.03,6.16,6.15,15879600.0,6.03,34300,6.04,3500,-2.11,6.15,6.03,15879600,96380000.0,2.03,1.95,47.16,51.11,6.78,5.54,1.07
鸥玛软件,sz301185,18.63,18.54,18.42,1895900.0,18.63,15600,18.64,3400,0.49,18.64,18.06,1895900,34730000.0,1.36,3.13,26.06,28.58,22.25,14.83,0.93
梦网科技,sz002123,9.94,10.08,10.0,14944300.0,9.93,21400,9.94,10400,-1.39,10.07,9.82,14944300,148430000.0,2.08,2.48,71.57,80.06,11.09,9.07,0.63
深南电路,sz002916,301.36,301.3,305.0,15283000.0,301.36,15100,301.38,300,0.02,313.0,293.45,15283000,4613980000.0,2.3,6.49,2003.47,2052.76,331.43,271.17,1.29
阿拉丁,sh688179,18.69,19.3,19.24,1529609100.0,18.66,10300,18.69,35700,-3.16,19.24,18.27,1529609100,284900000.0,4.4,5.03,65.04,65.04,23.16,15.44,1.12
三佳科技,sh600520,29.09,28.81,28.47,9109500.0,29.08,13300,29.09,12300,0.97,29.58,28.4,9109500,263810000.0,5.75,4.1,46.09,46.09,31.69,25.93,0.55
杭州柯林,sh688611,65.55,64.0,63.52,175737900.0,65.52,7000,65.55,300,2.42,66.2,63.2,175737900,114440000.0,1.15,4.69,100.55,100.55,76.8,51.2,0.9
圣湘生物,sh688289,17.44,17.66,17.6,359629800.0,17.44,13300,17.48,9200,-1.25,17.71,17.4,359629800,63010000.0,0.62,1.76,101.05,101.05,21.19,14.13,1.17
兄弟科技,sz002562,5.57,5.74,5.66,48520400.0,5.57,91100,5.58,137900,-2.96,5.68,5.42,48520400,267560000.0,5.96,4.53,45.31,63.66,6.31,5.17,2.37
泰格医药,sz300347,56.02,56.11,55.8,9769300.0,56.02,4800,56.04,900,-0.16,57.3,55.0,9769300,548240000.0,1.73,4.1,317.19,482.35,67.33,44.89,1.0
永茂泰,sh605208,15.49,14.69,14.67,21342800.0,15.48,19200,15.49,7500,5.45,15.64,14.42,21342800,324020000.0,6.47,8.3,51.11,51.11,16.16,13.22,1.03
大湖股份,sh600257,6.2,6.25,6.2,14268400.0,6.2,55800,6.21,56000,-0.8,6.25,6.1,14268400,87920000.0,2.96,2.4,29.84,29.84,6.88,5.63,0.87
怡达股份,sz300721,21.0,17.69,18.04,58279300.0,20.99,48000,21.0,7600,18.71,21.23,17.15,58279300,1097360000.0,42.12,23.06,29.05,34.62,21.23,14.15,7.58
恒大高新,sz002591,7.08,6.84,6.83,11212300.0,7.07,5300,7.08,21600,3.51,7.12,6.8,11212300,78520000.0,5.02,4.68,15.82,21.25,7.52,6.16,1.55
三峡水利,sh600116,6.59,6.7,6.65,24340500.0,6.59,94800,6.6,44500,-1.64,6.67,6.58,24340500,161150000.0,1.27,1.34,126.01,126.01,7.37,6.03,0.72
圣元环保,sz300867,21.34,21.01,21.82,17036500.0,21.33,14100,21.34,74300,1.57,22.0,21.13,17036500,366520000.0,8.89,4.14,40.89,57.99,25.21,16.81,1.93
鹿山新材,sh603051,22.25,22.16,22.02,3069000.0,22.25,4600,22.32,1000,0.41,22.42,22.01,3069000,68130000.0,1.9,1.85,35.96,35.96,24.38,19.94,0.57
国投电力,sh600886,13.37,13.51,13.5,21795600.0,13.37,115800,13.38,1000,-1.04,13.6,13.36,21795600,293140000.0,0.29,1.78,996.62,1070.2,14.86,12.16,0.79
龙利得,sz300883,6.7,6.71,6.66,11545900.0,6.69,225500,6.7,56200,-0.15,6.72,6.56,11545900,76490000.0,3.49,2.38,22.16,23.18,8.05,5.37,0.93
派斯林,sh600215,6.71,6.64,6.6,9081900.0,6.7,120000,6.71,1800,1.05,6.79,6.49,9081900,60140000.0,1.99,4.52,30.66,30.66,7.3,5.98,0.9
新集能源,sh601918,8.11,8.15,8.06,56959700.0,8.11,54700,8.12,40500,-0.49,8.2,8.0,56959700,462070000.0,2.2,2.45,210.09,210.09,8.97,7.34,1.14
南方传媒,sh601900,12.63,13.15,13.03,18571500.0,12.63,198400,12.64,8100,-3.95,13.04,12.55,18571500,236130000.0,2.11,3.73,111.39,111.39,14.47,11.84,1.53
华夏银行,sh600015,7.15,7.18,7.19,44346500.0,7.15,4700,7.16,354900,-0.42,7.2,7.11,44346500,316800000.0,0.29,1.25,1100.19,1137.92,7.9,6.46,0.92
出版传媒,sh601999,7.51,7.49,7.4,10299000.0,7.51,65600,7.52,10200,0.27,7.56,7.32,10299000,76820000.0,1.87,3.2,41.37,41.37,8.24,6.74,0.57
清源股份,sh603628,13.19,13.44,13.36,6724700.0,13.19,56800,13.2,22900,-1.86,13.39,13.12,6724700,88690000.0,2.47,2.01,35.9,36.02,14.78,12.1,0.85
鲁北化工,sh600727,8.02,7.96,7.86,29550400.0,8.02,74400,8.03,191100,0.75,8.09,7.81,29550400,236220000.0,5.59,3.52,42.39,42.39,8.76,7.16,0.63
康尼机电,sh603111,6.72,6.95,6.9,14303600.0,6.72,9100,6.73,123700,-3.31,6.93,6.61,14303600,95840000.0,1.68,4.6,57.31,57.93,7.65,6.26,2.57
国光股份,sz002749,12.7,12.66,12.68,2670600.0,12.7,98600,12.71,46000,0.32,12.73,12.54,2670600,33810000.0,0.59,1.5,57.61,59.23,13.93,11.39,0.6
兴业银行,sh601166,18.18,18.2,18.18,80731000.0,18.18,468900,18.19,55000,-0.11,18.32,18.11,80731000,1469910000.0,0.38,1.15,3847.41,3847.41,20.02,16.38,0.79
国光电器,sz002045,11.0,11.28,11.23,14395200.0,11.0,30900,11.01,1200,-2.48,11.32,10.86,14395200,157980000.0,2.56,4.08,61.79,61.87,12.41,10.15,1.01
郑中设计,sz002811,13.25,13.14,13.1,4208400.0,13.23,1000,13.25,1900,0.84,13.34,12.83,4208400,55060000.0,1.49,3.88,37.44,40.81,14.45,11.83,0.97
联盛化学,sz301212,28.27,28.23,27.24,3240700.0,28.15,2000,28.27,3200,0.14,28.4,25.84,3240700,88370000.0,3.46,9.07,26.5,30.53,33.88,22.58,3.15
则成电子,bj920821,23.98,25.25,24.94,3061100.0,23.98,6800,23.99,6000,-5.03,25.25,23.9,3061100,74349500.0,4.2,5.35,17.47,33.18,32.82,17.68,0.5
ST尔雅,sh600107,5.6,5.7,5.69,3067400.0,5.6,23100,5.61,700,-1.75,5.76,5.57,3067400,17280000.0,0.85,3.33,20.16,20.16,5.99,5.42,0.6
智信精密,sz301512,47.18,47.73,48.14,1275400.0,47.18,24200,47.19,4400,-1.15,48.14,46.6,1275400,60410000.0,5.14,3.23,11.71,25.16,57.28,38.18,0.68
ST逸飞,sh688646,54.47,53.85,53.36,111362000.0,54.43,200,54.47,23600,1.15,54.73,53.36,111362000,60490000.0,1.92,2.54,31.58,51.29,64.62,43.08,0.71
蒙泰高新,sz300876,27.17,27.28,27.11,1543000.0,27.17,600,27.19,1800,-0.4,27.32,26.51,1543000,41570000.0,1.9,2.97,22.04,29.54,32.74,21.82,0.73
华宇软件,sz300271,6.48,6.48,6.46,9379600.0,6.47,17000,6.48,3800,0.0,6.53,6.31,9379600,60190000.0,1.18,3.4,51.66,52.61,7.78,5.18,1.08
康平科技,sz300907,28.78,29.58,28.64,1809800.0,28.78,800,28.79,300,-2.7,29.11,28.27,1809800,51770000.0,1.89,2.84,27.63,27.63,35.5,23.66,0.72
龙源技术,sz300105,6.79,6.57,6.53,19359900.0,6.79,46300,6.8,83100,3.35,6.85,6.53,19359900,130850000.0,3.76,4.87,35.0,35.02,7.88,5.26,2.55
华工科技,sz000988,115.32,117.65,115.0,69397000.0,115.32,19500,115.33,11900,-1.98,117.35,113.03,69397000,7975590000.0,6.91,3.67,1158.95,1159.55,129.42,105.89,0.75
斯达半导,sh603290,108.7,106.0,106.08,10120500.0,108.7,15400,108.71,3000,2.55,110.69,106.01,10120500,1097150000.0,4.23,4.42,260.31,260.31,116.6,95.4,1.97
江山欧派,sh603208,13.15,12.86,12.85,2551900.0,13.13,1300,13.15,700,2.26,13.22,12.78,2551900,33380000.0,1.44,3.42,23.3,23.3,14.15,11.57,1.74
海森药业,sz001367,25.46,25.91,25.6,2920400.0,25.46,21400,25.49,2200,-1.74,25.93,25.06,2920400,74290000.0,2.4,3.36,30.97,38.79,28.5,23.32,0.47
中持股份,sh603903,12.42,12.64,12.62,11518400.0,12.41,28900,12.42,600,-1.74,12.77,12.28,11518400,143560000.0,4.51,3.88,31.71,31.71,13.9,11.38,1.31
中交设计,sh600720,6.74,6.75,6.76,6011400.0,6.74,21500,6.75,218700,-0.15,6.76,6.67,6011400,40340000.0,0.6,1.33,68.01,154.66,7.43,6.08,0.92
智动力,sz300686,19.19,19.81,19.93,13080700.0,19.19,26700,19.2,700,-3.13,20.3,18.89,13080700,251260000.0,5.05,7.12,49.68,50.01,23.77,15.85,0.61
辰光医疗,bj920300,11.51,11.9,11.89,1688100.0,11.51,900,11.55,11300,-3.28,11.91,11.51,1688100,19625200.0,2.54,3.36,7.66,9.88,15.47,8.33,0.96
陕天然气,sz002267,7.86,7.9,7.86,6634400.0,7.86,96900,7.87,86800,-0.51,7.89,7.8,6634400,52040000.0,0.6,1.14,87.41,87.41,8.69,7.11,0.87
汉朔科技,sz301275,39.95,41.04,41.0,3809600.0,39.93,2300,39.95,12900,-2.66,41.0,39.95,3809600,153880000.0,1.3,2.56,117.27,168.75,49.25,32.83,0.94
物产金轮,sz002722,15.2,14.99,14.99,4209000.0,15.2,19500,15.21,1100,1.4,15.2,14.75,4209000,63250000.0,1.89,3.0,33.8,33.8,16.49,13.49,0.71
深水规院,sz301038,20.2,20.68,20.62,2684100.0,20.19,1000,20.2,97800,-2.32,20.74,20.0,2684100,54250000.0,1.2,3.58,45.06,45.06,24.82,16.54,1.3
致远互联,sh688369,23.52,23.66,23.69,347686300.0,23.52,6100,23.56,12600,-0.59,23.78,22.9,347686300,81280000.0,3.02,3.72,27.1,27.1,28.39,18.93,0.76
财富趋势,sh688318,110.3,112.93,112.03,262970000.0,110.3,1400,110.35,3800,-2.33,113.0,109.0,262970000,289950000.0,1.03,3.54,282.5,282.5,135.52,90.34,0.93
华阳股份,sh600348,10.1,10.03,9.92,52502500.0,10.1,42300,10.11,183600,0.7,10.29,9.91,52502500,532300000.0,1.46,3.79,364.36,364.36,11.03,9.03,0.83
天益医疗,sz301097,57.46,58.94,58.65,1618800.0,57.46,1400,57.61,100,-2.51,59.17,56.22,1618800,92840000.0,5.59,5.01,16.63,33.87,70.73,47.15,1.66
东富龙,sz300171,13.96,14.14,14.14,6232600.0,13.96,18600,13.97,1500,-1.27,14.22,13.9,6232600,87170000.0,1.11,2.26,78.55,106.91,16.97,11.31,0.98
ST未名,sz002581,7.23,7.37,7.32,3697400.0,7.23,68900,7.24,3200,-1.9,7.38,7.22,3697400,26900000.0,0.92,2.17,28.98,47.7,7.74,7.0,0.73
乐普医疗,sz300003,14.57,14.84,14.8,33772000.0,14.56,154900,14.57,27900,-1.82,14.95,14.51,33772000,493090000.0,2.14,2.96,230.05,268.59,17.81,11.87,1.06
中国银河,sh601881,12.42,12.57,12.55,26832500.0,12.41,160900,12.42,41800,-1.19,12.57,12.38,26832500,333660000.0,0.37,1.51,899.63,1358.05,13.83,11.31,0.77
凯中精密,sz002823,15.97,15.82,15.72,7347100.0,15.97,3900,15.98,12700,0.95,16.1,15.61,7347100,117030000.0,3.36,3.1,34.96,52.44,17.4,14.24,1.83
南京证券,sh601990,7.23,7.3,7.3,13826400.0,7.22,135700,7.23,237400,-0.96,7.32,7.2,13826400,100080000.0,0.38,1.64,266.52,318.09,8.03,6.57,1.07
西部证券,sz002673,7.08,7.08,7.08,27553300.0,7.08,187400,7.09,118000,0.0,7.14,7.03,27553300,195200000.0,0.62,1.55,316.45,316.45,7.79,6.37,1.0
中兰环保,sz300854,28.92,29.57,29.35,4985000.0,28.92,2400,29.0,400,-2.2,30.3,28.38,4985000,146220000.0,6.13,6.49,23.52,28.94,35.48,23.66,0.81
设计总院,sh603357,8.16,8.16,8.14,4416600.0,8.16,3700,8.17,9400,0.0,8.2,8.05,4416600,35890000.0,0.79,1.84,45.34,45.74,8.98,7.34,1.17
隆盛科技,sz300680,38.35,39.06,38.87,5428900.0,38.35,31900,38.36,2100,-1.82,39.23,38.15,5428900,209290000.0,3.09,2.76,67.43,87.33,46.87,31.25,0.63
水晶光电,sz002273,32.1,33.48,33.35,93464200.0,32.09,16800,32.1,2400,-4.12,33.8,31.4,93464200,3008460000.0,6.86,7.17,437.23,446.39,36.83,30.13,0.95
软控股份,sz002073,7.12,7.19,7.15,16939600.0,7.12,60200,7.13,101500,-0.97,7.18,7.08,16939600,120540000.0,1.67,1.39,72.17,72.91,7.91,6.47,0.76
先达股份,sh603086,7.36,7.36,7.3,5041600.0,7.35,116800,7.36,40700,0.0,7.37,7.28,5041600,36970000.0,1.16,1.22,32.0,32.0,8.1,6.62,0.46
禾盛新材,sz002290,81.35,73.95,81.35,22814800.0,81.35,208000,0.0,0,10.01,81.35,79.0,22814800,1851830000.0,9.23,3.18,201.09,201.84,81.35,66.56,2.53
测绘股份,sz300826,16.6,16.65,16.6,3452100.0,16.59,3400,16.6,18000,-0.3,16.8,16.4,3452100,57090000.0,2.04,2.4,28.15,29.27,19.98,13.32,1.48
鸿路钢构,sz002541,19.49,19.4,19.4,5912600.0,19.49,1300,19.5,5100,0.46,19.9,19.39,5912600,116460000.0,1.19,2.63,96.7,134.48,21.34,17.46,0.66
敏芯股份,sh688286,69.99,69.95,69.17,160389800.0,69.98,4200,69.99,13600,0.06,70.67,69.15,160389800,112160000.0,2.86,2.17,39.24,39.24,83.94,55.96,1.19
常宝股份,sz002478,10.2,11.33,10.6,54901100.0,0.0,0,10.2,2052300,-9.97,10.65,10.2,54901100,563400000.0,7.6,3.97,73.72,91.88,12.46,10.2,1.33
天键股份,sz301383,28.1,28.31,28.08,972600.0,28.09,3500,28.1,4600,-0.74,28.47,27.78,972600,27280000.0,1.38,2.44,19.84,45.91,33.97,22.65,0.82
罗平锌电,sz002114,9.04,8.88,8.79,12146200.0,9.04,5100,9.05,40500,1.8,9.12,8.75,12146200,108940000.0,3.76,4.17,29.23,29.23,9.77,7.99,0.9
沪宁股份,sz300669,32.56,33.54,33.12,1264100.0,32.55,300,32.56,2500,-2.92,33.66,32.4,1264100,41400000.0,0.69,3.76,59.42,62.74,40.25,26.83,0.72
赛特新材,sh688398,29.58,30.63,30.13,623139100.0,29.58,22400,29.6,10300,-3.43,32.09,29.38,623139100,188960000.0,3.71,8.85,49.64,49.64,36.76,24.5,2.04
贝斯美,sz300796,8.35,8.47,8.47,8552100.0,8.34,2800,8.35,16000,-1.42,8.47,8.19,8552100,70970000.0,2.37,3.31,30.16,30.16,10.16,6.78,1.13
青岛港,sh601298,9.06,9.13,9.08,7654500.0,9.04,5700,9.06,3900,-0.77,9.18,9.03,7654500,69660000.0,0.14,1.64,488.52,588.09,10.04,8.22,0.91
黑牡丹,sh600510,10.95,11.19,11.2,29098300.0,10.94,53600,10.95,39400,-2.14,11.38,10.51,29098300,317980000.0,2.82,7.77,113.01,113.01,12.31,10.07,0.99
康德莱,sh603987,8.78,8.61,8.6,5244700.0,8.78,400,8.79,61500,1.97,8.79,8.55,5244700,45650000.0,1.2,2.79,38.35,38.35,9.47,7.75,1.06
豪威集团,sh603501,95.12,92.44,92.25,34977500.0,95.12,400,95.13,17900,2.9,96.72,92.17,34977500,3305850000.0,2.89,4.92,1151.34,1199.6,101.68,83.2,1.98
隆基绿能,sh601012,17.39,17.53,17.51,97503700.0,17.39,109900,17.4,378200,-0.8,17.56,17.26,97503700,1695870000.0,1.29,1.71,1317.82,1317.83,19.28,15.78,0.91
仙琚制药,sz002332,8.89,8.96,8.91,8773800.0,8.88,76000,8.89,102200,-0.78,8.96,8.86,8773800,78000000.0,0.89,1.12,87.53,87.94,9.86,8.06,0.59
潜能恒信,sz300191,41.17,43.15,42.38,16819200.0,41.17,45600,41.18,7800,-4.59,42.88,40.56,16819200,694790000.0,7.6,5.38,91.07,131.74,51.78,34.52,1.04
邦彦技术,sh688132,17.22,17.07,16.97,92647400.0,17.17,1600,17.22,2700,0.88,17.44,16.83,92647400,15830000.0,0.61,3.57,26.21,26.21,20.48,13.66,0.79
华中数控,sz300161,28.95,28.79,28.64,2181200.0,28.94,800,28.95,3100,0.56,29.1,28.38,2181200,62780000.0,1.12,2.5,56.45,57.52,34.55,23.03,0.74
威博液压,bj920245,25.6,25.46,25.3,350000.0,25.6,6100,25.61,500,0.55,25.88,25.08,350000,8951500.0,0.92,3.14,9.73,12.72,33.09,17.83,0.54
润欣科技,sz300493,15.73,15.87,15.86,8065900.0,15.72,4300,15.73,3400,-0.88,15.95,15.5,8065900,126640000.0,1.59,2.84,79.69,80.62,19.04,12.7,0.86
芯能科技,sh603105,11.46,12.05,12.03,30022600.0,11.45,80300,11.46,85100,-4.9,12.03,11.33,30022600,350150000.0,6.0,5.81,57.3,57.3,13.26,10.85,0.86
华信新材,sz300717,20.96,20.55,20.45,1729200.0,20.9,8700,20.96,1700,2.0,21.05,20.34,1729200,35750000.0,1.7,3.45,21.35,21.54,24.66,16.44,1.0
宁波银行,sz002142,32.3,32.02,32.07,33218500.0,32.29,2200,32.3,197400,0.87,32.32,31.77,33218500,1066950000.0,0.5,1.72,2131.76,2132.96,35.22,28.82,1.39
海默科技,sz300084,11.44,11.46,11.45,14918600.0,11.44,52300,11.45,43100,-0.17,11.53,11.18,14918600,169800000.0,4.31,3.05,39.59,58.16,13.75,9.17,0.94
力合科创,sz002243,9.1,9.11,9.1,13912800.0,9.1,50000,9.11,2500,-0.11,9.2,9.04,13912800,127000000.0,1.16,1.76,109.58,110.16,10.02,8.2,1.22
惠而浦,sh600983,9.8,10.8,10.15,14218000.0,9.8,45800,9.81,19300,-9.26,10.27,9.73,14218000,140170000.0,1.86,5.0,75.11,75.11,11.88,9.72,1.89
浙江恒威,sz301222,43.12,42.77,41.91,7018400.0,43.12,900,43.15,800,0.82,44.94,40.87,7018400,303940000.0,8.79,9.52,34.42,43.22,51.32,34.22,1.49
广生堂,sz300436,113.3,119.4,117.75,7511000.0,113.3,3300,113.31,100,-5.11,118.0,112.86,7511000,862390000.0,5.49,4.3,154.91,180.45,143.28,95.52,0.89
兴齐眼药,sz300573,70.85,68.21,68.21,10682300.0,70.85,32400,70.86,1100,3.87,71.18,67.83,10682300,750740000.0,5.64,4.91,134.08,174.6,81.85,54.57,1.94
安科生物,sz300009,8.9,9.67,9.2,46417300.0,8.89,27000,8.9,113300,-7.96,9.29,8.85,46417300,415870000.0,3.77,4.55,109.49,148.75,11.6,7.74,2.86
中公高科,sh603860,31.56,31.45,31.4,1284200.0,31.55,1400,31.56,600,0.35,31.83,31.08,1284200,40390000.0,1.93,2.38,21.04,21.04,34.6,28.31,1.29
浙江正特,sz001238,46.55,46.98,47.13,419200.0,46.55,5900,46.57,100,-0.92,47.62,46.05,419200,19570000.0,0.4,3.34,48.26,51.59,51.68,42.28,1.2
泓博医药,sz301230,43.36,42.78,42.57,9669000.0,43.35,1200,43.36,3300,1.36,44.74,42.1,9669000,422480000.0,7.7,6.17,54.47,60.52,51.34,34.22,1.06
志特新材,sz300986,22.6,23.58,23.48,21434300.0,22.6,124300,22.61,12800,-4.16,23.5,22.42,21434300,487020000.0,5.21,4.58,93.03,93.11,28.3,18.86,0.78
中钢天源,sz002057,9.55,9.65,9.58,9971800.0,9.55,116000,9.56,7200,-1.04,9.64,9.45,9971800,95030000.0,1.32,1.97,71.95,72.0,10.62,8.69,1.2
华虹公司,sh688347,138.8,123.59,123.18,4470316900.0,138.8,1500,138.83,200,12.31,141.8,120.36,4470316900,5964250000.0,10.96,17.35,565.96,2411.83,148.31,98.87,2.81
震安科技,sz300767,23.5,23.22,23.13,14899300.0,23.48,100,23.5,7900,1.21,24.34,22.75,14899300,350270000.0,6.21,6.85,56.37,64.93,27.86,18.58,1.09
百合股份,sh603102,40.18,40.04,40.04,631600.0,40.18,400,40.23,1300,0.35,40.48,39.73,631600,25370000.0,0.99,1.87,25.72,25.72,44.04,36.04,0.97
铁科轨道,sh688569,19.86,20.53,20.37,339640800.0,19.86,1200,19.87,2100,-3.26,20.37,19.73,339640800,67680000.0,1.61,3.12,41.84,41.84,24.64,16.42,1.4
名臣健康,sz002919,21.94,20.7,20.77,11589200.0,21.94,6200,21.95,100,5.99,22.51,20.57,11589200,249660000.0,4.38,9.37,58.01,58.48,22.77,18.63,3.05
仁信新材,sz301395,12.78,12.4,12.3,7830700.0,12.76,20700,12.78,11200,3.06,12.9,12.3,7830700,99710000.0,5.7,4.84,17.56,31.04,14.88,9.92,0.92
合合信息,sh688615,180.14,183.61,182.0,358211600.0,180.14,11300,180.15,2500,-1.89,182.99,176.11,358211600,642090000.0,3.71,3.75,174.14,252.2,220.33,146.89,0.67
森萱医药,bj920946,10.01,10.07,10.18,2087700.0,10.01,22700,10.04,600,-0.6,10.19,9.91,2087700,20927000.0,0.49,2.78,42.72,42.73,13.09,7.05,0.65
万通液压,bj920839,34.02,34.24,34.05,444800.0,34.02,3600,34.08,1100,-0.64,34.66,33.88,444800,15194600.0,0.68,2.28,22.13,40.22,44.51,23.97,0.36
美好医疗,sz301363,25.94,26.4,26.13,5876200.0,25.94,1000,25.95,2700,-1.74,26.53,25.82,5876200,153120000.0,1.57,2.69,96.81,147.57,31.68,21.12,0.67
上海物贸,sh600822,9.93,9.76,9.76,4502900.0,9.93,12900,9.94,60800,1.74,9.97,9.75,4502900,44600000.0,1.14,2.25,39.34,49.25,10.74,8.78,1.15
光华股份,sz001333,24.28,24.25,24.27,3369700.0,24.28,2500,24.29,12200,0.12,24.36,23.72,3369700,80820000.0,7.66,2.64,10.68,31.08,26.68,21.83,1.2
中国船舶,sh600150,38.8,38.6,38.6,160159900.0,38.8,58700,38.81,145300,0.52,39.2,38.01,160159900,6189480000.0,2.13,3.08,2919.94,2919.94,42.46,34.74,1.1
中南传媒,sh601098,11.0,11.14,11.13,9660000.0,10.99,13300,11.0,23200,-1.26,11.14,10.91,9660000,106130000.0,0.54,2.06,197.56,197.56,12.25,10.03,1.34
华特达因,sz000915,28.4,30.13,29.2,12022100.0,28.39,28100,28.4,28000,-5.74,29.2,28.2,12022100,343130000.0,5.13,3.32,66.51,66.55,33.14,27.12,3.64
鼎龙科技,sh603004,21.08,21.36,21.25,2281300.0,21.07,100,21.08,2700,-1.31,21.36,20.84,2281300,48040000.0,3.87,2.43,12.41,49.65,23.5,19.22,0.67
聚赛龙,sz301131,42.46,41.82,41.82,1245700.0,42.46,15900,42.49,3100,1.53,42.62,41.13,1245700,52190000.0,3.18,3.56,16.63,23.21,50.18,33.46,1.39
西安奕材-U,sh688783,22.92,22.91,22.87,535989700.0,22.92,31400,22.93,1700,0.04,23.24,22.65,535989700,123050000.0,3.26,2.58,37.73,925.46,27.49,18.33,0.81
聚胶股份,sz301283,48.45,48.92,48.88,1089300.0,48.42,600,48.45,500,-0.96,49.35,47.82,1089300,52700000.0,1.72,3.13,30.66,38.96,58.7,39.14,0.62
全新好,sz000007,13.85,13.68,13.7,3977000.0,13.85,21800,13.86,6700,1.24,13.98,13.58,3977000,54840000.0,1.15,2.92,47.98,47.98,15.05,12.31,0.72
海普瑞,sz002399,10.93,10.98,10.92,2478600.0,10.93,5100,10.94,200,-0.46,10.99,10.81,2478600,27070000.0,0.2,1.64,136.32,160.38,12.08,9.88,0.84
美思德,sh603041,13.25,12.83,12.83,5776100.0,13.25,1600,13.26,8400,3.27,13.33,12.81,5776100,75920000.0,3.15,4.05,24.27,24.27,14.11,11.55,2.78
威胜信息,sh688100,37.11,37.57,37.37,226880900.0,37.11,9800,37.12,6200,-1.22,37.9,37.07,226880900,84900000.0,0.46,2.21,182.46,182.46,45.08,30.06,0.81
安德利,sh605198,46.29,47.09,46.13,2089700.0,46.29,700,46.42,100,-1.7,48.19,45.9,2089700,97870000.0,0.77,4.86,125.23,154.7,51.8,42.38,0.56
深科技,sz000021,28.85,28.73,28.5,65410200.0,28.85,102500,28.86,82800,0.42,29.25,28.16,65410200,1883180000.0,4.16,3.79,453.36,453.43,31.6,25.86,1.04
福元医药,sh601089,20.91,22.09,21.93,8301500.0,20.91,35800,20.92,300,-5.34,22.08,20.85,8301500,175550000.0,1.73,5.57,100.37,100.37,24.3,19.88,2.3
ST京机,sz000821,10.47,10.94,10.85,23755800.0,10.47,41300,10.48,3900,-4.3,11.0,10.39,23755800,250380000.0,3.93,5.58,63.31,65.21,11.49,10.39,1.48
四方科技,sh603339,13.74,13.84,13.71,3214200.0,13.74,6300,13.75,17200,-0.72,13.81,13.49,3214200,43990000.0,1.04,2.31,42.52,42.52,15.22,12.46,0.57
隆达股份,sh688231,34.53,35.41,35.05,265299500.0,34.53,11900,34.54,19800,-2.49,35.6,34.15,265299500,92300000.0,1.07,4.09,85.24,85.24,42.49,28.33,0.65
嘉益股份,sz301004,49.44,48.99,48.86,760400.0,49.44,3600,49.45,100,0.92,49.91,48.0,760400,37290000.0,0.56,3.9,67.29,72.09,58.79,39.19,0.97
慕思股份,sz001323,24.12,24.43,24.34,451500.0,24.12,1900,24.13,200,-1.27,24.44,24.0,451500,10920000.0,0.15,1.8,75.07,104.94,26.87,21.99,0.47
理邦仪器,sz300206,15.54,15.38,15.79,16513200.0,15.54,50100,15.55,43900,1.04,15.79,14.83,16513200,253510000.0,4.88,6.24,52.58,90.08,18.46,12.3,1.84
宏德股份,sz301163,29.82,29.92,29.89,2917600.0,29.82,4500,29.83,500,-0.33,30.14,28.75,2917600,85820000.0,5.33,4.65,16.32,24.33,35.9,23.94,1.1
洪通燃气,sh605169,12.62,12.6,12.66,3618900.0,12.61,11000,12.62,12100,0.16,12.79,12.45,3618900,45590000.0,1.28,2.7,35.7,35.7,13.86,11.34,1.09
亚通精工,sh603190,25.29,25.32,25.11,962500.0,25.28,3200,25.29,8500,-0.12,25.42,24.82,962500,24210000.0,2.34,2.37,10.4,31.5,27.85,22.79,0.99
阳谷华泰,sz300121,12.53,12.51,12.41,9615200.0,12.53,3900,12.54,14600,0.16,12.77,12.41,9615200,120810000.0,2.24,2.88,53.8,55.79,15.01,10.01,0.86
光格科技,sh688450,44.68,46.9,46.43,278475700.0,44.68,300,44.69,5300,-4.73,47.22,44.25,278475700,126830000.0,5.69,6.33,21.86,29.49,56.28,37.52,1.1
云涌科技,sh688060,45.67,46.5,45.91,46151500.0,45.58,800,45.67,1000,-1.78,46.15,44.44,46151500,20860000.0,0.77,3.68,27.49,27.49,55.8,37.2,1.25
特宝生物,sh688278,58.5,61.15,61.1,414007300.0,58.48,600,58.5,29300,-4.33,61.3,58.04,414007300,245140000.0,1.01,5.33,238.79,238.79,73.38,48.92,2.0
地铁设计,sz003013,13.35,13.42,13.49,1888600.0,13.35,3900,13.36,2500,-0.52,13.49,13.27,1888600,25180000.0,0.47,1.64,53.39,61.51,14.76,12.08,1.06
国药股份,sh600511,28.88,28.83,28.79,5005900.0,28.87,800,28.88,5100,0.17,29.03,28.71,5005900,144570000.0,0.9,1.11,159.81,217.9,31.71,25.95,0.89
八方股份,sh603489,34.51,35.33,34.98,4836000.0,34.5,11800,34.51,2600,-2.32,35.02,34.0,4836000,166840000.0,2.06,2.89,80.97,80.97,38.86,31.8,0.71
美畅股份,sz300861,17.13,16.8,16.7,12708200.0,17.12,3000,17.13,21900,1.96,17.49,16.7,12708200,218860000.0,3.01,4.7,72.27,115.09,20.16,13.44,1.48
华鑫股份,sh600621,14.0,14.12,14.06,7506700.0,14.0,93100,14.01,6500,-0.85,14.11,13.92,7506700,105160000.0,0.71,1.35,148.53,148.53,15.53,12.71,0.76
科新机电,sz300092,16.82,15.71,15.64,14864100.0,16.82,7100,16.83,7900,7.07,17.19,15.59,14864100,246560000.0,7.08,10.18,35.3,46.07,18.85,12.57,2.37
濮阳惠成,sz300481,14.99,14.81,14.7,8423400.0,14.98,10700,14.99,11000,1.22,15.06,14.64,8423400,124850000.0,2.9,2.84,43.48,43.75,17.77,11.85,1.06
南都电源,sz300068,12.05,12.13,12.1,28444200.0,12.04,62700,12.05,34800,-0.66,12.19,11.89,28444200,342320000.0,3.33,2.47,102.81,108.25,14.56,9.7,0.87
菜百股份,sh605599,22.86,23.39,23.32,3480600.0,22.86,21300,22.88,9300,-2.27,23.47,22.51,3480600,79740000.0,0.45,4.1,177.8,177.8,25.73,21.05,1.03
跃岭股份,sz002725,16.61,16.46,16.33,11829000.0,16.61,31800,16.63,4700,0.91,17.1,16.05,11829000,196340000.0,5.58,6.38,35.22,42.52,18.11,14.81,0.93
银都股份,sh603277,13.14,13.18,13.18,2293500.0,13.14,400,13.15,300,-0.3,13.25,12.86,2293500,30050000.0,0.38,2.96,80.12,80.64,14.5,11.86,1.32
华瓷股份,sz001216,18.47,18.38,18.34,2585700.0,18.45,3400,18.47,19200,0.49,18.63,18.29,2585700,47750000.0,1.05,1.85,45.35,46.52,20.22,16.54,0.6
以岭药业,sz002603,16.67,16.65,16.57,12602400.0,16.66,12100,16.67,23500,0.12,16.73,16.34,12602400,209540000.0,0.92,2.34,229.52,278.51,18.32,14.99,0.91
汇通控股,sh603409,41.55,42.02,42.02,1414900.0,41.55,12800,41.6,400,-1.12,42.4,41.35,1414900,59090000.0,3.91,2.5,15.03,52.37,46.22,37.82,0.44
协昌科技,sz301418,39.69,39.63,39.47,763300.0,39.69,300,39.7,1300,0.15,40.0,39.01,763300,30170000.0,2.59,2.5,11.68,29.11,47.56,31.7,0.7
双乐股份,sz301036,27.31,26.75,26.75,2393200.0,27.31,11100,27.32,300,2.09,27.4,26.3,2393200,64630000.0,3.4,4.11,19.24,27.31,32.1,21.4,1.29
运达股份,sz300772,15.88,16.37,16.39,19169200.0,15.88,32600,15.89,3600,-2.99,16.6,15.88,19169200,308930000.0,2.75,4.4,110.82,124.95,19.64,13.1,0.98
华润双鹤,sh600062,17.89,18.05,18.06,7001000.0,17.89,40300,17.9,39200,-0.89,18.07,17.86,7001000,125500000.0,0.67,1.16,185.74,185.8,19.86,16.25,0.94
富乐德,sz301297,39.47,41.43,41.11,14516200.0,39.47,1500,39.48,18400,-4.73,41.65,39.0,14516200,579120000.0,4.0,6.4,143.27,293.34,49.72,33.14,0.68
美邦股份,sh605033,22.39,22.1,22.09,2183200.0,22.38,6300,22.39,20200,1.31,22.48,21.99,2183200,48570000.0,1.61,2.22,30.27,30.27,24.31,19.89,1.22
易德龙,sh603380,35.18,35.12,34.94,1588600.0,35.18,1000,35.19,700,0.17,35.38,34.61,1588600,55550000.0,0.99,2.19,56.44,56.44,38.63,31.61,0.57
瑞普生物,sz300119,17.95,18.13,18.15,3631300.0,17.94,36500,17.95,30800,-0.99,18.21,17.9,3631300,65350000.0,1.09,1.71,59.89,83.42,21.76,14.5,0.99
禾昌聚合,bj920089,18.73,18.59,18.61,1426900.0,18.73,2100,18.86,1000,0.75,19.05,18.53,1426900,26804200.0,1.66,2.8,16.07,28.22,24.16,13.02,0.62
永臻股份,sh603381,23.24,23.84,23.8,4732300.0,23.24,15300,23.25,5800,-2.52,23.8,22.94,4732300,110030000.0,3.33,3.61,33.03,55.14,26.22,21.46,0.65
坤泰股份,sz001260,21.65,21.38,21.2,2741500.0,21.65,6900,21.69,3600,1.26,21.86,20.9,2741500,58840000.0,2.38,4.49,24.9,24.9,23.52,19.24,1.54
正海生物,sz300653,18.58,18.55,18.47,1824300.0,18.56,1000,18.58,6400,0.16,18.65,18.17,1824300,33520000.0,1.01,2.59,33.44,33.44,22.26,14.84,0.63
中信博,sh688408,42.13,42.34,42.53,347239800.0,42.12,14800,42.13,7500,-0.5,43.16,41.71,347239800,147320000.0,1.59,3.42,92.29,92.29,50.81,33.87,0.56
天德钰,sh688252,22.82,22.47,22.68,1372860400.0,22.81,1000,22.82,4900,1.56,23.57,22.62,1372860400,317650000.0,3.36,4.23,93.34,93.34,26.96,17.98,2.02
中电港,sz001287,27.63,26.8,27.3,38286900.0,27.63,15900,27.64,500,3.1,28.08,26.83,38286900,1055980000.0,5.04,4.66,209.96,209.96,29.48,24.12,1.59
星辉环材,sz300834,37.1,38.76,38.62,9477000.0,37.1,8600,37.11,200,-4.28,38.98,36.95,9477000,356250000.0,4.92,5.24,71.39,71.87,46.51,31.01,0.72
交控科技,sh688015,22.65,22.74,22.59,124010600.0,22.61,5000,22.65,300,-0.4,22.86,22.29,124010600,27940000.0,0.66,2.51,42.74,42.74,27.29,18.19,0.82
上海亚虹,sh603159,25.3,25.68,25.66,1660500.0,25.29,5800,25.3,3000,-1.48,25.9,24.97,1660500,42030000.0,1.19,3.62,35.42,35.42,28.25,23.11,1.12
信音电子,sz301329,23.3,23.26,23.55,1946400.0,23.29,400,23.3,200,0.17,23.55,22.95,1946400,45310000.0,3.25,2.58,13.97,39.66,27.91,18.61,0.97
振江股份,sh603507,44.97,45.51,45.0,10736200.0,44.96,17200,44.97,8000,-1.19,46.13,44.09,10736200,483680000.0,5.91,4.48,81.74,82.88,50.06,40.96,0.77
鸿泉技术,sh688288,26.75,26.82,26.73,247382900.0,26.75,9500,26.76,200,-0.26,26.98,26.16,247382900,65690000.0,2.48,3.06,26.7,26.7,32.18,21.46,0.64
楚环科技,sz001336,26.17,25.79,25.75,1360800.0,26.17,3900,26.2,200,1.47,26.29,25.2,1360800,35100000.0,2.92,4.23,12.19,21.03,28.37,23.21,1.22
星网锐捷,sz002396,27.41,27.02,27.0,35860000.0,27.41,13500,27.42,8600,1.44,27.96,25.71,35860000,959160000.0,6.15,8.33,159.88,160.54,29.72,24.32,1.44
蓝宇股份,sz301585,30.07,28.48,28.35,3956700.0,30.07,7600,30.08,6600,5.58,30.55,28.21,3956700,117950000.0,5.81,8.22,20.48,31.27,34.18,22.78,3.98
科伦药业,sz002422,33.93,33.2,33.15,15531500.0,33.93,400,33.94,21100,2.2,34.15,32.8,15531500,523340000.0,1.19,4.07,443.09,542.22,36.52,29.88,0.84
灿瑞科技,sh688061,34.18,33.28,33.18,186255000.0,34.14,1000,34.18,6800,2.7,34.78,33.1,186255000,63400000.0,1.62,5.05,39.27,39.27,39.94,26.62,1.48
安旭生物,sh688075,37.7,37.78,37.57,51218900.0,37.7,800,37.71,25300,-0.21,37.78,37.45,51218900,19270000.0,0.4,0.87,47.91,47.91,45.34,30.22,0.99
卓创资讯,sz301299,61.72,63.39,63.0,2137000.0,61.71,22600,61.72,1900,-2.63,63.09,60.71,2137000,131610000.0,4.77,3.75,27.64,37.44,76.07,50.71,1.09
卓易信息,sh688258,127.22,119.04,121.0,801498700.0,127.22,1700,127.28,500,6.87,130.81,117.79,801498700,1000160000.0,6.62,10.94,154.12,154.12,142.85,95.23,1.4
汇顶科技,sh603160,65.05,70.74,67.66,13840700.0,65.05,18500,65.06,1200,-8.04,67.66,64.88,13840700,908000000.0,2.97,3.93,302.99,302.99,77.81,63.67,2.31
山西汾酒,sh600809,141.95,142.38,141.06,7844900.0,141.95,5300,141.96,400,-0.3,143.77,139.8,7844900,1113570000.0,0.64,2.79,1731.74,1731.74,156.62,128.14,1.08
药明康德,sh603259,100.08,100.19,99.03,31833800.0,100.08,8700,100.09,500,-0.11,101.32,98.29,31833800,3181530000.0,1.29,3.02,2475.26,2986.14,110.21,90.17,0.77
百利天恒,sh688506,284.04,287.52,287.52,161240200.0,284.04,200,284.31,300,-1.21,292.22,282.4,161240200,463090000.0,0.39,3.42,1172.73,1172.73,345.02,230.02,0.79
康乐卫士,bj920575,6.96,7.21,7.22,5933000.0,6.95,36700,6.96,26200,-3.47,7.24,6.91,5933000,41734700.0,3.16,4.58,13.07,19.55,9.37,5.05,1.11
美邦科技,bj920471,12.77,13.55,13.17,4713800.0,12.76,4500,12.77,8200,-5.76,13.65,12.77,4713800,61975300.0,8.89,6.49,6.77,10.62,17.61,9.49,1.85
生物谷,bj920266,8.03,8.24,8.24,880000.0,8.03,40300,8.06,1100,-2.55,8.24,8.03,880000,7118600.0,0.74,2.55,9.51,9.96,10.71,5.77,0.78
佰维存储,sh688525,266.5,264.3,262.0,2996560400.0,266.4,200,266.5,2300,0.83,268.5,259.9,2996560400,7908650000.0,6.36,3.25,1254.78,1254.78,317.16,211.44,0.8
哈铁科技,sh688459,9.25,9.28,9.23,137476800.0,9.25,200,9.26,600,-0.32,9.31,9.15,137476800,12660000.0,0.29,1.72,44.4,44.4,11.14,7.42,0.99
洁特生物,sh688026,15.76,15.51,15.44,156078900.0,15.76,200,15.77,14700,1.61,15.79,15.31,156078900,24310000.0,1.11,3.09,22.11,22.12,18.61,12.41,0.86
中微公司,sh688012,323.38,315.05,317.0,1726720600.0,323.38,5400,323.4,1100,2.64,327.8,309.5,1726720600,5522600000.0,2.75,5.81,2027.33,2027.33,378.06,252.04,1.39
确成股份,sh605183,19.64,19.69,19.67,5277200.0,19.59,200,19.64,10300,-0.25,20.52,19.38,5277200,104460000.0,1.28,5.79,81.0,81.68,21.66,17.72,3.13
联德股份,sh605060,58.16,62.11,60.42,8987300.0,58.16,4100,58.17,4900,-6.36,61.34,58.0,8987300,530190000.0,3.76,5.38,138.97,139.93,68.32,55.9,0.73
威奥股份,sh605001,7.17,7.12,7.09,7398700.0,7.16,8900,7.17,12000,0.7,7.21,7.0,7398700,52590000.0,1.88,2.95,28.17,28.17,7.83,6.41,0.96
卫信康,sh603676,10.38,10.2,10.1,3092100.0,10.38,11100,10.39,18600,1.76,10.42,10.1,3092100,31950000.0,0.71,3.14,45.17,45.17,11.22,9.18,1.63
杭电股份,sh603618,30.56,31.41,31.66,143754100.0,30.56,11300,30.57,10000,-2.71,33.13,29.98,143754100,4554230000.0,20.79,10.03,211.28,211.28,34.55,28.27,1.6
天创时尚,sh603608,12.77,12.89,12.78,15852300.0,12.77,2500,12.8,14000,-0.93,13.0,12.51,15852300,202230000.0,3.78,3.8,53.6,53.6,14.18,11.6,0.66
纵横通信,sh603602,12.96,13.03,12.88,3211500.0,12.96,1300,12.97,2000,-0.54,13.06,12.63,3211500,41210000.0,1.39,3.3,29.95,29.95,14.33,11.73,1.01
广信股份,sh603599,15.17,13.79,13.69,38030400.0,15.17,1769000,0.0,0,10.01,15.17,13.69,38030400,562840000.0,4.18,10.73,138.09,138.09,15.17,12.41,3.16
高能环境,sh603588,15.27,15.29,15.22,43959200.0,15.27,65900,15.28,45700,-0.13,15.58,14.98,43959200,672790000.0,2.89,3.92,232.6,232.6,16.82,13.76,0.61
三星新材,sh603578,13.36,13.13,12.96,4135400.0,13.36,6900,13.38,8100,1.75,13.58,12.9,4135400,54890000.0,2.29,5.18,24.1,31.27,14.44,11.82,0.59
惠达卫浴,sh603385,6.48,6.39,6.34,8114100.0,6.48,27000,6.5,35800,1.41,6.54,6.3,8114100,52030000.0,2.13,3.76,24.67,24.67,7.03,5.75,2.05
天洋新材,sh603330,7.13,7.24,7.24,10117400.0,7.12,5400,7.13,5200,-1.52,7.26,7.0,10117400,71880000.0,2.34,3.59,30.85,30.85,7.96,6.52,1.24
泰瑞机器,sh603289,11.85,11.79,11.71,8377800.0,11.84,12500,11.85,15600,0.51,12.01,11.5,8377800,98820000.0,2.86,4.33,34.77,34.77,12.97,10.61,0.75
小方制药,sh603207,27.47,27.68,27.5,746200.0,27.46,3500,27.47,2600,-0.76,27.77,27.29,746200,20510000.0,1.37,1.73,14.94,44.18,30.45,24.91,1.02
和邦生物,sh603077,2.93,2.89,2.87,241403500.0,2.93,912600,2.94,2163100,1.38,2.96,2.86,241403500,705680000.0,2.73,3.46,258.77,258.77,3.18,2.6,0.61
科林电气,sh603050,19.27,19.42,19.25,2661100.0,19.25,1200,19.27,200,-0.77,19.58,19.12,2661100,51330000.0,0.66,2.37,77.72,77.72,21.36,17.48,0.75
晶方科技,sh603005,31.4,31.69,31.49,30940500.0,31.4,30700,31.41,41900,-0.92,32.24,31.21,30940500,976100000.0,4.74,3.25,204.78,204.78,34.86,28.52,0.64
中国出版,sh601949,6.28,6.35,6.31,10472400.0,6.27,10900,6.28,26700,-1.1,6.34,6.19,10472400,65750000.0,0.55,2.36,119.57,119.57,6.99,5.72,1.21
浙商银行,sh601916,2.96,2.98,2.97,77387800.0,2.96,17101400,2.97,5860000,-0.67,2.98,2.96,77387800,229670000.0,0.36,0.67,637.72,812.95,3.28,2.68,0.99
方正证券,sh601901,6.95,7.01,6.99,36393200.0,6.94,423600,6.95,48300,-0.86,7.01,6.92,36393200,253000000.0,0.44,1.28,572.13,572.13,7.71,6.31,0.76
紫金银行,sh601860,2.72,2.74,2.73,47914300.0,2.71,2130900,2.72,112200,-0.73,2.75,2.7,47914300,130490000.0,1.35,1.82,96.6,99.58,3.01,2.47,1.27
光大银行,sh601818,3.18,3.18,3.18,92093600.0,3.17,28064800,3.18,19815800,0.0,3.18,3.17,92093600,292290000.0,0.2,0.31,1475.74,1878.92,3.5,2.86,0.71
新华文轩,sh601811,13.52,13.74,13.82,3843400.0,13.52,9300,13.53,12900,-1.6,13.82,13.48,3843400,52140000.0,0.49,2.47,107.07,166.82,15.11,12.37,0.56
华峰铝业,sh601702,19.52,19.4,19.39,5536600.0,19.52,500,19.53,5200,0.62,19.84,19.26,5536600,108160000.0,0.55,2.99,194.91,194.91,21.34,17.46,0.58
平煤股份,sh601666,8.07,8.07,8.01,18792300.0,8.06,181900,8.07,24500,0.0,8.12,8.0,18792300,151340000.0,0.76,1.49,199.28,199.28,8.88,7.26,0.71
齐鲁银行,sh601665,6.32,6.4,6.44,67145700.0,6.32,190500,6.33,995000,-1.25,6.44,6.3,67145700,426390000.0,1.09,2.19,388.92,388.92,7.04,5.76,1.06
金田股份,sh601609,10.42,10.66,10.5,27346500.0,10.41,82200,10.42,67100,-2.25,10.56,10.17,27346500,283190000.0,1.58,3.66,180.12,180.12,11.73,9.59,0.92
浙文影业,sh601599,3.76,3.75,3.73,20453100.0,3.75,516600,3.76,3400,0.27,3.77,3.69,20453100,76320000.0,1.76,2.13,43.64,43.64,4.13,3.38,1.01
林洋能源,sh601222,6.13,6.28,6.24,27031700.0,6.12,425300,6.13,10100,-2.39,6.26,6.1,27031700,166300000.0,1.32,2.55,125.13,125.13,6.91,5.65,0.77
上海环境,sh601200,8.1,8.19,8.15,9260100.0,8.1,8300,8.11,69800,-1.1,8.17,8.07,9260100,75140000.0,0.69,1.22,109.04,109.04,9.01,7.37,1.05
三角轮胎,sh601163,13.95,14.07,14.07,3200700.0,13.95,11700,13.96,3000,-0.85,14.07,13.89,3200700,44670000.0,0.4,1.28,111.6,111.6,15.48,12.66,0.85
深圳燃气,sh601139,7.06,7.1,7.1,23058200.0,7.05,51000,7.06,13800,-0.56,7.15,7.01,23058200,163130000.0,0.8,1.97,203.1,203.1,7.81,6.39,0.96
太平洋,sh601099,3.65,3.75,3.71,127738700.0,3.64,10513600,3.65,572600,-2.67,3.72,3.63,127738700,466650000.0,1.87,2.4,248.8,248.8,4.13,3.38,1.5
宏盛华源,sh601096,5.5,5.58,5.57,22684200.0,5.5,164700,5.51,7400,-1.43,5.6,5.48,22684200,125390000.0,1.38,2.15,90.36,147.13,6.14,5.02,0.86
江盐集团,sh601065,8.35,8.36,8.35,6070800.0,8.35,6300,8.36,22800,-0.12,8.39,8.27,6070800,50570000.0,0.94,1.44,53.67,53.67,9.2,7.52,1.09
宁波港,sh601018,3.83,3.83,3.83,32410600.0,3.83,976700,3.84,1015800,0.0,3.85,3.8,32410600,123970000.0,0.17,1.31,745.1,745.1,4.21,3.45,0.93
重庆钢铁,sh601005,1.4,1.4,1.39,64577900.0,1.39,7017100,1.4,12792100,0.0,1.4,1.38,64577900,89750000.0,0.78,1.43,116.39,123.92,1.54,1.26,1.31
唐山港,sh601000,4.86,4.91,4.91,32549700.0,4.86,21400,4.87,191500,-1.02,4.95,4.82,32549700,158340000.0,0.55,2.65,288.0,288.0,5.4,4.42,0.9
苏豪汇鸿,sh600981,2.79,2.88,2.84,34132400.0,2.79,96800,2.8,299200,-3.13,2.84,2.72,34132400,94720000.0,1.52,4.17,62.56,62.56,3.17,2.59,1.75
维远股份,sh600955,19.03,18.76,18.6,10144900.0,19.03,24300,19.04,200,1.44,19.19,18.6,10144900,192060000.0,1.84,3.14,104.67,104.67,20.64,16.88,0.87
西安银行,sh600928,3.74,3.85,3.84,35845900.0,3.74,94400,3.75,90900,-2.86,3.85,3.73,35845900,135000000.0,0.81,3.12,165.43,166.22,4.24,3.47,1.34
苏能股份,sh600925,4.69,4.7,4.67,11710900.0,4.69,8100,4.7,430900,-0.21,4.72,4.65,11710900,54860000.0,0.73,1.49,75.32,323.09,5.17,4.23,0.83
杉杉股份,sh600884,15.12,14.96,14.96,98754200.0,15.12,208300,15.13,177300,1.07,15.28,14.72,98754200,1483610000.0,5.38,3.74,277.47,340.11,16.46,13.46,0.8
星湖科技,sh600866,6.58,6.72,6.71,23756400.0,6.58,140000,6.59,15500,-2.08,6.71,6.52,23756400,156370000.0,1.89,2.83,82.63,109.32,7.39,6.05,0.93
金开新能,sh600821,8.88,9.58,9.39,283910900.0,8.88,1909100,8.89,216900,-7.31,9.5,8.87,283910900,2600920000.0,14.43,6.58,174.7,174.7,10.54,8.62,0.81
轻纺城,sh600790,3.79,3.78,3.76,12465300.0,3.79,157500,3.8,101200,0.26,3.81,3.74,12465300,47110000.0,0.85,1.85,55.55,55.55,4.16,3.4,1.44
新钢股份,sh600782,3.18,3.23,3.22,39628400.0,3.18,429100,3.19,857700,-1.55,3.23,3.16,39628400,126490000.0,1.26,2.17,100.03,101.25,3.55,2.91,0.53
西藏城投,sh600773,24.66,23.44,23.25,39070000.0,24.66,2800,24.67,3600,5.2,25.02,23.2,39070000,946450000.0,4.11,7.76,234.66,234.66,25.78,21.1,0.86
广誉远,sh600771,17.05,17.11,17.0,5054300.0,17.05,2300,17.06,800,-0.35,17.23,17.0,5054300,86360000.0,1.03,1.34,83.46,83.46,18.82,15.4,0.6
长江传媒,sh600757,8.76,8.77,8.73,5872900.0,8.76,23600,8.77,84200,-0.11,8.78,8.68,5872900,51290000.0,0.48,1.14,106.3,106.32,9.65,7.89,0.79
华电能源,sh600726,5.8,5.27,5.53,498648600.0,5.8,3864100,0.0,0,10.06,5.8,5.43,498648600,2858740000.0,6.67,7.02,433.57,458.63,5.8,4.74,1.9
南京医药,sh600713,5.53,5.7,5.61,29193700.0,5.53,120900,5.54,152500,-2.98,5.65,5.5,29193700,161830000.0,2.26,2.63,71.33,72.38,6.27,5.13,0.69
上海石化,sh600688,2.77,2.79,2.79,42209100.0,2.77,651000,2.78,1110500,-0.72,2.82,2.75,42209100,117320000.0,0.58,2.51,203.01,292.03,3.07,2.51,1.15
光明乳业,sh600597,7.43,7.41,7.4,5184800.0,7.42,22300,7.43,29300,0.27,7.44,7.35,5184800,38350000.0,0.38,1.21,102.42,102.42,8.15,6.67,1.14
士兰微,sh600460,27.82,27.36,27.47,41309400.0,27.81,56900,27.82,37500,1.68,28.08,27.41,41309400,1147880000.0,2.48,2.45,462.94,462.94,30.1,24.62,1.45
冠豪高新,sh600433,4.0,3.92,4.31,177924400.0,4.0,885400,4.01,303700,2.04,4.31,3.98,177924400,729170000.0,10.17,8.42,70.01,70.01,4.31,3.53,2.13
三友化工,sh600409,7.69,7.35,7.3,71571200.0,7.69,60000,7.7,140400,4.63,7.75,7.3,71571200,547870000.0,3.47,6.12,158.75,158.75,8.09,6.62,1.57
盘江股份,sh600395,5.72,5.84,5.84,42943000.0,5.71,47400,5.72,13000,-2.05,5.88,5.65,42943000,246890000.0,2.0,3.94,122.79,122.79,6.42,5.26,1.66
浙江龙盛,sh600352,13.41,12.97,12.86,65759000.0,13.41,2300,13.42,18200,3.39,13.79,12.86,65759000,879160000.0,2.02,7.17,436.27,436.27,14.27,11.67,1.69
美克家居,sh600337,3.13,3.16,3.15,48556700.0,3.12,50200,3.13,714700,-0.95,3.16,3.03,48556700,150400000.0,3.38,4.11,44.98,44.98,3.48,2.84,0.69
广西能源,sh600310,5.09,5.28,5.29,271780800.0,5.09,922500,5.1,390900,-3.6,5.53,5.08,271780800,1447750000.0,18.54,8.52,74.6,74.6,5.81,4.75,1.68
华泰股份,sh600308,3.93,3.99,4.0,28892600.0,3.93,555900,3.94,203100,-1.5,4.01,3.89,28892600,113550000.0,1.9,3.01,59.61,59.61,4.39,3.59,0.85
酒钢宏兴,sh600307,1.74,1.77,1.76,68645000.0,1.74,3756200,1.75,1569500,-1.69,1.77,1.73,68645000,119820000.0,1.1,2.26,108.98,108.98,1.95,1.59,1.0
维维股份,sh600300,3.52,3.53,3.52,21715700.0,3.51,546700,3.52,135500,-0.28,3.54,3.49,21715700,76250000.0,1.34,1.42,56.92,56.92,3.88,3.18,0.6
钱江水利,sh600283,9.27,9.25,9.24,3278700.0,9.27,73100,9.28,1700,0.22,9.3,9.17,3278700,30290000.0,0.6,1.41,50.44,51.99,10.18,8.33,0.74
阳光照明,sh600261,4.0,4.02,4.02,40443900.0,4.0,119100,4.01,291500,-0.5,4.06,3.96,40443900,161770000.0,3.03,2.49,53.4,53.4,4.42,3.62,0.72
民丰特纸,sh600235,6.55,6.71,6.63,12871700.0,6.55,67700,6.56,35600,-2.38,6.7,6.4,12871700,83430000.0,3.66,4.47,23.01,23.01,7.38,6.04,2.29
浙江医药,sh600216,14.81,14.65,14.79,35649800.0,14.81,64300,14.82,500,1.09,15.18,14.79,35649800,532300000.0,3.75,2.66,140.9,142.42,16.12,13.19,1.83
雅戈尔,sh600177,7.58,7.49,7.5,19445100.0,7.57,14800,7.58,247700,1.2,7.62,7.45,19445100,146940000.0,0.42,2.27,350.46,350.46,8.24,6.74,1.02
国投资本,sh600061,6.55,6.62,6.61,36667200.0,6.55,48500,6.56,335000,-1.06,6.62,6.54,36667200,240850000.0,0.57,1.21,418.81,418.81,7.28,5.96,0.93
楚天高速,sh600035,3.78,3.8,3.8,7659000.0,3.78,506700,3.79,12700,-0.53,3.81,3.78,7659000,29040000.0,0.48,0.79,60.86,60.86,4.18,3.42,0.87
浙江新能,sh600032,10.85,12.04,11.57,111400900.0,10.84,1051300,10.85,157100,-9.88,11.67,10.85,111400900,1251100000.0,4.63,6.81,260.91,260.91,13.24,10.84,0.96
山东钢铁,sh600022,1.45,1.47,1.46,104725800.0,1.44,14947400,1.45,1734400,-1.36,1.47,1.44,104725800,151820000.0,0.98,2.04,155.13,155.13,1.62,1.32,1.22
上港集团,sh600018,4.9,4.92,4.91,26663000.0,4.9,419300,4.91,1671100,-0.41,4.92,4.88,26663000,130670000.0,0.11,0.81,1139.09,1140.72,5.41,4.43,0.55
首创环保,sh600008,3.05,3.06,3.05,67029600.0,3.05,91100,3.06,4618700,-0.33,3.06,3.03,67029600,204060000.0,0.91,0.98,223.89,223.89,3.37,2.75,1.16
民生健康,sz301507,14.28,14.08,14.12,3755700.0,14.28,27600,14.3,1500,1.42,14.35,14.0,3755700,53350000.0,3.41,2.49,15.72,50.92,16.9,11.26,1.28
泓淋电力,sz301439,15.65,15.77,15.67,3868900.0,15.64,2100,15.65,2500,-0.76,15.83,15.52,3868900,60480000.0,2.11,1.97,28.68,60.89,18.92,12.62,0.99
荣旗科技,sz301360,80.11,79.68,79.95,1461300.0,79.98,1000,80.11,1100,0.54,80.98,78.62,1461300,116700000.0,5.65,2.96,20.72,42.73,95.62,63.74,0.67
明阳电气,sz301291,55.99,56.31,56.03,8747200.0,55.99,5300,56.0,5500,-0.57,58.0,55.66,8747200,494320000.0,5.41,4.16,90.5,174.8,67.57,45.05,0.75
万凯新材,sz301216,29.96,30.35,30.15,7388500.0,29.95,21300,29.96,2300,-1.29,30.7,29.71,7388500,221910000.0,1.35,3.26,164.28,173.83,36.42,24.28,0.55
观想科技,sz301213,70.6,70.98,70.05,1369500.0,70.6,58900,70.62,800,-0.54,71.1,69.62,1369500,96230000.0,2.65,2.09,36.51,56.48,85.18,56.78,0.88
联检科技,sz301115,21.24,20.77,20.78,3918800.0,21.23,400,21.24,2900,2.26,21.4,20.31,3918800,81880000.0,2.53,5.25,32.87,38.98,24.92,16.62,1.21
华润材料,sz301090,8.49,8.59,8.57,17353900.0,8.48,43100,8.49,16700,-1.16,8.81,8.38,17353900,148200000.0,1.18,5.01,124.88,125.01,10.31,6.87,0.46
上海艾录,sz301062,8.1,8.31,8.29,5988100.0,8.1,10000,8.12,14800,-2.53,8.3,8.06,5988100,48790000.0,1.91,2.89,25.37,35.1,9.97,6.65,1.01
兰卫医学,sz301060,9.47,9.48,9.43,4048400.0,9.46,5000,9.47,83500,-0.11,9.53,9.33,4048400,38180000.0,1.12,2.11,34.11,37.93,11.38,7.58,0.95
保立佳,sz301037,15.21,14.87,14.84,2106200.0,15.21,7800,15.22,1000,2.29,15.4,14.65,2106200,31660000.0,3.1,5.04,10.34,21.15,17.84,11.9,1.5
读客文化,sz301025,10.9,11.04,10.98,4712900.0,10.9,5500,10.92,4400,-1.27,11.01,10.71,4712900,51200000.0,1.7,2.72,30.21,43.63,13.25,8.83,0.83
利安科技,sz300784,48.68,48.52,48.04,776400.0,48.66,500,48.68,800,0.33,49.2,47.2,776400,37450000.0,4.62,4.12,8.19,27.38,58.22,38.82,1.46
华宝股份,sz300741,16.98,16.9,16.86,2969300.0,16.97,10500,16.98,11200,0.47,17.09,16.61,2969300,50100000.0,0.48,2.84,104.58,104.58,20.28,13.52,0.62
新余国科,sz300722,28.18,30.57,30.15,8274400.0,28.18,8200,28.19,8500,-7.82,30.47,27.89,8274400,235740000.0,2.99,8.44,77.99,77.99,36.68,24.46,2.48
大烨智能,sz300670,6.28,6.24,6.16,6530000.0,6.27,18500,6.28,19700,0.64,6.33,6.12,6530000,40690000.0,2.91,3.37,14.11,19.9,7.49,4.99,0.84
欧普康视,sz300595,14.37,14.3,14.16,17688500.0,14.37,20900,14.38,28900,0.49,14.7,14.15,17688500,255770000.0,2.65,3.85,96.06,128.65,17.16,11.44,1.74
奥联电子,sz300585,18.93,19.09,19.15,8563900.0,18.93,5600,18.94,20200,-0.84,19.89,18.68,8563900,163420000.0,5.0,6.34,32.39,32.39,22.91,15.27,1.0
达威股份,sz300535,19.82,19.55,19.42,1927100.0,19.82,21900,19.83,6500,1.38,19.98,19.18,1927100,37830000.0,2.37,4.09,16.09,21.21,23.46,15.64,1.06
东杰智能,sz300486,23.57,23.0,23.2,9975200.0,23.57,2600,23.58,30700,2.48,23.8,23.0,9975200,233520000.0,2.09,3.48,112.43,112.46,27.6,18.4,0.74
东通退,sz300379,1.72,1.72,0.0,0.0,0.0,0,0.0,0,0.0,0.0,0.0,0,0.0,0.0,0.0,9.06,9.6,-1.0,-1.0,0.0
百纳千成,sz300291,6.8,6.55,6.5,26145400.0,6.8,184000,6.81,57300,3.82,6.86,6.45,26145400,174640000.0,2.81,6.26,63.29,64.05,7.86,5.24,1.39
新天科技,sz300259,4.48,4.5,4.48,20502200.0,4.48,28500,4.49,81600,-0.44,4.53,4.39,20502200,91250000.0,1.75,3.11,52.4,52.41,5.4,3.6,0.9
东方电热,sz300217,5.15,5.22,5.21,30495500.0,5.15,351300,5.16,322500,-1.34,5.22,5.13,30495500,157540000.0,2.49,1.72,63.19,76.12,6.26,4.18,0.56
长荣股份,sz300195,7.53,7.44,7.45,7519400.0,7.53,71500,7.54,3100,1.21,7.59,7.35,7519400,56080000.0,2.4,3.23,23.64,31.91,8.93,5.95,1.17
通裕重工,sz300185,3.17,3.2,3.17,150323700.0,3.17,233800,3.18,1149200,-0.94,3.25,3.15,150323700,479270000.0,3.91,3.13,121.92,127.95,3.84,2.56,0.86
捷成股份,sz300182,5.63,5.82,5.75,138340400.0,5.63,889800,5.64,135800,-3.26,5.76,5.53,138340400,778010000.0,6.12,3.95,127.18,149.97,6.98,4.66,1.13
*ST新研,sz300159,3.4,3.31,3.32,28463300.0,3.39,701400,3.4,1154900,2.72,3.4,3.28,28463300,95280000.0,1.55,3.63,62.28,111.87,3.97,2.65,0.83
银河磁体,sz300127,29.09,29.6,29.7,4019900.0,29.09,4300,29.1,1700,-1.72,29.75,28.79,4019900,116810000.0,1.74,3.24,67.14,94.0,35.52,23.68,0.66
易成新能,sz300080,4.42,4.47,4.45,25038500.0,4.41,259600,4.42,99000,-1.12,4.48,4.37,25038500,110540000.0,1.34,2.46,82.69,82.8,5.36,3.58,0.74
三川智慧,sz300066,6.27,6.31,6.28,14693300.0,6.27,73600,6.28,88100,-0.63,6.33,6.2,14693300,91980000.0,1.47,2.06,62.58,65.21,7.57,5.05,0.74
华谊兄弟,sz300027,1.77,1.97,1.95,274814800.0,1.76,694500,1.77,1235400,-10.15,1.97,1.77,274814800,514130000.0,11.06,10.15,43.98,49.11,2.36,1.58,0.88
北陆药业,sz300016,9.3,9.53,9.51,19452200.0,9.3,27500,9.31,12900,-2.41,9.52,9.19,19452200,180610000.0,3.46,3.46,52.28,52.35,11.44,7.62,0.85
日久光电,sz003015,15.36,15.68,15.68,4964200.0,15.36,1500,15.37,2100,-2.04,15.76,15.21,4964200,76450000.0,2.01,3.51,37.99,43.17,17.25,14.11,0.63
郑州银行,sz002936,1.81,1.82,1.82,35499800.0,1.81,18473800,1.82,15716100,-0.55,1.83,1.81,35499800,64410000.0,0.51,1.1,127.23,164.57,2.0,1.64,0.76
锋龙股份,sz002931,69.25,69.25,0.0,0.0,0.0,0,0.0,0,0.0,0.0,0.0,0,0.0,0.0,0.0,139.37,151.32,76.18,62.33,0.0
联诚精密,sz002921,28.02,26.2,26.49,13161200.0,28.02,6200,28.03,3100,6.95,28.37,26.0,13161200,361200000.0,11.56,9.05,31.9,41.74,28.82,23.58,1.51
同兴达,sz002845,14.81,14.96,14.94,11042000.0,14.8,42600,14.81,2300,-1.0,15.18,14.77,11042000,164590000.0,4.41,2.74,37.06,48.51,16.46,13.46,1.06
张家港行,sz002839,4.65,4.76,4.73,37837400.0,4.64,221400,4.65,9400,-2.31,4.73,4.6,37837400,176110000.0,1.55,2.73,113.55,113.66,5.24,4.28,1.33
第一创业,sz002797,7.56,7.79,7.76,135881000.0,7.56,316900,7.57,311700,-2.95,7.78,7.5,135881000,1031080000.0,3.23,3.59,317.7,317.7,8.57,7.01,0.86
新宝股份,sz002705,18.75,18.5,18.21,47357300.0,18.75,124200,18.76,13700,1.35,19.38,17.82,47357300,882590000.0,5.86,8.43,151.52,152.23,20.35,16.65,1.02
*ST双成,sz002693,8.55,8.61,8.57,9040800.0,8.55,21300,8.56,600,-0.7,8.66,8.4,9040800,76920000.0,2.2,3.02,35.14,35.46,9.04,8.18,0.52
卫星化学,sz002648,27.73,27.38,27.4,59540700.0,27.72,16100,27.73,22000,1.28,28.2,26.95,59540700,1647170000.0,1.77,4.57,933.53,934.13,30.12,24.64,1.03
华宏科技,sz002645,22.41,21.96,21.96,33722300.0,22.41,200,22.42,10200,2.05,23.0,21.8,33722300,756780000.0,6.03,5.46,125.26,140.65,24.16,19.76,0.69
赞宇科技,sz002637,12.27,12.32,12.4,26422400.0,12.26,30800,12.27,30200,-0.41,12.78,12.03,26422400,327540000.0,5.68,6.09,57.05,57.72,13.55,11.09,1.3
ST瑞和,sz002620,10.97,10.45,10.43,15895200.0,10.97,1675000,0.0,0,4.98,10.97,10.33,15895200,169760000.0,5.04,6.12,34.6,41.41,10.97,9.93,0.84
奥佳华,sz002614,6.02,6.01,5.99,8679200.0,6.02,27800,6.03,33800,0.17,6.06,5.89,8679200,51820000.0,1.97,2.83,26.56,37.55,6.61,5.41,1.18
ST章鼓,sz002598,8.03,8.06,8.03,5569000.0,8.02,40700,8.03,46300,-0.37,8.05,7.94,5569000,44540000.0,1.94,1.36,23.01,25.06,8.46,7.66,0.73
益盛药业,sz002566,7.7,7.57,7.53,6238700.0,7.7,42400,7.71,1300,1.72,7.74,7.48,6238700,47630000.0,2.69,3.43,17.85,25.48,8.33,6.81,0.91
千红制药,sz002550,7.3,7.46,7.19,29116000.0,7.29,19000,7.3,93000,-2.14,7.37,7.05,29116000,208710000.0,3.09,4.29,68.71,93.43,8.21,6.71,1.74
齐峰新材,sz002521,8.52,8.59,8.56,4594100.0,8.51,13700,8.52,20200,-0.81,8.59,8.44,4594100,39150000.0,1.1,1.75,35.65,47.72,9.45,7.73,0.71
华斯股份,sz002494,5.53,5.5,5.48,10140800.0,5.52,700,5.53,26000,0.55,5.58,5.38,10140800,55690000.0,3.54,3.64,15.86,20.87,6.05,4.95,0.8
富春环保,sz002479,5.58,5.76,5.76,25600900.0,5.58,82200,5.59,111000,-3.13,5.76,5.54,25600900,143690000.0,2.97,3.82,48.16,48.27,6.34,5.18,1.07
青龙管业,sz002457,10.7,11.11,10.91,20974000.0,10.7,16200,10.71,50200,-3.69,10.98,10.53,20974000,223410000.0,6.29,4.05,35.66,35.68,12.22,10.0,1.19
长高电新,sz002452,11.02,11.21,11.1,15954600.0,11.02,5500,11.03,19000,-1.69,11.2,10.91,15954600,175940000.0,3.09,2.59,56.85,68.36,12.33,10.09,0.76
闰土股份,sz002440,12.5,11.66,11.61,68940200.0,12.49,156500,12.5,409300,7.2,12.65,11.57,68940200,844730000.0,7.28,9.26,118.29,140.5,12.83,10.49,3.39
毅昌科技,sz002420,7.73,7.68,7.71,10119100.0,7.73,8600,7.74,9600,0.65,7.83,7.6,10119100,77920000.0,2.53,2.99,30.89,31.79,8.45,6.91,1.17
西部建设,sz002302,5.63,5.57,5.57,7169000.0,5.62,300800,5.63,96700,1.08,5.63,5.53,7169000,40050000.0,0.57,1.8,71.07,71.07,6.13,5.01,0.86
浙富控股,sz002266,4.5,4.54,4.5,52622600.0,4.49,331000,4.5,413700,-0.88,4.57,4.46,52622600,237600000.0,1.07,2.42,220.36,234.87,4.99,4.09,0.84
嘉应制药,sz002198,7.15,7.38,7.38,17234200.0,7.15,123000,7.16,31300,-3.12,7.38,7.11,17234200,124270000.0,3.4,3.66,36.28,36.29,8.12,6.64,1.01
证通电子,sz002197,7.69,7.55,7.55,20089500.0,7.69,13200,7.7,55900,1.85,7.77,7.47,20089500,153250000.0,3.76,3.97,41.06,47.24,8.31,6.8,0.94
莱茵生物,sz002166,8.65,8.8,8.76,9972600.0,8.65,3500,8.66,5700,-1.7,8.8,8.58,9972600,86530000.0,1.35,2.5,63.89,64.15,9.68,7.92,1.06
广电运通,sz002152,11.98,12.09,12.05,19489700.0,11.98,87500,11.99,9700,-0.91,12.13,11.83,19489700,233280000.0,0.79,2.48,297.36,297.51,13.3,10.88,1.0
ST汇洲,sz002122,2.91,2.92,2.92,13223200.0,2.91,503800,2.92,1050900,-0.34,2.94,2.89,13223200,38500000.0,0.67,1.71,57.84,58.24,3.07,2.77,0.89
三钢闽光,sz002110,3.55,3.55,3.53,14535700.0,3.54,354600,3.55,392300,0.0,3.57,3.5,14535700,51380000.0,0.6,1.97,86.23,86.23,3.91,3.2,0.61
中泰化学,sz002092,6.67,6.18,6.2,138454100.0,6.66,61400,6.67,35600,7.93,6.77,6.18,138454100,907850000.0,5.38,9.55,171.79,172.75,6.8,5.56,2.86
横店东磁,sz002056,19.01,19.1,19.0,19588800.0,19.01,20200,19.02,800,-0.47,19.18,18.94,19588800,373220000.0,1.21,1.26,308.92,309.24,21.01,17.19,0.63
兔 宝 宝,sz002043,13.66,13.65,13.61,6373600.0,13.66,9700,13.7,5400,0.07,13.89,13.59,6373600,87380000.0,0.79,2.2,110.31,113.34,15.02,12.29,0.61
联创电子,sz002036,8.78,8.91,8.89,17559900.0,8.78,282500,8.79,22700,-1.46,8.95,8.77,17559900,154840000.0,1.66,2.02,92.67,92.86,9.8,8.02,0.76
京新药业,sz002020,15.39,15.09,15.1,15347300.0,15.38,14100,15.39,13500,1.99,15.49,14.77,15347300,233380000.0,2.12,4.77,111.42,132.51,16.6,13.58,1.48
立新能源,sz001258,9.11,9.58,9.49,41959900.0,9.11,266300,9.12,224300,-4.91,9.49,9.1,41959900,386750000.0,4.5,4.07,85.03,85.03,10.54,8.62,0.83
弘业期货,sz001236,8.95,9.02,8.91,5994000.0,8.95,100,8.96,23500,-0.78,9.0,8.82,5994000,53410000.0,0.79,2.0,67.85,90.2,9.92,8.12,0.95
兰州银行,sz001227,2.25,2.25,2.25,50477100.0,2.24,4374800,2.25,3065600,0.0,2.26,2.24,50477100,113530000.0,1.2,0.89,94.89,128.15,2.48,2.03,1.48
*ST数源,sz000909,5.73,6.03,5.73,194700.0,0.0,0,5.73,30963800,-4.98,5.73,5.73,194700,1120000.0,0.04,0.0,25.08,25.08,6.33,5.73,0.05
现代投资,sz000900,4.11,4.11,4.11,11418200.0,4.11,72000,4.12,91200,0.0,4.13,4.06,11418200,46800000.0,0.75,1.7,62.38,62.38,4.52,3.7,1.26
电投绿能,sz000875,6.45,6.64,6.61,58819100.0,6.45,38900,6.46,175900,-2.86,6.61,6.38,58819100,380000000.0,1.76,3.46,215.58,233.96,7.3,5.98,0.94
国安股份,sz000839,3.08,3.08,3.07,62734900.0,3.08,40300,3.09,938300,0.0,3.1,3.02,62734900,191830000.0,1.6,2.6,120.73,120.73,3.39,2.77,1.1
超声电子,sz000823,15.67,15.97,15.88,19961800.0,15.66,11800,15.67,13800,-1.88,16.16,15.5,19961800,314150000.0,3.72,4.13,84.14,84.15,17.57,14.37,0.78
冰轮环境,sz000811,22.22,22.43,22.43,38109400.0,22.22,10100,22.23,2100,-0.94,22.6,21.78,38109400,845710000.0,3.9,3.66,217.4,220.53,24.67,20.19,0.8
中国武夷,sz000797,2.71,2.7,2.69,21354100.0,2.71,290100,2.72,382500,0.37,2.74,2.68,21354100,57770000.0,1.36,2.22,42.56,42.57,2.97,2.43,1.16
英洛华,sz000795,9.18,9.18,9.16,12452000.0,9.18,600,9.19,179400,0.0,9.21,9.03,12452000,113350000.0,1.1,1.96,104.07,104.07,10.1,8.26,0.78
国海证券,sz000750,3.81,3.83,3.83,27983000.0,3.8,1434800,3.81,154900,-0.52,3.83,3.79,27983000,106510000.0,0.48,1.04,220.84,243.31,4.21,3.45,0.88
湖南发展,sz000722,14.55,15.63,14.94,50190500.0,14.54,48600,14.55,388400,-6.91,15.3,14.44,50190500,746430000.0,10.81,5.5,67.54,67.54,17.19,14.07,1.07
双环科技,sz000707,6.16,6.0,6.04,35588000.0,6.16,179400,6.17,2000,2.67,6.28,5.92,35588000,217530000.0,6.46,6.0,33.92,36.02,6.6,5.4,1.39
ST沈化,sz000698,4.02,3.91,3.9,10987800.0,4.01,93000,4.02,54100,2.81,4.02,3.89,10987800,43670000.0,1.4,3.32,31.59,32.94,4.11,3.71,2.14
*ST金科,sz000656,1.45,1.42,1.43,92504700.0,1.45,1610200,1.46,4615300,2.11,1.46,1.42,92504700,133120000.0,1.22,2.82,110.35,154.19,1.49,1.35,1.01
顺发恒能,sz000631,3.19,3.22,3.2,23556600.0,3.18,459100,3.19,158700,-0.93,3.25,3.16,23556600,75250000.0,1.02,2.8,73.37,73.37,3.54,2.9,1.29
陕国投Ａ,sz000563,3.37,3.39,3.38,40752400.0,3.36,1151900,3.37,851800,-0.59,3.39,3.35,40752400,136940000.0,0.8,1.18,172.34,172.34,3.73,3.05,1.08
西部创业,sz000557,4.62,4.65,4.66,5875200.0,4.62,129600,4.64,86700,-0.65,4.66,4.59,5875200,27180000.0,0.4,1.51,67.36,67.38,5.12,4.19,0.79
新金路,sz000510,13.75,13.62,13.42,46174700.0,13.75,40000,13.76,2700,0.95,13.9,13.18,46174700,621880000.0,7.61,5.29,83.42,89.17,14.98,12.26,0.96
申万宏源,sz000166,4.63,4.65,4.64,58436800.0,4.63,967000,4.64,1179000,-0.43,4.65,4.6,58436800,270380000.0,0.26,1.08,1043.39,1159.35,5.12,4.19,0.89
中集集团,sz000039,11.11,11.34,11.3,48790800.0,11.11,56000,11.12,123000,-2.03,11.42,10.83,48790800,537590000.0,2.12,5.2,255.69,599.11,12.47,10.21,0.83
南  玻Ａ,sz000012,4.45,4.47,4.45,13473100.0,4.45,89900,4.46,3400,-0.45,4.49,4.44,13473100,60190000.0,0.69,1.12,87.19,135.39,4.92,4.02,0.95
深振业Ａ,sz000006,9.88,9.72,9.72,29329400.0,9.88,213600,9.89,84400,1.65,9.9,9.72,29329400,288700000.0,2.17,1.85,133.38,133.38,10.69,8.75,0.88
思特威-W,sh688213,91.6,92.0,92.03,705347900.0,91.6,800,91.61,1900,-0.43,94.15,90.67,705347900,650020000.0,2.18,3.78,296.33,368.51,110.4,73.6,0.96
键凯科技,sh688356,103.37,105.1,104.38,80048300.0,103.3,1200,103.37,200,-1.65,105.4,101.6,80048300,82840000.0,1.32,3.62,62.69,62.69,126.12,84.08,0.85
贵州茅台,sh600519,1458.49,1419.0,1413.1,5545500.0,1458.48,300,1458.49,8100,2.78,1458.88,1413.1,5545500,8003410000.0,0.44,3.23,18264.24,18264.24,1560.9,1277.1,1.26
润和软件,sz300339,46.1,42.11,43.0,88672000.0,46.09,27000,46.1,303100,9.48,47.58,42.6,88672000,3985200000.0,11.4,11.83,358.51,367.15,50.53,33.69,3.35
恒铭达,sz002947,83.3,78.6,78.08,29191100.0,83.29,1600,83.3,55800,5.98,83.76,73.01,29191100,2321490000.0,15.15,13.68,160.46,213.42,86.46,70.74,1.77
新强联,sz300850,41.18,41.01,41.13,12222500.0,41.18,32400,41.19,6900,0.41,41.93,40.91,12222500,506160000.0,4.06,2.49,123.86,170.52,49.21,32.81,0.84
翱捷科技-U,sh688220,90.58,90.7,91.44,1164711200.0,90.58,28000,90.59,200,-0.13,93.68,90.21,1164711200,1067850000.0,3.16,3.83,334.37,378.9,108.84,72.56,0.78
瑞松科技,sh688090,72.52,72.34,72.11,277070300.0,72.52,2100,72.58,400,0.25,74.29,70.67,277070300,200930000.0,2.27,5.0,88.54,88.74,86.81,57.87,0.58
科力装备,sz301552,39.58,42.48,41.21,3473900.0,39.58,600,39.6,7100,-6.83,41.48,39.23,3473900,138870000.0,14.6,5.3,9.42,37.68,50.98,33.98,1.3
五 粮 液,sz000858,101.27,101.18,100.65,13453300.0,101.27,15300,101.28,14700,0.09,101.92,100.3,13453300,1361340000.0,0.35,1.6,3930.74,3930.9,111.3,91.06,0.95
安图生物,sh603658,33.57,33.91,33.91,1744300.0,33.56,3700,33.57,600,-1.0,34.0,33.46,1744300,58740000.0,0.31,1.59,191.83,191.83,37.3,30.52,0.89
朗特智能,sz300916,36.0,35.64,33.46,11660700.0,36.0,3300,36.01,19600,1.01,36.54,33.16,11660700,411090000.0,12.48,9.48,33.63,52.07,42.77,28.51,1.65
万里石,sz002785,40.5,41.32,41.0,6469200.0,40.5,2000,40.51,200,-1.98,41.52,39.84,6469200,261520000.0,3.34,4.07,78.37,91.78,45.45,37.19,1.01
钧崴电子,sz301458,39.39,39.71,39.32,8116500.0,39.39,900,39.4,300,-0.81,40.18,38.71,8116500,321040000.0,6.91,3.7,46.28,105.04,47.65,31.77,0.57
汇通能源,sh600605,31.82,29.95,30.55,12531200.0,31.82,3600,31.83,2400,6.24,32.49,30.1,12531200,396590000.0,6.07,7.98,65.64,65.64,32.95,26.96,1.68
国芯科技,sh688262,35.55,35.96,35.95,1281860400.0,35.54,300,35.55,1600,-1.14,37.22,34.88,1281860400,459870000.0,3.82,6.51,119.45,119.45,43.15,28.77,1.31
海尔智家,sh600690,20.48,20.53,20.5,46887400.0,20.47,219700,20.48,42900,-0.24,20.56,20.27,46887400,957810000.0,0.75,1.41,1280.62,1920.54,22.58,18.48,0.92
瑞达期货,sz002961,24.32,24.32,24.33,7221400.0,24.32,16800,24.33,17900,0.0,24.53,24.15,7221400,175910000.0,1.51,1.56,115.99,115.99,26.75,21.89,0.7
有研粉材,sh688456,58.58,56.87,56.87,397706700.0,58.56,1400,58.58,3700,3.01,60.18,56.0,397706700,230630000.0,3.84,7.35,60.72,60.72,68.24,45.5,1.4
中国海防,sh600764,23.99,24.69,24.5,6234200.0,23.99,22500,24.0,27100,-2.84,24.58,23.88,6234200,150030000.0,0.88,2.84,170.48,170.48,27.16,22.22,0.94
伟明环保,sh603568,20.83,21.27,21.27,9186900.0,20.83,3900,20.84,1100,-2.07,21.43,20.81,9186900,193400000.0,0.54,2.91,355.58,356.22,23.4,19.14,0.62
键邦股份,sh603285,41.3,41.88,42.23,7272100.0,41.3,300,41.33,300,-1.38,42.7,40.2,7272100,300320000.0,11.67,5.97,25.73,66.08,46.07,37.69,1.01
皖仪科技,sh688600,28.31,27.9,27.91,206224600.0,28.31,800,28.44,4800,1.47,28.78,27.46,206224600,57870000.0,1.53,4.73,38.14,38.14,33.48,22.32,0.91
福立旺,sh688678,23.1,23.56,23.4,2441030100.0,23.1,20400,23.11,16700,-1.95,23.97,22.63,2441030100,564030000.0,6.06,5.69,93.12,93.12,28.27,18.85,0.67
新亚电子,sh605277,23.4,24.0,23.65,6845500.0,23.39,36200,23.4,5200,-2.5,24.0,23.0,6845500,160580000.0,2.15,4.17,74.44,75.81,26.4,21.6,1.11
义翘神州,sz301047,72.58,72.67,72.51,703100.0,72.58,1000,72.6,1900,-0.12,73.14,72.1,703100,51090000.0,0.59,1.43,86.79,88.28,87.2,58.14,0.83
开普检测,sz003008,22.0,21.64,21.5,2325500.0,22.0,3600,22.02,2700,1.66,22.17,21.42,2325500,50670000.0,2.99,3.47,17.1,22.88,23.8,19.48,0.65
西藏药业,sh600211,40.82,40.99,40.92,1492300.0,40.79,1100,40.82,700,-0.41,41.19,40.71,1492300,61030000.0,0.46,1.17,131.57,131.57,45.09,36.89,0.73
善水科技,sz301190,24.35,23.66,23.53,7655200.0,24.35,23000,24.36,4600,2.92,25.25,22.88,7655200,183170000.0,4.8,10.02,38.8,52.26,28.39,18.93,3.08
宇环数控,sz002903,31.25,31.73,32.02,5914800.0,31.25,2600,31.26,15200,-1.51,32.2,31.2,5914800,186960000.0,5.55,3.15,33.33,48.97,34.9,28.56,0.56
杰恩股份,sz300668,59.88,61.1,60.04,5278700.0,59.83,300,59.88,16600,-2.0,60.96,57.01,5278700,313070000.0,5.29,6.46,59.7,72.08,73.32,48.88,0.84
太辰光,sz300570,134.1,135.03,129.95,30488000.0,134.09,400,134.1,18400,-0.69,135.98,127.24,30488000,4022580000.0,15.86,6.47,257.73,304.58,162.04,108.02,1.02
江龙船艇,sz300589,16.35,15.78,16.2,33189400.0,16.35,73700,16.36,86600,3.61,16.93,16.16,33189400,546360000.0,14.16,4.88,38.33,61.75,18.94,12.62,1.26
伟创电气,sh688698,65.92,66.62,65.5,368848100.0,65.9,1900,65.92,700,-1.05,66.99,65.15,368848100,243450000.0,1.72,2.76,141.08,141.08,79.94,53.3,0.69
美芯晟,sh688458,36.71,36.07,36.23,179841500.0,36.71,1900,36.72,500,1.77,37.08,36.02,179841500,65910000.0,2.11,2.94,31.23,40.95,43.28,28.86,1.16
人民网,sh603000,19.49,19.63,19.52,14988500.0,19.48,2900,19.49,41400,-0.71,19.68,19.2,14988500,291160000.0,1.36,2.45,215.5,215.5,21.59,17.67,0.86
激智科技,sz300566,18.4,18.63,18.63,3967500.0,18.4,5700,18.41,300,-1.23,18.69,18.3,3967500,73170000.0,1.75,2.09,41.71,48.23,22.36,14.9,1.02
上海医药,sh601607,16.88,16.97,16.92,6115700.0,16.87,8900,16.88,22400,-0.53,16.98,16.82,6115700,103210000.0,0.22,0.94,470.82,625.97,18.67,15.27,0.84
重庆啤酒,sh600132,54.17,53.26,53.26,4505400.0,54.17,800,54.18,900,1.71,54.37,52.75,4505400,242130000.0,0.93,3.04,262.17,262.17,58.59,47.93,1.44
宏力达,sh688330,46.8,49.45,49.68,401530600.0,46.79,6300,46.8,180300,-5.36,49.78,46.51,401530600,190940000.0,2.87,6.61,65.52,65.52,59.34,39.56,1.1
丽珠集团,sz000513,32.8,33.56,33.1,9586600.0,32.8,53500,32.81,10300,-2.26,33.15,32.59,9586600,314340000.0,1.69,1.67,186.35,291.23,36.92,30.2,2.41
华绿生物,sz300970,42.58,42.0,45.08,31956600.0,42.58,13500,42.6,6300,1.38,50.4,42.1,31956600,1470590000.0,33.72,19.76,40.35,52.21,50.4,33.6,2.29
明志科技,sh688355,23.21,23.55,23.5,215383200.0,23.2,2800,23.21,2900,-1.44,23.57,22.86,215383200,49970000.0,1.74,3.01,28.77,28.77,28.26,18.84,0.7
嘉环科技,sh603206,16.78,16.75,16.63,4508900.0,16.78,23600,16.8,15000,0.18,17.05,16.29,4508900,75000000.0,1.48,4.54,51.21,51.21,18.43,15.08,0.67
上海机场,sh600009,27.04,27.22,27.22,8249100.0,27.04,19900,27.05,49400,-0.66,27.22,27.01,8249100,223260000.0,0.4,0.77,553.31,672.84,29.94,24.5,1.32
康强电子,sz002119,20.64,20.63,20.61,18940300.0,20.63,131400,20.64,24500,0.05,21.09,20.59,18940300,393250000.0,5.05,2.42,77.46,77.46,22.69,18.57,0.44
路桥信息,bj920748,34.52,35.94,36.22,1047300.0,34.52,6800,34.55,0,-3.95,36.22,34.4,1047300,36697300.0,2.94,5.06,12.31,26.49,46.72,25.16,1.04
西大门,sh605155,15.55,15.33,15.25,2108200.0,15.55,7700,15.59,1000,1.44,15.55,15.09,2108200,32280000.0,1.13,3.0,29.05,29.75,16.86,13.8,1.09
中国稀土,sz000831,51.16,51.11,51.07,29170300.0,51.16,69200,51.17,38300,0.1,51.41,50.09,29170300,1481720000.0,2.75,2.58,542.92,542.92,56.22,46.0,0.76
长鸿高科,sh605008,11.9,11.83,11.83,2402400.0,11.9,9700,11.92,19200,0.59,11.98,11.7,2402400,28450000.0,0.37,2.37,76.87,76.87,13.01,10.65,1.5
瑞联新材,sh688550,40.97,42.54,41.55,347109200.0,40.96,2000,40.97,6400,-3.69,41.82,40.37,347109200,142230000.0,2.0,3.41,71.22,71.22,51.05,34.03,1.06
瀚川智能,sh688022,16.61,16.19,16.28,513464900.0,16.61,0,16.62,22900,2.59,16.74,15.88,513464900,83800000.0,2.92,5.31,29.21,29.21,19.43,12.95,1.24
旭升集团,sh603305,14.65,14.92,14.9,30893000.0,14.64,17800,14.65,45100,-1.81,14.94,14.4,30893000,452070000.0,2.67,3.62,169.31,169.31,16.41,13.43,0.98
皇马科技,sh603181,15.74,15.58,15.57,8331800.0,15.74,4700,15.75,7400,1.03,15.9,15.38,8331800,130940000.0,1.42,3.34,92.66,92.66,17.14,14.02,1.3
宁波中百,sh600857,12.03,11.91,11.92,2334500.0,12.02,500,12.03,5900,1.01,12.08,11.8,2334500,27870000.0,1.04,2.35,26.99,26.99,13.1,10.72,0.8
川投能源,sh600674,14.93,15.0,15.01,27074600.0,14.93,13300,14.94,3400,-0.47,15.13,14.92,27074600,406360000.0,0.56,1.4,727.78,727.78,16.5,13.5,0.72
冠昊生物,sz300238,14.45,14.55,14.54,3819600.0,14.45,3700,14.46,5100,-0.69,14.57,14.21,3819600,54880000.0,1.44,2.47,38.31,38.31,17.46,11.64,0.71
北方长龙,sz301357,112.69,113.89,118.0,2934900.0,112.68,600,112.69,12000,-1.05,118.19,112.08,2934900,335280000.0,3.08,5.36,107.28,107.28,136.67,91.11,0.94
中科蓝讯,sh688332,125.8,125.06,125.0,178290600.0,125.8,1000,125.86,300,0.59,127.38,123.65,178290600,224050000.0,1.48,2.98,151.71,151.71,150.07,100.05,0.93
维力医疗,sh603309,13.93,13.35,13.21,12322400.0,13.93,17000,13.97,4000,4.34,14.29,13.21,12322400,170550000.0,4.22,8.09,40.66,40.66,14.69,12.02,1.33
安井食品,sh603345,98.8,96.73,97.7,4398200.0,98.8,19600,98.81,1000,2.14,100.79,97.51,4398200,436180000.0,1.5,3.39,289.77,329.29,106.4,87.06,1.07
通力科技,sz301255,28.91,29.13,29.3,2175600.0,28.91,3300,28.92,2300,-0.76,29.3,28.51,2175600,62910000.0,5.71,2.71,11.01,44.04,34.96,23.3,0.51
锡南科技,sz301170,28.3,28.57,28.0,1794100.0,28.29,8700,28.3,200,-0.95,28.45,27.53,1794100,50190000.0,5.34,3.22,9.5,28.3,34.28,22.86,1.69
复星医药,sh600196,25.38,25.57,25.66,12244000.0,25.38,19700,25.39,8000,-0.74,25.67,25.26,12244000,311200000.0,0.58,1.6,537.67,677.75,28.13,23.01,0.74
金奥博,sz002917,13.02,12.97,13.1,3797400.0,13.01,4300,13.02,29400,0.39,13.1,12.7,3797400,48910000.0,1.46,3.08,33.92,45.26,14.27,11.67,0.67
交大思诺,sz300851,29.28,28.87,28.77,1201200.0,29.27,1000,29.28,300,1.42,29.46,28.5,1201200,34810000.0,2.22,3.33,15.84,25.45,34.64,23.1,1.47
沃尔核材,sz002130,23.62,26.06,24.17,111846100.0,23.62,252800,23.63,18600,-9.36,24.65,23.45,111846100,2650900000.0,9.75,4.6,270.91,330.65,28.67,23.45,2.75
奥尼电子,sz301189,81.68,80.88,80.9,6416100.0,81.5,100,81.68,4100,0.99,82.99,76.83,6416100,511440000.0,5.74,7.62,91.28,95.07,97.06,64.7,0.66
三一重能,sh688349,24.17,24.74,24.79,775002400.0,24.17,1600,24.18,2000,-2.3,25.18,24.01,775002400,189290000.0,0.65,4.73,287.5,296.42,29.69,19.79,1.05
万控智造,sh603070,15.13,14.74,14.79,3684400.0,15.12,3300,15.13,600,2.65,15.22,14.68,3684400,55290000.0,0.92,3.66,60.67,60.67,16.21,13.27,1.33
通达创智,sz001368,28.38,28.4,28.4,1521100.0,28.37,3200,28.38,1400,-0.07,28.73,27.94,1521100,43150000.0,1.41,2.78,30.71,32.31,31.24,25.56,0.57
思林杰,sh688115,48.9,48.36,47.66,156483700.0,48.9,7000,48.94,200,1.12,49.25,47.66,156483700,76170000.0,2.35,3.29,32.6,32.6,58.03,38.69,0.83
洪汇新材,sz002802,14.29,15.42,15.08,14422100.0,14.28,114500,14.29,38000,-7.33,15.19,14.05,14422100,209350000.0,9.64,7.39,21.39,25.9,16.96,13.88,0.62
康希通信,sh688653,13.68,13.35,13.35,639252800.0,13.68,0,13.69,46900,2.47,13.73,13.32,639252800,86730000.0,2.02,3.07,43.29,58.07,16.02,10.68,1.31
潞安环能,sh601699,14.45,14.38,14.35,23598100.0,14.44,84800,14.45,2800,0.49,14.62,14.25,23598100,340680000.0,0.79,2.57,432.26,432.26,15.82,12.94,0.85
争光股份,sz301092,34.72,33.92,33.9,2547800.0,34.71,6300,34.72,9300,2.36,34.95,33.34,2547800,87210000.0,4.2,4.75,21.07,46.71,40.7,27.14,1.04
集智股份,sz300553,41.14,42.06,41.82,2285800.0,41.13,1000,41.14,100,-2.19,41.93,40.38,2285800,93840000.0,2.69,3.69,34.93,45.67,50.47,33.65,0.61
春立医疗,sh688236,19.75,20.08,20.02,122366700.0,19.72,500,19.75,48100,-1.64,20.08,19.6,122366700,24270000.0,0.42,2.39,56.96,75.75,24.1,16.06,0.92
盛天网络,sz300494,11.2,11.81,11.23,23671900.0,11.2,329000,11.21,36600,-5.17,11.3,10.8,23671900,261060000.0,5.94,4.23,44.61,54.94,14.17,9.45,2.28
线上线下,sz300959,93.82,101.32,99.18,7019400.0,93.8,3000,93.82,2500,-7.4,99.99,93.48,7019400,670340000.0,13.41,6.43,49.12,75.4,121.58,81.06,1.26
北矿科技,sh600980,22.6,22.59,22.55,2463500.0,22.59,2100,22.6,1900,0.04,22.77,22.27,2463500,55500000.0,1.3,2.21,42.77,42.77,24.85,20.33,0.87
云南白药,sz000538,54.43,54.28,54.45,7385200.0,54.43,18200,54.45,400,0.28,54.63,54.28,7385200,402020000.0,0.42,0.64,965.01,971.17,59.71,48.85,1.12
力合微,sh688589,22.2,21.95,21.9,327646400.0,22.2,1300,22.22,1000,1.14,22.44,21.85,327646400,72650000.0,2.25,2.69,32.26,32.26,26.34,17.56,1.35
中捷精工,sz301072,22.9,22.6,22.58,1311900.0,22.9,100,22.91,600,1.33,23.15,22.34,1311900,29940000.0,1.95,3.58,15.38,24.06,27.12,18.08,1.06
凯盛科技,sh600552,15.08,15.02,14.89,67039400.0,15.07,7400,15.08,49200,0.4,15.53,14.79,67039400,1016340000.0,7.1,4.93,142.45,142.45,16.52,13.52,0.71
奥海科技,sz002993,46.95,48.04,47.9,5491400.0,46.95,3400,46.98,2300,-2.27,48.44,46.66,5491400,258600000.0,2.3,3.71,111.95,129.6,52.84,43.24,0.58
道道全,sz002852,9.63,9.62,9.58,4620100.0,9.63,5100,9.64,1000,0.1,9.69,9.48,4620100,44260000.0,1.62,2.18,27.52,33.12,10.58,8.66,1.0
华骐环保,sz300929,12.71,12.56,12.49,3925400.0,12.71,8800,12.73,600,1.19,12.82,12.26,3925400,49360000.0,3.13,4.46,15.93,16.79,15.07,10.05,1.42
全柴动力,sh600218,9.61,9.48,9.48,8272700.0,9.6,30600,9.61,2100,1.37,9.71,9.41,8272700,79220000.0,1.9,3.16,41.86,41.86,10.43,8.53,1.15
兰生股份,sh600826,10.32,9.38,9.93,15219500.0,10.32,2277900,0.0,0,10.02,10.32,9.93,15219500,156400000.0,2.07,4.16,75.91,75.91,10.32,8.44,3.57
中谷物流,sh603565,10.72,11.03,10.88,31309700.0,10.71,74200,10.72,21600,-2.81,10.97,10.6,31309700,337360000.0,1.49,3.35,225.13,225.13,12.13,9.93,1.57
张  裕Ａ,sz000869,19.27,19.04,19.0,1139300.0,19.26,900,19.27,5600,1.21,19.32,18.94,1139300,21820000.0,0.25,2.0,87.7,126.65,20.94,17.14,1.43
千金药业,sh600479,10.61,10.5,10.48,4999700.0,10.6,19100,10.61,41800,1.05,10.61,10.42,4999700,52610000.0,1.19,1.81,44.4,52.22,11.55,9.45,0.84
中材国际,sh600970,10.12,10.13,10.12,14145400.0,10.11,22500,10.12,3700,-0.1,10.18,10.06,14145400,143080000.0,0.54,1.18,265.33,265.33,11.14,9.12,0.65
中晶科技,sz003026,39.32,38.06,37.88,10563500.0,39.32,58500,39.33,15700,3.31,39.47,37.65,10563500,410650000.0,11.04,4.78,37.63,50.97,41.87,34.25,1.69
陕鼓动力,sh601369,9.3,9.16,9.16,16958000.0,9.29,145800,9.3,147000,1.53,9.38,9.12,16958000,157750000.0,0.99,2.84,158.68,160.28,10.08,8.24,0.93
凤凰传媒,sh601928,9.54,9.49,9.49,4997400.0,9.53,60400,9.54,98200,0.53,9.54,9.43,4997400,47430000.0,0.2,1.16,242.78,242.78,10.44,8.54,0.44
摩恩电气,sz002451,9.4,9.48,9.4,9718400.0,9.4,69600,9.41,31700,-0.84,9.48,9.28,9718400,91020000.0,2.21,2.11,41.28,41.42,10.43,8.53,0.72
盛帮股份,sz301233,55.27,54.49,54.01,1095800.0,55.27,500,55.29,11500,1.43,55.88,54.0,1095800,60460000.0,3.89,3.45,15.58,28.45,65.39,43.59,1.39
宣泰医药,sh688247,9.1,9.15,9.15,161250300.0,9.1,3900,9.12,2400,-0.55,9.15,9.0,161250300,14590000.0,0.36,1.64,41.25,41.25,10.98,7.32,0.8
中毅达,sh600610,9.21,9.25,9.27,19867600.0,9.21,25200,9.22,38100,-0.43,9.34,9.07,19867600,182840000.0,2.8,2.92,65.27,98.66,10.18,8.33,1.06
亚光股份,sh603282,21.38,21.24,21.24,1491800.0,21.38,7500,21.39,3300,0.66,21.56,21.05,1491800,31880000.0,1.11,2.4,28.61,28.61,23.36,19.12,0.86
雷赛智能,sz002979,42.27,41.85,42.49,8613600.0,42.27,44000,42.28,4100,1.0,42.84,41.86,8613600,364780000.0,3.9,2.34,93.4,133.2,46.04,37.67,1.31
正泰电源,sz002150,29.16,30.32,29.94,17665100.0,29.16,92500,29.17,28600,-3.83,30.3,28.75,17665100,519770000.0,4.93,5.11,104.55,105.23,33.35,27.29,0.88
金道科技,sz301279,28.63,28.76,28.36,1055900.0,28.63,400,28.64,1000,-0.45,28.88,28.09,1055900,30010000.0,1.05,2.75,28.77,37.14,34.51,23.01,0.63
浙江震元,sz000705,8.6,8.53,8.46,3555700.0,8.6,14400,8.61,147600,0.82,8.64,8.43,3555700,30360000.0,1.26,2.46,24.25,28.73,9.38,7.68,0.63
华能水电,sh600025,9.66,9.77,9.78,24792000.0,9.66,15900,9.67,23600,-1.13,9.83,9.65,24792000,240900000.0,0.13,1.84,1799.76,1799.76,10.75,8.79,0.84
国金证券,sh600109,8.65,8.55,8.62,48390500.0,8.65,48900,8.66,199600,1.17,8.79,8.62,48390500,420730000.0,1.31,1.99,320.51,320.51,9.41,7.7,2.5
中国移动,sh600941,95.44,95.85,95.8,6432800.0,95.44,500,95.45,17300,-0.43,95.99,95.2,6432800,614530000.0,0.71,0.82,861.6,20669.86,105.44,86.27,0.61
捷顺科技,sz002609,8.33,8.31,8.31,7488400.0,8.32,46500,8.33,56000,0.24,8.38,8.17,7488400,61850000.0,1.63,2.53,38.27,53.6,9.14,7.48,1.02
大全能源,sh688303,22.9,23.34,23.22,2136592400.0,22.88,1500,22.9,23300,-1.89,23.43,22.61,2136592400,490070000.0,1.0,3.51,491.25,491.25,28.01,18.67,0.93
安迪苏,sh600299,13.92,14.09,14.15,16159400.0,13.91,9600,13.92,200,-1.21,14.5,13.72,16159400,227750000.0,0.6,5.54,373.32,428.71,15.5,12.68,0.78
三鑫医疗,sz300453,10.05,9.94,9.9,15858500.0,10.04,16800,10.05,14300,1.11,10.09,9.83,15858500,158580000.0,4.41,2.62,36.17,52.47,11.93,7.95,0.98
济川药业,sh600566,26.7,25.15,25.5,14685400.0,26.69,800,26.7,56100,6.16,26.85,25.28,14685400,387500000.0,1.6,6.24,245.25,246.08,27.67,22.64,4.34
ST炼石,sz000697,10.13,9.99,9.99,6046800.0,10.11,5500,10.13,100,1.4,10.15,9.85,6046800,60370000.0,0.93,3.0,66.16,141.42,10.49,9.49,0.98
大宏立,sz300865,30.69,29.83,29.76,8506500.0,30.67,1200,30.69,6000,2.88,31.5,29.1,8506500,260880000.0,14.8,8.05,17.64,29.36,35.8,23.86,3.01
皖通科技,sz002331,9.91,9.01,8.89,46713800.0,9.91,2778900,0.0,0,9.99,9.91,8.8,46713800,449080000.0,11.8,12.32,39.23,42.46,9.91,8.11,1.75
英威腾,sz002334,7.85,7.96,7.92,23170400.0,7.85,60900,7.86,48000,-1.38,7.93,7.78,23170400,181420000.0,3.15,1.88,57.7,64.59,8.76,7.16,0.43
华懋科技,sh603306,96.54,106.0,104.35,24673700.0,96.54,3400,96.55,10500,-8.92,105.99,95.43,24673700,2424170000.0,7.49,9.96,318.09,318.09,116.6,95.4,1.75
深天马Ａ,sz000050,8.18,8.32,8.3,18539000.0,8.18,17800,8.19,676000,-1.68,8.34,8.15,18539000,152050000.0,0.75,2.28,201.04,201.04,9.15,7.49,0.91
光大证券,sh601788,14.74,14.92,14.87,19766800.0,14.73,268700,14.74,87200,-1.21,14.9,14.71,19766800,291950000.0,0.51,1.27,575.85,679.63,16.41,13.43,0.83
赛腾股份,sh603283,49.68,50.49,50.2,8198300.0,49.67,1600,49.68,14800,-1.6,50.77,49.63,8198300,410270000.0,3.02,2.26,134.72,134.72,55.54,45.44,0.66
奥浦迈,sh688293,48.95,49.74,49.74,207519100.0,48.8,200,48.95,300,-1.59,50.41,48.3,207519100,101810000.0,1.82,4.24,55.71,68.17,59.69,39.79,1.03
中国核电,sh601985,9.07,9.09,9.09,137425900.0,9.07,219300,9.08,345300,-0.22,9.11,9.0,137425900,1246320000.0,0.73,1.21,1712.71,1865.52,10.0,8.18,0.93
世纪华通,sz002602,16.37,16.54,16.55,65903100.0,16.37,16000,16.38,41000,-1.03,16.58,16.06,65903100,1071540000.0,0.97,3.14,1112.64,1206.58,18.19,14.89,1.03
博隆技术,sh603325,69.3,77.0,69.3,2493700.0,0.0,0,69.3,299000,-10.0,71.4,69.3,2493700,173570000.0,7.3,2.73,23.69,55.44,84.7,69.3,3.79
环球印务,sz002799,8.39,7.91,8.12,15920600.0,8.38,500,8.39,91900,6.07,8.42,8.03,15920600,132070000.0,4.97,4.93,26.85,26.85,8.7,7.12,3.23
青达环保,sh688501,25.01,26.51,26.5,436205400.0,25.01,20700,25.02,200,-5.66,26.51,24.65,436205400,109930000.0,3.51,7.02,31.07,31.07,31.81,21.21,1.87
深南电A,sz000037,10.78,11.58,11.3,40556700.0,10.78,145600,10.79,91200,-6.91,11.3,10.75,40556700,445940000.0,11.97,4.75,36.53,64.98,12.74,10.42,0.74
浙江建投,sz002761,8.0,8.09,8.06,7715900.0,7.99,37900,8.0,374000,-1.11,8.13,7.98,7715900,61870000.0,0.71,1.85,86.54,105.99,8.9,7.28,0.97
开普云,sh688228,102.75,105.16,100.83,216787300.0,102.75,5500,102.79,200,-2.29,104.2,100.0,216787300,221500000.0,3.21,3.99,69.41,69.41,126.19,84.13,1.16
上海电气,sh601727,7.93,8.07,8.02,99438200.0,7.92,1556400,7.93,981400,-1.73,8.04,7.91,99438200,790440000.0,0.79,1.61,1000.42,1232.33,8.88,7.26,0.98
时代万恒,sh600241,9.57,9.46,9.34,8153400.0,9.57,2800,9.58,100,1.16,9.7,9.25,8153400,77850000.0,2.77,4.76,28.16,28.16,10.41,8.51,0.84
通化东宝,sh600867,9.61,9.56,9.53,38820700.0,9.61,30500,9.62,202000,0.52,9.63,9.42,38820700,371410000.0,1.98,2.2,188.22,188.22,10.52,8.6,0.58
新恒汇,sz301678,59.0,59.36,59.02,1727000.0,59.0,5400,59.06,400,-0.61,60.15,58.3,1727000,102250000.0,3.6,3.12,28.27,141.34,71.23,47.49,0.73
鼎捷数智,sz300378,40.63,41.36,40.83,9431800.0,40.62,1200,40.63,8200,-1.76,41.27,40.1,9431800,383350000.0,3.5,2.83,109.5,110.33,49.63,33.09,0.79
豪迈科技,sz002595,89.24,90.86,90.5,3529100.0,89.24,800,89.27,2300,-1.78,91.55,87.91,3529100,314830000.0,0.44,4.01,708.98,713.92,99.95,81.77,0.61
北京科锐,sz002350,13.85,14.25,13.93,20374700.0,13.84,24200,13.85,31000,-2.81,14.19,13.73,20374700,283080000.0,3.84,3.23,73.48,75.11,15.68,12.83,0.88
天富龙,sh603406,34.15,34.22,34.2,629700.0,34.14,2700,34.15,2800,-0.2,34.29,33.82,629700,21410000.0,1.72,1.37,12.52,136.6,37.64,30.8,0.51
华立股份,sh603038,16.74,16.93,16.8,7984500.0,16.74,8900,16.75,6400,-1.12,17.06,16.4,7984500,133550000.0,2.97,3.9,44.98,44.98,18.62,15.24,0.61
百合花,sh603823,16.39,16.2,16.2,4781000.0,16.39,4100,16.4,24600,1.17,16.49,15.93,4781000,77670000.0,1.15,3.46,68.24,68.24,17.82,14.58,0.7
诚志股份,sz000990,12.09,12.4,12.34,89571600.0,12.09,239700,12.1,62400,-2.5,12.55,11.95,89571600,1094470000.0,7.37,4.84,146.92,146.92,13.64,11.16,0.91
华西股份,sz000936,8.11,8.35,8.25,45293300.0,8.11,75100,8.12,133900,-2.87,8.25,8.05,45293300,367680000.0,5.11,2.4,71.85,71.86,9.19,7.52,0.63
陆家嘴,sh600663,7.72,7.59,7.61,8983600.0,7.71,5800,7.72,30600,1.71,7.77,7.6,8983600,69150000.0,0.28,2.24,243.62,388.71,8.35,6.83,1.15
贝斯特,sz300580,28.5,29.13,29.3,15513000.0,28.5,11100,28.53,1400,-2.16,29.39,28.27,15513000,444630000.0,3.28,3.84,134.69,143.16,34.96,23.3,0.67
广信材料,sz300537,23.08,23.38,23.3,4504500.0,23.08,8200,23.09,3000,-1.28,23.53,22.9,4504500,104480000.0,2.97,2.69,35.04,47.96,28.06,18.7,0.78
黄山谷捷,sz301581,46.3,45.31,45.99,705400.0,46.29,2400,46.3,600,2.18,46.79,45.31,705400,32650000.0,1.44,3.27,22.63,37.04,54.37,36.25,1.54
福莱特,sh601865,14.33,14.54,14.55,13597300.0,14.32,22100,14.33,10200,-1.44,14.55,14.31,13597300,195690000.0,0.72,1.65,272.42,335.73,15.99,13.09,0.72
果麦文化,sz301052,33.43,34.44,34.42,3945000.0,33.43,400,33.44,3000,-2.93,34.42,32.93,3945000,131640000.0,4.92,4.33,26.81,33.08,41.33,27.55,0.72
*ST高斯,sz002848,14.91,14.72,14.72,3634300.0,14.91,64800,14.92,4100,1.29,15.02,14.5,3634300,53630000.0,2.2,3.53,24.59,24.92,15.46,13.98,0.4
鲍斯股份,sz300441,7.16,7.1,7.07,4463100.0,7.16,60900,7.17,11900,0.85,7.2,7.0,4463100,31730000.0,0.71,2.82,44.86,46.14,8.52,5.68,1.02
真兰仪表,sz301303,15.67,15.98,15.98,4899700.0,15.66,94900,15.67,12500,-1.94,16.06,15.49,4899700,76750000.0,4.79,3.57,16.01,64.06,19.18,12.78,0.84
军信股份,sz301109,16.68,16.52,16.44,15987800.0,16.67,20800,16.68,14900,0.97,16.87,16.35,15987800,266640000.0,6.94,3.15,38.42,131.62,19.82,13.22,1.77
和泰机电,sz001225,48.84,48.76,48.36,802900.0,48.84,200,48.89,200,0.16,49.15,47.76,802900,38990000.0,3.82,2.85,10.28,32.17,53.64,43.88,0.81
设研院,sz300732,7.18,7.07,7.07,18650400.0,7.18,55000,7.19,48700,1.56,7.25,7.04,18650400,133580000.0,5.04,2.97,26.58,26.61,8.48,5.66,1.77
宁波联合,sh600051,7.42,7.35,7.35,6614200.0,7.42,34200,7.43,1500,0.95,7.47,7.28,6614200,48810000.0,2.13,2.59,23.07,23.07,8.09,6.62,0.67
大亚圣象,sz000910,6.95,6.89,6.88,3075100.0,6.93,126400,6.95,146100,0.87,6.97,6.82,3075100,21210000.0,0.56,2.18,38.03,38.04,7.58,6.2,0.81
优宁维,sz301166,30.65,30.16,30.0,1053300.0,30.64,500,30.65,1500,1.62,30.74,29.82,1053300,31990000.0,1.85,3.05,17.45,26.56,36.19,24.13,1.08
亿嘉和,sh603666,27.75,26.85,28.86,7181500.0,27.74,5400,27.75,21400,3.35,28.87,27.36,7181500,200360000.0,3.49,5.62,57.03,57.03,29.54,24.17,2.03
首药控股-U,sh688197,38.2,38.61,38.1,125656700.0,38.2,200,38.22,1000,-1.06,38.87,37.31,125656700,47790000.0,1.96,4.04,24.45,56.81,46.33,30.89,0.64
长电科技,sh600584,44.89,44.41,44.82,70028900.0,44.88,91900,44.89,58400,1.08,45.87,44.51,70028900,3159340000.0,3.91,3.06,803.27,803.27,48.85,39.97,1.12
中远海特,sh600428,9.0,9.06,9.0,24667300.0,8.99,1800,9.0,72400,-0.66,9.07,8.86,24667300,221030000.0,1.15,2.32,193.2,246.95,9.97,8.15,0.88
安孚科技,sh603031,54.79,56.36,56.33,8076300.0,54.79,4800,54.8,1400,-2.79,57.15,54.24,8076300,448070000.0,3.72,5.16,118.8,141.26,62.0,50.72,0.54
歌华有线,sh600037,7.49,7.59,7.57,13139400.0,7.48,55400,7.49,72800,-1.32,7.57,7.39,13139400,98170000.0,0.94,2.37,104.24,104.24,8.35,6.83,1.28
影石创新,sh688775,192.3,194.59,193.02,77604100.0,192.15,500,192.3,100,-1.18,195.81,189.91,77604100,149120000.0,2.37,3.03,63.07,771.12,233.51,155.67,0.77
东兴证券,sh601198,12.71,12.84,12.84,13644800.0,12.71,28400,12.72,9000,-1.01,12.85,12.67,13644800,173460000.0,0.42,1.4,410.84,410.84,14.12,11.56,1.04
锡业股份,sz000960,37.94,37.37,36.9,78788500.0,37.93,35900,37.94,141500,1.53,38.33,36.5,78788500,2961020000.0,4.79,4.9,624.28,624.28,41.11,33.63,0.9
津膜科技,sz300334,7.51,7.13,7.17,12581500.0,7.5,2500,7.51,165700,5.33,7.58,7.17,12581500,93290000.0,4.17,5.75,22.68,22.69,8.56,5.7,2.23
润邦股份,sz002483,6.86,7.0,6.95,15431600.0,6.86,10600,6.87,31400,-2.0,6.95,6.65,15431600,104540000.0,1.74,4.29,60.73,60.81,7.7,6.3,1.77
罗普特,sh688619,16.38,16.16,16.2,474032300.0,16.38,2700,16.39,300,1.36,16.64,15.82,474032300,76640000.0,2.56,5.07,30.37,30.37,19.39,12.93,0.95
青岛啤酒,sh600600,61.68,61.99,61.92,3193900.0,61.67,10700,61.68,1400,-0.5,61.98,61.56,3193900,197180000.0,0.45,0.68,437.39,841.44,68.19,55.79,0.96
财达证券,sh600906,6.25,6.32,6.31,16544900.0,6.25,9300,6.26,181900,-1.11,6.34,6.22,16544900,103420000.0,0.78,1.9,132.76,202.81,6.95,5.69,1.25
博硕科技,sz300951,33.17,34.28,33.86,6007600.0,33.17,4200,33.18,3500,-3.24,35.1,33.01,6007600,202360000.0,3.97,6.1,50.22,56.19,41.14,27.42,1.32
福斯达,sh603173,38.37,40.29,37.68,4414300.0,38.36,1200,38.37,4300,-4.77,39.6,37.68,4414300,170310000.0,2.76,4.77,61.39,61.39,44.32,36.26,2.61
盛德鑫泰,sz300881,46.87,47.65,47.77,2094000.0,46.87,300,46.88,2200,-1.64,47.96,45.67,2094000,97620000.0,3.65,4.81,26.91,51.56,57.18,38.12,0.85
哈投股份,sh600864,7.08,7.28,7.22,73230900.0,7.08,118100,7.09,165900,-2.75,7.24,7.05,73230900,520690000.0,3.52,2.61,147.3,147.3,8.01,6.55,0.67
国投丰乐,sz000713,6.59,6.48,6.48,17786400.0,6.59,56100,6.6,34000,1.7,6.64,6.47,17786400,117140000.0,2.9,2.62,40.46,52.6,7.13,5.83,2.76
禾望电气,sh603063,40.7,41.79,42.42,38827100.0,40.7,1900,40.72,2000,-2.61,42.55,40.23,38827100,1589490000.0,8.46,5.55,186.73,186.73,45.97,37.61,0.77
四方新材,sh605122,13.91,13.61,13.41,8320700.0,13.9,7000,13.91,600,2.2,14.0,13.41,8320700,114430000.0,4.83,4.34,23.97,23.97,14.97,12.25,2.99
湖南白银,sz002716,11.57,11.79,11.69,130746200.0,11.56,149100,11.57,277200,-1.87,11.72,11.31,130746200,1502910000.0,5.62,3.48,268.99,326.63,12.97,10.61,0.71
新朋股份,sz002328,11.2,11.24,11.23,87268000.0,11.19,79400,11.2,35900,-0.36,11.48,11.02,87268000,981450000.0,15.29,4.09,63.93,86.44,12.36,10.12,0.59
亚宝药业,sh600351,6.42,6.42,6.42,8724100.0,6.42,2200,6.43,58500,0.0,6.45,6.34,8724100,55730000.0,1.26,1.71,44.43,44.43,7.06,5.78,0.53
远信工业,sz301053,60.62,60.8,60.18,3239900.0,60.62,21600,60.63,1700,-0.3,62.24,59.65,3239900,195880000.0,3.7,4.26,53.03,57.11,72.96,48.64,0.45
东来技术,sh688129,26.74,26.39,26.1,167087500.0,26.74,3300,26.78,8600,1.33,27.08,25.78,167087500,44080000.0,1.39,4.93,32.22,32.22,31.67,21.11,0.64
物产环能,sh603071,14.1,14.25,14.14,4435800.0,14.1,29200,14.11,300,-1.05,14.37,14.08,4435800,63020000.0,0.8,2.04,78.67,78.67,15.68,12.83,0.9
四川美丰,sz000731,7.28,7.18,7.26,28814700.0,7.27,150200,7.28,16000,1.39,7.45,7.16,28814700,211070000.0,5.25,4.04,39.95,39.95,7.9,6.46,1.62
利尔化学,sz002258,14.1,13.85,13.85,19757200.0,14.09,6200,14.1,600,1.81,14.46,13.85,19757200,281420000.0,2.47,4.4,112.68,112.86,15.24,12.47,1.18
东土科技,sz300353,18.94,19.15,19.1,9789500.0,18.93,23100,18.94,9600,-1.1,19.27,18.86,9789500,186090000.0,1.82,2.14,101.76,116.46,22.98,15.32,0.77
山西焦煤,sz000983,6.45,6.5,6.46,43446400.0,6.44,389200,6.45,119500,-0.77,6.53,6.42,43446400,281140000.0,0.77,1.69,366.17,366.17,7.15,5.85,0.84
晨光生物,sz300138,11.6,11.74,11.64,5291000.0,11.6,2700,11.61,24700,-1.19,11.66,11.47,5291000,61120000.0,1.33,1.62,46.2,56.04,14.09,9.39,0.81
佳电股份,sz000922,13.95,14.1,13.95,5310800.0,13.95,7500,13.96,40300,-1.06,14.07,13.86,5310800,74200000.0,0.9,1.49,81.94,96.95,15.51,12.69,0.72
有友食品,sh603697,10.72,10.42,10.42,10176300.0,10.72,1800,10.73,47400,2.88,10.79,10.35,10176300,107600000.0,2.38,4.22,45.85,45.85,11.46,9.38,1.48
中航机载,sh600372,12.9,13.13,13.09,29864400.0,12.89,83500,12.9,75400,-1.75,13.1,12.85,29864400,385630000.0,0.62,1.9,624.22,624.22,14.44,11.82,0.86
赛科希德,sh688338,32.11,29.88,29.96,344468100.0,32.1,10200,32.11,4300,7.46,32.99,29.16,344468100,107570000.0,3.25,12.82,34.08,34.08,35.86,23.9,2.89
金鸿顺,sh603922,22.93,23.7,23.69,8098800.0,22.93,1800,22.95,1300,-3.25,23.69,22.51,8098800,185920000.0,4.52,4.98,41.09,41.09,26.07,21.33,0.69
森特股份,sh603098,14.93,15.38,15.25,6710800.0,14.92,16000,14.93,31700,-2.93,15.45,14.85,6710800,100840000.0,1.25,3.9,80.44,80.58,16.92,13.84,0.69
海特高新,sz002023,12.4,12.91,12.8,50777700.0,12.4,156400,12.41,64700,-3.95,12.99,12.37,50777700,637770000.0,6.85,4.8,91.87,91.87,14.2,11.62,0.71
中创物流,sh603967,14.73,13.39,14.08,11357400.0,14.73,6805300,0.0,0,10.01,14.73,13.92,11357400,164890000.0,3.28,6.05,51.06,51.06,14.73,12.05,4.02
新相微,sh688593,31.27,31.46,31.22,862608200.0,31.26,10800,31.27,0,-0.6,31.98,30.98,862608200,271800000.0,2.67,3.18,100.9,143.69,37.75,25.17,1.05
华润江中,sh600750,27.69,27.31,27.22,5107900.0,27.68,500,27.69,6300,1.39,27.83,27.14,5107900,141070000.0,0.81,2.53,174.08,176.0,30.04,24.58,1.08
华建集团,sh600629,19.96,20.46,20.31,17295000.0,19.95,82400,19.96,38600,-2.44,20.44,19.94,17295000,346960000.0,1.81,2.44,190.24,193.68,22.51,18.41,0.77
友车科技,sh688479,35.55,36.2,36.1,223942500.0,35.55,11900,35.59,200,-1.8,36.74,34.88,223942500,80000000.0,3.59,5.14,22.15,51.3,43.44,28.96,0.65
皖维高新,sh600063,6.96,6.89,6.84,30259800.0,6.96,212700,6.97,192200,1.02,7.01,6.84,30259800,210020000.0,1.46,2.47,144.01,144.01,7.58,6.2,0.79
鸿远电子,sh603267,51.68,52.28,52.15,4801900.0,51.68,1700,51.69,34100,-1.15,52.55,51.4,4801900,248880000.0,2.08,2.2,119.42,119.42,57.51,47.05,0.81
国发股份,sh600538,6.68,6.87,6.81,23298600.0,6.68,36700,6.69,147300,-2.77,6.91,6.54,23298600,156690000.0,4.44,5.39,35.02,35.02,7.56,6.18,1.14
光弘科技,sz300735,22.92,23.02,22.89,8714800.0,22.92,8300,22.93,400,-0.43,23.14,22.54,8714800,199310000.0,1.15,2.61,173.6,175.9,27.62,18.42,0.53
万丰股份,sh603172,20.91,20.75,20.5,1605200.0,20.91,16800,21.0,100,0.77,21.14,20.4,1605200,33370000.0,3.21,3.57,10.47,27.89,22.83,18.68,0.75
容知日新,sh688768,45.5,46.17,46.17,97608900.0,45.5,200,45.52,1600,-1.45,46.53,45.47,97608900,44730000.0,1.12,2.3,39.7,40.03,55.4,36.94,0.71
奥瑞金,sz002701,5.38,5.43,5.4,30753700.0,5.37,108500,5.38,19400,-0.92,5.45,5.35,30753700,165840000.0,1.2,1.84,137.59,137.72,5.97,4.89,0.91
青岛双星,sz000599,5.29,5.36,5.34,11128400.0,5.29,43100,5.3,600,-1.31,5.43,5.27,11128400,59300000.0,1.36,2.99,43.21,120.04,5.9,4.82,0.93
方正科技,sh600601,11.52,11.67,11.65,135101400.0,11.52,126300,11.53,177200,-1.29,11.73,11.28,135101400,1548610000.0,3.24,3.86,480.42,492.34,12.84,10.5,0.67
祥龙电业,sh600769,15.27,14.99,14.91,12419500.0,15.26,74600,15.27,50000,1.87,15.43,14.87,12419500,188180000.0,3.31,3.74,57.26,57.26,16.49,13.49,1.02
江山股份,sh600389,29.99,29.76,29.73,8201400.0,29.99,4100,30.0,52200,0.77,30.4,29.42,8201400,245480000.0,1.9,3.29,129.15,129.15,32.74,26.78,0.72
佳发教育,sz300559,13.75,13.09,13.01,35483700.0,13.74,12400,13.75,15900,5.04,14.0,12.88,35483700,480020000.0,11.4,8.56,42.78,54.93,15.71,10.47,1.21
深纺织Ａ,sz000045,11.88,11.82,11.77,6902000.0,11.88,47100,11.89,23300,0.51,12.04,11.76,6902000,82310000.0,1.51,2.37,54.29,60.17,13.0,10.64,0.8
太极股份,sz002368,20.1,20.32,20.14,6116600.0,20.09,1400,20.1,11800,-1.08,20.27,19.8,6116600,122660000.0,0.99,2.31,124.71,125.27,22.35,18.29,0.86
安道麦A,sz000553,6.18,6.09,6.08,8337800.0,6.18,52900,6.19,37100,1.48,6.21,6.05,8337800,51270000.0,0.38,2.63,134.54,143.98,6.7,5.48,1.14
亚玛顿,sz002623,21.55,22.3,22.09,9913000.0,21.52,100,21.55,1800,-3.36,22.25,20.6,9913000,211000000.0,4.99,7.4,42.81,42.9,24.53,20.07,2.28
国网英大,sh600517,6.32,6.41,6.43,22171000.0,6.32,39500,6.33,13900,-1.4,6.45,6.28,22171000,140540000.0,0.39,2.65,361.41,361.41,7.05,5.77,0.97
传化智联,sz002010,5.79,5.79,5.78,15311200.0,5.78,221700,5.79,139900,0.0,5.82,5.72,15311200,88370000.0,0.56,1.73,159.65,160.04,6.37,5.21,0.62
胜蓝股份,sz300843,68.27,69.05,68.8,7570200.0,68.27,1100,68.35,4200,-1.13,72.9,68.1,7570200,529360000.0,4.72,6.95,109.57,111.76,82.86,55.24,0.87
麦捷科技,sz300319,11.89,12.05,12.14,26900100.0,11.88,52700,11.89,14600,-1.33,12.34,11.77,26900100,322140000.0,3.19,4.73,100.21,105.53,14.46,9.64,0.83
日丰股份,sz002953,11.9,12.05,11.99,6498800.0,11.89,18200,11.9,32200,-1.24,12.03,11.74,6498800,77200000.0,2.4,2.41,32.29,58.5,13.26,10.85,1.08
开滦股份,sh600997,5.86,5.85,5.85,11176200.0,5.85,8500,5.86,251600,0.17,5.9,5.77,11176200,65200000.0,0.7,2.22,93.05,93.05,6.44,5.27,0.99
雪天盐业,sh600929,6.94,7.05,7.0,29393100.0,6.93,4400,6.94,15500,-1.56,7.1,6.85,29393100,203810000.0,1.79,3.55,113.82,113.82,7.76,6.35,0.78
今飞凯达,sz002863,5.46,5.43,5.42,9937500.0,5.45,6800,5.46,40400,0.55,5.48,5.31,9937500,53730000.0,1.66,3.13,32.73,32.73,5.97,4.89,1.04
中新赛克,sz002912,27.29,27.38,27.15,3964800.0,27.29,1700,27.3,1200,-0.33,27.7,26.74,3964800,107920000.0,2.44,3.51,44.27,46.6,30.12,24.64,0.97
华昌化工,sz002274,6.49,6.33,6.31,35777000.0,6.48,37300,6.49,331400,2.53,6.56,6.26,35777000,230730000.0,3.81,4.74,60.87,61.81,6.96,5.7,1.76
天能重工,sz300569,6.32,6.39,6.38,37553300.0,6.32,83300,6.33,232100,-1.1,6.53,6.26,37553300,238800000.0,3.68,4.23,64.44,64.64,7.67,5.11,0.65
国恩股份,sz002768,51.22,52.27,52.2,1957600.0,51.22,2600,51.25,500,-2.01,52.7,51.1,1957600,101160000.0,1.11,3.06,90.53,154.3,57.5,47.04,0.65
国电南瑞,sh600406,26.54,26.95,26.83,66678800.0,26.53,95400,26.54,629100,-1.52,27.14,26.53,66678800,1779770000.0,0.83,2.26,2125.37,2131.63,29.65,24.26,0.76
通化金马,sz000766,23.0,22.96,22.97,9606300.0,23.0,29100,23.01,66900,0.17,23.19,22.68,9606300,220690000.0,0.99,2.22,222.18,222.29,25.26,20.66,0.55
柏楚电子,sh688188,138.35,139.12,138.5,127433300.0,138.34,200,138.35,900,-0.55,139.9,137.51,127433300,176570000.0,0.44,1.72,399.46,399.46,166.94,111.3,0.83
巨星农牧,sh603477,17.75,18.11,18.05,16453600.0,17.74,200,17.75,11500,-1.99,18.15,17.42,16453600,291500000.0,3.23,4.03,90.54,90.54,19.92,16.3,0.89
康华生物,sz300841,57.17,58.13,58.18,1536300.0,57.16,2100,57.17,2500,-1.65,58.34,56.8,1536300,88280000.0,1.29,2.65,67.99,74.29,69.76,46.5,0.69
中国银行,sh601988,5.81,5.82,5.82,148447800.0,5.8,588600,5.81,1797500,-0.17,5.84,5.78,148447800,861050000.0,0.07,1.03,12245.48,18720.54,6.4,5.24,0.79
老凤祥,sh600612,40.31,41.34,41.0,1926500.0,40.3,5300,40.31,600,-2.49,41.02,40.16,1926500,77870000.0,0.61,2.08,127.83,210.87,45.47,37.21,2.26
晨光股份,sh603899,25.1,24.9,24.91,2381400.0,25.1,2400,25.11,3600,0.8,25.17,24.75,2381400,59550000.0,0.26,1.69,231.16,231.16,27.39,22.41,0.78
昂利康,sz002940,39.9,39.2,39.0,24752900.0,39.9,35600,39.91,5200,1.79,40.55,38.07,24752900,974210000.0,13.36,6.33,73.92,80.49,43.12,35.28,0.67
中电环保,sz300172,5.36,5.33,5.31,18589600.0,5.35,93800,5.36,87300,0.56,5.4,5.28,18589600,98990000.0,3.55,2.25,28.03,36.27,6.4,4.26,0.99
湘财股份,sh600095,9.11,9.34,9.3,24554000.0,9.11,97700,9.12,309000,-2.46,9.32,9.08,24554000,224930000.0,0.86,2.57,260.47,260.47,10.27,8.41,1.09
经纬股份,sz301390,35.37,35.15,35.06,912000.0,35.37,4800,35.43,200,0.63,35.67,34.88,912000,32240000.0,2.97,2.25,10.85,21.22,42.18,28.12,0.84
依顿电子,sh603328,13.45,13.67,13.53,35308100.0,13.44,9300,13.45,24800,-1.61,13.76,13.28,35308100,475890000.0,3.54,3.51,134.29,134.29,15.04,12.3,0.73
圣农发展,sz002299,18.63,18.8,18.71,8236200.0,18.63,52500,18.64,2400,-0.9,18.89,18.57,8236200,154180000.0,0.68,1.7,227.09,231.59,20.68,16.92,0.84
朗迪集团,sh603726,22.38,23.25,22.98,5035200.0,22.38,200,22.4,3000,-3.74,23.39,21.83,5035200,112290000.0,2.73,6.71,41.34,41.55,25.58,20.93,2.4
扬杰科技,sz300373,82.85,82.16,82.6,13599800.0,82.84,2900,82.85,4100,0.84,84.5,82.5,13599800,1134940000.0,2.51,2.43,449.16,450.16,98.59,65.73,0.99
海天瑞声,sh688787,135.5,135.53,141.99,353591600.0,135.5,0,135.52,1300,-0.02,143.21,132.14,353591600,481210000.0,5.86,8.17,81.74,81.74,162.64,108.42,1.77
贝肯能源,sz002828,11.65,11.91,11.72,17877500.0,11.64,14700,11.65,4200,-2.18,11.86,11.45,17877500,207990000.0,9.24,3.44,22.55,23.42,13.1,10.72,1.15
中鼎股份,sz000887,18.1,18.35,18.28,14814700.0,18.1,5100,18.11,53200,-1.36,18.33,17.95,14814700,268060000.0,1.13,2.07,237.9,238.28,20.19,16.52,0.83
市北高新,sh600604,5.02,5.08,5.07,12442300.0,5.01,241100,5.02,191600,-1.18,5.09,4.95,12442300,62450000.0,0.88,2.76,70.65,94.04,5.59,4.57,1.01
科远智慧,sz002380,35.6,33.96,33.7,15474900.0,35.59,7300,35.6,4900,4.83,35.73,33.65,15474900,543120000.0,10.88,6.12,50.62,85.44,37.36,30.56,2.33
精达股份,sh600577,12.79,12.97,12.86,37334900.0,12.78,147200,12.79,170800,-1.39,13.04,12.68,37334900,478490000.0,1.74,2.78,275.12,275.12,14.27,11.67,0.59
莱宝高科,sz002106,10.44,10.53,10.43,10275100.0,10.44,11600,10.45,42900,-0.85,10.53,10.28,10275100,106670000.0,1.46,2.37,73.59,73.69,11.58,9.48,0.61
海天味业,sh603288,39.92,39.58,39.8,11977100.0,39.9,3000,39.92,22500,0.86,40.49,39.8,11977100,480220000.0,0.22,1.74,2219.79,2336.05,43.54,35.62,0.76
万年青,sz000789,5.09,5.09,5.08,5404600.0,5.08,93000,5.09,92300,0.0,5.1,5.02,5404600,27350000.0,0.68,1.57,40.59,40.59,5.6,4.58,1.16
菲达环保,sh600526,5.54,5.37,5.33,21251300.0,5.54,9800,5.55,62500,3.17,5.57,5.31,21251300,117190000.0,2.43,4.84,48.36,49.23,5.91,4.83,1.75
爱建集团,sh600643,4.83,4.91,4.89,22837300.0,4.83,111600,4.84,110600,-1.63,4.92,4.74,22837300,110220000.0,1.44,3.67,76.81,76.95,5.4,4.42,0.71
伟星新材,sz002372,10.33,10.42,10.42,9145000.0,10.33,4400,10.34,29300,-0.86,10.42,10.27,9145000,94470000.0,0.62,1.44,151.94,164.46,11.46,9.38,1.25
嘉华股份,sh603182,14.71,14.74,14.67,2576800.0,14.69,8200,14.72,16300,-0.2,14.74,14.42,2576800,37500000.0,1.57,2.17,24.21,24.21,16.21,13.27,0.49
华利集团,sz300979,41.65,42.46,42.3,2284900.0,41.65,8800,41.71,3900,-1.91,42.46,41.6,2284900,95620000.0,0.2,2.03,486.05,486.06,50.95,33.97,1.49
豫园股份,sh600655,4.93,4.97,4.96,10686600.0,4.93,54800,4.94,10000,-0.8,4.97,4.89,10686600,52630000.0,0.27,1.61,191.77,191.9,5.47,4.47,0.45
晶华微,sh688130,22.99,21.37,21.37,523013000.0,22.99,900,23.0,900,7.58,23.8,21.32,523013000,118950000.0,8.68,11.61,13.86,27.79,25.64,17.1,3.73
聚光科技,sz300203,13.92,14.08,14.51,10878500.0,13.91,21500,13.92,700,-1.14,14.61,13.83,10878500,154130000.0,2.43,5.54,62.41,62.46,16.9,11.26,1.01
三联虹普,sz300384,15.04,15.2,14.9,3732100.0,15.03,12000,15.04,1300,-1.05,15.18,14.81,3732100,55840000.0,1.69,2.43,33.12,47.98,18.24,12.16,0.98
伟隆股份,sz002871,17.87,18.08,18.04,2856300.0,17.85,8800,17.87,1100,-1.16,18.17,17.74,2856300,51250000.0,1.91,2.38,26.7,45.01,19.89,16.27,0.83
国电南自,sh600268,15.02,15.67,15.49,32769600.0,15.02,209200,15.03,37800,-4.15,15.49,15.01,32769600,497190000.0,3.24,3.06,151.83,152.58,17.24,14.1,0.8
亚香股份,sz301220,38.89,38.58,38.58,1751700.0,38.89,4700,38.92,500,0.8,39.5,38.25,1751700,68090000.0,2.25,3.24,30.27,43.86,46.3,30.86,0.76
久祺股份,sz300994,14.97,14.9,14.98,2312300.0,14.96,2000,14.97,2300,0.47,15.06,14.73,2312300,34510000.0,1.98,2.21,17.46,34.89,17.88,11.92,0.87
贵广网络,sh600996,8.38,8.58,8.54,22752600.0,8.38,135200,8.39,29500,-2.33,8.59,8.33,22752600,191410000.0,1.82,3.03,104.48,104.48,9.44,7.72,0.57
安联锐视,sz301042,98.9,98.3,98.22,1970200.0,98.59,900,98.9,200,0.61,99.95,96.3,1970200,193000000.0,2.98,3.71,65.29,68.96,117.96,78.64,1.07
诺 普 信,sz002215,10.39,10.15,10.14,13774800.0,10.39,18700,10.4,87800,2.36,10.45,10.13,13774800,142280000.0,1.72,3.15,83.43,104.38,11.17,9.14,1.13
欧派家居,sh603833,46.84,47.13,47.0,2324000.0,46.83,500,46.84,8200,-0.62,47.05,46.06,2324000,108280000.0,0.38,2.1,285.33,285.33,51.84,42.42,0.87
山西高速,sz000755,5.14,5.19,5.18,4897600.0,5.13,11400,5.14,24000,-0.96,5.18,5.1,4897600,25150000.0,0.33,1.54,75.42,75.42,5.71,4.67,1.18
江苏银行,sh600919,11.29,11.2,11.24,86658900.0,11.29,408300,11.3,99500,0.8,11.34,11.15,86658900,977180000.0,0.47,1.7,2071.86,2071.86,12.32,10.08,1.08
东利机械,sz301298,15.87,16.17,15.74,3653800.0,15.87,4000,15.93,1000,-1.86,16.08,15.3,3653800,57160000.0,3.38,4.82,17.17,23.3,19.4,12.94,2.39
武汉控股,sh600168,4.94,5.02,5.0,6076600.0,4.94,40700,4.95,12000,-1.59,5.01,4.92,6076600,30090000.0,0.61,1.79,49.07,49.07,5.52,4.52,0.81
瑞丰高材,sz300243,17.09,17.58,17.32,21935400.0,17.09,21500,17.1,40900,-2.79,17.44,16.74,21935400,372820000.0,11.25,3.98,33.33,42.9,21.1,14.06,0.67
山煤国际,sh600546,12.57,12.72,12.5,35198600.0,12.57,32500,12.58,19100,-1.18,12.83,12.41,35198600,443310000.0,1.78,3.3,249.19,249.19,13.99,11.45,1.05
中国联通,sh600050,4.49,4.5,4.49,113065400.0,4.49,1458400,4.5,2468100,-0.22,4.5,4.47,113065400,507400000.0,0.36,0.67,1391.47,1403.77,4.95,4.05,0.54
兰剑智能,sh688557,35.22,34.89,34.65,264434200.0,35.2,200,35.22,3300,0.95,35.88,34.22,264434200,92810000.0,2.58,4.76,36.16,36.16,41.87,27.91,1.35
外服控股,sh600662,5.1,5.14,5.13,20472800.0,5.1,2900,5.11,54300,-0.78,5.25,5.04,20472800,104800000.0,0.9,4.09,116.1,116.46,5.65,4.63,1.86
甘化科工,sz000576,9.3,9.47,9.48,6282300.0,9.3,143000,9.31,6200,-1.8,9.49,9.21,6282300,58440000.0,1.45,2.96,40.34,40.59,10.42,8.52,0.75
中国动力,sh600482,40.4,42.26,43.06,58780700.0,40.4,20100,40.42,10100,-4.4,43.06,39.7,58780700,2385220000.0,2.59,7.95,916.37,916.37,46.49,38.03,1.19
纳微科技,sh688690,32.92,33.32,33.5,1008345000.0,32.92,9100,32.93,300,-1.2,33.5,32.45,1008345000,332060000.0,2.5,3.15,132.94,132.94,39.98,26.66,0.65
海正药业,sh600267,11.37,11.24,11.24,34360000.0,11.37,418100,11.38,479600,1.16,11.44,11.08,34360000,388120000.0,2.87,3.2,136.3,136.3,12.36,10.12,0.86
祥明智能,sz301226,37.4,38.63,38.25,5318700.0,37.4,2100,37.43,8900,-3.18,38.5,36.99,5318700,199440000.0,4.89,3.91,40.69,40.69,46.36,30.9,0.97
康泰生物,sz300601,14.04,14.27,14.27,15364100.0,14.03,74300,14.04,35200,-1.61,14.36,14.04,15364100,217520000.0,1.71,2.24,126.41,156.82,17.12,11.42,0.83
长芯博创,sz300548,260.1,270.96,265.15,22067900.0,260.09,200,260.1,3700,-4.01,270.95,253.18,22067900,5739610000.0,8.2,6.56,700.4,758.38,325.15,216.77,1.08
永安药业,sz002365,12.92,13.16,13.12,6743200.0,12.91,2300,12.92,22100,-1.82,13.12,12.76,6743200,86990000.0,2.75,2.74,31.69,38.07,14.48,11.84,1.05
映翰通,sh688080,45.9,45.92,45.23,235832700.0,45.89,2200,45.9,900,-0.04,46.09,44.89,235832700,107150000.0,3.2,2.61,33.81,33.81,55.1,36.74,0.64
康隆达,sh603665,26.3,26.29,26.4,2014700.0,26.26,17500,26.3,2200,0.04,26.5,25.99,2014700,52760000.0,1.26,1.94,42.12,42.37,28.92,23.66,0.53
柳钢股份,sh601003,4.57,4.57,0.0,0.0,0.0,0,0.0,0,0.0,0.0,0.0,0,0.0,0.0,0.0,117.12,120.38,5.03,4.11,0.0
比音勒芬,sz002832,18.04,18.1,18.08,6777500.0,18.04,4300,18.05,3100,-0.33,18.26,17.9,6777500,122410000.0,1.74,1.99,70.25,102.96,19.91,16.29,0.65
海信家电,sz000921,22.51,22.49,22.45,8192800.0,22.51,39200,22.52,600,0.09,22.84,22.08,8192800,184250000.0,0.89,3.38,206.67,311.73,24.74,20.24,1.66
中直股份,sh600038,33.25,33.71,33.7,4991700.0,33.24,12700,33.25,12600,-1.36,33.72,33.2,4991700,166480000.0,0.75,1.54,222.42,272.61,37.08,30.34,1.03
春兰股份,sh600854,5.25,5.18,5.15,10095700.0,5.24,111500,5.25,97000,1.35,5.28,5.1,10095700,52390000.0,1.94,3.47,27.27,27.27,5.7,4.66,1.36
冀东装备,sz000856,10.46,10.52,10.5,5865500.0,10.46,8700,10.47,8200,-0.57,10.58,10.3,5865500,61060000.0,2.58,2.66,23.74,23.74,11.57,9.47,0.87
威海广泰,sz002111,9.88,9.89,9.86,4158700.0,9.87,58100,9.88,6300,-0.1,9.94,9.74,4158700,40900000.0,0.85,2.02,48.29,52.56,10.88,8.9,0.86
浙农股份,sz002758,9.78,9.79,9.79,8231800.0,9.77,2000,9.78,48800,-0.1,9.9,9.65,8231800,80400000.0,1.59,2.55,50.68,50.74,10.77,8.81,1.45
亚威股份,sz002559,10.57,10.54,10.5,16670000.0,10.57,42000,10.58,77300,0.28,10.65,10.4,16670000,175990000.0,3.31,2.37,53.27,58.11,11.59,9.49,0.66
恒润股份,sh603985,25.35,24.42,24.07,63659500.0,25.34,12300,25.35,19800,3.81,25.73,22.84,63659500,1541230000.0,14.44,11.83,111.76,111.76,26.86,21.98,0.99
通业科技,sz300960,23.2,23.06,23.1,1434700.0,23.19,100,23.2,1100,0.61,23.28,22.7,1434700,33040000.0,1.1,2.52,30.36,33.51,27.67,18.45,0.93
新华医疗,sh600587,13.94,14.2,14.21,7975200.0,13.93,70000,13.94,8200,-1.83,14.22,13.91,7975200,111770000.0,1.31,2.18,84.57,84.57,15.62,12.78,1.56
苏文电能,sz300982,21.15,22.03,21.95,3550900.0,21.14,500,21.15,54400,-3.99,22.0,20.96,3550900,75690000.0,1.83,4.72,41.01,43.77,26.44,17.62,0.75
东江环保,sz002672,4.25,4.19,4.19,10263300.0,4.25,73600,4.26,6000,1.43,4.28,4.16,10263300,43440000.0,1.13,2.86,38.47,46.97,4.61,3.77,1.36
沪光股份,sh605333,23.82,26.26,25.0,7946900.0,23.81,25000,23.82,12200,-9.29,25.0,23.63,7946900,190490000.0,1.71,5.22,110.53,110.53,28.89,23.63,4.18
老板电器,sz002508,19.0,19.38,19.27,6120600.0,19.0,17700,19.01,5600,-1.96,19.3,18.91,6120600,116490000.0,0.66,2.01,177.37,179.54,21.32,17.44,1.22
华邦健康,sz002004,5.21,5.41,5.37,53233500.0,5.2,183600,5.21,18100,-3.7,5.41,5.14,53233500,277590000.0,2.83,4.99,98.12,103.15,5.95,4.87,1.8
韶能股份,sz000601,6.86,7.51,7.24,164086100.0,6.86,168400,6.87,119000,-8.66,7.28,6.8,164086100,1157490000.0,15.63,6.39,72.0,73.01,8.26,6.76,1.13
伊利股份,sh600887,25.25,25.27,25.23,38921800.0,25.24,21900,25.25,8100,-0.08,25.39,25.15,38921800,982870000.0,0.62,0.95,1589.22,1597.15,27.8,22.74,0.94
征和工业,sz003033,55.72,56.11,56.39,789500.0,55.71,1500,55.72,200,-0.7,56.39,55.19,789500,44000000.0,0.98,2.14,44.99,45.55,61.72,50.5,0.49
君正集团,sh601216,5.33,5.24,5.22,85008600.0,5.33,190400,5.34,965600,1.72,5.36,5.22,85008600,451570000.0,1.01,2.67,449.75,449.75,5.76,4.72,1.4
华荣股份,sh603855,19.32,19.35,19.36,1163900.0,19.31,2300,19.32,17200,-0.16,19.46,19.26,1163900,22510000.0,0.35,1.03,64.82,65.21,21.29,17.42,0.87
泰和新材,sz002254,10.7,10.89,10.84,21308200.0,10.69,13100,10.7,124000,-1.74,10.88,10.6,21308200,228790000.0,2.51,2.57,91.01,91.71,11.98,9.8,0.84
亚辉龙,sh688575,14.1,14.1,14.0,283949200.0,14.07,12900,14.1,16000,0.0,14.16,13.92,283949200,39840000.0,0.5,1.7,80.57,80.57,16.92,11.28,0.82
康缘药业,sh600557,14.21,14.46,14.38,5783200.0,14.21,17000,14.22,600,-1.73,14.48,14.2,5783200,82690000.0,1.02,1.94,80.45,80.45,15.91,13.01,0.96
晶赛科技,bj920981,38.28,42.0,40.0,8349700.0,38.28,1700,38.39,1200,-8.86,42.48,38.24,8349700,336443200.0,22.38,10.1,14.28,29.27,54.6,29.4,1.26
浙海德曼,sh688577,68.62,68.38,69.0,117159400.0,68.51,1500,68.62,400,0.35,70.0,67.9,117159400,80770000.0,1.05,3.07,76.36,76.36,82.06,54.7,1.11
西上海,sh605151,19.83,19.59,19.49,1474000.0,19.83,2200,19.84,1300,1.23,19.89,19.3,1474000,28880000.0,1.1,3.01,26.68,26.68,21.55,17.63,0.87
隆平高科,sz000998,9.66,9.68,9.69,18852300.0,9.66,94400,9.67,149800,-0.21,9.79,9.62,18852300,182630000.0,1.43,1.76,126.97,141.95,10.65,8.71,0.82
世纪天鸿,sz300654,11.31,10.66,10.84,30975500.0,11.3,2100,11.31,200,6.1,11.58,10.7,30975500,350630000.0,8.78,8.26,39.88,41.41,12.79,8.53,2.82
云天励飞-U,sh688343,92.42,94.25,94.53,2321485300.0,92.41,200,92.42,1600,-1.94,99.0,90.77,2321485300,2183870000.0,6.46,8.73,332.35,332.35,113.1,75.4,1.75
启迪设计,sz300500,10.91,10.68,10.39,7326100.0,10.9,2000,10.91,4300,2.15,11.16,10.39,7326100,79530000.0,4.37,7.21,18.28,18.98,12.82,8.54,2.07
健友股份,sh603707,9.31,9.37,9.35,6725100.0,9.31,47200,9.32,13600,-0.64,9.39,9.27,6725100,62610000.0,0.42,1.28,150.42,150.42,10.31,8.43,0.78
东南网架,sz002135,7.28,7.35,7.26,43512300.0,7.28,7100,7.29,20800,-0.95,7.38,6.96,43512300,311050000.0,4.17,5.71,75.99,81.21,8.09,6.62,1.2
亚华电子,sz301337,27.48,27.35,27.1,1096100.0,27.48,9900,27.49,7200,0.48,27.76,26.91,1096100,29840000.0,2.96,3.11,10.16,28.63,32.82,21.88,0.79
新 希 望,sz000876,8.58,8.68,8.6,22145200.0,8.58,238100,8.59,22500,-1.15,8.64,8.54,22145200,189850000.0,0.49,1.15,386.1,386.34,9.55,7.81,0.69
丽臣实业,sz001218,24.35,24.1,24.08,2614100.0,24.35,1200,24.46,1100,1.04,24.61,23.74,2614100,63080000.0,2.21,3.61,28.75,31.7,26.51,21.69,1.66
辰安科技,sz300523,23.18,22.52,22.45,5373300.0,23.18,2100,23.19,2800,2.93,23.33,22.18,5373300,123230000.0,2.31,5.11,53.86,53.93,27.02,18.02,1.95
东湖高新,sh600133,9.06,9.05,8.93,38822300.0,9.05,208000,9.06,29600,0.11,9.2,8.91,38822300,353420000.0,3.64,3.2,96.6,96.6,9.96,8.15,1.22
天津港,sh600717,4.51,4.53,4.52,16607700.0,4.5,513800,4.51,76100,-0.44,4.55,4.48,16607700,75000000.0,0.57,1.55,130.52,130.52,4.98,4.08,1.04
民和股份,sz002234,8.62,8.69,8.65,4972600.0,8.62,2700,8.64,94800,-0.81,8.72,8.5,4972600,42830000.0,1.65,2.53,25.98,30.08,9.56,7.82,0.8
金隅冀东,sz000401,4.64,4.69,4.67,8580100.0,4.64,200,4.65,280900,-1.07,4.68,4.62,8580100,39840000.0,0.33,1.28,122.09,123.34,5.16,4.22,0.58
易普力,sz002096,11.73,11.67,11.58,4627800.0,11.72,23000,11.73,11000,0.51,11.76,11.56,4627800,54030000.0,0.37,1.71,145.5,145.5,12.84,10.5,0.82
联环药业,sh600513,20.21,20.31,20.16,9913200.0,20.21,37400,20.22,40200,-0.49,20.5,20.02,9913200,200750000.0,3.47,2.36,57.69,57.69,22.34,18.28,0.56
迎驾贡酒,sh603198,39.85,39.02,39.0,25137400.0,39.85,42600,39.87,2000,2.13,40.88,38.65,25137400,1004990000.0,3.14,5.72,318.8,318.8,42.92,35.12,3.95
信达证券,sh601059,16.53,16.75,16.74,6735300.0,16.53,10200,16.54,2500,-1.31,16.75,16.48,6735300,111640000.0,0.21,1.61,536.07,536.07,18.43,15.08,1.11
重庆水务,sh601158,4.38,4.38,4.37,7238900.0,4.38,59700,4.39,427000,0.0,4.4,4.36,7238900,31710000.0,0.15,0.91,210.24,210.24,4.82,3.94,1.37
迦南智能,sz300880,22.86,23.38,23.2,12696700.0,22.86,8300,22.87,15700,-2.22,23.92,22.71,12696700,295560000.0,6.51,5.18,44.6,44.61,28.06,18.7,1.44
豪森智能,sh688529,19.5,19.13,19.13,265912900.0,19.49,2400,19.5,7500,1.93,19.79,18.95,265912900,51500000.0,1.58,4.39,32.79,32.79,22.96,15.3,1.46
智洋创新,sh688191,40.23,42.91,42.17,727214700.0,40.23,700,40.25,700,-6.25,43.21,39.92,727214700,296170000.0,3.14,7.67,93.19,93.19,51.49,34.33,1.2
九强生物,sz300406,11.73,11.74,11.69,3644000.0,11.73,14900,11.74,5000,-0.09,11.8,11.57,3644000,42640000.0,0.86,1.96,49.77,68.77,14.09,9.39,1.35
宁波能源,sh600982,6.02,6.35,6.2,93295900.0,6.02,291200,6.03,495200,-5.2,6.31,6.0,93295900,572200000.0,8.35,4.88,67.28,67.28,6.99,5.72,0.78
潍柴动力,sz000338,29.59,29.49,29.67,104674300.0,29.58,2800,29.59,42300,0.34,29.95,28.94,104674300,3085840000.0,2.09,3.42,1480.53,2578.0,32.44,26.54,0.84
涪陵榨菜,sz002507,12.38,12.33,12.27,12425500.0,12.38,9200,12.39,39100,0.41,12.45,12.24,12425500,153750000.0,1.08,1.7,142.47,142.86,13.56,11.1,1.77
时创能源,sh688429,13.99,14.23,14.12,252597600.0,13.99,10700,14.02,1500,-1.69,14.3,13.85,252597600,35500000.0,2.11,3.16,16.76,55.96,17.08,11.38,0.79
万兴科技,sz300624,70.02,70.44,69.73,7460700.0,70.02,10300,70.04,4800,-0.6,71.1,68.35,7460700,519380000.0,4.36,3.9,119.9,135.37,84.53,56.35,0.99
松芝股份,sz002454,10.35,10.41,10.38,15657700.0,10.35,38700,10.37,1100,-0.58,10.54,10.23,15657700,162320000.0,2.5,2.98,64.89,65.06,11.45,9.37,0.92
中原证券,sh601375,3.98,4.01,4.0,20516000.0,3.98,135900,3.99,564300,-0.75,4.01,3.96,20516000,81600000.0,0.6,1.25,137.21,184.79,4.41,3.61,0.83
养元饮品,sh603156,32.34,33.26,32.87,7687100.0,32.33,10100,32.34,19200,-2.77,33.4,32.06,7687100,249350000.0,0.61,4.03,407.57,407.57,36.59,29.93,0.93
华翔股份,sh603112,20.61,20.58,20.77,13188800.0,20.61,800,20.62,400,0.15,21.19,20.18,13188800,272420000.0,2.47,4.91,110.18,111.29,22.64,18.52,0.9
精工钢构,sh600496,3.8,3.96,3.95,68827900.0,3.8,943900,3.81,102200,-4.04,3.97,3.75,68827900,262540000.0,3.46,5.56,75.62,75.62,4.36,3.56,0.9
奥比中光-W,sh688322,77.18,79.81,79.21,706501600.0,77.18,11600,77.19,4000,-3.3,80.48,76.01,706501600,546950000.0,2.22,5.6,245.95,309.6,95.77,63.85,1.03
天味食品,sh603317,14.0,13.79,13.64,8285500.0,13.99,6200,14.0,17800,1.52,14.1,13.5,8285500,115550000.0,0.78,4.35,149.06,149.06,15.17,12.41,1.23
维信诺,sz002387,8.03,8.06,8.04,8481200.0,8.03,11200,8.04,4100,-0.37,8.08,7.92,8481200,67740000.0,0.61,1.99,112.02,112.16,8.87,7.25,0.77
华胜天成,sh600410,27.19,27.52,27.12,171338500.0,27.18,145700,27.19,299300,-1.2,28.38,26.01,171338500,4644040000.0,15.63,8.61,298.14,298.14,30.27,24.77,0.91
上海建科,sh603153,16.64,16.81,16.5,1924900.0,16.62,1200,16.64,7300,-1.01,16.82,16.36,1924900,31840000.0,0.48,2.74,67.19,68.2,18.49,15.13,1.4
海利尔,sh603639,13.8,13.62,13.62,3745400.0,13.8,4700,13.81,12700,1.32,13.84,13.5,3745400,51360000.0,1.1,2.5,46.9,48.25,14.98,12.26,1.17
北化股份,sz002246,24.64,25.91,24.94,40604900.0,24.63,14800,24.64,34700,-4.9,25.66,23.36,40604900,982530000.0,7.4,8.88,135.28,135.28,28.5,23.32,1.58
龙建股份,sh600853,3.96,4.02,4.0,9963600.0,3.95,159400,3.96,700,-1.49,4.01,3.92,9963600,39460000.0,0.98,2.24,40.14,40.14,4.42,3.62,0.78
纽威股份,sh603699,59.54,58.32,58.5,8120200.0,59.5,3600,59.54,2000,2.09,60.3,58.08,8120200,482110000.0,1.07,3.81,451.4,461.6,64.15,52.49,0.83
泸天化,sz000912,5.26,4.94,5.0,170543700.0,5.26,536000,5.27,180900,6.48,5.43,4.96,170543700,902450000.0,10.88,9.51,82.48,82.48,5.43,4.45,3.66
雪峰科技,sh603227,8.8,8.82,8.73,15806600.0,8.79,45700,8.8,5000,-0.23,8.86,8.7,15806600,138850000.0,1.47,1.81,94.31,94.31,9.7,7.94,0.44
红塔证券,sh601236,7.62,7.68,7.67,7720300.0,7.61,130200,7.62,138700,-0.78,7.69,7.6,7720300,58880000.0,0.16,1.17,359.42,359.42,8.45,6.91,0.87
金牌家居,sh603180,18.8,18.84,18.01,794000.0,18.79,5000,18.8,3300,-0.21,18.88,18.01,794000,14830000.0,0.51,4.62,29.0,29.0,20.72,16.96,1.46
基蛋生物,sh603387,9.35,9.33,9.25,11491300.0,9.34,49200,9.35,55900,0.21,9.44,9.25,11491300,107420000.0,2.27,2.04,47.42,47.42,10.26,8.4,0.61
川网传媒,sz300987,17.0,17.17,17.13,4719900.0,16.99,1300,17.0,700,-0.99,17.13,16.45,4719900,79180000.0,2.72,3.96,29.47,29.47,20.6,13.74,1.49
苏州龙杰,sh603332,14.39,14.88,14.59,13936100.0,14.39,45200,14.4,2000,-3.29,14.79,14.34,13936100,202410000.0,6.44,3.02,31.13,31.13,16.37,13.39,0.99
三态股份,sz301558,8.21,8.29,8.28,5487700.0,8.2,12900,8.21,9800,-0.97,8.34,8.06,5487700,44860000.0,2.5,3.38,18.0,64.76,9.95,6.63,0.86
成都路桥,sz002628,5.62,5.56,5.56,32766500.0,5.62,163300,5.63,292600,1.08,5.68,5.5,32766500,183170000.0,4.35,3.24,42.36,42.55,6.12,5.0,0.6
三峡能源,sh600905,4.11,4.15,4.15,132265700.0,4.11,3378800,4.12,4083100,-0.96,4.16,4.1,132265700,544990000.0,0.46,1.45,1174.95,1174.95,4.57,3.74,0.93
先锋新材,sz300163,4.8,4.82,4.79,18555200.0,4.8,120900,4.81,24300,-0.41,4.84,4.7,18555200,88500000.0,4.09,2.9,21.78,22.75,5.78,3.86,0.6
中铁特货,sz001213,4.0,4.02,4.01,7660600.0,4.0,54400,4.01,447700,-0.5,4.01,3.98,7660600,30610000.0,0.17,0.75,177.78,177.78,4.42,3.62,0.79
锌业股份,sz000751,6.54,6.74,6.3,197258000.0,6.54,859600,6.55,578300,-2.97,6.7,6.23,197258000,1281570000.0,13.99,6.97,92.21,105.66,7.41,6.07,1.16
西力科技,sh688616,13.71,13.75,13.7,178160600.0,13.71,17300,13.72,7400,-0.29,13.89,13.49,178160600,24360000.0,0.99,2.91,24.59,24.59,16.5,11.0,0.73
博闻科技,sh600883,8.12,8.0,7.98,4439500.0,8.12,2600,8.13,5400,1.5,8.17,7.9,4439500,35710000.0,1.88,3.37,19.17,19.17,8.8,7.2,1.22
老白干酒,sh600559,14.04,14.19,13.96,22415400.0,14.04,89300,14.05,42800,-1.06,14.24,13.84,22415400,314720000.0,2.46,2.82,127.7,128.43,15.61,12.77,1.84
格力博,sz301260,15.26,15.27,15.26,2048400.0,15.24,500,15.26,3700,-0.07,15.39,15.0,2048400,31110000.0,1.0,2.55,31.2,73.62,18.32,12.22,1.25
中集环科,sz301559,16.5,16.7,16.63,2476200.0,16.49,9600,16.5,1700,-1.2,16.7,16.26,2476200,40630000.0,2.75,2.63,14.85,99.0,20.04,13.36,1.14
大北农,sz002385,3.87,3.9,3.87,63620700.0,3.86,2023000,3.87,955700,-0.77,3.88,3.85,63620700,245710000.0,1.81,0.77,136.36,166.41,4.29,3.51,0.94
恒力石化,sh600346,23.44,24.12,23.92,35008700.0,23.44,3600,23.45,8500,-2.82,24.14,23.01,35008700,821730000.0,0.5,4.68,1649.96,1649.96,26.53,21.71,1.01
天通股份,sh600330,25.89,25.6,25.31,231166500.0,25.89,258100,25.9,176300,1.13,27.39,25.31,231166500,6106150000.0,18.74,8.13,319.34,319.34,28.16,23.04,1.21
爱施德,sz002416,13.43,13.55,13.42,28634700.0,13.43,39100,13.44,7800,-0.89,13.69,13.27,28634700,384100000.0,2.34,3.1,164.37,166.44,14.91,12.2,0.52
新炬网络,sh605398,27.13,27.2,26.95,2862800.0,27.13,5700,27.14,2100,-0.26,27.43,26.25,2862800,76940000.0,1.76,4.34,44.14,44.14,29.92,24.48,1.2
中辰股份,sz300933,7.79,7.8,7.77,10006300.0,7.78,47200,7.79,41800,-0.13,7.81,7.66,10006300,77370000.0,1.83,1.92,42.62,42.62,9.36,6.24,0.74
浙版传媒,sh601921,8.19,7.99,7.97,39394200.0,8.19,10400,8.2,142400,2.5,8.39,7.93,39394200,324050000.0,1.77,5.76,182.0,182.0,8.79,7.19,4.89
冀凯股份,sz002691,6.15,6.83,6.15,1783900.0,0.0,0,6.15,13468200,-9.96,6.15,6.15,1783900,10970000.0,0.53,0.0,20.66,20.91,7.51,6.15,0.36
泽宇智能,sz301179,23.88,26.02,25.99,19485700.0,23.88,112800,23.89,21100,-8.22,26.15,23.85,19485700,479710000.0,8.2,8.84,56.72,96.57,31.22,20.82,0.9
瑞纳智能,sz301129,26.08,26.53,26.39,1965900.0,26.05,3800,26.08,300,-1.7,26.66,25.81,1965900,51240000.0,2.97,3.2,17.29,35.44,31.84,21.22,0.72
健帆生物,sz300529,18.58,18.6,18.51,5314200.0,18.58,11500,18.59,15800,-0.11,18.71,18.36,5314200,98700000.0,1.04,1.88,95.22,148.38,22.32,14.88,0.77
会通股份,sh688219,10.91,10.86,10.86,432308300.0,10.91,32400,10.92,300,0.46,10.99,10.74,432308300,46890000.0,0.79,2.3,59.96,59.96,13.03,8.69,0.83
远大控股,sz000626,8.54,8.99,8.85,24207400.0,8.54,49800,8.55,1600,-5.01,8.91,8.43,24207400,207860000.0,4.81,5.34,43.02,43.27,9.89,8.09,0.94
未来电器,sz301386,24.88,25.93,25.24,3667000.0,24.87,2500,24.88,2900,-4.05,25.33,24.08,3667000,90190000.0,8.15,4.82,11.2,34.83,31.12,20.74,1.91
中孚信息,sz300659,12.5,12.86,12.59,9906600.0,12.5,32900,12.52,10700,-2.8,12.79,12.15,9906600,122600000.0,5.23,4.98,23.65,32.55,15.43,10.29,2.37
今天国际,sz300532,11.15,11.13,11.12,10435200.0,11.15,500,11.16,14300,0.18,11.21,10.87,10435200,114900000.0,2.42,3.05,48.14,50.62,13.36,8.9,1.18
科前生物,sh688526,14.77,14.88,14.81,192058000.0,14.76,200,14.77,3300,-0.74,14.89,14.63,192058000,28280000.0,0.41,1.75,68.85,68.85,17.86,11.9,1.22
东方环宇,sh603706,20.17,20.33,20.4,1045200.0,20.16,300,20.17,3300,-0.79,20.41,20.05,1045200,21110000.0,0.55,1.77,38.2,38.2,22.36,18.3,0.69
安博通,sh688168,84.68,85.95,85.65,126708000.0,84.65,200,84.68,7200,-1.48,85.82,84.07,126708000,107610000.0,1.64,2.04,65.36,65.36,103.14,68.76,0.5
中化国际,sh600500,4.3,4.26,4.25,30658700.0,4.3,22800,4.31,1001900,0.94,4.32,4.2,30658700,130940000.0,0.85,2.82,154.3,154.3,4.69,3.83,1.0
宏景科技,sz301396,332.45,333.33,328.89,12681500.0,332.4,200,332.45,1600,-0.26,339.77,317.0,12681500,4130380000.0,16.67,6.83,252.93,510.37,400.0,266.66,0.86
当虹科技,sh688039,40.9,41.05,41.0,198843000.0,40.9,3200,40.95,200,-0.37,41.35,39.73,198843000,80810000.0,1.8,3.95,45.24,45.24,49.26,32.84,0.88
中粮资本,sz002423,10.12,10.09,10.09,10633500.0,10.12,115700,10.13,11300,0.3,10.18,10.06,10633500,107670000.0,0.46,1.19,233.18,233.18,11.1,9.08,1.11
联测科技,sh688113,38.48,38.17,38.17,60480800.0,38.33,200,38.48,5400,0.81,38.88,37.75,60480800,23120000.0,0.94,2.96,24.78,24.78,45.8,30.54,0.73
大地熊,sh688077,29.03,29.08,29.06,180127000.0,29.02,400,29.03,5700,-0.17,29.23,28.38,180127000,51830000.0,1.57,2.92,33.23,33.23,34.9,23.26,0.76
锦江航运,sh601083,12.56,12.91,12.85,12305300.0,12.56,64000,12.57,2800,-2.71,12.87,12.4,12305300,154960000.0,6.34,3.64,24.38,162.54,14.2,11.62,1.29
山西焦化,sh600740,4.21,4.21,4.21,43784500.0,4.21,199500,4.22,64500,0.0,4.29,4.16,43784500,184790000.0,1.71,3.09,107.87,107.87,4.63,3.79,0.98
上海机电,sh600835,23.46,23.67,23.51,9895300.0,23.46,47100,23.47,100,-0.89,23.88,23.32,9895300,233070000.0,1.23,2.37,189.21,239.93,26.04,21.3,0.87
牧原股份,sz002714,43.14,43.49,43.48,30392900.0,43.13,19300,43.14,18300,-0.8,43.5,42.88,30392900,1309660000.0,0.8,1.43,1639.4,2490.47,47.84,39.14,0.73
永泰运,sz001228,31.7,33.62,34.1,3146900.0,31.7,12700,31.71,2400,-5.71,34.1,31.26,3146900,101050000.0,3.94,8.45,25.32,32.93,36.98,30.26,1.97
凤竹纺织,sh600493,7.08,7.03,6.93,9109300.0,7.08,19100,7.09,10300,0.71,7.13,6.86,9109300,63590000.0,3.35,3.84,19.26,19.26,7.73,6.33,1.01
青木科技,sz301110,71.5,73.51,71.95,7002900.0,71.5,14100,71.52,100,-2.73,71.95,68.18,7002900,488030000.0,10.71,5.13,46.74,66.16,88.21,58.81,1.03
山水比德,sz300844,34.66,34.83,34.73,527800.0,34.63,2300,34.66,1300,-0.49,34.95,34.06,527800,18220000.0,0.59,2.56,31.21,32.31,41.8,27.86,0.63
中科软,sh603927,16.58,16.73,16.7,7847400.0,16.58,9700,16.6,12400,-0.9,16.78,16.37,7847400,129860000.0,0.94,2.45,137.79,137.79,18.4,15.06,1.21
可孚医疗,sz301087,53.95,53.55,53.54,2512800.0,53.94,900,53.95,100,0.75,55.18,53.0,2512800,135930000.0,1.3,4.07,104.66,112.7,64.26,42.84,0.75
四会富仕,sz300852,46.75,47.53,46.99,8472900.0,46.75,900,46.76,1400,-1.64,47.6,45.49,8472900,392450000.0,5.47,4.44,72.44,75.04,57.04,38.02,1.31
睿昂基因,sh688217,28.31,27.78,27.75,61049900.0,28.31,1200,28.35,400,1.91,28.54,27.46,61049900,17100000.0,1.09,3.89,15.81,15.81,33.34,22.22,0.69
*ST帅电,sh605336,15.74,14.99,14.78,3333300.0,15.74,1217400,0.0,0,5.0,15.74,14.78,3333300,51630000.0,1.82,6.4,28.87,28.87,15.74,14.24,0.36
益方生物-U,sh688382,22.28,22.63,22.44,1662726700.0,22.28,600,22.29,1000,-1.55,23.25,22.04,1662726700,375400000.0,2.87,5.35,128.86,128.86,27.16,18.1,0.91
蓝海华腾,sz300484,17.32,16.96,16.81,4504200.0,17.32,21200,17.33,36200,2.12,17.44,16.72,4504200,77100000.0,2.71,4.25,28.81,35.88,20.35,13.57,1.35
威高血净,sh603014,37.0,37.14,37.08,752700.0,37.0,3800,37.01,500,-0.38,37.25,36.73,752700,27770000.0,1.91,1.4,14.57,154.57,40.85,33.43,0.96
长华集团,sh605018,12.5,12.56,12.57,6770700.0,12.5,5900,12.51,4000,-0.48,12.61,12.34,6770700,84270000.0,1.44,2.15,58.76,58.76,13.82,11.3,0.9
华康股份,sh605077,16.99,16.99,16.78,14908800.0,16.99,12700,17.0,13200,0.0,17.18,16.7,14908800,253510000.0,4.98,2.83,50.87,51.49,18.69,15.29,1.44
沃森生物,sz300142,11.88,11.94,11.9,25770200.0,11.87,66300,11.88,40000,-0.5,11.96,11.76,25770200,305560000.0,1.65,1.68,185.39,190.0,14.33,9.55,0.75
新天绿能,sh600956,8.74,9.19,9.1,41643600.0,8.73,114500,8.74,113800,-4.9,9.1,8.68,41643600,367530000.0,1.77,4.57,205.22,394.41,10.11,8.27,1.31
大港股份,sz002077,15.65,15.48,15.42,22326800.0,15.65,23100,15.66,13200,1.1,16.06,15.4,22326800,350720000.0,3.85,4.26,90.82,90.82,17.03,13.93,1.39
华东医药,sz000963,35.18,34.09,34.35,23816400.0,35.18,26000,35.19,14100,3.2,35.59,34.19,23816400,835030000.0,1.36,4.11,616.71,616.96,37.5,30.68,2.74
洋河股份,sz002304,49.87,50.03,49.9,4644200.0,49.87,11300,49.88,4400,-0.32,50.45,49.71,4644200,232380000.0,0.31,1.48,751.25,751.26,55.03,45.03,1.08
广东建工,sz002060,3.83,3.93,3.9,48676700.0,3.82,616500,3.83,234100,-2.54,3.91,3.8,48676700,187270000.0,3.11,2.8,59.86,143.79,4.32,3.54,1.0
可立克,sz002782,21.43,21.86,21.7,6700200.0,21.42,6400,21.43,5100,-1.97,22.0,21.34,6700200,144380000.0,1.38,3.02,104.26,106.29,24.05,19.67,0.45
华夏航空,sz002928,8.51,8.54,8.45,14510200.0,8.51,34500,8.52,65100,-0.35,8.56,8.39,14510200,122890000.0,1.14,1.99,108.78,108.78,9.39,7.69,0.7
中泰股份,sz300435,23.43,23.3,23.24,27699300.0,23.43,118500,23.44,13700,0.56,25.33,22.92,27699300,669980000.0,7.51,10.34,86.41,90.37,27.96,18.64,1.33
爱博医疗,sh688050,53.12,52.8,52.43,274362100.0,53.12,5800,53.13,2700,0.61,53.5,52.15,274362100,145640000.0,1.42,2.56,102.74,102.74,63.36,42.24,1.4
康龙化成,sz300759,29.22,29.62,29.4,27530700.0,29.21,4300,29.22,9300,-1.35,29.76,28.8,27530700,805780000.0,1.94,3.24,414.93,536.85,35.54,23.7,1.08
龙腾光电,sh688055,4.07,4.1,4.07,2035240200.0,4.07,134900,4.08,169200,-0.73,4.15,3.99,2035240200,82860000.0,0.61,3.9,135.67,135.67,4.92,3.28,1.04
宝钢股份,sh600019,6.35,6.38,6.39,58835900.0,6.35,284100,6.36,460300,-0.47,6.39,6.31,58835900,373820000.0,0.27,1.25,1383.16,1383.16,7.02,5.74,0.57
宇新股份,sz002986,14.68,14.65,14.53,10019700.0,14.68,6100,14.7,1300,0.2,15.0,14.28,10019700,147280000.0,3.32,4.91,44.31,55.8,16.12,13.19,0.94
石化机械,sz000852,7.14,7.28,7.12,21150100.0,7.13,36800,7.14,38400,-1.92,7.26,6.9,21150100,150610000.0,2.24,4.95,67.54,68.26,8.01,6.55,0.96
赛诺医疗,sh688108,21.19,21.09,21.1,1097949000.0,21.18,98700,21.19,13100,0.47,21.63,20.87,1097949000,233680000.0,2.63,3.6,88.56,88.56,25.31,16.87,0.97
强力新材,sz300429,14.26,14.35,14.18,13636300.0,14.25,60900,14.26,8600,-0.63,14.5,14.17,13636300,195070000.0,3.41,2.3,57.11,76.74,17.22,11.48,0.7
红日药业,sz300026,3.35,3.37,3.36,25467600.0,3.35,717700,3.36,297700,-0.59,3.37,3.33,25467600,85320000.0,0.85,1.19,100.54,100.64,4.04,2.7,0.58
法兰泰克,sh603966,13.83,13.87,13.83,9678800.0,13.82,16100,13.83,56400,-0.29,14.17,13.7,9678800,134240000.0,2.43,3.39,55.0,55.14,15.26,12.48,0.78
永鼎股份,sh600105,49.01,48.5,48.5,195777000.0,49.01,18400,49.02,9900,1.05,51.0,47.55,195777000,9626670000.0,13.39,7.11,716.52,716.52,53.35,43.65,1.2
正邦科技,sz002157,3.16,3.25,3.25,213794300.0,3.16,1304100,3.17,1062800,-2.77,3.26,3.13,213794300,678360000.0,2.95,4.0,228.7,292.31,3.58,2.93,0.77
新点软件,sh688232,21.7,21.92,21.84,223691800.0,21.7,3600,21.72,1200,-1.0,21.96,21.29,223691800,48420000.0,0.69,3.06,69.87,69.87,26.3,17.54,0.98
泰禾股份,sz301665,27.01,26.31,26.31,3181000.0,27.01,8000,27.02,7800,2.66,27.07,25.86,3181000,84310000.0,3.05,4.6,28.14,121.55,31.57,21.05,1.61
秦港股份,sh601326,3.51,3.56,3.56,23954700.0,3.51,576300,3.52,538200,-1.4,3.56,3.49,23954700,84260000.0,0.5,1.97,166.99,196.12,3.92,3.2,1.1
康力源,sz301287,40.72,40.49,40.63,892000.0,40.72,1700,40.73,200,0.57,40.88,40.05,892000,36090000.0,5.24,2.05,6.94,27.15,48.59,32.39,0.75
锦鸡股份,sz300798,10.82,11.38,11.25,44627500.0,10.82,29500,10.83,116000,-4.92,11.25,10.5,44627500,480690000.0,11.7,6.59,41.27,50.73,13.66,9.1,0.66
华润三九,sz000999,27.15,27.28,27.28,7960500.0,27.14,28400,27.15,2900,-0.48,27.29,27.08,7960500,216210000.0,0.48,0.77,451.42,451.84,30.01,24.55,0.85
深圳机场,sz000089,7.01,6.88,6.98,18781300.0,7.0,49800,7.01,85700,1.89,7.06,6.93,18781300,131580000.0,0.92,1.89,143.76,143.76,7.57,6.19,3.46
向日葵,sz300111,3.88,3.76,3.76,72323900.0,3.87,90900,3.88,15900,3.19,4.05,3.76,72323900,283160000.0,5.62,7.71,49.94,49.94,4.51,3.01,2.07
博迅生物,bj920504,21.9,22.27,22.27,312400.0,21.9,17400,22.04,400,-1.66,22.35,21.81,312400,6904100.0,1.83,2.42,3.74,9.49,28.95,15.59,0.88
TCL智家,sz002668,9.73,9.78,9.74,11178800.0,9.72,14500,9.73,6400,-0.51,9.78,9.57,11178800,108360000.0,1.03,2.15,105.48,105.48,10.76,8.8,0.64
龙江交通,sh601188,3.28,3.28,3.27,20389800.0,3.28,460400,3.29,13100,0.0,3.31,3.24,20389800,66830000.0,1.56,2.13,42.82,42.82,3.61,2.95,1.67
隆华新材,sz301149,12.91,13.01,12.86,11991800.0,12.91,1100,12.92,20600,-0.77,12.95,12.69,11991800,153660000.0,4.59,2.0,33.72,55.51,15.61,10.41,1.07
长联科技,sz301618,48.18,48.69,48.33,376700.0,48.18,400,48.21,100,-1.05,48.9,48.01,376700,18240000.0,1.14,1.83,15.97,43.47,58.43,38.95,0.87
ST八菱,sz002592,7.95,7.82,7.77,3946600.0,7.95,6100,7.96,32800,1.66,8.0,7.65,3946600,31050000.0,1.5,4.48,20.88,22.52,8.21,7.43,0.93
国盛智科,sh688558,35.89,33.3,33.36,662739400.0,35.88,4500,35.89,18200,7.78,36.38,32.86,662739400,232710000.0,5.02,10.57,47.37,47.37,39.96,26.64,2.35
海看股份,sz301262,23.72,23.69,23.4,4665400.0,23.72,5300,23.73,5000,0.13,23.81,22.95,4665400,109010000.0,3.82,3.63,28.96,98.91,28.43,18.95,1.01
和晶科技,sz300279,8.28,8.32,8.25,15007800.0,8.28,52100,8.29,35500,-0.48,8.35,8.05,15007800,123230000.0,3.08,3.61,40.32,40.5,9.98,6.66,0.76
安洁科技,sz002635,16.31,16.6,16.64,21297800.0,16.31,30900,16.32,52500,-1.75,16.9,16.19,21297800,348840000.0,5.38,4.28,64.51,107.59,18.26,14.94,0.75
新铝时代,sz301613,46.3,46.0,45.75,975900.0,46.3,1600,46.37,2600,0.65,46.8,45.63,975900,45180000.0,1.16,2.54,38.85,66.6,55.2,36.8,0.83
瑞芯微,sh603893,178.65,176.78,176.0,8537900.0,178.64,600,178.65,1800,1.06,180.66,173.1,8537900,1512600000.0,2.03,4.28,751.9,752.11,194.46,159.1,1.07
成都先导,sh688222,26.25,26.81,26.82,1195379500.0,26.25,2100,26.26,17800,-2.09,26.95,26.12,1195379500,316820000.0,2.98,3.1,105.18,105.18,32.17,21.45,0.76
长虹华意,sz000404,8.97,8.64,8.51,65836300.0,8.96,279000,8.97,75800,3.82,8.99,8.43,65836300,570490000.0,9.5,6.48,62.15,62.43,9.5,7.78,1.26
江苏索普,sh600746,8.86,8.8,8.8,14684600.0,8.86,36400,8.87,73100,0.68,8.95,8.7,14684600,129810000.0,1.26,2.84,103.47,103.47,9.68,7.92,0.54
苏州规划,sz301505,23.12,23.09,22.68,6311800.0,23.12,10800,23.19,4700,0.13,24.15,22.58,6311800,147580000.0,8.07,6.8,18.08,26.45,27.71,18.47,1.41
德新科技,sh603032,22.97,21.87,21.74,19526900.0,22.97,8200,22.98,7900,5.03,23.76,21.61,19526900,444010000.0,8.43,9.83,53.21,53.57,24.06,19.68,1.0
江苏有线,sh600959,3.86,3.95,3.92,62221800.0,3.86,215600,3.87,74400,-2.28,3.93,3.83,62221800,240470000.0,1.24,2.53,193.03,193.03,4.35,3.56,0.88
安恒信息,sh688023,51.16,50.35,50.0,311674400.0,51.15,1600,51.16,300,1.61,52.0,48.93,311674400,157160000.0,3.06,6.1,52.07,52.07,60.42,40.28,1.49
江天化学,sz300927,31.28,31.77,31.1,15844200.0,31.28,12600,31.29,100,-1.54,33.2,30.59,15844200,504650000.0,11.25,8.22,44.06,45.16,38.12,25.42,1.62
宏微科技,sh688711,27.61,27.48,27.62,429204200.0,27.61,1200,27.62,2500,0.47,28.17,27.55,429204200,119520000.0,2.01,2.26,58.83,58.83,32.98,21.98,0.99
东方雨虹,sz002271,15.07,15.42,15.3,37587400.0,15.07,48900,15.08,45100,-2.27,15.38,14.99,37587400,568780000.0,1.96,2.53,288.51,359.98,16.96,13.88,0.58
龙迅股份,sh688486,76.1,74.44,74.59,302116600.0,76.08,1000,76.1,2600,2.23,76.57,73.73,302116600,227550000.0,2.27,3.82,101.46,101.46,89.33,59.55,0.89
仟源医药,sz300254,11.94,11.88,11.82,8812900.0,11.94,8900,11.95,1500,0.51,12.09,11.73,8812900,105010000.0,3.9,3.03,26.98,30.57,14.26,9.5,0.72
联域股份,sz001326,53.93,53.38,53.33,1040600.0,53.84,100,53.93,600,1.03,54.72,53.12,1040600,56130000.0,4.32,3.0,13.0,39.48,58.72,48.04,1.0
杭州热电,sh605011,20.06,20.53,20.33,3599600.0,20.05,64600,20.06,11700,-2.29,20.47,20.04,3599600,72730000.0,0.9,2.09,80.26,80.26,22.58,18.48,0.7
华域汽车,sh600741,20.28,20.36,20.45,11551800.0,20.26,500,20.28,7200,-0.39,20.51,20.11,11551800,234250000.0,0.37,1.96,639.37,639.37,22.4,18.32,0.79
中诚咨询,bj920003,30.5,31.98,31.5,2076600.0,30.49,13400,30.5,300,-4.63,31.5,30.49,2076600,63715100.0,15.6,3.16,4.06,19.74,41.57,22.39,1.14
贵州燃气,sh600903,6.3,6.35,6.35,8678000.0,6.29,115400,6.3,26200,-0.79,6.38,6.26,8678000,54880000.0,0.75,1.89,72.45,72.45,6.99,5.72,1.24
宁新新材,bj920719,11.81,12.52,12.35,6832200.0,11.81,7100,11.82,700,-5.67,12.35,11.81,6832200,81960200.0,9.33,4.31,8.64,10.99,16.27,8.77,0.81
*ST节能,sz000820,3.39,3.37,3.37,6834800.0,3.39,104600,3.4,102600,0.59,3.44,3.36,6834800,23170000.0,2.3,2.37,10.07,21.92,3.54,3.2,0.66
盛景微,sh603375,42.07,42.12,42.15,1998100.0,42.04,800,42.08,300,-0.12,42.77,41.4,1998100,83800000.0,3.13,3.25,26.83,42.35,46.33,37.91,0.44
新光光电,sh688011,67.0,70.5,70.5,201723700.0,67.0,1600,67.02,14200,-4.96,70.5,66.5,201723700,136760000.0,2.02,5.67,66.77,67.0,84.6,56.4,1.03
福斯特,sh603806,17.75,18.15,18.0,28536000.0,17.75,39900,17.76,52600,-2.2,18.1,17.62,28536000,508710000.0,1.09,2.64,463.05,463.05,19.97,16.34,0.62
中泰证券,sh600918,5.95,6.0,5.98,15800600.0,5.95,103800,5.96,329200,-0.83,5.99,5.94,15800600,94100000.0,0.4,0.83,233.59,471.14,6.6,5.4,0.83
蓝焰控股,sz000968,8.83,9.25,9.25,65810200.0,8.82,183400,8.83,192200,-4.54,9.25,8.77,65810200,589800000.0,6.8,5.19,85.43,85.43,10.18,8.33,0.99
中国电信,sh601728,5.91,5.96,5.85,142131600.0,5.91,555100,5.92,677200,-0.84,5.94,5.76,142131600,832640000.0,0.18,3.02,4587.92,5408.07,6.56,5.36,1.12
电工合金,sz300697,16.11,16.05,15.88,6369500.0,16.11,4300,16.12,6900,0.37,16.25,15.86,6369500,102130000.0,1.92,2.43,53.36,69.7,19.26,12.84,0.92
维科精密,sz301499,36.36,34.77,34.73,6311000.0,36.36,12400,36.37,2800,4.57,37.1,31.34,6311000,226500000.0,18.26,16.57,12.57,50.27,41.72,27.82,1.71
地素时尚,sh603587,12.91,12.95,12.88,2134600.0,12.9,4500,12.91,100,-0.31,13.01,12.84,2134600,27620000.0,0.45,1.31,61.21,61.21,14.25,11.66,0.49
天合光能,sh688599,16.18,16.23,16.23,2915791900.0,16.18,42700,16.19,25600,-0.31,16.39,16.08,2915791900,473330000.0,1.24,1.91,379.03,379.03,19.48,12.98,0.88
电投产融,sz000958,6.03,6.23,6.16,48084900.0,6.03,389000,6.04,118200,-3.21,6.17,6.0,48084900,290330000.0,0.89,2.73,324.62,1047.6,6.85,5.61,1.71
福日电子,sh600203,12.02,11.8,11.74,23817800.0,12.01,12800,12.02,56800,1.86,12.12,11.66,23817800,283570000.0,4.02,3.9,71.28,71.28,12.98,10.62,0.97
锦和商管,sh603682,7.35,7.12,7.07,15251000.0,7.35,2300,7.36,264900,3.23,7.35,6.98,15251000,109200000.0,3.23,5.2,34.73,34.73,7.83,6.41,0.93
迈拓股份,sz301006,17.59,17.39,17.39,2143200.0,17.57,100,17.59,6900,1.15,17.73,17.05,2143200,37450000.0,2.49,3.91,15.14,24.5,20.87,13.91,1.61
大庆华科,sz000985,19.09,18.88,18.95,1381900.0,19.09,4100,19.1,3500,1.11,19.18,18.75,1381900,26190000.0,1.07,2.28,24.75,24.75,20.77,16.99,1.06
安科瑞,sz300286,24.23,24.02,24.08,7217700.0,24.22,30700,24.23,600,0.87,24.59,24.03,7217700,175060000.0,3.47,2.33,50.34,60.77,28.82,19.22,0.99
甬矽电子,sh688362,46.79,45.95,45.78,1929170800.0,46.77,84900,46.79,23200,1.83,48.44,45.06,1929170800,900610000.0,4.7,7.36,192.07,192.07,55.14,36.76,1.13
南微医学,sh688029,74.24,74.7,74.5,86147400.0,74.23,500,74.24,900,-0.62,75.19,74.12,86147400,64230000.0,0.46,1.43,139.46,139.46,89.64,59.76,0.74
恒通股份,sh603223,8.98,9.28,9.25,9961600.0,8.98,75400,8.99,62800,-3.23,9.27,8.93,9961600,90330000.0,1.41,3.66,63.38,63.38,10.21,8.35,0.68
利民股份,sz002734,17.83,17.55,17.2,42835900.0,17.83,41800,17.84,45000,1.6,18.02,16.59,42835900,745440000.0,9.86,8.15,77.44,84.84,19.31,15.8,1.89
友发集团,sh601686,5.62,5.7,5.66,8144500.0,5.61,152400,5.62,15800,-1.4,5.7,5.59,8144500,45750000.0,0.55,1.93,82.7,82.7,6.27,5.13,1.27
菲沃泰,sh688371,21.24,21.1,21.1,180586800.0,21.19,600,21.24,16100,0.66,21.45,20.9,180586800,38250000.0,0.54,2.61,71.25,71.25,25.32,16.88,0.92
立昂技术,sz300603,10.35,11.33,11.11,48866300.0,10.35,274500,10.36,33900,-8.65,11.13,10.21,48866300,512860000.0,13.07,8.12,38.7,48.11,13.6,9.06,1.07
华明装备,sz002270,27.59,28.0,27.8,11836600.0,27.58,3200,27.59,6400,-1.46,28.36,27.37,11836600,327770000.0,1.32,3.54,247.26,247.27,30.8,25.2,0.75
朗科科技,sz300042,46.4,46.57,46.28,13763600.0,46.4,39200,46.41,2100,-0.37,47.12,45.56,13763600,636770000.0,6.87,3.35,92.98,92.99,55.88,37.26,0.73
协和电子,sh605258,37.21,36.96,36.74,2978200.0,37.2,12800,37.21,1500,0.68,37.44,36.18,2978200,109660000.0,3.38,3.41,32.74,32.74,40.66,33.26,0.76
易瑞生物,sz300942,8.3,8.16,8.15,5600500.0,8.29,42400,8.3,38400,1.72,8.35,8.1,5600500,45980000.0,1.38,3.06,33.62,33.62,9.79,6.53,1.14
全志科技,sz300458,42.04,41.4,41.3,43413400.0,42.04,1300,42.05,23900,1.55,42.45,41.3,43413400,1822040000.0,6.58,2.78,277.43,347.01,49.68,33.12,1.21
华电新能,sh600930,6.26,6.39,6.43,242033000.0,6.26,1258000,6.27,1095900,-2.03,6.43,6.22,242033000,1526280000.0,7.49,3.29,202.19,2611.31,7.03,5.75,1.23
智光电气,sz002169,12.91,12.97,12.97,27493700.0,12.91,53700,12.92,23700,-0.46,13.16,12.78,27493700,356840000.0,3.62,2.93,97.94,101.05,14.27,11.67,0.68
博济医药,sz300404,10.19,10.1,10.02,8467900.0,10.18,46700,10.19,26200,0.89,10.26,10.02,8467900,86130000.0,2.97,2.38,29.09,39.32,12.12,8.08,1.0
百通能源,sz001376,15.51,15.87,15.68,8741300.0,15.5,109400,15.51,19200,-2.27,15.98,15.47,8741300,137050000.0,4.09,3.21,33.15,71.49,17.46,14.28,1.03
常友科技,sz301557,104.79,107.46,106.46,893100.0,104.79,100,104.8,1200,-2.48,107.03,103.5,893100,93570000.0,5.03,3.28,18.62,46.43,128.95,85.97,0.81
华研精机,sz301138,34.76,35.86,35.98,2009700.0,34.75,33000,34.76,16100,-3.07,36.0,34.54,2009700,70360000.0,2.93,4.07,23.83,41.71,43.03,28.69,0.89
中农联合,sz003042,16.57,16.42,16.42,5701100.0,16.57,800,16.58,3800,0.91,16.8,16.35,5701100,94730000.0,4.48,2.74,21.1,23.61,18.06,14.78,1.38
青农商行,sz002958,3.03,3.12,3.1,80476800.0,3.03,1782800,3.04,668000,-2.88,3.11,3.03,80476800,245730000.0,1.48,2.56,164.82,168.34,3.43,2.81,1.37
恒源煤电,sh600971,7.99,7.79,7.78,28737700.0,7.98,1400,7.99,215300,2.57,8.03,7.78,28737700,227900000.0,2.39,3.21,95.88,95.88,8.57,7.01,1.92
劲旅环境,sz001230,27.44,27.92,28.3,3379400.0,27.43,100,27.44,16500,-1.72,28.38,27.18,3379400,93250000.0,4.3,4.3,21.56,36.8,30.71,25.13,0.73
华西证券,sz002926,8.49,8.55,8.48,17523800.0,8.48,38600,8.49,10700,-0.7,8.54,8.42,17523800,148710000.0,0.67,1.4,222.86,222.86,9.41,7.7,1.0
博瑞医药,sh688166,59.99,61.18,60.0,1392228100.0,59.98,4800,59.99,8500,-1.95,61.4,58.6,1392228100,830760000.0,3.29,4.58,253.82,253.82,73.42,48.94,0.91
海特生物,sz300683,32.84,32.24,32.26,6133100.0,32.83,4600,32.84,500,1.86,33.02,32.0,6133100,199880000.0,5.02,3.16,40.09,42.99,38.69,25.79,0.76
上汽集团,sh600104,13.71,13.89,13.86,40294000.0,13.7,712900,13.71,10000,-1.3,13.87,13.67,40294000,552620000.0,0.35,1.44,1576.0,1576.0,15.28,12.5,0.98
北新建材,sz000786,24.93,24.88,24.78,8490400.0,24.93,3400,24.94,7200,0.2,25.05,24.62,8490400,210860000.0,0.5,1.73,421.19,424.37,27.37,22.39,0.64
华民股份,sz300345,6.43,6.36,6.33,16348900.0,6.42,41700,6.43,46400,1.1,6.49,6.31,16348900,104610000.0,3.41,2.83,30.82,37.31,7.63,5.09,0.67
中兴通讯,sz000063,36.38,36.85,36.57,103407000.0,36.38,168600,36.39,35600,-1.28,37.1,35.95,103407000,3763720000.0,2.57,3.12,1465.25,1740.25,40.54,33.17,0.88
视觉中国,sz000681,20.41,20.69,20.5,20434400.0,20.41,38600,20.42,50800,-1.35,20.69,20.08,20434400,415920000.0,3.02,2.95,138.0,142.99,22.76,18.62,0.81
驱动力,bj920275,7.3,7.41,7.38,897200.0,7.29,12200,7.3,2500,-1.48,7.44,7.27,897200,6599600.0,0.68,2.29,9.63,11.63,9.63,5.19,0.5
新华传媒,sh600825,5.83,5.81,5.76,9210200.0,5.83,5000,5.84,98800,0.34,5.87,5.7,9210200,53300000.0,0.88,2.93,60.92,60.92,6.39,5.23,1.15
迪普科技,sz300768,17.14,17.36,17.3,5755500.0,17.14,3200,17.15,24900,-1.27,17.36,16.97,5755500,98570000.0,1.37,2.25,72.1,110.35,20.83,13.89,0.99
同力天启,sh605286,43.15,44.04,43.98,3371700.0,43.15,1600,43.23,300,-2.02,43.98,42.18,3371700,145180000.0,2.01,4.09,72.49,72.49,48.44,39.64,0.84
仙坛股份,sz002746,6.16,6.22,6.17,9135000.0,6.14,35600,6.16,38000,-0.96,6.2,6.09,9135000,56080000.0,1.29,1.77,43.72,53.01,6.84,5.6,0.92
三峡新材,sh600293,3.08,3.13,3.11,32235300.0,3.07,304900,3.08,15900,-1.6,3.12,3.05,32235300,99270000.0,2.78,2.24,35.73,35.73,3.44,2.82,1.43
钒钛股份,sz000629,3.49,3.45,3.43,117308200.0,3.49,1552700,3.5,391700,1.16,3.52,3.42,117308200,408120000.0,1.26,2.9,324.24,324.25,3.8,3.11,1.2
光云科技,sh688365,18.65,18.99,18.83,1205706100.0,18.65,4100,18.66,200,-1.79,19.04,18.15,1205706100,224180000.0,2.83,4.69,79.42,79.42,22.79,15.19,0.83
大唐药业,bj920433,5.09,5.15,5.12,1149500.0,5.08,2000,5.09,68100,-1.17,5.14,5.05,1149500,5844299.999999999,0.68,1.75,8.62,13.03,6.69,3.61,0.48
金迪克,sh688670,16.99,16.87,16.83,119609600.0,16.89,300,16.99,1700,0.71,17.17,16.57,119609600,20190000.0,0.97,3.56,20.93,20.93,20.24,13.5,1.04
志邦家居,sh603801,8.9,8.99,8.94,2114000.0,8.89,13800,8.9,19100,-1.0,8.99,8.84,2114000,18800000.0,0.49,1.67,38.66,38.66,9.89,8.09,1.0
思维列控,sh603508,23.98,24.26,24.15,2502700.0,23.97,37300,23.98,37300,-1.15,24.3,23.92,2502700,60140000.0,0.66,1.57,91.43,91.43,26.69,21.83,0.94
广深铁路,sh601333,3.02,3.05,3.05,45589500.0,3.02,628100,3.03,1364200,-0.98,3.05,3.01,45589500,138040000.0,0.81,1.31,170.7,213.92,3.36,2.75,1.24
普源精电,sh688337,62.8,66.93,68.88,1275336200.0,62.8,13500,62.84,200,-6.17,69.96,61.0,1275336200,811160000.0,6.86,13.39,116.76,121.75,80.32,53.54,1.28
招商南油,sh601975,4.42,4.51,4.47,131281300.0,4.41,623900,4.42,266400,-2.0,4.53,4.36,131281300,581810000.0,2.8,3.77,206.87,206.87,4.96,4.06,0.63
万邦医药,sz301520,41.07,40.94,40.79,874500.0,41.0,1300,41.07,10900,0.32,41.35,40.1,874500,35690000.0,3.73,3.05,9.64,27.38,49.13,32.75,0.72
瑜欣电子,sz301107,27.29,27.92,26.92,3537100.0,27.27,3700,27.29,1400,-2.26,27.48,25.73,3537100,93890000.0,6.02,6.27,16.03,27.72,33.5,22.34,3.5
国检集团,sh603060,7.29,6.63,7.06,56345000.0,7.29,6342900,0.0,0,9.95,7.29,6.75,56345000,401340000.0,7.01,8.14,58.61,58.61,7.29,5.97,6.01
汉邦科技,sh688755,37.5,37.09,36.81,23336300.0,37.5,2100,37.55,400,1.11,37.66,36.81,23336300,8670000.0,1.33,2.29,6.6,33.0,44.51,29.67,1.02
建科智能,sz300823,16.51,16.19,16.19,2872400.0,16.49,3200,16.52,6000,1.98,16.68,15.91,2872400,46810000.0,3.39,4.76,14.0,21.63,19.43,12.95,1.55
浙江东方,sh600120,5.88,5.76,5.68,133914400.0,5.88,262000,5.89,194500,2.08,6.02,5.6,133914400,780720000.0,3.92,7.29,200.82,200.82,6.34,5.18,2.57
金一文化,sz002721,2.82,2.86,2.85,27921100.0,2.82,857400,2.83,243000,-1.4,2.86,2.81,27921100,78930000.0,1.05,1.75,74.99,74.99,3.15,2.57,0.67
佛山照明,sz000541,5.67,5.64,5.62,9923100.0,5.66,68700,5.67,1700,0.53,5.69,5.56,9923100,55760000.0,0.81,2.3,69.77,87.08,6.2,5.08,1.47
瑞可达,sh688800,92.0,91.5,91.03,784874900.0,92.0,27100,92.01,1300,0.55,93.5,89.5,784874900,714570000.0,3.82,4.37,189.22,189.22,109.8,73.2,0.89
恒拓开源,bj920415,12.58,12.76,12.77,1309500.0,12.57,5200,12.58,5900,-1.41,12.77,12.44,1309500,16485200.0,1.21,2.59,13.62,17.68,16.58,8.94,0.57
伯特利,sh603596,46.98,46.64,46.44,12816000.0,46.98,5900,46.99,2400,0.73,47.55,46.3,12816000,603300000.0,2.11,2.68,284.94,284.94,51.3,41.98,1.41
彩讯股份,sz300634,27.06,27.29,27.0,13571400.0,27.05,32100,27.06,4000,-0.84,27.55,26.34,13571400,365470000.0,3.13,4.43,117.51,122.1,32.75,21.83,1.09
日照港,sh600017,2.99,3.0,3.02,30730500.0,2.99,416700,3.0,1234300,-0.33,3.02,2.97,30730500,92050000.0,1.0,1.67,91.96,91.96,3.3,2.7,1.16
上海能源,sh600508,13.28,13.38,13.35,6933400.0,13.27,900,13.28,24600,-0.75,13.4,13.16,6933400,91940000.0,0.96,1.79,95.98,95.98,14.72,12.04,0.93
纽威数控,sh688697,16.42,16.33,16.24,696635500.0,16.41,23600,16.42,11000,0.55,16.75,16.24,696635500,115320000.0,1.52,3.12,75.09,75.09,19.6,13.06,0.72
华银电力,sh600744,8.01,8.47,8.39,167832300.0,8.0,1686200,8.01,86900,-5.43,8.43,8.0,167832300,1370350000.0,8.26,5.08,162.69,162.69,9.32,7.62,0.88
立霸股份,sh603519,14.08,14.18,14.21,4299400.0,14.07,700,14.08,1400,-0.71,14.21,13.86,4299400,60260000.0,1.61,2.47,37.5,37.5,15.6,12.76,0.92
节能风电,sh601016,4.48,4.48,4.53,1049016600.0,4.48,3373100,4.49,2624100,0.0,4.75,4.46,1049016600,4834330000.0,17.37,6.47,270.51,293.19,4.93,4.03,2.33
新天然气,sh603393,32.9,33.73,33.47,8314300.0,32.9,12200,32.91,6300,-2.46,33.76,32.68,8314300,275160000.0,1.96,3.2,139.24,139.47,37.1,30.36,0.87
冠农股份,sh600251,12.12,11.9,11.78,21124400.0,12.11,38000,12.12,66100,1.85,12.33,11.77,21124400,256240000.0,2.72,4.71,94.17,94.17,13.09,10.71,1.09
隆利科技,sz300752,18.75,18.9,18.81,5362700.0,18.74,800,18.75,45800,-0.79,18.98,18.62,5362700,100750000.0,3.41,1.9,29.49,42.84,22.68,15.12,0.81
江苏新能,sh603693,15.24,16.43,15.91,33614300.0,15.23,8700,15.24,43700,-7.24,16.2,15.19,33614300,525430000.0,3.77,6.15,135.86,135.86,18.07,14.79,1.02
兰花科创,sh600123,6.46,6.6,6.4,40712700.0,6.46,149300,6.47,51200,-2.12,6.55,6.39,40712700,262740000.0,2.76,2.42,95.17,95.17,7.26,5.94,1.47
大连电瓷,sz002606,14.03,13.34,14.0,142405400.0,14.03,29400,14.04,86800,5.17,14.67,13.8,142405400,2038460000.0,33.81,6.52,59.09,61.6,14.67,12.01,5.22
怡球资源,sh601388,4.18,4.11,4.09,98001100.0,4.17,423600,4.18,1318700,1.7,4.23,4.07,98001100,407880000.0,4.45,3.89,92.01,92.01,4.52,3.7,1.3
哈空调,sh600202,6.02,5.95,5.95,16221200.0,6.02,8100,6.03,49400,1.18,6.05,5.76,16221200,95590000.0,4.23,4.87,23.08,23.08,6.55,5.36,2.43
牧高笛,sh603908,23.01,22.64,22.63,1144600.0,23.01,500,23.02,200,1.63,23.14,22.33,1144600,26040000.0,1.23,3.58,21.43,21.43,24.9,20.38,1.1
炜冈科技,sz001256,23.57,23.48,23.45,2187500.0,23.56,10500,23.57,900,0.38,23.85,22.84,2187500,51320000.0,2.05,4.3,25.2,33.61,25.83,21.13,1.18
天智航-U,sh688277,20.05,20.2,20.25,538774600.0,20.02,3900,20.05,6600,-0.74,20.42,19.85,538774600,108250000.0,1.18,2.82,91.43,91.43,24.24,16.16,0.75
诺邦股份,sh603238,15.22,15.59,15.15,4789700.0,15.22,100,15.25,1000,-2.37,15.35,14.71,4789700,72090000.0,2.7,4.11,27.02,27.02,17.15,14.03,2.33
达仁堂,sh600329,39.83,40.36,40.34,2720300.0,39.83,24200,39.84,1200,-1.31,40.44,39.8,2720300,108690000.0,0.48,1.59,225.87,306.73,44.4,36.32,1.22
福田汽车,sh600166,3.69,3.74,3.76,352146500.0,3.68,1717600,3.69,540900,-1.34,3.85,3.65,352146500,1310960000.0,4.45,5.35,292.15,292.15,4.11,3.37,1.02
美农生物,sz301156,19.13,18.87,18.83,1838500.0,19.13,6300,19.14,2000,1.38,19.26,18.65,1838500,34880000.0,2.06,3.23,17.07,26.93,22.64,15.1,1.03
美瑞新材,sz300848,16.66,17.01,16.61,10349200.0,16.65,15400,16.66,15600,-2.06,16.82,16.11,10349200,170750000.0,4.09,4.17,42.17,71.29,20.41,13.61,0.96
太湖远大,bj920118,20.38,20.71,20.95,553000.0,20.38,3900,20.44,1500,-1.59,20.95,20.24,553000,11326900.0,1.76,3.43,6.39,10.37,26.92,14.5,1.03
康希诺,sh688185,65.55,65.95,65.67,154124700.0,65.55,1600,65.6,200,-0.61,65.98,64.36,154124700,100690000.0,1.35,2.46,74.97,161.94,79.14,52.76,0.8
ST华扬,sh603825,8.47,8.54,8.51,1581400.0,8.47,1600,8.49,6300,-0.82,8.58,8.46,1581400,13450000.0,0.62,1.41,21.46,21.46,8.97,8.11,0.71
我武生物,sz300357,26.75,26.0,26.47,20938800.0,26.75,43200,26.76,10800,2.88,27.95,26.47,20938800,569480000.0,4.33,5.69,129.45,140.06,31.2,20.8,2.54
中粮科技,sz000930,6.02,6.41,6.07,44995500.0,6.02,10300,6.03,254700,-6.08,6.14,5.99,44995500,272240000.0,2.42,2.34,111.75,111.76,7.05,5.77,2.17
仁和药业,sz000650,5.55,5.71,5.66,24010000.0,5.55,358700,5.56,168800,-2.8,5.69,5.5,24010000,133170000.0,1.8,3.33,73.89,77.7,6.28,5.14,2.25
锐科激光,sz300747,35.44,36.43,36.16,30798700.0,35.44,50000,35.45,36900,-2.72,36.99,35.39,30798700,1109630000.0,5.9,4.39,184.99,199.03,43.72,29.14,0.92
新易盛,sz300502,537.27,608.28,552.76,91387100.0,537.27,2200,537.28,200,-11.67,566.66,528.01,91387100,50103020000.0,10.32,6.35,4756.94,5340.51,729.94,486.62,2.43
云路股份,sh688190,84.82,85.95,85.21,136629800.0,84.82,600,84.84,0,-1.31,86.85,83.6,136629800,115820000.0,1.14,3.78,101.78,101.78,103.14,68.76,1.04
方大特钢,sh600507,6.21,6.1,6.1,58753500.0,6.21,92200,6.22,54900,1.8,6.5,6.09,58753500,370330000.0,2.54,6.72,143.65,143.65,6.71,5.49,1.1
ST英飞拓,sz002528,5.11,4.87,5.02,40356800.0,5.11,4165900,0.0,0,4.93,5.11,4.94,40356800,205460000.0,3.84,3.49,53.67,61.25,5.11,4.63,0.84
天地科技,sh600582,5.7,5.75,5.75,19303000.0,5.7,974600,5.71,71200,-0.87,5.76,5.69,19303000,110210000.0,0.47,1.22,235.9,235.9,6.33,5.18,1.06
北鼎股份,sz300824,9.88,9.84,9.81,3956500.0,9.88,19200,9.89,16500,0.41,9.92,9.67,3956500,38740000.0,1.25,2.54,31.27,32.24,11.81,7.87,1.1
吉林高速,sh601518,2.83,2.85,2.85,16835200.0,2.83,17300,2.84,1106500,-0.7,2.85,2.81,16835200,47610000.0,0.89,1.4,53.5,53.5,3.14,2.57,1.14
福耀玻璃,sh600660,59.03,59.94,59.75,12613000.0,59.02,200,59.03,1000,-1.52,59.75,58.58,12613000,742990000.0,0.63,1.95,1182.36,1540.53,65.93,53.95,0.85
富森美,sz002818,10.79,10.88,10.87,2550100.0,10.78,36900,10.79,600,-0.83,10.92,10.72,2550100,27520000.0,0.85,1.84,32.19,80.76,11.97,9.79,1.19
威力传动,sz300904,56.7,57.01,57.01,630600.0,56.7,5700,56.81,2400,-0.54,57.85,56.59,630600,35980000.0,2.87,2.21,12.46,41.04,68.41,45.61,0.78
凯大催化,bj920974,7.92,7.63,7.89,6777700.0,7.92,1100,7.93,16300,3.8,8.24,7.78,6777700,53971700.0,5.28,6.03,10.17,12.97,9.91,5.35,3.02
金丹科技,sz300829,18.01,18.3,18.22,6840700.0,18.01,12500,18.02,4600,-1.58,18.34,17.71,6840700,123290000.0,4.36,3.44,28.23,40.93,21.96,14.64,1.19
苏常柴Ａ,sz000570,6.7,6.8,6.7,34690900.0,6.69,167800,6.7,46800,-1.47,6.9,6.64,34690900,233640000.0,6.24,3.82,37.23,47.28,7.48,6.12,0.53
上海贝岭,sh600171,28.44,28.22,28.67,14447200.0,28.43,34200,28.44,32200,0.78,28.9,28.34,14447200,412600000.0,2.04,1.98,201.62,201.62,31.04,25.4,1.18
儒意电影,sz002739,10.05,10.15,10.08,32719000.0,10.05,141500,10.06,169400,-0.99,10.11,9.92,32719000,327580000.0,1.56,1.87,211.04,212.23,11.17,9.14,0.66
威高骨科,sh688161,31.45,31.55,31.68,358758900.0,31.45,200,31.46,2000,-0.32,31.7,30.61,358758900,112180000.0,0.9,3.45,125.8,125.8,37.86,25.24,1.03
安徽合力,sh600761,17.13,16.96,16.9,13763100.0,17.12,9700,17.13,30000,1.0,17.33,16.71,13763100,234950000.0,1.55,3.66,152.58,152.58,18.66,15.26,1.31
金房能源,sz001210,20.61,20.8,20.67,2193700.0,20.61,1800,20.65,1000,-0.91,20.85,20.4,2193700,45160000.0,2.3,2.16,19.64,32.32,22.88,18.72,1.08
春雪食品,sh605567,10.76,10.5,10.49,4933300.0,10.76,2100,10.77,500,2.48,10.81,10.46,4933300,52420000.0,2.47,3.33,21.52,21.52,11.55,9.45,1.31
星源卓镁,sz301398,44.95,45.57,45.36,1227300.0,44.91,1100,44.95,300,-1.36,45.74,44.48,1227300,55100000.0,3.3,2.76,16.73,50.34,54.68,36.46,0.65
金雷股份,sz300443,30.87,30.06,29.72,22285000.0,30.87,4100,30.88,81500,2.69,32.49,29.72,22285000,700590000.0,9.18,9.21,74.94,98.83,36.07,24.05,1.86
中芯国际,sh688981,110.96,105.98,105.58,9107036300.0,110.95,3000,110.96,6600,4.7,113.25,104.61,9107036300,9980490000.0,4.55,8.15,2218.71,8891.36,127.18,84.78,2.03
*ST威尔,sz002058,23.88,23.05,23.07,2226300.0,23.87,28100,23.88,700,3.6,23.9,22.8,2226300,51930000.0,1.56,4.77,34.18,34.26,24.2,21.9,0.86
甘咨询,sz000779,8.36,8.65,8.58,11519900.0,8.36,27600,8.37,52800,-3.35,8.58,8.23,11519900,96030000.0,2.48,4.05,38.86,38.86,9.52,7.79,1.89
*ST摩登,sz002656,3.13,3.01,3.0,10053600.0,3.12,374700,3.13,149800,3.99,3.13,2.99,10053600,30770000.0,1.49,4.65,21.18,22.3,3.16,2.86,1.14
中科微至,sh688211,33.36,32.81,32.48,79381600.0,33.3,3000,33.36,1700,1.68,33.5,32.48,79381600,26310000.0,0.61,3.11,43.73,43.73,39.37,26.25,1.69
五矿资本,sh600390,5.21,5.23,5.22,18882800.0,5.2,235900,5.21,47400,-0.38,5.23,5.18,18882800,98220000.0,0.42,0.96,234.35,234.35,5.75,4.71,0.78
凯普生物,sz300639,6.05,6.21,6.18,14338100.0,6.05,253300,6.06,84500,-2.58,6.2,6.03,14338100,87160000.0,2.26,2.74,38.43,39.11,7.45,4.97,0.54
金科环境,sh688466,17.05,17.1,17.09,138714600.0,17.05,7000,17.06,300,-0.29,17.19,16.51,138714600,23400000.0,1.14,3.98,20.83,20.83,20.52,13.68,1.02
中华企业,sh600675,2.6,2.63,2.62,21075100.0,2.59,474400,2.6,9600,-1.14,2.63,2.58,21075100,54810000.0,0.35,1.9,157.2,157.2,2.89,2.37,0.92
热景生物,sh688068,110.57,109.92,109.38,224723400.0,110.38,600,110.57,200,0.59,112.33,106.61,224723400,246900000.0,2.42,5.2,102.51,102.51,131.9,87.94,1.04
长青集团,sz002616,5.78,5.91,5.85,16924300.0,5.78,74200,5.79,58400,-2.2,5.88,5.73,16924300,98140000.0,2.88,2.54,33.96,49.66,6.5,5.32,1.02
四方股份,sh601126,49.95,52.28,51.7,30474500.0,49.95,2200,49.96,4400,-4.46,52.41,49.31,30474500,1540120000.0,3.69,5.93,412.13,416.17,57.51,47.05,0.82
运机集团,sz001288,28.01,27.7,27.55,3873800.0,28.0,11100,28.01,16400,1.12,28.68,27.46,3873800,108580000.0,2.55,4.4,42.55,65.79,30.47,24.93,0.98
小熊电器,sz002959,42.33,42.86,42.7,1150800.0,42.33,5500,42.34,1700,-1.24,42.71,42.15,1150800,48710000.0,0.76,1.31,63.71,65.96,47.15,38.57,0.87
中研股份,sh688716,32.2,32.2,31.99,121168800.0,32.19,400,32.2,6700,0.0,32.49,31.48,121168800,38710000.0,1.73,3.14,22.52,39.18,38.64,25.76,0.74
浙商证券,sh601878,9.36,9.46,9.43,19205400.0,9.36,888800,9.37,39700,-1.06,9.47,9.36,19205400,180190000.0,0.42,1.16,428.11,428.11,10.41,8.51,0.94
通策医疗,sh600763,43.23,42.65,42.49,17033500.0,43.23,22300,43.24,6000,1.36,44.5,42.1,17033500,739680000.0,3.81,5.63,193.36,193.36,46.92,38.39,1.94
振华股份,sh603067,37.49,37.66,37.55,16636900.0,37.48,97700,37.49,10800,-0.45,37.96,36.71,16636900,621900000.0,2.34,3.32,266.46,266.46,41.43,33.89,0.5
新华网,sh603888,20.5,20.42,20.4,10042800.0,20.49,16500,20.5,27900,0.39,20.75,20.16,10042800,205410000.0,1.49,2.89,138.32,138.32,22.46,18.38,1.25
泰禾智能,sh603656,19.96,20.13,20.1,3432200.0,19.96,36500,19.97,11900,-0.84,20.14,19.88,3432200,68520000.0,1.88,1.29,36.52,36.52,22.14,18.12,1.17
海信视像,sh600060,24.26,24.34,24.2,10512000.0,24.25,15800,24.26,46600,-0.33,24.55,24.17,10512000,256500000.0,0.81,1.56,315.42,316.59,26.77,21.91,0.87
诺禾致源,sh688315,14.14,14.19,14.05,224233400.0,14.1,300,14.14,6100,-0.35,14.21,13.82,224233400,31440000.0,0.54,2.75,58.85,58.85,17.03,11.35,0.82
红四方,sh603395,28.37,28.26,28.02,2298100.0,28.37,6800,28.38,22200,0.39,28.7,28.02,2298100,65350000.0,3.54,2.41,18.44,73.76,31.09,25.43,1.0
城地香江,sh603887,16.51,16.72,16.6,30677700.0,16.51,700,16.52,2300,-1.26,16.93,15.71,30677700,499270000.0,5.15,7.3,98.28,99.4,18.39,15.05,1.42
宝通科技,sz300031,20.77,21.07,21.0,5704200.0,20.77,400,20.78,4600,-1.42,21.12,20.6,5704200,118580000.0,1.62,2.47,73.09,86.97,25.28,16.86,0.97
*ST星农,sh603789,5.75,5.48,5.41,3196200.0,5.75,1062500,0.0,0,4.93,5.75,5.41,3196200,18000000.0,1.23,6.2,14.95,15.25,5.75,5.21,0.69
景旺电子,sh603228,68.5,70.0,71.12,63332400.0,68.5,61000,68.51,4600,-2.14,72.87,68.44,63332400,4470220000.0,6.49,6.33,668.39,674.6,77.0,63.0,1.24
音飞储存,sh603066,11.12,10.11,11.0,8047000.0,11.12,2704300,0.0,0,9.99,11.12,11.0,8047000,89310000.0,2.74,1.19,32.71,32.71,11.12,9.1,3.37
冠龙节能,sz301151,18.53,18.49,18.37,1410700.0,18.53,12500,18.54,4800,0.22,18.66,18.2,1410700,26010000.0,0.84,2.49,31.29,31.32,22.19,14.79,1.34
神州信息,sz000555,14.95,15.08,14.88,20602200.0,14.94,32900,14.95,50900,-0.86,15.07,14.64,20602200,305960000.0,2.11,2.85,145.71,145.88,16.59,13.57,0.6
科兴制药,sh688136,28.67,29.45,29.57,336424800.0,28.67,400,28.69,200,-2.65,29.57,28.43,336424800,96950000.0,1.67,3.87,57.7,57.7,35.34,23.56,0.69
联动科技,sz301369,166.11,167.29,164.99,1334500.0,166.11,200,166.12,300,-0.71,171.47,164.52,1334500,223850000.0,3.67,4.15,60.4,117.23,200.75,133.83,0.87
浩云科技,sz300448,7.72,7.67,7.6,36835500.0,7.72,139300,7.73,3300,0.65,7.97,7.58,36835500,285850000.0,5.73,5.08,49.61,52.23,9.2,6.14,1.04
唐源电气,sz300789,20.9,20.81,20.81,1081500.0,20.9,6600,20.91,2300,0.43,21.05,20.39,1081500,22410000.0,1.09,3.17,20.67,30.06,24.97,16.65,0.59
迦南科技,sz300412,5.32,5.31,5.29,11114600.0,5.32,14600,5.33,122700,0.19,5.36,5.21,11114600,58710000.0,2.38,2.82,24.89,26.48,6.37,4.25,0.83
恒生电子,sh600570,26.2,26.46,26.26,19952900.0,26.19,21600,26.2,14900,-0.98,26.4,25.81,19952900,520470000.0,1.05,2.23,496.14,496.14,29.11,23.81,0.91
ST应急,sz300527,8.17,8.25,8.22,8808000.0,8.17,105700,8.18,53900,-0.97,8.25,8.14,8808000,72020000.0,0.87,1.33,83.07,83.07,9.9,6.6,0.99
山东海化,sz000822,6.12,6.1,6.08,29839400.0,6.12,3500,6.13,72900,0.33,6.21,6.01,29839400,182420000.0,3.33,3.28,54.78,54.78,6.71,5.49,0.7
宁波富邦,sh600768,17.17,16.6,16.65,9089100.0,17.17,18300,17.18,21300,3.43,17.25,16.56,9089100,153790000.0,6.8,4.16,22.96,22.96,18.26,14.94,0.75
天亿马,sz301178,53.15,54.23,52.57,2967800.0,53.11,400,53.15,1000,-1.99,54.2,51.3,2967800,155600000.0,6.0,5.35,26.3,35.53,65.08,43.38,1.19
万祥科技,sz301180,17.46,17.81,17.81,7616000.0,17.46,1400,17.48,900,-1.97,17.91,16.98,7616000,132020000.0,4.64,5.22,28.66,69.84,21.37,14.25,1.02
杭钢股份,sh600126,10.48,10.43,10.39,389550900.0,10.48,601000,10.49,338800,0.48,11.22,10.06,389550900,4146240000.0,11.53,11.12,353.93,353.93,11.47,9.39,1.75
友讯达,sz300514,12.01,11.94,11.67,7848100.0,12.0,9500,12.01,12600,0.59,12.06,11.5,7848100,92530000.0,4.9,4.69,19.25,24.02,14.33,9.55,1.6
许继电气,sz000400,25.8,26.15,26.15,19933300.0,25.79,32200,25.8,100,-1.34,26.25,25.7,19933300,515480000.0,1.97,2.1,261.02,262.8,28.77,23.54,0.66
爱旭股份,sh600732,15.27,15.56,15.57,28869700.0,15.27,20700,15.28,79300,-1.86,15.58,15.2,28869700,443150000.0,1.38,2.44,320.59,323.3,17.12,14.0,0.79
华润微,sh688396,54.73,52.69,53.0,3717549300.0,54.73,10900,54.74,25300,3.87,56.2,52.96,3717549300,2040070000.0,2.8,6.15,726.93,726.93,63.23,42.15,1.59
新华制药,sz000756,14.33,14.36,14.31,3127600.0,14.33,23100,14.34,4300,-0.21,14.38,14.26,3127600,44770000.0,0.63,0.84,71.49,99.83,15.8,12.92,0.81
锐新科技,sz300828,21.59,22.05,21.86,6200000.0,21.59,300,21.6,5600,-2.09,22.03,21.42,6200000,134230000.0,7.35,2.77,18.22,35.93,26.46,17.64,0.69
品高股份,sh688227,120.8,115.5,117.44,1457483800.0,120.79,200,120.8,500,4.59,120.8,113.31,1457483800,1721170000.0,12.89,6.48,136.57,136.57,138.6,92.4,0.97
瀛通通讯,sz002861,15.32,15.33,15.25,3293900.0,15.31,10300,15.32,11300,-0.07,15.46,15.1,3293900,50370000.0,2.19,2.35,23.01,28.54,16.86,13.8,0.93
伟时电子,sh605218,17.47,17.91,17.79,3720500.0,17.45,1000,17.47,300,-2.46,17.88,16.81,3720500,64390000.0,1.75,5.97,37.18,42.42,19.7,16.12,1.9
中科美菱,bj920992,15.52,15.87,15.91,1056500.0,15.52,4700,15.58,300,-2.21,15.91,15.36,1056500,16372800.0,2.16,3.47,7.61,15.01,20.63,11.11,0.48
栖霞建设,sh600533,2.4,2.38,2.36,14255400.0,2.39,227100,2.4,37800,0.84,2.42,2.36,14255400,34010000.0,1.36,2.52,25.2,25.2,2.62,2.14,0.88
协鑫集成,sz002506,4.36,4.56,4.51,409212900.0,4.36,2216100,4.37,2370800,-4.39,4.55,4.33,409212900,1796600000.0,7.0,4.82,254.82,255.07,5.02,4.1,0.65
辰奕智能,sz301578,33.11,32.96,32.8,761500.0,33.11,7700,33.15,1000,0.46,33.21,32.24,761500,24940000.0,3.29,2.94,7.67,26.98,39.55,26.37,1.36
国联民生,sh601456,9.28,9.34,9.34,14643400.0,9.27,168200,9.28,17400,-0.64,9.34,9.21,14643400,135790000.0,0.33,1.39,406.18,527.16,10.27,8.41,0.79
云汉芯城,sz301563,163.72,163.72,164.08,1076100.0,163.71,100,163.76,200,0.0,166.6,162.09,1076100,176780000.0,7.31,2.75,24.1,106.61,196.46,130.98,0.7
艾罗能源,sh688717,106.07,109.89,109.89,620751400.0,106.06,500,106.07,5300,-3.48,109.94,105.69,620751400,665960000.0,6.27,3.87,105.06,169.71,131.87,87.91,1.2
莎普爱思,sh603168,6.5,6.37,6.34,7478400.0,6.5,25200,6.51,3400,2.04,6.56,6.28,7478400,48080000.0,2.01,4.4,24.21,24.32,7.01,5.73,0.98
吉华集团,sh603980,6.21,6.29,6.25,25913600.0,6.21,18000,6.22,5700,-1.27,6.3,6.12,25913600,160980000.0,3.83,2.86,42.03,42.03,6.92,5.66,1.67
宏华数科,sh688789,68.14,69.6,69.1,185143700.0,68.13,3200,68.14,7100,-2.1,69.99,67.84,185143700,126780000.0,1.03,3.09,122.83,122.83,83.52,55.68,1.05
建科院,sz300675,15.86,15.33,15.33,5541500.0,15.85,13000,15.86,1100,3.46,15.99,15.2,5541500,87040000.0,3.78,5.15,23.26,23.26,18.4,12.26,2.18
聚合顺,sh605166,11.52,11.57,11.68,9917900.0,11.51,2700,11.52,1200,-0.43,11.72,11.31,9917900,114050000.0,3.15,3.54,36.26,36.26,12.73,10.41,0.68
国药现代,sh600420,9.71,9.77,9.75,6760200.0,9.71,10700,9.72,51700,-0.61,9.76,9.68,6760200,65650000.0,0.5,0.82,130.23,130.23,10.75,8.79,0.88
焦点科技,sz002315,31.35,32.0,31.54,10457500.0,31.34,17300,31.35,103400,-2.03,32.31,31.06,10457500,330700000.0,3.98,3.91,82.42,129.29,35.2,28.8,1.01
龙版传媒,sh605577,12.6,12.52,12.57,3006000.0,12.59,4900,12.6,35600,0.64,12.74,12.34,3006000,37720000.0,0.68,3.19,56.0,56.0,13.77,11.27,1.19
盈康生命,sz300143,11.44,11.44,11.44,7352700.0,11.44,107300,11.45,4400,0.0,11.52,11.29,7352700,84010000.0,1.15,2.01,73.36,85.74,13.73,9.15,0.64
威孚高科,sz000581,19.67,19.25,19.67,28542300.0,19.67,16300,19.68,36500,2.18,20.5,19.61,28542300,570490000.0,3.6,4.62,156.16,190.17,21.18,17.33,1.11
综艺股份,sh600770,6.97,6.34,6.97,90392800.0,6.97,17730100,0.0,0,9.94,6.97,6.86,90392800,629800000.0,6.95,1.74,90.61,90.61,6.97,5.71,2.64
智微智能,sz001339,80.74,73.4,75.0,19989200.0,80.74,1248400,0.0,0,10.0,80.74,73.01,19989200,1536250000.0,16.05,10.53,100.55,203.7,80.74,66.06,2.3
航发控制,sz000738,20.96,21.45,21.3,21164000.0,20.96,79300,20.97,8600,-2.28,21.49,20.91,21164000,445840000.0,1.61,2.7,275.66,275.66,23.6,19.31,0.78
鞍钢股份,sz000898,2.3,2.3,2.3,23820800.0,2.3,63400,2.31,2604400,0.0,2.31,2.28,23820800,54610000.0,0.3,1.3,183.02,215.49,2.53,2.07,0.94
平高电气,sh600312,21.88,21.78,21.7,29728000.0,21.87,56100,21.88,11300,0.46,22.18,21.56,29728000,651030000.0,2.19,2.85,296.89,296.89,23.96,19.6,0.91
宸展光电,sz003019,35.6,36.05,35.86,4338500.0,35.6,200,35.61,1900,-1.25,35.89,35.02,4338500,153710000.0,2.54,2.41,60.86,62.96,39.66,32.45,0.54
望变电气,sh603191,20.28,20.55,20.33,8296600.0,20.28,500,20.29,9500,-1.31,20.65,19.98,8296600,168020000.0,2.51,3.26,66.92,66.92,22.61,18.5,0.72
海达尔,bj920699,43.62,43.4,43.0,487700.0,43.62,500,43.93,1000,0.51,44.58,42.21,487700,21207199.999999996,2.34,5.46,9.11,19.9,56.42,30.38,0.94
科力尔,sz002892,10.95,10.9,10.87,6528400.0,10.95,7500,10.96,2600,0.46,11.02,10.81,6528400,71240000.0,1.35,1.93,52.93,81.53,11.99,9.81,1.11
ST纳川,sz300198,2.47,2.47,2.47,11757700.0,2.47,105300,2.48,29600,0.0,2.5,2.45,11757700,29050000.0,1.15,2.02,25.35,25.48,2.96,1.98,1.04
北京利尔,sz002392,8.78,8.67,8.61,32063300.0,8.77,43800,8.78,41600,1.27,8.87,8.51,32063300,279370000.0,2.77,4.15,101.63,104.53,9.54,7.8,0.65
吉鑫科技,sh601218,6.31,6.29,6.24,89760500.0,6.31,262200,6.32,341400,0.32,6.53,6.19,89760500,569530000.0,9.26,5.41,61.15,61.15,6.92,5.66,1.19
新北洋,sz002376,7.21,7.16,7.13,13773000.0,7.21,15200,7.22,37400,0.7,7.26,7.09,13773000,98710000.0,1.75,2.37,56.75,58.44,7.88,6.44,1.15
宁夏建材,sh600449,12.63,12.83,12.71,4923200.0,12.62,5900,12.63,2000,-1.56,12.78,12.54,4923200,62140000.0,1.03,1.87,60.39,60.39,14.11,11.55,1.12
闻泰科技,sh600745,27.81,28.35,28.21,37360000.0,27.81,76000,27.82,13500,-1.9,28.36,27.65,37360000,1043750000.0,3.0,2.5,346.14,346.14,31.19,25.52,0.99
嘉戎技术,sz301148,69.98,69.7,67.09,4411900.0,69.98,52000,70.0,700,0.4,71.55,65.0,4411900,305050000.0,7.49,9.4,41.2,81.52,83.64,55.76,0.77
美康生物,sz300439,9.7,9.64,9.6,2601800.0,9.7,10000,9.71,5500,0.62,9.73,9.5,2601800,25040000.0,0.89,2.39,28.36,37.28,11.57,7.71,0.93
北方股份,sh600262,23.33,23.9,23.78,6778100.0,23.33,11900,23.34,4100,-2.38,23.78,23.08,6778100,158530000.0,3.99,2.93,39.66,39.66,26.29,21.51,0.68
昆药集团,sh600422,10.96,11.08,11.01,6773300.0,10.96,6100,10.97,19000,-1.08,11.06,10.92,6773300,74270000.0,0.89,1.26,82.96,82.96,12.19,9.97,1.47
科美诊断,sh688468,7.21,7.2,7.2,203424300.0,7.2,1000,7.21,600,0.14,7.24,7.11,203424300,14590000.0,0.51,1.81,28.92,28.92,8.64,5.76,0.79
华灿光电,sz300323,10.82,10.67,10.52,81604000.0,10.81,162600,10.82,20200,1.41,11.11,10.45,81604000,879160000.0,6.87,6.19,128.51,175.61,12.8,8.54,0.81
华数传媒,sz000156,7.42,7.53,7.49,11878100.0,7.41,12900,7.42,11800,-1.46,7.52,7.32,11878100,87890000.0,0.7,2.66,126.13,137.49,8.28,6.78,1.31
东宏股份,sh603856,12.72,13.0,12.9,8918500.0,12.71,23800,12.72,4800,-2.15,12.99,12.61,8918500,113470000.0,3.16,2.92,35.88,35.88,14.3,11.7,1.54
鑫宏业,sz301310,61.99,63.46,63.77,3706600.0,61.88,1100,61.99,19700,-2.32,64.0,61.7,3706600,232850000.0,8.48,3.62,27.1,84.65,76.15,50.77,0.49
永清环保,sz300187,5.08,5.03,5.0,9913900.0,5.07,23500,5.08,2600,0.99,5.11,4.99,9913900,50180000.0,1.54,2.39,32.61,32.8,6.04,4.02,0.89
汉嘉数智,sz300746,13.14,13.3,13.1,3831000.0,13.12,1100,13.14,8700,-1.2,13.3,12.78,3831000,49900000.0,1.71,3.91,29.37,29.66,15.96,10.64,1.26
机科股份,bj920579,17.9,18.2,18.32,720800.0,17.9,20900,17.93,800,-1.65,18.38,17.87,720800,13002000.0,1.62,2.8,7.98,23.18,23.66,12.74,0.47
紫光股份,sz000938,31.32,31.2,30.88,247848600.0,31.32,146600,31.33,51800,0.38,32.15,30.41,247848600,7737030000.0,8.67,5.58,895.77,895.78,34.32,28.08,1.27
弘讯科技,sh603015,11.68,11.98,11.95,8131000.0,11.68,20000,11.69,25300,-2.5,12.0,11.47,8131000,95060000.0,2.01,4.42,47.21,47.21,13.18,10.78,1.52
万德斯,sh688178,33.07,32.25,32.25,264431600.0,33.06,2000,33.07,3300,2.54,33.71,31.83,264431600,86580000.0,3.11,5.83,28.11,28.11,38.7,25.8,1.09
阿科力,sh603722,38.78,38.05,38.5,2207200.0,38.7,200,38.78,4600,1.92,39.44,37.83,2207200,85220000.0,2.31,4.23,37.11,37.9,41.86,34.25,1.7
宝明科技,sz002992,53.66,53.75,53.4,2858800.0,53.66,82700,53.68,200,-0.17,55.25,53.4,2858800,155250000.0,1.81,3.44,84.8,97.05,59.13,48.38,0.72
福瑞达,sh600223,6.69,6.68,6.65,5681900.0,6.68,67300,6.69,153400,0.15,6.72,6.61,5681900,37900000.0,0.56,1.65,68.01,68.01,7.35,6.01,1.09
科沃斯,sh603486,61.64,63.92,63.6,7198500.0,61.63,14200,61.64,9000,-3.57,63.6,61.02,7198500,444350000.0,1.26,4.04,353.41,356.85,70.31,57.53,1.23
南大环境,sz300864,21.39,21.3,21.27,2032600.0,21.39,3700,21.41,300,0.42,21.83,21.15,2032600,43610000.0,1.29,3.19,33.78,33.78,25.56,17.04,1.22
数据港,sh603881,37.92,38.81,38.5,48520600.0,37.91,149900,37.92,128900,-2.29,38.7,36.85,48520600,1826410000.0,6.75,4.77,272.41,272.41,42.69,34.93,0.79
正元地信,sh688509,4.45,4.46,4.45,705708200.0,4.45,3500,4.46,6300,-0.22,4.5,4.39,705708200,31380000.0,1.83,2.47,17.12,34.27,5.35,3.57,1.23
成都燃气,sh603053,9.65,9.67,9.67,2337400.0,9.64,7400,9.65,30800,-0.21,9.67,9.57,2337400,22490000.0,0.26,1.03,85.78,85.78,10.64,8.7,0.78
龙旗科技,sh603341,36.52,37.49,37.3,7766100.0,36.51,7100,36.52,800,-2.59,37.6,36.4,7766100,285170000.0,2.92,3.2,97.22,190.85,41.24,33.74,1.14
ST天圣,sz002872,5.0,4.96,4.95,2223700.0,5.0,23400,5.01,14000,0.81,5.01,4.93,2223700,11060000.0,1.03,1.61,10.75,15.9,5.21,4.71,0.95
瑞鹄模具,sz002997,29.65,30.88,29.95,5886600.0,29.65,3400,29.66,26400,-3.98,29.95,29.35,5886600,174690000.0,2.81,1.94,62.06,62.06,33.97,27.79,1.83
英飞特,sz300582,13.11,12.86,12.88,11872600.0,13.11,4700,13.12,38300,1.94,13.3,12.84,11872600,155490000.0,5.36,3.58,29.04,39.14,15.43,10.29,1.43
昊华能源,sh601101,9.78,9.36,9.55,93553800.0,9.78,112300,9.79,128400,4.49,9.98,9.46,93553800,911030000.0,6.5,5.56,140.83,140.83,10.3,8.42,4.11
汉得信息,sz300170,21.0,21.19,20.88,55703000.0,21.0,180900,21.01,31700,-0.9,21.53,20.41,55703000,1165890000.0,5.7,5.29,205.13,214.93,25.43,16.95,1.02
汤臣倍健,sz300146,10.8,10.72,10.7,15535200.0,10.8,1800,10.81,61400,0.75,10.88,10.61,15535200,167080000.0,1.39,2.52,121.03,182.7,12.86,8.58,1.25
浪莎股份,sh600137,23.08,22.79,22.59,3425400.0,23.07,2200,23.08,3600,1.27,23.29,22.46,3425400,78650000.0,3.52,3.64,22.44,22.44,25.07,20.51,0.79
新洁能,sh605111,38.79,38.08,38.04,22672500.0,38.78,6400,38.79,5600,1.86,39.66,38.04,22672500,883780000.0,5.46,4.25,161.11,161.11,41.89,34.27,1.39
思看科技,sh688583,112.7,115.6,115.59,98359100.0,112.68,1000,112.7,900,-2.51,116.97,112.01,98359100,112180000.0,3.19,4.29,34.72,99.63,138.72,92.48,0.51
康普化学,bj920033,15.22,15.38,15.35,901600.0,15.22,15100,15.25,1000,-1.04,15.45,15.16,901600,13785500.0,1.09,1.89,12.6,18.13,19.99,10.77,1.09
天正电气,sh605066,7.61,7.56,7.5,7859000.0,7.61,18300,7.62,83800,0.66,7.63,7.5,7859000,59510000.0,1.56,1.72,38.24,38.41,8.32,6.8,0.54
九安医疗,sz002432,81.54,86.15,85.31,30489800.0,81.54,136000,81.55,10900,-5.35,88.02,80.84,30489800,2555240000.0,6.95,8.33,357.48,379.14,94.77,77.54,0.87
广东明珠,sh600382,8.82,8.81,8.78,17737700.0,8.82,3700,8.83,75600,0.11,8.88,8.63,17737700,155230000.0,2.55,2.84,61.25,61.25,9.69,7.93,0.58
中船汉光,sz300847,15.8,16.19,16.03,6107400.0,15.8,4900,15.81,25000,-2.41,16.06,15.59,6107400,96150000.0,2.06,2.9,46.77,46.77,19.43,12.95,1.39
汇洁股份,sz002763,8.38,8.27,8.24,11373000.0,8.37,36300,8.38,58700,1.33,8.4,8.21,11373000,94960000.0,3.75,2.3,25.44,34.35,9.1,7.44,0.8
宁沪高速,sh600377,12.15,12.2,12.24,6577400.0,12.15,30800,12.16,1100,-0.41,12.24,12.11,6577400,79950000.0,0.17,1.07,461.97,612.09,13.42,10.98,0.78
优利德,sh688628,98.04,100.9,106.0,798191500.0,98.03,400,98.04,0,-2.83,107.0,95.5,798191500,798320000.0,7.14,11.4,109.58,109.58,121.08,80.72,1.2
包钢股份,sh600010,2.74,2.77,2.76,667440700.0,2.74,4786900,2.75,11661000,-1.08,2.76,2.7,667440700,1821020000.0,2.13,2.17,859.83,1240.91,3.05,2.49,0.73
视源股份,sz002841,37.72,38.79,38.5,8088400.0,37.71,13600,37.72,4400,-2.76,38.65,37.45,8088400,305840000.0,1.56,3.09,195.92,262.54,42.67,34.91,1.06
越剑智能,sh603095,17.32,17.52,17.31,3648300.0,17.32,3700,17.33,3800,-1.14,17.58,16.89,3648300,62910000.0,1.41,3.94,44.73,44.73,19.27,15.77,0.96
汉商集团,sh600774,8.59,8.53,8.54,2968900.0,8.59,7300,8.6,1000,0.7,8.67,8.41,2968900,25380000.0,1.01,3.05,25.33,25.34,9.38,7.68,0.94
君禾股份,sh603617,7.46,7.28,7.28,10026300.0,7.46,1700,7.47,20600,2.47,7.5,7.24,10026300,74360000.0,2.61,3.57,28.62,29.08,8.01,6.55,2.17
博俊科技,sz300926,24.9,25.48,25.31,4486100.0,24.9,4100,24.91,5000,-2.28,25.49,24.83,4486100,112100000.0,1.51,2.59,74.2,108.15,30.58,20.38,0.86
新媒股份,sz300770,39.51,39.67,39.6,2194000.0,39.51,1200,39.54,1000,-0.4,39.65,38.88,2194000,86150000.0,0.96,1.94,90.02,90.02,47.6,31.74,1.08
博汇股份,sz300839,14.26,14.83,14.71,11063900.0,14.24,900,14.26,145900,-3.84,14.88,14.12,11063900,158640000.0,3.82,5.12,41.31,42.06,17.8,11.86,1.01
华林证券,sz002945,15.25,15.52,15.45,9503400.0,15.24,29300,15.25,38600,-1.74,15.5,15.21,9503400,145150000.0,0.35,1.87,411.75,411.75,17.07,13.97,0.87
南方路机,sh603280,33.92,33.97,33.77,1361200.0,33.92,100,33.93,200,-0.15,34.12,33.33,1361200,45890000.0,4.87,2.33,9.48,36.77,37.37,30.57,1.19
中远海能,sh600026,21.26,21.45,21.35,46727000.0,21.26,36900,21.27,64700,-0.89,21.57,21.07,46727000,994990000.0,1.22,2.33,812.56,1161.91,23.6,19.31,0.64
西陇科学,sz002584,7.74,7.91,7.89,21819200.0,7.74,23400,7.75,25500,-2.15,7.91,7.66,21819200,169750000.0,4.66,3.16,36.26,45.3,8.7,7.12,1.04
亿帆医药,sz002019,11.22,11.75,11.65,28166100.0,11.21,117100,11.22,209300,-4.51,11.65,11.21,28166100,319000000.0,3.35,3.74,94.45,136.48,12.93,10.58,1.52
禾丰股份,sh603609,6.79,6.85,6.85,3492500.0,6.79,4800,6.8,73300,-0.88,6.88,6.72,3492500,23670000.0,0.38,2.34,61.67,61.67,7.54,6.17,1.0
侨源股份,sz301286,49.08,47.92,48.6,4544500.0,49.08,500,49.09,200,2.42,52.98,48.6,4544500,229080000.0,2.82,9.14,79.16,196.37,57.5,38.34,1.36
金天钛业,sh688750,18.49,18.61,18.61,213118900.0,18.49,1300,18.5,8200,-0.64,18.69,18.37,213118900,39420000.0,0.91,1.72,43.07,85.52,22.33,14.89,0.6
三雄极光,sz300625,11.77,11.68,11.77,2149300.0,11.74,800,11.77,7200,0.77,11.82,11.55,2149300,25190000.0,1.33,2.31,19.06,32.88,14.02,9.34,1.3
欧晶科技,sz001269,21.56,21.72,21.72,1894000.0,21.56,12000,21.57,200,-0.74,21.72,21.42,1894000,40800000.0,0.98,1.38,41.48,41.48,23.89,19.55,0.74
成大生物,sh688739,23.78,23.81,23.85,217429300.0,23.78,9300,23.79,5100,-0.13,23.95,23.66,217429300,51780000.0,0.52,1.22,99.03,99.03,28.57,19.05,1.24
涪陵电力,sh600452,11.55,12.05,11.94,35392700.0,11.55,9400,11.56,18900,-4.15,11.99,11.5,35392700,413150000.0,2.3,4.07,177.47,177.47,13.26,10.85,0.92
甘肃能化,sz000552,2.72,2.64,2.64,156004200.0,2.71,1351100,2.72,142200,3.03,2.85,2.63,156004200,428910000.0,4.19,8.33,101.34,145.57,2.9,2.38,0.84
圣邦股份,sz300661,89.35,86.99,91.5,54577700.0,89.34,400,89.35,300,2.71,94.39,89.24,54577700,4982520000.0,9.11,5.92,535.11,554.45,104.39,69.59,1.64
伊力特,sh600197,12.07,12.01,12.12,5245000.0,12.07,5700,12.08,19400,0.5,12.18,11.93,5245000,63270000.0,1.11,2.08,57.11,57.11,13.21,10.81,1.69
恒玄科技,sh688608,167.26,169.5,168.76,473401600.0,167.26,600,167.27,1600,-1.32,170.8,165.63,473401600,795710000.0,2.81,3.05,282.16,282.16,203.4,135.6,0.97
劲仔食品,sz003000,11.28,11.17,11.09,10962900.0,11.28,10500,11.29,26300,0.98,11.39,11.03,10962900,123310000.0,3.56,3.22,34.75,50.86,12.29,10.05,1.84
海达股份,sz300320,9.1,9.42,9.31,15926200.0,9.1,71200,9.11,43600,-3.4,9.32,9.06,15926200,146170000.0,3.28,2.76,44.16,54.71,11.3,7.54,1.34
开发科技,bj920029,86.01,85.95,85.95,327600.0,86.01,1300,86.06,100,0.07,87.0,85.44,327600,28249500.0,0.24,1.82,116.24,119.46,111.73,60.17,0.39
东阿阿胶,sz000423,52.0,52.21,52.21,6094900.0,52.0,129200,52.02,900,-0.4,52.49,51.51,6094900,316110000.0,0.95,1.88,334.28,334.87,57.43,46.99,0.72
芯原股份,sh688521,228.71,235.5,235.0,2780202600.0,228.7,14500,228.71,5900,-2.88,236.55,218.43,2780202600,6320770000.0,5.29,7.69,1202.82,1202.82,282.6,188.4,0.98
钢研纳克,sz300797,15.38,15.6,15.54,2884800.0,15.37,1000,15.38,4300,-1.41,15.62,15.26,2884800,44380000.0,0.76,2.31,58.21,58.86,18.72,12.48,1.06
宗申动力,sz001696,18.9,19.19,19.16,17827000.0,18.9,102300,18.91,36500,-1.51,19.28,18.83,17827000,337560000.0,2.0,2.34,168.47,216.41,21.11,17.27,0.76
深水海纳,sz300961,13.9,13.82,13.61,12410900.0,13.9,22700,13.91,11000,0.58,14.1,13.52,12410900,172070000.0,8.13,4.2,21.21,24.64,16.58,11.06,1.8
拓维信息,sz002261,39.48,38.22,37.83,217806600.0,39.48,1220800,39.49,120400,3.3,40.66,36.94,217806600,8514040000.0,19.01,9.73,452.3,497.38,42.04,34.4,1.62
姚记科技,sz002605,19.38,20.18,20.18,10758600.0,19.37,45700,19.38,20700,-3.96,20.18,19.21,10758600,209890000.0,3.19,4.81,65.36,80.94,22.2,18.16,1.77
祥和实业,sh603500,10.58,10.75,10.79,7164500.0,10.57,73700,10.58,2500,-1.58,10.79,10.25,7164500,74930000.0,2.16,5.02,35.11,35.21,11.83,9.68,1.9
欧莱新材,sh688530,38.5,36.66,35.62,1527424300.0,38.5,8500,38.51,200,5.02,40.0,35.01,1527424300,571160000.0,22.54,13.61,26.09,61.62,43.99,29.33,0.85
洲明科技,sz300232,6.27,6.3,6.28,26197600.0,6.27,81600,6.28,10100,-0.48,6.34,6.18,26197600,163990000.0,2.96,2.54,55.53,68.18,7.56,5.04,0.66
一心堂,sz002727,12.54,12.68,12.59,4996100.0,12.54,300,12.55,9300,-1.1,12.68,12.36,4996100,62460000.0,1.26,2.52,49.82,73.43,13.95,11.41,1.15
博敏电子,sh603936,16.1,16.04,15.81,58726300.0,16.09,6700,16.1,16900,0.37,16.66,15.55,58726300,950800000.0,9.32,6.92,101.49,101.49,17.64,14.44,1.07
中晟高科,sz002778,20.32,20.45,20.43,1869900.0,20.31,1800,20.32,300,-0.64,20.45,20.05,1869900,37820000.0,1.51,1.96,25.08,25.35,22.5,18.41,0.61
中油资本,sz000617,9.27,9.43,9.4,139033000.0,9.27,712000,9.28,380100,-1.7,9.5,9.25,139033000,1301500000.0,1.1,2.65,1171.92,1171.92,10.37,8.49,0.85
中科创达,sz300496,64.07,65.08,64.0,13650600.0,64.07,13300,64.08,10800,-1.55,64.86,63.12,13650600,873270000.0,3.7,2.67,236.18,295.22,78.1,52.06,0.94
芯海科技,sh688595,35.88,33.82,34.67,1050414100.0,35.88,8900,35.89,11800,6.09,37.46,34.67,1050414100,379430000.0,7.29,8.25,51.7,51.7,40.58,27.06,3.52
福安药业,sz300194,4.07,4.1,4.07,8903100.0,4.07,103700,4.09,73200,-0.73,4.11,4.05,8903100,36270000.0,0.92,1.46,39.41,48.42,4.92,3.28,0.93
天宜新材,sh688033,7.63,7.75,7.78,1289067100.0,7.63,46000,7.64,95800,-1.55,7.8,7.5,1289067100,98460000.0,2.29,3.87,42.9,42.9,9.3,6.2,1.1
莱绅通灵,sh603900,7.48,7.44,7.4,5437200.0,7.48,44000,7.49,12700,0.54,7.53,7.32,5437200,40380000.0,1.59,2.82,25.64,25.65,8.18,6.7,0.71
泸州老窖,sz000568,102.63,101.85,100.9,10851200.0,102.62,2300,102.63,0,0.77,103.55,100.25,10851200,1111840000.0,0.74,3.24,1509.95,1510.65,112.04,91.67,1.32
万憬能源,sz002700,6.64,6.61,6.57,3897800.0,6.64,3600,6.65,60600,0.45,6.65,6.56,3897800,25750000.0,1.48,1.36,17.49,27.46,7.27,5.95,0.87
盘龙药业,sz002864,30.19,30.26,30.18,1709000.0,30.19,1500,30.2,7300,-0.23,30.32,29.95,1709000,51470000.0,2.3,1.22,22.4,32.09,33.29,27.23,0.57
鄂尔多斯,sh600295,15.6,15.41,15.38,7977300.0,15.59,14000,15.6,32300,1.23,15.77,15.3,7977300,124360000.0,0.4,3.05,308.19,436.61,16.95,13.87,0.81
恒而达,sz300946,46.48,45.91,45.9,1102800.0,46.48,8300,46.49,500,1.24,47.27,45.36,1102800,50980000.0,1.45,4.16,35.23,72.51,55.09,36.73,0.93
拱东医疗,sh605369,18.48,17.71,17.8,3642400.0,18.48,3200,18.49,3300,4.35,18.75,17.8,3642400,67080000.0,1.65,5.36,40.75,40.75,19.48,15.94,5.21
众业达,sz002441,9.4,9.38,9.35,6402800.0,9.39,17000,9.4,21900,0.21,9.45,9.3,6402800,59910000.0,1.61,1.6,37.46,51.19,10.32,8.44,0.62
鸿博股份,sz002229,16.88,18.76,16.88,56425600.0,0.0,0,16.88,9338100,-10.02,17.32,16.88,56425600,954410000.0,11.44,2.35,83.24,83.76,20.64,16.88,0.83
英集芯,sh688209,22.85,22.91,22.88,685901000.0,22.84,20600,22.85,19000,-0.26,23.28,22.52,685901000,156630000.0,1.58,3.32,99.12,99.12,27.49,18.33,0.81
太极集团,sh600129,15.85,15.96,15.84,4593900.0,15.85,11800,15.86,16500,-0.69,15.96,15.72,4593900,72740000.0,0.83,1.5,87.4,87.4,17.56,14.36,0.93
科德数控,sh688305,57.53,58.32,58.0,125835700.0,57.53,3800,57.55,400,-1.35,58.4,57.21,125835700,72440000.0,0.95,2.04,76.06,76.46,69.98,46.66,0.7
中材节能,sh603126,8.04,8.15,7.94,11000600.0,8.03,7500,8.04,6800,-1.35,8.09,7.93,11000600,88220000.0,1.8,1.96,49.08,49.08,8.97,7.34,0.91
星徽股份,sz300464,7.98,7.99,7.94,10829200.0,7.97,50400,7.98,2900,-0.13,8.09,7.78,10829200,85790000.0,3.05,3.88,28.36,36.53,9.59,6.39,0.68
富安娜,sz002327,7.31,7.22,7.2,12208900.0,7.31,8600,7.32,135400,1.25,7.4,7.16,12208900,89330000.0,2.49,3.32,35.89,61.28,7.94,6.5,1.84
汤姆猫,sz300459,3.89,3.98,3.96,83883100.0,3.88,1468200,3.89,175600,-2.26,3.96,3.82,83883100,325560000.0,2.55,3.52,127.87,136.77,4.78,3.18,1.19
广安爱众,sh600979,4.94,5.39,5.2,139981600.0,4.94,621600,4.95,274200,-8.35,5.23,4.91,139981600,706930000.0,11.36,5.94,60.87,62.33,5.93,4.85,0.92
日辰股份,sh603755,28.4,28.08,28.02,1087600.0,28.4,1500,28.41,2500,1.14,28.59,27.7,1087600,30680000.0,1.1,3.17,28.01,28.01,30.89,25.27,1.01
上海雅仕,sh603329,10.28,10.2,10.15,2431400.0,10.27,14700,10.28,900,0.78,10.35,10.1,2431400,24860000.0,1.18,2.45,21.22,25.71,11.22,9.18,1.39
三 力 士,sz002224,4.37,4.37,4.35,14551300.0,4.37,63900,4.38,233400,0.0,4.41,4.31,14551300,63200000.0,1.8,2.29,35.24,39.42,4.81,3.93,0.91
特  力Ａ,sz000025,15.63,15.71,15.68,3023500.0,15.63,44800,15.64,56600,-0.51,15.72,15.47,3023500,47080000.0,0.77,1.59,61.39,67.37,17.28,14.14,0.83
南网科技,sh688248,56.4,59.61,59.86,691954500.0,56.39,1000,56.4,5400,-5.39,60.55,55.87,691954500,397350000.0,1.23,7.85,318.49,318.49,71.53,47.69,1.18
S佳通,sh600182,14.82,14.65,14.65,2209100.0,14.81,100,14.82,23100,1.16,14.87,14.43,2209100,32590000.0,1.3,3.0,25.19,50.39,15.38,13.92,1.21
格林达,sh603931,31.34,32.01,30.7,5942800.0,31.34,2900,31.35,2200,-2.09,31.87,30.7,5942800,185630000.0,2.98,3.66,62.54,62.54,35.21,28.81,0.83
华东数控,sz002248,11.93,12.08,12.09,9822800.0,11.93,71000,11.94,22600,-1.24,12.09,11.75,9822800,116510000.0,3.19,2.81,36.68,36.68,13.29,10.87,0.67
奥康国际,sh603001,8.62,8.63,8.65,6132700.0,8.62,10900,8.63,122400,-0.12,8.72,8.55,6132700,52920000.0,1.53,1.97,34.56,34.56,9.49,7.77,0.72
北特科技,sh603009,46.49,48.2,48.15,7362300.0,46.49,1400,46.5,5000,-3.55,48.49,46.4,7362300,346330000.0,2.18,4.34,157.33,161.04,53.02,43.38,1.1
大金重工,sz002487,88.66,85.25,85.95,22620300.0,88.65,10400,88.66,30300,4.0,90.1,85.95,22620300,2001430000.0,3.59,4.87,559.37,565.43,93.78,76.73,1.17
建研院,sh603183,4.65,4.72,4.68,25281800.0,4.65,218300,4.66,3000,-1.48,4.7,4.52,25281800,116110000.0,5.09,3.81,23.12,23.12,5.19,4.25,1.53
京泉华,sz002885,30.92,31.08,31.28,23693500.0,30.92,55500,30.93,7600,-0.51,31.57,30.15,23693500,731590000.0,10.26,4.57,71.4,83.77,34.19,27.97,0.74
长虹美菱,sz000521,5.63,5.67,5.65,7877000.0,5.63,44600,5.64,26300,-0.71,5.66,5.58,7877000,44210000.0,0.9,1.41,49.29,57.98,6.24,5.1,0.84
中控技术,sh688777,67.39,67.0,66.66,1979738100.0,67.38,1700,67.39,41800,0.58,68.26,64.55,1979738100,1317140000.0,2.51,5.54,530.49,533.18,80.4,53.6,1.0
三德科技,sz300515,17.06,17.0,17.0,2200800.0,17.06,43800,17.07,15600,0.35,17.19,16.82,2200800,37350000.0,1.09,2.18,34.42,35.1,20.4,13.6,0.63
城投控股,sh600649,4.16,4.24,4.24,26840900.0,4.16,487700,4.17,172300,-1.89,4.24,4.13,26840900,112060000.0,1.07,2.59,104.19,104.19,4.66,3.82,1.0
公元股份,sz002641,4.16,4.08,4.09,11627600.0,4.15,22900,4.16,291800,1.96,4.18,4.06,11627600,48040000.0,1.03,2.94,47.17,51.13,4.49,3.67,1.14
天舟文化,sz300148,4.17,4.2,4.16,31111600.0,4.17,94200,4.18,272600,-0.71,4.2,4.09,31111600,128760000.0,3.82,2.62,33.95,35.16,5.04,3.36,0.93
迈赫股份,sz301199,22.3,22.24,22.22,1219700.0,22.22,500,22.3,15300,0.27,22.38,21.95,1219700,26980000.0,1.7,1.93,15.99,41.63,26.69,17.79,0.84
派瑞股份,sz300831,17.28,16.4,16.23,17435600.0,17.27,26000,17.28,70100,5.37,17.4,16.23,17435600,297210000.0,9.45,7.13,31.88,55.3,19.68,13.12,1.41
广汇物流,sh600603,6.08,6.75,6.32,19406300.0,0.0,0,6.08,2826100,-9.93,6.35,6.08,19406300,118910000.0,1.63,4.0,72.55,72.55,7.43,6.08,1.02
泰山石油,sz000554,7.93,8.04,8.02,28492600.0,7.92,44600,7.93,201400,-1.37,8.09,7.78,28492600,225440000.0,7.86,3.86,28.76,38.13,8.84,7.24,1.28
文灿股份,sh603348,19.35,19.51,19.56,2402400.0,19.33,900,19.35,5100,-0.82,19.56,19.17,2402400,46360000.0,0.76,2.0,60.85,60.85,21.46,17.56,0.87
筑博设计,sz300564,15.03,15.01,14.99,1716700.0,15.03,6000,15.05,4900,0.13,15.11,14.82,1716700,25710000.0,1.52,1.93,17.01,24.25,18.01,12.01,0.86
ST晨鸣,sz000488,2.76,2.68,2.7,45167900.0,2.76,81900,2.77,429000,2.99,2.81,2.69,45167900,125100000.0,2.67,4.48,46.76,81.18,2.81,2.55,2.02
雷神科技,bj920190,22.5,22.58,22.52,778100.0,22.5,27900,22.52,2000,-0.35,22.79,22.23,778100,17519000.0,0.78,2.48,22.37,22.5,29.35,15.81,0.43
青矩技术,bj920208,23.78,23.92,23.88,824400.0,23.73,100,23.78,1100,-0.59,24.09,23.65,824400,19620600.0,0.81,1.84,24.23,31.82,31.09,16.75,0.58
致欧科技,sz301376,16.09,16.5,16.42,3706900.0,16.09,1900,16.1,18100,-2.48,16.63,15.9,3706900,59800000.0,1.91,4.42,31.16,64.76,19.8,13.2,0.99
海天精工,sh601882,19.1,19.42,19.29,2690700.0,19.09,4900,19.1,3800,-1.65,19.41,19.0,2690700,51500000.0,0.52,2.11,99.7,99.7,21.36,17.48,0.78
蜀道装备,sz300540,29.45,30.72,30.36,37637900.0,29.44,48600,29.45,800,-4.13,32.21,28.9,37637900,1144690000.0,18.21,10.77,60.88,67.61,36.86,24.58,1.11
红墙股份,sz002809,10.33,10.25,10.23,9344000.0,10.33,11400,10.34,23100,0.78,10.42,10.12,9344000,96050000.0,5.5,2.93,17.56,24.82,11.28,9.23,1.34
安杰思,sh688581,58.92,58.16,57.58,86360300.0,58.91,2500,58.92,800,1.31,59.28,57.58,86360300,50630000.0,2.08,2.92,24.49,47.8,69.79,46.53,1.99
禾迈股份,sh688032,112.65,114.5,113.65,91731600.0,112.65,3000,112.67,200,-1.62,114.43,112.16,91731600,103630000.0,0.74,1.98,139.77,139.77,137.4,91.6,0.59
益佰制药,sh600594,4.33,4.55,4.46,73219700.0,4.33,227500,4.34,8000,-4.84,4.46,4.22,73219700,317350000.0,9.25,5.27,34.29,34.29,5.01,4.1,0.69
冠盛股份,sh605088,36.66,36.08,35.81,4863500.0,36.65,13500,36.66,400,1.61,37.36,35.81,4863500,178120000.0,2.44,4.3,73.22,74.32,39.69,32.47,0.95
超达装备,sz301186,69.22,73.78,73.73,4254200.0,69.21,1200,69.22,7600,-6.18,74.22,69.05,4254200,299030000.0,5.62,7.01,52.36,55.76,88.54,59.02,0.93
麦克奥迪,sz300341,14.79,15.02,14.95,5014800.0,14.79,19800,14.82,500,-1.53,15.05,14.67,5014800,74230000.0,0.97,2.53,76.22,76.52,18.02,12.02,1.29
伟星股份,sz002003,10.19,10.16,10.15,5197200.0,10.19,20800,10.2,100,0.3,10.22,10.1,5197200,52910000.0,0.51,1.18,104.15,121.15,11.18,9.14,0.8
神奇制药,sh600613,5.78,5.77,5.76,7986000.0,5.78,5000,5.79,64700,0.17,5.82,5.71,7986000,46040000.0,1.67,1.91,27.7,30.87,6.35,5.19,0.57
天风证券,sh601162,3.68,3.74,3.72,86271100.0,3.68,3186400,3.69,1229000,-1.6,3.74,3.67,86271100,318140000.0,1.0,1.87,316.41,370.72,4.11,3.37,0.91
九阳股份,sz002242,11.37,11.41,11.69,75410300.0,11.37,105000,11.38,16500,-0.35,12.55,11.25,75410300,892570000.0,9.9,11.39,86.6,86.76,12.55,10.27,2.54
遥望科技,sz002291,6.22,6.21,6.22,24122900.0,6.22,99800,6.23,98200,0.16,6.25,6.09,24122900,148630000.0,2.78,2.58,54.06,58.17,6.83,5.59,0.95
天富能源,sh600509,8.12,8.33,8.25,32204900.0,8.11,148200,8.12,98600,-2.52,8.28,8.08,32204900,262870000.0,2.34,2.4,111.6,111.6,9.16,7.5,0.92
迈瑞医疗,sz300760,161.0,161.04,160.25,9223800.0,160.99,1200,161.0,2800,-0.02,162.76,158.63,9223800,1485050000.0,0.76,2.56,1950.35,1952.03,193.25,128.83,1.06
三利谱,sz002876,28.87,28.9,28.9,4984100.0,28.86,5000,28.87,1900,-0.1,29.29,28.6,4984100,144170000.0,3.35,2.39,43.0,50.2,31.79,26.01,0.62
梦洁股份,sz002397,4.33,4.39,4.36,29263800.0,4.32,215000,4.33,42900,-1.37,4.43,4.29,29263800,127730000.0,4.52,3.19,28.05,32.38,4.83,3.95,0.92
健民集团,sh600976,33.0,32.91,32.84,1197400.0,33.0,1800,33.01,300,0.27,33.15,32.76,1197400,39480000.0,0.78,1.19,50.59,50.62,36.2,29.62,0.63
国星光电,sz002449,7.9,8.11,7.89,18536900.0,7.89,51500,7.9,9600,-2.59,7.97,7.63,18536900,144690000.0,3.0,4.19,48.86,48.86,8.92,7.3,1.43
拓日新能,sz002218,5.23,5.35,5.3,60549200.0,5.23,295400,5.24,210400,-2.24,5.33,5.18,60549200,316850000.0,4.36,2.8,72.58,73.65,5.89,4.82,0.61
金诚信,sh603979,62.5,62.9,62.2,6569900.0,62.5,313800,62.51,1000,-0.64,62.88,60.86,6569900,406520000.0,1.05,3.21,389.87,389.87,69.19,56.61,0.8
*ST亿通,sz300211,8.43,8.77,8.63,6787600.0,8.43,6200,8.44,99300,-3.88,8.68,8.37,6787600,57610000.0,2.27,3.53,25.16,25.62,10.52,7.02,1.77
中国外运,sh601598,6.06,6.11,6.12,10750300.0,6.06,126000,6.07,24900,-0.82,6.19,6.05,10750300,65560000.0,0.21,2.29,312.54,434.73,6.72,5.5,0.85
国货航,sz001391,5.25,5.32,5.3,17799000.0,5.24,595200,5.25,11500,-1.32,5.31,5.23,17799000,93600000.0,1.17,1.5,79.77,640.97,5.85,4.79,1.73
英诺特,sh688253,46.12,47.86,48.24,329348100.0,46.12,300,46.13,3400,-3.64,48.85,46.0,329348100,155360000.0,2.4,5.95,63.18,63.18,57.43,38.29,0.93
华纳药厂,sh688799,55.75,56.61,57.56,286383100.0,55.75,7800,55.84,1100,-1.52,57.56,55.2,286383100,160370000.0,2.18,4.17,73.21,73.21,67.93,45.29,0.52
汇中股份,sz300371,12.68,12.45,12.41,2781200.0,12.67,1300,12.68,500,1.85,12.83,12.31,2781200,35040000.0,1.99,4.18,17.75,25.51,14.94,9.96,1.41
金逸影视,sz002905,9.71,9.81,9.81,5313300.0,9.71,1100,9.72,5000,-1.02,9.81,9.59,5313300,51510000.0,1.52,2.24,33.93,36.54,10.79,8.83,0.62
延江股份,sz300658,20.26,20.17,20.11,18861200.0,20.26,26400,20.27,12400,0.45,20.84,19.67,18861200,380760000.0,8.54,5.8,44.74,67.42,24.2,16.14,0.85
百奥赛图,sh688796,102.88,99.41,97.63,180066000.0,102.88,14400,102.89,800,3.49,104.41,97.45,180066000,183210000.0,5.02,7.0,36.92,459.77,119.29,79.53,0.94
林海股份,sh600099,11.57,11.26,11.26,6111300.0,11.57,1900,11.58,44900,2.75,11.64,11.16,6111300,70120000.0,2.79,4.26,25.35,25.35,12.39,10.13,1.71
海澜之家,sh600398,6.38,6.36,6.35,27288100.0,6.37,205100,6.38,62500,0.31,6.4,6.29,27288100,173300000.0,0.57,1.73,306.42,306.42,7.0,5.72,0.81
摩尔线程-U,sh688795,638.5,605.62,605.0,420140800.0,638.49,200,638.5,1200,5.43,645.5,595.0,420140800,2619130000.0,14.3,8.34,187.61,3001.13,726.74,484.5,1.62
申通快递,sz002468,17.45,17.73,17.61,22398700.0,17.45,15000,17.46,9600,-1.58,17.78,17.3,22398700,391310000.0,1.53,2.71,256.03,267.12,19.5,15.96,0.51
新柴股份,sz301032,13.0,13.08,13.13,4153000.0,13.0,18000,13.01,3900,-0.61,13.15,12.81,4153000,53810000.0,2.6,2.6,20.78,31.35,15.7,10.46,1.01
星星科技,sz300256,3.32,3.38,3.33,19968900.0,3.32,442600,3.33,532600,-1.78,3.37,3.3,19968900,66360000.0,0.89,2.07,74.48,75.31,4.06,2.7,0.91
天润工业,sz002283,11.09,11.18,11.31,19207600.0,11.08,37400,11.09,29100,-0.81,11.54,10.98,19207600,215070000.0,1.92,5.01,111.21,126.37,12.3,10.06,0.67
诚迈科技,sz300598,38.51,37.9,37.8,7981700.0,38.51,9300,38.52,50700,1.61,39.07,37.45,7981700,306800000.0,3.68,4.27,83.54,83.56,45.48,30.32,1.51
漫步者,sz002351,10.91,11.27,11.0,10944400.0,10.91,43800,10.92,145400,-3.19,11.05,10.78,10944400,118890000.0,2.1,2.4,56.85,97.0,12.4,10.14,2.79
九洲集团,sz300040,7.13,7.36,7.25,61285100.0,7.13,170900,7.14,27200,-3.13,7.39,7.11,61285100,442930000.0,11.85,3.8,36.89,45.88,8.83,5.89,1.0
汇宇制药-W,sh688553,19.66,19.18,19.17,987713000.0,19.66,7400,19.67,7000,2.5,19.77,18.94,987713000,192870000.0,2.88,4.33,67.54,83.28,23.02,15.34,0.84
美新科技,sz301588,29.3,26.75,29.17,24535500.0,29.3,3400,29.33,300,9.53,30.93,27.65,24535500,716500000.0,33.45,12.26,21.49,34.83,32.1,21.4,3.15
宝莱特,sz300246,16.85,16.92,16.91,11425200.0,16.84,800,16.85,8700,-0.41,17.35,16.39,11425200,192280000.0,5.41,5.67,35.61,44.59,20.3,13.54,0.67
千味央厨,sz001215,43.11,43.4,43.41,6136300.0,43.11,20600,43.13,1000,-0.67,44.51,42.32,6136300,265730000.0,6.34,5.05,41.72,41.89,47.74,39.06,1.77
英力股份,sz300956,14.68,14.46,14.39,6442000.0,14.68,9600,14.69,3000,1.52,14.79,14.23,6442000,93320000.0,3.06,3.87,30.89,31.62,17.35,11.57,1.24
恒顺醋业,sh600305,7.46,7.46,7.46,6498000.0,7.46,43300,7.47,11300,0.0,7.5,7.39,6498000,48470000.0,0.59,1.47,82.28,82.54,8.21,6.71,1.12
洽洽食品,sz002557,23.16,22.9,22.9,13452900.0,23.16,500,23.17,6400,1.14,23.52,22.71,13452900,312310000.0,2.67,3.54,116.91,117.16,25.19,20.61,0.68
德展健康,sz000813,3.4,3.37,3.34,36311000.0,3.39,450600,3.4,421800,0.89,3.43,3.33,36311000,122940000.0,1.73,2.97,71.29,71.3,3.71,3.03,1.23
龙韵股份,sh603729,16.96,16.75,16.63,3166200.0,16.96,43700,16.98,3200,1.25,17.05,16.42,3166200,53200000.0,3.44,3.76,15.63,15.63,18.43,15.08,1.6
拓山重工,sz001226,44.85,44.63,44.63,973100.0,44.85,1600,44.87,500,0.49,45.76,43.88,973100,43560000.0,1.3,4.21,33.49,33.49,49.09,40.17,1.0
外高桥,sh600648,10.52,10.6,10.6,2484200.0,10.51,15600,10.52,15200,-0.75,10.63,10.46,2484200,26130000.0,0.22,1.6,119.69,143.06,11.66,9.54,0.87
招商港口,sz001872,21.78,22.1,22.12,2885900.0,21.77,500,21.78,3700,-1.45,22.12,21.67,2885900,63040000.0,0.13,2.04,501.38,540.56,24.31,19.89,1.31
国科微,sz300672,158.8,161.08,159.5,7249400.0,158.78,100,158.8,1300,-1.42,161.87,156.51,7249400,1151270000.0,3.45,3.33,334.02,344.76,193.3,128.86,0.72
公牛集团,sh603195,41.36,41.52,41.59,1427500.0,41.35,3600,41.36,4300,-0.39,41.59,41.19,1427500,59000000.0,0.08,0.96,744.75,747.75,45.67,37.37,0.81
欣灵电气,sz301388,31.55,31.68,31.49,1773500.0,31.54,700,31.57,1000,-0.41,31.83,30.95,1773500,55680000.0,6.48,2.78,8.63,32.32,38.02,25.34,1.03
五洋自控,sz300420,3.65,3.64,3.63,17467800.0,3.64,77200,3.65,101200,0.27,3.67,3.6,17467800,63420000.0,1.56,1.92,40.74,40.75,4.37,2.91,0.93
爱科科技,sh688092,28.7,28.51,28.4,109488400.0,28.6,1600,28.7,30400,0.67,28.8,27.72,109488400,30940000.0,1.32,3.79,23.72,23.72,34.21,22.81,1.39
埃夫特-U,sh688165,16.59,16.76,16.64,429680500.0,16.59,6100,16.6,20100,-1.01,16.78,16.4,429680500,71130000.0,0.82,2.27,86.56,86.56,20.11,13.41,0.88
乐山电力,sh600644,12.24,12.67,12.54,35823900.0,12.24,28500,12.25,8800,-3.39,12.66,12.21,35823900,443840000.0,6.65,3.55,65.9,70.79,13.94,11.4,0.7
青山纸业,sh600103,4.85,5.14,5.09,467807900.0,4.84,292200,4.85,413700,-5.64,5.14,4.75,467807900,2296580000.0,21.15,7.59,107.3,108.68,5.65,4.63,0.83
英华特,sz301272,42.49,42.3,42.2,593900.0,42.49,400,42.5,2100,0.45,42.9,42.0,593900,25190000.0,1.9,2.13,13.31,24.86,50.76,33.84,0.52
亚星锚链,sh601890,10.75,10.99,10.85,53070700.0,10.74,136700,10.75,143400,-2.18,10.95,10.58,53070700,569080000.0,5.53,3.37,103.14,103.14,12.09,9.89,1.21
华钰矿业,sh601020,32.7,32.56,32.2,31201000.0,32.69,82500,32.7,18700,0.43,33.2,31.66,31201000,1009990000.0,3.81,4.73,268.13,268.13,35.82,29.3,0.71
新黄浦,sh600638,6.24,6.48,6.43,18591700.0,6.24,211100,6.25,24000,-3.7,6.51,6.16,18591700,117400000.0,2.76,5.4,42.02,42.02,7.13,5.83,0.97
宁波华翔,sz002048,27.75,28.4,28.17,12145200.0,27.74,1300,27.75,11100,-2.29,28.36,27.56,12145200,338090000.0,1.71,2.82,196.97,225.84,31.24,25.56,0.88
晋控煤业,sh601001,17.94,17.95,17.96,14542000.0,17.93,4000,17.94,10700,-0.06,18.17,17.71,14542000,260500000.0,0.87,2.56,300.26,300.26,19.75,16.16,0.98
北自科技,sh603082,36.42,36.5,36.67,838900.0,36.42,7400,36.44,1000,-0.22,36.72,36.25,838900,30560000.0,2.07,1.29,14.77,59.08,40.15,32.85,0.78
梓橦宫,bj920566,10.46,10.59,10.52,992900.0,10.46,1500,10.48,2400,-1.23,10.52,10.38,992900,10371000.0,0.88,1.32,11.75,15.22,13.76,7.42,0.62
蠡湖股份,sz300694,12.64,12.68,12.74,6487900.0,12.64,1000,12.65,500,-0.32,12.74,12.52,6487900,81880000.0,2.99,1.74,27.4,27.44,15.22,10.14,0.55
泰凌微,sh688591,34.32,33.94,34.02,443327900.0,34.31,5900,34.32,6100,1.12,34.94,33.66,443327900,152150000.0,2.63,3.77,57.81,82.62,40.73,27.15,0.86
毕得医药,sh688073,55.86,57.5,57.68,129207000.0,55.85,200,55.86,30200,-2.85,57.68,55.71,129207000,73020000.0,1.42,3.43,50.77,50.77,69.0,46.0,1.01
碧水源,sz300070,4.08,4.04,4.03,38708400.0,4.07,12500,4.08,281400,0.99,4.09,4.0,38708400,156610000.0,1.13,2.23,140.14,147.87,4.85,3.23,1.13
中信特钢,sz000708,15.47,15.71,15.65,15281100.0,15.46,9500,15.47,1700,-1.53,15.72,15.25,15281100,236910000.0,0.3,2.99,780.79,780.8,17.28,14.14,1.31
珍宝岛,sh603567,6.6,6.71,6.67,12381700.0,6.6,285400,6.61,89800,-1.64,6.68,6.55,12381700,81770000.0,1.32,1.94,62.01,62.11,7.38,6.04,0.79
衢州发展,sh600208,4.73,4.3,4.3,358656300.0,4.73,24566500,0.0,0,10.0,4.73,4.27,358656300,1648580000.0,4.22,10.7,402.43,402.47,4.73,3.87,1.22
科威尔,sh688551,44.7,49.45,48.02,763981100.0,44.7,7200,44.71,200,-9.61,48.02,43.14,763981100,344730000.0,9.09,9.87,37.58,37.58,59.34,39.56,2.02
哈尔斯,sz002615,7.76,7.79,7.72,5765900.0,7.76,47000,7.78,500,-0.39,7.83,7.63,5765900,44550000.0,1.89,2.57,23.72,43.44,8.57,7.01,0.49
ST雪发,sz002485,4.8,4.92,4.87,4007600.0,4.77,71900,4.8,66400,-2.44,4.9,4.7,4007600,19160000.0,0.74,4.07,26.11,26.11,5.17,4.67,1.27
农 产 品,sz000061,7.43,7.52,7.48,9127500.0,7.42,63200,7.43,26200,-1.2,7.51,7.39,9127500,67910000.0,0.51,1.6,133.32,147.48,8.27,6.77,0.67
瀚蓝环境,sh600323,30.19,29.39,29.66,15927800.0,30.18,1200,30.19,12600,2.72,30.57,29.52,15927800,478390000.0,1.95,3.57,246.15,246.15,32.33,26.45,3.28
安利股份,sz300218,14.33,14.27,14.24,4084400.0,14.33,47300,14.34,7600,0.42,14.45,14.07,4084400,58090000.0,1.89,2.66,30.99,31.09,17.12,11.42,0.73
平治信息,sz300571,35.8,36.9,36.52,11850700.0,35.8,43500,35.81,19000,-2.98,36.61,34.87,11850700,422610000.0,10.25,4.72,41.4,49.95,44.28,29.52,0.8
中设咨询,bj920873,8.07,8.16,8.14,2264400.0,8.07,3700,8.08,21300,-1.1,8.25,7.88,2264400,18443300.0,1.89,4.53,9.67,12.38,10.6,5.72,0.77
康美药业,sh600518,1.72,1.72,1.72,106845300.0,1.72,2000800,1.73,17663600,0.0,1.73,1.71,106845300,183710000.0,0.77,1.16,237.74,237.86,1.89,1.55,0.86
宝利国际,sz300135,3.76,3.73,3.71,22837100.0,3.76,123000,3.77,230900,0.8,3.8,3.69,22837100,85400000.0,2.48,2.95,34.65,34.65,4.48,2.98,1.57
上声电子,sh688533,26.31,26.42,26.31,95411400.0,26.31,100,26.35,3600,-0.42,26.49,25.89,95411400,25000000.0,0.58,2.27,43.41,43.41,31.7,21.14,0.91
展鹏科技,sh603488,10.75,10.98,10.99,6717500.0,10.75,66900,10.76,86300,-2.09,11.1,10.63,6717500,72910000.0,2.3,4.28,31.39,31.39,12.08,9.88,0.78
天下秀,sh600556,6.1,6.16,6.1,43481500.0,6.1,190300,6.11,85900,-0.97,6.15,5.96,43481500,262990000.0,2.41,3.08,110.27,110.27,6.78,5.54,1.06
每日互动,sz300766,37.4,38.86,38.78,81632700.0,37.39,2600,37.4,349300,-3.76,42.54,36.66,81632700,3261560000.0,22.79,15.13,133.99,147.64,46.63,31.09,2.51
珠江啤酒,sz002461,9.74,9.92,9.91,9582300.0,9.74,5800,9.75,10100,-1.81,9.92,9.69,9582300,93630000.0,0.43,2.32,215.58,215.58,10.91,8.93,1.26
浪潮软件,sh600756,16.19,16.0,15.9,9205300.0,16.17,500,16.19,108700,1.19,16.2,15.78,9205300,147150000.0,2.84,2.62,52.47,56.6,17.6,14.4,0.73
华光环能,sh600475,17.52,17.71,17.88,12315700.0,17.51,26900,17.52,10300,-1.07,18.11,17.5,12315700,218470000.0,1.31,3.44,165.19,167.49,19.48,15.94,1.07
新光药业,sz300519,16.02,15.58,15.51,3979200.0,16.02,600,16.03,6900,2.82,16.05,15.51,3979200,63000000.0,3.49,3.47,18.28,25.63,18.7,12.46,1.25
华东重机,sz002685,7.96,7.93,7.9,53800300.0,7.96,23400,7.97,18000,0.38,8.28,7.86,53800300,433160000.0,5.34,5.3,80.2,80.21,8.72,7.14,0.81
幸福蓝海,sz300528,15.99,16.35,16.18,9790900.0,15.99,1800,16.0,23400,-2.2,16.26,15.74,9790900,156070000.0,2.63,3.18,59.58,59.58,19.62,13.08,0.47
中船科技,sh600072,13.16,13.51,13.49,35166200.0,13.16,81000,13.17,27200,-2.59,13.64,13.12,35166200,467480000.0,3.25,3.85,142.57,197.49,14.86,12.16,0.52
东方中科,sz002819,26.41,26.33,26.61,2196700.0,26.41,200,26.42,1300,0.3,26.61,26.0,2196700,57740000.0,0.93,2.32,62.49,79.13,28.96,23.7,0.96
羚锐制药,sh600285,21.59,21.44,21.48,5668400.0,21.58,100,21.59,68500,0.7,21.7,21.27,5668400,121950000.0,1.0,2.01,122.17,122.44,23.58,19.3,0.89
创力集团,sh603012,8.81,9.01,8.91,20753900.0,8.8,68700,8.81,3900,-2.22,8.99,8.62,20753900,181750000.0,3.21,4.11,56.96,56.96,9.91,8.11,1.07
稳健医疗,sz300888,31.15,31.64,31.64,4543900.0,31.14,5900,31.15,6500,-1.55,31.75,31.07,4543900,141840000.0,0.78,2.15,180.57,181.4,37.97,25.31,0.79
三变科技,sz002112,20.02,20.57,20.5,16919900.0,20.01,86400,20.02,32100,-2.67,20.5,19.9,16919900,339930000.0,6.46,2.92,52.47,58.89,22.63,18.51,0.67
汉缆股份,sz002498,8.65,9.09,8.83,122349000.0,8.64,224300,8.65,630500,-4.84,8.97,8.65,122349000,1072220000.0,3.68,3.52,287.77,287.77,10.0,8.18,0.54
巴兰仕,bj920112,33.22,33.51,33.45,154800.0,33.22,1000,33.31,200,-0.87,33.67,33.12,154800,5156700.0,0.67,1.64,7.7,28.19,43.56,23.46,0.43
罗普斯金,sz002333,5.52,5.59,5.6,20963000.0,5.51,24100,5.52,2100,-1.25,5.62,5.4,20963000,115160000.0,3.15,3.94,36.79,37.26,6.15,5.03,0.45
爱乐达,sz300696,37.64,38.94,38.8,10261300.0,37.64,10200,37.65,13600,-3.34,39.44,37.1,10261300,387220000.0,3.86,6.01,100.08,110.34,46.73,31.15,0.77
金鹰重工,sz301048,10.53,10.68,10.69,6417500.0,10.53,34000,10.54,30600,-1.4,10.73,10.43,6417500,67550000.0,1.2,2.81,56.16,56.16,12.82,8.54,0.72
宏昌科技,sz301008,31.2,31.8,31.72,4787400.0,31.18,200,31.2,4200,-1.89,31.99,30.97,4787400,150000000.0,4.13,3.21,36.14,40.86,38.16,25.44,0.47
亚厦股份,sz002375,4.08,4.24,4.22,32879600.0,4.07,627300,4.08,52700,-3.77,4.23,4.06,32879600,135630000.0,2.48,4.01,54.13,54.67,4.66,3.82,1.22
安凯微,sh688620,12.21,12.12,11.98,951297700.0,12.2,30200,12.21,22500,0.74,12.4,11.98,951297700,116250000.0,4.09,3.47,28.37,47.86,14.54,9.7,1.21
祥生医疗,sh688358,28.88,28.79,28.7,88036000.0,28.88,1600,28.99,1200,0.31,29.07,28.23,88036000,25260000.0,0.79,2.92,32.34,32.38,34.55,23.03,0.9
太平鸟,sh603877,14.33,14.5,14.69,2017300.0,14.33,3500,14.34,11700,-1.17,14.69,14.13,2017300,28850000.0,0.43,3.86,67.25,67.51,15.95,13.05,0.63
中储股份,sh600787,5.37,5.35,5.33,15169800.0,5.37,66800,5.38,858200,0.37,5.38,5.31,15169800,81090000.0,0.7,1.31,116.53,116.53,5.89,4.82,0.92
凤凰股份,sh600716,4.29,4.38,4.39,11241800.0,4.28,91800,4.29,16800,-2.05,4.39,4.22,11241800,48080000.0,1.2,3.88,40.16,40.16,4.82,3.94,1.09
弘景光电,sz301479,107.55,110.65,109.0,2697000.0,107.54,600,107.6,400,-2.8,109.6,105.18,2697000,288520000.0,5.3,3.99,54.77,95.68,132.78,88.52,0.53
中天火箭,sz003009,57.83,59.2,58.95,3516700.0,57.83,500,57.84,13400,-2.31,58.95,56.89,3516700,203000000.0,2.14,3.48,95.24,95.26,65.12,53.28,0.66
奥美医疗,sz002950,14.09,14.12,14.01,24490400.0,14.09,16900,14.1,45600,-0.21,14.39,13.63,24490400,342300000.0,5.42,5.38,63.69,89.23,15.53,12.71,0.86
乔锋智能,sz301603,106.52,108.0,107.27,4336800.0,106.52,2200,106.59,400,-1.37,110.0,104.18,4336800,461420000.0,11.49,5.39,40.19,128.63,129.6,86.4,0.49
瑞凌股份,sz300154,8.27,8.08,8.07,6221700.0,8.27,7800,8.28,3500,2.35,8.3,7.92,6221700,50640000.0,1.97,4.7,26.06,37.18,9.7,6.46,1.31
上海汽配,sh603107,14.2,14.14,14.12,3065800.0,14.18,5100,14.2,16400,0.42,14.22,13.97,3065800,43220000.0,1.41,1.77,30.98,47.9,15.55,12.73,1.34
红太阳,sz000525,5.64,5.63,5.62,16281500.0,5.64,305200,5.65,262900,0.18,5.65,5.54,16281500,91060000.0,1.46,1.95,62.7,73.5,6.19,5.07,0.87
林州重机,sz002535,3.39,3.34,3.33,10818400.0,3.39,138400,3.4,382300,1.5,3.41,3.29,10818400,36240000.0,1.45,3.59,25.3,27.18,3.67,3.01,1.16
鼎际得,sh603255,29.28,29.16,29.0,870800.0,29.26,1600,29.28,2500,0.41,29.52,28.78,870800,25360000.0,1.44,2.54,17.77,39.41,32.08,26.24,0.65
亿华通-U,sh688339,24.68,24.93,25.0,350264400.0,24.68,600,24.7,5300,-1.0,25.2,24.42,350264400,86720000.0,1.79,3.13,48.32,59.36,29.92,19.94,0.92
神州泰岳,sz300002,9.32,9.44,9.4,32565800.0,9.32,595500,9.33,30100,-1.27,9.44,9.21,32565800,302630000.0,1.79,2.44,169.86,183.34,11.33,7.55,1.03
*ST声迅,sz003004,31.9,31.89,32.13,441300.0,31.89,100,31.9,3500,0.03,32.31,31.28,441300,13930000.0,0.64,3.23,21.93,26.11,33.48,30.3,0.45
利通电子,sh603629,109.42,116.48,111.68,43818500.0,109.42,5800,109.43,14000,-6.06,116.1,105.0,43818500,4795760000.0,17.09,9.53,280.57,287.03,128.13,104.83,0.99
湖南投资,sz000548,5.18,5.14,5.12,8216800.0,5.18,17500,5.19,2700,0.78,5.22,5.09,8216800,42320000.0,1.65,2.53,25.86,25.86,5.65,4.63,1.22
艾德生物,sz300685,22.23,22.24,22.17,5038500.0,22.23,14400,22.24,6700,-0.04,22.43,22.03,5038500,112090000.0,1.29,1.8,86.6,87.04,26.69,17.79,0.56
祥源新材,sz300980,33.55,33.1,33.2,6050500.0,33.54,3100,33.55,1500,1.36,34.31,32.5,6050500,203050000.0,6.15,5.47,32.99,46.32,39.72,26.48,1.24
精华制药,sz002349,7.27,7.22,7.18,11782700.0,7.27,65800,7.28,61100,0.69,7.3,7.16,11782700,85350000.0,1.45,1.94,59.19,60.32,7.94,6.5,0.73
道恩股份,sz002838,28.51,28.35,28.58,6041700.0,28.51,32100,28.54,200,0.56,28.9,28.1,6041700,172360000.0,1.44,2.82,119.92,136.39,31.19,25.52,1.08
正裕工业,sh603089,11.91,11.9,11.86,3780400.0,11.9,7800,11.91,10100,0.08,11.99,11.68,3780400,44670000.0,1.57,2.61,28.59,32.84,13.09,10.71,1.32
古越龙山,sh600059,9.07,9.0,9.02,12538900.0,9.07,35000,9.08,56300,0.78,9.1,8.97,12538900,113480000.0,1.38,1.44,82.68,82.68,9.9,8.1,1.73
国机通用,sh600444,18.04,17.78,17.69,2546200.0,18.04,47100,18.05,2800,1.46,18.08,17.62,2546200,45550000.0,1.74,2.59,26.41,26.41,19.56,16.0,1.03
三博脑科,sz301293,65.8,67.15,66.6,6140100.0,65.79,700,65.8,600,-2.01,67.15,65.43,6140100,404930000.0,3.81,2.56,105.9,135.54,80.58,53.72,0.74
西昌电力,sh600505,13.17,13.5,13.37,10943500.0,13.16,16500,13.17,22100,-2.44,13.4,13.05,10943500,144520000.0,3.0,2.59,48.01,48.01,14.85,12.15,0.92
明微电子,sh688699,44.98,45.0,45.0,249739500.0,44.97,1600,44.98,10000,-0.04,46.33,44.9,249739500,113660000.0,2.27,3.18,49.51,49.51,54.0,36.0,1.08
金帝股份,sh603270,26.27,26.04,25.99,2376100.0,26.26,1400,26.27,3100,0.88,26.46,25.72,2376100,62190000.0,3.36,2.84,18.58,57.56,28.64,23.44,0.96
贵绳股份,sh600992,12.2,11.88,11.9,6825900.0,12.19,14800,12.2,13500,2.69,12.23,11.84,6825900,82390000.0,2.79,3.28,29.9,29.9,13.07,10.69,2.05
赛伦生物,sh688163,37.0,40.75,40.02,534619600.0,37.0,13400,37.04,3100,-9.2,41.0,36.58,534619600,201570000.0,4.94,10.85,40.04,40.04,48.9,32.6,1.21
中密控股,sz300470,33.76,33.72,33.72,3579700.0,33.76,11600,33.77,600,0.12,33.8,33.33,3579700,120340000.0,1.82,1.39,66.56,70.21,40.46,26.98,0.65
捷昌驱动,sh603583,32.89,32.98,32.86,2498900.0,32.88,2600,32.89,6700,-0.27,33.14,32.66,2498900,82060000.0,0.65,1.46,125.72,126.88,36.28,29.68,0.63
神州细胞,sh688520,40.85,41.52,41.2,214252800.0,40.85,0,40.86,600,-1.61,41.61,40.5,214252800,87910000.0,0.48,2.67,181.92,192.13,49.82,33.22,0.56
海尔生物,sh688139,33.83,33.6,33.45,364188700.0,33.83,1000,33.85,2000,0.68,34.3,33.16,364188700,123170000.0,1.15,3.39,107.07,107.07,40.32,26.88,1.1
ST嘉澳,sh603822,83.33,85.69,84.1,1616200.0,83.33,11900,83.34,100,-2.75,86.5,82.22,1616200,135270000.0,2.1,4.99,64.02,64.02,89.97,81.41,1.06
普莱柯,sh603566,12.48,12.44,12.47,2691500.0,12.46,3200,12.48,8600,0.32,12.52,12.33,2691500,33470000.0,0.78,1.53,43.19,43.19,13.68,11.2,0.9
蓝箭电子,sz301348,23.83,23.69,23.66,11642300.0,23.82,3300,23.83,34200,0.59,24.84,23.65,11642300,281060000.0,7.5,5.02,36.97,57.19,28.43,18.95,1.19
意华股份,sz002897,68.41,66.64,66.7,22735600.0,68.41,10600,68.42,4800,2.66,70.36,64.45,22735600,1537500000.0,12.46,8.87,124.8,132.63,73.3,59.98,1.74
致尚科技,sz301486,196.6,205.45,200.0,8749200.0,196.6,10300,196.64,1000,-4.31,203.0,192.21,8749200,1719290000.0,12.08,5.25,142.44,252.99,246.54,164.36,0.63
秀强股份,sz300160,5.18,5.16,5.12,10666200.0,5.18,14500,5.19,92200,0.39,5.2,5.08,10666200,54850000.0,1.4,2.33,39.48,40.04,6.19,4.13,1.03
中英科技,sz300936,76.0,76.22,75.88,3340100.0,75.98,700,76.0,900,-0.29,77.77,73.92,3340100,252060000.0,7.04,5.05,36.04,57.15,91.46,60.98,0.59
首航新能,sz301658,40.95,41.75,41.39,6851400.0,40.95,9100,40.96,5200,-1.92,42.26,40.81,6851400,282890000.0,7.03,3.47,39.89,168.87,50.1,33.4,0.71
芒果超媒,sz300413,20.62,21.0,20.9,15767300.0,20.61,32200,20.62,93000,-1.81,20.9,20.39,15767300,324650000.0,1.54,2.43,210.67,385.74,25.2,16.8,1.19
湖北广电,sz000665,4.64,4.59,4.64,14965500.0,4.64,87200,4.65,155400,1.09,4.67,4.54,14965500,69020000.0,1.32,2.83,52.76,52.76,5.05,4.13,1.22
昆工科技,bj920152,14.88,15.5,15.51,1868700.0,14.88,24800,14.9,200,-4.0,15.53,14.77,1868700,28025300.000000004,2.27,4.9,12.23,16.57,20.15,10.85,1.04
国科天成,sz301571,66.15,70.22,69.84,5724900.0,66.14,2400,66.15,1400,-5.8,70.4,66.07,5724900,385460000.0,4.8,6.17,78.83,118.69,84.26,56.18,1.01
中机认检,sz301508,28.95,29.7,29.53,1942700.0,28.95,25200,29.0,400,-2.53,29.62,28.9,1942700,56530000.0,3.3,2.42,17.03,65.45,35.64,23.76,1.7
奥飞数据,sz300738,24.0,24.56,24.21,102329200.0,24.0,168000,24.01,79300,-2.28,24.41,22.81,102329200,2413680000.0,10.39,6.51,236.37,236.44,29.47,19.65,1.06
仁智股份,sz002629,6.44,6.66,6.61,18945300.0,6.44,42800,6.45,19800,-3.3,6.67,6.4,18945300,123000000.0,5.23,4.05,23.33,27.44,7.33,5.99,0.52
恩华药业,sz002262,21.74,21.37,21.52,14455100.0,21.73,29300,21.74,22200,1.73,21.81,21.3,14455100,311920000.0,1.64,2.39,192.17,220.83,23.51,19.23,0.84
华阳智能,sz301502,48.29,47.81,47.79,1473000.0,48.29,4200,48.32,100,1.0,48.99,47.51,1473000,71340000.0,6.25,3.1,11.39,27.57,57.37,38.25,0.95
苏豪弘业,sh600128,10.56,10.5,10.41,4558800.0,10.56,7500,10.57,6200,0.57,10.59,10.35,4558800,47830000.0,1.85,2.29,26.06,26.58,11.55,9.45,1.12
海能达,sz002583,10.33,10.59,10.58,20784900.0,10.32,207400,10.33,441100,-2.46,10.62,10.32,20784900,216530000.0,1.62,2.83,132.51,187.86,11.65,9.53,1.01
分众传媒,sz002027,6.13,6.23,6.2,126308100.0,6.12,1185100,6.13,379300,-1.61,6.21,6.1,126308100,773960000.0,0.87,1.77,885.31,885.31,6.85,5.61,0.94
赛分科技,sh688758,20.16,20.18,20.44,391792100.0,20.16,2500,20.2,14800,-0.1,20.44,19.77,391792100,78760000.0,1.31,3.32,60.11,83.96,24.22,16.14,0.62
用友网络,sh600588,12.37,12.21,12.11,47171600.0,12.36,23800,12.37,496100,1.31,12.37,11.93,47171600,573200000.0,1.38,3.6,422.68,422.68,13.43,10.99,1.31
儒竞科技,sz301525,73.62,74.04,73.8,1106000.0,73.62,7800,73.66,300,-0.57,74.53,72.39,1106000,81230000.0,2.24,2.89,36.37,69.43,88.85,59.23,0.88
诺唯赞,sh688105,19.2,19.73,19.44,286039500.0,19.19,103200,19.2,1200,-2.69,19.68,18.91,286039500,54760000.0,0.72,3.9,76.37,76.37,23.68,15.78,1.36
万孚生物,sz300482,18.68,18.45,18.31,11187800.0,18.67,2300,18.68,34300,1.25,18.86,18.1,11187800,207690000.0,2.6,4.12,80.34,87.44,22.14,14.76,1.86
成飞集成,sz002190,30.56,31.1,30.9,2930300.0,30.55,64900,30.56,8700,-1.74,31.03,30.51,2930300,89830000.0,0.82,1.67,109.63,109.63,34.21,27.99,0.78
XD世茂能,sh605028,29.37,29.55,28.67,3108700.0,29.37,1400,29.38,100,-0.61,29.94,28.42,3108700,90950000.0,1.94,5.14,46.99,46.99,32.51,26.6,0.94
蔚蓝生物,sh603739,14.71,14.8,14.73,3285400.0,14.7,8600,14.71,1700,-0.61,14.85,14.5,3285400,48120000.0,1.3,2.36,37.22,37.22,16.28,13.32,1.09
昊海生科,sh688366,39.54,39.1,39.0,60074900.0,39.5,100,39.54,900,1.13,39.55,38.7,60074900,23530000.0,0.31,2.17,76.73,90.93,46.92,31.28,1.72
汉桑科技,sz301491,48.98,48.61,48.51,714700.0,48.9,800,48.98,11600,0.76,49.15,48.13,714700,34710000.0,2.5,2.1,14.0,63.18,58.33,38.89,0.99
苏 泊 尔,sz002032,47.46,47.27,47.27,1900600.0,47.44,200,47.46,4600,0.4,47.74,46.62,1900600,89640000.0,0.24,2.37,380.23,380.4,52.0,42.54,0.81
京仪装备,sh688652,108.71,106.16,106.3,400140500.0,108.71,1300,108.72,7500,2.4,110.4,105.18,400140500,433220000.0,3.31,4.92,131.27,182.63,127.39,84.93,0.97
天壕能源,sz300332,5.67,5.6,5.53,40330900.0,5.67,130200,5.68,371300,1.25,5.71,5.48,40330900,227100000.0,4.86,4.11,47.06,49.06,6.72,4.48,1.15
巨力索具,sz002342,19.05,18.96,18.78,258840800.0,19.04,732200,19.05,987400,0.47,20.21,18.11,258840800,4949150000.0,27.11,11.08,181.87,182.88,20.86,17.06,1.01
华强科技,sh688151,20.19,21.14,20.91,533188800.0,20.19,5200,20.2,4700,-4.49,21.09,19.68,533188800,107150000.0,1.55,6.67,69.55,69.55,25.37,16.91,2.58
哈药股份,sh600664,3.7,3.88,3.82,156577800.0,3.7,1317900,3.71,251900,-4.64,3.83,3.7,156577800,586570000.0,6.22,3.35,93.18,93.18,4.27,3.49,0.56
杭州园林,sz300649,18.8,18.83,19.6,18778000.0,18.8,7500,18.83,2500,-0.16,19.88,18.71,18778000,361370000.0,17.7,6.21,19.95,24.89,22.6,15.06,2.53
新城控股,sh601155,14.1,14.31,14.31,11989800.0,14.1,32400,14.11,25500,-1.47,14.43,13.97,11989800,169330000.0,0.53,3.21,318.04,318.04,15.74,12.88,0.76
国网信通,sh600131,18.2,18.5,18.49,13994100.0,18.2,34300,18.21,46000,-1.62,18.53,18.1,13994100,254960000.0,1.17,2.32,217.65,218.1,20.35,16.65,0.92
天有为,sh603202,85.45,94.94,85.45,3585600.0,0.0,0,85.45,150700,-10.0,87.99,85.45,3585600,308070000.0,7.14,2.68,42.91,136.72,104.43,85.45,2.87
正丹股份,sz300641,19.28,19.67,19.42,12273200.0,19.27,14900,19.28,35600,-1.98,19.78,19.19,12273200,238260000.0,2.34,3.0,101.33,101.33,23.6,15.74,0.73
富春股份,sz300299,5.82,5.9,5.87,13171000.0,5.81,39700,5.82,21000,-1.36,5.93,5.75,13171000,76520000.0,1.91,3.05,40.11,40.18,7.08,4.72,0.87
创耀科技,sh688259,36.71,37.1,36.82,232514900.0,36.71,2600,36.79,700,-1.05,37.06,35.8,232514900,84570000.0,2.08,3.4,41.01,41.01,44.52,29.68,1.28
佳士科技,sz300193,8.63,8.54,8.54,7264000.0,8.62,77300,8.63,58000,1.05,8.67,8.44,7264000,62260000.0,1.73,2.69,36.19,41.1,10.25,6.83,1.33
开立医疗,sz300633,26.87,27.63,27.46,5588800.0,26.83,3000,26.87,700,-2.75,27.64,26.61,5588800,150670000.0,2.09,3.73,72.01,116.27,33.16,22.1,0.52
泰鸿万立,sh603210,16.25,16.15,16.14,2926200.0,16.24,10100,16.25,48300,0.62,16.28,15.86,2926200,47010000.0,1.26,2.6,37.81,55.31,17.77,14.54,1.17
神农集团,sh605296,29.37,30.32,30.15,2462800.0,29.36,1600,29.37,20000,-3.13,30.25,29.35,2462800,72870000.0,0.48,2.97,152.13,154.12,33.35,27.29,0.82
杰克科技,sh603337,38.28,38.45,37.88,2599700.0,38.28,1300,38.3,1800,-0.44,38.97,37.88,2599700,100120000.0,0.55,2.83,181.34,182.37,42.3,34.61,0.89
长城科技,sh603897,49.8,51.84,51.32,10066300.0,49.8,15800,49.85,1400,-3.94,51.78,48.5,10066300,502140000.0,4.88,6.33,102.8,102.8,57.02,46.66,0.63
南极电商,sz002127,3.08,2.8,2.85,108719300.0,3.08,9964300,0.0,0,10.0,3.08,2.83,108719300,326830000.0,5.45,8.93,61.44,75.61,3.08,2.52,4.43
中铁装配,sz300374,13.71,13.78,13.84,2523100.0,13.71,2100,13.72,16900,-0.51,13.86,13.63,2523100,34610000.0,1.03,1.67,33.71,33.71,16.54,11.02,0.95
大有能源,sh600403,5.67,5.86,5.85,22823200.0,5.66,203600,5.67,171300,-3.24,5.85,5.65,22823200,130420000.0,0.95,3.41,135.56,135.56,6.45,5.27,1.22
中国医药,sh600056,10.43,10.43,10.37,16580700.0,10.43,39100,10.44,28100,0.0,10.48,10.3,16580700,172200000.0,1.11,1.73,155.97,156.02,11.47,9.39,0.64
世纪瑞尔,sz300150,4.99,5.43,5.05,30650400.0,4.99,155000,5.0,8900,-8.1,5.06,4.75,30650400,150150000.0,6.61,5.71,23.14,29.2,6.52,4.34,3.85
聚灿光电,sz300708,8.92,9.52,9.11,52383700.0,8.92,147800,8.93,80500,-6.3,9.2,8.91,52383700,472790000.0,7.38,3.05,63.33,83.75,11.42,7.62,1.14
承德露露,sz000848,8.36,8.39,8.39,8592600.0,8.36,47700,8.37,37500,-0.36,8.41,8.32,8592600,71860000.0,0.85,1.07,84.53,85.27,9.23,7.55,0.79
紫光国微,sz002049,71.1,71.36,71.0,15449500.0,71.09,8400,71.1,17600,-0.36,72.35,70.86,15449500,1104140000.0,1.82,2.09,604.0,604.09,78.5,64.22,0.72
铜牛信息,sz300895,65.25,68.63,67.33,19427900.0,65.24,11600,65.25,16100,-4.92,69.0,63.49,19427900,1272460000.0,14.06,8.03,90.16,91.87,82.36,54.9,1.02
畅联股份,sh603648,9.85,9.76,9.79,2525500.0,9.84,14000,9.85,21000,0.92,9.9,9.7,2525500,24720000.0,0.7,2.05,35.7,35.7,10.74,8.78,1.29
湖南海利,sh600731,6.96,7.0,6.95,8439400.0,6.96,108400,6.97,11200,-0.57,7.02,6.85,8439400,58590000.0,1.56,2.43,37.7,38.89,7.7,6.3,0.74
安靠智电,sz300617,60.08,61.79,60.85,6546000.0,60.08,8900,60.1,800,-2.77,62.38,59.4,6546000,396540000.0,4.71,4.82,83.47,99.56,74.15,49.43,0.54
长源东谷,sh603950,61.38,63.81,60.92,10297600.0,61.38,300,61.44,100,-3.81,63.39,59.71,10297600,633230000.0,3.18,5.77,198.63,198.95,70.19,57.43,0.66
瑞迈特,sz301367,70.76,72.27,71.6,1356600.0,70.76,2200,70.88,200,-2.09,73.24,70.28,1356600,96880000.0,1.94,4.1,49.49,63.4,86.72,57.82,1.38
洪都航空,sh600316,38.97,41.29,41.39,15154800.0,38.97,3700,38.98,66000,-5.62,41.95,38.96,15154800,604440000.0,2.11,7.24,279.46,279.46,45.42,37.16,1.22
英派斯,sz002899,33.07,32.99,32.16,2261900.0,33.06,1000,33.1,200,0.24,33.42,32.16,2261900,74670000.0,1.53,3.82,48.88,48.88,36.29,29.69,0.48
顶点软件,sh603383,32.5,33.41,32.8,5464800.0,32.5,21000,32.51,9800,-2.72,32.81,32.2,5464800,177400000.0,2.66,1.83,66.75,66.75,36.75,30.07,0.76
山东出版,sh601019,7.51,7.62,7.6,9958400.0,7.51,139800,7.52,130000,-1.44,7.61,7.5,9958400,75070000.0,0.48,1.44,156.73,156.73,8.38,6.86,0.66
中集车辆,sz301039,9.16,9.29,9.25,10251400.0,9.15,6000,9.16,800,-1.4,9.27,9.0,10251400,93380000.0,0.71,2.91,133.04,171.67,11.15,7.43,1.05
金龙机电,sz300032,5.46,5.59,5.55,32759700.0,5.46,124100,5.47,54600,-2.33,5.6,5.39,32759700,178880000.0,4.08,3.76,43.85,43.85,6.71,4.47,0.95
一汽解放,sz000800,7.04,7.08,7.08,11973900.0,7.03,14200,7.04,33000,-0.56,7.08,6.98,11973900,84090000.0,0.24,1.41,346.43,346.46,7.79,6.37,0.93
理工能科,sz002322,12.77,14.19,13.43,22547900.0,0.0,0,12.77,945700,-10.01,13.54,12.77,22547900,290570000.0,6.42,5.43,44.87,46.68,15.61,12.77,3.28
金埔园林,sz301098,8.9,8.67,8.65,5775500.0,8.9,4000,8.91,700,2.65,8.96,8.59,5775500,50800000.0,3.86,4.27,13.32,16.37,10.4,6.94,1.23
透景生命,sz300642,16.7,16.44,16.4,2144200.0,16.7,11400,16.71,3400,1.58,16.77,16.18,2144200,35450000.0,1.56,3.59,23.0,27.14,19.73,13.15,0.88
华纬科技,sz001380,19.11,19.18,19.02,2032900.0,19.1,5100,19.11,3700,-0.36,19.3,18.91,2032900,38680000.0,2.31,2.03,16.82,51.76,21.1,17.26,1.1
新乳业,sz002946,18.31,18.32,18.24,3300700.0,18.3,11800,18.31,700,-0.05,18.38,18.05,3300700,60190000.0,0.39,1.8,155.76,157.59,20.15,16.49,0.75
三未信安,sh688489,38.55,38.66,38.3,46102800.0,38.45,300,38.55,1700,-0.28,39.0,37.76,46102800,17710000.0,0.4,3.21,44.07,44.41,46.39,30.93,0.96
老百姓,sh603883,14.04,14.33,14.23,12189100.0,14.04,9000,14.05,44300,-2.02,14.25,14.02,12189100,171680000.0,1.61,1.61,106.55,106.55,15.76,12.9,1.2
绿色动力,sh601330,8.6,9.19,8.98,55477900.0,8.6,82400,8.61,180200,-6.42,8.99,8.54,55477900,486220000.0,5.61,4.9,85.06,123.03,10.11,8.27,1.13
天禾股份,sz002999,7.66,6.96,6.93,32218900.0,7.66,4202300,0.0,0,10.06,7.66,6.86,32218900,241060000.0,9.37,11.49,26.33,26.63,7.66,6.26,4.07
ST易购,sz002024,1.31,1.35,1.34,56642900.0,1.31,997900,1.32,1980900,-2.96,1.35,1.29,56642900,74660000.0,0.61,4.44,121.22,121.37,1.42,1.28,1.46
铭科精技,sz001319,23.4,24.96,23.78,5253000.0,23.4,9000,23.41,3200,-6.25,23.98,22.94,5253000,122390000.0,6.41,4.17,19.19,33.09,27.46,22.46,2.74
新天地,sz301277,11.46,11.45,11.35,2092400.0,11.46,11500,11.47,900,0.09,11.52,11.22,2092400,23820000.0,0.53,2.62,44.93,44.93,13.74,9.16,0.98
廊坊发展,sh600149,6.04,6.26,6.23,22237800.0,6.04,18100,6.05,42400,-3.51,6.25,5.97,22237800,135260000.0,5.85,4.47,22.96,22.96,6.89,5.63,0.76
华立科技,sz301011,21.38,21.77,21.72,2221500.0,21.38,300,21.4,500,-1.79,21.72,21.13,2221500,47520000.0,1.52,2.71,31.34,33.0,26.12,17.42,1.02
锦龙股份,sz000712,10.21,10.34,10.3,7422000.0,10.2,58500,10.21,23800,-1.26,10.33,10.14,7422000,75840000.0,0.83,1.84,91.45,91.48,11.37,9.31,0.7
上海三毛,sh600689,13.33,13.25,13.25,1619800.0,13.33,700,13.34,53100,0.6,13.41,13.11,1619800,21490000.0,1.06,2.26,20.29,26.79,14.58,11.93,0.54
开尔新材,sz300234,6.64,6.47,6.45,24305400.0,6.63,67200,6.64,65800,2.63,6.68,6.32,24305400,159370000.0,7.07,5.56,22.84,33.41,7.76,5.18,1.06
华海诚科,sh688535,119.53,121.18,119.0,436876100.0,119.53,900,119.54,400,-1.36,123.5,118.0,436876100,522720000.0,5.41,4.54,96.46,114.77,145.42,96.94,1.53
标榜股份,sz301181,46.19,47.26,47.01,2934500.0,46.19,5500,46.2,5700,-2.26,47.36,45.13,2934500,135320000.0,3.28,4.72,41.27,53.37,56.71,37.81,0.56
建新股份,sz300107,7.26,7.49,7.28,37983100.0,7.26,105500,7.27,12200,-3.07,7.5,7.13,37983100,275350000.0,10.93,4.94,25.22,40.86,8.99,5.99,2.28
江铃汽车,sz000550,18.95,19.21,19.05,3260000.0,18.95,100,18.98,500,-1.35,19.2,18.83,3260000,61890000.0,0.63,1.93,98.25,163.58,21.13,17.29,0.7
绿发电力,sz000537,10.98,11.65,11.65,124018100.0,10.98,50200,10.99,85600,-5.75,11.65,10.92,124018100,1388280000.0,6.03,6.27,225.72,225.72,12.82,10.49,1.66
长飞光纤,sh601869,368.16,385.02,378.39,16406500.0,368.16,46800,368.17,2400,-4.38,385.0,364.35,16406500,6118800000.0,4.04,5.36,1495.98,3048.02,423.52,346.52,0.88
贵州轮胎,sz000589,4.56,4.62,4.61,21383500.0,4.56,85900,4.57,262700,-1.3,4.61,4.53,21383500,97500000.0,1.38,1.73,70.44,70.89,5.08,4.16,1.18
超研股份,sz301602,19.02,18.93,18.93,1764800.0,19.02,48600,19.03,1900,0.48,19.07,18.56,1764800,33210000.0,0.85,2.69,39.66,81.47,22.72,15.14,1.08
富维股份,sh600742,9.38,9.44,9.55,9932700.0,9.37,19200,9.38,6600,-0.64,9.55,9.33,9932700,93170000.0,1.34,2.33,69.7,69.7,10.38,8.5,0.68
新天药业,sz002873,9.43,9.36,9.37,5720400.0,9.42,56100,9.43,13400,0.75,9.46,9.32,5720400,53710000.0,2.39,1.5,22.6,23.02,10.3,8.42,0.68
雅本化学,sz300261,6.04,6.01,6.0,14769800.0,6.04,105900,6.05,35000,0.5,6.07,5.87,14769800,88300000.0,1.58,3.33,56.54,58.18,7.21,4.81,1.19
恒誉环保,sh688309,68.0,65.74,67.57,450674600.0,67.8,700,68.0,27200,3.44,71.0,63.18,450674600,308420000.0,5.68,11.9,53.99,53.99,78.89,52.59,1.08
利欧股份,sz002131,7.37,7.86,7.3,609613600.0,7.37,1064300,7.38,2726900,-6.23,7.45,7.1,609613600,4451720000.0,10.41,4.45,431.5,499.08,8.65,7.07,1.23
卧龙电驱,sh600580,37.7,37.88,37.8,22583000.0,37.7,18100,37.71,23000,-0.48,38.1,37.25,22583000,850870000.0,1.45,2.24,587.23,588.92,41.67,34.09,0.71
联合动力,sz301656,21.69,21.7,21.65,7065400.0,21.69,700,21.7,14300,-0.05,21.76,21.33,7065400,152280000.0,3.47,1.98,44.17,521.6,26.04,17.36,1.07
拓邦股份,sz002139,11.9,12.1,12.02,12772400.0,11.9,131500,11.91,34400,-1.65,12.1,11.87,12772400,152310000.0,1.19,1.9,127.46,148.37,13.31,10.89,0.91
华森制药,sz002907,13.82,13.88,13.8,3039200.0,13.82,400,13.85,1000,-0.43,13.89,13.46,3039200,41620000.0,0.91,3.1,46.41,57.71,15.27,12.49,0.87
安泰科技,sz000969,20.7,21.2,21.1,21033400.0,20.69,72200,20.7,21400,-2.36,21.25,20.6,21033400,438050000.0,2.03,3.07,213.99,217.46,23.32,19.08,0.74
富春染织,sh605189,18.0,17.77,17.88,5540000.0,17.99,5800,18.0,5400,1.29,18.14,17.6,5540000,99270000.0,2.85,3.04,34.93,34.93,19.55,15.99,0.53
千禾味业,sh603027,9.59,9.48,9.4,17363500.0,9.58,35900,9.59,900,1.16,9.73,9.39,17363500,166090000.0,1.39,3.59,119.84,127.85,10.43,8.53,1.33
秋乐种业,bj920087,13.49,14.68,14.63,8302800.0,13.48,12500,13.49,42100,-8.11,14.75,13.48,8302800,116400400.00000001,5.06,8.65,22.13,22.29,19.08,10.28,1.54
申通地铁,sh600834,8.18,8.14,8.15,2650600.0,8.18,3400,8.19,8000,0.49,8.22,8.06,2650600,21600000.0,0.56,1.97,39.05,39.05,8.95,7.33,1.16
达瑞电子,sz300976,61.94,60.04,62.02,3926700.0,61.9,100,61.94,800,3.16,63.6,61.27,3926700,245280000.0,4.54,3.88,53.52,83.06,72.05,48.03,2.57
广汇能源,sh600256,6.0,6.59,6.05,437474000.0,6.0,1390700,6.01,326500,-8.95,6.23,5.94,437474000,2656270000.0,6.84,4.4,383.52,383.52,7.25,5.93,2.39
元道通信,sz301139,17.16,17.26,17.16,4353100.0,17.15,9000,17.16,29400,-0.58,17.27,16.63,4353100,73720000.0,5.72,3.71,13.07,20.86,20.71,13.81,0.91
碧兴物联,sh688671,21.55,21.23,21.23,81022700.0,21.55,700,21.67,19200,1.51,21.69,20.92,81022700,17270000.0,1.73,3.63,10.1,16.92,25.48,16.98,0.79
电科院,sz300215,8.29,8.08,8.11,36556500.0,8.29,1700,8.3,216800,2.6,8.4,8.0,36556500,301310000.0,4.88,4.95,62.1,62.1,9.7,6.46,1.48
益客食品,sz301116,10.86,10.34,11.22,12047300.0,10.86,6300,10.87,42000,5.03,11.47,10.69,12047300,131560000.0,2.68,7.54,48.76,48.76,12.41,8.27,4.33
鸿特科技,sz300176,7.14,7.08,7.07,9776300.0,7.13,6900,7.14,34000,0.85,7.17,6.93,9776300,69100000.0,2.52,3.39,27.65,27.65,8.5,5.66,0.91
国盛证券,sz002670,12.39,12.6,12.57,19272400.0,12.38,98300,12.39,51900,-1.67,12.69,12.33,19272400,239240000.0,1.19,2.86,201.13,239.76,13.86,11.34,0.66
时代出版,sh600551,8.18,8.2,8.16,4612700.0,8.16,1100,8.18,11000,-0.24,8.27,8.08,4612700,37720000.0,0.68,2.32,55.46,55.46,9.02,7.38,1.32
宝光股份,sh600379,12.9,12.22,12.09,31606400.0,12.9,400,12.91,48000,5.56,13.44,12.01,31606400,414120000.0,9.57,11.7,42.6,42.6,13.44,11.0,3.93
智翔金泰-U,sh688443,31.45,31.19,30.94,425481200.0,31.45,4600,31.46,1000,0.83,32.04,30.41,425481200,133350000.0,3.65,5.23,36.7,115.32,37.43,24.95,0.89
空港股份,sh600463,10.33,10.0,9.98,4669800.0,10.32,18700,10.33,12300,3.3,10.41,9.96,4669800,47640000.0,1.56,4.5,30.99,30.99,11.0,9.0,1.82
真视通,sz002771,15.15,16.02,15.82,21177500.0,15.15,30800,15.16,9500,-5.43,15.82,15.03,21177500,323860000.0,12.14,4.93,26.44,31.78,17.62,14.42,0.46
常青股份,sh603768,11.04,10.91,10.8,2477900.0,11.02,1000,11.04,14600,1.19,11.1,10.74,2477900,27130000.0,1.04,3.3,26.27,26.27,12.0,9.82,1.22
众辰科技,sh603275,45.76,46.18,46.17,1272200.0,45.76,6700,45.78,1700,-0.91,46.3,45.33,1272200,58130000.0,3.06,2.1,19.01,68.08,50.8,41.56,0.73
仕净科技,sz301030,11.07,11.38,11.27,7760100.0,11.07,21600,11.08,8000,-2.72,11.36,10.76,7760100,85660000.0,3.84,5.27,22.37,22.4,13.66,9.1,0.63
普门科技,sh688389,12.68,12.57,12.52,263233300.0,12.68,1400,12.69,1400,0.88,12.7,12.5,263233300,33160000.0,0.61,1.59,54.33,54.33,15.08,10.06,0.82
帝奥微,sh688381,29.34,27.4,28.25,2183375800.0,29.33,2000,29.34,2400,7.08,29.85,27.68,2183375800,632980000.0,8.82,7.92,72.62,72.62,32.88,21.92,2.14
澳华内镜,sh688212,37.3,38.3,38.21,295266700.0,37.3,3800,37.37,1100,-2.61,38.27,36.97,295266700,110140000.0,2.19,3.39,50.23,50.23,45.96,30.64,1.16
软通动力,sz301236,44.0,42.55,42.9,40866400.0,44.0,285000,44.01,9900,3.41,44.46,42.04,40866400,1775020000.0,5.2,5.69,345.71,455.48,51.06,34.04,1.53
博雅生物,sz300294,18.55,18.56,18.5,3435600.0,18.53,3800,18.55,18100,-0.05,18.56,18.28,3435600,63360000.0,0.68,1.51,93.54,93.54,22.27,14.85,1.03
绿城水务,sh601368,4.78,4.77,4.75,5327600.0,4.77,77800,4.78,30100,0.21,4.79,4.74,5327600,25380000.0,0.6,1.05,42.21,42.21,5.25,4.29,0.86
正川股份,sh603976,20.99,21.0,20.71,2831800.0,20.99,5600,21.0,23800,-0.05,21.35,20.71,2831800,59460000.0,1.87,3.05,31.74,31.74,23.1,18.9,1.42
广州港,sh601228,3.24,3.26,3.25,24809100.0,3.24,82100,3.25,2928100,-0.61,3.26,3.22,24809100,80340000.0,0.33,1.23,244.44,244.44,3.59,2.93,1.1
泰林生物,sz300813,24.96,24.85,24.7,2356400.0,24.95,15700,24.96,300,0.44,25.39,24.53,2356400,58650000.0,3.1,3.46,18.98,30.25,29.82,19.88,0.59
引力传媒,sh603598,20.65,21.19,20.75,15630900.0,20.65,3200,20.66,6100,-2.55,20.94,20.16,15630900,320500000.0,5.8,3.68,55.63,55.69,23.31,19.07,0.86
ST东尼,sh603595,18.58,17.76,17.63,7409600.0,18.58,59500,18.59,11100,4.62,18.65,17.63,7409600,135310000.0,3.19,5.74,43.19,43.19,18.65,16.87,1.13
中坚科技,sz002779,91.2,92.56,92.7,1366700.0,91.2,2400,91.25,800,-1.47,92.98,90.66,1366700,125000000.0,0.82,2.51,151.22,168.54,101.82,83.3,0.6
金固股份,sz002488,11.43,11.54,11.48,11567100.0,11.42,3300,11.43,900,-0.95,11.59,11.36,11567100,132620000.0,1.26,1.99,105.17,113.78,12.69,10.39,0.45
春光科技,sh603657,25.77,26.02,26.0,1135600.0,25.77,3100,25.81,5300,-0.96,26.03,25.6,1135600,29290000.0,0.84,1.65,34.84,34.84,28.62,23.42,0.77
国邦医药,sh605507,24.0,23.99,23.91,2079700.0,24.0,257200,24.01,1800,0.04,24.14,23.83,2079700,49900000.0,0.37,1.29,134.12,134.12,26.39,21.59,0.53
睿智医药,sz300149,10.57,10.66,10.61,15732200.0,10.57,17200,10.58,55100,-0.84,10.74,10.4,15732200,166410000.0,3.32,3.19,50.16,52.63,12.79,8.53,0.65
方盛制药,sh603998,10.55,10.4,10.36,10315000.0,10.55,31100,10.56,75600,1.44,10.62,10.28,10315000,107930000.0,2.35,3.27,46.32,46.32,11.44,9.36,1.25
东睦股份,sh600114,33.24,32.86,32.79,14589200.0,33.23,11000,33.24,2800,1.16,33.5,32.27,14589200,478980000.0,2.37,3.74,204.89,209.87,36.15,29.57,0.83
凯盛新能,sh600876,9.66,9.78,9.8,3887800.0,9.66,400,9.67,3600,-1.23,9.85,9.62,3887800,37730000.0,0.98,2.35,38.22,62.37,10.76,8.8,0.55
兴福电子,sh688545,51.56,51.5,51.0,599803600.0,51.52,9900,51.56,15100,0.12,53.68,51.0,599803600,313110000.0,3.29,5.2,93.97,185.62,61.8,41.2,1.24
丰茂股份,sz301459,36.49,36.92,36.98,656400.0,36.49,2000,36.51,4700,-1.16,37.0,36.17,656400,23920000.0,2.51,2.25,9.52,37.99,44.3,29.54,0.64
中山公用,sz000685,11.55,11.64,11.61,12717200.0,11.54,69000,11.55,1800,-0.77,11.64,11.44,12717200,146820000.0,1.01,1.72,144.83,170.38,12.8,10.48,1.01
ST宏达,sz002211,3.55,3.72,3.53,19935700.0,3.54,48400,3.55,62000,-4.57,3.56,3.53,19935700,70400000.0,4.61,0.81,15.35,15.35,3.91,3.53,2.33
骏成科技,sz301106,33.32,33.05,31.49,7548100.0,33.31,1000,33.32,6500,0.82,33.99,31.45,7548100,248460000.0,7.39,7.69,34.02,34.02,39.66,26.44,2.3
海能实业,sz300787,10.46,11.9,10.99,19654000.0,10.45,28000,10.46,57900,-12.1,10.99,10.26,19654000,204790000.0,10.0,6.13,20.56,32.79,14.28,9.52,4.51
奥泰生物,sh688606,55.88,56.64,56.96,38508800.0,55.88,300,55.9,3000,-1.34,56.96,55.73,38508800,21620000.0,0.49,2.17,44.3,44.3,67.97,45.31,0.71
中策橡胶,sh603049,48.72,48.73,48.73,1759700.0,48.72,11700,48.73,2400,-0.02,48.99,48.45,1759700,85740000.0,2.01,1.11,42.6,426.05,53.6,43.86,0.59
安培龙,sz301413,100.06,115.71,112.2,7220300.0,100.06,31500,100.07,1500,-13.53,112.5,99.56,7220300,745300000.0,12.29,11.18,58.79,98.46,138.85,92.57,2.17
ST远智,sz002689,3.74,3.67,3.67,9812500.0,3.73,70700,3.74,134300,1.91,3.75,3.63,9812500,36260000.0,0.94,3.27,39.0,39.02,3.85,3.49,0.86
丰倍生物,sh603334,50.11,51.38,51.21,1207900.0,50.11,1200,50.12,1100,-2.47,51.21,49.7,1207900,60580000.0,3.89,2.94,15.56,71.91,56.52,46.24,0.69
丰原药业,sz000153,6.32,6.32,6.28,9692100.0,6.32,104100,6.33,5300,0.0,6.39,6.25,9692100,61300000.0,2.11,2.22,29.0,29.37,6.95,5.69,0.6
深圳华强,sz000062,34.34,31.22,30.81,112134600.0,34.34,959800,0.0,0,9.99,34.34,30.45,112134600,3731480000.0,10.73,12.46,358.82,359.17,34.34,28.1,1.51
永新光学,sh603297,115.14,118.93,115.0,3648800.0,115.13,900,115.14,3200,-3.19,121.43,114.0,3648800,425120000.0,3.3,6.25,127.49,127.73,130.82,107.04,1.97
弘信电子,sz300657,35.87,37.14,36.77,35292800.0,35.86,17500,35.87,13300,-3.42,36.91,35.17,35292800,1263460000.0,7.53,4.68,168.05,172.94,44.57,29.71,0.84
维海德,sz301318,27.0,27.14,27.13,1580000.0,26.97,4300,27.0,10300,-0.52,27.29,26.75,1580000,42690000.0,1.78,1.99,23.97,36.53,32.57,21.71,1.26
三花智控,sz002050,44.94,45.16,44.83,69928700.0,44.93,11900,44.94,133200,-0.49,45.3,44.31,69928700,3132570000.0,1.9,2.19,1655.68,1891.08,49.68,40.64,0.8
*ST佳沃,sz300268,13.93,13.53,13.69,742500.0,13.84,700,13.93,2900,2.96,13.93,13.53,742500,10220000.0,0.56,2.96,18.63,24.27,16.24,10.82,0.68
德固特,sz300950,21.58,21.72,21.6,1691900.0,21.57,500,21.58,3700,-0.64,21.78,21.32,1691900,36410000.0,1.86,2.12,19.63,33.03,26.06,17.38,0.8
国新能源,sh600617,3.32,3.33,3.35,51439600.0,3.31,1043600,3.32,126600,-0.3,3.38,3.26,51439600,170700000.0,2.9,3.6,58.95,64.05,3.66,3.0,1.23
蓝盾光电,sz300862,23.66,23.43,23.26,6148100.0,23.66,51300,23.68,1700,0.98,23.88,23.03,6148100,143980000.0,4.06,3.63,35.84,43.68,28.12,18.74,0.95
梦百合,sh603313,7.71,7.73,7.71,5397400.0,7.71,4700,7.72,18100,-0.26,7.76,7.62,5397400,41500000.0,0.95,1.81,43.99,43.99,8.5,6.96,0.86
城市传媒,sh600229,6.0,5.95,5.98,3797800.0,6.0,2000,6.03,80200,0.84,6.06,5.9,3797800,22690000.0,0.57,2.69,39.64,39.64,6.55,5.36,1.46
富满微,sz300671,47.65,45.81,45.9,20682100.0,47.65,45800,47.66,7000,4.02,47.88,45.86,20682100,972250000.0,9.37,4.41,105.18,105.49,54.97,36.65,1.51
掌趣科技,sz300315,4.7,4.78,4.75,46850500.0,4.69,869300,4.7,134900,-1.67,4.77,4.66,46850500,220400000.0,1.81,2.3,121.4,127.26,5.74,3.82,0.91
浙江力诺,sz300838,16.08,15.78,15.72,2824900.0,16.08,4100,16.09,200,1.9,16.19,15.49,2824900,44850000.0,2.78,4.44,16.36,22.19,18.94,12.62,1.1
中视传媒,sh600088,14.1,14.16,14.06,2145000.0,14.09,1600,14.1,27400,-0.42,14.2,13.86,2145000,30050000.0,0.54,2.4,56.08,56.08,15.58,12.74,0.68
回盛生物,sz300871,26.7,26.99,26.87,6496200.0,26.69,26100,26.7,42400,-1.07,27.07,26.32,6496200,173500000.0,3.22,2.78,53.88,53.88,32.39,21.59,0.57
中国科传,sh601858,23.15,23.84,23.58,11345700.0,23.15,1400,23.16,15600,-2.89,23.83,22.93,11345700,263690000.0,1.44,3.78,183.0,183.0,26.22,21.46,0.87
洪兴股份,sz001209,20.77,20.55,20.52,2576100.0,20.75,6400,20.77,14600,1.07,20.8,20.25,2576100,53140000.0,2.68,2.68,19.96,27.32,22.61,18.5,1.33
海兰信,sz300065,25.29,25.7,25.6,74681100.0,25.29,3700,25.3,106200,-1.6,25.82,24.27,74681100,1871470000.0,11.37,6.03,166.07,182.48,30.84,20.56,0.81
西高院,sh688334,21.09,21.47,21.47,219322000.0,21.09,1100,21.1,9000,-1.77,21.47,21.0,219322000,46400000.0,1.4,2.19,33.09,66.77,25.76,17.18,0.8
万马股份,sz002276,13.79,13.93,13.94,24830600.0,13.79,13500,13.8,55000,-1.01,13.97,13.62,24830600,341800000.0,2.47,2.51,138.88,139.43,15.32,12.54,0.9
开开实业,sh600272,12.15,12.15,12.18,1557700.0,12.14,12800,12.15,300,0.0,12.19,12.03,1557700,18850000.0,0.97,1.32,19.44,31.91,13.37,10.94,0.72
王力安防,sh605268,13.72,13.06,12.75,28807900.0,13.72,44700,13.73,6300,5.05,13.72,12.65,28807900,383300000.0,6.54,8.19,60.44,61.23,14.37,11.75,2.87
尖峰集团,sh600668,10.78,11.23,11.17,18087500.0,10.78,7100,10.79,25300,-4.01,11.24,10.5,18087500,196310000.0,4.38,6.59,44.51,44.51,12.35,10.11,1.24
光线传媒,sz300251,15.01,15.35,15.3,65802300.0,15.01,265600,15.02,71600,-2.21,15.3,14.87,65802300,987050000.0,2.37,2.8,416.58,440.33,18.42,12.28,0.59
亚虹医药-U,sh688176,12.92,13.06,13.08,655347300.0,12.91,11000,12.92,18500,-1.07,13.13,12.81,655347300,85000000.0,1.5,2.45,56.29,73.8,15.67,10.45,0.56
壹连科技,sz301631,110.0,108.92,108.71,2724600.0,110.0,1600,110.01,100,0.99,111.25,107.5,2724600,298520000.0,8.87,3.44,33.78,100.56,130.7,87.14,0.65
*ST华微,sh600360,10.0,9.84,9.87,22281100.0,9.99,65700,10.0,12600,1.63,10.04,9.84,22281100,221760000.0,2.32,2.03,96.03,96.03,10.33,9.35,0.67
珠城科技,sz301280,60.68,61.4,61.6,1549000.0,60.63,300,60.68,17400,-1.17,61.6,60.17,1549000,94140000.0,3.86,2.33,24.35,83.0,73.68,49.12,0.79
明阳科技,bj920663,15.98,15.68,15.69,1131800.0,15.96,500,15.98,1200,1.91,16.19,15.69,1131800,18071100.0,1.77,3.19,10.24,21.34,20.38,10.98,0.84
爱玛科技,sh603529,25.15,25.96,24.71,21524400.0,25.15,62700,25.16,14100,-3.12,25.44,24.55,21524400,536870000.0,2.54,3.43,213.16,218.28,28.56,23.36,2.13
新华百货,sh600785,16.71,17.22,17.05,5526800.0,16.71,145200,16.73,9000,-2.96,17.3,16.63,5526800,93000000.0,2.45,3.89,37.7,37.7,18.94,15.5,0.81
金百泽,sz301041,28.88,29.11,29.12,4092000.0,28.87,1200,28.88,1000,-0.79,29.36,28.45,4092000,117900000.0,5.18,3.13,22.81,30.81,34.93,23.29,0.7
登海种业,sz002041,9.86,10.09,10.0,12826300.0,9.86,113800,9.87,23300,-2.28,10.07,9.84,12826300,127290000.0,1.46,2.28,86.77,86.77,11.1,9.08,1.11
京华激光,sh603607,23.25,23.49,23.49,2743100.0,23.25,5600,23.26,10600,-1.02,23.5,23.03,2743100,63640000.0,1.54,2.0,41.51,41.51,25.84,21.14,0.58
东南电子,sz301359,21.11,21.59,21.01,2343600.0,21.1,700,21.18,1100,-2.22,21.48,20.24,2343600,48710000.0,3.29,5.74,15.02,25.37,25.91,17.27,1.43
锦波生物,bj920982,193.89,195.25,194.8,1675300.0,193.88,100,193.89,1000,-0.7,204.3,191.25,1675300,331068500.0,3.05,6.68,106.46,223.1,253.82,136.68,1.33
誉衡药业,sz002437,3.7,3.65,3.61,123125900.0,3.69,304900,3.7,1337100,1.37,3.8,3.53,123125900,453700000.0,5.9,7.4,77.18,82.51,4.02,3.29,0.92
春秋电子,sh603890,18.94,19.76,19.43,43808800.0,18.94,22000,18.95,2300,-4.15,19.68,18.88,43808800,839110000.0,9.8,4.05,84.63,84.63,21.74,17.78,0.7
康冠科技,sz001308,19.99,20.14,20.13,1408600.0,19.99,900,20.0,400,-0.74,20.23,19.9,1408600,28170000.0,0.29,1.64,97.4,140.75,22.15,18.13,0.66
国能日新,sz301162,71.79,71.19,71.38,2949600.0,71.79,11700,71.8,500,0.84,74.0,70.67,2949600,214480000.0,3.46,4.68,61.18,95.18,85.43,56.95,1.42
保利发展,sh600048,5.74,5.87,5.84,101028500.0,5.73,1057300,5.74,459700,-2.21,5.86,5.69,101028500,581040000.0,0.84,2.9,687.1,687.1,6.46,5.28,1.11
南兴股份,sz002757,22.51,22.38,22.4,24465700.0,22.5,23600,22.51,61500,0.58,22.73,21.47,24465700,543760000.0,8.67,5.63,63.49,66.51,24.62,20.14,1.05
德尔玛,sz301332,9.29,9.27,9.28,2438500.0,9.29,3500,9.3,7500,0.22,9.33,9.15,2438500,22510000.0,0.92,1.94,24.61,42.88,11.12,7.42,1.4
盛通股份,sz002599,6.93,6.89,6.85,8466300.0,6.93,35000,6.94,60500,0.58,6.97,6.75,8466300,58030000.0,2.13,3.19,27.58,36.91,7.58,6.2,0.93
赛意信息,sz300687,23.95,23.24,23.0,22279900.0,23.94,11100,23.95,59800,3.06,24.65,22.97,22279900,535740000.0,6.77,7.23,78.82,97.81,27.89,18.59,1.41
ST雪浪,sz300385,14.21,15.0,14.6,18110700.0,14.21,3200,14.22,3200,-5.27,14.8,14.03,18110700,260140000.0,6.23,5.13,41.3,47.34,18.0,12.0,0.65
能之光,bj920056,22.02,22.16,22.15,654400.0,22.02,5200,22.04,900,-0.63,22.5,21.83,654400,14427600.0,2.12,3.02,6.79,17.99,28.8,15.52,0.56
浙数文化,sh600633,15.09,13.72,13.6,150470100.0,15.09,642200,0.0,0,9.99,15.09,13.45,150470100,2200320000.0,11.87,11.95,191.35,191.35,15.09,12.35,4.44
英可瑞,sz300713,16.69,16.83,16.68,2913100.0,16.68,400,16.69,2400,-0.83,16.87,16.3,2913100,48180000.0,3.27,3.39,14.87,26.49,20.2,13.46,0.91
帝尔激光,sz300776,110.08,114.52,112.46,12999800.0,110.08,1500,110.19,2000,-3.88,113.76,107.02,12999800,1430480000.0,7.73,5.89,185.03,301.63,137.42,91.62,0.6
天孚通信,sz300394,323.87,350.09,342.32,55141100.0,323.8,1600,323.87,0,-7.49,346.07,316.3,55141100,18056050000.0,7.09,8.5,2518.4,2523.47,420.11,280.07,1.11
荣晟环保,sh603165,16.71,17.19,17.03,10464200.0,16.71,14100,16.72,13200,-2.79,17.2,16.62,10464200,176420000.0,3.27,3.37,53.55,53.55,18.91,15.47,0.72
中金公司,sh601995,33.74,34.17,33.98,13074200.0,33.73,6400,33.74,56700,-1.26,34.09,33.63,13074200,442000000.0,0.45,1.35,986.4,1628.72,37.59,30.75,0.91
科陆电子,sz002121,7.51,7.51,7.47,20262800.0,7.5,22100,7.51,133100,0.0,7.54,7.35,20262800,150930000.0,1.45,2.53,105.13,124.73,8.26,6.76,0.71
盈趣科技,sz002925,19.32,19.54,19.43,7447600.0,19.31,45300,19.32,8900,-1.13,19.57,19.0,7447600,143180000.0,1.02,2.92,141.24,149.09,21.49,17.59,0.72
湘佳股份,sz002982,14.01,14.36,14.3,11759700.0,14.01,41100,14.02,2000,-2.44,14.54,13.91,11759700,166500000.0,9.04,4.39,18.23,28.47,15.8,12.92,0.93
美锦能源,sz000723,4.4,4.51,4.5,62970700.0,4.4,1530100,4.41,577300,-2.44,4.5,4.4,62970700,279600000.0,1.43,2.22,193.38,193.75,4.96,4.06,1.15
三友联众,sz300932,14.03,13.73,13.7,10880300.0,14.03,9600,14.04,10900,2.18,14.28,13.7,10880300,153000000.0,4.77,4.22,31.99,44.91,16.48,10.98,0.99
奥普特,sh688686,104.05,105.0,104.55,185527500.0,104.05,1000,104.09,200,-0.9,107.0,103.4,185527500,194350000.0,1.52,3.43,127.19,127.19,126.0,84.0,0.92
深深房Ａ,sz000029,20.17,20.33,20.32,3282100.0,20.16,1400,20.17,500,-0.79,20.49,20.02,3282100,66380000.0,0.37,2.31,179.85,204.05,22.36,18.3,0.86
山大电力,sz301609,45.74,46.21,45.82,1739600.0,45.73,200,45.74,3300,-1.02,46.66,45.3,1739600,79720000.0,4.75,2.94,16.76,74.5,55.45,36.97,0.68
天海防务,sz300008,7.9,8.13,8.05,86497000.0,7.9,20900,7.91,191500,-2.83,8.12,7.85,86497000,685240000.0,5.25,3.32,130.14,136.51,9.76,6.5,0.81
星昊医药,bj920017,17.21,17.37,17.24,620400.0,17.16,900,17.21,39900,-0.92,17.31,17.02,620400,10644500.0,0.5,1.67,21.26,21.48,22.58,12.16,0.34
三星电气,sh601567,24.77,25.52,25.36,22259200.0,24.77,16000,24.78,9200,-2.94,25.82,24.55,22259200,553940000.0,1.58,4.98,348.07,348.07,28.07,22.97,1.14
九典制药,sz300705,13.6,13.65,13.62,4046400.0,13.59,55200,13.6,13100,-0.37,13.65,13.37,4046400,54760000.0,1.1,2.05,50.17,68.04,16.38,10.92,0.98
九菱科技,bj920505,38.91,39.8,39.48,610500.0,38.9,9100,38.91,3100,-2.24,40.07,38.87,610500,23965600.0,1.7,3.02,14.01,25.21,51.74,27.86,0.38
润都股份,sz002923,12.19,12.32,12.24,6446500.0,12.19,37000,12.22,12900,-1.06,12.4,12.11,6446500,78840000.0,2.5,2.35,31.46,40.82,13.55,11.09,0.74
江苏神通,sz002438,16.51,16.93,16.88,10073100.0,16.51,3900,16.52,15800,-2.48,17.09,16.31,10073100,167370000.0,2.15,4.61,77.41,83.79,18.62,15.24,1.15
埃斯顿,sz002747,20.62,20.87,20.76,9030400.0,20.61,4700,20.62,25100,-1.2,20.95,20.43,9030400,186250000.0,1.15,2.49,161.33,199.56,22.96,18.78,0.79
天娱数科,sz002354,5.56,5.62,5.58,42885300.0,5.56,69900,5.57,102000,-1.07,5.61,5.46,42885300,237140000.0,2.64,2.67,90.39,91.99,6.18,5.06,0.86
捷强装备,sz300875,38.3,39.61,39.66,3809300.0,38.3,200,38.31,1000,-3.31,39.81,38.1,3809300,147020000.0,4.34,4.32,33.62,38.24,47.53,31.69,0.84
赛升药业,sz300485,11.37,11.51,11.56,6331100.0,11.36,38000,11.37,1800,-1.22,11.56,11.22,6331100,72050000.0,2.31,2.95,31.13,54.77,13.81,9.21,0.59
兴森科技,sz002436,28.52,28.4,28.4,156347900.0,28.51,56200,28.52,30200,0.42,29.25,26.98,156347900,4404390000.0,10.35,7.99,430.79,484.75,31.24,25.56,1.09
宝馨科技,sz002514,4.14,4.13,4.1,11839500.0,4.14,19600,4.15,252100,0.24,4.17,4.06,11839500,48620000.0,2.14,2.66,22.94,29.81,4.54,3.72,0.85
广弘控股,sz000529,5.57,5.53,5.51,4879200.0,5.57,58900,5.58,3700,0.72,5.6,5.48,4879200,27060000.0,0.86,2.17,31.74,32.52,6.08,4.98,0.84
振邦智能,sz003028,28.4,28.22,28.12,1132800.0,28.39,100,28.4,3700,0.64,28.52,27.86,1132800,31960000.0,1.61,2.34,20.03,41.1,31.04,25.4,0.79
华兰生物,sz002007,14.61,14.73,14.73,7180600.0,14.61,34600,14.62,13400,-0.81,14.78,14.54,7180600,104930000.0,0.46,1.63,229.85,266.99,16.2,13.26,1.1
常润股份,sh603201,16.09,15.77,15.72,1921000.0,16.09,2000,16.11,400,2.03,16.21,15.72,1921000,30730000.0,1.02,3.11,30.31,30.57,17.35,14.19,1.2
广东鸿图,sz002101,10.0,10.13,10.08,7686600.0,10.0,6700,10.01,22000,-1.28,10.13,9.94,7686600,76900000.0,1.16,1.88,66.22,66.28,11.14,9.12,1.1
江苏金租,sh600901,6.85,7.18,7.07,74815700.0,6.84,241300,6.85,19800,-4.6,7.09,6.57,74815700,509050000.0,1.29,7.24,396.65,396.74,7.9,6.46,2.27
东方生物,sh688298,22.01,22.11,22.09,101260700.0,21.95,3800,22.01,2500,-0.45,22.15,21.82,101260700,22250000.0,0.5,1.49,44.37,44.37,26.53,17.69,1.0
*ST特迅,sz002227,7.95,7.81,7.81,12094000.0,7.95,5300,7.96,39300,1.79,8.13,7.77,12094000,96010000.0,4.92,4.61,19.55,19.7,8.2,7.42,0.68
大千生态,sh603955,25.53,25.78,25.71,1480200.0,25.53,12600,25.55,1000,-0.97,25.88,25.35,1480200,37910000.0,1.09,2.06,34.65,34.65,28.36,23.2,1.06
慧博云通,sz301316,48.23,48.58,48.22,10764400.0,48.23,200,48.26,200,-0.72,49.49,47.33,10764400,520870000.0,2.69,4.45,192.92,194.85,58.3,38.86,0.87
通达动力,sz002576,18.3,18.67,18.59,5379800.0,18.3,21300,18.31,400,-1.98,18.59,17.98,5379800,97960000.0,3.32,3.27,29.65,30.21,20.54,16.8,1.13
渝三峡Ａ,sz000565,7.29,7.17,7.14,7108500.0,7.28,37600,7.29,54000,1.67,7.33,7.11,7108500,51360000.0,1.64,3.07,31.61,31.61,7.89,6.45,1.2
远光软件,sz002063,6.38,6.45,6.46,38760200.0,6.38,317000,6.39,42700,-1.09,6.51,6.33,38760200,247620000.0,2.2,2.79,112.53,121.86,7.1,5.81,0.96
凯伦股份,sz300715,13.36,13.1,13.03,9378900.0,13.36,5600,13.39,1000,1.98,13.89,12.93,9378900,125920000.0,3.0,7.33,41.81,50.51,15.72,10.48,1.68
密尔克卫,sh603713,56.3,58.79,58.51,2466200.0,56.3,2000,56.31,800,-4.24,58.96,56.01,2466200,140450000.0,1.56,5.02,89.03,89.03,64.67,52.91,2.31
三木集团,sz000632,4.61,4.6,4.58,20902800.0,4.61,80500,4.62,46200,0.22,4.66,4.48,20902800,95680000.0,4.49,3.91,21.46,21.46,5.06,4.14,0.92
寿仙谷,sh603896,18.1,18.13,18.05,1182600.0,18.1,2300,18.11,400,-0.17,18.12,17.92,1182600,21320000.0,0.6,1.1,35.88,35.88,19.94,16.32,0.91
阳普医疗,sz300030,7.98,8.13,8.09,23046000.0,7.98,3600,7.99,69700,-1.85,8.31,7.88,23046000,185350000.0,8.47,5.29,21.72,24.67,9.76,6.5,1.44
舒华体育,sh605299,20.93,19.82,19.74,59411900.0,20.92,12000,20.93,7800,5.6,21.8,19.61,59411900,1254510000.0,14.52,11.05,85.65,85.65,21.8,17.84,1.5
酒鬼酒,sz000799,42.9,44.25,43.36,8506900.0,42.89,4300,42.9,3500,-3.05,43.79,42.63,8506900,366460000.0,2.62,2.62,139.38,139.39,48.68,39.83,1.39
并行科技,bj920493,165.15,166.62,165.0,3786200.0,165.1,100,165.15,10200,-0.88,178.0,162.05,3786200,643088400.0,8.64,9.57,72.33,98.61,216.6,116.64,0.98
康惠股份,sh603139,34.4,35.3,35.53,5375100.0,34.31,2400,34.4,5000,-2.55,35.6,34.0,5375100,187420000.0,5.38,4.53,34.36,34.36,38.83,31.77,0.71
亚通股份,sh600692,7.4,7.33,7.27,6470500.0,7.39,11400,7.4,16500,0.95,7.43,7.23,6470500,47480000.0,2.54,2.73,18.87,26.03,8.06,6.6,0.77
*ST明德,sz002932,16.74,16.95,16.92,5102900.0,16.74,5200,16.76,9500,-1.24,17.13,16.64,5102900,85900000.0,3.27,2.89,26.13,38.92,17.8,16.1,0.73
国旅联合,sh600358,6.03,5.97,5.96,5949600.0,6.03,3700,6.04,230100,1.01,6.09,5.93,5949600,35810000.0,1.18,2.68,30.45,30.45,6.57,5.37,0.37
誉辰智能,sh688638,42.25,42.22,42.02,123925200.0,42.24,500,42.25,900,0.07,42.57,40.95,123925200,51510000.0,4.68,3.84,11.18,23.66,50.66,33.78,1.04
长信科技,sz300088,7.05,7.13,7.04,165754800.0,7.05,189400,7.06,192900,-1.12,7.12,6.85,165754800,1154760000.0,6.67,3.79,175.23,176.09,8.56,5.7,0.55
研奥股份,sz300923,27.77,27.41,27.38,933100.0,27.77,2300,27.78,400,1.31,27.97,26.61,933100,25640000.0,1.22,4.96,21.24,21.83,32.89,21.93,0.88
华阳变速,bj920146,6.88,6.99,6.98,1653500.0,6.88,27500,6.9,100,-1.57,7.0,6.85,1653500,11444600.0,1.54,2.15,7.37,9.29,9.08,4.9,0.5
ST人福,sh600079,18.6,18.51,18.49,7824000.0,18.6,95800,18.61,79100,0.49,18.64,18.43,7824000,145040000.0,0.51,1.13,287.03,303.59,19.44,17.58,0.89
金牛化工,sh600722,13.99,13.7,13.56,129251700.0,13.99,24300,14.0,225100,2.12,14.46,13.41,129251700,1817110000.0,19.0,7.66,95.18,95.18,15.07,12.33,2.43
裕兴股份,sz300305,6.32,6.17,6.14,9276200.0,6.31,66500,6.32,10200,2.43,6.36,6.1,9276200,57950000.0,2.89,4.21,20.32,23.73,7.4,4.94,1.2
二六三,sz002467,6.9,7.14,7.08,111307700.0,6.9,1251900,6.91,353400,-3.36,7.12,6.81,111307700,768200000.0,8.14,4.34,94.31,94.9,7.85,6.43,0.69
江南化工,sz002226,5.51,5.51,5.41,16362700.0,5.5,134600,5.51,220400,0.0,5.54,5.39,16362700,89380000.0,0.62,2.72,145.96,145.96,6.06,4.96,1.03
因赛集团,sz300781,34.5,35.31,35.14,4163100.0,34.49,1300,34.5,3600,-2.29,35.29,33.97,4163100,143610000.0,3.44,3.74,41.8,56.64,42.37,28.25,0.94
金明精机,sz300281,6.87,6.82,6.79,5161600.0,6.86,21600,6.87,97400,0.73,6.91,6.68,5161600,35050000.0,1.3,3.37,27.3,28.78,8.18,5.46,1.08
华电辽能,sh600396,9.2,9.83,9.65,435597000.0,9.2,993200,9.21,773200,-6.41,10.8,9.11,435597000,4377290000.0,29.58,17.19,135.49,135.49,10.81,8.85,1.49
海伦哲,sz300201,11.63,11.61,11.56,31096500.0,11.62,377500,11.63,37800,0.17,11.84,11.32,31096500,361170000.0,3.1,4.48,116.72,117.35,13.93,9.29,0.77
星辉娱乐,sz300043,5.99,5.94,5.84,62226400.0,5.98,342500,5.99,488700,0.84,6.01,5.74,62226400,367400000.0,5.0,4.55,74.49,74.53,7.13,4.75,1.36
恩威医药,sz301331,26.68,26.24,26.02,1076900.0,26.67,1100,26.68,3100,1.68,26.74,26.02,1076900,28410000.0,1.05,2.74,27.4,27.45,31.49,20.99,1.23
雷特科技,bj920110,34.42,34.94,34.7,122100.0,34.42,400,34.78,300,-1.49,35.08,34.32,122100,4231900.0,0.75,2.18,5.59,13.42,45.42,24.46,0.73
三全食品,sz002216,13.62,13.46,13.37,9111400.0,13.61,72100,13.62,18500,1.19,13.68,13.23,9111400,122930000.0,1.45,3.34,85.87,119.74,14.81,12.11,1.3
夏厦精密,sz001306,68.02,67.41,67.41,688500.0,68.02,400,68.03,900,0.9,68.69,67.0,688500,46780000.0,4.44,2.51,10.54,42.75,74.15,60.67,0.66
宁波精达,sh603088,13.37,13.56,13.47,17345900.0,13.37,900,13.38,20300,-1.4,13.58,13.02,17345900,230890000.0,3.96,4.13,58.54,67.17,14.92,12.2,0.59
中国国航,sh601111,6.77,6.85,6.77,67477900.0,6.77,278700,6.78,345200,-1.17,6.83,6.74,67477900,457080000.0,0.58,1.31,787.9,1181.26,7.54,6.17,0.73
江苏博云,sz301003,72.3,64.71,64.69,12208700.0,72.24,100,72.3,32300,11.73,72.48,63.61,12208700,825340000.0,16.25,13.71,54.33,70.23,77.65,51.77,2.27
气派科技,sh688216,28.35,28.26,28.03,299296000.0,28.33,6600,28.35,9800,0.32,28.84,27.83,299296000,85240000.0,2.81,3.57,30.17,32.54,33.91,22.61,1.67
云赛智联,sh600602,22.22,22.82,22.52,61417100.0,22.21,63100,22.22,52900,-2.63,22.67,21.86,61417100,1363930000.0,5.72,3.55,238.71,303.9,25.1,20.54,0.81
茂化实华,sz000637,4.43,4.43,4.42,7403600.0,4.43,15800,4.44,21200,0.0,4.48,4.34,7403600,32620000.0,2.03,3.16,16.15,23.03,4.87,3.99,1.07
游族网络,sz002174,9.15,9.47,9.4,23279300.0,9.15,194000,9.16,4300,-3.38,9.47,9.07,23279300,213670000.0,2.38,4.22,89.6,89.65,10.42,8.52,1.38
英思特,sz301622,55.12,56.54,56.21,2368000.0,55.11,4700,55.12,400,-2.51,56.25,54.5,2368000,130610000.0,3.66,3.1,35.64,63.9,67.85,45.23,1.02
唐人神,sz002567,4.08,4.15,4.13,20579900.0,4.08,167500,4.09,388400,-1.69,4.14,4.06,20579900,84190000.0,1.44,1.93,58.4,58.47,4.57,3.74,0.85
我爱我家,sz000560,2.88,2.9,2.89,48860900.0,2.88,614000,2.89,1477300,-0.69,2.9,2.86,48860900,140610000.0,2.09,1.38,67.35,67.84,3.19,2.61,0.53
冠中生态,sz300948,19.45,19.25,19.25,3409300.0,19.45,33900,19.47,200,1.04,19.6,18.93,3409300,65490000.0,2.25,3.48,29.48,31.27,23.1,15.4,0.83
开润股份,sz300577,18.7,18.71,18.72,1245900.0,18.7,1500,18.75,900,-0.05,18.86,18.47,1245900,23300000.0,0.88,2.08,26.58,44.85,22.45,14.97,1.19
神开股份,sz002278,11.87,12.39,12.27,34611200.0,11.86,186300,11.87,23100,-4.2,12.28,11.69,34611200,412200000.0,10.4,4.76,39.5,46.13,13.63,11.15,1.61
北巴传媒,sh600386,4.07,4.01,4.0,9244600.0,4.06,1000,4.07,149900,1.5,4.08,3.97,9244600,37290000.0,1.15,2.74,32.82,32.82,4.41,3.61,0.98
曼卡龙,sz300945,15.24,15.39,15.28,5084500.0,15.24,400,15.26,14500,-0.97,15.39,15.06,5084500,77320000.0,2.13,2.14,36.33,39.94,18.47,12.31,0.83
洲际油气,sh600759,5.17,5.28,5.27,409302200.0,5.16,1694400,5.17,477900,-2.08,5.42,5.1,409302200,2141260000.0,9.88,6.06,214.23,214.5,5.81,4.75,1.42
恒锋信息,sz300605,13.85,13.84,13.78,4204300.0,13.85,12200,13.86,6600,0.07,13.99,13.5,4204300,57780000.0,3.33,3.54,17.5,22.87,16.61,11.07,1.02
润丰股份,sz301035,79.0,78.4,78.61,870200.0,78.89,1700,79.0,1800,0.77,79.97,77.81,870200,68700000.0,0.31,2.76,221.47,221.81,94.08,62.72,0.86
国创高新,sz002377,3.26,3.21,3.38,105217400.0,3.25,157000,3.26,89700,1.56,3.53,3.22,105217400,353370000.0,12.06,9.66,28.44,29.87,3.53,2.89,2.89
南山智尚,sz300918,14.55,14.49,14.55,6384100.0,14.54,500,14.55,3400,0.41,14.87,14.38,6384100,93270000.0,1.26,3.38,73.64,73.64,17.39,11.59,0.51
扬州金泉,sh603307,39.13,38.76,38.7,422900.0,39.13,2500,39.14,2100,0.95,39.36,38.19,422900,16420000.0,0.63,3.02,26.22,26.64,42.64,34.88,1.3
华发股份,sh600325,3.48,3.52,3.52,30006200.0,3.47,396000,3.48,600,-1.14,3.52,3.46,30006200,104750000.0,1.09,1.7,95.77,95.77,3.87,3.17,0.98
达嘉维康,sz301126,11.22,11.13,11.08,3334700.0,11.22,300,11.23,6000,0.81,11.28,10.89,3334700,37070000.0,2.42,3.5,15.47,23.05,13.36,8.9,1.23
双枪科技,sz001211,34.55,31.41,30.85,5933400.0,34.55,1821800,0.0,0,10.0,34.55,30.25,5933400,193620000.0,8.86,13.69,23.15,24.88,34.55,28.27,1.34
东风股份,sh600006,6.4,6.29,6.3,20289000.0,6.39,54900,6.4,181100,1.75,6.47,6.25,20289000,129470000.0,1.01,3.5,128.0,128.0,6.92,5.66,1.63
镇洋发展,sh603213,13.37,13.41,13.41,1321900.0,13.37,12800,13.38,10600,-0.3,13.48,13.35,1321900,17720000.0,0.3,0.97,59.09,59.09,14.75,12.07,0.99
大连热电,sh600719,7.38,7.36,7.36,22927900.0,7.37,19400,7.38,21600,0.27,7.69,7.24,22927900,170710000.0,5.67,6.11,29.86,29.86,8.1,6.62,0.89
光大嘉宝,sh600622,2.53,2.53,2.51,12342600.0,2.53,239900,2.54,786600,0.0,2.54,2.49,12342600,31020000.0,0.82,1.98,37.94,37.94,2.78,2.28,0.81
三元股份,sh600429,6.01,5.65,5.57,45264600.0,6.01,62200,6.02,173000,6.37,6.22,5.57,45264600,276090000.0,3.02,11.5,90.0,90.28,6.22,5.09,3.44
科翔股份,sz300903,40.29,42.64,42.4,32514600.0,40.29,11300,40.3,15100,-5.51,43.0,39.3,32514600,1315220000.0,9.9,8.68,132.31,175.42,51.17,34.11,0.92
科汇股份,sh688681,18.99,18.71,18.65,232864800.0,18.97,3200,18.99,4300,1.5,19.07,18.41,232864800,43710000.0,2.22,3.53,19.88,19.88,22.45,14.97,1.12
南山控股,sz002314,2.44,2.46,2.45,28486100.0,2.44,292000,2.45,859800,-0.81,2.47,2.42,28486100,69540000.0,2.13,2.03,32.65,66.07,2.71,2.21,0.42
东港股份,sz002117,10.08,10.25,10.26,7193900.0,10.08,3000,10.09,9700,-1.66,10.27,9.99,7193900,72510000.0,1.37,2.73,52.77,52.79,11.28,9.23,0.94
中航西飞,sz000768,23.78,24.28,24.16,29906100.0,23.78,280100,23.79,19500,-2.06,24.2,23.77,29906100,713720000.0,1.08,1.77,660.23,661.23,26.71,21.85,1.04
中国软件,sh600536,37.17,37.55,37.38,14411500.0,37.17,32700,37.18,6400,-1.01,37.66,36.7,14411500,535670000.0,1.71,2.56,313.59,347.09,41.31,33.8,1.32
山东药玻,sh600529,19.1,19.11,19.1,5084500.0,19.1,134900,19.11,9700,-0.05,19.24,18.99,5084500,97240000.0,0.77,1.31,126.75,126.75,21.02,17.2,0.84
川宁生物,sz301301,9.92,9.86,9.9,9104400.0,9.92,24600,9.93,34100,0.61,9.95,9.78,9104400,89940000.0,1.47,1.72,61.28,221.22,11.83,7.89,0.74
*ST清研,sz301288,17.99,18.31,18.26,757400.0,17.99,4900,18.09,3000,-1.75,18.26,17.6,757400,13520000.0,0.97,3.6,14.05,19.43,21.97,14.65,1.18
昊创瑞通,sz301668,48.77,49.54,49.15,1397200.0,48.76,1200,48.77,700,-1.55,49.5,48.14,1397200,67940000.0,5.74,2.75,11.87,53.65,59.45,39.63,0.96
长龄液压,sh605389,90.65,85.84,87.56,2763900.0,90.65,900,90.66,500,5.6,90.99,86.2,2763900,246630000.0,2.03,5.58,123.53,130.61,94.42,77.26,1.58
中新集团,sh601512,10.23,11.35,10.8,57013000.0,10.23,262000,10.24,46500,-9.87,11.18,10.22,57013000,602300000.0,3.8,8.46,153.34,153.34,12.49,10.22,2.98
新农开发,sh600359,7.03,7.08,7.05,6686000.0,7.03,34300,7.04,56900,-0.71,7.14,6.94,6686000,47010000.0,1.75,2.82,26.82,26.82,7.79,6.37,0.87
郑州煤电,sh600121,4.17,4.18,4.17,51479600.0,4.16,202700,4.17,54900,-0.24,4.28,4.12,51479600,215790000.0,4.23,3.83,50.81,50.81,4.6,3.76,1.41
南都物业,sh603506,12.34,12.16,12.18,2640400.0,12.33,5900,12.34,3200,1.48,12.39,12.01,2640400,32280000.0,1.41,3.13,23.17,23.17,13.38,10.94,0.97
建元信托,sh600816,2.65,2.63,2.62,85645800.0,2.65,652000,2.66,1661900,0.76,2.7,2.58,85645800,226130000.0,1.57,4.56,144.93,260.88,2.89,2.37,1.08
杭氧股份,sz002430,31.67,30.5,30.71,42648300.0,31.67,44400,31.68,20800,3.84,33.0,30.26,42648300,1358680000.0,4.36,8.98,309.71,309.85,33.55,27.45,1.7
卧龙新能,sh600173,7.43,7.5,7.4,15703900.0,7.43,42300,7.44,81000,-0.93,7.49,7.26,15703900,115600000.0,2.24,3.07,52.04,52.05,8.25,6.75,0.37
丝路视觉,sz300556,17.96,17.64,17.55,4292900.0,17.96,32500,17.97,1000,1.81,18.1,17.49,4292900,76580000.0,3.96,3.46,19.49,21.83,21.17,14.11,1.23
普元信息,sh688118,28.62,28.44,28.13,259079000.0,28.57,2000,28.62,9000,0.63,28.93,27.67,259079000,73300000.0,2.78,4.43,26.71,26.71,34.13,22.75,0.94
朝阳科技,sz002981,24.26,24.0,23.99,1571300.0,24.26,500,24.29,6300,1.08,24.4,23.51,1571300,37640000.0,1.32,3.71,28.97,33.35,26.4,21.6,0.97
巍华新材,sh603310,16.34,16.14,16.18,1780500.0,16.34,1400,16.35,13900,1.24,16.36,16.1,1780500,28930000.0,0.92,1.61,31.7,56.43,17.75,14.53,1.43
蒙娜丽莎,sz002918,11.36,11.43,11.46,3874100.0,11.36,1700,11.37,600,-0.61,11.48,11.23,3874100,44040000.0,1.81,2.19,24.33,46.44,12.57,10.29,0.75
欧康医药,bj920230,11.5,11.88,12.0,2961400.0,11.5,16400,11.51,3000,-3.2,12.01,11.5,2961400,34822700.0,6.27,4.29,5.43,11.58,15.44,8.32,0.57
*ST国化,sh600636,5.26,5.49,5.42,27952700.0,5.26,33600,5.27,43700,-4.19,5.62,5.22,27952700,148780000.0,6.37,7.29,23.07,23.07,5.76,5.22,1.18
心脉医疗,sh688016,98.71,100.2,100.18,130351000.0,98.71,2700,98.79,2400,-1.49,100.18,98.06,130351000,128830000.0,1.06,2.12,121.67,121.67,120.24,80.16,0.79
肯特股份,sz301591,40.88,40.94,40.75,1386600.0,40.86,100,40.88,15000,-0.15,41.34,40.0,1386600,56550000.0,4.09,3.27,13.87,34.39,49.13,32.75,1.27
恒实科技,sz300513,8.59,8.55,8.5,5002800.0,8.59,17700,8.6,13600,0.47,8.66,8.38,5002800,42650000.0,1.74,3.27,24.76,26.95,10.26,6.84,0.89
炬申股份,sz001202,16.58,16.5,16.5,1148600.0,16.58,5200,16.6,300,0.48,16.71,16.38,1148600,19000000.0,0.98,2.0,19.37,27.64,18.15,14.85,0.83
沙钢股份,sz002075,4.52,4.61,4.58,31114300.0,4.52,307700,4.53,255100,-1.95,4.58,4.46,31114300,140260000.0,1.42,2.6,99.16,99.16,5.07,4.15,1.47
悍高集团,sz001221,62.64,63.8,63.43,1622900.0,62.64,800,62.65,200,-1.82,65.56,62.55,1622900,103790000.0,4.51,4.72,22.56,250.57,70.18,57.42,1.64
富瀚微,sz300613,56.08,46.73,55.9,26298000.0,56.08,1515000,0.0,0,20.01,56.08,54.21,26298000,1471520000.0,11.98,4.0,123.15,130.56,56.08,37.38,5.5
ST凯利,sz300326,6.88,6.82,6.79,7001400.0,6.88,3600,6.89,98300,0.88,6.9,6.72,7001400,47760000.0,0.98,2.64,49.31,49.33,8.18,5.46,0.68
健之佳,sh605266,18.86,18.77,18.79,1135000.0,18.86,1000,18.87,4100,0.48,18.94,18.53,1135000,21290000.0,0.73,2.18,29.15,29.15,20.65,16.89,1.01
尤洛卡,sz300099,8.77,9.15,9.11,31362700.0,8.76,86400,8.77,132300,-4.15,9.12,8.63,31362700,275840000.0,5.4,5.36,50.98,64.66,10.98,7.32,0.72
德必集团,sz300947,17.16,17.34,17.34,2936400.0,17.15,3300,17.16,1000,-1.04,17.35,16.9,2936400,50250000.0,1.94,2.6,25.92,25.94,20.81,13.87,0.86
ST景谷,sh600265,21.25,21.25,0.0,0.0,0.0,0,0.0,0,0.0,0.0,0.0,0,0.0,0.0,0.0,27.58,27.58,22.31,20.19,0.0
同有科技,sz300302,23.27,23.5,23.37,25241900.0,23.26,2500,23.27,5400,-0.98,23.57,22.57,25241900,581650000.0,6.84,4.26,85.82,111.52,28.2,18.8,0.91
利德曼,sz300289,6.76,6.67,6.68,9668900.0,6.75,29900,6.76,38100,1.35,6.83,6.63,9668900,65190000.0,1.78,3.0,36.72,36.78,8.0,5.34,1.41
武汉蓝电,bj920779,34.01,33.88,33.55,1069600.0,34.01,400,34.02,2000,0.38,34.43,33.2,1069600,36199400.0,5.34,3.63,6.81,27.23,44.04,23.72,0.54
德邦股份,sh603056,18.85,18.85,0.0,0.0,0.0,0,0.0,0,0.0,0.0,0.0,0,0.0,0.0,0.0,190.68,190.68,-1.0,-1.0,0.0
通达海,sz301378,31.32,31.0,30.75,2444900.0,31.32,100,31.33,1400,1.03,31.78,30.0,2444900,75600000.0,5.32,5.74,14.38,30.26,37.2,24.8,1.46
东贝集团,sh601956,6.03,6.01,5.97,9786500.0,6.03,25000,6.04,98500,0.33,6.04,5.89,9786500,58230000.0,1.57,2.5,37.48,37.48,6.61,5.41,0.7
值得买,sz300785,51.75,52.16,52.14,11118200.0,51.74,9400,51.75,6500,-0.79,53.3,50.86,11118200,579540000.0,9.09,4.68,63.31,102.91,62.59,41.73,0.73
志高机械,bj920101,34.29,34.73,34.92,288800.0,34.28,7700,34.29,3300,-1.27,34.92,34.14,288800,9917500.0,1.04,2.25,9.54,30.57,45.14,24.32,0.28
美迪凯,sh688079,15.3,15.63,15.51,1126991900.0,15.28,2000,15.3,30000,-2.11,15.88,15.09,1126991900,172650000.0,2.79,5.05,61.86,62.96,18.76,12.5,0.74
东亚药业,sh605177,20.6,20.4,20.3,2383900.0,20.54,5300,20.6,3700,0.98,20.75,19.81,2383900,48360000.0,2.12,4.61,23.19,23.63,22.44,18.36,1.26
深中华A,sz000017,6.35,6.37,6.35,6995700.0,6.35,16600,6.36,8700,-0.31,6.4,6.22,6995700,44090000.0,1.59,2.83,27.99,43.76,7.01,5.73,0.82
泽润新能,sz301636,65.38,68.2,67.0,2364100.0,65.3,7500,65.38,4300,-4.13,67.31,64.7,2364100,155190000.0,14.81,3.83,10.44,41.76,81.84,54.56,0.71
中核科技,sz000777,21.87,22.08,21.91,6071400.0,21.87,55600,21.88,32400,-0.95,22.1,21.75,6071400,132920000.0,1.58,1.59,83.85,83.85,24.29,19.87,0.56
开创电气,sz301448,38.92,38.75,39.8,573900.0,38.9,200,38.92,800,0.44,39.8,38.31,573900,22230000.0,1.19,3.85,18.79,40.71,46.5,31.0,0.67
华厦眼科,sz301267,18.14,17.67,17.61,12868700.0,18.14,15000,18.15,2400,2.66,18.31,17.54,12868700,232370000.0,1.98,4.36,117.63,152.38,21.2,14.14,3.15
振华风光,sh688439,51.09,51.48,51.39,180723700.0,51.09,300,51.1,0,-0.76,51.96,50.94,180723700,92820000.0,0.9,1.98,102.18,102.18,61.78,41.18,0.82
仙乐健康,sz300791,19.58,20.37,19.6,3232300.0,19.58,100,19.6,8300,-3.88,19.77,19.0,3232300,62640000.0,1.26,3.78,50.26,60.23,24.44,16.3,1.45
双环传动,sz002472,36.63,38.03,37.55,19183900.0,36.63,85100,36.64,41700,-3.68,37.79,36.3,19183900,705170000.0,2.56,3.92,274.19,311.33,41.83,34.23,1.57
基康技术,bj920879,21.59,21.45,21.54,2353900.0,21.59,20900,21.61,1700,0.65,22.36,21.42,2353900,51568500.0,1.88,4.38,27.04,36.14,27.88,15.02,0.56
冠城新材,sh600067,3.96,3.95,3.97,18306200.0,3.96,83100,3.97,193400,0.25,3.99,3.91,18306200,72150000.0,1.32,2.03,55.11,55.11,4.35,3.56,0.81
经纬辉开,sz300120,7.17,7.15,7.13,8282500.0,7.17,64700,7.18,120100,0.28,7.24,7.03,8282500,59090000.0,1.57,2.94,37.82,41.18,8.58,5.72,0.9
古麒绒材,sz001390,21.45,21.6,21.44,1265800.0,21.41,100,21.45,1300,-0.69,21.73,21.25,1265800,27140000.0,2.53,2.22,10.72,42.9,23.76,19.44,0.83
天玛智控,sh688570,17.7,17.78,17.78,31625300.0,17.7,500,17.74,3200,-0.45,17.85,17.65,31625300,5600000.0,0.17,1.12,33.31,76.64,21.34,14.22,0.65
浙江仙通,sh603239,24.35,23.29,23.27,6039400.0,24.35,71500,24.36,15300,4.55,24.47,23.05,6039400,143900000.0,2.23,6.1,65.92,65.92,25.62,20.96,1.32
瑞晨环保,sz301273,34.99,32.01,31.79,3328100.0,34.99,1900,35.0,1000,9.31,35.19,31.79,3328100,113120000.0,6.05,10.62,19.24,25.07,38.41,25.61,2.71
山推股份,sz000680,11.6,10.98,10.95,44922500.0,11.59,32500,11.6,34900,5.65,11.72,10.89,44922500,513170000.0,3.42,7.56,152.5,174.02,12.08,9.88,1.99
金 融 街,sz000402,2.65,2.68,2.67,27579500.0,2.65,632400,2.66,463600,-1.12,2.68,2.63,27579500,73170000.0,0.92,1.87,79.2,79.21,2.95,2.41,0.52
建工修复,sz300958,13.73,13.33,13.24,4485400.0,13.73,900,13.74,2800,3.0,13.8,13.24,4485400,61020000.0,4.93,4.2,12.5,21.52,16.0,10.66,1.81
华孚时尚,sz002042,5.05,4.96,4.93,93757700.0,5.04,378300,5.05,252900,1.81,5.12,4.84,93757700,468440000.0,5.51,5.65,85.88,85.88,5.46,4.46,1.05
信质集团,sz002664,19.69,19.99,19.93,6709700.0,19.69,62900,19.7,4000,-1.5,20.01,19.45,6709700,131730000.0,1.67,2.8,79.27,80.37,21.99,17.99,0.6
韵达股份,sz002120,7.39,7.42,7.4,39197400.0,7.38,98600,7.39,345200,-0.4,7.49,7.35,39197400,290200000.0,1.39,1.89,208.04,214.25,8.16,6.68,0.66
泛微网络,sh603039,46.0,46.91,45.82,9398400.0,45.99,19800,46.0,34200,-1.94,46.79,45.15,9398400,429550000.0,3.67,3.5,117.93,117.93,51.6,42.22,0.75
创世纪,sz300083,8.03,8.4,8.12,54874800.0,8.03,117400,8.04,371500,-4.4,8.3,8.0,54874800,444150000.0,3.68,3.57,119.85,133.69,10.08,6.72,0.54
华大基因,sz300676,38.81,39.09,39.04,4353700.0,38.79,1000,38.81,9100,-0.72,39.12,38.26,4353700,168420000.0,1.05,2.2,161.47,162.35,46.91,31.27,1.03
润达医疗,sh603108,13.61,13.62,13.6,15641700.0,13.61,25300,13.62,6000,-0.07,13.89,13.31,15641700,212930000.0,2.59,4.26,82.16,82.16,14.98,12.26,0.65
百川能源,sh600681,4.0,4.04,4.04,16433200.0,4.0,417600,4.01,372400,-0.99,4.04,3.99,16433200,65910000.0,1.23,1.24,53.59,53.63,4.44,3.64,0.86
华新精科,sh603370,43.25,43.91,43.63,930300.0,43.25,1100,43.26,100,-1.5,43.92,42.95,930300,40250000.0,2.66,2.21,15.13,75.67,48.3,39.52,1.49
陕西煤业,sh601225,26.3,26.12,26.02,49533400.0,26.29,52900,26.3,1600,0.69,26.83,25.9,49533400,1308090000.0,0.51,3.56,2549.78,2549.78,28.73,23.51,1.13
鼎佳精密,bj920005,35.53,36.03,35.75,295300.0,35.53,1100,35.62,2200,-1.39,36.22,35.53,295300,10588699.999999998,1.37,1.92,7.64,29.49,46.83,25.23,0.57
柳    工,sz000528,9.69,9.78,9.74,25557100.0,9.69,65000,9.7,46800,-0.92,9.77,9.6,25557100,247410000.0,1.26,1.74,197.09,197.36,10.76,8.8,0.98
北大荒,sh600598,15.91,16.01,15.93,17792800.0,15.9,110400,15.91,24500,-0.62,16.1,15.83,17792800,283460000.0,1.0,1.69,282.83,282.83,17.61,14.41,0.78
甘李药业,sh603087,60.41,59.48,59.25,8727400.0,60.41,20400,60.42,21000,1.56,60.84,58.83,8727400,523860000.0,1.56,3.38,337.0,360.83,65.43,53.53,1.02
晶科能源,sh688223,6.59,6.73,6.7,13062451100.0,6.59,419100,6.6,130000,-2.08,6.78,6.56,13062451100,868240000.0,1.27,3.27,676.75,676.75,8.08,5.38,0.9
蒙草生态,sz300355,3.65,3.68,3.68,18922900.0,3.65,92000,3.66,307800,-0.82,3.69,3.64,18922900,69210000.0,1.38,1.36,49.87,58.55,4.42,2.94,0.72
克明食品,sz002661,8.75,8.76,8.7,2837600.0,8.75,300,8.76,700,-0.11,8.81,8.65,2837600,24760000.0,0.9,1.83,27.53,29.15,9.64,7.88,1.03
澳洋健康,sz002172,3.73,3.73,3.71,15509400.0,3.72,7500,3.73,129100,0.0,3.76,3.66,15509400,57470000.0,2.03,2.68,28.54,28.56,4.1,3.36,1.15
福莱蒽特,sh605566,32.34,32.8,32.58,1996700.0,32.3,1300,32.34,200,-1.4,32.82,32.11,1996700,64540000.0,1.5,2.16,43.12,43.12,36.08,29.52,0.72
吉林化纤,sz000420,5.13,5.26,5.22,133620500.0,5.12,133100,5.13,69500,-2.47,5.27,5.06,133620500,687320000.0,5.44,3.99,126.1,126.14,5.79,4.73,0.84
诚意药业,sh603811,12.09,11.91,12.05,14086700.0,12.08,24500,12.09,57300,1.51,12.3,11.7,14086700,169690000.0,4.3,5.04,39.57,39.57,13.1,10.72,2.15
博思软件,sz300525,10.12,10.17,10.11,11872400.0,10.11,7600,10.12,42000,-0.49,10.21,9.97,11872400,119540000.0,1.91,2.36,62.95,76.76,12.2,8.14,1.18
好当家,sh600467,2.36,2.36,2.35,33303600.0,2.36,84700,2.37,998300,0.0,2.37,2.33,33303600,78110000.0,2.28,1.69,34.48,34.48,2.6,2.12,1.33
宁波高发,sh603788,17.79,18.5,18.0,11739000.0,17.79,9600,17.8,9500,-3.84,18.0,17.5,11739000,208280000.0,5.26,2.7,39.68,39.68,20.35,16.65,1.01
诺思格,sz301333,66.61,67.1,66.53,1283800.0,66.59,200,66.61,100,-0.73,67.78,65.13,1283800,85350000.0,1.33,3.95,64.24,64.33,80.52,53.68,0.91
唯赛勃,sh688718,16.28,16.0,16.11,140278000.0,16.27,600,16.28,900,1.75,16.38,15.75,140278000,22540000.0,0.81,3.94,28.29,28.29,19.2,12.8,0.72
南凌科技,sz300921,25.4,25.87,25.73,8704500.0,25.4,9400,25.42,3500,-1.82,25.93,24.39,8704500,217940000.0,7.59,5.95,29.13,46.68,31.04,20.7,1.13
德宏股份,sh603701,25.44,25.73,25.7,4181200.0,25.44,6300,25.45,2400,-1.13,25.8,25.16,4181200,106180000.0,1.6,2.49,66.49,66.49,28.3,23.16,0.77
岱美股份,sh603730,10.2,10.06,10.14,31258000.0,10.19,29600,10.2,39400,1.39,10.34,10.08,31258000,319230000.0,1.45,2.58,219.16,219.16,11.07,9.05,1.65
玲珑轮胎,sh601966,13.94,14.03,14.03,7344000.0,13.93,77900,13.94,13800,-0.64,14.04,13.92,7344000,102480000.0,0.5,0.86,204.01,204.01,15.43,12.63,1.05
金达威,sz002626,16.05,16.18,16.1,5234100.0,16.04,16100,16.05,9900,-0.8,16.17,15.87,5234100,83730000.0,0.86,1.85,97.88,97.89,17.8,14.56,0.63
ST云动,sz000903,2.44,2.45,2.43,21315400.0,2.43,634900,2.44,142200,-0.41,2.45,2.4,21315400,51600000.0,1.11,2.04,46.85,47.21,2.57,2.33,1.2
西部超导,sh688122,69.98,72.0,71.4,1421278100.0,69.98,1400,69.99,13500,-2.81,71.99,69.81,1421278100,999590000.0,2.19,3.03,454.64,454.64,86.4,57.6,1.02
农发种业,sh600313,7.25,7.3,7.25,33295700.0,7.24,112500,7.25,181200,-0.68,7.33,7.17,33295700,241220000.0,3.08,2.19,78.46,84.2,8.03,6.57,0.81
燕京啤酒,sz000729,12.61,12.95,12.97,44772600.0,12.61,24300,12.62,42100,-2.63,12.98,12.49,44772600,567250000.0,1.78,3.78,316.46,355.42,14.25,11.66,1.18
信通电子,sz001388,37.47,38.41,37.96,2118400.0,37.47,100,37.48,15300,-2.45,37.96,36.49,2118400,78400000.0,6.79,3.83,11.69,58.45,42.25,34.57,2.07
奇正藏药,sz002287,22.66,23.07,22.87,2354700.0,22.66,100,22.67,2500,-1.78,23.0,22.5,2354700,53350000.0,0.41,2.17,129.38,129.64,25.38,20.76,1.53
天宸股份,sh600620,6.02,6.01,6.02,5309600.0,6.02,8800,6.03,51700,0.17,6.07,5.92,5309600,31810000.0,0.77,2.5,41.34,41.34,6.61,5.41,1.03
复旦微电,sh688385,73.06,75.08,75.34,1399098800.0,73.06,7100,73.07,500,-2.69,76.17,71.87,1399098800,1027570000.0,2.59,5.73,394.08,601.81,90.1,60.06,1.09
大秦铁路,sh601006,5.3,5.29,5.28,79904600.0,5.29,2911400,5.3,612500,0.19,5.32,5.27,79904600,423650000.0,0.4,0.95,1067.8,1067.8,5.82,4.76,1.06
重庆港,sh600279,4.75,4.8,4.78,6813000.0,4.74,46700,4.75,101800,-1.04,4.8,4.71,6813000,32310000.0,0.57,1.87,56.38,56.38,5.28,4.32,1.21
天铭科技,bj920270,15.51,16.08,15.95,867500.0,15.46,6000,15.51,8800,-3.54,15.95,15.37,867500,13500100.0,1.07,3.61,12.58,16.23,20.9,11.26,0.61
天顺风能,sz002531,12.29,12.68,12.63,56880400.0,12.28,155700,12.29,210400,-3.08,13.24,12.1,56880400,716250000.0,3.18,8.99,219.6,220.84,13.95,11.41,0.92
华智数媒,sz300426,7.4,7.54,7.41,8115700.0,7.39,11200,7.4,68700,-1.86,7.5,7.21,8115700,59390000.0,2.03,3.85,29.6,33.33,9.05,6.03,1.32
中炬高新,sh600872,20.78,21.2,21.0,24529500.0,20.78,14900,20.79,22100,-1.98,21.2,20.63,24529500,511450000.0,3.18,2.69,160.21,161.77,23.32,19.08,0.56
海格通信,sz002465,15.93,16.58,16.5,70110800.0,15.93,3200,15.94,32300,-3.92,16.57,15.9,70110800,1128300000.0,2.83,4.04,394.73,395.36,18.24,14.92,0.67
和辉光电-U,sh688538,2.22,2.23,2.23,4666132100.0,2.22,181600,2.23,1722700,-0.45,2.24,2.2,4666132100,103490000.0,0.81,1.79,127.7,306.57,2.68,1.78,0.88
杭萧钢构,sh600477,2.98,3.03,3.01,38380000.0,2.98,14800,2.99,1515600,-1.65,3.02,2.95,38380000,114230000.0,1.63,2.31,70.3,70.3,3.33,2.73,0.83
金龙鱼,sz300999,27.68,27.96,27.94,9212700.0,27.67,47600,27.68,63500,-1.0,27.94,27.61,9212700,255360000.0,1.7,1.18,150.2,1500.7,33.55,22.37,1.1
力盛体育,sz002858,15.53,15.55,15.47,5092500.0,15.53,16200,15.54,4800,-0.13,15.71,15.11,5092500,78660000.0,3.46,3.86,22.83,25.46,17.11,14.0,0.91
龙芯中科,sh688047,153.86,150.66,162.0,1834212300.0,153.85,400,153.86,3100,2.12,163.46,153.86,1834212300,2905540000.0,4.57,6.37,616.98,616.98,180.79,120.53,2.07
赛福天,sh603028,8.3,8.05,8.04,8469000.0,8.3,3300,8.31,52700,3.11,8.39,7.93,8469000,69170000.0,2.98,5.71,23.59,23.82,8.86,7.25,1.67
浙江永强,sz002489,3.31,3.34,3.34,15715700.0,3.31,460800,3.32,58800,-0.9,3.34,3.28,15715700,52010000.0,0.82,1.8,63.32,71.79,3.67,3.01,0.61
报 喜 鸟,sz002154,3.63,3.63,3.62,16065400.0,3.63,274100,3.64,693800,0.0,3.65,3.61,16065400,58380000.0,1.36,1.1,42.83,52.97,3.99,3.27,0.98
聚星科技,bj920111,34.83,37.6,36.2,13207400.0,34.82,11600,34.83,16300,-7.37,37.41,34.71,13207400,469403600.0,17.54,7.18,26.22,54.04,48.88,26.32,0.99
科大讯飞,sz002230,49.07,48.89,48.5,39198100.0,49.07,60900,49.08,117800,0.37,49.48,47.75,39198100,1902140000.0,1.79,3.54,1074.29,1178.7,53.78,44.0,1.07
中元股份,sz300018,14.68,15.3,15.17,29098200.0,14.68,53600,14.69,48200,-4.05,15.28,14.66,29098200,432770000.0,8.07,4.05,52.95,71.25,18.36,12.24,0.79
五洲交通,sh600368,3.8,3.82,3.82,10540300.0,3.8,261200,3.81,815700,-0.52,3.83,3.79,10540300,40110000.0,0.65,1.05,61.17,61.17,4.2,3.44,1.01
博科测试,sz301598,63.0,62.23,62.09,638400.0,63.0,6100,63.05,500,1.24,63.55,61.61,638400,40180000.0,3.64,3.12,11.06,37.11,74.68,49.78,0.76
火炬电子,sh603678,34.45,34.84,34.78,6717300.0,34.45,7900,34.46,20400,-1.12,35.08,34.4,6717300,232680000.0,1.41,1.95,163.83,163.83,38.32,31.36,0.58
凌云股份,sh600480,10.48,10.75,10.71,26563300.0,10.47,130500,10.48,6300,-2.51,10.74,10.47,26563300,280570000.0,2.19,2.51,127.11,128.1,11.83,9.68,0.53
万邦德,sz002082,28.64,27.97,27.97,35641600.0,28.64,13300,28.65,73500,2.4,29.81,27.71,35641600,1023860000.0,6.44,7.51,158.45,175.19,30.77,25.17,1.21
中富通,sz300560,15.68,15.8,15.65,4946800.0,15.68,3600,15.69,1500,-0.76,15.81,15.38,4946800,77130000.0,2.65,2.72,29.32,36.02,18.96,12.64,0.83
科大智能,sz300222,10.94,10.96,11.05,12020700.0,10.93,13600,10.94,18000,-0.18,11.07,10.74,12020700,130810000.0,1.9,3.01,69.34,85.14,13.15,8.77,0.93
中国铁物,sz000927,2.98,2.93,2.92,103326200.0,2.97,1170600,2.98,1616000,1.71,2.99,2.91,103326200,305920000.0,1.71,2.73,180.3,180.3,3.22,2.64,1.21
通行宝,sz301339,13.04,13.12,13.0,3213600.0,13.03,19600,13.04,1300,-0.61,13.13,12.9,3213600,41830000.0,0.56,1.75,74.3,75.68,15.74,10.5,0.93
佳驰科技,sh688708,52.56,53.58,54.11,105194500.0,52.56,19100,52.57,700,-1.9,54.11,52.34,105194500,55640000.0,0.74,3.3,74.78,210.25,64.3,42.86,0.9
兆龙互连,sz300913,53.45,54.78,54.13,5330100.0,53.45,5100,53.46,100,-2.43,54.78,52.99,5330100,285470000.0,2.08,3.27,136.72,183.22,65.74,43.82,0.72
健尔康,sh603205,26.68,25.46,25.35,2667900.0,26.67,6700,26.68,1100,4.79,26.76,25.09,2667900,69860000.0,6.45,6.56,11.03,41.62,28.01,22.91,4.59
凡拓数创,sz301313,35.2,35.65,35.78,2951800.0,35.2,1100,35.25,300,-1.26,36.49,35.13,2951800,104710000.0,3.91,3.81,26.57,36.42,42.78,28.52,0.74
康辰药业,sh603590,35.25,36.07,35.8,2311500.0,35.25,5100,35.26,6600,-2.27,36.02,35.0,2311500,81750000.0,1.46,2.83,55.77,56.05,39.68,32.46,0.66
黄山胶囊,sz002817,7.78,7.61,7.6,6923000.0,7.77,3000,7.78,16000,2.23,7.82,7.57,6923000,53350000.0,2.39,3.29,22.57,23.27,8.37,6.85,0.84
华密新材,bj920247,21.47,21.45,21.45,1332000.0,21.46,3200,21.47,2100,0.09,21.95,21.14,1332000,28611200.0,1.17,3.78,24.54,33.82,27.88,15.02,0.41
温氏股份,sz300498,15.75,16.02,16.01,46319200.0,15.75,47700,15.76,86900,-1.69,16.06,15.68,46319200,732750000.0,0.78,2.37,937.02,1047.99,19.22,12.82,0.97
正弦电气,sh688395,26.64,26.18,26.14,71308600.0,26.61,1200,26.64,3000,1.76,26.81,25.79,71308600,18750000.0,0.82,3.9,23.07,23.07,31.42,20.94,0.82
万华化学,sh600309,89.54,87.65,88.1,38759000.0,89.54,15100,89.55,21200,2.16,90.63,88.0,38759000,3473110000.0,1.24,3.0,2803.02,2803.02,96.42,78.89,1.12
腾龙股份,sh603158,13.78,13.1,13.1,65121900.0,13.78,53800,13.79,201500,5.19,14.18,12.91,65121900,894560000.0,13.27,9.69,67.63,67.63,14.41,11.79,1.62
爱普股份,sh603020,10.65,11.02,10.88,8809400.0,10.64,15000,10.65,6100,-3.36,10.99,10.26,8809400,93470000.0,2.3,6.62,40.81,40.81,12.12,9.92,1.54
岳阳兴长,sz000819,16.6,16.67,16.62,9393400.0,16.59,26000,16.6,7800,-0.42,16.72,16.27,9393400,155110000.0,2.57,2.7,60.68,61.34,18.34,15.0,0.57
景嘉微,sz300474,60.8,62.12,60.5,11685500.0,60.8,19800,60.81,5800,-2.12,61.68,58.88,11685500,704220000.0,2.87,4.51,247.14,317.75,74.54,49.7,1.59
华大智造,sh688114,48.3,48.6,47.96,461932000.0,48.3,1500,48.31,800,-0.62,48.71,47.23,461932000,221270000.0,1.11,3.05,200.12,201.18,58.32,38.88,1.13
国机汽车,sh600335,6.05,6.0,5.93,13739600.0,6.04,181200,6.05,96700,0.83,6.06,5.86,13739600,81820000.0,0.92,3.33,90.5,90.5,6.6,5.4,1.69
冠捷科技,sz000727,2.59,2.67,2.65,94140600.0,2.59,4440100,2.6,104800,-3.0,2.66,2.58,94140600,245110000.0,2.08,3.0,117.32,117.32,2.94,2.4,0.89
深物业A,sz000011,8.44,8.41,8.41,3837900.0,8.43,39900,8.44,36300,0.36,8.47,8.35,3837900,32300000.0,0.73,1.43,44.43,50.3,9.25,7.57,0.81
山东墨龙,sz002490,10.27,9.77,9.9,139834900.0,10.27,805900,10.28,92200,5.12,10.58,9.81,139834900,1422610000.0,25.81,7.88,55.63,81.94,10.75,8.79,2.82
民生银行,sh600016,3.75,3.74,3.73,170512900.0,3.74,12515300,3.75,2402300,0.27,3.75,3.72,170512900,637650000.0,0.48,0.8,1329.83,1641.84,4.11,3.37,1.01
中通客车,sz000957,12.19,12.52,12.4,22560300.0,12.18,70800,12.19,32400,-2.64,12.45,12.08,22560300,275220000.0,3.81,2.96,72.27,72.27,13.77,11.27,1.06
远程股份,sz002692,6.16,6.69,6.54,69224900.0,6.16,245300,6.17,101500,-7.92,6.56,6.09,69224900,431000000.0,9.64,7.03,44.21,44.24,7.36,6.02,0.84
铭利达,sz301268,21.14,21.6,21.43,3074300.0,21.12,5200,21.14,700,-2.13,21.59,20.83,3074300,64970000.0,0.89,3.52,72.87,84.64,25.92,17.28,0.73
祥鑫科技,sz002965,29.81,30.0,29.9,4516100.0,29.8,5100,29.81,1200,-0.63,30.12,29.75,4516100,135210000.0,2.37,1.23,56.76,79.11,33.0,27.0,1.0
辰欣药业,sh603367,15.31,15.49,15.49,5040400.0,15.31,62600,15.32,11300,-1.16,15.49,15.27,5040400,77320000.0,1.11,1.42,69.32,69.32,17.04,13.94,0.76
信隆健康,sz002105,6.23,6.16,6.17,7592200.0,6.23,11300,6.24,40300,1.14,6.3,6.06,7592200,46960000.0,2.08,3.9,22.71,22.82,6.78,5.54,1.41
海力风电,sz301155,63.71,64.4,64.11,3429900.0,63.7,3700,63.71,31300,-1.07,65.57,63.38,3429900,219810000.0,2.78,3.4,78.59,138.5,77.28,51.52,0.68
雪祺电气,sz001387,13.33,13.14,13.13,2898300.0,13.3,3200,13.33,1300,1.45,13.38,12.96,2898300,38310000.0,2.54,3.2,15.18,24.4,14.45,11.83,1.42
蓝天燃气,sh605368,7.63,7.7,7.69,6107400.0,7.62,25500,7.63,54500,-0.91,7.69,7.57,6107400,46520000.0,0.85,1.56,54.53,54.53,8.47,6.93,0.77
友升股份,sh603418,50.72,50.29,50.03,923600.0,50.71,3500,50.72,3700,0.86,50.77,49.97,923600,46540000.0,2.23,1.59,20.98,97.92,55.32,45.26,1.28
科德教育,sz300192,19.37,19.6,19.34,9826800.0,19.37,3700,19.38,8000,-1.17,19.66,18.91,9826800,189580000.0,3.03,3.83,62.88,63.76,23.52,15.68,0.86
英搏尔,sz300681,29.77,30.38,30.01,18490300.0,29.76,2500,29.77,10600,-2.01,30.38,29.48,18490300,551740000.0,8.01,2.96,68.71,91.11,36.46,24.3,0.86
天佑德酒,sz002646,7.97,7.9,7.85,6413200.0,7.96,37900,7.97,29800,0.89,8.0,7.78,6413200,50700000.0,1.35,2.78,37.93,38.18,8.69,7.11,1.45
生 意 宝,sz002095,16.14,16.28,16.2,2815500.0,16.14,84200,16.15,27500,-0.86,16.27,15.9,2815500,45140000.0,1.12,2.27,40.63,40.79,17.91,14.65,1.09
古井贡酒,sz000596,109.5,109.86,109.11,3251200.0,109.49,100,109.5,22300,-0.33,111.7,107.83,3251200,357190000.0,0.8,3.52,447.42,578.82,120.85,98.87,1.19
上海莱士,sz002252,5.54,5.58,5.57,27484300.0,5.54,159100,5.55,529700,-0.72,5.57,5.5,27484300,152200000.0,0.41,1.25,367.51,367.74,6.14,5.02,1.21
华维设计,bj920427,11.98,12.25,12.21,1174000.0,11.96,2800,11.98,15600,-2.2,12.32,11.95,1174000,14184200.0,2.31,3.02,6.1,12.35,15.92,8.58,0.72
药康生物,sh688046,19.93,19.55,19.47,846070900.0,19.92,7800,19.93,40300,1.94,20.35,19.31,846070900,168460000.0,2.06,5.32,81.71,81.71,23.46,15.64,0.96
*ST创兴,sh600193,2.28,2.4,2.28,326600.0,0.0,0,2.28,103038200,-5.0,2.28,2.28,326600,740000.0,0.08,0.0,9.7,9.7,2.52,2.28,0.07
元祖股份,sh603886,13.37,13.54,13.56,4371400.0,13.37,6300,13.38,17600,-1.26,13.56,13.25,4371400,58500000.0,1.82,2.29,32.09,32.09,14.89,12.19,0.93
中国长城,sz000066,16.45,16.19,17.36,298731300.0,16.44,380500,16.45,738100,1.61,17.65,16.45,298731300,5056930000.0,9.26,7.41,530.61,530.64,17.81,14.57,2.65
ST迪威迅,sz300167,6.38,6.19,6.1,8747600.0,6.37,71500,6.38,24900,3.07,6.44,6.1,8747600,55000000.0,2.44,5.49,22.9,24.84,7.43,4.95,1.17
涛涛车业,sz301345,284.05,283.57,283.82,1658900.0,284.04,300,284.05,2700,0.17,287.45,279.04,1658900,470670000.0,4.74,2.97,99.5,309.75,340.28,226.86,0.76
云从科技-UW,sh688327,13.45,13.33,13.18,3411449600.0,13.45,6400,13.46,61800,0.9,13.75,12.86,3411449600,453580000.0,4.09,6.68,112.1,139.68,16.0,10.66,1.68
海昇药业,bj920656,16.14,16.48,16.38,441500.0,16.14,3900,16.18,1600,-2.06,16.44,16.1,441500,7161900.000000001,1.36,2.06,5.23,16.14,21.42,11.54,0.42
海利生物,sh603718,3.96,3.87,3.9,17774600.0,3.96,64200,3.97,327200,2.33,3.98,3.84,17774600,69510000.0,2.74,3.62,25.7,25.82,4.26,3.48,0.69
ST诺泰,sh688076,28.97,29.25,29.23,205240100.0,28.97,4700,28.98,1900,-0.96,29.45,28.81,205240100,59690000.0,0.65,2.19,91.56,91.56,35.1,23.4,0.82
伟测科技,sh688372,143.78,143.07,142.81,1202346500.0,143.78,1800,143.8,1500,0.5,149.9,139.0,1202346500,1740890000.0,7.17,7.62,241.21,241.21,171.68,114.46,1.45
威派格,sh603956,5.55,5.59,5.52,10928600.0,5.54,15000,5.55,22100,-0.72,5.61,5.35,10928600,59670000.0,1.92,4.65,31.63,31.63,6.15,5.03,1.97
奥飞娱乐,sz002292,8.16,8.13,8.06,28143900.0,8.15,128400,8.16,80000,0.37,8.22,8.03,28143900,229380000.0,2.76,2.34,83.06,120.66,8.94,7.32,0.98
狮头股份,sh600539,16.87,16.12,15.83,19811400.0,16.87,15000,16.88,43000,4.65,17.28,15.83,19811400,332100000.0,8.61,9.0,38.8,38.8,17.73,14.51,1.09
千方科技,sz002373,9.77,9.88,9.78,21932600.0,9.77,53300,9.78,9100,-1.11,9.86,9.61,21932600,213230000.0,1.59,2.53,134.59,154.38,10.87,8.89,0.89
光威复材,sz300699,33.41,35.79,35.0,43881900.0,33.41,59800,33.42,900,-6.65,35.31,32.92,43881900,1467200000.0,5.34,6.68,274.43,277.75,42.95,28.63,1.65
清新环境,sz002573,3.61,3.6,3.61,9704900.0,3.61,64500,3.62,42400,0.28,3.63,3.57,9704900,34960000.0,0.69,1.67,51.0,51.09,3.96,3.24,1.06
一诺威,bj920261,15.44,15.79,15.78,3130400.0,15.43,5300,15.44,700,-2.22,16.0,15.42,3130400,48931600.0,1.83,3.67,26.43,44.95,20.52,11.06,1.07
上海钢联,sz300226,23.62,23.83,23.8,6532400.0,23.61,3700,23.62,25300,-0.88,23.96,23.21,6532400,153990000.0,2.13,3.15,72.36,75.28,28.6,19.06,0.69
沃顿科技,sz000920,11.59,11.54,11.51,4653800.0,11.58,21900,11.59,5900,0.43,11.64,11.33,4653800,53440000.0,0.98,2.69,54.77,54.78,12.69,10.39,0.96
山石网科,sh688030,15.47,15.24,15.15,191014200.0,15.47,3300,15.49,400,1.51,15.58,15.0,191014200,29240000.0,1.06,3.81,27.88,27.88,18.29,12.19,1.29
鸣志电器,sh603728,57.07,57.48,57.46,4116900.0,57.07,18500,57.08,6300,-0.71,57.87,56.64,4116900,235510000.0,0.98,2.14,239.06,239.06,63.23,51.73,0.91
常山北明,sz000158,18.84,18.39,18.18,74450900.0,18.84,170900,18.85,173500,2.45,19.05,18.14,74450900,1389830000.0,4.69,4.95,299.16,301.18,20.23,16.55,1.84
光启技术,sz002625,40.04,39.84,39.52,25990500.0,40.03,11000,40.04,130400,0.5,41.05,39.15,25990500,1043840000.0,1.21,4.77,862.69,862.7,43.82,35.86,1.4
华锦股份,sz000059,5.44,5.29,5.28,33491800.0,5.44,7500,5.45,264800,2.84,5.46,5.26,33491800,180030000.0,2.09,3.78,87.01,87.01,5.82,4.76,1.45
彩虹股份,sh600707,8.07,8.53,8.4,122373600.0,8.07,10500,8.08,178700,-5.39,8.5,7.99,122373600,996590000.0,3.41,5.98,289.52,289.58,9.38,7.68,0.67
水星家纺,sh603365,22.85,20.77,22.0,3434100.0,22.85,4714000,0.0,0,10.01,22.85,21.68,3434100,77210000.0,1.32,5.63,59.36,59.98,22.85,18.69,2.75
万胜智能,sz300882,21.82,22.04,21.9,3178100.0,21.81,3700,21.82,39900,-1.0,22.0,21.45,3178100,68950000.0,1.19,2.5,58.11,62.45,26.45,17.63,0.79
益生股份,sz002458,10.97,10.97,10.96,17308500.0,10.97,23900,10.98,67600,0.0,11.08,10.85,17308500,190120000.0,2.4,2.1,79.03,121.37,12.07,9.87,0.65
赢时胜,sz300377,16.62,17.11,17.04,21145100.0,16.62,112200,16.63,12200,-2.86,17.08,16.54,21145100,352810000.0,3.06,3.16,114.83,124.82,20.53,13.69,0.72
重庆路桥,sh600106,6.04,6.11,6.05,12959100.0,6.04,255900,6.05,12200,-1.15,6.15,6.04,12959100,78680000.0,0.98,1.8,80.27,80.27,6.72,5.5,0.61
万邦达,sz300055,11.49,12.09,11.9,39542300.0,11.49,42500,11.5,27700,-4.96,11.9,11.0,39542300,454020000.0,6.25,7.44,72.71,96.14,14.51,9.67,1.24
天健集团,sz000090,3.52,3.59,3.58,22962400.0,3.52,454800,3.53,56500,-1.95,3.6,3.51,22962400,81200000.0,1.23,2.51,65.77,65.77,3.95,3.23,1.1
鸿合科技,sz002955,25.96,25.72,25.75,1916300.0,25.94,1000,25.96,19200,0.93,26.2,25.66,1916300,49640000.0,0.98,2.1,50.79,61.43,28.29,23.15,0.64
艾能聚,bj920770,15.57,16.11,15.9,3033600.0,15.57,2700,15.67,2900,-3.35,16.06,15.56,3033600,47790100.0,3.7,3.1,12.75,20.26,20.94,11.28,0.78
连城数控,bj920368,33.35,34.61,34.6,7357500.0,33.35,31500,33.36,3600,-3.64,34.92,33.27,7357500,248457700.0,3.29,4.77,74.49,78.3,44.99,24.23,0.54
中 关 村,sz000931,4.99,4.99,4.96,8613300.0,4.98,40800,4.99,5600,0.0,5.01,4.9,8613300,42690000.0,1.15,2.2,37.48,37.58,5.49,4.49,0.55
凯撒文化,sz002425,3.19,3.16,3.13,13911300.0,3.18,176100,3.19,112500,0.95,3.22,3.12,13911300,44090000.0,1.46,3.16,30.5,30.52,3.48,2.84,0.99
天利科技,sz300399,20.91,20.75,20.73,3802800.0,20.91,5000,20.92,10200,0.77,21.09,20.42,3802800,78870000.0,1.92,3.23,41.31,41.32,24.9,16.6,1.11
亚世光电,sz002952,26.98,26.63,26.9,12637100.0,26.98,21600,26.99,30300,1.31,27.78,26.55,12637100,342040000.0,9.6,4.62,35.52,44.34,29.29,23.97,1.06
双一科技,sz300690,29.23,29.73,29.76,5881100.0,29.22,2500,29.23,8800,-1.68,30.14,29.15,5881100,173750000.0,5.31,3.33,32.4,48.33,35.68,23.78,0.5
同为股份,sz002835,14.88,15.39,15.0,5844900.0,14.88,8000,14.89,4600,-3.31,15.08,14.29,5844900,85430000.0,4.59,5.13,18.94,32.66,16.93,13.85,3.37
恒丰纸业,sh600356,9.48,9.55,9.51,7625900.0,9.47,500,9.48,900,-0.73,9.64,9.41,7625900,72350000.0,2.55,2.41,28.32,31.24,10.51,8.6,0.66
尚荣医疗,sz002551,3.35,3.37,3.34,14031000.0,3.35,4800,3.36,74400,-0.59,3.37,3.28,14031000,46570000.0,2.3,2.67,20.47,28.32,3.71,3.03,1.23
青岛食品,sz001219,15.5,14.89,14.88,8401700.0,15.49,3900,15.5,29700,4.1,15.73,14.76,8401700,128530000.0,4.42,6.51,29.47,30.22,16.38,13.4,2.38
微电生理,sh688351,23.38,24.05,24.0,541821000.0,23.38,7600,23.41,1200,-2.79,24.08,23.38,541821000,127830000.0,1.15,2.91,110.03,110.03,28.86,19.24,1.03
中胤时尚,sz300901,16.96,16.34,16.34,7109300.0,16.96,9000,16.99,900,3.79,17.14,16.1,7109300,119310000.0,2.96,6.36,40.7,40.7,19.61,13.07,0.63
德赛西威,sz002920,112.16,109.25,108.5,14131500.0,112.16,1800,112.17,400,2.66,113.0,107.73,14131500,1576090000.0,2.55,4.82,622.18,669.38,120.18,98.33,1.63
天邑股份,sz300504,16.07,16.1,15.93,9001000.0,16.07,10700,16.08,33700,-0.19,16.29,15.89,9001000,145050000.0,4.12,2.48,35.07,43.55,19.32,12.88,1.08
华恒生物,sh688639,27.82,28.28,28.28,335715700.0,27.81,9100,27.82,1900,-1.63,28.28,27.55,335715700,93390000.0,1.34,2.58,69.58,69.58,33.94,22.62,0.75
依依股份,sz001206,18.98,19.65,19.3,4586600.0,18.98,1300,18.99,11500,-3.41,19.3,18.5,4586600,86540000.0,4.29,4.07,20.28,35.09,21.62,17.69,0.97
特发服务,sz300917,32.15,32.74,32.61,3032900.0,32.14,3700,32.15,16800,-1.8,32.86,31.87,3032900,97690000.0,1.79,3.02,54.33,54.33,39.29,26.19,0.69
芯导科技,sh688230,66.51,64.34,63.99,175308200.0,66.49,2800,66.51,4900,3.37,67.2,63.99,175308200,116120000.0,1.49,4.99,78.22,78.22,77.21,51.47,1.93
宝立食品,sh603170,13.21,13.32,13.26,2294000.0,13.21,12600,13.22,3000,-0.83,13.27,13.04,2294000,30190000.0,0.57,1.73,52.84,52.84,14.65,11.99,1.2
航天南湖,sh688552,43.33,46.12,46.46,625412700.0,43.32,2300,43.33,32200,-6.05,47.01,43.18,625412700,275370000.0,7.2,8.3,37.62,146.13,55.34,36.9,0.58
惠通科技,sz301601,21.37,23.73,23.02,5047300.0,21.37,28200,21.38,1700,-9.95,23.23,21.26,5047300,110250000.0,5.97,8.3,18.05,30.02,28.48,18.98,2.37
美利云,sz000815,19.17,20.37,20.77,101369000.0,19.17,408400,19.18,228200,-5.89,20.78,18.76,101369000,1978250000.0,14.58,9.92,133.28,133.28,22.41,18.33,0.74
荣泰健康,sh603579,20.07,20.07,19.86,4234400.0,20.06,1400,20.07,45600,0.0,20.17,19.51,4234400,84120000.0,2.11,3.29,40.35,40.35,22.08,18.06,1.33
乐心医疗,sz300562,14.47,14.38,14.4,18050000.0,14.46,29500,14.47,31700,0.63,14.65,13.73,18050000,258730000.0,11.08,6.4,23.58,31.63,17.26,11.5,1.84
中航高科,sh600862,20.94,21.53,21.46,18996300.0,20.93,58100,20.94,66100,-2.74,21.48,20.9,18996300,399420000.0,1.36,2.69,291.7,291.7,23.68,19.38,1.03
亿道信息,sz001314,48.46,48.5,49.37,12421200.0,48.44,500,48.46,6500,-0.08,49.37,46.8,12421200,600470000.0,9.99,5.3,60.28,69.12,53.35,43.65,3.88
钜泉科技,sh688391,30.39,29.61,29.6,132940400.0,30.38,3100,30.39,400,2.63,30.74,29.54,132940400,40080000.0,1.15,4.05,35.0,35.0,35.53,23.69,1.32
中安科,sh600654,3.75,3.89,3.86,155554500.0,3.75,509400,3.76,493500,-3.6,3.86,3.71,155554500,585240000.0,6.71,3.86,86.9,107.91,4.28,3.5,0.58
三一重工,sh600031,19.52,19.6,19.5,45886800.0,19.52,13900,19.53,74000,-0.41,19.66,19.31,45886800,894890000.0,0.54,1.79,1654.2,1794.86,21.56,17.64,0.71
中信建投,sh601066,21.43,21.62,21.53,7343000.0,21.42,36900,21.43,23700,-0.88,21.6,21.33,7343000,157230000.0,0.11,1.25,1392.02,1662.26,23.78,19.46,0.89
浙文互联,sh600986,12.3,12.13,11.7,449059100.0,12.3,35300,12.31,232200,1.4,12.99,11.52,449059100,5518050000.0,30.19,12.12,182.95,182.95,13.34,10.92,2.26
蓝色光标,sz300058,17.4,19.0,18.08,648577300.0,17.4,1797500,17.41,727800,-8.42,18.37,17.25,648577300,11426870000.0,18.65,5.89,605.16,624.7,22.8,15.2,0.95
腾达建设,sh600512,2.46,2.46,2.45,35069800.0,2.46,832800,2.47,114300,0.0,2.48,2.42,35069800,86000000.0,2.21,2.44,39.05,39.21,2.71,2.21,0.86
福蓉科技,sh603327,10.05,10.29,10.22,29674000.0,10.05,13400,10.06,89900,-2.33,10.31,9.98,29674000,299050000.0,2.84,3.21,105.07,105.07,11.32,9.26,0.67
达安基因,sz002030,5.78,5.77,5.76,7766400.0,5.78,6000,5.79,109100,0.17,5.79,5.7,7766400,44560000.0,0.55,1.56,81.12,81.12,6.35,5.19,0.85
广信科技,bj920037,74.59,75.54,75.71,732200.0,74.58,3300,74.59,600,-1.26,76.58,74.39,732200,54964700.0,2.48,2.9,22.05,68.22,98.2,52.88,0.51
肇民科技,sz301000,28.9,29.25,29.25,2373800.0,28.89,300,28.9,900,-1.2,29.3,28.7,2373800,68660000.0,1.04,2.05,66.26,70.19,35.1,23.4,0.75
三元基因,bj920344,21.42,21.78,21.61,460400.0,21.42,400,21.45,1700,-1.65,21.83,21.31,460400,9899800.0,0.4,2.39,24.36,26.09,28.31,15.25,0.41
清越科技,sh688496,5.29,5.32,5.3,534535000.0,5.29,300,5.3,4200,-0.56,5.39,5.18,534535000,28090000.0,2.25,3.95,12.59,23.8,6.38,4.26,1.0
睿能科技,sh603933,21.63,23.19,23.09,9753700.0,21.62,29100,21.63,2700,-6.73,23.25,21.62,9753700,215440000.0,4.7,7.03,44.89,44.89,25.51,20.87,0.67
顺控发展,sz003039,14.91,15.28,15.19,7052000.0,14.91,17100,14.92,3000,-2.42,15.4,14.85,7052000,106190000.0,1.14,3.6,92.07,92.07,16.81,13.75,0.72
广济药业,sz000952,6.68,6.56,6.56,6765800.0,6.67,45800,6.68,128700,1.83,6.72,6.51,6765800,44860000.0,1.97,3.2,22.98,23.16,7.22,5.9,1.01
广大特材,sh688186,20.77,21.29,21.25,928716700.0,20.77,5200,20.78,2000,-2.44,21.49,20.58,928716700,193620000.0,3.31,4.27,58.26,58.26,25.55,17.03,0.64
播恩集团,sz001366,14.47,14.5,14.39,6800200.0,14.47,5200,14.48,1200,-0.21,14.75,14.36,6800200,98970000.0,4.23,2.69,23.25,23.25,15.95,13.05,0.58
三晖电气,sz002857,20.3,20.45,20.44,1989600.0,20.3,12500,20.32,2000,-0.73,20.49,20.05,1989600,40280000.0,1.55,2.15,25.98,26.52,22.5,18.41,0.67
ST长方,sz300301,3.68,3.85,3.8,38124000.0,3.67,354800,3.68,46500,-4.42,3.9,3.6,38124000,141750000.0,4.83,7.79,29.07,30.54,4.62,3.08,1.47
美格智能,sz002881,39.5,39.18,38.89,4498100.0,39.49,3100,39.5,20100,0.82,39.96,38.3,4498100,176040000.0,2.47,4.24,71.86,119.29,43.1,35.26,1.22
万讯自控,sz300112,7.99,7.83,7.81,8574200.0,7.97,15500,7.99,13000,2.04,8.05,7.76,8574200,67720000.0,3.61,3.7,18.98,23.19,9.4,6.26,1.23
山河智能,sz002097,9.85,9.92,9.9,14754600.0,9.85,81100,9.86,34700,-0.71,9.98,9.75,14754600,145400000.0,1.38,2.32,105.66,105.85,10.91,8.93,1.05
友好集团,sh600778,6.27,6.24,6.25,8573600.0,6.26,6500,6.27,400,0.48,6.31,6.14,8573600,53320000.0,2.75,2.72,19.51,19.53,6.86,5.62,1.46
振东制药,sz300158,5.78,5.91,5.88,17661000.0,5.78,32800,5.79,46700,-2.2,5.88,5.74,17661000,102130000.0,1.78,2.37,57.31,57.36,7.09,4.73,0.69
隆鑫通用,sh603766,15.78,15.95,15.92,13742100.0,15.77,1800,15.78,17900,-1.07,16.0,15.68,13742100,217640000.0,0.67,2.01,324.05,324.05,17.55,14.36,0.47
力源科技,sh688565,12.44,12.39,12.16,284786900.0,12.41,89000,12.44,3400,0.4,12.5,12.0,284786900,35020000.0,1.9,4.04,18.63,18.63,14.87,9.91,1.02
*ST四环,sz000518,2.93,2.88,2.86,9658400.0,2.93,170300,2.94,35300,1.74,2.95,2.86,9658400,28150000.0,0.94,3.13,30.17,30.17,3.02,2.74,0.43
兴业银锡,sz000426,40.54,41.1,40.76,50403200.0,40.54,41300,40.55,5600,-1.36,41.38,39.61,50403200,2033660000.0,2.84,4.31,719.67,719.84,45.21,36.99,0.79
掌阅科技,sh603533,26.45,26.84,26.5,18147900.0,26.45,2700,26.46,3700,-1.45,27.13,26.02,18147900,481410000.0,4.13,4.14,116.09,116.09,29.52,24.16,0.82
博睿数据,sh688229,92.0,94.04,93.39,235790100.0,92.0,17100,92.18,200,-2.17,94.8,88.8,235790100,216160000.0,5.31,6.38,40.85,40.85,112.85,75.23,0.95
北信源,sz300352,7.28,7.26,7.27,55507700.0,7.28,229700,7.29,295800,0.28,7.7,7.2,55507700,407690000.0,4.35,6.89,92.94,105.55,8.71,5.81,0.8
科拓生物,sz300858,21.22,23.15,23.64,37857100.0,21.22,1700,21.23,2600,-8.34,23.99,21.15,37857100,842240000.0,19.34,12.27,41.54,55.91,27.78,18.52,1.02
万润科技,sz002654,14.41,14.74,14.6,34482100.0,14.41,71600,14.42,55800,-2.24,14.88,14.24,34482100,498330000.0,4.08,4.34,121.8,121.81,16.21,13.27,0.68
煜邦电力,sh688597,9.82,9.85,9.94,755715200.0,9.82,6200,9.83,9300,-0.3,10.05,9.73,755715200,74740000.0,2.25,3.25,33.0,33.0,11.82,7.88,0.78
百克生物,sh688276,17.87,17.73,17.68,183025200.0,17.87,44000,17.89,11300,0.79,17.93,17.56,183025200,32490000.0,0.44,2.09,73.92,73.92,21.28,14.18,0.73
锐奇股份,sz300126,7.69,7.45,7.43,8162800.0,7.69,31700,7.7,32600,3.22,7.78,7.38,8162800,62440000.0,3.88,5.37,16.2,23.37,8.94,5.96,1.9
复旦张江,sh688505,7.73,7.72,7.66,301648300.0,7.73,3100,7.74,3600,0.13,7.78,7.61,301648300,23220000.0,0.42,2.2,54.93,80.13,9.26,6.18,0.74
鲁阳节能,sz002088,10.19,10.3,10.31,2994900.0,10.19,3000,10.2,14500,-1.07,10.36,10.15,2994900,30620000.0,0.59,2.04,51.54,52.29,11.33,9.27,0.61
舒泰神,sz300204,28.07,28.86,28.41,27882100.0,28.07,42700,28.08,12300,-2.74,28.88,27.72,27882100,786910000.0,6.15,4.02,127.34,134.11,34.63,23.09,0.74
汇源通信,sz000586,18.42,19.14,18.94,23696700.0,18.42,19500,18.43,6600,-3.76,19.13,18.18,23696700,437870000.0,12.39,4.96,35.22,35.63,21.05,17.23,0.58
国科恒泰,sz301370,10.22,10.15,10.16,2285500.0,10.21,1000,10.22,3700,0.69,10.22,10.05,2285500,23190000.0,0.71,1.67,33.09,48.1,12.18,8.12,0.92
中赋科技,sz300692,9.41,9.33,9.35,25930000.0,9.41,14600,9.42,15600,0.86,9.75,9.22,25930000,245990000.0,5.05,5.68,48.28,52.91,11.2,7.46,0.89
美力科技,sz300611,26.1,26.25,26.13,4356500.0,26.1,3400,26.13,300,-0.57,26.36,25.64,4356500,113030000.0,2.94,2.74,38.71,55.09,31.5,21.0,0.75
双林股份,sz300100,29.75,29.98,29.91,5387200.0,29.75,14000,29.76,500,-0.77,30.14,29.58,5387200,160470000.0,0.98,1.87,163.97,170.16,35.98,23.98,0.51
振华重工,sh600320,5.03,5.1,5.09,41340200.0,5.03,97600,5.04,229600,-1.37,5.18,5.01,41340200,210030000.0,1.24,3.33,167.1,265.0,5.61,4.59,1.11
节能国祯,sz300388,8.33,8.28,8.25,12356300.0,8.32,2000,8.33,83400,0.6,8.45,8.21,12356300,102980000.0,1.81,2.9,56.73,56.73,9.94,6.62,1.88
西菱动力,sz300733,17.08,17.63,17.58,5124300.0,17.08,8400,17.09,2600,-3.12,17.6,16.96,5124300,87830000.0,2.27,3.63,38.52,52.21,21.16,14.1,1.03
中红医疗,sz300981,15.01,14.47,14.34,19214700.0,15.0,83500,15.01,57400,3.73,15.2,14.22,19214700,284510000.0,4.89,6.77,58.99,64.37,17.36,11.58,1.43
凯迪股份,sh605288,82.66,83.74,83.13,726800.0,82.66,1500,82.7,2100,-1.29,84.43,82.05,726800,60180000.0,1.04,2.84,58.03,58.42,92.11,75.37,0.58
强邦新材,sz001279,31.3,31.34,31.27,584600.0,31.3,500,31.37,1700,-0.13,31.45,30.9,584600,18230000.0,1.46,1.75,12.52,50.08,34.47,28.21,0.74
信达地产,sh600657,2.9,2.96,2.94,22840900.0,2.9,108200,2.91,320100,-2.03,2.95,2.87,22840900,66340000.0,0.8,2.7,82.7,82.7,3.26,2.66,1.16
惠天热电,sz000692,4.32,4.46,4.41,17167900.0,4.31,27100,4.32,65700,-3.14,4.46,4.28,17167900,74630000.0,3.22,4.04,23.02,23.02,4.91,4.01,1.13
创益通,sz300991,47.71,48.99,49.0,3797800.0,47.71,11600,47.8,2000,-2.61,49.0,47.29,3797800,182380000.0,4.12,3.49,43.96,68.7,58.79,39.19,0.66
威尔药业,sh603351,26.03,25.72,25.75,1179800.0,26.03,2800,26.04,15700,1.21,26.07,25.4,1179800,30270000.0,0.87,2.6,35.25,35.25,28.29,23.15,1.31
东方新能,sz002310,3.06,2.94,2.95,451745200.0,3.06,2573800,3.07,1483600,4.08,3.2,2.92,451745200,1392830000.0,10.51,9.52,131.55,183.58,3.23,2.65,2.25
凯添燃气,bj920010,11.97,12.48,12.58,12333400.0,11.96,32500,11.97,3900,-4.09,12.65,11.95,12333400,150675500.0,7.1,5.61,20.79,28.07,16.22,8.74,0.75
盛泰集团,sh605138,6.75,6.9,6.94,4805600.0,6.75,400,6.76,8000,-2.17,6.94,6.65,4805600,32490000.0,0.86,4.2,37.5,37.5,7.59,6.21,2.08
会畅科技,sz300578,21.22,21.83,21.84,6648200.0,21.22,1300,21.23,14500,-2.79,22.12,21.03,6648200,141620000.0,3.35,4.99,42.06,42.07,26.2,17.46,1.06
拓斯达,sz300607,29.82,29.27,28.77,30106500.0,29.82,27000,29.83,2000,1.88,30.23,28.75,30106500,893400000.0,8.92,5.06,100.64,142.23,35.12,23.42,1.9
新五丰,sh600975,5.48,5.6,5.59,11564900.0,5.48,101000,5.49,273700,-2.14,5.6,5.46,11564900,63680000.0,0.93,2.5,68.48,68.48,6.16,5.04,0.83
奔朗新材,bj920807,11.7,11.94,11.97,1660600.0,11.7,39800,11.71,26000,-2.01,11.99,11.7,1660600,19626700.0,1.34,2.43,14.46,21.28,15.52,8.36,0.4
嘉友国际,sh603871,13.86,13.94,13.85,8231400.0,13.86,28100,13.87,26600,-0.57,14.07,13.82,8231400,114550000.0,0.6,1.79,189.61,189.61,15.33,12.55,0.65
*ST海源,sz002529,7.33,7.26,7.26,8040100.0,7.32,41800,7.33,4100,0.96,7.49,7.22,8040100,58980000.0,3.09,3.72,19.06,19.06,7.62,6.9,2.12
戴维医疗,sz300314,11.57,11.4,11.36,8417600.0,11.57,3300,11.58,1600,1.49,11.69,11.17,8417600,96360000.0,5.86,4.56,16.63,33.32,13.68,9.12,1.8
钱江摩托,sz000913,13.68,13.84,13.71,6409600.0,13.68,21500,13.69,21500,-1.16,13.84,13.57,6409600,87530000.0,1.23,1.95,71.15,72.01,15.22,12.46,0.53
歌尔股份,sz002241,24.35,24.31,24.76,105314700.0,24.34,170900,24.35,102500,0.16,25.15,24.28,105314700,2595760000.0,3.35,3.58,765.22,864.37,26.74,21.88,1.33
河钢股份,sz000709,2.26,2.29,2.28,71384600.0,2.26,6389700,2.27,1722600,-1.31,2.29,2.25,71384600,161790000.0,0.69,1.75,233.58,233.62,2.52,2.06,0.99
晟楠科技,bj920006,22.07,22.68,22.61,878100.0,22.05,5500,22.07,31300,-2.69,22.8,22.07,878100,19589300.0,1.84,3.22,10.55,19.93,29.48,15.88,0.55
红蜻蜓,sh603116,5.69,5.96,5.82,15823900.0,5.68,2500,5.69,141000,-4.53,5.9,5.6,15823900,89880000.0,2.75,5.03,32.79,32.79,6.56,5.36,2.21
迪瑞医疗,sz300396,11.12,11.04,10.99,2314100.0,11.12,15300,11.14,15100,0.72,11.16,10.91,2314100,25550000.0,0.85,2.26,30.28,30.32,13.25,8.83,0.96
力诺药包,sz301188,27.77,26.56,26.48,23094800.0,27.76,39200,27.77,29000,4.56,28.79,26.33,23094800,644250000.0,8.63,9.26,74.29,74.29,31.87,21.25,0.78
亿能电力,bj920046,24.98,26.82,26.65,5022100.0,24.98,8800,24.99,9200,-6.86,26.65,24.98,5022100,128888900.0,8.98,6.23,13.97,25.27,34.86,18.78,0.77
读者传媒,sh603999,6.63,6.64,6.66,11899200.0,6.63,11300,6.64,60400,-0.15,6.67,6.42,11899200,78020000.0,2.07,3.77,38.19,38.19,7.3,5.98,1.49
信雅达,sh600571,13.35,13.48,13.34,7224700.0,13.35,200600,13.36,8700,-0.96,13.44,13.15,7224700,96030000.0,1.58,2.15,61.11,62.25,14.83,12.13,1.04
无线传媒,sz301551,28.84,29.27,29.27,3011900.0,28.83,21100,28.84,600,-1.47,29.27,28.42,3011900,86510000.0,1.95,2.9,44.57,115.36,35.12,23.42,0.81
中国核建,sh601611,13.74,14.03,13.93,29861100.0,13.74,57100,13.75,122400,-2.07,14.05,13.72,29861100,412710000.0,0.99,2.35,414.1,414.1,15.43,12.63,0.8
朗博科技,sh603655,47.52,43.2,43.55,6395200.0,47.52,714300,0.0,0,10.0,47.52,43.02,6395200,295730000.0,6.03,10.42,50.37,50.37,47.52,38.88,2.68
华盛昌,sz002980,82.29,75.9,78.39,26196900.0,82.29,47100,82.3,53900,8.42,83.49,74.5,26196900,2103070000.0,25.84,11.84,83.43,155.86,83.49,68.31,1.23
华昌达,sz300278,4.6,4.65,4.62,18607900.0,4.6,258600,4.61,269000,-1.08,4.67,4.56,18607900,85610000.0,1.32,2.37,64.83,65.04,5.58,3.72,0.67
聚飞光电,sz300303,9.92,10.27,10.1,119619800.0,9.92,622800,9.93,225700,-3.41,10.16,9.76,119619800,1189400000.0,9.0,3.89,131.8,140.55,12.32,8.22,0.66
格科微,sh688728,13.31,13.26,13.26,1156152200.0,13.31,14200,13.32,109100,0.38,13.43,13.2,1156152200,154080000.0,0.46,1.73,332.6,346.14,15.91,10.61,0.89
江波龙,sz301308,373.19,358.19,359.01,16498200.0,373.18,3700,373.19,12000,4.19,382.6,353.03,16498200,6037970000.0,6.01,8.26,1024.01,1564.21,429.83,286.55,1.19
茂硕电源,sz002660,8.6,8.5,8.45,4205700.0,8.6,6800,8.61,10300,1.18,8.67,8.36,4205700,35840000.0,1.23,3.65,29.5,30.67,9.35,7.65,1.12
钢研高纳,sz300034,19.74,20.01,20.01,19891700.0,19.73,37500,19.74,28200,-1.35,20.22,19.61,19891700,394560000.0,2.59,3.05,151.42,157.32,24.01,16.01,1.0
东和新材,bj920792,11.34,11.45,11.55,422300.0,11.34,4300,11.35,2400,-0.96,11.57,11.34,422300,4821900.0,0.42,2.01,11.52,18.77,14.88,8.02,0.41
蜂助手,sz301382,40.14,40.68,39.83,13322500.0,40.13,800,40.14,143300,-1.33,40.95,39.47,13322500,535190000.0,7.56,3.64,70.76,114.64,48.82,32.54,0.53
ST太重,sh600169,2.39,2.38,2.38,10449700.0,2.39,314500,2.4,2001400,0.42,2.4,2.38,10449700,24980000.0,0.31,0.84,79.66,80.0,2.5,2.26,0.71
永创智能,sh603901,12.58,12.84,12.8,16092900.0,12.58,55800,12.59,1100,-2.02,12.88,12.4,16092900,202820000.0,3.19,3.74,63.51,68.1,14.12,11.56,1.12
今世缘,sh603369,26.65,26.26,26.17,19785100.0,26.65,31700,26.66,9400,1.49,27.5,25.92,19785100,529860000.0,1.59,6.02,332.27,332.27,28.89,23.63,1.95
宏鑫科技,sz301539,19.23,19.14,19.01,1478000.0,19.23,8200,19.24,3800,0.47,19.34,18.84,1478000,28220000.0,1.97,2.61,14.43,28.46,22.97,15.31,1.04
智能自控,sz002877,8.75,8.77,8.7,6965600.0,8.75,8000,8.76,2700,-0.23,8.83,8.63,6965600,60840000.0,2.9,2.28,21.05,31.14,9.65,7.89,1.17
香山股份,sz002870,36.02,36.92,36.8,2172300.0,36.02,100,36.04,1400,-2.44,36.92,35.85,2172300,78590000.0,1.67,2.9,46.73,47.57,40.61,33.23,0.85
润建股份,sz002929,56.77,57.12,57.14,15001700.0,56.77,10000,56.78,5800,-0.61,57.47,55.02,15001700,844820000.0,7.12,4.29,119.54,161.27,62.83,51.41,0.67
ST华鹏,sh603021,7.93,7.66,7.62,10156200.0,7.92,6700,7.93,9500,3.52,8.02,7.39,10156200,78790000.0,3.17,8.22,25.37,25.37,8.04,7.28,1.15
苏垦农发,sh601952,10.06,10.26,10.15,18835700.0,10.06,31300,10.07,91000,-1.95,10.28,9.98,18835700,190530000.0,1.37,2.92,138.63,138.63,11.29,9.23,0.87
宝泰隆,sh601011,3.03,3.11,3.1,37209000.0,3.02,194500,3.03,353700,-2.57,3.12,3.03,37209000,114220000.0,1.94,2.89,58.04,58.04,3.42,2.8,1.14
安阳钢铁,sh600569,2.11,2.11,2.1,20916100.0,2.11,1379300,2.12,966800,0.0,2.13,2.09,20916100,44070000.0,0.73,1.9,60.61,60.61,2.32,1.9,1.04
保龄宝,sz002286,10.4,10.36,10.28,11734500.0,10.4,317100,10.41,92400,0.39,10.42,10.08,11734500,119860000.0,3.18,3.28,38.43,39.58,11.4,9.32,1.27
华控赛格,sz000068,3.23,3.19,3.17,12172700.0,3.23,362400,3.24,31600,1.25,3.25,3.16,12172700,39030000.0,1.21,2.82,32.52,32.52,3.51,2.87,1.27
仲景食品,sz300908,28.83,28.82,28.82,1105600.0,28.83,300,28.84,3000,0.03,29.11,28.52,1105600,31830000.0,0.9,2.05,35.58,42.09,34.58,23.06,0.65
视声智能,bj920976,29.56,30.48,30.2,1368300.0,29.49,4000,29.56,100,-3.02,30.43,29.25,1368300,40581600.0,3.1,3.87,13.04,20.97,39.62,21.34,1.06
康恩贝,sh600572,4.53,4.51,4.5,67102700.0,4.52,1189200,4.53,215100,0.44,4.53,4.45,67102700,301340000.0,2.65,1.77,114.62,114.93,4.96,4.06,0.52
中简科技,sz300777,36.04,35.92,35.9,18637100.0,36.04,1700,36.05,9900,0.33,36.73,35.42,18637100,672480000.0,4.41,3.65,152.23,158.47,43.1,28.74,0.69
顺鑫农业,sz000860,12.68,12.9,12.8,5617700.0,12.68,87400,12.69,42300,-1.71,12.86,12.63,5617700,71460000.0,0.76,1.78,94.06,94.06,14.19,11.61,1.14
华电科工,sh601226,9.26,9.4,9.4,15056800.0,9.25,12400,9.26,17200,-1.49,9.4,9.17,15056800,139590000.0,1.3,2.45,107.62,107.62,10.34,8.46,0.72
广聚能源,sz000096,9.59,9.79,9.77,7022200.0,9.59,82000,9.6,50000,-2.04,9.78,9.55,7022200,67610000.0,1.37,2.35,48.99,50.64,10.77,8.81,1.06
长春燃气,sh600333,5.56,5.35,5.46,26228900.0,5.56,90300,5.57,101200,3.93,5.65,5.44,26228900,145720000.0,4.31,3.93,33.86,33.86,5.89,4.82,2.94
富佳股份,sh603219,17.13,17.34,17.3,6852100.0,17.12,30000,17.13,2000,-1.21,17.58,17.05,6852100,118040000.0,1.22,3.06,96.17,96.17,19.07,15.61,1.03
中颖电子,sz300327,27.45,27.25,27.53,12312800.0,27.45,71600,27.46,28500,0.73,27.92,27.25,12312800,338960000.0,3.63,2.46,93.02,93.71,32.7,21.8,1.03
南方精工,sz002553,23.91,24.4,24.2,7147300.0,23.9,23800,23.91,37600,-2.01,24.37,23.72,7147300,170770000.0,2.85,2.66,59.97,84.5,26.84,21.96,0.8
*ST南置,sz002305,2.28,2.23,2.23,19005700.0,2.27,576900,2.28,139100,2.24,2.3,2.21,19005700,43010000.0,1.1,4.04,39.54,39.54,2.34,2.12,0.87
渤海股份,sz000605,6.76,6.64,6.64,5375600.0,6.74,72100,6.76,3500,1.81,6.8,6.57,5375600,35980000.0,1.52,3.46,23.84,23.84,7.3,5.98,1.24
迈为股份,sz300751,225.9,229.46,229.5,5866200.0,225.9,200,225.91,400,-1.55,233.46,223.9,5866200,1334210000.0,3.03,4.17,436.78,631.18,275.35,183.57,0.67
亚信安全,sh688225,16.45,16.56,16.55,288225900.0,16.45,19100,16.5,7600,-0.66,16.58,16.16,288225900,47160000.0,0.72,2.54,65.8,65.8,19.87,13.25,0.88
统一股份,sh600506,20.58,20.53,20.7,3340800.0,20.58,6500,20.59,14000,0.24,20.84,20.4,3340800,68830000.0,1.74,2.14,39.52,39.52,22.58,18.48,0.86
恒林股份,sh603661,31.32,31.68,31.67,1009500.0,31.31,2000,31.32,17900,-1.14,31.67,31.01,1009500,31570000.0,0.73,2.08,43.56,43.56,34.85,28.51,1.23
中文在线,sz300364,29.95,30.43,30.01,53458400.0,29.95,89100,29.96,5600,-1.58,30.49,29.0,53458400,1593860000.0,8.09,4.9,197.8,218.19,36.52,24.34,0.8
九华旅游,sh603199,38.02,38.48,37.88,2218700.0,38.02,7800,38.03,3300,-1.2,38.1,37.49,2218700,83930000.0,2.0,1.59,42.08,42.08,42.33,34.63,0.96
立华股份,sz300761,21.77,22.3,22.2,10002300.0,21.77,6900,21.78,900,-2.38,22.38,21.72,10002300,220400000.0,1.59,2.96,136.72,182.27,26.76,17.84,0.84
东瑞股份,sz001201,12.81,13.0,12.98,3996000.0,12.81,5000,12.82,3300,-1.46,12.99,12.75,3996000,51230000.0,1.97,1.85,26.02,33.02,14.3,11.7,0.65
金达莱,sh688057,12.36,12.28,12.29,122776400.0,12.36,800,12.37,2500,0.65,12.38,12.19,122776400,15070000.0,0.44,1.55,34.11,34.11,14.74,9.82,1.09
三联锻造,sz001282,21.36,22.12,21.93,5002100.0,21.36,3300,21.38,900,-3.44,22.04,21.2,5002100,107720000.0,6.4,3.8,16.7,47.46,24.33,19.91,0.87
致远新能,sz300985,22.98,22.57,22.41,2777700.0,22.96,1200,22.98,5200,1.82,23.14,22.41,2777700,63530000.0,1.49,3.23,42.86,42.86,27.08,18.06,0.72
城建发展,sh600266,4.78,4.79,4.79,26421000.0,4.78,203500,4.79,158600,-0.21,4.82,4.74,26421000,126210000.0,1.27,1.67,99.22,99.22,5.27,4.31,0.58
片仔癀,sh600436,141.86,142.43,142.0,2459400.0,141.86,9200,141.87,1000,-0.4,142.88,140.75,2459400,348660000.0,0.41,1.5,855.87,855.87,156.67,128.19,0.85
杭州高新,sz300478,29.51,30.32,30.4,5111400.0,29.49,500,29.51,100,-2.67,30.44,28.81,5111400,149940000.0,4.04,5.38,37.38,37.38,36.38,24.26,0.73
际华集团,sh601718,2.85,2.91,2.9,47988500.0,2.85,828500,2.86,831100,-2.06,2.92,2.84,47988500,137690000.0,1.1,2.75,124.29,124.29,3.2,2.62,1.39
鑫源智造,sh600615,11.45,11.21,11.11,3506900.0,11.45,3800,11.48,8000,2.14,11.56,11.07,3506900,39720000.0,1.56,4.37,25.79,25.83,12.33,10.09,1.45
欧克科技,sz001223,58.22,57.51,57.28,1020800.0,58.22,500,58.23,200,1.23,58.76,56.9,1020800,59080000.0,1.09,3.23,54.35,54.35,63.26,51.76,0.65
露笑科技,sz002617,7.91,7.91,7.89,75333500.0,7.91,306400,7.92,281900,0.0,8.08,7.79,75333500,597810000.0,4.01,3.67,148.52,151.02,8.7,7.12,1.14
中洲控股,sz000042,8.92,9.05,8.99,3641000.0,8.92,27800,8.93,23600,-1.44,9.02,8.9,3641000,32530000.0,0.55,1.33,59.24,59.3,9.96,8.15,0.68
同力股份,bj920599,19.16,19.12,19.14,2557400.0,19.15,9900,19.16,18700,0.21,19.33,19.01,2557400,49036500.0,0.73,1.67,67.17,88.62,24.85,13.39,0.48
美利信,sz301307,46.33,41.77,42.21,21594800.0,46.33,9300,46.38,1000,10.92,47.09,41.92,21594800,977720000.0,19.85,12.38,50.4,97.57,50.12,33.42,2.18
*ST兰黄,sz000929,10.49,10.66,10.7,2243200.0,10.49,3100,10.5,8600,-1.59,10.7,10.36,2243200,23430000.0,1.21,3.19,19.49,19.49,11.19,10.13,0.61
兆丰股份,sz300695,61.0,68.05,64.47,3822100.0,60.97,4000,61.0,24900,-10.36,64.9,58.31,3822100,233250000.0,3.74,9.68,62.38,62.38,81.66,54.44,4.13
广联达,sz002410,11.02,11.71,11.4,73224900.0,11.01,702000,11.02,182900,-5.89,11.4,11.01,73224900,813120000.0,4.66,3.33,173.03,182.04,12.88,10.54,2.45
欣天科技,sz300615,13.62,13.41,12.98,13136000.0,13.62,10200,13.63,9300,1.57,13.99,12.96,13136000,178430000.0,8.68,7.68,20.6,26.32,16.09,10.73,2.12
星宇股份,sh601799,124.58,124.65,124.34,1858100.0,124.58,5700,124.59,1300,-0.06,125.63,124.04,1858100,231940000.0,0.65,1.28,355.9,355.9,137.12,112.19,0.58
苏交科,sz300284,6.53,6.69,6.66,9163500.0,6.53,10500,6.54,11000,-2.39,6.66,6.5,9163500,60070000.0,0.77,2.39,78.19,82.46,8.03,5.35,1.05
国民技术,sz300077,23.1,23.71,23.72,59262400.0,23.09,15500,23.1,72300,-2.57,24.2,22.87,59262400,1378070000.0,10.46,5.61,130.82,156.65,28.45,18.97,1.19
航锦科技,sz000818,14.56,14.65,14.5,35340200.0,14.56,13800,14.57,27300,-0.61,14.88,14.3,35340200,515590000.0,5.37,3.96,95.84,96.1,16.12,13.19,1.02
长城汽车,sh601633,20.23,20.45,20.4,11581100.0,20.23,150700,20.24,33800,-1.08,20.4,20.21,11581100,234790000.0,0.19,0.93,1256.13,1731.26,22.5,18.41,0.96
中国天楹,sz000035,6.85,6.95,6.97,40698900.0,6.85,196600,6.86,9200,-1.44,6.99,6.8,40698900,279540000.0,1.76,2.73,158.44,163.58,7.65,6.26,0.63
税友股份,sh603171,56.92,56.02,55.69,8684400.0,56.92,49000,56.93,1600,1.61,57.5,54.1,8684400,484400000.0,2.14,6.07,231.03,231.29,61.62,50.42,0.75
博通集成,sh603068,33.55,32.78,33.58,4321400.0,33.55,18800,33.56,10100,2.35,33.85,33.22,4321400,145140000.0,2.85,1.92,50.92,50.92,36.06,29.5,2.08
口子窖,sh603589,24.77,24.94,24.65,5094900.0,24.77,7300,24.8,600,-0.68,25.22,24.55,5094900,126900000.0,0.85,2.69,148.15,148.15,27.43,22.45,1.29
太阳电缆,sz002300,10.32,10.59,10.47,66439000.0,10.31,105200,10.32,169200,-2.55,10.71,10.22,66439000,695490000.0,9.2,4.63,74.54,74.54,11.65,9.53,0.93
新里程,sz002219,2.31,2.35,2.33,90172400.0,2.31,2855300,2.32,2525500,-1.7,2.35,2.29,90172400,208940000.0,2.76,2.55,75.58,79.74,2.59,2.12,0.61
金 螳 螂,sz002081,4.89,5.43,5.45,483521300.0,0.0,0,4.89,17727700,-9.94,5.46,4.89,483521300,2432500000.0,18.28,10.5,129.32,129.85,5.97,4.89,3.11
东软集团,sh600718,8.99,9.05,9.03,14833000.0,8.98,57100,8.99,9400,-0.66,9.07,8.86,14833000,132840000.0,1.24,2.32,107.56,107.56,9.96,8.15,1.09
奥瑞德,sh600666,5.99,6.56,6.44,437015200.0,5.99,848200,6.0,1626800,-8.69,6.46,5.9,437015200,2639510000.0,17.46,8.54,149.88,164.81,7.22,5.9,0.73
移远通信,sh603236,76.53,85.03,79.6,18391700.0,0.0,0,76.53,38500,-10.0,79.6,76.53,18391700,1417950000.0,7.03,3.61,200.25,220.27,93.53,76.53,2.21
金徽酒,sh603919,18.46,18.63,18.45,7571600.0,18.45,6300,18.46,2500,-0.91,18.64,18.18,7571600,139320000.0,1.49,2.47,93.64,93.64,20.49,16.77,1.14
天和磁材,sh603072,35.62,35.88,35.8,1830500.0,35.62,5400,35.66,1600,-0.72,35.8,35.2,1830500,64930000.0,1.45,1.67,44.96,94.14,39.47,32.29,0.83
小商品城,sh600415,13.25,13.63,13.5,177700800.0,13.25,647700,13.26,141400,-2.79,13.6,13.2,177700800,2369210000.0,3.24,2.93,726.57,726.57,14.99,12.27,1.41
三房巷,sh600370,2.64,2.4,2.4,147591400.0,2.64,5670000,0.0,0,10.0,2.64,2.38,147591400,380220000.0,3.67,10.83,106.08,106.08,2.64,2.16,3.0
奋达科技,sz002681,5.12,5.07,5.06,29278500.0,5.12,26700,5.13,153600,0.99,5.16,4.99,29278500,148790000.0,1.87,3.35,80.35,91.89,5.58,4.56,1.09
拓新药业,sz301089,26.54,26.81,26.56,1109200.0,26.53,100,26.54,66100,-1.01,26.95,26.46,1109200,29560000.0,1.23,1.83,24.01,33.58,32.17,21.45,0.58
金财互联,sz002530,8.87,8.91,8.89,11247800.0,8.87,6100,8.88,53600,-0.45,8.96,8.73,11247800,99340000.0,1.62,2.58,61.66,69.11,9.8,8.02,0.67
胜利精密,sz002426,3.82,3.83,3.8,112897300.0,3.82,199400,3.83,1927600,-0.26,3.86,3.74,112897300,429500000.0,3.32,3.13,129.98,129.98,4.21,3.45,0.65
中成股份,sz000151,11.0,10.57,10.89,16311600.0,11.0,53900,11.01,3600,4.07,11.3,10.87,16311600,179520000.0,5.3,4.07,33.87,38.6,11.63,9.51,1.56
舍得酒业,sh600702,45.54,46.45,45.98,7038300.0,45.53,3800,45.54,3300,-1.96,46.38,45.37,7038300,322000000.0,2.12,2.17,151.47,151.54,51.1,41.81,1.33
东方创业,sh600278,7.2,7.21,7.21,5015600.0,7.19,1000,7.2,1900,-0.14,7.24,7.13,5015600,36010000.0,0.58,1.53,62.78,62.78,7.93,6.49,0.85
金种子酒,sh600199,8.07,8.23,8.18,11204200.0,8.07,32600,8.08,28200,-1.94,8.21,8.03,11204200,90720000.0,1.7,2.19,53.08,53.08,9.05,7.41,1.25
五矿发展,sh600058,11.07,11.21,11.16,9065900.0,11.07,29900,11.08,37800,-1.25,11.28,11.0,9065900,100730000.0,0.85,2.5,118.66,118.66,12.33,10.09,0.71
力源信息,sz300184,13.7,13.07,12.99,195235300.0,13.7,877600,13.71,141200,4.82,13.71,12.69,195235300,2598340000.0,18.52,7.8,144.4,157.69,15.68,10.46,1.08
盛科通信-U,sh688702,270.5,252.6,255.0,1254448400.0,270.5,1600,270.7,1200,7.09,288.8,244.0,1254448400,3283740000.0,6.18,17.74,549.09,1109.05,303.12,202.08,1.53
捷捷微电,sz300623,28.16,27.81,28.06,23825000.0,28.15,29900,28.16,15600,1.26,28.9,28.05,23825000,677870000.0,3.1,3.06,216.09,234.31,33.37,22.25,1.18
北投科技,sh600936,3.95,4.02,4.0,14439500.0,3.95,292100,3.96,173300,-1.74,4.0,3.92,14439500,57060000.0,0.86,1.99,66.01,66.01,4.42,3.62,0.66
江西长运,sh600561,6.76,6.67,6.63,4909900.0,6.76,13900,6.77,48400,1.35,6.81,6.61,4909900,32930000.0,1.73,3.0,19.23,19.23,7.34,6.0,0.68
五方光电,sz002962,16.58,17.05,17.02,18004900.0,16.57,16000,16.58,105600,-2.76,17.05,16.44,18004900,298840000.0,8.61,3.58,34.68,48.36,18.76,15.35,0.43
保利联合,sz002037,8.23,8.26,8.24,4739000.0,8.23,30900,8.24,2300,-0.36,8.28,8.14,4739000,38950000.0,0.98,1.69,39.82,39.82,9.09,7.43,0.91
拓普集团,sh601689,56.76,57.97,57.6,25875800.0,56.76,90900,56.77,31100,-2.09,57.81,56.0,25875800,1470980000.0,1.49,3.12,986.4,986.4,63.77,52.17,0.86
金卡智能,sz300349,13.43,13.55,13.45,11052100.0,13.43,9400,13.44,18500,-0.89,13.63,13.17,11052100,147840000.0,2.99,3.39,49.65,56.03,16.26,10.84,0.94
恒基达鑫,sz002492,8.12,8.01,7.99,9608100.0,8.12,54600,8.13,6800,1.37,8.2,7.93,9608100,77560000.0,2.42,3.37,32.3,32.89,8.81,7.21,0.7
春风动力,sh603129,277.82,272.1,270.93,1543100.0,277.77,100,277.82,200,2.1,281.6,270.93,1543100,429620000.0,1.01,3.92,426.41,426.41,299.31,244.89,1.01
众捷汽车,sz301560,41.26,39.43,39.45,6074200.0,41.25,1100,41.26,4000,4.64,41.8,37.2,6074200,239960000.0,24.98,11.67,10.03,50.17,47.32,31.54,1.73
凯淳股份,sz301001,28.45,28.48,28.29,1428100.0,28.45,200,28.46,900,-0.11,28.69,27.95,1428100,40500000.0,2.84,2.6,14.31,22.76,34.18,22.78,1.13
宏海科技,bj920108,10.96,11.4,11.32,855100.0,10.96,12800,10.99,17700,-3.86,11.33,10.93,855100,9481600.0,1.17,3.51,8.0,18.87,14.82,7.98,0.82
安邦护卫,sh603373,38.12,39.01,39.0,1055800.0,38.12,800,38.13,4800,-2.28,39.0,37.6,1055800,40190000.0,2.32,3.59,17.32,40.99,42.91,35.11,0.77
速达股份,sz001277,35.09,35.24,35.0,507100.0,35.09,1000,35.17,3800,-0.43,35.32,34.7,507100,17760000.0,1.11,1.76,15.98,26.67,38.76,31.72,0.77
新日股份,sh603787,12.33,12.05,12.0,7347600.0,12.32,8500,12.33,55000,2.32,12.38,11.93,7347600,89580000.0,3.19,3.73,28.38,28.38,13.26,10.85,1.02
济民健康,sh603222,9.66,9.91,9.88,33378300.0,9.66,153800,9.67,17700,-2.52,9.88,9.27,33378300,320440000.0,6.36,6.16,50.72,50.72,10.9,8.92,1.39
鹏鹞环保,sz300664,5.7,6.0,5.95,30284800.0,5.69,49600,5.7,186900,-5.0,5.99,5.62,30284800,173810000.0,4.03,6.17,42.88,43.11,7.2,4.8,1.49
郴电国际,sh600969,10.1,10.14,10.34,8798600.0,10.09,800,10.1,22000,-0.39,10.37,10.04,8798600,89570000.0,2.38,3.25,37.38,37.38,11.15,9.13,1.02
天桥起重,sz002523,3.83,4.03,4.0,42266300.0,3.83,392300,3.84,31900,-4.96,4.0,3.81,42266300,162410000.0,2.99,4.71,54.06,54.26,4.43,3.63,2.34
机器人,sz300024,14.36,14.78,14.52,28438400.0,14.35,68300,14.36,72200,-2.84,14.66,14.14,28438400,407060000.0,1.82,3.52,224.76,224.82,17.74,11.82,1.57
奕帆传动,sz301023,40.22,40.34,40.09,1004900.0,40.22,400,40.23,8200,-0.3,40.66,39.6,1004900,40260000.0,2.31,2.63,17.51,31.44,48.41,32.27,0.88
必得科技,sh605298,62.49,60.35,60.3,5104400.0,62.49,600,62.5,2500,3.55,63.0,58.0,5104400,307300000.0,2.74,8.29,116.39,117.39,66.39,54.32,1.06
川仪股份,sh603100,18.77,19.29,19.21,8538400.0,18.76,25300,18.77,27300,-2.7,19.31,18.69,8538400,161550000.0,1.67,3.21,96.02,96.32,21.22,17.36,1.5
石化油服,sh600871,2.65,2.72,2.71,152013400.0,2.64,1929100,2.65,2616500,-2.57,2.73,2.63,152013400,406070000.0,1.12,3.68,359.0,502.36,2.99,2.45,1.1
江南高纤,sh600527,2.75,2.5,2.48,156503600.0,2.75,12725000,0.0,0,10.0,2.75,2.46,156503600,420550000.0,9.04,11.6,47.62,47.62,2.75,2.25,1.24
必创科技,sz300667,17.83,17.77,17.84,6912700.0,17.82,13800,17.83,6000,0.34,18.12,17.56,6912700,123710000.0,4.0,3.15,30.78,36.49,21.32,14.22,0.82
慧智微-U,sh688512,12.57,12.46,12.45,956616400.0,12.56,17000,12.57,59400,0.88,12.73,12.29,956616400,119790000.0,2.95,3.53,40.8,58.68,14.95,9.97,1.0
直真科技,sz003007,43.66,42.38,42.38,4607000.0,43.66,31300,43.67,6800,3.02,45.0,41.2,4607000,198240000.0,6.41,8.97,31.39,44.45,46.62,38.14,0.9
广州酒家,sh603043,15.43,15.49,15.46,2445600.0,15.43,13800,15.44,19900,-0.39,15.59,15.37,2445600,37870000.0,0.43,1.42,87.02,87.76,17.04,13.94,1.04
可靠股份,sz301009,11.63,11.51,11.45,1818000.0,11.62,4600,11.63,86600,1.04,11.71,11.37,1818000,20990000.0,1.2,2.95,17.57,31.62,13.81,9.21,0.93
泰胜风能,sz300129,11.11,11.39,11.38,36878100.0,11.1,119200,11.11,32500,-2.46,11.62,11.1,36878100,416030000.0,5.13,4.57,79.85,123.19,13.67,9.11,0.68
惠泉啤酒,sh600573,12.84,12.86,13.08,11215100.0,12.84,6300,12.85,19900,-0.16,13.08,12.71,11215100,144330000.0,4.49,2.88,32.1,32.1,14.15,11.57,0.88
上实发展,sh600748,5.43,5.48,5.45,16716000.0,5.42,96100,5.43,35900,-0.91,5.52,5.35,16716000,90450000.0,0.91,3.1,100.16,100.16,6.03,4.93,0.79
中创股份,sh688695,23.55,23.2,23.19,104094100.0,23.52,600,23.55,1900,1.51,23.75,22.8,104094100,24220000.0,1.95,4.09,12.57,20.03,27.84,18.56,0.9
应流股份,sh603308,82.19,83.0,82.17,30486400.0,82.19,900,82.2,5700,-0.98,84.66,80.0,30486400,2500480000.0,4.49,5.61,558.1,558.1,91.3,74.7,1.23
雅创电子,sz301099,53.59,54.22,53.39,9661800.0,53.55,7600,53.59,800,-1.16,54.95,52.9,9661800,519540000.0,10.76,3.78,48.11,78.6,65.06,43.38,0.73
白云机场,sh600004,8.79,8.83,8.83,8126600.0,8.79,32300,8.8,11100,-0.45,8.84,8.76,8126600,71450000.0,0.34,0.91,208.03,226.54,9.71,7.95,1.15
光明地产,sh600708,3.34,3.27,3.24,44669400.0,3.34,280100,3.35,12200,2.14,3.41,3.24,44669400,149680000.0,2.01,5.2,74.32,74.44,3.6,2.94,1.76
富恒新材,bj920469,8.86,9.01,8.94,1281800.0,8.86,10700,8.88,400,-1.66,9.03,8.81,1281800,11396199.999999998,1.24,2.44,9.17,12.49,11.71,6.31,0.56
显盈科技,sz301067,33.29,33.7,33.4,1142000.0,33.27,300,33.3,2400,-1.22,33.86,33.08,1142000,38080000.0,1.79,2.31,21.25,32.37,40.44,26.96,0.84
西山科技,sh688576,69.9,71.0,70.1,33982500.0,69.89,100,69.9,700,-1.55,70.75,68.98,33982500,23670000.0,1.56,2.49,15.23,31.8,85.2,56.8,0.82
爱慕股份,sh603511,14.33,14.21,14.18,1782000.0,14.33,1400,14.34,21200,0.84,14.35,14.03,1782000,25380000.0,0.44,2.25,57.59,57.9,15.63,12.79,1.51
赛摩智能,sz300466,9.1,8.96,8.94,19480300.0,9.09,30100,9.1,27900,1.56,9.36,8.85,19480300,178720000.0,4.34,5.69,40.85,48.73,10.75,7.17,2.35
大智慧,sh601519,10.05,10.65,10.5,67042700.0,10.05,180800,10.06,83200,-5.63,10.53,9.7,67042700,669060000.0,3.37,7.79,199.91,199.91,11.72,9.59,2.54
中源协和,sh600645,27.09,27.78,27.68,8964100.0,27.08,6600,27.09,12600,-2.48,27.72,27.06,8964100,244550000.0,1.92,2.38,126.72,126.77,30.56,25.0,1.01
航发动力,sh600893,49.11,50.36,50.38,30967000.0,49.11,20300,49.12,17500,-2.48,50.65,48.67,30967000,1528230000.0,1.16,3.93,1308.84,1309.07,55.4,45.32,0.84
中瓷电子,sz003031,127.79,124.78,125.85,14980000.0,127.79,1200,127.8,300,2.41,130.2,124.59,14980000,1913940000.0,4.4,4.5,434.69,576.4,137.26,112.3,0.97
迈信林,sh688685,45.17,44.38,44.58,467852900.0,45.16,500,45.17,500,1.78,45.97,43.0,467852900,207970000.0,3.19,6.69,66.33,66.33,53.26,35.5,0.92
凌钢股份,sh600231,2.15,2.12,2.12,34902300.0,2.14,982900,2.15,244500,1.42,2.15,2.09,34902300,74230000.0,1.23,2.83,60.98,61.75,2.33,1.91,1.96
中国重汽,sz000951,23.42,24.14,24.03,16099700.0,23.42,6900,23.43,10500,-2.98,24.28,23.25,16099700,378840000.0,1.37,4.27,275.15,275.15,26.55,21.73,0.91
朗科智能,sz300543,9.11,9.57,9.18,14029300.0,9.1,18700,9.11,2900,-4.81,9.25,8.83,14029300,126710000.0,5.61,4.39,22.79,27.91,11.48,7.66,3.26
凯德石英,bj920179,49.94,50.5,48.92,3550000.0,49.88,8300,49.94,1000,-1.11,51.5,48.9,3550000,178606400.0,5.94,5.15,29.82,37.44,65.65,35.35,0.54
广咨国际,bj920892,14.88,15.13,15.02,605600.0,14.88,100,14.91,1200,-1.65,15.18,14.8,605600,9069000.0,0.4,2.51,22.45,25.35,19.66,10.6,0.42
海得控制,sz002184,11.28,11.29,11.22,4338900.0,11.28,100,11.29,1100,-0.09,11.35,11.1,4338900,48620000.0,1.81,2.21,27.11,39.7,12.42,10.16,0.87
珠海港,sz000507,5.18,5.28,5.26,17190300.0,5.17,143100,5.18,200000,-1.89,5.26,5.14,17190300,89300000.0,1.91,2.27,46.74,47.64,5.81,4.75,1.41
大参林,sh603233,18.19,17.98,18.19,11571300.0,18.19,15300,18.2,6900,1.17,18.36,17.4,11571300,208870000.0,1.02,5.34,207.16,207.16,19.78,16.18,2.31
光正眼科,sz002524,4.15,4.05,4.05,17490500.0,4.14,103800,4.15,174300,2.47,4.16,4.0,17490500,71590000.0,3.42,3.95,21.2,21.39,4.46,3.65,1.32
长青科技,sz001324,20.16,20.3,20.6,2445500.0,20.15,5000,20.16,6700,-0.69,20.6,19.82,2445500,49130000.0,2.99,3.84,16.46,27.82,22.33,18.27,0.67
起帆电缆,sh605222,33.44,33.27,33.5,25938000.0,33.41,1300,33.44,3500,0.51,35.88,32.89,25938000,887570000.0,6.28,8.99,138.07,138.07,36.6,29.94,0.9
喜悦智行,sz301198,17.24,16.52,16.37,7149000.0,17.23,1700,17.24,10300,4.36,17.4,16.34,7149000,121480000.0,4.6,6.42,26.82,29.14,19.82,13.22,1.04
*ST四通,sh603838,9.23,8.9,8.72,2207200.0,9.18,1000,9.23,9200,3.71,9.25,8.72,2207200,20030000.0,0.69,5.96,29.54,29.54,9.35,8.46,0.56
超图软件,sz300036,15.77,16.03,15.89,9130000.0,15.76,2100,15.77,8800,-1.62,16.0,15.59,9130000,143910000.0,2.08,2.56,69.15,77.71,19.24,12.82,0.9
香溢融通,sh600830,8.67,8.7,8.67,3317100.0,8.67,9900,8.68,12300,-0.34,8.72,8.55,3317100,28640000.0,0.73,1.95,39.39,39.39,9.57,7.83,0.93
地纬智能,sh688579,10.77,10.9,10.86,559644100.0,10.76,800,10.77,39600,-1.19,10.96,10.63,559644100,60040000.0,1.4,3.03,43.08,43.08,13.08,8.72,0.82
数码视讯,sz300079,5.5,5.54,5.47,32120500.0,5.5,231600,5.51,74400,-0.72,5.55,5.37,32120500,175520000.0,2.51,3.25,70.48,78.43,6.65,4.43,1.03
超卓航科,sh688237,54.88,54.38,54.04,130242400.0,54.88,700,54.98,1000,0.92,55.96,54.04,130242400,71920000.0,1.45,3.53,49.22,49.22,65.26,43.5,1.03
ST帕瓦,sh688184,10.16,10.18,10.16,49160100.0,10.15,1600,10.16,6200,-0.2,10.2,9.95,49160100,4950000.0,0.49,2.46,10.21,16.16,12.22,8.14,0.98
*ST传智,sz003032,6.38,6.35,6.34,2881400.0,6.37,7800,6.38,27600,0.47,6.4,6.28,2881400,18250000.0,1.04,1.89,17.62,25.68,6.67,6.03,1.0
泉峰汽车,sh603982,7.8,7.67,7.62,4705000.0,7.8,4600,7.81,4800,1.69,7.83,7.62,4705000,36330000.0,1.39,2.74,26.49,28.48,8.44,6.9,0.87
高新发展,sz000628,63.81,63.33,63.33,18949500.0,63.81,9200,63.82,3600,0.76,65.85,62.55,18949500,1211830000.0,9.86,5.21,122.67,224.79,69.66,57.0,1.14
金冠股份,sz300510,4.04,4.02,4.04,19500500.0,4.04,144000,4.05,2000,0.5,4.07,3.98,19500500,78480000.0,2.36,2.24,33.32,33.32,4.82,3.22,1.19
铁流股份,sh603926,19.02,19.4,18.89,8248700.0,19.02,400,19.03,45300,-1.96,19.54,18.87,8248700,157790000.0,3.57,3.45,43.91,44.64,21.34,17.46,0.66
佳禾智能,sz300793,13.93,14.01,14.01,5214400.0,13.93,200,13.94,100,-0.57,14.1,13.74,5214400,72400000.0,1.4,2.57,51.83,53.01,16.81,11.21,1.05
雪榕生物,sz300511,7.63,7.55,7.49,46245300.0,7.63,25000,7.64,4800,1.06,7.84,7.45,46245300,354010000.0,8.26,5.17,42.73,48.9,9.06,6.04,1.14
敷尔佳,sz301371,27.97,26.43,27.1,13137800.0,27.97,2200,27.98,500,5.83,28.8,26.69,13137800,367300000.0,16.89,7.98,21.76,145.47,31.72,21.14,2.43
新城市,sz300778,12.57,12.53,12.42,2840200.0,12.57,400,12.59,15100,0.32,12.68,12.31,2840200,35500000.0,1.39,2.95,25.59,25.6,15.04,10.02,0.68
*ST天山,sz300313,8.8,8.33,8.44,7819600.0,8.79,11000,8.8,21000,5.64,9.08,8.2,7819600,68070000.0,3.96,10.56,17.37,21.1,10.0,6.66,3.79
通达股份,sz002560,14.25,14.27,13.65,108407800.0,14.24,552600,14.25,208700,-0.14,14.69,13.63,108407800,1551410000.0,23.93,7.43,64.54,74.92,15.7,12.84,0.8
华软科技,sz002453,4.87,4.83,4.82,24382500.0,4.86,71700,4.87,183500,0.83,5.17,4.81,24382500,120560000.0,3.98,7.45,29.84,39.56,5.31,4.35,1.86
凯发电气,sz300407,12.83,13.07,12.95,6810800.0,12.83,1100,12.85,4900,-1.84,13.02,12.61,6810800,86950000.0,2.63,3.14,33.22,44.43,15.68,10.46,0.8
博源化工,sz000683,8.96,8.87,8.8,48648400.0,8.96,167200,8.97,800,1.01,9.1,8.76,48648400,436230000.0,1.46,3.83,299.45,333.03,9.76,7.98,0.77
苏轴股份,bj920418,25.04,25.48,25.46,1389300.0,25.04,900,25.05,8900,-1.73,25.65,25.04,1389300,35063000.0,0.89,2.39,38.99,40.69,33.12,17.84,0.57
天康生物,sz002100,7.55,7.81,7.8,31937300.0,7.54,247500,7.55,11100,-3.33,7.8,7.48,31937300,242870000.0,2.34,4.1,103.08,103.08,8.59,7.03,0.95
精进电动-UW,sh688280,11.17,10.74,10.78,2663496500.0,11.16,27800,11.17,22600,4.0,11.4,10.52,2663496500,293950000.0,5.12,8.19,58.14,65.93,12.89,8.59,1.32
电投水电,sh600292,15.93,15.81,15.92,19216200.0,15.93,52900,15.94,28100,0.76,16.09,15.61,19216200,305610000.0,4.37,3.04,69.98,697.77,17.39,14.23,1.01
金麒麟,sh603586,18.5,19.8,19.36,12023400.0,18.5,8500,18.51,1700,-6.57,19.46,18.3,12023400,224930000.0,6.13,5.86,36.27,36.27,21.78,17.82,2.01
东鹏饮料,sh605499,199.96,204.18,203.0,3129600.0,199.96,400,199.97,2100,-2.07,203.8,199.87,3129600,629940000.0,0.6,1.92,1039.82,1129.31,224.6,183.76,0.81
北路智控,sz301195,30.73,32.4,31.29,2251100.0,30.73,1600,30.75,12400,-5.15,31.65,30.43,2251100,69120000.0,2.57,3.77,26.95,40.59,38.88,25.92,2.48
海正生材,sh688203,13.0,13.18,13.22,1170709400.0,13.0,7000,13.02,200,-1.37,14.5,12.81,1170709400,157380000.0,5.78,12.82,26.35,26.35,15.82,10.54,4.0
合力泰,sz002217,2.69,2.77,2.76,542268400.0,2.69,7392100,2.7,1164800,-2.89,2.86,2.69,542268400,1497280000.0,7.45,6.14,195.81,201.2,3.05,2.49,0.73
国瑞科技,sz300600,13.15,13.88,13.86,17668000.0,13.14,31800,13.15,5400,-5.26,14.1,13.08,17668000,235800000.0,6.0,7.35,38.69,38.69,16.66,11.1,0.95
立方控股,bj920130,19.37,19.82,19.95,974400.0,19.37,3900,19.49,23700,-2.27,19.99,19.28,974400,19055000.0,1.72,3.58,10.96,17.87,25.76,13.88,0.76
灿能电力,bj920299,22.61,23.65,23.57,2221300.0,22.61,4500,22.62,21500,-4.4,23.6,22.61,2221300,51010300.0,4.89,4.19,10.27,20.37,30.74,16.56,0.6
丰光精密,bj920510,14.79,15.12,15.18,1459200.0,14.79,900,14.8,10700,-2.18,15.18,14.67,1459200,21686200.0,1.55,3.37,13.89,27.25,19.65,10.59,0.58
如通股份,sh603036,17.73,17.52,17.41,3879100.0,17.73,8800,17.74,18300,1.2,18.29,17.35,3879100,69200000.0,1.88,5.37,36.52,36.52,19.27,15.77,1.88
百诚医药,sz301096,57.11,57.19,57.0,3448200.0,57.08,1100,57.13,3700,-0.14,57.82,55.1,3448200,196310000.0,4.15,4.76,47.45,62.38,68.63,45.75,1.37
博云新材,sz002297,22.3,22.24,21.57,162738800.0,22.29,132900,22.3,1698800,0.27,22.45,21.27,162738800,3564210000.0,28.4,5.31,127.8,127.8,24.46,20.02,0.96
花王股份,sh603007,6.11,6.38,6.27,30348300.0,6.1,152700,6.11,132100,-4.23,6.36,6.08,30348300,187140000.0,4.37,4.39,42.47,54.05,7.02,5.74,0.82
金城医药,sz300233,15.66,16.06,16.05,14764600.0,15.66,25900,15.67,7000,-2.49,16.14,15.46,14764600,231130000.0,3.99,4.23,57.91,60.11,19.27,12.85,1.25
彩虹集团,sz003023,31.03,31.06,31.0,6591200.0,31.03,32600,31.05,700,-0.1,31.36,29.91,6591200,202150000.0,6.27,4.67,32.62,32.69,34.17,27.95,0.66
新通联,sh603022,10.54,10.38,10.35,3760800.0,10.54,9300,10.55,600,1.54,10.63,10.26,3760800,39270000.0,1.88,3.56,21.08,21.08,11.42,9.34,1.03
金桥信息,sh603918,13.39,13.47,13.4,6568600.0,13.39,13100,13.4,17800,-0.59,13.51,13.1,6568600,87370000.0,1.8,3.04,48.89,48.89,14.82,12.12,1.0
南新制药,sh688189,7.47,7.26,7.26,487664600.0,7.47,3700,7.48,6800,2.89,7.52,7.2,487664600,36000000.0,1.78,4.41,20.5,20.5,8.71,5.81,1.09
中再资环,sh600217,3.73,3.73,3.72,9713200.0,3.73,330700,3.74,51900,0.0,3.76,3.7,9713200,36270000.0,0.59,1.61,61.83,61.83,4.1,3.36,1.03
安诺其,sz300067,6.67,7.27,7.35,368628100.0,6.67,447200,6.68,515700,-8.25,7.6,6.66,368628100,2600810000.0,39.32,12.93,62.53,77.0,8.72,5.82,18.74
ST惠伦,sz300460,9.8,9.97,9.8,11686900.0,9.79,4500,9.8,21000,-1.71,10.21,9.68,11686900,115910000.0,4.16,5.32,27.52,27.52,11.96,7.98,1.12
富岭股份,sz001356,10.83,10.81,10.79,2348300.0,10.82,11000,10.83,12200,0.19,10.87,10.7,2348300,25330000.0,1.17,1.57,21.73,63.82,11.89,9.73,0.89
利亚德,sz300296,6.67,7.6,7.05,267058200.0,6.66,1732100,6.67,176200,-12.24,7.05,6.57,267058200,1795810000.0,11.74,6.32,151.71,180.89,9.12,6.08,2.14
华信永道,bj920592,30.6,31.86,31.77,1024400.0,30.55,1000,30.6,7700,-3.95,32.36,30.6,1024400,31855200.0,2.04,5.52,15.39,24.72,41.41,22.31,0.6
赛力斯,sh601127,90.85,92.48,92.48,21817800.0,90.84,6700,90.85,51800,-1.76,92.68,89.68,21817800,1974690000.0,1.4,3.24,1414.72,1582.59,101.73,83.23,1.11
华远控股,sh600743,2.38,2.5,2.47,108982900.0,2.38,4820400,2.39,456700,-4.8,2.49,2.38,108982900,263550000.0,4.65,4.4,55.84,55.84,2.75,2.25,0.46
ST金鸿,sz000669,4.06,4.17,3.98,18762600.0,4.06,217100,4.07,94300,-2.64,4.14,3.98,18762600,76170000.0,2.76,3.84,27.62,27.62,4.38,3.96,0.82
云煤能源,sh600792,4.19,4.22,4.23,37264900.0,4.18,362200,4.19,77000,-0.71,4.36,4.16,37264900,158650000.0,3.36,4.74,46.51,46.51,4.64,3.8,1.38
渤海租赁,sz000415,4.56,4.56,4.54,66492500.0,4.55,714800,4.56,200,0.0,4.58,4.43,66492500,299420000.0,1.23,3.29,245.92,282.01,5.02,4.1,0.95
福达股份,sh603166,13.38,13.5,13.5,4219000.0,13.38,9900,13.39,4400,-0.89,13.5,13.23,4219000,56250000.0,0.66,2.0,85.73,86.39,14.85,12.15,0.63
深圳瑞捷,sz300977,19.65,20.07,20.0,2310700.0,19.65,22000,19.66,15100,-2.09,20.08,19.37,2310700,45450000.0,2.44,3.54,18.63,29.91,24.08,16.06,1.04
格林精密,sz300968,11.8,11.7,11.63,3624800.0,11.79,1300,11.8,2500,0.85,11.88,11.62,3624800,42620000.0,0.88,2.22,48.78,48.78,14.04,9.36,1.03
协创数据,sz300857,264.18,257.11,255.0,35152600.0,264.13,100,264.18,21900,2.75,268.88,250.89,35152600,9133890000.0,7.29,7.0,1273.52,1280.13,308.53,205.69,1.16
思源电气,sz002028,222.13,223.99,222.95,9015700.0,222.12,100,222.13,500,-0.83,226.6,219.01,9015700,2006860000.0,1.48,3.39,1356.51,1738.06,246.39,201.59,0.7
颖泰生物,bj920819,3.56,3.57,3.56,5981300.0,3.55,53200,3.56,48400,-0.28,3.58,3.53,5981300,21242600.000000004,0.49,1.4,43.13,43.64,4.64,2.5,0.87
北京人力,sh600861,16.37,16.36,16.31,3981400.0,16.37,13300,16.38,11600,0.06,16.42,16.02,3981400,64490000.0,1.09,2.44,60.01,92.67,18.0,14.72,1.74
荣联科技,sz002642,7.99,7.77,7.77,23043000.0,7.99,144500,8.0,168700,2.83,8.05,7.58,23043000,181130000.0,3.48,6.05,52.86,52.86,8.55,6.99,2.18
华新科技,sz301265,25.69,26.21,25.98,11378000.0,25.67,2600,25.69,1700,-1.98,26.16,24.96,11378000,290650000.0,6.7,4.58,43.62,77.83,31.45,20.97,0.58
ST海泰,sh600082,3.03,2.93,2.92,31414200.0,3.03,74600,3.04,327800,3.41,3.07,2.92,31414200,94060000.0,4.95,5.12,19.22,19.58,3.08,2.78,0.67
风语筑,sh603466,10.13,10.31,10.08,49121700.0,10.13,62200,10.14,47300,-1.75,10.21,9.95,49121700,494540000.0,8.26,2.52,60.26,60.26,11.34,9.28,1.23
宁波建工,sh601789,5.61,5.72,5.66,82449200.0,5.6,316900,5.61,236200,-1.92,5.72,5.52,82449200,463140000.0,7.59,3.5,60.97,85.52,6.29,5.15,0.96
易事特,sz300376,6.08,6.2,6.16,22772000.0,6.07,442900,6.08,88900,-1.94,6.22,6.04,22772000,138580000.0,0.98,2.9,141.51,141.56,7.44,4.96,0.88
永安期货,sh600927,14.1,14.53,14.2,13055000.0,14.1,18300,14.11,1300,-2.96,14.3,13.79,13055000,182700000.0,0.9,3.51,205.23,205.23,15.98,13.08,2.9
贝泰妮,sz300957,38.38,36.88,36.7,12814400.0,38.37,11100,38.38,8500,4.07,38.78,36.6,12814400,486180000.0,3.03,5.91,162.58,162.58,44.26,29.5,2.02
恒进感应,bj920870,14.22,14.76,14.7,920100.0,14.22,2100,14.23,14400,-3.66,14.75,14.22,920100,13286900.0,1.39,3.59,9.39,19.05,19.18,10.34,0.54
云鼎科技,sz000409,10.34,10.17,10.17,9866300.0,10.34,61000,10.35,46000,1.67,10.5,9.98,9866300,100950000.0,1.67,5.11,61.06,70.08,11.19,9.15,1.04
狄耐克,sz300884,12.99,12.96,12.95,4216800.0,12.99,6200,13.0,35600,0.23,13.05,12.71,4216800,54340000.0,2.2,2.62,24.86,32.98,15.55,10.37,0.96
和而泰,sz002402,31.5,31.49,31.4,25519000.0,31.5,92000,31.51,14700,0.03,31.88,30.91,25519000,800490000.0,3.14,3.08,256.29,291.26,34.64,28.34,0.97
我乐家居,sh603326,8.74,8.7,8.6,2613700.0,8.74,11400,8.75,1500,0.46,8.8,8.58,2613700,22720000.0,0.82,2.53,27.9,27.9,9.57,7.83,0.78
罗欣药业,sz002793,5.4,5.63,5.6,105353600.0,5.39,44100,5.4,279700,-4.09,5.6,5.22,105353600,566090000.0,9.7,6.75,58.64,58.73,6.19,5.07,4.29
网达软件,sh603189,12.63,12.6,12.5,16623300.0,12.63,45400,12.64,70300,0.24,12.85,12.07,16623300,205730000.0,6.17,6.19,34.04,34.04,13.86,11.34,0.73
宇通客车,sh600066,36.97,36.97,36.79,17891200.0,36.96,1800,36.97,1000,0.0,37.72,36.5,17891200,664740000.0,0.81,3.3,818.49,818.49,40.67,33.27,0.93
光莆股份,sz300632,16.73,16.5,16.03,24668600.0,16.73,51100,16.74,2000,1.39,17.45,15.99,24668600,417710000.0,11.15,8.85,37.01,51.06,19.8,13.2,0.7
葵花药业,sz002737,12.2,12.12,12.11,3213300.0,12.2,16500,12.21,4500,0.66,12.26,12.03,3213300,39130000.0,0.55,1.9,71.25,71.25,13.33,10.91,1.25
九芝堂,sz000989,9.84,9.87,9.87,18954200.0,9.83,72900,9.84,32700,-0.3,9.94,9.74,18954200,185970000.0,2.73,2.03,68.3,84.22,10.86,8.88,0.79
得邦照明,sh603303,15.78,16.18,16.34,2476600.0,15.78,30300,15.79,24700,-2.47,16.34,15.7,2476600,39350000.0,0.52,3.96,75.26,75.26,17.8,14.56,0.75
东安动力,sh600178,11.25,11.32,11.34,3600300.0,11.24,12500,11.25,4600,-0.62,11.37,11.07,3600300,40290000.0,0.77,2.65,52.48,52.48,12.45,10.19,1.13
信安世纪,sh688201,11.21,11.25,11.2,848380400.0,11.21,3700,11.22,600,-0.36,11.31,10.92,848380400,94260000.0,2.8,3.47,33.91,35.55,13.5,9.0,0.63
申科股份,sz002633,19.31,19.2,19.2,3484900.0,19.31,6700,19.32,500,0.57,19.49,18.72,3484900,66540000.0,2.33,4.01,28.85,28.96,21.12,17.28,0.92
吉比特,sh603444,401.97,387.7,391.9,4625100.0,401.97,5700,401.98,100,3.68,416.97,386.89,4625100,1852380000.0,6.42,7.76,289.58,289.58,426.47,348.93,2.08
山外山,sh688410,15.7,15.99,15.85,320597100.0,15.7,0,15.72,1800,-1.81,15.98,15.62,320597100,50430000.0,1.0,2.25,50.18,50.18,19.19,12.79,1.08
卓兆点胶,bj920026,36.6,36.86,36.77,607600.0,36.6,1600,36.61,5900,-0.71,37.26,36.2,607600,22330400.0,1.63,2.88,13.62,30.04,47.91,25.81,0.39
恒尚节能,sh603137,13.14,13.07,13.05,2707800.0,13.14,1300,13.15,21200,0.54,13.17,12.93,2707800,35340000.0,1.48,1.84,24.04,24.04,14.38,11.76,1.46
华凯易佰,sz300592,13.93,14.15,14.19,10918700.0,13.92,2900,13.93,38900,-1.55,14.29,13.77,10918700,152460000.0,3.13,3.67,48.6,56.33,16.98,11.32,1.27
华达新材,sh605158,7.17,7.15,7.07,4253600.0,7.16,200,7.17,78900,0.28,7.18,7.01,4253600,30210000.0,0.83,2.38,36.67,36.67,7.87,6.44,0.98
峰璟股份,sz002662,4.17,4.19,4.18,23085800.0,4.16,220700,4.17,63200,-0.48,4.2,4.11,23085800,95970000.0,1.54,2.15,62.55,62.55,4.61,3.77,0.86
和顺石油,sh603353,36.44,36.51,36.1,4354700.0,36.42,300,36.44,3600,-0.19,36.93,35.8,4354700,158420000.0,2.56,3.1,62.1,62.64,40.16,32.86,0.91
健麾信息,sh605186,19.76,19.56,19.64,1720400.0,19.74,1400,19.76,4700,1.02,19.93,19.33,1720400,33830000.0,1.27,3.07,26.87,26.87,21.52,17.6,1.13
明新旭腾,sh605068,26.38,27.46,27.41,2546100.0,26.38,1600,26.4,7400,-3.93,27.58,26.31,2546100,68020000.0,1.57,4.62,42.79,42.79,30.21,24.71,0.57
欢瑞世纪,sz000892,5.16,5.51,4.96,105475700.0,5.16,268200,5.17,306800,-6.35,5.22,4.96,105475700,531620000.0,14.84,4.72,36.68,50.62,6.06,4.96,2.32
国茂股份,sh603915,15.21,15.39,15.33,4905900.0,15.2,5800,15.21,1600,-1.17,15.46,15.13,4905900,74670000.0,0.75,2.14,99.87,99.87,16.93,13.85,0.89
元隆雅图,sz002878,18.11,18.34,18.14,9587600.0,18.11,25300,18.12,1000,-1.25,18.51,17.93,9587600,174700000.0,4.06,3.16,42.73,47.45,20.17,16.51,0.8
朗鸿科技,bj920395,9.71,9.92,9.85,554600.0,9.7,5000,9.71,14300,-2.12,9.89,9.71,554600,5429600.0,0.53,1.81,10.17,14.82,12.89,6.95,0.39
柯力传感,sh603662,55.81,56.03,55.98,2399800.0,55.81,23100,55.83,2700,-0.39,56.25,55.32,2399800,133940000.0,0.85,1.66,156.73,156.73,61.63,50.43,0.74
合力科技,sh603917,12.96,12.81,12.8,4096000.0,12.96,300,12.97,3300,1.17,13.02,12.55,4096000,52430000.0,2.01,3.67,26.42,26.42,14.09,11.53,1.05
探路者,sz300005,16.11,14.95,15.0,79544300.0,16.11,77100,16.12,16700,7.76,16.86,14.85,79544300,1270880000.0,9.07,13.44,141.22,142.36,17.94,11.96,2.93
宝兰德,sh688058,28.06,28.3,26.93,276930600.0,28.06,600,28.07,1700,-0.85,28.29,26.61,276930600,75750000.0,3.65,5.94,21.28,21.28,33.96,22.64,2.68
纬德信息,sh688171,53.8,54.77,55.0,209547100.0,53.8,1100,53.91,1700,-1.77,55.0,52.0,209547100,112210000.0,2.5,5.48,45.07,45.07,65.72,43.82,0.67
博彦科技,sz002649,11.61,11.78,11.72,10923900.0,11.61,100,11.62,10900,-1.44,11.79,11.38,10923900,126110000.0,1.99,3.48,63.69,67.96,12.96,10.6,1.17
萤石网络,sh688475,30.12,30.18,30.02,444119300.0,30.11,3500,30.12,1400,-0.2,30.27,29.74,444119300,133450000.0,0.56,1.76,237.19,237.19,36.22,24.14,0.74
华设集团,sh603018,7.31,7.28,7.3,4336800.0,7.31,33700,7.32,10700,0.41,7.35,7.23,4336800,31570000.0,0.63,1.65,49.99,49.99,8.01,6.55,0.74
兆驰股份,sz002429,11.79,13.1,11.79,54681500.0,0.0,0,11.79,73061100,-10.0,11.79,11.79,54681500,644690000.0,1.21,0.0,533.42,533.73,14.41,11.79,0.27
莲花控股,sh600186,9.14,9.45,9.58,399718800.0,9.14,39700,9.15,192200,-3.28,9.8,8.91,399718800,3698600000.0,22.45,9.42,162.72,163.86,10.4,8.51,1.58
云南能投,sz002053,11.7,11.99,11.9,13768200.0,11.7,22300,11.71,37500,-2.42,12.05,11.61,13768200,162720000.0,1.5,3.67,107.72,107.73,13.19,10.79,1.17
天保基建,sz000965,3.54,3.53,3.52,13024600.0,3.53,293900,3.54,157100,0.28,3.55,3.48,13024600,45800000.0,1.17,1.98,39.29,39.29,3.88,3.18,0.84
恒为科技,sh603496,32.4,31.86,31.62,52997600.0,32.39,106400,32.4,40700,1.69,32.77,30.65,52997600,1692940000.0,16.55,6.65,103.75,103.75,35.05,28.67,1.99
国统股份,sz002205,12.73,12.64,12.56,2502900.0,12.73,14400,12.74,7900,0.71,12.78,12.4,2502900,31590000.0,1.35,3.01,23.66,23.66,13.9,11.38,0.86
之江生物,sh688317,20.23,20.07,20.06,159330300.0,20.22,3800,20.23,36900,0.8,20.24,19.8,159330300,31930000.0,0.83,2.19,38.87,38.87,24.08,16.06,0.92
浙江华远,sz301535,19.01,19.33,19.1,3447100.0,18.99,300,19.01,6300,-1.66,19.32,18.62,3447100,65040000.0,2.03,3.62,32.28,80.85,23.2,15.46,0.97
东软载波,sz300183,13.35,15.18,14.36,22535800.0,13.35,27000,13.36,2100,-12.06,14.49,12.96,22535800,300590000.0,6.07,10.08,49.53,61.76,18.22,12.14,3.42
新亚电缆,sz001382,20.23,20.41,20.23,3807300.0,20.23,2000,20.24,7100,-0.88,20.5,20.06,3807300,77100000.0,6.04,2.16,12.74,83.35,22.45,18.37,0.7
开创国际,sh600097,10.79,10.76,10.71,2409700.0,10.78,6500,10.79,9600,0.28,10.8,10.64,2409700,25820000.0,1.0,1.49,26.0,26.0,11.84,9.68,0.87
同享科技,bj920167,16.97,17.21,17.26,763000.0,16.95,5900,16.97,300,-1.39,17.38,16.93,763000,13005700.0,1.17,2.61,11.09,18.67,22.37,12.05,0.52
万德股份,bj920519,11.87,12.04,12.05,868000.0,11.87,5000,11.88,1800,-1.41,12.06,11.81,868000,10333000.0,1.51,2.08,6.83,10.59,15.65,8.43,0.47
佳力奇,sz301586,42.09,42.54,42.32,793200.0,42.09,2900,42.12,300,-1.06,42.76,41.69,793200,33350000.0,1.5,2.52,22.27,34.92,51.05,34.03,0.98
均普智能,sh688306,9.39,9.46,9.4,680532900.0,9.39,300,9.4,9700,-0.74,9.49,9.26,680532900,63790000.0,0.55,2.43,115.34,115.34,11.35,7.57,0.72
克来机电,sh603960,22.09,22.33,22.02,11658000.0,22.09,2900,22.1,3500,-1.07,22.75,21.6,11658000,257090000.0,4.45,5.15,57.92,57.92,24.56,20.1,0.74
斯莱克,sz300382,15.17,15.41,15.26,44898400.0,15.17,318600,15.18,106000,-1.56,15.86,15.09,44898400,691190000.0,6.93,5.0,98.35,98.36,18.49,12.33,1.5
华辰装备,sz300809,33.93,34.49,34.51,3072600.0,33.93,3500,33.94,29300,-1.62,34.61,33.92,3072600,105110000.0,2.04,2.0,51.09,86.03,41.39,27.59,0.57
浙大网新,sh600797,9.1,9.15,9.1,37435700.0,9.1,206300,9.11,70500,-0.55,9.31,8.87,37435700,339870000.0,3.64,4.81,93.5,93.5,10.07,8.24,0.93
麦加芯彩,sh603062,52.84,51.5,51.1,2552100.0,52.82,2700,52.84,1100,2.6,52.97,50.82,2552100,133300000.0,6.88,4.17,19.59,57.07,56.65,46.35,1.79
昆船智能,sz301311,16.78,16.75,16.7,1938300.0,16.78,1200,16.79,4800,0.18,16.83,16.51,1938300,32340000.0,0.81,1.91,40.27,40.27,20.1,13.4,0.78
晋西车轴,sh600495,4.35,4.4,4.4,13053600.0,4.34,150200,4.35,85100,-1.14,4.4,4.32,13053600,56760000.0,1.08,1.82,52.56,52.56,4.84,3.96,0.65
聚力文化,sz002247,2.73,2.71,2.69,22376700.0,2.73,685100,2.74,291700,0.74,2.76,2.66,22376700,60680000.0,3.48,3.69,17.57,23.23,2.98,2.44,1.12
岩山科技,sz002195,8.97,9.1,9.03,173313600.0,8.96,603400,8.97,887900,-1.43,9.07,8.84,173313600,1549350000.0,3.09,2.53,502.43,508.65,10.01,8.19,0.79
神州高铁,sz000008,2.66,2.67,2.66,46271200.0,2.66,89300,2.67,2918900,-0.37,2.67,2.63,46271200,122720000.0,1.7,1.5,72.25,72.26,2.94,2.4,0.94
新泉股份,sh603179,61.17,62.01,62.0,13963900.0,61.17,700,61.19,700,-1.35,63.99,61.05,13963900,867970000.0,2.74,4.74,312.05,312.05,68.21,55.81,0.94
敦煌种业,sh600354,6.1,6.16,6.11,14539400.0,6.1,155300,6.11,174700,-0.97,6.18,6.06,14539400,88840000.0,2.75,1.95,32.2,32.2,6.78,5.54,0.82
华创云信,sh600155,6.2,6.25,6.25,14503300.0,6.2,33800,6.21,27100,-0.8,6.25,6.17,14503300,90010000.0,0.66,1.28,137.24,137.24,6.88,5.63,0.79
帝欧水华,sz002798,7.09,6.91,6.91,21223200.0,7.08,29900,7.09,102800,2.6,7.32,6.89,21223200,151510000.0,4.43,6.22,33.99,39.01,7.6,6.22,0.93
一博科技,sz301366,36.9,37.43,37.27,2851700.0,36.89,700,36.9,1600,-1.42,37.8,36.88,2851700,105950000.0,2.44,2.46,43.17,77.32,44.92,29.94,0.54
魅视科技,sz001229,38.25,38.22,38.1,2134400.0,38.24,100,38.25,28300,0.08,38.86,37.81,2134400,81870000.0,4.05,2.75,20.15,39.19,42.04,34.4,0.78
潞化科技,sh600691,3.38,3.25,3.27,147944400.0,3.38,69900,3.39,703800,4.0,3.51,3.26,147944400,501310000.0,6.23,7.69,80.29,80.31,3.58,2.93,2.41
辽宁能源,sh600758,3.98,4.14,4.05,96624000.0,3.98,988400,3.99,75500,-3.86,4.17,3.97,96624000,390800000.0,7.32,4.83,52.57,52.62,4.55,3.73,1.18
好莱客,sh603898,14.16,13.8,13.93,7565800.0,14.15,2400,14.16,2800,2.61,14.37,13.2,7565800,104450000.0,2.43,8.48,44.09,44.09,15.18,12.42,1.28
海洋王,sz002724,7.12,7.02,6.99,10534800.0,7.11,35100,7.12,5700,1.42,7.15,6.94,10534800,74470000.0,1.86,2.99,40.43,54.93,7.72,6.32,1.52
先进数通,sz300541,12.81,14.47,13.01,39779600.0,12.81,58100,12.82,179700,-11.47,13.19,12.26,39779600,500070000.0,10.29,6.43,49.51,55.09,17.36,11.58,4.21
能辉科技,sz301046,24.85,25.15,24.92,2005100.0,24.85,6900,24.86,1700,-1.19,25.22,24.51,2005100,49770000.0,1.56,2.82,32.01,41.9,30.18,20.12,0.72
华海药业,sh600521,15.72,16.14,16.04,22248900.0,15.72,1700,15.73,36200,-2.6,16.06,15.7,22248900,351680000.0,1.49,2.23,235.37,235.37,17.75,14.53,0.75
河化股份,sz000953,6.74,6.51,6.71,16998300.0,6.73,17500,6.74,69300,3.53,7.06,6.7,16998300,116250000.0,4.64,5.53,24.68,24.68,7.16,5.86,3.1
特瑞斯,bj920014,12.11,12.66,12.61,3338500.0,12.11,74200,12.14,12500,-4.34,12.63,12.1,3338500,41080900.0,4.98,4.19,8.12,14.76,16.45,8.87,0.83
康普顿,sh603798,17.36,17.78,17.58,7758300.0,17.35,2900,17.36,3500,-2.36,17.78,17.09,7758300,134720000.0,3.03,3.88,44.52,44.52,19.56,16.0,0.92
商络电子,sz300975,19.36,20.74,21.07,96051500.0,19.36,137200,19.37,78600,-6.65,21.31,18.59,96051500,1899590000.0,19.52,13.11,95.27,133.0,24.89,16.59,2.32
宁波富达,sh600724,7.1,7.28,7.28,10593400.0,7.1,40400,7.11,1800,-2.47,7.29,7.06,10593400,75780000.0,0.73,3.16,102.59,102.61,8.01,6.55,0.85
中信出版,sz300788,37.32,39.23,38.93,4806200.0,37.32,900,37.34,4300,-4.87,39.22,37.26,4806200,182950000.0,2.53,5.0,70.96,70.96,47.08,31.38,0.5
派特尔,bj920871,12.81,13.16,13.15,642900.0,12.81,1700,12.88,2700,-2.66,13.15,12.77,642900,8310400.0,1.37,2.89,6.02,10.89,17.1,9.22,0.76
比依股份,sh603215,19.87,19.6,19.45,2775000.0,19.87,21600,19.88,15100,1.38,19.99,19.45,2775000,54820000.0,1.48,2.76,37.2,37.34,21.56,17.64,1.36
中环海陆,sz301040,32.09,32.73,32.4,4202300.0,32.09,2200,32.11,1100,-1.96,33.1,31.57,4202300,134920000.0,4.45,4.67,30.28,32.09,39.28,26.18,0.71
南方航空,sh600029,5.56,5.62,5.59,87222600.0,5.56,900800,5.57,261800,-1.07,5.61,5.54,87222600,485670000.0,0.65,1.25,749.32,1007.53,6.18,5.06,0.64
台基股份,sz300046,31.6,31.79,31.53,4926600.0,31.6,74200,31.61,1700,-0.6,32.18,31.51,4926600,156660000.0,2.08,2.11,74.74,74.74,38.15,25.43,0.88
悦心健康,sz002162,4.45,4.42,4.42,14585500.0,4.44,317800,4.45,47600,0.68,4.47,4.38,14585500,64650000.0,1.59,2.04,40.87,40.93,4.86,3.98,0.97
杰普特,sh688025,293.58,301.68,295.0,407383500.0,293.52,800,293.58,400,-2.68,305.0,286.08,407383500,1201670000.0,4.29,6.27,279.05,279.05,362.02,241.34,0.8
宜宾纸业,sh600793,17.8,18.2,18.09,3368900.0,17.8,13600,17.81,9300,-2.2,18.17,17.73,3368900,60190000.0,1.9,2.42,31.49,31.49,20.02,16.38,1.16
艾融软件,bj920799,35.71,36.0,35.9,1769000.0,35.71,3900,35.75,3300,-0.81,36.41,35.41,1769000,63276700.0,1.47,2.78,42.88,74.69,46.8,25.2,0.42
国力电子,sh688103,60.12,58.68,58.09,177254800.0,60.07,1500,60.12,4000,2.45,60.55,58.09,177254800,106130000.0,1.86,4.19,57.3,57.3,70.42,46.94,1.39
法狮龙,sh605318,96.95,95.88,96.36,2429400.0,96.95,100,96.99,100,1.12,97.66,94.01,2429400,233490000.0,1.93,3.81,121.89,121.89,105.47,86.29,0.67
珈伟新能,sz300317,4.78,4.89,4.84,51552800.0,4.78,286700,4.79,110200,-2.25,4.86,4.73,51552800,246610000.0,6.22,2.66,39.62,39.68,5.87,3.91,0.78
大恒科技,sh600288,14.8,15.01,15.01,6603200.0,14.79,1800,14.8,9200,-1.4,15.09,14.62,6603200,97600000.0,1.51,3.13,64.65,64.65,16.51,13.51,0.56
瑞丰光电,sz300241,6.75,6.72,6.62,42046000.0,6.74,51700,6.75,478500,0.45,6.83,6.45,42046000,279320000.0,7.17,5.65,39.58,47.27,8.06,5.38,0.89
燕塘乳业,sz002732,16.1,15.97,15.9,1481100.0,16.1,5300,16.13,8000,0.81,16.15,15.82,1481100,23700000.0,0.95,2.07,25.21,25.33,17.57,14.37,1.33
鑫汇科,bj920267,18.89,19.35,19.22,341100.0,18.89,2400,18.9,3500,-2.38,19.47,18.82,341100,6487600.0,1.15,3.36,5.61,9.44,25.15,13.55,0.57
美登科技,bj920227,59.54,60.86,60.41,432600.0,59.54,300,59.56,3300,-2.17,60.86,59.13,432600,25833400.0,2.44,2.84,10.55,23.19,79.11,42.61,0.56
雄塑科技,sz300599,11.46,10.83,10.83,14650900.0,11.46,17500,11.47,12000,5.82,11.6,10.58,14650900,163190000.0,6.9,9.42,24.33,41.04,13.0,8.66,1.17
远东传动,sz002406,8.43,7.66,7.6,45021600.0,8.43,6716900,0.0,0,10.05,8.43,7.54,45021600,368750000.0,7.48,11.62,50.77,61.56,8.43,6.89,3.2
安奈儿,sz002875,22.26,22.72,22.72,10460000.0,22.26,3800,22.27,4100,-2.02,23.25,22.23,10460000,237000000.0,5.73,4.49,40.61,47.42,24.99,20.45,0.61
迪生力,sh603335,6.42,6.52,6.32,32998200.0,6.42,38000,6.43,71800,-1.53,6.52,6.32,32998200,211320000.0,7.71,3.07,27.49,27.49,7.17,5.87,0.63
卫光生物,sz002880,26.06,26.11,26.02,1531000.0,26.05,8400,26.06,800,-0.19,26.25,25.83,1531000,39820000.0,0.68,1.61,59.1,59.1,28.72,23.5,0.89
宁波远洋,sh601022,8.65,8.76,8.78,6646100.0,8.65,63800,8.66,20000,-1.26,8.78,8.62,6646100,57630000.0,0.51,1.83,113.2,113.2,9.64,7.88,0.8
奥拓电子,sz002587,6.24,6.28,6.27,15092200.0,6.24,35100,6.25,52500,-0.64,6.31,6.17,15092200,93930000.0,2.83,2.23,33.24,40.66,6.91,5.65,1.06
迅安科技,bj920950,15.77,16.1,16.14,268800.0,15.77,2800,15.85,1000,-2.05,16.15,15.73,268800,4280000.0,0.75,2.61,5.63,11.56,20.93,11.27,0.65
博世科,sz300422,5.56,4.63,5.41,38700600.0,5.56,10996100,0.0,0,20.09,5.56,5.21,38700600,213180000.0,7.49,7.56,28.73,29.68,5.56,3.7,5.44
秦川机床,sz000837,10.71,10.77,10.71,8225900.0,10.71,4400,10.72,13100,-0.56,10.79,10.56,8225900,87770000.0,0.82,2.14,107.89,109.58,11.85,9.69,0.76
宇通重工,sh600817,12.58,12.76,12.67,4796200.0,12.57,600,12.58,2900,-1.41,12.7,12.42,4796200,59980000.0,0.91,2.19,66.58,67.09,14.04,11.48,0.77
中文传媒,sh600373,8.28,8.21,8.24,8471600.0,8.27,71100,8.28,9500,0.85,8.33,8.18,8471600,69960000.0,0.63,1.83,111.56,111.56,9.03,7.39,0.88
旭光电子,sh600353,16.83,17.1,17.2,32210900.0,16.83,58400,16.84,19500,-1.58,17.36,16.65,32210900,544290000.0,3.89,4.15,139.49,139.69,18.81,15.39,0.97
中航泰达,bj920263,11.4,11.7,11.68,638400.0,11.4,1800,11.5,300,-2.56,11.88,11.4,638400,7431900.000000001,0.62,4.1,11.7,16.1,15.21,8.19,0.58
英杰电气,sz300820,45.67,46.38,46.38,1712100.0,45.66,9500,45.67,9100,-1.53,46.5,45.52,1712100,78450000.0,1.53,2.11,51.05,101.5,55.66,37.1,0.76
紫燕食品,sh603057,26.7,27.05,27.05,3922600.0,26.7,22500,26.71,4800,-1.29,27.22,26.13,3922600,104420000.0,0.95,4.03,110.0,110.0,29.76,24.35,0.71
江航装备,sh688586,13.49,13.98,13.96,667111100.0,13.48,4300,13.49,4300,-3.51,13.99,13.45,667111100,90680000.0,0.84,3.86,106.75,106.75,16.78,11.18,1.08
水井坊,sh600779,33.05,33.43,33.08,3508900.0,33.05,900,33.06,12100,-1.14,33.33,32.75,3508900,115800000.0,0.72,1.73,161.12,161.12,36.77,30.09,1.18
微创光电,bj920198,8.55,8.79,8.78,1545500.0,8.54,132400,8.55,80100,-2.73,8.78,8.5,1545500,13305700.0,2.19,3.19,6.02,13.8,11.42,6.16,0.75
内蒙新华,sh603230,10.84,10.9,10.9,2716700.0,10.84,7500,10.87,4900,-0.55,10.95,10.75,2716700,29490000.0,0.77,1.83,38.32,38.32,11.99,9.81,0.96
东方明珠,sh600637,9.87,9.92,9.9,40030600.0,9.87,222700,9.88,145500,-0.5,10.01,9.67,40030600,393940000.0,1.19,3.43,331.82,331.82,10.91,8.93,0.89
光明肉业,sh600073,5.78,5.84,5.81,5610500.0,5.78,71000,5.79,19600,-1.03,5.82,5.76,5610500,32460000.0,0.6,1.03,54.2,54.2,6.42,5.26,0.82
深城交,sz301091,21.3,23.01,22.16,10229100.0,21.29,1100,21.3,24700,-7.43,22.3,21.2,10229100,219980000.0,1.94,4.78,112.31,112.31,27.61,18.41,1.37
宏远股份,bj920018,28.49,28.92,28.76,935100.0,28.49,3700,28.54,6600,-1.49,29.0,28.46,935100,26787500.0,2.11,1.87,12.6,36.28,37.59,20.25,0.47
海量数据,sh603138,19.47,20.1,20.05,14330100.0,19.47,9000,19.48,31400,-3.13,20.43,18.85,14330100,277790000.0,4.97,7.86,56.14,57.22,22.11,18.09,0.82
博实股份,sz002698,13.68,13.8,13.72,5107700.0,13.68,61300,13.69,6600,-0.87,13.83,13.57,5107700,69820000.0,0.61,1.88,114.94,139.89,15.18,12.42,0.83
顺络电子,sz002138,35.23,35.51,35.45,17787600.0,35.23,22000,35.24,4600,-0.79,36.14,34.94,17787600,631640000.0,2.35,3.38,266.51,284.07,39.06,31.96,0.78
酉立智能,bj920007,54.49,55.59,55.85,186800.0,54.33,1000,54.49,200,-1.98,55.85,54.22,186800,10264600.0,1.76,2.93,5.8,24.21,72.26,38.92,0.5
东方日升,sz300118,16.09,16.35,16.28,31647600.0,16.08,118900,16.09,66600,-1.59,16.39,16.0,31647600,511340000.0,3.41,2.39,149.13,183.43,19.62,13.08,0.6
春兴精工,sz002547,3.07,3.13,3.24,62435300.0,3.06,576000,3.07,79000,-1.92,3.29,3.02,62435300,195410000.0,5.65,8.63,33.92,34.63,3.44,2.82,0.76
东华软件,sz002065,8.31,8.33,8.31,35805900.0,8.31,18000,8.32,112500,-0.24,8.45,8.15,35805900,296210000.0,1.23,3.6,241.65,266.38,9.16,7.5,1.18
托普云农,sz301556,91.24,90.42,89.74,1825100.0,91.24,10700,91.25,1200,0.91,91.75,87.2,1825100,164940000.0,6.19,5.03,26.9,77.81,108.5,72.34,0.68
合金投资,sz000633,6.55,6.39,6.38,9506500.0,6.54,80900,6.55,2900,2.5,6.57,6.27,9506500,61050000.0,2.47,4.69,25.22,25.22,7.03,5.75,0.89
利君股份,sz002651,9.38,9.5,9.46,5878100.0,9.37,31300,9.38,1900,-1.26,9.5,9.33,5878100,55190000.0,1.04,1.79,53.04,96.94,10.45,8.55,0.77
盈方微,sz000670,7.5,7.53,7.56,27405100.0,7.5,123600,7.51,58900,-0.4,7.66,7.4,27405100,205910000.0,3.33,3.45,61.64,63.35,8.28,6.78,0.73
福然德,sh605050,12.8,12.79,12.7,4725000.0,12.79,22100,12.8,4400,0.08,12.93,12.65,4725000,60320000.0,0.96,2.19,63.08,63.08,14.07,11.51,0.6
君亭酒店,sz301073,25.14,25.55,25.35,4051200.0,25.14,4300,25.15,100,-1.6,25.44,24.9,4051200,101720000.0,2.27,2.11,44.79,48.88,30.66,20.44,0.52
好上好,sz001298,21.28,21.41,21.45,7104700.0,21.27,56200,21.28,3200,-0.61,21.5,21.05,7104700,151210000.0,2.98,2.1,50.79,92.04,23.55,19.27,0.49
大禹节水,sz300021,4.37,4.32,4.31,15911100.0,4.36,98500,4.37,21100,1.16,4.39,4.28,15911100,69140000.0,1.82,2.55,38.17,44.68,5.18,3.46,1.43
交大铁发,bj920027,17.74,18.0,18.0,780000.0,17.73,600,17.74,32400,-1.44,18.0,17.66,780000,13858599.999999998,1.85,1.89,7.49,14.05,23.4,12.6,0.46
金利华电,sz300069,25.78,24.81,24.69,15709100.0,25.78,4900,25.79,300,3.91,26.14,24.15,15709100,397280000.0,13.43,8.02,30.16,30.16,29.77,19.85,1.39
天沃科技,sz002564,6.23,6.31,6.28,13972700.0,6.22,147100,6.23,90700,-1.27,6.31,6.15,13972700,86760000.0,1.63,2.54,53.51,53.51,6.94,5.68,0.61
智飞生物,sz300122,14.8,14.92,14.86,13733300.0,14.8,114300,14.81,13100,-0.8,15.08,14.66,13733300,203450000.0,0.97,2.82,209.32,354.28,17.9,11.94,1.06
先锋电子,sz002767,20.0,21.28,20.78,6982300.0,20.0,2500,20.01,2100,-6.02,20.83,19.33,6982300,138960000.0,5.36,7.05,26.04,30.0,23.41,19.15,1.76
杭齿前进,sh601177,14.49,14.59,14.55,3307900.0,14.48,1700,14.49,4800,-0.69,14.59,14.3,3307900,47730000.0,0.83,1.99,57.97,59.08,16.05,13.13,0.92
吴通控股,sz300292,5.26,5.45,5.46,136674700.0,5.26,336600,5.27,180900,-3.49,5.52,5.2,136674700,724810000.0,12.25,5.87,58.7,70.58,6.54,4.36,1.38
建研设计,sz301167,16.65,16.53,16.51,2535800.0,16.65,8300,16.69,700,0.73,16.75,16.32,2535800,41950000.0,3.57,2.6,11.82,18.65,19.84,13.22,1.36
中公教育,sz002607,2.5,2.53,2.51,92978500.0,2.49,1789100,2.5,202900,-1.19,2.52,2.46,92978500,231140000.0,1.83,2.37,127.1,154.18,2.78,2.28,1.07
丰立智能,sz301368,47.75,48.0,47.97,1715100.0,47.73,900,47.75,4700,-0.52,48.28,47.21,1715100,81980000.0,2.67,2.23,30.62,57.35,57.6,38.4,0.64
中科信息,sz300678,28.13,28.69,28.41,7002500.0,28.13,1100,28.14,1900,-1.95,28.68,27.72,7002500,196400000.0,2.4,3.35,81.91,83.37,34.43,22.95,1.48
万丰奥威,sz002085,14.08,14.36,14.3,22776000.0,14.07,82900,14.08,22000,-1.95,14.34,14.01,22776000,321090000.0,1.07,2.3,298.96,298.96,15.8,12.92,0.89
长春高新,sz000661,85.39,85.62,85.3,3376400.0,85.39,8500,85.4,1100,-0.27,85.97,84.87,3376400,288190000.0,0.84,1.28,341.23,348.34,94.18,77.06,0.66
嘉事堂,sz002462,13.85,13.94,13.89,2407900.0,13.85,9300,13.86,5500,-0.65,13.95,13.69,2407900,33200000.0,0.83,1.87,40.37,40.4,15.33,12.55,0.88
中航沈飞,sh600760,48.42,49.33,49.34,14948400.0,48.42,6800,48.43,31900,-1.84,49.35,48.33,14948400,725630000.0,0.53,2.07,1368.44,1372.75,54.26,44.4,0.75
万向德农,sh600371,8.55,8.58,8.51,4031900.0,8.54,2000,8.55,4500,-0.35,8.62,8.41,4031900,34330000.0,1.38,2.45,25.02,25.02,9.44,7.72,0.88
健康元,sh600380,10.83,10.9,10.81,12440600.0,10.82,7400,10.83,900,-0.64,10.9,10.68,12440600,134120000.0,0.68,2.02,198.13,198.13,11.99,9.81,1.24
首华燃气,sz300483,20.68,21.25,21.04,33757400.0,20.65,600,20.68,11700,-2.68,21.67,20.0,33757400,706580000.0,8.84,7.86,78.93,78.96,25.5,17.0,1.14
君逸数码,sz301172,30.62,32.06,31.43,10673900.0,30.62,52400,30.63,8100,-4.49,31.78,30.58,10673900,330320000.0,10.81,3.74,30.24,52.81,38.47,25.65,1.26
东航物流,sh601156,16.92,17.06,17.01,5603700.0,16.9,2000,16.92,8500,-0.82,17.17,16.76,5603700,94560000.0,0.59,2.4,159.83,268.61,18.77,15.35,0.94
中科海讯,sz300810,34.84,35.15,34.4,5179400.0,34.83,1000,34.84,2000,-0.88,35.15,33.42,5179400,177180000.0,4.54,4.92,39.72,41.13,42.18,28.12,1.26
泰晶科技,sh603738,39.81,37.0,37.3,92722500.0,39.8,125000,39.81,29000,7.59,40.7,37.25,92722500,3703050000.0,24.03,9.32,153.62,153.62,40.7,33.3,1.38
科顺股份,sz300737,6.72,6.8,7.07,36743100.0,6.72,400,6.73,26400,-1.18,7.26,6.68,36743100,253270000.0,4.14,8.53,59.6,74.59,8.16,5.44,1.25
浩辰软件,sh688657,50.28,51.24,51.18,124026000.0,50.28,7600,50.3,1100,-1.87,51.45,49.8,124026000,62670000.0,3.02,3.22,20.64,32.94,61.49,40.99,0.88
精工科技,sz002006,17.3,17.65,17.5,7036800.0,17.3,53600,17.32,5600,-1.98,17.66,17.2,7036800,121900000.0,1.35,2.61,89.92,89.92,19.42,15.89,0.78
李子园,sh605337,11.01,11.01,10.96,2672200.0,11.01,1300,11.02,6000,0.0,11.07,10.89,2672200,29350000.0,0.69,1.63,42.95,42.95,12.11,9.91,1.03
南华仪器,sz300417,12.78,12.5,12.33,4053700.0,12.78,13500,12.79,500,2.24,12.88,12.31,4053700,51120000.0,4.85,4.56,10.68,17.2,15.0,10.0,1.5
丰安股份,bj920608,16.86,16.86,16.74,375900.0,16.77,2100,16.86,1100,0.0,16.88,16.43,375900,6279800.0,0.78,2.67,8.13,10.49,21.91,11.81,0.99
英特集团,sz000411,11.0,11.16,11.09,6246600.0,10.99,2900,11.0,8000,-1.43,11.16,10.91,6246600,68670000.0,1.11,2.24,62.01,62.13,12.28,10.04,1.23
拉普拉斯,sh688726,58.53,59.98,59.51,1221730900.0,58.53,12900,58.54,12600,-2.42,60.89,57.98,1221730900,719430000.0,5.56,4.85,128.72,237.24,71.98,47.98,0.67
虹软科技,sh688088,40.5,40.78,40.78,569387600.0,40.47,9900,40.5,2100,-0.69,40.88,39.78,569387600,229760000.0,1.42,2.7,162.47,162.47,48.94,32.62,0.81
常熟汽饰,sh603035,13.38,13.37,13.16,3368200.0,13.38,1600,13.41,5100,0.07,13.45,13.16,3368200,44830000.0,0.92,2.17,49.02,49.02,14.71,12.03,0.54
侨银股份,sz002973,12.9,12.64,12.52,6349300.0,12.9,14200,12.91,2000,2.06,13.34,12.28,6349300,81640000.0,2.0,8.39,40.98,52.72,13.9,11.38,1.42
华鼎股份,sh601113,4.63,4.58,4.58,18242800.0,4.63,168100,4.64,386900,1.09,4.66,4.55,18242800,84150000.0,1.65,2.4,51.12,51.12,5.04,4.12,0.66
内蒙一机,sh600967,14.42,14.61,14.61,12588300.0,14.42,81900,14.43,33400,-1.3,14.65,14.35,12588300,181570000.0,0.74,2.05,245.4,245.4,16.07,13.15,0.65
沈阳机床,sz000410,6.2,6.68,6.6,78744600.0,6.2,117700,6.21,128500,-7.19,6.66,6.01,78744600,489480000.0,4.0,9.73,122.2,164.24,7.35,6.01,4.8
ST通脉,sh603559,7.11,6.77,6.76,4040300.0,7.11,251800,0.0,0,5.02,7.11,6.66,4040300,28070000.0,1.01,6.65,28.53,28.53,7.11,6.43,1.36
飞亚达,sz000026,18.41,18.09,18.0,21818300.0,18.41,20600,18.42,75500,1.77,18.64,17.9,21818300,399790000.0,5.98,4.09,67.12,74.7,19.9,16.28,0.89
上海建工,sh600170,2.66,2.7,2.69,120562400.0,2.66,15621900,2.67,1724800,-1.48,2.7,2.66,120562400,321880000.0,1.36,1.48,236.37,236.37,2.97,2.43,1.04
节能铁汉,sz300197,1.63,1.64,1.63,32084300.0,1.63,553700,1.64,1464700,-0.61,1.65,1.62,32084300,52440000.0,1.08,1.83,48.33,48.33,1.97,1.31,0.88
华熙生物,sh688363,42.75,42.99,42.99,329703600.0,42.74,6400,42.75,16400,-0.56,43.55,42.2,329703600,141450000.0,0.68,3.14,205.92,205.92,51.59,34.39,1.51
汉宇集团,sz300403,11.74,11.9,11.83,7247000.0,11.74,11600,11.75,5700,-1.34,11.89,11.62,7247000,84930000.0,1.7,2.27,50.14,70.79,14.28,9.52,0.91
信邦智能,sz301112,32.5,33.22,33.2,1155800.0,32.5,3000,32.52,300,-2.17,33.2,32.18,1155800,37600000.0,1.05,3.07,35.84,35.84,39.86,26.58,0.8
雷柏科技,sz002577,15.68,15.32,15.33,2467200.0,15.66,2700,15.68,6300,2.35,15.74,15.09,2467200,38090000.0,0.88,4.24,44.01,44.01,16.85,13.79,1.57
百普赛斯,sz301080,45.92,46.2,45.93,2804400.0,45.92,1000,45.95,3200,-0.61,46.57,45.3,2804400,128980000.0,2.23,2.75,57.86,76.77,55.44,36.96,0.67
格灵深瞳,sh688207,14.37,14.16,14.21,449704900.0,14.37,2500,14.38,2300,1.48,14.53,13.95,449704900,64120000.0,1.74,4.1,37.21,37.21,16.99,11.33,1.33
艾迪精密,sh603638,22.36,22.28,22.03,6964300.0,22.35,7600,22.36,13100,0.36,22.62,22.03,6964300,155480000.0,0.84,2.65,185.83,185.83,24.51,20.05,0.58
联美控股,sh600167,6.67,6.75,6.69,7284400.0,6.66,83400,6.67,36300,-1.19,6.79,6.64,7284400,48770000.0,0.32,2.22,150.93,150.93,7.43,6.08,0.54
三安光电,sh600703,15.11,15.51,15.35,355345500.0,15.11,472500,15.12,278800,-2.58,15.94,15.0,355345500,5463750000.0,7.12,6.06,753.84,753.84,17.06,13.96,0.94
和顺电气,sz300141,13.06,13.09,13.08,4968700.0,13.03,600,13.06,5500,-0.23,13.18,12.84,4968700,64480000.0,1.95,2.6,33.27,33.67,15.71,10.47,0.69
ST长园,sh600525,5.23,5.21,5.22,6870900.0,5.23,83600,5.24,54900,0.38,5.28,5.2,6870900,35980000.0,0.52,1.54,68.97,68.97,5.47,4.95,0.48
爱朋医疗,sz300753,26.68,27.17,26.95,2754200.0,26.68,2100,26.69,10500,-1.8,27.38,26.51,2754200,73680000.0,3.13,3.2,23.45,33.63,32.6,21.74,0.82
移为通信,sz300590,14.05,14.56,14.46,94186900.0,14.04,101500,14.05,2700,-3.5,15.03,13.82,94186900,1351330000.0,26.58,8.31,49.79,64.62,17.47,11.65,6.57
尚品宅配,sz300616,14.5,14.6,14.52,13895500.0,14.5,5500,14.51,7900,-0.68,14.94,14.0,13895500,201350000.0,8.96,6.44,22.48,32.55,17.52,11.68,1.29
陇神戎发,sz300534,9.4,9.15,9.14,7689500.0,9.4,12000,9.41,12400,2.73,9.43,9.1,7689500,71500000.0,2.55,3.61,28.39,28.51,10.98,7.32,1.33
山东矿机,sz002526,3.37,3.37,3.35,19461400.0,3.37,28000,3.38,732300,0.0,3.38,3.32,19461400,65030000.0,1.1,1.78,59.69,60.08,3.71,3.03,1.04
江河集团,sh601886,9.98,10.01,10.16,5278000.0,9.98,15600,9.99,32200,-0.3,10.16,9.82,5278000,52630000.0,0.47,3.4,113.07,113.07,11.01,9.01,0.79
中贝通信,sh603220,31.84,34.23,33.22,88865600.0,31.83,3200,31.84,157600,-6.98,33.5,30.94,88865600,2840530000.0,20.46,7.48,138.27,170.77,37.65,30.81,1.13
ST绝味,sh603517,13.14,13.05,13.01,5115700.0,13.14,43300,13.15,8100,0.69,13.17,12.9,5115700,66750000.0,0.84,2.07,79.63,79.63,13.7,12.4,1.05
联合水务,sh603291,11.72,11.98,11.98,3994100.0,11.71,5900,11.72,6000,-2.17,12.0,11.67,3994100,47090000.0,0.94,2.75,49.6,49.6,13.18,10.78,0.85
神宇股份,sz300563,32.56,33.38,32.88,3771600.0,32.56,1900,32.57,21800,-2.46,33.15,32.26,3771600,122970000.0,2.94,2.67,41.72,59.3,40.06,26.7,1.05
松炀资源,sh603863,17.77,18.25,18.01,5828400.0,17.76,700,17.77,4800,-2.63,18.22,17.46,5828400,103530000.0,2.85,4.16,36.37,36.37,20.08,16.43,0.71
国脉科技,sz002093,9.28,9.74,9.63,23730700.0,9.28,90200,9.29,49700,-4.72,9.71,9.22,23730700,221040000.0,2.36,5.03,93.5,93.5,10.71,8.77,2.02
豪美新材,sz002988,33.52,33.99,34.38,3363700.0,33.52,11600,33.58,1200,-1.38,34.44,33.0,3363700,112730000.0,1.35,4.24,83.72,83.72,37.39,30.59,0.65
春光智能,bj920810,11.4,11.71,11.84,734100.0,11.39,10000,11.4,3900,-2.65,11.84,11.37,734100,8430500.0,1.18,4.01,7.11,10.93,15.22,8.2,0.77
科森科技,sh603626,22.15,22.9,22.7,25846200.0,22.14,102700,22.15,4900,-3.28,23.27,22.15,25846200,584130000.0,4.66,4.89,122.91,122.91,25.19,20.61,0.75
丸美生物,sh603983,24.93,24.82,24.82,2962400.0,24.93,7900,24.94,5900,0.44,25.33,24.62,2962400,74220000.0,0.74,2.86,99.97,99.97,27.3,22.34,1.49
ST华西,sz002630,2.02,2.03,2.03,28565300.0,2.01,223700,2.02,201100,-0.49,2.06,1.99,28565300,57810000.0,2.77,3.45,20.81,23.85,2.13,1.93,0.54
中南股份,sz000717,2.43,2.41,2.4,18207000.0,2.43,76700,2.44,1594700,0.83,2.45,2.4,18207000,44190000.0,0.75,2.07,58.89,58.9,2.65,2.17,1.35
爱威科技,sh688067,26.73,26.36,26.23,101569600.0,26.73,400,26.74,1500,1.4,27.07,26.13,101569600,27000000.0,1.49,3.57,18.18,18.18,31.63,21.09,1.02
坚朗五金,sz002791,17.99,18.29,18.2,4628400.0,17.98,15200,17.99,2700,-1.64,18.24,17.86,4628400,83440000.0,2.13,2.08,39.17,63.66,20.12,16.46,0.99
万泰生物,sh603392,38.92,38.56,38.7,2186300.0,38.92,5500,38.93,1500,0.93,39.08,38.3,2186300,84720000.0,0.17,2.02,492.1,492.1,42.42,34.7,0.6
中无人机,sh688297,45.94,47.26,46.99,823478300.0,45.93,1000,45.94,16700,-2.79,47.22,45.78,823478300,379910000.0,1.22,3.05,310.1,310.1,56.71,37.81,0.82
ST德豪,sz002005,2.95,2.92,2.94,12331000.0,2.94,265000,2.95,603500,1.03,2.97,2.87,12331000,35940000.0,0.7,3.42,51.68,51.7,3.07,2.77,0.93
海波重科,sz300517,12.02,11.74,11.79,5809100.0,12.02,12700,12.03,500,2.39,12.13,11.78,5809100,69530000.0,4.6,2.98,15.17,24.09,14.09,9.39,1.35
金域医学,sh603882,28.28,28.71,28.75,4251000.0,28.28,30300,28.29,9800,-1.5,28.75,28.15,4251000,120250000.0,0.92,2.09,130.13,131.01,31.58,25.84,0.84
共进股份,sh603118,15.11,14.57,14.48,93758500.0,15.11,119000,15.12,326400,3.71,15.32,14.07,93758500,1392780000.0,11.91,8.58,118.96,118.96,16.03,13.11,1.15
两面针,sh600249,5.94,5.93,5.91,12236900.0,5.93,99700,5.94,232300,0.17,5.96,5.85,12236900,72220000.0,2.22,1.85,32.67,32.67,6.52,5.34,0.77
东星医疗,sz301290,29.52,29.05,28.89,3227600.0,29.51,2900,29.52,2100,1.62,29.68,28.7,3227600,94260000.0,4.74,3.37,20.12,29.57,34.86,23.24,1.02
盟科药业-U,sh688373,5.91,5.89,5.85,667411800.0,5.9,27400,5.91,23000,0.34,5.95,5.81,667411800,39260000.0,1.1,2.38,35.79,38.78,7.07,4.71,0.66
安控科技,sz300370,2.5,2.46,2.46,30778800.0,2.5,698700,2.51,301400,1.63,2.61,2.46,30778800,77450000.0,1.97,6.1,39.04,39.13,2.95,1.97,1.91
海能技术,bj920476,20.69,21.0,21.18,954100.0,20.69,3200,20.7,100,-1.48,21.28,20.55,954100,19856500.0,1.18,3.48,16.68,17.62,27.3,14.7,0.58
芯瑞达,sz002983,23.68,23.8,23.76,2021000.0,23.68,300,23.7,2000,-0.5,24.01,23.42,2021000,47790000.0,1.58,2.48,30.35,52.96,26.18,21.42,0.58
银之杰,sz300085,35.9,36.59,36.59,17444900.0,35.89,67000,35.9,36400,-1.89,36.73,35.59,17444900,626770000.0,2.68,3.12,234.07,253.68,43.91,29.27,0.79
华阳集团,sz002906,31.77,31.91,31.91,9016800.0,31.76,1000,31.77,2200,-0.44,32.8,31.7,9016800,290960000.0,1.72,3.45,166.67,166.77,35.1,28.72,0.88
一彬科技,sz001278,21.24,21.23,21.08,2046900.0,21.23,2000,21.24,200,0.05,21.37,20.62,2046900,43090000.0,2.4,3.53,18.12,26.28,23.35,19.11,0.89
广电网络,sh600831,3.54,3.45,3.4,14015000.0,3.53,26300,3.54,34400,2.61,3.56,3.38,14015000,48760000.0,1.97,5.22,25.17,25.17,3.8,3.11,1.18
科华生物,sz002022,5.77,5.69,5.69,7101400.0,5.77,14900,5.78,100600,1.41,5.79,5.64,7101400,40610000.0,1.38,2.64,29.67,29.68,6.26,5.12,0.97
蓝思科技,sz300433,25.96,26.6,26.44,58993200.0,25.96,157700,25.97,62300,-2.41,26.65,25.6,58993200,1536110000.0,1.19,3.95,1290.13,1370.36,31.92,21.28,0.54
电科网安,sz002268,15.81,16.08,16.0,10628400.0,15.8,61800,15.81,58800,-1.68,16.13,15.65,10628400,167880000.0,1.26,2.99,133.63,133.7,17.69,14.47,0.87
实朴检测,sz301228,54.86,55.65,55.65,2802000.0,54.86,1200,55.0,300,-1.42,55.87,53.0,2802000,152520000.0,2.35,5.16,65.52,65.83,66.78,44.52,0.55
汉马科技,sh600375,5.21,5.16,5.14,16583600.0,5.2,98000,5.21,392300,0.97,5.23,5.08,16583600,85470000.0,1.13,2.91,76.21,83.52,5.68,4.64,1.04
卓翼科技,sz002369,7.09,7.09,7.08,9476500.0,7.09,22700,7.1,23500,0.0,7.15,6.96,9476500,66840000.0,1.67,2.68,40.14,40.2,7.8,6.38,0.75
麦格米特,sz002851,104.54,106.46,105.14,17468600.0,104.54,6900,104.55,1700,-1.8,107.71,104.31,17468600,1846490000.0,3.81,3.19,478.75,607.9,117.11,95.81,0.74
电光科技,sz002730,28.63,28.54,28.56,25959000.0,28.62,18100,28.63,42000,0.32,29.11,27.93,25959000,740630000.0,7.5,4.13,99.07,103.66,31.39,25.69,1.11
伟思医疗,sh688580,60.23,59.27,58.91,215595300.0,60.21,200,60.23,2700,1.62,61.97,58.91,215595300,130830000.0,2.25,5.16,57.68,57.68,71.12,47.42,1.08
广田集团,sz002482,1.67,1.67,1.67,49149200.0,1.66,2888700,1.67,624800,0.0,1.7,1.65,49149200,82180000.0,1.31,2.99,62.52,62.64,1.84,1.5,1.44
ST京蓝,sz000711,4.49,4.34,4.25,118119700.0,4.49,380200,4.5,1280300,3.46,4.52,4.18,118119700,520050000.0,4.96,7.83,106.94,132.59,4.56,4.12,0.93
同仁堂,sh600085,27.62,27.69,27.64,3780100.0,27.62,435200,27.63,6000,-0.25,27.72,27.52,3780100,104460000.0,0.28,0.72,378.8,378.8,30.46,24.92,0.87
横店影视,sh603103,21.03,22.49,22.21,13890300.0,21.03,44500,21.04,28000,-6.49,22.21,21.03,13890300,295640000.0,2.19,5.25,133.37,133.37,24.74,20.24,0.62
国航远洋,bj920571,10.42,10.39,10.51,13051000.0,10.42,26400,10.43,82400,0.29,10.53,10.18,13051000,135072500.0,4.62,3.37,29.46,57.87,13.5,7.28,0.61
晋亿实业,sh601002,6.2,6.43,6.52,47683900.0,6.19,46400,6.2,39000,-3.58,6.52,6.13,47683900,297340000.0,5.0,6.07,59.18,59.18,7.07,5.79,0.69
汉王科技,sz002362,18.46,18.36,18.3,2931400.0,18.46,1000,18.47,3400,0.54,18.6,18.1,2931400,53750000.0,1.41,2.72,38.32,45.13,20.2,16.52,1.01
东华测试,sz300354,35.26,36.03,35.88,2167700.0,35.24,500,35.26,500,-2.14,36.02,34.88,2167700,76490000.0,2.67,3.16,28.67,48.77,43.24,28.82,0.8
百胜智能,sz301083,16.73,16.33,16.36,3417400.0,16.73,22100,16.76,2000,2.45,16.88,16.32,3417400,57080000.0,3.99,3.43,14.32,29.76,19.6,13.06,1.87
徐家汇,sz002561,8.08,8.06,8.04,3787900.0,8.08,21800,8.09,51900,0.25,8.12,7.94,3787900,30410000.0,0.91,2.23,33.49,33.59,8.87,7.25,0.93
金证股份,sh600446,13.33,13.59,13.46,24911400.0,13.33,8200,13.34,22700,-1.91,13.7,13.28,24911400,334270000.0,2.65,3.09,125.47,125.47,14.95,12.23,0.81
安彩高科,sh600207,5.84,5.79,5.7,29894100.0,5.84,255200,5.85,21500,0.86,5.93,5.68,29894100,174490000.0,2.74,4.32,63.62,63.62,6.37,5.21,0.79
*ST辉丰,sz002496,2.17,2.18,2.17,27831600.0,2.16,35400,2.17,1149700,-0.46,2.18,2.13,27831600,60050000.0,2.36,2.29,25.63,32.71,2.29,2.07,0.61
固高科技,sz301510,35.74,32.48,34.25,27092000.0,35.74,1500,35.75,14400,10.04,37.0,34.03,27092000,972820000.0,9.7,9.14,99.77,142.96,38.98,25.98,4.18
中京电子,sz002579,12.69,12.95,12.78,41036100.0,12.69,161700,12.7,109200,-2.01,13.04,12.57,41036100,524740000.0,7.03,3.63,74.03,77.74,14.25,11.66,0.65
丹娜生物,bj920009,65.36,66.48,66.2,123000.0,65.36,200,65.42,600,-1.68,66.68,65.34,123000,8082900.0,1.71,2.02,4.71,36.2,86.42,46.54,0.47
英科医疗,sz300677,57.79,55.13,52.58,27425500.0,57.76,300,57.79,9100,4.82,58.5,52.03,27425500,1557140000.0,5.89,11.74,269.08,378.38,66.16,44.1,1.71
实丰文化,sz002862,17.45,17.5,17.48,5028600.0,17.45,5700,17.48,3600,-0.29,17.93,17.27,5028600,88470000.0,3.98,3.77,22.03,29.32,19.25,15.75,1.71
中科通达,sh688038,22.45,22.52,22.48,201969000.0,22.44,3100,22.45,8400,-0.31,22.77,22.23,201969000,45310000.0,1.74,2.4,26.13,26.13,27.02,18.02,0.59
亚普股份,sh603013,18.7,19.09,19.08,2783100.0,18.7,4100,18.75,1900,-2.04,19.15,18.69,2783100,52370000.0,0.55,2.41,95.04,95.04,21.0,17.18,0.94
维业股份,sz300621,8.49,8.41,8.31,3915800.0,8.49,32500,8.5,19100,0.95,8.51,8.27,3915800,32880000.0,1.93,2.85,17.19,17.66,10.09,6.73,1.08
文科股份,sz002775,3.66,3.66,3.62,11352600.0,3.66,58900,3.68,56200,0.0,3.7,3.6,11352600,41330000.0,1.99,2.73,20.93,23.29,4.03,3.29,0.92
普瑞眼科,sz301239,42.84,39.44,39.05,9091000.0,42.82,4900,42.84,1300,8.62,44.88,39.05,9091000,389190000.0,6.08,14.78,64.1,64.1,47.33,31.55,3.99
海陆重工,sz002255,10.57,10.75,10.68,15850900.0,10.57,110600,10.58,52300,-1.67,10.7,10.51,15850900,167680000.0,2.48,1.77,67.43,87.82,11.83,9.68,0.83
润本股份,sh603193,26.21,26.04,25.9,9105500.0,26.21,3200,26.22,700,0.65,26.32,25.5,9105500,236420000.0,8.81,3.15,27.08,106.04,28.64,23.44,1.42
宏英智能,sz001266,31.85,32.08,32.0,1531400.0,31.85,2700,31.86,100,-0.72,32.19,31.33,1531400,48620000.0,2.64,2.68,18.5,32.99,35.29,28.87,1.04
奕瑞科技,sh688301,114.82,117.48,120.0,386277500.0,114.82,2700,114.91,300,-2.26,120.0,111.0,386277500,442140000.0,1.83,7.66,242.79,242.79,140.98,93.98,1.68
方大集团,sz000055,3.44,3.39,3.38,11072800.0,3.43,34400,3.44,9800,1.47,3.46,3.36,11072800,37730000.0,1.64,2.95,23.25,36.94,3.73,3.05,1.25
新坐标,sh603040,81.69,82.3,81.75,1218600.0,81.69,1200,81.7,300,-0.74,82.45,80.57,1218600,99310000.0,0.9,2.28,110.89,111.47,90.53,74.07,0.71
*ST中岩,sz002542,1.79,1.88,1.83,117650000.0,0.0,0,1.79,1102400,-4.79,1.85,1.79,117650000,212320000.0,6.69,3.19,31.48,32.33,1.97,1.79,0.84
凯华材料,bj920526,23.36,23.58,23.44,4191300.0,23.36,9700,23.38,3400,-0.93,24.69,23.07,4191300,100456700.0,8.0,6.87,12.23,19.32,30.65,16.51,0.54
津荣天宇,sz300988,26.37,27.62,27.45,4765200.0,26.37,12800,26.4,4600,-4.53,27.59,26.11,4765200,127400000.0,4.47,5.36,28.13,37.0,33.14,22.1,1.33
国科军工,sh688543,66.94,69.34,69.01,502495100.0,66.94,7300,66.95,8000,-3.46,69.49,66.6,502495100,339110000.0,4.33,4.17,77.62,139.8,83.21,55.47,0.9
雪龙集团,sh603949,17.7,17.7,17.86,3483400.0,17.69,14900,17.7,25600,0.0,17.89,17.43,3483400,61410000.0,1.66,2.6,37.21,37.3,19.47,15.93,0.64
同心传动,bj920454,14.76,14.56,14.46,1572300.0,14.76,300,14.77,100,1.37,15.18,14.39,1572300,23207900.0,3.19,5.43,7.27,15.51,18.92,10.2,1.39
珀莱雅,sh603605,60.84,60.76,60.7,4345700.0,60.84,1900,60.87,6700,0.13,61.87,60.48,4345700,265760000.0,1.1,2.29,240.91,240.91,66.84,54.68,1.17
龙头股份,sh600630,8.0,7.93,7.84,8103500.0,7.99,40000,8.0,4200,0.88,8.03,7.83,8103500,64480000.0,1.91,2.52,33.99,33.99,8.72,7.14,1.69
甬金股份,sh603995,18.52,18.19,18.05,6114300.0,18.52,13000,18.53,8200,1.81,18.61,18.05,6114300,112620000.0,1.67,3.08,67.71,67.71,20.01,16.37,1.67
华媒控股,sz000607,3.93,3.91,3.88,14358300.0,3.93,2200,3.94,36000,0.51,3.97,3.84,14358300,56010000.0,1.62,3.32,34.78,40.0,4.3,3.52,1.31
金隅集团,sh601992,1.67,1.7,1.69,57842600.0,1.66,4956800,1.67,1075800,-1.76,1.7,1.65,57842600,96540000.0,0.69,2.94,139.18,178.32,1.87,1.53,1.11
渝 开 发,sz000514,4.72,4.72,4.71,7872700.0,4.72,83500,4.73,5000,0.0,4.77,4.66,7872700,37110000.0,0.93,2.33,39.83,39.83,5.19,4.25,0.86
徐工机械,sz000425,9.76,9.8,9.73,60545000.0,9.76,72900,9.77,95500,-0.41,9.84,9.68,60545000,589920000.0,0.67,1.63,879.3,1146.66,10.78,8.82,0.43
中力股份,sh603194,33.5,33.52,33.35,1709500.0,33.5,2900,33.51,300,-0.06,33.72,32.9,1709500,57050000.0,1.08,2.45,52.94,134.34,36.87,30.17,1.52
金自天正,sh600560,14.41,14.3,14.28,2092300.0,14.4,4700,14.41,14400,0.77,14.49,14.2,2092300,30010000.0,0.94,2.03,32.23,32.23,15.73,12.87,1.0
赛维时代,sz301381,21.28,21.52,21.45,2801200.0,21.27,1000,21.29,15600,-1.12,21.65,21.14,2801200,59610000.0,1.43,2.37,41.6,85.86,25.82,17.22,0.59
同方股份,sh600100,8.51,8.59,8.57,37202400.0,8.5,352400,8.51,202000,-0.93,8.69,8.43,37202400,317510000.0,1.11,3.03,285.11,285.11,9.45,7.73,0.84
锴威特,sh688693,83.47,82.3,83.11,758464100.0,83.47,7600,83.57,200,1.42,87.68,80.68,758464100,634480000.0,19.5,8.51,32.47,61.5,98.76,65.84,1.13
信邦制药,sz002390,3.16,3.17,3.15,21281700.0,3.15,234800,3.16,9700,-0.32,3.18,3.12,21281700,66920000.0,1.1,1.89,60.92,61.43,3.49,2.85,0.73
胜业电气,bj920128,24.59,25.02,24.8,473400.0,24.59,2700,24.61,0,-1.72,25.02,24.58,473400,11715500.0,1.24,1.76,9.4,19.96,32.52,17.52,0.63
华塑股份,sh600935,2.64,2.6,2.6,29791600.0,2.63,634000,2.64,2537000,1.54,2.65,2.59,29791600,78260000.0,0.85,2.31,92.6,94.9,2.86,2.34,1.3
蓝黛科技,sz002765,10.11,10.15,10.17,7052700.0,10.11,49200,10.12,76300,-0.39,10.19,10.04,7052700,71190000.0,1.18,1.48,60.24,65.93,11.17,9.14,0.76
绿地控股,sh600606,1.34,1.35,1.34,74725700.0,1.34,4635200,1.35,608700,-0.74,1.36,1.33,74725700,100300000.0,0.53,2.22,188.33,188.33,1.49,1.22,0.83
富士莱,sz301258,28.72,28.5,28.22,1827700.0,28.72,200,28.73,600,0.77,28.94,27.82,1827700,51940000.0,2.05,3.93,25.58,26.33,34.2,22.8,1.29
顺威股份,sz002676,6.77,6.69,6.69,19733400.0,6.77,16900,6.78,57200,1.2,6.87,6.47,19733400,131160000.0,2.74,5.98,48.74,48.74,7.36,6.02,1.58
雅葆轩,bj920357,25.6,26.75,26.5,2367700.0,25.6,11000,25.71,700,-4.3,26.65,25.6,2367700,61597600.0,5.32,3.93,11.4,20.5,34.77,18.73,0.71
派克新材,sh605123,100.36,103.14,101.78,2603700.0,100.36,15600,100.38,4900,-2.7,102.81,99.64,2603700,262270000.0,2.15,3.07,121.61,121.61,113.45,92.83,0.74
中路股份,sh600818,8.31,8.21,8.2,3795300.0,8.31,5600,8.33,400,1.22,8.35,8.15,3795300,31340000.0,1.59,2.44,19.77,26.71,9.03,7.39,0.97
倍轻松,sh688793,20.73,20.7,20.56,130648600.0,20.73,15100,20.78,0,0.14,20.89,20.21,130648600,26890000.0,1.52,3.29,17.82,17.82,24.84,16.56,1.05
威龙股份,sh603779,6.26,6.17,6.16,5630400.0,6.25,48500,6.26,600,1.46,6.3,6.1,5630400,34920000.0,1.7,3.24,20.79,20.79,6.79,5.55,1.22
博瑞传播,sh600880,5.22,5.12,5.23,44170200.0,5.22,31100,5.23,63300,1.95,5.4,5.17,44170200,232920000.0,4.04,4.49,57.06,57.07,5.63,4.61,0.88
华星创业,sz300025,5.42,5.17,5.23,29996400.0,5.41,2300,5.42,2200,4.84,5.57,5.18,29996400,162150000.0,5.92,7.54,27.46,27.58,6.2,4.14,2.62
中捷资源,sz002021,2.97,2.94,2.93,34336700.0,2.97,168900,2.98,149200,1.02,3.04,2.89,34336700,101590000.0,2.87,5.1,35.5,35.51,3.23,2.65,0.87
建设工业,sz002265,22.09,22.62,22.61,9449500.0,22.08,27500,22.09,43300,-2.34,22.7,21.99,9449500,209710000.0,0.91,3.14,228.2,228.2,24.88,20.36,0.85
无锡晶海,bj920547,23.0,23.32,23.27,355200.0,23.0,600,23.19,400,-1.37,23.68,22.91,355200,8214299.999999999,0.94,3.3,8.68,17.87,30.31,16.33,0.45
北摩高科,sz002985,39.33,40.22,39.73,13883200.0,39.33,2900,39.34,200,-2.21,39.99,38.73,13883200,545000000.0,4.2,3.13,130.16,130.52,44.24,36.2,1.0
甘源食品,sz002991,50.65,51.05,50.94,749600.0,50.65,2700,50.7,1900,-0.78,51.16,50.39,749600,38020000.0,1.5,1.51,25.29,47.21,56.16,45.95,0.42
中曼石油,sh603619,33.6,33.39,33.51,24844800.0,33.59,6500,33.6,36600,0.63,34.35,33.0,24844800,835240000.0,5.37,4.04,155.35,155.35,36.73,30.05,1.06
京能热力,sz002893,10.61,10.78,10.65,12213300.0,10.61,40600,10.62,43100,-1.58,10.77,10.54,12213300,129910000.0,6.02,2.13,21.51,27.97,11.86,9.7,1.05
万安科技,sz002590,12.38,12.43,12.4,6298200.0,12.38,32100,12.4,3700,-0.4,12.45,12.26,6298200,77840000.0,1.27,1.53,61.28,64.26,13.67,11.19,0.96
嵘泰股份,sh605133,31.61,32.72,32.51,10317700.0,31.61,11600,31.62,34400,-3.39,32.9,31.61,10317700,330800000.0,3.66,3.94,89.18,89.38,35.99,29.45,0.76
莱斯信息,sh688631,56.27,58.53,57.95,194426500.0,56.18,18700,56.27,18000,-3.86,57.95,56.09,194426500,109950000.0,3.0,3.18,36.5,91.98,70.24,46.82,0.73
海鸥股份,sh603269,14.72,15.21,15.03,13014000.0,14.71,46700,14.72,28900,-3.22,15.12,14.6,13014000,192330000.0,4.22,3.42,45.45,45.45,16.73,13.69,0.58
湘邮科技,sh600476,11.04,10.66,10.61,6279000.0,11.04,21400,11.06,32000,3.56,11.2,10.46,6279000,68510000.0,3.9,6.94,17.78,17.78,11.73,9.59,1.11
星网宇达,sz002829,22.29,22.95,22.79,5829100.0,22.28,16500,22.29,3800,-2.88,22.79,21.91,5829100,129540000.0,3.99,3.83,32.56,46.32,25.25,20.66,1.0
吉大通信,sz300597,9.3,9.26,9.21,4575700.0,9.28,800,9.3,12700,0.43,9.34,9.03,4575700,41980000.0,1.69,3.35,25.24,25.35,11.11,7.41,1.21
ST路通,sz300555,13.18,13.2,13.26,1784300.0,13.14,2700,13.18,38500,-0.15,13.43,13.0,1784300,23470000.0,0.9,3.26,26.09,26.36,15.84,10.56,0.75
爱仕达,sz002403,10.32,10.38,10.39,3291700.0,10.3,600,10.32,3700,-0.58,10.46,10.21,3291700,33850000.0,1.11,2.41,30.67,35.15,11.42,9.34,0.57
何氏眼科,sz301103,19.74,19.04,18.93,3325100.0,19.73,600,19.74,2300,3.68,19.93,18.85,3325100,64930000.0,2.1,5.67,31.19,31.19,22.85,15.23,2.26
大丰实业,sh603081,11.68,11.83,11.78,6155100.0,11.67,6400,11.68,1400,-1.27,11.95,11.54,6155100,72070000.0,1.46,3.47,49.35,49.35,13.01,10.65,0.9
康泰医学,sz300869,12.84,12.82,12.82,2668200.0,12.83,1000,12.84,22200,0.16,12.87,12.63,2668200,34010000.0,1.01,1.87,33.92,51.59,15.38,10.26,0.79
易天股份,sz300812,37.06,38.13,37.64,8226300.0,37.06,39200,37.07,6900,-2.81,38.5,37.02,8226300,308450000.0,8.87,3.88,34.36,51.91,45.76,30.5,0.52
联合光电,sz300691,16.37,16.27,16.43,7166800.0,16.37,35100,16.39,2100,0.61,16.99,16.24,7166800,118070000.0,3.25,4.61,36.13,44.04,19.52,13.02,1.25
苏豪时尚,sh600287,5.66,5.54,5.49,6880800.0,5.66,68600,5.67,117800,2.17,5.69,5.49,6880800,38590000.0,1.58,3.61,24.72,24.72,6.09,4.99,1.21
派诺科技,bj920375,13.21,13.7,13.71,3982900.0,13.2,61700,13.21,500,-3.58,13.73,13.2,3982900,53338400.0,6.14,3.87,8.58,14.35,17.81,9.59,0.62
九联科技,sh688609,9.48,9.32,9.41,2529093600.0,9.48,9100,9.49,44100,1.72,9.53,9.23,2529093600,237820000.0,5.06,3.22,47.4,49.48,11.18,7.46,1.83
辽港股份,sh601880,1.59,1.61,1.61,91733200.0,1.59,15055900,1.6,8906100,-1.24,1.61,1.59,91733200,146610000.0,0.5,1.24,292.77,374.79,1.77,1.45,1.12
奥普光电,sz002338,60.06,61.87,61.4,10003200.0,60.06,10400,60.07,2500,-2.93,61.94,59.93,10003200,607370000.0,4.17,3.25,144.14,144.14,68.06,55.68,0.59
卓锦股份,sh688701,9.21,9.01,9.01,261325400.0,9.21,11100,9.23,600,2.22,9.32,8.87,261325400,23800000.0,1.95,4.99,12.37,12.37,10.81,7.21,1.26
港通医疗,sz301515,22.85,22.58,22.14,3164100.0,22.84,1500,22.99,1500,1.2,23.27,21.9,3164100,71360000.0,4.83,6.07,14.98,22.85,27.1,18.06,2.38
禾川科技,sh688320,30.76,30.83,30.65,156672000.0,30.76,1600,30.81,4700,-0.23,31.05,30.13,156672000,47950000.0,1.04,2.98,46.45,46.45,37.0,24.66,0.89
京能置业,sh600791,13.18,12.29,12.29,54648000.0,13.17,18300,13.18,38900,7.24,13.52,12.24,54648000,728080000.0,12.08,10.41,59.61,59.69,13.52,11.06,2.39
金运激光,sz300220,14.04,13.86,13.88,2507200.0,14.03,9800,14.04,6400,1.3,14.11,13.66,2507200,34900000.0,1.66,3.25,21.2,21.23,16.63,11.09,1.07
源飞宠物,sz001222,19.02,19.28,19.31,1829400.0,19.02,5900,19.05,10200,-1.35,19.31,18.63,1829400,34720000.0,1.7,3.53,20.43,36.31,21.21,17.35,1.25
华之杰,sh603400,65.39,66.06,65.83,1113500.0,65.38,200,65.39,3400,-1.01,66.2,64.08,1113500,72210000.0,5.57,3.21,13.08,65.39,72.67,59.45,0.63
乔治白,sz002687,4.84,4.83,4.84,16917100.0,4.84,8500,4.85,17700,0.21,4.88,4.74,16917100,81410000.0,4.09,2.9,20.01,24.43,5.31,4.35,0.56
水羊股份,sz300740,24.44,23.2,23.78,27845600.0,24.44,23000,24.45,12300,5.34,25.0,23.7,27845600,681950000.0,7.71,5.6,88.3,95.86,27.84,18.56,1.92
永泰能源,sh600157,1.68,1.71,1.7,527239700.0,1.68,12348400,1.69,25020200,-1.75,1.71,1.67,527239700,889940000.0,2.42,2.34,366.54,366.54,1.88,1.54,0.9
爱尔眼科,sz300015,10.99,10.41,10.25,345357200.0,10.99,573700,11.0,2303400,5.57,11.29,10.21,345357200,3781150000.0,4.34,10.37,874.29,1024.86,12.49,8.33,3.65
秉扬科技,bj920675,9.57,9.78,9.71,1441000.0,9.57,8900,9.58,12100,-2.15,9.77,9.53,1441000,13841000.0,1.82,2.45,7.56,16.48,12.71,6.85,0.61
挖金客,sz301380,33.12,33.26,33.06,1479700.0,33.09,7300,33.12,2300,-0.42,33.4,32.55,1479700,48780000.0,1.83,2.56,26.74,33.58,39.91,26.61,1.19
青松股份,sz300132,9.04,8.9,8.88,20999400.0,9.04,33300,9.05,156300,1.57,9.07,8.74,20999400,187230000.0,4.13,3.71,45.93,46.7,10.68,7.12,1.03
海泰科,sz301022,34.7,34.77,33.44,6774800.0,34.7,38000,34.71,6200,-0.2,35.33,33.07,6774800,230840000.0,10.15,6.5,23.17,34.52,41.72,27.82,1.1
本川智能,sz300964,68.08,69.6,67.67,3201000.0,68.08,7500,68.09,3400,-2.18,69.5,67.02,3201000,217790000.0,5.71,3.56,38.13,51.96,83.52,55.68,0.52
圣龙股份,sh603178,17.17,19.08,18.04,33397400.0,17.17,186900,17.18,117100,-10.01,18.66,17.17,33397400,587950000.0,14.13,7.81,40.59,40.59,20.99,17.17,0.98
华岭股份,bj920139,18.45,18.28,18.46,5411500.0,18.45,12100,18.46,1900,0.93,19.38,18.42,5411500,102105200.0,2.08,5.25,47.96,49.72,23.76,12.8,0.92
国子软件,bj920953,30.32,30.41,30.28,1163300.0,30.31,1300,30.32,400,-0.3,30.97,29.56,1163300,35238900.0,1.94,4.64,18.16,38.84,39.53,21.29,0.63
峆一药业,bj920478,16.42,16.75,16.63,954000.0,16.41,500,16.42,3200,-1.97,16.76,16.36,954000,15724800.0,2.02,2.39,7.76,12.92,21.77,11.73,0.43
光韵达,sz300227,11.32,11.68,11.56,17078100.0,11.31,2400,11.32,2300,-3.08,11.76,11.26,17078100,194590000.0,3.94,4.28,49.02,67.46,14.02,9.34,0.84
长安汽车,sz000625,9.91,10.01,9.98,67751500.0,9.91,221700,9.92,355600,-1.0,9.99,9.9,67751500,673460000.0,0.82,0.9,819.27,982.37,11.01,9.01,0.85
恒合股份,bj920145,14.37,14.68,14.68,624700.0,14.37,2000,14.46,3600,-2.11,14.68,14.35,624700,9054800.0,1.29,2.25,6.98,10.14,19.08,10.28,0.62
电声股份,sz300805,10.6,10.87,10.7,11209400.0,10.6,148700,10.61,9200,-2.48,10.77,10.37,11209400,118180000.0,3.89,3.68,30.57,44.99,13.04,8.7,1.19
翰博高新,sz301321,23.74,23.69,23.59,4532200.0,23.73,5900,23.74,2200,0.21,24.0,23.38,4532200,107370000.0,3.07,2.62,35.05,44.26,28.43,18.95,0.84
江淮汽车,sh600418,44.49,45.41,45.24,28351100.0,44.49,47700,44.5,46600,-2.03,45.4,44.21,28351100,1265470000.0,1.3,2.62,971.67,1002.88,49.95,40.87,0.88
ST香雪,sz300147,10.07,10.08,10.18,13728700.0,10.07,98300,10.08,32800,-0.1,10.39,10.03,13728700,139570000.0,2.09,3.57,66.2,66.59,12.1,8.06,0.66
凯腾精工,bj920553,8.75,8.91,8.9,808700.0,8.75,15800,8.76,100,-1.8,8.9,8.69,808700,7106900.000000001,0.89,2.36,7.96,12.57,11.58,6.24,0.57
智明达,sh688636,45.0,46.77,46.68,592558000.0,45.0,61300,45.02,5400,-3.78,46.7,44.0,592558000,266130000.0,3.53,5.77,75.43,78.26,56.12,37.42,1.0
通用股份,sh601500,4.29,4.27,4.25,12209900.0,4.29,58100,4.3,310400,0.47,4.31,4.25,12209900,52320000.0,0.77,1.41,67.91,68.18,4.7,3.84,1.09
博晖创新,sz300318,5.55,5.51,5.47,4211700.0,5.55,78200,5.56,63300,0.73,5.57,5.45,4211700,23260000.0,0.53,2.18,44.32,45.34,6.61,4.41,0.59
东方海洋,sz002086,1.94,1.92,1.91,50233300.0,1.93,960600,1.94,889700,1.04,1.94,1.85,50233300,95440000.0,3.18,4.69,30.68,38.0,2.11,1.73,1.4
锦好医疗,bj920925,16.71,16.98,17.09,950100.0,16.7,8700,16.71,26800,-1.59,17.09,16.71,950100,16007200.0,1.72,2.24,9.24,16.49,22.07,11.89,0.55
创新医疗,sz002173,24.11,24.73,24.24,20317200.0,24.1,43000,24.11,63600,-2.51,24.55,23.9,20317200,490540000.0,4.83,2.63,101.47,106.39,27.2,22.26,0.83
延华智能,sz002178,6.1,5.97,6.03,15400500.0,6.09,115500,6.1,747300,2.18,6.12,6.01,15400500,93500000.0,2.16,1.84,43.42,43.44,6.57,5.37,1.44
百联股份,sh600827,8.1,8.1,8.08,10168900.0,8.1,40000,8.11,54400,0.0,8.15,8.03,10168900,82120000.0,0.63,1.48,129.96,144.52,8.91,7.29,0.82
石头科技,sh688169,115.43,118.14,118.11,809690300.0,115.43,4600,115.44,1000,-2.29,118.11,113.4,809690300,930800000.0,3.12,3.99,299.09,299.09,141.77,94.51,1.09
*ST艾艾,sh603580,18.8,18.98,18.03,2462100.0,18.76,200,18.8,33500,-0.95,19.56,18.03,2462100,46240000.0,1.88,8.06,24.57,24.57,19.93,18.03,1.06
奥雅股份,sz300949,38.26,37.7,37.5,1026200.0,38.26,1900,38.27,200,1.49,38.69,37.3,1026200,39110000.0,2.99,3.69,13.12,22.96,45.24,30.16,1.21
贝仕达克,sz300822,14.35,13.82,13.86,6517300.0,14.34,8300,14.35,2400,3.84,14.79,13.71,6517300,93430000.0,2.26,7.81,41.47,44.71,16.58,11.06,3.91
星帅尔,sz002860,12.74,12.9,12.82,10437900.0,12.74,18800,12.75,15200,-1.24,12.85,12.4,10437900,132190000.0,2.97,3.49,44.79,45.83,14.19,11.61,0.43
金杯汽车,sh600609,3.94,3.98,3.98,13761100.0,3.94,290500,3.95,154900,-1.01,3.99,3.94,13761100,54410000.0,1.05,1.26,51.4,51.4,4.38,3.58,1.13
花园生物,sz300401,13.08,13.25,13.28,11397700.0,13.07,27000,13.08,27900,-1.28,13.29,12.99,11397700,148990000.0,2.13,2.26,69.97,71.11,15.9,10.6,0.69
宇瞳光学,sz300790,29.61,29.9,29.7,12628700.0,29.61,2600,29.63,3700,-0.97,30.12,29.39,12628700,374560000.0,3.89,2.44,96.12,110.78,35.88,23.92,0.62
科锐国际,sz300662,23.4,23.78,23.86,3980600.0,23.39,2700,23.4,15400,-1.6,23.86,22.81,3980600,92540000.0,2.03,4.42,45.93,46.05,28.54,19.02,1.17
裕同科技,sz002831,37.05,37.38,37.19,8175800.0,37.05,2900,37.06,5100,-0.88,37.79,36.8,8175800,303940000.0,1.6,2.65,189.32,341.05,41.12,33.64,0.7
蓝帆医疗,sz002382,7.93,7.5,7.45,44136300.0,7.92,34100,7.93,204800,5.73,7.97,7.44,44136300,341480000.0,4.42,7.07,79.24,79.87,8.25,6.75,1.84
海鸥住工,sz002084,3.7,3.68,3.69,13471600.0,3.7,17600,3.71,156300,0.54,3.72,3.63,13471600,49590000.0,2.09,2.45,23.85,23.9,4.05,3.31,0.83
深粮控股,sz000019,8.0,8.08,8.15,24562900.0,8.0,40600,8.01,87800,-0.99,8.2,7.93,24562900,197110000.0,5.9,3.34,33.3,92.2,8.89,7.27,0.88
恒华科技,sz300365,5.56,5.62,5.58,13269700.0,5.55,49200,5.56,36300,-1.07,5.62,5.49,13269700,73560000.0,2.59,2.31,28.45,33.35,6.74,4.5,0.85
朗玛信息,sz300288,12.6,12.54,12.45,3817300.0,12.6,400,12.61,1900,0.48,12.67,12.28,3817300,47650000.0,1.49,3.11,32.33,42.58,15.05,10.03,0.94
永顺泰,sz001338,12.56,12.64,12.55,7273300.0,12.56,21900,12.58,3900,-0.63,12.73,12.47,7273300,91650000.0,1.45,2.06,63.02,63.02,13.9,11.38,0.54
佩蒂股份,sz300673,15.21,15.81,15.7,6213500.0,15.2,4600,15.21,3800,-3.8,15.75,15.13,6213500,95360000.0,3.87,3.92,24.4,37.62,18.97,12.65,1.54
银信科技,sz300231,11.12,11.44,11.29,21473800.0,11.12,16200,11.13,44500,-2.8,11.35,10.89,21473800,237490000.0,4.83,4.02,49.4,49.41,13.73,9.15,0.96
金智科技,sz002090,10.5,10.48,10.48,6993600.0,10.5,27700,10.51,5500,0.19,10.6,10.32,6993600,72890000.0,1.77,2.67,41.48,42.06,11.53,9.43,0.81
金地集团,sh600383,2.66,2.7,2.7,42713500.0,2.66,2357200,2.67,1017900,-1.48,2.7,2.65,42713500,113950000.0,0.95,1.85,120.09,120.09,2.97,2.43,0.8
光洋股份,sz002708,13.01,13.22,13.22,14103700.0,13.01,19000,13.02,72500,-1.59,13.22,12.84,14103700,183150000.0,2.73,2.87,67.22,73.13,14.54,11.9,0.38
迪安诊断,sz300244,18.87,19.37,19.28,17444400.0,18.87,1600,18.88,100,-2.58,19.36,18.67,17444400,329450000.0,3.48,3.56,94.63,117.93,23.24,15.5,0.77
恒立钻具,bj920942,25.02,25.4,25.65,735100.0,25.02,4200,25.06,800,-1.5,25.65,24.82,735100,18447500.0,1.77,3.27,10.36,15.34,33.02,17.78,0.47
尤夫股份,sz002427,6.23,6.28,6.22,13856900.0,6.22,74300,6.23,15300,-0.8,6.32,6.18,13856900,86390000.0,1.41,2.23,61.35,61.39,6.91,5.65,0.92
杭州解百,sh600814,7.69,7.74,7.7,6924600.0,7.68,45600,7.69,10500,-0.65,7.73,7.62,6924600,53170000.0,0.94,1.42,56.53,56.53,8.51,6.97,0.83
海新能科,sz300072,4.72,4.66,4.67,51615200.0,4.71,420700,4.72,17800,1.29,4.8,4.65,51615200,244030000.0,2.21,3.22,110.04,110.91,5.59,3.73,1.31
福星股份,sz000926,1.94,1.95,1.94,20586900.0,1.94,246400,1.95,615100,-0.51,1.96,1.92,20586900,39900000.0,1.31,2.05,30.52,30.9,2.15,1.76,1.01
实益达,sz002137,8.13,8.07,8.03,9929900.0,8.13,184000,8.14,61100,0.74,8.19,7.89,9929900,79850000.0,2.5,3.72,32.23,46.95,8.88,7.26,0.92
艾布鲁,sz301259,38.09,38.23,37.94,3470200.0,38.09,15600,38.1,1500,-0.37,38.93,37.71,3470200,132770000.0,3.51,3.19,37.66,59.42,45.88,30.58,0.55
荣盛发展,sz002146,1.25,1.28,1.27,94268900.0,1.24,4376600,1.25,1288200,-2.34,1.28,1.23,94268900,117720000.0,2.41,3.91,48.89,54.35,1.41,1.15,1.15
德生科技,sz002908,8.96,8.86,8.81,4594700.0,8.95,30600,8.96,1100,1.13,9.01,8.74,4594700,40770000.0,1.43,3.05,28.84,38.66,9.75,7.97,1.03
宝信软件,sh600845,23.06,23.27,23.1,18472600.0,23.06,24200,23.07,49900,-0.9,23.27,22.57,18472600,423330000.0,0.87,3.01,492.11,662.0,25.6,20.94,0.83
联翔股份,sh603272,22.09,20.08,20.95,9399700.0,22.09,4362600,0.0,0,10.01,22.09,20.95,9399700,202640000.0,9.07,5.68,22.89,22.89,22.09,18.07,1.32
数字政通,sz300075,13.46,12.67,12.86,29964900.0,13.45,5400,13.46,210400,6.24,13.59,12.86,29964900,396800000.0,5.81,5.76,69.38,83.6,15.2,10.14,3.88
威马农机,sz301533,32.2,31.8,31.61,1015000.0,32.18,800,32.2,2800,1.26,32.27,31.6,1015000,32510000.0,3.57,2.11,9.16,31.65,38.16,25.44,1.53
凯文教育,sz002659,5.12,5.11,4.99,14255500.0,5.12,111300,5.13,10000,0.2,5.16,4.99,14255500,72200000.0,2.38,3.33,30.63,30.63,5.62,4.6,1.0
拾比佰,bj920768,12.0,12.3,12.26,1234600.0,11.99,6400,12.0,14700,-2.44,12.26,11.98,1234600,14900800.0,1.61,2.28,9.18,13.32,15.99,8.61,0.38
骑士乳业,bj920786,8.24,8.55,8.32,6965800.0,8.24,20300,8.26,1000,-3.63,8.54,8.24,6965800,58284799.99999999,4.92,3.51,11.66,17.23,11.11,5.99,0.85
北方国际,sz000065,13.57,13.61,13.52,26364100.0,13.57,37300,13.58,40200,-0.29,13.74,13.36,26364100,357330000.0,2.7,2.79,132.3,157.61,14.97,12.25,0.61
汇纳科技,sz300609,38.0,37.71,37.5,5613500.0,38.0,2200,38.01,1900,0.77,39.0,36.39,5613500,211980000.0,4.68,6.92,45.57,45.64,45.25,30.17,1.62
瑞泰科技,sz002066,23.22,23.18,23.17,3419300.0,23.22,10900,23.23,7200,0.17,23.54,22.95,3419300,79500000.0,1.48,2.55,53.64,54.55,25.5,20.86,0.57
星宸科技,sz301536,81.6,83.33,88.0,19811200.0,81.59,200,81.6,1400,-2.08,88.5,80.09,19811200,1640680000.0,10.58,10.09,152.75,344.12,100.0,66.66,2.21
金能科技,sh603113,7.08,7.13,7.1,15377700.0,7.07,22400,7.08,15300,-0.7,7.21,6.95,15377700,108990000.0,1.81,3.65,60.07,60.07,7.84,6.42,0.94
德恩精工,sz300780,23.32,23.42,22.85,7371300.0,23.32,14800,23.33,400,-0.43,23.65,22.85,7371300,171840000.0,6.85,3.42,25.08,34.2,28.1,18.74,0.58
酷特智能,sz300840,19.01,19.08,19.0,4732600.0,19.01,7900,19.02,11900,-0.37,19.18,18.67,4732600,89780000.0,2.67,2.67,33.66,45.62,22.9,15.26,0.77
金现代,sz300830,10.53,10.81,10.68,17960700.0,10.53,1800,10.54,8500,-2.59,10.68,10.3,17960700,188450000.0,5.33,3.52,35.5,47.56,12.97,8.65,1.02
北纬科技,sz002148,7.54,7.53,7.52,6771700.0,7.54,1300,7.57,65000,0.13,7.61,7.43,6771700,50890000.0,1.51,2.39,33.88,42.15,8.28,6.78,0.88
硅烷科技,bj920402,9.84,9.35,9.34,15113000.0,9.84,17300,9.85,29900,5.24,10.49,9.28,15113000,151744700.0,5.54,12.94,26.85,41.53,12.15,6.55,2.35
居然智家,sz000785,2.54,2.55,2.54,43248100.0,2.53,369500,2.54,303100,-0.39,2.55,2.49,43248100,109180000.0,0.73,2.35,149.8,158.17,2.81,2.3,0.72
津滨发展,sz000897,2.08,2.07,2.07,19057300.0,2.07,806300,2.08,41200,0.48,2.09,2.05,19057300,39470000.0,1.18,1.93,33.64,33.64,2.28,1.86,0.86
绿岛风,sz301043,52.31,52.3,51.8,736500.0,52.3,1300,52.31,200,0.02,53.35,51.51,736500,38550000.0,1.3,3.52,29.68,35.57,62.76,41.84,0.61
獐子岛,sz002069,3.77,3.76,3.76,8855600.0,3.77,6800,3.78,265400,0.27,3.8,3.71,8855600,33240000.0,1.25,2.39,26.78,26.81,4.14,3.38,0.76
新锦动力,sz300157,5.92,6.17,6.17,46288100.0,5.92,12100,5.93,110500,-4.05,6.17,5.85,46288100,276040000.0,6.54,5.19,41.9,44.63,7.4,4.94,1.42
五芳斋,sh603237,17.72,17.53,17.46,2528300.0,17.72,1100,17.73,23000,1.08,17.74,17.44,2528300,44630000.0,1.29,1.71,34.73,34.92,19.28,15.78,1.54
绿的谐波,sh688017,205.26,203.77,202.9,529890000.0,205.26,4500,205.28,3900,0.73,207.99,200.6,529890000,1080790000.0,2.89,3.63,376.3,376.3,244.52,163.02,0.79
哈三联,sz002900,10.68,10.66,10.68,3583000.0,10.67,9200,10.68,30800,0.19,10.69,10.49,3583000,38000000.0,2.22,1.88,17.21,33.79,11.73,9.59,0.72
合肥高科,bj920718,12.91,13.08,13.0,266600.0,12.91,10000,12.92,3600,-1.3,13.08,12.84,266600,3443800.0,0.62,1.83,5.57,11.71,17.0,9.16,0.5
鼎智科技,bj920593,27.59,27.66,27.66,1627100.0,27.59,81000,27.6,6100,-0.25,28.1,27.23,1627100,44914000.0,1.01,3.15,44.59,52.5,35.95,19.37,0.49
璞源材料,sh603196,34.93,32.75,32.75,10259000.0,34.93,1900,34.94,11900,6.66,35.35,32.55,10259000,352640000.0,4.33,8.55,82.78,146.25,36.03,29.48,1.66
光峰科技,sh688007,14.91,14.9,14.94,577844000.0,14.91,10200,14.94,1500,0.07,15.05,14.61,577844000,85570000.0,1.26,2.95,68.53,68.53,17.88,11.92,0.9
沙河股份,sz000014,13.12,13.13,13.05,3961100.0,13.12,15700,13.13,1000,-0.08,13.26,13.01,3961100,52010000.0,1.64,1.9,31.76,31.76,14.44,11.82,0.66
宣亚国际,sz300612,14.61,14.74,14.66,6505100.0,14.6,2700,14.61,12400,-0.88,14.71,14.27,6505100,94200000.0,3.62,2.99,26.28,26.36,17.69,11.79,0.99
兆讯传媒,sz301102,10.72,10.74,10.67,2751100.0,10.72,38600,10.74,100,-0.19,10.81,10.42,2751100,29270000.0,0.68,3.63,43.52,43.52,12.89,8.59,1.07
金盾股份,sz300411,10.33,10.47,10.45,3505800.0,10.33,20300,10.34,69000,-1.34,10.52,10.27,3505800,36340000.0,1.13,2.39,31.93,41.99,12.56,8.38,0.64
智度股份,sz000676,7.38,7.5,7.48,19836400.0,7.38,95100,7.39,42100,-1.6,7.49,7.26,19836400,145780000.0,1.58,3.07,92.92,92.97,8.25,6.75,1.03
上海家化,sh600315,20.22,20.16,20.1,5465500.0,20.22,14600,20.23,1300,0.3,20.65,19.95,5465500,110870000.0,0.81,3.47,135.92,135.92,22.18,18.14,1.26
文投控股,sh600715,2.05,2.14,2.12,73616800.0,2.05,129800,2.06,1202000,-4.21,2.13,2.04,73616800,151610000.0,2.57,4.21,58.68,83.23,2.35,1.93,0.79
国芳集团,sh601086,8.1,8.33,8.24,8551300.0,8.1,44800,8.11,42900,-2.76,8.33,8.07,8551300,69710000.0,1.28,3.12,53.95,53.95,9.16,7.5,0.61
宝莫股份,sz002476,5.85,5.83,5.79,9465500.0,5.85,53100,5.86,30900,0.34,5.89,5.73,9465500,54920000.0,1.55,2.74,35.8,35.8,6.41,5.25,1.09
新兴装备,sz002933,31.56,31.67,31.58,1279000.0,31.52,5600,31.56,4800,-0.35,31.68,31.01,1279000,40060000.0,1.1,2.12,36.84,37.04,34.84,28.5,0.63
中汽股份,sz301215,6.23,6.26,6.3,9918800.0,6.22,3800,6.23,31100,-0.48,6.3,6.16,9918800,61600000.0,0.75,2.24,82.39,82.48,7.51,5.01,0.98
广农糖业,sz000911,6.01,5.81,5.83,14055300.0,6.01,1800,6.02,4000,3.44,6.06,5.8,14055300,83940000.0,3.51,4.48,24.06,24.06,6.39,5.23,0.77
华阳国际,sz002949,14.0,14.12,14.05,2672700.0,14.0,5500,14.03,3200,-0.85,14.12,13.83,2672700,37340000.0,1.76,2.05,21.26,27.45,15.53,12.71,0.55
武进不锈,sh603878,8.01,8.03,8.13,16869400.0,8.01,3200,8.02,10000,-0.25,8.13,7.82,16869400,134030000.0,3.01,3.86,44.95,44.95,8.83,7.23,0.78
煌上煌,sz002695,11.44,11.4,11.38,4874200.0,11.44,17300,11.47,5900,0.35,11.57,11.34,4874200,55970000.0,0.95,2.02,58.51,64.02,12.54,10.26,0.65
思美传媒,sz002712,5.47,5.11,5.29,53086900.0,5.46,36200,5.47,10200,7.05,5.62,5.25,53086900,288520000.0,9.81,7.24,29.59,29.77,5.62,4.6,5.12
欧菲光,sz002456,9.08,9.17,9.12,48904000.0,9.07,300700,9.08,14100,-0.98,9.2,8.99,48904000,443450000.0,1.47,2.29,301.19,305.26,10.09,8.25,0.7
鼎汉技术,sz300011,7.24,7.38,7.31,8531700.0,7.23,31000,7.24,900,-1.9,7.33,7.14,8531700,61520000.0,1.68,2.57,36.73,43.84,8.86,5.9,1.36
火星人,sz300894,10.11,10.04,10.0,5761200.0,10.1,39400,10.11,18800,0.7,10.31,9.98,5761200,58230000.0,1.96,3.29,29.73,41.08,12.05,8.03,1.26
申联生物,sh688098,8.67,8.56,8.51,297694700.0,8.67,7200,8.68,16100,1.29,8.7,8.44,297694700,25550000.0,0.72,3.04,35.6,35.6,10.27,6.85,0.76
东方材料,sh603110,17.87,18.16,18.0,6153200.0,17.87,3700,17.88,23400,-1.6,18.35,17.8,6153200,110480000.0,3.06,3.03,35.96,35.96,19.98,16.34,0.72
竞业达,sz003005,18.23,18.0,17.99,2453100.0,18.23,2200,18.24,5000,1.28,18.34,17.91,2453100,44550000.0,1.93,2.39,23.15,42.18,19.8,16.2,0.78
正虹科技,sz000702,6.64,6.73,6.73,7647000.0,6.64,9500,6.65,105400,-1.34,6.75,6.55,7647000,50730000.0,2.87,2.97,17.7,23.02,7.4,6.06,0.49
广汽集团,sh601238,7.03,7.1,7.1,16517500.0,7.03,48800,7.04,210000,-0.99,7.11,7.02,16517500,116240000.0,0.22,1.27,519.07,716.85,7.81,6.39,1.23
飞沃科技,sz301232,211.9,223.43,227.46,6039200.0,211.86,400,211.9,600,-5.16,230.99,206.0,6039200,1303320000.0,13.52,11.18,94.65,159.27,268.12,178.74,0.85
锦江酒店,sh600754,25.91,26.51,26.3,11149400.0,25.91,18300,25.92,1600,-2.26,26.49,25.69,11149400,289580000.0,1.23,3.02,234.76,276.28,29.16,23.86,0.91
威士顿,sz301315,50.13,51.17,50.99,1429200.0,50.13,2600,50.17,800,-2.03,51.2,49.73,1429200,71740000.0,3.86,2.87,18.55,44.11,61.4,40.94,1.08
永顺生物,bj920729,7.94,8.15,8.11,1050000.0,7.92,10800,7.94,400,-2.58,8.12,7.9,1050000,8361000.0,1.37,2.7,6.1,21.7,10.59,5.71,0.81
国际医学,sz000516,4.68,4.58,4.59,45285600.0,4.67,375200,4.68,16600,2.18,4.78,4.58,45285600,212640000.0,2.06,4.37,102.69,104.78,5.04,4.12,1.77
正元智慧,sz300645,16.79,16.77,16.7,3142300.0,16.79,2500,16.8,2000,0.12,16.98,16.41,3142300,52380000.0,2.26,3.4,23.39,23.86,20.12,13.42,1.21
名雕股份,sz002830,20.94,20.98,20.88,3580700.0,20.9,600,20.95,1200,-0.19,21.13,20.5,3580700,74510000.0,5.36,3.0,14.0,27.92,23.08,18.88,1.01
科净源,sz301372,32.55,32.26,32.14,1833300.0,32.52,2600,32.55,800,0.9,32.94,32.01,1833300,59520000.0,4.45,2.88,13.4,22.32,38.71,25.81,0.6
奥特佳,sz002239,2.97,2.98,2.99,57090900.0,2.97,449900,2.98,2348800,-0.34,3.0,2.94,57090900,168800000.0,1.75,2.01,97.0,98.55,3.28,2.68,1.02
*ST交投,sz002200,7.61,7.55,7.57,1175900.0,7.6,1200,7.61,11900,0.79,7.61,7.43,1175900,8860000.0,0.6,2.38,14.89,34.33,7.93,7.17,0.5
贤丰控股,sz002141,3.64,3.67,3.66,17127200.0,3.64,260400,3.65,135800,-0.82,3.67,3.59,17127200,62040000.0,1.66,2.18,37.6,37.6,4.04,3.3,0.74
美芝股份,sz002856,12.48,11.85,11.77,6004100.0,12.47,600,12.48,20800,5.32,12.49,11.77,6004100,73600000.0,4.85,6.08,15.46,16.89,13.04,10.67,0.89
三江购物,sh601116,13.48,13.85,13.63,9410500.0,13.47,32200,13.48,52100,-2.67,13.8,13.43,9410500,127770000.0,1.72,2.67,73.83,73.83,15.24,12.47,0.87
中远通,sz301516,18.88,19.27,19.11,6361000.0,18.88,7200,18.89,4200,-2.02,19.6,18.53,6361000,120290000.0,9.06,5.55,13.25,53.0,23.12,15.42,0.76
天坛生物,sh600161,14.88,14.9,14.83,5601200.0,14.87,21200,14.88,6700,-0.13,14.95,14.75,5601200,83090000.0,0.28,1.34,294.23,294.23,16.39,13.41,0.84
长城军工,sh601606,38.55,38.94,38.95,9924400.0,38.54,44100,38.55,64200,-1.0,39.29,38.5,9924400,383920000.0,1.37,2.03,279.19,279.19,42.83,35.05,0.54
中信海直,sz000099,17.69,17.96,17.8,6473400.0,17.68,28600,17.69,12500,-1.5,17.97,17.58,6473400,114560000.0,0.83,2.17,137.23,137.23,19.76,16.16,0.63
ST创意,sz300366,5.15,5.43,5.39,18892300.0,5.14,203000,5.15,64500,-5.16,5.4,5.05,18892300,97830000.0,3.56,6.45,27.32,31.29,6.52,4.34,2.45
博通股份,sh600455,25.44,25.27,25.2,1327000.0,25.44,12900,25.49,5600,0.67,25.65,24.86,1327000,33580000.0,2.12,3.13,15.89,15.89,27.8,22.74,1.02
普联软件,sz300996,17.35,17.41,17.32,5253300.0,17.35,1600,17.37,2800,-0.34,17.6,17.18,5253300,91210000.0,2.21,2.41,41.3,49.06,20.89,13.93,0.66
华统股份,sz002840,12.12,12.63,12.61,43173100.0,12.11,13700,12.12,22200,-4.04,12.81,11.9,43173100,532010000.0,5.42,7.21,96.55,97.22,13.89,11.37,1.12
浙江黎明,sh603048,22.33,22.42,22.26,1825800.0,22.32,500,22.33,40600,-0.4,22.65,21.88,1825800,40520000.0,1.24,3.43,32.8,32.8,24.66,20.18,0.78
国缆检测,sz301289,55.39,57.16,56.68,1209400.0,55.39,100,55.47,200,-3.1,56.68,54.44,1209400,66750000.0,1.56,3.92,42.93,43.2,68.59,45.73,1.47
久远银海,sz002777,16.17,16.32,16.2,5151300.0,16.16,37500,16.17,2600,-0.92,16.33,15.95,5151300,83010000.0,1.27,2.33,65.41,66.01,17.95,14.69,0.92
陕西黑猫,sh601015,3.98,4.07,4.05,71695400.0,3.98,362900,3.99,423000,-2.21,4.14,3.95,71695400,289490000.0,3.51,4.67,81.29,81.29,4.48,3.66,1.18
捷安高科,sz300845,13.51,13.6,13.12,16472300.0,13.51,3200,13.52,1500,-0.66,13.67,12.33,16472300,214970000.0,11.46,9.85,19.42,27.78,16.32,10.88,1.63
瑞玛精密,sz002976,28.9,28.55,28.4,2085000.0,28.9,23200,28.91,900,1.23,29.25,28.3,2085000,59950000.0,3.13,3.33,19.27,43.26,31.41,25.7,0.94
华兰疫苗,sz301207,18.79,19.15,19.01,3587800.0,18.78,28300,18.8,500,-1.88,19.2,18.72,3587800,67580000.0,0.6,2.51,112.86,112.93,22.98,15.32,0.84
欧林生物,sh688319,28.47,28.85,28.8,491476000.0,28.46,20400,28.47,1400,-1.32,29.18,28.16,491476000,139820000.0,1.21,3.54,115.42,115.51,34.62,23.08,0.68
南京熊猫,sh600775,12.82,13.14,13.03,23518600.0,12.82,46700,12.83,110300,-2.44,13.04,12.73,23518600,301650000.0,3.5,2.36,86.13,117.15,14.45,11.83,0.81
鱼跃医疗,sz002223,31.78,32.38,32.32,8830900.0,31.78,23200,31.79,13400,-1.85,32.38,31.78,8830900,282140000.0,0.94,1.85,298.78,318.59,35.62,29.14,1.47
动力源,sh600405,5.12,5.08,5.05,9049400.0,5.11,34800,5.12,538400,0.79,5.16,5.05,9049400,46050000.0,1.48,2.17,31.24,31.38,5.59,4.57,0.86
玉禾田,sz300815,20.42,20.72,20.69,2945600.0,20.42,4100,20.43,600,-1.45,20.74,20.35,2945600,60340000.0,0.75,1.88,79.72,81.39,24.86,16.58,0.73
中寰股份,bj920260,9.92,10.14,10.11,947800.0,9.9,35300,9.92,7800,-2.17,10.11,9.9,947800,9448300.0,0.96,2.07,9.81,10.27,13.18,7.1,0.53
大悦城,sz000031,2.89,2.89,2.89,21643100.0,2.89,59600,2.9,103000,0.0,2.91,2.87,21643100,62460000.0,0.5,1.38,123.87,123.87,3.18,2.6,0.99
上纬新材,sh688585,118.45,121.44,120.36,340933700.0,118.45,3000,118.5,3000,-2.46,121.18,116.32,340933700,402660000.0,0.85,4.0,477.78,477.78,145.73,97.15,0.78
琏升科技,sz300051,16.83,17.9,18.07,29213300.0,16.83,2400,16.84,35700,-5.98,18.07,16.55,29213300,493890000.0,7.95,8.49,61.88,62.61,21.48,14.32,0.7
农尚环境,sz300536,8.67,8.77,8.76,6480200.0,8.67,30800,8.68,29300,-1.14,8.89,8.54,6480200,56200000.0,2.21,3.99,25.43,25.43,10.52,7.02,0.6
严牌股份,sz301081,14.77,15.42,15.27,6123600.0,14.77,900,14.78,25000,-4.22,15.51,14.77,6123600,91790000.0,2.8,4.8,32.27,33.64,18.5,12.34,0.69
思特奇,sz300608,12.6,13.0,13.0,15435000.0,12.6,7200,12.62,17100,-3.08,13.14,12.47,15435000,195010000.0,5.37,5.15,36.23,41.74,15.6,10.4,0.92
中亦科技,sz301208,34.25,34.17,34.0,1170600.0,34.23,200,34.25,39500,0.23,34.66,33.33,1170600,39880000.0,1.77,3.89,22.63,41.1,41.0,27.34,1.23
泰鹏智能,bj920132,13.42,13.63,13.54,378600.0,13.4,5000,13.42,900,-1.54,13.63,13.39,378600,5100400.0,1.35,1.76,3.77,11.11,17.71,9.55,0.44
星华新材,sz301077,38.59,32.16,31.8,24216500.0,38.59,735000,0.0,0,19.99,38.59,31.6,24216500,881370000.0,25.38,21.74,36.82,65.63,38.59,25.73,2.94
元琛科技,sh688659,10.04,9.72,9.68,228239400.0,9.99,5000,10.04,7300,3.29,10.06,9.63,228239400,22510000.0,1.43,4.42,16.06,16.06,11.66,7.78,1.07
学大教育,sz000526,34.85,34.54,34.29,2670100.0,34.83,1500,34.85,18300,0.9,34.94,34.1,2670100,92090000.0,2.24,2.43,41.63,42.47,37.99,31.09,0.83
众智科技,sz301361,36.43,36.34,36.1,1871800.0,36.42,1000,36.43,8800,0.25,36.77,35.83,1871800,67780000.0,6.15,2.59,11.09,42.38,43.61,29.07,0.92
鸿智科技,bj920926,14.38,14.61,14.74,407200.0,14.38,2400,14.48,700,-1.57,14.74,14.35,407200,5884200.0,0.51,2.67,11.53,12.71,18.99,10.23,0.52
正泰电器,sh601877,32.39,32.52,32.18,20922900.0,32.38,1300,32.39,43800,-0.4,32.62,31.96,20922900,673610000.0,0.97,2.03,696.05,696.05,35.77,29.27,0.65
阳光乳业,sz001318,13.61,13.51,13.44,2486800.0,13.6,100,13.61,8600,0.74,13.63,13.42,2486800,33690000.0,0.88,1.55,38.47,38.47,14.86,12.16,1.01
榕基软件,sz002474,7.05,7.23,7.2,31934700.0,7.05,128400,7.06,17700,-2.49,7.25,6.82,31934700,222480000.0,6.04,5.95,37.28,43.87,7.95,6.51,2.05
超越科技,sz301049,23.76,23.15,23.14,1824300.0,23.75,800,23.76,600,2.63,23.79,22.86,1824300,42710000.0,4.26,4.02,10.18,22.39,27.78,18.52,1.09
信濠光电,sz301051,22.3,22.49,22.49,3201400.0,22.3,100,22.31,1000,-0.84,22.5,21.87,3201400,71030000.0,1.99,2.8,35.88,45.28,26.99,17.99,1.19
明阳电路,sz300739,28.94,28.92,28.4,21269700.0,28.93,25300,28.94,16800,0.07,29.88,28.4,21269700,621490000.0,6.2,5.12,99.31,108.08,34.7,23.14,0.66
大位科技,sh600589,10.28,10.76,10.49,137699100.0,10.27,112500,10.28,196300,-4.46,10.6,10.11,137699100,1413790000.0,9.31,4.55,151.99,152.62,11.84,9.68,0.88
浩物股份,sz000757,4.74,4.68,4.7,10740100.0,4.74,16500,4.75,15900,1.28,4.77,4.61,10740100,50570000.0,2.02,3.42,25.25,25.25,5.15,4.21,1.26
华锋股份,sz002806,14.19,14.14,14.11,5508200.0,14.19,5200,14.2,15600,0.35,14.39,13.99,5508200,78280000.0,3.16,2.83,24.71,30.15,15.55,12.73,0.65
捷荣技术,sz002855,11.55,11.4,11.38,3601200.0,11.53,1100,11.55,6600,1.32,11.63,11.13,3601200,41130000.0,1.46,4.39,28.44,28.46,12.54,10.26,1.03
慧辰股份,sh688500,49.5,48.28,48.5,205990600.0,49.47,1300,49.5,6300,2.53,50.23,48.0,205990600,101280000.0,2.81,4.62,36.29,37.27,57.94,38.62,1.01
泰达股份,sz000652,4.15,4.22,4.21,17769200.0,4.15,291700,4.16,125600,-1.66,4.23,4.11,17769200,73790000.0,1.21,2.84,61.19,61.24,4.64,3.8,0.98
天源迪科,sz300047,12.26,12.13,12.05,20789800.0,12.26,104400,12.27,13200,1.07,12.5,11.86,20789800,253100000.0,3.62,5.28,70.36,78.19,14.56,9.7,1.66
众信旅游,sz002707,6.37,6.39,6.31,12385900.0,6.37,33200,6.38,46100,-0.31,6.41,6.3,12385900,78790000.0,1.5,1.72,52.57,62.6,7.03,5.75,0.72
众合科技,sz000925,9.2,8.36,9.09,41617100.0,9.2,20678400,0.0,0,10.05,9.2,9.07,41617100,381950000.0,6.18,1.56,61.94,62.23,9.2,7.52,1.31
天永智能,sh603895,28.78,29.86,29.9,2151500.0,28.77,400,28.78,39300,-3.62,30.0,28.56,2151500,62300000.0,1.99,4.82,31.11,31.11,32.85,26.87,0.95
*ST太和,sh605081,5.86,6.17,5.86,75900.0,0.0,0,5.86,16394100,-5.02,5.86,5.86,75900,440000.0,0.07,0.0,6.64,6.64,6.48,5.86,0.05
中恒集团,sh600252,2.48,2.48,2.47,25539800.0,2.48,843700,2.49,425700,0.0,2.5,2.45,25539800,63150000.0,0.8,2.02,78.97,78.97,2.73,2.23,0.78
神思电子,sz300479,16.98,18.88,18.18,16744300.0,16.97,22000,16.98,30500,-10.06,18.3,16.32,16744300,284130000.0,8.5,10.49,33.44,33.46,22.66,15.1,4.64
电魂网络,sh603258,17.24,17.15,17.15,1553000.0,17.23,600,17.24,2300,0.52,17.31,16.99,1553000,26640000.0,0.64,1.87,41.61,42.05,18.87,15.44,0.88
航新科技,sz300424,17.44,18.12,18.12,8272400.0,17.43,1900,17.44,2700,-3.75,18.12,17.24,8272400,145070000.0,3.37,4.86,42.78,42.8,21.74,14.5,0.85
正强股份,sz301119,41.5,42.33,42.42,1769900.0,41.5,3200,41.57,1200,-1.96,42.9,41.18,1769900,73990000.0,2.1,4.06,34.91,43.16,50.8,33.86,0.98
龙星科技,sz002442,5.84,5.79,5.75,10459200.0,5.83,33800,5.84,100200,0.86,5.85,5.67,10459200,60120000.0,2.12,3.11,28.77,29.39,6.37,5.21,1.02
大龙地产,sh600159,3.05,2.95,2.94,32196800.0,3.04,181300,3.05,666400,3.39,3.09,2.91,32196800,97700000.0,3.88,6.1,25.32,25.32,3.25,2.66,1.36
易实精密,bj920221,14.82,14.85,14.71,708900.0,14.81,76800,14.82,8400,-0.2,14.98,14.7,708900,10517400.0,1.15,1.89,9.15,17.2,19.3,10.4,0.72
安硕信息,sz300380,33.32,33.79,33.54,1992500.0,33.32,1400,33.33,5900,-1.39,33.71,32.82,1992500,66070000.0,1.56,2.63,42.44,46.13,40.55,27.03,0.91
中重科技,sh603135,11.32,11.87,11.61,10552100.0,11.31,2200,11.32,2400,-4.63,11.84,11.28,10552100,121180000.0,1.68,4.72,71.26,71.8,13.06,10.68,1.14
天邦食品,sz002124,2.59,2.87,2.76,285626400.0,2.59,2086900,2.6,872300,-9.76,2.77,2.58,285626400,755150000.0,14.48,6.62,51.08,57.55,3.16,2.58,0.77
成电光信,bj920008,25.22,26.29,26.18,1077200.0,25.21,9800,25.22,2900,-4.07,26.18,25.1,1077200,27474600.0,3.17,4.11,8.58,16.08,34.17,18.41,0.82
华业香料,sz300886,28.55,29.21,28.95,2528800.0,28.55,5700,28.56,1100,-2.26,28.95,27.6,2528800,71060000.0,5.79,4.62,12.46,21.35,35.05,23.37,1.8
远 望 谷,sz002161,7.25,7.31,7.31,20446700.0,7.25,7000,7.26,11500,-0.82,7.32,7.05,20446700,146470000.0,2.9,3.69,51.09,53.63,8.04,6.58,0.91
广电计量,sz002967,21.76,21.7,21.99,10779300.0,21.75,1100,21.76,9500,0.28,22.57,21.59,10779300,235760000.0,1.97,4.52,119.08,138.67,23.87,19.53,0.7
福莱新材,sh605488,32.84,33.26,33.01,4083500.0,32.84,55900,32.85,800,-1.26,33.61,32.67,4083500,134680000.0,1.48,2.83,90.71,99.14,36.59,29.93,0.67
和达科技,sh688296,14.1,13.74,13.74,169785700.0,14.1,1900,14.11,400,2.62,14.15,13.56,169785700,23560000.0,1.58,4.29,15.14,15.21,16.49,10.99,1.08
贝因美,sz002570,4.87,4.93,4.91,16488900.0,4.87,179800,4.88,26800,-1.22,4.92,4.83,16488900,80320000.0,1.53,1.83,52.6,52.6,5.42,4.44,0.87
东方碳素,bj920175,10.12,10.26,10.16,1759600.0,10.06,1800,10.12,26600,-1.36,10.28,9.92,1759600,17803200.0,2.22,3.51,8.02,12.04,13.33,7.19,0.58
西宁特钢,sh600117,2.6,2.6,2.59,9470200.0,2.59,261900,2.6,12400,0.0,2.61,2.57,9470200,24520000.0,0.29,1.54,84.63,84.63,2.86,2.34,0.7
裕太微-U,sh688515,133.36,129.36,128.84,284662400.0,133.36,400,133.4,200,3.09,135.64,127.79,284662400,376310000.0,5.71,6.07,66.44,106.69,155.23,103.49,1.35
*ST海华,sh600243,3.51,3.69,3.51,4430600.0,0.0,0,3.51,7779000,-4.88,3.51,3.51,4430600,15550000.0,1.01,0.0,15.4,15.4,3.87,3.51,0.67
贝隆精密,sz301567,41.79,41.28,41.12,1406100.0,41.73,400,41.79,3300,1.24,42.19,41.07,1406100,58610000.0,6.62,2.71,8.88,30.09,49.54,33.02,1.7
晶品特装,sh688084,69.05,65.8,65.61,339510900.0,69.05,100,69.08,200,4.94,71.6,65.15,339510900,235010000.0,4.49,9.8,52.24,52.24,78.96,52.64,1.2
亚联机械,sz001395,40.18,39.32,40.8,1330900.0,40.18,2900,40.2,800,2.19,41.0,40.01,1330900,53800000.0,2.84,2.52,18.84,35.05,43.25,35.39,1.61
欧普泰,bj920414,12.09,12.43,12.43,1870600.0,12.08,7700,12.09,3700,-2.74,12.53,12.07,1870600,22818800.0,3.34,3.7,6.78,9.64,16.15,8.71,0.67
大业股份,sh603278,12.45,13.2,12.82,36162300.0,12.44,40700,12.45,18600,-5.68,12.88,12.3,36162300,452550000.0,10.58,4.39,42.55,42.55,14.52,11.88,0.68
澳弘电子,sh605058,36.45,37.04,36.18,3317600.0,36.44,1000,36.45,2000,-1.59,37.13,35.88,3317600,120950000.0,2.32,3.37,52.1,52.1,40.74,33.34,0.5
歌力思,sh603808,10.47,10.3,10.38,10097800.0,10.46,10000,10.47,11700,1.65,10.65,10.29,10097800,105550000.0,2.74,3.5,38.64,38.64,11.33,9.27,0.84
五洲新春,sh603667,67.03,68.3,68.01,14745600.0,67.03,4600,67.04,2400,-1.86,69.49,67.01,14745600,999470000.0,4.03,3.63,245.47,245.47,75.13,61.47,0.66
太龙药业,sh600222,7.11,7.06,7.02,14153500.0,7.11,142600,7.12,126600,0.71,7.13,6.94,14153500,99530000.0,2.47,2.69,40.8,40.8,7.77,6.35,0.99
数字认证,sz300579,26.93,26.87,26.76,3841900.0,26.93,5700,26.95,300,0.22,27.21,26.28,3841900,102810000.0,1.47,3.46,70.15,72.71,32.24,21.5,1.24
经纬恒润-W,sh688326,117.5,120.7,119.5,141084900.0,117.5,1000,117.57,1900,-2.65,121.45,117.33,141084900,168020000.0,1.26,3.41,131.16,140.93,144.84,96.56,0.85
三角防务,sz300775,36.18,37.9,38.39,31251400.0,36.18,154300,36.19,3200,-4.54,38.5,35.95,31251400,1144700000.0,5.88,6.73,192.35,198.1,45.48,30.32,1.09
宏川智慧,sz002930,12.69,12.85,12.85,4883800.0,12.68,14900,12.69,111100,-1.25,12.97,12.6,4883800,62220000.0,1.13,2.88,54.99,58.06,14.14,11.57,0.58
会稽山,sh601579,19.07,19.31,19.0,8684700.0,19.06,100,19.07,2600,-1.24,19.2,18.77,8684700,164950000.0,1.81,2.23,91.43,91.43,21.24,17.38,1.05
广宇集团,sz002133,3.26,3.23,3.23,12979700.0,3.25,194300,3.26,12200,0.93,3.28,3.2,12979700,42020000.0,1.69,2.48,25.1,25.24,3.55,2.91,0.9
中航成飞,sz302132,67.22,68.84,68.55,6294300.0,67.22,100,67.23,5500,-2.35,68.84,67.11,6294300,425040000.0,1.07,2.51,393.96,1796.18,82.61,55.07,1.18
大商股份,sh600694,18.03,17.04,17.56,12723000.0,18.03,5700,18.04,1900,5.81,18.18,17.56,12723000,228840000.0,3.69,3.64,62.09,62.09,18.74,15.34,7.13
广哈通信,sz300711,24.1,24.57,24.68,4560400.0,24.09,500,24.1,36600,-1.91,24.83,24.1,4560400,110820000.0,1.84,2.97,59.87,67.58,29.48,19.66,0.89
光环新网,sz300383,17.09,17.61,17.34,171280600.0,17.08,24100,17.09,79600,-2.95,17.55,16.28,171280600,2885910000.0,9.55,7.21,306.52,307.21,21.13,14.09,1.05
美腾科技,sh688420,24.87,24.3,24.08,96911500.0,24.75,3900,24.87,1100,2.35,25.28,24.08,96911500,23890000.0,2.32,4.94,10.38,21.99,29.16,19.44,1.12
保隆科技,sh603197,33.72,33.73,33.61,1808500.0,33.72,27200,33.74,2900,-0.03,33.95,33.61,1808500,61110000.0,0.86,1.01,71.2,72.13,37.1,30.36,0.83
宋城演艺,sz300144,7.84,7.71,7.67,32232600.0,7.84,307600,7.85,594400,1.69,7.85,7.58,32232600,248730000.0,1.24,3.5,203.63,205.77,9.25,6.17,1.23
南京公用,sz000421,5.96,5.99,5.97,7990100.0,5.96,2600,5.97,233100,-0.5,5.99,5.88,7990100,47390000.0,1.39,1.84,34.23,34.24,6.59,5.39,1.22
赛象科技,sz002337,6.04,5.94,5.92,9164000.0,6.03,30600,6.04,52000,1.68,6.06,5.88,9164000,54690000.0,1.56,3.03,35.51,35.55,6.53,5.35,1.15
北汽蓝谷,sh600733,7.15,7.22,7.22,83837900.0,7.15,203100,7.16,402700,-0.97,7.28,7.03,83837900,598150000.0,1.71,3.46,349.76,455.25,7.94,6.5,1.53
信捷电气,sh603416,51.9,51.65,51.68,1107900.0,51.86,2100,51.9,2500,0.48,52.3,51.3,1107900,57530000.0,0.8,1.94,72.27,81.55,56.82,46.49,0.6
国睿科技,sh600562,28.8,29.79,29.8,13827600.0,28.79,6600,28.8,11700,-3.32,29.91,28.78,13827600,401620000.0,1.11,3.79,357.66,357.66,32.77,26.81,0.76
凤凰光学,sh600071,20.15,20.53,20.36,3723700.0,20.15,42800,20.16,900,-1.85,20.52,19.95,3723700,75030000.0,1.32,2.78,56.74,56.74,22.58,18.48,0.56
中电鑫龙,sz002298,9.86,10.0,9.92,25915700.0,9.86,43300,9.87,21500,-1.4,9.99,9.73,25915700,255020000.0,3.92,2.6,65.15,72.97,11.0,9.0,0.8
大胜达,sh603687,16.7,18.56,17.71,95350600.0,0.0,0,16.7,965300,-10.02,17.82,16.7,95350600,1628250000.0,17.34,6.03,91.86,91.86,20.42,16.7,0.89
豫能控股,sz001896,16.75,17.97,17.49,167387600.0,16.75,887700,16.76,373100,-6.79,17.89,16.5,167387600,2863300000.0,10.97,7.74,255.57,255.57,19.77,16.17,0.74
佳禾食品,sh605300,10.92,10.8,10.8,2457100.0,10.91,2600,10.92,8800,1.11,10.95,10.72,2457100,26670000.0,0.54,2.13,49.62,49.62,11.88,9.72,1.92
万达轴承,bj920002,84.61,85.5,85.21,348400.0,84.6,6100,84.61,500,-1.04,86.49,84.46,348400,29582100.0,1.09,2.37,26.95,38.5,111.15,59.85,0.42
凯龙股份,sz002783,9.6,9.69,9.69,10286800.0,9.59,23000,9.6,35400,-0.93,9.73,9.46,10286800,98700000.0,2.23,2.79,44.27,47.94,10.66,8.72,0.83
中远海科,sz002401,14.43,14.45,14.45,2762600.0,14.42,5900,14.43,65100,-0.14,14.53,14.22,2762600,39680000.0,0.74,2.15,53.59,53.63,15.9,13.01,0.94
华丽家族,sh600503,2.29,2.26,2.25,25177400.0,2.28,772400,2.29,51400,1.33,2.3,2.23,25177400,57030000.0,1.57,3.1,36.69,36.69,2.49,2.03,1.0
达实智能,sz002421,2.76,2.8,2.78,48615700.0,2.76,186100,2.77,886500,-1.43,2.79,2.72,48615700,133900000.0,2.42,2.5,55.38,58.53,3.08,2.52,0.5
浙江鼎力,sh603338,50.8,49.39,49.28,5197400.0,50.8,43600,50.81,1700,2.85,50.89,49.11,5197400,261100000.0,1.03,3.6,257.22,257.22,54.33,44.45,1.35
京运通,sh601908,4.2,4.35,4.3,93164100.0,4.2,655200,4.21,528100,-3.45,4.37,4.18,93164100,395330000.0,3.86,4.37,101.41,101.41,4.79,3.92,0.7
灿芯股份,sh688691,103.26,98.0,97.73,1223704300.0,103.25,4500,103.26,12000,5.37,108.1,95.47,1223704300,1253010000.0,16.77,12.89,75.34,123.91,117.6,78.4,2.22
云意电气,sz300304,12.25,12.38,12.32,9937000.0,12.24,22900,12.25,67500,-1.05,12.39,12.2,9937000,121960000.0,1.16,1.53,104.68,107.57,14.86,9.9,0.54
旭杰科技,bj920149,10.05,10.23,10.17,724500.0,10.05,108800,10.07,5100,-1.76,10.27,10.02,724500,7316900.000000001,1.15,2.44,6.36,7.69,13.29,7.17,0.71
恒立液压,sh601100,96.85,100.22,100.99,22202800.0,96.84,7000,96.85,600,-3.36,100.99,94.15,22202800,2139940000.0,1.66,6.82,1298.59,1298.59,110.24,90.2,1.9
世纪鼎利,sz300050,7.04,7.07,7.02,39755800.0,7.03,46000,7.04,107600,-0.42,7.06,6.75,39755800,274320000.0,7.3,4.38,38.33,38.36,8.48,5.66,0.88
长江材料,sz001296,25.12,25.36,25.11,2493800.0,25.12,3800,25.13,2600,-0.95,25.65,24.73,2493800,62730000.0,3.24,3.63,19.31,37.58,27.9,22.82,0.95
南天信息,sz000948,15.19,15.2,15.2,3475300.0,15.19,600,15.21,100,-0.07,15.29,14.92,3475300,52410000.0,0.89,2.43,59.11,59.22,16.72,13.68,0.87
湘电股份,sh600416,12.6,12.65,12.59,20983500.0,12.6,157600,12.61,92200,-0.4,12.83,12.52,20983500,265260000.0,1.42,2.45,185.95,185.95,13.92,11.39,0.88
中牧股份,sh600195,7.58,7.7,7.68,13093700.0,7.58,75100,7.59,2000,-1.56,7.69,7.52,13093700,99260000.0,1.28,2.21,77.4,77.4,8.47,6.93,0.79
咸亨国际,sh605056,25.37,25.94,26.69,11311100.0,25.36,45500,25.37,6000,-2.2,26.7,25.15,11311100,290750000.0,2.8,5.98,102.34,103.86,28.53,23.35,0.82
新芝生物,bj920685,12.57,12.61,12.57,467100.0,12.57,2400,12.64,200,-0.32,12.77,12.45,467100,5887100.0,0.85,2.54,6.9,11.5,16.39,8.83,0.61
灵康药业,sh603669,4.27,4.26,4.25,10672200.0,4.27,41400,4.28,17300,0.23,4.29,4.19,10672200,45250000.0,1.5,2.35,30.42,30.42,4.69,3.83,0.56
黄山旅游,sh600054,12.05,12.17,12.17,7107000.0,12.05,57000,12.06,8700,-0.99,12.17,11.9,7107000,85400000.0,1.38,2.22,61.85,87.89,13.39,10.95,0.71
易华录,sz300212,7.7,7.9,7.82,20798300.0,7.7,47800,7.71,1300,-2.53,7.88,7.5,20798300,159630000.0,2.98,4.81,53.79,55.43,9.48,6.32,0.62
润贝航科,sz001316,49.78,50.19,50.17,1762100.0,49.77,1300,49.78,1900,-0.82,51.0,49.13,1762100,87920000.0,1.58,3.73,55.4,57.3,55.21,45.17,0.58
桃李面包,sh603866,5.07,5.06,5.04,6488400.0,5.07,91900,5.08,13100,0.2,5.09,5.03,6488400,32890000.0,0.41,1.19,81.11,81.11,5.57,4.55,0.93
*ST八钢,sh600581,2.85,2.82,2.81,28640400.0,2.85,340700,2.86,315700,1.06,2.89,2.79,28640400,81070000.0,1.87,3.55,43.69,43.69,2.96,2.68,0.75
中光学,sz002189,20.27,20.65,20.61,2880300.0,20.27,25500,20.29,700,-1.84,20.7,20.2,2880300,58590000.0,1.1,2.42,52.94,52.95,22.72,18.59,0.65
三维天地,sz301159,39.7,39.65,39.42,1843900.0,39.64,1000,39.7,300,0.13,39.87,38.86,1843900,72620000.0,3.48,2.55,21.05,30.71,47.58,31.72,1.13
豪尔赛,sz002963,14.72,14.72,14.67,3673700.0,14.71,500,14.72,900,0.0,15.05,14.31,3673700,54170000.0,3.22,5.03,16.81,22.13,16.19,13.25,0.63
天音控股,sz000829,11.9,12.14,12.14,49828400.0,11.9,97100,11.91,7500,-1.98,12.32,11.78,49828400,596020000.0,4.87,4.45,121.87,121.99,13.35,10.93,0.75
双塔食品,sz002481,4.63,4.41,4.51,39784000.0,4.63,66900,4.64,350000,4.99,4.75,4.51,39784000,184880000.0,3.56,5.44,51.77,57.12,4.85,3.97,3.83
龙软科技,sh688078,24.75,24.48,24.8,66446700.0,24.75,200,24.77,500,1.1,25.03,24.18,66446700,16330000.0,0.91,3.47,18.04,18.04,29.38,19.58,0.95
爱美客,sz300896,118.9,117.43,116.51,4720500.0,118.9,6300,118.91,24400,1.25,120.18,115.91,4720500,559450000.0,2.31,3.64,243.09,359.78,140.92,93.94,1.92
迅捷兴,sh688655,33.11,36.1,36.1,1614364000.0,33.11,6700,33.12,600,-8.28,36.2,32.32,1614364000,547550000.0,12.1,10.75,44.17,44.17,43.32,28.88,1.19
纳睿雷达,sh688522,34.38,34.73,34.51,319270900.0,34.38,1500,34.39,7400,-1.01,35.26,34.15,319270900,110190000.0,2.59,3.2,42.32,104.17,41.68,27.78,0.64
武汉凡谷,sz002194,11.27,12.36,11.72,62370700.0,11.27,329700,11.28,43800,-8.82,11.88,11.26,62370700,719120000.0,12.21,5.02,57.58,77.01,13.6,11.12,2.03
中触媒,sh688267,28.89,28.45,28.36,244365900.0,28.89,2800,28.92,2500,1.55,29.1,28.15,244365900,70110000.0,1.39,3.34,50.9,50.9,34.14,22.76,0.58
兴业科技,sz002674,13.83,13.82,13.87,2428300.0,13.83,16100,13.84,5300,0.07,13.96,13.74,2428300,33610000.0,0.83,1.59,40.46,40.87,15.2,12.44,0.7
鹏翎股份,sz300375,4.79,4.77,4.77,12218900.0,4.78,8000,4.79,30100,0.42,4.82,4.7,12218900,58010000.0,2.31,2.52,25.3,36.39,5.72,3.82,1.1
熵基科技,sz301330,35.69,36.81,36.17,7270300.0,35.69,4900,35.7,9400,-3.04,36.64,35.4,7270300,260480000.0,3.74,3.37,69.35,84.0,44.17,29.45,1.63
ST浩丰,sz300419,7.6,7.77,7.78,11972000.0,7.6,21100,7.61,27200,-2.19,7.79,7.46,11972000,90880000.0,3.26,4.25,27.95,27.95,9.32,6.22,1.02
吉视传媒,sh601929,2.89,2.94,2.92,67049600.0,2.88,4128100,2.89,96800,-1.7,2.93,2.88,67049600,194220000.0,1.95,1.7,99.62,100.85,3.23,2.65,0.66
交大昂立,sh600530,4.99,5.14,5.1,11684300.0,4.98,120300,4.99,12900,-2.92,5.13,4.94,11684300,58400000.0,1.51,3.7,38.67,38.67,5.65,4.63,1.17
本钢板材,sz000761,2.97,2.98,2.98,11572900.0,2.97,6700,2.98,21300,-0.34,3.0,2.94,11572900,34360000.0,0.31,2.01,110.13,122.01,3.28,2.68,1.01
希荻微,sh688173,14.95,14.74,14.76,963070000.0,14.94,14400,14.95,5400,1.42,15.2,14.75,963070000,144430000.0,2.35,3.05,61.33,61.75,17.69,11.79,1.6
京北方,sz002987,16.1,16.35,16.27,8633200.0,16.1,28800,16.11,800,-1.53,16.36,15.93,8633200,138730000.0,1.02,2.63,135.8,139.66,17.99,14.72,1.11
新赛股份,sh600540,4.82,4.88,4.87,13055100.0,4.82,37000,4.83,98100,-1.23,4.91,4.76,13055100,62990000.0,2.25,3.07,28.02,28.02,5.37,4.39,0.81
ST泉为,sz300716,13.72,13.45,13.32,4156900.0,13.72,900,13.73,5300,2.01,13.75,13.2,4156900,56120000.0,2.6,4.09,21.95,21.95,16.14,10.76,0.74
新时达,sz002527,12.74,12.97,12.85,8935200.0,12.74,99800,12.75,16300,-1.77,12.93,12.58,8935200,113770000.0,1.69,2.7,67.38,84.47,14.27,11.67,0.77
北新路桥,sz002307,4.44,4.46,4.43,16394700.0,4.43,12400,4.44,109100,-0.45,4.48,4.4,16394700,72770000.0,1.29,1.79,56.31,73.21,4.91,4.01,0.52
三只松鼠,sz300783,18.37,18.49,18.38,4628200.0,18.37,4000,18.38,9000,-0.65,18.55,18.17,4628200,85080000.0,1.65,2.06,51.48,73.79,22.19,14.79,0.86
汇通集团,sh603176,5.55,5.43,5.41,7747900.0,5.54,14600,5.56,95400,2.21,5.58,5.41,7747900,42630000.0,1.68,3.13,25.63,26.38,5.97,4.89,2.09
银宝山新,sz002786,7.06,7.04,7.0,6349100.0,7.05,27800,7.06,25500,0.28,7.1,6.91,6349100,44390000.0,1.28,2.7,34.88,34.99,7.74,6.34,1.25
泉阳泉,sh600189,8.14,8.18,8.11,9416300.0,8.14,55000,8.15,133800,-0.49,8.23,8.03,9416300,76360000.0,1.32,2.44,58.22,58.22,9.0,7.36,0.82
新致软件,sh688590,14.27,14.43,14.35,1082351300.0,14.27,11700,14.28,1000,-1.11,14.41,13.9,1082351300,152560000.0,3.84,3.53,40.17,40.17,17.32,11.54,1.35
秋田微,sz300939,39.0,39.74,39.71,4217000.0,39.0,1400,39.01,11400,-1.86,40.13,38.56,4217000,164980000.0,3.51,3.95,46.8,46.8,47.69,31.79,0.85
贵航股份,sh600523,13.68,13.89,13.86,3684800.0,13.68,5000,13.69,25700,-1.51,13.94,13.62,3684800,50540000.0,0.91,2.3,55.27,55.31,15.28,12.5,1.08
小崧股份,sz002723,9.79,10.05,9.97,11302300.0,9.79,32200,9.8,12200,-2.59,10.11,9.73,11302300,111480000.0,3.56,3.78,31.05,32.54,11.06,9.05,0.59
拉芳家化,sh603630,16.5,16.31,16.31,3317900.0,16.49,800,16.5,16900,1.16,16.67,16.06,3317900,54490000.0,1.47,3.74,37.16,37.16,17.94,14.68,1.22
工大科雅,sz301197,27.7,28.3,28.4,6361200.0,27.7,900,27.72,2200,-2.12,29.83,27.5,6361200,182090000.0,5.85,8.23,30.12,33.39,33.96,22.64,0.88
康为世纪,sh688426,19.47,19.45,19.3,130773300.0,19.47,3900,19.49,11500,0.1,19.66,19.2,130773300,25350000.0,3.4,2.37,7.48,21.9,23.34,15.56,1.02
天马科技,sh603668,13.62,13.43,13.39,9157700.0,13.62,10100,13.63,36300,1.41,13.68,13.33,9157700,123780000.0,1.81,2.61,68.89,68.89,14.77,12.09,0.71
华仁药业,sz300110,3.09,3.05,3.05,25050200.0,3.09,279600,3.1,507500,1.31,3.1,3.03,25050200,76930000.0,2.12,2.3,36.5,36.53,3.66,2.44,0.74
豪声电子,bj920701,15.45,15.88,15.7,518600.0,15.45,4900,15.47,1000,-2.71,15.74,15.4,518600,8071900.000000001,0.52,2.14,15.48,21.2,20.64,11.12,0.59
国中水务,sh600187,1.72,1.72,1.7,28456800.0,1.72,578800,1.73,1391700,0.0,1.75,1.69,28456800,48850000.0,1.76,3.49,27.76,27.76,1.89,1.55,0.82
安达维尔,sz300719,15.56,15.82,15.69,4190500.0,15.55,400,15.56,56500,-1.64,15.81,15.38,4190500,65120000.0,2.33,2.72,27.95,39.56,18.98,12.66,0.86
东方国信,sz300166,16.53,16.23,16.34,230943700.0,16.53,122700,16.54,25100,1.85,17.25,15.0,230943700,3743360000.0,25.5,13.86,149.72,188.23,19.48,12.98,1.44
嘉泽新能,sh601619,6.13,6.27,6.17,67964100.0,6.13,688200,6.14,344300,-2.23,6.33,6.13,67964100,421890000.0,2.79,3.19,149.25,178.55,6.9,5.64,0.47
神马股份,sh600810,8.29,8.46,8.45,16914200.0,8.28,43000,8.29,6300,-2.01,8.57,8.26,16914200,141860000.0,1.57,3.66,89.59,90.41,9.31,7.61,1.13
新 大 陆,sz000997,20.96,21.04,20.91,16761500.0,20.95,19400,20.96,7700,-0.38,21.04,20.47,16761500,347340000.0,1.66,2.71,211.16,212.35,23.14,18.94,0.68
广电电气,sh601616,4.82,4.77,4.71,29870500.0,4.81,176800,4.82,597500,1.05,4.85,4.71,29870500,143560000.0,3.5,2.94,41.15,41.15,5.25,4.29,1.12
石基信息,sz002153,9.47,9.63,9.58,15321000.0,9.46,58600,9.47,21800,-1.66,9.63,9.37,15321000,145100000.0,0.96,2.7,151.5,258.45,10.59,8.67,0.97
武商集团,sz000501,8.23,8.26,8.25,6796800.0,8.23,9600,8.24,34300,-0.36,8.38,8.12,6796800,55670000.0,0.88,3.15,63.22,63.29,9.09,7.43,1.19
亿晶光电,sh600537,3.72,3.38,3.37,209461800.0,3.72,18271600,0.0,0,10.06,3.72,3.3,209461800,745200000.0,17.7,12.43,44.03,44.03,3.72,3.04,1.23
ST开元,sz300338,3.55,3.56,3.55,13476800.0,3.54,8700,3.55,70900,-0.28,3.56,3.43,13476800,46960000.0,3.86,3.65,12.4,14.29,4.27,2.85,1.63
华达科技,sh603358,35.42,36.34,36.16,6994100.0,35.41,600,35.42,1200,-2.53,36.26,35.01,6994100,248190000.0,1.54,3.44,161.22,166.38,39.97,32.71,0.63
慈星股份,sz300307,6.4,6.37,6.31,6937600.0,6.4,68900,6.41,18900,0.47,6.43,6.25,6937600,43950000.0,0.88,2.83,50.36,51.24,7.64,5.1,1.13
天秦装备,sz300922,17.88,19.56,19.0,8621100.0,17.88,5600,17.89,1800,-8.59,19.0,17.41,8621100,154220000.0,6.9,8.13,22.33,28.39,23.47,15.65,2.75
深 赛 格,sz000058,8.01,8.07,8.07,6434300.0,8.0,135500,8.01,30600,-0.74,8.07,7.93,6434300,51470000.0,0.65,1.73,78.88,98.62,8.88,7.26,0.85
中裕科技,bj920694,17.33,17.55,17.52,634700.0,17.28,4100,17.33,3700,-1.25,17.65,17.2,634700,11014300.0,1.02,2.56,10.83,22.89,22.81,12.29,0.75
三环集团,sz300408,74.99,70.1,72.11,47790600.0,74.98,400,74.99,29500,6.98,76.8,72.11,47790600,3565280000.0,2.56,6.69,1402.17,1437.18,84.12,56.08,1.63
绿能慧充,sh600212,7.68,7.74,7.74,11380500.0,7.68,14700,7.69,13200,-0.78,7.8,7.58,11380500,87470000.0,2.14,2.84,40.79,54.08,8.51,6.97,0.48
大洋电机,sz002249,9.22,9.31,9.27,23178100.0,9.21,129500,9.22,19000,-0.97,9.32,9.17,23178100,213740000.0,1.24,1.61,171.65,227.32,10.24,8.38,0.78
优博讯,sz300531,19.32,19.44,19.2,16008200.0,19.31,4200,19.32,5700,-0.62,19.56,18.61,16008200,304490000.0,5.18,4.89,59.65,62.03,23.33,15.55,0.82
华侨城Ａ,sz000069,2.16,2.17,2.16,23145200.0,2.16,1294300,2.17,421600,-0.46,2.18,2.14,23145200,49910000.0,0.34,1.84,149.01,173.62,2.39,1.95,0.69
三诺生物,sz300298,16.13,16.2,16.12,3259300.0,16.12,6500,16.13,2500,-0.43,16.22,15.94,3259300,52500000.0,0.72,1.73,72.73,90.37,19.44,12.96,0.85
诚益通,sz300430,17.07,17.38,17.25,4825000.0,17.06,12700,17.07,12300,-1.78,17.4,17.01,4825000,82610000.0,1.86,2.24,44.36,46.61,20.86,13.9,0.92
华伍股份,sz300095,9.38,9.49,9.47,7466600.0,9.37,100,9.38,38000,-1.16,9.47,9.25,7466600,69730000.0,2.21,2.32,31.62,38.82,11.39,7.59,1.14
德业股份,sh605117,146.82,148.8,147.3,11542300.0,146.81,1800,146.83,100,-1.33,149.5,142.6,11542300,1685630000.0,1.27,4.64,1335.08,1335.08,163.68,133.92,0.84
亚泰集团,sh600881,1.44,1.44,1.44,31551600.0,1.44,1923400,1.45,417800,0.0,1.46,1.42,31551600,45650000.0,0.98,2.78,46.54,46.54,1.58,1.3,0.75
国联水产,sz300094,3.0,3.04,3.04,28790700.0,3.0,444400,3.01,667700,-1.32,3.05,2.98,28790700,86360000.0,2.6,2.3,33.17,33.85,3.65,2.43,0.85
中衡设计,sh603017,15.26,16.46,16.0,47052600.0,15.25,152300,15.26,90800,-7.29,16.13,15.05,47052600,723360000.0,17.04,6.56,42.15,42.15,18.11,14.81,1.67
湖南天雁,sh600698,7.04,7.15,7.15,8323000.0,7.04,56100,7.05,92000,-1.54,7.15,7.02,8323000,58750000.0,1.0,1.82,58.46,75.23,7.87,6.44,0.79
航天智造,sz300446,19.95,20.42,20.22,10980600.0,19.95,53200,19.96,25100,-2.3,20.41,19.87,10980600,219600000.0,2.94,2.64,74.53,168.66,24.5,16.34,0.68
齐鲁华信,bj920832,6.79,6.93,6.95,1269200.0,6.76,3400,6.79,6800,-2.02,6.98,6.79,1269200,8733100.0,1.03,2.74,8.37,9.42,9.0,4.86,0.68
保税科技,sh600794,3.61,3.55,3.55,14457400.0,3.61,381100,3.62,62300,1.69,3.63,3.54,14457400,52000000.0,1.2,2.54,43.33,43.33,3.91,3.2,1.44
中国中免,sh601888,65.42,66.28,66.01,18674900.0,65.42,8400,65.43,10700,-1.3,66.16,65.41,18674900,1226320000.0,0.96,1.13,1277.31,1359.29,72.91,59.65,0.74
久其软件,sz002279,8.03,8.08,8.07,20259300.0,8.03,54700,8.04,33600,-0.62,8.1,7.9,20259300,162040000.0,2.57,2.48,63.42,69.24,8.89,7.27,1.03
神驰机电,sh603109,23.82,23.79,23.71,2763100.0,23.82,12300,23.83,1400,0.13,23.98,23.36,2763100,65270000.0,1.32,2.61,49.75,49.75,26.17,21.41,0.51
中国电影,sh600977,14.18,14.3,14.15,43152700.0,14.17,26200,14.18,132000,-0.84,14.37,13.72,43152700,605530000.0,2.31,4.55,264.74,264.74,15.73,12.87,0.71
天臣医疗,sh688013,37.81,37.29,37.27,102510700.0,37.8,200,37.81,700,1.39,38.04,36.96,102510700,38470000.0,1.26,2.9,30.68,30.68,44.75,29.83,0.87
峨眉山Ａ,sz000888,12.19,12.25,12.25,7694700.0,12.18,82900,12.19,600,-0.49,12.25,12.13,7694700,93570000.0,1.46,0.98,64.23,64.23,13.48,11.03,0.77
南卫股份,sh603880,6.41,6.3,6.3,4447300.0,6.41,42900,6.42,15400,1.75,6.47,6.26,4447300,28370000.0,1.54,3.33,18.53,18.53,6.93,5.67,0.81
行动教育,sh605098,66.95,68.1,68.0,1446100.0,66.83,2300,66.95,16300,-1.69,68.3,65.5,1446100,96130000.0,1.21,4.11,79.84,79.84,74.91,61.29,0.55
扬电科技,sz301012,34.15,35.06,35.0,12845700.0,34.15,8500,34.16,18700,-2.6,35.08,33.64,12845700,439500000.0,6.52,4.11,67.26,67.26,42.07,28.05,0.48
博实结,sz301608,90.15,90.07,90.0,1536300.0,90.15,100,90.16,500,0.09,91.19,88.81,1536300,138530000.0,3.85,2.64,36.0,80.22,108.08,72.06,0.76
格利尔,bj920641,18.18,18.96,19.0,2207100.0,18.17,300,18.18,2800,-4.11,19.08,18.13,2207100,40532300.0,4.86,5.01,8.26,13.65,24.64,13.28,0.66
民士达,bj920394,47.09,48.19,48.05,975000.0,47.09,500,47.1,300,-2.28,48.27,46.33,975000,45975700.0,0.67,4.03,68.36,68.87,62.64,33.74,0.53
广东建科,sz301632,20.84,20.8,20.74,1879500.0,20.79,800,20.84,26000,0.19,20.84,20.26,1879500,38540000.0,2.57,2.79,15.27,87.23,24.96,16.64,1.13
西麦食品,sz002956,27.8,27.95,27.99,1099400.0,27.8,1900,27.81,2400,-0.54,28.18,27.33,1099400,30380000.0,0.49,3.04,62.06,62.06,30.75,25.16,0.59
新大正,sz002968,11.47,11.4,11.19,2789400.0,11.47,24500,11.51,38000,0.61,11.54,11.13,2789400,31730000.0,1.31,3.6,24.43,25.95,12.54,10.26,0.84
来伊份,sh603777,15.1,15.32,15.01,14773800.0,15.1,22500,15.11,300,-1.44,15.9,15.01,14773800,227080000.0,4.42,5.81,50.5,50.5,16.85,13.79,0.66
塞力医疗,sh603716,21.17,21.86,21.58,9919800.0,21.17,40900,21.18,30200,-3.16,21.72,21.15,9919800,211160000.0,4.39,2.61,47.8,47.8,24.05,19.67,0.77
朗新科技,sz300682,14.68,16.16,15.5,49683100.0,14.68,27900,14.69,76800,-9.16,15.82,14.42,49683100,739120000.0,4.82,8.66,151.4,158.29,19.39,12.93,2.89
秦安股份,sh603758,12.46,12.55,12.55,2225100.0,12.46,41700,12.47,25900,-0.72,12.61,12.38,2225100,27750000.0,0.51,1.83,54.67,54.67,13.81,11.3,0.5
中航重机,sh600765,16.12,16.48,16.39,19383100.0,16.12,66500,16.13,6000,-2.18,16.5,16.09,19383100,313690000.0,1.25,2.49,250.26,250.26,18.13,14.83,0.98
宝色股份,sz300402,18.55,18.64,18.51,3006600.0,18.55,800,18.56,6300,-0.48,18.8,18.27,3006600,55460000.0,1.23,2.84,45.19,45.78,22.37,14.91,0.83
深信服,sz300454,111.96,108.38,107.5,17692900.0,111.96,5100,111.97,1000,3.3,114.85,103.89,17692900,1945350000.0,6.14,10.11,322.45,483.17,130.06,86.7,1.79
南威软件,sh603636,8.95,8.99,8.95,7834200.0,8.95,68700,8.96,12700,-0.44,9.05,8.75,7834200,69680000.0,1.35,3.34,51.94,51.94,9.89,8.09,1.08
浙江大农,bj920855,15.62,15.83,15.72,430900.0,15.62,8900,15.73,200,-1.33,16.13,15.56,430900,6771200.0,0.64,3.6,10.47,11.67,20.57,11.09,1.05
皓宸医疗,sz002622,2.53,2.5,2.5,17718700.0,2.52,148800,2.53,26000,1.2,2.55,2.47,17718700,44560000.0,2.11,3.2,21.25,21.25,2.75,2.25,0.88
壶化股份,sz003002,28.37,28.81,28.8,2152400.0,28.36,11000,28.37,1800,-1.53,28.88,27.93,2152400,61220000.0,1.18,3.3,51.87,56.74,31.69,25.93,0.68
泰德股份,bj920378,8.55,8.79,8.73,1074700.0,8.55,500,8.56,1000,-2.73,8.76,8.51,1074700,9243200.0,0.96,2.84,9.52,13.3,11.42,6.16,0.97
米奥会展,sz300795,11.14,11.29,11.28,5891000.0,11.13,9900,11.14,2300,-1.33,11.28,10.88,5891000,65140000.0,3.39,3.54,19.38,33.3,13.55,9.03,1.78
新安洁,bj920370,3.38,3.43,3.43,1563300.0,3.38,8000,3.39,4200,-1.46,3.44,3.37,1563300,5325400.0,0.6,2.04,8.84,10.15,4.45,2.41,0.52
通程控股,sz000419,5.64,5.59,5.55,8146700.0,5.64,37000,5.65,11000,0.89,5.68,5.52,8146700,45570000.0,1.5,2.86,30.66,30.66,6.15,5.03,0.81
*ST阳光,sz000608,3.83,3.86,3.83,9645600.0,3.82,19800,3.83,39800,-0.78,3.89,3.75,9645600,36860000.0,1.29,3.63,28.55,28.72,4.05,3.67,0.61
万事利,sz301066,14.19,14.09,14.08,4069800.0,14.17,8800,14.19,15700,0.71,14.3,13.83,4069800,57290000.0,1.75,3.34,33.08,33.34,16.91,11.27,0.71
美湖股份,sh603319,37.46,37.7,38.01,15488900.0,37.45,6100,37.46,2100,-0.64,38.27,37.2,15488900,583470000.0,4.57,2.84,127.05,127.05,41.47,33.93,0.88
万马科技,sz300698,39.84,41.15,40.41,5471500.0,39.83,1500,39.84,4100,-3.18,41.16,39.28,5471500,219570000.0,4.62,4.57,47.23,53.39,49.38,32.92,0.88
东方嘉盛,sz002889,13.28,13.38,13.34,1773100.0,13.27,5000,13.28,7400,-0.75,13.42,13.16,1773100,23520000.0,0.71,1.94,33.37,50.15,14.72,12.04,1.17
良品铺子,sh603719,10.25,10.15,10.13,3442100.0,10.24,5100,10.25,14400,0.99,10.3,10.05,3442100,35050000.0,0.86,2.46,41.1,41.1,11.17,9.14,0.8
新产业,sz300832,47.52,46.77,46.77,8302700.0,47.52,2900,47.53,100,1.6,49.16,46.52,8302700,400290000.0,1.22,5.64,324.62,373.37,56.12,37.42,1.55
天晟新材,sz300169,5.91,5.77,5.71,8882600.0,5.91,27100,5.92,3100,2.43,5.95,5.65,8882600,52190000.0,2.94,5.2,17.83,19.27,6.92,4.62,1.39
荣安地产,sz000517,1.84,1.87,1.87,14256300.0,1.83,734400,1.84,42000,-1.6,1.87,1.82,14256300,26280000.0,0.57,2.67,45.85,58.58,2.06,1.68,0.81
三夫户外,sz002780,15.32,15.09,14.97,4479100.0,15.32,17400,15.33,17500,1.52,15.38,14.9,4479100,67910000.0,3.43,3.18,20.02,25.33,16.6,13.58,1.24
汉威科技,sz300007,42.19,43.04,42.99,8353900.0,42.19,8300,42.2,10000,-1.97,43.11,41.92,8353900,353790000.0,2.95,2.76,119.38,138.15,51.65,34.43,0.83
林泰新材,bj920106,66.37,66.33,66.0,725800.0,66.37,200,66.58,100,0.06,68.02,65.3,725800,48390800.0,1.66,4.1,28.97,37.56,86.22,46.44,0.59
云南城投,sh600239,1.99,2.0,2.0,22670000.0,1.98,642400,1.99,356900,-0.5,2.01,1.96,22670000,44880000.0,1.41,2.5,31.95,31.95,2.2,1.8,1.1
三祥新材,sh603663,48.65,48.73,48.9,8803200.0,48.65,7700,48.66,3100,-0.16,49.0,47.5,8803200,424110000.0,2.08,3.08,205.7,205.94,53.6,43.86,0.9
前进科技,bj920679,17.7,18.19,18.06,235400.0,17.7,0,17.73,0,-2.69,18.13,17.63,235400,4200600.0,0.63,2.75,6.58,9.89,23.64,12.74,0.62
佳讯飞鸿,sz300213,7.66,7.67,7.63,9834800.0,7.65,5900,7.66,2500,-0.13,7.71,7.48,9834800,74580000.0,1.78,3.0,42.3,45.53,9.2,6.14,1.12
隆基机械,sz002363,8.14,8.23,8.21,7641900.0,8.13,10500,8.14,23800,-1.09,8.21,8.0,7641900,61830000.0,1.84,2.55,33.84,33.94,9.05,7.41,0.7
毓恬冠佳,sz301173,41.75,42.06,41.96,711600.0,41.73,1400,41.75,600,-0.74,41.96,40.8,711600,29480000.0,2.31,2.76,12.87,36.67,50.47,33.65,1.0
万通智控,sz300643,17.21,17.35,17.18,4140000.0,17.18,11100,17.21,2200,-0.81,17.38,16.98,4140000,71020000.0,1.79,2.31,39.7,39.8,20.82,13.88,1.22
*ST同辉,bj920090,4.85,5.62,4.6,20056400.0,4.84,43200,4.85,60900,-13.7,5.16,4.6,20056400,97993100.0,13.47,9.96,7.22,9.67,7.3,3.94,2.96
南京新百,sh600682,6.85,6.9,6.85,12450300.0,6.84,35500,6.85,5400,-0.72,6.91,6.76,12450300,85110000.0,1.07,2.17,79.74,92.14,7.59,6.21,0.91
亚士创能,sh603378,5.61,5.52,5.52,7088700.0,5.6,3000,5.61,2000,1.63,5.64,5.46,7088700,39370000.0,1.65,3.26,24.04,24.04,6.07,4.97,1.13
晋拓股份,sh603211,23.09,23.95,23.9,8122500.0,23.08,73900,23.09,700,-3.59,24.15,22.76,8122500,189560000.0,2.99,5.8,62.76,62.76,26.35,21.56,0.5
科力股份,bj920088,51.05,52.36,52.35,6817900.0,51.05,20500,51.08,3500,-2.5,54.47,50.18,6817900,354782000.0,20.94,8.19,16.63,44.96,68.06,36.66,1.1
粤万年青,sz301111,18.84,18.9,18.7,2594600.0,18.83,5300,18.84,400,-0.32,19.0,18.5,2594600,48670000.0,1.62,2.65,30.14,30.14,22.68,15.12,0.59
莫高股份,sh600543,4.8,4.8,0.0,0.0,0.0,0,0.0,0,0.0,0.0,0.0,0,0.0,0.0,0.0,15.41,15.41,5.28,4.32,0.0
派林生物,sz000403,12.55,12.68,12.63,4955900.0,12.54,52900,12.55,7000,-1.03,12.69,12.53,4955900,62340000.0,0.53,1.26,118.06,119.27,13.95,11.41,0.97
邦德股份,bj920271,13.16,14.43,14.04,3398500.0,13.1,900,13.16,800,-8.8,14.14,12.78,3398500,44851800.0,5.87,9.42,7.62,17.22,18.75,10.11,4.25
众兴菌业,sz002772,17.75,18.47,18.22,12968500.0,17.74,31300,17.75,9400,-3.9,18.79,17.72,12968500,234370000.0,3.49,5.79,65.97,66.52,20.32,16.62,0.8
盛达资源,sz000603,37.71,38.43,37.84,20396700.0,37.71,28400,37.72,6700,-1.87,38.39,36.8,20396700,763970000.0,3.06,4.14,251.42,260.19,42.27,34.59,0.99
益民集团,sh600824,3.93,3.93,3.91,7969700.0,3.92,147000,3.93,15800,0.0,3.95,3.87,7969700,31140000.0,0.76,2.04,41.42,41.42,4.32,3.54,1.1
通源石油,sz300164,13.02,13.9,13.48,130605200.0,13.02,355600,13.03,31000,-6.33,13.91,12.88,130605200,1733020000.0,22.39,7.41,75.93,76.62,16.68,11.12,1.39
天纺标,bj920753,18.69,18.87,18.91,226800.0,18.67,2000,18.69,100,-0.95,18.96,18.53,226800,4235300.0,0.7,2.28,6.05,15.21,24.53,13.21,0.38
金枫酒业,sh600616,4.95,4.95,4.93,7495200.0,4.95,69600,4.96,22400,0.0,4.98,4.89,7495200,36980000.0,1.12,1.82,33.12,33.12,5.45,4.46,1.24
三友医疗,sh688085,17.18,17.06,17.0,344753900.0,17.18,27500,17.2,4600,0.7,17.28,16.7,344753900,58670000.0,1.08,3.4,54.76,57.29,20.47,13.65,0.69
华洋赛车,bj920058,27.46,27.75,27.6,258500.0,27.45,300,27.46,10300,-1.05,27.99,27.38,258500,7133700.0,0.94,2.2,7.58,15.39,36.07,19.43,0.53
康斯特,sz300445,21.44,21.05,21.52,6921300.0,21.42,2500,21.44,300,1.85,21.8,21.18,6921300,148910000.0,4.92,2.95,30.13,45.54,25.26,16.84,2.0
广厦环能,bj920703,13.38,13.65,13.56,702100.0,13.38,1700,13.39,1100,-1.98,13.58,13.33,702100,9427000.0,0.92,1.83,10.2,20.17,17.74,9.56,0.77
晨曦航空,sz300581,12.19,12.52,12.51,8936300.0,12.18,113000,12.19,26900,-2.64,12.52,12.11,8936300,109240000.0,1.62,3.27,67.06,67.06,15.02,10.02,0.86
中信尼雅,sh600084,6.59,6.52,6.49,4406100.0,6.58,25000,6.59,2800,1.07,6.61,6.45,4406100,28800000.0,0.39,2.45,74.05,74.05,7.17,5.87,0.74
倍杰特,sz300774,16.24,16.25,16.09,9310600.0,16.24,4600,16.25,1100,-0.06,16.48,15.87,9310600,150650000.0,4.78,3.75,31.65,66.38,19.5,13.0,0.85
广和通,sz300638,22.64,26.0,24.13,44177600.0,22.64,106600,22.65,36700,-12.92,24.49,22.51,44177600,1017540000.0,8.33,7.62,120.09,203.59,31.2,20.8,3.03
宝胜股份,sh600973,7.39,7.44,7.47,26371700.0,7.39,23600,7.4,64300,-0.67,7.56,7.31,26371700,195520000.0,1.92,3.36,101.34,101.34,8.18,6.7,0.59
伊戈尔,sz002922,41.87,41.11,41.84,27952400.0,41.87,69000,41.88,17900,1.85,43.19,40.88,27952400,1177520000.0,7.45,5.62,157.0,177.2,45.22,37.0,1.3
新力金融,sh600318,7.59,7.69,7.66,8710400.0,7.59,209000,7.6,2100,-1.3,7.68,7.54,8710400,66150000.0,1.7,1.82,38.92,38.92,8.46,6.92,0.83
日发精机,sz002520,5.32,5.38,5.38,22638100.0,5.32,13800,5.33,66300,-1.12,5.38,5.2,22638100,119480000.0,3.16,3.35,38.17,39.91,5.92,4.84,1.05
泰豪科技,sh600590,17.06,17.59,17.2,53620300.0,17.06,151300,17.07,26900,-3.01,17.63,16.9,53620300,920690000.0,6.36,4.15,143.91,145.5,19.35,15.83,0.61
金正大,sz002470,2.97,2.96,2.93,417258200.0,2.97,851900,2.98,910800,0.34,3.14,2.88,417258200,1261730000.0,12.7,8.78,97.59,97.6,3.26,2.66,1.63
铁大科技,bj920541,12.16,12.3,12.22,734700.0,12.13,6400,12.16,1200,-1.14,12.25,12.08,734700,8928300.0,0.82,1.38,10.95,16.62,15.99,8.61,0.46
瑞迪智驱,sz301596,66.41,67.29,67.3,826500.0,66.41,400,66.44,100,-1.31,67.88,65.63,826500,55030000.0,2.64,3.34,20.8,51.25,80.75,53.83,0.58
吉林碳谷,bj920077,18.04,18.25,18.04,8226500.0,18.04,37000,18.05,1900,-1.15,18.55,17.88,8226500,149258100.0,2.71,3.67,54.72,106.02,23.72,12.78,0.62
艾隆科技,sh688329,21.09,20.93,21.0,210872000.0,21.09,8700,21.12,500,0.76,21.23,20.58,210872000,44160000.0,2.73,3.11,16.28,16.28,25.12,16.74,0.73
海优新材,sh688680,49.48,50.01,50.05,212574700.0,49.48,50800,49.49,1500,-1.06,50.37,48.63,212574700,105430000.0,2.18,3.48,48.28,48.28,60.01,40.01,0.7
金煤科技,sh600844,3.53,3.5,3.45,85736200.0,3.53,464300,3.54,439800,0.86,3.66,3.43,85736200,304460000.0,10.42,6.57,29.04,35.88,3.85,3.15,1.61
法本信息,sz300925,19.85,19.15,18.82,32968400.0,19.85,79200,19.86,78600,3.66,21.33,18.32,32968400,650680000.0,9.43,15.72,69.38,85.1,22.98,15.32,1.76
北方导航,sh600435,14.46,14.96,14.98,25915600.0,14.45,218600,14.46,108900,-3.34,14.98,14.45,25915600,378250000.0,1.71,3.54,218.69,218.69,16.46,13.46,1.02
春晖智控,sz300943,29.08,29.54,29.25,6861600.0,29.08,1000,29.09,1100,-1.56,29.64,28.62,6861600,198690000.0,5.14,3.45,38.8,59.27,35.45,23.63,0.77
若羽臣,sz003010,30.36,31.01,30.8,4878000.0,30.35,3400,30.36,20200,-2.1,31.11,30.18,4878000,148430000.0,2.16,3.0,68.66,94.44,34.11,27.91,0.81
南矿集团,sz001360,20.11,21.04,20.67,3969300.0,20.1,100,20.11,1100,-4.42,20.89,19.47,3969300,79490000.0,3.16,6.75,25.23,41.02,23.14,18.94,1.71
华菱精工,sh603356,17.38,17.0,16.99,5034300.0,17.38,2600,17.4,1000,2.24,17.51,16.84,5034300,86990000.0,3.78,3.94,23.17,23.17,18.7,15.3,1.18
津投城开,sh600322,2.35,2.36,2.37,15788900.0,2.35,425800,2.36,59900,-0.42,2.37,2.32,15788900,37040000.0,1.43,2.12,25.98,25.98,2.6,2.12,1.01
海程邦达,sh603836,13.39,13.12,13.19,3706600.0,13.39,10300,13.4,5400,2.06,13.51,13.06,3706600,49240000.0,1.81,3.43,27.48,27.48,14.43,11.81,1.37
天成自控,sh603085,11.65,11.79,11.78,9506200.0,11.64,39500,11.65,85300,-1.19,11.85,11.43,9506200,110030000.0,2.39,3.56,46.26,46.26,12.97,10.61,1.18
苏试试验,sz300416,16.88,17.2,17.15,16817800.0,16.87,52400,16.88,51800,-1.86,17.35,16.71,16817800,283720000.0,3.33,3.72,85.24,85.84,20.64,13.76,0.9
卡倍亿,sz300863,55.22,57.81,57.32,3719500.0,55.21,500,55.22,6200,-4.48,57.38,55.08,3719500,207930000.0,2.06,3.98,99.88,103.91,69.37,46.25,0.78
西磁科技,bj920061,23.23,23.6,23.63,527600.0,23.21,1500,23.23,1500,-1.57,23.87,23.21,527600,12364800.0,1.34,2.8,9.14,16.44,30.68,16.52,0.46
万泽股份,sz000534,43.96,44.01,44.2,23144700.0,43.95,14200,43.96,3600,-0.11,45.48,42.0,23144700,1011640000.0,4.63,7.91,219.79,224.0,48.41,39.61,0.85
泰凯英,bj920020,15.73,15.75,15.71,312800.0,15.72,9300,15.73,4400,-0.13,15.8,15.6,312800,4909000.0,0.57,1.27,8.67,35.38,20.47,11.03,0.34
联明股份,sh603006,13.64,12.73,13.24,10108600.0,13.63,7200,13.64,17700,7.15,13.99,13.0,10108600,137000000.0,3.98,7.78,34.68,34.68,14.0,11.46,4.65
横河精密,sz300539,29.02,29.7,29.66,7050700.0,29.02,23300,29.03,100,-2.29,29.85,28.91,7050700,205860000.0,3.24,3.16,63.23,77.8,35.64,23.76,0.49
多利科技,sz001311,29.17,29.65,29.67,5831800.0,29.16,100,29.17,7500,-1.62,30.19,28.44,5831800,170120000.0,4.28,5.9,39.75,90.58,32.62,26.69,1.13
天虹股份,sz002419,5.56,5.65,5.6,21319000.0,5.56,85900,5.57,18900,-1.59,5.62,5.46,21319000,118010000.0,1.82,2.83,64.98,64.99,6.22,5.09,0.81
道生天合,sh601026,18.85,19.09,19.09,4613700.0,18.84,32000,18.85,14000,-1.26,19.09,18.72,4613700,86860000.0,4.15,1.94,20.94,124.3,21.0,17.18,0.92
苏宁环球,sz000718,2.07,2.08,2.07,21454600.0,2.06,536400,2.07,30700,-0.48,2.09,2.05,21454600,44330000.0,0.94,1.92,47.24,62.82,2.29,1.87,0.83
鹿得医疗,bj920278,7.79,7.99,8.01,1200800.0,7.77,500,7.79,700,-2.5,8.01,7.75,1200800,9426900.0,1.62,3.25,5.77,13.59,10.38,5.6,0.6
永和智控,sz002795,8.86,8.05,8.09,25837700.0,8.86,5893200,0.0,0,10.06,8.86,8.0,25837700,222760000.0,5.95,10.68,38.49,39.13,8.86,7.25,1.21
北大医药,sz000788,6.36,6.31,6.26,40839600.0,6.36,98600,6.37,65000,0.79,6.49,6.18,40839600,259330000.0,6.85,4.91,37.9,37.9,6.94,5.68,0.77
丛麟科技,sh688370,23.96,24.54,24.45,141683600.0,23.96,2600,24.0,4300,-2.36,24.81,23.85,141683600,34430000.0,1.03,3.91,32.85,32.85,29.45,19.63,2.11
百润股份,sz002568,16.84,17.13,17.0,6287700.0,16.83,24500,16.84,5100,-1.69,17.07,16.73,6287700,106150000.0,0.82,1.98,128.5,175.41,18.84,15.42,1.16
奥迪威,bj920491,26.3,26.53,26.41,1870600.0,26.29,200,26.3,50300,-0.87,27.0,26.28,1870600,49767100.0,1.62,2.71,30.39,37.12,34.48,18.58,0.4
荣信文化,sz301231,30.83,30.99,30.65,2672800.0,30.83,6200,30.84,2500,-0.52,31.23,30.06,2672800,81700000.0,4.08,3.78,20.17,26.02,37.19,24.79,0.9
恒鑫生活,sz301501,37.22,37.93,37.78,1041400.0,37.17,1300,37.22,1100,-1.87,38.35,36.84,1041400,38790000.0,2.39,3.98,16.19,55.05,45.52,30.34,1.19
徕木股份,sh603633,8.39,8.67,8.59,11590600.0,8.38,93100,8.39,44400,-3.23,8.66,8.37,11590600,97840000.0,2.72,3.34,35.81,35.81,9.54,7.8,0.46
交运股份,sh600676,7.97,8.05,8.05,9256100.0,7.96,29700,7.97,39800,-0.99,8.05,7.87,9256100,73560000.0,0.9,2.24,81.97,81.97,8.86,7.25,0.74
国光连锁,sh605188,15.95,16.43,16.2,8833100.0,15.94,20500,15.95,9500,-2.92,16.26,15.81,8833100,141160000.0,1.76,2.74,80.13,80.13,18.07,14.79,0.7
熊猫乳品,sz300898,23.79,24.38,24.08,4982100.0,23.79,23400,23.8,1400,-2.42,24.29,23.7,4982100,119440000.0,4.34,2.42,27.29,29.5,29.26,19.5,0.93
航亚科技,sh688510,33.13,34.28,33.88,737644600.0,33.13,29600,33.16,5200,-3.35,34.5,32.95,737644600,245940000.0,2.84,4.52,85.98,85.98,41.14,27.42,0.7
洁雅股份,sz301108,27.78,27.76,27.73,1406300.0,27.76,1000,27.78,1600,0.07,28.01,27.14,1406300,38770000.0,2.17,3.13,18.01,31.27,33.31,22.21,0.99
银邦股份,sz300337,13.78,14.13,14.01,32675500.0,13.77,54400,13.78,10000,-2.48,14.05,13.57,32675500,450130000.0,4.59,3.4,98.03,113.26,16.96,11.3,0.53
太力科技,sz301595,44.79,45.4,45.32,1376900.0,44.76,1300,44.79,13500,-1.34,45.7,44.17,1376900,61530000.0,5.96,3.37,10.35,48.5,54.48,36.32,0.78
惠发食品,sh603536,9.8,9.75,9.65,3364300.0,9.8,700,9.81,2900,0.51,9.85,9.61,3364300,32700000.0,1.4,2.46,23.57,23.75,10.73,8.78,0.87
连云港,sh601008,4.74,4.81,4.81,8942800.0,4.74,51500,4.75,10900,-1.46,4.81,4.72,8942800,42480000.0,0.72,1.87,58.81,58.81,5.29,4.33,1.23
芯动联科,sh688582,53.7,62.04,56.4,1836020800.0,53.7,17200,53.71,1300,-13.44,56.87,53.68,1836020800,1007140000.0,7.34,5.14,134.37,215.73,74.45,49.63,2.8
华旺科技,sh605377,9.53,9.6,9.6,4994600.0,9.52,6000,9.53,6900,-0.73,9.6,9.4,4994600,47440000.0,0.9,2.08,53.05,53.05,10.56,8.64,0.74
德林海,sh688069,35.96,36.3,36.29,285496800.0,35.96,3300,36.0,200,-0.94,38.8,35.7,285496800,103990000.0,2.53,8.54,40.63,40.63,43.56,29.04,0.84
快可电子,sz301278,39.49,40.51,39.71,4051400.0,39.49,14800,39.5,8600,-2.52,40.15,39.05,4051400,160190000.0,7.88,2.72,20.3,35.43,48.61,32.41,0.71
巴比食品,sh605338,23.27,23.6,23.55,1863100.0,23.27,500,23.3,100,-1.4,23.61,23.08,1863100,43400000.0,0.78,2.25,55.75,55.75,25.96,21.24,0.47
趣睡科技,sz301336,52.19,51.81,51.41,901100.0,52.1,500,52.19,5000,0.73,53.0,51.41,901100,46920000.0,2.96,3.07,15.88,20.88,62.17,41.45,1.0
富奥股份,sz000030,5.12,5.21,5.2,22414500.0,5.12,186500,5.13,60900,-1.73,5.2,5.09,22414500,114840000.0,1.34,2.11,85.55,88.05,5.73,4.69,0.45
南特科技,bj920124,15.88,16.09,16.05,1075800.0,15.88,8900,15.89,3000,-1.31,16.06,15.84,1075800,17148600.0,1.41,1.37,12.15,23.62,20.91,11.27,0.49
威腾电气,sh688226,56.61,59.35,58.5,1225847600.0,56.61,700,56.72,4800,-4.62,59.32,55.69,1225847600,702450000.0,6.49,6.12,106.87,106.87,71.22,47.48,0.76
联影医疗,sh688271,114.98,116.66,116.28,440127800.0,114.98,1900,114.99,1600,-1.44,116.46,114.01,440127800,507220000.0,0.53,2.1,947.62,947.62,139.99,93.33,0.92
中纺标,bj920122,26.03,26.4,26.48,280000.0,26.03,1000,26.04,900,-1.4,26.48,25.88,280000,7317000.0,0.75,2.27,9.73,24.01,34.32,18.48,0.33
四川长虹,sh600839,9.36,9.28,9.2,123779300.0,9.35,439400,9.36,363700,0.86,9.5,9.07,123779300,1150950000.0,2.68,4.63,431.96,432.08,10.21,8.35,0.89
唯特偶,sz301319,77.78,78.21,78.67,7010800.0,77.78,1500,77.81,100,-0.55,79.93,75.88,7010800,546240000.0,7.49,5.18,72.77,96.85,93.85,62.57,0.56
中草香料,bj920016,16.79,17.19,17.16,383600.0,16.76,6600,16.79,6000,-2.33,17.16,16.73,383600,6456600.0,1.12,2.5,5.75,12.93,22.34,12.04,0.44
ST岭南,sz002717,1.5,1.57,1.51,102042200.0,1.5,1021300,1.51,254900,-4.46,1.52,1.49,102042200,152580000.0,6.32,1.91,24.23,27.3,1.65,1.49,1.67
中国东航,sh600115,4.42,4.46,4.41,123833500.0,4.42,76200,4.43,556100,-0.9,4.47,4.39,123833500,547240000.0,0.73,1.79,752.5,976.28,4.91,4.01,0.58
华塑控股,sz000509,3.49,3.51,3.48,16810000.0,3.48,56000,3.49,31400,-0.57,3.54,3.45,16810000,58650000.0,1.57,2.56,37.45,37.45,3.86,3.16,0.64
准油股份,sz002207,6.6,6.96,6.6,28044200.0,6.59,86000,6.6,77400,-5.17,6.83,6.48,28044200,185910000.0,10.75,5.03,17.21,17.3,7.66,6.26,1.21
山鹰国际,sh600567,1.44,1.49,1.49,109035900.0,1.44,6118300,1.45,3266000,-3.36,1.5,1.42,109035900,157940000.0,1.73,5.37,90.83,90.83,1.64,1.34,1.96
信维通信,sz300136,81.3,83.41,83.0,149466300.0,81.29,11700,81.3,549000,-2.53,87.98,81.18,149466300,12680360000.0,18.17,8.15,668.86,786.63,100.09,66.73,1.19
索辰科技,sh688507,92.25,94.5,93.5,122764200.0,92.25,3000,92.28,200,-2.38,94.76,91.76,122764200,113920000.0,2.49,3.17,45.42,82.2,113.4,75.6,0.58
众诚科技,bj920207,35.1,31.96,31.9,10937400.0,35.04,100,35.1,13600,9.82,36.66,30.7,10937400,371448600.0,19.42,18.65,19.77,32.36,41.54,22.38,1.76
无锡鼎邦,bj920931,11.91,12.23,12.15,469300.0,11.91,800,11.92,300,-2.62,12.15,11.91,469300,5631900.000000001,1.63,1.96,3.43,11.19,15.89,8.57,0.64
三特索道,sz002159,17.34,17.64,17.47,3174400.0,17.33,8600,17.34,6400,-1.7,17.57,17.11,3174400,54920000.0,2.29,2.61,24.01,30.74,19.4,15.88,0.8
重庆建工,sh600939,2.82,2.85,2.84,10020600.0,2.82,25600,2.83,311400,-1.05,2.84,2.78,10020600,28110000.0,0.53,2.11,53.65,53.65,3.14,2.57,1.33
金新农,sz002548,4.78,4.87,4.86,20167500.0,4.77,64900,4.78,76700,-1.85,4.88,4.75,20167500,96630000.0,2.51,2.67,38.45,39.59,5.36,4.38,0.93
中航光电,sz002179,35.21,35.85,35.84,31434700.0,35.21,10300,35.22,10200,-1.79,36.45,35.18,31434700,1122450000.0,1.5,3.54,738.18,745.55,39.44,32.27,1.1
钱江生化,sh600796,6.26,6.24,6.18,8104600.0,6.26,4500,6.27,23300,0.32,6.31,6.12,8104600,50350000.0,2.6,3.04,19.5,54.25,6.86,5.62,0.78
天地数码,sz300743,19.1,18.87,18.8,3115600.0,19.1,5400,19.11,8600,1.22,19.24,18.66,3115600,59060000.0,2.45,3.07,24.34,28.88,22.64,15.1,0.6
华映科技,sz000536,3.92,4.09,4.06,49594300.0,3.92,22300,3.93,980600,-4.16,4.07,3.9,49594300,195290000.0,1.79,4.16,108.31,108.43,4.5,3.68,1.5
东华能源,sz002221,7.84,8.25,8.12,37312700.0,7.83,130100,7.84,85300,-4.97,8.21,7.76,37312700,295270000.0,2.55,5.45,114.53,123.57,9.08,7.43,2.0
融发核电,sz002366,6.99,7.08,7.08,29820300.0,6.99,242200,7.0,255800,-1.27,7.08,6.98,29820300,208830000.0,1.61,1.41,129.34,145.46,7.79,6.37,0.78
佳云科技,sz300242,4.69,4.68,4.64,21770900.0,4.69,134200,4.7,66800,0.21,4.73,4.5,21770900,100340000.0,3.43,4.91,29.76,29.76,5.62,3.74,1.14
东风科技,sh600081,10.7,10.66,10.61,2568900.0,10.69,2000,10.7,13000,0.38,10.78,10.46,2568900,27350000.0,0.46,3.0,59.17,59.17,11.73,9.59,0.99
普天科技,sz002544,26.26,27.17,26.95,12303700.0,26.26,38000,26.28,7400,-3.35,27.25,26.22,12303700,325380000.0,1.81,3.79,178.69,178.71,29.89,24.45,0.89
天元宠物,sz301335,25.01,25.41,25.21,1500300.0,25.0,2600,25.02,1600,-1.57,25.41,24.5,1500300,37360000.0,2.96,3.58,12.66,31.74,30.49,20.33,0.7
普冉股份,sh688766,261.58,266.13,264.39,426102800.0,261.56,1800,261.58,500,-1.71,270.54,255.0,426102800,1114650000.0,2.88,5.84,387.27,387.27,319.36,212.9,0.81
富士达,bj920640,37.04,37.8,37.88,4273700.0,37.03,9500,37.04,400,-2.01,38.26,36.81,4273700,159285200.0,2.37,3.84,66.79,69.53,49.14,26.46,0.56
吉冈精密,bj920720,12.11,12.34,12.29,1334700.0,12.11,6300,12.15,0,-1.86,12.39,12.04,1334700,16218800.000000002,1.8,2.84,8.96,32.08,16.04,8.64,0.58
昊志机电,sz300503,63.62,60.75,60.23,26071300.0,63.61,86100,63.62,9100,4.72,64.06,60.02,26071300,1626590000.0,10.82,6.65,153.31,196.09,72.9,48.6,0.85
美年健康,sz002044,5.18,5.26,5.23,77968600.0,5.17,701400,5.18,398100,-1.52,5.24,5.12,77968600,403350000.0,2.01,2.28,200.68,202.76,5.79,4.73,0.78
大众交通,sh600611,4.73,4.8,4.76,17815000.0,4.73,337700,4.74,84700,-1.46,4.79,4.71,17815000,84440000.0,1.14,1.67,73.94,111.82,5.28,4.32,0.99
中水渔业,sz000798,9.23,9.86,9.6,20787800.0,9.22,55800,9.23,14900,-6.39,9.61,9.02,20787800,191530000.0,5.68,5.98,33.77,33.77,10.85,8.87,1.79
航天彩虹,sz002389,21.45,21.97,21.87,16213500.0,21.45,41100,21.46,62800,-2.37,21.93,21.43,16213500,349650000.0,1.65,2.28,211.23,211.26,24.17,19.77,0.77
雅达股份,bj920556,9.34,9.66,9.52,1997600.0,9.34,19300,9.35,10000,-3.31,9.66,9.31,1997600,18826200.0,1.7,3.62,10.97,15.07,12.55,6.77,0.61
博迁新材,sh605376,118.01,115.2,115.26,10476000.0,118.0,400,118.01,800,2.44,119.96,113.99,10476000,1226430000.0,4.0,5.18,308.71,308.71,126.72,103.68,0.97
长久物流,sh603569,6.44,6.37,6.32,8302100.0,6.44,4800,6.45,9000,1.1,6.48,6.28,8302100,53070000.0,1.38,3.14,38.87,38.87,7.01,5.73,1.69
欧亚集团,sh600697,11.72,11.66,11.65,2701600.0,11.72,14200,11.73,900,0.51,11.78,11.53,2701600,31510000.0,1.74,2.14,18.21,18.65,12.83,10.49,0.82
森马服饰,sz002563,5.44,5.35,5.31,20030500.0,5.44,181500,5.45,37100,1.68,5.52,5.31,20030500,109010000.0,0.91,3.93,120.07,146.56,5.89,4.82,1.09
能特科技,sz002102,2.8,2.8,2.78,77053400.0,2.8,1427300,2.81,774500,0.0,2.87,2.78,77053400,217720000.0,3.55,3.21,60.84,69.32,3.08,2.52,1.77
*ST三六五,sz300295,10.9,10.67,11.94,36429300.0,10.9,148000,10.91,93200,2.16,12.0,10.35,36429300,397760000.0,21.74,15.46,18.26,20.67,12.8,8.54,4.1
ST明诚,sh600136,1.79,1.79,1.78,16627500.0,1.79,858900,1.8,860900,0.0,1.8,1.77,16627500,29690000.0,0.86,1.68,34.78,36.53,1.88,1.7,0.62
青岛金王,sz002094,5.94,6.04,6.04,19478500.0,5.94,6700,5.95,169400,-1.66,6.04,5.88,19478500,115510000.0,2.82,2.65,41.01,41.04,6.64,5.44,1.09
安凯客车,sz000868,4.36,4.3,4.3,7738500.0,4.35,66000,4.36,76200,1.4,4.37,4.25,7738500,33370000.0,1.06,2.79,31.97,40.96,4.73,3.87,1.2
天域生物,sh603717,6.7,6.69,6.66,6269600.0,6.7,38200,6.71,1500,0.15,6.76,6.59,6269600,41790000.0,2.16,2.54,19.44,19.44,7.36,6.02,0.9
*ST宝鹰,sz002047,5.16,5.37,5.37,29469700.0,5.16,69300,5.17,27200,-3.91,5.37,5.12,29469700,152740000.0,1.94,4.66,78.23,78.24,5.64,5.1,0.88
易明医药,sz002826,20.29,20.54,20.51,3252900.0,20.28,2300,20.29,200,-1.22,20.9,20.12,3252900,66530000.0,1.78,3.8,37.13,38.69,22.59,18.49,0.8
武汉天源,sz301127,14.69,15.21,15.11,10258500.0,14.69,18500,14.7,5000,-3.42,15.23,14.66,10258500,152410000.0,1.57,3.75,96.11,99.02,18.25,12.17,0.96
*ST华嵘,sh600421,4.76,5.01,4.76,67100.0,0.0,0,4.76,39526400,-4.99,4.76,4.76,67100,320000.0,0.03,0.0,9.31,9.31,5.26,4.76,0.02
卫宁健康,sz300253,8.46,8.72,8.69,83007400.0,8.46,144500,8.47,183100,-2.98,8.69,8.32,83007400,700350000.0,4.58,4.24,153.17,186.23,10.46,6.98,1.24
丽尚国潮,sh600738,4.68,4.71,4.72,9512700.0,4.68,50100,4.69,9700,-0.64,4.72,4.63,9512700,44460000.0,1.25,1.91,35.6,35.63,5.18,4.24,0.97
和展能源,sz000809,3.55,3.55,3.51,12758100.0,3.54,160800,3.55,96800,0.0,3.59,3.49,12758100,45100000.0,1.55,2.82,29.28,29.28,3.91,3.2,0.96
浙商中拓,sz000906,6.36,5.78,6.23,58252700.0,6.36,5906700,0.0,0,10.03,6.36,6.11,58252700,368360000.0,8.31,4.33,44.6,45.13,6.36,5.2,11.79
中国汽研,sh601965,16.46,16.73,16.58,8712200.0,16.46,26100,16.47,8600,-1.61,16.73,16.38,8712200,143660000.0,0.87,2.09,164.34,165.1,18.4,15.06,0.85
创业慧康,sz300451,4.28,4.35,4.3,22068100.0,4.28,147800,4.29,29700,-1.61,4.33,4.23,22068100,94280000.0,1.45,2.3,65.34,66.3,5.22,3.48,0.67
飞利信,sz300287,4.29,4.45,4.38,46970700.0,4.28,329800,4.29,349400,-3.6,4.38,4.27,46970700,201820000.0,3.56,2.47,56.55,61.57,5.34,3.56,1.33
亨迪药业,sz301211,11.4,11.44,11.4,3479100.0,11.4,6100,11.41,26600,-0.35,11.48,11.25,3479100,39560000.0,0.83,2.01,47.61,47.61,13.73,9.15,1.01
电科数字,sh600850,20.24,20.56,20.58,9979600.0,20.24,28600,20.25,13900,-1.56,20.58,19.91,9979600,201350000.0,1.47,3.26,137.67,137.67,22.62,18.5,1.01
天马新材,bj920971,28.07,28.25,28.49,1607800.0,28.06,3800,28.07,900,-0.64,28.96,28.03,1607800,45569500.0,1.88,3.29,24.06,29.5,36.72,19.78,0.33
华联股份,sz000882,1.57,1.58,1.58,36025100.0,1.57,91400,1.58,2034100,-0.63,1.58,1.55,36025100,56460000.0,1.32,1.9,42.95,42.98,1.74,1.42,0.85
利尔达,bj920249,10.18,10.24,10.1,9400400.0,10.17,56800,10.18,45900,-0.59,10.46,10.05,9400400,96680800.0,7.54,4.0,12.69,42.92,13.31,7.17,0.35
西藏旅游,sh600749,18.3,20.0,19.76,30988200.0,18.29,4600,18.3,12700,-8.5,19.77,18.12,30988200,575220000.0,13.65,8.25,41.53,41.53,22.0,18.0,0.82
贝瑞基因,sz000710,9.68,9.7,9.65,6382800.0,9.68,27000,9.69,4200,-0.21,9.73,9.42,6382800,61160000.0,1.94,3.2,31.9,34.22,10.67,8.73,0.93
惠同新材,bj920751,23.59,23.46,23.69,551200.0,23.56,900,23.59,800,0.55,23.69,23.26,551200,12927500.0,0.66,1.83,19.6,20.47,30.49,16.43,0.25
国源科技,bj920184,15.71,16.06,16.15,1661700.0,15.69,300,15.71,3600,-2.18,16.15,15.53,1661700,26139200.0,1.86,3.86,14.04,20.83,20.87,11.25,0.68
晶科科技,sh601778,7.17,7.19,7.54,1016642400.0,7.16,618800,7.17,668800,-0.28,7.88,7.14,1016642400,7597040000.0,28.46,10.29,256.15,256.15,7.91,6.47,1.22
新世界,sh600628,7.01,7.09,7.07,9723900.0,7.01,14700,7.02,22300,-1.13,7.08,6.96,9723900,68160000.0,1.5,1.69,45.35,45.35,7.8,6.38,1.12
慈文传媒,sz002343,6.17,6.22,6.17,10621000.0,6.17,12000,6.19,45800,-0.8,6.23,6.06,10621000,65200000.0,2.24,2.73,29.23,29.23,6.84,5.6,1.08
金马游乐,sz300756,55.55,54.61,56.36,4852300.0,55.55,26500,55.56,3500,1.72,56.98,53.25,4852300,269120000.0,3.7,6.83,72.9,87.55,65.53,43.69,1.04
烽火电子,sz000561,9.48,9.68,9.65,9589700.0,9.48,965900,9.49,900,-2.07,9.66,9.39,9589700,90830000.0,1.24,2.79,73.59,81.91,10.65,8.71,0.77
信凯科技,sz001335,45.61,45.04,44.76,1452800.0,45.61,1900,45.8,900,1.27,46.18,44.76,1452800,66080000.0,5.69,3.15,11.65,42.75,49.54,40.54,1.1
实达集团,sh600734,2.39,2.48,2.45,181976600.0,2.39,535700,2.4,1096500,-3.63,2.46,2.33,181976600,434030000.0,8.36,5.24,52.05,52.06,2.73,2.23,1.0
京投发展,sh600683,13.71,13.3,13.3,45277900.0,13.71,164200,13.72,26500,3.08,14.35,13.23,45277900,627170000.0,6.11,8.42,101.56,101.56,14.63,11.97,0.99
京城股份,sh600860,10.82,11.01,10.92,8021000.0,10.82,50900,10.83,8700,-1.73,11.05,10.8,8021000,87220000.0,1.81,2.27,48.05,59.24,12.11,9.91,0.59
京源环保,sh688096,8.11,8.07,8.16,489208300.0,8.11,62200,8.12,10300,0.5,8.21,7.86,489208300,39270000.0,2.07,4.34,19.14,19.14,9.68,6.46,0.91
西子洁能,sz002534,18.54,18.71,18.84,10590800.0,18.53,40400,18.54,5300,-0.91,19.1,18.32,10590800,197390000.0,1.28,4.17,153.02,154.98,20.58,16.84,0.86
天元智能,sh603273,17.46,17.35,17.46,1350100.0,17.46,10800,17.47,400,0.63,17.58,17.12,1350100,23430000.0,2.41,2.65,9.79,37.42,19.09,15.62,1.14
瑞华泰,sh688323,20.76,21.19,21.2,439735000.0,20.76,9700,20.77,75200,-2.03,21.2,20.53,439735000,91680000.0,2.44,3.16,37.37,37.37,25.43,16.95,0.93
乐创技术,bj920425,19.69,19.9,19.8,799300.0,19.68,2000,19.69,600,-1.06,19.9,19.55,799300,15749700.0,1.35,1.76,11.66,13.97,25.87,13.93,0.61
华原股份,bj920837,12.69,12.9,12.9,1174700.0,12.69,1700,12.7,7500,-1.63,12.91,12.58,1174700,14883599.999999998,0.86,2.56,17.36,19.25,16.77,9.03,0.92
全通教育,sz300359,4.84,4.88,4.83,6611100.0,4.84,76700,4.85,6600,-0.82,4.9,4.74,6611100,31860000.0,1.04,3.28,30.65,30.65,5.86,3.9,0.99
龙大美食,sz002726,3.08,3.15,3.15,37393000.0,3.08,139400,3.09,133400,-2.22,3.18,3.06,37393000,116220000.0,3.47,3.81,33.21,33.24,3.47,2.84,0.45
苏奥传感,sz300507,8.02,8.03,8.02,10333200.0,8.02,69000,8.03,60500,-0.12,8.06,7.9,10333200,82290000.0,1.33,1.99,62.15,64.21,9.64,6.42,0.58
长江投资,sh600119,6.08,5.9,5.9,7787600.0,6.08,1100,6.09,105500,3.05,6.12,5.8,7787600,46710000.0,2.13,5.42,22.21,22.21,6.49,5.31,1.03
盛航股份,sz001205,14.6,14.46,14.45,2925000.0,14.6,12300,14.63,700,0.97,14.69,14.25,2925000,42340000.0,1.76,3.04,24.31,27.45,15.91,13.01,0.74
同庆楼,sh605108,17.32,17.19,17.15,6261600.0,17.32,6500,17.33,11000,0.76,17.49,17.01,6261600,108470000.0,2.41,2.79,45.03,45.03,18.91,15.47,1.69
中顺洁柔,sz002511,8.73,8.85,8.82,14185700.0,8.73,8100,8.74,43000,-1.36,8.88,8.71,14185700,124260000.0,1.12,1.92,110.44,112.3,9.74,7.97,0.75
联合精密,sz001268,35.71,37.71,37.04,5939400.0,35.71,1600,35.72,300,-5.3,38.28,35.4,5939400,216460000.0,8.81,7.64,24.08,38.54,41.48,33.94,0.8
神通科技,sh605228,14.59,14.78,14.71,7624500.0,14.59,12100,14.6,22500,-1.29,14.81,14.41,7624500,111250000.0,1.6,2.71,69.61,69.91,16.26,13.3,0.71
威贸电子,bj920346,20.67,21.2,21.22,433700.0,20.66,1600,20.67,600,-2.5,21.25,20.67,433700,9056600.0,0.97,2.74,9.22,16.67,27.56,14.84,0.42
东方精工,sz002611,17.53,17.69,17.6,24783900.0,17.52,98700,17.53,95800,-0.9,17.83,17.37,24783900,435160000.0,2.47,2.6,175.63,213.39,19.46,15.92,0.83
阿尔特,sz300825,8.77,8.8,8.76,4913800.0,8.75,6000,8.77,23200,-0.34,8.86,8.61,4913800,42810000.0,1.01,2.84,42.49,43.4,10.56,7.04,0.78
佳合科技,bj920392,20.28,20.69,20.74,420800.0,20.05,200,20.28,2400,-1.98,20.74,20.0,420800,8505800.0,1.16,3.58,7.38,15.45,26.89,14.49,0.45
宁波方正,sz300998,26.06,26.18,26.21,2033500.0,26.0,5000,26.06,1600,-0.46,26.25,25.77,2033500,52780000.0,1.89,1.83,28.06,35.75,31.42,20.94,0.65
科创信息,sz300730,13.25,13.45,13.33,6519300.0,13.24,9700,13.25,9600,-1.49,13.42,12.93,6519300,85690000.0,3.37,3.64,25.61,31.95,16.14,10.76,0.86
光庭信息,sz301221,52.2,53.3,53.15,1912400.0,52.2,4100,52.21,85300,-2.06,53.39,51.98,1912400,100090000.0,3.05,2.65,32.74,48.35,63.96,42.64,0.89
中南文化,sz002445,3.55,3.49,3.46,233812300.0,3.55,1303100,3.56,1303300,1.72,3.65,3.43,233812300,837290000.0,9.88,6.3,84.0,84.37,3.84,3.14,1.79
智慧农业,sz000816,3.19,3.13,3.13,27677900.0,3.19,211400,3.2,863600,1.92,3.2,3.12,27677900,87610000.0,1.92,2.56,45.92,46.16,3.44,2.82,1.07
新特电气,sz301120,20.3,23.32,22.0,29094500.0,20.3,37100,20.31,6000,-12.95,22.25,20.28,29094500,606650000.0,13.31,8.45,44.36,75.4,27.98,18.66,1.51
德众汽车,bj920030,5.52,5.66,5.65,1140800.0,5.52,27200,5.53,500,-2.47,5.71,5.51,1140800,6358000.0,1.01,3.53,6.21,9.87,7.35,3.97,0.62
新赣江,bj920367,18.4,18.85,18.8,734200.0,18.34,200,18.4,200,-2.39,18.9,18.4,734200,13689400.0,1.75,2.65,7.73,13.04,24.5,13.2,0.41
曲美家居,sh603818,3.4,3.38,3.34,11550500.0,3.39,28500,3.4,14300,0.59,3.42,3.33,11550500,39030000.0,1.68,2.66,23.34,23.34,3.72,3.04,0.92
嘉麟杰,sz002486,2.8,2.76,2.75,23965800.0,2.8,162300,2.81,312600,1.45,2.82,2.72,23965800,66450000.0,2.92,3.62,22.97,23.08,3.04,2.48,1.23
步步高,sz002251,4.09,4.19,4.16,62348100.0,4.09,748200,4.1,944400,-2.39,4.19,4.08,62348100,256330000.0,2.9,2.63,88.04,109.97,4.61,3.77,0.91
利仁科技,sz001259,32.14,31.34,31.32,1408500.0,32.14,400,32.15,200,2.55,32.36,30.98,1408500,44790000.0,2.96,4.4,15.28,23.65,34.47,28.21,1.72
GQY视讯,sz300076,4.83,4.61,4.65,26183600.0,4.83,138700,4.84,151700,4.77,4.88,4.62,26183600,125250000.0,6.18,5.64,20.48,20.48,5.53,3.69,0.65
兴化股份,sz002109,3.94,3.92,3.89,40777000.0,3.93,308400,3.94,108000,0.51,4.03,3.87,40777000,161440000.0,3.2,4.08,50.29,50.29,4.31,3.53,1.36
皇庭国际,sz000056,1.93,1.93,0.0,0.0,0.0,0,0.0,0,0.0,0.0,0.0,0,0.0,0.0,0.0,17.44,22.82,2.12,1.74,0.0
浩淼科技,bj920856,12.18,13.39,13.13,2632600.0,12.18,2500,12.19,10000,-9.04,13.14,12.11,2632600,32762300.0,4.96,7.69,6.46,11.59,17.4,9.38,2.11
壹网壹创,sz300792,35.07,35.65,35.37,4724300.0,35.07,4400,35.1,5200,-1.63,35.59,34.45,4724300,165290000.0,2.22,3.2,74.54,83.1,42.78,28.52,0.78
沪江材料,bj920204,15.44,15.8,15.68,594700.0,15.41,1400,15.44,3800,-2.28,15.87,15.31,594700,9227100.0,1.19,3.54,7.72,14.56,20.54,11.06,0.43
长亮科技,sz300348,13.08,13.45,13.44,17462600.0,13.08,219200,13.09,41800,-2.75,13.49,13.02,17462600,229390000.0,2.47,3.49,92.32,106.45,16.14,10.76,1.15
飞天诚信,sz300386,12.75,12.77,12.77,6385600.0,12.75,11000,12.76,2300,-0.16,12.88,12.61,6385600,81380000.0,2.55,2.11,31.97,53.3,15.32,10.22,0.94
ST得润,sz002055,5.87,6.0,5.96,16616900.0,5.87,7200,5.88,50700,-2.17,6.01,5.82,16616900,98440000.0,2.8,3.17,34.87,35.48,6.3,5.7,1.04
厚普股份,sz300471,12.26,12.54,12.5,9968600.0,12.25,73000,12.26,100,-2.23,12.65,12.2,9968600,123210000.0,2.72,3.59,44.94,57.64,15.05,10.03,0.83
华测导航,sz300627,32.8,34.75,33.01,26230400.0,32.8,14400,32.81,7000,-5.61,33.18,31.78,26230400,851090000.0,4.05,4.03,212.58,258.1,41.7,27.8,2.22
福成股份,sh600965,5.22,5.28,5.25,7260100.0,5.22,12800,5.23,79100,-1.14,5.31,5.16,7260100,37800000.0,0.89,2.84,42.74,42.74,5.81,4.75,0.89
喜临门,sh603008,12.03,12.25,12.2,21629000.0,12.03,10000,12.04,17600,-1.8,12.44,11.96,21629000,264010000.0,5.87,3.92,44.31,44.31,13.48,11.03,1.07
万里扬,sz002434,7.25,7.2,7.16,18559100.0,7.24,41600,7.25,28200,0.69,7.34,7.16,18559100,134360000.0,1.42,2.5,95.07,95.16,7.92,6.48,0.76
英唐智控,sz300131,16.28,17.35,16.93,135979900.0,16.27,38500,16.28,118700,-6.17,17.26,16.03,135979900,2241100000.0,13.05,7.09,169.68,184.78,20.82,13.88,0.81
ST宁科,sh600165,3.41,3.57,3.5,11867800.0,3.41,198500,3.42,130600,-4.48,3.52,3.39,11867800,40500000.0,1.62,3.64,24.99,55.1,3.75,3.39,2.34
工大高科,sh688367,40.25,41.2,40.01,256674200.0,40.25,6500,40.26,200,-2.31,41.2,39.7,256674200,103390000.0,2.93,3.64,35.27,35.27,49.44,32.96,0.51
天目湖,sh603136,10.59,10.67,10.67,4551600.0,10.58,16300,10.59,11100,-0.75,10.67,10.46,4551600,47880000.0,1.68,1.97,28.61,28.61,11.74,9.6,0.87
卓郎智能,sh600545,4.74,4.31,4.28,182557000.0,4.74,19340400,0.0,0,9.98,4.74,4.25,182557000,823000000.0,10.21,11.37,84.75,84.75,4.74,3.88,1.6
金盘科技,sh688676,92.73,92.53,93.7,2190544300.0,92.72,3500,92.73,18400,0.22,96.75,91.53,2190544300,2062540000.0,4.76,5.64,426.36,426.36,111.04,74.02,1.36
玉马科技,sz300993,12.3,12.18,12.21,2910900.0,12.27,900,12.3,9800,0.99,12.38,12.09,2910900,35620000.0,1.2,2.38,29.75,37.9,14.62,9.74,1.38
新宏泽,sz002836,12.66,12.57,12.49,3076500.0,12.66,3000,12.67,1600,0.72,12.8,12.32,3076500,38560000.0,1.34,3.82,29.17,29.17,13.83,11.31,1.02
均胜电子,sh600699,28.88,29.51,29.19,74815800.0,28.88,346700,28.89,66400,-2.13,29.8,28.41,74815800,2181540000.0,5.52,4.71,391.34,447.86,32.46,26.56,0.9
中大力德,sz002896,71.29,71.1,70.88,2541300.0,71.28,19700,71.29,2000,0.27,71.49,70.88,2541300,181000000.0,1.29,0.86,140.1,140.1,78.21,63.99,0.51
美心翼申,bj920833,15.78,16.76,16.8,2816100.0,15.77,30500,15.78,0,-5.85,16.8,15.75,2816100,45215000.0,4.51,6.26,9.86,13.0,21.78,11.74,1.15
科拜尔,bj920066,21.52,21.92,21.99,307900.0,21.52,3100,21.6,400,-1.82,21.99,21.52,307900,6675100.0,1.55,2.14,4.28,13.53,28.49,15.35,0.57
韩建河山,sh603616,5.87,6.31,6.1,33962600.0,5.87,123300,5.88,31000,-6.97,6.15,5.7,33962600,197770000.0,8.84,7.13,22.56,22.97,6.94,5.68,3.4
红相股份,sz300427,11.32,11.65,11.62,21424200.0,11.32,71500,11.33,150100,-2.83,11.73,11.3,21424200,244690000.0,4.26,3.69,56.94,57.56,13.98,9.32,0.64
三祥科技,bj920195,19.61,19.83,19.77,509200.0,19.61,600,19.63,800,-1.11,19.83,19.56,509200,10016400.0,0.72,1.36,13.88,19.22,25.77,13.89,0.56
西域旅游,sz300859,32.08,32.48,32.11,3880700.0,32.08,21800,32.1,3300,-1.23,32.28,31.65,3880700,123800000.0,2.5,1.94,49.72,49.72,38.98,25.98,0.73
*ST东晶,sz002199,9.75,9.39,9.37,4388500.0,9.75,800,9.76,11000,3.83,9.82,9.27,4388500,42260000.0,1.8,5.86,23.74,23.74,9.86,8.92,1.5
安居宝,sz300155,4.65,4.54,4.52,9197300.0,4.65,78300,4.66,29300,2.42,4.69,4.51,9197300,42450000.0,2.78,3.96,15.38,26.1,5.45,3.63,1.09
广脉科技,bj920924,20.73,21.23,21.13,2540400.0,20.73,116900,20.79,800,-2.36,21.58,20.49,2540400,53313500.0,3.89,5.13,13.55,22.24,27.59,14.87,0.66
维康药业,sz300878,25.85,25.6,25.28,1275500.0,25.85,6300,25.95,1000,0.98,26.18,25.28,1275500,32910000.0,0.88,3.52,37.26,37.43,30.72,20.48,0.73
五洲医疗,sz301234,40.67,40.04,40.18,1556800.0,40.63,200,40.67,1800,1.57,41.39,39.79,1556800,63520000.0,3.88,4.0,16.34,27.66,48.05,32.03,1.52
赤天化,sh600227,3.96,3.68,3.58,360241000.0,3.96,351500,3.97,1166200,7.61,4.05,3.53,360241000,1408140000.0,28.2,14.13,50.59,66.87,4.05,3.31,2.34
方直科技,sz300235,14.02,14.16,14.16,5065400.0,14.02,10600,14.03,50900,-0.99,14.25,13.83,5065400,70760000.0,2.49,2.97,28.48,35.29,16.99,11.33,0.51
哈森股份,sh603958,24.83,25.28,25.18,9926900.0,24.82,1900,24.83,100,-1.78,26.11,23.9,9926900,246710000.0,4.53,8.74,54.47,54.47,27.81,22.75,0.92
赛伍技术,sh603212,13.89,14.28,14.21,26862500.0,13.88,18600,13.89,74400,-2.73,14.21,13.83,26862500,375100000.0,6.14,2.66,60.77,60.77,15.71,12.85,1.04
汽轮科技,sz300277,18.84,20.05,19.98,38735700.0,18.84,38100,18.85,7400,-6.03,20.2,18.81,38735700,742200000.0,5.05,6.93,144.63,285.73,24.06,16.04,1.01
建邦科技,bj920242,25.38,25.79,25.79,491800.0,25.38,100,25.47,500,-1.59,25.98,25.28,491800,12559800.0,1.31,2.71,9.56,16.92,33.52,18.06,0.3
*ST赛为,sz300044,6.95,6.71,6.73,27425000.0,6.94,112600,6.95,55000,3.58,7.01,6.73,27425000,188910000.0,3.83,4.17,49.72,53.09,8.05,5.37,0.6
普邦股份,sz002663,2.11,2.07,2.07,45901900.0,2.1,550300,2.11,184800,1.93,2.12,2.05,45901900,95800000.0,3.55,3.38,27.28,36.36,2.28,1.86,0.78
盐津铺子,sz002847,54.95,54.91,55.1,2594200.0,54.95,15200,54.96,1200,0.07,55.48,54.2,2594200,142370000.0,1.06,2.33,133.99,149.85,60.4,49.42,0.9
*ST凯鑫,sz300899,36.59,36.1,36.2,696600.0,36.45,300,36.59,24700,1.36,36.77,35.7,696600,25250000.0,1.7,2.96,14.98,23.34,43.32,28.88,0.83
纽泰格,sz301229,16.53,16.45,16.26,3497600.0,16.53,8100,16.54,3500,0.49,16.6,16.11,3497600,56990000.0,2.71,2.98,21.37,30.05,19.74,13.16,1.12
日海智能,sz002313,9.64,8.76,8.91,24301000.0,9.64,7119100,0.0,0,10.05,9.64,8.91,24301000,231030000.0,6.49,8.33,36.09,36.09,9.64,7.88,2.62
*ST恒久,sz002808,3.47,3.65,3.47,1333300.0,0.0,0,3.47,23334500,-4.93,3.47,3.47,1333300,4630000.0,0.81,0.0,5.73,9.33,3.83,3.47,0.18
华鹏飞,sz300350,5.16,5.1,5.1,13736200.0,5.16,28400,5.17,28300,1.18,5.22,5.08,13736200,70690000.0,2.91,2.75,24.33,29.0,6.12,4.08,1.04
旷达科技,sz002516,5.7,5.77,5.76,13525000.0,5.7,93100,5.71,49800,-1.21,5.78,5.64,13525000,77020000.0,0.93,2.43,83.07,83.84,6.35,5.19,1.2
风光股份,sz301100,18.53,18.33,18.23,1498800.0,18.52,100,18.53,3100,1.09,18.63,18.1,1498800,27550000.0,1.71,2.89,16.21,37.06,22.0,14.66,1.32
宏辉果蔬,sh603336,11.28,10.83,10.9,55376600.0,11.28,103300,11.29,51000,4.16,11.91,10.81,55376600,639540000.0,9.1,10.16,68.66,68.66,11.91,9.75,3.09
通灵股份,sz301168,41.65,42.72,42.37,1640000.0,41.64,5100,41.65,4600,-2.5,42.69,41.32,1640000,68580000.0,1.72,3.21,39.7,49.98,51.26,34.18,0.94
长春一东,sh600148,17.89,17.83,18.02,1599300.0,17.89,1900,17.9,8600,0.34,18.03,17.53,1599300,28470000.0,1.13,2.8,25.32,25.32,19.61,16.05,1.1
园林股份,sh605303,22.93,22.75,22.38,4426600.0,22.92,5100,22.93,2200,0.79,23.23,22.23,4426600,100780000.0,2.75,4.4,36.97,36.97,25.03,20.48,0.52
瑞康医药,sz002589,3.22,3.24,3.21,53482000.0,3.22,102300,3.23,250500,-0.62,3.24,3.17,53482000,171840000.0,3.92,2.16,43.97,48.45,3.56,2.92,0.42
中瑞股份,sz301587,28.76,27.62,27.44,12115400.0,28.75,2200,28.76,2800,4.13,29.53,27.44,12115400,348320000.0,16.49,7.57,21.13,42.37,33.14,22.1,1.17
节能环境,sz300140,6.65,6.69,6.66,35361700.0,6.64,89900,6.65,19100,-0.6,6.72,6.5,35361700,233040000.0,3.47,3.29,67.84,206.09,8.03,5.35,1.33
天工股份,bj920068,20.37,20.73,20.73,2408300.0,20.37,15500,20.38,4500,-1.74,20.95,20.28,2408300,49646600.0,3.84,3.23,12.77,133.55,26.94,14.52,0.66
凌志软件,sh688588,11.87,11.89,11.82,334726800.0,11.87,21200,11.88,50000,-0.17,11.94,11.63,334726800,39390000.0,0.84,2.61,47.48,47.48,14.27,9.51,1.0
兴通股份,sh603209,15.12,15.31,15.11,5650900.0,15.12,8000,15.13,21600,-1.24,15.31,14.94,5650900,85410000.0,1.76,2.42,48.61,49.14,16.84,13.78,0.99
旋极信息,sz300324,4.61,4.74,4.66,38911800.0,4.61,323000,4.62,585000,-2.74,4.71,4.58,38911800,179810000.0,2.28,2.74,78.83,79.64,5.69,3.79,0.92
ST银江,sz300020,3.6,3.57,3.6,16166200.0,3.6,211400,3.61,45900,0.84,3.74,3.57,16166200,59070000.0,2.11,4.76,27.6,28.61,4.28,2.86,1.12
ST信通,sh600289,6.23,6.56,6.23,6267300.0,0.0,0,6.23,2862100,-5.03,6.3,6.23,6267300,39050000.0,1.11,1.07,35.26,39.31,6.89,6.23,0.69
粤 传 媒,sz002181,13.04,13.12,12.81,73873600.0,13.04,848500,13.05,129500,-0.61,13.36,12.61,73873600,961900000.0,6.51,5.72,147.94,151.4,14.43,11.81,0.84
世昌股份,bj920022,26.56,26.96,26.86,369200.0,26.56,21300,26.57,1900,-1.48,27.36,26.53,369200,9906500.0,2.22,3.08,4.41,16.02,35.04,18.88,0.61
万达信息,sz300168,5.41,5.39,5.37,13233100.0,5.4,6000,5.41,156000,0.37,5.43,5.28,13233100,70840000.0,0.92,2.78,77.86,77.94,6.47,4.31,1.09
恒宇信通,sz300965,66.0,59.7,60.3,4817000.0,65.83,1000,66.0,28600,10.55,68.6,60.3,4817000,318880000.0,8.9,13.9,35.7,39.6,71.64,47.76,4.66
四维图新,sz002405,9.05,9.17,9.08,46178500.0,9.05,305600,9.06,225000,-1.31,9.15,8.96,46178500,417430000.0,1.96,2.07,213.2,214.54,10.09,8.25,0.97
华菱线缆,sz001208,19.92,20.66,20.79,30243900.0,19.91,81600,19.92,94700,-3.58,20.9,19.72,30243900,608520000.0,9.49,5.71,63.49,127.16,22.73,18.59,0.61
木林森,sz002745,8.81,8.88,8.8,29532500.0,8.81,8100,8.82,324400,-0.79,8.95,8.66,29532500,259630000.0,2.77,3.27,93.8,130.76,9.77,7.99,0.55
丽江股份,sz002033,10.48,10.9,10.68,65209700.0,10.47,83700,10.48,8900,-3.85,10.84,10.39,65209700,686160000.0,11.87,4.13,57.59,57.59,11.99,9.81,0.62
克莱特,bj920689,29.42,30.08,29.78,1695200.0,29.42,1100,29.5,400,-2.19,30.33,29.05,1695200,50378000.0,4.47,4.26,11.16,21.59,39.1,21.06,0.92
高凌信息,sh688175,34.47,34.65,34.81,101722000.0,34.47,7400,34.49,800,-0.52,34.82,33.92,101722000,34970000.0,0.79,2.6,44.58,44.58,41.58,27.72,0.53
登康口腔,sz001328,32.97,34.09,34.27,1902200.0,32.96,1100,32.97,2000,-3.29,34.35,32.88,1902200,63430000.0,1.18,4.31,53.32,56.77,37.5,30.68,0.83
航天发展,sz000547,26.3,26.22,26.12,93534900.0,26.29,354600,26.3,110500,0.31,26.58,25.81,93534900,2459260000.0,5.89,2.94,417.94,420.4,28.84,23.6,0.44
永安行,sh603776,20.82,20.56,20.43,4958900.0,20.82,21300,20.84,1000,1.26,21.11,20.41,4958900,103040000.0,1.77,3.4,58.45,58.45,22.62,18.5,0.85
华英农业,sz002321,2.1,2.09,2.11,25473400.0,2.1,1014800,2.11,1008000,0.48,2.13,2.09,25473400,53640000.0,1.2,1.91,44.6,44.79,2.3,1.88,0.59
广百股份,sz002187,5.96,6.03,6.0,7694800.0,5.96,17600,5.97,104600,-1.16,6.02,5.89,7694800,45730000.0,1.1,2.16,41.77,41.77,6.63,5.43,0.78
纳尔股份,sz002825,10.39,9.85,9.88,14880700.0,10.38,19400,10.39,16600,5.48,10.49,9.77,14880700,152560000.0,5.8,7.31,26.66,35.49,10.84,8.87,1.31
太龙股份,sz300650,15.04,15.6,15.3,7701000.0,15.04,12500,15.05,5200,-3.59,15.41,14.7,7701000,115380000.0,4.52,4.55,25.62,36.31,18.72,12.48,1.1
申华控股,sh600653,1.72,1.73,1.72,12640300.0,1.71,932400,1.72,324400,-0.58,1.73,1.71,12640300,21730000.0,0.65,1.16,33.48,33.48,1.9,1.56,1.01
国义招标,bj920039,9.46,9.7,9.65,743500.0,9.46,7000,9.5,6400,-2.47,9.7,9.45,743500,7099600.0,0.48,2.58,14.55,14.55,12.61,6.79,0.58
红豆股份,sh600400,2.21,2.16,2.13,80136200.0,2.21,383900,2.22,239900,2.31,2.27,2.13,80136200,178420000.0,3.5,6.48,50.64,50.64,2.38,1.94,1.77
全筑股份,sh603030,2.41,2.47,2.5,61309100.0,2.4,643600,2.41,108400,-2.43,2.68,2.39,61309100,153050000.0,4.66,11.74,31.74,31.74,2.72,2.22,1.17
锐明技术,sz002970,64.13,63.22,63.01,6430000.0,64.12,5400,64.13,13000,1.44,65.63,63.0,6430000,414520000.0,5.14,4.16,80.27,117.18,69.54,56.9,0.81
日盈电子,sh603286,61.09,64.5,64.26,3626100.0,61.09,67800,61.1,6800,-5.29,64.8,60.71,3626100,225360000.0,3.14,6.34,70.51,71.72,70.95,58.05,0.59
球冠电缆,bj920682,8.8,8.95,9.01,2584300.0,8.8,94200,8.82,1800,-1.68,9.02,8.77,2584300,22810000.0,1.37,2.79,16.56,28.55,11.63,6.27,0.42
金字火腿,sz002515,6.37,6.57,6.57,62182100.0,6.36,222200,6.37,191900,-3.04,6.6,6.31,62182100,398260000.0,5.14,4.41,77.12,77.12,7.23,5.91,0.65
天地在线,sz002995,21.77,22.37,22.02,10061800.0,21.76,8400,21.77,1700,-2.68,22.36,21.26,10061800,218480000.0,8.95,4.92,24.47,38.63,24.61,20.13,0.89
华秦科技,sh688281,74.18,76.06,75.66,239674100.0,74.1,100,74.18,9500,-2.47,76.5,74.0,239674100,178830000.0,0.88,3.29,202.19,202.19,91.27,60.85,1.12
*ST金灵,sz300091,3.35,3.36,3.36,38941700.0,3.34,212900,3.35,94400,-0.3,3.47,3.26,38941700,130670000.0,2.38,6.25,54.79,95.21,4.03,2.69,1.22
同益中,sh688722,17.1,17.35,17.31,234233600.0,17.09,4400,17.1,3300,-1.44,17.39,16.97,234233600,40110000.0,1.05,2.42,38.32,38.42,20.82,13.88,0.61
大明电子,sh603376,32.66,32.75,32.7,718600.0,32.65,1500,32.66,1100,-0.27,32.84,32.38,718600,23420000.0,2.32,1.4,10.14,130.64,36.03,29.48,0.83
天阳科技,sz300872,15.94,16.25,16.1,9976000.0,15.94,9700,15.95,3800,-1.91,16.19,15.52,9976000,157470000.0,2.36,4.12,67.27,77.81,19.5,13.0,1.26
汉维科技,bj920957,11.16,11.4,11.41,546200.0,11.16,900,11.21,1000,-2.11,11.56,11.11,546200,6167300.0,1.28,3.95,4.77,11.97,14.82,7.98,0.73
盛路通信,sz002446,10.02,10.47,10.38,46346800.0,10.02,900,10.03,204400,-4.3,10.46,9.99,46346800,469820000.0,5.47,4.49,84.95,91.72,11.52,9.42,0.95
千里科技,sh601777,10.72,10.84,10.74,51194600.0,10.72,23800,10.73,14000,-1.11,10.94,10.45,51194600,545890000.0,1.13,4.52,484.66,484.66,11.92,9.76,1.51
豪能股份,sh603809,10.7,10.83,10.77,8261400.0,10.69,21100,10.7,33000,-1.2,10.82,10.66,8261400,88480000.0,0.9,1.48,98.47,98.47,11.91,9.75,0.77
健盛集团,sh603558,13.4,13.67,13.56,13071400.0,13.39,3300,13.4,12000,-1.98,13.93,13.35,13071400,177370000.0,3.81,4.24,45.91,45.91,15.04,12.3,1.3
恒工精密,sz301261,73.88,74.71,74.11,954800.0,73.87,200,73.88,2400,-1.11,74.78,72.77,954800,70240000.0,2.55,2.69,27.69,64.93,89.65,59.77,0.64
联迪信息,bj920790,25.5,26.01,26.09,961900.0,25.43,1100,25.5,5700,-1.96,26.26,24.93,961900,24556500.0,1.77,5.11,13.86,20.14,33.81,18.21,0.69
金橙子,sh688291,42.6,42.84,43.47,190250700.0,42.6,12200,42.63,1000,-0.56,43.77,42.43,190250700,81840000.0,1.85,3.13,43.74,43.74,51.41,34.27,0.83
中广核技,sz000881,7.6,7.66,7.59,7393000.0,7.6,12200,7.61,22500,-0.78,7.65,7.54,7393000,56080000.0,0.82,1.44,68.68,71.85,8.43,6.89,0.74
兰石重装,sh603169,8.23,8.82,7.94,68371300.0,8.23,95700,8.24,88100,-6.69,8.56,7.94,68371300,566390000.0,5.23,7.03,107.51,107.51,9.7,7.94,3.47
天府文旅,sz000558,4.2,4.28,4.25,29428800.0,4.19,335900,4.2,256300,-1.87,4.29,4.15,29428800,123360000.0,2.28,3.27,54.12,54.15,4.71,3.85,0.85
创业黑马,sz300688,23.88,24.59,24.2,6360100.0,23.88,5500,23.89,300,-2.89,24.43,23.2,6360100,150680000.0,4.29,5.0,35.43,39.97,29.51,19.67,1.58
中科江南,sz301153,23.32,23.74,23.65,8100800.0,23.32,3400,23.33,1200,-1.77,23.8,22.36,8100800,185520000.0,2.44,6.07,77.36,82.94,28.49,18.99,1.52
乖宝宠物,sz301498,55.08,57.0,56.6,8837900.0,55.07,3000,55.08,4800,-3.37,57.0,54.75,8837900,489810000.0,4.93,3.95,98.78,220.58,68.4,45.6,0.81
皇台酒业,sz000995,13.63,14.04,13.99,21477700.0,13.63,109000,13.64,2000,-2.92,14.11,13.45,21477700,294440000.0,12.11,4.7,24.18,24.18,15.44,12.64,1.47
天地源,sh600665,3.24,3.21,3.22,11302800.0,3.23,900,3.24,327900,0.93,3.27,3.17,11302800,36370000.0,1.31,3.12,28.0,28.0,3.53,2.89,1.22
好想你,sz002582,12.96,12.72,12.68,32242600.0,12.96,42200,12.97,81100,1.89,13.06,12.65,32242600,415720000.0,9.37,3.22,44.61,58.02,13.99,11.45,1.03
百利科技,sh603959,5.31,5.9,5.66,37088200.0,0.0,0,5.31,3215600,-10.0,5.78,5.31,37088200,201070000.0,7.56,7.97,26.03,26.03,6.49,5.31,0.92
高伟达,sz300465,14.07,14.44,14.34,13939000.0,14.06,11400,14.07,3800,-2.56,14.39,13.66,13939000,194120000.0,3.14,5.06,62.44,62.44,17.33,11.55,1.54
大地电气,bj920436,14.02,14.3,14.23,930600.0,14.02,1200,14.03,100,-1.96,14.4,13.95,930600,13169400.0,1.05,3.15,12.46,13.25,18.59,10.01,0.66
厦门信达,sz000701,5.72,5.71,5.73,13892700.0,5.71,18500,5.72,8600,0.18,5.76,5.54,13892700,78620000.0,2.08,3.85,38.2,38.23,6.28,5.14,1.25
金发科技,sh600143,16.71,16.86,16.93,35161700.0,16.71,87500,16.72,31400,-0.89,16.93,16.59,35161700,586990000.0,1.33,2.02,440.28,440.28,18.55,15.17,0.66
绿亨科技,bj920866,7.52,7.58,7.56,1060600.0,7.52,4100,7.55,5600,-0.79,7.66,7.52,1060600,8045200.0,0.93,1.85,8.58,13.55,9.85,5.31,0.69
卓越新能,sh688196,57.73,59.08,59.6,101532700.0,57.73,600,57.86,400,-2.29,59.6,57.7,101532700,59250000.0,0.85,3.22,69.28,73.43,70.9,47.26,0.63
沃格光电,sh603773,58.3,60.5,60.38,26548400.0,58.3,5900,58.31,400,-3.64,62.09,57.38,26548400,1567480000.0,11.82,7.79,130.98,131.02,66.55,54.45,0.92
通易航天,bj920642,11.98,12.29,12.3,1382400.0,11.97,8200,11.98,800,-2.52,12.36,11.98,1382400,16727500.0,1.38,3.09,11.97,12.42,15.97,8.61,0.5
大连重工,sz002204,6.81,6.89,6.87,19849600.0,6.81,90500,6.82,120300,-1.16,6.87,6.78,19849600,135180000.0,1.03,1.31,131.53,131.53,7.58,6.2,0.74
亚盛集团,sh600108,4.27,4.32,4.29,65653200.0,4.26,172800,4.27,122900,-1.16,4.37,4.23,65653200,282220000.0,3.37,3.24,83.13,83.13,4.75,3.89,0.65
*ST东易,sz002713,12.99,13.67,13.4,29725800.0,0.0,0,12.99,574600,-4.97,14.12,12.99,29725800,399530000.0,5.65,8.27,68.39,123.59,14.35,12.99,1.2
中创环保,sz300056,9.39,9.3,9.11,44964600.0,9.39,12700,9.4,92300,0.97,9.78,8.36,44964600,403260000.0,11.67,15.27,36.17,36.2,11.16,7.44,2.42
艾芬达,sz301575,45.92,45.27,46.55,1410100.0,45.91,1400,45.92,1000,1.44,46.78,45.5,1410100,64830000.0,8.1,2.83,7.99,39.8,54.32,36.22,2.0
华培动力,sh603121,20.86,20.99,20.41,5531600.0,20.85,6100,20.86,17900,-0.62,21.38,20.3,5531600,116020000.0,1.63,5.15,70.62,70.62,23.09,18.89,0.77
爱婴室,sh603214,15.78,15.77,15.77,1854400.0,15.78,2600,15.8,5300,0.06,15.9,15.55,1854400,29140000.0,1.34,2.22,21.86,21.86,17.35,14.19,0.94
奥美森,bj920080,23.18,23.46,23.56,353400.0,23.14,23900,23.18,1700,-1.19,23.56,23.02,353400,8195599.999999999,1.54,2.3,5.33,19.24,30.49,16.43,0.53
润农节水,bj920964,5.94,6.02,6.06,1226400.0,5.93,24000,5.94,44400,-1.33,6.06,5.92,1226400,7314600.0,0.83,2.33,8.77,15.52,7.82,4.22,0.49
万源通,bj920060,33.41,34.45,34.1,4814400.0,33.4,14500,33.41,16900,-3.02,34.89,33.16,4814400,162834300.0,5.08,5.02,31.68,50.8,44.78,24.12,0.59
华平股份,sz300074,3.98,3.91,3.89,16105600.0,3.97,300,3.98,226400,1.79,3.99,3.84,16105600,62980000.0,2.93,3.84,21.87,21.89,4.69,3.13,1.19
通达电气,sh603390,14.6,13.27,13.69,51004700.0,14.6,2204400,0.0,0,10.02,14.6,13.67,51004700,720010000.0,14.55,7.01,51.18,51.34,14.6,11.94,12.7
巨能股份,bj920578,18.77,19.24,19.14,542700.0,18.77,4400,18.78,1100,-2.44,19.19,18.53,542700,10202300.0,2.36,3.43,4.32,14.36,25.01,13.47,0.57
新风光,sh688663,67.61,68.94,68.39,533974000.0,67.61,5900,67.66,900,-1.93,70.93,67.11,533974000,367090000.0,3.77,5.54,95.65,95.65,82.73,55.15,0.86
飞马国际,sz002210,2.49,2.52,2.5,47840900.0,2.49,568400,2.5,336700,-1.19,2.52,2.47,47840900,119300000.0,1.8,1.98,66.14,66.26,2.77,2.27,0.9
晶华新材,sh603683,28.3,28.77,28.9,14782000.0,28.3,7400,28.31,14200,-1.63,29.3,27.62,14782000,418680000.0,5.13,5.84,81.55,82.4,31.65,25.89,1.08
能科科技,sh603859,40.19,41.15,40.8,5728700.0,40.19,2800,40.2,14000,-2.33,40.8,39.34,5728700,228750000.0,2.34,3.55,98.34,98.34,45.27,37.04,0.95
天威视讯,sz002238,7.03,7.04,7.01,5613000.0,7.03,35400,7.04,19400,-0.14,7.07,6.89,5613000,39210000.0,0.7,2.56,56.42,56.42,7.74,6.34,1.02
坤博精工,bj920570,28.49,29.45,29.25,381800.0,28.36,300,28.49,6700,-3.26,29.32,28.38,381800,10994600.0,1.57,3.19,6.94,14.29,38.28,20.62,0.62
金健米业,sh600127,6.84,6.91,6.87,25192100.0,6.83,153100,6.84,21900,-1.01,6.93,6.77,25192100,172600000.0,3.93,2.32,43.9,43.9,7.6,6.22,0.81
禾元生物-U,sh688765,59.88,61.85,61.85,117307900.0,59.88,3100,59.89,33000,-3.19,62.36,59.88,117307900,71110000.0,2.86,4.01,24.54,214.07,74.22,49.48,1.11
招标股份,sz301136,15.24,15.68,15.62,4284500.0,15.23,2400,15.24,13200,-2.81,15.62,15.11,4284500,65290000.0,1.56,3.25,41.94,41.94,18.82,12.54,0.7
宜通世纪,sz300310,5.83,5.9,5.86,41843600.0,5.83,180500,5.84,61800,-1.19,5.9,5.66,41843600,241240000.0,6.05,4.07,40.31,51.4,7.08,4.72,1.02
ST新动力,sz300152,1.99,1.99,1.97,17115600.0,1.99,288500,2.0,783300,0.0,2.02,1.97,17115600,34150000.0,2.4,2.51,14.18,14.18,2.39,1.59,0.87
华峰超纤,sz300180,5.33,5.44,5.42,30663800.0,5.33,268000,5.34,145200,-2.02,5.43,5.29,30663800,163770000.0,1.79,2.57,91.29,93.86,6.53,4.35,1.0
盛视科技,sz002990,54.11,49.19,49.16,21622400.0,54.11,401500,0.0,0,10.0,54.11,48.7,21622400,1105820000.0,15.67,11.0,74.68,141.69,54.11,44.27,0.8
风神股份,sh600469,6.95,7.01,7.0,7401400.0,6.95,14900,6.96,45200,-0.86,7.03,6.86,7401400,51400000.0,1.01,2.43,50.7,61.86,7.71,6.31,0.53
锋尚文化,sz300860,23.53,24.42,23.8,2367600.0,23.53,23500,23.54,2600,-3.64,23.82,23.15,2367600,55620000.0,2.16,2.74,25.75,44.34,29.3,19.54,1.16
方正阀门,bj920082,15.06,15.3,15.39,827000.0,15.05,1400,15.06,1200,-1.57,15.39,15.0,827000,12494700.0,2.09,2.55,5.96,21.89,19.89,10.71,0.77
中科金财,sz002657,21.25,21.6,21.52,9386200.0,21.24,500,21.25,3500,-1.62,21.57,20.8,9386200,198240000.0,2.79,3.56,71.42,72.26,23.76,19.44,1.18
华纺股份,sh600448,3.29,3.22,3.2,20889500.0,3.29,66600,3.3,67800,2.17,3.32,3.18,20889500,68090000.0,3.32,4.35,20.72,20.72,3.54,2.9,0.8
旺成科技,bj920896,17.16,17.48,17.58,753800.0,17.15,500,17.16,2500,-1.83,17.58,17.12,753800,13013800.000000002,1.7,2.63,7.6,17.37,22.72,12.24,0.47
汇隆活塞,bj920455,7.68,7.88,7.86,612300.0,7.67,200,7.68,1300,-2.54,7.89,7.68,612300,4760200.0,0.65,2.66,7.2,13.63,10.24,5.52,0.58
鸿日达,sz301285,106.53,106.14,106.16,3496600.0,106.39,2900,106.53,2100,0.37,109.35,104.5,3496600,373180000.0,1.69,4.57,220.17,220.17,127.37,84.91,0.91
兆新股份,sz002256,4.45,4.46,4.45,191186400.0,4.44,1302300,4.45,224300,-0.22,4.59,4.38,191186400,857980000.0,9.79,4.71,86.86,88.73,4.91,4.01,1.15
长江能科,bj920158,16.44,17.08,17.01,3275900.0,16.44,18800,16.45,11400,-3.75,17.13,16.41,3275900,54645500.0,8.59,4.22,6.27,23.44,22.2,11.96,0.84
中化装备,sh600579,7.89,7.75,7.7,5324000.0,7.88,26000,7.89,35300,1.81,7.94,7.7,5324000,41650000.0,1.08,3.1,38.95,38.95,8.53,6.98,1.33
*ST椰岛,sh600238,4.98,4.77,4.76,9958100.0,4.97,12300,4.98,126000,4.4,5.01,4.75,9958100,49770000.0,2.24,5.45,22.17,22.32,5.01,4.53,1.17
西王食品,sz000639,2.04,2.03,2.03,65192800.0,2.03,858200,2.04,31600,0.49,2.11,2.0,65192800,133140000.0,6.04,5.42,22.02,22.02,2.23,1.83,1.15
马应龙,sh600993,25.15,25.09,25.01,2856600.0,25.15,27900,25.16,6700,0.24,25.25,24.91,2856600,71800000.0,0.66,1.36,108.22,108.41,27.6,22.58,0.79
ST加加,sz002650,7.34,7.03,7.08,9594700.0,7.33,24200,7.34,46000,4.41,7.38,6.97,9594700,69420000.0,0.87,5.83,81.26,81.26,7.38,6.68,1.43
佳都科技,sh600728,5.67,5.65,5.63,36785600.0,5.67,246400,5.68,64700,0.35,5.72,5.54,36785600,207310000.0,1.72,3.19,120.92,120.92,6.22,5.09,1.17
动力新科,sh600841,9.45,9.75,9.71,21880200.0,9.45,91600,9.46,12300,-3.08,9.77,9.42,21880200,208910000.0,2.1,3.59,98.57,131.15,10.73,8.78,0.83
群兴玩具,sz002575,6.17,6.35,6.26,39596900.0,6.17,220400,6.18,141500,-2.83,6.28,6.07,39596900,243660000.0,6.76,3.31,36.13,38.04,6.99,5.72,0.89
梅雁吉祥,sh600868,3.4,3.57,3.54,86709500.0,3.4,1105800,3.41,1390800,-4.76,3.54,3.39,86709500,297470000.0,4.57,4.2,64.54,64.54,3.93,3.21,1.03
江苏雷利,sz300660,42.03,42.46,42.32,3994200.0,42.02,7100,42.03,7700,-1.01,42.65,41.72,3994200,168290000.0,0.89,2.19,187.78,187.93,50.95,33.97,0.76
味知香,sh605089,27.64,27.28,27.29,2632200.0,27.64,2900,27.67,2900,1.32,27.7,26.9,2632200,72120000.0,1.91,2.93,38.14,38.14,30.01,24.55,1.4
富临运业,sz002357,11.23,10.8,10.79,16649400.0,11.22,76900,11.23,14000,3.98,11.33,10.72,16649400,184900000.0,5.31,5.65,35.2,35.2,11.88,9.72,1.74
华神科技,sz000790,3.89,3.85,3.86,13508200.0,3.88,91200,3.89,12800,1.04,3.91,3.79,13508200,51970000.0,2.17,3.12,24.22,24.26,4.24,3.47,0.7
一鸣食品,sh605179,17.13,17.36,17.3,2485900.0,17.13,1400,17.14,5100,-1.32,17.41,17.03,2485900,42670000.0,0.62,2.19,68.69,68.69,19.1,15.62,0.5
金陵药业,sz000919,7.36,7.47,7.36,28738100.0,7.36,4900,7.37,99600,-1.47,7.43,7.29,28738100,211450000.0,4.62,1.87,45.76,45.77,8.22,6.72,0.49
泰慕士,sz001234,35.77,32.52,32.22,13129700.0,35.77,5601500,0.0,0,9.99,35.77,31.59,13129700,451490000.0,14.35,12.85,32.72,39.14,35.77,29.27,2.68
精锻科技,sz300258,11.14,11.48,11.45,16249500.0,11.14,220600,11.15,13300,-2.96,11.45,11.06,16249500,181510000.0,2.85,3.4,63.49,65.17,13.78,9.18,0.69
旗天科技,sz300061,10.13,9.8,9.97,87745600.0,10.13,55000,10.14,68900,3.37,10.9,9.47,87745600,898310000.0,14.1,14.59,63.03,66.76,11.76,7.84,6.36
桂发祥,sz002820,10.39,10.35,10.3,3707900.0,10.38,1700,10.39,1400,0.39,10.44,10.18,3707900,38310000.0,1.85,2.51,20.87,20.87,11.39,9.32,0.91
ST起步,sh603557,3.7,3.71,3.71,8260000.0,3.7,158300,3.71,10600,-0.27,3.81,3.65,8260000,30840000.0,1.32,4.31,23.07,23.07,3.9,3.52,0.58
华曙高科,sh688433,82.07,82.5,81.93,358312700.0,82.07,900,82.08,9200,-0.52,83.58,80.5,358312700,292780000.0,0.87,3.73,339.91,339.91,99.0,66.0,0.8
采纳股份,sz301122,31.0,31.27,30.99,1063800.0,30.98,1000,31.0,1800,-0.86,31.25,30.4,1063800,32900000.0,1.41,2.72,23.45,37.9,37.52,25.02,0.81
新宁物流,sz300013,3.85,3.71,3.7,20718400.0,3.85,151900,3.86,50500,3.77,3.88,3.7,20718400,78870000.0,4.65,4.85,17.17,21.5,4.45,2.97,2.05
珠免集团,sh600185,5.92,5.86,5.83,20279500.0,5.92,120300,5.93,334700,1.02,5.95,5.82,20279500,119520000.0,1.08,2.22,111.59,111.59,6.45,5.27,0.79
苏州科达,sh603660,10.64,10.45,10.4,27254700.0,10.64,12300,10.65,20400,1.82,10.74,10.29,27254700,287640000.0,4.77,4.31,60.81,61.26,11.5,9.41,1.25
昂立教育,sh600661,10.11,10.03,10.05,8376600.0,10.1,34500,10.11,16000,0.8,10.15,9.86,8376600,83940000.0,2.92,2.89,28.97,28.97,11.03,9.03,1.57
瑞立科密,sz001285,52.1,52.46,52.34,960800.0,52.1,2100,52.13,300,-0.69,52.51,51.7,960800,50040000.0,2.32,1.54,21.62,93.87,57.71,47.21,0.57
华锡有色,sh600301,54.04,54.05,53.01,11634400.0,54.04,18900,54.05,4100,-0.02,54.51,52.1,11634400,623060000.0,4.23,4.46,148.79,341.84,59.46,48.65,0.61
中宠股份,sz002891,38.28,42.53,41.1,23663800.0,0.0,0,38.28,92000,-9.99,41.14,38.28,23663800,921750000.0,7.35,6.72,123.22,123.22,46.78,38.28,1.7
万  科Ａ,sz000002,3.75,3.81,3.8,90444300.0,3.75,3720100,3.76,2332800,-1.57,3.81,3.74,90444300,340530000.0,0.93,1.84,364.39,447.4,4.19,3.43,1.04
鑫科材料,sh600255,3.6,3.58,3.56,34600500.0,3.6,342800,3.61,404700,0.56,3.62,3.55,34600500,124380000.0,1.92,1.96,65.02,65.02,3.94,3.22,0.74
赫美集团,sz002356,3.32,3.34,3.32,24246200.0,3.32,317000,3.33,62100,-0.6,3.36,3.29,24246200,80480000.0,1.85,2.1,43.53,43.53,3.67,3.01,0.83
秦川物联,sh688528,11.31,11.11,11.09,204884600.0,11.31,50500,11.32,500,1.8,11.39,10.98,204884600,23050000.0,1.22,3.69,19.0,19.0,13.33,8.89,1.01
金富科技,sz003018,57.28,54.77,51.27,22374100.0,57.28,9600,57.3,2000,4.58,58.0,51.27,22374100,1241680000.0,9.43,12.29,135.98,148.93,60.25,49.29,1.2
凯众股份,sh603037,14.3,14.66,14.77,5611800.0,14.3,39300,14.31,4500,-2.46,14.77,14.25,5611800,80990000.0,2.11,3.55,38.06,38.17,16.13,13.19,0.97
黑芝麻,sz000716,5.1,4.99,4.99,10818800.0,5.09,380100,5.1,151500,2.2,5.1,4.96,10818800,54400000.0,1.46,2.81,37.68,38.4,5.49,4.49,1.28
兆日科技,sz300333,8.92,8.9,8.81,8652200.0,8.91,1800,8.92,5200,0.22,8.97,8.57,8652200,75770000.0,2.58,4.49,29.86,29.97,10.68,7.12,1.38
方大新材,bj920163,12.35,12.59,12.52,759000.0,12.35,17400,12.37,3900,-1.91,12.57,12.21,759000,9381400.0,1.26,2.86,7.42,15.9,16.36,8.82,0.84
扬农化工,sh600486,72.45,70.99,71.42,6288600.0,72.45,8600,72.46,8600,2.06,73.22,70.46,6288600,451990000.0,1.56,3.89,292.69,293.66,78.09,63.89,0.91
联创光电,sh600363,51.99,52.83,52.5,5819100.0,51.98,5100,51.99,3400,-1.59,53.13,51.68,5819100,302870000.0,1.29,2.74,234.42,234.42,58.11,47.55,0.75
祖名股份,sz003030,21.9,20.3,20.32,6122700.0,21.9,14900,21.91,2600,7.88,22.31,20.01,6122700,131670000.0,7.71,11.33,17.39,27.33,22.33,18.27,4.08
通光线缆,sz300265,18.48,19.15,19.17,59851000.0,18.47,98600,18.48,149300,-3.5,19.69,18.09,59851000,1125040000.0,12.81,8.36,86.36,86.41,22.98,15.32,0.74
深华发Ａ,sz000020,15.33,15.49,15.4,4790600.0,15.33,600,15.34,12200,-1.03,15.47,15.15,4790600,73180000.0,2.64,2.07,27.77,43.41,17.04,13.94,0.88
恒银科技,sh603106,8.82,8.78,8.86,4753100.0,8.82,12700,8.83,11400,0.46,8.95,8.77,4753100,42020000.0,0.91,2.05,45.91,45.91,9.66,7.9,1.04
XD中稀有,sh600259,90.97,94.5,90.21,24574300.0,90.96,200,90.97,1600,-3.74,92.87,87.08,24574300,2208740000.0,7.3,6.13,306.06,306.06,103.95,85.05,1.58
傲农生物,sh603363,3.31,3.63,3.27,179632200.0,3.3,739600,3.31,57000,-8.82,3.47,3.27,179632200,596350000.0,8.38,5.51,70.94,86.16,3.99,3.27,3.94
文峰股份,sh601010,2.3,2.34,2.32,35522700.0,2.3,365400,2.31,246400,-1.71,2.33,2.27,35522700,81620000.0,1.92,2.56,42.5,42.5,2.57,2.11,0.62
瑞茂通,sh600180,2.96,3.2,3.09,33474700.0,2.96,62900,2.97,43300,-7.5,3.09,2.92,33474700,99930000.0,3.08,5.31,32.16,32.16,3.52,2.88,2.87
世荣兆业,sz002016,5.31,5.43,5.4,12378600.0,5.3,74500,5.31,28700,-2.21,5.42,5.27,12378600,66130000.0,1.53,2.76,42.96,42.96,5.97,4.89,0.69
深康佳Ａ,sz000016,3.19,3.22,3.2,30774500.0,3.18,367200,3.19,24500,-0.93,3.22,3.14,30774500,98120000.0,1.93,2.48,50.93,76.81,3.54,2.9,0.55
万里马,sz300591,6.96,6.7,6.71,22608400.0,6.95,39600,6.96,125200,3.88,7.07,6.68,22608400,156120000.0,6.45,5.82,24.39,28.23,8.04,5.36,2.31
电连技术,sz300679,44.26,42.39,42.18,31370500.0,44.26,5500,44.27,100,4.41,46.06,42.17,31370500,1397870000.0,8.73,9.18,159.09,188.03,50.87,33.91,1.5
飞乐音响,sh600651,6.61,6.68,6.65,16010600.0,6.61,37800,6.62,51200,-1.05,6.69,6.53,16010600,105670000.0,0.64,2.4,165.71,165.71,7.35,6.01,0.74
宇晶股份,sz002943,60.79,56.54,56.01,25071300.0,60.79,13100,60.8,9400,7.52,62.19,56.01,25071300,1512760000.0,17.22,10.93,88.52,124.94,62.19,50.89,1.38
麦趣尔,sz002719,8.13,8.12,8.08,7017200.0,8.13,2700,8.14,46500,0.12,8.2,8.0,7017200,56760000.0,4.34,2.46,13.16,14.16,8.93,7.31,1.43
雷曼光电,sz300162,9.12,9.29,9.21,20699800.0,9.12,73700,9.13,1000,-1.83,9.32,8.88,20699800,188210000.0,6.05,4.74,31.21,38.26,11.15,7.43,0.62
天目药业,sh600671,19.16,18.85,18.67,2655500.0,19.16,2300,19.17,2100,1.64,19.4,18.41,2655500,50220000.0,2.18,5.25,23.32,23.33,20.74,16.97,1.24
澳柯玛,sh600336,6.99,7.06,7.06,9211700.0,6.99,79200,7.0,15200,-0.99,7.06,6.89,9211700,64160000.0,1.15,2.41,55.78,55.78,7.77,6.35,1.17
赛轮轮胎,sh601058,13.51,13.6,13.47,20683000.0,13.51,195000,13.52,24800,-0.66,13.71,13.47,20683000,281170000.0,0.63,1.76,444.22,444.22,14.96,12.24,0.79
上海沿浦,sh605128,33.1,33.82,33.64,1151400.0,33.09,3500,33.1,2100,-2.13,33.7,33.02,1151400,38220000.0,0.55,2.01,69.89,69.89,37.2,30.44,0.49
晶丰明源,sh688368,146.4,142.63,145.98,425278200.0,146.4,3000,146.45,200,2.64,152.85,145.0,425278200,633510000.0,4.81,5.5,129.56,188.64,171.16,114.1,0.95
浙江荣泰,sh603119,78.21,77.77,77.81,14349100.0,78.21,7900,78.22,21400,0.57,79.85,76.56,14349100,1123840000.0,7.04,4.23,159.45,284.48,85.55,69.99,0.95
安正时尚,sh603839,7.79,7.58,7.53,4866400.0,7.78,200,7.79,2600,2.77,7.81,7.5,4866400,37320000.0,1.26,4.09,30.15,30.15,8.34,6.82,1.67
安琪酵母,sh600298,39.69,39.5,39.35,4144700.0,39.68,19100,39.69,2200,0.48,39.86,39.29,4144700,164140000.0,0.48,1.44,340.2,344.48,43.45,35.55,0.75
*ST金比,sz002762,8.16,7.9,8.05,5198500.0,8.16,14200,8.17,22800,3.29,8.17,7.86,5198500,41750000.0,2.46,3.92,17.25,28.89,8.3,7.51,0.96
华如科技,sz301302,24.16,25.02,25.06,13017900.0,24.16,14400,24.17,5400,-3.44,25.8,23.89,13017900,318590000.0,9.37,7.63,33.58,37.66,30.02,20.02,1.42
抚顺特钢,sh600399,5.78,5.86,5.83,34975600.0,5.77,308300,5.78,156100,-1.37,5.85,5.74,34975600,202050000.0,1.77,1.88,113.99,113.99,6.45,5.27,0.93
茶花股份,sh603615,20.41,20.0,20.06,4886000.0,20.41,16000,20.42,300,2.05,20.64,20.01,4886000,99600000.0,2.02,3.15,49.36,49.36,22.0,18.0,1.0
大连圣亚,sh600593,33.01,33.21,33.17,2788400.0,33.01,2800,33.02,2600,-0.6,33.25,32.44,2788400,91480000.0,2.16,2.44,42.52,43.06,36.53,29.89,0.74
超讯通信,sh603322,34.27,35.05,35.0,8259600.0,34.26,16600,34.27,5600,-2.23,35.0,33.47,8259600,281320000.0,5.24,4.37,54.0,54.0,38.56,31.55,0.43
登云股份,sz002715,15.42,15.2,15.14,3255200.0,15.35,2500,15.42,100,1.45,15.5,14.96,3255200,49460000.0,2.36,3.55,21.28,21.28,16.72,13.68,1.09
合锻智能,sh603011,21.03,21.78,21.58,16874600.0,21.02,10900,21.03,132900,-3.44,21.58,20.93,16874600,357020000.0,3.41,2.98,103.98,103.98,23.96,19.6,0.92
锦江在线,sh600650,12.46,12.79,12.73,5034700.0,12.45,9700,12.46,600,-2.58,12.78,12.37,5034700,63080000.0,1.29,3.21,48.66,68.73,14.07,11.51,1.54
模塑科技,sz000700,10.93,11.25,11.28,30954100.0,10.93,89400,10.94,18900,-2.84,11.36,10.86,30954100,341960000.0,3.37,4.44,100.34,100.34,12.38,10.13,0.81
思创智联,sz300078,3.82,3.81,3.81,21521500.0,3.82,559100,3.83,198500,0.26,3.84,3.73,21521500,81520000.0,1.93,2.89,42.53,42.7,4.57,3.05,0.96
光电股份,sh600184,24.13,25.17,24.99,48984600.0,24.13,66200,24.14,3200,-4.13,25.3,23.9,48984600,1195370000.0,8.41,5.56,140.61,140.61,27.69,22.65,1.0
雅博股份,sz002323,1.96,2.02,1.98,85602000.0,1.95,3390100,1.96,273200,-2.97,2.0,1.95,85602000,168280000.0,4.04,2.48,41.56,41.57,2.22,1.82,0.86
陕西金叶,sz000812,4.0,3.88,3.88,23544500.0,3.99,230300,4.0,168200,3.09,4.06,3.87,23544500,93770000.0,3.11,4.9,30.25,30.25,4.27,3.49,2.33
曙光股份,sh600303,3.14,3.09,3.07,22358200.0,3.13,205300,3.14,539900,1.62,3.16,3.03,22358200,69340000.0,3.31,4.21,21.21,21.47,3.4,2.78,1.08
中国一重,sh601106,4.11,4.19,4.15,63092800.0,4.11,532900,4.12,60500,-1.91,4.22,4.09,63092800,260850000.0,0.92,3.1,281.85,281.85,4.61,3.77,1.07
巨星科技,sz002444,31.58,31.36,31.31,7860300.0,31.57,1000,31.58,1900,0.7,31.78,31.18,7860300,247660000.0,0.69,1.91,362.23,377.22,34.5,28.22,0.69
新开普,sz300248,9.7,10.2,10.0,17243600.0,9.69,22800,9.7,51800,-4.9,10.18,9.41,17243600,165820000.0,4.22,7.55,39.68,46.21,12.24,8.16,2.77
北矿检测,bj920160,22.53,22.97,23.14,621000.0,22.53,4000,22.56,400,-1.92,23.14,22.51,621000,14114500.0,2.44,2.74,5.74,25.52,29.86,16.08,0.64
流金科技,bj920021,9.72,10.05,9.99,17320800.0,9.72,46400,9.73,1000,-3.28,10.04,9.64,17320800,169738600.0,7.0,3.98,24.06,30.03,13.06,7.04,0.65
七一二,sh603712,16.08,16.42,16.31,7970700.0,16.08,65500,16.09,7400,-2.07,16.39,16.04,7970700,128680000.0,1.03,2.13,124.14,124.14,18.06,14.78,0.95
麒麟信安,sh688152,34.09,34.35,34.36,104931100.0,34.09,800,34.14,9500,-0.76,34.69,33.52,104931100,35780000.0,1.02,3.41,35.05,35.05,41.22,27.48,1.11
传音控股,sh688036,54.38,54.46,54.28,897903000.0,54.38,5000,54.39,400,-0.15,55.36,54.01,897903000,490980000.0,0.78,2.48,626.01,626.01,65.35,43.57,0.79
合百集团,sz000417,6.31,6.39,6.37,10337800.0,6.31,67800,6.32,96200,-1.25,6.38,6.24,10337800,65210000.0,1.33,2.19,49.16,49.21,7.03,5.75,0.76
大唐电信,sh600198,8.15,8.12,8.08,17190800.0,8.14,3500,8.15,52500,0.37,8.26,8.05,17190800,139780000.0,1.32,2.59,106.11,106.24,8.93,7.31,1.04
精创电气,bj920035,35.67,37.0,37.2,561200.0,35.67,4600,35.68,1000,-3.59,37.21,35.67,561200,20297200.0,4.31,4.16,4.64,20.64,48.1,25.9,0.39
中钢洛耐,sh688119,5.03,5.1,5.06,1108482300.0,5.03,26800,5.04,63300,-1.37,5.1,4.97,1108482300,55610000.0,0.99,2.55,56.59,56.59,6.12,4.08,0.65
四川九洲,sz000801,13.93,14.05,13.98,11292000.0,13.93,22100,13.94,49800,-0.85,14.03,13.82,11292000,157380000.0,1.11,1.49,141.52,141.57,15.46,12.65,0.88
厦工股份,sh600815,3.88,4.07,3.93,232852800.0,3.88,206600,3.89,87100,-4.67,3.95,3.7,232852800,894950000.0,13.13,6.14,68.83,68.83,4.48,3.66,1.39
南网数字,sz301638,27.02,28.46,28.0,30555100.0,27.02,8400,27.03,129300,-5.06,28.43,27.0,30555100,837390000.0,13.0,5.02,63.49,859.14,34.15,22.77,0.83
中源家居,sh603709,18.16,19.09,19.09,14366800.0,18.16,19100,18.18,1000,-4.87,19.77,18.16,14366800,268150000.0,11.48,8.43,22.72,22.9,21.0,17.18,4.84
申昊科技,sz300853,26.09,25.85,25.81,5788900.0,26.08,7700,26.09,4400,0.93,26.35,25.5,5788900,149900000.0,5.89,3.29,25.65,38.34,31.02,20.68,0.69
崇德科技,sz301548,80.3,84.03,84.0,3407800.0,80.29,100,80.3,500,-4.44,84.99,79.7,3407800,276700000.0,12.99,6.3,21.07,69.86,100.84,67.22,0.97
卓胜微,sz300782,102.7,104.78,104.15,24030200.0,102.7,15500,102.72,800,-1.99,105.55,102.1,24030200,2488140000.0,5.36,3.29,460.35,549.39,125.74,83.82,0.75
东望时代,sh600052,4.3,4.58,4.9,122375700.0,4.3,52800,4.31,5700,-6.11,4.9,4.28,122375700,565370000.0,14.5,13.54,36.3,36.3,5.04,4.12,3.5
中锐股份,sz002374,3.11,3.09,3.08,17192300.0,3.1,221800,3.11,28600,0.65,3.13,3.05,17192300,53090000.0,1.58,2.59,33.75,33.75,3.4,2.78,0.8
罗曼股份,sh605289,129.35,128.9,129.9,3313900.0,129.34,400,129.39,500,0.35,134.09,127.53,3313900,431110000.0,3.06,5.09,140.13,141.0,141.79,116.01,0.77
雷尔伟,sz301016,23.32,23.57,23.57,2115200.0,23.32,1700,23.33,100,-1.06,23.66,23.12,2115200,49430000.0,1.01,2.29,48.83,50.93,28.28,18.86,0.76
万朗磁塑,sh603150,59.35,60.1,60.1,2362700.0,59.35,1200,59.38,3700,-1.25,61.37,59.0,2362700,141840000.0,2.76,3.94,50.73,50.73,66.11,54.09,0.85
华安鑫创,sz300928,29.87,29.59,29.12,1479000.0,29.87,200,29.9,2300,0.95,30.19,29.11,1479000,43840000.0,2.76,3.65,16.01,23.9,35.51,23.67,1.18
一致魔芋,bj920273,23.45,24.05,24.05,2391200.0,23.45,6000,23.47,500,-2.49,24.4,23.18,2391200,57402400.0,3.48,5.07,16.1,24.19,31.26,16.84,0.98
海昌新材,sz300885,23.65,24.22,24.2,4866500.0,23.65,15700,23.66,1000,-2.35,24.46,23.49,4866500,115810000.0,2.91,4.0,39.5,58.69,29.06,19.38,0.61
雪人集团,sz002639,18.04,18.37,18.11,41396800.0,18.04,124800,18.05,50400,-1.8,18.46,17.86,41396800,749020000.0,6.36,3.27,117.37,139.38,20.21,16.53,0.59
联建光电,sz300269,6.7,6.84,6.74,25464900.0,6.7,33800,6.71,129500,-2.05,6.83,6.53,25464900,169030000.0,4.84,4.39,35.22,36.79,8.21,5.47,0.9
花溪科技,bj920895,16.5,17.02,16.9,618500.0,16.41,1700,16.5,200,-3.06,17.11,16.39,618500,10271800.0,2.15,4.23,4.74,9.33,22.12,11.92,0.97
香飘飘,sh603711,12.35,12.38,12.32,1297100.0,12.33,1600,12.35,10100,-0.24,12.37,12.21,1297100,15930000.0,0.31,1.29,50.99,50.99,13.62,11.14,1.03
凤形股份,sz002760,22.06,22.21,22.43,5160600.0,22.06,28600,22.08,400,-0.68,22.43,21.5,5160600,113270000.0,4.78,4.19,23.82,23.82,24.43,19.99,0.91
安车检测,sz300572,27.84,28.43,28.44,4033500.0,27.83,700,27.86,700,-2.08,28.44,27.68,4033500,112670000.0,2.2,2.67,51.11,63.75,34.12,22.74,0.67
泰永长征,sz002927,17.42,17.81,17.67,5856100.0,17.41,8400,17.42,5800,-2.19,17.77,17.14,5856100,102010000.0,2.65,3.54,38.45,38.88,19.59,16.03,0.74
谱尼测试,sz300887,9.48,9.67,9.62,9391300.0,9.48,16500,9.49,33500,-1.96,9.67,9.46,9391300,89690000.0,2.59,2.17,34.34,51.74,11.6,7.74,0.96
汇绿生态,sz001267,50.3,50.92,51.82,89821400.0,50.3,98700,50.31,79300,-1.22,53.65,48.18,89821400,4584630000.0,14.83,10.74,304.64,394.94,56.01,45.83,1.26
四方精创,sz300468,29.0,29.67,29.7,17603300.0,29.0,97300,29.01,17700,-2.26,29.85,28.95,17603300,514190000.0,3.32,3.03,153.64,153.89,35.6,23.74,0.7
梅安森,sz300275,11.14,10.95,10.95,8344100.0,11.14,3700,11.15,33800,1.74,11.39,10.88,8344100,92830000.0,3.07,4.66,30.24,34.31,13.14,8.76,2.01
锦泓集团,sh603518,9.03,9.06,8.98,5888400.0,9.03,15400,9.04,2000,-0.33,9.08,8.82,5888400,52870000.0,1.71,2.87,31.07,31.19,9.97,8.15,1.39
智新电子,bj920212,11.88,11.98,11.9,638000.0,11.86,2300,11.88,2600,-0.83,12.07,11.77,638000,7620100.0,1.24,2.5,6.13,12.6,15.57,8.39,0.61
铭普光磁,sz002902,26.01,27.02,26.52,29745300.0,26.01,49300,26.02,33200,-3.74,27.01,25.77,29745300,779460000.0,16.75,4.59,46.2,61.13,29.72,24.32,0.69
龙元建设,sh600491,1.93,2.01,2.01,59055500.0,1.93,1290900,1.94,286700,-3.98,2.01,1.91,59055500,115630000.0,3.86,4.98,29.52,29.52,2.21,1.81,0.73
如意集团,sz002193,6.2,6.17,6.17,7084800.0,6.19,1000,6.2,1500,0.49,6.25,6.07,7084800,43630000.0,2.71,2.92,16.23,16.23,6.79,5.55,0.86
芭薇股份,bj920123,13.64,13.81,13.69,1865700.0,13.63,1600,13.64,100,-1.23,13.85,13.46,1865700,25444800.0,2.93,2.82,8.68,15.21,17.95,9.67,1.23
夜光明,bj920527,17.29,17.64,17.52,266600.0,17.29,600,17.35,5800,-1.98,17.7,17.2,266600,4642800.0,0.73,2.83,6.28,10.38,22.93,12.35,0.37
豪悦护理,sh605009,28.48,28.68,28.67,705800.0,28.48,100,28.5,1600,-0.7,28.73,28.25,705800,20120000.0,0.33,1.67,61.24,61.25,31.55,25.81,0.74
中海达,sz300177,7.8,7.96,7.95,8904200.0,7.8,86200,7.81,62000,-2.01,7.95,7.75,8904200,69560000.0,1.47,2.51,47.29,58.05,9.55,6.37,0.82
美邦服饰,sz002269,1.56,1.6,1.59,52332200.0,1.56,2801200,1.57,211600,-2.5,1.59,1.55,52332200,81910000.0,2.08,2.5,39.2,39.2,1.76,1.44,1.44
日月明,sz300906,35.26,35.0,34.7,1673300.0,35.26,2200,35.33,1000,0.74,35.36,34.3,1673300,58330000.0,2.32,3.03,25.45,28.21,42.0,28.0,0.48
兴民智通,sz002355,5.91,6.0,5.98,15182700.0,5.91,21300,5.92,104300,-1.5,6.0,5.86,15182700,89750000.0,2.46,2.33,36.53,39.51,6.6,5.4,0.72
均瑶健康,sh605388,6.78,7.46,7.25,53636700.0,6.78,112000,6.79,49100,-9.12,7.32,6.78,53636700,375860000.0,8.93,7.24,40.71,40.71,8.21,6.71,0.8
中天服务,sz002188,6.35,6.32,6.27,11609000.0,6.35,33200,6.37,35300,0.47,6.44,6.18,11609000,73420000.0,4.51,4.11,16.34,20.77,6.95,5.69,1.07
福龙马,sh603686,18.66,18.68,18.55,10019800.0,18.66,61300,18.67,59900,-0.11,18.85,18.46,10019800,186910000.0,2.41,2.09,77.52,77.52,20.55,16.81,0.84
步科股份,sh688160,104.78,105.0,104.83,154804000.0,104.78,1500,105.0,700,-0.21,106.32,103.5,154804000,162500000.0,1.7,2.69,95.17,95.17,126.0,84.0,0.75
桂林旅游,sz000978,6.91,7.12,7.05,28245300.0,6.91,197500,6.92,172800,-2.95,7.08,6.88,28245300,195630000.0,6.03,2.81,32.35,32.35,7.83,6.41,0.62
桂冠电力,sh600236,9.75,10.15,10.04,23829600.0,9.74,446100,9.75,40400,-3.94,10.05,9.74,23829600,234850000.0,0.3,3.05,768.53,768.53,11.17,9.14,0.92
家家悦,sh603708,10.79,10.9,10.86,4919600.0,10.79,9300,10.8,10400,-1.01,10.89,10.74,4919600,53170000.0,0.77,1.38,68.88,68.88,11.99,9.81,0.73
首旅酒店,sh600258,15.12,15.23,15.15,11140900.0,15.11,24300,15.12,4300,-0.72,15.22,14.96,11140900,167880000.0,1.0,1.71,168.83,168.83,16.75,13.71,0.63
*ST金泰,sz300225,6.83,6.5,6.55,23230700.0,6.82,100200,6.83,79400,5.08,6.86,6.51,23230700,155650000.0,4.89,5.38,32.45,32.47,7.8,5.2,0.79
科博达,sh603786,53.01,53.81,53.73,3661100.0,53.01,13600,53.02,200,-1.49,54.19,52.9,3661100,195100000.0,0.91,2.4,214.08,214.08,59.19,48.43,0.92
晓鸣股份,sz300967,16.1,16.55,16.56,5548000.0,16.1,4200,16.11,16900,-2.72,16.66,16.01,5548000,89590000.0,4.45,3.93,20.09,30.2,19.86,13.24,0.77
启明信息,sz002232,17.61,18.09,18.03,6548200.0,17.61,30300,17.62,15800,-2.65,18.08,17.58,6548200,116650000.0,1.6,2.76,71.95,71.95,19.9,16.28,1.49
邵阳液压,sz301079,44.3,43.7,44.58,14688700.0,44.3,25900,44.31,300,1.37,47.27,43.51,14688700,661480000.0,19.09,8.6,34.08,48.26,52.44,34.96,0.84
大众公用,sh600635,5.33,5.47,5.43,53465500.0,5.33,771400,5.34,233000,-2.56,5.48,5.3,53465500,286400000.0,2.21,3.29,128.92,157.36,6.02,4.92,1.36
华夏幸福,sh600340,1.26,1.3,1.28,56229700.0,1.26,10350100,1.27,2774200,-3.08,1.29,1.26,56229700,71390000.0,1.44,2.31,49.06,49.31,1.43,1.17,0.59
顾地科技,sz002694,2.96,2.86,2.85,18082800.0,2.96,3600,2.97,124400,3.5,2.99,2.84,18082800,52890000.0,2.52,5.24,21.28,22.59,3.15,2.57,1.27
长盈精密,sz300115,32.46,32.82,32.98,37458900.0,32.46,65200,32.47,20300,-1.1,33.31,32.16,37458900,1223520000.0,2.76,3.5,440.58,441.89,39.38,26.26,0.76
优刻得-W,sh688158,49.2,50.08,50.2,5983825300.0,49.2,36200,49.21,2000,-1.76,51.95,47.86,5983825300,2975680000.0,14.76,8.17,199.49,224.5,60.1,40.06,1.16
尚纬股份,sh603333,8.01,8.12,8.1,8774000.0,8.01,39300,8.02,32700,-1.35,8.2,7.96,8774000,70720000.0,1.41,2.96,49.78,49.78,8.93,7.31,0.75
启迪环境,sz000826,1.86,1.87,1.85,40440400.0,1.85,591800,1.86,83300,-0.53,1.87,1.81,40440400,73940000.0,2.84,3.21,26.51,26.51,2.06,1.68,0.85
振芯科技,sz300101,22.03,22.77,22.41,18814800.0,22.02,21300,22.03,20900,-3.25,22.62,21.88,18814800,416360000.0,3.32,3.25,124.7,125.11,27.32,18.22,0.63
高新兴,sz300098,5.17,5.19,5.17,27901300.0,5.17,148000,5.18,249000,-0.39,5.21,5.11,27901300,143820000.0,1.81,1.93,79.71,89.84,6.23,4.15,0.73
腾达科技,sz001379,20.68,21.39,21.28,3038500.0,20.68,2600,20.69,400,-3.32,21.56,20.45,3038500,62810000.0,4.51,5.19,13.92,41.36,23.53,19.25,1.9
慧为智能,bj920876,24.59,24.89,24.87,1157800.0,24.59,1800,24.61,3800,-1.21,25.1,24.1,1157800,28542800.000000004,2.95,4.02,9.65,15.78,32.35,17.43,0.76
大名城,sh600094,4.71,4.83,4.83,26149200.0,4.71,469400,4.72,100700,-2.48,4.85,4.67,26149200,123800000.0,1.23,3.73,100.15,109.51,5.31,4.35,0.89
金溢科技,sz002869,21.22,20.98,21.15,2725700.0,21.21,13600,21.22,4400,1.14,21.32,20.9,2725700,57520000.0,1.73,2.0,33.43,37.54,23.08,18.88,0.75
恒太照明,bj920339,8.13,8.25,8.22,514600.0,8.13,700,8.14,14300,-1.45,8.22,8.07,514600,4177799.9999999995,0.34,1.82,12.29,17.9,10.72,5.78,0.44
科隆新材,bj920098,26.05,26.33,26.39,399700.0,26.05,1200,26.06,600,-1.06,26.54,25.91,399700,10454400.0,0.72,2.39,14.43,21.18,34.22,18.44,0.38
永辉超市,sh601933,3.78,3.87,3.81,129311800.0,3.78,3240700,3.79,1276200,-2.33,3.83,3.76,129311800,489520000.0,1.42,1.81,343.04,343.04,4.26,3.48,0.54
航发科技,sh600391,38.95,40.7,40.52,14334400.0,38.94,21200,38.95,1800,-4.3,40.87,38.82,14334400,563440000.0,4.34,5.04,128.59,128.59,44.77,36.63,0.75
方正电机,sz002196,14.17,14.03,14.01,28272700.0,14.16,40100,14.17,134600,1.0,14.35,13.9,28272700,400320000.0,5.79,3.21,69.21,70.27,15.43,12.63,0.97
金沃股份,sz300984,59.2,59.78,59.55,2497200.0,59.2,9900,59.28,5200,-0.97,60.33,58.1,2497200,147450000.0,2.82,3.73,52.45,73.1,71.74,47.82,0.89
佳华科技,sh688051,37.41,39.19,38.4,314218200.0,37.41,900,37.49,700,-4.54,38.82,36.48,314218200,117430000.0,4.06,5.97,28.93,28.93,47.03,31.35,1.67
百利电气,sh600468,7.77,8.1,8.01,36205300.0,7.76,164800,7.77,99600,-4.07,8.09,7.75,36205300,284010000.0,3.33,4.2,84.52,84.52,8.91,7.29,0.88
香江控股,sh600162,1.74,1.75,1.75,28368400.0,1.73,564500,1.74,196800,-0.57,1.76,1.71,28368400,49150000.0,0.87,2.86,56.87,56.87,1.93,1.58,0.98
骏创科技,bj920533,23.28,23.6,23.52,1121200.0,23.27,11500,23.28,500,-1.36,23.94,23.14,1121200,26248300.0,1.53,3.39,17.03,30.44,30.68,16.52,0.44
海联金汇,sz002537,7.51,7.71,7.67,32851300.0,7.51,240300,7.52,117000,-2.59,7.7,7.44,32851300,247050000.0,2.81,3.37,87.81,88.17,8.48,6.94,1.42
兴源环境,sz300266,2.46,2.39,2.39,25414200.0,2.46,473800,2.47,486000,2.93,2.48,2.34,25414200,61360000.0,1.64,5.86,38.2,38.22,2.87,1.91,1.87
精艺股份,sz002295,10.84,10.69,10.68,2858400.0,10.83,3300,10.84,4200,1.4,10.89,10.52,2858400,30660000.0,1.14,3.46,27.13,27.17,11.76,9.62,0.78
众望布艺,sh605003,27.69,27.32,27.13,1019600.0,27.65,5600,27.7,1100,1.35,27.88,26.97,1019600,27980000.0,0.93,3.33,30.46,30.46,30.05,24.59,0.71
国新健康,sz000503,7.35,7.57,7.49,17937100.0,7.35,113900,7.36,93900,-2.91,7.55,7.25,17937100,131930000.0,1.83,3.96,71.97,71.98,8.33,6.81,1.09
全 聚 德,sz002186,10.59,10.3,10.41,9119200.0,10.58,16500,10.59,10300,2.82,10.68,10.33,9119200,96180000.0,2.97,3.4,32.49,32.5,11.33,9.27,1.95
麦迪科技,sh603990,15.42,14.83,14.9,21814200.0,15.41,8100,15.42,28300,3.98,15.6,14.7,21814200,334360000.0,7.12,6.07,47.23,47.23,16.31,13.35,1.87
天顺股份,sz002800,18.09,17.68,17.6,4928100.0,18.08,8300,18.09,8000,2.32,18.28,17.5,4928100,88600000.0,3.33,4.41,26.74,27.54,19.45,15.91,0.83
华峰化学,sz002064,11.55,11.36,11.37,50418800.0,11.55,99200,11.56,16000,1.67,11.91,11.37,50418800,587330000.0,1.02,4.75,571.95,573.17,12.5,10.22,1.28
万隆光电,sz300710,28.2,28.61,28.61,2443000.0,28.2,3200,28.23,2700,-1.43,28.7,27.79,2443000,68640000.0,3.28,3.18,21.03,28.06,34.33,22.89,0.74
*ST亚太,sz000691,7.41,7.49,7.49,4510900.0,7.4,38200,7.41,5200,-1.07,7.56,7.38,4510900,33620000.0,1.4,2.4,23.95,35.93,7.86,7.12,0.83
首都在线,sz300846,28.48,29.01,28.75,50564600.0,28.47,54300,28.48,2300,-1.83,29.08,27.19,50564600,1421590000.0,12.9,6.51,111.64,143.22,34.81,23.21,1.14
大禹生物,bj920970,7.07,7.28,7.21,2432100.0,7.07,1100,7.1,4300,-2.88,7.29,7.06,2432100,17432600.0,3.47,3.16,4.95,7.83,9.46,5.1,0.46
澄天伟业,sz300689,50.73,52.1,50.01,2748600.0,50.73,400,50.74,100,-2.63,51.51,49.01,2748600,139340000.0,2.72,4.8,51.33,58.64,62.52,41.68,0.92
北辰实业,sh601588,1.74,1.77,1.78,53786300.0,1.73,1932400,1.74,145400,-1.69,1.78,1.72,53786300,93630000.0,2.02,3.39,46.28,58.59,1.95,1.59,0.62
天龙股份,sh603266,20.11,20.4,20.2,3111800.0,20.11,16100,20.13,3600,-1.42,20.37,19.94,3111800,62590000.0,1.56,2.11,40.0,40.0,22.44,18.36,0.75
金陵饭店,sh601007,8.28,8.47,8.46,19278000.0,8.28,36800,8.29,20400,-2.24,8.5,8.18,19278000,159420000.0,4.94,3.78,32.29,32.29,9.32,7.62,0.7
金石亚药,sz300434,11.51,10.37,11.8,69701500.0,11.51,4600,11.52,96500,10.99,12.39,11.3,69701500,823580000.0,20.37,10.51,39.38,46.24,12.44,8.3,10.82
跨境通,sz002640,3.35,3.34,3.33,31143800.0,3.34,267300,3.35,767100,0.3,3.35,3.28,31143800,103180000.0,2.01,2.1,51.87,52.19,3.67,3.01,0.8
瑞奇智造,bj920781,7.4,7.57,7.6,1252300.0,7.4,160600,7.42,1400,-2.25,7.6,7.4,1252300,9347900.0,1.23,2.64,7.56,11.44,9.84,5.3,0.63
东信和平,sz002017,18.53,18.95,18.82,10817600.0,18.53,2700,18.54,23700,-2.22,18.92,18.46,10817600,201250000.0,1.86,2.43,107.49,107.55,20.85,17.06,1.13
科润智控,bj920062,10.1,10.36,10.33,3263100.0,10.1,24100,10.11,5200,-2.51,10.38,10.1,3263100,33240900.0,2.44,2.7,13.48,19.06,13.46,7.26,0.61
瑞贝卡,sh600439,2.5,2.45,2.44,16827500.0,2.49,239700,2.5,15500,2.04,2.54,2.43,16827500,41740000.0,1.49,4.49,28.3,28.3,2.7,2.21,1.06
*ST天箭,sz002977,28.98,30.51,28.98,650600.0,0.0,0,28.98,6578800,-5.01,28.98,28.98,650600,18850000.0,0.98,0.0,19.31,34.81,32.04,28.98,0.23
金陵体育,sz300651,28.79,28.52,28.24,15970800.0,28.78,21200,28.79,49800,0.95,29.99,28.03,15970800,466040000.0,18.27,6.87,25.17,40.65,34.22,22.82,1.08
森鹰窗业,sz301227,31.26,32.21,32.09,1577600.0,31.21,3700,31.26,200,-2.95,32.42,30.85,1577600,49570000.0,2.91,4.87,16.92,29.77,38.65,25.77,0.51
*ST赛隆,sz002898,10.19,10.73,10.19,1199300.0,0.0,0,10.19,4368600,-5.03,10.19,10.19,1199300,12220000.0,1.18,0.0,10.32,17.93,11.27,10.19,1.99
中天科技,sh600522,33.21,34.07,34.0,209921100.0,33.21,19500,33.22,59000,-2.52,34.5,32.58,209921100,7002740000.0,6.15,5.64,1133.44,1133.44,37.48,30.66,0.77
迅游科技,sz300467,31.36,31.81,31.46,5480000.0,31.36,16000,31.38,2700,-1.41,31.75,30.45,5480000,170390000.0,3.25,4.09,52.86,63.73,38.17,25.45,1.57
建设机械,sh600984,3.98,4.08,4.08,56195500.0,3.98,8500,3.99,93300,-2.45,4.42,3.96,56195500,233030000.0,4.47,11.27,50.03,50.03,4.49,3.67,2.53
许昌智能,bj920496,9.05,9.22,9.2,1865700.0,9.05,2700,9.06,6700,-1.84,9.41,9.03,1865700,16991300.0,1.29,4.12,13.12,14.98,11.98,6.46,0.7
嘉诚国际,sh603535,8.11,8.16,8.09,4404300.0,8.09,6000,8.11,1200,-0.61,8.15,7.98,4404300,35470000.0,0.86,2.08,41.44,41.44,8.98,7.34,1.39
汇成股份,sh688403,16.08,16.35,16.34,3975020400.0,16.08,60600,16.09,5300,-1.65,16.6,15.95,3975020400,644000000.0,4.11,3.98,155.4,155.4,19.62,13.08,0.58
金信诺,sz300252,14.59,15.02,14.94,25777600.0,14.59,61200,14.6,65500,-2.86,14.95,14.46,25777600,377420000.0,4.61,3.26,81.53,96.61,18.02,12.02,0.61
新国都,sz300130,22.86,23.11,23.03,7067000.0,22.86,5000,22.87,6600,-1.08,23.18,22.55,7067000,161150000.0,1.63,2.73,99.25,129.68,27.73,18.49,0.73
科信技术,sz300565,12.65,12.51,12.82,16762000.0,12.65,107600,12.66,89300,1.12,13.1,12.65,16762000,215180000.0,7.35,3.6,28.87,31.59,15.01,10.01,0.79
云中马,sh603130,48.68,48.23,48.23,4054600.0,48.67,2000,48.68,1600,0.93,50.58,48.01,4054600,200600000.0,2.95,5.33,66.94,66.94,53.05,43.41,0.7
晨光电缆,bj920639,7.69,7.76,7.73,1690400.0,7.69,2300,7.7,3700,-0.9,7.8,7.67,1690400,13044700.0,1.42,1.68,9.13,15.5,10.08,5.44,0.52
上工申贝,sh600843,8.35,8.59,8.4,17759800.0,8.34,29100,8.35,208100,-2.79,8.46,8.16,17759800,147150000.0,3.78,3.49,39.18,59.55,9.45,7.73,1.53
济高发展,sh600807,2.9,2.88,2.86,14516900.0,2.89,44100,2.9,238100,0.69,2.91,2.84,14516900,41600000.0,1.84,2.43,22.82,25.65,3.17,2.59,1.06
康比特,bj920429,13.08,13.61,13.54,2164900.0,13.08,1200,13.09,800,-3.89,13.54,13.01,2164900,28387800.000000004,1.91,3.89,14.85,16.28,17.69,9.53,1.02
西部牧业,sz300106,10.77,10.63,10.61,26485400.0,10.75,200,10.77,11100,1.32,10.93,10.4,26485400,283780000.0,12.53,4.99,22.76,22.76,12.76,8.5,2.53
友阿股份,sz002277,5.72,5.86,5.82,16059500.0,5.72,75400,5.73,205700,-2.39,5.86,5.7,16059500,92470000.0,1.15,2.73,79.75,79.75,6.45,5.27,0.74
中国铀业,sz001280,83.08,82.59,81.59,8544000.0,83.07,2900,83.08,18700,0.59,83.86,81.24,8544000,708720000.0,5.4,3.17,131.34,1718.25,90.85,74.33,0.72
祥源文旅,sh600576,5.81,5.88,5.83,11155800.0,5.8,66100,5.81,4500,-1.19,5.88,5.73,11155800,64630000.0,1.69,2.55,38.37,61.27,6.47,5.29,0.96
常辅股份,bj920396,29.11,29.77,29.77,1130400.0,29.11,7900,29.14,11200,-2.22,29.8,29.03,1130400,33053100.0,2.2,2.59,14.94,21.02,38.7,20.84,0.67
技源集团,sh603262,25.57,26.04,25.98,1087900.0,25.52,700,25.57,1000,-1.8,26.07,25.38,1087900,27860000.0,2.72,2.65,10.23,102.28,28.64,23.44,0.77
长白山,sh603099,33.64,34.62,34.6,5080100.0,33.63,2600,33.64,18100,-2.83,34.61,33.5,5080100,172040000.0,1.91,3.21,89.71,91.62,38.08,31.16,1.04
优机股份,bj920943,20.12,20.54,20.59,848800.0,20.11,2700,20.12,3300,-2.04,20.6,20.11,848800,17186100.0,1.64,2.39,10.42,20.43,26.7,14.38,0.55
全信股份,sz300447,20.46,20.84,20.71,11423700.0,20.46,10200,20.47,8400,-1.82,21.06,20.24,11423700,234620000.0,5.67,3.93,41.22,63.9,25.01,16.67,0.71
大地海洋,sz301068,35.66,38.07,38.5,3482000.0,35.66,49300,35.68,500,-6.33,39.5,34.76,3482000,126040000.0,3.46,12.45,35.94,50.39,45.68,30.46,1.04
恒逸石化,sz000703,14.97,14.98,14.88,49653800.0,14.96,8200,14.97,4200,-0.07,15.24,14.54,49653800,738430000.0,1.31,4.67,569.15,572.02,16.48,13.48,0.9
华是科技,sz301218,33.72,34.83,34.55,3577400.0,33.72,5200,33.73,2700,-3.19,34.66,33.28,3577400,120760000.0,5.11,3.96,23.63,38.45,41.8,27.86,1.07
美硕科技,sz301295,46.51,46.25,46.25,4067200.0,46.5,700,46.51,2200,0.56,47.25,44.45,4067200,186230000.0,13.83,6.05,13.67,46.88,55.5,37.0,0.97
拉卡拉,sz300773,26.68,27.05,26.88,33611100.0,26.68,40800,26.69,44500,-1.37,26.96,26.35,33611100,894930000.0,4.58,2.26,195.98,207.21,32.46,21.64,0.49
*ST云创,bj920305,5.48,5.52,5.53,5144600.0,5.47,25500,5.48,37800,-0.72,5.76,5.47,5144600,28707000.0,6.34,5.25,4.44,7.25,7.17,3.87,0.88
新晨科技,sz300542,15.49,15.39,15.45,3782000.0,15.48,2700,15.49,5600,0.65,15.64,15.17,3782000,58220000.0,1.53,3.05,38.36,46.25,18.47,12.31,0.94
云南旅游,sz002059,4.98,4.92,4.9,8762000.0,4.98,133400,4.99,212300,1.22,4.98,4.85,8762000,43130000.0,0.89,2.64,48.96,50.42,5.41,4.43,0.5
南 京 港,sz002040,9.85,9.81,9.92,8237300.0,9.84,17600,9.85,37400,0.41,9.96,9.77,8237300,81280000.0,1.69,1.94,47.88,48.06,10.79,8.83,1.12
科蓝软件,sz300663,12.83,12.92,12.88,12119300.0,12.82,8300,12.83,47900,-0.7,13.06,12.64,12119300,155590000.0,2.64,3.25,58.97,61.39,15.5,10.34,1.3
ST葫芦娃,sh605199,6.67,6.63,6.6,1132900.0,6.67,27100,6.68,5400,0.6,6.68,6.56,1132900,7510000.0,0.28,1.81,26.69,26.69,6.96,6.3,0.54
迪尔化工,bj920304,12.0,11.99,12.1,2048000.0,11.99,3500,12.0,11900,0.08,12.25,11.9,2048000,24733200.0,1.5,2.92,16.37,20.34,15.58,8.4,0.77
德昌股份,sh605555,16.35,16.25,16.21,5166600.0,16.34,1400,16.35,5100,0.62,16.43,15.92,5166600,83910000.0,1.07,3.14,79.15,79.15,17.88,14.63,1.17
海川智能,sz300720,67.8,70.45,69.22,13236100.0,67.79,1300,67.8,6100,-3.76,71.22,65.6,13236100,895560000.0,7.58,7.98,118.41,132.13,84.54,56.36,1.04
数字人,bj920670,16.95,17.27,17.22,2518600.0,16.95,8600,16.96,14400,-1.85,17.36,16.7,2518600,42703700.0,3.78,3.82,11.29,18.0,22.45,12.09,0.6
*ST绿康,sz002868,38.72,39.1,39.0,737800.0,38.7,500,38.72,100,-0.97,39.0,37.5,737800,28420000.0,0.69,3.84,41.43,60.18,41.06,37.15,1.03
森远股份,sz300210,9.04,9.11,9.09,7757400.0,9.03,13600,9.04,31100,-0.77,9.15,8.92,7757400,69900000.0,1.6,2.52,43.77,43.77,10.93,7.29,0.72
殷图网联,bj920508,19.43,20.01,20.05,645800.0,19.43,5600,19.44,1400,-2.9,20.07,19.36,645800,12627800.0,2.02,3.55,6.2,11.66,26.01,14.01,0.99
新奥股份,sh600803,21.2,20.97,21.06,12364600.0,21.2,600,21.21,4700,1.1,21.58,20.83,12364600,263310000.0,0.4,3.58,651.21,656.31,23.07,18.87,1.27
云里物里,bj920374,19.92,20.32,20.36,602100.0,19.85,300,19.92,4200,-1.97,20.36,19.8,602100,12014600.0,1.77,2.76,6.8,16.24,26.41,14.23,0.57
创源股份,sz300703,18.1,18.99,18.81,8981200.0,18.1,9300,18.11,19400,-4.69,18.94,18.0,8981200,164790000.0,5.4,4.95,30.1,32.65,22.79,15.19,0.51
景兴纸业,sz002067,4.72,4.86,4.82,31762800.0,4.71,609500,4.72,4500,-2.88,4.84,4.71,31762800,150780000.0,2.37,2.67,63.13,69.61,5.35,4.37,0.66
泰尔股份,sz002347,7.85,8.03,7.94,19966200.0,7.84,116500,7.85,3000,-2.24,8.03,7.77,19966200,156870000.0,4.05,3.24,38.73,39.62,8.83,7.23,0.81
百大集团,sh600865,10.99,11.43,11.28,11934500.0,10.99,10700,11.0,19000,-3.85,11.4,10.89,11934500,132140000.0,3.17,4.46,41.35,41.35,12.57,10.29,1.57
马可波罗,sz001386,18.85,19.48,19.46,6247300.0,18.85,26500,18.86,23700,-3.23,19.46,18.76,6247300,118650000.0,5.81,3.59,20.27,225.24,21.43,17.53,1.16
雷科防务,sz002413,13.55,14.1,13.95,113201700.0,13.54,215600,13.55,131700,-3.9,14.18,13.51,113201700,1554390000.0,8.74,4.75,175.53,178.77,15.51,12.69,0.6
路德科技,sh688156,25.15,25.42,26.3,550109300.0,25.15,1200,25.17,700,-1.06,26.3,24.82,550109300,139510000.0,5.46,5.82,25.33,25.33,30.5,20.34,1.27
路畅科技,sz002813,27.63,27.08,26.99,2727700.0,27.63,4500,27.64,6400,2.03,27.87,26.8,2727700,75120000.0,2.28,3.95,33.12,33.16,29.79,24.37,0.71
同德化工,sz002360,6.02,6.4,6.2,40225500.0,6.01,6400,6.02,6700,-5.94,6.22,5.84,40225500,241890000.0,12.28,5.94,19.72,24.19,7.04,5.76,1.37
华尔泰,sz001217,11.99,11.98,11.9,4296700.0,11.99,9600,12.0,13700,0.08,12.1,11.82,4296700,51420000.0,1.31,2.34,39.35,39.79,13.18,10.78,0.88
路斯股份,bj920419,13.42,13.78,13.81,629700.0,13.41,17300,13.42,13000,-2.61,13.85,13.4,629700,8522900.0,0.65,3.27,12.98,13.86,17.91,9.65,0.56
晶雪节能,sz301010,20.6,20.36,20.29,2332600.0,20.6,1600,20.7,3300,1.18,20.79,19.96,2332600,47690000.0,2.16,4.08,22.25,22.25,24.43,16.29,1.3
海航科技,sh600751,3.67,3.67,3.68,31511800.0,3.67,217700,3.68,405500,0.0,3.69,3.59,31511800,114800000.0,1.22,2.72,94.44,106.41,4.04,3.3,0.79
申达股份,sh600626,3.87,3.87,3.83,11033100.0,3.87,88300,3.88,20000,0.0,3.9,3.81,11033100,42510000.0,1.0,2.33,42.88,51.11,4.26,3.48,1.09
三丰智能,sz300276,7.18,7.33,7.28,21970200.0,7.18,69700,7.19,350200,-2.05,7.3,7.15,21970200,158180000.0,2.08,2.05,75.9,100.59,8.8,5.86,0.58
中天精装,sz002989,24.85,25.11,25.0,1961000.0,24.85,7900,24.88,500,-1.04,25.21,24.58,1961000,48740000.0,1.07,2.51,45.56,50.1,27.62,22.6,0.47
御银股份,sz002177,7.51,7.34,7.49,52350400.0,7.5,176500,7.51,80200,2.32,7.63,7.42,52350400,393220000.0,7.76,2.86,50.69,57.17,8.07,6.61,1.05
铂力特,sh688333,82.42,85.03,85.5,856260300.0,82.41,5500,82.42,9400,-3.07,85.5,81.55,856260300,709710000.0,3.12,4.65,226.1,226.1,102.04,68.02,0.61
ST新华锦,sh600735,6.73,6.73,0.0,0.0,0.0,0,0.0,0,0.0,0.0,0.0,0,0.0,0.0,0.0,28.63,28.86,7.07,6.39,0.0
长城电工,sh600192,8.17,8.15,8.1,4901400.0,8.17,74400,8.18,30100,0.25,8.22,8.03,4901400,39930000.0,1.11,2.33,36.09,36.09,8.97,7.34,0.81
*ST天龙,sz300029,3.6,3.52,3.52,7249800.0,3.6,38300,3.61,38400,2.27,3.67,3.4,7249800,25680000.0,3.62,7.67,7.21,7.22,4.22,2.82,1.04
巨轮智能,sz002031,5.8,5.95,5.94,39574800.0,5.8,1257700,5.81,190000,-2.52,5.94,5.79,39574800,231090000.0,2.04,2.52,112.45,127.56,6.55,5.36,1.13
仁度生物,sh688193,60.4,58.0,58.02,183102500.0,60.4,800,60.5,200,4.14,61.0,56.92,183102500,109140000.0,4.57,7.03,24.2,24.2,69.6,46.4,1.83
帝科股份,sz300842,84.5,85.64,85.68,5928600.0,84.49,4500,84.5,2200,-1.33,86.5,84.23,5928600,505230000.0,4.59,2.65,109.11,122.76,102.77,68.51,1.05
骏亚科技,sh603386,14.03,14.16,14.08,4648600.0,14.02,200,14.03,14800,-0.92,14.26,13.92,4648600,65350000.0,1.42,2.4,45.78,45.78,15.58,12.74,0.82
百洋股份,sz002696,6.8,6.74,6.73,5839300.0,6.79,12200,6.8,11200,0.89,6.84,6.67,5839300,39440000.0,1.75,2.52,22.75,23.55,7.41,6.07,0.92
凤凰航运,sz000520,3.89,3.91,3.9,13566400.0,3.88,500,3.89,11600,-0.51,3.92,3.8,13566400,52190000.0,1.34,3.07,39.37,39.37,4.3,3.52,0.82
太湖雪,bj920262,20.17,20.4,20.33,441800.0,20.14,100,20.17,2100,-1.13,20.37,20.08,441800,8925400.0,1.42,1.42,6.29,13.94,26.52,14.28,0.59
七丰精工,bj920169,29.19,29.78,29.94,1379000.0,29.18,5200,29.19,3000,-1.98,29.94,29.09,1379000,40415400.0,2.71,2.85,14.83,23.59,38.71,20.85,0.52
中科星图,sh688568,60.35,62.61,62.28,1410285100.0,60.35,4700,60.39,1000,-3.61,62.33,59.7,1410285100,854600000.0,1.75,4.2,487.68,487.68,75.13,50.09,0.91
一品红,sz300723,37.49,34.55,35.17,38202500.0,37.49,6800,37.5,33700,8.51,39.22,33.4,38202500,1411780000.0,9.11,16.85,157.15,169.34,41.46,27.64,3.58
盖世食品,bj920826,10.47,10.67,10.61,1853400.0,10.47,10500,10.48,2700,-1.87,10.67,10.42,1853400,19486100.0,2.97,2.34,6.54,14.71,13.87,7.47,0.55
坤恒顺维,sh688283,45.88,47.3,47.49,205927100.0,45.79,1700,45.88,500,-3.0,47.49,45.5,205927100,95540000.0,1.69,4.21,55.88,55.88,56.76,37.84,0.8
美之高,bj920765,14.27,14.77,14.81,668600.0,14.27,1900,14.4,100,-3.39,14.81,14.27,668600,9646800.0,1.27,3.66,7.54,12.4,19.2,10.34,0.55
天奥电子,sz002935,20.65,21.52,21.2,14153000.0,20.65,136900,20.66,1600,-4.04,21.46,20.65,14153000,296570000.0,3.41,3.76,85.72,87.58,23.67,19.37,0.71
美凯龙,sh601828,2.36,2.37,2.36,11952900.0,2.36,520400,2.37,733800,-0.42,2.38,2.35,11952900,28250000.0,0.33,1.27,85.25,102.75,2.61,2.13,0.99
龙溪股份,sh600592,19.6,19.82,19.73,4565400.0,19.6,40300,19.61,4600,-1.11,19.81,19.52,4565400,89620000.0,1.14,1.46,78.31,78.31,21.8,17.84,0.71
风范股份,sh601700,5.05,5.03,5.0,12709200.0,5.04,73000,5.05,73800,0.4,5.07,4.96,12709200,63900000.0,1.12,2.19,57.51,57.51,5.53,4.53,0.61
百亚股份,sz003006,18.73,19.22,19.08,6070000.0,18.73,20900,18.74,3000,-2.55,19.17,18.69,6070000,114490000.0,1.42,2.5,80.27,80.47,21.14,17.3,0.54
积成电子,sz002339,10.17,10.36,10.25,17092000.0,10.17,30600,10.18,49200,-1.83,10.39,10.11,17092000,174470000.0,3.57,2.7,48.69,51.27,11.4,9.32,0.83
松井股份,sh688157,38.12,38.09,38.0,272017000.0,38.09,300,38.12,15000,0.08,38.3,37.04,272017000,102340000.0,1.74,3.31,59.63,59.63,45.71,30.47,0.96
烽火通信,sh600498,52.26,55.01,54.45,99505800.0,52.26,27800,52.27,26800,-5.0,55.47,51.26,99505800,5247960000.0,7.83,7.65,664.55,709.78,60.51,49.51,0.92
天罡股份,bj920651,30.25,28.5,28.33,2493600.0,30.25,2500,30.28,3700,6.14,31.2,27.91,2493600,74579400.0,6.01,11.54,12.54,18.45,37.05,19.95,1.54
ST易联众,sz300096,9.3,9.3,9.4,6377500.0,9.3,73300,9.32,18500,0.0,9.5,9.16,6377500,59580000.0,1.48,3.66,39.99,39.99,11.16,7.44,0.81
电科芯片,sh600877,16.81,17.05,17.0,15203100.0,16.8,117500,16.81,97300,-1.41,17.17,16.76,15203100,256780000.0,1.28,2.4,199.04,199.04,18.76,15.35,0.64
达利凯普,sz301566,23.53,24.0,23.57,16506500.0,23.53,93100,23.54,20500,-1.96,23.88,23.17,16506500,387640000.0,7.95,2.96,48.82,94.12,28.8,19.2,0.84
中马传动,sh603767,18.73,18.58,18.51,4323600.0,18.72,3300,18.73,3900,0.81,18.96,18.36,4323600,80720000.0,1.4,3.23,57.81,57.81,20.44,16.72,1.23
华依科技,sh688071,32.55,32.72,32.64,162129200.0,32.54,2500,32.55,6700,-0.52,32.93,31.76,162129200,52310000.0,1.91,3.58,27.6,27.6,39.26,26.18,0.72
好太太,sh603848,15.46,15.34,15.24,1669200.0,15.46,3000,15.47,1000,0.78,15.54,15.13,1669200,25600000.0,0.41,2.67,62.21,62.21,16.87,13.81,1.09
金龙汽车,sh600686,17.19,17.24,17.04,16929600.0,17.19,5200,17.2,28900,-0.29,17.44,16.68,16929600,288840000.0,2.36,4.41,123.26,123.26,18.96,15.52,0.73
棕榈股份,sz002431,2.42,2.4,2.38,24567700.0,2.42,386300,2.43,1155200,0.83,2.46,2.37,24567700,59500000.0,1.36,3.75,43.62,43.62,2.64,2.16,0.69
泰祥股份,sz301192,26.12,25.74,25.69,1693500.0,26.12,5100,26.13,600,1.48,26.4,25.21,1693500,43660000.0,3.54,4.62,12.5,26.09,30.89,20.59,0.79
嘉和美康,sh688246,18.79,18.76,18.66,237162200.0,18.79,400,18.8,2300,0.16,18.98,18.36,237162200,44310000.0,1.72,3.3,25.85,25.85,22.51,15.01,0.95
瑞斯康达,sh603803,14.38,14.87,14.66,44152300.0,14.38,43600,14.39,106300,-3.3,15.5,14.38,44152300,655790000.0,10.39,7.53,61.1,61.1,16.36,13.38,0.64
勘设股份,sh603458,11.5,11.56,11.53,16504700.0,11.5,31100,11.51,1000,-0.52,11.86,11.33,16504700,190840000.0,5.39,4.58,35.2,35.2,12.72,10.4,0.91
汇金股份,sz300368,9.92,10.16,10.08,14829500.0,9.92,117500,9.93,81400,-2.36,10.11,9.9,14829500,147930000.0,2.8,2.07,52.47,52.47,12.19,8.13,1.02
司南导航,sh688592,44.8,45.94,45.89,100457000.0,44.78,600,44.8,2200,-2.48,45.94,44.41,100457000,45030000.0,2.61,3.33,17.26,36.05,55.13,36.75,0.81
中嘉博创,sz000889,4.79,4.35,4.35,245542500.0,4.79,13714900,0.0,0,10.11,4.79,4.25,245542500,1146780000.0,28.23,12.41,41.67,44.85,4.79,3.92,1.13
初灵信息,sz300250,21.52,21.87,21.87,7225000.0,21.51,4700,21.52,1700,-1.6,21.87,21.09,7225000,154930000.0,4.59,3.57,33.88,46.0,26.24,17.5,0.86
中体产业,sh600158,10.47,10.66,10.61,61487800.0,10.46,300700,10.47,9400,-1.78,10.85,10.46,61487800,655190000.0,6.41,3.66,100.46,100.46,11.73,9.59,0.99
汇嘉时代,sh603101,10.43,10.31,10.31,34436400.0,10.42,18600,10.43,83500,1.16,10.66,10.23,34436400,360850000.0,7.32,4.17,49.06,49.06,11.34,9.28,0.93
森麒麟,sz002984,17.37,17.34,17.29,5349600.0,17.37,10100,17.38,22400,0.17,17.41,17.25,5349600,92870000.0,0.75,0.92,124.01,180.0,19.07,15.61,0.67
楚天龙,sz003040,15.42,15.5,15.5,4661700.0,15.42,21700,15.43,102900,-0.52,15.63,15.33,4661700,71980000.0,1.02,1.94,70.45,71.11,17.05,13.95,0.81
华贸物流,sh603128,5.5,5.58,5.57,12322200.0,5.49,264000,5.5,36100,-1.43,5.59,5.48,12322200,67940000.0,0.94,1.97,72.0,72.0,6.14,5.02,1.83
丽人丽妆,sh605136,10.58,10.58,10.5,7831100.0,10.57,50300,10.58,43100,0.0,10.61,10.39,7831100,82180000.0,1.96,2.08,42.37,42.37,11.64,9.52,0.97
*ST华闻,sz000793,2.93,2.8,2.8,64516700.0,2.93,209300,2.94,4798000,4.64,2.94,2.8,64516700,187230000.0,3.29,5.0,57.46,58.52,2.94,2.66,1.93
供销大集,sz000564,1.78,1.82,1.81,157888100.0,1.78,18015200,1.79,8674600,-2.2,1.81,1.78,157888100,282630000.0,1.05,1.65,268.69,321.43,2.0,1.64,0.85
云星宇,bj920806,11.83,11.81,11.81,2978000.0,11.83,55400,11.84,2500,0.17,11.95,11.55,2978000,34867200.0,0.99,3.39,35.58,35.58,15.35,8.27,1.05
ST达华,sz002512,4.07,4.09,4.04,33183900.0,4.07,268100,4.08,94800,-0.49,4.14,4.03,33183900,135480000.0,3.03,2.69,44.54,45.28,4.29,3.89,0.5
荣科科技,sz300290,15.07,14.83,14.67,29727500.0,15.06,35100,15.07,132000,1.62,15.25,14.38,29727500,441540000.0,4.65,5.87,96.38,96.41,17.8,11.86,0.94
电子城,sh600658,5.04,5.01,5.0,18320800.0,5.04,90200,5.05,104800,0.6,5.13,4.95,18320800,92720000.0,1.64,3.59,56.38,56.38,5.51,4.51,0.85
安泰集团,sh600408,3.14,3.15,3.16,79637600.0,3.14,1239700,3.15,103700,-0.32,3.34,3.13,79637600,255210000.0,7.91,6.67,31.61,31.61,3.47,2.84,2.3
中亚股份,sz300512,8.95,8.9,8.91,2661600.0,8.93,7400,8.95,4200,0.56,9.02,8.74,2661600,23630000.0,0.82,3.15,28.99,36.63,10.68,7.12,0.85
中洲特材,sz300963,16.25,16.54,16.52,6414000.0,16.25,65100,16.26,7000,-1.75,16.6,16.14,6414000,104520000.0,1.88,2.78,55.35,74.53,19.85,13.23,0.8
珠海中富,sz000659,3.99,4.02,4.0,22964900.0,3.98,226400,3.99,137000,-0.75,4.1,3.96,22964900,91940000.0,1.79,3.48,51.3,51.3,4.42,3.62,0.8
智莱科技,sz300771,13.9,13.97,13.94,3829300.0,13.9,1000,13.91,300,-0.5,14.04,13.62,3829300,52860000.0,2.14,3.01,24.82,33.36,16.76,11.18,0.83
安必平,sh688393,23.21,22.88,22.75,110023000.0,23.21,2100,23.22,200,1.44,23.39,22.22,110023000,25170000.0,1.18,5.11,21.72,21.72,27.46,18.3,1.06
乾照光电,sz300102,32.07,33.96,33.46,60927300.0,32.07,218900,32.08,34100,-5.57,33.48,31.86,60927300,1983620000.0,6.65,4.77,293.75,295.15,40.75,27.17,0.7
科强股份,bj920665,10.89,11.22,11.23,1239300.0,10.87,500,10.89,9300,-2.94,11.23,10.85,1239300,13578400.0,1.93,3.39,6.98,14.16,14.58,7.86,0.59
长盈通,sh688143,69.57,72.84,72.28,1043036600.0,69.56,500,69.57,6900,-4.49,72.68,68.18,1043036600,729880000.0,8.52,6.18,85.14,89.59,87.41,58.27,0.72
恒天海龙,sz000677,4.09,4.19,4.2,50018600.0,4.09,43000,4.1,67300,-2.39,4.21,4.01,50018600,204620000.0,5.79,4.77,35.34,35.34,4.61,3.77,1.38
ST复华,sh600624,4.24,4.28,4.25,6372100.0,4.23,20500,4.24,19300,-0.93,4.28,4.14,6372100,26790000.0,0.94,3.27,28.8,28.8,4.49,4.07,1.38
百甲科技,bj920057,6.11,6.22,6.22,1061200.0,6.1,7300,6.11,2700,-1.77,6.26,6.07,1061200,6507800.0,0.92,3.05,7.03,11.08,8.08,4.36,0.69
西安旅游,sz000610,8.22,8.22,0.0,0.0,0.0,0,0.0,0,0.0,0.0,0.0,0,0.0,0.0,0.0,19.36,19.46,9.04,7.4,0.0
创维数字,sz000810,12.62,12.66,12.62,19081400.0,12.62,7900,12.63,7000,-0.32,12.84,12.51,19081400,241530000.0,1.72,2.61,140.16,145.15,13.93,11.39,0.65
雄帝科技,sz300546,19.66,19.93,19.8,4910500.0,19.66,2000,19.67,27800,-1.35,19.8,19.17,4910500,95560000.0,3.67,3.16,26.33,36.69,23.92,15.94,1.09
天力复合,bj920576,75.1,78.48,77.01,3620600.0,75.09,2700,75.1,4000,-4.31,79.62,75.02,3620600,277931300.0,3.38,5.86,80.45,81.82,102.02,54.94,0.58
南华期货,sh603093,20.33,20.66,20.54,7105400.0,20.32,5600,20.33,11000,-1.6,20.59,20.19,7105400,144690000.0,1.16,1.94,124.03,145.91,22.73,18.59,0.57
迎丰股份,sh605055,11.29,11.35,11.21,5266500.0,11.28,2300,11.29,114900,-0.53,11.55,11.11,5266500,59340000.0,1.2,3.88,49.68,49.68,12.49,10.22,0.63
万林物流,sh603117,4.47,4.4,4.36,9819300.0,4.46,117000,4.47,600,1.59,4.48,4.35,9819300,43360000.0,1.64,2.95,26.78,26.78,4.84,3.96,1.13
福石控股,sz300071,4.73,4.8,4.75,31256600.0,4.73,188800,4.74,107800,-1.46,4.79,4.62,31256600,147320000.0,3.31,3.54,44.72,45.59,5.76,3.84,0.79
胜利股份,sz000407,4.69,4.74,4.68,18968600.0,4.69,114700,4.7,395700,-1.05,4.75,4.63,18968600,88890000.0,2.17,2.53,41.07,41.28,5.21,4.27,1.13
多伦科技,sh603528,8.05,7.95,8.0,7781200.0,8.05,21400,8.06,90100,1.26,8.1,7.86,7781200,62180000.0,1.1,3.02,56.83,56.83,8.75,7.16,1.37
康农种业,bj920403,21.79,22.96,23.05,1921400.0,21.78,500,21.79,11800,-5.1,23.15,21.79,1921400,43071800.0,3.25,5.92,12.88,21.65,29.84,16.08,1.08
三协电机,bj920100,47.85,49.15,49.15,473500.0,47.85,700,47.89,100,-2.64,49.77,47.77,473500,22937600.000000004,2.42,4.07,9.36,35.32,63.89,34.41,0.53
环旭电子,sh601231,39.57,41.3,40.91,57562000.0,39.57,19500,39.58,15400,-4.19,40.91,38.55,57562000,2277250000.0,2.41,5.71,945.37,945.37,45.43,37.17,0.91
高华科技,sh688539,40.29,42.6,42.6,475299700.0,40.29,33400,40.3,200,-5.42,42.77,40.2,475299700,194510000.0,2.56,6.03,74.91,74.91,51.12,34.08,0.76
长盛轴承,sz300718,69.01,69.1,69.42,2653200.0,69.01,2900,69.02,5700,-0.13,69.59,68.2,2653200,182480000.0,1.37,2.01,133.77,206.19,82.92,55.28,0.68
合兴股份,sh605005,20.06,20.67,20.57,3537500.0,20.06,2700,20.07,8100,-2.95,20.57,19.92,3537500,71330000.0,0.88,3.14,80.44,80.44,22.74,18.6,0.79
铁拓机械,bj920706,23.29,23.7,23.69,1262500.0,23.29,13200,23.3,28100,-1.73,23.79,23.17,1262500,29483400.0,2.65,2.62,11.1,21.52,30.81,16.59,0.46
航天宏图,sh688066,17.6,17.94,17.9,1061827100.0,17.6,7500,17.61,12800,-1.9,18.16,17.1,1061827100,185650000.0,4.06,5.91,45.98,45.98,21.53,14.35,0.7
索菱股份,sz002766,4.74,4.68,4.67,17976000.0,4.73,122100,4.74,93400,1.28,4.82,4.64,17976000,84910000.0,2.1,3.85,40.61,40.95,5.15,4.21,0.99
三峡旅游,sz002627,7.15,7.17,7.15,13160800.0,7.15,1200,7.16,71400,-0.28,7.18,7.04,13160800,93500000.0,1.84,1.95,51.27,51.81,7.89,6.45,0.52
新能泰山,sz000720,4.68,4.87,4.8,92196400.0,4.68,159500,4.69,490300,-3.9,4.9,4.66,92196400,435860000.0,7.34,4.93,58.81,58.81,5.36,4.38,0.62
博菲电气,sz001255,35.63,35.82,35.76,1249200.0,35.63,1200,35.66,300,-0.53,36.25,35.07,1249200,44500000.0,1.76,3.29,25.32,31.0,39.4,32.24,1.07
森霸传感,sz300701,11.69,11.78,11.88,3839000.0,11.69,5400,11.7,92800,-0.76,11.9,11.57,3839000,44910000.0,1.54,2.8,29.12,33.05,14.14,9.42,1.06
勤上股份,sz002638,4.48,4.33,4.28,43315700.0,4.47,83800,4.48,3700,3.46,4.53,4.22,43315700,189240000.0,3.2,7.16,60.6,64.36,4.76,3.9,1.01
航天环宇,sh688523,65.84,70.81,70.01,859446400.0,65.84,1100,65.85,1900,-7.02,70.01,65.8,859446400,579710000.0,8.9,5.95,63.55,267.89,84.97,56.65,0.84
飞力达,sz300240,6.62,6.46,6.44,12718000.0,6.62,131600,6.64,1900,2.48,6.68,6.43,12718000,83430000.0,3.5,3.87,24.05,24.6,7.75,5.17,1.32
三维装备,bj920834,12.04,12.24,12.16,891700.0,12.04,100,12.06,1400,-1.63,12.23,11.95,891700,10775900.0,1.42,2.29,7.56,14.45,15.91,8.57,0.5
中国卫星,sh600118,96.3,102.0,99.96,78909800.0,96.29,10500,96.3,266600,-5.59,100.66,95.1,78909800,7687760000.0,6.67,5.45,1138.74,1138.74,112.2,91.8,0.91
创远信科,bj920961,23.14,23.7,23.76,2359200.0,23.14,38700,23.15,300,-2.36,23.94,23.11,2359200,55100600.00000001,2.27,3.5,24.05,33.05,30.81,16.59,0.58
佛慈制药,sz002644,8.09,8.19,8.19,4509600.0,8.08,32700,8.09,1200,-1.22,8.19,8.02,4509600,36440000.0,0.88,2.08,41.31,41.31,9.01,7.37,0.96
朱老六,bj920726,18.51,19.13,18.96,3869000.0,18.51,500,18.6,1000,-3.24,19.4,18.0,3869000,73577300.0,6.92,7.32,10.35,18.82,24.86,13.4,0.88
品渥食品,sz300892,27.48,27.69,27.42,1410500.0,27.48,6000,27.49,7200,-0.76,27.69,27.02,1410500,38610000.0,2.18,2.42,17.74,27.48,33.23,22.15,0.81
乐凯胶片,sh600135,10.43,10.77,10.82,18788800.0,10.43,6100,10.44,39700,-3.16,10.82,10.31,18788800,196320000.0,3.4,4.74,57.71,57.71,11.85,9.69,0.66
九丰能源,sh605090,45.79,45.94,45.97,52832000.0,45.79,43300,45.8,43100,-0.33,49.7,45.76,52832000,2499370000.0,7.5,8.58,322.41,323.04,50.53,41.35,1.49
襄阳轴承,sz000678,11.74,12.13,12.0,10390100.0,11.73,30900,11.74,80500,-3.22,12.01,11.74,10390100,122780000.0,2.26,2.23,53.96,53.96,13.34,10.92,0.74
ST恒信,sz300081,4.02,4.11,4.15,28668000.0,4.02,98300,4.03,101700,-2.19,4.23,4.0,28668000,117440000.0,4.74,5.6,24.31,24.31,4.93,3.29,0.59
岭南控股,sz000524,10.03,10.24,10.15,7050700.0,10.02,121300,10.03,343900,-2.05,10.17,10.0,7050700,70810000.0,1.05,1.66,67.2,67.22,11.26,9.22,0.65
柏星龙,bj920075,20.79,21.3,21.39,330000.0,20.78,500,20.79,4200,-2.39,21.39,20.76,330000,6904900.0,0.95,2.96,7.25,13.48,27.69,14.91,0.43
浩瀚深度,sh688292,22.71,22.94,22.88,266724600.0,22.71,200,22.72,2200,-1.0,23.03,22.35,266724600,60490000.0,1.68,2.96,35.96,35.96,27.53,18.35,0.82
盛邦安全,sh688651,37.8,37.5,37.77,86358900.0,37.8,1500,37.82,200,0.8,38.09,37.0,86358900,32470000.0,2.66,2.91,12.27,28.5,45.0,30.0,0.74
雷电微力,sz301050,41.1,48.7,41.04,20088700.0,41.09,65100,41.1,43500,-15.61,42.1,41.04,20088700,833030000.0,9.54,2.18,86.52,101.6,58.44,38.96,3.35
航天电器,sz002025,76.81,73.6,73.0,54592400.0,76.8,14700,76.81,3500,4.36,80.43,69.8,54592400,4107720000.0,12.03,14.44,348.62,349.76,80.96,66.24,1.5
四创电子,sh600990,22.92,23.72,23.67,4538400.0,22.92,300,22.93,1800,-3.37,23.71,22.88,4538400,104700000.0,1.69,3.5,61.66,62.12,26.09,21.35,1.05
盈新发展,sz000620,2.72,2.74,2.72,99048900.0,2.71,2767900,2.72,600100,-0.73,2.77,2.69,99048900,269070000.0,2.12,2.92,127.07,159.71,3.01,2.47,0.79
*ST正平,sh603843,8.08,8.21,7.8,39044600.0,8.07,31600,8.08,108700,-1.58,8.54,7.8,39044600,320440000.0,5.58,9.01,56.53,56.53,8.62,7.8,1.66
倍益康,bj920199,32.73,33.87,33.49,1159800.0,32.72,27500,32.73,600,-3.37,33.62,32.4,1159800,38088500.0,3.06,3.6,12.41,22.29,44.03,23.71,0.7
孩子王,sz301078,8.72,8.85,8.79,17936900.0,8.71,69900,8.72,20200,-1.47,8.81,8.67,17936900,156530000.0,1.43,1.58,109.44,109.98,10.62,7.08,0.83
太钢不锈,sz000825,4.51,4.5,4.5,25881200.0,4.5,143500,4.51,108500,0.22,4.53,4.45,25881200,116190000.0,0.45,1.78,256.9,256.9,4.95,4.05,0.67
优迅股份,sh688807,390.0,338.0,337.0,379145000.0,390.0,7300,390.01,500,15.38,392.65,336.68,379145000,1395790000.0,25.22,16.56,58.64,312.0,405.6,270.4,1.21
中利集团,sz002309,4.12,4.2,4.18,251237400.0,4.12,385700,4.13,1516700,-1.9,4.33,4.11,251237400,1053120000.0,10.44,5.24,99.13,123.92,4.62,3.78,0.57
爱丽家居,sh603221,11.98,11.41,11.44,9513200.0,11.98,2400,11.99,32000,5.0,12.23,11.3,9513200,112150000.0,3.93,8.15,29.02,29.3,12.55,10.27,5.27
信科移动-U,sh688387,17.0,17.7,17.41,8358224000.0,16.99,11000,17.0,221800,-3.95,17.59,16.75,8358224000,1427180000.0,4.14,4.75,342.85,581.19,21.24,14.16,0.93
航宇微,sz300053,17.99,18.45,18.35,23686300.0,17.99,800,18.0,60300,-2.49,18.58,17.92,23686300,428930000.0,3.64,3.58,117.08,125.37,22.14,14.76,0.7
财信发展,sz000838,1.71,1.71,0.0,0.0,0.0,0,0.0,0,0.0,0.0,0.0,0,0.0,0.0,0.0,18.02,18.82,1.88,1.54,0.0
航宇科技,sh688239,61.2,63.15,62.53,448736200.0,61.2,3500,61.29,1000,-3.09,63.63,60.83,448736200,277580000.0,2.35,4.43,116.67,116.67,75.78,50.52,0.75
英利汽车,sh601279,3.87,3.81,3.8,11632500.0,3.86,434100,3.87,17900,1.57,3.88,3.77,11632500,44660000.0,0.73,2.89,61.37,61.37,4.19,3.43,1.07
宁波海运,sh600798,3.57,3.56,3.55,17766800.0,3.57,125600,3.58,439000,0.28,3.58,3.51,17766800,63040000.0,1.47,1.97,43.07,43.07,3.92,3.2,1.16
华光源海,bj920351,16.65,17.16,17.11,1042100.0,16.65,9500,16.7,400,-2.97,17.19,16.65,1042100,17561300.0,2.62,3.15,6.63,14.66,22.3,12.02,0.73
霍莱沃,sh688682,46.08,47.91,48.5,240029900.0,46.05,2000,46.08,0,-3.82,48.51,45.54,240029900,111620000.0,2.36,6.2,46.93,46.93,57.49,38.33,1.09
信息发展,sz300469,47.52,50.37,49.91,11321200.0,47.52,400,47.54,700,-5.66,50.3,47.18,11321200,543910000.0,4.56,6.19,117.96,117.96,60.44,40.3,1.37
亨通股份,sh600226,5.21,5.16,5.15,54076900.0,5.21,229300,5.22,347200,0.97,5.25,5.1,54076900,279450000.0,1.82,2.91,154.97,154.97,5.68,4.64,0.98
*ST新元,sz300472,8.55,8.22,8.27,10695000.0,8.55,35800,8.56,63400,4.01,8.61,8.2,10695000,90110000.0,4.04,4.99,22.64,23.53,9.86,6.58,1.7
*ST天喻,sz300205,6.38,6.31,6.25,9699100.0,6.38,9200,6.39,56800,1.11,6.52,6.22,9699100,61760000.0,2.26,4.75,27.44,27.44,7.57,5.05,0.76
珠江钢琴,sz002678,5.79,5.77,5.77,10966800.0,5.79,50400,5.8,124600,0.35,5.87,5.73,10966800,63550000.0,0.81,2.43,78.6,78.65,6.35,5.19,0.7
亚联发展,sz002316,5.1,5.11,5.08,10450700.0,5.1,205400,5.11,16300,-0.2,5.16,4.98,10450700,52930000.0,3.07,3.52,17.38,20.05,5.62,4.6,0.89
*ST中迪,sz000609,11.87,11.3,11.87,631400.0,11.87,7941500,0.0,0,5.04,11.87,11.87,631400,7490000.0,0.22,0.0,34.55,35.52,11.87,10.74,0.17
理工光科,sz300557,35.19,35.57,35.66,3871200.0,35.16,2300,35.19,13300,-1.07,35.74,34.36,3871200,135300000.0,3.24,3.88,42.01,42.53,42.68,28.46,0.62
ST亚光,sz300123,4.0,4.02,4.0,60700200.0,4.0,1061700,4.01,319800,-0.5,4.09,3.97,60700200,244970000.0,6.11,2.99,39.76,40.87,4.82,3.22,0.89
王府井,sh600859,12.36,12.35,12.3,13495700.0,12.35,76000,12.36,5900,0.08,12.42,12.23,13495700,166740000.0,1.2,1.54,138.91,138.92,13.59,11.12,1.0
哈焊华通,sz301137,42.79,43.81,43.52,3484300.0,42.78,1600,42.79,4900,-2.33,43.94,42.71,3484300,150450000.0,1.92,2.81,77.8,77.8,52.57,35.05,0.76
首开股份,sh600376,4.46,4.45,4.44,31589700.0,4.46,384600,4.47,33600,0.22,4.57,4.38,31589700,141510000.0,1.22,4.27,115.05,115.05,4.9,4.01,0.65
永悦科技,sh603879,5.67,5.54,5.5,12723700.0,5.67,29900,5.68,7800,2.35,5.7,5.42,12723700,70940000.0,3.54,5.05,20.37,20.37,6.09,4.99,1.02
昂瑞微-UW,sh688790,137.3,135.9,135.9,51818300.0,137.3,300,137.5,3500,1.03,138.8,133.69,51818300,70900000.0,4.3,3.76,16.56,136.66,163.08,108.72,0.64
天润科技,bj920564,27.68,26.34,26.43,4087700.0,27.67,4700,27.68,19000,5.09,28.25,25.6,4087700,111612099.99999999,9.97,10.06,11.35,24.66,34.24,18.44,1.19
华天酒店,sz000428,3.8,3.77,3.75,13985500.0,3.79,189300,3.8,50800,0.8,3.8,3.71,13985500,52560000.0,1.37,2.39,38.72,38.72,4.15,3.39,0.77
双飞集团,sz300817,19.65,19.44,19.44,5473000.0,19.65,27300,19.66,3300,1.08,19.85,18.98,5473000,106490000.0,4.37,4.48,24.61,42.9,23.33,15.55,1.48
新乡化纤,sz000949,7.88,8.13,8.02,63915700.0,7.88,356400,7.89,87700,-3.08,8.25,7.81,63915700,511490000.0,3.86,5.41,130.53,130.56,8.94,7.32,0.77
宁波东力,sz002164,13.15,12.61,12.51,20693000.0,13.14,10300,13.15,235700,4.28,13.24,12.5,20693000,269380000.0,4.31,5.87,63.09,69.98,13.87,11.35,2.88
博盈特焊,sz301468,52.1,55.18,54.3,7959300.0,52.1,6900,52.11,1300,-5.58,55.02,51.36,7959300,418800000.0,10.61,6.63,39.08,67.79,66.22,44.14,1.35
航天长峰,sh600855,18.83,19.3,19.23,18270400.0,18.83,42300,18.84,68800,-2.44,19.29,18.66,18270400,345910000.0,3.91,3.26,88.06,88.23,21.23,17.37,0.45
星图测控,bj920116,96.68,98.62,98.8,2232400.0,96.68,4300,96.69,2000,-1.97,100.0,96.47,2232400,218231699.99999997,1.45,3.58,148.38,154.47,128.2,69.04,0.47
四川金顶,sh600678,12.18,11.79,11.81,56875900.0,12.17,369900,12.18,193200,3.31,12.42,11.77,56875900,688240000.0,16.3,5.51,42.51,42.51,12.97,10.61,1.48
金时科技,sz002951,15.29,16.22,16.11,12124400.0,15.29,15200,15.3,9500,-5.73,16.11,14.72,12124400,185210000.0,3.02,8.57,61.33,61.92,17.84,14.6,1.16
佳创视讯,sz300264,8.06,8.37,8.3,13657700.0,8.05,5900,8.06,2700,-3.7,8.37,8.05,13657700,111790000.0,3.69,3.82,29.86,34.73,10.04,6.7,0.79
信测标准,sz300938,54.98,55.43,57.2,24127400.0,54.98,4300,54.99,100,-0.81,59.48,53.01,24127400,1343620000.0,11.42,11.67,116.2,133.87,66.52,44.34,0.86
奥精医疗,sh688613,19.84,19.74,19.74,254581800.0,19.84,4100,19.86,1700,0.51,20.05,19.38,254581800,50080000.0,1.86,3.39,27.18,27.18,23.69,15.79,0.92
爱科赛博,sh688719,55.15,56.89,56.99,352024000.0,55.06,900,55.15,1500,-3.06,56.99,54.02,352024000,193810000.0,3.92,5.22,49.48,63.64,68.27,45.51,0.66
北斗星通,sz002151,38.08,39.33,39.03,16387000.0,38.08,35400,38.09,29300,-3.18,39.31,37.91,16387000,627960000.0,3.7,3.56,168.62,206.74,43.26,35.4,0.8
东珠生态,sh603359,5.61,5.64,5.63,12945100.0,5.6,22200,5.61,18200,-0.53,5.72,5.53,12945100,72760000.0,2.9,3.37,25.03,25.03,6.2,5.08,1.56
通鼎互联,sz002491,15.65,16.83,16.34,186022200.0,15.65,199600,15.66,68300,-7.01,16.8,15.31,186022200,2969240000.0,15.81,8.85,184.12,192.49,18.51,15.15,0.94
元创股份,sz001325,64.68,65.59,64.08,3879200.0,64.67,1500,64.68,500,-1.39,65.48,63.5,3879200,250610000.0,19.79,3.02,12.68,50.71,72.15,59.03,1.08
豪恩汽电,sz301488,129.32,132.9,133.2,1036700.0,129.31,300,129.45,400,-2.69,133.43,128.89,1036700,135370000.0,4.43,3.42,30.28,118.97,159.48,106.32,0.92
沐曦股份-U,sh688802,718.0,670.0,666.67,468997900.0,717.99,300,718.0,0,7.16,725.0,643.08,468997900,3236600000.0,25.86,12.23,130.24,2872.72,804.0,536.0,1.85
长江通信,sh600345,50.4,51.81,51.3,12860000.0,50.39,100,50.4,6700,-2.72,51.78,49.13,12860000,647220000.0,6.08,5.11,106.63,166.12,56.99,46.63,0.53
恒宝股份,sz002104,14.45,14.45,14.35,17384200.0,14.45,77500,14.46,34000,0.0,14.84,14.3,17384200,253360000.0,2.9,3.74,86.66,102.36,15.9,13.01,0.87
国光电气,sh688776,79.8,81.87,82.2,161362300.0,79.8,4800,79.81,14500,-2.53,82.23,79.79,161362300,129920000.0,1.49,2.98,86.49,86.49,98.24,65.5,0.96
翠微股份,sh603123,11.49,11.56,11.46,15111100.0,11.48,85300,11.49,800,-0.61,11.58,11.34,15111100,173010000.0,2.32,2.08,74.95,91.77,12.72,10.4,0.51
恒帅股份,sz300969,122.75,125.0,123.6,2222500.0,122.75,1100,122.76,200,-1.8,126.7,121.4,2222500,275780000.0,4.33,4.24,63.02,138.29,150.0,100.0,0.82
金圆股份,sz000546,7.16,6.51,6.5,163789400.0,7.16,4863700,0.0,0,9.98,7.16,6.38,163789400,1147070000.0,23.51,11.98,49.88,55.68,7.16,5.86,2.24
特发信息,sz000070,19.97,20.99,20.51,106586300.0,19.97,369500,19.98,20800,-4.86,22.5,19.6,106586300,2187360000.0,11.99,13.82,177.47,179.8,23.09,18.89,0.8
领益智造,sz002600,14.16,14.55,14.41,100262900.0,14.16,683100,14.17,148000,-2.68,14.44,14.08,100262900,1423880000.0,1.39,2.47,1019.45,1034.82,16.01,13.1,0.61
广博股份,sz002103,8.12,8.1,8.04,6085600.0,8.12,5400,8.13,8600,0.25,8.15,7.95,6085600,48940000.0,1.57,2.47,31.52,43.38,8.91,7.29,1.14
交建股份,sh603815,7.14,7.24,7.11,55671100.0,7.13,123300,7.14,62600,-1.38,7.55,7.01,55671100,404640000.0,8.99,7.46,44.19,44.19,7.96,6.52,0.97
百邦科技,sz300736,27.72,28.07,28.4,14262000.0,27.72,24600,27.88,4400,-1.25,28.9,26.3,14262000,392780000.0,11.4,9.26,34.67,35.46,33.68,22.46,0.69
国泰集团,sh603977,13.96,14.84,14.75,30419500.0,13.96,72100,13.97,19900,-5.93,14.77,13.88,30419500,431000000.0,4.9,6.0,86.73,86.73,16.32,13.36,1.42
华力创通,sz300045,22.25,22.91,22.8,17122200.0,22.24,38400,22.25,43900,-2.88,22.94,22.22,17122200,383560000.0,3.32,3.14,114.88,147.45,27.49,18.33,0.7
棒杰股份,sz002634,5.05,4.75,4.8,41541000.0,5.05,1082100,5.06,202400,6.32,5.06,4.77,41541000,206820000.0,9.3,6.11,22.55,23.2,5.23,4.28,0.73
万集科技,sz300552,27.25,27.48,27.14,8313500.0,27.25,2700,27.26,3500,-0.84,27.73,26.89,8313500,227290000.0,6.15,3.06,36.81,58.08,32.98,21.98,1.42
欧福蛋业,bj920371,9.75,9.95,9.87,1902100.0,9.71,1400,9.75,35900,-2.01,9.89,9.66,1902100,18578100.0,0.98,2.31,18.95,20.03,12.93,6.97,1.08
海航控股,sh600221,1.44,1.45,1.44,150672700.0,1.43,60499500,1.44,11850700,-0.69,1.45,1.43,150672700,216430000.0,0.35,1.38,616.98,622.31,1.6,1.31,0.53
ST柯利达,sh603828,5.05,5.23,5.22,13384700.0,5.04,36100,5.05,50100,-3.44,5.49,4.97,13384700,70320000.0,2.25,9.94,30.09,30.1,5.49,4.97,2.69
法尔胜,sz000890,16.24,16.76,16.63,109356000.0,16.24,253300,16.25,9900,-3.1,17.48,15.65,109356000,1816600000.0,26.07,10.92,68.13,68.13,18.44,15.08,1.19
合众思壮,sz002383,9.31,9.58,9.5,19286600.0,9.31,72700,9.32,75500,-2.82,9.51,9.2,19286600,179450000.0,2.61,3.24,68.93,68.93,10.54,8.62,0.92
盛洋科技,sh603703,13.33,13.78,13.69,12605000.0,13.33,6100,13.34,2200,-3.27,13.78,13.2,12605000,169020000.0,3.04,4.21,55.32,55.32,15.16,12.4,1.13
红棉股份,sz000523,3.21,3.2,3.19,15039600.0,3.2,200200,3.21,11300,0.31,3.23,3.17,15039600,48210000.0,1.13,1.88,42.54,58.92,3.52,2.88,0.84
舜宇精工,bj920906,23.3,23.53,23.51,503400.0,23.3,8100,23.32,100,-0.98,23.84,23.26,503400,11813900.000000002,1.51,2.46,7.77,15.14,30.58,16.48,0.52
苏利股份,sh603585,20.03,21.29,20.41,17859600.0,20.02,18000,20.03,99100,-5.92,20.47,19.64,17859600,358390000.0,9.33,3.9,38.36,39.19,23.42,19.16,1.27
北京文化,sz000802,4.08,4.14,4.08,25467500.0,4.08,99700,4.09,22000,-1.45,4.11,4.0,25467500,103410000.0,3.56,2.66,29.19,29.21,4.55,3.73,0.77
通源环境,sh688679,55.03,55.4,56.47,427621700.0,55.03,6300,55.06,800,-0.67,58.58,54.29,427621700,240650000.0,3.25,7.74,72.47,72.47,66.48,44.32,1.17
ST臻镭,sh688270,154.92,158.73,159.49,1362436600.0,154.92,12200,154.98,400,-2.4,163.99,153.05,1362436600,2156300000.0,6.36,6.89,331.61,331.61,190.48,126.98,0.61
ST百灵,sz002424,4.86,4.98,4.97,15772800.0,4.86,1000,4.87,77500,-2.41,4.99,4.75,15772800,76330000.0,1.3,4.82,58.96,67.92,5.23,4.73,1.51
远方信息,sz300306,12.16,12.09,12.08,2582300.0,12.16,6000,12.17,6200,0.58,12.25,11.86,2582300,31160000.0,1.64,3.23,19.16,32.71,14.51,9.67,1.04
昇辉科技,sz300423,7.68,7.72,7.76,9367200.0,7.68,63900,7.69,3400,-0.52,7.76,7.56,9367200,71680000.0,2.81,2.59,25.6,38.21,9.26,6.18,0.9
百傲化学,sh603360,23.19,23.51,23.24,5940500.0,23.18,17600,23.19,1000,-1.36,23.65,23.01,5940500,138040000.0,0.84,2.72,163.77,163.77,25.86,21.16,0.39
*ST铖昌,sz001270,154.0,159.3,158.0,7231800.0,153.99,200,154.0,14700,-3.33,160.0,151.5,7231800,1129960000.0,3.55,5.34,313.39,317.42,167.27,151.34,0.86
顶固集创,sz300749,23.81,24.55,24.51,7910000.0,23.81,3500,23.84,500,-3.01,24.65,23.64,7910000,189860000.0,5.03,4.11,37.48,48.85,29.46,19.64,0.88
科思股份,sz300856,14.11,13.18,13.14,17540200.0,14.11,20000,14.12,60100,7.06,14.37,13.07,17540200,245030000.0,3.82,9.86,64.87,67.12,15.82,10.54,4.83
三羊马,sz001317,50.91,49.31,50.5,7202700.0,50.91,21400,50.92,200,3.24,52.9,50.14,7202700,371220000.0,8.43,5.6,43.52,43.56,54.24,44.38,2.32
新大洲A,sz000571,5.75,5.89,5.89,20563900.0,5.75,19400,5.76,5500,-2.38,5.97,5.6,20563900,118490000.0,2.53,6.28,46.8,48.25,6.48,5.3,0.72
高乐股份,sz002348,9.58,9.92,9.92,21456000.0,9.58,33900,9.59,64300,-3.43,9.93,9.45,21456000,206630000.0,2.37,4.84,86.56,90.74,10.91,8.93,0.87
三维通信,sz002115,12.12,12.48,12.3,40859400.0,12.11,24800,12.12,82600,-2.88,12.41,12.01,40859400,497030000.0,5.43,3.21,91.17,98.29,13.73,11.23,0.8
汉仪股份,sz301270,33.65,34.0,33.33,4573800.0,33.61,800,33.65,300,-1.03,33.99,31.81,4573800,150860000.0,4.84,6.41,31.8,33.65,40.8,27.2,1.01
西安饮食,sz000721,7.62,7.68,7.6,8729600.0,7.61,97300,7.62,45500,-0.78,7.68,7.53,8729600,66400000.0,1.7,1.95,39.04,43.73,8.45,6.91,0.83
盟升电子,sh688311,37.57,39.18,38.91,478924200.0,37.54,3400,37.57,13300,-4.11,38.96,37.27,478924200,181170000.0,2.76,4.31,65.29,65.29,47.02,31.34,0.99
国机精工,sz002046,51.98,53.31,52.83,12245100.0,51.97,3500,51.98,31700,-2.49,53.29,51.28,12245100,637680000.0,2.32,3.77,274.87,278.71,58.64,47.98,0.73
航天软件,sh688562,19.33,19.65,19.51,343911300.0,19.32,1900,19.33,24900,-1.63,19.63,19.11,343911300,66380000.0,1.99,2.65,33.44,77.32,23.58,15.72,0.85
田野股份,bj920023,3.0,3.09,3.09,8597000.0,2.99,284900,3.0,160900,-2.91,3.09,2.99,8597000,25972900.0,3.2,3.24,8.06,9.82,4.01,2.17,1.08
海伦钢琴,sz300329,13.92,13.85,13.82,3737400.0,13.92,117500,13.93,8800,0.51,14.08,13.8,3737400,52070000.0,1.48,2.02,35.1,35.2,16.62,11.08,0.86
中央商场,sh600280,2.94,2.98,2.94,14354400.0,2.94,207100,2.95,76900,-1.34,2.98,2.92,14354400,42270000.0,1.27,2.01,33.17,33.17,3.28,2.68,0.7
航天科技,sz000901,22.29,22.83,22.69,20218600.0,22.28,53200,22.29,9900,-2.37,22.75,22.06,20218600,451050000.0,2.53,3.02,177.92,177.92,25.11,20.55,0.64
欢乐家,sz300997,20.06,19.83,20.5,9717300.0,20.05,23200,20.06,9900,1.16,20.82,19.92,9717300,197430000.0,2.45,4.54,79.66,87.76,23.8,15.86,0.68
渤海汽车,sh600960,5.02,5.08,5.04,14518600.0,5.02,22400,5.03,105300,-1.18,5.08,4.96,14518600,72650000.0,1.53,2.36,47.72,47.72,5.59,4.57,0.81
三友科技,bj920475,13.01,13.35,13.26,557600.0,13.01,11600,13.17,3000,-2.55,13.3,13.0,557600,7319200.0,0.99,2.25,7.31,13.15,17.35,9.35,0.56
古鳌科技,sz300551,13.7,13.32,13.22,9951800.0,13.7,83000,13.71,2900,2.85,13.8,13.14,9951800,134810000.0,2.94,4.95,46.45,46.59,15.98,10.66,0.99
庄园牧场,sz002910,10.7,10.71,10.35,3682100.0,10.69,100,10.7,3800,-0.09,10.77,10.35,3682100,39040000.0,2.15,3.92,18.3,20.92,11.78,9.64,1.17
世联行,sz002285,2.91,2.97,2.97,33862600.0,2.9,294900,2.91,190200,-2.02,2.97,2.89,33862600,98740000.0,1.71,2.69,57.48,57.99,3.27,2.67,0.42
斯瑞新材,sh688102,38.53,40.52,40.27,2013118800.0,38.53,35500,38.55,22000,-4.91,40.47,38.31,2013118800,787700000.0,2.59,5.33,299.61,299.61,48.62,32.42,0.72
国博电子,sh688375,125.82,131.99,132.21,696786300.0,125.82,1900,125.85,1500,-4.67,132.77,125.8,696786300,888280000.0,1.17,5.28,749.91,749.91,158.39,105.59,0.92
茂业商业,sh600828,5.03,5.14,5.09,15468300.0,5.02,20700,5.03,494600,-2.14,5.13,4.97,15468300,77780000.0,0.89,3.11,87.09,87.12,5.65,4.63,0.8
王子新材,sz002735,14.66,15.05,15.06,8809100.0,14.65,34200,14.66,4400,-2.59,15.06,14.59,8809100,129890000.0,3.09,3.12,41.79,55.01,16.56,13.55,0.87
大连友谊,sz000679,6.77,6.73,6.74,4214100.0,6.76,4000,6.77,17500,0.59,6.81,6.65,4214100,28350000.0,1.18,2.38,24.13,24.13,7.4,6.06,0.83
福事特,sz301446,39.28,38.73,38.9,1112400.0,39.28,1900,39.29,1900,1.42,39.88,38.44,1112400,43530000.0,3.58,3.72,12.2,40.85,46.48,30.98,0.84
利群股份,sh601366,3.85,3.84,3.82,10139100.0,3.85,226200,3.86,12700,0.26,3.88,3.8,10139100,38850000.0,1.06,2.08,36.95,36.95,4.22,3.46,0.94
崧盛股份,sz301002,47.07,45.56,45.22,8132200.0,47.07,800,47.11,1700,3.31,47.6,44.77,8132200,375660000.0,9.57,6.21,40.0,63.51,54.67,36.45,1.09
润普食品,bj920422,11.32,11.59,11.5,873300.0,11.32,6100,11.33,7900,-2.33,11.55,11.23,873300,9921200.0,1.32,2.76,7.5,10.02,15.06,8.12,0.43
科创新材,bj920580,13.55,14.08,14.04,2698200.0,13.54,24800,13.55,1900,-3.76,14.04,13.5,2698200,37077600.0,4.93,3.84,7.42,11.65,18.3,9.86,0.88
航天智装,sz300455,25.71,26.61,26.51,14015000.0,25.7,203100,25.71,39000,-3.38,26.56,25.6,14015000,363390000.0,1.98,3.61,182.19,184.54,31.93,21.29,0.72
西测测试,sz301306,161.3,168.8,167.05,5328900.0,161.3,200,161.34,500,-4.44,171.96,158.24,5328900,868540000.0,9.14,8.13,94.04,136.14,202.56,135.04,0.71
凯瑞德,sz002072,7.42,7.41,7.36,3517100.0,7.42,10100,7.43,47300,0.13,7.47,7.32,3517100,25980000.0,0.96,2.02,27.27,27.28,8.15,6.67,0.62
莱克电气,sh603355,30.63,30.48,30.67,4002300.0,30.63,23600,30.65,8500,0.49,30.99,29.9,4002300,122390000.0,0.7,3.58,175.63,175.63,33.53,27.43,1.07
九牧王,sh601566,10.72,10.52,10.52,8604500.0,10.7,8500,10.72,80600,1.9,10.8,10.51,8604500,91830000.0,1.5,2.76,61.6,61.6,11.57,9.47,1.38
金钟股份,sz301133,46.42,46.29,46.29,2298600.0,46.42,200,46.43,3800,0.28,47.69,44.9,2298600,107340000.0,2.07,6.03,51.59,56.38,55.55,37.03,0.69
粤海饲料,sz001313,8.54,8.41,8.36,14358000.0,8.54,95600,8.55,144100,1.55,8.58,8.35,14358000,121700000.0,2.05,2.73,59.71,59.78,9.25,7.57,0.99
震有科技,sh688418,44.95,46.69,46.45,1143501800.0,44.95,4900,44.96,200,-3.73,46.45,43.46,1143501800,510430000.0,5.94,6.4,86.55,86.55,56.03,37.35,1.05
通宇通讯,sz002792,45.62,49.1,48.5,49812500.0,45.61,255000,45.62,52300,-7.09,48.67,45.0,49812500,2317680000.0,14.75,7.47,154.12,238.97,54.01,44.19,0.79
ST思科瑞,sh688053,38.67,39.16,39.19,96860200.0,38.66,800,38.67,2800,-1.25,39.48,38.48,96860200,37620000.0,0.97,2.55,38.67,38.67,46.99,31.33,0.7
银河电子,sz002519,7.87,8.12,8.01,63222100.0,7.87,435800,7.88,334100,-3.08,8.05,7.8,63222100,499080000.0,5.66,3.08,87.96,88.65,8.93,7.31,0.62
景业智能,sh688290,54.48,54.48,54.47,107418100.0,54.32,500,54.48,2400,0.0,55.95,54.22,107418100,59030000.0,1.05,3.18,55.67,55.67,65.38,43.58,0.82
上海沪工,sh603131,20.51,21.06,21.03,6545500.0,20.5,56400,20.51,6100,-2.61,21.03,20.38,6545500,134650000.0,1.94,3.09,69.1,69.1,23.17,18.95,0.65
皮阿诺,sz002853,25.97,27.64,27.28,4311300.0,25.97,33400,25.98,6900,-6.04,27.41,25.8,4311300,113610000.0,3.35,5.82,33.42,47.5,30.4,24.88,0.89
国机重装,sh601399,4.18,4.32,4.33,122803900.0,4.18,768300,4.19,429600,-3.24,4.33,4.16,122803900,515180000.0,1.7,3.94,301.53,301.53,4.75,3.89,0.83
莱赛激光,bj920363,16.5,17.09,17.15,1167500.0,16.5,3400,16.51,9000,-3.45,17.18,16.45,1167500,19398500.0,2.29,4.27,8.43,15.75,22.21,11.97,0.83
威帝股份,sh603023,4.39,4.33,4.31,9603400.0,4.38,13100,4.39,103200,1.39,4.41,4.29,9603400,41760000.0,1.72,2.77,24.5,24.5,4.76,3.9,0.89
冰山冷热,sz000530,5.69,5.96,5.8,32194400.0,5.68,131500,5.69,23900,-4.53,5.87,5.53,32194400,181760000.0,5.36,5.7,34.15,47.98,6.56,5.36,1.4
科达自控,bj920932,14.94,15.41,15.36,1240800.0,14.93,4100,14.94,1500,-3.05,15.44,14.93,1240800,18670900.0,1.43,3.31,12.97,15.74,20.03,10.79,0.7
南京商旅,sh600250,10.99,11.22,11.14,14413100.0,10.98,112700,10.99,17100,-2.05,11.16,10.92,14413100,158840000.0,4.61,2.14,34.38,34.38,12.34,10.1,0.68
航天晨光,sh600501,22.83,23.39,23.22,6078900.0,22.83,9400,22.84,23500,-2.39,23.37,22.79,6078900,139490000.0,1.42,2.48,97.67,97.67,25.73,21.05,0.65
德联集团,sz002666,4.96,5.27,5.2,28319000.0,4.96,39300,4.97,10600,-5.88,5.2,4.84,28319000,140030000.0,5.66,6.83,24.83,39.08,5.8,4.74,2.76
航天电子,sh600879,23.62,25.02,24.85,183517700.0,23.61,270800,23.62,797700,-5.6,24.85,23.6,183517700,4400120000.0,5.56,5.0,779.29,779.29,27.52,22.52,0.84
东箭科技,sz300978,10.93,10.92,10.88,3453100.0,10.92,5500,10.93,4500,0.09,11.03,10.77,3453100,37640000.0,1.76,2.38,21.41,46.2,13.1,8.74,1.29
瑞星股份,bj920717,8.97,9.25,9.19,972500.0,8.96,16300,8.97,2800,-3.03,9.19,8.93,972500,8790800.0,2.2,2.81,3.97,10.29,12.02,6.48,0.73
中国卫通,sh601698,36.09,38.2,38.2,93283000.0,36.09,173100,36.1,63900,-5.52,38.2,35.71,93283000,3391760000.0,2.21,6.52,1524.58,1524.58,42.02,34.38,0.8
红旗连锁,sz002697,5.14,5.17,5.15,14346300.0,5.14,6100,5.15,205900,-0.58,5.17,5.11,14346300,73680000.0,1.25,1.16,58.87,69.9,5.69,4.65,0.78
立方退,sz300344,0.25,0.25,0.0,0.0,0.0,0,0.0,0,0.0,0.0,0.0,0,0.0,0.0,0.0,1.6,1.6,-1.0,-1.0,0.0
上海瀚讯,sz300762,39.88,41.4,41.23,34108000.0,39.88,5500,39.89,5300,-3.67,41.66,39.5,34108000,1371640000.0,5.43,5.22,250.43,250.43,49.68,33.12,0.69
中超控股,sz002471,8.6,9.11,9.05,175683000.0,8.6,2210900,8.61,139900,-5.6,9.11,8.56,175683000,1530990000.0,13.09,6.04,115.45,117.71,10.02,8.2,0.71
大鹏工业,bj920091,58.06,59.0,58.88,644600.0,58.05,100,58.06,400,-1.59,59.9,57.8,644600,37782400.0,4.45,3.56,8.42,35.69,76.7,41.3,0.43
佳缘科技,sz301117,44.37,44.89,43.9,3951800.0,44.37,2800,44.38,5200,-1.16,44.93,43.59,3951800,174750000.0,4.97,2.99,35.25,57.31,53.87,35.91,0.7
海王生物,sz000078,3.35,3.33,3.31,104812100.0,3.34,824600,3.35,348900,0.6,3.43,3.28,104812100,351620000.0,3.99,4.5,87.99,88.14,3.66,3.0,0.58
华体科技,sh603679,13.62,13.73,13.6,3709100.0,13.62,2600,13.65,9800,-0.8,13.76,13.43,3709100,50360000.0,2.09,2.4,24.2,24.2,15.1,12.36,0.79
天银机电,sz300342,70.89,72.33,71.06,61263800.0,70.88,17800,70.89,311900,-1.99,74.35,69.99,61263800,4386290000.0,14.63,6.03,296.89,301.31,86.8,57.86,0.84
陕西华达,sz301517,68.66,70.02,70.2,7035500.0,68.62,3400,68.66,9200,-1.94,70.88,67.02,7035500,481480000.0,7.17,5.51,67.39,103.84,84.02,56.02,0.62
曲江文旅,sh600706,9.25,9.33,9.29,5751400.0,9.25,15100,9.26,800,-0.86,9.33,9.13,5751400,53080000.0,2.26,2.14,23.5,23.59,10.26,8.4,0.8
渤海化学,sh600800,4.58,4.86,4.83,41630000.0,4.57,145100,4.58,15700,-5.76,4.85,4.54,41630000,193400000.0,3.75,6.38,50.83,50.84,5.35,4.37,0.81
珠江股份,sh600684,4.6,4.64,4.67,11911900.0,4.59,49400,4.6,8900,-0.86,4.67,4.55,11911900,54640000.0,1.4,2.59,39.26,50.88,5.1,4.18,0.8
航天机电,sh600151,14.75,15.33,15.25,98013400.0,14.75,269600,14.76,133300,-3.78,15.58,14.65,98013400,1477260000.0,6.83,6.07,211.55,211.55,16.86,13.8,0.91
恒盛能源,sh605580,21.95,22.33,22.24,2344500.0,21.94,13800,21.95,5000,-1.7,22.38,21.91,2344500,51740000.0,0.84,2.1,61.46,61.46,24.56,20.1,0.58
中国高科,sh600730,8.21,8.55,8.31,28819800.0,8.2,128300,8.21,52400,-3.98,8.47,8.05,28819800,236620000.0,4.91,4.91,48.16,48.16,9.41,7.7,1.18
钧达股份,sz002865,74.87,76.38,76.0,12662900.0,74.86,1200,74.87,14500,-1.98,76.0,72.28,12662900,938030000.0,5.66,4.87,167.36,233.04,84.02,68.74,0.61
顺灏股份,sz002565,19.8,19.76,19.55,319090000.0,19.79,23500,19.8,464800,0.2,20.9,17.9,319090000,6193610000.0,30.1,15.18,209.87,209.88,21.74,17.78,1.23
星辰科技,bj920885,20.14,20.45,20.61,2227500.0,20.12,800,20.14,2100,-1.52,20.64,20.02,2227500,45067800.0,2.52,3.03,17.82,34.4,26.58,14.32,0.49
博纳影业,sz001330,7.81,8.44,8.22,134904500.0,7.8,1363800,7.81,148200,-7.46,8.22,7.74,134904500,1067060000.0,9.81,5.69,107.35,107.35,9.28,7.6,0.69
久之洋,sz300516,52.19,60.81,55.69,10781400.0,52.19,6200,52.2,4800,-14.18,56.5,51.08,10781400,571130000.0,5.99,8.91,93.94,93.94,72.97,48.65,1.87
禾信仪器,sh688622,76.6,79.02,79.03,207947300.0,76.6,3400,76.65,4800,-3.06,81.0,75.85,207947300,161660000.0,2.95,6.52,53.92,53.98,94.82,63.22,0.88
长药退,sz300391,0.19,0.19,0.0,0.0,0.0,0,0.0,0,0.0,0.0,0.0,0,0.0,0.0,0.0,0.67,0.67,-1.0,-1.0,0.0
天玑科技,sz300245,12.01,12.44,12.27,14650100.0,12.0,104500,12.01,27100,-3.46,12.37,11.87,14650100,176220000.0,4.81,4.02,36.56,36.64,14.93,9.95,0.69
汉鑫科技,bj920092,29.82,30.63,30.66,1273500.0,29.81,5100,29.82,7800,-2.64,31.32,29.61,1273500,38482700.0,3.86,5.58,9.83,18.51,39.81,21.45,0.83
同大股份,sz300321,36.3,38.49,38.49,2946500.0,36.3,10000,36.36,1600,-5.69,38.68,35.92,2946500,108000000.0,3.32,7.17,32.2,32.23,46.19,30.79,0.9
ST福能,sz300173,4.29,4.23,4.21,11323100.0,4.29,16700,4.3,359600,1.42,4.3,4.21,11323100,48280000.0,1.54,2.13,31.52,31.52,5.08,3.38,1.05
创识科技,sz300941,18.28,18.69,18.48,6378000.0,18.27,2200,18.28,100,-2.19,18.68,17.87,6378000,116080000.0,6.0,4.33,19.43,37.43,22.43,14.95,1.94
誉帆科技,sz001396,44.46,45.66,45.57,1510200.0,44.46,2200,44.49,300,-2.63,45.57,44.0,1510200,67240000.0,6.8,3.44,9.87,47.53,50.23,41.09,0.48
双欣材料,sz001369,15.72,15.77,15.61,10607000.0,15.72,19000,15.73,13000,-0.32,15.84,15.57,10607000,166500000.0,5.28,1.71,31.6,180.31,17.35,14.19,0.63
江天科技,bj920121,35.8,36.16,36.17,155800.0,35.8,1000,35.81,900,-1.0,36.25,35.78,155800,5606000.0,1.31,1.3,4.26,23.65,47.0,25.32,0.4
蘅东光,bj920045,535.0,590.0,577.0,1641200.0,535.0,3100,536.0,600,-9.32,583.85,527.48,1641200,906075600.0,8.15,9.55,107.68,364.18,767.0,413.0,0.91
强一股份,sh688809,406.76,404.5,406.0,225361400.0,406.76,3000,406.8,200,0.56,415.98,400.6,225361400,921240000.0,9.25,3.8,99.06,527.0,485.4,323.6,0.76
健信超导,sh688805,54.18,54.0,54.08,352476100.0,54.18,17600,54.19,300,0.33,54.84,53.07,352476100,191030000.0,11.18,3.28,17.08,90.85,64.8,43.2,0.65
陕西旅游,sh603402,132.48,133.74,132.8,613600.0,132.45,100,132.5,1000,-0.94,132.85,131.73,613600,81070000.0,3.17,0.84,25.61,102.45,147.11,120.37,0.43
新广益,sz301687,58.8,57.86,58.5,3832300.0,58.8,6500,58.82,500,1.62,61.4,57.87,3832300,228590000.0,12.98,6.1,17.37,86.36,69.43,46.29,0.98
至信股份,sh603352,37.34,37.75,37.75,1683300.0,37.34,4900,37.35,3200,-1.09,37.91,37.06,1683300,62930000.0,3.79,2.25,16.59,84.64,41.53,33.98,1.1
科马材料,bj920086,29.97,30.83,30.8,2100300.0,29.97,3400,29.98,500,-2.79,31.15,29.89,2100300,63575600.00000001,7.85,4.09,8.02,25.08,40.07,21.59,0.74
国亮新材,bj920076,20.14,20.6,20.55,712900.0,20.14,3500,20.15,3600,-2.23,20.64,20.12,712900,14447200.0,3.61,2.52,3.98,16.84,26.78,14.42,0.45
爱舍伦,bj920050,33.15,33.63,33.83,484000.0,33.15,9900,33.16,900,-1.43,33.88,32.91,484000,16074600.0,2.67,2.88,6.0,22.44,43.71,23.55,0.72
农大科技,bj920159,42.7,42.68,41.85,3604100.0,42.7,2100,42.74,100,0.05,45.66,41.2,3604100,157203700.0,25.03,10.45,6.15,32.45,55.48,29.88,1.74
恒运昌,sh688785,292.55,289.9,288.1,62066200.0,292.55,1000,292.87,600,0.91,298.4,284.9,62066200,181340000.0,4.88,4.66,37.23,198.06,347.88,231.92,0.82
美德乐,bj920119,92.6,93.22,94.2,699000.0,92.58,0,92.6,300,-0.67,94.8,92.11,699000,65159900.0,3.68,2.89,17.57,66.79,121.18,65.26,0.51
振石股份,sh601112,19.98,20.19,20.06,12441200.0,19.98,13200,19.99,63600,-1.04,20.32,19.75,12441200,248680000.0,7.02,2.82,35.41,347.73,22.21,18.17,0.89
北芯生命-U,sh688712,40.58,39.86,39.86,270510200.0,40.57,3900,40.58,200,1.81,40.58,38.83,270510200,107460000.0,7.29,4.39,15.06,169.22,47.83,31.89,0.96
世盟股份,sz001220,44.57,43.79,43.78,3219000.0,44.57,600,44.59,300,1.78,45.4,43.03,3219000,142760000.0,14.24,5.41,10.08,41.13,48.17,39.41,0.89
海圣医疗,bj920166,27.7,28.27,28.05,888600.0,27.7,4800,27.71,600,-2.02,28.67,27.7,888600,24956100.0,3.74,3.43,6.58,20.86,36.75,19.79,0.68
易思维,sh688816,65.38,65.3,65.1,86694600.0,65.38,300,65.39,200,0.12,65.76,64.5,86694600,56430000.0,4.5,1.93,12.61,65.38,78.36,52.24,0.54
爱得科技,bj920180,15.99,16.21,16.26,2410400.0,15.97,13000,15.99,17000,-1.36,16.4,15.93,2410400,38818100.0,6.76,2.9,5.7,18.89,21.07,11.35,1.06
林平发展,sh603284,53.89,54.2,53.01,1624400.0,53.89,9400,53.9,500,-0.57,54.51,53.01,1624400,87530000.0,8.79,2.77,9.96,40.64,59.62,48.78,0.63
电科蓝天,sh688818,66.34,69.72,69.04,1659919100.0,66.34,2800,66.35,4700,-4.85,69.64,65.5,1659919100,1109800000.0,12.57,5.94,87.58,1152.28,83.66,55.78,0.67
通宝光电,bj920168,21.41,21.65,21.67,882400.0,21.37,1400,21.41,1300,-1.11,21.92,21.32,882400,19015100.0,3.13,2.77,6.03,16.09,28.14,15.16,0.5
海菲曼,bj920183,38.93,38.9,38.97,757900.0,38.93,3000,38.94,200,0.08,40.04,38.82,757900,29801600.0,6.74,3.14,4.38,19.06,50.57,27.23,0.69
通领科技,bj920187,37.53,37.2,38.2,1384000.0,37.46,600,37.53,8700,0.89,38.35,37.32,1384000,52404799.99999999,6.05,2.77,8.59,23.42,48.36,26.04,1.18
固德电材,sz301680,102.43,102.27,101.39,1593900.0,102.43,10400,102.44,4000,0.16,103.49,100.1,1593900,162520000.0,9.49,3.31,17.21,84.81,122.72,81.82,0.72
