name,code,now,close,open,volume,bid1,bid1_volume,ask1,ask1_volume,涨跌(%),high,low,成交量(手),成交额(万),turnover,振幅,流通市值,总市值,涨停价,跌停价,量比
纳百川,sz301667,66.94,67.04,67.04,20900.0,66.94,200,67.0,600,-0.15,67.08,66.94,20900,1400000.0,0.09,0.21,15.06,74.75,80.45,53.63,3.32
锡华科技,sh603248,22.65,22.65,22.61,26700.0,22.61,700,22.65,6600,0.0,22.65,22.58,26700,600000.0,0.04,0.31,15.7,104.19,24.92,20.39,2.2
天溯计量,sz301449,78.31,78.33,78.37,23100.0,78.3,500,78.37,200,-0.03,78.58,78.28,23100,1810000.0,0.17,0.38,10.9,51.07,94.0,62.66,5.68
美埃科技,sh688376,65.4,65.5,64.95,2971200.0,65.13,2000,65.27,900,-0.15,65.6,64.95,2971200,1940000.0,0.02,0.99,88.45,88.45,78.6,52.4,3.45
同飞股份,sz300990,86.29,87.8,86.05,117800.0,86.29,100,86.72,500,-1.72,87.0,86.05,117800,10160000.0,0.15,1.08,66.55,147.19,105.36,70.24,10.46
中光防雷,sz300414,15.22,15.24,15.2,80500.0,15.2,10200,15.22,500,-0.13,15.24,15.19,80500,1220000.0,0.03,0.33,47.72,49.62,18.29,12.19,1.66
苏州天脉,sz301626,173.32,174.46,174.13,2200.0,173.32,100,173.75,100,-0.65,174.13,173.0,2200,380000.0,0.0,0.65,91.2,200.5,209.35,139.57,0.5
ST名家汇,sz300506,5.03,5.07,5.07,406000.0,5.03,47800,5.07,4000,-0.79,5.09,5.03,406000,2060000.0,0.06,1.18,36.96,71.71,6.08,4.06,9.01
森赫股份,sz301056,16.29,16.24,16.2,73100.0,16.22,5300,16.29,1500,0.31,16.32,16.16,73100,1180000.0,0.04,0.99,28.67,43.46,19.49,12.99,4.63
宏达电子,sz300726,50.04,50.45,49.92,139900.0,49.94,200,50.04,4700,-0.81,50.2,49.9,139900,6990000.0,0.07,0.59,107.3,206.08,60.54,40.36,4.98
宏源药业,sz301246,21.24,21.2,21.22,96900.0,21.22,4000,21.25,2600,0.19,21.24,21.16,96900,2050000.0,0.06,0.38,33.99,84.96,25.44,16.96,2.44
华盛锂电,sh688353,105.99,106.95,106.0,2303500.0,105.6,200,105.98,800,-0.9,106.0,105.5,2303500,2440000.0,0.01,0.47,169.05,169.05,128.34,85.56,0.9
鼎泰高科,sz301377,179.1,182.66,180.54,51800.0,179.05,100,179.1,200,-1.95,181.44,179.1,51800,9350000.0,0.07,1.28,127.2,734.31,219.19,146.13,3.12
腾景科技,sh688195,225.38,231.22,226.0,11911200.0,225.38,300,225.8,200,-2.53,226.0,224.0,11911200,26870000.0,0.09,0.86,291.53,291.53,277.46,184.98,3.7
珂玛科技,sz301611,121.5,122.45,119.0,278600.0,121.04,200,121.48,200,-0.78,121.51,119.0,278600,33340000.0,0.19,2.05,178.1,529.74,146.94,97.96,6.79
新诺威,sz300765,34.87,34.39,34.63,66400.0,34.85,500,34.87,3100,1.4,34.88,34.63,66400,2310000.0,0.0,0.73,489.78,489.78,41.27,27.51,1.53
安达智能,sh688125,173.58,173.61,173.35,729800.0,173.58,2000,173.82,200,-0.02,173.59,173.35,729800,1270000.0,0.01,0.14,141.8,142.55,208.33,138.89,1.59
杰华特,sh688141,51.35,50.4,51.0,24952100.0,51.35,7500,51.99,1700,1.88,51.98,51.0,24952100,12800000.0,0.06,1.94,231.24,231.24,60.48,40.32,7.5
铜冠铜箔,sz301217,36.68,36.96,37.28,2298800.0,36.68,19200,36.72,100,-0.76,37.37,36.56,2298800,85350000.0,0.28,2.19,304.08,304.08,44.35,29.57,15.66
海科新源,sz301292,58.18,58.22,58.0,226500.0,58.14,1900,58.19,14600,-0.07,58.19,57.6,226500,13130000.0,0.27,1.01,49.49,129.62,69.86,46.58,3.43
奕东电子,sz301123,59.87,61.72,58.78,431300.0,59.87,200,59.98,1000,-3.0,59.99,58.78,431300,25440000.0,0.18,1.96,139.86,140.48,74.06,49.38,12.82
安通控股,sh600179,4.92,4.94,4.93,178300.0,4.92,36000,4.93,108200,-0.4,4.93,4.92,178300,880000.0,0.0,0.2,190.02,208.19,5.43,4.45,0.81
华联控股,sz000036,5.64,5.64,5.63,479600.0,5.63,53600,5.64,9000,0.0,5.64,5.62,479600,2700000.0,0.03,0.35,79.02,79.18,6.2,5.08,2.64
滨海能源,sz000695,12.47,12.5,12.46,28200.0,12.47,2600,12.48,100,-0.24,12.5,12.46,28200,350000.0,0.01,0.32,27.66,28.9,13.75,11.25,0.87
嘉美包装,sz002969,32.6,33.39,31.55,5785500.0,32.61,1200,32.75,27600,-2.37,32.75,31.55,5785500,183660000.0,0.53,3.59,355.43,357.43,36.73,30.05,16.26
联发股份,sz002394,13.79,13.75,13.83,72200.0,13.75,500,13.77,500,0.29,13.83,13.73,72200,1000000.0,0.02,0.73,44.58,44.64,15.13,12.38,2.64
海汽集团,sh603069,22.59,22.19,22.65,228400.0,22.55,1600,22.59,400,1.8,22.67,22.5,228400,5170000.0,0.07,0.77,71.38,71.38,24.41,19.97,8.42
胜通能源,sz001331,50.5,50.17,50.0,121500.0,50.18,100,50.44,100,0.66,50.74,49.99,121500,6100000.0,0.07,1.49,84.78,142.53,55.19,45.15,3.72
海南瑞泽,sz002596,4.37,4.33,4.37,1276800.0,4.36,79700,4.37,12400,0.92,4.38,4.35,1276800,5580000.0,0.11,0.69,50.1,50.15,4.76,3.9,7.49
多氟多,sz002407,29.75,29.91,29.6,666600.0,29.75,19500,29.76,1200,-0.53,29.76,29.6,666600,19750000.0,0.06,0.53,321.46,354.15,32.9,26.92,2.27
章源钨业,sz002378,31.62,30.4,31.47,9025200.0,31.61,5000,31.62,208200,4.01,31.93,31.28,9025200,284440000.0,0.76,2.14,377.9,379.89,33.44,27.36,23.78
神剑股份,sz002361,13.48,13.25,13.4,4008200.0,13.48,26700,13.49,6300,1.74,13.55,13.4,4008200,53840000.0,0.5,1.13,109.07,128.2,14.58,11.93,3.65
圣晖集成,sh603163,116.5,117.26,116.5,42200.0,116.39,300,116.5,1700,-0.65,116.8,116.0,42200,4920000.0,0.04,0.68,116.5,116.5,128.99,105.53,2.9
万润股份,sz002643,16.95,17.08,17.01,421500.0,16.95,29700,16.97,11600,-0.76,17.05,16.95,421500,7160000.0,0.05,0.59,154.13,156.44,18.79,15.37,6.23
快克智能,sh603203,38.71,39.01,38.7,28600.0,38.71,3800,38.96,1500,-0.77,38.8,38.5,28600,1110000.0,0.01,0.77,96.45,98.19,42.91,35.11,2.51
海南发展,sz002163,15.65,15.4,15.58,1129700.0,15.63,3600,15.65,22000,1.62,15.65,15.5,1129700,17610000.0,0.14,0.97,125.76,132.24,16.94,13.86,3.1
宏和科技,sh603256,73.0,73.27,73.33,966800.0,72.51,300,73.3,30100,-0.37,73.5,72.38,966800,70830000.0,0.11,1.53,642.2,642.2,80.6,65.94,9.31
亚翔集成,sh603929,141.55,140.88,141.0,59500.0,141.51,1200,141.86,2500,0.48,141.98,141.0,59500,8400000.0,0.03,0.7,302.01,302.01,154.97,126.79,3.13
世嘉科技,sz002796,49.16,48.4,48.39,981600.0,49.16,22200,49.37,1800,1.57,49.37,48.39,981600,47650000.0,0.43,2.02,111.94,124.06,53.24,43.56,11.32
深圳新星,sh603978,24.66,24.69,24.69,27200.0,24.61,700,24.66,100,-0.12,24.8,24.59,27200,670000.0,0.01,0.85,52.06,52.06,27.16,22.22,0.74
友邦吊顶,sz002718,67.64,67.27,68.0,50200.0,67.92,100,68.34,3800,0.55,68.27,66.54,50200,3400000.0,0.09,2.57,36.87,87.56,74.0,60.54,3.26
九鼎新材,sz002201,13.07,13.2,13.2,865700.0,13.07,18100,13.08,36200,-0.98,13.22,13.07,865700,11400000.0,0.14,1.14,78.68,85.17,14.52,11.88,2.77
国风新材,sz000859,10.97,10.88,10.84,1306900.0,10.96,400,10.97,81700,0.83,10.97,10.8,1306900,14200000.0,0.15,1.56,98.28,98.29,11.97,9.79,4.01
天际股份,sz002759,38.37,39.56,35.63,23473500.0,38.0,18700,38.37,100,-3.01,38.37,35.62,23473500,838710000.0,4.69,6.95,192.21,192.38,43.52,35.6,91.82
东材科技,sh601208,27.87,28.12,27.7,595100.0,27.87,16100,27.91,100,-0.89,27.9,27.7,595100,16510000.0,0.06,0.71,281.54,281.54,30.93,25.31,2.96
三孚股份,sh603938,26.04,26.28,25.99,67300.0,26.04,4800,26.08,200,-0.91,26.07,25.88,67300,1750000.0,0.02,0.72,99.64,99.64,28.91,23.65,1.66
航天工程,sh603698,34.26,35.87,34.1,628700.0,34.25,15200,34.5,1000,-4.49,34.88,34.1,628700,21480000.0,0.12,2.17,183.63,183.63,39.46,32.28,2.98
翔鹭钨业,sz002842,38.75,38.51,37.59,3235600.0,38.72,800,38.75,46600,0.62,38.9,37.59,3235600,122480000.0,1.21,3.4,104.03,126.78,42.36,34.66,13.63
天赐材料,sz002709,41.82,42.0,41.54,614100.0,41.82,2200,41.87,1100,-0.43,41.87,41.54,614100,25560000.0,0.04,0.79,629.16,850.57,46.2,37.8,2.76
安记食品,sh603696,18.82,18.74,18.8,88900.0,18.82,5400,18.88,3800,0.43,18.88,18.8,88900,1670000.0,0.04,0.43,44.26,44.26,20.61,16.87,1.2
柏诚股份,sh601133,16.85,16.97,16.9,154600.0,16.82,1200,16.85,3900,-0.71,16.9,16.81,154600,2610000.0,0.1,0.53,25.17,88.97,18.67,15.27,2.28
德尔未来,sz002631,5.76,5.76,5.76,98400.0,5.76,9100,5.77,4400,0.0,5.78,5.75,98400,570000.0,0.01,0.52,45.71,45.92,6.34,5.18,2.17
创元科技,sz000551,14.95,14.99,14.98,101200.0,14.94,1600,14.95,1200,-0.27,14.99,14.93,101200,1520000.0,0.02,0.4,72.21,72.47,16.49,13.49,1.68
浔兴股份,sz002098,10.02,10.0,10.0,29200.0,10.01,700,10.02,1100,0.2,10.04,10.0,29200,290000.0,0.01,0.4,35.87,35.87,11.0,9.0,0.98
合兴包装,sz002228,4.43,4.42,4.43,243800.0,4.43,103100,4.44,78000,0.23,4.44,4.42,243800,1080000.0,0.02,0.45,53.57,53.75,4.86,3.98,1.93
神农种业,sz300189,7.25,7.17,7.23,1978700.0,7.25,42900,7.26,198500,1.12,7.26,7.2,1978700,14310000.0,0.22,0.84,64.25,74.24,8.6,5.74,3.19
南宁百货,sh600712,6.39,6.38,6.38,54000.0,6.38,5900,6.39,72500,0.16,6.41,6.38,54000,340000.0,0.01,0.47,34.42,34.8,7.02,5.74,1.7
集泰股份,sz002909,7.41,7.44,7.44,234400.0,7.4,9900,7.41,10900,-0.4,7.45,7.4,234400,1740000.0,0.06,0.67,28.19,28.9,8.18,6.7,6.02
鹏辉能源,sz300438,48.59,48.99,49.05,257100.0,48.59,1100,48.61,600,-0.82,49.09,48.51,257100,12570000.0,0.06,1.18,196.38,244.57,58.79,39.19,2.63
大中矿业,sz001203,32.87,33.1,32.87,553600.0,32.85,3300,32.87,67900,-0.69,33.0,32.81,553600,18200000.0,0.04,0.57,432.34,503.92,36.41,29.79,4.53
菱电电控,sh688667,91.35,92.21,91.39,2885500.0,91.22,400,91.3,3300,-0.93,92.13,91.3,2885500,2640000.0,0.05,0.9,48.14,48.14,110.65,73.77,4.44
海南海药,sz000566,6.24,6.23,6.23,240200.0,6.24,30300,6.25,9400,0.16,6.26,6.23,240200,1500000.0,0.02,0.48,80.92,80.96,6.85,5.61,1.97
鲁信创投,sh600783,23.21,23.23,23.24,132400.0,23.19,400,23.21,7300,-0.09,23.25,23.19,132400,3080000.0,0.02,0.26,172.77,172.77,25.55,20.91,1.36
鸿富瀚,sz301086,128.39,131.1,129.49,58500.0,128.39,700,128.52,100,-2.07,130.73,128.39,58500,7570000.0,0.12,1.78,60.78,115.55,157.32,104.88,5.86
鹭燕医药,sz002788,15.56,15.52,15.52,213600.0,15.55,900,15.56,16300,0.26,15.56,15.52,213600,3320000.0,0.06,0.26,59.41,60.45,17.07,13.97,1.44
青鸟消防,sz002960,11.71,11.75,11.71,207000.0,11.7,12300,11.71,5600,-0.34,11.73,11.69,207000,2420000.0,0.03,0.34,87.56,102.5,12.93,10.58,3.38
和林微纳,sh688661,83.25,83.76,83.5,1208800.0,83.0,400,83.25,2300,-0.61,83.5,83.24,1208800,1010000.0,0.01,0.31,126.45,126.45,100.51,67.01,0.65
联特科技,sz301205,189.87,193.79,190.9,96400.0,189.25,200,189.88,3200,-2.02,190.9,189.2,96400,18350000.0,0.14,0.88,129.03,246.34,232.55,155.03,2.52
天华新能,sz300390,48.09,48.35,47.66,279500.0,48.09,7200,48.1,900,-0.54,48.1,47.66,279500,13360000.0,0.04,0.91,323.42,399.51,58.02,38.68,2.22
可川科技,sh603052,60.92,61.95,60.72,129400.0,60.92,200,61.15,1600,-1.66,61.15,60.71,129400,7870000.0,0.07,0.71,114.47,114.47,68.15,55.76,2.46
华康洁净,sz301235,44.41,46.2,45.11,474500.0,44.38,100,44.41,14700,-3.87,45.26,44.41,474500,21340000.0,0.65,1.84,32.31,47.86,55.44,36.96,14.41
石大胜华,sh603026,65.5,65.66,65.5,20400.0,65.3,300,65.45,200,-0.24,65.5,65.1,20400,1330000.0,0.01,0.61,132.76,152.42,72.23,59.09,0.94
天宏锂电,bj920252,29.4,29.31,29.6,26900.0,29.41,700,29.64,6300,0.31,29.6,29.4,26900,794599.9999999999,0.04,0.68,20.06,30.18,38.1,20.52,3.03
华瑞股份,sz300626,18.86,18.99,18.97,23100.0,18.85,3600,18.86,1300,-0.68,18.97,18.85,23100,440000.0,0.01,0.63,33.93,33.95,22.79,15.19,0.55
京能电力,sh600578,5.21,5.23,5.21,190700.0,5.21,35000,5.22,87800,-0.38,5.22,5.21,190700,990000.0,0.0,0.19,348.79,348.79,5.75,4.71,1.68
山东黄金,sh600547,45.78,46.95,45.68,1499500.0,45.74,10100,45.78,76700,-2.49,46.0,45.68,1499500,68640000.0,0.04,0.68,1654.69,2110.43,51.65,42.26,5.69
同惠电子,bj920509,35.93,35.99,35.95,21100.0,35.93,800,36.1,1600,-0.17,36.16,35.93,21100,758400.0,0.03,0.64,30.06,57.6,46.78,25.2,3.33
博威合金,sh601137,20.1,20.25,20.12,209100.0,20.09,1100,20.1,3800,-0.74,20.18,20.09,209100,4210000.0,0.02,0.44,184.43,184.57,22.28,18.23,2.39
四方达,sz300179,20.28,20.53,20.36,509600.0,20.27,500,20.28,1400,-1.22,20.43,20.26,509600,10370000.0,0.14,0.83,75.84,98.5,24.64,16.42,3.46
海博思创,sh688411,221.4,222.81,221.06,1579900.0,221.4,100,221.92,800,-0.63,222.2,221.06,1579900,3500000.0,0.01,0.51,293.52,398.72,267.37,178.25,1.28
天振股份,sz301356,22.86,22.91,22.98,64500.0,22.87,1100,22.9,400,-0.22,23.0,22.73,64500,1480000.0,0.12,1.18,12.53,49.38,27.49,18.33,11.05
艾可蓝,sz300816,61.22,61.43,61.3,13700.0,61.14,100,61.15,200,-0.34,61.45,61.14,13700,840000.0,0.02,0.5,34.69,48.98,73.72,49.14,1.01
富祥药业,sz300497,16.02,16.13,16.04,129900.0,16.01,1000,16.02,1900,-0.68,16.04,16.0,129900,2080000.0,0.03,0.25,70.62,86.29,19.36,12.9,1.49
云南锗业,sz002428,34.45,35.19,34.6,942500.0,34.43,600,34.45,15100,-2.1,34.62,34.43,942500,32580000.0,0.14,0.54,224.97,225.0,38.71,31.67,8.21
中钨高新,sz000657,54.8,55.33,53.53,2004300.0,54.76,200,54.8,6200,-0.96,54.8,53.53,2004300,107800000.0,0.14,2.3,796.2,1248.68,60.86,49.8,5.52
泓禧科技,bj920857,26.48,26.7,26.6,5900.0,26.45,200,26.57,100,-0.82,26.6,26.48,5900,157700.0,0.01,0.45,19.6,19.6,34.71,18.69,2.13
盛剑科技,sh603324,26.34,26.27,26.27,2700.0,26.28,200,26.33,200,0.27,26.37,26.27,2700,70000.0,0.0,0.38,38.9,38.9,28.9,23.64,0.59
厦钨新能,sh688778,83.62,84.8,83.8,6106200.0,83.03,800,83.62,3200,-1.39,83.8,82.74,6106200,5090000.0,0.01,1.25,422.02,422.02,101.76,67.84,3.46
湖南裕能,sz301358,66.18,66.9,66.23,422400.0,66.05,600,66.18,15400,-1.08,66.38,66.05,422400,27980000.0,0.06,0.49,502.93,503.5,80.28,53.52,4.73
万润新能,sh688275,82.1,82.99,82.58,1889900.0,82.02,300,82.43,200,-1.07,82.64,82.02,1889900,1560000.0,0.02,0.75,69.45,103.54,99.59,66.39,0.85
菲菱科思,sz301191,119.78,117.99,119.46,100200.0,119.78,1700,119.87,1000,1.52,119.97,117.58,100200,11950000.0,0.19,2.03,62.52,83.06,141.59,94.39,8.04
英诺激光,sz301021,56.5,55.6,55.26,144300.0,56.5,500,56.6,3100,1.62,56.5,55.26,144300,8020000.0,0.09,2.23,86.3,86.36,66.72,44.48,6.35
中材科技,sz002080,48.9,49.87,49.87,2091700.0,48.89,1000,48.9,300,-1.95,49.98,48.81,2091700,103920000.0,0.12,2.35,820.6,820.6,54.86,44.88,8.62
茂莱光学,sh688502,368.88,371.51,371.0,674200.0,367.35,200,369.71,400,-0.71,371.0,367.35,674200,2500000.0,0.04,0.98,61.97,194.77,445.81,297.21,2.53
阿特斯,sh688472,15.0,15.04,15.07,31958000.0,15.0,25300,15.01,38400,-0.27,15.08,15.0,31958000,4810000.0,0.02,0.53,202.15,546.47,18.05,12.03,1.47
恩捷股份,sz002812,60.02,61.5,60.44,505800.0,60.01,9300,60.02,20500,-2.41,60.44,60.01,505800,30510000.0,0.06,0.7,493.75,589.53,67.65,55.35,3.02
荣亿精密,bj920223,20.27,20.59,20.13,192600.0,20.26,4000,20.27,12700,-1.55,20.58,20.11,192600,3883700.0,0.24,2.28,16.54,31.88,26.76,14.42,16.57
海峡股份,sz002320,10.52,10.49,10.48,129400.0,10.52,1100,10.53,5500,0.29,10.53,10.48,129400,1360000.0,0.01,0.48,235.09,235.09,11.54,9.44,1.23
山东赫达,sz002810,19.96,20.0,20.2,204900.0,19.96,900,19.98,600,-0.2,20.25,19.96,204900,4130000.0,0.06,1.45,64.49,69.63,22.0,18.0,2.3
东百集团,sh600693,13.69,13.45,13.65,838700.0,13.68,6800,13.69,9800,1.78,13.72,13.62,838700,11460000.0,0.1,0.74,118.96,119.08,14.8,12.11,2.59
海峡创新,sz300300,12.52,12.1,12.4,2754900.0,12.52,800,12.55,19300,3.47,12.55,12.37,2754900,34270000.0,0.41,1.49,83.48,83.49,14.52,9.68,5.61
锦华新材,bj920015,51.27,51.65,51.06,46800.0,51.15,2200,51.27,300,-0.74,51.5,51.06,46800,2390100.0,0.12,0.85,19.35,69.51,67.14,36.16,5.89
同宇新材,sz301630,180.86,182.6,180.8,10200.0,180.86,900,182.9,100,-0.95,180.86,180.0,10200,1840000.0,0.1,0.47,18.09,72.34,219.12,146.08,6.48
广钢气体,sh688548,22.97,23.35,23.0,30564600.0,22.92,600,22.97,34700,-1.63,23.0,22.77,30564600,7010000.0,0.04,0.99,158.77,303.07,28.02,18.68,2.84
马钢股份,sh600808,4.0,3.99,4.0,262700.0,3.99,10600,4.0,298700,0.25,4.01,3.99,262700,1050000.0,0.0,0.5,238.71,308.03,4.39,3.59,1.26
捷邦科技,sz301326,146.49,143.89,145.02,88300.0,146.37,1100,147.36,100,1.81,148.0,145.0,88300,12870000.0,0.32,2.08,40.0,106.51,172.67,115.11,8.48
华资实业,sh600191,12.2,12.2,12.23,82000.0,12.19,1200,12.2,70400,0.0,12.23,12.19,82000,1000000.0,0.02,0.33,59.16,59.16,13.42,10.98,2.13
永太科技,sz002326,28.77,28.77,0.0,0.0,0.0,0,0.0,0,0.0,0.0,0.0,0,0.0,0.0,0.0,232.51,266.16,31.65,25.89,0.0
浩通科技,sz301026,32.75,33.67,33.24,256000.0,32.72,1500,32.75,4600,-2.73,33.29,32.75,256000,8470000.0,0.22,1.6,37.44,51.83,40.4,26.94,6.03
申菱环境,sz301018,86.3,88.94,86.5,1105900.0,86.3,11900,86.53,1700,-2.97,86.9,85.5,1105900,95610000.0,0.56,1.57,171.74,229.6,106.73,71.15,14.72
鼎胜新材,sh603876,19.48,19.7,19.44,380500.0,19.48,5500,19.49,500,-1.12,19.55,19.42,380500,7400000.0,0.04,0.66,181.02,181.02,21.67,17.73,1.92
英维克,sz002837,111.11,109.45,109.51,5783900.0,111.13,3400,111.15,200,1.52,111.48,109.0,5783900,635280000.0,0.68,2.27,944.65,1085.05,120.4,98.51,29.85
赛恩斯,sh688480,96.74,98.72,98.0,2999400.0,96.33,1000,97.44,200,-2.01,98.72,96.74,2999400,2940000.0,0.03,2.01,92.22,92.22,118.46,78.98,2.52
华光新材,sh688379,52.0,52.8,52.26,4271800.0,51.99,4400,52.0,36200,-1.52,52.26,52.0,4271800,2230000.0,0.05,0.49,46.84,46.84,63.36,42.24,5.54
英特科技,sz301399,21.3,21.3,21.21,107100.0,21.29,15400,21.3,300,0.0,21.3,21.17,107100,2270000.0,0.2,0.61,11.65,39.41,25.56,17.04,5.17
德力股份,sz002571,12.13,12.16,12.22,24000.0,12.11,100,12.12,1200,-0.25,12.22,12.13,24000,290000.0,0.01,0.74,36.18,47.54,13.38,10.94,0.69
新疆火炬,sh603080,23.79,23.8,23.79,600.0,23.7,1600,23.77,1700,-0.04,23.79,23.79,600,10000.0,0.0,0.0,33.66,33.66,26.18,21.42,0.07
漱玉平民,sz301017,15.56,15.48,15.47,35400.0,15.56,3000,15.57,1600,0.52,15.59,15.47,35400,550000.0,0.01,0.78,37.91,63.11,18.58,12.38,1.06
菲利华,sz300395,98.57,100.42,99.42,451700.0,98.57,26900,98.59,300,-1.84,99.6,98.57,451700,44770000.0,0.09,1.03,504.31,514.8,120.5,80.34,3.53
新宙邦,sz300037,55.89,56.15,56.15,230900.0,55.89,7300,55.98,3600,-0.46,56.15,55.58,230900,12920000.0,0.04,1.02,300.92,420.18,67.38,44.92,2.91
恒坤新材,sh688727,54.63,55.0,54.92,2260300.0,54.63,1500,54.67,800,-0.67,54.92,54.63,2260300,1240000.0,0.04,0.53,27.45,245.46,66.0,44.0,1.31
国城矿业,sz000688,31.1,31.49,31.25,274600.0,31.07,400,31.1,1400,-1.24,31.4,31.06,274600,8570000.0,0.02,1.08,368.55,368.56,34.64,28.34,3.28
沃尔德,sh688028,87.29,88.06,87.26,2649600.0,87.1,300,87.29,1400,-0.87,87.93,87.2,2649600,2320000.0,0.02,0.83,131.76,131.76,105.67,70.45,1.47
德福科技,sz301511,30.99,31.33,30.73,560100.0,30.99,1400,31.0,800,-1.09,31.0,30.73,560100,17240000.0,0.15,0.86,116.1,195.34,37.6,25.06,7.44
艾森股份,sh688720,73.7,74.19,74.4,1943100.0,73.6,200,73.7,300,-0.66,74.4,73.63,1943100,1440000.0,0.03,1.04,41.56,64.95,89.03,59.35,1.66
康芝药业,sz300086,9.09,9.0,9.07,363300.0,9.08,63300,9.09,400,1.0,9.1,9.05,363300,3300000.0,0.08,0.56,40.06,41.37,10.8,7.2,3.33
盛屯矿业,sh600711,16.57,16.98,16.55,4730200.0,16.57,461300,16.58,352900,-2.41,16.64,16.55,4730200,78360000.0,0.15,0.53,512.11,512.11,18.68,15.28,8.8
新莱应材,sz300260,53.18,53.5,53.25,119900.0,53.18,1300,53.22,3000,-0.6,53.5,53.18,119900,6380000.0,0.04,0.6,152.97,216.87,64.2,42.8,3.8
奥克股份,sz300082,9.77,9.76,9.76,70700.0,9.75,8500,9.77,11400,0.1,9.78,9.76,70700,690000.0,0.01,0.2,66.26,66.45,11.71,7.81,1.63
波长光电,sz301421,94.41,94.9,95.0,35100.0,94.41,100,94.5,100,-0.52,95.05,94.35,35100,3330000.0,0.08,0.74,43.72,109.25,113.88,75.92,3.67
佛塑科技,sz000973,13.1,13.18,13.17,463900.0,13.1,7600,13.11,700,-0.61,13.18,13.1,463900,6110000.0,0.05,0.61,126.73,322.03,14.5,11.86,1.63
厦门钨业,sh600549,61.2,62.86,61.06,1715000.0,61.2,37600,61.3,6400,-2.64,61.3,61.06,1715000,104780000.0,0.11,0.38,951.01,971.6,69.15,56.57,6.1
博苑股份,sz301617,73.32,73.45,73.45,11100.0,73.25,100,73.32,1200,-0.18,73.5,73.22,11100,810000.0,0.02,0.38,38.89,97.98,88.14,58.76,1.82
威尔高,sz301251,61.59,62.3,61.85,70700.0,61.61,700,61.62,100,-1.14,61.88,61.5,70700,4360000.0,0.13,0.61,33.25,82.95,74.76,49.84,2.2
捷众科技,bj920690,32.79,32.62,32.67,2200.0,32.68,300,32.79,200,0.52,32.79,32.67,2200,72600.0,0.01,0.37,14.13,21.74,42.4,22.84,1.26
矩阵股份,sz301365,25.11,25.17,25.11,32800.0,25.06,600,25.07,1200,-0.24,25.19,25.06,32800,820000.0,0.03,0.52,25.46,45.2,30.2,20.14,1.82
长缆科技,sz002879,22.26,22.54,22.33,175300.0,22.25,4300,22.26,300,-1.24,22.4,22.26,175300,3910000.0,0.13,0.62,30.69,42.99,24.79,20.29,4.64
华自科技,sz300490,17.53,17.8,17.71,352200.0,17.52,2700,17.53,2400,-1.52,17.71,17.52,352200,6210000.0,0.09,1.07,68.94,69.89,21.36,14.24,2.12
国林科技,sz300786,16.56,16.53,16.6,112100.0,16.55,1600,16.56,9500,0.18,16.68,16.54,112100,1860000.0,0.08,0.85,24.23,30.47,19.84,13.22,5.83
浦东建设,sh600284,7.96,7.97,7.95,155100.0,7.95,36300,7.96,1900,-0.13,7.96,7.91,155100,1230000.0,0.02,0.63,77.23,77.23,8.77,7.17,2.6
戎美股份,sz301088,16.43,16.38,16.3,13400.0,16.44,400,16.47,3500,0.31,16.43,16.3,13400,220000.0,0.01,0.79,30.86,37.44,19.66,13.1,1.72
美联新材,sz300586,10.27,10.21,10.16,125700.0,10.27,100,10.28,2000,0.59,10.27,10.16,125700,1280000.0,0.02,1.08,54.9,73.04,12.25,8.17,4.06
芳源股份,sh688148,8.46,8.49,8.43,5101500.0,8.45,10400,8.46,500,-0.35,8.5,8.43,5101500,430000.0,0.01,0.82,43.16,43.16,10.19,6.79,1.07
科创新源,sz300731,64.65,65.68,64.5,1071800.0,64.64,3300,64.65,16300,-1.57,65.11,64.5,1071800,69260000.0,0.89,0.93,77.7,81.74,78.82,52.54,19.59
鼎信通讯,sh603421,7.98,8.03,7.98,70900.0,7.97,7700,7.98,24700,-0.62,8.0,7.97,70900,570000.0,0.01,0.37,52.04,52.04,8.83,7.23,0.95
ST围海,sz002586,4.64,4.61,4.62,179700.0,4.64,6000,4.65,22500,0.65,4.65,4.62,179700,830000.0,0.02,0.65,50.46,53.09,4.84,4.38,5.12
劲拓股份,sz300400,20.83,20.98,20.9,44200.0,20.82,200,20.83,1900,-0.71,21.05,20.82,44200,920000.0,0.02,1.1,49.98,50.54,25.18,16.78,2.46
杰美特,sz300868,31.0,30.95,31.01,19300.0,30.81,400,31.0,2200,0.16,31.15,30.95,19300,600000.0,0.02,0.65,25.04,39.67,37.14,24.76,2.75
嘉元科技,sh688388,42.99,43.0,43.13,15753200.0,42.77,400,42.99,1800,-0.02,43.14,42.68,15753200,6790000.0,0.04,1.07,183.25,183.25,51.6,34.4,1.9
康欣新材,sh600076,4.06,4.01,4.07,1836700.0,4.05,58000,4.06,9900,1.25,4.1,4.04,1836700,7490000.0,0.14,1.5,54.59,54.59,4.41,3.61,5.66
龙图光罩,sh688721,47.51,47.76,47.7,830000.0,47.4,1000,47.66,400,-0.52,47.7,47.47,830000,400000.0,0.02,0.48,25.41,63.43,57.31,38.21,2.03
*ST熊猫,sh600599,6.39,6.73,6.39,663600.0,0.0,0,6.39,26300,-5.05,6.39,6.39,663600,4240000.0,0.4,0.0,10.61,10.61,7.07,6.39,47.16
*ST返利,sh600228,5.96,6.06,5.91,132400.0,5.92,95000,5.96,18100,-1.65,5.96,5.91,132400,780000.0,0.03,0.83,24.8,24.83,6.36,5.76,3.56
统联精密,sh688210,56.9,56.77,56.56,2955400.0,56.58,200,56.9,300,0.23,56.97,56.5,2955400,1670000.0,0.02,0.83,92.1,92.1,68.12,45.42,1.84
*ST宇顺,sz002289,25.87,25.37,25.37,186500.0,25.57,1500,25.86,2000,1.97,25.88,25.37,186500,4780000.0,0.07,2.01,72.42,72.5,26.64,24.1,24.52
*ST松发,sh603268,95.81,95.33,96.25,89300.0,95.66,300,95.81,200,0.5,96.5,95.81,89300,8590000.0,0.07,0.72,118.97,930.1,100.1,90.56,4.72
*ST荣控,sz000668,13.92,13.78,13.94,2000.0,13.75,2000,13.92,1900,1.02,13.94,13.92,2000,30000.0,0.0,0.15,20.44,20.44,14.47,13.09,0.25
中国巨石,sh600176,26.75,27.48,26.8,3098400.0,26.75,500,26.76,200,-2.66,26.93,26.65,3098400,83020000.0,0.08,1.02,1070.84,1070.84,30.23,24.73,6.21
*ST万方,sz000638,2.21,2.1,2.21,7391800.0,2.21,1495600,0.0,0,5.24,2.21,2.17,7391800,16320000.0,2.38,1.9,6.85,6.88,2.21,2.0,64.36
南山铝业,sh600219,6.79,6.91,6.8,7363200.0,6.76,617200,6.79,3800,-1.74,6.81,6.76,7363200,50000000.0,0.06,0.72,779.74,779.74,7.6,6.22,7.39
*ST建艺,sz002789,10.18,10.2,10.18,9500.0,10.16,1100,10.17,700,-0.2,10.18,10.18,9500,100000.0,0.01,0.0,15.93,16.25,10.71,9.69,0.64
中矿资源,sz002738,83.97,85.66,83.99,765700.0,83.95,24700,83.97,100,-1.97,84.49,83.68,765700,64290000.0,0.11,0.95,597.06,605.84,94.23,77.09,9.78
天普股份,sh605255,131.5,126.1,129.0,76600.0,129.15,1300,131.99,1100,4.28,131.99,129.0,76600,9930000.0,0.06,2.37,176.32,176.32,138.71,113.49,8.62
孚日股份,sz002083,11.65,11.62,11.61,570900.0,11.65,17100,11.66,7800,0.26,11.67,11.6,570900,6630000.0,0.06,0.6,110.25,110.28,12.78,10.46,3.2
*ST步森,sz002569,13.69,13.68,13.68,15300.0,13.68,17500,13.71,8400,0.07,13.69,13.68,15300,210000.0,0.01,0.07,19.16,19.71,14.36,13.0,2.17
川环科技,sz300547,36.49,36.31,36.31,327800.0,36.51,600,36.59,400,0.5,36.6,36.31,327800,11920000.0,0.18,0.8,65.03,79.15,43.57,29.05,13.0
*ST岩石,sh600696,2.09,2.11,2.09,708300.0,2.08,52300,2.09,41900,-0.95,2.1,2.08,708300,1480000.0,0.21,0.95,6.99,6.99,2.22,2.0,14.91
ST西发,sz000752,10.74,10.65,10.71,25900.0,10.71,1800,10.74,3700,0.85,10.74,10.7,25900,280000.0,0.01,0.38,28.33,28.33,11.18,10.12,2.74
尚太科技,sz001301,77.78,78.53,78.0,29200.0,77.75,500,77.78,1400,-0.96,78.0,77.7,29200,2270000.0,0.02,0.38,144.71,202.85,86.38,70.68,1.76
星环科技-U,sh688031,190.85,190.0,186.88,10748700.0,190.85,100,190.96,200,0.45,191.8,186.88,10748700,20370000.0,0.09,2.59,231.19,231.19,228.0,152.0,5.68
*ST云网,sz002306,2.15,2.16,2.15,297800.0,2.14,325400,2.15,110500,-0.46,2.16,2.14,297800,640000.0,0.04,0.93,17.5,18.7,2.27,2.05,3.64
太极实业,sh600667,9.58,9.67,9.58,2189500.0,9.57,4300,9.58,178300,-0.93,9.59,9.51,2189500,20960000.0,0.1,0.83,200.37,200.37,10.64,8.7,4.32
世名科技,sz300522,12.42,12.4,12.39,37000.0,12.4,900,12.41,700,0.16,12.44,12.38,37000,460000.0,0.01,0.48,32.68,40.05,14.88,9.92,2.62
*ST精伦,sh600355,1.24,1.31,1.24,1349100.0,0.0,0,1.24,29961800,-5.34,1.24,1.24,1349100,1670000.0,0.27,0.0,6.1,6.1,1.38,1.24,9.43
*ST惠程,sz002168,4.02,4.01,4.02,39800.0,4.02,85000,4.04,2300,0.25,4.02,4.01,39800,160000.0,0.01,0.25,31.52,31.52,4.21,3.81,1.61
中一科技,sz301150,44.79,45.34,44.88,91800.0,44.76,200,44.79,3900,-1.21,44.91,44.7,91800,4120000.0,0.04,0.46,99.7,104.47,54.41,36.27,2.26
银座股份,sh600858,6.45,6.41,6.44,117800.0,6.44,11600,6.45,31100,0.62,6.45,6.43,117800,760000.0,0.02,0.31,33.38,33.54,7.05,5.77,1.51
*ST奥维,sz002231,0.6,0.6,0.0,0.0,0.0,0,0.0,0,0.0,0.0,0.0,0,0.0,0.0,0.0,1.85,2.08,0.63,0.57,0.0
盛新锂能,sz002240,37.96,38.85,37.58,970700.0,37.89,100,37.96,97900,-2.29,37.96,37.51,970700,36600000.0,0.11,1.16,346.54,347.45,42.74,34.97,5.23
耀皮玻璃,sh600819,8.39,8.4,8.39,132300.0,8.39,1600,8.4,2700,-0.12,8.4,8.36,132300,1110000.0,0.02,0.48,62.71,81.95,9.24,7.56,1.93
梅轮电梯,sh603321,7.87,7.82,7.84,103200.0,7.83,1300,7.87,4300,0.64,7.87,7.82,103200,810000.0,0.03,0.64,27.12,27.46,8.6,7.04,4.42
平安电工,sz001359,78.23,79.91,79.06,95300.0,78.23,300,78.3,3800,-2.1,79.06,78.23,95300,7500000.0,0.21,1.04,36.28,145.12,87.9,71.92,10.05
先导智能,sz300450,54.58,55.2,54.95,439600.0,54.58,3600,54.59,600,-1.12,54.95,54.58,439600,24090000.0,0.03,0.67,851.13,913.57,66.24,44.16,1.95
世龙实业,sz002748,12.55,12.55,12.6,111500.0,12.54,1100,12.55,4800,0.0,12.6,12.53,111500,1400000.0,0.05,0.56,30.12,30.12,13.81,11.3,3.55
东方铁塔,sz002545,25.69,26.4,25.91,301700.0,25.61,1500,25.69,5000,-2.69,26.0,25.62,301700,7810000.0,0.03,1.44,290.34,319.6,29.04,23.76,4.48
银河微电,sh688689,31.21,31.36,31.36,502000.0,31.2,2200,31.21,400,-0.48,31.36,31.21,502000,160000.0,0.0,0.48,40.23,40.23,37.63,25.09,0.67
北方华创,sz002371,478.0,475.05,479.79,201200.0,477.8,6200,478.77,800,0.62,479.87,475.18,201200,96300000.0,0.03,0.99,3461.93,3464.7,522.56,427.55,8.23
隆扬电子,sz301389,52.9,53.7,52.48,258800.0,52.9,14300,53.0,9300,-1.49,53.0,52.31,258800,13600000.0,0.31,1.28,44.74,149.97,64.44,42.96,9.06
成都华微,sh688709,46.52,46.8,46.66,5852600.0,46.53,1900,46.56,300,-0.6,46.66,46.29,5852600,2730000.0,0.03,0.79,103.16,296.26,56.16,37.44,2.28
科瑞技术,sz002957,30.89,31.5,31.0,801900.0,30.88,12900,30.89,400,-1.94,31.18,30.88,801900,24860000.0,0.19,0.95,129.33,129.73,34.65,28.35,4.46
星德胜,sh603344,30.93,31.1,31.06,30300.0,30.99,800,31.03,600,-0.55,31.1,30.93,30300,940000.0,0.06,0.55,16.71,60.17,34.21,27.99,4.33
中科飞测,sh688361,191.11,192.2,188.0,7447400.0,191.26,600,191.3,200,-0.57,191.57,188.0,7447400,14020000.0,0.03,1.86,474.51,669.2,230.64,153.76,4.16
上海港湾,sh605598,58.73,58.75,58.3,23100.0,58.42,3700,58.73,700,-0.03,58.75,58.3,23100,1350000.0,0.01,0.77,142.72,143.64,64.63,52.88,0.97
兴瑞科技,sz002937,25.23,25.79,25.53,134200.0,25.18,2600,25.22,1000,-2.17,25.54,25.2,134200,3410000.0,0.05,1.32,74.92,75.13,28.37,23.21,2.9
德科立,sh688205,168.0,173.7,167.0,10252300.0,168.2,200,168.42,200,-3.28,168.25,166.2,10252300,17150000.0,0.06,1.18,265.92,265.92,208.44,138.96,2.59
华丰科技,sh688629,111.0,105.76,109.88,55446200.0,111.0,8500,111.8,200,4.95,112.0,109.88,55446200,61270000.0,0.31,2.0,201.78,511.7,126.91,84.61,10.04
海通发展,sh603162,14.82,14.82,14.82,163900.0,14.82,2100,14.86,700,0.0,14.99,14.78,163900,2430000.0,0.06,1.42,41.38,137.51,16.3,13.34,1.58
高德红外,sz002414,16.78,16.72,16.68,1202400.0,16.78,8000,16.79,8600,0.36,16.79,16.63,1202400,20080000.0,0.04,0.96,570.29,716.63,18.39,15.05,6.34
贝特瑞,bj920185,29.33,29.46,29.33,36900.0,29.33,14000,29.35,5300,-0.44,29.36,29.3,36900,1082300.0,0.0,0.2,327.81,333.83,38.29,20.63,1.45
凯格精机,sz301338,124.11,125.28,124.44,47800.0,124.09,100,124.1,300,-0.93,126.0,124.11,47800,5960000.0,0.08,1.51,73.41,132.05,150.34,100.22,3.6
和远气体,sz002971,31.4,31.45,31.42,38900.0,31.4,5400,31.42,5600,-0.16,31.43,31.28,38900,1220000.0,0.02,0.48,50.56,66.49,34.6,28.31,3.31
大族数控,sz301200,149.7,151.7,149.61,34600.0,149.7,300,149.71,600,-1.32,151.22,149.61,34600,5190000.0,0.01,1.06,630.82,712.51,182.04,121.36,2.24
九州一轨,sh688485,25.8,26.0,26.0,1478500.0,25.8,1100,25.85,4200,-0.77,26.0,25.8,1478500,380000.0,0.02,0.77,22.9,38.78,31.2,20.8,0.82
宝武镁业,sz002182,18.32,18.75,18.5,768400.0,18.31,2100,18.32,3000,-2.29,18.6,18.32,768400,14190000.0,0.09,1.49,158.56,181.7,20.63,16.88,7.3
立高食品,sz300973,42.99,42.86,42.95,45800.0,42.98,300,43.07,800,0.3,43.18,42.88,45800,1970000.0,0.04,0.7,50.09,72.8,51.43,34.29,5.4
淳中科技,sh603516,157.66,158.85,158.0,84300.0,157.66,2600,157.69,100,-0.75,158.0,157.01,84300,13310000.0,0.04,0.62,320.47,320.47,174.74,142.97,2.94
生物股份,sh600201,15.77,15.78,15.78,138400.0,15.67,4100,15.77,24600,-0.06,15.79,15.67,138400,2180000.0,0.01,0.76,175.32,175.32,17.36,14.2,1.3
苏大维格,sz300331,43.91,44.19,44.0,100300.0,43.9,6400,43.91,2000,-0.63,44.44,43.9,100300,4410000.0,0.05,1.22,92.31,114.02,53.03,35.35,3.03
中百集团,sz000759,7.08,7.03,7.03,342100.0,7.07,15200,7.08,47500,0.71,7.08,7.03,342100,2410000.0,0.05,0.71,46.42,46.9,7.73,6.33,3.87
国盾量子,sh688027,717.9,725.75,716.0,2259100.0,717.9,400,718.74,200,-1.08,720.0,715.08,2259100,16200000.0,0.03,0.68,577.01,738.44,870.9,580.6,1.56
龙蟠科技,sh603906,18.09,18.09,18.09,90900.0,18.09,3100,18.13,9400,0.0,18.14,18.05,90900,1640000.0,0.02,0.5,102.22,123.93,19.9,16.28,2.25
利元亨,sh688499,59.37,59.69,59.6,2905800.0,59.22,400,59.37,2300,-0.54,59.63,59.37,2905800,1730000.0,0.02,0.44,100.17,100.17,71.63,47.75,1.86
华正新材,sh603186,77.52,77.61,76.81,102000.0,77.52,100,77.7,400,-0.12,77.62,76.81,102000,7850000.0,0.07,1.04,121.44,121.44,85.37,69.85,1.74
白云电器,sh603861,16.79,17.02,16.79,446500.0,16.79,11400,16.8,23300,-1.35,16.8,16.71,446500,7490000.0,0.08,0.53,88.75,90.75,18.72,15.32,3.41
皖能电力,sz000543,8.02,8.04,8.05,768800.0,8.02,1100,8.03,61600,-0.25,8.06,8.01,768800,6180000.0,0.03,0.62,181.8,181.8,8.84,7.24,6.9
龙高股份,sh605086,37.15,37.07,37.25,9100.0,37.04,100,37.15,700,0.22,37.33,37.15,9100,340000.0,0.01,0.49,66.57,66.57,40.78,33.36,1.06
普蕊斯,sz301257,69.09,69.21,69.0,24000.0,69.09,500,69.19,2700,-0.17,69.19,68.58,24000,1650000.0,0.03,0.88,52.04,54.58,83.05,55.37,2.95
安达科技,bj920809,6.97,6.98,6.99,83200.0,6.97,9700,6.98,300,-0.14,6.99,6.97,83200,580800.0,0.02,0.29,32.0,41.75,9.07,4.89,1.91
艾迪药业,sh688488,16.9,16.76,16.88,4827900.0,16.9,2100,16.91,2200,0.84,16.91,16.87,4827900,820000.0,0.01,0.24,71.11,71.11,20.11,13.41,2.23
松霖科技,sh603992,38.39,38.2,38.3,30900.0,38.32,400,38.39,3500,0.5,38.4,38.3,30900,1180000.0,0.01,0.26,164.22,164.22,42.02,34.38,1.38
欧科亿,sh688308,53.3,54.25,54.0,5013600.0,53.3,4600,53.85,200,-1.75,54.0,53.29,5013600,2700000.0,0.03,1.31,84.63,84.63,65.1,43.4,1.6
信德新材,sz301349,46.73,46.66,46.68,23200.0,46.57,1200,46.64,400,0.15,46.9,46.64,23200,1080000.0,0.05,0.56,22.85,47.66,55.99,37.33,3.54
*ST聆达,sz300125,8.66,8.65,8.65,134700.0,8.6,71600,8.65,15100,0.12,8.75,8.5,134700,1160000.0,0.04,2.89,31.25,57.66,10.38,6.92,3.66
百奥泰,sh688177,23.99,23.86,24.0,1950200.0,23.98,2000,23.99,0,0.54,24.0,23.98,1950200,470000.0,0.0,0.08,99.34,99.34,28.63,19.09,3.57
菲林格尔,sh603226,28.84,28.85,28.85,10900.0,28.82,700,28.84,500,-0.03,28.85,28.81,10900,310000.0,0.0,0.14,102.52,102.52,31.74,25.97,0.93
*ST智胜,sz002253,10.41,10.48,10.4,44300.0,10.42,2900,10.48,27000,-0.67,10.48,10.37,44300,460000.0,0.02,1.05,21.68,23.49,11.0,9.96,2.38
中富电路,sz300814,81.09,82.3,81.29,183200.0,81.09,100,81.21,7500,-1.47,81.5,81.03,183200,14880000.0,0.1,0.57,155.23,155.23,98.76,65.84,3.02
炬华科技,sz300360,17.66,17.65,17.6,268700.0,17.66,10500,17.74,1400,0.06,17.74,17.6,268700,4730000.0,0.05,0.79,88.35,90.81,21.18,14.12,6.71
中能电气,sz300062,8.63,8.63,8.66,497700.0,8.61,21400,8.62,300,0.0,8.67,8.62,497700,4310000.0,0.11,0.58,39.56,54.36,10.36,6.9,4.68
益诺思,sh688710,57.9,57.99,58.28,230700.0,57.57,1400,57.9,200,-0.16,58.28,57.9,230700,130000.0,0.0,0.66,52.51,81.63,69.59,46.39,0.6
海目星,sh688559,57.18,57.8,57.7,3857800.0,57.13,300,57.18,400,-1.07,57.7,57.18,3857800,2220000.0,0.02,0.9,141.67,141.67,69.36,46.24,1.5
工业富联,sh601138,54.45,55.33,54.45,1815800.0,54.45,215000,54.5,4000,-1.59,54.6,54.23,1815800,98870000.0,0.01,0.67,10812.79,10812.79,60.86,49.8,3.98
赛微电子,sz300456,53.73,54.53,53.8,915400.0,53.7,11400,53.73,3700,-1.47,53.98,53.7,915400,49280000.0,0.15,0.51,321.01,393.42,65.44,43.62,3.71
唯万密封,sz301161,34.87,35.0,35.0,11800.0,34.84,900,34.87,500,-0.37,35.0,34.87,11800,410000.0,0.01,0.37,41.84,41.84,42.0,28.0,1.48
雅化集团,sz002497,26.69,27.35,26.6,828300.0,26.66,1100,26.69,7600,-2.41,26.81,26.59,828300,22080000.0,0.08,0.8,282.53,307.62,30.09,24.62,5.73
丰元股份,sz002805,16.3,16.36,16.26,58600.0,16.3,5200,16.32,2300,-0.37,16.31,16.26,58600,950000.0,0.02,0.31,45.4,45.65,18.0,14.72,1.89
天力锂能,sz301152,29.66,29.69,29.63,31300.0,29.66,3200,29.67,500,-0.1,29.79,29.6,31300,930000.0,0.04,0.64,21.06,35.22,35.63,23.75,2.95
完美世界,sz002624,21.0,21.47,21.08,2956000.0,20.99,300,21.0,9600,-2.19,21.18,20.98,2956000,62300000.0,0.16,0.93,383.82,407.39,23.62,19.32,4.62
黄河旋风,sh600172,8.29,8.25,8.29,2927700.0,8.28,1200,8.29,203600,0.48,8.38,8.26,2927700,24280000.0,0.23,1.45,105.8,119.56,9.08,7.43,4.19
道氏技术,sz300409,28.41,28.73,28.55,355000.0,28.38,5000,28.41,12600,-1.11,28.55,28.39,355000,10120000.0,0.05,0.56,195.32,222.24,34.48,22.98,2.82
潮宏基,sz002345,13.76,13.94,13.81,190900.0,13.75,500,13.76,7800,-1.29,13.81,13.7,190900,2630000.0,0.02,0.79,119.34,122.26,15.33,12.55,1.6
阿石创,sz300706,42.73,44.2,43.54,389200.0,42.7,900,42.73,2100,-3.33,43.69,42.68,389200,16850000.0,0.34,2.29,48.57,65.51,53.04,35.36,5.11
芯碁微装,sh688630,168.37,168.74,169.5,4024600.0,168.37,100,168.49,200,-0.22,169.5,168.37,4024600,6810000.0,0.03,0.67,221.81,221.81,202.49,134.99,2.57
阿为特,bj920693,37.96,37.93,37.71,21500.0,37.67,200,37.91,1500,0.08,37.96,37.71,21500,811400.0,0.06,0.66,13.9,27.6,49.3,26.56,9.86
思泉新材,sz301489,175.08,179.0,174.9,165300.0,174.99,600,175.16,100,-2.19,175.36,174.68,165300,28920000.0,0.35,0.38,83.34,141.38,214.8,143.2,8.07
多瑞医药,sz301075,61.32,61.89,62.14,900.0,61.45,100,61.83,100,-0.92,62.14,61.31,900,60000.0,0.0,1.34,49.06,49.06,74.27,49.51,0.34
*ST大立,sz002214,17.25,17.28,17.02,277800.0,17.21,5900,17.25,20500,-0.17,17.25,17.02,277800,4730000.0,0.06,1.33,82.53,103.27,18.14,16.42,12.92
矽电股份,sz301629,293.01,295.03,294.99,16700.0,292.38,100,293.01,200,-0.68,295.0,292.3,16700,4920000.0,0.16,0.92,30.57,122.27,354.04,236.02,2.88
博汇科技,sh688004,25.79,24.95,25.38,26827400.0,25.69,700,25.79,1600,3.37,25.87,25.32,26827400,6830000.0,0.33,2.2,20.65,20.65,29.94,19.96,17.98
七彩化学,sz300758,17.0,17.08,17.0,180600.0,17.0,27300,17.01,20800,-0.47,17.11,17.0,180600,3070000.0,0.05,0.64,62.27,69.03,20.5,13.66,1.56
联化科技,sz002250,17.73,17.9,17.76,159600.0,17.73,1700,17.75,27900,-0.95,17.81,17.71,159600,2830000.0,0.02,0.56,158.68,159.55,19.69,16.11,1.08
南风股份,sz300004,14.1,14.24,14.15,393400.0,14.08,8200,14.1,1100,-0.98,14.36,14.08,393400,5570000.0,0.08,1.97,67.68,67.68,17.09,11.39,5.7
科源制药,sz301281,36.36,36.82,37.03,142300.0,36.35,300,36.36,2500,-1.25,37.03,36.3,142300,5230000.0,0.21,1.98,25.03,39.37,44.18,29.46,4.88
平潭发展,sz000592,10.84,10.46,10.67,7087500.0,10.84,13500,10.85,77800,3.63,10.85,10.67,7087500,76090000.0,0.37,1.72,207.6,209.41,11.51,9.41,5.83
凯立新材,sh688269,41.61,42.1,42.0,1305200.0,41.54,5000,41.61,300,-1.16,42.0,41.61,1305200,550000.0,0.01,0.93,54.39,54.39,50.52,33.68,1.53
亿纬锂能,sz300014,64.49,65.08,65.0,711600.0,64.48,7300,64.49,2900,-0.91,65.0,64.48,711600,46160000.0,0.04,0.8,1289.68,1337.6,78.1,52.06,4.5
莱美药业,sz300006,5.03,5.02,5.03,227100.0,5.02,24900,5.03,800,0.2,5.04,5.0,227100,1140000.0,0.02,0.8,53.11,53.11,6.02,4.02,2.96
江海股份,sz002484,30.41,30.66,30.46,249800.0,30.4,500,30.41,5500,-0.82,30.46,30.37,249800,7600000.0,0.03,0.29,249.51,258.64,33.73,27.59,2.69
明阳智能,sh601615,23.18,23.3,23.3,635600.0,23.17,900,23.18,2400,-0.52,23.33,23.15,635600,14800000.0,0.03,0.77,524.21,524.21,25.63,20.97,1.32
*ST沐邦,sh603398,9.09,9.02,9.02,31800.0,9.03,35700,9.09,8400,0.78,9.09,9.02,31800,290000.0,0.01,0.78,39.42,39.42,9.47,8.57,0.81
昇兴股份,sz002752,6.64,6.64,6.64,69600.0,6.63,58300,6.64,22100,0.0,6.65,6.62,69600,460000.0,0.01,0.45,64.86,64.87,7.3,5.98,1.26
微导纳米,sh688147,82.5,82.9,82.65,5557900.0,82.3,100,82.48,700,-0.48,82.79,82.1,5557900,4590000.0,0.01,0.83,380.45,380.45,99.48,66.32,1.62
德方纳米,sz300769,40.75,41.07,40.95,99800.0,40.75,2900,40.85,1300,-0.78,40.95,40.74,99800,4080000.0,0.04,0.51,102.59,114.18,49.28,32.86,2.54
北京君正,sz300223,121.96,123.44,122.46,285300.0,121.92,200,121.96,1200,-1.2,122.55,121.92,285300,34900000.0,0.07,0.51,512.93,588.51,148.13,98.75,3.83
天齐锂业,sz002466,50.52,51.29,50.66,921700.0,50.5,11300,50.52,5200,-1.5,50.7,50.5,921700,46660000.0,0.06,0.39,745.58,861.99,56.42,46.16,7.15
腾远钴业,sz301219,69.8,71.81,70.17,223200.0,69.8,8600,69.97,6200,-2.8,70.19,69.8,223200,15640000.0,0.08,0.54,201.69,205.71,86.17,57.45,8.9
罗博特科,sz300757,430.07,440.88,422.08,301200.0,430.02,100,430.07,700,-2.45,431.0,422.08,301200,127980000.0,0.2,2.02,647.91,720.83,529.06,352.7,6.57
兴图新科,sh688081,44.5,44.02,44.7,1129200.0,44.5,4800,44.53,300,1.09,44.7,44.5,1129200,500000.0,0.01,0.45,45.85,45.85,52.82,35.22,0.86
国际复材,sz301526,12.78,12.77,12.71,11148800.0,12.71,420900,12.77,1000,0.08,12.87,12.71,11148800,142040000.0,0.79,1.25,179.48,481.92,15.32,10.22,12.64
剑桥科技,sh603083,101.97,103.6,101.85,359200.0,101.85,57700,101.97,600,-1.57,103.0,101.8,359200,36630000.0,0.13,1.16,281.02,359.6,113.96,93.24,5.33
凌玮科技,sz301373,35.92,36.08,36.06,22800.0,35.9,1000,35.91,1800,-0.44,36.07,35.91,22800,820000.0,0.06,0.44,13.82,38.96,43.3,28.86,2.9
建投能源,sz000600,8.77,8.86,8.8,588800.0,8.77,20500,8.78,2700,-1.02,8.84,8.77,588800,5180000.0,0.05,0.79,95.6,158.14,9.75,7.97,6.38
璞泰来,sh603659,28.35,28.52,28.35,254600.0,28.32,1100,28.35,800,-0.6,28.38,28.3,254600,7220000.0,0.01,0.28,605.67,605.67,31.37,25.67,2.49
安集科技,sh688019,263.95,267.99,264.31,1579100.0,263.95,100,264.0,400,-1.51,264.31,263.95,1579100,4170000.0,0.01,0.13,444.92,444.92,321.59,214.39,1.54
浙江美大,sz002677,8.94,8.93,8.98,37400.0,8.94,10900,8.95,6800,0.11,8.98,8.94,37400,340000.0,0.01,0.45,47.82,57.76,9.82,8.04,0.84
*ST金刚,sz300093,17.77,17.5,17.61,34400.0,17.65,1800,17.77,1600,1.54,17.77,17.61,34400,610000.0,0.01,0.91,49.58,95.96,21.0,14.0,2.64
蓝丰生化,sz002513,7.28,7.3,7.39,188600.0,7.28,19200,7.3,25800,-0.27,7.39,7.28,188600,1390000.0,0.07,1.51,21.04,27.34,8.03,6.57,2.3
宏达股份,sh600331,17.25,17.68,17.17,1476500.0,17.25,800,17.26,310800,-2.43,17.26,17.17,1476500,25360000.0,0.07,0.51,350.52,455.68,19.45,15.91,4.55
浙江世宝,sz002703,20.91,20.85,20.87,505100.0,20.9,11600,20.91,22300,0.29,21.05,20.86,505100,10560000.0,0.09,0.91,122.54,172.01,22.94,18.77,3.16
中孚实业,sh600595,8.37,8.53,8.39,659900.0,8.36,101500,8.37,211600,-1.88,8.47,8.36,659900,5540000.0,0.02,1.29,335.46,335.46,9.38,7.68,1.88
惠威科技,sz002888,21.22,21.23,21.15,19300.0,21.22,300,21.29,4500,-0.05,21.24,21.09,19300,410000.0,0.03,0.71,15.9,31.33,23.35,19.11,1.57
惠丰钻石,bj920725,34.29,34.24,34.25,37600.0,34.13,2600,34.26,4200,0.15,34.36,34.01,37600,1285700.0,0.09,1.02,14.43,31.3,44.51,23.97,2.97
曙光数创,bj920808,80.8,79.92,81.69,293000.0,80.8,0,80.88,300,1.1,81.69,80.25,293000,23853600.0,0.15,1.8,157.21,161.6,103.89,55.95,33.69
胜宏科技,sz300476,258.01,260.39,258.7,252800.0,258.01,300,258.21,900,-0.91,259.0,257.5,252800,65330000.0,0.03,0.58,2211.09,2251.29,312.47,208.31,2.39
新筑股份,sz002480,6.23,6.25,6.25,63200.0,6.22,67600,6.23,3000,-0.32,6.25,6.23,63200,390000.0,0.01,0.32,47.83,47.92,6.88,5.63,2.01
海南机场,sh600515,4.48,4.45,4.47,1169000.0,4.48,51500,4.49,259900,0.67,4.49,4.47,1169000,5230000.0,0.01,0.45,411.09,511.85,4.9,4.01,2.78
龙竹科技,bj920445,11.37,11.37,11.37,3500.0,11.36,1700,11.37,100,0.0,11.37,11.37,3500,39800.0,0.0,0.0,11.9,16.82,14.78,7.96,0.46
今创集团,sh603680,14.9,14.96,14.85,11600.0,14.89,500,14.9,400,-0.4,14.9,14.85,11600,170000.0,0.0,0.33,116.77,116.77,16.46,13.46,0.75
永杰新材,sh603271,47.15,47.42,47.18,18400.0,47.15,400,47.19,200,-0.57,47.29,47.15,18400,870000.0,0.05,0.3,18.56,92.75,52.16,42.68,1.04
澄星股份,sh600078,11.15,11.2,11.17,347000.0,11.13,9400,11.15,7200,-0.45,11.18,11.1,347000,3870000.0,0.05,0.71,73.88,75.46,12.32,10.08,3.37
吉大正元,sz003029,25.99,25.88,25.79,211100.0,25.99,500,26.0,10200,0.43,25.99,25.72,211100,5450000.0,0.12,1.04,45.03,50.32,28.47,23.29,4.28
铜峰电子,sh600237,9.69,9.74,9.71,170600.0,9.68,2900,9.69,47200,-0.51,9.71,9.67,170600,1650000.0,0.03,0.41,60.53,61.12,10.71,8.77,2.36
快意电梯,sz002774,11.25,11.28,11.22,41300.0,11.23,11700,11.25,17000,-0.27,11.26,11.22,41300,460000.0,0.01,0.35,31.7,37.88,12.41,10.15,1.35
鼎熔岩,sz301028,15.04,15.14,15.02,33700.0,15.05,1400,15.06,3100,-0.66,15.19,15.02,33700,510000.0,0.01,1.12,37.37,57.76,18.17,12.11,2.17
捷佳伟创,sz300724,125.7,127.19,126.0,299300.0,125.68,4500,125.7,500,-1.17,126.4,125.68,299300,37710000.0,0.1,0.57,361.66,437.8,152.63,101.75,2.68
凯撒旅业,sz000796,6.27,6.17,6.26,1845400.0,6.27,28300,6.29,292300,1.62,6.28,6.2,1845400,11560000.0,0.14,1.3,83.44,100.56,6.79,5.55,5.87
中欣氟材,sz002915,23.0,23.06,23.02,56300.0,23.0,4700,23.02,7100,-0.26,23.07,23.0,56300,1300000.0,0.02,0.3,66.26,74.86,25.37,20.75,1.53
灵鸽科技,bj920284,39.2,39.7,39.2,34200.0,39.15,300,39.2,100,-1.26,39.39,39.03,34200,1340200.0,0.05,0.91,26.56,41.08,51.61,27.79,1.57
南王科技,sz301355,13.37,13.32,13.4,29900.0,13.34,800,13.37,1100,0.38,13.4,13.32,29900,400000.0,0.03,0.6,13.4,26.08,15.98,10.66,1.41
当升科技,sz300073,56.51,57.18,56.83,198700.0,56.51,700,56.55,200,-1.17,56.83,56.5,198700,11270000.0,0.04,0.58,285.92,307.58,68.62,45.74,4.21
博士眼镜,sz300622,30.5,30.41,30.41,81800.0,30.54,8300,30.55,5600,0.3,30.5,30.33,81800,2490000.0,0.05,0.56,47.51,69.5,36.49,24.33,2.62
汇成真空,sz301392,114.1,114.75,114.11,19600.0,114.07,100,114.18,1700,-0.57,114.73,114.1,19600,2240000.0,0.05,0.55,46.55,114.1,137.7,91.8,2.38
优优绿能,sz301590,203.0,205.52,203.46,18200.0,203.0,500,203.4,100,-1.23,203.46,200.0,18200,3690000.0,0.21,1.68,17.46,85.37,246.62,164.42,12.24
迪哲医药-U,sh688192,54.0,54.04,54.0,169300.0,54.0,300,54.14,700,-0.07,54.0,53.96,169300,90000.0,0.0,0.07,248.23,250.9,64.85,43.23,0.23
东岳硅材,sz300821,12.05,12.11,12.08,231600.0,12.05,13800,12.06,14900,-0.5,12.11,12.05,231600,2800000.0,0.02,0.5,144.57,144.6,14.53,9.69,2.22
杰创智能,sz301248,48.46,48.55,48.07,132600.0,48.46,100,48.57,2900,-0.19,48.75,47.99,132600,6380000.0,0.12,1.57,54.43,74.49,58.26,38.84,6.1
科思科技,sh688788,71.01,70.5,71.0,3339000.0,70.69,400,71.0,0,0.72,71.13,71.0,3339000,2370000.0,0.02,0.18,111.4,111.4,84.6,56.4,1.74
溯联股份,sz301397,32.02,32.41,32.2,41700.0,32.01,3300,32.02,1900,-1.2,32.2,32.02,41700,1340000.0,0.06,0.56,22.65,49.84,38.89,25.93,4.88
五矿新能,sh688779,10.4,10.42,10.45,28240500.0,10.39,2700,10.4,4700,-0.19,10.45,10.37,28240500,2950000.0,0.01,0.77,200.64,200.64,12.5,8.34,1.86
利通科技,bj920225,29.68,30.1,29.68,52100.0,29.69,100,29.96,5100,-1.4,30.0,29.68,52100,1547000.0,0.06,1.06,24.57,37.67,39.13,21.07,6.26
鸿铭股份,sz301105,52.15,52.3,52.66,13000.0,52.15,100,52.3,100,-0.29,52.66,52.12,13000,680000.0,0.08,1.03,8.57,26.07,62.76,41.84,2.8
*ST亚振,sh603389,44.95,43.47,45.0,197300.0,44.3,100,44.95,900,3.4,45.0,44.2,197300,8870000.0,0.08,1.84,118.11,118.11,45.64,41.3,27.51
高澜股份,sz300499,30.32,30.75,30.08,1276500.0,30.29,1900,30.32,4100,-1.4,30.38,30.07,1276500,38460000.0,0.47,1.01,82.29,92.55,36.9,24.6,12.63
川金诺,sz300505,27.68,28.01,27.76,313600.0,27.61,5500,27.68,8800,-1.18,27.82,27.62,313600,8690000.0,0.14,0.71,60.17,76.08,33.61,22.41,5.64
容百科技,sh688005,31.64,31.86,31.55,8235200.0,31.63,3400,31.64,500,-0.69,31.84,31.55,8235200,2600000.0,0.01,0.91,226.11,226.14,38.23,25.49,0.86
元力股份,sz300174,16.46,16.43,16.36,93900.0,16.44,1000,16.46,4800,0.18,16.46,16.36,93900,1540000.0,0.03,0.61,59.74,59.95,19.72,13.14,3.76
天迈科技,sz300807,52.95,52.97,53.27,9900.0,52.82,200,53.26,1100,-0.04,53.27,52.79,9900,520000.0,0.02,0.91,27.5,36.03,63.56,42.38,1.56
厦门港务,sz000905,12.23,12.23,12.2,263000.0,12.23,800,12.24,1900,0.0,12.24,12.19,263000,3210000.0,0.04,0.41,90.72,90.72,13.45,11.01,3.12
鼎通科技,sh688668,148.16,149.37,148.0,12690800.0,148.88,200,149.0,3400,-0.81,148.89,147.7,12690800,18790000.0,0.09,0.8,206.34,206.34,179.24,119.5,4.97
清水源,sz300437,14.86,14.7,14.88,136200.0,14.87,11000,14.88,17600,1.09,14.88,14.76,136200,2030000.0,0.08,0.82,26.13,37.51,17.64,11.76,3.56
标准股份,sh600302,12.41,12.48,12.4,111400.0,12.42,900,12.47,2300,-0.56,12.41,12.32,111400,1380000.0,0.03,0.72,42.94,42.94,13.73,11.23,2.08
福鞍股份,sh603315,16.2,16.27,16.19,257200.0,16.2,2300,16.21,9900,-0.43,16.26,16.18,257200,4160000.0,0.08,0.49,51.9,51.9,17.9,14.64,4.79
海容冷链,sh603187,16.45,16.47,16.47,19000.0,16.43,300,16.45,2000,-0.12,16.47,16.45,19000,310000.0,0.0,0.12,62.9,63.57,18.12,14.82,0.76
普利特,sz002324,17.93,17.98,18.01,173000.0,17.93,27300,17.94,1300,-0.28,18.01,17.93,173000,3110000.0,0.02,0.44,139.19,199.44,19.78,16.18,1.93
慧翰股份,sz301600,124.58,125.2,125.2,8200.0,124.5,300,124.58,800,-0.5,125.21,124.58,8200,1020000.0,0.03,0.5,40.19,130.22,150.24,100.16,2.28
长海股份,sz300196,19.23,19.41,19.31,1191700.0,19.23,1900,19.26,500,-0.93,19.41,19.2,1191700,23000000.0,0.48,1.08,47.48,78.6,23.29,15.53,9.39
凯旺科技,sz301182,49.99,50.66,51.17,67800.0,49.99,900,50.01,300,-1.32,51.17,49.99,67800,3450000.0,0.07,2.33,47.9,47.9,60.79,40.53,2.17
骄成超声,sh688392,126.57,127.62,126.26,1809000.0,126.57,500,126.99,200,-0.82,127.1,126.08,1809000,2290000.0,0.02,0.8,146.48,146.48,153.14,102.1,2.2
飞鹿股份,sz300665,8.42,8.46,8.45,226500.0,8.42,30000,8.43,2600,-0.47,8.45,8.42,226500,1910000.0,0.1,0.35,18.36,18.44,10.15,6.77,7.09
氯碱化工,sh600618,15.4,15.48,15.4,226500.0,15.37,1800,15.38,3900,-0.52,15.43,15.38,226500,3490000.0,0.03,0.32,115.48,178.09,17.03,13.93,2.23
神工股份,sh688233,83.29,83.86,83.9,4989000.0,83.25,100,83.5,500,-0.68,83.9,83.21,4989000,4180000.0,0.03,0.82,141.85,141.85,100.63,67.09,1.93
强瑞技术,sz301128,105.66,107.5,106.0,75800.0,105.65,400,105.66,100,-1.71,106.8,105.5,75800,8030000.0,0.09,1.21,93.23,109.3,129.0,86.0,5.27
巨一科技,sh688162,34.75,34.86,34.71,596600.0,34.73,3000,34.86,300,-0.32,34.75,34.71,596600,210000.0,0.0,0.11,47.64,47.64,41.83,27.89,0.79
联赢激光,sh688518,29.5,29.78,29.62,5915100.0,29.47,20600,29.5,8700,-0.94,29.77,29.5,5915100,1750000.0,0.02,0.91,100.69,100.69,35.74,23.82,1.67
金海高科,sh603311,16.37,16.41,16.35,21500.0,16.37,4600,16.54,12600,-0.24,16.45,16.33,21500,350000.0,0.01,0.73,38.61,38.61,18.05,14.77,0.9
惠博普,sz002554,3.77,3.85,3.86,4157200.0,3.77,6500,3.78,174000,-2.08,3.87,3.77,4157200,15990000.0,0.31,2.6,50.27,50.28,4.24,3.47,14.04
航天动力,sh600343,31.9,32.25,32.1,286500.0,31.88,1900,31.9,56500,-1.09,32.18,31.88,286500,9180000.0,0.04,0.93,203.59,203.59,35.48,29.03,1.02
国晟科技,sh603778,13.61,13.91,13.59,1998700.0,13.61,300,13.77,1400,-2.16,13.8,13.56,1998700,27180000.0,0.31,1.73,87.49,89.37,15.3,12.52,5.23
安 纳 达,sz002136,12.88,12.89,12.87,53400.0,12.86,3700,12.87,500,-0.08,12.89,12.8,53400,690000.0,0.02,0.7,27.62,27.69,14.18,11.6,1.77
康鹏科技,sh688602,8.47,8.47,8.47,1620700.0,8.46,22000,8.47,7600,0.0,8.49,8.47,1620700,140000.0,0.01,0.24,21.99,43.99,10.16,6.78,0.48
派能科技,sh688063,61.95,62.2,62.0,1961900.0,61.84,1600,61.95,300,-0.4,62.0,61.81,1961900,1220000.0,0.01,0.31,152.0,152.0,74.64,49.76,1.12
福瑞医科,sz300049,66.28,66.19,66.0,58700.0,66.15,300,66.4,100,0.14,66.48,66.0,58700,3880000.0,0.03,0.73,154.76,175.63,79.43,52.95,2.83
欧陆通,sz300870,238.6,247.32,241.0,150500.0,238.56,200,238.6,6300,-3.53,242.6,238.6,150500,36250000.0,0.14,1.62,264.1,264.1,296.78,197.86,7.35
硕贝德,sz300322,26.52,26.85,26.55,675900.0,26.53,11200,26.57,100,-1.23,26.69,26.5,675900,17950000.0,0.15,0.71,116.8,122.0,32.22,21.48,8.23
纳科诺尔,bj920522,67.5,67.7,67.5,29700.0,67.5,1100,67.61,100,-0.3,68.24,67.5,29700,2004900.0,0.02,1.09,87.78,105.81,88.01,47.39,1.85
星源材质,sz300568,14.14,14.23,14.18,187400.0,14.15,800,14.17,5600,-0.63,14.18,14.14,187400,2650000.0,0.02,0.28,172.1,190.28,17.08,11.38,1.01
飞荣达,sz300602,36.78,37.0,36.3,891100.0,36.78,15100,36.8,1800,-0.59,36.81,36.26,891100,32480000.0,0.23,1.49,145.43,214.01,44.4,29.6,6.93
瑞尔特,sz002790,8.6,8.61,8.58,21600.0,8.59,7100,8.6,5000,-0.12,8.6,8.58,21600,190000.0,0.01,0.23,22.42,35.94,9.47,7.75,1.04
招金黄金,sz000506,19.28,19.56,19.06,1816800.0,19.28,400,19.32,300,-1.43,19.4,19.0,1816800,34740000.0,0.2,2.04,179.05,179.11,21.52,17.6,8.38
德邦科技,sh688035,65.09,66.22,66.35,30421300.0,65.01,4000,65.09,2200,-1.71,66.88,65.09,30421300,20190000.0,0.21,2.7,92.58,92.58,79.46,52.98,8.1
融捷股份,sz002192,52.09,53.38,52.4,200000.0,52.05,3800,52.09,3600,-2.42,52.49,52.05,200000,10460000.0,0.08,0.82,134.98,135.25,58.72,48.04,7.11
永杉锂业,sh603399,10.75,10.89,10.78,327200.0,10.73,2900,10.75,12700,-1.29,10.88,10.75,327200,3530000.0,0.06,1.19,55.07,55.07,11.98,9.8,5.91
安妮股份,sz002235,10.72,10.4,10.6,2389700.0,10.7,600,10.72,22800,3.08,10.73,10.6,2389700,25440000.0,0.43,1.25,59.34,62.13,11.44,9.36,8.16
海欣食品,sz002702,6.51,6.24,6.39,5786600.0,6.51,3600,6.54,11500,4.33,6.56,6.37,5786600,37280000.0,1.26,3.04,29.86,36.18,6.86,5.62,14.26
深桑达Ａ,sz000032,20.6,20.83,20.54,546700.0,20.6,100,20.65,2900,-1.1,20.83,20.53,546700,11250000.0,0.05,1.44,224.41,250.33,22.91,18.75,6.96
近岸蛋白,sh688137,43.47,43.26,43.01,780000.0,43.22,800,43.47,1300,0.49,43.47,43.01,780000,340000.0,0.02,1.06,14.2,30.51,51.91,34.61,2.73
日联科技,sh688531,73.77,74.27,73.75,260900.0,73.79,200,74.12,200,-0.67,74.16,73.65,260900,190000.0,0.0,0.69,78.91,122.16,89.12,59.42,0.34
京粮控股,sz000505,6.96,6.92,6.96,145200.0,6.96,59700,6.97,5400,0.58,6.98,6.95,145200,1010000.0,0.02,0.43,44.01,50.6,7.61,6.23,2.54
双星新材,sz002585,7.35,7.39,7.34,255500.0,7.34,21200,7.35,17300,-0.54,7.37,7.31,255500,1880000.0,0.03,0.81,65.18,83.89,8.13,6.65,2.08
上海九百,sh600838,11.41,11.3,11.44,168900.0,11.4,5400,11.41,21300,0.97,11.48,11.39,168900,1930000.0,0.04,0.8,45.74,45.74,12.43,10.17,1.94
中银证券,sh601696,14.32,14.29,14.33,484900.0,14.31,600,14.32,12800,0.21,14.33,14.3,484900,6950000.0,0.02,0.21,397.81,397.81,15.72,12.86,1.81
双杰电气,sz300444,14.8,14.99,15.03,3213000.0,14.75,5700,14.8,15000,-1.27,15.1,14.75,3213000,48210000.0,0.52,2.33,91.97,118.2,17.99,11.99,6.95
光大同创,sz301387,60.01,61.2,61.0,29800.0,60.01,5700,60.25,500,-1.94,61.2,60.01,29800,1810000.0,0.07,1.94,25.61,64.06,73.44,48.96,1.31
国轩高科,sz002074,36.89,37.18,37.0,320900.0,36.88,21900,36.89,4500,-0.78,37.02,36.89,320900,11870000.0,0.02,0.35,640.48,669.23,40.9,33.46,2.49
东方电气,sh600875,33.2,33.65,33.2,3056300.0,33.18,200,33.2,137600,-1.34,33.45,32.96,3056300,101410000.0,0.14,1.46,751.44,1148.18,37.02,30.29,5.13
灿勤科技,sh688182,32.58,32.6,32.51,2729100.0,32.51,3000,32.58,45100,-0.06,32.59,32.48,2729100,890000.0,0.01,0.34,130.32,130.32,39.12,26.08,1.71
海思科,sz002653,48.9,49.1,49.1,3100.0,48.84,500,48.9,200,-0.41,49.1,48.83,3100,150000.0,0.0,0.55,236.3,547.64,54.01,44.19,0.28
诺德股份,sh600110,6.78,6.78,6.78,278200.0,6.77,1300,6.78,45300,0.0,6.8,6.78,278200,1890000.0,0.02,0.29,117.65,117.65,7.46,6.1,1.93
中伟新材,sz300919,54.39,55.39,54.0,910000.0,54.38,17500,54.47,1700,-1.81,54.5,53.8,910000,49220000.0,0.1,1.26,496.31,566.88,66.47,44.31,14.32
东方钽业,sz000962,49.49,48.99,48.49,1891400.0,49.49,2600,49.5,16300,1.02,49.49,48.39,1891400,92030000.0,0.38,2.25,248.27,249.86,53.89,44.09,15.93
株冶集团,sh600961,20.58,21.16,20.6,508200.0,20.56,500,20.58,27400,-2.74,20.65,20.5,508200,10460000.0,0.07,0.71,154.72,220.8,23.28,19.04,5.18
泰和科技,sz300801,29.75,29.81,29.8,19400.0,29.71,6200,29.75,300,-0.2,29.83,29.72,19400,580000.0,0.01,0.37,40.61,64.98,35.77,23.85,0.98
联瑞新材,sh688300,62.8,62.81,62.3,1830000.0,62.57,400,62.8,700,-0.02,62.8,62.3,1830000,1140000.0,0.01,0.8,151.64,151.64,75.37,50.25,1.24
先锋精科,sh688605,65.95,66.16,66.13,1082400.0,65.91,2500,65.95,1100,-0.32,66.13,65.9,1082400,710000.0,0.01,0.35,71.46,133.47,79.39,52.93,1.08
漳州发展,sz000753,7.09,7.05,7.07,56600.0,7.08,9400,7.09,3900,0.57,7.09,7.06,56600,400000.0,0.01,0.43,70.3,70.3,7.76,6.35,0.67
宏工科技,sz301662,170.02,167.81,170.01,39000.0,169.6,200,170.0,200,1.32,171.63,169.6,39000,6640000.0,0.23,1.21,28.27,136.02,201.37,134.25,5.65
华峰测控,sh688200,305.02,304.92,304.62,1137000.0,305.0,400,306.5,200,0.03,307.99,304.62,1137000,3470000.0,0.01,1.11,413.4,413.4,365.9,243.94,0.84
金鹰股份,sh600232,8.72,8.73,8.7,85900.0,8.72,200,8.73,800,-0.11,8.73,8.7,85900,750000.0,0.02,0.34,31.8,31.8,9.6,7.86,2.38
凯盛新材,sz301069,24.95,24.98,24.9,102000.0,24.94,800,24.95,2200,-0.12,24.95,24.88,102000,2540000.0,0.02,0.28,106.48,113.07,29.98,19.98,2.39
飞龙股份,sz002536,29.41,30.25,29.4,2798800.0,29.4,302600,29.41,39300,-2.78,29.69,29.38,2798800,82380000.0,0.51,1.02,160.11,169.04,33.28,27.23,15.36
华新建材,sh600801,23.28,23.23,23.23,35000.0,23.29,200,23.31,400,0.22,23.38,23.23,35000,810000.0,0.0,0.65,312.35,483.99,25.55,20.91,0.91
双鹭药业,sz002038,6.5,6.47,6.59,940200.0,6.5,63200,6.51,3700,0.46,6.59,6.5,940200,6180000.0,0.11,1.39,55.37,66.78,7.12,5.82,11.4
奥锐特,sh605116,27.16,26.93,27.2,13900.0,27.09,1400,27.16,24500,0.85,27.2,27.06,13900,380000.0,0.0,0.52,110.32,110.32,29.62,24.24,1.09
劲嘉股份,sz002191,3.96,3.96,3.96,307600.0,3.96,12800,3.97,12200,0.0,3.97,3.95,307600,1220000.0,0.02,0.51,57.04,57.49,4.36,3.56,5.73
至纯科技,sh603690,27.72,27.92,27.71,116400.0,27.74,100,27.76,100,-0.72,27.88,27.71,116400,3230000.0,0.03,0.61,106.16,106.16,30.71,25.13,3.18
晶盛机电,sz300316,52.15,52.86,52.2,777500.0,52.12,500,52.15,59800,-1.34,52.5,52.08,777500,40590000.0,0.06,0.79,642.26,682.92,63.43,42.29,3.22
欣旺达,sz300207,25.57,25.78,25.7,837600.0,25.56,15300,25.57,2500,-0.81,25.7,25.56,837600,21500000.0,0.05,0.54,438.23,472.4,30.94,20.62,3.01
泰坦股份,sz003036,18.67,18.81,19.06,1147300.0,18.67,76300,18.72,1400,-0.74,19.09,18.31,1147300,21620000.0,0.53,4.15,40.38,40.38,20.69,16.93,19.85
图南股份,sz300855,40.5,40.94,40.41,66400.0,40.49,2000,40.5,1500,-1.07,40.6,40.41,66400,2690000.0,0.02,0.46,118.65,160.19,49.13,32.75,2.27
硕世生物,sh688399,68.18,67.6,68.18,170000.0,67.7,800,67.9,700,0.86,68.18,68.18,170000,120000.0,0.0,0.0,57.18,57.18,81.12,54.08,0.5
永兴材料,sz002756,50.44,50.9,50.48,287100.0,50.44,2400,50.46,2000,-0.9,50.9,50.13,287100,14470000.0,0.07,1.51,196.08,271.92,55.99,45.81,5.97
纳芯微,sh688052,181.49,183.0,181.99,1756200.0,181.35,700,181.49,10100,-0.83,181.99,181.33,1756200,3190000.0,0.01,0.36,258.67,295.15,219.6,146.4,1.59
翔港科技,sh603499,23.15,23.07,23.25,12900.0,23.1,300,23.14,900,0.35,23.25,23.15,12900,300000.0,0.0,0.43,70.05,70.05,25.38,20.76,0.71
中闽能源,sh600163,6.08,6.14,6.06,705000.0,6.07,200,6.08,15400,-0.98,6.13,6.05,705000,4280000.0,0.04,1.3,115.7,115.7,6.75,5.53,4.5
焦作万方,sz000612,13.83,14.04,13.92,1505500.0,13.82,19900,13.83,9200,-1.5,14.04,13.82,1505500,20940000.0,0.13,1.57,164.77,164.88,15.44,12.64,7.28
中科电气,sz300035,20.82,20.94,20.85,195500.0,20.82,2600,20.83,3000,-0.57,20.89,20.8,195500,4070000.0,0.03,0.43,121.45,142.71,25.13,16.75,3.78
温州宏丰,sz300283,8.28,8.35,8.32,350100.0,8.28,5800,8.29,5900,-0.84,8.32,8.26,350100,2900000.0,0.1,0.72,30.41,41.15,10.02,6.68,5.59
东宝生物,sz300239,6.19,6.22,6.2,47700.0,6.19,14500,6.2,100,-0.48,6.2,6.18,47700,300000.0,0.01,0.32,36.51,36.74,7.46,4.98,1.02
天承科技,sh688603,75.2,76.0,75.68,852200.0,75.2,2900,75.49,800,-1.05,75.77,75.2,852200,640000.0,0.02,0.75,35.66,93.79,91.2,60.8,1.02
金杯电工,sz002533,14.52,14.85,14.66,824100.0,14.52,12800,14.54,14000,-2.22,14.66,14.52,824100,12050000.0,0.13,0.94,92.59,106.57,16.34,13.37,9.49
力星股份,sz300421,28.23,28.33,28.2,105400.0,28.23,1200,28.32,300,-0.35,28.33,28.2,105400,2970000.0,0.05,0.46,65.03,83.0,34.0,22.66,1.45
海南高速,sz000886,6.58,6.54,6.56,308500.0,6.57,190000,6.58,160900,0.61,6.58,6.56,308500,2030000.0,0.03,0.31,64.34,65.06,7.19,5.89,2.95
沪硅产业,sh688126,20.57,20.65,20.62,12321700.0,20.57,3800,20.61,51500,-0.39,20.62,20.56,12321700,2540000.0,0.0,0.29,561.9,679.84,24.78,16.52,1.08
科力远,sh600478,7.05,7.08,7.05,279500.0,7.05,27200,7.06,14700,-0.42,7.08,7.04,279500,1970000.0,0.02,0.56,117.42,117.42,7.79,6.37,2.43
同兴科技,sz003027,22.55,22.52,22.55,19200.0,22.55,2000,22.56,2300,0.13,22.6,22.53,19200,430000.0,0.02,0.31,23.65,29.48,24.77,20.27,1.81
天奈科技,sh688116,46.99,47.15,46.93,6940000.0,46.98,1400,46.99,5900,-0.34,47.04,46.93,6940000,3260000.0,0.02,0.23,172.23,172.23,56.58,37.72,3.33
皇氏集团,sz002329,3.81,3.77,3.8,436500.0,3.8,31800,3.81,14100,1.06,3.82,3.8,436500,1660000.0,0.07,0.53,24.78,31.71,4.15,3.39,4.94
赤峰黄金,sh600988,37.52,38.25,37.3,1656100.0,37.52,4700,37.6,11700,-1.91,37.6,37.3,1656100,61880000.0,0.1,0.78,624.3,713.03,42.08,34.43,5.87
利柏特,sh605167,17.47,17.47,17.45,4000.0,17.4,5500,17.43,3800,0.0,17.47,17.44,4000,70000.0,0.0,0.17,78.45,78.45,19.22,15.72,0.19
同益股份,sz300538,16.57,16.6,16.53,21500.0,16.57,1800,16.59,9200,-0.18,16.6,16.51,21500,360000.0,0.02,0.54,20.05,30.14,19.92,13.28,1.58
新澳股份,sh603889,9.03,8.99,9.05,14800.0,9.01,1300,9.03,17300,0.44,9.08,9.03,14800,130000.0,0.0,0.56,65.44,65.94,9.89,8.09,0.61
通用电梯,sz300931,12.79,12.83,12.92,112900.0,12.78,200,12.79,2300,-0.31,12.96,12.78,112900,1460000.0,0.06,1.4,23.66,30.71,15.4,10.26,1.61
艾力斯,sh688578,97.21,96.9,97.46,3156200.0,97.0,400,97.1,200,0.32,97.63,97.16,3156200,3080000.0,0.01,0.49,437.44,437.44,116.28,77.52,2.77
寒武纪-U,sh688256,1100.0,1112.5,1100.0,7540900.0,1098.0,2100,1100.0,3200,-1.12,1104.0,1095.0,7540900,82980000.0,0.02,0.81,4601.85,4638.54,1335.0,890.0,2.18
山东玻纤,sh605006,9.8,10.2,9.92,4713800.0,9.78,8800,9.8,308800,-3.92,10.0,9.78,4713800,46750000.0,0.79,2.16,58.8,58.8,11.22,9.18,37.26
瑞泰新材,sz301238,20.78,20.91,20.83,64700.0,20.78,1900,20.81,700,-0.62,20.87,20.71,64700,1350000.0,0.01,0.77,152.39,152.39,25.09,16.73,2.51
光库科技,sz300620,188.87,189.99,185.94,634900.0,188.87,500,188.88,700,-0.59,188.87,185.73,634900,118300000.0,0.26,1.65,466.71,470.63,227.99,151.99,6.35
巨人网络,sz002558,41.22,41.28,41.05,255700.0,41.22,1400,41.27,2400,-0.15,41.26,41.02,255700,10500000.0,0.01,0.58,797.5,797.5,45.41,37.15,1.61
洛凯股份,sh603829,24.88,25.0,25.02,41000.0,24.84,1100,24.88,1400,-0.48,25.02,24.88,41000,1020000.0,0.02,0.56,46.34,46.34,27.5,22.5,1.39
杭可科技,sh688006,30.42,30.74,30.58,5089100.0,30.38,1000,30.4,4900,-1.04,30.64,30.42,5089100,1550000.0,0.01,0.72,183.64,183.64,36.89,24.59,2.02
福建水泥,sh600802,6.2,6.18,6.22,161800.0,6.19,16800,6.2,6900,0.32,6.22,6.19,161800,1010000.0,0.04,0.49,28.41,28.41,6.8,5.56,3.08
西部黄金,sh601069,34.13,34.52,33.9,492500.0,34.13,200,34.18,500,-1.13,34.25,33.9,492500,16720000.0,0.06,1.01,302.8,310.92,37.97,31.07,4.05
爱司凯,sz300521,32.13,32.1,32.11,69400.0,32.11,54000,32.13,2000,0.09,32.2,32.11,69400,2230000.0,0.05,0.28,48.11,48.11,38.52,25.68,4.69
赣锋锂业,sz002460,65.29,66.82,65.0,999200.0,65.23,1800,65.29,1600,-2.29,65.3,64.82,999200,64950000.0,0.08,0.72,788.6,1368.93,73.5,60.14,7.54
贵研铂业,sh600459,21.96,22.6,22.01,1379100.0,21.95,800,21.96,1000,-2.83,22.15,21.95,1379100,30360000.0,0.18,0.88,166.83,166.85,24.86,20.34,10.7
永冠新材,sh603681,20.89,20.9,20.83,21700.0,20.87,1000,20.89,9500,-0.05,20.89,20.83,21700,450000.0,0.01,0.29,39.93,39.93,22.99,18.81,0.91
垒知集团,sz002398,5.87,5.87,5.86,154000.0,5.87,13400,5.88,28700,0.0,5.89,5.85,154000,900000.0,0.03,0.68,33.42,40.97,6.46,5.28,1.7
精智达,sh688627,273.98,276.0,272.42,1763200.0,272.96,1500,273.98,300,-0.73,274.0,272.42,1763200,4810000.0,0.02,0.57,198.23,257.57,331.2,220.8,1.02
合富中国,sh603122,16.67,16.64,16.64,38600.0,16.67,3400,16.72,900,0.18,16.72,16.64,38600,640000.0,0.01,0.48,66.36,66.36,18.3,14.98,0.31
新亚制程,sz002388,5.64,5.64,5.65,86000.0,5.64,44800,5.65,43200,0.0,5.65,5.64,86000,490000.0,0.02,0.18,28.55,28.8,6.2,5.08,0.95
润阳科技,sz300920,41.33,41.2,41.2,2500.0,41.33,1600,41.39,100,0.32,41.44,41.2,2500,100000.0,0.0,0.58,22.89,41.33,49.44,32.96,0.38
赢合科技,sz300457,27.91,27.85,28.06,179200.0,27.9,3900,27.91,5800,0.22,28.1,27.91,179200,5020000.0,0.03,0.68,176.86,180.07,33.42,22.28,4.28
大东方,sh600327,4.26,4.29,4.26,327400.0,4.26,55800,4.27,31100,-0.7,4.26,4.24,327400,1390000.0,0.04,0.47,37.69,37.69,4.72,3.86,4.04
丰林集团,sh601996,2.47,2.47,2.48,66800.0,2.47,83000,2.48,73600,0.0,2.48,2.47,66800,170000.0,0.01,0.4,27.69,27.69,2.72,2.22,0.72
广发证券,sz000776,21.2,21.13,21.19,416300.0,21.2,2100,21.21,800,0.33,21.22,21.17,416300,8820000.0,0.01,0.24,1251.66,1658.87,23.24,19.02,3.04
昭衍新药,sh603127,37.48,37.6,37.29,58000.0,37.48,700,37.55,100,-0.32,37.59,37.29,58000,2170000.0,0.01,0.8,236.26,280.86,41.36,33.84,1.26
美盈森,sz002303,4.1,4.1,4.1,276100.0,4.1,49100,4.11,110900,0.0,4.11,4.1,276100,1130000.0,0.03,0.24,39.64,62.78,4.51,3.69,2.8
东方智造,sz002175,3.16,3.15,3.18,1953100.0,3.15,357200,3.16,132800,0.32,3.19,3.15,1953100,6200000.0,0.15,1.27,40.35,40.35,3.47,2.84,5.68
金安国纪,sz002636,25.58,26.2,25.55,674300.0,25.56,77900,25.58,23100,-2.37,25.83,25.5,674300,17250000.0,0.09,1.26,185.28,186.22,28.82,23.58,3.96
百隆东方,sh601339,6.93,6.9,6.9,37800.0,6.92,300,6.93,1600,0.43,6.95,6.9,37800,260000.0,0.0,0.72,103.92,103.92,7.59,6.21,0.51
精研科技,sz300709,39.51,39.68,39.51,72700.0,39.46,100,39.48,800,-0.43,39.66,39.47,72700,2870000.0,0.05,0.48,58.98,73.52,47.62,31.74,4.32
金石资源,sh603505,19.36,19.45,19.36,75200.0,19.34,100,19.35,100,-0.46,19.4,19.33,75200,1460000.0,0.01,0.36,162.95,162.95,21.4,17.51,1.89
联芸科技,sh688449,50.0,50.12,50.0,6057200.0,49.9,400,50.0,600,-0.24,50.0,49.89,6057200,3030000.0,0.02,0.22,146.6,230.0,60.14,40.1,3.3
民德电子,sz300656,28.48,28.08,28.14,84200.0,28.48,4900,28.49,1300,1.42,28.5,28.14,84200,2390000.0,0.06,1.28,37.85,48.74,33.7,22.46,3.14
飞科电器,sh603868,37.06,37.0,37.0,4500.0,37.0,100,37.06,200,0.16,37.1,36.97,4500,170000.0,0.0,0.35,161.43,161.43,40.7,33.3,0.89
海翔药业,sz002099,8.21,8.29,8.29,1967100.0,8.2,93900,8.21,1500,-0.97,8.37,8.2,1967100,16320000.0,0.12,2.05,132.65,132.9,9.12,7.46,3.22
东威科技,sh688700,41.0,41.28,40.91,8587100.0,41.0,28400,41.02,300,-0.68,41.08,40.91,8587100,3520000.0,0.03,0.41,122.34,122.34,49.54,33.02,3.04
磁谷科技,sh688448,65.2,65.63,65.2,1321500.0,65.0,300,65.2,900,-0.66,67.23,65.2,1321500,860000.0,0.03,3.09,31.28,46.72,78.76,52.5,1.44
五新隧装,bj920174,46.51,46.39,46.51,7900.0,46.51,900,46.66,200,0.26,46.7,46.51,7900,368500.0,0.01,0.41,40.46,100.88,60.3,32.48,1.36
上海谊众,sh688091,54.05,53.78,54.09,1381200.0,54.0,2600,54.04,600,0.5,54.09,54.0,1381200,750000.0,0.01,0.17,111.72,111.72,64.54,43.02,0.85
浙江东日,sh600113,57.69,57.69,57.66,29100.0,57.69,1500,57.71,200,0.0,57.98,57.66,29100,1680000.0,0.01,0.55,237.35,242.98,63.46,51.92,1.97
百达精工,sh603331,18.35,18.0,18.1,365400.0,18.24,5800,18.35,200,1.94,18.36,18.1,365400,6630000.0,0.18,1.44,37.1,37.1,19.8,16.2,2.54
万辰集团,sz300972,207.0,206.19,206.0,9700.0,207.14,400,207.5,10000,0.39,207.0,205.66,9700,2000000.0,0.01,0.65,362.91,395.98,247.43,164.95,1.33
*ST汇科,sz300561,11.74,11.99,11.69,663300.0,11.74,11100,11.75,8100,-2.09,11.76,11.66,663300,7760000.0,0.28,0.83,28.3,38.52,14.39,9.59,7.64
电广传媒,sz000917,11.56,11.79,11.52,8322600.0,11.56,6200,11.57,58000,-1.95,11.6,11.38,8322600,95940000.0,0.59,1.87,163.86,163.87,12.97,10.61,25.35
富创精密,sh688409,90.88,87.68,89.67,9759000.0,90.86,1000,90.9,4400,3.65,90.9,89.67,9759000,8800000.0,0.03,1.4,278.28,278.28,105.22,70.14,6.23
中信金属,sh601061,14.27,14.42,14.24,233500.0,14.27,7800,14.37,5600,-1.04,14.42,14.24,233500,3330000.0,0.05,1.25,71.51,699.23,15.86,12.98,3.55
联泓新科,sz003022,20.47,20.6,20.55,83200.0,20.46,2200,20.47,200,-0.63,20.55,20.47,83200,1710000.0,0.01,0.39,273.16,273.39,22.66,18.54,2.32
鼎龙股份,sz300054,45.41,45.99,45.48,302900.0,45.33,6000,45.41,4500,-1.26,45.8,45.35,302900,13770000.0,0.04,0.98,334.72,430.19,55.19,36.79,4.95
电投能源,sz002128,28.87,29.15,29.0,181100.0,28.87,11200,28.89,300,-0.96,29.01,28.86,181100,5250000.0,0.01,0.51,647.14,647.14,32.07,26.24,3.19
山科智能,sz300897,26.26,26.25,26.31,3900.0,26.25,400,26.26,100,0.04,26.36,26.26,3900,100000.0,0.0,0.38,22.96,36.82,31.5,21.0,0.84
力量钻石,sz301071,41.56,41.93,41.5,135700.0,41.56,4400,41.57,100,-0.88,41.56,41.4,135700,5630000.0,0.07,0.38,80.87,108.17,50.32,33.54,3.22
惠云钛业,sz300891,9.53,9.51,9.54,100900.0,9.52,9500,9.53,100,0.21,9.55,9.52,100900,960000.0,0.03,0.32,31.68,38.12,11.41,7.61,3.41
华图山鼎,sz300492,77.19,77.3,76.9,13900.0,77.08,100,77.17,100,-0.14,78.0,76.9,13900,1070000.0,0.01,1.42,151.82,151.82,92.76,61.84,1.63
蔚蓝锂芯,sz002245,16.85,16.98,16.88,221000.0,16.84,2800,16.85,3800,-0.77,16.88,16.84,221000,3730000.0,0.02,0.24,182.85,194.42,18.68,15.28,2.13
宏盛股份,sh603090,76.0,77.02,75.48,142900.0,76.35,200,76.57,100,-1.32,77.02,74.91,142900,10850000.0,0.14,2.74,76.0,76.0,84.72,69.32,8.98
纳思达,sz002180,21.21,21.31,21.23,47200.0,21.23,3100,21.24,1800,-0.47,21.27,21.21,47200,1000000.0,0.0,0.28,288.41,301.58,23.44,19.18,0.87
开能健康,sz300272,7.67,7.68,7.68,95100.0,7.66,3300,7.67,1200,-0.13,7.68,7.65,95100,730000.0,0.02,0.39,35.63,46.9,9.22,6.14,2.58
方盛股份,bj920662,30.1,31.4,29.8,353300.0,30.19,1100,30.35,300,-4.14,30.18,29.8,353300,10541900.0,1.4,1.21,7.59,26.35,40.82,21.98,32.73
上海洗霸,sh603200,80.17,80.22,80.2,24500.0,80.01,1600,80.17,400,-0.06,80.2,80.01,24500,1960000.0,0.01,0.24,140.68,140.68,88.24,72.2,1.36
中创智领,sh601717,25.1,25.11,25.11,84300.0,25.06,7900,25.1,5600,-0.04,25.11,25.05,84300,2120000.0,0.01,0.24,387.08,448.14,27.62,22.6,1.41
上海新阳,sz300236,78.06,78.8,78.59,74600.0,78.04,2300,78.06,1700,-0.94,78.59,78.05,74600,5840000.0,0.03,0.69,217.57,244.63,94.56,63.04,2.16
海光信息,sh688041,259.98,262.34,260.0,19726400.0,259.96,6900,259.98,800,-0.9,262.29,259.53,19726400,51310000.0,0.01,1.05,6042.81,6042.81,314.81,209.87,2.38
瑞丰新材,sz300910,57.73,58.08,57.89,12900.0,57.85,100,57.86,600,-0.6,57.98,57.68,12900,750000.0,0.01,0.52,119.78,170.84,69.7,46.46,1.05
锐捷网络,sz301165,83.58,84.55,83.54,197300.0,83.58,100,83.68,400,-1.15,84.0,83.02,197300,16480000.0,0.02,1.16,664.84,664.84,101.46,67.64,5.37
东阳光,sh600673,36.1,36.58,36.21,2385200.0,36.08,100,36.1,1700,-1.31,36.52,36.0,2385200,86390000.0,0.08,1.42,1083.56,1086.45,40.24,32.92,8.34
天铁科技,sz300587,6.0,6.03,6.01,338600.0,6.0,1900,6.01,23700,-0.5,6.04,6.0,338600,2030000.0,0.03,0.66,63.12,77.9,7.24,4.82,3.71
联泰环保,sh603797,4.96,4.96,4.95,53300.0,4.95,28000,4.96,29800,0.0,4.96,4.95,53300,260000.0,0.01,0.2,28.6,28.6,5.46,4.46,1.92
四川黄金,sz001337,45.53,46.6,45.97,1237800.0,45.52,14700,45.64,5100,-2.3,46.0,45.51,1237800,56820000.0,0.43,1.05,131.33,191.23,51.26,41.94,11.48
上海凤凰,sh600679,12.83,12.83,12.83,25300.0,12.81,100,12.83,3700,0.0,12.83,12.8,25300,320000.0,0.01,0.23,44.1,66.11,14.11,11.55,1.7
中金黄金,sh600489,30.11,30.61,29.99,3872400.0,30.08,500,30.11,9300,-1.63,30.2,29.99,3872400,116330000.0,0.08,0.69,1459.53,1459.53,33.67,27.55,10.41
永新股份,sz002014,12.54,12.52,12.52,53000.0,12.54,1800,12.55,14400,0.16,12.57,12.52,53000,660000.0,0.01,0.4,75.81,76.81,13.77,11.27,3.36
新洋丰,sz000902,16.85,17.0,16.84,193400.0,16.84,5500,16.85,8300,-0.88,16.93,16.83,193400,3260000.0,0.02,0.59,192.56,211.42,18.7,15.3,5.68
家联科技,sz301193,24.6,25.13,25.17,102500.0,24.51,2000,24.6,300,-2.11,25.17,24.57,102500,2560000.0,0.07,2.39,34.07,48.01,30.16,20.1,5.55
晨光新材,sh605399,15.09,15.09,15.06,18500.0,15.09,17400,15.1,4000,0.0,15.09,15.04,18500,280000.0,0.01,0.33,47.01,47.11,16.6,13.58,0.73
上能电气,sz300827,35.78,35.83,35.61,110100.0,35.68,400,35.78,700,-0.14,35.93,35.61,110100,3930000.0,0.03,0.89,137.84,199.18,43.0,28.66,2.03
晨丰科技,sh603685,23.95,24.01,24.01,16400.0,23.95,3600,23.97,300,-0.25,24.01,23.95,16400,390000.0,0.01,0.25,48.25,60.1,26.41,21.61,0.72
ST合纵,sz300477,2.92,2.92,2.92,713400.0,2.91,342200,2.92,104800,0.0,2.93,2.91,713400,2080000.0,0.07,0.68,28.93,31.3,3.5,2.34,3.92
兴发集团,sh600141,38.29,38.78,38.42,348800.0,38.23,6700,38.24,2500,-1.26,38.58,38.24,348800,13390000.0,0.03,0.88,427.63,427.63,42.66,34.9,4.23
唯科科技,sz301196,84.8,84.98,85.19,158300.0,84.72,400,84.8,1600,-0.21,85.6,84.8,158300,13490000.0,0.19,0.94,69.5,106.27,101.98,67.98,9.93
中兴商业,sz000715,6.46,6.42,6.41,338500.0,6.46,46200,6.47,28400,0.62,6.49,6.41,338500,2180000.0,0.06,1.25,34.82,34.91,7.06,5.78,5.46
天岳先进,sh688234,92.01,92.6,92.28,2129000.0,92.0,3500,92.01,100,-0.64,92.28,92.0,2129000,1960000.0,0.0,0.3,395.38,445.9,111.12,74.08,0.94
中色股份,sz000758,7.43,7.61,7.46,2424700.0,7.42,121400,7.43,67900,-2.37,7.47,7.41,2424700,18050000.0,0.12,0.79,146.83,147.89,8.37,6.85,9.03
振德医疗,sh603301,89.27,87.62,89.36,219700.0,89.0,300,89.27,12000,1.88,89.99,89.0,219700,19630000.0,0.08,1.13,237.31,237.31,96.38,78.86,8.14
鼎阳科技,sh688112,41.98,42.35,41.94,1690300.0,41.98,0,42.09,300,-0.87,42.15,41.94,1690300,710000.0,0.01,0.5,67.0,67.0,50.82,33.88,2.46
兆威机电,sz003021,123.8,124.7,124.28,46100.0,123.8,200,123.84,400,-0.72,124.28,123.38,46100,5720000.0,0.02,0.72,256.61,298.0,137.17,112.23,2.25
富瑞特装,sz300228,10.24,10.24,10.2,485100.0,10.23,19100,10.24,61700,0.0,10.24,10.19,485100,4950000.0,0.09,0.49,57.5,61.18,12.29,8.19,2.87
国投中鲁,sh600962,21.85,21.83,21.83,10100.0,21.85,13700,21.88,1900,0.09,21.91,21.83,10100,220000.0,0.0,0.37,57.29,57.29,24.01,19.65,0.62
星云股份,sz300648,58.63,59.07,59.08,30500.0,58.51,100,58.63,1200,-0.74,59.08,58.57,30500,1790000.0,0.02,0.86,77.79,102.18,70.88,47.26,1.35
莱尔科技,sh688683,38.23,38.23,38.23,430000.0,38.04,800,38.13,600,0.0,38.23,38.13,430000,160000.0,0.0,0.26,59.32,61.59,45.88,30.58,0.54
朗进科技,sz300594,28.58,29.06,29.06,307700.0,28.26,700,28.58,11600,-1.65,29.5,28.28,307700,8920000.0,0.34,4.2,26.01,26.26,34.87,23.25,17.47
天山铝业,sz002532,17.51,17.9,17.75,817300.0,17.5,42800,17.51,25900,-2.18,17.79,17.5,817300,14430000.0,0.02,1.62,719.11,810.49,19.69,16.11,4.48
张江高科,sh600895,40.22,40.32,40.21,168300.0,40.22,23400,40.32,8800,-0.25,40.32,40.18,168300,6770000.0,0.01,0.35,622.88,622.88,44.35,36.29,2.48
凯美特气,sz002549,20.38,20.45,20.4,218900.0,20.37,15700,20.38,300,-0.34,20.44,20.32,218900,4460000.0,0.03,0.59,141.1,141.71,22.5,18.41,2.83
利和兴,sz301013,24.46,24.21,24.13,95500.0,24.46,7300,24.49,3000,1.03,24.48,24.09,95500,2310000.0,0.05,1.61,46.29,57.17,29.05,19.37,4.05
弘元绿能,sh603185,26.5,26.63,26.55,98200.0,26.5,4300,26.51,200,-0.49,26.58,26.47,98200,2610000.0,0.01,0.41,179.94,181.02,29.29,23.97,1.18
江钨装备,sh600397,14.88,14.31,14.6,8197500.0,14.88,18800,14.89,31900,3.98,14.89,14.6,8197500,120070000.0,0.83,2.03,147.31,147.31,15.74,12.88,42.63
精测电子,sz300567,131.35,132.58,132.24,138300.0,131.41,100,131.44,500,-0.93,132.53,130.92,138300,18210000.0,0.06,1.21,298.23,367.45,159.1,106.06,2.93
泰福泵业,sz300992,31.57,31.7,31.65,31600.0,31.59,200,31.6,1800,-0.41,31.73,31.51,31600,1000000.0,0.04,0.69,24.46,30.1,38.04,25.36,2.52
启明星辰,sz002439,14.85,14.84,14.82,235200.0,14.84,900,14.85,2900,0.07,14.85,14.77,235200,3480000.0,0.03,0.54,107.71,179.89,16.32,13.36,3.74
*ST中基,sz000972,3.51,3.51,3.5,75500.0,3.5,95000,3.51,54700,0.0,3.51,3.5,75500,260000.0,0.01,0.28,27.07,27.07,3.69,3.33,2.5
晓程科技,sz300139,57.03,57.03,57.32,1834000.0,57.03,1100,57.3,26500,0.0,57.42,56.68,1834000,104860000.0,0.78,1.3,133.26,156.26,68.44,45.62,10.49
华金资本,sz000532,16.15,16.19,16.14,55900.0,16.15,21100,16.16,700,-0.25,16.22,16.14,55900,900000.0,0.02,0.49,55.48,55.67,17.81,14.57,2.45
德龙激光,sh688170,40.8,41.25,40.65,5850600.0,40.8,400,40.97,4500,-1.09,40.98,40.65,5850600,2380000.0,0.06,0.8,42.17,42.17,49.5,33.0,2.89
龙佰集团,sz002601,21.88,22.26,21.99,678900.0,21.85,2600,21.9,2700,-1.71,22.2,21.85,678900,14940000.0,0.03,1.57,434.89,521.67,24.49,20.03,6.4
*ST美谷,sz000615,3.33,3.32,3.32,366400.0,3.32,500,3.33,2400,0.3,3.33,3.3,366400,1220000.0,0.04,0.9,30.81,59.52,3.49,3.15,8.26
德才股份,sh605287,67.05,67.36,65.5,1043200.0,66.69,200,67.0,700,-0.46,67.94,65.44,1043200,68770000.0,0.75,3.71,93.87,93.87,74.1,60.62,18.73
亚太股份,sz002284,16.34,16.34,16.34,125700.0,16.33,4200,16.34,19800,0.0,16.4,16.33,125700,2050000.0,0.02,0.43,119.48,120.77,17.97,14.71,2.26
硅宝科技,sz300019,21.26,21.3,21.18,45900.0,21.22,600,21.26,600,-0.19,21.28,21.18,45900,970000.0,0.01,0.47,71.76,83.58,25.56,17.04,1.86
重药控股,sz000950,5.84,5.83,5.84,249700.0,5.84,2100,5.85,14900,0.17,5.85,5.84,249700,1460000.0,0.01,0.17,100.93,100.93,6.41,5.25,2.28
信立泰,sz002294,51.79,51.4,51.5,75700.0,51.46,200,51.79,100,0.76,51.79,51.39,75700,3900000.0,0.01,0.78,577.23,577.36,56.54,46.26,2.19
华特气体,sh688268,65.25,65.24,64.91,2213200.0,64.92,3000,65.13,600,0.02,65.55,64.89,2213200,1440000.0,0.02,1.01,78.24,78.3,78.29,52.19,2.19
长阳科技,sh688299,20.37,20.44,20.21,3421700.0,20.37,1900,20.43,500,-0.34,20.37,20.21,3421700,690000.0,0.01,0.78,58.54,58.54,24.53,16.35,0.78
立达信,sh605365,20.15,20.05,20.15,5100.0,20.12,100,20.14,1200,0.5,20.15,20.15,5100,100000.0,0.0,0.0,101.16,101.16,22.06,18.05,0.31
新迅达,sz300518,19.98,19.99,19.8,336800.0,19.95,2400,19.98,1300,-0.05,20.28,19.8,336800,6710000.0,0.17,2.4,39.84,39.84,23.99,15.99,11.17
东方锆业,sz002167,13.07,13.3,13.1,806600.0,13.07,10300,13.08,300,-1.73,13.2,13.06,806600,10560000.0,0.11,1.05,98.99,101.25,14.63,11.97,6.25
江苏北人,sh688218,22.18,22.13,22.01,430000.0,22.13,1400,22.18,300,0.23,22.18,22.0,430000,90000.0,0.0,0.81,26.31,26.31,26.56,17.7,0.61
众泰汽车,sz000980,3.01,3.01,3.03,754100.0,3.01,74200,3.02,39300,0.0,3.03,3.01,754100,2280000.0,0.01,0.66,151.44,151.78,3.31,2.71,2.54
寒锐钴业,sz300618,46.02,47.14,46.25,458800.0,46.01,1900,46.02,4400,-2.38,46.5,46.0,458800,21200000.0,0.17,1.06,125.4,142.52,56.57,37.71,11.02
南侨食品,sh605339,18.35,18.25,18.47,24200.0,18.35,1600,18.39,800,0.55,18.5,18.35,24200,450000.0,0.01,0.82,77.86,77.86,20.08,16.43,3.97
阳光诺和,sh688621,67.57,67.85,67.8,340000.0,67.57,200,67.84,17700,-0.41,67.94,67.55,340000,230000.0,0.0,0.57,75.68,75.68,81.42,54.28,0.43
*ST仁东,sz002647,9.41,9.03,9.48,4566800.0,9.41,46400,9.42,211100,4.21,9.48,9.36,4566800,43260000.0,0.67,1.33,63.77,106.36,9.48,8.58,74.0
思泰克,sz301568,50.01,50.16,50.4,43200.0,50.01,100,50.11,100,-0.3,50.41,50.01,43200,2170000.0,0.09,0.8,23.8,51.64,60.19,40.13,4.95
人民同泰,sh600829,10.88,10.8,10.86,69700.0,10.88,6000,10.89,100,0.74,10.89,10.86,69700,760000.0,0.01,0.28,63.09,63.09,11.88,9.72,1.16
同星科技,sz301252,39.5,39.79,39.74,222100.0,39.49,1900,39.5,1500,-0.73,39.74,39.0,222100,8790000.0,0.47,1.86,18.68,66.84,47.75,31.83,5.98
西藏矿业,sz000762,26.52,27.13,26.31,931300.0,26.52,1800,26.6,5200,-2.25,26.74,26.31,931300,24620000.0,0.18,1.58,138.12,138.12,29.84,24.42,16.95
正和生态,sh605069,14.04,14.37,14.11,417300.0,14.02,4800,14.03,100,-2.3,14.11,14.02,417300,5890000.0,0.2,0.63,29.72,29.72,15.81,12.93,5.68
西藏珠峰,sh600338,17.52,18.02,17.58,1348800.0,17.51,111100,17.52,40100,-2.77,17.59,17.51,1348800,23690000.0,0.15,0.44,160.17,160.17,19.82,16.22,9.03
高盟新材,sz300200,11.77,11.82,11.83,177800.0,11.77,6700,11.8,29500,-0.42,11.83,11.77,177800,2100000.0,0.04,0.51,49.89,50.73,14.18,9.46,2.94
中原内配,sz002448,15.83,16.13,16.0,524500.0,15.83,2200,15.87,5100,-1.86,16.06,15.83,524500,8360000.0,0.12,1.43,72.11,93.15,17.74,14.52,4.41
金太阳,sz300606,33.74,33.9,33.9,84700.0,33.71,500,33.74,8900,-0.47,34.04,33.69,84700,2870000.0,0.07,1.03,39.7,46.68,40.68,27.12,1.19
沧州明珠,sz002108,4.93,4.94,4.94,408800.0,4.93,4700,4.94,57800,-0.2,4.96,4.93,408800,2020000.0,0.02,0.61,81.22,81.28,5.43,4.45,1.94
洛阳钼业,sh603993,22.5,23.16,22.5,6095600.0,22.46,400,22.5,738400,-2.85,22.51,22.37,6095600,137060000.0,0.03,0.6,3928.69,4813.72,25.48,20.84,6.62
泰嘉股份,sz002843,19.89,18.95,19.36,1255500.0,19.85,9300,19.89,32200,4.96,19.89,19.32,1255500,24510000.0,0.5,3.01,49.88,50.07,20.85,17.06,39.71
合肥城建,sz002208,15.25,15.58,15.43,2385800.0,15.24,59600,15.25,9600,-2.12,15.46,15.16,2385800,36620000.0,0.3,1.93,122.47,122.5,17.14,14.02,11.48
海马汽车,sz000572,6.98,6.94,6.96,458900.0,6.98,2500,7.0,31000,0.58,7.01,6.95,458900,3200000.0,0.03,0.86,114.63,114.8,7.63,6.25,1.99
长虹能源,bj920239,32.16,32.2,32.4,10700.0,32.16,2500,32.32,1900,-0.12,32.41,32.12,10700,345800.0,0.01,0.9,57.71,58.56,41.86,22.54,1.46
华源控股,sz002787,12.69,12.56,12.77,102600.0,12.69,100,12.7,500,1.04,12.77,12.67,102600,1310000.0,0.04,0.8,31.83,42.53,13.82,11.3,3.13
华人健康,sz301408,20.37,20.37,20.22,146600.0,20.36,100,20.37,400,0.0,20.45,20.22,146600,2980000.0,0.1,1.13,30.39,81.48,24.44,16.3,2.77
罗 牛 山,sz000735,7.62,7.6,7.6,294200.0,7.62,9800,7.63,8100,0.26,7.62,7.58,294200,2240000.0,0.03,0.53,87.7,87.75,8.36,6.84,2.19
云图控股,sz002539,14.96,15.1,15.0,283200.0,14.96,6600,14.97,4200,-0.93,15.09,14.95,283200,4240000.0,0.03,0.93,131.83,180.68,16.61,13.59,2.6
强达电路,sz301628,106.1,107.2,106.96,38800.0,106.1,1400,106.3,400,-1.03,106.96,106.1,38800,4140000.0,0.12,0.8,34.61,79.97,128.64,85.76,2.67
博杰股份,sz002975,81.57,83.03,83.0,383700.0,81.46,1500,81.64,200,-1.76,83.02,81.0,383700,31680000.0,0.36,2.43,86.35,130.76,91.33,74.73,18.96
日出东方,sh603366,9.68,9.68,9.65,116500.0,9.65,24500,9.68,17100,0.0,9.68,9.65,116500,1120000.0,0.01,0.31,78.7,78.7,10.65,8.71,1.32
中铝国际,sh601068,5.6,5.61,5.6,162000.0,5.58,42000,5.59,1600,-0.18,5.6,5.58,162000,910000.0,0.01,0.36,143.34,167.32,6.17,5.05,2.35
金凯生科,sz301509,38.68,38.68,38.6,74100.0,38.68,4200,38.76,4300,0.0,39.0,38.6,74100,2870000.0,0.13,1.03,21.95,46.59,46.42,30.94,3.42
诚达药业,sz301201,41.0,41.05,41.11,59100.0,40.98,1300,41.04,100,-0.12,41.2,41.0,59100,2430000.0,0.05,0.49,44.5,63.43,49.26,32.84,3.05
中旗新材,sz001212,52.5,52.67,52.67,53100.0,52.3,600,52.46,300,-0.32,53.39,52.5,53100,2800000.0,0.03,1.69,91.27,105.5,57.94,47.4,2.25
万向钱潮,sz000559,19.6,19.62,19.52,3313500.0,19.6,112000,19.61,33400,-0.1,19.61,19.46,3313500,64700000.0,0.1,0.76,649.65,649.81,21.58,17.66,3.5
长华化学,sz301518,44.13,44.55,44.91,119500.0,44.13,700,44.17,1500,-0.94,45.0,44.13,119500,5350000.0,0.22,1.95,23.59,64.2,53.46,35.64,7.61
唯捷创芯,sh688153,39.3,39.4,39.34,1087500.0,39.23,4900,39.3,8400,-0.25,39.34,39.23,1087500,430000.0,0.0,0.28,160.59,169.11,47.28,31.52,0.88
川恒股份,sz002895,39.18,39.45,39.23,79000.0,39.18,400,39.19,4700,-0.68,39.24,39.1,79000,3100000.0,0.01,0.35,233.76,238.08,43.4,35.51,2.63
长光华芯,sh688048,143.05,144.93,142.07,18272000.0,143.05,900,143.61,200,-1.3,143.99,142.07,18272000,26040000.0,0.1,1.32,252.17,252.17,173.92,115.94,3.6
景津装备,sh603279,18.51,18.48,18.5,37400.0,18.51,100,18.63,300,0.16,18.54,18.43,37400,690000.0,0.01,0.6,106.69,106.69,20.33,16.63,0.98
山金国际,sz000975,30.03,30.53,30.11,1158100.0,30.02,21000,30.03,400,-1.64,30.19,29.95,1158100,34830000.0,0.05,0.79,758.99,833.85,33.58,27.48,6.81
史丹利,sz002588,10.74,10.8,10.81,91400.0,10.74,6900,10.75,4800,-0.56,10.81,10.73,91400,990000.0,0.01,0.74,92.21,123.71,11.88,9.72,1.95
英联股份,sz002846,15.51,15.53,15.43,26200.0,15.5,900,15.51,200,-0.13,15.53,15.43,26200,410000.0,0.01,0.64,39.86,65.14,17.08,13.98,1.02
润禾材料,sz300727,36.0,36.28,36.12,67700.0,35.92,1400,36.0,2100,-0.77,36.24,35.97,67700,2440000.0,0.04,0.74,58.28,64.85,43.54,29.02,5.17
金钼股份,sh601958,20.78,21.26,20.85,1143600.0,20.78,100,20.8,87200,-2.26,20.85,20.75,1143600,23820000.0,0.04,0.47,670.49,670.49,23.39,19.13,7.34
ST朗源,sz300175,6.33,6.32,6.37,82700.0,6.33,15000,6.35,5500,0.16,6.37,6.32,82700,520000.0,0.02,0.79,29.8,29.8,7.58,5.06,4.21
长川科技,sz300604,127.96,129.2,127.98,341000.0,127.93,200,127.96,1500,-0.96,128.65,127.51,341000,43630000.0,0.07,0.88,626.31,811.78,155.04,103.36,4.53
运达科技,sz300440,15.42,15.35,15.4,148300.0,15.42,500,15.44,1300,0.46,15.45,15.33,148300,2280000.0,0.03,0.78,67.51,67.77,18.42,12.28,2.59
仕佳光子,sh688313,86.43,87.98,86.31,36699400.0,86.43,100,86.46,500,-1.76,86.43,86.19,36699400,31670000.0,0.08,0.27,390.65,390.65,105.58,70.38,3.25
良信股份,sz002706,11.08,11.23,11.1,1226700.0,11.07,12200,11.08,3000,-1.34,11.15,11.01,1226700,13600000.0,0.13,1.25,101.38,124.44,12.35,10.11,7.85
宁德时代,sz300750,373.93,375.87,375.61,553800.0,373.9,1700,373.93,300,-0.52,375.87,373.9,553800,207790000.0,0.01,0.52,15916.83,17065.64,451.04,300.7,5.0
ST张家界,sz000430,7.24,7.23,7.23,82600.0,7.24,4800,7.25,5000,0.14,7.24,7.22,82600,600000.0,0.02,0.28,26.83,58.62,7.59,6.87,3.08
晶晨股份,sh688099,93.49,93.55,93.84,50361200.0,93.27,900,93.49,7400,-0.06,93.86,93.1,50361200,47200000.0,0.12,0.81,393.75,393.75,112.26,74.84,10.09
湖南黄金,sz002155,32.81,33.11,32.66,5160700.0,32.81,1700,32.84,7700,-0.91,32.88,32.55,5160700,168640000.0,0.33,1.0,512.66,512.71,36.42,29.8,8.98
卓然股份,sh688121,12.01,12.06,12.05,432800.0,12.03,3000,12.04,2100,-0.41,12.05,12.01,432800,50000.0,0.0,0.33,24.34,28.06,14.47,9.65,0.33
赣能股份,sz000899,10.9,10.94,10.88,269100.0,10.88,10200,10.89,1600,-0.37,10.96,10.87,269100,2930000.0,0.03,0.82,106.35,106.35,12.03,9.85,5.41
中船特气,sh688146,44.49,44.5,44.5,2491000.0,44.48,200,44.49,22600,-0.02,44.65,44.38,2491000,1110000.0,0.02,0.61,64.5,235.54,53.4,35.6,1.18
利安隆,sz300596,46.91,47.29,46.9,62100.0,46.91,1700,46.96,5400,-0.8,47.29,46.9,62100,2920000.0,0.03,0.82,104.63,107.71,56.75,37.83,5.31
新华保险,sh601336,78.56,78.4,78.56,180000.0,78.53,1100,78.56,52900,0.2,78.7,78.5,180000,14140000.0,0.01,0.26,1638.32,2450.72,86.24,70.56,3.11
汇隆新材,sz301057,45.54,45.99,45.16,57000.0,45.35,400,45.54,2900,-0.98,46.0,45.16,57000,2580000.0,0.07,1.83,37.61,53.27,55.19,36.79,3.57
科安达,sz002972,12.57,12.63,12.74,45100.0,12.57,1900,12.64,1000,-0.48,12.74,12.56,45100,570000.0,0.03,1.43,16.93,30.92,13.89,11.37,3.58
盟固利,sz301487,24.14,23.98,23.96,184600.0,24.13,9600,24.14,2200,0.67,24.15,23.94,184600,4430000.0,0.07,0.88,65.85,110.95,28.78,19.18,2.99
乐鑫科技,sh688018,168.44,170.02,168.6,2216500.0,168.03,900,168.44,400,-0.93,168.62,168.02,2216500,3730000.0,0.01,0.35,263.95,281.54,204.02,136.02,2.28
华通线缆,sh605196,44.74,45.13,44.65,45400.0,44.74,2600,44.76,2500,-0.86,44.79,44.65,45400,2030000.0,0.01,0.31,225.92,228.62,49.64,40.62,1.15
朗威股份,sz301202,43.85,44.47,43.77,374200.0,43.85,2900,43.94,300,-1.39,43.97,43.22,374200,16370000.0,1.01,1.69,16.3,59.81,53.36,35.58,29.69
翔丰华,sz300890,30.89,31.08,31.0,39900.0,30.91,200,30.93,400,-0.61,31.0,30.89,39900,1230000.0,0.04,0.35,33.62,36.8,37.3,24.86,2.84
鹏欣资源,sh600490,9.68,9.86,9.61,5514300.0,9.67,27900,9.72,800,-1.83,9.75,9.59,5514300,53070000.0,0.28,1.62,192.89,214.21,10.85,8.87,17.16
威星智能,sz002849,18.29,18.22,18.18,65600.0,18.22,100,18.29,16200,0.38,18.37,18.09,65600,1190000.0,0.03,1.54,35.4,40.35,20.04,16.4,1.75
ST美晨,sz300237,2.49,2.5,2.5,717200.0,2.49,126100,2.5,315900,-0.4,2.51,2.49,717200,1790000.0,0.05,0.8,35.9,35.9,3.0,2.0,4.29
众生药业,sz002317,19.14,19.1,19.06,164900.0,19.13,4900,19.14,500,0.21,19.15,19.05,164900,3150000.0,0.02,0.52,145.77,162.68,21.01,17.19,1.42
金瑞矿业,sh600714,15.48,15.65,15.5,172300.0,15.45,13200,15.5,51700,-1.09,15.6,15.45,172300,2670000.0,0.06,0.96,44.61,44.61,17.22,14.09,3.09
华友钴业,sh603799,72.68,75.15,72.58,1031900.0,72.68,59800,72.9,200,-3.29,73.36,72.58,1031900,74980000.0,0.05,1.04,1369.35,1378.54,82.67,67.64,5.94
湖北宜化,sz000422,15.71,15.85,15.78,422300.0,15.7,54100,15.71,5700,-0.88,15.79,15.71,422300,6660000.0,0.04,0.5,166.18,170.96,17.44,14.27,2.48
豫光金铅,sh600531,16.21,16.71,16.18,5048500.0,16.19,422800,16.21,44000,-2.99,16.39,16.18,5048500,81880000.0,0.42,1.26,196.02,196.02,18.38,15.04,11.64
中仑新材,sz301565,24.34,24.38,24.39,48600.0,24.33,300,24.35,16700,-0.16,24.39,24.21,48600,1180000.0,0.04,0.74,31.16,97.36,29.26,19.5,4.9
华阳新材,sh600281,6.21,6.25,6.24,167700.0,6.21,8600,6.22,5100,-0.64,6.24,6.19,167700,1040000.0,0.03,0.8,31.94,31.94,6.88,5.63,2.95
天汽模,sz002510,7.65,7.73,7.61,3595100.0,7.64,3200,7.65,15600,-1.03,7.68,7.6,3595100,27400000.0,0.36,1.03,76.87,77.66,8.5,6.96,14.89
中国铝业,sh601600,12.95,13.21,12.97,8877400.0,12.94,3700,12.95,125600,-1.97,13.03,12.89,8877400,115090000.0,0.07,1.06,1705.95,2221.57,14.53,11.89,9.67
岳阳林纸,sh600963,6.03,6.03,6.0,181100.0,6.03,1200,6.04,43500,0.0,6.03,6.0,181100,1090000.0,0.01,0.5,105.98,105.98,6.63,5.43,0.58
新益昌,sh688383,71.06,72.05,71.08,78300.0,71.05,200,71.06,23200,-1.37,71.08,71.06,78300,60000.0,0.0,0.03,72.58,72.58,86.46,57.64,0.26
新凤鸣,sh603225,21.61,21.93,21.68,280900.0,21.6,1400,21.61,156300,-1.46,21.8,21.51,280900,6080000.0,0.02,1.32,331.49,333.43,24.12,19.74,2.93
华宝新能,sz301327,57.28,57.42,57.3,10000.0,57.19,600,57.27,100,-0.24,57.3,57.1,10000,570000.0,0.01,0.35,43.7,99.89,68.9,45.94,1.62
凌霄泵业,sz002884,18.27,18.33,18.35,90200.0,18.27,1100,18.29,800,-0.33,18.36,18.24,90200,1650000.0,0.03,0.65,49.89,65.35,20.16,16.5,7.35
欣龙控股,sz000955,5.66,5.63,5.65,232400.0,5.66,17100,5.67,29200,0.53,5.68,5.63,232400,1320000.0,0.04,0.89,30.45,30.47,6.19,5.07,3.72
司太立,sh603520,10.32,10.29,10.29,33300.0,10.3,6800,10.32,1200,0.29,10.33,10.29,33300,340000.0,0.01,0.39,45.24,45.24,11.32,9.26,1.16
恺英网络,sz002517,25.53,25.63,25.52,1060900.0,25.51,21600,25.53,5400,-0.39,25.57,25.37,1060900,27060000.0,0.06,0.78,482.28,545.43,28.19,23.07,3.25
中国平安,sh601318,66.23,66.54,66.15,794300.0,66.23,17300,66.25,13900,-0.47,66.25,66.13,794300,52550000.0,0.01,0.18,7060.16,11992.69,73.19,59.89,2.66
翔宇医疗,sh688626,66.6,66.76,66.6,622900.0,66.6,100,66.76,1500,-0.24,66.61,66.0,622900,410000.0,0.0,0.91,106.56,106.56,80.11,53.41,0.79
保丽洁,bj920802,15.96,15.93,15.94,2700.0,15.93,1300,15.94,1100,0.19,16.01,15.94,2700,42900.0,0.01,0.44,3.53,13.09,20.7,11.16,1.2
晨化股份,sz300610,12.35,12.36,12.37,37400.0,12.32,4300,12.35,100,-0.08,12.39,12.31,37400,460000.0,0.02,0.65,19.91,26.55,14.83,9.89,2.06
逸豪新材,sz301176,26.48,26.23,26.13,107500.0,26.48,2000,26.49,600,0.95,26.48,26.11,107500,2830000.0,0.19,1.41,14.92,44.77,31.48,20.98,4.73
行云科技,sz300209,7.82,7.68,7.8,4260700.0,7.82,10100,7.83,6100,1.82,7.9,7.8,4260700,33290000.0,0.6,1.3,55.67,72.62,9.22,6.14,14.94
迪威尔,sh688377,42.2,43.0,42.57,748300.0,42.2,0,42.42,200,-1.86,42.57,42.12,748300,320000.0,0.0,1.05,82.15,82.15,51.6,34.4,0.99
乐惠国际,sh603076,25.8,25.95,25.83,26900.0,25.76,2000,25.8,2400,-0.58,25.84,25.76,26900,690000.0,0.02,0.31,31.14,31.14,28.55,23.36,2.24
骏鼎达,sz301538,87.33,87.89,87.87,6500.0,87.27,100,87.33,100,-0.64,87.87,87.2,6500,570000.0,0.02,0.76,27.26,68.47,105.47,70.31,1.55
富临精工,sz300432,18.02,18.13,18.09,266200.0,18.01,38700,18.02,1600,-0.61,18.1,18.02,266200,4810000.0,0.02,0.44,304.64,308.1,21.76,14.5,1.35
闽发铝业,sz002578,4.17,4.23,4.22,493100.0,4.16,60600,4.17,33600,-1.42,4.22,4.16,493100,2070000.0,0.06,1.42,35.91,39.14,4.65,3.81,4.11
美能能源,sz001299,13.36,13.39,13.44,129200.0,13.34,400,13.36,600,-0.22,13.44,13.34,129200,1730000.0,0.06,0.75,29.18,32.42,14.73,12.05,5.15
越秀资本,sz000987,9.47,9.5,9.5,346300.0,9.47,9800,9.48,800,-0.32,9.51,9.47,346300,3290000.0,0.01,0.42,474.87,475.12,10.45,8.55,1.9
华电国际,sh600027,4.91,4.92,4.92,917300.0,4.9,984700,4.91,137000,-0.2,4.93,4.91,917300,4510000.0,0.01,0.41,417.86,570.14,5.41,4.43,4.83
达 意 隆,sz002209,16.38,16.38,16.45,47000.0,16.38,1300,16.4,100,0.0,16.47,16.37,47000,770000.0,0.03,0.61,25.6,32.6,18.02,14.74,2.43
雪迪龙,sz002658,10.36,10.33,10.34,135100.0,10.36,2200,10.37,15500,0.29,10.4,10.34,135100,1400000.0,0.04,0.58,37.15,65.86,11.36,9.3,1.63
洪田股份,sh603800,38.68,38.71,38.7,9200.0,38.51,2000,38.68,5600,-0.08,38.7,38.6,9200,360000.0,0.0,0.26,80.45,80.45,42.58,34.84,0.74
悦安新材,sh688786,31.15,31.38,31.3,640000.0,30.89,500,31.15,1500,-0.73,31.3,31.15,640000,200000.0,0.0,0.48,44.79,44.79,37.66,25.1,0.84
振华新材,sh688707,14.3,14.32,14.41,11163100.0,14.3,2700,14.35,1100,-0.14,14.41,14.3,11163100,1610000.0,0.02,0.77,72.75,72.75,17.18,11.46,6.19
索通发展,sh603612,31.55,32.0,31.5,210600.0,31.55,3600,31.66,2600,-1.41,31.75,31.48,210600,6640000.0,0.04,0.84,157.15,157.15,35.2,28.8,1.69
三维股份,sh603033,11.16,11.2,11.2,8500.0,11.16,19700,11.17,1300,-0.36,11.2,11.16,8500,100000.0,0.0,0.36,113.0,115.08,12.32,10.08,0.19
恒星科技,sz002132,3.75,3.78,3.76,527200.0,3.75,133000,3.76,65500,-0.79,3.77,3.75,527200,1980000.0,0.04,0.53,52.48,52.56,4.16,3.4,5.1
普路通,sz002769,11.96,11.9,11.97,85500.0,11.96,10700,11.97,19000,0.5,11.97,11.91,85500,1020000.0,0.02,0.5,44.61,44.65,13.09,10.71,1.83
神州数码,sz000034,37.91,38.23,37.89,702700.0,37.9,18600,37.94,1600,-0.84,37.94,37.7,702700,26590000.0,0.12,0.63,229.27,274.26,42.05,34.41,10.69
鸿利智汇,sz300219,7.65,7.63,7.6,194200.0,7.64,4200,7.65,12600,0.26,7.65,7.59,194200,1480000.0,0.03,0.79,54.06,54.16,9.16,6.1,2.56
聚杰微纤,sz300819,53.42,53.78,53.0,350900.0,53.42,1600,53.47,100,-0.67,53.5,53.0,350900,18620000.0,0.26,0.93,71.99,79.71,64.54,43.02,7.04
新美星,sz300509,14.67,14.68,14.7,29000.0,14.6,10000,14.63,2500,-0.07,14.79,14.65,29000,430000.0,0.01,0.95,36.25,43.48,17.62,11.74,0.79
大唐发电,sh601991,3.77,3.78,3.77,721000.0,3.76,680300,3.77,96200,-0.26,3.78,3.76,721000,2720000.0,0.01,0.53,467.33,697.7,4.16,3.4,1.72
兴业股份,sh603928,15.88,15.91,15.87,9200.0,15.87,4700,15.88,100,-0.19,15.88,15.86,9200,150000.0,0.0,0.13,41.62,41.62,17.5,14.32,0.63
德明利,sz001309,235.77,239.88,235.86,282100.0,235.51,200,235.75,300,-1.71,236.8,235.01,282100,66510000.0,0.18,0.75,379.3,534.83,263.87,215.89,9.37
海辰药业,sz300584,44.0,44.04,44.05,27800.0,43.98,1500,44.01,300,-0.09,44.26,44.0,27800,1230000.0,0.03,0.59,36.13,52.8,52.85,35.23,2.28
江苏国泰,sz002091,8.78,8.8,8.78,184500.0,8.77,16300,8.78,9300,-0.23,8.8,8.76,184500,1620000.0,0.01,0.45,140.2,142.91,9.68,7.92,2.69
富吉瑞,sh688272,32.08,32.06,32.08,743300.0,31.64,200,32.08,100,0.06,32.19,32.06,743300,240000.0,0.01,0.41,24.38,24.38,38.47,25.65,1.01
岱勒新材,sz300700,13.91,13.88,13.9,80800.0,13.9,2900,13.91,700,0.22,13.97,13.9,80800,1120000.0,0.03,0.5,37.64,55.23,16.66,11.1,2.75
锦富技术,sz300128,7.01,7.07,7.0,639200.0,7.01,3200,7.02,3200,-0.85,7.06,6.99,639200,4480000.0,0.05,0.99,90.97,91.07,8.48,5.66,6.17
川发龙蟒,sz002312,11.71,11.79,11.74,432700.0,11.7,95200,11.71,7700,-0.68,11.75,11.7,432700,5080000.0,0.02,0.42,220.6,221.05,12.97,10.61,3.33
匠心家居,sz301061,89.69,90.1,89.86,9400.0,89.7,100,89.8,100,-0.46,90.05,89.24,9400,840000.0,0.01,0.9,130.35,196.21,108.12,72.08,2.22
铂科新材,sz300811,78.28,79.45,78.82,86200.0,78.1,300,78.28,12300,-1.47,78.82,78.04,86200,6760000.0,0.04,0.98,186.02,226.86,95.34,63.56,3.15
维科技术,sh600152,7.96,7.97,7.95,119600.0,7.95,16200,7.96,11300,-0.13,7.96,7.94,119600,950000.0,0.02,0.25,42.11,42.11,8.77,7.17,1.2
苑东生物,sh688513,66.59,66.51,65.77,470000.0,65.79,7500,66.15,300,0.12,66.59,65.77,470000,310000.0,0.0,1.23,117.55,117.55,79.81,53.21,0.49
八亿时空,sh688181,34.78,34.96,34.1,4000500.0,34.77,300,34.78,300,-0.51,34.9,34.1,4000500,1370000.0,0.03,2.29,46.77,46.77,41.95,27.97,3.22
众鑫股份,sh603091,80.23,80.22,80.22,1500.0,80.23,1000,80.62,100,0.01,80.64,80.22,1500,120000.0,0.0,0.52,24.72,82.03,88.24,72.2,0.84
中电电机,sh603988,28.36,28.57,28.44,28800.0,28.36,6000,28.41,500,-0.74,28.44,28.32,28800,820000.0,0.01,0.42,66.7,66.7,31.43,25.71,1.21
立昂微,sh605358,39.51,39.73,39.68,133300.0,39.51,28700,39.54,700,-0.55,39.68,39.5,133300,5280000.0,0.02,0.45,265.26,265.26,43.7,35.76,2.31
戈碧迦,bj920438,54.28,53.92,54.49,133000.0,54.28,500,54.45,300,0.67,54.8,54.28,133000,7257000.0,0.1,0.96,75.66,78.51,70.09,37.75,3.6
宁水集团,sh603700,14.42,14.4,14.35,17200.0,14.37,400,14.42,3500,0.14,14.42,14.35,17200,250000.0,0.01,0.49,28.83,28.83,15.84,12.96,1.53
*ST生物,sz000504,8.63,8.66,8.69,68300.0,8.62,800,8.63,81500,-0.35,8.69,8.63,68300,590000.0,0.02,0.69,28.4,28.48,9.09,8.23,6.59
凌云光,sh688400,45.13,45.58,45.29,14607500.0,45.13,8000,45.19,2300,-0.99,45.35,45.08,14607500,6610000.0,0.03,0.59,208.04,208.04,54.7,36.46,2.74
微芯生物,sh688321,31.8,31.8,31.75,8453800.0,31.79,19300,31.85,7800,0.0,31.85,31.7,8453800,2690000.0,0.02,0.47,129.68,129.68,38.16,25.44,2.77
依米康,sz300249,17.83,17.77,17.43,8271100.0,17.83,62000,17.86,5900,0.34,17.89,17.41,8271100,144760000.0,2.21,2.7,66.58,78.54,21.32,14.22,54.79
孚能科技,sh688567,14.86,14.94,14.93,3644400.0,14.86,700,14.87,800,-0.54,14.93,14.86,3644400,540000.0,0.0,0.47,181.6,181.6,17.93,11.95,0.81
江瀚新材,sh603281,33.08,33.23,33.08,15500.0,33.08,100,33.2,1000,-0.45,33.2,33.01,15500,510000.0,0.0,0.57,123.5,123.5,36.55,29.91,1.19
海德股份,sz000567,5.78,5.76,5.76,74800.0,5.77,28700,5.78,4000,0.35,5.78,5.76,74800,430000.0,0.0,0.35,112.7,112.98,6.34,5.18,1.52
圣泉集团,sh605589,31.88,32.02,31.86,201900.0,31.88,2900,31.93,400,-0.44,31.95,31.81,201900,6440000.0,0.02,0.44,268.94,269.83,35.22,28.82,2.34
华兰股份,sz301093,79.9,80.1,79.6,24600.0,79.9,400,79.97,300,-0.25,80.0,79.49,24600,1960000.0,0.02,0.64,125.39,131.2,96.12,64.08,0.97
云铝股份,sz000807,30.68,31.24,30.82,1331700.0,30.67,400,30.68,61800,-1.79,31.0,30.68,1331700,41050000.0,0.04,1.02,1063.96,1063.97,34.36,28.12,7.51
锡装股份,sz001332,57.18,57.56,57.58,5600.0,57.17,200,57.18,100,-0.66,57.58,57.17,5600,320000.0,0.01,0.71,27.45,63.18,63.32,51.8,1.39
驰诚股份,bj920407,22.48,22.57,22.5,7600.0,22.44,1200,22.48,500,-0.4,22.5,22.48,7600,171000.0,0.02,0.09,7.81,19.19,29.34,15.8,1.86
川能动力,sz000155,12.65,12.81,12.69,496000.0,12.64,48200,12.65,9900,-1.25,12.69,12.64,496000,6280000.0,0.03,0.39,233.54,233.54,14.09,11.53,4.72
屹唐股份,sh688729,25.12,25.3,25.24,7402200.0,25.12,600,25.19,500,-0.71,25.25,25.11,7402200,1860000.0,0.03,0.55,54.01,742.44,30.36,20.24,3.06
卡莱特,sz301391,75.56,75.94,75.61,7600.0,75.03,1900,75.59,500,-0.5,75.61,74.71,7600,570000.0,0.01,1.19,70.15,71.79,91.13,60.75,1.74
海阳科技,sh603382,30.67,30.63,30.7,12300.0,30.67,300,30.68,100,0.13,30.77,30.67,12300,380000.0,0.03,0.33,11.12,55.59,33.69,27.57,3.35
弘宇股份,sz002890,17.03,17.14,17.16,17500.0,17.03,2800,17.06,200,-0.64,17.17,17.03,17500,300000.0,0.01,0.82,27.5,28.93,18.85,15.43,1.99
恒邦股份,sz002237,17.15,17.26,17.0,2131400.0,17.13,800,17.15,700,-0.64,17.16,16.92,2131400,36270000.0,0.18,1.39,204.49,245.24,18.99,15.53,11.34
得利斯,sz002330,5.14,5.11,5.12,90100.0,5.14,26500,5.15,85000,0.59,5.15,5.12,90100,460000.0,0.01,0.59,32.65,32.66,5.62,4.6,1.41
白银有色,sh601212,9.09,9.41,8.98,11098900.0,9.07,1300,9.1,25100,-3.4,9.18,8.98,11098900,99940000.0,0.15,2.13,673.09,673.09,10.35,8.47,8.09
德龙汇能,sz000593,13.97,13.97,13.91,292800.0,13.95,13100,13.97,24400,0.0,13.97,13.8,292800,4070000.0,0.08,1.22,50.08,50.1,15.37,12.57,5.26
迈普医学,sz301033,73.13,73.5,73.51,2500.0,73.13,400,73.15,300,-0.5,73.51,73.1,2500,180000.0,0.0,0.56,41.3,49.03,88.2,58.8,0.58
佳力图,sh603912,9.39,9.48,9.37,1414000.0,9.39,30800,9.45,1200,-0.95,9.45,9.31,1414000,13240000.0,0.26,1.48,50.88,50.88,10.43,8.53,16.7
再升科技,sh603601,11.21,11.22,11.11,2779900.0,11.21,85700,11.24,200,-0.09,11.26,11.11,2779900,31000000.0,0.24,1.34,128.06,128.06,12.34,10.1,4.29
楚江新材,sz002171,12.87,12.97,12.9,839100.0,12.87,26800,12.88,11200,-0.77,12.91,12.87,839100,10820000.0,0.05,0.31,207.69,208.87,14.27,11.67,5.04
三维化学,sz002469,8.96,8.99,8.99,115800.0,8.96,3300,8.97,2900,-0.33,9.02,8.96,115800,1040000.0,0.02,0.67,56.35,58.14,9.89,8.09,2.98
*ST新潮,sh600777,4.09,4.09,4.08,236400.0,4.08,24400,4.09,68500,0.0,4.09,4.08,236400,960000.0,0.0,0.24,260.38,278.14,4.29,3.89,4.34
大富科技,sz300134,11.96,11.96,11.95,104600.0,11.96,19600,11.97,2100,0.0,11.97,11.92,104600,1250000.0,0.01,0.42,85.21,91.79,14.35,9.57,3.17
德艺文创,sz300640,7.89,7.83,7.83,177600.0,7.89,11700,7.9,6100,0.77,7.89,7.83,177600,1390000.0,0.08,0.77,17.42,24.54,9.4,6.26,2.33
芯源微,sh688037,207.0,207.58,207.0,3526800.0,206.0,2600,207.0,19100,-0.28,208.0,206.0,3526800,7300000.0,0.02,0.96,417.37,417.37,249.1,166.06,1.82
威领股份,sz002667,20.72,20.54,20.5,532300.0,20.72,4300,20.74,3800,0.88,20.74,20.3,532300,10910000.0,0.22,2.14,49.03,53.99,22.59,18.49,6.51
沧州大化,sh600230,20.09,20.16,19.99,275200.0,20.06,3100,20.09,8000,-0.35,20.15,19.97,275200,5510000.0,0.07,0.89,83.16,83.16,22.18,18.14,2.3
嘉曼服饰,sz301276,26.79,26.7,26.68,9100.0,26.8,900,26.88,1300,0.34,26.8,26.68,9100,240000.0,0.02,0.45,12.34,34.72,32.04,21.36,0.9
旗滨集团,sh601636,7.45,7.53,7.46,548000.0,7.44,300,7.45,21300,-1.06,7.47,7.43,548000,4080000.0,0.02,0.53,220.42,220.42,8.28,6.78,1.97
兴蓉环境,sz000598,7.13,7.13,7.13,190400.0,7.12,54000,7.13,37500,0.0,7.14,7.12,190400,1360000.0,0.01,0.28,212.42,212.76,7.84,6.42,2.42
药易购,sz300937,33.84,33.82,33.84,21800.0,33.9,100,33.92,200,0.06,33.97,33.8,21800,740000.0,0.03,0.5,21.95,32.37,40.58,27.06,2.88
建霖家居,sh603408,13.52,13.5,13.5,6300.0,13.52,700,13.53,1800,0.15,13.52,13.5,6300,90000.0,0.0,0.15,60.51,60.51,14.85,12.15,0.59
威唐工业,sz300707,19.48,18.61,19.6,2474900.0,19.48,2400,19.5,4000,4.67,19.66,19.4,2474900,48420000.0,1.73,1.4,27.91,34.39,22.33,14.89,71.29
ST联创,sz300343,6.29,6.29,6.31,125000.0,6.28,28300,6.29,26700,0.0,6.31,6.28,125000,790000.0,0.01,0.48,67.07,67.24,7.55,5.03,1.89
清溢光电,sh688138,29.86,30.0,29.8,3399400.0,29.86,1000,29.89,800,-0.47,29.89,29.8,3399400,1010000.0,0.01,0.3,94.0,94.0,36.0,24.0,3.07
厦门空港,sh600897,17.66,17.39,17.7,591300.0,17.6,12100,17.66,2800,1.55,17.7,17.55,591300,10450000.0,0.14,0.86,73.63,73.63,19.13,15.65,16.42
亚星化学,sh600319,8.02,8.04,8.01,34800.0,8.02,800,8.03,8300,-0.25,8.06,8.01,34800,280000.0,0.01,0.62,31.09,31.09,8.84,7.24,2.11
ST天瑞,sz300165,5.75,5.75,5.74,83900.0,5.74,28600,5.75,800,0.0,5.75,5.71,83900,480000.0,0.02,0.7,24.18,28.49,6.9,4.6,1.88
固德威,sh688390,79.38,79.92,79.5,2915000.0,79.12,3000,79.27,200,-0.68,79.56,79.04,2915000,2310000.0,0.01,0.65,192.89,192.89,95.9,63.94,1.2
久日新材,sh688199,27.27,27.25,27.26,1274400.0,27.27,4000,27.32,15900,0.07,27.33,27.26,1274400,350000.0,0.01,0.26,43.97,43.97,32.7,21.8,0.96
扬帆新材,sz300637,12.56,12.59,12.58,30900.0,12.56,600,12.57,800,-0.24,12.64,12.55,30900,390000.0,0.01,0.71,29.45,29.48,15.11,10.07,1.81
华泰证券,sh601688,22.41,22.41,22.4,225600.0,22.41,14900,22.45,4900,0.0,22.45,22.38,225600,5050000.0,0.0,0.31,1637.44,2022.92,24.65,20.17,1.08
华兴源创,sh688001,32.89,33.15,32.85,2885500.0,32.93,100,32.98,5800,-0.78,32.99,32.85,2885500,950000.0,0.01,0.42,146.19,146.19,39.78,26.52,2.48
内蒙华电,sh600863,4.84,4.85,4.85,424600.0,4.83,147700,4.84,117700,-0.21,4.85,4.83,424600,2060000.0,0.01,0.41,315.9,379.22,5.34,4.37,1.86
海象新材,sz003011,26.93,27.17,27.21,109000.0,26.93,500,27.0,7200,-0.88,27.23,26.93,109000,2950000.0,0.14,1.1,21.03,27.65,29.89,24.45,5.55
高测股份,sh688556,14.12,14.26,14.01,23785200.0,14.12,5800,14.13,2000,-0.98,14.17,14.01,23785200,3340000.0,0.03,1.12,117.31,117.31,17.11,11.41,1.13
瑞晟智能,sh688215,72.1,72.99,72.67,229000.0,72.5,1000,72.68,600,-1.22,72.99,72.1,229000,170000.0,0.0,1.22,45.01,45.01,87.59,58.39,0.82
乐通股份,sz002319,14.68,14.67,14.62,48100.0,14.66,2400,14.67,100,0.07,14.74,14.6,48100,700000.0,0.02,0.95,29.36,30.75,16.14,13.2,1.43
开勒股份,sz301070,59.93,60.31,60.03,7600.0,59.86,1000,60.0,200,-0.63,60.14,59.93,7600,460000.0,0.01,0.35,35.57,54.07,72.37,48.25,1.07
回天新材,sz300041,12.31,12.42,12.37,97200.0,12.31,8800,12.33,7300,-0.89,12.37,12.31,97200,1200000.0,0.02,0.48,66.98,68.87,14.9,9.94,1.62
银轮股份,sz002126,47.12,48.52,47.5,563300.0,47.1,11400,47.12,2900,-2.89,47.99,47.1,563300,26760000.0,0.07,1.83,373.7,398.5,53.37,43.67,3.54
国投智能,sz300188,16.96,15.96,16.5,8377200.0,16.96,5600,16.98,68500,6.27,16.98,16.4,8377200,139290000.0,0.98,3.63,145.09,145.77,19.15,12.77,41.64
光华科技,sz002741,20.71,20.86,20.75,211000.0,20.71,4400,20.72,400,-0.72,20.82,20.7,211000,4380000.0,0.05,0.58,88.3,96.31,22.95,18.77,6.45
中国海油,sh600938,34.63,35.54,34.5,1372400.0,34.62,12700,34.63,1800,-2.56,34.63,34.44,1372400,47350000.0,0.05,0.53,1035.44,16459.62,39.09,31.99,8.08
零点有数,sz301169,59.25,59.09,59.09,9600.0,59.25,2100,59.43,1700,0.27,59.25,58.45,9600,570000.0,0.01,1.35,42.67,42.68,70.91,47.27,2.51
海南矿业,sh601969,11.27,11.41,11.29,681600.0,11.25,6000,11.27,57100,-1.23,11.29,11.25,681600,7690000.0,0.03,0.35,223.01,225.2,12.55,10.27,2.18
保变电气,sh600550,15.6,15.79,15.59,1613500.0,15.6,31700,15.64,2300,-1.2,15.68,15.57,1613500,25170000.0,0.09,0.7,287.28,287.28,17.37,14.21,3.37
*ST观典,sh688287,5.11,5.16,5.11,12170000.0,5.11,55400,5.14,300,-0.97,5.16,5.11,12170000,620000.0,0.03,0.97,18.93,18.93,6.19,4.13,8.65
宝钢包装,sh601968,5.99,5.99,5.99,46000.0,5.99,45400,6.0,19800,0.0,6.0,5.99,46000,280000.0,0.0,0.17,76.42,76.42,6.59,5.39,0.8
德瑞锂电,bj920523,26.37,26.36,26.45,13400.0,26.37,800,26.44,600,0.04,26.45,26.36,13400,354700.0,0.02,0.34,21.21,26.71,34.26,18.46,3.08
野马电池,sh605378,21.53,21.52,21.53,28500.0,21.53,25000,21.62,200,0.05,21.53,21.51,28500,610000.0,0.01,0.09,56.27,56.27,23.67,19.37,3.94
华锐精密,sh688059,109.5,111.0,109.0,2693300.0,109.5,0,109.96,1100,-1.35,109.96,109.0,2693300,2940000.0,0.03,0.86,102.47,109.49,133.2,88.8,2.74
拓荆科技,sh688072,315.73,316.89,315.8,5756100.0,315.73,300,316.17,1200,-0.37,316.89,315.0,5756100,18180000.0,0.02,0.6,891.45,891.45,380.27,253.51,3.25
神火股份,sz000933,30.37,31.06,30.59,733900.0,30.36,7000,30.38,16500,-2.22,30.59,30.37,733900,22400000.0,0.03,0.71,682.57,683.02,34.17,27.95,5.72
三超新材,sz300554,25.25,25.29,25.25,15000.0,25.2,100,25.25,300,-0.16,25.29,25.15,15000,380000.0,0.02,0.55,19.98,28.84,30.35,20.23,1.09
ST萃华,sz002731,9.23,9.72,9.23,119200.0,0.0,0,9.23,31487700,-5.04,9.23,9.23,119200,1100000.0,0.05,0.0,21.2,23.64,10.21,9.23,2.87
时空科技,sh605178,60.81,60.99,60.71,4200.0,60.81,100,61.12,3400,-0.3,60.81,60.71,4200,260000.0,0.0,0.16,60.25,60.25,67.09,54.89,0.36
恒瑞医药,sh600276,58.77,58.74,58.76,273200.0,58.77,100,58.8,500,0.05,58.8,58.66,273200,16050000.0,0.0,0.24,3748.94,3900.68,64.61,52.87,1.43
万盛股份,sh603010,11.8,11.87,11.8,170700.0,11.8,17700,11.87,7000,-0.59,11.97,11.78,170700,2030000.0,0.03,1.6,69.57,69.57,13.06,10.68,3.73
新瀚新材,sz301076,43.14,43.2,43.0,26200.0,43.14,500,43.22,300,-0.14,43.2,42.98,26200,1130000.0,0.02,0.51,47.37,75.44,51.84,34.56,1.52
麒盛科技,sh603610,18.07,18.1,18.0,21900.0,18.09,600,18.13,600,-0.17,18.11,18.0,21900,400000.0,0.01,0.61,63.79,63.79,19.91,16.29,1.08
百洋医药,sz301015,23.73,23.65,23.68,48100.0,23.72,1100,23.73,900,0.34,23.74,23.67,48100,1140000.0,0.01,0.3,124.71,124.73,28.38,18.92,3.84
柘中股份,sz002346,20.6,20.69,20.69,32100.0,20.6,800,20.61,900,-0.43,20.76,20.6,32100,660000.0,0.01,0.77,81.02,90.96,22.76,18.62,2.67
金晶科技,sh600586,6.87,6.9,6.84,1246800.0,6.86,15500,6.87,20300,-0.43,6.88,6.82,1246800,8540000.0,0.09,0.87,97.37,97.37,7.59,6.21,2.18
濮耐股份,sz002225,6.46,6.52,6.48,418600.0,6.45,500,6.46,16800,-0.92,6.49,6.44,418600,2710000.0,0.04,0.77,62.93,74.89,7.17,5.87,3.75
中石科技,sz300684,57.67,58.4,57.56,430500.0,57.6,37900,57.67,4300,-1.25,57.68,57.28,430500,24770000.0,0.21,0.68,117.82,172.73,70.08,46.72,9.43
格林美,sz002340,9.39,9.64,9.42,19482400.0,9.38,150000,9.39,17400,-2.59,9.48,9.38,19482400,183500000.0,0.38,1.04,476.6,479.2,10.6,8.68,15.17
合盛硅业,sh603260,48.74,48.82,48.72,33300.0,48.74,400,48.77,700,-0.16,48.76,48.67,33300,1620000.0,0.0,0.18,576.21,576.21,53.7,43.94,1.53
生益科技,sh600183,64.91,65.82,65.01,376400.0,64.9,100,64.91,100,-1.38,65.01,64.88,376400,24460000.0,0.02,0.2,1554.27,1576.74,72.4,59.24,2.19
华能国际,sh600011,6.96,6.97,6.97,835600.0,6.96,89800,6.97,283000,-0.14,6.98,6.96,835600,5820000.0,0.01,0.29,765.44,1092.59,7.67,6.27,4.41
超颖电子,sh603175,67.76,67.94,67.79,13300.0,67.7,100,67.72,900,-0.26,67.79,67.72,13300,900000.0,0.03,0.1,29.81,296.13,74.73,61.15,1.86
新疆众和,sh600888,8.77,8.91,8.76,646500.0,8.76,49900,8.77,4100,-1.57,8.8,8.76,646500,5670000.0,0.05,0.45,123.11,123.11,9.8,8.02,5.23
锦浪科技,sz300763,78.13,78.62,78.23,132900.0,78.13,200,78.39,500,-0.62,78.44,78.05,132900,10390000.0,0.04,0.5,251.26,311.0,94.34,62.9,3.21
粤桂股份,sz000833,22.73,22.46,22.55,3402300.0,22.73,10000,22.75,1600,1.2,22.75,22.4,3402300,76760000.0,0.75,1.56,103.13,182.31,24.71,20.21,26.66
炬光科技,sh688167,365.16,369.65,363.0,9004400.0,365.16,400,369.58,1000,-1.21,370.77,363.0,9004400,32780000.0,0.1,2.1,328.13,328.13,443.58,295.72,2.64
宏裕包材,bj920274,26.46,26.36,26.5,70300.0,26.0,3700,26.46,2600,0.38,26.52,25.97,70300,1836300.0,0.09,2.09,21.52,21.52,34.26,18.46,14.51
天元股份,sz003003,13.94,13.99,13.99,70200.0,13.93,400,13.94,400,-0.36,13.99,13.91,70200,980000.0,0.06,0.57,16.42,24.63,15.39,12.59,1.18
苏盐井神,sh603299,11.59,11.4,11.54,298600.0,11.59,1000,11.62,2000,1.67,11.7,11.54,298600,3460000.0,0.04,1.4,90.15,90.59,12.54,10.26,6.79
中国太保,sh601601,43.5,43.59,43.44,163000.0,43.5,23600,43.53,22000,-0.21,43.53,43.41,163000,7080000.0,0.0,0.28,2977.59,4184.85,47.95,39.23,1.53
斯菱智驱,sz301550,180.11,183.8,181.88,115600.0,180.06,600,180.11,100,-2.01,184.68,180.06,115600,21000000.0,0.08,2.51,254.1,416.55,220.56,147.04,2.7
绿盟科技,sz300369,10.58,9.92,10.15,7877400.0,10.53,28800,10.58,12400,6.65,10.58,10.11,7877400,80660000.0,0.97,4.74,85.49,85.76,11.9,7.94,22.63
金春股份,sz300877,31.6,31.54,31.51,19800.0,31.54,400,31.6,1500,0.19,31.6,31.29,19800,620000.0,0.02,0.98,37.92,37.92,37.85,25.23,1.01
汇金通,sh603577,11.08,11.15,11.06,84600.0,11.08,100,11.13,12100,-0.63,11.08,11.06,84600,940000.0,0.02,0.18,37.58,37.58,12.27,10.04,1.16
宜安科技,sz300328,15.66,15.75,15.61,250900.0,15.62,36900,15.63,100,-0.57,15.78,15.61,250900,3930000.0,0.04,1.08,107.49,108.12,18.9,12.6,4.17
新安股份,sh600596,12.8,12.84,12.83,185000.0,12.8,9900,12.81,1500,-0.31,12.84,12.8,185000,2370000.0,0.01,0.31,172.75,172.75,14.12,11.56,1.76
生益电子,sh688183,83.9,84.29,84.29,5269300.0,83.88,400,83.89,1400,-0.46,84.29,83.88,5269300,4430000.0,0.01,0.49,697.9,697.9,101.15,67.43,1.22
鲁银投资,sh600784,7.11,7.11,7.1,15900.0,7.1,25900,7.11,2000,0.0,7.11,7.1,15900,110000.0,0.0,0.14,48.04,48.04,7.82,6.4,0.55
爱柯迪,sh600933,18.46,18.4,18.45,119900.0,18.46,1500,18.47,1800,0.33,18.51,18.45,119900,2210000.0,0.01,0.33,180.42,190.16,20.24,16.56,2.03
冰川网络,sz300533,35.53,35.69,35.55,73000.0,35.53,1800,35.55,600,-0.45,35.56,35.4,73000,2590000.0,0.04,0.45,58.62,83.3,42.83,28.55,1.58
广东宏大,sz002683,50.78,51.55,51.07,122500.0,50.78,800,50.91,800,-1.49,51.07,50.7,122500,6240000.0,0.02,0.72,337.5,385.93,56.71,46.4,2.77
南网储能,sh600995,13.83,13.97,13.85,193200.0,13.82,14500,13.83,3100,-1.0,13.86,13.83,193200,2680000.0,0.01,0.21,442.01,442.01,15.37,12.57,2.52
昊华科技,sh600378,36.54,36.58,36.7,52700.0,36.5,700,36.54,100,-0.11,36.7,36.54,52700,1930000.0,0.0,0.44,391.92,471.37,40.24,32.92,2.33
科大国创,sz300520,51.1,51.54,51.0,922800.0,51.13,600,51.2,200,-0.85,51.3,50.8,922800,47040000.0,0.33,0.97,142.06,149.23,61.85,41.23,5.0
蓝科高新,sh601798,9.54,9.56,9.5,104700.0,9.54,100,9.55,6000,-0.21,9.59,9.5,104700,1000000.0,0.03,0.94,33.82,33.82,10.52,8.6,5.07
芭田股份,sz002170,13.11,13.26,13.21,2055400.0,13.1,9800,13.11,2300,-1.13,13.21,13.1,2055400,27080000.0,0.26,0.83,102.86,126.86,14.59,11.93,16.16
力王股份,bj920627,23.69,23.36,23.7,175100.0,23.68,300,23.7,3900,1.41,23.77,23.34,175100,4141700.0,0.37,1.84,11.08,22.38,30.36,16.36,17.34
中国石油,sh601857,10.79,11.04,10.8,4519900.0,10.78,300,10.79,67500,-2.26,10.8,10.72,4519900,48750000.0,0.0,0.72,17471.39,19747.96,12.14,9.94,7.63
先惠技术,sh688155,90.57,90.9,90.39,902200.0,90.39,600,90.57,3600,-0.36,90.57,90.39,902200,820000.0,0.01,0.2,114.51,114.51,109.08,72.72,0.72
明泰铝业,sh601677,16.1,16.22,16.13,380900.0,16.1,1200,16.11,3400,-0.74,16.13,16.1,380900,6140000.0,0.03,0.18,196.1,200.21,17.84,14.6,3.84
海峡环保,sh603817,6.91,6.91,6.91,101200.0,6.9,12500,6.91,29200,0.0,6.92,6.9,101200,700000.0,0.02,0.29,39.39,39.39,7.6,6.22,2.96
英方软件,sh688435,61.34,61.2,60.66,2773200.0,61.34,1500,61.4,1500,0.23,61.34,60.63,2773200,1690000.0,0.05,1.16,34.38,51.22,73.44,48.96,1.15
三生国健,sh688336,59.07,59.26,59.15,1512000.0,59.0,10400,59.07,1000,-0.32,59.15,59.02,1512000,890000.0,0.0,0.22,364.34,365.1,71.11,47.41,0.86
科达制造,sh600499,17.17,17.29,17.28,128200.0,17.14,7200,17.17,1900,-0.69,17.28,17.12,128200,2210000.0,0.01,0.93,329.3,329.3,19.02,15.56,1.07
川润股份,sz002272,17.37,18.12,17.94,5323300.0,17.36,1000,17.37,400,-4.14,17.94,17.32,5323300,94580000.0,1.38,3.42,67.13,84.22,19.93,16.31,22.46
中国人保,sh601319,9.0,8.97,8.98,601800.0,9.0,156000,9.01,83100,0.33,9.01,8.98,601800,5410000.0,0.0,0.33,3194.8,3980.16,9.87,8.07,2.64
新开源,sz300109,19.11,19.16,19.26,82200.0,19.11,10300,19.12,1000,-0.26,19.26,19.11,82200,1580000.0,0.02,0.78,86.0,92.88,22.99,15.33,1.33
邦基科技,sh603151,18.93,18.86,19.04,43800.0,18.91,800,18.93,100,0.37,19.04,18.84,43800,830000.0,0.03,1.06,32.37,32.37,20.75,16.97,5.22
科达利,sz002850,179.29,181.6,179.63,59600.0,179.29,200,179.42,1400,-1.27,179.8,179.11,59600,10700000.0,0.03,0.38,355.48,492.95,199.76,163.44,1.77
立中集团,sz300428,22.84,23.01,22.96,137400.0,22.83,1200,22.88,3100,-0.74,23.08,22.84,137400,3150000.0,0.02,1.04,136.3,156.59,27.61,18.41,4.66
科恒股份,sz300340,12.09,12.07,12.1,68300.0,12.09,5700,12.11,700,0.17,12.15,12.07,68300,830000.0,0.02,0.66,33.06,33.31,14.48,9.66,3.12
金禾实业,sz002597,26.43,26.59,26.99,177600.0,26.4,2000,26.43,3500,-0.6,26.99,26.39,177600,4760000.0,0.03,2.26,149.81,150.21,29.25,23.93,1.73
建发合诚,sh603909,11.53,11.53,11.58,15300.0,11.53,11100,11.56,6700,0.0,11.58,11.52,15300,180000.0,0.01,0.52,30.06,30.06,12.68,10.38,1.32
ST中装,sz002822,3.58,3.6,3.58,91900.0,3.58,33000,3.62,22600,-0.56,3.62,3.58,91900,330000.0,0.01,1.11,38.33,69.84,3.78,3.42,1.73
汉邦高科,sz300449,7.95,7.65,7.88,964400.0,7.92,700,7.95,12800,3.92,8.06,7.88,964400,7680000.0,0.25,2.35,30.69,30.69,9.18,6.12,13.74
海油工程,sh600583,7.1,7.24,7.16,2839800.0,7.09,60300,7.1,1600,-1.93,7.18,7.08,2839800,20310000.0,0.06,1.38,313.92,313.92,7.96,6.52,6.48
凯尔达,sh688255,34.0,34.2,34.1,802100.0,33.98,4500,34.0,8100,-0.58,34.1,34.0,802100,270000.0,0.01,0.29,37.35,37.35,41.04,27.36,0.79
泛亚微透,sh688386,97.22,95.83,97.21,1886200.0,97.21,1500,97.49,0,1.45,97.76,97.21,1886200,1840000.0,0.02,0.57,88.47,88.47,115.0,76.66,2.43
凯莱英,sz002821,103.76,103.45,103.01,26900.0,103.72,2400,103.76,100,0.3,103.76,103.0,26900,2780000.0,0.01,0.73,328.92,374.44,113.8,93.11,2.01
高争民爆,sz002827,36.21,36.39,36.26,26500.0,36.21,100,36.22,100,-0.49,36.31,36.2,26500,960000.0,0.01,0.3,99.94,100.32,40.03,32.75,1.16
海顺新材,sz300501,15.59,15.54,15.66,24400.0,15.57,2100,15.59,500,0.32,15.66,15.55,24400,380000.0,0.02,0.71,15.7,30.17,18.65,12.43,2.77
ST中青宝,sz300052,14.09,14.06,14.09,38100.0,14.09,3800,14.13,400,0.21,14.14,14.09,38100,540000.0,0.01,0.36,36.89,36.9,16.87,11.25,1.58
皖通高速,sh600012,14.1,14.07,14.07,47400.0,14.07,13100,14.11,1400,0.21,14.12,14.07,47400,670000.0,0.0,0.36,164.35,240.91,15.48,12.66,2.52
力佳科技,bj920237,24.08,24.02,24.08,2900.0,24.08,1100,24.11,200,0.25,24.09,24.08,2900,69500.0,0.0,0.04,20.4,20.8,31.22,16.82,0.79
科华控股,sh603161,15.95,15.84,15.87,53500.0,15.87,6200,15.95,200,0.69,15.97,15.87,53500,850000.0,0.03,0.63,30.42,31.01,17.42,14.26,3.12
渝农商行,sh601077,6.72,6.71,6.73,176600.0,6.72,5100,6.73,75400,0.15,6.73,6.7,176600,1190000.0,0.0,0.45,593.93,763.19,7.38,6.04,0.75
迈得医疗,sh688310,17.4,17.49,17.4,1758500.0,17.45,200,17.68,11800,-0.51,17.41,17.4,1758500,310000.0,0.01,0.06,28.92,28.92,20.99,13.99,1.15
颀中科技,sh688352,14.4,14.41,14.39,8056500.0,14.39,3300,14.4,2000,-0.07,14.4,14.35,8056500,1160000.0,0.02,0.35,52.69,171.22,17.29,11.53,1.82
中岩大地,sz003001,19.73,19.76,19.77,16800.0,19.72,2200,19.73,800,-0.15,19.77,19.7,16800,330000.0,0.02,0.35,20.85,34.4,21.74,17.78,2.69
冠石科技,sh605588,58.1,58.45,58.0,6600.0,58.01,6200,58.2,2500,-0.6,58.1,58.0,6600,380000.0,0.01,0.17,42.47,42.57,64.3,52.61,1.29
宏昌电子,sh603002,9.56,9.62,9.58,278400.0,9.56,100,9.57,1400,-0.62,9.61,9.56,278400,2670000.0,0.02,0.52,108.42,108.42,10.58,8.66,1.65
聚辰股份,sh688123,147.63,149.22,148.26,5259500.0,147.5,200,147.63,800,-1.07,148.26,147.01,5259500,7780000.0,0.03,0.84,233.66,233.66,179.06,119.38,2.53
复洁科技,sh688335,38.9,39.08,39.1,1319400.0,38.85,500,38.9,2000,-0.46,39.1,38.86,1319400,510000.0,0.01,0.61,57.59,57.59,46.9,31.26,1.05
尤安设计,sz300983,27.18,27.14,27.16,15300.0,27.19,1500,27.29,2700,0.15,27.19,27.16,15300,420000.0,0.01,0.11,32.15,46.97,32.57,21.71,4.3
金徽股份,sh603132,17.03,17.34,17.01,324000.0,17.02,10300,17.03,5500,-1.79,17.14,17.0,324000,5520000.0,0.03,0.81,166.55,166.55,19.07,15.61,4.11
杭叉集团,sh603298,30.06,30.22,30.0,48900.0,30.02,600,30.06,1700,-0.53,30.2,30.0,48900,1470000.0,0.0,0.66,393.73,393.73,33.24,27.2,1.57
江特电机,sz002176,9.15,9.18,9.14,617700.0,9.13,29100,9.15,49600,-0.33,9.16,9.12,617700,5650000.0,0.04,0.44,156.1,156.13,10.1,8.26,4.74
西部材料,sz002149,49.57,50.0,49.74,1406500.0,49.5,8000,49.57,200,-0.86,50.4,49.5,1406500,70090000.0,0.29,1.8,241.97,242.01,55.0,45.0,3.77
永贵电器,sz300351,18.2,18.42,18.28,597100.0,18.19,800,18.2,36000,-1.19,18.36,18.19,597100,10910000.0,0.23,0.92,47.94,70.78,22.1,14.74,19.06
维峰电子,sz301328,53.25,53.25,53.28,14500.0,53.12,1000,53.25,1600,0.0,53.43,53.23,14500,770000.0,0.03,0.38,26.9,58.52,63.9,42.6,3.26
*ST立航,sh603261,28.95,28.95,0.0,0.0,28.71,1000,28.95,300,0.0,0.0,0.0,0,0.0,0.0,0.0,22.44,22.44,30.4,27.5,0.0
信宇人,sh688573,23.13,23.1,23.14,1619300.0,23.09,1000,23.13,2500,0.13,23.14,23.03,1619300,370000.0,0.03,0.48,12.31,22.61,27.72,18.48,2.26
东芯股份,sh688110,133.0,134.68,133.6,19571100.0,133.0,2300,133.19,2000,-1.25,133.63,133.0,19571100,26120000.0,0.04,0.47,588.19,588.19,161.62,107.74,2.88
翔楼新材,sz301160,65.11,65.72,65.71,18100.0,65.1,2100,65.2,300,-0.93,65.71,65.11,18100,1190000.0,0.02,0.91,48.14,73.94,78.86,52.58,1.65
远航精密,bj920914,27.95,28.5,28.0,210900.0,27.96,300,28.06,3400,-1.93,28.0,27.9,210900,5895800.0,0.21,0.35,27.82,27.84,37.05,19.95,24.6
埃科光电,sh688610,76.2,76.51,76.16,614700.0,76.2,400,76.51,1100,-0.41,76.21,76.11,614700,470000.0,0.02,0.13,31.19,51.82,91.81,61.21,1.06
开山股份,sz300257,18.75,19.02,19.0,72000.0,18.75,10900,18.78,800,-1.42,19.02,18.75,72000,1360000.0,0.01,1.42,179.0,186.31,22.82,15.22,1.47
聚和材料,sh688503,95.62,97.37,95.21,23285700.0,95.5,1700,95.62,24500,-1.8,95.62,95.07,23285700,22180000.0,0.12,0.56,192.12,231.43,116.84,77.9,2.54
阿莱德,sz301419,35.97,36.2,35.98,84200.0,35.95,300,35.97,1500,-0.64,36.24,35.9,84200,3030000.0,0.11,0.94,28.53,43.16,43.44,28.96,7.56
欧普照明,sh603515,19.26,19.31,19.3,7000.0,19.21,1800,19.26,1500,-0.26,19.3,19.2,7000,140000.0,0.0,0.52,141.81,143.14,21.24,17.38,1.09
康力电梯,sz002367,8.1,8.12,8.09,86000.0,8.09,17000,8.1,6500,-0.25,8.12,8.08,86000,700000.0,0.01,0.49,64.36,64.62,8.93,7.31,1.94
甘肃能源,sz000791,6.76,6.77,6.74,399500.0,6.75,81300,6.76,66200,-0.15,6.77,6.73,399500,2690000.0,0.02,0.59,130.85,219.28,7.45,6.09,4.03
汉钟精机,sz002158,27.15,27.55,27.44,138200.0,27.14,100,27.15,9500,-1.45,27.5,27.15,138200,3780000.0,0.03,1.27,144.87,145.18,30.31,24.8,4.22
石英股份,sh603688,47.6,47.47,47.51,1488900.0,47.52,100,47.6,160400,0.27,47.88,47.51,1488900,70800000.0,0.27,0.78,257.84,257.84,52.22,42.72,18.35
立讯精密,sz002475,49.61,50.43,49.91,2870600.0,49.6,27600,49.61,55000,-1.63,49.91,49.6,2870600,143100000.0,0.04,0.61,3606.29,3614.58,55.47,45.39,8.82
龙洲股份,sz002682,6.99,6.96,6.97,218700.0,6.98,101900,6.99,3000,0.43,7.0,6.97,218700,1530000.0,0.04,0.43,39.31,39.31,7.66,6.26,1.32
常铝股份,sz002160,5.49,5.55,5.51,1250400.0,5.49,107500,5.5,79100,-1.08,5.51,5.48,1250400,6880000.0,0.12,0.54,56.59,56.7,6.11,5.0,7.75
安宁股份,sz002978,36.58,37.07,36.61,244700.0,36.58,900,36.66,4200,-1.32,36.65,36.52,244700,8960000.0,0.07,0.35,135.34,172.65,40.78,33.36,11.66
科捷智能,sh688455,23.71,23.63,23.63,2075500.0,23.64,200,23.7,1800,0.34,23.9,23.63,2075500,490000.0,0.02,1.14,27.75,39.84,28.36,18.9,1.77
华塑科技,sz301157,59.31,59.52,58.77,235200.0,59.31,2900,59.33,300,-0.35,59.33,57.0,235200,13750000.0,1.14,3.91,12.25,35.59,71.42,47.62,24.39
久吾高科,sz300631,29.37,29.55,29.5,85500.0,29.37,500,29.5,1000,-0.61,29.55,29.37,85500,2520000.0,0.07,0.61,35.39,36.73,35.46,23.64,8.68
上海合晶,sh688584,23.43,23.47,23.45,931000.0,23.36,200,23.43,400,-0.17,23.45,23.39,931000,220000.0,0.0,0.26,80.23,155.92,28.16,18.78,0.75
海安集团,sz001233,75.81,76.0,75.83,11500.0,75.5,200,75.8,2500,-0.25,75.98,75.5,11500,870000.0,0.03,0.63,26.83,140.99,83.6,68.4,1.39
永达股份,sz001239,16.54,16.59,16.59,29800.0,16.53,11900,16.54,300,-0.3,16.59,16.53,29800,490000.0,0.03,0.36,18.86,39.7,18.25,14.93,2.52
金洲管道,sz002443,8.87,8.75,8.83,651500.0,8.87,16200,8.88,6900,1.37,8.89,8.76,651500,5760000.0,0.13,1.49,46.07,46.17,9.63,7.88,13.78
诺诚健华-U,sh688428,24.44,24.38,24.46,3710900.0,24.38,700,24.45,11900,0.25,24.47,24.35,3710900,910000.0,0.01,0.49,65.59,431.28,29.26,19.5,0.59
开特股份,bj920978,30.04,30.07,30.3,12000.0,30.03,3100,30.04,600,-0.1,30.3,29.93,12000,364200.0,0.01,1.23,30.32,54.08,39.09,21.05,0.99
金宏气体,sh688106,22.21,22.34,22.3,4350300.0,22.2,4000,22.21,1200,-0.58,22.3,22.21,4350300,970000.0,0.01,0.4,107.05,107.05,26.81,17.87,1.65
欣锐科技,sz300745,26.47,26.46,26.46,49100.0,26.33,2200,26.47,1000,0.04,26.72,26.43,49100,1300000.0,0.03,1.1,37.42,44.37,31.75,21.17,4.09
百花医药,sh600721,9.17,9.13,9.13,14800.0,9.14,500,9.15,500,0.44,9.18,9.13,14800,140000.0,0.0,0.55,35.26,35.26,10.04,8.22,0.41
江顺科技,sz001400,105.74,105.98,105.0,17500.0,105.74,1700,106.01,100,-0.23,106.03,105.0,17500,1840000.0,0.12,0.97,15.86,63.44,116.58,95.38,1.54
德力佳,sh603092,68.51,68.9,68.85,10700.0,68.41,1800,68.51,1300,-0.57,68.85,68.51,10700,740000.0,0.03,0.49,22.92,274.04,75.79,62.01,1.48
三孚新科,sh688359,75.8,75.8,75.44,1766100.0,75.8,8400,76.18,3300,0.0,75.89,75.44,1766100,1330000.0,0.02,0.59,74.53,74.53,90.96,60.64,1.52
福建高速,sh600033,3.77,3.77,3.78,246200.0,3.76,264300,3.77,14200,0.0,3.78,3.76,246200,930000.0,0.01,0.53,103.46,103.46,4.15,3.39,1.73
斯迪克,sz300806,52.69,52.53,52.47,246300.0,52.69,1400,52.76,100,0.3,53.0,52.47,246300,12940000.0,0.08,1.01,166.61,238.84,63.04,42.02,2.85
晶瑞电材,sz300655,17.36,17.21,17.29,1009000.0,17.36,23500,17.4,31000,0.87,17.4,17.28,1009000,17480000.0,0.09,0.7,185.14,186.27,20.65,13.77,7.56
亚钾国际,sz000893,55.77,56.59,56.2,155100.0,55.77,2900,55.8,200,-1.45,56.3,55.77,155100,8690000.0,0.02,0.94,452.75,515.34,62.25,50.93,3.55
有研硅,sh688432,14.33,14.45,14.35,23594500.0,14.32,25600,14.33,13000,-0.83,14.38,14.33,23594500,3390000.0,0.02,0.35,179.17,179.17,17.34,11.56,4.35
苏博特,sh603916,13.06,13.01,13.01,80000.0,13.04,3600,13.06,2300,0.38,13.18,13.01,80000,1040000.0,0.02,1.31,54.89,55.67,14.31,11.71,0.55
宝丽迪,sz300905,37.09,37.16,37.02,20300.0,37.09,700,37.1,800,-0.19,37.18,37.02,20300,750000.0,0.01,0.43,51.57,66.31,44.59,29.73,1.39
西典新能,sh603312,46.58,47.07,46.6,13000.0,46.57,100,46.58,200,-1.04,46.82,46.57,13000,610000.0,0.03,0.53,23.72,74.53,51.78,42.36,2.91
尔康制药,sz300267,3.76,3.74,3.77,627700.0,3.75,87700,3.76,46700,0.53,3.78,3.75,627700,2360000.0,0.04,0.8,53.48,77.55,4.49,2.99,3.22
中恒电气,sz002364,34.26,34.97,34.43,1699200.0,34.26,1100,34.43,106100,-2.03,34.53,34.09,1699200,58400000.0,0.3,1.26,191.21,193.08,38.47,31.47,12.48
浩洋股份,sz300833,45.3,45.42,45.36,4300.0,45.1,100,45.29,400,-0.26,45.36,45.05,4300,190000.0,0.01,0.68,36.81,57.3,54.5,36.34,1.34
奇精机械,sh603677,18.21,18.21,18.21,6000.0,18.14,4700,18.2,3500,0.0,18.21,18.2,6000,110000.0,0.0,0.05,35.07,35.07,20.03,16.39,0.96
多浦乐,sz301528,68.99,69.5,69.01,5800.0,68.82,800,69.02,700,-0.73,69.6,68.99,5800,400000.0,0.02,0.88,21.97,42.7,83.4,55.6,2.35
东方电缆,sh603606,56.52,56.74,56.54,36700.0,56.41,1200,56.52,200,-0.39,56.68,56.41,36700,2070000.0,0.01,0.48,388.7,388.7,62.41,51.07,1.36
圣阳股份,sz002580,13.24,13.36,13.3,80600.0,13.24,1300,13.25,32900,-0.9,13.3,13.23,80600,1070000.0,0.02,0.52,59.89,60.09,14.7,12.02,1.95
丰山集团,sh603810,16.54,16.53,16.48,26900.0,16.54,1700,16.64,400,0.06,16.55,16.48,26900,440000.0,0.02,0.42,27.35,27.35,18.18,14.88,2.6
亚康股份,sz301085,75.13,76.3,75.13,780600.0,75.13,300,75.15,4900,-1.53,75.15,74.37,780600,58560000.0,1.33,1.02,44.26,65.19,91.56,61.04,13.64
德迈仕,sz301007,37.9,38.33,38.26,132100.0,37.91,200,38.16,1600,-1.12,38.37,37.9,132100,5040000.0,0.09,1.23,57.98,58.12,46.0,30.66,12.17
方邦股份,sh688020,96.01,96.5,96.5,701900.0,96.01,100,96.91,1800,-0.51,96.51,96.01,701900,680000.0,0.01,0.52,79.09,79.09,115.8,77.2,0.65
科士达,sz002518,55.38,55.8,54.84,455500.0,55.21,2900,55.4,3000,-0.75,55.74,54.84,455500,25070000.0,0.08,1.61,312.97,322.44,61.38,50.22,8.47
永和股份,sh605020,28.74,28.81,28.72,161000.0,28.73,100,28.74,11400,-0.24,28.78,28.7,161000,4630000.0,0.03,0.28,144.54,146.81,31.69,25.93,3.96
纵横股份,sh688070,59.19,58.42,58.66,647500.0,58.97,400,59.17,500,1.32,59.2,58.66,647500,380000.0,0.01,0.92,51.84,51.84,70.1,46.74,1.12
中国瑞林,sh603257,57.42,58.02,57.4,25800.0,57.42,1000,57.79,1800,-1.03,57.8,57.4,25800,1480000.0,0.1,0.69,14.3,68.9,63.82,52.22,6.24
美的集团,sz000333,79.51,79.8,79.51,230800.0,79.5,12400,79.51,7400,-0.36,79.81,79.5,230800,18360000.0,0.0,0.39,5445.37,6042.67,87.78,71.82,2.07
盛弘股份,sz300693,39.49,39.78,39.52,181900.0,39.48,200,39.49,2000,-0.73,39.68,39.49,181900,7190000.0,0.07,0.48,106.17,123.52,47.74,31.82,7.04
新威凌,bj920634,26.76,26.7,26.7,38300.0,26.76,900,26.82,1000,0.22,26.82,26.65,38300,1022400.0,0.09,0.64,10.83,17.1,34.71,18.69,4.77
英科再生,sh688087,31.63,31.84,31.61,174800.0,31.63,1400,31.82,800,-0.66,31.8,31.61,174800,60000.0,0.0,0.6,58.91,61.38,38.21,25.47,0.4
沪农商行,sh601825,8.56,8.56,8.56,119000.0,8.55,3200,8.56,87700,0.0,8.57,8.54,119000,1020000.0,0.0,0.35,802.45,825.56,9.42,7.7,1.75
中巨芯-U,sh688549,9.15,9.2,9.16,10430700.0,9.14,300,9.15,1300,-0.54,9.16,9.14,10430700,960000.0,0.02,0.22,53.92,135.17,11.04,7.36,1.81
天准科技,sh688003,75.89,76.58,76.29,1640300.0,75.8,3500,75.89,400,-0.9,76.6,75.8,1640300,1250000.0,0.01,1.04,147.47,147.47,91.9,61.26,1.96
益丰药房,sh603939,24.88,24.82,25.0,26100.0,24.83,100,24.88,4100,0.24,25.0,24.83,26100,650000.0,0.0,0.68,301.64,301.64,27.3,22.34,0.62
嘉必优,sh688089,19.46,19.45,19.46,3579200.0,19.46,11900,19.53,300,0.05,19.46,19.46,3579200,700000.0,0.02,0.0,32.75,32.75,23.34,15.56,3.35
瑞丰银行,sh601528,5.54,5.53,5.53,585400.0,5.54,27900,5.55,67100,0.18,5.54,5.52,585400,3240000.0,0.03,0.36,96.09,108.7,6.08,4.98,8.37
飞凯材料,sz300398,28.62,29.22,28.8,1216500.0,28.61,900,28.62,3200,-2.05,28.85,28.58,1216500,34970000.0,0.22,0.92,161.37,162.26,35.06,23.38,6.04
苏州银行,sz002966,8.36,8.33,8.35,605300.0,8.36,33400,8.37,10000,0.36,8.38,8.34,605300,5060000.0,0.01,0.48,367.52,373.75,9.16,7.5,5.09
铜陵有色,sz000630,7.14,7.22,7.11,23482600.0,7.12,47500,7.14,310000,-1.11,7.17,7.11,23482600,167200000.0,0.21,0.83,795.61,957.44,7.94,6.5,11.67
吉林敖东,sz000623,18.82,18.81,18.82,184700.0,18.8,500,18.82,18800,0.05,18.83,18.79,184700,3470000.0,0.02,0.21,224.15,225.07,20.69,16.93,3.76
中青旅,sh600138,9.89,9.87,9.88,242000.0,9.88,13400,9.89,3900,0.2,9.89,9.86,242000,2390000.0,0.03,0.3,71.59,71.59,10.86,8.88,3.12
雅艺科技,sz301113,26.58,26.34,26.27,41900.0,26.57,1900,26.58,2200,0.91,26.6,26.27,41900,1110000.0,0.08,1.25,14.65,24.19,31.61,21.07,8.5
中国西电,sh601179,14.66,14.85,14.67,2781400.0,14.62,40700,14.66,331700,-1.28,14.7,14.62,2781400,40790000.0,0.05,0.54,751.45,751.45,16.34,13.37,3.45
*ST景峰,sz000908,6.54,6.56,6.56,239300.0,6.53,27100,6.54,12600,-0.3,6.56,6.53,239300,1570000.0,0.03,0.46,57.54,57.54,6.89,6.23,3.22
华北制药,sh600812,5.54,5.55,5.55,131800.0,5.54,113900,5.55,13600,-0.18,5.56,5.54,131800,730000.0,0.01,0.36,95.05,95.05,6.11,5.0,2.44
康达新材,sz002669,14.26,14.31,14.19,338400.0,14.24,1600,14.25,2300,-0.35,14.33,14.19,338400,4810000.0,0.11,0.98,43.17,43.26,15.74,12.88,9.27
穗恒运Ａ,sz000531,6.39,6.42,6.4,132600.0,6.38,55800,6.4,40800,-0.47,6.4,6.38,132600,850000.0,0.01,0.31,58.13,66.55,7.06,5.78,2.9
福晶科技,sz002222,73.38,74.03,74.25,257800.0,73.38,400,73.48,200,-0.88,74.5,73.38,257800,19120000.0,0.06,1.51,343.53,345.07,81.43,66.63,3.53
绿联科技,sz301606,66.83,67.89,67.54,41300.0,66.81,100,66.83,100,-1.56,67.54,66.81,41300,2780000.0,0.02,1.08,146.37,277.28,81.47,54.31,2.41
建龙微纳,sh688357,33.58,33.78,33.78,110000.0,33.52,600,33.59,200,-0.59,33.78,33.52,110000,40000.0,0.0,0.77,33.6,33.6,40.54,27.02,0.26
奥来德,sh688378,37.17,37.27,37.11,6676500.0,37.11,10700,37.13,700,-0.27,37.24,37.11,6676500,2480000.0,0.03,0.35,89.57,92.66,44.72,29.82,2.57
联得装备,sz300545,30.59,30.56,30.63,68900.0,30.54,200,30.55,200,0.1,30.73,30.54,68900,2110000.0,0.06,0.62,36.57,56.73,36.67,24.45,3.31
厦门象屿,sh600057,8.33,8.34,8.33,52600.0,8.31,1900,8.33,43200,-0.12,8.33,8.31,52600,440000.0,0.0,0.24,174.31,236.62,9.17,7.51,0.82
中国人寿,sh601628,48.31,48.18,48.36,63000.0,48.3,100,48.31,100,0.27,48.4,48.29,63000,3050000.0,0.0,0.23,10059.85,13654.68,53.0,43.36,1.22
中科环保,sz301175,6.03,6.04,6.04,119000.0,6.02,95400,6.03,65300,-0.17,6.04,6.02,119000,720000.0,0.02,0.33,37.5,88.75,7.25,4.83,1.49
江化微,sh603078,24.03,24.08,24.02,156400.0,24.03,9600,24.05,17000,-0.21,24.08,24.02,156400,3760000.0,0.04,0.25,92.67,92.67,26.49,21.67,1.99
东华科技,sz002140,11.89,11.96,11.9,113700.0,11.89,1100,11.91,6100,-0.59,11.92,11.88,113700,1350000.0,0.02,0.33,84.06,84.18,13.16,10.76,3.05
富特科技,sz301607,50.91,51.68,51.34,89900.0,50.8,400,50.91,100,-1.49,51.66,50.8,89900,4620000.0,0.08,1.66,55.14,79.12,62.02,41.34,4.82
永信至诚,sh688244,24.18,23.8,23.98,6679300.0,24.18,6100,24.26,400,1.6,24.33,23.87,6679300,1620000.0,0.04,1.93,36.5,36.5,28.56,19.04,5.36
海螺水泥,sh600585,25.17,25.23,25.21,139400.0,25.14,500,25.17,2000,-0.24,25.22,25.14,139400,3510000.0,0.0,0.32,1006.73,1333.83,27.75,22.71,0.89
建业股份,sh603948,28.4,28.56,28.41,24300.0,28.38,1000,28.4,2200,-0.56,28.55,28.36,24300,690000.0,0.01,0.67,46.15,46.15,31.42,25.7,2.06
阳光电源,sz300274,155.04,156.55,154.5,1405900.0,155.0,25300,155.04,1500,-0.96,156.0,153.97,1405900,217390000.0,0.09,1.3,2464.69,3214.31,187.86,125.24,6.04
厦门银行,sh601187,7.5,7.48,7.49,201000.0,7.5,4200,7.51,3700,0.27,7.51,7.48,201000,1510000.0,0.01,0.4,197.5,197.93,8.23,6.73,1.62
吉峰科技,sz300022,8.07,8.08,8.06,147200.0,8.07,28500,8.09,2800,-0.12,8.16,8.06,147200,1190000.0,0.03,1.24,39.88,39.89,9.7,6.46,3.13
红 宝 丽,sz002165,11.69,11.79,11.79,2840900.0,11.68,2000,11.69,241400,-0.85,11.93,11.68,2840900,33520000.0,0.39,2.12,85.06,85.95,12.97,10.61,3.03
浦发银行,sh600000,10.0,9.98,9.98,433100.0,9.99,60500,10.0,96200,0.2,10.0,9.98,433100,4320000.0,0.0,0.2,3330.58,3330.58,10.98,8.98,1.62
首钢股份,sz000959,5.53,5.56,5.53,250800.0,5.53,500,5.54,28600,-0.54,5.56,5.52,250800,1390000.0,0.0,0.72,416.0,428.85,6.12,5.0,2.34
湘潭电化,sz002125,13.71,13.83,13.73,227900.0,13.7,15100,13.71,5600,-0.87,13.74,13.7,227900,3130000.0,0.04,0.29,86.3,86.3,15.21,12.45,4.63
百川股份,sz002455,14.25,14.1,14.14,7019700.0,14.24,900,14.25,24000,1.06,14.58,14.14,7019700,100310000.0,1.35,3.12,73.99,84.68,15.51,12.69,17.21
东方证券,sh600958,10.28,10.26,10.27,412000.0,10.27,58000,10.28,10700,0.19,10.28,10.26,412000,4230000.0,0.01,0.19,767.86,873.46,11.29,9.23,2.26
四川路桥,sh600039,9.64,9.64,9.66,86900.0,9.63,4300,9.64,3400,0.0,9.66,9.6,86900,840000.0,0.0,0.62,838.25,838.25,10.6,8.68,1.46
大族激光,sz002008,51.28,53.11,51.12,1627000.0,51.19,1000,51.27,300,-3.45,51.31,51.07,1627000,83240000.0,0.17,0.45,490.61,527.98,58.42,47.8,15.61
奥普科技,sh603551,12.04,12.04,12.04,52700.0,12.05,1700,12.08,6800,0.0,12.06,12.04,52700,630000.0,0.01,0.17,45.72,46.32,13.24,10.84,2.77
华丰股份,sh605100,43.48,43.18,43.18,3800.0,43.44,200,43.48,1400,0.69,43.57,43.18,3800,170000.0,0.0,0.9,73.89,74.23,47.5,38.86,0.39
宁波韵升,sh600366,14.45,14.65,14.48,712600.0,14.43,27300,14.45,12100,-1.37,14.48,14.43,712600,10310000.0,0.06,0.34,158.81,158.81,16.12,13.19,4.15
江丰电子,sz300666,141.48,144.3,141.2,463800.0,141.48,100,141.68,700,-1.95,141.7,141.1,463800,65550000.0,0.21,0.42,312.89,375.38,173.16,115.44,4.12
陕西能源,sz001286,10.01,10.05,10.02,245600.0,10.0,33600,10.02,8100,-0.4,10.05,9.99,245600,2460000.0,0.02,0.6,105.11,375.38,11.06,9.05,3.72
耐科装备,sh688419,47.19,47.38,46.99,2445500.0,47.19,700,47.2,200,-0.4,47.19,46.99,2445500,1150000.0,0.04,0.42,28.08,54.06,56.86,37.9,1.61
恒达新材,sz301469,35.28,35.45,35.31,125800.0,35.28,900,35.29,5800,-0.48,35.7,35.01,125800,4430000.0,0.27,1.95,16.25,31.57,42.54,28.36,9.72
华天科技,sz002185,13.99,14.27,14.03,5523100.0,13.99,248100,14.0,26900,-1.96,14.06,13.99,5523100,77460000.0,0.17,0.49,456.85,456.96,15.7,12.84,7.37
箭牌家居,sz001322,9.3,9.28,9.37,88700.0,9.27,2300,9.3,10400,0.22,9.37,9.26,88700,830000.0,0.01,1.19,73.06,89.95,10.21,8.35,4.72
豪鹏科技,sz001283,67.82,68.19,68.0,30500.0,67.81,1200,67.82,800,-0.54,68.0,67.81,30500,2070000.0,0.04,0.28,51.63,67.78,75.01,61.37,4.74
中际联合,sh605305,39.88,39.9,39.88,61200.0,39.88,2500,39.89,1500,-0.05,39.9,39.88,61200,2440000.0,0.03,0.05,84.75,84.75,43.89,35.91,2.71
大元泵业,sh603757,44.83,44.45,44.98,2033300.0,44.8,100,44.83,900,0.85,44.99,44.45,2033300,91220000.0,1.09,1.21,83.63,83.63,48.9,40.01,115.34
六国化工,sh600470,6.61,6.63,6.59,317300.0,6.61,8900,6.62,18400,-0.3,6.61,6.57,317300,2090000.0,0.06,0.6,34.48,34.48,7.29,5.97,4.37
中国宝安,sz000009,9.45,9.5,9.46,150100.0,9.45,21500,9.46,25800,-0.53,9.48,9.45,150100,1420000.0,0.01,0.32,243.43,243.74,10.45,8.55,1.8
云南铜业,sz000878,22.53,23.01,22.5,4075700.0,22.52,3400,22.53,1900,-2.09,22.65,22.46,4075700,91800000.0,0.2,0.83,451.41,509.13,25.31,20.71,14.46
新化股份,sh603867,32.18,32.18,32.06,40700.0,32.16,55100,32.18,16500,0.0,32.18,32.06,40700,1310000.0,0.02,0.37,69.41,69.99,35.4,28.96,0.8
前沿生物-U,sh688221,23.29,22.91,22.95,3167700.0,23.29,700,23.3,1000,1.66,23.29,22.94,3167700,730000.0,0.01,1.53,87.24,87.24,27.49,18.33,0.81
骆驼股份,sh601311,9.61,9.66,9.63,158500.0,9.6,44500,9.61,13800,-0.52,9.63,9.61,158500,1530000.0,0.01,0.21,112.74,112.74,10.63,8.69,2.52
时代电气,sh688187,58.41,58.87,58.72,1792900.0,58.4,900,58.41,400,-0.78,58.72,58.41,1792900,1050000.0,0.0,0.53,507.53,793.18,70.64,47.1,0.85
先导基电,sh600641,17.82,17.91,17.82,131300.0,17.82,600,17.83,8200,-0.5,17.88,17.8,131300,2340000.0,0.01,0.45,165.84,165.84,19.7,16.12,2.02
奇安信-U,sh688561,38.13,37.86,38.0,20163600.0,38.12,2700,38.34,2800,0.71,38.35,38.0,20163600,7690000.0,0.03,0.92,260.14,260.14,45.43,30.29,4.86
天润乳业,sh600419,9.94,9.81,9.88,73200.0,9.91,6400,9.94,4900,1.33,9.95,9.88,73200,720000.0,0.02,0.71,31.36,31.36,10.79,8.83,3.7
永福股份,sz300712,28.9,29.09,28.99,32900.0,28.9,6000,28.94,500,-0.65,28.99,28.9,32900,950000.0,0.02,0.31,53.97,54.2,34.91,23.27,2.11
福建金森,sz002679,12.02,11.99,11.99,140700.0,11.99,800,12.02,20800,0.25,12.02,11.96,140700,1690000.0,0.06,0.5,28.34,28.34,13.19,10.79,5.25
恒光股份,sz301118,26.13,26.2,26.29,29400.0,26.16,100,26.24,2900,-0.27,26.29,26.06,29400,770000.0,0.03,0.88,27.45,28.79,31.44,20.96,3.0
朗坤科技,sz301305,25.13,25.0,25.14,125300.0,25.03,1500,25.07,600,0.52,25.14,25.01,125300,3150000.0,0.1,0.52,31.09,60.62,30.0,20.0,8.02
粤宏远Ａ,sz000573,4.35,4.33,4.33,140400.0,4.34,68100,4.35,12200,0.46,4.35,4.33,140400,610000.0,0.02,0.46,27.53,27.77,4.76,3.9,1.78
珠海冠宇,sh688772,18.82,18.87,18.86,9412700.0,18.8,19800,18.82,8600,-0.26,18.86,18.8,9412700,1770000.0,0.01,0.32,213.08,213.08,22.64,15.1,1.33
七 匹 狼,sz002029,11.33,11.29,11.33,404800.0,11.33,8100,11.34,1700,0.35,11.4,11.3,404800,4590000.0,0.06,0.89,75.39,79.88,12.42,10.16,5.33
四川成渝,sh601107,6.46,6.47,6.47,54600.0,6.45,9600,6.46,1500,-0.15,6.47,6.46,54600,350000.0,0.0,0.15,139.71,197.55,7.12,5.82,1.21
*ST星光,sz002076,2.1,2.13,2.11,1073800.0,2.1,333300,2.11,105000,-1.41,2.11,2.1,1073800,2260000.0,0.1,0.47,21.89,23.29,2.24,2.02,12.73
江南新材,sh603124,95.25,97.01,95.42,16800.0,95.07,100,95.25,500,-1.81,95.42,95.0,16800,1600000.0,0.06,0.43,27.84,138.82,106.71,87.31,2.65
曼恩斯特,sz301325,52.35,52.62,52.62,22600.0,52.39,400,52.48,700,-0.51,52.9,52.35,22600,1190000.0,0.04,1.05,30.31,75.33,63.14,42.1,2.03
超捷股份,sz301005,161.8,160.6,160.62,127200.0,161.8,700,161.88,2100,0.75,161.88,160.07,127200,20450000.0,0.1,1.13,214.18,217.23,192.72,128.48,2.66
盛美上海,sh688082,180.2,182.21,180.06,1995300.0,180.2,1600,181.6,300,-1.1,181.7,180.06,1995300,3600000.0,0.0,0.9,786.36,865.26,218.65,145.77,2.32
利扬芯片,sh688135,34.14,34.24,34.01,8335600.0,34.09,4600,34.14,400,-0.29,34.2,34.0,8335600,2840000.0,0.04,0.58,69.46,69.46,41.09,27.39,2.47
荃银高科,sz300087,8.45,8.39,8.42,214100.0,8.44,9700,8.45,40000,0.72,8.45,8.42,214100,1800000.0,0.02,0.36,76.24,80.05,10.07,6.71,3.0
德赛电池,sz000049,26.56,26.7,26.61,110600.0,26.51,2300,26.56,500,-0.52,26.7,26.5,110600,2940000.0,0.03,0.75,102.13,102.16,29.37,24.03,5.46
科新发展,sh600234,14.23,14.22,14.28,7000.0,14.23,100,14.25,1100,0.07,14.28,14.23,7000,100000.0,0.0,0.35,37.36,37.36,15.64,12.8,0.3
宝鼎科技,sz002552,19.9,20.35,20.42,468400.0,19.89,2800,19.9,10200,-2.21,20.42,19.89,468400,9430000.0,0.13,2.6,73.33,77.21,22.39,18.32,8.69
中望软件,sh688083,68.3,68.86,68.3,413900.0,68.4,500,68.54,700,-0.81,68.3,68.3,413900,280000.0,0.0,0.0,115.87,115.87,82.63,55.09,0.63
华脉科技,sh603042,19.02,19.2,18.53,514000.0,19.02,4600,19.04,2300,-0.94,19.09,18.53,514000,9560000.0,0.32,2.92,30.54,30.54,21.12,17.28,6.33
津药药业,sh600488,4.19,4.17,4.18,139600.0,4.18,3100,4.19,173500,0.48,4.19,4.17,139600,580000.0,0.01,0.48,45.75,45.75,4.59,3.75,3.88
中信银行,sh601998,7.42,7.41,7.4,165500.0,7.41,55400,7.42,20500,0.13,7.42,7.4,165500,1230000.0,0.0,0.27,3024.61,4128.87,8.15,6.67,0.94
德美化工,sz002054,10.68,10.77,10.6,4070500.0,10.68,11200,10.72,7700,-0.84,10.73,10.48,4070500,43070000.0,1.06,2.32,41.05,51.49,11.85,9.69,11.37
天奇股份,sz002009,33.35,32.4,32.68,1435300.0,33.34,500,33.35,3400,2.93,33.35,32.68,1435300,47230000.0,0.41,2.07,118.1,134.14,35.64,29.16,3.86
海立股份,sh600619,18.22,18.22,18.27,73100.0,18.2,26200,18.22,3500,0.0,18.27,18.21,73100,1330000.0,0.01,0.33,143.79,195.56,20.04,16.4,1.6
爱克股份,sz300889,24.97,25.12,25.12,63200.0,24.94,100,24.97,32700,-0.6,25.22,24.97,63200,1590000.0,0.04,1.0,36.55,54.99,30.14,20.1,2.19
镇海股份,sh603637,13.25,13.27,13.27,37500.0,13.22,3000,13.25,6100,-0.15,13.28,13.22,37500,500000.0,0.02,0.45,31.63,31.63,14.6,11.94,1.01
大叶股份,sz300879,25.04,25.0,25.02,28900.0,25.03,800,25.04,200,0.16,25.16,25.0,28900,720000.0,0.01,0.64,50.34,50.68,30.0,20.0,2.18
三和管桩,sz003037,7.78,7.81,7.81,263400.0,7.78,104600,7.79,11300,-0.38,7.85,7.78,263400,2060000.0,0.04,0.9,46.61,46.61,8.59,7.03,13.07
博力威,sh688345,36.92,36.93,36.92,780800.0,36.59,300,36.92,76800,-0.03,36.92,36.86,780800,290000.0,0.01,0.16,36.92,37.34,44.32,29.54,1.7
滨化股份,sh601678,5.38,5.39,5.37,1529000.0,5.37,222600,5.38,700,-0.19,5.39,5.37,1529000,8220000.0,0.07,0.37,109.93,110.66,5.93,4.85,4.59
佳先股份,bj920489,16.95,16.88,16.9,31200.0,16.9,41600,16.95,2100,0.41,16.98,16.88,31200,527200.0,0.04,0.59,14.72,23.13,21.94,11.82,4.0
九鼎投资,sh600053,18.95,18.85,18.97,173900.0,18.95,14600,18.97,76800,0.53,19.0,18.95,173900,3300000.0,0.04,0.27,82.16,82.16,20.74,16.97,2.45
常山药业,sz300255,44.42,43.49,43.49,681500.0,44.42,600,44.5,5300,2.14,44.5,43.49,681500,29760000.0,0.07,2.32,407.64,408.25,52.19,34.79,8.67
奥福科技,sh688021,23.92,24.0,23.8,5199400.0,23.89,1300,24.05,7300,-0.33,24.05,23.8,5199400,1240000.0,0.07,1.04,18.28,18.28,28.8,19.2,8.25
有方科技,sh688159,49.87,50.45,49.88,5756500.0,49.75,2200,49.87,1400,-1.15,49.97,49.77,5756500,2870000.0,0.06,0.4,46.24,46.33,60.54,40.36,4.85
永安林业,sz000663,8.04,8.0,8.0,152100.0,8.07,700,8.08,33300,0.5,8.08,8.0,152100,1220000.0,0.05,1.0,24.63,27.07,8.8,7.2,3.1
ST智知,sh603869,9.89,9.89,9.89,4000.0,9.89,9300,9.91,1200,0.0,9.89,9.89,4000,40000.0,0.0,0.0,48.87,48.87,10.38,9.4,1.38
中邮科技,sh688648,61.29,61.29,61.69,404000.0,61.01,200,61.35,200,0.0,61.7,61.29,404000,250000.0,0.01,0.67,42.61,83.35,73.55,49.03,0.57
蓝晓科技,sz300487,69.73,70.09,70.39,27700.0,69.73,200,69.94,900,-0.51,70.39,69.73,27700,1940000.0,0.01,0.94,214.78,355.02,84.11,56.07,2.02
道通科技,sh688208,35.14,35.25,35.18,4936400.0,35.1,2700,35.14,500,-0.31,35.19,35.1,4936400,1740000.0,0.01,0.26,235.5,235.5,42.3,28.2,1.78
上海银行,sh601229,10.02,10.0,10.04,270200.0,10.02,7200,10.03,3700,0.2,10.05,10.02,270200,2710000.0,0.0,0.3,1423.74,1423.74,11.0,9.0,1.32
招商蛇口,sz001979,10.37,10.39,10.43,326600.0,10.36,23600,10.37,2600,-0.19,10.43,10.36,326600,3400000.0,0.0,0.67,872.53,934.96,11.43,9.35,1.26
东田微,sz301183,162.88,165.28,164.18,250500.0,162.86,300,162.88,1400,-1.45,165.03,162.88,250500,41110000.0,0.43,1.3,95.62,130.43,198.34,132.22,9.26
浪潮信息,sz000977,64.0,64.77,63.51,1418200.0,64.0,9600,64.16,200,-1.19,64.15,63.51,1418200,90170000.0,0.1,0.99,938.77,939.83,71.25,58.29,7.49
美亚光电,sz002690,20.57,20.61,20.57,68500.0,20.56,700,20.57,19800,-0.19,20.66,20.51,68500,1410000.0,0.02,0.73,89.22,181.47,22.67,18.55,2.59
富信科技,sh688662,56.94,58.34,56.68,5431300.0,56.97,400,56.98,800,-2.4,57.5,56.68,5431300,3080000.0,0.06,1.41,50.24,50.24,70.01,46.67,2.32
福能股份,sh600483,9.24,9.25,9.25,94900.0,9.23,14300,9.24,3900,-0.11,9.25,9.23,94900,880000.0,0.0,0.22,256.88,256.88,10.18,8.33,2.01
和顺科技,sz301237,63.17,63.6,63.29,7500.0,63.19,100,63.29,1800,-0.68,63.29,63.04,7500,470000.0,0.01,0.39,41.61,50.54,76.32,50.88,2.24
通威股份,sh600438,18.33,18.42,18.33,409200.0,18.33,62600,18.35,1200,-0.49,18.35,18.31,409200,7500000.0,0.01,0.22,825.21,825.21,20.26,16.58,1.76
东吴证券,sh601555,9.45,9.43,9.43,244800.0,9.44,42400,9.45,7300,0.21,9.46,9.43,244800,2310000.0,0.0,0.32,469.54,469.54,10.37,8.49,1.28
时代新材,sh600458,14.45,14.47,14.47,67700.0,14.44,100,14.45,2900,-0.14,14.48,14.41,67700,980000.0,0.01,0.48,124.59,134.49,15.92,13.02,1.84
惠泰医疗,sh688617,237.77,236.65,234.25,554200.0,235.01,2800,237.77,300,0.47,237.77,234.0,554200,1310000.0,0.0,1.59,335.33,335.33,283.98,189.32,1.22
海锅股份,sz301063,25.99,26.1,25.97,15900.0,25.98,200,25.99,600,-0.42,26.09,25.94,15900,410000.0,0.02,0.57,25.12,27.12,31.32,20.88,1.95
深科达,sh688328,32.36,32.43,32.35,360000.0,32.36,800,32.68,300,-0.22,32.78,32.35,360000,120000.0,0.0,1.33,30.57,30.57,38.92,25.94,0.5
华菱钢铁,sz000932,6.15,6.19,6.18,450600.0,6.15,76900,6.16,20900,-0.65,6.18,6.15,450600,2780000.0,0.01,0.48,424.88,424.88,6.81,5.57,1.84
*ST大晟,sh600892,3.78,3.81,3.79,50000.0,3.79,200,3.8,12900,-0.79,3.79,3.78,50000,190000.0,0.01,0.26,21.14,21.15,4.0,3.62,1.64
国脉文化,sh600640,14.45,14.4,14.41,134400.0,14.44,28000,14.45,139700,0.35,14.49,14.41,134400,1940000.0,0.02,0.56,114.98,114.98,15.84,12.96,1.36
浙江众成,sz002522,5.93,5.94,5.92,116100.0,5.92,32800,5.93,17700,-0.17,5.94,5.9,116100,690000.0,0.01,0.67,53.67,53.71,6.53,5.35,1.06
星球石墨,sh688633,24.72,24.89,24.62,420000.0,24.72,400,24.87,200,-0.68,24.95,24.6,420000,100000.0,0.0,1.41,35.54,35.54,29.87,19.91,1.17
古汉医药,sz000590,12.31,12.42,12.4,48100.0,12.3,8600,12.31,1200,-0.89,12.43,12.31,48100,600000.0,0.02,0.97,29.47,29.48,13.66,11.18,1.45
中金岭南,sz000060,7.14,7.28,7.13,7637600.0,7.14,577400,7.15,19500,-1.92,7.18,7.13,7637600,54540000.0,0.17,0.69,317.1,317.1,8.01,6.55,11.27
大东南,sz002263,3.43,3.45,3.45,307800.0,3.43,111900,3.44,4600,-0.58,3.46,3.43,307800,1060000.0,0.02,0.87,64.43,64.43,3.8,3.11,2.23
道明光学,sz002632,12.35,12.38,12.35,120100.0,12.34,1800,12.35,3700,-0.24,12.43,12.35,120100,1480000.0,0.02,0.65,71.86,77.14,13.62,11.14,3.2
睿创微纳,sh688002,114.8,115.4,115.4,6709400.0,114.54,1200,114.8,1500,-0.52,115.4,114.5,6709400,7730000.0,0.01,0.78,528.59,528.59,138.48,92.32,2.31
特锐德,sz300001,27.44,27.69,27.47,299500.0,27.42,500,27.44,2400,-0.9,27.5,27.42,299500,8230000.0,0.03,0.29,283.06,289.64,33.23,22.15,4.29
艾比森,sz300389,18.17,18.18,18.1,38500.0,18.17,2500,18.18,2200,-0.06,18.24,18.1,38500,700000.0,0.02,0.77,42.37,67.07,21.82,14.54,1.79
TCL科技,sz000100,4.61,4.63,4.62,5979500.0,4.6,2136500,4.61,12600,-0.43,4.63,4.6,5979500,27600000.0,0.03,0.65,834.25,958.92,5.09,4.17,3.65
盈建科,sz300935,36.25,36.0,36.08,17200.0,36.2,6700,36.25,4600,0.69,36.25,36.08,17200,620000.0,0.03,0.47,21.85,28.79,43.2,28.8,1.69
通富微电,sz002156,48.13,49.0,48.2,1308700.0,48.12,2300,48.13,1000,-1.78,48.4,48.11,1308700,63100000.0,0.09,0.59,730.35,730.42,53.9,44.1,4.59
南亚新材,sh688519,105.51,105.49,106.0,8684300.0,104.65,1000,105.46,0,0.02,107.0,104.94,8684300,9220000.0,0.04,1.95,247.71,247.71,126.59,84.39,2.25
领湃科技,sz300530,28.35,28.26,28.54,27300.0,28.35,3200,28.42,2000,0.32,28.54,28.31,27300,780000.0,0.02,0.81,44.86,48.75,33.91,22.61,2.59
洁美科技,sz002859,40.93,41.15,41.13,49300.0,40.8,2300,40.93,5800,-0.53,41.21,40.89,49300,2030000.0,0.01,0.78,166.02,176.38,45.27,37.04,1.35
海大集团,sz002311,53.92,53.95,53.9,61100.0,53.89,100,53.95,300,-0.06,54.01,53.77,61100,3290000.0,0.0,0.44,896.43,897.09,59.35,48.56,2.13
广日股份,sh600894,9.59,9.62,9.58,54200.0,9.59,49500,9.62,9700,-0.31,9.62,9.58,54200,520000.0,0.01,0.42,80.86,81.68,10.58,8.66,2.76
迪贝电气,sh603320,24.88,24.99,24.99,115100.0,24.81,300,24.82,700,-0.44,25.11,24.81,115100,2870000.0,0.08,1.2,37.11,37.11,27.49,22.49,4.45
品茗科技,sh688109,126.25,126.79,126.25,334700.0,126.25,400,126.5,600,-0.43,126.8,126.25,334700,420000.0,0.0,0.43,99.54,99.54,152.15,101.43,0.65
ST智云,sz300097,8.25,8.19,8.19,65600.0,8.21,2500,8.25,2300,0.73,8.25,8.19,65600,540000.0,0.02,0.73,22.28,23.81,9.83,6.55,2.6
宏桥控股,sz002379,30.16,30.58,30.15,226100.0,30.16,1500,30.18,68100,-1.37,30.17,30.0,226100,6810000.0,0.02,0.56,342.73,3930.19,33.64,27.52,2.87
源杰科技,sh688498,743.43,769.31,742.6,3630400.0,744.0,200,749.39,200,-3.36,750.59,742.0,3630400,27030000.0,0.04,1.12,624.48,638.96,923.17,615.45,2.0
申能股份,sh600642,8.4,8.38,8.41,165000.0,8.38,15900,8.39,200,0.24,8.42,8.38,165000,1390000.0,0.0,0.48,411.08,411.1,9.22,7.54,2.36
合康新能,sz300048,6.94,6.99,6.96,245700.0,6.93,68300,6.94,52000,-0.72,6.97,6.93,245700,1710000.0,0.02,0.57,78.14,78.3,8.39,5.59,2.34
四川双马,sz000935,29.4,28.9,29.33,218600.0,29.4,600,29.45,10200,1.73,29.45,29.2,218600,6410000.0,0.03,0.87,224.45,224.45,31.79,26.01,7.38
燕东微,sh688172,41.94,42.15,41.8,9192900.0,41.9,6600,41.97,200,-0.5,42.04,41.8,9192900,3850000.0,0.01,0.57,326.52,598.74,50.58,33.72,1.49
万得凯,sz301309,30.55,30.78,30.86,12200.0,30.55,1700,30.66,100,-0.75,30.86,30.55,12200,370000.0,0.05,1.01,7.8,30.71,36.94,24.62,2.74
耐普矿机,sz300818,44.0,44.45,44.21,108500.0,43.99,500,44.0,200,-1.01,44.29,43.88,108500,4790000.0,0.1,0.92,48.17,74.26,53.34,35.56,4.82
三人行,sh605168,41.86,42.35,41.71,71000.0,41.86,300,42.1,500,-1.16,42.12,41.68,71000,2960000.0,0.03,1.04,88.25,88.25,46.59,38.12,3.5
*ST和科,sz002816,24.24,24.43,24.28,22500.0,24.35,600,24.36,200,-0.78,24.39,24.24,22500,550000.0,0.02,0.61,24.24,24.24,25.65,23.21,1.61
远翔新材,sz301300,46.09,46.0,46.0,57000.0,46.09,900,46.1,200,0.2,46.09,45.95,57000,2620000.0,0.18,0.3,14.38,29.91,55.2,36.8,9.57
航民股份,sh600987,8.48,8.51,8.46,431700.0,8.48,89100,8.49,9600,-0.35,8.5,8.45,431700,3660000.0,0.04,0.59,86.57,86.57,9.36,7.66,1.96
康盛股份,sz002418,4.74,4.81,4.78,2069000.0,4.73,5000,4.74,32700,-1.46,4.8,4.72,2069000,9870000.0,0.18,1.66,53.87,53.87,5.29,4.33,14.56
吉宏股份,sz002803,18.32,18.65,18.54,257600.0,18.32,5400,18.46,500,-1.77,18.66,16.79,257600,4690000.0,0.09,10.03,52.9,82.51,20.52,16.79,7.07
新宏泰,sh603016,33.85,33.79,34.0,14300.0,33.85,1500,33.95,200,0.18,34.15,33.79,14300,490000.0,0.01,1.07,50.15,50.15,37.17,30.41,0.86
华升股份,sh600156,7.95,8.02,7.96,323300.0,7.95,13800,7.98,3800,-0.87,8.0,7.95,323300,2580000.0,0.08,0.62,31.97,31.97,8.82,7.22,3.48
金银河,sz300619,47.28,47.81,47.35,93600.0,47.26,7200,47.28,8000,-1.11,47.68,47.27,93600,4440000.0,0.06,0.86,68.78,82.27,57.37,38.25,2.1
盘古智能,sz301456,30.28,30.27,30.3,17400.0,30.28,1000,30.29,2400,0.03,30.39,30.28,17400,530000.0,0.03,0.36,18.32,45.56,36.32,24.22,3.79
无锡银行,sh600908,6.0,5.99,6.02,255600.0,5.99,3200,6.0,5000,0.17,6.02,5.99,255600,1540000.0,0.01,0.5,119.96,131.68,6.59,5.39,3.47
绿田机械,sh605259,22.36,22.46,22.44,11200.0,22.35,1000,22.36,2800,-0.45,22.44,22.33,11200,250000.0,0.01,0.49,38.57,38.57,24.71,20.21,2.01
福昕软件,sh688095,92.7,93.63,92.89,2026500.0,92.7,200,92.81,100,-0.99,92.89,92.52,2026500,1880000.0,0.02,0.4,84.69,84.69,112.36,74.9,1.54
华勤技术,sh603296,88.44,89.56,88.78,143100.0,88.33,300,88.44,500,-1.25,88.78,88.33,143100,12690000.0,0.03,0.5,505.15,898.31,98.52,80.6,3.77
航材股份,sh688563,71.05,70.7,70.54,2667900.0,71.06,200,71.33,300,0.5,71.05,70.54,2667900,1890000.0,0.02,0.72,83.12,319.73,84.84,56.56,1.64
南芯科技,sh688484,43.25,43.34,43.3,2780300.0,43.12,200,43.25,4100,-0.21,43.3,43.1,2780300,1200000.0,0.01,0.46,127.66,184.96,52.01,34.67,1.15
南大光电,sz300346,53.26,54.09,53.22,949500.0,53.25,16400,53.26,800,-1.53,53.3,53.1,949500,50530000.0,0.14,0.37,349.68,368.11,64.91,43.27,6.65
君实生物-U,sh688180,34.62,34.6,34.6,3700100.0,34.62,400,34.63,3800,0.06,34.69,34.58,3700100,1280000.0,0.0,0.32,265.33,355.44,41.52,27.68,1.18
圣诺生物,sh688117,39.0,38.87,38.89,740100.0,39.0,10600,39.03,200,0.33,39.07,38.88,740100,290000.0,0.0,0.49,61.38,61.38,46.64,31.1,1.05
福达合金,sh603045,27.71,28.43,27.89,193500.0,27.71,1200,27.78,24500,-2.53,27.9,27.51,193500,5390000.0,0.14,1.37,37.53,37.53,31.27,25.59,8.05
扬子新材,sz002652,4.17,4.17,4.16,259300.0,4.16,151700,4.17,9000,0.0,4.17,4.15,259300,1080000.0,0.05,0.48,21.35,21.35,4.59,3.75,2.96
天能股份,sh688819,34.31,34.49,34.51,2357100.0,34.3,5000,34.51,9300,-0.52,34.66,34.31,2357100,810000.0,0.0,1.01,333.53,333.53,41.39,27.59,2.73
力鼎光电,sh605118,44.41,43.66,44.5,32700.0,44.15,300,44.41,4900,1.72,44.88,44.1,32700,1450000.0,0.01,1.79,180.8,182.67,48.03,39.29,2.2
宏柏新材,sh605366,8.24,8.24,8.25,178400.0,8.22,400,8.24,145900,0.0,8.28,8.23,178400,1470000.0,0.03,0.61,53.57,53.57,9.06,7.42,1.25
金冠电气,sh688517,18.19,18.19,18.19,1883800.0,18.18,200,18.19,19900,0.0,18.19,18.15,1883800,340000.0,0.01,0.22,24.85,24.85,21.83,14.55,1.31
密封科技,sz301020,23.38,23.49,23.36,22300.0,23.36,1900,23.37,800,-0.47,23.47,23.33,22300,520000.0,0.02,0.6,34.23,34.23,28.19,18.79,3.06
海南橡胶,sh601118,7.26,7.21,7.22,1918500.0,7.25,6300,7.26,24300,0.69,7.3,7.21,1918500,13860000.0,0.04,1.25,310.69,310.69,7.93,6.49,5.22
云天化,sh600096,36.2,36.66,36.3,438400.0,36.15,4600,36.2,8800,-1.25,36.3,36.15,438400,15900000.0,0.02,0.41,659.92,659.92,40.33,32.99,2.99
招商积余,sz001914,11.47,11.42,11.46,191200.0,11.46,2200,11.47,19400,0.44,11.48,11.42,191200,2190000.0,0.02,0.53,120.86,120.86,12.56,10.28,4.6
宁波色母,sz301019,23.55,23.6,23.6,24000.0,23.55,200,23.58,900,-0.21,23.6,23.33,24000,560000.0,0.02,1.14,24.64,38.85,28.32,18.88,3.81
海宁皮城,sz002344,4.95,4.95,4.98,556200.0,4.95,96400,4.96,413800,0.0,4.98,4.95,556200,2770000.0,0.04,0.61,63.43,63.49,5.45,4.46,4.36
雄韬股份,sz002733,19.81,19.82,19.73,79200.0,19.75,800,19.8,1700,-0.05,19.82,19.71,79200,1560000.0,0.02,0.55,73.07,76.11,21.8,17.84,4.66
亨通光电,sh600487,41.0,41.85,40.97,1763500.0,41.0,4400,41.2,19900,-2.03,41.2,40.8,1763500,72260000.0,0.07,0.96,1002.52,1011.36,46.04,37.67,2.49
潍柴重机,sz000880,36.57,37.03,36.34,420600.0,36.55,1700,36.57,1400,-1.24,36.88,36.34,420600,15330000.0,0.19,1.46,83.02,169.63,40.73,33.33,3.72
思瑞浦,sh688536,181.78,183.18,181.1,4706700.0,181.46,900,181.78,1000,-0.76,181.88,180.38,4706700,8520000.0,0.03,0.82,246.58,250.67,219.82,146.54,3.36
元利科技,sh603217,25.19,25.18,25.29,3300.0,25.2,300,25.23,200,0.04,25.29,25.19,3300,80000.0,0.0,0.4,52.42,52.42,27.7,22.66,0.3
南钢股份,sh600282,5.6,5.59,5.63,387500.0,5.59,27200,5.6,2500,0.18,5.63,5.6,387500,2180000.0,0.01,0.54,345.25,345.25,6.15,5.03,2.32
四方光电,sh688665,52.79,52.66,52.78,247200.0,52.42,200,52.66,3400,0.25,52.79,52.66,247200,130000.0,0.0,0.25,53.08,53.08,63.19,42.13,0.93
新疆交建,sz002941,15.94,15.93,15.94,186600.0,15.94,4400,15.95,400,0.06,15.94,15.93,186600,2970000.0,0.03,0.06,116.32,116.32,17.52,14.34,3.5
北玻股份,sz002613,4.1,4.1,4.1,472600.0,4.1,69500,4.11,42500,0.0,4.12,4.08,472600,1940000.0,0.06,0.98,31.66,45.12,4.51,3.69,3.81
明月镜片,sz301101,40.6,40.61,40.61,18800.0,40.52,100,40.6,300,-0.02,40.61,40.5,18800,760000.0,0.01,0.27,77.51,81.81,48.73,32.49,2.16
志晟信息,bj920171,22.37,22.31,22.48,23700.0,22.36,5000,22.37,400,0.27,22.48,22.35,23700,531300.0,0.04,0.58,15.1,22.42,29.0,15.62,2.71
德创环保,sh603177,11.77,11.79,11.76,53600.0,11.76,2800,11.77,9600,-0.17,11.79,11.76,53600,630000.0,0.03,0.25,24.03,24.03,12.97,10.61,4.47
比亚迪,sz002594,90.13,91.16,90.05,967800.0,90.1,200,90.13,6400,-1.13,90.29,90.0,967800,87150000.0,0.03,0.32,3143.05,8217.33,100.28,82.04,8.6
兆易创新,sh603986,303.02,303.24,303.24,615700.0,303.02,22100,303.17,20000,-0.07,303.25,301.0,615700,186600000.0,0.09,0.74,2023.7,2124.48,333.56,272.92,6.37
优彩资源,sz002998,8.54,8.52,8.5,125900.0,8.54,2900,8.55,2900,0.23,8.6,8.46,125900,1070000.0,0.05,1.64,22.87,30.07,9.37,7.67,3.47
新锐股份,sh688257,54.07,54.84,54.01,14911900.0,54.03,7000,54.23,1200,-1.4,54.5,54.01,14911900,8060000.0,0.06,0.89,136.48,136.48,65.81,43.87,4.85
蓝英装备,sz300293,20.24,20.31,20.3,33600.0,20.24,700,20.25,3700,-0.34,20.3,20.24,33600,680000.0,0.01,0.3,56.74,68.5,24.37,16.25,2.51
宝钛股份,sh600456,38.7,39.36,38.8,162400.0,38.7,4300,38.75,5400,-1.68,38.88,38.7,162400,6300000.0,0.03,0.46,184.9,184.9,43.3,35.42,3.21
华茂股份,sz000850,5.71,5.8,5.74,170100.0,5.7,84200,5.71,10700,-1.55,5.74,5.71,170100,970000.0,0.02,0.52,53.87,53.88,6.38,5.22,1.47
泰坦科技,sh688133,24.22,24.33,24.23,2778500.0,24.24,200,24.29,3100,-0.45,24.29,24.2,2778500,670000.0,0.02,0.37,39.83,39.83,29.2,19.46,1.93
一拖股份,sh601038,14.16,14.22,14.18,34800.0,14.16,7000,14.18,36600,-0.42,14.19,14.16,34800,490000.0,0.0,0.21,103.61,159.11,15.64,12.8,0.71
百济神州-U,sh688235,281.0,282.7,282.16,1402000.0,280.58,200,281.0,200,-0.6,282.16,280.0,1402000,3940000.0,0.01,0.76,323.31,4329.3,339.24,226.16,1.65
ST中珠,sh600568,2.61,2.63,2.61,61400.0,2.61,109700,2.63,120100,-0.76,2.61,2.61,61400,160000.0,0.0,0.0,43.56,52.01,2.76,2.5,0.99
先河环保,sz300137,10.19,10.2,10.28,74600.0,10.17,10000,10.19,3600,-0.1,10.28,10.19,74600,760000.0,0.01,0.88,54.01,54.68,12.24,8.16,1.46
厦门国贸,sh600755,6.62,6.63,6.61,199000.0,6.62,1700,6.63,11800,-0.15,6.63,6.61,199000,1320000.0,0.01,0.3,141.15,141.51,7.29,5.97,1.93
华安证券,sh600909,6.49,6.49,6.5,640300.0,6.48,217700,6.49,56600,0.0,6.5,6.48,640300,4160000.0,0.01,0.31,303.63,303.63,7.14,5.84,2.73
东微半导,sh688261,94.01,95.15,94.64,2713600.0,93.6,1800,94.01,700,-1.2,94.64,93.58,2713600,2560000.0,0.02,1.11,114.78,115.23,114.18,76.12,2.06
司尔特,sz002538,6.8,6.83,6.8,189200.0,6.79,13200,6.8,12700,-0.44,6.82,6.79,189200,1290000.0,0.02,0.44,58.04,58.04,7.51,6.15,3.21
福光股份,sh688010,31.29,31.43,31.23,832600.0,31.3,700,31.39,600,-0.45,31.4,31.23,832600,260000.0,0.01,0.54,50.24,50.24,37.72,25.14,0.58
中原传媒,sz000719,13.35,13.28,13.3,254000.0,13.35,28800,13.36,2700,0.53,13.37,13.29,254000,3380000.0,0.04,0.6,89.06,136.6,14.61,11.95,3.48
久量股份,sz300808,34.3,34.45,34.06,42400.0,34.3,6600,34.41,900,-0.44,34.45,34.06,42400,1450000.0,0.04,1.13,40.78,54.88,41.34,27.56,2.08
坤彩科技,sh603826,19.06,19.01,19.0,102100.0,19.06,7600,19.1,1900,0.26,19.28,18.98,102100,1940000.0,0.02,1.58,124.88,124.88,20.91,17.11,1.27
传艺科技,sz002866,19.5,19.6,19.5,124900.0,19.5,2600,19.51,100,-0.51,19.61,19.5,124900,2440000.0,0.07,0.56,35.35,56.46,21.56,17.64,2.7
海融科技,sz300915,25.71,25.75,25.72,13700.0,25.65,700,25.7,2300,-0.16,25.75,25.71,13700,350000.0,0.02,0.16,14.81,32.35,30.9,20.6,1.96
博众精工,sh688097,42.9,43.16,42.95,5365100.0,42.73,300,42.91,5000,-0.6,42.95,42.51,5365100,2300000.0,0.01,1.02,190.91,191.61,51.79,34.53,2.24
彤程新材,sh603650,57.27,57.72,57.57,136500.0,57.24,100,57.27,700,-0.78,57.57,57.22,136500,7840000.0,0.02,0.61,351.91,352.85,63.49,51.95,2.18
东诚药业,sz002675,13.33,13.36,13.38,110400.0,13.33,3700,13.34,300,-0.22,13.39,13.32,110400,1480000.0,0.01,0.52,99.09,109.92,14.7,12.02,4.07
盛和资源,sh600392,30.51,30.91,30.18,2177500.0,30.51,10600,30.54,2100,-1.29,30.54,30.18,2177500,65920000.0,0.12,1.16,534.79,534.79,34.0,27.82,3.81
正帆科技,sh688596,33.6,33.71,33.7,5584900.0,33.62,500,33.67,7100,-0.33,33.7,33.53,5584900,1880000.0,0.02,0.5,98.83,98.83,40.45,26.97,2.74
水发燃气,sh603318,7.05,7.08,7.02,83600.0,7.04,600,7.05,5900,-0.42,7.06,7.02,83600,590000.0,0.02,0.56,32.36,32.36,7.79,6.37,2.86
震裕科技,sz300953,179.5,181.0,179.74,45000.0,179.5,600,179.67,100,-0.83,180.5,179.44,45000,8090000.0,0.04,0.59,223.93,311.39,217.2,144.8,1.7
华测检测,sz300012,15.76,15.85,15.75,137000.0,15.76,1900,15.77,22900,-0.57,15.83,15.75,137000,2160000.0,0.01,0.5,225.65,265.21,19.02,12.68,1.68
中国中铁,sh601390,5.56,5.63,5.56,7301400.0,5.56,590100,5.57,1277700,-1.24,5.57,5.56,7301400,40610000.0,0.04,0.18,1138.62,1372.55,6.19,5.07,6.5
索菲亚,sz002572,14.77,14.69,14.68,166600.0,14.75,3000,14.77,1300,0.54,14.79,14.68,166600,2450000.0,0.03,0.75,96.22,142.24,16.16,13.22,3.84
天龙集团,sz300063,14.68,14.94,14.66,3231300.0,14.67,11900,14.68,66000,-1.74,14.8,14.59,3231300,47390000.0,0.52,1.41,91.98,111.35,17.93,11.95,5.49
百川畅银,sz300614,14.99,14.94,15.09,49400.0,14.99,100,15.01,800,0.33,15.11,14.98,49400,740000.0,0.03,0.87,24.05,24.05,17.93,11.95,2.22
广合科技,sz001389,99.18,100.19,99.33,59600.0,99.18,1800,99.2,3300,-1.01,99.8,99.0,59600,5920000.0,0.04,0.8,149.92,422.2,110.21,90.17,2.42
绿通科技,sz301322,31.08,31.16,31.0,15100.0,31.04,100,31.14,7500,-0.26,31.16,31.0,15100,470000.0,0.02,0.51,28.28,43.91,37.39,24.93,1.07
同洲电子,sz002052,11.63,11.65,11.6,124600.0,11.61,1100,11.63,5800,-0.17,11.68,11.58,124600,1450000.0,0.02,0.86,80.18,87.51,12.82,10.49,1.8
西部矿业,sh601168,32.48,33.35,32.48,1307500.0,32.39,21100,32.48,20800,-2.61,32.5,32.39,1307500,42460000.0,0.05,0.33,774.0,774.0,36.69,30.02,7.26
中国中车,sh601766,6.39,6.4,6.38,686200.0,6.38,13100,6.39,114300,-0.16,6.39,6.37,686200,4380000.0,0.0,0.31,1554.55,1833.86,7.04,5.76,1.77
思进智能,sz003025,14.62,14.67,14.61,30200.0,14.62,4700,14.63,800,-0.34,14.65,14.61,30200,440000.0,0.01,0.27,33.1,41.51,16.14,13.2,2.39
格尔软件,sh603232,27.02,26.75,26.75,500800.0,26.97,300,27.02,2300,1.01,27.1,26.73,500800,13450000.0,0.22,1.38,62.5,63.25,29.43,24.08,3.21
三峰环境,sh601827,8.75,8.78,8.75,31400.0,8.74,200,8.75,15800,-0.34,8.75,8.75,31400,270000.0,0.0,0.0,146.29,146.29,9.66,7.9,1.02
河钢资源,sz000923,23.85,23.95,23.66,724200.0,23.84,100,23.85,2500,-0.42,23.95,23.66,724200,17220000.0,0.12,1.21,149.75,155.68,26.35,21.56,9.11
莱伯泰科,sh688056,37.58,38.21,37.97,570500.0,37.58,2700,37.95,3200,-1.65,37.97,37.58,570500,220000.0,0.01,1.02,25.35,25.35,45.85,30.57,2.21
广立微,sz301095,89.4,92.86,91.09,269800.0,89.09,2900,89.4,400,-3.73,91.77,89.09,269800,24470000.0,0.15,2.89,156.01,179.05,111.43,74.29,6.8
海晨股份,sz300873,24.93,25.0,24.99,26600.0,24.93,1200,24.96,3700,-0.28,24.99,24.91,26600,660000.0,0.02,0.32,41.59,57.49,30.0,20.0,1.99
双良节能,sh600481,10.29,10.71,10.41,20635700.0,10.2,1000,10.29,34800,-3.92,10.57,10.15,20635700,214620000.0,1.1,3.92,192.81,192.81,11.78,9.64,20.24
新联电子,sz002546,9.28,9.47,9.31,1817800.0,9.27,91400,9.28,5900,-2.01,9.35,9.28,1817800,16920000.0,0.23,0.74,74.35,77.4,10.42,8.52,7.38
云维股份,sh600725,4.7,4.72,4.68,88600.0,4.69,11000,4.7,1500,-0.42,4.72,4.68,88600,420000.0,0.01,0.85,57.93,57.93,5.19,4.25,0.96
和胜股份,sz002824,24.29,24.9,24.63,728200.0,24.29,200,24.32,18000,-2.45,24.66,24.29,728200,17880000.0,0.38,1.49,45.95,75.59,27.39,22.41,16.8
*ST原尚,sh603813,30.86,32.48,30.86,341000.0,30.86,7700,31.43,500,-4.99,31.0,30.86,341000,10520000.0,0.32,0.43,32.41,32.41,34.1,30.86,113.88
特一药业,sz002728,12.48,12.39,12.46,429500.0,12.47,5600,12.48,18000,0.73,12.52,12.43,429500,5360000.0,0.11,0.73,47.03,64.02,13.63,11.15,1.87
优德精密,sz300549,19.5,19.51,19.56,24600.0,19.49,100,19.5,2500,-0.05,19.57,19.5,24600,480000.0,0.02,0.36,19.71,26.0,23.41,15.61,2.95
中联重科,sz000157,9.77,9.86,9.8,1073100.0,9.77,94300,9.79,38600,-0.91,9.8,9.77,1073100,10510000.0,0.02,0.3,690.78,844.96,10.85,8.87,3.12
中润光学,sh688307,46.56,46.98,46.7,2193400.0,46.56,600,46.6,200,-0.89,46.7,46.52,2193400,1020000.0,0.04,0.38,27.43,41.33,56.38,37.58,3.1
立方制药,sz003020,26.13,26.03,26.05,6700.0,26.08,500,26.13,3100,0.38,26.14,26.05,6700,170000.0,0.0,0.35,35.99,49.69,28.63,23.43,1.26
滨江集团,sz002244,11.61,11.68,11.68,159800.0,11.6,28100,11.61,15100,-0.6,11.68,11.61,159800,1860000.0,0.01,0.6,311.83,361.24,12.85,10.51,1.28
TCL中环,sz002129,10.73,10.76,10.71,4041700.0,10.72,239800,10.73,93200,-0.28,10.76,10.71,4041700,43340000.0,0.1,0.46,433.5,433.83,11.84,9.68,2.53
佳隆股份,sz002495,2.76,2.75,2.74,441900.0,2.75,57400,2.76,32300,0.36,2.76,2.74,441900,1220000.0,0.06,0.73,19.34,25.82,3.03,2.48,4.33
紫建电子,sz301121,41.12,41.24,41.25,43500.0,41.12,700,41.24,100,-0.29,41.25,41.07,43500,1790000.0,0.09,0.44,20.8,40.64,49.49,32.99,6.72
佐力药业,sz300181,16.94,16.9,16.88,219100.0,16.91,700,16.94,7100,0.24,16.94,16.88,219100,3700000.0,0.04,0.36,102.13,118.82,20.28,13.52,3.01
力聚热能,sh603391,72.24,73.29,72.66,4900.0,72.04,100,72.21,5300,-1.43,72.66,72.23,4900,360000.0,0.02,0.59,16.43,65.74,80.62,65.96,0.28
松原安全,sz300893,23.12,23.25,23.23,29300.0,23.12,1800,23.17,1600,-0.56,23.23,23.12,29300,680000.0,0.01,0.47,58.0,109.36,27.9,18.6,2.42
辽宁成大,sh600739,12.03,12.02,12.03,54200.0,12.03,70400,12.04,1000,0.08,12.04,12.03,54200,650000.0,0.0,0.08,184.02,184.02,13.22,10.82,1.38
万顺新材,sz300057,5.85,5.84,5.83,123200.0,5.85,26300,5.86,34900,0.17,5.86,5.83,123200,720000.0,0.02,0.51,42.42,52.52,7.01,4.67,1.47
世纪恒通,sz301428,37.46,37.25,37.28,72800.0,37.46,1400,37.47,300,0.56,37.5,37.15,72800,2720000.0,0.12,0.94,22.92,36.96,44.7,29.8,2.04
宝地矿业,sh601121,8.35,8.36,8.37,731600.0,8.32,4100,8.35,17900,-0.12,8.38,8.32,731600,6120000.0,0.19,0.72,31.73,76.53,9.2,7.52,6.62
驰宏锌锗,sh600497,8.88,9.09,8.9,3658700.0,8.87,110100,8.88,6600,-2.31,8.9,8.86,3658700,32540000.0,0.07,0.44,447.59,447.59,10.0,8.18,7.66
桐昆股份,sh601233,23.68,24.0,23.63,235000.0,23.64,17600,23.68,3100,-1.33,23.94,23.63,235000,5560000.0,0.01,1.29,567.35,568.37,26.4,21.6,1.44
宝新能源,sz000690,4.46,4.48,4.46,769700.0,4.45,784100,4.46,84700,-0.45,4.46,4.45,769700,3430000.0,0.04,0.22,96.98,97.04,4.93,4.03,5.28
达刚控股,sz300103,7.69,7.77,7.77,123500.0,7.69,22100,7.7,2400,-1.03,7.8,7.68,123500,950000.0,0.04,1.54,24.4,24.42,9.32,6.22,5.13
博深股份,sz002282,7.74,7.73,7.73,126600.0,7.73,1900,7.74,100,0.13,7.75,7.7,126600,980000.0,0.03,0.65,39.09,40.78,8.5,6.96,5.31
苏州高新,sh600736,7.0,7.02,7.0,237700.0,7.0,2300,7.01,23300,-0.28,7.01,6.98,237700,1660000.0,0.02,0.43,80.59,80.59,7.72,6.32,1.92
中威电子,sz300270,11.9,11.95,11.92,102600.0,11.89,19400,11.9,1100,-0.42,11.96,11.87,102600,1220000.0,0.04,0.75,31.05,36.03,14.34,9.56,1.78
东方电子,sz000682,13.91,14.07,13.93,631500.0,13.9,6300,13.91,53500,-1.14,13.95,13.88,631500,8790000.0,0.05,0.5,186.47,186.5,15.48,12.66,6.96
中国神华,sh601088,42.42,42.56,42.56,336500.0,42.41,1300,42.42,900,-0.33,42.58,42.38,336500,14320000.0,0.0,0.47,6995.5,8428.23,46.82,38.3,3.6
华蓝集团,sz301027,18.86,18.86,19.02,47300.0,18.74,700,18.85,3700,0.0,19.02,18.7,47300,890000.0,0.04,1.7,22.3,27.72,22.63,15.09,2.52
国电电力,sh600795,4.66,4.66,4.66,1173200.0,4.65,868900,4.66,445500,0.0,4.67,4.65,1173200,5470000.0,0.01,0.43,831.14,831.14,5.13,4.19,1.87
中自科技,sh688737,28.19,28.19,28.33,598200.0,28.21,0,28.28,800,0.0,28.33,28.11,598200,170000.0,0.01,0.78,33.71,33.71,33.83,22.55,0.37
金杨精密,sz301210,40.3,40.46,40.29,43400.0,40.3,800,40.39,2400,-0.4,40.4,40.23,43400,1750000.0,0.1,0.42,17.52,46.19,48.55,32.37,1.87
港迪技术,sz301633,69.01,69.1,69.07,1300.0,69.2,200,69.28,100,-0.13,69.6,69.01,1300,90000.0,0.01,0.85,17.6,38.42,82.92,55.28,0.96
艾华集团,sh603989,18.38,18.49,18.4,92600.0,18.34,800,18.38,24600,-0.59,18.4,18.3,92600,1700000.0,0.02,0.54,73.3,73.3,20.34,16.64,5.92
山东路桥,sz000498,6.23,6.23,6.22,80900.0,6.22,89400,6.23,22300,0.0,6.23,6.22,80900,500000.0,0.01,0.16,90.29,96.72,6.85,5.61,2.18
国瓷材料,sz300285,31.85,32.27,31.96,328200.0,31.81,1300,31.84,2500,-1.3,32.2,31.81,328200,10490000.0,0.04,1.21,267.97,317.56,38.72,25.82,3.28
黑猫股份,sz002068,9.39,9.4,9.41,127600.0,9.38,4100,9.39,900,-0.11,9.44,9.39,127600,1200000.0,0.02,0.53,69.02,69.05,10.34,8.46,1.62
德尔股份,sz300473,34.12,34.2,34.21,54500.0,34.1,700,34.12,600,-0.23,34.28,34.11,54500,1860000.0,0.04,0.5,51.36,58.02,41.04,27.36,3.07
南方泵业,sz300145,4.72,4.79,4.71,3826300.0,4.71,12500,4.72,100300,-1.46,4.75,4.7,3826300,18040000.0,0.2,1.04,90.19,90.64,5.75,3.83,17.86
大为股份,sz002213,25.9,26.09,26.0,194000.0,25.9,1000,25.94,600,-0.73,26.0,25.88,194000,5040000.0,0.09,0.46,53.5,61.51,28.7,23.48,4.76
普洛药业,sz000739,18.55,18.55,18.55,275900.0,18.44,17600,18.55,9800,0.0,18.65,18.4,275900,5120000.0,0.02,1.35,214.81,214.89,20.41,16.7,9.67
重庆百货,sh600729,24.04,24.04,24.01,30400.0,24.04,3100,24.1,800,0.0,24.07,24.01,30400,730000.0,0.02,0.25,46.27,105.88,26.44,21.64,1.59
迈威生物-U,sh688062,36.88,36.69,36.75,2174600.0,36.82,2400,36.88,100,0.52,36.88,36.75,2174600,800000.0,0.01,0.35,75.3,147.37,44.03,29.35,0.98
齐心集团,sz002301,7.82,7.78,7.78,109000.0,7.81,6400,7.82,38200,0.51,7.82,7.78,109000,850000.0,0.02,0.51,56.15,56.41,8.56,7.0,1.14
德马科技,sh688360,19.58,19.87,19.58,13408700.0,19.62,200,19.67,200,-1.46,19.75,19.41,13408700,2620000.0,0.05,1.71,49.4,51.64,23.84,15.9,13.29
青岛银行,sz002948,5.5,5.54,5.53,695100.0,5.5,16400,5.51,111800,-0.72,5.54,5.5,695100,3840000.0,0.02,0.72,171.19,320.12,6.09,4.99,2.72
苏美达,sh600710,12.4,12.48,12.46,234500.0,12.37,1000,12.4,1500,-0.64,12.48,12.37,234500,2920000.0,0.02,0.88,162.04,162.04,13.73,11.23,2.43
百龙创园,sh605016,24.54,24.65,24.52,62500.0,24.54,1000,24.56,100,-0.45,24.56,24.52,62500,1530000.0,0.01,0.16,103.07,103.07,27.12,22.19,1.63
亚邦股份,sh603188,5.85,5.86,5.87,711200.0,5.84,20200,5.85,5000,-0.17,5.88,5.84,711200,4170000.0,0.12,0.68,33.35,33.35,6.45,5.27,3.05
德石股份,sz301158,24.21,24.55,24.29,162600.0,24.2,11700,24.21,100,-1.38,24.48,24.21,162600,3950000.0,0.11,1.1,35.47,36.4,29.46,19.64,5.95
峰岹科技,sh688279,200.02,200.13,200.02,488700.0,200.02,100,200.09,600,-0.05,200.26,200.02,488700,980000.0,0.01,0.12,187.13,230.25,240.16,160.1,1.2
海亮股份,sz002203,14.03,14.23,14.14,321600.0,14.03,83000,14.04,10700,-1.41,14.14,14.03,321600,4530000.0,0.01,0.77,310.36,321.53,15.65,12.81,2.84
建发股份,sh600153,9.48,9.46,9.48,100400.0,9.46,35400,9.48,500,0.21,9.5,9.46,100400,950000.0,0.0,0.42,274.88,274.88,10.41,8.51,1.55
江苏国信,sz002608,7.82,7.82,7.82,225100.0,7.81,20300,7.82,15600,0.0,7.84,7.81,225100,1760000.0,0.01,0.38,295.45,295.45,8.6,7.04,3.76
银龙股份,sh603969,10.09,10.06,10.06,132200.0,10.08,17400,10.09,600,0.3,10.16,10.06,132200,1330000.0,0.02,0.99,85.14,86.51,11.07,9.05,1.56
芯朋微,sh688508,70.57,71.71,70.46,7861000.0,70.57,600,70.63,200,-1.59,70.8,70.3,7861000,5540000.0,0.06,0.7,92.67,92.67,86.05,57.37,3.04
胜科纳米,sh688757,30.31,30.27,30.11,340000.0,30.19,200,30.31,3100,0.13,30.31,30.11,340000,100000.0,0.01,0.66,10.62,122.24,36.32,24.22,0.7
电气风电,sh688660,14.03,13.96,14.0,12585400.0,14.0,39200,14.03,7100,0.5,14.09,14.0,12585400,1770000.0,0.01,0.64,187.07,187.07,16.75,11.17,3.04
远东股份,sh600869,12.26,12.34,12.25,568000.0,12.26,91500,12.3,4900,-0.65,12.34,12.25,568000,6960000.0,0.03,0.73,272.09,272.09,13.57,11.11,1.7
智立方,sz301312,77.41,79.52,77.92,161000.0,77.41,100,77.48,600,-2.65,78.12,77.34,161000,12530000.0,0.27,0.98,46.87,93.81,95.42,63.62,3.87
盐湖股份,sz000792,33.61,34.01,33.65,1399800.0,33.57,65500,33.61,500,-1.18,33.66,33.55,1399800,47070000.0,0.03,0.32,1778.49,1778.5,37.41,30.61,5.45
新莱福,sz301323,58.5,58.8,58.52,20700.0,58.4,300,58.5,4000,-0.51,58.77,58.45,20700,1210000.0,0.03,0.54,39.59,61.77,70.56,47.04,2.26
新劲刚,sz300629,25.1,25.1,25.0,48700.0,25.1,1200,25.11,3200,0.0,25.1,25.0,48700,1220000.0,0.02,0.4,54.43,63.11,30.12,20.08,1.12
新雷能,sz300593,29.11,29.66,29.15,348000.0,29.1,17500,29.11,39200,-1.85,29.39,29.1,348000,10150000.0,0.08,0.98,131.07,157.92,35.59,23.73,3.33
久立特材,sz002318,35.04,35.54,35.21,66700.0,35.01,3500,35.03,1000,-1.41,35.21,35.02,66700,2340000.0,0.01,0.53,334.62,342.4,39.09,31.99,2.13
奥翔药业,sh603229,9.72,9.72,9.72,54300.0,9.69,11000,9.72,31200,0.0,9.73,9.7,54300,530000.0,0.01,0.31,80.7,80.7,10.69,8.75,2.65
香农芯创,sz300475,133.35,135.5,133.9,488200.0,133.33,700,133.35,500,-1.59,134.32,133.33,488200,65360000.0,0.11,0.73,593.91,619.93,162.6,108.4,6.32
通合科技,sz300491,28.01,28.37,28.25,226800.0,27.93,6000,28.01,12200,-1.27,28.31,27.97,226800,6390000.0,0.15,1.2,43.69,49.21,34.04,22.7,7.78
中盐化工,sh600328,9.02,9.07,9.07,75300.0,9.02,211400,9.04,2600,-0.55,9.07,9.02,75300,680000.0,0.01,0.55,132.26,132.26,9.98,8.16,0.77
光智科技,sz300489,42.59,42.74,42.7,23200.0,42.56,900,42.59,100,-0.35,42.77,42.59,23200,990000.0,0.02,0.42,58.42,58.63,51.29,34.19,3.33
晶澳科技,sz002459,12.08,12.16,12.08,688600.0,12.07,19400,12.08,1700,-0.66,12.12,12.06,688600,8320000.0,0.02,0.49,399.34,399.81,13.38,10.94,1.78
江苏华辰,sh603097,36.74,36.8,37.06,58700.0,36.54,5500,36.74,4900,-0.16,37.06,36.54,58700,2170000.0,0.04,1.41,58.79,60.68,40.48,33.12,2.36
振华科技,sz000733,53.23,53.6,53.5,90800.0,53.23,15200,53.25,200,-0.69,53.5,53.23,90800,4850000.0,0.02,0.5,294.94,294.98,58.96,48.24,2.15
六九一二,sz301592,116.55,116.28,116.43,3200.0,116.47,300,116.55,300,0.23,116.55,116.11,3200,370000.0,0.01,0.38,27.22,81.58,139.54,93.02,1.51
科泰电源,sz300153,34.71,34.99,34.72,425800.0,34.71,3700,34.72,85900,-0.8,34.79,34.4,425800,14760000.0,0.13,1.11,110.49,111.07,41.99,27.99,5.99
美迪西,sh688202,66.01,67.19,66.53,2521600.0,66.11,300,66.34,4300,-1.76,66.53,66.01,2521600,1670000.0,0.02,0.77,88.69,88.69,80.63,53.75,1.24
紫金矿业,sh601899,38.51,39.75,38.26,11539000.0,38.51,600,38.55,1400,-3.12,38.95,38.26,11539000,443570000.0,0.06,1.74,7933.4,10239.71,43.73,35.78,11.08
中农立华,sh603970,13.59,13.54,13.51,18400.0,13.53,5100,13.58,5100,0.37,13.59,13.51,18400,250000.0,0.01,0.59,36.53,36.53,14.89,12.19,1.27
聚石化学,sh688669,25.66,25.79,25.65,380800.0,25.66,500,25.76,600,-0.5,25.77,25.65,380800,100000.0,0.0,0.47,31.13,31.13,30.95,20.63,0.41
沃特股份,sz002886,24.22,24.45,24.4,183800.0,24.2,400,24.23,3400,-0.94,24.4,24.2,183800,4480000.0,0.09,0.82,50.64,63.75,26.9,22.01,3.23
国信证券,sz002736,12.42,12.43,12.46,244500.0,12.41,10200,12.42,200,-0.08,12.47,12.42,244500,3040000.0,0.0,0.4,1193.86,1272.02,13.67,11.19,2.4
皖天然气,sh603689,8.35,8.34,8.36,25600.0,8.34,6900,8.35,11200,0.12,8.36,8.34,25600,210000.0,0.0,0.24,43.51,43.92,9.17,7.51,1.59
博亚精工,sz300971,25.99,26.06,25.99,32100.0,25.91,200,25.99,3700,-0.27,26.06,25.97,32100,830000.0,0.03,0.35,23.93,30.56,31.27,20.85,2.09
科隆股份,sz300405,7.01,7.03,6.98,158500.0,6.99,7300,7.0,500,-0.28,7.03,6.98,158500,1110000.0,0.07,0.71,15.34,19.93,8.44,5.62,3.79
红星发展,sh600367,18.68,18.98,18.7,290200.0,18.68,5400,18.69,27300,-1.58,18.7,18.59,290200,5420000.0,0.09,0.58,60.14,63.72,20.88,17.08,4.15
ST通葡,sh600365,3.09,3.08,3.07,76600.0,3.08,16600,3.09,75700,0.32,3.09,3.07,76600,240000.0,0.02,0.65,13.2,14.03,3.23,2.93,4.14
华融化学,sz301256,15.66,15.78,15.84,271200.0,15.69,200,15.72,3200,-0.76,15.95,15.66,271200,4290000.0,0.06,1.84,75.17,75.17,18.94,12.62,3.32
安徽凤凰,bj920000,18.72,18.82,18.72,400.0,18.79,1200,18.88,2500,-0.53,18.72,18.72,400,7500.0,0.0,0.0,10.78,17.16,24.46,13.18,0.17
金龙羽,sz002882,31.21,31.41,31.35,55300.0,31.21,400,31.25,1300,-0.64,31.35,31.21,55300,1730000.0,0.02,0.45,77.01,135.11,34.55,28.27,2.11
双箭股份,sz002381,7.0,7.0,7.01,75300.0,6.98,17800,6.99,4800,0.0,7.01,6.98,75300,530000.0,0.02,0.43,22.43,28.81,7.7,6.3,3.23
南京高科,sh600064,8.91,8.91,8.89,251300.0,8.91,23100,8.93,11900,0.0,8.95,8.89,251300,2230000.0,0.01,0.67,154.17,154.17,9.8,8.02,3.87
太阳纸业,sz002078,17.04,17.03,16.95,313000.0,17.02,3000,17.04,10400,0.06,17.09,16.95,313000,5310000.0,0.01,0.82,473.27,476.19,18.73,15.33,3.57
嘉化能源,sh600273,11.72,11.79,11.7,117500.0,11.71,11000,11.72,1100,-0.59,11.8,11.66,117500,1380000.0,0.01,1.19,159.03,159.03,12.97,10.61,1.12
雅克科技,sz002409,89.7,91.35,90.53,170700.0,89.6,700,89.7,300,-1.81,90.53,89.6,170700,15410000.0,0.05,1.02,285.71,426.91,100.49,82.22,5.41
凯赛生物,sh688065,54.3,54.29,54.51,2348400.0,54.15,400,54.3,100,0.02,54.69,54.15,2348400,1280000.0,0.0,0.99,316.77,391.66,65.15,43.43,1.8
日科化学,sz300214,7.38,7.39,7.38,125100.0,7.37,13300,7.38,1500,-0.14,7.4,7.38,125100,920000.0,0.03,0.27,34.31,34.31,8.87,5.91,3.09
三力制药,sh603439,11.99,11.98,11.97,11100.0,11.99,1400,12.02,3200,0.08,12.0,11.96,11100,130000.0,0.0,0.33,48.42,49.03,13.18,10.78,0.69
指南针,sz300803,118.72,118.47,118.47,99100.0,118.72,400,118.85,400,0.21,118.98,118.4,99100,11750000.0,0.02,0.49,718.66,723.94,142.16,94.78,1.99
财通证券,sh601108,8.86,8.85,8.86,408800.0,8.85,44600,8.86,115300,0.11,8.86,8.85,408800,3620000.0,0.01,0.11,411.44,411.44,9.74,7.97,2.03
天士力,sh600535,14.83,14.78,14.84,85400.0,14.8,14100,14.83,52300,0.34,14.86,14.79,85400,1270000.0,0.01,0.47,221.55,221.55,16.26,13.3,2.03
容大感光,sz300576,40.72,40.74,40.64,91600.0,40.71,600,40.8,1400,-0.05,40.99,40.64,91600,3740000.0,0.04,0.86,94.74,149.18,48.89,32.59,3.26
芯联集成-U,sh688469,7.54,7.56,7.52,77568400.0,7.53,276400,7.54,8700,-0.26,7.56,7.52,77568400,5840000.0,0.02,0.53,334.01,632.05,9.07,6.05,1.71
壹石通,sh688733,29.68,29.92,29.75,687900.0,29.68,1200,29.74,1100,-0.8,29.75,29.68,687900,200000.0,0.0,0.23,59.29,59.29,35.9,23.94,0.5
汇创达,sz300909,45.01,45.05,45.03,4200.0,44.8,5100,44.99,400,-0.09,45.03,44.97,4200,190000.0,0.0,0.13,55.01,77.86,54.06,36.04,0.43
极米科技,sh688696,99.5,99.7,99.3,290000.0,99.11,600,99.5,2800,-0.2,99.68,99.25,290000,290000.0,0.0,0.43,69.67,69.67,119.64,79.76,0.57
浙能电力,sh600023,5.01,5.01,5.01,363500.0,5.0,426200,5.01,224400,0.0,5.01,4.99,363500,1820000.0,0.0,0.4,671.78,671.78,5.51,4.51,1.94
崇达技术,sz002815,14.95,15.16,15.02,543600.0,14.94,4800,14.95,7300,-1.39,15.03,14.94,543600,8150000.0,0.07,0.59,116.18,182.05,16.68,13.64,3.66
蕾奥规划,sz300989,16.18,16.16,16.18,30200.0,16.17,200,16.18,200,0.12,16.18,16.14,30200,490000.0,0.02,0.25,24.37,34.13,19.39,12.93,2.27
首创证券,sh601136,17.9,17.83,17.88,71900.0,17.9,5300,17.91,900,0.39,17.91,17.85,71900,1290000.0,0.0,0.34,489.27,489.27,19.61,16.05,2.81
吉贝尔,sh688566,29.01,28.92,29.01,3477100.0,29.01,200,29.02,2000,0.31,29.09,29.01,3477100,1010000.0,0.02,0.28,57.85,57.85,34.7,23.14,5.15
鲁西化工,sz000830,17.65,17.9,17.67,582000.0,17.65,1300,17.67,600,-1.4,17.78,17.62,582000,10280000.0,0.03,0.89,336.09,336.11,19.69,16.11,4.8
京沪高铁,sh601816,4.97,4.97,4.96,461700.0,4.96,781400,4.97,337400,0.0,4.97,4.96,461700,2290000.0,0.0,0.2,2431.61,2431.61,5.47,4.47,0.81
中国建筑,sh601668,5.05,5.04,5.04,1880400.0,5.04,293200,5.05,1394900,0.2,5.05,5.03,1880400,9480000.0,0.0,0.4,2086.68,2086.68,5.54,4.54,2.47
国联股份,sh603613,27.2,27.22,27.21,53500.0,27.16,1900,27.2,12700,-0.07,27.22,27.16,53500,1460000.0,0.01,0.22,195.99,195.99,29.94,24.5,1.59
路维光电,sh688401,53.89,54.11,54.0,4084700.0,53.78,700,53.89,2200,-0.41,54.0,53.78,4084700,2200000.0,0.02,0.41,104.2,104.2,64.93,43.29,2.72
中国国贸,sh600007,20.91,20.86,20.86,24500.0,20.88,200,20.91,6300,0.24,20.92,20.86,24500,510000.0,0.0,0.29,210.62,210.62,22.95,18.77,2.99
顺钠股份,sz000533,11.7,12.01,11.64,8999000.0,11.69,61900,11.7,91200,-2.58,11.9,11.6,8999000,105130000.0,1.31,2.5,80.13,80.83,13.21,10.81,16.4
威迈斯,sh688612,30.95,30.93,30.95,831800.0,30.95,100,31.0,1700,0.06,31.0,30.93,831800,260000.0,0.0,0.23,78.17,129.74,37.12,24.74,0.74
国安达,sz300902,21.01,21.09,20.95,10200.0,20.97,300,21.0,100,-0.38,21.01,20.95,10200,210000.0,0.01,0.28,25.48,38.2,25.31,16.87,0.97
亿田智能,sz300911,37.15,37.19,37.24,15300.0,37.1,600,37.12,100,-0.11,37.24,37.11,15300,570000.0,0.01,0.35,63.65,68.11,44.63,29.75,1.3
仙鹤股份,sh603733,24.75,24.68,24.7,24600.0,24.73,500,24.75,8800,0.28,24.81,24.7,24600,610000.0,0.0,0.45,175.16,175.16,27.15,22.21,1.28
南京化纤,sh600889,16.45,16.38,16.45,17700.0,16.42,200,16.43,300,0.43,16.46,16.35,17700,290000.0,0.0,0.67,60.26,60.26,18.02,14.74,1.13
好利科技,sz002729,18.74,18.76,18.69,15000.0,18.73,2100,18.74,900,-0.11,18.82,18.69,15000,280000.0,0.01,0.69,32.88,34.29,20.64,16.88,0.55
世华科技,sh688093,35.65,35.82,35.71,631400.0,35.65,200,35.67,200,-0.47,35.71,35.56,631400,230000.0,0.0,0.42,93.63,99.96,42.98,28.66,0.83
大博医疗,sz002901,47.77,47.88,47.92,16000.0,47.72,1000,47.73,2400,-0.23,47.92,47.73,16000,770000.0,0.01,0.4,137.81,197.78,52.67,43.09,2.1
沪电股份,sz002463,68.33,68.95,68.53,685200.0,68.3,7900,68.33,9300,-0.9,68.64,68.3,685200,46930000.0,0.04,0.49,1313.86,1314.92,75.85,62.06,2.88
招商轮船,sh601872,13.14,13.22,13.19,6476100.0,13.1,800,13.14,21100,-0.61,13.21,13.0,6476100,85340000.0,0.08,1.59,1060.99,1060.99,14.54,11.9,16.79
建发致新,sz301584,28.82,28.71,28.87,12800.0,28.76,1000,28.85,300,0.38,28.87,28.72,12800,370000.0,0.03,0.52,14.53,121.42,34.45,22.97,1.61
联合化学,sz301209,101.37,101.89,101.89,4000.0,101.21,300,101.37,100,-0.51,101.89,100.98,4000,410000.0,0.01,0.89,55.14,113.53,122.27,81.51,0.75
光力科技,sz300480,28.38,28.23,28.44,638100.0,28.34,1200,28.38,100,0.53,28.75,28.27,638100,18160000.0,0.26,1.7,70.25,100.13,33.88,22.58,4.01
恒烁股份,sh688416,94.72,98.06,95.0,14345200.0,94.66,200,94.72,2500,-3.41,96.67,94.72,14345200,13630000.0,0.22,1.99,61.86,78.62,117.67,78.45,7.22
美丽生态,sz000010,3.52,3.54,3.54,106200.0,3.51,33100,3.52,2900,-0.56,3.54,3.52,106200,380000.0,0.01,0.56,29.85,40.47,3.89,3.19,0.82
藏格矿业,sz000408,84.04,85.33,84.36,711000.0,84.0,9800,84.04,600,-1.51,84.73,84.0,711000,59960000.0,0.05,0.86,1319.6,1319.62,93.86,76.8,14.41
西藏天路,sh600326,11.14,11.15,11.15,208800.0,11.13,11200,11.14,34300,-0.09,11.15,11.13,208800,2330000.0,0.02,0.18,151.78,151.78,12.27,10.04,1.54
恒勃股份,sz301225,136.57,135.85,136.12,13400.0,136.54,200,136.57,100,0.53,138.56,136.12,13400,1830000.0,0.04,1.8,40.81,141.19,163.02,108.68,2.63
宏润建设,sz002062,9.96,9.95,9.95,199800.0,9.96,112400,9.97,3900,0.1,10.03,9.95,199800,1990000.0,0.02,0.8,112.02,123.23,10.95,8.96,2.31
鲁抗医药,sh600789,9.14,9.12,9.14,209300.0,9.14,10900,9.15,206800,0.22,9.15,9.13,209300,1910000.0,0.02,0.22,82.14,95.53,10.03,8.21,2.29
物产中大,sh600704,5.67,5.69,5.67,628100.0,5.66,190500,5.67,84300,-0.35,5.67,5.66,628100,3560000.0,0.01,0.18,293.21,293.21,6.26,5.12,3.12
日月股份,sh603218,13.75,13.76,13.77,107000.0,13.74,1500,13.75,2700,-0.07,13.79,13.75,107000,1470000.0,0.01,0.29,141.35,141.67,15.14,12.38,3.04
豪江智能,sz301320,18.44,18.38,18.38,10900.0,18.41,300,18.43,4100,0.33,18.45,18.32,10900,200000.0,0.02,0.71,12.58,33.56,22.06,14.7,1.41
顺博合金,sz002996,7.77,7.84,7.8,299000.0,7.76,78500,7.77,2400,-0.89,7.8,7.76,299000,2330000.0,0.07,0.51,31.53,52.02,8.62,7.06,4.63
明星电力,sh600101,10.13,10.12,10.13,195900.0,10.1,10100,10.12,1400,0.1,10.14,10.1,195900,1980000.0,0.04,0.4,55.5,55.5,11.13,9.11,3.2
交通银行,sh601328,6.73,6.73,6.73,885500.0,6.72,658300,6.73,82300,0.0,6.74,6.72,885500,5960000.0,0.0,0.3,1754.68,5946.88,7.4,6.06,1.46
青云科技-U,sh688316,89.35,91.37,88.56,24727600.0,89.35,400,89.99,4600,-2.21,90.9,88.56,24727600,22000000.0,0.52,2.56,42.8,42.8,109.64,73.1,9.31
世运电路,sh603920,63.11,63.25,62.77,184400.0,63.11,2700,63.25,6200,-0.22,63.25,62.75,184400,11590000.0,0.03,0.79,454.77,454.77,69.58,56.93,1.74
醋化股份,sh603968,15.43,16.13,15.48,1027400.0,15.42,400,15.43,27500,-4.34,15.6,15.35,1027400,15900000.0,0.5,1.55,31.55,31.55,17.74,14.52,12.2
海泰新光,sh688677,48.0,48.0,47.58,3198300.0,48.0,0,48.08,600,0.0,48.08,47.58,3198300,1520000.0,0.03,1.04,57.54,57.54,57.6,38.4,5.49
国际实业,sz000159,6.76,6.77,6.73,379000.0,6.75,7100,6.76,800,-0.15,6.78,6.72,379000,2550000.0,0.08,0.89,32.49,32.49,7.45,6.09,4.64
海星股份,sh603115,25.78,26.32,25.81,220500.0,25.71,3000,25.78,3600,-2.05,25.93,25.7,220500,5700000.0,0.09,0.87,62.36,62.36,28.95,23.69,5.45
金岭矿业,sz000655,10.26,10.39,10.39,794800.0,10.25,16000,10.26,4000,-1.25,10.48,10.26,794800,8240000.0,0.13,2.12,61.08,61.08,11.43,9.35,13.75
欣贺股份,sz003016,8.83,8.81,8.81,136200.0,8.83,1300,8.86,10100,0.23,8.85,8.81,136200,1200000.0,0.03,0.45,36.28,37.13,9.69,7.93,4.39
燕麦科技,sh688312,49.81,51.13,50.0,31500800.0,49.81,100,49.88,200,-2.58,50.5,49.81,31500800,15750000.0,0.22,1.35,72.61,72.61,61.36,40.9,5.73
南京银行,sh601009,11.35,11.33,11.33,240800.0,11.35,32800,11.36,11600,0.18,11.36,11.31,240800,2730000.0,0.0,0.44,1403.26,1403.26,12.46,10.2,1.05
金风科技,sz002202,25.14,25.13,25.05,1669900.0,25.13,2200,25.14,70100,0.04,25.14,25.01,1669900,41840000.0,0.05,0.52,845.76,1062.18,27.64,22.62,2.3
*ST天择,sh603721,21.35,21.38,21.34,14700.0,21.34,400,21.57,12200,-0.14,21.35,21.3,14700,310000.0,0.01,0.23,27.75,27.75,22.45,20.31,1.17
南京聚隆,sz300644,34.36,34.6,34.32,23900.0,34.35,2800,34.36,300,-0.69,34.5,34.32,23900,820000.0,0.03,0.52,29.95,38.02,41.52,27.68,1.63
力生制药,sz002393,21.44,21.5,21.59,8100.0,21.43,500,21.48,4700,-0.28,21.59,21.44,8100,170000.0,0.0,0.7,53.66,55.23,23.65,19.35,0.72
欧圣电气,sz301187,24.23,24.19,24.2,2800.0,24.21,100,24.22,100,0.17,24.3,24.2,2800,70000.0,0.0,0.41,61.77,61.77,29.03,19.35,0.55
农业银行,sh601288,6.64,6.61,6.63,4336200.0,6.64,438200,6.65,582400,0.45,6.65,6.63,4336200,28770000.0,0.0,0.3,21197.82,23238.87,7.27,5.95,2.99
天安新材,sh603725,10.1,10.11,10.1,11900.0,10.13,200,10.15,700,-0.1,10.16,10.1,11900,120000.0,0.0,0.59,28.95,30.79,11.12,9.1,0.38
第一医药,sh600833,13.12,13.09,13.08,10100.0,13.13,100,13.16,7100,0.23,13.13,13.08,10100,130000.0,0.0,0.38,29.27,29.27,14.4,11.78,0.78
*ST宝实,sz000595,6.1,6.11,6.08,173800.0,6.1,9800,6.11,34300,-0.16,6.1,6.08,173800,1060000.0,0.02,0.33,69.46,69.46,6.42,5.8,4.85
中信证券,sh600030,27.88,27.87,27.87,1063600.0,27.89,3100,27.9,7000,0.04,27.91,27.85,1063600,29650000.0,0.01,0.22,3394.82,4131.97,30.66,25.08,2.78
科华数据,sz002335,62.87,63.72,62.84,634900.0,62.89,4700,62.9,300,-1.33,62.9,62.4,634900,39850000.0,0.14,0.78,285.85,324.04,70.09,57.35,6.51
三柏硕,sz001300,16.96,16.85,16.93,8700.0,16.95,2400,16.96,200,0.65,16.99,16.9,8700,150000.0,0.0,0.53,41.34,41.34,18.54,15.17,0.7
通宝能源,sh600780,6.11,6.13,6.11,52900.0,6.11,85300,6.12,11000,-0.33,6.12,6.11,52900,320000.0,0.0,0.16,70.05,70.05,6.74,5.52,1.29
海油发展,sh600968,4.41,4.48,4.42,3255000.0,4.4,262800,4.41,243800,-1.56,4.43,4.4,3255000,14380000.0,0.03,0.67,448.28,448.28,4.93,4.03,9.24
柳化股份,sh600423,3.87,3.86,3.85,160900.0,3.86,8400,3.87,7100,0.26,3.88,3.85,160900,620000.0,0.02,0.78,30.91,30.91,4.25,3.47,2.28
中国化学,sh601117,8.43,8.53,8.45,2663900.0,8.42,268700,8.43,625700,-1.17,8.45,8.42,2663900,22490000.0,0.04,0.35,511.67,514.79,9.38,7.68,6.26
升达林业,sz002259,5.74,5.64,5.65,702800.0,5.73,12400,5.74,11600,1.77,5.74,5.63,702800,3980000.0,0.09,1.95,43.18,43.18,6.2,5.08,3.03
药石科技,sz300725,41.62,41.48,41.38,134400.0,41.57,3300,41.63,2900,0.34,41.66,41.33,134400,5570000.0,0.07,0.8,84.37,97.31,49.78,33.18,6.28
润泽科技,sz300442,76.5,76.5,0.0,0.0,0.0,0,0.0,0,0.0,0.0,0.0,0,0.0,0.0,0.0,1245.71,1250.27,91.8,61.2,0.0
佰奥智能,sz300836,60.35,61.0,60.9,16300.0,60.2,500,60.51,200,-1.07,60.9,60.35,16300,990000.0,0.03,0.9,38.15,55.94,73.2,48.8,2.88
伊之密,sz300415,26.23,26.41,26.28,109000.0,26.22,1900,26.23,15100,-0.68,26.31,26.23,109000,2860000.0,0.02,0.3,118.85,122.9,31.69,21.13,4.55
同和药业,sz300636,8.56,8.55,8.56,69700.0,8.55,4800,8.56,1900,0.12,8.62,8.54,69700,600000.0,0.02,0.94,31.45,35.95,10.26,6.84,1.29
概伦电子,sh688206,38.5,38.8,38.51,13753100.0,38.27,100,38.5,6500,-0.77,38.56,38.11,13753100,5290000.0,0.03,1.16,167.54,167.54,46.56,31.04,5.78
海南华铁,sh603300,7.29,7.33,7.29,565100.0,7.29,24100,7.3,55600,-0.55,7.3,7.26,565100,4120000.0,0.03,0.55,145.57,145.57,8.06,6.6,2.74
三旺通信,sh688618,32.27,32.28,32.36,336300.0,32.08,200,32.27,200,-0.03,32.36,32.26,336300,110000.0,0.0,0.31,35.51,35.56,38.74,25.82,0.58
雷迪克,sz300652,50.68,50.78,50.74,10700.0,50.68,600,50.69,900,-0.2,50.81,50.68,10700,540000.0,0.01,0.26,60.67,67.6,60.94,40.62,1.15
五洲特纸,sh605007,15.54,14.94,15.34,1005800.0,15.54,1100,15.59,1100,4.02,15.58,15.21,1005800,15480000.0,0.25,2.48,62.4,73.93,16.43,13.45,25.32
泰恩康,sz301263,32.28,32.17,32.08,8100.0,32.22,1500,32.27,300,0.34,32.28,32.08,8100,260000.0,0.0,0.62,98.0,137.35,38.6,25.74,0.59
大西洋,sh600558,6.21,6.2,6.2,31500.0,6.21,5700,6.22,3500,0.16,6.23,6.2,31500,200000.0,0.0,0.48,55.74,55.74,6.82,5.58,0.54
上海电力,sh600021,20.38,20.4,20.4,372100.0,20.35,6300,20.38,2300,-0.1,20.45,20.36,372100,7590000.0,0.01,0.44,574.97,574.97,22.44,18.36,2.64
工商银行,sh601398,7.19,7.18,7.19,3299000.0,7.18,950800,7.19,142000,0.14,7.2,7.18,3299000,23730000.0,0.0,0.28,19385.12,25625.61,7.9,6.46,3.47
金花股份,sh600080,8.37,8.49,8.35,374500.0,8.39,100,8.4,800,-1.41,8.46,8.35,374500,3130000.0,0.1,1.3,31.24,31.24,9.34,7.64,6.01
满坤科技,sz301132,36.6,36.82,36.6,17900.0,36.59,1300,36.6,700,-0.6,36.65,36.6,17900,660000.0,0.02,0.14,34.67,54.2,44.18,29.46,1.96
海兴电力,sh603556,37.74,37.96,37.78,21700.0,37.7,1300,37.74,1000,-0.58,37.84,37.71,21700,820000.0,0.0,0.34,183.52,183.52,41.76,34.16,1.24
北方稀土,sh600111,56.7,57.4,57.0,1797500.0,56.66,300,56.7,800,-1.22,57.1,56.31,1797500,102360000.0,0.05,1.38,2049.74,2049.74,63.14,51.66,2.76
中熔电气,sz301031,144.61,146.65,144.81,38900.0,144.52,100,144.61,500,-1.39,145.8,144.61,38900,5640000.0,0.06,0.81,99.52,142.18,175.98,117.32,3.91
银星能源,sz000862,6.33,6.35,6.34,423200.0,6.33,57300,6.34,16000,-0.31,6.35,6.31,423200,2680000.0,0.07,0.63,39.75,58.11,6.99,5.72,5.93
华鲁恒升,sh600426,36.0,36.49,36.05,180800.0,35.99,500,36.0,20300,-1.34,36.38,36.0,180800,6520000.0,0.01,1.04,763.0,764.35,40.14,32.84,2.06
*ST波导,sh600130,4.28,4.29,4.28,110200.0,4.28,7500,4.29,39900,-0.23,4.29,4.27,110200,470000.0,0.01,0.47,32.1,32.1,4.5,4.08,2.27
新农股份,sz002942,21.62,21.7,21.56,27000.0,21.61,3500,21.62,200,-0.37,21.72,21.56,27000,580000.0,0.02,0.74,29.66,33.7,23.87,19.53,3.14
天山电子,sz301379,27.48,27.77,27.7,86100.0,27.46,500,27.48,1300,-1.04,27.75,27.48,86100,2370000.0,0.07,0.97,34.99,54.48,33.32,22.22,6.53
惠柏新材,sz301555,35.78,35.41,35.63,110500.0,35.73,7700,35.78,200,1.04,35.8,35.44,110500,3940000.0,0.23,1.02,17.3,33.01,42.49,28.33,12.25
久盛电气,sz301082,18.84,18.94,18.83,66200.0,18.84,2900,18.85,3600,-0.53,18.98,18.8,66200,1250000.0,0.03,0.95,39.42,42.64,22.73,15.15,3.44
长城证券,sz002939,9.86,9.85,9.87,213400.0,9.85,28400,9.86,4000,0.1,9.88,9.85,213400,2110000.0,0.01,0.3,355.22,397.79,10.84,8.87,3.24
佰仁医疗,sh688198,101.37,100.9,101.17,81900.0,101.37,2500,101.38,400,0.47,101.37,101.17,81900,80000.0,0.0,0.2,139.64,139.64,121.08,80.72,0.52
锦盛新材,sz300849,22.06,22.24,22.32,154600.0,22.05,2100,22.06,27100,-0.81,22.32,22.04,154600,3440000.0,0.13,1.26,26.8,33.09,26.69,17.79,6.25
佛燃能源,sz002911,14.83,14.88,14.89,168700.0,14.83,1500,14.84,600,-0.34,14.93,14.82,168700,2510000.0,0.01,0.74,188.26,192.55,16.37,13.39,5.54
三七互娱,sz002555,25.8,26.08,25.9,623300.0,25.8,19300,25.81,16200,-1.07,25.9,25.8,623300,16110000.0,0.04,0.38,412.53,570.76,28.69,23.47,2.05
莱特光电,sh688150,31.27,30.91,31.39,25279500.0,31.13,2600,31.27,800,1.16,31.39,31.13,25279500,7920000.0,0.06,0.84,125.84,125.84,37.09,24.73,4.81
特变电工,sh600089,28.62,28.92,28.63,3352000.0,28.55,81600,28.62,201900,-1.04,28.63,28.55,3352000,95930000.0,0.07,0.28,1446.11,1446.11,31.81,26.03,4.06
荣昌生物,sh688331,104.4,104.0,104.4,1967500.0,104.4,4500,104.49,1600,0.38,104.98,103.5,1967500,2050000.0,0.01,1.42,170.27,589.31,124.8,83.2,1.03
新兴铸管,sz000778,4.94,4.96,4.95,327300.0,4.94,20700,4.95,213100,-0.4,4.95,4.94,327300,1620000.0,0.01,0.2,192.34,195.78,5.46,4.46,0.97
德冠新材,sz001378,24.91,24.94,24.99,9400.0,24.91,400,24.93,100,-0.12,24.99,24.91,9400,230000.0,0.01,0.32,16.07,33.21,27.43,22.45,1.33
梦天家居,sh603216,43.99,43.55,43.01,196500.0,43.78,51900,43.99,4000,1.01,44.0,43.01,196500,8500000.0,0.09,2.27,97.96,97.96,47.91,39.2,14.85
三达膜,sh688101,16.98,16.96,16.93,595600.0,16.96,23500,16.98,1900,0.12,16.98,16.93,595600,100000.0,0.0,0.29,56.38,56.38,20.35,13.57,0.98
隆华科技,sz300263,11.92,12.05,11.88,1083100.0,11.92,9400,11.93,18200,-1.08,11.93,11.83,1083100,12870000.0,0.11,0.83,116.28,123.37,14.46,9.64,2.92
中国交建,sh601800,8.08,8.07,8.08,171000.0,8.07,93700,8.08,22500,0.12,8.09,8.07,171000,1380000.0,0.0,0.25,951.7,1314.99,8.88,7.26,2.37
凯恩股份,sz002012,7.46,7.43,7.55,1042700.0,7.46,34400,7.47,300,0.4,7.57,7.46,1042700,7850000.0,0.22,1.48,34.82,34.88,8.17,6.69,7.36
拓尔思,sz300229,24.0,24.12,23.93,1109000.0,23.97,2700,24.03,10500,-0.5,24.03,23.91,1109000,26560000.0,0.13,0.5,209.53,209.67,28.94,19.3,5.11
宿迁联盛,sh603065,8.84,8.89,8.85,61900.0,8.83,7300,8.84,2400,-0.56,8.85,8.82,61900,550000.0,0.03,0.34,17.39,37.04,9.78,8.0,2.04
汇川技术,sz300124,75.4,75.8,75.5,339500.0,75.39,29500,75.4,3600,-0.53,75.55,75.39,339500,25620000.0,0.01,0.21,1808.52,2041.25,90.96,60.64,2.96
国元证券,sz000728,8.33,8.32,8.33,165500.0,8.33,41900,8.34,300,0.12,8.35,8.32,165500,1380000.0,0.0,0.36,363.5,363.5,9.15,7.49,1.75
奇德新材,sz300995,38.2,38.33,38.33,6600.0,38.15,100,38.2,1500,-0.34,38.33,38.2,6600,250000.0,0.01,0.34,22.94,32.14,46.0,30.66,1.47
衢州东峰,sh601515,4.77,4.78,4.79,340600.0,4.76,9300,4.77,112500,-0.21,4.79,4.76,340600,1630000.0,0.02,0.63,91.8,91.8,5.26,4.3,1.08
瑞华技术,bj920099,33.2,33.11,33.45,1300.0,33.2,100,33.31,400,0.27,33.45,33.19,1300,44300.0,0.0,0.79,16.22,26.03,43.04,23.18,0.49
怡合达,sz301029,30.04,30.31,30.04,236600.0,30.04,8200,30.05,12400,-0.89,30.29,30.04,236600,7110000.0,0.05,0.82,138.75,190.51,36.37,24.25,4.0
中船防务,sh600685,35.59,35.51,35.4,645000.0,35.59,3900,35.7,5100,0.23,35.7,35.4,645000,22850000.0,0.08,0.84,292.35,503.07,39.06,31.96,5.7
三棵树,sh603737,56.1,56.85,56.58,57000.0,56.01,400,56.1,9900,-1.32,56.58,56.0,57000,3200000.0,0.01,1.02,413.92,413.92,62.54,51.17,3.42
福赛科技,sz301529,135.19,136.05,136.46,18700.0,135.23,200,135.4,200,-0.63,137.31,135.19,18700,2550000.0,0.04,1.56,61.16,114.69,163.26,108.84,1.11
新巨丰,sz301296,8.79,8.8,8.8,32700.0,8.79,1900,8.8,60400,-0.11,8.81,8.78,32700,290000.0,0.01,0.34,25.8,37.33,10.56,7.04,2.44
诺力股份,sh603611,23.93,23.96,23.98,11300.0,23.9,3700,23.93,1100,-0.13,23.98,23.9,11300,270000.0,0.0,0.33,61.64,61.64,26.36,21.56,0.96
华大九天,sz301269,101.42,102.3,101.5,66200.0,101.42,10700,101.5,12200,-0.86,101.6,101.31,66200,6720000.0,0.01,0.28,553.18,553.18,122.76,81.84,4.12
中原高速,sh600020,4.08,4.08,4.08,159900.0,4.08,115000,4.09,97700,0.0,4.09,4.08,159900,650000.0,0.01,0.25,91.69,91.69,4.49,3.67,2.77
创新新材,sh600361,4.51,4.55,4.52,441700.0,4.51,11900,4.52,188900,-0.88,4.53,4.5,441700,1990000.0,0.01,0.66,169.4,169.4,5.01,4.1,2.13
铁龙物流,sh600125,6.34,6.36,6.35,55400.0,6.34,14800,6.35,211200,-0.31,6.36,6.34,55400,350000.0,0.0,0.31,82.77,82.77,7.0,5.72,0.9
中兵红箭,sz000519,18.56,18.61,18.49,291200.0,18.55,9200,18.56,3800,-0.27,18.59,18.49,291200,5390000.0,0.02,0.54,258.46,258.46,20.47,16.75,2.89
溢多利,sz300381,6.82,6.81,6.82,50300.0,6.82,8000,6.83,18500,0.15,6.84,6.8,50300,340000.0,0.01,0.59,33.37,33.49,8.17,5.45,1.89
天宇股份,sz300702,25.57,25.43,25.73,61000.0,25.57,20300,25.6,3300,0.55,25.75,25.48,61000,1570000.0,0.03,1.06,53.99,88.98,30.52,20.34,3.15
宏发股份,sh600885,30.59,31.19,30.5,425100.0,30.54,300,30.59,39400,-1.92,30.6,30.46,425100,12970000.0,0.03,0.45,473.41,473.41,34.31,28.07,5.73
上海电影,sh601595,31.11,31.43,31.18,474900.0,31.11,27300,31.18,138500,-1.02,31.23,31.08,474900,14800000.0,0.11,0.48,139.44,139.44,34.57,28.29,3.85
新亚强,sh603155,18.16,18.72,18.1,601900.0,18.16,23400,18.2,9200,-2.99,18.37,18.1,601900,10900000.0,0.19,1.44,57.35,57.35,20.59,16.85,30.07
龙源电力,sz001289,15.69,15.73,15.69,103500.0,15.68,1300,15.69,12400,-0.25,15.69,15.65,103500,1620000.0,0.0,0.25,791.08,1311.66,17.3,14.16,5.75
中科三环,sz000970,14.3,14.45,14.35,483800.0,14.28,67000,14.3,2800,-1.04,14.35,14.28,483800,6930000.0,0.04,0.48,173.85,173.85,15.9,13.01,3.97
天融信,sz002212,8.81,8.84,8.83,472000.0,8.81,48700,8.82,32900,-0.34,8.85,8.78,472000,4170000.0,0.04,0.79,102.8,103.91,9.72,7.96,3.61
三美股份,sh603379,67.78,68.79,68.67,181800.0,67.67,3100,67.78,10000,-1.47,68.67,67.66,181800,12370000.0,0.03,1.47,413.78,413.78,75.67,61.91,6.53
诺思兰德,bj920047,23.23,23.18,23.18,6600.0,23.23,2800,23.37,1000,0.22,23.4,23.18,6600,154300.0,0.0,0.95,41.84,63.71,30.13,16.23,0.76
飞南资源,sz301500,19.51,19.86,19.84,364100.0,19.5,400,19.51,3800,-1.76,19.86,19.5,364100,7190000.0,0.25,1.81,28.1,109.64,23.83,15.89,4.8
科瑞思,sz301314,49.17,49.18,49.0,18600.0,49.11,1900,49.3,600,-0.02,49.17,48.33,18600,910000.0,0.11,1.71,7.99,27.17,59.02,39.34,2.01
中钢国际,sz000928,6.69,6.67,6.67,488400.0,6.68,10500,6.69,6900,0.3,6.73,6.67,488400,3270000.0,0.03,0.9,95.98,95.98,7.34,6.0,3.8
南极光,sz300940,25.75,25.82,25.82,21700.0,25.72,3800,25.78,300,-0.27,25.82,25.75,21700,560000.0,0.01,0.27,40.55,57.33,30.98,20.66,1.03
惠城环保,sz300779,98.96,96.71,98.58,178300.0,98.96,6400,99.19,100,2.33,99.28,97.97,178300,17590000.0,0.11,1.35,159.37,198.84,116.05,77.37,6.07
深圳能源,sz000027,6.72,6.74,6.74,180500.0,6.72,142000,6.73,2900,-0.3,6.74,6.72,180500,1220000.0,0.0,0.3,319.7,319.7,7.41,6.07,2.52
超频三,sz300647,6.98,6.99,6.98,79600.0,6.98,35200,6.99,3600,-0.14,6.99,6.95,79600,560000.0,0.02,0.57,31.87,31.92,8.39,5.59,1.82
ST任子行,sz300311,5.39,5.37,5.4,240600.0,5.39,14300,5.4,12700,0.37,5.4,5.38,240600,1300000.0,0.04,0.37,28.97,36.31,6.44,4.3,4.03
常青科技,sh603125,20.68,20.26,20.22,366300.0,20.68,7500,20.7,700,2.07,20.68,20.22,366300,7450000.0,0.36,2.27,20.93,83.72,22.29,18.23,8.64
宇信科技,sz300674,23.12,23.21,23.1,158500.0,23.1,3600,23.12,10600,-0.39,23.15,23.07,158500,3660000.0,0.02,0.34,162.54,162.78,27.85,18.57,2.49
西南证券,sh600369,4.59,4.57,4.58,404000.0,4.58,41600,4.59,398800,0.44,4.59,4.58,404000,1850000.0,0.01,0.22,305.01,305.01,5.03,4.11,2.75
森林包装,sh605500,9.19,9.21,9.21,51500.0,9.18,1500,9.19,171200,-0.22,9.21,9.18,51500,470000.0,0.01,0.33,38.08,38.08,10.13,8.29,1.74
中复神鹰,sh688295,30.67,30.82,30.67,1600200.0,30.61,600,30.67,4700,-0.49,30.72,30.61,1600200,490000.0,0.0,0.36,276.03,276.03,36.98,24.66,0.79
太阳能,sz000591,5.58,5.64,5.58,1705000.0,5.56,157800,5.58,361100,-1.06,5.59,5.56,1705000,9510000.0,0.04,0.53,218.93,218.98,6.2,5.08,2.6
江西铜业,sh600362,55.18,56.59,55.26,1554800.0,55.18,61200,55.25,71500,-2.49,55.29,55.0,1554800,85860000.0,0.07,0.51,1145.12,1910.73,62.25,50.93,8.96
海康威视,sz002415,32.32,32.49,32.4,460500.0,32.32,5200,32.34,2300,-0.52,32.4,32.31,460500,14910000.0,0.01,0.28,2923.81,2962.09,35.74,29.24,2.29
新 和 成,sz002001,30.01,30.25,30.16,244500.0,30.01,59900,30.02,6100,-0.79,30.22,30.01,244500,7370000.0,0.01,0.69,911.36,922.33,33.28,27.23,1.11
易点天下,sz301171,60.59,61.14,60.12,992000.0,60.59,13500,60.61,400,-0.9,61.11,60.12,992000,59810000.0,0.26,1.62,231.55,285.92,73.37,48.91,4.75
广州发展,sh600098,7.08,7.06,7.1,194600.0,7.08,3400,7.09,80500,0.28,7.11,7.06,194600,1380000.0,0.01,0.71,248.22,248.22,7.77,6.35,2.4
亚太科技,sz002540,7.32,7.36,7.32,231800.0,7.31,14000,7.32,900,-0.54,7.33,7.3,231800,1690000.0,0.03,0.41,63.81,91.58,8.1,6.62,3.56
理工导航,sh688282,75.24,74.87,75.18,1625000.0,75.24,1000,75.32,2600,0.49,75.46,74.78,1625000,1220000.0,0.02,0.91,66.21,66.21,89.84,59.9,2.6
柳药集团,sh603368,17.92,17.88,17.9,27500.0,17.9,100,17.91,4000,0.22,17.92,17.86,27500,490000.0,0.01,0.34,71.18,71.18,19.67,16.09,1.66
和元生物,sh688238,7.13,7.15,7.15,4560800.0,7.13,2700,7.14,18100,-0.28,7.15,7.13,4560800,330000.0,0.01,0.28,45.71,46.28,8.58,5.72,1.45
粤电力Ａ,sz000539,4.92,4.91,4.92,219800.0,4.91,82300,4.92,48400,0.2,4.93,4.91,219800,1080000.0,0.01,0.41,125.73,258.31,5.4,4.42,2.79
法拉电子,sh600563,112.17,112.7,112.3,53000.0,112.15,100,112.21,100,-0.47,112.4,112.0,53000,5950000.0,0.02,0.35,252.38,252.38,123.97,101.43,3.11
中工国际,sz002051,8.49,8.5,8.51,67600.0,8.49,6900,8.5,12700,-0.12,8.51,8.49,67600,570000.0,0.01,0.24,105.05,105.06,9.35,7.65,1.11
建设银行,sh601939,8.82,8.81,8.83,670800.0,8.81,218100,8.82,53800,0.11,8.84,8.81,670800,5920000.0,0.01,0.34,846.16,23073.15,9.69,7.93,1.83
呈和科技,sh688625,69.58,69.73,69.55,2577600.0,69.74,500,69.87,700,-0.22,69.64,69.55,2577600,1790000.0,0.01,0.13,131.03,131.03,83.68,55.78,1.61
博迈科,sh603727,16.5,16.66,16.45,245700.0,16.5,3200,16.54,200,-0.96,16.57,16.4,245700,4050000.0,0.09,1.02,46.48,46.48,18.33,14.99,13.65
和仁科技,sz300550,14.32,14.25,14.25,67400.0,14.33,200,14.34,6900,0.49,14.35,14.21,67400,960000.0,0.03,0.98,37.56,37.6,17.1,11.4,3.53
吉祥航空,sh603885,14.37,14.38,14.43,77800.0,14.35,300,14.37,600,-0.07,14.43,14.34,77800,1120000.0,0.0,0.63,313.84,313.84,15.82,12.94,1.28
双元科技,sh688623,107.76,107.76,107.8,78000.0,107.76,2900,107.98,600,0.0,107.8,107.76,78000,80000.0,0.0,0.04,20.63,63.73,129.31,86.21,0.26
山东威达,sz002026,15.91,15.93,15.89,154200.0,15.9,18600,15.91,9100,-0.13,15.97,15.81,154200,2450000.0,0.04,1.0,70.08,70.09,17.52,14.34,2.38
安徽建工,sh600502,4.73,4.73,4.74,66900.0,4.73,39400,4.74,46200,0.0,4.74,4.73,66900,320000.0,0.0,0.21,81.19,81.19,5.2,4.26,0.98
兴欣新材,sz001358,30.36,30.43,30.6,11400.0,30.36,800,30.38,400,-0.23,30.6,30.33,11400,350000.0,0.02,0.89,15.48,37.4,33.47,27.39,1.4
江阴银行,sz002807,4.66,4.63,4.64,684700.0,4.65,144700,4.66,170000,0.65,4.66,4.64,684700,3180000.0,0.03,0.43,114.54,114.7,5.09,4.17,4.05
艾为电子,sh688798,79.0,79.82,79.25,2223700.0,78.98,1200,79.0,500,-1.03,79.25,79.0,2223700,1760000.0,0.02,0.31,107.24,184.17,95.78,63.86,2.04
山高环能,sz000803,8.48,8.52,8.45,146500.0,8.47,5900,8.48,1700,-0.47,8.53,8.45,146500,1240000.0,0.03,0.94,38.99,39.54,9.37,7.67,3.42
苏州固锝,sz002079,11.38,11.51,11.41,906800.0,11.38,2300,11.4,81400,-1.13,11.5,11.37,906800,10350000.0,0.11,1.13,92.16,92.25,12.66,10.36,2.92
必易微,sh688045,48.36,49.06,48.82,1354100.0,48.35,500,48.36,300,-1.43,48.99,48.36,1354100,660000.0,0.02,1.28,33.77,33.77,58.87,39.25,1.77
华致酒行,sz300755,15.88,15.79,15.82,107200.0,15.84,46700,15.88,300,0.57,15.98,15.82,107200,1700000.0,0.03,1.01,66.13,66.19,18.95,12.63,2.49
丽岛新材,sh603937,12.95,13.0,12.94,40800.0,12.95,3600,12.96,1900,-0.38,12.96,12.9,40800,530000.0,0.02,0.46,27.05,27.05,14.3,11.7,2.97
渤海轮渡,sh603167,9.65,9.63,9.65,36300.0,9.65,7400,9.67,4300,0.21,9.66,9.64,36300,350000.0,0.01,0.21,45.27,45.27,10.59,8.67,1.53
中国能建,sh601868,2.41,2.41,2.41,5907700.0,2.4,52309400,2.41,1419600,0.0,2.41,2.4,5907700,14240000.0,0.02,0.41,781.53,1004.76,2.65,2.17,4.97
新疆天业,sh600075,6.48,6.55,6.46,289100.0,6.48,5100,6.5,13400,-1.07,6.5,6.46,289100,1870000.0,0.02,0.61,110.64,110.64,7.21,5.9,1.8
嘉亨家化,sz300955,36.6,36.61,36.62,13700.0,36.58,100,36.6,1600,-0.03,36.97,36.6,13700,500000.0,0.01,1.01,36.89,36.89,43.93,29.29,2.25
广联航空,sz300900,34.69,34.76,34.76,512100.0,34.69,6900,34.7,4500,-0.2,34.83,34.52,512100,17790000.0,0.22,0.89,79.13,103.76,41.71,27.81,3.25
鲁  泰Ａ,sz000726,7.46,7.46,7.47,79200.0,7.46,22200,7.47,900,0.0,7.48,7.46,79200,590000.0,0.01,0.27,43.95,60.97,8.21,6.71,2.08
*ST三圣,sz002742,4.23,4.24,4.23,81500.0,4.23,70700,4.26,27900,-0.24,4.24,4.23,81500,340000.0,0.02,0.24,22.16,28.94,4.45,4.03,3.56
亚太药业,sz002370,7.06,7.05,7.05,85400.0,7.06,200,7.07,5400,0.14,7.07,7.05,85400,600000.0,0.01,0.28,52.64,52.64,7.76,6.35,1.48
圆通速递,sh600233,18.03,18.09,18.09,26900.0,18.02,2600,18.04,500,-0.33,18.09,18.03,26900,490000.0,0.0,0.33,617.09,617.09,19.9,16.28,0.62
罗莱生活,sz002293,10.38,10.4,10.4,140000.0,10.37,4200,10.38,5200,-0.19,10.41,10.32,140000,1450000.0,0.02,0.87,85.8,86.55,11.44,9.36,4.23
浙矿股份,sz300837,42.53,42.97,43.0,83600.0,42.52,300,42.53,1300,-1.02,43.0,42.52,83600,3590000.0,0.11,1.12,32.15,42.53,51.56,34.38,5.07
亿联网络,sz300628,36.71,37.03,36.8,157600.0,36.71,1900,36.75,500,-0.86,36.87,36.7,157600,5800000.0,0.02,0.46,266.4,465.02,44.44,29.62,4.56
北方铜业,sz000737,16.25,16.68,16.2,4252200.0,16.2,10600,16.25,26900,-2.58,16.28,16.16,4252200,68910000.0,0.22,0.72,309.49,309.52,18.35,15.01,12.12
兴业证券,sh601377,6.92,6.92,6.9,404300.0,6.91,128100,6.92,36700,0.0,6.92,6.9,404300,2790000.0,0.0,0.29,597.61,597.61,7.61,6.23,1.16
南模生物,sh688265,46.09,46.04,46.09,20000.0,46.09,200,46.67,300,0.11,46.09,46.09,20000,10000.0,0.0,0.0,35.93,35.93,55.25,36.83,0.07
紫江企业,sh600210,7.65,7.66,7.64,213500.0,7.64,32800,7.65,1100,-0.13,7.66,7.64,213500,1630000.0,0.01,0.26,116.03,116.03,8.43,6.89,2.53
利源股份,sz002501,2.17,2.1,2.13,4565800.0,2.15,50300,2.17,365500,3.33,2.17,2.13,4565800,9790000.0,0.13,1.9,76.96,77.03,2.31,1.89,6.9
大洋生物,sz003017,32.51,32.53,32.58,16700.0,32.51,800,32.55,800,-0.06,32.59,32.3,16700,540000.0,0.02,0.89,22.53,27.31,35.78,29.28,1.99
招商公路,sz001965,9.67,9.66,9.67,67200.0,9.67,2100,9.68,5800,0.1,9.7,9.67,67200,650000.0,0.0,0.31,657.09,657.09,10.63,8.69,1.88
华谊集团,sh600623,9.37,9.37,9.3,346300.0,9.35,4800,9.37,9300,0.0,9.38,9.3,346300,3220000.0,0.02,0.85,175.39,198.91,10.31,8.43,4.84
博拓生物,sh688767,37.48,37.5,37.5,862000.0,37.31,800,37.48,1600,-0.05,37.55,37.48,862000,320000.0,0.01,0.19,55.97,55.97,45.0,30.0,1.53
雅运股份,sh603790,23.52,23.81,23.71,66300.0,23.52,1000,23.67,9300,-1.22,23.73,23.52,66300,1570000.0,0.03,0.88,45.01,45.01,26.19,21.43,2.79
金海通,sh603061,270.49,271.5,269.68,19700.0,270.49,100,270.54,100,-0.37,271.54,269.68,19700,5320000.0,0.05,0.69,113.14,162.29,298.65,244.35,1.78
航天信息,sh600271,9.94,9.94,9.93,196000.0,9.94,15800,9.96,500,0.0,9.96,9.93,196000,1950000.0,0.01,0.3,184.18,184.18,10.93,8.95,1.85
长江电力,sh600900,26.16,26.12,26.13,743100.0,26.16,48000,26.17,16700,0.15,26.18,26.13,743100,19430000.0,0.0,0.19,6400.89,6400.89,28.73,23.51,2.76
晶升股份,sh688478,38.93,39.13,38.9,2514300.0,38.93,200,38.98,3000,-0.51,38.99,38.81,2514300,980000.0,0.02,0.46,40.26,53.87,46.96,31.3,2.36
中远海发,sh601866,2.69,2.7,2.69,814900.0,2.68,1455000,2.69,567500,-0.37,2.7,2.68,814900,2190000.0,0.01,0.74,262.33,355.02,2.97,2.43,2.29
凯因科技,sh688687,21.78,21.78,21.7,7203300.0,21.82,200,21.88,500,0.0,21.78,21.7,7203300,1570000.0,0.04,0.37,37.23,37.23,26.14,17.42,6.45
腾亚精工,sz301125,22.22,22.38,22.44,109200.0,22.22,3600,22.29,2800,-0.71,22.47,22.22,109200,2450000.0,0.09,1.12,27.92,31.5,26.86,17.9,7.03
海泰新能,bj920985,8.65,8.73,8.7,96100.0,8.65,2900,8.68,4500,-0.92,8.7,8.64,96100,834400.0,0.04,0.69,18.97,26.77,11.34,6.12,1.89
鑫铂股份,sz003038,17.82,18.06,18.06,134300.0,17.82,4000,17.83,700,-1.33,18.06,17.82,134300,2420000.0,0.08,1.33,29.49,43.43,19.87,16.25,1.63
杭州银行,sh600926,16.4,16.38,16.38,152500.0,16.4,400,16.42,1400,0.12,16.42,16.35,152500,2500000.0,0.0,0.43,1188.84,1188.84,18.02,14.74,1.01
华亚智能,sz003043,52.3,52.5,52.5,8500.0,52.14,700,52.3,1600,-0.38,52.75,52.14,8500,450000.0,0.01,1.16,43.84,69.99,57.75,47.25,0.9
海天股份,sh603759,10.49,10.52,10.5,49000.0,10.49,100,10.5,6300,-0.29,10.5,10.48,49000,510000.0,0.01,0.19,48.44,48.44,11.57,9.47,1.13
金三江,sz301059,14.22,14.23,14.25,81700.0,14.21,3500,14.22,3300,-0.07,14.25,14.17,81700,1160000.0,0.04,0.56,29.4,32.87,17.08,11.38,1.43
东方盛虹,sz000301,12.77,12.99,12.85,529700.0,12.77,18500,12.79,5600,-1.69,12.89,12.77,529700,6800000.0,0.01,0.92,843.91,844.25,14.29,11.69,4.0
白云山,sh600332,25.28,25.26,25.25,162300.0,25.28,13300,25.3,1600,0.08,25.3,25.24,162300,4100000.0,0.01,0.24,355.41,411.0,27.79,22.73,3.34
天津普林,sz002134,23.0,23.07,22.95,38400.0,22.99,100,23.0,800,-0.3,23.01,22.85,38400,880000.0,0.02,0.69,56.67,56.7,25.38,20.76,1.71
中煤能源,sh601898,14.61,14.77,14.54,657200.0,14.59,300,14.6,600,-1.08,14.69,14.51,657200,9570000.0,0.01,1.22,1337.11,1937.09,16.25,13.29,2.95
九洲药业,sh603456,17.98,18.01,17.98,58000.0,17.98,600,17.99,1300,-0.17,18.0,17.96,58000,1040000.0,0.01,0.22,159.92,159.92,19.81,16.21,1.39
安克创新,sz300866,100.5,100.73,100.47,16100.0,100.48,100,100.5,100,-0.23,100.69,100.47,16100,1620000.0,0.01,0.22,308.97,538.84,120.88,80.58,1.57
中国海诚,sz002116,10.88,10.87,10.85,156900.0,10.87,29400,10.88,9900,0.09,10.88,10.83,156900,1700000.0,0.03,0.46,50.12,50.68,11.96,9.78,7.22
奥士康,sz002913,42.39,42.6,42.6,76600.0,42.39,1400,42.4,1300,-0.49,42.6,42.17,76600,3250000.0,0.03,1.01,127.88,134.53,46.86,38.34,4.36
龙泉股份,sz002671,5.75,5.72,5.76,286100.0,5.75,2400,5.76,74100,0.52,5.76,5.72,286100,1650000.0,0.05,0.7,31.68,32.39,6.29,5.15,5.45
彩蝶实业,sh603073,20.9,21.01,21.0,23500.0,20.9,4800,20.95,200,-0.52,21.12,20.8,23500,490000.0,0.05,1.52,10.64,24.24,23.11,18.91,2.58
汇得科技,sh603192,27.45,27.75,27.5,46600.0,27.4,100,27.42,1800,-1.08,27.5,27.36,46600,1280000.0,0.03,0.5,38.27,38.91,30.53,24.98,4.1
中达安,sz300635,13.95,13.99,14.0,32200.0,13.94,200,13.95,300,-0.29,14.05,13.94,32200,450000.0,0.03,0.79,16.8,19.53,16.79,11.19,1.98
东北制药,sz000597,5.19,5.2,5.18,122400.0,5.18,35600,5.19,34100,-0.19,5.2,5.18,122400,630000.0,0.01,0.38,73.14,74.07,5.72,4.68,2.75
肯特催化,sh603120,42.04,42.33,42.03,12600.0,42.04,200,42.08,500,-0.69,42.14,42.03,12600,530000.0,0.06,0.26,9.5,38.0,46.56,38.1,0.93
山河药辅,sz300452,15.76,15.71,15.73,132100.0,15.75,6200,15.76,2500,0.32,15.79,15.73,132100,2080000.0,0.07,0.38,31.3,36.95,18.85,12.57,2.32
屹通新材,sz300930,31.77,32.03,32.03,9000.0,31.76,500,31.77,200,-0.81,32.03,31.65,9000,290000.0,0.02,1.19,14.97,31.77,38.44,25.62,1.75
华策影视,sz300133,9.63,9.55,9.65,4624300.0,9.62,600,9.63,39000,0.84,9.72,9.61,4624300,44650000.0,0.29,1.15,155.26,181.84,11.46,7.64,4.3
富煌钢构,sz002743,5.68,5.68,5.68,77900.0,5.68,10200,5.69,2900,0.0,5.73,5.67,77900,440000.0,0.02,1.06,24.68,24.72,6.25,5.11,2.64
天山股份,sz000877,5.47,5.45,5.45,142700.0,5.46,600,5.47,54600,0.37,5.48,5.45,142700,780000.0,0.0,0.55,388.94,388.94,6.0,4.91,2.04
大华股份,sz002236,18.89,19.02,18.9,567900.0,18.87,9300,18.88,1800,-0.68,18.92,18.87,567900,10730000.0,0.03,0.26,399.71,620.87,20.92,17.12,3.86
兖矿能源,sh600188,17.2,17.51,17.23,796600.0,17.17,1100,17.2,3300,-1.77,17.24,17.15,796600,13720000.0,0.01,0.51,1018.91,1726.45,19.26,15.76,1.85
农心科技,sz001231,25.18,25.44,25.25,59400.0,25.17,1500,25.18,200,-1.02,25.3,25.17,59400,1500000.0,0.12,0.51,12.57,25.16,27.98,22.9,3.05
长江证券,sz000783,7.96,7.96,7.95,967500.0,7.95,600,7.96,11300,0.0,7.97,7.94,967500,7690000.0,0.02,0.38,440.19,440.19,8.76,7.16,5.27
众源新材,sh603527,10.86,10.91,10.84,27900.0,10.86,900,10.87,7600,-0.46,10.89,10.83,27900,300000.0,0.01,0.55,34.42,34.42,12.0,9.82,1.15
中国黄金,sh600916,10.9,11.05,10.85,2707500.0,10.89,2100,10.9,22900,-1.36,10.9,10.81,2707500,29420000.0,0.16,0.81,183.12,183.12,12.16,9.95,6.19
邮储银行,sh601658,5.12,5.11,5.12,1992000.0,5.12,692100,5.13,1404400,0.2,5.13,5.11,1992000,10200000.0,0.0,0.39,3436.67,6148.87,5.62,4.6,4.17
中国通号,sh688009,5.56,5.55,5.55,14653400.0,5.55,48700,5.56,25700,0.18,5.56,5.55,14653400,810000.0,0.0,0.18,479.33,588.79,6.66,4.44,1.27
井松智能,sh688251,27.62,27.62,27.55,563700.0,27.62,2000,27.68,300,0.0,27.62,27.55,563700,160000.0,0.01,0.25,16.56,27.79,33.14,22.1,0.48
天原股份,sz002386,5.96,5.95,5.94,159200.0,5.95,17200,5.96,38900,0.17,5.98,5.93,159200,950000.0,0.01,0.84,77.56,77.58,6.55,5.36,1.56
省广集团,sz002400,11.47,11.59,11.46,5259400.0,11.47,1100,11.48,1900,-1.04,11.5,11.38,5259400,60250000.0,0.3,1.04,197.99,199.96,12.75,10.43,4.91
双象股份,sz002395,19.37,19.31,19.38,80300.0,19.36,3500,19.37,2200,0.31,19.45,19.37,80300,1560000.0,0.03,0.41,51.95,51.95,21.24,17.38,5.01
神力股份,sh603819,12.67,12.65,12.65,24100.0,12.67,1500,12.68,2200,0.16,12.68,12.64,24100,310000.0,0.01,0.32,27.59,27.59,13.92,11.39,1.86
悦达投资,sh600805,5.63,5.64,5.64,64200.0,5.63,28300,5.64,3000,-0.18,5.64,5.63,64200,360000.0,0.01,0.18,47.87,47.91,6.2,5.08,1.41
昊帆生物,sz301393,52.65,53.0,53.0,5100.0,52.65,900,52.7,600,-0.66,53.05,52.65,5100,270000.0,0.01,0.75,22.17,56.86,63.6,42.4,1.42
澜起科技,sh688008,165.38,168.11,166.8,57265000.0,165.38,400,166.5,2900,-1.62,166.8,165.01,57265000,95300000.0,0.05,1.06,1895.96,2021.27,201.73,134.49,3.79
正业科技,sz300410,8.9,8.89,8.89,83100.0,8.89,17800,8.9,3200,0.11,8.91,8.89,83100,740000.0,0.02,0.22,32.67,32.67,10.67,7.11,1.55
金力永磁,sz300748,37.93,38.43,37.74,912600.0,37.93,29600,37.97,800,-1.3,37.98,37.63,912600,34460000.0,0.08,0.91,428.86,521.76,46.12,30.74,5.03
森源电气,sz002358,8.1,8.28,8.28,8741400.0,8.1,92200,8.11,51600,-2.17,8.36,8.1,8741400,72140000.0,0.94,3.14,75.31,75.31,9.11,7.45,17.33
力芯微,sh688601,50.68,51.02,50.85,2847500.0,50.55,2000,50.57,700,-0.67,50.98,50.68,2847500,1450000.0,0.02,0.59,67.76,67.76,61.22,40.82,1.4
美诺华,sh603538,21.28,21.16,21.22,22600.0,21.28,2300,21.3,1700,0.57,21.3,21.22,22600,480000.0,0.01,0.38,46.01,46.91,23.28,19.04,1.4
江南水务,sh601199,5.88,5.89,5.88,61100.0,5.88,40400,5.89,26400,-0.17,5.88,5.87,61100,360000.0,0.01,0.17,54.99,54.99,6.48,5.3,2.58
华生科技,sh605180,16.28,16.28,16.19,42400.0,16.28,6800,16.38,1300,0.0,16.28,16.19,42400,690000.0,0.03,0.55,27.51,27.51,17.91,14.65,2.26
方大炭素,sh600516,5.72,5.7,5.72,416600.0,5.71,13100,5.72,125600,0.35,5.73,5.71,416600,2380000.0,0.01,0.35,230.29,230.29,6.27,5.13,2.36
金山办公,sh688111,309.29,313.0,309.99,5533800.0,309.2,500,309.29,1300,-1.19,310.0,309.23,5533800,17150000.0,0.01,0.25,1433.16,1433.16,375.6,250.4,2.07
康众医疗,sh688607,50.85,51.11,51.06,622300.0,50.22,2600,50.85,700,-0.51,51.06,50.85,622300,320000.0,0.01,0.41,44.81,44.81,61.33,40.89,0.49
晋控电力,sz000767,3.52,3.62,3.47,18119900.0,3.52,73500,3.53,299800,-2.76,3.52,3.45,18119900,63070000.0,0.62,1.93,102.51,108.31,3.98,3.26,15.99
迪森股份,sz300335,6.22,6.25,6.23,92800.0,6.22,21700,6.23,14700,-0.48,6.23,6.21,92800,580000.0,0.02,0.32,23.89,29.67,7.5,5.0,1.54
海 利 得,sz002206,7.1,7.14,7.13,234000.0,7.1,100,7.11,38900,-0.56,7.13,7.1,234000,1660000.0,0.03,0.42,60.56,82.52,7.85,6.43,2.43
平安银行,sz000001,10.97,10.96,10.96,927800.0,10.96,73500,10.97,6500,0.09,10.98,10.96,927800,10170000.0,0.0,0.18,2128.79,2128.83,12.06,9.86,3.64
新中港,sh605162,9.27,9.27,9.27,2400.0,9.22,4200,9.27,22000,0.0,9.27,9.21,2400,20000.0,0.0,0.65,37.13,37.13,10.2,8.34,0.17
安路科技,sh688107,30.41,30.76,30.65,4937500.0,30.43,1000,30.44,2400,-1.14,30.65,30.38,4937500,1510000.0,0.01,0.88,121.9,121.9,36.91,24.61,1.84
金浦钛业,sz000545,2.88,2.91,2.91,702200.0,2.87,70600,2.89,316400,-1.03,2.93,2.87,702200,2030000.0,0.07,2.06,28.38,28.42,3.2,2.62,3.45
天和防务,sz300397,14.34,14.39,14.35,168500.0,14.28,6500,14.34,4600,-0.35,14.35,14.28,168500,2410000.0,0.04,0.49,58.15,74.23,17.27,11.51,2.72
广康生化,sz300804,45.54,45.87,45.3,118200.0,45.54,4800,45.85,700,-0.72,46.28,45.29,118200,5390000.0,0.43,2.16,12.52,33.7,55.04,36.7,3.52
新经典,sh603096,19.24,19.13,19.24,37400.0,19.16,1000,19.24,20700,0.58,19.31,19.18,37400,720000.0,0.02,0.68,29.67,29.67,21.04,17.22,2.23
翔腾新材,sz001373,44.03,44.1,44.45,11600.0,43.88,700,43.95,200,-0.16,44.45,44.03,11600,510000.0,0.04,0.95,14.59,30.24,48.51,39.69,2.7
必贝特-U,sh688759,43.22,43.1,42.82,627400.0,43.02,900,43.22,200,0.28,43.22,42.82,627400,270000.0,0.01,0.93,20.08,194.51,51.72,34.48,0.4
智迪科技,sz301503,39.97,39.87,39.97,24700.0,39.71,300,39.98,200,0.25,40.1,39.97,24700,990000.0,0.08,0.33,12.98,31.98,47.84,31.9,7.4
顺丰控股,sz002352,38.06,38.18,38.13,219900.0,38.05,6900,38.06,3000,-0.31,38.13,38.05,219900,8380000.0,0.0,0.21,1816.23,1918.01,42.0,34.36,2.38
日上集团,sz002593,5.97,5.98,5.97,161600.0,5.96,39900,5.97,17200,-0.17,5.98,5.96,161600,960000.0,0.03,0.33,33.36,47.99,6.58,5.38,1.87
深高速,sh600548,9.07,9.09,9.08,49000.0,9.07,3400,9.08,3100,-0.22,9.08,9.07,49000,440000.0,0.0,0.11,155.5,230.18,10.0,8.18,2.25
普莱得,sz301353,29.34,29.36,29.5,12200.0,29.34,100,29.35,100,-0.07,29.5,29.28,12200,360000.0,0.04,0.75,9.35,28.81,35.23,23.49,1.74
贵阳银行,sh601997,5.86,5.84,5.86,563000.0,5.86,87100,5.87,226500,0.34,5.87,5.86,563000,3300000.0,0.02,0.17,214.25,214.25,6.42,5.26,4.28
三元生物,sz301206,27.21,27.18,27.37,2900.0,27.2,200,27.26,800,0.11,27.37,27.2,2900,80000.0,0.0,0.63,35.45,55.05,32.62,21.74,0.53
昱能科技,sh688348,54.03,54.44,53.99,1432300.0,54.02,1500,54.03,100,-0.75,54.03,53.99,1432300,770000.0,0.01,0.07,84.44,84.44,65.33,43.55,1.1
创业环保,sh600874,6.15,6.16,6.14,105800.0,6.15,184200,6.16,12900,-0.16,6.16,6.14,105800,650000.0,0.01,0.32,75.67,96.58,6.78,5.54,2.07
中国中冶,sh601618,3.04,3.04,3.04,1346300.0,3.03,7925300,3.04,1830400,0.0,3.04,3.03,1346300,4090000.0,0.01,0.33,542.72,630.0,3.34,2.74,2.47
台华新材,sh603055,9.27,9.26,9.28,18200.0,9.26,29600,9.27,5700,0.11,9.28,9.26,18200,170000.0,0.0,0.22,82.23,82.53,10.19,8.33,0.96
诺瓦星云,sz301589,181.64,182.0,181.71,19500.0,181.85,100,182.45,200,-0.2,182.46,180.49,19500,3530000.0,0.06,1.08,62.6,167.92,218.4,145.6,10.1
塔牌集团,sz002233,9.93,9.94,9.94,94200.0,9.93,10500,9.94,3200,-0.1,9.98,9.93,94200,940000.0,0.01,0.5,118.31,118.39,10.93,8.95,2.72
中荣股份,sz301223,20.29,20.27,20.26,15800.0,20.28,300,20.29,1300,0.1,20.29,20.22,15800,320000.0,0.01,0.35,22.73,39.19,24.32,16.22,2.07
周大生,sz002867,12.51,12.55,12.51,204900.0,12.51,51400,12.52,26000,-0.32,12.53,12.51,204900,2560000.0,0.02,0.16,135.0,135.79,13.81,11.3,5.13
永艺股份,sh603600,11.82,11.82,11.8,47900.0,11.82,3100,11.84,11200,0.0,11.84,11.8,47900,570000.0,0.02,0.34,35.46,39.06,13.0,10.64,2.84
沃华医药,sz002107,7.18,7.14,7.24,102200.0,7.18,3500,7.19,9100,0.56,7.24,7.15,102200,740000.0,0.02,1.26,41.03,41.44,7.85,6.43,2.55
天禄科技,sz301045,39.58,39.39,39.35,27000.0,39.51,300,39.58,200,0.48,39.59,39.35,27000,1060000.0,0.04,0.61,25.31,43.66,47.27,31.51,2.09
东方通信,sh600776,18.37,18.42,18.3,189400.0,18.34,100,18.37,3200,-0.27,18.37,18.3,189400,3470000.0,0.02,0.38,175.62,230.73,20.26,16.58,1.48
索宝蛋白,sh603231,18.76,18.7,18.78,96000.0,18.75,700,18.76,7900,0.32,18.82,18.75,96000,1800000.0,0.09,0.37,19.94,35.92,20.57,16.83,5.89
绿茵生态,sz002887,11.14,11.24,11.15,99100.0,11.14,5700,11.15,2100,-0.89,11.15,11.03,99100,1100000.0,0.05,1.07,21.68,34.09,12.36,10.12,1.71
中科磁业,sz301141,62.21,63.0,61.73,154300.0,62.21,400,62.4,300,-1.25,62.41,61.7,154300,9540000.0,0.35,1.13,27.69,77.16,75.6,50.4,6.79
海螺新材,sz000619,6.51,6.49,6.5,74900.0,6.5,25800,6.51,15900,0.31,6.53,6.49,74900,490000.0,0.02,0.62,23.44,28.72,7.14,5.84,2.36
巨化股份,sh600160,39.66,39.81,39.8,120100.0,39.62,1800,39.66,4600,-0.38,39.8,39.61,120100,4770000.0,0.0,0.48,1070.72,1070.72,43.79,35.83,1.27
山东高速,sh600350,10.05,10.03,10.05,8100.0,10.03,500,10.05,9300,0.2,10.05,10.05,8100,80000.0,0.0,0.0,485.87,485.87,11.03,9.03,0.47
森泰股份,sz301429,21.26,21.3,21.43,8500.0,21.17,1800,21.26,2100,-0.19,21.43,21.16,8500,180000.0,0.02,1.27,9.36,25.13,25.56,17.04,1.31
倍加洁,sh603059,40.28,40.19,39.91,28900.0,40.28,1400,40.57,900,0.22,40.57,39.91,28900,1160000.0,0.03,1.64,40.46,40.46,44.21,36.17,2.27
永吉股份,sh603058,13.2,13.05,13.3,207600.0,13.1,5300,13.2,500,1.15,13.3,13.08,207600,2750000.0,0.05,1.69,54.6,54.74,14.36,11.75,2.03
盾安环境,sz002011,12.79,12.91,12.84,145400.0,12.79,1000,12.8,5300,-0.93,12.85,12.79,145400,1860000.0,0.01,0.46,135.52,137.45,14.2,11.62,2.81
英 力 特,sz000635,9.68,9.71,9.72,83500.0,9.67,300,9.68,18700,-0.31,9.74,9.68,83500,810000.0,0.03,0.62,29.34,38.15,10.68,8.74,2.84
中信重工,sh601608,7.38,7.4,7.36,308700.0,7.38,27200,7.39,85600,-0.27,7.39,7.36,308700,2270000.0,0.01,0.41,337.97,337.97,8.14,6.66,1.39
金辰股份,sh603396,42.73,42.95,42.95,89100.0,42.7,1200,42.73,300,-0.51,42.98,42.73,89100,3830000.0,0.06,0.58,59.19,59.19,47.25,38.66,1.3
妙可蓝多,sh600882,22.56,22.48,22.85,195000.0,22.55,300,22.56,39100,0.36,22.86,22.56,195000,4450000.0,0.04,1.33,115.07,115.07,24.73,20.23,10.33
北部湾港,sz000582,10.33,10.34,10.38,1052100.0,10.33,44900,10.34,27900,-0.1,10.44,10.33,1052100,10920000.0,0.05,1.06,211.84,249.05,11.37,9.31,3.8
洪城环境,sh600461,9.59,9.59,9.59,136900.0,9.59,33800,9.6,1200,0.0,9.62,9.59,136900,1310000.0,0.01,0.31,123.15,123.15,10.55,8.63,4.7
招商银行,sh600036,38.92,38.99,38.95,531300.0,38.91,2900,38.92,100,-0.18,38.95,38.9,531300,20690000.0,0.0,0.13,8028.79,9815.56,42.89,35.09,1.95
隧道股份,sh600820,6.58,6.57,6.58,97700.0,6.57,45500,6.58,2900,0.15,6.58,6.57,97700,640000.0,0.0,0.15,206.88,206.88,7.23,5.91,1.17
亿利达,sz002686,6.97,6.99,6.99,184200.0,6.97,200,6.98,20100,-0.29,7.02,6.97,184200,1290000.0,0.04,0.72,36.43,39.47,7.69,6.29,4.52
凯龙高科,sz300912,33.9,33.16,33.87,1120200.0,33.82,1000,33.9,3700,2.23,34.0,33.72,1120200,37960000.0,1.3,0.84,29.13,38.94,39.79,26.53,13.83
鑫磊股份,sz301317,48.59,48.62,47.76,649000.0,48.59,2400,48.77,1400,-0.06,50.56,47.76,649000,31200000.0,1.24,5.76,25.36,76.38,58.34,38.9,27.36
张小泉,sz301055,21.67,21.56,21.67,58800.0,21.58,1100,21.67,4500,0.51,21.76,21.63,58800,1280000.0,0.04,0.6,33.81,33.81,25.87,17.25,5.38
中来股份,sz300393,9.39,9.58,9.43,1734400.0,9.38,6200,9.39,60300,-1.98,9.48,9.35,1734400,16320000.0,0.18,1.36,89.76,102.32,11.5,7.66,2.57
浩欧博,sh688656,142.9,143.92,143.91,160000.0,141.92,1600,142.9,600,-0.71,143.91,141.9,160000,230000.0,0.0,1.4,90.71,90.71,172.7,115.14,0.76
晶合集成,sh688249,36.0,36.45,36.11,46381700.0,36.0,27200,36.02,10600,-1.23,36.4,36.0,46381700,16750000.0,0.04,1.1,427.76,722.73,43.74,29.16,2.68
皖新传媒,sh601801,6.91,6.93,6.91,191600.0,6.9,5400,6.91,31800,-0.29,6.92,6.89,191600,1320000.0,0.01,0.43,135.29,135.29,7.62,6.24,2.21
春秋航空,sh601021,57.56,57.4,57.41,23100.0,57.52,2400,57.57,3500,0.28,57.56,57.41,23100,1330000.0,0.0,0.26,563.13,563.13,63.14,51.66,1.59
悦康药业,sh688658,21.14,21.2,21.2,3224400.0,21.14,6300,21.19,4200,-0.28,21.2,21.11,3224400,680000.0,0.01,0.42,95.13,95.13,25.44,16.96,0.99
杰瑞股份,sz002353,99.67,103.98,99.0,847600.0,100.1,100,100.27,5000,-4.15,100.98,99.0,847600,84290000.0,0.12,1.9,690.96,1020.48,114.38,93.58,10.91
昆仑万维,sz300418,61.46,63.01,61.0,3619000.0,61.45,10400,61.46,9500,-2.46,61.66,61.0,3619000,221440000.0,0.29,1.05,771.01,771.54,75.61,50.41,6.5
集友股份,sh603429,11.4,11.42,11.44,186000.0,11.38,9100,11.4,2600,-0.18,11.44,11.38,186000,2130000.0,0.04,0.53,59.79,59.79,12.56,10.28,3.58
中油工程,sh600339,3.91,4.01,3.93,1947500.0,3.9,412600,3.91,144300,-2.49,3.93,3.9,1947500,7640000.0,0.03,0.75,218.3,218.3,4.41,3.61,5.08
光迅科技,sz002281,71.78,72.42,71.5,559800.0,71.68,10800,71.78,5900,-0.88,71.85,71.2,559800,40020000.0,0.07,0.9,559.51,579.03,79.66,65.18,4.29
恒锋工具,sz300488,33.41,33.62,33.62,13800.0,33.39,100,33.4,300,-0.62,33.63,33.41,13800,460000.0,0.01,0.65,48.17,57.85,40.34,26.9,2.61
双汇发展,sz000895,26.54,26.52,26.52,72500.0,26.54,2600,26.58,500,0.08,26.6,26.5,72500,1920000.0,0.0,0.38,919.4,919.52,29.17,23.87,2.24
瑞德智能,sz301135,31.05,30.95,30.88,19500.0,30.88,5300,30.97,1200,0.32,31.05,30.81,19500,600000.0,0.03,0.78,23.74,31.66,37.14,24.76,3.09
宇邦新材,sz301266,49.4,49.74,49.51,32800.0,49.4,400,49.41,400,-0.68,49.57,49.01,32800,1620000.0,0.03,1.13,51.54,54.33,59.69,39.79,1.18
汉森制药,sz002412,7.57,7.56,7.56,740500.0,7.57,21300,7.58,14100,0.13,7.6,7.55,740500,5600000.0,0.15,0.66,37.69,38.09,8.32,6.8,2.13
舜禹股份,sz301519,14.92,14.83,14.87,49900.0,14.9,100,14.92,1600,0.61,14.92,14.85,49900,740000.0,0.07,0.47,11.26,24.12,17.8,11.86,6.05
上大股份,sz301522,39.26,39.27,39.3,191600.0,39.3,300,39.36,4500,-0.03,39.49,39.18,191600,7530000.0,0.07,0.79,110.48,145.99,47.12,31.42,5.64
东鹏控股,sz003012,7.37,7.38,7.38,82000.0,7.36,1400,7.37,6800,-0.14,7.38,7.34,82000,600000.0,0.01,0.54,84.35,85.27,8.12,6.64,2.38
盈峰环境,sz000967,7.45,7.53,7.52,751100.0,7.43,32500,7.45,200,-1.06,7.52,7.43,751100,5610000.0,0.02,1.2,235.82,235.94,8.28,6.78,7.88
康弘药业,sz002773,29.15,29.07,29.06,25200.0,29.11,1300,29.15,3300,0.28,29.16,29.06,25200,730000.0,0.0,0.34,200.21,268.57,31.98,26.16,1.41
城发环境,sz000885,13.54,13.58,13.58,143400.0,13.53,10200,13.54,4000,-0.29,13.62,13.54,143400,1950000.0,0.02,0.59,86.94,86.94,14.94,12.22,6.8
九号公司-WD,sh689009,53.1,52.91,53.3,2057200.0,53.0,200,53.1,100,0.36,53.33,53.1,2057200,1100000.0,0.0,0.43,295.05,383.09,63.49,42.33,0.69
国泰海通,sh601211,19.91,19.91,19.91,561100.0,19.91,22400,19.92,7200,0.0,19.92,19.89,561100,11170000.0,0.0,0.15,2687.23,3509.92,21.9,17.92,2.25
同济科技,sh600846,12.91,12.91,12.9,13600.0,12.89,1500,12.91,1500,0.0,12.93,12.86,13600,180000.0,0.0,0.54,80.66,80.66,14.2,11.62,0.64
金博股份,sh688598,28.4,28.69,28.45,2779100.0,28.33,400,28.4,8700,-1.01,28.45,28.4,2779100,790000.0,0.01,0.17,57.82,58.95,34.43,22.95,1.04
熙菱信息,sz300588,25.63,25.55,26.0,138300.0,25.58,200,25.63,7700,0.31,26.0,25.63,138300,3580000.0,0.08,1.45,45.32,49.07,30.66,20.44,6.36
共创草坪,sh605099,41.02,40.94,40.94,11500.0,41.02,100,41.06,100,0.2,41.13,40.94,11500,470000.0,0.0,0.46,164.67,165.12,45.03,36.85,1.65
无锡振华,sh605319,25.24,25.25,25.25,34300.0,25.2,7000,25.24,2600,-0.04,25.25,25.12,34300,860000.0,0.01,0.51,76.0,88.36,27.78,22.73,1.12
联科科技,sz001207,26.55,26.61,26.52,14800.0,26.55,100,26.6,1400,-0.23,26.75,26.52,14800,390000.0,0.01,0.86,52.37,57.49,29.27,23.95,1.09
*ST国华,sz000004,7.56,7.96,7.56,121500.0,0.0,0,7.56,11259400,-5.03,7.56,7.56,121500,920000.0,0.1,0.0,9.55,10.01,8.36,7.56,57.2
海欣股份,sh600851,8.41,8.49,8.36,389700.0,8.39,53600,8.41,1400,-0.94,8.45,8.36,389700,3260000.0,0.05,1.06,62.08,101.51,9.34,7.64,6.17
*ST沪科,sh600608,3.5,3.5,3.5,43300.0,3.5,2100,3.54,12000,0.0,3.5,3.5,43300,150000.0,0.01,0.0,11.14,11.51,3.68,3.33,4.58
嘉欣丝绸,sz002404,7.3,7.3,7.3,226200.0,7.29,3900,7.3,19300,0.0,7.32,7.3,226200,1650000.0,0.05,0.27,33.27,40.88,8.03,6.57,3.93
华海清科,sh688120,182.0,183.09,183.0,1219300.0,181.92,200,182.0,100,-0.6,183.0,181.9,1219300,2230000.0,0.0,0.6,643.65,643.65,219.71,146.47,0.94
常熟银行,sh601128,7.22,7.21,7.22,344200.0,7.21,8300,7.22,15900,0.14,7.23,7.21,344200,2480000.0,0.01,0.28,239.45,239.45,7.93,6.49,2.13
陕建股份,sh600248,3.56,3.57,3.57,74700.0,3.56,177800,3.57,63300,-0.28,3.57,3.56,74700,270000.0,0.0,0.28,131.92,133.13,3.93,3.21,1.24
淮河能源,sh600575,3.53,3.55,3.53,338300.0,3.52,293300,3.53,3200,-0.56,3.54,3.53,338300,1190000.0,0.01,0.28,137.19,252.99,3.91,3.2,1.52
豆神教育,sz300010,7.61,7.67,7.58,2305000.0,7.6,13800,7.61,32800,-0.78,7.66,7.58,2305000,17500000.0,0.14,1.04,126.58,157.27,9.2,6.14,4.82
永东股份,sz002753,7.64,7.65,7.67,49400.0,7.64,16100,7.65,4600,-0.13,7.68,7.64,49400,380000.0,0.02,0.52,18.55,32.75,8.42,6.89,1.68
东莞控股,sz000828,10.91,10.88,10.91,61500.0,10.91,7100,10.92,4800,0.28,10.94,10.89,61500,670000.0,0.01,0.46,113.41,113.41,11.97,9.79,2.76
翰宇药业,sz300199,18.6,18.34,18.5,473100.0,18.62,10100,18.63,3700,1.42,18.62,18.5,473100,8770000.0,0.06,0.65,138.7,164.28,22.01,14.67,6.25
赛微微电,sh688325,98.88,98.92,98.88,145600.0,98.01,1200,98.1,600,-0.04,98.88,98.01,145600,140000.0,0.0,0.88,79.1,85.17,118.7,79.14,0.4
山子高科,sz000981,4.61,4.6,4.6,4784300.0,4.59,108500,4.61,67800,0.22,4.62,4.58,4784300,22010000.0,0.05,0.87,438.57,460.88,5.06,4.14,2.76
恒辉安防,sz300952,46.94,47.28,47.0,115100.0,46.83,300,46.94,1500,-0.72,47.28,46.71,115100,5410000.0,0.11,1.21,49.19,81.01,56.74,37.82,4.71
黔源电力,sz002039,17.28,17.32,17.3,102800.0,17.28,9000,17.29,5700,-0.23,17.32,17.28,102800,1780000.0,0.02,0.23,73.88,73.88,19.05,15.59,6.74
杭华股份,sh688571,7.9,7.93,7.91,2142200.0,7.89,12300,7.9,1600,-0.38,7.91,7.89,2142200,170000.0,0.01,0.25,33.51,33.51,9.52,6.34,1.36
格力电器,sz000651,38.39,38.43,38.43,356500.0,38.38,57100,38.39,2300,-0.1,38.44,38.38,356500,13700000.0,0.01,0.16,2117.27,2150.38,42.27,34.59,3.5
安乃达,sh603350,38.16,38.31,38.16,3300.0,38.1,300,38.16,2000,-0.39,38.16,38.1,3300,130000.0,0.01,0.16,16.79,44.45,42.14,34.48,1.15
北元集团,sh601568,4.31,4.34,4.3,508800.0,4.3,98100,4.31,300,-0.69,4.32,4.3,508800,2190000.0,0.01,0.46,171.2,171.2,4.77,3.91,2.75
ST东时,sh603377,3.76,3.74,3.76,216300.0,3.76,32700,3.77,13300,0.53,3.77,3.74,216300,810000.0,0.03,0.8,26.88,26.88,3.93,3.55,7.45
富淼科技,sh688350,31.22,31.22,31.36,746900.0,31.22,3700,31.25,3500,0.0,31.38,31.22,746900,230000.0,0.01,0.51,44.78,44.78,37.46,24.98,0.3
淮北矿业,sh600985,12.76,12.87,12.78,189200.0,12.73,4300,12.75,400,-0.85,12.86,12.74,189200,2420000.0,0.01,0.93,343.66,343.66,14.16,11.58,2.01
ST华铭,sz300462,12.38,12.38,12.31,32900.0,12.33,3600,12.38,8300,0.0,12.38,12.28,32900,400000.0,0.02,0.81,17.09,22.44,14.86,9.9,2.66
上海临港,sh600848,11.54,11.49,11.53,107000.0,11.52,1400,11.54,8300,0.44,11.56,11.51,107000,1230000.0,0.0,0.44,276.26,291.1,12.64,10.34,3.27
万里股份,sh600847,14.04,14.06,13.99,21900.0,14.04,3900,14.05,400,-0.14,14.07,13.99,21900,310000.0,0.01,0.57,21.52,21.52,15.47,12.65,2.51
迈克生物,sz300463,11.84,11.82,11.79,108700.0,11.81,4100,11.84,1500,0.17,11.85,11.78,108700,1280000.0,0.02,0.59,58.23,71.59,14.18,9.46,2.83
正海磁材,sz300224,17.7,17.9,17.6,556900.0,17.69,9400,17.7,14500,-1.12,17.7,17.6,556900,9810000.0,0.06,0.56,163.8,164.73,21.48,14.32,4.4
力合科技,sz300800,12.9,12.91,12.97,33400.0,12.9,6100,12.91,700,-0.08,12.97,12.9,33400,430000.0,0.01,0.54,30.24,30.54,15.49,10.33,2.45
中国广核,sz003816,3.87,3.88,3.87,2676800.0,3.87,896000,3.88,1059800,-0.26,3.88,3.87,2676800,10360000.0,0.01,0.26,1522.27,1954.3,4.27,3.49,6.61
东方财富,sz300059,22.73,22.66,22.7,2333000.0,22.72,20400,22.73,74700,0.31,22.74,22.7,2333000,52990000.0,0.02,0.18,3040.45,3592.26,27.19,18.13,3.25
*ST天微,sh688511,29.0,28.88,28.85,1131900.0,28.85,2900,29.0,2400,0.42,29.0,28.85,1131900,330000.0,0.01,0.52,29.82,29.82,34.66,23.1,2.74
田中精机,sz300461,52.74,52.7,54.0,229500.0,52.0,2700,52.5,100,0.08,54.0,52.0,229500,12290000.0,0.16,3.8,75.79,82.83,63.24,42.16,3.53
真爱美家,sz003041,62.05,63.94,63.03,124300.0,62.03,800,62.29,2500,-2.96,63.88,62.05,124300,7820000.0,0.09,2.86,84.9,89.35,70.33,57.55,3.18
中国铁建,sh601186,7.23,7.24,7.23,661500.0,7.23,257900,7.24,1112800,-0.14,7.24,7.23,661500,4780000.0,0.01,0.14,831.68,981.8,7.96,6.52,3.54
霍普股份,sz301024,39.08,39.3,39.5,7200.0,39.08,900,39.24,300,-0.56,39.5,39.08,7200,280000.0,0.01,1.07,24.06,24.85,47.16,31.44,1.94
鹏鼎控股,sz002938,55.9,56.7,56.01,515000.0,55.78,4000,55.9,1600,-1.41,56.09,55.78,515000,28830000.0,0.02,0.55,1290.95,1295.79,62.37,51.03,4.2
贝达药业,sz300558,47.11,47.08,47.1,34000.0,47.11,700,47.17,300,0.06,47.26,47.08,34000,1600000.0,0.01,0.38,197.58,198.21,56.5,37.66,1.79
纬达光电,bj920001,18.02,18.0,18.01,2400.0,18.02,2300,18.1,2400,0.11,18.17,18.01,2400,43800.0,0.0,0.89,15.98,27.69,23.4,12.6,0.66
弘亚数控,sz002833,18.51,18.58,18.5,86700.0,18.5,17900,18.51,2200,-0.38,18.65,18.5,86700,1600000.0,0.03,0.81,53.41,78.53,20.44,16.72,5.39
风华高科,sz000636,22.12,22.53,22.3,1363500.0,22.11,28700,22.12,20600,-1.82,22.35,22.1,1363500,30340000.0,0.12,1.11,255.93,255.93,24.78,20.28,4.23
万东医疗,sh600055,15.89,15.91,15.9,29000.0,15.87,200,15.89,10000,-0.13,15.9,15.8,29000,460000.0,0.0,0.63,111.72,111.72,17.5,14.32,1.93
旺能环境,sz002034,17.15,17.17,17.15,26700.0,17.12,11100,17.15,2700,-0.12,17.16,17.12,26700,460000.0,0.01,0.23,74.06,74.43,18.89,15.45,2.12
康拓医疗,sh688314,39.0,39.11,39.0,553200.0,39.0,3400,39.37,200,-0.28,39.39,38.9,553200,220000.0,0.01,1.25,31.68,31.68,46.93,31.29,0.99
*ST海钦,sh600753,8.56,8.6,8.56,45100.0,8.56,400,8.58,1500,-0.47,8.56,8.54,45100,390000.0,0.02,0.23,19.71,19.71,9.03,8.17,2.88
中铁工业,sh600528,8.21,8.22,8.24,211300.0,8.2,83800,8.21,5200,-0.12,8.24,8.2,211300,1740000.0,0.01,0.49,182.39,182.39,9.04,7.4,5.31
浙江交科,sz002061,4.04,4.06,4.05,409500.0,4.05,6700,4.06,201600,-0.49,4.06,4.04,409500,1660000.0,0.02,0.49,105.01,108.04,4.47,3.65,4.71
海创药业-U,sh688302,45.41,45.41,45.2,550000.0,45.05,200,45.41,200,0.0,45.41,45.2,550000,250000.0,0.01,0.46,44.96,44.96,54.49,36.33,1.64
京东方Ａ,sz000725,4.22,4.23,4.21,15949800.0,4.21,3118800,4.22,1189600,-0.24,4.23,4.21,15949800,67190000.0,0.04,0.47,1533.62,1563.27,4.65,3.81,8.09
中金辐照,sz300962,17.46,17.53,17.5,37800.0,17.44,1000,17.45,400,-0.4,17.56,17.41,37800,660000.0,0.01,0.86,46.09,46.09,21.04,14.02,2.57
民爆光电,sz301362,81.65,83.44,82.78,241600.0,81.33,1700,81.65,500,-2.15,83.01,81.0,241600,19920000.0,0.81,2.41,24.23,85.46,100.13,66.75,5.87
恒兴新材,sh603276,18.25,18.28,18.2,10500.0,18.24,600,18.25,1200,-0.16,18.27,18.2,10500,190000.0,0.01,0.38,13.8,37.9,20.11,16.45,1.48
奥赛康,sz002755,15.8,15.8,15.81,57200.0,15.8,2200,15.81,3700,0.0,15.88,15.8,57200,910000.0,0.01,0.51,146.65,146.65,17.38,14.22,2.02
中原环保,sz000544,8.56,8.55,8.55,40600.0,8.56,2500,8.57,6200,0.12,8.58,8.55,40600,350000.0,0.0,0.35,83.43,83.43,9.41,7.7,2.19
迪阿股份,sz301177,32.46,32.52,32.5,41500.0,32.43,300,32.46,200,-0.18,32.56,32.17,41500,1340000.0,0.01,1.2,129.84,129.93,39.02,26.02,3.6
浙江华业,sz301616,52.39,52.19,52.2,1600.0,52.2,5500,52.39,200,0.38,52.5,52.2,1600,80000.0,0.01,0.57,10.48,41.91,62.63,41.75,0.61
西点药业,sz301130,31.34,31.2,31.37,26000.0,31.25,700,31.33,100,0.45,31.39,31.25,26000,820000.0,0.04,0.45,18.5,23.97,37.44,24.96,4.95
炬芯科技,sh688049,54.79,54.9,55.01,5756700.0,54.71,1200,54.76,1000,-0.2,55.1,54.61,5756700,3170000.0,0.03,0.89,95.97,95.97,65.88,43.92,2.84
闽东电力,sz000993,12.67,12.57,12.75,652700.0,12.67,9800,12.68,7900,0.8,12.78,12.65,652700,8310000.0,0.15,1.03,55.72,58.02,13.83,11.31,11.87
宏达高科,sz002144,15.3,15.29,15.29,46500.0,15.3,3700,15.35,3500,0.07,15.37,15.27,46500,710000.0,0.03,0.65,21.06,27.04,16.82,13.76,1.6
富邦科技,sz300387,9.13,9.12,9.13,50400.0,9.13,1500,9.14,200,0.11,9.18,9.13,50400,460000.0,0.02,0.55,26.38,26.39,10.94,7.3,1.44
青松建化,sh600425,4.53,4.53,4.53,388000.0,4.52,12400,4.53,25700,0.0,4.54,4.52,388000,1760000.0,0.02,0.44,72.69,72.69,4.98,4.08,3.64
奥特维,sh688516,105.84,106.14,105.33,10239300.0,105.86,300,106.4,300,-0.28,107.0,105.33,10239300,10800000.0,0.03,1.57,333.14,333.75,127.37,84.91,1.24
维尔利,sz300190,4.73,4.71,4.78,917600.0,4.72,32000,4.73,15400,0.42,4.8,4.72,917600,4370000.0,0.11,1.7,39.89,40.03,5.65,3.77,7.25
长源电力,sz000966,4.59,4.61,4.6,1450400.0,4.58,252800,4.59,203700,-0.43,4.61,4.58,1450400,6670000.0,0.04,0.65,149.7,159.78,5.07,4.15,8.78
爱迪特,sz301580,62.97,63.7,62.01,256300.0,62.92,6600,62.97,100,-1.15,62.97,61.02,256300,15910000.0,0.36,3.06,45.35,67.1,76.44,50.96,14.72
德源药业,bj920735,35.3,35.38,35.3,9500.0,35.27,500,35.3,700,-0.23,35.32,35.3,9500,334799.99999999994,0.01,0.06,36.63,41.41,45.99,24.77,1.26
热威股份,sh603075,23.99,24.01,24.0,6000.0,23.99,200,24.0,1800,-0.08,24.02,23.96,6000,140000.0,0.01,0.25,9.89,96.56,26.41,21.61,0.94
高铁电气,sh688285,9.4,9.43,9.46,1820000.0,9.43,600,9.45,13600,-0.32,9.46,9.4,1820000,170000.0,0.0,0.64,35.37,35.37,11.32,7.54,1.58
*ST春天,sh600381,3.13,3.14,3.14,102300.0,3.13,2100,3.14,36700,-0.32,3.14,3.12,102300,320000.0,0.02,0.64,18.38,18.38,3.3,2.98,2.21
昌红科技,sz300151,17.09,17.2,17.12,78200.0,17.08,7300,17.09,6600,-0.64,17.21,17.08,78200,1340000.0,0.02,0.76,62.98,91.01,20.64,13.76,1.75
京基智农,sz000048,18.06,18.06,17.93,135800.0,18.04,2300,18.05,500,0.0,18.15,17.93,135800,2440000.0,0.03,1.22,95.06,95.77,19.87,16.25,2.85
明冠新材,sh688560,19.65,19.87,19.61,3261800.0,19.62,1500,19.65,3100,-1.11,19.65,19.6,3261800,640000.0,0.02,0.25,39.56,39.56,23.84,15.9,0.76
盐 田 港,sz000088,4.54,4.55,4.55,268800.0,4.54,58000,4.55,308000,-0.22,4.55,4.54,268800,1220000.0,0.01,0.22,143.6,236.06,5.01,4.1,2.56
浙江自然,sh605080,25.78,25.77,25.77,4400.0,25.78,3800,25.92,2100,0.04,25.92,25.77,4400,110000.0,0.0,0.58,36.18,36.49,28.35,23.19,0.4
中海油服,sh601808,15.79,16.11,15.8,610400.0,15.78,40000,15.79,32800,-1.99,15.88,15.75,610400,9640000.0,0.02,0.81,467.46,753.43,17.72,14.5,7.17
宝丰能源,sh600989,23.55,23.99,23.64,2218700.0,23.54,17300,23.55,8100,-1.83,23.69,23.54,2218700,52400000.0,0.03,0.63,1727.01,1727.01,26.39,21.59,10.07
国泰环保,sz301203,44.57,43.72,44.01,52300.0,44.45,700,44.57,2700,1.94,44.62,44.01,52300,2310000.0,0.12,1.4,19.54,35.66,52.46,34.98,3.14
湖北能源,sz000883,4.59,4.6,4.6,395600.0,4.58,770300,4.59,73500,-0.22,4.6,4.58,395600,1820000.0,0.01,0.43,297.41,324.94,5.06,4.14,4.65
矩子科技,sz300802,21.93,22.03,21.91,129900.0,21.92,1000,21.93,4800,-0.45,21.98,21.9,129900,2850000.0,0.07,0.36,42.7,62.3,26.44,17.62,2.82
东北证券,sz000686,9.03,9.03,9.04,249700.0,9.03,55300,9.04,113800,0.0,9.04,9.03,249700,2260000.0,0.01,0.11,211.34,211.34,9.93,8.13,3.43
新 华 都,sz002264,10.77,10.69,10.62,994400.0,10.76,2700,10.77,5100,0.75,10.79,10.62,994400,10600000.0,0.15,1.59,70.52,77.52,11.76,9.62,2.16
继峰股份,sh603997,14.3,14.22,14.34,65100.0,14.28,300,14.29,2500,0.56,14.34,14.24,65100,930000.0,0.01,0.7,181.93,181.93,15.64,12.8,1.3
海希通讯,bj920405,26.13,25.85,26.07,14900.0,26.13,100,26.15,100,1.08,26.16,26.07,14900,387700.00000000006,0.01,0.35,28.76,36.65,33.6,18.1,3.03
赛托生物,sz300583,15.02,14.93,14.96,26100.0,15.02,2600,15.03,700,0.6,15.04,14.96,26100,390000.0,0.01,0.54,27.96,28.49,17.92,11.94,3.01
乐歌股份,sz300729,14.09,14.08,14.11,9700.0,14.08,17600,14.09,300,0.07,14.11,14.08,9700,140000.0,0.0,0.21,44.87,48.13,16.9,11.26,0.77
博腾股份,sz300363,24.09,23.92,23.95,134400.0,24.04,200,24.06,7500,0.71,24.09,23.95,134400,3230000.0,0.03,0.59,120.17,130.92,28.7,19.14,4.13
诚邦股份,sh603316,13.58,13.55,13.56,45700.0,13.58,2400,13.64,1700,0.22,13.65,13.56,45700,620000.0,0.02,0.66,35.89,35.89,14.91,12.2,1.79
南网能源,sz003035,6.66,6.86,6.7,2585200.0,6.66,14200,6.67,27400,-2.92,6.72,6.66,2585200,17290000.0,0.07,0.87,252.27,252.27,7.55,6.17,4.72
怡 亚 通,sz002183,5.15,5.14,5.15,1042100.0,5.13,174200,5.15,188700,0.19,5.16,5.13,1042100,5370000.0,0.04,0.58,133.75,133.75,5.65,4.63,4.03
微光股份,sz002801,35.21,35.36,35.3,50200.0,35.2,600,35.22,1300,-0.42,35.54,35.21,50200,1770000.0,0.04,0.93,40.77,80.85,38.9,31.82,7.88
永利股份,sz300230,5.12,5.12,5.12,137200.0,5.11,72600,5.12,55100,0.0,5.13,5.11,137200,700000.0,0.02,0.39,32.25,41.64,6.14,4.1,2.48
顺网科技,sz300113,27.53,28.05,27.4,1764100.0,27.55,1300,27.6,200,-1.85,27.6,27.35,1764100,48380000.0,0.34,0.89,142.72,188.19,33.66,22.44,6.1
长沙银行,sh601577,10.06,10.02,10.0,436600.0,10.06,58100,10.07,39900,0.4,10.07,10.0,436600,4370000.0,0.01,0.7,404.48,404.57,11.02,9.02,6.39
融捷健康,sz300247,5.09,5.1,5.12,173500.0,5.09,4700,5.1,34700,-0.2,5.13,5.08,173500,890000.0,0.02,0.98,40.89,40.93,6.12,4.08,2.26
齐翔腾达,sz002408,5.83,5.89,5.86,404800.0,5.83,87600,5.84,9100,-1.02,5.92,5.83,404800,2370000.0,0.01,1.53,160.39,165.74,6.48,5.3,2.52
银禧科技,sz300221,11.48,11.55,11.49,271800.0,11.47,29800,11.48,85000,-0.61,11.49,11.44,271800,3120000.0,0.06,0.43,52.41,54.39,13.86,9.24,2.51
桂林三金,sz002275,14.62,14.54,14.6,34700.0,14.62,100,14.63,13100,0.55,14.63,14.59,34700,510000.0,0.01,0.28,81.73,85.9,15.99,13.09,2.9
至正股份,sh603991,90.38,90.65,90.5,18800.0,90.29,5000,90.38,2600,-0.3,90.5,90.38,18800,1700000.0,0.03,0.13,67.36,138.02,99.72,81.59,1.96
朗姿股份,sz002612,18.95,18.93,18.99,159200.0,18.94,8400,18.95,2000,0.11,18.99,18.95,159200,3020000.0,0.06,0.21,48.27,83.84,20.82,17.04,3.4
钛能化学,sz002145,5.06,5.1,5.06,1185400.0,5.05,280100,5.06,67600,-0.78,5.08,5.05,1185400,6000000.0,0.03,0.59,188.68,192.62,5.61,4.59,4.68
铜冠矿建,bj920019,22.63,22.82,22.6,67200.0,22.6,10200,22.63,600,-0.83,22.68,22.56,67200,1517400.0,0.04,0.53,37.91,47.58,29.66,15.98,2.7
楚天科技,sz300358,11.08,11.06,11.1,186800.0,11.07,1800,11.08,200,0.18,11.11,11.06,186800,2070000.0,0.03,0.45,77.7,79.23,13.27,8.85,3.37
国药一致,sz000028,26.16,26.14,26.14,64300.0,26.16,600,26.18,1200,0.08,26.19,26.13,64300,1680000.0,0.01,0.23,125.06,145.6,28.75,23.53,4.0
协鑫能科,sz002015,12.56,12.6,12.42,2812600.0,12.55,47300,12.56,17200,-0.32,12.56,12.39,2812600,34990000.0,0.17,1.35,203.89,203.89,13.86,11.34,5.44
万和电气,sz002543,9.22,9.23,9.24,79200.0,9.21,11000,9.23,3000,-0.11,9.28,9.22,79200,730000.0,0.01,0.65,61.0,68.56,10.15,8.31,4.24
中建环能,sz300425,5.2,5.19,5.19,156800.0,5.2,61500,5.21,800,0.19,5.21,5.19,156800,810000.0,0.02,0.39,35.31,35.48,6.23,4.15,4.87
网宿科技,sz300017,22.95,22.12,22.51,22268200.0,22.94,545600,22.95,34400,3.75,22.95,22.48,22268200,503080000.0,0.97,2.12,529.26,564.44,26.54,17.7,9.2
同花顺,sz300033,342.97,342.11,343.0,129600.0,342.5,200,342.98,500,0.25,343.9,342.5,129600,44460000.0,0.04,0.41,1074.01,1843.81,410.53,273.69,4.78
永兴股份,sh601033,15.15,15.13,15.15,22000.0,15.15,800,15.16,800,0.13,15.15,15.14,22000,330000.0,0.01,0.07,36.36,136.35,16.64,13.62,1.36
梅花生物,sh600873,11.14,11.15,11.15,101300.0,11.13,1300,11.14,9900,-0.09,11.15,11.12,101300,1130000.0,0.0,0.27,312.39,312.39,12.27,10.04,0.84
共同药业,sz300966,21.42,21.42,21.42,15200.0,21.3,500,21.45,1300,0.0,21.5,21.42,15200,330000.0,0.02,0.37,16.36,24.69,25.7,17.14,2.35
铁建重工,sh688425,5.33,5.34,5.33,20750000.0,5.32,17100,5.33,214300,-0.19,5.33,5.32,20750000,1100000.0,0.0,0.19,284.28,284.28,6.41,4.27,2.52
龙磁科技,sz300835,88.36,90.21,89.06,254300.0,88.36,19700,88.84,1900,-2.05,90.0,88.35,254300,22610000.0,0.31,1.83,72.71,105.37,108.25,72.17,11.07
有研新材,sh600206,22.48,22.68,22.48,468400.0,22.48,600,22.49,400,-0.88,22.51,22.4,468400,10520000.0,0.06,0.49,190.31,190.31,24.95,20.41,3.77
恒申新材,sz000782,6.17,6.16,6.16,329600.0,6.17,5400,6.18,28900,0.16,6.2,6.16,329600,2030000.0,0.06,0.65,32.59,42.36,6.78,5.54,3.63
浦东金桥,sh600639,10.88,10.86,10.88,58900.0,10.88,45900,10.9,1600,0.18,10.9,10.86,58900,640000.0,0.01,0.37,92.51,122.12,11.95,9.77,1.94
中远海控,sh601919,14.52,14.53,14.53,480900.0,14.51,42000,14.52,1700,-0.07,14.54,14.51,480900,6990000.0,0.0,0.21,1823.15,2223.39,15.98,13.08,2.54
九州通,sh600998,5.2,5.21,5.2,164300.0,5.19,1115700,5.2,11400,-0.19,5.2,5.19,164300,850000.0,0.0,0.19,262.21,262.21,5.73,4.69,1.06
皓元医药,sh688131,72.04,71.95,72.08,1632000.0,71.99,100,72.04,200,0.13,72.2,71.99,1632000,1180000.0,0.01,0.29,152.8,152.8,86.34,57.56,1.3
中科曙光,sh603019,91.15,92.12,91.0,586100.0,91.01,16000,91.15,2000,-1.05,91.16,90.96,586100,53340000.0,0.04,0.22,1333.26,1333.63,101.33,82.91,3.68
苏农银行,sh603323,5.13,5.13,5.13,241200.0,5.12,45500,5.13,133700,0.0,5.13,5.12,241200,1240000.0,0.01,0.19,103.55,103.55,5.64,4.62,1.92
赣粤高速,sh600269,4.93,4.94,4.93,207300.0,4.93,36400,4.94,168300,-0.2,4.94,4.93,207300,1020000.0,0.01,0.2,115.14,115.14,5.43,4.45,4.05
荣盛石化,sz002493,14.8,15.13,14.85,990400.0,14.8,65700,14.81,8100,-2.18,14.99,14.8,990400,14710000.0,0.01,1.26,1385.61,1478.44,16.64,13.62,3.83
中国电建,sh601669,5.52,5.53,5.52,2501300.0,5.51,624100,5.52,932400,-0.18,5.52,5.51,2501300,13790000.0,0.02,0.18,721.55,950.88,6.08,4.98,3.83
三六零,sh601360,12.93,13.12,12.91,3315800.0,12.93,7300,12.96,12100,-1.45,12.96,12.91,3315800,42830000.0,0.05,0.38,905.04,905.04,14.43,11.81,2.95
蓝特光学,sh688127,48.99,49.4,49.32,7804400.0,48.98,700,48.99,1900,-0.83,49.32,48.92,7804400,3840000.0,0.02,0.81,198.85,198.85,59.28,39.52,2.06
本立科技,sz301065,23.92,23.95,23.95,25200.0,23.91,300,23.92,100,-0.13,23.98,23.91,25200,600000.0,0.03,0.29,20.64,25.36,28.74,19.16,3.61
中微半导,sh688380,50.19,50.45,50.4,12556900.0,50.19,0,50.26,1500,-0.52,50.4,50.16,12556900,6320000.0,0.03,0.48,200.94,200.94,60.54,40.36,1.91
龙净环保,sh600388,18.94,19.01,18.95,104700.0,18.91,400,18.94,5200,-0.37,18.95,18.88,104700,1980000.0,0.01,0.37,240.55,240.55,20.91,17.11,1.6
冀中能源,sz000937,5.59,5.6,5.58,218100.0,5.58,91800,5.59,8800,-0.18,5.61,5.58,218100,1220000.0,0.01,0.54,191.93,197.53,6.16,5.04,2.3
三湘印象,sz000863,6.06,6.08,6.09,108500.0,6.05,1100,6.06,200,-0.33,6.09,6.06,108500,660000.0,0.01,0.49,70.52,71.55,6.69,5.47,1.01
辉煌科技,sz002296,14.27,14.31,14.21,343200.0,14.26,7800,14.27,7300,-0.28,14.28,14.2,343200,4880000.0,0.1,0.56,49.58,55.59,15.74,12.88,2.37
*ST中地,sz000736,5.16,5.16,5.16,188900.0,5.15,18000,5.16,24000,0.0,5.18,5.16,188900,980000.0,0.03,0.39,38.55,38.55,5.42,4.9,7.29
中设股份,sz002883,10.69,10.66,10.59,63100.0,10.66,9400,10.69,3100,0.28,10.72,10.59,63100,670000.0,0.04,1.22,16.39,16.69,11.73,9.59,3.8
中粮科工,sz301058,11.14,11.15,11.16,79700.0,11.14,2800,11.15,300,-0.09,11.17,11.14,79700,890000.0,0.02,0.27,57.07,57.07,13.38,8.92,2.39
步长制药,sh603858,17.1,17.09,17.1,25200.0,17.1,3900,17.11,200,0.06,17.13,17.09,25200,430000.0,0.0,0.23,180.33,180.33,18.8,15.38,0.98
重庆银行,sh601963,10.28,10.23,10.26,148600.0,10.27,1100,10.28,28600,0.49,10.28,10.25,148600,1530000.0,0.01,0.29,193.56,357.19,11.25,9.21,2.54
天新药业,sh603235,26.93,27.21,26.91,83100.0,26.98,200,27.18,10700,-1.03,27.21,26.89,83100,2240000.0,0.02,1.18,117.89,117.89,29.93,24.49,28.45
成都银行,sh601838,16.39,16.36,16.4,130000.0,16.38,2000,16.39,5600,0.18,16.43,16.38,130000,2130000.0,0.0,0.31,694.68,694.68,18.0,14.72,1.39
北京银行,sh601169,5.43,5.41,5.42,1129900.0,5.42,439100,5.43,1967200,0.37,5.43,5.41,1129900,6120000.0,0.01,0.37,1148.06,1148.06,5.95,4.87,2.4
达梦数据,sh688692,265.53,267.67,265.0,1532700.0,265.53,300,265.89,0,-0.8,265.53,264.8,1532700,4060000.0,0.02,0.27,194.2,300.69,321.2,214.14,2.51
重庆燃气,sh600917,5.63,5.62,5.63,50700.0,5.62,7100,5.63,80900,0.18,5.63,5.62,50700,290000.0,0.0,0.18,87.89,87.89,6.18,5.06,1.96
圣达生物,sh603079,19.44,19.27,19.45,32800.0,19.39,25700,19.44,600,0.88,19.49,19.44,32800,640000.0,0.02,0.26,36.75,36.75,21.2,17.34,3.15
维宏股份,sz300508,43.36,43.89,43.79,61600.0,43.3,2000,43.33,1200,-1.21,43.79,43.36,61600,2690000.0,0.08,0.98,35.53,47.17,52.67,35.11,3.99
招商证券,sh600999,16.94,16.93,16.93,225500.0,16.92,16300,16.94,14100,0.06,16.94,16.92,225500,3820000.0,0.0,0.12,1257.29,1473.19,18.62,15.24,1.44
美信科技,sz301577,63.5,63.68,63.61,18700.0,63.5,300,63.62,2800,-0.28,63.77,63.4,18700,1190000.0,0.1,0.58,11.96,28.59,76.42,50.94,6.19
泽璟制药-U,sh688266,96.07,96.29,96.07,334800.0,96.07,1100,96.65,1100,-0.23,96.08,96.07,334800,320000.0,0.0,0.01,254.31,254.31,115.55,77.03,0.32
明牌珠宝,sz002574,6.37,6.34,6.33,175500.0,6.36,1100,6.37,18700,0.47,6.37,6.33,175500,1110000.0,0.03,0.63,33.63,33.63,6.97,5.71,3.19
中际旭创,sz300308,521.58,527.46,524.0,402300.0,521.38,600,521.48,300,-1.11,525.3,521.48,402300,210630000.0,0.04,0.72,5766.07,5795.37,632.95,421.97,3.0
上峰水泥,sz000672,15.37,15.58,15.43,772700.0,15.37,1800,15.42,522000,-1.35,15.43,15.35,772700,11910000.0,0.08,0.51,149.0,149.0,17.14,14.02,7.05
中粮糖业,sh600737,15.72,15.72,15.72,97600.0,15.72,8700,15.76,4200,0.0,15.76,15.72,97600,1530000.0,0.0,0.25,336.23,336.23,17.29,14.15,1.26
金禄电子,sz301282,28.45,28.6,28.43,38200.0,28.46,500,28.47,500,-0.52,28.55,28.43,38200,1090000.0,0.05,0.42,22.65,43.0,34.32,22.88,3.2
昀冢科技,sh688260,29.36,29.41,29.41,267400.0,29.36,2400,29.37,600,-0.17,29.41,29.2,267400,80000.0,0.0,0.71,35.23,35.23,35.29,23.53,0.25
东山精密,sz002384,75.84,77.38,76.08,1761400.0,75.8,2700,75.84,22000,-1.99,76.61,75.8,1761400,134060000.0,0.13,1.05,1051.39,1389.09,85.12,69.64,6.6
大豪科技,sh603025,17.28,17.4,17.38,107800.0,17.28,14200,17.29,4100,-0.69,17.4,17.28,107800,1870000.0,0.01,0.69,191.67,192.96,19.14,15.66,2.72
粤高速Ａ,sz000429,12.16,12.16,12.16,60000.0,12.15,7000,12.16,2300,0.0,12.2,12.16,60000,730000.0,0.0,0.33,158.48,254.24,13.38,10.94,2.74
中国石化,sh600028,6.52,6.6,6.53,2723300.0,6.51,181300,6.52,168400,-1.21,6.55,6.51,2723300,17770000.0,0.0,0.61,6177.86,7884.34,7.26,5.94,3.63
中旗股份,sz300575,6.78,6.76,6.76,203600.0,6.77,200,6.78,4100,0.3,6.82,6.7,203600,1370000.0,0.06,1.78,23.24,32.34,8.11,5.41,2.29
中国电研,sh688128,30.11,30.29,30.23,691000.0,30.11,2000,30.12,600,-0.59,30.23,30.11,691000,210000.0,0.0,0.4,121.79,121.79,36.35,24.23,0.84
长青股份,sz002391,6.31,6.31,6.29,103000.0,6.31,2600,6.32,20100,0.0,6.33,6.28,103000,650000.0,0.02,0.79,29.29,40.99,6.94,5.68,2.81
麦澜德,sh688273,44.5,44.6,44.46,2889800.0,44.46,1300,44.49,200,-0.22,44.5,44.46,2889800,1290000.0,0.03,0.09,44.5,44.5,53.52,35.68,5.16
神马电力,sh603530,49.91,49.92,49.44,204500.0,49.91,200,50.19,2100,-0.02,50.17,49.44,204500,10140000.0,0.05,1.46,213.35,215.45,54.91,44.93,10.49
辉隆股份,sz002556,6.33,6.37,6.31,537800.0,6.32,16700,6.33,40900,-0.63,6.35,6.3,537800,3400000.0,0.06,0.78,59.86,59.91,7.01,5.73,4.03
金河生物,sz002688,6.21,6.17,6.16,657500.0,6.2,5400,6.21,7600,0.65,6.23,6.16,657500,4060000.0,0.09,1.13,46.42,47.92,6.79,5.55,15.97
山西证券,sz002500,6.03,6.03,6.03,203900.0,6.03,26600,6.04,247600,0.0,6.04,6.03,203900,1230000.0,0.01,0.17,216.46,216.46,6.63,5.43,2.56
天鹅股份,sh603029,19.96,19.91,20.0,13300.0,19.92,1000,19.99,4000,0.25,20.01,19.91,13300,270000.0,0.01,0.5,24.22,24.22,21.9,17.92,1.41
共达电声,sz002655,14.74,14.6,14.6,1171700.0,14.75,700,14.78,31800,0.96,14.77,14.49,1171700,17120000.0,0.32,1.92,53.33,53.34,16.06,13.14,7.01
博汇纸业,sh600966,8.2,8.16,8.13,314000.0,8.2,400,8.21,3200,0.49,8.21,8.13,314000,2560000.0,0.02,0.98,109.62,109.62,8.98,7.34,3.61
上海凯宝,sz300039,6.33,6.3,6.33,425900.0,6.33,25100,6.34,53300,0.48,6.34,6.31,425900,2690000.0,0.05,0.48,58.04,66.21,7.56,5.04,2.06
万通发展,sh600246,11.5,11.45,11.46,295700.0,11.49,2100,11.5,36700,0.44,11.5,11.45,295700,3390000.0,0.02,0.44,217.4,223.44,12.6,10.31,1.91
顾家家居,sh603816,36.63,36.42,36.48,34000.0,36.48,500,36.63,1100,0.58,36.66,36.48,34000,1240000.0,0.0,0.49,297.5,300.9,40.06,32.78,1.28
华帝股份,sz002035,6.19,6.19,6.19,67000.0,6.19,1400,6.2,28200,0.0,6.2,6.18,67000,410000.0,0.01,0.32,48.41,52.47,6.81,5.57,1.92
鸥玛软件,sz301185,21.22,21.24,21.2,94800.0,21.22,5600,21.23,2000,-0.09,21.22,21.13,94800,2010000.0,0.07,0.42,29.68,32.56,25.49,16.99,5.3
梦网科技,sz002123,12.2,12.19,12.16,264500.0,12.19,11500,12.2,10600,0.08,12.2,12.12,264500,3220000.0,0.04,0.66,87.85,98.26,13.41,10.97,3.09
深南电路,sz002916,235.84,237.21,235.0,70700.0,235.29,100,235.84,200,-0.58,235.84,235.0,70700,16620000.0,0.01,0.35,1567.89,1606.46,260.93,213.49,1.41
阿拉丁,sh688179,15.83,15.85,15.8,2848200.0,15.81,12500,15.83,7400,-0.13,15.85,15.8,2848200,450000.0,0.01,0.32,52.65,52.65,19.02,12.68,0.88
三佳科技,sh600520,27.38,27.53,27.38,38600.0,27.38,3500,27.5,3000,-0.54,27.51,27.38,38600,1060000.0,0.02,0.47,43.38,43.38,30.28,24.78,2.34
杭州柯林,sh688611,56.91,57.27,56.63,341100.0,56.91,700,57.37,600,-0.63,56.91,56.63,341100,190000.0,0.0,0.49,87.29,87.29,68.72,45.82,0.48
圣湘生物,sh688289,19.54,19.54,19.45,7604900.0,19.54,15400,19.62,1000,0.0,19.6,19.45,7604900,1480000.0,0.01,0.77,113.21,113.21,23.45,15.63,3.8
兄弟科技,sz002562,7.43,7.41,7.43,1164300.0,7.42,9700,7.43,21600,0.27,7.48,7.42,1164300,8650000.0,0.17,0.81,52.12,84.91,8.15,6.67,2.69
泰格医药,sz300347,63.63,64.02,63.61,90500.0,63.61,5500,63.62,1000,-0.61,63.8,63.59,90500,5760000.0,0.02,0.33,360.28,547.87,76.82,51.22,1.93
永茂泰,sh605208,12.92,12.98,12.9,30200.0,12.93,2800,12.96,2400,-0.46,12.97,12.9,30200,390000.0,0.01,0.54,42.63,42.63,14.28,11.68,1.34
大湖股份,sh600257,7.16,7.13,7.21,153200.0,7.16,62100,7.2,1000,0.42,7.23,7.16,153200,1100000.0,0.03,0.98,34.46,34.46,7.84,6.42,1.93
怡达股份,sz300721,15.84,16.02,15.91,162400.0,15.84,2800,15.9,200,-1.12,15.94,15.82,162400,2580000.0,0.12,0.75,21.91,26.11,19.22,12.82,1.96
恒大高新,sz002591,7.56,7.55,7.57,105100.0,7.55,13800,7.56,1400,0.13,7.59,7.55,105100,790000.0,0.05,0.53,16.9,22.7,8.31,6.8,1.69
三峡水利,sh600116,6.6,6.62,6.61,72100.0,6.6,10300,6.61,13200,-0.3,6.62,6.6,72100,480000.0,0.0,0.3,126.2,126.2,7.28,5.96,1.62
圣元环保,sz300867,19.06,19.06,19.1,33300.0,19.04,200,19.05,400,0.0,19.12,19.06,33300,640000.0,0.02,0.31,36.52,51.79,22.87,15.25,2.91
鹿山新材,sh603051,26.21,26.04,26.09,153200.0,26.24,300,26.29,500,0.65,26.36,26.09,153200,4010000.0,0.09,1.04,42.36,42.36,28.64,23.44,1.93
国投电力,sh600886,12.86,12.87,12.86,483800.0,12.86,600,12.87,48000,-0.08,12.87,12.83,483800,6220000.0,0.01,0.31,958.61,1029.38,14.16,11.58,9.05
龙利得,sz300883,6.96,6.9,6.96,244100.0,6.95,8300,6.96,26800,0.87,6.96,6.93,244100,1700000.0,0.07,0.43,23.01,24.08,8.28,5.52,5.75
派斯林,sh600215,7.58,7.61,7.53,135900.0,7.58,1600,7.59,3200,-0.39,7.58,7.53,135900,1020000.0,0.03,0.66,34.63,34.63,8.37,6.85,3.39
新集能源,sh601918,7.47,7.54,7.49,898500.0,7.46,144200,7.47,75700,-0.93,7.49,7.46,898500,6720000.0,0.03,0.4,193.51,193.51,8.29,6.79,3.37
南方传媒,sh601900,14.79,14.81,14.83,154200.0,14.78,1100,14.79,4100,-0.14,14.83,14.75,154200,2290000.0,0.02,0.54,130.44,130.44,16.29,13.33,1.49
华夏银行,sh600015,6.68,6.6,6.68,4731600.0,6.68,200600,6.69,12200,1.21,6.7,6.68,4731600,31620000.0,0.03,0.3,1027.87,1063.12,7.26,5.94,23.83
出版传媒,sh601999,7.57,7.58,7.56,118600.0,7.57,1100,7.6,1800,-0.13,7.62,7.56,118600,900000.0,0.02,0.79,41.7,41.7,8.34,6.82,1.94
清源股份,sh603628,14.46,14.49,14.44,56400.0,14.45,1200,14.46,8300,-0.21,14.48,14.44,56400,820000.0,0.02,0.28,39.36,39.49,15.94,13.04,1.13
鲁北化工,sh600727,7.66,7.69,7.65,116700.0,7.66,400,7.67,2000,-0.39,7.67,7.65,116700,890000.0,0.02,0.26,40.49,40.49,8.46,6.92,1.15
康尼机电,sh603111,7.06,7.06,7.05,16200.0,7.05,84400,7.06,28900,0.0,7.06,7.05,16200,110000.0,0.0,0.14,60.21,60.86,7.77,6.35,0.64
国光股份,sz002749,13.45,13.45,13.46,20000.0,13.45,11900,13.46,4500,0.0,13.48,13.42,20000,270000.0,0.0,0.45,61.02,62.73,14.8,12.11,1.69
兴业银行,sh601166,18.63,18.59,18.6,594000.0,18.62,45800,18.63,167900,0.22,18.63,18.6,594000,11050000.0,0.0,0.16,3942.64,3942.64,20.45,16.73,2.03
国光电器,sz002045,13.81,13.83,13.81,98200.0,13.8,24300,13.81,10600,-0.14,13.83,13.8,98200,1360000.0,0.02,0.22,77.59,77.68,15.21,12.45,2.87
郑中设计,sz002811,14.7,14.69,14.69,25100.0,14.69,24800,14.7,100,0.07,14.71,14.69,25100,370000.0,0.01,0.14,41.62,45.27,16.16,13.22,0.84
联盛化学,sz301212,29.97,29.91,29.91,17300.0,29.89,100,29.97,2100,0.2,30.05,29.88,17300,520000.0,0.02,0.57,28.1,32.37,35.89,23.93,3.85
则成电子,bj920821,24.24,24.26,24.26,35600.0,24.24,1300,24.37,500,-0.08,24.27,24.2,35600,864500.0,0.05,0.29,17.66,33.54,31.53,16.99,7.0
ST尔雅,sh600107,6.28,6.19,6.25,38600.0,6.25,3000,6.28,21700,1.45,6.28,6.25,38600,240000.0,0.01,0.48,22.61,22.61,6.5,5.88,1.31
智信精密,sz301512,51.44,51.46,51.46,8600.0,51.43,400,51.44,200,-0.04,51.46,51.33,8600,440000.0,0.03,0.25,12.76,27.43,61.75,41.17,2.63
ST逸飞,sh688646,42.11,41.92,42.24,420200.0,41.47,400,42.07,800,0.45,42.24,42.1,420200,180000.0,0.01,0.33,24.84,40.07,50.3,33.54,1.23
蒙泰高新,sz300876,30.04,30.11,30.2,6200.0,30.02,7000,30.04,2400,-0.23,30.2,30.04,6200,190000.0,0.01,0.53,24.36,32.66,36.13,24.09,1.37
华宇软件,sz300271,8.08,8.09,8.05,285300.0,8.08,38800,8.09,99000,-0.12,8.09,8.03,285300,2300000.0,0.04,0.74,64.42,65.6,9.71,6.47,3.82
康平科技,sz300907,30.65,30.55,30.55,7200.0,30.57,600,30.67,600,0.33,30.74,30.49,7200,220000.0,0.01,0.82,29.42,29.42,36.66,24.44,1.34
龙源技术,sz300105,7.49,7.55,7.55,86900.0,7.49,6100,7.51,5700,-0.79,7.55,7.49,86900,650000.0,0.02,0.79,38.63,38.63,9.06,6.04,2.63
华工科技,sz000988,75.55,76.64,75.7,552200.0,75.53,700,75.55,2600,-1.42,75.85,75.53,552200,41790000.0,0.05,0.42,759.27,759.66,84.3,68.98,3.73
斯达半导,sh603290,106.4,107.35,106.38,76600.0,106.4,11600,106.65,800,-0.88,106.66,106.38,76600,8150000.0,0.03,0.26,254.8,254.8,118.09,96.62,4.37
江山欧派,sh603208,14.79,14.69,14.7,12900.0,14.71,100,14.79,700,0.68,14.79,14.69,12900,190000.0,0.01,0.68,26.2,26.2,16.16,13.22,1.31
海森药业,sz001367,24.02,24.0,24.12,4900.0,24.0,1400,24.04,500,0.08,24.12,24.01,4900,120000.0,0.01,0.46,9.54,36.59,26.4,21.6,1.26
中持股份,sh603903,12.27,12.29,12.35,17600.0,12.24,100,12.27,100,-0.16,12.35,12.23,17600,220000.0,0.01,0.98,31.33,31.33,13.52,11.06,1.08
中交设计,sh600720,7.32,7.32,7.32,94600.0,7.31,157400,7.32,13200,0.0,7.33,7.31,94600,690000.0,0.01,0.27,73.86,167.96,8.05,6.59,3.46
智动力,sz300686,15.36,15.44,15.29,148100.0,15.34,200,15.36,200,-0.52,15.45,15.17,148100,2260000.0,0.06,1.81,39.77,40.03,18.53,12.35,6.52
辰光医疗,bj920300,14.69,14.67,14.57,70200.0,14.69,2100,14.82,1000,0.14,14.69,14.48,70200,1022300.0,0.11,1.43,9.77,12.61,19.07,10.27,15.78
陕天然气,sz002267,7.78,7.8,7.79,86500.0,7.77,27200,7.78,9600,-0.26,7.79,7.78,86500,670000.0,0.01,0.13,86.52,86.52,8.58,7.02,2.05
汉朔科技,sz301275,58.21,58.2,58.01,30600.0,58.19,600,58.21,2200,0.02,58.21,57.74,30600,1770000.0,0.09,0.81,19.67,245.88,69.84,46.56,4.18
物产金轮,sz002722,16.21,16.33,16.33,122700.0,16.2,4400,16.21,9100,-0.73,16.34,16.21,122700,2000000.0,0.06,0.8,36.04,36.05,17.96,14.7,6.22
深水规院,sz301038,22.83,22.79,22.79,8200.0,22.83,6100,22.86,500,0.18,22.87,22.79,8200,190000.0,0.0,0.35,50.93,50.93,27.35,18.23,1.17
致远互联,sh688369,26.69,26.81,26.85,4396400.0,26.69,400,26.8,2500,-0.45,26.85,26.62,4396400,1180000.0,0.04,0.86,30.75,30.75,32.17,21.45,2.49
财富趋势,sh688318,129.64,129.66,129.02,2694900.0,129.64,500,129.72,100,-0.02,129.72,129.02,2694900,3480000.0,0.01,0.54,332.03,332.03,155.59,103.73,2.55
华阳股份,sh600348,9.56,9.59,9.59,330000.0,9.55,16800,9.56,900,-0.31,9.6,9.55,330000,3160000.0,0.01,0.52,344.88,344.88,10.55,8.63,2.12
天益医疗,sz301097,55.84,55.92,55.81,13300.0,55.84,500,55.94,400,-0.14,56.65,55.81,13300,740000.0,0.05,1.5,16.16,32.92,67.1,44.74,5.25
东富龙,sz300171,17.03,16.93,16.97,223600.0,17.02,6000,17.03,6200,0.59,17.08,16.97,223600,3800000.0,0.04,0.65,95.82,130.42,20.32,13.54,6.12
ST未名,sz002581,7.45,7.39,7.39,33900.0,7.4,100600,7.45,6500,0.81,7.45,7.39,33900,250000.0,0.01,0.81,29.86,49.15,7.76,7.02,1.81
乐普医疗,sz300003,17.96,18.01,18.0,206800.0,17.95,10500,17.96,15900,-0.28,18.0,17.95,206800,3720000.0,0.01,0.28,283.57,331.07,21.61,14.41,2.22
中国银河,sh601881,15.03,15.0,15.01,194600.0,15.02,21200,15.03,1600,0.2,15.05,15.0,194600,2920000.0,0.0,0.33,1088.69,1643.44,16.5,13.5,1.74
凯中精密,sz002823,16.1,16.2,16.16,89500.0,16.09,3800,16.1,1200,-0.62,16.21,16.1,89500,1450000.0,0.04,0.68,35.25,52.87,17.82,14.58,5.3
南京证券,sh601990,7.89,7.87,7.88,135100.0,7.88,48500,7.89,34700,0.25,7.89,7.88,135100,1070000.0,0.0,0.13,290.85,347.13,8.66,7.08,2.47
西部证券,sz002673,7.9,7.89,7.89,230400.0,7.89,47500,7.9,18700,0.13,7.9,7.88,230400,1820000.0,0.01,0.25,353.1,353.1,8.68,7.1,2.67
中兰环保,sz300854,23.15,23.27,23.25,21200.0,23.14,100,23.15,600,-0.52,23.26,23.07,21200,490000.0,0.03,0.82,18.83,23.17,27.92,18.62,1.43
设计总院,sh603357,8.3,8.3,8.3,20800.0,8.3,21500,8.31,4300,0.0,8.31,8.3,20800,170000.0,0.0,0.12,46.12,46.53,9.13,7.47,1.03
隆盛科技,sz300680,50.23,50.16,50.22,87800.0,50.17,100,50.23,2600,0.14,50.35,50.16,87800,4410000.0,0.05,0.38,88.32,114.38,60.19,40.13,3.28
水晶光电,sz002273,26.72,26.87,26.72,332800.0,26.71,11200,26.72,18900,-0.56,26.87,26.71,332800,8900000.0,0.02,0.6,363.98,371.58,29.56,24.18,1.38
软控股份,sz002073,8.23,8.19,8.17,356800.0,8.22,100,8.23,13300,0.49,8.25,8.16,356800,2920000.0,0.04,1.1,83.09,83.92,9.01,7.37,5.52
先达股份,sh603086,8.22,8.22,8.2,42300.0,8.22,90000,8.24,9200,0.0,8.22,8.2,42300,350000.0,0.01,0.24,35.74,35.74,9.04,7.4,1.22
禾盛新材,sz002290,60.65,61.31,61.0,91800.0,60.65,9000,60.67,200,-1.08,61.04,60.65,91800,5590000.0,0.04,0.64,150.04,150.48,67.44,55.18,4.0
测绘股份,sz300826,17.14,17.13,17.15,18900.0,17.14,9700,17.15,4500,0.06,17.15,17.09,18900,320000.0,0.01,0.35,29.07,30.22,20.56,13.7,2.07
鸿路钢构,sz002541,22.32,22.31,22.5,54200.0,22.32,200,22.33,400,0.04,22.5,22.28,54200,1220000.0,0.01,0.99,110.73,154.01,24.54,20.08,2.93
敏芯股份,sh688286,79.58,80.0,79.56,2333000.0,79.57,300,79.58,1100,-0.53,79.96,79.4,2333000,1860000.0,0.04,0.7,44.61,44.61,96.0,64.0,3.92
常宝股份,sz002478,10.87,11.31,11.0,3748700.0,10.85,12600,10.87,4700,-3.89,11.19,10.85,3748700,41180000.0,0.52,3.01,78.56,97.92,12.44,10.18,20.23
天键股份,sz301383,34.49,34.53,34.59,10400.0,34.46,100,34.59,300,-0.12,34.61,34.48,10400,360000.0,0.01,0.38,24.35,56.34,41.44,27.62,2.21
罗平锌电,sz002114,9.34,9.44,9.35,552400.0,9.31,51200,9.34,1400,-1.06,9.36,9.25,552400,5150000.0,0.17,1.17,30.2,30.21,10.38,8.5,9.41
沪宁股份,sz300669,32.2,32.47,32.47,6500.0,32.2,1000,32.36,2200,-0.83,32.51,32.2,6500,210000.0,0.0,0.95,58.76,62.05,38.96,25.98,0.72
赛特新材,sh688398,23.42,23.59,23.59,554500.0,23.42,2500,23.53,300,-0.72,23.59,23.42,554500,130000.0,0.0,0.72,39.3,39.3,28.31,18.87,0.4
贝斯美,sz300796,9.73,9.75,9.77,92000.0,9.74,1800,9.75,8600,-0.21,9.78,9.73,92000,900000.0,0.03,0.51,35.14,35.14,11.7,7.8,1.99
青岛港,sh601298,9.33,9.29,9.45,202500.0,9.32,2500,9.33,3100,0.43,9.45,9.33,202500,1910000.0,0.0,1.29,503.08,605.62,10.22,8.36,2.86
黑牡丹,sh600510,9.4,9.36,9.4,27900.0,9.38,3200,9.39,500,0.43,9.41,9.4,27900,260000.0,0.0,0.11,97.01,97.01,10.3,8.42,0.67
康德莱,sh603987,9.25,9.25,9.29,39600.0,9.25,4400,9.26,11200,0.0,9.29,9.25,39600,370000.0,0.01,0.43,40.4,40.4,10.18,8.33,2.14
豪威集团,sh603501,116.51,117.05,116.56,97000.0,116.51,200,116.53,1300,-0.46,116.7,116.43,97000,11300000.0,0.01,0.23,1410.04,1469.16,128.76,105.35,2.21
隆基绿能,sh601012,18.42,18.49,18.4,1211500.0,18.41,22900,18.42,23200,-0.38,18.44,18.4,1211500,22300000.0,0.02,0.22,1395.88,1395.88,20.34,16.64,1.25
仙琚制药,sz002332,9.24,9.22,9.24,108800.0,9.23,2100,9.24,68300,0.22,9.24,9.21,108800,1000000.0,0.01,0.33,90.97,91.4,10.14,8.3,2.32
潜能恒信,sz300191,29.2,30.05,29.77,568200.0,29.1,1100,29.2,1000,-2.83,30.05,29.1,568200,16920000.0,0.26,3.16,64.59,93.44,36.06,24.04,6.45
邦彦技术,sh688132,19.67,19.88,19.45,4658700.0,19.51,400,19.67,9700,-1.06,19.67,19.45,4658700,910000.0,0.04,1.11,21.34,29.94,23.86,15.9,6.54
华中数控,sz300161,32.34,32.61,32.33,62000.0,32.37,100,32.44,300,-0.83,32.58,32.33,62000,2010000.0,0.03,0.77,63.06,64.26,39.13,26.09,4.53
威博液压,bj920245,27.69,27.59,27.59,2400.0,27.56,1000,27.69,800,0.36,27.7,27.55,2400,67500.0,0.01,0.54,10.52,13.76,35.86,19.32,2.15
润欣科技,sz300493,21.06,21.29,21.14,487800.0,21.05,64400,21.06,24200,-1.08,21.21,21.05,487800,10300000.0,0.1,0.75,106.69,107.94,25.55,17.03,4.12
芯能科技,sh603105,10.34,10.34,10.36,155400.0,10.32,2800,10.34,18500,0.0,10.37,10.34,155400,1610000.0,0.03,0.29,51.7,51.7,11.37,9.31,2.54
华信新材,sz300717,21.55,21.55,21.55,45400.0,21.55,6100,21.56,4800,0.0,21.55,21.45,45400,980000.0,0.04,0.46,21.95,22.15,25.86,17.24,5.95
宁波银行,sz002142,31.38,31.37,31.33,411300.0,31.38,3200,31.4,43800,0.03,31.4,31.25,411300,12890000.0,0.01,0.48,2071.04,2072.21,34.51,28.23,3.39
海默科技,sz300084,10.8,10.85,10.78,141200.0,10.79,39600,10.8,5400,-0.46,10.83,10.74,141200,1520000.0,0.04,0.83,37.38,54.91,13.02,8.68,2.44
力合科创,sz002243,11.02,11.04,11.07,237600.0,11.02,1700,11.03,22000,-0.18,11.08,11.02,237600,2630000.0,0.02,0.54,132.7,133.41,12.14,9.94,3.82
惠而浦,sh600983,12.26,12.26,12.26,18500.0,12.25,900,12.26,4100,0.0,12.26,12.25,18500,230000.0,0.0,0.08,93.97,93.97,13.49,11.03,0.62
浙江恒威,sz301222,33.41,33.55,33.51,27900.0,33.4,3100,33.45,100,-0.42,33.51,33.35,27900,930000.0,0.03,0.48,26.67,33.49,40.26,26.84,1.08
广生堂,sz300436,126.6,127.95,127.01,218600.0,126.6,400,126.66,2000,-1.06,127.96,126.6,218600,27770000.0,0.16,1.06,173.09,201.63,153.54,102.36,2.76
兴齐眼药,sz300573,70.26,70.15,70.5,67800.0,70.26,100,70.37,100,0.16,70.5,70.11,67800,4770000.0,0.04,0.56,133.16,173.14,84.18,56.12,4.05
安科生物,sz300009,9.96,9.96,9.92,153100.0,9.96,2000,9.97,1200,0.0,9.99,9.92,153100,1520000.0,0.01,0.7,122.53,166.46,11.95,7.97,2.62
中公高科,sh603860,33.25,33.07,33.27,18900.0,33.14,300,33.25,4700,0.54,33.27,33.06,18900,630000.0,0.03,0.64,22.17,22.17,36.38,29.76,4.11
浙江正特,sz001238,52.36,53.07,53.1,13200.0,52.05,500,52.36,100,-1.34,53.2,52.06,13200,700000.0,0.01,2.15,54.28,58.03,58.38,47.76,6.05
泓博医药,sz301230,47.09,46.71,46.73,53300.0,47.02,100,47.09,700,0.81,47.33,46.73,53300,2500000.0,0.04,1.28,59.15,65.73,56.05,37.37,1.94
志特新材,sz300986,32.47,31.7,32.27,1494200.0,32.46,4200,32.47,3100,2.43,32.69,32.27,1494200,48340000.0,0.36,1.32,133.66,133.77,38.04,25.36,6.37
中钢天源,sz002057,10.75,10.84,10.73,257300.0,10.75,400,10.76,5100,-0.83,10.78,10.71,257300,2760000.0,0.03,0.65,80.99,81.04,11.92,9.76,4.48
华虹公司,sh688347,128.81,129.5,128.55,15248800.0,128.81,5000,128.89,1100,-0.53,128.81,128.01,15248800,19590000.0,0.04,0.62,525.22,2238.24,155.4,103.6,2.96
震安科技,sz300767,21.62,21.64,21.54,218000.0,21.62,1400,21.63,23500,-0.09,21.68,21.5,218000,4700000.0,0.09,0.83,51.86,59.73,25.97,17.31,3.71
百合股份,sh603102,44.89,44.9,44.67,3900.0,44.75,900,44.89,800,-0.02,44.89,44.67,3900,170000.0,0.01,0.49,28.73,28.73,49.39,40.41,1.42
铁科轨道,sh688569,20.89,20.9,20.81,444100.0,20.83,3100,20.89,1100,-0.05,20.9,20.81,444100,90000.0,0.0,0.43,44.01,44.01,25.08,16.72,0.91
名臣健康,sz002919,26.54,26.36,26.89,97900.0,26.41,12700,26.54,1200,0.68,26.89,26.41,97900,2610000.0,0.04,1.82,70.17,70.74,29.0,23.72,2.09
仁信新材,sz301395,14.47,14.42,14.43,41300.0,14.46,700,14.47,8500,0.35,14.54,14.41,41300,600000.0,0.03,0.9,19.89,35.14,17.3,11.54,2.72
合合信息,sh688615,246.04,246.89,245.8,3079300.0,245.96,400,246.04,400,-0.34,246.57,245.8,3079300,7570000.0,0.03,0.31,237.85,344.46,296.27,197.51,2.75
森萱医药,bj920946,10.72,10.71,10.77,18800.0,10.72,50900,10.75,0,0.09,10.77,10.72,18800,202500.0,0.0,0.47,45.75,45.77,13.92,7.5,1.24
万通液压,bj920839,37.45,37.44,37.5,3200.0,37.4,1300,37.43,200,0.03,37.5,37.4,3200,118300.0,0.0,0.27,24.36,44.27,48.67,26.21,1.59
美好医疗,sz301363,32.54,32.73,32.66,90200.0,32.54,1300,32.58,700,-0.58,32.79,32.54,90200,2950000.0,0.02,0.76,121.44,185.11,39.28,26.18,2.4
上海物贸,sh600822,11.05,11.05,11.03,40200.0,11.04,900,11.05,1100,0.0,11.05,11.03,40200,440000.0,0.01,0.18,43.77,54.81,12.16,9.95,1.59
光华股份,sz001333,24.93,24.9,24.97,8800.0,24.93,100,24.94,2000,0.12,24.99,24.92,8800,220000.0,0.02,0.28,10.97,31.91,27.39,22.41,0.8
中国船舶,sh600150,35.91,36.06,35.9,1783900.0,35.91,200,35.93,3400,-0.42,35.96,35.87,1783900,64040000.0,0.02,0.25,2702.45,2702.45,39.67,32.45,5.03
中南传媒,sh601098,11.03,11.03,11.01,107900.0,11.02,8000,11.03,55500,0.0,11.03,11.01,107900,1190000.0,0.01,0.18,198.1,198.1,12.13,9.93,1.13
华特达因,sz000915,32.09,31.96,32.01,25700.0,32.06,200,32.09,900,0.41,32.09,32.01,25700,820000.0,0.01,0.25,75.15,75.2,35.16,28.76,2.24
鼎龙科技,sh603004,24.7,24.86,24.7,23200.0,24.71,400,24.73,200,-0.64,24.72,24.7,23200,570000.0,0.04,0.08,14.54,58.17,27.35,22.37,1.21
聚赛龙,sz301131,48.14,47.82,48.0,22400.0,48.14,100,48.17,200,0.67,48.14,48.0,22400,1070000.0,0.07,0.29,16.52,24.7,57.38,38.26,6.02
西安奕材-U,sh688783,24.85,24.96,24.92,4274600.0,24.85,14200,24.89,7900,-0.44,24.95,24.85,4274600,1060000.0,0.03,0.4,40.91,1003.39,29.95,19.97,2.05
聚胶股份,sz301283,48.63,48.98,49.2,41000.0,48.6,100,48.64,1700,-0.71,49.2,48.63,41000,2000000.0,0.09,1.16,22.3,39.11,58.78,39.18,9.59
全新好,sz000007,12.36,12.22,12.25,70600.0,12.36,5200,12.37,2500,1.15,12.38,12.25,70600,870000.0,0.02,1.06,42.82,42.82,13.44,11.0,1.67
海普瑞,sz002399,12.25,12.27,12.33,27200.0,12.25,1200,12.26,1900,-0.16,12.33,12.25,27200,330000.0,0.0,0.65,152.78,179.74,13.5,11.04,1.83
美思德,sh603041,13.29,13.31,13.28,14700.0,13.28,8200,13.29,300,-0.15,13.31,13.28,14700,200000.0,0.01,0.23,24.34,24.34,14.64,11.98,1.19
威胜信息,sh688100,42.48,42.66,42.58,1390000.0,42.42,200,42.48,300,-0.42,42.58,42.3,1390000,590000.0,0.0,0.66,208.87,208.87,51.19,34.13,1.12
安德利,sh605198,41.93,41.36,42.0,26900.0,41.51,2100,41.93,17200,1.38,42.11,41.93,26900,1130000.0,0.01,0.44,113.44,140.13,45.5,37.22,5.01
深科技,sz000021,29.19,29.35,29.02,1704400.0,29.17,1100,29.19,2000,-0.55,29.19,28.95,1704400,49470000.0,0.11,0.82,458.7,458.77,32.29,26.42,6.5
福元医药,sh601089,26.15,26.15,26.09,18400.0,26.12,500,26.15,1400,0.0,26.15,26.09,18400,480000.0,0.0,0.23,125.52,125.52,28.77,23.54,1.5
ST京机,sz000821,15.5,14.98,15.38,5118500.0,15.48,14800,15.5,161000,3.47,15.5,15.22,5118500,78720000.0,0.85,1.87,93.72,96.55,15.73,14.23,17.81
四方科技,sh603339,14.22,14.28,14.28,53100.0,14.21,2700,14.22,300,-0.42,14.29,14.21,53100,760000.0,0.02,0.56,44.0,44.0,15.71,12.85,3.12
隆达股份,sh688231,31.56,31.83,31.7,5724500.0,31.41,1700,31.56,6400,-0.85,31.7,31.42,5724500,1810000.0,0.02,0.88,77.91,77.91,38.2,25.46,2.16
嘉益股份,sz301004,61.54,61.67,61.7,17600.0,61.16,800,61.52,2000,-0.21,61.7,61.1,17600,1080000.0,0.01,0.97,83.62,89.73,74.0,49.34,1.42
慕思股份,sz001323,26.86,26.95,27.07,42900.0,26.85,200,26.86,300,-0.33,27.07,26.86,42900,1160000.0,0.01,0.78,83.6,116.86,29.65,24.26,4.77
理邦仪器,sz300206,14.6,14.64,14.61,146100.0,14.6,11700,14.61,9300,-0.27,14.63,14.58,146100,2130000.0,0.04,0.34,49.4,84.63,17.57,11.71,4.42
宏德股份,sz301163,30.67,30.6,30.61,18000.0,30.67,3400,30.68,200,0.23,30.85,30.6,18000,550000.0,0.03,0.82,16.78,25.03,36.72,24.48,4.05
洪通燃气,sh605169,13.22,13.23,13.21,5900.0,13.22,1900,13.25,200,-0.08,13.35,13.21,5900,80000.0,0.0,1.06,37.4,37.4,14.55,11.91,0.7
亚通精工,sh603190,27.15,27.2,27.13,2300.0,27.18,2900,27.21,1300,-0.18,27.22,27.12,2300,60000.0,0.01,0.37,11.0,33.81,29.92,24.48,0.43
阳谷华泰,sz300121,13.11,13.2,13.18,26900.0,13.08,600,13.11,13000,-0.68,13.18,13.11,26900,350000.0,0.01,0.53,56.29,58.37,15.84,10.56,0.99
光格科技,sh688450,31.24,31.2,31.3,690500.0,31.24,1200,31.3,2000,0.13,31.31,31.24,690500,220000.0,0.01,0.22,15.29,20.62,37.44,24.96,1.93
云涌科技,sh688060,49.73,49.73,49.56,1182400.0,49.57,600,49.73,2000,0.0,49.97,49.56,1182400,590000.0,0.02,0.82,29.93,29.93,59.68,39.78,3.75
特宝生物,sh688278,72.49,72.21,72.1,3030300.0,72.24,1500,72.49,5100,0.39,72.88,72.1,3030300,2190000.0,0.01,1.08,295.9,295.9,86.65,57.77,2.66
地铁设计,sz003013,15.12,14.95,14.95,280100.0,15.07,200,15.12,6500,1.14,15.12,14.95,280100,4210000.0,0.07,1.14,60.47,68.36,16.45,13.46,27.86
国药股份,sh600511,29.07,28.98,29.01,28100.0,28.98,1300,29.07,1400,0.31,29.07,28.91,28100,810000.0,0.01,0.55,160.86,219.33,31.88,26.08,1.59
八方股份,sh603489,29.72,29.75,29.72,23600.0,29.72,1300,29.74,300,-0.1,29.75,29.72,23600,700000.0,0.01,0.1,69.73,69.73,32.73,26.78,2.33
美畅股份,sz300861,19.11,19.31,19.29,165100.0,19.1,100,19.11,5100,-1.04,19.29,19.08,165100,3170000.0,0.04,1.09,80.62,128.39,23.17,15.45,1.36
华鑫股份,sh600621,16.66,16.61,16.66,355600.0,16.65,10300,16.66,79500,0.3,16.68,16.63,355600,5920000.0,0.03,0.3,176.75,176.75,18.27,14.95,3.0
科新机电,sz300092,15.6,15.7,15.66,56400.0,15.61,500,15.63,2800,-0.64,15.66,15.58,56400,880000.0,0.03,0.51,32.74,42.73,18.84,12.56,3.29
濮阳惠成,sz300481,17.36,17.48,17.38,71000.0,17.35,1700,17.36,5500,-0.69,17.46,17.36,71000,1240000.0,0.02,0.57,50.36,50.67,20.98,13.98,2.6
南都电源,sz300068,15.62,15.77,15.7,307200.0,15.62,10100,15.63,8700,-0.95,15.7,15.62,307200,4810000.0,0.04,0.51,133.27,140.32,18.92,12.62,3.35
菜百股份,sh605599,24.51,25.05,23.88,280900.0,24.5,5300,24.56,2000,-2.16,24.64,23.88,280900,6740000.0,0.04,3.03,190.63,190.63,27.56,22.55,3.62
跃岭股份,sz002725,15.2,15.25,15.26,77900.0,15.19,5900,15.2,400,-0.33,15.26,15.2,77900,1190000.0,0.04,0.39,32.23,38.91,16.78,13.73,2.62
银都股份,sh603277,16.55,16.58,16.55,3900.0,16.55,7400,16.57,100,-0.18,16.55,16.55,3900,60000.0,0.0,0.0,100.91,101.57,18.24,14.92,0.85
华瓷股份,sz001216,17.97,17.98,17.99,43200.0,17.95,1600,17.97,4000,-0.06,18.0,17.97,43200,780000.0,0.02,0.17,44.13,45.26,19.78,16.18,1.64
以岭药业,sz002603,17.56,17.51,17.52,198600.0,17.56,3300,17.58,24200,0.29,17.58,17.48,198600,3480000.0,0.01,0.57,241.77,293.38,19.26,15.76,1.74
汇通控股,sh603409,37.48,37.48,37.5,1100.0,37.36,2100,37.47,1400,0.0,37.5,37.48,1100,40000.0,0.0,0.05,11.81,47.24,41.23,33.73,0.15
协昌科技,sz301418,39.58,39.56,39.64,10100.0,39.58,100,39.6,300,0.05,39.64,39.58,10100,400000.0,0.03,0.15,11.65,29.03,47.47,31.65,3.05
双乐股份,sz301036,33.59,33.8,33.87,43200.0,33.58,1900,33.59,300,-0.62,33.98,33.58,43200,1460000.0,0.06,1.18,23.66,33.59,40.56,27.04,1.41
运达股份,sz300772,18.84,18.92,18.96,79900.0,18.84,100,18.91,1300,-0.42,18.96,18.8,79900,1510000.0,0.01,0.85,131.47,148.24,22.7,15.14,1.72
华润双鹤,sh600062,18.51,18.51,18.52,33000.0,18.51,4000,18.52,12500,0.0,18.52,18.5,33000,610000.0,0.0,0.11,191.2,192.27,20.36,16.66,1.34
富乐德,sz301297,39.96,40.15,39.95,52500.0,39.95,8400,39.96,1100,-0.47,40.1,39.95,52500,2100000.0,0.02,0.37,136.24,296.98,48.18,32.12,2.4
美邦股份,sh605033,28.67,26.06,28.67,1371300.0,28.67,15184000,0.0,0,10.02,28.67,28.67,1371300,39320000.0,1.01,0.0,38.76,38.76,28.67,23.45,98.08
易德龙,sh603380,38.83,38.92,38.73,6100.0,38.83,700,38.88,100,-0.23,38.84,38.73,6100,240000.0,0.0,0.28,62.3,62.3,42.81,35.03,1.1
瑞普生物,sz300119,19.3,19.11,19.18,58300.0,19.23,700,19.3,15800,0.99,19.3,19.18,58300,1120000.0,0.02,0.63,64.65,89.7,22.93,15.29,3.93
禾昌聚合,bj920089,20.28,20.1,20.1,7700.0,20.11,100,20.24,400,0.9,20.28,20.1,7700,156300.0,0.01,0.9,18.96,30.56,26.13,14.07,1.24
永臻股份,sh603381,31.61,31.24,31.09,501800.0,31.61,600,31.9,800,1.18,31.99,31.09,501800,15650000.0,0.35,2.88,44.93,75.0,34.36,28.12,5.51
坤泰股份,sz001260,22.53,22.37,22.38,56200.0,22.51,7800,22.53,1700,0.72,22.53,22.33,56200,1260000.0,0.18,0.89,7.15,25.91,24.61,20.13,5.14
正海生物,sz300653,20.56,20.53,20.5,5200.0,20.53,800,20.56,8200,0.15,20.56,20.5,5200,110000.0,0.0,0.29,37.01,37.01,24.64,16.42,0.71
中信博,sh688408,47.28,47.19,47.1,9221000.0,47.2,1100,47.29,0,0.19,47.29,47.06,9221000,4340000.0,0.04,0.49,103.57,103.57,56.63,37.75,4.14
天德钰,sh688252,22.85,23.02,22.95,5705300.0,22.85,19000,22.9,11800,-0.74,22.95,22.85,5705300,1310000.0,0.03,0.43,42.46,93.46,27.62,18.42,3.06
中电港,sz001287,23.66,23.8,23.58,255600.0,23.65,800,23.66,3300,-0.59,23.67,23.52,255600,6030000.0,0.06,0.63,103.49,179.79,26.18,21.42,4.1
星辉环材,sz300834,25.27,25.23,25.24,41100.0,25.27,900,25.28,300,0.16,25.49,25.23,41100,1040000.0,0.02,1.03,48.63,48.95,30.28,20.18,2.08
交控科技,sh688015,25.7,25.84,25.63,1143200.0,25.7,6000,25.74,400,-0.54,25.74,25.63,1143200,290000.0,0.01,0.43,48.49,48.49,31.01,20.67,1.43
上海亚虹,sh603159,26.49,26.55,26.49,14300.0,26.36,1700,26.49,10600,-0.23,26.86,26.49,14300,380000.0,0.01,1.39,37.09,37.09,29.21,23.9,1.66
信音电子,sz301329,24.45,24.48,24.48,59700.0,24.45,400,24.48,1200,-0.12,24.48,24.1,59700,1460000.0,0.1,1.55,14.66,41.61,29.38,19.58,5.48
振江股份,sh603507,32.17,32.29,32.16,104800.0,32.12,200,32.17,500,-0.37,32.23,32.15,104800,3370000.0,0.06,0.25,58.48,59.29,35.52,29.06,1.88
鸿泉技术,sh688288,29.35,29.44,29.44,2590800.0,29.29,600,29.35,3300,-0.31,29.44,29.32,2590800,760000.0,0.03,0.41,29.3,29.3,35.33,23.55,1.91
楚环科技,sz001336,27.6,27.66,27.79,17100.0,27.6,12100,27.68,800,-0.22,27.79,27.51,17100,470000.0,0.04,1.01,12.86,22.18,30.43,24.89,2.64
星网锐捷,sz002396,30.1,29.9,29.75,417400.0,30.1,5900,30.11,400,0.67,30.14,29.71,417400,12440000.0,0.07,1.44,175.57,176.29,32.89,26.91,7.2
蓝宇股份,sz301585,31.55,31.64,31.51,26900.0,31.55,100,31.7,1000,-0.28,31.76,31.39,26900,850000.0,0.04,1.17,21.49,32.81,37.97,25.31,6.01
科伦药业,sz002422,31.86,31.76,31.86,64700.0,31.86,6900,31.87,2400,0.31,31.93,31.77,64700,2060000.0,0.0,0.5,416.05,509.14,34.94,28.58,1.48
灿瑞科技,sh688061,35.73,36.02,35.8,439700.0,35.73,600,35.8,1800,-0.81,35.9,35.73,439700,160000.0,0.01,0.47,16.09,41.05,43.22,28.82,1.32
安旭生物,sh688075,39.36,39.36,0.0,0.0,39.2,600,39.4,600,0.0,0.0,0.0,0,0.0,0.0,0.0,50.02,50.02,47.23,31.49,0.0
卓创资讯,sz301299,62.98,63.57,62.81,38800.0,62.97,800,62.98,500,-0.93,62.98,62.6,38800,2440000.0,0.07,0.6,35.68,38.03,76.28,50.86,4.19
卓易信息,sh688258,142.27,137.35,142.33,40617500.0,141.77,1500,141.9,1500,3.58,143.0,140.0,40617500,57790000.0,0.34,2.18,172.35,172.35,164.82,109.88,16.66
汇顶科技,sh603160,78.27,78.6,78.3,23200.0,78.2,200,78.28,200,-0.42,78.34,78.1,23200,1820000.0,0.0,0.31,364.22,364.22,86.46,70.74,1.34
山西汾酒,sh600809,167.09,166.31,166.31,39500.0,166.95,300,167.18,300,0.47,167.09,166.31,39500,6580000.0,0.0,0.47,2038.44,2038.44,182.94,149.68,1.43
药明康德,sh603259,104.8,104.9,104.89,299700.0,104.8,1200,104.85,500,-0.1,104.89,104.32,299700,31420000.0,0.01,0.54,2592.0,3126.98,115.39,94.41,1.95
百利天恒,sh688506,286.48,289.4,285.9,1122700.0,286.48,200,287.0,200,-1.01,287.01,285.9,1122700,3210000.0,0.0,0.38,1148.78,1182.8,347.28,231.52,1.29
康乐卫士,bj920575,9.91,9.8,9.88,212300.0,9.9,2300,9.91,3400,1.12,9.91,9.83,212300,2097600.0,0.11,0.82,18.61,27.84,12.74,6.86,7.31
美邦科技,bj920471,16.86,16.67,16.7,53900.0,16.86,500,16.88,500,1.14,16.86,16.67,53900,901500.0,0.1,1.14,8.94,14.03,21.67,11.67,1.53
生物谷,bj920266,9.23,9.18,9.18,9400.0,9.19,1300,9.23,4600,0.54,9.23,9.18,9400,86800.0,0.01,0.54,10.94,11.45,11.93,6.43,0.3
佰维存储,sh688525,168.0,170.97,168.98,29772100.0,167.29,300,168.0,2200,-1.74,168.98,167.26,29772100,50210000.0,0.06,1.01,784.78,784.78,205.16,136.78,3.89
哈铁科技,sh688459,9.96,9.96,9.95,619800.0,9.96,400,9.97,7500,0.0,9.97,9.95,619800,60000.0,0.0,0.2,17.49,47.81,11.95,7.97,0.78
洁特生物,sh688026,18.8,18.77,18.8,870900.0,18.69,1000,18.8,4000,0.16,18.85,18.77,870900,160000.0,0.01,0.43,26.38,26.39,22.52,15.02,1.25
中微公司,sh688012,343.0,345.0,342.83,7956800.0,343.0,100,343.82,200,-0.58,345.0,342.5,7956800,27300000.0,0.01,0.72,2147.68,2147.68,414.0,276.0,2.47
确成股份,sh605183,21.25,21.31,21.23,2000.0,21.25,1500,21.4,1700,-0.28,21.25,21.23,2000,40000.0,0.0,0.09,87.64,88.38,23.44,19.18,0.23
联德股份,sh605060,58.26,61.2,57.1,284300.0,57.89,100,58.65,2500,-4.8,59.01,57.1,284300,16340000.0,0.12,3.12,139.21,140.17,67.32,55.08,5.51
威奥股份,sh605001,8.14,8.14,8.14,18700.0,8.12,1100,8.14,8200,0.0,8.14,8.12,18700,150000.0,0.0,0.25,31.98,31.98,8.95,7.33,1.04
卫信康,sh603676,11.24,11.26,11.25,14300.0,11.24,800,11.26,1700,-0.18,11.27,11.23,14300,160000.0,0.0,0.36,48.91,48.91,12.39,10.13,1.98
杭电股份,sh603618,16.6,16.12,16.6,8763200.0,16.6,12100,16.63,84500,2.98,16.76,16.44,8763200,145410000.0,1.27,1.99,114.77,114.77,17.73,14.51,12.29
天创时尚,sh603608,11.26,11.29,11.29,222000.0,11.25,2400,11.26,600,-0.27,11.3,11.23,222000,2510000.0,0.05,0.62,47.26,47.26,12.42,10.16,2.58
纵横通信,sh603602,15.42,15.48,15.4,67800.0,15.4,500,15.42,1700,-0.39,15.42,15.35,67800,1040000.0,0.03,0.45,35.63,35.63,17.03,13.93,1.31
广信股份,sh603599,14.99,14.94,14.83,141700.0,14.99,4900,15.04,5400,0.33,15.05,14.83,141700,2110000.0,0.02,1.47,136.45,136.45,16.43,13.45,0.98
高能环境,sh603588,10.38,10.45,10.39,612100.0,10.36,209100,10.38,4900,-0.67,10.4,10.37,612100,6360000.0,0.04,0.29,158.11,158.11,11.5,9.41,4.46
三星新材,sh603578,14.24,14.26,14.26,69900.0,14.22,100,14.23,100,-0.14,14.26,14.17,69900,1000000.0,0.04,0.63,25.68,25.68,15.69,12.83,1.99
惠达卫浴,sh603385,7.28,7.28,7.32,58300.0,7.26,10600,7.28,7100,0.0,7.32,7.26,58300,430000.0,0.02,0.82,27.71,27.71,8.01,6.55,3.28
天洋新材,sh603330,7.52,7.52,7.52,12400.0,7.52,23200,7.53,12600,0.0,7.53,7.52,12400,90000.0,0.0,0.13,32.54,32.54,8.27,6.77,0.4
泰瑞机器,sh603289,10.97,10.97,10.99,29400.0,10.95,3000,10.97,100,0.0,10.99,10.97,29400,320000.0,0.01,0.18,32.18,32.18,12.07,9.87,2.18
小方制药,sh603207,29.7,29.72,29.7,6900.0,29.69,100,29.7,3400,-0.07,29.71,29.7,6900,200000.0,0.01,0.03,16.16,47.76,32.69,26.75,1.47
和邦生物,sh603077,2.44,2.45,2.43,2697100.0,2.43,1325500,2.44,57300,-0.41,2.44,2.43,2697100,6560000.0,0.03,0.41,215.49,215.49,2.7,2.21,3.79
科林电气,sh603050,21.09,21.25,21.2,34200.0,21.1,100,21.11,200,-0.75,21.2,21.01,34200,720000.0,0.01,0.89,85.06,85.06,23.38,19.13,2.07
晶方科技,sh603005,32.02,32.23,31.98,386000.0,32.02,24600,32.08,2500,-0.65,32.2,31.98,386000,12350000.0,0.06,0.68,208.83,208.83,35.45,29.01,1.99
中国出版,sh601949,7.22,7.17,7.15,316800.0,7.21,100,7.22,8300,0.7,7.23,7.15,316800,2270000.0,0.02,1.12,137.47,137.47,7.89,6.45,2.05
浙商银行,sh601916,2.97,2.96,2.96,525300.0,2.96,3404800,2.97,8404800,0.34,2.97,2.96,525300,1560000.0,0.0,0.34,639.87,815.7,3.26,2.66,1.08
方正证券,sh601901,7.72,7.72,7.71,329600.0,7.72,10700,7.73,75900,0.0,7.73,7.71,329600,2540000.0,0.0,0.26,635.52,635.52,8.49,6.95,1.87
紫金银行,sh601860,2.8,2.8,2.8,1066000.0,2.8,290700,2.81,2109700,0.0,2.81,2.8,1066000,2990000.0,0.03,0.36,99.44,102.51,3.08,2.52,4.81
光大银行,sh601818,3.31,3.3,3.3,2309500.0,3.3,5472300,3.31,10587600,0.3,3.31,3.29,2309500,7620000.0,0.0,0.61,1536.07,1955.73,3.63,2.97,2.43
新华文轩,sh601811,14.52,14.51,14.52,16800.0,14.5,600,14.52,900,0.07,14.52,14.47,16800,240000.0,0.0,0.34,114.98,179.15,15.96,13.06,0.51
华峰铝业,sh601702,23.07,23.3,23.15,130500.0,23.04,200,23.07,2200,-0.99,23.16,23.04,130500,3020000.0,0.01,0.52,230.36,230.36,25.63,20.97,3.23
平煤股份,sh601666,8.77,8.8,8.8,252500.0,8.76,600,8.77,3100,-0.34,8.8,8.73,252500,2220000.0,0.01,0.8,216.56,216.56,9.68,7.92,1.5
齐鲁银行,sh601665,5.85,5.85,5.85,413800.0,5.85,59500,5.86,98100,0.0,5.86,5.85,413800,2420000.0,0.01,0.17,360.0,360.0,6.44,5.27,1.58
金田股份,sh601609,11.49,11.64,11.51,536800.0,11.48,300,11.49,20300,-1.29,11.51,11.48,536800,6170000.0,0.03,0.26,198.62,198.62,12.8,10.48,3.89
浙文影业,sh601599,4.7,4.59,4.69,3520400.0,4.69,629700,4.7,11500,2.4,4.73,4.68,3520400,16530000.0,0.3,1.09,54.55,54.55,5.05,4.13,3.7
林洋能源,sh601222,6.27,6.29,6.28,438400.0,6.26,288000,6.27,35900,-0.32,6.29,6.26,438400,2750000.0,0.02,0.48,129.17,129.17,6.92,5.66,1.8
上海环境,sh601200,8.41,8.39,8.38,87100.0,8.4,11900,8.41,53100,0.24,8.41,8.38,87100,730000.0,0.01,0.36,113.22,113.22,9.23,7.55,2.21
三角轮胎,sh601163,15.4,15.36,15.37,20600.0,15.4,9600,15.41,6200,0.26,15.42,15.37,20600,320000.0,0.0,0.33,123.2,123.2,16.9,13.82,0.9
深圳燃气,sh601139,6.86,6.85,6.85,207000.0,6.85,3600,6.86,19900,0.15,6.86,6.85,207000,1420000.0,0.01,0.15,197.34,197.34,7.54,6.17,4.04
太平洋,sh601099,4.16,4.17,4.16,1324200.0,4.16,798400,4.17,267100,-0.24,4.17,4.15,1324200,5510000.0,0.02,0.48,283.56,283.56,4.59,3.75,3.86
宏盛华源,sh601096,5.93,5.95,5.9,901000.0,5.91,6200,5.93,54900,-0.34,5.94,5.9,901000,5320000.0,0.05,0.67,97.43,158.64,6.55,5.36,2.0
江盐集团,sh601065,8.52,8.52,8.52,65000.0,8.51,37600,8.52,600,0.0,8.52,8.51,65000,550000.0,0.02,0.12,35.47,54.76,9.37,7.67,2.22
宁波港,sh601018,4.11,4.12,4.12,295800.0,4.11,469100,4.12,241200,-0.24,4.12,4.11,295800,1220000.0,0.0,0.24,799.58,799.58,4.53,3.71,1.2
重庆钢铁,sh601005,1.53,1.54,1.53,2844800.0,1.53,438400,1.54,5160700,-0.65,1.54,1.52,2844800,4350000.0,0.03,1.3,127.2,135.43,1.69,1.39,4.2
唐山港,sh601000,4.23,4.23,4.24,163100.0,4.23,57000,4.24,178400,0.0,4.24,4.23,163100,690000.0,0.0,0.24,250.67,250.67,4.65,3.81,1.15
苏豪汇鸿,sh600981,3.34,3.33,3.35,204700.0,3.34,26900,3.35,134400,0.3,3.35,3.33,204700,680000.0,0.01,0.6,74.9,74.9,3.66,3.0,1.9
维远股份,sh600955,20.15,20.25,20.11,17600.0,20.15,6200,20.17,1500,-0.49,20.25,20.11,17600,350000.0,0.0,0.69,110.83,110.83,22.28,18.23,0.52
西安银行,sh600928,3.78,3.77,3.78,224900.0,3.77,148400,3.78,111800,0.27,3.78,3.77,224900,850000.0,0.01,0.27,167.2,168.0,4.15,3.39,1.42
苏能股份,sh600925,4.69,4.69,4.68,58200.0,4.68,132800,4.69,20300,0.0,4.69,4.68,58200,270000.0,0.0,0.21,75.32,323.09,5.16,4.22,1.46
杉杉股份,sh600884,14.31,14.4,14.35,1424700.0,14.31,29300,14.33,10200,-0.63,14.35,14.31,1424700,20440000.0,0.08,0.28,262.6,321.89,15.84,12.96,1.69
星湖科技,sh600866,7.2,7.24,7.21,227200.0,7.2,155000,7.22,2400,-0.55,7.22,7.2,227200,1640000.0,0.02,0.28,90.42,119.63,7.96,6.52,2.11
金开新能,sh600821,6.54,6.51,6.52,18012000.0,6.53,105700,6.54,81800,0.46,6.59,6.45,18012000,117350000.0,0.9,2.15,130.62,130.62,7.16,5.86,64.88
轻纺城,sh600790,4.01,4.01,4.01,49600.0,4.01,18400,4.02,7600,0.0,4.02,4.01,49600,200000.0,0.0,0.25,58.78,58.78,4.41,3.61,1.11
新钢股份,sh600782,3.98,4.01,3.98,740700.0,3.98,100900,3.99,150300,-0.75,3.99,3.98,740700,2950000.0,0.02,0.25,125.2,126.72,4.41,3.61,2.2
西藏城投,sh600773,13.37,13.56,13.36,134100.0,13.36,2300,13.37,54500,-1.4,13.42,13.36,134100,1790000.0,0.01,0.44,127.23,127.23,14.92,12.2,2.63
广誉远,sh600771,17.96,17.92,17.92,34400.0,17.96,5800,17.97,2600,0.22,17.97,17.92,34400,620000.0,0.01,0.28,87.91,87.91,19.71,16.13,1.1
长江传媒,sh600757,9.14,9.17,9.15,84900.0,9.13,2000,9.14,9100,-0.33,9.16,9.13,84900,780000.0,0.01,0.33,110.91,110.93,10.09,8.25,1.3
华电能源,sh600726,2.57,2.57,2.56,404600.0,2.56,36900,2.57,257800,0.0,2.57,2.55,404600,1040000.0,0.01,0.78,192.12,203.22,2.83,2.31,3.0
南京医药,sh600713,5.48,5.48,5.48,122400.0,5.47,2200,5.48,14900,0.0,5.49,5.47,122400,670000.0,0.01,0.36,70.68,71.73,6.03,4.93,2.3
上海石化,sh600688,3.15,3.19,3.15,888500.0,3.14,129200,3.15,164300,-1.25,3.16,3.14,888500,2800000.0,0.01,0.63,230.86,332.09,3.51,2.87,4.46
光明乳业,sh600597,7.96,7.94,7.94,295800.0,7.97,100,7.98,30100,0.25,7.97,7.94,295800,2350000.0,0.02,0.38,109.73,109.73,8.73,7.15,8.99
士兰微,sh600460,32.13,32.27,32.04,1254800.0,32.12,700,32.13,200,-0.43,32.27,32.0,1254800,40220000.0,0.08,0.84,534.67,534.67,35.5,29.04,4.9
冠豪高新,sh600433,3.49,3.5,3.5,719400.0,3.48,257600,3.49,1400,-0.29,3.51,3.48,719400,2520000.0,0.04,0.86,61.08,61.08,3.85,3.15,5.75
三友化工,sh600409,7.86,7.97,7.98,283200.0,7.85,32200,7.86,5300,-1.38,7.99,7.85,283200,2250000.0,0.01,1.76,162.26,162.26,8.77,7.17,1.4
盘江股份,sh600395,5.73,5.78,5.75,182000.0,5.72,94600,5.73,700,-0.87,5.75,5.72,182000,1050000.0,0.01,0.52,123.0,123.0,6.36,5.2,0.98
浙江龙盛,sh600352,16.6,16.71,16.6,1725100.0,16.6,25100,16.62,4500,-0.66,16.62,16.5,1725100,28610000.0,0.05,0.72,540.05,540.05,18.38,15.04,2.87
美克家居,sh600337,2.55,2.55,2.55,633900.0,2.54,108100,2.55,142200,0.0,2.56,2.54,633900,1620000.0,0.04,0.78,36.64,36.64,2.81,2.3,4.4
广西能源,sh600310,3.93,3.94,3.93,44400.0,3.93,312500,3.94,41600,-0.25,3.94,3.93,44400,170000.0,0.0,0.25,57.6,57.6,4.33,3.55,0.79
华泰股份,sh600308,4.12,4.13,4.11,740800.0,4.11,48000,4.13,781600,-0.24,4.13,4.11,740800,3050000.0,0.05,0.48,62.5,62.5,4.54,3.72,6.51
酒钢宏兴,sh600307,1.82,1.82,1.82,1209600.0,1.81,1597300,1.82,868400,0.0,1.82,1.81,1209600,2200000.0,0.02,0.55,113.99,113.99,2.0,1.64,4.67
维维股份,sh600300,3.7,3.68,3.69,872100.0,3.68,311700,3.7,119500,0.54,3.71,3.68,872100,3220000.0,0.05,0.82,59.83,59.83,4.05,3.31,4.67
钱江水利,sh600283,9.29,9.29,9.29,23400.0,9.28,5100,9.29,3600,0.0,9.29,9.28,23400,220000.0,0.0,0.11,50.55,52.1,10.22,8.36,1.82
阳光照明,sh600261,3.82,3.81,3.78,946200.0,3.82,11300,3.83,43500,0.26,3.83,3.78,946200,3590000.0,0.07,1.31,51.0,51.0,4.19,3.43,9.15
民丰特纸,sh600235,7.12,7.13,7.11,37200.0,7.11,9900,7.12,16200,-0.14,7.12,7.11,37200,260000.0,0.01,0.14,25.01,25.01,7.84,6.42,1.22
浙江医药,sh600216,16.0,16.04,16.02,177400.0,16.0,13000,16.01,47000,-0.25,16.06,16.0,177400,2840000.0,0.02,0.37,152.22,153.86,17.64,14.44,0.96
雅戈尔,sh600177,7.41,7.41,7.4,163500.0,7.4,110800,7.41,600,0.0,7.41,7.4,163500,1210000.0,0.0,0.13,342.6,342.6,8.15,6.67,2.4
国投资本,sh600061,7.75,7.73,7.74,465700.0,7.75,17400,7.76,65000,0.26,7.76,7.74,465700,3610000.0,0.01,0.26,495.53,495.53,8.5,6.96,3.17
楚天高速,sh600035,3.93,3.94,3.94,74700.0,3.93,526900,3.94,50700,-0.25,3.94,3.93,74700,290000.0,0.0,0.25,63.28,63.28,4.33,3.55,1.87
浙江新能,sh600032,7.96,7.94,7.95,103100.0,7.93,4200,7.96,10800,0.25,7.98,7.93,103100,820000.0,0.0,0.63,191.41,191.41,8.73,7.15,3.5
山东钢铁,sh600022,1.63,1.64,1.64,858100.0,1.63,1963400,1.64,3951300,-0.61,1.64,1.63,858100,1400000.0,0.01,0.61,174.39,174.39,1.8,1.48,1.62
上港集团,sh600018,5.06,5.05,5.05,662000.0,5.05,74600,5.06,852200,0.2,5.06,5.04,662000,3340000.0,0.0,0.4,1176.28,1177.97,5.56,4.55,3.46
首创环保,sh600008,3.04,3.04,3.04,579800.0,3.04,3163700,3.05,1562900,0.0,3.05,3.04,579800,1760000.0,0.01,0.33,223.15,223.15,3.34,2.74,1.96
民生健康,sz301507,15.67,15.66,15.67,46300.0,15.66,100,15.68,200,0.06,15.68,15.61,46300,720000.0,0.04,0.45,17.27,55.87,18.79,12.53,2.35
泓淋电力,sz301439,16.57,16.63,16.61,71900.0,16.56,16000,16.57,800,-0.36,16.62,16.57,71900,1190000.0,0.04,0.3,30.36,64.47,19.96,13.3,3.03
荣旗科技,sz301360,80.1,79.9,80.01,31200.0,80.1,100,80.3,1300,0.25,80.27,79.85,31200,2490000.0,0.12,0.53,20.39,42.73,95.88,63.92,4.56
明阳电气,sz301291,52.41,52.55,52.0,377500.0,52.41,1100,52.5,4600,-0.27,52.55,51.82,377500,19650000.0,0.23,1.39,84.71,163.62,63.06,42.04,7.65
万凯新材,sz301216,22.11,22.03,22.09,89900.0,22.11,400,22.14,22800,0.36,22.13,22.05,89900,1990000.0,0.02,0.36,121.23,128.28,26.44,17.62,1.74
观想科技,sz301213,74.97,75.18,75.18,10900.0,74.84,100,74.99,100,-0.28,75.18,74.81,10900,820000.0,0.02,0.49,38.77,59.98,90.22,60.14,1.51
联检科技,sz301115,18.62,18.67,18.67,14200.0,18.6,2300,18.61,200,-0.27,18.68,18.62,14200,260000.0,0.01,0.32,22.69,34.17,22.4,14.94,1.13
华润材料,sz301090,7.63,7.63,7.62,82300.0,7.63,5100,7.64,11400,0.0,7.66,7.62,82300,630000.0,0.01,0.52,112.23,112.35,9.16,6.1,2.66
上海艾录,sz301062,10.15,10.13,10.12,85100.0,10.13,29100,10.15,39300,0.2,10.2,10.12,85100,860000.0,0.03,0.79,31.63,43.88,12.16,8.1,1.27
兰卫医学,sz301060,11.2,11.17,11.19,77300.0,11.2,6300,11.21,300,0.27,11.22,11.19,77300,870000.0,0.02,0.27,40.34,44.86,13.4,8.94,3.08
保立佳,sz301037,16.08,16.11,16.14,26200.0,16.07,200,16.09,2400,-0.19,16.17,16.07,26200,420000.0,0.04,0.62,10.93,22.36,19.33,12.89,3.55
读客文化,sz301025,13.17,13.3,13.0,2265300.0,13.17,29800,13.19,1500,-0.98,13.23,13.0,2265300,29590000.0,0.82,1.73,36.5,52.72,15.96,10.64,12.68
利安科技,sz300784,56.11,56.31,56.3,5600.0,56.11,300,56.2,200,-0.36,56.3,56.0,5600,310000.0,0.03,0.53,9.5,31.55,67.57,45.05,1.49
华宝股份,sz300741,18.89,18.8,18.8,30100.0,18.88,5500,18.89,6700,0.48,18.89,18.8,30100,570000.0,0.0,0.48,116.34,116.34,22.56,15.04,2.13
新余国科,sz300722,32.56,32.41,32.43,35700.0,32.56,100,32.58,600,0.46,32.58,32.43,35700,1160000.0,0.01,0.46,90.11,90.11,38.89,25.93,2.61
大烨智能,sz300670,7.12,7.15,7.1,79300.0,7.11,100,7.12,9500,-0.42,7.14,7.1,79300,560000.0,0.04,0.56,16.0,22.56,8.58,5.72,2.66
欧普康视,sz300595,15.66,15.63,15.63,88400.0,15.65,1700,15.66,400,0.19,15.66,15.61,88400,1380000.0,0.01,0.32,104.69,140.2,18.76,12.5,2.65
奥联电子,sz300585,17.67,17.65,17.66,73600.0,17.66,3300,17.67,11400,0.11,17.72,17.66,73600,1300000.0,0.04,0.34,30.24,30.24,21.18,14.12,3.6
达威股份,sz300535,21.77,21.82,21.63,27600.0,21.75,1500,21.76,100,-0.23,21.86,21.63,27600,600000.0,0.04,1.05,17.0,23.3,26.18,17.46,2.75
东杰智能,sz300486,22.08,22.09,22.15,173900.0,22.08,38600,22.1,100,-0.05,22.26,22.03,173900,3850000.0,0.04,1.04,105.32,105.35,26.51,17.67,3.51
东通退,sz300379,1.72,1.72,0.0,0.0,0.0,0,0.0,0,0.0,0.0,0.0,0,0.0,0.0,0.0,9.06,9.6,-1.0,-1.0,0.0
百纳千成,sz300291,8.78,8.87,8.8,670800.0,8.76,900,8.78,5000,-1.01,8.88,8.76,670800,5910000.0,0.07,1.35,81.72,82.7,10.64,7.1,2.11
新天科技,sz300259,4.74,4.75,4.75,150300.0,4.74,47000,4.75,87500,-0.21,4.75,4.73,150300,710000.0,0.01,0.42,55.44,55.45,5.7,3.8,1.3
东方电热,sz300217,6.15,6.13,6.16,759200.0,6.14,208500,6.15,41800,0.33,6.17,6.12,759200,4670000.0,0.06,0.82,75.46,90.9,7.36,4.9,1.55
长荣股份,sz300195,8.83,8.85,8.82,91200.0,8.82,1300,8.83,16000,-0.23,8.84,8.81,91200,800000.0,0.03,0.34,27.72,37.41,10.62,7.08,1.54
通裕重工,sz300185,3.01,3.03,3.02,592000.0,3.01,848900,3.02,422800,-0.66,3.02,3.01,592000,1790000.0,0.02,0.33,111.58,117.3,3.64,2.42,1.83
捷成股份,sz300182,8.72,8.95,8.73,27285900.0,8.7,48100,8.72,31900,-2.57,8.76,8.6,27285900,237560000.0,1.21,1.79,196.98,232.29,10.74,7.16,10.17
*ST新研,sz300159,3.08,3.09,3.09,663000.0,3.08,328200,3.09,65900,-0.32,3.09,3.08,663000,2050000.0,0.04,0.32,56.42,101.34,3.71,2.47,8.49
银河磁体,sz300127,36.95,37.29,37.0,304700.0,36.95,3200,36.98,2200,-0.91,37.2,36.78,304700,11250000.0,0.13,1.13,85.29,119.4,44.75,29.83,5.3
易成新能,sz300080,5.2,5.23,5.21,421600.0,5.19,98400,5.2,23000,-0.57,5.22,5.19,421600,2190000.0,0.02,0.57,97.28,97.42,6.28,4.18,1.89
三川智慧,sz300066,7.27,7.31,7.25,641700.0,7.26,3100,7.27,7600,-0.55,7.28,7.22,641700,4650000.0,0.06,0.82,73.13,75.61,8.77,5.85,2.55
华谊兄弟,sz300027,2.0,1.98,2.02,5821200.0,1.99,293800,2.0,154200,1.01,2.02,1.99,5821200,11720000.0,0.23,1.52,49.7,55.49,2.38,1.58,5.46
北陆药业,sz300016,10.11,10.07,10.13,345200.0,10.1,29500,10.11,14300,0.4,10.13,10.08,345200,3490000.0,0.06,0.5,56.83,56.91,12.08,8.06,1.97
日久光电,sz003015,17.32,17.39,17.34,38800.0,17.3,6500,17.31,1200,-0.4,17.34,17.3,38800,670000.0,0.02,0.23,42.85,48.68,19.13,15.65,0.76
郑州银行,sz002936,1.92,1.92,1.92,1139800.0,1.92,18465800,1.93,24690200,0.0,1.93,1.92,1139800,2190000.0,0.02,0.52,134.96,174.57,2.11,1.73,2.76
锋龙股份,sz002931,86.02,85.95,86.0,957200.0,86.01,300,86.02,100,0.08,86.95,85.99,957200,82420000.0,0.48,1.12,173.12,187.96,94.55,77.36,9.01
联诚精密,sz002921,23.67,23.83,23.84,29900.0,23.67,4900,23.69,1000,-0.67,23.84,23.67,29900,710000.0,0.03,0.71,26.95,35.26,26.21,21.45,0.85
同兴达,sz002845,15.0,15.09,15.07,78100.0,15.0,5400,15.01,1200,-0.6,15.07,15.0,78100,1180000.0,0.03,0.46,37.54,49.13,16.6,13.58,2.73
张家港行,sz002839,4.69,4.67,4.66,539100.0,4.68,19300,4.69,179300,0.43,4.69,4.66,539100,2520000.0,0.02,0.64,114.53,114.64,5.14,4.2,4.32
第一创业,sz002797,6.88,6.86,6.88,802300.0,6.88,26700,6.89,136400,0.29,6.89,6.86,802300,5520000.0,0.02,0.44,289.13,289.13,7.55,6.17,6.72
新宝股份,sz002705,14.13,14.16,14.14,44100.0,14.13,5700,14.14,3100,-0.21,14.15,14.13,44100,620000.0,0.01,0.14,114.19,114.72,15.58,12.74,1.85
*ST双成,sz002693,7.63,7.62,7.68,101800.0,7.63,2000,7.66,100,0.13,7.68,7.63,101800,780000.0,0.02,0.66,31.36,31.64,8.0,7.24,4.2
卫星化学,sz002648,22.4,22.93,22.51,1513800.0,22.39,35500,22.4,39300,-2.31,22.55,22.39,1513800,34040000.0,0.04,0.7,754.09,754.58,25.22,20.64,6.63
华宏科技,sz002645,16.25,16.5,16.39,474800.0,16.2,13400,16.25,20000,-1.52,16.46,16.18,474800,7760000.0,0.08,1.7,90.83,101.99,18.15,14.85,4.24
赞宇科技,sz002637,13.94,13.87,13.85,121300.0,13.88,200,13.9,100,0.5,13.98,13.85,121300,1680000.0,0.03,0.94,61.72,65.57,15.26,12.48,2.55
ST瑞和,sz002620,6.35,6.33,6.36,47700.0,6.33,6500,6.35,2600,0.32,6.36,6.35,47700,300000.0,0.02,0.16,20.03,23.97,6.65,6.01,1.45
奥佳华,sz002614,6.98,6.98,6.97,113000.0,6.98,7700,6.99,6200,0.0,6.99,6.96,113000,790000.0,0.03,0.43,30.78,43.52,7.68,6.28,2.19
山东章鼓,sz002598,10.07,10.05,10.01,61900.0,10.05,8900,10.06,1500,0.2,10.1,10.01,61900,620000.0,0.02,0.9,28.34,31.42,11.06,9.05,2.79
益盛药业,sz002566,8.42,8.33,8.39,89000.0,8.41,200,8.42,3200,1.08,8.42,8.38,89000,750000.0,0.04,0.48,19.52,27.87,9.16,7.5,3.93
千红制药,sz002550,7.81,7.81,7.81,71700.0,7.8,52400,7.81,400,0.0,7.83,7.8,71700,560000.0,0.01,0.38,73.51,99.95,8.59,7.03,1.61
齐峰新材,sz002521,8.59,8.57,8.55,40700.0,8.58,3500,8.59,4600,0.23,8.59,8.55,40700,350000.0,0.01,0.47,35.94,48.11,9.43,7.71,2.18
华斯股份,sz002494,5.75,5.73,5.75,204100.0,5.74,10100,5.75,300,0.35,5.79,5.73,204100,1170000.0,0.07,1.05,16.49,21.7,6.3,5.16,4.54
富春环保,sz002479,5.23,5.25,5.24,99100.0,5.22,99600,5.23,17200,-0.38,5.24,5.23,99100,520000.0,0.01,0.19,45.14,45.24,5.78,4.73,2.06
青龙管业,sz002457,12.56,12.6,12.59,113300.0,12.56,11700,12.57,4300,-0.32,12.6,12.56,113300,1430000.0,0.03,0.32,41.87,41.89,13.86,11.34,1.5
长高电新,sz002452,10.28,10.4,10.38,219900.0,10.28,11400,10.29,2500,-1.15,10.38,10.28,219900,2280000.0,0.04,0.96,53.04,63.77,11.44,9.36,2.12
闰土股份,sz002440,15.37,14.95,14.96,1867000.0,15.37,33100,15.44,3800,2.81,15.44,14.96,1867000,28220000.0,0.2,3.21,145.46,172.76,16.45,13.46,3.76
毅昌科技,sz002420,8.24,8.26,8.24,104000.0,8.23,3900,8.24,500,-0.24,8.28,8.23,104000,860000.0,0.03,0.61,32.92,33.89,9.09,7.43,2.17
西部建设,sz002302,6.45,6.47,6.48,940200.0,6.45,15600,6.46,29100,-0.31,6.48,6.45,940200,6090000.0,0.07,0.46,81.42,81.42,7.12,5.82,6.07
浙富控股,sz002266,4.91,4.96,4.92,2519100.0,4.91,69500,4.92,215600,-1.01,4.92,4.9,2519100,12380000.0,0.05,0.4,240.43,256.27,5.46,4.46,6.23
嘉应制药,sz002198,7.01,6.98,6.97,72700.0,7.01,13200,7.02,38200,0.43,7.01,6.96,72700,510000.0,0.01,0.72,35.57,35.58,7.68,6.28,1.21
证通电子,sz002197,9.31,9.2,9.25,702400.0,9.31,24600,9.33,78000,1.2,9.36,9.25,702400,6510000.0,0.13,1.2,49.72,57.2,10.12,8.28,6.8
莱茵生物,sz002166,8.9,8.93,8.9,199900.0,8.9,8000,8.91,6100,-0.34,8.91,8.89,199900,1780000.0,0.03,0.22,65.85,66.0,9.82,8.04,3.89
广电运通,sz002152,13.44,13.49,13.41,430500.0,13.44,1900,13.46,6300,-0.37,13.45,13.39,430500,5770000.0,0.02,0.44,333.6,333.77,14.84,12.14,3.9
ST汇洲,sz002122,3.11,3.1,3.1,297400.0,3.1,544600,3.11,52200,0.32,3.11,3.1,297400,920000.0,0.01,0.32,61.83,62.25,3.26,2.95,2.96
三钢闽光,sz002110,4.33,4.35,4.34,117400.0,4.33,34500,4.34,44700,-0.46,4.35,4.32,117400,510000.0,0.0,0.69,105.18,105.18,4.79,3.92,1.07
中泰化学,sz002092,7.18,7.25,7.25,1993100.0,7.18,28600,7.19,5700,-0.97,7.26,7.18,1993100,14430000.0,0.08,1.1,184.93,185.96,7.98,6.53,4.79
横店东磁,sz002056,20.84,20.85,20.8,379500.0,20.84,200,20.85,1500,-0.05,20.94,20.76,379500,7900000.0,0.02,0.86,338.66,339.01,22.94,18.77,4.15
兔 宝 宝,sz002043,17.38,17.37,17.31,60200.0,17.38,1300,17.4,19000,0.06,17.38,17.23,60200,1040000.0,0.01,0.86,127.94,144.21,19.11,15.63,1.53
联创电子,sz002036,10.61,10.64,10.62,439000.0,10.59,14000,10.6,1600,-0.28,10.62,10.57,439000,4650000.0,0.04,0.47,111.77,111.98,11.7,9.58,4.5
京新药业,sz002020,16.85,16.81,16.82,79200.0,16.83,3500,16.84,300,0.24,16.87,16.82,79200,1330000.0,0.01,0.3,121.99,145.08,18.49,15.13,2.2
立新能源,sz001258,7.61,7.69,7.63,238200.0,7.61,18200,7.62,13600,-1.04,7.67,7.61,238200,1820000.0,0.03,0.78,71.03,71.03,8.46,6.92,6.13
弘业期货,sz001236,10.03,9.99,10.02,222400.0,10.03,53200,10.04,10900,0.4,10.06,10.02,222400,2230000.0,0.03,0.4,76.04,101.08,10.99,8.99,8.81
兰州银行,sz001227,2.32,2.31,2.31,468600.0,2.31,2336600,2.32,8894200,0.43,2.32,2.31,468600,1080000.0,0.01,0.43,97.85,132.14,2.54,2.08,1.64
ST数源,sz000909,5.78,5.79,5.77,18500.0,5.77,1700,5.78,300,-0.17,5.78,5.77,18500,110000.0,0.0,0.17,25.3,25.3,6.08,5.5,1.26
现代投资,sz000900,4.2,4.2,4.19,197900.0,4.19,391900,4.2,2400,0.0,4.21,4.19,197900,830000.0,0.01,0.48,63.75,63.75,4.62,3.78,4.27
电投绿能,sz000875,6.92,6.98,6.92,984600.0,6.92,177900,6.95,18300,-0.86,6.97,6.92,984600,6820000.0,0.03,0.72,231.29,251.01,7.68,6.28,2.7
国安股份,sz000839,3.39,3.08,3.39,49921600.0,3.39,699572800,0.0,0,10.06,3.39,3.39,49921600,169230000.0,1.27,0.0,132.88,132.88,3.39,2.77,78.14
超声电子,sz000823,14.94,14.97,14.9,505800.0,14.93,1500,14.94,600,-0.2,15.0,14.9,505800,7550000.0,0.09,0.67,80.22,80.23,16.47,13.47,5.38
冰轮环境,sz000811,17.9,18.31,17.98,855800.0,17.9,6200,17.91,2000,-2.24,18.01,17.9,855800,15370000.0,0.09,0.6,175.13,177.65,20.14,16.48,6.9
中国武夷,sz000797,3.12,3.1,3.12,600700.0,3.12,44300,3.13,141800,0.65,3.13,3.11,600700,1870000.0,0.04,0.65,49.0,49.01,3.41,2.79,3.85
英洛华,sz000795,10.29,10.39,10.32,440300.0,10.28,31200,10.29,5700,-0.96,10.35,10.29,440300,4540000.0,0.04,0.58,116.66,116.66,11.43,9.35,5.26
国海证券,sz000750,4.2,4.2,4.2,446600.0,4.2,22800,4.21,701300,0.0,4.21,4.19,446600,1880000.0,0.01,0.48,243.44,268.22,4.62,3.78,2.44
湖南发展,sz000722,12.8,12.68,12.89,820700.0,12.8,300,12.81,10700,0.95,12.89,12.77,820700,10550000.0,0.18,0.95,59.41,59.41,13.95,11.41,23.05
双环科技,sz000707,6.59,6.61,6.59,162500.0,6.58,5800,6.59,8400,-0.3,6.6,6.58,162500,1070000.0,0.04,0.3,30.59,38.53,7.27,5.95,3.54
ST沈化,sz000698,3.97,3.96,3.96,187600.0,3.95,100,3.96,17300,0.25,3.97,3.93,187600,740000.0,0.02,1.01,31.19,32.53,4.16,3.76,5.37
*ST金科,sz000656,1.42,1.43,1.42,2277500.0,1.42,14589800,1.43,21372000,-0.7,1.43,1.42,2277500,3230000.0,0.03,0.7,108.06,151.0,1.5,1.36,6.7
顺发恒能,sz000631,3.89,3.9,3.9,191000.0,3.89,31300,3.9,39900,-0.26,3.93,3.89,191000,750000.0,0.01,1.03,93.18,93.18,4.29,3.51,1.41
陕国投Ａ,sz000563,3.54,3.54,3.55,434700.0,3.54,572400,3.55,376800,0.0,3.55,3.54,434700,1540000.0,0.01,0.28,181.03,181.03,3.89,3.19,1.8
西部创业,sz000557,4.96,4.98,4.98,62600.0,4.96,133800,4.97,71800,-0.4,4.98,4.96,62600,310000.0,0.0,0.4,72.31,72.34,5.48,4.48,1.35
新金路,sz000510,17.21,17.55,17.55,2489100.0,17.21,10800,17.36,1300,-1.94,17.64,17.11,2489100,43500000.0,0.41,3.02,104.41,111.61,19.31,15.8,10.1
申万宏源,sz000166,5.06,5.06,5.06,1094700.0,5.06,113200,5.07,1028800,0.0,5.07,5.05,1094700,5540000.0,0.0,0.4,1140.3,1267.02,5.57,4.55,4.02
中集集团,sz000039,11.54,11.51,11.45,1230100.0,11.54,15900,11.56,6800,0.26,11.58,11.44,1230100,14130000.0,0.05,1.22,265.58,622.3,12.66,10.36,2.91
南  玻Ａ,sz000012,4.66,4.67,4.67,465600.0,4.66,1000,4.67,116000,-0.21,4.68,4.65,465600,2170000.0,0.02,0.64,91.3,143.09,5.14,4.2,3.58
深振业Ａ,sz000006,9.29,9.2,9.22,507000.0,9.29,1000,9.3,13500,0.98,9.29,9.2,507000,4680000.0,0.04,0.98,125.41,125.41,10.12,8.28,5.25
思特威-W,sh688213,97.58,98.55,98.08,5208400.0,97.58,100,97.8,4600,-0.98,98.08,97.45,5208400,5100000.0,0.02,0.64,315.68,392.57,118.26,78.84,1.7
键凯科技,sh688356,97.85,98.24,97.8,396500.0,97.85,900,98.21,200,-0.4,97.86,97.75,396500,390000.0,0.01,0.11,59.35,59.35,117.89,78.59,1.02
贵州茅台,sh600519,1490.6,1486.6,1486.6,43600.0,1489.0,1700,1490.6,300,0.27,1490.6,1486.03,43600,64760000.0,0.0,0.31,18666.34,18666.34,1635.26,1337.94,2.12
润和软件,sz300339,49.48,49.71,49.6,255400.0,49.48,3300,49.51,300,-0.46,49.6,49.36,255400,12650000.0,0.03,0.48,384.8,394.06,59.65,39.77,3.83
恒铭达,sz002947,48.58,48.95,48.72,77600.0,48.58,3900,48.59,800,-0.76,48.81,48.58,77600,3780000.0,0.04,0.47,93.58,124.47,53.85,44.06,1.67
新强联,sz300850,43.7,43.88,43.78,89700.0,43.71,300,43.74,100,-0.41,43.8,43.68,89700,3930000.0,0.03,0.27,131.44,180.96,52.66,35.1,1.95
翱捷科技-U,sh688220,94.22,95.5,94.3,9223800.0,94.06,200,94.22,1900,-1.34,94.4,94.17,9223800,8700000.0,0.02,0.24,347.8,394.12,114.6,76.4,2.52
瑞松科技,sh688090,53.57,54.15,54.0,7075400.0,53.22,200,53.5,400,-1.07,54.0,53.23,7075400,3810000.0,0.06,1.42,65.41,65.55,64.98,43.32,1.76
科力装备,sz301552,40.06,40.22,40.25,12100.0,40.0,500,40.05,200,-0.4,40.25,40.05,12100,490000.0,0.05,0.5,9.53,38.14,48.26,32.18,3.64
五 粮 液,sz000858,105.08,104.62,104.7,203100.0,105.03,100,105.08,4600,0.44,105.2,104.7,203100,21300000.0,0.01,0.48,4078.62,4078.79,115.08,94.16,2.52
安图生物,sh603658,36.44,36.27,36.5,25800.0,36.38,100,36.44,5900,0.47,36.5,36.27,25800,940000.0,0.0,0.63,208.23,208.23,39.9,32.64,3.25
朗特智能,sz300916,32.08,32.16,32.08,18400.0,32.08,1900,32.09,3100,-0.25,32.12,32.08,18400,590000.0,0.02,0.12,29.97,46.4,38.59,25.73,2.99
万里石,sz002785,47.5,47.55,47.9,100100.0,47.5,200,47.54,700,-0.11,47.9,47.5,100100,4790000.0,0.05,0.84,91.91,107.64,52.31,42.8,2.25
钧崴电子,sz301458,37.52,37.84,37.77,72400.0,37.52,5600,37.58,3100,-0.85,37.77,37.5,72400,2730000.0,0.06,0.71,44.08,100.05,45.41,30.27,3.16
汇通能源,sh600605,27.96,27.95,27.9,3400.0,27.96,900,28.0,500,0.04,27.96,27.85,3400,90000.0,0.0,0.39,57.68,57.68,30.75,25.16,0.59
国芯科技,sh688262,43.93,44.92,44.07,31704400.0,43.86,8800,43.87,700,-2.2,44.07,43.86,31704400,13960000.0,0.09,0.47,147.6,147.6,53.9,35.94,2.54
海尔智家,sh600690,25.84,25.89,25.88,168100.0,25.83,8700,25.84,7900,-0.19,25.88,25.83,168100,4350000.0,0.0,0.19,1615.78,2423.18,28.48,23.3,1.38
瑞达期货,sz002961,24.04,24.09,24.08,90000.0,24.01,3900,24.04,100,-0.21,24.08,24.0,90000,2160000.0,0.02,0.33,114.65,114.65,26.5,21.68,3.97
有研粉材,sh688456,65.3,64.74,65.48,7525300.0,65.15,600,65.3,1000,0.86,65.88,65.15,7525300,4930000.0,0.07,1.13,67.69,67.69,77.69,51.79,2.91
中国海防,sh600764,28.45,28.52,28.47,60000.0,28.41,3000,28.45,2800,-0.25,28.47,28.3,60000,1710000.0,0.01,0.6,202.17,202.17,31.37,25.67,1.7
伟明环保,sh603568,27.65,27.79,27.52,88000.0,27.6,800,27.65,2200,-0.5,27.75,27.52,88000,2420000.0,0.01,0.83,472.0,472.85,30.57,25.01,3.62
键邦股份,sh603285,35.8,35.9,35.98,23800.0,35.8,4100,35.96,600,-0.28,35.98,35.8,23800,860000.0,0.04,0.5,22.3,57.28,39.49,32.31,1.2
皖仪科技,sh688600,26.78,26.99,26.7,1904600.0,26.78,2700,26.89,2500,-0.78,27.12,26.7,1904600,510000.0,0.01,1.56,36.07,36.07,32.39,21.59,3.53
福立旺,sh688678,25.02,25.03,24.96,2261300.0,25.0,3800,25.02,6100,-0.04,25.03,24.96,2261300,560000.0,0.01,0.28,72.04,72.04,30.04,20.02,0.44
新亚电子,sh605277,25.88,26.14,25.8,220600.0,25.88,900,25.9,500,-0.99,26.12,25.8,220600,5700000.0,0.07,1.22,82.33,83.85,28.75,23.53,3.82
义翘神州,sz301047,74.39,73.84,73.88,6100.0,74.26,100,74.39,400,0.74,74.39,73.84,6100,450000.0,0.01,0.74,88.96,90.49,88.61,59.07,2.21
开普检测,sz003008,24.27,24.26,24.2,22500.0,24.21,5800,24.27,7800,0.04,24.27,24.17,22500,540000.0,0.03,0.41,18.89,25.24,26.69,21.83,3.21
西藏药业,sh600211,42.35,42.37,42.36,12900.0,42.34,300,42.35,1500,-0.05,42.36,42.33,12900,550000.0,0.0,0.07,136.5,136.5,46.61,38.13,1.1
善水科技,sz301190,23.51,23.68,23.78,32200.0,23.5,9700,23.55,400,-0.72,23.79,23.5,32200,760000.0,0.02,1.22,37.46,50.46,28.42,18.94,2.1
宇环数控,sz002903,22.56,22.66,22.53,49200.0,22.57,900,22.59,7700,-0.44,22.56,22.49,49200,1110000.0,0.05,0.31,24.06,35.35,24.93,20.39,2.33
杰恩设计,sz300668,25.25,25.1,25.07,50300.0,25.22,100,25.25,900,0.6,25.34,25.07,50300,1270000.0,0.05,1.08,25.17,30.4,30.12,20.08,4.59
太辰光,sz300570,151.02,154.05,153.33,1041400.0,151.02,10400,151.69,400,-1.97,155.96,150.07,1041400,159290000.0,0.54,3.82,290.25,343.01,184.86,123.24,7.29
江龙船艇,sz300589,21.37,19.95,20.5,3237000.0,21.3,29800,21.37,19000,7.12,21.51,20.46,3237000,67580000.0,1.4,5.26,49.49,80.71,23.94,15.96,17.99
伟创电气,sh688698,88.0,90.2,88.68,5434300.0,87.9,300,88.0,26600,-2.44,89.0,88.0,5434300,4800000.0,0.03,1.11,188.34,188.34,108.24,72.16,2.49
美芯晟,sh688458,41.57,41.67,41.55,1490700.0,41.48,700,41.57,2100,-0.24,41.61,41.4,1490700,620000.0,0.02,0.5,35.36,46.37,50.0,33.34,2.13
人民网,sh603000,26.02,24.71,26.0,6816400.0,26.02,700,26.24,3000,5.3,26.4,25.9,6816400,177570000.0,0.62,2.02,287.7,287.7,27.18,22.24,25.06
激智科技,sz300566,20.59,20.65,20.55,87900.0,20.59,1200,20.6,7900,-0.29,20.6,20.5,87900,1810000.0,0.04,0.48,46.67,53.97,24.78,16.52,2.14
上海医药,sh601607,17.19,17.21,17.2,35700.0,17.19,32500,17.21,21200,-0.12,17.21,17.19,35700,610000.0,0.0,0.12,479.46,637.47,18.93,15.49,1.21
重庆啤酒,sh600132,54.3,54.13,54.32,20300.0,54.14,4800,54.3,5600,0.31,54.33,54.28,20300,1100000.0,0.0,0.09,262.8,262.8,59.54,48.72,1.14
宏力达,sh688330,48.94,49.44,48.89,10764400.0,48.88,3700,48.94,2400,-1.01,48.95,48.79,10764400,5260000.0,0.08,0.32,68.52,68.52,59.33,39.55,5.3
丽珠集团,sz000513,35.28,35.33,35.28,32400.0,35.28,21900,35.29,100,-0.14,35.35,35.28,32400,1140000.0,0.01,0.2,200.37,313.25,38.86,31.8,1.73
华绿生物,sz300970,23.05,23.2,23.18,120500.0,23.05,27000,23.11,100,-0.65,23.18,22.95,120500,2780000.0,0.13,0.99,21.93,28.26,27.84,18.56,6.03
明志科技,sh688355,20.64,20.55,20.45,2161400.0,20.6,100,20.64,1600,0.44,20.64,20.45,2161400,440000.0,0.02,0.92,25.58,25.58,24.66,16.44,4.09
嘉环科技,sh603206,16.97,17.03,17.0,18300.0,16.97,400,16.99,700,-0.35,17.0,16.95,18300,310000.0,0.01,0.29,51.79,51.79,18.73,15.33,2.02
上海机场,sh600009,31.05,31.02,31.02,80700.0,31.03,3200,31.05,2700,0.1,31.07,31.0,80700,2500000.0,0.0,0.23,635.37,772.62,34.12,27.92,1.8
康强电子,sz002119,22.86,22.97,22.95,531800.0,22.82,8500,22.85,1000,-0.48,23.0,22.83,531800,12200000.0,0.14,0.74,85.79,85.79,25.27,20.67,2.97
路桥信息,bj920748,41.95,41.5,42.0,7200.0,41.95,2400,41.98,800,1.08,42.0,41.81,7200,302200.0,0.02,0.46,14.96,32.19,53.95,29.05,1.06
西大门,sh605155,18.98,19.07,19.01,7600.0,18.95,500,18.98,500,-0.47,19.01,18.98,7600,140000.0,0.0,0.16,35.46,36.31,20.98,17.16,0.39
中国稀土,sz000831,58.0,58.36,57.15,797500.0,57.99,18700,58.0,1200,-0.62,58.0,57.15,797500,45740000.0,0.08,1.46,615.51,615.51,64.2,52.52,4.33
长鸿高科,sh605008,13.12,13.12,13.12,10200.0,13.12,900,13.15,1000,0.0,13.16,13.12,10200,130000.0,0.0,0.3,84.75,84.75,14.43,11.81,0.79
瑞联新材,sh688550,46.9,47.16,46.89,460400.0,46.9,2700,46.95,1000,-0.55,46.95,46.89,460400,220000.0,0.0,0.13,81.53,81.53,56.59,37.73,0.37
瀚川智能,sh688022,17.07,17.25,17.08,12391900.0,17.06,400,17.07,200,-1.04,17.1,17.03,12391900,2120000.0,0.07,0.41,30.02,30.02,20.7,13.8,5.31
旭升集团,sh603305,17.68,17.62,17.68,215800.0,17.68,7900,17.7,700,0.34,17.78,17.65,215800,3820000.0,0.02,0.74,204.33,204.33,19.38,15.86,1.85
皇马科技,sh603181,16.7,16.94,16.74,233900.0,16.69,12500,16.7,8900,-1.42,16.8,16.69,233900,3920000.0,0.04,0.65,98.31,98.31,18.63,15.25,5.4
宁波中百,sh600857,13.52,13.47,13.52,15500.0,13.47,1000,13.52,1300,0.37,13.52,13.48,15500,210000.0,0.01,0.3,30.33,30.33,14.82,12.12,1.26
川投能源,sh600674,14.01,14.01,13.99,121100.0,14.0,300,14.01,8800,0.0,14.01,13.98,121100,1690000.0,0.0,0.21,682.93,682.93,15.41,12.61,1.96
冠昊生物,sz300238,15.6,15.61,15.59,31000.0,15.59,1000,15.6,2500,-0.06,15.61,15.57,31000,480000.0,0.01,0.26,41.36,41.36,18.73,12.49,1.76
北方长龙,sz301357,130.3,129.67,129.51,18600.0,130.3,200,130.31,100,0.49,130.5,129.5,18600,2410000.0,0.08,0.77,31.01,124.05,155.6,103.74,2.04
中科蓝讯,sh688332,138.5,139.45,138.5,2204200.0,138.5,900,138.55,22500,-0.68,138.96,138.5,2204200,3050000.0,0.02,0.33,167.03,167.03,167.34,111.56,3.26
维力医疗,sh603309,14.89,14.86,14.89,12100.0,14.89,400,14.9,300,0.2,14.9,14.85,12100,180000.0,0.0,0.34,43.46,43.46,16.35,13.37,0.62
安井食品,sh603345,88.5,88.12,88.28,19600.0,88.5,300,88.79,1100,0.43,88.79,88.28,19600,1730000.0,0.01,0.58,259.57,294.96,96.93,79.31,0.92
通力科技,sz301255,28.74,28.9,28.71,9300.0,28.75,100,28.81,500,-0.55,28.89,28.6,9300,270000.0,0.02,1.0,10.94,43.78,34.68,23.12,2.34
锡南科技,sz301170,30.4,30.55,30.44,14500.0,30.4,500,30.41,100,-0.49,30.44,30.39,14500,440000.0,0.04,0.16,10.21,30.4,36.66,24.44,3.13
复星医药,sh600196,26.86,26.87,26.8,108200.0,26.86,2000,26.9,2200,-0.04,26.9,26.8,108200,2900000.0,0.01,0.37,569.03,717.28,29.56,24.18,1.95
金奥博,sz002917,14.28,14.15,14.35,290600.0,14.28,600,14.29,600,0.92,14.38,14.26,290600,4170000.0,0.11,0.85,37.2,49.64,15.57,12.74,17.54
交大思诺,sz300851,31.55,31.5,31.44,17200.0,31.51,100,31.55,2600,0.16,31.55,31.44,17200,540000.0,0.03,0.35,17.07,27.43,37.8,25.2,3.34
沃尔核材,sz002130,27.63,28.18,27.8,1288200.0,27.63,8200,27.64,1600,-1.95,27.81,27.63,1288200,35750000.0,0.11,0.64,316.23,348.11,31.0,25.36,4.39
奥尼电子,sz301189,41.93,42.03,41.96,5500.0,41.93,400,41.95,200,-0.24,42.0,41.93,5500,230000.0,0.0,0.17,46.86,48.81,50.44,33.62,0.37
三一重能,sh688349,26.4,26.37,26.39,1987700.0,26.3,4000,26.37,1900,0.11,26.5,26.3,1987700,520000.0,0.0,0.76,314.02,323.77,31.64,21.1,1.47
万控智造,sh603070,14.71,14.78,14.76,21700.0,14.63,800,14.65,1000,-0.47,14.76,14.69,21700,320000.0,0.01,0.47,58.17,58.99,16.26,13.3,1.73
通达创智,sz001368,27.64,27.52,27.38,87900.0,27.61,2100,27.64,200,0.44,27.8,27.38,87900,2420000.0,0.27,1.53,8.87,31.46,30.27,24.77,4.32
思林杰,sh688115,49.69,48.9,48.68,769200.0,48.83,1000,48.9,1100,1.62,49.69,48.68,769200,380000.0,0.01,2.07,33.13,33.13,58.68,39.12,1.19
洪汇新材,sz002802,13.79,13.82,13.84,34100.0,13.75,3100,13.78,300,-0.22,13.88,13.75,34100,470000.0,0.02,0.94,25.09,25.14,15.2,12.44,1.65
康希通信,sh688653,13.95,14.03,14.05,2874800.0,13.95,7300,13.96,1000,-0.57,14.05,13.95,2874800,400000.0,0.01,0.71,44.14,59.21,16.84,11.22,1.18
潞安环能,sh601699,14.02,14.22,13.99,568100.0,14.0,10800,14.02,7800,-1.41,14.02,13.96,568100,7950000.0,0.02,0.42,419.4,419.4,15.64,12.8,2.96
争光股份,sz301092,36.7,36.85,36.73,9600.0,36.65,900,36.7,300,-0.41,36.82,36.65,9600,350000.0,0.02,0.46,22.27,49.37,44.22,29.48,1.94
集智股份,sz300553,42.97,42.91,43.03,35800.0,42.95,300,42.99,300,0.14,43.07,42.95,35800,1540000.0,0.04,0.28,36.2,47.71,51.49,34.33,3.23
春立医疗,sh688236,22.24,22.12,22.21,4685700.0,22.2,23800,22.23,200,0.54,22.24,22.18,4685700,1040000.0,0.02,0.27,64.15,85.31,26.54,17.7,6.17
盛天网络,sz300494,14.46,14.5,14.42,464400.0,14.4,3300,14.43,1800,-0.28,14.49,14.4,464400,6700000.0,0.12,0.62,57.6,70.93,17.4,11.6,2.65
线上线下,sz300959,92.66,93.28,93.0,9800.0,92.66,1000,92.74,200,-0.66,93.0,92.66,9800,910000.0,0.02,0.36,48.51,74.47,111.94,74.62,0.96
北矿科技,sh600980,25.82,26.08,25.9,177600.0,25.82,7700,25.84,5300,-1.0,25.94,25.81,177600,4600000.0,0.09,0.5,48.49,48.87,28.69,23.47,4.56
云南白药,sz000538,56.79,56.74,56.74,67000.0,56.79,3300,56.81,200,0.09,56.82,56.74,67000,3800000.0,0.0,0.14,1006.77,1013.28,62.41,51.07,1.98
力合微,sh688589,24.5,24.67,24.46,1164400.0,24.53,200,24.6,3500,-0.69,24.5,24.46,1164400,280000.0,0.01,0.16,35.61,35.61,29.6,19.74,1.02
中捷精工,sz301072,24.0,24.01,24.01,40100.0,23.94,4600,23.99,4800,-0.04,24.15,23.94,40100,960000.0,0.06,0.87,16.11,25.21,28.81,19.21,7.41
凯盛科技,sh600552,14.65,14.8,14.71,176200.0,14.63,9300,14.65,600,-1.01,14.71,14.65,176200,2590000.0,0.02,0.41,138.38,138.38,16.28,13.32,1.27
奥海科技,sz002993,48.95,49.12,49.12,45200.0,48.9,1100,48.95,800,-0.35,49.32,48.9,45200,2220000.0,0.02,0.86,116.72,135.12,54.03,44.21,4.96
道道全,sz002852,11.02,10.96,10.99,95200.0,11.02,3500,11.04,15500,0.55,11.02,10.97,95200,1050000.0,0.03,0.46,31.44,37.91,12.06,9.86,4.78
华骐环保,sz300929,12.2,12.3,12.3,51600.0,12.2,300,12.26,6300,-0.81,12.3,12.2,51600,630000.0,0.04,0.81,15.46,16.12,14.76,9.84,4.47
全柴动力,sh600218,10.62,10.61,10.62,77300.0,10.61,2000,10.62,18000,0.09,10.62,10.61,77300,820000.0,0.02,0.09,46.26,46.26,11.67,9.55,2.31
兰生股份,sh600826,12.3,12.27,12.27,54700.0,12.27,3400,12.3,2200,0.24,12.3,12.27,54700,670000.0,0.01,0.24,90.47,90.47,13.5,11.04,2.29
中谷物流,sh603565,10.64,10.63,10.62,253200.0,10.63,300,10.64,7000,0.09,10.64,10.62,253200,2690000.0,0.01,0.19,223.45,223.45,11.69,9.57,4.66
张  裕Ａ,sz000869,20.8,20.75,20.74,23200.0,20.8,1000,20.81,1000,0.24,20.83,20.74,23200,480000.0,0.01,0.43,94.66,136.71,22.83,18.68,4.73
千金药业,sh600479,10.96,10.99,10.92,66800.0,10.97,1000,10.98,400,-0.27,11.04,10.92,66800,730000.0,0.02,1.09,45.87,53.95,12.09,9.89,1.15
中材国际,sh600970,10.8,10.8,10.8,45400.0,10.79,1000,10.8,56700,0.0,10.82,10.79,45400,490000.0,0.0,0.28,243.2,283.16,11.88,9.72,0.67
中晶科技,sz003026,33.9,34.11,33.99,14400.0,33.92,100,33.97,1800,-0.62,34.0,33.9,14400,490000.0,0.02,0.29,32.44,43.94,37.52,30.7,1.36
陕鼓动力,sh601369,11.15,11.21,11.18,124800.0,11.14,600,11.15,600,-0.54,11.18,11.12,124800,1390000.0,0.01,0.54,190.24,192.17,12.33,10.09,2.39
凤凰传媒,sh601928,10.04,10.06,10.04,105400.0,10.04,14900,10.05,3000,-0.2,10.06,10.04,105400,1060000.0,0.0,0.2,255.51,255.51,11.07,9.05,1.01
摩恩电气,sz002451,10.18,10.23,10.18,155400.0,10.18,11400,10.19,13700,-0.49,10.22,10.18,155400,1580000.0,0.04,0.39,44.71,44.86,11.25,9.21,2.49
盛帮股份,sz301233,55.03,55.13,55.01,9400.0,55.0,1100,55.05,100,-0.18,55.13,54.87,9400,520000.0,0.03,0.47,15.51,28.32,66.16,44.1,3.65
宣泰医药,sh688247,10.22,10.27,10.25,3427000.0,10.24,600,10.25,1100,-0.49,10.28,10.22,3427000,350000.0,0.01,0.58,46.33,46.33,12.32,8.22,3.1
中毅达,sh600610,11.36,11.37,11.36,383600.0,11.36,26100,11.37,100,-0.09,11.41,11.35,383600,4360000.0,0.05,0.53,80.51,121.7,12.51,10.23,1.57
亚光股份,sh603282,21.48,21.5,21.49,13300.0,21.48,100,21.49,2300,-0.09,21.5,21.47,13300,290000.0,0.02,0.14,13.79,28.74,23.65,19.35,1.94
雷赛智能,sz002979,40.83,41.15,41.1,64600.0,40.81,2600,40.83,200,-0.78,41.1,40.81,64600,2650000.0,0.03,0.7,90.23,128.26,45.27,37.04,3.63
正泰电源,sz002150,28.65,29.15,28.84,367800.0,28.64,2400,28.65,4200,-1.72,29.02,28.65,367800,10600000.0,0.1,1.27,102.72,103.39,32.07,26.24,3.19
金道科技,sz301279,31.25,31.3,31.24,29000.0,31.25,1700,31.26,1500,-0.16,31.26,31.24,29000,910000.0,0.03,0.06,30.64,40.54,37.56,25.04,4.93
浙江震元,sz000705,9.43,9.41,9.45,77700.0,9.43,2000,9.44,2400,0.21,9.46,9.42,77700,730000.0,0.03,0.43,26.59,31.51,10.35,8.47,3.11
华能水电,sh600025,9.08,9.08,9.08,84600.0,9.07,15700,9.08,38400,0.0,9.09,9.07,84600,770000.0,0.0,0.22,1634.4,1691.7,9.99,8.17,1.38
国金证券,sh600109,9.2,9.19,9.19,152400.0,9.19,6400,9.2,243800,0.11,9.2,9.18,152400,1400000.0,0.0,0.22,340.89,340.89,10.11,8.27,1.84
中国移动,sh600941,93.47,93.29,93.35,54200.0,93.45,2000,93.47,2200,0.19,93.47,93.35,54200,5060000.0,0.01,0.13,843.82,20237.3,102.62,83.96,1.44
捷顺科技,sz002609,9.99,9.94,10.02,237200.0,9.99,3700,10.0,61100,0.5,10.02,9.95,237200,2370000.0,0.05,0.7,45.89,64.28,10.93,8.95,3.59
大全能源,sh688303,23.93,23.96,23.91,3799200.0,23.93,1400,23.94,1000,-0.13,23.96,23.9,3799200,910000.0,0.0,0.25,513.35,513.35,28.75,19.17,0.8
安迪苏,sh600299,10.4,10.48,10.4,197100.0,10.4,70000,10.42,5000,-0.76,10.44,10.35,197100,2050000.0,0.01,0.86,278.92,320.3,11.53,9.43,1.73
三鑫医疗,sz300453,9.31,9.32,9.32,32000.0,9.3,35900,9.31,16000,-0.11,9.35,9.31,32000,300000.0,0.01,0.43,33.5,48.61,11.18,7.46,1.58
济川药业,sh600566,27.25,27.26,27.26,12300.0,27.25,1200,27.29,100,-0.04,27.35,27.25,12300,340000.0,0.0,0.37,250.22,251.07,29.99,24.53,0.68
ST炼石,sz000697,8.83,8.79,8.78,56000.0,8.81,6300,8.83,500,0.46,8.83,8.78,56000,490000.0,0.01,0.57,57.67,123.27,9.23,8.35,2.63
大宏立,sz300865,29.83,29.7,29.7,5700.0,29.78,200,29.83,1500,0.44,29.84,29.7,5700,170000.0,0.01,0.47,16.78,28.54,35.64,23.76,1.31
皖通科技,sz002331,9.31,9.28,9.3,71800.0,9.28,12600,9.29,2500,0.32,9.33,9.28,71800,670000.0,0.02,0.54,36.85,39.89,10.21,8.35,1.97
英威腾,sz002334,10.01,10.08,10.0,1137600.0,10.0,91300,10.01,12800,-0.69,10.06,9.98,1137600,11380000.0,0.15,0.79,73.48,82.36,11.09,9.07,5.13
华懋科技,sh603306,74.5,75.09,74.26,105600.0,74.41,300,74.5,5100,-0.79,74.98,74.13,105600,7850000.0,0.03,1.13,245.47,245.47,82.6,67.58,1.96
深天马Ａ,sz000050,9.63,9.7,9.66,163800.0,9.62,32300,9.63,12300,-0.72,9.66,9.63,163800,1580000.0,0.01,0.31,236.68,236.68,10.67,8.73,1.39
光大证券,sh601788,16.83,16.78,16.8,191800.0,16.82,14300,16.83,5700,0.3,16.84,16.8,191800,3220000.0,0.0,0.24,657.5,776.0,18.46,15.1,3.11
赛腾股份,sh603283,48.28,48.51,48.3,121900.0,48.2,3700,48.28,2200,-0.47,48.37,48.2,121900,5890000.0,0.04,0.35,130.92,130.92,53.36,43.66,3.46
奥浦迈,sh688293,53.22,53.18,53.2,800000.0,53.2,800,53.31,800,0.08,53.31,53.2,800000,430000.0,0.01,0.21,60.58,69.21,63.82,42.54,0.92
中国核电,sh601985,8.57,8.57,8.57,493500.0,8.56,579300,8.57,330000,0.0,8.58,8.56,493500,4230000.0,0.0,0.23,1618.3,1762.68,9.43,7.71,2.34
世纪华通,sz002602,19.03,19.15,19.0,1140100.0,19.02,6300,19.03,29400,-0.63,19.07,18.96,1140100,21670000.0,0.02,0.57,1293.44,1402.64,21.07,17.24,2.15
博隆技术,sh603325,79.37,79.53,79.37,5500.0,79.38,200,79.96,100,-0.2,79.98,79.37,5500,440000.0,0.02,0.77,27.13,63.5,87.48,71.58,2.47
环球印务,sz002799,9.55,9.51,9.5,96500.0,9.54,1400,9.55,1000,0.42,9.56,9.46,96500,920000.0,0.03,1.05,30.56,30.56,10.46,8.56,1.91
青达环保,sh688501,27.63,27.85,27.84,2580600.0,27.63,3700,27.73,300,-0.79,27.84,27.55,2580600,710000.0,0.02,1.04,34.32,34.32,33.42,22.28,1.71
深南电A,sz000037,9.61,9.63,9.64,106800.0,9.58,1400,9.59,5400,-0.21,9.64,9.56,106800,1020000.0,0.03,0.83,32.57,57.93,10.59,8.67,2.11
浙江建投,sz002761,8.52,8.51,8.5,62500.0,8.52,100,8.53,19100,0.12,8.54,8.5,62500,530000.0,0.01,0.47,92.17,112.88,9.36,7.66,1.73
开普云,sh688228,154.61,154.3,154.6,2366000.0,154.61,600,154.74,1100,0.2,154.95,154.3,2366000,3660000.0,0.04,0.42,104.44,104.44,185.16,123.44,2.17
上海电气,sh601727,8.71,8.8,8.71,2636600.0,8.7,129700,8.71,413300,-1.02,8.73,8.7,2636600,22960000.0,0.02,0.34,1098.82,1353.54,9.68,7.92,6.05
时代万恒,sh600241,8.61,8.59,8.64,91100.0,8.59,1900,8.61,1000,0.23,8.64,8.59,91100,790000.0,0.03,0.58,25.34,25.34,9.45,7.73,4.76
通化东宝,sh600867,8.75,8.75,8.74,345500.0,8.75,18200,8.76,2700,0.0,8.78,8.74,345500,3020000.0,0.02,0.46,171.37,171.37,9.63,7.88,2.65
新恒汇,sz301678,73.02,73.3,73.19,53900.0,73.02,400,73.14,2000,-0.38,73.49,73.02,53900,3950000.0,0.11,0.64,34.98,174.92,87.96,58.64,6.74
鼎捷数智,sz300378,49.44,49.82,49.57,170900.0,49.41,8000,49.44,300,-0.76,49.58,49.36,170900,8460000.0,0.06,0.44,133.26,134.26,59.78,39.86,3.34
豪迈科技,sz002595,96.85,98.56,97.8,55000.0,96.86,100,96.88,1200,-1.73,97.8,96.8,55000,5360000.0,0.01,1.01,769.54,774.8,108.42,88.7,2.31
北京科锐,sz002350,9.76,9.82,9.75,289900.0,9.76,10500,9.77,2000,-0.61,9.81,9.75,289900,2830000.0,0.05,0.61,51.78,52.93,10.8,8.84,3.91
天富龙,sh603406,38.64,38.62,38.7,12100.0,38.64,300,38.65,300,0.05,38.71,38.64,12100,470000.0,0.03,0.18,14.17,154.56,42.48,34.76,2.67
华立股份,sh603038,17.01,17.01,17.01,12200.0,17.01,6600,17.02,100,0.0,17.04,17.01,12200,210000.0,0.0,0.18,45.7,45.7,18.71,15.31,0.87
百合花,sh603823,17.13,17.17,17.1,69400.0,17.13,1500,17.15,500,-0.23,17.13,17.1,69400,1190000.0,0.02,0.17,70.41,71.32,18.89,15.45,1.62
诚志股份,sz000990,8.63,8.69,8.62,359500.0,8.62,13500,8.63,42600,-0.69,8.63,8.6,359500,3100000.0,0.03,0.35,104.87,104.87,9.56,7.82,2.8
华西股份,sz000936,8.22,8.25,8.22,162100.0,8.23,500,8.24,600,-0.36,8.25,8.21,162100,1330000.0,0.02,0.48,72.82,72.83,9.08,7.43,2.2
陆家嘴,sh600663,8.41,8.39,8.4,172000.0,8.4,19100,8.41,1600,0.24,8.43,8.38,172000,1450000.0,0.01,0.6,265.39,423.46,9.23,7.55,3.27
贝斯特,sz300580,24.48,24.52,24.49,60000.0,24.42,300,24.48,1100,-0.16,24.5,24.41,60000,1470000.0,0.01,0.37,115.69,122.97,29.42,19.62,2.72
广信材料,sz300537,24.94,25.11,25.36,133600.0,24.94,100,24.96,200,-0.68,25.36,24.94,133600,3360000.0,0.09,1.67,37.87,51.83,30.13,20.09,2.3
黄山谷捷,sz301581,51.02,51.29,51.01,6900.0,51.02,600,51.16,100,-0.53,51.25,51.01,6900,350000.0,0.01,0.47,24.94,40.82,61.55,41.03,1.11
福莱特,sh601865,17.1,17.17,17.12,184900.0,17.09,7900,17.1,10600,-0.41,17.16,17.08,184900,3160000.0,0.01,0.47,325.08,400.63,18.89,15.45,1.43
果麦文化,sz301052,42.19,42.75,42.33,156200.0,42.09,6600,42.19,200,-1.31,42.48,42.01,156200,6610000.0,0.19,1.1,33.83,41.75,51.3,34.2,2.55
*ST高斯,sz002848,12.36,12.29,12.3,242700.0,12.36,7100,12.39,35900,0.57,12.39,12.3,242700,2990000.0,0.15,0.73,20.38,20.66,12.9,11.68,9.95
鲍斯股份,sz300441,7.93,7.96,7.94,92400.0,7.93,22200,7.97,12100,-0.38,7.96,7.91,92400,730000.0,0.01,0.63,49.69,51.1,9.55,6.37,3.36
真兰仪表,sz301303,15.91,15.88,15.95,29600.0,15.92,400,15.93,1000,0.19,15.99,15.89,29600,470000.0,0.03,0.63,16.19,65.04,19.06,12.7,1.75
军信股份,sz301109,16.03,16.1,16.07,133000.0,16.02,3600,16.03,700,-0.43,16.09,15.92,133000,2130000.0,0.06,1.06,36.97,126.49,19.32,12.88,2.94
和泰机电,sz001225,79.31,79.64,79.64,10400.0,79.31,300,79.32,3400,-0.41,80.03,79.31,10400,830000.0,0.05,0.9,16.69,52.24,87.6,71.68,1.63
设研院,sz300732,7.69,7.68,7.68,40600.0,7.69,1800,7.7,1200,0.13,7.71,7.68,40600,310000.0,0.01,0.39,28.46,28.5,9.22,6.14,1.86
宁波联合,sh600051,8.03,7.98,8.01,65000.0,8.02,1000,8.04,6100,0.63,8.05,8.0,65000,520000.0,0.02,0.63,24.96,24.96,8.78,7.18,2.92
大亚圣象,sz000910,7.65,7.67,7.67,38900.0,7.65,4600,7.66,24000,-0.26,7.67,7.64,38900,300000.0,0.01,0.39,41.86,41.88,8.44,6.9,2.16
优宁维,sz301166,33.55,33.58,33.6,19900.0,33.55,1200,33.59,100,-0.09,33.65,33.55,19900,670000.0,0.03,0.3,19.1,29.08,40.3,26.86,3.78
亿嘉和,sh603666,31.83,31.81,31.82,29900.0,31.83,1000,31.97,1600,0.06,31.98,31.82,29900,950000.0,0.01,0.5,65.42,65.42,34.99,28.63,2.37
首药控股-U,sh688197,38.73,38.52,38.39,370300.0,38.52,700,38.81,800,0.55,38.73,38.39,370300,140000.0,0.01,0.88,24.79,57.6,46.22,30.82,0.47
长电科技,sh600584,45.91,46.63,46.0,736200.0,45.89,1600,45.91,1400,-1.54,46.0,45.81,736200,33840000.0,0.04,0.41,821.52,821.52,51.29,41.97,3.5
中远海特,sh600428,8.03,8.11,8.05,778900.0,8.02,12800,8.03,25000,-0.99,8.09,8.02,778900,6270000.0,0.03,0.86,196.36,220.34,8.92,7.3,5.29
安孚科技,sh603031,56.82,57.16,56.47,71400.0,56.82,1500,56.94,4200,-0.59,56.88,56.47,71400,4040000.0,0.03,0.72,119.96,146.5,62.88,51.44,1.78
歌华有线,sh600037,8.13,8.14,8.11,445000.0,8.12,37200,8.13,3600,-0.12,8.16,8.08,445000,3610000.0,0.03,0.98,113.15,113.15,8.95,7.33,3.61
影石创新,sh688775,222.9,221.69,223.0,2300800.0,222.4,400,222.89,300,0.55,223.47,221.17,2300800,5130000.0,0.07,1.04,73.11,893.83,266.03,177.35,5.59
东兴证券,sh601198,14.39,14.34,14.4,352600.0,14.37,9100,14.39,2000,0.35,14.4,14.34,352600,5070000.0,0.01,0.42,465.15,465.15,15.77,12.91,2.47
锡业股份,sz000960,36.9,38.0,36.78,2202900.0,36.9,5400,36.91,1200,-2.89,37.09,36.69,2202900,81120000.0,0.13,1.05,607.3,607.3,41.8,34.2,11.2
津膜科技,sz300334,7.76,7.75,7.74,77500.0,7.74,2200,7.75,500,0.13,7.78,7.71,77500,600000.0,0.03,0.9,23.44,23.44,9.3,6.2,3.4
润邦股份,sz002483,7.36,7.38,7.36,67500.0,7.37,100,7.39,14400,-0.27,7.41,7.36,67500,500000.0,0.01,0.68,65.15,65.24,8.12,6.64,1.92
罗普特,sh688619,14.78,14.85,14.78,763300.0,14.78,0,14.8,1300,-0.47,14.78,14.72,763300,110000.0,0.0,0.4,27.41,27.41,17.82,11.88,0.75
青岛啤酒,sh600600,61.72,61.64,61.68,32400.0,61.72,800,61.86,400,0.13,61.84,61.65,32400,2000000.0,0.0,0.31,437.67,841.98,67.8,55.48,1.8
财达证券,sh600906,6.78,6.77,6.78,153000.0,6.78,79600,6.79,46400,0.15,6.79,6.77,153000,1040000.0,0.01,0.3,144.02,220.01,7.45,6.09,2.52
博硕科技,sz300951,37.69,37.88,37.79,12800.0,37.67,300,37.68,600,-0.5,37.79,37.65,12800,480000.0,0.01,0.37,57.06,63.85,45.46,30.3,1.76
福斯达,sh603173,48.55,48.59,48.55,10700.0,48.6,100,48.7,300,-0.08,48.8,48.46,10700,520000.0,0.01,0.7,77.68,77.68,53.45,43.73,1.76
盛德鑫泰,sz300881,47.11,48.04,47.68,55400.0,47.11,1100,47.12,100,-1.94,47.68,47.05,55400,2620000.0,0.1,1.31,27.04,51.82,57.65,38.43,3.27
哈投股份,sh600864,6.52,6.51,6.52,212600.0,6.52,4000,6.53,84700,0.15,6.53,6.52,212600,1390000.0,0.01,0.15,135.65,135.65,7.16,5.86,2.87
国投丰乐,sz000713,6.74,6.74,6.74,74400.0,6.74,10800,6.75,20400,0.0,6.76,6.74,74400,500000.0,0.01,0.3,41.38,53.8,7.41,6.07,1.83
禾望电气,sh603063,29.9,30.2,29.9,310500.0,29.89,3000,29.9,900,-0.99,29.97,29.83,310500,9280000.0,0.07,0.46,136.91,136.91,33.22,27.18,6.74
四方新材,sh605122,13.98,13.89,13.9,14100.0,13.91,5800,13.98,9700,0.65,13.98,13.9,14100,200000.0,0.01,0.58,24.1,24.1,15.28,12.5,1.29
湖南白银,sz002716,13.18,13.78,13.27,24206400.0,13.18,31100,13.19,6200,-4.35,13.5,13.18,24206400,321360000.0,1.04,2.32,306.42,372.08,15.16,12.4,15.69
新朋股份,sz002328,7.08,7.1,7.08,351200.0,7.08,5000,7.1,65900,-0.28,7.08,7.06,351200,2490000.0,0.06,0.28,40.41,54.64,7.81,6.39,5.48
亚宝药业,sh600351,6.64,6.63,6.61,165800.0,6.63,53200,6.64,23000,0.15,6.64,6.61,165800,1100000.0,0.02,0.45,45.95,45.95,7.29,5.97,2.89
远信工业,sz301053,34.29,34.4,34.3,3600.0,34.23,200,34.29,1500,-0.32,34.34,34.28,3600,120000.0,0.0,0.17,26.51,28.88,41.28,27.52,0.81
东来技术,sh688129,23.0,23.21,22.93,900000.0,22.98,4000,22.99,2800,-0.9,23.16,22.93,900000,210000.0,0.01,0.99,27.71,27.71,27.85,18.57,0.79
物产环能,sh603071,13.71,13.72,13.72,2500.0,13.7,300,13.71,900,-0.07,13.72,13.7,2500,30000.0,0.0,0.15,76.5,76.5,15.09,12.35,0.33
四川美丰,sz000731,6.86,6.9,6.87,290300.0,6.86,17800,6.87,3100,-0.58,6.91,6.86,290300,2000000.0,0.05,0.72,37.65,37.65,7.59,6.21,9.02
利尔化学,sz002258,16.36,16.46,16.38,136300.0,16.35,32300,16.36,4000,-0.61,16.46,16.36,136300,2230000.0,0.02,0.61,130.74,130.95,18.11,14.81,1.37
东土科技,sz300353,23.98,24.28,24.0,352400.0,23.98,1700,24.0,100,-1.24,24.04,23.9,352400,8450000.0,0.07,0.58,128.83,147.45,29.14,19.42,3.9
山西焦煤,sz000983,6.97,7.03,6.98,1119700.0,6.97,208400,6.98,295900,-0.85,7.02,6.97,1119700,7820000.0,0.02,0.71,395.69,395.69,7.73,6.33,3.57
晨光生物,sz300138,13.74,13.8,13.72,149300.0,13.73,2800,13.74,4400,-0.43,13.85,13.72,149300,2050000.0,0.04,0.94,54.73,66.38,16.56,11.04,3.43
佳电股份,sz000922,14.9,15.08,15.03,274800.0,14.9,400,14.91,8900,-1.19,15.03,14.89,274800,4110000.0,0.05,0.93,87.51,103.55,16.59,13.57,4.69
有友食品,sh603697,12.35,12.34,12.37,178600.0,12.35,9400,12.36,9700,0.08,12.37,12.31,178600,2210000.0,0.04,0.49,52.82,52.82,13.57,11.11,3.34
中航机载,sh600372,15.52,15.66,15.53,447300.0,15.52,6100,15.53,10000,-0.89,15.55,15.51,447300,6950000.0,0.01,0.26,751.0,751.0,17.23,14.09,1.77
赛科希德,sh688338,33.0,33.15,33.15,2288900.0,33.01,6000,33.13,1000,-0.45,33.15,33.0,2288900,760000.0,0.02,0.45,35.03,35.03,39.78,26.52,1.23
金鸿顺,sh603922,22.02,21.93,21.94,5100.0,22.02,900,22.04,1400,0.41,22.04,21.94,5100,110000.0,0.0,0.46,39.46,39.46,24.12,19.74,0.19
森特股份,sh603098,14.88,14.87,14.9,39400.0,14.88,2800,14.89,500,0.07,14.9,14.79,39400,590000.0,0.01,0.74,80.17,80.31,16.36,13.38,1.63
海特高新,sz002023,11.96,11.99,12.0,163300.0,11.95,13000,11.96,2400,-0.25,12.01,11.95,163300,1960000.0,0.02,0.5,88.61,88.61,13.19,10.79,2.46
中创物流,sh603967,12.88,12.82,12.83,29900.0,12.85,11100,12.88,21200,0.47,12.88,12.83,29900,380000.0,0.01,0.39,44.65,44.65,14.1,11.54,2.69
新相微,sh688593,31.03,31.5,31.01,17654900.0,31.02,4000,31.03,200,-1.49,31.59,31.01,17654900,5490000.0,0.05,1.84,100.13,142.59,37.8,25.2,2.89
华润江中,sh600750,25.21,25.18,25.2,32900.0,25.22,600,25.3,5700,0.12,25.3,25.2,32900,830000.0,0.01,0.4,158.49,160.07,27.7,22.66,1.58
华建集团,sh600629,19.3,19.26,19.26,84300.0,19.3,1100,19.31,3500,0.21,19.3,19.25,84300,1620000.0,0.01,0.26,183.95,187.28,21.19,17.33,1.53
友车科技,sh688479,24.55,24.82,24.54,2995000.0,24.56,1800,24.75,2100,-1.09,24.93,24.54,2995000,740000.0,0.05,1.57,15.3,35.43,29.78,19.86,2.3
皖维高新,sh600063,7.09,7.12,7.1,505700.0,7.09,26900,7.1,101200,-0.42,7.12,7.08,505700,3590000.0,0.02,0.56,146.7,146.7,7.83,6.41,1.29
鸿远电子,sh603267,56.8,57.38,56.85,51300.0,56.8,9400,56.97,200,-1.01,57.0,56.8,51300,2920000.0,0.02,0.35,131.25,131.25,63.12,51.64,1.92
国发股份,sh600538,6.44,6.44,6.43,248400.0,6.44,8900,6.45,8000,0.0,6.44,6.42,248400,1600000.0,0.05,0.31,33.76,33.76,7.08,5.8,1.9
光弘科技,sz300735,25.19,25.3,25.3,75500.0,25.18,6500,25.19,2200,-0.43,25.3,25.19,75500,1910000.0,0.01,0.43,190.79,193.32,30.36,20.24,2.7
万丰股份,sh603172,24.52,24.56,24.45,147200.0,24.55,700,24.56,200,-0.16,24.62,24.45,147200,3600000.0,0.29,0.69,12.28,32.7,27.02,22.1,2.07
容知日新,sh688768,66.83,67.32,66.83,764500.0,66.5,200,66.83,3400,-0.73,66.97,66.83,764500,510000.0,0.01,0.21,58.32,58.8,80.78,53.86,1.33
奥瑞金,sz002701,5.67,5.67,5.67,196100.0,5.67,75700,5.68,40600,0.0,5.68,5.66,196100,1110000.0,0.01,0.35,145.0,145.14,6.24,5.1,1.78
青岛双星,sz000599,6.56,6.53,6.56,479100.0,6.55,500,6.56,11700,0.46,6.59,6.54,479100,3150000.0,0.06,0.77,53.58,53.58,7.18,5.88,2.45
方正科技,sh600601,11.11,11.17,11.11,493700.0,11.11,7000,11.12,11100,-0.54,11.12,11.09,493700,5480000.0,0.01,0.27,463.32,474.81,12.29,10.05,1.29
祥龙电业,sh600769,13.28,13.33,13.4,269400.0,13.27,7500,13.28,79600,-0.38,13.45,13.27,269400,3610000.0,0.07,1.35,49.8,49.8,14.66,12.0,6.93
江山股份,sh600389,25.69,25.72,25.72,56100.0,25.56,300,25.6,100,-0.12,25.72,25.69,56100,1440000.0,0.01,0.12,110.63,110.63,28.29,23.15,1.32
佳发教育,sz300559,12.54,12.57,12.5,65300.0,12.52,1100,12.54,15400,-0.24,12.55,12.5,65300,820000.0,0.02,0.4,39.02,50.1,15.08,10.06,1.96
深纺织Ａ,sz000045,12.96,13.0,12.93,85100.0,12.96,11500,12.97,6000,-0.31,12.98,12.93,85100,1100000.0,0.02,0.38,59.23,65.65,14.3,11.7,1.95
太极股份,sz002368,23.15,23.16,23.01,79900.0,23.13,100,23.14,800,-0.04,23.16,23.01,79900,1840000.0,0.01,0.65,143.63,144.28,25.48,20.84,2.68
安道麦A,sz000553,6.01,6.01,6.02,156200.0,6.0,51300,6.01,49000,0.0,6.03,6.0,156200,940000.0,0.01,0.5,130.84,140.02,6.61,5.41,3.58
亚玛顿,sz002623,31.92,31.88,31.36,366100.0,31.92,200,32.0,8100,0.13,31.99,31.36,366100,11550000.0,0.18,1.98,63.4,63.54,35.07,28.69,3.41
国网英大,sh600517,6.84,6.92,6.87,478500.0,6.84,30800,6.85,3900,-1.16,6.87,6.84,478500,3280000.0,0.01,0.43,391.14,391.14,7.61,6.23,3.0
传化智联,sz002010,6.58,6.63,6.61,234300.0,6.58,23600,6.59,2100,-0.75,6.62,6.58,234300,1550000.0,0.01,0.6,181.41,181.87,7.29,5.97,1.99
胜蓝股份,sz300843,57.87,59.05,58.5,166200.0,57.8,4800,57.87,22800,-2.0,58.62,57.84,166200,9700000.0,0.11,1.32,90.91,94.74,70.86,47.24,3.72
麦捷科技,sz300319,12.69,12.73,12.67,380400.0,12.69,13500,12.71,50300,-0.31,12.72,12.67,380400,4830000.0,0.05,0.39,105.42,112.63,15.28,10.18,3.41
日丰股份,sz002953,12.76,12.8,12.77,84600.0,12.75,5700,12.77,11900,-0.31,12.79,12.76,84600,1080000.0,0.04,0.23,27.14,62.73,14.08,11.52,2.26
开滦股份,sh600997,6.17,6.18,6.15,277200.0,6.17,1900,6.18,24400,-0.16,6.18,6.15,277200,1710000.0,0.02,0.49,97.97,97.97,6.8,5.56,3.62
雪天盐业,sh600929,6.12,6.13,6.12,206700.0,6.12,107400,6.13,20600,-0.16,6.13,6.1,206700,1260000.0,0.01,0.49,100.37,100.37,6.74,5.52,2.79
今飞凯达,sz002863,5.99,6.0,6.01,181100.0,5.99,42300,6.0,30000,-0.17,6.02,5.98,181100,1090000.0,0.03,0.67,35.91,35.91,6.6,5.4,3.45
中新赛克,sz002912,33.14,32.22,32.26,122600.0,33.14,3600,33.15,100,2.86,33.14,32.26,122600,4010000.0,0.08,2.73,53.76,56.59,35.44,29.0,9.9
华昌化工,sz002274,6.27,6.28,6.26,93600.0,6.26,94800,6.27,3400,-0.16,6.27,6.26,93600,590000.0,0.01,0.16,58.8,59.71,6.91,5.65,1.4
天能重工,sz300569,6.16,6.19,6.17,127900.0,6.16,68200,6.17,3200,-0.48,6.19,6.16,127900,790000.0,0.01,0.48,62.81,63.0,7.43,4.95,1.72
国恩股份,sz002768,51.28,51.55,51.49,37500.0,51.21,200,51.28,900,-0.52,51.49,51.2,37500,1930000.0,0.02,0.56,90.64,154.48,56.71,46.4,2.81
国电南瑞,sh600406,26.31,26.5,26.37,1015400.0,26.28,9600,26.31,2800,-0.72,26.37,26.28,1015400,26760000.0,0.01,0.34,2106.95,2113.16,29.15,23.85,3.32
通化金马,sz000766,23.47,23.41,23.45,104800.0,23.42,100,23.47,11300,0.26,23.5,23.39,104800,2460000.0,0.01,0.47,226.72,226.84,25.75,21.07,2.08
柏楚电子,sh688188,155.56,156.59,155.1,989000.0,155.1,200,155.56,900,-0.66,155.56,155.1,989000,1540000.0,0.0,0.29,449.15,449.15,187.91,125.27,1.52
巨星农牧,sh603477,17.44,17.37,17.38,33600.0,17.42,200,17.43,500,0.4,17.44,17.38,33600,580000.0,0.01,0.35,88.96,88.96,19.11,15.63,1.11
康华生物,sz300841,71.09,71.02,71.29,9400.0,70.54,300,71.09,1300,0.1,71.29,70.91,9400,670000.0,0.01,0.54,84.55,92.38,85.22,56.82,1.54
中国银行,sh601988,5.35,5.34,5.35,2439800.0,5.34,1704300,5.35,43200,0.19,5.36,5.34,2439800,13060000.0,0.0,0.37,11275.96,17238.36,5.87,4.81,2.76
老凤祥,sh600612,44.32,44.36,44.33,47500.0,44.32,28200,44.33,17400,-0.09,44.33,44.32,47500,2110000.0,0.01,0.02,140.54,231.85,48.8,39.92,4.51
晨光股份,sh603899,27.36,27.25,27.36,30600.0,27.36,2500,27.37,200,0.4,27.45,27.25,30600,840000.0,0.0,0.73,251.98,251.98,29.98,24.53,1.53
昂利康,sz002940,32.6,32.31,32.65,55600.0,32.56,1000,32.6,3100,0.9,32.66,32.48,55600,1810000.0,0.03,0.56,60.4,65.76,35.54,29.08,2.77
中电环保,sz300172,5.75,5.76,5.74,223700.0,5.74,13900,5.75,3400,-0.17,5.76,5.73,223700,1280000.0,0.04,0.52,30.1,38.91,6.91,4.61,3.06
湘财股份,sh600095,10.83,10.76,10.82,240000.0,10.83,3200,10.84,800,0.65,10.85,10.81,240000,2600000.0,0.01,0.37,309.65,309.65,11.84,9.68,2.61
经纬股份,sz301390,39.61,40.17,40.27,45500.0,39.61,1000,39.72,1000,-1.39,40.27,39.61,45500,1820000.0,0.15,1.64,12.15,23.77,48.2,32.14,8.51
依顿电子,sh603328,12.16,12.17,12.16,183800.0,12.16,7600,12.17,4500,-0.08,12.2,12.16,183800,2240000.0,0.02,0.33,121.41,121.41,13.39,10.95,1.29
圣农发展,sz002299,18.28,18.19,18.19,261800.0,18.27,2600,18.28,3800,0.49,18.28,18.11,261800,4760000.0,0.02,0.93,222.82,227.24,20.01,16.37,2.87
朗迪集团,sh603726,27.39,27.56,27.34,28500.0,27.39,12000,27.53,100,-0.62,27.68,27.34,28500,780000.0,0.02,1.23,50.59,50.85,30.32,24.8,1.15
扬杰科技,sz300373,85.98,87.62,86.04,586900.0,85.9,600,85.98,900,-1.87,86.97,85.9,586900,50540000.0,0.11,1.22,466.14,467.17,105.14,70.1,7.47
海天瑞声,sh688787,152.0,154.24,152.0,6678200.0,151.93,800,152.22,300,-1.45,152.23,150.1,6678200,10140000.0,0.11,1.38,91.69,91.69,185.09,123.39,3.71
贝肯能源,sz002828,12.38,12.65,12.45,627200.0,12.37,2800,12.38,2500,-2.13,12.54,12.37,627200,7810000.0,0.32,1.34,23.96,24.88,13.92,11.39,7.83
中鼎股份,sz000887,21.32,21.4,21.3,367100.0,21.3,30500,21.32,7800,-0.37,21.35,21.3,367100,7820000.0,0.03,0.23,280.22,280.68,23.54,19.26,4.33
市北高新,sh600604,5.54,5.56,5.55,76300.0,5.53,36200,5.54,300,-0.36,5.55,5.53,76300,420000.0,0.01,0.36,77.97,103.78,6.12,5.0,2.12
科远智慧,sz002380,31.78,32.06,31.82,153600.0,31.79,600,31.81,4800,-0.87,31.84,31.75,153600,4890000.0,0.11,0.28,45.05,76.27,35.27,28.85,6.77
精达股份,sh600577,13.97,14.1,13.99,583800.0,13.96,37600,13.97,13800,-0.92,14.0,13.96,583800,8160000.0,0.03,0.28,300.25,300.25,15.51,12.69,2.43
莱宝高科,sz002106,12.0,11.98,11.99,213000.0,11.99,32300,12.0,3100,0.17,12.04,11.98,213000,2560000.0,0.03,0.5,84.49,84.7,13.18,10.78,4.41
海天味业,sh603288,35.92,35.94,35.92,108700.0,35.92,16700,35.99,9600,-0.06,36.0,35.91,108700,3910000.0,0.0,0.25,1997.37,2101.98,39.53,32.35,1.55
万年青,sz000789,5.57,5.57,5.58,48200.0,5.57,21200,5.58,2500,0.0,5.59,5.57,48200,270000.0,0.01,0.36,44.42,44.42,6.13,5.01,1.66
菲达环保,sh600526,5.65,5.64,5.61,197600.0,5.63,3300,5.65,1200,0.18,5.65,5.61,197600,1110000.0,0.02,0.71,49.32,50.21,6.2,5.08,5.21
爱建集团,sh600643,4.82,4.82,4.82,46500.0,4.81,7600,4.82,81800,0.0,4.84,4.82,46500,220000.0,0.0,0.41,76.65,76.79,5.3,4.34,1.02
伟星新材,sz002372,12.42,12.41,12.41,67500.0,12.41,600,12.42,7300,0.08,12.45,12.39,67500,840000.0,0.0,0.48,182.68,197.73,13.65,11.17,1.3
嘉华股份,sh603182,16.16,16.2,16.25,8600.0,16.12,5200,16.2,7900,-0.25,16.25,16.12,8600,140000.0,0.01,0.8,26.59,26.59,17.82,14.58,1.14
华利集团,sz300979,48.78,48.79,48.79,12200.0,48.76,300,48.77,100,-0.02,48.84,48.72,12200,600000.0,0.0,0.25,569.26,569.26,58.55,39.03,1.52
豫园股份,sh600655,5.14,5.14,5.13,204800.0,5.13,51300,5.14,16400,0.0,5.14,5.12,204800,1050000.0,0.01,0.39,199.94,200.07,5.65,4.63,2.66
晶华微,sh688130,24.13,24.31,24.12,847900.0,24.14,200,24.23,800,-0.74,24.13,24.12,847900,200000.0,0.01,0.04,14.55,29.17,29.17,19.45,1.62
聚光科技,sz300203,15.89,15.93,15.99,32600.0,15.9,400,15.95,1900,-0.25,16.06,15.84,32600,520000.0,0.01,1.38,71.25,71.3,19.12,12.74,0.97
三联虹普,sz300384,18.72,18.95,18.75,161600.0,18.68,900,18.72,22800,-1.21,19.02,18.68,161600,3030000.0,0.07,1.79,41.23,59.72,22.74,15.16,2.71
伟隆股份,sz002871,20.08,20.32,20.2,32300.0,20.03,500,20.08,600,-1.18,20.22,20.08,32300,650000.0,0.02,0.69,30.0,50.57,22.35,18.29,2.93
国电南自,sh600268,12.99,13.13,13.01,510500.0,12.95,1500,12.99,77000,-1.07,13.02,12.93,510500,6640000.0,0.05,0.69,131.31,131.96,14.44,11.82,4.69
亚香股份,sz301220,37.41,37.48,37.41,10400.0,37.36,2700,37.41,1700,-0.19,37.55,37.35,10400,390000.0,0.01,0.53,29.12,42.19,44.98,29.98,1.87
久祺股份,sz300994,16.58,16.56,16.61,15700.0,16.57,200,16.58,300,0.12,16.61,16.58,15700,260000.0,0.01,0.18,19.34,38.65,19.87,13.25,1.73
贵广网络,sh600996,9.1,9.1,9.08,207200.0,9.09,13800,9.1,30200,0.0,9.1,9.05,207200,1880000.0,0.02,0.55,113.46,113.46,10.01,8.19,1.81
安联锐视,sz301042,81.14,81.0,81.0,5700.0,81.14,200,81.18,400,0.17,81.55,81.0,5700,460000.0,0.01,0.68,53.57,56.57,97.2,64.8,1.36
诺 普 信,sz002215,12.0,12.03,12.01,189000.0,12.0,6300,12.02,13000,-0.25,12.03,11.99,189000,2270000.0,0.02,0.33,96.36,120.56,13.23,10.83,1.25
欧派家居,sh603833,59.32,59.32,59.55,9000.0,59.11,800,59.32,100,0.0,59.55,59.11,9000,540000.0,0.0,0.74,361.35,361.35,65.25,53.39,0.87
山西高速,sz000755,5.26,5.25,5.23,249500.0,5.25,10300,5.26,2400,0.19,5.26,5.22,249500,1310000.0,0.02,0.76,77.18,77.18,5.78,4.73,6.3
江苏银行,sh600919,10.47,10.43,10.46,546800.0,10.46,17300,10.47,120600,0.38,10.47,10.45,546800,5720000.0,0.0,0.19,1921.38,1921.38,11.47,9.39,1.65
东利机械,sz301298,17.01,17.0,17.03,30200.0,17.01,1200,17.05,800,0.06,17.05,17.01,30200,510000.0,0.03,0.24,18.41,24.97,20.4,13.6,3.23
武汉控股,sh600168,5.15,5.14,5.15,221400.0,5.15,15900,5.16,19800,0.19,5.16,5.14,221400,1140000.0,0.02,0.39,51.16,51.16,5.65,4.63,7.05
瑞丰高材,sz300243,11.52,11.54,11.54,27200.0,11.51,1700,11.52,300,-0.17,11.55,11.49,27200,310000.0,0.01,0.52,22.39,28.85,13.85,9.23,1.06
山煤国际,sh600546,11.24,11.33,11.3,229900.0,11.24,61000,11.25,24600,-0.79,11.3,11.24,229900,2590000.0,0.01,0.53,222.83,222.83,12.46,10.2,1.91
中国联通,sh600050,4.84,4.84,4.84,2452700.0,4.84,1249800,4.85,5247000,0.0,4.85,4.84,2452700,11870000.0,0.01,0.21,1489.11,1513.2,5.32,4.36,4.35
兰剑智能,sh688557,40.91,41.04,40.98,1087500.0,40.81,1000,40.91,0,-0.32,40.99,40.91,1087500,450000.0,0.01,0.19,42.01,42.01,49.25,32.83,2.58
外服控股,sh600662,5.97,5.95,5.97,130200.0,5.96,33000,5.97,16300,0.34,5.98,5.96,130200,780000.0,0.01,0.34,135.91,136.32,6.55,5.36,1.59
甘化科工,sz000576,10.7,10.75,10.7,122900.0,10.69,600,10.7,6600,-0.47,10.72,10.69,122900,1320000.0,0.03,0.28,46.42,46.7,11.83,9.68,3.98
中国动力,sh600482,31.48,31.81,31.6,585400.0,31.47,700,31.48,24100,-1.04,31.66,31.38,585400,18480000.0,0.03,0.88,709.43,709.43,34.99,28.63,2.42
纳微科技,sh688690,27.88,27.87,27.8,2742600.0,27.88,100,27.91,7000,0.04,27.96,27.8,2742600,760000.0,0.01,0.57,112.58,112.58,33.44,22.3,1.49
海正药业,sh600267,10.53,10.51,10.54,47300.0,10.52,1800,10.55,13300,0.19,10.55,10.51,47300,500000.0,0.0,0.38,126.17,126.24,11.56,9.46,1.1
祥明智能,sz301226,31.64,31.69,31.5,5200.0,31.54,300,31.64,12700,-0.16,31.66,31.5,5200,160000.0,0.0,0.5,34.42,34.42,38.03,25.35,0.97
康泰生物,sz300601,15.15,15.08,15.08,177900.0,15.15,3800,15.16,100,0.46,15.17,15.08,177900,2690000.0,0.02,0.6,136.41,169.21,18.1,12.06,4.3
长芯博创,sz300548,175.0,176.31,172.96,655800.0,175.0,100,175.53,3600,-0.74,175.75,172.96,655800,114070000.0,0.24,1.58,471.24,510.25,211.57,141.05,5.94
永安药业,sz002365,14.44,14.4,14.4,91400.0,14.43,10300,14.44,3100,0.28,14.46,14.33,91400,1320000.0,0.04,0.9,35.46,42.55,15.84,12.96,3.48
映翰通,sh688080,59.08,59.35,59.1,1020000.0,58.9,2700,59.08,800,-0.45,59.18,59.03,1020000,600000.0,0.01,0.25,43.52,43.52,71.22,47.48,1.64
康隆达,sh603665,33.26,33.0,33.28,107700.0,33.2,400,33.26,1000,0.79,33.59,33.2,107700,3590000.0,0.07,1.18,53.27,53.59,36.3,29.7,4.13
柳钢股份,sh601003,5.18,5.19,5.19,46500.0,5.16,1300,5.18,153300,-0.19,5.19,5.18,46500,240000.0,0.0,0.19,132.75,132.75,5.71,4.67,0.72
比音勒芬,sz002832,15.12,15.1,15.1,64000.0,15.1,4700,15.12,1900,0.13,15.12,15.1,64000,970000.0,0.02,0.13,58.88,86.29,16.61,13.59,2.06
海信家电,sz000921,24.12,24.08,24.08,95400.0,24.1,200,24.12,600,0.17,24.16,24.08,95400,2300000.0,0.01,0.33,221.45,334.03,26.49,21.67,4.07
中直股份,sh600038,37.49,37.58,37.44,57800.0,37.49,400,37.54,1300,-0.24,37.74,37.44,57800,2170000.0,0.01,0.8,250.78,307.38,41.34,33.82,1.82
春兰股份,sh600854,5.31,5.3,5.31,71200.0,5.31,8400,5.32,200,0.19,5.32,5.31,71200,380000.0,0.01,0.19,27.58,27.58,5.83,4.77,2.53
冀东装备,sz000856,11.27,11.11,11.3,212600.0,11.26,700,11.27,3100,1.44,11.31,11.23,212600,2400000.0,0.09,0.72,25.58,25.58,12.22,10.0,3.88
威海广泰,sz002111,11.13,11.16,11.13,55400.0,11.12,3200,11.13,7900,-0.27,11.15,11.11,55400,620000.0,0.01,0.36,53.56,59.21,12.28,10.04,1.61
浙农股份,sz002758,10.27,10.25,10.25,63400.0,10.26,13900,10.27,3100,0.2,10.27,10.25,63400,650000.0,0.01,0.2,53.22,53.28,11.28,9.23,1.51
亚威股份,sz002559,10.32,10.38,10.35,124100.0,10.31,20600,10.32,34600,-0.58,10.35,10.31,124100,1280000.0,0.02,0.39,52.02,56.74,11.42,9.34,2.59
恒润股份,sh603985,17.44,17.59,17.31,363800.0,17.44,1100,17.46,100,-0.85,17.56,17.31,363800,6310000.0,0.08,1.42,76.89,76.89,19.35,15.83,3.69
通业科技,sz300960,27.64,27.72,27.8,32700.0,27.64,700,27.68,400,-0.29,27.92,27.62,32700,910000.0,0.02,1.08,36.17,39.92,33.26,22.18,2.14
新华医疗,sh600587,15.3,15.34,15.3,124100.0,15.28,11600,15.3,13800,-0.26,15.33,15.28,124100,1900000.0,0.02,0.33,92.47,92.82,16.87,13.81,4.15
苏文电能,sz300982,23.56,23.56,23.6,163200.0,23.52,500,23.56,7500,0.0,23.74,23.54,163200,3860000.0,0.08,0.85,45.68,48.76,28.27,18.85,2.91
东江环保,sz002672,4.67,4.66,4.67,47000.0,4.66,10600,4.67,19800,0.21,4.67,4.66,47000,220000.0,0.01,0.21,42.27,51.62,5.13,4.19,2.24
沪光股份,sh605333,29.32,29.3,29.32,5000.0,29.32,3600,29.35,2000,0.07,29.33,29.32,5000,150000.0,0.0,0.03,128.06,136.06,32.23,26.37,0.7
老板电器,sz002508,21.31,21.26,21.31,31300.0,21.31,3400,21.32,2000,0.24,21.37,21.31,31300,670000.0,0.0,0.28,198.94,201.37,23.39,19.13,0.98
华邦健康,sz002004,5.44,5.46,5.46,145000.0,5.44,124800,5.45,19100,-0.37,5.46,5.44,145000,790000.0,0.01,0.37,102.36,107.71,6.01,4.91,0.98
韶能股份,sz000601,5.22,5.27,5.21,650000.0,5.22,27400,5.23,132500,-0.95,5.24,5.21,650000,3390000.0,0.06,0.57,54.79,55.56,5.8,4.74,6.78
伊利股份,sh600887,26.67,26.61,26.7,486800.0,26.64,2600,26.67,3600,0.23,26.7,26.62,486800,12990000.0,0.01,0.3,1678.59,1686.97,29.27,23.95,2.57
征和工业,sz003033,69.24,69.35,69.36,6900.0,69.16,100,69.19,100,-0.16,69.5,69.17,6900,480000.0,0.01,0.48,55.91,56.6,76.29,62.42,1.33
君正集团,sh601216,5.84,5.87,5.84,753000.0,5.84,109600,5.85,5000,-0.51,5.86,5.83,753000,4400000.0,0.01,0.51,492.78,492.78,6.46,5.28,1.58
华荣股份,sh603855,20.41,20.49,20.49,18100.0,20.39,3600,20.41,500,-0.39,20.49,20.38,18100,370000.0,0.01,0.54,68.48,68.89,22.54,18.44,0.8
泰和新材,sz002254,13.38,13.5,13.47,566400.0,13.36,42800,13.38,300,-0.89,13.47,13.38,566400,7620000.0,0.07,0.67,113.81,114.67,14.85,12.15,5.08
亚辉龙,sh688575,13.74,13.73,13.72,4192300.0,13.74,3400,13.75,2900,0.07,13.75,13.72,4192300,580000.0,0.01,0.22,78.51,78.51,16.48,10.98,1.31
康缘药业,sh600557,14.63,14.57,14.58,30900.0,14.6,7000,14.63,2100,0.41,14.63,14.58,30900,450000.0,0.01,0.34,82.83,82.83,16.03,13.11,0.73
晶赛科技,bj920981,31.95,32.01,31.89,8800.0,31.9,10000,32.04,500,-0.19,31.95,31.89,8800,281400.0,0.02,0.19,11.92,24.43,41.61,22.41,3.41
浙海德曼,sh688577,74.2,74.87,74.05,763400.0,74.2,2300,74.5,1500,-0.89,74.75,74.05,763400,570000.0,0.01,0.93,82.57,82.57,89.84,59.9,1.22
西上海,sh605151,21.17,21.2,21.19,17400.0,21.12,600,21.17,1500,-0.14,21.19,21.16,17400,370000.0,0.01,0.14,28.49,28.49,23.32,19.08,0.69
隆平高科,sz000998,9.73,9.71,9.71,221300.0,9.72,4600,9.73,34300,0.21,9.73,9.71,221300,2150000.0,0.02,0.21,127.95,142.98,10.68,8.74,2.29
世纪天鸿,sz300654,12.48,12.38,12.37,533700.0,12.47,400,12.48,15800,0.81,12.57,12.37,533700,6640000.0,0.15,1.62,43.96,45.69,14.86,9.9,3.7
云天励飞-U,sh688343,91.19,91.88,91.11,20333100.0,91.12,500,91.19,22700,-0.75,92.0,91.06,20333100,18550000.0,0.08,1.02,241.3,327.92,110.26,73.5,3.41
启迪设计,sz300500,12.79,12.79,12.75,86400.0,12.8,500,12.82,1800,0.0,12.84,12.63,86400,1100000.0,0.05,1.64,21.44,22.25,15.35,10.23,6.88
健友股份,sh603707,9.86,9.87,9.87,48100.0,9.85,8200,9.86,43000,-0.1,9.88,9.85,48100,470000.0,0.0,0.3,159.3,159.3,10.86,8.88,0.79
东南网架,sz002135,6.06,6.09,6.06,169400.0,6.05,59100,6.06,24800,-0.49,6.06,6.04,169400,1030000.0,0.02,0.33,63.26,67.6,6.7,5.48,1.34
亚华电子,sz301337,31.65,31.73,31.61,18300.0,31.63,300,31.65,2300,-0.25,31.65,31.57,18300,580000.0,0.05,0.25,11.71,32.98,38.08,25.38,2.43
新 希 望,sz000876,8.63,8.6,8.61,330500.0,8.63,27100,8.64,151900,0.35,8.64,8.61,330500,2850000.0,0.01,0.35,388.4,388.59,9.46,7.74,3.89
丽臣实业,sz001218,25.73,25.73,25.73,37100.0,25.71,100,25.73,3600,0.0,25.73,25.56,37100,950000.0,0.04,0.66,23.91,33.49,28.3,23.16,5.45
辰安科技,sz300523,24.38,24.29,24.16,44000.0,24.39,200,24.4,700,0.37,24.4,24.16,44000,1060000.0,0.02,0.99,56.65,56.72,29.15,19.43,2.93
东湖高新,sh600133,10.17,10.19,10.18,178300.0,10.16,12200,10.17,22500,-0.2,10.18,10.16,178300,1810000.0,0.02,0.2,108.44,108.44,11.21,9.17,1.18
天津港,sh600717,4.73,4.76,4.76,241800.0,4.72,102400,4.73,32100,-0.63,4.76,4.73,241800,1150000.0,0.01,0.63,136.89,136.89,5.24,4.28,3.55
民和股份,sz002234,9.15,9.13,9.13,17200.0,9.15,1900,9.16,600,0.22,9.17,9.13,17200,160000.0,0.01,0.44,27.58,31.93,10.04,8.22,0.86
金隅冀东,sz000401,5.1,5.13,5.12,144100.0,5.1,51600,5.11,54100,-0.58,5.12,5.1,144100,740000.0,0.01,0.39,134.2,135.57,5.64,4.62,1.31
易普力,sz002096,14.12,14.15,14.13,37900.0,14.1,9700,14.11,23100,-0.21,14.17,14.1,37900,540000.0,0.0,0.49,175.15,175.15,15.57,12.74,1.2
联环药业,sh600513,20.85,20.45,21.04,454200.0,20.81,300,20.85,1300,1.96,21.3,20.78,454200,9560000.0,0.16,2.54,59.52,59.52,22.5,18.41,11.54
迎驾贡酒,sh603198,39.9,39.68,39.87,27800.0,39.89,1400,39.9,1600,0.55,39.95,39.87,27800,1110000.0,0.0,0.2,319.2,319.2,43.65,35.71,1.09
信达证券,sh601059,17.85,17.81,17.86,185600.0,17.82,4400,17.85,7200,0.22,17.87,17.85,185600,3310000.0,0.01,0.11,578.88,578.88,19.59,16.03,2.78
重庆水务,sh601158,4.54,4.53,4.53,107200.0,4.53,46300,4.54,139800,0.22,4.54,4.53,107200,490000.0,0.0,0.22,217.92,217.92,4.98,4.08,3.25
迦南智能,sz300880,19.38,19.52,19.4,22100.0,19.35,300,19.38,500,-0.72,19.4,19.35,22100,430000.0,0.01,0.26,37.81,37.82,23.42,15.62,2.68
豪森智能,sh688529,20.43,20.45,20.43,690300.0,20.43,6700,20.63,400,-0.1,20.44,20.42,690300,140000.0,0.0,0.1,34.36,34.36,24.54,16.36,0.46
智洋创新,sh688191,38.41,38.41,0.0,0.0,0.0,0,0.0,0,0.0,0.0,0.0,0,0.0,0.0,0.0,88.98,88.98,46.09,30.73,0.0
九强生物,sz300406,13.18,13.17,13.17,26100.0,13.17,1200,13.18,1900,0.08,13.18,13.16,26100,340000.0,0.01,0.15,55.94,77.28,15.8,10.54,1.7
宁波能源,sh600982,4.7,4.72,4.69,244900.0,4.7,3900,4.71,103300,-0.42,4.71,4.69,244900,1150000.0,0.02,0.42,52.53,52.53,5.19,4.25,4.25
潍柴动力,sz000338,27.6,28.07,27.41,3349900.0,27.6,11400,27.61,2500,-1.67,27.66,27.29,3349900,91940000.0,0.07,1.32,1381.96,2404.95,30.88,25.26,7.06
涪陵榨菜,sz002507,13.23,13.19,13.2,158200.0,13.22,15800,13.23,45900,0.3,13.24,13.2,158200,2090000.0,0.01,0.3,152.0,152.66,14.51,11.87,2.31
时创能源,sh688429,16.61,16.78,16.59,7040500.0,16.59,8400,16.61,2500,-1.01,16.84,16.55,7040500,1170000.0,0.06,1.73,19.9,66.44,20.14,13.42,1.77
万兴科技,sz300624,98.32,99.3,98.0,800300.0,98.32,6300,98.44,100,-0.99,98.58,97.7,800300,78440000.0,0.47,0.89,168.36,190.09,119.16,79.44,6.98
松芝股份,sz002454,9.28,9.28,9.27,74800.0,9.27,7600,9.28,3200,0.0,9.3,9.27,74800,690000.0,0.01,0.32,58.18,58.33,10.21,8.35,2.51
中原证券,sh601375,4.4,4.39,4.4,177200.0,4.39,167700,4.4,117600,0.23,4.4,4.39,177200,780000.0,0.01,0.23,151.69,204.29,4.83,3.95,1.48
养元饮品,sh603156,30.88,30.7,30.8,81000.0,30.88,200,30.91,300,0.59,30.91,30.79,81000,2500000.0,0.01,0.39,389.17,389.17,33.77,27.63,4.21
华翔股份,sh603112,17.79,17.79,17.8,8200.0,17.76,500,17.78,400,0.0,17.81,17.78,8200,150000.0,0.0,0.17,89.87,96.1,19.57,16.01,0.35
精工钢构,sh600496,4.53,4.52,4.53,108700.0,4.52,77100,4.53,4000,0.22,4.54,4.52,108700,490000.0,0.01,0.44,90.15,90.15,4.97,4.07,1.28
奥比中光-UW,sh688322,93.43,94.54,93.51,6052400.0,93.43,700,93.48,8800,-1.17,94.2,93.3,6052400,5660000.0,0.02,0.95,297.74,374.79,113.45,75.63,2.27
天味食品,sh603317,13.48,13.45,13.45,74000.0,13.55,100,13.58,700,0.22,13.55,13.45,74000,1000000.0,0.01,0.74,143.52,143.52,14.8,12.11,0.91
维信诺,sz002387,8.79,8.82,8.84,367100.0,8.78,1500,8.79,700,-0.34,8.84,8.76,367100,3230000.0,0.03,0.91,122.62,122.78,9.7,7.94,4.69
华胜天成,sh600410,22.26,22.37,22.01,3947400.0,22.25,78200,22.29,400,-0.49,22.3,22.01,3947400,87090000.0,0.36,1.3,244.08,244.08,24.61,20.13,5.31
上海建科,sh603153,16.98,17.08,17.03,26200.0,16.98,700,17.01,100,-0.59,17.04,16.98,26200,450000.0,0.02,0.35,22.92,69.59,18.79,15.37,2.95
海利尔,sh603639,14.08,14.1,14.08,12300.0,14.08,14300,14.11,200,-0.14,14.11,14.08,12300,170000.0,0.0,0.21,47.85,49.23,15.51,12.69,1.05
北化股份,sz002246,19.78,19.8,19.71,263900.0,19.78,5600,19.79,400,-0.1,19.78,19.66,263900,5200000.0,0.05,0.61,108.6,108.6,21.78,17.82,3.58
龙建股份,sh600853,4.35,4.36,4.35,219300.0,4.34,78000,4.35,49800,-0.23,4.36,4.34,219300,950000.0,0.02,0.46,44.1,44.11,4.8,3.92,3.4
纽威股份,sh603699,58.51,58.15,58.15,65700.0,58.51,600,58.58,200,0.62,58.68,58.15,65700,3830000.0,0.01,0.91,443.59,453.62,63.97,52.34,4.04
泸天化,sz000912,4.65,4.66,4.64,261200.0,4.65,50900,4.66,91600,-0.21,4.66,4.64,261200,1210000.0,0.02,0.43,72.91,72.91,5.13,4.19,4.48
雪峰科技,sh603227,8.62,8.58,8.6,58300.0,8.62,19400,8.63,13200,0.47,8.62,8.58,58300,500000.0,0.01,0.47,92.38,92.38,9.44,7.72,1.56
红塔证券,sh601236,8.1,8.1,8.1,180100.0,8.1,10900,8.11,10100,0.0,8.11,8.09,180100,1460000.0,0.0,0.25,382.06,382.06,8.91,7.29,3.1
金牌家居,sh603180,20.69,20.69,20.69,600.0,20.63,1000,20.66,700,0.0,20.69,20.69,600,10000.0,0.0,0.0,31.92,31.92,22.76,18.62,0.1
基蛋生物,sh603387,8.73,8.76,8.74,60600.0,8.73,12500,8.74,45500,-0.34,8.74,8.72,60600,530000.0,0.01,0.23,44.27,44.27,9.64,7.88,2.04
川网传媒,sz300987,21.38,21.17,21.1,115500.0,21.38,200,21.41,1400,0.99,21.43,21.1,115500,2450000.0,0.07,1.56,37.07,37.07,25.4,16.94,1.67
苏州龙杰,sh603332,13.99,13.9,14.02,16100.0,13.98,500,13.99,2800,0.65,14.02,13.9,16100,230000.0,0.01,0.86,30.27,30.27,15.29,12.51,1.05
三态股份,sz301558,9.43,9.42,9.41,134500.0,9.42,65400,9.43,12700,0.11,9.43,9.38,134500,1270000.0,0.06,0.53,20.68,74.39,11.3,7.54,1.45
成都路桥,sz002628,4.51,4.51,4.49,274600.0,4.51,131800,4.52,71800,0.0,4.53,4.49,274600,1240000.0,0.04,0.89,34.0,34.15,4.96,4.06,3.16
三峡能源,sh600905,4.08,4.09,4.09,3135300.0,4.08,9776400,4.09,1406000,-0.24,4.09,4.08,3135300,12820000.0,0.01,0.24,1166.38,1166.38,4.5,3.68,9.19
先锋新材,sz300163,5.27,5.27,5.25,663400.0,5.26,68600,5.27,5700,0.0,5.27,5.22,663400,3480000.0,0.15,0.95,23.91,24.98,6.32,4.22,3.95
中铁特货,sz001213,4.18,4.18,4.18,171500.0,4.17,118300,4.18,161100,0.0,4.18,4.17,171500,720000.0,0.0,0.24,185.78,185.78,4.6,3.76,2.73
锌业股份,sz000751,5.63,5.68,5.66,3284800.0,5.63,9100,5.64,58100,-0.88,5.68,5.61,3284800,18550000.0,0.23,1.23,79.38,90.96,6.25,5.11,7.75
西力科技,sh688616,13.64,13.64,13.56,1840100.0,13.66,1000,13.69,2300,0.0,13.64,13.56,1840100,250000.0,0.01,0.59,24.47,24.47,16.37,10.91,1.65
博闻科技,sh600883,8.85,8.91,8.93,54900.0,8.86,1000,8.92,20100,-0.67,8.93,8.82,54900,490000.0,0.02,1.23,20.89,20.89,9.8,8.02,2.34
老白干酒,sh600559,15.75,15.65,15.7,153200.0,15.74,200,15.75,14100,0.64,15.75,15.7,153200,2410000.0,0.02,0.32,143.25,144.07,17.22,14.09,2.7
格力博,sz301260,16.59,16.65,16.65,22500.0,16.57,5600,16.59,1700,-0.36,16.66,16.59,22500,370000.0,0.01,0.42,33.92,80.04,19.98,13.32,2.49
中集环科,sz301559,17.77,17.78,17.71,15100.0,17.76,100,17.77,4000,-0.06,17.78,17.71,15100,270000.0,0.02,0.39,15.99,106.62,21.34,14.22,1.24
大北农,sz002385,4.02,4.01,4.01,2494100.0,4.01,389600,4.02,1197500,0.25,4.02,4.0,2494100,10010000.0,0.07,0.5,141.67,172.86,4.41,3.61,5.47
恒力石化,sh600346,25.03,25.32,25.0,588700.0,25.01,1900,25.03,11300,-1.15,25.23,24.92,588700,14710000.0,0.01,1.22,1761.89,1761.89,27.85,22.79,2.99
天通股份,sh600330,17.72,18.0,17.63,2519300.0,17.71,16100,17.75,200,-1.56,17.8,17.6,2519300,44480000.0,0.2,1.11,218.56,218.56,19.8,16.2,3.63
爱施德,sz002416,13.45,13.49,13.47,205600.0,13.44,7300,13.45,23500,-0.3,13.48,13.44,205600,2770000.0,0.02,0.3,164.62,166.68,14.84,12.14,1.79
新炬网络,sh605398,32.99,32.58,32.81,154700.0,32.92,400,32.99,1300,1.26,33.14,32.8,154700,5080000.0,0.1,1.04,53.68,53.68,35.84,29.32,7.42
中辰股份,sz300933,9.09,9.21,9.13,285000.0,9.07,5600,9.09,1700,-1.3,9.13,9.07,285000,2590000.0,0.05,0.65,49.73,49.73,11.05,7.37,3.22
浙版传媒,sh601921,8.32,8.34,8.32,140600.0,8.33,700,8.35,7100,-0.24,8.36,8.31,140600,1170000.0,0.01,0.6,184.89,184.89,9.17,7.51,0.97
冀凯股份,sz002691,9.23,9.21,9.17,96700.0,9.23,2300,9.24,5800,0.22,9.23,9.15,96700,890000.0,0.03,0.87,31.01,31.38,10.13,8.29,1.81
泽宇智能,sz301179,17.36,17.5,17.36,38400.0,17.36,5200,17.37,500,-0.8,17.45,17.36,38400,670000.0,0.02,0.51,41.23,70.21,21.0,14.0,2.92
瑞纳智能,sz301129,26.75,26.77,26.9,11000.0,26.69,2400,26.74,200,-0.07,26.9,26.68,11000,300000.0,0.02,0.82,17.73,36.35,32.12,21.42,2.16
健帆生物,sz300529,20.08,20.04,20.05,63600.0,20.05,6000,20.08,100,0.2,20.15,20.04,63600,1280000.0,0.01,0.55,102.9,160.36,24.05,16.03,3.75
会通股份,sh688219,12.56,12.62,12.61,7493800.0,12.55,2500,12.56,1300,-0.48,12.61,12.53,7493800,940000.0,0.01,0.63,69.03,69.03,15.14,10.1,2.93
远大控股,sz000626,7.5,7.47,7.45,65300.0,7.46,1500,7.47,100,0.4,7.51,7.45,65300,490000.0,0.01,0.8,37.78,38.0,8.22,6.72,2.6
未来电器,sz301386,26.66,26.95,26.74,46300.0,26.66,1000,26.73,2400,-1.08,26.9,26.64,46300,1240000.0,0.11,0.96,11.44,37.32,32.34,21.56,3.24
中孚信息,sz300659,15.95,15.79,15.89,168900.0,15.94,7300,15.95,3900,1.01,15.95,15.83,168900,2690000.0,0.09,0.76,30.36,41.53,18.95,12.63,6.25
今天国际,sz300532,12.49,12.53,12.44,62600.0,12.49,8700,12.5,300,-0.32,12.55,12.44,62600,780000.0,0.01,0.88,53.93,56.71,15.04,10.02,3.25
科前生物,sh688526,16.35,16.39,16.38,799700.0,16.33,800,16.35,800,-0.24,16.38,16.33,799700,130000.0,0.0,0.31,76.21,76.21,19.67,13.11,1.0
东方环宇,sh603706,20.68,20.69,20.66,4600.0,20.65,2000,20.68,300,-0.05,20.68,20.66,4600,100000.0,0.0,0.1,39.16,39.16,22.76,18.62,1.23
安博通,sh688168,72.21,72.31,73.99,2400900.0,72.25,300,73.76,300,-0.14,73.99,72.21,2400900,1770000.0,0.03,2.46,55.74,55.74,86.77,57.85,10.1
中化国际,sh600500,4.51,4.5,4.5,192300.0,4.5,52900,4.51,38800,0.22,4.52,4.49,192300,870000.0,0.01,0.67,161.83,161.84,4.95,4.05,1.06
宏景科技,sz301396,103.24,103.6,100.1,679500.0,103.24,4100,103.47,100,-0.35,103.47,100.1,679500,68510000.0,0.89,3.25,78.55,158.49,124.32,82.88,7.75
当虹科技,sh688039,59.68,60.22,60.2,8920100.0,59.68,800,59.7,600,-0.9,60.2,59.5,8920100,5360000.0,0.08,1.16,66.01,66.01,72.26,48.18,3.32
中粮资本,sz002423,10.92,10.9,10.89,141900.0,10.91,1200,10.92,1900,0.18,10.93,10.89,141900,1550000.0,0.01,0.37,251.61,251.61,11.99,9.81,3.79
联测科技,sh688113,44.48,44.5,44.7,329500.0,44.44,1400,44.48,700,-0.04,44.7,44.41,329500,150000.0,0.01,0.65,28.64,28.64,53.4,35.6,0.79
大地熊,sh688077,35.78,36.1,35.26,5239000.0,35.47,1100,35.78,400,-0.89,36.1,35.26,5239000,1860000.0,0.05,2.33,40.96,40.96,43.32,28.88,2.7
锦江航运,sh601083,12.14,11.98,12.1,1177600.0,12.15,4900,12.16,12300,1.34,12.16,12.1,1177600,14260000.0,0.61,0.5,23.57,157.11,13.18,10.78,46.55
山西焦化,sh600740,4.65,4.61,4.69,2237900.0,4.65,91400,4.67,242500,0.87,4.69,4.63,2237900,10450000.0,0.09,1.3,119.14,119.14,5.07,4.15,3.96
上海机电,sh600835,28.19,28.27,28.27,18300.0,28.18,1300,28.19,700,-0.28,28.27,28.19,18300,520000.0,0.0,0.28,227.35,288.31,31.1,25.44,0.56
牧原股份,sz002714,45.24,45.24,45.24,362700.0,45.23,28700,45.24,7400,0.0,45.35,45.22,362700,16410000.0,0.01,0.29,1723.1,2595.29,49.76,40.72,2.8
永泰运,sz001228,32.34,32.47,32.34,27200.0,32.34,600,32.35,400,-0.4,32.55,32.34,27200,880000.0,0.03,0.65,25.83,33.59,35.72,29.22,2.13
凤竹纺织,sh600493,8.12,8.11,8.11,45100.0,8.12,1100,8.13,100,0.12,8.14,8.1,45100,370000.0,0.02,0.49,22.09,22.09,8.92,7.3,1.59
青木科技,sz301110,74.55,74.1,73.95,29200.0,74.5,800,74.63,300,0.61,74.63,73.88,29200,2160000.0,0.04,1.01,48.73,68.99,88.92,59.28,1.93
山水比德,sz300844,42.39,42.19,42.36,1700.0,42.32,300,42.77,400,0.47,42.4,42.3,1700,70000.0,0.0,0.24,38.17,39.51,50.63,33.75,0.55
中科软,sh603927,19.52,19.64,19.52,156700.0,19.53,1100,19.54,100,-0.61,19.56,19.48,156700,3060000.0,0.02,0.41,162.22,162.22,21.6,17.68,4.33
可孚医疗,sz301087,55.76,55.95,55.71,9300.0,55.76,300,55.8,400,-0.34,55.98,55.68,9300,520000.0,0.0,0.54,108.31,116.48,67.14,44.76,0.97
四会富仕,sz300852,46.39,46.88,46.2,85400.0,46.39,1100,46.4,1700,-1.05,46.5,46.2,85400,3950000.0,0.06,0.64,71.88,74.47,56.26,37.5,2.68
睿昂基因,sh688217,31.26,31.26,31.36,362500.0,31.26,0,31.33,7400,0.0,31.37,31.26,362500,110000.0,0.01,0.35,17.46,17.46,37.51,25.01,1.28
帅丰电器,sh605336,14.27,14.25,14.29,46300.0,14.26,700,14.28,2700,0.14,14.29,14.26,46300,660000.0,0.03,0.21,26.17,26.17,15.68,12.83,3.57
益方生物-U,sh688382,22.27,22.3,22.27,4271800.0,22.3,1000,22.31,1000,-0.13,22.34,22.27,4271800,950000.0,0.01,0.31,128.8,128.8,26.76,17.84,0.85
蓝海华腾,sz300484,19.68,19.77,19.7,33100.0,19.66,1500,19.7,2600,-0.46,19.7,19.65,33100,650000.0,0.02,0.25,32.74,40.77,23.72,15.82,1.67
威高血净,sh603014,40.79,40.76,40.76,6000.0,40.79,1800,40.96,2600,0.07,40.97,40.76,6000,240000.0,0.02,0.52,16.06,170.4,44.84,36.68,1.35
长华集团,sh605018,12.59,12.58,12.57,1111700.0,12.59,800,12.62,1200,0.08,12.65,12.51,1111700,13980000.0,0.24,1.11,59.18,59.18,13.84,11.32,40.96
华康股份,sh605077,16.15,16.14,16.19,10700.0,16.14,6000,16.15,3000,0.06,16.19,16.15,10700,170000.0,0.0,0.25,48.36,48.94,17.75,14.53,1.16
沃森生物,sz300142,12.22,12.17,12.21,276700.0,12.22,700,12.23,13500,0.41,12.22,12.17,276700,3380000.0,0.02,0.41,190.14,195.44,14.6,9.74,2.18
新天绿能,sh600956,7.41,7.42,7.41,58900.0,7.41,44800,7.42,5200,-0.13,7.42,7.41,58900,440000.0,0.0,0.13,173.99,334.39,8.16,6.68,2.51
大港股份,sz002077,16.53,16.63,16.51,244300.0,16.52,2200,16.53,3600,-0.6,16.55,16.46,244300,4030000.0,0.04,0.54,95.93,95.93,18.29,14.97,3.38
华东医药,sz000963,36.36,36.37,36.34,57700.0,36.36,300,36.37,1500,-0.03,36.37,36.33,57700,2100000.0,0.0,0.11,637.53,637.76,40.01,32.73,1.71
洋河股份,sz002304,54.6,54.34,54.42,102300.0,54.6,1800,54.64,1100,0.48,54.65,54.4,102300,5570000.0,0.01,0.46,822.5,822.52,59.77,48.91,3.4
广东建工,sz002060,3.78,3.78,3.77,206300.0,3.77,3000,3.78,128200,0.0,3.78,3.77,206300,780000.0,0.01,0.26,59.07,141.92,4.16,3.4,2.31
可立克,sz002782,22.23,22.41,22.24,165500.0,22.22,11000,22.24,200,-0.8,22.4,22.23,165500,3690000.0,0.03,0.76,108.15,110.25,24.65,20.17,3.88
华夏航空,sz002928,11.28,11.18,11.35,515600.0,11.2,15500,11.28,1000,0.89,11.38,11.21,515600,5830000.0,0.04,1.52,144.18,144.19,12.3,10.06,5.59
中泰股份,sz300435,30.1,30.47,30.25,208800.0,30.08,2500,30.09,400,-1.21,30.4,30.08,208800,6310000.0,0.06,1.05,111.01,116.1,36.56,24.38,3.88
爱博医疗,sh688050,60.05,59.95,60.06,827000.0,60.04,2000,60.05,7200,0.17,60.06,59.97,827000,500000.0,0.0,0.15,116.14,116.14,71.94,47.96,1.13
康龙化成,sz300759,30.59,30.73,30.49,279300.0,30.56,200,30.6,14700,-0.46,30.67,30.49,279300,8530000.0,0.02,0.59,434.39,562.03,36.88,24.58,3.58
龙腾光电,sh688055,3.8,3.79,3.81,3060000.0,3.79,15300,3.8,12200,0.26,3.81,3.8,3060000,120000.0,0.0,0.26,126.67,126.67,4.55,3.03,0.98
宝钢股份,sh600019,7.1,7.12,7.1,779400.0,7.09,100,7.1,201500,-0.28,7.11,7.08,779400,5530000.0,0.0,0.42,1546.53,1546.53,7.83,6.41,1.87
宇新股份,sz002986,13.44,13.5,13.59,244500.0,13.44,9300,13.45,100,-0.44,13.6,13.38,244500,3310000.0,0.08,1.63,40.57,51.09,14.85,12.15,7.08
石化机械,sz000852,7.8,7.88,7.82,219300.0,7.8,21500,7.81,3600,-1.02,7.84,7.8,219300,1710000.0,0.02,0.51,73.77,74.57,8.67,7.09,2.94
赛诺医疗,sh688108,22.37,22.21,22.41,7278500.0,22.35,1200,22.36,2500,0.72,22.41,22.34,7278500,1630000.0,0.02,0.32,93.5,93.5,26.65,17.77,2.07
强力新材,sz300429,14.93,15.07,15.02,238700.0,14.92,7200,14.93,100,-0.93,15.02,14.92,238700,3570000.0,0.06,0.66,59.52,80.07,18.08,12.06,3.76
红日药业,sz300026,3.66,3.65,3.65,816100.0,3.65,252600,3.66,116800,0.27,3.66,3.64,816100,2980000.0,0.03,0.55,100.23,109.95,4.38,2.92,2.47
法兰泰克,sh603966,13.26,13.34,13.25,129900.0,13.2,8300,13.25,100,-0.6,13.28,13.21,129900,1720000.0,0.03,0.52,52.74,52.86,14.67,12.01,2.53
永鼎股份,sh600105,27.3,27.71,27.24,1657300.0,27.29,800,27.34,300,-1.48,27.34,27.24,1657300,45180000.0,0.11,0.36,399.12,399.12,30.48,24.94,2.45
正邦科技,sz002157,3.14,3.14,3.14,870700.0,3.14,93100,3.15,1301500,0.0,3.15,3.13,870700,2730000.0,0.01,0.64,227.16,290.46,3.45,2.83,2.17
新点软件,sh688232,28.81,28.86,28.75,2001100.0,28.81,7000,28.84,2800,-0.17,28.85,28.75,2001100,580000.0,0.01,0.35,92.76,92.76,34.63,23.09,1.35
泰禾股份,sz301665,29.78,29.87,30.05,21400.0,29.76,500,29.78,3000,-0.3,30.05,29.76,21400,640000.0,0.06,0.97,11.39,134.01,35.84,23.9,2.03
秦港股份,sh601326,3.5,3.5,3.49,83200.0,3.49,164800,3.5,341700,0.0,3.5,3.49,83200,290000.0,0.0,0.29,166.51,195.56,3.85,3.15,0.88
康力源,sz301287,45.71,45.53,45.95,19400.0,45.67,100,45.71,1100,0.4,45.95,45.62,19400,890000.0,0.11,0.72,7.79,30.47,54.64,36.42,6.23
锦鸡股份,sz300798,9.66,9.64,9.54,1073600.0,9.66,1200,9.67,800,0.21,9.66,9.54,1073600,10270000.0,0.28,1.24,36.84,45.29,11.57,7.71,3.27
华润三九,sz000999,28.91,28.88,28.74,158700.0,28.9,1300,28.91,1500,0.1,28.92,28.74,158700,4570000.0,0.01,0.62,480.68,481.13,31.77,25.99,1.58
深圳机场,sz000089,7.26,7.24,7.26,222900.0,7.25,18700,7.26,6200,0.28,7.27,7.25,222900,1620000.0,0.01,0.28,148.88,148.89,7.96,6.52,5.21
向日葵,sz300111,4.62,4.58,4.6,360700.0,4.62,128300,4.63,131500,0.87,4.62,4.59,360700,1660000.0,0.03,0.66,59.47,59.47,5.5,3.66,2.1
博迅生物,bj920504,25.15,25.1,25.15,5400.0,25.07,300,25.15,1300,0.2,25.18,25.11,5400,135800.0,0.03,0.28,4.3,10.9,32.63,17.57,4.29
TCL智家,sz002668,10.06,10.06,10.05,86200.0,10.06,40700,10.08,8000,0.0,10.09,10.05,86200,870000.0,0.01,0.4,109.06,109.06,11.07,9.05,1.98
龙江交通,sh601188,3.59,3.58,3.59,413500.0,3.58,221100,3.59,89300,0.28,3.59,3.58,413500,1480000.0,0.03,0.28,46.87,46.87,3.94,3.22,5.4
隆华新材,sz301149,12.36,12.16,12.33,334200.0,12.33,900,12.34,500,1.64,12.39,12.3,334200,4120000.0,0.13,0.74,32.29,53.15,14.59,9.73,6.52
长联科技,sz301618,51.19,51.07,51.17,9000.0,51.18,200,51.19,1700,0.23,51.19,51.1,9000,460000.0,0.03,0.18,16.97,46.18,61.28,40.86,2.91
ST八菱,sz002592,9.93,9.88,9.93,24500.0,9.93,12000,9.95,2900,0.51,9.95,9.93,24500,240000.0,0.01,0.2,26.09,28.13,10.37,9.39,1.26
国盛智科,sh688558,32.91,33.1,32.91,516000.0,32.81,2400,32.91,3200,-0.57,32.91,32.81,516000,170000.0,0.0,0.3,43.44,43.44,39.72,26.48,1.09
海看股份,sz301262,29.26,28.96,29.29,765800.0,29.26,3800,29.28,5100,1.04,29.36,29.16,765800,22420000.0,0.63,0.69,35.72,122.01,34.75,23.17,5.67
和晶科技,sz300279,9.23,9.18,9.18,388500.0,9.23,19500,9.25,3300,0.54,9.25,9.13,388500,3570000.0,0.08,1.31,44.94,45.14,11.02,7.34,2.96
安洁科技,sz002635,14.27,14.29,14.22,65600.0,14.27,1300,14.28,1900,-0.14,14.29,14.2,65600,930000.0,0.02,0.63,56.42,94.14,15.72,12.86,2.46
新铝时代,sz301613,51.88,51.81,51.91,7900.0,51.84,800,51.88,100,0.14,52.3,51.88,7900,410000.0,0.01,0.81,43.53,74.62,62.17,41.45,1.15
瑞芯微,sh603893,184.52,186.4,185.0,46500.0,184.5,1900,184.63,100,-1.01,185.0,184.52,46500,8600000.0,0.01,0.26,776.53,776.75,205.04,167.76,2.53
成都先导,sh688222,30.22,30.26,30.17,4528600.0,30.22,12500,30.26,2200,-0.13,30.26,30.06,4528600,1370000.0,0.01,0.66,121.09,121.09,36.31,24.21,1.18
长虹华意,sz000404,7.15,7.16,7.15,47800.0,7.14,58100,7.15,88900,-0.14,7.16,7.14,47800,340000.0,0.01,0.28,49.53,49.76,7.88,6.44,1.05
江苏索普,sh600746,7.71,7.75,7.72,72600.0,7.7,3000,7.71,3500,-0.52,7.74,7.7,72600,560000.0,0.01,0.52,89.9,90.04,8.53,6.98,2.39
苏州规划,sz301505,24.52,24.72,24.72,38600.0,24.47,1000,24.52,3300,-0.81,24.84,24.36,38600,950000.0,0.05,1.94,18.37,28.05,29.66,19.78,3.06
德新科技,sh603032,18.66,18.64,18.65,28300.0,18.66,4000,18.7,3000,0.11,18.66,18.65,28300,530000.0,0.01,0.05,43.23,43.57,20.5,16.78,2.34
江苏有线,sh600959,4.32,4.29,4.29,1409000.0,4.32,8800,4.33,137400,0.7,4.33,4.28,1409000,6050000.0,0.03,1.17,216.03,216.03,4.72,3.86,2.0
安恒信息,sh688023,60.93,60.99,60.99,6224900.0,60.69,1300,60.93,3500,-0.1,61.58,60.02,6224900,3800000.0,0.06,2.56,62.19,62.19,73.19,48.79,3.63
江天化学,sz300927,31.8,33.96,31.99,796200.0,31.8,4000,31.9,21800,-6.36,32.55,31.69,796200,25480000.0,0.57,2.53,44.8,45.91,40.75,27.17,8.68
宏微科技,sh688711,32.68,33.02,32.6,11727700.0,32.8,500,32.85,300,-1.03,32.99,32.58,11727700,3830000.0,0.06,1.24,69.64,69.64,39.62,26.42,4.14
东方雨虹,sz002271,17.63,17.82,17.7,398400.0,17.63,26500,17.65,4800,-1.07,17.77,17.63,398400,7050000.0,0.02,0.79,337.61,421.13,19.6,16.04,2.15
龙迅股份,sh688486,75.97,76.43,75.97,777700.0,75.86,2000,75.97,8800,-0.6,75.97,75.84,777700,590000.0,0.01,0.17,56.51,101.29,91.72,61.14,1.48
仟源医药,sz300254,11.41,11.37,11.37,259600.0,11.4,6100,11.41,20000,0.35,11.49,11.37,259600,2950000.0,0.11,1.06,25.78,29.22,13.64,9.1,2.55
联域股份,sz001326,61.74,61.93,62.49,27000.0,61.74,1000,61.75,500,-0.31,62.54,61.0,27000,1680000.0,0.11,2.49,14.88,45.19,68.12,55.74,2.91
杭州热电,sh605011,20.4,20.45,20.43,17000.0,20.43,100,20.53,5200,-0.24,20.45,20.38,17000,350000.0,0.0,0.34,81.62,81.62,22.5,18.41,1.48
华域汽车,sh600741,19.21,19.26,19.22,58800.0,19.18,1500,19.21,2600,-0.26,19.24,19.18,58800,1130000.0,0.0,0.31,605.64,605.64,21.19,17.33,1.45
中诚咨询,bj920003,31.77,31.72,31.77,13700.0,31.77,1200,31.87,200,0.16,31.87,31.77,13700,436100.0,0.1,0.32,4.23,20.56,41.23,22.21,8.2
贵州燃气,sh600903,6.68,6.68,6.68,69900.0,6.68,63500,6.69,29700,0.0,6.69,6.68,69900,470000.0,0.01,0.15,76.82,76.82,7.35,6.01,1.85
宁新新材,bj920719,12.36,12.37,12.43,15100.0,12.36,600,12.45,1700,-0.08,12.43,12.36,15100,187200.0,0.02,0.57,9.05,11.51,16.08,8.66,2.86
*ST节能,sz000820,3.97,3.82,4.0,2513900.0,3.96,500,3.98,12400,3.93,4.0,3.9,2513900,10030000.0,0.85,2.62,11.79,25.67,4.01,3.63,69.58
盛景微,sh603375,38.17,38.2,38.21,13200.0,38.17,6600,38.18,1100,-0.08,38.21,38.1,13200,500000.0,0.02,0.29,24.35,38.42,42.02,34.38,2.97
新光光电,sh688011,70.2,69.92,70.82,3662500.0,70.2,2800,70.75,300,0.4,71.5,70.01,3662500,2590000.0,0.04,2.13,69.96,70.2,83.9,55.94,4.87
福斯特,sh603806,18.61,18.71,18.54,381200.0,18.55,91600,18.61,2300,-0.53,18.68,18.54,381200,7070000.0,0.01,0.75,485.49,485.49,20.58,16.84,1.65
中泰证券,sh600918,6.38,6.37,6.38,176500.0,6.38,27000,6.39,385600,0.16,6.39,6.37,176500,1130000.0,0.0,0.31,250.47,505.19,7.01,5.73,2.07
蓝焰控股,sz000968,7.83,8.01,7.88,911700.0,7.81,32100,7.82,14300,-2.25,7.94,7.81,911700,7180000.0,0.09,1.62,75.76,75.76,8.81,7.21,8.08
中国电信,sh601728,5.69,5.69,5.69,1712300.0,5.68,456800,5.69,385600,0.0,5.7,5.68,1712300,9740000.0,0.0,0.35,4417.13,5206.76,6.26,5.12,3.73
电工合金,sz300697,17.56,17.71,17.55,308000.0,17.56,5600,17.58,31000,-0.85,17.56,17.5,308000,5400000.0,0.15,0.34,35.38,75.97,21.25,14.17,6.17
维科精密,sz301499,31.63,31.95,31.9,58700.0,31.63,3300,31.65,6400,-1.0,31.94,31.63,58700,1870000.0,0.17,0.97,10.93,43.73,38.34,25.56,6.78
地素时尚,sh603587,12.99,13.0,13.01,108400.0,12.94,100,13.0,400,-0.08,13.01,12.91,108400,1410000.0,0.02,0.77,61.58,61.58,14.3,11.7,10.45
天合光能,sh688599,20.33,20.54,20.39,52156400.0,20.32,200,20.33,2200,-1.02,20.44,20.3,52156400,10630000.0,0.02,0.68,476.24,476.24,24.65,16.43,1.66
电投产融,sz000958,6.49,6.49,6.53,393600.0,6.48,133000,6.49,5100,0.0,6.53,6.48,393600,2560000.0,0.01,0.77,349.38,1127.52,7.14,5.84,4.51
福日电子,sh600203,12.46,12.53,12.5,105400.0,12.45,8500,12.46,1800,-0.56,12.5,12.45,105400,1320000.0,0.02,0.4,73.89,73.89,13.78,11.28,2.32
锦和商管,sh603682,7.73,7.83,7.78,529200.0,7.73,10800,7.77,400,-1.28,7.83,7.73,529200,4120000.0,0.11,1.28,36.52,36.52,8.61,7.05,7.03
迈拓股份,sz301006,18.78,18.89,18.87,28000.0,18.71,3300,18.73,4500,-0.58,18.87,18.67,28000,530000.0,0.03,1.06,16.17,26.16,22.67,15.11,3.69
大庆华科,sz000985,20.92,20.91,20.81,44000.0,20.88,400,20.92,400,0.05,20.99,20.7,44000,920000.0,0.03,1.39,27.12,27.12,23.0,18.82,5.15
安科瑞,sz300286,28.16,28.48,28.29,58300.0,28.16,6000,28.17,200,-1.12,28.62,28.16,58300,1650000.0,0.03,1.62,59.65,70.62,34.18,22.78,2.59
甬矽电子,sh688362,45.37,45.83,45.45,11756100.0,45.15,3500,45.37,19000,-1.0,45.45,45.17,11756100,5340000.0,0.03,0.61,186.24,186.24,55.0,36.66,2.63
南微医学,sh688029,80.97,81.0,81.0,584000.0,80.82,200,80.96,300,-0.04,81.0,80.97,584000,470000.0,0.0,0.04,152.1,152.1,97.2,64.8,1.13
恒通股份,sh603223,9.53,9.56,9.56,28100.0,9.52,1000,9.53,300,-0.31,9.56,9.53,28100,270000.0,0.0,0.31,68.06,68.06,10.52,8.6,0.97
利民股份,sz002734,19.87,20.1,19.9,237800.0,19.86,400,19.88,10300,-1.14,19.95,19.82,237800,4730000.0,0.05,0.65,86.3,94.55,22.11,18.09,1.51
友发集团,sh601686,6.15,6.18,6.16,34500.0,6.15,27700,6.16,8700,-0.49,6.16,6.15,34500,210000.0,0.0,0.16,90.47,90.47,6.8,5.56,0.94
菲沃泰,sh688371,21.23,21.28,21.23,1660500.0,21.18,2000,21.23,100,-0.23,21.29,21.2,1660500,350000.0,0.0,0.42,71.22,71.22,25.54,17.02,2.43
立昂技术,sz300603,11.22,11.22,11.1,1176100.0,11.16,7900,11.21,200,0.0,11.3,11.06,1176100,13120000.0,0.31,2.14,41.96,52.15,13.46,8.98,9.54
华明装备,sz002270,34.46,34.97,34.5,308900.0,34.46,300,34.47,40000,-1.46,34.5,34.19,308900,10640000.0,0.03,0.89,308.83,308.84,38.47,31.47,3.99
朗科科技,sz300042,33.64,33.52,33.5,360700.0,33.6,7600,33.62,100,0.36,33.69,33.37,360700,12080000.0,0.18,0.95,67.41,67.41,40.22,26.82,6.8
协和电子,sh605258,33.53,33.69,33.5,7800.0,33.53,3500,33.66,100,-0.47,33.94,33.49,7800,260000.0,0.01,1.34,29.51,29.51,37.06,30.32,1.2
易瑞生物,sz300942,9.86,9.81,9.79,28300.0,9.85,7100,9.86,500,0.51,9.86,9.79,28300,280000.0,0.01,0.71,39.94,39.94,11.77,7.85,1.7
全志科技,sz300458,41.96,42.24,42.02,232600.0,41.96,3600,41.98,2600,-0.66,42.1,41.96,232600,9770000.0,0.03,0.33,283.51,346.35,50.69,33.79,4.51
华电新能,sh600930,5.91,5.92,5.92,526900.0,5.91,734000,5.92,1005900,-0.17,5.92,5.91,526900,3120000.0,0.02,0.17,190.88,2465.31,6.51,5.33,3.39
智光电气,sz002169,13.93,13.91,13.89,1215500.0,13.92,8800,13.93,4500,0.14,14.0,13.83,1215500,16900000.0,0.16,1.22,105.68,109.03,15.3,12.52,7.03
博济医药,sz300404,10.67,10.7,10.68,89600.0,10.68,1900,10.69,127700,-0.28,10.71,10.65,89600,960000.0,0.03,0.56,29.96,41.16,12.84,8.56,1.93
百通能源,sz001376,20.3,20.4,20.39,169700.0,20.22,200,20.23,400,-0.49,20.47,20.23,169700,3460000.0,0.08,1.18,43.39,93.56,22.44,18.36,2.06
常友科技,sz301557,95.36,95.8,95.77,6000.0,95.36,200,95.75,300,-0.46,95.8,95.35,6000,570000.0,0.05,0.47,10.57,42.25,114.96,76.64,1.71
华研精机,sz301138,39.89,40.13,39.89,15700.0,39.87,1500,39.91,200,-0.6,40.06,39.86,15700,630000.0,0.02,0.5,27.35,47.87,48.16,32.1,2.56
中农联合,sz003042,18.17,18.12,18.15,85600.0,18.15,4000,18.17,700,0.28,18.29,18.14,85600,1560000.0,0.07,0.83,23.14,25.89,19.93,16.31,2.44
青农商行,sz002958,3.16,3.15,3.16,905100.0,3.16,6300,3.17,1792400,0.32,3.16,3.15,905100,2860000.0,0.02,0.32,171.89,175.56,3.47,2.84,3.27
恒源煤电,sh600971,6.96,7.01,6.98,247400.0,6.96,24900,6.97,3300,-0.71,6.98,6.96,247400,1730000.0,0.02,0.29,83.52,83.52,7.71,6.31,2.66
劲旅环境,sz001230,26.29,26.14,26.17,27000.0,26.29,600,26.3,200,0.57,26.43,26.17,27000,710000.0,0.03,0.99,20.65,35.29,28.75,23.53,1.15
华西证券,sz002926,8.96,8.95,8.95,280200.0,8.96,14600,8.98,42400,0.11,8.98,8.95,280200,2510000.0,0.01,0.34,235.2,235.2,9.85,8.06,4.85
博瑞医药,sh688166,46.28,46.01,46.3,3198500.0,46.14,400,46.23,200,0.59,46.3,46.1,3198500,1480000.0,0.01,0.43,195.81,195.81,55.21,36.81,1.62
海特生物,sz300683,32.51,32.71,33.03,54300.0,32.51,800,32.52,7200,-0.61,33.03,32.51,54300,1780000.0,0.04,1.59,39.68,42.55,39.25,26.17,1.51
上汽集团,sh600104,14.38,14.4,14.38,544300.0,14.37,34300,14.38,72600,-0.14,14.39,14.35,544300,7820000.0,0.0,0.28,1653.02,1653.02,15.84,12.96,3.41
北新建材,sz000786,28.28,28.15,28.14,148800.0,28.28,300,28.34,2400,0.46,28.35,28.14,148800,4200000.0,0.01,0.75,477.79,481.39,30.97,25.34,1.78
华民股份,sz300345,7.61,7.67,7.6,346000.0,7.6,5600,7.61,18200,-0.78,7.61,7.58,346000,2630000.0,0.07,0.39,36.48,44.16,9.2,6.14,1.16
中兴通讯,sz000063,37.18,37.53,37.2,1301300.0,37.17,2100,37.18,8700,-0.93,37.26,37.11,1301300,48390000.0,0.03,0.4,1497.47,1778.52,41.28,33.78,4.82
视觉中国,sz000681,29.7,29.14,29.49,2751700.0,29.7,2100,29.75,4700,1.92,29.79,29.49,2751700,81310000.0,0.41,1.03,200.85,208.07,32.05,26.23,5.94
驱动力,bj920275,9.07,9.0,9.1,19100.0,9.0,1000,9.07,1000,0.78,9.1,9.07,19100,173600.0,0.01,0.33,11.96,14.46,11.7,6.3,5.2
新华传媒,sh600825,6.78,6.76,6.77,320500.0,6.77,4200,6.78,63700,0.3,6.79,6.75,320500,2170000.0,0.03,0.59,70.84,70.84,7.44,6.08,2.25
迪普科技,sz300768,19.37,19.36,19.39,103300.0,19.31,200,19.37,7600,0.05,19.39,19.3,103300,2000000.0,0.02,0.46,81.48,124.71,23.23,15.49,3.77
同力天启,sh605286,38.11,38.19,38.11,2200.0,38.1,1000,38.11,900,-0.21,38.14,38.11,2200,80000.0,0.0,0.08,64.02,64.02,42.01,34.37,0.6
仙坛股份,sz002746,6.31,6.32,6.31,82800.0,6.31,2600,6.32,8000,-0.16,6.33,6.3,82800,520000.0,0.01,0.47,44.78,54.3,6.95,5.69,1.47
三峡新材,sh600293,3.63,3.65,3.63,450800.0,3.62,18400,3.63,29700,-0.55,3.64,3.62,450800,1640000.0,0.04,0.55,42.11,42.11,4.02,3.29,1.58
钒钛股份,sz000629,3.65,3.68,3.65,2519500.0,3.64,295200,3.65,23200,-0.82,3.66,3.63,2519500,9190000.0,0.03,0.82,339.1,339.12,4.05,3.31,5.54
光云科技,sh688365,25.95,25.56,25.32,35401900.0,25.95,1200,26.02,200,1.53,26.0,25.32,35401900,9040000.0,0.08,2.66,110.5,110.5,30.67,20.45,3.17
大唐药业,bj920433,5.93,5.9,5.93,2200.0,5.92,100,5.93,100,0.51,5.95,5.93,2200,13000.0,0.0,0.34,10.04,15.18,7.67,4.13,0.08
金迪克,sh688670,19.96,19.81,19.97,1292500.0,19.82,2400,19.95,900,0.76,20.0,19.9,1292500,260000.0,0.01,0.5,24.59,24.59,23.77,15.85,1.25
志邦家居,sh603801,9.45,9.45,9.45,35500.0,9.45,21200,9.46,12800,0.0,9.46,9.45,35500,340000.0,0.01,0.11,41.05,41.05,10.4,8.51,2.23
思维列控,sh603508,26.65,26.68,26.69,19000.0,26.62,300,26.65,2300,-0.11,26.69,26.64,19000,510000.0,0.0,0.19,101.61,101.61,29.35,24.01,1.27
广深铁路,sh601333,3.1,3.11,3.1,604300.0,3.1,507000,3.11,447800,-0.32,3.11,3.1,604300,1870000.0,0.01,0.32,175.22,219.59,3.42,2.8,3.21
普源精电,sh688337,44.19,44.29,44.0,3839200.0,44.09,500,44.19,900,-0.23,44.19,44.0,3839200,1690000.0,0.02,0.43,82.16,85.67,53.15,35.43,1.61
招商南油,sh601975,3.82,3.86,3.83,4296000.0,3.81,37700,3.82,539500,-1.04,3.84,3.8,4296000,16430000.0,0.09,1.04,178.79,178.79,4.25,3.47,6.77
万邦医药,sz301520,45.14,45.02,45.07,4200.0,45.08,100,45.14,4400,0.27,45.14,45.0,4200,190000.0,0.02,0.31,10.12,30.09,54.02,36.02,1.36
瑜欣电子,sz301107,30.62,30.77,30.9,6700.0,30.61,2700,30.63,1500,-0.49,30.9,30.58,6700,210000.0,0.01,1.04,18.24,31.36,36.92,24.62,1.51
国检集团,sh603060,6.8,6.8,6.77,65000.0,6.8,300,6.81,6700,0.0,6.8,6.77,65000,440000.0,0.01,0.44,54.67,54.67,7.48,6.12,1.48
汉邦科技,sh688755,40.6,40.4,40.48,2660000.0,40.48,3200,40.6,200,0.5,41.0,40.4,2660000,1090000.0,0.15,1.49,7.15,35.73,48.48,32.32,20.53
建科智能,sz300823,17.81,17.85,17.75,27100.0,17.8,400,17.81,700,-0.22,17.92,17.75,27100,480000.0,0.03,0.95,15.1,23.33,21.42,14.28,2.72
浙江东方,sh600120,6.69,6.73,6.73,575300.0,6.69,53800,6.7,37500,-0.59,6.73,6.69,575300,3870000.0,0.02,0.59,228.49,228.49,7.4,6.06,2.1
金一文化,sz002721,3.3,3.31,3.31,1011100.0,3.3,147300,3.31,154500,-0.3,3.31,3.3,1011100,3340000.0,0.04,0.3,87.76,87.76,3.64,2.98,3.64
佛山照明,sz000541,6.25,6.27,6.27,50400.0,6.25,49400,6.26,20100,-0.32,6.27,6.25,50400,320000.0,0.0,0.32,76.91,95.99,6.9,5.64,1.18
瑞可达,sh688800,81.78,82.3,81.78,2422800.0,81.78,1100,82.2,300,-0.63,81.98,81.5,2422800,1980000.0,0.01,0.58,168.2,168.2,98.76,65.84,1.56
恒拓开源,bj920415,14.57,14.63,14.55,70800.0,14.57,500,14.74,400,-0.41,14.77,14.52,70800,1031400.0,0.07,1.71,15.77,20.47,19.01,10.25,6.28
伯特利,sh603596,50.99,50.79,50.9,145600.0,50.95,100,50.99,400,0.39,51.01,50.89,145600,7410000.0,0.02,0.24,309.26,309.26,55.87,45.71,3.6
彩讯股份,sz300634,30.65,30.9,30.5,419400.0,30.61,1700,30.65,2800,-0.81,30.77,30.5,419400,12820000.0,0.1,0.87,133.2,138.3,37.08,24.72,5.0
日照港,sh600017,3.11,3.11,3.11,272200.0,3.11,185500,3.12,882100,0.0,3.12,3.11,272200,850000.0,0.01,0.32,95.65,95.65,3.42,2.8,1.83
上海能源,sh600508,12.56,12.66,12.6,87500.0,12.56,3500,12.58,200,-0.79,12.6,12.55,87500,1100000.0,0.01,0.39,90.77,90.77,13.93,11.39,2.94
纽威数控,sh688697,15.36,15.46,15.34,1120700.0,15.36,600,15.37,100,-0.65,15.38,15.34,1120700,170000.0,0.0,0.26,70.25,70.25,18.55,12.37,1.12
华银电力,sh600744,6.36,6.43,6.37,1000600.0,6.35,109100,6.36,3900,-1.09,6.38,6.35,1000600,6370000.0,0.05,0.47,129.18,129.18,7.07,5.79,6.0
立霸股份,sh603519,13.63,13.64,13.62,29500.0,13.63,300,13.65,6900,-0.07,13.63,13.62,29500,400000.0,0.01,0.07,36.3,36.3,15.0,12.28,2.61
节能风电,sh601016,3.15,3.17,3.16,543600.0,3.15,423400,3.16,487600,-0.63,3.16,3.15,543600,1720000.0,0.01,0.32,186.93,202.87,3.49,2.85,1.61
新天然气,sh603393,29.9,30.1,29.98,115700.0,29.88,12600,29.9,18600,-0.66,30.03,29.88,115700,3460000.0,0.03,0.5,126.54,126.75,33.11,27.09,3.79
冠农股份,sh600251,10.25,10.28,10.25,21800.0,10.23,200,10.24,1400,-0.29,10.25,10.23,21800,220000.0,0.0,0.19,79.64,79.64,11.31,9.25,0.57
隆利科技,sz300752,19.51,19.67,19.65,105300.0,19.5,1800,19.51,100,-0.81,19.66,19.51,105300,2070000.0,0.07,0.76,30.68,44.58,23.6,15.74,6.1
江苏新能,sh603693,12.52,12.54,12.56,23600.0,12.5,900,12.52,1900,-0.16,12.56,12.5,23600,300000.0,0.0,0.48,111.61,111.61,13.79,11.29,1.15
兰花科创,sh600123,6.17,6.19,6.17,505400.0,6.17,3200,6.18,17100,-0.32,6.19,6.16,505400,3120000.0,0.03,0.48,90.9,90.9,6.81,5.57,5.94
大连电瓷,sz002606,11.88,12.01,11.74,980400.0,11.87,5500,11.88,10500,-1.08,11.9,11.74,980400,11540000.0,0.23,1.33,50.03,52.16,13.21,10.81,6.69
怡球资源,sh601388,3.94,3.99,3.94,922900.0,3.94,43700,3.95,12200,-1.25,3.95,3.93,922900,3640000.0,0.04,0.5,86.73,86.73,4.39,3.59,2.37
哈空调,sh600202,6.29,6.3,6.28,92900.0,6.29,11200,6.3,7200,-0.16,6.29,6.28,92900,580000.0,0.02,0.16,24.11,24.11,6.93,5.67,3.26
牧高笛,sh603908,25.08,25.02,25.08,5200.0,25.08,4100,25.1,200,0.24,25.1,25.07,5200,130000.0,0.01,0.12,23.36,23.36,27.52,22.52,1.05
炜冈科技,sz001256,22.47,22.5,22.39,21300.0,22.46,800,22.47,200,-0.13,22.49,22.39,21300,480000.0,0.02,0.44,24.02,32.05,24.75,20.25,2.6
天智航-U,sh688277,25.09,25.15,25.1,13357400.0,25.04,400,25.09,1200,-0.24,25.1,24.89,13357400,3340000.0,0.03,0.83,114.41,114.41,30.18,20.12,1.88
诺邦股份,sh603238,18.48,18.36,18.47,36900.0,18.46,400,18.47,500,0.65,18.56,18.2,36900,680000.0,0.02,1.96,32.8,32.8,20.2,16.52,4.22
达仁堂,sh600329,43.62,43.53,43.54,48100.0,43.6,15800,43.62,2500,0.21,43.8,43.54,48100,2100000.0,0.01,0.6,247.36,335.92,47.88,39.18,1.34
福田汽车,sh600166,3.19,3.22,3.21,3343500.0,3.19,114200,3.21,127000,-0.93,3.22,3.19,3343500,10710000.0,0.04,0.93,252.57,252.57,3.54,2.9,5.84
美农生物,sz301156,19.91,19.72,19.71,69500.0,19.92,100,20.06,5000,0.96,20.0,19.7,69500,1380000.0,0.08,1.52,17.76,28.03,23.66,15.78,2.81
美瑞新材,sz300848,16.87,16.91,16.9,57500.0,16.86,500,16.87,900,-0.24,16.9,16.83,57500,970000.0,0.02,0.41,42.7,72.18,20.29,13.53,2.6
太湖远大,bj920118,23.51,23.58,23.58,3200.0,23.51,100,23.57,1100,-0.3,23.64,23.51,3200,75000.0,0.01,0.55,7.26,11.97,30.65,16.51,2.62
康希诺,sh688185,64.95,64.83,64.99,1643100.0,64.95,200,64.96,21900,0.19,64.99,64.95,1643100,1070000.0,0.01,0.06,74.29,160.45,77.8,51.86,2.84
ST华扬,sh603825,9.68,9.76,9.71,2800.0,9.68,16300,9.74,600,-0.82,9.71,9.68,2800,30000.0,0.0,0.31,24.52,24.52,10.25,9.27,0.23
我武生物,sz300357,27.86,27.84,27.7,50700.0,27.87,100,27.91,1500,0.07,27.93,27.7,50700,1410000.0,0.01,0.83,134.86,145.87,33.41,22.27,3.34
中粮科技,sz000930,6.59,6.62,6.6,440200.0,6.59,5800,6.6,15500,-0.45,6.61,6.57,440200,2900000.0,0.02,0.6,122.33,122.34,7.28,5.96,3.17
仁和药业,sz000650,5.88,5.89,5.88,140900.0,5.88,21200,5.89,3900,-0.17,5.9,5.87,140900,830000.0,0.01,0.51,78.29,82.32,6.48,5.3,1.63
锐科激光,sz300747,31.04,30.6,30.69,416900.0,31.04,100,31.1,200,1.44,31.19,30.61,416900,12830000.0,0.08,1.9,158.08,174.32,36.72,24.48,8.06
新易盛,sz300502,361.1,365.76,362.04,887600.0,361.07,100,361.1,5300,-1.27,363.1,360.95,887600,321240000.0,0.1,0.59,3197.25,3589.37,438.91,292.61,5.03
云路股份,sh688190,114.79,116.34,114.92,3069600.0,114.51,400,114.79,500,-1.33,115.0,114.2,3069600,3530000.0,0.03,0.69,137.75,137.75,139.61,93.07,3.09
方大特钢,sh600507,6.43,6.46,6.47,170200.0,6.42,18300,6.43,17900,-0.46,6.47,6.43,170200,1100000.0,0.01,0.62,148.74,148.74,7.11,5.81,1.71
ST英飞拓,sz002528,2.6,2.62,2.61,69400.0,2.6,84600,2.62,17000,-0.76,2.62,2.6,69400,180000.0,0.01,0.76,27.31,31.17,2.75,2.49,0.57
天地科技,sh600582,5.97,5.98,5.98,193200.0,5.97,21200,5.98,67700,-0.17,5.98,5.97,193200,1150000.0,0.0,0.17,247.07,247.07,6.58,5.38,1.91
北鼎股份,sz300824,11.16,11.12,11.15,22900.0,11.15,200,11.16,4700,0.36,11.17,11.14,22900,260000.0,0.01,0.27,35.32,36.42,13.34,8.9,1.59
吉林高速,sh601518,2.89,2.89,2.9,97400.0,2.89,296500,2.9,508300,0.0,2.9,2.89,97400,280000.0,0.01,0.35,54.64,54.64,3.18,2.6,1.58
福耀玻璃,sh600660,59.15,59.42,59.12,175400.0,59.15,8600,59.2,500,-0.45,59.2,59.01,175400,10370000.0,0.01,0.32,1184.77,1543.66,65.36,53.48,2.09
富森美,sz002818,11.73,11.66,11.71,54200.0,11.71,8300,11.73,6300,0.6,11.74,11.68,54200,630000.0,0.02,0.51,35.0,87.79,12.83,10.49,4.9
威力传动,sz300904,61.11,61.43,61.43,6500.0,61.11,200,61.34,100,-0.52,61.43,61.1,6500,400000.0,0.03,0.54,13.43,44.23,73.72,49.14,2.54
凯大催化,bj920974,8.46,8.47,8.48,79600.0,8.43,2000,8.45,4800,-0.12,8.48,8.46,79600,673400.0,0.06,0.24,10.87,13.86,11.01,5.93,5.14
金丹科技,sz300829,18.24,18.24,18.21,39700.0,18.23,1500,18.24,11000,0.0,18.24,18.21,39700,720000.0,0.03,0.16,28.86,41.45,21.89,14.59,2.37
苏常柴Ａ,sz000570,5.97,5.99,5.97,230300.0,5.96,40500,5.97,11500,-0.33,5.99,5.96,230300,1380000.0,0.04,0.5,33.17,42.13,6.59,5.39,4.72
上海贝岭,sh600171,31.24,31.45,31.28,85600.0,31.23,2300,31.24,2900,-0.67,31.28,31.21,85600,2680000.0,0.01,0.22,221.47,221.47,34.6,28.31,2.27
万达电影,sz002739,12.29,12.2,12.21,2423700.0,12.23,2300,12.29,29000,0.74,12.32,12.21,2423700,29670000.0,0.12,0.9,258.08,259.54,13.42,10.98,2.71
威高骨科,sh688161,29.11,29.3,29.28,120000.0,29.12,500,29.15,1400,-0.65,29.29,29.11,120000,40000.0,0.0,0.61,116.44,116.44,35.16,23.44,0.35
安徽合力,sh600761,22.54,22.75,22.53,152300.0,22.54,9000,22.57,2700,-0.92,22.65,22.5,152300,3430000.0,0.02,0.66,200.76,200.76,25.03,20.48,2.29
金房能源,sz001210,22.38,22.41,22.37,83500.0,22.31,300,22.37,2500,-0.13,22.44,22.31,83500,1870000.0,0.09,0.58,21.33,35.09,24.65,20.17,4.33
春雪食品,sh605567,11.74,11.64,11.74,67700.0,11.72,1800,11.74,20700,0.86,11.75,11.7,67700,790000.0,0.03,0.43,23.48,23.48,12.8,10.48,3.11
星源卓镁,sz301398,57.88,58.32,58.5,5600.0,57.88,200,57.93,100,-0.75,58.5,57.88,5600,330000.0,0.02,1.06,21.54,64.83,69.98,46.66,0.75
金雷股份,sz300443,26.85,26.89,26.88,81700.0,26.82,9400,26.85,6300,-0.15,27.08,26.82,81700,2200000.0,0.03,0.97,65.18,85.96,32.27,21.51,3.84
中芯国际,sh688981,116.0,116.58,116.23,38878000.0,115.99,200,116.0,27600,-0.5,116.23,116.0,38878000,45160000.0,0.02,0.2,2319.49,9280.56,139.9,93.26,2.67
*ST威尔,sz002058,22.96,23.05,22.96,19900.0,22.96,58500,23.13,600,-0.39,22.96,22.9,19900,460000.0,0.01,0.26,32.86,32.94,24.2,21.9,2.49
甘咨询,sz000779,9.8,9.69,9.6,675800.0,9.8,5900,9.81,13500,1.14,9.8,9.59,675800,6560000.0,0.15,2.17,45.55,45.55,10.66,8.72,7.14
*ST摩登,sz002656,2.6,2.61,2.61,109600.0,2.6,175600,2.61,141900,-0.38,2.61,2.6,109600,290000.0,0.02,0.38,17.59,18.53,2.74,2.48,2.76
中科微至,sh688211,33.19,33.25,33.29,234500.0,33.19,500,33.26,600,-0.18,33.29,33.19,234500,80000.0,0.0,0.3,43.68,43.68,39.9,26.6,1.47
五矿资本,sh600390,5.63,5.62,5.63,412200.0,5.62,55700,5.63,72800,0.18,5.63,5.61,412200,2320000.0,0.01,0.36,253.24,253.24,6.18,5.06,3.88
凯普生物,sz300639,6.99,6.89,7.02,606900.0,6.98,500,6.99,7200,1.45,7.04,6.96,606900,4250000.0,0.1,1.16,44.4,45.19,8.27,5.51,2.52
金科环境,sh688466,18.21,18.35,18.0,2047200.0,18.21,0,18.25,3900,-0.76,18.25,18.0,2047200,370000.0,0.02,1.36,22.24,22.24,22.02,14.68,3.8
中华企业,sh600675,2.92,2.9,2.92,314000.0,2.91,93200,2.92,503600,0.69,2.92,2.91,314000,920000.0,0.01,0.34,176.55,176.55,3.19,2.61,1.63
热景生物,sh688068,138.63,138.25,138.72,270000.0,137.43,200,138.63,3500,0.27,138.72,137.37,270000,370000.0,0.0,0.98,128.52,128.52,165.9,110.6,0.39
长青集团,sz002616,5.74,5.78,5.77,73800.0,5.73,78700,5.74,40100,-0.69,5.77,5.74,73800,420000.0,0.01,0.52,33.72,49.32,6.36,5.2,1.87
四方股份,sh601126,42.12,42.78,42.75,533000.0,42.08,1400,42.12,6700,-1.54,42.75,42.08,533000,22720000.0,0.06,1.57,347.53,350.94,47.06,38.5,4.86
运机集团,sz001288,37.04,37.39,37.21,22400.0,37.04,900,37.14,100,-0.94,37.21,37.02,22400,830000.0,0.01,0.51,56.21,87.0,41.13,33.65,0.85
小熊电器,sz002959,45.01,44.85,45.0,19100.0,44.91,100,45.01,1000,0.36,45.11,44.75,19100,860000.0,0.01,0.8,68.4,70.79,49.34,40.37,3.26
中研股份,sh688716,39.38,39.48,39.48,1243100.0,39.29,1000,39.38,900,-0.25,39.48,39.38,1243100,490000.0,0.02,0.25,27.54,47.92,47.38,31.58,1.57
浙商证券,sh601878,10.65,10.63,10.64,271700.0,10.64,29900,10.65,59200,0.19,10.66,10.62,271700,2890000.0,0.01,0.38,487.11,487.11,11.69,9.57,3.2
通策医疗,sh600763,47.8,47.81,47.81,94000.0,47.7,200,47.77,500,-0.02,47.86,47.65,94000,4490000.0,0.02,0.44,213.8,213.8,52.59,43.03,1.91
振华股份,sh603067,36.98,37.5,36.87,183200.0,36.88,6900,36.98,2600,-1.39,36.99,36.8,183200,6760000.0,0.03,0.51,262.84,262.84,41.25,33.75,1.94
新华网,sh603888,25.08,24.61,24.9,828700.0,25.05,300,25.08,5700,1.91,25.23,24.9,828700,20700000.0,0.12,1.34,169.22,169.22,27.07,22.15,4.64
泰禾智能,sh603656,23.78,23.78,23.83,6600.0,23.71,1300,23.75,100,0.0,23.9,23.78,6600,160000.0,0.0,0.5,43.5,43.5,26.16,21.4,0.71
海信视像,sh600060,23.44,23.42,23.42,87200.0,23.44,3900,23.47,700,0.09,23.5,23.42,87200,2040000.0,0.01,0.34,304.76,305.89,25.76,21.08,1.76
诺禾致源,sh688315,15.64,15.64,15.64,2090600.0,15.59,700,15.63,200,0.0,15.66,15.58,2090600,330000.0,0.01,0.51,65.09,65.09,18.77,12.51,1.42
红四方,sh603395,29.89,29.83,29.87,25500.0,29.89,2600,29.94,100,0.2,29.95,29.87,25500,760000.0,0.04,0.27,19.43,77.71,32.81,26.85,2.6
城地香江,sh603887,16.5,16.88,16.5,934900.0,16.53,200,16.55,2200,-2.25,16.55,16.47,934900,15430000.0,0.16,0.47,98.22,99.33,18.57,15.19,6.09
宝通科技,sz300031,23.36,23.42,23.33,77000.0,23.35,100,23.36,6900,-0.26,23.36,23.3,77000,1800000.0,0.02,0.26,82.2,97.82,28.1,18.74,1.84
*ST星农,sh603789,5.6,5.7,5.6,138700.0,5.6,22200,5.62,2200,-1.75,5.64,5.6,138700,780000.0,0.05,0.7,14.56,14.85,5.99,5.42,15.74
景旺电子,sh603228,61.74,62.3,61.72,200400.0,61.74,9000,61.8,8900,-0.9,61.8,61.54,200400,12370000.0,0.02,0.42,602.43,608.02,68.53,56.07,2.63
音飞储存,sh603066,11.0,10.99,10.99,29800.0,11.0,100,11.03,800,0.09,11.04,10.98,29800,330000.0,0.01,0.55,32.36,32.36,12.09,9.89,2.23
冠龙节能,sz301151,20.0,20.0,19.91,22300.0,20.0,700,20.01,500,0.0,20.0,19.91,22300,440000.0,0.01,0.45,33.77,33.8,24.0,16.0,3.46
神州信息,sz000555,18.32,18.35,18.26,784800.0,18.32,1700,18.33,13600,-0.16,18.32,18.21,784800,14330000.0,0.08,0.6,178.05,178.76,20.19,16.52,3.6
科兴制药,sh688136,30.84,30.52,30.52,604500.0,30.58,3500,30.78,200,1.05,30.84,30.52,604500,190000.0,0.0,1.05,62.07,62.07,36.62,24.42,0.45
联动科技,sz301369,128.48,129.35,127.8,3300.0,127.97,500,128.43,1300,-0.67,128.5,127.8,3300,420000.0,0.01,0.54,46.72,90.68,155.22,103.48,0.88
浩云科技,sz300448,9.95,10.02,9.95,253200.0,9.95,15700,9.96,12700,-0.7,9.97,9.92,253200,2520000.0,0.05,0.5,46.22,67.31,12.02,8.02,1.69
唐源电气,sz300789,23.2,23.21,23.15,22500.0,23.17,400,23.28,2700,-0.04,23.21,22.99,22500,520000.0,0.02,0.95,22.94,33.37,27.85,18.57,3.98
迦南科技,sz300412,5.8,5.81,5.78,207100.0,5.8,38900,5.81,9800,-0.17,5.81,5.78,207100,1200000.0,0.04,0.52,27.14,28.87,6.97,4.65,3.85
恒生电子,sh600570,30.58,30.74,30.62,184200.0,30.56,4500,30.58,13300,-0.52,30.62,30.56,184200,5640000.0,0.01,0.2,579.23,579.23,33.81,27.67,1.84
ST应急,sz300527,8.52,8.48,8.46,261900.0,8.48,200,8.52,10200,0.47,8.52,8.45,261900,2220000.0,0.03,0.83,86.63,86.63,10.18,6.78,4.48
山东海化,sz000822,6.47,6.52,6.53,716900.0,6.47,11300,6.49,15200,-0.77,6.55,6.47,716900,4680000.0,0.08,1.23,57.91,57.91,7.17,5.87,1.8
宁波富邦,sh600768,17.53,17.35,17.6,88500.0,17.51,1100,17.53,29100,1.04,17.6,17.52,88500,1560000.0,0.07,0.46,23.45,23.45,19.09,15.62,3.05
天亿马,sz301178,53.19,53.36,52.87,13200.0,53.1,100,53.26,100,-0.32,53.31,52.78,13200,700000.0,0.03,0.99,26.32,35.56,64.03,42.69,2.02
万祥科技,sz301180,18.11,18.37,18.33,115600.0,18.11,16600,18.16,1100,-1.42,18.35,18.04,115600,2110000.0,0.07,1.69,29.73,72.44,22.04,14.7,8.07
杭钢股份,sh600126,9.24,9.35,9.24,2501500.0,9.24,33700,9.27,28700,-1.18,9.3,9.2,2501500,23110000.0,0.07,1.07,312.05,312.05,10.29,8.42,5.45
友讯达,sz300514,14.48,14.53,14.48,58300.0,14.48,6100,14.49,500,-0.34,14.53,14.45,58300,840000.0,0.04,0.55,23.21,28.96,17.44,11.62,3.55
许继电气,sz000400,30.61,31.02,30.71,414400.0,30.61,7800,30.64,3200,-1.32,30.72,30.61,414400,12710000.0,0.04,0.35,309.68,311.8,34.12,27.92,3.87
爱旭股份,sh600732,14.75,14.84,14.82,540300.0,14.75,2900,14.77,6200,-0.61,14.82,14.75,540300,8000000.0,0.03,0.47,266.76,312.29,16.32,13.36,1.56
华润微,sh688396,60.81,62.21,61.0,30655100.0,60.81,500,60.83,200,-2.25,61.16,60.65,30655100,18690000.0,0.02,0.82,807.27,807.27,74.65,49.77,6.21
新华制药,sz000756,15.8,15.76,15.79,45100.0,15.8,500,15.81,500,0.25,15.81,15.77,45100,710000.0,0.01,0.25,78.83,110.08,17.34,14.18,1.21
锐新科技,sz300828,26.49,26.49,0.0,0.0,0.0,0,0.0,0,0.0,0.0,0.0,0,0.0,0.0,0.0,33.04,44.09,31.79,21.19,0.0
品高股份,sh688227,73.0,73.03,74.25,8183100.0,72.05,200,73.0,200,-0.04,74.25,72.05,8183100,6060000.0,0.07,3.01,82.53,82.53,87.64,58.42,8.93
瀛通通讯,sz002861,19.48,19.56,19.46,25700.0,19.47,2000,19.48,2900,-0.41,19.65,19.4,25700,500000.0,0.02,1.28,29.25,36.29,21.52,17.6,0.95
伟时电子,sh605218,19.41,19.51,19.45,4000.0,19.38,600,19.41,300,-0.51,19.45,19.4,4000,80000.0,0.0,0.26,41.31,41.31,21.46,17.56,0.59
中科美菱,bj920992,16.84,16.75,16.83,16900.0,16.84,200,16.9,7400,0.54,16.91,16.83,16900,285100.0,0.04,0.48,7.98,16.29,21.77,11.73,3.11
栖霞建设,sh600533,2.71,2.72,2.72,115900.0,2.71,81000,2.72,37200,-0.37,2.72,2.71,115900,320000.0,0.01,0.37,28.45,28.45,2.99,2.45,1.68
协鑫集成,sz002506,4.7,4.77,4.73,58393400.0,4.68,85700,4.7,906800,-1.47,4.8,4.68,58393400,277010000.0,1.0,2.52,274.69,274.96,5.25,4.29,8.98
辰奕智能,sz301578,36.84,36.68,37.04,7100.0,36.79,100,36.81,100,0.44,37.04,36.69,7100,260000.0,0.03,0.95,8.54,30.02,44.02,29.34,1.96
国联民生,sh601456,9.75,9.74,9.74,267400.0,9.75,3600,9.77,67400,0.1,9.76,9.74,267400,2610000.0,0.01,0.21,425.92,553.86,10.71,8.77,2.76
云汉芯城,sz301563,161.02,161.6,161.5,12100.0,161.01,100,161.02,500,-0.36,161.5,161.0,12100,1950000.0,0.09,0.31,22.47,104.85,193.92,129.28,4.01
艾罗能源,sh688717,99.3,99.47,99.47,1284600.0,99.0,200,99.28,500,-0.17,100.0,99.3,1284600,1280000.0,0.01,0.7,98.35,158.88,119.36,79.58,0.62
莎普爱思,sh603168,7.4,7.36,7.4,64000.0,7.4,8100,7.41,10600,0.54,7.41,7.4,64000,470000.0,0.02,0.14,27.57,27.69,8.1,6.62,2.84
吉华集团,sh603980,8.83,8.64,8.74,2749700.0,8.81,5500,8.83,800,2.2,8.89,8.74,2749700,24180000.0,0.41,1.74,59.76,59.76,9.5,7.78,7.3
宏华数科,sh688789,82.0,82.42,82.0,1367600.0,81.8,400,82.0,400,-0.51,82.42,81.8,1367600,1120000.0,0.01,0.75,147.81,147.81,98.9,65.94,2.58
建科院,sz300675,16.47,16.45,16.4,34500.0,16.46,400,16.49,700,0.12,16.5,16.34,34500,570000.0,0.02,0.97,24.16,24.16,19.74,13.16,2.83
聚合顺,sh605166,11.03,11.03,11.03,11700.0,11.0,1500,11.03,2900,0.0,11.05,11.0,11700,130000.0,0.0,0.45,34.72,34.72,12.13,9.93,0.57
国药现代,sh600420,10.75,10.75,10.77,127900.0,10.73,2900,10.75,3300,0.0,10.77,10.74,127900,1380000.0,0.01,0.28,144.18,144.18,11.83,9.68,3.54
焦点科技,sz002315,48.45,49.21,48.8,144000.0,48.42,100,48.45,100,-1.54,48.8,48.41,144000,7010000.0,0.07,0.79,98.02,153.7,54.13,44.29,4.71
龙版传媒,sh605577,13.85,13.76,13.82,29500.0,13.85,27300,13.87,1000,0.65,13.87,13.82,29500,410000.0,0.01,0.36,61.56,61.56,15.14,12.38,0.8
盈康生命,sz300143,11.39,11.4,11.34,37300.0,11.39,2900,11.4,7700,-0.09,11.4,11.33,37300,420000.0,0.01,0.61,73.05,85.36,13.68,9.12,1.4
威孚高科,sz000581,21.18,21.34,21.25,107200.0,21.18,3400,21.23,4600,-0.75,21.25,21.17,107200,2270000.0,0.01,0.37,168.14,204.77,23.47,19.21,2.75
综艺股份,sh600770,6.73,6.75,6.73,260200.0,6.73,45900,6.75,34800,-0.3,6.76,6.73,260200,1750000.0,0.02,0.44,87.49,87.49,7.43,6.08,1.03
智微智能,sz001339,55.2,55.36,54.85,49300.0,55.01,200,55.16,1000,-0.29,55.49,54.83,49300,2710000.0,0.04,1.19,65.9,139.24,60.9,49.82,3.25
航发控制,sz000738,27.41,27.41,27.42,860500.0,27.41,1100,27.44,20000,0.0,27.58,27.37,860500,23610000.0,0.07,0.77,360.49,360.49,30.15,24.67,3.28
鞍钢股份,sz000898,2.54,2.54,2.53,1096700.0,2.53,1604300,2.54,870700,0.0,2.55,2.53,1096700,2780000.0,0.01,0.79,202.12,237.98,2.79,2.29,4.87
平高电气,sh600312,22.3,22.54,22.33,287300.0,22.29,200,22.3,18200,-1.06,22.4,22.26,287300,6410000.0,0.02,0.62,302.59,302.59,24.79,20.29,2.96
宸展光电,sz003019,31.06,31.12,30.99,26500.0,31.04,200,31.05,100,-0.19,31.09,30.98,26500,820000.0,0.02,0.35,53.07,54.91,34.23,28.01,3.26
望变电气,sh603191,24.0,24.21,23.98,1001600.0,23.99,600,24.0,2000,-0.87,24.21,23.97,1001600,24030000.0,0.3,0.99,79.21,79.76,26.63,21.79,7.14
海达尔,bj920699,50.38,50.8,50.68,400.0,50.38,600,50.54,100,-0.83,50.68,50.38,400,20200.0,0.0,0.59,10.52,22.99,66.04,35.56,0.34
科力尔,sz002892,12.61,12.64,12.6,45100.0,12.61,15300,12.62,12700,-0.24,12.68,12.6,45100,570000.0,0.01,0.63,60.93,93.85,13.9,11.38,1.76
ST纳川,sz300198,2.8,2.78,2.8,104700.0,2.79,100000,2.8,18400,0.72,2.81,2.8,104700,290000.0,0.01,0.36,28.73,28.88,3.34,2.22,1.49
北京利尔,sz002392,8.39,8.47,8.4,167600.0,8.39,5400,8.4,11600,-0.94,8.45,8.39,167600,1410000.0,0.01,0.71,95.97,99.88,9.32,7.62,2.31
吉鑫科技,sh601218,5.38,5.4,5.38,82200.0,5.37,39600,5.38,32200,-0.37,5.39,5.37,82200,440000.0,0.01,0.37,52.13,52.13,5.94,4.86,0.87
新北洋,sz002376,7.99,7.97,7.95,119800.0,7.99,3000,8.0,7600,0.25,8.01,7.95,119800,950000.0,0.02,0.75,62.43,64.76,8.77,7.17,1.61
宁夏建材,sh600449,13.7,13.62,13.8,170000.0,13.64,400,13.7,5600,0.59,13.8,13.63,170000,2340000.0,0.04,1.25,65.51,65.51,14.98,12.26,5.78
闻泰科技,sh600745,33.59,33.59,33.48,999700.0,33.59,500,33.6,2900,0.0,33.6,33.47,999700,33490000.0,0.08,0.39,418.08,418.08,36.95,30.23,6.61
嘉戎技术,sz301148,51.21,51.5,51.5,20500.0,51.21,500,51.22,100,-0.56,51.51,51.21,20500,1050000.0,0.03,0.58,30.15,59.66,61.8,41.2,4.24
美康生物,sz300439,10.18,10.17,10.19,24200.0,10.17,1600,10.18,53700,0.1,10.19,10.15,24200,250000.0,0.01,0.39,29.76,39.12,12.2,8.14,2.06
北方股份,sh600262,31.0,31.16,31.02,29600.0,30.95,1000,31.0,8500,-0.51,31.16,31.0,29600,920000.0,0.02,0.51,52.7,52.7,34.28,28.04,1.62
昆药集团,sh600422,12.42,12.41,12.41,30700.0,12.41,700,12.42,500,0.08,12.42,12.41,30700,380000.0,0.0,0.08,94.02,94.02,13.65,11.17,0.83
科美诊断,sh688468,7.76,7.76,7.74,2772900.0,7.76,63700,7.83,12400,0.0,7.76,7.74,2772900,210000.0,0.01,0.26,31.13,31.13,9.31,6.21,1.78
华灿光电,sz300323,8.4,8.47,8.4,105300.0,8.39,1100,8.4,27300,-0.83,8.41,8.38,105300,880000.0,0.01,0.35,73.86,136.33,10.16,6.78,1.05
华数传媒,sz000156,9.2,9.07,9.11,2553000.0,9.16,300,9.2,77900,1.43,9.24,9.1,2553000,23360000.0,0.15,1.54,156.39,170.47,9.98,8.16,9.06
东宏股份,sh603856,13.69,13.66,13.7,23400.0,13.68,17500,13.69,2200,0.22,13.71,13.68,23400,320000.0,0.01,0.22,38.61,38.61,15.03,12.29,2.19
鑫宏业,sz301310,38.88,38.99,38.88,25100.0,38.88,700,38.96,200,-0.28,39.16,38.68,25100,980000.0,0.05,1.23,19.53,53.09,46.79,31.19,4.27
永清环保,sz300187,5.29,5.29,5.3,70100.0,5.28,24300,5.29,7800,0.0,5.3,5.28,70100,370000.0,0.01,0.38,33.97,34.15,6.35,4.23,2.33
汉嘉数智,sz300746,13.77,13.78,13.75,38600.0,13.75,3800,13.77,1000,-0.07,13.91,13.72,38600,530000.0,0.02,1.38,30.78,31.08,16.54,11.02,3.99
机科股份,bj920579,23.42,23.42,23.54,6700.0,23.42,1800,23.53,100,0.0,23.54,23.41,6700,158000.0,0.02,0.56,10.44,30.32,30.44,16.4,1.98
紫光股份,sz000938,25.47,25.62,25.4,1235200.0,25.47,2100,25.48,12300,-0.59,25.48,25.36,1235200,31370000.0,0.04,0.47,728.46,728.46,28.18,23.06,6.83
弘讯科技,sh603015,14.69,14.82,14.69,69100.0,14.66,200,14.69,3700,-0.88,14.7,14.63,69100,1010000.0,0.02,0.47,59.38,59.38,16.3,13.34,2.26
万德斯,sh688178,24.78,24.7,24.75,1252300.0,24.78,4200,24.88,200,0.32,25.1,24.75,1252300,310000.0,0.01,1.42,21.06,21.06,29.64,19.76,3.31
阿科力,sh603722,38.71,38.71,38.73,2400.0,38.66,200,38.67,100,0.0,38.73,38.71,2400,90000.0,0.0,0.05,37.05,37.83,42.58,34.84,0.6
宝明科技,sz002992,55.97,56.42,56.2,8500.0,55.82,700,55.96,800,-0.8,56.2,55.8,8500,480000.0,0.01,0.71,88.45,101.23,62.06,50.78,0.7
福瑞达,sh600223,7.41,7.42,7.4,115400.0,7.4,13800,7.41,15100,-0.13,7.41,7.39,115400,850000.0,0.01,0.27,75.33,75.33,8.16,6.68,1.56
科沃斯,sh603486,71.29,71.26,71.3,37100.0,71.26,1000,71.29,6000,0.04,71.32,71.26,37100,2650000.0,0.01,0.08,408.74,412.71,78.39,64.13,2.17
南大环境,sz300864,22.62,22.55,22.65,63100.0,22.62,200,22.65,400,0.31,22.66,22.5,63100,1430000.0,0.04,0.71,35.72,35.72,27.06,18.04,7.36
数据港,sh603881,43.0,43.53,43.0,2568400.0,43.0,105900,43.32,1000,-1.22,43.31,42.77,2568400,110360000.0,0.36,1.24,308.9,308.9,47.88,39.18,4.82
正元地信,sh688509,5.12,5.14,5.11,11802300.0,5.11,3800,5.12,600,-0.39,5.13,5.07,11802300,600000.0,0.03,1.17,19.7,39.42,6.17,4.11,2.88
成都燃气,sh603053,9.93,9.92,9.93,11500.0,9.92,3200,9.93,15400,0.1,9.94,9.93,11500,110000.0,0.0,0.1,88.27,88.27,10.91,8.93,1.25
龙旗科技,sh603341,45.8,46.08,46.05,102800.0,45.75,1100,45.8,12700,-0.61,46.05,45.8,102800,4730000.0,0.04,0.54,121.93,239.35,50.69,41.47,3.1
ST天圣,sz002872,5.18,5.2,5.19,75400.0,5.18,6200,5.22,17400,-0.38,5.24,5.18,75400,390000.0,0.04,1.15,11.13,16.47,5.46,4.94,4.26
瑞鹄模具,sz002997,34.97,35.1,35.02,30600.0,34.95,1000,34.98,2200,-0.37,35.02,34.96,30600,1070000.0,0.01,0.17,73.2,73.2,38.61,31.59,3.22
英飞特,sz300582,17.24,17.18,17.49,147000.0,17.21,900,17.24,3000,0.35,17.49,17.21,147000,2560000.0,0.07,1.63,38.19,51.47,20.62,13.74,2.75
昊华能源,sh601101,7.85,7.9,7.84,231300.0,7.85,15200,7.87,10200,-0.63,7.89,7.83,231300,1810000.0,0.02,0.76,113.04,113.04,8.69,7.11,3.77
汉得信息,sz300170,25.08,25.48,25.07,1911500.0,25.08,138500,25.14,5700,-1.57,25.28,25.07,1911500,47970000.0,0.2,0.82,245.06,256.37,30.58,20.38,5.31
汤臣倍健,sz300146,12.34,12.27,12.28,283600.0,12.34,32100,12.35,7100,0.57,12.35,12.27,283600,3490000.0,0.03,0.65,138.31,208.75,14.72,9.82,5.02
浪莎股份,sh600137,21.85,21.85,21.86,12200.0,21.8,1200,21.85,2400,0.0,21.86,21.79,12200,270000.0,0.01,0.32,21.24,21.24,24.04,19.67,0.84
新洁能,sh605111,46.76,47.67,46.78,286300.0,46.71,300,46.75,1000,-1.91,46.87,46.66,286300,13390000.0,0.07,0.44,194.21,194.21,52.44,42.9,3.36
思看科技,sh688583,163.9,159.51,160.89,11261400.0,163.96,300,163.97,800,2.75,163.9,160.89,11261400,18160000.0,0.37,1.89,50.49,144.89,191.41,127.61,5.97
康普化学,bj920033,17.12,17.07,17.23,3000.0,17.07,1500,17.18,500,0.29,17.23,17.12,3000,51100.0,0.0,0.64,14.17,20.4,22.19,11.95,0.73
天正电气,sh605066,8.46,8.5,8.45,178700.0,8.46,14500,8.47,32000,-0.47,8.48,8.45,178700,1510000.0,0.04,0.35,42.51,42.7,9.35,7.65,2.13
九安医疗,sz002432,41.82,41.91,41.9,57100.0,41.83,100,41.9,22200,-0.21,41.9,41.8,57100,2390000.0,0.01,0.24,183.34,194.45,46.1,37.72,1.89
广东明珠,sh600382,8.88,8.81,8.93,310400.0,8.88,8200,8.9,10400,0.79,8.93,8.86,310400,2770000.0,0.04,0.79,61.66,61.66,9.69,7.93,2.09
中船汉光,sz300847,18.13,18.19,18.1,165600.0,18.13,12000,18.14,1900,-0.33,18.17,18.08,165600,3000000.0,0.06,0.49,53.67,53.67,21.83,14.55,5.93
汇洁股份,sz002763,8.09,8.09,8.1,49700.0,8.09,2500,8.1,1200,0.0,8.1,8.07,49700,400000.0,0.02,0.37,24.56,33.16,8.9,7.28,1.88
宁沪高速,sh600377,12.13,12.12,12.15,50700.0,12.13,4500,12.14,2800,0.08,12.15,12.13,50700,620000.0,0.0,0.17,461.2,611.08,13.33,10.91,1.45
优利德,sh688628,39.72,39.78,39.87,507600.0,39.71,200,39.72,6200,-0.15,39.87,39.65,507600,200000.0,0.0,0.55,44.39,44.39,47.74,31.82,0.87
包钢股份,sh600010,2.65,2.68,2.64,22189000.0,2.64,4437900,2.65,3207400,-1.12,2.65,2.64,22189000,58610000.0,0.07,0.37,831.59,1200.15,2.95,2.41,4.19
视源股份,sz002841,38.96,39.08,39.0,31400.0,38.92,2600,38.96,1000,-0.31,39.08,38.91,31400,1220000.0,0.01,0.44,203.12,271.17,42.99,35.17,2.04
越剑智能,sh603095,21.16,21.0,21.46,184900.0,21.02,400,21.16,14800,0.76,21.46,20.78,184900,3950000.0,0.07,3.24,54.65,54.65,23.1,18.9,5.9
汉商集团,sh600774,9.82,9.77,9.79,94200.0,9.81,100,9.82,1400,0.51,9.82,9.79,94200,920000.0,0.03,0.31,28.95,28.97,10.75,8.79,3.3
君禾股份,sh603617,7.72,7.73,7.71,19700.0,7.73,800,7.76,100,-0.13,7.74,7.71,19700,150000.0,0.01,0.39,29.62,30.14,8.5,6.96,0.72
博俊科技,sz300926,29.98,30.1,30.07,45100.0,29.96,2000,29.99,5000,-0.4,30.19,29.98,45100,1360000.0,0.02,0.7,89.34,130.21,36.12,24.08,2.58
新媒股份,sz300770,47.64,47.17,46.97,189000.0,47.54,7100,47.64,2100,1.0,47.64,46.94,189000,8900000.0,0.08,1.48,108.54,108.54,56.6,37.74,4.14
博汇股份,sz300839,13.87,13.99,13.89,325400.0,13.91,100,13.92,700,-0.86,13.99,13.72,325400,4520000.0,0.11,1.93,40.18,40.91,16.79,11.19,5.07
华林证券,sz002945,19.15,19.08,19.28,1275300.0,19.13,400,19.16,10800,0.37,19.35,19.13,1275300,24590000.0,0.05,1.15,517.05,517.05,20.99,17.17,6.73
南方路机,sh603280,39.18,39.13,38.9,10100.0,39.15,100,39.38,500,0.13,39.7,38.9,10100,390000.0,0.04,2.04,10.95,42.47,43.04,35.22,0.98
中远海能,sh600026,18.2,18.73,18.41,2042400.0,18.17,300,18.2,1126800,-2.83,18.45,18.15,2042400,37400000.0,0.06,1.6,632.41,994.67,20.6,16.86,8.96
西陇科学,sz002584,8.66,8.7,8.69,160100.0,8.66,1800,8.67,11700,-0.46,8.7,8.65,160100,1390000.0,0.03,0.57,40.57,50.68,9.57,7.83,2.33
亿帆医药,sz002019,12.2,12.18,12.14,78800.0,12.18,500,12.2,7300,0.16,12.2,12.14,78800,960000.0,0.01,0.49,102.66,148.4,13.4,10.96,2.4
禾丰股份,sh603609,7.25,7.24,7.25,30800.0,7.25,17000,7.26,16400,0.14,7.26,7.24,30800,220000.0,0.0,0.28,65.85,65.85,7.96,6.52,2.02
侨源股份,sz301286,54.39,53.88,54.29,46700.0,54.38,800,54.39,700,0.95,54.5,54.29,46700,2540000.0,0.03,0.39,87.72,217.61,64.66,43.1,4.22
金天钛业,sh688750,19.57,19.77,19.53,12334800.0,19.53,4800,19.57,1200,-1.01,19.57,19.5,12334800,2410000.0,0.05,0.35,45.58,90.51,23.72,15.82,5.15
三雄极光,sz300625,12.74,12.76,12.71,50900.0,12.73,9400,12.74,11800,-0.16,12.76,12.71,50900,650000.0,0.03,0.39,20.64,35.59,15.31,10.21,5.19
欧晶科技,sz001269,24.89,25.0,24.89,23100.0,24.88,5700,24.89,1800,-0.44,25.0,24.89,23100,580000.0,0.01,0.44,47.89,47.89,27.5,22.5,1.24
成大生物,sh688739,25.93,25.82,25.93,3372300.0,25.93,0,25.94,4200,0.43,25.94,25.9,3372300,870000.0,0.01,0.15,107.99,107.99,30.98,20.66,5.49
涪陵电力,sh600452,12.17,12.2,12.1,218200.0,12.11,106500,12.17,30100,-0.25,12.2,12.1,218200,2640000.0,0.01,0.82,187.0,187.0,13.42,10.98,1.13
甘肃能化,sz000552,2.5,2.5,2.49,607400.0,2.49,277400,2.5,744800,0.0,2.5,2.49,607400,1510000.0,0.02,0.4,93.15,133.8,2.75,2.25,2.58
圣邦股份,sz300661,69.58,70.08,69.56,260700.0,69.53,4200,69.58,3000,-0.71,69.66,69.53,260700,18140000.0,0.04,0.19,412.44,430.04,84.1,56.06,5.68
伊力特,sh600197,13.61,13.56,13.56,50900.0,13.6,4400,13.61,7400,0.37,13.61,13.56,50900,690000.0,0.01,0.37,64.4,64.4,14.92,12.2,2.29
恒玄科技,sh688608,209.92,212.0,209.6,4043900.0,209.7,200,209.92,1900,-0.98,210.0,209.41,4043900,8480000.0,0.02,0.28,354.12,354.12,254.4,169.6,4.42
劲仔食品,sz003000,11.35,11.32,11.32,54000.0,11.34,1500,11.35,200,0.27,11.37,11.32,54000,610000.0,0.02,0.44,34.96,51.18,12.45,10.19,2.81
海达股份,sz300320,11.14,11.16,11.12,166000.0,11.14,2200,11.15,19600,-0.18,11.15,11.11,166000,1850000.0,0.03,0.36,54.12,66.98,13.39,8.93,1.83
开发科技,bj920029,86.83,86.83,86.83,5500.0,86.83,400,86.93,100,0.0,87.21,86.83,5500,476100.0,0.01,0.44,33.42,120.6,112.87,60.79,2.57
东阿阿胶,sz000423,54.97,54.78,54.77,63200.0,54.97,1600,55.02,300,0.35,55.08,54.77,63200,3470000.0,0.01,0.57,353.47,353.99,60.26,49.3,1.82
芯原股份,sh688521,263.0,268.46,261.0,26191000.0,262.0,7400,263.0,2600,-2.03,263.63,261.0,26191000,68530000.0,0.05,0.98,1383.16,1383.16,322.15,214.77,3.07
钢研纳克,sz300797,18.14,18.18,18.18,38200.0,18.13,1000,18.14,2100,-0.22,18.19,18.14,38200,690000.0,0.01,0.28,68.66,69.43,21.82,14.54,1.78
宗申动力,sz001696,20.43,20.46,20.46,160800.0,20.41,2300,20.42,100,-0.15,20.46,20.4,160800,3290000.0,0.02,0.29,182.11,233.93,22.51,18.41,1.93
深水海纳,sz300961,14.49,14.41,14.38,64200.0,14.42,1100,14.43,900,0.56,14.5,14.36,64200,930000.0,0.04,0.97,22.11,25.69,17.29,11.53,4.44
拓维信息,sz002261,32.71,32.55,32.5,1737200.0,32.71,49900,32.74,6000,0.49,32.73,32.38,1737200,56460000.0,0.15,1.08,374.74,412.09,35.81,29.3,11.74
姚记科技,sz002605,26.82,26.98,26.7,132100.0,26.83,1100,26.84,6500,-0.59,26.83,26.63,132100,3530000.0,0.04,0.74,90.45,112.01,29.68,24.28,2.3
祥和实业,sh603500,13.3,13.36,13.28,32900.0,13.29,11700,13.3,3600,-0.45,13.3,13.28,32900,440000.0,0.01,0.15,44.13,44.26,14.7,12.02,1.55
欧莱新材,sh688530,33.8,33.05,33.3,64865800.0,33.8,400,33.97,1500,2.27,33.97,33.08,64865800,21680000.0,0.96,2.69,22.91,54.1,39.66,26.44,8.12
洲明科技,sz300232,8.01,8.06,8.04,870600.0,8.01,10400,8.02,27100,-0.62,8.04,8.0,870600,6990000.0,0.1,0.5,70.76,87.1,9.67,6.45,5.61
一心堂,sz002727,13.7,13.7,13.7,109500.0,13.7,16600,13.72,100,0.0,13.75,13.7,109500,1500000.0,0.03,0.36,54.43,80.23,15.07,12.33,1.65
博敏电子,sh603936,12.08,12.14,12.06,268200.0,12.08,2400,12.09,11900,-0.49,12.08,12.05,268200,3230000.0,0.04,0.25,76.15,76.15,13.35,10.93,3.73
中晟高科,sz002778,21.51,21.64,21.61,18800.0,21.52,500,21.53,300,-0.6,21.61,21.5,18800,410000.0,0.02,0.51,26.55,26.83,23.8,19.48,1.99
中油资本,sz000617,8.85,8.82,8.84,748600.0,8.84,186900,8.85,105300,0.34,8.86,8.84,748600,6620000.0,0.01,0.23,1118.82,1118.82,9.7,7.94,4.31
中科创达,sz300496,73.66,74.59,73.87,323300.0,73.66,500,73.7,4700,-1.25,73.89,73.6,323300,23860000.0,0.09,0.39,271.53,339.4,89.51,59.67,5.85
芯海科技,sh688595,39.57,39.67,39.49,2361800.0,39.57,4600,39.58,800,-0.25,39.72,39.49,2361800,930000.0,0.02,0.58,57.02,57.02,47.6,31.74,1.21
福安药业,sz300194,4.41,4.4,4.41,250500.0,4.41,282600,4.42,98500,0.23,4.42,4.41,250500,1110000.0,0.03,0.23,42.7,52.47,5.28,3.52,4.05
天宜新材,sh688033,9.8,9.78,9.74,99135600.0,9.8,169300,9.86,4000,0.2,9.9,9.74,99135600,9680000.0,0.18,1.64,55.1,55.1,11.74,7.82,8.48
莱绅通灵,sh603900,8.67,8.64,8.67,245200.0,8.66,400,8.67,8700,0.35,8.7,8.65,245200,2130000.0,0.07,0.58,29.63,29.74,9.5,7.78,3.97
泸州老窖,sz000568,116.49,115.62,116.01,130600.0,116.43,500,116.49,100,0.75,116.66,116.01,130600,15180000.0,0.01,0.56,1711.55,1714.67,127.18,104.06,2.72
万憬能源,sz002700,7.31,7.36,7.33,28400.0,7.31,12500,7.32,8600,-0.68,7.33,7.31,28400,210000.0,0.01,0.27,19.26,30.24,8.1,6.62,1.25
盘龙药业,sz002864,36.81,36.36,36.91,108000.0,36.81,2100,36.85,1000,1.24,36.95,36.5,108000,3980000.0,0.15,1.24,27.31,39.12,40.0,32.72,2.36
鄂尔多斯,sh600295,15.9,16.12,16.15,95800.0,15.85,3800,15.9,58600,-1.36,16.15,15.88,95800,1540000.0,0.0,1.67,314.12,445.01,17.73,14.51,1.64
恒而达,sz300946,49.1,49.32,49.2,10100.0,49.1,100,49.15,600,-0.45,49.2,49.02,10100,500000.0,0.01,0.36,37.22,76.6,59.18,39.46,1.95
拱东医疗,sh605369,19.04,19.04,19.26,23600.0,19.0,1100,19.04,400,0.0,19.26,19.04,23600,450000.0,0.01,1.16,41.98,41.98,20.94,17.14,4.69
众业达,sz002441,10.85,11.02,10.88,1113300.0,10.85,7700,10.86,200,-1.54,10.95,10.82,1113300,12110000.0,0.28,1.18,43.3,59.08,12.12,9.92,7.24
鸿博股份,sz002229,16.82,16.99,16.79,1929600.0,16.81,2300,16.82,3700,-1.0,16.9,16.74,1929600,32400000.0,0.39,0.94,82.95,83.46,18.69,15.29,13.55
英集芯,sh688209,24.85,25.02,24.96,5124000.0,24.84,9600,24.85,28800,-0.68,24.96,24.75,5124000,1280000.0,0.01,0.84,107.8,107.8,30.02,20.02,0.91
太极集团,sh600129,17.71,17.73,17.72,77000.0,17.7,11700,17.71,700,-0.11,17.72,17.68,77000,1360000.0,0.01,0.23,97.66,97.66,19.5,15.96,1.51
科德数控,sh688305,60.38,60.58,60.4,810000.0,60.23,200,60.38,4400,-0.33,60.4,60.26,810000,490000.0,0.01,0.23,79.83,80.25,72.7,48.46,1.34
中材节能,sh603126,7.81,7.81,7.78,87900.0,7.8,4000,7.81,3400,0.0,7.81,7.78,87900,680000.0,0.01,0.38,47.68,47.68,8.59,7.03,1.28
星徽股份,sz300464,6.79,6.78,6.8,67100.0,6.79,10200,6.8,3200,0.15,6.82,6.78,67100,460000.0,0.02,0.59,24.13,31.09,8.14,5.42,1.2
富安娜,sz002327,6.98,6.98,6.97,15400.0,6.98,13100,6.99,8600,0.0,6.99,6.97,15400,110000.0,0.0,0.29,34.27,58.51,7.68,6.28,0.75
汤姆猫,sz300459,5.16,5.16,5.14,2461800.0,5.15,400,5.16,23700,0.0,5.17,5.13,2461800,12660000.0,0.07,0.78,169.62,181.42,6.19,4.13,2.67
广安爱众,sh600979,4.52,4.53,4.52,243700.0,4.51,211400,4.52,25300,-0.22,4.53,4.51,243700,1100000.0,0.02,0.44,55.7,57.03,4.98,4.08,3.62
日辰股份,sh603755,33.35,33.4,33.17,12300.0,33.35,900,33.44,100,-0.15,33.39,33.17,12300,410000.0,0.01,0.66,32.89,32.89,36.74,30.06,0.56
上海雅仕,sh603329,11.55,11.48,11.5,64200.0,11.51,11300,11.55,4700,0.61,11.55,11.5,64200,740000.0,0.03,0.44,23.84,28.88,12.63,10.33,4.37
三 力 士,sz002224,4.62,4.62,4.61,232400.0,4.61,44700,4.62,30100,0.0,4.62,4.6,232400,1070000.0,0.03,0.43,37.25,41.68,5.08,4.16,2.57
特  力Ａ,sz000025,18.1,18.12,18.14,160600.0,18.1,2400,18.12,2500,-0.11,18.17,18.1,160600,2910000.0,0.04,0.39,71.09,78.02,19.93,16.31,6.84
南网科技,sh688248,51.42,51.42,51.0,1641000.0,51.5,2500,51.89,200,0.0,51.42,51.0,1641000,840000.0,0.0,0.82,290.37,290.37,61.7,41.14,1.32
S佳通,sh600182,14.83,14.84,14.82,4900.0,14.83,1200,14.88,1000,-0.07,14.83,14.82,4900,70000.0,0.0,0.07,25.21,50.42,15.58,14.1,0.69
格林达,sh603931,32.48,32.52,32.52,24400.0,32.41,1400,32.47,900,-0.12,32.53,32.48,24400,790000.0,0.01,0.15,64.82,64.82,35.77,29.27,2.6
华东数控,sz002248,13.67,14.01,13.76,4156100.0,13.63,35200,13.67,1500,-2.43,13.76,13.6,4156100,57030000.0,1.35,1.14,42.03,42.03,15.41,12.61,41.43
奥康国际,sh603001,9.55,9.55,9.55,33900.0,9.51,1200,9.55,7900,0.0,9.55,9.51,33900,320000.0,0.01,0.42,38.29,38.29,10.51,8.6,1.27
北特科技,sh603009,52.62,52.85,52.65,48200.0,52.61,14600,52.62,4000,-0.44,52.78,52.61,48200,2540000.0,0.01,0.32,178.07,182.27,58.14,47.57,0.94
大金重工,sz002487,61.98,62.34,61.89,59000.0,61.97,100,61.98,500,-0.58,61.98,61.81,59000,3650000.0,0.01,0.27,391.04,395.28,68.57,56.11,2.04
建研院,sh603183,4.74,4.72,4.74,56600.0,4.73,34400,4.74,14400,0.42,4.74,4.73,56600,270000.0,0.01,0.21,23.57,23.57,5.19,4.25,1.34
京泉华,sz002885,29.17,29.22,29.17,1317600.0,29.11,5400,29.17,229700,-0.17,29.17,28.95,1317600,38400000.0,0.57,0.75,67.36,79.03,32.14,26.3,22.99
长虹美菱,sz000521,6.59,6.59,6.59,50500.0,6.58,46300,6.59,5500,0.0,6.6,6.58,50500,330000.0,0.01,0.3,57.7,67.87,7.25,5.93,1.39
中控技术,sh688777,82.85,83.66,82.85,30965500.0,82.7,2700,82.85,300,-0.97,82.95,82.7,30965500,25660000.0,0.04,0.3,652.19,655.5,100.39,66.93,3.0
三德科技,sz300515,20.36,20.52,20.41,30900.0,20.35,3600,20.36,200,-0.78,20.48,20.34,30900,630000.0,0.02,0.68,41.08,41.89,24.62,16.42,3.9
城投控股,sh600649,5.28,5.28,5.27,449100.0,5.27,121900,5.28,11300,0.0,5.29,5.27,449100,2370000.0,0.02,0.38,132.24,132.24,5.81,4.75,1.85
公元股份,sz002641,4.45,4.43,4.44,95100.0,4.44,52200,4.45,64500,0.45,4.45,4.43,95100,420000.0,0.01,0.45,50.46,54.69,4.87,3.99,1.45
天舟文化,sz300148,5.4,5.42,5.41,1337300.0,5.39,37800,5.4,64100,-0.37,5.48,5.4,1337300,7250000.0,0.16,1.48,43.97,45.51,6.5,4.34,2.48
迈赫股份,sz301199,24.99,24.99,25.02,27000.0,24.96,2000,24.99,200,0.0,25.07,24.99,27000,680000.0,0.04,0.32,17.92,46.65,29.99,19.99,3.72
派瑞股份,sz300831,14.3,14.3,14.33,172700.0,14.3,100,14.32,1500,0.0,14.38,14.27,172700,2480000.0,0.09,0.77,26.38,45.76,17.16,11.44,3.19
广汇物流,sh600603,6.88,6.84,6.88,78100.0,6.86,16800,6.87,1700,0.58,6.95,6.86,78100,540000.0,0.01,1.32,82.1,82.1,7.52,6.16,1.36
泰山石油,sz000554,7.82,8.03,7.88,1376900.0,7.81,100,7.82,3400,-2.62,7.89,7.81,1376900,10820000.0,0.38,1.0,28.36,37.6,8.83,7.23,8.91
文灿股份,sh603348,20.21,20.29,20.2,20900.0,20.21,4900,20.31,2100,-0.39,20.24,20.2,20900,420000.0,0.01,0.2,63.56,63.56,22.32,18.26,3.19
筑博设计,sz300564,16.1,15.98,16.2,56800.0,16.1,1000,16.17,15200,0.75,16.28,16.08,56800,920000.0,0.05,1.25,18.22,25.97,19.18,12.78,5.13
ST晨鸣,sz000488,2.18,2.17,2.17,161900.0,2.17,243700,2.18,549200,0.46,2.18,2.17,161900,350000.0,0.01,0.46,36.65,64.12,2.28,2.06,2.39
雷神科技,bj920190,26.8,26.78,26.78,16000.0,26.78,5500,26.8,600,0.07,26.82,26.78,16000,427400.0,0.02,0.15,26.65,26.8,34.81,18.75,2.34
青矩技术,bj920208,24.9,25.0,25.11,2600.0,24.9,300,25.0,100,-0.4,25.18,24.9,2600,66100.0,0.0,1.12,24.34,33.32,32.5,17.5,0.85
致欧科技,sz301376,20.07,20.05,20.1,21300.0,20.06,200,20.07,100,0.1,20.11,20.02,21300,430000.0,0.01,0.45,38.86,80.78,24.06,16.04,2.73
海天精工,sh601882,21.21,21.29,21.21,20600.0,21.21,2800,21.23,7500,-0.38,21.23,21.19,20600,440000.0,0.0,0.19,110.72,110.72,23.42,19.16,1.47
蜀道装备,sz300540,22.54,22.74,22.73,32100.0,22.54,7000,22.56,500,-0.88,22.73,22.54,32100,730000.0,0.02,0.84,46.6,51.74,27.29,18.19,1.14
红墙股份,sz002809,12.9,12.83,13.09,397100.0,12.88,9200,12.9,200,0.55,13.09,12.9,397100,5180000.0,0.29,1.48,17.95,27.3,14.11,11.55,4.45
安杰思,sh688581,61.28,60.97,60.94,110000.0,60.88,1000,61.23,900,0.51,61.28,60.94,110000,70000.0,0.0,0.56,25.47,49.71,73.16,48.78,0.74
禾迈股份,sh688032,107.77,108.25,107.77,406500.0,107.77,1300,107.79,500,-0.44,107.79,107.3,406500,440000.0,0.0,0.45,133.71,133.71,129.9,86.6,0.79
益佰制药,sh600594,4.04,4.04,4.05,31700.0,4.04,12700,4.05,17100,0.0,4.05,4.04,31700,130000.0,0.0,0.25,31.99,31.99,4.44,3.64,0.59
冠盛股份,sh605088,36.69,36.87,36.8,11400.0,36.67,500,36.69,300,-0.49,36.8,36.69,11400,420000.0,0.01,0.3,73.28,74.38,40.56,33.18,0.26
超达装备,sz301186,50.26,50.31,50.41,16100.0,50.26,4000,50.29,1500,-0.1,50.41,50.15,16100,810000.0,0.02,0.52,38.02,40.48,60.37,40.25,4.12
麦克奥迪,sz300341,17.18,17.49,17.13,238200.0,17.18,200,17.19,800,-1.77,17.2,17.08,238200,4080000.0,0.05,0.69,88.54,88.89,20.99,13.99,6.8
伟星股份,sz002003,10.65,10.64,10.64,95900.0,10.65,100,10.66,800,0.09,10.68,10.63,95900,1020000.0,0.01,0.47,108.85,126.62,11.7,9.58,3.53
神奇制药,sh600613,6.42,6.42,6.42,71900.0,6.4,5600,6.42,20600,0.0,6.43,6.41,71900,460000.0,0.02,0.31,30.77,34.29,7.06,5.78,1.94
天风证券,sh601162,4.14,4.12,4.14,1245500.0,4.13,600300,4.14,700100,0.49,4.14,4.13,1245500,5160000.0,0.01,0.24,355.96,417.06,4.53,3.71,3.31
九阳股份,sz002242,10.42,10.4,10.47,92100.0,10.41,3200,10.42,1200,0.19,10.47,10.4,92100,960000.0,0.01,0.67,79.37,79.51,11.44,9.36,3.95
遥望科技,sz002291,8.03,8.05,8.04,1497700.0,8.02,27700,8.03,27800,-0.25,8.05,8.02,1497700,12040000.0,0.17,0.37,69.79,75.09,8.86,7.25,2.18
天富能源,sh600509,8.32,8.32,8.31,398200.0,8.32,122500,8.33,59200,0.0,8.33,8.31,398200,3310000.0,0.03,0.24,114.35,114.35,9.15,7.49,4.72
迈瑞医疗,sz300760,187.77,188.0,187.96,67300.0,187.77,20600,187.78,1300,-0.12,187.96,187.77,67300,12650000.0,0.01,0.1,2276.53,2276.6,225.6,150.4,3.16
三利谱,sz002876,27.89,27.97,27.85,115200.0,27.88,1500,27.89,2000,-0.29,28.19,27.85,115200,3210000.0,0.08,1.22,41.54,48.5,30.77,25.17,3.47
梦洁股份,sz002397,4.48,4.45,4.5,275700.0,4.48,173100,4.49,90300,0.67,4.5,4.48,275700,1240000.0,0.04,0.45,29.02,33.5,4.9,4.01,2.75
健民集团,sh600976,33.33,33.28,33.35,19600.0,33.33,200,33.34,200,0.15,33.42,33.33,19600,650000.0,0.01,0.27,51.09,51.13,36.61,29.95,2.04
国星光电,sz002449,8.48,8.5,8.48,160400.0,8.47,3700,8.48,111000,-0.24,8.48,8.47,160400,1360000.0,0.03,0.12,52.45,52.45,9.35,7.65,5.42
拓日新能,sz002218,6.95,6.97,6.93,4677900.0,6.95,192600,6.96,34300,-0.29,6.97,6.89,4677900,32410000.0,0.34,1.15,96.77,98.2,7.67,6.27,3.36
金诚信,sh603979,74.59,75.88,75.03,42700.0,74.52,1800,74.59,2400,-1.7,75.15,74.59,42700,3200000.0,0.01,0.74,465.28,465.28,83.47,68.29,1.5
*ST亿通,sz300211,9.08,9.02,9.07,90900.0,9.07,2300,9.08,6100,0.67,9.09,9.05,90900,820000.0,0.03,0.44,26.98,27.6,10.82,7.22,4.54
中国外运,sh601598,5.91,5.92,5.92,98200.0,5.9,404700,5.91,3000,-0.17,5.92,5.91,98200,580000.0,0.0,0.17,304.81,423.97,6.51,5.33,1.52
国货航,sz001391,5.98,5.98,5.99,311300.0,5.98,39100,5.99,353100,0.0,5.99,5.98,311300,1860000.0,0.02,0.17,90.86,730.09,6.58,5.38,4.08
英诺特,sh688253,35.38,35.38,35.45,1760600.0,35.38,1200,35.45,4500,0.0,35.45,35.38,1760600,620000.0,0.01,0.2,48.47,48.47,42.46,28.3,2.76
华纳药厂,sh688799,46.5,46.5,46.6,151200.0,46.5,500,46.57,300,0.0,46.6,46.5,151200,70000.0,0.0,0.22,61.06,61.06,55.8,37.2,0.15
汇中股份,sz300371,14.06,14.08,14.09,9000.0,14.05,700,14.06,2000,-0.14,14.09,14.04,9000,130000.0,0.01,0.36,18.9,28.29,16.9,11.26,0.85
金逸影视,sz002905,12.15,12.19,12.15,952800.0,12.14,18000,12.15,49000,-0.33,12.23,12.14,952800,11590000.0,0.27,0.74,42.46,45.72,13.41,10.97,5.34
延江股份,sz300658,17.3,17.37,17.4,354000.0,17.29,200,17.3,10200,-0.4,17.45,17.3,354000,6160000.0,0.16,0.86,39.01,57.57,20.84,13.9,2.5
百奥赛图,sh688796,76.5,76.75,76.42,780100.0,75.9,200,76.5,1400,-0.33,76.51,76.4,780100,600000.0,0.02,0.14,27.45,341.88,92.1,61.4,0.85
林海股份,sh600099,11.3,11.24,11.31,13300.0,11.29,6400,11.3,1200,0.53,11.31,11.29,13300,150000.0,0.01,0.18,24.76,24.76,12.36,10.12,0.81
海澜之家,sh600398,6.15,6.17,6.17,239300.0,6.15,33200,6.16,51400,-0.32,6.17,6.15,239300,1470000.0,0.0,0.32,295.37,295.37,6.79,5.55,2.08
摩尔线程-U,sh688795,576.5,581.8,578.25,4294500.0,575.28,100,576.5,600,-0.91,579.75,575.28,4294500,24820000.0,0.15,0.77,169.39,2709.71,698.16,465.44,5.06
申通快递,sz002468,12.93,12.98,12.98,116900.0,12.92,9300,12.93,700,-0.39,12.99,12.93,116900,1520000.0,0.01,0.46,189.71,197.93,14.28,11.68,2.73
新柴股份,sz301032,13.88,13.93,13.89,30600.0,13.86,9800,13.88,4200,-0.36,13.93,13.86,30600,430000.0,0.02,0.5,22.19,33.47,16.72,11.14,1.3
星星科技,sz300256,3.88,3.89,3.88,252700.0,3.88,244000,3.89,226500,-0.26,3.89,3.88,252700,980000.0,0.01,0.26,87.04,88.01,4.67,3.11,2.89
天润工业,sz002283,8.6,8.85,8.7,1583900.0,8.6,58800,8.66,400,-2.82,8.75,8.6,1583900,13730000.0,0.16,1.69,86.3,97.99,9.74,7.97,5.91
诚迈科技,sz300598,44.7,44.62,44.48,30200.0,44.67,1100,44.7,800,0.18,44.7,44.44,30200,1340000.0,0.01,0.58,96.96,96.99,53.54,35.7,1.62
漫步者,sz002351,12.33,12.35,12.33,64600.0,12.32,5000,12.33,500,-0.16,12.35,12.31,64600,800000.0,0.01,0.32,64.25,109.63,13.59,11.12,2.81
九洲集团,sz300040,7.03,7.09,7.08,915100.0,7.03,4800,7.04,600,-0.85,7.08,7.02,915100,6460000.0,0.18,0.85,36.37,45.23,8.51,5.67,7.01
汇宇制药-W,sh688553,19.24,19.25,19.24,152200.0,19.16,2400,19.24,4900,-0.05,19.25,19.16,152200,30000.0,0.0,0.47,66.1,81.5,23.1,15.4,0.12
美新科技,sz301588,25.6,25.72,25.7,20600.0,25.57,600,25.6,300,-0.47,25.71,25.56,20600,530000.0,0.03,0.58,18.78,30.43,30.86,20.58,1.02
宝莱特,sz300246,13.43,13.42,13.42,49500.0,13.42,1000,13.43,600,0.07,13.54,13.41,49500,670000.0,0.02,0.97,28.38,35.53,16.1,10.74,0.93
千味央厨,sz001215,41.48,41.53,41.66,35800.0,41.47,100,41.48,700,-0.12,41.66,41.4,35800,1490000.0,0.04,0.63,40.15,40.3,45.68,37.38,1.66
英力股份,sz300956,18.1,18.1,18.18,56400.0,18.08,500,18.1,7700,0.0,18.19,18.08,56400,1020000.0,0.03,0.61,38.09,38.99,21.72,14.48,3.13
恒顺醋业,sh600305,7.98,7.96,7.98,198100.0,7.98,19000,7.99,14700,0.25,7.99,7.97,198100,1580000.0,0.02,0.25,88.02,88.3,8.76,7.16,3.23
洽洽食品,sz002557,23.37,23.22,23.23,50300.0,23.36,600,23.37,6500,0.65,23.37,23.23,50300,1170000.0,0.01,0.6,117.97,118.22,25.54,20.9,1.68
德展健康,sz000813,3.91,3.92,3.91,186200.0,3.91,3900,3.92,102600,-0.26,3.92,3.9,186200,730000.0,0.01,0.51,81.98,82.0,4.31,3.53,1.5
龙韵股份,sh603729,20.17,21.38,20.0,1380900.0,20.1,1800,20.17,200,-5.66,20.29,20.0,1380900,27650000.0,1.48,1.36,18.83,18.83,23.52,19.24,106.21
拓山重工,sz001226,50.72,53.51,52.58,176100.0,50.6,1400,50.69,100,-5.21,52.6,50.6,176100,9170000.0,0.24,3.74,37.87,37.87,58.86,48.16,25.25
外高桥,sh600648,10.63,10.68,10.7,46000.0,10.66,1600,10.68,14700,-0.47,10.7,10.63,46000,490000.0,0.0,0.66,120.95,144.56,11.75,9.61,2.7
招商港口,sz001872,19.91,19.93,19.93,17800.0,19.9,9500,19.93,2000,-0.1,19.94,19.88,17800,350000.0,0.0,0.3,458.31,494.12,21.92,17.94,2.13
国科微,sz300672,138.01,140.25,139.5,53600.0,138.01,6000,138.49,100,-1.6,139.5,138.01,53600,7460000.0,0.03,1.06,290.29,299.62,168.3,112.2,1.82
公牛集团,sh603195,42.84,42.85,42.9,13400.0,42.73,1500,42.84,300,-0.02,42.9,42.73,13400,570000.0,0.0,0.4,771.4,774.51,47.14,38.57,1.07
欣灵电气,sz301388,34.58,34.41,34.9,79100.0,34.58,200,34.64,200,0.49,34.9,34.43,79100,2750000.0,0.29,1.37,9.46,35.43,41.29,27.53,4.22
五洋自控,sz300420,4.12,4.14,4.14,114700.0,4.12,53100,4.13,71300,-0.48,4.14,4.12,114700,470000.0,0.01,0.48,45.99,46.0,4.97,3.31,0.93
爱科科技,sh688092,30.5,30.5,30.45,1575200.0,30.46,400,30.5,100,0.0,30.5,30.45,1575200,480000.0,0.02,0.16,25.21,25.21,36.6,24.4,2.92
埃夫特-U,sh688165,21.79,21.93,21.8,6070700.0,21.76,300,21.77,2100,-0.64,21.83,21.72,6070700,1320000.0,0.01,0.5,113.7,113.7,26.32,17.54,0.8
乐山电力,sh600644,11.21,11.32,11.2,451400.0,11.21,32200,11.24,500,-0.97,11.26,11.2,451400,5060000.0,0.08,0.53,64.83,64.83,12.45,10.19,5.88
青山纸业,sh600103,3.74,3.76,3.74,2136300.0,3.74,127100,3.75,33200,-0.53,3.75,3.73,2136300,7990000.0,0.1,0.53,82.74,83.81,4.14,3.38,8.49
英华特,sz301272,45.48,45.68,45.91,115800.0,45.45,1700,45.48,100,-0.44,45.91,44.92,115800,5280000.0,0.37,2.17,14.25,26.61,54.82,36.54,20.96
亚星锚链,sh601890,11.52,11.26,11.41,1758000.0,11.52,84600,11.55,200,2.31,11.68,11.41,1758000,20230000.0,0.18,2.4,110.52,110.52,12.39,10.13,11.28
华钰矿业,sh601020,32.1,32.8,32.0,921000.0,32.1,4700,32.18,8700,-2.13,32.18,31.9,921000,29490000.0,0.11,0.85,263.21,263.21,36.08,29.52,7.58
新黄浦,sh600638,7.23,7.22,7.22,55400.0,7.22,5700,7.23,1800,0.14,7.28,7.21,55400,400000.0,0.01,0.97,48.69,48.69,7.94,6.5,1.0
宁波华翔,sz002048,31.87,32.07,32.18,188900.0,31.84,6100,31.87,800,-0.62,32.24,31.85,188900,6070000.0,0.03,1.22,226.21,259.37,35.28,28.86,2.15
晋控煤业,sh601001,16.19,16.19,16.2,718200.0,16.19,58900,16.21,100,0.0,16.25,16.09,718200,11630000.0,0.04,0.99,270.97,270.97,17.81,14.57,6.34
北自科技,sh603082,38.39,38.87,38.38,30600.0,38.39,9200,38.54,1900,-1.23,38.54,38.37,30600,1170000.0,0.08,0.44,15.57,62.28,42.76,34.98,3.62
梓橦宫,bj920566,11.38,11.45,11.43,40800.0,11.37,6200,11.38,1000,-0.61,11.43,11.38,40800,465400.0,0.04,0.44,12.79,16.55,14.88,8.02,2.78
蠡湖股份,sz300694,13.19,13.24,13.17,64200.0,13.19,800,13.2,100,-0.38,13.27,13.17,64200,850000.0,0.03,0.76,28.63,28.63,15.89,10.59,2.6
泰凌微,sh688591,44.16,44.41,44.3,2274000.0,44.1,200,44.16,1700,-0.56,44.35,44.15,2274000,1010000.0,0.01,0.45,74.38,106.31,53.29,35.53,1.18
毕得医药,sh688073,61.15,60.6,60.0,8792600.0,60.3,800,60.95,600,0.91,61.36,60.0,8792600,5390000.0,0.2,2.24,26.44,55.57,72.72,48.48,17.49
碧水源,sz300070,4.03,4.03,4.02,200800.0,4.02,866900,4.03,128800,0.0,4.03,4.02,200800,810000.0,0.01,0.25,135.89,146.06,4.84,3.22,1.73
中信特钢,sz000708,15.78,15.9,15.9,118200.0,15.78,2100,15.79,4500,-0.75,15.9,15.78,118200,1870000.0,0.0,0.75,796.44,796.44,17.49,14.31,2.39
珍宝岛,sh603567,8.13,8.12,8.12,299700.0,8.15,300,8.16,30100,0.12,8.19,8.12,299700,2440000.0,0.03,0.86,76.38,76.5,8.93,7.31,5.02
衢州发展,sh600208,3.7,3.61,3.68,5754000.0,3.7,186300,3.71,201400,2.49,3.71,3.67,5754000,21210000.0,0.07,1.11,314.8,314.83,3.97,3.25,22.4
科威尔,sh688551,39.56,39.37,39.56,784200.0,39.18,300,39.41,200,0.48,39.56,39.41,784200,310000.0,0.01,0.38,33.26,33.26,47.24,31.5,1.9
哈尔斯,sz002615,9.44,9.65,9.77,2581900.0,9.38,12000,9.44,3700,-2.18,9.8,9.38,2581900,25090000.0,0.84,4.35,28.89,44.02,10.62,8.69,28.51
ST雪发,sz002485,4.56,4.8,4.56,2790700.0,0.0,0,4.56,276900,-5.0,4.56,4.56,2790700,12730000.0,0.51,0.0,24.81,24.81,5.04,4.56,185.05
农 产 品,sz000061,9.13,9.09,9.11,25200.0,9.13,25100,9.14,1200,0.44,9.15,9.11,25200,230000.0,0.0,0.44,154.93,181.23,10.0,8.18,0.48
瀚蓝环境,sh600323,28.72,28.75,28.75,32900.0,28.7,500,28.72,3100,-0.1,28.83,28.72,32900,950000.0,0.0,0.38,234.17,234.17,31.63,25.88,2.24
安利股份,sz300218,16.68,16.72,16.71,46700.0,16.68,8400,16.69,3200,-0.24,16.71,16.65,46700,780000.0,0.02,0.36,36.07,36.19,20.06,13.38,2.91
平治信息,sz300571,32.57,32.41,32.3,430000.0,32.51,2100,32.57,9400,0.49,32.57,32.28,430000,13910000.0,0.37,0.89,37.66,45.44,38.89,25.93,9.83
中设咨询,bj920873,7.86,7.85,7.85,53000.0,7.85,96000,7.86,4700,0.13,7.87,7.85,53000,416500.0,0.04,0.25,9.42,12.06,10.2,5.5,7.67
康美药业,sh600518,1.91,1.9,1.9,1540200.0,1.9,12776000,1.91,23610900,0.53,1.91,1.9,1540200,2930000.0,0.01,0.53,264.01,264.13,2.09,1.71,1.75
宝利国际,sz300135,4.02,4.02,4.02,79600.0,4.01,113300,4.02,15300,0.0,4.04,4.01,79600,320000.0,0.01,0.75,37.05,37.05,4.82,3.22,1.19
上声电子,sh688533,31.71,31.86,31.78,905100.0,31.7,5000,31.71,400,-0.47,31.78,31.71,905100,290000.0,0.01,0.22,52.32,52.32,38.23,25.49,1.06
展鹏科技,sh603488,9.54,9.57,9.52,31800.0,9.53,5100,9.54,22400,-0.31,9.55,9.52,31800,300000.0,0.01,0.31,27.86,27.86,10.53,8.61,1.06
天下秀,sh600556,7.84,7.95,7.84,1534500.0,7.84,12200,7.87,1100,-1.38,7.9,7.81,1534500,12030000.0,0.08,1.13,141.73,141.73,8.75,7.16,1.73
每日互动,sz300766,46.95,47.45,46.64,1212900.0,46.93,3700,46.95,19900,-1.05,46.95,46.58,1212900,56610000.0,0.34,0.78,168.2,185.34,56.94,37.96,4.46
珠江啤酒,sz002461,9.46,9.41,9.43,99600.0,9.45,13200,9.46,3300,0.53,9.49,9.42,99600,940000.0,0.0,0.74,209.38,209.38,10.35,8.47,3.29
浪潮软件,sh600756,17.6,17.67,17.57,176700.0,17.61,3100,17.62,300,-0.4,17.61,17.52,176700,3110000.0,0.05,0.51,57.04,61.53,19.44,15.9,4.07
华光环能,sh600475,20.84,20.82,20.86,169900.0,20.82,200,20.84,1300,0.1,21.04,20.75,169900,3550000.0,0.02,1.39,196.5,199.22,22.9,18.74,2.71
新光药业,sz300519,16.42,16.31,16.31,149200.0,16.38,1500,16.42,500,0.67,16.49,16.31,149200,2440000.0,0.13,1.1,18.74,26.27,19.57,13.05,5.47
华东重机,sz002685,7.26,7.26,7.21,356500.0,7.25,26600,7.26,29200,0.0,7.26,7.21,356500,2570000.0,0.04,0.69,73.15,73.16,7.99,6.53,2.8
幸福蓝海,sz300528,23.96,23.69,23.96,1233000.0,23.96,28000,24.07,17500,1.14,24.1,23.8,1233000,29540000.0,0.33,1.27,89.28,89.28,28.43,18.95,4.9
中船科技,sh600072,12.94,13.0,13.0,382100.0,12.94,400,12.95,6900,-0.46,13.0,12.88,382100,4960000.0,0.04,0.92,140.18,194.44,14.3,11.7,2.04
东方中科,sz002819,27.85,27.9,27.79,36700.0,27.8,1300,27.85,1300,-0.18,27.85,27.79,36700,1020000.0,0.02,0.22,65.47,83.44,30.69,25.11,3.72
羚锐制药,sh600285,21.82,21.79,21.78,39500.0,21.8,100,21.82,3000,0.14,21.82,21.73,39500,860000.0,0.01,0.41,123.47,123.74,23.97,19.61,1.54
创力集团,sh603012,8.15,8.12,8.15,169200.0,8.15,94100,8.16,2500,0.37,8.2,8.15,169200,1380000.0,0.03,0.62,52.69,52.69,8.93,7.31,1.92
稳健医疗,sz300888,35.29,35.28,35.23,29900.0,35.28,200,35.29,500,0.03,35.34,35.23,29900,1060000.0,0.01,0.31,205.28,205.5,42.34,28.22,2.65
三变科技,sz002112,24.6,24.92,24.48,2643700.0,24.6,65700,24.62,76500,-1.28,24.62,24.36,2643700,64780000.0,1.01,1.04,64.47,72.36,27.41,22.43,7.68
汉缆股份,sz002498,6.4,6.15,6.28,31940100.0,6.33,95000,6.4,253600,4.07,6.46,6.28,31940100,202270000.0,0.96,2.93,212.91,212.91,6.77,5.54,44.39
巴兰仕,bj920112,37.87,37.86,37.87,4200.0,37.87,700,38.09,900,0.03,38.1,37.78,4200,158300.0,0.02,0.85,8.78,32.13,49.21,26.51,5.4
罗普斯金,sz002333,6.13,6.18,6.16,54200.0,6.12,12100,6.13,700,-0.81,6.17,6.13,54200,330000.0,0.01,0.65,40.0,41.37,6.8,5.56,1.27
爱乐达,sz300696,32.91,32.6,32.62,100300.0,32.91,6100,32.92,100,0.95,32.98,32.62,100300,3280000.0,0.04,1.1,87.5,96.48,39.12,26.08,2.17
金鹰重工,sz301048,11.49,11.49,11.51,37600.0,11.48,3500,11.5,10400,0.0,11.52,11.48,37600,430000.0,0.01,0.35,61.28,61.28,13.79,9.19,3.29
宏昌科技,sz301008,35.1,35.26,35.12,19600.0,35.03,1400,35.08,800,-0.45,35.4,35.01,19600,690000.0,0.02,1.11,40.66,45.97,42.31,28.21,1.55
亚厦股份,sz002375,4.35,4.35,4.34,215900.0,4.34,37400,4.35,33500,0.0,4.35,4.33,215900,940000.0,0.02,0.46,57.72,58.29,4.79,3.92,1.67
安凯微,sh688620,11.84,11.89,11.85,2438900.0,11.83,6000,11.84,1000,-0.42,11.95,11.82,2438900,290000.0,0.01,1.09,27.51,46.41,14.27,9.51,1.22
祥生医疗,sh688358,34.93,34.95,34.91,534400.0,34.91,3800,34.93,2500,-0.06,35.13,34.91,534400,190000.0,0.0,0.63,39.11,39.17,41.94,27.96,1.04
太平鸟,sh603877,15.48,15.49,15.48,4300.0,15.47,1500,15.48,800,-0.06,15.48,15.47,4300,70000.0,0.0,0.06,72.65,72.92,17.04,13.94,0.6
中储股份,sh600787,5.8,5.81,5.79,166900.0,5.79,123400,5.8,20300,-0.17,5.81,5.79,166900,970000.0,0.01,0.34,125.86,125.86,6.39,5.23,1.65
凤凰股份,sh600716,4.33,4.33,4.33,131100.0,4.33,10100,4.34,29600,0.0,4.35,4.32,131100,570000.0,0.01,0.69,40.53,40.53,4.76,3.9,3.43
弘景光电,sz301479,87.41,87.85,87.4,5600.0,87.41,500,87.84,600,-0.5,88.08,87.4,5600,490000.0,0.03,0.77,18.36,77.76,105.42,70.28,2.71
中天火箭,sz003009,66.45,66.59,66.14,64900.0,66.45,1600,66.5,2300,-0.21,66.5,66.14,64900,4300000.0,0.04,0.54,103.27,103.29,73.25,59.93,3.63
奥美医疗,sz002950,10.97,10.95,10.95,70400.0,10.96,8800,10.97,4600,0.18,10.99,10.87,70400,770000.0,0.02,1.1,49.58,69.47,12.05,9.86,2.28
乔锋智能,sz301603,69.83,70.1,69.91,11200.0,69.76,400,69.84,100,-0.39,70.04,69.69,11200,780000.0,0.03,0.5,26.35,84.33,84.12,56.08,1.87
瑞凌股份,sz300154,9.13,9.15,9.13,108300.0,9.12,5300,9.13,26400,-0.22,9.19,9.12,108300,990000.0,0.03,0.77,28.77,41.04,10.98,7.32,6.49
上海汽配,sh603107,15.42,15.38,15.43,18000.0,15.4,2100,15.41,1000,0.26,15.43,15.35,18000,280000.0,0.01,0.52,33.64,52.02,16.92,13.84,2.05
红太阳,sz000525,6.25,6.24,6.23,1699200.0,6.25,25900,6.26,3400,0.16,6.27,6.2,1699200,10580000.0,0.15,1.12,69.49,81.45,6.86,5.62,3.34
林州重机,sz002535,3.86,3.88,3.87,92800.0,3.86,79800,3.87,138200,-0.52,3.87,3.86,92800,360000.0,0.01,0.26,28.81,30.94,4.27,3.49,2.18
鼎际得,sh603255,32.36,32.54,32.43,25900.0,32.3,400,32.4,400,-0.55,32.43,31.95,25900,840000.0,0.04,1.48,19.63,43.55,35.79,29.29,4.65
亿华通-U,sh688339,31.63,31.7,31.94,6936100.0,31.6,1000,31.63,1900,-0.22,31.94,31.63,6936100,2210000.0,0.04,0.98,61.93,76.08,38.04,25.36,3.01
神州泰岳,sz300002,12.47,12.58,12.49,914000.0,12.47,28700,12.48,13500,-0.87,12.52,12.45,914000,11410000.0,0.05,0.56,227.27,245.31,15.1,10.06,2.98
*ST声迅,sz003004,26.05,26.25,26.05,700.0,26.05,1400,26.21,400,-0.76,26.05,26.05,700,20000.0,0.0,0.0,17.91,21.33,27.56,24.94,0.24
利通电子,sh603629,60.95,59.96,60.12,874100.0,60.52,200,60.99,100,1.65,61.2,60.12,874100,52670000.0,0.34,1.8,156.55,159.92,65.96,53.96,4.38
湖南投资,sz000548,5.66,5.65,5.65,69400.0,5.66,1800,5.67,11200,0.18,5.66,5.61,69400,390000.0,0.01,0.88,28.25,28.26,6.22,5.09,1.81
艾德生物,sz300685,21.03,21.0,20.99,74400.0,21.01,100,21.03,300,0.14,21.04,20.99,74400,1560000.0,0.02,0.24,81.93,82.34,25.2,16.8,3.48
祥源新材,sz300980,33.85,33.8,33.86,18400.0,33.75,700,33.79,100,0.15,33.86,33.59,18400,620000.0,0.02,0.8,33.29,46.74,40.56,27.04,1.62
精华制药,sz002349,7.66,7.64,7.62,215500.0,7.66,11100,7.67,1500,0.26,7.67,7.62,215500,1650000.0,0.03,0.65,62.37,63.55,8.4,6.88,2.26
道恩股份,sz002838,28.27,28.49,28.39,57800.0,28.27,400,28.33,9100,-0.77,28.5,28.27,57800,1640000.0,0.01,0.81,118.91,135.24,31.34,25.64,3.21
正裕工业,sh603089,13.94,14.03,13.96,41300.0,13.93,100,13.94,15600,-0.64,13.96,13.94,41300,580000.0,0.02,0.14,33.46,33.46,15.43,12.63,3.19
古越龙山,sh600059,10.19,10.14,10.14,221500.0,10.19,9700,10.2,30500,0.49,10.19,10.13,221500,2250000.0,0.02,0.59,92.89,92.89,11.15,9.13,2.57
国机通用,sh600444,19.28,19.28,19.27,23800.0,19.26,2100,19.28,5300,0.0,19.31,19.25,23800,460000.0,0.02,0.31,28.23,28.23,21.21,17.35,1.36
三博脑科,sz301293,76.56,76.56,76.37,102700.0,76.54,6200,76.56,1500,0.0,76.56,76.1,102700,7840000.0,0.06,0.6,123.22,157.7,91.87,61.25,2.66
西昌电力,sh600505,13.88,13.93,13.87,192300.0,13.87,100,13.88,400,-0.36,13.94,13.87,192300,2670000.0,0.05,0.5,50.6,50.6,15.32,12.54,6.46
明微电子,sh688699,55.2,55.67,55.2,4863200.0,55.18,1200,55.25,500,-0.84,55.78,55.0,4863200,2680000.0,0.04,1.4,60.76,60.76,66.8,44.54,3.22
金帝股份,sh603270,27.45,27.48,27.27,27400.0,27.38,200,27.47,3100,-0.11,27.48,27.27,27400,750000.0,0.04,0.76,19.41,60.14,30.23,24.73,2.39
贵绳股份,sh600992,14.54,14.52,14.55,58500.0,14.53,100,14.54,7000,0.14,14.63,14.54,58500,850000.0,0.02,0.62,35.64,35.64,15.97,13.07,1.69
赛伦生物,sh688163,25.92,26.05,26.15,510000.0,26.0,200,26.1,600,-0.5,26.15,25.92,510000,130000.0,0.0,0.88,28.05,28.05,31.26,20.84,0.48
中密控股,sz300470,38.5,38.68,38.47,31400.0,38.48,1300,38.5,100,-0.47,38.57,38.47,31400,1210000.0,0.02,0.26,75.96,80.07,46.42,30.94,2.76
捷昌驱动,sh603583,38.01,38.21,38.01,52500.0,38.01,5300,38.07,600,-0.52,38.12,38.0,52500,2000000.0,0.01,0.31,145.29,146.63,42.03,34.39,2.56
神州细胞,sh688520,40.14,40.01,40.13,315500.0,40.13,4900,40.18,1300,0.32,40.14,40.02,315500,130000.0,0.0,0.3,178.76,178.76,48.01,32.01,0.52
海尔生物,sh688139,32.95,32.9,33.0,576900.0,32.9,800,32.95,300,0.15,33.0,32.9,576900,190000.0,0.0,0.3,104.28,104.28,39.48,26.32,0.76
ST嘉澳,sh603822,101.18,101.88,101.51,2300.0,101.15,200,101.18,900,-0.69,102.47,101.18,2300,230000.0,0.0,1.27,77.73,77.73,106.97,96.79,0.66
普莱柯,sh603566,13.9,13.9,13.86,16700.0,13.86,1600,13.89,700,0.0,13.92,13.85,16700,230000.0,0.0,0.5,48.1,48.1,15.29,12.51,1.27
蓝箭电子,sz301348,27.15,27.12,27.15,249700.0,27.13,600,27.15,400,0.11,27.38,27.11,249700,6780000.0,0.16,1.0,42.12,65.16,32.54,21.7,3.79
意华股份,sz002897,58.09,58.48,58.23,337000.0,58.09,800,58.18,600,-0.67,58.27,57.89,337000,19600000.0,0.18,0.65,105.97,112.63,64.33,52.63,5.93
致尚科技,sz301486,238.0,235.0,230.78,249800.0,235.98,1200,238.42,7600,1.28,239.0,230.78,249800,58360000.0,0.34,3.5,172.44,306.26,282.0,188.0,7.17
秀强股份,sz300160,5.93,5.93,5.91,163000.0,5.92,16700,5.93,8300,0.0,5.94,5.91,163000,960000.0,0.02,0.51,45.21,45.84,7.12,4.74,3.03
中英科技,sz300936,42.44,42.47,42.11,28700.0,42.29,1500,42.43,700,-0.07,42.49,42.11,28700,1210000.0,0.06,0.89,20.14,31.91,50.96,33.98,5.32
首航新能,sz301658,32.36,32.88,32.71,51300.0,32.36,1100,32.38,700,-1.58,32.71,32.36,51300,1670000.0,0.12,1.06,13.34,133.44,39.46,26.3,2.4
芒果超媒,sz300413,26.76,26.89,26.69,542800.0,26.75,5000,26.76,300,-0.48,26.89,26.69,542800,14510000.0,0.05,0.74,273.41,500.6,32.27,21.51,2.86
湖北广电,sz000665,5.61,5.65,5.59,383600.0,5.61,10000,5.62,34900,-0.71,5.62,5.58,383600,2150000.0,0.03,0.71,63.79,63.79,6.22,5.09,2.83
昆工科技,bj920152,23.05,22.93,22.94,27400.0,23.05,4400,23.13,1000,0.52,23.05,22.93,27400,627500.0,0.03,0.52,18.94,25.66,29.8,16.06,3.14
国科天成,sz301571,54.83,54.98,55.0,26300.0,54.83,200,54.89,100,-0.27,55.1,54.8,26300,1450000.0,0.02,0.55,65.34,98.38,65.98,43.98,2.26
中机认检,sz301508,32.88,32.95,32.95,24700.0,32.86,500,32.88,1200,-0.21,32.95,32.78,24700,810000.0,0.04,0.52,19.35,74.34,39.54,26.36,3.1
奥飞数据,sz300738,26.0,26.6,25.8,3418700.0,25.99,70400,26.0,63500,-2.26,26.0,25.58,3418700,88320000.0,0.35,1.58,256.07,256.15,31.92,21.28,8.1
仁智股份,sz002629,6.15,6.19,6.2,548900.0,6.15,9900,6.16,76200,-0.65,6.21,6.15,548900,3400000.0,0.13,0.97,26.03,26.21,6.81,5.57,4.97
恩华药业,sz002262,23.83,23.75,23.75,24100.0,23.8,300,23.83,1900,0.34,23.84,23.75,24100,570000.0,0.0,0.38,210.64,242.06,26.13,21.38,0.84
华阳智能,sz301502,47.3,47.44,47.44,11200.0,47.3,200,47.35,500,-0.3,47.44,47.25,11200,530000.0,0.05,0.4,11.16,27.0,56.93,37.95,3.87
苏豪弘业,sh600128,11.5,11.48,11.5,145300.0,11.49,1000,11.5,800,0.17,11.55,11.45,145300,1670000.0,0.06,0.87,28.38,28.95,12.63,10.33,6.29
海能达,sz002583,10.86,10.86,10.85,183500.0,10.85,4700,10.86,62600,0.0,10.86,10.83,183500,1990000.0,0.01,0.28,139.3,197.5,11.95,9.77,2.28
分众传媒,sz002027,7.32,7.34,7.32,864300.0,7.32,108000,7.33,190800,-0.27,7.34,7.32,864300,6330000.0,0.01,0.27,1057.17,1057.17,8.07,6.61,1.61
赛分科技,sh688758,19.8,19.9,19.9,1918600.0,19.79,2800,19.8,300,-0.5,19.9,19.78,1918600,380000.0,0.01,0.6,59.04,82.46,23.88,15.92,1.05
用友网络,sh600588,14.66,14.79,14.64,750200.0,14.66,600,14.68,600,-0.88,14.73,14.61,750200,10990000.0,0.02,0.81,500.93,500.93,16.27,13.31,3.0
儒竞科技,sz301525,84.51,85.25,84.43,18400.0,84.52,800,84.78,200,-0.87,84.83,84.43,18400,1560000.0,0.04,0.47,41.75,79.7,102.3,68.2,3.5
诺唯赞,sh688105,20.94,20.9,20.89,677600.0,20.95,300,21.09,2100,0.19,21.1,20.89,677600,140000.0,0.0,1.0,83.29,83.29,25.08,16.72,1.77
万孚生物,sz300482,20.32,20.26,20.32,31400.0,20.32,700,20.34,6600,0.3,20.34,20.3,31400,640000.0,0.01,0.2,87.46,95.11,24.31,16.21,1.3
成飞集成,sz002190,35.68,35.74,35.72,54300.0,35.67,12600,35.68,400,-0.17,35.73,35.67,54300,1940000.0,0.02,0.17,127.99,127.99,39.31,32.17,3.38
世茂能源,sh605028,27.22,27.34,27.17,16000.0,27.23,6900,27.27,400,-0.44,27.28,27.17,16000,440000.0,0.01,0.4,43.55,43.55,30.07,24.61,1.58
蔚蓝生物,sh603739,15.56,15.63,15.59,6700.0,15.55,700,15.56,6100,-0.45,15.59,15.55,6700,100000.0,0.0,0.26,39.37,39.37,17.19,14.07,0.25
昊海生科,sh688366,46.36,46.47,46.47,719800.0,46.34,500,46.47,400,-0.24,46.47,46.32,719800,330000.0,0.0,0.32,89.96,106.89,55.76,37.18,2.8
汉桑科技,sz301491,56.3,56.25,56.26,2900.0,56.3,1200,56.44,100,0.09,56.35,56.26,2900,170000.0,0.01,0.16,16.09,72.63,67.5,45.0,0.73
苏 泊 尔,sz002032,44.94,44.9,44.99,16100.0,44.9,200,44.95,200,0.09,45.08,44.91,16100,720000.0,0.0,0.38,359.9,360.13,49.39,40.41,2.51
京仪装备,sh688652,117.42,119.0,118.07,2014700.0,117.4,200,117.42,2100,-1.33,118.07,117.19,2014700,2370000.0,0.02,0.74,141.78,197.27,142.8,95.2,1.04
天壕能源,sz300332,5.4,5.42,5.4,231200.0,5.4,11000,5.41,13800,-0.37,5.4,5.39,231200,1250000.0,0.03,0.18,44.82,46.72,6.5,4.34,4.04
巨力索具,sz002342,15.44,17.15,15.44,4259500.0,0.0,0,15.44,118884700,-9.97,15.44,15.44,4259500,65770000.0,0.45,0.0,147.4,148.22,18.87,15.44,3.28
华强科技,sh688151,21.59,21.53,21.59,2999600.0,21.59,12500,21.61,2400,0.28,21.63,21.59,2999600,650000.0,0.01,0.19,74.38,74.38,25.84,17.22,4.32
哈药股份,sh600664,3.52,3.52,3.52,98900.0,3.51,258000,3.52,237500,0.0,3.52,3.51,98900,350000.0,0.0,0.28,88.65,88.65,3.87,3.17,1.28
杭州园林,sz300649,15.04,15.12,15.14,94200.0,15.04,600,15.11,2700,-0.53,15.15,15.04,94200,1430000.0,0.09,0.73,15.96,19.92,18.14,12.1,10.14
新城控股,sh601155,17.11,17.17,17.24,228200.0,17.11,100,17.17,284500,-0.35,17.24,17.08,228200,3930000.0,0.01,0.93,385.94,385.94,18.89,15.45,2.94
国网信通,sh600131,19.38,19.48,19.41,361700.0,19.39,100,19.4,50100,-0.51,19.48,19.34,361700,7020000.0,0.03,0.72,231.77,232.24,21.43,17.53,3.22
天有为,sh603202,93.11,93.35,93.11,3900.0,93.1,1000,93.11,1200,-0.26,93.12,93.11,3900,360000.0,0.01,0.01,30.97,148.98,102.69,84.02,1.33
正丹股份,sz300641,20.04,20.0,19.93,90800.0,19.99,300,20.03,400,0.2,20.04,19.93,90800,1810000.0,0.02,0.55,105.32,105.32,24.0,16.0,1.63
富春股份,sz300299,7.47,7.49,7.47,900900.0,7.46,18400,7.47,42100,-0.27,7.53,7.46,900900,6740000.0,0.13,0.93,51.48,51.57,8.99,5.99,2.99
创耀科技,sh688259,43.52,43.95,43.52,4031200.0,43.55,5000,43.59,700,-0.98,43.71,43.52,4031200,1760000.0,0.04,0.43,48.61,48.61,52.74,35.16,5.08
佳士科技,sz300193,9.52,9.52,9.58,191400.0,9.51,24500,9.52,22200,0.0,9.58,9.51,191400,1830000.0,0.05,0.74,39.95,45.34,11.42,7.62,2.47
开立医疗,sz300633,26.94,26.88,26.96,14400.0,26.87,500,26.94,9400,0.22,26.96,26.83,14400,390000.0,0.0,0.48,116.57,116.57,32.26,21.5,1.36
泰鸿万立,sh603210,19.36,19.36,19.35,12500.0,19.35,9600,19.36,2000,0.0,19.36,19.35,12500,240000.0,0.02,0.05,14.6,65.9,21.3,17.42,2.49
神农集团,sh605296,27.82,27.69,27.85,6300.0,27.74,300,27.81,200,0.47,27.85,27.82,6300,180000.0,0.0,0.11,144.1,145.99,30.46,24.92,1.04
杰克科技,sh603337,44.0,44.62,44.0,28800.0,44.04,100,44.5,100,-1.39,44.64,44.0,28800,1270000.0,0.01,1.43,208.44,209.62,49.08,40.16,3.2
长城科技,sh603897,26.85,26.99,26.88,9300.0,26.85,1600,26.87,300,-0.52,26.93,26.84,9300,250000.0,0.0,0.33,55.43,55.43,29.69,24.29,0.9
南极电商,sz002127,3.2,3.19,3.2,710500.0,3.2,127500,3.21,44000,0.31,3.21,3.2,710500,2280000.0,0.04,0.31,63.83,78.56,3.51,2.87,3.68
中铁装配,sz300374,16.02,15.96,16.0,15300.0,16.01,1800,16.03,2000,0.38,16.05,15.99,15300,250000.0,0.01,0.38,31.23,39.4,19.15,12.77,0.92
大有能源,sh600403,6.97,7.0,6.99,328900.0,6.96,1500,6.97,22000,-0.43,6.99,6.96,328900,2300000.0,0.01,0.43,166.64,166.64,7.7,6.3,1.94
中国医药,sh600056,10.66,10.66,10.65,53200.0,10.66,31300,10.67,3600,0.0,10.67,10.65,53200,570000.0,0.0,0.19,159.4,159.46,11.73,9.59,0.99
世纪瑞尔,sz300150,5.96,5.96,5.94,206600.0,5.95,500,5.96,197600,0.0,5.96,5.92,206600,1230000.0,0.04,0.67,27.43,34.87,7.15,4.77,2.89
聚灿光电,sz300708,9.94,10.04,10.04,2125300.0,9.92,9200,9.94,69900,-1.0,10.05,9.92,2125300,21290000.0,0.3,1.29,70.58,93.33,12.05,8.03,15.87
承德露露,sz000848,8.48,8.46,8.46,232400.0,8.48,32400,8.49,295600,0.24,8.48,8.46,232400,1970000.0,0.02,0.24,85.75,86.5,9.31,7.61,5.79
紫光国微,sz002049,77.85,78.51,77.86,280000.0,77.82,2700,77.87,800,-0.84,77.98,77.8,280000,21800000.0,0.03,0.23,661.31,661.43,86.36,70.66,4.34
铜牛信息,sz300895,59.17,58.51,57.12,199000.0,59.17,2600,59.25,200,1.13,59.19,57.12,199000,11480000.0,0.14,3.54,81.76,83.31,70.21,46.81,6.19
畅联股份,sh603648,10.48,10.51,10.48,84200.0,10.46,2700,10.48,14600,-0.29,10.5,10.46,84200,880000.0,0.02,0.38,37.98,37.98,11.56,9.46,7.15
湖南海利,sh600731,7.5,7.51,7.5,30600.0,7.49,85500,7.5,18600,-0.13,7.5,7.49,30600,230000.0,0.01,0.13,40.63,41.91,8.26,6.76,0.63
安靠智电,sz300617,47.3,48.38,48.0,276000.0,47.3,4600,47.47,200,-2.23,48.15,47.3,276000,13220000.0,0.2,1.76,65.71,78.38,58.06,38.7,5.11
长源东谷,sh603950,40.78,39.68,38.97,397400.0,40.78,7200,40.8,600,2.77,40.78,38.97,397400,15570000.0,0.12,4.56,131.97,132.18,43.65,35.71,11.17
瑞迈特,sz301367,79.16,79.54,79.47,13900.0,79.06,200,79.14,300,-0.48,79.47,79.05,13900,1100000.0,0.02,0.53,55.37,70.93,95.45,63.63,2.92
洪都航空,sh600316,43.27,43.27,43.27,44700.0,43.16,800,43.19,1400,0.0,43.33,43.01,44700,1930000.0,0.01,0.74,310.3,310.3,47.6,38.94,0.95
英派斯,sz002899,31.21,31.15,31.25,9500.0,31.19,4200,31.2,400,0.19,31.42,31.2,9500,300000.0,0.01,0.71,46.13,46.13,34.27,28.04,0.72
顶点软件,sh603383,36.59,36.58,36.61,12500.0,36.51,600,36.59,200,0.03,36.61,36.5,12500,460000.0,0.01,0.3,75.15,75.15,40.24,32.92,1.29
山东出版,sh601019,9.23,9.27,9.2,82000.0,9.21,600,9.23,24400,-0.43,9.23,9.18,82000,750000.0,0.0,0.54,192.62,192.62,10.2,8.34,1.62
中集车辆,sz301039,10.2,10.24,10.19,188300.0,10.19,2800,10.2,17100,-0.39,10.29,10.19,188300,1920000.0,0.01,0.98,148.15,191.16,12.29,8.19,3.28
金龙机电,sz300032,5.42,5.44,5.43,202600.0,5.41,14200,5.42,4000,-0.37,5.44,5.41,202600,1100000.0,0.03,0.55,43.53,43.53,6.53,4.35,2.02
一汽解放,sz000800,6.94,6.95,6.93,162900.0,6.93,192500,6.94,15200,-0.14,6.95,6.93,162900,1130000.0,0.0,0.29,341.51,341.54,7.65,6.26,3.7
理工能科,sz002322,13.48,13.55,13.5,42500.0,13.47,100,13.48,5800,-0.52,13.5,13.46,42500,570000.0,0.01,0.3,47.37,49.27,14.91,12.2,1.5
金埔园林,sz301098,9.77,9.75,9.75,27200.0,9.76,12500,9.77,3800,0.21,9.78,9.75,27200,270000.0,0.02,0.31,14.62,17.97,11.7,7.8,1.28
透景生命,sz300642,18.74,18.64,18.64,25700.0,18.68,900,18.73,2400,0.54,18.76,18.64,25700,480000.0,0.02,0.64,25.81,30.46,22.37,14.91,2.49
华纬科技,sz001380,23.29,23.51,23.39,82300.0,23.28,100,23.29,600,-0.94,23.39,23.29,82300,1920000.0,0.09,0.43,20.5,63.08,25.86,21.16,8.98
新乳业,sz002946,18.94,18.66,18.85,145300.0,18.95,3600,18.96,16000,1.5,18.95,18.71,145300,2740000.0,0.02,1.29,161.12,163.01,20.53,16.79,6.56
三未信安,sh688489,44.06,44.19,44.0,496600.0,44.53,700,44.7,200,-0.29,44.8,44.0,496600,220000.0,0.0,1.81,50.37,50.76,53.03,35.35,1.83
老百姓,sh603883,15.0,15.01,15.0,80900.0,14.99,4200,15.0,2100,-0.07,15.06,15.0,80900,1210000.0,0.01,0.4,113.83,113.83,16.51,13.51,2.85
绿色动力,sh601330,7.05,7.04,7.05,38800.0,7.04,39200,7.05,28400,0.14,7.05,7.04,38800,270000.0,0.0,0.14,69.73,100.86,7.74,6.34,1.44
天禾股份,sz002999,7.46,7.45,7.45,84200.0,7.45,31600,7.46,5700,0.13,7.46,7.41,84200,630000.0,0.02,0.67,25.64,25.93,8.2,6.71,2.41
ST易购,sz002024,1.57,1.57,1.57,472700.0,1.56,3425200,1.57,220600,0.0,1.57,1.57,472700,740000.0,0.01,0.0,145.29,145.46,1.65,1.49,3.31
铭科精技,sz001319,30.41,30.79,30.64,56000.0,30.41,200,30.42,200,-1.23,30.64,30.41,56000,1710000.0,0.07,0.75,24.94,43.0,33.87,27.71,3.79
新天地,sz301277,12.49,12.49,12.46,28100.0,12.49,1400,12.51,2100,0.0,12.55,12.46,28100,350000.0,0.01,0.72,48.97,48.97,14.99,9.99,2.9
廊坊发展,sh600149,6.07,6.03,6.08,442600.0,6.06,27700,6.07,1100,0.66,6.1,6.04,442600,2690000.0,0.12,1.0,23.08,23.08,6.63,5.43,2.85
华立科技,sz301011,26.63,26.62,26.62,30800.0,26.63,1100,26.64,900,0.04,26.65,26.5,30800,820000.0,0.02,0.56,37.34,41.03,31.94,21.3,1.92
锦龙股份,sz000712,12.93,12.92,12.91,680400.0,12.9,14300,12.93,800,0.08,12.94,12.88,680400,8790000.0,0.08,0.46,115.82,115.85,14.21,11.63,5.88
上海三毛,sh600689,14.14,14.03,14.03,12400.0,14.13,100,14.14,800,0.78,14.15,14.01,12400,170000.0,0.01,1.0,21.52,28.42,15.43,12.63,1.08
开尔新材,sz300234,6.13,6.12,6.12,120100.0,6.12,1900,6.13,14800,0.16,6.14,6.11,120100,740000.0,0.03,0.49,21.09,30.84,7.34,4.9,2.27
华海诚科,sh688535,122.13,121.39,120.62,7744400.0,122.13,1000,122.61,200,0.61,122.6,120.36,7744400,9390000.0,0.15,1.85,64.06,117.26,145.67,97.11,6.77
标榜股份,sz301181,43.21,43.38,43.52,22300.0,43.21,900,43.33,300,-0.39,43.53,43.11,22300,970000.0,0.02,0.97,38.97,49.93,52.06,34.7,3.43
建新股份,sz300107,9.66,8.68,9.15,6769400.0,9.65,2000,9.66,92800,11.29,9.66,9.15,6769400,62910000.0,1.95,5.88,33.55,54.36,10.42,6.94,47.25
江铃汽车,sz000550,18.05,18.05,18.05,30600.0,18.03,300,18.05,400,0.0,18.07,18.02,30600,550000.0,0.01,0.28,93.58,155.81,19.86,16.25,2.74
绿发电力,sz000537,8.73,8.77,8.74,415200.0,8.72,10700,8.73,6100,-0.46,8.77,8.72,415200,3630000.0,0.02,0.57,180.41,180.41,9.65,7.89,5.62
长飞光纤,sh601869,226.0,227.0,225.0,228700.0,226.0,300,226.1,400,-0.44,226.99,223.38,228700,51460000.0,0.06,1.59,918.32,1871.07,249.7,204.3,2.93
贵州轮胎,sz000589,5.1,5.08,5.08,368100.0,5.09,22500,5.1,73500,0.39,5.1,5.08,368100,1870000.0,0.02,0.39,78.4,79.29,5.59,4.57,4.1
超研股份,sz301602,22.22,22.2,22.28,11200.0,22.22,1500,22.26,300,0.09,22.28,22.13,11200,250000.0,0.01,0.68,46.33,95.17,26.64,17.76,1.93
富维股份,sh600742,9.98,9.99,9.96,55000.0,9.98,900,9.99,3800,-0.1,9.99,9.96,55000,550000.0,0.01,0.3,74.16,74.16,10.99,8.99,1.77
新天药业,sz002873,10.47,10.46,10.5,55900.0,10.47,1800,10.48,1300,0.1,10.5,10.45,55900,590000.0,0.02,0.48,24.99,25.56,11.51,9.41,1.2
雅本化学,sz300261,7.05,7.05,7.02,457300.0,7.03,100,7.04,4300,0.0,7.06,7.0,457300,3210000.0,0.05,0.85,66.0,67.91,8.46,5.64,3.64
恒誉环保,sh688309,34.05,33.92,34.05,999700.0,34.02,200,34.05,800,0.38,34.12,34.02,999700,340000.0,0.01,0.29,27.04,27.04,40.7,27.14,1.21
利欧股份,sz002131,8.83,9.08,9.0,63385900.0,8.81,10200,8.83,26100,-2.75,9.0,8.8,63385900,566850000.0,1.08,2.2,516.53,597.95,9.99,8.17,16.09
卧龙电驱,sh600580,43.97,44.13,44.06,238900.0,43.91,200,43.97,16300,-0.36,44.07,43.9,238900,10520000.0,0.02,0.39,684.89,686.86,48.54,39.72,1.59
联合动力,sz301656,26.0,26.02,26.02,13100.0,26.0,1700,26.02,200,-0.08,26.02,26.0,13100,340000.0,0.01,0.08,43.39,625.25,31.22,20.82,1.04
拓邦股份,sz002139,13.07,13.06,13.03,291600.0,13.05,2100,13.06,1600,0.08,13.07,12.99,291600,3800000.0,0.03,0.61,139.98,162.96,14.37,11.75,5.51
华森制药,sz002907,14.74,14.68,14.73,21700.0,14.73,7200,14.74,600,0.41,14.74,14.68,21700,320000.0,0.01,0.41,44.21,61.55,16.15,13.21,1.29
安泰科技,sz000969,23.72,23.92,23.75,322400.0,23.71,900,23.72,900,-0.84,23.78,23.7,322400,7650000.0,0.03,0.33,245.2,249.18,26.31,21.53,3.16
富春染织,sh605189,15.54,15.53,15.48,14100.0,15.49,4200,15.54,2100,0.06,15.54,15.48,14100,220000.0,0.01,0.39,30.16,30.16,17.08,13.98,1.39
千禾味业,sh603027,10.56,10.51,10.55,93500.0,10.57,6400,10.58,600,0.48,10.57,10.55,93500,990000.0,0.01,0.19,131.96,140.78,11.56,9.46,1.19
秋乐种业,bj920087,17.05,16.88,17.0,93100.0,17.05,27300,17.07,1200,1.01,17.07,17.0,93100,1584800.0,0.06,0.41,27.97,28.17,21.94,11.82,3.21
申通地铁,sh600834,8.85,8.83,8.86,17800.0,8.83,500,8.85,8000,0.23,8.86,8.83,17800,160000.0,0.0,0.34,42.25,42.25,9.71,7.95,1.22
达瑞电子,sz300976,60.6,61.03,60.99,28600.0,60.6,300,60.69,200,-0.7,61.0,60.5,28600,1740000.0,0.03,0.82,52.22,81.27,73.24,48.82,6.16
广汇能源,sh600256,5.45,5.53,5.45,2903700.0,5.44,6300,5.45,320900,-1.45,5.46,5.43,2903700,15820000.0,0.05,0.54,348.36,348.36,6.08,4.98,6.85
元道通信,sz301139,19.04,19.03,18.91,88400.0,19.03,1600,19.05,4100,0.05,19.05,18.9,88400,1670000.0,0.12,0.79,14.5,23.15,22.84,15.22,6.83
碧兴物联,sh688671,25.1,24.73,24.73,597000.0,24.85,300,25.1,7700,1.5,25.18,24.73,597000,150000.0,0.01,1.82,11.76,19.71,29.68,19.78,1.32
电科院,sz300215,9.32,9.68,9.38,3038800.0,9.32,59000,9.34,13800,-3.72,9.45,9.32,3038800,28510000.0,0.61,1.34,46.59,69.82,11.62,7.74,10.68
益客食品,sz301116,11.26,11.18,11.24,64300.0,11.25,3800,11.26,6800,0.72,11.28,11.24,64300,720000.0,0.01,0.36,50.55,50.56,13.42,8.94,3.21
鸿特科技,sz300176,7.75,7.82,7.81,364000.0,7.75,22600,7.76,11300,-0.9,7.81,7.75,364000,2830000.0,0.09,0.77,30.01,30.01,9.38,6.26,2.71
国盛证券,sz002670,16.2,16.13,16.18,262500.0,16.2,67100,16.21,700,0.43,16.23,16.18,262500,4250000.0,0.02,0.31,262.98,313.48,17.74,14.52,2.48
时代出版,sh600551,8.62,8.61,8.6,63700.0,8.61,11300,8.62,12900,0.12,8.62,8.59,63700,550000.0,0.01,0.35,58.45,58.45,9.47,7.75,1.15
宝光股份,sh600379,12.91,12.98,12.9,35700.0,12.9,16800,12.91,8600,-0.54,12.91,12.9,35700,460000.0,0.01,0.08,42.63,42.63,14.28,11.68,1.93
智翔金泰-U,sh688443,28.39,28.48,28.4,1860700.0,28.41,100,28.5,200,-0.32,28.41,28.35,1860700,530000.0,0.02,0.21,33.13,104.1,34.18,22.78,1.61
空港股份,sh600463,12.37,12.36,12.29,47700.0,12.37,900,12.38,200,0.08,12.38,12.29,47700,590000.0,0.02,0.73,37.11,37.11,13.6,11.12,1.9
真视通,sz002771,16.16,16.17,16.13,144800.0,16.14,10100,16.16,100,-0.06,16.17,16.0,144800,2330000.0,0.08,1.05,28.2,33.9,17.79,14.55,5.9
常青股份,sh603768,12.17,12.16,12.16,7000.0,12.17,200,12.19,1900,0.08,12.17,12.15,7000,90000.0,0.0,0.16,28.96,28.96,13.38,10.94,0.77
众辰科技,sh603275,49.2,49.42,49.3,6400.0,49.2,500,49.26,2000,-0.45,49.41,49.16,6400,320000.0,0.02,0.51,20.44,73.2,54.36,44.48,0.86
仕净科技,sz301030,15.42,15.74,15.47,201500.0,15.42,900,15.43,100,-2.03,15.5,15.4,201500,3120000.0,0.1,0.64,31.16,31.21,18.89,12.59,2.06
普门科技,sh688389,13.74,13.71,13.74,1691900.0,13.71,5000,13.74,31600,0.22,13.74,13.74,1691900,230000.0,0.0,0.0,58.87,58.87,16.45,10.97,1.65
帝奥微,sh688381,24.8,24.95,24.81,3557900.0,24.74,300,24.8,5000,-0.6,24.87,24.8,3557900,880000.0,0.02,0.28,47.5,61.38,29.94,19.96,2.47
澳华内镜,sh688212,42.71,42.54,42.76,100000.0,42.53,1100,42.71,1100,0.4,42.76,42.71,100000,40000.0,0.0,0.12,57.52,57.52,51.05,34.03,0.19
软通动力,sz301236,47.32,47.78,47.4,343700.0,47.31,6500,47.32,800,-0.96,47.58,47.27,343700,16290000.0,0.04,0.65,370.58,450.93,57.34,38.22,5.7
博雅生物,sz300294,22.28,22.32,22.32,72600.0,22.28,21800,22.3,1200,-0.18,22.36,22.26,72600,1620000.0,0.01,0.45,112.35,112.35,26.78,17.86,6.38
绿城水务,sh601368,5.15,5.16,5.15,79800.0,5.15,14900,5.16,15100,-0.19,5.16,5.15,79800,410000.0,0.01,0.19,45.47,45.47,5.68,4.64,3.13
正川股份,sh603976,20.69,20.69,20.65,19200.0,20.67,400,20.69,3400,0.0,20.69,20.65,19200,400000.0,0.01,0.19,31.28,31.28,22.76,18.62,4.27
广州港,sh601228,3.47,3.47,3.47,298100.0,3.46,105000,3.47,375700,0.0,3.48,3.46,298100,1030000.0,0.0,0.58,261.8,261.8,3.82,3.12,2.46
泰林生物,sz300813,25.43,25.42,25.52,21300.0,25.44,1700,25.5,1000,0.04,25.67,25.42,21300,550000.0,0.03,0.98,19.34,30.82,30.5,20.34,2.57
引力传媒,sh603598,29.33,29.3,29.2,1054200.0,29.33,300,29.34,200,0.1,29.59,29.2,1054200,30850000.0,0.39,1.33,78.97,79.06,32.23,26.37,4.56
ST东尼,sh603595,16.66,16.67,16.67,17500.0,16.66,10400,16.67,100,-0.06,16.67,16.66,17500,290000.0,0.01,0.06,38.72,38.72,17.5,15.84,2.37
中坚科技,sz002779,99.42,99.35,100.62,55900.0,99.41,300,99.42,500,0.07,100.62,99.4,55900,5610000.0,0.03,1.23,164.85,183.73,109.29,89.42,5.59
金固股份,sz002488,12.9,12.91,12.92,278800.0,12.9,24700,12.92,12900,-0.08,12.95,12.9,278800,3600000.0,0.03,0.39,118.69,128.41,14.2,11.62,2.05
春光科技,sh603657,28.88,28.88,28.88,1800.0,28.88,3300,29.05,3600,0.0,28.89,28.88,1800,50000.0,0.0,0.03,39.04,39.04,31.77,25.99,0.32
国邦医药,sh605507,29.02,28.95,29.0,28300.0,28.98,200,29.02,9800,0.24,29.1,28.98,28300,820000.0,0.01,0.41,162.17,162.17,31.85,26.06,1.35
睿智医药,sz300149,11.14,11.1,11.15,31100.0,11.13,200,11.14,1100,0.36,11.15,11.1,31100,350000.0,0.01,0.45,52.87,55.47,13.32,8.88,0.66
方盛制药,sh603998,12.47,12.48,12.45,20900.0,12.47,400,12.5,1500,-0.08,12.51,12.45,20900,260000.0,0.0,0.48,54.75,54.75,13.73,11.23,0.38
东睦股份,sh600114,33.48,33.58,33.61,258000.0,33.48,17200,33.49,1200,-0.3,33.61,33.44,258000,8660000.0,0.04,0.51,206.37,211.39,36.94,30.22,4.95
凯盛新能,sh600876,11.11,11.13,11.13,33300.0,11.08,6000,11.11,10900,-0.18,11.13,11.08,33300,370000.0,0.01,0.45,43.96,71.73,12.24,10.02,1.26
兴福电子,sh688545,55.8,56.15,56.09,3698700.0,55.66,4900,55.8,800,-0.62,56.09,55.66,3698700,2070000.0,0.02,0.77,101.7,200.88,67.38,44.92,1.08
丰茂股份,sz301459,42.93,43.06,43.06,3200.0,42.9,100,43.05,300,-0.3,43.28,42.93,3200,140000.0,0.01,0.81,11.2,44.7,51.67,34.45,0.46
中山公用,sz000685,12.04,12.1,12.05,120500.0,12.04,20800,12.05,13600,-0.5,12.07,12.04,120500,1450000.0,0.01,0.25,150.98,177.6,13.31,10.89,2.42
ST宏达,sz002211,3.58,3.6,3.58,75600.0,3.57,132400,3.58,8700,-0.56,3.58,3.57,75600,270000.0,0.02,0.28,15.48,15.48,3.78,3.42,2.39
骏成科技,sz301106,32.92,32.81,33.03,14500.0,32.85,1000,32.92,1100,0.34,33.05,32.88,14500,480000.0,0.01,0.52,33.62,33.62,39.37,26.25,3.07
海能实业,sz300787,13.19,13.26,13.2,63800.0,13.17,5200,13.18,700,-0.53,13.2,13.16,63800,840000.0,0.03,0.3,25.19,41.34,15.91,10.61,1.92
奥泰生物,sh688606,69.32,69.23,69.18,547100.0,69.32,1800,69.43,500,0.13,69.45,69.18,547100,380000.0,0.01,0.39,54.96,54.96,83.08,55.38,4.82
中策橡胶,sh603049,54.72,54.82,54.81,11600.0,54.71,600,54.72,900,-0.18,54.81,54.72,11600,640000.0,0.01,0.16,47.85,478.52,60.3,49.34,1.33
安培龙,sz301413,164.2,165.17,164.31,33800.0,164.26,400,164.3,1300,-0.59,164.48,164.01,33800,5550000.0,0.06,0.28,96.47,161.58,198.2,132.14,1.68
ST远智,sz002689,4.03,4.02,4.01,502800.0,4.03,14000,4.04,33100,0.25,4.05,4.01,502800,2020000.0,0.05,1.0,42.03,42.05,4.22,3.82,5.37
丰倍生物,sh603334,54.11,53.52,54.58,48000.0,53.88,200,54.11,100,1.1,54.65,53.55,48000,2610000.0,0.15,2.06,16.8,77.65,58.87,48.17,2.14
丰原药业,sz000153,6.58,6.58,6.6,25000.0,6.58,6900,6.6,17200,0.0,6.6,6.58,25000,160000.0,0.01,0.3,30.19,30.58,7.24,5.92,0.93
深圳华强,sz000062,24.35,24.43,24.4,129700.0,24.34,200,24.35,5800,-0.33,24.43,24.35,129700,3160000.0,0.01,0.33,254.44,254.68,26.87,21.99,4.85
永新光学,sh603297,117.1,117.09,117.1,5400.0,116.2,2100,117.1,800,0.01,117.1,116.16,5400,630000.0,0.0,0.8,129.66,129.91,128.8,105.38,0.97
弘信电子,sz300657,33.1,33.35,32.85,723600.0,33.1,4400,33.17,500,-0.75,33.17,32.78,723600,23800000.0,0.15,1.17,155.94,159.73,40.02,26.68,6.09
维海德,sz301318,30.58,30.28,30.35,10600.0,30.57,300,30.58,700,0.99,30.69,30.35,10600,320000.0,0.01,1.12,27.15,41.37,36.34,24.22,1.66
三花智控,sz002050,52.01,52.67,52.15,1612700.0,52.01,33900,52.02,37500,-1.25,52.15,52.01,1612700,84050000.0,0.04,0.27,1916.15,2188.59,57.94,47.4,3.25
*ST佳沃,sz300268,13.42,13.5,13.41,9800.0,13.44,3600,13.56,600,-0.59,13.42,13.41,9800,130000.0,0.01,0.07,17.94,23.38,16.2,10.8,1.5
德固特,sz300950,24.43,24.43,24.34,17100.0,24.36,200,24.41,100,0.0,24.43,24.3,17100,420000.0,0.02,0.53,22.22,37.39,29.32,19.54,1.61
国新能源,sh600617,3.06,3.05,3.06,162200.0,3.06,50700,3.07,419100,0.33,3.07,3.06,162200,500000.0,0.01,0.33,54.33,59.03,3.36,2.75,1.69
蓝盾光电,sz300862,23.42,23.5,23.36,26300.0,23.4,1100,23.42,2500,-0.34,23.47,23.33,26300,620000.0,0.02,0.6,35.47,43.24,28.2,18.8,1.61
梦百合,sh603313,9.43,9.39,9.43,35300.0,9.42,1900,9.43,10800,0.43,9.43,9.41,35300,330000.0,0.01,0.21,53.81,53.81,10.33,8.45,0.71
城市传媒,sh600229,6.85,6.79,6.75,151100.0,6.78,21100,6.85,3600,0.88,6.85,6.75,151100,1020000.0,0.02,1.47,45.26,45.26,7.47,6.11,3.22
富满微,sz300671,50.68,51.41,50.97,213700.0,50.68,27500,50.72,500,-1.42,51.18,50.68,213700,10880000.0,0.1,0.97,111.87,112.2,61.69,41.13,2.51
掌趣科技,sz300315,6.26,6.26,6.25,2126900.0,6.26,52000,6.27,5200,0.0,6.28,6.23,2126900,13300000.0,0.08,0.8,161.7,169.5,7.51,5.01,2.06
浙江力诺,sz300838,16.47,16.55,16.54,66100.0,16.42,600,16.47,3300,-0.48,16.57,16.42,66100,1090000.0,0.06,0.91,16.76,22.72,19.86,13.24,6.26
中视传媒,sh600088,18.35,18.08,18.13,276900.0,18.31,400,18.33,900,1.49,18.47,18.13,276900,5050000.0,0.07,1.88,72.98,72.98,19.89,16.27,3.9
回盛生物,sz300871,26.82,26.86,26.71,80300.0,26.81,1200,26.82,400,-0.15,26.82,26.63,80300,2150000.0,0.04,0.71,54.27,54.27,32.23,21.49,1.55
中国科传,sh601858,22.1,22.13,21.94,208900.0,22.1,31600,22.12,11700,-0.14,22.13,21.94,208900,4600000.0,0.03,0.86,174.7,174.7,24.34,19.92,2.79
洪兴股份,sz001209,24.01,24.46,24.58,85600.0,24.18,100,24.34,600,-1.84,24.58,23.94,85600,2070000.0,0.09,2.62,23.07,31.58,26.91,22.01,2.13
海兰信,sz300065,27.6,26.95,27.07,3387100.0,27.6,11100,27.63,14200,2.41,27.69,27.07,3387100,92420000.0,0.52,2.3,181.3,199.14,32.34,21.56,4.31
西高院,sh688334,24.35,24.52,24.4,1014200.0,24.35,900,24.39,7800,-0.69,24.4,24.31,1014200,250000.0,0.01,0.37,38.21,77.09,29.42,19.62,0.56
万马股份,sz002276,17.45,17.59,17.5,858100.0,17.45,148300,17.47,1100,-0.8,17.5,17.41,858100,14990000.0,0.09,0.51,175.77,176.43,19.35,15.83,5.97
开开实业,sh600272,13.68,13.65,13.7,8200.0,13.68,600,13.69,200,0.22,13.7,13.68,8200,110000.0,0.01,0.15,21.89,35.93,15.02,12.29,0.67
王力安防,sh605268,11.43,11.42,11.42,13700.0,11.44,100,11.45,6400,0.09,11.45,11.41,13700,160000.0,0.0,0.35,50.03,51.01,12.56,10.28,0.8
尖峰集团,sh600668,11.53,11.52,11.5,126800.0,11.53,5300,11.58,2200,0.09,11.58,11.48,126800,1460000.0,0.03,0.87,47.61,47.61,12.67,10.37,2.3
光线传媒,sz300251,24.09,23.59,23.9,9734000.0,24.09,6600,24.12,20700,2.12,24.12,23.76,9734000,233040000.0,0.35,1.53,668.59,706.7,28.31,18.87,7.39
亚虹医药-U,sh688176,12.07,12.05,12.09,1844400.0,12.07,1400,12.08,4400,0.17,12.09,12.06,1844400,220000.0,0.0,0.25,52.59,68.94,14.46,9.64,0.8
壹连科技,sz301631,97.35,97.84,97.83,3100.0,97.35,300,97.41,100,-0.5,97.84,97.35,3100,300000.0,0.01,0.5,29.89,88.99,117.41,78.27,0.86
*ST华微,sh600360,9.06,9.1,9.09,397600.0,9.06,40100,9.09,116700,-0.44,9.09,9.06,397600,3610000.0,0.04,0.33,87.0,87.0,9.56,8.65,8.07
珠城科技,sz301280,59.03,58.95,59.0,7000.0,58.98,300,59.07,100,0.14,59.36,58.98,7000,410000.0,0.02,0.64,23.69,80.74,70.74,47.16,0.99
明阳科技,bj920663,16.63,16.67,16.71,8400.0,16.63,500,16.71,2800,-0.24,16.82,16.63,8400,140500.0,0.01,1.14,10.66,22.21,21.67,11.67,3.69
爱玛科技,sh603529,29.49,29.51,29.51,26900.0,29.49,600,29.5,500,-0.07,29.51,29.48,26900,790000.0,0.0,0.1,249.95,256.31,32.46,26.56,1.38
新华百货,sh600785,20.84,20.55,20.9,233400.0,20.76,2200,20.78,400,1.41,20.93,20.65,233400,4870000.0,0.1,1.36,47.02,47.02,22.61,18.5,1.69
金百泽,sz301041,28.85,29.02,28.94,24200.0,28.85,1600,28.93,2900,-0.59,29.04,28.85,24200,700000.0,0.03,0.65,22.77,30.78,34.82,23.22,2.12
登海种业,sz002041,10.36,10.27,10.3,337900.0,10.35,1300,10.36,18800,0.88,10.37,10.3,337900,3490000.0,0.04,0.68,91.17,91.17,11.3,9.24,2.32
京华激光,sh603607,25.08,24.83,24.8,142900.0,25.1,1800,25.12,3300,1.01,25.29,24.8,142900,3560000.0,0.08,1.97,44.77,44.77,27.31,22.35,3.27
东南电子,sz301359,22.08,22.19,22.09,25800.0,21.99,4200,22.08,4300,-0.5,22.2,21.98,25800,570000.0,0.04,0.99,15.1,26.53,26.63,17.75,4.28
锦波生物,bj920982,219.01,218.51,218.81,3800.0,219.01,600,220.32,800,0.23,220.43,218.81,3800,836100.0,0.01,0.74,120.25,252.0,284.06,152.96,1.55
誉衡药业,sz002437,3.37,3.37,3.37,414500.0,3.37,79500,3.38,76000,0.0,3.38,3.36,414500,1400000.0,0.02,0.59,70.74,75.22,3.71,3.03,1.72
春秋电子,sh603890,15.29,15.34,15.25,94200.0,15.26,500,15.29,3800,-0.33,15.34,15.25,94200,1440000.0,0.02,0.59,68.32,68.32,16.87,13.81,2.39
康冠科技,sz001308,21.98,22.09,22.09,15500.0,21.96,300,21.98,100,-0.5,22.1,21.98,15500,340000.0,0.0,0.54,109.17,154.67,24.3,19.88,1.77
国能日新,sz301162,75.01,73.92,73.11,92800.0,75.01,1100,75.2,4300,1.47,75.01,73.11,92800,6850000.0,0.11,2.57,63.93,99.45,88.7,59.14,4.95
保利发展,sh600048,6.83,6.81,6.83,2382300.0,6.82,199900,6.83,900,0.29,6.85,6.81,2382300,16260000.0,0.02,0.59,817.58,817.58,7.49,6.13,3.52
南兴股份,sz002757,25.09,25.67,24.8,1834900.0,25.09,2100,25.1,4200,-2.26,25.1,24.78,1834900,45600000.0,0.65,1.25,70.77,74.13,28.24,23.1,10.74
德尔玛,sz301332,9.84,9.81,9.86,34300.0,9.84,1900,9.86,32900,0.31,9.86,9.83,34300,340000.0,0.01,0.31,26.07,45.42,11.77,7.85,2.34
盛通股份,sz002599,8.39,8.32,8.33,258400.0,8.39,20200,8.4,24300,0.84,8.39,8.33,258400,2160000.0,0.06,0.72,33.39,44.69,9.15,7.49,2.96
赛意信息,sz300687,22.53,22.6,22.58,142200.0,22.51,20500,22.53,9900,-0.31,22.58,22.42,142200,3200000.0,0.04,0.71,74.14,92.02,27.12,18.08,2.72
雪浪环境,sz300385,11.07,11.1,11.15,355900.0,11.07,2400,11.09,1600,-0.27,11.2,11.0,355900,3960000.0,0.12,1.8,32.18,36.88,13.32,8.88,3.93
能之光,bj920056,27.27,27.39,27.36,13300.0,27.25,1300,27.35,600,-0.44,27.36,27.27,13300,363100.0,0.04,0.33,8.41,22.28,35.6,19.18,1.61
浙数文化,sh600633,15.88,16.08,15.87,711200.0,15.86,6900,15.87,1100,-1.24,15.89,15.85,711200,11290000.0,0.06,0.25,201.37,201.37,17.69,14.47,2.57
英可瑞,sz300713,18.09,18.19,18.04,90300.0,18.08,800,18.09,5200,-0.55,18.18,18.04,90300,1630000.0,0.1,0.77,16.12,28.71,21.83,14.55,8.59
帝尔激光,sz300776,91.87,92.44,90.84,167700.0,91.87,5200,91.99,100,-0.62,92.15,90.84,167700,15290000.0,0.1,1.42,154.38,251.73,110.93,73.95,3.75
天孚通信,sz300394,324.2,330.0,323.56,817800.0,323.72,3200,324.0,4000,-1.76,328.0,322.0,817800,265120000.0,0.11,1.82,2515.31,2520.38,396.0,264.0,4.41
荣晟环保,sh603165,13.79,13.85,13.83,38700.0,13.78,400,13.79,7300,-0.43,13.83,13.72,38700,530000.0,0.01,0.79,37.04,37.04,15.24,12.47,1.03
中金公司,sh601995,34.85,34.81,34.84,76100.0,34.85,3600,34.86,400,0.11,34.89,34.84,76100,2650000.0,0.0,0.14,1018.85,1682.3,38.29,31.33,1.0
科陆电子,sz002121,8.6,8.7,8.58,810900.0,8.6,10800,8.64,8000,-1.15,8.65,8.57,810900,6990000.0,0.06,0.92,120.39,142.83,9.57,7.83,4.79
盈趣科技,sz002925,21.78,21.91,21.79,249200.0,21.78,8200,21.79,16600,-0.59,21.9,21.77,249200,5430000.0,0.03,0.59,159.22,168.07,24.1,19.72,3.77
湘佳股份,sz002982,14.35,14.29,14.27,103700.0,14.34,5800,14.35,400,0.42,14.35,14.27,103700,1480000.0,0.08,0.56,18.64,29.16,15.72,12.86,7.92
美锦能源,sz000723,4.86,4.86,4.86,1030100.0,4.85,338600,4.86,14300,0.0,4.87,4.84,1030100,5010000.0,0.02,0.62,213.62,214.01,5.35,4.37,2.47
三友联众,sz300932,13.71,13.84,13.82,385800.0,13.71,3000,13.72,8400,-0.94,13.82,13.68,385800,5320000.0,0.17,1.01,31.26,43.89,16.61,11.07,4.65
奥普特,sh688686,119.33,119.4,119.4,631200.0,118.88,500,118.94,100,-0.06,120.33,119.33,631200,750000.0,0.01,0.84,145.86,145.86,143.28,95.52,1.67
深深房Ａ,sz000029,23.03,23.09,23.03,42300.0,23.03,2900,23.06,100,-0.26,23.17,23.0,42300,970000.0,0.0,0.74,205.35,232.99,25.4,20.78,1.08
山大电力,sz301609,48.02,48.46,48.4,61100.0,48.02,13900,48.05,400,-0.91,48.4,48.02,61100,2950000.0,0.17,0.78,17.6,78.21,58.15,38.77,6.16
天海防务,sz300008,9.05,8.92,8.97,3211200.0,9.05,45700,9.08,16600,1.46,9.08,8.96,3211200,28910000.0,0.19,1.35,149.08,156.39,10.7,7.14,5.35
星昊医药,bj920017,18.82,18.81,18.8,9000.0,18.82,400,18.87,500,0.05,18.82,18.8,9000,169800.0,0.01,0.11,23.24,23.49,24.45,13.17,1.83
三星医疗,sh601567,24.66,24.85,24.7,377100.0,24.62,500,24.66,5100,-0.76,24.7,24.61,377100,9310000.0,0.03,0.36,346.52,346.52,27.34,22.37,4.3
九典制药,sz300705,15.52,15.55,15.58,85200.0,15.53,2400,15.54,1900,-0.19,15.59,15.52,85200,1330000.0,0.02,0.45,57.26,77.65,18.66,12.44,4.98
九菱科技,bj920505,49.82,50.0,49.86,36800.0,49.82,9100,49.85,1700,-0.36,49.97,49.5,36800,1833100.0,0.1,0.94,17.98,32.32,65.0,35.0,3.98
润都股份,sz002923,15.84,15.81,15.87,130100.0,15.82,3100,15.84,21500,0.19,15.98,15.82,130100,2070000.0,0.05,1.01,40.88,53.05,17.39,14.23,3.06
江苏神通,sz002438,19.29,19.49,19.6,758200.0,19.28,6700,19.29,7300,-1.03,19.69,19.28,758200,14830000.0,0.16,2.1,90.45,97.9,21.44,17.54,3.6
埃斯顿,sz002747,24.18,24.37,24.26,244500.0,24.16,1700,24.18,100,-0.78,24.31,24.1,244500,5920000.0,0.03,0.86,189.19,210.61,26.81,21.93,4.35
天娱数科,sz002354,7.34,7.32,7.33,2151000.0,7.34,74500,7.35,48600,0.27,7.37,7.3,2151000,15770000.0,0.13,0.96,119.34,121.45,8.05,6.59,3.64
捷强装备,sz300875,43.68,43.55,43.6,49000.0,43.61,600,43.68,200,0.3,43.95,43.6,49000,2140000.0,0.06,0.8,38.35,43.61,52.26,34.84,1.87
赛升药业,sz300485,11.37,11.31,11.3,43900.0,11.36,4200,11.37,2800,0.53,11.37,11.29,43900,500000.0,0.02,0.71,31.13,54.77,13.57,9.05,1.12
兴森科技,sz002436,22.57,22.76,22.6,891900.0,22.56,6800,22.57,45200,-0.83,22.68,22.56,891900,20160000.0,0.06,0.53,340.92,383.62,25.04,20.48,3.79
宝馨科技,sz002514,5.21,5.25,5.25,313600.0,5.2,88000,5.21,53200,-0.76,5.27,5.21,313600,1640000.0,0.06,1.14,28.87,37.51,5.78,4.73,1.66
广弘控股,sz000529,6.11,6.09,6.11,154100.0,6.1,14400,6.11,4000,0.33,6.14,6.08,154100,940000.0,0.03,0.99,34.82,35.67,6.7,5.48,5.0
振邦智能,sz003028,31.18,31.15,31.15,4900.0,31.16,2200,31.18,1500,0.1,31.25,31.15,4900,150000.0,0.01,0.32,21.99,45.12,34.27,28.04,0.85
华兰生物,sz002007,15.4,15.42,15.39,143600.0,15.39,4000,15.4,4500,-0.13,15.4,15.37,143600,2210000.0,0.01,0.19,242.35,281.43,16.96,13.88,3.53
常润股份,sh603201,17.83,17.83,17.76,7800.0,17.77,1600,17.83,2900,0.0,17.83,17.76,7800,140000.0,0.0,0.39,33.58,33.87,19.61,16.05,1.35
广东鸿图,sz002101,12.25,12.25,12.28,120900.0,12.23,4100,12.25,13600,0.0,12.3,12.25,120900,1480000.0,0.02,0.41,81.12,81.39,13.48,11.03,6.39
江苏金租,sh600901,6.44,6.42,6.46,248000.0,6.43,5200,6.44,5400,0.31,6.46,6.43,248000,1600000.0,0.0,0.47,372.91,373.0,7.06,5.78,2.38
东方生物,sh688298,24.52,24.58,24.58,640700.0,24.52,0,24.54,6300,-0.24,24.58,24.52,640700,160000.0,0.0,0.24,49.43,49.43,29.5,19.66,0.75
奥 特 迅,sz002227,9.88,9.8,9.85,73900.0,9.88,2400,9.89,5600,0.82,9.94,9.85,73900,730000.0,0.03,0.92,24.3,24.48,10.78,8.82,2.91
大千生态,sh603955,28.0,28.22,28.1,4200.0,28.02,400,28.09,2600,-0.78,28.2,28.0,4200,120000.0,0.0,0.71,38.0,38.0,31.04,25.4,0.99
慧博云通,sz301316,45.29,45.46,45.2,155100.0,45.22,1000,45.29,200,-0.37,45.33,44.9,155100,7000000.0,0.04,0.95,181.16,182.97,54.55,36.37,5.88
通达动力,sz002576,18.58,18.63,18.53,71500.0,18.56,800,18.58,3600,-0.27,18.68,18.53,71500,1330000.0,0.04,0.81,30.1,30.68,20.49,16.77,2.82
渝三峡Ａ,sz000565,8.39,8.42,8.35,84200.0,8.39,1700,8.41,2200,-0.36,8.41,8.35,84200,700000.0,0.02,0.71,36.38,36.38,9.26,7.58,0.97
远光软件,sz002063,6.75,6.77,6.75,705700.0,6.75,155000,6.76,39600,-0.3,6.76,6.72,705700,4760000.0,0.04,0.59,119.05,128.93,7.45,6.09,3.38
凯伦股份,sz300715,12.23,12.25,12.46,51600.0,12.23,1400,12.25,4000,-0.16,12.46,12.22,51600,630000.0,0.02,1.96,40.87,46.24,14.7,9.8,2.06
密尔克卫,sh603713,66.29,66.62,66.66,9700.0,66.29,300,66.49,400,-0.5,66.66,65.88,9700,650000.0,0.01,1.17,104.82,104.82,73.28,59.96,1.15
三木集团,sz000632,5.02,4.99,5.0,238100.0,5.01,3300,5.02,12500,0.6,5.02,5.0,238100,1190000.0,0.05,0.4,23.37,23.37,5.49,4.49,2.31
寿仙谷,sh603896,20.69,20.73,20.72,21000.0,20.68,5100,20.69,2400,-0.19,20.72,20.69,21000,430000.0,0.01,0.14,41.02,41.02,22.8,18.66,1.36
阳普医疗,sz300030,8.21,8.2,8.24,37600.0,8.21,4300,8.22,1400,0.12,8.26,8.21,37600,310000.0,0.01,0.61,22.35,25.38,9.84,6.56,1.55
舒华体育,sh605299,12.02,12.02,11.98,38900.0,12.01,6600,12.02,1400,0.0,12.02,11.98,38900,470000.0,0.01,0.33,49.19,49.19,13.22,10.82,0.93
酒鬼酒,sz000799,53.59,52.99,53.3,160500.0,53.59,1400,53.6,5100,1.13,53.6,53.3,160500,8570000.0,0.05,0.57,174.11,174.13,58.29,47.69,3.04
并行科技,bj920493,186.8,191.87,183.13,187200.0,186.8,1000,187.13,100,-2.64,187.48,183.1,187200,34421100.0,0.43,2.28,81.81,111.54,249.43,134.31,11.77
康惠股份,sh603139,23.67,23.76,23.59,11000.0,23.71,400,23.8,200,-0.38,23.67,23.59,11000,260000.0,0.01,0.34,23.64,23.64,26.14,21.38,1.22
亚通股份,sh600692,7.95,7.96,7.95,59100.0,7.95,15900,7.98,9000,-0.13,7.96,7.94,59100,470000.0,0.02,0.25,20.27,27.97,8.76,7.16,1.67
明德生物,sz002932,18.8,18.75,18.75,8200.0,18.81,300,18.82,4700,0.27,18.83,18.75,8200,150000.0,0.01,0.43,29.34,43.71,20.63,16.88,1.04
ST联合,sh600358,6.14,6.16,6.15,76500.0,6.14,17300,6.15,300,-0.32,6.15,6.14,76500,470000.0,0.02,0.16,31.0,31.0,6.47,5.85,3.45
誉辰智能,sh688638,40.95,40.86,40.93,664000.0,40.93,1400,40.95,1000,0.22,40.95,40.87,664000,270000.0,0.03,0.2,10.84,22.93,49.03,32.69,2.4
长信科技,sz300088,6.53,6.57,6.54,623500.0,6.53,311000,6.54,7200,-0.61,6.57,6.53,623500,4080000.0,0.03,0.61,162.3,163.1,7.88,5.26,2.8
研奥股份,sz300923,29.08,29.12,29.0,8200.0,29.05,500,29.09,200,-0.14,29.12,29.0,8200,240000.0,0.01,0.41,22.24,22.86,34.94,23.3,1.54
华阳变速,bj920146,8.25,8.24,8.24,5000.0,8.25,4700,8.29,9900,0.12,8.25,8.24,5000,41100.0,0.0,0.12,8.84,11.14,10.71,5.77,1.0
ST人福,sh600079,18.95,18.93,18.95,146900.0,18.95,19900,18.97,5200,0.11,18.97,18.93,146900,2780000.0,0.01,0.21,292.43,309.31,19.88,17.98,2.31
金牛化工,sh600722,9.2,9.31,9.31,2429900.0,9.15,5300,9.2,4800,-1.18,9.32,9.15,2429900,22560000.0,0.36,1.83,62.59,62.59,10.24,8.38,5.12
裕兴股份,sz300305,6.65,6.69,6.69,62900.0,6.65,18700,6.68,1300,-0.6,6.69,6.65,62900,420000.0,0.02,0.6,21.38,24.96,8.03,5.35,1.73
二六三,sz002467,7.33,7.15,7.29,6922900.0,7.31,13200,7.33,45500,2.52,7.39,7.24,6922900,50700000.0,0.51,2.1,100.19,100.81,7.87,6.44,7.24
江南化工,sz002226,6.13,6.12,6.12,320800.0,6.11,63200,6.13,500,0.16,6.14,6.11,320800,1960000.0,0.01,0.49,162.38,162.38,6.73,5.51,3.42
因赛集团,sz300781,48.3,47.82,48.15,269300.0,48.3,1300,48.44,3800,1.0,48.45,48.15,269300,12990000.0,0.22,0.63,58.52,79.3,57.38,38.26,3.39
金明精机,sz300281,7.72,7.71,7.76,110700.0,7.72,2200,7.73,1300,0.13,7.76,7.71,110700,860000.0,0.03,0.65,30.67,32.34,9.25,6.17,5.39
华电辽能,sh600396,3.13,3.14,3.14,89400.0,3.13,133500,3.14,158000,-0.32,3.14,3.13,89400,280000.0,0.01,0.32,46.1,46.1,3.45,2.83,1.4
海伦哲,sz300201,8.47,8.5,8.43,560300.0,8.46,600,8.47,3100,-0.35,8.52,8.39,560300,4730000.0,0.06,1.53,85.02,85.47,10.2,6.8,4.17
星辉娱乐,sz300043,6.75,6.75,6.75,1025400.0,6.75,1200,6.76,105800,0.0,6.76,6.73,1025400,6920000.0,0.08,0.44,83.94,83.98,8.1,5.4,1.64
恩威医药,sz301331,29.28,29.21,29.17,17800.0,29.18,2000,29.27,300,0.24,29.29,29.17,17800,520000.0,0.02,0.41,30.07,30.13,35.05,23.37,1.09
雷特科技,bj920110,37.44,37.4,37.44,100.0,37.3,700,37.43,900,0.11,37.44,37.44,100,3700.0,0.0,0.0,6.08,14.6,48.62,26.18,0.12
三全食品,sz002216,11.66,11.59,11.6,236900.0,11.66,11200,11.67,12900,0.6,11.67,11.59,236900,2750000.0,0.04,0.69,73.49,102.51,12.75,10.43,4.83
夏厦精密,sz001306,82.88,83.47,83.45,19700.0,82.88,400,82.9,100,-0.71,83.88,82.88,19700,1650000.0,0.13,1.2,12.85,52.09,91.82,75.12,6.13
宁波精达,sh603088,12.45,12.76,12.64,2105200.0,12.43,12500,12.51,2100,-2.43,12.64,12.43,2105200,26550000.0,0.48,1.65,54.52,62.55,14.04,11.48,34.63
中国国航,sh601111,8.68,8.64,8.69,430100.0,8.67,8300,8.68,15300,0.46,8.7,8.67,430100,3740000.0,0.0,0.35,1010.19,1514.52,9.5,7.78,1.3
江苏博云,sz301003,50.24,50.45,50.67,40300.0,50.17,300,50.33,400,-0.42,50.97,50.24,40300,2040000.0,0.05,1.45,37.75,48.8,60.54,40.36,3.73
气派科技,sh688216,31.03,31.25,31.0,2018600.0,31.05,1000,31.12,2900,-0.7,31.19,31.0,2018600,630000.0,0.02,0.61,32.98,33.16,37.5,25.0,1.22
云赛智联,sh600602,22.07,22.44,22.02,2016600.0,22.07,8900,22.18,20100,-1.65,22.2,21.96,2016600,44410000.0,0.19,1.07,237.1,301.85,24.68,20.2,7.79
茂化实华,sz000637,4.78,4.76,4.79,339000.0,4.76,105900,4.77,200,0.42,4.81,4.77,339000,1620000.0,0.09,0.84,17.43,24.85,5.24,4.28,6.75
游族网络,sz002174,11.53,11.52,11.49,198700.0,11.53,35300,11.54,3900,0.09,11.55,11.49,198700,2290000.0,0.02,0.52,112.91,112.97,12.67,10.37,1.64
英思特,sz301622,69.58,69.85,69.2,30000.0,69.33,200,69.59,5300,-0.39,69.69,69.17,30000,2080000.0,0.05,0.74,43.71,80.67,83.82,55.88,3.25
唐人神,sz002567,4.33,4.33,4.33,138000.0,4.32,185400,4.33,182500,0.0,4.34,4.33,138000,600000.0,0.01,0.23,61.98,62.05,4.76,3.9,1.88
我爱我家,sz000560,3.3,3.32,3.29,2834800.0,3.3,246900,3.31,168800,-0.6,3.32,3.28,2834800,9340000.0,0.13,1.2,74.45,77.73,3.65,2.99,4.29
冠中生态,sz300948,22.41,22.48,22.16,136000.0,22.41,2300,22.42,800,-0.31,22.6,22.1,136000,3020000.0,0.09,2.22,33.67,35.74,26.98,17.98,3.23
开润股份,sz300577,20.96,20.92,20.92,3300.0,20.96,1600,20.97,1500,0.19,20.97,20.86,3300,70000.0,0.0,0.53,29.8,50.27,25.1,16.74,0.66
神开股份,sz002278,13.48,13.53,13.5,192700.0,13.48,22900,13.5,4900,-0.37,13.52,13.48,192700,2600000.0,0.06,0.3,45.02,52.58,14.88,12.18,1.38
北巴传媒,sh600386,4.46,4.48,4.47,127200.0,4.45,329100,4.46,152600,-0.45,4.48,4.45,127200,570000.0,0.02,0.67,35.97,35.97,4.93,4.03,1.73
曼卡龙,sz300945,18.39,18.51,18.43,306000.0,18.39,7400,18.4,3100,-0.65,18.55,18.29,306000,5630000.0,0.13,1.4,43.84,48.19,22.21,14.81,3.98
洲际油气,sh600759,4.95,5.1,5.0,26316800.0,4.94,187200,4.95,36600,-2.94,5.04,4.94,26316800,131450000.0,0.64,1.96,205.11,205.38,5.61,4.59,9.3
恒锋信息,sz300605,16.48,16.41,16.33,57300.0,16.45,2300,16.48,4900,0.43,16.6,16.33,57300,940000.0,0.05,1.65,19.69,27.21,19.69,13.13,3.16
润丰股份,sz301035,82.35,83.6,82.79,27900.0,82.28,1200,82.35,300,-1.5,83.54,82.35,27900,2310000.0,0.01,1.42,230.86,231.21,100.32,66.88,6.09
国创高新,sz002377,3.55,3.54,3.55,261300.0,3.55,50200,3.56,200,0.28,3.55,3.52,261300,930000.0,0.03,0.85,30.97,32.53,3.89,3.19,1.93
南山智尚,sz300918,17.3,17.39,17.35,111200.0,17.28,3800,17.3,2200,-0.52,17.39,17.29,111200,1930000.0,0.02,0.58,87.56,87.56,20.87,13.91,2.14
扬州金泉,sh603307,41.79,41.56,41.67,5800.0,41.67,100,41.8,300,0.55,41.79,41.67,5800,240000.0,0.03,0.29,7.1,28.45,45.72,37.4,2.22
华发股份,sh600325,4.37,4.36,4.37,320100.0,4.36,46000,4.37,17500,0.23,4.37,4.36,320100,1400000.0,0.01,0.23,120.27,120.27,4.8,3.92,1.09
达嘉维康,sz301126,12.53,12.53,12.53,73500.0,12.53,7100,12.56,4100,0.0,12.53,12.47,73500,920000.0,0.05,0.48,17.28,25.74,15.04,10.02,3.63
双枪科技,sz001211,28.68,28.42,28.3,41400.0,28.67,400,28.68,900,0.91,28.7,28.3,41400,1180000.0,0.06,1.41,19.21,20.65,31.26,25.58,5.26
东风股份,sh600006,6.86,6.85,6.85,111500.0,6.85,64000,6.86,1900,0.15,6.87,6.85,111500,760000.0,0.01,0.29,137.2,137.2,7.54,6.17,2.41
镇洋发展,sh603213,13.94,13.92,13.98,64400.0,13.92,4000,13.94,10300,0.14,13.99,13.94,64400,900000.0,0.01,0.36,61.61,61.61,15.31,12.53,5.06
大连热电,sh600719,6.5,6.49,6.5,68700.0,6.49,8100,6.5,13600,0.15,6.52,6.49,68700,450000.0,0.02,0.46,26.3,26.3,7.14,5.84,2.13
光大嘉宝,sh600622,2.91,2.89,2.89,86900.0,2.9,7700,2.91,243500,0.69,2.91,2.89,86900,250000.0,0.01,0.69,43.64,43.64,3.18,2.6,0.57
三元股份,sh600429,5.29,5.24,5.24,416800.0,5.29,47600,5.3,6000,0.95,5.3,5.24,416800,2190000.0,0.03,1.15,79.22,79.46,5.76,4.72,5.48
科翔股份,sz300903,26.77,26.98,26.74,317400.0,26.77,900,26.82,4000,-0.78,26.93,26.7,317400,8510000.0,0.1,0.85,87.91,116.55,32.38,21.58,3.35
科汇股份,sh688681,19.93,20.05,20.05,3254300.0,19.93,500,19.98,5100,-0.6,20.05,19.93,3254300,650000.0,0.03,0.6,20.86,20.86,24.06,16.04,5.02
南山控股,sz002314,2.64,2.62,2.64,979400.0,2.64,23000,2.65,329900,0.76,2.65,2.63,979400,2590000.0,0.07,0.76,35.33,71.49,2.88,2.36,6.34
东港股份,sz002117,11.73,11.72,11.7,100500.0,11.74,1900,11.75,1300,0.09,11.74,11.69,100500,1180000.0,0.02,0.43,61.41,61.43,12.89,10.55,3.37
中航西飞,sz000768,30.03,30.06,29.92,671200.0,30.03,2200,30.04,700,-0.1,30.06,29.88,671200,20090000.0,0.02,0.6,832.65,835.18,33.07,27.05,4.01
中国软件,sh600536,45.18,45.3,45.18,89900.0,45.16,200,45.18,23000,-0.26,45.18,45.08,89900,4060000.0,0.01,0.22,381.16,421.88,49.83,40.77,1.97
山东药玻,sh600529,20.38,20.36,20.4,27200.0,20.37,100,20.38,600,0.1,20.4,20.38,27200,550000.0,0.0,0.1,135.24,135.24,22.4,18.32,1.37
川宁生物,sz301301,11.09,11.09,11.05,185700.0,11.07,500,11.09,36800,0.0,11.09,11.05,185700,2050000.0,0.03,0.36,68.51,247.32,13.31,8.87,2.23
*ST清研,sz301288,19.67,19.81,19.61,6600.0,19.68,1800,19.8,100,-0.71,19.7,19.61,6600,130000.0,0.01,0.45,15.36,21.25,23.77,15.85,1.46
昊创瑞通,sz301668,52.54,52.91,52.8,16700.0,52.53,500,52.68,200,-0.7,52.8,52.44,16700,880000.0,0.07,0.68,12.11,57.79,63.49,42.33,3.58
长龄液压,sh605389,72.81,72.99,72.99,3200.0,72.65,500,72.81,100,-0.25,72.99,72.81,3200,230000.0,0.0,0.25,99.22,104.91,80.29,65.69,0.68
中新集团,sh601512,9.61,9.6,9.56,101000.0,9.57,2400,9.6,2900,0.1,9.62,9.56,101000,970000.0,0.01,0.62,144.04,144.04,10.56,8.64,5.11
新农开发,sh600359,7.26,7.24,7.23,71900.0,7.25,13900,7.26,3000,0.28,7.27,7.23,71900,520000.0,0.02,0.55,27.7,27.7,7.96,6.52,1.71
郑州煤电,sh600121,4.34,4.36,4.34,604700.0,4.33,106000,4.34,42700,-0.46,4.36,4.33,604700,2620000.0,0.05,0.69,52.88,52.88,4.8,3.92,3.85
南都物业,sh603506,13.94,13.94,13.96,13800.0,13.92,2000,13.94,200,0.0,13.96,13.94,13800,190000.0,0.01,0.14,26.18,26.18,15.33,12.55,1.24
建元信托,sh600816,2.83,2.83,2.83,301300.0,2.82,794400,2.83,261600,0.0,2.83,2.82,301300,850000.0,0.01,0.35,154.78,278.6,3.11,2.55,1.81
杭氧股份,sz002430,31.31,31.46,31.31,88900.0,31.3,3300,31.31,800,-0.48,31.38,31.3,88900,2790000.0,0.01,0.25,306.2,306.32,34.61,28.31,3.32
卧龙新能,sh600173,8.5,8.47,8.47,100500.0,8.49,11200,8.5,8000,0.35,8.5,8.46,100500,850000.0,0.01,0.47,59.54,59.54,9.32,7.62,0.73
丝路视觉,sz300556,21.22,21.27,21.21,165400.0,21.14,1200,21.22,4600,-0.24,21.28,21.14,165400,3510000.0,0.15,0.66,22.71,25.8,25.52,17.02,4.59
普元信息,sh688118,35.08,34.18,34.62,42766100.0,35.08,23800,35.22,1200,2.63,35.22,34.55,42766100,14830000.0,0.46,1.96,32.74,32.74,41.02,27.34,17.03
朝阳科技,sz002981,30.02,30.0,30.0,17300.0,29.94,1100,29.98,100,0.07,30.11,29.97,17300,520000.0,0.01,0.47,35.85,41.27,33.0,27.0,2.52
巍华新材,sh603310,17.28,17.31,17.28,14400.0,17.28,6000,17.3,1400,-0.17,17.3,17.28,14400,250000.0,0.01,0.12,31.89,59.67,19.04,15.58,1.44
蒙娜丽莎,sz002918,16.53,16.6,16.53,48200.0,16.42,21600,16.49,500,-0.42,16.7,16.42,48200,800000.0,0.02,1.69,35.22,67.58,18.26,14.94,1.48
欧康医药,bj920230,13.0,12.85,12.85,8700.0,12.95,100,13.0,1300,1.17,13.0,12.85,8700,111900.0,0.02,1.17,6.14,13.09,16.7,9.0,1.78
*ST国化,sh600636,8.87,8.9,8.86,43700.0,8.87,2600,8.88,1000,-0.34,8.87,8.85,43700,390000.0,0.01,0.22,38.91,38.91,9.35,8.46,3.19
心脉医疗,sh688016,98.18,98.2,98.19,170300.0,98.04,1000,98.16,300,-0.02,98.19,98.18,170300,170000.0,0.0,0.01,121.02,121.02,117.84,78.56,0.41
肯特股份,sz301591,49.3,49.76,49.7,37400.0,49.3,1200,49.34,1000,-0.92,49.76,49.3,37400,1850000.0,0.11,0.92,16.74,41.47,59.71,39.81,2.43
恒实科技,sz300513,9.69,9.68,9.65,61400.0,9.66,2700,9.68,1000,0.1,9.72,9.65,61400,590000.0,0.02,0.72,27.93,30.4,11.62,7.74,2.47
炬申股份,sz001202,17.93,17.86,17.88,43800.0,17.93,500,17.96,600,0.39,17.97,17.88,43800,780000.0,0.04,0.5,20.95,29.89,19.65,16.07,2.87
沙钢股份,sz002075,5.56,5.58,5.56,677200.0,5.56,4500,5.57,227100,-0.36,5.57,5.53,677200,3760000.0,0.03,0.72,121.98,121.98,6.14,5.02,4.9
悍高集团,sz001221,73.31,73.97,73.8,32200.0,73.26,1000,73.31,2500,-0.89,73.8,73.28,32200,2370000.0,0.09,0.7,26.4,293.25,81.37,66.57,2.06
富瀚微,sz300613,47.51,47.86,47.71,38300.0,47.51,800,47.55,100,-0.73,48.02,47.51,38300,1830000.0,0.02,1.07,104.2,110.48,57.43,38.29,2.2
ST凯利,sz300326,6.16,6.15,6.17,16500.0,6.16,22600,6.17,82000,0.16,6.17,6.16,16500,100000.0,0.0,0.16,43.86,44.17,7.38,4.92,0.63
健之佳,sh605266,20.55,20.56,20.45,10700.0,20.49,5900,20.55,400,-0.05,20.56,20.45,10700,220000.0,0.01,0.54,31.76,31.76,22.62,18.5,1.77
尤洛卡,sz300099,8.26,8.32,8.27,213600.0,8.25,114900,8.26,10300,-0.72,8.27,8.24,213600,1760000.0,0.04,0.36,48.02,60.9,9.98,6.66,2.29
德必集团,sz300947,20.5,20.38,20.41,143600.0,20.49,200,20.51,3400,0.59,20.61,20.39,143600,2930000.0,0.1,1.08,30.97,30.98,24.46,16.3,8.98
ST景谷,sh600265,20.0,20.0,0.0,0.0,19.95,1100,20.0,4400,0.0,0.0,0.0,0,0.0,0.0,0.0,25.96,25.96,21.0,19.0,0.0
同有科技,sz300302,18.76,18.79,18.8,174500.0,18.74,800,18.76,600,-0.16,18.81,18.73,174500,3280000.0,0.05,0.43,69.19,89.91,22.55,15.03,2.91
利德曼,sz300289,7.04,7.02,7.01,49000.0,7.04,2500,7.05,400,0.28,7.05,7.01,49000,340000.0,0.01,0.57,38.24,38.3,8.42,5.62,2.03
武汉蓝电,bj920779,34.36,34.42,34.47,4300.0,34.37,800,34.57,400,-0.17,34.61,34.36,4300,148700.0,0.02,0.73,6.88,27.51,44.74,24.1,2.99
德邦股份,sh603056,18.85,18.85,0.0,0.0,0.0,0,0.0,0,0.0,0.0,0.0,0,0.0,0.0,0.0,190.68,190.68,20.74,16.97,0.0
通达海,sz301378,40.26,40.17,40.17,40000.0,40.2,10800,40.29,2300,0.22,40.29,40.05,40000,1610000.0,0.09,0.6,18.49,38.89,48.2,32.14,1.78
东贝集团,sh601956,7.37,7.39,7.38,57800.0,7.36,31700,7.39,20800,-0.27,7.39,7.36,57800,430000.0,0.01,0.41,45.81,45.81,8.13,6.65,1.64
值得买,sz300785,63.86,64.8,63.6,260700.0,63.86,500,63.97,100,-1.45,63.97,63.48,260700,16570000.0,0.21,0.76,78.12,126.99,77.76,51.84,3.52
志高机械,bj920101,40.59,40.52,40.52,7200.0,40.54,200,40.59,600,0.17,40.6,40.51,7200,292200.0,0.03,0.22,10.42,36.19,52.67,28.37,1.71
美迪凯,sh688079,13.05,12.97,12.92,7934800.0,13.05,10500,13.08,2300,0.62,13.05,12.92,7934800,1030000.0,0.02,1.0,52.73,53.67,15.56,10.38,2.76
东亚药业,sh605177,21.7,21.53,21.7,4900.0,21.54,1800,21.67,2300,0.79,21.7,21.7,4900,110000.0,0.0,0.0,24.43,24.9,23.68,19.38,0.7
深中华A,sz000017,7.59,7.61,7.57,215100.0,7.58,200,7.59,2300,-0.26,7.59,7.55,215100,1630000.0,0.05,0.53,33.46,52.31,8.37,6.85,4.66
泽润新能,sz301636,93.83,95.65,93.03,184400.0,93.83,700,94.3,200,-1.9,94.85,93.01,184400,17200000.0,1.15,1.92,14.98,59.93,114.78,76.52,6.54
中核科技,sz000777,24.95,25.13,25.09,127300.0,24.95,14800,24.96,200,-0.72,25.1,24.95,127300,3180000.0,0.03,0.6,95.66,95.66,27.64,22.62,3.41
开创电气,sz301448,43.42,43.59,43.45,12600.0,43.43,1400,43.44,200,-0.39,43.57,43.41,12600,550000.0,0.03,0.37,20.96,45.42,52.31,34.87,4.08
华厦眼科,sz301267,18.78,18.76,18.76,58100.0,18.77,2500,18.78,200,0.11,18.8,18.76,58100,1090000.0,0.01,0.21,121.78,157.75,22.51,15.01,3.41
振华风光,sh688439,60.58,60.8,60.59,2546800.0,60.59,400,60.71,600,-0.36,60.79,60.58,2546800,1540000.0,0.01,0.35,121.16,121.16,72.96,48.64,2.85
仙乐健康,sz300791,21.91,21.95,21.89,22700.0,21.9,5400,21.93,2000,-0.18,21.94,21.88,22700,500000.0,0.01,0.27,56.2,67.4,26.34,17.56,1.61
双环传动,sz002472,42.45,42.72,42.49,195600.0,42.43,53300,42.45,14400,-0.63,42.6,42.45,195600,8310000.0,0.03,0.35,320.58,360.65,46.99,38.45,2.79
基康技术,bj920879,21.07,21.03,21.1,2000.0,21.06,400,21.07,200,0.19,21.12,21.07,2000,42600.0,0.0,0.24,27.56,35.27,27.33,14.73,0.73
冠城新材,sh600067,4.17,4.16,4.16,226600.0,4.16,159700,4.17,51700,0.24,4.19,4.16,226600,950000.0,0.02,0.72,58.03,58.03,4.58,3.74,2.06
经纬辉开,sz300120,8.51,8.52,8.5,117700.0,8.51,1800,8.52,6600,-0.12,8.51,8.49,117700,1000000.0,0.02,0.23,44.89,48.88,10.22,6.82,2.7
古麒绒材,sz001390,23.69,23.72,23.65,24100.0,23.7,400,23.82,200,-0.13,23.83,23.63,24100,570000.0,0.05,0.84,11.85,47.38,26.09,21.35,4.35
天玛智控,sh688570,19.14,19.15,19.13,362400.0,19.14,2200,19.19,200,-0.05,19.14,19.13,362400,70000.0,0.0,0.05,36.02,82.88,22.98,15.32,0.84
浙江仙通,sh603239,24.67,24.5,24.76,67900.0,24.58,1600,24.6,1000,0.69,24.76,24.58,67900,1680000.0,0.03,0.73,66.79,66.79,26.95,22.05,3.38
瑞晨环保,sz301273,31.84,32.03,31.89,18600.0,31.78,400,31.84,600,-0.59,31.9,31.72,18600,590000.0,0.03,0.56,17.51,22.81,38.44,25.62,3.98
山推股份,sz000680,13.16,13.27,13.2,195700.0,13.15,6100,13.16,7200,-0.83,13.27,13.16,195700,2580000.0,0.01,0.83,173.01,197.42,14.6,11.94,3.28
金 融 街,sz000402,2.84,2.85,2.84,273200.0,2.83,429200,2.84,64600,-0.35,2.85,2.84,273200,780000.0,0.01,0.35,84.88,84.89,3.14,2.57,2.27
建工修复,sz300958,14.15,14.16,14.1,103700.0,14.15,16400,14.21,1200,-0.07,14.21,14.02,103700,1460000.0,0.11,1.34,12.88,22.18,16.99,11.33,7.12
华孚时尚,sz002042,4.38,4.38,4.38,347100.0,4.37,121800,4.38,111900,0.0,4.39,4.36,347100,1520000.0,0.02,0.68,74.49,74.49,4.82,3.94,2.42
信质集团,sz002664,26.51,26.71,26.71,93100.0,26.47,600,26.49,100,-0.75,26.72,26.5,93100,2480000.0,0.02,0.82,106.72,108.21,29.38,24.04,2.04
韵达股份,sz002120,6.87,6.88,6.89,337100.0,6.86,92600,6.87,11100,-0.15,6.9,6.86,337100,2320000.0,0.01,0.58,193.4,199.18,7.57,6.19,3.99
泛微网络,sh603039,50.72,50.8,50.6,62300.0,50.62,100,50.67,300,-0.16,50.73,50.54,62300,3150000.0,0.02,0.37,132.18,132.18,55.88,45.72,2.22
创世纪,sz300083,8.92,8.98,8.94,313500.0,8.92,77000,8.93,108100,-0.67,8.96,8.92,313500,2800000.0,0.02,0.45,133.18,148.51,10.78,7.18,2.37
华大基因,sz300676,49.49,49.35,49.28,49400.0,49.49,500,49.58,100,0.28,49.49,49.28,49400,2440000.0,0.01,0.43,205.9,207.03,59.22,39.48,2.08
润达医疗,sh603108,16.34,16.39,16.32,168200.0,16.35,100,16.37,400,-0.31,16.39,16.31,168200,2750000.0,0.03,0.49,98.64,98.64,18.03,14.75,1.82
百川能源,sh600681,4.14,4.13,4.13,128900.0,4.13,6700,4.14,109900,0.24,4.14,4.13,128900,530000.0,0.01,0.24,55.47,55.51,4.54,3.72,1.36
华新精科,sh603370,50.96,51.24,51.04,18700.0,50.95,1100,50.96,2200,-0.55,51.04,50.96,18700,950000.0,0.05,0.16,17.47,89.15,56.36,46.12,2.86
陕西煤业,sh601225,23.17,23.38,23.27,183300.0,23.16,10700,23.17,200,-0.9,23.27,23.16,183300,4260000.0,0.0,0.47,2246.33,2246.33,25.72,21.04,1.11
鼎佳精密,bj920005,38.9,38.89,39.0,1100.0,38.9,900,39.0,1000,0.03,39.0,38.9,1100,41100.0,0.0,0.26,8.36,32.29,50.55,27.23,0.31
柳    工,sz000528,11.7,11.76,11.75,296200.0,11.69,7100,11.7,151900,-0.51,11.76,11.69,296200,3470000.0,0.01,0.6,237.89,238.21,12.94,10.58,2.6
北大荒,sh600598,15.32,15.3,15.29,245300.0,15.32,13500,15.33,2100,0.13,15.34,15.29,245300,3750000.0,0.01,0.33,272.34,272.34,16.83,13.77,2.27
甘李药业,sh603087,65.75,65.72,65.6,28300.0,65.75,400,65.78,100,0.05,65.78,65.6,28300,1860000.0,0.01,0.27,366.79,392.73,72.29,59.15,1.68
晶科能源,sh688223,7.92,8.03,7.9,262814000.0,7.92,14800,7.94,2600,-1.37,7.98,7.9,262814000,20780000.0,0.03,1.0,792.41,792.41,9.64,6.42,1.46
蒙草生态,sz300355,3.94,3.93,3.93,738200.0,3.93,37100,3.94,168800,0.25,3.94,3.92,738200,2900000.0,0.06,0.51,51.16,63.21,4.72,3.14,9.07
克明食品,sz002661,9.44,9.41,9.43,79400.0,9.44,7600,9.45,5400,0.32,9.45,9.43,79400,750000.0,0.03,0.21,29.7,31.45,10.35,8.47,5.5
澳洋健康,sz002172,4.38,4.37,4.36,374100.0,4.37,57800,4.38,45600,0.23,4.38,4.36,374100,1630000.0,0.05,0.46,33.52,33.54,4.81,3.93,4.68
福莱蒽特,sh605566,31.23,31.13,31.23,27100.0,31.23,4800,31.32,1000,0.32,31.32,31.19,27100,850000.0,0.02,0.42,41.64,41.64,34.24,28.02,1.22
吉林化纤,sz000420,4.56,4.56,4.56,682600.0,4.55,129500,4.56,58600,0.0,4.56,4.55,682600,3110000.0,0.03,0.22,112.09,112.12,5.02,4.1,2.17
诚意药业,sh603811,11.78,11.77,11.8,29500.0,11.78,1000,11.79,2800,0.08,11.81,11.75,29500,350000.0,0.01,0.51,38.56,38.56,12.95,10.59,1.51
博思软件,sz300525,13.04,13.05,12.95,195300.0,13.03,2800,13.04,200,-0.08,13.04,12.95,195300,2530000.0,0.03,0.69,81.12,98.9,15.66,10.44,2.29
好当家,sh600467,2.63,2.63,2.62,760300.0,2.62,130500,2.63,175700,0.0,2.63,2.62,760300,1990000.0,0.05,0.38,38.42,38.42,2.89,2.37,3.09
宁波高发,sh603788,16.59,16.62,16.59,5400.0,16.58,2400,16.59,1800,-0.18,16.59,16.58,5400,90000.0,0.0,0.06,37.01,37.01,18.28,14.96,0.75
诺思格,sz301333,78.16,78.07,77.14,31900.0,77.99,100,78.16,4600,0.12,78.22,77.14,31900,2470000.0,0.03,1.38,75.38,75.49,93.68,62.46,3.2
唯赛勃,sh688718,14.71,14.8,14.71,796800.0,14.8,600,14.88,4700,-0.61,14.71,14.71,796800,120000.0,0.0,0.0,25.56,25.56,17.76,11.84,1.34
南凌科技,sz300921,32.8,32.21,32.5,1120000.0,32.74,3900,32.8,1800,1.83,32.96,32.21,1120000,36480000.0,0.98,2.33,37.62,60.29,38.65,25.77,8.01
德宏股份,sh603701,20.62,20.52,20.7,13500.0,20.53,1000,20.62,2000,0.49,20.7,20.52,13500,280000.0,0.01,0.88,53.89,53.89,22.57,18.47,0.96
岱美股份,sh603730,11.23,11.18,11.3,273200.0,11.21,500,11.23,200,0.45,11.32,11.18,273200,3080000.0,0.01,1.25,241.29,241.29,12.3,10.06,1.64
玲珑轮胎,sh601966,15.18,15.17,15.16,166800.0,15.17,1000,15.19,30900,0.07,15.19,15.16,166800,2530000.0,0.01,0.2,222.16,222.16,16.69,13.65,3.43
金达威,sz002626,18.95,18.88,18.95,24800.0,18.91,300,18.95,600,0.37,19.0,18.95,24800,470000.0,0.0,0.26,115.57,115.58,20.77,16.99,1.23
ST云动,sz000903,2.65,2.64,2.64,614700.0,2.64,865800,2.65,68300,0.38,2.65,2.64,614700,1620000.0,0.03,0.38,50.89,51.27,2.77,2.51,6.05
西部超导,sh688122,84.01,84.7,84.12,19032200.0,84.01,1500,84.08,2600,-0.81,84.6,84.01,19032200,16010000.0,0.03,0.7,545.78,545.78,101.64,67.76,3.56
农发种业,sh600313,7.31,7.21,7.21,1235900.0,7.3,38700,7.31,20000,1.39,7.31,7.21,1235900,8950000.0,0.11,1.39,79.11,84.9,7.93,6.49,3.52
燕京啤酒,sz000729,12.5,12.47,12.44,207800.0,12.48,20500,12.5,5300,0.24,12.52,12.44,207800,2590000.0,0.01,0.64,313.7,352.32,13.72,11.22,2.25
信通电子,sz001388,44.85,45.06,45.06,7600.0,44.86,1200,45.05,200,-0.47,45.06,44.84,7600,340000.0,0.02,0.49,13.99,69.97,49.57,40.55,2.27
奇正藏药,sz002287,24.54,24.43,24.55,28000.0,24.51,100,24.54,7400,0.45,24.55,24.5,28000,690000.0,0.0,0.2,140.12,140.4,26.87,21.99,0.91
天宸股份,sh600620,6.85,6.83,6.83,79400.0,6.85,19500,6.88,5800,0.29,6.9,6.83,79400,540000.0,0.01,1.02,47.04,47.04,7.51,6.15,2.48
复旦微电,sh688385,86.76,87.3,86.82,5983300.0,86.5,1300,86.76,1300,-0.62,86.82,86.5,5983300,5190000.0,0.01,0.37,467.97,714.65,104.76,69.84,0.99
大秦铁路,sh601006,5.07,5.07,5.06,780800.0,5.06,1799600,5.07,723800,0.0,5.07,5.06,780800,3950000.0,0.0,0.2,1021.46,1021.46,5.58,4.56,1.82
重庆港,sh600279,5.4,5.41,5.4,36600.0,5.4,1100,5.41,88200,-0.18,5.41,5.4,36600,200000.0,0.0,0.18,64.09,64.09,5.95,4.87,0.85
天铭科技,bj920270,18.38,18.23,18.38,57000.0,18.17,1600,18.38,7500,0.82,18.38,18.29,57000,1045100.0,0.07,0.49,14.91,19.23,23.69,12.77,10.46
天顺风能,sz002531,9.57,9.68,9.6,549500.0,9.57,3300,9.58,200,-1.14,9.66,9.57,549500,5280000.0,0.03,0.93,171.0,171.96,10.65,8.71,1.88
华智数媒,sz300426,9.08,8.96,9.01,442600.0,9.08,2300,9.09,24800,1.34,9.08,8.98,442600,4000000.0,0.11,1.12,36.32,40.89,10.75,7.17,3.04
中炬高新,sh600872,18.76,18.7,18.73,166500.0,18.76,3200,18.77,3600,0.32,18.78,18.73,166500,3120000.0,0.02,0.27,144.64,146.05,20.57,16.83,4.07
海格通信,sz002465,17.02,17.12,17.01,2625000.0,17.02,8500,17.04,1900,-0.58,17.1,17.01,2625000,44690000.0,0.11,0.53,421.74,422.41,18.83,15.41,4.8
和辉光电-U,sh688538,2.62,2.61,2.62,42573000.0,2.61,891100,2.62,289900,0.38,2.62,2.61,42573000,1110000.0,0.01,0.38,150.71,361.81,3.13,2.09,1.61
杭萧钢构,sh600477,4.08,3.93,4.09,4809400.0,4.06,2500,4.07,300,3.82,4.1,4.03,4809400,19650000.0,0.2,1.78,96.25,96.25,4.32,3.54,4.48
金龙鱼,sz300999,29.71,29.65,29.68,111100.0,29.71,300,29.72,600,0.2,29.8,29.66,111100,3300000.0,0.02,0.47,161.22,1610.75,35.58,23.72,3.01
力盛体育,sz002858,16.78,16.75,16.64,61100.0,16.76,100,16.78,1300,0.18,16.79,16.64,61100,1020000.0,0.04,0.9,24.66,27.51,18.43,15.08,2.55
龙芯中科,sh688047,159.04,161.0,159.09,9987200.0,158.8,12000,159.04,5300,-1.22,159.11,158.09,9987200,15880000.0,0.02,0.63,637.75,637.75,193.2,128.8,3.09
赛福天,sh603028,9.9,9.89,9.89,19800.0,9.89,1800,9.9,5000,0.1,9.9,9.89,19800,200000.0,0.01,0.1,28.13,28.42,10.88,8.9,0.61
浙江永强,sz002489,3.7,3.7,3.71,617300.0,3.7,92000,3.71,863800,0.0,3.71,3.69,617300,2290000.0,0.03,0.54,70.78,80.25,4.07,3.33,5.11
报 喜 鸟,sz002154,4.0,4.0,3.99,181000.0,3.99,523900,4.0,108500,0.0,4.0,3.99,181000,720000.0,0.02,0.25,47.19,58.37,4.4,3.6,2.04
聚星科技,bj920111,24.16,24.05,24.3,31200.0,24.16,200,24.25,500,0.46,24.32,24.15,31200,757099.9999999999,0.04,0.71,18.19,37.49,31.26,16.84,8.25
科大讯飞,sz002230,56.89,57.8,56.88,2113600.0,56.89,29700,56.96,5900,-1.57,57.0,56.81,2113600,120260000.0,0.1,0.33,1245.46,1315.21,63.58,52.02,8.53
中元股份,sz300018,12.44,12.58,12.5,151800.0,12.44,7900,12.45,48900,-1.11,12.55,12.44,151800,1890000.0,0.03,0.87,55.89,60.38,15.1,10.06,3.06
五洲交通,sh600368,3.99,3.99,3.99,131800.0,3.98,191700,3.99,229700,0.0,3.99,3.98,131800,530000.0,0.01,0.25,64.23,64.23,4.39,3.59,2.5
博科测试,sz301598,66.32,66.32,66.4,2900.0,66.12,1100,66.31,1000,0.0,66.45,66.19,2900,190000.0,0.02,0.39,11.64,39.06,79.58,53.06,1.53
火炬电子,sh603678,39.71,39.81,39.59,155000.0,39.71,4800,39.75,100,-0.25,39.71,39.5,155000,6140000.0,0.03,0.53,188.85,188.85,43.79,35.83,2.93
凌云股份,sh600480,11.77,11.79,11.8,77900.0,11.76,1000,11.78,1400,-0.17,11.8,11.77,77900,920000.0,0.01,0.25,141.73,143.86,12.97,10.61,1.9
万邦德,sz002082,18.18,18.25,18.16,78300.0,18.18,200,18.27,13900,-0.38,18.37,18.07,78300,1430000.0,0.01,1.64,100.58,111.21,20.08,16.43,0.92
中富通,sz300560,16.56,16.6,16.51,57200.0,16.55,5700,16.56,400,-0.24,16.6,16.51,57200,950000.0,0.03,0.54,30.96,38.05,19.92,13.28,1.5
科大智能,sz300222,12.1,12.2,12.15,310100.0,12.1,9500,12.13,500,-0.82,12.18,12.1,310100,3770000.0,0.05,0.66,76.69,94.17,14.64,9.76,4.47
中国铁物,sz000927,2.86,2.86,2.85,986800.0,2.85,478100,2.86,732600,0.0,2.86,2.85,986800,2810000.0,0.02,0.35,173.04,173.04,3.15,2.57,3.95
通行宝,sz301339,15.13,15.17,15.12,51600.0,15.13,1800,15.17,5000,-0.26,15.17,15.12,51600,780000.0,0.03,0.33,25.43,87.8,18.2,12.14,2.18
佳驰科技,sh688708,61.81,61.96,61.97,620000.0,61.71,500,61.78,300,-0.24,62.52,61.81,620000,380000.0,0.0,1.15,87.94,247.25,74.35,49.57,1.65
兆龙互连,sz300913,54.86,55.33,54.92,139900.0,54.86,1900,54.88,17300,-0.85,54.97,54.69,139900,7670000.0,0.05,0.51,140.32,188.05,66.4,44.26,4.24
健尔康,sh603205,27.93,27.82,27.8,7400.0,27.86,300,27.93,200,0.4,27.95,27.79,7400,210000.0,0.02,0.58,11.55,43.57,30.6,25.04,2.18
凡拓数创,sz301313,34.93,34.47,34.53,65700.0,34.92,1600,34.93,500,1.33,34.93,34.47,65700,2270000.0,0.09,1.33,26.37,36.14,41.36,27.58,2.04
康辰药业,sh603590,42.11,42.26,42.11,19000.0,42.11,4500,42.25,100,-0.35,42.25,42.1,19000,800000.0,0.01,0.35,66.63,66.96,46.49,38.03,1.45
黄山胶囊,sz002817,8.3,8.29,8.34,203400.0,8.3,4500,8.32,3100,0.12,8.34,8.28,203400,1690000.0,0.07,0.72,24.07,24.83,9.12,7.46,7.65
华密新材,bj920247,24.66,24.58,24.66,57300.0,24.66,11500,24.88,1000,0.33,24.7,24.58,57300,1412700.0,0.05,0.49,28.18,38.85,31.95,17.21,8.61
温氏股份,sz300498,15.56,15.54,15.57,293200.0,15.55,31600,15.56,1100,0.13,15.6,15.56,293200,4570000.0,0.0,0.26,926.22,1035.35,18.65,12.43,2.25
正弦电气,sh688395,26.9,27.01,27.0,273400.0,26.92,1700,26.99,200,-0.41,27.0,26.9,273400,70000.0,0.0,0.37,23.29,23.29,32.41,21.61,0.82
万华化学,sh600309,86.95,88.0,87.01,764300.0,86.86,900,86.95,4100,-1.19,87.06,86.86,764300,66500000.0,0.02,0.23,2721.95,2721.95,96.8,79.2,4.63
腾龙股份,sh603158,10.95,10.97,10.97,162400.0,10.95,20100,10.96,14000,-0.18,10.97,10.95,162400,1780000.0,0.03,0.18,53.74,53.74,12.07,9.87,3.07
爱普股份,sh603020,10.85,10.85,10.83,9900.0,10.85,1100,10.86,3800,0.0,10.85,10.83,9900,110000.0,0.0,0.18,41.58,41.58,11.94,9.77,0.31
岳阳兴长,sz000819,16.39,16.5,16.43,146100.0,16.37,9000,16.39,3600,-0.67,16.5,16.39,146100,2400000.0,0.04,0.67,59.91,60.56,18.15,14.85,4.16
景嘉微,sz300474,72.13,72.64,72.24,104800.0,72.13,9300,72.15,200,-0.7,72.25,72.1,104800,7570000.0,0.03,0.21,293.19,376.97,87.17,58.11,4.06
华大智造,sh688114,65.93,66.16,65.98,2573800.0,65.83,5000,65.93,800,-0.35,65.98,65.85,2573800,1700000.0,0.01,0.2,273.17,274.61,79.39,52.93,2.13
国机汽车,sh600335,6.56,6.55,6.57,118100.0,6.55,7700,6.56,66600,0.15,6.57,6.55,118100,780000.0,0.01,0.31,98.12,98.12,7.21,5.9,1.84
冠捷科技,sz000727,2.57,2.57,2.57,654600.0,2.57,29900,2.58,298900,0.0,2.58,2.56,654600,1680000.0,0.01,0.78,116.41,116.41,2.83,2.31,2.42
深物业A,sz000011,9.07,9.04,9.06,46300.0,9.06,17000,9.07,3100,0.33,9.08,9.03,46300,420000.0,0.01,0.55,47.75,54.06,9.94,8.14,1.82
山东墨龙,sz002490,7.75,7.85,7.85,947600.0,7.74,900,7.75,32900,-1.27,7.85,7.74,947600,7430000.0,0.17,1.4,41.98,61.83,8.64,7.07,5.07
民生银行,sh600016,3.94,3.94,3.93,4701400.0,3.94,847000,3.95,1616200,0.0,3.95,3.93,4701400,18510000.0,0.01,0.51,1397.21,1725.03,4.33,3.55,2.86
中通客车,sz000957,11.93,11.95,11.95,77800.0,11.93,2600,11.94,3500,-0.17,11.97,11.93,77800,930000.0,0.01,0.33,70.73,70.73,13.15,10.76,1.06
远程股份,sz002692,5.52,5.54,5.51,145900.0,5.52,11300,5.53,32300,-0.36,5.53,5.5,145900,800000.0,0.02,0.54,39.62,39.64,6.09,4.99,2.87
铭利达,sz301268,24.56,24.83,24.61,138100.0,24.54,700,24.55,500,-1.09,24.81,24.54,138100,3400000.0,0.04,1.09,84.66,98.34,29.8,19.86,2.58
祥鑫科技,sz002965,34.67,34.81,34.68,62100.0,34.6,9800,34.67,2100,-0.4,34.68,34.61,62100,2150000.0,0.03,0.2,69.14,92.01,38.29,31.33,3.24
辰欣药业,sh603367,17.17,17.21,17.19,67500.0,17.19,1400,17.22,1500,-0.23,17.19,17.17,67500,1160000.0,0.01,0.12,77.74,77.74,18.93,15.49,2.35
信隆健康,sz002105,7.36,7.32,7.35,65900.0,7.35,10200,7.36,19000,0.55,7.36,7.33,65900,480000.0,0.02,0.41,26.83,26.96,8.05,6.59,1.56
海力风电,sz301155,73.68,74.13,73.9,25500.0,73.67,100,73.68,100,-0.61,73.99,73.63,25500,1880000.0,0.02,0.49,90.88,160.17,88.96,59.3,2.43
雪祺电气,sz001387,14.71,14.71,14.72,36000.0,14.7,2000,14.71,700,0.0,14.79,14.71,36000,530000.0,0.03,0.54,16.76,26.92,16.18,13.24,3.31
蓝天燃气,sh605368,8.18,8.19,8.19,146400.0,8.18,18600,8.19,45400,-0.12,8.19,8.17,146400,1200000.0,0.02,0.24,58.46,58.46,9.01,7.37,9.97
友升股份,sh603418,56.6,56.6,56.6,8700.0,56.51,500,56.59,100,0.0,56.6,56.51,8700,490000.0,0.02,0.16,22.88,109.28,62.26,50.94,2.96
科德教育,sz300192,20.43,20.4,20.4,185400.0,20.45,1600,20.48,2200,0.15,20.48,20.3,185400,3780000.0,0.06,0.88,66.32,67.24,24.48,16.32,4.7
英搏尔,sz300681,25.88,25.89,25.89,84400.0,25.87,200,25.88,2700,-0.04,25.98,25.87,84400,2190000.0,0.04,0.42,59.73,79.21,31.07,20.71,2.58
天佑德酒,sz002646,8.98,8.91,8.98,186700.0,8.98,12100,8.99,27600,0.79,8.99,8.95,186700,1680000.0,0.04,0.45,42.74,43.02,9.8,8.02,3.8
生 意 宝,sz002095,18.55,18.51,18.53,31100.0,18.54,3400,18.55,2800,0.22,18.58,18.51,31100,580000.0,0.01,0.38,46.69,46.88,20.36,16.66,2.03
古井贡酒,sz000596,129.15,128.27,128.68,21300.0,129.15,1100,129.18,300,0.69,129.15,128.68,21300,2750000.0,0.01,0.37,527.71,682.69,141.1,115.44,1.36
上海莱士,sz002252,6.27,6.28,6.28,180400.0,6.27,274200,6.28,1100,-0.16,6.29,6.27,180400,1130000.0,0.0,0.32,415.98,416.2,6.91,5.65,2.25
华维设计,bj920427,14.25,14.23,14.19,70700.0,14.24,3800,14.26,800,0.14,14.25,14.18,70700,1003300.0,0.14,0.49,7.25,14.69,18.49,9.97,4.93
药康生物,sh688046,17.39,17.43,17.4,1361800.0,17.38,900,17.39,3800,-0.23,17.4,17.39,1361800,240000.0,0.0,0.06,71.3,71.3,20.92,13.94,1.11
*ST创兴,sh600193,4.17,4.15,4.14,19000.0,4.14,30800,4.17,13300,0.48,4.17,4.14,19000,80000.0,0.0,0.72,17.74,17.74,4.36,3.94,0.87
元祖股份,sh603886,13.42,13.35,13.36,34300.0,13.4,200,13.42,20600,0.52,13.43,13.36,34300,460000.0,0.01,0.52,32.21,32.21,14.69,12.02,2.34
中国长城,sz000066,16.39,16.5,16.36,3037900.0,16.38,5300,16.39,245600,-0.67,16.45,16.33,3037900,49730000.0,0.09,0.73,528.67,528.71,18.15,14.85,7.08
ST迪威迅,sz300167,4.96,4.94,4.95,226900.0,4.96,27000,4.97,21300,0.4,4.97,4.95,226900,1120000.0,0.06,0.4,17.8,19.31,5.93,3.95,5.84
涛涛车业,sz301345,210.0,210.79,208.8,12800.0,210.49,400,210.93,100,-0.37,210.5,208.8,12800,2680000.0,0.04,0.81,61.02,229.0,252.95,168.63,2.72
云从科技-UW,sh688327,16.35,16.4,16.25,81247700.0,16.35,200,16.38,4800,-0.3,16.44,16.23,81247700,13240000.0,0.1,1.28,136.27,169.8,19.68,13.12,6.6
海昇药业,bj920656,17.35,17.39,17.39,7800.0,17.35,1100,17.39,1200,-0.23,17.39,17.34,7800,136200.0,0.02,0.29,5.62,17.35,22.6,12.18,3.56
海利生物,sh603718,4.88,4.9,4.88,699800.0,4.88,30100,4.89,115100,-0.41,4.89,4.87,699800,3410000.0,0.11,0.41,31.67,31.81,5.39,4.41,5.53
ST诺泰,sh688076,33.98,34.05,33.97,4009300.0,33.97,1900,33.98,4200,-0.21,33.98,33.97,4009300,1360000.0,0.01,0.03,107.39,107.39,40.86,27.24,4.55
伟测科技,sh688372,123.17,124.39,122.56,1928400.0,123.2,200,123.58,200,-0.98,123.5,122.56,1928400,2370000.0,0.01,0.76,183.59,183.59,149.27,99.51,1.19
威派格,sh603956,6.92,6.93,6.9,109000.0,6.93,600,6.94,7700,-0.14,6.93,6.9,109000,750000.0,0.02,0.43,39.44,39.44,7.62,6.24,2.85
奥飞娱乐,sz002292,9.88,9.76,9.87,4691700.0,9.87,23800,9.88,18400,1.23,9.96,9.87,4691700,46410000.0,0.46,0.92,100.57,146.1,10.74,8.78,7.63
狮头股份,sh600539,10.95,10.98,10.97,25300.0,10.95,2100,10.98,800,-0.27,10.98,10.95,25300,280000.0,0.01,0.27,25.18,25.18,12.08,9.88,1.66
千方科技,sz002373,11.88,12.35,11.89,2948200.0,11.86,15100,11.88,230500,-3.81,11.89,11.81,2948200,35000000.0,0.21,0.65,163.66,187.73,13.59,11.12,23.69
光威复材,sz300699,39.31,39.62,39.53,182100.0,39.31,10700,39.34,4000,-0.78,39.53,39.3,182100,7180000.0,0.02,0.58,322.91,326.8,47.54,31.7,2.37
清新环境,sz002573,3.84,3.83,3.83,51800.0,3.83,14100,3.84,25600,0.26,3.84,3.83,51800,200000.0,0.0,0.26,54.25,54.35,4.21,3.45,1.63
一诺威,bj920261,16.42,16.5,16.42,54500.0,16.4,1700,16.44,200,-0.48,16.5,16.42,54500,895100.0,0.03,0.48,27.94,47.8,21.45,11.55,2.53
上海钢联,sz300226,29.23,29.51,29.2,295000.0,29.23,500,29.25,2400,-0.95,29.3,29.14,295000,8620000.0,0.1,0.54,89.55,93.16,35.41,23.61,4.01
沃顿科技,sz000920,12.65,12.68,12.66,51900.0,12.64,9100,12.65,7400,-0.24,12.67,12.62,51900,660000.0,0.01,0.39,59.78,59.79,13.95,11.41,2.6
山石网科,sh688030,18.0,17.99,17.9,980900.0,17.93,2700,18.0,600,0.06,18.0,17.9,980900,180000.0,0.01,0.56,32.44,32.44,21.59,14.39,0.97
鸣志电器,sh603728,71.42,71.69,71.62,27800.0,71.22,200,71.43,700,-0.38,71.62,71.26,27800,1990000.0,0.01,0.5,299.17,299.17,78.86,64.52,1.16
常山北明,sz000158,20.18,20.16,20.13,353800.0,20.17,1400,20.18,15400,0.1,20.18,20.13,353800,7130000.0,0.02,0.25,320.44,322.6,22.18,18.14,3.94
光启技术,sz002625,47.18,47.14,47.14,296500.0,47.2,1300,47.21,4100,0.08,47.3,47.0,296500,13980000.0,0.01,0.64,1016.53,1016.53,51.85,42.43,4.09
华锦股份,sz000059,5.89,5.96,5.92,462000.0,5.89,142000,5.9,3600,-1.17,5.93,5.89,462000,2730000.0,0.03,0.67,94.21,94.21,6.56,5.36,4.67
彩虹股份,sh600707,6.53,6.53,6.54,67800.0,6.53,6700,6.54,45200,0.0,6.54,6.52,67800,440000.0,0.0,0.31,234.27,234.32,7.18,5.88,0.62
水星家纺,sh603365,20.31,20.62,20.53,18000.0,20.31,5100,20.54,1000,-1.5,20.6,20.3,18000,370000.0,0.01,1.45,52.77,53.31,22.68,18.56,2.05
万胜智能,sz300882,22.69,22.67,22.53,120400.0,22.68,1300,22.69,1100,0.09,22.8,22.53,120400,2730000.0,0.05,1.19,60.43,64.94,27.2,18.14,6.34
益生股份,sz002458,9.6,9.57,9.63,82200.0,9.6,20200,9.62,5800,0.31,9.64,9.58,82200,790000.0,0.01,0.63,71.89,106.22,10.53,8.61,1.81
赢时胜,sz300377,22.09,21.83,22.21,1031900.0,22.08,300,22.09,1300,1.19,22.25,22.07,1031900,22900000.0,0.16,0.82,146.16,165.9,26.2,17.46,4.24
重庆路桥,sh600106,6.22,6.2,6.2,64700.0,6.2,7400,6.21,300,0.32,6.22,6.2,64700,400000.0,0.0,0.32,82.67,82.67,6.82,5.58,1.57
万邦达,sz300055,8.39,8.42,8.43,286700.0,8.39,5100,8.4,17400,-0.36,8.44,8.39,286700,2420000.0,0.05,0.59,53.1,70.2,10.1,6.74,2.77
天健集团,sz000090,3.96,3.96,3.95,241300.0,3.96,67500,3.97,29800,0.0,3.97,3.95,241300,950000.0,0.01,0.51,73.99,73.99,4.36,3.56,2.43
鸿合科技,sz002955,26.96,27.08,27.05,9400.0,26.96,400,27.0,500,-0.44,27.05,26.93,9400,250000.0,0.0,0.44,52.92,63.8,29.79,24.37,1.26
艾能聚,bj920770,19.39,19.45,19.4,50200.0,19.35,400,19.39,800,-0.31,19.41,19.32,50200,973400.0,0.06,0.46,15.88,25.23,25.28,13.62,1.64
连城数控,bj920368,69.1,70.25,68.0,361400.0,69.0,4500,69.1,700,-1.64,69.1,67.51,361400,24631100.0,0.16,2.26,154.34,162.23,91.32,49.18,3.96
中 关 村,sz000931,5.17,5.16,5.16,232300.0,5.17,1400,5.18,23900,0.19,5.18,5.16,232300,1200000.0,0.03,0.39,38.83,38.94,5.68,4.64,4.45
凯撒文化,sz002425,3.99,3.97,3.97,513300.0,3.99,106000,4.0,111300,0.5,4.02,3.97,513300,2050000.0,0.05,1.26,38.15,38.17,4.37,3.57,3.02
天利科技,sz300399,27.47,27.48,27.4,65300.0,27.43,600,27.47,5300,-0.04,27.59,27.28,65300,1790000.0,0.03,1.13,54.28,54.28,32.98,21.98,2.59
亚世光电,sz002952,23.16,23.2,23.14,62600.0,23.16,200,23.22,100,-0.17,23.32,23.0,62600,1450000.0,0.05,1.38,30.49,38.06,25.52,20.88,2.06
双一科技,sz300690,31.38,31.42,31.45,24800.0,31.38,1200,31.39,800,-0.13,31.45,31.38,24800,780000.0,0.02,0.22,34.76,51.89,37.7,25.14,2.35
同为股份,sz002835,17.4,17.44,17.33,16900.0,17.4,2500,17.42,300,-0.23,17.45,17.33,16900,290000.0,0.01,0.69,22.15,38.19,19.18,15.7,1.49
恒丰纸业,sh600356,9.83,9.81,9.78,106800.0,9.81,18500,9.83,1900,0.2,9.84,9.78,106800,1050000.0,0.04,0.61,29.37,29.37,10.79,8.83,3.86
尚荣医疗,sz002551,3.8,3.8,3.8,179800.0,3.79,31600,3.8,13200,0.0,3.81,3.8,179800,680000.0,0.03,0.26,23.23,32.13,4.18,3.42,3.93
青岛食品,sz001219,14.82,14.79,14.81,64100.0,14.82,500,14.83,100,0.2,14.87,14.81,64100,950000.0,0.03,0.41,28.18,28.9,16.27,13.31,4.66
微电生理,sh688351,23.5,23.5,23.57,738100.0,23.49,500,23.5,6200,0.0,23.57,23.5,738100,170000.0,0.01,0.3,29.34,110.59,28.2,18.8,0.67
中胤时尚,sz300901,18.36,18.26,18.3,95700.0,18.36,1500,18.38,1100,0.55,18.38,18.18,95700,1750000.0,0.04,1.1,44.06,44.06,21.91,14.61,5.82
德赛西威,sz002920,120.22,120.75,120.2,144700.0,120.22,10100,120.38,200,-0.44,120.5,120.1,144700,17390000.0,0.03,0.33,666.91,717.52,132.83,108.68,4.45
天邑股份,sz300504,15.3,15.35,15.27,83500.0,15.28,6700,15.3,200,-0.33,15.41,15.25,83500,1280000.0,0.04,1.04,33.39,41.47,18.42,12.28,3.75
华恒生物,sh688639,34.77,34.76,34.6,1294500.0,34.67,8400,34.77,5000,0.03,34.85,34.6,1294500,450000.0,0.01,0.72,86.97,86.97,41.71,27.81,0.71
依依股份,sz001206,24.29,24.27,24.29,23000.0,24.29,10500,24.3,1200,0.08,24.32,24.28,23000,560000.0,0.02,0.16,25.82,44.91,26.7,21.84,1.49
特发服务,sz300917,41.65,41.34,41.57,79800.0,41.65,600,41.66,400,0.75,41.94,41.57,79800,3320000.0,0.05,0.9,70.39,70.39,49.61,33.07,3.14
芯导科技,sh688230,71.22,71.56,71.5,308800.0,71.08,200,71.24,300,-0.48,71.55,71.22,308800,220000.0,0.0,0.46,83.75,83.75,85.87,57.25,0.87
宝立食品,sh603170,14.22,14.22,14.24,12800.0,14.23,200,14.24,1300,0.0,14.26,14.22,12800,180000.0,0.0,0.28,56.88,56.88,15.64,12.8,0.76
航天南湖,sh688552,39.33,39.32,39.43,4863300.0,39.35,1000,39.38,100,0.03,39.44,39.32,4863300,1920000.0,0.06,0.31,34.15,132.64,47.18,31.46,1.78
惠通科技,sz301601,28.16,28.14,28.14,2900.0,28.16,2100,28.28,500,0.07,28.2,28.14,2900,80000.0,0.0,0.21,23.79,39.56,33.77,22.51,0.68
美利云,sz000815,15.26,15.6,15.42,13100400.0,15.26,30500,15.42,233400,-2.18,15.6,15.19,13100400,201400000.0,1.88,2.63,106.1,106.1,17.16,14.04,27.9
荣泰健康,sh603579,24.12,24.28,24.1,45700.0,24.11,3200,24.27,500,-0.66,24.49,24.06,45700,1100000.0,0.02,1.77,48.49,48.49,26.71,21.85,3.28
乐心医疗,sz300562,14.75,14.77,14.7,39600.0,14.75,700,14.78,2400,-0.14,14.76,14.68,39600,580000.0,0.02,0.54,23.92,32.25,17.72,11.82,1.83
中航高科,sh600862,26.35,26.18,26.3,379200.0,26.35,23500,26.36,9400,0.65,26.36,26.24,379200,9970000.0,0.03,0.46,367.07,367.07,28.8,23.56,3.35
亿道信息,sz001314,48.13,48.03,47.91,18800.0,48.07,100,48.13,1100,0.21,48.24,47.91,18800,900000.0,0.04,0.69,24.91,68.65,52.83,43.23,2.02
钜泉科技,sh688391,32.9,32.94,32.74,464700.0,32.99,600,33.07,800,-0.12,32.9,32.74,464700,150000.0,0.0,0.49,37.89,37.89,39.53,26.35,1.25
中安科,sh600654,3.81,3.8,3.8,261500.0,3.8,188100,3.81,125100,0.26,3.81,3.8,261500,990000.0,0.01,0.26,88.29,109.63,4.18,3.42,1.41
三一重工,sh600031,23.69,23.96,23.76,632900.0,23.69,4300,23.7,83800,-1.13,23.86,23.69,632900,15030000.0,0.01,0.71,2007.58,2178.3,26.36,21.56,2.56
中信建投,sh601066,24.16,24.14,24.13,46300.0,24.16,2100,24.17,800,0.08,24.2,24.13,46300,1120000.0,0.0,0.29,1569.35,1874.02,26.55,21.73,1.16
浙文互联,sh600986,13.1,13.36,13.11,7610900.0,13.04,22900,13.1,32700,-1.95,13.24,13.0,7610900,99710000.0,0.51,1.8,194.85,194.85,14.7,12.02,4.55
蓝色光标,sz300058,19.72,20.16,19.9,11280800.0,19.72,400,19.73,23300,-2.18,19.9,19.71,11280800,223840000.0,0.32,0.94,686.26,707.99,24.19,16.13,4.36
腾达建设,sh600512,2.48,2.48,2.48,240400.0,2.47,555700,2.48,108400,0.0,2.48,2.47,240400,600000.0,0.02,0.4,39.37,39.53,2.73,2.23,2.33
福蓉科技,sh603327,10.21,10.24,10.21,115600.0,10.21,1500,10.22,1600,-0.29,10.23,10.2,115600,1180000.0,0.01,0.29,106.74,106.74,11.26,9.22,2.75
达安基因,sz002030,6.35,6.34,6.34,280600.0,6.35,13200,6.36,48500,0.16,6.36,6.34,280600,1780000.0,0.02,0.32,89.12,89.12,6.97,5.71,2.19
广信科技,bj920037,83.25,83.89,83.89,40000.0,83.25,800,83.85,400,-0.76,84.5,83.0,40000,3349000.0,0.14,1.79,24.61,76.14,109.05,58.73,6.76
肇民科技,sz301000,39.6,39.77,39.71,37700.0,39.59,100,39.6,300,-0.43,39.77,39.6,37700,1500000.0,0.02,0.43,90.79,96.18,47.72,31.82,1.8
三元基因,bj920344,23.29,23.3,23.3,2100.0,23.21,100,23.28,200,-0.04,23.3,23.29,2100,48600.0,0.0,0.04,26.49,28.37,30.29,16.31,0.75
清越科技,sh688496,6.42,6.44,6.44,5097300.0,6.41,2000,6.42,1400,-0.31,6.44,6.42,5097300,330000.0,0.02,0.31,15.28,28.89,7.73,5.15,2.26
睿能科技,sh603933,22.91,23.15,22.93,70400.0,22.9,15600,22.91,10600,-1.04,22.93,22.88,70400,1610000.0,0.03,0.22,47.55,47.55,25.47,20.84,3.85
顺控发展,sz003039,16.37,16.34,16.34,55500.0,16.37,1300,16.39,1600,0.18,16.37,16.33,55500,910000.0,0.01,0.24,101.09,101.09,17.97,14.71,2.59
广济药业,sz000952,7.96,7.95,8.0,231400.0,7.96,900,7.97,5600,0.13,8.05,7.91,231400,1840000.0,0.07,1.76,27.38,27.6,8.75,7.16,5.03
广大特材,sh688186,22.44,22.46,22.46,2857400.0,22.4,2500,22.44,4100,-0.09,22.47,22.4,2857400,640000.0,0.01,0.31,62.94,62.94,26.95,17.97,1.59
播恩集团,sz001366,14.71,14.75,14.77,57500.0,14.71,200,14.75,100,-0.27,14.89,14.66,57500,850000.0,0.1,1.56,8.19,23.64,16.23,13.28,3.54
三晖电气,sz002857,23.29,23.4,23.42,11700.0,23.23,900,23.32,1500,-0.47,23.42,23.23,11700,270000.0,0.01,0.81,29.81,30.42,25.74,21.06,1.04
ST长方,sz300301,2.47,2.48,2.47,185700.0,2.46,354700,2.47,10000,-0.4,2.48,2.47,185700,460000.0,0.02,0.4,19.51,20.5,2.98,1.98,3.05
美格智能,sz002881,47.7,48.07,47.98,127800.0,47.75,100,47.9,500,-0.77,47.98,47.66,127800,6120000.0,0.07,0.67,86.78,124.86,52.88,43.26,4.67
万讯自控,sz300112,9.15,9.19,9.17,113100.0,9.14,4800,9.15,4600,-0.44,9.17,9.14,113100,1040000.0,0.05,0.33,21.74,26.56,11.03,7.35,4.19
山河智能,sz002097,11.55,11.56,11.58,202100.0,11.54,8800,11.55,3300,-0.09,11.6,11.55,202100,2340000.0,0.02,0.43,123.9,124.12,12.72,10.4,3.54
友好集团,sh600778,7.3,7.2,7.28,550600.0,7.28,57700,7.3,48300,1.39,7.3,7.25,550600,4010000.0,0.18,0.69,22.72,22.74,7.92,6.48,3.95
振东制药,sz300158,6.16,6.13,6.13,426900.0,6.14,3800,6.16,25900,0.49,6.16,6.13,426900,2620000.0,0.04,0.49,61.09,61.13,7.36,4.9,1.2
隆鑫通用,sh603766,15.82,15.8,15.89,57400.0,15.81,17400,15.82,400,0.13,15.89,15.81,57400,910000.0,0.0,0.51,324.87,324.87,17.38,14.22,0.82
力源科技,sh688565,13.25,13.26,13.26,2040700.0,13.24,3900,13.25,1300,-0.08,13.26,13.24,2040700,270000.0,0.01,0.15,19.84,19.84,15.91,10.61,2.0
*ST四环,sz000518,2.55,2.55,2.55,253300.0,2.54,64800,2.55,141000,0.0,2.55,2.54,253300,650000.0,0.02,0.39,26.25,26.25,2.68,2.42,6.3
兴业银锡,sz000426,48.24,50.15,48.36,4274300.0,48.09,9300,48.24,1800,-3.81,48.9,48.02,4274300,206790000.0,0.24,1.75,856.36,856.57,55.17,45.14,13.46
掌阅科技,sh603533,36.93,34.2,36.23,21351400.0,36.87,16700,36.93,8400,7.98,37.0,36.0,21351400,774870000.0,4.86,2.92,162.08,162.08,37.62,30.78,607.69
博睿数据,sh688229,93.44,95.33,93.22,10652800.0,93.44,400,94.77,1100,-1.98,94.77,93.0,10652800,9940000.0,0.24,1.86,41.49,41.49,114.4,76.26,6.45
北信源,sz300352,6.96,6.92,6.9,618000.0,6.95,13000,6.96,3200,0.58,6.96,6.9,618000,4270000.0,0.05,0.87,88.85,100.91,8.3,5.54,2.31
科拓生物,sz300858,18.2,18.12,18.22,44500.0,18.2,700,18.21,2000,0.44,18.22,18.1,44500,810000.0,0.02,0.66,35.62,47.96,21.74,14.5,3.16
万润科技,sz002654,13.95,13.96,14.02,638700.0,13.96,400,13.98,6700,-0.07,14.05,13.95,638700,8940000.0,0.08,0.72,117.91,117.92,15.36,12.56,5.57
煜邦电力,sh688597,9.54,9.63,9.53,6659300.0,9.54,39500,9.57,200,-0.93,9.54,9.5,6659300,630000.0,0.02,0.42,32.06,32.06,11.56,7.7,2.51
百克生物,sh688276,19.89,19.82,19.9,486400.0,19.82,1000,19.89,800,0.35,19.9,19.86,486400,100000.0,0.0,0.2,82.28,82.28,23.78,15.86,0.72
锐奇股份,sz300126,8.92,8.92,8.92,50300.0,8.92,41200,8.93,2900,0.0,8.95,8.92,50300,450000.0,0.02,0.34,18.79,27.11,10.7,7.14,2.47
复旦张江,sh688505,8.68,8.74,8.69,4489300.0,8.68,11800,8.73,4000,-0.69,8.75,8.68,4489300,390000.0,0.01,0.8,61.68,89.97,10.49,6.99,1.88
鲁阳节能,sz002088,12.17,12.25,12.26,38300.0,12.17,900,12.19,3300,-0.65,12.26,12.17,38300,470000.0,0.01,0.73,61.55,62.45,13.48,11.03,1.69
舒泰神,sz300204,26.46,26.5,26.58,192300.0,26.45,3100,26.46,600,-0.15,26.65,26.46,192300,5100000.0,0.04,0.72,120.04,126.42,31.8,21.2,1.76
汇源通信,sz000586,15.19,15.28,15.2,183100.0,15.17,2400,15.19,6500,-0.59,15.25,15.01,183100,2780000.0,0.1,1.57,29.04,29.38,16.81,13.75,3.84
国科恒泰,sz301370,11.53,11.5,11.5,33700.0,11.52,4400,11.53,100,0.26,11.53,11.46,33700,390000.0,0.01,0.61,37.33,54.26,13.8,9.2,2.53
中赋科技,sz300692,8.65,8.66,8.69,36600.0,8.65,2800,8.66,6900,-0.12,8.69,8.65,36600,320000.0,0.01,0.46,35.57,39.82,10.39,6.93,0.99
美力科技,sz300611,28.13,28.3,28.24,37200.0,28.12,1800,28.15,300,-0.6,28.31,28.08,37200,1050000.0,0.03,0.81,41.72,59.38,33.96,22.64,2.08
双林股份,sz300100,35.33,35.41,35.4,80400.0,35.33,1400,35.34,2800,-0.23,35.47,35.32,80400,2840000.0,0.01,0.42,195.16,202.08,42.49,28.33,2.7
振华重工,sh600320,5.16,5.18,5.17,244700.0,5.15,3900,5.16,76300,-0.39,5.17,5.14,244700,1260000.0,0.01,0.58,171.42,271.85,5.7,4.66,1.47
节能国祯,sz300388,8.32,8.36,8.35,60900.0,8.32,4200,8.33,3100,-0.48,8.35,8.32,60900,510000.0,0.01,0.36,56.56,56.66,10.03,6.69,2.81
西菱动力,sz300733,18.3,18.39,18.33,37700.0,18.3,3700,18.31,1200,-0.49,18.36,18.3,37700,690000.0,0.02,0.33,41.26,55.94,22.07,14.71,2.52
中红医疗,sz300981,13.27,13.21,13.2,30700.0,13.21,11900,13.27,600,0.45,13.32,13.2,30700,410000.0,0.01,0.91,52.16,56.91,15.85,10.57,1.96
凯迪股份,sh605288,138.7,139.2,139.19,8700.0,138.7,300,139.04,200,-0.36,139.2,138.7,8700,1210000.0,0.01,0.36,97.37,98.02,153.12,125.28,1.93
强邦新材,sz001279,34.36,34.26,34.39,2800.0,34.31,200,34.35,1000,0.29,34.39,34.31,2800,100000.0,0.01,0.23,13.74,54.98,37.69,30.83,0.81
信达地产,sh600657,3.58,3.57,3.6,140100.0,3.58,15200,3.59,224100,0.28,3.6,3.58,140100,500000.0,0.0,0.56,102.1,102.1,3.93,3.21,1.09
惠天热电,sz000692,3.85,3.86,3.86,189900.0,3.85,8800,3.86,21400,-0.26,3.87,3.85,189900,730000.0,0.04,0.52,20.51,20.51,4.25,3.47,3.88
创益通,sz300991,51.6,52.15,51.59,66400.0,51.62,300,51.7,2300,-1.05,51.6,51.0,66400,3410000.0,0.07,1.15,47.55,74.3,62.58,41.72,2.14
威尔药业,sh603351,27.61,27.59,27.72,12000.0,27.59,400,27.61,700,0.07,27.78,27.61,12000,330000.0,0.01,0.62,37.39,37.39,30.35,24.83,4.27
东方新能,sz002310,2.33,2.31,2.33,929000.0,2.33,148300,2.34,564500,0.87,2.34,2.33,929000,2160000.0,0.02,0.43,97.84,139.78,2.54,2.08,3.79
凯添燃气,bj920010,11.84,11.73,11.6,296200.0,11.8,1300,11.84,900,0.94,11.84,11.6,296200,3456100.0,0.17,2.05,20.56,27.76,15.24,8.22,9.01
盛泰集团,sh605138,7.44,7.43,7.44,34500.0,7.43,21900,7.44,2700,0.13,7.47,7.44,34500,260000.0,0.01,0.4,41.33,41.33,8.17,6.69,2.54
会畅科技,sz300578,25.24,25.31,25.4,134500.0,25.24,56100,25.25,1100,-0.28,25.4,25.17,134500,3410000.0,0.07,0.91,50.03,50.04,30.37,20.25,2.9
拓斯达,sz300607,31.2,31.29,31.2,161700.0,31.2,3500,31.21,400,-0.29,31.22,31.1,161700,5040000.0,0.05,0.38,103.6,148.82,37.55,25.03,2.82
新五丰,sh600975,5.69,5.68,5.69,187300.0,5.69,114000,5.7,34400,0.18,5.69,5.68,187300,1070000.0,0.01,0.18,71.11,71.11,6.25,5.11,3.81
奔朗新材,bj920807,15.2,15.25,15.42,125200.0,15.18,100,15.2,30900,-0.33,15.42,15.18,125200,1921600.0,0.1,1.57,18.54,27.65,19.82,10.68,7.53
嘉友国际,sh603871,14.2,14.21,14.21,35000.0,14.2,1400,14.21,4200,-0.07,14.22,14.2,35000,500000.0,0.0,0.14,194.26,194.26,15.63,12.79,0.97
*ST海源,sz002529,6.74,6.74,6.74,24200.0,6.72,900,6.74,9900,0.0,6.74,6.72,24200,160000.0,0.01,0.3,17.52,17.52,7.08,6.4,1.76
戴维医疗,sz300314,14.33,14.31,14.29,38400.0,14.34,700,14.35,6800,0.14,14.36,14.28,38400,550000.0,0.03,0.56,20.6,41.27,17.17,11.45,2.16
钱江摩托,sz000913,15.45,15.48,15.45,61200.0,15.44,15400,15.45,3900,-0.19,15.47,15.43,61200,950000.0,0.01,0.26,71.4,81.36,17.03,13.93,3.01
歌尔股份,sz002241,26.15,26.35,26.17,1112200.0,26.14,9300,26.15,2400,-0.76,26.19,26.13,1112200,29100000.0,0.04,0.23,820.71,927.19,28.99,23.72,4.96
河钢股份,sz000709,2.48,2.49,2.48,2114500.0,2.47,1560800,2.48,514200,-0.4,2.49,2.47,2114500,5240000.0,0.02,0.8,256.32,256.36,2.74,2.24,4.45
晟楠科技,bj920006,26.13,26.05,26.13,32600.0,26.1,3000,26.13,6300,0.31,26.16,26.13,32600,852600.0,0.07,0.12,12.49,23.59,33.86,18.24,9.26
红蜻蜓,sh603116,6.37,6.35,6.35,7600.0,6.36,400,6.37,1800,0.31,6.38,6.35,7600,50000.0,0.0,0.47,36.7,36.7,6.99,5.72,0.28
迪瑞医疗,sz300396,13.17,13.19,13.17,26900.0,13.17,5000,13.18,400,-0.15,13.2,13.17,26900,350000.0,0.01,0.23,35.86,35.91,15.83,10.55,3.04
力诺药包,sz301188,17.49,17.83,17.59,470900.0,17.47,800,17.49,500,-1.91,17.59,17.47,470900,8270000.0,0.2,0.67,41.81,41.81,21.4,14.26,20.97
亿能电力,bj920046,27.69,28.08,27.3,423200.0,27.4,900,27.69,1200,-1.39,27.69,27.11,423200,11563500.0,0.66,2.07,17.74,28.01,36.5,19.66,8.42
读者传媒,sh603999,8.1,7.98,8.08,1391700.0,8.09,5200,8.1,25900,1.5,8.13,8.08,1391700,11260000.0,0.24,0.63,46.66,46.66,8.78,7.18,9.42
信雅达,sh600571,16.02,16.03,16.05,110500.0,16.02,600,16.03,20400,-0.06,16.05,16.0,110500,1770000.0,0.02,0.31,73.33,74.7,17.63,14.43,2.77
无线传媒,sz301551,37.56,37.6,37.33,157200.0,37.42,1000,37.56,2300,-0.11,37.9,37.3,157200,5880000.0,0.1,1.6,58.05,150.24,45.12,30.08,2.26
中国核建,sh601611,15.44,15.51,15.45,307000.0,15.42,1700,15.44,101900,-0.45,15.46,15.4,307000,4740000.0,0.01,0.39,465.34,465.34,17.06,13.96,1.87
朗博科技,sh603655,41.2,41.12,41.12,2500.0,41.17,200,41.2,300,0.19,41.2,41.06,2500,100000.0,0.0,0.34,43.67,43.67,45.23,37.01,0.25
华盛昌,sz002980,23.74,24.0,23.79,53100.0,23.72,200,23.74,100,-1.08,23.81,23.72,53100,1260000.0,0.05,0.37,24.07,44.96,26.4,21.6,4.19
华昌达,sz300278,5.6,5.59,5.6,278400.0,5.59,56900,5.6,1300,0.18,5.6,5.59,278400,1560000.0,0.02,0.18,78.93,79.18,6.71,4.47,3.44
聚飞光电,sz300303,7.39,7.46,7.37,1422900.0,7.39,19300,7.4,22300,-0.94,7.42,7.37,1422900,10500000.0,0.11,0.67,98.23,104.7,8.95,5.97,5.08
格科微,sh688728,15.61,15.66,15.67,11971800.0,15.61,2300,15.64,400,-0.32,15.67,15.6,11971800,1870000.0,0.0,0.45,390.08,405.95,18.79,12.53,2.29
江波龙,sz301308,288.16,292.71,289.79,308800.0,288.12,100,288.16,6000,-1.55,289.79,287.5,308800,89300000.0,0.11,0.78,790.69,1207.81,351.25,234.17,8.16
茂硕电源,sz002660,9.67,9.69,9.66,53500.0,9.66,5700,9.67,2000,-0.21,9.68,9.63,53500,520000.0,0.02,0.52,33.17,34.49,10.66,8.72,2.71
钢研高纳,sz300034,20.88,20.9,20.9,195700.0,20.87,300,20.88,2900,-0.1,20.92,20.84,195700,4090000.0,0.03,0.38,160.08,166.41,25.08,16.72,2.33
东和新材,bj920792,12.63,12.65,12.7,5800.0,12.63,3300,12.66,500,-0.16,12.7,12.63,5800,73700.0,0.01,0.55,12.68,20.91,16.44,8.86,1.07
蜂助手,sz301382,38.84,38.9,38.69,129300.0,38.84,1400,38.85,11000,-0.15,38.84,38.64,129300,5010000.0,0.07,0.51,68.47,110.92,46.68,31.12,3.02
ST太重,sh600169,2.45,2.46,2.45,75800.0,2.45,2904500,2.46,785700,-0.41,2.46,2.45,75800,190000.0,0.0,0.41,81.66,82.0,2.58,2.34,1.11
永创智能,sh603901,14.62,14.6,14.63,33400.0,14.61,9500,14.62,1300,0.14,14.64,14.61,33400,490000.0,0.01,0.21,71.29,76.62,16.06,13.14,1.35
今世缘,sh603369,32.53,32.39,32.42,23300.0,32.5,5100,32.53,1600,0.43,32.53,32.42,23300,760000.0,0.0,0.34,405.58,405.58,35.63,29.15,0.78
宏鑫科技,sz301539,21.19,21.25,21.25,25800.0,21.24,100,21.37,300,-0.28,21.39,21.16,25800,550000.0,0.03,1.08,15.91,31.36,25.5,17.0,3.75
智能自控,sz002877,9.51,9.51,9.53,33300.0,9.5,5600,9.51,7900,0.0,9.53,9.49,33300,320000.0,0.01,0.42,22.87,33.84,10.46,8.56,1.16
香山股份,sz002870,38.31,38.59,38.6,52300.0,38.26,100,38.3,800,-0.73,38.6,38.3,52300,2010000.0,0.04,0.78,49.41,50.6,42.45,34.73,4.12
润建股份,sz002929,50.03,50.32,49.82,512800.0,50.03,700,50.2,300,-0.58,50.2,49.51,512800,25520000.0,0.24,1.37,105.34,142.13,55.35,45.29,8.13
ST华鹏,sh603021,6.09,6.11,6.06,74000.0,6.07,100300,6.09,300,-0.33,6.09,6.06,74000,450000.0,0.02,0.49,19.48,19.48,6.42,5.8,1.48
苏垦农发,sh601952,9.24,9.25,9.24,101100.0,9.24,83400,9.26,15300,-0.11,9.26,9.23,101100,930000.0,0.01,0.32,127.33,127.33,10.18,8.33,2.14
宝泰隆,sh601011,3.5,3.5,3.49,615700.0,3.49,44400,3.5,95700,0.0,3.51,3.49,615700,2150000.0,0.03,0.57,67.05,67.05,3.85,3.15,1.9
安阳钢铁,sh600569,2.42,2.42,2.42,233600.0,2.41,17000,2.42,197800,0.0,2.42,2.4,233600,560000.0,0.01,0.83,69.51,69.51,2.66,2.18,1.96
保龄宝,sz002286,10.48,10.51,10.53,145500.0,10.48,11700,10.49,12200,-0.29,10.53,10.47,145500,1530000.0,0.04,0.57,38.73,39.88,11.56,9.46,2.13
华控赛格,sz000068,3.5,3.51,3.5,150200.0,3.5,114200,3.51,10100,-0.28,3.51,3.5,150200,530000.0,0.01,0.28,35.23,35.23,3.86,3.16,3.15
仲景食品,sz300908,28.48,28.35,28.4,20800.0,28.48,900,28.49,5800,0.46,28.48,28.35,20800,590000.0,0.02,0.46,35.07,41.58,34.02,22.68,3.03
视声智能,bj920976,31.1,30.12,30.6,73300.0,31.1,2200,31.15,12500,3.25,31.1,30.53,73300,2258900.0,0.17,1.89,13.72,22.07,39.15,21.09,11.08
康恩贝,sh600572,4.48,4.47,4.48,424600.0,4.48,9800,4.49,581100,0.22,4.49,4.47,424600,1900000.0,0.02,0.45,113.32,113.62,4.92,4.02,2.02
中简科技,sz300777,41.94,42.07,42.0,110200.0,41.94,300,41.95,2000,-0.31,42.28,41.94,110200,4630000.0,0.03,0.81,177.66,184.41,50.48,33.66,2.1
顺鑫农业,sz000860,14.56,14.52,14.55,84600.0,14.55,40400,14.56,17800,0.28,14.59,14.55,84600,1230000.0,0.01,0.28,108.0,108.0,15.97,13.07,2.3
华电科工,sh601226,10.96,10.85,11.07,1021600.0,10.95,2600,10.96,13000,1.01,11.07,10.96,1021600,11280000.0,0.09,1.01,127.38,127.38,11.94,9.77,3.87
广聚能源,sz000096,10.72,10.76,10.73,104100.0,10.71,16900,10.72,9000,-0.37,10.76,10.71,104100,1120000.0,0.02,0.46,54.76,56.6,11.84,9.68,3.55
长春燃气,sh600333,5.59,5.59,5.59,59000.0,5.58,2000,5.59,600,0.0,5.59,5.56,59000,330000.0,0.01,0.54,34.04,34.04,6.15,5.03,1.59
富佳股份,sh603219,18.72,18.87,18.72,70700.0,18.72,2900,18.74,1100,-0.79,18.75,18.72,70700,1320000.0,0.01,0.16,105.09,105.09,20.76,16.98,2.6
中颖电子,sz300327,30.7,31.09,30.9,783400.0,30.67,200,30.7,1300,-1.25,30.98,30.67,783400,24180000.0,0.23,1.0,104.04,104.8,37.31,24.87,9.15
南方精工,sz002553,27.03,27.23,27.1,80900.0,27.02,20700,27.03,1300,-0.73,27.15,27.02,80900,2190000.0,0.03,0.48,67.79,95.53,29.95,24.51,2.51
*ST南置,sz002305,2.14,2.14,2.14,316700.0,2.14,381700,2.15,317800,0.0,2.14,2.14,316700,680000.0,0.02,0.0,37.11,37.11,2.25,2.03,3.84
渤海股份,sz000605,7.19,7.19,7.19,31200.0,7.18,3500,7.19,5600,0.0,7.19,7.15,31200,220000.0,0.01,0.56,25.36,25.36,7.91,6.47,1.62
迈为股份,sz300751,302.06,310.35,303.99,213300.0,301.71,3000,302.19,100,-2.67,304.01,299.0,213300,64500000.0,0.11,1.61,584.04,843.97,372.42,248.28,4.38
亚信安全,sh688225,21.3,21.35,21.18,4076200.0,21.3,700,21.32,700,-0.23,21.31,21.08,4076200,860000.0,0.01,1.08,85.2,85.2,25.62,17.08,1.81
统一股份,sh600506,24.76,24.87,24.75,81400.0,24.76,800,24.78,500,-0.44,24.91,24.71,81400,2010000.0,0.04,0.8,47.54,47.54,27.36,22.38,3.57
恒林股份,sh603661,34.58,34.51,34.5,6500.0,34.56,1200,34.58,900,0.2,34.78,34.5,6500,220000.0,0.0,0.81,48.09,48.09,37.96,31.06,2.05
中文在线,sz300364,37.94,37.17,37.51,6158100.0,37.98,15900,37.99,71300,2.07,37.99,37.51,6158100,231870000.0,0.93,1.29,250.56,276.39,44.6,29.74,9.19
九华旅游,sh603199,41.77,41.57,41.55,18200.0,41.81,100,41.95,600,0.48,41.77,41.55,18200,760000.0,0.02,0.53,46.23,46.23,45.73,37.41,1.39
立华股份,sz300761,19.75,19.68,19.81,27900.0,19.72,200,19.76,6000,0.36,19.81,19.71,27900,550000.0,0.0,0.51,124.03,165.36,23.62,15.74,1.13
东瑞股份,sz001201,14.7,14.75,14.75,35000.0,14.7,2000,14.71,900,-0.34,14.75,14.7,35000,520000.0,0.02,0.34,29.86,37.89,16.23,13.28,3.2
金达莱,sh688057,12.68,12.69,12.74,905800.0,12.66,3000,12.68,700,-0.08,12.74,12.68,905800,120000.0,0.0,0.47,35.0,35.0,15.23,10.15,1.3
三联锻造,sz001282,21.32,21.32,21.43,35500.0,21.32,1000,21.36,1200,0.0,21.43,21.31,35500,760000.0,0.05,0.56,16.66,47.37,23.45,19.19,4.76
致远新能,sz300985,24.72,24.49,24.48,112600.0,24.72,28200,24.86,100,0.94,24.86,24.48,112600,2770000.0,0.06,1.55,46.11,46.11,29.39,19.59,1.98
城建发展,sh600266,5.63,5.62,5.64,1301100.0,5.62,14800,5.63,153700,0.18,5.65,5.62,1301100,7340000.0,0.06,0.53,116.86,116.86,6.18,5.06,4.41
片仔癀,sh600436,165.99,165.95,165.95,13800.0,165.99,1400,166.46,800,0.02,166.42,165.95,13800,2290000.0,0.0,0.28,1001.45,1001.45,182.55,149.36,0.85
杭州高新,sz300478,24.83,24.62,24.71,41700.0,24.76,1100,24.83,800,0.85,24.9,24.71,41700,1030000.0,0.03,0.77,31.45,31.45,29.54,19.7,4.65
际华集团,sh601718,3.28,3.28,3.28,410500.0,3.27,412600,3.28,222700,0.0,3.28,3.27,410500,1350000.0,0.01,0.3,143.04,143.04,3.61,2.95,2.81
鑫源智造,sh600615,12.59,12.63,12.63,14400.0,12.56,6500,12.59,5600,-0.32,12.63,12.55,14400,180000.0,0.01,0.63,28.36,28.41,13.89,11.37,0.61
欧克科技,sz001223,57.85,58.4,58.02,14200.0,57.75,200,57.96,500,-0.94,58.26,57.85,14200,820000.0,0.02,0.7,54.0,54.0,64.24,52.56,3.14
露笑科技,sz002617,8.73,8.82,8.76,826800.0,8.74,200,8.75,185700,-1.02,8.77,8.73,826800,7240000.0,0.04,0.45,165.12,167.88,9.7,7.94,2.78
中洲控股,sz000042,9.19,9.15,9.22,212400.0,9.18,24400,9.19,800,0.44,9.24,9.15,212400,1960000.0,0.03,0.98,61.03,61.1,10.07,8.24,5.56
同力股份,bj920599,20.88,20.77,20.88,70000.0,20.88,600,20.92,5000,0.53,20.88,20.8,70000,1461300.0,0.02,0.39,73.2,96.58,27.0,14.54,4.65
美利信,sz301307,35.48,35.76,35.5,65800.0,35.48,900,35.5,21500,-0.78,35.67,35.48,65800,2340000.0,0.06,0.53,38.67,74.72,42.91,28.61,3.9
*ST兰黄,sz000929,9.93,9.94,9.92,16000.0,9.93,16900,9.94,3000,-0.1,9.93,9.92,16000,160000.0,0.01,0.1,18.45,18.45,10.44,9.44,1.69
兆丰股份,sz300695,80.0,80.69,80.48,8300.0,80.0,600,80.03,100,-0.86,80.48,80.0,8300,670000.0,0.01,0.59,81.81,81.81,96.83,64.55,2.31
广联达,sz002410,14.2,14.33,14.26,1144400.0,14.19,7300,14.2,300900,-0.91,14.31,14.19,1144400,16300000.0,0.07,0.84,225.51,234.58,15.76,12.9,6.5
欣天科技,sz300615,14.46,14.53,14.45,28700.0,14.46,700,14.48,600,-0.48,14.48,14.43,28700,410000.0,0.02,0.34,18.11,27.94,17.44,11.62,1.88
星宇股份,sh601799,153.83,154.0,154.19,23900.0,152.6,200,153.83,5000,-0.11,154.19,152.6,23900,3680000.0,0.01,1.03,439.46,439.46,169.4,138.6,1.19
苏交科,sz300284,7.27,7.3,7.29,582300.0,7.25,12900,7.27,18600,-0.41,7.3,7.23,582300,4230000.0,0.05,0.96,87.05,91.81,8.76,5.84,8.28
国民技术,sz300077,21.85,22.01,21.9,219000.0,21.84,200,21.85,7400,-0.73,21.9,21.85,219000,4790000.0,0.04,0.23,123.74,127.41,26.41,17.61,2.45
航锦科技,sz000818,24.1,24.31,24.0,1970000.0,24.05,200,24.1,10000,-0.86,24.24,24.0,1970000,47340000.0,0.3,0.99,158.63,159.06,26.74,21.88,9.16
长城汽车,sh601633,20.78,20.76,20.77,68400.0,20.77,15600,20.79,1500,0.1,20.8,20.76,68400,1420000.0,0.0,0.19,1290.28,1778.33,22.84,18.68,1.67
中国天楹,sz000035,5.86,5.87,5.87,228000.0,5.86,3000,5.87,26400,-0.17,5.89,5.85,228000,1340000.0,0.01,0.68,135.54,139.94,6.46,5.28,2.41
税友股份,sh603171,68.48,68.48,68.37,12600.0,68.41,200,68.58,1300,0.0,68.48,68.28,12600,860000.0,0.0,0.29,277.95,278.27,75.33,61.63,0.87
博通集成,sh603068,38.05,38.33,38.12,31700.0,38.02,5300,38.05,1400,-0.73,38.12,38.0,31700,1210000.0,0.02,0.31,57.24,57.24,42.16,34.5,2.22
口子窖,sh603589,28.69,28.56,28.57,20400.0,28.65,300,28.69,400,0.46,28.69,28.57,20400,580000.0,0.0,0.42,171.6,171.6,31.42,25.7,1.06
太阳电缆,sz002300,9.18,9.2,9.08,1876700.0,9.18,84300,9.19,30300,-0.22,9.19,9.04,1876700,17070000.0,0.26,1.63,66.3,66.31,10.12,8.28,13.24
新里程,sz002219,2.39,2.39,2.39,732000.0,2.39,20700,2.4,436900,0.0,2.39,2.38,732000,1750000.0,0.02,0.42,78.2,80.96,2.63,2.15,2.27
金 螳 螂,sz002081,3.68,3.69,3.69,222700.0,3.67,269100,3.68,108600,-0.27,3.69,3.67,222700,820000.0,0.01,0.54,97.32,97.72,4.06,3.32,1.79
东软集团,sh600718,10.53,10.54,10.51,459400.0,10.51,178000,10.54,500,-0.09,10.55,10.51,459400,4830000.0,0.04,0.38,125.67,125.67,11.59,9.49,4.68
奥瑞德,sh600666,3.93,3.94,3.9,4261500.0,3.93,273000,3.95,873900,-0.25,3.95,3.9,4261500,16690000.0,0.18,1.27,95.1,108.13,4.33,3.55,5.01
移远通信,sh603236,86.22,86.12,86.11,142600.0,86.2,900,86.25,100,0.12,86.46,86.1,142600,12290000.0,0.05,0.42,225.6,248.16,94.73,77.51,4.96
金徽酒,sh603919,22.1,21.89,22.1,167900.0,22.1,18800,22.17,700,0.96,22.2,21.9,167900,3710000.0,0.03,1.37,112.1,112.1,24.08,19.7,2.67
天和磁材,sh603072,43.3,43.68,43.3,33200.0,43.29,100,43.32,200,-0.87,43.36,43.21,33200,1440000.0,0.03,0.34,54.66,114.43,48.05,39.31,2.24
小商品城,sh600415,15.02,15.0,15.0,591800.0,15.02,13000,15.03,7600,0.13,15.04,14.99,591800,8880000.0,0.01,0.33,823.63,823.63,16.5,13.5,2.33
三房巷,sh600370,2.69,2.66,2.71,1347500.0,2.68,72700,2.69,2600,1.13,2.72,2.69,1347500,3650000.0,0.03,1.13,104.82,104.82,2.93,2.39,3.45
奋达科技,sz002681,6.28,6.29,6.27,238400.0,6.28,19200,6.29,37100,-0.16,6.29,6.27,238400,1500000.0,0.02,0.32,96.25,112.7,6.92,5.66,2.42
拓新药业,sz301089,28.76,28.71,28.75,9300.0,28.75,300,28.77,200,0.17,28.77,28.72,9300,270000.0,0.01,0.17,26.16,36.39,34.45,22.97,1.06
金财互联,sz002530,10.38,10.39,10.4,143800.0,10.38,17000,10.39,4600,-0.1,10.4,10.36,143800,1490000.0,0.02,0.38,72.15,80.88,11.43,9.35,2.16
胜利精密,sz002426,3.89,3.89,3.88,1307000.0,3.88,52400,3.89,388500,0.0,3.89,3.86,1307000,5070000.0,0.04,0.77,132.36,132.36,4.28,3.5,1.61
中成股份,sz000151,13.44,13.42,13.45,64100.0,13.43,5500,13.44,1300,0.15,13.45,13.42,64100,860000.0,0.02,0.22,41.39,45.34,14.76,12.08,3.01
舍得酒业,sh600702,54.78,54.22,54.78,130600.0,54.77,1500,54.78,1000,1.03,54.78,54.69,130600,7150000.0,0.04,0.17,182.21,182.29,59.64,48.8,3.08
东方创业,sh600278,8.6,8.6,8.62,61300.0,8.6,2300,8.61,100,0.0,8.64,8.6,61300,530000.0,0.01,0.47,74.98,74.98,9.46,7.74,1.81
金种子酒,sh600199,9.66,9.57,9.63,179300.0,9.65,200,9.66,23900,0.94,9.66,9.63,179300,1730000.0,0.03,0.31,63.54,63.54,10.53,8.61,1.8
五矿发展,sh600058,13.01,13.08,12.97,146000.0,13.01,36700,13.04,6800,-0.54,13.04,12.97,146000,1900000.0,0.01,0.54,139.46,139.46,14.39,11.77,2.04
力源信息,sz300184,10.8,10.8,10.9,3498900.0,10.79,900,10.8,36900,0.0,10.95,10.75,3498900,38070000.0,0.33,1.85,112.99,124.31,12.96,8.64,31.37
盛科通信-U,sh688702,156.98,159.26,158.57,5595000.0,156.98,3400,157.01,300,-1.43,158.57,156.98,5595000,8850000.0,0.03,1.0,318.66,643.62,191.11,127.41,2.08
捷捷微电,sz300623,34.39,35.07,34.22,983900.0,34.38,7800,34.39,900,-1.94,34.49,34.2,983900,33700000.0,0.13,0.83,263.91,286.15,42.08,28.06,5.79
北投科技,sh600936,4.36,4.36,4.34,289300.0,4.35,800,4.36,202600,0.0,4.36,4.34,289300,1260000.0,0.02,0.46,72.86,72.86,4.8,3.92,2.07
江西长运,sh600561,7.12,7.12,7.14,68200.0,7.11,200,7.12,14600,0.0,7.14,7.12,68200,490000.0,0.02,0.28,20.25,20.25,7.83,6.41,3.68
五方光电,sz002962,15.4,15.41,15.35,68100.0,15.39,800,15.4,1600,-0.06,15.4,15.35,68100,1050000.0,0.03,0.32,32.21,44.92,16.95,13.87,3.76
保利联合,sz002037,9.11,9.11,9.1,34500.0,9.11,54700,9.12,3100,0.0,9.13,9.1,34500,310000.0,0.01,0.33,44.08,44.08,10.02,8.2,1.31
拓普集团,sh601689,71.88,72.52,71.85,295200.0,71.88,400,71.9,1300,-0.88,71.89,71.78,295200,21210000.0,0.02,0.15,1249.16,1249.16,79.77,65.27,2.43
金卡智能,sz300349,17.76,17.9,17.79,231200.0,17.75,300,17.76,13900,-0.78,17.92,17.76,231200,4120000.0,0.06,0.89,65.59,74.1,21.48,14.32,3.34
恒基达鑫,sz002492,9.24,9.3,9.35,79600.0,9.23,1000,9.24,6600,-0.65,9.35,9.22,79600,740000.0,0.02,1.4,36.76,37.42,10.23,8.37,1.39
春风动力,sh603129,247.49,246.87,247.0,4200.0,247.25,100,247.42,100,0.25,247.87,247.0,4200,1040000.0,0.0,0.35,377.61,377.61,271.56,222.18,0.64
众捷汽车,sz301560,37.0,37.25,37.27,29000.0,36.93,200,37.0,15500,-0.67,37.45,37.0,29000,1080000.0,0.12,1.21,9.0,44.99,44.7,29.8,4.17
凯淳股份,sz301001,34.8,34.62,34.64,20100.0,34.69,1100,34.78,500,0.52,34.9,34.64,20100,700000.0,0.04,0.75,17.5,27.84,41.54,27.7,1.11
宏海科技,bj920108,13.18,13.19,13.24,3800.0,13.15,1000,13.18,300,-0.08,13.24,13.17,3800,50500.0,0.01,0.53,4.67,22.7,17.14,9.24,1.25
安邦护卫,sh603373,41.71,40.69,41.2,73300.0,41.71,6200,41.8,1500,2.51,41.93,41.2,73300,3030000.0,0.16,1.79,18.95,44.85,44.76,36.62,17.14
速达股份,sz001277,41.75,41.52,41.56,4300.0,41.62,100,41.74,2100,0.55,41.76,41.56,4300,180000.0,0.01,0.48,18.95,31.73,45.67,37.37,0.82
新日股份,sh603787,13.48,13.52,13.49,12200.0,13.45,300,13.48,2800,-0.3,13.49,13.41,12200,160000.0,0.01,0.59,31.02,31.02,14.87,12.17,1.2
济民健康,sh603222,9.01,8.94,9.07,96300.0,8.96,100,9.01,2700,0.78,9.07,8.94,96300,860000.0,0.02,1.45,47.31,47.31,9.83,8.05,2.31
鹏鹞环保,sz300664,5.62,5.63,5.64,89700.0,5.63,10300,5.64,12600,-0.18,5.65,5.62,89700,510000.0,0.01,0.53,42.28,42.5,6.76,4.5,1.85
郴电国际,sh600969,9.47,9.48,9.47,295600.0,9.46,2700,9.47,6500,-0.11,9.49,9.45,295600,2800000.0,0.08,0.42,35.04,35.04,10.43,8.53,2.48
天桥起重,sz002523,4.54,4.57,4.57,440600.0,4.54,68600,4.55,16300,-0.66,4.58,4.54,440600,2010000.0,0.03,0.88,64.08,64.32,5.03,4.11,3.87
机器人,sz300024,17.54,17.6,17.51,236300.0,17.53,25500,17.54,900,-0.34,17.55,17.5,236300,4140000.0,0.02,0.28,270.1,274.61,21.12,14.08,2.68
奕帆传动,sz301023,46.35,46.57,46.48,43100.0,46.35,1700,46.38,1200,-0.47,46.55,46.31,43100,2000000.0,0.1,0.52,19.38,36.23,55.88,37.26,4.22
必得科技,sh605298,43.91,43.73,43.92,6700.0,43.85,600,43.91,500,0.41,43.92,43.86,6700,290000.0,0.0,0.14,81.78,82.48,48.1,39.36,1.15
川仪股份,sh603100,24.83,24.91,24.8,54100.0,24.83,1500,24.84,100,-0.32,24.84,24.8,54100,1340000.0,0.01,0.16,127.02,127.42,27.4,22.42,2.46
石化油服,sh600871,2.96,3.03,2.96,11530400.0,2.96,2066200,2.97,280600,-2.31,2.98,2.96,11530400,34160000.0,0.09,0.66,400.99,561.13,3.33,2.73,7.16
江南高纤,sh600527,2.3,2.3,2.3,401700.0,2.29,374400,2.3,114300,0.0,2.3,2.29,401700,920000.0,0.02,0.43,39.83,39.83,2.53,2.07,1.83
必创科技,sz300667,19.31,19.42,19.29,84800.0,19.31,1600,19.33,18600,-0.57,19.4,19.29,84800,1640000.0,0.05,0.57,33.33,39.52,23.3,15.54,2.34
慧智微-U,sh688512,12.06,12.08,12.07,3752800.0,12.02,400,12.03,1200,-0.17,12.08,12.04,3752800,450000.0,0.01,0.33,39.14,56.3,14.5,9.66,1.49
直真科技,sz003007,45.72,45.57,45.67,127400.0,45.72,7100,45.79,100,0.33,46.0,45.6,127400,5830000.0,0.18,0.88,32.87,46.55,50.13,41.01,6.9
广州酒家,sh603043,18.12,18.0,18.12,33200.0,18.12,5200,18.15,1000,0.67,18.15,18.11,33200,600000.0,0.01,0.22,102.19,103.06,19.8,16.2,1.51
可靠股份,sz301009,13.06,13.04,13.05,31100.0,13.04,11400,13.06,900,0.15,13.07,13.01,31100,410000.0,0.02,0.46,19.73,35.5,15.65,10.43,2.47
泰胜风能,sz300129,13.37,13.42,13.35,299900.0,13.37,34400,13.38,16900,-0.37,13.43,13.34,299900,4010000.0,0.04,0.67,96.09,148.25,16.1,10.74,1.73
惠泉啤酒,sh600573,12.0,11.94,11.95,74000.0,12.0,8800,12.03,1400,0.5,12.02,11.95,74000,890000.0,0.03,0.59,30.0,30.0,13.13,10.75,2.37
上实发展,sh600748,5.36,5.38,5.36,96600.0,5.36,2000,5.37,10300,-0.37,5.37,5.35,96600,520000.0,0.01,0.37,98.87,98.87,5.92,4.84,1.97
中创股份,sh688695,29.05,29.31,29.12,2812900.0,29.2,400,29.26,800,-0.89,29.3,29.0,2812900,820000.0,0.05,1.02,14.89,24.71,35.17,23.45,7.52
应流股份,sh603308,66.82,67.29,67.29,875200.0,66.61,200,66.82,15600,-0.7,67.29,66.61,875200,58840000.0,0.13,1.01,453.73,453.73,74.02,60.56,8.95
雅创电子,sz301099,45.98,46.46,46.0,37100.0,45.94,300,45.98,2100,-1.03,46.15,45.95,37100,1710000.0,0.04,0.43,41.28,67.44,55.75,37.17,3.73
白云机场,sh600004,9.46,9.44,9.45,168600.0,9.45,90700,9.46,29700,0.21,9.46,9.45,168600,1590000.0,0.01,0.11,223.89,243.81,10.38,8.5,2.41
光明地产,sh600708,4.28,4.26,4.3,490600.0,4.27,11600,4.28,16300,0.47,4.3,4.27,490600,2110000.0,0.02,0.7,95.24,95.39,4.69,3.83,2.8
富恒新材,bj920469,10.81,10.75,10.95,60800.0,10.81,2000,10.89,500,0.56,10.95,10.77,60800,662200.0,0.06,1.67,11.18,15.24,13.97,7.53,11.12
显盈科技,sz301067,34.76,34.83,34.84,28900.0,34.76,200,34.78,400,-0.2,35.25,34.76,28900,1010000.0,0.05,1.41,22.19,33.8,41.8,27.86,3.07
西山科技,sh688576,81.1,81.1,80.01,284700.0,80.26,1500,81.1,3800,0.0,81.1,80.01,284700,230000.0,0.01,1.34,17.67,36.9,97.32,64.88,0.97
爱慕股份,sh603511,15.67,15.7,15.66,6500.0,15.67,2800,15.68,1200,-0.19,15.68,15.65,6500,100000.0,0.0,0.19,62.98,63.31,17.27,14.13,0.65
赛摩智能,sz300466,9.67,9.7,9.66,72600.0,9.69,6800,9.71,1400,-0.31,9.75,9.65,72600,700000.0,0.02,1.03,43.41,51.79,11.64,7.76,1.79
大智慧,sh601519,12.41,12.39,12.4,129800.0,12.41,5000,12.42,2400,0.16,12.44,12.39,129800,1610000.0,0.01,0.4,246.85,246.85,13.63,11.15,1.19
中源协和,sh600645,25.5,25.45,25.5,18100.0,25.47,600,25.5,1400,0.2,25.56,25.5,18100,460000.0,0.0,0.24,119.28,119.33,28.0,22.91,0.96
航发动力,sh600893,51.81,51.97,51.88,339800.0,51.8,1100,51.81,6300,-0.31,51.96,51.8,339800,17630000.0,0.01,0.31,1380.8,1381.04,57.17,46.77,1.93
中瓷电子,sz003031,74.8,75.35,75.0,89800.0,74.8,4000,74.81,200,-0.73,75.15,74.6,89800,6730000.0,0.03,0.73,254.44,337.39,82.89,67.82,3.36
迈信林,sh688685,46.57,46.65,46.55,1687000.0,46.57,3900,46.78,700,-0.17,46.57,46.49,1687000,790000.0,0.01,0.17,68.39,68.39,55.98,37.32,1.21
凌钢股份,sh600231,2.31,2.32,2.31,195400.0,2.3,252700,2.31,23700,-0.43,2.31,2.3,195400,450000.0,0.01,0.43,65.0,65.83,2.55,2.09,2.41
中国重汽,sz000951,21.18,21.65,21.41,637300.0,21.12,1600,21.19,16700,-2.17,21.49,21.14,637300,13630000.0,0.05,1.62,248.84,248.84,23.82,19.49,7.38
朗科智能,sz300543,11.25,11.26,11.26,64000.0,11.25,300,11.26,300,-0.09,11.3,11.25,64000,720000.0,0.03,0.44,28.15,34.47,13.51,9.01,3.97
凯德石英,bj920179,51.95,52.5,51.7,111400.0,52.0,200,52.01,1000,-1.05,52.7,51.7,111400,5771799.999999999,0.19,1.9,31.02,38.95,68.25,36.75,2.98
广咨国际,bj920892,16.87,16.82,16.72,20300.0,16.78,4800,16.86,200,0.3,16.99,16.72,20300,342200.0,0.01,1.61,25.02,28.74,21.86,11.78,3.4
海得控制,sz002184,13.12,13.16,13.09,26400.0,13.11,1600,13.12,600,-0.3,13.14,13.09,26400,350000.0,0.01,0.38,31.54,46.17,14.48,11.84,1.49
珠海港,sz000507,5.46,5.48,5.45,499900.0,5.46,31000,5.47,53700,-0.36,5.47,5.45,499900,2730000.0,0.06,0.36,49.27,50.22,6.03,4.93,11.07
大参林,sh603233,19.6,19.5,19.55,34900.0,19.59,4200,19.6,100,0.51,19.6,19.54,34900,680000.0,0.0,0.31,223.21,223.21,21.45,17.55,1.84
光正眼科,sz002524,4.77,4.77,4.79,273600.0,4.77,13300,4.78,41400,0.0,4.79,4.76,273600,1310000.0,0.05,0.63,24.37,24.58,5.25,4.29,2.35
长青科技,sz001324,19.46,19.46,19.47,22700.0,19.46,400,19.47,1400,0.0,19.52,19.46,22700,440000.0,0.03,0.31,15.89,26.85,21.41,17.51,2.13
起帆电缆,sh605222,20.94,21.05,20.96,39500.0,20.93,1600,20.94,2200,-0.52,20.96,20.86,39500,830000.0,0.01,0.48,86.46,86.46,23.16,18.95,2.22
喜悦智行,sz301198,14.78,14.72,14.71,44300.0,14.77,1500,14.78,2200,0.41,14.81,14.7,44300,650000.0,0.03,0.75,22.99,24.98,17.66,11.78,3.38
*ST四通,sh603838,7.46,7.46,7.46,800.0,7.44,100,7.46,2200,0.0,7.46,7.46,800,10000.0,0.0,0.0,23.87,23.87,7.83,7.09,0.1
超图软件,sz300036,19.0,18.95,18.84,301900.0,19.05,1300,19.12,3500,0.26,19.12,18.84,301900,5710000.0,0.07,1.48,83.31,93.63,22.74,15.16,5.95
香溢融通,sh600830,9.66,9.64,9.66,29500.0,9.66,16100,9.67,1500,0.21,9.67,9.6,29500,280000.0,0.01,0.73,43.89,43.89,10.6,8.68,1.02
山大地纬,sh688579,12.59,12.06,12.29,40356400.0,12.59,5800,12.6,13700,4.39,12.6,12.29,40356400,4990000.0,0.1,2.57,50.36,50.36,14.47,9.65,18.61
数码视讯,sz300079,6.57,6.36,6.48,4918700.0,6.57,49900,6.59,86600,3.3,6.59,6.48,4918700,32040000.0,0.38,1.73,84.19,93.69,7.63,5.09,9.54
超卓航科,sh688237,48.69,48.69,48.69,80000.0,48.03,2000,48.69,4900,0.0,48.69,48.69,80000,40000.0,0.0,0.0,43.67,43.67,58.43,38.95,0.2
ST帕瓦,sh688184,10.46,10.51,10.46,767800.0,10.45,1200,10.46,1800,-0.48,10.46,10.46,767800,80000.0,0.01,0.0,10.51,16.64,12.61,8.41,1.62
*ST传智,sz003032,6.65,6.68,6.65,111600.0,6.65,2000,6.66,18600,-0.45,6.66,6.65,111600,740000.0,0.04,0.15,18.37,26.76,7.01,6.35,6.53
泉峰汽车,sh603982,8.89,8.89,8.88,11200.0,8.89,6400,8.91,400,0.0,8.91,8.88,11200,100000.0,0.0,0.34,30.19,32.46,9.78,8.0,0.44
高新发展,sz000628,55.05,55.85,55.82,816800.0,55.02,4200,55.05,1700,-1.43,55.85,55.02,816800,45520000.0,0.42,1.49,105.83,193.93,61.44,50.27,18.75
金冠股份,sz300510,4.57,4.61,4.59,349900.0,4.57,10700,4.58,60800,-0.87,4.59,4.56,349900,1600000.0,0.04,0.65,37.69,37.69,5.53,3.69,3.64
铁流股份,sh603926,23.46,23.46,23.46,19300.0,23.43,200,23.46,3200,0.0,23.46,23.33,19300,450000.0,0.01,0.55,54.15,55.06,25.81,21.11,0.62
佳禾智能,sz300793,16.34,16.37,16.35,169000.0,16.34,4800,16.35,5300,-0.18,16.35,16.28,169000,2760000.0,0.05,0.43,60.8,62.18,19.64,13.1,4.71
雪榕生物,sz300511,7.15,7.08,7.14,444400.0,7.14,52600,7.15,10700,0.99,7.15,7.1,444400,3170000.0,0.08,0.71,40.04,45.82,8.5,5.66,2.32
敷尔佳,sz301371,25.21,25.17,25.1,38600.0,25.18,700,25.21,2600,0.16,25.21,25.1,38600,970000.0,0.05,0.44,19.61,131.12,30.2,20.14,2.56
新城市,sz300778,15.14,15.2,15.19,78700.0,15.14,500,15.16,700,-0.39,15.19,15.1,78700,1190000.0,0.04,0.59,30.83,30.83,18.24,12.16,2.5
*ST天山,sz300313,7.14,7.15,7.08,124400.0,7.09,1100,7.15,23800,-0.14,7.17,7.01,124400,880000.0,0.06,2.24,14.09,17.12,8.58,5.72,7.02
通达股份,sz002560,10.48,10.63,10.51,309900.0,10.47,6200,10.49,37600,-1.41,10.53,10.46,309900,3250000.0,0.07,0.66,47.47,55.1,11.69,9.57,3.22
华软科技,sz002453,6.07,6.09,6.1,164900.0,6.06,19100,6.07,66600,-0.33,6.1,6.07,164900,1000000.0,0.03,0.49,37.19,49.31,6.7,5.48,3.03
凯发电气,sz300407,13.56,13.6,13.57,63900.0,13.56,1600,13.57,18900,-0.29,13.58,13.54,63900,870000.0,0.02,0.29,34.98,43.4,16.32,10.88,1.65
博源化工,sz000683,8.45,8.55,8.51,549300.0,8.45,7900,8.46,13100,-1.17,8.53,8.45,549300,4670000.0,0.02,0.94,282.99,314.07,9.41,7.7,2.94
苏轴股份,bj920418,27.59,27.68,27.59,11000.0,27.59,100,27.6,300,-0.33,27.65,27.54,11000,302300.0,0.01,0.4,43.04,44.83,35.98,19.38,1.36
天康生物,sz002100,7.03,7.02,7.0,213800.0,7.02,31200,7.03,6900,0.14,7.03,7.0,213800,1500000.0,0.02,0.43,95.98,95.98,7.72,6.32,3.87
精进电动-UW,sh688280,10.08,10.02,10.02,30010900.0,10.08,6400,10.09,1000,0.6,10.11,10.02,30010900,3010000.0,0.06,0.9,52.47,59.49,12.02,8.02,3.15
电投水电,sh600292,15.48,15.68,15.61,640200.0,15.47,100,15.48,4900,-1.28,15.62,15.47,640200,9990000.0,0.08,0.96,120.87,678.06,17.25,14.11,4.06
金麒麟,sh603586,18.91,18.86,18.86,6600.0,18.88,3500,18.91,400,0.27,18.95,18.86,6600,120000.0,0.0,0.48,37.07,37.07,20.75,16.97,1.3
东鹏饮料,sh605499,268.56,267.9,268.56,6200.0,267.9,300,268.55,200,0.25,268.71,267.0,6200,1660000.0,0.0,0.64,1396.55,1506.36,294.69,241.11,0.84
北路智控,sz301195,36.03,36.0,35.98,7800.0,36.01,400,36.05,1000,0.08,36.03,35.91,7800,280000.0,0.01,0.33,31.6,47.58,43.2,28.8,1.53
海正生材,sh688203,13.75,13.79,13.78,7485600.0,13.67,3400,13.75,1200,-0.29,13.79,13.66,7485600,1030000.0,0.06,0.94,17.07,27.87,16.55,11.03,6.46
合力泰,sz002217,2.99,3.0,3.0,996700.0,2.99,128100,3.0,614500,-0.33,3.0,2.98,996700,2980000.0,0.02,0.67,169.84,223.63,3.3,2.7,3.5
国瑞科技,sz300600,14.3,14.27,14.23,17800.0,14.3,13100,14.35,1300,0.21,14.3,14.23,17800,250000.0,0.01,0.49,42.08,42.08,17.12,11.42,0.82
立方控股,bj920130,25.66,25.4,25.4,25300.0,25.5,400,25.66,100,1.02,25.67,25.4,25300,645100.0,0.05,1.06,14.36,23.67,33.02,17.78,2.1
灿能电力,bj920299,25.95,26.07,25.8,188800.0,25.89,1100,25.94,300,-0.46,25.95,25.62,188800,4869400.0,0.43,1.27,11.52,23.38,33.89,18.25,6.95
丰光精密,bj920510,17.82,17.95,17.89,23300.0,17.84,1000,17.88,400,-0.72,17.89,17.8,23300,415400.0,0.02,0.5,16.73,32.83,23.33,12.57,2.94
如通股份,sh603036,20.3,20.46,20.43,39700.0,20.27,500,20.3,700,-0.78,20.43,20.07,39700,810000.0,0.02,1.76,41.82,41.82,22.51,18.41,2.48
百诚医药,sz301096,48.94,49.11,48.9,7000.0,48.9,100,48.99,100,-0.35,49.13,48.9,7000,340000.0,0.01,0.47,40.52,53.46,58.93,39.29,0.87
博云新材,sz002297,12.8,12.6,12.65,719100.0,12.8,26300,12.82,20000,1.59,12.82,12.65,719100,9140000.0,0.13,1.35,73.36,73.36,13.86,11.34,4.32
*ST花王,sh603007,6.22,6.32,6.25,399900.0,6.21,89100,6.22,800,-1.58,6.25,6.21,399900,2500000.0,0.06,0.63,43.23,55.02,6.64,6.0,6.33
金城医药,sz300233,15.29,15.29,15.23,61100.0,15.27,300,15.3,4200,0.0,15.29,15.2,61100,930000.0,0.02,0.59,56.83,58.69,18.35,12.23,3.1
彩虹集团,sz003023,23.32,23.27,23.27,8300.0,23.32,300,23.35,300,0.21,23.33,23.27,8300,190000.0,0.01,0.26,24.51,24.57,25.6,20.94,0.96
新通联,sh603022,11.47,11.46,11.48,46300.0,11.46,9300,11.47,1700,0.09,11.5,11.46,46300,530000.0,0.02,0.35,22.94,22.94,12.61,10.31,2.94
金桥信息,sh603918,16.45,16.54,16.42,97100.0,16.45,1100,16.47,900,-0.54,16.5,16.39,97100,1590000.0,0.03,0.67,60.06,60.06,18.19,14.89,1.9
南新制药,sh688189,8.51,8.49,8.51,6132500.0,8.49,7200,8.5,3400,0.24,8.51,8.5,6132500,520000.0,0.02,0.12,23.35,23.35,10.19,6.79,3.16
中再资环,sh600217,4.09,4.09,4.09,135600.0,4.09,100,4.1,75100,0.0,4.1,4.08,135600,550000.0,0.01,0.49,67.8,67.8,4.5,3.68,2.14
安诺其,sz300067,5.69,5.68,5.64,3350700.0,5.69,120800,5.71,23000,0.18,5.71,5.62,3350700,18940000.0,0.36,1.58,53.34,65.68,6.82,4.54,6.1
ST惠伦,sz300460,8.9,8.88,8.88,40000.0,8.88,5000,8.9,5100,0.23,8.9,8.85,40000,360000.0,0.01,0.56,24.99,24.99,10.66,7.1,1.74
富岭股份,sz001356,12.55,12.54,12.57,12600.0,12.55,300,12.56,3900,0.08,12.57,12.55,12600,160000.0,0.01,0.16,25.18,73.96,13.79,11.29,1.0
利亚德,sz300296,7.21,7.24,7.19,1190400.0,7.21,4400,7.22,27800,-0.41,7.21,7.17,1190400,8560000.0,0.05,0.55,163.97,195.53,8.69,5.79,2.61
华信永道,bj920592,38.22,38.23,38.59,13700.0,38.22,300,38.46,600,-0.03,38.59,38.17,13700,526700.0,0.03,1.1,19.22,30.88,49.69,26.77,3.23
赛力斯,sh601127,108.55,108.88,108.87,149000.0,108.5,200,108.55,12500,-0.3,108.88,108.42,149000,16210000.0,0.01,0.42,1638.87,1890.92,119.77,97.99,2.44
华远控股,sh600743,1.97,1.97,1.96,391900.0,1.96,187900,1.97,1700,0.0,1.98,1.96,391900,770000.0,0.02,1.02,46.22,46.22,2.17,1.77,4.58
ST金鸿,sz000669,3.74,3.56,3.74,11237100.0,3.74,11615500,0.0,0,5.06,3.74,3.74,11237100,42030000.0,1.65,0.0,25.45,25.45,3.74,3.38,484.98
云煤能源,sh600792,4.46,4.43,4.43,562700.0,4.44,100700,4.46,1600,0.68,4.46,4.42,562700,2500000.0,0.05,0.9,49.5,49.5,4.87,3.99,2.24
渤海租赁,sz000415,5.15,5.15,5.11,5081600.0,5.15,20100,5.16,549200,0.0,5.16,5.1,5081600,26010000.0,0.09,1.17,277.74,318.5,5.67,4.64,7.03
福达股份,sh603166,16.86,16.95,16.81,74800.0,16.83,3900,16.86,9100,-0.53,16.87,16.81,74800,1260000.0,0.01,0.35,107.74,108.86,18.65,15.26,2.16
深圳瑞捷,sz300977,20.57,20.55,20.65,28100.0,20.57,500,20.6,600,0.1,20.65,20.5,28100,580000.0,0.03,0.73,19.5,31.31,24.66,16.44,1.25
格林精密,sz300968,13.95,14.0,13.9,197300.0,13.96,400,14.0,8000,-0.36,13.96,13.86,197300,2740000.0,0.05,0.71,57.67,57.67,16.8,11.2,11.97
协创数据,sz300857,246.29,247.99,245.35,515200.0,246.29,1800,247.11,100,-0.69,247.11,243.6,515200,126480000.0,0.15,1.42,850.02,852.46,297.59,198.39,12.14
思源电气,sz002028,216.8,218.49,215.99,132000.0,216.8,300,217.4,600,-0.77,217.4,215.99,132000,28550000.0,0.02,0.65,1321.33,1693.4,240.34,196.64,3.6
颖泰生物,bj920819,3.89,3.91,3.89,69800.0,3.89,105000,3.9,10200,-0.51,3.9,3.89,69800,271900.0,0.01,0.26,47.13,47.68,5.08,2.74,2.64
北京人力,sh600861,18.35,18.44,18.42,15900.0,18.37,900,18.41,3400,-0.49,18.44,18.35,15900,290000.0,0.0,0.49,67.27,103.88,20.28,16.6,1.32
荣联科技,sz002642,8.68,8.68,8.65,132300.0,8.68,1500,8.69,1000,0.0,8.68,8.65,132300,1150000.0,0.02,0.35,57.43,57.43,9.55,7.81,2.16
华新环保,sz301265,14.5,14.7,14.71,174200.0,14.51,1000,14.53,200,-1.36,14.78,14.5,174200,2560000.0,0.1,1.9,24.62,43.93,17.64,11.76,6.45
海泰发展,sh600082,4.32,4.32,4.32,118800.0,4.32,26100,4.34,35100,0.0,4.34,4.32,118800,510000.0,0.02,0.46,27.4,27.91,4.75,3.89,1.85
风语筑,sh603466,11.0,10.62,10.94,4704300.0,11.0,257000,11.02,14200,3.58,11.15,10.93,4704300,51660000.0,0.79,2.07,65.43,65.43,11.68,9.56,13.8
宁波建工,sh601789,5.4,5.4,5.38,1475200.0,5.39,76100,5.4,3500,0.0,5.41,5.36,1475200,7940000.0,0.14,0.93,58.69,82.32,5.94,4.86,9.61
易事特,sz300376,6.71,6.76,6.7,234100.0,6.71,2500,6.72,3800,-0.74,6.73,6.7,234100,1570000.0,0.01,0.44,156.17,156.22,8.11,5.41,2.5
永安期货,sh600927,15.3,15.26,15.3,35700.0,15.3,4100,15.32,1000,0.26,15.3,15.29,35700,550000.0,0.0,0.07,222.7,222.7,16.79,13.73,1.84
贝泰妮,sz300957,48.45,47.75,47.94,121500.0,48.45,100,48.46,1400,1.47,48.45,47.94,121500,5850000.0,0.03,1.07,205.23,205.23,57.3,38.2,2.39
恒进感应,bj920870,17.52,17.51,17.5,3800.0,17.52,400,17.58,2600,0.06,17.59,17.5,3800,66100.0,0.01,0.51,11.56,23.48,22.76,12.26,1.31
云鼎科技,sz000409,11.86,11.92,11.88,99700.0,11.86,3800,11.87,13400,-0.5,11.9,11.85,99700,1180000.0,0.02,0.42,70.04,80.41,13.11,10.73,2.53
狄耐克,sz300884,15.58,15.64,15.58,72700.0,15.57,400,15.58,5500,-0.38,15.58,15.51,72700,1130000.0,0.04,0.45,29.82,39.55,18.77,12.51,2.5
和而泰,sz002402,35.94,35.93,35.92,311000.0,35.94,1200,36.0,600,0.03,36.03,35.89,311000,11180000.0,0.04,0.39,292.41,332.31,39.52,32.34,3.68
我乐家居,sh603326,10.1,10.02,10.07,38700.0,10.09,6400,10.1,2900,0.8,10.1,10.07,38700,390000.0,0.01,0.3,32.24,32.24,11.02,9.02,2.13
罗欣药业,sz002793,4.93,4.93,4.96,321200.0,4.92,44300,4.93,25800,0.0,4.97,4.93,321200,1590000.0,0.03,0.81,53.54,53.62,5.42,4.44,2.48
网达软件,sh603189,21.06,21.19,21.09,86500.0,21.05,13700,21.06,37800,-0.61,21.13,21.05,86500,1820000.0,0.03,0.38,56.77,56.77,23.31,19.07,2.63
宇通客车,sh600066,32.18,32.21,32.21,97900.0,32.13,2800,32.18,4600,-0.09,32.21,32.11,97900,3150000.0,0.0,0.31,712.45,712.45,35.43,28.99,2.1
光莆股份,sz300632,13.92,14.02,13.98,37900.0,13.91,3800,13.92,1600,-0.71,13.98,13.9,37900,530000.0,0.02,0.57,30.79,42.48,16.82,11.22,1.67
葵花药业,sz002737,14.1,14.06,14.08,13300.0,14.1,600,14.12,3500,0.28,14.12,14.07,13300,190000.0,0.0,0.36,82.34,82.34,15.47,12.65,1.26
九芝堂,sz000989,8.99,8.99,8.98,149600.0,8.98,63800,8.99,2400,0.0,9.03,8.98,149600,1340000.0,0.02,0.56,62.4,76.95,9.89,8.09,1.72
得邦照明,sh603303,15.16,15.13,15.15,11200.0,15.16,1000,15.17,200,0.2,15.17,15.15,11200,170000.0,0.0,0.13,72.3,72.3,16.64,13.62,1.18
东安动力,sh600178,12.32,12.33,12.32,6800.0,12.31,5500,12.32,6300,-0.08,12.32,12.32,6800,80000.0,0.0,0.0,57.47,57.47,13.56,11.1,0.41
信安世纪,sh688201,16.11,16.02,16.1,4739400.0,16.11,400,16.14,10900,0.56,16.12,16.06,4739400,760000.0,0.02,0.37,48.74,51.09,19.22,12.82,1.54
申科股份,sz002633,17.28,16.79,17.12,241200.0,17.28,29700,17.31,100,2.92,17.31,17.12,241200,4140000.0,0.16,1.13,25.82,25.92,18.47,15.11,26.1
吉比特,sh603444,434.3,436.12,434.99,8700.0,434.12,300,434.3,100,-0.42,435.0,434.0,8700,3780000.0,0.01,0.23,312.87,312.87,479.73,392.51,1.52
山外山,sh688410,17.55,17.52,17.49,2314600.0,17.55,700,17.58,7600,0.17,17.58,17.49,2314600,410000.0,0.01,0.51,56.09,56.09,21.02,14.02,1.32
卓兆点胶,bj920026,37.18,37.04,37.18,9500.0,37.2,700,37.27,300,0.38,37.37,37.18,9500,355200.00000000006,0.03,0.51,13.84,30.52,48.15,25.93,3.26
恒尚节能,sh603137,14.59,14.54,14.56,9600.0,14.58,3800,14.59,100,0.34,14.62,14.56,9600,140000.0,0.01,0.41,10.76,26.69,15.99,13.09,1.74
华凯易佰,sz300592,14.06,14.05,14.0,234800.0,14.02,8000,14.05,200,0.07,14.26,14.0,234800,3300000.0,0.07,1.85,49.05,56.85,16.86,11.24,3.88
华达新材,sh605158,8.34,8.33,8.3,19900.0,8.34,300,8.37,11200,0.12,8.34,8.3,19900,170000.0,0.0,0.48,42.65,42.65,9.16,7.5,0.49
峰璟股份,sz002662,4.16,4.16,4.16,167700.0,4.15,120600,4.16,45400,0.0,4.16,4.15,167700,700000.0,0.01,0.24,62.4,62.4,4.58,3.74,1.37
和顺石油,sh603353,38.5,38.35,38.16,55200.0,38.5,900,38.58,200,0.39,38.51,38.0,55200,2110000.0,0.03,1.33,65.61,66.18,42.19,34.52,2.51
健麾信息,sh605186,22.21,22.28,22.17,46300.0,22.21,5400,22.31,100,-0.31,22.33,22.17,46300,1030000.0,0.03,0.72,30.21,30.21,24.51,20.05,3.1
明新旭腾,sh605068,26.28,26.29,26.29,5400.0,26.21,100,26.27,200,-0.04,26.29,26.21,5400,140000.0,0.0,0.3,42.63,42.63,28.92,23.66,0.66
欢瑞世纪,sz000892,8.63,8.95,8.58,11140300.0,8.63,20000,8.75,22000,-3.58,8.76,8.5,11140300,95710000.0,1.57,2.91,61.35,84.66,9.85,8.06,24.3
国茂股份,sh603915,17.41,17.44,17.46,108800.0,17.4,7900,17.41,2700,-0.17,17.46,17.4,108800,1900000.0,0.02,0.34,114.32,114.32,19.18,15.7,4.81
元隆雅图,sz002878,20.1,20.0,19.9,171500.0,20.1,6200,20.14,100,0.5,20.1,19.85,171500,3420000.0,0.07,1.25,47.42,52.66,22.0,18.0,2.52
朗鸿科技,bj920395,11.61,11.69,11.66,1100.0,11.61,900,11.65,1800,-0.68,11.66,11.61,1100,13000.0,0.0,0.43,11.99,17.72,15.19,8.19,0.45
柯力传感,sh603662,66.7,67.1,66.82,18600.0,66.7,100,66.77,3900,-0.6,66.82,66.67,18600,1240000.0,0.01,0.22,187.31,187.31,73.81,60.39,1.27
合力科技,sh603917,14.7,14.73,14.75,52400.0,14.7,1400,14.72,32800,-0.2,14.75,14.7,52400,770000.0,0.03,0.34,29.96,29.96,16.2,13.26,2.66
探路者,sz300005,14.04,14.19,14.1,216600.0,14.03,20100,14.04,900,-1.06,14.12,14.03,216600,3050000.0,0.02,0.63,124.02,124.07,17.03,11.35,1.35
宝兰德,sh688058,33.0,33.12,33.07,1011600.0,32.93,200,33.0,1100,-0.36,33.08,32.92,1011600,330000.0,0.01,0.48,25.03,25.03,39.74,26.5,1.22
纬德信息,sh688171,51.38,51.42,51.6,98000.0,50.97,600,51.33,200,-0.08,51.6,51.38,98000,50000.0,0.0,0.43,43.04,43.04,61.7,41.14,0.19
博彦科技,sz002649,14.16,14.18,14.11,406600.0,14.16,2100,14.18,200,-0.14,14.2,14.1,406600,5750000.0,0.07,0.71,77.67,82.88,15.6,12.76,5.77
萤石网络,sh688475,30.48,30.58,30.43,786000.0,30.48,200,30.52,800,-0.33,30.52,30.39,786000,240000.0,0.0,0.43,240.03,240.03,36.7,24.46,0.71
华设集团,sh603018,7.94,7.96,7.92,45100.0,7.94,11600,7.95,9700,-0.25,7.95,7.92,45100,360000.0,0.01,0.38,54.29,54.29,8.76,7.16,0.68
兆驰股份,sz002429,11.55,11.5,11.5,2707000.0,11.55,2100,11.56,6800,0.43,11.57,11.41,2707000,31120000.0,0.06,1.39,522.56,522.86,12.65,10.35,3.44
莲花控股,sh600186,6.44,6.53,6.4,2713900.0,6.44,12800,6.47,5200,-1.38,6.47,6.4,2713900,17390000.0,0.15,1.07,114.65,115.45,7.18,5.88,4.78
云南能投,sz002053,11.27,11.3,11.3,63600.0,11.27,6500,11.28,12800,-0.27,11.3,11.27,63600,720000.0,0.01,0.27,103.77,103.77,12.43,10.17,3.47
天保基建,sz000965,4.02,4.01,4.0,395900.0,4.01,124700,4.02,75600,0.25,4.02,4.0,395900,1590000.0,0.04,0.5,44.62,44.62,4.41,3.61,3.52
恒为科技,sh603496,30.05,30.2,29.9,189600.0,30.05,2300,30.14,100,-0.5,30.19,29.9,189600,5670000.0,0.06,0.96,96.22,96.22,33.22,27.18,2.95
国统股份,sz002205,14.43,14.4,14.41,43800.0,14.41,2300,14.43,300,0.21,14.47,14.41,43800,630000.0,0.02,0.42,26.82,26.82,15.84,12.96,2.84
之江生物,sh688317,21.17,21.04,21.1,1151700.0,21.11,12300,21.15,200,0.62,21.18,21.1,1151700,240000.0,0.01,0.38,40.68,40.68,25.25,16.83,0.96
浙江华远,sz301535,26.8,26.89,26.89,28700.0,26.77,1200,26.8,1300,-0.33,26.95,26.79,28700,770000.0,0.04,0.6,17.1,113.98,32.27,21.51,0.86
东软载波,sz300183,16.2,16.31,16.19,145300.0,16.2,6400,16.21,18600,-0.67,16.22,16.15,145300,2350000.0,0.04,0.43,65.86,74.94,19.57,13.05,6.23
新亚电缆,sz001382,20.63,20.73,20.6,26600.0,20.63,1000,20.7,6400,-0.48,20.72,20.6,26600,550000.0,0.04,0.58,12.79,85.0,22.8,18.66,3.43
开创国际,sh600097,12.37,12.27,12.33,131200.0,12.34,9100,12.37,18500,0.81,12.38,12.33,131200,1620000.0,0.05,0.41,29.8,29.8,13.5,11.04,3.31
同享科技,bj920167,21.73,22.01,21.7,98300.0,21.74,1000,21.8,600,-1.27,22.02,21.7,98300,2138400.0,0.15,1.45,14.2,23.91,28.61,15.41,2.02
万德股份,bj920519,12.72,12.74,12.74,3400.0,12.67,800,12.73,300,-0.16,12.74,12.67,3400,43900.0,0.01,0.55,8.01,11.35,16.56,8.92,1.25
佳力奇,sz301586,50.68,50.4,50.43,5200.0,50.5,300,50.56,100,0.56,50.88,50.43,5200,260000.0,0.01,0.89,26.82,42.05,60.48,40.32,1.41
均普智能,sh688306,10.57,10.55,10.55,9047200.0,10.55,24700,10.56,1400,0.19,10.6,10.55,9047200,960000.0,0.01,0.47,129.83,129.83,12.66,8.44,2.89
克来机电,sh603960,24.81,25.21,24.85,203700.0,24.8,17900,24.81,26000,-1.59,24.98,24.8,203700,5060000.0,0.08,0.71,65.05,65.05,27.73,22.69,2.83
斯莱克,sz300382,13.91,14.02,13.99,112300.0,13.91,5200,13.92,10800,-0.78,13.99,13.91,112300,1570000.0,0.02,0.57,90.18,90.19,16.82,11.22,2.5
华辰装备,sz300809,38.5,38.7,38.56,26800.0,38.48,600,38.5,600,-0.52,38.69,38.41,26800,1030000.0,0.02,0.72,57.97,97.61,46.44,30.96,2.41
浙大网新,sh600797,10.88,11.03,10.87,937800.0,10.87,136500,10.88,5500,-1.36,10.9,10.86,937800,10200000.0,0.09,0.36,111.79,111.79,12.13,9.93,4.19
麦加芯彩,sh603062,51.0,51.17,51.4,6000.0,51.08,200,51.37,100,-0.33,51.4,51.0,6000,310000.0,0.02,0.78,18.91,55.08,56.29,46.05,1.56
昆船智能,sz301311,19.05,18.99,18.93,183200.0,18.99,12900,19.07,600,0.32,19.1,18.9,183200,3480000.0,0.08,1.05,45.72,45.72,22.79,15.19,15.59
晋西车轴,sh600495,4.75,4.77,4.75,223600.0,4.75,21700,4.76,39000,-0.42,4.76,4.75,223600,1060000.0,0.02,0.21,57.39,57.39,5.25,4.29,5.63
聚力文化,sz002247,2.96,2.96,2.96,647300.0,2.96,235000,2.97,30800,0.0,2.97,2.93,647300,1910000.0,0.1,1.35,19.05,25.19,3.26,2.66,7.06
岩山科技,sz002195,9.88,10.18,9.95,21445300.0,9.88,617500,9.89,17900,-2.95,9.96,9.88,21445300,212990000.0,0.38,0.79,553.4,560.25,11.2,9.16,12.61
神州高铁,sz000008,2.99,2.99,2.99,185400.0,2.99,75000,3.0,348300,0.0,3.0,2.99,185400,550000.0,0.01,0.33,81.22,81.22,3.29,2.69,1.11
新泉股份,sh603179,84.22,84.95,84.12,109000.0,84.29,200,84.36,200,-0.86,84.58,84.12,109000,9180000.0,0.02,0.54,429.64,429.64,93.45,76.46,1.99
敦煌种业,sh600354,6.64,6.65,6.64,218900.0,6.64,32200,6.65,219700,-0.15,6.65,6.63,218900,1450000.0,0.04,0.3,35.05,35.05,7.32,5.99,1.42
华创云信,sh600155,6.74,6.74,6.74,184200.0,6.74,11900,6.75,30800,0.0,6.75,6.74,184200,1240000.0,0.01,0.15,149.19,149.19,7.41,6.07,2.61
帝欧水华,sz002798,6.6,6.64,6.63,31300.0,6.6,1200,6.61,15300,-0.6,6.63,6.59,31300,210000.0,0.01,0.6,29.12,33.88,7.3,5.98,0.64
一博科技,sz301366,36.44,36.5,36.23,4700.0,36.39,300,36.44,200,-0.16,36.47,36.23,4700,170000.0,0.01,0.66,27.8,76.35,43.8,29.2,0.66
魅视科技,sz001229,37.74,37.79,37.79,7500.0,37.69,2000,37.7,600,-0.13,37.8,37.65,7500,280000.0,0.01,0.4,19.88,38.67,41.57,34.01,1.45
潞化科技,sh600691,3.12,3.14,3.13,101800.0,3.12,151300,3.14,20900,-0.64,3.14,3.12,101800,320000.0,0.0,0.64,74.12,74.13,3.45,2.83,0.68
辽宁能源,sh600758,3.81,3.82,3.8,315000.0,3.81,1100,3.82,60600,-0.26,3.81,3.79,315000,1200000.0,0.02,0.52,50.32,50.37,4.2,3.44,4.31
好莱客,sh603898,15.64,15.59,15.67,18000.0,15.6,100,15.64,9900,0.32,15.67,15.6,18000,280000.0,0.01,0.45,48.69,48.69,17.15,14.03,0.7
海洋王,sz002724,7.39,7.43,7.4,70300.0,7.4,600,7.41,4800,-0.54,7.43,7.39,70300,520000.0,0.01,0.54,41.96,57.01,8.17,6.69,1.55
先进数通,sz300541,16.54,16.53,16.4,377300.0,16.55,700,16.58,4600,0.06,16.56,16.4,377300,6200000.0,0.1,0.97,63.94,71.13,19.84,13.22,3.62
能辉科技,sz301046,25.1,25.04,25.16,28700.0,25.1,1600,25.13,200,0.24,25.2,25.1,28700,720000.0,0.02,0.4,32.33,42.1,30.05,20.03,3.55
华海药业,sh600521,15.96,15.95,15.9,155800.0,15.96,3500,15.97,500,0.06,15.99,15.89,155800,2480000.0,0.01,0.63,238.96,238.96,17.55,14.36,2.99
河化股份,sz000953,7.22,7.25,7.27,42100.0,7.22,47200,7.24,4300,-0.41,7.27,7.22,42100,310000.0,0.01,0.69,26.43,26.43,7.98,6.53,1.3
特瑞斯,bj920014,12.6,12.65,12.67,23600.0,12.6,100,12.62,1200,-0.4,12.67,12.57,23600,297700.0,0.04,0.79,8.45,15.35,16.44,8.86,1.39
康普顿,sh603798,15.3,15.16,15.4,60700.0,15.32,100,15.35,900,0.92,15.4,15.3,60700,930000.0,0.02,0.66,39.24,39.24,16.68,13.64,2.65
商络电子,sz300975,15.02,15.24,15.09,749300.0,15.02,10000,15.04,3300,-1.44,15.1,15.02,749300,11290000.0,0.15,0.52,73.91,103.19,18.29,12.19,4.11
XD宁波富,sh600724,6.68,6.7,6.67,246100.0,6.68,16600,6.69,36600,-0.3,6.69,6.66,246100,1640000.0,0.02,0.45,96.52,96.54,7.37,6.03,6.02
中信出版,sz300788,32.9,32.81,32.66,69100.0,32.9,100,32.91,300,0.27,32.91,32.6,69100,2260000.0,0.04,0.94,62.56,62.56,39.37,26.25,1.71
派特尔,bj920871,14.93,15.0,15.0,5000.0,14.91,500,14.93,6500,-0.47,15.0,14.93,5000,74600.0,0.01,0.47,6.72,12.69,19.5,10.5,1.62
比依股份,sh603215,20.25,20.34,20.11,76900.0,20.15,2500,20.25,200,-0.44,20.34,20.11,76900,1550000.0,0.04,1.13,37.91,38.06,22.37,18.31,9.82
中环海陆,sz301040,36.65,37.02,36.72,154200.0,36.65,16500,36.66,20300,-1.0,37.18,36.05,154200,5650000.0,0.16,3.05,34.54,36.65,44.42,29.62,2.65
南方航空,sh600029,7.77,7.76,7.77,862700.0,7.78,6900,7.79,89000,0.13,7.79,7.76,862700,6710000.0,0.01,0.39,1047.16,1408.0,8.54,6.98,2.44
台基股份,sz300046,35.7,36.01,35.8,83400.0,35.7,1400,35.74,4800,-0.86,35.89,35.7,83400,2980000.0,0.04,0.53,84.44,84.44,43.21,28.81,3.57
悦心健康,sz002162,5.47,5.47,5.5,451100.0,5.46,31400,5.47,5100,0.0,5.51,5.46,451100,2480000.0,0.05,0.91,50.24,50.31,6.02,4.92,3.84
杰普特,sh688025,216.9,226.0,218.0,11436700.0,216.68,500,216.9,600,-4.03,218.0,216.8,11436700,24880000.0,0.12,0.53,206.16,206.16,271.2,180.8,4.2
宜宾纸业,sh600793,20.32,20.41,20.33,27700.0,20.32,5900,20.33,2500,-0.44,20.53,20.32,27700,560000.0,0.02,1.03,35.95,35.95,22.45,18.37,2.47
艾融软件,bj920799,44.53,44.22,44.54,23200.0,44.53,400,44.68,1900,0.7,44.69,44.51,23200,1034900.0,0.02,0.41,53.75,93.42,57.48,30.96,2.92
国力电子,sh688103,62.99,63.03,63.29,2041100.0,62.99,600,63.13,200,-0.06,63.29,62.99,2041100,1290000.0,0.02,0.48,60.04,60.04,75.64,50.42,5.76
法狮龙,sh605318,77.44,75.11,77.3,271400.0,77.44,19000,77.5,4000,3.1,78.0,77.3,271400,21020000.0,0.22,0.93,97.36,97.36,82.62,67.6,19.11
珈伟新能,sz300317,4.38,4.42,4.41,912800.0,4.38,24100,4.39,60500,-0.9,4.45,4.38,912800,4020000.0,0.11,1.58,36.31,36.36,5.3,3.54,3.34
大恒科技,sh600288,15.49,15.5,15.5,41600.0,15.48,1300,15.49,700,-0.06,15.51,15.47,41600,640000.0,0.01,0.26,67.66,67.66,17.05,13.95,1.77
瑞丰光电,sz300241,6.22,6.26,6.22,250000.0,6.22,38200,6.24,14600,-0.64,6.24,6.22,250000,1560000.0,0.04,0.32,36.47,43.56,7.51,5.01,2.21
燕塘乳业,sz002732,17.68,17.58,17.6,41400.0,17.68,4000,17.7,5700,0.57,17.68,17.6,41400,730000.0,0.03,0.46,27.67,27.82,19.34,15.82,4.65
鑫汇科,bj920267,22.56,22.56,22.61,2500.0,22.51,1400,22.77,1300,0.0,22.61,22.56,2500,56500.0,0.01,0.22,6.67,11.28,29.32,15.8,2.25
美登科技,bj920227,77.6,78.3,78.2,20800.0,77.52,500,77.6,1300,-0.89,78.21,77.6,20800,1623899.9999999998,0.12,0.78,13.65,30.22,101.79,54.81,3.47
雄塑科技,sz300599,10.07,9.9,9.93,184500.0,10.07,5400,10.11,3900,1.72,10.09,9.93,184500,1840000.0,0.09,1.62,21.38,36.06,11.88,7.92,2.71
远东传动,sz002406,8.1,8.13,8.13,158500.0,8.1,91800,8.11,900,-0.37,8.14,8.1,158500,1290000.0,0.03,0.49,48.78,59.15,8.94,7.32,3.34
安奈儿,sz002875,17.33,17.3,17.35,6100.0,17.33,3200,17.34,100,0.17,17.35,17.33,6100,110000.0,0.0,0.12,31.62,36.92,19.03,15.57,0.4
迪生力,sh603335,6.25,6.21,6.21,24900.0,6.25,7500,6.26,700,0.64,6.26,6.21,24900,160000.0,0.01,0.81,26.76,26.76,6.83,5.59,0.59
卫光生物,sz002880,30.51,30.86,30.74,177000.0,30.51,5300,30.62,400,-1.13,30.79,30.42,177000,5430000.0,0.08,1.2,69.2,69.2,33.95,27.77,4.43
宁波远洋,sh601022,9.61,9.63,9.56,110200.0,9.58,18900,9.61,45700,-0.21,9.61,9.56,110200,1050000.0,0.01,0.52,125.76,125.76,10.59,8.67,2.8
奥拓电子,sz002587,6.92,6.92,6.92,165900.0,6.92,34700,6.93,3200,0.0,6.93,6.89,165900,1150000.0,0.03,0.58,36.86,45.09,7.61,6.23,2.69
迅安科技,bj920950,18.24,18.3,18.33,10000.0,18.24,400,18.33,4600,-0.33,18.47,18.24,10000,183700.0,0.03,1.26,6.52,13.37,23.79,12.81,10.83
博世科,sz300422,5.07,5.05,5.09,185000.0,5.06,20000,5.07,2800,0.4,5.09,5.05,185000,940000.0,0.04,0.79,25.93,27.07,6.06,4.04,7.0
秦川机床,sz000837,12.39,12.49,12.46,187100.0,12.38,27900,12.39,30500,-0.8,12.46,12.38,187100,2320000.0,0.02,0.64,124.82,126.77,13.74,11.24,3.53
宇通重工,sh600817,12.08,12.14,12.08,67000.0,12.08,7300,12.09,100,-0.49,12.11,12.06,67000,810000.0,0.01,0.41,63.93,64.42,13.35,10.93,2.91
中文传媒,sh600373,9.69,9.74,9.7,516100.0,9.69,28000,9.7,23700,-0.51,9.71,9.67,516100,5000000.0,0.04,0.41,130.56,130.56,10.71,8.77,2.7
旭光电子,sh600353,19.02,19.32,19.07,135400.0,19.0,11400,19.02,1800,-1.55,19.08,19.0,135400,2580000.0,0.02,0.41,157.64,157.86,21.25,17.39,0.79
中航泰达,bj920263,12.81,12.8,12.8,1100.0,12.81,3000,12.86,600,0.08,12.93,12.8,1100,14500.0,0.0,1.02,13.14,18.09,16.64,8.96,0.29
英杰电气,sz300820,57.19,58.19,57.56,63500.0,57.08,2000,57.1,1500,-1.72,57.61,57.1,63500,3650000.0,0.06,0.88,63.93,127.11,69.83,46.55,3.09
紫燕食品,sh603057,29.88,29.35,29.38,26300.0,29.88,86200,29.9,200,1.81,29.88,29.29,26300,770000.0,0.01,2.01,123.11,123.56,32.29,26.42,1.83
江航装备,sh688586,15.23,15.28,15.16,6031700.0,15.23,300,15.25,2600,-0.33,15.32,15.16,6031700,920000.0,0.01,1.05,120.52,120.52,18.34,12.22,0.99
水井坊,sh600779,39.8,39.6,39.6,40300.0,39.79,2900,39.89,200,0.51,39.98,39.6,40300,1600000.0,0.01,0.96,194.03,194.03,43.56,35.64,1.31
微创光电,bj920198,10.12,10.16,10.12,500.0,10.14,3600,10.22,3000,-0.39,10.12,10.12,500,5100.0,0.0,0.0,7.13,16.33,13.2,7.12,0.08
内蒙新华,sh603230,12.43,12.41,12.42,87100.0,12.42,5800,12.43,100,0.16,12.5,12.41,87100,1080000.0,0.02,0.73,43.94,43.94,13.65,11.17,3.07
东方明珠,sh600637,11.59,11.65,11.6,965900.0,11.52,36900,11.59,18700,-0.52,11.63,11.52,965900,11190000.0,0.03,0.94,389.64,389.64,12.82,10.49,2.41
光明肉业,sh600073,6.63,6.63,6.64,60200.0,6.63,8000,6.64,53900,0.0,6.64,6.62,60200,400000.0,0.01,0.3,62.17,62.17,7.29,5.97,1.07
深城交,sz301091,25.75,25.54,25.54,61500.0,25.59,5200,25.74,4500,0.82,25.76,25.54,61500,1570000.0,0.01,0.86,135.77,135.77,30.65,20.43,2.56
宏远股份,bj920018,34.79,34.77,34.1,204500.0,34.36,200,34.79,300,0.06,35.88,34.1,204500,7026200.0,0.46,5.12,15.39,44.3,45.2,24.34,8.35
海量数据,sh603138,22.85,22.62,22.62,3377400.0,22.75,2000,22.85,34200,1.02,23.0,22.54,3377400,76530000.0,1.17,2.03,65.89,67.15,24.88,20.36,20.09
博实股份,sz002698,16.45,16.47,16.46,177600.0,16.43,700,16.45,7500,-0.12,16.47,16.41,177600,2920000.0,0.02,0.36,138.27,168.21,18.12,14.82,5.56
顺络电子,sz002138,39.54,39.8,39.3,523900.0,39.54,900,39.6,1500,-0.65,39.65,39.21,523900,20620000.0,0.07,1.11,299.12,318.82,43.78,35.82,7.4
酉立智能,bj920007,72.58,72.2,72.8,10000.0,72.58,900,72.59,300,0.53,72.8,72.2,10000,724400.0,0.09,0.83,7.72,32.25,93.86,50.54,3.31
东方日升,sz300118,20.81,20.9,20.63,1382300.0,20.81,400,20.83,3400,-0.43,20.94,20.63,1382300,28610000.0,0.15,1.48,192.87,237.24,25.08,16.72,2.22
春兴精工,sz002547,3.71,3.72,3.69,957700.0,3.71,108800,3.72,118500,-0.27,3.72,3.68,957700,3540000.0,0.09,1.08,40.99,41.85,4.09,3.35,3.57
东华软件,sz002065,9.69,9.74,9.7,689700.0,9.68,75800,9.69,247100,-0.51,9.7,9.65,689700,6680000.0,0.02,0.51,281.78,310.61,10.71,8.77,4.05
托普云农,sz301556,104.11,105.12,104.34,24600.0,104.1,800,104.11,0,-0.96,104.43,104.11,24600,2570000.0,0.08,0.3,30.69,88.79,126.14,84.1,2.63
合金投资,sz000633,7.69,7.71,7.67,156400.0,7.69,5400,7.7,17800,-0.26,7.7,7.65,156400,1200000.0,0.04,0.65,29.61,29.61,8.48,6.94,3.94
利君股份,sz002651,10.84,10.85,10.81,67500.0,10.84,500,10.85,20500,-0.09,10.85,10.81,67500,730000.0,0.01,0.37,61.3,112.03,11.94,9.77,2.07
盈方微,sz000670,8.43,8.46,8.45,662100.0,8.43,7900,8.44,56800,-0.35,8.46,8.42,662100,5590000.0,0.08,0.47,69.28,71.21,9.31,7.61,4.27
福然德,sh605050,13.45,13.48,13.47,6300.0,13.44,100,13.45,3800,-0.22,13.47,13.43,6300,80000.0,0.0,0.3,66.29,66.29,14.83,12.13,0.28
君亭酒店,sz301073,31.38,30.75,30.95,80000.0,31.38,500,31.4,1900,2.05,31.42,30.95,80000,2490000.0,0.04,1.53,55.91,61.02,36.9,24.6,2.5
好上好,sz001298,30.58,30.69,30.6,53000.0,30.57,300,30.58,1100,-0.36,30.6,30.53,53000,1620000.0,0.03,0.23,50.33,90.76,33.76,27.62,3.67
大禹节水,sz300021,4.7,4.7,4.69,385100.0,4.69,24900,4.7,21000,0.0,4.7,4.68,385100,1810000.0,0.04,0.43,41.02,48.05,5.64,3.76,2.81
交大铁发,bj920027,21.85,21.83,22.0,500.0,21.83,100,21.94,1400,0.09,22.0,21.85,500,11900.0,0.0,0.69,9.22,17.31,28.37,15.29,0.28
金利华电,sz300069,19.19,19.24,19.24,57800.0,19.19,8900,19.2,1100,-0.26,19.24,19.0,57800,1110000.0,0.05,1.25,22.45,22.45,23.09,15.39,3.76
天沃科技,sz002564,7.33,7.33,7.33,120100.0,7.32,3300,7.33,1700,0.0,7.34,7.33,120100,880000.0,0.01,0.14,62.96,62.96,8.06,6.6,3.15
智飞生物,sz300122,17.15,17.07,17.14,223600.0,17.15,13500,17.17,5000,0.47,17.19,17.13,223600,3840000.0,0.02,0.35,242.55,410.53,20.48,13.66,3.38
先锋电子,sz002767,24.02,24.1,24.0,36600.0,24.0,1300,24.03,200,-0.33,24.03,23.92,36600,880000.0,0.03,0.46,31.27,36.03,26.51,21.69,2.68
杭齿前进,sh601177,17.15,17.21,17.09,59600.0,17.1,23700,17.15,1700,-0.35,17.18,17.09,59600,1020000.0,0.01,0.52,68.61,69.97,18.93,15.49,2.54
吴通控股,sz300292,4.89,4.9,4.88,327800.0,4.88,118700,4.89,2200,-0.2,4.9,4.87,327800,1600000.0,0.03,0.61,54.57,65.61,5.88,3.92,1.37
建研设计,sz301167,18.42,18.43,18.4,10500.0,18.38,1200,18.4,300,-0.05,18.42,18.34,10500,190000.0,0.01,0.43,13.1,20.63,22.12,14.74,1.05
中公教育,sz002607,2.82,2.82,2.81,4440400.0,2.81,412700,2.82,52700,0.0,2.83,2.81,4440400,12490000.0,0.09,0.71,143.37,173.92,3.1,2.54,5.88
丰立智能,sz301368,65.13,65.11,65.3,49300.0,65.2,800,65.27,600,0.03,65.49,64.96,49300,3210000.0,0.08,0.81,41.76,78.22,78.13,52.09,3.98
中科信息,sz300678,34.22,34.52,34.3,118100.0,34.21,8500,34.22,4500,-0.87,34.31,34.22,118100,4050000.0,0.04,0.26,99.68,101.42,41.42,27.62,3.34
万丰奥威,sz002085,15.77,15.85,15.8,395300.0,15.76,29100,15.77,4000,-0.5,15.8,15.76,395300,6240000.0,0.02,0.25,334.84,334.84,17.44,14.27,2.21
长春高新,sz000661,87.66,87.6,87.61,41100.0,87.66,1000,87.7,100,0.07,87.79,87.6,41100,3610000.0,0.01,0.22,350.3,357.6,96.36,78.84,1.99
嘉事堂,sz002462,15.57,15.56,15.61,75500.0,15.56,2100,15.57,100,0.06,15.62,15.57,75500,1180000.0,0.03,0.32,45.38,45.42,17.12,14.0,1.74
中航沈飞,sh600760,54.93,54.86,54.9,185400.0,54.93,200,54.94,100,0.13,54.98,54.9,185400,10180000.0,0.01,0.15,1552.42,1557.32,60.35,49.37,2.51
万向德农,sh600371,8.96,8.93,8.95,108400.0,8.98,100,9.0,5300,0.34,9.0,8.95,108400,970000.0,0.04,0.56,26.21,26.21,9.82,8.04,2.02
健康元,sh600380,11.61,11.57,11.61,190000.0,11.59,200,11.61,2400,0.35,11.63,11.58,190000,2210000.0,0.01,0.43,212.4,212.4,12.73,10.41,4.09
首华燃气,sz300483,16.96,17.18,16.9,301200.0,16.95,100,16.96,5900,-1.28,16.98,16.9,301200,5100000.0,0.09,0.47,56.79,56.81,20.62,13.74,2.36
君逸数码,sz301172,29.99,29.55,29.4,201900.0,29.89,200,29.99,700,1.49,29.99,29.25,201900,5960000.0,0.2,2.5,29.62,51.73,35.46,23.64,3.39
东航物流,sh601156,19.14,19.26,19.14,220600.0,19.13,2700,19.14,8900,-0.62,19.26,19.13,220600,4220000.0,0.02,0.67,180.8,303.86,21.19,17.33,7.12
中科海讯,sz300810,43.0,42.83,42.73,45400.0,43.0,1700,43.03,1100,0.4,43.0,42.65,45400,1940000.0,0.04,0.82,49.02,50.76,51.4,34.26,2.45
泰晶科技,sh603738,16.9,16.89,16.85,150500.0,16.89,5300,16.9,400,0.06,16.91,16.81,150500,2540000.0,0.04,0.59,65.21,65.21,18.58,15.2,3.47
科顺股份,sz300737,7.12,7.1,7.14,238000.0,7.1,99200,7.11,600,0.28,7.14,7.1,238000,1700000.0,0.03,0.56,63.15,79.03,8.52,5.68,1.52
浩辰软件,sh688657,56.55,56.4,56.6,343800.0,56.4,900,56.55,200,0.27,56.6,56.54,343800,190000.0,0.01,0.11,23.21,37.05,67.68,45.12,1.35
精工科技,sz002006,20.32,20.44,20.32,146100.0,20.32,8000,20.33,5400,-0.59,20.32,20.26,146100,2970000.0,0.03,0.29,105.62,105.62,22.48,18.4,3.4
李子园,sh605337,12.15,12.13,12.18,149500.0,12.15,69500,12.16,100,0.16,12.18,12.15,149500,1820000.0,0.04,0.25,47.4,47.4,13.34,10.92,3.63
南华仪器,sz300417,14.14,14.24,14.27,91100.0,14.15,200,14.16,5200,-0.7,14.27,14.08,91100,1300000.0,0.1,1.33,12.38,19.03,17.09,11.39,5.5
丰安股份,bj920608,18.67,18.64,18.58,1400.0,18.59,1100,18.67,0,0.16,18.67,18.58,1400,25500.0,0.0,0.48,7.36,11.62,24.23,13.05,0.97
英特集团,sz000411,12.18,12.15,12.18,82200.0,12.17,800,12.19,46200,0.25,12.19,12.16,82200,1000000.0,0.02,0.25,44.8,68.82,13.37,10.94,3.2
拉普拉斯,sh688726,83.2,83.11,82.08,50167600.0,82.24,23700,83.2,700,0.11,83.2,82.08,50167600,41280000.0,0.23,1.35,182.98,337.23,99.73,66.49,4.64
虹软科技,sh688088,49.53,49.95,49.6,4355800.0,49.51,1500,49.53,600,-0.84,49.62,49.51,4355800,2160000.0,0.01,0.22,198.7,198.7,59.94,39.96,1.52
常熟汽饰,sh603035,15.32,15.32,15.3,15000.0,15.31,2000,15.32,1500,0.0,15.32,15.3,15000,230000.0,0.0,0.13,56.12,56.12,16.85,13.79,0.82
侨银股份,sz002973,14.68,14.72,14.72,21100.0,14.67,1000,14.68,300,-0.27,14.72,14.68,21100,310000.0,0.01,0.27,45.73,59.99,16.19,13.25,1.27
华鼎股份,sh601113,4.58,4.58,4.59,139400.0,4.57,117800,4.58,4900,0.0,4.6,4.58,139400,640000.0,0.01,0.44,50.57,50.57,5.04,4.12,1.89
内蒙一机,sh600967,16.76,16.8,16.8,60600.0,16.75,5200,16.76,300,-0.24,16.8,16.74,60600,1020000.0,0.0,0.36,285.22,285.22,18.48,15.12,0.87
沈阳机床,sz000410,7.43,7.44,7.42,748000.0,7.42,54600,7.43,1800,-0.13,7.43,7.4,748000,5550000.0,0.04,0.4,124.89,196.83,8.18,6.7,10.12
ST通脉,sh603559,6.42,6.42,6.42,11300.0,6.4,1500,6.42,50400,0.0,6.42,6.42,11300,70000.0,0.0,0.0,25.76,25.76,6.74,6.1,0.67
飞亚达,sz000026,15.45,15.44,15.37,34100.0,15.4,3400,15.42,100,0.06,15.47,15.36,34100,520000.0,0.01,0.71,56.32,62.69,16.98,13.9,2.02
上海建工,sh600170,2.91,2.91,2.91,2307600.0,2.9,3623400,2.91,195800,0.0,2.92,2.9,2307600,6710000.0,0.03,0.69,258.58,258.58,3.2,2.62,2.74
节能铁汉,sz300197,1.8,1.81,1.81,419000.0,1.8,738100,1.81,152600,-0.55,1.81,1.8,419000,760000.0,0.01,0.55,53.37,53.38,2.17,1.45,2.15
华熙生物,sh688363,47.98,47.93,47.94,1623100.0,47.98,1200,48.1,300,0.1,47.98,47.94,1623100,780000.0,0.0,0.08,231.11,231.11,57.52,38.34,0.64
汉宇集团,sz300403,14.11,14.2,14.19,205100.0,14.11,6500,14.12,2600,-0.63,14.19,14.11,205100,2910000.0,0.05,0.56,60.26,85.08,17.04,11.36,3.64
信邦智能,sz301112,38.03,37.9,37.7,4400.0,37.84,300,37.97,100,0.34,38.06,37.7,4400,170000.0,0.0,0.95,41.93,41.93,45.48,30.32,0.9
雷柏科技,sz002577,18.13,18.17,18.13,8100.0,18.13,2700,18.14,1500,-0.22,18.15,18.06,8100,150000.0,0.0,0.5,50.89,50.89,19.99,16.35,1.32
百普赛斯,sz301080,50.47,50.7,50.32,51100.0,50.47,800,50.56,100,-0.45,50.57,50.32,51100,2570000.0,0.04,0.49,63.59,84.37,60.84,40.56,3.26
格灵深瞳,sh688207,17.0,17.2,17.0,5544600.0,16.98,3000,17.0,500,-1.16,17.03,16.94,5544600,940000.0,0.02,0.52,44.03,44.03,20.64,13.76,2.34
艾迪精密,sh603638,24.99,24.92,24.98,224300.0,24.99,10400,25.04,4900,0.28,25.04,24.98,224300,5600000.0,0.03,0.24,207.69,207.69,27.41,22.43,3.57
联美控股,sh600167,6.89,6.9,6.89,129000.0,6.89,6100,6.9,64700,-0.14,6.9,6.89,129000,890000.0,0.01,0.14,155.91,155.91,7.59,6.21,4.55
三安光电,sh600703,15.69,15.71,15.71,555600.0,15.68,1900,15.69,1800,-0.13,15.72,15.66,555600,8730000.0,0.01,0.38,782.78,782.78,17.28,14.14,1.15
和顺电气,sz300141,15.07,15.14,15.07,190000.0,15.06,3200,15.07,40700,-0.46,15.07,15.01,190000,2860000.0,0.07,0.4,38.39,38.86,18.17,12.11,5.26
ST长园,sh600525,4.51,4.51,4.5,161500.0,4.5,6000,4.51,111100,0.0,4.51,4.49,161500,730000.0,0.01,0.44,59.48,59.48,4.74,4.28,3.11
爱朋医疗,sz300753,33.06,33.26,33.14,68400.0,33.06,2400,33.08,100,-0.6,33.24,33.0,68400,2270000.0,0.08,0.72,29.06,41.67,39.91,26.61,2.21
移为通信,sz300590,12.72,12.77,12.65,85800.0,12.72,200,12.73,100,-0.39,12.77,12.64,85800,1090000.0,0.02,1.02,45.07,58.5,15.32,10.22,3.94
尚品宅配,sz300616,14.4,14.37,14.52,59900.0,14.39,2600,14.4,7400,0.21,14.52,14.39,59900,870000.0,0.04,0.9,22.32,32.33,17.24,11.5,4.41
陇神戎发,sz300534,10.11,10.1,10.1,227900.0,10.11,14200,10.12,2300,0.1,10.11,10.08,227900,2300000.0,0.08,0.3,30.54,30.67,12.12,8.08,1.89
山东矿机,sz002526,3.9,3.91,3.92,874800.0,3.89,619600,3.9,14500,-0.26,3.92,3.89,874800,3420000.0,0.05,0.77,69.07,69.53,4.3,3.52,3.22
江河集团,sh601886,9.24,9.28,9.29,32600.0,9.22,1900,9.24,200,-0.43,9.29,9.22,32600,300000.0,0.0,0.75,104.69,104.69,10.21,8.35,2.09
中贝通信,sh603220,26.22,26.42,26.22,523700.0,26.18,13100,26.22,70300,-0.76,26.33,26.18,523700,13730000.0,0.12,0.57,113.86,140.63,29.06,23.78,4.63
ST绝味,sh603517,12.56,12.5,12.55,285100.0,12.56,200,12.57,4500,0.48,12.57,12.52,285100,3580000.0,0.05,0.4,76.11,76.11,13.13,11.88,19.41
联合水务,sh603291,10.88,10.91,10.84,62400.0,10.87,400,10.88,24400,-0.27,10.88,10.84,62400,680000.0,0.05,0.37,14.14,46.05,12.0,9.82,1.18
神宇股份,sz300563,37.38,37.62,37.4,69000.0,37.37,300,37.38,6400,-0.64,37.4,37.26,69000,2580000.0,0.05,0.37,47.9,68.08,45.14,30.1,3.29
松炀资源,sh603863,19.5,19.46,19.46,12300.0,19.5,2300,19.55,2200,0.21,19.55,19.46,12300,240000.0,0.01,0.46,39.91,39.91,21.41,17.51,0.37
国脉科技,sz002093,11.22,11.26,11.22,104400.0,11.21,1900,11.22,1600,-0.36,11.24,11.2,104400,1170000.0,0.01,0.36,113.04,113.04,12.39,10.13,1.82
豪美新材,sz002988,35.07,35.01,35.03,32400.0,35.07,100,35.08,700,0.17,35.16,35.01,32400,1140000.0,0.01,0.43,87.57,87.59,38.51,31.51,3.42
春光智能,bj920810,12.76,12.81,12.81,4900.0,12.76,46800,12.78,200,-0.39,12.81,12.76,4900,62300.00000000001,0.01,0.39,7.96,12.24,16.65,8.97,1.65
科森科技,sh603626,27.21,27.3,27.14,348100.0,27.17,2700,27.21,300,-0.33,27.3,27.14,348100,9460000.0,0.06,0.59,150.98,150.98,30.03,24.57,1.91
丸美生物,sh603983,31.67,31.77,31.68,29400.0,31.64,2900,31.67,300,-0.31,31.68,31.62,29400,930000.0,0.01,0.19,127.0,127.0,34.95,28.59,3.31
ST华西,sz002630,2.57,2.58,2.56,337700.0,2.57,5000,2.58,75800,-0.39,2.58,2.55,337700,860000.0,0.03,1.16,26.48,30.35,2.71,2.45,1.55
中南股份,sz000717,2.63,2.63,2.63,142900.0,2.62,106700,2.63,282500,0.0,2.63,2.62,142900,380000.0,0.01,0.38,63.74,63.75,2.89,2.37,1.26
爱威科技,sh688067,28.55,28.67,28.8,545000.0,28.38,400,28.55,400,-0.42,28.8,28.55,545000,160000.0,0.01,0.87,19.41,19.41,34.4,22.94,0.89
坚朗五金,sz002791,24.7,24.63,24.53,93600.0,24.67,1800,24.7,6700,0.28,24.7,24.52,93600,2300000.0,0.05,0.73,47.25,87.41,27.09,22.17,1.92
万泰生物,sh603392,40.57,40.47,40.52,60600.0,40.57,5000,40.68,500,0.25,40.68,40.51,60600,2460000.0,0.0,0.42,512.96,512.96,44.52,36.42,5.76
中无人机,sh688297,48.98,49.0,48.97,7437800.0,48.97,7100,48.98,300,-0.04,48.98,48.94,7437800,3640000.0,0.01,0.08,330.62,330.62,58.8,39.2,3.92
ST德豪,sz002005,2.89,2.87,2.9,275000.0,2.89,70400,2.9,58700,0.7,2.9,2.89,275000,800000.0,0.02,0.35,50.63,50.65,3.01,2.73,6.87
海波重科,sz300517,12.71,12.7,12.73,166800.0,12.71,2300,12.74,700,0.08,12.76,12.66,166800,2120000.0,0.13,0.79,15.76,25.47,15.24,10.16,5.06
金域医学,sh603882,31.51,31.53,31.39,55300.0,31.52,100,31.58,300,-0.06,31.59,31.39,55300,1740000.0,0.01,0.63,144.99,145.97,34.68,28.38,1.85
共进股份,sh603118,12.25,12.22,12.32,485700.0,12.25,300,12.27,200,0.25,12.32,12.22,485700,5980000.0,0.06,0.82,96.44,96.44,13.44,11.0,5.32
两面针,sh600249,5.9,5.91,5.87,402200.0,5.9,5800,5.91,44400,-0.17,5.94,5.87,402200,2360000.0,0.07,1.18,32.45,32.45,6.5,5.32,9.58
东星医疗,sz301290,29.35,29.43,29.34,70100.0,29.35,10900,29.36,600,-0.27,29.44,29.34,70100,2060000.0,0.1,0.34,20.01,29.4,35.32,23.54,8.87
盟科药业-U,sh688373,6.31,6.29,6.28,4513900.0,6.28,33300,6.31,15800,0.32,6.31,6.28,4513900,280000.0,0.01,0.48,38.22,41.41,7.55,5.03,1.9
安控科技,sz300370,2.83,2.83,2.83,126500.0,2.83,7600,2.84,121300,0.0,2.84,2.83,126500,360000.0,0.01,0.35,44.19,44.3,3.4,2.26,1.46
海能技术,bj920476,25.05,24.9,25.0,18700.0,25.05,4200,25.08,200,0.6,25.05,24.9,18700,466800.0,0.02,0.6,20.18,21.34,32.37,17.43,2.45
芯瑞达,sz002983,25.34,25.53,25.3,114900.0,25.31,1000,25.34,200,-0.74,25.42,25.25,114900,2910000.0,0.09,0.67,32.47,56.68,28.08,22.98,2.88
银之杰,sz300085,38.87,38.76,38.84,204300.0,38.87,6300,38.93,200,0.28,38.93,38.66,204300,7930000.0,0.03,0.7,253.44,274.67,46.51,31.01,2.58
华阳集团,sz002906,31.63,31.77,31.66,142900.0,31.61,3300,31.63,1400,-0.44,31.66,31.48,142900,4520000.0,0.03,0.57,165.97,166.03,34.95,28.59,4.46
一彬科技,sz001278,24.67,24.76,24.76,24900.0,24.65,3600,24.67,400,-0.36,24.86,24.64,24900,620000.0,0.05,0.89,12.47,30.53,27.24,22.28,1.37
广电网络,sh600831,4.63,4.64,4.62,171100.0,4.62,43400,4.63,6500,-0.22,4.63,4.62,171100,790000.0,0.02,0.22,32.92,32.92,5.1,4.18,1.65
科华生物,sz002022,6.17,6.14,6.15,169600.0,6.16,15200,6.17,36100,0.49,6.17,6.15,169600,1040000.0,0.03,0.33,31.73,31.74,6.75,5.53,5.2
蓝思科技,sz300433,34.41,34.77,34.54,1120700.0,34.4,12100,34.41,7000,-1.04,34.55,34.4,1120700,38670000.0,0.02,0.43,1709.9,1816.41,41.72,27.82,4.96
电科网安,sz002268,20.07,19.92,19.89,286200.0,20.08,4700,20.09,4300,0.75,20.09,19.89,286200,5710000.0,0.03,1.0,169.65,169.72,21.91,17.93,4.92
实朴检测,sz301228,42.21,42.35,42.13,14400.0,42.21,8100,42.22,5100,-0.33,42.42,42.13,14400,610000.0,0.01,0.68,50.42,50.65,50.82,33.88,0.72
汉马科技,sh600375,5.96,5.94,5.95,193900.0,5.96,6000,5.97,37800,0.34,5.96,5.95,193900,1150000.0,0.01,0.17,87.18,95.54,6.53,5.35,1.4
卓翼科技,sz002369,8.37,8.47,8.37,424800.0,8.35,43100,8.37,15400,-1.18,8.39,8.35,424800,3560000.0,0.08,0.47,47.39,47.45,9.32,7.62,7.95
麦格米特,sz002851,118.9,121.8,119.93,390400.0,118.88,2100,119.03,500,-2.38,119.98,118.88,390400,46710000.0,0.09,0.9,544.51,691.4,133.98,109.62,6.16
电光科技,sz002730,16.3,16.37,16.3,118900.0,16.28,7300,16.29,3500,-0.43,16.36,16.29,118900,1940000.0,0.03,0.43,56.4,59.02,18.01,14.73,4.71
伟思医疗,sh688580,56.56,56.56,56.89,1186300.0,56.26,1400,56.56,1200,0.0,56.89,56.08,1186300,670000.0,0.01,1.43,54.17,54.17,67.87,45.25,2.52
广田集团,sz002482,1.78,1.77,1.78,510400.0,1.77,3387200,1.78,528600,0.56,1.78,1.77,510400,910000.0,0.01,0.56,66.64,66.77,1.95,1.59,1.44
ST京蓝,sz000711,3.14,2.99,3.14,4737000.0,3.14,47017500,0.0,0,5.02,3.14,3.14,4737000,14870000.0,0.21,0.0,71.77,89.71,3.14,2.84,6.56
同仁堂,sh600085,30.74,30.7,30.71,61800.0,30.74,3400,30.77,300,0.13,30.79,30.71,61800,1900000.0,0.0,0.26,421.59,421.59,33.77,27.63,1.34
横店影视,sh603103,30.22,32.73,29.5,3388900.0,30.21,1000,30.22,2100,-7.67,30.46,29.5,3388900,100040000.0,0.53,2.93,191.66,191.66,36.0,29.46,31.05
国航远洋,bj920571,9.23,9.28,9.24,317900.0,9.21,7600,9.22,1400,-0.54,9.25,9.2,317900,2933399.9999999995,0.11,0.54,25.95,51.26,12.06,6.5,9.86
晋亿实业,sh601002,5.64,5.66,5.64,182300.0,5.63,8500,5.64,13900,-0.35,5.64,5.6,182300,1020000.0,0.02,0.71,53.83,53.83,6.23,5.09,2.74
汉王科技,sz002362,22.17,22.16,22.01,54500.0,22.16,12700,22.18,900,0.05,22.17,22.01,54500,1200000.0,0.03,0.72,46.02,54.2,24.38,19.94,2.52
东华测试,sz300354,43.58,43.83,43.6,25400.0,43.53,200,43.58,100,-0.57,43.79,43.58,25400,1110000.0,0.03,0.48,35.43,60.28,52.6,35.06,2.72
百胜智能,sz301083,19.71,19.66,19.6,6600.0,19.7,900,19.71,1000,0.25,19.78,19.6,6600,130000.0,0.01,0.92,16.87,35.06,23.59,15.73,0.95
徐家汇,sz002561,8.78,8.76,8.75,48700.0,8.78,3100,8.79,3500,0.23,8.8,8.75,48700,430000.0,0.01,0.57,36.39,36.5,9.64,7.88,1.56
金证股份,sh600446,15.09,15.12,15.08,151100.0,15.09,48400,15.1,2500,-0.2,15.1,15.07,151100,2280000.0,0.02,0.2,142.04,142.04,16.63,13.61,2.49
安彩高科,sh600207,5.45,5.51,5.48,901800.0,5.45,232600,5.46,57400,-1.09,5.5,5.45,901800,4940000.0,0.08,0.91,59.37,59.37,6.06,4.96,3.72
*ST辉丰,sz002496,1.82,1.82,1.82,531900.0,1.82,452900,1.83,406900,0.0,1.82,1.82,531900,970000.0,0.05,0.0,20.25,27.44,1.91,1.73,6.28
固高科技,sz301510,39.39,39.64,39.56,103700.0,39.34,100,39.39,500,-0.63,39.56,39.27,103700,4090000.0,0.04,0.73,109.96,157.56,47.57,31.71,2.45
中京电子,sz002579,11.6,11.66,11.64,143900.0,11.6,31700,11.61,33900,-0.51,11.65,11.6,143900,1670000.0,0.02,0.43,67.67,71.06,12.83,10.49,2.26
丹娜生物,bj920009,77.02,77.15,77.08,500.0,77.02,100,77.08,700,-0.17,77.08,77.01,500,40100.0,0.01,0.09,5.55,42.66,100.29,54.01,0.52
英科医疗,sz300677,39.95,40.08,40.07,80900.0,39.93,1000,39.95,3500,-0.32,40.08,39.95,80900,3240000.0,0.02,0.32,186.01,261.74,48.1,32.06,3.42
实丰文化,sz002862,19.0,18.96,19.01,13900.0,19.02,100,19.04,100,0.21,19.02,18.87,13900,260000.0,0.01,0.79,23.99,31.92,20.86,17.06,0.57
中科通达,sh688038,22.67,22.55,22.4,4693300.0,22.58,1200,22.67,100,0.53,22.67,22.4,4693300,1050000.0,0.04,1.2,26.38,26.38,27.06,18.04,3.33
亚普股份,sh603013,24.88,24.81,24.88,16300.0,24.86,300,24.88,11500,0.28,24.88,24.86,16300,410000.0,0.0,0.08,126.45,126.45,27.29,22.33,0.95
维业股份,sz300621,9.23,9.26,9.3,44000.0,9.23,300,9.24,1000,-0.32,9.3,9.21,44000,410000.0,0.02,0.97,18.69,19.2,11.11,7.41,2.89
文科股份,sz002775,4.34,4.35,4.35,135700.0,4.34,83900,4.35,69900,-0.23,4.35,4.34,135700,590000.0,0.03,0.23,20.46,27.61,4.79,3.92,2.87
普瑞眼科,sz301239,34.13,33.91,34.05,19300.0,34.12,500,34.13,7300,0.65,34.19,33.98,19300,660000.0,0.01,0.62,51.06,51.06,40.69,27.13,3.09
海陆重工,sz002255,12.26,12.3,12.26,301800.0,12.22,28800,12.24,100,-0.33,12.29,12.22,301800,3700000.0,0.05,0.57,78.22,101.87,13.53,11.07,4.22
润本股份,sh603193,23.67,23.61,23.67,4200.0,23.63,100,23.65,700,0.25,23.68,23.66,4200,100000.0,0.0,0.08,24.46,95.77,25.97,21.25,0.68
宏英智能,sz001266,34.6,34.66,34.57,56200.0,34.59,700,34.6,100,-0.17,34.62,34.56,56200,1940000.0,0.1,0.17,20.1,35.84,38.13,31.19,2.06
奕瑞科技,sh688301,122.95,122.6,122.01,698500.0,122.25,600,122.95,1300,0.29,122.96,122.01,698500,850000.0,0.0,0.77,246.39,259.98,147.12,98.08,0.66
方大集团,sz000055,3.96,3.94,3.96,132600.0,3.95,12700,3.96,203800,0.51,3.97,3.95,132600,530000.0,0.02,0.51,26.76,42.53,4.33,3.55,3.27
新坐标,sh603040,104.0,104.48,104.1,2100.0,104.0,200,104.05,200,-0.46,104.1,104.0,2100,220000.0,0.0,0.1,141.17,141.91,114.93,94.03,0.24
中化岩土,sz002542,3.37,3.34,3.36,506200.0,3.36,34400,3.37,61600,0.9,3.38,3.35,506200,1700000.0,0.03,0.9,59.27,60.87,3.67,3.01,5.78
凯华材料,bj920526,23.48,23.48,23.47,8900.0,23.48,0,23.5,1300,0.0,23.55,23.4,8900,208400.0,0.02,0.64,12.3,19.42,30.52,16.44,3.64
津荣天宇,sz300988,28.05,27.97,27.95,66200.0,27.96,500,28.05,5100,0.29,28.17,27.86,66200,1850000.0,0.06,1.11,29.92,39.35,33.56,22.38,2.93
国科军工,sh688543,67.0,67.35,67.33,3212700.0,66.9,300,67.0,3300,-0.52,67.33,66.9,3212700,2160000.0,0.03,0.64,77.69,139.92,80.82,53.88,1.39
雪龙集团,sh603949,19.55,19.53,19.53,8300.0,19.55,300,19.58,1000,0.1,19.64,19.53,8300,160000.0,0.0,0.56,41.1,41.2,21.48,17.58,0.54
同心传动,bj920454,15.9,15.91,15.91,1500.0,15.88,600,15.9,1400,-0.06,15.91,15.9,1500,23200.0,0.0,0.06,10.05,16.71,20.68,11.14,0.65
珀莱雅,sh603605,73.5,73.3,73.3,24200.0,73.42,100,73.43,100,0.27,73.5,73.29,24200,1770000.0,0.01,0.29,291.04,291.04,80.63,65.97,1.0
龙头股份,sh600630,8.99,9.02,9.0,167200.0,8.98,14200,8.99,4200,-0.33,9.01,8.98,167200,1500000.0,0.04,0.33,38.2,38.2,9.92,8.12,5.42
甬金股份,sh603995,19.18,19.29,19.25,56000.0,19.15,7500,19.18,7000,-0.57,19.25,19.15,56000,1080000.0,0.02,0.52,70.13,70.13,21.22,17.36,3.16
华媒控股,sz000607,5.05,5.06,5.09,735200.0,5.04,20500,5.05,2000,-0.2,5.12,5.05,735200,3740000.0,0.08,1.38,44.69,51.39,5.57,4.55,2.36
金隅集团,sh601992,2.05,2.05,2.05,891500.0,2.05,364600,2.06,1199400,0.0,2.06,2.05,891500,1830000.0,0.01,0.49,170.85,218.89,2.26,1.85,1.48
渝 开 发,sz000514,5.17,5.15,5.15,61000.0,5.17,40300,5.18,38500,0.39,5.17,5.15,61000,310000.0,0.01,0.39,43.62,43.62,5.67,4.64,1.07
徐工机械,sz000425,12.0,12.17,12.09,1162900.0,11.99,100,12.0,51300,-1.4,12.09,11.98,1162900,14000000.0,0.01,0.9,1081.11,1409.83,13.39,10.95,3.07
中力股份,sh603194,39.55,39.57,39.63,5800.0,39.51,600,39.55,100,-0.05,39.64,39.51,5800,230000.0,0.0,0.33,62.5,158.6,43.53,35.61,0.85
金自天正,sh600560,16.75,16.75,16.76,20200.0,16.74,300,16.75,200,0.0,16.76,16.71,20200,340000.0,0.01,0.3,37.46,37.46,18.43,15.08,2.12
赛维时代,sz301381,22.55,22.55,22.47,22000.0,22.54,300,22.62,100,0.0,22.55,22.42,22000,490000.0,0.01,0.58,44.08,90.98,27.06,18.04,1.28
同方股份,sh600100,9.41,9.45,9.38,628000.0,9.41,13400,9.43,5200,-0.42,9.43,9.38,628000,5900000.0,0.02,0.53,315.26,315.26,10.4,8.51,2.34
锴威特,sh688693,40.87,40.9,40.61,1164900.0,40.71,200,40.81,200,-0.07,40.88,40.61,1164900,470000.0,0.03,0.66,15.9,30.11,49.08,32.72,2.56
信邦制药,sz002390,3.34,3.34,3.34,244400.0,3.33,320300,3.34,84100,0.0,3.34,3.33,244400,820000.0,0.01,0.3,64.39,64.92,3.67,3.01,1.76
胜业电气,bj920128,27.88,27.87,27.87,4900.0,27.9,300,27.94,400,0.04,27.88,27.87,4900,136600.0,0.01,0.04,10.66,22.64,36.23,19.51,2.01
华塑股份,sh600935,2.77,2.79,2.78,470100.0,2.77,223300,2.78,22100,-0.72,2.78,2.77,470100,1310000.0,0.01,0.36,97.16,99.57,3.07,2.51,2.64
蓝黛科技,sz002765,11.81,11.84,11.81,116100.0,11.81,18000,11.82,5000,-0.25,11.82,11.8,116100,1370000.0,0.02,0.17,70.37,77.02,13.02,10.66,2.42
绿地控股,sh600606,1.67,1.67,1.66,613600.0,1.66,1851900,1.67,1919900,0.0,1.67,1.66,613600,1020000.0,0.0,0.6,234.71,234.71,1.84,1.5,1.37
富士莱,sz301258,34.7,34.69,34.84,12000.0,34.67,600,34.7,1400,0.03,34.84,34.66,12000,420000.0,0.01,0.52,30.91,31.81,41.63,27.75,2.99
顺威股份,sz002676,7.89,7.92,7.89,335100.0,7.89,3800,7.91,4400,-0.38,7.93,7.85,335100,2640000.0,0.05,1.01,56.81,56.81,8.71,7.13,8.26
雅葆轩,bj920357,23.33,23.21,23.33,900.0,23.17,400,23.2,5000,0.52,23.33,23.33,900,21000.0,0.0,0.0,10.39,18.68,30.17,16.25,0.42
派克新材,sh605123,115.08,116.38,114.77,82900.0,115.08,4000,115.47,300,-1.12,115.43,114.6,82900,9520000.0,0.07,0.71,139.44,139.44,128.02,104.74,2.98
中路股份,sh600818,9.8,9.78,9.83,23700.0,9.78,18800,9.8,600,0.2,9.83,9.78,23700,230000.0,0.01,0.51,23.32,31.5,10.76,8.8,1.57
倍轻松,sh688793,22.76,22.77,22.75,1027200.0,22.76,400,22.77,3700,-0.04,22.77,22.74,1027200,230000.0,0.01,0.13,19.56,19.56,27.32,18.22,1.71
威龙股份,sh603779,6.87,6.83,6.83,35200.0,6.85,800,6.87,7500,0.59,6.87,6.83,35200,240000.0,0.01,0.59,22.81,22.81,7.51,6.15,1.43
博瑞传播,sh600880,5.95,5.92,5.93,221700.0,5.95,11100,5.96,100,0.51,5.97,5.93,221700,1320000.0,0.02,0.68,65.04,65.05,6.51,5.33,0.91
华星创业,sz300025,6.22,6.23,6.21,75800.0,6.22,8800,6.23,2000,-0.16,6.23,6.2,75800,470000.0,0.01,0.48,31.5,31.65,7.48,4.98,1.41
中捷资源,sz002021,3.15,3.15,3.15,586600.0,3.14,202800,3.15,125300,0.0,3.16,3.14,586600,1850000.0,0.05,0.63,37.66,37.66,3.47,2.84,3.83
建设工业,sz002265,24.29,24.31,24.33,54300.0,24.24,900,24.29,2000,-0.08,24.35,24.24,54300,1320000.0,0.01,0.45,250.93,250.93,26.74,21.88,2.61
无锡晶海,bj920547,25.0,25.03,25.0,1600.0,25.01,1500,25.19,1300,-0.12,25.0,25.0,1600,39400.0,0.0,0.0,9.43,19.42,32.53,17.53,0.7
北摩高科,sz002985,43.54,43.95,43.65,163700.0,43.54,600,43.59,100,-0.93,43.66,43.49,163700,7140000.0,0.09,0.39,76.49,144.49,48.35,39.56,1.69
甘源食品,sz002991,58.2,58.09,58.17,5100.0,58.19,1800,58.28,100,0.19,58.29,58.17,5100,300000.0,0.01,0.21,29.06,54.25,63.9,52.28,1.34
中曼石油,sh603619,33.44,34.52,33.72,1566700.0,33.44,100,33.5,66000,-3.13,33.98,33.44,1566700,52850000.0,0.34,1.56,154.61,154.61,37.97,31.07,10.6
京能热力,sz002893,11.5,11.51,11.53,39500.0,11.5,25000,11.51,2800,-0.09,11.53,11.5,39500,450000.0,0.02,0.26,23.32,30.32,12.66,10.36,1.98
万安科技,sz002590,14.7,14.69,14.68,124400.0,14.68,1300,14.7,4600,0.07,14.72,14.66,124400,1830000.0,0.03,0.41,72.76,76.3,16.16,13.22,4.3
嵘泰股份,sh605133,32.14,32.34,32.24,30600.0,32.14,1700,32.16,1200,-0.62,32.34,32.14,30600,990000.0,0.01,0.62,90.67,90.88,35.57,29.11,1.31
莱斯信息,sh688631,70.94,71.24,71.01,1270500.0,70.94,0,71.0,4500,-0.42,71.01,70.83,1270500,900000.0,0.02,0.25,46.02,115.97,85.49,56.99,1.41
海鸥股份,sh603269,12.34,12.42,12.32,47300.0,12.34,22900,12.39,200,-0.64,12.4,12.32,47300,580000.0,0.02,0.64,38.1,38.1,13.66,11.18,1.32
湘邮科技,sh600476,13.4,13.4,13.4,150100.0,13.4,21300,13.43,1100,0.0,13.4,13.3,150100,2010000.0,0.09,0.75,21.58,21.58,14.74,12.06,5.34
星网宇达,sz002829,26.45,26.51,26.45,69900.0,26.45,800,26.46,4600,-0.23,26.54,26.4,69900,1850000.0,0.05,0.53,38.63,54.97,29.16,23.86,3.72
吉大通信,sz300597,10.21,10.24,10.21,85200.0,10.21,1700,10.24,6500,-0.29,10.21,10.17,85200,870000.0,0.03,0.39,27.71,27.83,12.29,8.19,3.0
ST路通,sz300555,14.42,14.44,14.36,7700.0,14.36,500,14.42,15300,-0.14,14.42,14.36,7700,110000.0,0.0,0.42,28.55,28.84,17.33,11.55,0.72
爱仕达,sz002403,12.01,11.97,12.01,57800.0,12.0,9300,12.01,3900,0.33,12.02,12.0,57800,690000.0,0.02,0.17,35.69,40.91,13.17,10.77,5.55
何氏眼科,sz301103,21.32,21.34,21.32,5100.0,21.32,1500,21.33,2400,-0.09,21.33,21.32,5100,110000.0,0.0,0.05,33.69,33.69,25.61,17.07,0.96
大丰实业,sh603081,13.84,13.78,13.82,48100.0,13.81,3600,13.84,1400,0.44,13.85,13.81,48100,670000.0,0.01,0.29,58.47,58.47,15.16,12.4,2.08
康泰医学,sz300869,15.31,15.28,15.27,27800.0,15.3,2800,15.31,11500,0.2,15.31,15.26,27800,420000.0,0.01,0.33,38.79,61.52,18.34,12.22,2.66
易天股份,sz300812,34.25,34.8,34.52,530600.0,34.25,1000,34.3,3000,-1.58,34.9,34.25,530600,18290000.0,0.57,1.87,31.75,47.98,41.76,27.84,7.14
联合光电,sz300691,17.74,17.52,17.7,318300.0,17.73,22500,17.74,3000,1.26,17.85,17.7,318300,5650000.0,0.14,0.86,39.16,47.73,21.02,14.02,25.94
苏豪时尚,sh600287,6.06,6.02,6.03,38400.0,6.05,800,6.06,800,0.66,6.07,6.03,38400,230000.0,0.01,0.66,26.47,26.47,6.62,5.42,1.98
派诺科技,bj920375,15.13,15.14,15.1,172100.0,15.13,2700,15.28,4800,-0.07,15.36,15.0,172100,2603800.0,0.27,2.38,9.82,16.44,19.68,10.6,11.05
九联科技,sh688609,9.11,9.11,9.11,7792200.0,9.1,600,9.11,29200,0.0,9.11,9.08,7792200,710000.0,0.02,0.33,45.55,45.55,10.93,7.29,2.35
辽港股份,sh601880,1.66,1.66,1.66,753300.0,1.65,14449200,1.66,7207100,0.0,1.66,1.65,753300,1250000.0,0.0,0.6,305.66,391.29,1.83,1.49,1.78
奥普光电,sz002338,54.02,54.26,54.01,36700.0,53.94,800,54.13,2500,-0.44,54.25,53.95,36700,1980000.0,0.02,0.55,129.65,129.65,59.69,48.83,3.28
卓锦股份,sh688701,10.16,10.35,10.35,2662400.0,10.16,200,10.17,200,-1.84,10.36,10.16,2662400,280000.0,0.02,1.93,13.64,13.64,12.42,8.28,1.58
港通医疗,sz301515,25.33,25.39,25.59,6400.0,25.34,1600,25.45,300,-0.24,25.59,25.32,6400,160000.0,0.01,1.06,16.61,25.33,30.47,20.31,0.86
禾川科技,sh688320,36.44,36.48,36.5,2738300.0,36.42,400,36.44,1000,-0.11,36.6,36.3,2738300,1000000.0,0.02,0.82,55.03,55.03,43.78,29.18,2.35
京能置业,sh600791,6.66,6.63,6.66,131200.0,6.65,100,6.66,3500,0.45,6.69,6.65,131200,870000.0,0.03,0.6,30.12,30.16,7.29,5.97,2.22
金运激光,sz300220,15.8,15.8,15.8,37300.0,15.79,900,15.8,5700,0.0,15.8,15.72,37300,590000.0,0.02,0.51,23.86,23.89,18.96,12.64,2.28
源飞宠物,sz001222,22.18,22.12,22.14,11100.0,22.18,800,22.19,2100,0.27,22.19,22.13,11100,250000.0,0.01,0.27,23.82,42.34,24.33,19.91,2.08
华之杰,sh603400,59.77,60.19,60.4,31000.0,59.66,700,60.06,1100,-0.7,60.4,59.5,31000,1860000.0,0.15,1.5,11.95,59.77,66.21,54.17,7.77
乔治白,sz002687,5.14,5.12,5.15,84200.0,5.13,2000,5.14,1500,0.39,5.15,5.1,84200,430000.0,0.02,0.98,21.25,25.95,5.63,4.61,2.16
水羊股份,sz300740,24.18,24.03,24.23,353100.0,24.17,1000,24.18,7800,0.62,24.3,24.18,353100,8560000.0,0.1,0.5,86.8,94.3,28.84,19.22,6.2
永泰能源,sh600157,1.65,1.66,1.66,10216400.0,1.65,52150800,1.66,33170400,-0.6,1.66,1.65,10216400,16940000.0,0.05,0.6,359.99,359.99,1.83,1.49,4.5
爱尔眼科,sz300015,10.58,10.61,10.59,883900.0,10.58,93400,10.6,5000,-0.28,10.61,10.58,883900,9360000.0,0.01,0.28,841.68,986.63,12.73,8.49,1.88
秉扬科技,bj920675,11.35,11.35,11.35,86500.0,11.36,200,11.37,5200,0.0,11.35,11.34,86500,981200.0,0.11,0.09,8.97,19.54,14.75,7.95,5.22
挖金客,sz301380,38.98,39.09,38.78,25000.0,38.98,4000,39.0,3300,-0.28,38.98,38.78,25000,970000.0,0.03,0.51,31.47,39.52,46.91,31.27,1.8
青松股份,sz300132,8.05,8.05,8.05,58500.0,8.04,3800,8.05,18100,0.0,8.05,8.02,58500,470000.0,0.01,0.37,40.9,41.58,9.66,6.44,1.27
海泰科,sz301022,33.49,33.6,33.54,18300.0,33.49,800,33.5,900,-0.33,33.6,33.48,18300,610000.0,0.03,0.36,22.36,33.32,40.32,26.88,1.7
本川智能,sz300964,58.66,58.57,58.57,24900.0,58.72,700,58.86,800,0.15,58.98,58.42,24900,1460000.0,0.04,0.96,32.81,45.34,70.28,46.86,2.87
圣龙股份,sh603178,17.49,17.38,17.38,11000.0,17.39,500,17.5,2600,0.63,17.5,17.38,11000,190000.0,0.0,0.69,41.35,41.35,19.12,15.64,1.78
华岭股份,bj920139,21.38,21.05,21.29,257600.0,21.38,700,21.44,400,1.57,21.44,21.05,257600,5489500.0,0.1,1.85,55.23,57.62,27.36,14.74,17.13
国子软件,bj920953,36.38,36.58,36.47,14200.0,36.49,300,36.53,200,-0.55,36.51,36.31,14200,516500.0,0.02,0.55,21.79,46.61,47.55,25.61,2.23
峆一药业,bj920478,18.9,18.88,18.9,11400.0,18.87,1300,18.93,100,0.11,18.9,18.88,11400,215600.0,0.02,0.11,8.93,14.88,24.54,13.22,3.39
光韵达,sz300227,12.81,12.8,12.75,132700.0,12.79,3100,12.81,1100,0.08,12.81,12.72,132700,1690000.0,0.03,0.7,55.48,71.3,15.36,10.24,1.08
长安汽车,sz000625,11.1,11.12,11.1,708700.0,11.09,137400,11.1,13800,-0.18,11.11,11.09,708700,7870000.0,0.01,0.18,917.66,1100.33,12.23,10.01,4.69
恒合股份,bj920145,16.11,16.01,16.0,20800.0,16.02,300,16.09,1000,0.62,16.12,15.98,20800,332100.0,0.04,0.87,7.83,11.37,20.81,11.21,4.36
电声股份,sz300805,13.72,13.6,13.65,255600.0,13.7,1700,13.72,5500,0.88,13.73,13.61,255600,3490000.0,0.09,0.88,39.56,58.23,16.32,10.88,1.7
翰博高新,sz301321,23.45,23.45,23.68,648200.0,23.43,200,23.46,1000,0.0,23.76,23.45,648200,15310000.0,0.44,1.32,34.62,43.72,28.14,18.76,20.31
江淮汽车,sh600418,57.46,57.96,57.39,650400.0,57.46,52400,57.5,5100,-0.86,57.6,57.3,650400,37340000.0,0.03,0.52,1254.93,1254.93,63.76,52.16,2.66
ST香雪,sz300147,9.51,9.41,9.45,126800.0,9.46,11500,9.51,7600,1.06,9.51,9.45,126800,1200000.0,0.02,0.64,62.52,62.89,11.29,7.53,3.35
凯腾精工,bj920553,10.18,10.18,10.17,42400.0,10.18,2900,10.21,2400,0.0,10.18,10.17,42400,431000.0,0.05,0.1,9.35,14.63,13.23,7.13,11.3
智明达,sh688636,46.65,46.99,46.9,5564100.0,46.72,700,46.87,1100,-0.72,46.9,46.51,5564100,2600000.0,0.03,0.83,78.2,81.13,56.39,37.59,2.44
通用股份,sh601500,4.57,4.57,4.56,125300.0,4.56,125800,4.57,3000,0.0,4.57,4.56,125300,570000.0,0.01,0.22,72.34,72.63,5.03,4.11,2.16
博晖创新,sz300318,6.32,6.27,6.32,209200.0,6.3,47400,6.32,12400,0.8,6.34,6.3,209200,1320000.0,0.03,0.64,50.47,51.63,7.52,5.02,2.98
东方海洋,sz002086,2.26,2.26,2.26,254200.0,2.25,703700,2.26,151000,0.0,2.26,2.25,254200,570000.0,0.02,0.44,35.74,44.27,2.49,2.03,1.67
锦好医疗,bj920925,22.27,22.26,22.26,2500.0,22.27,600,22.33,700,0.04,22.27,22.26,2500,55300.0,0.0,0.04,12.31,21.93,28.93,15.59,0.48
创新医疗,sz002173,28.93,28.99,28.78,348200.0,28.93,16300,28.94,400,-0.21,28.93,28.63,348200,10020000.0,0.08,1.03,120.44,127.66,31.89,26.09,1.85
延华智能,sz002178,6.53,6.54,6.52,79500.0,6.52,10800,6.53,600,-0.15,6.53,6.51,79500,520000.0,0.01,0.31,46.48,46.5,7.19,5.89,1.48
百联股份,sh600827,9.04,9.01,9.01,72300.0,9.02,34200,9.04,21900,0.33,9.04,9.01,72300,650000.0,0.0,0.33,145.04,161.29,9.91,8.11,1.44
石头科技,sh688169,148.28,148.7,148.4,1164300.0,148.28,3900,148.43,600,-0.28,148.43,148.28,1164300,1730000.0,0.0,0.1,384.2,384.2,178.44,118.96,1.0
*ST艾艾,sh603580,14.13,14.27,14.26,3200.0,14.13,4100,14.26,900,-0.98,14.26,14.13,3200,50000.0,0.0,0.91,18.46,18.46,14.98,13.56,0.49
奥雅股份,sz300949,44.03,44.0,43.9,9500.0,43.95,700,44.07,400,0.07,44.14,43.88,9500,420000.0,0.03,0.59,15.1,26.42,52.8,35.2,2.46
贝仕达克,sz300822,16.1,16.13,16.05,27600.0,16.1,1200,16.13,800,-0.19,16.14,16.05,27600,440000.0,0.01,0.56,46.53,50.16,19.36,12.9,1.93
星帅尔,sz002860,14.03,14.03,14.03,221300.0,14.03,23900,14.04,10000,0.0,14.08,14.03,221300,3110000.0,0.06,0.36,49.05,50.47,15.43,12.63,3.04
金杯汽车,sh600609,4.64,4.63,4.64,223700.0,4.63,77400,4.64,12500,0.22,4.65,4.63,223700,1040000.0,0.02,0.43,60.53,60.53,5.09,4.17,3.55
花园生物,sz300401,17.38,17.5,17.45,285000.0,17.36,5300,17.38,3600,-0.69,17.5,17.36,285000,4970000.0,0.05,0.8,92.92,94.46,21.0,14.0,1.68
宇瞳光学,sz300790,26.21,26.22,26.2,92300.0,26.2,3600,26.22,500,-0.04,26.22,26.12,92300,2420000.0,0.03,0.38,85.08,98.06,31.46,20.98,2.86
科锐国际,sz300662,28.18,28.19,28.14,65400.0,28.18,600,28.19,1000,-0.04,28.19,28.08,65400,1840000.0,0.03,0.39,55.31,55.46,33.83,22.55,3.53
裕同科技,sz002831,31.49,31.58,31.6,35400.0,31.42,1900,31.46,900,-0.28,31.6,31.36,35400,1120000.0,0.01,0.76,160.91,289.87,34.74,28.42,0.92
蓝帆医疗,sz002382,5.83,5.81,5.85,53500.0,5.82,11500,5.83,16200,0.34,5.85,5.82,53500,310000.0,0.01,0.52,58.28,58.72,6.39,5.23,1.59
海鸥住工,sz002084,4.11,4.09,4.12,183400.0,4.11,19200,4.12,33200,0.49,4.13,4.11,183400,760000.0,0.03,0.49,26.49,26.55,4.5,3.68,2.76
深粮控股,sz000019,7.04,7.01,7.02,191900.0,7.03,500,7.04,9900,0.43,7.04,7.0,191900,1340000.0,0.05,0.57,29.3,81.14,7.71,6.31,5.19
恒华科技,sz300365,6.27,6.29,6.26,201300.0,6.28,1000,6.29,45200,-0.32,6.29,6.25,201300,1260000.0,0.04,0.64,32.09,37.61,7.55,5.03,3.1
朗玛信息,sz300288,14.68,14.73,14.61,60500.0,14.68,100,14.69,1300,-0.34,14.68,14.6,60500,880000.0,0.02,0.54,37.66,49.61,17.68,11.78,1.87
永顺泰,sz001338,12.4,12.35,12.36,151100.0,12.4,1400,12.41,5400,0.4,12.43,12.36,151100,1870000.0,0.03,0.57,62.21,62.21,13.59,11.12,6.69
佩蒂股份,sz300673,17.51,17.46,17.5,12300.0,17.52,300,17.54,4500,0.29,17.51,17.47,12300,220000.0,0.01,0.23,28.36,43.57,20.95,13.97,1.08
银信科技,sz300231,11.66,11.69,11.62,125500.0,11.66,12700,11.67,5900,-0.26,11.67,11.61,125500,1460000.0,0.03,0.51,51.8,51.8,14.03,9.35,2.31
金智科技,sz002090,12.39,12.47,12.38,86200.0,12.39,1700,12.4,900,-0.64,12.42,12.37,86200,1070000.0,0.02,0.4,49.07,49.63,13.72,11.22,1.94
金地集团,sh600383,3.36,3.36,3.36,1101800.0,3.36,157700,3.37,67900,0.0,3.37,3.35,1101800,3700000.0,0.02,0.6,151.69,151.69,3.7,3.02,1.68
光洋股份,sz002708,13.8,13.86,13.82,110400.0,13.79,5500,13.8,500,-0.43,13.84,13.8,110400,1530000.0,0.02,0.29,71.3,77.57,15.25,12.47,2.37
迪安诊断,sz300244,25.0,24.39,24.41,702700.0,24.98,7600,25.0,200,2.5,25.01,24.41,702700,17320000.0,0.14,2.46,125.36,156.24,29.27,19.51,5.31
恒立钻具,bj920942,30.3,30.3,0.0,0.0,30.25,100,30.55,3600,0.0,0.0,0.0,0,0.0,0.0,0.0,12.54,18.58,39.39,21.21,0.0
尤夫股份,sz002427,7.47,7.49,7.6,491900.0,7.45,11500,7.47,1800,-0.27,7.6,7.43,491900,3710000.0,0.05,2.27,73.56,73.61,8.24,6.74,3.1
杭州解百,sh600814,8.78,8.66,8.75,1600200.0,8.76,3900,8.78,14300,1.39,8.81,8.75,1600200,14030000.0,0.22,0.69,64.54,64.54,9.53,7.79,4.37
海新能科,sz300072,4.57,4.55,4.55,190600.0,4.57,42200,4.58,63600,0.44,4.58,4.55,190600,870000.0,0.01,0.66,106.54,107.38,5.46,3.64,1.6
福星股份,sz000926,2.29,2.28,2.29,290700.0,2.28,172500,2.29,187200,0.44,2.3,2.28,290700,670000.0,0.02,0.88,36.03,36.48,2.51,2.05,2.16
实益达,sz002137,9.47,9.46,9.46,240500.0,9.47,5500,9.48,50300,0.11,9.48,9.42,240500,2270000.0,0.06,0.63,37.54,54.69,10.41,8.51,2.32
艾布鲁,sz301259,35.41,35.47,35.54,35600.0,35.39,1900,35.41,100,-0.17,35.57,35.39,35600,1260000.0,0.04,0.51,35.01,55.24,42.56,28.38,2.98
荣盛发展,sz002146,1.63,1.64,1.64,881300.0,1.63,4760200,1.64,1324300,-0.61,1.64,1.63,881300,1440000.0,0.02,0.61,63.76,70.88,1.8,1.48,1.76
德生科技,sz002908,10.37,10.41,10.38,57400.0,10.37,4600,10.4,16100,-0.38,10.4,10.34,57400,600000.0,0.02,0.58,33.37,44.74,11.45,9.37,1.41
宝信软件,sh600845,23.93,24.24,23.85,997200.0,23.93,600,23.95,113900,-1.28,23.95,23.8,997200,23780000.0,0.05,0.62,510.68,686.98,26.66,21.82,9.93
联翔股份,sh603272,23.51,23.06,23.0,44800.0,23.42,500,23.51,400,1.95,23.51,23.0,44800,1040000.0,0.04,2.21,24.36,24.36,25.37,20.75,4.89
数字政通,sz300075,15.22,15.25,15.18,126200.0,15.21,2200,15.22,1000,-0.2,15.24,15.13,126200,1920000.0,0.02,0.72,78.45,94.54,18.3,12.2,3.32
威马农机,sz301533,37.41,37.4,37.42,11400.0,37.41,300,37.42,100,0.03,37.66,37.41,11400,430000.0,0.04,0.67,10.64,36.78,44.88,29.92,2.17
凯文教育,sz002659,6.52,6.51,6.48,697700.0,6.51,39500,6.52,10400,0.15,6.53,6.45,697700,4520000.0,0.12,1.23,39.01,39.01,7.16,5.86,6.71
拾比佰,bj920768,13.16,13.17,13.16,20100.0,13.17,900,13.25,700,-0.08,13.28,13.15,20100,265200.0,0.03,0.99,10.07,14.6,17.12,9.22,3.19
骑士乳业,bj920786,10.37,10.12,10.26,381100.0,10.36,8700,10.37,7800,2.47,10.38,10.18,381100,3924300.0,0.27,1.98,14.75,21.68,13.15,7.09,10.63
北方国际,sz000065,11.85,11.85,11.84,92000.0,11.84,11700,11.85,6100,0.0,11.88,11.84,92000,1090000.0,0.01,0.34,115.53,137.63,13.04,10.67,1.15
汇纳科技,sz300609,39.22,39.48,39.6,28800.0,39.22,200,39.23,200,-0.66,39.6,39.18,28800,1140000.0,0.02,1.06,47.04,47.11,47.38,31.58,2.0
瑞泰科技,sz002066,19.73,19.62,19.57,25600.0,19.73,2200,19.89,2300,0.56,19.89,19.55,25600,500000.0,0.01,1.73,45.58,46.35,21.58,17.66,1.12
星宸科技,sz301536,71.4,72.56,71.83,199800.0,71.3,100,71.4,1100,-1.6,72.1,71.3,199800,14340000.0,0.11,1.1,133.66,301.1,87.07,58.05,6.25
金能科技,sh603113,6.95,6.97,6.93,54800.0,6.95,500,6.96,8700,-0.29,6.95,6.93,54800,380000.0,0.01,0.29,58.97,58.97,7.67,6.27,0.86
德恩精工,sz300780,23.78,24.0,23.95,114300.0,23.77,10500,23.78,1800,-0.92,23.95,23.78,114300,2730000.0,0.11,0.71,25.57,34.88,28.8,19.2,2.0
酷特智能,sz300840,19.73,19.72,19.65,92600.0,19.74,600,19.82,200,0.05,19.85,19.64,92600,1820000.0,0.05,1.06,34.94,47.35,23.66,15.78,2.45
金现代,sz300830,14.9,13.99,14.65,7349500.0,14.9,36100,14.94,34100,6.5,14.96,14.65,7349500,108440000.0,2.18,2.22,50.23,67.29,16.79,11.19,42.93
北纬科技,sz002148,8.75,8.75,8.75,77700.0,8.75,9700,8.76,4400,0.0,8.79,8.74,77700,680000.0,0.02,0.57,39.32,48.91,9.63,7.88,1.73
硅烷科技,bj920402,10.32,10.25,10.33,22900.0,10.31,700,10.33,0,0.68,10.33,10.3,22900,236200.0,0.01,0.29,28.16,43.56,13.32,7.18,1.51
居然智家,sz000785,2.94,2.94,2.94,881500.0,2.93,996800,2.94,58500,0.0,2.94,2.93,881500,2590000.0,0.01,0.34,173.39,183.08,3.23,2.65,4.24
津滨发展,sz000897,2.26,2.26,2.27,1367800.0,2.26,289900,2.27,1253500,0.0,2.27,2.26,1367800,3100000.0,0.08,0.44,36.55,36.55,2.49,2.03,7.05
绿岛风,sz301043,64.13,64.2,63.79,5300.0,64.13,400,64.2,1000,-0.11,64.19,63.79,5300,340000.0,0.01,0.62,36.39,43.61,77.04,51.36,1.32
獐子岛,sz002069,3.98,3.91,3.92,397900.0,3.97,48700,3.98,10200,1.79,3.99,3.92,397900,1570000.0,0.06,1.79,28.27,28.3,4.3,3.52,5.21
新锦动力,sz300157,5.73,5.77,5.83,2878400.0,5.71,17900,5.73,23500,-0.69,5.85,5.71,2878400,16720000.0,0.41,2.43,40.56,43.2,6.92,4.62,6.22
五芳斋,sh603237,17.28,17.21,17.29,13600.0,17.25,10000,17.28,3000,0.41,17.29,17.24,13600,240000.0,0.01,0.29,33.87,34.05,18.93,15.49,2.22
绿的谐波,sh688017,229.97,234.48,231.0,11520100.0,229.9,200,229.97,3500,-1.92,231.22,229.97,11520100,26570000.0,0.06,0.53,421.6,421.6,281.38,187.58,3.22
哈三联,sz002900,12.09,12.09,12.09,20800.0,12.06,2900,12.09,100,0.0,12.15,12.05,20800,250000.0,0.01,0.83,19.48,38.25,13.3,10.88,1.55
合肥高科,bj920718,14.92,15.0,14.92,2500.0,14.89,1300,14.98,3900,-0.53,14.99,14.92,2500,36700.0,0.01,0.47,6.43,13.53,19.5,10.5,1.29
鼎智科技,bj920593,34.52,34.17,34.88,159600.0,34.52,200,34.56,200,1.02,34.88,34.21,159600,5550800.0,0.1,1.96,55.79,65.69,44.42,23.92,18.66
日播时尚,sh603196,25.01,25.1,25.01,5900.0,25.01,13200,25.13,1000,-0.36,25.09,25.01,5900,150000.0,0.0,0.32,59.27,104.71,27.61,22.59,0.64
光峰科技,sh688007,17.16,17.18,17.17,1696000.0,17.15,400,17.16,6700,-0.12,17.17,17.14,1696000,290000.0,0.0,0.17,78.87,78.87,20.62,13.74,1.02
沙河股份,sz000014,14.13,14.04,14.32,440000.0,14.12,1200,14.13,1300,0.64,14.35,14.13,440000,6290000.0,0.18,1.57,34.2,34.2,15.44,12.64,5.3
宣亚国际,sz300612,19.52,19.44,19.6,503100.0,19.52,1900,19.57,47000,0.41,19.67,19.47,503100,9870000.0,0.28,1.03,35.11,35.22,23.33,15.55,3.27
兆讯传媒,sz301102,12.51,12.51,12.6,91300.0,12.51,14200,12.52,1300,0.0,12.6,12.51,91300,1150000.0,0.02,0.72,50.79,50.79,15.01,10.01,1.55
金盾股份,sz300411,11.45,11.42,11.46,176100.0,11.45,400,11.47,4200,0.26,11.5,11.45,176100,2020000.0,0.06,0.44,35.39,46.55,13.7,9.14,9.72
智度股份,sz000676,9.44,9.46,9.48,676100.0,9.43,17600,9.44,14900,-0.21,9.49,9.41,676100,6400000.0,0.05,0.85,118.85,118.92,10.41,8.51,2.82
上海家化,sh600315,21.29,21.22,21.22,40900.0,21.26,3400,21.29,700,0.33,21.29,21.2,40900,870000.0,0.01,0.42,143.12,143.12,23.34,19.1,1.29
文投控股,sh600715,2.38,2.37,2.36,3693500.0,2.38,722400,2.4,435400,0.42,2.39,2.36,3693500,8760000.0,0.13,1.27,68.12,96.62,2.61,2.13,6.71
国芳集团,sh601086,9.69,9.64,9.68,42500.0,9.68,26500,9.69,11800,0.52,9.69,9.67,42500,410000.0,0.01,0.21,64.54,64.54,10.6,8.68,1.06
宝莫股份,sz002476,6.21,6.23,6.25,148900.0,6.21,42600,6.22,15800,-0.32,6.25,6.21,148900,930000.0,0.02,0.64,38.0,38.01,6.85,5.61,3.23
新兴装备,sz002933,35.58,35.65,35.65,17500.0,35.57,700,35.61,1000,-0.2,35.65,35.45,17500,620000.0,0.02,0.56,40.59,41.75,39.22,32.09,2.02
中汽股份,sz301215,7.2,7.2,7.19,195500.0,7.2,3200,7.21,8900,0.0,7.24,7.19,195500,1410000.0,0.01,0.69,95.21,95.32,8.64,5.76,3.67
广农糖业,sz000911,6.47,6.44,6.43,200600.0,6.46,4300,6.47,58200,0.47,6.47,6.43,200600,1290000.0,0.05,0.62,25.9,25.9,7.08,5.8,4.0
华阳国际,sz002949,14.86,14.86,14.98,129700.0,14.85,900,14.86,5200,0.0,14.98,14.85,129700,1940000.0,0.09,0.87,22.57,29.13,16.35,13.37,5.2
武进不锈,sh603878,8.64,8.7,8.65,119800.0,8.62,12600,8.64,17400,-0.69,8.67,8.63,119800,1040000.0,0.02,0.46,48.48,48.48,9.57,7.83,1.33
煌上煌,sz002695,11.34,11.29,11.37,129500.0,11.34,2100,11.36,5800,0.44,11.37,11.3,129500,1470000.0,0.03,0.62,58.0,63.46,12.42,10.16,6.56
思美传媒,sz002712,6.64,6.62,6.66,1033900.0,6.64,110900,6.65,21700,0.3,6.66,6.57,1033900,6870000.0,0.19,1.36,35.92,36.14,7.28,5.96,6.22
欧菲光,sz002456,9.86,9.83,9.84,374800.0,9.85,1000,9.86,23700,0.31,9.88,9.84,374800,3690000.0,0.01,0.41,327.06,331.48,10.81,8.85,1.95
鼎汉技术,sz300011,8.91,8.92,8.88,140300.0,8.9,500,8.91,21800,-0.11,8.93,8.88,140300,1250000.0,0.03,0.56,45.2,53.95,10.7,7.14,2.06
火星人,sz300894,11.78,11.72,11.73,20100.0,11.78,200,11.79,900,0.51,11.8,11.73,20100,240000.0,0.01,0.6,34.64,47.86,14.06,9.38,1.18
申联生物,sh688098,9.66,9.6,9.66,1645400.0,9.5,6200,9.66,24100,0.63,9.69,9.66,1645400,160000.0,0.0,0.31,39.67,39.67,11.52,7.68,1.3
东方材料,sh603110,17.05,17.1,17.05,42100.0,17.05,1800,17.08,21200,-0.29,17.06,17.0,42100,720000.0,0.02,0.35,34.31,34.31,18.81,15.39,1.65
竞业达,sz003005,21.09,21.08,20.97,174500.0,21.08,200,21.09,3600,0.05,21.22,20.97,174500,3660000.0,0.14,1.19,26.78,48.8,23.19,18.97,10.21
正虹科技,sz000702,7.01,6.98,7.03,206800.0,6.98,1000,7.01,1000,0.43,7.04,6.93,206800,1450000.0,0.08,1.58,18.69,24.3,7.68,6.28,9.2
广汽集团,sh601238,7.84,7.85,7.83,306800.0,7.84,52600,7.85,325900,-0.13,7.85,7.83,306800,2400000.0,0.0,0.25,578.88,799.45,8.64,7.07,5.09
飞沃科技,sz301232,191.69,191.3,191.6,66300.0,191.38,100,191.69,800,0.2,193.0,191.38,66300,12720000.0,0.15,0.85,85.62,144.08,229.56,153.04,1.85
锦江酒店,sh600754,26.77,26.75,26.66,101200.0,26.77,500,26.8,2300,0.07,26.84,26.66,101200,2700000.0,0.01,0.67,242.55,285.45,29.43,24.08,1.93
威士顿,sz301315,61.86,62.73,61.8,24200.0,61.9,1000,62.38,400,-1.39,62.6,61.8,24200,1500000.0,0.07,1.28,22.89,54.44,75.28,50.18,2.03
永顺生物,bj920729,8.99,8.96,8.99,31700.0,8.99,900,9.0,8800,0.33,9.0,8.98,31700,285200.0,0.04,0.22,6.91,24.57,11.64,6.28,2.31
国际医学,sz000516,4.86,4.86,4.84,515000.0,4.85,50400,4.86,6200,0.0,4.86,4.84,515000,2490000.0,0.02,0.41,107.16,108.81,5.35,4.37,4.15
正元智慧,sz300645,19.6,19.43,19.43,65000.0,19.58,7500,19.6,12000,0.87,19.6,19.43,65000,1270000.0,0.05,0.87,27.31,27.85,23.32,15.54,4.08
名雕股份,sz002830,24.12,24.95,24.24,466400.0,24.11,1700,24.12,900,-3.33,24.28,24.02,466400,11300000.0,0.7,1.04,16.12,32.16,27.45,22.46,5.77
科净源,sz301372,28.14,28.13,28.17,11700.0,28.14,5500,28.21,100,0.04,28.24,28.13,11700,330000.0,0.03,0.39,11.59,19.3,33.76,22.5,2.42
奥特佳,sz002239,3.23,3.24,3.23,1264900.0,3.22,562000,3.23,7900,-0.31,3.24,3.22,1264900,4090000.0,0.04,0.62,105.5,107.18,3.56,2.92,4.15
*ST交投,sz002200,6.97,6.98,6.97,2100.0,6.96,61100,6.97,11700,-0.14,6.97,6.97,2100,10000.0,0.0,0.0,13.64,31.44,7.33,6.63,0.28
贤丰控股,sz002141,3.91,3.89,3.89,299400.0,3.89,57600,3.91,68500,0.51,3.91,3.88,299400,1170000.0,0.03,0.77,39.84,40.39,4.28,3.5,2.8
美芝股份,sz002856,15.32,15.35,15.4,127600.0,15.31,100,15.37,2100,-0.2,15.43,15.32,127600,1960000.0,0.1,0.72,18.98,20.73,16.89,13.82,4.7
三江购物,sh601116,16.69,16.56,16.7,593100.0,16.68,10400,16.69,400,0.79,16.75,16.69,593100,9910000.0,0.11,0.36,91.41,91.41,18.22,14.9,2.83
中远通,sz301516,16.84,16.82,16.73,27300.0,16.82,9100,16.84,700,0.12,16.89,16.73,27300,460000.0,0.04,0.95,11.82,47.27,20.18,13.46,3.17
天坛生物,sh600161,16.33,16.34,16.31,79000.0,16.33,200,16.34,4400,-0.06,16.34,16.31,79000,1290000.0,0.0,0.18,322.9,322.9,17.97,14.71,2.98
长城军工,sh601606,44.5,44.38,44.56,83300.0,44.43,400,44.5,300,0.27,44.59,44.43,83300,3710000.0,0.01,0.36,322.28,322.28,48.82,39.94,1.69
中信海直,sz000099,20.21,20.17,20.17,122800.0,20.21,200,20.22,1800,0.2,20.25,20.17,122800,2480000.0,0.02,0.4,156.78,156.78,22.19,18.15,2.17
ST创意,sz300366,6.65,6.62,6.65,169100.0,6.65,4300,6.66,6000,0.45,6.67,6.65,169100,1120000.0,0.03,0.3,35.28,40.4,7.94,5.3,4.69
博通股份,sh600455,29.46,29.49,29.46,17900.0,29.46,200,29.48,500,-0.1,29.49,29.45,17900,530000.0,0.03,0.14,18.4,18.4,32.44,26.54,3.14
普联软件,sz300996,17.64,17.7,17.64,212400.0,17.64,2300,17.65,700,-0.34,17.68,17.59,212400,3750000.0,0.09,0.51,41.42,49.88,21.24,14.16,7.97
华统股份,sz002840,9.66,9.62,9.64,113400.0,9.65,21100,9.66,2200,0.42,9.66,9.64,113400,1090000.0,0.01,0.21,76.95,77.49,10.58,8.66,3.23
浙江黎明,sh603048,23.14,23.04,23.11,9600.0,23.08,300,23.11,200,0.43,23.15,23.09,9600,220000.0,0.01,0.26,33.99,33.99,25.34,20.74,1.37
国缆检测,sz301289,60.06,60.66,60.13,21500.0,60.01,400,60.11,100,-0.99,60.15,60.0,21500,1290000.0,0.03,0.25,46.55,46.85,72.79,48.53,5.32
久远银海,sz002777,19.8,19.82,19.77,125900.0,19.8,3600,19.81,2000,-0.1,19.8,19.7,125900,2490000.0,0.03,0.5,80.09,80.83,21.8,17.84,3.19
陕西黑猫,sh601015,4.64,4.55,4.6,2820900.0,4.64,36500,4.65,173100,1.98,4.65,4.6,2820900,13010000.0,0.14,1.1,94.77,94.77,5.01,4.1,3.27
捷安高科,sz300845,12.42,12.37,12.36,58800.0,12.36,1600,12.42,1700,0.4,12.42,12.32,58800,730000.0,0.04,0.81,17.96,25.54,14.84,9.9,2.63
瑞玛精密,sz002976,28.69,28.82,28.68,50000.0,28.63,700,28.69,1000,-0.45,28.82,28.6,50000,1430000.0,0.08,0.76,19.13,42.95,31.7,25.94,3.12
华兰疫苗,sz301207,21.13,21.06,21.0,110100.0,21.11,400,21.13,2900,0.33,21.13,20.95,110100,2320000.0,0.02,0.85,126.92,127.0,25.27,16.85,1.82
欧林生物,sh688319,25.76,25.94,25.7,3961500.0,25.7,500,25.76,15000,-0.69,26.1,25.68,3961500,1020000.0,0.01,1.62,104.43,104.51,31.13,20.75,2.54
南京熊猫,sh600775,14.25,14.35,14.25,191800.0,14.24,2800,14.25,1200,-0.7,14.25,14.23,191800,2730000.0,0.03,0.14,95.74,130.22,15.79,12.92,1.53
鱼跃医疗,sz002223,38.61,38.6,38.59,119600.0,38.6,200,38.66,1200,0.03,38.72,38.44,119600,4620000.0,0.01,0.73,363.0,387.06,42.46,34.74,4.93
动力源,sh600405,5.37,5.41,5.37,164100.0,5.37,11500,5.38,24500,-0.74,5.39,5.37,164100,880000.0,0.03,0.37,32.76,32.91,5.95,4.87,4.58
玉禾田,sz300815,25.27,25.38,25.38,60500.0,25.25,6800,25.27,400,-0.43,25.38,25.27,60500,1530000.0,0.02,0.43,98.65,100.72,30.46,20.3,1.97
中寰股份,bj920260,11.35,11.44,11.44,2600.0,11.33,6900,11.35,0,-0.79,11.44,11.35,2600,29700.000000000004,0.0,0.79,11.22,11.75,14.87,8.01,0.64
大悦城,sz000031,3.64,3.64,3.66,1125700.0,3.64,75600,3.65,76800,0.0,3.69,3.64,1125700,4120000.0,0.03,1.37,156.02,156.02,4.0,3.28,5.49
上纬新材,sh688585,125.44,124.0,123.85,2753700.0,125.44,500,125.47,200,1.16,125.44,123.85,2753700,3430000.0,0.01,1.28,505.98,505.98,148.8,99.2,1.62
琏升科技,sz300051,10.44,10.53,10.43,325300.0,10.41,4900,10.43,600,-0.85,10.61,10.4,325300,3390000.0,0.09,1.99,38.39,38.84,12.64,8.42,2.33
农尚环境,sz300536,9.01,9.02,9.02,32200.0,9.01,27900,9.02,19000,-0.11,9.04,9.01,32200,290000.0,0.01,0.33,26.42,26.43,10.82,7.22,1.31
严牌股份,sz301081,13.85,14.16,14.29,218300.0,13.81,300,13.85,200,-2.19,14.44,13.85,218300,3100000.0,0.1,4.17,30.19,31.47,16.99,11.33,7.13
思特奇,sz300608,12.96,12.94,12.89,166900.0,12.96,7300,12.97,24100,0.15,12.97,12.86,166900,2150000.0,0.06,0.85,37.27,42.93,15.53,10.35,3.15
中亦科技,sz301208,39.93,39.96,39.7,11300.0,39.78,100,39.93,100,-0.08,39.93,39.67,11300,450000.0,0.02,0.65,26.38,47.92,47.95,31.97,2.03
泰鹏智能,bj920132,17.09,17.46,17.46,67200.0,17.06,100,17.1,2600,-2.12,17.46,17.09,67200,1168800.0,0.24,2.12,4.8,14.15,22.69,12.23,24.76
星华新材,sz301077,29.93,30.0,29.97,11000.0,29.95,300,30.04,200,-0.23,30.07,29.91,11000,330000.0,0.01,0.53,28.55,50.9,36.0,24.0,1.08
元琛科技,sh688659,10.98,10.98,10.97,1027800.0,10.98,100,10.99,20700,0.0,10.99,10.97,1027800,110000.0,0.01,0.18,17.57,17.57,13.18,8.78,0.94
学大教育,sz000526,37.7,37.72,37.72,4100.0,37.7,100,37.72,700,-0.05,37.72,37.69,4100,150000.0,0.0,0.08,45.04,45.94,41.49,33.95,0.74
众智科技,sz301361,37.27,37.66,37.5,44500.0,37.27,1400,37.29,100,-1.04,37.66,37.27,44500,1670000.0,0.15,1.04,11.35,43.36,45.19,30.13,4.77
鸿智科技,bj920926,16.99,16.9,16.9,30300.0,16.91,100,17.06,1700,0.53,17.09,16.9,30300,512600.0,0.04,1.12,13.62,15.01,21.97,11.83,8.31
正泰电器,sh601877,31.31,31.64,31.31,467100.0,31.24,9600,31.28,1100,-1.04,31.35,31.2,467100,14620000.0,0.02,0.47,672.84,672.84,34.8,28.48,4.85
阳光乳业,sz001318,14.96,14.79,14.95,120400.0,14.95,900,14.96,300,1.15,14.99,14.92,120400,1800000.0,0.04,0.47,42.29,42.29,16.27,13.31,7.1
榕基软件,sz002474,8.97,8.97,9.0,194600.0,8.97,34800,8.98,38600,0.0,9.0,8.94,194600,1750000.0,0.04,0.67,47.61,55.81,9.87,8.07,1.45
超越科技,sz301049,25.1,25.0,24.99,11400.0,25.07,500,25.1,600,0.4,25.14,24.66,11400,290000.0,0.03,1.92,10.75,23.66,30.0,20.0,1.71
信濠光电,sz301051,21.97,21.7,21.85,248000.0,21.97,16400,21.99,3100,1.24,21.99,21.73,248000,5420000.0,0.15,1.2,35.37,44.61,26.04,17.36,16.38
明阳电路,sz300739,21.3,21.75,21.3,735600.0,21.3,400,21.31,100,-2.07,21.36,21.25,735600,15670000.0,0.21,0.51,73.09,79.55,26.1,17.4,7.26
大位科技,sh600589,15.25,13.86,15.25,62036400.0,15.25,64120600,0.0,0,10.03,15.25,15.25,62036400,946060000.0,4.2,0.0,225.47,226.41,15.25,12.47,181.32
浩物股份,sz000757,5.23,5.21,5.2,97400.0,5.22,14900,5.23,25700,0.38,5.23,5.2,97400,510000.0,0.02,0.58,27.86,27.86,5.73,4.69,2.42
华锋股份,sz002806,17.35,17.02,17.02,611100.0,17.35,5100,17.37,5000,1.94,17.36,17.02,611100,10450000.0,0.35,2.0,30.21,36.87,18.72,15.32,4.86
捷荣技术,sz002855,16.21,16.28,16.2,15100.0,16.21,2100,16.24,800,-0.43,16.25,16.2,15100,240000.0,0.01,0.31,39.91,39.94,17.91,14.65,1.89
慧辰股份,sh688500,61.75,62.2,62.17,1794400.0,61.9,300,62.17,3400,-0.72,62.28,61.75,1794400,1120000.0,0.02,0.85,45.27,46.5,74.64,49.76,1.95
泰达股份,sz000652,4.13,4.13,4.13,168000.0,4.13,73100,4.14,36100,0.0,4.15,4.13,168000,690000.0,0.01,0.48,60.9,60.94,4.54,3.72,1.85
天源迪科,sz300047,14.12,14.19,14.03,591200.0,14.13,200,14.14,200,-0.49,14.14,14.03,591200,8320000.0,0.11,0.78,77.19,90.05,17.03,11.35,5.24
众信旅游,sz002707,7.82,7.76,7.79,455600.0,7.83,600,7.84,10800,0.77,7.84,7.77,455600,3550000.0,0.06,0.9,64.53,76.85,8.54,6.98,2.91
众合科技,sz000925,8.37,8.3,8.34,289000.0,8.37,10300,8.38,10600,0.84,8.38,8.34,289000,2410000.0,0.04,0.48,56.35,56.61,9.13,7.47,4.78
天永智能,sh603895,32.96,33.16,33.01,51200.0,32.89,300,32.99,34200,-0.6,33.03,32.88,51200,1690000.0,0.05,0.45,35.62,35.62,36.48,29.84,5.23
*ST太和,sh605081,9.72,9.73,9.72,9900.0,9.72,100,9.73,2600,-0.1,9.72,9.72,9900,100000.0,0.01,0.0,11.01,11.01,10.22,9.24,1.21
中恒集团,sh600252,2.55,2.55,2.55,324400.0,2.55,136300,2.56,776800,0.0,2.56,2.54,324400,830000.0,0.01,0.78,81.2,81.2,2.81,2.3,2.08
神思电子,sz300479,22.32,22.37,22.28,99500.0,22.3,2400,22.33,1100,-0.22,22.32,22.25,99500,2220000.0,0.05,0.31,43.95,43.98,26.84,17.9,1.64
电魂网络,sh603258,19.32,19.43,19.28,25300.0,19.33,100,19.4,3200,-0.57,19.43,19.25,25300,490000.0,0.01,0.93,46.63,47.12,21.37,17.49,1.27
航新科技,sz300424,18.22,18.2,18.2,38600.0,18.2,600,18.22,2400,0.11,18.22,18.17,38600,700000.0,0.02,0.27,44.69,44.72,21.84,14.56,1.21
正强股份,sz301119,53.13,53.9,53.72,54900.0,53.12,300,53.13,1200,-1.43,53.9,53.13,54900,2940000.0,0.07,1.43,44.69,55.26,64.68,43.12,3.31
龙星科技,sz002442,6.51,6.52,6.52,64300.0,6.51,2900,6.52,47600,-0.15,6.52,6.51,64300,420000.0,0.01,0.15,32.07,32.76,7.17,5.87,1.62
大龙地产,sh600159,3.08,3.08,3.08,280400.0,3.07,75500,3.08,15000,0.0,3.09,3.07,280400,860000.0,0.03,0.65,25.56,25.56,3.39,2.77,3.07
易实精密,bj920221,16.14,16.12,16.16,1400.0,16.09,100,16.14,900,0.12,16.16,16.1,1400,22799.999999999996,0.0,0.37,9.97,18.73,20.95,11.29,0.56
安硕信息,sz300380,41.14,40.85,40.85,18000.0,41.13,200,41.14,1100,0.71,41.15,40.85,18000,740000.0,0.01,0.73,52.4,56.95,49.02,32.68,2.36
中重科技,sh603135,11.77,11.72,11.66,31500.0,11.74,100,11.78,1300,0.43,11.78,11.66,31500,370000.0,0.01,1.02,29.74,74.65,12.89,10.55,1.09
天邦食品,sz002124,2.48,2.48,2.47,365700.0,2.47,829400,2.48,501700,0.0,2.48,2.47,365700,900000.0,0.02,0.4,48.91,55.1,2.73,2.23,3.49
成电光信,bj920008,30.83,30.76,30.8,5300.0,30.84,300,31.14,600,0.23,30.84,30.8,5300,162100.0,0.02,0.13,10.36,19.65,39.98,21.54,1.99
华业香料,sz300886,29.09,29.06,29.19,20300.0,29.08,100,29.09,2600,0.1,29.19,28.92,20300,590000.0,0.05,0.93,12.7,21.76,34.87,23.25,3.26
远 望 谷,sz002161,8.98,9.02,9.01,169100.0,8.98,48000,8.99,700,-0.44,9.02,8.98,169100,1520000.0,0.02,0.44,63.29,66.43,9.92,8.12,1.58
广电计量,sz002967,23.2,23.31,23.21,84500.0,23.18,500,23.2,2000,-0.47,23.31,23.14,84500,1960000.0,0.01,0.73,133.45,147.85,25.64,20.98,2.62
福莱新材,sh605488,42.86,43.12,42.7,121000.0,42.86,7500,42.9,1500,-0.6,42.87,42.7,121000,5170000.0,0.04,0.39,118.38,120.1,47.43,38.81,1.59
和达科技,sh688296,16.72,16.8,16.6,2102000.0,16.7,500,16.71,200,-0.48,16.78,16.6,2102000,350000.0,0.02,1.07,17.96,18.04,20.16,13.44,2.92
贝因美,sz002570,6.09,6.06,6.08,711500.0,6.08,131900,6.09,3900,0.5,6.1,6.08,711500,4330000.0,0.07,0.33,65.77,65.77,6.67,5.45,8.34
东方碳素,bj920175,11.34,11.35,11.4,17000.0,11.34,5300,11.38,1100,-0.09,11.4,11.31,17000,194000.0,0.02,0.79,8.99,13.49,14.75,7.95,4.45
西宁特钢,sh600117,2.84,2.85,2.84,141500.0,2.83,57800,2.84,100800,-0.35,2.84,2.82,141500,400000.0,0.0,0.7,92.45,92.45,3.14,2.57,1.81
裕太微-U,sh688515,123.99,124.73,124.1,1106600.0,123.73,200,123.99,400,-0.59,124.41,123.99,1106600,1370000.0,0.02,0.34,61.77,99.19,149.68,99.78,1.65
*ST海华,sh600243,3.23,3.31,3.23,835100.0,3.22,8800,3.23,43400,-2.42,3.29,3.23,835100,2700000.0,0.19,1.81,14.17,14.17,3.48,3.14,10.76
贝隆精密,sz301567,48.38,48.75,48.5,16300.0,48.33,2000,48.35,100,-0.76,48.58,48.38,16300,790000.0,0.08,0.41,10.28,34.83,58.5,39.0,3.21
晶品特装,sh688084,81.97,81.56,81.52,120000.0,81.52,1000,82.48,3600,0.5,82.48,81.52,120000,100000.0,0.0,1.18,62.02,62.02,97.87,65.25,0.29
亚联机械,sz001395,43.78,43.8,43.69,14300.0,43.7,3300,43.78,200,-0.05,43.8,43.6,14300,620000.0,0.03,0.46,20.53,38.19,48.18,39.42,4.9
欧普泰,bj920414,16.33,16.45,16.45,113500.0,16.32,800,16.33,1100,-0.73,16.45,16.31,113500,1865800.0000000002,0.2,0.85,9.16,13.02,21.38,11.52,2.35
大业股份,sh603278,12.48,12.52,12.47,56000.0,12.47,13400,12.48,500,-0.32,12.51,12.47,56000,700000.0,0.02,0.32,42.65,42.65,13.77,11.27,1.2
澳弘电子,sh605058,31.76,31.77,31.72,15800.0,31.76,2400,31.83,100,-0.03,31.98,31.71,15800,500000.0,0.01,0.85,45.39,45.39,34.95,28.59,1.67
歌力思,sh603808,10.09,10.1,10.09,38900.0,10.08,900,10.09,12400,-0.1,10.1,10.08,38900,390000.0,0.01,0.2,37.24,37.24,11.11,9.09,1.24
五洲新春,sh603667,85.69,86.34,85.69,416000.0,85.68,100,85.69,28200,-0.75,86.0,85.5,416000,35640000.0,0.11,0.58,313.8,313.8,94.97,77.71,1.9
太龙药业,sh600222,6.7,6.67,6.71,88000.0,6.68,900,6.7,41800,0.45,6.71,6.67,88000,590000.0,0.02,0.6,38.45,38.45,7.34,6.0,0.94
数字认证,sz300579,32.86,32.58,32.59,68900.0,32.86,900,32.88,100,0.86,32.86,32.59,68900,2250000.0,0.03,0.83,86.18,88.72,39.1,26.06,3.19
经纬恒润-W,sh688326,136.0,136.58,136.0,2435800.0,135.6,200,136.0,19500,-0.42,136.8,135.8,2435800,3310000.0,0.02,0.73,151.81,163.14,163.9,109.26,2.66
三角防务,sz300775,43.3,43.5,43.17,534900.0,43.3,1200,43.31,1000,-0.46,43.36,43.17,534900,23110000.0,0.1,0.44,230.18,237.09,52.2,34.8,2.31
宏川智慧,sz002930,12.83,12.83,12.84,61100.0,12.81,21800,12.83,1900,0.0,12.84,12.8,61100,780000.0,0.01,0.31,55.52,58.7,14.11,11.55,1.47
会稽山,sh601579,20.29,20.19,20.25,104300.0,20.28,1100,20.29,400,0.5,20.35,20.24,104300,2110000.0,0.02,0.54,97.28,97.28,22.21,18.17,2.1
广宇集团,sz002133,3.77,3.76,3.77,249900.0,3.77,57600,3.78,132500,0.27,3.79,3.77,249900,940000.0,0.03,0.53,29.02,29.19,4.14,3.38,4.08
中航成飞,sz302132,76.98,76.62,76.96,99100.0,76.98,1200,77.0,200,0.47,77.21,76.96,99100,7630000.0,0.02,0.33,451.16,2056.98,91.94,61.3,3.75
大商股份,sh600694,17.96,17.93,17.94,16200.0,17.97,100,17.98,11400,0.17,17.98,17.94,16200,290000.0,0.0,0.22,61.85,61.85,19.72,16.14,0.88
广哈通信,sz300711,28.11,28.04,27.92,68900.0,28.05,2000,28.11,1500,0.25,28.14,27.92,68900,1930000.0,0.03,0.78,69.83,70.04,33.65,22.43,1.51
光环新网,sz300383,18.48,18.52,18.0,7457100.0,18.48,80400,18.49,26100,-0.22,18.49,18.0,7457100,135010000.0,0.42,2.65,331.45,332.2,22.22,14.82,8.3
美腾科技,sh688420,27.24,27.4,27.24,545000.0,27.22,500,27.23,200,-0.58,27.24,27.21,545000,150000.0,0.01,0.11,11.37,24.09,32.88,21.92,1.42
保隆科技,sh603197,36.26,36.31,36.29,16200.0,36.21,100,36.26,1300,-0.14,36.29,36.2,16200,590000.0,0.01,0.25,77.47,77.47,39.94,32.68,1.72
宋城演艺,sz300144,8.79,8.74,8.76,759400.0,8.79,69500,8.81,600,0.57,8.82,8.76,759400,6670000.0,0.03,0.69,207.34,230.71,10.49,6.99,1.78
南京公用,sz000421,6.92,6.92,6.92,74100.0,6.91,44400,6.92,800,0.0,6.93,6.91,74100,510000.0,0.01,0.29,39.74,39.75,7.61,6.23,1.97
赛象科技,sz002337,6.74,6.74,6.74,127100.0,6.72,12200,6.74,4200,0.0,6.77,6.73,127100,860000.0,0.02,0.59,39.63,39.67,7.41,6.07,2.37
北汽蓝谷,sh600733,8.06,8.08,8.05,950200.0,8.06,74200,8.07,117300,-0.25,8.08,8.05,950200,7650000.0,0.02,0.37,394.27,513.19,8.89,7.27,3.5
信捷电气,sh603416,56.2,56.45,56.28,7900.0,56.08,500,56.11,200,-0.44,56.28,56.03,7900,440000.0,0.01,0.44,78.26,88.31,62.1,50.81,0.94
国睿科技,sh600562,28.95,28.89,28.9,47200.0,28.91,6600,28.96,27200,0.21,29.0,28.88,47200,1370000.0,0.0,0.42,359.52,359.52,31.78,26.0,1.42
凤凰光学,sh600071,21.12,21.15,21.1,7000.0,21.08,2100,21.12,500,-0.14,21.14,21.08,7000,150000.0,0.0,0.28,59.47,59.47,23.27,19.04,0.65
中电鑫龙,sz002298,10.65,10.71,10.65,226400.0,10.63,15200,10.65,3100,-0.56,10.65,10.61,226400,2410000.0,0.03,0.37,70.36,78.82,11.78,9.64,2.74
大胜达,sh603687,11.71,11.72,11.69,256300.0,11.71,12300,11.72,30700,-0.09,11.71,11.65,256300,3000000.0,0.05,0.51,64.41,64.41,12.89,10.55,3.21
豫能控股,sz001896,9.12,8.29,9.12,13377600.0,9.12,90623900,0.0,0,10.01,9.12,9.12,13377600,122000000.0,0.88,0.0,139.15,139.15,9.12,7.46,69.52
佳禾食品,sh605300,11.61,11.59,11.57,44200.0,11.61,300,11.62,200,0.17,11.64,11.57,44200,510000.0,0.01,0.6,52.76,52.76,12.75,10.43,1.62
万达轴承,bj920002,102.01,102.0,102.38,8300.0,102.01,100,102.15,100,0.01,103.0,102.01,8300,855400.0000000001,0.03,0.97,32.01,46.42,132.6,71.4,5.08
凯龙股份,sz002783,9.9,9.94,9.9,68900.0,9.9,4200,9.91,300,-0.4,9.93,9.9,68900,680000.0,0.02,0.3,45.39,49.44,10.93,8.95,1.69
中远海科,sz002401,16.5,16.53,16.52,14500.0,16.49,1800,16.5,100,-0.18,16.53,16.48,14500,240000.0,0.0,0.3,61.28,61.33,18.18,14.88,0.96
华丽家族,sh600503,2.68,2.67,2.67,317800.0,2.67,73400,2.68,333600,0.37,2.68,2.66,317800,850000.0,0.02,0.75,42.94,42.94,2.94,2.4,3.22
达实智能,sz002421,2.99,2.98,2.98,507800.0,2.98,93700,2.99,314600,0.34,2.99,2.97,507800,1510000.0,0.03,0.67,60.0,63.41,3.28,2.68,2.45
浙江鼎力,sh603338,59.64,59.59,59.58,21900.0,59.58,4000,59.59,800,0.08,59.88,59.38,21900,1300000.0,0.0,0.84,301.99,301.99,65.55,53.63,1.47
京运通,sh601908,3.97,3.98,3.96,325900.0,3.96,127100,3.97,92400,-0.25,3.97,3.95,325900,1290000.0,0.01,0.5,95.86,95.86,4.38,3.58,0.81
灿芯股份,sh688691,140.8,142.85,141.0,6672800.0,140.7,9400,140.8,1500,-1.44,141.17,139.03,6672800,9380000.0,0.09,1.5,100.62,168.96,171.42,114.28,3.09
云意电气,sz300304,13.34,13.37,13.4,222500.0,13.34,2600,13.36,2900,-0.22,13.4,13.32,222500,2970000.0,0.03,0.6,113.99,117.14,16.04,10.7,2.84
旭杰科技,bj920149,12.0,12.0,12.03,24300.0,12.0,400,12.03,800,0.0,12.04,12.0,24300,292500.0,0.04,0.33,7.59,9.18,15.6,8.4,5.03
恒立液压,sh601100,121.33,121.49,121.5,21400.0,121.28,900,121.33,600,-0.13,121.5,121.28,21400,2600000.0,0.0,0.18,1626.82,1626.82,133.64,109.34,0.71
世纪鼎利,sz300050,6.03,6.05,6.05,95100.0,6.03,11200,6.04,34500,-0.33,6.05,6.03,95100,570000.0,0.02,0.33,32.83,32.85,7.26,4.84,1.41
长江材料,sz001296,27.72,27.78,27.83,39400.0,27.72,200,27.76,600,-0.22,27.84,27.72,39400,1100000.0,0.05,0.43,21.3,41.47,30.56,25.0,3.48
南天信息,sz000948,17.42,17.42,17.36,44200.0,17.42,2800,17.46,4200,0.0,17.42,17.36,44200,770000.0,0.01,0.34,67.79,67.92,19.16,15.68,2.4
湘电股份,sh600416,14.33,14.4,14.32,467200.0,14.33,100,14.35,4300,-0.49,14.33,14.27,467200,6690000.0,0.04,0.42,189.93,211.48,15.84,12.96,5.45
中牧股份,sh600195,7.71,7.72,7.7,175700.0,7.71,7700,7.74,61500,-0.13,7.74,7.7,175700,1360000.0,0.02,0.52,78.73,78.73,8.49,6.95,3.36
咸亨国际,sh605056,22.69,22.6,22.89,79600.0,22.63,1000,22.69,3100,0.4,22.89,22.65,79600,1820000.0,0.02,1.06,91.53,92.89,24.86,20.34,2.39
新芝生物,bj920685,14.31,14.67,14.45,61400.0,14.31,1800,14.39,2200,-2.45,14.45,14.15,61400,884500.0,0.11,2.04,7.86,13.1,19.07,10.27,21.9
灵康药业,sh603669,4.64,4.61,4.64,52600.0,4.63,14100,4.64,4800,0.65,4.65,4.63,52600,240000.0,0.01,0.43,33.47,33.47,5.07,4.15,2.02
黄山旅游,sh600054,13.05,12.94,13.05,195800.0,13.01,27500,13.05,24900,0.85,13.08,13.03,195800,2560000.0,0.04,0.39,66.99,95.18,14.23,11.65,2.53
易华录,sz300212,13.25,13.25,13.25,278800.0,13.25,4700,13.28,300,0.0,13.25,13.18,278800,3690000.0,0.04,0.53,92.55,95.39,15.9,10.6,1.61
润贝航科,sz001316,51.99,52.45,52.19,53000.0,51.99,100,52.0,2100,-0.88,52.19,51.91,53000,2760000.0,0.05,0.53,57.86,59.85,57.7,47.21,2.01
桃李面包,sh603866,5.4,5.4,5.39,76100.0,5.39,25300,5.4,21600,0.0,5.4,5.39,76100,410000.0,0.0,0.19,86.38,86.38,5.94,4.86,1.21
八一钢铁,sh600581,2.94,2.94,2.94,121400.0,2.93,165400,2.94,259700,0.0,2.94,2.93,121400,360000.0,0.01,0.34,45.07,45.07,3.23,2.65,1.2
中光学,sz002189,22.44,22.43,22.43,17600.0,22.43,2200,22.44,3500,0.04,22.45,22.4,17600,390000.0,0.01,0.22,58.6,58.61,24.67,20.19,2.04
三维天地,sz301159,49.33,48.9,48.77,143700.0,49.33,3800,49.49,100,0.88,49.44,48.76,143700,7050000.0,0.27,1.39,26.15,38.16,58.68,39.12,6.7
豪尔赛,sz002963,15.32,15.29,15.29,52500.0,15.29,700,15.31,600,0.2,15.4,15.29,52500,800000.0,0.05,0.72,17.5,23.04,16.82,13.76,4.38
天音控股,sz000829,10.62,10.71,10.85,1554600.0,10.62,9000,10.63,1000,-0.84,10.88,10.62,1554600,16790000.0,0.15,2.43,108.76,108.87,11.78,9.64,10.61
双塔食品,sz002481,5.02,5.01,5.0,305300.0,5.02,25500,5.03,130500,0.2,5.03,4.99,305300,1530000.0,0.03,0.8,56.12,61.93,5.51,4.51,5.92
龙软科技,sh688078,30.35,30.46,30.4,198300.0,30.15,700,30.35,5100,-0.36,30.4,30.35,198300,60000.0,0.0,0.16,22.12,22.12,36.55,24.37,0.55
爱美客,sz300896,147.32,146.85,146.9,42300.0,147.32,3700,147.42,900,0.32,147.42,146.84,42300,6220000.0,0.02,0.39,307.3,445.78,176.22,117.48,2.52
迅捷兴,sh688655,20.25,20.32,20.34,525100.0,20.22,1900,20.25,500,-0.34,20.34,20.24,525100,110000.0,0.0,0.49,27.01,27.01,24.38,16.26,0.44
纳睿雷达,sh688522,41.59,41.73,41.5,1605700.0,41.59,1900,41.6,1800,-0.34,41.59,41.48,1605700,670000.0,0.01,0.26,50.33,126.02,50.08,33.38,0.97
武汉凡谷,sz002194,12.73,12.71,12.69,152100.0,12.71,4300,12.73,3100,0.16,12.75,12.68,152100,1930000.0,0.03,0.55,65.04,86.98,13.98,11.44,2.3
中触媒,sh688267,29.01,29.18,29.01,3702600.0,29.0,6000,29.01,13000,-0.58,29.1,29.01,3702600,1070000.0,0.02,0.31,51.12,51.12,35.02,23.34,4.43
兴业科技,sz002674,14.48,14.39,14.37,27900.0,14.48,1000,14.49,100,0.63,14.49,14.37,27900,400000.0,0.01,0.83,42.36,42.8,15.83,12.95,1.3
鹏翎股份,sz300375,5.73,5.75,5.75,222100.0,5.73,6300,5.74,79200,-0.35,5.75,5.72,222100,1270000.0,0.04,0.52,29.2,43.53,6.9,4.6,1.68
熵基科技,sz301330,38.55,38.51,38.47,32100.0,38.53,400,38.55,5900,0.1,38.55,38.42,32100,1240000.0,0.03,0.34,43.91,90.73,46.21,30.81,2.01
ST浩丰,sz300419,7.12,7.12,7.11,18900.0,7.11,9200,7.12,5600,0.0,7.12,7.11,18900,130000.0,0.01,0.14,26.18,26.18,8.54,5.7,0.75
吉视传媒,sh601929,3.8,3.85,3.82,1896900.0,3.79,118300,3.8,5300,-1.3,3.84,3.8,1896900,7240000.0,0.06,1.04,130.98,132.61,4.24,3.47,1.61
交大昂立,sh600530,6.21,6.18,6.18,56600.0,6.19,6200,6.21,9000,0.49,6.21,6.18,56600,350000.0,0.01,0.49,48.12,48.12,6.8,5.56,2.18
本钢板材,sz000761,3.66,3.66,3.66,231100.0,3.65,259100,3.66,166300,0.0,3.67,3.65,231100,850000.0,0.01,0.55,135.72,150.36,4.03,3.29,2.96
希荻微,sh688173,16.08,16.13,16.1,5448100.0,16.07,2700,16.08,4700,-0.31,16.14,16.01,5448100,880000.0,0.01,0.81,65.92,66.36,19.36,12.9,2.04
京北方,sz002987,19.4,19.44,19.46,72800.0,19.4,6000,19.43,73400,-0.21,19.5,19.4,72800,1420000.0,0.01,0.51,163.65,168.29,21.38,17.5,1.58
新赛股份,sh600540,4.73,4.74,4.74,117500.0,4.73,2100,4.74,21000,-0.21,4.75,4.72,117500,560000.0,0.02,0.63,27.5,27.5,5.21,4.27,2.19
ST泉为,sz300716,12.86,12.85,12.86,37800.0,12.85,29100,12.86,1300,0.08,12.86,12.85,37800,490000.0,0.02,0.08,20.58,20.58,15.42,10.28,1.83
新时达,sz002527,16.49,16.55,16.5,101900.0,16.49,500,16.5,14700,-0.36,16.52,16.46,101900,1680000.0,0.02,0.36,87.28,109.34,18.21,14.9,1.75
北新路桥,sz002307,4.98,4.96,4.97,247400.0,4.97,228700,4.98,59200,0.4,4.98,4.96,247400,1230000.0,0.02,0.4,63.16,82.11,5.46,4.46,1.44
三只松鼠,sz300783,22.93,22.8,22.8,67300.0,22.91,4200,22.93,23600,0.57,22.96,22.8,67300,1540000.0,0.02,0.7,64.26,92.1,27.36,18.24,1.74
汇通集团,sh603176,5.8,5.79,5.81,31700.0,5.79,3700,5.8,32000,0.17,5.81,5.8,31700,180000.0,0.01,0.17,26.79,27.56,6.37,5.21,1.71
银宝山新,sz002786,8.55,8.52,8.55,24500.0,8.54,400,8.55,2500,0.35,8.59,8.54,24500,210000.0,0.0,0.59,42.25,42.37,9.37,7.67,1.08
泉阳泉,sh600189,8.26,8.23,8.24,77300.0,8.26,9600,8.27,2300,0.36,8.27,8.24,77300,640000.0,0.01,0.36,59.08,59.08,9.05,7.41,1.76
新致软件,sh688590,18.08,18.15,18.06,7831300.0,18.08,400,18.14,4600,-0.39,18.17,18.0,7831300,1410000.0,0.03,0.94,47.53,47.53,21.78,14.52,2.18
秋田微,sz300939,35.96,36.1,36.07,30300.0,35.89,100,35.95,1100,-0.39,36.07,35.88,30300,1090000.0,0.03,0.53,43.15,43.15,43.32,28.88,3.86
贵航股份,sh600523,15.35,15.32,15.28,40300.0,15.3,500,15.35,9400,0.2,15.35,15.24,40300,620000.0,0.01,0.72,62.02,62.06,16.85,13.79,1.45
小崧股份,sz002723,9.83,10.46,9.78,2426800.0,9.8,87900,9.83,15600,-6.02,9.98,9.69,2426800,23800000.0,0.77,2.77,31.17,32.67,11.51,9.41,14.78
拉芳家化,sh603630,20.13,20.03,20.26,20400.0,20.13,1200,20.23,31200,0.5,20.26,20.07,20400,410000.0,0.01,0.95,45.33,45.33,22.03,18.03,1.02
工大科雅,sz301197,21.31,21.37,21.37,24700.0,21.16,1100,21.23,2200,-0.28,21.39,21.14,24700,530000.0,0.02,1.17,23.17,25.69,25.64,17.1,2.33
康为世纪,sh688426,24.8,24.8,24.76,949300.0,24.79,200,24.8,400,0.0,24.8,24.76,949300,240000.0,0.02,0.16,9.53,27.9,29.76,19.84,2.6
天马科技,sh603668,14.9,14.97,14.89,213600.0,14.9,13400,14.91,13400,-0.47,14.91,14.89,213600,3180000.0,0.04,0.13,75.35,75.35,16.47,13.47,4.89
华仁药业,sz300110,3.23,3.22,3.21,269700.0,3.22,62100,3.23,208600,0.31,3.23,3.21,269700,870000.0,0.02,0.62,38.14,38.19,3.86,2.58,2.43
豪声电子,bj920701,18.0,17.99,18.0,2400.0,18.0,7500,18.01,100,0.06,18.01,18.0,2400,43900.0,0.0,0.06,18.04,24.7,23.38,12.6,0.97
国中水务,sh600187,2.17,2.17,2.17,625400.0,2.16,362500,2.17,3500,0.0,2.18,2.17,625400,1360000.0,0.04,0.46,35.02,35.02,2.39,1.95,3.47
安达维尔,sz300719,17.41,17.41,17.58,101300.0,17.41,5000,17.42,1100,0.0,17.58,17.41,101300,1780000.0,0.06,0.98,31.27,44.26,20.89,13.93,2.21
东方国信,sz300166,15.09,15.31,15.31,11834900.0,15.09,35600,15.19,104300,-1.44,15.5,15.0,11834900,181040000.0,1.31,3.27,136.68,171.84,18.37,12.25,14.71
嘉泽新能,sh601619,5.87,5.86,5.9,4982900.0,5.85,12500,5.87,800,0.17,5.94,5.8,4982900,29370000.0,0.2,2.39,142.92,170.98,6.45,5.27,8.58
神马股份,sh600810,8.53,8.53,8.5,123800.0,8.53,9800,8.54,2000,0.0,8.54,8.49,123800,1050000.0,0.01,0.59,93.95,94.79,9.38,7.68,2.18
新 大 陆,sz000997,26.51,26.59,26.59,50500.0,26.51,4800,26.54,10000,-0.3,26.59,26.49,50500,1340000.0,0.01,0.38,267.07,268.57,29.25,23.93,1.35
广电电气,sh601616,5.16,5.22,5.17,1495500.0,5.15,400,5.16,411800,-1.15,5.17,5.14,1495500,7720000.0,0.18,0.57,44.05,44.05,5.74,4.7,5.62
石基信息,sz002153,12.7,12.72,12.67,404500.0,12.69,2900,12.7,10500,-0.16,12.75,12.63,404500,5130000.0,0.03,0.94,203.17,346.61,13.99,11.45,1.26
武商集团,sz000501,9.64,9.63,9.69,179800.0,9.64,24600,9.65,2100,0.1,9.7,9.63,179800,1740000.0,0.02,0.73,74.06,74.13,10.59,8.67,2.9
亿晶光电,sh600537,3.42,3.41,3.43,878300.0,3.41,73800,3.42,154100,0.29,3.43,3.41,878300,3010000.0,0.07,0.59,40.48,40.48,3.75,3.07,1.2
ST开元,sz300338,3.83,3.78,3.8,234400.0,3.81,8200,3.83,1200,1.32,3.83,3.8,234400,890000.0,0.07,0.79,13.38,15.42,4.54,3.02,3.28
华达科技,sh603358,50.29,49.78,49.82,28500.0,49.93,100,50.24,200,1.02,50.29,49.82,28500,1420000.0,0.01,0.94,225.93,236.23,54.76,44.8,0.92
慈星股份,sz300307,7.33,7.31,7.29,103700.0,7.32,1300,7.33,6800,0.27,7.33,7.29,103700,760000.0,0.01,0.55,57.8,58.68,8.77,5.85,1.95
天秦装备,sz300922,22.85,22.9,22.82,24500.0,22.83,4500,22.86,300,-0.22,22.94,22.82,24500,560000.0,0.02,0.52,28.49,36.28,27.48,18.32,1.88
深 赛 格,sz000058,9.1,9.09,9.09,181100.0,9.1,2200,9.11,200,0.11,9.11,9.09,181100,1650000.0,0.02,0.22,89.61,112.04,10.0,8.18,4.6
中裕科技,bj920694,19.46,19.46,19.46,200.0,19.46,1900,19.52,600,0.0,19.46,19.46,200,4100.0,0.0,0.0,12.16,25.7,25.29,13.63,0.09
三环集团,sz300408,57.92,58.98,58.2,375400.0,57.87,2900,57.92,600,-1.8,58.2,57.87,375400,21820000.0,0.02,0.56,1082.99,1110.04,70.78,47.18,3.61
绿能慧充,sh600212,7.69,7.7,7.7,77500.0,7.68,15900,7.69,4300,-0.13,7.71,7.69,77500,600000.0,0.01,0.26,40.85,54.15,8.47,6.93,1.93
大洋电机,sz002249,10.67,10.74,10.7,574600.0,10.66,46600,10.67,3100,-0.65,10.7,10.66,574600,6140000.0,0.03,0.37,197.54,262.92,11.81,9.67,2.93
优博讯,sz300531,17.49,17.56,17.45,118400.0,17.48,2100,17.49,400,-0.4,17.54,17.42,118400,2070000.0,0.04,0.68,54.0,56.16,21.07,14.05,4.9
华侨城Ａ,sz000069,2.67,2.66,2.67,532300.0,2.66,279800,2.67,186100,0.38,2.67,2.66,532300,1420000.0,0.01,0.38,184.19,214.61,2.93,2.39,2.3
三诺生物,sz300298,18.38,18.35,18.3,51900.0,18.34,600,18.38,8000,0.16,18.38,18.28,51900,950000.0,0.01,0.54,82.95,102.98,22.02,14.68,1.87
诚益通,sz300430,21.77,21.88,21.81,49700.0,21.77,100,21.78,3200,-0.5,21.88,21.76,49700,1080000.0,0.02,0.55,56.57,59.44,26.26,17.5,1.77
华伍股份,sz300095,10.69,10.66,10.67,66800.0,10.69,100,10.7,1400,0.28,10.77,10.66,66800,710000.0,0.02,1.03,36.21,44.91,12.79,8.53,1.24
德业股份,sh605117,96.18,96.7,96.69,33000.0,96.0,5500,96.18,300,-0.54,96.69,96.01,33000,3180000.0,0.0,0.7,874.16,874.16,106.37,87.03,0.92
亚泰集团,sh600881,1.78,1.79,1.79,355800.0,1.78,923200,1.79,404300,-0.56,1.79,1.78,355800,640000.0,0.01,0.56,57.53,57.53,1.97,1.61,2.7
国联水产,sz300094,3.84,3.79,3.86,2591300.0,3.83,109700,3.84,4900,1.32,3.88,3.84,2591300,10000000.0,0.23,1.06,42.45,43.32,4.55,3.03,6.33
中衡设计,sh603017,12.36,12.37,12.3,111800.0,12.35,800,12.37,10700,-0.08,12.37,12.3,111800,1380000.0,0.04,0.57,34.14,34.14,13.61,11.13,2.62
湖南天雁,sh600698,8.25,8.24,8.26,37600.0,8.24,28200,8.25,4900,0.12,8.27,8.24,37600,310000.0,0.0,0.36,68.51,88.16,9.06,7.42,1.25
航天智造,sz300446,23.34,23.31,23.32,103600.0,23.33,1300,23.35,900,0.13,23.34,23.3,103600,2420000.0,0.03,0.17,87.19,197.32,27.97,18.65,1.8
齐鲁华信,bj920832,7.39,7.43,7.4,22100.0,7.36,3000,7.38,100,-0.54,7.43,7.38,22100,163600.0,0.02,0.67,9.11,10.25,9.65,5.21,3.19
保税科技,sh600794,3.76,3.75,3.76,108600.0,3.75,50500,3.76,27500,0.27,3.76,3.75,108600,410000.0,0.01,0.27,45.13,45.13,4.13,3.38,2.24
中国中免,sh601888,94.68,94.17,94.47,245400.0,94.68,700,94.7,200,0.54,94.98,94.43,245400,23200000.0,0.01,0.58,1848.6,1958.8,103.59,84.75,1.19
久其软件,sz002279,9.49,9.44,9.38,841800.0,9.49,21600,9.5,68600,0.53,9.49,9.38,841800,7920000.0,0.11,1.17,74.95,81.82,10.38,8.5,3.41
神驰机电,sh603109,26.82,27.01,26.82,36500.0,26.82,4700,26.87,300,-0.7,26.95,26.82,36500,980000.0,0.02,0.48,56.01,56.01,29.71,24.31,3.6
中国电影,sh600977,17.53,17.61,17.5,1215900.0,17.53,248900,17.55,18600,-0.45,17.55,17.4,1215900,21280000.0,0.07,0.85,327.29,327.29,19.37,15.85,2.17
天臣医疗,sh688013,42.82,42.82,42.78,344900.0,42.78,600,42.79,700,0.0,42.82,42.75,344900,150000.0,0.0,0.16,34.75,34.75,51.38,34.26,0.74
峨眉山Ａ,sz000888,13.63,13.55,13.59,151300.0,13.63,100,13.65,43700,0.59,13.65,13.57,151300,2060000.0,0.03,0.59,71.82,71.82,14.91,12.2,2.7
南卫股份,sh603880,6.65,6.65,6.63,177400.0,6.65,2300,6.68,3900,0.0,6.65,6.63,177400,1180000.0,0.06,0.3,19.22,19.22,7.32,5.99,7.62
行动教育,sh605098,48.61,49.07,49.18,4500.0,48.92,100,49.17,2300,-0.94,49.18,48.6,4500,220000.0,0.0,1.18,57.97,57.97,53.98,44.16,0.58
扬电科技,sz301012,28.75,28.93,28.76,165000.0,28.8,500,28.81,1000,-0.62,28.88,28.7,165000,4750000.0,0.08,0.62,56.63,56.63,34.72,23.14,6.1
博实结,sz301608,93.44,94.51,93.4,12100.0,93.44,900,93.62,400,-1.13,93.87,93.4,12100,1130000.0,0.03,0.5,37.32,83.15,113.41,75.61,4.13
格利尔,bj920641,19.88,19.88,19.8,26100.0,19.8,5700,19.88,5100,0.0,19.89,19.8,26100,517400.0,0.06,0.45,9.03,14.92,25.84,13.92,4.02
民士达,bj920394,57.18,57.39,57.71,29400.0,57.41,1700,57.63,300,-0.37,57.8,57.18,29400,1697200.0,0.02,1.08,83.01,83.63,74.6,40.18,2.79
广东建科,sz301632,24.1,24.4,24.25,56300.0,24.1,2200,24.11,4200,-1.23,24.26,24.1,56300,1360000.0,0.08,0.66,17.66,100.87,29.28,19.52,5.92
西麦食品,sz002956,28.41,28.56,28.55,11800.0,28.41,1300,28.5,19100,-0.53,28.55,28.41,11800,340000.0,0.01,0.49,63.42,63.42,31.42,25.7,1.53
新大正,sz002968,12.84,12.84,12.87,28700.0,12.84,800,12.85,8800,0.0,12.9,12.84,28700,370000.0,0.01,0.47,27.37,29.05,14.12,11.56,1.78
来伊份,sh603777,13.24,13.15,13.24,54300.0,13.24,6500,13.25,2300,0.68,13.26,13.22,54300,720000.0,0.02,0.3,44.28,44.28,14.47,11.84,1.75
塞力医疗,sh603716,21.97,21.95,21.98,35800.0,21.96,3500,21.97,100,0.09,22.01,21.97,35800,790000.0,0.02,0.18,46.18,46.18,24.15,19.76,1.1
朗新科技,sz300682,18.13,18.14,18.11,403000.0,18.11,11300,18.13,1200,-0.06,18.22,18.08,403000,7300000.0,0.04,0.77,187.11,195.48,21.77,14.51,2.88
秦安股份,sh603758,14.76,14.78,14.8,10900.0,14.76,400,14.77,7800,-0.14,14.8,14.76,10900,160000.0,0.0,0.27,64.77,64.77,16.26,13.3,0.84
中航重机,sh600765,19.84,19.79,19.78,378300.0,19.84,2600,19.85,3700,0.25,19.85,19.7,378300,7480000.0,0.02,0.76,308.01,310.21,21.77,17.81,2.89
宝色股份,sz300402,21.96,22.1,21.96,176500.0,21.94,100,21.96,3400,-0.63,22.02,21.91,176500,3880000.0,0.07,0.5,53.5,54.2,26.52,17.68,8.62
深信服,sz300454,150.88,154.73,151.68,250500.0,150.88,11500,150.9,100,-2.49,151.87,150.73,250500,37930000.0,0.09,0.74,418.0,634.64,185.68,123.78,4.69
南威软件,sh603636,11.32,11.38,11.32,153100.0,11.35,1200,11.36,7200,-0.53,11.36,11.32,153100,1730000.0,0.03,0.35,65.7,65.7,12.52,10.24,2.96
浙江大农,bj920855,17.98,18.02,18.0,15800.0,17.9,2000,17.98,1000,-0.22,18.01,17.98,15800,284200.0,0.02,0.17,12.05,13.44,23.42,12.62,8.19
皓宸医疗,sz002622,2.9,2.92,2.92,430200.0,2.9,1200,2.91,119800,-0.68,2.92,2.89,430200,1250000.0,0.05,1.03,24.36,24.36,3.21,2.63,5.46
壶化股份,sz003002,27.02,26.99,26.88,11300.0,27.0,2000,27.06,400,0.11,27.07,26.88,11300,300000.0,0.01,0.7,49.41,54.04,29.69,24.29,0.8
泰德股份,bj920378,10.08,10.1,10.01,12300.0,10.08,4700,10.1,100,-0.2,10.08,10.01,12300,124000.0,0.01,0.69,11.23,15.68,13.13,7.07,3.06
米奥会展,sz300795,14.09,14.06,14.08,54600.0,14.1,3900,14.12,2000,0.21,14.12,14.06,54600,770000.0,0.03,0.43,24.41,42.11,16.87,11.25,2.51
新安洁,bj920370,4.11,4.1,4.11,85800.0,4.1,34200,4.11,1700,0.24,4.11,4.1,85800,352700.00000000006,0.03,0.24,10.75,12.34,5.33,2.87,9.44
通程控股,sz000419,6.57,6.52,6.52,489500.0,6.58,100,6.59,3200,0.77,6.61,6.52,489500,3210000.0,0.09,1.38,35.71,35.71,7.17,5.87,10.83
*ST阳光,sz000608,3.65,3.63,3.68,1398100.0,3.65,1700,3.67,96300,0.55,3.68,3.63,1398100,5140000.0,0.19,1.38,27.21,27.37,3.81,3.45,11.14
万事利,sz301066,18.68,18.41,18.37,180300.0,18.68,1400,18.77,2000,1.47,18.69,18.37,180300,3340000.0,0.08,1.74,43.55,43.88,22.09,14.73,4.46
美湖股份,sh603319,38.49,38.89,38.54,59200.0,38.48,200,38.49,5500,-1.03,38.54,38.48,59200,2280000.0,0.02,0.15,130.54,130.54,42.78,35.0,1.18
万马科技,sz300698,41.8,42.19,42.0,47300.0,41.8,900,41.81,600,-0.92,42.14,41.68,47300,1980000.0,0.04,1.09,49.55,56.01,50.63,33.75,3.61
东方嘉盛,sz002889,15.01,15.01,15.02,29100.0,15.0,6500,15.01,66500,0.0,15.05,15.0,29100,440000.0,0.01,0.33,37.72,56.69,16.51,13.51,3.96
良品铺子,sh603719,11.59,11.56,11.58,33900.0,11.58,800,11.61,100,0.26,11.6,11.58,33900,390000.0,0.01,0.17,46.48,46.48,12.72,10.4,1.66
新产业,sz300832,52.43,52.4,52.56,19900.0,52.43,200,52.44,1000,0.06,52.67,52.43,19900,1050000.0,0.0,0.46,357.57,411.95,62.88,41.92,1.5
天晟新材,sz300169,6.74,6.7,6.7,182400.0,6.73,1500,6.74,8000,0.6,6.74,6.7,182400,1220000.0,0.06,0.6,20.34,21.97,8.04,5.36,1.9
荣安地产,sz000517,2.23,2.25,2.26,1462600.0,2.23,46400,2.24,106200,-0.89,2.26,2.22,1462600,3290000.0,0.06,1.78,55.57,71.0,2.48,2.03,5.51
三夫户外,sz002780,16.38,16.11,16.27,278300.0,16.37,132400,16.38,2200,1.68,16.43,16.26,278300,4540000.0,0.21,1.06,21.4,27.09,17.72,14.5,6.26
汉威科技,sz300007,55.01,55.35,55.01,154700.0,55.0,5500,55.01,1300,-0.61,55.3,55.0,154700,8510000.0,0.05,0.54,155.84,180.13,66.42,44.28,3.19
林泰新材,bj920106,78.4,78.4,78.88,13500.0,78.01,400,78.37,200,0.0,78.88,78.01,13500,1060200.0,0.03,1.11,34.23,44.37,101.92,54.88,6.17
云南城投,sh600239,2.38,2.38,2.38,186000.0,2.37,465200,2.38,162700,0.0,2.38,2.38,186000,440000.0,0.01,0.0,38.22,38.22,2.62,2.14,2.12
三祥新材,sh603663,45.53,45.94,45.65,36200.0,45.51,400,45.61,2400,-0.89,45.7,45.51,36200,1650000.0,0.01,0.41,192.51,192.73,50.53,41.35,0.6
前进科技,bj920679,20.5,20.56,20.56,2900.0,20.5,700,20.78,200,-0.29,20.56,20.5,2900,59400.00000000001,0.01,0.29,7.62,11.45,26.72,14.4,2.52
佳讯飞鸿,sz300213,9.28,9.28,9.26,57700.0,9.27,200,9.28,22400,0.0,9.3,9.26,57700,540000.0,0.01,0.43,51.25,55.16,11.14,7.42,1.15
隆基机械,sz002363,8.94,8.93,8.92,97000.0,8.9,20200,8.93,1700,0.11,8.94,8.9,97000,870000.0,0.02,0.45,37.17,37.27,9.82,8.04,2.63
毓恬冠佳,sz301173,46.98,46.88,46.75,5500.0,46.76,500,46.98,100,0.21,46.98,46.71,5500,260000.0,0.03,0.58,8.34,41.26,56.26,37.5,3.3
万通智控,sz300643,19.63,19.61,19.61,52500.0,19.63,700,19.65,5300,0.1,19.8,19.61,52500,1030000.0,0.02,0.97,45.28,45.4,23.53,15.69,3.05
同辉信息,bj920090,5.59,5.51,5.52,341700.0,5.58,3700,5.59,91200,1.45,5.59,5.51,341700,1889700.0,0.25,1.45,7.57,11.14,7.16,3.86,5.26
南京新百,sh600682,7.05,7.06,7.05,229800.0,7.04,25800,7.05,14400,-0.14,7.06,7.05,229800,1620000.0,0.02,0.14,82.07,94.83,7.77,6.35,4.1
亚士创能,sh603378,7.17,7.09,7.25,175200.0,7.17,18500,7.23,1400,1.13,7.32,7.16,175200,1270000.0,0.04,2.26,30.73,30.73,7.8,6.38,6.18
晋拓股份,sh603211,21.98,22.2,21.96,41500.0,22.02,1000,22.05,500,-0.99,22.14,21.96,41500,910000.0,0.02,0.81,59.74,59.74,24.42,19.98,1.32
科力股份,bj920088,41.3,42.91,41.05,475900.0,41.3,300,41.45,1500,-3.75,41.31,40.89,475900,19537000.0,1.5,0.98,13.13,36.37,55.78,30.04,14.53
粤万年青,sz301111,22.82,22.83,22.83,58800.0,22.82,600,22.83,6100,-0.04,22.83,22.68,58800,1340000.0,0.04,0.66,36.51,36.51,27.4,18.26,0.91
莫高股份,sh600543,5.4,5.32,5.3,144200.0,5.39,200,5.4,21500,1.5,5.4,5.3,144200,770000.0,0.04,1.88,17.34,17.34,5.85,4.79,3.9
派林生物,sz000403,13.72,13.64,13.6,215000.0,13.71,8900,13.72,500,0.59,13.73,13.6,215000,2930000.0,0.02,0.95,129.07,130.39,15.0,12.28,8.9
邦德股份,bj920271,16.34,16.42,16.4,3100.0,16.33,2700,16.34,1700,-0.49,16.4,16.33,3100,50100.0,0.01,0.43,9.46,21.38,21.34,11.5,1.5
众兴菌业,sz002772,16.91,16.71,16.71,203100.0,16.91,13700,16.92,600,1.2,16.91,16.71,203100,3410000.0,0.05,1.2,65.97,66.5,18.38,15.04,2.34
盛达资源,sz000603,45.28,46.8,45.36,2547000.0,45.27,1100,45.28,84900,-3.25,45.77,45.25,2547000,115700000.0,0.38,1.11,301.89,312.42,51.48,42.12,18.44
益民集团,sh600824,4.47,4.46,4.47,131700.0,4.47,20600,4.48,111700,0.22,4.48,4.46,131700,590000.0,0.01,0.45,47.12,47.12,4.91,4.01,1.46
通源石油,sz300164,10.61,10.91,10.75,8349800.0,10.65,200,10.66,1800,-2.75,10.84,10.61,8349800,89860000.0,1.43,2.11,61.88,62.44,13.09,8.73,11.75
天纺标,bj920753,22.13,22.13,22.2,3400.0,22.14,500,22.2,900,0.0,22.2,22.13,3400,76500.0,0.01,0.32,7.17,18.01,28.76,15.5,2.19
金枫酒业,sh600616,5.5,5.48,5.49,120100.0,5.5,7200,5.51,8700,0.36,5.51,5.48,120100,660000.0,0.02,0.55,36.8,36.8,6.03,4.93,2.3
三友医疗,sh688085,21.2,21.14,21.11,610700.0,21.15,3800,21.19,1500,0.28,21.2,21.11,610700,130000.0,0.0,0.43,66.52,70.69,25.37,16.91,0.32
华洋赛车,bj920058,32.03,32.03,32.03,900.0,32.03,0,32.25,1000,0.0,32.03,32.03,900,28000.0,0.0,0.0,8.84,17.95,41.63,22.43,1.04
康斯特,sz300445,23.14,23.2,23.08,13000.0,23.14,100,23.15,35000,-0.26,23.26,23.08,13000,300000.0,0.01,0.78,32.87,49.16,27.84,18.56,0.84
广厦环能,bj920703,15.11,15.16,15.18,5400.0,15.11,1500,15.14,200,-0.33,15.18,15.11,5400,81199.99999999999,0.01,0.46,11.52,22.77,19.7,10.62,1.8
晨曦航空,sz300581,15.54,15.45,15.51,96600.0,15.51,4100,15.54,900,0.58,15.54,15.47,96600,1500000.0,0.02,0.45,85.49,85.49,18.54,12.36,2.81
中信尼雅,sh600084,6.77,6.71,6.78,221100.0,6.73,6100,6.75,8300,0.89,6.78,6.72,221100,1500000.0,0.02,0.89,76.08,76.08,7.38,6.04,2.1
倍杰特,sz300774,21.97,22.16,21.86,151200.0,21.88,200,21.97,8700,-0.86,22.12,21.86,151200,3310000.0,0.08,1.17,42.82,89.81,26.59,17.73,2.97
广和通,sz300638,30.41,30.72,30.35,368300.0,30.4,1900,30.41,3600,-1.01,30.43,30.3,368300,11180000.0,0.07,0.42,161.31,273.47,36.86,24.58,3.28
宝胜股份,sh600973,7.16,7.2,7.16,301000.0,7.15,108300,7.16,16900,-0.56,7.17,7.15,301000,2160000.0,0.02,0.28,98.19,98.19,7.92,6.48,2.83
伊戈尔,sz002922,45.28,46.38,45.48,629300.0,45.26,100,45.28,3200,-2.37,45.9,45.18,629300,28600000.0,0.17,1.55,169.26,191.63,51.02,41.74,9.35
新力金融,sh600318,8.72,8.73,8.7,30300.0,8.72,900,8.73,5900,-0.11,8.73,8.7,30300,260000.0,0.01,0.34,44.71,44.71,9.6,7.86,1.13
日发精机,sz002520,6.61,6.71,6.71,6618500.0,6.61,131400,6.62,8600,-1.49,6.72,6.56,6618500,44020000.0,0.92,2.38,47.42,49.59,7.38,6.04,41.1
泰豪科技,sh600590,13.45,13.55,13.48,2493900.0,13.45,7100,13.46,86800,-0.74,13.55,13.45,2493900,33640000.0,0.3,0.74,113.46,114.71,14.91,12.2,6.12
金正大,sz002470,2.21,2.2,2.21,5280800.0,2.2,410100,2.21,514000,0.45,2.22,2.2,5280800,11670000.0,0.16,0.91,72.62,72.62,2.42,1.98,7.28
铁大科技,bj920541,13.54,13.54,13.54,2300.0,13.5,2800,13.54,3200,0.0,13.57,13.5,2300,31100.0,0.0,0.52,12.19,18.51,17.6,9.48,0.89
瑞迪智驱,sz301596,74.11,74.32,74.36,8900.0,74.11,600,74.32,100,-0.28,74.5,74.11,8900,660000.0,0.03,0.52,23.21,57.19,89.18,59.46,3.42
吉林碳谷,bj920077,17.48,17.5,17.43,38100.0,17.44,4100,17.48,3000,-0.11,17.49,17.43,38100,664100.0,0.01,0.34,55.4,102.73,22.75,12.25,1.37
艾隆科技,sh688329,26.27,26.2,26.27,1302000.0,26.26,500,26.27,6700,0.27,26.35,26.26,1302000,340000.0,0.02,0.34,20.28,20.28,31.44,20.96,2.16
海优新材,sh688680,64.02,65.0,64.0,1482500.0,64.38,1000,64.7,600,-1.51,64.1,64.0,1482500,950000.0,0.02,0.15,53.79,53.79,78.0,52.0,0.88
金煤科技,sh600844,3.12,3.13,3.11,136700.0,3.11,107100,3.12,4800,-0.32,3.12,3.11,136700,430000.0,0.02,0.32,25.67,31.72,3.44,2.82,2.05
法本信息,sz300925,22.08,22.1,21.93,131800.0,22.07,500,22.08,900,-0.09,22.08,21.93,131800,2890000.0,0.04,0.68,77.18,94.66,26.52,17.68,2.63
北方导航,sh600435,16.79,16.81,16.8,205400.0,16.79,17700,16.8,67400,-0.12,16.81,16.79,205400,3450000.0,0.01,0.12,253.92,253.92,18.49,15.13,1.76
春晖智控,sz300943,33.02,33.51,33.18,149300.0,33.02,1100,33.13,2200,-1.46,33.5,33.0,149300,4950000.0,0.11,1.49,44.36,67.3,40.21,26.81,1.81
若羽臣,sz003010,34.69,34.56,34.85,40100.0,34.69,100,34.7,2500,0.38,34.86,34.69,40100,1390000.0,0.02,0.49,78.45,107.91,38.02,31.1,1.9
南矿集团,sz001360,25.76,26.18,26.0,117800.0,25.72,2900,25.75,100,-1.6,26.11,25.71,117800,3050000.0,0.14,1.53,21.07,52.55,28.8,23.56,3.15
华菱精工,sh603356,17.74,17.71,17.71,31000.0,17.74,2800,17.77,100,0.17,17.74,17.68,31000,550000.0,0.02,0.34,23.65,23.65,19.48,15.94,1.51
津投城开,sh600322,2.42,2.43,2.42,192200.0,2.42,32000,2.43,111700,-0.41,2.43,2.42,192200,470000.0,0.02,0.41,26.76,26.76,2.67,2.19,2.09
海程邦达,sh603836,14.77,14.77,14.85,37700.0,14.78,100,14.81,500,0.0,14.85,14.77,37700,560000.0,0.02,0.54,30.31,30.31,16.25,13.29,2.68
天成自控,sh603085,11.83,11.83,11.83,6600.0,11.83,1100,11.84,3700,0.0,11.85,11.83,6600,80000.0,0.0,0.17,46.98,46.98,13.01,10.65,0.26
苏试试验,sz300416,17.98,18.05,18.0,129800.0,17.96,19600,17.98,200,-0.39,18.02,17.96,129800,2340000.0,0.03,0.33,90.82,91.44,21.66,14.44,1.98
卡倍亿,sz300863,57.5,57.86,57.58,37700.0,57.49,200,57.5,1200,-0.62,57.99,57.5,37700,2170000.0,0.02,0.85,104.0,108.2,69.43,46.29,2.26
西磁科技,bj920061,30.22,30.44,30.03,17700.0,30.06,13100,30.22,200,-0.72,30.28,30.0,17700,533200.0,0.05,0.92,11.11,21.39,39.57,21.31,3.58
万泽股份,sz000534,34.28,34.9,34.9,636400.0,34.1,4000,34.28,10400,-1.78,35.22,34.1,636400,22190000.0,0.13,3.21,171.39,174.67,38.39,31.41,6.69
泰凯英,bj920020,17.14,17.15,17.15,3100.0,17.11,100,17.14,500,-0.06,17.15,17.14,3100,53200.0,0.01,0.06,9.44,37.92,22.29,12.01,0.72
联明股份,sh603006,14.09,14.1,14.1,18600.0,14.06,300,14.09,4800,-0.07,14.15,14.06,18600,260000.0,0.01,0.64,35.82,35.82,15.51,12.69,1.91
横河精密,sz300539,32.58,32.68,32.59,50000.0,32.58,300,32.75,600,-0.31,32.71,32.53,50000,1630000.0,0.03,0.55,56.23,87.35,39.22,26.14,2.46
多利科技,sz001311,39.25,39.43,39.5,74200.0,39.25,100,39.38,100,-0.46,39.6,39.15,74200,2930000.0,0.09,1.14,30.95,121.87,43.37,35.49,2.19
天虹股份,sz002419,5.7,5.67,5.68,429300.0,5.69,37500,5.7,33300,0.53,5.71,5.68,429300,2440000.0,0.04,0.53,66.62,66.62,6.24,5.1,2.9
道生天合,sh601026,19.52,19.55,19.54,51500.0,19.54,100,19.55,500,-0.15,19.57,19.52,51500,1010000.0,0.05,0.26,20.92,128.71,21.51,17.6,4.02
苏宁环球,sz000718,2.37,2.37,2.36,557700.0,2.36,233300,2.37,254000,0.0,2.37,2.35,557700,1320000.0,0.02,0.84,54.09,71.92,2.61,2.13,3.26
鹿得医疗,bj920278,9.37,9.4,9.45,69900.0,9.37,2800,9.42,700,-0.32,9.45,9.36,69900,654300.0000000001,0.09,0.96,6.94,16.35,12.22,6.58,9.97
永和智控,sz002795,7.12,7.14,7.13,459800.0,7.12,100,7.13,14300,-0.28,7.13,7.01,459800,3270000.0,0.11,1.68,30.93,31.45,7.85,6.43,2.54
北大医药,sz000788,6.24,6.21,6.22,148900.0,6.24,19500,6.25,3400,0.48,6.24,6.22,148900,930000.0,0.02,0.32,37.19,37.19,6.83,5.59,2.79
丛麟科技,sh688370,30.52,30.47,30.52,1180000.0,30.14,800,30.51,4800,0.16,30.52,30.49,1180000,360000.0,0.03,0.1,13.35,41.85,36.56,24.38,1.66
百润股份,sz002568,20.53,20.38,20.5,94900.0,20.55,2200,20.56,800,0.74,20.65,20.48,94900,1950000.0,0.01,0.83,148.38,215.27,22.42,18.34,2.99
奥迪威,bj920491,27.91,27.9,27.99,17000.0,27.91,800,27.95,100,0.04,27.99,27.91,17000,474500.0,0.01,0.29,32.26,39.39,36.27,19.53,2.18
荣信文化,sz301231,43.21,43.0,43.14,1530100.0,43.19,6200,43.21,6900,0.49,43.78,42.97,1530100,66100000.0,2.84,1.88,23.29,36.47,51.6,34.4,23.32
恒鑫生活,sz301501,42.75,42.79,42.63,9100.0,42.75,400,42.87,200,-0.09,42.95,42.57,9100,390000.0,0.02,0.89,15.81,63.23,51.35,34.23,0.89
徕木股份,sh603633,9.18,9.17,9.22,36200.0,9.17,4900,9.18,3100,0.11,9.22,9.17,36200,330000.0,0.01,0.55,39.18,39.18,10.09,8.25,1.1
交运股份,sh600676,8.18,8.2,8.21,91600.0,8.17,5800,8.18,6600,-0.24,8.21,8.18,91600,750000.0,0.01,0.37,84.13,84.13,9.02,7.38,1.13
国光连锁,sh605188,18.6,18.44,18.56,45600.0,18.6,12000,18.68,10300,0.87,18.67,18.56,45600,850000.0,0.01,0.6,93.44,93.44,20.28,16.6,1.18
熊猫乳品,sz300898,28.32,27.84,28.39,332400.0,28.21,800,28.32,500,1.72,28.49,28.2,332400,9440000.0,0.29,1.04,32.49,35.12,33.41,22.27,15.18
航亚科技,sh688510,40.65,41.31,41.21,5576200.0,40.65,100,40.78,200,-1.6,41.24,40.65,5576200,2290000.0,0.02,1.43,105.5,105.5,49.57,33.05,1.6
洁雅股份,sz301108,32.28,32.02,32.04,23100.0,32.28,400,32.3,400,0.81,32.28,32.02,23100,740000.0,0.04,0.81,20.93,36.33,38.42,25.62,3.56
银邦股份,sz300337,14.5,14.49,14.56,341100.0,14.49,5000,14.5,25400,0.07,14.61,14.49,341100,4970000.0,0.05,0.83,103.15,119.18,17.39,11.59,2.46
太力科技,sz301595,57.77,56.69,56.86,86100.0,57.8,400,58.38,100,1.91,58.38,56.86,86100,4910000.0,0.35,2.68,14.07,62.55,68.03,45.35,7.91
惠发食品,sh603536,10.7,10.64,10.59,68800.0,10.63,700,10.7,12300,0.56,10.7,10.59,68800,730000.0,0.03,1.03,25.74,25.93,11.7,9.58,2.25
连云港,sh601008,5.26,5.25,5.25,68500.0,5.25,74400,5.26,8800,0.19,5.26,5.25,68500,360000.0,0.01,0.19,65.26,65.26,5.78,4.73,1.56
芯动联科,sh688582,65.79,66.08,65.8,2993300.0,65.65,400,65.79,3900,-0.44,65.8,65.59,2993300,1970000.0,0.01,0.32,164.62,264.3,79.3,52.86,1.87
华旺科技,sh605377,8.9,8.93,8.9,33500.0,8.89,15800,8.9,5800,-0.34,8.94,8.89,33500,300000.0,0.01,0.56,49.54,49.54,9.82,8.04,0.77
德林海,sh688069,26.15,26.1,25.97,698200.0,26.15,1500,26.39,700,0.19,26.15,25.97,698200,180000.0,0.01,0.69,29.55,29.55,31.32,20.88,1.39
快可电子,sz301278,38.6,38.8,38.8,33100.0,38.6,1600,38.64,1100,-0.52,38.8,38.41,33100,1280000.0,0.06,1.01,19.84,34.63,46.56,31.04,1.87
巴比食品,sh605338,28.89,28.75,28.68,18000.0,28.83,300,28.89,1100,0.49,28.97,28.68,18000,520000.0,0.01,1.01,69.21,69.21,31.63,25.88,1.76
趣睡科技,sz301336,64.03,64.98,64.33,37200.0,64.03,1100,64.06,100,-1.46,64.64,64.0,37200,2390000.0,0.12,0.98,19.48,25.61,77.98,51.98,3.9
富奥股份,sz000030,5.49,5.52,5.51,232400.0,5.49,10700,5.5,37000,-0.54,5.51,5.49,232400,1280000.0,0.01,0.36,91.73,94.42,6.07,4.97,4.71
南特科技,bj920124,18.18,18.14,18.18,15600.0,18.18,4700,18.19,8100,0.22,18.19,18.18,15600,283500.0,0.02,0.06,13.91,27.04,23.58,12.7,1.91
威腾电气,sh688226,38.18,38.16,38.1,1316100.0,38.18,900,38.27,1000,0.05,38.18,38.1,1316100,500000.0,0.01,0.21,72.07,72.07,45.79,30.53,1.22
联影医疗,sh688271,127.58,127.22,127.23,2415600.0,127.28,400,127.58,100,0.28,127.58,127.0,2415600,3070000.0,0.0,0.46,1051.46,1051.46,152.66,101.78,1.56
中纺标,bj920122,32.85,32.87,32.85,14100.0,32.85,1100,33.0,700,-0.06,32.85,32.82,14100,464200.0,0.04,0.09,12.28,30.3,42.73,23.01,6.77
四川长虹,sh600839,9.73,9.75,9.72,1033100.0,9.72,14500,9.73,40700,-0.21,9.74,9.7,1033100,10040000.0,0.02,0.41,449.04,449.16,10.73,8.78,3.09
唯特偶,sz301319,45.91,46.03,45.99,10000.0,45.81,100,45.91,200,-0.26,45.99,45.88,10000,460000.0,0.01,0.24,42.9,57.09,55.24,36.82,1.42
中草香料,bj920016,20.21,20.19,20.25,1900.0,20.21,0,20.22,400,0.1,20.25,20.21,1900,38700.0,0.01,0.2,6.82,15.56,26.24,14.14,0.53
ST岭南,sz002717,1.66,1.65,1.65,1424400.0,1.65,675700,1.66,486800,0.61,1.66,1.65,1424400,2350000.0,0.09,0.61,26.81,30.22,1.73,1.57,4.21
中国东航,sh600115,6.03,6.0,6.04,1227700.0,6.02,29100,6.03,8900,0.5,6.05,6.03,1227700,7410000.0,0.01,0.33,1026.61,1331.89,6.6,5.4,1.86
华塑控股,sz000509,3.44,3.44,3.43,86500.0,3.44,27700,3.45,35200,0.0,3.45,3.43,86500,300000.0,0.01,0.58,36.92,36.92,3.78,3.1,1.58
准油股份,sz002207,9.92,10.3,10.21,1883900.0,9.92,4600,10.0,2200,-3.69,10.27,9.92,1883900,19230000.0,0.72,3.4,25.87,26.0,11.33,9.27,8.95
山鹰国际,sh600567,1.65,1.66,1.65,320000.0,1.65,8157600,1.66,10815400,-0.6,1.66,1.65,320000,530000.0,0.01,0.6,104.07,104.07,1.83,1.49,0.93
信维通信,sz300136,74.97,75.15,74.81,1213100.0,74.93,200,74.97,100,-0.24,75.35,74.8,1213100,90860000.0,0.15,0.73,618.18,725.39,90.18,60.12,2.86
索辰科技,sh688507,100.6,101.2,100.72,1799500.0,100.5,500,100.6,1100,-0.59,100.91,100.5,1799500,1810000.0,0.04,0.41,49.53,89.64,121.44,80.96,2.62
众诚科技,bj920207,29.6,29.31,29.6,112500.0,29.33,1400,29.6,5100,0.99,29.66,29.28,112500,3326500.0,0.2,1.3,16.66,27.29,38.1,20.52,6.37
无锡鼎邦,bj920931,13.83,13.82,13.78,9000.0,13.76,100,13.79,100,0.07,13.84,13.78,9000,123699.99999999999,0.03,0.43,3.98,12.99,17.96,9.68,1.28
三特索道,sz002159,18.82,18.71,18.85,234200.0,18.73,3200,18.82,4600,0.59,19.0,18.71,234200,4430000.0,0.17,1.55,26.06,33.37,20.58,16.84,3.77
重庆建工,sh600939,3.16,3.16,3.16,62900.0,3.16,103600,3.17,35400,0.0,3.17,3.16,62900,200000.0,0.0,0.32,60.12,60.12,3.48,2.84,1.23
金新农,sz002548,6.68,6.68,6.64,391500.0,6.66,29800,6.68,12000,0.0,6.76,6.64,391500,2610000.0,0.05,1.8,53.74,55.32,7.35,6.01,2.24
中航光电,sz002179,34.41,34.51,34.53,319900.0,34.41,18500,34.42,200,-0.29,34.55,34.41,319900,11040000.0,0.02,0.41,721.78,728.9,37.96,31.06,3.46
钱江生化,sh600796,6.75,6.72,6.77,329200.0,6.74,1000,6.75,2000,0.45,6.77,6.74,329200,2230000.0,0.11,0.45,21.02,58.49,7.39,6.05,2.41
天地数码,sz300743,20.05,20.07,20.08,25500.0,20.05,600,20.07,500,-0.1,20.08,20.0,25500,510000.0,0.02,0.4,25.55,30.32,24.08,16.06,2.3
华映科技,sz000536,4.61,4.63,4.61,599600.0,4.61,222600,4.62,183300,-0.43,4.62,4.6,599600,2770000.0,0.02,0.43,127.38,127.51,5.09,4.17,3.83
东华能源,sz002221,8.28,8.35,8.33,99600.0,8.28,1000,8.3,1500,-0.84,8.33,8.28,99600,830000.0,0.01,0.6,120.96,130.5,9.19,7.52,2.05
融发核电,sz002366,7.55,7.58,7.6,526100.0,7.54,51900,7.55,45300,-0.4,7.6,7.55,526100,3990000.0,0.03,0.66,139.7,157.11,8.34,6.82,3.5
佳云科技,sz300242,5.9,5.89,5.91,411900.0,5.9,18700,5.91,112300,0.17,5.91,5.87,411900,2430000.0,0.06,0.68,37.44,37.44,7.07,4.71,2.53
东风科技,sh600081,11.87,11.82,11.87,33300.0,11.85,900,11.87,14300,0.42,11.88,11.87,33300,400000.0,0.01,0.08,65.64,65.64,13.0,10.64,4.46
普天科技,sz002544,31.21,31.41,31.21,168600.0,31.2,10100,31.21,5400,-0.64,31.29,31.21,168600,5260000.0,0.02,0.25,212.37,212.39,34.55,28.27,3.6
天元宠物,sz301335,28.85,28.75,28.71,14400.0,28.78,1100,28.84,500,0.35,28.88,28.71,14400,410000.0,0.03,0.59,14.6,36.61,34.5,23.0,2.11
普冉股份,sh688766,265.8,274.87,268.0,15577200.0,265.6,200,266.21,900,-3.3,268.0,265.0,15577200,41590000.0,0.11,1.09,393.51,393.51,329.84,219.9,5.78
富士达,bj920640,47.55,47.37,47.3,89300.0,47.51,2100,47.55,29800,0.38,47.55,47.3,89300,4230200.0,0.05,0.53,85.88,89.26,61.58,33.16,3.09
吉冈精密,bj920720,13.57,13.61,13.54,4300.0,13.57,1100,13.61,0,-0.29,13.62,13.54,4300,58700.0,0.01,0.59,10.04,35.8,17.69,9.53,0.89
昊志机电,sz300503,54.83,55.01,54.82,151000.0,54.82,3100,54.83,7700,-0.33,55.01,54.7,151000,8280000.0,0.06,0.56,132.13,169.0,66.01,44.01,1.88
美年健康,sz002044,7.12,7.12,7.05,4244100.0,7.12,4000,7.13,14500,0.0,7.13,7.04,4244100,30020000.0,0.11,1.26,275.85,278.69,7.83,6.41,5.4
大众交通,sh600611,5.69,5.7,5.69,260900.0,5.69,10100,5.7,5800,-0.18,5.69,5.68,260900,1480000.0,0.02,0.18,88.95,134.52,6.27,5.13,2.69
中水渔业,sz000798,11.66,11.33,11.32,562000.0,11.63,700,11.66,12000,2.91,11.77,11.32,562000,6480000.0,0.15,3.97,42.66,42.66,12.46,10.2,3.89
航天彩虹,sz002389,23.3,23.41,23.37,156300.0,23.29,3000,23.3,1200,-0.47,23.38,23.29,156300,3650000.0,0.02,0.38,229.45,229.49,25.75,21.07,2.06
雅达股份,bj920556,10.51,10.58,10.56,266700.0,10.5,800,10.51,3800,-0.66,10.68,10.5,266700,2813100.0,0.23,1.7,12.35,16.95,13.75,7.41,24.99
博迁新材,sh605376,108.5,111.9,107.52,204200.0,108.5,600,108.66,100,-3.04,108.5,107.51,204200,21990000.0,0.08,0.88,283.84,283.84,123.09,100.71,3.74
长久物流,sh603569,7.49,7.46,7.45,37400.0,7.46,24200,7.49,5900,0.4,7.49,7.45,37400,280000.0,0.01,0.54,45.2,45.2,8.21,6.71,2.03
欧亚集团,sh600697,13.72,13.64,13.72,45400.0,13.72,9700,13.74,9800,0.59,13.74,13.71,45400,620000.0,0.03,0.22,21.32,21.83,15.0,12.28,1.79
森马服饰,sz002563,5.6,5.63,5.63,255600.0,5.6,51000,5.61,56400,-0.53,5.63,5.6,255600,1440000.0,0.01,0.53,123.67,150.87,6.19,5.07,2.68
能特科技,sz002102,3.43,3.44,3.45,177600.0,3.43,165800,3.44,5800,-0.29,3.45,3.43,177600,610000.0,0.01,0.58,74.53,84.91,3.78,3.1,0.86
三六五网,sz300295,11.58,11.39,11.48,159800.0,11.56,200,11.58,48700,1.67,11.59,11.48,159800,1840000.0,0.1,0.97,19.4,21.96,13.67,9.11,5.91
ST明诚,sh600136,1.77,1.77,1.76,898500.0,1.76,339500,1.77,525500,0.0,1.77,1.76,898500,1580000.0,0.05,0.56,34.39,36.12,1.86,1.68,7.36
青岛金王,sz002094,7.55,7.51,7.55,529400.0,7.54,33200,7.55,2800,0.53,7.57,7.52,529400,4000000.0,0.08,0.67,52.13,52.16,8.26,6.76,2.7
安凯客车,sz000868,4.89,4.9,4.91,73800.0,4.89,78000,4.9,11200,-0.2,4.92,4.89,73800,360000.0,0.01,0.61,35.86,45.94,5.39,4.41,1.97
天域生物,sh603717,7.7,7.66,7.69,47800.0,7.7,3600,7.72,1100,0.52,7.7,7.69,47800,370000.0,0.02,0.13,22.34,22.34,8.43,6.89,1.78
*ST宝鹰,sz002047,4.2,4.21,4.2,217000.0,4.2,35000,4.21,900,-0.24,4.22,4.2,217000,910000.0,0.01,0.48,63.68,63.68,4.42,4.0,3.48
易明医药,sz002826,20.8,20.79,20.8,69900.0,20.77,1800,20.8,2500,0.05,20.9,20.78,69900,1450000.0,0.04,0.58,36.26,39.66,22.87,18.71,1.56
武汉天源,sz301127,17.88,18.03,18.0,118100.0,17.87,1000,17.88,2500,-0.83,18.0,17.85,118100,2120000.0,0.02,0.83,116.98,120.52,21.64,14.42,1.79
*ST华嵘,sh600421,7.7,7.75,7.7,96700.0,7.7,6800,7.76,20000,-0.65,7.7,7.7,96700,740000.0,0.05,0.0,15.06,15.06,8.14,7.36,5.15
卫宁健康,sz300253,11.34,11.4,11.31,2358700.0,11.34,32200,11.35,36500,-0.53,11.35,11.25,2358700,26660000.0,0.13,0.88,206.93,251.24,13.68,9.12,5.92
丽尚国潮,sh600738,5.4,5.36,5.38,160700.0,5.39,6000,5.41,82000,0.75,5.4,5.37,160700,870000.0,0.02,0.56,41.08,41.11,5.9,4.82,2.42
和展能源,sz000809,3.41,3.41,3.42,109000.0,3.41,28500,3.42,13800,0.0,3.43,3.41,109000,370000.0,0.01,0.59,28.13,28.13,3.75,3.07,2.2
浙商中拓,sz000906,6.2,6.22,6.2,46200.0,6.2,6900,6.21,7200,-0.32,6.22,6.2,46200,290000.0,0.01,0.32,43.48,44.0,6.84,5.6,2.14
中国汽研,sh601965,19.17,19.1,19.15,168600.0,19.17,29500,19.19,9500,0.37,19.19,19.15,168600,3230000.0,0.02,0.21,191.39,192.29,21.01,17.19,5.25
创业慧康,sz300451,5.53,5.57,5.53,425100.0,5.52,65000,5.53,15100,-0.72,5.53,5.51,425100,2350000.0,0.03,0.36,84.43,85.67,6.68,4.46,2.47
飞利信,sz300287,5.13,5.13,5.12,385600.0,5.13,12300,5.14,35500,0.0,5.14,5.12,385600,1980000.0,0.03,0.39,67.62,73.63,6.16,4.1,3.26
亨迪药业,sz301211,12.74,12.66,12.74,91300.0,12.74,400,12.75,7000,0.63,12.77,12.7,91300,1160000.0,0.02,0.55,53.2,53.2,15.19,10.13,3.05
电科数字,sh600850,27.97,28.05,28.0,94900.0,27.94,800,27.97,3700,-0.29,28.05,27.94,94900,2660000.0,0.01,0.39,190.25,190.25,30.86,25.25,2.57
天马新材,bj920971,31.69,31.26,31.57,81500.0,31.69,200,31.7,500,1.38,32.0,31.55,81500,2578000.0,0.1,1.44,27.16,33.3,40.63,21.89,7.08
华联股份,sz000882,1.95,1.95,1.95,500300.0,1.94,1941200,1.95,1485100,0.0,1.95,1.94,500300,970000.0,0.02,0.51,53.34,53.38,2.15,1.76,2.47
利尔达,bj920249,13.71,13.69,13.73,111600.0,13.71,600,13.73,4400,0.15,13.76,13.66,111600,1531800.0,0.09,0.73,17.09,57.81,17.79,9.59,7.86
西藏旅游,sh600749,16.58,16.46,16.55,40000.0,16.58,2400,16.59,5400,0.73,16.59,16.55,40000,660000.0,0.02,0.24,37.63,37.63,18.11,14.81,1.57
贝瑞基因,sz000710,12.39,12.35,12.4,87700.0,12.39,500,12.4,500,0.32,12.41,12.36,87700,1090000.0,0.03,0.4,40.83,43.8,13.59,11.12,2.14
惠同新材,bj920751,26.97,26.7,26.9,6500.0,26.97,1000,27.13,600,1.01,27.17,26.89,6500,174700.0,0.01,1.05,22.38,23.4,34.71,18.69,1.57
国源科技,bj920184,19.35,19.2,19.28,20200.0,19.28,2900,19.34,300,0.78,19.36,19.28,20200,390600.0,0.02,0.42,17.29,25.66,24.96,13.44,1.63
晶科科技,sh601778,4.47,4.55,4.49,3149000.0,4.47,407800,4.48,25900,-1.76,4.5,4.47,3149000,14130000.0,0.09,0.66,159.62,159.62,5.01,4.1,2.68
新世界,sh600628,7.89,7.86,7.86,91100.0,7.88,39400,7.89,27200,0.38,7.89,7.86,91100,720000.0,0.01,0.38,51.04,51.04,8.65,7.07,1.73
慈文传媒,sz002343,7.68,7.62,7.71,951700.0,7.66,6200,7.7,8600,0.79,7.77,7.66,951700,7340000.0,0.2,1.44,36.38,36.38,8.38,6.86,4.09
金马游乐,sz300756,49.39,49.39,49.48,20500.0,49.37,300,49.39,100,0.0,49.66,49.37,20500,1020000.0,0.02,0.59,64.81,77.84,59.27,39.51,2.36
烽火电子,sz000561,11.09,11.09,11.1,163000.0,11.08,10200,11.09,200,0.0,11.1,11.08,163000,1810000.0,0.02,0.18,79.45,95.82,12.2,9.98,2.14
信凯科技,sz001335,51.87,51.51,51.5,6300.0,51.53,3100,51.86,100,0.7,52.04,51.5,6300,330000.0,0.03,1.05,12.16,48.62,56.66,46.36,0.53
实达集团,sh600734,4.52,4.54,4.52,1309900.0,4.51,308600,4.52,162200,-0.44,4.53,4.51,1309900,5920000.0,0.06,0.44,98.44,98.46,4.99,4.09,3.43
京投发展,sh600683,6.89,6.93,6.92,639200.0,6.89,6200,6.91,15200,-0.58,6.93,6.87,639200,4420000.0,0.09,0.87,51.04,51.04,7.62,6.24,1.63
京城股份,sh600860,13.42,13.3,13.47,313100.0,13.39,300,13.42,4900,0.9,13.47,13.36,313100,4210000.0,0.07,0.83,59.59,73.47,14.63,11.97,2.61
京源环保,sh688096,9.32,9.33,9.34,1395600.0,9.32,4900,9.34,28100,-0.11,9.35,9.32,1395600,130000.0,0.01,0.32,22.0,22.0,11.2,7.46,0.52
西子洁能,sz002534,19.22,19.68,19.3,444600.0,19.21,3300,19.23,7800,-2.34,19.38,19.22,444600,8580000.0,0.05,0.81,158.52,160.67,21.65,17.71,4.1
天元智能,sh603273,19.18,19.1,19.1,16400.0,19.18,600,19.19,1000,0.42,19.18,19.07,16400,310000.0,0.03,0.58,10.75,41.11,21.01,17.19,2.11
瑞华泰,sh688323,23.88,23.98,23.8,3014500.0,23.83,100,23.88,2500,-0.42,23.94,23.8,3014500,720000.0,0.02,0.58,42.98,42.98,28.78,19.18,1.05
乐创技术,bj920425,24.1,24.18,24.16,71600.0,24.1,3200,24.16,16600,-0.33,24.16,24.01,71600,1727000.0,0.12,0.62,14.27,17.1,31.43,16.93,4.22
华原股份,bj920837,14.81,14.93,14.92,76600.0,14.81,5900,14.85,100,-0.8,14.92,14.8,76600,1136000.0,0.06,0.8,20.26,22.47,19.4,10.46,18.33
全通教育,sz300359,5.88,5.88,5.9,377600.0,5.88,1800,5.9,2500,0.0,5.9,5.87,377600,2230000.0,0.06,0.51,37.24,37.24,7.06,4.7,5.26
龙大美食,sz002726,4.09,4.06,4.09,294100.0,4.09,11800,4.1,142700,0.74,4.09,4.07,294100,1200000.0,0.03,0.49,44.1,44.14,4.47,3.65,4.13
苏奥传感,sz300507,9.87,9.86,9.9,177700.0,9.86,11800,9.87,200,0.1,9.95,9.87,177700,1760000.0,0.02,0.81,76.49,79.02,11.83,7.89,2.21
长江投资,sh600119,6.92,6.87,6.95,51800.0,6.91,3200,6.92,25700,0.73,6.95,6.92,51800,360000.0,0.01,0.44,25.28,25.28,7.56,6.18,2.33
盛航股份,sz001205,16.11,16.1,16.05,74600.0,16.11,300,16.19,500,0.06,16.19,16.05,74600,1200000.0,0.05,0.87,25.7,30.29,17.71,14.49,6.57
同庆楼,sh605108,19.47,19.42,19.4,61800.0,19.46,2300,19.47,3800,0.26,19.61,19.4,61800,1200000.0,0.02,1.08,50.62,50.62,21.36,17.48,3.39
中顺洁柔,sz002511,8.47,8.48,8.48,214500.0,8.47,12400,8.48,12000,-0.12,8.5,8.46,214500,1820000.0,0.02,0.47,107.17,108.96,9.33,7.63,2.27
联合精密,sz001268,32.53,32.55,32.7,9300.0,32.53,1500,32.54,200,-0.06,32.7,32.53,9300,300000.0,0.01,0.52,20.47,35.11,35.81,29.3,0.93
神通科技,sh605228,14.26,14.3,14.28,26000.0,14.26,700,14.27,3500,-0.28,14.3,14.26,26000,370000.0,0.01,0.28,67.89,68.3,15.73,12.87,0.32
威贸电子,bj920346,24.24,24.13,24.3,15300.0,24.1,1300,24.22,700,0.46,24.3,24.24,15300,371300.0,0.03,0.25,10.81,19.55,31.36,16.9,9.32
东方精工,sz002611,17.95,18.03,18.0,266000.0,17.95,6700,17.96,200,-0.44,18.0,17.95,266000,4780000.0,0.03,0.28,179.89,218.5,19.83,16.23,2.69
阿尔特,sz300825,10.55,10.51,10.5,40900.0,10.53,3300,10.56,14900,0.38,10.57,10.5,40900,430000.0,0.01,0.67,51.11,52.54,12.61,8.41,0.94
佳合科技,bj920392,25.5,25.41,25.38,4600.0,25.5,100,25.55,100,0.35,25.5,25.38,4600,118000.0,0.01,0.47,9.28,19.43,33.03,17.79,1.16
宁波方正,sz300998,24.66,24.55,24.57,27100.0,24.66,500,24.8,4900,0.45,24.85,24.52,27100,670000.0,0.03,1.34,26.55,33.83,29.46,19.64,2.49
科创信息,sz300730,13.59,13.52,13.51,32200.0,13.57,1000,13.59,1500,0.52,13.6,13.51,32200,440000.0,0.02,0.67,26.27,32.77,16.22,10.82,0.93
光庭信息,sz301221,59.61,59.78,59.8,24900.0,59.61,2200,59.63,500,-0.28,59.81,59.61,24900,1490000.0,0.04,0.33,37.39,55.21,71.74,47.82,3.08
中南文化,sz002445,2.78,2.78,0.0,0.0,0.0,0,0.0,0,0.0,0.0,0.0,0,0.0,0.0,0.0,65.79,66.07,3.06,2.5,0.0
智慧农业,sz000816,3.56,3.56,3.56,473400.0,3.55,131200,3.56,359700,0.0,3.57,3.55,473400,1690000.0,0.03,0.56,51.14,51.51,3.92,3.2,1.6
新特电气,sz301120,21.57,22.18,21.81,1563300.0,21.56,6000,21.57,24900,-2.75,21.81,21.56,1563300,33970000.0,0.72,1.13,47.16,80.12,26.62,17.74,15.47
德众汽车,bj920030,6.61,6.6,6.6,1200.0,6.62,5400,6.65,7000,0.15,6.66,6.6,1200,7900.0,0.0,0.91,7.41,11.82,8.58,4.62,0.18
新赣江,bj920367,22.12,22.07,22.07,19900.0,22.07,1000,22.13,500,0.23,22.12,22.01,19900,438300.0,0.05,0.5,9.29,15.67,28.69,15.45,2.16
曲美家居,sh603818,3.91,3.89,3.93,190400.0,3.9,2900,3.91,35000,0.51,3.93,3.89,190400,750000.0,0.03,1.03,26.84,26.84,4.28,3.5,3.38
嘉麟杰,sz002486,3.16,3.15,3.15,748800.0,3.15,361800,3.16,241700,0.32,3.16,3.14,748800,2360000.0,0.09,0.63,25.93,26.05,3.47,2.84,6.57
步步高,sz002251,5.0,4.96,4.99,1361500.0,5.0,168200,5.01,211700,0.81,5.01,4.99,1361500,6800000.0,0.06,0.4,107.62,134.43,5.46,4.46,5.32
利仁科技,sz001259,34.56,34.87,34.78,64300.0,34.52,100,34.56,600,-0.89,34.87,34.52,64300,2230000.0,0.14,1.0,16.43,25.43,38.36,31.38,9.48
GQY视讯,sz300076,8.09,8.05,8.1,90200.0,8.09,5700,8.1,42700,0.5,8.1,8.06,90200,730000.0,0.02,0.5,34.3,34.3,9.66,6.44,1.71
兴化股份,sz002109,4.26,4.25,4.29,199800.0,4.26,32300,4.27,24400,0.24,4.3,4.25,199800,850000.0,0.02,1.18,54.37,54.37,4.68,3.83,2.5
皇庭国际,sz000056,2.13,2.1,2.12,4253900.0,2.12,273300,2.13,21500,1.43,2.13,2.12,4253900,9030000.0,0.47,0.48,19.25,25.19,2.31,1.89,4.91
浩淼科技,bj920856,16.2,16.24,16.2,26400.0,16.2,2700,16.28,1100,-0.25,16.21,16.16,26400,427100.0,0.05,0.31,8.6,15.41,21.11,11.37,11.61
壹网壹创,sz300792,47.86,48.99,48.0,196900.0,47.86,500,47.9,6400,-2.31,48.0,47.63,196900,9430000.0,0.09,0.76,101.72,113.4,58.79,39.19,2.24
沪江材料,bj920204,17.33,17.37,17.33,1500.0,17.33,1400,17.41,1900,-0.23,17.33,17.33,1500,26000.0,0.0,0.0,8.66,16.34,22.58,12.16,0.71
长亮科技,sz300348,14.15,14.13,14.12,194700.0,14.15,9600,14.16,100,0.14,14.19,14.1,194700,2750000.0,0.03,0.64,100.59,115.0,16.96,11.3,2.56
飞天诚信,sz300386,16.8,16.77,16.69,73400.0,16.77,700,16.8,100,0.18,16.92,16.68,73400,1230000.0,0.03,1.43,42.13,70.23,20.12,13.42,4.13
ST得润,sz002055,6.34,6.36,6.35,300600.0,6.34,22200,6.35,2000,-0.31,6.37,6.34,300600,1910000.0,0.05,0.47,37.66,38.32,6.68,6.04,4.52
厚普股份,sz300471,14.77,14.72,14.69,274100.0,14.77,13000,14.78,3000,0.34,14.77,14.62,274100,4030000.0,0.07,1.02,54.14,69.44,17.66,11.78,3.2
华测导航,sz300627,37.26,37.37,37.37,67800.0,37.23,200,37.26,600,-0.29,37.49,37.24,67800,2530000.0,0.01,0.67,241.49,293.2,44.84,29.9,1.6
福成股份,sh600965,5.87,5.81,5.87,313300.0,5.87,15200,5.88,56500,1.03,5.88,5.83,313300,1840000.0,0.04,0.86,48.06,48.06,6.39,5.23,4.95
喜临门,sh603008,20.96,20.96,21.0,68800.0,20.94,100,20.96,300,0.0,21.05,20.94,68800,1440000.0,0.02,0.52,77.19,77.19,23.06,18.86,2.43
万里扬,sz002434,9.76,9.82,9.8,227300.0,9.76,11100,9.77,6200,-0.61,9.8,9.76,227300,2220000.0,0.02,0.41,127.99,128.11,10.8,8.84,1.76
英唐智控,sz300131,15.58,14.93,15.41,5819200.0,15.58,41300,15.6,31500,4.35,15.61,15.38,5819200,90020000.0,0.56,1.54,162.39,176.84,17.92,11.94,19.69
ST宁科,sh600165,3.88,3.86,3.88,15800.0,3.88,30800,3.9,33900,0.52,3.91,3.88,15800,60000.0,0.0,0.78,28.44,62.7,4.05,3.67,0.44
工大高科,sh688367,37.22,37.61,37.22,110300.0,37.57,200,37.76,500,-1.04,37.22,37.22,110300,40000.0,0.0,0.0,32.61,32.61,45.13,30.09,0.07
天目湖,sh603136,12.06,12.0,12.0,130100.0,12.06,1600,12.07,1100,0.5,12.06,12.0,130100,1570000.0,0.05,0.5,32.58,32.58,13.2,10.8,6.02
卓郎智能,sh600545,3.2,3.28,3.23,7738800.0,3.19,8000,3.2,18800,-2.44,3.24,3.16,7738800,24930000.0,0.43,2.44,57.21,57.21,3.61,2.95,15.89
金盘科技,sh688676,98.0,99.1,98.0,33701800.0,97.5,8100,98.0,47900,-1.11,98.37,97.33,33701800,33020000.0,0.07,1.05,450.59,450.59,118.92,79.28,5.36
玉马科技,sz300993,14.52,14.49,14.56,47900.0,14.52,200,14.53,800,0.21,14.58,14.45,47900,700000.0,0.02,0.9,34.96,44.74,17.39,11.59,3.5
新宏泽,sz002836,14.83,14.82,14.89,45000.0,14.82,1700,14.83,200,0.07,14.92,14.83,45000,670000.0,0.02,0.61,34.17,34.17,16.3,13.34,1.98
均胜电子,sh600699,27.84,27.93,27.89,290300.0,27.83,11000,27.84,30000,-0.32,27.89,27.81,290300,8090000.0,0.02,0.29,377.25,431.73,30.72,25.14,3.04
中大力德,sz002896,82.35,82.53,82.54,64200.0,82.35,300,82.43,300,-0.22,82.54,82.1,64200,5300000.0,0.03,0.53,161.84,161.84,90.78,74.28,3.91
美心翼申,bj920833,17.79,17.86,17.78,52100.0,17.79,300,17.84,5600,-0.39,17.8,17.73,52100,926700.0,0.08,0.39,11.11,14.65,23.21,12.51,7.28
科拜尔,bj920066,27.42,27.68,27.41,17600.0,27.42,400,27.58,500,-0.94,27.6,27.41,17600,482900.0,0.09,0.69,5.45,17.23,35.98,19.38,1.85
韩建河山,sh603616,6.9,7.15,6.86,1719700.0,6.9,6400,6.95,4300,-3.5,6.97,6.86,1719700,11810000.0,0.45,1.54,26.52,27.0,7.87,6.44,4.26
红相股份,sz300427,14.0,14.01,13.86,833800.0,14.0,28600,14.01,4500,-0.07,14.0,13.81,833800,11570000.0,0.17,1.36,70.42,71.19,16.81,11.21,3.89
三祥科技,bj920195,21.25,21.17,21.3,7000.0,21.18,700,21.23,400,0.38,21.3,21.25,7000,148300.0,0.01,0.24,15.04,20.83,27.52,14.82,2.55
西域旅游,sz300859,36.9,36.82,36.82,255900.0,36.84,100,36.9,81400,0.22,37.19,36.82,255900,9430000.0,0.17,1.0,57.2,57.2,44.18,29.46,10.72
*ST东晶,sz002199,7.75,7.76,7.76,13800.0,7.72,900,7.75,4400,-0.13,7.76,7.71,13800,110000.0,0.01,0.64,18.87,18.87,8.15,7.37,1.09
安居宝,sz300155,5.51,5.52,5.52,85400.0,5.5,6700,5.51,6400,-0.18,5.52,5.48,85400,470000.0,0.03,0.72,18.22,30.92,6.62,4.42,1.52
广脉科技,bj920924,26.18,26.48,25.89,233300.0,26.09,14200,26.18,2500,-1.13,26.18,25.66,233300,6041400.0,0.36,1.96,16.87,28.09,34.42,18.54,7.76
维康药业,sz300878,27.9,27.91,28.07,22000.0,27.9,4300,27.91,200,-0.04,28.21,27.9,22000,620000.0,0.02,1.11,40.21,40.4,33.49,22.33,1.11
五洲医疗,sz301234,40.9,40.72,40.7,6700.0,40.79,600,40.9,200,0.44,40.9,40.7,6700,270000.0,0.01,0.49,27.81,27.81,48.86,32.58,2.2
赤天化,sh600227,2.55,2.56,2.55,312400.0,2.54,95200,2.55,62500,-0.39,2.55,2.54,312400,800000.0,0.02,0.39,32.58,43.06,2.82,2.3,2.62
方直科技,sz300235,14.92,15.0,14.92,67700.0,14.9,1600,14.92,800,-0.53,14.99,14.9,67700,1010000.0,0.03,0.6,30.31,37.56,18.0,12.0,1.81
哈森股份,sh603958,19.92,19.72,20.1,117800.0,19.81,500,19.92,4900,1.01,20.1,19.74,117800,2360000.0,0.05,1.83,43.7,43.7,21.69,17.75,1.85
赛伍技术,sh603212,16.7,16.85,16.66,512800.0,16.7,200,16.71,8700,-0.89,16.71,16.62,512800,8550000.0,0.12,0.53,73.06,73.06,18.54,15.17,2.12
海联讯,sz300277,21.2,21.08,20.71,8623000.0,21.2,600,21.3,9600,0.57,21.29,20.71,8623000,179800000.0,1.12,2.75,162.68,321.52,25.3,16.86,29.73
建邦科技,bj920242,28.1,28.18,28.18,8700.0,28.04,1000,28.1,3600,-0.28,28.18,28.1,8700,243900.0,0.02,0.28,10.4,18.49,36.63,19.73,5.44
ST赛为,sz300044,7.47,7.43,7.51,1465100.0,7.48,9900,7.5,10400,0.54,7.53,7.47,1465100,10980000.0,0.2,0.81,53.44,57.06,8.92,5.94,5.28
普邦股份,sz002663,2.12,2.11,2.12,149800.0,2.11,183200,2.12,485500,0.47,2.12,2.11,149800,320000.0,0.01,0.47,27.41,36.53,2.32,1.9,0.91
盐津铺子,sz002847,67.5,67.25,67.37,20500.0,67.5,900,67.53,300,0.37,67.5,67.37,20500,1380000.0,0.01,0.19,166.65,184.08,73.98,60.53,1.68
*ST凯鑫,sz300899,34.06,34.18,34.16,700.0,33.74,1100,34.05,2000,-0.35,34.16,34.06,700,20000.0,0.0,0.29,13.94,21.72,41.02,27.34,0.39
纽泰格,sz301229,20.68,20.74,20.66,13700.0,20.66,2800,20.68,200,-0.29,20.74,20.57,13700,280000.0,0.01,0.82,26.72,37.59,24.89,16.59,1.0
日海智能,sz002313,10.0,10.02,10.0,79700.0,9.99,11000,10.0,1200,-0.2,10.01,9.98,79700,800000.0,0.02,0.3,37.44,37.44,11.02,9.02,3.86
*ST恒久,sz002808,4.69,4.66,4.73,117700.0,4.66,2000,4.67,400,0.64,4.73,4.69,117700,550000.0,0.07,0.86,7.74,12.61,4.89,4.43,9.07
华鹏飞,sz300350,6.21,6.22,6.19,111700.0,6.21,7800,6.22,3900,-0.16,6.23,6.19,111700,690000.0,0.02,0.64,29.28,34.9,7.46,4.98,2.54
旷达科技,sz002516,6.68,6.68,6.69,283800.0,6.67,700,6.68,29600,0.0,6.72,6.66,283800,1900000.0,0.02,0.9,97.59,98.25,7.35,6.01,5.3
风光股份,sz301100,20.26,20.24,20.21,6600.0,20.25,6200,20.26,600,0.1,20.34,20.21,6600,130000.0,0.01,0.64,17.73,40.52,24.29,16.19,1.24
宏辉果蔬,sh603336,9.62,9.45,9.64,174900.0,9.56,4100,9.62,5200,1.8,9.68,9.6,174900,1690000.0,0.03,0.85,58.56,58.56,10.4,8.51,2.51
通灵股份,sz301168,42.5,42.67,42.67,11500.0,42.5,1800,42.6,2600,-0.4,42.67,42.5,11500,490000.0,0.01,0.4,40.51,51.0,51.2,34.14,2.08
长春一东,sh600148,20.2,20.13,20.08,5900.0,20.16,400,20.2,900,0.35,20.2,20.08,5900,120000.0,0.0,0.6,28.59,28.59,22.14,18.12,1.04
园林股份,sh605303,18.26,18.08,18.26,5400.0,18.1,300,18.23,6400,1.0,18.26,18.26,5400,100000.0,0.0,0.0,29.44,29.44,19.89,16.27,0.52
瑞康医药,sz002589,3.29,3.29,3.29,280000.0,3.28,333600,3.29,73900,0.0,3.3,3.28,280000,920000.0,0.02,0.61,44.93,49.5,3.62,2.96,1.77
中瑞股份,sz301587,25.04,25.19,25.04,37300.0,25.01,1100,25.04,100,-0.6,25.1,25.01,37300,930000.0,0.05,0.36,18.39,36.89,30.23,20.15,3.35
节能环境,sz300140,7.37,7.48,7.41,604200.0,7.37,17800,7.39,5700,-1.47,7.44,7.37,604200,4470000.0,0.06,0.94,75.18,228.4,8.98,5.98,4.53
天工股份,bj920068,18.98,19.14,18.99,78800.0,19.04,2500,19.12,4700,-0.84,19.25,18.9,78800,1493700.0,0.13,1.83,11.9,124.43,24.88,13.4,9.05
凌志软件,sh688588,14.27,14.34,14.25,2918500.0,14.28,400,14.33,2700,-0.49,14.28,14.25,2918500,420000.0,0.01,0.21,57.08,57.08,17.21,11.47,1.95
兴通股份,sh603209,15.88,15.89,15.84,80600.0,15.87,13200,15.88,200,-0.06,15.89,15.81,80600,1280000.0,0.03,0.5,51.05,51.61,17.48,14.3,3.93
旋极信息,sz300324,5.59,5.58,5.57,491000.0,5.58,1400,5.59,63100,0.18,5.59,5.56,491000,2740000.0,0.03,0.54,95.59,96.57,6.7,4.46,2.84
ST银江,sz300020,4.39,4.36,4.36,176700.0,4.38,18900,4.39,25700,0.69,4.4,4.36,176700,770000.0,0.02,0.92,33.66,34.89,5.23,3.49,3.14
ST信通,sh600289,6.66,6.65,6.69,18900.0,6.66,9500,6.68,2300,0.15,6.69,6.66,18900,130000.0,0.0,0.45,37.69,42.03,6.98,6.32,1.37
粤 传 媒,sz002181,11.55,11.56,11.53,1159600.0,11.55,1000,11.56,11200,-0.09,11.56,11.42,1159600,13370000.0,0.1,1.21,131.04,134.1,12.72,10.4,2.53
世昌股份,bj920022,29.98,29.96,29.96,2800.0,30.0,1000,30.13,100,0.07,29.98,29.96,2800,83900.0,0.02,0.07,4.98,18.08,38.94,20.98,1.99
万达信息,sz300168,6.72,6.71,6.69,440500.0,6.71,400,6.72,56600,0.15,6.72,6.69,440500,2950000.0,0.03,0.45,96.71,96.81,8.05,5.37,4.12
恒宇信通,sz300965,60.24,60.27,60.49,1800.0,60.08,500,60.24,1200,-0.05,60.49,60.2,1800,110000.0,0.0,0.48,33.56,36.14,72.32,48.22,0.94
四维图新,sz002405,10.51,10.52,10.5,1011400.0,10.53,24600,10.55,70800,-0.1,10.55,10.47,1011400,10620000.0,0.04,0.76,247.6,249.16,11.57,9.47,3.96
华菱线缆,sz001208,21.86,21.89,21.84,346000.0,21.86,6000,21.87,2000,-0.14,21.88,21.78,346000,7550000.0,0.13,0.46,57.58,139.54,24.08,19.7,1.88
木林森,sz002745,8.98,9.01,9.01,498100.0,8.98,20700,8.99,2000,-0.33,9.06,8.98,498100,4490000.0,0.05,0.89,95.61,133.28,9.91,8.11,4.61
丽江股份,sz002033,9.6,9.51,9.54,266900.0,9.59,23500,9.6,243700,0.95,9.6,9.52,266900,2550000.0,0.05,0.84,52.75,52.75,10.46,8.56,3.54
克莱特,bj920689,32.5,32.82,32.21,150900.0,32.49,2900,32.5,700,-0.98,32.8,32.16,150900,4869700.0,0.4,1.95,12.33,23.86,42.66,22.98,32.49
高凌信息,sh688175,35.79,35.95,35.79,20000.0,35.79,400,35.87,500,-0.45,35.79,35.79,20000,10000.0,0.0,0.0,46.28,46.28,43.14,28.76,0.02
登康口腔,sz001328,42.0,42.03,42.03,6700.0,41.98,500,42.03,1100,-0.07,42.05,42.0,6700,280000.0,0.01,0.12,19.33,72.31,46.23,37.83,1.19
航天发展,sz000547,28.13,28.42,28.14,5557900.0,28.13,111200,28.14,77800,-1.02,28.41,28.0,5557900,156310000.0,0.35,1.44,447.02,449.65,31.26,25.58,4.92
永安行,sh603776,18.56,18.49,18.5,44400.0,18.55,100,18.56,2600,0.38,18.59,18.49,44400,820000.0,0.02,0.54,52.11,52.11,20.34,16.64,2.26
华英农业,sz002321,2.32,2.31,2.31,1522500.0,2.31,219500,2.32,103300,0.43,2.32,2.3,1522500,3520000.0,0.07,0.87,49.28,49.48,2.54,2.08,10.65
广百股份,sz002187,7.45,7.29,7.4,658700.0,7.45,25200,7.46,31300,2.19,7.45,7.35,658700,4880000.0,0.09,1.37,52.22,52.22,8.02,6.56,6.96
纳尔股份,sz002825,10.9,10.91,10.9,152100.0,10.9,1300,10.91,2900,-0.09,10.93,10.88,152100,1660000.0,0.06,0.46,27.96,37.23,12.0,9.82,8.39
太龙股份,sz300650,18.77,18.84,18.8,109000.0,18.75,4500,18.77,17900,-0.37,18.82,18.63,109000,2050000.0,0.06,1.01,31.97,40.97,22.61,15.07,2.36
申华控股,sh600653,1.93,1.93,1.93,162000.0,1.93,331100,1.94,1502000,0.0,1.94,1.93,162000,310000.0,0.01,0.52,37.57,37.57,2.12,1.74,1.33
国义招标,bj920039,11.91,11.88,11.96,78700.0,11.91,24200,11.98,1400,0.25,11.99,11.91,78700,940000.0,0.05,0.67,18.32,18.32,15.44,8.32,5.35
红豆股份,sh600400,2.35,2.35,2.34,240200.0,2.34,554000,2.35,34200,0.0,2.35,2.34,240200,560000.0,0.01,0.43,53.85,53.85,2.59,2.12,1.73
全筑股份,sh603030,2.86,2.86,2.86,389800.0,2.85,10400,2.86,12200,0.0,2.86,2.84,389800,1110000.0,0.03,0.7,37.66,37.66,3.15,2.57,4.55
锐明技术,sz002970,79.56,80.08,79.08,210100.0,79.55,800,79.71,100,-0.65,80.0,79.08,210100,16650000.0,0.17,1.15,98.11,143.72,88.09,72.07,4.1
日盈电子,sh603286,71.68,71.66,72.24,18500.0,71.69,20600,71.8,200,0.03,72.24,71.68,18500,1330000.0,0.02,0.78,82.73,84.15,78.83,64.49,0.77
球冠电缆,bj920682,9.55,9.55,9.55,34700.0,9.51,14000,9.54,500,0.0,9.61,9.55,34700,331300.0,0.02,0.63,17.97,30.99,12.41,6.69,2.06
金字火腿,sz002515,5.98,5.98,6.0,52100.0,5.98,104800,5.99,20600,0.0,6.0,5.98,52100,310000.0,0.0,0.33,72.39,72.39,6.58,5.38,0.66
天地在线,sz002995,27.67,27.55,27.26,1065300.0,27.67,5000,27.75,6500,0.44,27.87,27.26,1065300,29220000.0,0.95,2.21,31.11,49.1,30.31,24.8,6.23
华秦科技,sh688281,96.11,96.7,96.01,845900.0,96.01,700,96.11,600,-0.61,96.11,96.01,845900,810000.0,0.0,0.1,261.97,261.97,116.04,77.36,1.2
*ST金灵,sz300091,3.04,3.1,3.06,3340000.0,3.04,84000,3.05,58300,-1.94,3.08,3.04,3340000,10220000.0,0.2,1.29,49.72,86.4,3.72,2.48,20.45
同益中,sh688722,21.4,21.48,21.4,7080100.0,21.4,1600,21.47,2800,-0.37,21.58,21.4,7080100,1520000.0,0.03,0.84,47.96,48.08,25.78,17.18,2.1
大明电子,sh603376,37.6,37.62,37.65,6000.0,37.58,3700,37.61,4500,-0.05,37.65,37.6,6000,230000.0,0.02,0.13,11.67,150.4,41.38,33.86,1.17
天阳科技,sz300872,18.86,18.82,18.85,386200.0,18.86,1900,18.87,15800,0.21,18.9,18.73,386200,7270000.0,0.09,0.9,79.6,92.06,22.58,15.06,7.21
汉维科技,bj920957,12.84,12.78,12.8,3200.0,12.84,200,12.9,1100,0.47,12.9,12.79,3200,40599.99999999999,0.01,0.86,5.48,13.78,16.61,8.95,0.86
盛路通信,sz002446,11.06,11.02,11.02,697300.0,11.06,36800,11.07,4400,0.36,11.07,10.99,697300,7690000.0,0.08,0.73,93.76,101.24,12.12,9.92,3.2
千里科技,sh601777,10.61,10.35,10.68,1182400.0,10.61,23400,10.62,117700,2.51,10.68,10.54,1182400,12600000.0,0.03,1.35,479.69,479.69,11.39,9.32,12.26
豪能股份,sh603809,12.9,12.93,12.92,146300.0,12.9,2700,12.91,69400,-0.23,12.92,12.9,146300,1890000.0,0.02,0.15,118.72,118.72,14.22,11.64,2.92
健盛集团,sh603558,11.94,11.95,12.0,46900.0,11.94,3200,11.95,2100,-0.08,12.0,11.94,46900,560000.0,0.01,0.5,40.91,40.91,13.15,10.76,2.42
恒工精密,sz301261,90.06,90.97,90.9,33000.0,90.06,200,90.13,500,-1.0,90.93,90.06,33000,2990000.0,0.09,0.96,33.76,79.15,109.16,72.78,2.79
联迪信息,bj920790,34.57,34.53,34.36,18900.0,34.57,200,34.87,200,0.12,34.57,34.35,18900,651900.0,0.03,0.64,18.79,27.3,44.88,24.18,3.42
金橙子,sh688291,50.13,50.59,49.94,8660800.0,50.01,3200,50.12,300,-0.91,50.64,49.8,8660800,4350000.0,0.08,1.66,51.47,51.47,60.71,40.47,7.18
中广核技,sz000881,8.36,8.4,8.4,168700.0,8.35,2600,8.36,9400,-0.48,8.4,8.31,168700,1410000.0,0.02,1.07,75.55,79.04,9.24,7.56,3.75
兰石重装,sh603169,10.39,10.43,10.4,207600.0,10.38,6200,10.39,44300,-0.38,10.43,10.38,207600,2160000.0,0.02,0.48,135.72,135.72,11.47,9.39,2.58
天府文旅,sz000558,5.25,5.2,5.2,492400.0,5.24,19200,5.25,22500,0.96,5.25,5.2,492400,2570000.0,0.04,0.96,67.66,67.68,5.72,4.68,1.84
创业黑马,sz300688,32.13,32.01,31.68,161200.0,32.1,2400,32.13,100,0.37,32.13,31.68,161200,5130000.0,0.11,1.41,47.67,53.78,38.41,25.61,4.51
中科江南,sz301153,23.62,23.57,23.5,27700.0,23.6,400,23.62,600,0.21,23.62,23.5,27700,650000.0,0.01,0.51,77.76,83.34,28.28,18.86,1.45
乖宝宠物,sz301498,61.82,61.86,62.3,53000.0,61.7,800,61.82,100,-0.06,62.3,61.7,53000,3290000.0,0.03,0.97,110.94,247.57,74.23,49.49,4.71
皇台酒业,sz000995,16.04,15.99,16.35,1573600.0,16.03,1200,16.04,1200,0.31,16.35,16.03,1573600,25640000.0,0.89,2.0,28.46,28.46,17.59,14.39,10.95
天地源,sh600665,3.57,3.58,3.57,28100.0,3.57,42300,3.58,13000,-0.28,3.58,3.57,28100,100000.0,0.0,0.28,30.85,30.85,3.94,3.22,0.61
好想你,sz002582,12.08,11.97,12.07,491900.0,12.08,22600,12.09,16700,0.92,12.1,12.07,491900,5940000.0,0.14,0.25,41.58,54.08,13.17,10.77,4.51
百利科技,sh603959,5.94,6.3,5.73,5748200.0,5.91,34400,5.94,27500,-5.71,6.0,5.73,5748200,33010000.0,1.17,4.29,29.12,29.12,6.93,5.67,22.2
高伟达,sz300465,18.94,18.85,18.85,114700.0,18.93,500,18.94,4100,0.48,18.96,18.8,114700,2170000.0,0.03,0.85,84.05,84.05,22.62,15.08,3.39
大地电气,bj920436,16.73,16.58,16.75,2500.0,16.58,500,16.72,1700,0.9,16.75,16.73,2500,41400.0,0.0,0.12,14.87,15.81,21.55,11.61,1.08
厦门信达,sz000701,6.2,6.2,6.2,68000.0,6.2,37000,6.21,2500,0.0,6.21,6.2,68000,420000.0,0.01,0.16,41.4,41.44,6.82,5.58,1.37
金发科技,sh600143,18.94,19.01,18.98,344700.0,18.92,6100,18.94,95000,-0.37,18.98,18.91,344700,6540000.0,0.01,0.37,499.04,499.04,20.91,17.11,1.71
绿亨科技,bj920866,8.45,8.43,8.45,13900.0,8.45,100,8.48,1000,0.24,8.45,8.45,13900,117200.0,0.01,0.0,7.91,15.23,10.95,5.91,2.03
卓越新能,sh688196,74.91,74.69,75.7,783700.0,74.14,700,74.91,300,0.29,75.7,74.91,783700,590000.0,0.01,1.06,89.89,95.28,89.63,59.75,1.76
沃格光电,sh603773,36.3,36.73,36.39,62000.0,36.2,800,36.3,100,-1.17,36.39,36.2,62000,2250000.0,0.03,0.52,81.52,81.55,40.4,33.06,1.26
通易航天,bj920642,14.9,14.8,14.86,24000.0,14.81,1300,14.89,1000,0.68,14.93,14.84,24000,357200.0,0.02,0.61,14.89,15.45,19.24,10.36,3.39
大连重工,sz002204,7.29,7.28,7.25,508700.0,7.29,26200,7.3,6300,0.14,7.3,7.25,508700,3700000.0,0.03,0.69,140.8,140.8,8.01,6.55,3.52
亚盛集团,sh600108,3.44,3.45,3.43,380600.0,3.43,293600,3.44,3900,-0.29,3.44,3.43,380600,1310000.0,0.02,0.29,66.97,66.97,3.8,3.11,2.22
*ST东易,sz002713,10.98,10.46,10.98,1480600.0,10.98,4085000,0.0,0,4.97,10.98,10.98,1480600,16260000.0,0.28,0.0,57.81,104.46,10.98,9.94,15.95
中创环保,sz300056,9.41,9.46,9.46,77900.0,9.41,2600,9.42,1700,-0.53,9.46,9.4,77900,730000.0,0.02,0.63,36.24,36.27,11.35,7.57,1.18
艾芬达,sz301575,51.27,51.5,51.5,4100.0,51.22,200,51.27,800,-0.45,51.5,51.2,4100,210000.0,0.02,0.58,8.48,44.44,61.8,41.2,1.89
华培动力,sh603121,25.7,25.7,0.0,0.0,0.0,0,0.0,0,0.0,0.0,0.0,0,0.0,0.0,0.0,87.0,87.0,28.27,23.13,0.0
爱婴室,sh603214,18.4,18.3,18.4,29700.0,18.36,600,18.4,13900,0.55,18.41,18.4,29700,550000.0,0.02,0.05,25.49,25.49,20.13,16.47,1.57
奥美森,bj920080,27.77,27.71,27.77,5700.0,27.72,1300,27.82,100,0.22,27.83,27.77,5700,158400.0,0.03,0.22,6.29,23.05,36.02,19.4,2.13
润农节水,bj920964,6.93,6.91,6.91,5500.0,6.91,8200,6.93,5100,0.29,6.95,6.9,5500,38100.0,0.0,0.72,9.17,18.1,8.98,4.84,0.56
万源通,bj920060,32.16,32.23,32.24,6500.0,32.16,100,32.21,200,-0.22,32.24,32.16,6500,208400.0,0.01,0.25,30.5,48.9,41.89,22.57,1.22
华平股份,sz300074,4.94,4.96,4.94,158000.0,4.94,30400,4.95,39200,-0.4,4.95,4.92,158000,780000.0,0.03,0.6,27.15,27.17,5.95,3.97,2.16
通达电气,sh603390,12.88,12.87,12.91,12300.0,12.88,8000,12.89,500,0.08,12.92,12.88,12300,160000.0,0.0,0.31,45.15,45.29,14.16,11.58,0.81
巨能股份,bj920578,23.78,23.6,23.68,20900.0,23.68,400,23.78,8700,0.76,23.78,23.6,20900,495000.0,0.09,0.76,5.47,18.19,30.68,16.52,8.53
新风光,sh688663,56.33,57.0,56.72,1415000.0,56.33,1000,56.7,4800,-1.18,56.72,56.33,1415000,800000.0,0.01,0.68,79.69,79.69,68.4,45.6,1.18
飞马国际,sz002210,3.14,3.12,3.15,1238200.0,3.13,179900,3.14,25200,0.64,3.16,3.13,1238200,3900000.0,0.05,0.96,83.41,83.56,3.43,2.81,3.27
晶华新材,sh603683,24.34,24.31,24.31,19800.0,24.34,2300,24.35,100,0.12,24.35,24.3,19800,480000.0,0.01,0.21,69.93,70.69,26.74,21.88,0.54
能科科技,sh603859,47.79,48.28,47.92,225400.0,47.8,500,47.81,2200,-1.01,47.93,47.74,225400,10790000.0,0.09,0.39,116.94,116.94,53.11,43.45,7.88
天威视讯,sz002238,9.2,9.19,9.19,400400.0,9.19,23700,9.2,5100,0.11,9.26,9.19,400400,3690000.0,0.05,0.76,73.84,73.84,10.11,8.27,2.18
坤博精工,bj920570,35.01,35.16,35.01,300.0,35.01,1300,35.15,800,-0.43,35.01,35.01,300,10500.0,0.0,0.0,8.52,17.56,45.7,24.62,0.18
金健米业,sh600127,6.62,6.61,6.61,155200.0,6.61,96900,6.62,54900,0.15,6.62,6.61,155200,1030000.0,0.02,0.15,42.49,42.49,7.27,5.95,2.24
禾元生物-U,sh688765,72.89,72.92,72.89,670200.0,73.0,1000,73.3,200,-0.04,72.9,72.89,670200,490000.0,0.02,0.01,29.87,260.58,87.5,58.34,1.39
招标股份,sz301136,18.25,18.12,18.12,373100.0,18.27,100,18.28,3200,0.72,18.3,18.06,373100,6770000.0,0.14,1.32,50.22,50.22,21.74,14.5,3.5
宜通世纪,sz300310,6.99,7.01,6.95,348100.0,6.99,300,7.0,26500,-0.29,6.99,6.94,348100,2420000.0,0.05,0.71,48.36,61.63,8.41,5.61,2.39
ST新动力,sz300152,2.35,2.39,2.37,1124300.0,2.35,331500,2.36,11000,-1.67,2.37,2.35,1124300,2660000.0,0.16,0.84,16.75,16.75,2.87,1.91,2.51
华峰超纤,sz300180,6.59,6.58,6.56,157000.0,6.57,29600,6.58,100,0.15,6.59,6.56,157000,1030000.0,0.01,0.46,112.86,116.05,7.9,5.26,1.27
盛视科技,sz002990,27.77,27.73,27.76,35900.0,27.73,800,27.76,400,0.14,27.83,27.73,35900,1000000.0,0.03,0.36,37.24,72.72,30.5,24.96,4.01
风神股份,sh600469,7.51,7.51,7.44,380800.0,7.51,8600,7.52,14200,0.0,7.55,7.44,380800,2840000.0,0.05,1.46,54.78,54.78,8.26,6.76,6.28
锋尚文化,sz300860,29.23,29.06,29.05,50100.0,29.27,1100,29.28,1000,0.58,29.33,29.05,50100,1460000.0,0.05,0.96,31.98,55.08,34.87,23.25,1.89
方正阀门,bj920082,17.25,17.2,17.11,4300.0,17.26,2100,17.34,1000,0.29,17.25,17.11,4300,73700.0,0.01,0.81,6.83,25.07,22.36,12.04,1.57
中科金财,sz002657,27.57,27.58,27.5,94000.0,27.55,300,27.57,1000,-0.04,27.57,27.47,94000,2590000.0,0.03,0.36,92.67,93.75,30.34,24.82,2.17
华纺股份,sh600448,3.38,3.37,3.37,450600.0,3.38,163800,3.39,48900,0.3,3.4,3.35,450600,1530000.0,0.07,1.48,21.29,21.29,3.71,3.03,5.77
旺成科技,bj920896,20.07,20.22,20.05,6300.0,20.07,300,20.18,100,-0.74,20.07,20.05,6300,126400.0,0.01,0.1,8.89,20.32,26.28,14.16,2.2
汇隆活塞,bj920455,8.9,8.93,8.99,16700.0,8.91,1700,8.97,2400,-0.34,8.99,8.9,16700,149600.0,0.02,1.01,8.33,15.79,11.6,6.26,2.79
鸿日达,sz301285,74.98,75.28,75.28,58700.0,74.8,600,74.99,100,-0.4,75.5,74.7,58700,4410000.0,0.07,1.06,58.86,154.96,90.34,60.22,4.24
兆新股份,sz002256,3.59,3.61,3.59,529300.0,3.59,403500,3.6,149500,-0.55,3.6,3.58,529300,1900000.0,0.03,0.55,70.04,71.58,3.97,3.25,2.11
长江能科,bj920158,15.8,15.79,15.82,11800.0,15.75,500,15.8,2300,0.06,15.82,15.8,11800,186500.0,0.03,0.13,6.03,22.53,20.52,11.06,2.48
中化装备,sh600579,9.09,9.09,9.03,52600.0,9.03,24000,9.04,600,0.0,9.09,9.03,52600,480000.0,0.01,0.66,44.87,44.87,10.0,8.18,1.83
*ST椰岛,sh600238,5.74,5.78,5.76,41700.0,5.72,11600,5.74,12700,-0.69,5.76,5.74,41700,240000.0,0.01,0.35,25.56,25.73,6.07,5.49,1.15
西王食品,sz000639,2.86,2.85,2.86,477500.0,2.86,258300,2.87,800,0.35,2.87,2.85,477500,1370000.0,0.04,0.7,30.87,30.87,3.14,2.57,3.45
马应龙,sh600993,27.3,27.26,27.32,42000.0,27.28,3500,27.3,900,0.15,27.32,27.28,42000,1150000.0,0.01,0.15,117.47,117.68,29.99,24.53,1.52
ST加加,sz002650,6.06,6.05,6.07,7100.0,6.05,26500,6.06,18700,0.17,6.07,6.06,7100,40000.0,0.0,0.17,67.09,67.09,6.35,5.75,0.49
佳都科技,sh600728,6.9,6.94,6.9,367000.0,6.89,3700,6.9,87800,-0.58,6.9,6.87,367000,2530000.0,0.02,0.43,147.15,147.15,7.63,6.25,1.93
动力新科,sh600841,10.87,10.96,10.89,317700.0,10.82,400,10.83,100,-0.82,10.95,10.83,317700,3450000.0,0.03,1.09,113.38,150.86,12.06,9.86,1.42
群兴玩具,sz002575,7.97,7.89,7.89,2450800.0,7.98,5800,7.99,20100,1.01,7.99,7.85,2450800,19370000.0,0.42,1.77,46.66,49.14,8.68,7.1,5.49
梅雁吉祥,sh600868,4.02,4.03,4.03,913300.0,4.01,22700,4.02,54300,-0.25,4.04,4.01,913300,3680000.0,0.05,0.74,76.31,76.31,4.43,3.63,2.52
江苏雷利,sz300660,52.8,53.1,52.84,74200.0,52.79,5000,52.83,13100,-0.56,52.84,52.69,74200,3920000.0,0.02,0.28,235.9,236.09,63.72,42.48,2.96
味知香,sh605089,27.7,27.57,27.7,9900.0,27.57,100,27.7,2500,0.47,27.71,27.57,9900,270000.0,0.01,0.51,38.23,38.23,30.33,24.81,1.38
富临运业,sz002357,14.46,14.51,14.35,187400.0,14.39,100,14.45,1300,-0.34,14.46,14.3,187400,2690000.0,0.06,1.1,45.33,45.33,15.96,13.06,1.89
华神科技,sz000790,4.02,4.01,4.01,146300.0,4.01,400,4.02,200600,0.25,4.03,4.01,146300,590000.0,0.02,0.5,25.03,25.07,4.41,3.61,2.08
一鸣食品,sh605179,20.17,19.95,20.12,27800.0,20.13,3300,20.17,3900,1.1,20.18,20.12,27800,560000.0,0.01,0.3,80.88,80.88,21.95,17.96,2.22
金陵药业,sz000919,7.57,7.56,7.56,131500.0,7.56,10800,7.57,16800,0.13,7.58,7.55,131500,990000.0,0.02,0.4,47.07,47.08,8.32,6.8,2.44
泰慕士,sz001234,27.98,28.03,28.03,7900.0,27.99,1900,28.0,300,-0.18,28.03,27.98,7900,220000.0,0.01,0.18,25.61,30.61,30.83,25.23,1.43
精锻科技,sz300258,16.06,16.11,16.02,2312200.0,16.06,1800,16.09,11200,-0.31,16.11,15.88,2312200,37000000.0,0.41,1.43,91.52,93.96,19.33,12.89,17.64
旗天科技,sz300061,10.86,10.8,10.91,192800.0,10.85,1000,10.86,1900,0.56,10.92,10.86,192800,2100000.0,0.03,0.56,67.57,71.57,12.96,8.64,2.76
桂发祥,sz002820,12.16,12.16,12.2,103700.0,12.14,1000,12.16,2200,0.0,12.23,12.15,103700,1260000.0,0.05,0.66,24.43,24.43,13.38,10.94,3.11
ST起步,sh603557,3.16,3.17,3.15,107000.0,3.16,68500,3.18,36700,-0.32,3.2,3.15,107000,340000.0,0.02,1.58,19.7,19.7,3.33,3.01,1.2
华曙高科,sh688433,82.04,81.64,82.04,3174400.0,82.07,400,82.24,2100,0.49,82.24,81.64,3174400,2600000.0,0.02,0.73,165.81,339.78,97.97,65.31,2.22
采纳股份,sz301122,32.13,32.01,32.08,14000.0,32.12,900,32.13,300,0.37,32.33,32.0,14000,450000.0,0.02,1.03,24.3,39.28,38.41,25.61,1.42
新宁物流,sz300013,4.04,4.04,4.05,116000.0,4.04,40800,4.05,65900,0.0,4.06,4.04,116000,470000.0,0.03,0.5,18.02,22.56,4.85,3.23,1.94
珠免集团,sh600185,7.55,7.5,7.51,503400.0,7.55,42800,7.56,4400,0.67,7.56,7.51,503400,3780000.0,0.03,0.67,142.32,142.32,8.25,6.75,1.16
苏州科达,sh603660,10.11,10.11,10.08,59800.0,10.1,32800,10.11,2200,0.0,10.11,10.08,59800,600000.0,0.01,0.3,57.78,58.21,11.12,9.1,0.91
昂立教育,sh600661,10.87,10.83,10.81,109300.0,10.85,200,10.87,500,0.37,10.87,10.8,109300,1180000.0,0.04,0.65,31.15,31.15,11.91,9.75,3.68
瑞立科密,sz001285,58.84,58.84,0.0,0.0,0.0,0,0.0,0,0.0,0.0,0.0,0,0.0,0.0,0.0,23.9,106.02,64.72,52.96,0.0
华锡有色,sh600301,52.3,53.49,52.53,146700.0,52.26,20100,52.3,37100,-2.22,52.53,51.9,146700,7670000.0,0.05,1.18,144.0,330.83,58.84,48.14,3.39
中宠股份,sz002891,48.65,48.45,48.44,21900.0,48.61,300,48.65,200,0.41,48.65,48.44,21900,1060000.0,0.01,0.43,148.08,148.08,53.3,43.61,2.0
万  科Ａ,sz000002,4.94,4.92,4.95,5372700.0,4.93,143400,4.94,133500,0.41,4.96,4.92,5372700,26590000.0,0.06,0.81,479.99,589.38,5.41,4.43,6.22
鑫科材料,sh600255,3.77,3.79,3.77,352100.0,3.76,183700,3.77,53700,-0.53,3.78,3.76,352100,1330000.0,0.02,0.53,68.09,68.09,4.17,3.41,1.83
赫美集团,sz002356,3.86,3.85,3.85,391600.0,3.85,133300,3.86,89200,0.26,3.87,3.85,391600,1510000.0,0.03,0.52,50.61,50.61,4.24,3.47,2.62
秦川物联,sh688528,12.12,12.07,12.11,1155300.0,12.11,1900,12.12,14300,0.41,12.15,12.11,1155300,140000.0,0.01,0.33,20.36,20.36,14.48,9.66,1.68
金富科技,sz003018,22.36,22.38,21.81,1152300.0,22.36,38900,22.45,200,-0.09,22.45,21.81,1152300,25280000.0,1.18,2.86,21.91,58.14,24.62,20.14,12.46
凯众股份,sh603037,16.45,16.48,16.49,19400.0,16.44,300,16.45,700,-0.18,16.5,16.45,19400,320000.0,0.01,0.3,43.78,43.91,18.13,14.83,0.47
黑芝麻,sz000716,6.08,6.05,6.06,114100.0,6.07,22100,6.08,45800,0.5,6.08,6.06,114100,690000.0,0.02,0.33,44.92,45.78,6.66,5.45,1.88
兆日科技,sz300333,10.72,10.76,10.71,49700.0,10.73,1700,10.76,21400,-0.37,10.77,10.71,49700,530000.0,0.01,0.56,35.89,36.02,12.91,8.61,2.65
方大新材,bj920163,15.74,15.7,15.68,8600.0,15.72,700,15.74,700,0.25,15.74,15.68,8600,134900.0,0.01,0.38,9.41,20.26,20.41,10.99,1.11
扬农化工,sh600486,73.3,73.48,73.43,17600.0,73.27,200,73.3,500,-0.24,73.43,73.24,17600,1290000.0,0.0,0.26,296.12,297.1,80.83,66.13,0.89
联创光电,sh600363,65.87,66.49,65.79,145800.0,65.81,300,65.92,400,-0.93,66.0,65.77,145800,9590000.0,0.03,0.35,297.0,297.0,73.14,59.84,3.3
祖名股份,sz003030,21.57,21.58,21.57,98400.0,21.57,4900,21.59,300,-0.05,21.65,21.49,98400,2120000.0,0.12,0.74,17.12,26.92,23.74,19.42,10.99
通光线缆,sz300265,16.71,16.8,16.8,2200600.0,16.7,95300,16.71,8500,-0.54,16.84,16.67,2200600,36920000.0,0.47,1.01,78.09,78.14,20.16,13.44,6.19
深华发Ａ,sz000020,15.0,15.08,15.0,47200.0,14.99,300,15.0,2400,-0.53,15.08,15.0,47200,710000.0,0.03,0.53,27.17,42.47,16.59,13.57,2.42
恒银科技,sh603106,10.48,10.5,10.5,45400.0,10.46,8100,10.48,5300,-0.19,10.5,10.46,45400,480000.0,0.01,0.38,54.55,54.55,11.55,9.45,1.58
中稀有色,sh600259,86.0,87.37,85.7,356500.0,86.0,400,86.25,200,-1.57,86.25,85.5,356500,30570000.0,0.11,0.86,289.33,289.33,96.11,78.63,6.4
傲农生物,sh603363,4.09,4.07,4.08,288100.0,4.09,8800,4.1,269300,0.49,4.1,4.08,288100,1180000.0,0.01,0.49,87.09,106.46,4.48,3.66,2.1
文峰股份,sh601010,2.63,2.63,2.63,224900.0,2.63,52900,2.64,618900,0.0,2.64,2.63,224900,590000.0,0.01,0.38,48.6,48.6,2.89,2.37,2.53
瑞茂通,sh600180,3.65,3.66,3.65,95400.0,3.65,35200,3.66,9900,-0.27,3.66,3.65,95400,350000.0,0.01,0.27,39.66,39.66,4.03,3.29,1.81
世荣兆业,sz002016,6.26,6.23,6.24,391000.0,6.26,39500,6.27,4700,0.48,6.3,6.23,391000,2450000.0,0.05,1.12,50.65,50.65,6.85,5.61,11.02
深康佳Ａ,sz000016,3.76,3.75,3.75,869100.0,3.76,1600,3.77,45300,0.27,3.76,3.74,869100,3260000.0,0.05,0.53,60.03,90.54,4.13,3.38,2.34
万里马,sz300591,8.79,8.83,8.75,335800.0,8.78,12900,8.79,9400,-0.45,8.79,8.71,335800,2940000.0,0.1,0.91,30.8,35.66,10.6,7.06,3.38
电连技术,sz300679,41.91,42.06,42.01,41100.0,41.9,300,41.91,1300,-0.36,42.01,41.9,41100,1730000.0,0.01,0.26,150.64,178.04,50.47,33.65,1.63
飞乐音响,sh600651,8.17,8.11,8.17,392900.0,8.17,16700,8.18,800,0.74,8.19,8.13,392900,3210000.0,0.02,0.74,204.82,204.82,8.92,7.3,2.76
宇晶股份,sz002943,78.55,80.22,78.0,161400.0,78.55,500,78.62,300,-2.08,80.18,77.82,161400,12660000.0,0.11,2.94,114.38,161.44,88.24,72.2,2.55
麦趣尔,sz002719,9.53,9.47,9.5,144800.0,9.53,3100,9.54,200,0.63,9.55,9.5,144800,1380000.0,0.09,0.53,15.43,16.6,10.42,8.52,4.91
雷曼光电,sz300162,8.37,8.35,8.37,131600.0,8.36,33300,8.37,18900,0.24,8.39,8.36,131600,1100000.0,0.04,0.36,28.64,35.11,10.02,6.68,2.7
天目药业,sh600671,20.07,20.11,20.11,24300.0,20.06,300,20.07,1000,-0.2,20.11,20.07,24300,490000.0,0.02,0.2,24.43,24.44,22.12,18.1,1.12
澳柯玛,sh600336,7.83,7.81,7.82,49600.0,7.83,1500,7.84,2800,0.26,7.83,7.82,49600,390000.0,0.01,0.13,62.48,62.48,8.59,7.03,1.3
赛轮轮胎,sh601058,15.86,15.83,15.86,221600.0,15.83,700,15.86,24300,0.19,15.89,15.83,221600,3510000.0,0.01,0.38,521.49,521.49,17.41,14.25,2.63
上海沿浦,sh605128,38.92,39.2,38.99,12600.0,38.9,1800,38.92,12500,-0.71,39.12,38.9,12600,490000.0,0.01,0.56,82.18,82.18,43.12,35.28,1.66
晶丰明源,sh688368,138.15,139.54,137.87,2580000.0,138.15,800,138.39,300,-1.0,138.39,137.87,2580000,3560000.0,0.03,0.37,122.26,122.26,167.45,111.63,3.06
浙江荣泰,sh603119,98.88,99.35,98.88,90300.0,98.84,800,98.88,4200,-0.47,98.93,98.53,90300,8920000.0,0.04,0.4,201.6,359.67,109.29,89.42,2.09
安正时尚,sh603839,8.06,8.05,8.09,17800.0,8.05,3100,8.08,500,0.12,8.09,8.06,17800,140000.0,0.0,0.37,31.36,31.36,8.86,7.25,1.01
安琪酵母,sh600298,44.38,44.34,44.48,28800.0,44.33,300,44.38,2100,0.09,44.5,44.37,28800,1280000.0,0.0,0.29,380.4,385.21,48.77,39.91,1.32
*ST金比,sz002762,6.79,6.82,6.78,53000.0,6.79,4600,6.82,1600,-0.44,6.82,6.78,53000,360000.0,0.03,0.59,14.35,24.04,7.16,6.48,5.52
华如科技,sz301302,24.78,24.58,24.53,52500.0,24.78,7000,24.8,700,0.81,24.8,24.53,52500,1290000.0,0.04,1.1,34.44,38.62,29.5,19.66,2.98
抚顺特钢,sh600399,6.5,6.55,6.51,577200.0,6.49,7500,6.5,155900,-0.76,6.51,6.48,577200,3750000.0,0.03,0.46,128.19,128.19,7.21,5.9,1.67
茶花股份,sh603615,23.31,23.32,23.18,51500.0,23.25,7000,23.31,1100,-0.04,23.35,23.18,51500,1200000.0,0.02,0.73,56.37,56.37,25.65,20.99,4.28
大连圣亚,sh600593,37.38,36.81,37.38,72100.0,37.21,200,37.36,200,1.55,37.45,37.18,72100,2690000.0,0.06,0.73,48.15,48.76,40.49,33.13,3.5
超讯通信,sh603322,37.38,37.51,37.31,41100.0,37.38,100,37.4,1500,-0.35,37.38,37.25,41100,1530000.0,0.03,0.35,58.91,58.91,41.26,33.76,2.34
登云股份,sz002715,16.92,17.0,16.93,35600.0,16.9,100,16.91,5600,-0.47,16.98,16.88,35600,600000.0,0.03,0.59,23.35,23.35,18.7,15.3,2.45
合锻智能,sh603011,26.08,26.24,26.09,171500.0,26.07,1000,26.08,32300,-0.61,26.2,26.06,171500,4470000.0,0.03,0.53,128.94,128.94,28.86,23.62,1.4
锦江在线,sh600650,15.28,15.29,15.28,24100.0,15.28,2200,15.3,8900,-0.07,15.29,15.26,24100,370000.0,0.01,0.2,59.68,84.29,16.82,13.76,1.03
模塑科技,sz000700,15.31,15.46,15.58,976500.0,15.28,7700,15.31,1400,-0.97,15.59,15.28,976500,15110000.0,0.11,2.01,140.55,140.55,17.01,13.91,2.54
思创智联,sz300078,4.83,4.82,4.81,440200.0,4.83,3200,4.84,14300,0.21,4.83,4.79,440200,2110000.0,0.04,0.83,53.78,53.99,5.78,3.86,2.45
光电股份,sh600184,17.87,17.95,17.95,85900.0,17.85,3400,17.87,1600,-0.45,17.95,17.85,85900,1540000.0,0.01,0.56,104.13,104.13,19.75,16.16,2.9
雅博股份,sz002323,2.7,2.62,2.68,51246600.0,2.69,2523300,2.7,599700,3.05,2.75,2.66,51246600,138030000.0,2.42,3.44,57.25,57.26,2.88,2.36,56.49
陕西金叶,sz000812,4.4,4.38,4.39,268700.0,4.4,8500,4.41,54500,0.46,4.41,4.39,268700,1180000.0,0.03,0.46,33.8,33.82,4.82,3.94,4.84
曙光股份,sh600303,3.4,3.38,3.4,247200.0,3.39,4300,3.4,152900,0.59,3.41,3.39,247200,840000.0,0.04,0.59,22.97,23.24,3.72,3.04,2.88
中国一重,sh601106,5.0,5.02,5.01,354400.0,4.99,400,5.0,121700,-0.4,5.01,4.99,354400,1770000.0,0.01,0.4,342.89,342.89,5.52,4.52,1.01
巨星科技,sz002444,36.67,36.94,36.93,50100.0,36.6,10500,36.67,2500,-0.73,36.94,36.6,50100,1840000.0,0.0,0.92,420.62,438.02,40.63,33.25,1.66
新开普,sz300248,13.56,13.57,13.57,191200.0,13.55,19900,13.56,1200,-0.07,13.57,13.5,191200,2590000.0,0.05,0.52,55.48,64.59,16.28,10.86,3.56
北矿检测,bj920160,26.28,26.13,26.1,56800.0,26.1,1300,26.28,500,0.57,26.28,26.05,56800,1484199.9999999998,0.22,0.88,6.7,29.77,33.96,18.3,12.28
流金科技,bj920021,15.66,15.24,15.62,2098500.0,15.65,31900,15.66,100,2.76,15.83,15.58,2098500,32864699.999999996,0.9,1.64,36.46,48.39,19.81,10.67,7.24
七一二,sh603712,19.44,19.45,19.45,34700.0,19.42,100,19.44,3100,-0.05,19.5,19.44,34700,670000.0,0.0,0.31,150.08,150.08,21.4,17.51,0.78
麒麟信安,sh688152,39.95,40.3,39.87,707600.0,39.95,1600,40.29,300,-0.87,40.01,39.87,707600,280000.0,0.01,0.35,41.08,41.08,48.36,32.24,1.39
传音控股,sh688036,59.64,59.64,59.31,3888400.0,59.64,1500,59.71,900,0.0,59.64,59.31,3888400,2310000.0,0.0,0.55,686.57,686.57,71.57,47.71,1.15
合百集团,sz000417,8.31,8.36,8.31,575200.0,8.31,56700,8.33,16500,-0.6,8.35,8.3,575200,4780000.0,0.07,0.6,64.74,64.81,9.2,7.52,5.28
大唐电信,sh600198,9.6,9.61,9.6,97400.0,9.59,7000,9.6,192800,-0.1,9.61,9.58,97400,930000.0,0.01,0.31,124.99,125.15,10.57,8.65,1.03
精创电气,bj920035,38.01,38.1,38.09,5300.0,38.01,200,38.08,300,-0.24,38.09,38.01,5300,201500.0,0.04,0.21,4.95,21.99,49.53,26.67,4.05
中钢洛耐,sh688119,6.07,6.09,6.09,20299800.0,6.07,2200,6.08,101300,-0.33,6.09,6.07,20299800,1230000.0,0.02,0.33,68.29,68.29,7.31,4.87,1.93
四川九洲,sz000801,16.46,16.55,16.44,80400.0,16.46,3900,16.49,4100,-0.54,16.58,16.43,80400,1320000.0,0.01,0.91,167.29,167.29,18.21,14.9,0.88
厦工股份,sh600815,3.19,3.18,3.18,124000.0,3.18,7700,3.19,71900,0.31,3.19,3.17,124000,390000.0,0.01,0.63,56.59,56.59,3.5,2.86,1.2
南网数字,sz301638,21.55,21.71,21.58,443000.0,21.55,11000,21.57,700,-0.74,21.6,21.54,443000,9560000.0,0.19,0.28,50.64,685.21,26.05,17.37,6.5
中源家居,sh603709,18.89,18.65,18.95,138100.0,18.84,2800,18.89,7800,1.29,19.1,18.89,138100,2620000.0,0.11,1.13,23.63,23.82,20.52,16.79,14.52
申昊科技,sz300853,22.09,22.06,22.06,15700.0,22.07,1300,22.08,300,0.14,22.14,22.05,15700,350000.0,0.01,0.41,24.36,32.46,26.47,17.65,1.59
崇德科技,sz301548,90.37,88.56,89.5,138700.0,90.37,4500,90.59,200,2.04,90.57,89.5,138700,12470000.0,0.53,1.21,23.71,78.62,106.27,70.85,7.9
卓胜微,sz300782,74.56,75.2,74.78,110000.0,74.52,100,74.56,3800,-0.85,74.78,74.51,110000,8220000.0,0.02,0.36,334.21,398.85,90.24,60.16,4.02
东望时代,sh600052,4.71,4.71,4.71,266600.0,4.7,53500,4.71,25800,0.0,4.73,4.7,266600,1260000.0,0.03,0.64,39.76,39.76,5.18,4.24,2.92
中锐股份,sz002374,3.65,3.63,3.63,308000.0,3.64,157000,3.65,71400,0.55,3.65,3.63,308000,1120000.0,0.03,0.55,39.61,39.61,3.99,3.27,2.05
罗曼股份,sh605289,80.98,81.8,81.0,199600.0,80.6,1600,80.96,100,-1.0,81.66,80.0,199600,16160000.0,0.18,2.03,87.73,88.27,89.98,73.62,9.35
雷尔伟,sz301016,26.54,26.52,26.49,48100.0,26.53,7900,26.66,400,0.08,26.54,26.01,48100,1270000.0,0.02,2.0,54.98,57.96,31.82,21.22,1.89
万朗磁塑,sh603150,63.26,64.55,62.55,97800.0,63.26,800,63.54,700,-2.0,63.55,62.55,97800,6140000.0,0.11,1.55,54.08,54.08,71.01,58.1,4.47
华安鑫创,sz300928,33.55,33.53,33.79,10200.0,33.54,700,33.55,1000,0.06,33.79,33.54,10200,340000.0,0.02,0.75,17.98,26.84,40.24,26.82,1.64
一致魔芋,bj920273,31.24,30.96,31.09,21200.0,31.23,100,31.26,2800,0.9,31.24,31.09,21200,661100.0,0.03,0.48,21.45,32.23,40.24,21.68,4.66
海昌新材,sz300885,26.11,26.39,26.38,93100.0,26.11,2500,26.18,6100,-1.06,26.38,26.11,93100,2450000.0,0.06,1.02,43.61,64.79,31.67,21.11,3.34
雪人集团,sz002639,20.0,20.18,19.98,922500.0,20.0,4400,20.01,1400,-0.89,20.02,19.94,922500,18430000.0,0.14,0.4,130.12,154.52,22.2,18.16,2.72
联建光电,sz300269,8.25,8.19,8.22,430700.0,8.25,5300,8.27,16500,0.73,8.27,8.18,430700,3540000.0,0.08,1.1,43.37,45.3,9.83,6.55,1.74
花溪科技,bj920895,19.79,19.79,19.79,4400.0,19.7,3600,19.79,1400,0.0,19.79,19.78,4400,86100.0,0.02,0.05,5.69,11.19,25.72,13.86,1.62
香飘飘,sh603711,13.43,13.42,13.42,33100.0,13.43,900,13.49,1500,0.07,13.43,13.39,33100,440000.0,0.01,0.3,55.45,55.45,14.76,12.08,2.02
凤形股份,sz002760,23.77,23.71,23.71,20900.0,23.75,600,23.77,2300,0.25,23.83,23.71,20900,500000.0,0.02,0.51,25.67,25.67,26.08,21.34,1.89
安车检测,sz300572,28.1,28.15,28.0,161000.0,28.01,300,28.11,1200,-0.18,28.19,27.95,161000,4510000.0,0.09,0.85,51.59,64.35,33.78,22.52,3.68
泰永长征,sz002927,19.53,19.79,19.6,369600.0,19.53,300,19.56,300,-1.31,19.79,19.48,369600,7230000.0,0.17,1.57,43.11,43.59,21.77,17.81,13.83
谱尼测试,sz300887,11.96,11.5,11.83,1053400.0,11.92,6100,11.96,3800,4.0,11.96,11.78,1053400,12500000.0,0.29,1.57,43.32,65.27,13.8,9.2,19.13
汇绿生态,sz001267,29.38,29.97,29.49,1157200.0,29.39,100,29.4,341500,-1.97,29.49,29.16,1157200,34000000.0,0.19,1.1,178.09,230.68,32.97,26.97,6.1
四方精创,sz300468,33.72,33.5,33.41,186700.0,33.72,2100,33.73,2200,0.66,33.72,33.3,186700,6250000.0,0.04,1.25,178.65,178.93,40.2,26.8,1.47
梅安森,sz300275,12.58,12.62,12.58,52800.0,12.58,9200,12.64,10500,-0.32,12.64,12.58,52800,660000.0,0.02,0.48,34.15,38.75,15.14,10.1,2.11
锦泓集团,sh603518,9.91,9.92,9.92,42700.0,9.89,800,9.91,11800,-0.1,9.95,9.9,42700,420000.0,0.01,0.5,34.1,34.22,10.91,8.93,1.16
智新电子,bj920212,13.76,13.68,13.76,2800.0,13.76,100,13.77,700,0.58,13.77,13.73,2800,38200.0,0.01,0.29,7.09,14.6,17.78,9.58,1.23
铭普光磁,sz002902,21.03,21.07,21.05,82800.0,21.03,1000,21.04,10100,-0.19,21.1,21.01,82800,1740000.0,0.05,0.43,37.36,49.42,23.18,18.96,3.88
龙元建设,sh600491,3.28,3.28,3.3,396700.0,3.27,9100,3.28,26400,0.0,3.3,3.26,396700,1310000.0,0.03,1.22,50.18,50.18,3.61,2.95,3.73
如意集团,sz002193,6.9,6.89,6.89,217300.0,6.91,400,6.98,12400,0.15,7.02,6.81,217300,1500000.0,0.08,3.05,18.06,18.06,7.58,6.2,3.46
芭薇股份,bj920123,15.04,14.99,15.04,7200.0,15.0,3800,15.06,700,0.33,15.07,15.04,7200,108300.0,0.01,0.2,9.57,16.78,19.48,10.5,0.69
夜光明,bj920527,18.03,18.0,18.15,10000.0,18.03,400,18.1,600,0.17,18.16,18.03,10000,180700.0,0.03,0.72,6.54,10.83,23.4,12.6,3.09
豪悦护理,sh605009,30.81,30.71,30.8,4400.0,30.81,400,30.87,1000,0.33,30.88,30.8,4400,140000.0,0.0,0.26,66.25,66.26,33.78,27.64,0.73
中海达,sz300177,9.66,9.63,9.68,90700.0,9.66,300,9.67,5400,0.31,9.71,9.66,90700,880000.0,0.01,0.52,58.57,71.89,11.56,7.7,1.51
美邦服饰,sz002269,1.88,1.85,1.86,5904800.0,1.87,447700,1.88,439300,1.62,1.88,1.86,5904800,11030000.0,0.24,1.08,47.23,47.23,2.04,1.67,23.56
日月明,sz300906,36.13,36.01,36.09,6700.0,36.13,100,36.2,300,0.33,36.25,36.09,6700,240000.0,0.01,0.44,26.08,28.9,43.21,28.81,1.2
兴民智通,sz002355,6.77,6.79,6.79,468500.0,6.77,25600,6.78,8700,-0.29,6.81,6.76,468500,3180000.0,0.08,0.74,41.85,45.26,7.47,6.11,1.52
均瑶健康,sh605388,6.93,6.91,6.91,35600.0,6.92,12100,6.93,1700,0.29,6.93,6.91,35600,250000.0,0.01,0.29,41.61,41.61,7.6,6.22,2.01
中天服务,sz002188,7.1,7.06,7.06,152500.0,7.09,10600,7.1,500,0.57,7.12,7.06,152500,1080000.0,0.06,0.85,18.27,23.22,7.77,6.35,2.6
福龙马,sh603686,24.3,24.18,24.43,1228200.0,24.07,200,24.3,1800,0.5,24.6,24.07,1228200,30020000.0,0.3,2.19,100.95,100.95,26.6,21.76,8.63
步科股份,sh688160,129.28,130.31,129.6,1068000.0,129.14,200,129.28,200,-0.79,129.93,129.18,1068000,1380000.0,0.01,0.58,117.43,117.43,156.37,104.25,1.03
桂林旅游,sz000978,7.06,7.03,7.08,218800.0,7.05,10300,7.06,31200,0.43,7.08,7.04,218800,1550000.0,0.05,0.57,33.05,33.05,7.73,6.33,4.42
桂冠电力,sh600236,8.55,8.56,8.56,47300.0,8.55,48700,8.56,50400,-0.12,8.57,8.55,47300,400000.0,0.0,0.23,673.94,673.94,9.42,7.7,0.72
家家悦,sh603708,12.75,12.6,12.75,165300.0,12.72,8300,12.74,1400,1.19,12.78,12.66,165300,2110000.0,0.03,0.95,81.39,81.39,13.86,11.34,2.8
首旅酒店,sh600258,16.64,16.54,16.54,136400.0,16.62,25900,16.64,100,0.6,16.67,16.54,136400,2260000.0,0.01,0.79,185.8,185.8,18.19,14.89,1.62
*ST金泰,sz300225,4.93,4.99,4.88,455900.0,4.91,12600,4.93,1500,-1.2,4.96,4.88,455900,2230000.0,0.1,1.6,23.42,23.44,5.99,3.99,19.25
科博达,sh603786,68.5,68.9,68.9,1800.0,68.5,400,68.62,500,-0.58,68.9,68.5,1800,120000.0,0.0,0.58,276.64,276.64,75.79,62.01,0.22
晓鸣股份,sz300967,20.21,20.14,20.2,83400.0,20.22,1500,20.23,2400,0.35,20.25,20.16,83400,1690000.0,0.07,0.45,25.21,37.91,24.17,16.11,2.03
启明信息,sz002232,19.0,19.0,19.0,27900.0,18.95,1100,18.96,200,0.0,19.0,18.95,27900,530000.0,0.01,0.26,77.62,77.62,20.9,17.1,1.57
邵阳液压,sz301079,41.74,41.61,41.63,94400.0,41.66,500,41.74,4600,0.31,41.99,41.63,94400,3930000.0,0.14,0.87,29.02,45.47,49.93,33.29,2.28
大众公用,sh600635,6.18,6.2,6.18,396900.0,6.18,200700,6.19,700,-0.32,6.19,6.18,396900,2450000.0,0.02,0.16,149.48,182.46,6.82,5.58,3.07
华夏幸福,sh600340,1.63,1.61,1.63,6143400.0,1.62,1141300,1.63,461700,1.24,1.64,1.61,6143400,10010000.0,0.16,1.86,63.46,63.79,1.77,1.45,10.22
顾地科技,sz002694,3.24,3.2,3.21,602600.0,3.24,7600,3.25,37400,1.25,3.25,3.21,602600,1940000.0,0.08,1.25,23.29,24.72,3.52,2.88,9.02
长盈精密,sz300115,39.62,40.08,40.08,737800.0,39.6,300,39.62,45500,-1.15,40.09,39.59,737800,29500000.0,0.05,1.25,537.59,539.18,48.1,32.06,3.11
优刻得-W,sh688158,45.68,45.05,44.88,376558200.0,45.16,500,45.68,1700,1.4,45.8,44.88,376558200,169550000.0,0.93,2.04,185.22,208.44,54.06,36.04,15.61
尚纬股份,sh603333,8.06,8.06,8.06,32200.0,8.06,2500,8.11,1000,0.0,8.06,8.02,32200,260000.0,0.01,0.5,50.1,50.1,8.87,7.25,1.37
启迪环境,sz000826,2.28,2.28,2.28,224100.0,2.27,96000,2.28,389600,0.0,2.28,2.27,224100,510000.0,0.02,0.44,32.49,32.5,2.51,2.05,1.26
振芯科技,sz300101,28.36,28.68,28.52,288800.0,28.32,1400,28.34,300,-1.12,28.6,28.32,288800,8220000.0,0.05,0.98,160.53,161.06,34.42,22.94,3.11
高新兴,sz300098,6.18,6.19,6.19,547800.0,6.18,15000,6.2,209300,-0.16,6.19,6.17,547800,3390000.0,0.04,0.32,95.28,107.39,7.43,4.95,2.78
腾达科技,sz001379,23.95,24.08,24.0,42000.0,23.89,100,23.9,300,-0.54,24.0,23.9,42000,1010000.0,0.06,0.42,16.12,47.9,26.49,21.67,2.66
慧为智能,bj920876,26.32,26.5,26.5,10600.0,26.26,4400,26.32,100,-0.68,26.5,26.32,10600,280000.0,0.03,0.68,10.15,16.89,34.45,18.55,2.78
大名城,sh600094,4.9,4.91,4.86,147400.0,4.89,5100,4.9,33500,-0.2,4.9,4.86,147400,720000.0,0.01,0.81,104.19,113.92,5.4,4.42,1.94
金溢科技,sz002869,22.81,22.83,22.71,25200.0,22.74,1500,22.81,2000,-0.09,22.83,22.71,25200,570000.0,0.02,0.53,35.93,40.35,25.11,20.55,2.59
恒太照明,bj920339,9.65,9.65,9.64,52900.0,9.63,3300,9.64,1000,0.0,9.65,9.63,52900,509700.0,0.03,0.21,14.59,21.25,12.54,6.76,18.05
科隆新材,bj920098,29.9,29.8,29.83,32100.0,29.9,9200,29.97,1600,0.34,29.9,29.83,32100,958400.0,0.06,0.23,16.5,24.31,38.74,20.86,7.03
永辉超市,sh601933,4.38,4.35,4.36,1026000.0,4.38,11700,4.39,216200,0.69,4.38,4.36,1026000,4480000.0,0.01,0.46,397.49,397.49,4.79,3.92,1.2
航发科技,sh600391,49.88,49.71,49.88,172800.0,49.7,300,49.88,4600,0.34,50.0,49.56,172800,8620000.0,0.05,0.89,164.67,164.67,54.68,44.74,1.54
方正电机,sz002196,17.34,17.35,17.21,751200.0,17.32,2300,17.33,300,-0.06,17.35,17.21,751200,12950000.0,0.15,0.81,84.67,85.98,19.09,15.62,2.51
金沃股份,sz300984,73.32,73.77,73.91,18300.0,73.3,1100,73.33,100,-0.61,74.65,73.31,18300,1350000.0,0.02,1.82,56.8,90.38,88.52,59.02,2.2
佳华科技,sh688051,36.55,36.68,36.54,290000.0,36.56,200,36.59,300,-0.35,36.55,36.54,290000,110000.0,0.0,0.03,28.27,28.27,44.02,29.34,0.81
百利电气,sh600468,7.34,7.44,7.31,501000.0,7.32,214800,7.34,42500,-1.34,7.35,7.3,501000,3660000.0,0.05,0.67,79.84,79.84,8.18,6.7,4.89
香江控股,sh600162,1.89,1.89,1.89,340400.0,1.89,273800,1.9,718400,0.0,1.9,1.89,340400,640000.0,0.01,0.53,61.77,61.77,2.08,1.7,2.1
骏创科技,bj920533,30.15,29.8,29.88,39400.0,30.15,700,30.23,1200,1.17,30.23,29.88,39400,1180100.0,0.05,1.17,22.01,39.42,38.74,20.86,2.34
海联金汇,sz002537,9.25,9.21,9.23,884700.0,9.26,6200,9.28,46000,0.43,9.28,9.21,884700,8180000.0,0.08,0.76,108.15,108.6,10.13,8.29,3.66
兴源环境,sz300266,2.51,2.5,2.5,109300.0,2.5,236300,2.51,91400,0.4,2.51,2.5,109300,270000.0,0.01,0.4,38.98,39.0,3.0,2.0,1.33
精艺股份,sz002295,11.74,11.72,11.65,39800.0,11.71,6900,11.72,600,0.17,11.83,11.65,39800,470000.0,0.02,1.54,29.38,29.42,12.89,10.55,2.35
众望布艺,sh605003,33.12,33.23,33.25,1900.0,32.97,200,33.12,7600,-0.33,33.25,33.12,1900,60000.0,0.0,0.39,36.43,36.43,36.55,29.91,0.3
国新健康,sz000503,9.44,9.43,9.41,158800.0,9.44,3000,9.45,37600,0.11,9.44,9.4,158800,1500000.0,0.02,0.42,92.44,92.44,10.37,8.49,3.57
全 聚 德,sz002186,11.72,11.64,11.67,218100.0,11.72,3300,11.73,56200,0.69,11.73,11.66,218100,2550000.0,0.07,0.6,35.92,35.97,12.8,10.48,5.02
麦迪科技,sh603990,14.99,15.04,14.96,37900.0,14.99,4900,15.0,2000,-0.33,15.03,14.96,37900,570000.0,0.01,0.47,45.91,45.91,16.54,13.54,1.46
天顺股份,sz002800,20.09,19.86,20.02,216900.0,20.09,300,20.12,23800,1.16,20.2,20.0,216900,4350000.0,0.15,1.01,28.14,30.59,21.85,17.87,4.82
华峰化学,sz002064,12.21,12.29,12.21,232500.0,12.2,6400,12.21,118800,-0.65,12.28,12.2,232500,2840000.0,0.0,0.65,604.22,605.93,13.52,11.06,1.42
万隆光电,sz300710,31.44,31.42,31.59,26200.0,31.36,100,31.44,100,0.06,31.59,31.44,26200,830000.0,0.04,0.48,23.45,31.28,37.7,25.14,1.32
*ST亚太,sz000691,8.55,8.57,8.57,441300.0,8.53,3100,8.54,700,-0.23,8.57,8.5,441300,3780000.0,0.14,0.82,27.64,41.46,9.0,8.14,13.72
首都在线,sz300846,35.43,33.76,34.43,7488400.0,35.41,1300,35.43,13000,4.95,35.78,34.43,7488400,260830000.0,1.91,4.0,139.04,178.18,40.51,27.01,23.96
大禹生物,bj920970,8.01,7.92,8.02,5100.0,7.92,5800,8.01,73800,1.14,8.02,7.91,5100,40800.0,0.01,1.39,5.61,8.88,10.29,5.55,1.06
澄天伟业,sz300689,49.1,50.12,50.12,164700.0,49.03,2800,49.1,1100,-2.04,50.12,49.1,164700,8230000.0,0.16,2.04,49.68,56.76,60.14,40.1,6.35
北辰实业,sh601588,1.87,1.87,1.86,250400.0,1.87,136600,1.88,266700,0.0,1.87,1.86,250400,470000.0,0.01,0.53,49.74,62.96,2.06,1.68,1.73
天龙股份,sh603266,21.29,21.14,21.3,26300.0,21.22,2100,21.26,1000,0.71,21.31,21.21,26300,560000.0,0.01,0.47,42.34,42.34,23.25,19.03,2.29
金陵饭店,sh601007,8.12,8.07,8.08,80600.0,8.11,7700,8.12,10800,0.62,8.12,8.08,80600,650000.0,0.02,0.5,31.67,31.67,8.88,7.26,1.87
金石亚药,sz300434,10.67,10.64,10.62,64900.0,10.64,16900,10.66,700,0.28,10.68,10.61,64900,690000.0,0.02,0.66,36.5,42.87,12.77,8.51,2.19
跨境通,sz002640,3.97,3.95,3.95,794800.0,3.96,4400,3.97,1400,0.51,3.98,3.95,794800,3140000.0,0.05,0.76,61.47,61.85,4.35,3.56,4.45
瑞奇智造,bj920781,9.02,8.89,8.89,13300.0,8.99,5000,9.02,900,1.46,9.02,8.89,13300,118800.00000000001,0.01,1.46,9.21,13.94,11.55,6.23,2.23
东信和平,sz002017,22.44,22.45,22.4,301100.0,22.43,7100,22.44,6400,-0.04,22.44,22.35,301100,6740000.0,0.05,0.4,130.17,130.25,24.7,20.21,5.62
科润智控,bj920062,12.11,12.14,12.01,341000.0,12.12,1000,12.13,3200,-0.25,12.14,11.88,341000,4094100.0000000005,0.26,2.14,16.15,22.85,15.78,8.5,8.78
瑞贝卡,sh600439,2.79,2.78,2.79,141200.0,2.79,65700,2.8,77600,0.36,2.8,2.79,141200,390000.0,0.01,0.36,31.58,31.58,3.06,2.5,1.95
天箭科技,sz002977,31.36,31.44,31.44,124100.0,31.35,1200,31.41,12300,-0.25,31.5,31.35,124100,3900000.0,0.19,0.48,20.89,37.67,34.58,28.3,8.1
金陵体育,sz300651,26.93,26.58,26.55,77900.0,26.93,5900,26.98,400,1.32,26.98,26.45,77900,2080000.0,0.09,1.99,23.55,38.03,31.9,21.26,3.28
森鹰窗业,sz301227,37.35,37.2,37.53,32900.0,37.32,2900,37.4,1100,0.4,37.69,37.35,32900,1240000.0,0.1,0.91,12.67,35.57,44.64,29.76,3.92
*ST赛隆,sz002898,11.25,11.28,11.26,5400.0,11.14,10100,11.2,400,-0.27,11.26,11.25,5400,60000.0,0.01,0.09,11.39,19.8,11.84,10.72,0.63
中天科技,sh600522,24.88,25.21,24.92,2710900.0,24.85,100,24.88,9500,-1.31,24.98,24.68,2710900,67440000.0,0.08,1.19,849.14,849.14,27.73,22.69,3.48
迅游科技,sz300467,34.11,34.06,34.07,46100.0,34.1,5700,34.11,2200,0.15,34.5,34.05,46100,1570000.0,0.03,1.32,57.49,69.31,40.87,27.25,2.04
建设机械,sh600984,4.29,4.17,4.25,1973000.0,4.29,59300,4.3,9300,2.88,4.3,4.25,1973000,8410000.0,0.16,1.2,53.93,53.93,4.59,3.75,11.73
许昌智能,bj920496,10.4,10.43,10.44,22000.0,10.4,1000,10.43,1200,-0.29,10.44,10.4,22000,229200.00000000003,0.02,0.38,15.08,17.22,13.55,7.31,2.1
嘉诚国际,sh603535,9.95,9.95,9.95,17700.0,9.94,4700,9.95,22300,0.0,9.95,9.95,17700,180000.0,0.0,0.0,50.84,50.84,10.95,8.96,1.14
汇成股份,sh688403,18.59,18.78,18.61,10140600.0,18.56,3000,18.57,1200,-1.01,18.63,18.56,10140600,1890000.0,0.01,0.37,161.54,161.54,22.54,15.02,0.79
金信诺,sz300252,14.94,15.01,14.91,362500.0,14.94,17400,14.95,3800,-0.47,14.97,14.89,362500,5400000.0,0.06,0.53,83.48,98.93,18.01,12.01,3.55
新国都,sz300130,27.18,27.25,27.22,106400.0,27.21,1900,27.24,300,-0.26,27.25,27.17,106400,2900000.0,0.02,0.29,118.0,154.19,32.7,21.8,2.13
科信技术,sz300565,13.05,13.09,13.01,69300.0,13.05,1200,13.06,2700,-0.31,13.07,13.01,69300,900000.0,0.03,0.46,29.78,32.59,15.71,10.47,1.74
云中马,sh603130,49.13,48.86,49.25,11600.0,48.93,100,49.13,400,0.55,49.25,48.93,11600,570000.0,0.01,0.65,67.56,67.56,53.75,43.97,1.3
晨光电缆,bj920639,8.7,8.66,8.64,1000.0,8.66,4200,8.69,2600,0.46,8.7,8.64,1000,8700.0,0.0,0.69,10.21,17.54,11.25,6.07,0.08
上工申贝,sh600843,11.21,11.2,11.25,128100.0,11.2,6200,11.21,2500,0.09,11.25,11.2,128100,1440000.0,0.03,0.45,52.6,79.95,12.32,10.08,2.84
济高发展,sh600807,3.29,3.29,3.29,170500.0,3.28,130200,3.29,51100,0.0,3.29,3.28,170500,560000.0,0.02,0.3,25.89,29.1,3.62,2.96,2.54
康比特,bj920429,15.11,15.09,15.11,16700.0,15.11,1900,15.15,4200,0.13,15.15,15.11,16700,252500.0,0.01,0.27,17.15,18.81,19.61,10.57,4.51
西部牧业,sz300106,11.46,11.33,11.4,256300.0,11.45,200,11.46,700,1.15,11.46,11.26,256300,2910000.0,0.12,1.77,24.22,24.22,13.6,9.06,6.76
友阿股份,sz002277,7.09,7.08,7.09,159600.0,7.1,20000,7.11,46700,0.14,7.13,7.08,159600,1130000.0,0.01,0.71,98.85,98.85,7.79,6.37,1.2
中国铀业,sz001280,91.66,92.64,91.3,580000.0,91.45,200,91.67,6800,-1.06,91.68,90.98,580000,52930000.0,0.37,0.76,144.9,1895.7,101.9,83.38,6.82
祥源文旅,sh600576,6.7,6.68,6.69,146300.0,6.69,54700,6.7,10100,0.3,6.74,6.69,146300,980000.0,0.02,0.75,44.25,70.65,7.35,6.01,1.35
常辅股份,bj920396,33.65,33.55,33.87,20000.0,33.65,100,33.8,1100,0.3,33.87,33.64,20000,675300.0,0.04,0.69,17.27,24.3,43.61,23.49,3.41
技源集团,sh603262,27.53,27.56,27.57,5200.0,27.53,300,27.56,1600,-0.11,27.57,27.52,5200,140000.0,0.01,0.18,11.01,110.12,30.32,24.8,1.38
长白山,sh603099,41.15,40.63,41.19,81700.0,41.13,900,41.15,11500,1.28,41.19,41.0,81700,3360000.0,0.03,0.47,109.73,112.07,44.69,36.57,3.42
优机股份,bj920943,24.91,24.97,25.15,8500.0,24.91,1500,25.02,100,-0.24,25.15,24.91,8500,211900.0,0.02,0.96,12.91,25.29,32.46,17.48,2.3
全信股份,sz300447,20.44,20.22,20.26,142600.0,20.45,2700,20.46,8400,1.09,20.46,20.26,142600,2890000.0,0.07,0.99,41.14,63.84,24.26,16.18,2.08
大地海洋,sz301068,27.07,27.06,27.17,4300.0,27.07,1100,27.09,400,0.04,27.17,27.07,4300,120000.0,0.0,0.37,27.28,38.25,32.47,21.65,1.47
恒逸石化,sz000703,12.96,13.2,13.01,393300.0,12.92,6500,12.96,6300,-1.82,13.05,12.92,393300,5110000.0,0.01,0.98,464.4,466.9,14.52,11.88,2.31
华是科技,sz301218,36.46,36.67,36.43,100200.0,36.45,3600,36.46,300,-0.57,36.8,36.43,100200,3650000.0,0.14,1.01,25.55,41.58,44.0,29.34,2.74
美硕科技,sz301295,33.71,33.9,33.91,12300.0,33.71,900,33.74,1500,-0.56,34.05,33.63,12300,420000.0,0.04,1.24,9.91,33.98,40.68,27.12,1.8
拉卡拉,sz300773,27.19,26.94,27.05,708500.0,27.2,1800,27.21,600,0.93,27.26,27.01,708500,19210000.0,0.1,0.93,199.73,211.18,32.33,21.55,3.51
*ST云创,bj920305,8.88,9.02,8.15,673600.0,8.88,2100,8.9,7000,-1.55,8.9,8.14,673600,5555500.0,0.83,8.43,7.2,11.75,11.72,6.32,13.11
新晨科技,sz300542,18.56,18.48,18.49,43900.0,18.55,5400,18.56,22900,0.43,18.56,18.48,43900,810000.0,0.02,0.43,45.97,55.41,22.18,14.78,2.78
云南旅游,sz002059,5.29,5.24,5.28,301700.0,5.29,1400,5.3,31100,0.95,5.3,5.28,301700,1590000.0,0.03,0.38,52.0,53.56,5.76,4.72,4.45
南 京 港,sz002040,10.4,10.4,10.46,166200.0,10.4,1900,10.41,1400,0.0,10.5,10.4,166200,1740000.0,0.03,0.96,50.55,50.75,11.44,9.36,4.07
科蓝软件,sz300663,17.15,17.11,17.04,66900.0,17.15,20500,17.19,3100,0.23,17.15,17.04,66900,1140000.0,0.01,0.64,78.47,82.05,20.53,13.69,1.77
ST葫芦娃,sh605199,6.71,6.75,6.72,149700.0,6.72,7500,6.74,300,-0.59,6.72,6.69,149700,1000000.0,0.04,0.44,26.85,26.85,7.09,6.41,10.74
迪尔化工,bj920304,13.58,13.5,13.55,38500.0,13.56,700,13.57,1500,0.59,13.61,13.55,38500,522400.0,0.03,0.44,18.53,22.04,17.55,9.45,2.33
德昌股份,sh605555,18.5,18.63,18.48,111500.0,18.5,400,18.51,100,-0.7,18.7,18.48,111500,2060000.0,0.02,1.18,89.55,89.55,20.49,16.77,2.34
海川智能,sz300720,32.08,32.23,32.19,34200.0,32.08,2200,32.15,1000,-0.47,32.19,32.08,34200,1100000.0,0.02,0.34,56.03,62.52,38.68,25.78,2.57
数字人,bj920670,19.58,19.4,19.8,178200.0,19.55,500,19.58,7200,0.93,19.8,19.58,178200,3518900.0,0.27,1.13,13.05,20.79,25.22,13.58,4.77
*ST绿康,sz002868,37.67,37.3,37.32,12900.0,37.38,900,37.67,5800,0.99,37.67,37.32,12900,480000.0,0.01,0.94,58.03,58.55,39.17,35.44,2.31
森远股份,sz300210,10.11,10.08,10.06,130900.0,10.1,1200,10.11,400,0.3,10.12,10.02,130900,1320000.0,0.03,0.99,48.91,48.95,12.1,8.06,2.84
殷图网联,bj920508,23.11,23.03,23.17,11800.0,23.03,700,23.11,1100,0.35,23.17,23.03,11800,272700.0,0.04,0.61,7.37,13.87,29.93,16.13,6.27
新奥股份,sh600803,19.23,19.23,19.28,40200.0,19.22,1200,19.23,2700,0.0,19.28,19.23,40200,770000.0,0.0,0.26,590.69,595.32,21.15,17.31,1.5
云里物里,bj920374,24.43,24.4,24.4,1100.0,24.44,1200,24.79,1300,0.12,24.43,24.4,1100,26300.0,0.0,0.12,8.33,19.91,31.72,17.08,0.6
创源股份,sz300703,28.12,27.71,28.05,275200.0,28.13,7400,28.15,400,1.48,28.17,27.9,275200,7720000.0,0.16,0.97,47.71,50.73,33.25,22.17,5.94
景兴纸业,sz002067,5.78,5.74,5.78,2242000.0,5.78,21500,5.8,311800,0.7,5.79,5.73,2242000,12950000.0,0.17,1.05,77.31,85.25,6.31,5.17,6.44
泰尔股份,sz002347,9.87,9.66,9.85,1319100.0,9.87,2800,9.88,23900,2.17,10.0,9.68,1319100,13000000.0,0.27,3.31,48.7,49.81,10.63,8.69,11.4
百大集团,sh600865,12.8,12.72,12.78,357600.0,12.8,2000,12.84,600,0.63,12.84,12.74,357600,4570000.0,0.1,0.79,48.16,48.16,13.99,11.45,3.42
马可波罗,sz001386,24.3,24.28,24.28,126000.0,24.3,3100,24.32,700,0.08,24.39,24.28,126000,3060000.0,0.13,0.45,23.78,290.37,26.71,21.85,1.97
雷科防务,sz002413,13.89,13.77,13.82,1605700.0,13.88,40100,13.89,97400,0.87,13.91,13.82,1605700,22230000.0,0.12,0.65,179.94,183.26,15.15,12.39,1.56
路德科技,sh688156,19.75,19.7,19.75,1376900.0,19.75,100,19.76,500,0.25,19.77,19.7,1376900,270000.0,0.01,0.36,19.89,19.89,23.64,15.76,2.51
路畅科技,sz002813,28.33,28.33,28.38,13000.0,28.33,200,28.34,16600,0.0,28.38,28.33,13000,370000.0,0.01,0.18,33.96,34.0,31.16,25.5,1.69
同德化工,sz002360,5.66,5.74,5.8,1184800.0,5.65,18500,5.66,34400,-1.39,5.86,5.65,1184800,6850000.0,0.36,3.66,18.54,22.74,6.31,5.17,11.98
华尔泰,sz001217,14.9,15.55,15.29,1021200.0,14.9,100,14.97,4800,-4.18,15.37,14.85,1021200,15500000.0,0.31,3.34,48.96,49.45,17.11,14.0,7.43
路斯股份,bj920419,15.27,15.23,15.38,5400.0,15.28,100,15.34,3500,0.26,15.38,15.27,5400,83000.0,0.01,0.72,14.75,15.77,19.79,10.67,1.95
晶雪节能,sz301010,22.68,22.61,22.75,24900.0,22.67,100,22.68,5900,0.31,22.75,22.67,24900,570000.0,0.02,0.35,24.49,24.49,27.13,18.09,2.65
海航科技,sh600751,4.3,4.33,4.34,1256200.0,4.3,34100,4.31,1700,-0.69,4.35,4.29,1256200,5430000.0,0.05,1.39,110.65,124.67,4.76,3.9,2.32
申达股份,sh600626,4.85,4.86,4.84,99200.0,4.84,25500,4.85,6000,-0.21,4.86,4.83,99200,480000.0,0.01,0.62,53.74,64.06,5.35,4.37,2.05
三丰智能,sz300276,8.67,8.66,8.68,321100.0,8.67,400,8.68,51600,0.12,8.68,8.65,321100,2780000.0,0.03,0.35,91.65,121.47,10.39,6.93,4.44
中天精装,sz002989,27.7,27.7,27.58,77100.0,27.7,200,27.72,200,0.0,27.8,27.58,77100,2130000.0,0.04,0.79,50.78,55.85,30.47,24.93,6.67
御银股份,sz002177,8.55,8.33,8.45,4343900.0,8.53,8900,8.55,59200,2.64,8.55,8.45,4343900,36810000.0,0.64,1.2,57.71,65.08,9.16,7.5,8.66
铂力特,sh688333,103.67,104.05,103.53,7851100.0,103.64,2500,103.67,0,-0.37,104.05,103.53,7851100,8140000.0,0.03,0.5,284.39,284.39,124.86,83.24,2.82
ST新华锦,sh600735,6.68,6.83,6.63,1240500.0,6.68,16600,6.7,53700,-2.2,6.7,6.62,1240500,8230000.0,0.29,1.17,28.42,28.64,7.17,6.49,19.76
长城电工,sh600192,9.45,9.49,9.45,91000.0,9.43,9300,9.48,13500,-0.42,9.45,9.43,91000,860000.0,0.02,0.21,41.75,41.75,10.44,8.54,2.83
*ST天龙,sz300029,5.5,5.37,5.46,298500.0,5.48,1400,5.5,1600,2.42,5.52,5.45,298500,1640000.0,0.15,1.3,11.02,11.03,6.44,4.3,16.66
巨轮智能,sz002031,7.72,7.7,7.7,505400.0,7.72,10800,7.73,2000,0.26,7.74,7.69,505400,3890000.0,0.03,0.65,149.67,169.79,8.47,6.93,2.41
仁度生物,sh688193,54.1,54.1,54.0,894200.0,54.01,400,54.36,200,0.0,54.36,54.0,894200,480000.0,0.02,0.67,21.68,21.68,64.92,43.28,4.45
帝科股份,sz300842,117.85,119.25,119.0,363900.0,117.85,11200,117.95,2100,-1.17,119.8,117.26,363900,43210000.0,0.28,2.13,152.78,171.21,143.1,95.4,6.71
骏亚科技,sh603386,14.72,14.72,14.66,22000.0,14.72,200,14.75,22300,0.0,14.72,14.66,22000,320000.0,0.01,0.41,48.03,48.03,16.19,13.25,0.92
百洋股份,sz002696,7.45,7.39,7.46,190300.0,7.45,1700,7.46,29200,0.81,7.47,7.4,190300,1420000.0,0.06,0.95,24.92,25.8,8.13,6.65,6.5
凤凰航运,sz000520,4.55,4.55,4.56,186700.0,4.55,11100,4.56,53300,0.0,4.56,4.55,186700,850000.0,0.02,0.22,46.05,46.05,5.01,4.1,2.12
太湖雪,bj920262,24.87,24.68,24.87,2600.0,24.7,1600,24.84,1200,0.77,24.87,24.73,2600,63600.0,0.01,0.57,7.76,17.19,32.08,17.28,0.68
七丰精工,bj920169,37.4,37.22,37.55,26100.0,37.4,5600,37.5,700,0.48,37.55,37.4,26100,979700.0,0.05,0.4,19.0,30.22,48.38,26.06,1.31
中科星图,sh688568,66.14,66.42,66.25,7228000.0,66.1,800,66.14,200,-0.42,66.25,66.1,7228000,4790000.0,0.01,0.23,534.46,534.46,79.7,53.14,1.34
一品红,sz300723,33.79,33.6,33.66,57800.0,33.79,1300,33.8,10300,0.57,33.79,33.62,57800,1950000.0,0.01,0.51,141.13,152.63,40.32,26.88,1.86
盖世食品,bj920826,12.92,12.79,12.87,40800.0,12.9,200,12.92,700,1.02,12.92,12.86,40800,526200.0,0.07,0.47,8.07,18.15,16.62,8.96,3.15
坤恒顺维,sh688283,49.35,49.15,48.76,226200.0,48.86,6100,49.35,100,0.41,49.35,48.76,226200,110000.0,0.0,1.2,60.11,60.11,58.98,39.32,0.44
美之高,bj920765,18.25,18.14,18.2,2600.0,18.25,1500,18.29,5100,0.61,18.25,18.2,2600,47400.0,0.0,0.28,9.64,15.86,23.58,12.7,0.54
天奥电子,sz002935,21.33,21.35,21.43,65200.0,21.33,10600,21.35,700,-0.09,21.43,21.33,65200,1400000.0,0.02,0.47,88.54,90.46,23.49,19.22,1.76
美凯龙,sh601828,2.59,2.58,2.59,665200.0,2.59,129900,2.6,4677900,0.39,2.59,2.58,665200,1720000.0,0.02,0.39,93.59,112.79,2.84,2.32,7.3
龙溪股份,sh600592,23.89,23.9,23.75,24400.0,23.8,1600,23.89,900,-0.04,23.9,23.75,24400,580000.0,0.01,0.63,95.45,95.45,26.29,21.51,0.68
风范股份,sh601700,5.76,5.81,5.7,709400.0,5.76,33600,5.78,26600,-0.86,5.78,5.7,709400,4060000.0,0.06,1.38,65.79,65.79,6.39,5.23,5.8
百亚股份,sz003006,21.65,21.76,21.65,15200.0,21.69,100,21.7,2800,-0.51,21.72,21.65,15200,330000.0,0.0,0.32,92.79,93.02,23.94,19.58,0.78
积成电子,sz002339,12.05,12.27,12.08,966800.0,12.05,50400,12.06,8700,-1.79,12.19,12.05,966800,11680000.0,0.2,1.14,57.69,60.74,13.5,11.04,3.23
松井股份,sh688157,36.7,36.98,36.98,350000.0,36.7,3600,36.97,7700,-0.76,36.98,36.7,350000,130000.0,0.0,0.76,57.41,57.41,44.38,29.58,0.61
烽火通信,sh600498,43.86,43.37,43.01,1433300.0,43.86,100,43.95,2000,1.13,44.0,43.01,1433300,61810000.0,0.11,2.28,557.73,595.69,47.71,39.03,2.63
天罡股份,bj920651,36.51,36.47,36.64,200.0,36.33,3000,36.63,700,0.11,36.64,36.51,200,7300.0,0.0,0.36,5.58,22.27,47.41,25.53,0.09
ST易联众,sz300096,7.94,7.84,7.95,137500.0,7.91,7400,7.94,2500,1.28,7.99,7.94,137500,1090000.0,0.03,0.64,34.14,34.14,9.41,6.27,8.17
电科芯片,sh600877,19.31,19.34,19.24,302500.0,19.27,1500,19.31,4100,-0.16,19.32,19.21,302500,5820000.0,0.03,0.57,228.64,228.64,21.27,17.41,2.05
达利凯普,sz301566,22.61,22.82,22.6,176200.0,22.59,1100,22.61,2000,-0.92,22.73,22.55,176200,3980000.0,0.08,0.79,46.92,90.44,27.38,18.26,3.21
中马传动,sh603767,21.3,21.3,21.31,17300.0,21.25,1800,21.28,100,0.0,21.39,21.21,17300,370000.0,0.01,0.85,65.74,65.74,23.43,19.17,1.42
华依科技,sh688071,44.5,44.42,45.34,13429700.0,44.5,8200,44.53,700,0.18,45.38,44.5,13429700,6070000.0,0.16,1.98,37.73,37.73,53.3,35.54,6.38
好太太,sh603848,17.93,17.96,17.94,28900.0,17.93,2100,17.94,5200,-0.17,17.94,17.93,28900,520000.0,0.01,0.06,72.15,72.15,19.76,16.16,1.08
金龙汽车,sh600686,18.21,18.3,18.28,73100.0,18.2,38900,18.21,5800,-0.49,18.28,18.21,73100,1330000.0,0.01,0.38,130.57,130.57,20.13,16.47,0.69
棕榈股份,sz002431,2.67,2.66,2.66,226500.0,2.66,157500,2.67,183200,0.38,2.67,2.66,226500,600000.0,0.01,0.38,48.12,48.12,2.93,2.39,1.52
泰祥股份,sz301192,32.69,32.1,32.28,40000.0,32.75,2300,32.79,400,1.84,32.69,32.28,40000,1300000.0,0.08,1.28,15.65,32.66,38.52,25.68,3.95
嘉和美康,sh688246,25.7,25.88,25.7,4028700.0,25.72,3000,25.86,1600,-0.7,25.9,25.68,4028700,1040000.0,0.03,0.85,35.36,35.36,31.06,20.7,2.43
瑞斯康达,sh603803,10.32,10.33,10.29,134700.0,10.31,2500,10.32,400,-0.1,10.43,10.28,134700,1390000.0,0.03,1.45,43.85,43.85,11.36,9.3,2.74
勘设股份,sh603458,10.42,10.45,10.39,15200.0,10.4,200,10.42,10900,-0.29,10.43,10.39,15200,160000.0,0.0,0.38,31.9,31.9,11.5,9.41,0.42
汇金股份,sz300368,12.64,12.46,12.59,451400.0,12.64,2000,12.69,30700,1.44,12.7,12.56,451400,5700000.0,0.09,1.12,66.86,66.86,14.95,9.97,7.05
司南导航,sh688592,48.14,48.17,48.18,338400.0,48.14,100,48.17,4200,-0.06,48.18,48.14,338400,160000.0,0.01,0.08,18.54,38.73,57.8,38.54,0.46
中嘉博创,sz000889,3.67,3.65,3.65,161000.0,3.66,23900,3.67,99800,0.55,3.67,3.63,161000,590000.0,0.02,1.1,31.92,34.36,4.02,3.29,1.99
初灵信息,sz300250,26.5,26.66,26.66,170700.0,26.5,2200,26.52,1500,-0.6,26.66,26.5,170700,4540000.0,0.11,0.6,41.7,56.64,31.99,21.33,2.86
中体产业,sh600158,9.68,9.69,9.69,322300.0,9.67,50000,9.68,32100,-0.1,9.73,9.68,322300,3120000.0,0.03,0.52,92.88,92.88,10.66,8.72,2.98
汇嘉时代,sh603101,9.48,9.44,9.47,23500.0,9.47,12000,9.48,1200,0.42,9.48,9.47,23500,220000.0,0.0,0.11,44.59,44.59,10.38,8.5,0.9
森麒麟,sz002984,20.88,20.99,20.92,86700.0,20.85,3200,20.88,1200,-0.52,20.93,20.83,86700,1810000.0,0.01,0.48,149.01,216.31,23.09,18.89,1.49
楚天龙,sz003040,17.93,17.91,17.98,72700.0,17.92,4900,17.93,3600,0.11,17.98,17.92,72700,1310000.0,0.02,0.34,81.91,82.68,19.7,16.12,2.86
华贸物流,sh603128,5.94,5.93,5.93,50200.0,5.93,43600,5.94,8000,0.17,5.94,5.93,50200,300000.0,0.0,0.17,77.76,77.76,6.52,5.34,1.41
丽人丽妆,sh605136,11.57,11.2,11.42,667700.0,11.57,1800,11.62,1000,3.3,11.61,11.42,667700,7680000.0,0.17,1.7,46.33,46.33,12.32,10.08,8.07
ST华闻,sz000793,2.66,2.65,2.66,154300.0,2.65,424100,2.66,35700,0.38,2.66,2.66,154300,410000.0,0.01,0.0,52.16,53.13,2.78,2.52,2.28
供销大集,sz000564,2.31,2.29,2.3,5076400.0,2.3,2286300,2.31,4732400,0.87,2.31,2.3,5076400,11680000.0,0.03,0.44,339.92,417.14,2.52,2.06,7.25
云星宇,bj920806,13.54,13.52,13.54,18700.0,13.51,5300,13.54,800,0.15,13.54,13.54,18700,253200.0,0.01,0.0,40.72,40.72,17.57,9.47,2.38
达华智能,sz002512,5.91,5.87,5.9,453000.0,5.9,10000,5.91,33700,0.68,5.93,5.88,453000,2680000.0,0.04,0.85,64.68,65.75,6.46,5.28,2.39
荣科科技,sz300290,17.57,17.48,17.55,247100.0,17.55,4300,17.57,5100,0.51,17.6,17.55,247100,4340000.0,0.04,0.29,112.37,112.4,20.98,13.98,3.02
电子城,sh600658,5.28,5.29,5.3,59000.0,5.28,2200,5.29,12800,-0.19,5.3,5.28,59000,310000.0,0.01,0.38,59.06,59.06,5.82,4.76,1.18
安泰集团,sh600408,3.72,3.72,3.72,204100.0,3.72,19300,3.73,35000,0.0,3.73,3.72,204100,760000.0,0.02,0.27,37.45,37.45,4.09,3.35,1.24
中亚股份,sz300512,10.24,10.29,10.26,99000.0,10.23,6500,10.24,2500,-0.49,10.26,10.21,99000,1010000.0,0.03,0.49,33.17,41.91,12.35,8.23,3.69
中洲特材,sz300963,19.58,19.64,19.63,68400.0,19.56,100,19.58,600,-0.31,19.64,19.55,68400,1340000.0,0.02,0.46,56.67,89.8,23.57,15.71,1.83
珠海中富,sz000659,4.73,4.75,4.78,886300.0,4.73,26300,4.74,7800,-0.42,4.8,4.73,886300,4230000.0,0.07,1.47,60.81,60.81,5.23,4.28,3.39
智莱科技,sz300771,15.11,15.13,15.12,29200.0,15.11,5200,15.12,12200,-0.13,15.13,15.11,29200,440000.0,0.02,0.13,27.38,36.26,18.16,12.1,1.36
安必平,sh688393,27.83,27.76,27.84,1097500.0,27.8,200,27.83,6500,0.25,27.84,27.73,1097500,310000.0,0.01,0.4,26.04,26.04,33.31,22.21,1.46
乾照光电,sz300102,36.91,36.58,36.85,1415200.0,36.88,800,36.91,9400,0.9,37.0,36.82,1415200,52200000.0,0.15,0.49,338.22,339.7,43.9,29.26,3.4
科强股份,bj920665,13.5,13.42,13.49,27100.0,13.5,3800,13.52,500,0.6,13.5,13.46,27100,365400.0,0.04,0.3,8.65,17.55,17.44,9.4,3.6
长盈通,sh688143,60.59,61.85,60.5,13315400.0,60.6,1000,60.79,6800,-2.04,60.79,60.0,13315400,8050000.0,0.11,1.28,74.15,78.03,74.22,49.48,2.38
恒天海龙,sz000677,4.04,4.05,4.04,127900.0,4.04,59100,4.05,43400,-0.25,4.05,4.04,127900,520000.0,0.01,0.25,34.9,34.9,4.46,3.65,1.38
ST复华,sh600624,5.24,5.25,5.24,48100.0,5.23,28200,5.24,1800,-0.19,5.24,5.24,48100,250000.0,0.01,0.0,35.6,35.6,5.51,4.99,2.73
百甲科技,bj920057,6.81,6.82,6.82,25000.0,6.81,25400,6.83,1800,-0.15,6.84,6.81,25000,170500.0,0.02,0.44,7.84,12.34,8.86,4.78,4.06
西安旅游,sz000610,10.13,10.07,10.07,143700.0,10.13,3200,10.14,10000,0.6,10.13,10.07,143700,1450000.0,0.06,0.6,23.86,23.98,11.08,9.06,2.28
创维数字,sz000810,11.91,11.96,11.94,119900.0,11.92,1300,11.93,21700,-0.42,11.98,11.91,119900,1430000.0,0.01,0.59,132.27,136.99,13.16,10.76,2.31
雄帝科技,sz300546,24.8,24.72,24.81,56500.0,24.76,3700,24.8,5900,0.32,24.85,24.79,56500,1400000.0,0.04,0.24,33.21,46.28,29.66,19.78,3.73
天力复合,bj920576,82.24,82.27,83.3,27300.0,82.03,200,82.24,100,-0.04,83.3,82.01,27300,2257600.0,0.03,1.57,88.1,89.6,106.95,57.59,1.95
南华期货,sh603093,17.92,17.88,17.9,21200.0,17.91,3400,17.92,200,0.22,17.92,17.9,21200,380000.0,0.0,0.11,109.32,128.62,19.67,16.09,1.56
迎丰股份,sh605055,10.0,9.93,9.97,24800.0,10.02,600,10.04,2500,0.7,10.0,9.97,24800,250000.0,0.01,0.3,44.0,44.0,10.92,8.94,0.97
万林物流,sh603117,5.32,5.34,5.34,66300.0,5.32,57000,5.33,8500,-0.37,5.34,5.31,66300,350000.0,0.01,0.56,31.88,31.88,5.87,4.81,0.87
福石控股,sz300071,6.31,6.34,6.36,2093600.0,6.3,74000,6.31,11800,-0.47,6.4,6.3,2093600,13300000.0,0.22,1.58,59.65,60.82,7.61,5.07,4.71
胜利股份,sz000407,4.96,4.92,5.0,843500.0,4.95,200,4.96,2000,0.81,5.0,4.94,843500,4210000.0,0.1,1.22,43.44,43.65,5.41,4.43,5.04
多伦科技,sh603528,9.7,9.71,9.7,24000.0,9.68,2100,9.7,22100,-0.1,9.7,9.69,24000,230000.0,0.0,0.1,68.48,68.48,10.68,8.74,0.78
康农种业,bj920403,22.73,22.61,22.66,4700.0,22.73,1200,22.77,0,0.53,22.77,22.66,4700,106600.0,0.01,0.49,13.43,22.58,29.39,15.83,0.56
三协电机,bj920100,65.03,64.66,65.08,8100.0,64.64,900,65.03,1400,0.57,65.08,65.03,8100,526500.0,0.05,0.08,11.12,48.0,84.05,45.27,2.72
环旭电子,sh601231,41.72,42.08,42.0,1615300.0,41.59,400,41.83,700,-0.86,42.08,41.59,1615300,67780000.0,0.07,1.16,996.73,996.73,46.29,37.87,6.31
高华科技,sh688539,45.83,45.95,45.95,3738500.0,45.67,200,45.83,200,-0.26,45.95,45.67,3738500,1720000.0,0.04,0.61,47.99,85.21,55.14,36.76,2.39
长盛轴承,sz300718,78.93,78.66,78.66,69000.0,78.95,500,78.99,4100,0.34,78.99,78.66,69000,5430000.0,0.04,0.42,153.0,235.83,94.39,62.93,3.5
合兴股份,sh605005,19.02,19.02,19.02,2500.0,19.02,1500,19.09,2000,0.0,19.02,19.02,2500,50000.0,0.0,0.0,76.27,76.27,20.92,17.12,0.45
铁拓机械,bj920706,26.52,26.36,26.6,19700.0,26.39,3200,26.5,800,0.61,26.61,26.37,19700,521400.0,0.05,0.91,11.23,24.51,34.26,18.46,1.82
航天宏图,sh688066,23.83,23.67,23.73,9579400.0,23.82,2400,23.83,12200,0.68,23.89,23.73,9579400,2280000.0,0.04,0.68,62.26,62.26,28.4,18.94,1.27
索菱股份,sz002766,5.65,5.67,5.7,210100.0,5.65,13600,5.66,8700,-0.35,5.7,5.65,210100,1190000.0,0.02,0.88,48.32,48.79,6.24,5.1,2.16
三峡旅游,sz002627,8.66,8.6,8.64,199500.0,8.65,55600,8.66,9900,0.7,8.67,8.6,199500,1720000.0,0.03,0.81,62.1,62.75,9.46,7.74,1.87
新能泰山,sz000720,3.73,3.75,3.73,195500.0,3.73,134300,3.74,58300,-0.53,3.74,3.72,195500,730000.0,0.02,0.53,46.87,46.87,4.13,3.38,1.63
博菲电气,sz001255,40.23,40.49,40.25,58800.0,40.25,600,40.28,100,-0.64,40.38,40.2,58800,2370000.0,0.08,0.44,28.59,35.05,44.54,36.44,4.98
森霸传感,sz300701,12.74,12.76,12.78,21100.0,12.74,900,12.76,1100,-0.16,12.78,12.73,21100,270000.0,0.01,0.39,31.74,36.02,15.31,10.21,1.28
勤上股份,sz002638,3.02,3.02,3.01,296600.0,3.01,71100,3.02,36100,0.0,3.03,3.0,296600,890000.0,0.02,0.99,40.85,43.39,3.32,2.72,2.07
航天环宇,sh688523,58.27,58.26,57.96,3384800.0,58.03,200,58.27,200,0.02,58.27,57.96,3384800,1960000.0,0.04,0.53,56.24,237.09,69.91,46.61,1.25
飞力达,sz300240,7.89,7.86,7.87,90400.0,7.89,4200,7.9,5400,0.38,7.9,7.87,90400,710000.0,0.02,0.38,28.67,29.32,9.43,6.29,2.84
三维装备,bj920834,14.74,14.77,14.76,2500.0,14.71,800,14.75,6600,-0.2,14.76,14.74,2500,36800.0,0.0,0.14,9.26,17.69,19.2,10.34,0.76
中国卫星,sh600118,86.88,87.26,86.96,362600.0,86.87,800,86.88,2000,-0.44,87.0,86.8,362600,31520000.0,0.03,0.23,1027.35,1027.35,95.99,78.53,1.99
创远信科,bj920961,27.14,27.04,27.25,34600.0,27.05,900,27.14,100,0.37,27.25,27.05,34600,939900.0,0.03,0.74,27.59,38.77,35.15,18.93,3.54
佛慈制药,sz002644,9.15,9.11,9.08,173600.0,9.13,3100,9.15,6600,0.44,9.15,9.08,173600,1580000.0,0.03,0.77,46.73,46.73,10.02,8.2,1.24
朱老六,bj920726,22.3,21.92,22.15,59600.0,22.3,200,22.35,3900,1.73,22.37,22.1,59600,1325200.0,0.11,1.23,12.47,22.67,28.49,15.35,3.06
品渥食品,sz300892,31.69,31.38,31.8,38600.0,31.72,100,31.77,1000,0.99,31.81,31.51,38600,1230000.0,0.06,0.96,20.46,31.69,37.66,25.1,4.27
乐凯胶片,sh600135,9.55,9.53,9.6,39700.0,9.55,2700,9.57,6300,0.21,9.6,9.53,39700,380000.0,0.01,0.73,52.84,52.84,10.48,8.58,0.78
九丰能源,sh605090,43.49,43.55,43.52,38600.0,43.4,900,43.45,1200,-0.14,43.53,43.4,38600,1680000.0,0.01,0.3,304.7,306.18,47.91,39.2,0.71
襄阳轴承,sz000678,13.43,13.49,13.44,104600.0,13.42,21600,13.43,3300,-0.44,13.48,13.42,104600,1410000.0,0.02,0.44,61.73,61.73,14.84,12.14,2.52
恒信东方,sz300081,5.68,5.66,5.62,289200.0,5.67,200,5.68,17900,0.35,5.68,5.62,289200,1630000.0,0.05,1.06,34.35,34.35,6.79,4.53,1.99
岭南控股,sz000524,12.56,12.42,12.55,232300.0,12.56,5600,12.57,17100,1.13,12.58,12.45,232300,2920000.0,0.03,1.05,84.15,84.18,13.66,11.18,4.97
柏星龙,bj920075,28.35,28.41,28.35,9000.0,28.38,500,28.54,700,-0.21,28.54,28.3,9000,254400.0,0.03,0.84,9.89,18.38,36.93,19.89,0.63
浩瀚深度,sh688292,33.89,32.0,33.0,35953700.0,33.92,1500,33.98,4300,5.91,33.98,33.0,35953700,12030000.0,0.36,3.06,34.17,53.66,38.4,25.6,8.57
盛邦安全,sh688651,49.81,49.83,49.46,1267000.0,49.65,800,49.81,1700,-0.04,49.81,49.46,1267000,630000.0,0.04,0.7,16.17,37.56,59.8,39.86,1.38
雷电微力,sz301050,54.16,54.15,54.36,118300.0,54.19,600,54.28,900,0.02,54.36,54.01,118300,6420000.0,0.06,0.65,113.93,133.89,64.98,43.32,3.72
航天电器,sz002025,51.59,51.71,51.6,139200.0,51.57,2400,51.59,700,-0.23,51.6,51.46,139200,7180000.0,0.03,0.27,234.15,234.95,56.88,46.54,2.87
四创电子,sh600990,27.41,27.5,27.48,23400.0,27.42,900,27.44,17800,-0.33,27.48,27.41,23400,640000.0,0.01,0.25,73.74,74.3,30.25,24.75,1.25
盈新发展,sz000620,3.17,3.18,3.18,2594600.0,3.17,7200,3.18,303600,-0.31,3.18,3.16,2594600,8250000.0,0.06,0.63,148.09,186.14,3.5,2.86,3.55
*ST正平,sh603843,5.64,5.6,5.6,720600.0,5.62,56600,5.63,3000,0.71,5.64,5.6,720600,4040000.0,0.1,0.71,39.46,39.46,5.88,5.32,6.27
倍益康,bj920199,41.83,42.06,42.01,16400.0,41.84,200,41.96,100,-0.55,42.01,41.8,16400,686800.0000000001,0.04,0.5,15.86,28.49,54.67,29.45,2.01
孩子王,sz301078,10.8,10.72,10.79,931400.0,10.78,21600,10.8,6100,0.75,10.82,10.77,931400,10050000.0,0.07,0.47,135.45,136.21,12.86,8.58,5.59
太钢不锈,sz000825,4.91,4.94,4.91,1407200.0,4.9,444400,4.91,19400,-0.61,4.92,4.9,1407200,6910000.0,0.02,0.4,279.69,279.69,5.43,4.45,6.54
优迅股份,sh688807,204.0,205.98,202.71,5449800.0,204.0,1500,204.5,300,-0.96,204.0,202.53,5449800,11090000.0,0.36,0.71,30.67,163.2,247.18,164.78,7.02
中利集团,sz002309,3.39,3.35,3.4,3243800.0,3.38,485500,3.39,98100,1.19,3.43,3.38,3243800,11040000.0,0.14,1.49,78.74,101.96,3.69,3.02,3.82
爱丽家居,sh603221,12.77,12.75,12.75,7100.0,12.77,4500,12.79,22100,0.16,12.77,12.75,7100,90000.0,0.0,0.16,30.94,31.23,14.03,11.48,0.51
信科移动-U,sh688387,15.14,15.29,15.1,118764300.0,15.14,1100,15.15,104300,-0.98,15.15,15.01,118764300,17940000.0,0.06,0.92,305.34,517.6,18.35,12.23,3.21
航宇微,sz300053,20.44,20.37,20.45,599700.0,20.41,13400,20.42,200,0.34,20.51,20.41,599700,12270000.0,0.09,0.49,133.03,142.44,24.44,16.3,3.14
财信发展,sz000838,2.59,2.56,2.58,1182300.0,2.58,18800,2.59,264900,1.17,2.59,2.57,1182300,3050000.0,0.11,0.78,27.29,28.5,2.82,2.3,6.56
航宇科技,sh688239,72.8,73.8,72.9,8505400.0,72.72,3500,72.75,1100,-1.36,73.81,72.72,8505400,6210000.0,0.04,1.48,138.78,138.78,88.56,59.04,2.92
英利汽车,sh601279,4.55,4.56,4.54,97000.0,4.54,18200,4.55,19900,-0.22,4.55,4.54,97000,440000.0,0.01,0.22,72.15,72.15,5.02,4.1,2.43
宁波海运,sh600798,3.73,3.75,3.73,837400.0,3.73,46700,3.74,5900,-0.53,3.75,3.72,837400,3120000.0,0.07,0.8,45.0,45.0,4.13,3.38,8.78
华光源海,bj920351,21.04,20.92,21.07,10900.0,21.04,800,21.05,17700,0.57,21.08,21.0,10900,228600.0,0.03,0.38,8.35,18.52,27.19,14.65,4.28
霍莱沃,sh688682,49.81,49.82,49.71,1750400.0,49.83,300,49.98,700,-0.02,49.81,49.71,1750400,870000.0,0.02,0.2,50.73,50.73,59.78,39.86,2.44
信息发展,sz300469,68.48,68.52,68.0,234600.0,68.28,100,68.49,22500,-0.06,68.49,68.0,234600,15970000.0,0.09,0.72,169.99,169.99,82.22,54.82,6.14
亨通股份,sh600226,6.17,6.2,6.19,537600.0,6.17,6800,6.18,169700,-0.48,6.19,6.15,537600,3320000.0,0.02,0.65,183.52,183.52,6.82,5.58,1.7
*ST新元,sz300472,7.71,7.72,7.71,37100.0,7.72,4000,7.79,4500,-0.13,7.72,7.68,37100,290000.0,0.01,0.52,20.42,21.22,9.26,6.18,1.88
*ST天喻,sz300205,4.74,4.74,4.74,78000.0,4.74,63800,4.77,2200,0.0,4.77,4.74,78000,370000.0,0.02,0.63,20.38,20.38,5.69,3.79,3.27
珠江钢琴,sz002678,5.76,5.63,5.85,2523400.0,5.75,41000,5.76,15800,2.31,5.88,5.75,2523400,14700000.0,0.19,2.31,78.2,78.24,6.19,5.07,17.56
亚联发展,sz002316,5.58,5.58,5.56,517500.0,5.58,500,5.59,200,0.0,5.59,5.55,517500,2880000.0,0.15,0.72,19.01,21.94,6.14,5.02,5.83
ST中迪,sz000609,10.5,10.0,10.5,5941900.0,10.5,1534800,0.0,0,5.0,10.5,10.5,5941900,62390000.0,2.04,0.0,30.56,31.42,10.5,9.5,377.62
理工光科,sz300557,35.41,35.6,35.37,20300.0,35.41,500,35.55,400,-0.53,35.55,35.36,20300,720000.0,0.02,0.53,42.24,42.8,42.72,28.48,1.83
亚光科技,sz300123,7.12,7.15,7.12,530300.0,7.11,58000,7.12,91500,-0.42,7.13,7.11,530300,3770000.0,0.05,0.28,71.23,72.75,8.58,5.72,3.26
王府井,sh600859,14.43,14.35,14.38,150300.0,14.4,15500,14.44,3600,0.56,14.43,14.38,150300,2160000.0,0.01,0.35,162.17,162.18,15.79,12.92,1.46
哈焊华通,sz301137,50.8,51.61,51.18,57400.0,50.71,700,50.84,100,-1.57,51.18,50.8,57400,2930000.0,0.03,0.74,92.36,92.36,61.93,41.29,2.44
首开股份,sh600376,5.59,5.58,5.61,454600.0,5.58,45800,5.59,7800,0.18,5.61,5.59,454600,2550000.0,0.02,0.36,144.2,144.2,6.14,5.02,2.13
永悦科技,sh603879,6.1,6.17,6.1,380800.0,6.09,36700,6.1,49600,-1.13,6.15,6.08,380800,2320000.0,0.11,1.13,21.92,21.92,6.79,5.55,8.07
昂瑞微-UW,sh688790,145.45,145.09,145.28,425900.0,145.11,400,145.27,900,0.25,145.45,145.28,425900,620000.0,0.04,0.12,17.54,144.77,174.11,116.07,2.4
天润科技,bj920564,28.6,28.44,28.51,9400.0,28.55,500,28.57,0,0.56,28.69,28.51,9400,269800.0,0.02,0.63,11.58,25.48,36.97,19.91,1.22
华天酒店,sz000428,3.93,3.88,3.91,599500.0,3.92,33400,3.93,900,1.29,3.93,3.89,599500,2350000.0,0.06,1.03,40.04,40.04,4.27,3.49,5.25
双飞集团,sz300817,21.2,21.28,21.26,16500.0,21.19,400,21.2,1000,-0.38,21.27,21.19,16500,350000.0,0.01,0.38,26.56,46.28,25.54,17.02,1.51
新乡化纤,sz000949,7.06,7.16,7.06,826500.0,7.05,44900,7.06,62000,-1.4,7.1,7.04,826500,5840000.0,0.05,0.84,116.95,116.98,7.88,6.44,2.47
宁波东力,sz002164,14.16,14.26,14.19,150200.0,14.16,22000,14.17,14800,-0.7,14.19,14.15,150200,2130000.0,0.03,0.28,67.94,75.36,15.69,12.83,2.29
博盈特焊,sz301468,72.78,74.14,74.22,228400.0,72.77,100,72.78,500,-1.83,74.44,72.78,228400,16900000.0,0.3,2.24,54.59,94.7,88.97,59.31,6.08
航天长峰,sh600855,19.66,19.62,19.62,64300.0,19.62,9400,19.66,1400,0.2,19.66,19.62,64300,1260000.0,0.01,0.2,91.94,92.12,21.58,17.66,1.06
星图测控,bj920116,103.35,103.5,103.5,31300.0,103.34,0,103.35,200,-0.14,104.87,103.34,31300,3244000.0,0.02,1.48,158.62,165.13,134.55,72.45,2.56
四川金顶,sh600678,12.15,12.1,12.15,113700.0,12.15,38300,12.18,100,0.41,12.21,12.14,113700,1380000.0,0.03,0.58,42.4,42.4,13.31,10.89,1.24
金时科技,sz002951,19.48,17.71,18.65,5309700.0,19.46,21100,19.48,118700,9.99,19.48,18.65,5309700,101320000.0,1.32,4.69,78.14,78.89,19.48,15.94,125.18
佳创视讯,sz300264,8.91,8.98,9.03,605000.0,8.92,1400,8.94,2600,-0.78,9.04,8.91,605000,5450000.0,0.16,1.45,33.01,38.39,10.78,7.18,1.91
信测标准,sz300938,33.99,34.5,34.65,364500.0,33.99,400,34.03,6900,-1.48,34.74,33.99,364500,12610000.0,0.21,2.17,57.7,82.76,41.4,27.6,10.2
奥精医疗,sh688613,23.96,23.92,24.01,6691400.0,23.95,300,23.96,600,0.17,24.05,23.96,6691400,1610000.0,0.05,0.38,32.83,32.83,28.7,19.14,2.48
爱科赛博,sh688719,46.7,46.91,46.69,514700.0,46.7,900,46.77,200,-0.45,46.75,46.68,514700,240000.0,0.01,0.15,41.9,53.88,56.29,37.53,0.79
北斗星通,sz002151,43.25,43.1,43.11,201500.0,43.25,100,43.26,400,0.35,43.27,43.11,201500,8690000.0,0.05,0.37,191.52,234.81,47.41,38.79,2.15
东珠生态,sh603359,6.93,6.91,6.91,289600.0,6.93,116100,6.96,3400,0.29,6.93,6.91,289600,2000000.0,0.06,0.29,30.91,30.91,7.6,6.22,4.36
通鼎互联,sz002491,10.43,10.29,10.0,9278800.0,10.33,47600,10.43,2200,1.36,10.48,10.0,9278800,94130000.0,0.79,4.66,122.71,128.29,11.32,9.26,10.16
元创股份,sz001325,50.79,51.09,50.99,14600.0,50.78,1100,50.79,200,-0.59,50.99,50.77,14600,740000.0,0.07,0.43,9.95,39.82,56.2,45.98,2.76
豪恩汽电,sz301488,149.8,148.86,149.8,18300.0,149.09,200,149.8,400,0.63,149.87,148.86,18300,2740000.0,0.08,0.68,35.07,137.82,178.63,119.09,4.42
沐曦股份-U,sh688802,514.5,520.08,517.68,1380000.0,514.1,600,514.3,400,-1.07,517.68,514.3,1380000,7120000.0,0.08,0.65,93.33,2058.51,624.1,416.06,3.24
长江通信,sh600345,41.89,42.76,41.66,345600.0,41.89,24000,42.1,9600,-2.03,42.1,41.6,345600,14430000.0,0.16,1.17,88.62,138.07,47.04,38.48,2.48
恒宝股份,sz002104,17.93,17.91,17.9,226400.0,17.92,100,17.93,7400,0.11,17.93,17.88,226400,4050000.0,0.04,0.28,107.53,127.01,19.7,16.12,2.01
国光电气,sh688776,108.81,108.95,107.86,1987200.0,108.01,2400,108.81,1200,-0.13,108.94,107.86,1987200,2150000.0,0.02,0.99,117.93,117.93,130.74,87.16,2.05
翠微股份,sh603123,13.33,13.2,13.36,514800.0,13.3,2700,13.31,400,0.98,13.36,13.26,514800,6870000.0,0.08,0.76,86.95,106.47,14.52,11.88,2.66
恒帅股份,sz300969,146.1,147.6,147.67,41800.0,146.02,100,146.03,900,-1.02,147.67,146.01,41800,6150000.0,0.08,1.12,73.43,163.64,177.12,118.08,2.36
金圆股份,sz000546,5.75,5.76,5.76,353000.0,5.74,8400,5.75,6200,-0.17,5.79,5.75,353000,2030000.0,0.05,0.69,40.06,44.71,6.34,5.18,3.86
特发信息,sz000070,19.16,19.5,19.0,13582400.0,19.16,68600,19.2,6300,-1.74,19.4,18.85,13582400,258910000.0,1.53,2.82,170.27,172.51,21.45,17.55,28.36
领益智造,sz002600,15.18,15.32,15.2,1429000.0,15.17,500,15.18,20200,-0.91,15.21,15.15,1429000,21710000.0,0.02,0.39,1092.79,1109.26,16.85,13.79,3.72
广博股份,sz002103,9.95,9.91,9.86,162600.0,9.93,100,9.95,3100,0.4,9.96,9.86,162600,1610000.0,0.04,1.01,37.51,53.16,10.9,8.92,1.85
交建股份,sh603815,6.92,6.92,6.92,36200.0,6.91,8100,6.92,1200,0.0,6.92,6.91,36200,250000.0,0.01,0.14,42.83,42.83,7.61,6.23,0.76
百邦科技,sz300736,20.82,20.8,20.9,86600.0,20.82,13500,20.83,7200,0.1,20.91,20.71,86600,1810000.0,0.07,0.96,26.04,26.64,24.96,16.64,2.37
国泰集团,sh603977,14.59,14.62,14.6,105500.0,14.55,4900,14.59,2600,-0.21,14.62,14.56,105500,1540000.0,0.02,0.41,90.64,90.64,16.08,13.16,2.06
华力创通,sz300045,26.57,26.58,26.47,272200.0,26.55,1800,26.57,30600,-0.04,26.64,26.47,272200,7210000.0,0.05,0.64,137.18,176.07,31.9,21.26,2.54
棒杰股份,sz002634,7.54,7.54,7.53,185900.0,7.53,59200,7.54,2300,0.0,7.58,7.5,185900,1400000.0,0.04,1.06,33.67,34.64,8.29,6.79,1.3
万集科技,sz300552,32.5,32.62,32.74,39100.0,32.49,1000,32.52,500,-0.37,32.74,32.5,39100,1280000.0,0.03,0.74,44.77,69.27,39.14,26.1,1.58
欧福蛋业,bj920371,11.06,10.97,11.01,28600.0,11.02,700,11.06,100,0.82,11.06,10.99,28600,315200.0,0.01,0.64,21.45,22.72,14.26,7.68,2.31
海航控股,sh600221,1.69,1.68,1.69,2966000.0,1.68,11859000,1.69,25891600,0.6,1.69,1.68,2966000,5010000.0,0.01,0.6,724.09,730.34,1.85,1.51,1.85
ST柯利达,sh603828,6.58,6.5,6.59,32400.0,6.52,300,6.58,40400,1.23,6.59,6.53,32400,210000.0,0.01,0.92,39.21,39.21,6.83,6.18,1.75
法尔胜,sz000890,5.46,5.48,5.49,673100.0,5.45,11000,5.46,46200,-0.36,5.49,5.43,673100,3690000.0,0.16,1.09,22.9,22.9,6.03,4.93,8.12
合众思壮,sz002383,11.09,11.07,11.05,102600.0,11.08,2000,11.09,8200,0.18,11.09,11.05,102600,1130000.0,0.01,0.36,82.11,82.11,12.18,9.96,1.57
盛洋科技,sh603703,14.44,14.45,14.45,78300.0,14.42,700,14.44,4400,-0.07,14.48,14.38,78300,1130000.0,0.02,0.69,59.92,59.92,15.9,13.01,1.85
红棉股份,sz000523,3.88,3.84,3.87,2658200.0,3.87,191900,3.88,33100,1.04,3.9,3.86,2658200,10310000.0,0.2,1.04,51.42,71.22,4.22,3.46,6.22
舜宇精工,bj920906,27.68,27.65,27.66,8500.0,27.66,600,27.68,200,0.11,27.68,27.6,8500,234700.0,0.03,0.29,9.23,17.98,35.94,19.36,2.38
苏利股份,sh603585,20.39,20.42,20.34,9200.0,20.39,600,20.41,6000,-0.15,20.42,20.34,9200,190000.0,0.01,0.39,37.26,38.11,22.46,18.38,0.65
北京文化,sz000802,4.76,4.8,4.74,750900.0,4.75,1700,4.76,3800,-0.83,4.78,4.74,750900,3570000.0,0.1,0.83,34.06,34.08,5.28,4.32,2.83
通源环境,sh688679,46.45,46.5,46.65,625300.0,46.31,200,46.45,200,-0.11,46.65,46.45,625300,290000.0,0.0,0.43,61.17,61.17,55.8,37.2,0.46
臻镭科技,sh688270,176.32,175.0,175.55,20669600.0,176.1,400,176.32,38000,0.75,176.6,175.55,20669600,36350000.0,0.1,0.6,377.42,377.42,210.0,140.0,3.68
ST百灵,sz002424,4.46,4.45,4.45,860700.0,4.44,26100,4.46,54000,0.22,4.47,4.44,860700,3830000.0,0.07,0.67,54.11,62.33,4.67,4.23,7.81
远方信息,sz300306,14.0,14.02,13.99,52700.0,14.0,1200,14.02,1000,-0.14,14.0,13.93,52700,740000.0,0.03,0.5,22.06,37.65,16.82,11.22,3.51
昇辉科技,sz300423,9.34,9.34,9.27,291200.0,9.34,300,9.35,1500,0.0,9.34,9.25,291200,2700000.0,0.09,0.96,31.14,46.47,11.21,7.47,2.3
百傲化学,sh603360,28.4,28.29,28.47,40300.0,28.35,500,28.4,900,0.39,28.49,28.36,40300,1150000.0,0.01,0.46,200.57,200.57,31.12,25.46,0.64
*ST铖昌,sz001270,121.58,120.96,120.0,388800.0,121.17,300,121.79,2000,0.51,121.8,119.94,388800,46770000.0,0.19,1.54,247.41,250.59,127.01,114.91,9.51
顶固集创,sz300749,28.15,27.45,28.29,1006600.0,28.06,9300,28.15,4900,2.55,28.87,28.06,1006600,28550000.0,0.64,2.95,44.31,57.76,32.94,21.96,7.98
科思股份,sz300856,13.93,13.9,13.93,39900.0,13.92,200,13.93,300,0.22,13.98,13.92,39900,560000.0,0.01,0.43,64.04,66.26,16.68,11.12,1.53
三羊马,sz001317,53.18,53.5,53.5,40800.0,53.13,300,53.14,500,-0.6,53.6,53.18,40800,2180000.0,0.05,0.79,45.46,45.5,58.85,48.15,2.2
新大洲A,sz000571,7.17,7.19,7.17,465300.0,7.16,1300,7.17,17800,-0.28,7.17,7.08,465300,3330000.0,0.06,1.25,58.36,60.17,7.91,6.47,2.27
高乐股份,sz002348,6.56,6.5,6.64,1708200.0,6.54,11000,6.55,400,0.92,6.68,6.53,1708200,11310000.0,0.19,2.31,59.27,62.14,7.15,5.85,23.8
三维通信,sz002115,14.73,14.73,14.71,1510600.0,14.73,12700,14.74,32400,0.0,14.79,14.7,1510600,22240000.0,0.2,0.61,110.8,119.46,16.2,13.26,3.08
汉仪股份,sz301270,41.91,41.95,41.56,105200.0,41.84,3900,41.93,1100,-0.1,41.91,41.31,105200,4370000.0,0.11,1.43,39.6,41.91,50.34,33.56,3.19
西安饮食,sz000721,8.86,8.81,8.81,108500.0,8.86,2400,8.87,41500,0.57,8.87,8.81,108500,960000.0,0.02,0.68,45.4,50.85,9.69,7.93,2.2
盟升电子,sh688311,44.76,45.21,44.76,1115700.0,44.87,200,44.9,700,-1.0,44.87,44.76,1115700,500000.0,0.01,0.24,75.16,75.16,54.25,36.17,0.54
国机精工,sz002046,44.54,45.22,45.0,312300.0,44.53,2000,44.54,4200,-1.5,45.15,44.54,312300,14020000.0,0.06,1.35,235.52,238.85,49.74,40.7,5.11
航天软件,sh688562,22.19,22.27,22.26,2481400.0,22.19,2300,22.24,1700,-0.36,22.26,22.16,2481400,550000.0,0.01,0.45,38.39,88.76,26.72,17.82,1.23
田野股份,bj920023,4.5,4.5,4.5,171000.0,4.49,9800,4.5,124200,0.0,4.5,4.49,171000,768800.0,0.06,0.22,12.1,14.73,5.85,3.15,5.48
海伦钢琴,sz300329,14.48,14.34,14.34,31900.0,14.42,2000,14.43,100,0.98,14.6,14.34,31900,460000.0,0.01,1.81,36.51,36.62,17.21,11.47,1.15
中央商场,sh600280,3.7,3.68,3.71,251200.0,3.7,21000,3.71,271300,0.54,3.71,3.69,251200,930000.0,0.02,0.54,41.75,41.75,4.05,3.31,1.59
航天科技,sz000901,26.16,26.26,26.18,247300.0,26.15,5000,26.16,12600,-0.38,26.24,26.16,247300,6480000.0,0.03,0.3,208.81,208.81,28.89,23.63,1.47
欢乐家,sz300997,24.04,23.17,23.67,449300.0,24.03,29100,24.04,5200,3.75,24.15,23.67,449300,10710000.0,0.12,2.07,92.8,105.17,27.8,18.54,9.41
渤海汽车,sh600960,5.68,5.67,5.7,3537600.0,5.62,100,5.68,22600,0.18,5.7,5.6,3537600,20120000.0,0.37,1.76,53.99,53.99,6.24,5.1,39.05
三友科技,bj920475,16.23,16.25,16.23,7900.0,16.23,600,16.37,600,-0.12,16.24,16.22,7900,127800.0,0.02,0.12,6.82,16.4,21.12,11.38,3.18
古鳌科技,sz300551,18.3,18.03,18.3,334200.0,18.23,1000,18.3,7700,1.5,18.35,18.2,334200,6120000.0,0.1,0.83,62.05,62.23,21.64,14.42,6.14
庄园牧场,sz002910,12.27,12.05,12.2,483700.0,12.26,27800,12.27,25200,1.83,12.27,12.18,483700,5910000.0,0.28,0.75,20.99,23.99,13.26,10.85,8.51
世联行,sz002285,2.89,2.84,2.85,1923200.0,2.89,37500,2.9,787500,1.76,2.9,2.85,1923200,5520000.0,0.1,1.76,57.1,57.59,3.12,2.56,9.78
斯瑞新材,sh688102,38.0,38.33,38.0,13574500.0,38.0,7900,38.05,100,-0.86,38.3,38.0,13574500,5160000.0,0.02,0.78,278.82,294.67,46.0,30.66,2.06
国博电子,sh688375,120.7,122.6,120.2,9480500.0,120.7,500,122.2,200,-1.55,121.85,120.2,9480500,11420000.0,0.02,1.35,719.39,719.39,147.12,98.08,4.88
茂业商业,sh600828,6.67,6.53,6.68,1430500.0,6.61,13400,6.67,296500,2.14,6.68,6.6,1430500,9530000.0,0.08,1.23,115.48,115.52,7.18,5.88,3.81
王子新材,sz002735,17.89,17.97,17.88,154900.0,17.89,1300,17.9,2000,-0.45,17.95,17.85,154900,2770000.0,0.06,0.56,50.17,68.34,19.77,16.17,2.42
大连友谊,sz000679,7.2,7.15,7.15,70300.0,7.18,14400,7.2,6900,0.7,7.2,7.15,70300,500000.0,0.02,0.7,25.66,25.66,7.87,6.44,3.59
福事特,sz301446,43.5,43.68,43.5,6700.0,43.24,400,43.76,1100,-0.41,43.51,43.1,6700,290000.0,0.02,0.94,13.82,45.24,52.42,34.94,1.6
利群股份,sh601366,4.87,4.88,4.86,205200.0,4.87,230900,4.88,27600,-0.2,4.88,4.86,205200,1000000.0,0.02,0.41,45.44,45.44,5.37,4.39,2.41
崧盛股份,sz301002,41.15,41.36,41.08,22700.0,41.16,100,41.21,400,-0.51,41.36,41.08,22700,930000.0,0.03,0.68,34.31,54.92,49.63,33.09,0.71
润普食品,bj920422,12.86,12.71,12.89,131800.0,12.86,7100,12.9,7000,1.18,12.9,12.86,131800,1698899.9999999998,0.2,0.31,8.52,11.38,16.52,8.9,21.74
科创新材,bj920580,15.19,15.25,15.26,20000.0,15.19,6600,15.24,600,-0.39,15.26,15.19,20000,305500.0,0.04,0.46,7.66,13.06,19.82,10.68,4.55
航天智装,sz300455,26.25,26.25,26.31,197000.0,26.23,4500,26.25,16800,0.0,26.47,26.24,197000,5180000.0,0.03,0.88,186.01,188.41,31.5,21.0,3.26
西测测试,sz301306,100.59,101.2,101.14,40700.0,100.55,400,100.59,4000,-0.6,101.86,100.55,40700,4110000.0,0.07,1.29,58.64,84.9,121.44,80.96,1.64
凯瑞德,sz002072,7.9,7.91,8.03,313300.0,7.89,18000,7.9,16900,-0.13,8.04,7.87,313300,2500000.0,0.09,2.15,29.04,29.05,8.7,7.12,3.08
莱克电气,sh603355,30.89,30.88,31.15,23000.0,30.88,1900,30.89,4100,0.03,31.15,30.89,23000,720000.0,0.0,0.84,177.12,177.12,33.97,27.79,2.12
九牧王,sh601566,11.62,11.59,11.62,125600.0,11.64,700,11.66,12700,0.26,11.66,11.61,125600,1460000.0,0.02,0.43,66.77,66.77,12.75,10.43,1.63
金钟股份,sz301133,39.68,40.01,39.97,69600.0,39.81,500,39.95,5900,-0.82,40.01,39.63,69600,2760000.0,0.06,0.95,44.1,48.2,48.01,32.01,5.27
粤海饲料,sz001313,7.45,7.44,7.45,80600.0,7.45,5800,7.46,26600,0.13,7.47,7.45,80600,600000.0,0.01,0.27,52.08,52.15,8.18,6.7,2.98
震有科技,sh688418,40.18,40.2,40.15,3971400.0,40.16,800,40.18,600,-0.05,40.44,40.15,3971400,1600000.0,0.02,0.72,77.37,77.37,48.24,32.16,0.63
通宇通讯,sz002792,45.9,45.8,46.2,838600.0,45.9,16700,45.93,400,0.22,46.3,45.9,838600,38720000.0,0.25,0.87,155.06,240.44,50.38,41.22,3.71
ST思科瑞,sh688053,46.01,46.48,46.2,713000.0,46.01,1000,46.2,14200,-1.01,46.2,46.01,713000,330000.0,0.01,0.41,46.01,46.01,55.78,37.18,1.7
银河电子,sz002519,9.3,9.31,9.28,2254800.0,9.3,10700,9.31,102400,-0.11,9.31,9.28,2254800,20940000.0,0.2,0.32,104.05,104.76,10.24,8.38,1.99
景业智能,sh688290,53.67,53.25,53.15,322400.0,53.42,200,53.67,1600,0.79,53.67,53.15,322400,170000.0,0.0,0.98,54.85,54.85,63.9,42.6,1.15
上海沪工,sh603131,24.27,24.26,24.27,52600.0,24.26,2000,24.27,3300,0.04,24.34,24.26,52600,1280000.0,0.02,0.33,81.77,81.77,26.69,21.83,1.44
皮阿诺,sz002853,30.61,30.95,30.91,41100.0,30.61,900,30.69,100,-1.1,30.95,30.61,41100,1270000.0,0.03,1.1,39.4,55.99,34.05,27.86,1.6
国机重装,sh601399,5.06,5.18,5.07,5641700.0,5.05,394000,5.06,221900,-2.32,5.07,5.05,5641700,28580000.0,0.08,0.39,365.01,365.01,5.7,4.66,16.97
莱赛激光,bj920363,18.33,18.38,18.4,13200.0,18.33,400,18.36,0,-0.27,18.4,18.33,13200,241600.0,0.03,0.38,9.36,17.5,23.89,12.87,2.91
威帝股份,sh603023,5.03,5.01,5.03,131000.0,5.03,700,5.04,11300,0.4,5.03,5.01,131000,660000.0,0.02,0.4,28.07,28.07,5.51,4.51,1.82
冰山冷热,sz000530,6.81,6.81,6.8,115900.0,6.81,15900,6.82,19900,0.0,6.85,6.8,115900,790000.0,0.02,0.73,40.86,57.42,7.49,6.13,1.97
科达自控,bj920932,19.58,19.49,19.46,23300.0,19.48,2500,19.58,300,0.46,19.58,19.4,23300,453200.0,0.03,0.92,17.0,20.63,25.33,13.65,4.59
南京商旅,sh600250,11.15,11.15,11.15,80500.0,11.15,10300,11.19,17200,0.0,11.18,11.13,80500,900000.0,0.03,0.45,34.88,34.88,12.27,10.04,2.35
航天晨光,sh600501,26.32,26.27,26.33,36400.0,26.32,5300,26.33,31700,0.19,26.35,26.32,36400,960000.0,0.01,0.11,112.6,112.6,28.9,23.64,0.78
德联集团,sz002666,5.65,5.63,5.63,281400.0,5.64,42700,5.65,8900,0.36,5.66,5.62,281400,1590000.0,0.06,0.71,28.29,44.52,6.19,5.07,5.56
航天电子,sh600879,24.21,24.21,24.21,2009000.0,24.21,199400,24.23,44000,0.0,24.33,24.21,2009000,48700000.0,0.06,0.5,798.76,798.76,26.63,21.79,2.39
东箭科技,sz300978,12.45,12.48,12.45,73600.0,12.44,900,12.45,1600,-0.24,12.46,12.41,73600,910000.0,0.04,0.4,23.81,52.63,14.98,9.98,4.02
瑞星股份,bj920717,10.66,10.7,10.7,8700.0,10.66,300,10.7,3000,-0.37,10.7,10.65,8700,93100.0,0.02,0.47,4.72,12.22,13.91,7.49,2.3
中国卫通,sh601698,35.6,35.77,35.61,400200.0,35.55,3400,35.56,100,-0.48,35.66,35.53,400200,14250000.0,0.01,0.36,1503.88,1503.88,39.35,32.19,1.57
红旗连锁,sz002697,5.96,5.92,5.91,1245100.0,5.95,12000,5.96,94500,0.68,5.97,5.91,1245100,7370000.0,0.11,1.01,68.24,81.06,6.51,5.33,6.97
*ST立方,sz300344,2.18,2.34,2.04,3933600.0,2.18,8300,2.19,6900,-6.84,2.2,2.04,3933600,8160000.0,0.61,6.84,13.95,13.99,2.81,1.87,6.15
上海瀚讯,sz300762,39.81,39.86,39.92,465300.0,39.79,100,39.81,1400,-0.13,39.92,39.77,465300,18550000.0,0.07,0.38,249.99,249.99,47.83,31.89,3.14
中超控股,sz002471,9.19,9.0,9.27,9321000.0,9.19,84800,9.2,107000,2.11,9.35,9.19,9321000,86420000.0,0.69,1.78,123.38,125.79,9.9,8.1,5.86
大鹏工业,bj920091,68.33,68.23,68.77,8600.0,68.33,1800,68.48,100,0.15,68.77,68.33,8600,592600.0,0.06,0.64,9.29,42.0,88.69,47.77,1.45
佳缘科技,sz301117,51.46,51.6,51.08,41900.0,51.43,100,51.45,100,-0.27,51.57,51.08,41900,2140000.0,0.05,0.95,40.88,66.47,61.92,41.28,1.9
海王生物,sz000078,3.51,3.47,3.47,2535600.0,3.5,133500,3.51,107400,1.15,3.51,3.47,2535600,8830000.0,0.1,1.15,92.19,92.35,3.82,3.12,4.79
华体科技,sh603679,15.98,15.98,16.0,35000.0,15.82,1900,15.98,200,0.0,16.02,15.82,35000,560000.0,0.02,1.25,26.74,26.74,17.58,14.38,1.89
天银机电,sz300342,45.04,45.18,44.96,500700.0,44.97,400,45.05,1000,-0.31,45.18,44.96,500700,22530000.0,0.12,0.49,188.63,191.44,54.22,36.14,2.63
陕西华达,sz301517,63.91,63.87,63.68,29000.0,63.92,500,63.95,400,0.06,63.96,63.68,29000,1850000.0,0.03,0.44,62.73,96.66,76.64,51.1,1.57
曲江文旅,sh600706,10.85,10.75,10.86,63500.0,10.84,100,10.85,4800,0.93,10.89,10.83,63500,690000.0,0.02,0.56,27.56,27.67,11.83,9.68,1.5
渤海化学,sh600800,4.33,4.35,4.35,99600.0,4.33,22800,4.34,165800,-0.46,4.35,4.33,99600,430000.0,0.01,0.46,48.05,48.06,4.79,3.92,0.65
珠江股份,sh600684,4.9,4.86,4.86,206500.0,4.89,80200,4.9,25900,0.82,4.92,4.85,206500,1010000.0,0.02,1.44,41.82,54.2,5.35,4.37,1.74
航天机电,sh600151,14.74,14.65,14.7,508400.0,14.72,50600,14.74,44400,0.61,14.77,14.7,508400,7480000.0,0.04,0.48,211.41,211.41,16.12,13.19,1.66
恒盛能源,sh605580,22.91,22.94,22.86,38200.0,22.91,12100,23.0,2000,-0.13,22.94,22.86,38200,870000.0,0.01,0.35,64.15,64.15,25.23,20.65,2.14
中国高科,sh600730,10.31,10.12,10.36,371100.0,10.31,800,10.32,3400,1.88,10.38,10.27,371100,3840000.0,0.06,1.09,60.48,60.48,11.13,9.11,6.64
钧达股份,sz002865,92.98,93.7,92.99,341100.0,92.98,4100,93.33,200,-0.77,93.89,92.5,341100,31750000.0,0.15,1.48,209.08,289.42,103.07,84.33,3.24
顺灏股份,sz002565,15.84,15.89,15.8,1453000.0,15.84,2200,15.85,10100,-0.31,15.86,15.68,1453000,22930000.0,0.14,1.13,167.9,167.9,17.48,14.3,2.2
星辰科技,bj920885,23.76,23.77,23.75,58100.0,23.76,2600,23.82,500,-0.04,23.76,23.66,58100,1379000.0,0.07,0.42,21.03,40.59,30.9,16.64,4.17
博纳影业,sz001330,10.85,12.06,10.85,9335400.0,0.0,0,10.85,118234800,-10.03,10.85,10.85,9335400,101290000.0,0.68,0.0,149.14,149.14,13.27,10.85,12.4
久之洋,sz300516,67.75,67.68,67.69,79500.0,67.74,6900,67.75,1000,0.1,68.11,67.69,79500,5390000.0,0.04,0.62,121.95,121.95,81.22,54.14,3.19
禾信仪器,sh688622,145.87,148.2,146.72,5210200.0,145.87,200,146.0,5000,-1.57,148.72,145.0,5210200,7640000.0,0.07,2.51,102.69,102.79,177.84,118.56,4.89
*ST长药,sz300391,0.92,0.92,0.0,0.0,0.0,0,0.0,0,0.0,0.0,0.0,0,0.0,0.0,0.0,3.22,3.22,1.1,0.74,0.0
天玑科技,sz300245,13.29,13.3,13.24,108200.0,13.28,5500,13.29,26000,-0.08,13.3,13.24,108200,1440000.0,0.04,0.45,40.45,40.54,15.96,10.64,3.51
汉鑫科技,bj920092,39.79,40.05,39.63,21900.0,39.8,600,39.89,400,-0.65,39.89,39.58,21900,869400.0,0.07,0.77,12.67,24.7,52.06,28.04,2.72
同大股份,sz300321,42.5,42.59,42.67,4400.0,42.12,500,42.49,3300,-0.21,42.7,42.5,4400,190000.0,0.0,0.47,37.7,37.74,51.11,34.07,1.04
ST福能,sz300173,4.66,4.64,4.65,278800.0,4.65,190300,4.66,201400,0.43,4.66,4.65,278800,1300000.0,0.04,0.22,34.24,34.24,5.57,3.71,3.92
创识科技,sz300941,23.85,23.7,23.72,49300.0,23.83,500,23.85,3900,0.63,23.85,23.72,49300,1170000.0,0.05,0.55,25.35,48.83,28.44,18.96,2.9
誉帆科技,sz001396,46.1,46.38,46.01,44200.0,46.1,7100,46.2,300,-0.6,46.26,46.01,44200,2040000.0,0.2,0.54,10.24,49.28,51.02,41.74,3.76
双欣环保,sz001369,14.88,14.91,14.91,127500.0,14.86,28700,14.88,1400,-0.2,14.91,14.88,127500,1900000.0,0.06,0.2,29.91,170.67,16.4,13.42,4.08
江天科技,bj920121,41.47,41.35,41.61,3400.0,41.36,200,41.58,1900,0.29,41.61,41.47,3400,141800.0,0.03,0.34,4.93,27.4,53.75,28.95,2.47
蘅东光,bj920045,404.12,413.97,400.0,64300.0,405.05,300,405.98,200,-2.38,405.0,398.0,64300,25748400.0,0.32,1.69,81.34,275.09,538.16,289.78,8.34
强一股份,sh688809,324.88,328.29,325.0,2155700.0,324.58,200,324.66,2400,-1.04,326.0,324.88,2155700,7020000.0,0.09,0.34,79.12,420.91,393.95,262.63,2.56
健信超导,sh688805,44.1,44.15,44.37,1090000.0,44.02,1500,44.09,400,-0.11,44.37,44.1,1090000,480000.0,0.03,0.61,13.9,73.95,52.98,35.32,2.32
陕西旅游,sh603402,148.98,148.19,148.55,21800.0,148.98,1000,148.99,1000,0.53,148.98,148.38,21800,3240000.0,0.11,0.4,28.8,115.21,163.01,133.37,2.61
新广益,sz301687,57.47,57.57,57.38,30400.0,57.42,200,57.46,1400,-0.17,57.5,57.38,30400,1740000.0,0.1,0.21,16.97,84.4,69.08,46.06,4.36
至信股份,sh603352,43.15,43.15,43.07,27200.0,43.1,700,43.15,1800,0.0,43.2,43.03,27200,1170000.0,0.06,0.39,19.17,97.81,47.47,38.84,2.41
科马材料,bj920086,33.51,33.5,33.64,9500.0,33.51,200,33.57,2100,0.03,33.64,33.51,9500,319900.0,0.04,0.39,8.96,28.04,43.55,23.45,1.14
国亮新材,bj920076,23.61,23.69,23.6,5700.0,23.61,400,23.77,500,-0.34,23.76,23.6,5700,134800.0,0.03,0.68,4.67,19.75,30.79,16.59,1.16
爱舍伦,bj920050,36.06,36.06,36.0,14900.0,36.05,2900,36.21,200,0.0,36.06,36.0,14900,538100.0,0.08,0.17,6.53,24.41,46.87,25.25,6.1
农大科技,bj920159,40.38,40.06,40.19,53300.0,40.27,5200,40.38,3400,0.8,40.38,40.19,53300,2144800.0,0.37,0.47,5.81,30.69,52.07,28.05,6.71
恒运昌,sh688785,327.5,332.35,329.87,845500.0,327.5,2000,328.02,200,-1.46,329.87,327.5,845500,2780000.0,0.07,0.71,41.68,221.72,398.82,265.88,1.22
美德乐,bj920119,96.77,97.58,97.69,44600.0,96.69,500,96.77,4500,-0.83,97.69,96.77,44600,4344600.0,0.31,0.94,13.93,69.79,126.85,68.31,8.29
振石股份,sh601112,19.91,20.04,19.9,374600.0,19.86,14000,19.87,500,-0.65,19.98,19.86,374600,7450000.0,0.21,0.6,35.29,346.51,22.04,18.04,3.25
北芯生命-U,sh688712,40.4,40.24,40.47,6010200.0,40.3,1400,40.4,700,0.4,40.47,40.25,6010200,2430000.0,0.16,0.55,14.99,168.47,48.29,32.19,1.32
世盟股份,sz001220,44.04,43.88,44.05,54900.0,44.01,2200,44.02,500,0.36,44.05,44.0,54900,2420000.0,0.24,0.11,9.96,40.64,48.27,39.49,1.97
海圣医疗,bj920166,30.56,34.49,30.48,474000.0,30.56,400,30.66,1000,-11.39,30.99,30.28,474000,14472800.0,1.99,2.06,7.26,23.01,44.83,24.15,0.0
C易思,sh688816,77.0,76.3,76.77,16464600.0,77.0,16000,77.12,300,0.92,77.6,76.7,16464600,12660000.0,0.85,1.18,14.85,77.0,-1.0,-1.0,0.0
爱得科技,bj920180,19.05,19.26,19.12,215500.0,19.02,3100,19.04,900,-1.09,19.15,19.01,215500,4113800.0,0.81,0.73,5.06,22.5,25.03,13.49,0.0
C林平,sh603284,52.2,53.2,52.05,231100.0,52.2,900,52.25,3600,-1.88,53.0,52.05,231100,12050000.0,1.25,1.79,9.64,39.37,-1.0,-1.0,0.0
C电科,sh688818,57.89,57.5,58.01,143136900.0,57.87,22100,57.89,66800,0.68,58.2,57.87,143136900,83050000.0,1.08,0.57,76.42,1005.51,-1.0,-1.0,0.0
