name,code,now,close,open,volume,bid1,bid1_volume,ask1,ask1_volume,涨跌(%),high,low,成交量(手),成交额(万),turnover,振幅,流通市值,总市值,涨停价,跌停价,量比
纳百川,sz301667,88.81,86.96,87.55,5540100.0,88.81,2900,88.82,800,2.13,92.82,87.39,5540100,495290000.0,24.63,6.24,19.98,99.17,104.35,69.57,0.76
锡华科技,sh603248,30.07,27.34,27.7,17612100.0,30.07,2569700,0.0,0,9.99,30.07,27.7,17612100,521540000.0,25.41,8.67,20.84,138.32,30.07,24.61,0.99
天溯计量,sz301449,76.01,72.86,74.52,2267800.0,75.99,400,76.01,20100,4.32,77.84,74.52,2267800,172490000.0,16.3,4.56,10.58,49.57,87.43,58.29,1.14
美埃科技,sh688376,63.59,58.1,59.56,238362700.0,63.5,300,63.59,10400,9.45,64.0,59.1,238362700,146380000.0,1.76,8.43,86.01,86.01,69.72,46.48,1.09
同飞股份,sz300990,80.0,78.88,80.7,2508700.0,79.96,100,80.0,3400,1.42,81.45,78.98,2508700,200860000.0,3.25,3.13,61.7,136.46,94.66,63.1,0.94
中光防雷,sz300414,13.83,13.75,14.02,4939000.0,13.82,18600,13.83,24400,0.58,14.05,13.7,4939000,68280000.0,1.58,2.55,43.36,45.09,16.5,11.0,0.68
苏州天脉,sz301626,248.3,245.5,252.51,1601800.0,248.22,100,248.32,1200,1.14,255.0,246.03,1601800,399190000.0,3.04,3.65,130.65,287.23,294.6,196.4,0.6
ST名家汇,sz300506,4.82,4.75,4.8,5824500.0,4.82,25000,4.83,74600,1.47,4.87,4.75,5824500,27940000.0,0.79,2.53,35.41,68.71,5.7,3.8,0.79
森赫股份,sz301056,14.76,14.24,14.75,4439100.0,14.75,2100,14.76,7200,3.65,15.55,14.53,4439100,66260000.0,2.52,7.16,25.98,39.38,17.09,11.39,1.24
宏达电子,sz300726,42.45,41.65,42.51,3761600.0,42.45,500,42.49,6000,1.92,42.77,42.02,3761600,159320000.0,1.75,1.8,91.03,174.83,49.98,33.32,0.88
宏源药业,sz301246,23.38,23.11,23.32,23622800.0,23.37,4900,23.38,31800,1.17,24.18,22.7,23622800,550830000.0,13.89,6.4,39.76,93.52,27.73,18.49,0.82
华盛锂电,sh688353,121.6,120.5,122.78,953009800.0,121.59,2700,121.6,200,0.91,123.96,116.0,953009800,1152790000.0,5.97,6.61,193.95,193.95,144.6,96.4,0.73
鼎泰高科,sz301377,193.9,192.96,198.31,2910200.0,193.9,1700,193.93,300,0.49,198.5,190.36,2910200,563760000.0,4.1,4.22,137.72,794.99,231.55,154.37,0.88
腾景科技,sh688195,287.37,270.54,285.13,893115000.0,287.37,0,287.39,200,6.22,288.85,268.5,893115000,2510900000.0,6.9,7.52,371.71,371.71,324.65,216.43,0.99
珂玛科技,sz301611,97.14,96.91,99.78,7274900.0,97.14,5200,97.15,200,0.24,100.0,94.2,7274900,702600000.0,4.96,5.98,142.39,423.53,116.29,77.53,1.3
新诺威,sz300765,34.45,31.76,32.18,22752200.0,34.44,800,34.45,1300,8.47,34.46,32.0,22752200,767580000.0,1.62,7.75,483.88,483.88,38.11,25.41,1.54
安达智能,sh688125,228.0,215.0,220.66,74210200.0,227.55,200,228.0,0,6.05,228.41,214.89,74210200,165510000.0,0.91,6.29,186.25,187.25,258.0,172.0,0.73
杰华特,sh688141,53.32,51.3,53.5,1294737400.0,53.32,5900,53.33,2200,3.94,54.38,51.32,1294737400,689360000.0,2.88,5.96,240.11,240.11,61.56,41.04,0.86
铜冠铜箔,sz301217,38.6,37.5,38.55,38926300.0,38.6,14700,38.61,5900,2.93,39.74,37.66,38926300,1508330000.0,4.7,5.55,320.0,320.0,45.0,30.0,1.24
海科新源,sz301292,91.01,93.3,91.81,25401500.0,91.01,2800,91.02,200,-2.45,98.0,88.08,25401500,2368350000.0,29.86,10.63,77.42,202.77,111.96,74.64,0.92
奕东电子,sz301123,52.45,50.63,52.0,4367700.0,52.44,2600,52.45,15600,3.59,52.65,51.53,4367700,227970000.0,1.87,2.21,122.52,123.07,60.76,40.5,1.41
安通控股,sh600179,4.46,4.42,4.48,34082800.0,4.46,362500,4.47,394200,0.9,4.5,4.42,34082800,151680000.0,0.88,1.81,172.26,188.73,4.86,3.98,0.79
华联控股,sz000036,4.84,4.84,4.93,33520100.0,4.83,279300,4.84,275800,0.0,4.94,4.8,33520100,162720000.0,2.39,2.89,67.82,67.94,5.32,4.36,0.56
滨海能源,sz000695,13.01,13.27,13.71,27734700.0,13.0,90200,13.01,121200,-1.96,13.76,12.74,27734700,361940000.0,12.5,7.69,28.86,30.15,14.6,11.94,1.15
嘉美包装,sz002969,23.25,24.12,23.52,66952600.0,23.25,180800,23.26,46900,-3.61,23.88,22.86,66952600,1558060000.0,6.13,4.23,253.96,255.4,26.53,21.71,0.94
联发股份,sz002394,13.86,13.51,13.73,4575200.0,13.85,135000,13.86,80300,2.59,13.92,13.64,4575200,63170000.0,1.42,2.07,44.81,44.86,14.86,12.16,0.64
海汽集团,sh603069,17.78,17.56,17.8,3060500.0,17.78,49400,17.79,9000,1.25,17.85,17.44,3060500,53990000.0,0.97,2.33,56.18,56.18,19.32,15.8,0.85
胜通能源,sz001331,55.7,54.17,55.0,6164700.0,55.69,10700,55.7,1100,2.82,56.77,54.21,6164700,344410000.0,3.67,4.73,93.51,157.21,59.59,48.75,1.04
海南瑞泽,sz002596,3.8,3.79,3.86,25243200.0,3.79,180400,3.8,58000,0.26,3.87,3.77,25243200,95810000.0,2.2,2.64,43.57,43.61,4.17,3.41,1.02
多氟多,sz002407,28.05,27.82,28.15,64960900.0,28.04,33100,28.05,151200,0.83,28.75,27.03,64960900,1803950000.0,6.01,6.18,303.09,333.92,30.6,25.04,0.81
章源钨业,sz002378,31.49,31.31,32.12,39293700.0,31.49,105100,31.5,99600,0.57,32.18,31.12,39293700,1238340000.0,3.29,3.39,376.34,378.33,34.44,28.18,0.54
神剑股份,sz002361,17.0,16.5,17.0,409750400.0,17.0,427100,17.01,72500,3.03,18.0,16.0,409750400,7017320000.0,50.64,12.12,137.55,161.68,18.15,14.85,2.28
圣晖集成,sh603163,107.32,104.9,108.1,3402600.0,107.32,9400,107.33,1300,2.31,111.21,104.8,3402600,365380000.0,3.4,6.11,107.32,107.32,115.39,94.41,0.77
万润股份,sz002643,15.81,15.53,15.81,8331300.0,15.81,2500,15.83,34200,1.8,15.86,15.64,8331300,131480000.0,0.92,1.42,143.76,145.92,17.08,13.98,0.87
快克智能,sh603203,36.72,35.09,35.9,3291100.0,36.71,600,36.72,13500,4.65,37.05,35.76,3291100,120400000.0,1.32,3.68,91.49,93.14,38.6,31.58,1.22
海南发展,sz002163,13.04,13.11,13.3,21642900.0,13.04,8100,13.05,14200,-0.53,13.35,12.95,21642900,282410000.0,2.69,3.05,104.78,110.18,14.42,11.8,0.9
宏和科技,sh603256,72.93,70.05,75.24,38946000.0,72.93,7400,72.94,600,4.11,77.06,70.5,38946000,2880980000.0,4.43,9.36,641.59,659.71,77.06,63.05,1.94
亚翔集成,sh603929,184.7,179.9,187.0,4502300.0,184.68,100,184.7,200,2.67,188.78,180.33,4502300,828740000.0,2.11,4.7,394.08,394.08,197.89,161.91,0.67
世嘉科技,sz002796,46.92,45.76,48.0,12908700.0,46.92,14300,46.93,1100,2.53,48.33,45.88,12908700,604840000.0,5.67,5.35,106.84,118.41,50.34,41.18,0.74
深圳新星,sh603978,24.97,24.76,25.03,9261800.0,24.97,3100,24.99,700,0.85,25.88,24.6,9261800,232180000.0,4.39,5.17,52.71,52.71,27.24,22.28,0.75
友邦吊顶,sz002718,60.6,60.6,0.0,0.0,0.0,0,0.0,0,0.0,0.0,0.0,0,0.0,0.0,0.0,56.95,78.45,66.66,54.54,0.0
九鼎新材,sz002201,11.76,11.62,11.55,51077700.0,11.75,278300,11.76,40400,1.2,12.05,11.46,51077700,598940000.0,8.48,5.08,70.8,76.63,12.78,10.46,1.94
国风新材,sz000859,9.84,10.08,10.01,45702600.0,9.83,125700,9.84,275300,-2.38,10.15,9.73,45702600,450430000.0,5.1,4.17,88.16,88.16,11.09,9.07,1.02
天际股份,sz002759,35.53,34.5,34.85,56803700.0,35.53,4700,35.54,28800,2.99,37.33,33.56,56803700,2008680000.0,11.34,10.93,177.98,178.14,37.95,31.05,0.83
东材科技,sh601208,30.53,29.35,30.5,39662300.0,30.52,8900,30.53,194200,4.02,31.14,30.15,39662300,1216990000.0,3.93,3.37,308.41,308.41,32.29,26.42,1.14
三孚股份,sh603938,24.06,24.1,24.75,8392800.0,24.05,32500,24.06,3400,-0.17,24.81,23.85,8392800,202480000.0,2.19,3.98,92.06,92.06,26.51,21.69,0.76
航天工程,sh603698,30.55,30.63,30.9,15077100.0,30.54,1800,30.55,37800,-0.26,30.98,29.69,15077100,456120000.0,2.81,4.21,163.74,163.74,33.69,27.57,1.02
翔鹭钨业,sz002842,32.2,32.75,32.1,36699000.0,32.2,27900,32.21,4100,-1.68,32.96,31.18,36699000,1174090000.0,13.67,5.44,86.44,105.35,36.03,29.48,0.97
天赐材料,sz002709,45.75,46.0,46.51,91060800.0,45.74,47300,45.75,101000,-0.54,46.99,44.5,91060800,4146390000.0,6.03,5.41,690.37,932.64,50.6,41.4,0.77
安记食品,sh603696,16.29,17.03,16.92,13521700.0,16.28,17600,16.29,25300,-4.35,17.1,16.1,13521700,220770000.0,5.75,5.87,38.31,38.31,18.73,15.33,1.68
柏诚股份,sh601133,18.85,17.14,17.6,16614300.0,18.85,5055400,0.0,0,9.98,18.85,17.6,16614300,307570000.0,11.12,7.29,28.16,99.53,18.85,15.43,0.59
德尔未来,sz002631,6.8,6.63,6.74,13290000.0,6.79,34700,6.8,65500,2.56,6.96,6.69,13290000,90330000.0,1.67,4.07,53.96,54.22,7.29,5.97,0.6
创元科技,sz000551,13.45,13.24,13.55,8110900.0,13.45,31300,13.46,58100,1.59,13.64,13.33,8110900,109200000.0,1.67,2.34,65.17,65.2,14.56,11.92,0.96
浔兴股份,sz002098,9.13,9.07,9.19,2680300.0,9.12,14000,9.13,8100,0.66,9.25,9.05,2680300,24500000.0,0.75,2.21,32.68,32.69,9.98,8.16,0.96
合兴包装,sz002228,3.97,3.95,3.98,22410500.0,3.96,107000,3.97,204100,0.51,4.02,3.91,22410500,88880000.0,1.85,2.78,48.01,48.17,4.35,3.56,1.0
神农种业,sz300189,6.93,7.1,7.07,89393300.0,6.93,1206100,6.94,253200,-2.39,7.16,6.88,89393300,620730000.0,10.09,3.94,61.42,70.96,8.52,5.68,0.75
南宁百货,sh600712,6.26,6.21,6.29,4158700.0,6.25,4000,6.26,76900,0.81,6.32,6.21,4158700,26020000.0,0.77,1.77,33.72,34.1,6.83,5.59,0.68
集泰股份,sz002909,6.68,6.56,6.69,6704600.0,6.66,9700,6.68,103900,1.83,6.73,6.53,6704600,44450000.0,1.76,3.05,25.41,26.05,7.22,5.9,0.8
鹏辉能源,sz300438,53.97,56.44,56.0,44234800.0,53.97,87100,53.98,200,-4.38,56.69,52.5,44234800,2404390000.0,10.94,7.42,218.13,271.65,67.73,45.15,0.93
大中矿业,sz001203,39.58,39.93,40.73,20292300.0,39.57,2700,39.58,7200,-0.88,40.88,39.17,20292300,807290000.0,1.54,4.28,520.6,606.79,43.92,35.94,0.51
菱电电控,sh688667,98.22,97.97,100.98,116988000.0,98.22,700,98.38,200,0.26,101.48,97.28,116988000,116540000.0,2.22,4.29,51.76,51.76,117.56,78.38,1.13
海南海药,sz000566,5.61,5.44,5.49,50174200.0,5.6,459200,5.61,613200,3.12,5.63,5.38,50174200,278200000.0,3.87,4.6,72.75,72.78,5.98,4.9,1.65
鲁信创投,sh600783,20.7,21.07,21.27,14394100.0,20.69,11500,20.7,2900,-1.76,21.55,20.48,14394100,299320000.0,1.93,5.08,154.08,154.08,23.18,18.96,1.15
鸿富瀚,sz301086,133.69,128.07,130.5,2461800.0,133.68,2000,133.69,2800,4.39,135.0,129.52,2461800,326680000.0,5.2,4.28,63.29,120.32,153.68,102.46,1.08
鹭燕医药,sz002788,16.7,16.17,15.98,118029300.0,16.7,432800,16.71,414400,3.28,17.7,14.97,118029300,1898340000.0,30.91,16.88,63.76,64.88,17.79,14.55,2.99
青鸟消防,sz002960,11.96,11.85,12.08,15997000.0,11.96,34600,11.97,18400,0.93,12.2,11.88,15997000,192050000.0,1.98,2.7,96.7,105.23,13.04,10.67,0.8
和林微纳,sh688661,76.7,73.78,77.0,476455100.0,76.69,200,76.7,3000,3.96,77.91,74.56,476455100,364570000.0,3.14,4.54,116.5,116.5,88.54,59.02,0.94
联特科技,sz301205,222.78,208.68,218.0,11683600.0,222.77,14000,222.78,5000,6.76,224.88,211.1,11683600,2556130000.0,14.01,6.6,185.81,289.04,250.42,166.94,1.15
天华新能,sz300390,58.2,58.5,58.74,31986400.0,58.19,3800,58.2,14100,-0.51,60.0,56.6,31986400,1860380000.0,4.76,5.81,391.26,483.5,70.2,46.8,0.62
可川科技,sh603052,64.25,65.62,68.0,10295800.0,64.25,600,64.26,15900,-2.09,68.15,63.01,10295800,671950000.0,5.48,7.83,120.72,120.72,72.18,59.06,1.16
华康洁净,sz301235,46.23,44.39,45.88,5210300.0,46.23,100,46.24,12100,4.15,46.68,45.5,5210300,240460000.0,7.16,2.66,33.63,49.83,53.27,35.51,0.83
石大胜华,sh603026,85.93,86.65,87.51,19789000.0,85.93,2900,85.94,5400,-0.83,89.5,84.24,19789000,1719400000.0,8.5,6.07,199.96,199.96,95.32,77.99,0.76
天宏锂电,bj920252,27.28,27.05,27.44,1867500.0,27.28,32400,27.29,1000,0.85,27.66,27.07,1867500,50975700.0,2.74,2.18,18.61,28.0,35.16,18.94,0.43
华瑞股份,sz300626,20.03,19.41,19.9,5606400.0,20.02,3400,20.03,294800,3.19,20.25,19.37,5606400,110860000.0,3.12,4.53,36.03,36.05,23.29,15.53,0.93
京能电力,sh600578,5.22,5.08,5.15,57568800.0,5.21,140500,5.22,36200,2.76,5.31,5.09,57568800,299780000.0,0.86,4.33,349.46,349.46,5.59,4.57,0.77
山东黄金,sh600547,41.13,40.25,41.55,49314600.0,41.12,47200,41.13,43600,2.19,41.83,40.58,49314600,2030220000.0,1.36,3.11,1486.62,1896.06,44.28,36.23,0.78
同惠电子,bj920509,28.67,27.98,28.71,2049900.0,28.67,3300,28.68,5600,2.47,29.4,28.38,2049900,59072800.0,2.44,3.65,24.08,45.96,36.37,19.59,1.43
博威合金,sh601137,18.61,18.06,18.39,12021800.0,18.6,85700,18.61,17800,3.05,18.62,18.29,12021800,222100000.0,1.31,1.83,170.76,170.89,19.87,16.25,0.95
四方达,sz300179,20.59,20.43,21.25,28599200.0,20.58,37600,20.59,45700,0.78,21.45,20.36,28599200,596370000.0,7.65,5.34,77.0,100.01,24.52,16.34,1.04
海博思创,sh688411,231.65,233.63,233.78,707512700.0,231.63,1900,231.65,100,-0.85,238.08,220.0,707512700,1637850000.0,5.34,7.74,307.11,417.18,280.36,186.9,0.83
天振股份,sz301356,22.1,21.57,21.87,1484500.0,22.1,175300,22.12,1000,2.46,22.1,21.49,1484500,32310000.0,2.71,2.83,12.11,47.74,25.88,17.26,0.91
艾可蓝,sz300816,64.2,62.61,64.0,2414900.0,64.05,100,64.2,26300,2.54,65.5,63.52,2414900,155980000.0,4.26,3.16,36.38,51.36,75.13,50.09,1.25
富祥药业,sz300497,19.12,18.15,18.22,105074000.0,19.11,212500,19.12,17900,5.34,19.73,18.0,105074000,1992200000.0,23.83,9.53,84.29,102.99,21.78,14.52,0.9
云南锗业,sz002428,49.9,48.91,51.21,75146500.0,49.89,2400,49.9,21700,2.02,51.51,48.11,75146500,3730710000.0,11.51,6.95,325.86,325.91,53.8,44.02,0.78
中钨高新,sz000657,48.87,47.71,48.73,47849500.0,48.86,76600,48.87,5400,2.43,49.33,48.03,47849500,2331830000.0,3.29,2.72,710.04,1113.55,52.48,42.94,0.76
泓禧科技,bj920857,23.5,23.43,23.64,810500.0,23.5,7000,23.54,100,0.3,23.98,23.18,810500,18978900.0,1.1,3.41,17.39,17.39,30.45,16.41,0.8
盛剑科技,sh603324,25.08,24.75,24.99,2469400.0,25.08,19300,25.1,7800,1.33,25.4,24.87,2469400,61900000.0,1.67,2.14,37.04,37.04,27.23,22.28,0.49
厦钨新能,sh688778,72.95,71.9,73.01,334166700.0,72.95,8400,72.99,200,1.46,73.93,71.36,334166700,242740000.0,0.66,3.57,368.17,368.17,86.28,57.52,0.63
湖南裕能,sz301358,72.42,75.58,75.98,28780000.0,72.42,9300,72.43,33700,-4.18,76.69,71.97,28780000,2106920000.0,3.79,6.25,550.35,550.97,90.7,60.46,1.06
万润新能,sh688275,106.24,107.61,108.62,830931900.0,106.21,200,106.24,600,-1.27,112.8,105.33,830931900,902280000.0,6.59,6.94,133.99,133.99,129.13,86.09,0.96
菲菱科思,sz301191,138.3,126.0,129.0,6211700.0,138.3,4900,138.31,100,9.76,138.38,126.8,6211700,835920000.0,11.9,9.19,72.19,95.9,151.2,100.8,1.29
英诺激光,sz301021,52.67,51.69,52.81,3071400.0,52.67,2500,52.68,2600,1.9,53.45,52.13,3071400,162000000.0,2.01,2.55,80.45,80.51,62.03,41.35,0.83
中材科技,sz002080,41.17,39.27,41.58,45033700.0,41.17,82300,41.18,47900,4.84,42.8,40.91,45033700,1876300000.0,2.68,4.81,690.88,690.88,43.2,35.34,1.41
茂莱光学,sh688502,321.51,299.59,307.0,133927300.0,321.51,7100,321.58,400,7.32,324.48,302.0,133927300,422100000.0,2.54,7.5,169.76,169.76,359.51,239.67,2.11
阿特斯,sh688472,13.25,12.8,13.1,5352845500.0,13.25,94800,13.26,62400,3.52,13.59,12.83,5352845500,707480000.0,3.97,5.94,178.56,482.72,15.36,10.24,0.92
恩捷股份,sz002812,66.87,67.78,68.63,31643500.0,66.86,21800,66.87,93300,-1.34,70.1,66.5,31643500,2148700000.0,3.85,5.31,550.11,656.75,74.56,61.0,0.77
荣亿精密,bj920223,15.78,15.55,15.98,1058600.0,15.77,500,15.78,1900,1.48,16.15,15.66,1058600,16791200.0,1.3,3.15,12.87,24.82,20.21,10.89,0.81
海峡股份,sz002320,8.77,8.56,8.67,27129900.0,8.77,76800,8.78,18200,2.45,8.82,8.63,27129900,237420000.0,1.21,2.22,196.04,196.04,9.42,7.7,1.32
山东赫达,sz002810,24.02,23.44,23.68,26956800.0,24.02,86400,24.03,15000,2.47,24.8,23.67,26956800,648620000.0,8.34,4.82,77.6,83.8,25.78,21.1,1.26
东百集团,sh600693,11.13,11.31,11.52,32410900.0,11.13,63400,11.14,97800,-1.59,11.56,10.98,32410900,360770000.0,3.73,5.13,96.71,96.81,12.44,10.18,0.96
海峡创新,sz300300,13.83,14.82,14.41,149880700.0,13.83,280900,13.84,67000,-6.68,14.64,13.61,149880700,2091740000.0,22.48,6.95,92.22,92.22,17.78,11.86,1.01
锦华新材,bj920015,37.47,36.53,37.11,848000.0,37.4,5000,37.47,900,2.57,37.55,37.0,848000,31617800.000000004,2.25,1.51,14.14,50.8,47.48,25.58,0.82
同宇新材,sz301630,176.49,169.0,173.03,784400.0,176.44,100,176.49,11700,4.43,179.5,173.03,784400,138640000.0,7.84,3.83,17.65,70.6,202.8,135.2,1.46
广钢气体,sh688548,22.19,22.25,22.35,2805745600.0,22.18,20600,22.19,11100,-0.27,22.59,21.28,2805745600,612970000.0,4.06,5.89,153.38,292.77,26.7,17.8,1.08
马钢股份,sh600808,3.8,3.75,3.81,46346400.0,3.8,28800,3.81,96600,1.33,3.89,3.79,46346400,177610000.0,0.78,2.67,226.77,292.63,4.13,3.38,0.82
捷邦科技,sz301326,130.69,119.18,123.0,1936800.0,130.69,700,130.7,100,9.66,130.98,123.0,1936800,247070000.0,2.69,6.7,94.17,95.02,143.02,95.34,1.93
华资实业,sh600191,12.18,12.11,12.3,4048600.0,12.17,2400,12.18,26000,0.58,12.38,12.09,4048600,49430000.0,0.83,2.39,59.06,59.06,13.32,10.9,0.37
永太科技,sz002326,23.25,22.8,23.23,38008300.0,23.24,14200,23.25,84000,1.97,23.87,22.76,38008300,886170000.0,4.7,4.87,187.9,215.09,25.08,20.52,0.79
浩通科技,sz301026,28.11,27.7,28.38,2376400.0,28.11,31200,28.12,1900,1.48,28.49,27.85,2376400,66730000.0,2.08,2.31,32.13,44.49,33.24,22.16,0.67
申菱环境,sz301018,95.0,91.52,94.5,8107500.0,95.0,6100,95.01,100,3.8,97.5,93.74,8107500,773560000.0,4.07,4.11,189.05,252.75,109.82,73.22,0.82
鼎胜新材,sh603876,21.92,22.16,22.58,35802300.0,21.91,28400,21.92,17800,-1.08,22.66,21.36,35802300,780830000.0,3.85,5.87,203.7,203.7,24.38,19.94,0.88
英维克,sz002837,87.18,84.35,86.9,34381400.0,87.18,36200,87.19,83700,3.36,87.4,85.31,34381400,2974980000.0,4.04,2.48,741.2,851.36,92.79,75.92,0.91
赛恩斯,sh688480,84.45,76.92,80.69,454823600.0,84.45,25200,84.5,400,9.79,84.99,79.85,454823600,372640000.0,4.77,6.68,80.5,80.5,92.3,61.54,1.22
华光新材,sh688379,45.73,44.66,45.4,99625500.0,45.73,8100,45.74,1000,2.4,45.92,45.23,99625500,45410000.0,1.11,1.55,41.2,43.43,53.59,35.73,0.86
英特科技,sz301399,24.3,24.89,24.27,17095400.0,24.29,51100,24.3,20600,-2.37,24.61,23.3,17095400,406580000.0,31.26,5.26,13.29,44.96,29.87,19.91,1.32
德力股份,sz002571,11.63,11.35,11.55,5641300.0,11.62,19200,11.63,27300,2.47,11.68,11.35,5641300,65180000.0,1.89,2.91,34.69,45.58,12.49,10.22,0.83
新疆火炬,sh603080,21.76,21.46,21.62,1560100.0,21.75,11400,21.76,35600,1.4,21.84,21.52,1560100,33860000.0,1.1,1.49,30.79,30.79,23.61,19.31,0.79
漱玉平民,sz301017,14.68,14.43,14.51,12000500.0,14.67,14300,14.68,63100,1.73,14.7,14.14,12000500,174200000.0,4.93,3.88,35.76,59.54,17.32,11.54,1.68
菲利华,sz300395,94.8,91.4,94.49,20833200.0,94.8,27800,94.81,500,3.72,96.9,93.5,20833200,1978270000.0,4.07,3.72,485.02,495.11,109.68,73.12,1.05
新宙邦,sz300037,57.22,56.32,57.1,19400800.0,57.21,14100,57.22,22500,1.6,59.2,55.47,19400800,1113270000.0,3.6,6.62,308.08,430.18,67.58,45.06,0.76
恒坤新材,sh688727,47.68,46.41,47.39,183545000.0,47.68,4000,47.69,16600,2.74,48.1,47.38,183545000,87490000.0,3.65,1.55,23.96,214.24,55.69,37.13,0.77
国城矿业,sz000688,39.05,38.87,38.85,30284400.0,39.05,2000,39.07,1700,0.46,40.25,36.8,30284400,1182720000.0,2.56,8.88,462.77,462.77,42.76,34.98,0.75
沃尔德,sh688028,87.72,85.09,89.3,490911400.0,87.71,400,87.72,8600,3.09,89.3,85.55,490911400,430550000.0,3.25,4.41,132.41,132.41,102.11,68.07,0.95
德福科技,sz301511,39.55,38.95,39.9,29733500.0,39.54,2400,39.55,58200,1.54,41.15,39.0,29733500,1183510000.0,7.94,5.52,148.17,249.29,46.74,31.16,1.05
艾森股份,sh688720,68.2,67.08,68.05,214596200.0,68.2,1400,68.28,800,1.67,70.37,67.63,214596200,147210000.0,3.81,4.08,38.45,60.11,80.5,53.66,1.0
康芝药业,sz300086,8.53,8.23,8.38,27034600.0,8.52,45100,8.53,239200,3.65,8.6,8.19,27034600,228890000.0,6.13,4.98,37.59,38.82,9.88,6.58,1.73
盛屯矿业,sh600711,13.54,12.67,13.89,207638200.0,13.54,125600,13.55,459400,6.87,13.89,13.3,207638200,2814600000.0,6.72,4.66,418.47,418.47,13.94,11.4,1.49
新莱应材,sz300260,47.61,45.72,46.76,9668900.0,47.6,3100,47.61,16100,4.13,47.88,46.6,9668900,456980000.0,3.36,2.8,136.94,194.16,54.86,36.58,1.3
奥克股份,sz300082,10.67,10.51,10.6,26477000.0,10.66,24700,10.67,55100,1.52,10.88,10.35,26477000,281710000.0,3.9,5.04,72.37,72.57,12.61,8.41,0.71
波长光电,sz301421,92.08,82.45,84.3,7846800.0,92.07,300,92.08,13400,11.68,93.33,84.01,7846800,698750000.0,16.94,11.3,42.64,106.55,98.94,65.96,4.16
佛塑科技,sz000973,17.96,18.3,18.61,59537500.0,17.96,39800,17.97,52600,-1.86,18.67,17.88,59537500,1080460000.0,6.15,4.32,173.75,441.5,20.13,16.47,0.67
厦门钨业,sh600549,56.0,55.62,57.01,41862500.0,56.0,52900,56.01,31500,0.68,57.07,55.36,41862500,2349120000.0,2.69,3.07,870.2,889.05,61.18,50.06,0.5
博苑股份,sz301617,56.22,54.5,55.01,1970600.0,56.21,100,56.22,400,3.16,56.56,55.01,1970600,110260000.0,3.72,2.84,29.82,75.13,65.4,43.6,0.92
威尔高,sz301251,57.17,55.32,57.51,3740100.0,57.17,3500,57.26,100,3.34,57.97,56.28,3740100,213700000.0,6.93,3.05,30.87,77.0,66.38,44.26,1.08
捷众科技,bj920690,24.34,23.6,24.39,655900.0,24.34,2700,24.35,600,3.14,24.4,23.9,655900,15868200.0,1.52,2.12,10.49,16.14,30.68,16.52,0.91
矩阵股份,sz301365,30.93,29.86,30.12,8123900.0,30.93,5700,30.94,11600,3.58,31.5,30.02,8123900,249940000.0,8.01,4.96,31.36,55.67,35.83,23.89,1.1
长缆科技,sz002879,20.53,20.28,20.66,4246600.0,20.52,200,20.54,42500,1.23,20.86,20.34,4246600,87120000.0,3.08,2.56,28.3,39.64,22.31,18.25,0.83
华自科技,sz300490,16.71,15.97,16.32,21986000.0,16.71,31900,16.72,107400,4.63,16.88,16.02,21986000,363720000.0,5.59,5.39,65.71,66.62,19.16,12.78,0.86
国林科技,sz300786,14.33,14.06,14.31,3262600.0,14.31,1700,14.33,8400,1.92,14.4,14.15,3262600,46560000.0,2.23,1.78,20.97,26.37,16.87,11.25,0.78
浦东建设,sh600284,7.24,7.16,7.24,8826100.0,7.23,4600,7.24,51100,1.12,7.27,7.13,8826100,63530000.0,0.91,1.96,70.25,70.25,7.88,6.44,0.63
戎美股份,sz301088,14.32,14.03,14.14,1692100.0,14.3,4100,14.32,8800,2.07,14.37,14.14,1692100,24150000.0,0.9,1.64,26.9,32.64,16.84,11.22,1.04
美联新材,sz300586,9.26,9.16,9.36,4891100.0,9.25,36900,9.26,20800,1.09,9.4,9.17,4891100,45310000.0,0.91,2.51,49.5,65.86,10.99,7.33,0.65
芳源股份,sh688148,8.03,7.91,8.18,1675009000.0,8.02,25400,8.03,160200,1.52,8.3,7.93,1675009000,134830000.0,3.28,4.68,40.97,40.97,9.49,6.33,0.91
科创新源,sz300731,66.2,65.77,67.19,6969700.0,66.2,17800,66.22,1200,0.65,68.65,65.99,6969700,468050000.0,5.8,4.04,79.56,83.83,78.92,52.62,0.84
鼎信通讯,sh603421,8.77,9.04,9.14,35795000.0,8.77,44000,8.78,33800,-2.99,9.46,8.72,35795000,321610000.0,5.49,8.19,57.2,57.2,9.94,8.14,0.63
ST围海,sz002586,4.66,4.68,4.73,6751800.0,4.65,63800,4.66,60400,-0.43,4.75,4.61,6751800,31660000.0,0.62,2.99,50.68,53.32,4.91,4.45,1.16
劲拓股份,sz300400,24.21,23.4,24.03,13364200.0,24.21,7400,24.22,3400,3.46,25.08,23.85,13364200,326880000.0,5.57,5.26,58.09,58.74,28.08,18.72,0.77
杰美特,sz300868,51.83,54.06,55.14,6654600.0,51.83,56300,51.84,300,-4.13,55.68,51.71,6654600,352510000.0,8.24,7.34,41.86,66.32,64.87,43.25,0.61
嘉元科技,sh688388,42.78,41.48,42.79,2074716700.0,42.78,12200,42.79,4800,3.13,43.0,41.49,2074716700,877630000.0,4.6,3.64,192.91,192.91,49.78,33.18,0.69
康欣新材,sh600076,3.55,3.53,3.65,21321100.0,3.54,315600,3.55,6100,0.57,3.69,3.53,21321100,76330000.0,1.59,4.53,47.73,47.73,3.88,3.18,0.62
龙图光罩,sh688721,39.23,38.59,39.5,77568900.0,39.23,2800,39.3,500,1.66,39.8,39.0,77568900,30460000.0,1.45,2.07,20.98,52.37,46.31,30.87,0.83
*ST熊猫,sh600599,5.61,5.9,5.61,428000.0,0.0,0,5.61,3794900,-4.92,5.61,5.61,428000,2400000.0,0.26,0.0,9.31,9.31,6.2,5.61,0.09
*ST返利,sh600228,5.56,5.51,5.61,4702000.0,5.55,187700,5.56,800,0.91,5.65,5.47,4702000,26120000.0,1.13,3.27,23.13,23.17,5.79,5.23,0.9
统联精密,sh688210,42.99,42.59,42.38,364398000.0,42.99,1500,43.0,2300,0.94,43.52,42.01,364398000,156530000.0,2.25,3.55,69.58,69.58,51.11,34.07,0.76
*ST宇顺,sz002289,26.59,26.55,26.77,983800.0,26.59,1200,26.6,3000,0.15,26.77,26.25,983800,25990000.0,0.35,1.96,74.44,74.52,27.88,25.22,0.61
*ST松发,sh603268,117.22,112.2,112.51,4686600.0,117.22,8600,117.23,12500,4.47,117.71,112.51,4686600,545710000.0,2.01,4.63,273.42,1137.95,117.81,106.59,1.21
*ST荣控,sz000668,14.82,14.7,14.7,1659600.0,14.82,64400,14.88,13300,0.82,15.06,14.49,1659600,24570000.0,1.13,3.88,21.76,21.76,15.44,13.97,0.76
中国巨石,sh600176,25.71,24.31,25.85,84992800.0,25.7,15400,25.71,68100,5.76,26.68,25.44,84992800,2200170000.0,2.12,5.1,1029.21,1029.21,26.74,21.88,1.22
*ST万方,sz000638,1.27,1.34,1.27,20033300.0,0.0,0,1.27,3000500,-5.22,1.34,1.27,20033300,25550000.0,6.46,5.22,3.94,3.95,1.41,1.27,0.93
南山铝业,sh600219,6.17,6.13,6.23,223033200.0,6.17,1095300,6.18,1700600,0.65,6.26,6.06,223033200,1370280000.0,1.94,3.26,708.54,708.54,6.74,5.52,0.71
*ST建艺,sz002789,11.8,11.83,12.0,2263400.0,11.79,8500,11.8,13400,-0.25,12.1,11.51,2263400,26500000.0,1.45,4.99,18.46,18.84,12.42,11.24,0.54
中矿资源,sz002738,74.59,74.3,74.01,31434600.0,74.59,20000,74.6,11300,0.39,75.3,70.8,31434600,2311500000.0,4.42,6.06,530.37,538.16,81.73,66.87,0.76
天普股份,sh605255,99.74,99.01,100.98,1406500.0,99.74,1000,100.08,200,0.74,101.0,98.0,1406500,140270000.0,1.05,3.03,133.73,133.73,108.91,89.11,0.87
孚日股份,sz002083,12.95,11.77,11.95,74453200.0,12.95,5300300,0.0,0,10.03,12.95,11.55,74453200,927870000.0,7.87,11.89,122.55,122.59,12.95,10.59,1.08
*ST步森,sz002569,14.91,14.81,14.9,1744100.0,14.91,3400,14.94,2900,0.68,15.4,14.67,1744100,26170000.0,1.25,4.93,20.87,21.47,15.55,14.07,0.51
川环科技,sz300547,31.82,29.8,30.55,10572000.0,31.81,10500,31.82,6500,6.78,31.89,30.39,10572000,330640000.0,5.93,5.03,56.71,69.02,35.76,23.84,1.33
*ST岩石,sh600696,1.62,1.61,1.58,3222800.0,1.62,54400,1.63,299700,0.62,1.66,1.58,3222800,5220000.0,0.96,4.97,5.42,5.42,1.69,1.53,0.48
ST西发,sz000752,10.18,10.72,10.66,12938200.0,0.0,0,10.18,756100,-5.04,10.79,10.18,12938200,133890000.0,4.91,5.69,26.85,26.85,11.26,10.18,2.32
尚太科技,sz001301,74.6,74.28,75.23,4252900.0,74.59,1800,74.6,5100,0.43,76.58,74.01,4252900,319500000.0,2.29,3.46,138.8,194.56,81.71,66.85,0.66
星环科技-U,sh688031,145.92,138.6,143.46,642970300.0,145.91,4500,145.92,400,5.28,146.0,140.0,642970300,920060000.0,5.31,4.33,176.76,176.76,166.32,110.88,0.9
*ST云网,sz002306,2.38,2.27,2.38,21568200.0,2.38,2595300,0.0,0,4.85,2.38,2.31,21568200,51020000.0,2.65,3.08,19.37,20.7,2.38,2.16,1.05
太极实业,sh600667,9.17,8.94,9.3,151622700.0,9.16,299400,9.17,79900,2.57,9.44,9.1,151622700,1403860000.0,7.25,3.8,191.79,191.79,9.83,8.05,0.85
世名科技,sz300522,11.16,10.95,11.0,2506100.0,11.15,62100,11.16,3900,1.92,11.19,11.0,2506100,27890000.0,0.95,1.74,29.36,35.99,13.14,8.76,0.76
*ST精伦,sh600355,0.64,0.67,0.64,2148200.0,0.0,0,0.64,65450700,-4.48,0.64,0.64,2148200,1370000.0,0.44,0.0,3.15,3.15,0.7,0.64,0.07
*ST惠程,sz002168,3.98,4.18,4.16,26369500.0,3.98,88200,3.99,263200,-4.78,4.16,3.97,26369500,106500000.0,3.36,4.55,31.21,31.21,4.39,3.97,1.58
中一科技,sz301150,56.4,55.93,56.71,9827700.0,56.4,17900,56.42,200,0.84,57.2,55.0,9827700,553170000.0,4.42,3.93,125.54,131.54,67.12,44.74,0.57
银座股份,sh600858,5.82,5.86,5.92,8979700.0,5.82,193400,5.83,1300,-0.68,5.94,5.78,8979700,52380000.0,1.74,2.73,30.12,30.27,6.45,5.27,1.26
*ST奥维,sz002231,0.6,0.6,0.0,0.0,0.0,0,0.0,0,0.0,0.0,0.0,0,0.0,0.0,0.0,1.85,2.08,-1.0,-1.0,0.0
盛新锂能,sz002240,39.43,40.1,40.2,43543700.0,39.43,25800,39.44,12400,-1.67,40.77,38.41,43543700,1720340000.0,4.77,5.89,359.96,360.9,44.11,36.09,0.71
耀皮玻璃,sh600819,7.25,7.17,7.29,7044100.0,7.25,28800,7.26,41800,1.12,7.48,7.21,7044100,51370000.0,0.94,3.77,54.19,70.81,7.89,6.45,1.22
梅轮电梯,sh603321,7.36,7.43,7.5,4865700.0,7.35,8400,7.36,61400,-0.94,7.55,7.28,4865700,35880000.0,1.41,3.63,25.36,25.68,8.17,6.69,0.93
平安电工,sz001359,74.77,70.22,72.27,2058900.0,74.76,1200,74.77,5200,6.48,75.8,71.07,2058900,152890000.0,4.44,6.74,34.68,138.7,77.24,63.2,2.42
先导智能,sz300450,48.4,47.7,48.77,39322600.0,48.4,79600,48.41,15500,1.47,48.9,47.63,39322600,1897140000.0,2.52,2.66,754.76,810.32,57.24,38.16,0.82
世龙实业,sz002748,11.64,11.41,11.53,3997000.0,11.63,47700,11.64,45900,2.02,11.72,11.51,3997000,46400000.0,1.67,1.84,27.94,27.94,12.55,10.27,0.84
东方铁塔,sz002545,22.35,21.87,22.25,16061600.0,22.35,18600,22.36,5900,2.19,23.05,22.25,16061600,363920000.0,1.42,3.66,252.59,278.05,24.06,19.68,1.03
银河微电,sh688689,31.94,30.65,31.38,248962800.0,31.94,800,31.96,700,4.21,32.14,31.32,248962800,79010000.0,1.93,2.68,41.17,41.17,36.78,24.52,0.92
北方华创,sz002371,450.53,447.0,455.2,6335500.0,450.53,900,450.58,100,0.79,461.24,450.02,6335500,2890030000.0,0.87,2.51,3262.98,3265.59,491.7,402.3,0.89
隆扬电子,sz301389,50.68,49.1,50.18,6941500.0,50.68,700,50.69,7700,3.22,51.4,49.63,6941500,350840000.0,8.21,3.6,42.86,143.68,58.92,39.28,0.83
成都华微,sh688709,43.1,42.69,43.98,406726200.0,43.1,12600,43.13,3200,0.96,43.98,42.85,406726200,176070000.0,1.83,2.65,95.57,274.48,51.23,34.15,0.84
科瑞技术,sz002957,27.99,26.6,27.4,19348000.0,27.98,11100,27.99,7800,5.23,28.09,27.01,19348000,535420000.0,4.62,4.06,117.19,117.55,29.26,23.94,1.05
星德胜,sh603344,27.57,27.0,27.6,1183900.0,27.56,700,27.57,300,2.11,27.74,27.27,1183900,32610000.0,2.19,1.74,14.9,53.63,29.7,24.3,0.87
中科飞测,sh688361,158.23,152.05,158.1,395555700.0,158.01,1400,158.23,1700,4.06,161.0,156.0,395555700,626960000.0,1.59,3.29,392.87,554.06,182.46,121.64,0.9
上海港湾,sh605598,46.47,47.69,48.2,3877600.0,46.47,500,46.48,1400,-2.56,48.39,46.03,3877600,180770000.0,1.6,4.95,112.93,112.93,52.46,42.92,1.23
兴瑞科技,sz002937,27.29,26.43,26.66,10149000.0,27.29,32200,27.3,2500,3.25,27.76,26.13,10149000,277060000.0,3.42,6.17,81.04,81.26,29.07,23.79,1.66
德科立,sh688205,202.0,184.0,193.0,1310300100.0,201.98,3300,202.0,10800,9.78,202.0,188.59,1310300100,2553630000.0,8.28,7.29,319.74,319.74,220.8,147.2,1.01
华丰科技,sh688629,111.35,103.28,107.0,2220318500.0,111.35,32700,111.36,4600,7.81,111.5,105.33,2220318500,2427030000.0,12.21,5.97,202.42,513.32,123.94,82.62,1.27
海通发展,sh603162,13.4,13.21,13.39,7893500.0,13.4,1900,13.41,5100,1.44,13.71,13.3,7893500,106290000.0,2.83,3.1,37.42,124.34,14.53,11.89,0.68
高德红外,sz002414,12.92,12.69,12.92,35920700.0,12.92,100,12.93,111000,1.81,13.0,12.76,35920700,462420000.0,1.06,1.89,439.1,551.78,13.96,11.42,0.85
贝特瑞,bj920185,29.13,29.07,29.45,6167300.0,29.13,2300,29.14,1200,0.21,29.81,28.87,6167300,179923500.0,0.55,3.23,325.57,331.55,37.79,20.35,0.64
凯格精机,sz301338,180.17,168.93,174.69,6180100.0,180.16,300,180.17,300,6.65,191.79,174.69,6180100,1124800000.0,10.45,10.12,106.57,191.7,202.72,135.14,1.89
和远气体,sz002971,28.66,28.27,28.5,2474000.0,28.66,3700,28.67,500,1.38,28.79,28.38,2474000,70810000.0,1.54,1.45,46.14,60.69,31.1,25.44,0.76
大族数控,sz301200,159.76,162.2,165.5,5238800.0,159.76,700,159.8,100,-1.5,165.5,155.0,5238800,835170000.0,1.24,6.47,673.2,772.49,194.64,129.76,0.93
九州一轨,sh688485,24.82,24.7,24.33,663426900.0,24.8,18000,24.82,7200,0.49,25.8,24.01,663426900,164370000.0,7.47,7.25,22.03,37.3,29.64,19.76,0.8
宝武镁业,sz002182,16.34,15.4,15.85,38252200.0,16.33,126600,16.34,250400,6.1,16.58,15.73,38252200,616940000.0,4.42,5.52,141.42,162.06,16.94,13.86,1.41
立高食品,sz300973,33.25,32.4,33.0,2055400.0,33.21,6600,33.25,10900,2.62,33.27,32.81,2055400,68010000.0,1.76,1.42,38.74,56.31,38.88,25.92,1.03
淳中科技,sh603516,139.1,138.41,141.83,3907900.0,139.1,900,139.12,1100,0.5,142.56,138.74,3907900,548070000.0,1.92,2.76,282.75,282.75,152.25,124.57,0.99
生物股份,sh600201,14.74,14.4,14.54,18419800.0,14.74,22400,14.75,15800,2.36,14.79,14.45,18419800,269630000.0,1.66,2.36,163.87,163.87,15.84,12.96,0.92
苏大维格,sz300331,42.94,41.85,42.76,6985500.0,42.93,16200,42.94,2300,2.6,43.47,42.23,6985500,298900000.0,3.32,2.96,90.27,111.5,50.22,33.48,0.83
中百集团,sz000759,5.63,5.64,5.71,13350000.0,5.62,231000,5.63,159600,-0.18,5.73,5.56,13350000,74970000.0,2.04,3.01,36.92,37.3,6.2,5.08,0.87
国盾量子,sh688027,547.17,532.9,552.62,169547100.0,547.1,500,547.17,3300,2.68,556.0,538.0,169547100,923220000.0,2.11,3.38,439.78,562.82,639.48,426.32,0.75
龙蟠科技,sh603906,21.88,22.52,22.18,60152700.0,21.87,14200,21.88,125800,-2.84,22.88,21.01,60152700,1326550000.0,10.65,8.3,123.64,149.9,24.77,20.27,0.9
利元亨,sh688499,47.99,47.1,48.06,525380600.0,47.98,500,47.99,4000,1.89,48.72,47.48,525380600,252190000.0,3.11,2.63,80.97,80.97,56.52,37.68,1.01
华正新材,sh603186,62.16,59.9,61.88,7590000.0,62.16,3300,62.17,6700,3.77,63.8,61.39,7590000,473160000.0,4.84,4.02,97.46,97.46,65.89,53.91,0.98
白云电器,sh603861,16.31,15.98,16.25,11250800.0,16.31,41800,16.32,27300,2.07,16.55,16.17,11250800,184060000.0,2.13,2.38,86.21,88.16,17.58,14.38,0.61
皖能电力,sz000543,8.39,8.42,8.47,49306200.0,8.39,609500,8.4,303200,-0.36,8.47,8.3,49306200,412790000.0,2.18,2.02,190.19,190.19,9.26,7.58,0.58
龙高股份,sh605086,35.61,34.57,35.59,1497800.0,35.6,15300,35.61,3900,3.01,35.9,34.85,1497800,53070000.0,0.84,3.04,63.81,63.81,38.03,31.11,1.1
普蕊斯,sz301257,58.96,55.46,56.11,2985800.0,58.95,100,58.96,900,6.31,59.1,55.2,2985800,172110000.0,3.96,7.03,44.41,46.58,66.55,44.37,1.32
安达科技,bj920809,7.34,7.24,7.38,11679500.0,7.33,62500,7.34,7100,1.38,7.46,7.26,11679500,85743100.0,2.54,2.76,33.7,43.97,9.41,5.07,0.57
艾迪药业,sh688488,17.82,14.85,15.14,2861689900.0,17.82,1603300,0.0,0,20.0,17.82,15.07,2861689900,484700000.0,6.8,18.52,74.98,74.98,17.82,11.88,4.69
松霖科技,sh603992,33.45,31.55,31.74,6371500.0,33.44,1000,33.45,13800,6.02,33.7,31.55,6371500,209050000.0,1.44,6.81,148.2,148.2,34.71,28.4,0.7
欧科亿,sh688308,85.76,78.22,82.48,2051139000.0,85.74,1400,85.76,11000,9.64,87.72,81.46,2051139000,1732560000.0,12.92,8.0,136.17,136.17,93.86,62.58,1.04
信德新材,sz301349,52.58,51.49,52.5,4292400.0,52.55,1600,52.58,8100,2.12,53.53,51.77,4292400,225020000.0,4.21,3.42,53.63,53.63,61.79,41.19,0.75
*ST聆达,sz300125,8.65,8.65,8.75,5246500.0,8.64,600,8.65,11200,0.0,8.83,8.57,5246500,45600000.0,1.45,3.01,31.21,57.6,10.38,6.92,0.53
百奥泰,sh688177,23.09,21.71,22.31,404505700.0,23.08,6800,23.09,6900,6.36,23.24,21.87,404505700,92020000.0,0.98,6.31,95.61,95.61,26.05,17.37,1.44
菲林格尔,sh603226,36.59,35.75,35.89,3312500.0,36.59,3700,36.6,6800,2.35,37.15,35.89,3312500,120640000.0,0.93,3.52,130.07,130.07,39.33,32.18,0.95
*ST智胜,sz002253,11.49,11.14,11.4,4510200.0,11.49,8800,11.5,1000,3.14,11.68,11.37,4510200,51950000.0,2.17,2.78,23.93,25.92,11.7,10.58,0.82
中富电路,sz300814,85.59,80.33,83.19,8599600.0,85.59,10800,85.6,1000,6.55,86.0,82.12,8599600,726120000.0,4.49,4.83,163.85,163.85,96.4,64.26,1.38
炬华科技,sz300360,16.49,16.18,16.49,5812200.0,16.48,1000,16.49,5200,1.92,16.57,16.33,5812200,95530000.0,1.16,1.48,82.5,84.79,19.42,12.94,0.9
中能电气,sz300062,8.32,8.36,8.51,19809800.0,8.32,170300,8.33,261100,-0.48,8.58,8.3,19809800,165860000.0,4.32,3.35,38.14,52.41,10.03,6.69,0.7
益诺思,sh688710,70.37,71.0,70.39,331901300.0,70.37,0,70.56,700,-0.89,72.91,67.49,331901300,231530000.0,3.66,7.63,63.82,99.21,85.2,56.8,1.48
海目星,sh688559,49.7,48.7,50.0,638429100.0,49.69,1500,49.7,1200,2.05,50.5,49.1,638429100,318220000.0,2.58,2.87,123.14,123.14,58.44,38.96,0.89
工业富联,sh601138,53.32,51.46,53.0,215430000.0,53.32,380000,53.33,357200,3.61,53.5,51.47,215430000,11336940000.0,1.09,3.94,10580.87,10580.87,56.61,46.31,1.75
赛微电子,sz300456,46.03,43.93,45.5,44371600.0,46.02,19700,46.03,39000,4.78,46.58,44.73,44371600,2031090000.0,7.43,4.21,275.01,337.04,52.72,35.14,1.15
唯万密封,sz301161,29.5,29.22,29.98,1972000.0,29.49,13700,29.5,5600,0.96,29.98,29.22,1972000,58080000.0,1.64,2.6,35.4,35.4,35.06,23.38,1.09
雅化集团,sz002497,23.02,23.2,23.35,28201700.0,23.02,42200,23.03,3800,-0.78,23.48,22.66,28201700,650260000.0,2.66,3.53,243.68,265.32,25.52,20.88,0.53
丰元股份,sz002805,17.45,17.46,17.72,15834200.0,17.44,44100,17.45,33400,-0.06,17.93,17.08,15834200,276870000.0,5.68,4.87,48.61,48.87,19.21,15.71,0.74
天力锂能,sz301152,28.27,27.95,28.43,3232300.0,28.26,4300,28.27,3700,1.14,28.88,27.77,3232300,91250000.0,4.55,3.97,20.07,33.57,33.54,22.36,0.63
完美世界,sz002624,19.33,17.57,17.95,70777800.0,19.33,8493700,0.0,0,10.02,19.33,17.8,70777800,1329950000.0,3.87,8.71,353.3,375.0,19.33,15.81,1.9
黄河旋风,sh600172,7.89,7.89,8.17,76113100.0,7.89,308700,7.9,318000,0.0,8.19,7.83,76113100,606120000.0,5.96,4.56,100.7,113.79,8.68,7.1,0.76
道氏技术,sz300409,25.15,24.58,25.08,20044200.0,25.14,8000,25.15,31300,2.32,25.35,24.9,20044200,503210000.0,2.92,1.83,172.9,196.74,29.5,19.66,0.77
潮宏基,sz002345,10.72,10.3,10.46,24915900.0,10.72,157600,10.73,55500,4.08,10.76,10.42,24915900,264310000.0,2.87,3.3,92.97,95.25,11.33,9.27,1.38
阿石创,sz300706,32.4,31.38,32.25,4579300.0,32.39,7300,32.4,9900,3.25,32.54,31.83,4579300,147580000.0,4.03,2.26,36.82,49.67,37.66,25.1,0.82
芯碁微装,sh688630,195.0,193.4,201.0,481572500.0,195.0,5900,195.2,200,0.83,201.8,193.0,481572500,948580000.0,3.66,4.55,256.89,256.89,232.08,154.72,0.87
阿为特,bj920693,27.0,26.6,27.0,531800.0,27.0,5700,27.03,1100,1.5,27.25,26.6,531800,14330000.0,1.45,2.44,9.88,19.63,34.58,18.62,0.85
思泉新材,sz301489,176.44,164.88,170.04,4687100.0,176.43,200,176.44,11900,7.01,180.78,167.0,4687100,817550000.0,9.85,8.36,83.99,142.48,197.86,131.9,1.9
多瑞医药,sz301075,62.89,62.2,64.0,1684700.0,62.89,200,62.98,1500,1.11,64.26,62.18,1684700,106150000.0,2.11,3.34,50.31,50.31,74.64,49.76,0.58
*ST大立,sz002214,17.84,17.86,17.89,2090200.0,17.84,16400,17.85,200600,-0.11,18.03,17.75,2090200,37250000.0,0.44,1.57,85.35,106.8,18.75,16.97,0.41
矽电股份,sz301629,241.5,238.5,245.0,889500.0,241.49,100,241.5,1600,1.26,246.9,240.01,889500,215960000.0,4.63,2.89,46.36,100.77,286.2,190.8,0.64
博汇科技,sh688004,22.34,21.75,22.2,131911600.0,22.29,11600,22.34,2200,2.71,22.59,22.1,131911600,29490000.0,1.65,2.25,17.89,17.89,26.1,17.4,0.86
七彩化学,sz300758,13.68,13.51,13.8,5810200.0,13.68,27200,13.69,40400,1.26,13.85,13.57,5810200,79500000.0,1.62,2.07,49.21,54.6,16.21,10.81,0.71
联化科技,sz002250,16.42,16.56,16.8,23332500.0,16.41,56500,16.42,32100,-0.85,16.9,16.12,23332500,381510000.0,2.61,4.71,146.96,147.76,18.22,14.9,1.22
南风股份,sz300004,13.22,13.12,13.3,14711300.0,13.21,24500,13.22,46900,0.76,13.58,13.0,14711300,194410000.0,3.06,4.42,63.46,63.46,15.74,10.5,0.75
科源制药,sz301281,37.21,35.52,36.0,4843300.0,37.21,2900,37.3,900,4.76,37.57,35.0,4843300,176990000.0,7.03,7.24,25.62,40.29,42.62,28.42,0.83
平潭发展,sz000592,12.02,12.78,12.72,492211300.0,12.02,1235700,12.03,170500,-5.95,12.72,11.9,492211300,6008590000.0,25.7,6.42,230.19,232.2,14.06,11.5,1.51
凯立新材,sh688269,38.25,37.37,38.06,82442500.0,38.19,3500,38.25,1400,2.35,38.38,37.69,82442500,31370000.0,0.63,1.85,49.99,49.99,44.84,29.9,0.72
亿纬锂能,sz300014,62.58,62.23,63.37,72241700.0,62.58,22100,62.59,2600,0.56,63.5,60.5,72241700,4498410000.0,3.61,4.82,1251.48,1297.99,74.68,49.78,0.82
莱美药业,sz300006,5.16,5.0,5.05,31662600.0,5.15,259100,5.16,290000,3.2,5.18,4.99,31662600,161870000.0,3.0,3.8,54.48,54.49,6.0,4.0,1.42
江海股份,sz002484,29.4,28.92,29.49,19441900.0,29.4,10200,29.41,4300,1.66,30.11,29.15,19441900,575160000.0,2.37,3.32,241.22,250.05,31.81,26.03,0.83
明阳智能,sh601615,16.85,16.97,17.3,72037000.0,16.84,23600,16.85,111800,-0.71,17.3,16.6,72037000,1210100000.0,3.19,4.12,381.06,381.06,18.67,15.27,0.7
*ST沐邦,sh603398,11.36,11.51,11.51,7698400.0,11.36,30800,11.37,11100,-1.3,11.6,11.22,7698400,87240000.0,1.78,3.3,49.26,49.26,12.09,10.93,0.89
昇兴股份,sz002752,6.26,6.16,6.24,11102600.0,6.25,203600,6.26,108800,1.62,6.28,6.2,11102600,69230000.0,1.14,1.3,61.07,61.16,6.78,5.54,1.06
微导纳米,sh688147,65.52,64.05,66.66,708447900.0,65.51,10000,65.52,100,2.3,68.11,64.95,708447900,467950000.0,1.54,4.93,302.15,302.15,76.86,51.24,0.9
德方纳米,sz300769,43.88,43.85,44.49,15422200.0,43.87,21100,43.88,15200,0.07,44.88,43.21,15422200,678610000.0,6.13,3.81,110.47,122.95,52.62,35.08,0.62
北京君正,sz300223,108.19,104.3,109.17,18250200.0,108.18,27500,108.19,117900,3.73,109.75,106.97,18250200,1978590000.0,4.34,2.67,455.02,522.06,125.16,83.44,0.91
天齐锂业,sz002466,55.45,55.48,55.98,39225500.0,55.44,21400,55.45,93500,-0.05,56.65,54.68,39225500,2181700000.0,2.66,3.55,818.22,946.11,61.03,49.93,0.57
腾远钴业,sz301219,61.75,60.1,61.45,5591600.0,61.74,1100,61.75,4200,2.75,62.0,60.68,5591600,343550000.0,1.94,2.2,178.43,181.99,72.12,48.08,1.01
罗博特科,sz300757,393.8,380.61,396.0,7586900.0,393.79,500,393.8,9500,3.47,398.96,382.5,7586900,2969770000.0,5.04,4.32,593.27,660.04,456.73,304.49,0.83
兴图新科,sh688081,41.0,40.86,41.2,197256100.0,40.98,2000,41.0,52300,0.34,42.3,40.39,197256100,80990000.0,1.91,4.67,42.25,42.25,49.03,32.69,1.01
国际复材,sz301526,11.83,11.28,12.38,210322700.0,11.83,66200,11.84,68700,4.88,12.8,11.68,210322700,2575540000.0,14.98,9.93,166.14,446.09,13.54,9.02,1.92
剑桥科技,sh603083,105.24,101.6,104.6,19626200.0,105.24,21200,105.25,38500,3.58,105.5,102.82,19626200,2047720000.0,7.12,2.64,290.03,371.13,111.76,91.44,1.04
凌玮科技,sz301373,71.68,65.5,68.13,10345700.0,71.68,900,71.71,1000,9.44,75.96,68.12,10345700,755650000.0,26.89,11.97,27.58,77.75,78.6,52.4,1.1
建投能源,sz000600,9.22,9.2,9.39,35320400.0,9.21,118700,9.22,65900,0.22,9.48,9.1,35320400,326040000.0,3.24,4.13,100.5,166.26,10.12,8.28,0.49
璞泰来,sh603659,31.52,31.98,32.61,66212700.0,31.52,51900,31.53,13400,-1.44,32.68,31.35,66212700,2104970000.0,3.1,4.16,673.39,673.39,35.18,28.78,0.66
安集科技,sh688019,253.5,250.68,258.49,239658900.0,253.5,200,253.51,200,1.12,259.86,251.8,239658900,609430000.0,1.37,3.22,443.61,443.61,300.82,200.54,0.65
浙江美大,sz002677,8.09,8.01,8.15,3783100.0,8.09,35000,8.1,58800,1.0,8.17,8.0,3783100,30540000.0,0.71,2.12,43.27,52.27,8.81,7.21,0.67
*ST金刚,sz300093,19.08,19.35,19.68,4521500.0,19.08,10200,19.12,58800,-1.4,19.94,19.04,4521500,87950000.0,1.62,4.65,53.23,103.03,23.22,15.48,0.98
蓝丰生化,sz002513,6.29,6.28,6.46,7988100.0,6.28,11000,6.29,54100,0.16,6.46,6.21,7988100,50220000.0,2.76,3.98,18.18,23.62,6.91,5.65,0.8
宏达股份,sh600331,14.63,14.68,15.1,61419700.0,14.63,39500,14.64,14300,-0.34,15.15,14.5,61419700,906160000.0,3.02,4.43,297.28,386.47,16.15,13.21,0.94
浙江世宝,sz002703,19.53,20.15,20.09,50158400.0,19.53,494300,19.54,157800,-3.08,20.3,19.4,50158400,990780000.0,8.56,4.47,114.46,160.66,22.17,18.14,1.3
中孚实业,sh600595,7.43,7.21,7.4,67738900.0,7.43,475600,7.44,69200,3.05,7.55,7.3,67738900,503930000.0,1.69,3.47,297.79,297.79,7.93,6.49,0.91
惠威科技,sz002888,18.46,18.21,18.58,1632000.0,18.44,1600,18.46,2200,1.37,18.67,18.11,1632000,30010000.0,2.18,3.08,13.83,27.25,20.03,16.39,0.81
惠丰钻石,bj920725,29.08,28.35,29.78,1138900.0,29.08,800,29.09,100,2.57,29.88,28.83,1138900,33132199.999999996,2.71,3.7,12.24,26.54,36.85,19.85,0.84
曙光数创,bj920808,70.18,69.2,71.49,1277100.0,70.18,18300,70.19,500,1.42,71.55,69.49,1277100,89934000.0,0.66,2.98,136.55,140.36,89.96,48.44,0.95
胜宏科技,sz300476,257.16,251.0,260.0,23043800.0,257.16,84400,257.17,400,2.45,261.0,254.4,23043800,5919000000.0,2.69,2.63,2203.81,2243.87,301.2,200.8,0.95
新筑股份,sz002480,6.2,6.25,6.34,16472900.0,6.19,86000,6.2,90800,-0.8,6.38,6.13,16472900,102650000.0,2.15,4.0,47.6,47.69,6.88,5.63,0.76
海南机场,sh600515,3.66,3.62,3.67,66318900.0,3.66,1113000,3.67,1672100,1.1,3.69,3.63,66318900,242680000.0,0.72,1.66,335.84,418.17,3.98,3.26,0.9
龙竹科技,bj920445,9.9,9.84,9.92,1683300.0,9.9,17800,9.91,500,0.61,9.99,9.75,1683300,16584200.0,1.6,2.44,10.41,14.64,12.79,6.89,0.74
今创集团,sh603680,13.01,13.38,13.39,5814600.0,13.01,400,13.02,24800,-2.77,13.53,12.9,5814600,76180000.0,0.74,4.71,101.96,101.96,14.72,12.04,1.76
永杰新材,sh603271,47.67,44.65,45.3,7405100.0,47.67,4300,47.68,21200,6.76,48.98,45.25,7405100,352790000.0,7.83,8.35,45.08,93.78,49.12,40.19,1.9
澄星股份,sh600078,11.4,11.36,11.59,13570300.0,11.39,6700,11.4,32600,0.35,11.67,11.32,13570300,155230000.0,2.05,3.08,75.53,77.16,12.5,10.22,0.54
吉大正元,sz003029,21.49,21.26,21.65,1806900.0,21.48,10400,21.49,500,1.08,21.7,21.36,1806900,38830000.0,1.04,1.6,37.23,41.61,23.39,19.13,0.82
铜峰电子,sh600237,8.96,8.66,8.9,23868700.0,8.96,620400,8.97,161000,3.46,9.0,8.74,23868700,211370000.0,3.82,3.0,55.97,56.51,9.53,7.79,0.89
快意电梯,sz002774,10.87,10.68,10.79,3821300.0,10.86,6800,10.87,20500,1.78,10.99,10.73,3821300,41470000.0,1.36,2.43,30.63,36.6,11.75,9.61,0.99
鼎熔岩,sz301028,14.07,13.89,14.16,2322100.0,14.06,500,14.07,18100,1.3,14.23,13.94,2322100,32720000.0,0.93,2.09,34.96,54.04,16.67,11.11,0.84
捷佳伟创,sz300724,109.6,105.34,108.38,24823900.0,109.6,31200,109.61,1300,4.04,113.8,105.78,24823900,2716450000.0,8.63,7.61,315.34,381.73,126.41,84.27,1.01
凯撒旅业,sz000796,5.37,5.31,5.38,37888300.0,5.36,282900,5.37,9000,1.13,5.4,5.24,37888300,201940000.0,2.85,3.01,71.46,86.12,5.84,4.78,1.16
中欣氟材,sz002915,20.59,20.36,20.66,3475200.0,20.58,95600,20.59,16700,1.13,20.76,20.42,3475200,71440000.0,1.21,1.67,59.31,69.03,22.4,18.32,0.51
灵鸽科技,bj920284,29.79,28.66,29.2,1658400.0,29.76,9500,29.79,18100,3.94,29.87,29.06,1658400,48903200.0,2.45,2.83,20.19,31.22,37.25,20.07,0.68
南王科技,sz301355,12.26,12.01,12.39,3461500.0,12.19,5100,12.26,5600,2.08,12.45,12.01,3461500,42080000.0,3.45,3.66,12.29,23.92,14.41,9.61,0.97
当升科技,sz300073,53.04,51.36,52.4,14680400.0,53.04,1900,53.05,2400,3.27,53.68,51.63,14680400,773900000.0,2.9,3.99,268.37,288.69,61.63,41.09,0.93
博士眼镜,sz300622,23.49,23.0,23.38,3660100.0,23.48,7500,23.49,10600,2.13,23.49,23.18,3660100,85470000.0,2.35,1.35,36.59,53.52,27.6,18.4,0.84
汇成真空,sz301392,127.58,106.32,109.0,8785000.0,127.58,149400,0.0,0,20.0,127.58,107.88,8785000,1071630000.0,21.53,18.53,52.05,127.58,127.58,85.06,4.54
优优绿能,sz301590,169.69,164.62,167.46,416700.0,169.65,100,169.7,200,3.08,170.5,167.46,416700,70440000.0,4.84,1.85,14.6,71.36,197.54,131.7,0.95
迪哲医药-U,sh688192,59.07,54.19,55.16,751747600.0,59.07,44000,59.1,3100,9.01,59.2,55.16,751747600,433500000.0,1.63,7.46,272.12,274.46,65.03,43.35,1.25
东岳硅材,sz300821,11.29,11.15,11.35,14216900.0,11.28,97500,11.29,71100,1.26,11.38,11.15,14216900,160380000.0,1.18,2.06,135.46,135.48,13.38,8.92,0.74
杰创智能,sz301248,47.24,45.3,47.67,9435700.0,47.24,39500,47.25,500,4.28,49.4,47.07,9435700,453410000.0,8.4,5.14,53.06,72.61,54.36,36.24,1.0
科思科技,sh688788,56.33,54.05,54.2,215911100.0,56.32,400,56.33,3900,4.22,57.1,54.2,215911100,120880000.0,1.38,5.37,88.37,88.37,64.86,43.24,1.2
溯联股份,sz301397,29.33,28.5,29.18,1496400.0,29.32,200,29.33,1500,2.91,29.45,29.12,1496400,43810000.0,2.12,1.16,20.75,45.66,34.2,22.8,0.89
五矿新能,sh688779,10.56,10.41,10.6,2249485400.0,10.55,71700,10.56,11400,1.44,10.75,10.45,2249485400,238330000.0,1.17,2.88,203.73,203.73,12.49,8.33,0.67
利通科技,bj920225,22.93,21.85,22.5,5202300.0,22.93,300,22.95,18600,4.94,24.24,22.05,5202300,122027099.99999999,6.28,10.02,18.98,29.1,28.4,15.3,2.09
鸿铭股份,sz301105,60.52,58.75,59.64,811900.0,60.51,1100,60.52,6600,3.01,60.65,58.61,811900,48660000.0,4.94,3.47,9.95,30.26,70.5,47.0,0.56
*ST亚振,sh603389,43.34,43.07,43.3,718100.0,43.34,800,43.35,2400,0.63,43.63,43.01,718100,31060000.0,0.27,1.44,113.88,113.88,45.22,40.92,0.55
高澜股份,sz300499,36.33,35.12,36.3,26295800.0,36.33,1000,36.34,38600,3.45,36.85,35.66,26295800,953990000.0,9.69,3.39,98.6,110.9,42.14,28.1,0.84
川金诺,sz300505,29.63,29.13,29.61,21541900.0,29.63,33100,29.64,49400,1.72,29.95,29.29,21541900,637430000.0,9.91,2.27,64.4,81.44,34.96,23.3,0.64
容百科技,sh688005,28.52,28.33,29.0,1473448900.0,28.52,22800,28.53,5500,0.67,29.05,28.22,1473448900,420390000.0,2.06,2.93,203.81,203.84,34.0,22.66,0.66
元力股份,sz300174,16.13,15.85,16.08,5501200.0,16.13,1800,16.14,5300,1.77,16.19,15.93,5501200,88290000.0,1.52,1.64,58.54,58.75,19.02,12.68,0.72
天迈科技,sz300807,51.66,50.72,51.96,1069300.0,51.65,100,51.66,800,1.85,52.2,51.14,1069300,55170000.0,2.06,2.09,26.83,35.15,60.86,40.58,0.69
厦门港务,sz000905,11.44,11.81,11.94,25916100.0,11.44,90100,11.45,19300,-3.13,11.96,11.4,25916100,300000000.0,3.49,4.74,84.86,176.44,12.99,10.63,0.94
鼎通科技,sh688668,149.19,125.9,131.88,1310550300.0,149.19,4100,149.2,200,18.5,150.95,130.11,1310550300,1852540000.0,9.41,16.55,207.78,207.78,151.08,100.72,2.59
清水源,sz300437,15.58,15.24,15.55,12130300.0,15.57,2700,15.58,44700,2.23,15.77,15.34,12130300,188470000.0,6.98,2.82,27.07,38.2,18.29,12.19,0.64
标准股份,sh600302,11.08,10.74,11.03,12613300.0,11.08,4500,11.09,7700,3.17,11.45,11.01,12613300,141040000.0,3.65,4.1,38.34,38.34,11.81,9.67,1.15
福鞍股份,sh603315,14.17,13.83,14.08,5687800.0,14.16,1600,14.17,2600,2.46,14.3,13.98,5687800,80390000.0,1.78,2.31,45.4,45.4,15.21,12.45,1.28
海容冷链,sh603187,14.49,14.06,14.27,8645900.0,14.49,31800,14.5,12700,3.06,14.69,14.21,8645900,125270000.0,2.26,3.41,55.4,55.99,15.47,12.65,1.4
普利特,sz002324,15.35,15.0,15.31,23769500.0,15.34,25200,15.35,16200,2.33,15.48,15.09,23769500,362980000.0,3.06,2.6,119.16,170.74,16.5,13.5,1.5
慧翰股份,sz301600,102.49,102.09,102.82,1134500.0,102.16,100,102.49,200,0.39,103.5,100.66,1134500,115270000.0,3.52,2.78,33.06,107.13,122.51,81.67,1.21
长海股份,sz300196,18.18,17.52,18.5,16782100.0,18.18,3500,18.19,5000,3.77,18.95,18.04,16782100,309780000.0,6.8,5.19,44.89,74.3,21.02,14.02,1.73
凯旺科技,sz301182,59.74,58.1,59.99,2873200.0,59.72,100,59.74,500,2.82,60.02,58.0,2873200,169890000.0,3.0,3.48,57.24,57.24,69.72,46.48,0.67
骄成超声,sh688392,113.18,106.0,109.0,428426200.0,113.16,1700,113.18,400,6.77,115.97,108.13,428426200,479360000.0,3.7,7.4,130.99,130.99,127.2,84.8,1.86
飞鹿股份,sz300665,7.7,7.55,7.72,8718800.0,7.69,50900,7.7,88500,1.99,7.76,7.6,8718800,66950000.0,4.0,2.12,16.79,16.86,9.06,6.04,0.95
氯碱化工,sh600618,12.68,12.49,12.69,8842000.0,12.67,24200,12.68,16000,1.52,12.76,12.58,8842000,112000000.0,1.18,1.44,95.08,146.63,13.74,11.24,0.75
神工股份,sh688233,70.43,67.35,69.64,483784300.0,70.4,12900,70.43,1700,4.57,70.72,68.58,483784300,337560000.0,2.84,3.18,119.95,119.95,80.82,53.88,1.16
强瑞技术,sz301128,153.33,148.03,150.99,10465800.0,153.33,600,153.37,100,3.58,159.88,147.72,10465800,1601560000.0,11.86,8.21,135.29,158.61,177.64,118.42,0.96
巨一科技,sh688162,30.55,29.8,30.15,109394100.0,30.54,100,30.55,800,2.52,30.68,30.15,109394100,33330000.0,0.8,1.78,41.88,41.88,35.76,23.84,0.91
联赢激光,sh688518,24.55,23.7,24.3,757963400.0,24.55,16300,24.56,3800,3.59,24.86,24.08,757963400,185290000.0,2.22,3.29,83.8,83.8,28.44,18.96,0.83
金海高科,sh603311,16.96,16.41,16.64,4975200.0,16.96,3200,16.97,4000,3.35,17.11,16.46,4975200,83550000.0,2.11,3.96,40.01,40.01,18.05,14.77,0.83
惠博普,sz002554,3.61,3.58,3.65,28071000.0,3.61,265400,3.62,497900,0.84,3.68,3.6,28071000,101880000.0,2.11,2.23,48.14,48.15,3.94,3.22,0.69
航天动力,sh600343,33.21,34.38,34.35,70904700.0,33.2,31900,33.21,56500,-3.4,34.72,32.6,70904700,2364300000.0,11.11,6.17,211.95,211.95,37.82,30.94,1.3
国晟科技,sh603778,27.5,25.0,25.48,112119000.0,27.5,2480000,0.0,0,10.0,27.5,24.77,112119000,2980850000.0,17.44,10.92,176.79,181.51,27.5,22.5,1.05
安 纳 达,sz002136,12.7,12.63,12.9,5381600.0,12.7,16700,12.72,30300,0.55,12.9,12.58,5381600,68410000.0,2.51,2.53,27.24,27.31,13.89,11.37,0.65
康鹏科技,sh688602,7.67,7.52,7.64,386629500.0,7.66,1200,7.67,13600,1.99,7.71,7.57,386629500,29540000.0,1.49,1.86,19.91,39.84,9.02,6.02,0.64
派能科技,sh688063,72.45,74.37,74.65,1357991900.0,72.45,10800,72.46,18700,-2.58,75.68,72.17,1357991900,995640000.0,5.53,4.72,177.76,177.76,89.24,59.5,0.89
福瑞医科,sz300049,59.85,57.9,58.91,7009400.0,59.85,200,59.9,100,3.37,60.5,58.53,7009400,417890000.0,3.0,3.4,139.83,158.59,69.48,46.32,0.87
欧陆通,sz300870,257.22,243.18,250.24,4876400.0,257.22,1600,257.23,600,5.77,259.98,250.0,4876400,1251640000.0,4.47,4.1,280.42,280.45,291.82,194.54,1.05
硕贝德,sz300322,24.33,23.76,24.48,21802700.0,24.32,24800,24.33,170200,2.4,25.18,23.94,21802700,534050000.0,4.95,5.22,107.16,111.93,28.51,19.01,1.46
纳科诺尔,bj920522,47.9,47.39,48.58,2324600.0,47.88,600,47.9,21100,1.08,49.0,47.3,2324600,111535000.0,1.79,3.59,62.29,75.08,61.6,33.18,0.65
星源材质,sz300568,14.78,14.81,15.1,66567300.0,14.78,39900,14.79,30700,-0.2,15.3,14.64,66567300,994850000.0,5.47,4.46,179.89,198.9,17.77,11.85,0.72
飞荣达,sz300602,30.51,29.72,30.55,13835000.0,30.5,17500,30.51,28100,2.66,30.78,30.12,13835000,421910000.0,3.5,2.22,120.64,177.53,35.66,23.78,1.23
瑞尔特,sz002790,7.88,7.76,7.87,7740100.0,7.88,23600,7.89,5900,1.55,8.11,7.68,7740100,61270000.0,2.97,5.54,20.54,32.93,8.54,6.98,2.48
招金黄金,sz000506,17.64,16.96,17.47,41086000.0,17.63,10500,17.64,48300,4.01,17.8,17.06,41086000,719240000.0,4.42,4.36,163.82,163.88,18.66,15.26,1.1
德邦科技,sh688035,55.91,54.02,55.1,394077200.0,55.91,4400,55.93,200,3.5,56.28,55.1,394077200,219760000.0,2.77,2.18,79.53,79.53,64.82,43.22,0.85
融捷股份,sz002192,70.63,76.28,75.0,44567100.0,70.62,102900,70.63,2400,-7.41,75.71,70.25,44567100,3214820000.0,17.2,7.16,183.01,183.39,83.91,68.65,0.94
永杉锂业,sh603399,11.17,11.29,11.47,21378600.0,11.17,1400,11.18,18000,-1.06,11.59,11.09,21378600,239860000.0,4.17,4.43,57.22,57.22,12.42,10.16,0.65
安妮股份,sz002235,10.25,9.82,10.11,38959200.0,10.24,105700,10.25,210500,4.38,10.3,10.03,38959200,396750000.0,7.04,2.75,56.74,59.41,10.8,8.84,1.05
海欣食品,sz002702,5.64,5.89,5.91,37919300.0,5.64,53500,5.65,218300,-4.24,5.98,5.58,37919300,215130000.0,8.27,6.79,25.87,31.34,6.48,5.3,1.64
深桑达Ａ,sz000032,18.3,18.06,18.43,23894300.0,18.29,126600,18.3,27000,1.33,18.56,18.0,23894300,437020000.0,2.19,3.1,199.35,222.38,19.87,16.25,0.73
近岸蛋白,sh688137,42.73,40.48,40.81,100844100.0,42.72,300,42.73,3900,5.56,42.98,40.6,100844100,42570000.0,1.44,5.88,29.99,29.99,48.58,32.38,1.52
日联科技,sh688531,67.44,65.7,67.02,214180700.0,67.44,21300,67.56,1000,2.65,68.17,66.72,214180700,144540000.0,1.87,2.21,77.41,111.68,78.84,52.56,1.03
京粮控股,sz000505,6.85,6.93,7.0,12733800.0,6.84,53500,6.85,28300,-1.15,7.05,6.8,12733800,87510000.0,2.01,3.61,43.32,49.8,7.62,6.24,0.71
双星新材,sz002585,6.88,6.79,6.94,24158400.0,6.87,58700,6.88,88500,1.33,7.05,6.82,24158400,167060000.0,2.72,3.39,61.01,78.52,7.47,6.11,0.62
上海九百,sh600838,10.22,10.2,10.33,6253200.0,10.22,2900,10.23,22900,0.2,10.41,10.14,6253200,63840000.0,1.56,2.65,40.97,40.97,11.22,9.18,0.54
中银证券,sh601696,12.37,12.21,12.36,20442000.0,12.37,112500,12.38,265200,1.31,12.4,12.25,20442000,252440000.0,0.74,1.23,343.64,343.64,13.43,10.99,0.93
双杰电气,sz300444,13.64,13.17,13.51,36672100.0,13.63,71900,13.64,186200,3.57,13.65,13.42,36672100,497040000.0,5.9,1.75,84.77,108.93,15.8,10.54,0.85
光大同创,sz301387,51.78,49.98,50.86,1270900.0,51.78,1500,51.8,800,3.6,52.0,50.81,1270900,65600000.0,2.98,2.38,22.1,55.27,59.98,39.98,0.98
国轩高科,sz002074,35.92,35.7,36.32,28354700.0,35.91,45400,35.92,7900,0.62,36.44,35.45,28354700,1017160000.0,1.63,2.77,623.64,651.63,39.27,32.13,0.7
东方电气,sh600875,38.28,35.05,36.79,158456600.0,38.28,12500,38.29,47800,9.22,38.56,36.55,158456600,6014070000.0,7.0,5.73,866.42,1323.86,38.56,31.55,2.39
灿勤科技,sh688182,26.99,26.6,27.18,379597800.0,26.99,3800,27.0,10700,1.47,27.47,26.75,379597800,102580000.0,0.95,2.71,107.96,107.96,31.92,21.28,1.18
海思科,sz002653,57.84,54.28,54.98,5604100.0,57.84,8300,57.85,6700,6.56,57.87,54.51,5604100,316980000.0,1.16,6.19,279.5,647.76,59.71,48.85,1.19
诺德股份,sh600110,9.08,9.22,9.25,336772100.0,9.08,359000,9.09,112700,-1.52,9.83,9.01,336772100,3154520000.0,19.41,8.89,157.55,157.55,10.14,8.3,1.6
中伟新材,sz300919,49.98,49.4,50.62,13671600.0,49.97,4200,49.98,23900,1.17,50.9,48.8,13671600,678610000.0,1.5,4.25,456.07,520.92,59.28,39.52,0.86
东方钽业,sz000962,44.36,44.41,45.63,14397900.0,44.35,124700,44.36,42100,-0.11,45.65,43.6,14397900,637930000.0,2.87,4.62,222.54,233.98,48.85,39.97,0.68
株冶集团,sh600961,17.74,17.39,17.9,16434800.0,17.74,1100,17.75,5000,2.01,18.16,17.49,16434800,292140000.0,2.19,3.85,133.37,190.33,19.13,15.65,0.87
泰和科技,sz300801,26.27,25.83,26.16,3637900.0,26.27,1600,26.28,2500,1.7,26.66,25.95,3637900,95460000.0,2.67,2.75,35.86,57.38,31.0,20.66,0.7
联瑞新材,sh688300,88.41,84.06,87.2,514086200.0,88.41,9300,88.42,1800,5.17,91.0,86.58,514086200,455000000.0,2.13,5.26,213.48,213.48,100.87,67.25,0.71
先锋精科,sh688605,61.96,60.11,62.0,274880900.0,61.95,500,61.96,1400,3.08,62.37,61.0,274880900,169500000.0,2.54,2.28,67.13,125.39,72.13,48.09,0.81
漳州发展,sz000753,7.07,7.36,7.36,72488200.0,7.07,3300,7.08,52700,-3.94,7.41,7.01,72488200,515430000.0,7.31,5.43,70.1,70.1,8.1,6.62,1.16
宏工科技,sz301662,138.51,135.01,138.0,942600.0,138.51,300,138.54,100,2.59,143.69,137.3,942600,131440000.0,5.67,4.73,23.03,110.81,162.01,108.01,0.63
华峰测控,sh688200,272.3,262.8,271.88,269008600.0,272.23,200,272.3,100,3.61,277.77,267.0,269008600,734800000.0,1.98,4.1,369.06,369.06,315.36,210.24,0.95
金鹰股份,sh600232,8.13,8.1,8.19,5442300.0,8.12,1000,8.13,21500,0.37,8.24,8.07,5442300,44360000.0,1.49,2.1,29.65,29.65,8.91,7.29,0.71
凯盛新材,sz301069,20.93,20.73,21.1,6558900.0,20.93,13300,20.94,300,0.96,21.2,20.75,6558900,137510000.0,1.54,2.17,89.32,94.85,24.88,16.58,0.84
飞龙股份,sz002536,28.76,27.48,28.34,28812200.0,28.75,59000,28.76,1100,4.66,29.06,28.34,28812200,828010000.0,5.29,2.62,156.57,165.31,30.23,24.73,1.06
华新建材,sh600801,22.76,21.2,23.03,37267000.0,22.75,7300,22.76,20200,7.36,23.32,22.06,37267000,848950000.0,2.78,5.94,305.37,473.18,23.32,19.08,3.14
双鹭药业,sz002038,7.77,7.59,7.36,170029200.0,7.77,703700,7.78,295100,2.37,8.0,7.05,170029200,1287700000.0,19.96,12.52,66.19,79.83,8.35,6.83,1.7
奥锐特,sh605116,31.09,29.39,30.13,19663000.0,31.09,57800,31.1,6500,5.78,32.0,28.42,19663000,593110000.0,4.84,12.18,126.28,126.28,32.33,26.45,2.59
劲嘉股份,sz002191,3.71,3.66,3.7,10037200.0,3.7,130900,3.71,258400,1.37,3.73,3.65,10037200,37040000.0,0.7,2.19,53.44,53.86,4.03,3.29,1.07
至纯科技,sh603690,24.56,24.12,24.56,6331500.0,24.56,6100,24.57,1300,1.82,24.73,24.3,6331500,155460000.0,1.65,1.78,94.06,94.06,26.53,21.71,0.95
晶盛机电,sz300316,42.35,41.11,42.09,25180400.0,42.35,7600,42.36,5200,3.02,43.88,41.36,25180400,1070950000.0,2.04,6.13,521.56,554.59,49.33,32.89,1.1
欣旺达,sz300207,25.4,25.21,25.65,66652200.0,25.39,22000,25.4,48500,0.75,26.23,25.08,66652200,1702040000.0,3.89,4.56,435.31,469.26,30.25,20.17,0.69
泰坦股份,sz003036,26.29,27.86,27.46,21274800.0,26.29,10900,26.3,3300,-5.64,28.22,25.82,21274800,566200000.0,9.84,8.61,56.86,56.86,30.65,25.07,1.1
图南股份,sz300855,38.0,36.19,36.68,6367500.0,37.99,10800,38.0,800,5.0,38.55,36.66,6367500,240330000.0,2.17,5.22,111.32,150.3,43.43,28.95,1.41
硕世生物,sh688399,54.33,52.5,54.55,110896600.0,54.33,5400,54.35,3000,3.49,54.66,53.02,110896600,59900000.0,1.32,3.12,45.57,45.57,63.0,42.0,1.07
永兴材料,sz002756,73.45,74.82,74.7,18490400.0,73.45,1800,73.46,300,-1.83,75.7,72.99,18490400,1370760000.0,4.76,3.62,285.52,395.97,82.3,67.34,0.8
纳芯微,sh688052,152.7,147.88,151.75,167396600.0,152.7,900,152.71,200,3.26,153.26,150.88,167396600,254690000.0,1.17,1.61,217.64,248.33,177.46,118.3,0.83
翔港科技,sh603499,21.82,21.62,21.9,3552700.0,21.82,27200,21.84,1600,0.93,22.34,21.74,3552700,78070000.0,1.17,2.78,66.03,66.03,23.78,19.46,0.89
中闽能源,sh600163,6.87,7.62,7.3,150389400.0,6.87,368700,6.88,123800,-9.84,7.34,6.86,150389400,1054620000.0,7.9,6.3,130.74,130.74,8.38,6.86,0.92
焦作万方,sz000612,11.96,11.89,12.05,31636300.0,11.95,99800,11.96,22200,0.59,12.12,11.83,31636300,378140000.0,2.65,2.44,142.59,142.59,13.08,10.7,0.66
中科电气,sz300035,22.15,21.86,22.32,37186400.0,22.14,200,22.15,23400,1.33,22.71,21.9,37186400,827040000.0,6.37,3.71,129.21,151.82,26.23,17.49,0.54
温州宏丰,sz300283,7.81,7.68,7.87,15598300.0,7.8,24300,7.81,32200,1.69,7.9,7.69,15598300,121570000.0,4.25,2.73,28.68,38.81,9.22,6.14,1.04
东宝生物,sz300239,5.59,5.46,5.52,10517400.0,5.58,21600,5.59,37600,2.38,5.61,5.48,10517400,58460000.0,1.78,2.38,32.97,33.18,6.55,4.37,1.03
天承科技,sh688603,79.48,78.95,82.0,281622200.0,79.48,1700,79.73,1500,0.67,82.5,78.69,281622200,224720000.0,5.94,4.83,37.69,99.13,94.74,63.16,0.73
金杯电工,sz002533,13.58,13.21,13.55,16527700.0,13.58,12100,13.59,136300,2.8,13.8,13.46,16527700,224310000.0,2.59,2.57,86.59,99.67,14.53,11.89,0.85
力星股份,sz300421,23.22,23.01,23.5,6659300.0,23.21,39100,23.22,6900,0.91,23.6,23.1,6659300,155080000.0,2.89,2.17,53.49,68.27,27.61,18.41,0.96
海南高速,sz000886,5.72,5.63,5.73,11450800.0,5.72,48700,5.73,218800,1.6,5.75,5.66,11450800,65320000.0,1.17,1.6,55.93,56.56,6.19,5.07,0.99
沪硅产业,sh688126,17.25,16.9,17.24,1936615500.0,17.25,14500,17.26,46800,2.07,17.34,17.0,1936615500,332620000.0,0.71,2.01,471.21,570.12,20.28,13.52,1.0
科力远,sh600478,7.18,7.17,7.31,56220800.0,7.17,484700,7.18,27900,0.14,7.43,7.15,56220800,407300000.0,3.38,3.91,119.59,119.59,7.89,6.45,0.92
同兴科技,sz003027,20.98,20.89,21.28,2833500.0,20.98,1800,20.99,900,0.43,21.37,20.72,2833500,59530000.0,2.7,3.11,22.0,27.43,22.98,18.8,0.77
天奈科技,sh688116,39.86,39.56,40.4,549001500.0,39.85,19000,39.86,2000,0.76,40.4,39.61,549001500,219030000.0,1.5,2.0,146.1,146.1,47.47,31.65,0.75
皇氏集团,sz002329,4.07,4.1,4.07,94277000.0,4.06,159600,4.07,56200,-0.73,4.1,3.81,94277000,373050000.0,14.5,7.07,26.47,33.88,4.51,3.69,1.83
赤峰黄金,sh600988,45.35,43.15,44.5,82468900.0,45.34,1400,45.35,34200,5.1,46.33,44.5,82468900,3725830000.0,4.96,4.24,754.58,861.84,47.47,38.84,1.0
利柏特,sh605167,16.79,16.42,16.71,3242400.0,16.78,9100,16.79,20800,2.25,17.08,16.51,3242400,54420000.0,0.72,3.47,75.4,75.4,18.06,14.78,0.61
同益股份,sz300538,14.54,14.42,14.69,1946600.0,14.53,8200,14.54,50000,0.83,14.75,14.4,1946600,28290000.0,1.61,2.43,17.59,26.45,17.3,11.54,0.58
新澳股份,sh603889,7.8,7.67,7.73,10448000.0,7.79,100,7.8,3600,1.69,7.99,7.72,10448000,81680000.0,1.44,3.52,56.53,56.95,8.44,6.9,1.78
通用电梯,sz300931,13.04,12.42,12.66,6881700.0,13.04,600,13.05,90200,4.99,13.08,12.52,6881700,88890000.0,3.72,4.51,24.12,31.32,14.9,9.94,1.19
艾力斯,sh688578,98.97,96.0,97.35,674511100.0,98.97,9900,98.98,10900,3.09,99.47,95.47,674511100,660910000.0,1.5,4.17,445.37,445.37,115.2,76.8,1.49
寒武纪,sh688256,1051.4,983.0,1008.0,1000091300.0,1051.3,200,1051.4,2200,6.96,1064.0,1008.0,1000091300,10410610000.0,2.39,5.7,4398.53,4433.6,1179.6,786.4,1.71
山东玻纤,sh605006,9.67,8.79,9.1,16944500.0,9.67,3704500,0.0,0,10.01,9.67,9.1,16944500,162980000.0,2.82,6.48,58.02,58.02,9.67,7.91,1.01
瑞泰新材,sz301238,19.82,19.32,19.68,7917400.0,19.82,8800,19.83,11500,2.59,19.92,19.34,7917400,155620000.0,1.08,3.0,145.35,145.35,23.18,15.46,0.75
光库科技,sz300620,186.99,178.03,184.96,17593500.0,186.99,100,187.0,31900,5.03,187.8,177.5,17593500,3219740000.0,7.12,5.79,462.06,465.94,213.64,142.42,0.84
巨人网络,sz002558,34.69,31.54,32.3,55955900.0,34.69,3564200,0.0,0,9.99,34.69,31.95,55955900,1874730000.0,2.94,8.69,659.3,659.3,34.69,28.39,1.94
洛凯股份,sh603829,28.96,29.51,29.6,7585900.0,28.96,1900,28.97,9100,-1.86,29.69,28.3,7585900,219090000.0,4.07,4.71,53.94,53.94,32.46,26.56,0.84
杭可科技,sh688006,27.95,26.86,27.1,1443332600.0,27.94,11400,27.95,1100,4.06,28.33,27.02,1443332600,400170000.0,2.39,4.88,168.73,168.73,32.23,21.49,1.52
福建水泥,sh600802,6.11,6.4,6.4,25406000.0,6.1,127400,6.11,2100,-4.53,6.53,6.08,25406000,157170000.0,5.54,7.03,28.0,28.0,7.04,5.76,0.88
西部黄金,sh601069,32.22,31.45,32.5,17523400.0,32.21,7600,32.22,2600,2.45,32.56,31.5,17523400,560530000.0,1.98,3.37,285.85,293.52,34.6,28.31,1.09
爱司凯,sz300521,26.81,26.4,27.0,2294800.0,26.81,2400,26.82,2600,1.55,27.6,26.38,2294800,61190000.0,1.53,4.62,40.14,40.14,31.68,21.12,0.79
赣锋锂业,sz002460,77.31,78.38,79.1,68943900.0,77.3,49500,77.31,13200,-1.37,79.44,76.36,68943900,5344430000.0,5.69,3.93,936.39,1620.95,86.22,70.54,0.73
贵研铂业,sh600459,19.8,19.5,19.95,15161200.0,19.8,1700,19.81,110200,1.54,20.02,19.56,15161200,299430000.0,2.0,2.36,150.42,150.44,21.45,17.55,0.8
永冠新材,sh603681,17.61,17.46,17.62,7343600.0,17.61,9100,17.62,400,0.86,17.78,17.32,7343600,129090000.0,3.46,2.63,37.38,37.38,19.21,15.71,0.93
垒知集团,sz002398,5.3,5.23,5.31,12765200.0,5.29,34100,5.3,155600,1.34,5.34,5.2,12765200,67200000.0,2.24,2.68,30.17,37.0,5.75,4.71,0.98
精智达,sh688627,247.5,227.75,234.5,688526100.0,247.47,600,247.5,3700,8.67,249.88,229.0,688526100,1657600000.0,9.52,9.17,179.07,232.68,273.3,182.2,1.82
合富中国,sh603122,16.99,17.36,16.98,55993800.0,16.99,193100,17.0,48800,-2.13,17.5,16.25,55993800,941050000.0,14.07,7.2,67.63,67.63,19.1,15.62,1.55
新亚制程,sz002388,5.04,4.98,5.1,14271300.0,5.03,34800,5.04,33100,1.2,5.12,4.98,14271300,71910000.0,2.82,2.81,25.51,25.74,5.48,4.48,0.88
润阳科技,sz300920,40.5,40.62,41.4,1862500.0,40.48,300,40.5,1400,-0.3,41.68,39.92,1862500,75530000.0,2.84,4.33,26.6,40.5,48.74,32.5,0.64
赢合科技,sz300457,26.34,26.03,26.48,17089900.0,26.34,15500,26.35,12900,1.19,26.65,25.86,17089900,449210000.0,2.7,3.03,166.93,169.94,31.24,20.82,0.83
大东方,sh600327,3.97,3.96,4.0,11370300.0,3.96,49200,3.97,209200,0.25,4.02,3.93,11370300,45040000.0,1.29,2.27,35.13,35.13,4.36,3.56,1.01
丰林集团,sh601996,2.52,2.59,2.61,52836300.0,2.52,1192000,2.53,165200,-2.7,2.67,2.5,52836300,134230000.0,4.71,6.56,28.25,28.25,2.85,2.33,1.6
广发证券,sz000776,18.43,17.96,18.31,41220800.0,18.42,97100,18.43,30300,2.62,18.58,18.17,41220800,758700000.0,0.7,2.28,1088.12,1442.12,19.76,16.16,1.23
昭衍新药,sh603127,36.96,34.2,34.24,62373900.0,36.95,14900,36.96,89800,8.07,37.61,33.0,62373900,2206040000.0,9.9,13.48,232.98,276.96,37.62,30.78,2.1
美盈森,sz002303,3.7,3.66,3.71,25040000.0,3.7,197200,3.71,17000,1.09,3.72,3.68,25040000,92720000.0,2.59,1.09,35.78,56.66,4.03,3.29,1.1
东方智造,sz002175,3.16,3.11,3.16,31440500.0,3.15,713100,3.16,1260100,1.61,3.18,3.12,31440500,98980000.0,2.46,1.93,40.35,40.35,3.42,2.8,0.83
金安国纪,sz002636,31.43,30.15,31.61,54123800.0,31.43,46200,31.44,21800,4.25,33.17,30.8,54123800,1742200000.0,7.47,7.86,227.65,228.81,33.17,27.14,1.43
百隆东方,sh601339,7.26,7.16,7.18,8853100.0,7.25,3700,7.26,70000,1.4,7.39,7.12,8853100,64300000.0,0.59,3.77,108.87,108.87,7.88,6.44,1.17
精研科技,sz300709,40.6,39.51,40.5,7257700.0,40.59,11700,40.6,4900,2.76,41.28,40.13,7257700,295540000.0,4.86,2.91,60.61,75.55,47.41,31.61,1.3
金石资源,sh603505,18.06,17.77,18.01,7108300.0,18.06,13500,18.07,5300,1.63,18.23,17.92,7108300,128390000.0,0.84,1.74,152.01,152.01,19.55,15.99,0.63
联芸科技,sh688449,43.04,41.71,43.0,650119100.0,43.04,64100,43.05,1500,3.19,43.46,42.45,650119100,279400000.0,2.22,2.42,126.2,197.98,50.05,33.37,0.88
民德电子,sz300656,21.02,20.49,20.99,1960300.0,21.02,15500,21.03,4600,2.59,21.3,20.72,1960300,41060000.0,1.48,2.83,27.94,35.97,24.59,16.39,0.7
飞科电器,sh603868,33.21,32.47,32.8,2033200.0,33.21,37700,33.25,500,2.28,33.58,32.72,2033200,67360000.0,0.47,2.65,144.66,144.66,35.72,29.22,1.3
海翔药业,sz002099,7.27,7.11,7.17,35175500.0,7.26,376600,7.27,55200,2.25,7.35,7.15,35175500,254920000.0,2.18,2.81,117.46,117.68,7.82,6.4,1.24
东威科技,sh688700,51.98,48.94,51.02,1273278800.0,51.98,4300,52.0,1800,6.21,52.26,49.0,1273278800,645890000.0,4.27,6.66,155.11,155.11,58.73,39.15,1.12
磁谷科技,sh688448,53.6,52.75,53.27,86463500.0,53.5,500,53.6,3800,1.61,54.89,53.27,86463500,46620000.0,1.21,3.07,38.41,38.41,63.3,42.2,0.77
五新隧装,bj920174,38.8,39.32,41.5,2741300.0,38.78,300,38.8,6400,-1.32,41.9,38.46,2741300,108146299.99999999,3.15,8.75,33.76,84.16,51.11,27.53,1.43
上海谊众,sh688091,62.8,57.0,58.14,1185027900.0,62.8,7100,62.81,6500,10.18,64.0,57.66,1185027900,723860000.0,5.73,11.12,129.81,129.81,68.4,45.6,2.26
浙江东日,sh600113,48.69,49.28,49.42,3536100.0,48.69,900,48.8,40200,-1.2,50.68,48.5,3536100,174250000.0,0.86,4.42,200.33,205.07,54.21,44.35,0.68
百达精工,sh603331,15.1,14.8,15.07,6526800.0,15.09,40500,15.1,21600,2.03,15.23,14.94,6526800,98230000.0,3.23,1.96,30.53,30.53,16.28,13.32,0.96
万辰集团,sz300972,194.47,182.5,185.06,1795000.0,194.11,1500,194.47,2500,6.56,195.68,182.56,1795000,343740000.0,1.02,7.19,340.95,372.01,219.0,146.0,1.53
*ST汇科,sz300561,13.32,13.55,13.88,9101700.0,13.31,107800,13.32,19800,-1.7,14.06,13.32,9101700,124940000.0,3.78,5.46,32.11,43.7,16.26,10.84,0.62
电广传媒,sz000917,9.8,9.35,9.6,77703800.0,9.8,251800,9.81,133500,4.81,10.07,9.51,77703800,757380000.0,5.48,5.99,138.91,138.92,10.29,8.42,2.97
富创精密,sh688409,92.43,90.1,93.11,479889100.0,92.43,100,92.44,2200,2.59,95.66,91.54,479889100,448450000.0,1.57,4.57,283.03,283.03,108.12,72.08,0.92
中信金属,sh601061,11.76,11.63,11.88,15022000.0,11.76,68600,11.77,16200,1.12,12.02,11.65,15022000,176660000.0,3.0,3.18,58.94,576.24,12.79,10.47,0.93
联泓新科,sz003022,19.97,19.83,20.1,10000900.0,19.97,7500,19.98,6500,0.71,20.35,19.71,10000900,200110000.0,0.75,3.23,266.49,266.71,21.81,17.85,0.6
鼎龙股份,sz300054,48.7,49.3,50.44,54641800.0,48.69,35600,48.7,70800,-1.22,50.64,47.76,54641800,2663930000.0,7.41,5.84,359.32,461.71,59.16,39.44,0.95
电投能源,sz002128,30.08,30.07,30.49,13880900.0,30.08,16000,30.09,2800,0.03,30.49,29.9,13880900,418950000.0,0.62,1.96,674.27,674.27,33.08,27.06,0.82
山科智能,sz300897,24.28,23.87,24.3,583800.0,24.28,1900,24.29,21800,1.72,24.33,23.96,583800,14120000.0,0.67,1.55,21.23,34.05,28.64,19.1,0.39
力量钻石,sz301071,39.59,38.68,40.5,6323800.0,39.59,10700,39.6,10100,2.35,40.5,39.39,6323800,251640000.0,3.25,2.87,77.04,103.04,46.42,30.94,0.76
惠云钛业,sz300891,8.44,8.3,8.48,8477000.0,8.44,16300,8.45,110000,1.69,8.66,8.37,8477000,71740000.0,2.55,3.49,28.06,33.76,9.96,6.64,0.85
华图山鼎,sz300492,59.36,57.7,58.97,1163800.0,59.36,1900,59.4,700,2.88,60.15,57.97,1163800,68690000.0,0.59,3.78,116.75,116.75,69.24,46.16,1.0
蔚蓝锂芯,sz002245,16.93,16.62,16.9,42360900.0,16.93,4400,16.94,89000,1.87,17.14,16.62,42360900,713040000.0,3.9,3.13,183.72,195.34,18.28,14.96,0.59
宏盛股份,sh603090,61.7,60.31,61.56,2664700.0,61.68,100,61.71,1400,2.3,63.0,61.3,2664700,164870000.0,2.66,2.82,61.7,61.7,66.34,54.28,0.6
纳思达,sz002180,16.87,16.55,16.86,7476400.0,16.86,38900,16.87,4800,1.93,16.95,16.72,7476400,126000000.0,0.55,1.39,229.39,239.87,18.21,14.9,0.68
开能健康,sz300272,8.31,8.06,8.1,34577400.0,8.31,93600,8.32,235700,3.1,8.32,8.06,34577400,284710000.0,7.44,3.23,38.6,50.81,9.67,6.45,1.49
方盛股份,bj920662,24.22,23.88,24.59,653800.0,24.22,3400,24.27,7300,1.42,24.84,24.11,653800,15888599.999999998,2.42,3.06,6.54,21.2,31.04,16.72,0.6
上海洗霸,sh603200,59.02,57.15,58.05,6330500.0,59.02,1300,59.03,3300,3.27,60.35,57.2,6330500,372130000.0,3.61,5.51,103.57,103.57,62.87,51.44,1.06
中创智领,sh601717,20.58,20.39,20.66,23990500.0,20.57,10100,20.58,37300,0.93,20.76,20.28,23990500,490740000.0,1.56,2.35,317.38,367.44,22.43,18.35,1.19
上海新阳,sz300236,75.68,73.46,75.3,7189700.0,75.68,3700,75.69,1100,3.02,76.35,74.47,7189700,542420000.0,2.58,2.56,210.81,237.17,88.15,58.77,0.79
海光信息,sh688041,220.31,210.26,217.1,1968373400.0,220.3,5300,220.31,200,4.78,221.8,215.0,1968373400,4310420000.0,0.85,3.23,5120.75,5120.75,252.31,168.21,1.08
瑞丰新材,sz300910,51.72,48.54,49.18,5393100.0,51.71,2900,51.72,8600,6.55,52.09,49.06,5393100,276040000.0,2.61,6.24,107.02,153.06,58.25,38.83,1.63
锐捷网络,sz301165,81.55,76.56,78.58,9173200.0,81.55,5400,81.56,1800,6.52,82.7,78.5,9173200,741900000.0,1.15,5.49,648.69,648.69,91.87,61.25,1.11
东阳光,sh600673,31.4,30.3,31.3,49961200.0,31.39,9800,31.4,28800,3.63,31.8,30.8,49961200,1565540000.0,1.66,3.3,942.49,945.0,33.33,27.27,1.19
天铁科技,sz300587,5.46,5.45,5.57,20889700.0,5.46,97900,5.47,191200,0.18,5.6,5.41,20889700,114970000.0,1.99,3.49,57.44,70.89,6.54,4.36,0.88
联泰环保,sh603797,4.7,4.64,4.73,6100500.0,4.69,37900,4.7,80100,1.29,4.76,4.65,6100500,28610000.0,1.06,2.37,27.1,27.1,5.1,4.18,0.8
四川黄金,sz001337,49.93,50.16,51.47,22354700.0,49.93,71100,49.94,5800,-0.46,51.98,49.19,22354700,1123460000.0,5.32,5.56,209.71,209.71,55.18,45.14,1.27
上海凤凰,sh600679,12.02,12.06,12.07,4008400.0,12.01,23100,12.02,18100,-0.33,12.17,11.86,4008400,48050000.0,1.17,2.57,41.31,61.94,13.27,10.85,1.2
中金黄金,sh600489,27.26,26.71,27.5,75611600.0,27.26,12200,27.27,29400,2.06,27.95,26.93,75611600,2067960000.0,1.56,3.82,1321.38,1321.38,29.38,24.04,0.9
永新股份,sz002014,12.03,11.86,12.02,3218300.0,12.03,300,12.04,5400,1.43,12.12,11.86,3218300,38650000.0,0.53,2.19,72.72,73.68,13.05,10.67,0.96
新洋丰,sz000902,15.85,15.68,15.89,7682600.0,15.84,43500,15.85,1200,1.08,15.94,15.75,7682600,121710000.0,0.67,1.21,181.13,198.88,17.25,14.11,0.62
家联科技,sz301193,22.85,22.01,22.45,2386800.0,22.85,500,22.87,800,3.82,23.26,22.4,2386800,54500000.0,1.72,3.91,31.64,44.6,26.41,17.61,0.88
晨光新材,sh605399,14.25,13.98,14.2,3145700.0,14.24,800,14.25,29300,1.93,14.47,14.14,3145700,44920000.0,1.01,2.36,44.39,44.49,15.38,12.58,0.67
上能电气,sz300827,39.68,38.88,39.88,45441600.0,39.68,31900,39.69,18100,2.06,40.35,37.78,45441600,1792340000.0,11.8,6.61,152.86,220.9,46.66,31.1,0.61
晨丰科技,sh603685,32.13,29.8,30.5,7396800.0,32.11,200,32.13,56900,7.82,32.78,30.36,7396800,236710000.0,3.67,8.12,64.73,80.63,32.78,26.82,1.95
ST合纵,sz300477,2.6,2.58,2.61,19047500.0,2.6,311100,2.61,623700,0.78,2.64,2.56,19047500,49430000.0,1.92,3.1,25.76,27.87,3.1,2.06,0.67
兴发集团,sh600141,33.65,33.38,33.99,14500400.0,33.65,11000,33.66,114000,0.81,34.18,33.33,14500400,488450000.0,1.21,2.55,404.39,404.39,36.72,30.04,0.54
唯科科技,sz301196,104.0,99.6,107.73,7637700.0,104.0,10600,104.01,3200,4.42,108.88,100.38,7637700,793730000.0,9.32,8.53,85.24,130.33,119.52,79.68,0.79
中兴商业,sz000715,5.86,5.84,5.91,8183100.0,5.85,26500,5.86,30100,0.34,5.95,5.78,8183100,47830000.0,1.68,2.91,28.5,31.67,6.42,5.26,1.01
天岳先进,sh688234,86.8,81.9,83.98,1290845400.0,86.8,15500,86.81,1100,5.98,90.58,83.98,1290845400,1130690000.0,3.0,8.06,372.99,420.65,98.28,65.52,2.16
中色股份,sz000758,6.65,6.55,6.75,33689800.0,6.64,390700,6.65,200300,1.53,6.8,6.58,33689800,224130000.0,1.7,3.36,131.42,132.36,7.21,5.9,0.76
振德医疗,sh603301,100.22,99.23,99.8,5361100.0,100.22,7700,100.23,3100,1.0,101.4,96.49,5361100,533760000.0,2.02,4.95,266.42,266.42,109.15,89.31,1.29
鼎阳科技,sh688112,39.15,38.28,39.0,102402900.0,39.15,2600,39.19,200,2.27,39.5,38.82,102402900,40080000.0,0.64,1.78,62.48,62.48,45.94,30.62,0.73
兆威机电,sz003021,98.55,96.0,97.9,3197900.0,98.55,15700,98.56,1500,2.66,98.9,97.23,3197900,314230000.0,1.54,1.74,204.3,263.6,105.6,86.4,0.9
富瑞特装,sz300228,9.51,9.28,9.4,32203600.0,9.5,164100,9.51,160700,2.48,9.52,9.29,32203600,303690000.0,5.73,2.48,53.4,56.82,11.14,7.42,1.35
国投中鲁,sh600962,19.06,18.88,19.21,1914900.0,19.06,9900,19.08,100,0.95,19.23,18.94,1914900,36490000.0,0.73,1.54,49.98,49.98,20.77,16.99,0.77
星云股份,sz300648,52.82,52.0,53.09,1811800.0,52.82,5600,52.85,800,1.58,53.88,52.5,1811800,96450000.0,1.37,2.65,70.09,92.06,62.4,41.6,0.83
莱尔科技,sh688683,33.0,31.57,31.72,106631900.0,32.97,400,33.0,2500,4.53,33.0,31.72,106631900,34590000.0,0.69,4.05,51.21,53.16,37.88,25.26,1.15
朗进科技,sz300594,30.72,28.92,29.6,7189200.0,30.72,6600,30.73,500,6.22,32.89,29.15,7189200,222860000.0,7.9,12.93,27.95,28.22,34.7,23.14,1.95
天山铝业,sz002532,17.9,17.79,17.6,130088700.0,17.9,34400,17.91,69300,0.62,18.05,17.03,130088700,2292860000.0,3.17,5.73,735.13,828.54,19.57,16.01,1.58
张江高科,sh600895,35.54,34.05,34.9,26166900.0,35.53,19200,35.54,76500,4.38,35.66,34.6,26166900,918460000.0,1.69,3.11,550.4,550.4,37.46,30.65,1.84
凯美特气,sz002549,18.47,18.0,18.21,38176700.0,18.46,140300,18.47,22200,2.61,18.8,17.95,38176700,700960000.0,5.51,4.72,127.88,128.43,19.8,16.2,0.76
利和兴,sz301013,21.96,21.44,21.99,7592400.0,21.95,17100,21.96,54500,2.43,22.33,21.51,7592400,166180000.0,4.01,3.82,41.56,51.33,25.73,17.15,1.37
弘元绿能,sh603185,23.42,22.91,23.34,16294600.0,23.42,49300,23.43,22300,2.23,23.89,22.91,16294600,380910000.0,2.4,4.28,159.03,159.98,25.2,20.62,0.76
江钨装备,sh600397,14.76,14.7,15.06,32786700.0,14.76,25100,14.77,53300,0.41,15.16,14.66,32786700,487410000.0,3.31,3.4,146.12,146.12,16.17,13.23,0.64
精测电子,sz300567,127.7,125.7,131.0,6495700.0,127.59,200,127.7,3400,1.59,132.34,126.5,6495700,836800000.0,2.86,4.65,289.94,357.24,150.84,100.56,0.93
泰福泵业,sz300992,37.49,41.88,40.62,18265900.0,37.47,3400,37.49,5700,-10.48,41.77,35.8,18265900,689130000.0,23.57,14.26,29.05,35.74,50.26,33.5,2.38
启明星辰,sz002439,12.99,12.79,12.98,8356700.0,12.99,62700,13.0,54100,1.56,13.03,12.86,8356700,108100000.0,1.15,1.33,94.22,157.36,14.07,11.51,0.72
*ST中基,sz000972,3.89,3.92,3.94,12583500.0,3.88,151300,3.89,101300,-0.77,3.95,3.86,12583500,48950000.0,1.63,2.3,30.0,30.0,4.12,3.72,0.96
晓程科技,sz300139,59.41,59.41,62.77,43688400.0,59.41,800,59.42,700,0.0,62.78,57.0,43688400,2615430000.0,18.7,9.73,138.82,162.78,71.29,47.53,1.04
华金资本,sz000532,13.41,13.27,13.5,3905200.0,13.41,3700,13.42,11800,1.06,13.57,13.3,3905200,52400000.0,1.14,2.03,46.07,46.23,14.6,11.94,0.89
德龙激光,sh688170,48.35,46.45,47.78,621714800.0,48.34,600,48.35,900,4.09,48.98,47.57,621714800,300070000.0,6.02,3.04,49.97,49.97,55.74,37.16,0.77
龙佰集团,sz002601,17.59,17.41,17.75,20710300.0,17.58,27100,17.59,500,1.03,17.84,17.48,20710300,364980000.0,1.04,2.07,349.62,419.39,19.15,15.67,1.01
*ST美谷,sz000615,3.43,3.5,3.49,17383100.0,3.42,102500,3.43,71100,-2.0,3.52,3.39,17383100,59680000.0,1.88,3.71,31.74,61.31,3.68,3.33,1.16
德才股份,sh605287,45.08,40.98,42.62,7781100.0,45.08,1220800,0.0,0,10.0,45.08,41.52,7781100,341350000.0,5.56,8.69,63.11,63.11,45.08,36.88,1.58
亚太股份,sz002284,13.57,13.18,13.7,22254800.0,13.57,28300,13.58,17500,2.96,13.79,13.28,22254800,300340000.0,3.04,3.87,99.36,100.3,14.5,11.86,1.58
硅宝科技,sz300019,19.26,18.85,19.2,4450900.0,19.25,56400,19.26,8600,2.18,19.3,19.06,4450900,85460000.0,1.21,1.27,70.99,75.71,22.62,15.08,0.68
重药控股,sz000950,5.9,5.7,5.79,63340700.0,5.9,189000,5.91,21100,3.51,6.09,5.66,63340700,373810000.0,3.67,7.54,101.96,101.96,6.27,5.13,3.5
信立泰,sz002294,66.05,61.31,61.84,13991000.0,66.05,3400,66.06,11700,7.73,66.6,61.78,13991000,912450000.0,1.26,7.86,736.17,736.34,67.44,55.18,1.5
华特气体,sh688268,89.0,91.0,89.97,977766400.0,88.99,300,89.0,47200,-2.2,91.0,84.22,977766400,862650000.0,8.15,7.45,106.72,106.8,109.2,72.8,0.79
长阳科技,sh688299,16.86,16.61,16.9,280885000.0,16.86,17900,16.88,2600,1.51,17.05,16.74,280885000,47430000.0,0.98,1.87,48.45,48.45,19.93,13.29,0.45
立达信,sh605365,18.91,18.71,18.71,5344100.0,18.9,13400,18.91,1700,1.07,19.22,18.49,5344100,101020000.0,1.06,3.9,94.93,94.93,20.58,16.84,1.27
新迅达,sz300518,19.9,20.11,20.49,5909200.0,19.9,5000,19.91,6600,-1.04,20.8,19.86,5909200,119510000.0,2.96,4.67,39.68,39.68,24.13,16.09,0.74
东方锆业,sz002167,12.31,12.13,12.36,16275300.0,12.31,68200,12.32,181900,1.48,12.45,12.2,16275300,199970000.0,2.15,2.06,93.24,95.36,13.34,10.92,0.66
江苏北人,sh688218,24.37,24.05,24.4,337412000.0,24.36,36900,24.37,1900,1.33,24.69,23.95,337412000,81990000.0,2.9,3.08,28.39,28.39,28.86,19.24,0.66
众泰汽车,sz000980,2.35,2.38,2.42,103330100.0,2.35,231100,2.36,1415500,-1.26,2.43,2.32,103330100,242990000.0,2.05,4.62,118.24,118.5,2.62,2.14,1.17
寒锐钴业,sz300618,42.32,41.38,42.24,7214500.0,42.32,7000,42.33,400,2.27,42.77,41.65,7214500,304590000.0,2.65,2.71,115.32,131.06,49.66,33.1,0.75
南侨食品,sh605339,16.41,16.25,16.35,826400.0,16.4,1400,16.41,1300,0.98,16.5,16.29,826400,13550000.0,0.19,1.29,69.63,69.63,17.88,14.63,0.86
阳光诺和,sh688621,68.78,64.18,65.89,483455600.0,68.77,300,68.78,4100,7.17,69.77,64.28,483455600,326790000.0,4.32,8.55,77.03,77.03,77.02,51.34,2.26
*ST仁东,sz002647,8.6,8.84,8.99,20980200.0,8.6,92000,8.61,17300,-2.71,8.99,8.43,20980200,180460000.0,2.07,6.33,87.32,97.21,9.28,8.4,1.61
思泰克,sz301568,50.48,47.0,48.4,5078600.0,50.47,600,50.48,100,7.4,50.61,48.27,5078600,251740000.0,10.67,4.98,24.03,52.12,56.4,37.6,1.67
人民同泰,sh600829,10.33,10.19,10.3,9002800.0,10.33,11300,10.34,70600,1.37,10.36,9.99,9002800,92200000.0,1.55,3.63,59.9,59.9,11.21,9.17,1.45
同星科技,sz301252,37.29,36.42,37.16,2801900.0,37.28,300,37.29,25800,2.39,37.5,36.62,2801900,103800000.0,5.93,2.42,17.63,63.1,43.7,29.14,0.63
西藏矿业,sz000762,28.42,29.04,29.44,25724000.0,28.41,159400,28.42,11000,-2.13,29.5,28.3,25724000,737710000.0,4.94,4.13,148.01,148.02,31.94,26.14,0.67
正和生态,sh605069,11.82,11.6,11.85,2695600.0,11.81,13300,11.82,17900,1.9,11.88,11.6,2695600,31670000.0,1.27,2.41,25.02,25.02,12.76,10.44,0.89
西藏珠峰,sh600338,16.95,17.02,17.32,39457000.0,16.95,187700,16.96,50300,-0.41,17.38,16.79,39457000,670850000.0,4.32,3.47,154.96,154.96,18.72,15.32,0.57
高盟新材,sz300200,9.45,9.28,9.49,9521100.0,9.44,101800,9.45,2300,1.83,9.53,9.35,9521100,89930000.0,2.25,1.94,40.06,40.73,11.14,7.42,0.64
中原内配,sz002448,14.51,13.97,14.37,18125000.0,14.51,7400,14.52,100400,3.87,14.8,14.25,18125000,262780000.0,3.98,3.94,66.1,85.38,15.37,12.57,1.04
金太阳,sz300606,35.54,34.14,35.29,13457800.0,35.54,40900,35.55,16700,4.1,37.21,34.93,13457800,484900000.0,11.44,6.68,41.82,49.17,40.97,27.31,1.06
沧州明珠,sz002108,4.9,4.96,5.0,68304500.0,4.89,476600,4.9,82900,-1.21,5.02,4.86,68304500,335790000.0,4.15,3.23,80.73,80.78,5.46,4.46,0.71
洛阳钼业,sh603993,18.24,17.15,17.9,385403500.0,18.24,727900,18.25,2030700,6.36,18.37,17.83,385403500,6962710000.0,2.21,3.15,3184.86,3902.32,18.87,15.44,1.58
泰嘉股份,sz002843,21.33,20.81,21.31,14924200.0,21.33,39800,21.34,4900,2.5,21.73,21.12,14924200,319420000.0,5.95,2.93,53.49,53.7,22.89,18.73,0.64
合肥城建,sz002208,11.9,12.12,12.35,38740100.0,11.9,198500,11.91,127700,-1.82,12.45,11.79,38740100,465210000.0,4.82,5.45,95.57,95.59,13.33,10.91,1.11
海马汽车,sz000572,6.01,6.14,6.2,96768700.0,6.01,287200,6.02,280800,-2.12,6.22,5.92,96768700,581300000.0,5.89,4.89,98.7,98.84,6.75,5.53,0.92
长虹能源,bj920239,29.71,29.28,29.8,839600.0,29.7,5000,29.71,500,1.47,30.15,29.54,839600,24998300.0,0.47,2.08,53.31,54.09,38.06,20.5,0.56
华源控股,sz002787,12.22,12.02,12.26,7360600.0,12.21,6900,12.22,10700,1.66,12.4,12.0,7360600,89470000.0,2.93,3.33,30.66,40.96,13.22,10.82,0.63
华人健康,sz301408,17.41,17.0,17.18,12637200.0,17.4,11800,17.41,2200,2.41,17.54,16.89,12637200,218770000.0,5.52,3.82,39.86,69.64,20.4,13.6,1.56
罗 牛 山,sz000735,6.72,6.68,6.75,11212100.0,6.71,143200,6.72,111100,0.6,6.78,6.68,11212100,75330000.0,0.97,1.5,77.34,77.38,7.35,6.01,0.65
云图控股,sz002539,14.35,14.2,14.38,13788700.0,14.35,78900,14.36,2600,1.06,14.62,14.25,13788700,199180000.0,1.56,2.61,126.45,173.31,15.62,12.78,0.64
强达电路,sz301628,101.54,97.06,100.18,2001900.0,101.53,200,101.55,300,4.62,103.81,100.0,2001900,204110000.0,6.14,3.93,33.13,76.54,116.47,77.65,1.51
博杰股份,sz002975,71.56,70.2,72.16,3030600.0,71.55,4400,71.56,5800,1.94,73.06,70.68,3030600,216870000.0,2.86,3.39,75.75,114.71,77.22,63.18,1.02
日出东方,sh603366,9.31,9.29,9.38,27286300.0,9.31,43500,9.32,154800,0.22,9.44,9.23,27286300,254030000.0,3.36,2.26,75.69,75.69,10.22,8.36,0.49
中铝国际,sh601068,5.85,5.99,6.06,33108100.0,5.84,220500,5.85,21200,-2.34,6.18,5.81,33108100,196490000.0,1.29,6.18,149.74,174.79,6.59,5.39,1.3
金凯生科,sz301509,43.99,40.79,41.46,13909000.0,43.99,2100,44.0,15600,7.85,44.8,41.38,13909000,602370000.0,24.51,8.38,24.96,52.98,48.95,32.63,1.28
诚达药业,sz301201,59.61,51.7,52.9,26006600.0,59.61,265200,59.66,10000,15.3,61.26,52.21,26006600,1483690000.0,23.96,17.5,64.7,92.22,62.04,41.36,2.59
中旗新材,sz001212,50.09,48.92,50.19,3853300.0,50.09,2900,50.12,3400,2.39,50.68,49.5,3853300,192860000.0,2.22,2.41,87.08,100.66,53.81,44.03,0.98
万向钱潮,sz000559,15.69,15.43,15.79,70350500.0,15.69,60900,15.7,751100,1.69,15.95,15.43,70350500,1102850000.0,2.12,3.37,520.05,520.18,16.97,13.89,1.12
长华化学,sz301518,39.83,39.1,39.69,1564200.0,39.82,3000,39.83,1700,1.87,40.18,39.51,1564200,62340000.0,2.93,1.71,21.29,57.94,46.92,31.28,0.81
唯捷创芯,sh688153,33.47,32.89,33.48,310761300.0,33.47,20400,33.49,7600,1.76,33.78,33.07,310761300,103690000.0,0.76,2.16,136.97,144.03,39.47,26.31,1.0
川恒股份,sz002895,38.95,39.52,39.92,9230700.0,38.95,15000,38.96,5100,-1.44,40.16,38.78,9230700,362540000.0,1.55,3.49,231.74,236.0,43.47,35.57,0.81
长光华芯,sh688048,227.2,206.0,217.0,1615664100.0,227.19,1200,227.2,51900,10.29,229.3,210.61,1615664100,3533620000.0,9.17,9.07,400.51,400.51,247.2,164.8,1.03
景津装备,sh603279,17.0,16.89,17.18,4306300.0,17.0,12200,17.01,1400,0.65,17.26,16.9,4306300,73400000.0,0.75,2.13,97.98,97.98,18.58,15.2,0.53
山金国际,sz000975,30.62,29.68,30.27,37407800.0,30.62,900,30.63,21700,3.17,31.18,30.2,37407800,1146070000.0,1.48,3.3,773.9,850.23,32.65,26.71,1.04
史丹利,sz002588,10.47,10.38,10.56,14978100.0,10.46,30000,10.47,4800,0.87,10.67,10.41,14978100,157650000.0,1.74,2.5,89.9,120.6,11.42,9.34,0.63
英联股份,sz002846,14.5,14.31,14.58,4368800.0,14.49,15500,14.5,21400,1.33,14.64,14.33,4368800,63170000.0,1.7,2.17,37.27,60.9,15.74,12.88,0.68
润禾材料,sz300727,30.55,29.79,30.38,1977100.0,30.54,1500,30.55,800,2.55,30.62,30.23,1977100,60200000.0,1.22,1.31,49.45,55.03,35.75,23.83,0.84
金钼股份,sh601958,19.13,18.6,19.05,30561400.0,19.13,136100,19.14,4000,2.85,19.25,18.76,30561400,581320000.0,0.95,2.63,617.25,617.25,20.46,16.74,0.91
ST朗源,sz300175,6.19,6.16,6.21,5718300.0,6.19,24900,6.2,34700,0.49,6.27,6.12,5718300,35280000.0,1.21,2.44,29.14,29.14,7.39,4.93,1.29
长川科技,sz300604,124.48,121.05,124.0,15086400.0,124.48,9200,124.49,15000,2.83,127.89,123.0,15086400,1890040000.0,3.08,4.04,609.29,789.72,145.26,96.84,1.11
运达科技,sz300440,16.51,15.85,16.1,11409200.0,16.5,58700,16.51,13500,4.16,16.62,16.02,11409200,186220000.0,2.61,3.79,72.28,72.56,19.02,12.68,0.78
仕佳光子,sh688313,88.88,83.19,86.5,4210286500.0,88.87,114700,88.88,4800,6.84,88.97,84.01,4210286500,3661590000.0,9.32,5.96,401.73,401.73,99.83,66.55,1.05
良信股份,sz002706,10.17,9.99,10.21,49821700.0,10.17,10300,10.18,48500,1.8,10.34,10.05,49821700,506840000.0,5.45,2.9,93.05,114.22,10.99,8.99,1.04
宁德时代,sz300750,405.71,401.7,409.73,23170100.0,405.71,44000,405.72,2800,1.0,409.87,396.0,23170100,9384270000.0,0.54,3.45,17269.61,18516.07,482.04,321.36,0.86
ST张家界,sz000430,7.44,7.37,7.45,2395400.0,7.43,31500,7.44,14600,0.95,7.48,7.38,2395400,17780000.0,0.65,1.36,27.57,60.24,7.74,7.0,0.84
晶晨股份,sh688099,79.38,79.2,81.02,813918200.0,79.38,4400,79.39,5600,0.23,81.3,78.8,813918200,646810000.0,1.93,3.16,334.32,334.32,95.04,63.36,0.97
湖南黄金,sz002155,31.03,30.9,31.63,89747900.0,31.03,128500,31.04,59800,0.42,31.98,30.58,89747900,2793170000.0,5.74,4.53,484.85,484.89,33.99,27.81,1.08
卓然股份,sh688121,10.88,10.72,10.83,248861500.0,10.88,19000,10.89,2400,1.49,11.03,10.75,248861500,27020000.0,1.23,2.61,22.05,25.42,12.86,8.58,0.95
赣能股份,sz000899,12.84,12.93,13.14,33393400.0,12.84,5000,12.85,13200,-0.7,13.3,12.74,33393400,433800000.0,3.42,4.33,125.28,125.28,14.22,11.64,0.43
中船特气,sh688146,42.95,42.56,43.36,318587400.0,42.94,1400,42.95,14000,0.92,43.51,42.61,318587400,136590000.0,2.2,2.11,62.26,227.38,51.07,34.05,0.54
利安隆,sz300596,42.56,41.08,41.8,3599100.0,42.55,1200,42.56,5100,3.6,42.7,41.65,3599100,152320000.0,1.61,2.56,94.93,97.73,49.3,32.86,0.91
新华保险,sh601336,62.38,61.53,62.59,16316400.0,62.37,9500,62.38,2200,1.38,63.37,61.89,16316400,1018380000.0,0.78,2.41,1300.9,1945.97,67.68,55.38,0.87
汇隆新材,sz301057,32.92,32.59,32.87,1640600.0,32.92,800,32.93,200,1.01,33.69,32.46,1640600,53770000.0,1.99,3.77,27.19,38.51,39.11,26.07,0.8
科安达,sz002972,12.89,12.86,12.98,9465400.0,12.87,23400,12.89,7900,0.23,13.08,12.69,9465400,121750000.0,7.03,3.03,17.36,31.71,14.15,11.57,1.01
盟固利,sz301487,20.83,20.43,20.85,8536600.0,20.83,12500,20.84,1200,1.96,21.03,20.52,8536600,177420000.0,3.13,2.5,56.82,95.74,24.52,16.34,0.61
乐鑫科技,sh688018,146.75,146.96,149.47,255854400.0,146.75,19400,146.76,1400,-0.14,150.27,146.0,255854400,376830000.0,1.63,2.91,229.96,245.28,176.35,117.57,0.92
华通线缆,sh605196,47.43,47.08,48.02,8333200.0,47.43,6800,47.45,5200,0.74,48.7,47.1,8333200,398910000.0,1.65,3.4,239.5,242.37,51.79,42.37,0.61
朗威股份,sz301202,37.52,36.35,37.38,1183100.0,37.52,21100,37.54,400,3.22,37.68,37.15,1183100,44290000.0,3.18,1.46,13.95,51.18,43.62,29.08,0.86
翔丰华,sz300890,31.4,30.28,30.83,8121600.0,31.39,1200,31.4,18800,3.7,31.54,30.3,8121600,251560000.0,7.46,4.1,34.18,37.41,36.34,24.22,1.2
鹏欣资源,sh600490,7.9,7.63,7.84,53482000.0,7.89,168200,7.9,247600,3.54,8.08,7.74,53482000,419600000.0,2.68,4.46,157.42,174.82,8.39,6.87,0.94
威星智能,sz002849,16.86,16.55,16.9,4335100.0,16.86,28400,16.87,100,1.87,17.03,16.61,4335100,72980000.0,2.24,2.54,32.64,37.2,18.21,14.9,0.6
ST美晨,sz300237,2.34,2.33,2.36,15874400.0,2.34,655800,2.35,852900,0.43,2.37,2.33,15874400,37270000.0,1.1,1.72,33.74,33.74,2.8,1.86,0.76
众生药业,sz002317,19.17,18.4,18.68,51160400.0,19.17,93600,19.18,300100,4.18,19.23,18.36,51160400,971100000.0,6.72,4.73,146.0,162.93,20.24,16.56,2.29
金瑞矿业,sh600714,17.56,17.43,17.78,17805900.0,17.56,19700,17.57,500,0.75,18.04,17.52,17805900,315690000.0,6.18,2.98,50.6,50.6,19.17,15.69,0.75
华友钴业,sh603799,60.3,58.73,59.9,59339300.0,60.3,7000,60.31,2400,2.67,60.79,58.76,59339300,3555470000.0,3.15,3.46,1136.1,1143.73,64.6,52.86,0.95
湖北宜化,sz000422,16.3,16.44,16.62,41025200.0,16.29,172000,16.3,109800,-0.85,16.73,16.26,41025200,674950000.0,3.88,2.86,172.42,177.38,18.08,14.8,0.64
豫光金铅,sh600531,13.45,13.18,13.6,43409600.0,13.45,168800,13.46,56900,2.05,13.7,13.23,43409600,581850000.0,3.59,3.57,162.65,162.65,14.5,11.86,0.89
中仑新材,sz301565,21.27,20.96,21.2,2130600.0,21.27,30800,21.29,200,1.48,21.3,21.07,2130600,45170000.0,1.66,1.1,27.23,85.08,25.15,16.77,0.85
华阳新材,sh600281,5.34,5.37,5.44,7848500.0,5.33,28400,5.34,44800,-0.56,5.48,5.28,7848500,41850000.0,1.53,3.72,27.47,27.47,5.91,4.83,0.79
天汽模,sz002510,7.1,7.05,7.16,17876300.0,7.09,205000,7.1,87600,0.71,7.19,7.06,17876300,126960000.0,1.78,1.84,71.34,72.07,7.76,6.35,0.69
中国铝业,sh601600,11.56,11.4,11.63,301488800.0,11.56,423200,11.57,608000,1.4,11.68,11.43,301488800,3485780000.0,2.29,2.19,1522.84,1983.11,12.54,10.26,0.89
岳阳林纸,sh600963,4.84,4.73,4.8,29306100.0,4.84,279700,4.85,10700,2.33,4.92,4.78,29306100,142310000.0,1.67,2.96,85.07,85.07,5.2,4.26,0.97
新益昌,sh688383,81.18,75.56,76.82,277389800.0,81.18,3200,81.2,700,7.44,81.38,75.6,277389800,220150000.0,2.73,7.65,82.52,82.52,90.67,60.45,1.95
新凤鸣,sh603225,17.64,16.74,17.06,31220300.0,17.63,12000,17.64,7900,5.38,17.99,17.06,31220300,549950000.0,1.87,5.56,294.33,295.91,18.41,15.07,1.36
华宝新能,sz301327,69.77,71.4,71.97,6829200.0,69.77,1100,69.79,4100,-2.28,72.99,68.75,6829200,478250000.0,3.92,5.94,121.67,121.67,85.68,57.12,0.62
凌霄泵业,sz002884,18.47,18.22,18.45,3163300.0,18.46,500,18.47,500,1.37,18.63,18.36,3163300,58480000.0,1.16,1.48,50.44,66.06,20.04,16.4,1.05
欣龙控股,sz000955,4.99,4.92,4.99,11169600.0,4.98,28400,4.99,101000,1.42,5.04,4.92,11169600,55510000.0,2.08,2.44,26.85,26.87,5.41,4.43,0.84
司太立,sh603520,11.14,10.77,10.86,48970800.0,11.14,96600,11.15,64900,3.44,11.18,10.64,48970800,536500000.0,11.17,5.01,48.84,48.84,11.85,9.69,1.13
恺英网络,sz002517,19.01,17.7,18.07,84276700.0,19.0,72200,19.01,207100,7.4,19.15,17.91,84276700,1570010000.0,4.46,7.01,359.12,406.14,19.47,15.93,2.38
中国平安,sh601318,58.18,56.78,57.58,68403500.0,58.18,7700,58.19,59300,2.47,58.29,57.54,68403500,3964970000.0,0.64,1.32,6202.03,10535.03,62.46,51.1,0.87
翔宇医疗,sh688626,58.26,56.68,57.6,220232400.0,58.25,8100,58.26,1000,2.79,58.63,57.01,220232400,127690000.0,1.38,2.86,93.22,93.22,68.02,45.34,1.09
保丽洁,bj920802,14.0,13.92,14.09,971700.0,13.81,1000,14.0,8600,0.57,14.25,13.66,971700,13585700.0,4.4,4.24,3.09,11.48,18.09,9.75,2.37
晨化股份,sz300610,11.28,11.1,11.27,3342500.0,11.27,2500,11.28,24200,1.62,11.34,11.16,3342500,37620000.0,1.99,1.62,18.91,24.25,13.32,8.88,0.73
逸豪新材,sz301176,26.85,24.6,25.28,13889800.0,26.84,300,26.85,1000,9.15,28.8,25.28,13889800,377240000.0,8.47,14.31,44.05,45.39,29.52,19.68,2.52
行云科技,sz300209,10.25,10.0,10.2,73627900.0,10.24,124400,10.25,56600,2.5,10.77,9.82,73627900,761530000.0,10.02,9.5,75.29,95.19,12.0,8.0,0.89
迪威尔,sh688377,36.9,36.38,37.11,134061200.0,36.9,19300,36.94,72900,1.43,37.46,36.66,134061200,49680000.0,0.69,2.2,71.82,71.82,43.66,29.1,0.99
乐惠国际,sh603076,28.7,28.2,28.5,5194200.0,28.7,3000,28.72,200,1.77,29.06,28.49,5194200,149210000.0,4.3,2.02,34.64,34.64,31.02,25.38,0.74
骏鼎达,sz301538,76.83,75.2,76.17,978900.0,76.81,2100,76.84,200,2.17,77.66,75.7,978900,75010000.0,3.14,2.61,23.99,60.23,90.24,60.16,0.93
富临精工,sz300432,22.99,23.1,23.36,72271000.0,22.98,44700,22.99,3100,-0.48,23.5,22.41,72271000,1654860000.0,4.27,4.72,388.66,393.07,27.72,18.48,0.69
闽发铝业,sz002578,4.37,4.69,4.68,184481100.0,4.37,670000,4.38,152700,-6.82,4.68,4.26,184481100,807090000.0,21.42,8.96,37.63,41.02,5.16,4.22,5.24
美能能源,sz001299,13.7,13.63,13.8,4484400.0,13.69,12900,13.7,134900,0.51,13.94,13.67,4484400,61860000.0,2.05,1.98,29.92,33.24,14.99,12.27,1.2
越秀资本,sz000987,8.63,8.44,8.8,108621500.0,8.63,300800,8.64,86700,2.25,9.0,8.57,108621500,953700000.0,2.17,5.09,432.74,432.98,9.28,7.6,2.73
华电国际,sh600027,4.73,4.71,4.74,106621400.0,4.72,3249400,4.73,38700,0.42,4.76,4.71,106621400,504210000.0,1.16,1.06,435.9,549.24,5.18,4.24,0.37
达 意 隆,sz002209,15.97,15.45,15.7,8495500.0,15.96,21100,15.97,28600,3.37,16.19,15.5,8495500,134990000.0,5.43,4.47,24.96,31.78,17.0,13.91,0.71
雪迪龙,sz002658,8.52,8.35,8.5,8562700.0,8.51,18300,8.52,45100,2.04,8.55,8.41,8562700,72600000.0,2.39,1.68,30.55,54.17,9.19,7.52,0.71
洪田股份,sh603800,39.15,38.12,38.88,3575300.0,39.14,2400,39.15,3700,2.7,39.38,38.44,3575300,139550000.0,1.72,2.47,81.43,81.43,41.93,34.31,0.9
悦安新材,sh688786,30.85,29.89,30.6,243511200.0,30.82,900,30.85,1300,3.21,31.09,30.03,243511200,74700000.0,1.69,3.55,44.36,44.36,35.87,23.91,1.2
振华新材,sh688707,13.33,12.97,13.2,911133600.0,13.33,3400,13.34,20100,2.78,13.66,13.06,911133600,121850000.0,1.79,4.63,67.82,67.82,15.56,10.38,0.78
索通发展,sh603612,26.35,25.87,26.39,10164900.0,26.35,2400,26.36,10900,1.86,26.6,26.01,10164900,267040000.0,2.04,2.28,131.25,131.25,28.46,23.28,0.75
三维股份,sh603033,9.75,9.82,9.94,3388900.0,9.75,116900,9.76,37600,-0.71,9.97,9.75,3388900,33260000.0,0.33,2.24,98.72,100.54,10.8,8.84,0.83
恒星科技,sz002132,3.87,3.9,3.94,26874000.0,3.87,125500,3.88,269800,-0.77,3.95,3.83,26874000,104490000.0,1.92,3.08,54.16,54.24,4.29,3.51,0.74
普路通,sz002769,10.18,10.67,10.83,20227100.0,10.17,12100,10.18,73200,-4.59,10.88,10.12,20227100,210810000.0,5.42,7.12,37.97,38.0,11.74,9.6,1.91
神州数码,sz000034,34.11,33.37,34.0,14893700.0,34.11,23400,34.12,5000,2.22,34.37,33.79,14893700,507240000.0,2.46,1.74,206.82,247.29,36.71,30.03,0.83
鸿利智汇,sz300219,7.23,7.12,7.26,19299200.0,7.23,19000,7.24,116800,1.54,7.37,7.17,19299200,140030000.0,2.73,2.81,51.09,51.18,8.54,5.7,0.8
聚杰微纤,sz300819,43.53,40.86,41.99,9995600.0,43.52,100,43.53,3100,6.53,45.88,41.88,9995600,440240000.0,7.42,9.79,58.66,64.95,49.03,32.69,2.06
新美星,sz300509,11.59,11.28,11.51,9336900.0,11.59,32300,11.6,50800,2.75,11.71,11.41,9336900,107740000.0,3.78,2.66,28.64,34.35,13.54,9.02,1.03
大唐发电,sh601991,3.94,3.94,4.02,195175000.0,3.93,386400,3.94,220400,0.0,4.05,3.89,195175000,770270000.0,1.57,4.06,488.41,729.16,4.33,3.55,0.54
兴业股份,sh603928,14.45,14.3,14.42,2103700.0,14.44,10100,14.45,22700,1.05,14.58,14.36,2103700,30430000.0,0.8,1.54,37.87,37.87,15.73,12.87,0.85
德明利,sz001309,371.98,379.7,417.67,30374000.0,371.97,1800,371.98,76700,-2.03,417.67,364.46,30374000,11826930000.0,18.88,14.01,598.43,843.82,417.67,341.73,1.73
海辰药业,sz300584,46.78,44.08,45.08,11714600.0,46.78,4000,46.79,4900,6.13,47.5,44.2,11714600,542700000.0,14.27,7.49,38.41,56.14,52.9,35.26,1.52
江苏国泰,sz002091,9.13,9.07,9.16,21830300.0,9.13,338400,9.14,2400,0.66,9.23,9.03,21830300,198680000.0,1.37,2.21,145.91,148.61,9.98,8.16,0.89
富吉瑞,sh688272,44.98,43.59,44.46,302081000.0,44.93,4300,44.98,19300,3.19,46.0,43.2,302081000,134380000.0,3.97,6.42,34.18,34.18,52.31,34.87,0.7
岱勒新材,sz300700,13.97,13.0,13.3,12959900.0,13.97,92400,13.98,39100,7.46,14.04,13.12,12959900,175960000.0,4.79,7.08,37.8,55.46,15.6,10.4,2.41
锦富技术,sz300128,6.1,5.96,6.1,18347600.0,6.09,6700,6.1,307500,2.35,6.14,5.98,18347600,111300000.0,1.41,2.68,79.16,79.25,7.15,4.77,0.92
川发龙蟒,sz002312,11.59,11.53,11.75,31806500.0,11.58,81400,11.59,122300,0.52,11.82,11.49,31806500,369040000.0,1.69,2.86,218.33,218.79,12.68,10.38,0.62
匠心家居,sz301061,75.36,73.1,73.7,803300.0,75.36,400,75.49,200,3.09,76.25,73.66,803300,60430000.0,0.55,3.54,109.53,164.86,87.72,58.48,1.23
铂科新材,sz300811,77.15,74.38,78.49,8843200.0,77.15,10700,77.16,200,3.72,79.77,76.66,8843200,688570000.0,3.72,4.18,183.33,223.58,89.26,59.5,1.41
维科技术,sh600152,10.4,10.46,10.66,92531500.0,10.4,206600,10.41,79300,-0.57,11.23,10.06,92531500,976640000.0,17.49,11.19,55.02,55.02,11.51,9.41,0.97
苑东生物,sh688513,73.18,64.39,65.36,668713800.0,73.12,1000,73.18,5200,13.65,76.2,65.36,668713800,476930000.0,3.79,16.83,129.19,129.19,77.27,51.51,2.61
八亿时空,sh688181,31.04,30.3,31.65,206465800.0,31.03,400,31.04,700,2.44,31.68,30.64,206465800,64030000.0,1.54,3.43,41.74,41.74,36.36,24.24,0.85
众鑫股份,sh603091,73.03,71.01,71.99,378200.0,73.03,5200,73.11,600,2.84,73.58,71.58,378200,27580000.0,1.2,2.82,22.96,74.66,78.11,63.91,0.76
中电电机,sh603988,24.83,24.26,25.03,3021900.0,24.82,11900,24.83,6400,2.35,25.08,24.5,3021900,74840000.0,1.28,2.39,58.4,58.4,26.69,21.83,0.98
立昂微,sh605358,33.37,32.57,33.51,9702100.0,33.36,12100,33.37,14400,2.46,33.52,32.92,9702100,322090000.0,1.45,1.84,224.04,224.04,35.83,29.31,0.97
戈碧迦,bj920438,38.17,35.85,36.63,2684900.0,38.17,7700,38.18,600,6.47,38.35,36.6,2684900,100602800.0,1.93,4.88,53.21,55.53,46.6,25.1,1.36
宁水集团,sh603700,13.52,13.24,13.44,3443900.0,13.5,2300,13.52,1900,2.11,13.59,13.33,3443900,46350000.0,1.72,1.96,27.03,27.03,14.56,11.92,1.07
*ST生物,sz000504,10.08,10.06,10.26,2282300.0,10.07,30300,10.08,4000,0.2,10.26,10.04,2282300,23110000.0,0.69,2.19,33.18,33.27,10.56,9.56,0.96
凌云光,sh688400,40.12,37.57,38.69,1353420900.0,40.11,22400,40.12,1700,6.79,40.29,38.64,1353420900,536460000.0,2.94,4.39,184.94,192.27,45.08,30.06,1.4
微芯生物,sh688321,30.79,28.57,29.0,1808228800.0,30.79,11700,30.8,6700,7.77,30.86,28.6,1808228800,545220000.0,4.43,7.91,125.56,136.38,34.28,22.86,2.26
依米康,sz300249,16.58,16.11,16.6,27806100.0,16.58,78100,16.59,34100,2.92,17.13,16.37,27806100,466160000.0,7.45,4.72,61.91,73.03,19.33,12.89,0.93
孚能科技,sh688567,13.27,13.04,13.25,954150800.0,13.27,6400,13.28,4100,1.76,13.41,13.11,954150800,126410000.0,0.78,2.3,162.17,162.17,15.65,10.43,0.7
江瀚新材,sh603281,33.28,33.08,33.52,2308100.0,33.27,300,33.28,1500,0.6,34.0,33.1,2308100,77370000.0,0.62,2.72,124.25,124.25,36.39,29.77,0.8
海德股份,sz000567,5.23,5.17,5.26,6452600.0,5.23,154900,5.24,166400,1.16,5.28,5.18,6452600,33700000.0,0.33,1.93,101.98,102.23,5.69,4.65,0.69
圣泉集团,sh605589,30.28,28.83,29.4,18109400.0,30.27,15000,30.28,2400,5.03,30.85,29.2,18109400,545550000.0,2.15,5.72,255.44,256.29,31.71,25.95,1.69
华兰股份,sz301093,85.88,83.18,84.53,2436300.0,85.56,6400,85.88,12000,3.25,86.77,83.8,2436300,208050000.0,1.55,3.57,134.77,141.02,99.82,66.54,0.71
云铝股份,sz000807,31.82,31.0,31.46,63872200.0,31.81,41000,31.82,48800,2.65,32.1,31.15,63872200,2025200000.0,1.84,3.06,1103.49,1103.5,34.1,27.9,1.01
锡装股份,sz001332,55.26,52.34,53.27,2922000.0,55.26,9400,55.27,1700,5.58,57.49,52.76,2922000,160760000.0,6.09,9.04,26.53,61.06,57.57,47.11,1.59
驰诚股份,bj920407,18.56,18.3,18.51,1525500.0,18.55,100,18.56,37700,1.42,18.6,17.86,1525500,27841300.0,4.39,4.04,6.45,15.85,23.79,12.81,2.48
川能动力,sz000155,15.43,15.87,15.91,94235700.0,15.42,106900,15.43,85200,-2.77,16.08,15.24,94235700,1460420000.0,5.1,5.29,284.86,284.86,17.46,14.28,0.84
屹唐股份,sh688729,22.33,21.91,22.32,369316500.0,22.32,27200,22.33,16200,1.92,22.46,22.11,369316500,82280000.0,1.72,1.6,48.01,659.98,26.29,17.53,1.02
卡莱特,sz301391,67.85,65.6,66.99,1122200.0,67.85,200,67.89,200,3.43,68.78,66.8,1122200,75990000.0,1.21,3.02,62.99,64.47,78.72,52.48,0.84
海阳科技,sh603382,27.31,27.11,27.33,684900.0,27.31,2200,27.33,7600,0.74,27.46,27.09,684900,18650000.0,1.89,1.36,9.9,49.5,29.82,24.4,0.83
弘宇股份,sz002890,15.8,15.54,15.69,2096500.0,15.79,900,15.8,1500,1.67,16.07,15.52,2096500,32970000.0,1.3,3.54,25.51,26.84,17.09,13.99,1.24
恒邦股份,sz002237,15.16,14.9,15.27,21736000.0,15.15,24900,15.16,52100,1.74,15.34,14.98,21736000,329490000.0,1.82,2.42,180.76,216.78,16.39,13.41,0.64
得利斯,sz002330,4.74,4.73,4.82,11034200.0,4.73,90000,4.74,90600,0.21,4.85,4.69,11034200,52330000.0,1.74,3.38,30.11,30.11,5.2,4.26,0.97
白银有色,sh601212,8.08,8.12,8.34,127880000.0,8.08,503400,8.09,447200,-0.49,8.36,7.97,127880000,1035140000.0,1.73,4.8,598.31,598.31,8.93,7.31,0.9
德龙汇能,sz000593,15.7,15.75,15.88,20932400.0,15.69,7200,15.7,60400,-0.32,16.26,15.49,20932400,332140000.0,5.84,4.89,56.28,56.31,17.33,14.18,0.93
迈普医学,sz301033,62.43,59.18,60.0,1784700.0,62.31,1700,62.43,900,5.49,62.48,59.44,1784700,109240000.0,3.16,5.14,35.25,41.86,71.02,47.34,1.35
佳力图,sh603912,10.0,9.09,9.27,56283800.0,10.0,1674900,0.0,0,10.01,10.0,9.27,56283800,552660000.0,10.39,8.03,54.18,54.18,10.0,8.18,1.61
再升科技,sh603601,14.87,15.49,15.49,316806000.0,14.86,65200,14.87,100000,-4.0,15.93,14.51,316806000,4756400000.0,27.73,9.17,169.87,169.87,17.04,13.94,0.94
楚江新材,sz002171,11.27,11.36,11.5,34857500.0,11.27,117600,11.28,178100,-0.79,11.55,11.18,34857500,393410000.0,2.16,3.26,181.87,182.91,12.5,10.22,1.06
三维化学,sz002469,8.95,8.76,8.87,13088800.0,8.94,4800,8.95,61700,2.17,8.97,8.82,13088800,116550000.0,2.08,1.71,56.29,58.07,9.64,7.88,0.73
*ST新潮,sh600777,5.19,5.26,5.16,39995600.0,5.18,386900,5.19,72700,-1.33,5.34,5.13,39995600,209180000.0,0.63,3.99,330.4,352.95,5.52,5.0,0.75
大富科技,sz300134,10.2,10.02,10.25,5885100.0,10.19,19700,10.2,19900,1.8,10.3,10.08,5885100,59880000.0,0.83,2.2,72.67,78.28,12.02,8.02,0.84
德艺文创,sz300640,7.26,7.2,7.31,7407700.0,7.25,6200,7.26,22100,0.83,7.37,7.17,7407700,53650000.0,3.36,2.78,16.03,22.58,8.64,5.76,0.81
芯源微,sh688037,172.85,167.56,171.88,398975700.0,172.67,2200,172.85,5300,3.16,174.57,168.16,398975700,685030000.0,1.98,3.83,348.51,348.51,201.07,134.05,0.76
威领股份,sz002667,24.92,25.38,25.7,14464500.0,24.91,8100,24.93,2100,-1.81,25.7,24.56,14464500,360710000.0,6.11,4.49,58.96,64.94,27.92,22.84,0.76
沧州大化,sh600230,19.0,18.6,19.0,15172300.0,19.0,149100,19.01,6300,2.15,19.4,18.5,15172300,288430000.0,3.67,4.84,78.65,78.65,20.46,16.74,0.74
嘉曼服饰,sz301276,23.75,23.0,23.4,1676600.0,23.68,2000,23.75,5200,3.26,24.19,23.3,1676600,39570000.0,2.32,3.87,17.16,30.78,27.6,18.4,0.8
旗滨集团,sh601636,5.9,5.83,5.9,40996300.0,5.89,105600,5.9,55300,1.2,6.02,5.85,40996300,242470000.0,1.39,2.92,174.56,174.56,6.41,5.25,0.73
兴蓉环境,sz000598,6.84,6.82,6.87,17141400.0,6.83,79000,6.84,14700,0.29,6.88,6.79,17141400,117110000.0,0.58,1.32,203.78,204.11,7.5,6.14,0.75
药易购,sz300937,29.98,29.42,29.81,2169400.0,29.97,3100,29.98,9800,1.9,30.1,29.22,2169400,64510000.0,3.34,2.99,19.45,28.68,35.3,23.54,1.42
建霖家居,sh603408,11.96,11.79,11.85,3003000.0,11.95,7900,11.96,5000,1.44,11.99,11.72,3003000,35740000.0,0.67,2.29,53.53,53.53,12.97,10.61,1.59
威唐工业,sz300707,15.85,15.52,15.84,6160900.0,15.85,25500,15.86,7400,2.13,15.98,15.62,6160900,97140000.0,4.3,2.32,22.71,27.98,18.62,12.42,0.68
ST联创,sz300343,6.39,6.39,6.49,12817300.0,6.38,122700,6.39,87200,0.0,6.51,6.32,12817300,82040000.0,1.2,2.97,68.13,68.27,7.67,5.11,0.88
清溢光电,sh688138,26.83,25.91,26.48,236095000.0,26.82,1000,26.83,3100,3.55,26.87,26.35,236095000,62810000.0,0.75,2.01,84.46,84.46,31.09,20.73,1.18
厦门空港,sh600897,16.29,16.33,16.46,3357800.0,16.28,46300,16.29,44000,-0.24,16.57,16.16,3357800,54900000.0,0.81,2.51,67.92,67.92,17.96,14.7,0.96
亚星化学,sh600319,7.56,7.58,7.63,3682800.0,7.55,1300,7.56,54300,-0.26,7.78,7.5,3682800,27940000.0,0.95,3.69,29.31,29.31,8.34,6.82,0.68
天瑞仪器,sz300165,4.98,5.02,5.08,15743100.0,4.98,60000,4.99,114000,-0.8,5.16,4.94,15743100,79170000.0,3.74,4.38,20.94,24.68,6.02,4.02,0.8
固德威,sh688390,91.48,94.55,93.47,1280588900.0,91.48,31600,91.5,500,-3.25,95.0,91.0,1280588900,1183370000.0,5.27,4.23,222.35,222.35,113.46,75.64,0.97
久日新材,sh688199,24.1,23.29,23.87,217929300.0,24.09,1600,24.1,6900,3.48,24.23,23.51,217929300,52310000.0,1.35,3.09,38.86,38.86,27.95,18.63,0.86
扬帆新材,sz300637,11.33,10.99,11.31,5010300.0,11.32,18300,11.33,19700,3.09,11.45,11.18,5010300,56670000.0,2.14,2.46,26.57,26.6,13.19,8.79,1.04
华泰证券,sh601688,18.2,17.8,18.12,77422200.0,18.2,63900,18.21,247000,2.25,18.4,18.04,77422200,1409320000.0,1.06,2.02,1329.83,1642.89,19.58,16.02,1.11
华兴源创,sh688001,31.71,30.29,31.0,367927400.0,31.71,9400,31.72,14500,4.69,32.17,30.71,367927400,115570000.0,0.83,4.82,140.95,140.95,36.35,24.23,1.18
华能蒙电,sh600863,5.08,5.12,5.14,65240600.0,5.08,199400,5.09,63500,-0.78,5.16,5.05,65240600,332770000.0,1.0,2.15,331.57,398.03,5.63,4.61,0.89
海象新材,sz003011,24.56,24.31,24.59,2545700.0,24.55,1000,24.56,4000,1.03,24.91,24.07,2545700,62340000.0,3.26,3.46,19.18,25.22,26.74,21.88,1.04
高测股份,sh688556,13.99,13.08,13.46,5503563700.0,13.98,74700,13.99,101100,6.96,14.34,13.23,5503563700,758920000.0,6.62,8.49,116.23,116.23,15.7,10.46,1.84
瑞晟智能,sh688215,70.64,70.75,70.85,83398000.0,70.6,2500,70.64,2200,-0.16,72.18,69.64,83398000,58880000.0,1.34,3.59,44.1,44.1,84.9,56.6,0.97
乐通股份,sz002319,11.07,11.0,11.17,6517200.0,11.07,7400,11.08,2300,0.64,11.5,10.95,6517200,72260000.0,3.26,5.0,22.14,23.19,12.1,9.9,0.93
开勒股份,sz301070,66.98,63.5,63.88,3853500.0,66.91,100,66.98,600,5.48,67.09,63.53,3853500,254300000.0,6.49,5.61,39.76,60.44,76.2,50.8,1.46
回天新材,sz300041,10.72,10.53,10.56,22749300.0,10.72,217200,10.73,61500,1.8,10.72,10.54,22749300,241790000.0,4.18,1.71,58.33,59.97,12.64,8.42,1.83
银轮股份,sz002126,43.47,42.51,43.45,20459200.0,43.47,8000,43.48,5100,2.26,44.34,42.82,20459200,891650000.0,2.58,3.58,344.75,367.63,46.76,38.26,1.01
国投智能,sz300188,12.44,12.3,12.5,6393600.0,12.44,14500,12.45,9300,1.14,12.6,12.38,6393600,79550000.0,0.75,1.79,106.42,106.92,14.76,9.84,0.74
光华科技,sz002741,18.15,17.87,18.28,8787900.0,18.15,21700,18.16,8200,1.57,18.28,17.95,8787900,159120000.0,2.06,1.85,77.38,84.4,19.66,16.08,0.71
中国海油,sh600938,38.64,40.0,39.09,74930900.0,38.64,239600,38.65,29900,-3.4,40.17,38.5,74930900,2945620000.0,2.51,4.18,1155.34,18365.57,44.0,36.0,1.1
零点有数,sz301169,53.2,51.2,52.58,1591000.0,53.2,3400,53.42,400,3.91,54.83,52.0,1591000,85620000.0,2.21,5.53,38.31,38.33,61.44,40.96,1.54
海南矿业,sh601969,11.27,11.38,11.54,24613000.0,11.27,11800,11.28,29100,-0.97,11.64,11.24,24613000,279830000.0,1.25,3.51,222.3,224.49,12.52,10.24,0.63
保变电气,sh600550,15.26,15.01,15.3,43604400.0,15.26,197800,15.27,1186400,1.67,15.43,15.06,43604400,664260000.0,2.37,2.47,281.02,281.02,16.51,13.51,0.75
*ST观典,sh688287,2.72,2.98,3.02,1654967300.0,2.72,52000,2.73,32700,-8.72,3.03,2.69,1654967300,46380000.0,4.47,11.41,10.08,10.08,3.58,2.38,1.74
宝钢包装,sh601968,5.29,5.24,5.3,6397600.0,5.29,52300,5.3,13000,0.95,5.33,5.24,6397600,33830000.0,0.5,1.72,67.49,67.49,5.76,4.72,0.74
德瑞锂电,bj920523,22.88,22.58,23.03,510500.0,22.87,2000,22.88,1700,1.33,23.18,22.69,510500,11683300.0,0.63,2.17,18.54,23.18,29.35,15.81,0.44
野马电池,sh605378,19.95,19.77,19.73,1562100.0,19.94,7000,19.95,3700,0.91,20.14,19.73,1562100,31220000.0,0.6,2.07,52.14,52.14,21.75,17.79,0.8
华锐精密,sh688059,117.65,111.0,113.0,412919700.0,117.65,5300,117.66,8500,5.99,119.0,113.0,412919700,481400000.0,4.41,5.41,110.1,117.63,133.2,88.8,1.29
拓荆科技,sh688072,368.48,370.0,378.0,683176600.0,368.48,1600,368.49,700,-0.41,385.0,358.37,683176600,2530990000.0,2.42,7.2,1040.38,1040.38,444.0,296.0,1.19
神火股份,sz000933,31.07,30.8,31.35,53811700.0,31.06,39500,31.07,102900,0.88,31.63,30.76,53811700,1675840000.0,2.39,2.82,698.27,698.77,33.88,27.72,0.87
三超新材,sz300554,21.85,21.32,21.7,2818800.0,21.84,700,21.85,1600,2.49,22.0,21.54,2818800,61390000.0,3.56,2.16,17.28,24.96,25.58,17.06,0.87
ST萃华,sz002731,7.37,7.53,7.53,21348500.0,7.36,47200,7.37,25500,-2.12,7.6,7.26,21348500,158450000.0,9.3,4.52,16.93,18.88,7.91,7.15,0.86
时空科技,sh605178,66.4,64.08,65.55,2870100.0,66.4,2100,66.42,2000,3.62,66.99,64.41,2870100,188950000.0,2.9,4.03,65.79,65.79,70.49,57.67,1.07
恒瑞医药,sh600276,57.73,55.22,56.03,100551700.0,57.73,499700,57.74,39300,4.55,57.78,55.6,100551700,5750560000.0,1.58,3.95,3682.6,3831.66,60.74,49.7,1.46
万盛股份,sh603010,11.68,10.97,11.0,16027100.0,11.66,20100,11.68,28300,6.47,11.95,10.99,16027100,185360000.0,2.72,8.75,68.86,68.86,12.07,9.87,2.02
新瀚新材,sz301076,37.88,37.59,38.01,2590400.0,37.87,7300,37.88,14100,0.77,38.45,37.27,2590400,98120000.0,2.36,3.14,41.59,66.24,45.11,30.07,0.82
麒盛科技,sh603610,15.76,15.51,15.78,5730800.0,15.76,5800,15.77,5400,1.61,15.97,15.61,5730800,90730000.0,1.62,2.32,55.63,55.63,17.06,13.96,0.78
百洋医药,sz301015,24.52,24.08,23.97,10037000.0,24.52,42200,24.53,80100,1.83,24.53,23.63,10037000,242450000.0,1.91,3.74,128.87,128.88,28.9,19.26,1.11
柘中股份,sz002346,19.52,19.09,19.4,4389900.0,19.5,25100,19.52,13400,2.25,19.84,19.25,4389900,85680000.0,1.12,3.09,76.78,86.2,21.0,17.18,1.09
金晶科技,sh600586,5.88,5.78,5.88,36401000.0,5.88,257100,5.89,202900,1.73,5.95,5.83,36401000,214340000.0,2.57,2.08,83.34,83.34,6.36,5.2,0.66
濮耐股份,sz002225,5.31,5.2,5.38,15300400.0,5.31,30600,5.32,177800,2.12,5.42,5.26,15300400,81440000.0,1.57,3.08,51.73,61.56,5.72,4.68,0.89
中石科技,sz300684,49.48,47.74,48.97,7268700.0,49.47,4900,49.48,11600,3.64,49.5,48.39,7268700,355660000.0,3.56,2.33,101.09,148.2,57.29,38.19,1.03
格林美,sz002340,7.97,7.89,8.02,110924000.0,7.96,891700,7.97,31300,1.01,8.06,7.9,110924000,883830000.0,2.19,2.03,404.53,406.74,8.68,7.1,0.7
合盛硅业,sh603260,40.99,40.46,41.09,4267600.0,40.99,25000,41.0,30800,1.31,41.16,40.46,4267600,174370000.0,0.36,1.73,484.59,484.59,44.51,36.41,0.63
生益科技,sh600183,55.1,54.17,55.55,33170500.0,55.1,21600,55.11,143800,1.72,55.98,54.55,33170500,1827210000.0,1.39,2.64,1319.37,1338.44,59.59,48.75,0.87
华能国际,sh600011,7.06,7.02,7.07,87745700.0,7.05,642900,7.06,631400,0.57,7.08,7.01,87745700,618110000.0,0.8,1.0,776.44,1108.29,7.72,6.32,0.49
超颖电子,sh603175,79.6,78.78,80.99,4779700.0,79.6,2400,79.64,100,1.04,83.88,78.6,4779700,386890000.0,10.86,6.7,35.02,347.88,86.66,70.9,0.88
新疆众和,sh600888,8.06,7.99,8.13,31035100.0,8.05,215200,8.06,114500,0.88,8.16,8.0,31035100,250010000.0,2.0,2.0,125.18,125.18,8.79,7.19,0.69
锦浪科技,sz300763,96.3,99.9,99.94,29864700.0,96.3,2300,96.31,3900,-3.6,101.5,94.58,29864700,2914280000.0,9.29,6.93,309.69,383.33,119.88,79.92,1.02
粤桂股份,sz000833,25.05,25.8,25.3,38910200.0,25.05,205800,25.06,20800,-2.91,25.88,24.5,38910200,976500000.0,8.58,5.35,113.65,200.92,28.38,23.22,0.89
炬光科技,sh688167,366.0,324.99,340.0,816342500.0,366.0,5700,366.11,200,12.62,369.0,334.62,816342500,2849530000.0,9.08,10.58,328.89,328.89,389.99,259.99,1.34
宏裕包材,bj920274,21.23,20.67,21.19,967800.0,21.2,4200,21.23,9700,2.71,21.49,20.92,967800,20466500.0,1.19,2.76,17.27,17.27,26.87,14.47,0.8
天元股份,sz003003,13.2,13.13,13.44,3671100.0,13.16,2300,13.2,14600,0.53,13.5,13.0,3671100,48280000.0,3.12,3.81,15.55,23.33,14.44,11.82,0.78
苏盐井神,sh603299,11.53,11.6,11.72,7118000.0,11.53,4300,11.54,18500,-0.6,11.82,11.49,7118000,82490000.0,0.92,2.84,89.69,110.12,12.76,10.44,0.71
中国太保,sh601601,38.31,37.09,38.15,34217600.0,38.3,6900,38.31,7200,3.29,38.58,37.79,34217600,1308950000.0,0.5,2.13,2622.34,3685.55,40.8,33.38,0.94
斯菱智驱,sz301550,162.18,154.02,158.32,7003100.0,162.18,0,162.38,500,5.3,165.75,156.56,7003100,1126600000.0,4.96,5.97,228.8,375.08,184.82,123.22,0.98
绿盟科技,sz300369,8.39,8.15,8.4,33060100.0,8.39,245400,8.4,111800,2.94,8.52,8.32,33060100,277720000.0,4.09,2.45,67.8,68.01,9.78,6.52,0.9
金春股份,sz300877,26.4,27.35,27.43,3493400.0,26.39,100,26.4,1100,-3.47,27.76,26.22,3493400,93100000.0,2.91,5.63,31.68,31.68,32.82,21.88,0.81
汇金通,sh603577,10.82,10.66,10.86,6590600.0,10.82,13300,10.83,21600,1.5,11.07,10.65,6590600,71440000.0,1.94,3.94,36.69,36.69,11.73,9.59,0.64
宜安科技,sz300328,17.73,17.37,17.8,36475000.0,17.73,59200,17.74,56000,2.07,17.95,17.44,36475000,643840000.0,5.31,2.94,121.69,122.41,20.84,13.9,1.0
新安股份,sh600596,10.93,10.69,10.88,17771600.0,10.93,900,10.94,1000,2.25,10.98,10.76,17771600,193470000.0,1.32,2.06,147.51,147.51,11.76,9.62,0.92
生益电子,sh688183,84.51,83.66,86.18,1252377700.0,84.51,12800,84.52,1500,1.02,87.11,83.65,1252377700,1064130000.0,1.51,4.14,702.97,702.97,100.39,66.93,0.82
鲁银投资,sh600784,7.06,7.01,7.1,6562800.0,7.06,28400,7.07,55600,0.71,7.16,7.01,6562800,46420000.0,0.97,2.14,47.7,47.7,7.71,6.31,0.56
爱柯迪,sh600933,17.03,16.86,17.06,7168800.0,17.03,30000,17.04,14000,1.01,17.15,16.99,7168800,122320000.0,0.73,0.95,166.45,175.43,18.55,15.17,0.73
冰川网络,sz300533,29.01,27.47,27.98,9707200.0,29.0,52200,29.01,119300,5.61,29.11,27.7,9707200,277760000.0,5.88,5.13,47.86,68.02,32.96,21.98,2.72
广东宏大,sz002683,39.62,39.16,39.86,6392100.0,39.61,10400,39.62,17500,1.17,40.09,39.25,6392100,253130000.0,0.96,2.15,264.09,301.07,43.08,35.24,0.63
南网储能,sh600995,14.02,13.98,14.2,27361600.0,14.01,49800,14.02,42300,0.29,14.26,13.88,27361600,383640000.0,0.86,2.72,448.08,448.08,15.38,12.58,0.49
昊华科技,sh600378,31.33,30.39,31.13,6732600.0,31.33,1900,31.34,4100,3.09,31.48,30.77,6732600,209600000.0,0.63,2.34,336.03,404.16,33.43,27.35,1.2
科大国创,sz300520,35.36,34.67,35.5,9074600.0,35.36,53800,35.37,2600,1.99,35.69,35.0,9074600,320440000.0,3.26,1.99,98.3,103.26,41.6,27.74,0.95
蓝科高新,sh601798,9.09,9.05,9.17,4191700.0,9.08,14600,9.09,9000,0.44,9.2,9.04,4191700,38200000.0,1.18,1.77,32.23,32.23,9.96,8.15,0.61
芭田股份,sz002170,13.0,12.86,13.08,18599600.0,13.0,271800,13.01,99500,1.09,13.1,12.94,18599600,241840000.0,2.37,1.24,102.0,125.8,14.15,11.57,0.61
力王股份,bj920627,19.52,19.3,19.75,781100.0,19.52,2500,19.53,500,1.14,19.78,19.37,781100,15247500.0,1.67,2.12,9.13,18.44,25.09,13.51,0.47
中国石油,sh601857,12.07,12.19,12.01,252735700.0,12.07,281200,12.08,477000,-0.98,12.44,12.01,252735700,3091520000.0,0.16,3.53,19543.99,22090.63,13.41,10.97,0.98
先惠技术,sh688155,74.51,72.51,74.5,178396700.0,74.51,300,74.63,500,2.76,75.35,73.5,178396700,132780000.0,1.41,2.55,94.21,94.21,87.01,58.01,0.72
明泰铝业,sh601677,15.25,15.24,15.4,19523500.0,15.25,57700,15.26,2000,0.07,15.47,15.21,19523500,299000000.0,1.6,1.71,185.75,189.64,16.76,13.72,0.65
海峡环保,sh603817,7.27,7.45,7.53,28157000.0,7.27,118400,7.28,13700,-2.42,7.65,7.24,28157000,207500000.0,4.94,5.5,41.45,41.45,8.2,6.71,0.63
英方软件,sh688435,43.02,41.79,42.83,144886900.0,43.02,100,43.03,2000,2.94,43.2,42.0,144886900,61860000.0,2.59,2.87,24.11,35.92,50.15,33.43,0.96
三生国健,sh688336,79.69,75.58,76.72,1709789500.0,79.69,4400,79.7,14100,5.44,82.88,73.02,1709789500,1329050000.0,2.77,13.05,491.52,492.55,90.7,60.46,1.85
科达制造,sh600499,16.26,15.89,16.2,26740800.0,16.25,11300,16.26,13200,2.33,16.68,16.05,26740800,435960000.0,1.39,3.96,311.84,311.84,17.48,14.3,0.84
川润股份,sz002272,18.03,17.1,17.76,67728800.0,18.03,115300,18.04,88500,5.44,18.25,17.52,67728800,1214420000.0,17.52,4.27,69.68,87.42,18.81,15.39,1.11
中国人保,sh601319,7.49,7.27,7.36,97543700.0,7.49,26500,7.5,1114500,3.03,7.51,7.35,97543700,726710000.0,0.27,2.2,2658.78,3312.38,8.0,6.54,1.04
新开源,sz300109,17.45,17.13,17.41,6324800.0,17.45,23200,17.46,106700,1.87,17.6,17.26,6324800,110410000.0,1.41,1.98,78.05,84.35,20.56,13.7,1.07
邦基科技,sh603151,16.88,16.37,16.49,2153500.0,16.85,3100,16.88,16100,3.12,16.94,16.49,2153500,35990000.0,1.26,2.75,28.86,28.86,18.01,14.73,1.02
科达利,sz002850,178.56,179.0,179.81,8229800.0,178.55,100,178.56,1700,-0.25,181.48,177.0,8229800,1478360000.0,4.13,2.5,355.43,492.34,196.9,161.1,0.96
立中集团,sz300428,20.92,20.52,20.9,7102700.0,20.92,10100,20.93,16600,1.95,20.97,20.63,7102700,147990000.0,1.19,1.66,124.84,143.42,24.62,16.42,0.84
科恒股份,sz300340,10.99,10.93,11.24,7343700.0,10.98,73900,10.99,1300,0.55,11.24,10.88,7343700,80880000.0,2.69,3.29,30.05,30.28,13.12,8.74,1.04
金禾实业,sz002597,23.07,23.1,23.49,7034200.0,23.07,1300,23.08,1000,-0.13,23.64,23.06,7034200,164050000.0,1.24,2.51,130.77,131.11,25.41,20.79,0.85
建发合诚,sh603909,11.22,11.43,11.63,4653700.0,11.22,6200,11.23,200,-1.84,11.7,11.12,4653700,52700000.0,1.79,5.07,29.25,29.25,12.57,10.29,0.77
ST中装,sz002822,3.11,3.13,3.16,9597200.0,3.11,233800,3.12,94200,-0.64,3.18,3.1,9597200,30020000.0,0.9,2.56,33.3,60.67,3.29,2.97,1.1
汉邦高科,sz300449,7.27,6.97,7.18,12874000.0,7.26,423000,7.27,63400,4.3,7.48,7.09,12874000,93740000.0,3.33,5.6,28.06,28.06,8.36,5.58,1.4
海油工程,sh600583,6.63,6.51,6.5,57395300.0,6.63,77000,6.64,121500,1.84,6.75,6.49,57395300,381120000.0,1.3,3.99,293.14,293.14,7.16,5.86,0.81
凯尔达,sh688255,27.7,26.8,27.3,183031300.0,27.67,3000,27.7,6000,3.36,27.8,27.01,183031300,50090000.0,1.67,2.95,30.43,30.43,32.16,21.44,1.14
泛亚微透,sh688386,79.65,78.5,80.29,133811700.0,79.65,200,79.66,2700,1.46,80.5,78.55,133811700,106290000.0,1.47,2.48,72.48,79.34,94.2,62.8,0.76
凯莱英,sz002821,121.85,110.77,114.61,19128100.0,121.85,1261900,0.0,0,10.0,121.85,112.45,19128100,2237370000.0,6.03,8.49,386.26,439.73,121.85,99.69,3.05
高争民爆,sz002827,34.1,32.91,33.33,6721000.0,34.1,27900,34.14,100,3.62,35.2,33.22,6721000,229640000.0,2.44,6.02,94.12,94.47,36.2,29.62,2.75
海顺新材,sz300501,17.65,17.58,17.77,7854100.0,17.64,5300,17.65,21800,0.4,18.2,17.41,7854100,138910000.0,7.8,4.49,17.78,34.16,21.1,14.06,0.51
ST中青宝,sz300052,12.62,12.37,12.59,11552100.0,12.62,16000,12.63,2100,2.02,12.71,12.21,11552100,144140000.0,4.41,4.04,33.05,33.05,14.84,9.9,1.3
皖通高速,sh600012,15.24,15.45,15.53,4338700.0,15.23,11500,15.24,6500,-1.36,15.59,15.2,4338700,66760000.0,0.37,2.52,177.64,260.39,17.0,13.91,0.75
力佳科技,bj920237,18.86,18.57,18.97,423900.0,18.86,3500,18.87,19200,1.56,19.08,18.7,423900,7983800.0,0.5,2.05,15.99,16.29,24.14,13.0,0.49
科华控股,sh603161,14.6,14.3,14.49,2242000.0,14.6,54900,14.61,800,2.1,14.74,14.35,2242000,32700000.0,1.18,2.73,27.85,28.38,15.73,12.87,1.16
渝农商行,sh601077,7.06,7.05,7.04,36322100.0,7.05,122500,7.06,77800,0.14,7.14,6.98,36322100,256220000.0,0.41,2.27,623.98,801.8,7.76,6.35,0.73
迈得医疗,sh688310,15.6,15.11,15.29,183331000.0,15.56,2300,15.6,15500,3.24,15.74,15.29,183331000,28450000.0,1.1,2.98,25.93,25.93,18.13,12.09,0.95
颀中科技,sh688352,12.23,11.96,12.24,870455000.0,12.23,68000,12.24,21000,2.26,12.28,12.08,870455000,106120000.0,2.38,1.67,44.75,145.42,14.35,9.57,1.08
中岩大地,sz003001,17.7,17.74,18.01,1753500.0,17.7,11600,17.71,200,-0.23,18.03,17.56,1753500,31110000.0,1.66,2.65,18.71,30.86,19.51,15.97,0.91
冠石科技,sh605588,52.38,51.3,52.39,992900.0,52.38,700,52.39,1300,2.11,52.74,51.53,992900,51770000.0,1.36,2.36,38.29,38.38,56.43,46.17,0.59
宏昌电子,sh603002,10.14,9.84,10.09,34875300.0,10.13,150000,10.14,89500,3.05,10.4,10.07,34875300,356520000.0,3.08,3.35,115.0,115.0,10.82,8.86,1.05
聚辰股份,sh688123,105.63,103.12,107.45,595128300.0,105.63,50600,105.85,200,2.43,107.9,103.89,595128300,627900000.0,3.76,3.89,167.18,167.18,123.74,82.5,0.89
复洁科技,sh688335,34.8,33.87,34.4,168301900.0,34.8,4400,34.82,500,2.75,35.5,34.4,168301900,58810000.0,1.14,3.25,51.52,51.52,40.64,27.1,0.68
尤安设计,sz300983,29.32,29.02,29.5,471300.0,29.25,2100,29.32,4000,1.03,29.99,29.05,471300,13860000.0,0.4,3.24,34.68,50.66,34.82,23.22,0.5
金徽股份,sh603132,17.23,16.9,17.17,7188400.0,17.22,37300,17.23,4300,1.95,17.26,16.92,7188400,122990000.0,0.74,2.01,168.51,168.51,18.59,15.21,0.82
杭叉集团,sh603298,25.39,24.5,25.06,6356700.0,25.39,10400,25.4,900,3.63,25.66,24.8,6356700,160670000.0,0.49,3.51,332.56,332.56,26.95,22.05,1.22
江特电机,sz002176,10.16,10.26,10.4,83439100.0,10.15,313100,10.16,32600,-0.97,10.4,10.05,83439100,849740000.0,4.89,3.41,173.33,173.36,11.29,9.23,0.69
西部材料,sz002149,50.06,51.54,51.55,86568500.0,50.06,118700,50.07,30300,-2.87,52.06,48.15,86568500,4310180000.0,17.73,7.59,244.36,244.4,56.69,46.39,0.9
永贵电器,sz300351,15.84,15.66,16.1,9115200.0,15.84,21200,15.85,3000,1.15,16.16,15.69,9115200,144750000.0,3.46,3.0,41.72,61.6,18.79,12.53,1.11
维峰电子,sz301328,46.53,45.67,46.77,964200.0,46.5,300,46.54,1600,1.88,47.08,45.76,964200,44880000.0,0.88,2.89,51.13,51.13,54.8,36.54,1.21
*ST立航,sh603261,35.2,36.16,35.89,1249900.0,35.18,200,35.2,3200,-2.65,36.0,34.35,1249900,43770000.0,1.61,4.56,27.28,27.28,37.97,34.35,1.26
信宇人,sh688573,19.63,19.11,19.52,168934500.0,19.63,10300,19.65,2100,2.72,19.66,19.11,168934500,32860000.0,3.17,2.88,10.45,19.19,22.93,15.29,0.94
东芯股份,sh688110,112.48,108.68,112.76,1305852000.0,112.47,200,112.48,6600,3.5,113.3,110.7,1305852000,1464010000.0,2.95,2.39,497.44,497.44,130.42,86.94,1.05
翔楼新材,sz301160,54.88,54.2,54.8,1761300.0,54.88,2900,54.89,1000,1.25,55.77,54.4,1761300,96840000.0,2.38,2.53,40.57,62.32,65.04,43.36,1.28
远航精密,bj920914,23.2,22.5,22.9,1099100.0,23.19,1600,23.2,7600,3.11,23.47,22.9,1099100,25518200.0,1.1,2.53,23.09,23.11,29.25,15.75,0.8
埃科光电,sh688610,94.55,85.0,88.88,377937000.0,94.53,800,94.55,100,11.24,95.8,87.35,377937000,349650000.0,9.23,9.94,38.7,64.29,102.0,68.0,1.68
开山股份,sz300257,29.42,27.97,29.0,13702600.0,29.42,1300,29.43,2800,5.18,30.42,28.66,13702600,406410000.0,1.44,6.29,280.87,292.33,33.56,22.38,1.04
聚和材料,sh688503,87.26,82.74,85.97,1064345600.0,87.25,19200,87.26,2200,5.46,87.69,83.98,1064345600,916450000.0,5.3,4.48,175.32,211.2,99.29,66.19,1.31
阿莱德,sz301419,40.0,38.98,39.99,9421200.0,40.0,33200,40.01,5300,2.62,42.39,39.66,9421200,383080000.0,11.88,7.0,31.73,48.0,46.78,31.18,0.9
欧普照明,sh603515,19.52,19.09,19.2,2690400.0,19.52,200,19.53,23700,2.25,19.54,19.09,2690400,52170000.0,0.37,2.36,143.73,145.07,21.0,17.18,1.29
康力电梯,sz002367,6.66,6.63,6.68,25335700.0,6.65,89500,6.66,7900,0.45,6.71,6.56,25335700,167650000.0,3.19,2.26,52.92,53.13,7.29,5.97,0.93
甘肃能源,sz000791,7.47,7.66,7.78,75074300.0,7.46,223700,7.47,39700,-2.48,7.84,7.4,75074300,564540000.0,3.88,5.74,144.59,242.31,8.43,6.89,0.59
汉钟精机,sz002158,22.5,21.97,22.46,4022600.0,22.49,5400,22.5,6500,2.41,22.55,22.24,4022600,90170000.0,0.75,1.41,120.06,120.31,24.17,19.77,1.11
石英股份,sh603688,42.32,41.16,42.0,13608900.0,42.31,20300,42.32,63600,2.82,42.99,41.96,13608900,576370000.0,2.51,2.5,229.24,229.24,45.28,37.04,1.2
立讯精密,sz002475,50.4,49.26,50.48,110977700.0,50.39,46400,50.4,673600,2.31,51.11,49.8,110977700,5578240000.0,1.53,2.66,3663.71,3672.14,54.19,44.33,0.56
龙洲股份,sz002682,5.99,6.14,6.25,38711100.0,5.99,349200,6.0,50900,-2.44,6.29,5.87,38711100,231920000.0,6.88,6.84,33.69,33.69,6.75,5.53,1.09
常铝股份,sz002160,5.11,5.38,5.35,86795800.0,5.11,371000,5.12,203300,-5.02,5.36,5.03,86795800,445160000.0,8.42,6.13,52.67,52.78,5.92,4.84,1.77
安宁股份,sz002978,33.25,32.67,33.5,3159000.0,33.24,1100,33.25,8400,1.78,33.65,33.0,3159000,104980000.0,0.86,1.99,122.79,156.94,35.94,29.4,0.78
科捷智能,sh688455,27.49,27.17,27.11,765095300.0,27.4,500,27.49,400,1.18,28.38,26.63,765095300,210360000.0,4.55,6.44,46.19,46.19,32.6,21.74,1.67
华塑科技,sz301157,61.47,63.5,64.0,3565900.0,61.47,2600,61.49,200,-3.2,64.48,60.61,3565900,221100000.0,17.26,6.09,12.7,36.88,76.2,50.8,1.31
久吾高科,sz300631,26.14,25.73,26.21,1733600.0,26.13,12900,26.14,2800,1.59,26.38,25.87,1733600,45230000.0,1.44,1.98,31.5,32.69,30.88,20.58,0.58
上海合晶,sh688584,19.32,18.83,19.25,269431200.0,19.31,3800,19.32,61900,2.6,19.5,19.03,269431200,51930000.0,0.79,2.5,66.16,128.57,22.6,15.06,0.88
海安集团,sz001233,64.56,62.03,63.1,1544500.0,64.55,300,64.56,8900,4.08,64.87,62.72,1544500,98760000.0,4.36,3.47,22.85,120.06,68.23,55.83,1.17
永达股份,sz001239,15.29,15.86,15.86,8954800.0,15.28,9200,15.29,7000,-3.59,15.86,15.22,8954800,137840000.0,7.86,4.04,17.43,36.7,17.45,14.27,1.65
金洲管道,sz002443,9.03,8.37,8.52,20887500.0,9.03,354500,9.04,2400,7.89,9.03,8.52,20887500,183120000.0,4.02,6.09,46.9,47.0,9.21,7.53,1.96
诺诚健华,sh688428,28.83,27.02,27.49,2413434000.0,28.83,60300,28.84,3000,6.7,29.2,27.0,2413434000,682220000.0,8.99,8.14,77.37,508.75,32.42,21.62,1.37
开特股份,bj920978,27.7,27.34,27.72,3300400.0,27.7,31700,27.73,2500,1.32,28.05,27.0,3300400,90818600.0,3.27,3.84,27.96,49.87,35.54,19.14,1.1
金宏气体,sh688106,25.46,26.12,26.0,3071282100.0,25.45,3500,25.46,7800,-2.53,26.46,24.77,3071282100,780560000.0,6.37,6.47,122.71,122.71,31.34,20.9,0.69
欣锐科技,sz300745,27.45,27.35,27.64,4022900.0,27.45,8000,27.46,100,0.37,28.33,27.08,4022900,111150000.0,2.83,4.57,39.06,46.27,32.82,21.88,0.72
百花医药,sh600721,10.18,10.18,0.0,0.0,0.0,0,0.0,0,0.0,0.0,0.0,0,0.0,0.0,0.0,39.15,39.15,11.2,9.16,0.0
江顺科技,sz001400,179.97,166.65,171.0,3503800.0,179.97,9200,179.98,5100,7.99,183.0,168.01,3503800,613110000.0,23.36,8.99,27.0,107.98,183.32,149.99,1.19
德力佳,sh603092,66.78,65.78,66.65,1718800.0,66.78,600,66.8,2100,1.52,67.42,66.27,1718800,115020000.0,5.14,1.75,22.34,267.12,72.36,59.2,0.67
三孚新科,sh688359,77.23,76.77,78.47,207505500.0,77.17,400,77.23,4000,0.6,79.3,76.0,207505500,160410000.0,2.11,4.3,75.94,75.94,92.12,61.42,1.17
福建高速,sh600033,3.78,3.84,3.81,39480900.0,3.77,571500,3.78,331600,-1.56,3.88,3.76,39480900,149670000.0,1.44,3.13,103.74,103.74,4.22,3.46,0.76
斯迪克,sz300806,45.48,42.09,43.33,12964700.0,45.48,19600,45.49,11100,8.05,45.8,43.0,12964700,574580000.0,4.1,6.65,143.81,206.16,50.51,33.67,1.48
晶瑞电材,sz300655,14.5,14.16,14.5,22961800.0,14.49,123700,14.5,100500,2.4,14.6,14.36,22961800,332730000.0,2.15,1.69,154.64,155.58,16.99,11.33,1.02
亚钾国际,sz000893,61.64,61.1,62.0,11450500.0,61.64,300,61.65,500,0.88,62.7,60.67,11450500,706630000.0,1.41,3.32,500.4,569.59,67.21,54.99,0.87
有研硅,sh688432,13.76,13.43,13.75,901814100.0,13.76,7500,13.77,1800,2.46,13.86,13.6,901814100,123770000.0,0.72,1.94,172.04,172.04,16.12,10.74,0.97
苏博特,sh603916,10.76,10.55,10.71,5249900.0,10.75,100,10.76,8000,1.99,10.79,10.58,5249900,56070000.0,1.25,1.99,45.23,45.87,11.61,9.5,0.78
宝丽迪,sz300905,31.39,31.3,31.76,2630100.0,31.37,2600,31.39,17900,0.29,31.88,31.3,2630100,82910000.0,1.88,1.85,43.83,56.19,37.56,25.04,0.78
西典新能,sh603312,40.45,40.41,40.81,1631000.0,40.44,11000,40.45,2500,0.1,41.18,40.14,1631000,66290000.0,3.2,2.57,20.6,64.72,44.45,36.37,0.95
尔康制药,sz300267,3.98,3.93,3.99,84117600.0,3.98,225400,3.99,361600,1.27,4.03,3.84,84117600,332190000.0,5.91,4.83,56.61,82.09,4.72,3.14,1.2
中恒电气,sz002364,27.02,26.02,26.74,23750200.0,27.02,27300,27.03,26300,3.84,27.07,26.38,23750200,635360000.0,4.26,2.65,150.8,152.28,28.62,23.42,0.94
浩洋股份,sz300833,33.6,32.6,33.14,977600.0,33.59,800,33.6,2500,3.07,33.6,32.87,977600,32550000.0,1.2,2.24,27.3,42.5,39.12,26.08,0.77
奇精机械,sh603677,15.56,15.3,15.58,1248400.0,15.53,10000,15.56,400,1.7,15.7,15.37,1248400,19360000.0,0.65,2.16,29.97,29.97,16.83,13.77,0.69
多浦乐,sz301528,61.69,61.99,62.3,379600.0,61.69,300,61.7,1000,-0.48,62.8,61.22,379600,23460000.0,1.19,2.55,19.65,38.19,74.39,49.59,0.62
东方电缆,sh603606,61.26,60.54,62.42,9370300.0,61.26,9100,61.27,800,1.19,62.45,60.55,9370300,573040000.0,1.36,3.14,421.29,421.29,66.59,54.49,0.52
圣阳股份,sz002580,18.36,17.61,17.92,171411800.0,18.35,84700,18.36,42100,4.26,19.37,16.97,171411800,3199870000.0,37.89,13.63,83.05,83.33,19.37,15.85,1.62
丰山集团,sh603810,15.97,15.64,15.84,1749900.0,15.97,1100,15.98,4300,2.11,16.02,15.68,1749900,27810000.0,1.06,2.17,26.4,26.4,17.2,14.08,0.82
亚康股份,sz301085,59.96,57.7,59.69,4440600.0,59.96,3300,59.97,500,3.92,61.2,58.58,4440600,266290000.0,7.54,4.54,35.32,52.03,69.24,46.16,0.89
德迈仕,sz301007,34.53,33.61,33.8,4165400.0,34.53,12500,34.54,4000,2.74,36.0,33.8,4165400,145770000.0,2.72,6.55,52.83,52.95,40.33,26.89,2.06
方邦股份,sh688020,84.8,81.22,82.8,218314300.0,84.76,200,84.8,1700,4.41,86.3,82.8,218314300,185880000.0,2.65,4.31,69.85,69.85,97.46,64.98,1.42
科士达,sz002518,46.05,45.1,45.75,6957600.0,46.05,47000,46.06,200,2.11,46.45,45.5,6957600,320110000.0,1.23,2.11,260.25,268.11,49.61,40.59,0.86
永和股份,sh605020,25.15,24.56,24.96,7216000.0,25.15,15700,25.16,9400,2.4,25.24,24.78,7216000,180600000.0,1.43,1.87,126.49,128.47,27.02,22.1,1.07
纵横股份,sh688070,46.92,46.94,47.37,203278400.0,46.91,2500,46.92,600,-0.04,47.94,46.34,203278400,95300000.0,2.32,3.41,41.09,41.09,56.33,37.55,1.45
中国瑞林,sh603257,54.9,53.72,54.6,852600.0,54.89,400,54.9,5000,2.2,55.1,54.37,852600,46680000.0,3.42,1.36,13.67,65.88,59.09,48.35,0.73
美的集团,sz000333,76.84,76.35,76.5,27361600.0,76.84,300,76.85,9300,0.64,77.4,76.34,27361600,2100650000.0,0.4,1.39,5265.14,5842.36,83.99,68.72,0.75
盛弘股份,sz300693,44.52,43.7,44.75,12345200.0,44.52,20800,44.55,500,1.88,45.3,43.5,12345200,550700000.0,4.59,4.12,119.69,139.26,52.44,34.96,0.86
新威凌,bj920634,20.25,19.98,20.41,681100.0,20.25,700,20.3,2000,1.35,20.58,20.14,681100,13869100.0,1.68,2.2,8.21,12.94,25.97,13.99,0.82
英科再生,sh688087,38.9,38.7,39.35,257791900.0,38.9,0,38.96,4000,0.52,40.1,38.73,257791900,101680000.0,1.38,3.54,72.45,75.49,46.44,30.96,0.76
沪农商行,sh601825,9.15,9.11,9.11,24027700.0,9.14,6900,9.15,55200,0.44,9.32,9.06,24027700,220960000.0,0.26,2.85,857.76,882.47,10.02,8.2,1.21
中巨芯-U,sh688549,8.82,8.56,8.81,1724444900.0,8.82,10300,8.83,24700,3.04,8.91,8.71,1724444900,152210000.0,2.93,2.34,51.98,130.3,10.27,6.85,0.97
天准科技,sh688003,60.16,58.23,59.2,213706000.0,59.91,3400,60.16,12300,3.31,60.61,59.01,213706000,127700000.0,1.1,2.75,116.9,116.9,69.88,46.58,0.8
益丰药房,sh603939,24.46,24.4,24.45,8750300.0,24.45,100,24.46,5000,0.25,24.59,23.7,8750300,211840000.0,0.72,3.65,296.55,296.55,26.84,21.96,1.16
嘉必优,sh688089,18.51,18.0,18.38,189350600.0,18.51,6600,18.52,11100,2.83,18.53,18.14,189350600,34810000.0,1.13,2.17,31.15,31.15,21.6,14.4,1.45
瑞丰银行,sh601528,5.34,5.34,5.36,23986800.0,5.34,365800,5.35,120500,0.0,5.38,5.32,23986800,128330000.0,1.38,1.12,92.62,104.78,5.87,4.81,0.8
飞凯材料,sz300398,25.98,25.6,26.27,23588200.0,25.97,16600,25.98,32100,1.48,26.46,25.8,23588200,615570000.0,4.18,2.58,146.49,147.29,30.72,20.48,0.99
苏州银行,sz002966,8.37,8.36,8.38,25861300.0,8.36,43700,8.37,17700,0.12,8.46,8.34,25861300,217150000.0,0.59,1.44,367.96,374.19,9.2,7.52,0.81
铜陵有色,sz000630,5.98,5.81,6.01,257598400.0,5.97,2863700,5.98,1993100,2.93,6.07,5.89,257598400,1538160000.0,2.31,3.1,666.35,801.89,6.39,5.23,0.95
吉林敖东,sz000623,17.95,17.6,17.84,9582600.0,17.94,45900,17.95,800,1.99,18.01,17.73,9582600,171440000.0,0.8,1.59,213.79,214.66,19.36,15.84,1.15
中青旅,sh600138,9.3,9.18,9.25,8352300.0,9.3,12500,9.31,196200,1.31,9.31,9.18,8352300,77350000.0,1.15,1.42,67.32,67.32,10.1,8.26,1.28
雅艺科技,sz301113,25.55,25.2,25.68,1107200.0,25.52,2500,25.55,500,1.39,26.12,25.26,1107200,28390000.0,2.01,3.41,14.08,23.25,30.24,20.16,0.74
中国西电,sh601179,15.64,15.21,15.59,134548500.0,15.64,24200,15.65,674500,2.83,15.85,15.48,134548500,2102450000.0,2.62,2.43,801.69,801.69,16.73,13.69,0.79
ST景峰,sz000908,7.9,7.75,7.62,51419200.0,7.89,25900,7.9,131700,1.94,8.13,7.37,51419200,400130000.0,5.84,9.81,69.5,139.0,8.14,7.36,1.17
华北制药,sh600812,5.62,5.44,5.47,40380600.0,5.62,178300,5.63,53200,3.31,5.64,5.4,40380600,224150000.0,2.35,4.41,96.42,96.42,5.98,4.9,2.09
康达新材,sz002669,12.65,12.42,12.7,6131800.0,12.65,2900,12.66,2500,1.85,12.76,12.57,6131800,77610000.0,2.03,1.53,38.29,38.38,13.66,11.18,0.79
穗恒运Ａ,sz000531,6.86,6.96,7.0,35559100.0,6.85,164800,6.86,58800,-1.44,7.05,6.78,35559100,245030000.0,3.91,3.88,62.41,71.44,7.66,6.26,0.45
福晶科技,sz002222,66.78,68.02,70.33,43954100.0,66.77,58600,66.78,4700,-1.82,70.4,64.0,43954100,2909580000.0,9.39,9.41,312.63,314.03,74.82,61.22,1.34
绿联科技,sz301606,71.11,67.69,69.0,5750600.0,71.1,12100,71.11,600,5.05,71.5,68.92,5750600,405270000.0,3.49,3.81,117.33,295.04,81.23,54.15,1.44
建龙微纳,sh688357,34.2,33.25,33.47,121067100.0,34.07,200,34.2,900,2.86,34.25,33.23,121067100,40970000.0,1.21,3.07,34.22,34.22,39.9,26.6,0.98
奥来德,sh688378,34.63,34.53,35.22,334636200.0,34.63,43300,34.66,200,0.29,35.58,34.47,334636200,117290000.0,1.39,3.21,83.44,90.53,41.44,27.62,0.93
联得装备,sz300545,31.16,30.35,31.39,8009400.0,31.16,12700,31.17,6500,2.67,31.58,30.74,8009400,249330000.0,6.7,2.77,37.25,57.79,36.42,24.28,1.17
厦门象屿,sh600057,8.08,8.08,8.12,19648100.0,8.08,82200,8.09,400,0.0,8.25,8.0,19648100,158800000.0,0.94,3.09,169.07,229.52,8.89,7.27,1.1
中国人寿,sh601628,37.02,36.34,36.85,26723400.0,37.02,183400,37.03,21600,1.87,37.14,36.51,26723400,985940000.0,0.13,1.73,7708.87,10463.59,39.97,32.71,0.94
中科环保,sz301175,6.35,6.3,6.42,24039700.0,6.35,115400,6.36,101100,0.79,6.48,6.3,24039700,153510000.0,3.87,2.86,39.49,93.46,7.56,5.04,0.77
江化微,sh603078,22.1,21.69,22.1,6340100.0,22.1,35300,22.11,13100,1.89,22.24,21.88,6340100,139890000.0,1.64,1.66,85.23,85.23,23.86,19.52,0.84
东华科技,sz002140,12.79,12.6,12.85,13490700.0,12.79,44800,12.8,9700,1.51,13.05,12.76,13490700,173550000.0,1.91,2.3,90.43,90.55,13.86,11.34,0.94
富特科技,sz301607,45.8,44.15,45.1,3631900.0,45.8,900,45.81,800,3.74,46.58,45.01,3631900,166710000.0,3.35,3.56,49.6,71.18,52.98,35.32,1.2
永信至诚,sh688244,18.98,18.42,18.88,129180400.0,18.91,1900,18.98,7200,3.04,19.1,18.66,129180400,24310000.0,0.86,2.39,28.65,28.65,22.1,14.74,0.74
海螺水泥,sh600585,23.31,23.16,23.4,19319200.0,23.31,3300,23.32,5600,0.65,23.55,23.17,19319200,450610000.0,0.48,1.64,932.33,1235.27,25.48,20.84,0.71
建业股份,sh603948,26.82,26.26,26.73,1368400.0,26.81,1600,26.82,1100,2.13,26.98,26.4,1368400,36610000.0,0.84,2.21,43.58,43.58,28.89,23.63,0.9
阳光电源,sz300274,134.45,150.76,140.9,166730300.0,134.44,28900,134.45,31300,-10.82,143.0,131.0,166730300,22541210000.0,10.49,7.96,2137.36,2787.43,180.91,120.61,2.63
厦门银行,sh601187,7.75,7.65,7.66,14392300.0,7.75,31800,7.76,8000,1.31,7.83,7.61,14392300,111500000.0,0.55,2.88,204.09,204.53,8.42,6.89,0.79
吉峰科技,sz300022,9.55,9.35,9.6,22330000.0,9.54,32400,9.55,23500,2.14,9.69,9.41,22330000,213350000.0,4.52,2.99,47.2,47.2,11.22,7.48,0.78
红 宝 丽,sz002165,9.92,9.81,9.93,54358500.0,9.91,231300,9.92,77100,1.12,10.05,9.82,54358500,539360000.0,7.47,2.34,72.18,72.94,10.79,8.83,0.57
浦发银行,sh600000,10.24,10.18,10.2,57416500.0,10.24,170100,10.25,8300,0.59,10.37,10.18,57416500,590410000.0,0.17,1.87,3410.52,3410.52,11.2,9.16,1.12
首钢股份,sz000959,4.67,4.67,0.0,0.0,0.0,0,0.0,0,0.0,0.0,0.0,0,0.0,0.0,0.0,347.99,362.16,5.14,4.2,0.0
湘潭电化,sz002125,13.23,13.07,13.3,16788600.0,13.22,21600,13.23,52000,1.22,13.5,13.1,16788600,222900000.0,2.67,3.06,83.28,83.28,14.38,11.76,0.79
百川股份,sz002455,13.84,14.5,14.3,139662500.0,13.83,46500,13.84,5800,-4.55,14.65,13.8,139662500,1976790000.0,21.58,5.86,89.57,99.95,15.95,13.05,0.97
东方证券,sh600958,9.16,9.04,9.15,37480500.0,9.15,170200,9.16,193600,1.33,9.18,9.08,37480500,342400000.0,0.5,1.11,684.2,778.29,9.94,8.14,1.06
四川路桥,sh600039,9.46,10.07,10.11,37554200.0,9.46,51300,9.47,12000,-6.06,10.16,9.42,37554200,364230000.0,0.43,7.35,822.6,822.6,11.08,9.06,1.97
大族激光,sz002008,64.1,61.28,63.36,31152900.0,64.09,200,64.1,11500,4.6,64.5,62.07,31152900,1973310000.0,3.26,3.97,613.26,659.98,67.41,55.15,1.29
奥普科技,sh603551,12.74,12.67,12.8,4541100.0,12.74,2000,12.8,100,0.55,13.05,12.62,4541100,58240000.0,1.2,3.39,48.4,49.02,13.94,11.4,1.19
华丰股份,sh605100,41.39,40.45,40.63,1562800.0,41.38,2000,41.39,14100,2.32,41.49,40.41,1562800,64030000.0,0.92,2.67,70.33,70.67,44.5,36.41,0.82
宁波韵升,sh600366,12.02,11.75,11.94,19960400.0,12.01,101800,12.02,86400,2.3,12.09,11.79,19960400,238690000.0,1.82,2.55,132.1,132.1,12.93,10.58,1.15
江丰电子,sz300666,140.27,139.22,143.88,8234600.0,140.26,2300,140.27,13900,0.75,144.6,139.0,8234600,1162410000.0,3.72,4.02,310.22,372.17,167.06,111.38,0.76
陕西能源,sz001286,10.88,10.78,10.9,18844000.0,10.88,8400,10.89,5900,0.93,10.92,10.75,18844000,204740000.0,1.79,1.58,114.24,408.0,11.86,9.7,0.64
耐科装备,sh688419,42.38,40.86,41.83,177811000.0,42.38,1400,42.39,10100,3.72,43.09,41.83,177811000,75620000.0,2.99,3.08,25.22,48.55,49.03,32.69,1.25
恒达新材,sz301469,31.74,31.12,31.78,838900.0,31.7,8400,31.74,3000,1.99,32.03,31.32,838900,26580000.0,1.82,2.28,14.62,28.4,37.34,24.9,0.87
华天科技,sz002185,11.93,11.64,11.95,82293400.0,11.92,172400,11.93,288900,2.49,12.04,11.8,82293400,979680000.0,2.52,2.06,389.58,389.67,12.8,10.48,1.0
箭牌家居,sz001322,7.5,7.36,7.45,3563400.0,7.49,28800,7.5,25800,1.9,7.5,7.41,3563400,26580000.0,0.45,1.22,58.92,72.54,8.1,6.62,0.88
豪鹏科技,sz001283,68.62,69.01,69.94,5288800.0,68.62,6700,68.63,3600,-0.57,70.86,68.4,5288800,366320000.0,6.95,3.56,52.24,68.58,75.91,62.11,0.61
中际联合,sh605305,40.15,40.93,41.8,7580500.0,40.15,50900,40.17,2700,-1.91,41.83,40.0,7580500,307610000.0,3.57,4.47,85.33,85.33,45.02,36.84,0.96
大元泵业,sh603757,41.99,40.32,41.54,11023500.0,41.98,13600,41.99,28400,4.14,42.92,40.81,11023500,461210000.0,5.91,5.23,78.33,78.33,44.35,36.29,0.76
六国化工,sh600470,7.03,7.08,7.16,36136900.0,7.03,208400,7.04,21200,-0.71,7.25,7.0,36136900,255840000.0,6.93,3.53,36.67,36.67,7.79,6.37,0.56
中国宝安,sz000009,8.82,8.81,8.93,19988900.0,8.81,299400,8.83,68700,0.11,8.96,8.76,19988900,176430000.0,0.78,2.27,227.21,227.49,9.69,7.93,0.87
云南铜业,sz000878,18.52,18.03,18.66,43807000.0,18.51,223800,18.52,193200,2.72,18.8,18.31,43807000,811230000.0,2.19,2.72,371.07,449.14,19.83,16.23,0.94
新化股份,sh603867,30.29,30.35,30.67,4875500.0,30.29,21900,30.32,3500,-0.2,31.36,30.08,4875500,149040000.0,2.26,4.22,65.33,65.88,33.39,27.32,0.68
前沿生物-U,sh688221,21.0,18.95,19.28,2625140900.0,20.99,13800,21.0,17500,10.82,21.63,18.93,2625140900,537580000.0,7.01,14.25,78.66,78.66,22.74,15.16,2.17
骆驼股份,sh601311,9.61,9.45,9.59,22927600.0,9.61,16300,9.62,81000,1.69,9.72,9.47,22927600,219810000.0,1.95,2.65,112.74,112.74,10.4,8.51,0.86
时代电气,sh688187,51.81,51.95,52.6,479430800.0,51.81,2100,51.82,1300,-0.27,52.81,51.19,479430800,247770000.0,0.55,3.12,450.18,703.55,62.34,41.56,1.26
先导基电,sh600641,18.66,18.38,18.78,26139900.0,18.66,175600,18.67,22000,1.52,19.0,18.56,26139900,491910000.0,2.81,2.39,173.66,173.66,20.22,16.54,0.75
奇安信-U,sh688561,30.0,29.49,30.04,380167400.0,29.99,10200,30.0,71700,1.73,30.24,29.65,380167400,113610000.0,0.56,2.0,204.68,204.68,35.39,23.59,0.79
天润乳业,sh600419,9.63,9.52,9.66,7999200.0,9.62,19800,9.63,90100,1.16,9.75,9.56,7999200,77240000.0,2.54,2.0,30.38,30.38,10.47,8.57,1.6
永福股份,sz300712,29.43,29.42,29.95,3212500.0,29.43,48000,29.44,600,0.03,29.99,29.31,3212500,94940000.0,1.72,2.31,54.96,55.19,35.3,23.54,0.53
福建金森,sz002679,10.86,11.25,11.41,7673400.0,10.86,45500,10.87,3200,-3.47,11.41,10.75,7673400,83690000.0,3.25,5.87,25.6,25.6,12.38,10.13,1.2
恒光股份,sz301118,24.13,23.5,23.94,2615400.0,24.11,2200,24.13,4000,2.68,24.31,23.75,2615400,62810000.0,2.49,2.38,25.35,26.59,28.2,18.8,0.92
朗坤科技,sz301305,24.12,23.37,23.78,4740000.0,24.11,13800,24.12,11100,3.21,24.55,23.78,4740000,114670000.0,3.83,3.29,29.84,58.18,28.04,18.7,1.03
粤宏远Ａ,sz000573,4.19,4.23,4.3,12936900.0,4.19,25900,4.2,36400,-0.95,4.31,4.15,12936900,54370000.0,2.04,3.78,26.52,26.74,4.65,3.81,0.85
珠海冠宇,sh688772,15.58,15.6,15.83,2994576500.0,15.58,50100,15.59,9200,-0.13,15.9,15.43,2994576500,467360000.0,2.64,3.01,176.39,176.39,18.72,12.48,1.21
七 匹 狼,sz002029,10.65,10.37,10.59,20589800.0,10.64,37800,10.65,31800,2.7,10.79,10.48,20589800,219320000.0,3.09,2.99,70.87,75.09,11.41,9.33,1.55
四川成渝,sh601107,5.68,5.79,5.84,32992100.0,5.68,33900,5.69,57400,-1.9,5.87,5.65,32992100,188660000.0,1.53,3.8,122.84,173.7,6.37,5.21,1.57
*ST星光,sz002076,2.11,2.06,2.08,29124400.0,2.1,95300,2.11,73500,2.43,2.14,2.07,29124400,61380000.0,2.79,3.4,21.99,23.4,2.16,1.96,1.14
江南新材,sh603124,105.04,103.21,104.78,2053000.0,105.04,3000,105.1,300,1.77,107.52,103.0,2053000,215730000.0,2.65,4.38,81.52,153.09,113.53,92.89,0.6
曼恩斯特,sz301325,43.49,42.66,43.5,1520500.0,43.49,5800,43.5,8700,1.95,43.59,42.89,1520500,65810000.0,2.63,1.64,25.18,62.58,51.19,34.13,0.8
超捷股份,sz301005,162.65,165.35,166.5,12923200.0,162.64,900,162.65,1100,-1.63,168.05,157.99,12923200,2094430000.0,9.76,6.08,215.3,218.38,198.42,132.28,1.04
盛美上海,sh688082,145.19,141.61,146.0,277079800.0,145.19,500,145.2,200,2.53,146.0,143.33,277079800,401340000.0,0.58,1.89,689.63,697.15,169.93,113.29,0.82
利扬芯片,sh688135,26.3,25.53,26.13,647127800.0,26.29,700,26.3,400,3.02,26.59,26.03,647127800,170200000.0,2.78,2.19,61.31,61.31,30.64,20.42,0.75
荃银高科,sz300087,8.15,8.07,8.18,9661300.0,8.14,15800,8.15,87300,0.99,8.18,8.06,9661300,78250000.0,1.07,1.49,73.54,77.21,9.68,6.46,0.58
德赛电池,sz000049,26.25,26.04,26.48,10621700.0,26.24,9700,26.25,21000,0.81,26.74,25.98,10621700,279180000.0,2.76,2.92,100.94,100.97,28.64,23.44,0.68
科新发展,sh600234,15.1,15.0,15.23,4372600.0,15.09,1900,15.1,4300,0.67,15.55,14.88,4372600,66140000.0,1.67,4.47,39.64,39.64,16.5,13.5,0.87
宝鼎科技,sz002552,16.37,16.0,16.36,4686300.0,16.36,2700,16.37,24400,2.31,16.56,16.25,4686300,76780000.0,1.27,1.94,60.32,63.51,17.6,14.4,0.8
中望软件,sh688083,49.62,47.8,48.75,312168200.0,49.6,300,49.62,100,3.81,49.88,48.5,312168200,153890000.0,1.84,2.89,84.18,84.18,57.36,38.24,0.87
华脉科技,sh603042,19.78,20.27,20.65,17034500.0,19.78,22700,19.79,6000,-2.42,20.92,19.53,17034500,339270000.0,10.61,6.86,31.76,31.76,22.3,18.24,0.72
津药药业,sh600488,5.76,5.24,5.76,36894400.0,5.76,32061400,0.0,0,9.92,5.76,5.65,36894400,212280000.0,3.38,2.1,62.89,62.89,5.76,4.72,0.86
中信银行,sh601998,8.3,8.3,8.26,60589600.0,8.3,66600,8.31,92700,0.0,8.48,8.25,60589600,506510000.0,0.15,2.77,3383.33,4618.55,9.13,7.47,0.97
德美化工,sz002054,8.63,8.57,8.69,10773300.0,8.62,23300,8.63,6800,0.7,8.72,8.57,10773300,92890000.0,2.81,1.75,33.14,41.61,9.43,7.71,0.88
天奇股份,sz002009,24.46,23.85,24.35,19227800.0,24.45,12200,24.46,10600,2.56,24.5,24.14,19227800,467830000.0,5.43,1.51,86.62,98.39,26.24,21.47,1.01
海立股份,sh600619,16.43,15.96,16.3,17810800.0,16.42,60600,16.43,41700,2.94,16.5,16.15,17810800,291140000.0,2.26,2.19,129.66,176.35,17.56,14.36,1.27
爱克股份,sz300889,25.49,24.98,25.45,3597200.0,25.48,5700,25.49,39700,2.04,25.55,24.97,3597200,90810000.0,2.46,2.32,37.31,56.14,29.98,19.98,0.53
镇海股份,sh603637,12.06,11.88,12.11,6197900.0,12.06,8500,12.08,24900,1.52,12.14,11.82,6197900,74060000.0,2.6,2.69,28.79,28.79,13.07,10.69,1.07
大叶股份,sz300879,26.36,26.2,26.6,7164000.0,26.36,12700,26.37,4200,0.61,26.97,25.95,7164000,189080000.0,3.56,3.89,52.99,53.35,31.44,20.96,0.52
三和管桩,sz003037,7.25,7.19,7.29,3371600.0,7.24,1000,7.25,112900,0.83,7.34,7.18,3371600,24400000.0,0.56,2.23,43.43,43.43,7.91,6.47,1.02
博力威,sh688345,39.97,38.21,39.44,322335700.0,39.97,2900,39.99,600,4.61,41.17,38.5,322335700,128420000.0,3.22,6.99,39.97,40.43,45.85,30.57,0.66
滨化股份,sh601678,4.96,4.94,5.02,48522300.0,4.96,337900,4.97,287300,0.4,5.07,4.94,48522300,242130000.0,2.37,2.63,101.35,102.02,5.43,4.45,0.59
佳先股份,bj920489,13.89,13.53,13.75,1741800.0,13.88,21100,13.89,20500,2.66,13.97,13.73,1741800,24110500.0,2.01,1.77,12.06,18.95,17.58,9.48,1.22
九鼎投资,sh600053,15.26,15.04,15.18,2200300.0,15.25,18100,15.26,11600,1.46,15.3,15.11,2200300,33500000.0,0.51,1.26,66.16,66.16,16.54,13.54,0.76
常山药业,sz300255,39.52,37.38,37.95,32433900.0,39.52,3800,39.53,63000,5.72,40.16,37.51,32433900,1270870000.0,3.53,7.09,362.67,363.21,44.86,29.9,1.99
奥福科技,sh688021,26.25,25.25,26.2,369251400.0,26.25,1600,26.26,4000,3.96,27.46,25.64,369251400,97750000.0,4.83,7.21,20.06,20.06,30.3,20.2,0.9
有方科技,sh688159,41.0,39.6,40.5,291523900.0,40.99,6600,41.0,200,3.54,41.4,39.98,291523900,119110000.0,3.14,3.59,38.02,38.09,47.52,31.68,1.26
永安林业,sz000663,6.79,6.99,7.07,9393400.0,6.78,36900,6.79,12900,-2.86,7.12,6.72,9393400,64170000.0,3.07,5.72,20.8,22.86,7.69,6.29,1.15
ST智知,sh603869,9.65,9.42,9.5,917500.0,9.64,23900,9.65,84400,2.44,9.7,9.47,917500,8820000.0,0.19,2.44,47.68,47.68,9.89,8.95,1.2
中邮科技,sh688648,53.72,51.53,52.09,186841800.0,53.62,600,53.72,1400,4.25,54.1,52.09,186841800,99970000.0,2.69,3.9,37.35,73.06,61.84,41.22,1.08
蓝晓科技,sz300487,67.29,65.56,66.36,2532900.0,67.29,100,67.3,1500,2.64,67.59,65.67,2532900,168890000.0,0.82,2.93,207.26,342.6,78.67,52.45,0.87
道通科技,sh688208,33.85,31.45,32.2,1687884400.0,33.84,57700,33.85,16600,7.63,34.1,32.1,1687884400,561630000.0,2.52,6.36,226.86,226.86,37.74,25.16,2.45
上海银行,sh601229,9.89,9.91,9.92,43610400.0,9.89,28600,9.9,103200,-0.2,10.05,9.87,43610400,434020000.0,0.31,1.82,1405.27,1405.27,10.9,8.92,1.13
招商蛇口,sz001979,8.41,8.41,8.5,73937500.0,8.4,235000,8.41,37600,0.0,8.53,8.34,73937500,622930000.0,0.88,2.26,707.58,758.25,9.25,7.57,1.33
东田微,sz301183,158.6,160.0,162.75,6470800.0,158.6,900,158.61,15600,-0.88,163.39,154.0,6470800,1023040000.0,11.02,5.87,93.1,127.0,192.0,128.0,0.79
浪潮信息,sz000977,58.48,56.08,57.43,46409600.0,58.47,15500,58.48,23200,4.28,58.86,57.12,46409600,2695860000.0,3.16,3.1,857.8,858.77,61.69,50.47,1.56
美亚光电,sz002690,17.66,17.38,17.6,7385100.0,17.66,8400,17.68,1200,1.61,17.77,17.53,7385100,130250000.0,1.7,1.38,76.6,155.8,19.12,15.64,1.28
富信科技,sh688662,59.3,56.65,58.65,445896600.0,59.3,200,59.33,3100,4.68,59.82,57.41,445896600,261580000.0,5.05,4.25,52.33,52.33,67.98,45.32,0.93
福能股份,sh600483,10.63,10.4,10.4,35252100.0,10.62,2000,10.63,18500,2.21,10.8,10.4,35252100,374090000.0,1.27,3.85,295.53,295.53,11.44,9.36,0.91
和顺科技,sz301237,52.71,51.81,52.9,871600.0,52.7,200,52.71,1900,1.74,53.91,52.45,871600,46160000.0,1.5,2.82,30.7,42.17,62.17,41.45,1.02
通威股份,sh600438,16.69,16.52,16.7,36289400.0,16.68,43000,16.69,152100,1.03,16.86,16.48,36289400,604520000.0,0.81,2.3,751.38,751.38,18.17,14.87,0.77
东吴证券,sh601555,7.95,7.84,7.92,41058100.0,7.95,592600,7.96,179600,1.4,7.97,7.85,41058100,325130000.0,0.83,1.53,395.01,395.01,8.62,7.06,0.77
时代新材,sh600458,11.85,11.65,11.88,18859200.0,11.84,8700,11.85,34000,1.72,11.98,11.65,18859200,222640000.0,2.19,2.83,102.17,110.29,12.82,10.49,0.93
惠泰医疗,sh688617,252.25,249.99,252.68,117054000.0,252.0,1000,252.25,1100,0.9,257.67,247.25,117054000,296390000.0,0.83,4.17,355.75,355.75,299.99,199.99,0.85
海锅股份,sz301063,23.96,23.47,23.99,2326400.0,23.95,3700,23.96,600,2.09,24.08,23.66,2326400,55390000.0,2.41,1.79,23.16,25.0,28.16,18.78,0.72
深科达,sh688328,37.02,34.83,36.88,849730800.0,37.01,12500,37.02,3900,6.29,38.66,36.5,849730800,318540000.0,9.0,6.2,34.97,34.97,41.8,27.86,1.15
华菱钢铁,sz000932,5.11,5.07,5.14,60688200.0,5.11,429400,5.12,163600,0.79,5.18,5.08,60688200,310900000.0,0.89,1.97,350.17,350.17,5.58,4.56,0.8
*ST大晟,sh600892,3.69,3.6,3.68,5746000.0,3.69,20700,3.7,55700,2.5,3.75,3.64,5746000,21180000.0,1.03,3.06,20.64,20.64,3.78,3.42,1.42
国脉文化,sh600640,12.0,11.84,12.0,5250100.0,12.0,1400,12.01,8500,1.35,12.05,11.89,5250100,62910000.0,0.66,1.35,95.48,95.48,13.02,10.66,1.05
浙江众成,sz002522,5.85,5.68,5.74,25578400.0,5.84,78500,5.85,45100,2.99,5.95,5.72,25578400,149290000.0,2.83,4.05,52.94,52.99,6.25,5.11,0.63
星球石墨,sh688633,24.58,23.74,23.91,231394300.0,24.56,24100,24.58,2600,3.54,24.87,23.91,231394300,56660000.0,1.61,4.04,35.34,35.34,28.49,18.99,1.65
古汉医药,sz000590,11.96,11.68,11.88,4489000.0,11.96,6600,11.97,20300,2.4,12.0,11.77,4489000,53500000.0,1.88,1.97,28.63,28.64,12.85,10.51,1.1
中金岭南,sz000060,6.23,6.12,6.28,76746600.0,6.22,365400,6.23,173300,1.8,6.31,6.16,76746600,477170000.0,1.73,2.45,276.68,276.69,6.73,5.51,0.75
大东南,sz002263,4.3,4.51,4.26,439319400.0,4.3,1893600,4.31,1189800,-4.66,4.51,4.15,439319400,1884780000.0,23.39,7.98,80.77,80.77,4.96,4.06,1.55
道明光学,sz002632,12.16,11.85,12.08,18159500.0,12.15,18100,12.16,83700,2.62,12.33,12.0,18159500,220070000.0,3.16,2.78,69.85,75.95,13.04,10.67,0.87
睿创微纳,sh688002,103.81,101.2,103.15,556155300.0,103.76,200,103.81,2900,2.58,104.23,101.88,556155300,574010000.0,1.21,2.32,477.98,477.98,121.44,80.96,0.99
特锐德,sz300001,27.79,27.2,27.8,18227400.0,27.79,38300,27.8,13600,2.17,28.1,27.47,18227400,505710000.0,1.77,2.32,286.67,293.33,32.64,21.76,0.79
艾比森,sz300389,18.23,18.27,18.63,16514400.0,18.22,10800,18.23,7900,-0.22,19.16,17.93,16514400,304570000.0,7.53,6.73,40.0,67.29,21.92,14.62,1.07
TCL科技,sz000100,4.32,4.27,4.33,301631200.0,4.31,2964400,4.32,7281800,1.17,4.34,4.27,301631200,1298580000.0,1.58,1.64,826.5,898.6,4.7,3.84,1.07
盈建科,sz300935,29.57,28.5,29.6,2299200.0,29.57,1500,29.66,700,3.75,29.99,29.15,2299200,68030000.0,3.81,2.95,17.82,23.49,34.2,22.8,1.34
通富微电,sz002156,42.41,41.33,42.49,38372200.0,42.4,116100,42.41,197900,2.61,42.68,41.85,38372200,1620940000.0,2.53,2.01,643.55,643.61,45.46,37.2,0.94
南亚新材,sh688519,133.54,129.78,135.68,650317100.0,133.52,3800,133.54,12700,2.9,135.98,128.6,650317100,858330000.0,2.77,5.69,313.51,313.51,155.74,103.82,0.81
领湃科技,sz300530,25.8,26.04,26.57,2157500.0,25.8,1300,25.82,1300,-0.92,26.6,25.5,2157500,55850000.0,1.25,4.22,44.36,44.36,31.25,20.83,0.99
洁美科技,sz002859,40.4,39.76,40.72,5980800.0,40.4,28700,40.43,500,1.61,41.81,40.22,5980800,243780000.0,1.47,4.0,163.98,174.22,43.74,35.78,0.5
海大集团,sz002311,50.79,49.81,50.66,5230300.0,50.79,5700,50.8,5400,1.97,51.1,50.05,5230300,264430000.0,0.31,2.11,844.39,845.02,54.79,44.83,0.83
广日股份,sh600894,10.01,9.59,9.58,49357000.0,10.01,93500,10.03,200,4.38,10.49,9.44,49357000,486650000.0,5.85,10.95,84.4,85.25,10.55,8.63,8.03
迪贝电气,sh603320,20.3,19.98,20.28,1998300.0,20.3,1300,20.31,2200,1.6,20.38,19.99,1998300,40310000.0,1.34,1.95,30.28,30.28,21.98,17.98,0.76
品茗科技,sh688109,129.22,130.16,131.33,113765800.0,129.22,2500,129.25,400,-0.72,133.0,124.07,113765800,145010000.0,1.44,6.86,101.88,101.88,156.19,104.13,1.25
智云股份,sz300097,7.93,7.7,7.85,20850400.0,7.93,51100,7.94,80400,2.99,8.47,7.83,20850400,167330000.0,7.72,8.31,21.41,22.88,9.24,6.16,1.72
宏桥控股,sz002379,27.63,27.08,27.25,16035800.0,27.62,3200,27.63,22300,2.03,28.05,27.1,16035800,442180000.0,1.41,3.51,313.98,3600.5,29.79,24.37,0.6
源杰科技,sh688498,1060.0,1005.44,1050.0,327336300.0,1058.99,1000,1060.0,700,5.43,1076.81,1020.3,327336300,3419070000.0,3.86,5.62,899.29,911.05,1206.53,804.35,0.92
申能股份,sh600642,8.93,8.91,8.95,20248600.0,8.92,13100,8.93,30800,0.22,8.99,8.86,20248600,180490000.0,0.41,1.46,437.02,437.04,9.8,8.02,0.63
合康新能,sz300048,6.74,6.63,6.77,21930900.0,6.74,109900,6.75,265700,1.66,6.84,6.71,21930900,148310000.0,1.95,1.96,75.89,76.05,7.96,5.3,0.61
四川双马,sz000935,25.38,24.97,25.52,4699700.0,25.38,10400,25.4,900,1.64,26.15,25.32,4699700,120720000.0,0.62,3.32,193.76,193.76,27.47,22.47,0.98
燕东微,sh688172,38.61,37.9,38.81,940537500.0,38.61,22300,38.63,3000,1.87,39.93,38.23,940537500,366640000.0,1.21,4.49,300.46,551.2,45.48,30.32,0.67
万得凯,sz301309,36.91,36.91,0.0,0.0,0.0,0,0.0,0,0.0,0.0,0.0,0,0.0,0.0,0.0,22.36,37.11,44.29,29.53,0.0
耐普矿机,sz300818,35.03,34.09,35.5,1858100.0,35.02,4000,35.03,3900,2.76,35.77,34.56,1858100,65030000.0,1.7,3.55,38.35,59.12,40.91,27.27,0.75
三人行,sh605168,36.47,36.2,36.51,4216800.0,36.46,1200,36.47,2200,0.75,36.75,36.11,4216800,153390000.0,2.0,1.77,76.88,76.88,39.82,32.58,0.7
*ST和科,sz002816,21.83,21.55,21.82,1328400.0,21.83,4500,21.84,15500,1.3,22.03,21.59,1328400,28900000.0,1.33,2.04,21.83,21.83,22.63,20.47,0.57
远翔新材,sz301300,43.23,41.71,42.94,818800.0,43.23,2300,43.25,4400,3.64,43.36,42.62,818800,35220000.0,2.11,1.77,16.76,28.05,50.05,33.37,0.85
航民股份,sh600987,7.53,7.39,7.47,9236500.0,7.53,4000,7.54,11200,1.89,7.63,7.46,9236500,69750000.0,0.9,2.3,76.87,76.87,8.13,6.65,1.17
康盛股份,sz002418,4.8,4.76,4.83,53841400.0,4.79,340500,4.8,754900,0.84,4.86,4.73,53841400,257400000.0,4.74,2.73,54.55,54.55,5.24,4.28,0.68
吉宏股份,sz002803,16.44,17.11,17.35,17172000.0,16.44,25900,16.45,11800,-3.92,17.5,16.03,17172000,281730000.0,5.95,8.59,47.46,74.05,18.82,15.4,2.69
新宏泰,sh603016,47.52,48.13,47.65,11419200.0,47.52,76700,47.6,200,-1.27,50.9,44.42,11419200,549910000.0,7.71,13.46,70.41,70.41,52.94,43.32,1.41
华升股份,sh600156,7.52,7.89,7.93,25711500.0,7.51,201800,7.52,28200,-4.69,7.98,7.28,25711500,193780000.0,6.39,8.87,30.24,30.24,8.68,7.1,3.98
金银河,sz300619,40.39,39.45,40.35,4443800.0,40.39,11100,40.4,3900,2.38,40.84,39.72,4443800,178860000.0,3.05,2.84,58.75,70.28,47.34,31.56,0.67
盘古智能,sz301456,29.28,28.89,29.47,2491000.0,29.28,1400,29.3,4800,1.35,29.6,28.83,2491000,72650000.0,4.12,2.67,17.71,44.05,34.67,23.11,0.66
无锡银行,sh600908,5.7,5.74,5.78,18799000.0,5.7,438500,5.71,3000,-0.7,5.8,5.69,18799000,107820000.0,0.94,1.92,113.96,125.1,6.31,5.17,0.86
绿田机械,sh605259,21.61,21.12,21.4,2129100.0,21.6,11100,21.61,9800,2.32,21.74,21.32,2129100,45910000.0,1.23,1.99,37.27,37.27,23.23,19.01,1.23
福昕软件,sh688095,72.11,69.84,71.54,176384700.0,72.09,400,72.11,600,3.25,72.58,71.1,176384700,126560000.0,1.93,2.12,65.88,65.88,83.81,55.87,1.05
华勤技术,sh603296,88.14,80.13,82.5,21796400.0,88.14,310200,0.0,0,10.0,88.14,82.3,21796400,1891830000.0,3.82,7.29,503.44,895.27,88.14,72.12,1.66
航材股份,sh688563,60.49,59.1,60.0,233072400.0,60.49,100,60.5,300,2.35,61.27,60.0,233072400,141110000.0,1.99,2.15,70.77,272.2,70.92,47.28,1.1
南芯科技,sh688484,35.16,34.37,35.13,376262000.0,35.16,500,35.18,5400,2.3,35.36,34.85,376262000,132250000.0,1.27,1.48,103.78,150.37,41.24,27.5,0.89
南大光电,sz300346,46.13,45.14,46.31,16374500.0,46.12,87500,46.13,36200,2.19,46.49,45.57,16374500,753290000.0,2.49,2.04,302.87,318.83,54.17,36.11,0.87
君实生物-U,sh688180,38.4,34.83,35.0,4132378400.0,38.39,400,38.4,7000,10.25,38.49,35.0,4132378400,1541440000.0,5.39,10.02,294.3,394.25,41.8,27.86,2.87
圣诺生物,sh688117,36.58,35.39,35.94,483502300.0,36.57,6900,36.58,9300,3.36,36.97,35.0,483502300,175280000.0,3.07,5.57,57.57,57.57,42.47,28.31,1.22
福达合金,sh603045,29.53,28.2,28.69,5969700.0,29.5,1400,29.53,5500,4.72,29.65,28.28,5969700,173340000.0,4.41,4.86,40.0,40.0,31.02,25.38,1.78
扬子新材,sz002652,4.61,4.65,4.78,23976500.0,4.6,22300,4.61,55400,-0.86,4.8,4.54,23976500,111180000.0,4.68,5.59,23.61,23.61,5.12,4.19,0.66
天能股份,sh688819,32.25,32.31,32.73,462861000.0,32.22,2300,32.25,15100,-0.19,32.76,31.88,462861000,149280000.0,0.48,2.72,313.5,313.5,38.77,25.85,0.71
力鼎光电,sh605118,40.2,38.9,39.68,2215900.0,40.19,5000,40.2,1500,3.34,40.2,39.0,2215900,88000000.0,0.54,3.08,163.66,165.35,42.79,35.01,1.32
宏柏新材,sh605366,11.53,10.84,11.18,43516000.0,11.53,14300,11.54,6000,6.37,11.84,11.0,43516000,500390000.0,5.61,7.75,89.48,89.48,11.92,9.76,0.97
金冠电气,sh688517,18.91,17.94,18.12,491191200.0,18.9,16500,18.91,3500,5.41,18.97,18.12,491191200,91380000.0,3.6,4.74,25.83,25.83,21.53,14.35,1.35
密封科技,sz301020,21.23,20.75,21.1,1262400.0,21.23,21300,21.24,5000,2.31,21.32,21.01,1262400,26740000.0,0.86,1.49,31.08,31.08,24.9,16.6,1.07
海南橡胶,sh601118,6.49,6.29,6.41,46183000.0,6.49,87900,6.5,104600,3.18,6.54,6.38,46183000,298370000.0,1.08,2.54,277.73,277.73,6.92,5.66,0.79
云天化,sh600096,33.5,33.39,33.8,39323700.0,33.5,60500,33.51,6800,0.33,33.96,33.24,39323700,1316490000.0,2.16,2.16,610.7,610.7,36.73,30.05,0.66
招商积余,sz001914,9.93,9.75,9.9,7066200.0,9.9,91100,9.93,57300,1.85,9.96,9.75,7066200,69730000.0,0.67,2.15,104.63,104.63,10.73,8.78,1.16
宁波色母,sz301019,20.8,20.33,20.65,1162200.0,20.79,1000,20.8,5600,2.31,20.83,20.53,1162200,24050000.0,1.11,1.48,21.76,34.31,24.4,16.26,0.96
海宁皮城,sz002344,4.49,4.45,4.5,10721100.0,4.49,31000,4.5,301700,0.9,4.55,4.47,10721100,48300000.0,0.84,1.8,57.54,57.59,4.9,4.01,1.05
雄韬股份,sz002733,25.43,24.52,25.01,25368100.0,25.43,62000,25.44,4900,3.71,26.74,24.75,25368100,653240000.0,6.88,8.12,93.8,97.71,26.97,22.07,0.92
亨通光电,sh600487,51.96,52.66,54.66,128739600.0,51.96,236100,51.97,132900,-1.33,54.7,50.58,128739600,6686310000.0,5.27,7.82,1270.52,1281.54,57.93,47.39,0.84
潍柴重机,sz000880,27.19,26.46,26.99,14129700.0,27.19,17600,27.2,112000,2.76,27.27,26.86,14129700,382780000.0,6.22,1.55,61.73,126.12,29.11,23.81,1.22
思瑞浦,sh688536,174.74,171.93,177.0,464359000.0,174.3,200,174.74,900,1.63,178.0,170.11,464359000,809290000.0,3.42,4.59,237.03,241.27,206.32,137.54,0.87
元利科技,sh603217,25.74,24.47,25.05,5966900.0,25.74,49400,25.75,23600,5.19,26.2,24.71,5966900,152260000.0,2.87,6.09,53.56,53.56,26.92,22.02,1.34
南钢股份,sh600282,5.52,5.5,5.53,49006900.0,5.51,94800,5.52,163500,0.36,5.66,5.49,49006900,272980000.0,0.79,3.09,340.31,340.31,6.05,4.95,1.17
四方光电,sh688665,44.3,43.21,43.96,36928500.0,44.27,700,44.3,8500,2.52,44.41,43.8,36928500,16300000.0,0.36,1.41,44.83,44.83,51.85,34.57,0.84
新疆交建,sz002941,15.72,15.66,16.0,18430300.0,15.71,61300,15.72,30400,0.38,16.34,15.62,18430300,292360000.0,2.53,4.6,114.72,114.72,17.23,14.09,0.84
北玻股份,sz002613,3.79,3.78,3.84,17673000.0,3.78,75100,3.79,18400,0.26,3.89,3.75,17673000,67060000.0,2.29,3.7,29.27,41.71,4.16,3.4,1.22
明月镜片,sz301101,33.78,33.01,33.6,1700200.0,33.78,1500,33.79,100,2.33,33.9,33.3,1700200,57210000.0,0.89,1.82,64.49,68.07,39.61,26.41,1.04
志晟信息,bj920171,17.25,16.89,17.49,1358300.0,17.25,3600,17.26,300,2.13,17.49,17.14,1358300,23575500.0,2.01,2.07,11.67,17.29,21.95,11.83,0.82
德创环保,sh603177,11.51,11.27,11.43,2506600.0,11.48,500,11.51,20800,2.13,11.55,11.32,2506600,28650000.0,1.23,2.04,23.5,23.5,12.4,10.14,0.72
比亚迪,sz002594,102.65,105.25,105.9,71519800.0,102.65,159300,102.66,17100,-2.47,106.5,102.37,71519800,7383170000.0,2.05,3.92,3579.01,9358.8,115.78,94.73,1.03
兆易创新,sh603986,255.0,238.1,250.0,38795800.0,255.0,75300,255.01,15500,7.1,256.1,243.7,38795800,9693140000.0,5.81,5.21,1703.0,1787.81,261.91,214.29,1.24
优彩资源,sz002998,8.14,8.01,8.15,5066100.0,8.13,1700,8.14,10400,1.62,8.19,8.0,5066100,41000000.0,1.87,2.37,22.02,28.88,8.81,7.21,0.9
新锐股份,sh688257,71.0,70.0,71.51,1350638700.0,70.98,13500,71.0,400,1.43,74.26,69.0,1350638700,967020000.0,5.35,7.51,179.21,179.21,84.0,56.0,1.06
蓝英装备,sz300293,17.05,16.61,16.89,3878100.0,17.05,29000,17.06,25700,2.65,17.15,16.76,3878100,65850000.0,1.15,2.35,57.7,57.7,19.93,13.29,1.2
宝钛股份,sh600456,34.04,33.61,34.16,5755300.0,34.04,4900,34.05,3600,1.28,34.29,33.67,5755300,195290000.0,1.2,1.84,162.64,162.64,36.97,30.25,0.71
华茂股份,sz000850,4.97,4.94,5.06,7729000.0,4.97,15600,4.98,44000,0.61,5.1,4.94,7729000,38670000.0,0.82,3.24,46.89,46.9,5.43,4.45,0.91
泰坦科技,sh688133,20.78,19.74,20.2,409174800.0,20.77,500,20.78,12700,5.27,20.78,20.01,409174800,83810000.0,2.49,3.9,34.17,34.17,23.69,15.79,1.5
一拖股份,sh601038,12.85,12.73,12.98,6293300.0,12.85,400,12.86,8700,0.94,13.0,12.75,6293300,80790000.0,0.86,1.96,94.02,144.39,14.0,11.46,0.67
百济神州-U,sh688235,249.9,233.59,238.51,617180900.0,249.9,100,249.91,700,6.98,253.16,238.03,617180900,1522960000.0,5.36,6.48,287.52,3852.01,280.31,186.87,1.42
ST中珠,sh600568,2.77,2.73,2.76,17452200.0,2.76,303400,2.77,205500,1.47,2.81,2.73,17452200,48290000.0,1.05,2.93,46.23,55.2,2.87,2.59,1.2
先河环保,sz300137,12.88,12.71,12.65,27378500.0,12.87,7300,12.88,21800,1.34,12.9,11.73,27378500,340580000.0,5.17,9.21,68.27,69.11,15.25,10.17,0.7
厦门国贸,sh600755,6.36,6.4,6.41,28019300.0,6.35,176500,6.36,16600,-0.63,6.45,6.31,28019300,178230000.0,1.31,2.19,135.61,135.95,7.04,5.76,1.18
华安证券,sh600909,5.62,5.55,5.63,50209500.0,5.61,1056200,5.62,127200,1.26,5.66,5.57,50209500,281650000.0,1.0,1.62,282.36,282.36,6.11,5.0,1.08
东微半导,sh688261,70.11,68.39,69.88,256711500.0,70.1,2400,70.11,13000,2.51,70.88,69.71,256711500,180470000.0,2.1,1.71,85.6,85.94,82.07,54.71,0.84
ST司特,sz002538,6.9,6.88,6.89,86652600.0,6.89,205600,6.9,189100,0.29,7.22,6.88,86652600,605800000.0,10.15,4.94,58.89,58.9,7.22,6.54,5.89
福光股份,sh688010,29.88,28.01,28.57,399743600.0,29.88,4500,29.89,2400,6.68,30.27,28.09,399743600,117750000.0,2.49,7.78,47.98,47.98,33.61,22.41,1.88
中原传媒,sz000719,13.19,13.31,13.4,11038700.0,13.18,12800,13.19,12100,-0.9,13.53,12.98,11038700,145450000.0,1.65,4.13,88.0,134.96,14.64,11.98,1.58
久量股份,sz300808,26.63,26.5,26.97,1162200.0,26.62,800,26.63,2300,0.49,27.1,26.5,1162200,31070000.0,0.98,2.26,31.66,42.61,31.8,21.2,0.6
坤彩科技,sh603826,28.64,27.67,27.63,26119200.0,28.64,50300,28.67,800,3.51,29.2,27.57,26119200,744470000.0,3.99,5.89,187.65,187.65,30.44,24.9,1.73
传艺科技,sz002866,21.65,21.75,22.0,25368800.0,21.64,49900,21.65,16800,-0.46,22.34,21.3,25368800,551150000.0,14.0,4.78,39.23,62.68,23.93,19.58,0.84
海融科技,sz300915,22.98,22.39,22.91,1013100.0,22.97,500,22.98,4800,2.64,23.13,22.78,1013100,23240000.0,1.76,1.56,13.24,28.92,26.87,17.91,1.3
博众精工,sh688097,55.16,52.82,54.03,954541900.0,55.16,1500,55.17,800,4.43,57.38,53.83,954541900,530900000.0,2.14,6.72,245.47,246.37,63.38,42.26,0.96
彤程新材,sh603650,50.25,49.15,50.36,5735100.0,50.25,12900,50.26,6500,2.24,50.55,49.71,5735100,287550000.0,0.93,1.71,308.77,309.58,54.07,44.24,0.78
东诚药业,sz002675,14.65,14.16,14.13,63477500.0,14.64,67200,14.65,66800,3.46,14.8,14.02,63477500,916680000.0,8.54,5.51,108.91,120.8,15.58,12.74,2.73
盛和资源,sh600392,22.94,22.4,22.91,62092700.0,22.94,105800,22.95,110900,2.41,23.15,22.61,62092700,1420760000.0,3.54,2.41,402.1,402.1,24.64,20.16,1.19
正帆科技,sh688596,28.56,27.85,28.31,283627600.0,28.55,13900,28.56,0,2.55,28.64,28.15,283627600,80500000.0,0.96,1.76,84.0,84.0,33.42,22.28,0.88
水发燃气,sh603318,7.78,7.87,7.86,21323700.0,7.78,80900,7.79,45600,-1.14,7.95,7.73,21323700,166920000.0,4.64,2.8,35.72,43.15,8.66,7.08,0.62
震裕科技,sz300953,186.5,174.52,179.08,7622600.0,186.5,8100,186.55,300,6.86,190.88,179.06,7622600,1421950000.0,6.12,6.77,232.3,323.54,209.42,139.62,1.35
华测检测,sz300012,14.43,13.96,14.2,29849000.0,14.42,13400,14.43,720200,3.37,14.46,14.05,29849000,425520000.0,2.09,2.94,206.53,242.83,16.75,11.17,1.4
中国中铁,sh601390,5.44,5.43,5.5,196633300.0,5.44,3242000,5.45,1618800,0.18,5.54,5.43,196633300,1074190000.0,0.96,2.03,1114.05,1342.93,5.97,4.89,0.93
索菲亚,sz002572,12.81,12.67,12.8,5875400.0,12.8,59300,12.81,4000,1.1,12.84,12.7,5875400,75150000.0,0.9,1.1,83.45,123.37,13.94,11.4,0.9
天龙集团,sz300063,11.51,11.59,11.82,76890400.0,11.5,422500,11.51,61100,-0.69,11.95,11.4,76890400,891210000.0,12.27,4.75,72.12,87.31,13.91,9.27,2.12
百川畅银,sz300614,13.28,13.02,13.58,3529800.0,13.28,1700,13.29,19400,2.0,13.58,13.13,3529800,46880000.0,2.2,3.46,21.31,21.31,15.62,10.42,0.8
广合科技,sz001389,120.35,116.33,119.5,9870400.0,120.35,6700,120.36,500,3.46,124.0,118.0,9870400,1193640000.0,6.5,5.16,182.83,568.59,127.96,104.7,0.79
绿通科技,sz301322,30.11,29.45,30.12,1281900.0,30.11,1800,30.14,8000,2.24,30.68,29.81,1281900,38700000.0,1.35,2.95,28.61,42.54,35.34,23.56,0.83
同洲电子,sz002052,10.53,10.39,10.55,10845300.0,10.52,29100,10.53,66600,1.35,10.62,10.39,10845300,113680000.0,1.57,2.21,72.59,79.23,11.43,9.35,0.71
西部矿业,sh601168,26.17,25.0,26.0,57079000.0,26.16,34800,26.17,66000,4.68,26.36,25.55,57079000,1481320000.0,2.4,3.24,623.63,623.63,27.5,22.5,1.07
中国中车,sh601766,6.35,6.34,6.38,206032600.0,6.35,192500,6.36,1699200,0.16,6.4,6.26,206032600,1302090000.0,0.85,2.21,1544.82,1822.38,6.97,5.71,0.99
思进智能,sz003025,13.77,13.62,13.84,2768300.0,13.77,4400,13.78,44000,1.1,13.91,13.66,2768300,38130000.0,1.22,1.84,31.18,39.1,14.98,12.26,0.65
格尔软件,sh603232,19.93,19.66,20.13,5692300.0,19.93,45100,19.94,9600,1.37,20.13,19.83,5692300,113620000.0,2.46,1.53,46.1,46.65,21.63,17.69,0.8
三峰环境,sh601827,8.16,8.29,8.32,27910700.0,8.15,166700,8.16,6000,-1.57,8.35,8.1,27910700,227590000.0,1.67,3.02,136.43,136.43,9.12,7.46,1.21
河钢资源,sz000923,18.42,17.88,18.21,13469800.0,18.41,4600,18.42,3900,3.02,18.57,18.21,13469800,247520000.0,2.15,2.01,115.66,120.23,19.67,16.09,1.09
莱伯泰科,sh688056,34.6,34.16,34.76,67324500.0,34.6,700,34.67,600,1.29,34.95,34.2,67324500,23300000.0,1.0,2.2,23.34,23.34,40.99,27.33,0.9
广立微,sz301095,67.55,65.57,67.5,3976900.0,67.54,2700,67.55,700,3.02,68.41,66.9,3976900,268710000.0,2.28,2.3,117.88,135.29,78.68,52.46,0.78
海晨股份,sz300873,22.06,21.48,21.9,2042500.0,22.06,11900,22.07,2400,2.7,22.06,21.71,2042500,44730000.0,1.22,1.63,36.8,50.87,25.78,17.18,0.9
双良节能,sh600481,6.62,6.56,6.68,87609700.0,6.62,30300,6.63,395600,0.91,6.75,6.46,87609700,577210000.0,4.24,4.42,136.65,136.65,7.22,5.9,0.89
新联电子,sz002546,9.05,8.85,9.0,19198300.0,9.04,72200,9.05,303700,2.26,9.05,8.96,19198300,172870000.0,2.4,1.02,72.51,75.48,9.74,7.97,0.67
云维股份,sh600725,4.52,4.43,4.48,22953000.0,4.51,45200,4.52,101200,2.03,4.67,4.47,22953000,104440000.0,1.86,4.51,55.71,55.71,4.87,3.99,1.2
和胜股份,sz002824,20.46,19.31,19.58,15455600.0,20.45,5900,20.46,30000,5.96,20.7,19.42,15455600,312710000.0,7.03,6.63,45.01,63.67,21.24,17.38,1.51
*ST原尚,sh603813,24.06,25.33,25.2,1346000.0,0.0,0,24.06,646200,-5.01,25.44,24.06,1346000,32980000.0,1.28,5.45,25.27,25.27,26.6,24.06,1.34
特一药业,sz002728,11.26,11.02,11.13,21419700.0,11.25,160500,11.26,48500,2.18,11.32,10.95,21419700,239900000.0,6.45,3.36,37.37,57.8,12.12,9.92,1.3
优德精密,sz300549,17.2,16.82,17.17,2143300.0,17.16,400,17.2,5200,2.26,17.24,16.91,2143300,36620000.0,2.12,1.96,17.38,22.93,20.18,13.46,0.9
中联重科,sz000157,8.89,8.6,8.83,95806300.0,8.89,44800,8.9,33800,3.37,8.94,8.74,95806300,849640000.0,1.36,2.33,628.49,768.85,9.46,7.74,1.46
中润光学,sh688307,76.6,68.35,70.0,911198900.0,76.6,2100,76.63,200,12.07,76.6,69.16,911198900,659190000.0,10.26,10.89,68.0,68.0,82.02,54.68,0.93
立方制药,sz003020,25.46,24.27,24.5,3842500.0,25.45,12600,25.46,22600,4.9,25.49,24.28,3842500,96590000.0,2.79,4.99,35.06,48.42,26.7,21.84,2.22
滨江集团,sz002244,9.8,9.76,9.85,23685500.0,9.8,72800,9.81,47400,0.41,9.92,9.7,23685500,232080000.0,0.88,2.25,263.22,304.92,10.74,8.78,1.05
TCL中环,sz002129,8.98,8.78,8.94,87277300.0,8.97,105200,8.98,105800,2.28,9.12,8.81,87277300,780180000.0,2.16,3.53,362.77,363.07,9.66,7.9,0.8
佳隆股份,sz002495,2.68,2.67,2.71,20774400.0,2.67,34200,2.68,427100,0.37,2.74,2.64,20774400,55770000.0,2.96,3.75,18.78,25.07,2.94,2.4,0.87
紫建电子,sz301121,35.1,34.56,35.0,1283600.0,35.1,3400,35.11,9900,1.56,35.44,34.82,1283600,45100000.0,2.54,1.79,17.76,34.69,41.47,27.65,0.82
佐力药业,sz300181,16.17,15.63,15.8,15406700.0,16.16,28900,16.17,8800,3.45,16.25,15.76,15406700,247610000.0,2.56,3.13,97.49,113.41,18.76,12.5,1.26
力聚热能,sh603391,65.88,65.6,65.93,785900.0,65.88,300,65.9,2900,0.43,66.82,64.55,785900,51730000.0,3.45,3.46,14.99,59.95,72.16,59.04,0.89
松原安全,sz300893,21.2,20.9,21.12,1419700.0,21.18,13200,21.2,16300,1.44,21.4,20.97,1419700,29970000.0,0.57,2.06,53.19,100.28,25.08,16.72,0.74
辽宁成大,sh600739,11.47,11.24,11.38,13669300.0,11.47,7200,11.48,8100,2.05,11.49,11.2,13669300,155170000.0,0.89,2.58,175.46,175.46,12.36,10.12,1.33
万顺新材,sz300057,6.68,6.73,6.9,69566400.0,6.67,208300,6.68,269000,-0.74,6.92,6.53,69566400,462660000.0,9.5,5.79,48.91,60.44,8.08,5.38,0.72
世纪恒通,sz301428,35.82,34.69,35.36,8239000.0,35.82,17600,35.83,3700,3.26,36.6,35.15,8239000,296290000.0,13.46,4.18,21.92,35.34,41.63,27.75,0.89
宝地矿业,sh601121,7.41,7.34,7.5,9609900.0,7.41,1400,7.42,30800,0.95,7.51,7.36,9609900,71270000.0,1.2,2.04,59.28,72.93,8.07,6.61,0.65
驰宏锌锗,sh600497,7.98,7.86,8.06,77221400.0,7.97,243500,7.98,202000,1.53,8.09,7.9,77221400,616100000.0,1.53,2.42,402.22,402.22,8.65,7.07,0.64
桐昆股份,sh601233,18.79,18.05,18.67,46713200.0,18.79,2200,18.8,28400,4.1,19.2,18.42,46713200,877210000.0,1.97,4.32,446.2,447.01,19.86,16.25,1.03
宝新能源,sz000690,4.9,4.93,5.02,121188000.0,4.9,552400,4.91,412800,-0.61,5.05,4.86,121188000,597210000.0,5.57,3.85,106.55,106.62,5.42,4.44,0.39
达刚控股,sz300103,7.13,7.02,7.19,10610300.0,7.11,20600,7.13,36000,1.57,7.4,7.07,10610300,76050000.0,3.34,4.7,22.63,22.64,8.42,5.62,1.26
博深股份,sz002282,6.98,7.0,7.08,7134700.0,6.97,55800,6.98,23600,-0.29,7.12,6.92,7134700,49810000.0,1.41,2.86,35.25,36.77,7.7,6.3,1.05
苏州高新,sh600736,6.14,6.1,6.18,9632000.0,6.13,165900,6.14,267400,0.66,6.23,6.08,9632000,58990000.0,0.84,2.46,70.69,70.69,6.71,5.49,0.88
中威电子,sz300270,10.77,10.72,10.89,5578500.0,10.76,5500,10.77,25800,0.47,10.97,10.65,5578500,59950000.0,2.14,2.99,28.1,32.61,12.86,8.58,0.62
东方电子,sz000682,12.33,12.09,12.34,11051800.0,12.33,60200,12.34,27000,1.99,12.38,12.23,11051800,135970000.0,0.82,1.24,165.29,165.31,13.3,10.88,0.63
中国神华,sh601088,46.62,46.75,46.33,33588700.0,46.62,52000,46.63,5100,-0.28,47.48,45.87,33588700,1573650000.0,0.2,3.44,7688.12,9898.25,51.43,42.08,0.91
华蓝集团,sz301027,21.65,20.83,21.24,6682000.0,21.64,2000,21.65,18200,3.94,21.72,21.0,6682000,143300000.0,5.65,3.46,25.6,31.83,25.0,16.66,0.87
国电电力,sh600795,4.86,4.84,4.87,129748600.0,4.86,1928400,4.87,762200,0.41,4.92,4.83,129748600,632250000.0,0.73,1.86,866.81,866.81,5.32,4.36,0.56
中自科技,sh688737,24.71,24.12,24.71,185831600.0,24.63,5000,24.71,600,2.45,25.09,24.28,185831600,45940000.0,1.55,3.36,29.54,29.54,28.94,19.3,0.76
金杨精密,sz301210,38.77,38.53,39.17,1174300.0,38.76,100,38.77,27300,0.62,39.17,38.51,1174300,45560000.0,2.7,1.71,16.85,44.44,46.24,30.82,0.68
港迪技术,sz301633,61.66,61.3,62.5,406500.0,61.65,2900,61.66,1300,0.59,62.5,61.11,406500,25020000.0,1.59,2.27,15.73,34.33,73.56,49.04,0.97
艾华集团,sh603989,17.24,16.66,16.97,3948600.0,17.23,3400,17.24,51200,3.48,17.29,16.92,3948600,67720000.0,0.99,2.22,68.75,68.75,18.33,14.99,0.7
山东路桥,sz000498,5.86,5.84,5.94,19417700.0,5.86,149600,5.87,85400,0.34,5.98,5.82,19417700,114350000.0,1.34,2.74,84.93,90.97,6.42,5.26,1.06
国瓷材料,sz300285,31.38,30.7,31.63,24161500.0,31.38,62600,31.39,45800,2.21,31.88,30.79,24161500,754580000.0,2.87,3.55,264.01,312.87,36.84,24.56,0.82
黑猫股份,sz002068,8.62,8.78,8.95,19645700.0,8.62,6700,8.63,10000,-1.82,8.98,8.61,19645700,171900000.0,2.67,4.21,63.36,63.39,9.66,7.9,0.66
德尔股份,sz300473,31.19,30.26,31.0,3566000.0,31.19,1100,31.2,26300,3.07,31.47,30.66,3566000,111130000.0,2.37,2.68,46.95,53.85,36.31,24.21,0.93
南方泵业,sz300145,4.41,4.27,4.35,62739300.0,4.41,105200,4.42,983100,3.28,4.44,4.35,62739300,276180000.0,3.28,2.11,84.27,84.68,5.12,3.42,1.08
大为股份,sz002213,29.29,29.13,30.16,25002600.0,29.29,9700,29.3,12600,0.55,30.26,28.8,25002600,736910000.0,12.1,5.01,60.5,69.56,32.04,26.22,0.83
普洛药业,sz000739,18.41,17.83,18.05,9879500.0,18.4,10100,18.41,19500,3.25,18.54,17.88,9879500,180810000.0,0.85,3.7,213.19,213.27,19.61,16.05,1.23
重庆百货,sh600729,22.08,22.19,22.35,4198000.0,22.08,5100,22.09,2000,-0.5,22.44,22.01,4198000,92950000.0,2.18,1.94,42.5,97.25,24.41,19.97,1.82
迈威生物-U,sh688062,39.15,36.01,36.53,1460240700.0,39.14,7100,39.15,2400,8.72,39.58,36.53,1460240700,560410000.0,7.15,8.47,79.93,156.44,43.21,28.81,1.38
齐心集团,sz002301,7.07,6.87,7.01,11300800.0,7.06,11800,7.07,153000,2.91,7.07,6.9,11300800,79260000.0,1.57,2.47,50.76,51.0,7.56,6.18,1.08
德马科技,sh688360,19.68,18.64,19.0,464212800.0,19.68,6500,19.69,11200,5.58,19.8,19.0,464212800,90510000.0,1.84,4.29,49.65,51.91,22.37,14.91,0.92
青岛银行,sz002948,5.28,5.18,5.22,60934600.0,5.28,268000,5.29,44200,1.93,5.36,5.17,60934600,321650000.0,1.96,3.67,164.34,307.31,5.7,4.66,1.41
苏美达,sh600710,12.89,12.38,12.59,19257500.0,12.88,14400,12.89,28100,4.12,12.97,12.59,19257500,247170000.0,1.47,3.07,168.44,168.44,13.62,11.14,1.32
百龙创园,sh605016,25.02,24.9,25.03,3270000.0,25.02,1300,25.04,11100,0.48,25.24,24.77,3270000,81750000.0,0.78,1.89,105.09,105.09,27.39,22.41,1.09
亚邦股份,sh603188,4.9,4.88,4.93,11975300.0,4.9,129100,4.91,49600,0.41,4.94,4.84,11975300,58490000.0,2.1,2.05,27.94,27.94,5.37,4.39,0.83
德石股份,sz301158,24.49,24.33,24.61,3976300.0,24.49,200,24.5,7700,0.66,24.8,24.34,3976300,97690000.0,2.71,1.89,35.88,36.83,29.2,19.46,0.65
峰岹科技,sh688279,154.27,152.31,156.38,89315600.0,154.01,700,154.27,200,1.29,158.0,153.02,89315600,138210000.0,0.95,3.27,144.33,177.59,182.77,121.85,1.05
海亮股份,sz002203,14.51,13.9,14.09,38911800.0,14.5,57300,14.51,22900,4.39,14.62,14.05,38911800,559640000.0,1.76,4.1,320.98,332.53,15.29,12.51,0.89
建发股份,sh600153,8.86,8.88,8.95,16842300.0,8.86,545800,8.87,11000,-0.23,9.07,8.83,16842300,150370000.0,0.58,2.7,256.9,256.9,9.77,7.99,1.22
江苏国信,sz002608,8.2,8.18,8.28,18174200.0,8.19,25500,8.2,5100,0.24,8.3,8.12,18174200,148890000.0,0.48,2.2,309.8,309.8,9.0,7.36,0.47
银龙股份,sh603969,9.11,9.22,9.42,17593000.0,9.11,55200,9.12,11900,-1.19,9.6,9.07,17593000,162830000.0,2.08,5.75,76.87,79.4,10.14,8.3,1.79
芯朋微,sh688508,58.7,56.58,57.8,223351500.0,58.69,1000,58.7,5200,3.75,58.75,57.52,223351500,129970000.0,1.7,2.17,77.08,77.08,67.9,45.26,1.11
胜科纳米,sh688757,24.71,23.32,23.91,436475400.0,24.71,1200,24.72,5000,5.96,25.67,23.65,436475400,107210000.0,2.41,8.66,44.78,99.66,27.98,18.66,1.23
电气风电,sh688660,12.61,12.51,12.8,1480000200.0,12.61,23400,12.62,38600,0.8,12.92,12.54,1480000200,187920000.0,1.11,3.04,168.13,168.13,15.01,10.01,1.21
远东股份,sh600869,13.9,13.48,13.8,63598200.0,13.89,131400,13.9,227800,3.12,14.16,13.65,63598200,886420000.0,2.87,3.78,308.49,308.49,14.83,12.13,0.68
智立方,sz301312,103.2,86.0,89.93,10925600.0,103.2,662400,0.0,0,20.0,103.2,88.89,10925600,1071000000.0,18.04,16.64,62.49,125.06,103.2,68.8,1.49
盐湖股份,sz000792,36.23,37.0,37.15,92038600.0,36.23,145200,36.24,16700,-2.08,37.45,36.17,92038600,3360230000.0,1.74,3.46,1917.12,1917.14,40.7,33.3,0.73
新莱福,sz301323,61.04,62.86,62.53,4009400.0,61.02,200,61.04,3200,-2.9,63.0,60.0,4009400,245420000.0,5.92,4.77,41.31,64.45,75.43,50.29,1.16
新劲刚,sz300629,22.61,22.79,23.28,8950600.0,22.61,4600,22.62,5600,-0.79,23.43,22.37,8950600,202690000.0,4.13,4.65,49.03,56.85,27.35,18.23,0.87
新雷能,sz300593,23.6,22.74,23.3,16948000.0,23.6,14500,23.62,24900,3.78,23.95,23.06,16948000,398140000.0,3.76,3.91,106.26,128.03,27.29,18.19,1.4
久立特材,sz002318,30.6,30.28,30.85,7627300.0,30.6,10600,30.62,1300,1.06,31.05,30.49,7627300,234210000.0,0.8,1.85,292.13,299.01,33.31,27.25,1.2
奥翔药业,sh603229,10.21,10.12,10.19,21958300.0,10.21,46200,10.22,7800,0.89,10.43,10.19,21958300,225530000.0,2.64,2.37,84.77,84.77,11.13,9.11,1.55
香农芯创,sz300475,128.08,125.63,132.82,26570700.0,128.07,1200,128.08,900,1.95,133.76,126.15,26570700,3438830000.0,5.97,6.06,570.44,595.43,150.76,100.5,0.98
通合科技,sz300491,23.48,22.68,23.12,5256900.0,23.48,5800,23.49,35100,3.53,23.51,23.06,5256900,122350000.0,3.37,1.98,36.63,41.25,27.22,18.14,0.76
中盐化工,sh600328,8.79,8.67,8.82,30879600.0,8.79,30500,8.8,27500,1.38,8.89,8.63,30879600,271130000.0,2.11,3.0,128.89,128.89,9.54,7.8,0.6
光智科技,sz300489,48.72,47.94,48.85,7738900.0,48.72,800,48.73,1400,1.63,49.8,48.17,7738900,379750000.0,5.64,3.4,66.83,67.07,57.53,38.35,1.14
晶澳科技,sz002459,11.28,10.9,11.06,78437100.0,11.28,99500,11.29,242500,3.49,11.45,10.9,78437100,875190000.0,2.37,5.05,372.89,373.33,11.99,9.81,0.8
江苏华辰,sh603097,32.6,31.99,32.77,2736200.0,32.58,200,32.6,59900,1.91,32.98,32.35,2736200,89240000.0,1.71,1.97,52.16,53.84,35.19,28.79,0.98
振华科技,sz000733,45.99,45.39,46.11,8117600.0,45.98,12200,45.99,29500,1.32,46.28,45.65,8117600,373550000.0,1.47,1.39,254.83,254.86,49.93,40.85,1.09
六九一二,sz301592,115.49,113.43,114.98,715000.0,115.49,300,115.5,3500,1.82,115.62,113.02,715000,81960000.0,3.06,2.29,26.98,80.84,136.12,90.74,0.92
科泰电源,sz300153,25.84,25.69,26.14,11789300.0,25.83,51800,25.84,14200,0.58,26.34,25.58,11789300,305120000.0,3.7,2.96,82.26,82.69,30.83,20.55,0.76
美迪西,sh688202,65.86,62.4,63.58,557201500.0,65.85,800,65.86,3400,5.54,66.5,62.1,557201500,360300000.0,4.15,7.05,88.48,88.48,74.88,49.92,1.3
紫金矿业,sh601899,34.15,32.72,33.86,323703100.0,34.14,550900,34.15,530300,4.37,34.58,33.62,323703100,11014640000.0,1.57,2.93,7035.51,9080.7,35.99,29.45,1.13
中农立华,sh603970,12.81,12.68,12.8,2079300.0,12.81,3600,12.82,10000,1.03,12.84,12.65,2079300,26530000.0,0.77,1.5,34.43,34.43,13.95,11.41,0.59
聚石化学,sh688669,25.99,25.22,25.81,114619400.0,25.79,900,25.99,1200,3.05,26.15,25.63,114619400,29630000.0,0.94,2.06,31.53,31.53,30.26,20.18,0.96
沃特股份,sz002886,20.65,20.06,20.48,4908000.0,20.63,13500,20.65,9000,2.94,20.95,20.37,4908000,101280000.0,2.35,2.89,43.17,54.35,22.07,18.05,0.87
国信证券,sz002736,11.38,11.21,11.38,25926300.0,11.38,70500,11.39,129300,1.52,11.46,11.25,25926300,294360000.0,0.27,1.87,1093.89,1165.51,12.33,10.09,1.07
皖天然气,sh603689,8.3,8.32,8.32,4801800.0,8.29,20200,8.3,99800,-0.24,8.38,8.28,4801800,39950000.0,0.92,1.2,43.44,43.64,9.15,7.49,0.88
博亚精工,sz300971,22.8,22.4,22.99,3291300.0,22.78,2100,22.8,11900,1.79,23.03,22.62,3291300,74970000.0,3.58,1.83,20.99,26.81,26.88,17.92,1.22
科隆股份,sz300405,6.46,6.43,6.59,6557100.0,6.45,5000,6.46,48000,0.47,6.62,6.35,6557100,42300000.0,3.0,4.2,14.14,18.37,7.72,5.14,0.68
红星发展,sh600367,20.62,20.88,20.88,25967100.0,20.62,96800,20.63,19500,-1.25,21.19,20.5,25967100,538910000.0,8.06,3.3,66.39,70.34,22.97,18.79,0.66
ST通葡,sh600365,3.12,3.08,3.12,3454500.0,3.11,107400,3.12,46900,1.3,3.15,3.11,3454500,10790000.0,0.81,1.3,13.33,14.17,3.23,2.93,0.58
华融化学,sz301256,13.23,12.84,13.15,6181400.0,13.22,14400,13.23,52600,3.04,13.28,13.0,6181400,81380000.0,1.29,2.18,63.5,63.5,15.41,10.27,0.65
安徽凤凰,bj920000,15.95,15.86,16.07,718500.0,15.93,2700,15.95,8700,0.57,16.25,15.77,718500,11431300.000000002,1.25,3.03,9.19,14.62,20.61,11.11,0.69
金龙羽,sz002882,27.44,27.26,27.56,2774000.0,27.43,19900,27.44,400,0.66,27.79,27.32,2774000,76240000.0,1.12,1.72,67.72,118.79,29.99,24.53,0.68
双箭股份,sz002381,6.63,6.57,6.65,6540200.0,6.62,36100,6.63,57600,0.91,6.7,6.56,6540200,43320000.0,2.04,2.13,21.24,27.29,7.23,5.91,0.92
南京高科,sh600064,8.4,8.35,8.42,16141200.0,8.4,163200,8.41,50000,0.6,8.54,8.38,16141200,136050000.0,0.93,1.92,145.35,145.35,9.19,7.52,1.16
太阳纸业,sz002078,15.12,14.83,15.02,13317200.0,15.11,11500,15.12,9500,1.96,15.2,14.91,13317200,200460000.0,0.48,1.96,419.94,422.53,16.31,13.35,0.73
嘉化能源,sh600273,9.26,9.13,9.22,14482400.0,9.26,12000,9.27,6300,1.42,9.35,9.19,14482400,134150000.0,1.07,1.75,125.65,125.65,10.04,8.22,0.77
雅克科技,sz002409,79.56,78.74,81.5,11676100.0,79.55,3400,79.56,5200,1.04,81.68,78.61,11676100,929080000.0,3.67,3.9,253.42,378.65,86.61,70.87,1.04
凯赛生物,sh688065,50.09,49.45,50.0,359381800.0,50.08,3000,50.09,3000,1.29,50.3,49.5,359381800,179490000.0,0.62,1.62,292.21,361.29,59.34,39.56,0.7
日科化学,sz300214,7.31,7.12,7.21,11738000.0,7.3,34000,7.31,3400,2.67,7.43,7.21,11738000,86260000.0,2.52,3.09,33.98,33.98,8.54,5.7,0.93
三力制药,sh603439,11.34,10.96,11.07,3651800.0,11.34,2100,11.35,15100,3.47,11.4,10.92,3651800,40920000.0,0.9,4.38,45.8,46.37,12.06,9.86,1.63
指南针,sz300803,100.25,97.28,99.12,17630900.0,100.25,3600,100.26,28900,3.05,101.6,99.12,17630900,1770480000.0,2.91,2.55,606.85,611.32,116.74,77.82,1.27
财通证券,sh601108,7.82,7.62,7.72,42790900.0,7.81,171900,7.82,130900,2.62,7.85,7.67,42790900,332030000.0,0.92,2.36,363.14,363.14,8.38,6.86,1.32
天士力,sh600535,14.51,14.35,14.39,11080100.0,14.51,7500,14.52,54000,1.11,14.54,14.3,11080100,160120000.0,0.74,1.67,216.77,216.77,15.79,12.92,0.93
容大感光,sz300576,34.27,33.59,34.26,4119300.0,34.27,2800,34.28,28800,2.02,34.38,33.94,4119300,140770000.0,1.77,1.31,79.73,125.55,40.31,26.87,0.83
芯联集成-U,sh688469,6.48,6.3,6.44,7725239200.0,6.47,287900,6.48,827900,2.86,6.51,6.39,7725239200,498030000.0,1.74,1.9,287.05,543.2,7.56,5.04,1.26
壹石通,sh688733,26.49,25.71,26.5,241022700.0,26.49,32500,26.5,5800,3.03,26.76,26.19,241022700,63700000.0,1.21,2.22,52.92,52.92,30.85,20.57,0.74
汇创达,sz300909,38.47,37.17,37.8,1606600.0,38.46,2300,38.47,2500,3.5,38.76,37.68,1606600,61490000.0,1.31,2.91,47.01,66.54,44.6,29.74,0.98
极米科技,sh688696,94.33,88.88,89.98,133611800.0,94.33,900,94.35,600,6.13,94.56,89.57,133611800,124760000.0,1.91,5.61,66.05,66.05,106.66,71.1,1.68
浙能电力,sh600023,5.47,5.43,5.47,74441200.0,5.47,5900,5.48,76400,0.74,5.52,5.41,74441200,407110000.0,0.56,2.03,733.46,733.46,5.97,4.89,0.56
崇达技术,sz002815,14.02,13.59,13.92,25134700.0,14.01,54100,14.02,53200,3.16,14.2,13.89,25134700,352520000.0,3.23,2.28,108.96,173.03,14.95,12.23,1.1
蕾奥规划,sz300989,14.29,14.09,14.35,3259800.0,14.27,2600,14.29,14500,1.42,14.45,14.0,3259800,46230000.0,2.16,3.19,21.52,30.15,16.91,11.27,0.98
首创证券,sh601136,16.31,16.22,16.38,5574900.0,16.31,66700,16.32,13500,0.55,16.41,16.26,5574900,91040000.0,0.2,0.92,445.81,445.81,17.84,14.6,0.9
吉贝尔,sh688566,31.4,29.36,29.5,704853600.0,31.39,10200,31.4,18800,6.95,31.8,29.47,704853600,217010000.0,3.53,7.94,62.62,62.62,35.23,23.49,3.04
鲁西化工,sz000830,15.76,16.05,16.31,34121000.0,15.75,57200,15.76,55100,-1.81,16.31,15.67,34121000,543200000.0,1.79,3.99,300.1,300.12,17.66,14.45,0.71
京沪高铁,sh601816,5.08,5.06,5.09,118040300.0,5.07,1379200,5.08,120100,0.4,5.1,5.04,118040300,598650000.0,0.24,1.19,2485.42,2485.42,5.57,4.55,0.82
中国建筑,sh601668,5.02,5.01,5.04,175271800.0,5.02,193700,5.03,5273100,0.2,5.06,5.0,175271800,880080000.0,0.42,1.2,2074.28,2074.28,5.51,4.51,0.8
国联股份,sh603613,25.45,24.82,25.2,6937100.0,25.45,1300,25.46,16800,2.54,25.68,25.03,6937100,175570000.0,0.96,2.62,183.38,183.38,27.3,22.34,1.14
路维光电,sh688401,50.8,48.04,49.0,423162900.0,50.8,10800,50.81,1400,5.75,51.3,49.0,423162900,213310000.0,2.19,4.79,98.22,98.22,57.65,38.43,1.55
中国国贸,sh600007,21.1,20.79,20.91,3336700.0,21.1,2000,21.11,15700,1.49,21.16,20.72,3336700,70040000.0,0.33,2.12,212.54,212.54,22.87,18.71,1.32
顺钠股份,sz000533,14.7,14.23,14.55,76062500.0,14.7,421100,14.71,152200,3.3,14.99,14.36,76062500,1115160000.0,11.11,4.43,100.68,101.55,15.65,12.81,0.67
威迈斯,sh688612,30.62,28.75,29.27,765626800.0,30.61,700,30.62,6500,6.5,30.85,29.21,765626800,231880000.0,3.03,5.7,77.33,128.36,34.5,23.0,1.54
国安达,sz300902,17.76,17.58,17.85,2961100.0,17.75,1000,17.78,7500,1.02,18.12,17.58,2961100,52580000.0,2.44,3.07,21.53,32.29,21.1,14.06,1.14
亿田智能,sz300911,29.0,26.64,27.11,15025800.0,28.99,15000,29.0,3900,8.86,31.14,27.0,15025800,440810000.0,8.77,15.54,49.69,53.17,31.97,21.31,1.79
仙鹤股份,sh603733,22.45,22.41,22.6,2371100.0,22.45,2100,22.46,500,0.18,22.88,22.45,2371100,53730000.0,0.34,1.92,158.88,158.88,24.65,20.17,0.68
南京化纤,sh600889,14.48,14.2,14.4,3089100.0,14.47,3900,14.48,27500,1.97,14.48,14.26,3089100,44440000.0,0.84,1.55,53.05,80.8,15.62,12.78,1.11
好利科技,sz002729,20.25,18.84,19.34,19378000.0,20.24,100,20.25,46400,7.48,20.72,19.34,19378000,389280000.0,11.04,7.32,35.53,37.05,20.72,16.96,2.08
世华科技,sh688093,31.21,30.4,31.16,227786600.0,31.21,400,31.23,600,2.66,31.45,30.8,227786600,70930000.0,0.81,2.14,87.51,87.51,36.48,24.32,1.36
大博医疗,sz002901,45.0,43.78,44.01,1549800.0,45.0,23400,45.01,100,2.79,45.13,43.6,1549800,68940000.0,0.54,3.49,129.81,186.31,48.16,39.4,1.38
沪电股份,sz002463,79.29,75.97,78.5,65809200.0,79.28,17900,79.29,123600,4.37,79.81,77.81,65809200,5195080000.0,3.42,2.63,1524.6,1525.83,83.57,68.37,0.94
招商轮船,sh601872,18.0,16.36,16.68,196844000.0,18.0,3800700,0.0,0,10.02,18.0,16.68,196844000,3523410000.0,2.44,8.07,1453.42,1453.42,18.0,14.72,1.22
建发致新,sz301584,27.12,27.12,27.0,4624100.0,27.12,5700,27.13,4700,0.0,27.23,26.51,4624100,124150000.0,8.61,2.65,14.57,114.25,32.54,21.7,0.96
联合化学,sz301209,86.98,86.6,87.98,1066600.0,86.96,6100,86.98,400,0.44,89.39,86.06,1066600,93770000.0,1.96,3.85,47.31,97.42,103.92,69.28,1.39
光力科技,sz300480,28.53,26.98,28.0,22908600.0,28.53,30200,28.54,7500,5.74,29.4,27.81,22908600,659510000.0,9.25,5.89,70.62,100.66,32.38,21.58,1.33
恒烁股份,sh688416,72.81,71.24,74.52,390009800.0,72.78,300,72.81,8300,2.2,74.75,71.62,390009800,285320000.0,4.7,4.39,60.44,60.44,85.49,56.99,0.91
美丽生态,sz000010,3.8,3.88,3.99,45369700.0,3.8,97700,3.81,163400,-2.06,4.0,3.74,45369700,172640000.0,5.35,6.7,32.23,43.69,4.27,3.49,1.11
藏格矿业,sz000408,82.18,79.27,81.8,17922900.0,82.18,4700,82.19,1600,3.67,82.85,81.0,17922900,1469690000.0,1.14,2.33,1290.4,1290.41,87.2,71.34,0.98
西藏天路,sh600326,9.5,9.34,9.5,17880800.0,9.49,153700,9.5,214700,1.71,9.55,9.37,17880800,169340000.0,1.31,1.93,129.43,129.43,10.27,8.41,0.99
恒勃股份,sz301225,105.06,100.4,100.0,4610600.0,105.06,2000,105.07,300,4.64,107.38,97.6,4610600,469530000.0,15.43,9.74,31.39,108.61,120.48,80.32,2.07
宏润建设,sz002062,7.53,7.43,7.58,13763700.0,7.53,61300,7.54,22200,1.35,7.6,7.4,13763700,103040000.0,1.22,2.69,84.69,93.17,8.17,6.69,0.8
鲁抗医药,sh600789,8.5,8.3,8.38,18935400.0,8.5,11000,8.51,95600,2.41,8.52,8.3,18935400,159900000.0,2.11,2.65,76.39,88.84,9.13,7.47,1.4
物产中大,sh600704,5.23,5.18,5.23,38874400.0,5.23,576900,5.24,1175400,0.97,5.25,5.2,38874400,203160000.0,0.75,0.97,270.45,270.45,5.7,4.66,0.67
日月股份,sh603218,14.36,14.4,14.6,17238900.0,14.36,800,14.37,20500,-0.28,14.79,14.28,17238900,249880000.0,1.68,3.54,147.63,147.96,15.84,12.96,0.84
豪江智能,sz301320,16.98,16.76,17.01,2131100.0,16.97,100,16.98,4900,1.31,17.16,16.86,2131100,36190000.0,3.12,1.79,11.58,30.91,20.11,13.41,1.03
顺博合金,sz002996,7.18,7.12,7.26,10372600.0,7.17,54600,7.18,2600,0.84,7.29,7.13,10372600,74520000.0,2.56,2.25,29.13,48.07,7.83,6.41,0.64
明星电力,sh600101,9.57,9.6,9.7,24459200.0,9.57,21300,9.58,77900,-0.31,9.78,9.48,24459200,234910000.0,4.46,3.12,52.43,52.43,10.56,8.64,0.51
交通银行,sh601328,7.01,7.0,7.01,144757100.0,7.0,459300,7.01,336100,0.14,7.07,6.97,144757100,1015870000.0,0.56,1.43,1827.68,6194.3,7.7,6.3,0.92
青云科技-U,sh688316,71.92,69.28,71.59,490747200.0,71.92,13800,71.93,700,3.81,73.9,70.56,490747200,353500000.0,10.25,4.82,34.45,34.45,83.14,55.42,1.19
世运电路,sh603920,51.71,49.64,50.93,23312300.0,51.71,32300,51.72,3900,4.17,51.82,50.26,23312300,1192680000.0,3.24,3.14,372.62,372.62,54.6,44.68,1.34
醋化股份,sh603968,12.98,12.7,12.84,3056000.0,12.97,200,12.98,19500,2.2,13.0,12.75,3056000,39440000.0,1.49,1.97,26.54,26.54,13.97,11.43,0.55
海泰新光,sh688677,62.79,54.69,57.0,1461120500.0,62.78,700,62.79,2900,14.81,64.6,54.7,1461120500,879160000.0,12.19,18.1,75.27,75.27,65.63,43.75,2.71
国际实业,sz000159,6.53,6.5,6.64,11053500.0,6.53,62300,6.54,88200,0.46,6.64,6.48,11053500,72270000.0,2.3,2.46,31.39,31.39,7.15,5.85,0.69
海星股份,sh603115,46.85,43.95,44.4,15864500.0,46.84,600,46.85,27300,6.6,48.35,43.55,15864500,746250000.0,6.56,10.92,113.33,113.33,48.35,39.56,0.89
金岭矿业,sz000655,8.9,8.77,8.92,8766200.0,8.9,3000,8.91,7800,1.48,9.01,8.83,8766200,78010000.0,1.47,2.05,52.99,52.99,9.65,7.89,0.86
欣贺股份,sz003016,8.18,8.18,8.25,3980100.0,8.17,5700,8.18,6300,0.0,8.28,8.11,3980100,32490000.0,0.97,2.08,33.61,34.4,9.0,7.36,1.07
燕麦科技,sh688312,51.49,47.12,48.79,710087200.0,51.48,1000,51.49,1800,9.27,51.65,48.5,710087200,357130000.0,4.87,6.69,75.06,75.06,56.54,37.7,1.29
南京银行,sh601009,11.34,11.39,11.38,43486600.0,11.33,23600,11.34,154900,-0.44,11.49,11.27,43486600,494160000.0,0.35,1.93,1402.03,1402.03,12.53,10.25,0.92
金风科技,sz002202,25.42,26.3,26.53,221104400.0,25.42,1137900,25.43,143900,-3.35,26.61,25.05,221104400,5634330000.0,6.57,5.93,855.0,1073.69,28.93,23.67,1.09
*ST天择,sh603721,19.63,19.49,19.49,758900.0,19.53,2600,19.64,1400,0.72,19.66,19.47,758900,14820000.0,0.58,0.97,25.52,25.52,20.46,18.52,1.01
南京聚隆,sz300644,29.12,28.66,29.37,2047200.0,29.11,1600,29.12,26900,1.61,29.45,28.89,2047200,59500000.0,2.35,1.95,25.39,32.22,34.39,22.93,0.89
力生制药,sz002393,24.25,23.66,23.87,11151200.0,24.25,60800,24.26,7900,2.49,24.3,23.52,11151200,268320000.0,4.46,3.3,60.7,62.46,26.03,21.29,1.19
欧圣电气,sz301187,20.45,19.93,20.29,1813100.0,20.43,9600,20.45,12100,2.61,20.45,19.96,1813100,36730000.0,0.71,2.46,52.13,52.13,23.92,15.94,0.64
农业银行,sh601288,6.69,6.7,6.69,331688300.0,6.69,131100,6.7,1177600,-0.15,6.78,6.66,331688300,2229360000.0,0.1,1.79,21357.44,23413.86,7.37,6.03,1.07
天安新材,sh603725,8.98,8.79,8.9,3770100.0,8.97,3000,8.98,2000,2.16,9.05,8.85,3770100,33760000.0,1.32,2.28,25.74,27.38,9.67,7.91,0.98
第一医药,sh600833,12.15,12.03,12.17,2657000.0,12.15,7800,12.16,9800,1.0,12.18,12.01,2657000,32160000.0,1.19,1.41,27.1,27.1,13.23,10.83,0.99
*ST宝实,sz000595,6.49,6.41,6.5,10974700.0,6.48,32600,6.49,219200,1.25,6.54,6.42,10974700,70950000.0,0.96,1.87,73.9,73.9,6.73,6.09,0.6
中信证券,sh600030,24.51,24.04,24.43,117145900.0,24.5,603500,24.51,113900,1.96,24.6,24.25,117145900,2865740000.0,0.96,1.46,2984.47,3632.52,26.44,21.64,1.14
科华数据,sz002335,56.85,55.33,56.6,18235900.0,56.85,33500,56.86,46300,2.75,57.19,56.03,18235900,1034310000.0,4.01,2.1,258.48,293.01,60.86,49.8,0.79
三柏硕,sz001300,16.4,16.6,16.81,2857500.0,16.39,2400,16.4,3300,-1.2,16.95,16.25,2857500,47000000.0,1.17,4.22,39.98,39.98,18.26,14.94,0.76
通宝能源,sh600780,6.74,7.01,7.02,67299400.0,6.74,78000,6.75,161000,-3.85,7.06,6.68,67299400,457510000.0,5.87,5.42,77.27,77.27,7.71,6.31,0.57
海油发展,sh600968,4.45,4.49,4.48,58488900.0,4.44,528400,4.45,329700,-0.89,4.54,4.42,58488900,262530000.0,0.58,2.67,452.35,452.35,4.94,4.04,0.81
柳化股份,sh600423,3.75,3.86,3.88,49812800.0,3.74,437900,3.75,48500,-2.85,3.94,3.68,49812800,186810000.0,6.24,6.74,29.95,29.95,4.25,3.47,1.02
中国化学,sh601117,8.98,8.79,8.96,109399000.0,8.97,217100,8.98,142700,2.16,9.06,8.94,109399000,983470000.0,1.8,1.37,545.05,548.38,9.67,7.91,0.78
升达林业,sz002259,5.23,5.25,5.33,16674500.0,5.23,17200,5.24,9100,-0.38,5.37,5.19,16674500,87870000.0,2.22,3.43,39.35,39.35,5.78,4.73,0.66
药石科技,sz300725,38.29,36.25,36.9,12738200.0,38.28,88900,38.29,8500,5.63,38.29,36.32,12738200,479620000.0,6.28,5.43,77.62,89.52,43.5,29.0,2.13
润泽科技,sz300442,84.54,80.8,83.38,44151400.0,84.53,3400,84.54,9100,4.63,85.32,82.9,44151400,3717470000.0,2.71,3.0,1376.63,1381.67,96.96,64.64,1.28
佰奥智能,sz300836,55.05,54.55,55.4,1013800.0,55.05,3300,55.16,200,0.92,56.46,54.58,1013800,56110000.0,1.6,3.45,34.93,51.02,65.46,43.64,0.88
伊之密,sz300415,24.37,23.74,24.19,4756300.0,24.37,44500,24.38,800,2.65,24.55,24.11,4756300,115650000.0,1.05,1.85,110.42,114.19,28.49,18.99,0.84
同和药业,sz300636,8.22,8.15,8.19,10964100.0,8.21,6100,8.22,8300,0.86,8.25,8.07,10964100,89700000.0,2.98,2.21,30.2,34.52,9.78,6.52,1.39
概伦电子,sh688206,31.25,30.76,31.24,259069100.0,31.24,75300,31.25,16500,1.59,31.38,30.96,259069100,80760000.0,0.6,1.37,135.99,135.99,36.91,24.61,0.9
海南华铁,sh603300,6.81,6.68,6.79,39304800.0,6.81,211700,6.82,104000,1.95,6.88,6.77,39304800,267840000.0,1.97,1.65,135.83,135.83,7.35,6.01,0.69
三旺通信,sh688618,32.21,31.72,32.15,238581700.0,32.05,1100,32.21,200,1.54,32.85,31.62,238581700,76490000.0,2.17,3.88,35.45,35.49,38.06,25.38,0.94
雷迪克,sz300652,41.67,41.01,41.7,1441000.0,41.66,5000,41.67,4900,1.61,41.95,41.34,1441000,59980000.0,1.2,1.49,49.89,55.58,49.21,32.81,0.91
五洲特纸,sh605007,13.75,13.31,13.49,5363000.0,13.74,9400,13.75,23000,3.31,13.83,13.49,5363000,73520000.0,1.34,2.55,55.21,65.41,14.64,11.98,1.12
泰恩康,sz301263,28.61,25.84,26.17,11361800.0,28.61,48600,28.67,3100,10.72,29.1,25.39,11361800,316950000.0,3.74,14.36,86.86,121.73,31.01,20.67,2.52
大西洋,sh600558,5.66,5.62,5.68,13231900.0,5.65,179500,5.66,26800,0.71,5.7,5.6,13231900,74660000.0,1.47,1.78,50.8,50.8,6.18,5.06,1.08
上海电力,sh600021,18.4,18.25,18.5,22486500.0,18.4,163700,18.41,73500,0.82,18.59,18.22,22486500,412750000.0,0.8,2.03,519.11,519.11,20.08,16.43,0.63
工商银行,sh601398,7.58,7.64,7.6,330870400.0,7.57,460900,7.58,1868600,-0.79,7.71,7.54,330870400,2520190000.0,0.12,2.23,20436.61,27015.59,8.4,6.88,1.01
金花股份,sh600080,8.81,8.54,8.59,11593800.0,8.8,22800,8.81,64100,3.16,8.96,8.5,11593800,101410000.0,3.11,5.39,32.89,32.89,9.39,7.69,1.85
满坤科技,sz301132,40.4,38.0,39.01,8880200.0,40.39,8600,40.4,42600,6.32,40.5,38.83,8880200,354390000.0,9.37,4.39,38.27,59.83,45.6,30.4,1.95
海兴电力,sh603556,33.79,32.8,33.26,4052700.0,33.79,12300,33.84,100,3.02,33.98,33.26,4052700,136130000.0,0.83,2.2,164.31,164.31,36.08,29.52,0.86
北方稀土,sh600111,48.48,47.68,48.49,67018900.0,48.47,189500,48.48,69900,1.68,48.78,47.79,67018900,3236900000.0,1.85,2.08,1752.58,1752.58,52.45,42.91,0.86
中熔电气,sz301031,139.81,138.22,140.48,1436800.0,139.81,1000,139.83,300,1.15,141.66,138.26,1436800,200870000.0,2.09,2.46,96.21,137.46,165.86,110.58,0.88
银星能源,sz000862,6.71,6.8,6.87,52092700.0,6.7,450000,6.71,216100,-1.32,6.92,6.65,52092700,351420000.0,8.3,3.97,42.14,61.59,7.48,6.12,0.44
华鲁恒升,sh600426,36.5,36.2,36.3,20395600.0,36.5,24500,36.51,216000,0.83,36.96,36.0,20395600,743590000.0,0.96,2.65,774.86,774.96,39.82,32.58,0.8
*ST波导,sh600130,4.36,4.31,4.36,11021200.0,4.35,289800,4.36,117400,1.16,4.38,4.33,11021200,47980000.0,1.47,1.16,32.7,32.7,4.53,4.09,0.68
新农股份,sz002942,19.4,19.12,19.42,1644900.0,19.38,2100,19.4,1300,1.46,19.49,19.14,1644900,31830000.0,1.2,1.83,26.62,30.24,21.03,17.21,0.85
天山电子,sz301379,24.37,23.92,24.46,2749700.0,24.36,6300,24.37,15800,1.88,24.83,24.17,2749700,67180000.0,2.16,2.76,31.0,48.31,28.7,19.14,0.76
惠柏新材,sz301555,33.19,32.22,33.0,2147400.0,33.19,2200,33.2,2300,3.01,33.53,32.9,2147400,71290000.0,4.44,1.96,16.05,30.62,38.66,25.78,0.79
久盛电气,sz301082,17.58,17.29,17.59,3908400.0,17.57,7400,17.58,40900,1.68,17.63,17.37,3908400,68360000.0,1.87,1.5,36.78,39.79,20.75,13.83,0.81
长城证券,sz002939,8.98,8.89,9.0,11367800.0,8.98,22200,8.99,437300,1.01,9.05,8.94,11367800,102110000.0,0.32,1.24,323.52,362.29,9.78,8.0,0.68
佰仁医疗,sh688198,100.27,99.34,100.7,48914100.0,100.15,200,100.27,200,0.94,100.82,99.02,48914100,48800000.0,0.36,1.81,138.12,138.12,119.21,79.47,1.71
锦盛新材,sz300849,19.65,19.4,19.7,1723500.0,19.65,100,19.67,6300,1.29,20.18,19.36,1723500,33850000.0,1.42,4.23,23.87,29.48,23.28,15.52,0.79
佛燃能源,sz002911,14.36,14.48,14.62,8195600.0,14.36,2600,14.37,2200,-0.83,14.69,14.21,8195600,118400000.0,0.65,3.31,181.95,186.45,15.93,13.03,0.79
三七互娱,sz002555,22.78,21.41,21.82,65390300.0,22.77,147100,22.78,25600,6.4,22.85,21.64,65390300,1461700000.0,4.09,5.65,364.24,503.95,23.55,19.27,2.67
莱特光电,sh688150,40.39,38.71,40.0,1176455300.0,40.39,5000,40.4,3500,4.34,41.38,39.6,1176455300,477370000.0,2.92,4.6,162.54,162.54,46.45,30.97,0.84
特变电工,sh600089,26.78,26.5,26.98,128957700.0,26.78,116800,26.79,190400,1.06,27.08,26.5,128957700,3447250000.0,2.55,2.19,1353.14,1353.14,29.15,23.85,0.87
荣昌生物,sh688331,144.0,128.77,130.06,1536118900.0,143.99,1100,144.0,5200,11.83,144.0,129.23,1536118900,2110190000.0,9.42,11.47,234.85,812.85,154.52,103.02,1.71
新兴铸管,sz000778,4.66,4.62,4.68,52689700.0,4.65,24200,4.66,282100,0.87,4.75,4.62,52689700,246280000.0,1.35,2.81,181.44,184.68,5.08,4.16,1.02
德冠新材,sz001378,23.52,23.28,23.53,1399500.0,23.51,3300,23.52,1100,1.03,23.68,23.31,1399500,32840000.0,2.17,1.59,15.17,31.36,25.61,20.95,0.47
梦天家居,sh603216,32.7,31.92,32.62,1859900.0,32.69,20100,32.7,14400,2.44,32.85,32.0,1859900,60310000.0,0.84,2.66,72.82,72.82,35.11,28.73,0.7
三达膜,sh688101,16.24,15.84,16.08,219478500.0,16.24,45600,16.25,2500,2.53,16.35,16.02,219478500,35490000.0,0.66,2.08,53.92,53.92,19.01,12.67,1.13
隆华科技,sz300263,9.66,9.39,9.67,29161800.0,9.65,610800,9.66,155100,2.88,9.73,9.49,29161800,280190000.0,2.99,2.56,94.24,99.98,11.27,7.51,0.93
中国交建,sh601800,7.64,7.61,7.71,21950600.0,7.63,156600,7.64,346200,0.39,7.74,7.61,21950600,167720000.0,0.19,1.71,899.87,1243.38,8.37,6.85,0.9
凯恩股份,sz002012,6.53,6.42,6.52,10722900.0,6.53,20200,6.54,151700,1.71,6.69,6.44,10722900,69920000.0,2.29,3.89,30.54,30.54,7.06,5.78,0.63
拓尔思,sz300229,18.23,17.86,18.3,15363200.0,18.22,7900,18.23,86300,2.07,18.36,18.02,15363200,278960000.0,1.76,1.9,159.15,159.26,21.43,14.29,0.83
宿迁联盛,sh603065,8.19,8.13,8.23,3936200.0,8.18,4700,8.19,21400,0.74,8.27,8.09,3936200,32240000.0,0.94,2.21,34.31,34.31,8.94,7.32,0.8
汇川技术,sz300124,68.22,67.0,68.5,12598200.0,68.22,4000,68.23,38600,1.82,68.66,67.67,12598200,858510000.0,0.53,1.48,1636.3,1846.87,80.4,53.6,0.81
国元证券,sz000728,7.73,7.67,7.75,19498100.0,7.73,111000,7.74,341800,0.78,7.8,7.69,19498100,150850000.0,0.45,1.43,337.32,337.32,8.44,6.9,0.68
奇德新材,sz300995,35.03,34.28,34.68,2113300.0,35.03,400,35.05,3500,2.19,35.31,34.3,2113300,73750000.0,3.52,2.95,21.03,29.48,41.14,27.42,1.37
衢州东峰,sh601515,4.55,4.14,4.22,78513600.0,4.55,11791700,0.0,0,9.9,4.55,4.13,78513600,343980000.0,4.08,10.14,87.56,87.56,4.55,3.73,2.01
瑞华技术,bj920099,30.83,30.26,31.38,882300.0,30.82,2000,30.83,900,1.88,32.02,30.82,882300,27728000.0,1.81,3.97,15.06,24.17,39.33,21.19,1.11
怡合达,sz301029,23.37,22.83,23.4,7142000.0,23.37,400,23.38,13500,2.37,23.5,23.0,7142000,166100000.0,1.55,2.19,107.94,148.21,27.4,18.26,0.98
中船防务,sh600685,28.68,28.58,28.99,10840100.0,28.68,3400,28.69,10100,0.35,29.2,28.57,10840100,311890000.0,1.32,2.2,235.59,405.39,31.44,25.72,0.85
三棵树,sh603737,51.61,50.7,51.0,3699400.0,51.61,2400,51.62,4400,1.79,51.79,50.51,3699400,189680000.0,0.5,2.52,380.79,380.79,55.77,45.63,0.96
福赛科技,sz301529,117.74,114.33,117.0,3466700.0,117.74,900,117.77,100,2.98,122.28,114.43,3466700,408240000.0,7.66,6.87,53.26,99.89,137.2,91.46,0.89
新巨丰,sz301296,7.85,7.7,7.8,2763000.0,7.85,33800,7.86,71100,1.95,7.89,7.76,2763000,21600000.0,0.65,1.69,33.34,33.35,9.24,6.16,0.97
诺力股份,sh603611,20.5,20.28,20.56,3927200.0,20.5,5300,20.51,8200,1.08,20.68,20.4,3927200,80520000.0,1.52,1.38,52.81,52.81,22.31,18.25,0.87
华大九天,sz301269,83.14,81.12,82.53,2799000.0,83.14,300,83.15,10700,2.49,83.38,82.36,2799000,232100000.0,0.51,1.26,453.48,453.48,97.34,64.9,1.06
中原高速,sh600020,3.88,3.87,3.91,12553100.0,3.88,24900,3.89,527900,0.26,3.93,3.87,12553100,48810000.0,0.56,1.55,87.2,87.2,4.26,3.48,0.73
创新新材,sh600361,4.15,4.14,4.2,55305200.0,4.15,11500,4.16,653900,0.24,4.22,4.12,55305200,229500000.0,1.48,2.42,154.91,154.91,4.55,3.73,0.75
铁龙物流,sh600125,6.81,6.93,6.95,32613800.0,6.81,398700,6.82,37800,-1.73,7.0,6.8,32613800,223080000.0,2.5,2.89,88.91,88.91,7.62,6.24,0.66
中兵红箭,sz000519,16.96,16.85,17.27,21169400.0,16.95,42300,16.96,37500,0.65,17.33,16.86,21169400,360270000.0,1.52,2.79,236.18,236.18,18.54,15.17,0.5
溢多利,sz300381,6.67,6.55,6.63,9534000.0,6.66,1700,6.67,53200,1.83,6.74,6.53,9534000,63430000.0,1.95,3.21,32.64,32.75,7.86,5.24,1.05
天宇股份,sz300702,23.39,23.38,23.51,7162300.0,23.39,800,23.42,1700,0.04,23.7,22.71,7162300,167140000.0,3.39,4.23,49.39,81.39,28.06,18.7,1.35
宏发股份,sh600885,28.15,27.76,28.14,16734600.0,28.15,14800,28.16,34300,1.4,28.3,27.9,16734600,470380000.0,1.08,1.44,435.65,435.65,30.54,24.98,1.2
上海电影,sh601595,24.73,23.85,24.3,6662700.0,24.73,200,24.74,400,3.69,24.88,23.73,6662700,161540000.0,1.49,4.82,110.84,110.84,26.24,21.47,1.62
新亚强,sh603155,15.73,15.48,15.91,2470800.0,15.72,45200,15.73,200,1.61,15.92,15.56,2470800,38780000.0,0.78,2.33,49.67,49.67,17.03,13.93,0.64
龙源电力,sz001289,16.19,16.68,16.81,16495700.0,16.18,4700,16.19,3300,-2.94,16.99,16.1,16495700,269960000.0,0.33,5.34,816.29,1353.45,18.35,15.01,1.22
中科三环,sz000970,11.74,11.54,11.72,16327300.0,11.73,38100,11.74,3900,1.73,11.84,11.62,16327300,191040000.0,1.34,1.91,142.73,142.73,12.69,10.39,0.79
天融信,sz002212,7.49,7.31,7.49,19876900.0,7.49,192600,7.5,282900,2.46,7.53,7.4,19876900,148530000.0,1.7,1.78,87.4,88.34,8.04,6.58,1.11
三美股份,sh603379,62.55,61.63,62.7,5929700.0,62.53,300,62.55,4400,1.49,63.1,61.32,5929700,369650000.0,0.97,2.89,381.85,381.85,67.79,55.47,1.12
诺思兰德,bj920047,25.25,24.2,24.38,4018200.0,25.25,16500,25.26,25300,4.34,25.26,24.3,4018200,99988000.0,2.23,3.97,45.48,69.25,31.46,16.94,1.62
飞南资源,sz301500,19.84,19.26,19.88,8543300.0,19.84,6000,19.85,17400,3.01,20.06,19.5,8543300,169140000.0,5.93,2.91,28.58,111.49,23.11,15.41,0.75
科瑞思,sz301314,45.79,44.79,46.0,867100.0,45.78,100,45.87,100,2.23,46.43,45.35,867100,39760000.0,4.75,2.41,8.36,25.3,53.75,35.83,0.94
中钢国际,sz000928,6.77,6.84,7.3,67335100.0,6.76,474000,6.77,2700,-1.02,7.48,6.75,67335100,475450000.0,4.69,10.67,97.12,97.13,7.52,6.16,2.58
南极光,sz300940,22.17,21.71,22.18,2985200.0,22.16,47200,22.17,8100,2.12,22.44,21.8,2985200,65750000.0,1.9,2.95,34.91,49.36,26.05,17.37,1.08
惠城环保,sz300779,96.75,91.32,92.43,9431400.0,96.75,23200,96.76,2100,5.95,97.71,91.75,9431400,902080000.0,5.86,6.53,155.81,194.4,109.58,73.06,1.59
深圳能源,sz000027,6.9,6.95,7.02,65277900.0,6.9,399300,6.91,98800,-0.72,7.05,6.86,65277900,452360000.0,1.37,2.73,328.26,328.26,7.65,6.26,0.43
超频三,sz300647,6.09,5.99,6.15,7767500.0,6.09,61100,6.1,23600,1.67,6.19,6.03,7767500,47380000.0,1.7,2.67,27.81,27.85,7.19,4.79,0.79
ST任子行,sz300311,5.16,5.1,5.18,7523900.0,5.16,82000,5.17,155100,1.18,5.21,5.13,7523900,38790000.0,1.4,1.57,27.73,34.76,6.12,4.08,0.78
常青科技,sh603125,17.29,16.99,17.22,1881300.0,17.29,4900,17.3,400,1.77,17.45,17.18,1881300,32560000.0,1.86,1.59,17.5,70.0,18.69,15.29,0.98
宇信科技,sz300674,20.27,20.0,20.3,8211500.0,20.27,21200,20.28,30900,1.35,20.47,20.15,8211500,166670000.0,1.17,1.6,142.5,142.71,24.0,16.0,0.74
西南证券,sh600369,4.19,4.15,4.2,34121700.0,4.18,611800,4.19,173000,0.96,4.21,4.14,34121700,142580000.0,0.51,1.69,278.43,278.43,4.57,3.74,0.76
森林包装,sh605500,9.08,9.08,9.12,6205100.0,9.08,6400,9.09,54400,0.0,9.22,8.82,6205100,55960000.0,1.5,4.41,37.63,37.63,9.99,8.17,1.56
中复神鹰,sh688295,53.8,55.05,56.66,2120431700.0,53.79,800,53.8,113900,-2.27,57.98,53.38,2120431700,1171290000.0,2.36,8.36,484.2,484.2,66.06,44.04,0.87
太阳能,sz000591,5.56,5.48,5.6,84445000.0,5.56,798300,5.57,506700,1.46,5.63,5.5,84445000,469350000.0,2.15,2.37,218.15,218.2,6.03,4.93,0.41
江西铜业,sh600362,44.55,43.0,44.29,35612300.0,44.54,2900,44.55,59300,3.6,45.23,43.8,35612300,1580110000.0,1.72,3.33,924.52,1542.65,47.3,38.7,1.19
海康威视,sz002415,30.72,30.42,30.75,21174900.0,30.72,600,30.73,116300,0.99,30.84,30.52,21174900,649690000.0,0.23,1.05,2779.06,2815.45,33.46,27.38,0.77
新 和 成,sz002001,34.34,34.55,34.65,38168500.0,34.34,6900,34.35,5900,-0.61,35.0,34.2,38168500,1314980000.0,1.26,2.32,1042.86,1055.41,38.01,31.1,0.87
易点天下,sz301171,45.07,45.93,46.74,43230700.0,45.06,27800,45.07,42000,-1.87,46.88,44.5,43230700,1952980000.0,11.31,5.18,172.24,212.68,55.12,36.74,1.91
广州发展,sh600098,7.11,7.14,7.19,51139800.0,7.11,70000,7.12,53200,-0.42,7.23,7.01,51139800,362300000.0,1.46,3.08,249.27,249.27,7.85,6.43,0.71
亚太科技,sz002540,6.59,6.49,6.59,14145400.0,6.58,30600,6.59,21400,1.54,6.63,6.52,14145400,93020000.0,1.62,1.69,57.45,82.45,7.14,5.84,0.95
理工导航,sh688282,71.27,63.66,65.6,244656700.0,71.2,500,71.27,1000,11.95,71.77,64.37,244656700,168290000.0,2.78,11.62,62.72,62.72,76.39,50.93,2.46
柳药集团,sh603368,17.2,16.99,17.07,4706600.0,17.2,7600,17.21,21500,1.24,17.21,16.9,4706600,80510000.0,1.18,1.82,68.32,68.32,18.69,15.29,1.4
和元生物,sh688238,7.23,6.71,6.8,1863953000.0,7.22,67000,7.23,111900,7.75,7.23,6.75,1863953000,131590000.0,2.91,7.15,46.35,46.93,8.05,5.37,1.54
粤电力Ａ,sz000539,5.85,5.89,5.98,133439100.0,5.85,112400,5.86,190300,-0.68,6.06,5.77,133439100,784080000.0,5.22,4.92,149.49,307.14,6.48,5.3,0.54
法拉电子,sh600563,129.55,124.91,127.76,10660300.0,129.55,1300,129.56,200,3.71,132.88,125.53,10660300,1382660000.0,4.74,5.88,291.49,291.49,137.4,112.42,0.82
中工国际,sz002051,9.01,8.96,9.86,95411400.0,9.01,229300,9.02,189500,0.56,9.86,8.97,95411400,902590000.0,7.71,9.93,111.48,111.49,9.86,8.06,3.46
建设银行,sh601939,9.45,9.65,9.58,122939000.0,9.45,104400,9.46,7800,-2.07,9.67,9.43,122939000,1171650000.0,1.28,2.49,906.6,24721.24,10.62,8.69,1.25
呈和科技,sh688625,54.5,53.18,55.5,149407100.0,54.44,2100,54.5,8000,2.48,55.5,53.22,149407100,80720000.0,0.79,4.29,102.63,102.63,63.82,42.54,0.67
博迈科,sh603727,20.89,18.99,19.04,13183600.0,20.89,3607900,0.0,0,10.01,20.89,19.04,13183600,266370000.0,4.68,9.74,58.85,58.85,20.89,17.09,0.76
和仁科技,sz300550,12.25,12.02,12.25,3301400.0,12.25,11300,12.26,1100,1.91,12.3,12.16,3301400,40390000.0,1.26,1.16,32.13,32.16,14.42,9.62,0.96
吉祥航空,sh603885,12.31,11.99,12.16,24362200.0,12.31,48200,12.32,206200,2.67,12.5,12.07,24362200,299200000.0,1.12,3.59,268.85,268.85,13.19,10.79,0.86
双元科技,sh688623,87.32,84.92,86.62,53376500.0,87.11,500,87.32,1100,2.83,87.99,85.17,53376500,46210000.0,2.79,3.32,16.72,51.64,101.9,67.94,1.06
山东威达,sz002026,12.99,12.73,12.95,5457800.0,12.99,15500,13.0,77600,2.04,13.05,12.87,5457800,70710000.0,1.24,1.41,57.22,57.23,14.0,11.46,1.14
安徽建工,sh600502,5.55,5.63,6.03,301977300.0,5.55,682600,5.56,1127400,-1.42,6.19,5.55,301977300,1787990000.0,17.59,11.37,95.27,95.27,6.19,5.07,4.9
兴欣新材,sz001358,25.97,25.27,25.73,1653200.0,25.97,1900,26.08,300,2.77,26.16,25.6,1653200,42900000.0,3.33,2.22,12.91,32.0,27.8,22.74,1.33
江阴银行,sz002807,4.54,4.54,4.57,37156200.0,4.54,20200,4.55,761900,0.0,4.58,4.52,37156200,169070000.0,1.51,1.32,111.59,111.75,4.99,4.09,0.91
艾为电子,sh688798,67.31,65.6,66.9,149483700.0,67.3,4600,67.31,6700,2.61,67.42,66.6,149483700,100280000.0,1.1,1.25,91.37,156.92,78.72,52.48,0.98
山高环能,sz000803,8.51,8.42,8.48,12015300.0,8.51,8400,8.52,109300,1.07,8.7,8.4,12015300,102580000.0,2.61,3.56,39.13,39.68,9.26,7.58,0.6
苏州固锝,sz002079,9.49,9.31,9.47,13835800.0,9.48,385400,9.49,274600,1.93,9.49,9.35,13835800,130560000.0,1.71,1.5,76.85,76.93,10.24,8.38,0.77
必易微,sh688045,44.47,42.42,43.88,186413900.0,44.44,1300,44.47,400,4.83,44.77,43.63,186413900,82510000.0,2.67,2.69,31.06,31.06,50.9,33.94,1.47
华致酒行,sz300755,13.17,12.94,13.34,5547200.0,13.17,11400,13.18,7900,1.78,13.34,12.94,5547200,72860000.0,1.33,3.09,54.85,54.89,15.53,10.35,1.4
丽岛新材,sh603937,15.27,13.88,13.9,16878700.0,15.27,3889500,0.0,0,10.01,15.27,13.9,16878700,247330000.0,8.08,9.87,31.9,31.9,15.27,12.49,0.75
渤海轮渡,sh603167,9.36,9.25,9.32,4886600.0,9.34,109400,9.36,76900,1.19,9.4,9.32,4886600,45730000.0,1.04,0.86,43.91,43.91,10.18,8.33,0.85
中国能建,sh601868,2.92,2.9,2.95,686459700.0,2.91,10508800,2.92,13566300,0.69,2.98,2.88,686459700,2001410000.0,2.12,3.45,946.92,1217.38,3.19,2.61,0.53
新疆天业,sh600075,7.0,7.28,7.2,36229100.0,6.99,307700,7.0,128700,-3.85,7.29,6.98,36229100,255500000.0,2.12,4.26,119.52,119.52,8.01,6.55,0.86
嘉亨家化,sz300955,38.24,37.26,38.5,4635700.0,38.24,26600,38.27,4800,2.63,39.1,36.72,4635700,176560000.0,4.6,6.39,38.55,38.55,44.71,29.81,1.04
广联航空,sz300900,40.05,38.6,39.35,48502500.0,40.05,93100,40.06,33100,3.76,41.6,39.06,48502500,1950270000.0,18.89,6.58,102.84,131.25,46.32,30.88,1.06
鲁  泰Ａ,sz000726,7.1,7.02,7.08,6785800.0,7.1,17800,7.11,56200,1.14,7.12,7.05,6785800,48090000.0,1.15,1.0,41.83,58.03,7.72,6.32,0.91
*ST三圣,sz002742,4.49,4.47,4.48,4180400.0,4.49,5800,4.5,102700,0.45,4.53,4.42,4180400,18740000.0,0.8,2.46,23.53,30.72,4.69,4.25,0.78
亚太药业,sz002370,7.7,7.43,7.22,136694300.0,7.69,571500,7.7,1967500,3.63,7.78,7.08,136694300,1024170000.0,18.33,9.42,57.42,57.42,8.17,6.69,2.49
圆通速递,sh600233,20.3,20.15,20.65,14832800.0,20.29,300,20.3,39300,0.74,20.81,20.2,14832800,303540000.0,0.43,3.03,694.78,694.78,22.17,18.14,0.71
罗莱生活,sz002293,10.23,10.02,10.12,8729500.0,10.21,15400,10.23,2000,2.1,10.29,10.02,8729500,89080000.0,1.06,2.69,84.56,85.3,11.02,9.02,1.28
浙矿股份,sz300837,36.52,35.85,36.51,1415700.0,36.5,1800,36.52,2700,1.87,37.05,36.12,1415700,51550000.0,1.87,2.59,27.61,36.52,43.02,28.68,0.72
亿联网络,sz300628,32.9,32.74,33.15,5371600.0,32.89,9000,32.9,3600,0.49,33.22,32.54,5371600,176430000.0,0.74,2.08,238.75,416.75,39.29,26.19,0.77
北方铜业,sz000737,13.58,13.29,13.69,36096000.0,13.57,123800,13.58,349100,2.18,13.78,13.43,36096000,489930000.0,1.9,2.63,258.64,258.66,14.62,11.96,1.01
兴业证券,sh601377,5.94,5.87,5.95,66310400.0,5.93,567200,5.94,427900,1.19,5.97,5.89,66310400,393120000.0,0.77,1.36,512.98,512.98,6.46,5.28,0.9
南模生物,sh688265,43.47,41.03,40.3,121020000.0,43.45,2800,43.47,200,5.95,43.58,40.3,121020000,51510000.0,1.55,7.99,33.89,33.89,49.24,32.82,2.12
紫江企业,sh600210,6.95,6.89,6.96,17023900.0,6.94,49800,6.95,7300,0.87,6.98,6.87,17023900,117920000.0,1.12,1.6,105.41,105.41,7.58,6.2,0.97
利源股份,sz002501,1.98,2.07,2.05,174013500.0,1.97,1100900,1.98,271600,-4.35,2.06,1.95,174013500,345250000.0,4.91,5.31,70.22,70.29,2.28,1.86,1.38
大洋生物,sz003017,30.61,30.45,30.95,1692800.0,30.6,1000,30.61,15700,0.53,31.15,30.4,1692800,51940000.0,2.44,2.46,21.21,25.71,33.5,27.41,1.0
招商公路,sz001965,9.82,9.86,9.9,10986000.0,9.82,2400,9.83,61200,-0.41,9.93,9.77,10986000,108090000.0,0.16,1.62,667.28,667.28,10.85,8.87,0.79
华谊集团,sh600623,9.66,9.64,9.64,20039100.0,9.66,21200,9.67,12200,0.21,9.8,9.44,20039100,193330000.0,1.07,3.73,181.22,205.07,10.6,8.68,0.81
博拓生物,sh688767,32.05,31.12,31.35,105046600.0,32.04,200,32.05,3200,2.99,32.14,31.35,105046600,33480000.0,0.7,2.54,47.86,47.86,37.34,24.9,1.06
雅运股份,sh603790,21.92,22.0,22.55,3914600.0,21.92,5200,21.94,100,-0.36,22.85,21.7,3914600,86710000.0,2.05,5.23,41.95,41.95,24.2,19.8,1.04
金海通,sh603061,278.88,270.33,279.92,3284600.0,278.73,100,278.88,3100,3.16,297.0,272.07,3284600,919350000.0,5.47,9.22,167.33,167.33,297.36,243.3,1.29
航天信息,sh600271,8.61,8.57,8.66,13759100.0,8.6,78100,8.61,52800,0.47,8.72,8.53,13759100,118450000.0,0.74,2.22,159.53,159.53,9.43,7.71,0.79
长江电力,sh600900,26.88,27.04,27.12,90608200.0,26.88,104800,26.89,295400,-0.59,27.12,26.84,90608200,2440210000.0,0.37,1.04,6577.06,6577.06,29.74,24.34,1.17
晶升股份,sh688478,29.43,28.63,29.37,134333900.0,29.38,11900,29.43,4000,2.79,29.5,28.93,134333900,39270000.0,1.3,1.99,30.43,40.72,34.36,22.9,0.81
中远海发,sh601866,2.72,2.7,2.72,111709400.0,2.72,1633100,2.73,1942500,0.74,2.79,2.71,111709400,305900000.0,1.15,2.96,265.25,358.98,2.97,2.43,0.8
凯因科技,sh688687,21.22,20.05,20.43,685807200.0,21.21,1800,21.22,19100,5.84,21.35,20.2,685807200,143490000.0,4.01,5.74,36.27,36.27,24.06,16.04,2.24
腾亚精工,sz301125,19.94,19.32,19.62,2970300.0,19.93,1100,19.94,4800,3.21,20.24,19.4,2970300,59000000.0,2.36,4.35,25.06,28.27,23.18,15.46,1.0
海泰新能,bj920985,7.15,7.01,7.25,4323600.0,7.15,15100,7.16,12800,2.0,7.29,7.05,4323600,30860000.0,1.97,3.42,15.68,22.13,9.11,4.91,0.53
鑫铂股份,sz003038,14.45,14.4,14.67,3530900.0,14.45,2500,14.46,19600,0.35,14.69,14.36,3530900,51080000.0,2.16,2.29,23.59,35.21,15.84,12.96,0.74
杭州银行,sh600926,16.77,16.75,16.81,23372600.0,16.77,107900,16.78,3000,0.12,16.95,16.71,23372600,393350000.0,0.32,1.43,1215.66,1215.66,18.43,15.08,1.06
华亚智能,sz003043,55.79,55.7,56.7,3293400.0,55.79,700,55.8,11800,0.16,56.8,55.02,3293400,183410000.0,3.93,3.2,46.77,74.66,61.27,50.13,0.65
海天股份,sh603759,9.76,9.96,10.01,10860000.0,9.76,80500,9.77,29600,-2.01,10.12,9.65,10860000,106160000.0,2.35,4.72,45.07,45.07,10.96,8.96,0.63
金三江,sz301059,13.66,13.39,13.6,2369100.0,13.65,19000,13.66,51900,2.02,13.67,13.46,2369100,32160000.0,1.15,1.57,28.24,31.58,16.07,10.71,0.75
东方盛虹,sz000301,10.89,10.65,10.8,22516300.0,10.88,60000,10.89,133600,2.25,10.95,10.66,22516300,243800000.0,0.34,2.72,719.67,719.96,11.72,9.59,1.02
白云山,sh600332,23.07,22.86,22.99,13910900.0,23.07,59500,23.08,119200,0.92,23.09,22.83,13910900,319750000.0,0.99,1.14,324.34,375.07,25.15,20.57,1.09
天津普林,sz002134,20.59,20.08,20.35,5903200.0,20.58,7200,20.59,5200,2.54,21.04,20.35,5903200,122030000.0,2.4,3.44,50.73,50.76,22.09,18.07,0.87
中煤能源,sh601898,17.26,17.2,17.06,62474400.0,17.26,32700,17.27,800,0.35,17.6,16.79,62474400,1082990000.0,0.68,4.71,1579.64,2288.45,18.92,15.48,1.06
九洲药业,sh603456,17.74,17.22,17.31,30209500.0,17.74,10700,17.75,155000,3.02,17.76,17.03,30209500,529340000.0,3.4,4.24,157.79,157.79,18.94,15.5,1.82
安克创新,sz300866,108.66,108.19,110.35,6098200.0,108.65,8800,108.66,300,0.43,110.68,106.95,6098200,663510000.0,1.98,3.45,334.05,582.59,129.83,86.55,0.7
中国海诚,sz002116,10.37,10.28,10.46,6125900.0,10.37,400,10.38,13500,0.88,10.67,10.27,6125900,63850000.0,1.33,3.89,47.77,48.3,11.31,9.25,1.2
奥士康,sz002913,48.09,47.84,47.96,7136300.0,48.09,32600,48.1,12100,0.52,49.38,47.68,7136300,345940000.0,2.37,3.55,145.08,152.62,52.62,43.06,1.08
龙泉股份,sz002671,5.41,5.48,5.57,13388500.0,5.4,18700,5.41,39400,-1.28,5.65,5.34,13388500,72850000.0,2.43,5.66,29.81,30.47,6.03,4.93,1.3
彩蝶实业,sh603073,20.12,19.73,20.16,1778200.0,20.09,2300,20.12,700,1.98,20.37,19.85,1778200,35870000.0,3.49,2.64,10.24,23.34,21.7,17.76,0.8
汇得科技,sh603192,23.94,23.22,23.49,1714700.0,23.94,1300,23.95,1600,3.1,24.22,23.49,1714700,40950000.0,1.23,3.14,33.37,40.07,25.54,20.9,1.71
中达安,sz300635,13.87,13.74,14.14,3988900.0,13.87,13000,13.88,47000,0.95,14.24,13.64,3988900,55160000.0,3.31,4.37,16.7,19.42,16.49,10.99,0.64
东北制药,sz000597,5.51,5.33,5.37,38024900.0,5.5,101600,5.51,42900,3.38,5.52,5.3,38024900,206860000.0,2.7,4.13,77.65,78.63,5.86,4.8,2.05
肯特催化,sh603120,38.85,38.23,38.8,1025200.0,38.83,2400,38.85,4700,1.62,39.49,38.62,1025200,40090000.0,4.54,2.28,8.78,35.12,42.05,34.41,0.82
山河药辅,sz300452,15.48,14.96,15.17,6767600.0,15.47,17600,15.48,15500,3.48,15.49,15.02,6767600,103840000.0,3.41,3.14,30.75,36.29,17.95,11.97,1.37
屹通新材,sz300930,29.25,28.01,28.75,3011600.0,29.23,300,29.25,300,4.43,29.79,28.57,3011600,88070000.0,6.39,4.36,13.78,29.25,33.61,22.41,1.76
华策影视,sz300133,7.36,7.19,7.34,39991100.0,7.35,403500,7.36,154600,2.36,7.38,7.26,39991100,292640000.0,2.48,1.67,118.66,138.98,8.63,5.75,1.22
富煌钢构,sz002743,5.5,5.49,5.6,6204200.0,5.5,40400,5.51,4900,0.18,5.66,5.44,6204200,34290000.0,1.43,4.01,23.9,23.94,6.04,4.94,0.78
天山股份,sz000877,5.04,5.02,5.06,9615900.0,5.04,408300,5.05,18700,0.4,5.12,4.99,9615900,48540000.0,0.14,2.59,358.37,358.37,5.52,4.52,0.71
大华股份,sz002236,17.02,16.85,17.14,20403800.0,17.01,20600,17.02,139200,1.01,17.17,16.91,20403800,346740000.0,0.96,1.54,360.14,559.41,18.54,15.17,1.03
兖矿能源,sh600188,19.01,19.35,19.0,86486500.0,19.01,700,19.02,30200,-1.76,19.67,18.74,86486500,1660310000.0,1.45,4.81,1133.25,1908.13,21.29,17.42,1.15
农心科技,sz001231,23.99,23.53,23.88,1558500.0,23.98,4100,23.99,26800,1.95,24.08,23.55,1558500,37110000.0,3.07,2.25,12.2,23.98,25.88,21.18,0.96
长江证券,sz000783,6.99,6.86,6.97,38557100.0,6.99,31200,7.0,1195200,1.9,7.0,6.93,38557100,268970000.0,0.7,1.02,386.55,386.55,7.55,6.17,0.96
众源新材,sh603527,11.15,11.16,11.31,10267400.0,11.15,20200,11.16,7000,-0.09,11.48,11.03,10267400,114580000.0,3.24,4.03,35.34,35.34,12.28,10.04,0.6
中国黄金,sh600916,9.55,9.48,9.63,25553300.0,9.54,129500,9.55,103900,0.74,9.68,9.46,25553300,244190000.0,1.52,2.32,160.44,160.44,10.43,8.53,0.73
邮储银行,sh601658,5.11,5.13,5.15,130281600.0,5.1,2262700,5.11,23100,-0.39,5.18,5.09,130281600,668680000.0,0.18,1.75,3706.17,6136.86,5.64,4.62,0.93
中国通号,sh688009,5.47,5.68,5.73,9222939800.0,5.46,540300,5.47,54800,-3.7,5.77,5.43,9222939800,509560000.0,1.07,5.99,471.57,579.26,6.82,4.54,2.09
井松智能,sh688251,36.2,36.71,37.0,255122600.0,36.2,16200,36.22,2900,-1.39,37.25,35.56,255122600,92530000.0,4.25,4.6,21.71,36.42,44.05,29.37,0.7
天原股份,sz002386,5.89,5.98,6.1,49700100.0,5.89,156300,5.9,69800,-1.51,6.12,5.86,49700100,294170000.0,3.82,4.35,76.65,76.67,6.58,5.38,0.81
省广集团,sz002400,8.85,8.53,8.69,196681400.0,8.84,1302000,8.85,367800,3.75,9.19,8.53,196681400,1729430000.0,11.39,7.74,152.77,154.29,9.38,7.68,3.87
双象股份,sz002395,17.98,18.49,18.61,7050700.0,17.97,2500,17.98,1600,-2.76,18.7,17.81,7050700,127680000.0,2.63,4.81,48.22,48.22,20.34,16.64,1.07
神力股份,sh603819,13.98,13.03,13.1,32659600.0,13.98,39500,13.99,15300,7.29,14.33,13.0,32659600,456540000.0,15.0,10.21,30.44,30.44,14.33,11.73,3.04
悦达投资,sh600805,5.21,5.21,5.28,18978900.0,5.2,219400,5.21,264400,0.0,5.32,5.16,18978900,98900000.0,2.23,3.07,44.3,44.33,5.73,4.69,0.81
昊帆生物,sz301393,54.65,52.01,53.11,3702800.0,54.64,200,54.65,1600,5.08,55.08,52.05,3702800,199680000.0,8.79,5.83,23.01,59.02,62.41,41.61,2.9
澜起科技,sh688008,129.97,125.28,130.0,3423062700.0,129.96,2100,129.97,6200,3.74,131.12,127.27,3423062700,4427750000.0,2.99,3.07,1490.01,1588.49,150.34,100.22,1.2
正业科技,sz300410,8.07,7.93,8.12,7777000.0,8.06,4500,8.07,79000,1.77,8.16,8.0,7777000,62750000.0,2.12,2.02,29.63,29.63,9.52,6.34,0.72
金力永磁,sz300748,31.6,30.69,31.37,31229100.0,31.59,95100,31.6,118400,2.97,31.8,31.1,31229100,985360000.0,2.76,2.28,357.09,434.69,36.83,24.55,1.28
森源电气,sz002358,7.43,7.33,7.5,23144900.0,7.43,58300,7.44,95200,1.36,7.55,7.36,23144900,172370000.0,2.49,2.59,69.08,69.08,8.06,6.6,0.66
力芯微,sh688601,55.01,52.4,54.07,557402000.0,55.01,200,55.02,500,4.98,55.3,53.46,557402000,303080000.0,4.17,3.51,73.54,73.54,62.88,41.92,1.14
美诺华,sh603538,39.79,40.9,40.9,87532500.0,39.78,6700,39.79,12100,-2.71,41.72,36.81,87532500,3427270000.0,40.49,12.0,86.02,87.72,44.99,36.81,2.52
江南水务,sh601199,5.73,5.73,5.8,6553800.0,5.73,121300,5.74,128600,0.0,5.81,5.69,6553800,37640000.0,0.7,2.09,53.59,53.59,6.3,5.16,0.74
华生科技,sh605180,14.82,14.65,14.82,1531600.0,14.82,2300,14.83,6900,1.16,15.02,14.67,1531600,22740000.0,0.91,2.39,25.05,25.05,16.12,13.19,0.88
方大炭素,sh600516,5.72,5.7,5.76,49740700.0,5.72,169200,5.73,235700,0.35,5.79,5.67,49740700,284410000.0,1.24,2.11,230.29,230.29,6.27,5.13,0.69
金山办公,sh688111,242.63,233.56,238.0,544583000.0,242.62,600,242.63,400,3.88,243.57,234.8,544583000,1305720000.0,1.18,3.75,1124.28,1124.28,280.27,186.85,1.21
康众医疗,sh688607,63.13,59.48,60.79,315279400.0,63.13,1100,63.14,1000,6.14,63.33,59.21,315279400,194160000.0,3.58,6.93,55.64,55.64,71.38,47.58,1.32
晋控电力,sz000767,3.9,4.23,4.19,410957700.0,3.9,3045500,3.91,322400,-7.8,4.25,3.86,410957700,1632570000.0,14.11,9.22,113.58,120.0,4.65,3.81,1.1
迪森股份,sz300335,7.34,7.46,7.44,47844200.0,7.34,28200,7.35,159800,-1.61,7.49,7.16,47844200,349090000.0,12.45,4.42,28.2,35.01,8.95,5.97,0.45
海 利 得,sz002206,6.22,6.06,6.19,21645500.0,6.22,164400,6.23,44900,2.64,6.29,6.15,21645500,134590000.0,2.54,2.31,53.06,72.29,6.67,5.45,1.22
平安银行,sz000001,11.15,11.08,11.09,91892500.0,11.15,98600,11.16,580800,0.63,11.23,11.08,91892500,1025540000.0,0.47,1.35,2163.72,2163.76,12.19,9.97,1.08
新中港,sh605162,12.77,11.61,11.8,54830700.0,12.77,2205700,0.0,0,9.99,12.77,11.13,54830700,664230000.0,13.69,14.13,51.15,51.15,12.77,10.45,1.82
安路科技,sh688107,30.01,30.0,30.77,748227300.0,30.01,5300,30.05,500,0.03,30.94,29.8,748227300,226760000.0,1.87,3.8,120.29,120.29,36.0,24.0,0.84
金浦钛业,sz000545,3.2,3.16,3.25,54178100.0,3.2,644500,3.21,1170100,1.27,3.3,3.17,54178100,174210000.0,5.5,4.11,31.53,31.58,3.48,2.84,0.64
天和防务,sz300397,11.58,11.49,11.68,8200800.0,11.57,158500,11.58,28900,0.78,11.76,11.5,8200800,94870000.0,2.02,2.26,46.96,59.94,13.79,9.19,0.57
广康生化,sz300804,45.27,45.8,44.85,2322200.0,45.27,200,45.29,100,-1.16,46.38,44.06,2322200,104790000.0,8.44,5.07,12.45,33.5,54.96,36.64,1.01
新经典,sh603096,17.59,17.36,17.5,1306200.0,17.58,800,17.59,8500,1.32,17.7,17.4,1306200,22940000.0,0.85,1.73,27.13,27.13,19.1,15.62,0.8
翔腾新材,sz001373,34.92,34.5,35.54,1535600.0,34.92,2000,35.1,100,1.22,35.54,34.55,1535600,53780000.0,4.63,2.87,11.57,23.99,37.95,31.05,1.03
必贝特-U,sh688759,42.0,36.65,36.8,788701000.0,42.0,9700,42.01,26900,14.6,42.83,36.5,788701000,316740000.0,16.98,17.27,19.51,189.02,43.98,29.32,2.46
智迪科技,sz301503,35.65,34.93,35.6,968000.0,35.61,3000,35.65,1800,2.06,36.92,35.16,968000,34610000.0,2.98,5.04,11.58,28.52,41.92,27.94,1.16
顺丰控股,sz002352,38.09,38.04,38.42,25909200.0,38.09,22800,38.1,29800,0.13,38.66,37.92,25909200,987340000.0,0.54,1.95,1816.9,1919.52,41.84,34.24,1.03
日上集团,sz002593,5.47,5.44,5.53,13857400.0,5.47,5000,5.48,108300,0.55,5.55,5.42,13857400,75760000.0,2.48,2.39,30.57,43.97,5.98,4.9,1.04
深高速,sh600548,9.39,9.34,9.34,6035600.0,9.38,157800,9.39,19900,0.54,9.4,9.27,6035600,56360000.0,0.35,1.39,160.98,238.3,10.27,8.41,0.42
普莱得,sz301353,27.2,26.93,27.5,837500.0,27.2,1800,27.24,2700,1.0,27.58,26.99,837500,22860000.0,2.63,2.19,8.67,26.71,32.32,21.54,0.81
贵阳银行,sh601997,5.82,5.82,5.83,23618600.0,5.81,148200,5.82,240900,0.0,5.85,5.79,23618600,137450000.0,0.65,1.03,212.79,212.79,6.4,5.24,0.71
三元生物,sz301206,26.35,25.87,26.12,754800.0,26.35,1700,26.36,900,1.86,26.37,26.0,754800,19810000.0,0.58,1.43,34.33,53.31,31.04,20.7,0.91
昱能科技,sh688348,58.3,58.0,58.9,416701400.0,58.29,1200,58.3,1800,0.52,59.99,56.6,416701400,243020000.0,2.67,5.84,91.11,91.11,69.6,46.4,0.57
创业环保,sh600874,6.12,6.08,6.14,12654300.0,6.11,87500,6.12,133600,0.66,6.18,6.08,12654300,77300000.0,1.03,1.64,75.3,96.11,6.69,5.47,0.54
中国中冶,sh601618,3.01,3.0,3.03,114994600.0,3.01,5510300,3.02,9970500,0.33,3.04,3.0,114994600,346430000.0,0.64,1.33,537.36,623.78,3.3,2.7,0.78
台华新材,sh603055,9.37,9.39,9.54,9242200.0,9.37,44900,9.39,8000,-0.21,9.63,9.31,9242200,87280000.0,1.04,3.41,83.12,83.42,10.33,8.45,1.06
诺瓦星云,sz301589,163.29,160.03,162.92,558900.0,163.0,100,163.29,300,2.04,165.53,162.18,558900,91390000.0,1.62,2.09,56.28,150.96,192.04,128.02,1.31
塔牌集团,sz002233,9.4,9.37,9.46,7581800.0,9.4,5000,9.41,200,0.32,9.52,9.34,7581800,71290000.0,0.65,1.92,110.29,110.37,10.31,8.43,0.78
中荣股份,sz301223,19.36,19.0,19.25,1725500.0,19.35,2000,19.36,4500,1.89,19.46,19.14,1725500,33340000.0,1.54,1.68,21.69,37.39,22.8,15.2,0.8
周大生,sz002867,11.96,11.94,12.04,5306000.0,11.96,16900,11.97,6600,0.17,12.06,11.94,5306000,63600000.0,0.49,1.01,129.06,129.82,13.13,10.75,1.0
永艺股份,sh603600,10.4,10.26,10.45,4983800.0,10.39,10400,10.4,19100,1.36,10.58,10.31,4983800,51900000.0,1.66,2.63,31.2,34.37,11.29,9.23,1.31
沃华医药,sz002107,6.75,6.46,6.56,15231700.0,6.74,22500,6.75,74200,4.49,6.79,6.52,15231700,101660000.0,2.67,4.18,38.57,38.96,7.11,5.81,1.55
天禄科技,sz301045,40.16,39.24,40.24,1835200.0,40.16,4100,40.17,1100,2.34,40.88,39.63,1835200,73540000.0,2.87,3.19,25.69,44.3,47.09,31.39,0.77
东方通信,sh600776,15.16,15.13,15.38,16288600.0,15.15,27700,15.16,35400,0.2,15.45,14.98,16288600,246220000.0,1.7,3.11,144.93,190.41,16.64,13.62,1.02
索宝蛋白,sh603231,17.51,17.27,17.33,1691200.0,17.5,34400,17.51,1900,1.39,17.6,17.33,1691200,29510000.0,1.59,1.56,18.61,33.52,19.0,15.54,1.0
绿茵生态,sz002887,11.24,11.55,11.76,5987400.0,11.23,6600,11.24,7000,-2.68,11.8,11.14,5987400,67990000.0,3.08,5.71,21.87,34.39,12.71,10.4,0.56
中科磁业,sz301141,49.77,48.82,49.88,1906700.0,49.76,400,49.77,13100,1.95,50.23,49.3,1906700,94720000.0,4.28,1.9,22.15,61.73,58.58,39.06,1.13
海螺新材,sz000619,5.95,5.96,6.1,8383700.0,5.95,31500,5.96,8300,-0.17,6.15,5.9,8383700,50230000.0,2.33,4.19,21.42,26.25,6.56,5.36,0.94
巨化股份,sh600160,34.88,34.15,34.82,15729400.0,34.88,38300,34.89,14900,2.14,35.03,34.19,15729400,545960000.0,0.58,2.46,941.67,941.67,37.57,30.74,0.93
山东高速,sh600350,10.65,10.7,10.74,6600300.0,10.63,2600,10.65,15900,-0.47,10.77,10.46,6600300,69940000.0,0.14,2.9,514.88,514.88,11.77,9.63,0.78
森泰股份,sz301429,19.78,19.73,20.2,1873600.0,19.78,200,19.79,16900,0.25,20.39,19.51,1873600,37270000.0,4.25,4.46,8.71,23.38,23.68,15.78,0.89
倍加洁,sh603059,33.07,31.32,31.87,2861500.0,33.07,300,33.08,5700,5.59,33.24,31.61,2861500,93170000.0,2.85,5.2,33.22,33.22,34.45,28.19,1.2
永吉股份,sh603058,12.18,11.81,12.08,8860500.0,12.17,41600,12.18,400,3.13,12.41,11.99,8860500,107810000.0,2.14,3.56,50.38,50.51,12.99,10.63,1.66
盾安环境,sz002011,11.91,11.75,11.9,8209500.0,11.91,62700,11.92,9200,1.36,11.96,11.85,8209500,97740000.0,0.77,0.94,126.19,127.99,12.93,10.58,0.86
英 力 特,sz000635,8.57,8.55,8.73,5036100.0,8.55,75700,8.57,11500,0.23,8.75,8.47,5036100,43220000.0,1.37,3.27,31.44,33.78,9.41,7.7,0.52
中信重工,sh601608,6.25,6.21,6.32,33640900.0,6.24,122600,6.25,36300,0.64,6.33,6.18,33640900,209820000.0,0.73,2.42,286.22,286.22,6.83,5.59,1.1
金辰股份,sh603396,36.31,35.99,36.15,8551100.0,36.31,24300,36.32,200,0.89,36.97,34.24,8551100,303730000.0,6.17,7.59,50.3,50.3,39.59,32.39,1.07
妙可蓝多,sh600882,18.6,18.35,18.43,4548500.0,18.6,31200,18.61,3900,1.36,18.65,18.36,4548500,84350000.0,0.89,1.58,94.87,94.87,20.19,16.52,0.57
北部湾港,sz000582,10.65,10.79,10.96,43155400.0,10.65,231600,10.66,3000,-1.3,11.18,10.56,43155400,466180000.0,2.0,5.75,229.7,268.07,11.87,9.71,1.59
洪城环境,sh600461,9.86,9.86,9.9,7560200.0,9.86,6900,9.87,200,0.0,9.93,9.79,7560200,74540000.0,0.59,1.42,126.62,126.62,10.85,8.87,0.84
招商银行,sh600036,39.82,39.32,39.56,88152600.0,39.82,18600,39.83,7200,1.27,40.04,39.42,88152600,3510510000.0,0.43,1.58,8214.45,10042.54,43.25,35.39,1.45
隧道股份,sh600820,6.21,6.36,6.4,40418200.0,6.21,222400,6.22,166500,-2.36,6.4,6.18,40418200,252020000.0,1.29,3.46,195.25,195.25,7.0,5.72,1.3
亿利达,sz002686,7.89,7.89,0.0,0.0,0.0,0,0.0,0,0.0,0.0,0.0,0,0.0,0.0,0.0,41.24,44.68,8.68,7.1,0.0
凯龙高科,sz300912,25.12,24.87,25.42,3795700.0,25.11,900,25.12,9200,1.01,25.55,24.85,3795700,95160000.0,4.42,2.81,21.59,28.86,29.84,19.9,0.95
鑫磊股份,sz301317,51.95,51.43,53.35,4721300.0,51.95,13900,51.96,500,1.01,53.75,51.21,4721300,247200000.0,9.05,4.94,27.12,81.66,61.72,41.14,1.1
张小泉,sz301055,20.09,18.36,18.79,4710300.0,20.06,100,20.09,6300,9.42,20.17,18.79,4710300,91860000.0,3.02,7.52,31.34,31.34,22.03,14.69,1.7
中来股份,sz300393,9.98,9.71,9.89,62787000.0,9.97,80300,9.98,204400,2.78,10.06,9.6,62787000,619070000.0,6.57,4.74,95.4,108.74,11.65,7.77,1.17
浩欧博,sh688656,131.5,121.59,124.0,150246400.0,131.48,400,131.5,400,8.15,143.0,122.49,150246400,199300000.0,2.37,16.87,83.48,83.48,145.91,97.27,4.02
晶合集成,sh688249,28.44,26.38,27.28,4007115300.0,28.42,200,28.44,9200,7.81,29.06,26.94,4007115300,1124380000.0,3.37,8.04,337.93,570.96,31.66,21.1,2.02
皖新传媒,sh601801,6.35,6.25,6.32,8775400.0,6.34,110900,6.35,14500,1.6,6.36,6.26,8775400,55440000.0,0.45,1.6,124.33,124.33,6.88,5.63,0.94
春秋航空,sh601021,47.73,46.2,47.7,8145200.0,47.73,13600,47.74,16300,3.31,47.94,47.05,8145200,387210000.0,0.83,1.93,466.96,466.96,50.82,41.58,0.77
悦康药业,sh688658,19.1,17.13,17.3,2487544300.0,19.1,18700,19.13,3700,11.5,19.55,17.3,2487544300,464850000.0,5.53,13.13,85.95,85.95,20.56,13.7,2.57
杰瑞股份,sz002353,100.41,96.8,101.0,29227700.0,100.4,2200,100.41,20100,3.73,103.26,98.19,29227700,2950140000.0,4.22,5.24,696.09,1028.05,106.48,87.12,1.11
昆仑万维,sz300418,51.2,49.0,50.85,60404000.0,51.2,143000,51.21,29100,4.49,52.22,50.08,60404000,3089100000.0,4.82,4.37,642.3,642.74,58.8,39.2,1.07
*ST集友,sh603429,10.45,9.95,10.45,8571000.0,10.45,1506400,0.0,0,5.03,10.45,10.13,8571000,88780000.0,1.63,3.22,54.81,54.81,10.45,9.45,0.71
中油工程,sh600339,4.05,3.97,4.0,87165700.0,4.04,690600,4.05,87500,2.02,4.12,3.97,87165700,353260000.0,1.56,3.78,226.12,226.12,4.37,3.57,0.95
光迅科技,sz002281,86.98,84.3,86.6,45337400.0,86.97,10100,86.98,82200,3.18,89.0,85.3,45337400,3937770000.0,5.82,4.39,677.99,701.65,92.73,75.87,0.82
恒锋工具,sz300488,28.53,27.93,28.17,5426300.0,28.53,21900,28.54,300,2.15,29.25,28.0,5426300,155110000.0,3.34,4.48,46.29,54.56,33.52,22.34,1.13
双汇发展,sz000895,28.1,28.4,28.4,11327900.0,28.1,30400,28.11,4900,-1.06,28.63,28.0,11327900,320360000.0,0.33,2.22,973.44,973.57,31.24,25.56,0.78
瑞德智能,sz301135,27.31,26.86,27.78,1885900.0,27.31,16400,27.36,1700,1.68,28.06,27.01,1885900,51680000.0,2.47,3.91,20.88,27.84,32.23,21.49,1.28
宇邦新材,sz301266,40.34,38.62,40.21,4359200.0,40.34,4000,40.35,800,4.45,40.77,38.93,4359200,174010000.0,4.18,4.76,42.09,44.37,46.34,30.9,0.59
汉森制药,sz002412,6.88,6.67,6.71,13325100.0,6.87,94600,6.88,17900,3.15,6.89,6.62,13325100,90670000.0,2.68,4.05,34.25,34.62,7.34,6.0,1.34
舜禹股份,sz301519,14.27,14.15,14.43,2312000.0,14.26,1000,14.28,6500,0.85,14.54,14.05,2312000,32940000.0,3.06,3.46,10.77,23.07,16.98,11.32,0.85
上大股份,sz301522,31.26,31.18,31.61,4181100.0,31.25,15400,31.26,9400,0.26,31.87,31.15,4181100,131160000.0,1.49,2.31,87.97,116.25,37.42,24.94,0.96
东鹏控股,sz003012,6.35,6.22,6.32,6900000.0,6.35,119300,6.36,86600,2.09,6.37,6.27,6900000,43660000.0,0.6,1.61,72.68,73.47,6.84,5.6,0.83
盈峰环境,sz000967,9.12,8.51,8.98,200497400.0,9.11,244700,9.12,172100,7.17,9.36,8.76,200497400,1839100000.0,6.33,7.05,288.69,288.83,9.36,7.66,3.74
康弘药业,sz002773,30.25,28.9,28.8,27936100.0,30.24,68400,30.25,78500,4.67,30.5,28.39,27936100,829370000.0,4.07,7.3,207.77,278.7,31.79,26.01,2.34
城发环境,sz000885,13.77,13.62,13.75,4880400.0,13.77,37500,13.78,3400,1.1,13.83,13.7,4880400,67100000.0,0.76,0.95,88.41,88.41,14.98,12.26,0.83
九号公司-WD,sh689009,44.93,44.22,44.8,1028373500.0,44.93,7000,44.95,10200,1.61,45.28,44.32,1028373500,460880000.0,1.85,2.17,249.66,324.69,53.06,35.38,0.76
国泰海通,sh601211,16.9,16.59,16.83,77647300.0,16.89,35800,16.9,208300,1.87,16.96,16.66,77647300,1306360000.0,0.58,1.81,2280.98,2979.29,18.25,14.93,1.13
同济科技,sh600846,12.31,11.83,11.9,3159600.0,12.3,11900,12.31,4900,4.06,12.41,11.9,3159600,38660000.0,0.51,4.31,76.91,76.91,13.01,10.65,1.27
金博股份,sh688598,23.01,22.23,22.68,403250200.0,23.0,200,23.01,1000,3.51,23.03,22.47,403250200,91830000.0,1.98,2.52,46.84,47.76,26.68,17.78,1.06
熙菱信息,sz300588,24.09,23.42,23.89,2263200.0,24.08,5000,24.09,2500,2.86,24.29,23.8,2263200,54400000.0,1.28,2.09,42.6,46.13,28.1,18.74,0.88
共创草坪,sh605099,41.2,43.81,42.5,8550700.0,41.2,5300,41.22,300,-5.96,42.99,40.54,8550700,354430000.0,2.13,5.59,165.4,165.84,48.19,39.43,1.02
无锡振华,sh605319,25.25,24.47,24.81,5960700.0,25.24,78300,25.25,6900,3.19,25.63,24.81,5960700,150400000.0,1.71,3.35,87.91,88.4,26.92,22.02,0.94
联科科技,sz001207,30.51,29.65,30.5,5092300.0,30.51,19700,30.52,3000,2.9,30.69,29.88,5092300,154490000.0,2.44,2.73,63.77,66.06,32.62,26.69,0.75
*ST国华,sz000004,4.34,4.57,4.34,4577900.0,0.0,0,4.34,3643900,-5.03,4.45,4.34,4577900,19870000.0,3.62,2.41,5.48,5.75,4.8,4.34,0.65
海欣股份,sh600851,8.62,7.84,7.89,17513200.0,8.62,5000100,0.0,0,9.95,8.62,7.89,17513200,146520000.0,2.37,9.31,63.63,104.05,8.62,7.06,1.37
*ST沪科,sh600608,2.86,2.88,2.9,2439700.0,2.85,50000,2.86,85500,-0.69,2.91,2.84,2439700,6990000.0,0.77,2.43,9.11,9.41,3.02,2.74,0.53
嘉欣丝绸,sz002404,7.05,6.91,6.97,11999300.0,7.04,52900,7.05,101000,2.03,7.06,6.95,11999300,84200000.0,2.63,1.59,32.12,39.48,7.6,6.22,1.26
华海清科,sh688120,175.14,174.0,179.0,379185200.0,175.12,200,175.14,4300,0.66,179.99,174.33,379185200,668300000.0,1.07,3.25,619.39,619.39,208.8,139.2,0.83
常熟银行,sh601128,7.12,7.14,7.17,34630100.0,7.11,104200,7.12,1171500,-0.28,7.19,7.1,34630100,247120000.0,1.04,1.26,236.14,236.14,7.85,6.43,1.09
陕建股份,sh600248,3.48,3.48,3.5,13649100.0,3.48,157000,3.49,5900,0.0,3.54,3.47,13649100,47710000.0,0.37,2.01,128.96,130.14,3.83,3.13,0.76
淮河能源,sh600575,3.89,3.84,3.88,51667400.0,3.89,315500,3.9,62100,1.3,3.92,3.86,51667400,201120000.0,1.33,1.56,151.18,278.79,4.22,3.46,0.65
豆神教育,sz300010,6.2,6.18,6.3,29088100.0,6.19,543800,6.2,476000,0.32,6.32,6.15,29088100,180210000.0,1.75,2.75,103.13,128.13,7.42,4.94,0.81
永东股份,sz002753,7.61,7.61,7.77,6113200.0,7.59,4100,7.61,9100,0.0,7.77,7.5,6113200,46470000.0,2.52,3.55,18.48,32.62,8.37,6.85,0.74
东莞控股,sz000828,10.0,9.99,10.08,6450800.0,10.0,8100,10.01,9100,0.1,10.1,9.99,6450800,64640000.0,0.62,1.1,103.95,103.95,10.99,8.99,0.54
翰宇药业,sz300199,20.15,18.88,18.97,79702400.0,20.14,123200,20.15,31500,6.73,20.16,18.74,79702400,1562050000.0,10.69,7.52,150.26,177.97,22.66,15.1,2.43
赛微微电,sh688325,121.5,119.58,123.99,179847700.0,121.45,5000,121.5,8700,1.61,125.0,117.11,179847700,217650000.0,2.2,6.6,99.22,104.66,143.5,95.66,0.92
山子高科,sz000981,4.28,4.29,4.36,240191100.0,4.27,3871900,4.28,1986200,-0.23,4.38,4.26,240191100,1029210000.0,2.52,2.8,407.17,427.89,4.72,3.86,0.62
恒辉安防,sz300952,36.5,35.82,36.61,3014000.0,36.5,2800,36.58,200,1.9,37.53,36.17,3014000,110660000.0,2.88,3.8,38.25,62.99,42.98,28.66,0.68
黔源电力,sz002039,18.46,18.59,18.77,16385300.0,18.46,8100,18.47,3900,-0.7,18.9,18.32,16385300,303160000.0,3.83,3.12,78.93,78.93,20.45,16.73,0.44
杭华股份,sh688571,7.78,7.78,7.77,825410600.0,7.78,33300,7.79,31600,0.0,7.9,7.62,825410600,63920000.0,1.95,3.6,33.0,33.0,9.34,6.22,2.16
格力电器,sz000651,38.02,37.82,38.07,19276900.0,38.02,110700,38.03,19900,0.53,38.13,37.83,19276900,732240000.0,0.35,0.79,2096.86,2129.65,41.6,34.04,0.83
安乃达,sh603350,35.47,35.05,35.34,929600.0,35.46,300,35.47,2100,1.2,36.28,35.15,929600,33030000.0,2.11,3.22,15.61,41.32,38.56,31.55,1.44
北元集团,sh601568,4.23,4.13,4.16,43602600.0,4.23,9700,4.24,181400,2.42,4.3,4.16,43602600,184740000.0,1.1,3.39,168.03,168.03,4.54,3.72,1.01
ST东时,sh603377,3.75,3.74,3.77,4603500.0,3.75,129200,3.76,144400,0.27,3.8,3.72,4603500,17250000.0,0.64,2.14,26.81,26.81,3.93,3.55,0.66
富淼科技,sh688350,29.65,28.71,29.3,307591200.0,29.64,2300,29.65,24800,3.27,30.19,28.75,307591200,91510000.0,2.15,5.02,42.47,42.47,34.45,22.97,1.13
淮北矿业,sh600985,13.78,13.55,13.51,25283500.0,13.78,3900,13.79,2600,1.7,13.9,13.34,25283500,347470000.0,0.94,4.13,371.13,371.13,14.91,12.2,0.96
ST华铭,sz300462,13.47,12.45,12.55,6484400.0,13.47,3000,13.48,25800,8.19,13.49,12.55,6484400,85140000.0,4.7,7.55,18.59,24.41,14.94,9.96,1.37
上海临港,sh600848,10.25,9.98,10.08,10402900.0,10.24,2100,10.25,78600,2.71,10.28,10.06,10402900,105810000.0,0.43,2.2,245.38,258.55,10.98,8.98,1.43
万里股份,sh600847,12.9,13.19,13.64,5648300.0,12.9,7600,12.92,8000,-2.2,13.66,12.7,5648300,73370000.0,3.68,7.28,19.77,19.77,14.51,11.87,1.39
迈克生物,sz300463,11.05,10.72,10.9,8051900.0,11.05,48100,11.06,9800,3.08,11.08,10.77,8051900,88380000.0,1.64,2.89,54.34,66.82,12.86,8.58,1.55
正海磁材,sz300224,14.4,14.09,14.35,21281300.0,14.4,108500,14.41,3600,2.2,14.49,14.28,21281300,306080000.0,2.3,1.49,133.53,134.02,16.91,11.27,0.98
力合科技,sz300800,11.93,11.63,12.0,3099200.0,11.92,400,11.93,8000,2.58,12.12,11.73,3099200,36830000.0,1.32,3.35,27.96,28.25,13.96,9.3,0.94
中国广核,sz003816,4.52,4.61,4.62,289459500.0,4.51,2035600,4.52,311100,-1.95,4.7,4.5,289459500,1329520000.0,0.74,4.34,1777.95,2282.54,5.07,4.15,0.91
东方财富,sz300059,19.19,18.89,19.2,172978700.0,19.19,83000,19.2,1198800,1.59,19.29,19.08,172978700,3321080000.0,1.3,1.11,2559.51,3032.79,22.67,15.11,0.85
*ST天微,sh688511,27.85,26.81,26.99,119910000.0,27.85,1500,27.86,1700,3.88,27.85,26.95,119910000,32840000.0,1.17,3.36,28.64,28.64,32.17,21.45,1.1
田中精机,sz300461,63.95,59.13,59.9,13853200.0,63.94,900,63.95,17500,8.15,65.65,57.56,13853200,856940000.0,9.64,13.68,91.9,100.44,70.96,47.3,1.03
真爱美家,sz003041,52.79,49.38,50.18,6064300.0,52.78,1200,52.79,30600,6.91,53.42,49.63,6064300,315300000.0,4.43,7.68,72.23,76.02,54.32,44.44,1.92
中国铁建,sh601186,7.05,7.05,7.1,67474000.0,7.05,234200,7.06,750100,0.0,7.14,7.03,67474000,476850000.0,0.59,1.56,810.98,957.36,7.76,6.35,1.13
霍普股份,sz301024,33.73,33.2,34.0,1066800.0,33.73,200,33.84,1900,1.6,34.2,33.23,1066800,35950000.0,1.73,2.92,20.76,21.45,39.84,26.56,1.02
鹏鼎控股,sz002938,53.61,52.17,54.25,30206500.0,53.6,2200,53.61,3700,2.76,54.35,53.04,30206500,1619420000.0,1.31,2.51,1238.09,1242.71,57.39,46.95,1.19
贝达药业,sz300558,45.87,43.6,44.24,12739700.0,45.87,2600,45.88,49400,5.21,45.99,43.69,12739700,576300000.0,3.04,5.28,192.38,192.99,52.32,34.88,2.13
纬达光电,bj920001,15.47,15.22,15.6,1292000.0,15.47,6600,15.48,7200,1.64,15.8,15.37,1292000,20056200.0,1.46,2.83,13.72,23.77,19.78,10.66,0.64
弘亚数控,sz002833,18.09,17.94,18.3,2728100.0,18.08,2000,18.09,1200,0.84,18.33,18.0,2728100,49440000.0,0.95,1.84,52.2,76.74,19.73,16.15,0.6
风华高科,sz000636,19.52,18.93,19.39,36039400.0,19.51,6700,19.52,135900,3.12,19.61,19.23,36039400,700470000.0,3.11,2.01,225.85,225.85,20.82,17.04,0.87
万东医疗,sh600055,14.9,14.74,14.89,2752400.0,14.9,26900,14.93,18500,1.09,14.95,14.77,2752400,40960000.0,0.39,1.22,104.76,104.76,16.21,13.27,0.72
旺能环境,sz002034,17.32,17.0,17.3,4843700.0,17.32,3200,17.34,30800,1.88,17.44,17.1,4843700,83570000.0,1.12,2.0,74.79,75.17,18.7,15.3,0.77
康拓医疗,sh688314,56.21,49.92,50.0,728334200.0,56.21,6300,56.22,200,12.6,58.5,49.1,728334200,398500000.0,8.97,18.83,45.66,45.66,59.9,39.94,1.37
*ST海钦,sh600753,12.15,12.0,12.02,3381700.0,12.15,3600,12.17,4600,1.25,12.27,11.82,3381700,40700000.0,1.47,3.75,27.98,27.98,12.6,11.4,0.9
中铁工业,sh600528,8.58,9.17,9.59,174432400.0,8.58,867700,8.59,126900,-6.43,9.6,8.54,174432400,1560480000.0,7.85,11.56,190.61,190.61,10.09,8.25,3.36
浙江交科,sz002061,3.94,3.93,3.98,20771700.0,3.94,19900,3.95,400100,0.25,4.0,3.92,20771700,82120000.0,0.8,2.04,102.41,105.37,4.32,3.54,0.87
海创药业-U,sh688302,45.07,44.02,43.7,398192800.0,45.07,5700,45.08,2900,2.39,45.88,43.35,398192800,178660000.0,4.02,5.75,44.63,44.63,52.82,35.22,1.66
京东方Ａ,sz000725,4.01,3.91,4.01,583140400.0,4.01,7168500,4.02,6497100,2.56,4.06,3.97,583140400,2340740000.0,1.6,2.3,1457.3,1485.48,4.3,3.52,1.51
中金辐照,sz300962,16.39,16.35,16.55,2676400.0,16.39,146300,16.4,500,0.24,16.55,16.27,2676400,43900000.0,1.01,1.71,43.27,43.27,19.62,13.08,0.72
民爆光电,sz301362,100.61,100.02,101.54,1674500.0,100.6,100,100.61,1300,0.59,103.98,99.51,1674500,169940000.0,5.64,4.47,29.85,105.31,120.02,80.02,0.61
恒兴新材,sh603276,16.7,16.62,16.63,1846700.0,16.69,600,16.7,1700,0.48,16.96,16.45,1846700,30740000.0,2.44,3.07,12.63,34.68,18.28,14.96,1.08
奥赛康,sz002755,16.8,15.66,15.75,48363000.0,16.79,22300,16.8,59300,7.28,17.22,15.55,48363000,790640000.0,5.21,10.66,155.93,155.93,17.23,14.09,2.29
中原环保,sz000544,8.54,8.44,8.56,4784200.0,8.53,4100,8.54,1000,1.18,8.6,8.49,4784200,40810000.0,0.49,1.3,83.24,83.24,9.28,7.6,0.75
迪阿股份,sz301177,28.09,27.49,27.9,881000.0,28.08,4800,28.09,1900,2.18,28.28,27.72,881000,24670000.0,0.22,2.04,112.36,112.44,32.99,21.99,0.79
浙江华业,sz301616,47.05,46.36,46.98,436200.0,47.04,600,47.05,400,1.49,47.45,46.78,436200,20560000.0,1.54,1.45,13.36,37.64,55.63,37.09,0.82
西点药业,sz301130,33.07,31.14,31.57,6893800.0,33.07,600,33.09,1500,6.2,34.85,31.32,6893800,227770000.0,11.68,11.34,19.52,25.3,37.37,24.91,4.37
炬芯科技,sh688049,45.35,44.46,45.52,380863800.0,45.35,9500,45.37,1900,2.0,45.9,44.97,380863800,172430000.0,2.17,2.09,79.44,79.44,53.35,35.57,0.88
闽东电力,sz000993,15.15,16.31,16.0,69993000.0,15.15,143700,15.16,91100,-7.11,16.0,15.0,69993000,1071260000.0,15.92,6.13,66.62,69.38,17.94,14.68,0.98
宏达高科,sz002144,14.71,14.39,14.66,3364200.0,14.7,11800,14.71,6800,2.22,14.8,14.5,3364200,49370000.0,2.44,2.08,20.25,26.0,15.83,12.95,0.92
富邦科技,sz300387,8.85,8.74,8.91,7425200.0,8.84,9100,8.85,21300,1.26,8.94,8.74,7425200,65570000.0,2.57,2.29,25.57,25.58,10.49,6.99,0.56
青松建化,sh600425,4.19,4.12,4.19,28082700.0,4.18,857900,4.19,271500,1.7,4.23,4.13,28082700,117310000.0,1.75,2.43,67.24,67.24,4.53,3.71,0.92
奥特维,sh688516,77.15,73.38,74.59,1367621400.0,77.15,3300,77.19,200,5.14,78.9,72.12,1367621400,1042730000.0,4.34,9.24,242.84,243.28,88.06,58.7,1.08
维尔利,sz300190,4.01,4.03,4.1,18656400.0,4.01,457300,4.02,204600,-0.5,4.12,4.0,18656400,75360000.0,2.04,2.98,36.76,36.87,4.84,3.22,0.7
长源电力,sz000966,4.65,4.72,4.77,111760300.0,4.65,981700,4.66,317500,-1.48,4.79,4.62,111760300,522370000.0,3.43,3.6,151.66,161.87,5.19,4.25,0.43
爱迪特,sz301580,70.74,70.0,71.7,3114700.0,70.74,300,70.77,300,1.06,72.01,69.61,3114700,219470000.0,4.32,3.43,50.94,75.38,84.0,56.0,0.63
德源药业,bj920735,32.4,30.75,31.2,3449100.0,32.4,1800,32.41,400,5.37,32.66,30.78,3449100,110510100.0,3.32,6.11,33.62,38.01,39.97,21.53,2.12
热威股份,sh603075,21.98,21.7,21.95,2114200.0,21.98,6400,21.99,6700,1.29,22.1,21.65,2114200,46220000.0,5.13,2.07,9.07,88.47,23.87,19.53,1.18
高铁电气,sh688285,8.8,9.23,9.25,1593481600.0,8.8,2300,8.81,23000,-4.66,9.65,8.77,1593481600,143480000.0,4.23,9.53,33.11,33.11,11.08,7.38,2.11
*ST春天,sh600381,3.07,3.05,3.05,5766300.0,3.07,23000,3.08,300,0.66,3.11,3.05,5766300,17790000.0,0.98,1.97,18.02,18.02,3.2,2.9,0.48
昌红科技,sz300151,15.58,15.14,15.58,8044200.0,15.57,106500,15.58,21800,2.91,15.71,15.31,8044200,124680000.0,2.18,2.64,57.42,82.96,18.17,12.11,0.82
京基智农,sz000048,21.29,23.66,23.32,15401800.0,0.0,0,21.29,5814600,-10.02,23.37,21.29,15401800,333310000.0,2.93,8.79,112.06,112.9,26.03,21.29,0.67
明冠新材,sh688560,14.63,14.35,14.64,467205600.0,14.62,7400,14.63,7200,1.95,14.81,14.44,467205600,68160000.0,2.32,2.58,29.45,29.45,17.22,11.48,0.75
盐 田 港,sz000088,4.59,4.59,4.63,22185500.0,4.59,128800,4.6,353500,0.0,4.65,4.57,22185500,102130000.0,0.7,1.74,145.18,238.66,5.05,4.13,0.61
浙江自然,sh605080,23.06,22.88,23.08,950600.0,23.06,8100,23.07,600,0.79,23.15,22.88,950600,21860000.0,0.68,1.18,32.36,32.64,25.17,20.59,1.26
中海油服,sh601808,15.53,15.79,15.71,33422600.0,15.53,138600,15.54,64100,-1.65,15.88,15.5,33422600,524450000.0,1.13,2.41,459.76,741.03,17.37,14.21,1.16
宝丰能源,sh600989,28.75,29.06,29.06,107096900.0,28.74,78200,28.75,53400,-1.07,29.48,28.63,107096900,3101910000.0,1.46,2.92,2108.34,2108.34,31.97,26.15,0.82
国泰环保,sz301203,40.33,39.17,40.01,1140300.0,40.31,400,40.34,100,2.96,40.97,39.61,1140300,45880000.0,2.6,3.47,17.68,32.26,47.0,31.34,0.8
湖北能源,sz000883,4.76,4.78,4.85,47112200.0,4.76,116800,4.77,159900,-0.42,4.85,4.73,47112200,224690000.0,0.73,2.51,308.43,336.98,5.26,4.3,0.51
矩子科技,sz300802,18.29,17.67,18.25,4311200.0,18.28,200,18.29,8600,3.51,18.31,18.02,4311200,78300000.0,2.21,1.64,35.61,51.96,21.2,14.14,1.01
东北证券,sz000686,8.14,8.06,8.15,11007100.0,8.14,90700,8.15,5700,0.99,8.17,8.1,11007100,89560000.0,0.47,0.87,190.51,190.51,8.87,7.25,0.76
新 华 都,sz002264,8.33,8.3,8.47,14756700.0,8.32,48800,8.33,30500,0.36,8.49,8.21,14756700,122610000.0,2.25,3.37,54.54,59.96,9.13,7.47,1.02
继峰股份,sh603997,12.02,11.76,11.94,12252200.0,12.02,28600,12.03,29100,2.21,12.05,11.72,12252200,146050000.0,0.96,2.81,152.93,152.93,12.94,10.58,1.24
海希通讯,bj920405,21.4,21.08,21.99,1857600.0,21.38,2300,21.4,1400,1.52,22.3,21.15,1857600,40320800.0,1.69,5.46,23.56,30.02,27.4,14.76,0.89
赛托生物,sz300583,14.68,14.14,14.4,4539700.0,14.67,1400,14.68,5900,3.82,14.9,14.24,4539700,66320000.0,2.44,4.67,27.33,27.85,16.97,11.31,1.7
乐歌股份,sz300729,12.35,12.06,12.24,2291200.0,12.35,25500,12.36,100,2.4,12.4,12.15,2291200,28170000.0,0.72,2.07,39.33,42.19,14.47,9.65,0.79
博腾股份,sz300363,22.49,21.0,21.27,23796400.0,22.49,28200,22.5,153400,7.1,22.52,21.01,23796400,523450000.0,4.77,7.19,112.19,122.22,25.2,16.8,2.32
诚邦股份,sh603316,14.23,14.5,15.3,20725200.0,14.23,16500,14.24,5400,-1.86,15.3,14.16,20725200,300370000.0,7.84,7.86,37.6,37.6,15.95,13.05,1.54
南网能源,sz003035,7.66,7.5,7.7,74646200.0,7.66,54600,7.67,367200,2.13,7.8,7.6,74646200,573230000.0,1.97,2.67,290.15,290.15,8.25,6.75,0.57
怡 亚 通,sz002183,5.66,5.74,5.7,152168300.0,5.66,362300,5.67,897200,-1.39,5.75,5.54,152168300,857800000.0,5.86,3.66,146.99,146.99,6.31,5.17,0.88
微光股份,sz002801,31.13,30.23,30.85,1781400.0,31.13,600,31.14,7300,2.98,31.15,30.61,1781400,55000000.0,1.54,1.79,36.05,71.48,33.25,27.21,0.81
永利股份,sz300230,4.78,4.72,4.79,11272800.0,4.78,128400,4.79,54900,1.27,4.82,4.75,11272800,53980000.0,1.79,1.48,30.11,38.87,5.66,3.78,0.91
顺网科技,sz300113,28.55,26.43,27.27,82611600.0,28.55,54800,28.56,15200,8.02,29.8,27.24,82611600,2359110000.0,15.94,9.69,148.01,195.16,31.72,21.14,1.18
长沙银行,sh601577,9.67,9.63,9.71,13967300.0,9.66,85300,9.67,1000,0.42,9.77,9.62,13967300,135490000.0,0.35,1.56,388.8,388.88,10.59,8.67,0.9
融捷健康,sz300247,4.68,4.62,4.65,15029600.0,4.67,12000,4.68,57500,1.3,4.73,4.62,15029600,70210000.0,1.87,2.38,37.59,37.63,5.54,3.7,1.16
齐翔腾达,sz002408,6.51,5.92,5.98,101657800.0,6.51,14166600,0.0,0,9.97,6.51,5.93,101657800,640280000.0,3.7,9.8,179.1,185.07,6.51,5.33,1.69
银禧科技,sz300221,9.83,9.66,9.85,12063000.0,9.83,29600,9.84,10000,1.76,9.93,9.75,12063000,118570000.0,2.64,1.86,44.87,46.57,11.59,7.73,0.6
桂林三金,sz002275,14.66,14.48,14.58,3710700.0,14.65,77800,14.66,8500,1.24,14.68,14.36,3710700,54050000.0,0.66,2.21,81.96,86.14,15.93,13.03,1.34
至正股份,sh603991,102.38,98.8,101.0,1609300.0,102.38,6100,102.5,600,3.62,104.66,100.35,1609300,165020000.0,2.16,4.36,76.31,156.34,108.68,88.92,1.08
朗姿股份,sz002612,16.91,16.6,16.82,4418900.0,16.9,10000,16.91,1700,1.87,16.95,16.59,4418900,74300000.0,1.73,2.17,43.08,74.82,18.26,14.94,1.05
钛能化学,sz002145,4.7,4.67,4.75,36067100.0,4.7,918000,4.71,66300,0.64,4.78,4.68,36067100,170080000.0,0.97,2.14,175.26,178.91,5.14,4.2,0.73
铜冠矿建,bj920019,17.89,17.6,18.11,1196700.0,17.89,7300,17.9,1000,1.65,18.11,17.76,1196700,21453400.0,0.71,1.99,29.97,37.62,22.88,12.32,0.78
楚天科技,sz300358,9.96,9.41,9.58,24589300.0,9.96,36000,9.97,72400,5.84,10.08,9.51,24589300,242690000.0,3.51,6.06,69.85,71.22,11.29,7.53,2.01
国药一致,sz000028,26.42,26.14,26.41,5359300.0,26.41,5200,26.42,4600,1.07,26.43,25.94,5359300,140500000.0,1.12,1.87,126.3,147.04,28.75,23.53,1.2
协鑫能科,sz002015,17.25,15.94,16.31,263899300.0,17.24,83000,17.25,633600,8.22,17.53,16.04,263899300,4525290000.0,16.26,9.35,280.02,280.02,17.53,14.35,1.33
万和电气,sz002543,9.02,9.01,9.1,9998100.0,9.01,45000,9.02,5700,0.11,9.13,8.95,9998100,90240000.0,1.51,2.0,59.68,67.07,9.91,8.11,0.7
中建环能,sz300425,4.87,4.86,4.92,8246000.0,4.86,16400,4.87,30100,0.21,5.06,4.82,8246000,40390000.0,1.21,4.94,33.07,33.22,5.83,3.89,0.85
网宿科技,sz300017,17.73,16.9,17.61,250458400.0,17.73,359800,17.74,225600,4.91,18.2,17.33,250458400,4449920000.0,10.86,5.15,408.88,436.06,20.28,13.52,1.36
同花顺,sz300033,305.7,298.5,305.49,5921300.0,305.69,2000,305.7,11700,2.41,308.5,302.49,5921300,1807570000.0,1.89,2.01,957.3,1643.44,358.2,238.8,0.82
永兴股份,sh601033,14.86,14.87,15.0,7867300.0,14.86,98600,14.87,6200,-0.07,15.04,14.82,7867300,117040000.0,3.28,1.48,35.66,133.74,16.36,13.38,0.63
梅花生物,sh600873,11.57,11.45,11.55,26382000.0,11.57,12700,11.58,93500,1.05,11.64,11.51,26382000,305320000.0,0.94,1.14,324.45,324.45,12.6,10.31,0.66
共同药业,sz300966,21.59,21.08,21.25,3159300.0,21.58,2700,21.59,2600,2.42,21.8,20.99,3159300,67730000.0,4.14,3.84,16.49,24.89,25.3,16.86,1.39
铁建重工,sh688425,5.14,5.39,5.38,7818456000.0,5.14,1111700,5.15,70400,-4.64,5.39,5.14,7818456000,407460000.0,1.47,4.64,274.14,274.14,6.47,4.31,1.43
龙磁科技,sz300835,85.9,78.89,84.51,7262500.0,85.9,2000,85.91,16200,8.89,91.47,83.0,7262500,629680000.0,8.73,10.74,71.42,102.43,94.67,63.11,1.94
有研新材,sh600206,20.64,20.48,20.89,17979300.0,20.64,47200,20.65,53700,0.78,20.95,20.5,17979300,371510000.0,2.12,2.2,174.73,174.73,22.53,18.43,0.63
恒申新材,sz000782,5.46,5.47,5.56,12683000.0,5.45,34200,5.46,83400,-0.18,5.6,5.4,12683000,69550000.0,2.4,3.66,28.84,37.49,6.02,4.92,0.78
浦东金桥,sh600639,11.04,10.98,11.02,8898100.0,11.04,4500,11.05,36900,0.55,11.07,10.9,8898100,97670000.0,1.05,1.55,93.87,123.91,12.08,9.88,1.13
中远海控,sh601919,15.18,15.01,15.1,67607600.0,15.18,53800,15.19,143700,1.13,15.22,15.03,67607600,1022990000.0,0.54,1.27,1906.03,2324.47,16.51,13.51,0.74
九州通,sh600998,5.3,5.28,5.31,56810600.0,5.29,314600,5.3,543000,0.38,5.33,5.22,56810600,300820000.0,1.13,2.08,267.25,267.25,5.81,4.75,1.78
皓元医药,sh688131,73.2,69.31,70.54,775538800.0,73.2,500,73.21,200,5.61,73.68,68.33,775538800,556140000.0,3.66,7.72,155.26,155.26,83.17,55.45,1.75
中科曙光,sh603019,80.39,78.6,80.14,25126200.0,80.38,27500,80.39,21300,2.28,80.81,79.63,25126200,2015610000.0,1.72,1.5,1175.87,1176.2,86.46,70.74,1.02
苏农银行,sh603323,4.91,4.91,4.93,24831100.0,4.91,23600,4.92,282900,0.0,4.95,4.89,24831100,122200000.0,1.23,1.22,99.11,99.11,5.4,4.42,0.94
赣粤高速,sh600269,4.67,4.7,4.73,23366900.0,4.67,434600,4.68,94000,-0.64,4.74,4.66,23366900,109480000.0,1.0,1.7,109.06,109.06,5.17,4.23,1.24
荣盛石化,sz002493,12.33,12.0,12.25,54650500.0,12.32,228300,12.33,218300,2.75,12.62,12.2,54650500,676610000.0,0.58,3.5,1154.36,1231.7,13.2,10.8,0.97
中国电建,sh601669,5.8,5.74,5.85,223025700.0,5.8,1128800,5.81,4418800,1.05,5.88,5.75,223025700,1294250000.0,1.71,2.26,758.15,999.12,6.31,5.17,0.58
三六零,sh601360,10.83,10.7,10.9,73226600.0,10.83,313700,10.84,522000,1.21,10.93,10.75,73226600,792210000.0,1.05,1.68,758.05,758.05,11.77,9.63,1.04
蓝特光学,sh688127,57.81,56.83,58.3,759057300.0,57.81,10600,57.88,900,1.72,58.78,57.03,759057300,438890000.0,1.87,3.08,234.65,234.65,68.2,45.46,0.73
本立科技,sz301065,23.36,22.75,23.15,1527400.0,23.34,500,23.36,1400,2.68,23.4,22.99,1527400,35450000.0,1.77,1.8,20.16,24.77,27.3,18.2,0.87
中微半导,sh688380,42.09,40.85,42.26,627475700.0,42.08,1000,42.09,4400,3.04,42.45,41.55,627475700,263920000.0,1.57,2.2,168.51,168.51,49.02,32.68,0.89
龙净环保,sh600388,17.99,17.79,18.1,11137300.0,17.99,6100,18.0,1200,1.12,18.15,17.89,11137300,200470000.0,0.88,1.46,228.48,228.48,19.57,16.01,0.72
冀中能源,sz000937,5.71,5.74,5.75,22542000.0,5.71,233900,5.72,24500,-0.52,5.78,5.68,22542000,129250000.0,0.66,1.74,196.05,201.77,6.31,5.17,0.65
三湘印象,sz000863,5.43,5.71,5.97,71963100.0,5.43,102900,5.44,47500,-4.9,5.97,5.3,71963100,391860000.0,6.18,11.73,63.18,64.11,6.28,5.14,3.22
辉煌科技,sz002296,11.62,11.54,11.75,15475800.0,11.61,15300,11.62,50000,0.69,11.78,11.41,15475800,178480000.0,4.45,3.21,40.37,45.27,12.69,10.39,1.05
*ST中地,sz000736,5.06,5.03,5.16,4592700.0,5.05,12000,5.06,168100,0.6,5.17,5.02,4592700,23260000.0,0.61,2.98,37.8,37.8,5.28,4.78,0.7
中设股份,sz002883,9.74,9.81,9.91,4732000.0,9.73,4000,9.74,12600,-0.71,10.11,9.7,4732000,46550000.0,3.09,4.18,14.93,15.21,10.79,8.83,1.14
中粮科工,sz301058,10.02,9.95,10.09,4908400.0,10.01,7500,10.02,33100,0.7,10.13,9.96,4908400,49160000.0,0.96,1.71,51.33,51.33,11.94,7.96,0.76
步长制药,sh603858,16.78,16.48,16.58,5056500.0,16.77,234400,16.78,5200,1.82,16.78,16.43,5056500,84170000.0,0.48,2.12,176.96,176.96,18.13,14.83,1.0
重庆银行,sh601963,10.34,10.47,10.48,15723600.0,10.34,36100,10.35,26400,-1.24,10.5,10.28,15723600,163080000.0,0.84,2.1,194.69,359.27,11.52,9.42,0.87
天新药业,sh603235,27.17,26.49,26.52,847200.0,27.16,1000,27.17,100,2.57,27.32,26.39,847200,22820000.0,0.19,3.51,118.94,118.94,29.14,23.84,1.42
成都银行,sh601838,17.14,17.12,17.16,15474300.0,17.14,7600,17.15,4100,0.12,17.25,17.09,15474300,265620000.0,0.37,0.93,726.47,726.47,18.83,15.41,0.89
北京银行,sh601169,5.49,5.51,5.52,124026500.0,5.48,1252300,5.49,1430600,-0.36,5.53,5.47,124026500,682100000.0,0.59,1.09,1160.75,1160.75,6.06,4.96,1.02
达梦数据,sh688692,216.83,209.58,213.56,118625700.0,216.45,2300,216.83,200,3.46,217.88,211.8,118625700,255240000.0,1.62,2.9,158.58,245.54,251.5,167.66,1.1
重庆燃气,sh600917,5.48,5.47,5.51,7700400.0,5.47,241400,5.48,61400,0.18,5.52,5.46,7700400,42230000.0,0.49,1.1,85.54,85.54,6.02,4.92,0.58
圣达生物,sh603079,17.2,16.71,16.97,2743400.0,17.2,11100,17.21,200,2.93,17.25,16.76,2743400,46840000.0,1.45,2.93,32.51,32.51,18.38,15.04,0.89
维宏股份,sz300508,36.59,35.49,36.2,1951900.0,36.59,600,36.63,3300,3.1,36.79,36.2,1951900,71320000.0,2.38,1.66,30.0,39.83,42.59,28.39,1.03
招商证券,sh600999,15.76,15.44,15.66,30718800.0,15.76,72300,15.77,38300,2.07,15.82,15.59,30718800,482820000.0,0.41,1.49,1169.71,1370.57,16.98,13.9,1.34
美信科技,sz301577,63.73,63.1,64.17,1120200.0,63.72,1300,63.73,600,1.0,65.1,63.03,1120200,71680000.0,5.95,3.28,12.01,28.7,75.72,50.48,0.83
泽璟制药-U,sh688266,104.1,98.8,98.8,527028900.0,103.99,200,104.1,9100,5.36,106.28,98.58,527028900,544580000.0,1.99,7.79,275.56,275.56,118.56,79.04,1.13
明牌珠宝,sz002574,5.72,5.7,5.8,6734300.0,5.72,80600,5.73,27000,0.35,5.83,5.66,6734300,38480000.0,1.28,2.98,30.2,30.2,6.27,5.13,0.88
中际旭创,sz300308,601.87,569.41,591.0,25540500.0,601.86,100,601.87,300,5.7,602.0,581.2,25540500,15121130000.0,2.31,3.65,6653.67,6687.49,683.29,455.53,0.99
上峰水泥,sz000672,13.1,12.89,13.14,11722600.0,13.1,1400,13.11,13800,1.63,13.23,12.94,11722600,153140000.0,1.21,2.25,126.99,126.99,14.18,11.6,1.1
中粮糖业,sh600737,14.2,14.12,14.16,15783500.0,14.19,138700,14.2,96300,0.57,14.3,14.06,15783500,223670000.0,0.74,1.7,303.72,303.72,15.53,12.71,0.64
金禄电子,sz301282,35.42,34.5,35.2,18002400.0,35.42,4100,35.43,6600,2.67,36.38,34.26,18002400,633760000.0,15.31,6.14,41.65,53.53,41.4,27.6,1.8
昀冢科技,sh688260,26.92,26.02,26.92,244376700.0,26.9,1300,26.92,4700,3.46,27.08,26.46,244376700,65390000.0,2.04,2.38,32.3,32.3,31.22,20.82,0.68
东山精密,sz002384,109.0,103.3,107.5,70160700.0,108.99,8900,109.0,37500,5.52,109.5,104.52,70160700,7533190000.0,5.06,4.82,1511.09,1996.45,113.63,92.97,1.1
大豪科技,sh603025,14.03,13.76,13.98,9253800.0,14.03,21900,14.04,27800,1.96,14.14,13.95,9253800,130000000.0,0.83,1.38,155.62,156.67,15.14,12.38,0.92
粤高速Ａ,sz000429,13.0,13.05,13.08,6131100.0,12.99,5300,13.0,21800,-0.38,13.1,12.95,6131100,79750000.0,0.47,1.15,169.43,271.8,14.36,11.75,0.79
中国石化,sh600028,5.89,5.88,5.88,168739300.0,5.89,1260200,5.9,1001100,0.17,5.93,5.85,168739300,994550000.0,0.18,1.36,5580.92,7122.51,6.47,5.29,0.81
中旗股份,sz300575,6.2,6.12,6.23,8935400.0,6.19,48300,6.2,147900,1.31,6.26,6.12,8935400,55230000.0,2.61,2.29,21.25,29.57,7.34,4.9,0.54
中国电研,sh688128,25.29,24.74,25.2,224412500.0,25.29,4800,25.3,200,2.22,25.49,25.05,224412500,56840000.0,0.55,1.78,102.3,102.3,29.69,19.79,0.71
长青股份,sz002391,6.33,6.23,6.31,8857600.0,6.32,300,6.33,28500,1.61,6.34,6.2,8857600,55430000.0,1.91,2.25,29.38,41.12,6.85,5.61,0.85
麦澜德,sh688273,39.65,37.55,38.25,202730500.0,39.64,13400,39.65,3600,5.59,39.87,38.18,202730500,79390000.0,2.03,4.5,39.65,39.65,45.06,30.04,1.28
神马电力,sh603530,56.51,56.0,57.12,3336500.0,56.5,7700,56.51,4900,0.91,57.55,56.21,3336500,189020000.0,0.78,2.39,241.56,243.94,61.6,50.4,0.9
辉隆股份,sz002556,6.12,6.08,6.2,14648300.0,6.12,51500,6.13,174400,0.66,6.22,6.08,14648300,89870000.0,1.55,2.3,57.87,57.93,6.69,5.47,0.58
金河生物,sz002688,5.93,5.81,5.88,8758800.0,5.92,60500,5.93,117800,2.07,5.95,5.8,8758800,51540000.0,1.17,2.58,44.32,45.63,6.39,5.23,1.05
山西证券,sz002500,5.64,5.59,5.66,15816500.0,5.63,221400,5.64,368700,0.89,5.67,5.61,15816500,89130000.0,0.44,1.07,202.46,202.46,6.15,5.03,0.8
天鹅股份,sh603029,18.77,18.5,18.92,3132100.0,18.77,600,18.78,1100,1.46,19.11,18.56,3132100,58710000.0,2.58,2.97,22.78,22.78,20.35,16.65,0.88
共达电声,sz002655,18.68,18.1,17.99,52257200.0,18.68,27400,18.69,53500,3.2,18.78,17.81,52257200,953950000.0,14.44,5.36,67.58,67.6,19.91,16.29,1.92
博汇纸业,sh600966,6.46,6.41,6.61,33819200.0,6.46,35600,6.47,7500,0.78,6.64,6.36,33819200,219060000.0,2.53,4.37,86.36,86.36,7.05,5.77,1.95
上海凯宝,sz300039,6.06,5.89,5.95,18522800.0,6.05,123600,6.06,416600,2.89,6.06,5.89,18522800,110890000.0,2.02,2.89,55.57,63.39,7.07,4.71,1.21
万通发展,sh600246,9.5,9.88,10.07,71228600.0,9.5,2500,9.51,50200,-3.85,10.07,9.36,71228600,684400000.0,3.77,7.19,179.59,184.58,10.87,8.89,2.19
顾家家居,sh603816,33.75,33.4,33.7,4408300.0,33.75,14100,33.77,900,1.05,34.11,33.23,4408300,148690000.0,0.54,2.63,274.11,277.24,36.74,30.06,1.1
华帝股份,sz002035,6.65,6.7,6.78,73572200.0,6.65,174700,6.66,92400,-0.75,6.82,6.37,73572200,489510000.0,9.41,6.72,52.01,56.37,7.37,6.03,2.02
鸥玛软件,sz301185,18.7,18.35,18.75,2244800.0,18.69,600,18.7,2200,1.91,18.79,18.48,2244800,41810000.0,1.6,1.69,26.16,28.69,22.02,14.68,0.86
梦网科技,sz002123,10.03,9.92,10.08,9129600.0,10.03,29400,10.04,41700,1.11,10.11,9.97,9129600,91590000.0,1.27,1.41,72.22,80.78,10.91,8.93,0.78
深南电路,sz002916,231.0,219.51,225.8,10884900.0,231.0,23500,231.01,1400,5.23,231.7,223.88,10884900,2483280000.0,1.64,3.56,1535.71,1573.49,241.46,197.56,1.3
阿拉丁,sh688179,17.5,16.81,16.9,1039303300.0,17.48,149400,17.5,3600,4.1,17.68,16.9,1039303300,180440000.0,3.12,4.64,58.36,58.36,20.17,13.45,1.47
三佳科技,sh600520,24.01,23.6,24.08,2365800.0,24.0,2000,24.01,5100,1.74,24.19,23.82,2365800,56700000.0,1.49,1.57,38.04,38.04,25.96,21.24,0.98
杭州柯林,sh688611,51.48,51.76,52.8,81021900.0,51.45,2000,51.48,100,-0.54,52.8,50.68,81021900,41700000.0,0.53,4.1,78.96,78.96,62.11,41.41,1.13
圣湘生物,sh688289,18.46,18.06,18.22,397052200.0,18.46,1700,18.47,7500,2.21,18.5,18.13,397052200,72910000.0,0.69,2.05,106.96,106.96,21.67,14.45,1.07
兄弟科技,sz002562,6.16,6.09,6.19,19702600.0,6.15,310400,6.16,130800,1.15,6.21,6.08,19702600,120870000.0,2.81,2.13,43.21,70.4,6.7,5.48,0.64
泰格医药,sz300347,57.05,53.83,54.85,21254000.0,57.04,4200,57.05,5000,5.98,57.45,54.06,21254000,1190030000.0,3.75,6.3,323.03,491.22,64.6,43.06,1.53
永茂泰,sh605208,13.13,13.05,13.21,5489400.0,13.12,4900,13.13,1900,0.61,13.28,13.08,5489400,72300000.0,1.66,1.53,43.32,43.32,14.36,11.75,0.64
大湖股份,sh600257,6.96,6.56,6.57,27308000.0,6.95,110800,6.96,174400,6.1,6.98,6.57,27308000,186220000.0,5.67,6.25,33.49,33.49,7.22,5.9,0.98
怡达股份,sz300721,14.06,13.7,13.93,4864500.0,14.05,700,14.06,4200,2.63,14.21,13.82,4864500,68050000.0,3.52,2.85,19.45,23.18,16.44,10.96,0.78
恒大高新,sz002591,6.99,7.01,7.15,10187000.0,6.99,10100,7.0,5000,-0.29,7.16,6.88,10187000,71360000.0,4.56,3.99,15.62,20.98,7.71,6.31,1.07
三峡水利,sh600116,6.81,6.7,6.8,28782200.0,6.81,127800,6.82,58500,1.64,6.88,6.7,28782200,195470000.0,1.51,2.69,130.22,130.22,7.37,6.03,0.56
圣元环保,sz300867,20.32,19.62,19.93,14540300.0,20.31,10000,20.32,18000,3.57,21.47,19.93,14540300,300930000.0,7.59,7.85,38.94,55.22,23.54,15.7,1.03
鹿山新材,sh603051,21.75,21.14,21.42,4764700.0,21.75,11600,21.76,35200,2.89,21.85,21.29,4764700,103170000.0,2.95,2.65,35.16,35.16,23.25,19.03,1.35
国投电力,sh600886,14.01,14.16,14.15,17664800.0,14.01,42100,14.02,11700,-1.06,14.21,14.0,17664800,248520000.0,0.24,1.48,1044.33,1121.43,15.58,12.74,0.7
龙利得,sz300883,6.57,6.49,6.66,6580000.0,6.55,26400,6.57,16800,1.23,6.67,6.5,6580000,43250000.0,1.99,2.62,21.73,22.73,7.79,5.19,0.71
派斯林,sh600215,6.74,6.73,6.84,4467800.0,6.74,3800,6.75,41400,0.15,6.88,6.67,4467800,30080000.0,0.98,3.12,30.79,30.79,7.4,6.06,1.1
新集能源,sh601918,7.5,7.54,7.57,42893600.0,7.5,244800,7.51,500,-0.53,7.64,7.45,42893600,323900000.0,1.66,2.52,194.29,194.29,8.29,6.79,0.66
南方传媒,sh601900,13.12,12.99,13.15,6820400.0,13.12,9000,13.13,9200,1.0,13.2,13.06,6820400,89580000.0,0.77,1.08,115.71,115.71,14.29,11.69,0.95
华夏银行,sh600015,7.38,7.32,7.36,82946200.0,7.38,68400,7.39,4100,0.82,7.46,7.35,82946200,614120000.0,0.54,1.5,1135.58,1174.52,8.05,6.59,1.32
出版传媒,sh601999,7.95,7.84,7.99,13914400.0,7.94,11500,7.95,57100,1.4,8.05,7.85,13914400,110280000.0,2.53,2.55,43.8,43.8,8.62,7.06,0.65
清源股份,sh603628,14.84,15.15,15.35,24530000.0,14.84,210000,14.85,15300,-2.05,15.59,14.75,24530000,368110000.0,9.01,5.54,40.39,40.53,16.67,13.64,0.75
鲁北化工,sh600727,7.47,7.65,7.72,22225500.0,7.47,42700,7.48,32600,-2.35,7.8,7.43,22225500,167290000.0,4.2,4.84,39.49,39.49,8.42,6.89,0.72
康尼机电,sh603111,6.71,6.85,6.89,14525900.0,6.71,44800,6.72,34500,-2.04,6.92,6.67,14525900,97720000.0,1.7,3.65,57.23,57.84,7.54,6.17,1.81
国光股份,sz002749,13.13,13.14,13.19,1681600.0,13.13,1900,13.14,1700,-0.08,13.25,13.0,1681600,22040000.0,0.37,1.9,59.56,61.23,14.45,11.83,0.87
兴业银行,sh601166,18.91,18.82,18.89,74201500.0,18.9,66700,18.91,5800,0.48,19.09,18.82,74201500,1406440000.0,0.35,1.43,4001.9,4001.9,20.7,16.94,1.19
国光电器,sz002045,11.73,11.56,11.74,5724200.0,11.73,11700,11.74,61300,1.47,11.77,11.62,5724200,66920000.0,1.02,1.3,65.9,65.98,12.72,10.4,0.83
郑中设计,sz002811,13.59,13.65,13.68,5098600.0,13.58,2200,13.59,18100,-0.44,13.83,13.48,5098600,69450000.0,1.8,2.56,38.48,41.85,15.02,12.29,0.99
联盛化学,sz301212,27.2,26.69,27.75,1095900.0,27.16,700,27.2,1000,1.91,27.75,26.89,1095900,29770000.0,1.17,3.22,25.5,29.38,32.03,21.35,0.91
则成电子,bj920821,20.88,19.47,19.8,3866000.0,20.87,4100,20.88,2800,7.24,21.99,19.73,3866000,81575800.0,5.31,11.61,15.21,28.89,25.31,13.63,4.18
ST尔雅,sh600107,6.5,6.19,6.3,10232800.0,6.5,200400,0.0,0,5.01,6.5,6.3,10232800,66150000.0,2.84,3.23,23.4,23.4,6.5,5.88,1.14
智信精密,sz301512,45.6,44.41,45.66,691700.0,45.52,11100,45.6,1600,2.68,45.99,45.0,691700,31440000.0,2.79,2.23,11.31,24.32,53.29,35.53,1.04
ST逸飞,sh688646,50.62,50.2,50.8,46787600.0,50.51,400,50.62,5300,0.84,51.0,50.26,46787600,23690000.0,0.81,1.47,29.35,47.67,60.24,40.16,0.51
蒙泰高新,sz300876,25.65,25.23,25.71,1195900.0,25.63,300,25.66,3800,1.66,25.97,25.41,1195900,30650000.0,1.47,2.22,20.8,27.89,30.28,20.18,0.84
华宇软件,sz300271,6.73,6.63,6.76,7777600.0,6.72,22300,6.73,138700,1.51,6.79,6.66,7777600,52160000.0,0.98,1.96,53.65,54.64,7.96,5.3,0.74
康平科技,sz300907,28.99,27.66,28.25,2326500.0,28.98,2000,28.99,28000,4.81,28.99,27.61,2326500,66240000.0,2.42,4.99,27.83,27.83,33.19,22.13,1.38
龙源技术,sz300105,6.84,6.76,6.85,8378100.0,6.83,53900,6.84,30800,1.18,6.92,6.78,8378100,57160000.0,1.62,2.07,35.28,35.28,8.11,5.41,0.85
华工科技,sz000988,104.74,103.5,106.61,51706400.0,104.73,10300,104.74,80100,1.2,106.8,103.19,51706400,5419920000.0,5.14,3.49,1052.62,1053.16,113.85,93.15,0.56
斯达半导,sh603290,101.8,101.45,103.07,5758000.0,101.8,16400,101.81,200,0.34,104.71,100.5,5758000,588820000.0,2.4,4.15,243.78,243.78,111.6,91.31,0.81
江山欧派,sh603208,13.68,13.38,13.46,1467700.0,13.67,10200,13.68,45300,2.24,13.72,13.46,1467700,19970000.0,0.83,1.94,24.24,24.24,14.72,12.04,0.81
海森药业,sz001367,25.93,25.45,25.64,9552700.0,25.93,12000,25.94,6700,1.89,26.16,25.43,9552700,247470000.0,24.0,2.87,10.32,39.5,28.0,22.91,0.94
中持股份,sh603903,11.49,11.41,11.71,4226100.0,11.49,8800,11.5,2100,0.7,11.75,11.31,4226100,48380000.0,1.66,3.86,29.34,29.34,12.55,10.27,1.0
中交设计,sh600720,7.09,7.04,7.1,9184800.0,7.08,4900,7.09,114200,0.71,7.14,7.0,9184800,64850000.0,0.91,1.99,71.54,162.69,7.74,6.34,0.88
智动力,sz300686,14.02,13.64,13.91,3962200.0,13.99,11500,14.02,17400,2.79,14.2,13.77,3962200,55100000.0,1.53,3.15,36.3,36.54,16.37,10.91,0.89
辰光医疗,bj920300,11.7,11.45,11.62,1097000.0,11.69,2000,11.7,20000,2.18,11.74,11.43,1097000,12735800.0,1.65,2.71,7.78,10.04,14.88,8.02,0.92
陕天然气,sz002267,7.84,7.82,7.9,7036700.0,7.84,299800,7.86,78000,0.26,7.91,7.81,7036700,55280000.0,0.63,1.28,87.19,87.19,8.6,7.04,0.48
汉朔科技,sz301275,40.14,40.0,40.48,3676600.0,40.13,1100,40.14,21200,0.35,40.75,39.96,3676600,148030000.0,1.25,1.97,117.83,169.55,48.0,32.0,0.57
物产金轮,sz002722,14.47,14.31,14.46,2937600.0,14.46,3000,14.47,5000,1.12,14.58,14.31,2937600,42410000.0,1.32,1.89,32.18,32.18,15.74,12.88,1.11
深水规院,sz301038,20.88,20.47,20.72,2247000.0,20.88,4100,20.89,6100,2.0,21.0,20.63,2247000,46810000.0,1.01,1.81,46.58,46.58,24.56,16.38,0.94
致远互联,sh688369,22.31,21.55,22.4,400820000.0,22.31,200,22.32,2700,3.53,22.6,21.88,400820000,89400000.0,3.48,3.34,25.71,25.71,25.86,17.24,1.37
财富趋势,sh688318,107.62,104.8,107.8,193135700.0,107.62,1000,107.63,600,2.69,107.98,106.0,193135700,207090000.0,0.75,1.89,275.64,275.64,125.76,83.84,0.91
华阳股份,sh600348,9.05,8.81,8.89,36369300.0,9.04,62500,9.05,71000,2.72,9.13,8.8,36369300,327840000.0,1.01,3.75,326.48,326.48,9.69,7.93,0.86
天益医疗,sz301097,53.6,51.67,52.9,701200.0,53.6,800,53.68,2000,3.74,53.9,52.26,701200,37460000.0,2.42,3.17,15.51,31.6,62.0,41.34,1.14
东富龙,sz300171,14.91,14.28,14.52,7568400.0,14.9,1800,14.91,100,4.41,14.96,14.31,7568400,111730000.0,1.35,4.55,83.89,114.18,17.14,11.42,1.13
ST未名,sz002581,7.45,7.38,7.43,3389900.0,7.44,8100,7.45,140700,0.95,7.54,7.42,3389900,25250000.0,0.85,1.63,29.86,49.15,7.75,7.01,0.9
乐普医疗,sz300003,16.85,16.2,16.42,30631600.0,16.84,173000,16.85,165600,4.01,16.85,16.27,30631600,510330000.0,1.94,3.58,266.05,310.62,19.44,12.96,1.22
中国银河,sh601881,12.86,12.74,12.87,42455700.0,12.86,59900,12.87,100900,0.94,12.93,12.76,42455700,545840000.0,0.59,1.33,931.5,1406.16,14.01,11.47,0.92
凯中精密,sz002823,14.94,14.62,14.98,4128600.0,14.94,9200,14.95,57800,2.19,15.02,14.8,4128600,61470000.0,1.89,1.5,32.71,49.06,16.08,13.16,1.1
南京证券,sh601990,7.35,7.33,7.39,12161900.0,7.35,27900,7.36,157400,0.27,7.4,7.32,12161900,89430000.0,0.33,1.09,270.95,323.37,8.06,6.6,0.87
西部证券,sz002673,7.29,7.28,7.36,20366600.0,7.29,321900,7.3,39500,0.14,7.38,7.27,20366600,148880000.0,0.46,1.51,325.83,325.83,8.01,6.55,0.96
中兰环保,sz300854,28.59,28.59,28.65,3839800.0,28.59,11100,28.6,100,0.0,29.04,28.03,3839800,109130000.0,4.72,3.53,23.26,28.61,34.31,22.87,0.52
设计总院,sh603357,8.15,8.06,8.14,4473900.0,8.14,6400,8.15,36300,1.12,8.17,8.07,4473900,36330000.0,0.81,1.24,45.28,45.69,8.87,7.25,0.78
隆盛科技,sz300680,41.64,41.1,41.8,13427000.0,41.64,18300,41.65,11300,1.31,42.44,41.01,13427000,557990000.0,7.64,3.48,73.22,94.82,49.32,32.88,1.76
水晶光电,sz002273,23.22,22.04,22.5,40814100.0,23.22,69900,23.23,62000,5.35,23.3,22.27,40814100,929560000.0,3.0,4.67,316.31,322.9,24.24,19.84,1.28
软控股份,sz002073,7.38,7.05,7.15,37106100.0,7.38,212100,7.39,24200,4.68,7.55,7.12,37106100,271700000.0,3.68,6.1,74.5,75.26,7.76,6.35,2.55
先达股份,sh603086,7.59,7.52,7.59,9046800.0,7.59,190400,7.6,117200,0.93,7.65,7.5,9046800,68420000.0,2.08,1.99,33.0,33.0,8.27,6.77,0.64
禾盛新材,sz002290,62.87,60.53,61.02,5007600.0,62.86,100,62.87,40000,3.87,62.88,61.02,5007600,310430000.0,2.03,3.07,155.41,155.99,66.58,54.48,1.23
测绘股份,sz300826,16.35,16.14,16.4,2944600.0,16.34,10000,16.35,16800,1.3,16.58,16.16,2944600,48050000.0,1.74,2.6,27.73,28.83,19.37,12.91,1.21
鸿路钢构,sz002541,21.19,20.53,20.78,5315400.0,21.19,2000,21.2,5300,3.21,21.51,20.78,5315400,112370000.0,1.07,3.56,105.13,146.21,22.58,18.48,0.61
敏芯股份,sh688286,66.43,64.76,66.4,95672400.0,66.4,2500,66.43,300,2.58,66.44,65.0,95672400,63040000.0,1.71,2.22,37.24,37.24,77.71,51.81,0.87
常宝股份,sz002478,10.68,10.2,10.5,29593700.0,10.67,10600,10.68,95000,4.71,10.99,10.5,29593700,316650000.0,4.09,4.8,77.19,96.21,11.22,9.18,1.18
天键股份,sz301383,27.46,26.96,27.39,1066700.0,27.44,800,27.46,16100,1.85,27.64,27.16,1066700,29190000.0,1.51,1.78,19.39,44.86,32.35,21.57,1.01
罗平锌电,sz002114,8.6,8.56,8.75,7211400.0,8.59,29700,8.6,78200,0.47,8.81,8.52,7211400,62120000.0,2.23,3.39,27.81,27.81,9.42,7.7,0.72
沪宁股份,sz300669,32.09,31.46,32.09,1383600.0,32.09,4200,32.11,100,2.0,32.66,31.54,1383600,44640000.0,0.76,3.56,58.56,61.84,37.75,25.17,0.81
赛特新材,sh688398,24.17,23.7,24.2,116632800.0,24.13,18600,24.17,600,1.98,24.27,23.71,116632800,27990000.0,0.7,2.36,40.56,40.56,28.44,18.96,0.8
贝斯美,sz300796,9.22,9.1,9.24,3762800.0,9.22,12500,9.23,7200,1.32,9.29,9.16,3762800,34710000.0,1.04,1.43,33.3,33.3,10.92,7.28,0.67
青岛港,sh601298,8.74,8.61,8.65,10362900.0,8.74,400,8.75,68900,1.51,8.76,8.63,10362900,90090000.0,0.19,1.51,471.27,567.32,9.47,7.75,0.87
黑牡丹,sh600510,8.17,8.04,8.15,4482900.0,8.16,30900,8.17,14600,1.62,8.21,8.08,4482900,36560000.0,0.43,1.62,84.32,84.32,8.84,7.24,0.46
康德莱,sh603987,8.89,8.68,8.73,4881600.0,8.88,11100,8.89,120600,2.42,8.89,8.69,4881600,43110000.0,1.12,2.3,38.83,38.83,9.55,7.81,0.97
豪威集团,sh603501,96.05,94.96,96.84,14999100.0,96.03,1000,96.05,1900,1.15,97.0,95.0,14999100,1436090000.0,1.24,2.11,1162.52,1211.26,104.46,85.46,1.36
隆基绿能,sh601012,17.89,17.54,17.72,134902200.0,17.88,136300,17.89,692300,2.0,18.03,17.54,134902200,2398080000.0,1.78,2.79,1355.71,1355.72,19.29,15.79,0.62
仙琚制药,sz002332,9.22,9.06,9.11,24730500.0,9.22,424000,9.23,68100,1.77,9.24,9.03,24730500,226770000.0,2.51,2.32,90.78,91.2,9.97,8.15,2.36
潜能恒信,sz300191,37.28,38.43,37.67,15822100.0,37.26,200,37.28,4900,-2.99,38.96,37.0,15822100,600110000.0,7.15,5.1,82.46,119.3,46.12,30.74,0.75
邦彦技术,sh688132,16.74,16.58,16.78,112832000.0,16.74,1800,16.77,100,0.97,16.99,16.51,112832000,18840000.0,0.74,2.9,25.48,25.48,19.9,13.26,0.83
华中数控,sz300161,28.13,27.53,28.0,2036200.0,28.12,27000,28.13,8000,2.18,28.14,27.74,2036200,56950000.0,1.04,1.45,54.85,55.89,33.04,22.02,0.92
威博液压,bj920245,23.88,23.58,23.82,392100.0,23.78,17700,23.88,1300,1.27,24.23,23.53,392100,9320700.0,1.03,2.97,9.07,11.86,30.65,16.51,1.36
润欣科技,sz300493,15.42,15.04,15.36,8526800.0,15.41,43500,15.42,26900,2.53,15.5,15.23,8526800,131040000.0,1.68,1.8,78.12,79.03,18.05,12.03,0.91
芯能科技,sh603105,11.26,11.28,11.4,34255500.0,11.26,181500,11.27,42600,-0.18,11.47,11.11,34255500,386040000.0,6.85,3.19,56.3,56.3,12.41,10.15,0.48
华信新材,sz300717,20.89,20.63,21.21,1415700.0,20.82,1000,20.89,2300,1.26,21.37,20.58,1415700,29570000.0,1.39,3.83,21.28,21.47,24.76,16.5,0.74
宁波银行,sz002142,30.63,30.45,30.6,14502900.0,30.63,100,30.64,200,0.59,30.94,30.41,14502900,445860000.0,0.22,1.74,2021.55,2022.68,33.5,27.41,0.91
海默科技,sz300084,11.1,10.78,10.89,19770700.0,11.09,56400,11.1,92900,2.97,11.25,10.75,19770700,217490000.0,5.71,4.64,38.42,56.43,12.94,8.62,0.74
力合科创,sz002243,8.86,8.54,8.73,15922300.0,8.86,79500,8.87,23300,3.75,8.93,8.7,15922300,140320000.0,1.32,2.69,106.69,107.26,9.39,7.69,1.17
惠而浦,sh600983,10.34,10.2,10.31,4803100.0,10.33,400,10.34,2900,1.37,10.44,10.17,4803100,49510000.0,0.63,2.65,79.25,79.25,11.22,9.18,1.15
浙江恒威,sz301222,34.52,34.02,34.2,2307800.0,34.51,5900,34.52,6500,1.47,34.84,33.7,2307800,79140000.0,2.89,3.35,27.55,34.6,40.82,27.22,0.88
广生堂,sz300436,119.03,99.19,100.01,16083200.0,119.03,1237100,0.0,0,20.0,119.03,99.53,16083200,1774740000.0,11.76,19.66,162.74,189.58,119.03,79.35,2.24
兴齐眼药,sz300573,68.18,65.8,66.6,5929900.0,68.18,100,68.19,12000,3.62,68.22,66.06,5929900,399470000.0,3.13,3.28,129.22,168.02,78.96,52.64,1.61
安科生物,sz300009,9.77,9.45,9.52,30962700.0,9.76,30300,9.77,52500,3.39,9.78,9.41,30962700,299110000.0,2.52,3.92,120.2,163.29,11.34,7.56,1.62
中公高科,sh603860,32.04,31.6,32.34,1897000.0,32.02,2000,32.04,2300,1.39,32.5,31.75,1897000,60960000.0,2.84,2.37,21.36,21.36,34.76,28.44,1.04
浙江正特,sz001238,48.93,48.06,48.74,415800.0,48.91,1000,48.93,1400,1.81,49.28,48.19,415800,20260000.0,0.4,2.27,50.72,54.22,52.87,43.25,1.28
泓博医药,sz301230,43.79,40.61,40.21,22650900.0,43.79,29200,43.8,53200,7.83,43.83,39.52,22650900,951080000.0,18.03,10.61,55.01,61.12,48.73,32.49,2.21
志特新材,sz300986,24.95,24.53,25.54,21005300.0,24.95,19400,24.96,22200,1.71,25.54,24.42,21005300,523830000.0,5.1,4.57,102.7,102.79,29.44,19.62,1.11
中钢天源,sz002057,9.33,9.2,9.36,9367900.0,9.32,14200,9.33,45900,1.41,9.4,9.26,9367900,87330000.0,1.24,1.52,70.29,70.34,10.12,8.28,0.78
华虹公司,sh688347,113.95,105.9,110.0,1820231400.0,113.94,200,113.95,17300,7.6,114.55,108.5,1820231400,2031260000.0,4.46,5.71,464.63,1980.03,127.08,84.72,1.38
震安科技,sz300767,18.79,18.28,18.6,5640600.0,18.78,11700,18.79,3300,2.79,19.35,18.52,5640600,105780000.0,2.35,4.54,45.08,51.92,21.94,14.62,0.83
百合股份,sh603102,41.63,41.2,41.52,420000.0,41.49,500,41.63,200,1.04,41.98,41.3,420000,17460000.0,0.66,1.65,26.64,26.64,45.32,37.08,0.63
铁科轨道,sh688569,20.82,21.86,21.7,519307400.0,20.81,15300,20.82,1300,-4.76,22.0,20.73,519307400,109920000.0,2.47,5.81,43.86,43.86,26.23,17.49,2.16
名臣健康,sz002919,20.17,19.74,20.14,3992900.0,20.16,5100,20.17,37200,2.18,20.3,19.9,3992900,80360000.0,1.51,2.03,53.33,53.76,21.71,17.77,1.07
仁信新材,sz301395,15.98,15.71,15.97,3229500.0,15.98,2500,15.99,4800,1.72,16.31,15.71,3229500,51550000.0,2.35,3.82,21.96,38.81,18.85,12.57,0.78
合合信息,sh688615,175.0,169.8,173.44,257806100.0,175.0,500,175.02,1200,3.06,176.24,171.88,257806100,449210000.0,2.67,2.57,169.17,245.0,203.76,135.84,1.31
森萱医药,bj920946,9.9,9.51,9.58,3577200.0,9.89,21100,9.9,34400,4.1,9.98,9.56,3577200,35121500.0,0.84,4.42,42.25,42.26,12.36,6.66,1.82
万通液压,bj920839,32.43,32.09,32.41,1091000.0,32.43,3400,32.45,8300,1.06,32.81,31.71,1091000,35187900.0,1.68,3.43,21.1,38.34,41.71,22.47,1.08
美好医疗,sz301363,26.56,25.43,26.1,9526800.0,26.55,15400,26.56,1300,4.44,26.86,25.7,9526800,251030000.0,2.55,4.56,99.12,151.09,30.52,20.34,1.58
上海物贸,sh600822,10.16,10.1,10.19,2813900.0,10.15,18000,10.16,23900,0.59,10.28,10.09,2813900,28530000.0,0.71,1.88,40.25,50.39,11.11,9.09,0.73
光华股份,sz001333,25.47,24.32,24.6,4528500.0,25.46,3100,25.47,13700,4.73,25.55,24.53,4528500,113890000.0,10.29,4.19,11.21,32.6,26.75,21.89,1.99
中国船舶,sh600150,31.05,30.84,31.3,57389800.0,31.05,40900,31.06,45500,0.68,31.44,30.88,57389800,1785580000.0,0.76,1.82,2336.71,2336.71,33.92,27.76,0.83
中南传媒,sh601098,11.16,10.99,11.06,8775100.0,11.15,200400,11.16,172500,1.55,11.17,11.0,8775100,97260000.0,0.49,1.55,200.43,200.43,12.09,9.89,1.3
华特达因,sz000915,32.11,31.19,31.5,3684800.0,32.1,600,32.11,3600,2.95,32.11,31.21,3684800,117190000.0,1.57,2.89,75.2,75.24,34.31,28.07,1.47
鼎龙科技,sh603004,22.02,21.58,21.8,1989500.0,22.01,1600,22.02,7100,2.04,22.05,21.75,1989500,43610000.0,3.38,1.39,12.97,51.86,23.74,19.42,1.12
聚赛龙,sz301131,42.1,41.6,42.45,898400.0,42.08,500,42.1,15900,1.2,42.69,41.74,898400,37900000.0,2.29,2.28,16.48,23.01,49.92,33.28,0.75
西安奕材-U,sh688783,21.64,21.12,21.54,361474300.0,21.64,31500,21.65,2000,2.46,21.79,21.3,361474300,77990000.0,2.2,2.32,35.62,873.78,25.34,16.9,0.97
聚胶股份,sz301283,45.5,44.28,44.89,890100.0,45.4,100,45.5,1200,2.76,45.64,44.63,890100,40320000.0,1.41,2.28,28.79,36.59,53.14,35.42,1.12
全新好,sz000007,13.11,12.95,13.15,5621600.0,13.11,2900,13.12,21000,1.24,13.45,13.01,5621600,74140000.0,1.62,3.4,45.42,45.42,14.25,11.66,1.02
海普瑞,sz002399,11.55,11.34,11.43,6102000.0,11.54,4100,11.55,38300,1.85,11.59,11.22,6102000,70000000.0,0.49,3.26,144.05,169.47,12.47,10.21,1.37
美思德,sh603041,12.82,12.69,12.82,2251700.0,12.78,12200,12.82,200,1.02,12.97,12.72,2251700,28910000.0,1.23,1.97,23.48,23.48,13.96,11.42,0.83
威胜信息,sh688100,36.96,36.36,37.08,233737500.0,36.95,1100,36.96,5000,1.65,37.21,36.62,233737500,86170000.0,0.48,1.62,181.73,181.73,43.63,29.09,0.95
安德利,sh605198,37.96,40.35,39.6,4058900.0,37.96,2900,38.0,4100,-5.92,39.98,37.83,4058900,155690000.0,1.5,5.33,102.7,126.86,44.39,36.32,1.55
深科技,sz000021,26.67,25.79,26.86,73413700.0,26.66,28000,26.67,1800,3.41,27.21,26.4,73413700,1962710000.0,4.67,3.14,419.1,419.17,28.37,23.21,0.88
福元医药,sh601089,24.39,23.06,23.31,6204200.0,24.38,29100,24.39,8400,5.77,24.6,23.25,6204200,149250000.0,1.29,5.85,117.07,117.07,25.37,20.75,1.99
ST京机,sz000821,12.12,11.67,11.88,24424900.0,12.12,70100,12.13,56000,3.86,12.25,11.74,24424900,293680000.0,4.04,4.37,73.28,75.49,12.25,11.09,1.28
四方科技,sh603339,12.9,12.68,12.81,1675300.0,12.89,6600,12.9,6700,1.74,12.9,12.75,1675300,21500000.0,0.54,1.18,39.92,39.92,13.95,11.41,0.61
隆达股份,sh688231,30.56,29.9,30.38,183226000.0,30.53,1000,30.56,200,2.21,30.95,30.17,183226000,55920000.0,0.74,2.61,75.44,75.44,35.88,23.92,0.66
嘉益股份,sz301004,48.75,45.96,46.55,1015000.0,48.75,500,48.76,500,6.07,48.88,46.48,1015000,48470000.0,0.75,5.22,66.24,71.08,55.15,36.77,2.2
慕思股份,sz001323,24.55,24.22,24.34,645100.0,24.52,100,24.55,4500,1.36,24.6,24.24,645100,15780000.0,0.21,1.49,76.41,106.81,26.64,21.8,0.5
理邦仪器,sz300206,13.69,13.08,13.34,17545200.0,13.68,67700,13.69,15200,4.66,13.78,13.17,17545200,237750000.0,5.19,4.66,46.32,79.36,15.7,10.46,1.34
宏德股份,sz301163,29.5,28.86,29.5,1777900.0,29.5,5300,29.53,600,2.22,29.88,29.15,1777900,52380000.0,3.25,2.53,16.14,24.07,34.63,23.09,0.71
洪通燃气,sh605169,12.27,12.18,12.2,4388300.0,12.27,5000,12.28,23100,0.74,12.27,11.97,4388300,53350000.0,1.55,2.46,34.71,34.71,13.4,10.96,0.48
亚通精工,sh603190,25.04,24.76,25.2,1346700.0,25.0,5000,25.04,6400,1.13,25.45,24.79,1346700,33720000.0,3.28,2.67,10.3,31.18,27.24,22.28,1.01
阳谷华泰,sz300121,11.98,11.62,11.88,7378800.0,11.97,21100,11.98,35800,3.1,11.99,11.81,7378800,87910000.0,1.72,1.55,51.44,53.34,13.94,9.3,0.71
光格科技,sh688450,35.0,34.53,35.02,127329600.0,35.0,2400,35.02,2000,1.36,35.49,34.02,127329600,44110000.0,2.6,4.26,17.13,23.1,41.44,27.62,0.72
云涌科技,sh688060,44.43,42.88,43.28,40507000.0,44.43,1700,44.44,1000,3.61,44.49,43.28,40507000,17850000.0,0.67,2.82,26.74,26.74,51.46,34.3,0.93
特宝生物,sh688278,66.8,64.8,65.07,333861700.0,66.76,700,66.8,16200,3.09,67.1,64.42,333861700,220870000.0,0.82,4.14,272.67,272.67,77.76,51.84,1.71
地铁设计,sz003013,13.34,13.29,13.46,3527400.0,13.34,10600,13.35,20000,0.38,13.47,13.24,3527400,47020000.0,0.88,1.73,53.35,61.47,14.62,11.96,1.35
国药股份,sh600511,29.3,29.3,29.74,7723500.0,29.3,6500,29.32,3400,0.0,29.74,29.0,7723500,225890000.0,1.4,2.53,162.13,221.07,32.23,26.37,1.55
八方股份,sh603489,33.0,33.15,33.72,3950700.0,32.99,7400,33.0,600,-0.45,33.93,32.9,3950700,131540000.0,1.68,3.11,77.42,77.42,36.47,29.84,0.83
美畅股份,sz300861,16.05,15.63,15.91,8629800.0,16.05,2200,16.06,2000,2.69,16.08,15.73,8629800,137310000.0,2.05,2.24,67.71,107.83,18.76,12.5,1.0
华鑫股份,sh600621,14.18,13.96,14.21,8038200.0,14.18,16400,14.19,20800,1.58,14.24,14.03,8038200,113760000.0,0.76,1.5,150.44,150.44,15.36,12.56,0.73
科新机电,sz300092,15.7,15.29,15.81,3896400.0,15.69,10100,15.7,8200,2.68,15.9,15.48,3896400,60900000.0,1.86,2.75,32.95,43.01,18.35,12.23,0.52
濮阳惠成,sz300481,15.02,14.77,14.98,5663500.0,15.01,25200,15.02,100,1.69,15.09,14.88,5663500,84830000.0,1.95,1.42,43.57,43.84,17.72,11.82,0.84
南都电源,sz300068,13.21,13.04,13.45,35597900.0,13.21,265800,13.22,89100,1.3,13.48,13.07,35597900,470590000.0,4.17,3.14,112.71,118.67,15.65,10.43,0.65
菜百股份,sh605599,22.63,22.55,22.78,6010500.0,22.63,2200,22.65,2300,0.35,22.97,22.45,6010500,136800000.0,0.77,2.31,176.01,176.01,24.81,20.3,1.28
跃岭股份,sz002725,15.11,14.89,15.17,4332400.0,15.1,47700,15.11,28300,1.48,15.28,14.92,4332400,65300000.0,2.04,2.42,32.04,38.68,16.38,13.4,0.59
银都股份,sh603277,14.44,14.55,14.56,2962000.0,14.44,5700,14.46,8000,-0.76,14.73,14.38,2962000,43010000.0,0.49,2.41,88.05,88.62,16.01,13.1,2.38
华瓷股份,sz001216,18.28,17.44,17.8,8189400.0,18.27,6900,18.28,20200,4.82,18.75,17.6,8189400,149460000.0,3.34,6.59,44.89,46.04,19.18,15.7,1.84
以岭药业,sz002603,17.12,16.84,16.96,14412400.0,17.12,17200,17.13,111100,1.66,17.17,16.75,14412400,245560000.0,1.05,2.49,235.72,286.02,18.52,15.16,1.18
汇通控股,sh603409,38.98,37.81,37.9,2479800.0,38.98,6700,38.99,2400,3.09,39.43,37.9,2479800,96550000.0,6.86,4.05,14.1,49.13,41.59,34.03,1.79
协昌科技,sz301418,37.34,36.81,37.23,756900.0,37.33,200,37.34,200,1.44,37.79,36.95,756900,28220000.0,2.57,2.28,10.99,27.38,44.17,29.45,0.86
双乐股份,sz301036,28.51,27.93,28.34,1004000.0,28.5,100,28.51,3600,2.08,28.51,28.07,1004000,28470000.0,1.43,1.58,20.08,28.51,33.52,22.34,1.07
运达股份,sz300772,18.94,19.05,19.27,15021800.0,18.94,104500,18.95,700,-0.58,19.48,18.77,15021800,286330000.0,2.15,3.73,132.18,149.03,22.86,15.24,0.77
华润双鹤,sh600062,18.79,18.57,18.69,14539700.0,18.78,28200,18.79,24500,1.18,18.84,18.48,14539700,271990000.0,1.41,1.94,194.1,195.15,20.43,16.71,1.65
富乐德,sz301297,34.01,32.95,33.59,3707300.0,34.0,8900,34.01,100,3.22,34.22,33.45,3707300,125190000.0,1.02,2.34,123.45,252.76,39.54,26.36,1.32
美邦股份,sh605033,23.13,22.82,23.21,2170200.0,23.13,11200,23.14,38300,1.36,23.3,22.83,2170200,49970000.0,1.61,2.06,31.27,31.27,25.1,20.54,0.73
易德龙,sh603380,33.81,33.28,33.69,981400.0,33.8,100,33.81,2100,1.59,34.05,33.57,981400,33160000.0,0.61,1.44,54.25,54.25,36.61,29.95,0.96
瑞普生物,sz300119,17.9,17.43,17.66,5355500.0,17.9,43300,17.91,4700,2.7,17.98,17.51,5355500,95230000.0,1.61,2.7,59.72,83.19,20.92,13.94,1.03
禾昌聚合,bj920089,18.09,17.9,18.1,1057000.0,18.09,1400,18.12,700,1.06,18.3,18.0,1057000,19173500.0,1.23,1.68,15.52,27.26,23.27,12.53,1.25
永臻股份,sh603381,23.92,23.49,23.8,8558100.0,23.91,23700,23.92,200,1.83,24.77,23.6,8558100,206180000.0,6.02,4.98,34.0,56.75,25.84,21.14,0.78
坤泰股份,sz001260,20.98,20.72,21.25,1355200.0,20.93,300,20.98,4200,1.25,21.25,20.75,1355200,28400000.0,1.18,2.41,24.13,24.13,22.79,18.65,0.78
正海生物,sz300653,20.03,19.5,19.76,2997800.0,20.03,6900,20.04,1200,2.72,20.17,19.58,2997800,59860000.0,1.67,3.03,36.05,36.05,23.4,15.6,1.21
中信博,sh688408,36.68,35.68,36.25,422139900.0,36.66,2200,36.68,3300,2.8,37.19,35.9,422139900,154040000.0,1.93,3.62,80.35,80.35,42.82,28.54,0.65
天德钰,sh688252,20.93,20.44,20.82,329672100.0,20.93,0,20.94,42700,2.4,21.16,20.62,329672100,68760000.0,0.81,2.64,85.61,85.61,24.53,16.35,0.84
中电港,sz001287,23.95,24.23,24.73,26789800.0,23.95,25300,23.96,23100,-1.16,24.95,23.64,26789800,646730000.0,6.12,5.41,104.76,182.0,26.65,21.81,0.67
星辉环材,sz300834,36.24,30.2,36.23,17932000.0,36.24,1888400,0.0,0,20.0,36.24,33.25,17932000,647200000.0,9.32,9.9,69.74,70.2,36.24,24.16,4.42
交控科技,sh688015,22.02,22.64,22.81,313739300.0,22.02,26100,22.03,1000,-2.74,22.89,21.78,313739300,69330000.0,1.66,4.9,41.55,41.55,27.17,18.11,1.67
上海亚虹,sh603159,24.97,24.75,24.88,983700.0,24.97,4800,25.0,2600,0.89,25.21,24.78,983700,24530000.0,0.7,1.74,34.96,34.96,27.23,22.28,0.47
信音电子,sz301329,22.53,22.04,22.5,2892100.0,22.53,1300,22.57,1100,2.22,22.73,22.22,2892100,64960000.0,4.82,2.31,13.51,38.35,26.45,17.63,0.62
振江股份,sh603507,41.3,42.3,42.8,18719800.0,41.28,6200,41.3,2000,-2.36,42.9,40.0,18719800,772380000.0,10.3,6.86,75.07,76.12,46.53,38.07,1.03
鸿泉技术,sh688288,27.32,30.6,29.1,1213707100.0,27.32,18100,27.4,600,-10.72,29.89,26.06,1213707100,339180000.0,12.16,12.52,27.27,27.27,36.72,24.48,2.33
楚环科技,sz001336,26.78,26.62,27.33,1807700.0,26.78,900,26.79,2500,0.6,27.62,26.46,1807700,48530000.0,3.88,4.36,12.47,21.52,29.28,23.96,1.0
星网锐捷,sz002396,25.99,25.48,26.01,18014100.0,25.99,12300,26.0,10100,2.0,26.35,25.83,18014100,469930000.0,3.09,2.04,151.59,152.22,28.03,22.93,0.99
蓝宇股份,sz301585,27.96,27.62,27.88,458000.0,27.94,5200,27.96,2900,1.23,28.15,27.7,458000,12770000.0,0.67,1.63,19.04,29.08,33.14,22.1,0.73
科伦药业,sz002422,36.19,34.69,35.0,33300400.0,36.19,56000,36.2,63100,4.32,36.45,34.71,33300400,1193310000.0,2.55,5.02,472.6,578.34,38.16,31.22,1.68
灿瑞科技,sh688061,30.38,29.6,30.1,85169200.0,30.32,21800,30.38,3300,2.64,30.56,29.84,85169200,25730000.0,1.89,2.43,13.68,34.9,35.52,23.68,0.52
安旭生物,sh688075,39.24,37.23,37.81,126773600.0,39.24,700,39.26,1100,5.4,39.35,37.61,126773600,49160000.0,1.0,4.67,49.87,49.87,44.68,29.78,2.3
卓创资讯,sz301299,67.17,67.54,68.76,2975000.0,67.16,200,67.17,6500,-0.55,70.0,66.01,2975000,201060000.0,6.69,5.91,29.89,40.56,81.05,54.03,1.2
卓易信息,sh688258,112.9,106.44,111.52,476150400.0,112.88,300,112.9,1300,6.07,115.75,109.02,476150400,536020000.0,3.93,6.32,136.77,136.77,127.73,85.15,1.62
汇顶科技,sh603160,66.05,65.9,67.15,5120200.0,66.05,9300,66.06,1000,0.23,67.22,65.93,5120200,340210000.0,1.1,1.96,307.35,307.35,72.49,59.31,1.39
山西汾酒,sh600809,144.38,143.06,143.6,6972600.0,144.37,19000,144.38,8100,0.92,145.89,142.06,6972600,1004410000.0,0.57,2.68,1761.38,1761.38,157.37,128.75,1.42
药明康德,sh603259,103.81,98.1,100.06,79027600.0,103.81,15700,103.82,4300,5.82,104.11,98.08,79027600,8034480000.0,3.2,6.15,2567.51,3097.44,107.91,88.29,1.89
百利天恒,sh688506,312.9,278.0,278.56,343240300.0,312.5,200,312.9,100,12.55,315.0,278.56,343240300,1033550000.0,0.83,13.11,1291.88,1291.88,333.6,222.4,1.56
康乐卫士,bj920575,7.86,7.35,7.46,7647700.0,7.85,5900,7.86,33500,6.94,8.05,7.35,7647700,58805600.00000001,4.07,9.52,14.76,22.08,9.55,5.15,2.21
美邦科技,bj920471,12.45,12.38,12.58,1008600.0,12.45,21000,12.46,11900,0.57,12.64,12.4,1008600,12605700.0,1.9,1.94,6.6,10.36,16.09,8.67,0.45
生物谷,bj920266,7.91,7.68,7.78,1200500.0,7.91,90500,7.92,11100,2.99,7.94,7.72,1200500,9405400.0,1.01,2.86,9.37,9.81,9.98,5.38,1.25
佰维存储,sh688525,215.6,211.99,228.0,4414374700.0,215.59,700,215.6,38900,1.7,232.88,210.67,4414374700,9718140000.0,9.45,10.48,1007.14,1007.14,254.39,169.59,1.1
哈铁科技,sh688459,9.27,9.45,9.46,300296400.0,9.27,18500,9.28,40900,-1.9,9.52,9.25,300296400,28000000.0,1.71,2.86,16.28,44.5,11.34,7.56,1.28
洁特生物,sh688026,16.89,16.42,16.73,152013400.0,16.89,11100,16.9,13700,2.86,16.9,16.44,152013400,25430000.0,1.08,2.8,23.7,23.71,19.7,13.14,0.85
中微公司,sh688012,313.54,306.38,314.33,742116900.0,313.54,0,313.55,200,2.34,318.88,310.63,742116900,2332640000.0,1.19,2.69,1963.22,1963.22,367.66,245.1,0.94
确成股份,sh605183,19.05,18.36,18.57,3636200.0,19.05,500,19.06,2300,3.76,19.17,18.57,3636200,68980000.0,0.88,3.27,78.57,79.23,20.2,16.52,1.17
联德股份,sh605060,52.2,49.85,51.1,8068800.0,52.2,70200,52.25,1400,4.71,53.27,50.02,8068800,420300000.0,3.38,6.52,124.73,125.59,54.84,44.87,1.76
威奥股份,sh605001,7.52,7.65,7.69,9225600.0,7.52,96400,7.53,1700,-1.7,7.79,7.46,9225600,69870000.0,2.35,4.31,29.55,29.55,8.42,6.89,1.28
卫信康,sh603676,10.95,10.6,10.7,2732100.0,10.95,18100,10.96,18600,3.3,10.96,10.61,2732100,29580000.0,0.63,3.3,47.65,47.65,11.66,9.54,1.44
杭电股份,sh603618,28.38,28.49,28.99,96850300.0,28.38,33000,28.39,600,-0.39,29.35,25.99,96850300,2711510000.0,14.01,11.79,196.21,196.21,31.34,25.64,1.03
天创时尚,sh603608,9.87,9.51,9.67,12257500.0,9.87,5400,9.88,93100,3.79,10.04,9.65,12257500,120840000.0,2.92,4.1,41.43,41.43,10.46,8.56,1.17
纵横通信,sh603602,13.08,12.97,13.2,3340100.0,13.07,22200,13.08,33800,0.85,13.3,12.91,3340100,43620000.0,1.45,3.01,30.22,30.22,14.27,11.67,1.19
广信股份,sh603599,14.34,14.49,14.65,10724200.0,14.34,89400,14.35,2300,-1.04,14.77,14.31,10724200,155020000.0,1.18,3.17,130.53,130.53,15.94,13.04,0.54
高能环境,sh603588,15.09,14.95,15.4,104356100.0,15.08,23100,15.09,88000,0.94,15.8,14.9,104356100,1605210000.0,6.85,6.02,229.86,229.86,16.45,13.46,1.47
三星新材,sh603578,12.7,12.66,12.82,2547000.0,12.7,2000,12.74,4100,0.32,12.89,12.62,2547000,32540000.0,1.41,2.13,22.91,29.73,13.93,11.39,0.61
惠达卫浴,sh603385,6.75,6.72,6.8,3024100.0,6.74,13700,6.75,41600,0.45,6.87,6.66,3024100,20410000.0,0.79,3.12,25.69,25.69,7.39,6.05,0.81
天洋新材,sh603330,6.78,6.66,6.72,5064200.0,6.77,26800,6.78,84600,1.8,6.85,6.7,5064200,34250000.0,1.17,2.25,29.34,29.34,7.33,5.99,0.95
泰瑞机器,sh603289,11.52,11.2,11.39,8338900.0,11.51,6800,11.52,49600,2.86,11.67,11.31,8338900,95700000.0,2.84,3.21,33.8,33.8,12.32,10.08,1.15
小方制药,sh603207,28.3,27.53,27.89,1088600.0,28.3,500,28.31,100,2.8,28.37,27.53,1088600,30610000.0,2.0,3.05,15.4,45.51,30.28,24.78,1.23
和邦生物,sh603077,2.81,2.81,2.86,204976500.0,2.81,3135300,2.82,1959100,0.0,2.87,2.78,204976500,577260000.0,2.32,3.2,248.17,248.17,3.09,2.53,0.62
科林电气,sh603050,20.15,19.91,20.2,3431700.0,20.14,200,20.15,11600,1.21,20.65,19.97,3431700,69390000.0,0.85,3.42,81.27,81.27,21.9,17.92,0.61
晶方科技,sh603005,27.01,26.36,26.93,18030500.0,27.01,143100,27.02,39900,2.47,27.2,26.76,18030500,485690000.0,2.76,1.67,176.15,176.15,29.0,23.72,0.97
中国出版,sh601949,6.34,6.34,6.42,7021100.0,6.34,171700,6.35,13200,0.0,6.43,6.31,7021100,44610000.0,0.37,1.89,120.71,120.71,6.97,5.71,0.78
浙商银行,sh601916,2.99,3.0,3.02,176226700.0,2.98,4995800,2.99,4533000,-0.33,3.03,2.97,176226700,527730000.0,0.82,2.0,644.18,821.19,3.3,2.7,1.11
方正证券,sh601901,6.88,6.79,6.86,60690900.0,6.87,110800,6.88,440800,1.33,6.9,6.81,60690900,415950000.0,0.74,1.33,566.37,566.37,7.47,6.11,1.16
紫金银行,sh601860,2.75,2.78,2.8,56892100.0,2.75,614700,2.76,1257500,-1.08,2.8,2.74,56892100,157140000.0,1.6,2.16,97.67,100.68,3.06,2.5,0.92
光大银行,sh601818,3.2,3.21,3.23,279995700.0,3.2,8233200,3.21,9263500,-0.31,3.24,3.2,279995700,901020000.0,0.6,1.25,1485.02,1890.74,3.53,2.89,1.22
新华文轩,sh601811,13.75,13.52,13.62,2960500.0,13.74,19600,13.75,26800,1.7,13.75,13.52,2960500,40480000.0,0.37,1.7,108.89,169.65,14.87,12.17,0.97
华峰铝业,sh601702,19.67,19.36,19.67,10856400.0,19.66,4900,19.67,12300,1.6,19.82,19.31,10856400,212660000.0,1.09,2.63,196.41,196.41,21.3,17.42,0.7
平煤股份,sh601666,8.28,8.16,8.16,32825800.0,8.28,463800,8.29,79400,1.47,8.34,8.03,32825800,269750000.0,1.33,3.8,204.46,204.46,8.98,7.34,0.86
齐鲁银行,sh601665,5.8,5.76,5.78,57428200.0,5.79,143200,5.8,112900,0.69,5.88,5.76,57428200,334300000.0,0.93,2.08,356.92,356.92,6.34,5.18,1.01
金田股份,sh601609,10.11,10.29,10.4,33806200.0,10.1,385400,10.11,9800,-1.75,10.42,10.06,33806200,343500000.0,1.96,3.5,174.77,174.77,11.32,9.26,1.47
浙文影业,sh601599,3.91,3.88,3.93,20998800.0,3.91,113300,3.92,325600,0.77,3.95,3.88,20998800,82170000.0,1.81,1.8,45.38,45.38,4.27,3.49,0.94
林洋能源,sh601222,6.2,6.13,6.2,23975600.0,6.19,119500,6.2,278600,1.14,6.28,6.15,23975600,149020000.0,1.16,2.12,127.73,127.73,6.74,5.52,0.53
上海环境,sh601200,8.5,8.41,8.55,12115100.0,8.5,76700,8.51,36000,1.07,8.61,8.46,12115100,103170000.0,0.9,1.78,114.43,114.43,9.25,7.57,0.66
三角轮胎,sh601163,14.4,13.94,14.18,6686800.0,14.4,59900,14.41,1400,3.3,14.48,14.06,6686800,95570000.0,0.84,3.01,115.2,115.2,15.33,12.55,1.79
深圳燃气,sh601139,7.18,7.06,7.08,37075700.0,7.18,900,7.19,205000,1.7,7.25,7.05,37075700,265890000.0,1.29,2.83,206.55,206.55,7.77,6.35,0.61
太平洋,sh601099,3.78,3.75,3.79,61707300.0,3.78,916600,3.79,5603700,0.8,3.8,3.76,61707300,233260000.0,0.91,1.07,257.66,257.66,4.13,3.38,0.8
宏盛华源,sh601096,5.7,5.62,5.73,26221800.0,5.7,31700,5.71,499000,1.42,5.77,5.63,26221800,149210000.0,1.6,2.49,93.65,152.48,6.18,5.06,0.73
江盐集团,sh601065,8.41,8.33,8.4,4917100.0,8.41,2000,8.42,47600,0.96,8.42,8.34,4917100,41220000.0,1.18,0.96,35.01,54.06,9.16,7.5,0.68
宁波港,sh601018,4.06,4.09,4.12,53585500.0,4.06,311600,4.07,451900,-0.73,4.16,4.02,53585500,218160000.0,0.28,3.42,789.85,789.85,4.5,3.68,1.19
重庆钢铁,sh601005,1.43,1.42,1.44,86957700.0,1.42,23651000,1.43,7026700,0.7,1.45,1.42,86957700,124430000.0,1.05,2.11,118.89,126.58,1.56,1.28,0.7
唐山港,sh601000,4.75,4.69,4.69,96739500.0,4.74,51400,4.75,25100,1.28,4.79,4.62,96739500,455210000.0,1.63,3.62,281.48,281.48,5.16,4.22,1.82
苏豪汇鸿,sh600981,3.12,3.12,3.16,22474100.0,3.11,125500,3.12,440100,0.0,3.19,3.09,22474100,70250000.0,1.0,3.21,69.96,69.96,3.43,2.81,1.05
维远股份,sh600955,17.3,17.34,17.5,11850300.0,17.29,6200,17.3,4800,-0.23,17.75,17.24,11850300,207320000.0,2.15,2.94,95.15,95.15,19.07,15.61,0.69
西安银行,sh600928,3.62,3.64,3.65,17414700.0,3.62,376200,3.63,146500,-0.55,3.66,3.61,17414700,63330000.0,0.39,1.37,160.13,160.89,4.0,3.28,0.83
苏能股份,sh600925,4.65,4.65,4.67,15693700.0,4.65,240500,4.66,80200,0.0,4.68,4.61,15693700,72950000.0,0.98,1.51,74.68,320.33,5.12,4.19,0.47
杉杉股份,sh600884,13.41,13.27,13.48,43877600.0,13.41,309000,13.42,150100,1.06,13.58,13.21,43877600,587780000.0,2.39,2.79,246.09,301.65,14.6,11.94,0.62
星湖科技,sh600866,7.3,7.13,7.22,20165100.0,7.3,44900,7.31,129600,2.38,7.32,7.21,20165100,146530000.0,1.61,1.54,91.67,121.29,7.84,6.42,0.85
金开新能,sh600821,9.04,8.78,9.0,328582900.0,9.04,1774500,9.05,968100,2.96,9.28,8.68,328582900,2971620000.0,16.7,6.83,177.85,177.85,9.66,7.9,0.68
轻纺城,sh600790,3.82,3.75,3.78,11809200.0,3.82,327800,3.83,56600,1.87,3.89,3.75,11809200,45130000.0,0.81,3.73,55.99,55.99,4.13,3.38,1.22
新钢股份,sh600782,3.61,3.57,3.62,41225800.0,3.61,19100,3.62,849000,1.12,3.63,3.6,41225800,148910000.0,1.31,0.84,113.56,114.94,3.93,3.21,0.81
西藏城投,sh600773,17.65,18.23,18.18,30732000.0,17.65,8400,17.66,500,-3.18,18.45,17.58,30732000,550180000.0,3.23,4.77,167.96,167.96,20.05,16.41,0.6
广誉远,sh600771,17.14,16.91,17.01,5672700.0,17.14,25900,17.15,42500,1.36,17.15,16.94,5672700,96810000.0,1.16,1.24,83.9,83.9,18.6,15.22,0.93
长江传媒,sh600757,8.88,8.83,8.9,8551700.0,8.88,323900,8.9,28600,0.57,8.92,8.82,8551700,75880000.0,0.7,1.13,107.76,107.77,9.71,7.95,1.13
华电能源,sh600726,5.91,6.41,6.27,432277300.0,5.91,134700,5.92,79400,-7.8,6.27,5.77,432277300,2572140000.0,5.78,7.8,441.79,467.32,7.05,5.77,0.97
南京医药,sh600713,5.41,5.28,5.3,17947600.0,5.4,66400,5.41,266400,2.46,5.42,5.26,17947600,96530000.0,1.39,3.03,69.78,70.81,5.81,4.75,1.52
上海石化,sh600688,2.91,2.88,2.9,38740400.0,2.9,1438300,2.91,328600,1.04,2.94,2.89,38740400,112950000.0,0.53,1.74,213.27,306.79,3.17,2.59,0.74
光明乳业,sh600597,7.56,7.58,7.62,6517100.0,7.56,11100,7.57,88900,-0.26,7.64,7.52,6517100,49240000.0,0.47,1.58,104.21,104.21,8.34,6.82,1.12
士兰微,sh600460,25.99,25.52,26.05,18739900.0,25.99,32300,26.0,162900,1.84,26.13,25.75,18739900,486000000.0,1.13,1.49,432.49,432.49,28.07,22.97,0.92
冠豪高新,sh600433,3.68,3.72,3.79,46789300.0,3.67,118600,3.68,241200,-1.08,3.85,3.65,46789300,173160000.0,2.67,5.38,64.41,64.41,4.09,3.35,0.64
三友化工,sh600409,7.21,6.94,7.06,42387600.0,7.21,68600,7.22,64200,3.89,7.37,7.02,42387600,305050000.0,2.05,5.04,148.84,148.84,7.63,6.25,0.95
盘江股份,sh600395,5.66,5.67,5.77,46719300.0,5.66,74800,5.67,13900,-0.18,5.82,5.62,46719300,266610000.0,2.18,3.53,121.5,121.5,6.24,5.1,0.69
浙江龙盛,sh600352,13.41,13.01,13.26,44639600.0,13.41,73200,13.42,36000,3.07,13.66,13.22,44639600,598560000.0,1.37,3.38,436.27,436.27,14.31,11.71,1.1
美克家居,sh600337,2.55,2.57,2.63,26054200.0,2.55,201800,2.56,128900,-0.78,2.63,2.53,26054200,66630000.0,1.81,3.89,36.64,36.64,2.83,2.31,0.66
广西能源,sh600310,5.71,6.34,5.89,178598100.0,0.0,0,5.71,41517800,-9.94,5.98,5.71,178598100,1029950000.0,12.19,4.26,83.69,83.69,6.97,5.71,0.67
华泰股份,sh600308,3.83,3.78,3.84,12702700.0,3.82,112300,3.83,178800,1.32,3.86,3.79,12702700,48600000.0,0.84,1.85,58.1,58.1,4.16,3.4,0.85
酒钢宏兴,sh600307,1.98,2.01,2.04,169857000.0,1.97,6298600,1.98,1296400,-1.49,2.05,1.95,169857000,337940000.0,2.71,4.98,124.01,124.01,2.21,1.81,0.62
维维股份,sh600300,3.57,3.52,3.55,38611400.0,3.56,87500,3.57,528000,1.42,3.63,3.51,38611400,138030000.0,2.39,3.41,57.73,57.73,3.87,3.17,1.15
钱江水利,sh600283,9.25,9.23,9.24,4504200.0,9.24,43200,9.25,46200,0.22,9.29,9.19,4504200,41590000.0,0.83,1.08,50.34,51.88,10.15,8.31,0.78
阳光照明,sh600261,3.7,3.66,3.7,10775900.0,3.69,84300,3.7,380300,1.09,3.74,3.67,10775900,39820000.0,0.81,1.91,49.4,49.4,4.03,3.29,0.63
民丰特纸,sh600235,6.73,6.67,6.85,6565600.0,6.72,18800,6.73,37700,0.9,6.85,6.65,6565600,44160000.0,1.87,3.0,23.64,23.64,7.34,6.0,0.95
浙江医药,sh600216,16.23,16.07,16.33,31583800.0,16.22,13300,16.23,15100,1.0,16.43,15.97,31583800,511250000.0,3.32,2.86,154.41,156.07,17.68,14.46,0.83
雅戈尔,sh600177,7.67,7.67,7.71,25521700.0,7.67,26300,7.69,19100,0.0,7.73,7.6,25521700,195770000.0,0.55,1.69,354.62,354.62,8.44,6.9,0.96
国投资本,sh600061,7.01,6.93,7.01,22815800.0,7.0,143500,7.01,471100,1.15,7.04,6.97,22815800,159700000.0,0.36,1.01,448.22,448.22,7.62,6.24,0.85
楚天高速,sh600035,3.9,3.86,3.88,9775900.0,3.89,43100,3.9,870700,1.04,3.9,3.86,9775900,37970000.0,0.61,1.04,62.79,62.79,4.25,3.47,0.63
浙江新能,sh600032,9.8,9.97,10.1,75652900.0,9.79,57700,9.8,178500,-1.71,10.16,9.71,75652900,745770000.0,3.15,4.51,235.66,235.66,10.97,8.97,0.5
山东钢铁,sh600022,1.53,1.52,1.54,116501700.0,1.53,4669800,1.54,10677900,0.66,1.55,1.52,116501700,178540000.0,1.09,1.97,163.69,163.69,1.67,1.37,0.79
上港集团,sh600018,5.04,5.09,5.11,75084800.0,5.04,1523900,5.05,27600,-0.98,5.13,5.03,75084800,379480000.0,0.32,1.96,1171.63,1173.31,5.6,4.58,1.59
首创环保,sh600008,3.13,3.13,3.16,66412500.0,3.13,228400,3.14,1816000,0.0,3.17,3.11,66412500,208170000.0,0.9,1.92,229.76,229.76,3.44,2.82,0.62
民生健康,sz301507,14.29,14.01,14.37,3245100.0,14.28,10900,14.29,2300,2.0,14.42,14.02,3245100,46180000.0,2.95,2.86,15.75,50.95,16.81,11.21,0.86
泓淋电力,sz301439,15.81,15.61,15.88,3642800.0,15.79,8600,15.81,101600,1.28,15.94,15.65,3642800,57430000.0,1.99,1.86,28.97,61.52,18.73,12.49,0.69
荣旗科技,sz301360,67.58,66.62,67.6,790400.0,67.57,400,67.58,2800,1.44,68.09,67.05,790400,53450000.0,3.1,1.56,17.21,36.05,79.94,53.3,0.68
明阳电气,sz301291,51.1,50.51,51.88,6981100.0,51.1,10100,51.11,1000,1.17,52.36,50.89,6981100,359780000.0,4.32,2.91,82.6,159.53,60.61,40.41,0.77
万凯新材,sz301216,26.68,26.53,26.55,14547000.0,26.67,13000,26.68,13300,0.57,27.0,26.01,14547000,385400000.0,2.65,3.73,146.29,154.79,31.84,21.22,0.85
观想科技,sz301213,67.68,67.21,68.1,1429500.0,67.65,1200,67.68,4300,0.7,68.59,66.8,1429500,96570000.0,2.76,2.66,35.0,54.14,80.65,53.77,0.91
联检科技,sz301115,20.61,20.03,20.53,3664000.0,20.6,2400,20.61,18200,2.9,20.76,20.3,3664000,75370000.0,2.37,2.3,31.9,37.82,24.04,16.02,1.17
华润材料,sz301090,7.88,7.53,7.68,16323900.0,7.88,69200,7.89,86900,4.65,8.0,7.66,16323900,127320000.0,1.11,4.52,115.91,116.03,9.04,6.02,1.18
上海艾录,sz301062,8.1,7.9,8.05,7069100.0,8.09,8200,8.1,13500,2.53,8.17,7.96,7069100,57100000.0,2.26,2.66,25.32,35.1,9.48,6.32,0.92
兰卫医学,sz301060,10.3,9.89,10.0,7831600.0,10.29,6600,10.3,107000,4.15,10.32,9.93,7831600,79820000.0,2.17,3.94,37.1,41.25,11.87,7.91,1.38
保立佳,sz301037,14.94,14.61,14.99,2538700.0,14.94,1700,14.95,1200,2.26,15.26,14.76,2538700,37960000.0,3.73,3.42,10.16,20.77,17.53,11.69,0.96
读客文化,sz301025,10.58,10.44,10.64,4791700.0,10.57,10200,10.58,62100,1.34,10.7,10.45,4791700,50480000.0,1.73,2.39,29.32,42.35,12.53,8.35,0.81
利安科技,sz300784,48.4,47.37,48.48,755900.0,48.39,2200,48.4,300,2.17,48.91,47.66,755900,36510000.0,4.46,2.64,8.19,27.22,56.84,37.9,1.24
华宝股份,sz300741,16.11,15.85,15.99,1838000.0,16.11,1000,16.13,800,1.64,16.18,15.96,1838000,29540000.0,0.3,1.39,99.22,99.22,19.02,12.68,0.65
新余国科,sz300722,29.22,29.24,29.42,2227700.0,29.21,600,29.22,27400,-0.07,29.53,29.03,2227700,65130000.0,0.8,1.71,80.87,80.87,35.09,23.39,0.69
大烨智能,sz300670,6.52,6.39,6.52,7451100.0,6.5,8500,6.52,11300,2.03,6.64,6.37,7451100,48140000.0,3.32,4.23,14.65,20.66,7.67,5.11,0.88
欧普康视,sz300595,14.48,14.13,14.29,8707100.0,14.48,4900,14.49,8700,2.48,14.51,14.2,8707100,125140000.0,1.3,2.19,96.8,129.64,16.96,11.3,1.26
奥联电子,sz300585,16.32,15.95,16.25,5936300.0,16.32,5400,16.33,200,2.32,16.57,16.06,5936300,96410000.0,3.47,3.2,27.93,27.93,19.14,12.76,0.91
达威股份,sz300535,19.61,19.37,19.75,2512200.0,19.61,3800,19.72,2700,1.24,20.09,19.41,2512200,49390000.0,3.1,3.51,15.92,20.99,23.24,15.5,0.82
东杰智能,sz300486,25.33,22.91,23.3,21876300.0,25.32,43900,25.33,46200,10.56,26.29,22.8,21876300,531610000.0,4.59,15.23,120.83,120.86,27.49,18.33,2.35
东通退,sz300379,1.72,1.72,0.0,0.0,0.0,0,0.0,0,0.0,0.0,0.0,0,0.0,0.0,0.0,9.06,9.6,-1.0,-1.0,0.0
百纳千成,sz300291,6.82,6.68,6.8,18099200.0,6.81,22600,6.82,38800,2.1,6.92,6.69,18099200,122970000.0,1.94,3.44,63.48,64.24,8.02,5.34,1.46
新天科技,sz300259,4.6,4.51,4.61,18963800.0,4.59,125000,4.6,419900,2.0,4.63,4.53,18963800,86680000.0,1.62,2.22,53.8,53.81,5.41,3.61,0.85
东方电热,sz300217,5.26,5.29,5.31,43275800.0,5.26,142000,5.27,278900,-0.57,5.34,5.22,43275800,227630000.0,3.53,2.27,64.54,77.74,6.35,4.23,0.83
长荣股份,sz300195,7.6,7.48,7.62,7210800.0,7.59,5300,7.6,61100,1.6,7.75,7.5,7210800,54550000.0,2.3,3.34,23.86,32.2,8.98,5.98,0.73
通裕重工,sz300185,3.4,3.33,3.46,245983000.0,3.4,819700,3.41,1436600,2.1,3.53,3.37,245983000,842390000.0,6.4,4.8,130.76,137.23,4.0,2.66,0.54
捷成股份,sz300182,5.78,5.7,5.8,82348100.0,5.78,153200,5.79,990400,1.4,5.83,5.73,82348100,474790000.0,3.65,1.75,130.56,153.97,6.84,4.56,0.88
*ST新研,sz300159,3.08,3.09,3.1,12629400.0,3.08,328800,3.09,338900,-0.32,3.13,3.06,12629400,38960000.0,0.69,2.27,56.42,101.34,3.71,2.47,0.73
银河磁体,sz300127,29.24,28.46,29.0,5306100.0,29.24,10600,29.25,11300,2.74,29.37,28.87,5306100,154600000.0,2.3,1.76,67.49,94.49,34.15,22.77,0.97
易成新能,sz300080,4.97,4.98,5.05,56278100.0,4.96,317000,4.97,1062700,-0.2,5.13,4.95,56278100,282220000.0,3.01,3.61,92.98,93.11,5.98,3.98,0.59
三川智慧,sz300066,6.29,6.2,6.33,18970500.0,6.28,199200,6.29,106300,1.45,6.36,6.24,18970500,119470000.0,1.89,1.94,63.27,65.42,7.44,4.96,1.05
华谊兄弟,sz300027,1.62,1.61,1.64,67031100.0,1.61,1074500,1.62,1131200,0.62,1.65,1.59,67031100,107690000.0,2.7,3.73,40.26,44.95,1.93,1.29,0.76
北陆药业,sz300016,10.46,10.0,10.24,46594900.0,10.45,148400,10.46,68700,4.6,10.53,10.09,46594900,483480000.0,8.29,4.4,58.8,58.88,12.0,8.0,1.4
日久光电,sz003015,14.36,14.09,14.33,5836500.0,14.36,34600,14.37,100,1.92,14.53,14.17,5836500,83510000.0,2.36,2.56,35.52,40.36,15.5,12.68,0.97
郑州银行,sz002936,1.85,1.86,1.88,79670100.0,1.85,17791500,1.86,9146700,-0.54,1.88,1.85,79670100,148240000.0,1.13,1.61,130.04,168.2,2.05,1.67,0.89
锋龙股份,sz002931,70.05,67.78,69.38,15531200.0,70.05,14800,70.06,1500,3.35,72.6,68.5,15531200,1090310000.0,7.72,6.05,140.98,153.06,74.56,61.0,1.87
联诚精密,sz002921,23.61,23.55,23.8,2705000.0,23.6,5500,23.64,7500,0.25,24.15,23.4,2705000,64090000.0,2.38,3.18,26.88,35.17,25.91,21.2,0.87
同兴达,sz002845,13.48,13.26,13.51,5193800.0,13.48,26400,13.49,23900,1.66,13.63,13.38,5193800,70050000.0,2.08,1.89,33.73,44.15,14.59,11.93,0.78
张家港行,sz002839,4.52,4.49,4.52,33080100.0,4.52,358600,4.54,529700,0.67,4.55,4.49,33080100,149550000.0,1.35,1.34,110.38,110.48,4.94,4.04,1.1
第一创业,sz002797,7.32,7.13,7.25,142342000.0,7.31,879000,7.32,480500,2.66,7.38,7.16,142342000,1037580000.0,3.39,3.09,307.62,307.62,7.84,6.42,0.86
新宝股份,sz002705,15.2,14.85,14.9,29426700.0,15.19,59300,15.2,51000,2.36,15.57,14.83,29426700,446700000.0,3.64,4.98,122.83,123.41,16.34,13.37,0.86
*ST双成,sz002693,8.08,7.97,8.2,8734900.0,8.07,46400,8.08,73000,1.38,8.24,7.99,8734900,70520000.0,2.13,3.14,33.21,33.51,8.37,7.57,0.63
卫星化学,sz002648,27.01,27.62,27.5,59958200.0,27.0,179300,27.01,43200,-2.21,27.59,26.52,59958200,1623530000.0,1.78,3.87,909.29,909.87,30.38,24.86,0.82
华宏科技,sz002645,18.43,16.75,17.11,31378600.0,18.43,3612300,0.0,0,10.03,18.43,16.89,31378600,566130000.0,5.61,9.19,103.01,115.67,18.43,15.08,1.17
赞宇科技,sz002637,11.7,11.37,11.58,11658500.0,11.7,57200,11.72,2300,2.9,11.75,11.46,11658500,135330000.0,2.63,2.55,51.8,55.04,12.51,10.23,0.56
ST瑞和,sz002620,9.21,9.3,9.31,61074200.0,9.2,52000,9.21,32500,-0.97,9.77,8.87,61074200,574970000.0,19.37,9.68,29.04,34.77,9.77,8.84,2.57
奥佳华,sz002614,6.32,6.25,6.33,8207700.0,6.32,13800,6.33,15900,1.12,6.37,6.26,8207700,51830000.0,1.86,1.76,27.89,39.42,6.88,5.63,1.06
山东章鼓,sz002598,9.22,9.2,9.35,5846800.0,9.21,400,9.22,13400,0.22,9.37,9.1,5846800,53890000.0,2.08,2.93,25.95,28.77,10.12,8.28,1.09
益盛药业,sz002566,8.3,8.11,8.28,6565300.0,8.29,16100,8.3,36500,2.34,8.32,8.14,6565300,54140000.0,2.83,2.22,19.24,27.47,8.92,7.3,1.06
千红制药,sz002550,7.92,7.64,7.68,47547600.0,7.92,82700,7.93,296800,3.66,7.95,7.58,47547600,371500000.0,5.05,4.84,74.55,101.36,8.4,6.88,2.24
齐峰新材,sz002521,8.16,8.13,8.18,3280100.0,8.15,135100,8.16,6000,0.37,8.25,8.07,3280100,26720000.0,0.78,2.21,34.14,45.7,8.94,7.32,0.69
华斯股份,sz002494,5.39,5.38,5.49,12583200.0,5.38,82700,5.39,257000,0.19,5.53,5.28,12583200,68090000.0,4.39,4.65,15.46,20.34,5.92,4.84,0.93
富春环保,sz002479,5.78,6.02,5.88,62271200.0,5.77,283000,5.78,308500,-3.99,5.96,5.71,62271200,361220000.0,7.22,4.15,49.89,50.0,6.62,5.42,0.8
青龙管业,sz002457,10.99,10.85,11.05,6146800.0,10.98,15400,10.99,54500,1.29,11.12,10.91,6146800,67460000.0,1.84,1.94,36.63,36.65,11.94,9.77,0.7
长高电新,sz002452,10.5,10.21,10.49,26795600.0,10.5,166300,10.51,198500,2.84,10.7,10.35,26795600,282290000.0,5.19,3.43,54.17,65.13,11.23,9.19,0.66
闰土股份,sz002440,11.53,11.27,11.43,32612500.0,11.52,6800,11.53,26300,2.31,11.88,11.31,32612500,376060000.0,3.45,5.06,109.12,129.6,12.4,10.14,1.22
毅昌科技,sz002420,7.32,7.22,7.36,10094400.0,7.32,5400,7.33,61100,1.39,7.43,7.22,10094400,74200000.0,2.53,2.91,29.25,30.11,7.94,6.5,1.27
西部建设,sz002302,6.02,5.96,6.08,13630000.0,6.02,33100,6.03,9000,1.01,6.14,5.96,13630000,82410000.0,1.08,3.02,75.99,75.99,6.56,5.36,1.0
浙富控股,sz002266,4.23,4.16,4.23,49170000.0,4.22,392700,4.23,1111300,1.68,4.25,4.19,49170000,207430000.0,1.0,1.44,207.13,220.78,4.58,3.74,0.98
嘉应制药,sz002198,7.83,7.68,7.84,13550800.0,7.83,8400,7.84,10300,1.95,7.99,7.78,13550800,106440000.0,2.67,2.73,39.74,39.74,8.45,6.91,0.97
证通电子,sz002197,7.91,7.83,8.0,18959800.0,7.9,59500,7.91,25700,1.02,8.18,7.88,18959800,151580000.0,3.55,3.83,42.24,48.6,8.61,7.05,0.95
莱茵生物,sz002166,9.34,9.32,9.29,18310300.0,9.34,79400,9.35,101300,0.21,9.48,9.25,18310300,171000000.0,2.48,2.47,68.98,69.27,10.25,8.39,1.41
广电运通,sz002152,11.57,11.37,11.63,19679800.0,11.57,60800,11.58,60200,1.76,11.71,11.51,19679800,228130000.0,0.79,1.76,287.18,287.33,12.51,10.23,0.98
ST汇洲,sz002122,2.97,2.92,2.96,25908300.0,2.96,1431400,2.97,126500,1.71,3.01,2.93,25908300,76980000.0,1.3,2.74,59.05,59.44,3.07,2.77,1.08
三钢闽光,sz002110,3.89,3.87,3.93,18141400.0,3.89,225900,3.9,80500,0.52,3.96,3.87,18141400,70900000.0,0.75,2.33,94.49,94.49,4.26,3.48,0.81
中泰化学,sz002092,6.78,6.92,7.04,64124200.0,6.78,634400,6.79,186900,-2.02,7.05,6.77,64124200,442840000.0,2.49,4.05,174.62,175.6,7.61,6.23,0.73
横店东磁,sz002056,19.16,18.6,18.94,42421900.0,19.16,71500,19.17,110800,3.01,19.28,18.7,42421900,805710000.0,2.61,3.12,311.36,311.68,20.46,16.74,0.9
兔 宝 宝,sz002043,15.43,15.36,15.43,11007200.0,15.43,14800,15.44,200,0.46,15.6,15.22,11007200,169880000.0,1.5,2.47,113.58,128.03,16.9,13.82,1.02
联创电子,sz002036,8.86,8.69,8.85,16311300.0,8.85,141400,8.86,20800,1.96,8.89,8.75,16311300,144010000.0,1.55,1.61,93.51,93.7,9.56,7.82,0.77
京新药业,sz002020,16.92,15.72,15.87,30700500.0,16.91,24000,16.92,38700,7.63,17.05,15.82,30700500,510220000.0,4.24,7.82,122.5,145.69,17.29,14.15,2.16
立新能源,sz001258,9.1,9.13,9.3,38618300.0,9.09,272500,9.1,32600,-0.33,9.36,9.03,38618300,353140000.0,4.14,3.61,84.93,84.93,10.04,8.22,0.43
弘业期货,sz001236,9.52,9.68,9.8,19057600.0,9.51,85900,9.52,7300,-1.65,9.83,9.38,19057600,181290000.0,2.51,4.65,72.17,95.94,10.65,8.71,1.38
兰州银行,sz001227,2.26,2.27,2.29,69798400.0,2.26,4983700,2.27,412400,-0.44,2.29,2.26,69798400,158430000.0,1.65,1.32,95.32,128.72,2.5,2.04,0.84
*ST数源,sz000909,5.98,6.08,6.18,9742700.0,5.98,26600,5.99,2000,-1.64,6.25,5.89,9742700,59000000.0,2.23,5.92,26.18,26.18,6.38,5.78,2.13
现代投资,sz000900,4.15,4.13,4.16,10297200.0,4.15,18200,4.16,263000,0.48,4.21,4.13,10297200,42800000.0,0.68,1.94,62.99,62.99,4.54,3.72,0.52
电投绿能,sz000875,6.48,6.51,6.64,73856200.0,6.47,236800,6.48,228300,-0.46,6.64,6.43,73856200,481020000.0,2.21,3.23,216.59,235.05,7.16,5.86,0.75
国安股份,sz000839,3.4,3.33,3.41,97280300.0,3.4,355200,3.41,472100,2.1,3.48,3.36,97280300,331570000.0,2.48,3.6,133.27,133.27,3.66,3.0,0.95
超声电子,sz000823,13.24,12.65,13.15,27085000.0,13.23,37600,13.24,63100,4.66,13.65,13.07,27085000,360180000.0,5.04,4.58,71.1,71.1,13.92,11.39,1.33
冰轮环境,sz000811,17.74,17.22,17.7,16221100.0,17.73,12300,17.74,18000,3.02,17.98,17.5,16221100,287530000.0,1.66,2.79,173.57,176.07,18.94,15.5,0.76
中国武夷,sz000797,2.9,3.03,3.04,72362000.0,2.9,459900,2.91,513700,-4.29,3.09,2.88,72362000,212440000.0,4.61,6.93,45.55,45.55,3.33,2.73,1.5
英洛华,sz000795,8.86,8.75,8.85,9179600.0,8.85,27700,8.86,137600,1.26,8.88,8.76,9179600,81040000.0,0.81,1.37,100.44,100.44,9.63,7.88,0.75
国海证券,sz000750,3.84,3.83,3.88,42520100.0,3.84,1464000,3.85,1018500,0.26,3.89,3.83,42520100,163860000.0,0.73,1.57,222.57,245.23,4.21,3.45,1.0
湖南发展,sz000722,14.03,14.61,14.38,52646400.0,14.02,252600,14.03,99800,-3.97,14.55,13.91,52646400,743050000.0,11.34,4.38,65.12,65.12,16.07,13.15,0.66
双环科技,sz000707,6.1,6.01,6.11,10885700.0,6.09,43000,6.1,21100,1.5,6.14,6.01,10885700,66240000.0,1.98,2.16,33.59,35.67,6.61,5.41,0.74
ST沈化,sz000698,3.85,3.83,3.87,5083200.0,3.84,528100,3.85,8400,0.52,3.88,3.83,5083200,19590000.0,0.65,1.31,30.25,31.55,4.02,3.64,0.7
*ST金科,sz000656,1.37,1.36,1.38,63509100.0,1.36,8116700,1.37,623900,0.74,1.39,1.36,63509100,87290000.0,0.83,2.21,104.26,145.69,1.43,1.29,0.75
顺发恒能,sz000631,3.95,4.27,4.54,212648300.0,3.95,482000,3.96,49400,-7.49,4.54,3.84,212648300,872020000.0,9.25,16.39,90.85,90.85,4.7,3.84,4.9
陕国投Ａ,sz000563,3.43,3.39,3.43,48370300.0,3.43,149900,3.44,1788500,1.18,3.46,3.42,48370300,166170000.0,0.95,1.18,175.41,175.41,3.73,3.05,1.07
西部创业,sz000557,4.7,4.72,4.77,9304400.0,4.7,143600,4.71,317700,-0.42,4.79,4.67,9304400,43770000.0,0.64,2.54,68.52,68.54,5.19,4.25,0.82
新金路,sz000510,15.02,14.75,15.25,42440000.0,15.02,7900,15.03,49100,1.83,15.68,14.88,42440000,644740000.0,7.0,5.42,91.12,97.41,16.23,13.28,0.81
申万宏源,sz000166,4.74,4.68,4.74,66167700.0,4.73,725500,4.74,224300,1.28,4.77,4.71,66167700,313460000.0,0.29,1.28,1068.18,1186.89,5.15,4.21,0.95
中集集团,sz000039,10.9,10.83,11.08,79939100.0,10.89,22500,10.9,92600,0.65,11.18,10.75,79939100,870890000.0,3.47,3.97,250.85,587.78,11.91,9.75,1.52
南  玻Ａ,sz000012,4.5,4.45,4.53,17116100.0,4.5,411800,4.51,60800,1.12,4.54,4.47,17116100,77140000.0,0.87,1.57,88.17,136.91,4.9,4.01,0.81
深振业Ａ,sz000006,8.87,8.6,8.72,19580900.0,8.86,98700,8.87,73400,3.14,8.93,8.71,19580900,172910000.0,1.45,2.56,119.74,119.74,9.46,7.74,0.63
思特威-W,sh688213,86.2,82.6,83.79,1167997700.0,86.2,10400,86.21,7100,4.36,86.65,82.19,1167997700,987550000.0,3.61,5.4,278.87,346.79,99.12,66.08,1.68
键凯科技,sh688356,98.9,92.42,93.5,125852000.0,98.88,500,98.9,4700,7.01,99.47,92.64,125852000,122300000.0,2.08,7.39,59.98,59.98,110.9,73.94,2.15
贵州茅台,sh600519,1459.44,1450.0,1464.49,2912500.0,1459.44,100,1459.8,300,0.65,1469.99,1452.88,2912500,4256190000.0,0.23,1.18,18276.13,18276.13,1595.0,1305.0,0.86
润和软件,sz300339,39.6,38.78,39.65,13673900.0,39.59,58300,39.6,136400,2.11,39.87,39.33,13673900,541040000.0,1.76,1.39,307.96,315.38,46.54,31.02,0.88
恒铭达,sz002947,51.96,50.5,51.4,7525700.0,51.95,5900,51.96,22000,2.89,52.5,51.02,7525700,389490000.0,3.91,2.93,100.09,133.13,55.55,45.45,0.7
新强联,sz300850,43.33,44.28,44.3,21519500.0,43.32,65500,43.33,87900,-2.15,44.75,43.11,21519500,935350000.0,7.15,3.7,130.33,179.42,53.14,35.42,0.95
翱捷科技-U,sh688220,70.02,67.12,68.99,658030700.0,70.02,0,70.04,300,4.32,70.98,68.47,658030700,458580000.0,1.78,3.74,258.47,292.89,80.54,53.7,1.13
瑞松科技,sh688090,56.18,49.28,50.11,668406700.0,56.09,1200,56.18,2200,14.0,56.28,50.11,668406700,357000000.0,5.47,12.52,68.59,68.75,59.14,39.42,2.67
科力装备,sz301552,37.95,37.28,37.69,794600.0,37.94,1400,37.95,300,1.8,38.27,37.69,794600,30170000.0,3.34,1.56,9.03,36.13,44.74,29.82,1.28
五 粮 液,sz000858,104.39,103.27,103.97,12266700.0,104.38,2200,104.39,2200,1.08,105.18,103.39,12266700,1279530000.0,0.32,1.73,4051.84,4052.01,113.6,92.94,1.0
安图生物,sh603658,34.35,33.45,33.84,3449700.0,34.34,3600,34.35,17500,2.69,34.39,33.33,3449700,117090000.0,0.6,3.17,196.28,196.28,36.8,30.11,2.01
朗特智能,sz300916,29.89,29.1,29.55,1627600.0,29.88,23600,29.89,2700,2.71,30.09,29.48,1627600,48460000.0,1.74,2.1,27.92,43.23,34.92,23.28,0.66
万里石,sz002785,39.01,37.44,38.2,5979100.0,39.0,20100,39.01,2300,4.19,39.38,37.74,5979100,230650000.0,3.09,4.38,75.48,88.4,41.18,33.7,1.37
钧崴电子,sz301458,34.89,33.76,34.52,4682000.0,34.88,17800,34.89,100,3.35,35.79,34.38,4682000,164610000.0,3.99,4.18,40.99,93.04,40.51,27.01,1.02
汇通能源,sh600605,27.97,28.01,28.47,1870200.0,27.97,7100,27.98,2200,-0.14,28.55,27.74,1870200,52550000.0,0.91,2.89,57.7,57.7,30.81,25.21,0.93
国芯科技,sh688262,33.6,32.81,33.95,650841400.0,33.6,12000,33.64,2500,2.41,33.96,33.11,650841400,218170000.0,1.94,2.59,112.9,112.9,39.37,26.25,0.83
海尔智家,sh600690,21.79,21.38,21.66,69078300.0,21.79,425800,21.8,10400,1.92,21.88,21.53,69078300,1501490000.0,1.1,1.64,1362.53,2043.39,23.52,19.24,0.9
瑞达期货,sz002961,22.28,22.46,22.91,9596800.0,22.28,2200,22.29,4100,-0.8,23.0,22.11,9596800,216070000.0,2.01,3.96,106.26,106.26,24.71,20.21,0.65
有研粉材,sh688456,52.93,51.57,52.9,175910100.0,52.92,400,52.93,10700,2.64,53.35,52.21,175910100,92730000.0,1.7,2.21,54.87,54.87,61.88,41.26,0.81
中国海防,sh600764,24.19,23.75,24.06,4657800.0,24.19,2000,24.2,8300,1.85,24.26,23.91,4657800,112220000.0,0.66,1.47,171.9,171.9,26.13,21.38,1.1
伟明环保,sh603568,25.17,25.09,25.5,5461800.0,25.15,200,25.17,900,0.32,25.73,25.0,5461800,137910000.0,0.32,2.91,429.66,430.44,27.6,22.58,1.02
键邦股份,sh603285,31.31,32.7,33.35,3571300.0,31.31,900,31.34,100,-4.25,33.35,31.21,3571300,113430000.0,5.73,6.54,19.51,50.1,35.97,29.43,0.95
皖仪科技,sh688600,24.15,23.29,23.72,173938300.0,24.15,14500,24.23,700,3.69,24.25,23.44,173938300,41370000.0,1.29,3.48,32.53,32.53,27.95,18.63,1.08
福立旺,sh688678,25.25,24.5,25.24,1027700000.0,25.25,7200,25.26,4400,3.06,25.62,25.02,1027700000,259590000.0,3.57,2.45,72.7,72.7,29.4,19.6,0.79
新亚电子,sh605277,22.78,22.25,22.75,5380400.0,22.77,11400,22.78,2600,2.38,23.0,22.56,5380400,122610000.0,1.69,1.98,72.47,73.8,24.48,20.03,0.76
义翘神州,sz301047,73.23,70.92,71.7,1625600.0,73.22,200,73.23,200,3.26,73.5,71.06,1625600,118170000.0,1.36,3.44,87.57,89.07,85.1,56.74,2.59
开普检测,sz003008,23.1,22.74,23.05,1444000.0,23.09,700,23.1,1100,1.58,23.25,22.78,1444000,33220000.0,1.85,2.07,17.98,24.02,25.01,20.47,0.92
西藏药业,sh600211,42.65,40.58,40.58,6337300.0,42.64,5900,42.65,7900,5.1,42.67,40.58,6337300,266780000.0,1.97,5.15,137.47,137.47,44.64,36.52,2.41
善水科技,sz301190,22.53,22.18,22.7,1290000.0,22.53,1600,22.54,900,1.58,22.78,22.38,1290000,29120000.0,0.81,1.8,35.9,48.36,26.62,17.74,0.7
宇环数控,sz002903,27.8,27.3,27.92,9257800.0,27.8,3400,27.85,2900,1.83,29.09,27.62,9257800,260710000.0,8.68,5.38,29.65,43.56,30.03,24.57,0.95
杰恩设计,sz300668,39.33,37.35,37.29,8672100.0,39.33,4700,39.38,4000,5.3,39.54,37.2,8672100,335650000.0,8.7,6.27,39.21,47.35,44.82,29.88,0.65
太辰光,sz300570,110.92,107.66,110.4,20347400.0,110.92,42000,110.93,16600,3.03,111.0,107.85,20347400,2233520000.0,10.59,2.93,213.18,251.93,129.19,86.13,0.99
江龙船艇,sz300589,15.99,15.96,16.14,12454600.0,15.98,7700,15.99,33100,0.19,16.22,15.88,12454600,199060000.0,5.38,2.13,37.03,60.39,19.15,12.77,0.57
伟创电气,sh688698,68.07,66.67,68.26,398964800.0,68.05,6400,68.07,8300,2.1,69.1,67.68,398964800,272370000.0,1.86,2.13,145.69,145.69,80.0,53.34,0.81
美芯晟,sh688458,33.63,32.75,33.46,177985100.0,33.62,1900,33.63,3700,2.69,33.79,32.97,177985100,59450000.0,2.09,2.5,28.61,37.51,39.3,26.2,0.98
人民网,sh603000,19.75,19.63,19.94,15185000.0,19.75,57300,19.76,1200,0.61,19.97,19.62,15185000,299720000.0,1.37,1.78,218.37,218.37,21.59,17.67,0.82
激智科技,sz300566,17.95,17.3,17.63,5190600.0,17.94,1100,17.95,15800,3.76,17.95,17.63,5190600,92390000.0,2.29,1.85,40.69,47.05,20.76,13.84,0.93
上海医药,sh601607,17.2,17.05,17.11,17146000.0,17.2,18500,17.21,81900,0.88,17.23,16.93,17146000,293090000.0,0.61,1.76,479.74,637.84,18.76,15.35,1.7
重庆啤酒,sh600132,57.22,56.68,57.11,3861100.0,57.21,5700,57.22,300,0.95,57.64,56.84,3861100,220660000.0,0.8,1.41,276.93,276.93,62.35,51.01,1.14
宏力达,sh688330,47.98,47.15,48.51,203755100.0,47.96,800,47.98,1900,1.76,48.93,47.41,203755100,97650000.0,1.46,3.22,67.17,67.17,56.58,37.72,0.81
丽珠集团,sz000513,34.9,34.01,34.19,8375800.0,34.89,4600,34.9,39300,2.62,34.99,33.92,8375800,290120000.0,1.47,3.15,198.28,309.88,37.41,30.61,1.3
华绿生物,sz300970,27.13,23.4,23.88,10113400.0,27.11,1900,27.13,28100,15.94,27.18,23.62,10113400,260030000.0,10.63,15.21,25.81,33.26,28.08,18.72,3.8
明志科技,sh688355,21.66,21.2,21.58,226142600.0,21.64,5000,21.66,2600,2.17,21.8,21.23,226142600,48660000.0,1.82,2.69,26.85,26.85,25.44,16.96,1.08
嘉环科技,sh603206,15.57,15.44,15.65,1464900.0,15.56,200,15.57,5800,0.84,15.7,15.47,1464900,22810000.0,0.48,1.49,47.52,47.52,16.98,13.9,0.93
上海机场,sh600009,28.12,27.62,27.9,7036600.0,28.12,23300,28.13,41400,1.81,28.12,27.76,7036600,196950000.0,0.34,1.3,575.41,699.71,30.38,24.86,1.0
康强电子,sz002119,20.38,20.04,20.63,11719000.0,20.37,5600,20.38,50400,1.7,20.72,20.22,11719000,239160000.0,3.12,2.5,76.48,76.48,22.04,18.04,0.71
路桥信息,bj920748,36.52,38.32,38.49,1469000.0,36.51,1400,36.52,50400,-4.7,38.88,36.3,1469000,54547299.99999999,4.12,6.73,13.03,28.03,49.81,26.83,0.95
西大门,sh605155,15.81,15.85,16.06,2773600.0,15.8,20500,15.81,1500,-0.25,16.09,15.63,2773600,43960000.0,1.48,2.9,29.54,30.24,17.44,14.27,0.79
中国稀土,sz000831,48.28,47.99,48.84,23931100.0,48.28,76200,48.29,7900,0.6,48.86,47.71,23931100,1154590000.0,2.26,2.4,512.36,512.36,52.79,43.19,0.78
长鸿高科,sh605008,12.41,11.98,12.06,2619500.0,12.4,7400,12.41,16700,3.59,12.42,12.06,2619500,32120000.0,0.41,3.01,80.16,80.16,13.18,10.78,1.49
瑞联新材,sh688550,40.12,38.75,39.6,266045900.0,40.12,15300,40.13,3500,3.54,40.22,39.21,266045900,105720000.0,1.53,2.61,69.75,69.75,46.5,31.0,0.58
瀚川智能,sh688022,14.38,14.07,14.33,294263200.0,14.37,18000,14.38,32200,2.2,14.45,14.17,294263200,42090000.0,1.67,1.99,25.29,25.29,16.88,11.26,0.86
旭升集团,sh603305,14.71,14.63,14.9,21453000.0,14.7,128800,14.71,9500,0.55,14.94,14.55,21453000,315740000.0,1.86,2.67,170.0,170.0,16.09,13.17,0.79
皇马科技,sh603181,14.64,14.15,14.4,4527400.0,14.63,46600,14.64,2800,3.46,14.7,14.38,4527400,65620000.0,0.77,2.26,86.19,86.19,15.57,12.74,0.81
宁波中百,sh600857,11.92,11.84,12.08,2424700.0,11.91,19000,11.92,21200,0.68,12.13,11.8,2424700,28910000.0,1.08,2.79,26.74,26.74,13.02,10.66,1.04
川投能源,sh600674,14.75,14.89,14.92,31094400.0,14.74,7000,14.75,100,-0.94,14.95,14.65,31094400,458840000.0,0.64,2.01,719.0,719.0,16.38,13.4,1.07
冠昊生物,sz300238,15.45,14.48,14.71,13822500.0,15.45,6000,15.46,50600,6.7,15.72,14.52,13822500,211330000.0,5.21,8.29,40.96,40.97,17.38,11.58,1.67
北方长龙,sz301357,115.4,116.7,117.15,2570700.0,115.4,900,115.41,11800,-1.11,118.7,114.2,2570700,296150000.0,10.8,3.86,27.47,109.86,140.04,93.36,0.47
中科蓝讯,sh688332,120.09,117.29,119.51,178440000.0,120.08,400,120.09,300,2.39,120.57,117.51,178440000,212400000.0,1.48,2.61,144.83,144.83,140.75,93.83,1.24
维力医疗,sh603309,14.96,14.91,15.09,5594900.0,14.95,5700,14.96,6000,0.34,15.14,14.7,5594900,83240000.0,1.92,2.95,43.66,43.66,16.4,13.42,1.13
安井食品,sh603345,94.3,93.26,94.57,5983100.0,94.28,300,94.3,700,1.12,95.03,92.4,5983100,563960000.0,2.04,2.82,276.58,314.29,102.59,83.93,1.29
通力科技,sz301255,28.51,29.76,29.76,10597400.0,28.5,1500,28.51,26500,-4.2,30.28,28.01,10597400,304590000.0,27.83,7.63,10.86,43.43,35.71,23.81,4.31
锡南科技,sz301170,28.7,28.28,28.59,993500.0,28.7,9300,28.71,7900,1.49,28.78,28.38,993500,28400000.0,2.96,1.41,9.64,28.7,33.94,22.62,0.84
复星医药,sh600196,27.07,26.63,26.94,28836300.0,27.06,29300,27.07,100000,1.65,27.15,26.51,28836300,776520000.0,1.36,2.4,573.47,722.89,29.29,23.97,1.18
金奥博,sz002917,13.41,13.45,13.7,5433500.0,13.4,42100,13.41,55200,-0.3,13.75,13.28,5433500,72870000.0,2.09,3.49,34.93,46.62,14.8,12.11,1.03
交大思诺,sz300851,29.18,29.47,29.76,2269100.0,29.17,700,29.18,300,-0.98,30.7,28.71,2269100,66900000.0,4.19,6.75,15.79,25.37,35.36,23.58,1.47
沃尔核材,sz002130,23.85,23.47,23.99,29557800.0,23.85,118200,23.86,128500,1.62,24.14,23.65,29557800,703570000.0,2.58,2.09,273.55,333.87,25.82,21.12,0.82
奥尼电子,sz301189,47.06,46.69,48.3,5650900.0,47.05,8600,47.06,3200,0.79,50.4,46.62,5650900,272890000.0,5.06,8.1,52.59,54.78,56.03,37.35,1.33
三一重能,sh688349,23.86,23.62,24.0,470147100.0,23.84,4200,23.86,8600,1.02,24.2,23.7,470147100,112330000.0,0.4,2.12,283.81,292.62,28.34,18.9,0.61
万控智造,sh603070,14.8,14.56,14.86,2321700.0,14.79,53700,14.8,7200,1.65,14.91,14.66,2321700,34350000.0,0.58,1.72,59.35,59.35,16.02,13.1,0.56
通达创智,sz001368,24.96,24.42,24.97,2279100.0,24.96,1400,24.97,700,2.21,25.14,24.46,2279100,56580000.0,6.99,2.78,8.14,28.41,26.86,21.98,0.89
思林杰,sh688115,40.35,39.68,40.72,60776700.0,40.3,300,40.35,300,1.69,40.72,39.76,60776700,24390000.0,0.91,2.42,26.9,26.9,47.62,31.74,1.04
洪汇新材,sz002802,13.05,12.87,13.18,3662300.0,13.05,9900,13.06,28000,1.4,13.2,12.9,3662300,47830000.0,2.45,2.33,19.53,23.65,14.16,11.58,0.76
康希通信,sh688653,12.53,12.29,12.58,390552700.0,12.53,41100,12.56,10400,1.95,12.67,12.45,390552700,48970000.0,1.23,1.79,39.65,53.19,14.75,9.83,0.78
潞安环能,sh601699,13.42,13.55,13.5,29849900.0,13.42,109700,13.43,39700,-0.96,13.7,13.14,29849900,401880000.0,1.0,4.13,401.45,401.45,14.91,12.2,0.68
争光股份,sz301092,33.03,32.52,33.0,887700.0,33.03,3400,33.05,100,1.57,33.3,32.8,887700,29310000.0,1.46,1.54,20.05,44.44,39.02,26.02,0.6
集智股份,sz300553,38.6,37.96,38.76,2003000.0,38.59,3300,38.6,18100,1.69,38.77,37.66,2003000,76450000.0,2.38,2.92,32.52,42.85,45.55,30.37,0.82
春立医疗,sh688236,20.79,20.06,20.13,400187900.0,20.79,400,20.8,4700,3.64,20.82,20.13,400187900,82320000.0,1.39,3.44,59.96,79.74,24.07,16.05,1.49
盛天网络,sz300494,11.58,11.14,11.35,9958300.0,11.58,14600,11.59,153200,3.95,11.59,11.26,9958300,113880000.0,2.5,2.96,46.13,56.8,13.37,8.91,1.35
线上线下,sz300959,76.13,74.83,76.86,1923600.0,76.13,500,76.14,200,1.74,78.33,75.02,1923600,146340000.0,3.67,4.42,39.86,61.18,89.8,59.86,1.18
北矿科技,sh600980,21.56,21.44,21.74,2508800.0,21.55,57300,21.56,2800,0.56,21.89,21.28,2508800,54000000.0,1.33,2.85,40.81,40.81,23.58,19.3,0.82
云南白药,sz000538,55.57,54.86,55.73,9303800.0,55.57,15600,55.58,6200,1.29,56.08,55.31,9303800,517760000.0,0.52,1.4,985.22,991.51,60.35,49.37,1.49
力合微,sh688589,21.74,21.19,21.6,164210100.0,21.69,3000,21.74,1600,2.6,21.87,21.43,164210100,35530000.0,1.13,2.08,31.59,31.59,25.43,16.95,0.78
中捷精工,sz301072,21.94,22.16,22.63,1915500.0,21.9,100,21.94,28500,-0.99,22.8,21.66,1915500,42320000.0,2.85,5.14,14.73,23.05,26.59,17.73,1.29
凯盛科技,sh600552,12.09,11.86,12.1,29095100.0,12.09,24800,12.1,44600,1.94,12.18,11.86,29095100,349880000.0,3.08,2.7,114.2,114.2,13.05,10.67,1.27
奥海科技,sz002993,47.3,45.8,47.0,4902700.0,47.3,2200,47.35,2400,3.28,47.53,46.26,4902700,230530000.0,2.06,2.77,112.79,130.57,50.38,41.22,1.04
道道全,sz002852,9.83,9.78,9.95,5316400.0,9.82,56300,9.83,7600,0.51,9.98,9.73,5316400,52160000.0,1.86,2.56,28.09,33.81,10.76,8.8,0.62
华骐环保,sz300929,12.94,13.03,13.29,4792700.0,12.93,2700,12.94,9500,-0.69,13.37,12.73,4792700,62320000.0,3.78,4.91,16.4,17.1,15.64,10.42,0.69
全柴动力,sh600218,9.21,9.11,9.26,6354700.0,9.2,6600,9.21,28700,1.1,9.27,9.13,6354700,58400000.0,1.46,1.54,40.12,40.12,10.02,8.2,0.9
兰生股份,sh600826,9.92,9.67,9.77,4897900.0,9.91,41100,9.92,10500,2.59,9.93,9.73,4897900,48240000.0,0.67,2.07,72.96,72.96,10.64,8.7,1.06
中谷物流,sh603565,11.45,11.47,11.47,15843700.0,11.44,18000,11.45,2600,-0.17,11.65,11.41,15843700,182310000.0,0.75,2.09,240.46,240.46,12.62,10.32,0.91
张  裕Ａ,sz000869,19.49,19.26,19.4,772700.0,19.48,1700,19.49,6200,1.19,19.53,19.23,772700,15000000.0,0.17,1.56,88.7,128.1,21.19,17.33,0.97
千金药业,sh600479,10.92,10.74,10.79,9761500.0,10.92,45000,10.94,7400,1.68,10.97,10.67,9761500,105890000.0,2.33,2.79,45.7,53.75,11.81,9.67,1.24
中材国际,sh600970,10.38,10.33,10.68,28414900.0,10.37,3500,10.38,5400,0.48,10.96,10.3,28414900,300100000.0,1.09,6.39,271.82,272.14,11.36,9.3,1.2
中晶科技,sz003026,36.05,35.6,36.25,5363100.0,36.05,4200,36.06,900,1.26,36.8,35.72,5363100,194260000.0,5.6,3.03,34.5,46.73,39.16,32.04,0.83
陕鼓动力,sh601369,10.27,10.07,10.22,10957800.0,10.27,31300,10.28,3800,1.99,10.33,10.13,10957800,112520000.0,0.64,1.99,175.23,177.0,11.08,9.06,1.04
凤凰传媒,sh601928,9.88,9.78,9.81,7743500.0,9.87,108200,9.88,84500,1.02,9.89,9.75,7743500,76060000.0,0.3,1.43,251.44,251.44,10.76,8.8,1.05
摩恩电气,sz002451,9.73,9.55,9.7,12494400.0,9.73,123900,9.74,137400,1.88,9.88,9.59,12494400,121510000.0,2.85,3.04,42.73,42.88,10.51,8.6,1.03
盛帮股份,sz301233,52.55,50.57,51.08,1486500.0,52.5,1100,52.55,1500,3.92,55.37,51.08,1486500,78900000.0,5.27,8.48,14.81,27.05,60.68,40.46,2.37
宣泰医药,sh688247,9.86,9.52,9.6,323607700.0,9.86,1000,9.87,24700,3.57,9.88,9.49,323607700,31560000.0,0.71,4.1,44.7,44.7,11.42,7.62,1.89
中毅达,sh600610,9.13,9.01,9.1,14969300.0,9.13,2500,9.14,146100,1.33,9.18,9.05,14969300,136300000.0,2.11,1.44,64.71,97.81,9.91,8.11,0.64
亚光股份,sh603282,21.16,20.86,20.99,2257600.0,21.15,2700,21.16,1300,1.44,21.2,20.7,2257600,47330000.0,1.69,2.4,28.32,28.32,22.95,18.77,1.38
雷赛智能,sz002979,36.5,35.6,36.1,3971800.0,36.49,6400,36.5,49500,2.53,36.85,35.86,3971800,144290000.0,1.8,2.78,80.56,114.66,39.16,32.04,1.46
正泰电源,sz002150,31.73,31.8,31.66,33188000.0,31.73,12000,31.74,18300,-0.22,32.65,30.65,33188000,1055370000.0,9.26,6.29,113.77,114.5,34.98,28.62,0.68
金道科技,sz301279,27.24,27.42,28.0,2100200.0,27.24,11200,27.28,2000,-0.66,28.25,27.14,2100200,57820000.0,2.09,4.05,27.37,35.34,32.9,21.94,1.4
浙江震元,sz000705,9.07,8.8,8.93,10697900.0,9.06,46300,9.07,40600,3.07,9.13,8.78,10697900,96220000.0,3.79,3.98,25.57,30.3,9.68,7.92,2.03
华能水电,sh600025,9.86,9.91,9.93,23163200.0,9.86,70100,9.87,10100,-0.5,9.96,9.79,23163200,228300000.0,0.13,1.72,1774.8,1837.03,10.9,8.92,0.8
国金证券,sh600109,8.47,8.38,8.46,17722200.0,8.46,121400,8.47,53000,1.07,8.49,8.4,17722200,149870000.0,0.48,1.07,313.84,313.84,9.22,7.54,0.84
中国移动,sh600941,93.85,93.79,94.15,7484300.0,93.85,23100,93.86,1200,0.06,94.32,93.58,7484300,702620000.0,0.83,0.79,847.25,20322.21,103.17,84.41,0.9
捷顺科技,sz002609,8.46,8.47,8.62,11201900.0,8.45,53800,8.46,27900,-0.12,8.7,8.37,11201900,95010000.0,2.44,3.9,38.87,54.43,9.32,7.62,1.74
大全能源,sh688303,21.02,21.0,21.17,1325300800.0,21.02,19800,21.03,1400,0.1,21.31,20.68,1325300800,278180000.0,0.62,3.0,450.92,450.92,25.2,16.8,1.19
安迪苏,sh600299,13.2,13.03,13.26,26475900.0,13.19,5900,13.2,113600,1.3,13.46,12.9,26475900,350390000.0,0.99,4.3,354.01,406.53,14.33,11.73,0.8
三鑫医疗,sz300453,10.03,9.86,9.92,10446900.0,10.02,18600,10.03,114800,1.72,10.04,9.87,10446900,104320000.0,2.9,1.72,36.09,52.37,11.83,7.89,1.11
济川药业,sh600566,26.55,26.32,26.45,5053900.0,26.55,1400,26.56,5300,0.87,26.79,26.33,5053900,134370000.0,0.55,1.75,243.79,244.62,28.95,23.69,0.83
ST炼石,sz000697,9.38,9.35,9.39,4828300.0,9.37,41300,9.38,16900,0.32,9.49,9.28,4828300,45230000.0,0.74,2.25,61.26,130.95,9.82,8.88,0.7
大宏立,sz300865,26.54,26.15,26.91,976200.0,26.54,4000,26.55,4400,1.49,27.0,26.18,976200,25810000.0,1.74,3.14,14.93,25.39,31.38,20.92,0.97
皖通科技,sz002331,8.15,8.09,8.25,6203500.0,8.15,9900,8.16,77600,0.74,8.31,8.05,6203500,50720000.0,1.57,3.21,32.26,34.92,8.9,7.28,1.04
英威腾,sz002334,8.2,8.02,8.17,22382500.0,8.19,147600,8.2,15600,2.24,8.22,8.13,22382500,182960000.0,3.05,1.12,60.24,67.46,8.82,7.22,0.98
华懋科技,sh603306,81.64,75.6,78.9,14872000.0,81.64,1500,81.7,700,7.99,82.78,78.55,14872000,1203360000.0,4.51,5.6,269.0,269.0,83.16,68.04,1.92
深天马Ａ,sz000050,8.04,7.91,8.05,21026900.0,8.03,173100,8.04,14800,1.64,8.08,7.95,21026900,168590000.0,0.86,1.64,197.6,197.6,8.7,7.12,1.03
光大证券,sh601788,15.48,15.24,15.42,14214500.0,15.47,36400,15.48,20100,1.57,15.52,15.36,14214500,219530000.0,0.36,1.05,604.76,713.75,16.76,13.72,1.08
赛腾股份,sh603283,42.83,42.02,43.01,5107900.0,42.83,5000,42.84,1800,1.93,43.22,42.6,5107900,218920000.0,1.88,1.48,116.14,116.14,46.22,37.82,0.76
奥浦迈,sh688293,46.45,43.0,43.09,215544700.0,46.41,1200,46.45,400,8.02,46.97,43.09,215544700,97850000.0,1.89,9.02,52.87,60.4,51.6,34.4,1.86
中国核电,sh601985,8.95,9.05,9.07,156237700.0,8.95,1194200,8.96,737200,-1.1,9.1,8.93,156237700,1406670000.0,0.83,1.88,1690.05,1840.84,9.96,8.15,0.76
世纪华通,sz002602,17.19,15.96,16.51,161935700.0,17.18,2800,17.19,74300,7.71,17.38,16.26,161935700,2735340000.0,2.38,7.02,1168.38,1267.02,17.56,14.36,2.2
博隆技术,sh603325,73.92,72.17,73.61,608900.0,73.92,900,73.93,100,2.42,73.97,72.33,608900,44670000.0,1.78,2.27,25.27,59.14,79.39,64.95,1.18
环球印务,sz002799,8.47,8.5,8.66,6693100.0,8.47,71200,8.48,56800,-0.35,8.67,8.38,6693100,56740000.0,2.09,3.41,27.11,27.11,9.35,7.65,0.9
青达环保,sh688501,24.48,23.99,24.25,92820100.0,24.44,7300,24.48,15900,2.04,24.56,24.12,92820100,22590000.0,0.75,1.83,30.41,30.41,28.79,19.19,0.65
深南电A,sz000037,11.85,13.02,12.6,79299800.0,11.85,433800,11.86,429900,-8.99,12.8,11.72,79299800,955410000.0,23.4,8.29,40.16,71.43,14.32,11.72,0.98
浙江建投,sz002761,8.39,8.57,8.51,22633500.0,8.39,1200,8.4,119000,-2.1,8.69,8.37,22633500,191480000.0,2.09,3.73,90.76,111.16,9.43,7.71,0.78
开普云,sh688228,106.18,102.5,105.2,173932900.0,106.17,1700,106.18,1800,3.59,106.53,104.74,173932900,184040000.0,2.57,1.75,71.73,71.73,123.0,82.0,0.93
上海电气,sh601727,8.11,7.96,8.07,104910300.0,8.1,1427500,8.11,112000,1.88,8.16,8.01,104910300,848620000.0,0.83,1.88,1023.13,1260.3,8.76,7.16,1.06
时代万恒,sh600241,9.65,9.85,9.89,12886600.0,9.64,19600,9.65,1900,-2.03,9.99,9.51,12886600,124480000.0,4.38,4.87,28.4,28.4,10.84,8.87,0.82
通化东宝,sh600867,9.59,9.49,9.52,94174700.0,9.58,197300,9.59,13800,1.05,9.77,9.29,94174700,899100000.0,4.81,5.06,187.82,187.82,10.44,8.54,1.56
新恒汇,sz301678,60.29,58.22,59.97,1832100.0,60.28,200,60.29,6200,3.56,60.39,59.5,1832100,110020000.0,3.82,1.53,28.89,144.43,69.86,46.58,1.35
鼎捷数智,sz300378,38.58,37.0,38.0,11430900.0,38.58,1400,38.6,2600,4.27,38.73,37.67,11430900,437270000.0,4.24,2.86,103.99,104.76,44.4,29.6,1.56
豪迈科技,sz002595,80.51,79.18,80.2,6725000.0,80.5,4100,80.51,12600,1.68,81.82,76.8,6725000,536550000.0,0.85,6.34,639.63,644.08,87.1,71.26,1.3
北京科锐,sz002350,13.79,13.59,13.84,28945300.0,13.78,21600,13.79,48800,1.47,14.19,13.71,28945300,404050000.0,5.46,3.53,73.16,74.79,14.95,12.23,0.57
天富龙,sh603406,34.72,34.38,34.73,863900.0,34.72,2500,34.73,3200,0.99,34.87,34.53,863900,29970000.0,2.36,0.99,12.73,138.88,37.82,30.94,0.62
华立股份,sh603038,14.85,14.83,15.09,2864200.0,14.85,23600,14.86,5300,0.13,15.12,14.72,2864200,42480000.0,1.07,2.7,39.9,39.9,16.31,13.35,0.84
百合花,sh603823,15.48,15.46,15.9,2783600.0,15.48,5800,15.5,300,0.13,15.9,15.44,2783600,43330000.0,0.67,2.98,64.45,64.45,17.01,13.91,0.86
诚志股份,sz000990,9.83,9.8,9.84,51845000.0,9.83,82500,9.84,67700,0.31,10.13,9.7,51845000,515080000.0,4.27,4.39,119.46,119.46,10.78,8.82,0.56
华西股份,sz000936,7.46,7.16,7.28,24998700.0,7.45,245400,7.46,71500,4.19,7.54,7.27,24998700,185470000.0,2.82,3.77,66.09,66.1,7.88,6.44,2.15
陆家嘴,sh600663,7.79,7.74,7.8,5130000.0,7.78,11800,7.79,58900,0.65,7.82,7.71,5130000,39780000.0,0.16,1.42,245.83,392.24,8.51,6.97,0.75
贝斯特,sz300580,23.08,22.4,22.75,8861900.0,23.08,600,23.09,5500,3.04,23.15,22.6,8861900,203210000.0,1.88,2.46,109.07,115.94,26.88,17.92,1.03
广信材料,sz300537,21.69,21.27,21.67,2986200.0,21.68,14800,21.69,6300,1.97,21.84,21.42,2986200,64500000.0,1.97,1.97,32.93,45.07,25.52,17.02,0.86
黄山谷捷,sz301581,45.34,44.66,45.99,293100.0,45.21,1500,45.34,1400,1.52,46.0,45.0,293100,13330000.0,0.6,2.24,22.16,36.27,53.59,35.73,0.87
福莱特,sh601865,14.24,14.19,14.45,30506000.0,14.24,119600,14.25,41400,0.35,14.49,13.98,30506000,432850000.0,1.6,3.59,270.71,333.63,15.61,12.77,0.94
果麦文化,sz301052,33.75,33.45,34.02,3359700.0,33.75,2900,33.76,3800,0.9,34.15,33.28,3359700,113040000.0,4.19,2.6,27.07,33.4,40.14,26.76,1.05
*ST高斯,sz002848,13.55,13.54,13.5,2206700.0,13.55,18900,13.56,11200,0.07,13.66,13.45,2206700,29930000.0,1.34,1.55,22.35,22.65,14.22,12.86,0.5
鲍斯股份,sz300441,7.15,7.08,7.15,3239600.0,7.14,39800,7.15,7500,0.99,7.18,7.09,3239600,23100000.0,0.52,1.27,44.8,46.08,8.5,5.66,0.82
真兰仪表,sz301303,14.82,14.47,14.66,2094100.0,14.8,16500,14.82,3900,2.42,14.91,14.66,2094100,30910000.0,2.06,1.73,15.08,60.58,17.36,11.58,1.04
军信股份,sz301109,15.99,16.52,16.67,15957900.0,15.98,6800,15.99,3300,-3.21,16.82,15.73,15957900,256310000.0,6.93,6.6,36.83,126.18,19.82,13.22,1.34
和泰机电,sz001225,49.1,49.0,49.8,2475300.0,49.07,6700,49.1,1300,0.2,50.86,48.0,2475300,120550000.0,11.77,5.84,10.33,32.34,53.9,44.1,1.58
设研院,sz300732,7.01,6.92,7.09,4929500.0,7.01,500,7.02,38500,1.3,7.12,6.95,4929500,34620000.0,1.33,2.46,25.95,25.98,8.3,5.54,0.84
宁波联合,sh600051,7.72,7.72,7.84,6561300.0,7.72,33400,7.73,1200,0.0,7.87,7.66,6561300,50830000.0,2.11,2.72,24.0,24.0,8.49,6.95,0.93
大亚圣象,sz000910,7.13,7.03,7.11,4905600.0,7.12,10100,7.13,41300,1.42,7.19,7.05,4905600,34870000.0,0.9,1.99,39.01,39.03,7.73,6.33,0.93
优宁维,sz301166,30.93,30.15,30.87,2045500.0,30.93,400,30.95,1100,2.59,30.99,30.14,2045500,62720000.0,3.59,2.82,17.6,26.81,36.18,24.12,1.05
亿嘉和,sh603666,26.64,26.44,26.9,1966300.0,26.63,1400,26.64,7700,0.76,26.9,26.42,1966300,52340000.0,0.96,1.82,54.75,54.75,29.08,23.8,0.74
首药控股-U,sh688197,41.59,38.58,39.14,293400300.0,41.58,12500,41.59,63800,7.8,42.17,38.73,293400300,119610000.0,4.58,8.92,26.62,61.85,46.3,30.86,1.81
长电科技,sh600584,39.49,38.75,39.88,36707000.0,39.48,16900,39.49,96500,1.91,39.89,39.24,36707000,1450870000.0,2.05,1.68,706.64,706.64,42.63,34.88,0.91
中远海特,sh600428,9.15,8.99,9.07,62684500.0,9.15,58200,9.16,110700,1.78,9.3,9.02,62684500,573290000.0,2.92,3.11,196.42,251.07,9.89,8.09,0.85
安孚科技,sh603031,47.46,46.18,47.48,5215500.0,47.46,4000,47.47,5000,2.77,48.0,46.87,5215500,247680000.0,2.41,2.45,102.9,122.36,50.8,41.56,0.95
歌华有线,sh600037,7.5,7.34,7.48,15065000.0,7.5,30500,7.51,279400,2.18,7.57,7.4,15065000,112890000.0,1.08,2.32,104.38,104.38,8.07,6.61,1.03
影石创新,sh688775,194.99,188.27,193.0,109949600.0,194.75,400,194.99,400,3.57,195.56,190.3,109949600,212740000.0,3.35,2.79,63.96,781.91,225.92,150.62,1.36
东兴证券,sh601198,12.49,12.32,12.48,18108500.0,12.48,225700,12.49,85800,1.38,12.54,12.39,18108500,225790000.0,0.56,1.22,403.73,403.73,13.55,11.09,0.96
锡业股份,sz000960,32.53,31.56,32.51,46543300.0,32.52,54600,32.53,37600,3.07,32.7,31.98,46543300,1503370000.0,2.83,2.28,535.26,535.26,34.72,28.4,0.91
津膜科技,sz300334,7.4,7.39,7.53,5195000.0,7.39,34900,7.4,3300,0.14,7.57,7.31,5195000,38550000.0,1.72,3.52,22.35,22.35,8.87,5.91,0.79
润邦股份,sz002483,6.96,6.83,7.0,7632500.0,6.96,33000,6.97,86700,1.9,7.04,6.91,7632500,53140000.0,0.86,1.9,61.61,61.7,7.51,6.15,0.81
罗普特,sh688619,15.01,14.83,15.06,198858500.0,15.0,5000,15.01,700,1.21,15.33,14.88,198858500,29890000.0,1.07,3.03,27.83,27.83,17.8,11.86,0.56
青岛啤酒,sh600600,63.3,61.86,62.15,7417000.0,63.29,400,63.3,14200,2.33,63.3,62.11,7417000,466130000.0,1.05,1.92,448.88,863.54,68.05,55.67,1.51
财达证券,sh600906,6.44,6.41,6.45,14052700.0,6.43,26500,6.44,141900,0.47,6.48,6.38,14052700,90290000.0,0.66,1.56,136.8,208.98,7.05,5.77,0.94
博硕科技,sz300951,37.11,36.33,36.77,1921400.0,37.11,6600,37.12,1700,2.15,37.3,36.51,1921400,70850000.0,1.27,2.17,56.18,62.86,43.6,29.06,1.05
福斯达,sh603173,40.74,40.27,41.13,1091800.0,40.73,300,40.74,3400,1.17,41.3,40.53,1091800,44560000.0,0.68,1.91,65.18,65.18,44.3,36.24,0.82
盛德鑫泰,sz300881,42.21,41.0,41.66,1620200.0,42.21,1500,42.34,100,2.95,42.39,41.44,1620200,68050000.0,2.82,2.32,24.23,46.43,49.2,32.8,1.26
哈投股份,sh600864,6.72,6.72,6.81,48232300.0,6.72,201500,6.73,330500,0.0,6.83,6.67,48232300,323980000.0,2.32,2.38,139.81,139.81,7.39,6.05,0.62
国投丰乐,sz000713,6.51,6.52,6.57,7893200.0,6.51,126300,6.52,77800,-0.15,6.62,6.47,7893200,51450000.0,1.29,2.3,39.97,51.96,7.17,5.87,0.63
禾望电气,sh603063,31.9,30.86,31.22,30059700.0,31.89,9200,31.9,76400,3.37,32.68,30.41,30059700,944420000.0,6.55,7.36,146.29,146.29,33.95,27.77,0.84
四方新材,sh605122,13.3,13.23,13.68,1962900.0,13.28,8000,13.31,800,0.53,13.68,13.19,1962900,26170000.0,1.14,3.7,22.92,22.92,14.55,11.91,0.87
湖南白银,sz002716,12.05,12.04,12.34,190554400.0,12.05,1011000,12.06,324200,0.08,12.46,11.86,190554400,2306980000.0,8.2,4.98,280.14,340.18,13.24,10.84,1.1
新朋股份,sz002328,7.6,7.33,7.36,64689000.0,7.59,103700,7.6,53200,3.68,7.77,7.3,64689000,490430000.0,11.33,6.41,43.38,58.65,8.06,6.6,1.11
亚宝药业,sh600351,6.77,6.67,6.68,32932400.0,6.76,239900,6.77,92300,1.5,6.8,6.65,32932400,222030000.0,4.76,2.25,46.85,46.85,7.34,6.0,2.21
远信工业,sz301053,41.03,40.46,40.71,11658900.0,41.02,12400,41.03,3000,1.41,42.96,39.5,11658900,477400000.0,13.75,8.55,34.79,37.63,48.55,32.37,1.87
东来技术,sh688129,23.3,22.78,23.15,70157200.0,23.3,4500,23.33,300,2.28,23.6,23.05,70157200,16350000.0,0.58,2.41,28.07,28.07,27.34,18.22,0.81
物产环能,sh603071,13.71,13.9,13.88,5817700.0,13.7,14200,13.71,2800,-1.37,14.0,13.55,5817700,79820000.0,1.04,3.24,76.5,76.5,15.29,12.51,0.73
四川美丰,sz000731,7.28,7.23,7.38,18838400.0,7.27,178100,7.28,57100,0.69,7.45,7.22,18838400,137510000.0,3.43,3.18,39.95,39.95,7.95,6.51,0.54
利尔化学,sz002258,14.71,14.4,14.67,10975200.0,14.7,45400,14.71,6100,2.15,14.8,14.5,10975200,161060000.0,1.37,2.08,117.55,117.74,15.84,12.96,0.88
东土科技,sz300353,19.57,19.2,19.55,9149800.0,19.56,51000,19.57,33800,1.93,19.76,19.48,9149800,179410000.0,1.7,1.46,105.14,120.33,23.04,15.36,0.85
山西焦煤,sz000983,6.63,6.68,6.61,81742800.0,6.63,423700,6.64,237000,-0.75,6.69,6.57,81742800,542380000.0,1.44,1.8,376.39,376.39,7.35,6.01,0.6
晨光生物,sz300138,12.13,12.1,12.26,14336500.0,12.13,36400,12.14,13200,0.25,12.31,12.02,14336500,173750000.0,3.6,2.4,48.32,58.6,14.52,9.68,1.34
佳电股份,sz000922,13.78,13.46,13.76,9696200.0,13.77,25900,13.78,31800,2.38,14.07,13.67,9696200,134140000.0,1.65,2.97,80.95,95.77,14.81,12.11,1.16
有友食品,sh603697,10.12,9.84,9.99,6391500.0,10.11,6900,10.12,19600,2.85,10.12,9.85,6391500,63900000.0,1.49,2.74,43.28,43.28,10.82,8.86,0.91
中航机载,sh600372,13.07,13.0,13.2,30538700.0,13.07,22000,13.08,120700,0.54,13.25,12.97,30538700,399320000.0,0.63,2.15,632.44,632.44,14.3,11.7,0.83
赛科希德,sh688338,29.99,29.45,29.96,140382600.0,29.99,1200,30.02,600,1.83,30.32,29.51,140382600,42000000.0,1.32,2.75,31.83,31.83,35.34,23.56,1.31
金鸿顺,sh603922,20.97,21.01,21.3,4147600.0,20.97,2400,20.98,3400,-0.19,21.51,20.85,4147600,87370000.0,2.31,3.14,37.58,37.58,23.11,18.91,0.44
森特股份,sh603098,16.3,17.33,17.52,22572500.0,16.29,189200,16.3,68300,-5.94,17.56,15.64,22572500,373320000.0,4.19,11.08,87.82,87.97,19.06,15.6,1.14
海特高新,sz002023,10.35,10.19,10.36,7484900.0,10.34,10600,10.35,168300,1.57,10.44,10.21,7484900,77070000.0,1.01,2.26,76.68,76.68,11.21,9.17,0.79
中创物流,sh603967,13.36,13.38,13.51,5629500.0,13.35,10700,13.36,500,-0.15,13.57,13.22,5629500,75000000.0,1.62,2.62,46.31,46.31,14.72,12.04,1.02
新相微,sh688593,30.58,29.6,30.08,1006537400.0,30.58,32300,30.6,1500,3.31,30.93,29.32,1006537400,302280000.0,3.12,5.44,98.68,140.52,35.52,23.68,1.37
华润江中,sh600750,26.79,26.72,26.7,5714600.0,26.79,1100,26.8,300,0.26,26.92,26.41,5714600,152760000.0,0.91,1.91,168.42,170.28,29.39,24.05,0.98
华建集团,sh600629,20.53,20.15,20.58,15317100.0,20.53,58500,20.54,2000,1.89,20.75,20.25,15317100,313960000.0,1.61,2.48,195.67,199.21,22.17,18.14,0.89
友车科技,sh688479,33.41,31.57,31.7,292725800.0,33.41,200,33.42,1300,5.83,33.44,31.7,292725800,96020000.0,4.7,5.51,20.82,48.22,37.88,25.26,1.64
皖维高新,sh600063,6.84,6.74,6.86,28177200.0,6.83,569300,6.84,24200,1.48,6.93,6.79,28177200,193080000.0,1.36,2.08,141.53,141.53,7.41,6.07,0.58
鸿远电子,sh603267,50.21,49.46,50.39,3768100.0,50.21,2800,50.24,2300,1.52,50.6,49.86,3768100,189170000.0,1.63,1.5,116.03,116.03,54.41,44.51,0.88
国发股份,sh600538,6.66,6.7,6.77,12838400.0,6.66,6600,6.67,117000,-0.6,6.82,6.63,12838400,86000000.0,2.45,2.84,34.91,34.91,7.37,6.03,0.7
光弘科技,sz300735,21.46,20.99,21.39,6562100.0,21.45,18800,21.46,20000,2.24,21.52,21.22,6562100,140490000.0,0.87,1.43,162.54,164.7,25.19,16.79,1.07
万丰股份,sh603172,21.52,20.91,21.3,1920600.0,21.52,2400,21.53,3200,2.92,21.57,21.1,1920600,41030000.0,3.84,2.25,10.78,28.7,23.0,18.82,0.91
容知日新,sh688768,45.82,45.04,46.0,83053300.0,45.82,100,45.83,1600,1.73,46.4,45.0,83053300,37840000.0,0.95,3.11,39.98,40.32,54.05,36.03,0.54
奥瑞金,sz002701,5.14,5.1,5.15,13938800.0,5.14,3100,5.15,326600,0.78,5.17,5.1,13938800,71570000.0,0.55,1.37,131.45,131.57,5.61,4.59,0.75
青岛双星,sz000599,5.8,5.8,5.9,15188300.0,5.8,33800,5.81,50200,0.0,5.91,5.77,15188300,88310000.0,1.86,2.41,47.37,47.37,6.38,5.22,0.78
方正科技,sh600601,10.06,9.88,10.08,54773000.0,10.05,195400,10.06,255900,1.82,10.2,9.95,54773000,550890000.0,1.31,2.53,419.53,429.94,10.87,8.89,0.92
祥龙电业,sh600769,13.93,14.05,14.0,9211800.0,13.92,2300,13.93,25600,-0.85,14.12,13.66,9211800,128200000.0,2.46,3.27,52.23,52.23,15.46,12.65,0.66
江山股份,sh600389,29.84,29.03,29.29,10318900.0,29.83,8600,29.84,3400,2.79,30.18,29.0,10318900,305630000.0,2.4,4.06,128.51,128.51,31.93,26.13,0.92
佳发教育,sz300559,13.6,12.68,13.05,22644100.0,13.59,36900,13.6,4900,7.26,13.88,13.01,22644100,307870000.0,7.28,6.86,42.31,54.33,15.22,10.14,0.99
深纺织Ａ,sz000045,13.69,13.97,14.1,21498600.0,13.69,179400,13.7,121700,-2.0,14.13,13.41,21498600,294880000.0,4.7,5.15,62.57,69.34,15.37,12.57,0.68
太极股份,sz002368,20.01,19.95,20.29,5887000.0,20.01,31400,20.02,700,0.3,20.33,19.96,5887000,118310000.0,0.95,1.85,124.15,124.71,21.95,17.96,0.61
安道麦A,sz000553,6.41,6.32,6.44,15305900.0,6.4,60300,6.41,9300,1.42,6.48,6.29,15305900,97910000.0,0.7,3.01,139.55,149.34,6.95,5.69,0.67
亚玛顿,sz002623,22.35,21.73,22.08,6743300.0,22.34,4100,22.35,79200,2.85,22.65,21.58,6743300,149460000.0,3.39,4.92,44.4,44.49,23.9,19.56,1.16
国网英大,sh600517,6.5,6.38,6.47,21212900.0,6.49,25500,6.5,5000,1.88,6.54,6.46,21212900,137670000.0,0.37,1.25,371.7,371.7,7.02,5.74,0.78
传化智联,sz002010,5.92,5.74,5.82,35216300.0,5.91,136400,5.92,31200,3.14,6.03,5.78,35216300,207700000.0,1.28,4.36,163.22,163.63,6.31,5.17,1.74
胜蓝股份,sz300843,55.64,53.25,54.12,8743300.0,55.63,1100,55.64,11400,4.49,55.88,53.9,8743300,482100000.0,5.57,3.72,87.4,91.09,63.9,42.6,1.62
麦捷科技,sz300319,11.42,11.13,11.4,24937400.0,11.42,101200,11.43,43100,2.61,11.65,11.36,24937400,286440000.0,2.96,2.61,96.25,101.36,13.36,8.9,0.9
日丰股份,sz002953,11.55,11.46,11.67,4570200.0,11.54,54900,11.55,6300,0.79,11.69,11.47,4570200,52820000.0,2.15,1.92,24.56,56.78,12.61,10.31,0.72
开滦股份,sh600997,6.07,6.2,6.21,26844000.0,6.07,32500,6.08,66800,-2.1,6.22,6.07,26844000,164470000.0,1.69,2.42,96.38,96.38,6.82,5.58,0.88
雪天盐业,sh600929,5.99,5.96,6.02,9424300.0,5.99,18400,6.0,188400,0.5,6.04,5.94,9424300,56370000.0,0.57,1.68,98.24,98.24,6.56,5.36,0.47
今飞凯达,sz002863,5.55,5.4,5.69,18885800.0,5.54,54900,5.55,2100,2.78,5.79,5.51,18885800,105500000.0,3.15,5.19,33.27,33.27,5.94,4.86,1.78
中新赛克,sz002912,26.63,26.12,26.63,5265100.0,26.62,400,26.63,9500,1.95,26.79,26.31,5265100,139960000.0,3.25,1.84,43.2,45.47,28.73,23.51,1.54
华昌化工,sz002274,6.32,6.3,6.39,19176500.0,6.32,177100,6.33,164700,0.32,6.44,6.25,19176500,121370000.0,2.04,3.02,59.27,60.19,6.93,5.67,0.54
天能重工,sz300569,6.84,6.8,6.96,44734600.0,6.84,93000,6.85,218200,0.59,7.03,6.77,44734600,307540000.0,4.39,3.82,69.74,69.95,8.16,5.44,0.63
国恩股份,sz002768,46.92,47.02,47.98,5205900.0,46.91,3500,46.92,4900,-0.21,48.03,46.3,5205900,244760000.0,2.95,3.68,82.93,141.35,51.72,42.32,1.54
国电南瑞,sh600406,26.42,25.99,26.35,54015200.0,26.41,408500,26.42,115900,1.65,26.45,26.15,54015200,1420320000.0,0.67,1.15,2115.76,2121.99,28.59,23.39,0.81
通化金马,sz000766,19.83,19.36,19.62,19739000.0,19.83,108600,19.84,4200,2.43,20.01,19.31,19739000,389660000.0,2.04,3.62,191.56,191.66,21.3,17.42,1.25
柏楚电子,sh688188,133.23,129.45,131.88,120901300.0,133.22,200,133.23,300,2.92,133.5,130.3,120901300,159510000.0,0.42,2.47,384.67,384.67,155.34,103.56,0.98
巨星农牧,sh603477,15.48,15.72,15.9,12361100.0,15.47,32500,15.48,54500,-1.53,15.9,15.4,12361100,192110000.0,2.42,3.18,78.96,78.96,17.29,14.15,1.13
康华生物,sz300841,57.9,56.88,57.5,1776900.0,57.88,1100,57.9,4200,1.79,58.45,56.63,1776900,102640000.0,1.49,3.2,68.86,75.24,68.26,45.5,1.29
中国银行,sh601988,5.87,5.87,5.89,343189300.0,5.87,686000,5.88,2092800,0.0,5.95,5.85,343189300,2022100000.0,0.16,1.7,12371.94,18913.87,6.46,5.28,0.98
老凤祥,sh600612,41.78,41.57,41.85,1191000.0,41.78,1200,41.8,900,0.51,41.86,41.35,1191000,49650000.0,0.38,1.23,132.49,218.56,45.73,37.41,0.87
晨光股份,sh603899,25.54,25.27,25.45,3593700.0,25.52,1200,25.54,2800,1.07,25.65,25.02,3593700,91340000.0,0.39,2.49,235.22,235.22,27.8,22.74,1.07
昂利康,sz002940,34.88,31.71,31.72,21691000.0,34.88,2880100,0.0,0,10.0,34.88,31.72,21691000,727250000.0,11.71,9.97,64.62,70.36,34.88,28.54,2.05
中电环保,sz300172,5.45,5.48,5.54,38471200.0,5.44,298200,5.45,109900,-0.55,5.62,5.39,38471200,210600000.0,7.36,4.2,28.5,36.88,6.58,4.38,1.11
湘财股份,sh600095,9.39,9.27,9.39,16812500.0,9.39,417300,9.4,255100,1.29,9.42,9.29,16812500,157420000.0,0.59,1.4,268.48,268.48,10.2,8.34,0.86
经纬股份,sz301390,38.25,37.5,38.02,772000.0,38.24,1900,38.25,400,2.0,38.99,37.7,772000,29460000.0,2.52,3.44,11.73,22.95,45.0,30.0,0.78
依顿电子,sh603328,11.74,11.06,11.37,53678700.0,11.74,10500,11.75,115200,6.15,12.17,11.37,53678700,638430000.0,5.38,7.23,117.22,117.22,12.17,9.95,2.8
圣农发展,sz002299,18.05,17.7,17.91,11271000.0,18.05,17700,18.06,200,1.98,18.14,17.7,11271000,202510000.0,0.92,2.49,220.02,224.38,19.47,15.93,0.94
朗迪集团,sh603726,22.72,22.43,22.73,2315100.0,22.71,4000,22.72,100,1.29,22.98,22.61,2315100,52700000.0,1.25,1.65,41.97,42.18,24.67,20.19,0.78
扬杰科技,sz300373,70.67,67.47,69.3,15258900.0,70.66,900,70.67,2000,4.74,71.18,68.89,15258900,1065900000.0,2.81,3.39,383.13,383.98,80.96,53.98,1.24
海天瑞声,sh688787,135.68,132.51,137.0,198650100.0,135.68,10000,135.69,1500,2.39,137.01,132.78,198650100,268250000.0,3.29,3.19,81.85,81.85,159.01,106.01,0.84
贝肯能源,sz002828,12.54,12.93,12.71,18906800.0,12.54,58700,12.55,108200,-3.02,12.88,12.53,18906800,239720000.0,9.77,2.71,24.27,25.2,14.22,11.64,0.78
中鼎股份,sz000887,18.39,17.96,18.3,15180400.0,18.38,219500,18.39,600,2.39,18.44,18.2,15180400,278140000.0,1.15,1.34,241.71,242.1,19.76,16.16,0.99
市北高新,sh600604,5.2,5.17,5.22,12374800.0,5.2,19700,5.21,126100,0.58,5.25,5.13,12374800,64150000.0,0.88,2.32,73.19,97.41,5.69,4.65,0.51
科远智慧,sz002380,31.73,30.81,31.51,4311000.0,31.72,9200,31.73,1500,2.99,32.05,31.35,4311000,136450000.0,3.04,2.27,44.98,76.15,33.89,27.73,0.85
精达股份,sh600577,12.33,11.84,12.2,62260500.0,12.32,86900,12.33,231600,4.14,12.43,12.04,62260500,762350000.0,2.9,3.29,265.0,265.0,13.02,10.66,1.32
莱宝高科,sz002106,10.59,10.36,10.6,9189700.0,10.58,49400,10.59,33000,2.22,10.67,10.48,9189700,97170000.0,1.3,1.83,74.65,74.75,11.4,9.32,0.72
海天味业,sh603288,41.76,41.0,41.33,29224300.0,41.75,57200,41.76,192100,1.85,42.08,40.6,29224300,1216690000.0,0.53,3.61,2322.11,2443.72,45.1,36.9,0.91
万年青,sz000789,5.31,5.3,5.37,9924700.0,5.31,24200,5.32,248600,0.19,5.4,5.28,9924700,52870000.0,1.24,2.26,42.34,42.34,5.83,4.77,0.72
菲达环保,sh600526,5.48,5.38,5.46,8916900.0,5.47,31800,5.48,12500,1.86,5.54,5.43,8916900,48850000.0,1.02,2.04,47.84,48.7,5.92,4.84,0.81
爱建集团,sh600643,5.15,4.68,4.75,66366000.0,5.15,18473800,0.0,0,10.04,5.15,4.71,66366000,331770000.0,4.17,9.4,81.9,82.05,5.15,4.21,1.25
伟星新材,sz002372,11.19,11.22,11.36,7082600.0,11.18,4900,11.19,13200,-0.27,11.44,11.1,7082600,79460000.0,0.48,3.03,164.59,178.15,12.34,10.1,0.92
嘉华股份,sh603182,16.24,16.24,0.0,0.0,0.0,0,0.0,0,0.0,0.0,0.0,0,0.0,0.0,0.0,26.72,26.72,17.86,14.62,0.0
华利集团,sz300979,44.41,43.51,43.95,1555600.0,44.41,1100,44.42,800,2.07,44.69,43.75,1555600,68790000.0,0.13,2.16,518.26,518.26,52.21,34.81,1.55
豫园股份,sh600655,4.64,4.59,4.63,11415800.0,4.64,5200,4.65,151100,1.09,4.67,4.6,11415800,52960000.0,0.29,1.53,180.49,180.61,5.05,4.13,1.05
晶华微,sh688130,20.95,20.38,20.81,81540700.0,20.9,5100,20.95,11300,2.8,21.07,20.61,81540700,17010000.0,1.35,2.26,12.63,25.33,24.46,16.3,0.7
聚光科技,sz300203,13.69,13.42,13.7,3375500.0,13.68,18500,13.69,6400,2.01,13.73,13.45,3375500,45930000.0,0.75,2.09,61.38,61.43,16.1,10.74,0.58
三联虹普,sz300384,15.23,14.81,15.1,3190200.0,15.22,14800,15.23,3900,2.84,15.24,15.04,3190200,48290000.0,1.45,1.35,33.54,48.58,17.77,11.85,0.82
伟隆股份,sz002871,16.63,16.18,16.33,4154200.0,16.6,16200,16.63,5300,2.78,16.75,16.33,4154200,68930000.0,2.78,2.6,24.84,41.88,17.8,14.56,1.48
国电南自,sh600268,15.67,15.48,15.33,72203300.0,15.67,655800,15.68,93500,1.23,15.75,15.02,72203300,1110290000.0,7.14,4.72,158.4,159.19,17.03,13.93,1.28
亚香股份,sz301220,40.9,40.45,41.46,2708700.0,40.9,17500,40.92,200,1.11,41.87,40.66,2708700,111300000.0,3.48,2.99,31.83,46.12,48.54,32.36,0.92
久祺股份,sz300994,15.8,16.52,16.34,13176600.0,15.8,28600,15.81,18100,-4.36,16.48,15.7,13176600,209690000.0,11.29,4.72,18.43,36.83,19.82,13.22,1.31
贵广网络,sh600996,10.27,10.34,10.38,92647800.0,10.27,97200,10.28,259400,-0.68,10.89,10.04,92647800,965070000.0,7.43,8.22,128.05,128.05,11.37,9.31,1.42
安联锐视,sz301042,94.7,92.32,93.0,1493400.0,94.7,900,94.74,1000,2.58,95.15,90.54,1493400,138340000.0,2.26,4.99,62.52,66.03,110.78,73.86,0.89
诺 普 信,sz002215,10.41,10.4,10.49,10661800.0,10.41,10700,10.42,700,0.1,10.6,10.4,10661800,111810000.0,1.33,1.92,83.59,104.58,11.44,9.36,0.91
欧派家居,sh603833,54.36,53.3,53.6,1185200.0,54.36,400,54.37,800,1.99,54.5,53.31,1185200,64270000.0,0.19,2.23,331.14,331.14,58.63,47.97,0.79
山西高速,sz000755,5.21,5.22,5.25,4817000.0,5.21,18500,5.23,93500,-0.19,5.3,5.19,4817000,25200000.0,0.33,2.11,76.45,76.45,5.74,4.7,0.66
江苏银行,sh600919,10.82,10.92,10.93,88758100.0,10.82,886600,10.83,233600,-0.92,11.03,10.8,88758100,967780000.0,0.48,2.11,1985.61,1985.61,12.01,9.83,0.97
东利机械,sz301298,15.84,15.73,16.05,2752600.0,15.82,1400,15.84,7000,0.7,16.12,15.6,2752600,43580000.0,2.54,3.31,17.14,23.25,18.88,12.58,1.02
武汉控股,sh600168,5.16,5.15,5.2,8548800.0,5.16,15100,5.17,101600,0.19,5.22,5.12,8548800,44060000.0,0.86,1.94,51.26,51.26,5.67,4.64,0.58
瑞丰高材,sz300243,13.21,12.68,12.98,19871100.0,13.21,7300,13.22,7500,4.18,13.66,12.98,19871100,265080000.0,10.19,5.36,25.76,33.16,15.22,10.14,0.83
山煤国际,sh600546,11.17,11.1,11.06,27336700.0,11.16,42900,11.17,3000,0.63,11.32,10.89,27336700,305480000.0,1.38,3.87,221.44,221.44,12.21,9.99,0.78
中国联通,sh600050,4.48,4.45,4.5,113110800.0,4.48,1444100,4.49,4492200,0.67,4.51,4.47,113110800,507290000.0,0.37,0.9,1378.35,1400.65,4.9,4.01,0.79
兰剑智能,sh688557,32.17,31.2,31.68,131049500.0,32.17,9000,32.18,17100,3.11,32.18,31.27,131049500,41640000.0,1.28,2.92,33.03,33.03,37.44,24.96,1.24
外服控股,sh600662,5.14,5.03,5.11,14526500.0,5.14,1600,5.15,187000,2.19,5.16,5.09,14526500,74590000.0,0.64,1.39,117.01,117.37,5.53,4.53,1.11
甘化科工,sz000576,9.23,9.16,9.27,6027500.0,9.22,37200,9.23,36300,0.76,9.3,9.14,6027500,55540000.0,1.39,1.75,40.04,40.28,10.08,8.24,0.49
中国动力,sh600482,32.29,31.33,32.11,31339900.0,32.29,1900,32.3,16000,3.06,33.03,32.06,31339900,1019420000.0,1.38,3.1,732.42,732.42,34.46,28.2,0.87
纳微科技,sh688690,26.27,25.1,25.5,505755100.0,26.27,30600,26.28,4600,4.66,26.3,25.15,505755100,130760000.0,1.25,4.58,106.08,106.08,30.12,20.08,1.39
海正药业,sh600267,10.77,10.47,10.55,17596800.0,10.76,4500,10.77,49400,2.87,10.79,10.4,17596800,187230000.0,1.47,3.72,129.11,129.12,11.52,9.42,1.5
祥明智能,sz301226,45.55,42.92,43.7,17727000.0,45.55,37900,45.56,2600,6.13,46.79,42.69,17727000,788540000.0,16.29,9.55,49.56,49.56,51.5,34.34,1.11
康泰生物,sz300601,14.38,13.91,14.08,14762800.0,14.37,220700,14.38,15400,3.38,14.39,13.87,14762800,209920000.0,1.64,3.74,129.47,160.61,16.69,11.13,1.55
长芯博创,sz300548,159.43,153.15,158.82,23147400.0,159.42,3600,159.43,1200,4.1,160.26,154.21,23147400,3661570000.0,8.6,3.95,429.31,464.85,183.78,122.52,1.03
永安药业,sz002365,14.15,13.81,13.99,6326800.0,14.15,31800,14.16,86900,2.46,14.17,13.77,6326800,88860000.0,2.58,2.9,34.75,41.7,15.19,12.43,1.09
映翰通,sh688080,52.1,50.69,52.18,109164500.0,52.1,6200,52.16,11800,2.78,52.28,51.52,109164500,56720000.0,1.48,1.5,38.37,38.37,60.83,40.55,0.98
康隆达,sh603665,31.27,30.18,30.39,3159100.0,31.27,3900,31.28,1300,3.61,31.59,30.39,3159100,98430000.0,1.97,3.98,50.08,50.38,33.2,27.16,1.29
柳钢股份,sh601003,4.68,4.62,4.66,10612200.0,4.68,134700,4.69,91000,1.3,4.72,4.63,10612200,49600000.0,0.41,1.95,119.94,123.28,5.08,4.16,0.76
比音勒芬,sz002832,17.13,17.12,17.28,6307200.0,17.12,9800,17.13,11000,0.06,17.29,17.04,6307200,108020000.0,1.62,1.46,66.71,97.76,18.83,15.41,0.64
海信家电,sz000921,22.35,21.54,21.69,19911600.0,22.34,34100,22.35,15800,3.76,22.75,21.68,19911600,445760000.0,2.17,4.97,205.2,309.52,23.69,19.39,1.93
中直股份,sh600038,33.84,33.76,34.05,7717400.0,33.83,6500,33.84,11100,0.24,34.22,33.58,7717400,260740000.0,1.15,1.9,226.37,277.45,37.14,30.38,1.12
春兰股份,sh600854,5.12,5.15,5.21,9543400.0,5.11,6900,5.12,62700,-0.58,5.24,5.05,9543400,48860000.0,1.84,3.69,26.6,26.6,5.67,4.64,0.96
冀东装备,sz000856,11.47,11.35,11.61,19107000.0,11.46,32400,11.47,300,1.06,11.8,11.39,19107000,221760000.0,8.42,3.61,26.04,26.04,12.49,10.22,0.61
威海广泰,sz002111,10.04,9.77,9.89,9847300.0,10.04,6900,10.05,25600,2.76,10.1,9.82,9847300,98490000.0,2.05,2.87,48.32,53.41,10.75,8.79,1.34
浙农股份,sz002758,9.86,9.8,9.9,8179700.0,9.85,15500,9.86,22600,0.61,9.99,9.75,8179700,80700000.0,1.58,2.45,51.1,51.15,10.78,8.82,0.69
亚威股份,sz002559,9.35,9.16,9.33,13055600.0,9.35,92100,9.36,117900,2.07,9.51,9.29,13055600,122410000.0,2.59,2.4,47.13,51.4,10.08,8.24,0.81
恒润股份,sh603985,20.46,18.6,18.9,49946600.0,20.46,4757000,0.0,0,10.0,20.46,18.77,49946600,991400000.0,11.33,9.09,90.2,90.2,20.46,16.74,1.55
通业科技,sz300960,25.5,27.49,27.22,8906300.0,25.5,8000,25.51,200,-7.24,27.32,25.08,8906300,228130000.0,6.81,8.15,33.37,36.83,32.99,21.99,2.54
新华医疗,sh600587,14.53,14.27,14.4,6860700.0,14.53,48200,14.54,7200,1.82,14.55,14.29,6860700,99150000.0,1.13,1.82,88.15,88.15,15.7,12.84,1.17
苏文电能,sz300982,22.43,22.32,22.77,3552300.0,22.43,1400,22.45,6400,0.49,22.92,22.23,3552300,80090000.0,1.83,3.09,43.49,46.42,26.78,17.86,0.62
东江环保,sz002672,4.74,4.84,4.88,10886600.0,4.73,31500,4.74,60000,-2.07,4.91,4.68,10886600,52020000.0,1.2,4.75,42.9,52.39,5.32,4.36,0.78
沪光股份,sh605333,25.56,25.36,25.72,1508500.0,25.55,1800,25.56,3000,0.79,25.75,25.35,1508500,38550000.0,0.35,1.58,111.64,118.61,27.9,22.82,0.66
老板电器,sz002508,20.9,21.12,21.27,6248900.0,20.9,6000,20.91,14500,-1.04,21.35,20.72,6248900,130880000.0,0.67,2.98,195.11,197.49,23.23,19.01,1.08
华邦健康,sz002004,5.38,5.23,5.28,30614300.0,5.38,93800,5.39,62900,2.87,5.4,5.25,30614300,163760000.0,1.63,2.87,101.23,106.52,5.75,4.71,0.88
韶能股份,sz000601,6.86,6.85,6.93,137695700.0,6.86,220600,6.87,31300,0.15,7.05,6.73,137695700,951200000.0,13.12,4.67,72.0,73.01,7.54,6.17,0.54
伊利股份,sh600887,26.33,26.35,26.58,29163200.0,26.33,1500,26.34,41600,-0.08,26.58,26.18,29163200,768510000.0,0.46,1.52,1657.19,1665.47,28.99,23.72,1.04
征和工业,sz003033,59.97,60.61,63.99,5890600.0,59.96,6900,59.97,18900,-1.06,64.0,58.98,5890600,361790000.0,7.3,8.28,48.42,49.03,66.67,54.55,2.74
君正集团,sh601216,5.52,5.51,5.56,74487200.0,5.52,1092300,5.53,143400,0.18,5.64,5.5,74487200,413940000.0,0.88,2.54,465.78,465.78,6.06,4.96,0.84
华荣股份,sh603855,19.25,18.85,19.05,1535700.0,19.24,15300,19.25,600,2.12,19.38,18.91,1535700,29440000.0,0.46,2.49,64.59,64.97,20.74,16.97,1.02
泰和新材,sz002254,10.57,10.47,10.7,14319900.0,10.56,66300,10.57,15300,0.96,10.77,10.52,14319900,152090000.0,1.68,2.39,89.91,90.59,11.52,9.42,0.95
亚辉龙,sh688575,14.97,14.62,14.74,544205500.0,14.97,5400,14.99,8100,2.39,15.04,14.6,544205500,80490000.0,0.95,3.01,85.54,85.54,17.54,11.7,0.99
康缘药业,sh600557,14.2,13.63,13.75,9800500.0,14.2,900,14.21,176400,4.18,14.21,13.75,9800500,137910000.0,1.73,3.37,80.39,80.39,14.99,12.27,1.66
晶赛科技,bj920981,29.25,26.27,27.0,3316400.0,29.24,4100,29.25,500,11.34,31.97,26.9,3316400,98492800.0,8.89,19.3,10.91,22.37,34.15,18.39,5.2
浙海德曼,sh688577,64.47,63.65,63.7,90552700.0,64.45,200,64.47,9100,1.29,64.82,63.39,90552700,58020000.0,0.81,2.25,71.74,71.74,76.38,50.92,0.75
西上海,sh605151,18.6,18.26,18.48,1547700.0,18.6,25700,18.61,200,1.86,18.79,18.35,1547700,28680000.0,1.15,2.41,25.03,25.03,20.09,16.43,0.87
隆平高科,sz000998,9.92,9.9,10.03,21504300.0,9.91,209700,9.92,33900,0.2,10.05,9.84,21504300,213250000.0,1.64,2.12,130.45,145.77,10.89,8.91,0.57
世纪天鸿,sz300654,10.74,10.42,10.7,11771700.0,10.74,4500,10.75,5500,3.07,11.06,10.55,11771700,126890000.0,3.34,4.89,37.83,39.32,12.5,8.34,1.49
云天励飞-U,sh688343,78.99,74.6,76.5,1394406700.0,78.99,10800,79.0,7800,5.88,80.78,76.01,1394406700,1096320000.0,5.27,6.39,209.01,284.05,89.52,59.68,1.67
启迪设计,sz300500,11.05,10.77,10.99,4295800.0,11.01,100,11.05,9100,2.6,11.24,10.83,4295800,47170000.0,2.56,3.81,18.52,19.22,12.92,8.62,0.73
健友股份,sh603707,9.96,9.79,9.86,15045700.0,9.95,40000,9.96,212300,1.74,9.96,9.75,15045700,148980000.0,0.93,2.15,160.92,160.92,10.77,8.81,1.32
东南网架,sz002135,6.93,6.54,6.66,72490200.0,6.93,46500,6.94,11300,5.96,7.19,6.65,72490200,511050000.0,6.94,8.26,72.34,77.31,7.19,5.89,2.35
亚华电子,sz301337,27.77,27.42,28.05,1315200.0,27.73,400,27.77,3200,1.28,28.25,27.3,1315200,36390000.0,3.56,3.46,10.27,28.94,32.9,21.94,0.73
新 希 望,sz000876,8.23,8.2,8.26,15914000.0,8.22,249600,8.23,34300,0.37,8.29,8.18,15914000,130780000.0,0.35,1.34,370.4,370.58,9.02,7.38,0.83
丽臣实业,sz001218,24.7,24.31,24.69,1576200.0,24.7,1800,24.71,1300,1.6,24.87,24.31,1576200,38790000.0,1.7,2.3,22.95,32.15,26.74,21.88,1.03
辰安科技,sz300523,21.39,21.3,21.66,1438000.0,21.39,2600,21.4,23800,0.42,21.96,21.29,1438000,30780000.0,0.62,3.15,49.7,49.76,25.56,17.04,0.83
东湖高新,sh600133,8.83,8.74,8.88,11909000.0,8.83,60100,8.84,54500,1.03,8.94,8.8,11909000,105370000.0,1.12,1.6,94.15,94.15,9.61,7.87,0.8
天津港,sh600717,4.6,4.6,4.64,18975700.0,4.6,146100,4.62,255500,0.0,4.67,4.59,18975700,87690000.0,0.66,1.74,133.12,133.12,5.06,4.14,0.61
民和股份,sz002234,8.27,8.21,8.31,4990700.0,8.27,1400,8.28,30500,0.73,8.35,8.17,4990700,41100000.0,1.66,2.19,24.93,28.86,9.03,7.39,0.76
金隅冀东,sz000401,4.86,4.84,4.9,19027000.0,4.85,41000,4.86,21700,0.41,4.95,4.83,19027000,92530000.0,0.72,2.48,127.88,129.19,5.32,4.36,0.62
易普力,sz002096,11.75,11.53,11.7,11893800.0,11.75,24600,11.76,21000,1.91,11.79,11.57,11893800,138960000.0,0.96,1.91,145.75,145.75,12.68,10.38,0.92
联环药业,sh600513,30.3,27.96,27.96,64902700.0,30.29,3500,30.3,30900,8.37,30.76,27.5,64902700,1906830000.0,22.74,11.66,86.49,86.49,30.76,25.16,2.28
迎驾贡酒,sh603198,34.07,32.5,32.71,9504600.0,34.07,500,34.08,1600,4.83,34.35,32.39,9504600,319640000.0,1.19,6.03,272.56,272.56,35.75,29.25,2.69
信达证券,sh601059,16.51,16.3,16.5,7019600.0,16.5,20700,16.51,24400,1.29,16.54,16.34,7019600,115590000.0,0.22,1.23,535.42,535.42,17.93,14.67,0.86
重庆水务,sh601158,4.51,4.52,4.54,13154100.0,4.51,29800,4.52,256900,-0.22,4.54,4.49,13154100,59320000.0,0.27,1.11,216.48,216.48,4.97,4.07,0.84
迦南智能,sz300880,22.1,21.43,21.98,9261800.0,22.09,19500,22.1,22700,3.13,22.28,21.6,9261800,202800000.0,4.75,3.17,43.12,43.13,25.72,17.14,0.71
豪森智能,sh688529,17.33,17.04,17.15,97167300.0,17.3,500,17.33,51300,1.7,17.48,17.12,97167300,16790000.0,0.58,2.11,29.14,29.14,20.45,13.63,0.87
智洋创新,sh688191,43.67,43.21,43.8,402102200.0,43.66,4000,43.67,24700,1.06,45.01,42.85,402102200,175880000.0,1.74,5.0,101.16,101.16,51.85,34.57,0.9
九强生物,sz300406,12.18,11.83,11.92,5020700.0,12.18,15900,12.19,24600,2.96,12.24,11.89,5020700,60780000.0,1.18,2.96,51.69,71.41,14.2,9.46,1.47
宁波能源,sh600982,5.52,5.96,5.9,154709900.0,5.52,721600,5.53,646400,-7.38,5.96,5.45,154709900,866400000.0,13.84,8.56,61.69,61.69,6.56,5.36,0.73
潍柴动力,sz000338,25.3,24.24,25.0,120356000.0,25.29,440200,25.3,12800,4.37,25.49,24.8,120356000,3035960000.0,2.41,2.85,1265.88,2204.24,26.66,21.82,0.77
涪陵榨菜,sz002507,12.49,12.49,12.68,12892000.0,12.49,5800,12.5,33300,0.0,12.68,12.43,12892000,160960000.0,1.12,2.0,143.73,144.12,13.74,11.24,1.17
时创能源,sh688429,14.95,14.19,14.44,780355400.0,14.86,500,14.95,200,5.36,15.96,14.42,780355400,116460000.0,6.51,10.85,17.91,59.8,17.03,11.35,0.9
万兴科技,sz300624,69.12,67.99,69.45,5560500.0,69.11,3300,69.12,6200,1.66,70.0,68.63,5560500,383950000.0,3.25,2.02,118.36,133.63,81.59,54.39,0.99
松芝股份,sz002454,9.19,9.24,9.48,50624200.0,9.19,19700,9.2,31100,-0.54,9.49,8.85,50624200,462780000.0,8.07,6.93,57.62,57.77,10.16,8.32,5.4
中原证券,sh601375,4.06,4.03,4.07,28139300.0,4.06,483800,4.07,235400,0.74,4.08,4.03,28139300,114160000.0,0.82,1.24,139.97,188.5,4.43,3.63,0.95
养元饮品,sh603156,30.59,29.96,30.26,5771400.0,30.59,1600,30.6,1200,2.1,31.13,30.18,5771400,176970000.0,0.46,3.17,385.52,385.52,32.96,26.96,1.23
华翔股份,sh603112,16.85,16.11,16.38,8164800.0,16.85,60100,16.86,31700,4.59,16.88,16.36,8164800,135910000.0,1.61,3.23,85.59,90.98,17.72,14.5,1.49
精工钢构,sh600496,4.12,3.99,4.05,36348100.0,4.12,75600,4.13,86900,3.26,4.17,4.04,36348100,149470000.0,1.83,3.26,81.99,81.99,4.39,3.59,1.77
奥比中光-UW,sh688322,77.98,75.0,76.5,526298700.0,77.98,22800,77.99,11100,3.97,78.19,76.2,526298700,406740000.0,1.65,2.65,248.5,312.81,90.0,60.0,1.09
天味食品,sh603317,12.59,12.28,12.41,6858300.0,12.58,30700,12.59,17000,2.52,12.66,12.3,6858300,85940000.0,0.64,2.93,134.05,134.05,13.51,11.05,1.34
维信诺,sz002387,7.74,7.59,7.71,8185400.0,7.74,168500,7.75,211000,1.98,7.78,7.62,8185400,63100000.0,0.59,2.11,107.97,108.11,8.35,6.83,0.92
华胜天成,sh600410,26.47,24.81,25.4,220512200.0,26.46,224300,26.47,83900,6.69,26.7,25.37,220512200,5764930000.0,20.11,5.36,290.24,290.24,27.29,22.33,1.68
上海建科,sh603153,16.07,15.77,15.89,1654300.0,16.06,2900,16.07,7400,1.9,16.24,15.89,1654300,26520000.0,0.41,2.22,64.89,65.86,17.35,14.19,1.1
海利尔,sh603639,13.94,13.61,13.88,8090500.0,13.93,1900,13.94,1400,2.42,14.32,13.78,8090500,113730000.0,2.38,3.97,47.38,48.74,14.97,12.25,1.23
北化股份,sz002246,24.97,25.0,24.82,36717600.0,24.96,5500,24.97,1900,-0.12,26.38,24.5,36717600,932500000.0,6.69,7.52,137.09,137.09,27.5,22.5,0.97
龙建股份,sh600853,3.99,4.0,4.02,14789000.0,3.99,55700,4.0,161800,-0.25,4.05,3.95,14789000,59040000.0,1.46,2.5,40.45,40.45,4.4,3.6,1.08
纽威股份,sh603699,50.16,48.31,49.67,7969100.0,50.16,8100,50.17,4000,3.83,51.09,49.27,7969100,401200000.0,1.05,3.77,380.28,388.88,53.14,43.48,1.65
泸天化,sz000912,5.16,5.23,5.29,55984000.0,5.16,356700,5.17,82600,-1.34,5.34,5.13,55984000,291360000.0,3.57,4.02,80.91,80.91,5.75,4.71,0.55
雪峰科技,sh603227,10.08,9.88,9.88,65244400.0,10.08,65900,10.09,131000,2.02,10.22,9.8,65244400,653110000.0,6.09,4.25,108.03,108.03,10.87,8.89,1.07
红塔证券,sh601236,7.68,7.66,7.72,19264700.0,7.68,45200,7.69,167600,0.26,7.74,7.62,19264700,147550000.0,0.41,1.57,362.25,362.25,8.43,6.89,1.22
金牌家居,sh603180,18.99,18.7,18.88,589200.0,18.97,4100,18.99,8800,1.55,19.07,18.76,589200,11150000.0,0.38,1.66,29.29,29.29,20.57,16.83,0.65
基蛋生物,sh603387,10.63,10.02,10.05,70841500.0,10.63,110100,10.64,121500,6.09,10.82,9.99,70841500,736100000.0,13.97,8.28,53.91,53.91,11.02,9.02,1.43
川网传媒,sz300987,17.09,16.84,17.2,3097100.0,17.08,300,17.09,14900,1.48,17.25,16.87,3097100,52690000.0,1.79,2.26,29.63,29.63,20.21,13.47,0.85
苏州龙杰,sh603332,12.62,12.87,13.07,9633600.0,12.61,19000,12.62,21700,-1.94,13.2,12.46,9633600,122320000.0,4.45,5.75,27.3,27.3,14.16,11.58,1.32
三态股份,sz301558,8.19,8.05,8.17,5592300.0,8.18,17500,8.19,62000,1.74,8.24,8.08,5592300,45580000.0,2.55,1.99,17.96,64.61,9.66,6.44,0.9
成都路桥,sz002628,5.3,5.25,5.36,30548400.0,5.29,59500,5.3,84900,0.95,5.51,5.25,30548400,163860000.0,4.05,4.95,39.95,40.13,5.78,4.73,1.0
三峡能源,sh600905,4.18,4.26,4.22,403011200.0,4.17,5585100,4.18,2913600,-1.88,4.25,4.15,403011200,1684670000.0,1.41,2.35,1194.96,1194.96,4.69,3.83,1.06
先锋新材,sz300163,4.65,4.56,4.65,11825400.0,4.64,55200,4.65,185800,1.97,4.7,4.58,11825400,54760000.0,2.61,2.63,21.1,22.04,5.47,3.65,0.75
中铁特货,sz001213,4.13,4.24,4.24,40888800.0,4.13,402600,4.14,158500,-2.59,4.26,4.12,40888800,170410000.0,0.92,3.3,183.56,183.56,4.66,3.82,1.2
锌业股份,sz000751,5.34,5.27,5.4,32766700.0,5.33,978900,5.34,88000,1.33,5.44,5.29,32766700,175080000.0,2.32,2.85,75.29,86.27,5.8,4.74,0.63
西力科技,sh688616,13.52,13.26,13.51,240305600.0,13.51,0,13.52,600,1.96,13.6,13.34,240305600,32320000.0,1.34,1.96,24.25,24.25,15.91,10.61,1.01
博闻科技,sh600883,8.14,8.05,8.18,4663500.0,8.13,1300,8.14,5000,1.12,8.22,8.01,4663500,37850000.0,1.98,2.61,19.22,19.22,8.86,7.25,0.98
老白干酒,sh600559,13.64,13.54,13.45,6978000.0,13.64,71600,13.65,39700,0.74,13.73,13.45,6978000,94890000.0,0.77,2.07,124.06,124.77,14.89,12.19,1.03
格力博,sz301260,15.17,14.91,15.18,1582900.0,15.14,3500,15.17,5800,1.74,15.29,14.94,1582900,23920000.0,0.77,2.35,31.01,73.19,17.89,11.93,0.75
中集环科,sz301559,16.14,15.91,16.11,1419900.0,16.12,1900,16.14,4300,1.45,16.23,16.01,1419900,22860000.0,1.58,1.38,14.53,96.84,19.09,12.73,0.76
大北农,sz002385,3.97,3.96,3.99,59606600.0,3.97,848700,3.98,2272000,0.25,4.0,3.95,59606600,236510000.0,1.69,1.26,139.91,170.71,4.36,3.56,0.55
恒力石化,sh600346,22.2,21.65,22.01,25540400.0,22.19,4800,22.2,15200,2.54,22.53,21.8,25540400,567740000.0,0.36,3.37,1562.68,1562.68,23.82,19.49,0.78
天通股份,sh600330,16.32,15.63,16.21,99395900.0,16.32,41200,16.33,288100,4.41,16.33,15.71,99395900,1597230000.0,8.06,3.97,201.3,201.3,17.19,14.07,0.94
爱施德,sz002416,12.86,13.06,13.3,24080700.0,12.86,5500,12.87,20900,-1.53,13.32,12.78,24080700,312630000.0,1.97,4.13,157.39,159.37,14.37,11.75,0.92
新炬网络,sh605398,27.9,26.3,26.84,6470800.0,27.89,3200,27.9,8400,6.08,28.93,26.57,6470800,182070000.0,3.98,8.97,45.4,45.4,28.93,23.67,3.82
中辰股份,sz300933,7.85,7.73,7.96,9073400.0,7.84,85300,7.85,42500,1.55,7.98,7.78,9073400,71170000.0,1.66,2.59,42.95,42.95,9.28,6.18,0.78
浙版传媒,sh601921,7.91,7.81,7.84,15295700.0,7.9,11100,7.91,107500,1.28,7.92,7.77,15295700,120100000.0,0.69,1.92,175.78,175.78,8.59,7.03,1.81
冀凯股份,sz002691,7.66,7.62,7.74,5486200.0,7.65,33600,7.66,12400,0.52,7.84,7.58,5486200,41990000.0,1.63,3.41,25.74,26.04,8.38,6.86,1.2
泽宇智能,sz301179,24.99,25.35,25.02,22423100.0,24.98,11300,24.99,19700,-1.42,25.32,24.52,22423100,557040000.0,9.44,3.16,59.35,101.06,30.42,20.28,0.94
瑞纳智能,sz301129,24.78,24.13,24.85,1803500.0,24.78,700,24.79,800,2.69,24.97,24.5,1803500,44610000.0,2.72,1.95,16.42,33.68,28.96,19.3,0.69
健帆生物,sz300529,17.95,17.73,17.94,3708700.0,17.95,12800,17.96,8500,1.24,18.01,17.7,3708700,66360000.0,0.72,1.75,91.99,143.35,21.28,14.18,1.18
会通股份,sh688219,10.61,10.45,10.66,452973200.0,10.6,9900,10.61,63400,1.53,10.67,10.49,452973200,47880000.0,0.82,1.72,58.31,58.31,12.54,8.36,0.75
远大控股,sz000626,8.26,8.07,8.18,10461900.0,8.25,67600,8.26,51100,2.35,8.34,8.07,10461900,85800000.0,2.08,3.35,41.61,41.85,8.88,7.26,0.82
未来电器,sz301386,25.1,24.6,24.97,1768000.0,25.08,5200,25.1,13800,2.03,25.24,24.77,1768000,44200000.0,3.93,1.91,11.29,35.14,29.52,19.68,1.0
中孚信息,sz300659,13.26,13.12,13.4,5637100.0,13.25,46800,13.26,53500,1.07,13.43,13.13,5637100,74550000.0,2.98,2.29,25.09,34.53,15.74,10.5,1.06
今天国际,sz300532,11.13,11.14,11.21,15077800.0,11.12,24800,11.13,5900,-0.09,11.3,11.01,15077800,167470000.0,3.49,2.6,48.06,50.53,13.37,8.91,1.34
科前生物,sh688526,14.88,14.52,14.72,288068700.0,14.86,7000,14.88,19000,2.48,14.88,14.52,288068700,42330000.0,0.62,2.48,69.36,69.36,17.42,11.62,1.45
东方环宇,sh603706,19.75,19.48,19.67,895100.0,19.72,2600,19.75,500,1.39,19.83,19.57,895100,17630000.0,0.47,1.33,37.4,37.4,21.43,17.53,0.83
安博通,sh688168,69.99,68.5,69.87,72434400.0,69.99,27800,70.0,1100,2.18,70.5,68.75,72434400,50350000.0,0.94,2.55,54.02,54.02,82.2,54.8,0.98
中化国际,sh600500,4.41,4.34,4.38,27481700.0,4.41,417000,4.42,574900,1.61,4.45,4.36,27481700,120910000.0,0.77,2.07,158.24,158.24,4.77,3.91,0.68
宏景科技,sz301396,179.27,153.29,163.39,14864800.0,179.27,14800,179.29,5800,16.95,183.9,160.15,14864800,2594780000.0,19.54,15.49,136.39,275.21,183.95,122.63,1.23
当虹科技,sh688039,41.8,40.68,41.51,163731700.0,41.78,4300,41.8,5100,2.75,41.98,41.37,163731700,68250000.0,1.48,1.5,46.23,46.23,48.82,32.54,1.01
中粮资本,sz002423,10.47,10.41,10.46,10285400.0,10.46,193400,10.47,15400,0.58,10.54,10.41,10285400,107610000.0,0.45,1.25,241.24,241.24,11.45,9.37,0.56
联测科技,sh688113,38.15,37.55,38.58,72161900.0,38.11,200,38.15,6300,1.6,38.65,37.7,72161900,27470000.0,1.12,2.53,24.57,24.57,45.06,30.04,1.06
大地熊,sh688077,28.01,27.21,27.78,271400500.0,28.0,1700,28.01,1900,2.94,28.07,27.5,271400500,75500000.0,2.37,2.09,32.07,32.07,32.65,21.77,0.91
锦江航运,sh601083,12.93,11.75,12.56,18906700.0,12.93,1642600,0.0,0,10.04,12.93,12.56,18906700,243760000.0,9.74,3.15,25.1,167.33,12.93,10.58,2.26
山西焦化,sh600740,4.35,4.34,4.34,54135000.0,4.34,401500,4.35,164200,0.23,4.39,4.25,54135000,235030000.0,2.11,3.23,111.45,111.45,4.77,3.91,0.6
上海机电,sh600835,22.23,21.89,22.28,4753300.0,22.23,7800,22.24,600,1.55,22.49,22.01,4753300,105410000.0,0.59,2.19,179.29,227.35,24.08,19.7,0.65
牧原股份,sz002714,42.2,41.71,41.95,37685700.0,42.2,5600,42.21,18200,1.17,42.35,41.41,37685700,1581990000.0,0.99,2.25,1607.31,2436.2,45.88,37.54,0.81
永泰运,sz001228,31.1,30.61,30.91,1748000.0,31.1,1700,31.12,2500,1.6,31.5,30.6,1748000,54290000.0,2.19,2.94,24.84,32.3,33.67,27.55,1.55
凤竹纺织,sh600493,7.54,7.55,7.65,8142700.0,7.53,400,7.54,19800,-0.13,7.76,7.42,8142700,61450000.0,2.99,4.5,20.51,20.51,8.31,6.8,1.0
青木科技,sz301110,57.2,55.41,56.7,1800600.0,57.19,6800,57.2,2400,3.23,57.37,56.06,1800600,102340000.0,2.75,2.36,37.39,52.93,66.49,44.33,1.07
山水比德,sz300844,34.28,33.38,33.98,728100.0,34.2,100,34.28,2100,2.7,34.56,33.79,728100,24920000.0,0.81,2.31,30.87,31.95,40.06,26.7,1.05
中科软,sh603927,16.74,16.52,16.75,4885900.0,16.73,46400,16.74,20800,1.33,16.8,16.63,4885900,81630000.0,0.59,1.03,139.12,139.12,18.17,14.87,0.81
可孚医疗,sz301087,57.22,56.23,56.81,2413800.0,57.22,1200,57.23,4100,1.76,57.54,55.4,2413800,137010000.0,1.24,3.81,111.03,119.53,67.48,44.98,1.0
四会富仕,sz300852,40.33,39.8,40.83,6257200.0,40.33,6500,40.34,200,1.33,41.08,40.1,6257200,253490000.0,4.04,2.46,62.49,64.74,47.76,31.84,1.39
睿昂基因,sh688217,28.4,27.87,28.62,65635200.0,28.4,200,28.43,400,1.9,28.75,27.87,65635200,18570000.0,1.18,3.16,15.86,15.86,33.44,22.3,0.72
帅丰电器,sh605336,15.73,15.51,15.6,2325500.0,15.72,4200,15.73,12600,1.42,15.8,15.45,2325500,36250000.0,1.27,2.26,28.85,28.85,17.06,13.96,0.72
益方生物-U,sh688382,22.08,19.02,19.26,3812467800.0,22.08,5600,22.09,5700,16.09,22.44,19.26,3812467800,810860000.0,6.59,16.72,127.7,127.7,22.82,15.22,1.96
蓝海华腾,sz300484,16.88,16.59,16.95,2114300.0,16.87,900,16.88,5400,1.75,16.99,16.7,2114300,35590000.0,1.27,1.75,28.08,34.97,19.91,13.27,0.79
威高血净,sh603014,37.37,36.8,37.1,1062500.0,37.37,8400,37.38,2200,1.55,37.46,36.92,1062500,39560000.0,2.7,1.47,14.71,156.11,40.48,33.12,1.15
长华集团,sh605018,10.68,10.47,10.66,2725300.0,10.67,26900,10.68,23400,2.01,10.71,10.53,2725300,28980000.0,0.58,1.72,50.2,50.2,11.52,9.42,0.94
华康股份,sh605077,15.25,14.89,15.05,2812900.0,15.21,300,15.25,400,2.42,15.29,14.87,2812900,42580000.0,0.94,2.82,45.66,46.22,16.38,13.4,1.51
沃森生物,sz300142,12.8,12.39,12.64,62154100.0,12.8,2200,12.81,106100,3.31,12.88,12.44,62154100,790170000.0,3.98,3.55,199.74,204.72,14.87,9.91,1.45
新天绿能,sh600956,8.49,8.55,8.66,27794900.0,8.49,241200,8.5,134000,-0.7,8.75,8.46,27794900,237720000.0,1.18,3.39,199.35,383.13,9.41,7.7,0.48
大港股份,sz002077,16.65,16.53,16.93,27081000.0,16.65,7400,16.66,31500,0.73,17.15,16.52,27081000,452990000.0,4.67,3.81,96.63,96.63,18.18,14.88,0.82
华东医药,sz000963,36.34,35.32,35.8,18591900.0,36.33,500,36.34,4200,2.89,36.5,35.36,18591900,672230000.0,1.06,3.23,637.04,637.31,38.85,31.79,1.77
洋河股份,sz002304,51.35,50.74,51.16,4613500.0,51.34,3600,51.35,4100,1.2,51.8,50.82,4613500,236960000.0,0.31,1.93,773.54,773.56,55.81,45.67,0.93
广东建工,sz002060,3.9,3.92,3.97,48908900.0,3.89,706700,3.9,418800,-0.51,4.01,3.87,48908900,191890000.0,3.13,3.57,60.95,146.42,4.31,3.53,0.89
可立克,sz002782,21.19,21.02,21.43,12276600.0,21.18,100,21.19,36600,0.81,21.65,21.0,12276600,261280000.0,2.52,3.09,103.09,105.09,23.12,18.92,0.48
华夏航空,sz002928,8.26,7.84,8.18,39971500.0,8.25,256900,8.26,82300,5.36,8.4,8.03,39971500,327700000.0,3.13,4.72,105.58,105.58,8.62,7.06,1.12
中泰股份,sz300435,26.63,25.67,26.07,12414200.0,26.63,13200,26.64,25900,3.74,26.66,25.98,12414200,327060000.0,3.37,2.65,98.22,102.72,30.8,20.54,1.3
爱博医疗,sh688050,52.54,51.86,52.11,173562600.0,52.54,12300,52.55,3300,1.31,52.64,51.92,173562600,90920000.0,0.9,1.39,101.61,101.61,62.23,41.49,1.07
康龙化成,sz300759,30.38,27.98,28.5,79729500.0,30.38,35700,30.39,50400,8.58,30.65,28.03,79729500,2355110000.0,5.61,9.36,431.41,558.17,33.58,22.38,2.84
龙腾光电,sh688055,3.99,3.85,3.95,2413028700.0,3.98,155900,3.99,127900,3.64,4.15,3.9,2413028700,96510000.0,0.72,6.49,133.0,133.0,4.62,3.08,0.88
宝钢股份,sh600019,6.48,6.41,6.46,78726400.0,6.48,220800,6.49,590600,1.09,6.52,6.45,78726400,510900000.0,0.36,1.09,1411.48,1411.48,7.05,5.77,0.96
宇新股份,sz002986,14.71,14.49,14.61,7990900.0,14.71,86100,14.72,4700,1.52,15.05,14.3,7990900,117700000.0,2.65,5.18,44.4,55.92,15.94,13.04,1.39
石化机械,sz000852,6.98,6.9,6.99,12708100.0,6.97,5900,6.98,21600,1.16,7.03,6.92,12708100,88630000.0,1.34,1.59,66.02,66.73,7.59,6.21,0.7
赛诺医疗,sh688108,21.85,20.34,20.28,2278803200.0,21.85,10200,21.86,96000,7.42,21.93,20.2,2278803200,483510000.0,5.45,8.51,91.32,91.32,24.41,16.27,2.47
强力新材,sz300429,12.58,12.35,12.54,8147500.0,12.58,10900,12.59,74900,1.86,12.75,12.46,8147500,102330000.0,2.04,2.35,50.15,67.47,14.82,9.88,0.87
红日药业,sz300026,3.64,3.54,3.58,62289300.0,3.63,243400,3.64,675300,2.82,3.65,3.51,62289300,224320000.0,2.27,3.95,99.68,109.35,4.25,2.83,1.74
法兰泰克,sh603966,12.67,12.29,12.43,11931300.0,12.66,690100,12.67,100,3.09,12.88,12.2,11931300,149310000.0,3.0,5.53,50.39,50.51,13.52,11.06,1.46
永鼎股份,sh600105,30.51,27.74,28.5,235413200.0,30.51,10306800,0.0,0,9.99,30.51,28.5,235413200,6972950000.0,16.1,7.25,446.05,446.05,30.51,24.97,2.0
正邦科技,sz002157,3.04,3.04,3.06,86183300.0,3.04,2704800,3.05,2226400,0.0,3.08,3.02,86183300,262230000.0,1.19,1.97,219.92,281.2,3.34,2.74,0.71
新点软件,sh688232,21.8,21.35,21.66,179604900.0,21.8,400,21.81,200,2.11,21.87,21.52,179604900,39030000.0,0.56,1.64,70.19,70.19,25.62,17.08,0.87
泰禾股份,sz301665,26.53,26.07,26.45,2537200.0,26.52,500,26.53,2300,1.76,26.69,26.0,2537200,67090000.0,6.63,2.65,10.15,119.39,31.28,20.86,0.71
秦港股份,sh601326,3.63,3.65,3.66,47717400.0,3.62,374100,3.63,7300,-0.55,3.7,3.58,47717400,172770000.0,1.0,3.29,172.7,202.82,4.02,3.29,0.72
康力源,sz301287,41.73,41.7,43.05,919500.0,41.72,700,41.73,1700,0.07,43.1,41.38,919500,38580000.0,5.4,4.12,7.11,27.82,50.04,33.36,1.05
锦鸡股份,sz300798,9.95,9.56,9.75,27223200.0,9.95,140700,9.96,26000,4.08,10.07,9.63,27223200,269050000.0,7.14,4.6,37.95,46.65,11.47,7.65,0.93
华润三九,sz000999,28.41,27.94,28.12,15228800.0,28.4,2000,28.41,8300,1.68,28.43,27.96,15228800,429700000.0,0.92,1.68,472.37,472.8,30.73,25.15,1.21
深圳机场,sz000089,7.0,6.71,6.8,25036900.0,7.0,459500,7.01,232100,4.32,7.01,6.74,25036900,172570000.0,1.22,4.02,143.55,143.55,7.38,6.04,2.58
向日葵,sz300111,4.18,4.03,4.1,61683300.0,4.17,456500,4.18,1674600,3.72,4.19,3.99,61683300,253810000.0,4.79,4.96,53.81,53.81,4.84,3.22,1.12
博迅生物,bj920504,21.7,21.29,21.5,396100.0,21.64,8500,21.7,1300,1.93,21.83,21.13,396100,8519700.0,2.32,3.29,3.71,9.4,27.67,14.91,1.38
TCL智家,sz002668,9.1,8.9,9.0,10183800.0,9.09,134100,9.1,1600,2.25,9.13,8.97,10183800,92410000.0,0.94,1.8,98.65,98.65,9.79,8.01,1.16
龙江交通,sh601188,3.37,3.4,3.43,20134200.0,3.37,203600,3.38,151000,-0.88,3.44,3.35,20134200,67990000.0,1.54,2.65,43.99,43.99,3.74,3.06,0.96
隆华新材,sz301149,11.58,11.46,11.65,4955900.0,11.58,33100,11.59,4700,1.05,11.68,11.43,4955900,57350000.0,1.9,2.18,30.25,49.79,13.75,9.17,0.61
长联科技,sz301618,48.69,46.89,47.57,677800.0,48.69,9600,48.7,1400,3.84,49.32,47.17,677800,32690000.0,2.04,4.59,16.14,43.93,56.27,37.51,1.63
ST八菱,sz002592,8.99,9.14,9.27,4339900.0,8.99,14800,9.0,64800,-1.64,9.29,8.83,4339900,39090000.0,1.65,5.03,23.62,25.47,9.6,8.68,1.13
国盛智科,sh688558,28.73,28.03,28.56,125406000.0,28.73,8900,28.74,4200,2.5,28.78,28.2,125406000,35780000.0,0.95,2.07,37.92,37.92,33.64,22.42,1.26
海看股份,sz301262,23.13,22.79,23.26,2861700.0,23.12,2300,23.13,8100,1.49,23.35,22.94,2861700,66030000.0,2.34,1.8,28.24,96.45,27.35,18.23,0.87
和晶科技,sz300279,9.03,9.14,9.31,23247900.0,9.02,25600,9.03,239600,-1.2,9.5,8.84,23247900,211120000.0,4.77,7.22,43.97,44.17,10.97,7.31,1.2
安洁科技,sz002635,13.9,13.41,13.76,11039800.0,13.9,75700,13.91,6300,3.65,13.96,13.6,11039800,151850000.0,2.79,2.68,54.98,91.7,14.75,12.07,0.83
新铝时代,sz301613,45.3,44.94,45.8,907000.0,45.28,3000,45.3,39300,0.8,45.8,45.01,907000,41130000.0,1.08,1.76,38.01,65.16,53.93,35.95,0.59
瑞芯微,sh603893,153.0,152.23,156.18,4752000.0,153.0,34100,153.02,1500,0.51,156.21,151.73,4752000,728970000.0,1.13,2.94,643.89,644.07,167.45,137.01,1.0
成都先导,sh688222,27.85,25.78,25.78,3694782800.0,27.85,4700,27.86,1400,8.03,28.0,25.35,3694782800,995320000.0,9.22,10.28,111.59,111.59,30.94,20.62,2.42
长虹华意,sz000404,7.14,7.05,7.12,8104600.0,7.13,50400,7.14,98100,1.28,7.17,7.09,8104600,57750000.0,1.17,1.13,49.46,49.69,7.76,6.35,0.83
江苏索普,sh600746,9.9,9.02,9.0,53852300.0,9.89,7900,9.9,537200,9.76,9.92,8.98,53852300,514880000.0,4.62,10.42,115.44,115.62,9.92,8.12,1.38
苏州规划,sz301505,22.4,22.09,22.59,1501800.0,22.38,200,22.4,7900,1.4,22.64,22.16,1501800,33530000.0,1.92,2.17,17.51,25.63,26.51,17.67,0.7
德新科技,sh603032,17.89,17.55,17.8,4492900.0,17.88,2900,17.89,800,1.94,18.01,17.63,4492900,80070000.0,1.94,2.17,41.44,41.72,19.31,15.8,0.86
江苏有线,sh600959,3.97,3.88,3.94,64948600.0,3.96,651600,3.97,25500,2.32,4.03,3.93,64948600,257670000.0,1.3,2.58,198.53,198.53,4.27,3.49,1.26
安恒信息,sh688023,49.05,47.33,48.37,326812200.0,49.03,200,49.05,1400,3.63,49.47,48.17,326812200,159630000.0,3.21,2.75,49.93,49.93,56.8,37.86,1.11
江天化学,sz300927,27.08,27.02,27.3,5233100.0,27.07,1100,27.08,200,0.22,27.65,26.88,5233100,142130000.0,3.71,2.85,38.15,39.09,32.42,21.62,0.73
宏微科技,sh688711,27.0,26.02,26.8,387224900.0,26.99,13400,27.0,49000,3.77,27.08,26.53,387224900,103900000.0,1.82,2.11,57.54,57.54,31.22,20.82,1.07
东方雨虹,sz002271,15.6,15.31,15.61,32133100.0,15.6,3300,15.61,10600,1.89,15.83,15.53,32133100,503160000.0,1.68,1.96,298.74,372.64,16.84,13.78,0.8
龙迅股份,sh688486,59.68,57.6,58.69,139247400.0,59.67,8900,59.68,1400,3.61,60.15,58.2,139247400,82390000.0,1.04,3.39,79.57,79.57,69.12,46.08,0.71
仟源医药,sz300254,11.83,11.28,11.49,14408500.0,11.82,1800,11.83,14600,4.88,11.93,11.47,14408500,169230000.0,6.38,4.08,26.73,30.29,13.54,9.02,1.0
联域股份,sz001326,52.8,50.74,52.0,1291100.0,52.7,500,52.8,200,4.06,53.2,51.91,1291100,68150000.0,5.36,2.54,12.73,38.65,55.81,45.67,1.2
杭州热电,sh605011,20.33,20.86,21.25,8644700.0,20.33,1600,20.34,700,-2.54,21.29,20.21,8644700,176990000.0,2.16,5.18,81.34,81.34,22.95,18.77,0.85
华域汽车,sh600741,19.82,19.21,19.48,46477500.0,19.82,38500,19.83,9700,3.18,19.89,19.25,46477500,912430000.0,1.47,3.33,624.87,624.87,21.13,17.29,2.35
中诚咨询,bj920003,27.37,27.1,27.45,130000.0,27.37,3700,27.38,300,1.0,27.6,27.21,130000,3561800.0,0.98,1.44,3.64,17.71,35.23,18.97,0.53
贵州燃气,sh600903,6.39,6.38,6.41,8380500.0,6.39,302400,6.4,162400,0.16,6.45,6.37,8380500,53620000.0,0.73,1.25,73.49,73.49,7.02,5.74,0.68
宁新新材,bj920719,10.37,10.26,10.42,1102000.0,10.36,400,10.37,7600,1.07,10.49,10.26,1102000,11408800.000000002,1.51,2.24,7.59,9.65,13.33,7.19,0.83
*ST节能,sz000820,3.4,3.32,3.36,4588400.0,3.39,45200,3.4,141400,2.41,3.4,3.34,4588400,15470000.0,1.55,1.81,10.1,21.98,3.49,3.15,1.02
盛景微,sh603375,37.16,36.56,37.5,983500.0,37.15,1300,37.16,11700,1.64,37.5,36.61,983500,36350000.0,1.54,2.43,23.7,37.41,40.22,32.9,0.76
新光光电,sh688011,69.19,68.1,69.02,111752200.0,69.17,7700,69.19,11000,1.6,69.72,68.0,111752200,76970000.0,1.12,2.53,68.96,69.19,81.72,54.48,0.59
福斯特,sh603806,17.89,17.55,17.95,49480400.0,17.88,37800,17.89,68000,1.94,18.31,17.18,49480400,880860000.0,1.9,6.44,466.7,466.7,19.31,15.8,0.79
中泰证券,sh600918,6.12,6.07,6.12,21248700.0,6.12,200800,6.13,344900,0.82,6.14,6.1,21248700,130060000.0,0.54,0.66,240.26,484.6,6.68,5.46,1.05
蓝焰控股,sz000968,9.92,10.28,10.15,68240100.0,9.92,275200,9.93,27000,-3.5,10.31,9.92,68240100,688400000.0,7.05,3.79,95.98,95.98,11.31,9.25,0.59
中国电信,sh601728,5.69,5.67,5.71,84789300.0,5.69,2036900,5.7,386600,0.35,5.72,5.67,84789300,482920000.0,0.11,0.88,4417.13,5206.76,6.24,5.1,0.68
电工合金,sz300697,14.86,14.64,15.15,4633500.0,14.85,32600,14.86,8400,1.5,15.15,14.71,4633500,68690000.0,2.3,3.01,29.94,64.29,17.57,11.71,0.74
维科精密,sz301499,30.42,29.48,30.05,1784000.0,30.42,2000,30.43,5500,3.19,30.5,29.8,1784000,53800000.0,5.16,2.37,10.51,42.06,35.38,23.58,0.84
地素时尚,sh603587,12.41,12.19,12.32,2242400.0,12.41,10100,12.42,12200,1.8,12.41,12.24,2242400,27710000.0,0.47,1.39,58.83,58.83,13.41,10.97,1.13
天合光能,sh688599,16.77,16.48,16.8,3840151000.0,16.77,63400,16.78,69800,1.76,17.19,16.5,3840151000,643790000.0,1.64,4.19,392.85,392.85,19.78,13.18,0.78
电投产融,sz000958,6.27,6.26,6.33,25394100.0,6.27,167700,6.28,69400,0.16,6.34,6.24,25394100,159320000.0,0.47,1.6,337.54,1089.3,6.89,5.63,0.57
福日电子,sh600203,11.08,10.92,11.11,7154000.0,11.07,73600,11.08,101000,1.47,11.14,10.99,7154000,79100000.0,1.21,1.37,65.7,65.7,12.01,9.83,0.78
锦和商管,sh603682,6.53,6.53,6.65,10464200.0,6.53,8600,6.54,200,0.0,6.71,6.48,10464200,68910000.0,2.21,3.52,30.85,30.85,7.18,5.88,1.04
迈拓股份,sz301006,17.18,16.85,17.59,1804000.0,17.18,3000,17.2,3000,1.96,17.66,16.99,1804000,31050000.0,2.1,3.98,14.79,23.93,20.22,13.48,0.65
大庆华科,sz000985,19.53,19.41,19.71,2018100.0,19.52,3100,19.53,8000,0.62,19.79,19.25,2018100,39310000.0,1.56,2.78,25.32,25.32,21.35,17.47,1.08
安科瑞,sz300286,25.29,24.8,25.21,6706500.0,25.28,300,25.29,4800,1.98,25.65,25.08,6706500,169920000.0,3.23,2.3,52.55,63.42,29.76,19.84,0.65
甬矽电子,sh688362,39.74,36.84,38.0,1915640600.0,39.73,7400,39.74,400,7.87,40.27,37.43,1915640600,749920000.0,4.67,7.71,163.13,163.13,44.21,29.47,1.54
南微医学,sh688029,74.69,72.17,73.48,257271000.0,74.69,5700,74.7,1100,3.49,75.06,72.5,257271000,191020000.0,1.37,3.55,140.3,140.3,86.6,57.74,2.03
恒通股份,sh603223,8.46,8.36,8.41,5725500.0,8.46,115500,8.47,19300,1.2,8.49,8.35,5725500,48280000.0,0.81,1.67,59.71,59.71,9.2,7.52,1.08
利民股份,sz002734,18.03,17.31,17.6,18509200.0,18.02,8400,18.03,121700,4.16,18.06,17.48,18509200,328550000.0,4.26,3.35,78.31,85.79,19.04,15.58,0.93
友发集团,sh601686,5.9,5.87,5.88,5046100.0,5.89,145200,5.9,85100,0.51,5.94,5.87,5046100,29740000.0,0.34,1.19,86.8,86.8,6.46,5.28,0.86
菲沃泰,sh688371,19.26,18.58,19.0,192572800.0,19.26,7900,19.28,5000,3.66,19.39,18.68,192572800,36970000.0,0.57,3.82,64.61,64.61,22.3,14.86,0.77
立昂技术,sz300603,11.95,11.68,11.96,48249900.0,11.95,12300,11.96,143200,2.31,12.1,11.67,48249900,573620000.0,12.9,3.68,44.68,55.54,14.02,9.34,0.89
华明装备,sz002270,27.46,27.06,27.46,13970500.0,27.46,5400,27.48,5000,1.48,27.64,27.07,13970500,382440000.0,1.56,2.11,246.1,246.1,29.77,24.35,1.11
朗科科技,sz300042,43.15,41.7,45.27,28679400.0,43.15,5400,43.16,1900,3.48,45.3,42.52,28679400,1250710000.0,14.31,6.67,86.46,86.47,50.04,33.36,1.0
协和电子,sh605258,34.95,32.97,33.8,6038100.0,34.95,300,34.96,5000,6.01,36.27,33.65,6038100,212710000.0,6.86,7.95,30.76,30.76,36.27,29.67,2.36
易瑞生物,sz300942,8.6,8.4,8.5,5609800.0,8.59,18800,8.6,20700,2.38,8.61,8.4,5609800,47970000.0,1.38,2.5,34.84,34.84,10.08,6.72,1.13
全志科技,sz300458,34.67,34.59,35.3,13909800.0,34.67,62800,34.68,39900,0.23,35.56,34.5,13909800,485430000.0,2.11,3.06,228.79,286.18,41.51,27.67,0.92
华电新能,sh600930,6.24,6.28,6.33,242436200.0,6.23,3086200,6.24,227600,-0.64,6.37,6.19,242436200,1514520000.0,7.51,2.87,201.54,2602.97,6.91,5.65,0.42
智光电气,sz002169,14.33,14.23,14.73,20384500.0,14.32,111400,14.33,1000,0.7,14.78,14.24,20384500,295060000.0,2.69,3.79,108.72,112.16,15.65,12.81,0.85
博济医药,sz300404,10.38,9.92,10.1,20358600.0,10.37,116500,10.38,29400,4.64,10.4,9.91,20358600,208880000.0,7.13,4.94,29.63,40.05,11.9,7.94,2.52
百通能源,sz001376,15.79,15.76,16.04,19739000.0,15.79,77700,15.8,7700,0.19,16.35,15.5,19739000,313460000.0,9.23,5.39,33.75,72.78,17.34,14.18,0.93
常友科技,sz301557,98.1,95.09,96.99,741700.0,98.09,100,98.1,13700,3.17,98.29,95.61,741700,72450000.0,4.18,2.82,17.43,43.47,114.11,76.07,0.97
华研精机,sz301138,36.13,35.39,36.0,1310200.0,36.13,2200,36.23,100,2.09,36.55,35.84,1310200,47430000.0,1.91,2.01,24.77,43.36,42.47,28.31,1.25
中农联合,sz003042,18.63,18.61,18.89,15901000.0,18.63,56500,18.64,63200,0.11,18.96,18.28,15901000,296250000.0,12.48,3.65,23.73,26.54,20.47,16.75,1.24
青农商行,sz002958,3.07,3.06,3.09,59835600.0,3.07,134900,3.08,1837900,0.33,3.11,3.06,59835600,184300000.0,1.1,1.63,166.99,170.56,3.37,2.75,0.92
恒源煤电,sh600971,7.49,7.42,7.41,27954600.0,7.49,19800,7.5,700,0.94,7.7,7.35,27954600,211210000.0,2.33,4.72,89.88,89.88,8.16,6.68,1.05
劲旅环境,sz001230,25.62,25.17,25.43,2938400.0,25.61,1200,25.62,13100,1.79,25.67,25.18,2938400,74700000.0,3.74,1.95,20.13,34.39,27.69,22.65,1.03
华西证券,sz002926,8.38,8.32,8.41,10594000.0,8.38,24000,8.39,108300,0.72,8.44,8.33,10594000,88740000.0,0.4,1.32,219.97,219.97,9.15,7.49,0.92
博瑞医药,sh688166,50.94,48.47,49.12,1417492200.0,50.93,7600,50.94,1900,5.1,51.51,48.73,1417492200,712910000.0,3.35,5.74,215.53,215.53,58.16,38.78,1.06
海特生物,sz300683,48.78,43.36,43.87,28714100.0,48.77,7700,48.78,30100,12.5,49.88,42.44,28714100,1322770000.0,23.52,17.16,59.54,63.85,52.03,34.69,1.69
上汽集团,sh600104,14.82,14.59,14.76,71431200.0,14.82,112500,14.83,657400,1.58,14.84,14.62,71431200,1054220000.0,0.62,1.51,1703.6,1703.6,16.05,13.13,1.36
北新建材,sz000786,26.04,26.08,26.46,10451600.0,26.02,3200,26.04,6800,-0.15,26.64,25.94,10451600,273690000.0,0.62,2.68,439.95,443.26,28.69,23.47,0.71
华民股份,sz300345,7.74,7.5,7.63,58165200.0,7.74,198700,7.75,358600,3.2,7.81,7.5,58165200,446220000.0,12.13,4.13,37.1,44.91,9.0,6.0,0.64
中兴通讯,sz000063,32.99,32.44,33.06,48471300.0,32.98,124900,32.99,164000,1.7,33.16,32.71,48471300,1596880000.0,1.2,1.39,1328.71,1578.09,35.68,29.2,0.92
视觉中国,sz000681,20.53,20.07,20.5,22388500.0,20.53,39300,20.54,102800,2.29,20.56,20.16,22388500,456360000.0,3.31,1.99,138.81,143.83,22.08,18.06,1.25
驱动力,bj920275,7.15,7.2,7.22,762800.0,7.15,5000,7.2,4200,-0.69,7.25,7.09,762800,5468900.0,0.58,2.22,9.43,11.4,9.36,5.04,0.74
新华传媒,sh600825,5.89,5.89,5.98,14272700.0,5.89,259900,5.9,11200,0.0,5.99,5.85,14272700,84360000.0,1.37,2.38,61.54,61.54,6.48,5.3,1.33
迪普科技,sz300768,15.69,15.36,15.74,3143600.0,15.68,2600,15.69,4400,2.15,15.81,15.54,3143600,49140000.0,0.75,1.76,66.0,101.02,18.43,12.29,0.8
同力天启,sh605286,43.7,42.78,44.5,3133700.0,43.7,1800,43.73,2800,2.15,45.0,43.18,3133700,138020000.0,1.87,4.25,73.42,73.42,47.06,38.5,0.63
仙坛股份,sz002746,6.08,5.96,6.02,14079400.0,6.07,12500,6.08,100,2.01,6.13,5.98,14079400,85400000.0,1.98,2.52,43.15,52.32,6.56,5.36,1.14
三峡新材,sh600293,3.28,3.27,3.33,26946800.0,3.27,26100,3.28,7700,0.31,3.36,3.23,26946800,88490000.0,2.32,3.98,38.05,38.05,3.6,2.94,0.85
钒钛股份,sz000629,3.39,3.33,3.4,91833700.0,3.38,1583300,3.39,1302800,1.8,3.42,3.36,91833700,310940000.0,0.99,1.8,314.94,314.96,3.66,3.0,0.79
光云科技,sh688365,18.38,18.22,18.6,975542300.0,18.37,20400,18.38,4700,0.88,18.75,18.1,975542300,179160000.0,2.29,3.57,78.27,78.27,21.86,14.58,0.97
大唐药业,bj920433,5.24,5.05,5.1,2008900.0,5.24,130900,5.25,11900,3.76,5.24,5.05,2008900,10393500.0,1.19,3.76,8.87,13.41,6.56,3.54,1.99
金迪克,sh688670,17.94,17.12,17.44,186451100.0,17.94,10100,17.95,2300,4.79,17.94,17.12,186451100,32870000.0,1.51,4.79,22.1,22.1,20.54,13.7,1.26
志邦家居,sh603801,9.18,9.04,9.13,2614400.0,9.17,900,9.18,17100,1.55,9.21,9.04,2614400,23910000.0,0.6,1.88,39.87,39.87,9.94,8.14,0.89
思维列控,sh603508,25.88,25.81,26.08,2300300.0,25.88,17300,25.89,5000,0.27,26.14,25.72,2300300,59470000.0,0.6,1.63,98.67,98.67,28.39,23.23,0.9
广深铁路,sh601333,3.14,3.17,3.18,62328800.0,3.14,510300,3.15,618000,-0.95,3.2,3.13,62328800,196340000.0,1.1,2.21,177.48,222.42,3.49,2.85,0.79
普源精电,sh688337,42.95,41.5,42.8,301690700.0,42.9,200,42.95,4800,3.49,43.5,42.01,301690700,129080000.0,1.62,3.59,79.85,83.27,49.8,33.2,0.86
招商南油,sh601975,4.51,4.3,4.32,347315400.0,4.51,849000,4.52,1146200,4.88,4.66,4.32,347315400,1577860000.0,7.42,7.91,211.08,211.08,4.73,3.87,1.04
万邦医药,sz301520,44.65,42.05,42.58,2454000.0,44.64,700,44.65,11200,6.18,44.9,42.11,2454000,107430000.0,10.94,6.63,10.01,29.77,50.46,33.64,3.13
瑜欣电子,sz301107,27.4,26.85,27.37,1137100.0,27.36,1200,27.4,3800,2.05,27.58,27.04,1137100,31010000.0,1.94,2.01,16.09,27.83,32.22,21.48,0.84
国检集团,sh603060,6.29,6.23,6.31,4323100.0,6.28,500,6.29,25300,0.96,6.35,6.24,4323100,27150000.0,0.54,1.77,50.57,50.57,6.85,5.61,0.79
汉邦科技,sh688755,37.63,36.98,37.18,33408200.0,37.63,8600,37.64,400,1.76,37.68,37.0,33408200,12510000.0,1.9,1.84,6.62,33.11,44.38,29.58,1.57
建科智能,sz300823,16.19,16.11,16.47,3355400.0,16.18,5800,16.19,25200,0.5,16.74,15.95,3355400,54570000.0,3.96,4.9,13.73,21.21,19.33,12.89,0.93
浙江东方,sh600120,5.68,5.59,5.69,30534000.0,5.67,532900,5.68,263600,1.61,5.74,5.65,30534000,173490000.0,0.89,1.61,193.99,193.99,6.15,5.03,1.03
金一文化,sz002721,2.9,2.89,2.93,26347900.0,2.89,889000,2.9,328000,0.35,2.96,2.87,26347900,76250000.0,0.99,3.11,77.12,77.12,3.18,2.6,0.58
佛山照明,sz000541,5.66,5.62,5.68,5913700.0,5.65,21600,5.66,36900,0.71,5.71,5.62,5913700,33430000.0,0.48,1.6,69.65,86.93,6.18,5.06,0.93
瑞可达,sh688800,83.9,80.28,83.08,610421900.0,83.89,11400,83.9,8100,4.51,84.35,81.55,610421900,507760000.0,2.97,3.49,172.56,172.56,96.34,64.22,0.72
恒拓开源,bj920415,12.26,12.09,12.3,698700.0,12.25,200,12.26,3400,1.41,12.39,12.21,698700,8586500.0,0.65,1.49,13.27,17.23,15.71,8.47,0.59
伯特利,sh603596,44.86,43.96,44.63,9838100.0,44.86,66800,44.87,28300,2.05,44.96,44.31,9838100,440060000.0,1.62,1.48,272.08,272.08,48.36,39.56,1.15
彩讯股份,sz300634,24.44,23.69,24.33,15711800.0,24.44,6000,24.45,40500,3.17,24.85,24.07,15711800,384460000.0,3.62,3.29,106.14,110.28,28.43,18.95,1.53
日照港,sh600017,3.08,3.09,3.12,57261500.0,3.08,940900,3.09,348000,-0.32,3.17,3.07,57261500,177730000.0,1.86,3.24,94.73,94.73,3.4,2.78,0.67
上海能源,sh600508,13.47,13.39,13.46,11564300.0,13.47,22300,13.48,2600,0.6,13.72,13.23,11564300,156370000.0,1.6,3.66,97.35,97.35,14.73,12.05,0.45
纽威数控,sh688697,14.47,14.18,14.46,228247600.0,14.47,17700,14.48,5600,2.05,14.53,14.3,228247600,32920000.0,0.5,1.62,66.18,66.18,17.02,11.34,1.04
华银电力,sh600744,7.57,7.56,7.75,88009500.0,7.56,243300,7.57,301900,0.13,7.78,7.47,88009500,666760000.0,4.33,4.1,153.76,153.76,8.32,6.8,0.41
立霸股份,sh603519,13.68,13.41,13.5,2667100.0,13.67,3400,13.68,4200,2.01,13.7,13.5,2667100,36310000.0,1.0,1.49,36.43,36.43,14.75,12.07,0.95
节能风电,sh601016,4.26,4.28,4.36,536346600.0,4.26,1124100,4.27,1083000,-0.47,4.4,4.16,536346600,2294960000.0,9.04,5.61,252.79,274.36,4.71,3.85,0.6
新天然气,sh603393,35.02,35.99,35.6,16676800.0,35.02,2100,35.03,2500,-2.7,36.06,34.83,16676800,590260000.0,3.94,3.42,148.21,148.46,39.59,32.39,0.85
冠农股份,sh600251,11.53,11.5,11.61,8969900.0,11.53,15600,11.54,4100,0.26,11.74,11.5,8969900,104010000.0,1.15,2.09,89.59,89.59,12.65,10.35,0.45
隆利科技,sz300752,16.35,16.04,16.3,3505800.0,16.34,5400,16.35,15700,1.93,16.45,16.08,3505800,56880000.0,2.23,2.31,25.71,37.36,19.25,12.83,0.94
江苏新能,sh603693,14.61,15.02,15.1,25521200.0,14.61,12200,14.62,17200,-2.73,15.18,14.51,25521200,376650000.0,2.86,4.46,130.24,130.24,16.52,13.52,0.55
兰花科创,sh600123,6.47,6.56,6.53,38178000.0,6.47,428800,6.48,264800,-1.37,6.62,6.43,38178000,249130000.0,2.59,2.9,95.32,95.32,7.22,5.9,0.65
大连电瓷,sz002606,11.2,11.05,11.35,10542100.0,11.2,19100,11.21,4100,1.36,11.42,11.15,10542100,118510000.0,2.5,2.44,47.17,49.18,12.16,9.95,0.6
怡球资源,sh601388,3.68,3.83,3.85,119852300.0,3.67,1434400,3.68,261500,-3.92,3.88,3.63,119852300,444620000.0,5.44,6.53,81.0,81.0,4.21,3.45,1.24
哈空调,sh600202,5.96,5.97,6.09,8318400.0,5.95,198100,5.96,47800,-0.17,6.13,5.87,8318400,49530000.0,2.17,4.36,22.85,22.85,6.57,5.37,0.91
牧高笛,sh603908,23.34,23.1,23.46,1291700.0,23.34,4000,23.35,1000,1.04,23.6,23.08,1291700,30120000.0,1.39,2.25,21.74,21.74,25.41,20.79,0.79
炜冈科技,sz001256,23.0,23.14,23.58,4048400.0,22.99,1500,23.0,48400,-0.61,23.76,22.8,4048400,93510000.0,3.79,4.15,24.59,32.8,25.45,20.83,0.47
天智航-U,sh688277,23.44,22.83,23.3,958337200.0,23.44,5800,23.47,500,2.67,23.92,23.1,958337200,225350000.0,2.1,3.59,106.88,106.88,27.4,18.26,1.24
诺邦股份,sh603238,15.9,15.8,16.15,2541900.0,15.9,4100,15.92,700,0.63,16.15,15.71,2541900,40380000.0,1.43,2.78,28.22,28.22,17.38,14.22,1.15
达仁堂,sh600329,41.65,40.9,41.15,5648000.0,41.64,46700,41.65,14400,1.83,41.74,40.76,5648000,233190000.0,1.0,2.4,236.19,320.74,44.99,36.81,0.86
福田汽车,sh600166,3.01,2.94,2.98,154212100.0,3.01,572800,3.02,2363000,2.38,3.04,2.94,154212100,461380000.0,1.95,3.4,238.31,238.31,3.23,2.65,1.23
美农生物,sz301156,19.05,18.53,18.9,2072300.0,19.01,1100,19.05,6900,2.81,19.05,18.64,2072300,39140000.0,2.32,2.21,17.0,26.82,22.24,14.82,1.0
美瑞新材,sz300848,14.93,14.73,14.89,3239500.0,14.91,400,14.93,26800,1.36,15.08,14.8,3239500,48380000.0,1.28,1.9,37.79,63.88,17.68,11.78,0.89
太湖远大,bj920118,20.75,20.5,20.71,261000.0,20.75,100,20.76,1800,1.22,20.89,20.56,261000,5403000.0,0.83,1.61,6.5,10.56,26.65,14.35,0.73
康希诺,sh688185,70.01,67.0,67.8,376176100.0,70.01,10500,70.02,300,4.49,70.2,67.51,376176100,260110000.0,3.29,4.01,80.07,172.96,80.4,53.6,1.55
ST华扬,sh603825,8.38,8.42,8.51,3262100.0,8.38,16300,8.39,8900,-0.48,8.52,8.32,3262100,27430000.0,1.29,2.38,21.23,21.23,8.84,8.0,1.5
我武生物,sz300357,26.42,25.68,25.95,17736700.0,26.41,26600,26.42,3900,2.88,26.57,25.6,17736700,465170000.0,3.66,3.78,127.89,138.33,30.82,20.54,1.21
中粮科技,sz000930,6.78,6.75,6.76,27508600.0,6.78,283900,6.79,74300,0.44,6.81,6.66,27508600,185300000.0,1.48,2.22,125.86,125.87,7.43,6.08,0.55
仁和药业,sz000650,5.86,5.74,5.79,20276200.0,5.85,304700,5.86,15600,2.09,5.87,5.74,20276200,117870000.0,1.52,2.26,78.02,82.04,6.31,5.17,1.29
锐科激光,sz300747,27.32,26.96,27.55,8884000.0,27.31,6200,27.32,22500,1.34,27.65,27.02,8884000,242430000.0,1.74,2.34,139.13,153.43,32.35,21.57,0.83
新易盛,sz300502,460.6,442.84,461.53,31264900.0,460.6,1300,460.63,500,4.01,463.0,444.0,31264900,14262850000.0,3.53,4.29,4078.24,4578.41,531.41,354.27,0.94
云路股份,sh688190,94.75,94.15,96.35,288124000.0,94.75,200,94.76,1200,0.64,98.43,92.88,288124000,274740000.0,2.4,5.89,113.7,113.7,112.98,75.32,3.22
方大特钢,sh600507,5.78,5.7,5.76,20701000.0,5.78,353500,5.79,13600,1.4,5.85,5.74,20701000,119880000.0,0.89,1.93,133.7,133.7,6.27,5.13,0.88
ST英飞拓,sz002528,3.98,3.79,3.98,1068300.0,3.98,9887400,0.0,0,5.01,3.98,3.98,1068300,4250000.0,0.1,0.0,41.8,47.71,3.98,3.6,0.05
天地科技,sh600582,5.77,5.72,5.77,27808800.0,5.77,88500,5.78,646200,0.87,5.79,5.73,27808800,160210000.0,0.67,1.05,238.8,238.8,6.29,5.15,0.69
北鼎股份,sz300824,10.31,10.01,10.25,5055900.0,10.3,1300,10.31,1500,3.0,10.36,10.12,5055900,51840000.0,1.6,2.4,32.63,33.65,12.01,8.01,1.18
吉林高速,sh601518,2.97,2.98,2.99,19328000.0,2.96,60900,2.97,300500,-0.34,3.01,2.94,19328000,57370000.0,1.02,2.35,56.15,56.15,3.28,2.68,0.86
福耀玻璃,sh600660,57.97,57.0,57.9,12855400.0,57.96,3300,57.97,900,1.7,58.18,57.55,12855400,744640000.0,0.64,1.11,1161.13,1512.87,62.7,51.3,1.07
富森美,sz002818,10.84,10.75,10.99,4851200.0,10.83,84400,10.84,1400,0.84,11.04,10.75,4851200,52620000.0,1.63,2.7,32.34,81.13,11.83,9.68,0.86
威力传动,sz300904,59.16,58.69,59.78,829600.0,59.15,2600,59.16,900,0.8,60.5,58.89,829600,49290000.0,3.77,2.74,13.01,42.82,70.43,46.95,0.56
凯大催化,bj920974,7.48,7.4,7.5,1104200.0,7.47,6900,7.48,35000,1.08,7.54,7.43,1104200,8257600.0,0.86,1.49,9.61,12.25,9.62,5.18,0.6
金丹科技,sz300829,19.82,19.69,20.0,6056300.0,19.81,54800,19.82,6500,0.66,20.23,19.65,6056300,120470000.0,3.83,2.95,31.36,45.05,23.63,15.75,0.65
苏常柴Ａ,sz000570,5.7,5.71,5.77,11271100.0,5.69,54100,5.7,47700,-0.18,5.83,5.66,11271100,64440000.0,2.03,2.98,31.67,40.22,6.28,5.14,0.87
上海贝岭,sh600171,27.27,27.01,27.45,5931200.0,27.27,12600,27.28,49600,0.96,27.5,27.19,5931200,161900000.0,0.84,1.15,193.32,193.32,29.71,24.31,0.83
万达电影,sz002739,9.87,9.77,9.89,25490000.0,9.87,352700,9.88,123100,1.02,9.91,9.78,25490000,250780000.0,1.21,1.33,207.26,208.43,10.75,8.79,0.8
威高骨科,sh688161,31.74,30.79,30.94,334542900.0,31.74,3100,31.75,3500,3.09,31.78,30.94,334542900,104820000.0,0.84,2.73,126.96,126.96,36.95,24.63,1.25
安徽合力,sh600761,18.32,18.02,18.27,11133200.0,18.32,11900,18.33,1500,1.66,18.39,18.14,11133200,203440000.0,1.25,1.39,163.17,163.17,19.82,16.22,0.84
金房能源,sz001210,21.34,20.82,21.1,3050800.0,21.33,1700,21.34,7500,2.5,21.48,21.02,3050800,64820000.0,3.2,2.21,20.34,33.46,22.9,18.74,1.05
春雪食品,sh605567,11.04,11.05,11.23,3057600.0,11.03,2900,11.04,8500,-0.09,11.24,10.97,3057600,33870000.0,1.53,2.44,22.08,22.08,12.16,9.95,0.66
星源卓镁,sz301398,49.54,47.31,48.25,1854400.0,49.47,4900,49.54,1800,4.71,50.4,48.1,1854400,91330000.0,4.98,4.86,18.44,55.48,56.77,37.85,1.28
金雷股份,sz300443,28.59,28.17,28.65,13770700.0,28.58,25400,28.59,1600,1.49,29.29,28.23,13770700,395410000.0,5.67,3.76,69.41,91.53,33.8,22.54,0.77
中芯国际,sh688981,96.33,94.05,96.4,3256480800.0,96.33,9000,96.34,9900,2.42,96.7,94.81,3256480800,3121620000.0,1.63,2.01,1926.18,7707.8,112.86,75.24,1.06
*ST威尔,sz002058,21.35,21.61,21.57,1337500.0,21.35,2300,21.46,10200,-1.2,21.85,21.3,1337500,28750000.0,0.93,2.55,30.56,30.63,22.69,20.53,0.79
甘咨询,sz000779,8.93,8.8,8.95,6323300.0,8.93,24100,8.94,1300,1.48,9.1,8.88,6323300,56780000.0,1.36,2.5,41.5,41.51,9.68,7.92,0.86
*ST摩登,sz002656,3.1,3.09,3.11,9074400.0,3.09,35500,3.1,192800,0.32,3.11,3.05,9074400,27930000.0,1.34,1.94,20.97,22.09,3.24,2.94,0.69
中科微至,sh688211,31.22,30.72,31.0,35737400.0,31.16,2000,31.22,400,1.63,31.31,30.83,35737400,11110000.0,0.27,1.56,40.93,40.93,36.86,24.58,1.0
五矿资本,sh600390,5.36,5.34,5.39,24154800.0,5.35,207500,5.36,355400,0.37,5.41,5.34,24154800,129440000.0,0.54,1.31,241.1,241.1,5.87,4.81,0.92
凯普生物,sz300639,6.69,6.3,6.42,32212100.0,6.68,35600,6.69,297000,6.19,6.71,6.28,32212100,211750000.0,5.07,6.83,42.49,43.25,7.56,5.04,2.22
金科环境,sh688466,17.57,17.28,17.73,115601600.0,17.57,7400,17.58,1200,1.68,17.78,17.35,115601600,20230000.0,0.95,2.49,21.46,21.46,20.74,13.82,0.82
中华企业,sh600675,2.63,2.63,2.65,27378400.0,2.63,1278600,2.64,148100,0.0,2.67,2.62,27378400,72190000.0,0.45,1.9,159.01,159.01,2.89,2.37,0.88
热景生物,sh688068,137.51,122.3,122.0,652349000.0,137.5,6300,137.51,2400,12.44,140.98,121.77,652349000,868530000.0,7.04,15.71,127.48,127.48,146.76,97.84,1.96
长青集团,sz002616,6.2,6.52,6.51,53477100.0,6.19,109400,6.2,20000,-4.91,6.56,6.13,53477100,334410000.0,9.1,6.6,36.42,53.27,7.17,5.87,0.73
四方股份,sh601126,44.41,43.08,44.5,21470400.0,44.4,400,44.41,1200,3.09,44.92,43.95,21470400,953660000.0,2.6,2.25,366.42,370.01,47.39,38.77,0.94
运机集团,sz001288,29.51,29.05,29.49,3710500.0,29.51,2200,29.54,7900,1.58,29.56,28.72,3710500,108350000.0,2.45,2.89,44.78,69.31,31.96,26.15,1.0
小熊电器,sz002959,46.15,45.99,46.06,1807800.0,46.14,2300,46.15,700,0.35,46.38,45.71,1807800,83310000.0,1.2,1.46,69.46,71.92,50.59,41.39,0.8
中研股份,sh688716,33.0,32.42,33.1,95501800.0,33.0,100,33.02,200,1.79,33.25,32.8,95501800,31560000.0,1.37,1.39,23.08,40.15,38.9,25.94,0.8
浙商证券,sh601878,9.72,9.66,9.75,22101700.0,9.71,198800,9.72,120000,0.62,9.78,9.67,22101700,214630000.0,0.48,1.14,444.57,444.57,10.63,8.69,1.24
通策医疗,sh600763,42.48,42.07,42.56,7076400.0,42.48,28900,42.49,7200,0.97,42.7,41.83,7076400,299820000.0,1.58,2.07,190.01,190.01,46.28,37.86,0.89
振华股份,sh603067,32.45,31.38,32.36,21578500.0,32.45,18700,32.46,49500,3.41,33.3,32.12,21578500,706430000.0,3.04,3.76,230.64,230.64,34.52,28.24,0.97
新华网,sh603888,20.09,19.88,20.2,7098200.0,20.08,8100,20.09,8800,1.06,20.25,19.93,7098200,142380000.0,1.05,1.61,135.55,135.55,21.87,17.89,0.82
泰禾智能,sh603656,20.96,20.92,21.17,1515400.0,20.95,2700,20.96,1400,0.19,21.27,20.88,1515400,31870000.0,0.83,1.86,38.35,38.35,23.01,18.83,0.64
海信视像,sh600060,23.08,22.36,22.4,22803600.0,23.07,14800,23.08,41900,3.22,23.15,22.36,22803600,522760000.0,1.75,3.53,300.08,301.19,24.6,20.12,1.61
诺禾致源,sh688315,14.45,13.89,13.97,455164600.0,14.43,8600,14.45,14900,4.03,14.45,13.86,455164600,64890000.0,1.09,4.25,60.14,60.14,16.67,11.11,1.72
红四方,sh603395,29.63,29.52,29.78,1857400.0,29.63,10900,29.64,7400,0.37,29.8,29.5,1857400,55020000.0,2.86,1.02,19.26,77.04,32.47,26.57,0.59
城地香江,sh603887,16.27,15.96,16.3,20702200.0,16.26,30700,16.27,53800,1.94,16.62,16.05,20702200,337160000.0,3.48,3.57,96.85,97.95,17.56,14.36,0.9
宝通科技,sz300031,20.61,20.36,20.65,5636800.0,20.61,20500,20.62,24200,1.23,20.7,20.39,5636800,115860000.0,1.6,1.52,72.53,86.3,24.43,16.29,0.94
*ST星农,sh603789,5.68,5.55,5.66,3216700.0,5.66,15700,5.68,16700,2.34,5.72,5.63,3216700,18240000.0,1.24,1.62,14.77,15.06,5.83,5.27,0.92
景旺电子,sh603228,56.73,56.38,58.3,19331700.0,56.72,25600,56.73,45600,0.62,58.35,56.14,19331700,1099800000.0,1.98,3.92,553.54,558.68,62.02,50.74,1.0
音飞储存,sh603066,10.12,10.05,10.13,2842000.0,10.11,19900,10.12,700,0.7,10.19,10.04,2842000,28720000.0,0.97,1.49,29.77,29.77,11.06,9.05,0.88
冠龙节能,sz301151,18.48,18.16,18.34,1282000.0,18.46,1000,18.48,4100,1.76,18.6,18.29,1282000,23640000.0,0.76,1.71,31.2,31.23,21.79,14.53,0.91
神州信息,sz000555,14.89,15.35,15.72,40603000.0,14.89,138600,14.9,28900,-3.0,15.8,14.79,40603000,616010000.0,4.17,6.58,145.12,145.29,16.89,13.82,1.28
科兴制药,sh688136,31.38,29.6,29.6,1183138400.0,31.38,700,31.39,44600,6.01,31.44,29.08,1183138400,361340000.0,5.88,7.97,63.15,63.15,35.52,23.68,1.83
联动科技,sz301369,135.65,134.15,137.11,761300.0,135.64,1200,135.65,3000,1.12,139.52,132.83,761300,102680000.0,2.09,4.99,49.33,95.74,160.98,107.32,0.8
浩云科技,sz300448,7.09,6.9,7.06,23179200.0,7.09,106100,7.1,254400,2.75,7.15,7.0,23179200,163950000.0,4.99,2.17,32.94,47.97,8.28,5.52,0.77
唐源电气,sz300789,21.18,21.63,22.01,3649500.0,21.12,400,21.18,700,-2.08,22.22,20.8,3649500,77750000.0,3.69,6.56,20.95,30.47,25.96,17.3,1.6
迦南科技,sz300412,5.34,5.2,5.26,11105500.0,5.33,14900,5.34,142100,2.69,5.36,5.2,11105500,58860000.0,2.37,3.08,24.98,26.58,6.24,4.16,0.81
恒生电子,sh600570,25.85,25.53,25.88,16926500.0,25.85,85300,25.86,44300,1.25,25.97,25.67,16926500,437050000.0,0.89,1.18,489.51,489.51,28.08,22.98,0.89
ST应急,sz300527,8.08,8.04,8.1,5623100.0,8.07,72400,8.08,40100,0.5,8.13,8.06,5623100,45440000.0,0.55,0.87,82.16,82.16,9.65,6.43,0.65
山东海化,sz000822,6.07,6.17,6.23,37418800.0,6.06,164000,6.07,25800,-1.62,6.25,6.0,37418800,228270000.0,4.18,4.05,54.33,54.33,6.79,5.55,0.62
宁波富邦,sh600768,17.47,17.42,17.8,4213600.0,17.47,400,17.48,11400,0.29,17.8,17.26,4213600,73390000.0,3.15,3.1,23.37,23.37,19.16,15.68,0.73
天亿马,sz301178,50.83,49.12,50.34,2507300.0,50.82,1000,50.83,4500,3.48,51.37,46.58,2507300,125640000.0,5.07,9.75,25.15,33.98,58.94,39.3,1.42
万祥科技,sz301180,19.78,19.84,20.22,6471100.0,19.78,15400,19.79,2000,-0.3,20.49,19.51,6471100,129080000.0,3.94,4.94,32.47,79.12,23.81,15.87,0.49
杭钢股份,sh600126,8.78,8.56,8.72,103597300.0,8.77,180600,8.78,167200,2.57,8.98,8.62,103597300,910150000.0,3.07,4.21,296.52,296.52,9.42,7.7,0.85
友讯达,sz300514,13.03,12.77,13.03,3190700.0,13.02,1000,13.03,3500,2.04,13.1,12.85,3190700,41440000.0,1.99,1.96,20.88,26.06,15.32,10.22,0.78
许继电气,sz000400,27.72,27.17,27.65,16018100.0,27.72,93500,27.73,86100,2.02,27.75,27.44,16018100,442650000.0,1.58,1.14,280.44,282.36,29.89,24.45,0.7
爱旭股份,sh600732,14.47,14.01,14.28,59052200.0,14.46,160600,14.47,46300,3.28,14.61,13.93,59052200,845200000.0,2.81,4.85,303.79,306.37,15.41,12.61,0.8
华润微,sh688396,45.72,44.54,45.58,991216200.0,45.72,1500,45.73,14900,2.65,45.93,45.3,991216200,452220000.0,0.75,1.41,607.26,607.26,53.45,35.63,1.03
新华制药,sz000756,15.14,14.88,15.0,7662300.0,15.13,7600,15.14,46500,1.75,15.14,14.75,7662300,115030000.0,1.54,2.62,75.53,105.48,16.37,13.39,1.22
锐新科技,sz300828,20.34,19.81,20.3,6187000.0,20.33,800,20.34,500,2.68,20.83,20.16,6187000,126230000.0,7.33,3.38,17.16,33.85,23.77,15.85,0.89
品高股份,sh688227,63.04,60.95,62.6,113896700.0,63.01,10000,63.04,1400,3.43,63.63,62.0,113896700,71620000.0,1.01,2.67,71.27,71.27,73.14,48.76,0.62
瀛通通讯,sz002861,15.33,14.98,15.29,8175700.0,15.32,5000,15.33,8200,2.34,15.5,14.98,8175700,124560000.0,5.44,3.47,23.02,28.56,16.48,13.48,2.01
伟时电子,sh605218,17.17,16.73,17.05,2127100.0,17.17,500,17.18,10600,2.63,17.34,16.98,2127100,36400000.0,1.0,2.15,36.54,41.69,18.4,15.06,0.85
中科美菱,bj920992,14.87,14.62,14.75,1582600.0,14.86,23400,14.87,5500,1.71,14.95,14.55,1582600,23332800.000000004,3.26,2.74,7.21,14.38,19.0,10.24,0.75
栖霞建设,sh600533,2.5,2.54,2.58,17276300.0,2.5,200400,2.51,119100,-1.57,2.59,2.47,17276300,43440000.0,1.65,4.72,26.25,26.25,2.79,2.29,0.98
协鑫集成,sz002506,4.82,4.75,4.84,614587400.0,4.82,4791100,4.83,2289300,1.47,4.98,4.67,614587400,2975060000.0,10.52,6.53,281.7,281.99,5.23,4.28,0.74
辰奕智能,sz301578,33.48,33.0,33.63,616000.0,33.45,500,33.48,5000,1.45,33.89,33.16,616000,20620000.0,2.66,2.21,7.76,27.28,39.6,26.4,0.82
国联民生,sh601456,9.14,9.08,9.18,18353000.0,9.13,176700,9.14,442500,0.66,9.2,9.1,18353000,167640000.0,0.42,1.1,399.27,519.21,9.99,8.17,0.95
云汉芯城,sz301563,141.34,134.2,138.04,1476700.0,141.33,100,141.34,2400,5.32,141.88,136.9,1476700,206160000.0,10.03,3.71,20.8,92.04,161.04,107.36,1.17
艾罗能源,sh688717,115.0,117.0,116.95,941551700.0,114.97,200,115.0,1400,-1.71,120.51,111.09,941551700,1083640000.0,9.51,8.05,113.9,184.0,140.4,93.6,0.94
莎普爱思,sh603168,7.16,7.05,7.11,7762700.0,7.16,93800,7.17,189600,1.56,7.19,6.98,7762700,55240000.0,2.08,2.98,26.67,26.79,7.76,6.35,0.78
吉华集团,sh603980,6.58,6.44,6.53,13760900.0,6.58,1600,6.59,183000,2.17,6.6,6.47,13760900,90130000.0,2.03,2.02,44.54,44.54,7.08,5.8,0.78
宏华数科,sh688789,66.21,65.41,66.51,397013900.0,66.2,2400,66.21,500,1.22,67.62,65.2,397013900,263000000.0,2.2,3.7,119.35,119.35,78.49,52.33,2.3
建科院,sz300675,15.17,14.9,15.18,2625700.0,15.13,100,15.17,5300,1.81,15.38,14.95,2625700,39690000.0,1.79,2.89,22.25,22.25,17.88,11.92,0.86
聚合顺,sh605166,10.3,10.26,10.37,4545600.0,10.29,2300,10.3,70700,0.39,10.45,10.19,4545600,46820000.0,1.44,2.53,32.42,32.42,11.29,9.23,1.43
国药现代,sh600420,10.75,10.61,10.69,15109700.0,10.75,17700,10.76,17000,1.32,10.8,10.52,15109700,161840000.0,1.13,2.64,144.18,144.18,11.67,9.55,1.22
焦点科技,sz002315,40.08,39.9,40.48,7592100.0,40.08,1200,40.09,21600,0.45,40.7,39.58,7592100,303420000.0,3.75,2.81,81.06,127.15,43.89,35.91,1.2
龙版传媒,sh605577,13.39,12.7,12.95,5074000.0,13.38,3800,13.39,12200,5.43,13.44,12.78,5074000,66500000.0,1.14,5.2,59.51,59.51,13.97,11.43,1.83
盈康生命,sz300143,13.3,12.62,12.78,40025500.0,13.3,340300,13.31,76700,5.39,13.34,12.68,40025500,523000000.0,6.24,5.23,85.29,99.68,15.14,10.1,1.35
威孚高科,sz000581,20.73,20.35,20.65,11036900.0,20.73,127100,20.75,2300,1.87,20.9,20.61,11036900,228540000.0,1.39,1.43,164.57,200.41,22.39,18.32,0.91
综艺股份,sh600770,5.59,5.51,5.62,13310900.0,5.59,142200,5.6,184000,1.45,5.64,5.54,13310900,74230000.0,1.02,1.81,72.67,72.67,6.06,4.96,0.72
智微智能,sz001339,61.86,59.7,61.61,6884800.0,61.85,700,61.86,10500,3.62,62.87,60.3,6884800,425290000.0,5.77,4.3,73.87,156.05,65.67,53.73,1.06
航发控制,sz000738,21.59,21.71,22.1,17997200.0,21.58,26300,21.59,7600,-0.55,22.16,21.4,17997200,389570000.0,1.37,3.5,283.95,283.95,23.88,19.54,0.9
鞍钢股份,sz000898,2.38,2.37,2.4,39821500.0,2.38,302100,2.39,1334000,0.42,2.42,2.37,39821500,95380000.0,0.5,2.11,189.39,222.99,2.61,2.13,0.86
平高电气,sh600312,20.75,20.28,20.81,16914700.0,20.74,29400,20.75,88000,2.32,20.89,20.48,16914700,349720000.0,1.25,2.02,281.56,281.56,22.31,18.25,0.8
宸展光电,sz003019,30.99,30.89,31.26,1746900.0,30.98,600,30.99,6500,0.32,31.38,30.66,1746900,54150000.0,1.02,2.33,52.95,54.78,33.98,27.8,0.64
望变电气,sh603191,21.45,20.96,21.49,11462500.0,21.45,22400,21.46,21300,2.34,21.7,21.23,11462500,245850000.0,3.47,2.24,70.78,70.78,23.06,18.86,0.9
海达尔,bj920699,37.7,36.94,37.3,207300.0,37.7,11800,37.74,900,2.06,37.88,37.0,207300,7780000.0,0.99,2.38,7.87,17.2,48.02,25.86,1.47
科力尔,sz002892,11.02,10.85,11.02,5876800.0,11.02,9800,11.03,5900,1.57,11.04,10.91,5876800,64600000.0,1.22,1.2,53.27,82.05,11.94,9.77,1.24
ST纳川,sz300198,2.67,2.65,2.66,9491100.0,2.67,70400,2.68,733100,0.75,2.7,2.65,9491100,25340000.0,0.92,1.89,27.4,27.54,3.18,2.12,0.61
北京利尔,sz002392,7.08,6.92,7.01,8484000.0,7.08,162100,7.09,19500,2.31,7.16,6.99,8484000,59800000.0,0.74,2.46,80.99,84.29,7.61,6.23,0.9
吉鑫科技,sh601218,6.26,6.12,6.26,101957700.0,6.25,618800,6.26,250500,2.29,6.41,6.15,101957700,638430000.0,10.52,4.25,60.66,60.66,6.73,5.51,0.59
新北洋,sz002376,7.02,6.89,7.01,7946000.0,7.02,119300,7.03,175700,1.89,7.05,6.95,7946000,55630000.0,1.02,1.45,54.85,56.9,7.58,6.2,0.88
宁夏建材,sh600449,12.89,12.75,13.0,5312900.0,12.88,13500,12.89,18700,1.1,13.1,12.77,5312900,68700000.0,1.11,2.59,61.64,61.64,14.03,11.48,0.69
闻泰科技,sh600745,31.65,31.36,31.9,12003500.0,31.64,86000,31.65,23900,0.92,31.93,31.48,12003500,380190000.0,0.96,1.43,393.93,393.93,34.5,28.22,0.61
嘉戎技术,sz301148,50.35,49.12,49.43,1053800.0,50.35,1200,50.36,2500,2.5,51.18,49.43,1053800,53240000.0,1.79,3.56,29.64,58.66,58.94,39.3,1.26
美康生物,sz300439,9.95,9.65,9.76,4407900.0,9.94,5800,9.95,12900,3.11,9.99,9.65,4407900,43500000.0,1.51,3.52,29.09,38.24,11.58,7.72,1.12
北方股份,sh600262,24.81,24.35,25.23,2922600.0,24.81,2000,24.82,800,1.89,25.23,24.63,2922600,72810000.0,1.72,2.46,42.18,42.18,26.79,21.92,0.71
昆药集团,sh600422,11.62,11.4,11.47,7587600.0,11.62,7100,11.63,70700,1.93,11.66,11.39,7587600,87660000.0,1.0,2.37,87.96,87.96,12.54,10.26,1.38
科美诊断,sh688468,7.44,7.37,7.44,319898100.0,7.41,2400,7.44,9300,0.95,7.5,7.35,319898100,23720000.0,0.8,2.04,29.84,29.84,8.84,5.9,0.99
华灿光电,sz300323,9.76,9.64,9.89,78993000.0,9.76,100100,9.77,156200,1.24,10.25,9.65,78993000,783750000.0,8.98,6.22,85.82,158.4,11.57,7.71,1.1
华数传媒,sz000156,7.53,7.39,7.51,11631900.0,7.52,5000,7.53,52200,1.89,7.56,7.45,11631900,87290000.0,0.68,1.49,128.0,139.53,8.13,6.65,0.95
东宏股份,sh603856,13.0,12.95,13.08,1971100.0,13.0,30800,13.01,100,0.39,13.13,12.93,1971100,25680000.0,0.7,1.54,36.67,36.67,14.25,11.66,0.65
鑫宏业,sz301310,40.38,40.37,40.39,4669000.0,40.38,26300,40.39,11800,0.02,40.5,38.9,4669000,185930000.0,9.29,3.96,20.29,55.14,48.44,32.3,2.44
永清环保,sz300187,5.22,5.17,5.29,11659400.0,5.21,17800,5.22,18700,0.97,5.36,5.14,11659400,61050000.0,1.82,4.26,33.52,33.7,6.2,4.14,0.66
汉嘉数智,sz300746,13.16,12.45,12.74,6015100.0,13.16,9600,13.17,28500,5.7,13.22,12.53,6015100,78270000.0,2.69,5.54,29.42,29.71,14.94,9.96,1.18
机科股份,bj920579,17.52,17.28,17.65,820200.0,17.48,3000,17.52,5400,1.39,17.74,17.32,820200,14315900.0,1.84,2.43,7.81,22.68,22.46,12.1,0.88
紫光股份,sz000938,25.29,24.9,25.5,79711900.0,25.29,40400,25.3,164500,1.57,25.96,25.13,79711900,2030280000.0,2.79,3.33,723.31,723.31,27.39,22.41,0.89
弘讯科技,sh603015,12.47,12.22,12.4,3198000.0,12.46,17500,12.47,29800,2.05,12.48,12.27,3198000,39620000.0,0.79,1.72,50.41,50.41,13.44,11.0,0.76
万德斯,sh688178,31.51,28.2,28.7,446795300.0,31.51,11800,31.54,1000,11.74,32.44,28.7,446795300,139810000.0,5.26,13.26,26.78,26.78,33.84,22.56,2.28
阿科力,sh603722,33.44,32.77,33.52,633400.0,33.43,200,33.44,2600,2.04,33.57,33.06,633400,21130000.0,0.66,1.56,32.0,32.68,36.05,29.49,0.76
宝明科技,sz002992,49.4,48.64,49.5,1340900.0,49.38,1600,49.4,16400,1.56,49.6,48.5,1340900,65800000.0,0.85,2.26,78.07,89.35,53.5,43.78,1.08
福瑞达,sh600223,7.04,6.88,6.94,9610300.0,7.04,100100,7.05,45100,2.33,7.05,6.87,9610300,67150000.0,0.95,2.62,71.57,71.57,7.57,6.19,1.57
科沃斯,sh603486,62.4,61.02,62.0,3720400.0,62.4,30000,62.41,100,2.26,62.68,61.5,3720400,231230000.0,0.65,1.93,357.77,361.25,67.12,54.92,1.07
南大环境,sz300864,20.51,20.65,20.84,1714900.0,20.51,4200,20.52,1500,-0.68,20.97,20.43,1714900,35430000.0,1.09,2.62,32.39,32.39,24.78,16.52,1.35
数据港,sh603881,38.77,38.33,39.16,66360900.0,38.77,76000,38.78,17400,1.15,39.57,38.29,66360900,2580410000.0,9.24,3.34,278.51,278.51,42.16,34.5,1.14
正元地信,sh688509,4.46,4.4,4.5,637631300.0,4.46,9700,4.47,117200,1.36,4.53,4.41,637631300,28400000.0,1.66,2.73,17.16,34.34,5.28,3.52,0.81
成都燃气,sh603053,10.15,10.05,10.05,4734200.0,10.12,16700,10.15,41900,1.0,10.17,10.02,4734200,47790000.0,0.53,1.49,90.22,90.22,11.06,9.05,0.71
龙旗科技,sh603341,38.17,37.7,38.41,5561500.0,38.17,1700,38.18,9100,1.25,38.6,37.95,5561500,212330000.0,2.09,1.72,101.61,199.47,41.47,33.93,1.15
ST天圣,sz002872,5.16,5.03,5.11,3690500.0,5.15,36800,5.16,30500,2.58,5.16,5.07,3690500,18880000.0,1.72,1.79,11.09,16.41,5.28,4.78,1.0
瑞鹄模具,sz002997,30.36,29.5,30.0,6689200.0,30.35,2100,30.36,4800,2.92,30.55,29.63,6689200,201320000.0,3.2,3.12,63.55,63.55,32.45,26.55,1.95
英飞特,sz300582,13.98,13.68,14.08,7022800.0,13.98,5900,13.99,14500,2.19,14.15,13.69,7022800,97730000.0,3.17,3.36,30.97,41.74,16.42,10.94,1.05
昊华能源,sh601101,8.48,8.48,8.39,19805300.0,8.48,2400,8.49,20700,0.0,8.71,8.27,19805300,168580000.0,1.38,5.19,122.11,122.11,9.33,7.63,0.65
汉得信息,sz300170,19.62,19.1,19.71,51603600.0,19.61,82800,19.62,182000,2.72,19.93,19.46,51603600,1013780000.0,5.28,2.46,191.71,200.56,22.92,15.28,1.02
汤臣倍健,sz300146,11.07,10.98,11.07,12133300.0,11.07,7200,11.08,52400,0.82,11.11,10.94,12133300,133820000.0,1.08,1.55,124.06,187.27,13.18,8.78,0.99
浪莎股份,sh600137,22.76,22.97,23.2,5305900.0,22.76,7900,22.78,2100,-0.91,23.2,22.57,5305900,121310000.0,5.46,2.74,22.13,22.13,25.27,20.67,0.87
新洁能,sh605111,38.05,36.5,37.24,12161400.0,38.04,2600,38.05,12700,4.25,38.15,36.69,12161400,455070000.0,2.93,4.0,158.03,158.03,40.15,32.85,1.09
思看科技,sh688583,122.87,121.35,121.7,168507100.0,122.85,500,122.87,100,1.25,125.2,121.7,168507100,207270000.0,5.47,2.88,37.85,108.62,145.62,97.08,1.28
康普化学,bj920033,15.28,15.19,15.33,306500.0,15.27,4200,15.28,800,0.59,15.45,15.21,306500,4693600.0,0.37,1.58,12.65,18.2,19.74,10.64,0.53
天正电气,sh605066,8.11,8.01,8.11,8041600.0,8.11,33600,8.12,86600,1.25,8.16,8.04,8041600,65120000.0,1.6,1.5,40.75,40.94,8.81,7.21,0.84
九安医疗,sz002432,80.94,73.58,76.88,13916100.0,80.94,3620100,0.0,0,10.0,80.94,73.88,13916100,1100030000.0,3.17,9.59,354.85,376.35,80.94,66.22,0.29
广东明珠,sh600382,8.63,8.7,8.86,12397300.0,8.63,105400,8.65,4800,-0.8,8.9,8.57,12397300,107360000.0,1.79,3.79,59.93,59.93,9.57,7.83,0.51
中船汉光,sz300847,15.64,15.39,15.59,2979200.0,15.63,6100,15.64,9600,1.62,15.66,15.47,2979200,46370000.0,1.01,1.23,46.3,46.3,18.47,12.31,0.68
汇洁股份,sz002763,7.78,7.7,8.23,17186100.0,7.78,4100,7.79,23600,1.04,8.23,7.73,17186100,135380000.0,5.66,6.49,23.62,31.89,8.47,6.93,3.34
宁沪高速,sh600377,11.84,12.05,12.12,17606300.0,11.84,77300,11.86,10100,-1.74,12.13,11.82,17606300,209380000.0,0.46,2.57,450.18,596.47,13.26,10.85,1.39
优利德,sh688628,43.98,42.34,43.1,159410700.0,43.95,200,43.98,4800,3.87,43.98,41.53,159410700,68260000.0,1.43,5.79,49.16,49.16,50.81,33.87,1.55
包钢股份,sh600010,2.63,2.51,2.55,1428524400.0,2.63,6999500,2.64,14633300,4.78,2.68,2.51,1428524400,3713940000.0,4.55,6.77,825.31,1191.09,2.76,2.26,2.14
视源股份,sz002841,33.16,32.59,33.12,4658700.0,33.16,6800,33.17,1700,1.75,33.3,32.76,4658700,153700000.0,0.9,1.66,172.23,230.8,35.85,29.33,0.86
越剑智能,sh603095,17.95,17.83,18.19,2139300.0,17.94,6500,17.95,1300,0.67,18.27,17.84,2139300,38590000.0,0.83,2.41,46.36,46.36,19.61,16.05,0.75
汉商集团,sh600774,9.12,8.82,8.96,5998300.0,9.11,1600,9.12,5300,3.4,9.15,8.81,5998300,54060000.0,2.03,3.85,26.89,26.91,9.7,7.94,1.51
君禾股份,sh603617,7.31,7.22,7.29,4285500.0,7.3,6700,7.31,17800,1.25,7.34,7.21,4285500,31190000.0,1.12,1.8,28.04,28.5,7.94,6.5,0.9
博俊科技,sz300926,26.05,25.86,26.23,5933500.0,26.05,1800,26.06,6100,0.73,26.3,25.61,5933500,153930000.0,1.99,2.67,77.63,113.14,31.03,20.69,1.1
新媒股份,sz300770,39.37,38.82,39.41,2338000.0,39.37,3300,39.38,1200,1.42,39.5,39.03,2338000,91870000.0,1.03,1.21,89.7,89.7,46.58,31.06,1.22
博汇股份,sz300839,13.91,13.77,13.9,13223400.0,13.91,43000,13.92,32300,1.02,14.38,13.7,13223400,185360000.0,4.56,4.94,40.3,41.03,16.52,11.02,1.27
华林证券,sz002945,15.72,15.53,15.82,11008500.0,15.71,124600,15.72,37700,1.22,15.87,15.57,11008500,172930000.0,0.41,1.93,424.44,424.44,17.08,13.98,0.9
南方路机,sh603280,35.24,34.84,35.54,1667900.0,35.24,600,35.25,11300,1.15,35.94,34.85,1667900,58780000.0,5.97,3.13,9.85,38.2,38.32,31.36,1.01
中远海能,sh600026,23.65,22.0,22.38,114321900.0,23.64,33500,23.65,37200,7.5,24.15,22.2,114321900,2707940000.0,3.29,8.86,821.78,1292.52,24.2,19.8,1.03
西陇科学,sz002584,7.87,7.8,7.94,7204400.0,7.86,15000,7.87,88300,0.9,7.96,7.81,7204400,56680000.0,1.54,1.92,36.87,46.06,8.58,7.02,0.69
亿帆医药,sz002019,13.39,12.68,13.02,28912700.0,13.38,17000,13.39,4300,5.6,13.41,12.81,28912700,380750000.0,3.44,4.73,112.67,162.87,13.95,11.41,1.38
禾丰股份,sh603609,6.87,6.79,6.85,2431300.0,6.86,29600,6.87,4200,1.18,6.89,6.79,2431300,16620000.0,0.27,1.47,62.4,62.4,7.47,6.11,0.65
侨源股份,sz301286,45.64,44.06,45.01,1773800.0,45.64,6800,45.66,700,3.59,46.4,45.01,1773800,81100000.0,1.1,3.15,73.61,182.61,52.87,35.25,0.99
金天钛业,sh688750,18.07,17.7,18.0,300070000.0,18.06,4000,18.07,4200,2.09,18.1,17.81,300070000,54010000.0,1.29,1.64,42.09,83.57,21.24,14.16,1.0
三雄极光,sz300625,11.55,11.29,11.5,2999000.0,11.54,7100,11.55,53700,2.3,11.59,11.4,2999000,34510000.0,1.85,1.68,18.71,32.26,13.55,9.03,1.13
欧晶科技,sz001269,21.92,21.76,22.17,2672300.0,21.91,27100,21.92,12400,0.74,22.28,21.76,2672300,58620000.0,1.39,2.39,42.18,42.18,23.94,19.58,0.57
成大生物,sh688739,24.97,24.62,24.78,196579200.0,24.97,4100,24.99,200,1.42,25.04,24.66,196579200,48940000.0,0.47,1.54,103.99,103.99,29.54,19.7,1.34
涪陵电力,sh600452,11.43,11.3,11.65,36506300.0,11.43,2000,11.44,10000,1.15,11.68,11.35,36506300,418790000.0,2.38,2.92,175.63,175.63,12.43,10.17,0.58
甘肃能化,sz000552,2.75,2.64,2.66,139636000.0,2.75,977600,2.76,39300,4.17,2.85,2.63,139636000,381490000.0,3.75,8.33,102.46,147.17,2.9,2.38,0.98
圣邦股份,sz300661,70.51,67.63,69.67,26069100.0,70.51,5200,70.52,11300,4.26,72.63,69.6,26069100,1856090000.0,4.38,4.48,419.67,437.52,81.16,54.1,1.12
伊力特,sh600197,12.12,12.04,12.05,3131700.0,12.12,52600,12.13,1500,0.66,12.19,12.01,3131700,37910000.0,0.66,1.5,57.35,57.35,13.24,10.84,1.18
恒玄科技,sh688608,174.09,175.69,179.8,464801700.0,174.09,1700,174.1,2800,-0.91,179.86,172.38,464801700,813770000.0,2.76,4.26,293.68,293.68,210.83,140.55,1.13
劲仔食品,sz003000,10.46,10.44,10.6,2782800.0,10.45,12600,10.46,700,0.19,10.6,10.36,2782800,29040000.0,0.9,2.3,32.22,47.16,11.48,9.4,0.84
海达股份,sz300320,10.03,9.86,10.07,9168200.0,10.03,1100,10.04,101700,1.72,10.14,9.9,9168200,91720000.0,1.89,2.43,48.68,60.3,11.83,7.89,0.86
开发科技,bj920029,83.38,81.2,82.02,436700.0,83.38,700,83.4,5000,2.68,83.78,81.32,436700,36121300.0,1.13,3.03,32.09,115.8,105.56,56.84,0.9
东阿阿胶,sz000423,56.34,57.17,57.19,7314300.0,56.33,5800,56.34,3700,-1.45,57.39,56.22,7314300,414250000.0,1.14,2.05,362.18,362.82,62.89,51.45,1.07
芯原股份,sh688521,223.0,202.3,213.0,2715365200.0,223.0,14100,223.01,300,10.23,229.0,213.0,2715365200,6026670000.0,5.16,7.91,1172.79,1172.79,242.76,161.84,1.62
钢研纳克,sz300797,14.76,14.57,14.75,2167600.0,14.76,13800,14.77,35500,1.3,14.88,14.6,2167600,31940000.0,0.57,1.92,55.87,56.49,17.48,11.66,0.82
宗申动力,sz001696,19.55,19.9,19.84,36857400.0,19.55,368600,19.56,52000,-1.76,19.84,19.4,36857400,721120000.0,4.13,2.21,174.27,223.85,21.89,17.91,1.27
深水海纳,sz300961,13.73,14.44,14.44,13178200.0,13.73,25700,13.74,1500,-4.92,14.59,13.67,13178200,184070000.0,8.64,6.37,20.95,24.34,17.33,11.55,0.82
拓维信息,sz002261,35.23,34.18,34.87,102571700.0,35.22,545800,35.23,311600,3.07,35.86,34.78,102571700,3618470000.0,8.95,3.16,403.61,443.84,37.6,30.76,1.06
姚记科技,sz002605,21.18,20.36,20.9,7423000.0,21.17,9100,21.18,21900,4.03,21.2,20.6,7423000,155500000.0,2.2,2.95,71.43,88.46,22.4,18.32,1.6
祥和实业,sh603500,11.23,11.16,11.28,5088300.0,11.22,3500,11.23,5100,0.63,11.36,11.07,5088300,56800000.0,1.53,2.6,37.26,37.37,12.28,10.04,1.1
欧莱新材,sh688530,29.75,28.89,30.29,637436700.0,29.75,4200,29.76,13300,2.98,30.36,28.8,637436700,188960000.0,9.4,5.4,20.16,47.61,34.67,23.11,0.66
洲明科技,sz300232,6.93,6.81,6.96,26340100.0,6.92,70900,6.93,121800,1.76,7.0,6.88,26340100,182660000.0,2.98,1.76,61.22,75.36,8.17,5.45,0.79
一心堂,sz002727,12.85,12.68,12.83,5873500.0,12.85,4000,12.86,21900,1.34,12.88,12.63,5873500,75170000.0,1.48,1.97,51.05,75.25,13.95,11.41,1.11
博敏电子,sh603936,13.28,12.67,13.01,35079000.0,13.27,7200,13.28,18200,4.81,13.68,13.01,35079000,466860000.0,5.56,5.29,83.72,83.72,13.94,11.4,1.03
中晟高科,sz002778,20.47,19.45,19.63,5210500.0,20.47,29200,20.49,4300,5.24,21.0,19.6,5210500,105850000.0,4.22,7.2,25.27,25.54,21.4,17.51,2.45
中油资本,sz000617,9.89,10.2,10.1,244438200.0,9.88,2825500,9.89,394800,-3.04,10.26,9.86,244438200,2443430000.0,1.93,3.92,1250.3,1250.3,11.22,9.18,0.64
中科创达,sz300496,59.43,58.42,59.92,8299800.0,59.42,7900,59.43,800,1.73,60.0,59.13,8299800,493420000.0,2.25,1.49,219.07,273.84,70.1,46.74,0.88
芯海科技,sh688595,30.16,29.27,29.99,258751500.0,30.13,400,30.16,100,3.04,30.39,29.7,258751500,77750000.0,1.8,2.36,43.46,43.46,35.12,23.42,1.11
福安药业,sz300194,4.23,4.09,4.13,32218800.0,4.22,209600,4.23,59700,3.42,4.24,4.09,32218800,134940000.0,3.33,3.67,40.96,50.32,4.91,3.27,1.96
天宜新材,sh688033,8.28,8.09,8.22,1119777500.0,8.27,22200,8.28,20100,2.35,8.35,8.14,1119777500,92460000.0,1.99,2.6,46.55,46.55,9.71,6.47,0.9
莱绅通灵,sh603900,7.66,7.55,7.65,5711400.0,7.66,8000,7.67,7100,1.46,7.74,7.54,5711400,43550000.0,1.67,2.65,26.18,26.27,8.31,6.8,1.04
泸州老窖,sz000568,106.26,104.68,105.81,6659400.0,106.26,5000,106.27,11500,1.51,107.3,104.0,6659400,706390000.0,0.45,3.15,1563.36,1564.09,115.15,94.21,0.9
万憬能源,sz002700,6.72,6.76,6.82,5150100.0,6.71,19000,6.72,34600,-0.59,6.86,6.66,5150100,34640000.0,1.95,2.96,17.7,27.8,7.44,6.08,0.77
盘龙药业,sz002864,34.39,33.39,33.89,4374300.0,34.38,14500,34.39,11500,2.99,34.59,33.43,4374300,149440000.0,5.9,3.47,25.51,36.55,36.73,30.05,1.37
鄂尔多斯,sh600295,15.02,14.9,14.9,6624900.0,15.01,7600,15.02,20100,0.81,15.2,14.9,6624900,99610000.0,0.34,2.01,296.73,420.38,16.39,13.41,0.9
恒而达,sz300946,45.85,45.86,46.8,867500.0,45.84,200,45.85,9600,-0.02,46.8,45.45,867500,39800000.0,1.14,2.94,34.76,71.53,55.03,36.69,0.8
拱东医疗,sh605369,17.86,17.37,17.6,941700.0,17.86,14600,17.87,7300,2.82,17.88,17.37,941700,16660000.0,0.43,2.94,39.38,39.38,19.11,15.63,1.09
众业达,sz002441,10.12,9.89,10.09,7201100.0,10.12,1100,10.13,31700,2.33,10.17,10.02,7201100,72750000.0,1.8,1.52,40.39,55.11,10.88,8.9,0.8
鸿博股份,sz002229,18.37,17.84,18.27,63213300.0,18.36,104000,18.37,360800,2.97,18.98,18.12,63213300,1166240000.0,12.82,4.82,90.59,91.15,19.62,16.06,0.98
英集芯,sh688209,20.07,19.58,20.09,414284200.0,20.06,3000,20.07,5800,2.5,20.2,19.82,414284200,82950000.0,0.96,1.94,87.06,87.06,23.5,15.66,0.97
太极集团,sh600129,16.85,16.68,16.73,9246000.0,16.85,62800,16.86,99900,1.02,16.86,16.45,9246000,154610000.0,1.68,2.46,92.91,92.91,18.35,15.01,1.03
科德数控,sh688305,56.98,56.1,57.11,104390000.0,56.98,700,56.99,1500,1.57,57.16,56.46,104390000,59330000.0,0.79,1.25,75.34,75.73,67.32,44.88,0.95
中材节能,sh603126,7.37,7.26,7.35,10803800.0,7.36,5000,7.37,31800,1.52,7.39,7.22,10803800,79070000.0,1.77,2.34,44.99,44.99,7.99,6.53,1.16
星徽股份,sz300464,8.23,7.88,7.97,32987800.0,8.22,24800,8.23,2100,4.44,8.27,7.78,32987800,267250000.0,9.28,6.22,29.24,37.68,9.46,6.3,1.96
富安娜,sz002327,7.03,6.93,6.99,7323200.0,7.02,43800,7.03,11100,1.44,7.08,6.94,7323200,51480000.0,1.49,2.02,34.51,58.93,7.62,6.24,1.29
汤姆猫,sz300459,4.19,4.1,4.18,56312800.0,4.18,1670600,4.19,786500,2.2,4.21,4.14,56312800,235340000.0,1.71,1.71,137.73,147.31,4.92,3.28,1.02
广安爱众,sh600979,4.78,4.89,4.95,86865800.0,4.77,551200,4.78,273100,-2.25,4.98,4.71,86865800,417260000.0,7.05,5.52,58.9,60.31,5.38,4.4,0.55
日辰股份,sh603755,28.58,27.7,28.1,2699100.0,28.58,600,28.61,700,3.18,28.77,27.92,2699100,76750000.0,2.74,3.07,28.18,28.18,30.47,24.93,2.15
上海雅仕,sh603329,10.54,10.45,10.64,2424000.0,10.52,400,10.54,8100,0.86,10.66,10.38,2424000,25450000.0,1.17,2.68,21.75,26.36,11.5,9.41,1.06
三 力 士,sz002224,4.66,4.71,4.75,30476100.0,4.65,211100,4.66,158800,-1.06,4.82,4.63,30476100,143360000.0,3.78,4.03,37.58,42.04,5.18,4.24,1.06
特  力Ａ,sz000025,16.12,16.03,16.24,3538100.0,16.11,24600,16.12,700,0.56,16.29,16.0,3538100,56950000.0,0.9,1.81,63.32,69.49,17.63,14.43,0.95
南网科技,sh688248,57.46,57.93,59.15,509990200.0,57.46,2200,57.48,1200,-0.81,59.39,56.6,509990200,293250000.0,0.9,4.82,324.48,324.48,69.52,46.34,0.75
S佳通,sh600182,13.75,13.62,13.71,1223800.0,13.75,1800,13.76,12500,0.95,13.82,13.63,1223800,16800000.0,0.72,1.4,23.38,46.75,14.3,12.94,0.89
格林达,sh603931,27.19,26.64,27.28,1729900.0,27.18,19800,27.19,4200,2.06,27.28,26.84,1729900,46880000.0,0.87,1.65,54.26,54.26,29.3,23.98,0.98
华东数控,sz002248,12.19,12.01,12.3,16343100.0,12.18,42200,12.19,4900,1.5,12.34,12.07,16343100,198830000.0,5.31,2.25,37.48,37.48,13.21,10.81,1.52
奥康国际,sh603001,9.06,9.02,9.09,4925500.0,9.06,2600,9.07,5600,0.44,9.27,9.0,4925500,44980000.0,1.23,2.99,36.33,36.33,9.92,8.12,0.57
北特科技,sh603009,46.72,44.1,44.8,8097200.0,46.72,300,46.73,11900,5.94,46.84,44.7,8097200,371880000.0,2.39,4.85,158.1,161.83,48.51,39.69,1.69
大金重工,sz002487,70.41,69.7,70.88,18299000.0,70.41,100,70.42,400,1.02,71.42,68.11,18299000,1274070000.0,2.9,4.75,444.23,449.04,76.67,62.73,0.81
建研院,sh603183,4.66,4.64,4.74,12085200.0,4.66,24800,4.67,32700,0.43,4.77,4.6,12085200,56360000.0,2.43,3.66,23.17,23.17,5.1,4.18,0.93
京泉华,sz002885,24.2,23.58,24.09,9079300.0,24.2,11000,24.21,10100,2.63,24.36,23.97,9079300,219270000.0,3.93,1.65,55.88,65.56,25.94,21.22,0.72
长虹美菱,sz000521,6.3,6.17,6.23,12327800.0,6.3,37600,6.31,254100,2.11,6.34,6.19,12327800,77520000.0,1.41,2.43,55.16,64.89,6.79,5.55,1.6
中控技术,sh688777,66.84,64.45,66.6,1896588100.0,66.84,24300,66.85,800,3.71,68.34,66.01,1896588100,1277110000.0,2.41,3.62,526.16,528.83,77.34,51.56,1.72
三德科技,sz300515,17.95,17.64,17.97,1865700.0,17.95,1300,17.96,1000,1.76,18.05,17.78,1865700,33390000.0,0.92,1.53,36.22,36.93,21.17,14.11,0.93
城投控股,sh600649,4.48,4.43,4.48,26818500.0,4.48,81100,4.49,582600,1.13,4.52,4.42,26818500,119930000.0,1.07,2.26,112.2,112.2,4.87,3.99,0.82
公元股份,sz002641,4.17,4.17,4.24,10110800.0,4.17,58600,4.18,175100,0.0,4.25,4.15,10110800,42300000.0,0.89,2.4,47.29,51.25,4.59,3.75,1.04
天舟文化,sz300148,4.36,4.3,4.4,23992000.0,4.36,823500,4.37,521200,1.4,4.43,4.31,23992000,104540000.0,2.95,2.79,35.5,36.75,5.16,3.44,1.08
迈赫股份,sz301199,22.65,22.41,22.76,1246900.0,22.64,4600,22.65,400,1.07,22.81,22.45,1246900,28210000.0,1.74,1.61,16.24,42.28,26.89,17.93,0.94
派瑞股份,sz300831,17.52,15.84,16.51,35525100.0,17.52,33600,17.53,19600,10.61,18.1,16.2,35525100,612910000.0,19.26,11.99,32.32,56.06,19.01,12.67,2.76
广汇物流,sh600603,6.91,6.63,6.7,25893100.0,6.91,59100,6.92,11500,4.22,6.99,6.58,25893100,177090000.0,2.17,6.18,82.46,82.46,7.29,5.97,1.13
泰山石油,sz000554,8.16,8.24,8.24,27946500.0,8.16,233200,8.17,642900,-0.97,8.34,8.13,27946500,229920000.0,7.71,2.55,29.59,39.23,9.06,7.42,0.75
文灿股份,sh603348,20.12,19.59,19.77,2578700.0,20.11,4300,20.12,6900,2.71,20.14,19.59,2578700,51260000.0,0.82,2.81,63.27,63.27,21.55,17.63,1.57
筑博设计,sz300564,15.49,14.83,15.19,4362300.0,15.49,1600,15.5,2000,4.45,16.27,15.19,4362300,68470000.0,3.85,7.28,17.53,24.99,17.8,11.86,1.82
ST晨鸣,sz000488,2.79,2.78,2.79,24808200.0,2.78,285800,2.79,379600,0.36,2.83,2.76,24808200,69170000.0,1.46,2.52,47.27,82.07,2.92,2.64,0.53
雷神科技,bj920190,21.95,21.43,21.85,836200.0,21.94,3800,21.95,2100,2.43,22.07,21.72,836200,18302900.0,0.84,1.63,21.83,21.95,27.85,15.01,0.78
青矩技术,bj920208,22.42,22.07,22.4,415200.0,22.41,400,22.42,1700,1.59,22.79,22.3,415200,9316600.0,0.41,2.22,22.84,30.0,28.69,15.45,0.53
致欧科技,sz301376,16.27,15.99,16.15,2612700.0,16.26,800,16.27,9900,1.75,16.42,16.13,2612700,42550000.0,1.35,1.81,31.51,65.48,19.19,12.79,1.18
海天精工,sh601882,18.81,18.58,18.77,3504900.0,18.8,50800,18.81,30700,1.24,18.94,18.65,3504900,65820000.0,0.67,1.56,98.19,98.19,20.44,16.72,0.88
蜀道装备,sz300540,20.1,19.79,20.06,6239500.0,20.09,12900,20.1,7500,1.57,20.27,19.85,6239500,125230000.0,3.02,2.12,41.55,46.14,23.75,15.83,1.02
红墙股份,sz002809,11.25,11.13,11.37,7123800.0,11.24,2200,11.25,53100,1.08,11.39,11.14,7123800,80000000.0,5.12,2.25,15.65,23.81,12.24,10.02,0.7
安杰思,sh688581,55.4,53.67,54.0,42689700.0,55.4,5300,55.43,53000,3.22,55.5,54.0,42689700,23520000.0,1.03,2.79,23.02,44.94,64.4,42.94,1.98
禾迈股份,sh688032,128.87,124.82,125.5,295915800.0,128.86,700,128.87,7500,3.24,128.87,121.12,295915800,370070000.0,2.39,6.21,159.89,159.89,149.78,99.86,0.7
益佰制药,sh600594,4.36,3.96,3.97,93063300.0,4.36,7320300,0.0,0,10.1,4.36,3.96,93063300,397300000.0,11.75,10.1,34.53,34.53,4.36,3.56,7.02
冠盛股份,sh605088,34.14,34.0,34.42,2156100.0,34.13,1300,34.14,4200,0.41,34.55,33.83,2156100,73730000.0,1.08,2.12,68.18,69.21,37.4,30.6,0.99
超达装备,sz301186,58.08,56.2,57.31,3499000.0,58.07,100,58.08,600,3.35,58.7,55.55,3499000,200020000.0,4.63,5.6,43.94,46.78,67.44,44.96,1.1
麦克奥迪,sz300341,14.4,14.15,14.39,3881800.0,14.4,17100,14.41,12700,1.77,14.49,14.23,3881800,55720000.0,0.75,1.84,74.21,74.51,16.98,11.32,0.94
伟星股份,sz002003,9.86,9.85,9.92,4463000.0,9.86,21100,9.88,23400,0.1,9.93,9.75,4463000,44030000.0,0.44,1.83,100.78,117.22,10.84,8.87,0.66
神奇制药,sh600613,6.32,6.05,6.09,17090300.0,6.31,42700,6.32,102500,4.46,6.38,6.02,17090300,106610000.0,3.57,5.95,30.29,33.75,6.66,5.45,1.88
天风证券,sh601162,3.73,3.7,3.74,65811400.0,3.72,1761700,3.73,3501900,0.81,3.76,3.7,65811400,245170000.0,0.77,1.62,320.7,375.76,4.07,3.33,0.75
九阳股份,sz002242,9.76,9.57,9.7,7451400.0,9.76,4600,9.77,54400,1.99,9.82,9.64,7451400,72540000.0,0.98,1.88,74.34,74.47,10.53,8.61,0.8
遥望科技,sz002291,6.54,6.53,6.64,21437800.0,6.54,20800,6.55,114300,0.15,6.68,6.49,21437800,140340000.0,2.47,2.91,56.84,61.16,7.18,5.88,0.79
天富能源,sh600509,8.36,8.18,8.3,29452900.0,8.35,232800,8.36,98100,2.2,8.41,8.21,29452900,245050000.0,2.14,2.44,114.9,114.9,9.0,7.36,0.49
迈瑞医疗,sz300760,165.9,164.66,165.76,9833100.0,165.89,900,165.9,7700,0.75,170.25,164.75,9833100,1639400000.0,0.81,3.34,2009.71,2011.44,197.59,131.73,1.43
三利谱,sz002876,26.73,25.5,26.02,4782800.0,26.72,6500,26.73,900,4.82,26.89,25.97,4782800,126660000.0,3.21,3.61,39.81,46.48,28.05,22.95,1.4
梦洁股份,sz002397,3.83,3.82,3.88,14376600.0,3.83,77500,3.84,200,0.26,3.91,3.79,14376600,55080000.0,2.22,3.14,24.81,28.64,4.2,3.44,1.12
健民集团,sh600976,34.3,33.61,33.7,4627300.0,34.29,11900,34.3,2200,2.05,34.5,33.53,4627300,157860000.0,3.02,2.89,52.58,52.62,36.97,30.25,1.29
国星光电,sz002449,7.79,7.59,7.74,11851800.0,7.78,72900,7.79,187300,2.64,7.84,7.69,11851800,92010000.0,1.92,1.98,48.18,48.18,8.35,6.83,0.74
拓日新能,sz002218,6.53,6.93,6.88,275900600.0,6.53,440300,6.54,630300,-5.77,6.88,6.42,275900600,1810900000.0,19.81,6.64,90.92,92.27,7.62,6.24,0.95
金诚信,sh603979,60.29,56.83,58.68,13328800.0,60.29,1900,60.3,1300,6.09,61.43,58.67,13328800,803190000.0,2.14,4.86,376.08,376.08,62.51,51.15,1.08
*ST亿通,sz300211,8.12,8.06,8.17,1726900.0,8.11,14000,8.12,500,0.74,8.25,8.06,1726900,14040000.0,0.58,2.36,24.12,24.68,9.67,6.45,0.57
中国外运,sh601598,6.21,6.16,6.18,29128000.0,6.21,280200,6.22,80300,0.81,6.28,6.11,29128000,180040000.0,0.56,2.76,320.28,445.49,6.78,5.54,1.32
国货航,sz001391,5.32,5.24,5.3,19150600.0,5.31,180400,5.32,351100,1.53,5.35,5.26,19150600,101590000.0,1.26,1.72,80.83,649.51,5.76,4.72,1.11
英诺特,sh688253,36.77,36.03,36.75,138134800.0,36.77,600,36.8,200,2.05,37.49,36.6,138134800,51070000.0,1.01,2.47,50.37,50.37,43.24,28.82,1.01
华纳药厂,sh688799,62.6,54.99,56.1,1140041200.0,62.53,200,62.6,62100,13.84,62.8,56.1,1140041200,683180000.0,8.68,12.18,82.21,82.21,65.99,43.99,1.41
汇中股份,sz300371,12.52,12.25,12.47,2973300.0,12.5,200,12.52,32300,2.2,12.68,12.29,2973300,37020000.0,2.21,3.18,16.83,25.19,14.7,9.8,0.91
金逸影视,sz002905,11.33,10.71,10.8,38148200.0,11.33,138000,11.34,25300,5.79,11.59,10.71,38148200,425660000.0,10.92,8.22,39.59,42.64,11.78,9.64,4.93
延江股份,sz300658,24.12,22.98,23.81,23708200.0,24.11,16100,24.12,100,4.96,25.0,23.38,23708200,572030000.0,10.51,7.05,54.39,80.26,27.58,18.38,0.92
百奥赛图,sh688796,99.0,93.02,93.95,327850300.0,98.99,8800,99.0,21300,6.43,99.93,92.55,327850300,315150000.0,9.14,7.93,35.53,442.43,111.62,74.42,1.27
林海股份,sh600099,11.31,11.32,11.5,8201600.0,11.3,12100,11.31,17100,-0.09,11.75,11.25,8201600,93710000.0,3.74,4.42,24.78,24.78,12.45,10.19,1.04
海澜之家,sh600398,6.52,6.53,6.56,42720400.0,6.51,124200,6.52,24300,-0.15,6.65,6.48,42720400,279280000.0,0.89,2.6,313.14,313.14,7.18,5.88,0.63
摩尔线程-U,sh688795,571.7,557.87,569.0,234896700.0,571.7,500,571.71,700,2.48,579.75,560.0,234896700,1345170000.0,7.99,3.54,167.98,2687.15,669.44,446.3,1.32
申通快递,sz002468,15.15,14.82,15.14,24366600.0,15.15,30200,15.16,22700,2.23,15.49,15.0,24366600,370610000.0,1.66,3.31,222.28,231.92,16.3,13.34,0.62
新柴股份,sz301032,12.27,12.06,12.31,5610600.0,12.26,17200,12.28,3000,1.74,12.51,12.1,5610600,69050000.0,3.51,3.4,19.62,29.59,14.47,9.65,1.17
星星科技,sz300256,3.47,3.43,3.48,15783200.0,3.46,415200,3.47,207400,1.17,3.5,3.44,15783200,54670000.0,0.7,1.75,77.85,78.71,4.12,2.74,0.78
天润工业,sz002283,9.65,9.05,9.25,61147300.0,9.64,28800,9.65,431200,6.63,9.79,9.25,61147300,584180000.0,6.1,5.97,96.77,109.96,9.96,8.15,2.29
诚迈科技,sz300598,37.5,36.55,37.2,3074400.0,37.49,14200,37.5,24200,2.6,37.56,37.08,3074400,114750000.0,1.42,1.31,81.35,81.37,43.86,29.24,1.05
漫步者,sz002351,11.31,11.24,11.38,5079100.0,11.31,189700,11.32,48300,0.62,11.43,11.24,5079100,57360000.0,0.97,1.69,58.93,100.56,12.36,10.12,0.75
九洲集团,sz300040,7.37,7.28,7.35,71648500.0,7.37,650400,7.38,199700,1.24,7.43,7.16,71648500,522940000.0,13.85,3.71,38.13,47.42,8.74,5.82,0.5
汇宇制药-W,sh688553,19.69,16.7,16.98,2263697200.0,19.69,9400,19.7,39200,17.9,20.04,16.76,2263697200,431510000.0,6.59,19.64,67.64,83.41,20.04,13.36,5.2
美新科技,sz301588,21.61,22.08,22.59,2941400.0,21.57,100,21.61,3000,-2.13,22.8,21.37,2941400,64090000.0,4.01,6.48,15.85,25.69,26.5,17.66,0.94
宝莱特,sz300246,14.72,14.93,15.0,16227700.0,14.72,1600,14.73,2900,-1.41,15.3,14.64,16227700,241020000.0,7.68,4.42,31.1,38.95,17.92,11.94,0.8
千味央厨,sz001215,39.77,37.87,38.4,5309000.0,39.77,5200,39.78,10900,5.02,40.31,38.2,5309000,209240000.0,5.49,5.57,38.49,38.64,41.66,34.08,1.95
英力股份,sz300956,14.83,14.5,14.85,3922200.0,14.8,10500,14.83,2800,2.28,14.97,14.65,3922200,57970000.0,1.86,2.21,31.21,31.95,17.4,11.6,1.34
恒顺醋业,sh600305,7.65,7.64,7.68,8864800.0,7.65,51200,7.66,26600,0.13,7.69,7.58,8864800,67570000.0,0.8,1.44,84.38,84.65,8.4,6.88,1.27
洽洽食品,sz002557,21.55,21.17,21.37,3119500.0,21.55,15800,21.57,500,1.79,21.7,21.26,3119500,67130000.0,0.62,2.08,108.78,109.01,23.29,19.05,0.97
德展健康,sz000813,3.6,3.52,3.55,34984300.0,3.59,201700,3.6,659900,2.27,3.6,3.46,34984300,124500000.0,1.67,3.98,75.48,75.5,3.87,3.17,1.03
龙韵股份,sh603729,17.25,17.25,17.5,2578500.0,17.25,2600,17.27,1000,0.0,17.67,17.06,2578500,44590000.0,2.76,3.54,16.1,16.1,18.98,15.53,0.92
拓山重工,sz001226,41.67,41.09,41.87,597200.0,41.65,100,41.67,1000,1.41,42.96,41.21,597200,24880000.0,0.8,4.26,31.11,31.11,45.2,36.98,0.58
外高桥,sh600648,10.43,10.38,10.46,2731600.0,10.42,8000,10.43,4100,0.48,10.47,10.28,2731600,28330000.0,0.24,1.83,118.67,141.84,11.42,9.34,0.91
招商港口,sz001872,22.05,21.8,22.0,3033900.0,22.03,600,22.05,3100,1.15,22.21,21.83,3033900,66770000.0,0.13,1.74,507.57,547.24,23.98,19.62,1.05
国科微,sz300672,161.49,154.19,161.43,8594900.0,161.45,200,161.49,1000,4.73,164.66,157.73,8594900,1382490000.0,4.09,4.49,339.67,350.6,185.03,123.35,0.84
公牛集团,sh603195,41.93,41.85,41.9,2040500.0,41.93,7100,41.94,500,0.19,42.03,41.46,2040500,85330000.0,0.11,1.36,755.02,758.06,46.04,37.67,1.1
欣灵电气,sz301388,32.22,32.03,32.63,1724700.0,32.22,1700,32.29,700,0.59,32.73,31.91,1724700,55740000.0,6.3,2.56,8.81,33.01,38.44,25.62,0.68
五洋自控,sz300420,3.63,3.57,3.63,16384200.0,3.62,243100,3.63,124000,1.68,3.69,3.58,16384200,59310000.0,1.47,3.08,40.52,40.52,4.28,2.86,0.95
爱科科技,sh688092,28.95,28.35,28.95,92072600.0,28.91,2400,28.95,1100,2.12,29.09,28.53,92072600,26550000.0,1.11,1.98,23.93,23.93,34.02,22.68,1.03
埃夫特-U,sh688165,17.01,16.53,16.83,625915700.0,17.0,23800,17.01,2700,2.9,17.1,16.8,625915700,106160000.0,1.2,1.81,88.75,88.75,19.84,13.22,1.25
乐山电力,sh600644,11.49,11.6,11.82,27385100.0,11.49,5600,11.5,67200,-0.95,11.9,11.42,27385100,316430000.0,4.74,4.14,66.45,66.45,12.76,10.44,0.42
青山纸业,sh600103,3.51,3.43,3.5,57224300.0,3.5,847700,3.51,694800,2.33,3.55,3.42,57224300,199600000.0,2.59,3.79,77.65,78.65,3.77,3.09,1.18
英华特,sz301272,39.61,39.09,39.83,833000.0,39.61,100,39.68,1900,1.33,40.24,39.21,833000,33030000.0,2.66,2.63,12.41,23.17,46.91,31.27,1.13
亚星锚链,sh601890,10.27,10.2,10.33,24563100.0,10.26,114300,10.27,200,0.69,10.38,10.2,24563100,252200000.0,2.56,1.76,98.53,98.53,11.22,9.18,0.86
华钰矿业,sh601020,28.69,28.19,29.01,24358900.0,28.68,58200,28.69,107500,1.77,29.08,28.19,24358900,695750000.0,2.97,3.16,235.25,235.25,31.01,25.37,0.82
新黄浦,sh600638,5.99,5.96,6.01,5739000.0,5.99,3100,6.0,47700,0.5,6.09,5.93,5739000,34370000.0,0.85,2.68,40.34,40.34,6.56,5.36,0.79
宁波华翔,sz002048,26.15,25.69,25.94,12842100.0,26.14,3600,26.15,14100,1.79,26.39,25.71,12842100,334670000.0,1.81,2.65,185.61,212.82,28.26,23.12,0.9
晋控煤业,sh601001,16.42,16.43,16.08,24158000.0,16.41,13700,16.42,9400,-0.06,16.76,15.85,24158000,398510000.0,1.44,5.54,274.82,274.82,18.07,14.79,0.92
北自科技,sh603082,35.05,34.14,34.56,1167800.0,35.0,1000,35.09,1100,2.67,35.48,34.56,1167800,40950000.0,2.88,2.69,14.22,56.86,37.55,30.73,1.55
梓橦宫,bj920566,10.29,9.82,9.98,4028900.0,10.29,200,10.3,9300,4.79,10.42,9.87,4028900,41164900.0,3.59,5.6,11.56,14.97,12.76,6.88,2.82
蠡湖股份,sz300694,11.8,11.59,11.79,3763700.0,11.79,1000,11.8,48700,1.81,11.86,11.62,3763700,44250000.0,1.73,2.07,25.61,25.61,13.91,9.27,0.78
泰凌微,sh688591,36.16,35.36,36.3,245616100.0,36.15,11500,36.16,8400,2.26,36.46,35.61,245616100,88490000.0,1.46,2.4,60.91,87.05,42.43,28.29,0.75
毕得医药,sh688073,60.98,55.4,56.0,307140100.0,60.98,7800,60.99,200,10.07,62.91,55.21,307140100,183670000.0,7.1,13.9,26.36,55.42,66.48,44.32,2.84
碧水源,sz300070,3.94,3.89,3.96,29520800.0,3.93,420900,3.94,603400,1.29,4.0,3.9,29520800,116120000.0,0.88,2.57,132.85,142.79,4.67,3.11,0.73
中信特钢,sz000708,16.55,16.34,16.44,14416600.0,16.55,3900,16.58,12100,1.29,16.82,16.38,14416600,239490000.0,0.29,2.69,835.3,835.3,17.97,14.71,1.27
珍宝岛,sh603567,7.25,7.08,7.16,11008300.0,7.24,23700,7.25,20800,2.4,7.25,7.05,11008300,79140000.0,1.17,2.82,68.12,68.22,7.79,6.37,1.08
衢州发展,sh600208,3.19,3.15,3.19,49358700.0,3.18,1050300,3.19,816700,1.27,3.21,3.15,49358700,156750000.0,0.58,1.9,271.4,271.44,3.47,2.84,0.74
科威尔,sh688551,42.86,41.62,43.05,390212700.0,42.86,3100,42.88,400,2.98,44.44,41.92,390212700,167470000.0,4.64,6.05,36.03,36.03,49.94,33.3,0.82
哈尔斯,sz002615,8.16,7.69,7.8,15836600.0,8.15,20700,8.16,5500,6.11,8.22,7.72,15836600,127710000.0,5.17,6.5,24.97,38.05,8.46,6.92,1.89
ST雪发,sz002485,5.02,4.85,4.92,4649300.0,5.01,6800,5.02,78400,3.51,5.03,4.88,4649300,23110000.0,0.85,3.09,27.31,27.31,5.09,4.61,0.7
农 产 品,sz000061,7.43,7.38,7.48,15240400.0,7.42,498100,7.43,23000,0.68,7.52,7.38,15240400,113320000.0,0.85,1.9,133.32,147.48,8.12,6.64,0.56
瀚蓝环境,sh600323,29.5,29.34,29.69,5106500.0,29.5,6000,29.52,400,0.55,29.79,29.18,5106500,150350000.0,0.63,2.08,240.53,240.53,32.27,26.41,0.83
安利股份,sz300218,15.62,15.42,15.6,1997200.0,15.61,200,15.62,3800,1.3,15.7,15.47,1997200,31080000.0,0.92,1.49,33.78,33.89,18.5,12.34,0.62
平治信息,sz300571,33.44,32.1,33.01,13560000.0,33.44,140600,33.45,24100,4.17,33.9,32.44,13560000,451100000.0,11.73,4.55,38.67,46.66,38.52,25.68,1.17
中设咨询,bj920873,6.85,6.65,6.73,2730600.0,6.85,13100,6.86,5000,3.01,6.89,6.66,2730600,18548200.0,2.28,3.46,8.21,10.51,8.64,4.66,1.83
康美药业,sh600518,1.78,1.77,1.78,174878500.0,1.77,7673400,1.78,4927600,0.56,1.79,1.75,174878500,309320000.0,1.27,2.26,246.04,246.15,1.95,1.59,1.05
宝利国际,sz300135,3.89,3.87,3.91,19242900.0,3.89,240900,3.9,367300,0.52,3.94,3.88,19242900,75060000.0,2.09,1.55,35.85,35.85,4.64,3.1,0.62
上声电子,sh688533,26.02,25.23,25.5,131555300.0,26.02,1500,26.04,1300,3.13,26.11,25.5,131555300,34090000.0,0.8,2.42,42.93,42.93,30.28,20.18,1.38
展鹏科技,sh603488,10.15,9.96,10.06,15775100.0,10.13,2400,10.15,5400,1.91,10.46,9.55,15775100,158070000.0,5.4,9.14,29.64,29.64,10.96,8.96,2.43
天下秀,sh600556,6.09,6.06,6.15,36448800.0,6.08,370600,6.09,173800,0.5,6.18,6.03,36448800,221570000.0,2.02,2.48,110.09,110.09,6.67,5.45,0.97
每日互动,sz300766,37.05,36.21,36.6,30639500.0,37.05,99700,37.06,22700,2.32,37.59,36.2,30639500,1129790000.0,8.55,3.84,132.73,146.25,43.45,28.97,1.42
珠江啤酒,sz002461,9.42,9.37,9.43,8766300.0,9.42,33600,9.43,447600,0.53,9.49,9.34,8766300,82590000.0,0.4,1.6,208.5,208.5,10.31,8.43,0.87
浪潮软件,sh600756,18.03,18.31,18.5,25232200.0,18.03,110400,18.04,57100,-1.53,18.79,17.88,25232200,460020000.0,7.79,4.97,58.44,63.04,20.14,16.48,0.69
华光环能,sh600475,17.6,17.42,17.76,7888100.0,17.6,44500,17.61,12500,1.03,17.89,17.5,7888100,139290000.0,0.84,2.24,165.95,168.25,19.16,15.68,0.48
新光药业,sz300519,15.85,15.39,15.64,2329600.0,15.85,500,15.86,14000,2.99,15.87,15.45,2329600,36670000.0,2.04,2.73,18.08,25.36,18.47,12.31,1.0
华东重机,sz002685,7.38,7.28,7.47,57800100.0,7.38,199300,7.39,143800,1.37,7.63,7.24,57800100,429330000.0,5.74,5.36,74.36,74.37,8.01,6.55,1.02
幸福蓝海,sz300528,16.28,16.11,16.36,10101200.0,16.27,19800,16.28,67700,1.06,16.44,15.99,10101200,163300000.0,2.71,2.79,60.66,60.66,19.33,12.89,1.31
中船科技,sh600072,12.78,12.76,12.98,20215400.0,12.78,900,12.79,33300,0.16,13.09,12.66,20215400,259940000.0,1.87,3.37,138.45,191.78,14.04,11.48,0.74
东方中科,sz002819,24.4,23.99,24.46,1833600.0,24.39,15900,24.4,16600,1.71,24.6,24.15,1833600,44550000.0,0.78,1.88,57.36,73.1,26.39,21.59,0.99
羚锐制药,sh600285,22.49,22.35,22.6,6565300.0,22.49,31900,22.52,200,0.63,22.78,22.41,6565300,148210000.0,1.16,1.66,127.26,127.54,24.59,20.12,1.02
创力集团,sh603012,7.88,7.61,7.69,18599800.0,7.87,47000,7.88,80300,3.55,7.92,7.66,18599800,144820000.0,2.88,3.42,50.94,50.94,8.37,6.85,1.24
稳健医疗,sz300888,33.65,33.02,33.49,2908600.0,33.65,4500,33.66,24500,1.91,33.68,33.0,2908600,97300000.0,0.5,2.06,195.74,195.95,39.62,26.42,1.19
三变科技,sz002112,21.12,20.81,21.48,21615000.0,21.12,89600,21.13,82100,1.49,21.49,20.93,21615000,457970000.0,8.25,2.69,55.35,62.12,22.89,18.73,0.64
汉缆股份,sz002498,8.38,8.82,8.96,226607700.0,8.38,756400,8.39,212000,-4.99,8.97,8.2,226607700,1906270000.0,6.81,8.73,278.79,278.79,9.7,7.94,1.0
巴兰仕,bj920112,33.11,32.95,33.28,125000.0,33.11,1000,33.12,200,0.49,33.36,32.98,125000,4144300.0,0.54,1.15,7.68,28.09,42.83,23.07,1.0
罗普斯金,sz002333,5.6,5.59,5.66,10668100.0,5.6,1066600,5.61,24600,0.18,5.69,5.5,10668100,59400000.0,1.6,3.4,37.32,37.8,6.15,5.03,0.6
爱乐达,sz300696,27.26,27.15,27.8,2885900.0,27.26,300,27.28,1000,0.41,27.8,27.0,2885900,78610000.0,1.09,2.95,72.48,79.91,32.58,21.72,0.84
金鹰重工,sz301048,12.38,13.09,13.0,59691300.0,12.38,60300,12.39,2200,-5.42,13.57,12.11,59691300,754600000.0,11.19,11.15,66.03,66.03,15.71,10.47,3.95
宏昌科技,sz301008,44.56,42.29,49.34,32744600.0,44.56,4300,44.58,200,5.37,49.5,43.29,32744600,1517460000.0,28.27,14.68,51.62,58.36,50.75,33.83,4.06
亚厦股份,sz002375,3.93,3.92,3.97,11226600.0,3.93,43600,3.94,121400,0.26,4.02,3.91,11226600,44350000.0,0.85,2.81,52.14,52.66,4.31,3.53,0.99
安凯微,sh688620,10.5,10.36,10.6,386685500.0,10.5,46100,10.51,7900,1.35,10.63,10.38,386685500,40560000.0,1.66,2.41,24.39,41.16,12.43,8.29,0.92
祥生医疗,sh688358,29.92,29.09,29.58,121292700.0,29.92,2600,29.96,6300,2.85,29.95,29.28,121292700,36030000.0,1.08,2.3,33.5,33.55,34.91,23.27,1.52
太平鸟,sh603877,14.15,13.83,13.97,1792800.0,14.15,6800,14.16,4500,2.31,14.18,13.87,1792800,25210000.0,0.38,2.24,66.41,66.66,15.21,12.45,1.1
中储股份,sh600787,5.57,5.51,5.61,28929200.0,5.56,158000,5.57,127400,1.09,5.63,5.51,28929200,160900000.0,1.33,2.18,120.87,120.87,6.06,4.96,1.02
凤凰股份,sh600716,4.55,4.52,4.56,6769300.0,4.55,10700,4.56,300,0.66,4.63,4.52,6769300,30860000.0,0.72,2.43,42.59,42.59,4.97,4.07,0.64
弘景光电,sz301479,90.57,88.33,90.0,1988500.0,90.57,1700,90.6,400,2.54,92.78,89.9,1988500,181730000.0,3.9,3.26,46.13,80.58,106.0,70.66,0.77
中天火箭,sz003009,57.37,57.74,58.53,3298200.0,57.36,14400,57.37,4500,-0.64,58.62,56.5,3298200,188590000.0,2.0,3.67,94.48,94.5,63.51,51.97,0.85
奥美医疗,sz002950,12.21,12.04,12.09,17584800.0,12.2,24100,12.21,40400,1.41,12.43,12.02,17584800,214540000.0,3.89,3.41,55.19,77.32,13.24,10.84,1.04
乔锋智能,sz301603,72.57,72.12,73.0,2576300.0,72.55,1000,72.57,200,0.62,74.56,72.28,2576300,188440000.0,6.83,3.16,27.38,87.64,86.54,57.7,0.97
瑞凌股份,sz300154,8.08,8.03,8.22,3988700.0,8.08,10200,8.09,9700,0.62,8.24,8.03,3988700,32380000.0,1.27,2.62,25.46,36.32,9.64,6.42,1.03
上海汽配,sh603107,14.44,14.39,14.58,1620900.0,14.44,4800,14.45,14400,0.35,14.59,14.38,1620900,23420000.0,0.74,1.46,31.5,48.71,15.83,12.95,0.94
红太阳,sz000525,5.95,5.83,5.91,17390200.0,5.95,171100,5.96,104900,2.06,5.98,5.87,17390200,103090000.0,1.56,1.89,66.15,77.54,6.41,5.25,0.59
林州重机,sz002535,3.66,3.69,3.75,20553900.0,3.66,164200,3.67,153800,-0.81,3.79,3.59,20553900,75390000.0,2.75,5.42,27.32,29.34,4.06,3.32,1.16
鼎际得,sh603255,27.98,27.51,27.9,662300.0,27.94,600,27.98,900,1.71,28.28,27.55,662300,18450000.0,1.09,2.65,16.98,37.66,30.26,24.76,0.64
亿华通-U,sh688339,26.5,26.08,26.59,362817900.0,26.49,4300,26.5,3200,1.61,26.93,26.23,362817900,96440000.0,1.85,2.68,51.88,63.74,31.3,20.86,0.92
神州泰岳,sz300002,9.55,9.32,9.46,32102600.0,9.55,290400,9.56,207200,2.47,9.59,9.39,32102600,305450000.0,1.76,2.15,174.05,187.87,11.18,7.46,1.16
*ST声迅,sz003004,29.98,29.81,29.96,434700.0,29.98,1000,30.0,200,0.57,30.68,29.88,434700,13110000.0,0.63,2.68,20.61,24.54,31.3,28.32,0.67
利通电子,sh603629,65.87,64.24,65.32,43546500.0,65.87,18100,65.88,6600,2.54,70.0,63.0,43546500,2891710000.0,16.98,10.9,168.9,172.79,70.66,57.82,1.66
湖南投资,sz000548,5.51,5.51,5.56,6833000.0,5.5,22000,5.51,11200,0.0,5.58,5.44,6833000,37570000.0,1.37,2.54,27.5,27.51,6.06,4.96,0.68
艾德生物,sz300685,23.19,22.45,22.76,15183000.0,23.18,5300,23.19,9300,3.3,23.34,22.42,15183000,349340000.0,3.9,4.1,90.35,90.8,26.94,17.96,1.6
祥源新材,sz300980,37.56,36.76,37.5,3642600.0,37.55,11500,37.56,12600,2.18,37.99,37.0,3642600,136330000.0,3.7,2.69,36.94,51.86,44.11,29.41,0.52
精华制药,sz002349,7.5,7.32,7.4,14330100.0,7.49,51900,7.5,381700,2.46,7.51,7.32,14330100,106750000.0,1.76,2.6,61.06,62.23,8.05,6.59,1.05
道恩股份,sz002838,25.24,25.05,25.51,3080400.0,25.23,600,25.24,400,0.76,25.68,24.86,3080400,77330000.0,0.73,3.27,106.17,120.75,27.56,22.55,0.92
正裕工业,sh603089,12.34,12.24,12.37,2146200.0,12.33,5200,12.34,9100,0.82,12.49,12.24,2146200,26490000.0,0.89,2.04,29.62,34.02,13.46,11.02,1.0
古越龙山,sh600059,9.1,8.88,8.93,11801200.0,9.1,81400,9.11,14900,2.48,9.18,8.92,11801200,107150000.0,1.29,2.93,82.95,82.95,9.77,7.99,1.97
国机通用,sh600444,17.34,17.08,17.28,2327400.0,17.33,8000,17.34,900,1.52,17.6,17.12,2327400,40210000.0,1.59,2.81,25.39,25.39,18.79,15.37,1.02
三博脑科,sz301293,67.77,65.22,66.49,9426800.0,67.77,2200,67.78,3400,3.91,68.26,65.82,9426800,632620000.0,5.86,3.74,109.07,139.6,78.26,52.18,1.21
西昌电力,sh600505,13.24,13.54,13.78,19904500.0,13.23,200500,13.24,22000,-2.22,13.83,13.15,19904500,266010000.0,5.46,5.02,48.27,48.27,14.89,12.19,0.74
明微电子,sh688699,44.05,42.23,43.99,230702900.0,44.03,8200,44.05,100,4.31,44.25,42.89,230702900,101050000.0,2.1,3.22,48.48,48.48,50.68,33.78,1.11
金帝股份,sh603270,24.95,24.55,24.9,2935600.0,24.95,4900,24.96,2600,1.63,24.97,24.6,2935600,72650000.0,4.15,1.51,17.64,54.67,27.01,22.1,1.07
贵绳股份,sh600992,12.29,12.3,12.52,4723700.0,12.28,1600,12.29,19400,-0.08,12.6,12.23,4723700,58360000.0,1.93,3.01,30.12,30.12,13.53,11.07,1.25
赛伦生物,sh688163,28.07,27.67,27.52,389027600.0,28.06,4100,28.07,2400,1.45,28.58,27.37,389027600,108330000.0,3.59,4.37,30.38,30.38,33.2,22.14,1.35
中密控股,sz300470,35.99,35.24,35.78,3025100.0,35.99,1100,36.0,500,2.13,36.48,35.72,3025100,109040000.0,1.53,2.16,71.01,74.85,42.29,28.19,1.07
捷昌驱动,sh603583,33.41,31.65,32.15,6557000.0,33.41,30700,33.42,16800,5.56,33.6,32.15,6557000,215570000.0,1.72,4.58,127.71,128.89,34.82,28.49,2.73
神州细胞,sh688520,43.14,40.32,41.08,633923300.0,43.14,16900,43.15,10300,6.99,43.43,40.5,633923300,268660000.0,1.42,7.27,192.12,192.12,48.38,32.26,1.79
海尔生物,sh688139,32.29,31.21,31.73,369425300.0,32.29,16400,32.3,20000,3.46,32.58,31.37,369425300,118560000.0,1.17,3.88,102.2,102.2,37.45,24.97,1.34
ST嘉澳,sh603822,90.44,86.13,88.0,1367600.0,90.44,130700,0.0,0,5.0,90.44,85.58,1367600,120660000.0,1.78,5.64,69.48,69.48,90.44,81.82,0.95
普莱柯,sh603566,12.6,12.36,12.62,3392200.0,12.59,1500,12.6,65300,1.94,12.62,12.39,3392200,42520000.0,0.98,1.86,43.6,43.6,13.6,11.12,0.81
蓝箭电子,sz301348,23.95,23.26,24.08,8841300.0,23.95,34300,23.96,15400,2.97,24.33,23.77,8841300,212190000.0,5.7,2.41,37.16,57.48,27.91,18.61,0.73
意华股份,sz002897,61.2,58.23,59.87,12254700.0,61.2,4700,61.21,1500,5.1,61.95,59.39,12254700,743650000.0,6.72,4.4,111.64,118.65,64.05,52.41,1.19
致尚科技,sz301486,156.88,151.97,153.76,10271100.0,156.87,1400,156.88,5400,3.23,157.67,149.54,10271100,1586450000.0,14.18,5.35,113.67,201.87,182.36,121.58,1.34
秀强股份,sz300160,5.72,5.6,5.7,20386100.0,5.72,36700,5.73,222400,2.14,5.79,5.6,20386100,115720000.0,2.67,3.39,43.61,44.21,6.72,4.48,0.6
中英科技,sz300936,63.19,57.68,59.44,7301000.0,63.19,4700,63.2,52200,9.55,63.99,59.41,7301000,454040000.0,15.38,7.94,29.99,47.52,69.22,46.14,1.38
首航新能,sz301658,47.23,47.5,48.15,11264500.0,47.22,39600,47.23,800,-0.57,48.84,46.07,11264500,536820000.0,27.32,5.83,19.48,194.76,57.0,38.0,0.73
芒果超媒,sz300413,20.99,20.6,21.0,10212100.0,20.98,16600,20.99,12900,1.89,21.09,20.73,10212100,213300000.0,1.0,1.75,214.45,392.66,24.72,16.48,0.75
湖北广电,sz000665,4.96,4.92,5.01,10723500.0,4.96,326900,4.97,157900,0.81,5.04,4.94,10723500,53380000.0,0.94,2.03,56.4,56.4,5.41,4.43,0.65
昆工科技,bj920152,15.73,15.61,15.8,1767700.0,15.73,8600,15.74,7000,0.77,16.08,15.58,1767700,27906200.0,2.15,3.2,12.92,17.51,20.29,10.93,1.35
国科天成,sz301571,66.25,63.19,64.02,5173800.0,66.24,7600,66.25,500,4.84,66.83,63.77,5173800,340210000.0,4.34,4.84,78.95,118.87,75.83,50.55,0.91
中机认检,sz301508,29.18,28.95,29.43,1362300.0,29.18,1900,29.23,200,0.79,29.5,29.15,1362300,39930000.0,2.32,1.21,17.17,65.97,34.74,23.16,0.84
奥飞数据,sz300738,22.7,21.83,22.45,81942500.0,22.7,134200,22.71,17100,3.99,23.05,22.1,81942500,1853540000.0,8.32,4.35,223.57,223.64,26.2,17.46,1.11
仁智股份,sz002629,6.62,6.63,6.66,24776300.0,6.62,135800,6.63,971700,-0.15,6.8,6.54,24776300,165040000.0,5.85,3.92,28.02,28.21,7.29,5.97,0.95
恩华药业,sz002262,23.1,22.4,22.6,10198400.0,23.1,52600,23.11,45600,3.13,23.11,22.47,10198400,232930000.0,1.15,2.86,204.18,234.65,24.64,20.16,1.68
华阳智能,sz301502,43.33,42.73,43.63,752900.0,43.22,1200,43.34,600,1.4,43.94,42.88,752900,32610000.0,3.19,2.48,10.22,24.73,51.28,34.18,0.99
苏豪弘业,sh600128,10.86,10.83,11.0,4372700.0,10.86,15700,10.87,2800,0.28,11.08,10.77,4372700,47570000.0,1.77,2.86,26.8,27.33,11.91,9.75,1.0
海能达,sz002583,10.05,9.98,10.15,13136800.0,10.05,113300,10.06,151700,0.7,10.18,9.98,13136800,131980000.0,1.02,2.0,128.91,182.77,10.98,8.98,0.56
分众传媒,sz002027,6.6,6.55,6.64,84801000.0,6.59,560600,6.6,1658400,0.76,6.65,6.53,84801000,559470000.0,0.59,1.83,953.19,953.19,7.21,5.9,0.81
赛分科技,sh688758,19.98,19.65,19.66,768078000.0,19.97,20800,19.98,22100,1.68,20.33,19.4,768078000,152270000.0,2.58,4.73,59.58,83.21,23.58,15.72,2.11
用友网络,sh600588,11.85,11.64,11.87,25854800.0,11.85,105700,11.86,91300,1.8,11.9,11.73,25854800,305730000.0,0.76,1.46,404.91,404.91,12.8,10.48,0.87
儒竞科技,sz301525,71.65,69.68,71.08,892800.0,71.65,2000,71.66,2800,2.83,71.77,70.53,892800,63600000.0,1.81,1.78,35.4,67.57,83.62,55.74,0.98
诺唯赞,sh688105,20.47,19.55,19.74,200820500.0,20.45,200,20.47,0,4.71,20.51,19.55,200820500,40560000.0,0.5,4.91,81.42,81.42,23.46,15.64,1.9
万孚生物,sz300482,18.73,18.34,18.57,4286000.0,18.73,10400,18.74,700,2.13,18.78,18.38,4286000,79800000.0,1.0,2.18,80.61,87.67,22.01,14.67,1.17
成飞集成,sz002190,31.23,31.12,31.48,3116900.0,31.22,7200,31.23,2300,0.35,31.55,30.86,3116900,97010000.0,0.87,2.22,112.03,112.03,34.23,28.01,0.49
世茂能源,sh605028,26.6,26.04,26.44,2508900.0,26.59,1400,26.6,8800,2.15,26.73,26.05,2508900,66150000.0,1.57,2.61,42.56,42.56,28.64,23.44,0.64
蔚蓝生物,sh603739,15.1,14.69,14.8,4679600.0,15.09,70200,15.1,11400,2.79,15.15,14.72,4679600,70230000.0,1.85,2.93,38.21,38.21,16.16,13.22,1.03
昊海生科,sh688366,39.91,38.73,39.3,57798000.0,39.9,4000,39.91,200,3.05,40.05,38.77,57798000,22870000.0,0.3,3.3,77.45,91.79,46.48,30.98,1.14
汉桑科技,sz301491,49.84,48.83,49.44,528800.0,49.83,4600,49.84,5800,2.07,49.84,49.3,528800,26240000.0,1.85,1.11,14.25,64.29,58.6,39.06,0.93
苏 泊 尔,sz002032,44.56,43.85,44.27,1352700.0,44.56,300,44.57,1600,1.62,44.59,44.07,1352700,60060000.0,0.17,1.19,357.01,357.23,48.24,39.47,1.28
京仪装备,sh688652,101.83,99.93,102.97,189838300.0,101.83,8200,101.86,500,1.9,103.65,100.78,189838300,193490000.0,1.57,2.87,122.96,171.07,119.92,79.94,0.71
天壕能源,sz300332,6.1,6.08,6.02,60025800.0,6.09,181300,6.1,243500,0.33,6.26,5.98,60025800,366690000.0,7.23,4.61,50.63,52.77,7.3,4.86,0.54
巨力索具,sz002342,14.26,14.4,15.08,310603700.0,14.26,753300,14.27,185700,-0.97,15.38,14.12,310603700,4527520000.0,32.53,8.75,136.14,136.9,15.84,12.96,2.21
华强科技,sh688151,20.49,20.82,20.74,319489200.0,20.49,4300,20.5,700,-1.59,21.0,20.42,319489200,65740000.0,0.93,2.79,70.59,70.59,24.98,16.66,0.66
哈药股份,sh600664,3.59,3.52,3.53,50851500.0,3.58,598000,3.59,542200,1.99,3.59,3.49,50851500,180950000.0,2.02,2.84,90.41,90.41,3.87,3.17,1.69
杭州园林,sz300649,14.36,14.27,14.56,2453900.0,14.35,200,14.36,3400,0.63,14.72,14.23,2453900,35360000.0,2.31,3.43,15.24,19.02,17.12,11.42,0.89
新城控股,sh601155,14.13,14.01,14.25,10961400.0,14.13,29500,14.14,4500,0.86,14.28,14.02,10961400,155120000.0,0.49,1.86,318.72,318.72,15.41,12.61,0.68
国网信通,sh600131,18.58,18.38,18.78,12568500.0,18.57,21900,18.58,26700,1.09,18.92,18.45,12568500,234340000.0,1.05,2.56,222.2,222.65,20.22,16.54,0.48
天有为,sh603202,94.19,93.78,93.98,675100.0,94.19,2600,94.2,4500,0.44,94.76,93.98,675100,63650000.0,2.03,0.83,31.33,150.7,103.16,84.4,0.74
正丹股份,sz300641,20.18,20.04,20.37,20622900.0,20.18,135100,20.19,67800,0.7,20.82,20.11,20622900,421320000.0,3.92,3.54,106.05,106.05,24.05,16.03,0.72
富春股份,sz300299,6.12,5.99,6.1,11589900.0,6.11,149300,6.12,113800,2.17,6.14,6.02,11589900,70570000.0,1.68,2.0,42.18,42.25,7.19,4.79,1.0
创耀科技,sh688259,35.56,34.5,35.18,136076400.0,35.56,3100,35.59,10100,3.07,35.88,35.1,136076400,48240000.0,1.22,2.26,39.72,39.72,41.4,27.6,1.01
佳士科技,sz300193,8.62,8.45,8.59,6158200.0,8.62,19900,8.63,57200,2.01,8.62,8.52,6158200,52830000.0,1.47,1.18,36.17,41.05,10.14,6.76,0.98
开立医疗,sz300633,26.22,25.56,25.77,4307200.0,26.22,5100,26.23,9200,2.58,26.35,25.48,4307200,112270000.0,1.61,3.4,70.27,113.46,30.67,20.45,1.53
泰鸿万立,sh603210,17.69,17.49,17.62,1046500.0,17.68,8000,17.69,11500,1.14,17.73,17.58,1046500,18490000.0,1.39,0.86,13.34,60.22,19.24,15.74,0.48
神农集团,sh605296,27.25,27.33,27.53,1923800.0,27.25,12200,27.26,2500,-0.29,27.54,26.95,1923800,52320000.0,0.37,2.16,141.15,143.0,30.06,24.6,0.54
杰克科技,sh603337,38.86,38.19,38.83,1010100.0,38.86,2700,38.88,26900,1.75,39.05,38.48,1010100,39200000.0,0.21,1.49,184.09,185.13,42.01,34.37,0.54
长城科技,sh603897,32.55,31.31,31.9,14781700.0,32.55,21600,32.56,2700,3.96,33.32,31.08,14781700,476750000.0,7.16,7.15,67.19,67.19,34.44,28.18,1.42
南极电商,sz002127,2.78,2.8,2.83,18171800.0,2.78,979800,2.79,653200,-0.71,2.85,2.78,18171800,50830000.0,0.91,2.5,55.45,68.25,3.08,2.52,0.83
中铁装配,sz300374,14.59,14.61,15.4,8542200.0,14.58,14000,14.59,9200,-0.14,15.6,14.46,8542200,126590000.0,3.47,7.8,35.87,35.88,17.53,11.69,1.88
大有能源,sh600403,5.79,5.84,5.84,18952000.0,5.79,115300,5.8,93300,-0.86,5.88,5.72,18952000,109710000.0,0.79,2.74,138.43,138.43,6.42,5.26,0.68
中国医药,sh600056,10.46,10.27,10.36,15625000.0,10.45,44700,10.46,83600,1.85,10.47,10.2,15625000,162270000.0,1.04,2.63,156.41,156.47,11.3,9.24,1.46
世纪瑞尔,sz300150,5.38,5.32,5.42,12475900.0,5.37,37900,5.38,117700,1.13,5.47,5.31,12475900,67000000.0,2.71,3.01,24.76,31.48,6.38,4.26,1.0
聚灿光电,sz300708,9.38,9.29,9.5,36216600.0,9.38,25900,9.39,188900,0.97,9.56,9.31,36216600,340860000.0,5.1,2.69,66.6,88.07,11.15,7.43,0.82
承德露露,sz000848,7.95,7.98,8.05,9592900.0,7.94,64700,7.95,39500,-0.38,8.06,7.89,9592900,76140000.0,0.95,2.13,80.39,81.09,8.78,7.18,1.84
紫光国微,sz002049,67.4,66.04,67.3,10350900.0,67.39,13400,67.4,38800,2.06,67.67,66.93,10350900,696410000.0,1.22,1.12,572.54,572.65,72.64,59.44,0.95
铜牛信息,sz300895,69.8,66.37,68.38,21919600.0,69.79,21800,69.8,29400,5.17,70.36,65.4,21919600,1508340000.0,15.86,7.47,96.44,98.28,79.64,53.1,1.08
畅联股份,sh603648,10.01,9.87,9.93,1994100.0,10.01,200300,10.02,17000,1.42,10.01,9.87,1994100,19860000.0,0.55,1.42,36.28,36.28,10.86,8.88,0.79
湖南海利,sh600731,7.29,6.99,7.07,17241800.0,7.28,12600,7.29,9400,4.29,7.33,7.07,17241800,124330000.0,3.18,3.72,39.49,40.73,7.69,6.29,1.22
安靠智电,sz300617,56.66,55.75,56.56,4663900.0,56.65,13700,56.66,1100,1.63,58.08,56.01,4663900,265950000.0,3.36,3.71,78.71,93.89,66.9,44.6,0.62
长源东谷,sh603950,37.09,37.09,0.0,0.0,0.0,0,0.0,0,0.0,0.0,0.0,0,0.0,0.0,0.0,120.03,120.22,40.8,33.38,0.0
瑞迈特,sz301367,69.74,67.39,67.89,1189100.0,69.73,1000,69.74,1000,3.49,70.5,67.89,1189100,82420000.0,1.7,3.87,48.78,62.49,80.87,53.91,1.24
洪都航空,sh600316,39.15,39.58,40.3,10119000.0,39.13,600,39.15,21200,-1.09,40.3,38.92,10119000,398020000.0,1.41,3.49,280.75,280.75,43.54,35.62,0.71
英派斯,sz002899,28.95,28.39,28.5,2763500.0,28.95,36100,29.03,800,1.97,29.4,28.5,2763500,80060000.0,1.87,3.17,42.79,42.79,31.23,25.55,1.13
顶点软件,sh603383,29.05,28.65,29.12,2364500.0,29.05,22400,29.06,11200,1.4,29.18,28.81,2364500,68650000.0,1.15,1.29,59.66,59.66,31.52,25.79,1.01
山东出版,sh601019,9.01,8.9,9.01,9657100.0,9.0,500,9.01,34800,1.24,9.03,8.83,9657100,86450000.0,0.46,2.25,188.03,188.03,9.79,8.01,1.16
中集车辆,sz301039,8.91,8.79,8.9,14672600.0,8.91,19900,8.92,200,1.37,9.03,8.77,14672600,130520000.0,1.01,2.96,129.41,166.98,10.55,7.03,0.86
金龙机电,sz300032,6.01,5.75,5.9,80104400.0,6.0,251200,6.01,94800,4.52,6.25,5.9,80104400,485700000.0,9.97,6.09,48.27,48.27,6.9,4.6,1.01
一汽解放,sz000800,6.7,6.64,6.67,17592300.0,6.69,5100,6.7,320800,0.9,6.71,6.6,17592300,117130000.0,0.36,1.66,329.7,329.73,7.3,5.98,0.96
理工能科,sz002322,14.05,13.8,14.07,8979500.0,14.04,4100,14.05,24100,1.81,14.29,13.82,8979500,125950000.0,2.56,3.41,49.37,51.36,15.18,12.42,0.79
金埔园林,sz301098,8.64,8.43,8.75,5278600.0,8.61,13500,8.64,11300,2.49,8.75,8.47,5278600,45400000.0,3.53,3.32,12.93,15.89,10.12,6.74,0.81
透景生命,sz300642,17.28,16.54,16.75,4457300.0,17.27,7800,17.28,6300,4.47,17.33,16.6,4457300,76370000.0,3.24,4.41,23.8,28.09,19.85,13.23,1.35
华纬科技,sz001380,21.08,20.7,21.02,1276600.0,21.07,2000,21.08,8700,1.84,21.11,20.8,1276600,26780000.0,1.45,1.5,18.55,57.1,22.77,18.63,0.97
新乳业,sz002946,18.2,17.98,18.1,6420100.0,18.19,5500,18.2,26400,1.22,18.46,18.0,6420100,117250000.0,0.75,2.56,154.83,156.64,19.78,16.18,1.22
三未信安,sh688489,38.17,37.37,38.32,85765500.0,38.15,3200,38.17,1300,2.14,38.5,37.69,85765500,32690000.0,0.75,2.17,43.64,43.98,44.84,29.9,1.72
老百姓,sh603883,13.65,13.53,13.62,6746000.0,13.64,131400,13.65,120400,0.89,13.7,13.48,6746000,91880000.0,0.89,1.63,103.59,103.59,14.88,12.18,0.94
绿色动力,sh601330,8.35,8.4,8.48,40985000.0,8.35,5700,8.36,79000,-0.6,8.6,8.3,40985000,344140000.0,4.14,3.57,82.59,119.45,9.24,7.56,0.41
天禾股份,sz002999,7.07,7.08,7.18,7681100.0,7.06,43500,7.07,10700,-0.14,7.24,6.98,7681100,54380000.0,2.23,3.67,24.3,24.57,7.79,6.37,0.71
ST易购,sz002024,1.39,1.43,1.43,48531500.0,1.39,2164500,1.4,1893300,-2.8,1.45,1.38,48531500,68400000.0,0.52,4.9,128.62,128.78,1.5,1.36,0.88
铭科精技,sz001319,24.95,24.47,24.85,1957700.0,24.92,1700,24.95,6500,1.96,25.18,24.71,1957700,48680000.0,2.39,1.92,20.46,35.28,26.92,22.02,1.04
新天地,sz301277,12.28,11.78,11.85,5201300.0,12.27,17300,12.28,10400,4.24,12.34,11.8,5201300,63320000.0,1.33,4.58,48.15,48.15,14.14,9.42,1.19
廊坊发展,sh600149,6.59,7.04,6.81,64941200.0,6.58,24600,6.59,41000,-6.39,7.08,6.46,64941200,431850000.0,17.08,8.81,25.05,25.05,7.74,6.34,0.95
华立科技,sz301011,24.19,23.76,24.1,2289700.0,24.19,19400,24.2,27400,1.81,24.4,23.61,2289700,55120000.0,1.56,3.32,35.45,37.34,28.51,19.01,0.88
锦龙股份,sz000712,10.33,10.19,10.35,7608100.0,10.32,75300,10.33,58300,1.37,10.36,10.22,7608100,78410000.0,0.85,1.37,92.53,92.56,11.21,9.17,0.78
上海三毛,sh600689,13.17,13.11,13.35,1919300.0,13.17,24100,13.18,2600,0.46,13.4,13.08,1919300,25320000.0,1.26,2.44,20.05,26.47,14.42,11.8,0.78
开尔新材,sz300234,6.15,6.19,6.25,12071900.0,6.14,100200,6.15,26200,-0.65,6.37,6.1,12071900,74810000.0,3.51,4.36,21.16,30.95,7.43,4.95,0.85
华海诚科,sh688535,107.98,103.71,106.98,243856800.0,107.98,12000,108.0,3800,4.12,110.2,105.09,243856800,262420000.0,4.65,4.93,56.64,103.68,124.45,82.97,0.89
标榜股份,sz301181,39.88,39.19,40.3,1383100.0,39.87,2000,39.88,10800,1.76,40.3,39.1,1383100,54940000.0,1.53,3.06,35.96,46.08,47.03,31.35,0.63
建新股份,sz300107,7.14,7.0,7.14,6974300.0,7.14,27400,7.15,129400,2.0,7.19,7.04,6974300,49510000.0,2.01,2.14,24.8,40.18,8.4,5.6,0.74
江铃汽车,sz000550,18.65,18.23,18.4,8377600.0,18.64,2000,18.65,3700,2.3,18.67,18.4,8377600,155690000.0,1.62,1.48,96.69,160.99,20.05,16.41,1.51
绿发电力,sz000537,10.16,10.11,10.25,48854300.0,10.15,150700,10.16,35000,0.49,10.3,10.0,48854300,496840000.0,2.38,2.97,208.86,208.86,11.12,9.1,0.38
长飞光纤,sh601869,308.0,309.49,320.0,18290100.0,307.99,20100,308.0,10300,-0.48,320.0,291.0,18290100,5554800000.0,4.5,9.37,1251.52,2549.95,340.44,278.54,0.91
贵州轮胎,sz000589,4.71,4.68,4.73,23598600.0,4.71,144600,4.72,20300,0.64,4.77,4.68,23598600,111180000.0,1.53,1.92,72.76,73.22,5.15,4.21,0.93
超研股份,sz301602,20.23,19.84,20.25,1524800.0,20.22,2400,20.23,900,1.97,20.25,19.92,1524800,30700000.0,0.73,1.66,42.18,86.65,23.81,15.87,1.11
富维股份,sh600742,10.26,10.19,10.29,11367800.0,10.25,29800,10.26,22900,0.69,10.35,10.18,11367800,116700000.0,1.53,1.67,76.24,76.24,11.21,9.17,1.08
新天药业,sz002873,10.31,10.12,10.28,7480000.0,10.31,14100,10.32,28700,1.88,10.36,10.05,7480000,76580000.0,3.13,3.06,24.63,25.17,11.13,9.11,1.26
雅本化学,sz300261,6.43,6.32,6.43,11389300.0,6.43,83400,6.44,224200,1.74,6.45,6.3,11389300,72780000.0,1.22,2.37,60.2,61.94,7.58,5.06,0.76
恒誉环保,sh688309,58.65,58.77,60.05,369884900.0,58.65,56300,58.74,500,-0.2,61.99,58.0,369884900,220770000.0,4.66,6.79,46.57,46.57,70.52,47.02,1.05
利欧股份,sz002131,7.73,7.81,7.84,424365100.0,7.73,3161000,7.74,1805500,-1.02,7.93,7.66,424365100,3290750000.0,7.25,3.46,452.18,523.46,8.59,7.03,0.86
卧龙电驱,sh600580,37.67,37.12,37.76,28952400.0,37.67,155300,37.68,36700,1.48,38.05,37.3,28952400,1089820000.0,1.86,2.02,586.76,588.45,40.83,33.41,0.69
联合动力,sz301656,21.4,21.19,21.52,9456200.0,21.4,36200,21.41,18100,0.99,21.58,21.24,9456200,202210000.0,4.64,1.6,43.58,514.63,25.43,16.95,0.64
拓邦股份,sz002139,12.3,12.05,12.26,13756800.0,12.3,147100,12.31,4000,2.07,12.36,12.18,13756800,168840000.0,1.28,1.49,131.73,153.36,13.26,10.85,1.18
华森制药,sz002907,14.39,14.23,14.31,5714200.0,14.38,8400,14.39,16200,1.12,14.41,13.99,5714200,81520000.0,1.91,2.95,43.16,60.09,15.65,12.81,1.21
安泰科技,sz000969,20.93,20.62,21.08,18805200.0,20.93,156800,20.94,33900,1.5,21.16,20.64,18805200,391830000.0,1.82,2.52,216.36,219.87,22.68,18.56,0.91
富春染织,sh605189,14.76,14.23,14.44,6095500.0,14.73,6100,14.76,400,3.72,14.88,14.44,6095500,89800000.0,3.14,3.09,28.65,28.65,15.65,12.81,1.4
千禾味业,sh603027,9.48,9.34,9.49,10515500.0,9.48,83600,9.49,234200,1.5,9.52,9.36,10515500,99440000.0,0.84,1.71,118.46,126.38,10.27,8.41,0.74
秋乐种业,bj920087,15.41,15.8,15.84,5033500.0,15.41,25200,15.42,21400,-2.47,15.88,15.36,5033500,77815800.0,3.07,3.29,25.28,25.46,20.54,11.06,0.69
申通地铁,sh600834,8.43,8.65,8.58,8081300.0,8.43,162100,8.44,2100,-2.54,8.67,8.37,8081300,68370000.0,1.69,3.47,40.24,40.24,9.52,7.79,1.78
达瑞电子,sz300976,55.45,54.35,55.08,1239800.0,55.41,5800,55.45,2100,2.02,55.78,54.91,1239800,68680000.0,1.44,1.6,47.79,74.36,65.22,43.48,1.05
广汇能源,sh600256,6.48,6.67,6.56,214668200.0,6.47,1055100,6.48,199600,-2.85,6.69,6.46,214668200,1410320000.0,3.36,3.45,414.2,414.2,7.34,6.0,0.82
元道通信,sz301139,17.81,17.44,17.78,2520000.0,17.8,25300,17.81,9400,2.12,18.39,17.6,2520000,44860000.0,3.31,4.53,13.57,21.65,20.93,13.95,0.87
碧兴物联,sh688671,21.99,21.41,21.9,85222300.0,21.98,400,21.99,1000,2.71,22.18,21.56,85222300,18630000.0,1.82,2.9,10.3,17.27,25.69,17.13,0.74
电科院,sz300215,8.05,7.89,8.04,14349000.0,8.04,90700,8.05,87100,2.03,8.12,7.97,14349000,115330000.0,2.87,1.9,40.24,60.3,9.47,6.31,0.62
益客食品,sz301116,9.95,9.88,10.05,2866400.0,9.94,10300,9.95,24400,0.71,10.1,9.87,2866400,28540000.0,0.64,2.33,44.67,44.67,11.86,7.9,0.88
鸿特科技,sz300176,7.14,7.06,7.19,8456900.0,7.13,83300,7.14,44300,1.13,7.26,7.08,8456900,60450000.0,2.18,2.55,27.65,27.65,8.47,5.65,0.68
国盛证券,sz002670,14.37,14.25,14.46,9296200.0,14.37,262600,14.38,69700,0.84,14.51,14.32,9296200,133710000.0,0.57,1.33,233.28,278.07,15.68,12.83,0.76
时代出版,sh600551,8.04,7.95,8.0,3151700.0,8.03,36100,8.04,142200,1.13,8.08,7.97,3151700,25310000.0,0.46,1.38,54.52,54.52,8.75,7.16,0.85
宝光股份,sh600379,11.82,11.92,12.17,6698500.0,11.81,1900,11.82,4900,-0.84,12.17,11.74,6698500,80050000.0,2.03,3.61,39.03,39.03,13.11,10.73,1.14
智翔金泰-U,sh688443,27.47,25.66,26.14,492164200.0,27.45,400,27.47,25900,7.05,27.5,25.91,492164200,132870000.0,4.22,6.2,32.05,100.73,30.79,20.53,1.75
空港股份,sh600463,9.83,9.94,10.04,3632100.0,9.82,600,9.83,10500,-1.11,10.05,9.72,3632100,35770000.0,1.21,3.32,29.49,29.49,10.93,8.95,1.31
真视通,sz002771,16.78,17.13,17.45,23767600.0,16.78,25000,16.79,11600,-2.04,17.5,16.52,23767600,400410000.0,13.62,5.72,29.28,35.2,18.84,15.42,0.84
常青股份,sh603768,11.09,11.0,11.17,1843600.0,11.09,100,11.1,1300,0.82,11.25,11.03,1843600,20470000.0,0.77,2.0,26.39,26.39,12.1,9.9,0.8
众辰科技,sh603275,44.68,44.0,44.45,653400.0,44.65,1500,44.68,800,1.55,44.8,44.16,653400,29050000.0,1.57,1.45,18.56,66.47,48.4,39.6,0.6
仕净科技,sz301030,10.86,10.81,11.06,9931900.0,10.85,56300,10.86,11100,0.46,11.17,10.67,9931900,107460000.0,4.91,4.63,21.95,21.98,12.97,8.65,0.9
普门科技,sh688389,12.55,12.2,12.31,330217100.0,12.52,1500,12.55,12000,2.87,12.55,12.26,330217100,41070000.0,0.77,2.38,53.77,53.77,14.64,9.76,1.32
帝奥微,sh688381,21.26,20.82,21.22,171535300.0,21.25,8500,21.26,800,2.11,21.48,21.06,171535300,36420000.0,0.69,2.02,52.62,52.62,24.98,16.66,0.76
澳华内镜,sh688212,38.4,37.3,37.6,200258400.0,38.39,400,38.4,58700,2.95,39.15,37.19,200258400,76730000.0,1.49,5.25,51.71,51.71,44.76,29.84,1.51
软通动力,sz301236,38.25,36.9,38.01,15971000.0,38.25,15100,38.26,28300,3.66,38.48,37.84,15971000,610170000.0,2.03,1.73,300.53,395.96,44.28,29.52,1.28
博雅生物,sz300294,19.12,18.56,18.78,6622600.0,19.12,800,19.13,10000,3.02,19.17,18.59,6622600,125300000.0,1.31,3.13,96.41,96.41,22.27,14.85,1.47
绿城水务,sh601368,4.87,4.93,4.97,21343500.0,4.87,62300,4.88,134700,-1.22,5.02,4.84,21343500,104440000.0,2.42,3.65,43.0,43.0,5.42,4.44,1.08
正川股份,sh603976,20.43,20.02,20.4,1525200.0,20.4,6800,20.43,42800,2.05,20.47,19.81,1525200,30830000.0,1.01,3.3,30.89,30.89,22.02,18.02,0.98
广州港,sh601228,3.38,3.38,3.4,24668500.0,3.37,180200,3.38,406200,0.0,3.43,3.36,24668500,83490000.0,0.33,2.07,255.01,255.01,3.72,3.04,0.72
泰林生物,sz300813,30.48,28.97,29.6,8845400.0,30.48,198500,30.49,17500,5.21,30.52,29.14,8845400,264410000.0,11.63,4.76,23.18,36.94,34.76,23.18,0.97
引力传媒,sh603598,20.06,19.81,20.1,12000400.0,20.06,48000,20.07,15700,1.26,20.21,19.63,12000400,239190000.0,4.46,2.93,54.01,54.07,21.79,17.83,1.26
ST东尼,sh603595,15.4,15.36,15.56,2408800.0,15.39,5800,15.4,88800,0.26,15.6,15.3,2408800,37180000.0,1.04,1.95,35.8,35.8,16.13,14.59,1.2
中坚科技,sz002779,89.74,88.3,90.1,2247300.0,89.74,3000,89.8,800,1.63,91.1,88.3,2247300,200810000.0,1.36,3.17,148.8,165.84,97.13,79.47,1.08
金固股份,sz002488,11.49,11.08,11.28,17380900.0,11.48,3700,11.49,5900,3.7,11.56,11.16,17380900,196590000.0,1.89,3.61,105.72,114.38,12.19,9.97,1.25
春光科技,sh603657,28.93,27.94,27.86,7663400.0,28.93,10700,28.96,500,3.54,30.0,27.55,7663400,222020000.0,5.67,8.77,39.11,39.11,30.73,25.15,4.05
国邦医药,sh605507,25.87,25.99,26.29,4180800.0,25.87,4800,25.9,1000,-0.46,26.33,25.71,4180800,108510000.0,0.75,2.39,144.57,144.57,28.59,23.39,0.8
睿智医药,sz300149,12.42,10.35,10.43,70643200.0,12.42,8146500,0.0,0,20.0,12.42,10.32,70643200,835000000.0,14.89,20.29,58.94,61.85,12.42,8.28,4.82
方盛制药,sh603998,11.21,10.81,10.86,10071000.0,11.2,4100,11.21,1500,3.7,11.24,10.86,10071000,111680000.0,2.29,3.52,49.22,49.22,11.89,9.73,1.2
东睦股份,sh600114,28.56,27.76,28.32,11839300.0,28.55,3700,28.56,3600,2.88,28.71,28.09,11839300,336540000.0,1.92,2.23,176.04,180.32,30.54,24.98,1.1
凯盛新能,sh600876,10.08,9.91,10.12,12315600.0,10.08,1500,10.09,12400,1.72,10.51,9.93,12315600,125630000.0,3.11,5.85,39.88,65.08,10.9,8.92,1.0
兴福电子,sh688545,46.6,45.66,47.55,341007500.0,46.58,300,46.6,8900,2.06,47.83,46.28,341007500,159840000.0,1.87,3.39,84.93,167.76,54.79,36.53,0.91
丰茂股份,sz301459,38.46,37.76,38.38,560500.0,38.46,18300,38.47,11300,1.85,38.48,37.97,560500,21460000.0,2.15,1.35,10.04,40.05,45.31,30.21,0.64
中山公用,sz000685,11.12,11.11,11.27,16865600.0,11.12,94100,11.13,75700,0.09,11.36,11.02,16865600,187910000.0,1.34,3.06,139.44,164.03,12.22,10.0,1.23
ST宏达,sz002211,3.64,3.61,3.66,3144500.0,3.63,63100,3.64,26100,0.83,3.69,3.62,3144500,11470000.0,0.73,1.94,15.74,15.74,3.79,3.43,0.47
骏成科技,sz301106,28.98,28.27,28.82,1288600.0,28.95,5800,28.98,6000,2.51,29.18,28.5,1288600,37250000.0,1.26,2.41,29.59,29.59,33.92,22.62,1.1
海能实业,sz300787,11.77,11.47,11.68,4559900.0,11.77,18500,11.78,4500,2.62,11.85,11.64,4559900,53550000.0,2.32,1.83,23.13,36.89,13.76,9.18,1.09
奥泰生物,sh688606,63.8,62.78,63.53,49008100.0,63.8,400,63.88,200,1.62,64.38,62.88,49008100,31260000.0,0.62,2.39,50.58,50.58,75.34,50.22,1.68
中策橡胶,sh603049,49.55,48.06,48.5,3567500.0,49.55,2800,49.56,2400,3.1,49.78,48.39,3567500,175500000.0,4.08,2.89,43.33,433.31,52.87,43.25,1.69
安培龙,sz301413,118.01,115.36,117.78,2706200.0,118.0,4800,118.01,6300,2.3,118.78,116.11,2706200,318490000.0,4.61,2.31,69.33,116.12,138.43,92.29,0.92
ST远智,sz002689,3.7,3.68,3.74,8655100.0,3.69,193700,3.7,106500,0.54,3.76,3.68,8655100,32090000.0,0.83,2.17,38.59,38.6,3.86,3.5,0.83
丰倍生物,sh603334,50.2,49.88,50.5,1548700.0,50.2,300,50.23,2500,0.64,51.1,49.77,1548700,78240000.0,4.99,2.67,15.59,72.04,54.87,44.89,0.72
丰原药业,sz000153,6.71,6.56,6.61,11404000.0,6.71,21500,6.72,235500,2.29,6.73,6.56,11404000,76120000.0,2.49,2.59,30.79,31.18,7.22,5.9,1.4
深圳华强,sz000062,26.08,24.71,25.18,50316100.0,26.08,31800,26.09,58700,5.54,27.18,25.18,50316100,1336260000.0,4.82,8.09,272.51,272.77,27.18,22.24,1.29
永新光学,sh603297,102.63,99.0,101.66,1248700.0,102.63,5900,102.69,100,3.67,103.0,100.45,1248700,127440000.0,1.13,2.58,113.64,113.85,108.9,89.1,1.11
弘信电子,sz300657,29.4,28.84,29.66,23390500.0,29.4,65000,29.41,5100,1.94,30.15,29.25,23390500,694340000.0,4.99,3.12,137.74,141.74,34.61,23.07,0.92
维海德,sz301318,26.66,25.99,26.48,1086900.0,26.61,5500,26.66,1900,2.58,26.69,26.36,1086900,28850000.0,1.22,1.27,23.67,36.07,31.19,20.79,1.12
三花智控,sz002050,43.59,42.53,43.34,77985800.0,43.58,49500,43.59,292000,2.49,44.0,43.05,77985800,3393460000.0,2.12,2.23,1605.94,1834.27,46.78,38.28,1.05
*ST佳沃,sz300268,13.42,13.28,13.47,1203900.0,13.38,2700,13.42,2500,1.05,13.51,13.05,1203900,16010000.0,0.9,3.46,17.94,23.38,15.94,10.62,0.73
德固特,sz300950,21.35,21.03,21.43,1666000.0,21.34,35800,21.35,2400,1.52,21.48,21.1,1666000,35430000.0,1.83,1.81,19.42,32.68,25.24,16.82,1.06
国新能源,sh600617,3.7,3.83,3.85,112635400.0,3.7,340800,3.71,152300,-3.39,3.91,3.67,112635400,420330000.0,6.34,6.27,65.7,71.38,4.21,3.45,0.57
蓝盾光电,sz300862,21.67,21.25,21.97,2503900.0,21.66,200,21.67,1700,1.98,21.97,21.42,2503900,54130000.0,1.65,2.59,32.82,40.01,25.5,17.0,0.94
梦百合,sh603313,8.24,8.17,8.29,5262200.0,8.24,26700,8.25,37000,0.86,8.31,8.08,5262200,43200000.0,0.92,2.82,47.02,47.02,8.99,7.35,0.69
城市传媒,sh600229,6.02,6.01,6.08,2902000.0,6.01,4700,6.02,38200,0.17,6.1,5.98,2902000,17470000.0,0.44,2.0,39.77,39.77,6.61,5.41,0.91
富满微,sz300671,40.21,37.08,38.51,13922700.0,40.2,1000,40.21,24000,8.44,40.4,38.45,13922700,548290000.0,6.31,5.26,88.76,89.02,44.5,29.66,1.58
掌趣科技,sz300315,4.9,4.79,4.88,63201000.0,4.9,434500,4.91,1620800,2.3,4.93,4.81,63201000,308270000.0,2.45,2.51,126.57,132.67,5.75,3.83,1.12
浙江力诺,sz300838,15.2,15.04,15.48,2311200.0,15.2,300,15.21,3800,1.06,15.48,14.96,2311200,35130000.0,2.27,3.46,15.47,20.97,18.05,12.03,0.83
中视传媒,sh600088,14.34,14.34,14.5,2398500.0,14.34,11200,14.35,45000,0.0,14.58,14.27,2398500,34440000.0,0.6,2.16,57.03,57.03,15.77,12.91,0.79
回盛生物,sz300871,24.81,23.83,24.23,7944200.0,24.8,49800,24.81,81500,4.11,24.94,23.79,7944200,194790000.0,3.94,4.83,50.06,50.06,28.6,19.06,1.33
中国科传,sh601858,23.06,22.87,23.4,11233800.0,23.06,200,23.07,7200,0.83,23.71,22.96,11233800,261160000.0,1.42,3.28,182.29,182.29,25.16,20.58,0.52
洪兴股份,sz001209,20.63,20.58,20.84,2546200.0,20.63,4300,20.64,21100,0.24,20.96,20.44,2546200,52610000.0,2.65,2.53,19.82,27.13,22.64,18.52,0.74
海兰信,sz300065,23.44,23.64,24.0,50087500.0,23.44,158300,23.45,54800,-0.85,24.18,23.23,50087500,1176460000.0,7.62,4.02,153.98,169.13,28.37,18.91,0.99
西高院,sh688334,21.4,21.08,21.35,225919800.0,21.4,32500,21.43,500,1.52,21.49,21.19,225919800,48280000.0,1.44,1.42,33.58,67.75,25.3,16.86,0.91
万马股份,sz002276,14.21,14.04,14.25,14133900.0,14.2,76800,14.21,12900,1.21,14.3,14.13,14133900,200750000.0,1.4,1.21,143.13,143.67,15.44,12.64,0.84
开开实业,sh600272,12.77,12.75,12.83,2935200.0,12.76,5500,12.77,7400,0.16,12.92,12.63,2935200,37470000.0,1.83,2.27,20.43,33.54,14.03,11.48,1.24
王力安防,sh605268,12.24,12.24,12.26,6416800.0,12.23,12300,12.24,13200,0.0,12.43,12.15,6416800,78490000.0,1.46,2.29,53.92,54.63,13.46,11.02,0.83
尖峰集团,sh600668,10.55,10.35,10.45,3757100.0,10.55,18300,10.56,81000,1.93,10.56,10.32,3757100,39330000.0,0.91,2.32,43.56,43.56,11.39,9.32,1.18
光线传媒,sz300251,15.41,15.38,15.56,67739000.0,15.41,308200,15.42,124100,0.2,15.65,15.22,67739000,1041710000.0,2.44,2.8,427.68,452.07,18.46,12.3,1.22
亚虹医药-U,sh688176,14.52,13.08,13.38,3007934600.0,14.51,3000,14.52,57500,11.01,14.63,13.3,3007934600,422010000.0,6.9,10.17,63.26,82.93,15.7,10.46,1.9
壹连科技,sz301631,86.3,84.0,85.68,940600.0,86.3,1800,86.33,1200,2.74,87.0,85.03,940600,80860000.0,3.06,2.35,26.5,78.89,100.8,67.2,1.37
*ST华微,sh600360,9.04,8.84,8.93,12808700.0,9.03,39300,9.04,114700,2.26,9.16,8.9,12808700,115710000.0,1.33,2.94,86.81,86.81,9.28,8.4,1.58
珠城科技,sz301280,53.0,52.92,53.38,1589100.0,53.0,5600,53.02,100,0.15,54.2,52.52,1589100,84600000.0,3.96,3.17,21.27,72.49,63.5,42.34,0.78
明阳科技,bj920663,14.58,14.38,14.74,688300.0,14.58,7700,14.61,5200,1.39,14.8,14.42,688300,9999600.0,1.07,2.64,9.34,19.47,18.69,10.07,0.73
爱玛科技,sh603529,31.68,32.35,32.25,21402400.0,31.67,16200,31.68,78600,-2.07,32.56,31.38,21402400,680020000.0,2.53,3.65,268.51,274.95,35.59,29.12,0.74
新华百货,sh600785,17.27,16.95,17.17,4006900.0,17.26,200,17.27,5700,1.89,17.4,17.0,4006900,69070000.0,1.78,2.36,38.97,38.97,18.65,15.26,0.89
金百泽,sz301041,26.14,25.4,26.33,4734200.0,26.12,1800,26.14,800,2.91,26.9,25.78,4734200,124370000.0,6.0,4.41,20.63,27.89,30.48,20.32,1.3
登海种业,sz002041,10.41,10.44,10.62,13950800.0,10.41,34700,10.42,31500,-0.29,10.64,10.38,13950800,145900000.0,1.59,2.49,91.61,91.61,11.48,9.4,0.63
京华激光,sh603607,21.99,21.61,21.9,2476300.0,21.99,2900,22.0,7800,1.76,22.02,21.66,2476300,54190000.0,1.39,1.67,39.26,39.26,23.77,19.45,0.8
东南电子,sz301359,20.35,19.92,20.39,2057300.0,20.33,100,20.35,9600,2.16,20.77,20.05,2057300,41940000.0,3.01,3.61,13.92,24.46,23.9,15.94,1.23
锦波生物,bj920982,170.2,150.05,152.19,2099400.0,170.19,1400,170.2,1000,13.43,170.99,151.6,2099400,341429100.00000006,3.82,12.92,93.45,195.84,195.06,105.04,4.0
誉衡药业,sz002437,3.55,3.48,3.52,135652500.0,3.55,736800,3.56,2964800,2.01,3.58,3.43,135652500,478390000.0,6.5,4.31,74.05,79.16,3.83,3.13,1.42
春秋电子,sh603890,14.4,13.66,13.91,22433400.0,14.4,72100,14.41,16400,5.42,14.82,13.91,22433400,323410000.0,5.02,6.66,64.34,64.34,15.03,12.29,3.09
康冠科技,sz001308,20.43,19.84,20.18,2513400.0,20.43,1700,20.45,9600,2.97,20.55,20.04,2513400,51140000.0,0.51,2.57,101.47,143.76,21.82,17.86,1.47
国能日新,sz301162,64.37,65.45,66.62,2065800.0,64.37,7200,64.39,8600,-1.65,67.02,64.2,2065800,134330000.0,2.42,4.31,54.86,85.34,78.54,52.36,1.11
保利发展,sh600048,5.89,5.82,5.88,69500500.0,5.88,1049300,5.89,1746400,1.2,5.91,5.83,69500500,408320000.0,0.58,1.37,705.06,705.06,6.4,5.24,0.87
南兴股份,sz002757,20.58,19.98,20.4,9228500.0,20.57,66400,20.58,32000,3.0,20.68,20.18,9228500,189040000.0,3.27,2.5,58.05,60.8,21.98,17.98,1.04
德尔玛,sz301332,9.24,9.13,9.28,2140200.0,9.24,22600,9.26,2700,1.2,9.28,9.14,2140200,19760000.0,0.81,1.53,24.48,42.65,10.96,7.3,0.84
盛通股份,sz002599,7.13,7.08,7.2,5703300.0,7.12,82100,7.13,26600,0.71,7.22,7.08,5703300,40630000.0,1.43,1.98,28.38,37.98,7.79,6.37,0.82
赛意信息,sz300687,18.9,18.49,18.94,5750300.0,18.89,22600,18.9,4700,2.22,19.0,18.71,5750300,108530000.0,1.75,1.57,62.2,77.19,22.19,14.79,1.22
雪浪环境,sz300385,18.7,20.62,21.05,61425200.0,18.7,40900,18.71,2800,-9.31,21.34,18.37,61425200,1174950000.0,21.13,14.4,54.35,62.3,24.74,16.5,0.78
能之光,bj920056,22.17,21.7,22.03,670200.0,22.17,2000,22.18,2600,2.17,22.29,21.8,670200,14769100.0,2.17,2.26,6.84,18.11,28.21,15.19,1.27
浙数文化,sh600633,12.46,12.1,12.29,22287100.0,12.45,95900,12.46,23600,2.98,12.47,12.22,22287100,275360000.0,1.76,2.07,158.0,158.0,13.31,10.89,1.1
英可瑞,sz300713,16.4,16.0,16.5,3493600.0,16.39,3600,16.4,30000,2.5,16.58,16.18,3493600,56940000.0,3.92,2.5,14.61,26.03,19.2,12.8,0.57
帝尔激光,sz300776,74.53,72.95,74.87,4912400.0,74.53,29000,74.54,1100,2.17,75.98,73.08,4912400,365590000.0,2.92,3.98,125.24,204.21,87.54,58.36,0.92
天孚通信,sz300394,333.33,301.6,316.67,42199900.0,333.33,7600,333.34,1000,10.52,334.88,312.89,42199900,13679980000.0,5.44,7.29,2586.15,2591.36,361.92,241.28,1.34
荣晟环保,sh603165,15.16,15.46,15.77,17888700.0,15.15,62400,15.16,3700,-1.94,15.95,15.03,17888700,274230000.0,5.58,5.95,48.58,48.58,17.01,13.91,0.73
中金公司,sh601995,32.68,32.39,32.8,11504700.0,32.68,16500,32.69,21600,0.9,32.87,32.44,11504700,375770000.0,0.39,1.33,955.41,1577.55,35.63,29.15,1.03
科陆电子,sz002121,7.85,7.79,7.94,24642100.0,7.85,101400,7.86,167200,0.77,7.97,7.78,24642100,193290000.0,1.76,2.44,109.89,130.37,8.57,7.01,0.64
盈趣科技,sz002925,19.5,18.98,19.4,6226900.0,19.49,500,19.5,4700,2.74,19.6,19.3,6226900,121170000.0,0.85,1.58,142.55,150.48,20.88,17.08,0.88
湘佳股份,sz002982,13.67,13.5,13.68,2539200.0,13.67,11300,13.69,3000,1.26,13.75,13.49,2539200,34580000.0,1.96,1.93,17.75,27.78,14.85,12.15,0.72
美锦能源,sz000723,4.76,4.71,4.75,82672900.0,4.75,469700,4.76,212200,1.06,4.82,4.68,82672900,391800000.0,1.88,2.97,209.22,209.61,5.18,4.24,0.76
三友联众,sz300932,13.22,13.09,13.35,9621900.0,13.22,6900,13.23,23300,0.99,13.44,13.14,9621900,127590000.0,4.22,2.29,30.14,42.32,15.71,10.47,0.79
奥普特,sh688686,92.32,90.0,91.81,106468100.0,92.32,400,92.36,800,2.58,92.95,90.83,106468100,98180000.0,0.87,2.36,112.85,112.85,108.0,72.0,1.5
深深房Ａ,sz000029,19.42,19.12,19.35,2590300.0,19.41,10200,19.42,1400,1.57,19.5,19.2,2590300,50140000.0,0.29,1.57,173.16,196.46,21.03,17.21,0.67
山大电力,sz301609,48.53,48.18,49.5,3450800.0,48.53,11300,48.54,1200,0.73,49.86,48.0,3450800,167500000.0,9.42,3.86,17.79,79.05,57.82,38.54,0.45
天海防务,sz300008,7.53,7.53,7.71,61373400.0,7.53,248700,7.54,256400,0.0,7.71,7.48,61373400,463580000.0,3.73,3.05,124.04,130.12,9.04,6.02,0.84
星昊医药,bj920017,17.8,16.75,16.87,4577000.0,17.8,34100,17.81,1000,6.27,17.98,16.75,4577000,80654100.0,3.71,7.34,21.98,22.22,21.77,11.73,2.49
三星医疗,sh601567,26.56,26.22,26.64,12934800.0,26.56,6700,26.57,2900,1.3,26.86,26.27,12934800,342770000.0,0.92,2.25,373.22,373.22,28.84,23.6,0.55
九典制药,sz300705,14.48,13.84,13.98,11495300.0,14.47,24000,14.48,19400,4.62,14.53,13.98,11495300,164710000.0,3.12,3.97,53.41,72.44,16.61,11.07,1.57
九菱科技,bj920505,37.81,37.33,37.99,639500.0,37.81,6400,37.95,8300,1.29,38.38,37.0,639500,24221200.0,1.77,3.7,13.65,24.53,48.52,26.14,0.91
润都股份,sz002923,17.24,15.67,16.01,8598600.0,17.24,6647500,0.0,0,10.02,17.24,16.01,8598600,145530000.0,3.33,7.85,44.49,57.74,17.24,14.1,0.9
江苏神通,sz002438,16.72,16.4,16.71,8046200.0,16.71,73300,16.72,178100,1.95,16.8,16.53,8046200,133900000.0,1.72,1.65,78.4,84.86,18.04,14.76,0.81
埃斯顿,sz002747,20.25,20.03,20.31,8225700.0,20.25,52600,20.26,18700,1.1,20.36,20.11,8225700,166320000.0,1.05,1.25,158.44,195.98,22.03,18.03,0.86
天娱数科,sz002354,5.71,5.68,5.79,38973900.0,5.7,865700,5.71,665800,0.53,5.81,5.67,38973900,222740000.0,2.4,2.46,92.84,94.48,6.25,5.11,0.91
捷强装备,sz300875,43.42,43.7,44.4,6391800.0,43.41,31500,43.42,1300,-0.64,44.5,42.9,6391800,278270000.0,7.28,3.66,38.12,43.35,52.44,34.96,0.51
赛升药业,sz300485,11.36,10.81,10.95,15435900.0,11.35,16000,11.36,141200,5.09,11.45,10.82,15435900,173730000.0,5.64,5.83,31.11,54.72,12.97,8.65,2.43
兴森科技,sz002436,20.62,20.05,20.6,41722200.0,20.62,76200,20.63,246300,2.84,20.68,20.28,41722200,855020000.0,2.76,2.0,311.46,350.47,22.06,18.05,0.97
宝馨科技,sz002514,4.7,4.74,4.79,20868900.0,4.7,55000,4.71,82800,-0.84,4.8,4.66,20868900,98130000.0,3.77,2.95,26.04,33.84,5.21,4.27,1.37
广弘控股,sz000529,5.79,5.75,5.81,6024000.0,5.79,68900,5.8,52900,0.7,5.84,5.71,6024000,34720000.0,1.06,2.26,33.0,33.8,6.33,5.18,1.1
振邦智能,sz003028,27.0,26.39,26.75,1505900.0,27.0,9000,27.01,400,2.31,27.1,26.39,1505900,40240000.0,2.13,2.69,19.05,39.07,29.03,23.75,1.13
华兰生物,sz002007,14.97,14.65,14.74,13192000.0,14.96,67400,14.97,58700,2.18,14.97,14.65,13192000,195790000.0,0.84,2.18,235.51,273.57,16.12,13.19,1.56
常润股份,sh603201,16.49,16.34,16.55,1276000.0,16.49,5800,16.5,400,0.92,16.55,16.35,1276000,20970000.0,0.68,1.22,31.06,31.33,17.97,14.71,0.58
广东鸿图,sz002101,11.21,10.94,11.16,6219600.0,11.21,22000,11.22,58000,2.47,11.22,10.99,6219600,69090000.0,0.94,2.1,74.23,74.48,12.03,9.85,1.32
江苏金租,sh600901,6.63,6.72,6.71,33588000.0,6.62,76400,6.63,14300,-1.34,6.74,6.59,33588000,223020000.0,0.58,2.23,383.91,384.0,7.39,6.05,0.96
东方生物,sh688298,23.37,22.8,22.93,173797100.0,23.36,200,23.37,18300,2.5,23.43,22.84,173797100,40340000.0,0.86,2.59,47.11,47.11,27.36,18.24,1.66
奥 特 迅,sz002227,9.28,9.18,9.36,3802900.0,9.28,24500,9.29,15600,1.09,9.42,9.14,3802900,35170000.0,1.55,3.05,22.82,23.0,10.1,8.26,0.93
大千生态,sh603955,24.76,24.58,25.0,836400.0,24.75,7200,24.76,26500,0.73,25.0,24.48,836400,20630000.0,0.62,2.12,33.6,33.6,27.04,22.12,0.67
慧博云通,sz301316,40.89,40.55,41.47,4502800.0,40.88,1300,40.89,1900,0.84,41.47,40.56,4502800,184320000.0,1.13,2.24,163.56,165.2,48.66,32.44,0.78
通达动力,sz002576,17.65,17.34,17.66,5654000.0,17.64,8600,17.65,47300,1.79,17.77,17.4,5654000,99380000.0,3.49,2.13,28.6,29.14,19.07,15.61,1.0
渝三峡Ａ,sz000565,7.4,7.37,7.51,6486700.0,7.39,50400,7.4,73900,0.41,7.52,7.32,6486700,47860000.0,1.5,2.71,32.09,32.09,8.11,6.63,0.66
远光软件,sz002063,6.71,6.46,6.62,76922000.0,6.71,282200,6.72,950400,3.87,6.74,6.55,76922000,510750000.0,4.36,2.94,118.35,128.17,7.11,5.81,0.89
凯伦股份,sz300715,13.9,13.68,13.92,4963300.0,13.9,11100,13.91,1400,1.61,14.28,13.76,4963300,69320000.0,1.59,3.8,43.5,52.55,16.42,10.94,0.54
密尔克卫,sh603713,59.11,57.28,57.99,1298200.0,59.09,1100,59.11,100,3.19,59.49,57.99,1298200,76440000.0,0.82,2.62,93.47,93.47,63.01,51.55,1.02
三木集团,sz000632,4.74,5.0,5.06,38570700.0,4.74,276200,4.75,205100,-5.2,5.08,4.71,38570700,185560000.0,8.29,7.4,22.06,22.07,5.5,4.5,1.14
寿仙谷,sh603896,18.91,18.59,18.77,1328900.0,18.9,25300,18.91,63700,1.72,18.92,18.66,1328900,25010000.0,0.67,1.4,37.49,37.49,20.45,16.73,1.1
阳普医疗,sz300030,7.89,7.67,7.8,6639300.0,7.89,14800,7.9,78700,2.87,7.9,7.69,6639300,52010000.0,2.44,2.74,21.48,24.39,9.2,6.14,0.78
舒华体育,sh605299,21.6,21.33,21.88,67244900.0,21.59,29500,21.6,54000,1.27,23.36,20.03,67244900,1421610000.0,16.43,15.61,88.39,88.39,23.46,19.2,1.27
酒鬼酒,sz000799,43.46,42.78,43.63,7208800.0,43.46,5600,43.47,3500,1.59,44.17,42.48,7208800,311400000.0,2.22,3.95,141.2,141.21,47.06,38.5,1.25
并行科技,bj920493,145.92,142.33,144.1,1821800.0,145.92,8300,145.93,400,2.52,149.23,144.1,1821800,266440300.0,4.16,3.6,63.91,87.13,185.02,99.64,1.11
康惠股份,sh603139,26.46,26.42,26.7,2477300.0,26.45,8200,26.5,100,0.15,27.26,26.08,2477300,65970000.0,2.48,4.47,26.43,26.43,29.06,23.78,0.8
亚通股份,sh600692,8.32,8.25,8.44,7297900.0,8.31,34200,8.32,60900,0.85,8.46,8.24,7297900,60680000.0,2.86,2.67,21.22,29.27,9.08,7.43,0.83
明德生物,sz002932,17.29,16.05,16.2,14145200.0,17.27,20300,17.29,1500,7.73,17.47,16.11,14145200,236880000.0,9.06,8.47,26.99,40.2,17.66,14.45,1.23
ST联合,sh600358,6.2,6.18,6.25,6427000.0,6.19,40300,6.2,3900,0.32,6.27,6.17,6427000,39950000.0,1.27,1.62,31.31,31.31,6.49,5.87,0.51
誉辰智能,sh688638,39.15,39.54,40.38,123137700.0,39.14,1000,39.15,400,-0.99,41.1,38.7,123137700,48560000.0,4.65,6.07,10.36,21.92,47.45,31.63,0.91
长信科技,sz300088,6.01,5.89,6.11,58288300.0,6.01,259400,6.02,318600,2.04,6.18,6.01,58288300,354170000.0,2.35,2.89,149.38,150.11,7.07,4.71,1.23
研奥股份,sz300923,27.89,27.71,27.98,1802500.0,27.86,4000,27.89,6200,0.65,28.2,27.51,1802500,50090000.0,2.36,2.49,21.33,21.92,33.25,22.17,1.19
华阳变速,bj920146,7.07,7.17,7.22,4748400.0,7.06,7900,7.07,12900,-1.39,7.27,7.01,4748400,33674600.0,4.43,3.63,7.57,9.54,9.32,5.02,0.62
ST人福,sh600079,19.07,18.83,19.01,12754000.0,19.07,60000,19.08,45000,1.27,19.18,18.82,12754000,242720000.0,0.83,1.91,294.28,311.27,19.77,17.89,1.18
金牛化工,sh600722,14.35,14.87,14.81,100011400.0,14.34,426700,14.35,142200,-3.5,14.95,13.97,100011400,1439190000.0,14.7,6.59,97.63,97.63,16.36,13.38,0.69
裕兴股份,sz300305,6.27,6.27,6.32,10084000.0,6.26,75900,6.27,53800,0.0,6.35,6.16,10084000,62900000.0,3.14,3.03,20.16,23.54,7.52,5.02,1.16
二六三,sz002467,7.46,7.37,7.55,183996600.0,7.46,752600,7.47,656300,1.22,7.74,7.38,183996600,1383670000.0,13.46,4.88,101.97,102.6,8.11,6.63,1.07
江南化工,sz002226,5.53,5.45,5.51,16779600.0,5.53,136100,5.54,116800,1.47,5.55,5.49,16779600,92760000.0,0.63,1.1,146.48,146.49,6.0,4.91,0.9
因赛集团,sz300781,35.55,35.11,35.99,3482500.0,35.54,7200,35.55,2600,1.25,36.06,35.17,3482500,123490000.0,2.87,2.53,43.07,58.36,42.13,28.09,1.09
金明精机,sz300281,6.76,6.69,6.82,5744000.0,6.75,2000,6.76,177400,1.05,6.88,6.69,5744000,38840000.0,1.45,2.84,26.86,28.32,8.03,5.35,1.24
华电辽能,sh600396,7.52,8.35,7.8,287529600.0,0.0,0,7.52,6768500,-9.94,8.19,7.52,287529600,2226920000.0,19.52,8.02,110.75,110.75,9.19,7.52,1.07
海伦哲,sz300201,10.54,10.63,10.9,44358200.0,10.54,322100,10.55,22500,-0.85,11.1,10.33,44358200,472110000.0,4.42,7.24,105.79,106.35,12.76,8.5,0.95
星辉娱乐,sz300043,5.64,5.42,5.56,38381800.0,5.63,248100,5.64,967500,4.06,5.64,5.49,38381800,213930000.0,3.09,2.77,70.14,70.17,6.5,4.34,1.3
恩威医药,sz301331,26.67,25.9,26.31,1278300.0,26.65,1900,26.67,1600,2.97,26.71,25.97,1278300,33820000.0,1.24,2.86,27.39,27.44,31.08,20.72,1.15
雷特科技,bj920110,33.9,33.65,34.01,115200.0,33.9,1800,33.98,300,0.74,34.35,33.76,115200,3911000.0,0.71,1.75,5.51,13.22,43.74,23.56,1.1
三全食品,sz002216,12.78,12.65,12.76,9396200.0,12.78,50800,12.79,900,1.03,12.87,12.64,9396200,119960000.0,1.49,1.82,80.58,112.36,13.92,11.39,0.83
夏厦精密,sz001306,68.39,67.71,68.72,384700.0,68.3,500,68.39,1300,1.0,68.99,68.0,384700,26290000.0,2.48,1.46,10.6,42.98,74.48,60.94,0.75
宁波精达,sh603088,12.18,11.87,12.28,21673900.0,12.17,18700,12.18,24600,2.61,12.59,12.05,21673900,267450000.0,4.95,4.55,53.33,61.19,13.06,10.68,1.04
中国国航,sh601111,7.04,6.73,6.94,147992000.0,7.03,324400,7.04,702300,4.61,7.07,6.88,147992000,1034770000.0,1.27,2.82,819.32,1228.37,7.4,6.06,1.54
江苏博云,sz301003,50.84,50.67,51.02,1753700.0,50.76,200,50.84,9700,0.34,51.68,49.75,1753700,88720000.0,2.33,3.81,38.2,49.38,60.8,40.54,0.88
气派科技,sh688216,27.59,26.9,28.2,204067800.0,27.51,700,27.59,800,2.57,28.7,27.19,204067800,56400000.0,1.92,5.61,29.32,31.67,32.28,21.52,1.0
云赛智联,sh600602,23.32,23.23,23.8,107321800.0,23.31,243600,23.32,18500,0.39,23.97,23.12,107321800,2521540000.0,9.99,3.66,250.53,318.94,25.55,20.91,1.19
茂化实华,sz000637,4.6,4.59,4.66,12304200.0,4.6,44600,4.61,57200,0.22,4.67,4.56,12304200,56680000.0,3.37,2.4,16.77,23.91,5.05,4.13,0.74
游族网络,sz002174,9.77,9.54,9.69,15226500.0,9.77,121300,9.78,39600,2.41,9.81,9.56,15226500,147920000.0,1.55,2.62,95.67,95.73,10.49,8.59,1.0
英思特,sz301622,62.7,59.74,60.87,1889500.0,62.5,1800,62.7,11700,4.95,63.05,60.24,1889500,116640000.0,3.01,4.7,39.39,72.69,71.69,47.79,1.56
唐人神,sz002567,4.05,4.03,4.06,15063700.0,4.04,392000,4.05,668700,0.5,4.07,4.02,15063700,60890000.0,1.05,1.24,57.97,58.04,4.43,3.63,0.8
我爱我家,sz000560,2.94,2.91,2.95,81641400.0,2.93,2897400,2.94,703300,1.03,2.97,2.9,81641400,238690000.0,3.62,2.41,66.32,69.25,3.2,2.62,0.87
冠中生态,sz300948,19.97,19.58,19.86,3650200.0,19.97,6400,19.98,11600,1.99,20.5,19.5,3650200,72560000.0,2.43,5.11,30.01,31.85,23.5,15.66,0.95
开润股份,sz300577,18.8,18.13,18.4,1635100.0,18.8,7000,18.81,8700,3.7,18.82,18.38,1635100,30470000.0,1.15,2.43,26.73,45.09,21.76,14.5,1.29
神开股份,sz002278,11.9,12.09,12.17,16650800.0,11.9,71600,11.91,153600,-1.57,12.25,11.86,16650800,198900000.0,4.98,3.23,39.77,46.41,13.3,10.88,0.79
北巴传媒,sh600386,4.08,4.09,4.17,10161500.0,4.07,8300,4.08,101800,-0.24,4.17,4.04,10161500,41430000.0,1.26,3.18,32.9,32.9,4.5,3.68,1.16
曼卡龙,sz300945,15.8,15.59,16.06,7219000.0,15.79,62700,15.8,3900,1.35,16.15,15.67,7219000,114350000.0,3.03,3.08,37.67,41.41,18.71,12.47,0.62
洲际油气,sh600759,5.61,5.69,5.64,411938100.0,5.6,3541300,5.61,24900,-1.41,5.75,5.55,411938100,2333350000.0,9.94,3.51,232.46,232.76,6.26,5.12,0.78
恒锋信息,sz300605,14.16,14.03,14.27,2454100.0,14.15,3000,14.16,21800,0.93,14.37,13.98,2454100,34730000.0,2.05,2.78,16.92,23.38,16.84,11.22,0.66
润丰股份,sz301035,76.9,76.24,77.38,1530000.0,76.9,9000,76.94,600,0.87,77.38,75.68,1530000,116980000.0,0.55,2.23,215.59,215.91,91.49,60.99,1.1
国创高新,sz002377,3.29,3.3,3.39,21267700.0,3.28,138000,3.29,65600,-0.3,3.41,3.27,21267700,70220000.0,2.44,4.24,28.7,30.15,3.63,2.97,0.85
南山智尚,sz300918,13.95,13.54,13.89,7095100.0,13.95,400,13.96,17200,3.03,14.02,13.75,7095100,98780000.0,1.4,1.99,70.61,70.61,16.25,10.83,1.4
扬州金泉,sh603307,38.78,37.9,38.61,471100.0,38.58,300,38.78,700,2.32,39.0,38.3,471100,18230000.0,0.7,1.85,25.98,26.4,41.69,34.11,0.94
华发股份,sh600325,3.6,3.59,3.64,30011900.0,3.59,982300,3.6,15200,0.28,3.65,3.59,30011900,108370000.0,1.09,1.67,99.08,99.08,3.95,3.23,1.06
达嘉维康,sz301126,11.51,11.26,11.55,3798100.0,11.5,200,11.51,6400,2.22,11.55,11.27,3798100,43380000.0,2.75,2.49,15.87,23.64,13.51,9.01,1.09
双枪科技,sz001211,27.7,27.82,28.15,1400900.0,27.7,1800,27.72,100,-0.43,28.7,27.4,1400900,39030000.0,2.09,4.67,18.56,19.94,30.6,25.04,0.51
东风股份,sh600006,6.39,6.37,6.43,7978500.0,6.39,171100,6.4,95800,0.31,6.45,6.37,7978500,51070000.0,0.4,1.26,127.8,127.8,7.01,5.73,0.68
镇洋发展,sh603213,13.82,13.66,13.75,6359000.0,13.81,9800,13.82,25600,1.17,13.82,13.47,6359000,86940000.0,1.44,2.56,61.08,61.08,15.03,12.29,0.77
大连热电,sh600719,6.84,6.96,7.01,24837400.0,6.84,107400,6.85,43000,-1.72,7.05,6.7,24837400,168820000.0,6.14,5.03,27.67,27.67,7.66,6.26,0.58
光大嘉宝,sh600622,2.56,2.56,2.59,15840900.0,2.56,523300,2.57,309000,0.0,2.59,2.55,15840900,40640000.0,1.06,1.56,38.39,38.39,2.82,2.3,0.79
三元股份,sh600429,6.05,5.88,5.86,48498100.0,6.04,93000,6.05,108500,2.89,6.26,5.86,48498100,295040000.0,3.24,6.8,90.6,90.88,6.47,5.29,1.92
科翔股份,sz300903,33.13,31.97,32.7,22543500.0,33.12,1000,33.13,46100,3.63,33.4,32.13,22543500,741640000.0,6.86,3.97,108.8,144.24,38.36,25.58,0.99
科汇股份,sh688681,18.68,18.3,18.95,212541700.0,18.68,5500,18.7,2100,2.08,18.97,18.47,212541700,39700000.0,2.03,2.73,19.55,19.55,21.96,14.64,0.98
南山控股,sz002314,2.48,2.49,2.53,24755900.0,2.47,630000,2.48,549200,-0.4,2.54,2.46,24755900,61470000.0,1.85,3.21,33.19,67.15,2.74,2.24,0.91
东港股份,sz002117,10.1,9.96,10.08,9637700.0,10.09,50000,10.1,102000,1.41,10.1,9.93,9637700,96630000.0,1.84,1.71,52.88,52.9,10.96,8.96,1.23
中航西飞,sz000768,24.71,24.66,24.98,19712100.0,24.71,67500,24.72,36400,0.2,25.06,24.58,19712100,487430000.0,0.71,1.95,686.11,687.22,27.13,22.19,0.85
中国软件,sh600536,36.79,36.26,36.77,8050400.0,36.79,16600,36.8,46600,1.46,36.87,36.51,8050400,295510000.0,0.95,0.99,310.38,343.54,39.89,32.63,0.86
山东药玻,sh600529,18.77,18.52,18.59,7977600.0,18.76,41800,18.77,55000,1.35,18.82,18.48,7977600,149030000.0,1.2,1.84,124.56,124.56,20.37,16.67,1.57
川宁生物,sz301301,11.17,10.7,10.88,26805500.0,11.16,57500,11.17,287300,4.39,11.2,10.78,26805500,296170000.0,4.34,3.93,69.01,249.1,12.84,8.56,1.27
*ST清研,sz301288,17.2,16.7,16.88,437200.0,17.2,7300,17.21,1500,2.99,17.45,16.88,437200,7500000.0,0.56,3.41,13.43,18.58,20.04,13.36,0.82
昊创瑞通,sz301668,49.99,48.56,49.6,1560500.0,49.98,400,49.99,18700,2.94,50.15,49.12,1560500,77620000.0,6.41,2.12,12.16,54.99,58.27,38.85,0.57
长龄液压,sh605389,71.38,71.71,72.22,748700.0,71.35,300,71.38,400,-0.46,72.75,70.68,748700,53550000.0,0.55,2.89,97.27,102.85,78.88,64.54,0.58
中新集团,sh601512,8.73,8.64,8.74,3230400.0,8.72,3800,8.73,300,1.04,8.76,8.66,3230400,28150000.0,0.22,1.16,130.85,130.85,9.5,7.78,0.98
新农开发,sh600359,7.21,7.31,7.36,15977300.0,7.21,21900,7.22,11300,-1.37,7.43,7.16,15977300,115770000.0,4.19,3.69,27.51,27.51,8.04,6.58,1.01
郑州煤电,sh600121,4.58,4.82,4.72,117068300.0,4.58,1163500,4.59,275400,-4.98,4.82,4.56,117068300,543550000.0,9.61,5.39,55.8,55.8,5.3,4.34,0.67
南都物业,sh603506,12.4,12.34,12.5,2861200.0,12.38,2000,12.4,5600,0.49,12.57,12.24,2861200,35400000.0,1.52,2.67,23.28,23.28,13.57,11.11,1.18
建元信托,sh600816,2.58,2.56,2.59,27884700.0,2.57,2021900,2.58,91500,0.78,2.6,2.56,27884700,72020000.0,0.51,1.56,141.1,253.99,2.82,2.3,0.92
杭氧股份,sz002430,27.93,27.94,28.13,10961800.0,27.92,4500,27.93,13900,-0.04,28.29,27.62,10961800,305080000.0,1.12,2.4,273.15,273.25,30.73,25.15,0.76
卧龙新能,sh600173,7.1,7.26,7.33,16584900.0,7.09,54200,7.1,90800,-2.2,7.4,7.03,16584900,118490000.0,2.37,5.1,49.73,49.74,7.99,6.53,0.73
丝路视觉,sz300556,17.65,17.49,17.86,2434900.0,17.64,400,17.65,18200,0.91,18.0,17.46,2434900,43010000.0,2.28,3.09,18.89,21.46,20.99,13.99,0.71
普元信息,sh688118,27.97,26.66,29.0,518205400.0,27.95,2000,27.97,300,4.91,29.39,27.78,518205400,148020000.0,5.55,6.04,26.1,26.1,31.99,21.33,2.08
朝阳科技,sz002981,23.76,23.54,23.98,1819300.0,23.75,800,23.76,3600,0.93,24.01,23.5,1819300,43070000.0,1.52,2.17,28.37,32.67,25.89,21.19,1.06
巍华新材,sh603310,16.33,16.1,16.22,1074400.0,16.3,4000,16.33,2500,1.43,16.33,16.18,1074400,17490000.0,0.55,0.93,31.68,56.39,17.71,14.49,0.8
蒙娜丽莎,sz002918,11.32,11.05,11.28,5133500.0,11.32,4700,11.33,2000,2.44,11.42,11.16,5133500,58070000.0,2.41,2.35,24.12,46.28,12.16,9.95,0.75
欧康医药,bj920230,11.24,10.72,10.83,1492200.0,11.23,1200,11.24,2800,4.85,11.34,10.76,1492200,16612000.0,3.16,5.41,5.31,11.32,13.93,7.51,2.12
*ST国化,sh600636,7.65,7.65,7.7,5710700.0,7.64,10700,7.65,400,0.0,7.73,7.5,5710700,43500000.0,1.3,3.01,33.56,33.56,8.03,7.27,1.29
心脉医疗,sh688016,104.85,101.54,103.0,280564200.0,104.85,1500,104.89,1000,3.26,105.28,102.28,280564200,290980000.0,2.28,2.95,129.24,129.24,121.85,81.23,1.22
肯特股份,sz301591,42.11,41.26,41.88,1509100.0,42.1,1800,42.11,3200,2.06,42.33,41.63,1509100,63310000.0,4.45,1.7,14.3,35.42,49.51,33.01,0.87
恒实科技,sz300513,8.83,8.68,8.91,5000500.0,8.82,19800,8.83,16600,1.73,8.95,8.65,5000500,43700000.0,1.73,3.46,25.45,27.7,10.42,6.94,0.76
炬申股份,sz001202,16.99,16.77,17.12,1497400.0,16.98,900,16.99,19900,1.31,17.12,16.76,1497400,25290000.0,1.28,2.15,19.85,28.32,18.45,15.09,0.76
沙钢股份,sz002075,4.79,4.75,4.81,28727800.0,4.79,199500,4.8,514000,0.84,4.85,4.74,28727800,137550000.0,1.31,2.32,105.08,105.08,5.23,4.28,1.25
悍高集团,sz001221,69.0,68.5,69.51,1367100.0,68.99,4200,69.0,1600,0.73,69.93,68.0,1367100,94650000.0,3.8,2.82,24.85,276.01,75.35,61.65,1.16
富瀚微,sz300613,40.61,39.5,40.5,3036600.0,40.59,500,40.61,100,2.81,40.73,40.07,3036600,122730000.0,1.38,1.67,89.18,94.54,47.4,31.6,0.9
ST凯利,sz300326,6.39,6.27,6.28,9740300.0,6.38,24600,6.39,328200,1.91,6.41,6.27,9740300,62010000.0,1.37,2.23,45.5,45.82,7.52,5.02,1.43
健之佳,sh605266,19.41,19.04,19.16,1184700.0,19.4,1500,19.41,600,1.94,19.41,19.03,1184700,22820000.0,0.77,2.0,30.0,30.0,20.94,17.14,0.79
尤洛卡,sz300099,8.59,8.36,8.66,24127200.0,8.58,23900,8.59,138700,2.75,8.76,8.42,24127200,206470000.0,4.15,4.07,49.94,63.33,10.03,6.69,0.68
德必集团,sz300947,16.71,16.31,16.68,2648900.0,16.65,10900,16.71,2200,2.45,16.8,16.34,2648900,43840000.0,1.75,2.82,25.25,25.26,19.57,13.05,0.96
ST景谷,sh600265,21.38,20.87,20.86,553300.0,21.38,700,21.39,2000,2.44,21.69,20.78,553300,11780000.0,0.43,4.36,27.75,27.75,21.91,19.83,1.37
同有科技,sz300302,20.18,19.83,20.76,31117400.0,20.17,19000,20.18,14500,1.77,21.12,20.07,31117400,637520000.0,8.44,5.3,74.43,96.72,23.8,15.86,0.89
利德曼,sz300289,6.81,6.72,6.77,7759300.0,6.81,3700,6.82,78100,1.34,6.83,6.64,7759300,52500000.0,1.43,2.83,36.99,37.05,8.06,5.38,1.16
武汉蓝电,bj920779,32.5,32.44,33.21,1033800.0,32.5,5700,32.51,3700,0.18,33.48,32.3,1033800,33741200.0,5.16,3.64,6.51,26.02,42.17,22.71,0.46
德邦股份,sh603056,18.85,18.85,0.0,0.0,0.0,0,0.0,0,0.0,0.0,0.0,0,0.0,0.0,0.0,190.68,190.68,-1.0,-1.0,0.0
通达海,sz301378,31.58,31.23,31.86,1429400.0,31.57,5000,31.58,100,1.12,31.98,31.23,1429400,45040000.0,3.11,2.4,14.5,30.51,37.48,24.98,0.86
东贝集团,sh601956,6.61,6.53,6.61,5850500.0,6.61,27400,6.62,22100,1.23,6.65,6.54,5850500,38540000.0,0.94,1.68,41.09,41.09,7.18,5.88,0.95
值得买,sz300785,48.99,48.78,49.99,7697200.0,48.99,20900,49.0,7400,0.43,50.08,48.3,7697200,376690000.0,6.29,3.65,59.93,97.42,58.54,39.02,0.94
志高机械,bj920101,35.03,34.4,34.9,670100.0,35.03,500,35.04,800,1.83,35.52,33.97,670100,23311500.0,2.41,4.51,9.74,31.23,44.72,24.08,1.76
美迪凯,sh688079,12.5,11.99,12.38,888923200.0,12.5,8300,12.51,4000,4.25,13.05,12.35,888923200,112510000.0,2.2,5.84,50.53,51.42,14.39,9.59,1.02
东亚药业,sh605177,21.59,20.85,21.06,1554200.0,21.55,200,21.59,11100,3.55,21.59,20.92,1554200,32920000.0,1.38,3.21,24.31,24.77,22.94,18.77,0.85
深中华A,sz000017,6.9,6.9,7.0,6049500.0,6.89,62800,6.9,63400,0.0,7.06,6.83,6049500,41800000.0,1.37,3.33,30.42,47.55,7.59,6.21,0.94
泽润新能,sz301636,67.21,66.52,67.72,3139200.0,67.2,1500,67.21,800,1.04,69.37,65.8,3139200,211360000.0,19.66,5.37,10.73,42.93,79.82,53.22,1.11
中核科技,sz000777,22.65,22.27,22.6,6914200.0,22.64,116500,22.65,31500,1.71,22.72,22.4,6914200,156050000.0,1.8,1.44,86.84,86.84,24.5,20.04,0.88
开创电气,sz301448,38.91,38.31,39.28,521500.0,38.91,3000,38.95,800,1.57,39.35,38.38,521500,20230000.0,1.08,2.53,18.79,40.7,45.97,30.65,0.5
华厦眼科,sz301267,17.19,16.86,17.03,3144400.0,17.18,9500,17.19,5700,1.96,17.2,16.83,3144400,53650000.0,0.48,2.19,111.47,144.4,20.23,13.49,1.05
振华风光,sh688439,50.33,49.56,50.3,171743000.0,50.33,0,50.34,1800,1.55,50.5,49.89,171743000,86300000.0,0.86,1.23,100.66,100.66,59.47,39.65,0.97
仙乐健康,sz300791,20.94,20.32,20.46,2615900.0,20.92,7500,20.94,1100,3.05,20.99,20.43,2615900,54210000.0,1.02,2.76,53.72,64.42,24.38,16.26,1.12
双环传动,sz002472,36.71,36.01,36.75,10259400.0,36.71,48300,36.72,46100,1.94,36.86,36.3,10259400,375450000.0,1.36,1.56,277.23,311.88,39.61,32.41,0.83
基康技术,bj920879,19.94,19.99,20.12,732300.0,19.94,3900,20.0,2500,-0.25,20.33,19.8,732300,14674500.0,0.56,2.65,26.08,33.38,25.98,14.0,0.86
冠城新材,sh600067,4.0,4.0,4.04,23040100.0,4.0,232800,4.01,334200,0.0,4.07,3.97,23040100,92310000.0,1.66,2.5,55.67,55.67,4.4,3.6,0.85
经纬辉开,sz300120,7.72,7.67,7.79,7397100.0,7.72,1000,7.73,141900,0.65,7.81,7.68,7397100,57190000.0,1.4,1.69,40.72,44.34,9.2,6.14,1.06
古麒绒材,sz001390,21.24,20.67,20.99,1550800.0,21.24,1500,21.25,2600,2.76,21.27,20.81,1550800,32630000.0,3.1,2.23,10.62,42.48,22.74,18.6,1.32
天玛智控,sh688570,17.66,17.42,17.58,59929200.0,17.66,500,17.67,700,1.38,17.7,17.43,59929200,10540000.0,0.32,1.55,33.24,76.47,20.9,13.94,1.05
浙江仙通,sh603239,24.18,23.89,24.18,6813600.0,24.18,10000,24.2,500,1.21,24.33,23.79,6813600,163920000.0,2.52,2.26,65.46,65.46,26.28,21.5,1.26
瑞晨环保,sz301273,29.62,29.52,30.12,909900.0,29.55,600,29.62,2600,0.34,30.48,29.38,909900,27160000.0,1.65,3.73,16.29,21.22,35.42,23.62,0.74
山推股份,sz000680,11.68,11.62,11.99,25570700.0,11.68,49700,11.69,1400,0.52,12.16,11.58,25570700,299630000.0,1.95,4.99,153.55,175.22,12.78,10.46,0.89
金 融 街,sz000402,2.57,2.56,2.58,13061600.0,2.57,42400,2.58,1518300,0.39,2.59,2.54,13061600,33560000.0,0.44,1.95,76.81,76.82,2.82,2.3,0.87
建工修复,sz300958,13.28,13.21,13.43,2525300.0,13.27,900,13.28,5600,0.53,13.61,13.08,2525300,33680000.0,2.77,4.01,12.09,20.81,15.85,10.57,0.79
华孚时尚,sz002042,4.43,4.31,4.42,42978700.0,4.42,560500,4.43,50700,2.78,4.49,4.38,42978700,190290000.0,2.53,2.55,75.34,75.34,4.74,3.88,0.64
信质集团,sz002664,20.05,19.45,20.01,6722000.0,20.04,15700,20.05,72900,3.08,20.27,19.8,6722000,134610000.0,1.67,2.42,80.72,81.84,21.4,17.51,0.92
韵达股份,sz002120,6.79,6.76,6.83,13849100.0,6.79,136500,6.8,494100,0.44,6.85,6.75,13849100,94110000.0,0.49,1.48,191.15,196.86,7.44,6.08,0.62
泛微网络,sh603039,46.44,43.45,44.25,20488800.0,46.43,2300,46.44,5500,6.88,46.8,43.66,20488800,924150000.0,7.99,7.23,119.06,119.06,47.8,39.11,6.07
创世纪,sz300083,7.61,7.62,7.77,26663500.0,7.61,338300,7.62,214000,-0.13,7.77,7.56,26663500,203310000.0,1.79,2.76,113.58,126.7,9.14,6.1,0.98
华大基因,sz300676,41.12,39.85,40.49,5635900.0,41.11,22000,41.12,44000,3.19,41.23,39.96,5635900,229550000.0,1.35,3.19,171.08,172.01,47.82,31.88,1.09
润达医疗,sh603108,12.96,12.63,12.86,15945100.0,12.95,46700,12.96,22900,2.61,12.98,12.57,15945100,204420000.0,2.64,3.25,78.24,78.24,13.89,11.37,1.62
百川能源,sh600681,4.38,4.42,4.41,49613500.0,4.37,394900,4.38,451300,-0.9,4.44,4.35,49613500,217270000.0,3.7,2.04,58.68,58.73,4.86,3.98,0.36
华新精科,sh603370,43.72,43.18,43.45,685500.0,43.72,100,43.73,4100,1.25,43.91,43.45,685500,29930000.0,1.96,1.07,15.3,76.49,47.5,38.86,1.4
陕西煤业,sh601225,25.38,25.59,25.41,48800000.0,25.38,61800,25.39,100,-0.82,26.18,24.9,48800000,1253780000.0,0.5,5.0,2460.59,2460.59,28.15,23.03,1.09
鼎佳精密,bj920005,38.76,38.03,38.9,783600.0,38.76,300,38.77,1500,1.92,39.32,37.12,783600,30362700.0,3.64,5.78,8.33,32.17,49.43,26.63,1.24
柳    工,sz000528,9.57,9.32,9.56,34433700.0,9.56,89500,9.57,163800,2.68,9.64,9.45,34433700,328530000.0,1.69,2.04,194.65,194.91,10.25,8.39,1.15
北大荒,sh600598,16.32,16.7,16.6,38998500.0,16.32,22400,16.33,20600,-2.28,16.91,16.26,38998500,640630000.0,2.19,3.89,290.12,290.12,18.37,15.03,0.69
甘李药业,sh603087,65.38,64.0,64.5,11652100.0,65.37,2600,65.38,13100,2.16,65.5,63.44,11652100,755080000.0,2.09,3.22,364.73,390.52,70.4,57.6,1.3
晶科能源,sh688223,6.82,6.51,6.65,21059973700.0,6.81,289800,6.82,322700,4.76,7.08,6.57,21059973700,1430600000.0,2.05,7.83,700.22,700.22,7.81,5.21,0.79
蒙草生态,sz300355,3.74,3.7,3.77,16700800.0,3.73,848500,3.74,193300,1.08,3.79,3.71,16700800,62320000.0,1.29,2.16,48.56,60.0,4.44,2.96,0.65
克明食品,sz002661,9.16,9.17,9.28,3220000.0,9.15,5400,9.16,1500,-0.11,9.31,9.09,3220000,29520000.0,1.02,2.4,28.81,30.52,10.09,8.25,0.74
澳洋健康,sz002172,4.06,4.05,4.11,18908400.0,4.06,57200,4.07,329300,0.25,4.12,3.99,18908400,76500000.0,2.47,3.21,31.06,31.09,4.46,3.65,0.72
福莱蒽特,sh605566,28.63,28.36,28.87,2075200.0,28.61,1600,28.63,700,0.95,28.89,27.81,2075200,58800000.0,1.56,3.81,38.18,38.18,31.2,25.52,0.86
吉林化纤,sz000420,4.8,4.73,4.85,109085800.0,4.79,446300,4.8,270200,1.48,4.89,4.75,109085800,525350000.0,4.44,2.96,117.99,118.03,5.2,4.26,0.73
诚意药业,sh603811,12.31,11.86,11.97,14199800.0,12.3,34700,12.31,283100,3.79,12.37,11.81,14199800,172910000.0,4.34,4.72,40.29,40.29,13.05,10.67,1.94
博思软件,sz300525,10.37,10.17,10.38,9162500.0,10.37,7700,10.38,220000,1.97,10.41,10.25,9162500,94620000.0,1.47,1.57,64.51,78.65,12.2,8.14,0.87
好当家,sh600467,2.48,2.46,2.48,28428200.0,2.48,134900,2.49,1288800,0.81,2.5,2.46,28428200,70500000.0,1.95,1.63,36.23,36.23,2.71,2.21,0.72
宁波高发,sh603788,15.1,14.93,15.15,1582500.0,15.1,7700,15.11,100,1.14,15.3,15.03,1582500,23940000.0,0.71,1.81,33.68,33.68,16.42,13.44,1.16
诺思格,sz301333,71.63,68.65,67.68,5817200.0,71.63,100,71.64,3700,4.34,72.35,65.4,5817200,398870000.0,6.03,10.12,69.08,69.18,82.38,54.92,1.91
唯赛勃,sh688718,14.84,14.8,15.0,239599800.0,14.84,2200,14.88,3000,0.27,15.15,14.67,239599800,35520000.0,1.38,3.24,25.79,25.79,17.76,11.84,1.07
南凌科技,sz300921,25.53,24.99,25.53,7613600.0,25.52,7800,25.53,4800,2.16,26.19,25.25,7613600,195510000.0,6.64,3.76,29.28,46.92,29.99,19.99,0.95
德宏股份,sh603701,22.74,22.49,23.05,3160400.0,22.73,6500,22.74,4800,1.11,23.24,22.61,3160400,72360000.0,1.21,2.8,59.43,59.43,24.74,20.24,0.68
岱美股份,sh603730,9.08,8.9,9.05,19354600.0,9.07,51400,9.08,20800,2.02,9.39,9.05,19354600,177890000.0,0.9,3.82,195.09,195.09,9.79,8.01,1.05
玲珑轮胎,sh601966,14.19,13.98,14.1,10003300.0,14.19,125600,14.2,165000,1.5,14.22,14.08,10003300,141630000.0,0.68,1.0,207.67,207.67,15.38,12.58,1.38
金达威,sz002626,17.89,17.54,17.76,3925100.0,17.88,700,17.89,102700,2.0,17.97,17.58,3925100,69850000.0,0.64,2.22,109.1,109.12,19.29,15.79,0.53
ST云动,sz000903,2.63,2.61,2.62,22902300.0,2.62,261200,2.63,828400,0.77,2.66,2.59,22902300,60000000.0,1.19,2.68,50.5,50.89,2.74,2.48,0.72
西部超导,sh688122,71.92,70.91,72.8,842036700.0,71.92,3800,71.93,11600,1.42,72.8,71.27,842036700,604820000.0,1.3,2.16,467.24,467.24,85.09,56.73,0.8
农发种业,sh600313,7.79,7.85,8.01,54532000.0,7.79,28300,7.8,341800,-0.76,8.04,7.7,54532000,424890000.0,5.04,4.33,84.3,90.47,8.64,7.07,0.51
燕京啤酒,sz000729,12.92,13.1,13.26,22413000.0,12.92,27800,12.93,2000,-1.37,13.28,12.86,22413000,290910000.0,0.89,3.21,324.24,364.16,14.41,11.79,1.06
信通电子,sz001388,40.15,39.86,40.52,768100.0,40.15,3000,40.16,12500,0.73,40.52,39.9,768100,30820000.0,2.46,1.56,12.53,62.63,43.85,35.87,0.5
奇正藏药,sz002287,23.59,22.99,23.19,2700600.0,23.59,14000,23.6,38500,2.61,23.6,23.02,2700600,63180000.0,0.47,2.52,134.7,134.96,25.29,20.69,1.19
天宸股份,sh600620,6.34,6.33,6.46,4635900.0,6.34,1300,6.35,8500,0.16,6.48,6.31,4635900,29550000.0,0.68,2.69,43.54,43.54,6.96,5.7,0.83
复旦微电,sh688385,66.5,66.63,67.99,773468000.0,66.5,19200,66.52,500,-0.2,68.37,65.86,773468000,516810000.0,1.43,3.77,358.69,547.77,79.96,53.3,0.91
大秦铁路,sh601006,5.33,5.36,5.37,118393000.0,5.32,3722200,5.33,157200,-0.56,5.38,5.32,118393000,631150000.0,0.59,1.12,1073.84,1073.84,5.9,4.82,0.58
重庆港,sh600279,5.23,5.19,5.22,5433500.0,5.21,24600,5.23,43000,0.77,5.29,5.19,5433500,28420000.0,0.46,1.93,62.07,62.07,5.71,4.67,0.74
天铭科技,bj920270,15.48,15.4,15.61,500100.0,15.48,5900,15.5,3600,0.52,15.9,15.4,500100,7767900.0,0.62,3.25,12.56,16.19,20.02,10.78,0.67
天顺风能,sz002531,11.52,11.13,11.2,70676000.0,11.52,251100,11.53,128400,3.5,11.67,11.2,70676000,811900000.0,3.96,4.22,205.84,207.0,12.24,10.02,1.2
华智数媒,sz300426,7.94,7.9,7.96,12242300.0,7.94,100,7.95,48500,0.51,8.07,7.77,12242300,96890000.0,3.06,3.8,31.76,35.76,9.48,6.32,1.29
中炬高新,sh600872,19.48,19.06,19.16,15101700.0,19.48,22000,19.49,5900,2.2,19.55,19.09,15101700,293160000.0,1.96,2.41,150.19,151.65,20.97,17.15,1.51
海格通信,sz002465,14.87,14.99,15.22,59049400.0,14.87,111500,14.88,150000,-0.8,15.27,14.75,59049400,880410000.0,2.38,3.47,368.46,369.05,16.49,13.49,0.94
和辉光电-U,sh688538,2.31,2.28,2.31,4528742100.0,2.31,66700,2.32,4382100,1.32,2.33,2.29,4528742100,104550000.0,0.79,1.75,132.88,319.0,2.74,1.82,0.84
杭萧钢构,sh600477,3.28,3.24,3.36,89257500.0,3.27,580900,3.28,253600,1.23,3.46,3.24,89257500,296160000.0,3.78,6.79,77.37,77.37,3.56,2.92,1.85
金龙鱼,sz300999,28.85,28.67,29.07,9822800.0,28.85,134000,28.86,28300,0.63,29.12,28.66,9822800,282820000.0,1.81,1.6,156.55,1564.13,34.4,22.94,0.77
力盛体育,sz002858,14.91,16.1,16.1,16775200.0,14.91,1200,14.92,2400,-7.39,16.1,14.6,16775200,252520000.0,11.41,9.32,21.91,24.44,17.71,14.49,1.5
龙芯中科,sh688047,133.38,130.55,133.5,354588600.0,133.38,18500,133.4,7000,2.17,134.45,132.21,354588600,472400000.0,0.88,1.72,534.85,534.85,156.66,104.44,0.72
赛福天,sh603028,8.57,8.51,8.65,4516200.0,8.56,41400,8.57,107700,0.71,8.69,8.49,4516200,38660000.0,1.59,2.35,24.36,24.6,9.36,7.66,0.95
浙江永强,sz002489,3.46,3.43,3.46,16092300.0,3.45,487800,3.46,227700,0.87,3.49,3.43,16092300,55660000.0,0.84,1.75,66.19,75.05,3.77,3.09,0.76
报 喜 鸟,sz002154,3.67,3.62,3.66,12271300.0,3.66,423700,3.67,39000,1.38,3.68,3.63,12271300,44960000.0,1.04,1.38,43.3,53.56,3.98,3.26,0.91
聚星科技,bj920111,23.34,22.72,23.04,1152700.0,23.33,1000,23.34,2900,2.73,23.5,22.9,1152700,26835700.0,1.53,2.64,17.57,36.21,29.53,15.91,1.19
科大讯飞,sz002230,47.01,46.21,47.25,27399600.0,47.0,120400,47.01,31600,1.73,47.36,46.55,27399600,1285640000.0,1.25,1.75,1029.17,1086.8,50.83,41.59,1.06
中元股份,sz300018,13.45,12.47,12.73,27346900.0,13.44,16700,13.45,81200,7.86,13.75,12.71,27346900,363000000.0,6.09,8.34,60.43,65.28,14.96,9.98,2.4
五洲交通,sh600368,3.92,3.92,3.94,8344700.0,3.91,156900,3.92,386100,0.0,3.96,3.9,8344700,32660000.0,0.52,1.53,63.1,63.1,4.31,3.53,0.65
博科测试,sz301598,59.61,58.64,59.23,458500.0,59.61,400,59.63,100,1.65,60.5,59.12,458500,27330000.0,2.61,2.35,10.46,35.11,70.37,46.91,1.06
火炬电子,sh603678,33.82,33.98,34.88,9307400.0,33.81,2200,33.82,6700,-0.47,34.98,33.5,9307400,316970000.0,1.96,4.36,160.84,160.84,37.38,30.58,1.79
凌云股份,sh600480,9.9,9.86,9.99,7627200.0,9.9,190100,9.91,6600,0.41,10.03,9.86,7627200,75580000.0,0.63,1.72,120.08,121.01,10.85,8.87,0.72
万邦德,sz002082,33.2,30.2,29.4,81969700.0,33.19,17400,33.2,9200,9.93,33.22,29.29,81969700,2614210000.0,14.82,13.01,183.68,203.08,33.22,27.18,1.61
中富通,sz300560,15.37,14.94,15.23,7641800.0,15.36,2000,15.37,82800,2.88,15.48,15.13,7641800,116560000.0,4.09,2.34,28.74,35.31,17.93,11.95,0.75
科大智能,sz300222,10.87,10.66,10.87,11814200.0,10.87,82600,10.88,149800,1.97,10.93,10.77,11814200,128050000.0,1.86,1.5,68.89,84.6,12.79,8.53,0.57
中国铁物,sz000927,3.17,3.34,3.32,396199700.0,3.17,1908500,3.18,572000,-5.09,3.32,3.15,396199700,1266340000.0,6.55,5.09,191.8,191.8,3.67,3.01,1.18
通行宝,sz301339,13.1,13.07,13.3,3729100.0,13.1,6000,13.11,5300,0.23,13.38,13.02,3729100,49000000.0,0.65,2.75,74.64,76.02,15.68,10.46,0.87
佳驰科技,sh688708,52.61,52.56,53.61,89598200.0,52.61,100,52.78,0,0.1,53.65,52.05,89598200,47070000.0,0.63,3.04,74.85,210.45,63.07,42.05,0.88
兆龙互连,sz300913,48.74,47.33,48.3,4874600.0,48.73,10000,48.75,8700,2.98,49.13,47.93,4874600,236590000.0,1.91,2.54,124.67,167.07,56.8,37.86,0.98
健尔康,sh603205,26.17,25.67,25.9,769100.0,26.17,19500,26.18,7200,1.95,26.25,25.7,769100,20010000.0,1.86,2.14,10.82,40.83,28.24,23.1,1.44
凡拓数创,sz301313,29.05,28.41,29.27,1307400.0,29.04,1800,29.05,2300,2.25,29.44,28.78,1307400,37900000.0,1.73,2.32,21.93,30.05,34.09,22.73,0.75
康辰药业,sh603590,39.36,36.94,37.34,4781700.0,39.36,600,39.37,100,6.55,39.58,36.94,4781700,184210000.0,3.02,7.15,62.28,62.59,40.63,33.25,2.46
黄山胶囊,sz002817,8.17,8.06,8.24,7354000.0,8.16,2000,8.17,14500,1.36,8.25,8.08,7354000,60010000.0,2.54,2.11,23.7,24.44,8.87,7.25,0.88
华密新材,bj920247,19.73,19.53,19.7,976800.0,19.73,1100,19.74,18300,1.02,20.1,19.56,976800,19286600.0,0.85,2.76,22.55,31.08,25.38,13.68,0.81
温氏股份,sz300498,16.43,16.62,16.75,47493400.0,16.42,98500,16.43,12100,-1.14,16.79,16.23,47493400,777580000.0,0.8,3.37,978.0,1093.24,19.94,13.3,1.29
正弦电气,sh688395,26.11,25.87,26.17,94296000.0,26.11,1200,26.13,1300,0.93,26.48,25.75,94296000,24480000.0,1.09,2.82,22.61,22.61,31.04,20.7,0.85
万华化学,sh600309,82.87,79.45,80.9,36932100.0,82.87,55000,82.88,18100,4.3,83.42,80.9,36932100,3039000000.0,1.18,3.17,2594.22,2594.22,87.4,71.51,1.28
腾龙股份,sh603158,12.28,11.16,11.4,34671100.0,12.28,9942800,0.0,0,10.04,12.28,11.37,34671100,411960000.0,7.06,8.15,60.27,60.27,12.28,10.04,1.27
爱普股份,sh603020,11.26,11.05,11.12,5209000.0,11.26,30200,11.27,22300,1.9,11.3,11.0,5209000,58300000.0,1.36,2.71,43.15,43.15,12.16,9.95,0.84
岳阳兴长,sz000819,14.55,14.37,14.45,3114100.0,14.54,10000,14.55,93000,1.25,14.69,14.38,3114100,45320000.0,0.85,2.16,53.18,53.76,15.81,12.93,0.69
景嘉微,sz300474,58.26,57.61,58.7,5016900.0,58.26,300,58.27,1600,1.13,58.89,57.88,5016900,292520000.0,1.23,1.75,236.81,304.48,69.13,46.09,0.84
华大智造,sh688114,50.51,49.18,50.11,273302400.0,50.5,3300,50.51,4900,2.7,50.71,49.13,273302400,137000000.0,0.66,3.21,209.28,210.38,59.02,39.34,1.15
国机汽车,sh600335,6.01,5.97,6.04,10493600.0,6.01,29400,6.02,52700,0.67,6.06,5.97,10493600,63060000.0,0.7,1.51,89.9,89.9,6.57,5.37,0.91
冠捷科技,sz000727,2.65,2.6,2.67,113790700.0,2.65,1329500,2.66,171000,1.92,2.77,2.62,113790700,305350000.0,2.51,5.77,120.03,120.03,2.86,2.34,1.19
深物业A,sz000011,8.58,8.59,8.66,4913800.0,8.58,8800,8.59,18300,-0.12,8.75,8.51,4913800,42370000.0,0.93,2.79,45.17,51.14,9.45,7.73,0.86
山东墨龙,sz002490,9.45,9.53,9.54,53894800.0,9.44,209000,9.45,9100,-0.84,9.67,9.4,53894800,513370000.0,9.95,2.83,51.19,75.4,10.48,8.58,0.72
民生银行,sh600016,3.78,3.79,3.81,269083600.0,3.77,3691000,3.78,1762500,-0.26,3.82,3.76,269083600,1018300000.0,0.76,1.58,1340.47,1654.98,4.17,3.41,1.35
中通客车,sz000957,11.28,11.52,11.56,32048800.0,11.28,8800,11.29,74100,-2.08,11.65,11.21,32048800,363350000.0,5.41,3.82,66.88,66.88,12.67,10.37,1.7
远程股份,sz002692,5.98,6.07,6.1,50528500.0,5.98,81400,5.99,143600,-1.48,6.16,5.94,50528500,303500000.0,7.04,3.62,42.92,42.95,6.68,5.46,1.08
铭利达,sz301268,20.83,20.23,20.76,3614400.0,20.82,4400,20.83,6000,2.97,21.39,20.36,3614400,75830000.0,1.05,5.09,71.8,83.4,24.28,16.18,0.92
祥鑫科技,sz002965,29.41,28.53,28.99,4868700.0,29.4,51800,29.41,4100,3.08,29.45,28.9,4868700,142230000.0,2.44,1.93,58.65,78.05,31.38,25.68,1.42
辰欣药业,sh603367,17.67,16.83,16.8,21254300.0,17.67,131800,17.68,64100,4.99,17.71,16.8,21254300,370510000.0,4.69,5.41,80.0,80.0,18.51,15.15,3.02
信隆健康,sz002105,6.5,6.53,6.62,8511600.0,6.49,4200,6.5,9600,-0.46,6.62,6.4,8511600,55080000.0,2.34,3.37,23.69,23.81,7.18,5.88,1.06
海力风电,sz301155,68.5,67.94,68.98,5309100.0,68.5,100,68.51,2200,0.82,69.26,67.6,5309100,363990000.0,4.3,2.44,84.49,148.91,81.53,54.35,0.74
雪祺电气,sz001387,13.35,13.28,13.38,3285300.0,13.32,7700,13.35,14700,0.53,13.51,13.16,3285300,43710000.0,2.88,2.64,15.21,24.43,14.61,11.95,1.2
蓝天燃气,sh605368,8.3,8.21,8.24,7849100.0,8.3,7300,8.31,50900,1.1,8.39,8.16,7849100,64980000.0,1.1,2.8,59.31,59.31,9.03,7.39,1.05
友升股份,sh603418,50.53,49.8,50.3,680800.0,50.52,2500,50.53,1400,1.47,50.57,50.13,680800,34290000.0,1.65,0.88,20.9,97.56,54.78,44.82,1.03
科德教育,sz300192,18.88,18.5,18.95,4897800.0,18.87,500,18.88,2800,2.05,19.0,18.58,4897800,91920000.0,1.51,2.27,61.29,62.14,22.2,14.8,0.51
英搏尔,sz300681,21.69,21.05,21.47,5306300.0,21.69,39100,21.7,9400,3.04,21.71,21.25,5306300,114100000.0,2.3,2.19,50.06,66.38,25.26,16.84,1.17
天佑德酒,sz002646,8.16,8.05,8.17,5311400.0,8.15,5700,8.16,17200,1.37,8.2,8.06,5311400,43210000.0,1.12,1.74,38.84,39.1,8.86,7.25,1.22
生 意 宝,sz002095,16.71,16.54,16.88,2010600.0,16.7,2800,16.71,15300,1.03,16.99,16.56,2010600,33590000.0,0.8,2.6,42.06,42.23,18.19,14.89,0.6
古井贡酒,sz000596,107.08,102.85,104.1,4710100.0,107.07,700,107.08,5100,4.11,108.8,103.18,4710100,500560000.0,1.15,5.46,437.53,566.02,113.14,92.57,1.48
上海莱士,sz002252,5.91,5.82,5.87,32852300.0,5.91,308100,5.92,616200,1.55,5.92,5.84,32852300,193300000.0,0.5,1.37,392.06,392.3,6.4,5.24,1.41
华维设计,bj920427,11.85,11.65,11.86,914800.0,11.84,10000,11.85,4000,1.72,11.95,11.7,914800,10786500.0,1.8,2.15,6.03,12.22,15.14,8.16,0.94
药康生物,sh688046,15.73,14.48,14.65,978468900.0,15.73,7700,15.74,200,8.63,16.06,14.62,978468900,151700000.0,2.39,9.94,64.49,64.49,17.38,11.58,2.02
*ST创兴,sh600193,3.99,4.11,4.15,11062400.0,3.98,18600,3.99,182200,-2.92,4.17,3.92,11062400,44390000.0,2.6,6.08,16.97,16.97,4.32,3.9,0.83
元祖股份,sh603886,12.87,12.47,12.65,6823900.0,12.86,22700,12.87,12500,3.21,12.95,12.61,6823900,87510000.0,2.84,2.73,30.89,30.89,13.72,11.22,1.29
中国长城,sz000066,14.85,14.71,15.0,40914700.0,14.84,217400,14.85,129200,0.95,15.07,14.79,40914700,609700000.0,1.27,1.9,479.0,479.03,16.18,13.24,0.49
ST迪威迅,sz300167,5.75,5.79,5.85,15819100.0,5.74,300,5.75,7100,-0.69,5.98,5.57,15819100,90560000.0,4.41,7.08,20.64,22.39,6.95,4.63,2.05
涛涛车业,sz301345,231.9,217.0,217.55,2032400.0,231.78,100,231.9,700,6.87,231.9,213.5,2032400,452030000.0,5.8,8.48,81.23,252.88,260.4,173.6,1.92
云从科技-UW,sh688327,13.02,12.61,12.9,1818215600.0,13.01,7200,13.02,3500,3.25,13.08,12.81,1818215600,235350000.0,2.18,2.14,108.51,135.22,15.13,10.09,1.03
海昇药业,bj920656,15.75,15.37,15.51,1249100.0,15.73,1500,15.75,40900,2.47,15.85,15.29,1249100,19584400.0,3.86,3.64,5.1,15.75,19.98,10.76,1.94
海利生物,sh603718,4.7,4.63,4.63,12525500.0,4.69,15500,4.7,108600,1.51,4.7,4.58,12525500,58360000.0,1.93,2.59,30.5,30.64,5.09,4.17,1.15
ST诺泰,sh688076,30.35,29.07,29.29,503709100.0,30.34,10800,30.35,8600,4.4,30.68,29.14,503709100,151670000.0,1.59,5.3,95.92,95.92,34.88,23.26,1.96
伟测科技,sh688372,133.9,127.8,132.0,672960000.0,133.85,200,133.9,200,4.77,135.45,130.98,672960000,899290000.0,4.09,3.5,220.5,220.5,153.36,102.24,0.87
威派格,sh603956,5.76,5.78,5.82,5237000.0,5.76,52700,5.77,56100,-0.35,5.86,5.72,5237000,30210000.0,0.92,2.42,32.83,32.83,6.36,5.2,0.78
奥飞娱乐,sz002292,7.81,7.69,7.8,19858500.0,7.8,166100,7.81,620900,1.56,7.84,7.71,19858500,154490000.0,1.95,1.69,79.5,115.49,8.46,6.92,0.89
狮头股份,sh600539,15.0,14.67,15.0,32908800.0,15.0,53100,15.01,1000,2.25,15.33,14.27,32908800,487470000.0,14.31,7.23,34.5,34.5,16.14,13.2,0.91
千方科技,sz002373,9.68,9.57,9.76,18009200.0,9.68,9000,9.69,25900,1.15,9.8,9.58,18009200,174070000.0,1.31,2.3,133.35,152.96,10.53,8.61,0.96
光威复材,sz300699,34.54,34.4,34.89,17350900.0,34.53,24100,34.54,8700,0.41,35.07,34.06,17350900,598630000.0,2.11,2.94,283.72,287.15,41.28,27.52,1.01
清新环境,sz002573,3.79,3.78,3.85,13580300.0,3.78,151600,3.79,185600,0.26,3.87,3.77,13580300,51850000.0,0.96,2.65,53.54,53.64,4.16,3.4,0.99
一诺威,bj920261,14.04,13.95,14.1,880500.0,14.03,6200,14.04,30300,0.65,14.13,13.97,880500,12381000.0,0.52,1.15,23.99,40.88,18.13,9.77,0.62
上海钢联,sz300226,25.14,24.55,25.29,7079400.0,25.14,11100,25.16,500,2.4,25.62,24.98,7079400,178870000.0,2.31,2.61,77.02,80.13,29.46,19.64,0.78
沃顿科技,sz000920,11.51,11.45,11.61,7795400.0,11.51,26500,11.52,7000,0.52,11.69,11.38,7795400,89670000.0,1.65,2.71,54.4,54.4,12.6,10.31,0.6
山石网科,sh688030,15.02,14.6,14.91,252663600.0,15.02,11200,15.03,9400,2.88,15.2,14.78,252663600,37820000.0,1.4,2.88,27.07,27.07,17.52,11.68,1.08
鸣志电器,sh603728,58.25,56.98,57.95,3839800.0,58.24,24600,58.25,15700,2.23,58.35,57.51,3839800,222680000.0,0.92,1.47,244.0,244.0,62.68,51.28,0.88
常山北明,sz000158,17.55,17.4,17.65,20075900.0,17.55,24900,17.56,124900,0.86,17.74,17.46,20075900,352900000.0,1.26,1.61,278.68,280.56,19.14,15.66,0.92
光启技术,sz002625,39.02,38.38,39.01,13155600.0,39.01,19900,39.02,4900,1.67,39.56,38.6,13155600,512610000.0,0.61,2.5,840.72,840.72,42.22,34.54,0.84
华锦股份,sz000059,5.41,5.35,5.39,28770100.0,5.41,31900,5.42,121900,1.12,5.5,5.36,28770100,156250000.0,1.8,2.62,86.53,86.53,5.89,4.82,0.85
彩虹股份,sh600707,5.66,5.59,5.69,13067300.0,5.66,189200,5.67,308800,1.25,5.72,5.61,13067300,73900000.0,0.36,1.97,203.06,203.1,6.15,5.03,0.73
水星家纺,sh603365,21.32,20.89,20.99,1947600.0,21.31,140200,21.32,4100,2.06,21.43,20.9,1947600,41290000.0,0.75,2.54,55.39,55.96,22.98,18.8,1.51
万胜智能,sz300882,21.75,21.08,21.48,5196600.0,21.74,8200,21.75,28000,3.18,21.88,21.28,5196600,112330000.0,1.95,2.85,57.93,62.25,25.3,16.86,1.09
益生股份,sz002458,9.1,8.99,9.07,10277300.0,9.09,6300,9.1,1600,1.22,9.18,9.01,10277300,93440000.0,1.43,1.89,65.56,100.68,9.89,8.09,0.67
赢时胜,sz300377,18.11,17.77,18.17,20352300.0,18.1,177900,18.11,123300,1.91,18.29,18.01,20352300,369400000.0,3.08,1.58,119.83,136.01,21.32,14.22,0.74
重庆路桥,sh600106,5.5,5.41,5.46,7795900.0,5.49,151300,5.5,64800,1.66,5.51,5.45,7795900,42730000.0,0.59,1.11,73.1,73.1,5.95,4.87,0.79
万邦达,sz300055,11.29,11.21,11.26,28828200.0,11.28,24400,11.29,138000,0.71,11.51,11.08,28828200,326200000.0,4.56,3.84,71.45,94.47,13.45,8.97,0.81
天健集团,sz000090,3.62,3.6,3.65,17929000.0,3.62,243900,3.63,169600,0.56,3.67,3.6,17929000,64920000.0,0.96,1.94,67.64,67.64,3.96,3.24,0.78
鸿合科技,sz002955,26.5,26.3,26.61,1526900.0,26.5,7600,26.51,11200,0.76,26.71,26.31,1526900,40440000.0,0.78,1.52,51.85,62.71,28.93,23.67,0.56
艾能聚,bj920770,15.92,15.64,15.98,2495200.0,15.92,7500,15.93,12900,1.79,16.26,15.77,2495200,39868800.0,3.05,3.13,13.04,20.72,20.33,10.95,0.75
连城数控,bj920368,35.23,33.86,34.53,21303700.0,35.22,27100,35.23,82000,4.05,38.78,34.06,21303700,772642100.0000001,9.54,13.94,78.69,82.71,44.01,23.71,2.27
中 关 村,sz000931,5.29,5.16,5.2,17906000.0,5.28,46000,5.29,419100,2.52,5.29,5.15,17906000,94010000.0,2.38,2.71,39.73,39.84,5.68,4.64,1.47
凯撒文化,sz002425,3.39,3.35,3.38,12275000.0,3.38,256100,3.39,76800,1.19,3.43,3.32,12275000,41350000.0,1.28,3.28,32.41,32.43,3.69,3.02,1.03
天利科技,sz300399,20.87,20.47,20.92,2844400.0,20.87,8600,20.88,2100,1.95,21.01,20.58,2844400,59160000.0,1.44,2.1,41.24,41.24,24.56,16.38,0.79
亚世光电,sz002952,23.64,22.98,23.4,5683300.0,23.63,8100,23.64,43800,2.87,24.73,23.33,5683300,135230000.0,4.32,6.09,31.12,38.85,25.28,20.68,0.92
双一科技,sz300690,30.66,30.17,31.0,9026900.0,30.65,16000,30.66,8400,1.62,31.1,30.4,9026900,276590000.0,8.15,2.32,33.97,50.7,36.2,24.14,0.59
同为股份,sz002835,15.77,15.58,15.74,1999800.0,15.77,17600,15.78,13300,1.22,16.1,15.62,1999800,31510000.0,1.57,3.08,20.07,34.61,17.14,14.02,1.14
恒丰纸业,sh600356,8.69,8.64,8.7,5687100.0,8.69,300,8.7,22200,0.58,8.82,8.59,5687100,49390000.0,1.9,2.66,25.96,28.64,9.5,7.78,1.17
尚荣医疗,sz002551,3.66,3.61,3.64,12971100.0,3.66,22400,3.67,289500,1.39,3.68,3.59,12971100,47250000.0,2.12,2.49,22.37,30.95,3.97,3.25,1.04
青岛食品,sz001219,14.86,14.74,14.86,5764600.0,14.84,100,14.86,2000,0.81,14.98,14.66,5764600,85560000.0,3.03,2.17,28.25,28.97,16.21,13.27,1.52
微电生理,sh688351,23.9,21.92,22.36,1152788800.0,23.89,1800,23.9,2900,9.03,24.09,22.36,1152788800,272320000.0,2.45,7.89,112.47,112.47,26.3,17.54,3.82
中胤时尚,sz300901,15.26,15.01,15.27,1352100.0,15.26,47300,15.28,3700,1.67,15.35,15.1,1352100,20580000.0,0.56,1.67,36.62,36.62,18.01,12.01,0.59
德赛西威,sz002920,107.25,103.88,105.88,7055700.0,107.25,19600,107.26,2400,3.24,107.88,105.88,7055700,754310000.0,1.27,1.93,594.95,640.08,114.27,93.49,1.44
天邑股份,sz300504,14.94,14.76,15.09,6437000.0,14.94,14700,14.95,14500,1.22,15.22,14.8,6437000,96550000.0,2.95,2.85,32.61,40.49,17.71,11.81,0.59
华恒生物,sh688639,29.59,28.36,29.05,600285800.0,29.59,13500,29.6,600,4.34,29.99,28.56,600285800,176320000.0,2.4,5.04,74.01,74.01,34.03,22.69,1.39
依依股份,sz001206,21.34,20.84,21.15,3213600.0,21.32,900,21.34,1700,2.4,21.49,21.0,3213600,68350000.0,3.02,2.35,22.69,39.46,22.92,18.76,1.44
特发服务,sz300917,32.55,32.05,32.4,2616100.0,32.54,4700,32.55,2400,1.56,32.77,32.22,2616100,84970000.0,1.55,1.72,55.01,55.01,38.46,25.64,0.87
芯导科技,sh688230,61.99,60.69,61.57,84787400.0,61.99,1300,62.02,7900,2.14,62.78,61.04,84787400,52430000.0,0.72,2.87,72.9,72.9,72.83,48.55,1.07
宝立食品,sh603170,12.75,12.35,12.48,2794900.0,12.75,4100,12.76,28800,3.24,12.8,12.45,2794900,35320000.0,0.7,2.83,51.0,51.0,13.59,11.12,1.07
航天南湖,sh688552,41.5,42.84,43.53,551326700.0,41.5,800,41.53,400,-3.13,43.77,41.35,551326700,231790000.0,6.35,5.65,36.03,139.96,51.41,34.27,0.67
惠通科技,sz301601,23.35,22.96,23.25,1016200.0,23.33,700,23.35,5600,1.7,23.4,23.15,1016200,23680000.0,1.2,1.09,19.73,32.8,27.55,18.37,0.98
美利云,sz000815,20.7,18.82,19.33,70060100.0,20.7,6809100,0.0,0,9.99,20.7,19.18,70060100,1411690000.0,10.08,8.08,143.92,143.92,20.7,16.94,0.46
荣泰健康,sh603579,20.5,19.85,20.38,3805500.0,20.49,8600,20.5,33500,3.27,20.5,20.06,3805500,77250000.0,1.89,2.22,41.22,41.22,21.84,17.87,1.2
乐心医疗,sz300562,13.39,12.89,13.16,6610300.0,13.38,31200,13.39,40300,3.88,13.39,13.04,6610300,87450000.0,4.08,2.72,21.71,29.27,15.47,10.31,1.22
中航高科,sh600862,21.54,21.33,21.64,11652200.0,21.54,115700,21.55,102200,0.98,21.69,21.35,11652200,250460000.0,0.84,1.59,300.06,300.06,23.46,19.2,0.72
亿道信息,sz001314,40.1,39.39,40.0,1900200.0,40.09,2500,40.1,8200,1.8,40.4,39.57,1900200,75820000.0,1.53,2.11,49.88,57.2,43.33,35.45,1.12
钜泉科技,sh688391,29.49,28.75,29.28,92613600.0,29.49,7900,29.5,2000,2.57,29.56,29.05,92613600,27200000.0,0.8,1.77,33.97,33.97,34.5,23.0,0.99
中安科,sh600654,3.37,3.35,3.4,32888800.0,3.37,2200,3.38,321100,0.6,3.42,3.35,32888800,110930000.0,1.42,2.09,78.1,96.97,3.69,3.02,0.78
三一重工,sh600031,20.3,19.22,19.81,130414100.0,20.29,120500,20.3,51200,5.62,20.33,19.69,130414100,2619100000.0,1.54,3.33,1720.3,1866.59,21.14,17.3,1.83
中信建投,sh601066,21.69,21.45,21.69,8062900.0,21.69,42500,21.7,107200,1.12,21.8,21.55,8062900,174500000.0,0.12,1.17,1408.91,1682.43,23.6,19.31,1.04
浙文互联,sh600986,9.76,9.74,9.91,68424200.0,9.76,85200,9.77,177900,0.21,9.98,9.63,68424200,666770000.0,4.6,3.59,145.17,145.17,10.71,8.77,1.23
蓝色光标,sz300058,14.59,14.8,15.15,391041500.0,14.58,393200,14.59,459800,-1.42,15.23,14.33,391041500,5728270000.0,11.24,6.08,507.74,523.81,17.76,11.84,1.62
腾达建设,sh600512,2.51,2.55,2.55,88720900.0,2.5,851300,2.51,131500,-1.57,2.64,2.48,88720900,225790000.0,5.59,6.27,39.84,40.0,2.81,2.3,1.5
福蓉科技,sh603327,9.18,9.08,9.24,9229100.0,9.18,79100,9.19,18800,1.1,9.25,9.08,9229100,84410000.0,0.88,1.87,95.97,95.97,9.99,8.17,0.94
达安基因,sz002030,6.11,5.91,5.98,18547600.0,6.1,214900,6.11,370300,3.38,6.11,5.93,18547600,112050000.0,1.32,3.05,85.75,85.75,6.5,5.32,1.44
广信科技,bj920037,73.33,71.78,73.0,656700.0,73.3,10600,73.33,1900,2.16,73.85,72.38,656700,47998500.0,2.22,2.05,21.68,67.07,93.31,50.25,0.76
肇民科技,sz301000,29.15,28.66,29.19,3833800.0,29.14,100,29.15,1100,1.71,29.55,29.01,3833800,112100000.0,1.67,1.88,66.83,70.8,34.39,22.93,1.29
三元基因,bj920344,20.65,19.29,19.69,1408000.0,20.65,10100,20.66,1000,7.05,20.87,19.49,1408000,28595400.0,1.24,7.15,23.48,25.15,25.07,13.51,3.29
清越科技,sh688496,6.21,5.95,6.1,678709200.0,6.21,7700,6.24,10200,4.37,6.3,6.1,678709200,42150000.0,2.85,3.36,14.78,27.95,7.14,4.76,0.97
睿能科技,sh603933,22.3,22.3,0.0,0.0,0.0,0,0.0,0,0.0,0.0,0.0,0,0.0,0.0,0.0,46.28,46.28,24.53,20.07,0.0
顺控发展,sz003039,14.92,14.7,14.97,3091400.0,14.92,14700,14.93,6400,1.5,15.09,14.78,3091400,46050000.0,0.5,2.11,92.13,92.13,16.17,13.23,0.67
广济药业,sz000952,7.44,7.25,7.3,7873100.0,7.43,22700,7.44,10500,2.62,7.46,7.23,7873100,58060000.0,2.29,3.17,25.59,25.8,7.98,6.53,1.14
广大特材,sh688186,23.11,22.41,22.98,644445000.0,23.11,2200,23.12,4300,3.12,23.28,22.77,644445000,148220000.0,2.3,2.28,64.82,64.82,26.89,17.93,0.83
播恩集团,sz001366,14.08,13.88,14.04,3079200.0,14.08,200,14.09,600,1.44,14.18,13.79,3079200,42790000.0,1.92,2.81,22.62,22.62,15.27,12.49,0.79
三晖电气,sz002857,21.96,21.67,22.1,2982300.0,21.95,36100,21.96,1300,1.34,22.48,21.72,2982300,65630000.0,2.33,3.51,28.11,28.69,23.84,19.5,0.77
ST长方,sz300301,3.29,3.55,3.7,63693500.0,3.29,237500,3.3,320100,-7.32,3.83,3.25,63693500,219940000.0,8.06,16.34,25.99,27.3,4.26,2.84,2.24
美格智能,sz002881,38.58,38.24,38.85,3487800.0,38.58,4800,38.59,3300,0.89,39.0,38.35,3487800,134680000.0,1.92,1.7,70.19,116.51,42.06,34.42,0.96
万讯自控,sz300112,7.87,7.77,7.97,5063400.0,7.86,22100,7.87,15900,1.29,8.0,7.77,5063400,39810000.0,2.13,2.96,18.7,22.84,9.32,6.22,0.66
山河智能,sz002097,10.12,10.26,10.27,42304100.0,10.12,1157600,10.13,57400,-1.36,10.44,9.96,42304100,428530000.0,3.94,4.68,108.56,108.75,11.29,9.23,1.97
友好集团,sh600778,6.5,6.5,6.6,7095300.0,6.49,5600,6.5,82900,0.0,6.64,6.42,7095300,46060000.0,2.28,3.38,20.23,20.25,7.15,5.85,0.92
振东制药,sz300158,6.43,6.1,6.17,64017100.0,6.43,71500,6.44,174800,5.41,6.45,6.06,64017100,405070000.0,6.46,6.39,63.77,63.81,7.32,4.88,1.73
隆鑫通用,sh603766,13.79,13.5,13.5,60139100.0,13.79,19300,13.8,84500,2.15,13.94,12.9,60139100,807140000.0,2.93,7.7,283.18,283.18,14.85,12.15,1.82
力源科技,sh688565,13.27,13.16,13.29,222856400.0,13.24,200,13.27,2400,0.84,13.6,13.05,222856400,29490000.0,1.49,4.18,19.87,19.87,15.79,10.53,0.73
*ST四环,sz000518,2.95,2.95,2.97,8360800.0,2.95,67100,2.96,313100,0.0,2.98,2.92,8360800,24570000.0,0.81,2.03,30.37,30.37,3.1,2.8,0.97
兴业银锡,sz000426,41.55,40.22,41.9,66822200.0,41.55,54200,41.56,47600,3.31,41.9,40.57,66822200,2754820000.0,3.76,3.31,737.6,737.78,44.24,36.2,1.05
掌阅科技,sh603533,25.15,24.6,25.1,12763300.0,25.15,1000,25.16,13600,2.24,25.34,24.75,12763300,320020000.0,2.91,2.4,110.38,110.38,27.06,22.14,0.94
博睿数据,sh688229,85.94,84.5,89.0,255599100.0,85.89,400,85.94,600,1.7,89.89,84.67,255599100,223290000.0,5.76,6.18,38.16,38.16,101.4,67.6,0.93
北信源,sz300352,6.49,6.33,6.45,46727000.0,6.49,157800,6.5,482200,2.53,6.5,6.39,46727000,301610000.0,3.66,1.74,82.85,94.09,7.6,5.06,0.84
科拓生物,sz300858,19.25,18.63,18.5,26230600.0,19.24,14200,19.25,29800,3.33,19.47,17.97,26230600,493620000.0,13.4,8.05,37.68,50.72,22.36,14.9,1.92
万润科技,sz002654,13.71,13.47,14.03,42083300.0,13.71,43200,13.72,32600,1.78,14.2,13.58,42083300,581310000.0,4.98,4.6,115.88,115.89,14.82,12.12,0.8
煜邦电力,sh688597,8.93,8.78,8.9,384278400.0,8.93,6900,8.94,1800,1.71,9.05,8.84,384278400,34270000.0,1.14,2.39,30.01,30.01,10.54,7.02,0.88
百克生物,sh688276,18.32,17.66,17.96,219825300.0,18.32,500,18.33,6800,3.74,18.35,17.75,219825300,39900000.0,0.53,3.4,75.78,75.78,21.19,14.13,1.53
锐奇股份,sz300126,7.81,7.7,7.91,3793800.0,7.8,12400,7.81,25000,1.43,8.05,7.74,3793800,29810000.0,1.8,4.03,16.45,23.74,9.24,6.16,0.94
复旦张江,sh688505,8.26,7.97,8.03,690824200.0,8.26,4800,8.27,42700,3.64,8.29,8.01,690824200,56650000.0,0.97,3.51,58.69,85.62,9.56,6.38,1.55
鲁阳节能,sz002088,10.14,9.99,10.16,2468000.0,10.14,5100,10.15,7100,1.5,10.19,10.04,2468000,24960000.0,0.49,1.5,51.29,52.03,10.99,8.99,0.85
舒泰神,sz300204,32.6,30.03,29.5,109302300.0,32.6,65500,32.61,5100,8.56,34.98,28.91,109302300,3463780000.0,24.09,20.21,147.89,155.75,36.04,24.02,2.26
汇源通信,sz000586,15.59,15.47,15.85,7291400.0,15.58,13500,15.59,9100,0.78,15.93,15.37,7291400,113690000.0,3.81,3.62,29.81,30.16,17.02,13.92,0.89
国科恒泰,sz301370,10.6,10.39,10.46,2812700.0,10.6,62600,10.61,10800,2.02,10.6,10.31,2812700,29570000.0,0.87,2.79,34.32,49.88,12.47,8.31,1.25
中赋科技,sz300692,8.44,8.25,8.35,15812000.0,8.43,156400,8.44,88300,2.3,8.47,8.23,15812000,132390000.0,3.77,2.91,35.4,39.55,9.9,6.6,1.07
美力科技,sz300611,27.86,28.26,28.81,7523700.0,27.86,200,27.87,8700,-1.42,28.89,27.76,7523700,211970000.0,5.07,4.0,41.32,58.81,33.91,22.61,0.74
双林股份,sz300100,30.57,29.97,30.37,7927800.0,30.57,56800,30.58,20800,2.0,30.66,30.14,7927800,241270000.0,1.44,1.74,168.49,174.86,35.96,23.98,1.05
振华重工,sh600320,5.19,5.03,5.08,147842500.0,5.19,549000,5.2,278100,3.18,5.21,5.0,147842500,755290000.0,4.45,4.17,172.41,273.43,5.53,4.53,2.28
节能国祯,sz300388,8.09,7.99,8.08,3771000.0,8.09,24100,8.1,36000,1.25,8.14,8.02,3771000,30410000.0,0.55,1.5,55.1,55.1,9.59,6.39,0.59
西菱动力,sz300733,18.9,19.2,19.2,10131200.0,18.9,59600,18.96,2200,-1.56,19.28,18.59,10131200,191190000.0,4.49,3.59,42.62,57.77,23.04,15.36,1.07
中红医疗,sz300981,13.92,13.13,13.4,19701100.0,13.92,51800,13.93,2900,6.02,14.17,13.31,19701100,270220000.0,5.01,6.55,54.71,59.7,15.76,10.5,1.41
凯迪股份,sh605288,90.35,88.2,91.0,649500.0,90.35,1500,90.36,3500,2.44,91.88,89.41,649500,58800000.0,0.93,2.8,63.42,63.85,97.02,79.38,0.6
强邦新材,sz001279,31.72,31.28,31.72,503400.0,31.7,2200,31.73,3400,1.41,31.81,31.38,503400,15920000.0,1.26,1.37,12.69,50.75,34.41,28.15,0.7
信达地产,sh600657,3.09,3.01,3.06,25701600.0,3.08,8500,3.09,520500,2.66,3.12,2.97,25701600,78780000.0,0.9,4.98,88.12,88.12,3.31,2.71,1.5
惠天热电,sz000692,4.47,4.97,4.75,64404100.0,0.0,0,4.47,3681400,-10.06,4.85,4.47,64404100,293520000.0,12.09,7.65,23.82,23.82,5.47,4.47,0.8
创益通,sz300991,49.6,46.15,47.87,5379900.0,49.6,700,49.62,100,7.48,51.52,46.98,5379900,265530000.0,5.84,9.84,45.7,71.42,55.38,36.92,2.03
威尔药业,sh603351,26.65,26.24,26.3,2265700.0,26.65,5600,26.66,800,1.56,27.0,25.92,2265700,59700000.0,1.67,4.12,36.09,36.09,28.86,23.62,1.63
东方新能,sz002310,3.19,3.42,3.41,505226400.0,3.18,2520900,3.19,560400,-6.73,3.45,3.15,505226400,1630790000.0,12.03,8.77,133.95,191.38,3.76,3.08,0.7
凯添燃气,bj920010,12.1,12.34,12.0,11305400.0,12.09,13500,12.1,53900,-1.94,12.28,11.91,11305400,136918000.0,6.51,3.0,21.01,28.37,16.04,8.64,0.54
盛泰集团,sh605138,6.86,6.83,6.87,2110300.0,6.86,4800,6.87,59400,0.44,6.95,6.78,2110300,14460000.0,0.38,2.49,38.11,38.11,7.51,6.15,0.79
会畅科技,sz300578,20.34,19.99,20.45,4150800.0,20.34,500,20.35,18200,1.75,20.6,20.08,4150800,84310000.0,2.09,2.6,40.32,40.33,23.99,15.99,0.78
拓斯达,sz300607,25.72,25.07,25.58,8955200.0,25.72,21700,25.73,5600,2.59,25.86,25.33,8955200,229200000.0,2.65,2.11,86.8,122.68,30.08,20.06,0.88
新五丰,sh600975,5.36,5.35,5.39,10333100.0,5.35,337800,5.36,136300,0.19,5.4,5.32,10333100,55260000.0,0.83,1.5,66.98,66.98,5.89,4.82,0.91
奔朗新材,bj920807,11.3,11.08,11.18,1448300.0,11.28,11600,11.3,12000,1.99,11.44,11.18,1448300,16385400.0,1.17,2.35,13.96,20.55,14.4,7.76,0.7
嘉友国际,sh603871,13.79,13.45,13.65,12028700.0,13.79,8100,13.8,2300,2.53,13.99,13.53,12028700,165420000.0,0.88,3.42,188.65,188.65,14.8,12.11,0.97
*ST海源,sz002529,6.87,6.77,6.82,2157900.0,6.87,7900,6.88,36900,1.48,6.89,6.76,2157900,14720000.0,0.83,1.92,17.86,17.86,7.11,6.43,0.68
戴维医疗,sz300314,12.99,12.65,12.81,3639500.0,12.98,17400,12.99,800,2.69,13.02,12.72,3639500,47020000.0,2.53,2.37,18.67,37.41,15.18,10.12,1.12
钱江摩托,sz000913,15.85,16.67,16.51,35433500.0,15.85,66700,15.86,18500,-4.92,16.51,15.61,35433500,562540000.0,6.81,5.4,82.44,83.47,18.34,15.0,3.12
歌尔股份,sz002241,22.8,22.36,22.8,44929300.0,22.79,155400,22.8,506200,1.97,22.97,22.62,44929300,1021860000.0,1.43,1.57,715.57,808.41,24.6,20.12,0.73
河钢股份,sz000709,2.35,2.33,2.37,104319200.0,2.35,1296100,2.36,1914000,0.86,2.39,2.34,104319200,245990000.0,1.01,2.15,242.88,242.92,2.56,2.1,1.04
晟楠科技,bj920006,22.15,21.88,22.21,754800.0,22.15,12100,22.17,14200,1.23,22.38,21.84,754800,16587900.0,1.58,2.47,10.59,20.0,28.44,15.32,0.67
红蜻蜓,sh603116,5.63,5.6,5.69,4854800.0,5.63,113100,5.64,400,0.54,5.72,5.6,4854800,27380000.0,0.84,2.14,32.44,32.44,6.16,5.04,1.02
迪瑞医疗,sz300396,11.88,11.67,11.85,2134400.0,11.87,14400,11.88,1000,1.8,11.95,11.67,2134400,25260000.0,0.78,2.4,32.35,32.4,14.0,9.34,0.99
力诺药包,sz301188,20.45,17.04,17.21,38345000.0,20.45,1990000,0.0,0,20.01,20.45,17.21,38345000,727070000.0,14.33,19.01,54.71,54.71,20.45,13.63,7.41
亿能电力,bj920046,26.7,26.75,27.2,3495300.0,26.7,35400,26.73,1000,-0.19,27.48,26.33,3495300,93710000.0,5.45,4.3,17.11,27.01,34.77,18.73,0.67
读者传媒,sh603999,6.91,6.84,6.9,6776000.0,6.9,28900,6.91,10700,1.02,7.03,6.84,6776000,46730000.0,1.18,2.78,39.8,39.8,7.52,6.16,0.76
信雅达,sh600571,13.43,13.21,13.4,5208300.0,13.42,60000,13.43,9100,1.67,13.48,13.34,5208300,69860000.0,1.14,1.06,61.48,62.63,14.53,11.89,0.89
无线传媒,sz301551,28.6,28.15,28.68,2504800.0,28.6,12600,28.61,1600,1.6,28.75,28.3,2504800,71410000.0,1.62,1.6,44.2,114.4,33.78,22.52,0.81
中国核建,sh601611,14.55,14.01,14.29,58096400.0,14.55,16500,14.56,245800,3.85,14.66,14.03,58096400,832070000.0,1.93,4.5,438.51,438.51,15.41,12.61,1.1
朗博科技,sh603655,37.51,37.31,37.66,1207400.0,37.49,800,37.51,5100,0.54,37.99,37.1,1207400,45340000.0,1.14,2.39,39.76,39.76,41.04,33.58,0.72
华盛昌,sz002980,45.12,42.1,42.69,23971100.0,45.11,900,45.12,6300,7.17,46.31,41.26,23971100,1065190000.0,23.64,12.0,45.75,85.46,46.31,37.89,2.1
华昌达,sz300278,4.68,4.58,4.7,15968000.0,4.68,13200,4.69,269000,2.18,4.75,4.62,15968000,74600000.0,1.13,2.84,65.96,66.17,5.5,3.66,0.86
聚飞光电,sz300303,8.98,8.66,9.0,89157000.0,8.98,406200,8.99,162700,3.7,9.15,8.88,89157000,802780000.0,6.71,3.12,119.36,127.23,10.39,6.93,1.17
格科微,sh688728,13.13,12.96,13.21,942625800.0,13.12,12200,13.13,28300,1.31,13.27,13.01,942625800,123520000.0,0.38,2.01,328.1,341.46,15.55,10.37,0.97
江波龙,sz301308,299.11,297.08,319.0,19344600.0,299.1,18400,299.11,10900,0.68,323.0,295.09,19344600,5951060000.0,7.05,9.39,820.74,1253.71,356.5,237.66,1.34
茂硕电源,sz002660,8.55,8.49,8.65,6125900.0,8.55,13900,8.56,46300,0.71,8.7,8.43,6125900,52300000.0,1.79,3.18,29.33,30.49,9.34,7.64,1.28
钢研高纳,sz300034,18.15,18.1,18.49,13947200.0,18.14,33600,18.15,3800,0.28,18.57,18.01,13947200,253550000.0,1.82,3.09,139.22,144.65,21.72,14.48,1.0
东和新材,bj920792,10.97,10.82,10.97,491300.0,10.97,1700,10.98,6900,1.39,11.06,10.88,491300,5372600.0,0.49,1.66,11.01,18.16,14.06,7.58,0.61
蜂助手,sz301382,33.21,32.66,33.38,5752900.0,33.2,2800,33.21,18400,1.68,33.73,32.98,5752900,191720000.0,3.26,2.3,58.55,94.85,39.19,26.13,0.66
ST太重,sh600169,2.45,2.45,2.45,23599800.0,2.44,625300,2.45,649800,0.0,2.47,2.43,23599800,57720000.0,0.71,1.63,81.66,82.0,2.57,2.33,1.1
永创智能,sh603901,11.71,11.4,11.57,6017200.0,11.71,36900,11.72,21200,2.72,11.77,11.54,6017200,70280000.0,1.23,2.02,57.1,61.37,12.54,10.26,0.92
今世缘,sh603369,27.23,26.5,26.81,10580800.0,27.22,28700,27.23,25800,2.75,27.47,26.56,10580800,286810000.0,0.85,3.43,339.5,339.5,29.15,23.85,1.47
宏鑫科技,sz301539,19.1,18.9,19.15,1419700.0,19.06,6500,19.1,1600,1.06,19.28,18.96,1419700,27130000.0,1.89,1.69,14.34,28.27,22.68,15.12,1.09
智能自控,sz002877,8.69,8.57,8.74,8371900.0,8.68,34900,8.69,67100,1.4,8.74,8.56,8371900,72320000.0,3.48,2.1,20.9,30.92,9.43,7.71,0.9
香山股份,sz002870,35.87,35.77,36.35,1765600.0,35.87,500,35.88,3000,0.28,36.78,35.67,1765600,63820000.0,1.37,3.1,46.26,47.38,39.35,32.19,0.84
润建股份,sz002929,49.84,48.47,49.86,12405100.0,49.84,2500,49.86,1400,2.83,51.22,49.53,12405100,623450000.0,5.89,3.49,104.94,141.59,53.32,43.62,0.97
ST华鹏,sh603021,7.16,6.93,7.02,8853700.0,7.16,900,7.17,75400,3.32,7.22,7.0,8853700,62920000.0,2.77,3.17,22.91,22.91,7.28,6.58,0.8
苏垦农发,sh601952,10.02,10.2,10.3,29699200.0,10.02,6300,10.03,47400,-1.76,10.33,9.97,29699200,298670000.0,2.16,3.53,138.08,138.08,11.22,9.18,0.79
宝泰隆,sh601011,3.44,3.45,3.47,49754400.0,3.44,267000,3.45,531300,-0.29,3.49,3.4,49754400,170890000.0,2.6,2.61,65.9,65.9,3.8,3.11,0.41
安阳钢铁,sh600569,2.25,2.23,2.25,35056300.0,2.24,1741400,2.25,30100,0.9,2.29,2.23,35056300,79020000.0,1.22,2.69,64.63,64.63,2.45,2.01,0.78
保龄宝,sz002286,9.76,9.63,9.79,4703400.0,9.75,15900,9.76,7900,1.35,9.82,9.66,4703400,45720000.0,1.27,1.66,36.07,37.14,10.59,8.67,0.72
华控赛格,sz000068,3.35,3.39,3.43,16644500.0,3.35,113500,3.36,288600,-1.18,3.47,3.33,16644500,56090000.0,1.65,4.13,33.72,33.72,3.73,3.05,1.01
仲景食品,sz300908,28.01,27.43,27.71,1595700.0,28.0,1500,28.03,1300,2.11,28.14,27.5,1595700,44570000.0,1.29,2.33,34.57,40.89,32.92,21.94,1.33
视声智能,bj920976,30.18,29.68,30.1,984400.0,30.18,10400,30.19,18900,1.68,30.29,29.65,984400,29428200.0,2.23,2.16,13.32,21.41,38.58,20.78,1.1
康恩贝,sh600572,4.46,4.4,4.43,44630700.0,4.45,337500,4.46,246300,1.36,4.47,4.39,44630700,198160000.0,1.76,1.82,112.84,113.14,4.84,3.96,1.15
中简科技,sz300777,35.74,35.41,36.09,6931400.0,35.74,8800,35.75,4200,0.93,36.31,35.42,6931400,248000000.0,1.64,2.51,151.4,157.15,42.49,28.33,0.85
顺鑫农业,sz000860,12.93,12.88,12.96,4762400.0,12.93,20900,12.95,4500,0.39,13.01,12.86,4762400,61650000.0,0.64,1.16,95.91,95.91,14.17,11.59,0.88
华电科工,sh601226,9.25,9.07,9.25,26025600.0,9.25,12600,9.26,122200,1.98,9.33,9.16,26025600,240710000.0,2.24,1.87,107.51,107.51,9.98,8.16,0.56
广聚能源,sz000096,10.12,10.04,10.13,6680800.0,10.12,23100,10.13,238600,0.8,10.18,10.07,6680800,67690000.0,1.31,1.1,51.7,53.43,11.04,9.04,0.67
长春燃气,sh600333,5.52,5.58,5.64,12059100.0,5.51,87700,5.52,47500,-1.08,5.65,5.47,12059100,66960000.0,1.98,3.23,33.62,33.62,6.14,5.02,0.72
富佳股份,sh603219,16.15,15.45,15.59,8446100.0,16.15,22700,16.16,2200,4.53,16.5,15.47,8446100,135160000.0,1.5,6.67,90.67,90.67,17.0,13.91,1.57
中颖电子,sz300327,23.89,23.51,24.05,5742700.0,23.89,3500,23.9,15600,1.62,24.19,23.74,5742700,137380000.0,1.69,1.91,80.95,81.55,28.21,18.81,0.95
南方精工,sz002553,24.61,24.7,24.75,12821800.0,24.61,5200,24.62,33800,-0.36,24.88,24.21,12821800,313870000.0,5.11,2.71,61.72,86.97,27.17,22.23,1.47
*ST南置,sz002305,2.2,2.22,2.22,24231600.0,2.19,1039900,2.2,59500,-0.9,2.25,2.18,24231600,53730000.0,1.4,3.15,38.15,38.15,2.33,2.11,0.98
渤海股份,sz000605,6.89,6.93,7.0,5831700.0,6.89,9400,6.9,51000,-0.58,7.09,6.82,5831700,40410000.0,1.65,3.9,24.3,24.3,7.62,6.24,0.85
迈为股份,sz300751,236.6,228.7,235.58,14757400.0,236.59,1800,236.6,13200,3.45,255.5,226.23,14757400,3509110000.0,7.63,12.8,457.47,661.07,274.44,182.96,1.12
亚信安全,sh688225,16.9,16.53,16.87,205267200.0,16.9,25500,16.91,7000,2.24,17.04,16.75,205267200,34690000.0,0.51,1.75,67.6,67.6,19.84,13.22,0.85
统一股份,sh600506,21.57,21.8,22.02,5741200.0,21.57,20000,21.58,23800,-1.06,22.03,21.45,5741200,124240000.0,2.99,2.66,41.42,41.42,23.98,19.62,0.7
恒林股份,sh603661,31.28,30.85,31.06,897700.0,31.24,2000,31.28,1100,1.39,31.44,30.8,897700,27980000.0,0.65,2.07,43.5,43.5,33.94,27.77,1.25
中文在线,sz300364,27.2,26.68,27.34,53022300.0,27.2,95000,27.21,18200,1.95,27.65,26.63,53022300,1441410000.0,8.03,3.82,179.63,198.15,32.02,21.34,1.09
九华旅游,sh603199,40.68,38.56,39.04,3822300.0,40.68,8400,40.69,300,5.5,41.3,38.75,3822300,153920000.0,3.45,6.61,45.02,45.02,42.42,34.7,1.51
立华股份,sz300761,19.86,19.72,19.92,6971200.0,19.86,8800,19.89,42200,0.71,19.95,19.4,6971200,137390000.0,1.11,2.79,124.72,166.28,23.66,15.78,0.84
东瑞股份,sz001201,13.23,13.16,13.31,3464400.0,13.23,51300,13.24,32700,0.53,13.34,13.15,3464400,45830000.0,1.71,1.44,26.87,34.1,14.48,11.84,1.0
金达莱,sh688057,12.11,11.9,12.06,135147100.0,12.09,2400,12.11,4500,1.76,12.13,12.01,135147100,16320000.0,0.49,1.01,33.42,33.42,14.28,9.52,0.89
三联锻造,sz001282,19.98,19.64,19.88,2305000.0,19.97,15200,19.98,42200,1.73,20.06,19.77,2305000,45890000.0,2.95,1.48,15.62,44.39,21.6,17.68,0.93
致远新能,sz300985,20.95,20.35,20.73,3009100.0,20.94,8000,20.95,23300,2.95,21.05,20.41,3009100,62590000.0,1.61,3.14,39.07,39.07,24.42,16.28,0.98
城建发展,sh600266,5.09,5.1,5.16,23952000.0,5.09,30300,5.1,306600,-0.2,5.19,5.05,23952000,122110000.0,1.15,2.75,105.66,105.66,5.61,4.59,0.83
片仔癀,sh600436,153.0,151.1,151.88,1438400.0,152.96,100,153.0,7900,1.26,153.24,151.55,1438400,219190000.0,0.24,1.12,923.08,923.08,166.21,135.99,1.16
杭州高新,sz300478,24.41,22.84,23.2,4620500.0,24.41,1500,24.42,3600,6.87,24.5,22.98,4620500,110230000.0,3.65,6.65,30.92,30.92,27.41,18.27,2.0
际华集团,sh601718,3.06,3.07,3.09,27212800.0,3.06,288100,3.07,140500,-0.33,3.1,3.04,27212800,83480000.0,0.62,1.95,133.45,133.45,3.38,2.76,0.59
鑫源智造,sh600615,11.52,11.45,11.64,2235500.0,11.52,20100,11.53,4400,0.61,11.78,11.35,2235500,25680000.0,0.99,3.76,25.95,25.99,12.6,10.31,0.84
欧克科技,sz001223,48.29,45.5,46.41,1305400.0,48.29,200,48.3,3700,6.13,48.73,46.01,1305400,62270000.0,1.4,5.98,45.08,45.08,50.05,40.95,1.98
露笑科技,sz002617,7.38,7.3,7.47,38081400.0,7.37,761000,7.38,294900,1.1,7.49,7.34,38081400,281330000.0,2.03,2.05,138.57,140.9,8.03,6.57,0.75
中洲控股,sz000042,8.86,8.86,8.95,4089500.0,8.86,28200,8.87,8600,0.0,9.01,8.83,4089500,36290000.0,0.62,2.03,58.84,58.9,9.75,7.97,0.57
同力股份,bj920599,18.27,18.0,18.21,2070800.0,18.26,4600,18.27,17900,1.5,18.36,18.07,2070800,37712800.0,0.59,1.61,64.05,84.5,23.4,12.6,0.76
美利信,sz301307,39.01,38.54,39.38,5774000.0,39.01,400,39.02,2300,1.22,39.89,38.56,5774000,225890000.0,5.3,3.45,42.52,82.16,46.25,30.83,0.59
*ST兰黄,sz000929,9.49,9.44,9.6,1823300.0,9.48,400,9.49,6700,0.53,9.6,9.39,1823300,17260000.0,0.98,2.22,17.63,17.63,9.91,8.97,0.59
兆丰股份,sz300695,70.0,68.13,69.35,870500.0,70.0,8200,70.03,700,2.74,70.78,69.18,870500,60870000.0,0.85,2.35,71.58,71.58,81.76,54.5,0.94
广联达,sz002410,11.28,11.07,11.27,25748300.0,11.27,182900,11.28,104200,1.9,11.36,11.18,25748300,290160000.0,1.64,1.63,177.11,186.34,12.18,9.96,0.93
欣天科技,sz300615,13.94,13.68,14.09,8990100.0,13.93,4000,13.94,8700,1.9,14.21,13.8,8990100,125810000.0,5.94,3.0,21.09,26.94,16.42,10.94,1.07
星宇股份,sh601799,123.0,122.01,123.9,2284000.0,122.99,3100,123.0,11000,0.81,124.77,122.41,2284000,281750000.0,0.8,1.93,351.39,351.39,134.21,109.81,0.91
苏交科,sz300284,7.04,6.52,6.63,32738400.0,7.03,144000,7.04,89600,7.98,7.44,6.63,32738400,231720000.0,2.73,12.42,84.29,88.9,7.82,5.22,4.05
国民技术,sz300077,20.34,20.01,20.7,25764000.0,20.34,43300,20.35,34900,1.65,21.16,20.24,25764000,529080000.0,4.55,4.6,115.19,137.93,24.01,16.01,0.77
航锦科技,sz000818,21.23,21.04,21.43,23324300.0,21.23,60700,21.24,79500,0.9,21.68,21.01,23324300,497920000.0,3.54,3.18,139.74,140.12,23.14,18.94,0.84
长城汽车,sh601633,20.64,20.63,20.78,11659500.0,20.64,12500,20.65,20200,0.05,20.83,20.4,11659500,239760000.0,0.19,2.08,1281.59,1766.34,22.69,18.57,0.9
中国天楹,sz000035,6.94,6.77,6.9,54724400.0,6.94,307000,6.95,31500,2.51,6.99,6.83,54724400,379190000.0,2.37,2.36,160.52,165.73,7.45,6.09,0.6
税友股份,sh603171,50.74,50.07,50.97,2154100.0,50.74,800,50.75,4100,1.34,50.97,50.2,2154100,108900000.0,0.53,1.54,205.95,206.18,55.08,45.06,0.86
博通集成,sh603068,31.48,30.9,31.6,1573200.0,31.47,4400,31.48,8900,1.88,31.75,31.26,1573200,49530000.0,1.04,1.59,47.78,47.78,33.99,27.81,0.9
口子窖,sh603589,25.09,24.7,24.76,3606300.0,25.09,4800,25.1,14400,1.58,25.19,24.64,3606300,90040000.0,0.6,2.23,150.07,150.07,27.17,22.23,1.18
太阳电缆,sz002300,9.41,9.59,9.7,32398500.0,9.41,94000,9.42,104500,-1.88,9.75,9.31,32398500,305560000.0,4.49,4.59,67.97,67.97,10.55,8.63,0.72
新里程,sz002219,2.53,2.5,2.54,125474300.0,2.52,2182900,2.53,1531400,1.2,2.55,2.46,125474300,315250000.0,3.83,3.6,82.78,85.7,2.75,2.25,0.55
金 螳 螂,sz002081,3.4,3.36,3.4,18470200.0,3.4,25600,3.41,319200,1.19,3.42,3.36,18470200,62660000.0,0.7,1.79,89.92,90.28,3.7,3.02,0.82
东软集团,sh600718,9.11,9.03,9.17,9433500.0,9.11,51900,9.12,4000,0.89,9.19,9.04,9433500,85910000.0,0.79,1.66,109.0,109.0,9.93,8.13,0.78
奥瑞德,sh600666,6.27,5.7,5.92,264323600.0,6.27,54416100,0.0,0,10.0,6.27,5.8,264323600,1625810000.0,10.92,8.25,151.72,172.52,6.27,5.13,0.36
移远通信,sh603236,74.73,74.2,76.0,5390900.0,74.73,7300,74.74,1900,0.71,76.0,74.1,5390900,403380000.0,2.06,2.56,195.54,215.09,81.62,66.78,1.2
金徽酒,sh603919,17.94,17.62,17.87,7193200.0,17.94,33800,17.95,2400,1.82,18.14,17.5,7193200,128460000.0,1.42,3.63,91.0,91.0,19.38,15.86,1.15
天和磁材,sh603072,36.3,35.76,36.2,1782000.0,36.3,12600,36.31,3700,1.51,36.5,36.08,1782000,64690000.0,1.41,1.17,45.82,95.93,39.34,32.18,0.97
小商品城,sh600415,13.28,12.94,13.08,57265600.0,13.27,201500,13.28,56200,2.63,13.41,12.94,57265600,757290000.0,1.04,3.63,728.22,728.22,14.23,11.65,1.77
三房巷,sh600370,2.51,2.42,2.47,125384000.0,2.5,360000,2.51,248700,3.72,2.52,2.43,125384000,311080000.0,3.22,3.72,97.81,97.81,2.66,2.18,0.69
奋达科技,sz002681,5.31,5.23,5.34,16481500.0,5.3,315100,5.31,210500,1.53,5.35,5.26,16481500,87320000.0,1.08,1.72,81.39,95.3,5.75,4.71,0.77
拓新药业,sz301089,28.8,27.93,28.4,2582300.0,28.79,9900,28.8,1100,3.11,28.91,28.02,2582300,73860000.0,2.85,3.19,26.06,36.44,33.52,22.34,1.32
金财互联,sz002530,8.69,8.57,8.72,10540300.0,8.69,31000,8.7,175500,1.4,8.75,8.6,10540300,91390000.0,1.52,1.75,60.41,67.71,9.43,7.71,0.88
胜利精密,sz002426,3.6,3.53,3.6,86182800.0,3.59,708100,3.6,2828000,1.98,3.63,3.54,86182800,308280000.0,2.53,2.55,122.49,122.49,3.88,3.18,0.63
中成股份,sz000151,11.8,11.7,12.05,6489700.0,11.8,700,11.81,1700,0.85,12.39,11.72,6489700,77490000.0,2.11,5.73,36.34,41.41,12.87,10.53,1.57
舍得酒业,sh600702,45.68,45.22,45.75,4268000.0,45.67,5400,45.68,4500,1.02,46.4,44.95,4268000,194310000.0,1.28,3.21,151.94,152.0,49.74,40.7,0.94
东方创业,sh600278,7.51,7.32,7.42,8775600.0,7.5,17300,7.51,27200,2.6,7.51,7.32,8775600,65240000.0,1.01,2.6,65.48,65.48,8.05,6.59,1.37
金种子酒,sh600199,8.26,8.23,8.2,12341100.0,8.25,144300,8.26,25300,0.36,8.43,8.11,12341100,101600000.0,1.88,3.89,54.33,54.33,9.05,7.41,1.32
五矿发展,sh600058,11.11,11.09,11.25,7457600.0,11.11,38900,11.12,3400,0.18,11.3,11.05,7457600,83070000.0,0.7,2.25,119.09,119.09,12.2,9.98,0.74
力源信息,sz300184,11.06,10.8,11.19,80615800.0,11.06,187400,11.07,83900,2.41,11.42,10.85,80615800,897680000.0,7.71,5.28,115.71,127.3,12.96,8.64,1.13
盛科通信-U,sh688702,175.44,166.88,172.99,540577400.0,175.44,7700,175.48,2000,5.13,179.58,172.1,540577400,951930000.0,2.66,4.48,356.13,719.3,200.26,133.5,0.93
捷捷微电,sz300623,27.26,26.62,27.25,8372400.0,27.25,11200,27.26,9200,2.4,27.42,27.05,8372400,228070000.0,1.09,1.39,209.19,226.82,31.94,21.3,0.79
北投科技,sh600936,4.14,4.0,4.07,82484600.0,4.14,120100,4.15,45400,3.5,4.4,4.04,82484600,350230000.0,4.94,9.0,69.18,69.18,4.4,3.6,3.81
江西长运,sh600561,6.67,6.7,6.84,5588600.0,6.66,6500,6.67,15400,-0.45,6.89,6.57,5588600,37230000.0,1.96,4.78,18.97,18.97,7.37,6.03,0.9
五方光电,sz002962,13.77,13.46,13.71,3143200.0,13.77,12700,13.78,32700,2.3,13.78,13.58,3143200,43070000.0,1.5,1.49,28.8,40.16,14.81,12.11,0.86
保利联合,sz002037,8.13,8.03,8.12,4611900.0,8.13,62200,8.14,11300,1.25,8.19,8.0,4611900,37380000.0,0.95,2.37,39.34,39.34,8.83,7.23,0.99
拓普集团,sh601689,58.68,56.8,57.97,26916600.0,58.68,7700,58.69,23800,3.31,59.19,57.9,26916600,1576030000.0,1.55,2.27,1019.76,1019.76,62.48,51.12,1.05
金卡智能,sz300349,13.99,13.67,14.01,7373300.0,13.99,5600,14.0,64600,2.34,14.07,13.8,7373300,102640000.0,2.0,1.98,51.67,58.37,16.4,10.94,0.81
恒基达鑫,sz002492,7.46,7.4,7.49,4269200.0,7.46,600,7.47,7600,0.81,7.58,7.36,4269200,31870000.0,1.07,2.97,29.68,30.21,8.14,6.66,0.51
春风动力,sh603129,239.44,228.6,230.0,2428400.0,239.41,200,239.46,200,4.74,242.58,226.44,2428400,572540000.0,1.58,7.06,367.5,367.5,251.46,205.74,1.64
众捷汽车,sz301560,37.01,36.53,37.27,2417200.0,37.01,68400,37.05,900,1.31,37.8,36.53,2417200,89970000.0,9.94,3.48,9.0,45.0,43.84,29.22,0.75
凯淳股份,sz301001,28.36,28.01,28.8,1155300.0,28.35,100,28.36,500,1.25,28.8,27.96,1155300,32740000.0,2.3,3.0,14.27,22.69,33.61,22.41,0.74
宏海科技,bj920108,11.2,11.27,11.52,939600.0,11.18,6100,11.2,500,-0.62,11.54,11.1,939600,10532100.0,1.29,3.9,8.17,19.29,14.65,7.89,0.89
安邦护卫,sh603373,42.16,42.16,43.0,1976500.0,42.15,1800,42.16,600,0.0,43.15,41.82,1976500,83890000.0,4.35,3.15,19.15,45.33,46.38,37.94,0.68
速达股份,sz001277,35.27,34.91,35.3,885600.0,35.27,300,35.32,400,1.03,35.59,34.88,885600,31140000.0,1.94,2.03,16.07,26.81,38.4,31.42,1.02
新日股份,sh603787,15.83,16.56,16.1,26343800.0,15.83,162600,15.84,28200,-4.41,16.3,15.38,26343800,415390000.0,11.45,5.56,36.43,36.43,18.22,14.9,0.83
济民健康,sh603222,9.23,8.94,9.0,16087400.0,9.22,21800,9.23,71800,3.24,9.25,8.86,16087400,146420000.0,3.06,4.36,48.47,48.47,9.83,8.05,1.46
鹏鹞环保,sz300664,5.69,5.66,5.74,18321300.0,5.68,20300,5.69,79200,0.53,5.78,5.63,18321300,104260000.0,2.44,2.65,42.8,43.03,6.79,4.53,0.86
郴电国际,sh600969,9.72,9.9,10.08,12373500.0,9.72,31800,9.73,23800,-1.82,10.09,9.64,12373500,120960000.0,3.34,4.55,35.97,35.97,10.89,8.91,0.87
天桥起重,sz002523,4.11,4.08,4.16,18648800.0,4.1,378400,4.11,72800,0.74,4.17,4.07,18648800,76610000.0,1.32,2.45,58.01,58.22,4.49,3.67,0.94
机器人,sz300024,14.95,14.71,14.96,14177000.0,14.95,83100,14.96,23300,1.63,15.04,14.8,14177000,211670000.0,0.92,1.63,230.22,234.06,17.65,11.77,1.08
奕帆传动,sz301023,39.09,38.53,39.4,937100.0,39.08,500,39.09,8400,1.45,39.56,38.78,937100,36580000.0,2.15,2.02,17.02,30.56,46.24,30.82,0.81
必得科技,sh605298,46.34,46.58,46.88,2130200.0,46.34,1700,46.35,100,-0.52,46.99,44.62,2130200,97080000.0,1.14,5.09,86.31,87.05,51.24,41.92,1.39
川仪股份,sh603100,19.64,19.25,19.52,5750300.0,19.63,36400,19.64,2500,2.03,19.75,19.29,5750300,112720000.0,1.12,2.39,100.47,100.79,21.18,17.33,0.82
石化油服,sh600871,2.85,2.84,2.83,123788100.0,2.85,956700,2.86,1659800,0.35,2.89,2.83,123788100,354160000.0,0.91,2.11,386.09,540.28,3.12,2.56,0.68
江南高纤,sh600527,2.54,2.56,2.6,88918600.0,2.53,1284000,2.54,852900,-0.78,2.64,2.5,88918600,226180000.0,5.13,5.47,43.99,43.99,2.82,2.3,0.59
必创科技,sz300667,15.86,15.63,15.92,4873800.0,15.86,14600,15.87,3000,1.47,15.95,15.49,4873800,76540000.0,2.82,2.94,27.38,32.46,18.76,12.5,0.79
慧智微-U,sh688512,11.84,11.35,11.7,1457559600.0,11.83,29900,11.84,107400,4.32,12.13,11.49,1457559600,171880000.0,4.49,5.64,38.43,55.27,13.62,9.08,1.04
直真科技,sz003007,41.39,40.63,41.58,1517100.0,41.38,100,41.39,1100,1.87,41.87,41.03,1517100,62830000.0,2.11,2.07,29.75,42.14,44.69,36.57,0.62
广州酒家,sh603043,15.7,15.6,15.7,3892800.0,15.7,2700,15.71,4200,0.64,15.8,15.57,3892800,61020000.0,0.69,1.47,88.54,89.3,17.16,14.04,1.31
可靠股份,sz301009,11.74,11.54,11.74,3518000.0,11.74,11500,11.75,100,1.73,11.86,11.62,3518000,41290000.0,2.33,2.08,17.73,31.92,13.85,9.23,0.79
泰胜风能,sz300129,12.74,12.6,12.96,41985600.0,12.74,15000,12.75,152300,1.11,13.1,12.49,41985600,534350000.0,5.84,4.84,91.56,141.27,15.12,10.08,0.8
惠泉啤酒,sh600573,12.24,12.14,12.15,5784300.0,12.23,71500,12.24,18900,0.82,12.32,12.08,5784300,70600000.0,2.31,1.98,30.6,30.6,13.35,10.93,0.93
上实发展,sh600748,5.1,5.1,5.22,23067400.0,5.1,222800,5.11,6100,0.0,5.23,5.05,23067400,117760000.0,1.25,3.53,94.07,94.07,5.61,4.59,0.8
中创股份,sh688695,24.7,24.25,24.68,60351300.0,24.65,1000,24.7,6100,1.86,24.95,24.38,60351300,14850000.0,1.13,2.35,13.19,21.01,29.1,19.4,0.56
应流股份,sh603308,64.14,61.73,63.57,17997900.0,64.14,20700,64.15,1900,3.9,65.17,63.08,17997900,1152190000.0,2.65,3.39,435.53,435.53,67.9,55.56,1.18
雅创电子,sz301099,45.66,43.52,45.01,8341200.0,45.66,1800,45.67,4000,4.92,47.98,45.01,8341200,384450000.0,9.29,6.82,40.99,66.97,52.22,34.82,1.15
白云机场,sh600004,9.07,8.97,9.02,9640300.0,9.06,156200,9.07,18700,1.11,9.08,8.97,9640300,87150000.0,0.41,1.23,214.66,233.76,9.87,8.07,1.07
光明地产,sh600708,3.43,3.36,3.45,35059900.0,3.43,6300,3.44,120700,2.08,3.49,3.36,35059900,120180000.0,1.58,3.87,76.33,76.44,3.7,3.02,0.94
富恒新材,bj920469,9.03,8.92,9.03,1943300.0,9.03,16300,9.04,8000,1.23,9.09,8.87,1943300,17432600.0,1.88,2.47,9.34,12.73,11.59,6.25,1.33
显盈科技,sz301067,31.68,31.16,31.88,1416800.0,31.66,100,31.68,3600,1.67,31.99,31.31,1416800,44700000.0,2.22,2.18,20.22,30.8,37.39,24.93,0.76
西山科技,sh688576,70.48,68.06,69.06,34151500.0,70.42,600,70.48,100,3.56,70.49,68.32,34151500,23780000.0,1.57,3.19,15.36,32.07,81.67,54.45,1.06
爱慕股份,sh603511,13.98,13.69,13.89,1194100.0,13.95,900,13.98,5600,2.12,13.99,13.8,1194100,16600000.0,0.3,1.39,56.18,56.49,15.06,12.32,0.9
赛摩智能,sz300466,8.63,8.5,8.66,3966100.0,8.62,20600,8.63,22900,1.53,8.72,8.54,3966100,34140000.0,0.88,2.12,38.74,46.22,10.2,6.8,0.77
大智慧,sh601519,10.64,10.42,10.62,20850000.0,10.63,135900,10.64,54300,2.11,10.69,10.5,20850000,221370000.0,1.05,1.82,211.65,211.65,11.46,9.38,0.93
中源协和,sh600645,32.94,30.9,31.39,31872800.0,32.94,4700,32.95,3800,6.6,32.94,31.1,31872800,1025720000.0,6.81,5.95,154.08,154.14,33.99,27.81,1.68
航发动力,sh600893,49.04,48.06,48.92,29089300.0,49.03,71800,49.04,12300,2.04,49.29,48.22,29089300,1419640000.0,1.09,2.23,1306.98,1307.21,52.87,43.25,0.92
中瓷电子,sz003031,79.52,75.05,78.0,13303200.0,79.52,72200,79.54,400,5.96,80.7,77.3,13303200,1051490000.0,3.91,4.53,270.49,358.68,82.56,67.55,1.15
迈信林,sh688685,41.8,42.25,43.0,230108500.0,41.8,2100,41.82,24900,-1.07,43.57,41.73,230108500,97900000.0,1.57,4.36,61.38,61.38,50.7,33.8,0.92
凌钢股份,sh600231,2.07,2.06,2.08,17165700.0,2.06,852600,2.07,177600,0.49,2.1,2.05,17165700,35460000.0,0.61,2.43,58.67,59.4,2.27,1.85,0.58
中国重汽,sz000951,23.89,22.25,22.65,32511100.0,23.89,22900,23.9,51400,7.37,23.99,22.46,32511100,758860000.0,2.77,6.88,280.68,280.68,24.48,20.03,2.11
朗科智能,sz300543,9.7,9.59,9.8,6682900.0,9.69,21700,9.7,15500,1.15,9.85,9.59,6682900,64680000.0,2.67,2.71,24.27,29.72,11.51,7.67,0.63
凯德石英,bj920179,42.2,39.99,41.0,2535400.0,42.12,7600,42.2,5600,5.53,42.22,40.3,2535400,104645600.0,4.25,4.8,25.2,31.64,51.98,28.0,1.03
广咨国际,bj920892,14.11,14.07,14.22,516800.0,14.11,24500,14.27,1000,0.28,14.34,14.11,516800,7361500.0,0.34,1.63,21.29,24.04,18.29,9.85,1.11
海得控制,sz002184,11.46,11.33,11.56,3010600.0,11.46,19200,11.47,100,1.15,11.6,11.38,3010600,34490000.0,1.25,1.94,27.55,40.33,12.46,10.2,0.71
珠海港,sz000507,5.6,5.53,5.6,25998500.0,5.6,22200,5.61,63300,1.27,5.76,5.55,25998500,146450000.0,2.88,3.8,50.53,51.51,6.08,4.98,0.63
大参林,sh603233,18.2,17.78,17.91,6988800.0,18.2,5200,18.25,500,2.36,18.44,17.82,6988800,127090000.0,0.61,3.49,207.27,207.27,19.56,16.0,1.91
光正眼科,sz002524,4.49,4.43,4.52,11843100.0,4.48,39100,4.49,2200,1.35,4.55,4.4,11843100,52860000.0,2.32,3.39,22.94,23.14,4.87,3.99,0.86
长青科技,sz001324,19.52,20.01,20.31,3536100.0,19.52,700,19.53,11300,-2.45,20.36,19.33,3536100,69430000.0,4.33,5.15,15.94,26.94,22.01,18.01,1.09
起帆电缆,sh605222,23.48,22.96,22.99,15435900.0,23.48,9200,23.49,3600,2.26,23.69,22.63,15435900,356580000.0,3.74,4.62,96.95,96.95,25.26,20.66,1.21
喜悦智行,sz301198,14.13,14.07,14.32,2136700.0,14.12,700,14.13,7400,0.43,14.45,13.9,2136700,30220000.0,1.37,3.91,21.98,23.88,16.88,11.26,0.66
*ST四通,sh603838,8.8,8.88,8.94,1320400.0,8.79,400,8.8,3700,-0.9,9.0,8.7,1320400,11660000.0,0.41,3.38,28.16,28.16,9.32,8.44,1.0
超图软件,sz300036,15.32,15.12,15.42,6914200.0,15.32,20800,15.33,20300,1.32,15.55,15.2,6914200,106180000.0,1.58,2.31,67.17,75.49,18.14,12.1,0.91
香溢融通,sh600830,8.82,8.77,8.85,3365300.0,8.82,4300,8.83,76900,0.57,8.92,8.77,3365300,29710000.0,0.74,1.71,40.07,40.07,9.65,7.89,0.75
地纬智能,sh688579,10.47,10.13,10.35,478625200.0,10.47,11700,10.48,3700,3.36,10.55,10.27,478625200,49750000.0,1.2,2.76,41.88,41.88,12.16,8.1,0.91
数码视讯,sz300079,5.29,5.23,5.35,22751600.0,5.28,365100,5.29,201400,1.15,5.37,5.26,22751600,120560000.0,1.78,2.1,67.79,75.44,6.28,4.18,0.91
超卓航科,sh688237,52.78,50.4,50.39,150118100.0,52.69,1200,52.78,1200,4.72,52.83,50.39,150118100,77910000.0,1.67,4.84,47.33,47.33,60.48,40.32,1.51
ST帕瓦,sh688184,10.07,9.95,9.92,88695800.0,9.99,2000,10.07,400,1.21,10.19,9.88,88695800,8890000.0,0.88,3.12,10.12,16.02,11.94,7.96,1.5
*ST传智,sz003032,6.33,6.21,6.27,3119700.0,6.32,17000,6.33,4500,1.93,6.34,6.24,3119700,19600000.0,1.13,1.61,17.48,25.47,6.52,5.9,0.76
泉峰汽车,sh603982,7.82,7.74,7.87,4841700.0,7.81,6900,7.82,13800,1.03,7.9,7.73,4841700,37770000.0,1.43,2.2,26.55,28.55,8.51,6.97,0.89
高新发展,sz000628,51.5,50.76,51.67,5192300.0,51.46,100,51.5,1600,1.46,51.93,51.23,5192300,267940000.0,2.7,1.38,99.0,181.42,55.84,45.68,0.68
金冠股份,sz300510,4.31,4.25,4.35,21989200.0,4.3,30000,4.31,13500,1.41,4.39,4.26,21989200,94830000.0,2.67,3.06,35.54,35.54,5.1,3.4,0.64
铁流股份,sh603926,18.17,17.71,17.82,4333800.0,18.17,16000,18.18,3100,2.6,18.39,17.82,4333800,78590000.0,1.88,3.22,41.94,42.65,19.48,15.94,1.24
佳禾智能,sz300793,14.15,13.84,14.11,4618500.0,14.14,64600,14.15,61000,2.24,14.19,14.01,4618500,65120000.0,1.24,1.3,52.65,53.85,16.61,11.07,1.04
雪榕生物,sz300511,7.07,6.93,7.05,14055000.0,7.06,32800,7.07,25200,2.02,7.13,6.98,14055000,99220000.0,2.51,2.16,39.6,45.31,8.32,5.54,0.83
敷尔佳,sz301371,22.97,22.42,22.75,1154600.0,22.97,1800,22.98,1500,2.45,23.06,22.56,1154600,26380000.0,1.48,2.23,17.87,119.47,26.9,17.94,1.16
新城市,sz300778,12.47,12.26,12.53,2791300.0,12.46,20500,12.47,7900,1.71,12.53,12.28,2791300,34580000.0,1.37,2.04,25.39,25.4,14.71,9.81,0.76
*ST天山,sz300313,7.96,8.11,8.09,4555100.0,7.95,28300,7.96,119300,-1.85,8.09,7.82,4555100,36150000.0,2.31,3.33,15.71,19.09,9.73,6.49,0.82
通达股份,sz002560,11.87,10.79,11.37,83619000.0,11.87,6262600,0.0,0,10.01,11.87,11.17,83619000,981090000.0,18.46,6.49,53.76,62.41,11.87,9.71,3.17
华软科技,sz002453,5.29,5.25,5.33,12694500.0,5.28,55000,5.29,13400,0.76,5.34,5.2,12694500,66890000.0,2.07,2.67,32.42,42.97,5.78,4.73,1.26
凯发电气,sz300407,12.98,12.96,13.06,9579800.0,12.97,19900,12.98,25000,0.15,13.23,12.74,9579800,123520000.0,3.71,3.78,33.48,41.54,15.55,10.37,1.38
博源化工,sz000683,8.5,8.41,8.51,21789200.0,8.5,145800,8.51,36300,1.07,8.64,8.42,21789200,185840000.0,0.65,2.62,284.67,315.93,9.25,7.57,0.55
苏轴股份,bj920418,23.62,23.28,23.55,1284900.0,23.61,1000,23.62,3500,1.46,23.7,23.34,1284900,30199100.0,0.82,1.55,36.85,38.38,30.26,16.3,0.82
天康生物,sz002100,7.33,7.28,7.35,16150500.0,7.33,75100,7.34,30600,0.69,7.43,7.27,16150500,118610000.0,1.18,2.2,100.07,100.07,8.01,6.55,0.69
精进电动-UW,sh688280,9.86,9.63,9.87,1883096900.0,9.85,26500,9.86,28100,2.39,10.0,9.75,1883096900,186280000.0,3.62,2.6,51.33,58.2,11.56,7.7,1.15
电投水电,sh600292,14.27,13.43,13.55,18317800.0,14.26,800,14.27,83800,6.25,14.5,13.55,18317800,255080000.0,2.35,7.07,111.42,625.06,14.77,12.09,1.69
金麒麟,sh603586,18.38,18.27,18.44,2334400.0,18.37,2500,18.38,2000,0.6,18.61,18.25,2334400,42960000.0,1.19,1.97,36.03,36.03,20.1,16.44,0.66
东鹏饮料,sh605499,210.4,205.27,207.91,4801500.0,210.4,300,210.41,200,2.5,213.37,203.68,4801500,999990000.0,0.92,4.72,1094.11,1188.27,225.8,184.74,1.33
北路智控,sz301195,30.91,30.53,30.85,776800.0,30.9,4100,30.91,4300,1.24,31.14,30.71,776800,23990000.0,0.89,1.41,27.11,40.82,36.64,24.42,0.73
海正生材,sh688203,12.08,11.95,11.97,177677500.0,12.08,7800,12.12,6300,1.09,12.19,11.87,177677500,21390000.0,0.88,2.68,24.48,24.48,14.34,9.56,0.96
合力泰,sz002217,2.34,2.36,2.4,157139500.0,2.34,4330000,2.35,3421600,-0.85,2.42,2.32,157139500,368850000.0,2.16,4.24,170.34,175.02,2.6,2.12,0.98
国瑞科技,sz300600,12.58,12.46,12.6,3316200.0,12.57,9300,12.58,8900,0.96,12.79,12.47,3316200,41650000.0,1.13,2.57,37.01,37.01,14.95,9.97,0.8
立方控股,bj920130,19.88,19.45,19.98,711500.0,19.87,1000,19.88,2400,2.21,20.13,19.63,711500,14138100.0,1.26,2.57,11.25,18.34,25.28,13.62,0.76
灿能电力,bj920299,23.76,23.51,23.96,1321000.0,23.76,1000,23.77,2200,1.06,24.1,23.42,1321000,31312900.0,2.91,2.89,10.79,21.41,30.56,16.46,0.47
丰光精密,bj920510,14.48,14.19,14.36,1016100.0,14.48,6000,14.49,11500,2.04,14.58,14.36,1016100,14688300.0,1.08,1.55,13.6,26.67,18.44,9.94,0.85
如通股份,sh603036,18.3,17.98,18.07,3680600.0,18.28,200,18.3,5900,1.78,18.31,17.8,3680600,66380000.0,1.79,2.84,37.7,37.7,19.78,16.18,1.45
百诚医药,sz301096,53.99,50.84,51.26,4138000.0,53.99,600,54.0,22500,6.2,54.08,50.82,4138000,218600000.0,5.0,6.41,44.7,58.97,61.01,40.67,2.21
博云新材,sz002297,11.0,10.93,11.17,15240000.0,10.99,21400,11.0,80200,0.64,11.17,10.9,15240000,167690000.0,2.66,2.47,63.04,63.04,12.02,9.84,0.82
*ST花王,sh603007,6.4,6.39,6.46,13504400.0,6.39,246000,6.4,84000,0.16,6.48,6.29,13504400,86060000.0,1.94,2.97,44.49,56.62,6.71,6.07,0.69
金城医药,sz300233,14.49,13.91,14.1,11051000.0,14.48,11200,14.49,44000,4.17,14.49,13.94,11051000,157950000.0,2.99,3.95,53.59,55.62,16.69,11.13,1.68
彩虹集团,sz003023,24.4,22.86,23.29,6238600.0,24.39,2700,24.4,8100,6.74,24.78,23.03,6238600,150450000.0,5.94,7.66,25.64,25.7,25.15,20.57,2.61
新通联,sh603022,10.49,10.54,10.71,4636800.0,10.49,10300,10.5,700,-0.47,10.73,10.38,4636800,48750000.0,2.32,3.32,20.98,20.98,11.59,9.49,0.99
金桥信息,sh603918,13.69,13.56,13.9,4879100.0,13.69,25700,13.7,19200,0.96,13.9,13.61,4879100,66810000.0,1.34,2.14,49.98,49.98,14.92,12.2,0.81
南新制药,sh688189,7.98,7.65,7.73,784948800.0,7.97,5400,7.98,80200,4.31,8.0,7.6,784948800,61820000.0,2.86,5.23,21.9,21.9,9.18,6.12,1.48
中再资环,sh600217,3.82,3.81,3.84,11064800.0,3.82,37500,3.83,341000,0.26,3.87,3.79,11064800,42280000.0,0.67,2.1,63.32,63.32,4.19,3.43,0.45
安诺其,sz300067,4.35,4.29,4.4,19550500.0,4.34,387300,4.35,203100,1.4,4.43,4.31,19550500,85160000.0,2.09,2.8,40.78,50.22,5.15,3.43,0.85
ST惠伦,sz300460,8.83,8.75,8.87,2542100.0,8.82,35500,8.83,4100,0.91,8.98,8.77,2542100,22480000.0,0.91,2.4,24.8,24.8,10.5,7.0,0.59
富岭股份,sz001356,11.21,11.07,11.22,1661800.0,11.21,16700,11.23,9900,1.26,11.27,11.11,1661800,18590000.0,0.83,1.45,22.49,66.06,12.18,9.96,0.68
利亚德,sz300296,7.4,7.16,7.36,116484300.0,7.39,496200,7.4,329900,3.35,7.49,7.33,116484300,861250000.0,5.12,2.23,168.29,200.69,8.59,5.73,0.91
华信永道,bj920592,33.3,32.93,33.59,1367800.0,33.29,1500,33.3,600,1.12,34.03,33.14,1367800,45720000.0,2.72,2.7,16.75,26.9,42.8,23.06,0.65
赛力斯,sh601127,91.76,90.83,91.79,18862000.0,91.76,3300,91.77,2700,1.02,92.26,90.29,18862000,1723880000.0,1.21,2.17,1428.89,1598.45,99.91,81.75,1.04
华远控股,sh600743,1.9,1.93,1.94,15481100.0,1.9,608200,1.91,312100,-1.55,1.95,1.89,15481100,29550000.0,0.66,3.11,44.58,44.58,2.12,1.74,0.92
ST金鸿,sz000669,5.03,5.13,5.11,24031800.0,5.02,255000,5.03,102800,-1.95,5.22,5.01,24031800,122240000.0,3.53,4.09,34.22,34.22,5.39,4.87,0.56
云煤能源,sh600792,4.27,4.59,4.55,68976400.0,4.27,90200,4.28,182600,-6.97,4.59,4.24,68976400,298410000.0,6.21,7.63,47.39,47.39,5.05,4.13,0.71
渤海租赁,sz000415,4.45,4.31,4.42,69944700.0,4.45,75500,4.46,230600,3.25,4.47,4.37,69944700,310020000.0,1.3,2.32,239.99,275.21,4.74,3.88,0.89
福达股份,sh603166,13.41,13.18,13.48,5546200.0,13.4,16500,13.41,22400,1.75,13.5,13.26,5546200,74210000.0,0.87,1.82,85.92,86.58,14.5,11.86,0.59
深圳瑞捷,sz300977,18.98,18.82,19.37,1695600.0,18.98,9800,18.99,1300,0.85,19.37,18.79,1695600,32140000.0,1.79,3.08,17.99,28.89,22.58,15.06,0.92
格林精密,sz300968,11.63,11.36,11.6,3615900.0,11.62,53100,11.63,21800,2.38,11.67,11.46,3615900,41900000.0,0.87,1.85,48.08,48.08,13.63,9.09,1.04
协创数据,sz300857,220.3,209.32,216.02,10769800.0,220.3,29200,220.32,100,5.25,222.0,212.48,10769800,2357110000.0,3.13,4.55,757.81,762.5,251.18,167.46,1.16
思源电气,sz002028,209.0,202.0,207.0,8407300.0,209.0,7500,209.01,300,3.47,209.93,205.44,8407300,1748850000.0,1.38,2.22,1273.79,1632.47,222.2,181.8,1.07
颖泰生物,bj920819,3.58,3.57,3.6,3926200.0,3.58,59700,3.59,112100,0.28,3.63,3.56,3926200,14078800.000000002,0.32,1.96,43.38,43.88,4.64,2.5,0.66
北京人力,sh600861,16.29,16.24,16.4,2797600.0,16.29,27900,16.3,36800,0.31,16.4,16.2,2797600,45550000.0,0.76,1.23,59.72,92.22,17.86,14.62,1.25
荣联科技,sz002642,7.95,8.03,8.13,11648800.0,7.94,58100,7.95,23900,-1.0,8.15,7.89,11648800,93050000.0,1.76,3.24,52.6,52.6,8.83,7.23,0.89
华新环保,sz301265,20.3,21.33,21.3,16049700.0,20.3,32200,20.32,100,-4.83,21.47,20.12,16049700,329620000.0,9.45,6.33,34.47,61.5,25.6,17.06,1.71
海泰发展,sh600082,3.52,3.52,3.59,16852100.0,3.52,27800,3.53,44700,0.0,3.62,3.47,16852100,59390000.0,2.66,4.26,22.33,22.74,3.87,3.17,1.04
风语筑,sh603466,9.38,9.25,9.5,14044300.0,9.37,65600,9.38,3100,1.41,9.5,9.3,14044300,131520000.0,2.36,2.16,55.79,55.79,10.18,8.33,0.87
宁波建工,sh601789,5.87,5.53,5.65,220780500.0,5.87,20300,5.88,213400,6.15,6.08,5.65,220780500,1305090000.0,20.31,7.78,63.8,89.48,6.08,4.98,1.99
易事特,sz300376,6.45,6.23,6.48,42753700.0,6.44,109400,6.45,93100,3.53,6.86,6.42,42753700,281380000.0,1.84,7.06,150.12,150.17,7.48,4.98,1.46
永安期货,sh600927,13.85,13.76,13.97,4062000.0,13.85,7300,13.86,16400,0.65,14.0,13.78,4062000,56280000.0,0.28,1.6,201.59,201.59,15.14,12.38,0.88
贝泰妮,sz300957,39.04,37.95,38.5,4775400.0,39.04,6000,39.05,100,2.87,39.17,38.1,4775400,184550000.0,1.13,2.82,165.37,165.37,45.54,30.36,0.83
恒进感应,bj920870,14.09,13.86,14.08,686800.0,14.09,3300,14.1,3300,1.66,14.19,13.93,686800,9647800.0,1.04,1.88,9.3,18.88,18.01,9.71,0.87
云鼎科技,sz000409,10.4,10.24,10.4,5026800.0,10.4,119500,10.41,25500,1.56,10.44,10.27,5026800,52040000.0,0.85,1.66,61.41,70.49,11.26,9.22,0.92
狄耐克,sz300884,13.4,13.17,13.47,3539700.0,13.4,4100,13.41,32400,1.75,13.47,13.26,3539700,47340000.0,1.85,1.59,25.65,34.02,15.8,10.54,0.82
和而泰,sz002402,30.24,29.91,30.46,23055000.0,30.24,300,30.25,177400,1.1,30.55,29.83,23055000,693580000.0,2.83,2.41,246.04,279.61,32.9,26.92,0.77
我乐家居,sh603326,8.84,8.45,8.68,9769300.0,8.83,5300,8.84,14400,4.62,8.88,8.61,9769300,85620000.0,3.06,3.2,28.22,28.22,9.3,7.61,1.8
罗欣药业,sz002793,5.06,4.88,4.91,27947000.0,5.05,119500,5.06,229600,3.69,5.06,4.87,27947000,139390000.0,2.57,3.89,54.95,55.03,5.37,4.39,1.29
网达软件,sh603189,17.25,17.76,18.04,23513900.0,17.25,49200,17.26,9500,-2.87,18.2,16.86,23513900,411020000.0,8.72,7.55,46.5,46.5,19.54,15.98,3.26
宇通客车,sh600066,37.24,35.86,36.89,91215300.0,37.23,300,37.24,17600,3.85,38.12,36.12,91215300,3393680000.0,4.12,5.58,824.47,824.47,39.45,32.27,3.95
光莆股份,sz300632,13.49,13.21,13.45,6170000.0,13.48,1900,13.49,15100,2.12,13.69,13.23,6170000,82950000.0,2.79,3.48,29.84,41.17,15.85,10.57,0.85
葵花药业,sz002737,12.7,12.47,12.61,5491600.0,12.7,8700,12.71,7500,1.84,12.75,12.4,5491600,69370000.0,0.94,2.81,74.17,74.17,13.72,11.22,1.46
九芝堂,sz000989,9.62,9.35,9.4,31668900.0,9.62,28500,9.63,326500,2.89,9.63,9.37,31668900,302620000.0,4.56,2.78,66.78,82.34,10.29,8.42,1.23
得邦照明,sh603303,14.68,14.33,14.6,1866600.0,14.68,3400,14.7,9800,2.44,14.79,14.35,1866600,27330000.0,0.39,3.07,70.02,70.02,15.76,12.9,0.92
东安动力,sh600178,11.2,11.1,11.22,3280400.0,11.2,11700,11.21,4000,0.9,11.28,11.14,3280400,36750000.0,0.7,1.26,52.25,52.25,12.21,9.99,0.43
信安世纪,sh688201,13.72,13.42,13.77,533696200.0,13.72,1500,13.73,8600,2.24,13.84,13.56,533696200,73140000.0,1.76,2.09,41.51,43.51,16.1,10.74,0.97
申科股份,sz002633,18.13,17.53,17.99,3233800.0,18.12,8000,18.13,21300,3.42,18.37,17.65,3233800,58220000.0,2.16,4.11,27.09,27.2,19.28,15.78,1.07
吉比特,sh603444,375.0,362.7,368.0,2487000.0,375.0,900,375.02,400,3.39,375.19,360.2,2487000,917550000.0,3.45,4.13,270.15,270.15,398.97,326.43,1.7
山外山,sh688410,15.95,15.03,15.31,712865400.0,15.95,1700,15.96,2800,6.12,16.05,15.31,712865400,112730000.0,2.23,4.92,50.98,50.98,18.04,12.02,1.57
卓兆点胶,bj920026,31.97,31.37,32.3,403100.0,31.97,5200,32.0,2100,1.91,32.34,31.63,403100,12870800.0,1.08,2.26,11.9,26.24,40.78,21.96,1.03
恒尚节能,sh603137,13.6,13.64,13.87,1780200.0,13.6,1600,13.62,1000,-0.29,13.87,13.5,1780200,24270000.0,2.41,2.71,10.03,24.88,15.0,12.28,0.77
华凯易佰,sz300592,12.36,11.63,11.82,8030000.0,12.34,200,12.36,20500,6.28,12.43,11.74,8030000,96450000.0,2.3,5.93,43.12,49.98,13.96,9.3,1.69
华达新材,sh605158,7.57,7.5,7.64,2782400.0,7.57,2500,7.58,32900,0.93,7.69,7.48,2782400,21050000.0,0.54,2.8,38.71,38.71,8.25,6.75,0.92
峰璟股份,sz002662,3.92,3.94,3.98,23401100.0,3.91,175200,3.92,13100,-0.51,4.0,3.89,23401100,91760000.0,1.56,2.79,58.8,58.8,4.33,3.55,0.84
和顺石油,sh603353,33.18,32.06,32.13,5978300.0,33.17,1500,33.18,2100,3.49,33.51,31.89,5978300,196490000.0,3.51,5.05,56.54,57.04,35.27,28.85,0.91
健麾信息,sh605186,19.69,19.42,19.79,1542200.0,19.67,1000,19.69,500,1.39,19.92,19.47,1542200,30280000.0,1.13,2.32,26.78,26.78,21.36,17.48,0.76
明新旭腾,sh605068,26.48,26.05,26.06,1133300.0,26.48,1000,26.49,4500,1.65,26.56,26.06,1133300,29900000.0,0.7,1.92,42.95,42.95,28.66,23.45,0.73
欢瑞世纪,sz000892,6.11,6.07,6.15,17679600.0,6.1,117000,6.11,172500,0.66,6.19,6.01,17679600,107320000.0,2.49,2.97,43.43,59.94,6.68,5.46,0.94
国茂股份,sh603915,15.14,14.72,14.96,5674400.0,15.14,20300,15.15,1400,2.85,15.22,14.83,5674400,85320000.0,0.86,2.65,99.41,99.41,16.19,13.25,1.05
元隆雅图,sz002878,17.22,17.35,17.5,9467200.0,17.2,51900,17.22,43500,-0.75,17.55,17.05,9467200,162900000.0,4.01,2.88,40.63,45.11,19.09,15.62,0.85
朗鸿科技,bj920395,9.59,9.48,9.66,592100.0,9.59,3000,9.65,4800,1.16,9.7,9.54,592100,5687700.0,0.57,1.69,10.04,14.63,12.32,6.64,1.09
柯力传感,sh603662,55.93,55.29,56.0,2219000.0,55.92,800,55.93,17200,1.16,56.29,55.51,2219000,123950000.0,0.79,1.41,157.07,157.07,60.82,49.76,0.94
合力科技,sh603917,13.08,13.04,13.22,3198900.0,13.08,6300,13.09,10400,0.31,13.29,12.95,3198900,41850000.0,1.57,2.61,26.66,26.66,14.34,11.74,0.9
探路者,sz300005,14.93,14.9,15.18,28085900.0,14.92,7000,14.93,89400,0.2,15.28,14.78,28085900,419990000.0,3.2,3.36,130.87,131.94,17.88,11.92,0.57
宝兰德,sh688058,28.28,27.5,28.3,123347900.0,28.28,3500,28.3,5000,2.84,28.86,27.73,123347900,34800000.0,1.63,4.11,21.45,21.45,33.0,22.0,0.73
纬德信息,sh688171,47.89,47.16,48.0,75760400.0,47.88,2600,47.89,1100,1.55,48.94,47.01,75760400,36170000.0,0.9,4.09,40.12,40.12,56.59,37.73,0.73
博彦科技,sz002649,11.71,11.45,11.69,8100000.0,11.7,20700,11.71,43200,2.27,11.74,11.6,8100000,94540000.0,1.48,1.22,64.23,68.54,12.6,10.31,0.95
萤石网络,sh688475,26.62,26.34,26.47,302446300.0,26.61,23000,26.62,16400,1.06,26.9,26.41,302446300,80410000.0,0.38,1.86,209.63,209.63,31.61,21.07,1.07
华设集团,sh603018,7.37,7.29,7.34,7517500.0,7.36,18300,7.37,8200,1.1,7.39,7.28,7517500,55070000.0,1.1,1.51,50.4,50.4,8.02,6.56,1.19
兆驰股份,sz002429,9.76,9.46,9.73,95905400.0,9.75,332900,9.76,470800,3.17,9.85,9.57,95905400,932190000.0,2.12,2.96,441.57,441.83,10.41,8.51,0.96
莲花控股,sh600186,7.33,7.1,7.2,251650700.0,7.33,745900,7.34,558300,3.24,7.6,7.19,251650700,1859330000.0,14.14,5.77,130.5,131.41,7.81,6.39,0.96
云南能投,sz002053,12.01,12.34,12.55,31695400.0,12.01,68200,12.02,56100,-2.67,13.11,11.94,31695400,395900000.0,3.44,9.48,110.58,110.58,13.57,11.11,0.82
天保基建,sz000965,3.72,3.79,3.81,45442700.0,3.72,629500,3.73,57400,-1.85,3.84,3.68,45442700,169540000.0,4.09,4.22,41.29,41.29,4.17,3.41,0.64
恒为科技,sh603496,28.51,28.21,28.74,11122600.0,28.51,10800,28.52,2800,1.06,29.12,28.49,11122600,320120000.0,3.47,2.23,91.29,91.29,31.03,25.39,1.13
国统股份,sz002205,13.07,13.18,13.44,3126600.0,13.07,11500,13.08,1000,-0.83,13.48,12.91,3126600,40970000.0,1.68,4.32,24.29,24.29,14.5,11.86,1.13
之江生物,sh688317,19.83,18.88,19.06,341797200.0,19.82,20900,19.83,1400,5.03,19.97,18.92,341797200,66820000.0,1.78,5.56,38.1,38.1,22.66,15.1,2.84
浙江华远,sz301535,20.44,19.96,20.5,3273300.0,20.44,35700,20.45,4400,2.4,20.82,20.15,3273300,66650000.0,1.93,3.36,34.71,86.93,23.95,15.97,0.77
东软载波,sz300183,14.07,13.73,14.11,5045200.0,14.07,1500,14.08,6200,2.48,14.3,13.94,5045200,71150000.0,1.24,2.62,57.2,65.09,16.48,10.98,0.81
新亚电缆,sz001382,22.18,21.84,22.28,7253200.0,22.18,162100,22.19,3900,1.56,22.57,22.02,7253200,161480000.0,11.51,2.52,13.97,91.38,24.02,19.66,0.73
开创国际,sh600097,10.98,10.78,10.9,4620800.0,10.97,39900,10.98,4700,1.86,10.99,10.84,4620800,50490000.0,1.92,1.39,26.45,26.45,11.86,9.7,1.11
同享科技,bj920167,17.32,16.91,17.2,1758400.0,17.3,1400,17.32,1200,2.42,17.55,16.92,1758400,30340700.0,2.69,3.73,11.32,19.06,21.98,11.84,0.76
万德股份,bj920519,11.54,11.49,11.64,517500.0,11.53,700,11.54,3500,0.44,11.67,11.45,517500,5956500.0,0.82,1.91,7.27,10.3,14.93,8.05,0.79
佳力奇,sz301586,42.8,42.27,43.05,602800.0,42.79,300,42.8,3500,1.25,43.15,42.48,602800,25740000.0,1.14,1.59,22.65,35.51,50.72,33.82,0.83
均普智能,sh688306,9.12,8.98,9.16,616852000.0,9.11,46800,9.12,47200,1.56,9.18,9.04,616852000,56190000.0,0.5,1.56,112.02,112.02,10.78,7.18,0.89
克来机电,sh603960,20.71,20.4,20.85,5878800.0,20.71,8400,20.72,800,1.52,20.85,20.47,5878800,121320000.0,2.24,1.86,54.3,54.3,22.44,18.36,0.56
斯莱克,sz300382,11.57,11.42,11.6,13026000.0,11.56,119700,11.57,20400,1.31,11.85,11.48,13026000,151150000.0,2.01,3.24,75.01,75.02,13.7,9.14,0.81
华辰装备,sz300809,33.42,32.94,33.4,2821400.0,33.42,500,33.43,800,1.46,33.75,33.22,2821400,94390000.0,1.87,1.61,50.32,84.73,39.53,26.35,1.08
浙大网新,sh600797,9.12,8.94,9.1,25587600.0,9.11,68700,9.12,296700,2.01,9.23,9.04,25587600,233140000.0,2.49,2.13,93.71,93.71,9.83,8.05,1.02
麦加芯彩,sh603062,47.3,46.29,47.21,1370300.0,47.29,200,47.3,2300,2.18,48.44,47.06,1370300,65300000.0,3.7,2.98,17.54,51.08,50.92,41.66,0.95
昆船智能,sz301311,16.63,16.4,16.63,1871700.0,16.62,13700,16.63,400,1.4,16.69,16.44,1871700,30970000.0,0.78,1.52,39.91,39.91,19.68,13.12,0.88
晋西车轴,sh600495,4.98,4.93,5.19,168894900.0,4.98,791100,4.99,286700,1.01,5.42,4.96,168894900,884440000.0,13.98,9.33,60.17,60.17,5.42,4.44,6.56
聚力文化,sz002247,2.87,2.87,2.94,21845900.0,2.86,574400,2.87,496300,0.0,2.97,2.84,21845900,63050000.0,3.39,4.53,18.47,24.42,3.16,2.58,0.89
岩山科技,sz002195,9.09,9.02,9.19,135048400.0,9.09,325800,9.1,1604000,0.78,9.23,9.01,135048400,1226840000.0,2.41,2.44,509.15,515.45,9.92,8.12,0.77
神州高铁,sz000008,3.27,3.27,3.6,660634600.0,3.26,2406100,3.27,456400,0.0,3.6,3.24,660634600,2286370000.0,24.32,11.01,88.82,88.83,3.6,2.94,8.28
新泉股份,sh603179,67.29,65.1,66.38,10870600.0,67.28,7500,67.29,19400,3.36,68.76,66.01,10870600,730260000.0,2.13,4.22,343.27,343.27,71.61,58.59,0.78
敦煌种业,sh600354,6.53,6.63,6.7,31022200.0,6.52,188500,6.53,34900,-1.51,6.74,6.48,31022200,203390000.0,5.88,3.92,34.47,34.47,7.29,5.97,0.64
华创云信,sh600155,6.33,6.29,6.36,15904300.0,6.33,147700,6.34,89600,0.64,6.36,6.3,15904300,100670000.0,0.72,0.95,140.12,140.12,6.92,5.66,0.89
帝欧水华,sz002798,6.14,6.03,6.13,5242600.0,6.13,3200,6.14,24200,1.82,6.15,6.04,5242600,32000000.0,1.19,1.82,27.09,31.52,6.63,5.43,0.93
一博科技,sz301366,31.35,30.48,31.21,1631700.0,31.33,900,31.35,1100,2.85,31.78,31.08,1631700,51230000.0,1.39,2.3,36.68,65.69,36.58,24.38,1.17
魅视科技,sz001229,35.65,36.06,36.6,1978600.0,35.65,6500,35.66,100,-1.14,37.01,35.57,1978600,71680000.0,3.76,3.99,18.78,36.52,39.67,32.45,0.59
潞化科技,sh600691,3.28,3.31,3.35,75482100.0,3.27,803800,3.28,72100,-0.91,3.38,3.26,75482100,249630000.0,3.18,3.63,77.92,77.93,3.64,2.98,0.55
辽宁能源,sh600758,4.36,4.56,4.46,192936400.0,4.35,1184300,4.36,269800,-4.39,4.52,4.28,192936400,839210000.0,14.61,5.26,57.58,57.64,5.02,4.1,0.81
好莱客,sh603898,14.16,14.11,14.05,4846000.0,14.16,4600,14.18,16000,0.35,14.54,13.77,4846000,68020000.0,1.56,5.46,44.09,44.09,15.52,12.7,0.52
海洋王,sz002724,7.02,6.94,7.08,7182900.0,7.01,103300,7.02,36300,1.15,7.1,6.96,7182900,50330000.0,1.27,2.02,39.86,54.16,7.63,6.25,0.76
先进数通,sz300541,13.86,13.53,13.84,8962800.0,13.85,19000,13.86,11900,2.44,13.95,13.75,8962800,124030000.0,2.32,1.48,53.58,59.6,16.24,10.82,0.93
能辉科技,sz301046,25.47,24.3,24.8,3131300.0,25.46,3100,25.47,200,4.81,25.49,24.4,3131300,78860000.0,2.43,4.49,32.81,42.95,29.16,19.44,0.72
华海药业,sh600521,16.59,16.06,16.16,49099700.0,16.58,71700,16.59,96800,3.3,16.77,15.98,49099700,809940000.0,3.28,4.92,248.39,248.39,17.67,14.45,2.1
河化股份,sz000953,7.1,7.0,7.11,7552100.0,7.1,41800,7.11,81200,1.43,7.15,6.94,7552100,53150000.0,2.06,3.0,25.99,25.99,7.7,6.3,0.86
特瑞斯,bj920014,12.93,12.9,12.98,3274800.0,12.92,9400,12.93,51400,0.23,13.19,12.88,3274800,42585000.0,4.88,2.4,8.67,15.76,16.77,9.03,0.55
康普顿,sh603798,14.2,13.9,14.08,3820600.0,14.19,4700,14.2,15200,2.16,14.44,13.91,3820600,54320000.0,1.49,3.81,36.42,36.42,15.29,12.51,0.8
商络电子,sz300975,17.91,17.16,17.58,62454000.0,17.91,36400,17.92,35100,4.37,18.55,17.21,62454000,1115830000.0,12.69,7.81,88.13,123.04,20.59,13.73,1.13
宁波富达,sh600724,6.66,6.05,6.23,40510800.0,6.66,5580400,0.0,0,10.08,6.66,6.23,40510800,266120000.0,2.8,7.11,96.23,96.25,6.66,5.45,2.27
中信出版,sz300788,30.21,29.26,29.68,3536000.0,30.21,1000,30.22,2500,3.25,30.33,29.56,3536000,106120000.0,1.86,2.63,57.44,57.44,35.11,23.41,1.16
派特尔,bj920871,13.22,13.14,13.27,799700.0,13.22,13200,13.26,1000,0.61,13.55,13.2,799700,10670400.0,1.71,2.66,6.19,11.24,17.08,9.2,0.43
比依股份,sh603215,19.68,19.78,19.93,1809400.0,19.68,5100,19.69,5600,-0.51,19.99,19.56,1809400,35800000.0,0.97,2.17,36.85,36.99,21.76,17.8,0.62
中环海陆,sz301040,28.82,28.83,29.16,5245800.0,28.81,2500,28.82,3200,-0.03,29.58,28.46,5245800,151650000.0,5.57,3.88,27.16,28.82,34.6,23.06,0.37
南方航空,sh600029,5.93,5.65,5.78,159417900.0,5.93,531200,5.94,1098500,4.96,5.95,5.78,159417900,936570000.0,1.18,3.01,799.18,1074.57,6.22,5.09,1.21
台基股份,sz300046,31.1,30.16,30.93,5069000.0,31.09,18200,31.1,45900,3.12,31.19,30.62,5069000,156990000.0,2.14,1.89,73.56,73.56,36.19,24.13,1.17
悦心健康,sz002162,4.79,4.7,4.76,17230800.0,4.79,300500,4.8,840700,1.91,4.8,4.7,17230800,82030000.0,1.88,2.13,44.0,44.05,5.17,4.23,0.57
杰普特,sh688025,241.0,213.5,224.0,925542000.0,240.0,200,241.0,21500,12.88,243.2,222.0,925542000,2135200000.0,9.74,9.93,229.07,229.07,256.2,170.8,1.36
宜宾纸业,sh600793,18.39,18.21,18.34,1644200.0,18.39,8300,18.4,11400,0.99,18.45,18.13,1644200,30070000.0,0.93,1.76,32.53,32.53,20.03,16.39,0.75
艾融软件,bj920799,33.95,33.19,33.82,2183000.0,33.95,32900,33.96,32700,2.29,34.18,33.51,2183000,73894000.0,1.81,2.02,40.98,71.22,43.14,23.24,1.09
国力电子,sh688103,53.35,51.67,53.98,126051800.0,53.33,2000,53.35,11500,3.25,53.98,52.54,126051800,66910000.0,1.32,2.79,50.85,50.85,62.0,41.34,0.94
法狮龙,sh605318,75.8,73.56,74.8,1628900.0,75.79,600,75.8,21600,3.05,75.81,73.57,1628900,121570000.0,1.3,3.05,95.3,95.3,80.92,66.2,0.77
珈伟新能,sz300317,5.2,5.03,5.13,91889900.0,5.2,844800,5.21,436100,3.38,5.25,5.02,91889900,474190000.0,11.09,4.57,43.1,43.17,6.04,4.02,0.55
大恒科技,sh600288,14.26,14.07,14.3,4134800.0,14.25,21300,14.26,6900,1.35,14.35,14.06,4134800,58640000.0,0.95,2.06,62.29,62.29,15.48,12.66,1.04
瑞丰光电,sz300241,6.57,6.45,6.65,43739100.0,6.57,220700,6.58,63400,1.86,6.79,6.5,43739100,289970000.0,7.46,4.5,38.53,46.01,7.74,5.16,0.91
燕塘乳业,sz002732,16.38,16.44,16.64,2613700.0,16.37,3000,16.38,5800,-0.36,16.71,16.26,2613700,42980000.0,1.67,2.74,25.65,25.77,18.08,14.8,1.3
鑫汇科,bj920267,18.96,18.5,18.69,335100.0,18.86,400,18.96,16800,2.49,19.2,18.55,335100,6301000.0,1.13,3.51,5.63,9.48,24.05,12.95,0.79
美登科技,bj920227,60.93,58.02,58.83,845200.0,60.93,6200,60.96,400,5.02,60.93,58.02,845200,50356500.0,4.77,5.02,10.8,23.73,75.42,40.62,2.25
雄塑科技,sz300599,9.3,9.16,9.31,4744100.0,9.3,300,9.31,19500,1.53,9.43,9.19,4744100,44000000.0,2.23,2.62,19.75,33.31,10.99,7.33,0.62
远东传动,sz002406,7.29,7.24,7.36,14316900.0,7.29,8400,7.3,120100,0.69,7.36,7.21,14316900,104020000.0,2.38,2.07,43.9,53.23,7.96,6.52,0.75
安奈儿,sz002875,19.19,18.93,19.31,3401500.0,19.18,8000,19.19,100,1.37,19.49,18.88,3401500,65080000.0,1.86,3.22,35.01,40.88,20.82,17.04,0.91
迪生力,sh603335,6.16,6.0,6.03,17340700.0,6.15,29100,6.16,120500,2.67,6.24,5.93,17340700,105620000.0,4.05,5.17,26.37,26.37,6.6,5.4,1.51
卫光生物,sz002880,27.55,26.93,27.19,2236200.0,27.54,700,27.55,23600,2.3,27.58,27.11,2236200,61280000.0,0.99,1.75,62.48,62.48,29.62,24.24,0.8
宁波远洋,sh601022,9.11,8.95,9.06,9564800.0,9.1,15600,9.11,8500,1.79,9.23,9.06,9564800,87390000.0,0.73,1.9,119.22,119.22,9.85,8.06,0.87
奥拓电子,sz002587,6.87,6.85,6.99,22421500.0,6.86,14500,6.87,58600,0.29,7.07,6.8,22421500,155150000.0,4.21,3.94,36.6,44.76,7.54,6.17,0.9
迅安科技,bj920950,15.48,15.28,15.43,284800.0,15.48,200,15.57,1400,1.31,15.69,15.33,284800,4409800.0,0.8,2.36,5.53,11.35,19.86,10.7,1.32
博世科,sz300422,4.99,4.94,5.02,6502300.0,4.98,1700,4.99,36500,1.01,5.09,4.93,6502300,32450000.0,1.27,3.24,25.52,26.64,5.93,3.95,0.68
秦川机床,sz000837,10.67,10.53,10.7,11682200.0,10.66,184100,10.67,55300,1.33,10.74,10.56,11682200,124400000.0,1.16,1.71,107.49,109.17,11.58,9.48,0.86
宇通重工,sh600817,11.1,11.02,11.12,6078900.0,11.1,700,11.11,23500,0.73,11.18,10.93,6078900,67060000.0,1.15,2.27,58.75,59.2,12.12,9.92,1.36
中文传媒,sh600373,8.56,8.46,8.56,7167300.0,8.56,14300,8.57,186600,1.18,8.58,8.5,7167300,61280000.0,0.53,0.95,115.33,115.33,9.31,7.61,1.0
旭光电子,sh600353,14.33,14.18,14.44,16782300.0,14.33,21400,14.34,39900,1.06,14.5,14.19,16782300,240610000.0,2.02,2.19,118.77,118.94,15.6,12.76,0.94
中航泰达,bj920263,10.79,10.56,10.7,459700.0,10.78,100,10.79,2500,2.18,10.87,10.66,459700,4950200.0,0.45,1.99,11.07,15.24,13.72,7.4,0.71
英杰电气,sz300820,45.95,44.84,45.64,2025000.0,45.94,400,45.95,4500,2.48,46.18,45.56,2025000,92920000.0,1.81,1.38,51.36,102.13,53.81,35.87,1.04
紫燕食品,sh603057,25.01,24.54,25.55,2012300.0,25.0,1000,25.01,6900,1.92,25.55,24.64,2012300,50290000.0,0.49,3.71,103.04,103.04,26.99,22.09,0.56
江航装备,sh688586,13.99,13.8,14.02,654468600.0,13.99,2300,14.0,5100,1.38,14.12,13.75,654468600,91050000.0,0.83,2.68,110.71,110.71,16.56,11.04,0.83
水井坊,sh600779,33.13,32.79,32.86,2599300.0,33.13,7200,33.14,100,1.04,33.38,32.62,2599300,85800000.0,0.53,2.32,161.51,161.51,36.07,29.51,1.06
微创光电,bj920198,8.57,8.44,8.55,1181600.0,8.57,17200,8.58,8200,1.54,8.66,8.52,1181600,10130900.0,1.68,1.66,6.04,13.83,10.97,5.91,1.02
内蒙新华,sh603230,11.85,11.88,11.98,4046800.0,11.84,500,11.85,700,-0.25,12.0,11.62,4046800,47680000.0,1.14,3.2,41.89,41.89,13.07,10.69,1.28
东方明珠,sh600637,9.6,9.42,9.59,29013300.0,9.6,93400,9.61,288600,1.91,9.64,9.47,29013300,277620000.0,0.86,1.8,322.74,322.74,10.36,8.48,0.97
光明肉业,sh600073,5.9,5.9,5.93,7864600.0,5.89,34500,5.9,33300,0.0,5.97,5.86,7864600,46410000.0,0.84,1.86,55.33,55.33,6.49,5.31,0.87
深城交,sz301091,21.36,20.96,21.43,3561400.0,21.36,5200,21.37,1700,1.91,21.85,21.25,3561400,76430000.0,0.68,2.86,112.63,112.63,25.15,16.77,1.0
宏远股份,bj920018,27.62,26.87,27.7,1276200.0,27.62,8500,27.63,2500,2.79,27.75,27.39,1276200,35210800.0,2.89,1.34,12.21,35.17,34.93,18.81,0.96
海量数据,sh603138,20.09,20.53,20.74,27833600.0,20.09,49400,20.1,2300,-2.14,20.94,19.63,27833600,561560000.0,9.65,6.38,57.93,59.04,22.58,18.48,1.86
博实股份,sz002698,13.47,13.2,13.4,6280200.0,13.47,1000,13.48,13200,2.05,13.49,13.32,6280200,84260000.0,0.75,1.29,113.22,137.74,14.52,11.88,0.79
顺络电子,sz002138,34.03,33.09,34.0,14548000.0,34.02,800,34.03,9900,2.84,34.24,33.69,14548000,494520000.0,1.92,1.66,257.44,274.39,36.4,29.78,1.03
酉立智能,bj920007,55.45,54.7,55.6,280400.0,55.45,7000,55.55,300,1.37,56.69,55.03,280400,15625900.0,2.63,3.03,5.9,24.64,71.11,38.29,1.09
东方日升,sz300118,16.39,16.06,16.4,73498900.0,16.38,103300,16.39,107100,2.05,16.97,15.95,73498900,1203760000.0,7.93,6.35,151.91,186.85,19.27,12.85,0.98
春兴精工,sz002547,3.38,3.35,3.4,18402100.0,3.38,213900,3.39,440700,0.9,3.42,3.33,18402100,62030000.0,1.67,2.69,37.34,38.13,3.69,3.02,0.78
东华软件,sz002065,8.1,7.96,8.09,26019300.0,8.09,419300,8.1,610300,1.76,8.12,8.05,26019300,210270000.0,0.89,0.88,235.54,259.64,8.76,7.16,0.94
托普云农,sz301556,83.36,81.9,83.54,1330100.0,83.36,800,83.37,2700,1.78,83.99,82.06,1330100,110230000.0,4.51,2.36,24.57,71.09,98.28,65.52,0.98
合金投资,sz000633,6.74,6.69,6.85,7897300.0,6.74,7700,6.75,74200,0.75,6.88,6.67,7897300,53130000.0,2.05,3.14,25.96,25.96,7.36,6.02,0.77
利君股份,sz002651,9.4,9.46,9.5,8001600.0,9.39,98000,9.4,5700,-0.63,9.67,9.36,8001600,75620000.0,1.42,3.28,53.15,97.15,10.41,8.51,0.76
盈方微,sz000670,8.64,8.76,8.98,79658900.0,8.64,377100,8.65,358400,-1.37,9.03,8.57,79658900,697240000.0,9.69,5.25,71.01,72.98,9.64,7.88,0.68
福然德,sh605050,14.12,14.27,14.39,18869600.0,14.11,5500,14.12,40100,-1.05,14.6,13.81,18869600,266360000.0,3.83,5.54,69.59,69.59,15.7,12.84,0.84
君亭酒店,sz301073,27.91,27.2,27.56,3948800.0,27.91,4900,27.92,1000,2.61,28.28,27.07,3948800,109660000.0,2.22,4.45,49.73,54.27,32.64,21.76,1.16
好上好,sz001298,28.56,28.2,28.72,4481100.0,28.56,27100,28.57,100,1.28,29.04,28.32,4481100,128290000.0,2.72,2.55,47.01,85.19,31.02,25.38,1.03
大禹节水,sz300021,4.39,4.37,4.42,11297400.0,4.38,163600,4.39,48900,0.46,4.45,4.36,11297400,49540000.0,1.29,2.06,38.31,44.88,5.24,3.5,0.84
交大铁发,bj920027,20.02,21.78,21.07,7808700.0,20.02,9400,20.07,1000,-8.08,21.48,19.72,7808700,158081800.0,18.5,8.08,8.45,15.86,28.31,15.25,2.85
金利华电,sz300069,21.75,21.08,20.89,26289800.0,21.74,42200,21.75,4300,3.18,22.9,20.5,26289800,568430000.0,22.47,11.39,25.45,25.45,25.3,16.86,1.21
天沃科技,sz002564,6.16,6.06,6.18,11367500.0,6.16,23500,6.17,156800,1.65,6.22,6.08,11367500,69770000.0,1.32,2.31,52.91,52.91,6.67,5.45,0.65
智飞生物,sz300122,16.02,14.96,15.18,42269900.0,16.02,75200,16.03,271500,7.09,16.08,15.01,42269900,661490000.0,2.99,7.15,226.57,383.49,17.95,11.97,2.87
先锋电子,sz002767,20.98,20.53,20.96,2197700.0,20.98,200,20.99,3800,2.19,21.05,20.7,2197700,45930000.0,1.69,1.7,27.32,31.47,22.58,18.48,0.99
杭齿前进,sh601177,14.5,14.4,14.56,3209400.0,14.49,18000,14.5,51900,0.69,14.59,14.41,3209400,46520000.0,0.8,1.25,58.01,59.12,15.84,12.96,0.97
吴通控股,sz300292,4.67,4.59,4.69,47811700.0,4.67,494500,4.68,846200,1.74,4.77,4.62,47811700,224240000.0,4.28,3.27,52.11,62.66,5.51,3.67,0.96
建研设计,sz301167,16.78,16.42,16.65,3050300.0,16.77,3900,16.78,2800,2.19,16.89,16.54,3050300,50870000.0,4.29,2.13,11.93,18.79,19.7,13.14,0.9
中公教育,sz002607,2.64,2.62,2.66,78688400.0,2.64,2278200,2.65,2402300,0.76,2.67,2.61,78688400,207780000.0,1.55,2.29,134.22,162.82,2.88,2.36,0.65
丰立智能,sz301368,53.03,52.2,53.36,1888600.0,53.02,100,53.03,500,1.59,53.82,52.51,1888600,100390000.0,2.95,2.51,34.0,63.69,62.64,41.76,1.18
中科信息,sz300678,28.79,28.31,28.95,3771900.0,28.78,300,28.79,800,1.7,28.99,28.59,3771900,108490000.0,1.3,1.41,83.84,85.33,33.97,22.65,0.83
万丰奥威,sz002085,14.11,14.07,14.3,21767600.0,14.11,279800,14.12,54200,0.28,14.35,14.05,21767600,307830000.0,1.03,2.13,299.6,299.6,15.48,12.66,0.99
长春高新,sz000661,88.18,85.87,87.1,5940000.0,88.18,28100,88.19,8400,2.69,88.25,86.03,5940000,519680000.0,1.49,2.59,352.38,359.72,94.46,77.28,1.76
嘉事堂,sz002462,14.62,14.4,14.55,2961300.0,14.61,6500,14.62,50600,1.53,14.66,14.36,2961300,43080000.0,1.02,2.08,42.61,42.65,15.84,12.96,0.96
中航沈飞,sh600760,49.02,49.1,49.62,14644600.0,49.01,3000,49.02,6300,-0.16,49.7,48.6,14644600,716840000.0,0.52,2.24,1385.4,1389.76,54.01,44.19,0.92
万向德农,sh600371,8.7,8.53,8.58,6820700.0,8.69,7600,8.7,4200,1.99,8.71,8.48,6820700,58700000.0,2.33,2.7,25.45,25.45,9.38,7.68,0.66
健康元,sh600380,11.49,11.2,11.2,26119200.0,11.48,21400,11.49,5800,2.59,11.5,10.97,26119200,295130000.0,1.43,4.73,210.2,210.2,12.32,10.08,1.82
首华燃气,sz300483,20.12,20.1,19.79,42731600.0,20.12,3100,20.13,8100,0.1,20.51,19.28,42731600,855190000.0,11.2,6.12,76.79,76.82,24.12,16.08,0.68
君逸数码,sz301172,25.06,24.1,24.78,5052900.0,25.06,3200,25.07,2700,3.98,25.3,24.56,5052900,126090000.0,5.12,3.07,24.75,43.22,28.92,19.28,1.03
东航物流,sh601156,17.58,17.17,17.25,7859700.0,17.58,1700,17.59,7600,2.39,17.6,17.25,7859700,137410000.0,0.83,2.04,166.06,279.09,18.89,15.45,0.98
中科海讯,sz300810,32.18,31.93,32.5,2498600.0,32.17,3300,32.18,9500,0.78,32.56,31.8,2498600,80270000.0,2.19,2.38,36.68,37.99,38.32,25.54,1.1
泰晶科技,sh603738,26.3,25.92,26.85,56476100.0,26.29,3600,26.3,197500,1.47,27.36,25.15,56476100,1484300000.0,14.64,8.53,101.49,101.49,28.51,23.33,1.15
科顺股份,sz300737,6.28,6.21,6.35,12108500.0,6.28,5800,6.29,4000,1.13,6.38,6.21,12108500,76070000.0,1.37,2.74,55.7,69.71,7.45,4.97,0.69
浩辰软件,sh688657,46.02,45.11,45.79,80736000.0,46.02,2400,46.05,300,2.02,46.12,45.51,80736000,37000000.0,1.97,1.35,18.89,30.15,54.13,36.09,0.77
精工科技,sz002006,17.57,17.26,17.61,7017500.0,17.57,10800,17.58,4100,1.8,17.7,17.36,7017500,122870000.0,1.35,1.97,91.33,91.33,18.99,15.53,0.94
李子园,sh605337,10.92,10.84,10.95,2278100.0,10.91,5100,10.92,18400,0.74,10.99,10.84,2278100,24850000.0,0.58,1.38,42.6,42.6,11.92,9.76,0.76
南华仪器,sz300417,12.52,12.43,12.75,3820200.0,12.5,3000,12.52,2500,0.72,12.9,12.31,3820200,47870000.0,4.36,4.75,10.96,16.85,14.92,9.94,0.83
丰安股份,bj920608,16.43,16.18,16.34,199800.0,16.35,1400,16.43,500,1.55,16.47,16.16,199800,3270200.0,0.51,1.92,6.48,10.23,21.03,11.33,0.67
英特集团,sz000411,11.14,10.85,10.95,4592700.0,11.13,19800,11.14,9200,2.67,11.16,10.84,4592700,50800000.0,1.25,2.95,40.97,62.92,11.94,9.77,1.37
拉普拉斯,sh688726,61.3,54.87,56.0,4325078100.0,61.3,49200,61.31,3000,11.72,65.84,54.62,4325078100,2681500000.0,19.67,20.45,134.81,248.46,65.84,43.9,2.58
虹软科技,sh688088,39.41,38.39,39.25,477765600.0,39.41,3000,39.43,800,2.66,39.6,38.86,477765600,187430000.0,1.19,1.93,158.1,158.1,46.07,30.71,1.05
常熟汽饰,sh603035,14.19,14.05,14.13,3533500.0,14.18,5900,14.19,43700,1.0,14.23,14.06,3533500,50000000.0,0.96,1.21,51.98,51.98,15.46,12.65,0.9
侨银股份,sz002973,12.93,12.66,12.81,2046000.0,12.93,3300,12.94,2700,2.13,13.0,12.81,2046000,26450000.0,0.66,1.5,40.28,52.84,13.93,11.39,0.96
华鼎股份,sh601113,4.37,4.33,4.37,7367500.0,4.36,202000,4.37,99700,0.92,4.41,4.34,7367500,32150000.0,0.67,1.62,48.25,48.25,4.76,3.9,0.7
内蒙一机,sh600967,14.73,14.72,14.85,16877500.0,14.73,65800,14.74,81900,0.07,14.9,14.56,16877500,248660000.0,0.99,2.31,250.67,250.67,16.19,13.25,0.36
沈阳机床,sz000410,6.74,6.56,6.65,22274500.0,6.74,104600,6.75,192800,2.74,6.8,6.58,22274500,149120000.0,1.33,3.35,113.29,178.55,7.22,5.9,1.5
ST通脉,sh603559,7.3,7.16,7.29,7577200.0,7.29,16600,7.3,194200,1.96,7.48,7.17,7577200,55510000.0,1.89,4.33,29.29,29.29,7.52,6.8,3.21
飞亚达,sz000026,14.07,13.92,14.1,2417700.0,14.07,2000,14.08,1200,1.08,14.15,13.9,2417700,33860000.0,0.66,1.8,51.29,57.09,15.31,12.53,0.62
上海建工,sh600170,2.77,2.74,2.77,143782100.0,2.77,1729700,2.78,9003600,1.09,2.8,2.75,143782100,398540000.0,1.62,1.82,246.14,246.14,3.01,2.47,0.89
节能铁汉,sz300197,1.77,1.75,1.82,87021400.0,1.77,904600,1.78,868700,1.14,1.86,1.75,87021400,156110000.0,2.93,6.29,52.48,52.49,2.1,1.4,1.41
华熙生物,sh688363,42.29,40.9,41.65,324564900.0,42.29,16400,42.3,32100,3.4,42.48,41.26,324564900,136310000.0,0.67,2.98,203.7,203.7,49.08,32.72,1.53
汉宇集团,sz300403,11.79,11.58,11.76,5735700.0,11.78,16200,11.79,7600,1.81,11.85,11.67,5735700,67440000.0,1.34,1.55,50.35,71.09,13.9,9.26,0.75
信邦智能,sz301112,32.6,32.5,33.3,762000.0,32.6,2800,32.61,2100,0.31,33.3,32.35,762000,24910000.0,0.69,2.92,35.95,35.95,39.0,26.0,1.13
雷柏科技,sz002577,15.53,15.3,15.52,1440800.0,15.53,2300,15.54,14600,1.5,15.7,15.4,1440800,22340000.0,0.51,1.96,43.59,43.59,16.83,13.77,0.49
百普赛斯,sz301080,49.13,43.78,43.99,12795300.0,49.13,1500,49.14,11800,12.22,50.97,43.78,12795300,613120000.0,10.16,16.42,61.9,82.13,52.54,35.02,3.99
格灵深瞳,sh688207,14.2,13.87,14.16,359749600.0,14.19,24800,14.2,5400,2.38,14.28,14.05,359749600,50970000.0,1.39,1.66,36.77,36.77,16.64,11.1,0.99
艾迪精密,sh603638,19.96,19.63,19.93,5534400.0,19.95,7400,19.96,27100,1.68,20.1,19.69,5534400,110080000.0,0.67,2.09,165.89,165.89,21.59,17.67,1.02
联美控股,sh600167,6.68,6.74,6.78,19007000.0,6.67,175400,6.68,2200,-0.89,6.83,6.63,19007000,127160000.0,0.84,2.97,151.16,151.16,7.41,6.07,0.51
三安光电,sh600703,11.85,11.67,11.89,149576400.0,11.84,944600,11.85,212100,1.54,12.02,11.71,149576400,1773260000.0,3.0,2.66,591.2,591.2,12.84,10.5,0.55
和顺电气,sz300141,13.0,12.82,13.13,4813600.0,12.98,1900,13.0,21000,1.4,13.23,12.88,4813600,62650000.0,1.89,2.73,33.12,33.52,15.38,10.26,0.75
ST长园,sh600525,5.48,5.5,5.59,8523800.0,5.47,111900,5.48,15700,-0.36,5.6,5.46,8523800,46890000.0,0.65,2.55,72.27,72.27,5.78,5.23,0.62
爱朋医疗,sz300753,28.27,27.48,27.99,3986300.0,28.26,3100,28.27,2400,2.87,28.28,27.7,3986300,111810000.0,4.53,2.11,24.85,35.63,32.98,21.98,1.05
移为通信,sz300590,11.44,11.42,11.6,5626200.0,11.43,177300,11.44,26700,0.18,11.64,11.29,5626200,64470000.0,1.59,3.06,40.54,52.61,13.7,9.14,1.17
尚品宅配,sz300616,12.19,11.98,12.3,2526300.0,12.18,10000,12.19,2300,1.75,12.34,12.01,2526300,30710000.0,1.63,2.75,18.9,27.37,14.38,9.58,0.84
陇神戎发,sz300534,9.63,9.33,9.45,7589500.0,9.62,54200,9.63,117500,3.22,9.64,9.32,7589500,72320000.0,2.51,3.43,29.09,29.21,11.2,7.46,1.37
山东矿机,sz002526,3.54,3.6,3.64,56797500.0,3.54,719400,3.55,187800,-1.67,3.65,3.51,56797500,202060000.0,3.21,3.89,62.7,63.11,3.96,3.24,0.83
江河集团,sh601886,8.99,8.65,8.68,11560800.0,8.98,14300,8.99,4100,3.93,9.13,8.68,11560800,103500000.0,1.02,5.2,101.86,101.86,9.52,7.79,1.25
中贝通信,sh603220,26.3,25.09,25.75,39980500.0,26.3,13200,26.31,16800,4.82,27.16,25.59,39980500,1053670000.0,9.21,6.26,114.21,141.06,27.6,22.58,1.47
ST绝味,sh603517,12.29,11.7,11.78,7187200.0,12.29,1011600,0.0,0,5.04,12.29,11.72,7187200,86870000.0,1.19,4.87,74.48,74.48,12.29,11.12,1.9
联合水务,sh603291,12.18,11.91,11.95,6302100.0,12.17,1000,12.18,39600,2.27,12.45,11.94,6302100,76770000.0,1.49,4.28,51.55,51.55,13.1,10.72,0.88
神宇股份,sz300563,30.56,30.05,30.62,2389900.0,30.55,17600,30.56,14600,1.7,30.79,30.26,2389900,72830000.0,1.87,1.76,39.16,55.66,36.06,24.04,0.68
松炀资源,sh603863,15.68,16.47,16.5,14162100.0,15.68,53400,15.69,39400,-4.8,16.5,15.38,14162100,221690000.0,6.92,6.8,32.09,32.09,18.12,14.82,1.58
国脉科技,sz002093,9.6,9.5,9.65,7570200.0,9.59,98600,9.6,27300,1.05,9.68,9.54,7570200,72610000.0,0.75,1.47,96.72,96.72,10.45,8.55,0.74
豪美新材,sz002988,30.68,30.06,30.5,2702000.0,30.67,100,30.68,3200,2.06,31.16,30.27,2702000,83010000.0,1.08,2.96,76.61,76.63,33.07,27.05,1.04
春光智能,bj920810,11.09,10.83,10.95,420100.0,11.02,1000,11.09,15800,2.4,11.09,10.82,420100,4581400.0,0.67,2.49,6.92,10.64,14.07,7.59,0.6
科森科技,sh603626,23.55,22.08,22.68,60298900.0,23.55,309000,23.56,5900,6.66,24.29,22.23,60298900,1417910000.0,10.87,9.33,130.67,130.67,24.29,19.87,1.86
丸美生物,sh603983,26.11,26.5,26.5,5250800.0,26.1,9700,26.11,14700,-1.47,26.75,24.88,5250800,134300000.0,1.31,7.06,104.7,104.7,29.15,23.85,3.95
ST华西,sz002630,2.09,2.07,2.1,36897800.0,2.08,960200,2.09,718100,0.97,2.12,2.07,36897800,77230000.0,3.58,2.42,21.53,24.68,2.17,1.97,0.47
中南股份,sz000717,2.49,2.49,2.52,26206200.0,2.49,736400,2.5,1011400,0.0,2.54,2.48,26206200,65470000.0,1.08,2.41,60.35,60.35,2.74,2.24,0.7
爱威科技,sh688067,27.14,26.26,26.8,172325400.0,27.09,100,27.14,1700,3.35,27.18,26.31,172325400,46210000.0,2.53,3.31,18.46,18.46,31.51,21.01,1.13
坚朗五金,sz002791,20.17,19.79,20.0,4156100.0,20.17,20000,20.18,11700,1.92,20.2,19.87,4156100,83400000.0,1.91,1.67,43.91,71.38,21.77,17.81,0.81
万泰生物,sh603392,40.31,39.75,39.97,2987200.0,40.31,1000,40.32,1500,1.41,40.45,39.72,2987200,119940000.0,0.24,1.84,509.68,509.68,43.73,35.78,1.03
中无人机,sh688297,49.9,49.8,50.28,762170700.0,49.89,3900,49.9,30800,0.2,50.7,49.5,762170700,381180000.0,1.13,2.41,336.82,336.82,59.76,39.84,0.69
ST德豪,sz002005,2.75,2.73,2.78,9451100.0,2.74,60600,2.75,391900,0.73,2.8,2.68,9451100,25730000.0,0.54,4.4,48.18,48.19,2.87,2.59,0.94
海波重科,sz300517,11.32,11.0,11.22,2831600.0,11.3,11000,11.32,16300,2.91,11.36,11.08,2831600,31860000.0,2.28,2.55,14.04,22.69,13.2,8.8,0.84
金域医学,sh603882,26.84,26.26,26.79,5225800.0,26.84,9000,26.85,34100,2.21,26.89,26.14,5225800,139130000.0,1.14,2.86,123.5,124.34,28.89,23.63,1.15
共进股份,sh603118,13.37,13.16,13.08,80339700.0,13.37,5800,13.38,33600,1.6,13.44,13.08,80339700,1067910000.0,10.2,2.74,105.26,105.26,14.48,11.84,1.34
两面针,sh600249,7.01,6.37,7.01,7154600.0,7.01,16871300,0.0,0,10.05,7.01,7.01,7154600,50150000.0,1.3,0.0,38.55,38.55,7.01,5.73,0.25
东星医疗,sz301290,27.26,26.62,27.01,1296100.0,27.26,2000,27.31,1100,2.4,27.38,26.71,1296100,35120000.0,1.9,2.52,18.58,27.31,31.94,21.3,0.94
盟科药业-U,sh688373,6.48,6.18,6.25,2227694200.0,6.48,66400,6.49,47100,4.85,6.53,6.21,2227694200,142830000.0,3.68,5.18,39.25,42.52,7.42,4.94,2.11
安控科技,sz300370,2.58,2.56,2.6,22880900.0,2.58,409900,2.59,229800,0.78,2.62,2.56,22880900,58990000.0,1.47,2.34,40.29,40.39,3.07,2.05,0.9
海能技术,bj920476,19.59,19.28,19.56,637000.0,19.57,500,19.59,1600,1.61,19.83,19.39,637000,12488100.0,0.79,2.28,15.8,16.69,25.06,13.5,0.77
芯瑞达,sz002983,22.17,21.66,22.1,1858000.0,22.17,4700,22.18,2400,2.35,22.27,21.88,1858000,41010000.0,1.45,1.8,28.41,49.59,23.83,19.49,0.8
银之杰,sz300085,37.63,37.53,38.45,26275000.0,37.62,16000,37.63,3000,0.27,38.46,37.28,26275000,990700000.0,4.03,3.14,245.35,265.91,45.04,30.02,0.54
华阳集团,sz002906,28.5,27.47,28.02,9070000.0,28.5,2800,28.51,3200,3.75,28.91,27.82,9070000,257510000.0,1.73,3.97,149.51,149.6,30.22,24.72,1.33
一彬科技,sz001278,21.29,21.24,21.52,2475500.0,21.25,2800,21.29,14800,0.24,21.8,21.12,2475500,52830000.0,2.9,3.2,18.16,26.34,23.36,19.12,0.73
广电网络,sh600831,3.89,3.91,4.0,20015800.0,3.89,13400,3.9,43300,-0.51,4.03,3.85,20015800,78450000.0,2.82,4.6,27.66,27.66,4.3,3.52,0.63
科华生物,sz002022,5.99,5.88,5.93,8193200.0,5.98,91800,5.99,66600,1.87,6.03,5.84,8193200,48840000.0,1.59,3.23,30.8,30.81,6.47,5.29,1.06
蓝思科技,sz300433,28.62,27.98,28.74,58247700.0,28.62,172300,28.63,91900,2.29,29.26,28.37,58247700,1669590000.0,1.17,3.18,1422.18,1510.78,33.58,22.38,1.05
电科网安,sz002268,16.83,16.72,17.06,7040500.0,16.83,23500,16.84,5800,0.66,17.1,16.73,7040500,118740000.0,0.83,2.21,142.26,142.32,18.39,15.05,0.78
实朴检测,sz301228,43.84,42.75,43.61,1840800.0,43.83,200,43.84,6400,2.55,44.25,43.01,1840800,80400000.0,1.54,2.9,52.36,52.61,51.3,34.2,0.75
汉马科技,sh600375,5.12,5.06,5.15,15483400.0,5.12,85100,5.13,205700,1.19,5.25,5.08,15483400,79350000.0,1.06,3.36,74.89,82.08,5.57,4.55,1.05
卓翼科技,sz002369,7.07,6.99,7.11,7736600.0,7.07,89000,7.08,140200,1.14,7.12,6.97,7736600,54460000.0,1.37,2.15,40.03,40.08,7.69,6.29,0.74
麦格米特,sz002851,102.57,97.2,100.88,13567100.0,102.56,2000,102.57,53300,5.52,102.88,99.3,13567100,1372160000.0,2.96,3.68,469.73,596.44,106.92,87.48,1.22
电光科技,sz002730,29.15,26.5,26.05,51739400.0,29.14,12000,29.15,660700,10.0,29.15,26.0,51739400,1450280000.0,14.95,11.89,100.87,105.55,29.15,23.85,1.16
伟思医疗,sh688580,53.35,51.03,52.0,156919800.0,53.34,100,53.35,6400,4.55,53.86,51.89,156919800,83160000.0,1.64,3.86,51.09,51.09,61.24,40.82,1.55
广田集团,sz002482,1.69,1.69,1.71,51448300.0,1.68,3607400,1.69,991600,0.0,1.73,1.67,51448300,87010000.0,1.37,3.55,63.27,63.39,1.86,1.52,0.84
ST京蓝,sz000711,3.74,3.71,3.62,218735600.0,3.73,142600,3.74,40900,0.81,3.88,3.52,218735600,799460000.0,9.32,9.7,87.74,109.1,3.9,3.52,1.49
同仁堂,sh600085,28.66,27.78,27.93,12123600.0,28.65,12300,28.66,243400,3.17,28.8,27.92,12123600,344230000.0,0.88,3.17,393.06,393.06,30.56,25.0,1.5
横店影视,sh603103,23.33,23.17,23.4,5522700.0,23.33,5800,23.34,5300,0.69,23.48,22.97,5522700,128090000.0,0.87,2.2,147.96,147.96,25.49,20.85,1.1
国航远洋,bj920571,10.08,9.81,9.92,24326800.0,10.07,126100,10.08,94200,2.75,10.3,9.9,24326800,246425000.0,8.64,4.08,28.37,55.99,12.75,6.87,0.96
晋亿实业,sh601002,5.67,6.03,5.85,104253700.0,5.67,701900,5.68,85700,-5.97,5.91,5.65,104253700,595770000.0,10.92,4.31,54.12,54.12,6.63,5.43,1.83
汉王科技,sz002362,18.73,18.47,18.79,2549200.0,18.73,1600,18.74,21600,1.41,18.88,18.59,2549200,47650000.0,1.23,1.57,38.88,45.79,20.32,16.62,0.87
东华测试,sz300354,35.0,34.62,35.24,1733300.0,34.99,1000,35.0,16200,1.1,35.48,34.63,1733300,60500000.0,2.13,2.46,28.46,48.41,41.54,27.7,0.94
百胜智能,sz301083,17.88,17.76,18.09,1972100.0,17.88,600,17.9,1100,0.68,18.3,17.72,1972100,35290000.0,2.3,3.27,15.31,31.8,21.31,14.21,1.22
徐家汇,sz002561,8.16,8.11,8.19,3070400.0,8.16,6700,8.17,53200,0.62,8.24,8.09,3070400,24990000.0,0.74,1.85,33.82,33.93,8.92,7.3,0.83
金证股份,sh600446,12.86,12.52,12.75,14593300.0,12.86,40900,12.87,13100,2.72,13.0,12.6,14593300,186880000.0,1.55,3.19,121.05,121.05,13.77,11.27,1.17
安彩高科,sh600207,7.15,6.7,6.7,117098700.0,7.14,194500,7.15,71800,6.72,7.32,6.45,117098700,797660000.0,10.75,12.99,77.89,77.89,7.37,6.03,1.22
*ST辉丰,sz002496,1.99,1.93,1.96,25793200.0,1.98,969200,1.99,959000,3.11,1.99,1.94,25793200,50800000.0,2.32,2.59,22.14,30.0,2.03,1.83,0.88
固高科技,sz301510,30.78,30.0,30.81,3849500.0,30.77,1300,30.78,13000,2.6,30.91,30.3,3849500,117970000.0,1.38,2.03,85.93,123.12,36.0,24.0,0.99
中京电子,sz002579,12.29,11.17,11.44,45641900.0,12.29,6102400,0.0,0,10.03,12.29,11.42,45641900,551770000.0,7.82,7.79,71.7,75.29,12.29,10.05,1.4
丹娜生物,bj920009,65.34,63.78,64.49,242800.0,65.34,1100,65.37,400,2.45,65.97,63.82,242800,15786400.000000002,3.37,3.37,4.7,36.19,82.91,44.65,0.97
英科医疗,sz300677,56.53,58.68,59.0,22548500.0,56.53,37800,56.54,2800,-3.66,61.16,54.9,22548500,1297500000.0,4.84,10.67,263.21,370.13,70.42,46.94,1.43
实丰文化,sz002862,16.05,15.9,16.2,3719200.0,16.04,1000,16.05,65800,0.94,16.2,15.82,3719200,59410000.0,2.95,2.39,20.26,26.96,17.49,14.31,1.52
中科通达,sh688038,19.89,19.5,19.89,177541500.0,19.89,400,19.9,1000,2.0,20.28,19.72,177541500,35360000.0,1.53,2.87,23.15,23.15,23.4,15.6,0.99
亚普股份,sh603013,19.36,18.96,19.23,2874000.0,19.36,500,19.38,2200,2.11,19.5,19.15,2874000,55540000.0,0.57,1.85,98.39,98.39,20.86,17.06,0.88
维业股份,sz300621,8.25,8.11,8.31,5188600.0,8.24,2200,8.25,500,1.73,8.4,8.14,5188600,42820000.0,2.56,3.21,16.71,17.16,9.73,6.49,0.97
文科股份,sz002775,4.14,4.17,4.23,9935100.0,4.14,25500,4.15,16000,-0.72,4.25,4.1,9935100,41230000.0,1.74,3.6,23.66,26.34,4.59,3.75,1.13
普瑞眼科,sz301239,36.05,35.3,35.35,2682200.0,36.05,3700,36.06,100,2.12,36.5,35.2,2682200,96100000.0,1.79,3.68,53.94,53.94,42.36,28.24,1.16
海陆重工,sz002255,10.97,10.75,10.97,17378500.0,10.96,67200,10.97,124300,2.05,11.01,10.78,17378500,189150000.0,2.72,2.14,69.99,91.15,11.83,9.68,0.86
润本股份,sh603193,24.46,22.24,22.91,11543000.0,24.46,1742300,0.0,0,9.98,24.46,22.86,11543000,274690000.0,11.17,7.19,25.28,98.96,24.46,20.02,5.83
宏英智能,sz001266,31.38,30.75,31.38,1353100.0,31.35,300,31.38,1700,2.05,31.54,30.85,1353100,42180000.0,2.33,2.24,18.23,32.5,33.83,27.68,0.69
奕瑞科技,sh688301,111.5,108.69,111.09,470232300.0,111.5,1500,111.8,9600,2.59,113.48,109.76,470232300,524570000.0,2.35,3.42,223.45,235.77,130.43,86.95,1.17
方大集团,sz000055,3.66,3.63,3.7,8301400.0,3.65,13700,3.66,31700,0.83,3.73,3.62,8301400,30380000.0,1.23,3.03,24.74,39.3,3.99,3.27,1.05
新坐标,sh603040,82.11,79.41,80.3,1904000.0,82.11,800,82.15,1500,3.4,82.9,79.5,1904000,154820000.0,1.4,4.28,111.46,112.04,87.35,71.47,1.18
中化岩土,sz002542,3.32,3.28,3.45,130794800.0,3.32,380500,3.33,859600,1.22,3.6,3.3,130794800,447080000.0,7.44,9.15,58.39,59.96,3.61,2.95,5.98
凯华材料,bj920526,19.06,18.8,19.01,552200.0,18.99,100,19.06,100,1.38,19.18,18.88,552200,10495800.0,1.05,1.6,9.98,15.76,24.44,13.16,0.61
津荣天宇,sz300988,25.61,24.49,25.2,6754000.0,25.6,1700,25.61,13500,4.57,25.77,24.51,6754000,169910000.0,6.33,5.14,27.32,35.93,29.39,19.59,1.65
国科军工,sh688543,66.78,66.77,67.6,453517700.0,66.77,9300,66.78,1700,0.01,68.0,66.29,453517700,303820000.0,3.91,2.56,77.44,139.46,80.12,53.42,0.68
雪龙集团,sh603949,18.49,16.81,17.06,18631500.0,18.49,1279100,0.0,0,9.99,18.49,16.92,18631500,336650000.0,8.86,9.34,38.87,38.97,18.49,15.13,1.2
同心传动,bj920454,13.46,13.42,13.52,984500.0,13.4,6400,13.46,4200,0.3,13.7,13.33,984500,13218500.0,1.56,2.76,8.5,14.15,17.44,9.4,0.58
珀莱雅,sh603605,61.6,60.82,61.2,2268000.0,61.6,21100,61.61,400,1.28,61.88,60.87,2268000,139410000.0,0.57,1.66,243.92,243.92,66.9,54.74,0.87
龙头股份,sh600630,7.96,7.93,8.05,4633100.0,7.95,45300,7.96,9300,0.38,8.08,7.9,4633100,36840000.0,1.09,2.27,33.82,33.82,8.72,7.14,1.01
甬金股份,sh603995,17.72,17.49,17.65,2708400.0,17.72,9800,17.73,10600,1.32,17.74,17.55,2708400,47820000.0,0.74,1.09,64.79,64.79,19.24,15.74,0.91
华媒控股,sz000607,4.22,4.21,4.28,10765900.0,4.21,82800,4.22,406700,0.24,4.29,4.18,10765900,45360000.0,1.22,2.61,37.35,42.95,4.63,3.79,0.98
金隅集团,sh601992,1.79,1.8,1.82,77447400.0,1.79,305000,1.8,2831500,-0.56,1.84,1.78,77447400,139060000.0,0.93,3.33,149.18,191.13,1.98,1.62,0.78
渝 开 发,sz000514,4.77,4.77,4.83,8131600.0,4.77,26000,4.78,123200,0.0,4.85,4.73,8131600,38850000.0,0.96,2.52,40.25,40.25,5.25,4.29,0.88
徐工机械,sz000425,10.52,10.08,10.31,104415700.0,10.51,70500,10.52,500,4.37,10.55,10.25,104415700,1089180000.0,1.16,2.98,947.77,1235.95,11.09,9.07,1.17
中力股份,sh603194,33.03,32.59,33.05,1077200.0,33.01,2800,33.03,300,1.35,33.15,32.81,1077200,35530000.0,0.68,1.04,52.2,132.45,35.85,29.33,0.94
金自天正,sh600560,14.58,14.38,14.57,1994800.0,14.57,10100,14.58,5600,1.39,14.76,14.42,1994800,29060000.0,0.89,2.36,32.61,32.61,15.82,12.94,0.87
赛维时代,sz301381,19.66,19.26,19.57,2249500.0,19.65,2800,19.66,700,2.08,19.78,19.31,2249500,44080000.0,1.15,2.44,38.43,79.32,23.11,15.41,1.11
同方股份,sh600100,8.05,7.9,8.06,32616100.0,8.05,26900,8.06,307400,1.9,8.09,7.97,32616100,261740000.0,0.97,1.52,269.7,269.7,8.69,7.11,0.85
锴威特,sh688693,52.26,49.7,51.45,640488400.0,52.25,13300,52.26,1400,5.15,53.33,49.78,640488400,329860000.0,16.46,7.14,20.33,38.51,59.64,39.76,1.12
信邦制药,sz002390,3.35,3.28,3.3,33562700.0,3.35,28800,3.36,949900,2.13,3.36,3.24,33562700,111380000.0,1.74,3.66,64.58,65.12,3.61,2.95,1.15
胜业电气,bj920128,24.68,24.3,24.55,292800.0,24.67,900,24.68,300,1.56,24.92,24.46,292800,7235100.0,0.77,1.89,9.44,20.04,31.59,17.01,0.73
华塑股份,sh600935,2.85,2.84,2.86,48655700.0,2.85,324600,2.86,1037300,0.35,2.92,2.82,48655700,139130000.0,1.39,3.52,99.96,102.45,3.12,2.56,0.44
蓝黛科技,sz002765,10.07,9.94,10.1,7986300.0,10.06,234000,10.07,31100,1.31,10.12,9.97,7986300,80280000.0,1.34,1.51,60.0,65.67,10.93,8.95,0.91
绿地控股,sh600606,1.52,1.52,1.54,56207600.0,1.52,6049200,1.53,4131300,0.0,1.54,1.51,56207600,85760000.0,0.4,1.97,213.62,213.62,1.67,1.37,0.89
富士莱,sz301258,32.83,31.75,32.02,1194300.0,32.82,3900,32.83,3300,3.4,32.83,31.9,1194300,38860000.0,1.34,2.93,29.24,30.1,38.1,25.4,1.17
顺威股份,sz002676,6.63,6.47,6.58,8753600.0,6.62,50100,6.63,130600,2.47,6.63,6.51,8753600,57560000.0,1.22,1.85,47.73,47.74,7.12,5.82,0.95
雅葆轩,bj920357,21.94,21.17,21.55,917500.0,21.94,800,21.97,300,3.64,22.39,21.55,917500,20190100.0,2.06,3.97,9.77,17.57,27.52,14.82,1.29
派克新材,sh605123,96.16,97.62,98.6,3168700.0,96.15,4500,96.16,1300,-1.5,99.35,95.58,3168700,306850000.0,2.62,3.86,116.52,116.52,107.38,87.86,0.93
中路股份,sh600818,8.87,8.88,9.05,4054200.0,8.86,9900,8.87,35400,-0.11,9.09,8.76,4054200,35880000.0,1.7,3.72,21.11,28.51,9.77,7.99,1.17
倍轻松,sh688793,24.08,23.43,23.76,347912300.0,24.08,3400,24.12,200,2.77,24.65,23.28,347912300,83200000.0,4.05,5.85,20.7,20.7,28.12,18.74,0.67
威龙股份,sh603779,6.34,6.31,6.42,5557600.0,6.33,61000,6.34,9600,0.48,6.44,6.27,5557600,35260000.0,1.67,2.69,21.05,21.05,6.94,5.68,0.69
博瑞传播,sh600880,4.88,4.83,4.9,15177400.0,4.87,189900,4.88,62300,1.04,4.94,4.83,15177400,73840000.0,1.39,2.28,53.34,53.35,5.31,4.35,0.96
华星创业,sz300025,5.31,5.22,5.35,8789000.0,5.31,19400,5.32,90600,1.72,5.36,5.24,8789000,46440000.0,1.74,2.3,26.89,27.02,6.26,4.18,0.7
中捷资源,sz002021,3.05,3.15,3.2,52527800.0,3.05,613400,3.06,46100,-3.17,3.22,3.03,52527800,162180000.0,4.39,6.03,36.46,36.46,3.47,2.84,1.25
建设工业,sz002265,23.14,23.64,23.97,22744000.0,23.14,25200,23.15,5100,-2.12,24.1,23.01,22744000,530750000.0,2.2,4.61,239.05,239.05,26.0,21.28,0.63
无锡晶海,bj920547,22.21,21.49,21.87,603000.0,22.2,2500,22.21,2600,3.35,22.32,21.46,603000,13290500.0,1.6,4.0,8.38,17.25,27.93,15.05,1.13
北摩高科,sz002985,36.37,36.23,36.91,5315100.0,36.37,20400,36.38,4600,0.39,37.0,36.03,5315100,193410000.0,1.61,2.68,120.36,120.7,39.85,32.61,0.81
甘源食品,sz002991,49.7,48.79,49.17,637400.0,49.65,800,49.7,1000,1.87,49.78,48.91,637400,31460000.0,1.28,1.78,24.82,46.33,53.67,43.91,0.95
中曼石油,sh603619,33.16,34.37,33.41,28733400.0,33.15,54800,33.16,59900,-3.52,34.56,33.1,28733400,969410000.0,6.21,4.25,153.31,153.31,37.81,30.93,0.92
京能热力,sz002893,12.34,12.19,12.51,30435300.0,12.34,24500,12.35,37900,1.23,12.64,11.9,30435300,376600000.0,15.01,6.07,25.02,32.53,13.41,10.97,0.62
万安科技,sz002590,12.32,12.11,12.32,6161000.0,12.31,29400,12.32,15200,1.73,12.37,12.23,6161000,75830000.0,1.24,1.16,60.98,63.95,13.32,10.9,1.08
嵘泰股份,sh605133,27.27,26.4,26.77,4708500.0,27.26,300,27.27,6000,3.3,27.37,26.66,4708500,127660000.0,1.67,2.69,76.93,77.11,29.04,23.76,1.53
莱斯信息,sh688631,52.97,52.4,53.49,216664900.0,52.93,700,52.97,4000,1.09,54.0,52.48,216664900,114900000.0,3.34,2.9,34.36,86.59,62.88,41.92,1.38
海鸥股份,sh603269,13.73,13.4,13.67,7524700.0,13.73,8400,13.74,39100,2.46,13.83,13.58,7524700,103040000.0,2.44,1.87,42.39,42.39,14.74,12.06,0.62
湘邮科技,sh600476,11.1,11.3,11.6,4958000.0,11.09,2000,11.1,104200,-1.77,11.63,10.94,4958000,55250000.0,3.08,6.11,17.88,17.88,12.43,10.17,1.0
星网宇达,sz002829,22.55,22.3,22.7,4162000.0,22.55,12100,22.56,1000,1.12,22.78,22.18,4162000,93220000.0,2.85,2.69,32.93,46.86,24.53,20.07,0.91
吉大通信,sz300597,9.1,9.01,9.27,3896700.0,9.1,9300,9.12,5000,1.0,9.27,9.0,3896700,35590000.0,1.44,3.0,24.69,24.8,10.81,7.21,0.65
ST路通,sz300555,12.68,12.37,12.51,2700700.0,12.62,500,12.68,11600,2.51,13.08,12.5,2700700,34470000.0,1.36,4.69,25.1,25.36,14.84,9.9,1.38
爱仕达,sz002403,10.56,10.55,10.7,2521600.0,10.55,22000,10.56,25600,0.09,10.75,10.48,2521600,26700000.0,0.85,2.56,31.38,35.97,11.61,9.5,1.03
何氏眼科,sz301103,20.14,19.65,19.97,1651300.0,20.14,7900,20.15,900,2.49,20.14,19.68,1651300,32940000.0,1.04,2.34,31.83,31.83,23.58,15.72,1.06
大丰实业,sh603081,11.94,11.67,11.9,4574300.0,11.94,5900,11.95,23700,2.31,11.94,11.67,4574300,53980000.0,1.08,2.31,50.45,50.45,12.84,10.5,1.35
康泰医学,sz300869,13.55,13.27,13.46,3631400.0,13.54,1000,13.55,28800,2.11,13.55,13.26,3631400,48870000.0,1.43,2.19,34.33,54.44,15.92,10.62,1.3
易天股份,sz300812,33.9,33.03,34.01,6169200.0,33.9,11600,33.91,4200,2.63,34.65,33.5,6169200,209840000.0,6.65,3.48,31.43,47.49,39.64,26.42,0.69
联合光电,sz300691,15.58,15.25,15.47,3584300.0,15.57,2200,15.58,2100,2.16,15.64,15.38,3584300,55600000.0,1.62,1.7,34.39,41.92,18.3,12.2,0.78
苏豪时尚,sh600287,5.85,5.85,5.89,4528900.0,5.84,3600,5.85,82500,0.0,5.93,5.8,4528900,26510000.0,1.04,2.22,25.55,25.55,6.44,5.27,0.72
派诺科技,bj920375,14.29,14.11,14.49,4454500.0,14.26,51800,14.29,0,1.28,14.56,13.97,4454500,63263600.0,6.86,4.18,9.28,15.53,18.34,9.88,0.5
九联科技,sh688609,8.19,7.99,8.15,497448200.0,8.17,29800,8.19,26000,2.5,8.19,8.1,497448200,40570000.0,0.99,1.13,40.95,40.95,9.59,6.39,0.92
辽港股份,sh601880,1.65,1.64,1.66,141752300.0,1.65,4133700,1.66,11002900,0.61,1.68,1.64,141752300,234680000.0,0.77,2.44,303.82,388.93,1.8,1.48,0.75
奥普光电,sz002338,48.1,47.12,48.02,2680000.0,48.1,6200,48.11,600,2.08,48.28,47.14,2680000,128010000.0,1.12,2.42,115.44,115.44,51.83,42.41,1.14
卓锦股份,sh688701,9.4,9.23,9.47,285465300.0,9.38,900,9.4,5100,1.84,9.55,8.96,285465300,26600000.0,2.13,6.39,12.62,12.62,11.08,7.38,0.96
港通医疗,sz301515,23.02,22.77,23.45,1822700.0,23.02,2300,23.04,4100,1.1,23.45,22.78,1822700,41990000.0,2.78,2.94,15.09,23.02,27.32,18.22,1.04
禾川科技,sh688320,30.7,30.16,30.95,114739000.0,30.68,18500,30.7,1500,1.79,30.95,30.41,114739000,35190000.0,0.76,1.79,46.36,46.36,36.19,24.13,0.64
京能置业,sh600791,10.02,9.7,9.8,17227600.0,10.01,21400,10.02,1300,3.3,10.05,9.6,17227600,169780000.0,3.81,4.64,45.32,45.38,10.67,8.73,0.7
金运激光,sz300220,14.05,13.86,14.28,2027000.0,14.03,2200,14.05,12900,1.37,14.3,13.85,2027000,28470000.0,1.34,3.25,21.22,21.24,16.63,11.09,0.84
源飞宠物,sz001222,19.62,19.17,19.51,1825200.0,19.61,100,19.62,25900,2.35,19.63,19.18,1825200,35570000.0,1.7,2.35,21.07,37.45,21.09,17.25,1.49
华之杰,sh603400,67.26,67.0,68.01,751100.0,67.25,9100,67.26,3800,0.39,68.77,66.77,751100,50760000.0,3.76,2.99,13.45,67.26,73.7,60.3,0.8
乔治白,sz002687,4.91,4.95,5.03,9187500.0,4.9,29700,4.91,24700,-0.81,5.08,4.86,9187500,45270000.0,2.22,4.44,20.3,24.78,5.45,4.46,0.79
水羊股份,sz300740,21.08,20.46,20.92,8792900.0,21.08,44100,21.09,6200,3.03,21.2,20.76,8792900,184490000.0,2.45,2.15,75.72,82.27,24.55,16.37,1.27
永泰能源,sh600157,1.81,1.8,1.82,589003800.0,1.8,56232100,1.81,21839000,0.56,1.84,1.79,589003800,1065470000.0,2.7,2.78,394.9,394.9,1.98,1.62,0.39
爱尔眼科,sz300015,9.69,9.51,9.65,52187000.0,9.68,157400,9.69,511200,1.89,9.72,9.55,52187000,504100000.0,0.66,1.79,770.87,903.63,11.41,7.61,0.99
秉扬科技,bj920675,9.92,9.91,9.99,3109500.0,9.91,300,9.92,3200,0.1,10.05,9.85,3109500,30882500.0,3.94,2.02,7.84,17.08,12.88,6.94,0.98
挖金客,sz301380,33.25,32.61,33.39,1295100.0,33.24,300,33.26,3100,1.96,33.5,32.63,1295100,42720000.0,1.6,2.67,26.85,33.71,39.13,26.09,0.85
青松股份,sz300132,8.76,8.7,8.85,9979500.0,8.76,22800,8.77,49400,0.69,8.91,8.66,9979500,87260000.0,1.96,2.87,44.51,45.25,10.44,6.96,0.79
海泰科,sz301022,28.75,28.29,28.86,1353300.0,28.74,2600,28.75,3700,1.63,28.97,28.52,1353300,38880000.0,2.03,1.59,19.2,28.6,33.95,22.63,0.74
本川智能,sz300964,71.52,62.48,65.71,15216200.0,71.52,10000,71.55,200,14.47,74.98,65.0,15216200,1099260000.0,27.17,15.97,40.06,54.59,74.98,49.98,3.08
圣龙股份,sh603178,15.49,15.34,15.49,1221200.0,15.42,2100,15.49,8300,0.98,15.64,15.31,1221200,18820000.0,0.52,2.15,36.62,36.62,16.87,13.81,0.82
华岭股份,bj920139,16.96,16.62,16.98,2218300.0,16.94,9900,16.96,12900,2.05,17.25,16.83,2218300,37749900.0,0.85,2.53,44.08,45.71,21.6,11.64,0.93
国子软件,bj920953,28.86,28.35,28.83,687300.0,28.86,1000,28.87,500,1.8,29.36,28.63,687300,19875400.0,1.15,2.57,17.28,36.97,36.85,19.85,0.77
峆一药业,bj920478,18.05,16.28,16.5,7146300.0,18.05,55700,18.06,8900,10.87,19.1,16.27,7146300,129224700.0,15.13,17.38,8.53,14.21,21.16,11.4,8.46
光韵达,sz300227,11.12,10.79,11.2,17685500.0,11.12,15600,11.13,28600,3.06,11.38,11.02,17685500,197390000.0,4.05,3.34,48.52,61.9,12.95,8.63,1.11
长安汽车,sz000625,10.03,10.0,10.1,43206600.0,10.02,365100,10.03,542000,0.3,10.11,9.99,43206600,432830000.0,0.52,1.2,829.19,994.27,11.0,9.0,0.85
恒合股份,bj920145,14.81,14.43,14.81,771700.0,14.81,5000,14.84,200,2.63,14.94,14.59,771700,11432500.0,1.59,2.43,7.2,10.45,18.75,10.11,0.64
电声股份,sz300805,10.32,10.18,10.36,6931600.0,10.31,19100,10.32,44800,1.38,10.37,10.22,6931600,71370000.0,2.4,1.47,29.76,43.8,12.22,8.14,0.77
翰博高新,sz301321,19.75,19.97,20.42,4855500.0,19.75,1700,19.76,11800,-1.1,20.84,19.68,4855500,97700000.0,3.29,5.81,29.16,36.82,23.96,15.98,1.02
江淮汽车,sh600418,46.79,46.2,47.0,24984700.0,46.79,98400,46.8,51600,1.28,47.25,46.31,24984700,1168750000.0,1.14,2.03,1021.9,1054.73,50.82,41.58,0.95
ST香雪,sz300147,9.75,9.36,9.39,17724000.0,9.74,58300,9.75,90900,4.17,9.8,9.39,17724000,170630000.0,2.7,4.38,64.1,64.47,11.23,7.49,2.61
凯腾精工,bj920553,8.7,8.52,8.75,717600.0,8.66,5400,8.7,2900,2.11,8.75,8.6,717600,6222800.0,0.79,1.76,7.92,12.5,11.07,5.97,0.84
智明达,sh688636,41.25,40.68,41.72,349465700.0,41.25,3800,41.26,2100,1.4,42.17,40.61,349465700,144260000.0,2.08,3.83,69.15,71.74,48.82,32.54,0.78
通用股份,sh601500,4.34,4.3,4.34,10830100.0,4.34,85500,4.35,123000,0.93,4.36,4.31,10830100,46900000.0,0.68,1.16,68.7,68.98,4.73,3.87,0.93
博晖创新,sz300318,6.03,5.85,5.99,7997700.0,6.02,44300,6.03,98400,3.08,6.03,5.86,7997700,47810000.0,1.0,2.91,48.15,49.26,7.02,4.68,1.3
东方海洋,sz002086,2.14,2.12,2.15,43103800.0,2.14,46500,2.15,3181600,0.94,2.16,2.1,43103800,91830000.0,2.73,2.83,33.84,41.92,2.33,1.91,0.76
锦好医疗,bj920925,16.89,16.35,16.59,1614600.0,16.89,17500,16.9,74500,3.3,16.91,16.33,1614600,26975300.000000004,2.92,3.55,9.34,16.63,21.25,11.45,1.51
创新医疗,sz002173,25.79,24.92,25.42,32796500.0,25.79,52900,25.8,195300,3.49,25.98,24.99,32796500,837000000.0,7.79,3.97,108.54,113.81,27.41,22.43,1.27
延华智能,sz002178,6.32,6.13,6.25,21469300.0,6.31,109300,6.32,247800,3.1,6.47,6.19,21469300,135440000.0,3.02,4.57,44.98,45.01,6.74,5.52,1.41
百联股份,sh600827,8.55,8.49,8.55,7244500.0,8.55,125200,8.56,134900,0.71,8.56,8.47,7244500,61750000.0,0.45,1.06,137.18,152.55,9.34,7.64,0.97
石头科技,sh688169,120.56,119.98,121.3,278087800.0,120.56,800,120.57,200,0.48,121.88,119.81,278087800,335990000.0,1.07,1.73,312.38,312.38,143.98,95.98,1.31
*ST艾艾,sh603580,17.63,17.52,17.85,1587900.0,17.61,28400,17.63,86500,0.63,18.23,17.57,1587900,28440000.0,1.22,3.77,23.04,23.04,18.4,16.64,0.68
奥雅股份,sz300949,38.5,37.95,38.71,859300.0,38.45,100,38.5,3900,1.45,39.05,37.95,859300,33000000.0,2.51,2.9,13.21,23.1,45.54,30.36,0.88
贝仕达克,sz300822,14.1,13.83,14.09,1939200.0,14.09,1600,14.1,26400,1.95,14.19,13.94,1939200,27280000.0,0.67,1.81,40.75,43.93,16.6,11.06,1.17
星帅尔,sz002860,12.95,12.83,13.0,6955900.0,12.95,22400,12.97,1000,0.94,13.08,12.88,6955900,90210000.0,1.99,1.56,45.28,46.58,14.11,11.55,1.13
金杯汽车,sh600609,4.14,4.09,4.13,9650300.0,4.14,137000,4.15,644200,1.22,4.15,4.09,9650300,39800000.0,0.74,1.47,54.01,54.01,4.5,3.68,0.79
花园生物,sz300401,14.35,13.96,14.25,13954200.0,14.34,11600,14.35,1400,2.79,14.42,14.1,13954200,199330000.0,2.61,2.29,76.72,77.99,16.75,11.17,0.92
宇瞳光学,sz300790,23.52,23.01,23.52,4744100.0,23.52,1800,23.53,20600,2.22,23.62,23.21,4744100,111050000.0,1.46,1.78,76.35,87.99,27.61,18.41,0.86
科锐国际,sz300662,24.25,23.4,23.8,5653600.0,24.24,1300,24.25,1100,3.63,24.65,23.46,5653600,135920000.0,2.88,5.09,47.6,47.73,28.08,18.72,1.85
裕同科技,sz002831,32.81,31.7,32.63,11159900.0,32.81,29000,32.82,5700,3.5,33.7,32.44,11159900,369460000.0,2.18,3.97,167.66,302.02,34.87,28.53,0.77
蓝帆医疗,sz002382,8.29,7.96,7.99,88596900.0,8.28,226100,8.29,47300,4.15,8.34,7.9,88596900,720840000.0,8.86,5.53,82.88,83.49,8.76,7.16,2.26
海鸥住工,sz002084,3.89,3.9,3.99,18737300.0,3.89,43900,3.9,137200,-0.26,3.99,3.83,18737300,72650000.0,2.91,4.1,25.08,25.13,4.29,3.51,1.04
深粮控股,sz000019,7.68,7.79,7.76,19081600.0,7.67,97200,7.68,77200,-1.41,7.87,7.63,19081600,146920000.0,4.58,3.08,31.97,88.51,8.57,7.01,0.61
恒华科技,sz300365,6.56,6.55,6.7,30373700.0,6.56,88100,6.58,20000,0.15,6.9,6.52,30373700,203290000.0,5.94,5.8,33.57,39.35,7.86,5.24,0.82
朗玛信息,sz300288,12.7,12.45,12.7,3648000.0,12.69,19300,12.7,46500,2.01,12.83,12.52,3648000,46210000.0,1.42,2.49,32.58,42.92,14.94,9.96,1.05
永顺泰,sz001338,13.39,13.21,13.28,7732700.0,13.38,50300,13.39,23100,1.36,13.45,13.2,7732700,103280000.0,1.54,1.89,67.18,67.18,14.53,11.89,0.65
佩蒂股份,sz300673,14.96,14.41,14.69,4077900.0,14.95,8900,14.96,10900,3.82,15.04,14.67,4077900,60590000.0,2.54,2.57,24.0,37.0,17.29,11.53,1.59
银信科技,sz300231,11.56,11.21,11.45,31163500.0,11.56,4400,11.57,91800,3.12,12.1,11.45,31163500,363870000.0,7.01,5.8,51.36,51.36,13.45,8.97,0.71
金智科技,sz002090,10.88,10.6,10.77,8100400.0,10.87,11100,10.88,26100,2.64,10.91,10.72,8100400,87610000.0,2.05,1.79,43.09,43.58,11.66,9.54,1.01
金地集团,sh600383,2.75,2.73,2.77,54007300.0,2.75,42700,2.76,2186800,0.73,2.78,2.72,54007300,148200000.0,1.2,2.2,124.15,124.15,3.0,2.46,1.09
光洋股份,sz002708,11.93,11.72,11.88,7490200.0,11.93,5000,11.94,3400,1.79,12.15,11.86,7490200,89700000.0,1.45,2.47,61.64,67.06,12.89,10.55,1.21
迪安诊断,sz300244,19.2,18.46,18.92,26399500.0,19.19,7000,19.2,11000,4.01,19.49,18.63,26399500,504200000.0,5.26,4.66,96.28,120.0,22.15,14.77,1.2
恒立钻具,bj920942,27.14,28.62,29.06,3630300.0,27.14,1300,27.15,1800,-5.17,29.8,27.06,3630300,100616900.0,8.77,9.57,11.24,16.64,37.2,20.04,1.77
尤夫股份,sz002427,6.18,6.14,6.24,13945300.0,6.17,62800,6.18,125600,0.65,6.26,6.14,13945300,86220000.0,1.42,1.95,60.85,60.9,6.75,5.53,0.62
杭州解百,sh600814,7.77,7.69,7.75,6948600.0,7.76,11500,7.77,50300,1.04,7.78,7.68,6948600,53730000.0,0.95,1.3,57.12,57.12,8.46,6.92,0.87
海新能科,sz300072,5.13,5.19,5.26,73278600.0,5.12,542000,5.13,88900,-1.16,5.29,5.1,73278600,378300000.0,3.14,3.66,119.6,120.54,6.23,4.15,0.57
福星股份,sz000926,2.1,2.1,2.14,22793600.0,2.09,351600,2.1,21100,0.0,2.15,2.06,22793600,47830000.0,1.45,4.29,33.04,33.45,2.31,1.89,0.92
实益达,sz002137,8.12,8.0,8.16,9293200.0,8.11,44600,8.12,47400,1.5,8.2,8.06,9293200,75530000.0,2.34,1.75,32.19,46.89,8.8,7.2,0.69
艾布鲁,sz301259,32.25,31.09,31.56,2243800.0,32.24,1000,32.25,2700,3.73,32.43,31.3,2243800,71800000.0,2.27,3.63,31.89,50.31,37.31,24.87,0.92
荣盛发展,sz002146,1.43,1.43,1.45,97873300.0,1.43,4023700,1.44,4564700,0.0,1.46,1.42,97873300,140460000.0,2.5,2.8,55.93,62.18,1.57,1.29,1.08
德生科技,sz002908,9.05,8.96,9.16,3704900.0,9.04,42100,9.05,23500,1.0,9.17,8.97,3704900,33460000.0,1.15,2.23,29.13,39.04,9.86,8.06,0.91
宝信软件,sh600845,23.18,23.0,23.43,15304200.0,23.18,1700,23.19,16100,0.78,23.48,23.05,15304200,355670000.0,0.72,1.87,494.67,665.45,25.3,20.7,0.56
联翔股份,sh603272,33.08,33.0,33.67,11259700.0,33.08,3900,33.09,1500,0.24,34.16,31.6,11259700,369330000.0,10.87,7.76,34.28,34.28,36.3,29.7,1.04
数字政通,sz300075,12.71,12.54,12.8,5816300.0,12.71,15900,12.72,47000,1.36,12.85,12.63,5816300,73940000.0,1.13,1.75,65.51,78.95,15.05,10.03,0.79
威马农机,sz301533,32.76,31.5,32.02,1978300.0,32.75,2200,32.76,6400,4.0,33.39,31.74,1978300,64590000.0,6.96,5.24,9.32,32.21,37.8,25.2,2.19
凯文教育,sz002659,5.22,5.14,5.23,9796700.0,5.21,17500,5.22,96400,1.56,5.26,5.13,9796700,50830000.0,1.64,2.53,31.23,31.23,5.65,4.63,1.07
拾比佰,bj920768,10.75,10.6,10.75,801100.0,10.75,7800,10.79,7100,1.42,10.85,10.68,801100,8599900.0,1.05,1.6,8.22,11.93,13.78,7.42,0.77
骑士乳业,bj920786,8.02,7.91,7.97,2380800.0,8.01,8100,8.02,76200,1.39,8.03,7.93,2380800,19013100.0,1.67,1.26,11.4,16.77,10.28,5.54,0.76
北方国际,sz000065,14.57,14.55,16.01,111904600.0,14.57,91300,14.58,65000,0.14,16.01,14.55,111904600,1689210000.0,11.48,10.03,142.05,169.22,16.01,13.1,1.77
汇纳科技,sz300609,35.16,33.65,34.33,4981900.0,35.16,700,35.17,3100,4.49,35.56,34.0,4981900,174670000.0,4.15,4.64,42.17,42.23,40.38,26.92,2.09
瑞泰科技,sz002066,20.09,19.9,20.25,2679100.0,20.07,1500,20.09,2600,0.95,20.5,19.86,2679100,53840000.0,1.16,3.22,46.41,47.19,21.89,17.91,0.82
星宸科技,sz301536,69.08,67.71,69.1,5012100.0,69.07,2300,69.08,8900,2.02,70.33,68.71,5012100,347670000.0,2.68,2.39,129.31,291.32,81.25,54.17,0.78
金能科技,sh603113,7.17,7.13,7.16,19055700.0,7.16,81200,7.17,108400,0.56,7.34,7.05,19055700,136990000.0,2.25,4.07,60.84,60.84,7.84,6.42,0.68
德恩精工,sz300780,21.53,22.51,22.99,18064100.0,21.53,27100,21.54,500,-4.35,23.42,21.13,18064100,391760000.0,16.8,10.17,23.15,31.58,27.01,18.01,1.72
酷特智能,sz300840,17.81,17.38,17.85,5713500.0,17.81,12900,17.82,10900,2.47,18.14,17.6,5713500,101940000.0,3.23,3.11,31.54,42.74,20.86,13.9,0.61
金现代,sz300830,11.14,10.64,11.1,27666500.0,11.13,148400,11.14,109300,4.7,11.45,10.81,27666500,308150000.0,8.21,6.02,37.55,50.31,12.77,8.51,1.62
北纬科技,sz002148,7.58,7.47,7.6,6249100.0,7.57,62700,7.58,26900,1.47,7.64,7.49,6249100,47230000.0,1.39,2.01,34.06,42.37,8.22,6.72,0.81
硅烷科技,bj920402,8.81,8.78,8.86,2629800.0,8.81,7700,8.82,12400,0.34,8.92,8.75,2629800,23228300.0,0.96,1.94,24.04,37.18,11.41,6.15,0.89
居然智家,sz000785,2.46,2.45,2.49,43703700.0,2.46,1917700,2.47,1826900,0.41,2.51,2.44,43703700,107990000.0,0.74,2.86,145.08,153.19,2.7,2.21,0.73
津滨发展,sz000897,2.1,2.11,2.14,30657200.0,2.1,1056300,2.11,513200,-0.47,2.15,2.08,30657200,64610000.0,1.9,3.32,33.96,33.96,2.32,1.9,0.86
绿岛风,sz301043,53.33,53.5,54.89,1146800.0,53.33,500,53.35,400,-0.32,55.49,52.6,1146800,61310000.0,2.02,5.4,30.26,36.26,64.2,42.8,1.0
獐子岛,sz002069,3.73,3.75,3.82,11959800.0,3.72,110700,3.73,132500,-0.53,3.87,3.7,11959800,44800000.0,1.68,4.53,26.49,26.52,4.13,3.38,0.84
新锦动力,sz300157,6.5,6.49,6.6,46095500.0,6.5,669100,6.51,348200,0.15,6.63,6.47,46095500,301540000.0,6.51,2.47,46.01,49.01,7.79,5.19,0.74
五芳斋,sh603237,17.08,16.65,16.8,2319000.0,17.07,2500,17.08,20600,2.58,17.2,16.74,2319000,39500000.0,1.18,2.76,33.48,33.66,18.32,14.99,1.89
绿的谐波,sh688017,201.99,187.16,192.11,924259000.0,201.99,20000,202.0,8000,7.92,205.68,192.11,924259000,1845540000.0,5.04,7.25,370.31,370.31,224.59,149.73,2.08
哈三联,sz002900,12.37,11.79,12.0,15791000.0,12.36,53100,12.37,62300,4.92,12.68,11.72,15791000,194850000.0,9.8,8.14,19.93,39.13,12.97,10.61,3.93
合肥高科,bj920718,12.71,12.64,12.79,258600.0,12.71,3600,12.77,1000,0.55,12.88,12.67,258600,3301400.0,0.6,1.66,5.48,11.52,16.43,8.85,0.63
鼎智科技,bj920593,25.51,25.16,25.51,1380800.0,25.49,100,25.51,6200,1.39,25.7,25.23,1380800,35165000.0,0.85,1.87,41.23,48.55,32.7,17.62,0.91
璞源材料,sh603196,28.18,26.04,26.58,9401500.0,28.17,3700,28.18,22800,8.22,28.5,26.25,9401500,260700000.0,3.97,8.64,66.78,117.99,28.64,23.44,2.49
光峰科技,sh688007,13.72,13.5,13.79,408025600.0,13.72,21200,13.74,2400,1.63,13.83,13.59,408025600,55990000.0,0.89,1.78,63.06,63.06,16.2,10.8,0.76
沙河股份,sz000014,13.99,14.22,14.5,15909400.0,13.99,2000,14.0,10000,-1.62,14.62,13.83,15909400,225410000.0,6.57,5.56,33.86,33.86,15.64,12.8,0.87
宣亚国际,sz300612,14.96,14.87,15.3,4891600.0,14.96,9800,14.97,1000,0.61,15.3,14.81,4891600,73200000.0,2.72,3.3,26.91,27.0,17.84,11.9,0.87
兆讯传媒,sz301102,10.93,10.73,10.93,2157700.0,10.92,19700,10.93,38500,1.86,11.0,10.8,2157700,23520000.0,0.53,1.86,44.38,44.38,12.88,8.58,0.91
金盾股份,sz300411,10.85,11.21,11.0,15939100.0,10.85,33000,10.86,16500,-3.21,11.41,10.7,15939100,174790000.0,5.16,6.33,33.54,44.11,13.45,8.97,2.16
智度股份,sz000676,7.67,7.6,7.72,11048100.0,7.66,379900,7.67,8900,0.92,7.75,7.62,11048100,84660000.0,0.88,1.71,96.57,96.63,8.36,6.84,0.68
上海家化,sh600315,22.07,21.04,21.21,12523200.0,22.07,500,22.08,18600,4.9,22.49,21.1,12523200,275000000.0,1.86,6.61,148.36,148.36,23.14,18.94,2.07
文投控股,sh600715,2.03,1.98,2.0,34251600.0,2.02,1670400,2.03,386000,2.53,2.03,1.97,34251600,68700000.0,1.2,3.03,58.11,82.42,2.18,1.78,1.21
国芳集团,sh601086,8.87,8.8,8.9,4835600.0,8.86,17500,8.87,140300,0.8,8.9,8.75,4835600,42650000.0,0.73,1.7,59.07,59.07,9.68,7.92,0.88
宝莫股份,sz002476,5.79,5.73,5.78,6411500.0,5.79,48200,5.8,111900,1.05,5.83,5.72,6411500,37020000.0,1.05,1.92,35.43,35.43,6.3,5.16,0.59
新兴装备,sz002933,32.91,32.76,33.16,1500500.0,32.9,9400,32.91,11400,0.46,33.46,32.64,1500500,49420000.0,1.32,2.5,37.55,38.62,36.04,29.48,0.81
中汽股份,sz301215,6.13,6.06,6.14,13389800.0,6.13,19800,6.14,11700,1.16,6.21,6.08,13389800,82140000.0,1.01,2.15,81.06,81.16,7.27,4.85,1.39
广农糖业,sz000911,6.54,6.62,6.69,8667200.0,6.53,12500,6.54,1400,-1.21,6.69,6.47,8667200,56710000.0,2.17,3.32,26.18,26.18,7.28,5.96,1.17
华阳国际,sz002949,13.72,13.59,13.87,4294100.0,13.71,12900,13.72,32600,0.96,13.97,13.6,4294100,58950000.0,2.83,2.72,20.84,26.9,14.95,12.23,1.44
武进不锈,sh603878,7.6,7.44,7.66,9688900.0,7.6,9700,7.61,43900,2.15,7.68,7.5,9688900,73470000.0,1.73,2.42,42.65,42.65,8.18,6.7,0.97
煌上煌,sz002695,10.92,11.1,11.13,7170200.0,10.91,42600,10.92,3200,-1.62,11.3,10.82,7170200,78800000.0,1.4,4.32,55.85,61.11,12.21,9.99,0.9
思美传媒,sz002712,5.29,5.25,5.38,11237300.0,5.29,26100,5.3,21800,0.76,5.42,5.22,11237300,59320000.0,2.08,3.81,28.61,28.79,5.78,4.73,0.96
欧菲光,sz002456,8.83,8.64,8.77,56074300.0,8.83,242200,8.84,331300,2.2,8.88,8.69,56074300,493090000.0,1.69,2.2,292.89,296.86,9.5,7.78,1.14
鼎汉技术,sz300011,7.87,8.15,8.18,21825100.0,7.87,16600,7.88,48200,-3.44,8.21,7.74,21825100,172390000.0,4.3,5.77,39.92,47.66,9.78,6.52,1.77
火星人,sz300894,10.42,10.32,10.56,3281100.0,10.41,57500,10.42,6700,0.97,10.57,10.34,3281100,34230000.0,1.12,2.23,30.64,42.33,12.38,8.26,0.72
申联生物,sh688098,8.9,8.63,8.73,252148900.0,8.89,59400,8.9,9400,3.13,8.92,8.61,252148900,22240000.0,0.61,3.59,36.55,36.55,10.36,6.9,1.11
东方材料,sh603110,15.95,15.49,15.96,6309900.0,15.95,5500,15.96,32700,2.97,16.1,15.71,6309900,100540000.0,3.14,2.52,32.1,32.1,17.04,13.94,0.93
竞业达,sz003005,18.3,18.22,18.53,1944800.0,18.3,7100,18.31,43000,0.44,18.53,18.23,1944800,35640000.0,1.53,1.65,23.24,42.34,20.04,16.4,0.57
正虹科技,sz000702,6.69,6.7,6.85,6794800.0,6.68,20600,6.69,17300,-0.15,6.9,6.63,6794800,45580000.0,2.55,4.03,17.84,23.19,7.37,6.03,0.84
广汽集团,sh601238,7.24,7.19,7.24,14959400.0,7.23,320600,7.24,4000,0.7,7.27,7.17,14959400,108070000.0,0.2,1.39,534.58,738.27,7.91,6.47,0.83
飞沃科技,sz301232,172.7,171.3,174.4,5563500.0,172.7,3600,172.71,400,0.82,181.4,167.27,5563500,963410000.0,12.46,8.25,77.14,129.81,205.56,137.04,1.12
锦江酒店,sh600754,29.2,26.87,27.07,21524200.0,29.19,124300,29.2,63000,8.67,29.47,26.9,21524200,614660000.0,2.38,9.56,264.56,311.36,29.56,24.18,2.17
威士顿,sz301315,48.95,47.8,48.71,944700.0,48.94,300,48.95,700,2.41,48.95,48.26,944700,45970000.0,2.55,1.44,18.11,43.08,57.36,38.24,0.92
永顺生物,bj920729,8.08,7.85,7.98,979900.0,8.07,1500,8.08,8100,2.93,8.08,7.88,979900,7818600.0,1.28,2.55,6.21,22.09,10.2,5.5,1.13
国际医学,sz000516,5.18,5.08,5.12,74737100.0,5.17,266700,5.18,1092100,1.97,5.22,5.07,74737100,385530000.0,3.39,2.95,114.21,115.97,5.59,4.57,0.89
正元智慧,sz300645,17.07,16.63,17.09,3414000.0,17.03,2800,17.07,36800,2.65,17.26,16.88,3414000,58280000.0,2.45,2.29,23.78,24.26,19.96,13.3,0.98
名雕股份,sz002830,21.34,21.17,21.57,1814400.0,21.33,1500,21.34,5800,0.8,21.7,21.05,1814400,38620000.0,2.71,3.07,14.27,28.45,23.29,19.05,0.91
科净源,sz301372,26.77,26.02,26.67,1780800.0,26.74,600,26.77,11400,2.88,26.96,26.03,1780800,47320000.0,4.33,3.57,11.02,18.36,31.22,20.82,1.55
奥特佳,sz002239,3.07,3.05,3.09,54573400.0,3.06,1353400,3.07,739000,0.66,3.11,3.05,54573400,167880000.0,1.67,1.97,100.27,101.87,3.36,2.75,0.75
*ST交投,sz002200,7.35,7.27,7.36,1186000.0,7.35,52900,7.36,17500,1.1,7.42,7.27,1186000,8720000.0,0.61,2.06,14.39,33.16,7.63,6.91,0.33
贤丰控股,sz002141,3.75,3.71,3.79,16422000.0,3.75,229200,3.76,102800,1.08,3.81,3.71,16422000,61570000.0,1.61,2.7,38.21,38.74,4.08,3.34,0.85
美芝股份,sz002856,11.3,11.24,11.5,4012400.0,11.29,20200,11.3,1300,0.53,11.69,11.18,4012400,45710000.0,3.24,4.54,14.0,15.29,12.36,10.12,0.78
三江购物,sh601116,14.36,14.28,14.36,7492200.0,14.35,49800,14.36,11600,0.56,14.49,14.23,7492200,107430000.0,1.37,1.82,78.65,78.65,15.71,12.85,0.73
中远通,sz301516,19.42,19.32,19.32,13508100.0,19.41,22500,19.42,36800,0.52,19.78,18.93,13508100,261150000.0,19.25,4.4,13.63,54.51,23.18,15.46,1.34
天坛生物,sh600161,15.37,15.11,15.17,9228100.0,15.37,6400,15.38,51500,1.72,15.38,15.09,9228100,140880000.0,0.47,1.92,303.92,303.92,16.62,13.6,1.33
长城军工,sh601606,40.19,40.7,40.56,20927100.0,40.18,29400,40.19,96600,-1.25,40.95,39.73,20927100,839240000.0,2.89,3.0,291.07,291.07,44.77,36.63,0.47
中信海直,sz000099,17.3,17.15,17.43,6030700.0,17.29,15900,17.3,300,0.87,17.47,17.21,6030700,104290000.0,0.78,1.52,134.21,134.21,18.87,15.44,0.81
ST创意,sz300366,5.71,5.68,5.79,7035400.0,5.71,87100,5.72,38500,0.53,5.82,5.67,7035400,40170000.0,1.33,2.64,30.29,34.69,6.82,4.54,0.93
博通股份,sh600455,26.86,26.62,27.35,1630500.0,26.86,100,26.87,400,0.9,27.82,26.53,1630500,43910000.0,2.61,4.85,16.78,16.78,29.28,23.96,1.02
普联软件,sz300996,15.88,15.51,15.83,4694900.0,15.87,23700,15.88,21200,2.39,15.95,15.56,4694900,73830000.0,1.98,2.51,37.56,44.9,18.61,12.41,0.97
华统股份,sz002840,11.1,10.78,11.24,35951600.0,11.1,60500,11.11,92700,2.97,11.25,10.63,35951600,396570000.0,4.51,5.75,88.43,89.04,11.86,9.7,0.74
浙江黎明,sh603048,21.93,21.46,22.02,2533200.0,21.93,10500,21.94,1700,2.19,22.08,21.58,2533200,55300000.0,1.72,2.33,32.21,32.21,23.61,19.31,0.86
国缆检测,sz301289,52.65,51.88,52.98,539000.0,52.64,3500,52.65,5400,1.48,52.98,52.19,539000,28350000.0,0.7,1.52,40.8,41.07,62.26,41.5,1.01
久远银海,sz002777,16.51,16.42,16.71,5246500.0,16.5,31300,16.51,600,0.55,16.79,16.41,5246500,86710000.0,1.3,2.31,66.78,67.4,18.06,14.78,0.77
陕西黑猫,sh601015,4.44,4.62,4.5,119440000.0,4.43,907300,4.44,615100,-3.9,4.54,4.26,119440000,528070000.0,5.85,6.06,90.69,90.69,5.08,4.16,0.65
捷安高科,sz300845,11.45,11.38,11.68,4001200.0,11.43,24700,11.45,48600,0.62,11.7,11.28,4001200,45830000.0,2.77,3.69,16.56,23.55,13.66,9.1,0.78
瑞玛精密,sz002976,26.29,26.24,26.94,1382200.0,26.29,1200,26.3,1600,0.19,26.94,25.95,1382200,36390000.0,2.07,3.77,17.53,39.36,28.86,23.62,0.8
华兰疫苗,sz301207,20.08,19.25,19.5,10188100.0,20.07,27500,20.08,26700,4.31,20.19,19.42,10188100,202790000.0,1.7,4.0,120.61,120.69,23.1,15.4,1.64
欧林生物,sh688319,30.38,29.06,29.3,1036426700.0,30.38,6100,30.44,1000,4.54,30.8,28.66,1036426700,310970000.0,2.56,7.36,123.16,123.25,34.87,23.25,1.08
南京熊猫,sh600775,13.63,13.36,13.6,23951300.0,13.62,51200,13.63,19700,2.02,13.68,13.39,23951300,324580000.0,3.57,2.17,91.57,124.56,14.7,12.02,0.89
鱼跃医疗,sz002223,34.23,33.9,34.5,7420300.0,34.22,300,34.23,900,0.97,34.6,33.84,7420300,252820000.0,0.79,2.24,321.82,343.15,37.29,30.51,1.03
动力源,sh600405,5.52,5.5,5.62,12818300.0,5.52,30100,5.53,69000,0.36,5.65,5.46,12818300,70860000.0,2.1,3.45,33.68,33.83,6.05,4.95,0.68
玉禾田,sz300815,20.89,20.38,20.92,3007100.0,20.89,2000,20.9,65400,2.5,20.94,20.64,3007100,62550000.0,0.77,1.47,81.55,83.27,24.46,16.3,0.96
中寰股份,bj920260,10.03,9.92,10.03,1944100.0,10.01,900,10.03,27000,1.11,10.11,9.93,1944100,19437800.0,1.97,1.81,9.92,10.39,12.89,6.95,0.78
大悦城,sz000031,2.95,2.91,2.96,12214600.0,2.94,200500,2.95,262200,1.37,2.96,2.9,12214600,35880000.0,0.28,2.06,126.45,126.45,3.2,2.62,0.72
上纬新材,sh688585,123.9,114.97,117.89,813850500.0,123.88,1000,123.9,18600,7.77,128.0,112.0,813850500,971570000.0,2.02,13.92,499.77,499.77,137.96,91.98,3.17
琏升科技,sz300051,12.45,12.18,12.3,49355600.0,12.45,5700,12.46,27100,2.22,12.7,11.56,49355600,602330000.0,13.42,9.36,45.78,46.32,14.62,9.74,0.83
农尚环境,sz300536,8.07,7.8,7.98,7524300.0,8.07,17900,8.08,20200,3.46,8.22,7.82,7524300,60240000.0,2.57,5.13,23.67,23.67,9.36,6.24,0.8
严牌股份,sz301081,15.27,15.2,15.33,9395100.0,15.27,600,15.28,52500,0.46,15.92,15.15,9395100,145330000.0,4.31,5.07,33.28,34.69,18.24,12.16,0.89
思特奇,sz300608,11.07,10.73,11.11,8814200.0,11.07,11400,11.08,54400,3.17,11.28,10.98,8814200,98110000.0,3.07,2.8,31.83,36.67,12.88,8.58,0.83
中亦科技,sz301208,33.65,32.92,33.92,842700.0,33.61,1200,33.65,15300,2.22,33.95,33.31,842700,28270000.0,1.28,1.94,22.23,40.38,39.5,26.34,0.79
泰鹏智能,bj920132,13.18,13.01,13.15,275600.0,13.18,3100,13.2,2000,1.31,13.3,13.1,275600,3633200.0,0.98,1.54,3.7,10.92,16.91,9.11,0.51
星华新材,sz301077,26.75,26.1,26.68,1032100.0,26.74,2900,26.75,10300,2.49,26.8,26.48,1032100,27520000.0,1.08,1.23,25.52,45.5,31.32,20.88,0.95
元琛科技,sh688659,9.79,9.7,9.91,214296700.0,9.79,14800,9.88,11200,0.93,9.98,9.73,214296700,21080000.0,1.34,2.58,15.66,15.66,11.64,7.76,0.63
学大教育,sz000526,31.7,30.69,31.08,3115900.0,31.7,3500,31.71,3800,3.29,31.74,30.82,3115900,97420000.0,2.61,3.0,37.87,38.63,33.76,27.62,1.69
众智科技,sz301361,36.63,35.81,36.49,2007900.0,36.63,4000,36.64,2500,2.29,36.93,36.26,2007900,73400000.0,6.6,1.87,11.15,42.61,42.97,28.65,0.62
鸿智科技,bj920926,14.05,13.8,14.24,463700.0,14.05,3100,14.08,800,1.81,14.3,13.93,463700,6524100.0,0.58,2.68,11.27,12.41,17.94,9.66,0.66
正泰电器,sh601877,32.87,32.65,33.3,29585900.0,32.87,3100,32.88,17600,0.67,33.4,32.32,29585900,968840000.0,1.38,3.31,706.37,706.37,35.92,29.39,0.87
阳光乳业,sz001318,13.71,13.61,13.75,1676800.0,13.71,13500,13.72,30000,0.73,13.84,13.57,1676800,22910000.0,0.59,1.98,38.75,38.75,14.97,12.25,0.91
榕基软件,sz002474,7.74,7.72,7.87,11556300.0,7.74,154400,7.75,72800,0.26,7.88,7.68,11556300,89590000.0,2.18,2.59,41.08,48.16,8.49,6.95,0.84
超越科技,sz301049,22.35,22.06,22.5,1300800.0,22.34,400,22.35,1800,1.31,22.73,22.01,1300800,29010000.0,3.04,3.26,9.57,21.07,26.47,17.65,0.78
信濠光电,sz301051,21.79,21.01,21.49,2942500.0,21.73,4700,21.79,7000,3.71,22.12,21.32,2942500,64070000.0,1.83,3.81,35.08,44.24,25.21,16.81,1.09
明阳电路,sz300739,25.69,24.41,25.01,29812900.0,25.69,3500,25.7,34800,5.24,26.88,25.01,29812900,772270000.0,8.69,7.66,88.16,95.94,29.29,19.53,2.16
大位科技,sh600589,10.96,10.68,10.98,158208300.0,10.96,31300,10.97,217200,2.62,11.2,10.83,158208300,1745850000.0,10.7,3.46,162.04,162.72,11.75,9.61,1.05
浩物股份,sz000757,4.78,4.79,4.88,9000100.0,4.77,22600,4.78,39600,-0.21,4.9,4.73,9000100,43270000.0,1.69,3.55,25.46,25.46,5.27,4.31,0.85
华锋股份,sz002806,12.8,12.4,12.65,7052100.0,12.79,20200,12.8,300,3.23,12.8,12.5,7052100,89200000.0,4.05,2.42,22.29,27.2,13.64,11.16,0.95
捷荣技术,sz002855,11.93,12.16,12.41,4925800.0,11.92,6100,11.93,17200,-1.89,12.47,11.79,4925800,58820000.0,2.0,5.59,29.37,29.4,13.38,10.94,1.07
慧辰股份,sh688500,52.34,51.8,52.5,79640900.0,52.34,900,52.35,3600,1.04,53.18,51.85,79640900,41670000.0,1.09,2.57,38.37,39.41,62.16,41.44,0.57
泰达股份,sz000652,3.99,3.99,4.02,10147100.0,3.98,234500,3.99,163200,0.0,4.06,3.96,10147100,40500000.0,0.69,2.51,58.83,58.88,4.39,3.59,0.74
天源迪科,sz300047,11.98,11.85,12.1,10238000.0,11.97,65800,11.98,11100,1.1,12.14,11.91,10238000,123040000.0,1.78,1.94,68.75,76.4,14.22,9.48,0.8
众信旅游,sz002707,6.65,6.47,6.6,16608700.0,6.65,58400,6.66,290800,2.78,6.66,6.48,16608700,109570000.0,2.01,2.78,54.88,65.35,7.12,5.82,1.19
众合科技,sz000925,7.19,7.3,7.38,24802300.0,7.19,4700,7.2,70400,-1.51,7.43,7.11,24802300,178170000.0,3.68,4.38,48.41,48.63,8.03,6.57,1.76
天永智能,sh603895,26.4,25.93,26.38,1128100.0,26.39,3200,26.4,1600,1.81,26.65,26.15,1128100,29730000.0,1.04,1.93,28.53,28.53,28.52,23.34,0.83
*ST太和,sh605081,6.85,7.21,7.39,3398900.0,0.0,0,6.85,128400,-4.99,7.39,6.85,3398900,23680000.0,3.0,7.49,7.76,7.76,7.57,6.85,0.57
中恒集团,sh600252,2.57,2.55,2.56,54460300.0,2.57,758700,2.58,2047600,0.78,2.58,2.49,54460300,138890000.0,1.71,3.53,81.83,81.83,2.81,2.3,1.2
神思电子,sz300479,18.33,18.02,18.53,2828800.0,18.32,3800,18.33,34700,1.72,18.55,18.15,2828800,51760000.0,1.44,2.22,36.1,36.12,21.62,14.42,0.74
电魂网络,sh603258,16.79,16.5,16.62,2911700.0,16.79,34900,16.8,3700,1.76,16.89,16.49,2911700,48650000.0,1.21,2.42,40.52,40.95,18.15,14.85,0.98
航新科技,sz300424,16.62,16.49,16.8,4100100.0,16.62,110700,16.63,134900,0.79,16.86,16.5,4100100,68200000.0,1.67,2.18,40.77,40.79,19.79,13.19,0.69
正强股份,sz301119,41.83,41.03,42.0,1158300.0,41.82,200,41.83,18100,1.95,42.63,41.64,1158300,48670000.0,1.38,2.41,35.18,43.5,49.24,32.82,0.73
龙星科技,sz002442,5.91,5.83,5.9,10964100.0,5.9,103400,5.91,93700,1.37,5.97,5.82,10964100,64670000.0,2.23,2.57,29.11,29.74,6.41,5.25,1.32
大龙地产,sh600159,3.05,3.13,3.19,22444700.0,3.05,93500,3.06,227200,-2.56,3.19,3.0,22444700,68770000.0,2.7,6.07,25.32,25.32,3.44,2.82,1.25
易实精密,bj920221,13.96,13.7,14.0,532000.0,13.94,200,13.96,2300,1.9,14.12,13.78,532000,7382600.0,0.86,2.48,8.62,16.2,17.81,9.59,0.7
安硕信息,sz300380,35.3,34.83,35.4,1586400.0,35.28,2000,35.3,16800,1.35,35.5,34.92,1586400,55880000.0,1.25,1.67,44.96,48.87,41.8,27.86,0.86
中重科技,sh603135,10.33,10.07,10.12,3349200.0,10.32,2200,10.33,1400,2.58,10.38,10.12,3349200,34440000.0,1.33,2.58,26.1,65.52,11.08,9.06,1.46
天邦食品,sz002124,2.36,2.36,2.39,32951500.0,2.36,338700,2.37,1442500,0.0,2.4,2.33,32951500,77580000.0,1.67,2.97,46.55,52.44,2.6,2.12,0.96
成电光信,bj920008,25.4,25.2,25.6,706500.0,25.35,1500,25.4,10600,0.79,25.76,25.32,706500,17996100.0,2.1,1.75,8.53,16.19,32.76,17.64,0.92
华业香料,sz300886,28.88,28.71,29.1,1033200.0,28.86,200,28.88,200,0.59,29.4,28.58,1033200,29860000.0,2.37,2.86,12.61,21.6,34.45,22.97,0.73
远 望 谷,sz002161,7.64,7.53,7.66,14800500.0,7.64,13700,7.65,89200,1.46,7.75,7.53,14800500,112810000.0,2.1,2.92,53.84,56.52,8.28,6.78,0.65
广电计量,sz002967,20.51,20.23,20.59,6451900.0,20.51,10900,20.52,9900,1.38,20.68,20.4,6451900,132460000.0,1.18,1.38,112.24,130.71,22.25,18.21,1.09
福莱新材,sh605488,33.28,32.17,32.66,5022600.0,33.28,1500,33.29,22700,3.45,33.46,32.66,5022600,166210000.0,1.82,2.49,91.92,100.46,35.39,28.95,1.2
和达科技,sh688296,13.99,13.82,14.31,167680300.0,13.98,500,13.99,0,1.23,14.34,13.77,167680300,23390000.0,1.56,4.12,15.02,15.1,16.58,11.06,0.81
贝因美,sz002570,5.14,5.11,5.16,14750400.0,5.13,303800,5.14,553100,0.59,5.19,5.11,14750400,75720000.0,1.37,1.57,55.51,55.51,5.62,4.6,0.6
东方碳素,bj920175,9.79,9.7,9.81,907500.0,9.77,1000,9.79,4300,0.93,9.87,9.72,907500,8890400.0,1.14,1.55,7.76,11.65,12.61,6.79,1.29
西宁特钢,sh600117,2.66,2.65,2.68,13120300.0,2.66,335900,2.67,343900,0.38,2.69,2.62,13120300,34660000.0,0.4,2.64,86.59,86.59,2.92,2.39,0.8
裕太微-U,sh688515,121.8,116.69,120.03,168102300.0,121.69,700,121.8,8700,4.38,123.5,120.03,168102300,204880000.0,3.37,2.97,60.68,97.44,140.03,93.35,1.41
*ST海华,sh600243,3.01,2.99,3.03,4065700.0,3.0,30000,3.01,34400,0.67,3.04,2.92,4065700,12120000.0,0.93,4.01,13.21,13.21,3.14,2.84,0.58
贝隆精密,sz301567,42.06,41.04,41.77,847600.0,42.0,1300,42.06,2400,2.49,42.3,41.44,847600,35470000.0,3.99,2.1,8.93,30.28,49.25,32.83,0.87
晶品特装,sh688084,65.2,64.3,65.5,136161300.0,65.18,2300,65.2,100,1.4,66.9,64.75,136161300,89370000.0,1.8,3.34,49.33,49.33,77.16,51.44,0.68
亚联机械,sz001395,39.39,38.79,39.39,429500.0,39.37,100,39.39,2400,1.55,39.75,39.03,429500,16870000.0,0.92,1.86,18.47,34.36,42.67,34.91,0.87
欧普泰,bj920414,12.81,12.44,12.59,5126400.0,12.81,17300,12.82,1800,2.97,13.31,12.45,5126400,66043700.0,9.14,6.91,7.18,10.22,16.17,8.71,1.01
大业股份,sh603278,11.0,10.94,10.94,6061200.0,10.99,18200,11.0,116600,0.55,11.11,10.81,6061200,66250000.0,1.77,2.74,37.59,37.59,12.03,9.85,0.92
澳弘电子,sh605058,33.75,32.67,33.73,3685700.0,33.74,2800,33.75,23600,3.31,34.33,32.95,3685700,124000000.0,2.58,4.22,48.24,48.24,35.94,29.4,0.74
歌力思,sh603808,10.61,10.58,10.68,12786900.0,10.6,14100,10.61,56800,0.28,10.91,10.43,12786900,135810000.0,3.46,4.54,39.16,39.16,11.64,9.52,0.61
五洲新春,sh603667,68.42,66.33,67.52,21228000.0,68.41,11600,68.42,25800,3.15,69.0,67.03,21228000,1445890000.0,5.8,2.97,250.56,250.56,72.96,59.7,1.2
太龙药业,sh600222,7.46,7.07,7.15,54104600.0,7.45,22400,7.46,20400,5.52,7.69,7.03,54104600,402220000.0,9.43,9.34,42.81,42.81,7.78,6.36,4.15
数字认证,sz300579,27.5,26.98,27.5,2495600.0,27.49,700,27.5,5400,1.93,27.78,27.35,2495600,68770000.0,0.96,1.59,71.63,74.25,32.38,21.58,0.64
经纬恒润-W,sh688326,118.39,112.89,115.01,172910900.0,118.39,600,118.46,200,4.87,119.36,115.01,172910900,203870000.0,1.55,3.85,132.15,142.0,135.47,90.31,1.42
三角防务,sz300775,36.93,37.19,37.4,26910600.0,36.92,400,36.93,1300,-0.7,37.83,36.63,26910600,998670000.0,5.06,3.23,196.31,202.21,44.63,29.75,1.02
宏川智慧,sz002930,13.99,13.7,13.9,9464800.0,13.99,12700,14.0,187200,2.12,14.2,13.79,9464800,132220000.0,2.19,2.99,60.54,64.0,15.07,12.33,0.76
会稽山,sh601579,18.4,16.73,17.5,19188600.0,18.4,4182300,0.0,0,9.98,18.4,17.5,19188600,345450000.0,4.0,5.38,88.22,88.22,18.4,15.06,3.69
广宇集团,sz002133,3.45,3.45,3.52,13056200.0,3.45,6900,3.46,489500,0.0,3.54,3.42,13056200,45150000.0,1.7,3.48,26.56,26.71,3.8,3.11,0.85
中航成飞,sz302132,67.46,67.05,67.62,4401900.0,67.46,23000,67.47,2000,0.61,67.95,66.9,4401900,296200000.0,0.75,1.57,395.36,1802.59,80.46,53.64,0.8
大商股份,sh600694,16.61,16.45,16.59,2095600.0,16.6,12700,16.61,5200,0.97,16.66,16.5,2095600,34750000.0,0.61,0.97,57.2,57.2,18.1,14.81,0.97
广哈通信,sz300711,24.73,24.52,25.02,3135000.0,24.72,500,24.73,11700,0.86,25.15,24.46,3135000,77440000.0,1.26,2.81,61.44,69.35,29.42,19.62,0.75
光环新网,sz300383,17.65,17.12,18.0,220828200.0,17.65,9800,17.66,316800,3.1,18.45,17.32,220828200,3946890000.0,12.31,6.6,316.56,317.28,20.54,13.7,0.79
美腾科技,sh688420,24.32,24.17,24.43,113001200.0,24.27,800,24.32,1000,0.62,24.55,23.91,113001200,27350000.0,2.71,2.65,10.15,21.51,29.0,19.34,1.23
保隆科技,sh603197,32.54,31.97,32.6,1635700.0,32.53,9800,32.54,8500,1.78,32.64,32.16,1635700,53020000.0,0.77,1.5,69.52,69.52,35.17,28.77,1.19
宋城演艺,sz300144,7.91,7.78,7.87,21828300.0,7.9,587200,7.91,66900,1.67,7.92,7.79,21828300,171740000.0,0.93,1.67,186.58,207.61,9.34,6.22,1.08
南京公用,sz000421,6.69,6.69,6.76,7932600.0,6.68,184600,6.69,4300,0.0,6.79,6.66,7932600,53160000.0,1.38,1.94,38.42,38.43,7.36,6.02,0.8
赛象科技,sz002337,6.17,6.09,6.2,6451000.0,6.16,39100,6.17,43300,1.31,6.22,6.1,6451000,39680000.0,1.1,1.97,36.28,36.32,6.7,5.48,0.62
北汽蓝谷,sh600733,7.3,7.15,7.24,58241500.0,7.29,207300,7.3,1554900,2.1,7.3,7.18,58241500,422400000.0,1.19,1.68,357.09,464.8,7.87,6.44,0.93
信捷电气,sh603416,49.01,48.05,48.73,1056800.0,49.0,48600,49.01,12500,2.0,49.36,48.49,1056800,51750000.0,0.76,1.81,68.24,77.01,52.86,43.25,1.01
国睿科技,sh600562,25.24,25.46,25.71,8370900.0,25.24,37600,25.25,2500,-0.86,25.87,24.99,8370900,212050000.0,0.67,3.46,313.44,313.44,28.01,22.91,0.96
凤凰光学,sh600071,19.38,18.69,19.0,5483200.0,19.36,2400,19.38,3800,3.69,19.89,18.91,5483200,106600000.0,1.95,5.24,54.57,54.57,20.56,16.82,2.61
中电鑫龙,sz002298,10.73,10.44,10.64,52314500.0,10.72,270000,10.73,96500,2.78,10.96,10.55,52314500,560460000.0,7.92,3.93,70.89,79.41,11.48,9.4,0.61
大胜达,sh603687,16.39,14.9,15.28,78111800.0,16.39,4435700,0.0,0,10.0,16.39,15.28,78111800,1266260000.0,14.2,7.45,90.15,90.15,16.39,13.41,0.76
豫能控股,sz001896,13.85,13.72,13.36,158951400.0,13.85,215900,13.86,15700,0.95,14.25,13.0,158951400,2168580000.0,10.42,9.11,211.32,211.32,15.09,12.35,0.74
佳禾食品,sh605300,10.86,10.63,10.7,1931800.0,10.85,18800,10.86,12600,2.16,10.86,10.66,1931800,20820000.0,0.43,1.88,49.35,49.35,11.69,9.57,1.32
万达轴承,bj920002,83.66,83.81,84.38,685600.0,83.66,2000,83.7,600,-0.18,84.6,82.81,685600,57228400.0,2.15,2.14,26.65,38.07,108.95,58.67,0.98
凯龙股份,sz002783,9.38,9.2,9.36,8479900.0,9.37,12500,9.38,223900,1.96,9.41,9.21,8479900,79120000.0,1.84,2.17,43.26,46.84,10.12,8.28,0.56
中远海科,sz002401,15.44,15.6,15.74,4206300.0,15.43,6900,15.44,12300,-1.03,15.98,15.34,4206300,65400000.0,1.13,4.1,57.34,57.39,17.16,14.04,0.77
华丽家族,sh600503,2.45,2.43,2.47,20431100.0,2.45,47000,2.46,354800,0.82,2.49,2.4,20431100,49760000.0,1.28,3.7,39.26,39.26,2.67,2.19,0.93
达实智能,sz002421,2.61,2.59,2.65,29099600.0,2.61,672900,2.62,68700,0.77,2.65,2.59,29099600,76150000.0,1.45,2.32,52.37,55.35,2.85,2.33,0.82
浙江鼎力,sh603338,49.13,48.38,49.17,2918800.0,49.13,400,49.15,1200,1.55,49.39,48.68,2918800,143230000.0,0.58,1.47,248.77,248.77,53.22,43.54,0.83
京运通,sh601908,4.83,5.01,5.0,352112200.0,4.82,423400,4.83,829600,-3.59,5.05,4.72,352112200,1708460000.0,14.58,6.59,116.63,116.63,5.51,4.51,1.18
灿芯股份,sh688691,94.55,88.8,92.0,594663100.0,94.54,3400,94.56,2000,6.48,95.85,91.39,594663100,558620000.0,8.32,5.02,67.57,113.46,106.56,71.04,1.62
云意电气,sz300304,13.12,12.89,13.15,13309100.0,13.11,30300,13.12,23400,1.78,13.21,12.91,13309100,173970000.0,1.56,2.33,112.11,115.21,15.47,10.31,0.7
旭杰科技,bj920149,10.05,9.73,9.85,1127600.0,10.03,200,10.05,800,3.29,10.19,9.83,1127600,11268000.0,1.78,3.7,6.36,7.69,12.64,6.82,1.49
恒立液压,sh601100,102.0,96.0,97.3,16649500.0,102.0,8600,102.01,3500,6.25,105.6,97.3,16649500,1698050000.0,1.24,8.65,1367.64,1367.64,105.6,86.4,1.92
世纪鼎利,sz300050,6.76,6.4,6.53,48105200.0,6.76,127800,6.77,355100,5.63,6.77,6.53,48105200,321690000.0,8.83,3.75,36.81,36.83,7.68,5.12,1.32
长江材料,sz001296,24.38,24.06,24.43,1178200.0,24.36,1200,24.38,1700,1.33,24.53,24.2,1178200,28720000.0,1.53,1.37,18.74,36.47,26.47,21.65,0.83
南天信息,sz000948,15.21,15.04,15.25,2272700.0,15.2,88800,15.21,14100,1.13,15.29,15.11,2272700,34540000.0,0.58,1.2,59.19,59.3,16.54,13.54,0.85
湘电股份,sh600416,12.77,12.74,12.96,15691200.0,12.77,15600,12.78,133500,0.24,12.99,12.72,15691200,201230000.0,1.06,2.12,188.46,188.46,14.01,11.47,0.93
中牧股份,sh600195,7.58,7.41,7.5,7792500.0,7.57,27800,7.58,39700,2.29,7.59,7.41,7792500,58450000.0,0.76,2.43,77.4,77.4,8.15,6.67,0.81
咸亨国际,sh605056,24.4,23.95,24.19,9376900.0,24.39,3100,24.4,72200,1.88,24.85,24.1,9376900,229640000.0,2.32,3.13,98.43,99.89,26.35,21.56,1.15
新芝生物,bj920685,12.33,11.93,12.08,553600.0,12.28,3400,12.33,1800,3.35,12.38,12.08,553600,6780300.0,1.01,2.51,6.77,11.28,15.5,8.36,1.08
灵康药业,sh603669,4.91,4.6,4.57,54273400.0,4.9,240800,4.91,50000,6.74,4.99,4.52,54273400,262480000.0,7.52,10.22,35.41,35.41,5.06,4.14,3.97
黄山旅游,sh600054,13.48,13.0,13.13,12903300.0,13.47,111400,13.48,12700,3.69,13.56,12.97,12903300,172040000.0,2.51,4.54,69.19,98.32,14.3,11.7,1.38
易华录,sz300212,11.33,11.43,11.73,29331200.0,11.32,58400,11.33,4900,-0.87,11.96,11.11,29331200,335560000.0,4.2,7.44,79.14,81.56,13.72,9.14,0.81
润贝航科,sz001316,47.39,47.35,48.07,3002100.0,47.38,400,47.39,100,0.08,48.9,47.12,3002100,143440000.0,2.7,3.76,52.74,54.55,52.09,42.62,0.73
桃李面包,sh603866,5.07,5.05,5.09,7173300.0,5.06,138700,5.07,21400,0.4,5.13,5.03,7173300,36340000.0,0.45,1.98,81.11,81.11,5.56,4.55,0.79
*ST八钢,sh600581,2.93,2.79,2.93,11575100.0,2.93,24608600,0.0,0,5.02,2.93,2.93,11575100,33910000.0,0.76,0.0,44.91,44.91,2.93,2.65,0.32
中光学,sz002189,19.31,19.26,19.6,2124300.0,19.31,20400,19.32,10700,0.26,19.64,19.22,2124300,41020000.0,0.81,2.18,50.43,50.44,21.19,17.33,0.44
三维天地,sz301159,42.73,42.2,43.48,2550300.0,42.7,1000,42.73,6900,1.26,44.65,42.08,2550300,109280000.0,4.81,6.09,22.65,33.05,50.64,33.76,1.27
豪尔赛,sz002963,14.69,14.88,15.11,2975600.0,14.69,5300,14.7,3100,-1.28,15.35,14.61,2975600,44300000.0,2.61,4.97,16.78,22.09,16.37,13.39,0.86
天音控股,sz000829,10.35,10.38,10.55,18100500.0,10.35,42400,10.36,34800,-0.29,10.58,10.26,18100500,187660000.0,1.77,3.08,106.0,106.1,11.42,9.34,0.75
双塔食品,sz002481,4.61,4.55,4.6,8115700.0,4.6,25500,4.61,33000,1.32,4.64,4.55,8115700,37240000.0,0.73,1.98,51.54,56.87,5.01,4.1,0.87
龙软科技,sh688078,25.08,24.44,24.78,69641300.0,25.08,11500,25.09,600,2.62,25.09,24.5,69641300,17300000.0,0.96,2.41,18.28,18.28,29.33,19.55,0.86
爱美客,sz300896,119.5,117.24,119.0,2399300.0,119.49,8200,119.5,6400,1.93,119.5,117.5,2399300,284780000.0,1.17,1.71,244.32,361.6,140.69,93.79,1.16
迅捷兴,sh688655,23.82,23.27,24.1,913798400.0,23.82,11800,23.83,2000,2.36,24.74,23.71,913798400,220740000.0,6.85,4.43,31.77,31.77,27.92,18.62,1.07
纳睿雷达,sh688522,31.65,31.38,31.82,323589700.0,31.65,1700,31.66,6200,0.86,32.27,31.43,323589700,102700000.0,2.63,2.68,38.96,95.9,37.66,25.1,0.89
武汉凡谷,sz002194,10.46,10.34,10.51,8827100.0,10.46,78100,10.47,27800,1.16,10.55,10.36,8827100,92240000.0,1.73,1.84,53.44,71.47,11.37,9.31,0.7
中触媒,sh688267,28.12,27.6,27.88,263226300.0,28.12,600,28.14,200,1.88,28.7,27.88,263226300,74430000.0,1.49,2.97,49.55,49.55,33.12,22.08,1.3
兴业科技,sz002674,12.73,12.61,12.84,2180600.0,12.72,2400,12.73,100,0.95,12.89,12.57,2180600,27600000.0,0.75,2.54,37.24,37.62,13.87,11.35,0.92
鹏翎股份,sz300375,4.85,4.78,4.87,9981600.0,4.84,49600,4.85,19300,1.46,4.88,4.79,9981600,48190000.0,1.89,1.88,25.62,36.85,5.74,3.82,0.81
熵基科技,sz301330,33.93,32.91,33.61,2570200.0,33.92,1800,33.93,800,3.1,34.13,33.52,2570200,86960000.0,1.32,1.85,65.93,79.85,39.49,26.33,1.19
ST浩丰,sz300419,7.39,7.18,7.25,5819500.0,7.38,29400,7.39,27800,2.92,7.39,7.16,5819500,42160000.0,1.58,3.2,27.18,27.18,8.62,5.74,1.02
吉视传媒,sh601929,3.01,2.99,3.03,57862400.0,3.0,1604500,3.01,1457800,0.67,3.05,2.97,57862400,173740000.0,1.68,2.68,103.75,105.04,3.29,2.69,0.9
交大昂立,sh600530,5.48,5.38,5.45,6546600.0,5.48,22900,5.49,44600,1.86,5.54,5.42,6546600,35840000.0,0.84,2.23,42.47,42.47,5.92,4.84,0.89
本钢板材,sz000761,3.27,3.25,3.28,10550900.0,3.27,44100,3.28,26300,0.62,3.32,3.26,10550900,34710000.0,0.28,1.85,121.26,134.34,3.58,2.93,0.69
希荻微,sh688173,13.8,13.41,13.68,547973700.0,13.8,2700,13.81,1400,2.91,13.88,13.57,547973700,75190000.0,1.34,2.31,56.61,57.0,16.09,10.73,0.99
京北方,sz002987,16.47,16.28,16.46,5917100.0,16.46,27400,16.47,3600,1.17,16.54,16.38,5917100,97320000.0,0.7,0.98,138.93,142.87,17.91,14.65,0.88
新赛股份,sh600540,4.73,4.83,4.89,24090900.0,4.73,139700,4.74,10100,-2.07,4.91,4.68,24090900,114410000.0,4.14,4.76,27.5,27.5,5.31,4.35,0.97
ST泉为,sz300716,14.5,14.49,14.8,5834100.0,14.5,39600,14.56,5100,0.07,15.06,14.22,5834100,85410000.0,3.65,5.8,23.2,23.2,17.39,11.59,0.93
新时达,sz002527,13.64,13.41,13.61,5576700.0,13.64,37500,13.65,700,1.72,13.7,13.53,5576700,75990000.0,1.05,1.27,72.19,90.44,14.75,12.07,0.82
北新路桥,sz002307,4.91,4.59,4.8,159888000.0,4.9,592400,4.91,324800,6.97,5.05,4.67,159888000,790750000.0,12.61,8.28,62.27,80.96,5.05,4.13,5.48
三只松鼠,sz300783,18.7,18.44,18.66,3750000.0,18.69,11300,18.7,1700,1.41,18.7,18.45,3750000,69730000.0,1.34,1.36,52.41,75.11,22.13,14.75,0.76
汇通集团,sh603176,5.5,5.52,5.7,3851600.0,5.5,133900,5.51,80000,-0.36,5.7,5.45,3851600,21230000.0,0.83,4.53,25.4,26.14,6.07,4.97,0.83
银宝山新,sz002786,7.41,7.47,7.56,5812100.0,7.4,63400,7.41,14200,-0.8,7.59,7.36,5812100,43090000.0,1.18,3.08,36.61,36.72,8.22,6.72,1.02
泉阳泉,sh600189,7.49,7.49,7.61,12143100.0,7.49,8300,7.5,2700,0.0,7.63,7.37,12143100,90730000.0,1.7,3.47,53.57,53.57,8.24,6.74,1.24
新致软件,sh688590,13.56,13.1,13.47,638136700.0,13.56,2700,13.57,16300,3.51,13.7,13.38,638136700,86240000.0,2.27,2.44,38.17,38.17,15.72,10.48,1.1
秋田微,sz300939,37.84,37.29,38.9,10905700.0,37.84,7700,37.86,1100,1.47,40.48,37.65,10905700,425570000.0,9.09,7.59,45.41,45.41,44.75,29.83,0.81
贵航股份,sh600523,13.9,13.79,13.95,2674300.0,13.89,3000,13.9,12800,0.8,14.01,13.8,2674300,37150000.0,0.66,1.52,56.16,56.2,15.17,12.41,0.83
小崧股份,sz002723,9.11,8.88,9.05,10089600.0,9.1,1200,9.11,1200,2.59,9.23,8.86,10089600,91290000.0,3.18,4.17,28.89,30.28,9.77,7.99,1.04
拉芳家化,sh603630,16.25,15.84,16.3,3578600.0,16.24,5800,16.25,5800,2.59,16.35,15.8,3578600,57740000.0,1.59,3.47,36.6,36.6,17.42,14.26,1.21
工大科雅,sz301197,20.64,20.38,21.2,1870000.0,20.64,900,20.66,100,1.28,21.3,20.46,1870000,38840000.0,1.72,4.12,22.45,24.88,24.46,16.3,0.84
康为世纪,sh688426,20.82,20.03,20.6,146687600.0,20.82,6800,20.83,900,3.94,20.89,20.07,146687600,30300000.0,3.82,4.09,8.0,23.42,24.04,16.02,0.79
天马科技,sh603668,13.09,12.7,12.76,18367700.0,13.08,7400,13.09,1200,3.07,13.15,12.45,18367700,235320000.0,3.63,5.51,66.2,66.2,13.97,11.43,0.74
华仁药业,sz300110,3.3,3.14,3.17,46043800.0,3.29,530200,3.3,72600,5.1,3.31,3.13,46043800,149420000.0,3.9,5.73,38.97,39.01,3.77,2.51,2.09
豪声电子,bj920701,15.33,15.04,15.26,613900.0,15.24,1000,15.33,15500,1.93,15.45,15.08,613900,9379300.0,0.61,2.46,15.36,21.03,19.55,10.53,0.73
国中水务,sh600187,1.9,1.88,1.92,23632200.0,1.89,1329400,1.9,521200,1.06,1.92,1.88,23632200,44810000.0,1.46,2.13,30.66,30.66,2.07,1.69,0.76
安达维尔,sz300719,15.97,15.74,16.1,4280400.0,15.96,58000,15.97,11300,1.46,16.18,15.84,4280400,68240000.0,2.38,2.16,28.69,40.6,18.89,12.59,0.77
东方国信,sz300166,14.92,14.15,14.85,156419000.0,14.92,2300,14.93,11800,5.44,15.94,14.55,156419000,2368950000.0,17.27,9.82,135.14,169.9,16.98,11.32,1.26
嘉泽新能,sh601619,5.24,5.3,5.4,70819400.0,5.24,452300,5.25,449100,-1.13,5.41,5.19,70819400,373280000.0,2.91,4.15,127.58,152.63,5.83,4.77,0.86
神马股份,sh600810,8.03,7.7,7.8,21084100.0,8.03,16600,8.04,125900,4.29,8.1,7.77,21084100,168070000.0,1.91,4.29,88.45,89.24,8.47,6.93,1.31
新 大 陆,sz000997,20.3,20.1,20.4,11550700.0,20.29,57200,20.3,12200,1.0,20.49,20.22,11550700,235080000.0,1.15,1.34,204.51,205.66,22.11,18.09,1.05
广电电气,sh601616,4.84,4.81,4.89,25835500.0,4.84,92300,4.85,100800,0.62,4.91,4.8,25835500,125100000.0,3.03,2.29,41.32,41.32,5.29,4.33,0.63
石基信息,sz002153,9.95,9.85,10.08,12816000.0,9.94,45400,9.95,111100,1.02,10.08,9.88,12816000,127390000.0,0.8,2.03,159.18,271.55,10.84,8.87,0.73
武商集团,sz000501,8.6,8.57,8.67,4891400.0,8.59,11500,8.6,46400,0.35,8.68,8.5,4891400,41890000.0,0.64,2.1,66.07,66.13,9.43,7.71,0.59
亿晶光电,sh600537,3.66,3.68,3.75,120131800.0,3.66,29700,3.67,372000,-0.54,3.8,3.58,120131800,443010000.0,10.15,5.98,43.32,43.32,4.05,3.31,0.71
ST开元,sz300338,3.73,3.78,3.84,10044800.0,3.73,54900,3.74,20200,-1.32,3.87,3.68,10044800,37630000.0,2.88,5.03,13.03,15.02,4.54,3.02,1.19
华达科技,sh603358,36.01,34.5,34.5,33099900.0,36.01,3900,36.03,1200,4.38,37.8,33.95,33099900,1184020000.0,7.27,11.16,163.91,169.15,37.95,31.05,0.9
慈星股份,sz300307,6.53,6.52,6.62,6890100.0,6.52,11000,6.53,3600,0.15,6.65,6.48,6890100,45010000.0,0.88,2.61,51.38,52.28,7.82,5.22,0.94
天秦装备,sz300922,19.72,19.54,19.85,3606300.0,19.71,3100,19.72,5300,0.92,19.87,19.37,3606300,70620000.0,2.89,2.56,24.63,31.31,23.45,15.63,0.43
深 赛 格,sz000058,8.1,7.97,8.1,6606600.0,8.09,50600,8.1,7900,1.63,8.17,8.04,6606600,53530000.0,0.67,1.63,79.76,99.73,8.77,7.17,0.83
中裕科技,bj920694,17.22,16.84,17.18,538200.0,17.19,1000,17.22,600,2.26,17.36,17.06,538200,9259400.0,0.86,1.78,10.76,22.75,21.89,11.79,0.92
三环集团,sz300408,54.53,52.85,54.5,16626500.0,54.52,6300,54.53,4300,3.18,55.58,54.06,16626500,912240000.0,0.89,2.88,1019.6,1045.07,63.42,42.28,0.96
绿能慧充,sh600212,7.29,7.18,7.29,14233600.0,7.29,10600,7.3,33400,1.53,7.57,7.2,14233600,105000000.0,2.68,5.15,38.72,51.33,7.9,6.46,0.91
大洋电机,sz002249,9.32,9.16,9.3,28186000.0,9.31,211500,9.32,255100,1.75,9.34,9.21,28186000,261780000.0,1.52,1.42,173.37,229.65,10.08,8.24,0.94
优博讯,sz300531,19.65,19.15,19.64,21097000.0,19.64,28400,19.65,10300,2.61,20.2,19.4,21097000,415650000.0,6.83,4.18,60.67,63.09,22.98,15.32,0.69
华侨城Ａ,sz000069,2.21,2.17,2.2,41135300.0,2.21,357800,2.22,3021200,1.84,2.22,2.16,41135300,90480000.0,0.6,2.76,152.46,177.63,2.39,1.95,0.95
三诺生物,sz300298,16.42,15.87,16.01,6266600.0,16.42,5400,16.43,6900,3.47,16.47,15.92,6266600,101750000.0,1.39,3.47,74.1,92.0,19.04,12.7,1.52
诚益通,sz300430,17.93,17.44,17.85,5635500.0,17.93,47100,17.94,42600,2.81,17.96,17.67,5635500,100510000.0,2.17,1.66,46.59,48.96,20.93,13.95,1.08
华伍股份,sz300095,9.52,9.44,9.63,5249000.0,9.51,9700,9.52,44600,0.85,9.66,9.43,5249000,49890000.0,1.53,2.44,32.69,39.99,11.33,7.55,0.81
德业股份,sh605117,127.04,131.46,130.0,17522300.0,127.04,40600,127.05,2100,-3.36,135.49,126.89,17522300,2269660000.0,1.93,6.54,1154.64,1154.64,144.61,118.31,0.99
亚泰集团,sh600881,1.66,1.65,1.67,34378500.0,1.66,1013800,1.67,4139500,0.61,1.68,1.63,34378500,56830000.0,1.06,3.03,53.65,53.65,1.82,1.49,0.88
国联水产,sz300094,3.23,3.18,3.24,24070100.0,3.22,405700,3.23,1103100,1.57,3.25,3.17,24070100,77280000.0,2.18,2.52,35.71,36.44,3.82,2.54,0.77
中衡设计,sh603017,17.57,16.32,16.5,60644000.0,17.57,198900,17.58,46000,7.66,17.95,15.71,60644000,1020070000.0,21.96,13.73,48.53,48.53,17.95,14.69,1.42
湖南天雁,sh600698,7.65,8.13,8.13,47841600.0,7.65,49500,7.66,107600,-5.9,8.25,7.54,47841600,370750000.0,5.76,8.73,63.53,81.75,8.94,7.32,0.7
航天智造,sz300446,20.17,20.15,20.5,12204900.0,20.16,28700,20.17,4800,0.1,20.58,19.97,12204900,245730000.0,3.27,3.03,75.35,170.52,24.18,16.12,1.21
齐鲁华信,bj920832,6.55,6.48,6.6,1592400.0,6.54,500,6.55,3300,1.08,6.64,6.48,1592400,10405400.0,1.29,2.47,8.08,9.09,8.42,4.54,1.04
保税科技,sh600794,3.71,3.69,3.74,10764000.0,3.7,185600,3.71,426000,0.54,3.76,3.68,10764000,39910000.0,0.9,2.17,44.53,44.53,4.06,3.32,0.55
中国中免,sh601888,71.4,70.38,71.58,18418900.0,71.39,14700,71.4,10100,1.45,71.91,70.5,18418900,1311910000.0,0.94,2.0,1394.07,1483.55,77.42,63.34,1.13
久其软件,sz002279,8.27,8.15,8.3,15757000.0,8.26,71000,8.27,148900,1.47,8.35,8.19,15757000,129970000.0,2.0,1.96,65.31,71.3,8.97,7.34,0.81
神驰机电,sh603109,21.3,21.3,21.5,3128000.0,21.3,32900,21.31,12400,0.0,21.58,21.22,3128000,66790000.0,1.5,1.69,44.48,44.48,23.43,19.17,1.21
中国电影,sh600977,13.67,13.43,13.58,25247000.0,13.66,325200,13.67,71800,1.79,13.68,13.38,25247000,342370000.0,1.35,2.23,255.22,255.22,14.77,12.09,1.19
天臣医疗,sh688013,39.18,37.17,37.49,305294300.0,39.12,200,39.18,2100,5.41,39.95,36.54,305294300,117020000.0,3.76,9.17,31.8,31.8,44.6,29.74,1.76
峨眉山Ａ,sz000888,13.09,12.69,12.9,12282500.0,13.08,60500,13.09,39000,3.15,13.15,12.73,12282500,159270000.0,2.33,3.31,68.97,68.97,13.96,11.42,1.16
南卫股份,sh603880,7.02,7.05,7.18,6610900.0,7.01,3400,7.02,7000,-0.43,7.18,6.91,6610900,46400000.0,2.29,3.83,20.29,20.29,7.76,6.35,0.88
行动教育,sh605098,53.2,52.85,52.92,1384800.0,53.2,7900,53.21,200,0.66,53.5,51.58,1384800,73130000.0,1.16,3.63,63.44,63.44,58.14,47.57,1.09
扬电科技,sz301012,29.62,29.41,29.96,8419800.0,29.62,8700,29.63,5000,0.71,30.4,29.29,8419800,250200000.0,4.27,3.77,58.34,58.34,35.29,23.53,0.77
博实结,sz301608,83.59,81.19,82.8,765400.0,83.47,200,83.59,200,2.96,85.87,81.82,765400,63460000.0,1.92,4.99,33.38,74.39,97.43,64.95,1.22
格利尔,bj920641,18.76,18.37,18.71,2630100.0,18.76,8700,18.78,600,2.12,19.15,18.44,2630100,49312600.0,5.79,3.86,8.52,14.08,23.88,12.86,0.39
民士达,bj920394,47.46,46.4,47.09,1359200.0,47.45,2300,47.46,2400,2.28,48.73,47.05,1359200,64796700.0,0.94,3.62,68.9,69.41,60.32,32.48,0.91
广东建科,sz301632,20.84,20.45,20.75,1598600.0,20.83,7800,20.84,14400,1.91,20.93,20.65,1598600,33250000.0,2.18,1.37,15.27,87.23,24.54,16.36,0.78
西麦食品,sz002956,26.4,26.24,26.49,1387500.0,26.4,14800,26.41,1600,0.61,26.75,25.9,1387500,36440000.0,0.62,3.24,58.93,58.94,28.86,23.62,1.06
新大正,sz002968,11.66,11.51,11.68,4121500.0,11.64,1200,11.66,3700,1.3,11.82,11.57,4121500,48160000.0,1.93,2.17,24.85,26.38,12.66,10.36,1.3
来伊份,sh603777,13.26,13.11,13.29,8835900.0,13.26,43400,13.27,6300,1.14,13.43,13.13,8835900,117070000.0,2.64,2.29,44.34,44.34,14.42,11.8,0.6
塞力医疗,sh603716,24.66,23.65,23.65,44735400.0,24.66,266800,24.67,20500,4.27,24.84,23.03,44735400,1074980000.0,21.16,7.65,52.14,52.14,26.02,21.29,1.89
朗新科技,sz300682,16.19,15.6,15.99,24033900.0,16.18,185700,16.19,23200,3.78,16.48,15.95,24033900,389300000.0,2.33,3.4,166.97,174.57,18.72,12.48,1.02
秦安股份,sh603758,12.54,12.43,12.6,3209100.0,12.54,5100,12.55,38400,0.88,12.65,12.4,3209100,40110000.0,0.73,2.01,55.03,55.03,13.67,11.19,0.93
中航重机,sh600765,16.44,16.36,16.61,20622900.0,16.44,66400,16.45,65300,0.49,16.67,16.32,20622900,339140000.0,1.33,2.14,255.23,255.23,18.0,14.72,1.09
宝色股份,sz300402,19.22,18.81,19.19,3171800.0,19.21,800,19.22,7500,2.18,19.55,19.01,3171800,60850000.0,1.3,2.87,46.82,47.43,22.57,15.05,1.01
深信服,sz300454,103.36,101.72,106.0,8992000.0,103.35,11900,103.36,1800,1.61,106.8,102.33,8992000,930840000.0,3.12,4.39,297.68,446.06,122.06,81.38,1.29
南威软件,sh603636,9.24,9.2,9.35,5118600.0,9.24,79400,9.25,15400,0.43,9.39,9.2,5118600,47410000.0,0.88,2.07,53.63,53.63,10.12,8.28,0.9
浙江大农,bj920855,15.43,15.18,15.34,284000.0,15.32,4600,15.44,1400,1.65,15.43,15.24,284000,4361000.0,0.42,1.25,10.34,11.53,19.73,10.63,0.8
皓宸医疗,sz002622,2.77,2.76,2.82,24514000.0,2.77,282900,2.78,320000,0.36,2.82,2.69,24514000,67630000.0,2.92,4.71,23.27,23.27,3.04,2.48,1.35
壶化股份,sz003002,26.75,25.95,26.43,3643100.0,26.74,29300,26.75,9000,3.08,26.8,25.89,3643100,96230000.0,1.99,3.51,48.91,53.5,28.55,23.36,1.13
泰德股份,bj920378,8.67,8.61,8.7,593700.0,8.67,17000,8.69,1500,0.7,8.82,8.6,593700,5151700.0,0.53,2.56,9.66,13.48,11.19,6.03,0.74
米奥会展,sz300795,11.85,11.68,11.84,3898600.0,11.84,8000,11.85,4900,1.46,11.99,11.75,3898600,46170000.0,2.24,2.05,20.62,35.42,14.02,9.34,0.57
新安洁,bj920370,3.38,3.36,3.39,2042500.0,3.38,88300,3.39,21400,0.6,3.41,3.35,2042500,6905800.0,0.78,1.79,8.84,10.15,4.36,2.36,0.8
通程控股,sz000419,5.93,5.92,5.98,8859300.0,5.93,43500,5.94,29400,0.17,6.1,5.9,8859300,52940000.0,1.63,3.38,32.23,32.23,6.51,5.33,1.27
*ST阳光,sz000608,4.12,4.14,4.1,23365200.0,4.11,30700,4.12,8100,-0.48,4.19,3.94,23365200,94610000.0,3.13,6.04,30.71,30.9,4.35,3.93,0.81
万事利,sz301066,14.09,13.85,14.13,3770000.0,14.09,4700,14.1,9200,1.73,14.2,13.9,3770000,52910000.0,1.62,2.17,32.85,33.1,16.62,11.08,0.9
美湖股份,sh603319,31.91,30.25,30.9,14676300.0,31.9,49000,31.91,5600,5.49,32.63,30.89,14676300,465890000.0,4.33,5.75,108.22,108.22,33.28,27.23,1.57
万马科技,sz300698,34.75,33.89,34.68,1936700.0,34.74,300,34.75,8100,2.54,34.79,34.43,1936700,67070000.0,1.63,1.06,41.19,46.56,40.67,27.11,0.93
东方嘉盛,sz002889,13.31,13.07,13.25,1906500.0,13.3,14000,13.31,33900,1.84,13.35,13.14,1906500,25260000.0,0.76,1.61,33.45,50.27,14.38,11.76,1.2
良品铺子,sh603719,10.27,10.12,10.2,2774400.0,10.26,65200,10.27,34500,1.48,10.28,10.13,2774400,28340000.0,0.69,1.48,41.18,41.18,11.13,9.11,1.1
新产业,sz300832,49.84,49.07,49.64,2912700.0,49.83,1700,49.84,5100,1.57,50.16,49.3,2912700,145030000.0,0.43,1.75,340.47,391.6,58.88,39.26,1.07
天晟新材,sz300169,6.13,6.34,6.45,11188500.0,6.12,54600,6.13,85000,-3.31,6.46,6.08,11188500,69140000.0,3.71,5.99,18.5,19.98,7.61,5.07,1.2
荣安地产,sz000517,1.93,1.95,1.98,32118700.0,1.93,149200,1.94,286900,-1.03,1.99,1.9,32118700,62090000.0,1.29,4.62,48.1,61.45,2.15,1.76,1.37
三夫户外,sz002780,15.14,15.26,15.5,4598300.0,15.13,2700,15.14,21700,-0.79,15.52,15.02,4598300,69820000.0,3.52,3.28,19.78,25.04,16.79,13.73,0.9
汉威科技,sz300007,43.29,42.28,43.29,7439600.0,43.28,16900,43.29,19400,2.39,43.8,42.95,7439600,321550000.0,2.63,2.01,122.64,141.75,50.74,33.82,0.93
林泰新材,bj920106,63.16,62.13,62.95,287100.0,63.16,18000,63.2,800,1.66,63.58,62.71,287100,18130500.0,0.66,1.4,27.57,35.74,80.76,43.5,0.6
云南城投,sh600239,2.14,2.15,2.19,19509000.0,2.13,447200,2.14,502000,-0.47,2.19,2.12,19509000,41740000.0,1.21,3.26,34.36,34.36,2.37,1.94,0.99
三祥新材,sh603663,42.59,40.98,41.7,7669100.0,42.58,28000,42.59,9500,3.93,43.0,41.06,7669100,322260000.0,1.81,4.73,180.08,180.28,45.08,36.88,1.24
前进科技,bj920679,17.33,17.01,17.19,277000.0,17.23,900,17.33,500,1.88,17.58,17.19,277000,4117400.0,0.75,2.29,6.44,9.68,22.11,11.91,0.77
佳讯飞鸿,sz300213,7.87,7.8,7.91,7262900.0,7.86,35000,7.87,32600,0.9,7.98,7.81,7262900,57120000.0,1.32,2.18,43.46,46.78,9.36,6.24,0.89
隆基机械,sz002363,8.03,7.97,8.15,5391700.0,8.02,70000,8.03,6300,0.75,8.16,7.98,5391700,43320000.0,1.3,2.26,33.39,33.48,8.77,7.17,0.85
毓恬冠佳,sz301173,43.02,41.88,42.88,1105900.0,43.02,5500,43.04,1000,2.72,44.21,42.71,1105900,47700000.0,3.59,3.58,13.26,37.79,50.26,33.5,2.29
万通智控,sz300643,16.9,16.48,16.75,4322800.0,16.89,500,16.9,19500,2.55,16.97,16.62,4322800,72630000.0,1.87,2.12,38.98,39.08,19.78,13.18,0.9
同辉信息,bj920090,6.56,6.88,6.88,7677000.0,6.55,8400,6.56,310000,-4.65,6.94,6.38,7677000,50609799.99999999,5.67,8.14,8.88,13.08,8.94,4.82,1.08
南京新百,sh600682,7.1,6.93,6.99,26176700.0,7.1,318600,7.11,31000,2.45,7.1,6.85,26176700,183370000.0,2.25,3.61,82.65,95.5,7.62,6.24,0.98
亚士创能,sh603378,5.56,5.7,5.87,9923000.0,5.55,11800,5.56,38300,-2.46,5.87,5.51,9923000,55780000.0,2.32,6.32,23.83,23.83,6.27,5.13,1.62
晋拓股份,sh603211,25.5,25.31,25.36,6321100.0,25.49,27800,25.5,48600,0.75,25.83,25.04,6321100,160560000.0,2.33,3.12,69.31,69.31,27.84,22.78,0.72
科力股份,bj920088,53.54,57.73,55.5,8139400.0,53.54,21400,53.55,23100,-7.26,56.82,53.38,8139400,446975800.0,25.38,5.96,17.17,47.15,75.04,40.42,1.08
粤万年青,sz301111,19.77,18.9,19.1,4448600.0,19.77,1800,19.78,6100,4.6,19.77,18.87,4448600,86780000.0,2.78,4.76,31.63,31.63,22.68,15.12,1.57
莫高股份,sh600543,4.93,4.89,4.99,7252300.0,4.93,800,4.94,55600,0.82,5.04,4.85,7252300,35640000.0,2.26,3.89,15.83,15.83,5.38,4.4,1.09
派林生物,sz000403,13.23,12.94,13.1,8434900.0,13.23,83500,13.24,25400,2.24,13.24,12.96,8434900,110860000.0,0.9,2.16,124.46,125.74,14.23,11.65,1.08
邦德股份,bj920271,13.9,13.83,13.97,663600.0,13.89,1000,13.9,9900,0.51,13.99,13.77,663600,9220200.0,1.15,1.59,8.05,18.18,17.97,9.69,1.2
众兴菌业,sz002772,16.5,15.94,16.2,10197900.0,16.48,1400,16.5,140100,3.51,16.52,15.88,10197900,165360000.0,2.74,4.02,61.32,61.83,17.53,14.35,0.75
盛达资源,sz000603,39.95,38.8,40.2,21486700.0,39.94,18300,39.95,4700,2.96,40.75,39.35,21486700,856930000.0,3.22,3.61,266.35,275.64,42.68,34.92,0.95
益民集团,sh600824,4.04,4.01,4.04,7719000.0,4.03,42700,4.04,182700,0.75,4.07,4.0,7719000,31070000.0,0.73,1.75,42.58,42.58,4.41,3.61,0.85
通源石油,sz300164,14.79,15.31,15.13,152958700.0,14.79,191000,14.8,517000,-3.4,15.48,14.66,152958700,2300510000.0,26.23,5.36,86.26,87.03,18.37,12.25,1.04
天纺标,bj920753,18.3,18.2,18.41,274200.0,18.29,400,18.3,400,0.55,18.45,18.21,274200,5023200.0,0.85,1.32,5.93,14.9,23.66,12.74,0.73
金枫酒业,sh600616,5.16,5.06,5.1,8020800.0,5.15,146900,5.16,69500,1.98,5.16,5.07,8020800,41100000.0,1.2,1.78,34.52,34.52,5.57,4.55,0.98
三友医疗,sh688085,19.13,18.63,18.93,310342200.0,19.12,3400,19.13,2500,2.68,19.17,18.7,310342200,59020000.0,0.97,2.52,60.98,63.79,22.36,14.9,1.4
华洋赛车,bj920058,29.98,33.17,33.0,2635200.0,29.98,7000,30.0,7500,-9.62,33.17,29.98,2635200,81403600.0,9.55,9.62,8.27,16.81,43.12,23.22,1.95
康斯特,sz300445,19.99,19.82,20.24,3312100.0,19.97,500,19.99,12200,0.86,20.32,19.65,3312100,65870000.0,2.36,3.38,28.1,42.46,23.78,15.86,0.78
广厦环能,bj920703,13.64,13.46,13.6,600100.0,13.6,1000,13.64,9400,1.34,13.73,13.49,600100,8169800.0,0.79,1.78,10.4,20.56,17.49,9.43,1.06
晨曦航空,sz300581,13.0,12.99,13.16,6765300.0,12.99,51700,13.0,49600,0.08,13.23,12.9,6765300,87930000.0,1.23,2.54,71.51,71.51,15.59,10.39,0.61
中信尼雅,sh600084,7.03,6.97,7.1,4595200.0,7.03,12900,7.04,124000,0.86,7.1,6.98,4595200,32260000.0,0.41,1.72,79.0,79.0,7.67,6.27,0.78
倍杰特,sz300774,17.14,16.78,17.5,9183600.0,17.14,6700,17.15,13600,2.15,17.65,17.04,9183600,158420000.0,4.71,3.64,33.4,70.06,20.14,13.42,1.0
广和通,sz300638,25.12,24.92,25.45,13513100.0,25.11,5500,25.12,79700,0.8,25.55,24.86,13513100,338640000.0,2.55,2.77,133.25,225.9,29.9,19.94,0.62
宝胜股份,sh600973,6.68,6.61,6.7,20784500.0,6.68,2700,6.69,243200,1.06,6.73,6.58,20784500,138120000.0,1.52,2.27,91.61,91.61,7.27,5.95,0.76
伊戈尔,sz002922,36.13,35.3,36.72,14590900.0,36.13,47400,36.14,2000,2.35,36.78,35.47,14590900,524350000.0,3.9,3.71,135.19,152.9,38.83,31.77,0.87
新力金融,sh600318,7.52,7.52,7.65,18004900.0,7.52,122600,7.53,52500,0.0,7.68,7.48,18004900,135730000.0,3.51,2.66,38.56,38.56,8.27,6.77,1.18
日发精机,sz002520,5.63,5.55,5.65,16538300.0,5.63,59900,5.64,249900,1.44,5.69,5.55,16538300,92800000.0,2.31,2.52,40.39,42.24,6.11,5.0,0.61
泰豪科技,sh600590,13.9,12.87,13.38,99479000.0,13.89,3900,13.9,227400,8.0,14.14,13.15,99479000,1354570000.0,11.79,7.69,117.26,118.55,14.16,11.58,0.96
金正大,sz002470,2.99,3.0,3.06,274079800.0,2.99,3712600,3.0,962800,-0.33,3.09,2.94,274079800,825610000.0,8.34,5.0,98.24,98.25,3.3,2.7,0.64
铁大科技,bj920541,12.38,13.02,13.07,4100600.0,12.38,12900,12.39,3100,-4.92,13.19,12.3,4100600,51426500.0,4.55,6.84,11.15,16.92,16.92,9.12,2.05
瑞迪智驱,sz301596,72.16,64.18,65.39,2880500.0,72.15,3100,72.16,4900,12.43,75.0,65.16,2880500,206800000.0,9.2,15.33,22.6,55.68,77.02,51.34,6.97
吉林碳谷,bj920077,17.03,16.74,17.1,7871700.0,17.03,5600,17.04,4500,1.73,17.47,16.83,7871700,134443600.0,2.48,3.82,53.98,100.08,21.76,11.72,0.77
艾隆科技,sh688329,24.56,23.97,24.46,169915900.0,24.56,2800,24.57,3000,2.46,24.69,24.06,169915900,41470000.0,2.2,2.63,18.96,18.96,28.76,19.18,1.07
海优新材,sh688680,47.83,46.6,47.59,334275500.0,47.79,500,47.83,5600,2.64,49.13,46.9,334275500,160430000.0,3.6,4.79,44.39,44.39,55.92,37.28,0.72
金煤科技,sh600844,4.38,4.87,4.8,166123800.0,0.0,0,4.38,10029700,-10.06,4.86,4.38,166123800,738440000.0,20.19,9.86,36.04,44.52,5.36,4.38,0.9
法本信息,sz300925,17.77,17.48,17.9,4962800.0,17.77,5500,17.78,8000,1.66,17.97,17.65,4962800,88250000.0,1.42,1.83,62.11,76.18,20.98,13.98,0.92
北方导航,sh600435,14.7,14.65,14.82,20857900.0,14.7,14100,14.71,151700,0.34,14.88,14.59,20857900,306340000.0,1.38,1.98,222.32,222.32,16.12,13.19,0.65
春晖智控,sz300943,27.69,27.58,28.2,7356000.0,27.68,8700,27.69,2000,0.4,28.65,27.32,7356000,204910000.0,5.48,4.82,37.2,56.44,33.1,22.06,0.69
若羽臣,sz003010,33.19,30.85,31.3,19140700.0,33.19,12800,33.2,32000,7.59,33.7,31.07,19140700,626470000.0,8.46,8.53,75.06,103.24,33.94,27.77,1.53
南矿集团,sz001360,21.28,21.07,21.47,1855100.0,21.26,300,21.28,2400,1.0,21.68,21.11,1855100,39560000.0,2.27,2.71,17.4,43.41,23.18,18.96,0.74
华菱精工,sh603356,17.5,17.65,17.98,7487700.0,17.48,500,17.5,24600,-0.85,18.01,17.13,7487700,131270000.0,5.62,4.99,23.33,23.33,19.42,15.89,1.14
津投城开,sh600322,2.32,2.44,2.47,46619700.0,2.31,657500,2.32,428700,-4.92,2.48,2.3,46619700,109980000.0,4.22,7.38,25.65,25.65,2.68,2.2,1.08
海程邦达,sh603836,13.11,12.94,13.09,2212300.0,13.1,34300,13.11,2500,1.31,13.16,12.95,2212300,28900000.0,1.08,1.62,26.91,26.91,14.23,11.65,1.03
天成自控,sh603085,11.26,10.8,11.0,10714400.0,11.26,15100,11.27,5000,4.26,11.38,10.99,10714400,120180000.0,2.7,3.61,44.71,44.71,11.88,9.72,2.44
苏试试验,sz300416,17.66,17.67,18.08,22641700.0,17.66,26900,17.67,41400,-0.06,18.09,17.57,22641700,401150000.0,4.48,2.94,89.17,89.81,21.2,14.14,1.31
卡倍亿,sz300863,51.82,51.84,52.75,3360700.0,51.82,11300,51.83,9700,-0.04,53.88,51.38,3360700,175400000.0,1.86,4.82,93.73,97.51,62.21,41.47,0.97
西磁科技,bj920061,22.56,22.1,22.51,595800.0,22.55,1000,22.56,5800,2.08,22.69,22.3,595800,13388900.000000002,1.51,1.76,8.88,15.97,28.73,15.47,1.16
万泽股份,sz000534,38.98,35.44,36.42,11836900.0,38.98,3659300,0.0,0,9.99,38.98,36.25,11836900,450670000.0,2.37,7.7,194.89,198.62,38.98,31.9,0.48
泰凯英,bj920020,15.5,15.26,15.37,681200.0,15.49,700,15.5,7300,1.57,15.5,15.32,681200,10025300.0,1.24,1.18,8.54,34.87,19.83,10.69,1.17
联明股份,sh603006,12.92,12.64,12.77,2419100.0,12.91,1600,12.92,27600,2.22,13.02,12.77,2419100,31180000.0,0.95,1.98,32.85,32.85,13.9,11.38,1.07
横河精密,sz300539,27.9,27.24,27.71,4105400.0,27.89,27700,27.9,21100,2.42,28.0,27.61,4105400,114220000.0,1.88,1.43,60.79,74.8,32.69,21.79,0.88
多利科技,sz001311,31.72,31.5,32.17,2802000.0,31.72,2900,31.73,600,0.7,32.6,31.52,2802000,89220000.0,2.06,3.43,43.22,98.49,34.65,28.35,0.96
天虹股份,sz002419,5.71,5.72,5.77,17348700.0,5.7,138300,5.71,69300,-0.17,5.78,5.64,17348700,98770000.0,1.48,2.45,66.73,66.74,6.29,5.15,0.7
道生天合,sh601026,19.44,19.05,19.3,3874200.0,19.44,4400,19.45,32500,2.05,19.45,19.2,3874200,74970000.0,3.61,1.31,20.84,128.19,20.96,17.15,0.78
苏宁环球,sz000718,2.11,2.11,2.14,35379000.0,2.1,1090300,2.11,456500,0.0,2.16,2.09,35379000,74830000.0,1.55,3.32,48.15,64.03,2.32,1.9,1.27
鹿得医疗,bj920278,7.78,7.42,7.57,3268500.0,7.78,10000,7.79,40700,4.85,7.79,7.53,3268500,25103800.0,4.41,3.5,5.76,13.58,9.64,5.2,1.83
永和智控,sz002795,7.99,7.93,8.08,15234700.0,7.98,30600,7.99,94300,0.76,8.08,7.77,15234700,120890000.0,3.51,3.91,34.71,35.29,8.72,7.14,0.57
北大医药,sz000788,6.56,5.96,6.0,66242300.0,6.56,15749500,0.0,0,10.07,6.56,6.0,66242300,422460000.0,11.11,9.4,39.1,39.1,6.56,5.36,5.11
丛麟科技,sh688370,25.25,23.55,25.09,198136900.0,25.23,12300,25.25,400,7.22,25.25,23.9,198136900,49070000.0,1.45,5.73,34.62,34.62,28.26,18.84,2.3
百润股份,sz002568,17.5,16.95,17.22,7355400.0,17.49,6400,17.5,15200,3.24,17.59,17.05,7355400,127910000.0,1.03,3.19,125.27,182.28,18.65,15.26,1.24
奥迪威,bj920491,23.16,22.61,23.15,1971500.0,23.16,14000,23.17,3000,2.43,23.33,22.9,1971500,45563500.0,1.71,1.9,26.76,32.69,29.39,15.83,0.94
荣信文化,sz301231,31.13,30.7,31.31,2525100.0,31.12,900,31.13,3300,1.4,31.54,30.74,2525100,78320000.0,3.86,2.61,20.37,26.27,36.84,24.56,0.95
恒鑫生活,sz301501,37.37,37.1,37.58,635700.0,37.37,18500,37.38,5300,0.73,37.6,37.04,635700,23710000.0,1.46,1.51,16.26,55.27,44.52,29.68,0.8
徕木股份,sh603633,7.65,7.53,7.65,5990100.0,7.65,4300,7.66,83700,1.59,7.75,7.56,5990100,45770000.0,1.4,2.52,32.65,32.65,8.28,6.78,0.96
交运股份,sh600676,7.6,7.48,7.6,9901100.0,7.59,33500,7.6,78800,1.6,7.68,7.48,9901100,75050000.0,0.96,2.67,78.17,78.17,8.23,6.73,0.6
国光连锁,sh605188,16.97,16.75,16.91,2671900.0,16.97,13700,16.98,49000,1.31,16.98,16.67,2671900,45030000.0,0.53,1.85,85.25,85.25,18.43,15.08,0.73
熊猫乳品,sz300898,23.63,23.31,23.7,2114400.0,23.6,4700,23.63,14500,1.37,23.85,23.33,2114400,49740000.0,1.84,2.23,27.11,29.3,27.97,18.65,1.04
航亚科技,sh688510,31.81,30.86,32.18,581092100.0,31.8,8600,31.81,1400,3.08,32.18,31.13,581092100,183670000.0,2.24,3.4,82.55,82.55,37.03,24.69,0.96
洁雅股份,sz301108,29.98,29.44,30.03,1234900.0,29.98,9300,29.99,1300,1.83,30.09,29.44,1234900,36760000.0,1.9,2.21,19.44,33.74,35.33,23.55,1.07
银邦股份,sz300337,13.14,13.58,13.34,52885100.0,13.14,224000,13.15,138600,-3.24,13.45,13.01,52885100,695570000.0,7.43,3.24,93.48,108.0,16.3,10.86,1.17
太力科技,sz301595,57.41,56.29,57.07,891600.0,57.4,2100,57.68,200,1.99,58.63,57.07,891600,51480000.0,3.86,2.77,13.26,62.16,67.55,45.03,0.88
惠发食品,sh603536,10.14,10.3,10.4,6209000.0,10.13,21600,10.14,15200,-1.55,10.46,10.05,6209000,63400000.0,2.58,3.98,24.39,24.58,11.33,9.27,0.87
连云港,sh601008,4.98,4.91,4.97,9573100.0,4.97,442300,4.98,234200,1.43,5.0,4.94,9573100,47570000.0,0.77,1.22,61.78,61.78,5.4,4.42,0.85
芯动联科,sh688582,58.52,57.52,58.9,244810100.0,58.52,30200,58.53,49800,1.74,59.0,57.8,244810100,142950000.0,0.98,2.09,146.43,235.1,69.02,46.02,0.88
华旺科技,sh605377,9.37,9.2,9.3,13383600.0,9.37,3200,9.38,43000,1.85,9.48,9.23,13383600,125390000.0,2.4,2.72,52.16,52.16,10.12,8.28,0.92
德林海,sh688069,29.06,30.73,30.3,345384000.0,29.06,22500,29.09,6200,-5.43,30.98,28.92,345384000,102690000.0,3.06,6.7,32.84,32.84,36.88,24.58,1.15
快可电子,sz301278,38.86,37.64,38.1,3099400.0,38.86,13600,38.87,7000,3.24,39.28,37.73,3099400,119910000.0,6.03,4.12,19.97,34.86,45.17,30.11,0.98
巴比食品,sh605338,26.07,25.15,25.65,2453800.0,26.06,1900,26.07,7600,3.66,26.12,25.28,2453800,63390000.0,1.02,3.34,62.46,62.46,27.67,22.64,1.36
趣睡科技,sz301336,51.85,50.96,52.0,852000.0,51.84,100,51.85,1800,1.75,52.23,51.01,852000,44010000.0,2.8,2.39,15.78,20.74,61.15,40.77,0.96
富奥股份,sz000030,5.2,5.56,5.44,85746800.0,5.2,613900,5.22,101700,-6.47,5.46,5.17,85746800,448820000.0,5.13,5.22,86.89,89.43,6.12,5.0,4.64
南特科技,bj920124,15.78,15.57,15.85,661100.0,15.77,11000,15.78,700,1.35,15.85,15.66,661100,10406600.0,0.86,1.22,12.08,23.47,20.24,10.9,0.88
威腾电气,sh688226,43.41,42.45,43.6,794105900.0,43.39,1500,43.41,2200,2.26,45.3,42.6,794105900,348650000.0,4.21,6.36,81.95,81.95,50.94,33.96,0.93
联影医疗,sh688271,114.71,112.0,113.3,440890400.0,114.71,1900,114.72,2700,2.42,115.2,112.6,440890400,502810000.0,0.53,2.32,945.39,945.39,134.4,89.6,1.34
中纺标,bj920122,25.77,25.6,25.86,317500.0,25.77,7500,25.95,1300,0.66,26.6,25.76,317500,8238400.0,0.85,3.28,9.63,23.77,33.28,17.92,0.86
四川长虹,sh600839,8.78,8.67,8.8,46536100.0,8.77,559200,8.78,218300,1.27,8.83,8.73,46536100,408380000.0,1.01,1.15,405.19,405.31,9.54,7.8,0.97
唯特偶,sz301319,41.62,40.7,41.94,1785800.0,41.6,800,41.62,3500,2.26,42.69,41.26,1785800,74740000.0,1.91,3.51,38.93,51.8,48.84,32.56,0.54
中草香料,bj920016,16.37,16.13,16.29,515800.0,16.28,900,16.37,7800,1.49,16.44,16.2,515800,8426300.0,1.51,1.49,5.6,12.6,20.96,11.3,1.14
ST岭南,sz002717,1.68,1.63,1.71,105573400.0,1.68,807800,1.69,3437100,3.07,1.71,1.67,105573400,179520000.0,6.54,2.45,27.14,30.58,1.71,1.55,2.52
中国东航,sh600115,4.54,4.25,4.45,308851400.0,4.54,463500,4.55,1059300,6.82,4.6,4.37,308851400,1391170000.0,1.81,5.41,772.93,1002.78,4.68,3.83,1.45
华塑控股,sz000509,3.84,4.09,4.17,84686100.0,3.84,236100,3.85,64800,-6.11,4.22,3.82,84686100,331310000.0,7.89,9.78,41.21,41.21,4.5,3.68,0.78
准油股份,sz002207,9.32,9.44,9.56,18817800.0,9.32,46500,9.33,97400,-1.27,9.6,9.3,18817800,176690000.0,7.22,3.18,24.31,24.42,10.38,8.5,0.72
山鹰国际,sh600567,1.55,1.54,1.56,56579300.0,1.55,3173900,1.56,16429800,0.65,1.57,1.54,56579300,87790000.0,0.9,1.95,97.77,97.77,1.69,1.39,0.75
信维通信,sz300136,63.05,64.96,66.0,80137800.0,63.04,293100,63.05,35500,-2.94,66.2,62.7,80137800,5116980000.0,9.72,5.39,519.89,610.05,77.95,51.97,0.88
索辰科技,sh688507,85.14,83.05,84.99,92803200.0,85.13,200,85.14,3400,2.52,85.89,84.56,92803200,79000000.0,1.88,1.6,41.92,75.87,99.66,66.44,0.72
众诚科技,bj920207,28.21,27.14,28.34,3351100.0,28.2,1000,28.21,22400,3.94,28.74,27.7,3351100,95000800.0,5.95,3.83,15.89,26.01,35.28,19.0,1.08
无锡鼎邦,bj920931,12.01,11.99,12.1,417900.0,12.01,2200,12.04,900,0.17,12.28,11.94,417900,5041800.0,1.45,2.84,3.46,11.28,15.58,8.4,1.04
三特索道,sz002159,19.54,18.97,19.08,4881900.0,19.54,16100,19.55,2600,3.0,19.65,18.74,4881900,94290000.0,3.53,4.8,27.06,34.64,20.87,17.07,1.24
重庆建工,sh600939,3.1,3.11,3.12,33169200.0,3.09,80800,3.1,97000,-0.32,3.26,3.07,33169200,104510000.0,1.74,6.11,58.98,58.98,3.42,2.8,2.13
金新农,sz002548,5.48,5.31,5.4,14588700.0,5.47,59200,5.48,45900,3.2,5.5,5.34,14588700,79000000.0,1.81,3.01,44.09,45.38,5.84,4.78,0.53
中航光电,sz002179,34.1,33.8,34.2,18633300.0,34.09,39700,34.1,21500,0.89,34.26,33.73,18633300,633310000.0,0.89,1.57,714.91,722.04,37.18,30.42,1.02
钱江生化,sh600796,6.64,6.59,6.65,9017700.0,6.64,6800,6.65,24700,0.76,6.78,6.56,9017700,59930000.0,2.9,3.34,20.68,57.54,7.25,5.93,0.73
天地数码,sz300743,17.68,17.25,17.63,2754200.0,17.67,200,17.68,34500,2.49,17.79,17.48,2754200,48650000.0,2.16,1.8,22.53,26.73,20.7,13.8,1.06
华映科技,sz000536,4.26,4.2,4.31,29220800.0,4.25,714700,4.26,917300,1.43,4.33,4.22,29220800,124280000.0,1.06,2.62,117.71,117.83,4.62,3.78,0.69
东华能源,sz002221,8.52,8.67,8.64,23146100.0,8.51,113800,8.52,36100,-1.73,8.82,8.49,23146100,200120000.0,1.58,3.81,124.47,134.29,9.54,7.8,0.65
融发核电,sz002366,7.5,7.35,7.46,52479000.0,7.49,453700,7.5,368700,2.04,7.53,7.37,52479000,390200000.0,2.84,2.18,138.78,156.07,8.09,6.62,0.67
佳云科技,sz300242,4.79,4.72,4.82,13672100.0,4.78,27700,4.79,219700,1.48,4.85,4.71,13672100,65020000.0,2.15,2.97,30.4,30.4,5.66,3.78,0.83
东风科技,sh600081,11.32,11.28,11.3,1662700.0,11.31,800,11.32,27800,0.35,11.43,11.29,1662700,18880000.0,0.3,1.24,62.6,62.6,12.41,10.15,1.06
普天科技,sz002544,25.87,25.85,26.3,10007200.0,25.86,28000,25.87,13100,0.08,26.37,25.66,10007200,259240000.0,1.47,2.75,176.04,176.05,28.44,23.27,0.81
天元宠物,sz301335,25.44,24.74,25.25,1457800.0,25.43,3400,25.44,9000,2.83,25.46,24.93,1457800,36800000.0,2.88,2.14,12.88,32.28,29.69,19.79,1.24
普冉股份,sh688766,238.29,225.19,239.0,668852500.0,238.25,300,238.29,1700,5.82,241.0,223.38,668852500,1558630000.0,4.52,7.82,352.79,352.79,270.23,180.15,1.17
富士达,bj920640,34.48,34.35,35.5,4187300.0,34.47,29900,34.48,3000,0.38,35.9,34.3,4187300,141978700.0,2.32,4.66,62.17,64.73,44.65,24.05,0.9
吉冈精密,bj920720,11.93,11.83,11.9,1086500.0,11.92,2000,11.93,4100,0.85,12.07,11.86,1086500,12965800.0,1.47,1.78,8.83,31.6,15.37,8.29,0.89
昊志机电,sz300503,55.33,52.03,53.41,28826900.0,55.32,4000,55.33,159600,6.34,55.58,51.35,28826900,1533030000.0,11.96,8.13,133.33,170.54,62.44,41.62,2.01
美年健康,sz002044,5.74,5.63,5.74,77901200.0,5.73,238400,5.74,362900,1.95,5.8,5.67,77901200,445830000.0,2.01,2.31,222.38,224.68,6.19,5.07,0.76
大众交通,sh600611,4.85,4.77,4.84,15672600.0,4.84,552200,4.85,586000,1.68,4.86,4.79,15672600,75690000.0,1.0,1.47,75.82,114.66,5.25,4.29,1.04
中水渔业,sz000798,10.24,10.11,10.24,8986600.0,10.23,40200,10.24,89600,1.29,10.27,10.1,8986600,91560000.0,2.46,1.68,37.46,37.46,11.12,9.1,0.61
航天彩虹,sz002389,21.82,21.86,22.18,20359500.0,21.82,16100,21.83,19700,-0.18,22.25,21.72,20359500,445610000.0,2.07,2.42,214.87,214.91,24.05,19.67,0.62
雅达股份,bj920556,9.57,9.44,9.71,1529300.0,9.57,14200,9.58,32000,1.38,9.74,9.49,1529300,14621000.0,1.3,2.65,11.24,15.44,12.27,6.61,0.55
博迁新材,sh605376,95.3,92.22,95.81,6341300.0,95.3,20300,95.31,200,3.34,96.7,93.42,6341300,603930000.0,2.42,3.56,249.3,249.3,101.44,83.0,1.02
长久物流,sh603569,6.99,6.86,6.97,4075100.0,6.99,2200,7.0,92300,1.9,7.0,6.9,4075100,28350000.0,0.68,1.46,42.19,42.19,7.55,6.17,0.97
欧亚集团,sh600697,12.08,12.06,12.22,3833900.0,12.07,31200,12.08,500,0.17,12.25,11.97,3833900,46310000.0,2.47,2.32,18.77,19.22,13.27,10.85,1.08
森马服饰,sz002563,5.47,5.43,5.47,20552100.0,5.47,53000,5.48,27100,0.74,5.49,5.35,20552100,111880000.0,0.93,2.58,120.73,147.37,5.97,4.89,1.05
能特科技,sz002102,3.33,3.24,3.29,52845800.0,3.32,342900,3.33,868600,2.78,3.33,3.23,52845800,173880000.0,2.43,3.09,72.36,82.44,3.56,2.92,0.91
三六五网,sz300295,9.95,9.71,10.14,4158400.0,9.93,67700,9.95,13300,2.47,10.14,9.74,4158400,41080000.0,2.48,4.12,16.67,18.87,11.65,7.77,0.94
ST明诚,sh600136,1.88,1.9,1.9,67340000.0,1.87,1392000,1.88,91800,-1.05,1.92,1.83,67340000,126010000.0,3.47,4.74,36.53,38.37,2.0,1.81,0.8
青岛金王,sz002094,6.58,6.5,6.58,10196600.0,6.57,220300,6.58,625900,1.23,6.61,6.5,10196600,66890000.0,1.48,1.69,45.43,45.46,7.15,5.85,0.79
安凯客车,sz000868,4.61,4.61,4.63,11501900.0,4.61,145800,4.62,153200,0.0,4.68,4.56,11501900,52910000.0,1.57,2.6,33.81,43.31,5.07,4.15,0.94
天域生物,sh603717,6.92,6.74,6.87,5692500.0,6.92,4300,6.93,43400,2.67,6.95,6.79,5692500,39090000.0,1.96,2.37,20.08,20.08,7.41,6.07,0.85
*ST宝鹰,sz002047,4.96,4.91,5.0,24015200.0,4.96,167800,4.97,144000,1.02,5.02,4.8,24015200,118090000.0,1.58,4.48,75.2,75.21,5.16,4.66,0.64
易明医药,sz002826,20.71,19.95,20.24,5946100.0,20.7,6100,20.71,78600,3.81,20.89,20.2,5946100,122390000.0,3.41,3.46,36.1,39.49,21.95,17.96,1.2
武汉天源,sz301127,15.85,15.55,15.9,8597900.0,15.85,7700,15.86,3000,1.93,16.16,15.64,8597900,136250000.0,1.31,3.34,103.7,106.84,18.66,12.44,0.89
*ST华嵘,sh600421,6.55,6.89,6.98,4507000.0,0.0,0,6.55,191400,-4.93,6.99,6.55,4507000,30060000.0,2.3,6.39,12.81,12.81,7.23,6.55,2.0
卫宁健康,sz300253,8.56,8.39,8.62,41311000.0,8.55,239800,8.56,168800,2.03,8.65,8.39,41311000,351480000.0,2.26,3.1,156.2,189.65,10.07,6.71,0.95
丽尚国潮,sh600738,4.8,4.82,4.87,8628900.0,4.8,48700,4.81,96300,-0.41,4.88,4.77,8628900,41570000.0,1.13,2.28,36.51,36.54,5.3,4.34,0.94
和展能源,sz000809,3.63,3.86,3.89,66533800.0,3.63,87900,3.64,109700,-5.96,3.92,3.56,66533800,243390000.0,8.07,9.33,29.94,29.94,4.25,3.47,0.81
浙商中拓,sz000906,5.82,5.78,5.84,4823800.0,5.81,17600,5.82,159200,0.69,5.85,5.76,4823800,28010000.0,0.69,1.56,40.81,41.3,6.36,5.2,0.74
中国汽研,sh601965,17.63,17.23,17.46,7544500.0,17.63,2500,17.64,100,2.32,17.81,17.46,7544500,133130000.0,0.76,2.03,176.02,176.84,18.95,15.51,1.15
创业慧康,sz300451,4.74,4.7,4.78,18755300.0,4.74,665100,4.75,47800,0.85,4.82,4.68,18755300,88810000.0,1.23,2.98,72.37,73.43,5.64,3.76,0.71
飞利信,sz300287,4.36,4.31,4.38,14132700.0,4.35,249300,4.36,90300,1.16,4.42,4.33,14132700,61600000.0,1.07,2.09,57.47,62.58,5.17,3.45,0.54
亨迪药业,sz301211,12.34,12.04,12.12,6698800.0,12.34,6700,12.35,18800,2.49,12.38,11.97,6698800,82010000.0,1.6,3.41,51.53,51.53,14.45,9.63,1.85
电科数字,sh600850,22.97,22.58,23.06,6804700.0,22.97,3500,22.98,1000,1.73,23.11,22.81,6804700,156430000.0,1.0,1.33,156.24,156.24,24.84,20.32,0.76
天马新材,bj920971,24.91,24.17,24.56,1168200.0,24.91,800,24.92,2600,3.06,25.15,24.56,1168200,29088500.0,1.36,2.44,21.35,26.18,31.42,16.92,1.1
华联股份,sz000882,1.65,1.64,1.67,44091800.0,1.65,1512400,1.66,3363600,0.61,1.69,1.64,44091800,72990000.0,1.61,3.05,45.14,45.17,1.8,1.48,0.78
利尔达,bj920249,7.8,7.6,7.78,6349800.0,7.8,2900,7.81,3700,2.63,7.95,7.69,6349800,49539300.0,5.09,3.42,9.72,32.89,9.88,5.32,0.96
西藏旅游,sh600749,16.3,16.04,16.16,4141100.0,16.29,7100,16.3,26600,1.62,16.35,15.97,4141100,67020000.0,1.82,2.37,37.0,37.0,17.64,14.44,1.06
贝瑞基因,sz000710,10.72,10.32,10.55,8683200.0,10.71,68700,10.72,59900,3.88,10.73,10.31,8683200,92030000.0,2.64,4.07,35.33,37.9,11.35,9.29,1.29
惠同新材,bj920751,20.89,20.92,21.12,689100.0,20.86,5700,20.89,1700,-0.14,21.28,20.84,689100,14459800.0,0.83,2.1,17.34,18.13,27.19,14.65,0.84
国源科技,bj920184,15.27,14.81,15.02,1721500.0,15.24,21000,15.27,2100,3.11,15.29,15.0,1721500,26104400.0,1.93,1.96,13.65,20.25,19.25,10.37,1.04
晶科科技,sh601778,4.98,4.89,5.02,197352900.0,4.98,1851000,4.99,976600,1.84,5.08,4.91,197352900,984790000.0,5.53,3.48,177.84,177.84,5.38,4.4,0.61
新世界,sh600628,7.3,7.2,7.29,8953700.0,7.3,91600,7.31,111200,1.39,7.34,7.2,8953700,65040000.0,1.38,1.94,47.22,47.22,7.92,6.48,0.75
慈文传媒,sz002343,6.48,6.39,6.5,7953600.0,6.47,5200,6.48,13100,1.41,6.53,6.37,7953600,51230000.0,1.68,2.5,30.69,30.69,7.03,5.75,0.94
金马游乐,sz300756,40.92,39.94,40.59,3384400.0,40.84,200,40.92,4300,2.45,42.1,39.89,3384400,138140000.0,2.58,5.53,53.7,64.49,47.93,31.95,1.11
烽火电子,sz000561,9.67,9.69,9.84,8283000.0,9.66,108500,9.67,77700,-0.21,9.86,9.57,8283000,79960000.0,1.16,2.99,69.28,83.55,10.66,8.72,0.84
信凯科技,sz001335,41.87,41.08,41.92,592500.0,41.86,100,41.87,10100,1.92,42.48,41.5,592500,24810000.0,2.53,2.39,9.81,39.25,45.19,36.97,0.94
实达集团,sh600734,3.84,3.83,3.88,51260100.0,3.83,965000,3.84,650200,0.26,3.9,3.79,51260100,196230000.0,2.35,2.87,83.63,83.65,4.21,3.45,0.89
京投发展,sh600683,9.62,9.76,9.74,29499000.0,9.61,68000,9.62,5000,-1.43,9.85,9.36,29499000,281750000.0,3.98,5.02,71.26,71.26,10.74,8.78,0.75
京城股份,sh600860,11.5,11.13,11.35,21346900.0,11.5,100700,11.51,56900,3.32,11.79,11.15,21346900,245460000.0,4.81,5.75,51.06,62.96,12.24,10.02,1.43
京源环保,sh688096,8.47,8.62,8.8,1080056000.0,8.46,23900,8.47,7100,-1.74,9.13,8.42,1080056000,93590000.0,4.58,8.24,19.99,19.99,10.34,6.9,0.93
西子洁能,sz002534,16.54,16.16,16.48,6878100.0,16.54,42200,16.55,6600,2.35,16.69,16.39,6878100,113700000.0,0.83,1.86,136.41,138.26,17.78,14.54,0.78
天元智能,sh603273,18.68,18.3,18.45,2198200.0,18.68,4600,18.69,16000,2.08,18.84,18.45,2198200,40960000.0,3.92,2.13,10.47,40.03,20.13,16.47,1.33
瑞华泰,sh688323,20.75,20.38,20.58,464686400.0,20.75,1700,20.77,2300,1.82,20.99,20.23,464686400,95640000.0,2.58,3.73,37.35,37.35,24.46,16.3,0.78
乐创技术,bj920425,18.67,18.35,18.83,825000.0,18.66,1000,18.67,9400,1.74,18.88,18.5,825000,15390900.0,1.39,2.07,11.06,13.24,23.85,12.85,0.85
华原股份,bj920837,12.62,12.93,12.82,2465900.0,12.62,4400,12.63,2900,-2.4,13.28,12.59,2465900,31502800.000000004,1.8,5.34,17.26,19.15,16.8,9.06,1.59
全通教育,sz300359,4.99,4.9,5.02,8800200.0,4.98,45900,4.99,1700,1.84,5.02,4.91,8800200,43720000.0,1.39,2.24,31.6,31.6,5.88,3.92,1.04
龙大美食,sz002726,3.29,3.29,3.35,22969500.0,3.29,226200,3.3,2800,0.0,3.38,3.25,22969500,75630000.0,2.13,3.95,35.48,35.5,3.62,2.96,0.88
苏奥传感,sz300507,8.38,8.13,8.27,10275500.0,8.37,148100,8.38,41800,3.08,8.38,8.16,10275500,85240000.0,1.33,2.71,64.94,67.09,9.76,6.5,1.29
长江投资,sh600119,6.21,6.09,6.18,7209400.0,6.2,70000,6.21,31300,1.97,6.22,6.11,7209400,44460000.0,1.97,1.81,22.68,22.68,6.7,5.48,1.1
盛航股份,sz001205,14.61,14.22,14.47,3308700.0,14.61,43700,14.62,36600,2.74,14.63,14.38,3308700,48010000.0,2.07,1.76,23.3,27.47,15.64,12.8,1.02
同庆楼,sh605108,16.86,16.55,16.66,2257800.0,16.86,1700,16.87,14600,1.87,16.86,16.55,2257800,37810000.0,0.87,1.87,43.84,43.84,18.21,14.9,1.28
中顺洁柔,sz002511,8.58,8.37,8.48,15595600.0,8.58,1800,8.59,3300,2.51,8.68,8.46,15595600,133830000.0,1.23,2.63,108.54,110.37,9.21,7.53,1.24
联合精密,sz001268,29.65,28.8,29.0,1042200.0,29.65,100,29.69,3700,2.95,29.8,29.0,1042200,30760000.0,1.66,2.78,18.66,32.0,31.68,25.92,1.08
神通科技,sh605228,14.44,13.82,14.01,16093200.0,14.43,14600,14.44,26900,4.49,14.8,14.01,16093200,232160000.0,3.37,5.72,68.9,69.19,15.2,12.44,1.36
威贸电子,bj920346,19.83,19.42,19.65,420900.0,19.83,15900,19.88,300,2.11,19.99,19.65,420900,8362200.0,0.94,1.75,8.84,15.99,25.24,13.6,1.01
东方精工,sz002611,17.81,17.99,18.15,32427000.0,17.81,28300,17.82,161600,-1.0,18.23,17.73,32427000,580010000.0,3.24,2.78,178.44,216.8,19.79,16.19,0.69
阿尔特,sz300825,9.39,9.4,9.54,25237200.0,9.39,22800,9.4,2600,-0.11,9.75,9.33,25237200,240820000.0,5.21,4.47,45.49,46.77,11.28,7.52,2.09
佳合科技,bj920392,19.68,19.65,19.64,713300.0,19.68,7600,19.7,1300,0.15,19.87,19.43,713300,13998300.0,1.96,2.24,7.16,15.0,25.54,13.76,1.32
宁波方正,sz300998,21.6,21.93,22.12,2042100.0,21.58,500,21.6,2900,-1.5,22.54,21.56,2042100,44530000.0,1.9,4.47,23.26,29.63,26.32,17.54,1.15
科创信息,sz300730,13.47,13.93,14.19,15562500.0,13.47,60900,13.48,32300,-3.3,14.27,13.35,15562500,211730000.0,8.05,6.6,26.04,32.48,16.72,11.14,0.83
光庭信息,sz301221,49.3,47.41,48.33,1905300.0,49.0,2100,49.3,1500,3.99,49.48,48.33,1905300,93440000.0,3.04,2.43,30.92,45.66,56.89,37.93,1.31
中南文化,sz002445,3.84,4.03,4.06,324728700.0,3.84,1490200,3.85,992000,-4.71,4.1,3.75,324728700,1245290000.0,13.72,8.68,90.87,91.26,4.43,3.63,0.77
智慧农业,sz000816,3.3,3.29,3.34,21602700.0,3.3,611100,3.31,431600,0.3,3.36,3.28,21602700,71400000.0,1.5,2.43,47.4,47.75,3.62,2.96,0.63
新特电气,sz301120,21.76,21.34,21.82,11977800.0,21.76,140700,21.77,13900,1.97,21.96,21.5,11977800,260060000.0,5.48,2.16,47.57,80.83,25.61,17.07,0.55
德众汽车,bj920030,5.54,5.51,5.56,1733800.0,5.54,3900,5.56,13700,0.54,5.62,5.52,1733800,9629300.0,1.54,1.81,6.23,9.91,7.16,3.86,0.81
新赣江,bj920367,19.3,18.11,18.39,3292700.0,19.3,20700,19.31,100,6.57,19.33,18.1,3292700,62477299.99999999,7.84,6.79,8.1,13.68,23.54,12.68,2.4
曲美家居,sh603818,3.58,3.55,3.6,12281800.0,3.57,73500,3.58,201500,0.85,3.63,3.53,12281800,43900000.0,1.79,2.82,24.58,24.58,3.91,3.2,1.03
嘉麟杰,sz002486,2.94,2.93,2.97,21338300.0,2.94,125700,2.95,35900,0.34,2.99,2.91,21338300,62730000.0,2.6,2.73,24.12,24.23,3.22,2.64,0.77
步步高,sz002251,4.29,4.26,4.32,30187600.0,4.29,1067100,4.3,873400,0.7,4.34,4.25,30187600,129430000.0,1.4,2.11,92.34,115.35,4.69,3.83,0.7
利仁科技,sz001259,31.94,31.16,31.98,1189500.0,31.93,10100,31.94,2900,2.5,32.21,31.4,1189500,37970000.0,2.5,2.6,15.19,23.5,34.28,28.04,1.05
GQY视讯,sz300076,6.32,6.26,6.44,12804400.0,6.31,123000,6.32,38900,0.96,6.46,6.21,12804400,80530000.0,3.02,3.99,26.8,26.8,7.51,5.01,0.91
兴化股份,sz002109,4.4,4.51,4.49,62706400.0,4.4,461800,4.41,139800,-2.44,4.55,4.35,62706400,278040000.0,4.91,4.43,56.16,56.16,4.96,4.06,0.54
皇庭国际,sz000056,2.03,2.01,2.03,58491600.0,2.02,375700,2.03,558500,1.0,2.08,1.97,58491600,118290000.0,6.47,5.47,18.35,24.01,2.21,1.81,1.01
浩淼科技,bj920856,12.94,12.7,12.94,526900.0,12.94,25000,12.95,10000,1.89,13.03,12.74,526900,6783099.999999999,0.99,2.28,6.87,12.31,16.51,8.89,0.66
壹网壹创,sz300792,34.28,33.68,34.35,4509300.0,34.28,15000,34.29,3300,1.78,34.55,33.77,4509300,154150000.0,2.12,2.32,72.86,81.22,40.42,26.94,1.02
沪江材料,bj920204,14.88,14.71,14.84,643400.0,14.8,300,14.88,4000,1.16,15.05,14.7,643400,9558900.0,1.29,2.38,7.44,14.03,19.12,10.3,0.95
长亮科技,sz300348,13.02,12.83,13.02,17847000.0,13.01,9700,13.02,7700,1.48,13.38,12.94,17847000,234180000.0,2.51,3.43,92.55,105.82,15.4,10.26,0.9
飞天诚信,sz300386,14.18,13.98,14.25,3347200.0,14.18,10900,14.19,50500,1.43,14.29,14.1,3347200,47550000.0,1.33,1.36,35.56,59.28,16.78,11.18,0.95
ST得润,sz002055,5.77,5.67,5.79,16499500.0,5.76,213100,5.77,94000,1.76,5.8,5.69,16499500,94930000.0,2.78,1.94,34.27,34.88,5.95,5.39,0.73
厚普股份,sz300471,12.95,12.55,12.8,12477900.0,12.94,2900,12.95,16600,3.19,13.18,12.7,12477900,161510000.0,3.4,3.82,47.47,60.89,15.06,10.04,1.24
华测导航,sz300627,33.57,33.26,33.74,6525800.0,33.56,23800,33.57,12600,0.93,33.83,33.31,6525800,218730000.0,1.01,1.56,217.57,264.16,39.91,26.61,0.87
福成股份,sh600965,5.67,5.77,5.71,13050500.0,5.67,1000,5.68,15700,-1.73,5.79,5.62,13050500,74090000.0,1.59,2.95,46.42,46.42,6.35,5.19,1.02
喜临门,sh603008,15.2,14.94,15.24,16069300.0,15.2,8100,15.21,1500,1.74,15.44,14.6,16069300,242640000.0,4.36,5.62,55.98,55.98,16.43,13.45,0.7
万里扬,sz002434,8.1,7.87,8.02,17568000.0,8.09,337600,8.1,61400,2.92,8.23,7.94,17568000,141950000.0,1.34,3.68,106.22,106.32,8.66,7.08,1.42
英唐智控,sz300131,11.58,11.38,11.69,48370200.0,11.58,36100,11.59,44000,1.76,11.79,11.37,48370200,560030000.0,4.64,3.69,120.69,131.44,13.66,9.1,0.34
ST宁科,sh600165,3.37,3.35,3.35,7869600.0,3.36,108000,3.37,11700,0.6,3.47,3.34,7869600,26710000.0,1.07,3.88,24.7,54.46,3.52,3.18,0.91
工大高科,sh688367,36.2,36.32,36.5,109663900.0,36.18,2200,36.2,200,-0.33,37.28,35.8,109663900,39740000.0,1.25,4.07,31.72,31.72,43.58,29.06,0.73
天目湖,sh603136,11.5,11.26,11.35,4056200.0,11.5,2300,11.51,34500,2.13,11.55,11.2,4056200,46280000.0,1.5,3.11,31.06,31.06,12.39,10.13,0.95
卓郎智能,sh600545,4.0,3.64,3.79,80722100.0,4.0,24082600,0.0,0,9.89,4.0,3.7,80722100,316850000.0,4.51,8.24,71.52,71.52,4.0,3.28,0.72
金盘科技,sh688676,76.05,74.5,76.0,724859400.0,76.04,1900,76.05,28200,2.08,76.5,75.09,724859400,549340000.0,1.58,1.89,349.67,349.67,89.4,59.6,0.7
玉马科技,sz300993,12.41,12.15,12.36,2268200.0,12.4,4000,12.41,7600,2.14,12.44,12.2,2268200,27980000.0,0.94,1.98,29.88,38.24,14.58,9.72,0.83
新宏泽,sz002836,13.89,13.63,13.85,2409900.0,13.88,26000,13.89,700,1.91,13.95,13.61,2409900,33200000.0,1.05,2.49,32.0,32.0,14.99,12.27,0.64
均胜电子,sh600699,25.2,24.78,25.3,29310900.0,25.2,297200,25.21,31900,1.69,25.36,24.89,29310900,736570000.0,2.16,1.9,341.47,390.79,27.26,22.3,0.8
中大力德,sz002896,75.5,74.95,76.15,5199700.0,75.49,29200,75.5,42900,0.73,76.45,74.89,5199700,392770000.0,2.65,2.08,148.37,148.37,82.45,67.46,0.62
美心翼申,bj920833,15.38,15.62,16.09,2126200.0,15.38,15700,15.39,1200,-1.54,16.19,15.22,2126200,32868600.0,3.4,6.21,9.61,12.67,20.3,10.94,1.53
科拜尔,bj920066,21.43,21.19,21.41,208700.0,21.38,1000,21.43,600,1.13,21.51,21.24,208700,4458900.0,1.05,1.27,4.26,13.47,27.54,14.84,0.79
韩建河山,sh603616,6.41,6.4,6.47,16602300.0,6.41,4200,6.42,85900,0.16,6.62,6.38,16602300,106890000.0,4.32,3.75,24.63,25.08,7.04,5.76,0.41
红相股份,sz300427,12.29,12.32,12.7,33095000.0,12.29,163000,12.3,96900,-0.24,12.74,12.12,33095000,408580000.0,6.58,5.03,61.82,62.5,14.78,9.86,0.87
三祥科技,bj920195,19.08,18.55,18.85,649400.0,19.06,100,19.08,1200,2.86,19.08,18.63,649400,12240200.0,0.92,2.43,13.5,18.7,24.11,12.99,1.25
西域旅游,sz300859,33.41,32.56,33.15,3579000.0,33.4,900,33.41,18300,2.61,33.43,32.54,3579000,118420000.0,2.31,2.73,51.79,51.79,39.07,26.05,0.86
*ST东晶,sz002199,8.2,8.31,8.4,3435000.0,8.19,1800,8.2,4600,-1.32,8.49,8.14,3435000,28490000.0,1.41,4.21,19.96,19.96,8.73,7.89,0.77
安居宝,sz300155,4.81,4.73,4.87,6522700.0,4.8,58200,4.81,165700,1.69,4.89,4.76,6522700,31290000.0,1.97,2.75,15.91,27.0,5.68,3.78,0.81
广脉科技,bj920924,20.25,19.99,20.8,2430000.0,20.25,0,20.32,1000,1.3,20.98,20.17,2430000,49984799.99999999,3.72,4.05,13.24,21.73,25.98,14.0,0.53
维康药业,sz300878,28.13,27.5,28.13,1832300.0,28.13,3400,28.15,8400,2.29,28.17,27.43,1832300,51210000.0,1.27,2.69,40.54,40.73,33.0,22.0,1.08
五洲医疗,sz301234,38.49,37.16,37.77,1006900.0,38.42,9300,38.49,1200,3.58,38.78,37.76,1006900,38560000.0,2.51,2.74,15.46,26.17,44.59,29.73,0.74
赤天化,sh600227,3.84,3.94,3.97,214432600.0,3.83,1735900,3.84,271000,-2.54,4.0,3.79,214432600,826880000.0,16.78,5.33,49.06,64.85,4.33,3.55,0.68
方直科技,sz300235,12.88,12.62,12.85,8115800.0,12.87,10000,12.88,6100,2.06,12.96,12.6,8115800,103320000.0,4.0,2.85,26.16,32.42,15.14,10.1,1.36
哈森股份,sh603958,20.6,19.65,20.01,11063600.0,20.6,31900,20.61,9800,4.83,20.99,19.72,11063600,224840000.0,5.04,6.46,45.19,45.19,21.62,17.69,1.01
赛伍技术,sh603212,13.4,13.03,13.18,18474400.0,13.4,8000,13.41,18400,2.84,13.63,13.1,18474400,246750000.0,4.22,4.07,58.62,58.62,14.33,11.73,0.9
汽轮科技,sz300277,19.14,18.25,19.0,43242300.0,19.14,38000,19.15,63700,4.88,19.6,18.77,43242300,829610000.0,5.63,4.55,146.93,290.28,21.9,14.6,1.27
建邦科技,bj920242,23.43,23.12,23.5,232700.0,23.43,24400,23.46,2200,1.34,23.58,23.34,232700,5449500.0,0.62,1.04,8.75,15.54,30.05,16.19,0.52
ST赛为,sz300044,8.07,7.79,7.85,36050600.0,8.07,48600,8.08,240200,3.59,8.11,7.76,36050600,286080000.0,5.04,4.49,57.73,61.64,9.35,6.23,1.27
普邦股份,sz002663,2.24,2.27,2.31,48927500.0,2.23,309000,2.24,755700,-1.32,2.35,2.21,48927500,109940000.0,3.78,6.17,28.96,38.6,2.5,2.04,0.83
盐津铺子,sz002847,60.3,59.37,59.95,1805400.0,60.3,200,60.39,300,1.57,60.78,59.38,1805400,108750000.0,0.74,2.36,147.04,164.44,65.31,53.43,0.96
*ST凯鑫,sz300899,37.28,36.76,37.0,876700.0,36.96,2900,37.28,800,1.41,37.49,36.1,876700,32250000.0,2.14,3.78,15.26,23.78,44.11,29.41,0.72
纽泰格,sz301229,18.01,17.71,18.05,1966400.0,18.01,1000,18.02,12100,1.69,18.2,17.9,1966400,35380000.0,1.52,1.69,23.27,32.74,21.25,14.17,1.03
日海智能,sz002313,8.7,8.7,8.85,5212700.0,8.69,11900,8.7,5200,0.0,8.9,8.6,5212700,45360000.0,1.39,3.45,32.57,32.57,9.57,7.83,1.06
*ST恒久,sz002808,4.76,4.7,4.74,2564400.0,4.75,20400,4.76,4100,1.28,4.81,4.67,2564400,12140000.0,1.55,2.98,7.85,12.79,4.94,4.47,0.52
华鹏飞,sz300350,5.4,5.37,5.46,12969700.0,5.39,85500,5.4,346000,0.56,5.48,5.36,12969700,70060000.0,2.75,2.23,25.46,30.35,6.44,4.3,1.01
旷达科技,sz002516,5.6,5.54,5.65,13204400.0,5.59,29900,5.6,48400,1.08,5.66,5.55,13204400,73760000.0,0.91,1.99,81.62,82.37,6.09,4.99,0.97
风光股份,sz301100,18.6,18.45,18.58,1089100.0,18.58,4800,18.6,1500,0.81,18.8,18.38,1089100,20230000.0,1.24,2.28,16.27,37.2,22.14,14.76,0.77
宏辉果蔬,sh603336,9.11,8.55,8.63,14941200.0,9.1,170700,9.11,60900,6.55,9.32,8.59,14941200,134690000.0,2.45,8.54,55.45,55.45,9.41,7.7,2.98
通灵股份,sz301168,40.86,40.7,41.2,2167100.0,40.86,100,40.87,1700,0.39,41.7,40.52,2167100,88820000.0,2.27,2.9,38.95,49.03,48.84,32.56,0.95
长春一东,sh600148,18.38,18.21,18.55,1464700.0,18.38,1700,18.39,2000,0.93,18.66,18.18,1464700,26880000.0,1.04,2.64,26.01,26.01,20.03,16.39,0.87
园林股份,sh605303,16.68,16.37,16.76,3680000.0,16.67,2700,16.68,15000,1.89,17.5,16.43,3680000,61700000.0,2.28,6.54,26.89,26.89,18.01,14.73,1.01
瑞康医药,sz002589,3.21,3.12,3.15,72086000.0,3.2,589500,3.21,613100,2.88,3.23,3.07,72086000,229100000.0,5.28,5.13,43.84,48.3,3.43,2.81,2.08
中瑞股份,sz301587,26.93,26.94,27.2,9280600.0,26.92,200,26.93,6600,-0.04,27.59,26.17,9280600,249260000.0,12.63,5.27,19.78,39.68,32.33,21.55,0.62
节能环境,sz300140,7.07,7.01,7.12,25815100.0,7.06,115400,7.07,168900,0.86,7.26,7.01,25815100,182870000.0,2.53,3.57,72.12,219.1,8.41,5.61,0.48
天工股份,bj920068,20.59,20.63,21.39,1875600.0,20.59,11900,20.6,400,-0.19,21.39,20.5,1875600,38857200.0,2.99,4.31,12.91,134.99,26.81,14.45,0.81
凌志软件,sh688588,11.82,11.61,11.88,349455800.0,11.82,1800,11.83,29800,1.81,11.95,11.71,349455800,41300000.0,0.87,2.07,47.28,47.28,13.93,9.29,1.09
兴通股份,sh603209,15.03,14.86,15.01,2491600.0,15.02,7400,15.03,3600,1.14,15.18,14.95,2491600,37510000.0,0.78,1.55,48.32,48.85,16.35,13.37,0.7
旋极信息,sz300324,4.76,4.7,4.8,25930900.0,4.76,436700,4.77,686600,1.28,4.82,4.73,25930900,123470000.0,1.52,1.91,81.4,82.23,5.64,3.76,0.69
ST银江,sz300020,4.09,4.18,4.24,21188800.0,4.08,151100,4.09,244800,-2.15,4.25,4.05,21188800,87520000.0,2.76,4.78,31.36,32.5,5.02,3.34,1.76
ST信通,sh600289,7.33,7.4,7.42,5234800.0,7.33,8200,7.34,104700,-0.95,7.55,7.26,5234800,38540000.0,0.93,3.92,41.48,46.26,7.77,7.03,0.68
粤 传 媒,sz002181,12.03,12.3,12.3,74378100.0,12.03,512900,12.04,212400,-2.2,12.37,11.62,74378100,891930000.0,6.56,6.1,136.48,139.68,13.53,11.07,0.92
世昌股份,bj920022,26.15,25.6,25.99,376500.0,26.14,4400,26.15,14700,2.15,26.85,25.99,376500,9876100.0,2.27,3.36,4.34,15.77,33.28,17.92,1.17
万达信息,sz300168,5.6,5.55,5.65,17311600.0,5.59,231100,5.6,76000,0.9,5.67,5.55,17311600,96960000.0,1.2,2.16,80.59,80.68,6.66,4.44,0.42
恒宇信通,sz300965,53.3,52.36,53.29,558500.0,53.28,7400,53.3,1000,1.8,53.5,52.31,558500,29550000.0,1.0,2.27,29.7,31.98,62.83,41.89,0.94
四维图新,sz002405,9.42,9.26,9.47,59290200.0,9.42,381200,9.43,3600,1.73,9.58,9.38,59290200,561850000.0,2.52,2.16,221.92,223.32,10.19,8.33,0.65
华菱线缆,sz001208,18.88,19.45,19.76,20365700.0,18.88,49700,18.89,32200,-2.93,19.9,18.61,20365700,385000000.0,7.74,6.63,49.69,120.52,21.4,17.51,1.15
木林森,sz002745,8.69,8.42,8.55,39606400.0,8.69,214000,8.7,281000,3.21,8.84,8.41,39606400,342310000.0,3.72,5.11,92.52,128.97,9.26,7.58,0.61
丽江股份,sz002033,9.29,9.09,9.15,15661300.0,9.28,7300,9.29,23600,2.2,9.33,9.07,15661300,144230000.0,2.85,2.86,51.05,51.05,10.0,8.18,1.01
克莱特,bj920689,29.08,28.88,29.21,910400.0,29.08,800,29.09,900,0.69,29.57,28.77,910400,26485000.0,2.4,2.77,11.03,21.34,37.54,20.22,0.91
高凌信息,sh688175,31.6,33.5,31.9,461766500.0,31.6,11300,31.67,300,-5.67,33.22,31.6,461766500,148970000.0,3.57,4.84,40.86,40.86,40.2,26.8,1.57
登康口腔,sz001328,32.91,31.7,32.33,1762300.0,32.91,9900,32.92,400,3.82,32.99,32.07,1762300,57250000.0,3.83,2.9,15.15,56.66,34.87,28.53,1.43
航天发展,sz000547,27.84,28.46,28.46,200341200.0,27.83,882700,27.84,791100,-2.18,28.8,27.16,200341200,5586850000.0,12.61,5.76,442.41,445.01,31.31,25.61,0.91
永安行,sh603776,18.67,17.68,17.87,3080800.0,18.67,100,18.68,3900,5.6,18.73,17.85,3080800,56360000.0,1.1,4.98,52.42,52.42,19.45,15.91,1.78
华英农业,sz002321,2.15,2.15,2.18,30751100.0,2.15,39200,2.16,715000,0.0,2.19,2.12,30751100,66110000.0,1.45,3.26,45.67,45.86,2.37,1.94,1.09
广百股份,sz002187,6.48,6.48,6.59,14951200.0,6.47,85000,6.48,81900,0.0,6.65,6.4,14951200,96980000.0,2.13,3.86,45.42,45.42,7.13,5.83,1.52
纳尔股份,sz002825,10.38,10.49,10.64,7424900.0,10.37,10100,10.38,4800,-1.05,10.73,10.31,7424900,77740000.0,2.89,4.0,26.63,35.45,11.54,9.44,1.35
太龙股份,sz300650,14.93,14.53,14.95,4749400.0,14.92,300,14.93,14500,2.75,15.12,14.76,4749400,70800000.0,2.79,2.48,25.43,36.04,17.44,11.62,0.85
申华控股,sh600653,1.79,1.79,1.82,22817900.0,1.79,861600,1.8,1080600,0.0,1.83,1.77,22817900,40940000.0,1.17,3.35,34.84,34.84,1.97,1.61,0.98
国义招标,bj920039,9.43,9.31,9.49,698100.0,9.37,8300,9.43,4400,1.29,9.5,9.33,698100,6567900.0,0.45,1.83,14.51,14.51,12.1,6.52,0.93
红豆股份,sh600400,2.16,2.14,2.18,23434700.0,2.16,649200,2.17,1156700,0.93,2.2,2.14,23434700,50620000.0,1.02,2.8,49.49,49.49,2.35,1.93,0.94
全筑股份,sh603030,2.44,2.44,2.47,24313400.0,2.43,44900,2.44,349000,0.0,2.49,2.41,24313400,59160000.0,1.85,3.28,32.13,32.13,2.68,2.2,1.44
锐明技术,sz002970,64.68,62.72,64.67,5655600.0,64.67,1000,64.68,3000,3.13,66.88,63.6,5655600,369220000.0,4.54,5.23,80.51,117.73,68.99,56.45,0.96
日盈电子,sh603286,60.95,57.69,58.78,5455200.0,60.94,6300,60.95,3100,5.65,62.15,58.0,5455200,329390000.0,4.73,7.19,70.35,71.55,63.46,51.92,1.46
球冠电缆,bj920682,8.36,8.25,8.5,2563400.0,8.36,33900,8.37,800,1.33,8.58,8.32,2563400,21506000.0,1.36,3.15,15.73,27.13,10.72,5.78,1.05
金字火腿,sz002515,5.65,5.55,5.63,17753400.0,5.65,95500,5.66,21400,1.8,5.77,5.6,17753400,100680000.0,1.47,3.06,68.4,68.4,6.11,5.0,1.1
天地在线,sz002995,24.24,24.66,25.2,31201600.0,24.24,85500,24.25,10700,-1.7,25.4,24.0,31201600,762440000.0,27.76,5.68,27.25,43.01,27.13,22.19,1.73
华秦科技,sh688281,73.61,71.7,72.91,193079600.0,73.41,1500,73.61,600,2.66,73.75,71.88,193079600,140830000.0,0.71,2.61,200.64,200.64,86.04,57.36,1.01
*ST金灵,sz300091,2.98,2.99,3.0,10869300.0,2.98,652000,2.99,490400,-0.33,3.03,2.98,10869300,32520000.0,0.66,1.67,48.74,84.69,3.59,2.39,0.83
同益中,sh688722,16.66,16.47,16.82,179548100.0,16.66,2000,16.68,900,1.15,16.93,16.58,179548100,29980000.0,0.8,2.13,37.34,37.43,19.76,13.18,0.92
大明电子,sh603376,33.46,33.13,33.6,871200.0,33.45,4400,33.46,2900,1.0,33.68,33.26,871200,29170000.0,2.81,1.27,10.39,133.84,36.44,29.82,0.75
天阳科技,sz300872,16.27,15.92,16.22,5764900.0,16.27,3500,16.28,30400,2.2,16.36,16.12,5764900,93570000.0,1.37,1.51,68.67,79.42,19.1,12.74,0.65
汉维科技,bj920957,10.93,10.87,11.05,423300.0,10.87,4300,10.93,5000,0.55,11.17,10.81,423300,4631000.0,0.99,3.31,4.67,11.73,14.13,7.61,0.8
盛路通信,sz002446,9.97,9.9,10.2,24660200.0,9.96,86900,9.97,23000,0.71,10.2,9.83,24660200,245480000.0,2.91,3.74,84.52,91.27,10.89,8.91,0.93
千里科技,sh601777,10.17,9.87,10.0,21796300.0,10.17,10100,10.18,191100,3.04,10.19,9.96,21796300,220050000.0,0.48,2.33,459.8,459.8,10.86,8.88,1.03
豪能股份,sh603809,10.77,10.81,10.95,11448000.0,10.77,1400,10.78,56500,-0.37,10.97,10.71,11448000,123570000.0,1.24,2.41,99.12,99.12,11.89,9.73,0.86
健盛集团,sh603558,14.33,14.78,14.6,14683500.0,14.33,37600,14.34,7400,-3.04,14.86,14.12,14683500,210700000.0,4.29,5.01,49.1,49.1,16.26,13.3,0.86
恒工精密,sz301261,77.3,75.75,77.55,1082100.0,77.2,17000,77.3,6600,2.05,78.26,76.71,1082100,83710000.0,2.89,2.05,28.97,67.94,90.9,60.6,0.85
联迪信息,bj920790,26.72,26.63,27.2,590500.0,26.68,7400,26.72,500,0.34,27.33,26.6,590500,15900700.0,1.09,2.74,14.52,21.1,34.61,18.65,0.83
金橙子,sh688291,39.22,39.3,40.37,171166600.0,39.22,9600,39.23,2400,-0.2,40.37,38.71,171166600,67070000.0,1.67,4.22,40.27,40.27,47.16,31.44,1.13
中广核技,sz000881,7.78,7.67,7.81,16833400.0,7.77,157000,7.78,54200,1.43,7.84,7.62,16833400,130060000.0,1.86,2.87,70.31,73.55,8.44,6.9,0.79
兰石重装,sh603169,10.16,9.9,10.06,24531400.0,10.16,21200,10.17,155800,2.63,10.22,9.96,24531400,247900000.0,1.88,2.63,132.72,132.72,10.89,8.91,0.75
天府文旅,sz000558,4.63,4.62,4.65,29313100.0,4.62,365500,4.63,38900,0.22,4.67,4.51,29313100,134510000.0,2.27,3.46,59.67,59.69,5.08,4.16,1.12
创业黑马,sz300688,24.97,24.41,25.1,3633000.0,24.97,7600,24.98,9200,2.29,25.14,24.68,3633000,90510000.0,2.45,1.88,37.05,41.79,29.29,19.53,0.75
中科江南,sz301153,24.49,24.84,24.88,10773800.0,24.49,12400,24.5,1800,-1.41,25.1,24.4,10773800,265590000.0,3.27,2.82,80.63,86.41,29.81,19.87,0.94
乖宝宠物,sz301498,53.35,50.97,51.7,5765100.0,53.34,6600,53.35,4100,4.67,53.9,51.45,5765100,305020000.0,3.21,4.81,95.74,213.65,61.16,40.78,2.26
皇台酒业,sz000995,13.99,15.0,15.0,41479300.0,13.98,73500,13.99,71600,-6.73,15.02,13.75,41479300,587380000.0,23.38,8.47,24.82,24.82,16.5,13.5,1.83
天地源,sh600665,3.36,3.39,3.41,11375800.0,3.36,23600,3.37,295000,-0.88,3.46,3.31,11375800,38290000.0,1.32,4.42,29.03,29.03,3.73,3.05,1.09
好想你,sz002582,11.32,11.23,11.35,9377200.0,11.31,77900,11.32,23800,0.8,11.45,11.26,9377200,106320000.0,2.72,1.69,38.97,50.68,12.35,10.11,0.74
百利科技,sh603959,6.28,6.16,6.24,14825600.0,6.27,138200,6.28,155900,1.95,6.35,6.14,14825600,92420000.0,3.02,3.41,30.79,30.79,6.78,5.54,0.83
高伟达,sz300465,15.0,14.64,14.95,8591900.0,15.0,5700,15.01,41400,2.46,15.04,14.84,8591900,128500000.0,1.94,1.37,66.56,66.56,17.57,11.71,0.95
大地电气,bj920436,13.78,13.68,13.88,669700.0,13.78,32400,13.8,500,0.73,14.4,13.74,669700,9340800.0,0.75,4.82,12.25,13.02,17.78,9.58,0.76
厦门信达,sz000701,5.98,5.94,6.04,16562300.0,5.97,50500,5.98,173200,0.67,6.09,5.92,16562300,99130000.0,2.48,2.86,39.93,39.97,6.53,5.35,1.21
金发科技,sh600143,16.9,16.7,17.01,44796300.0,16.89,244700,16.9,43400,1.2,17.07,16.75,44796300,756210000.0,1.7,1.92,445.29,445.29,18.37,15.03,0.6
绿亨科技,bj920866,7.44,7.36,7.43,1381700.0,7.43,38400,7.44,500,1.09,7.46,7.38,1381700,10248800.000000002,1.21,1.09,8.49,13.41,9.56,5.16,0.93
卓越新能,sh688196,65.38,70.01,70.99,365566400.0,65.38,400,65.4,900,-6.61,71.5,63.73,365566400,242010000.0,3.05,11.1,78.46,83.16,84.01,56.01,1.34
沃格光电,sh603773,34.13,32.76,33.5,7109700.0,34.12,3700,34.13,2200,4.18,34.39,33.5,7109700,241370000.0,3.17,2.72,76.65,76.68,36.04,29.48,0.87
通易航天,bj920642,11.99,12.0,12.15,1488000.0,11.99,5600,12.0,2000,-0.08,12.22,11.81,1488000,17790200.0,1.49,3.42,11.98,12.43,15.6,8.4,0.79
大连重工,sz002204,6.74,6.64,6.75,28136300.0,6.73,136800,6.74,120500,1.51,6.77,6.63,28136300,188180000.0,1.46,2.11,130.17,130.17,7.3,5.98,1.19
亚盛集团,sh600108,4.64,4.55,4.67,122275100.0,4.64,337600,4.65,67700,1.98,4.69,4.5,122275100,562260000.0,6.28,4.18,90.34,90.34,5.01,4.1,0.72
*ST东易,sz002713,12.45,11.86,12.22,38321100.0,12.45,2564700,0.0,0,4.97,12.45,12.2,38321100,475180000.0,7.28,2.11,65.55,118.45,12.45,11.27,1.38
中创环保,sz300056,8.55,8.56,8.72,9325500.0,8.54,5100,8.55,29300,-0.12,8.72,8.43,9325500,79520000.0,2.42,3.39,32.93,32.96,10.27,6.85,1.0
艾芬达,sz301575,45.2,44.57,45.34,339100.0,45.2,3300,45.21,400,1.41,45.44,44.98,339100,15330000.0,1.95,1.03,7.87,39.17,53.48,35.66,0.82
华培动力,sh603121,18.06,16.42,16.76,9200900.0,18.06,3180800,0.0,0,9.99,18.06,16.71,9200900,159660000.0,2.72,8.22,61.14,61.14,18.06,14.78,1.25
爱婴室,sh603214,16.32,16.11,16.27,2837900.0,16.3,5200,16.32,3400,1.3,16.5,16.13,2837900,46150000.0,2.05,2.3,22.61,22.61,17.72,14.5,0.97
奥美森,bj920080,23.3,23.16,23.46,632500.0,23.24,800,23.3,6500,0.6,23.71,23.16,632500,14847300.0,2.79,2.37,5.28,19.34,30.1,16.22,2.06
润农节水,bj920964,6.0,5.94,6.03,832500.0,5.98,500,6.0,8100,1.01,6.08,5.96,832500,4992600.0,0.56,2.02,8.86,15.67,7.72,4.16,0.66
万源通,bj920060,31.82,31.09,31.95,3058200.0,31.8,6100,31.82,1700,2.35,32.58,31.5,3058200,98061200.00000001,3.23,3.47,30.17,48.38,40.41,21.77,0.98
华平股份,sz300074,4.24,4.21,4.3,14193300.0,4.23,149300,4.24,39500,0.71,4.32,4.18,14193300,60190000.0,2.58,3.33,23.3,23.32,5.05,3.37,0.99
通达电气,sh603390,11.85,11.55,11.75,3126600.0,11.85,2000,11.86,21700,2.6,11.86,11.54,3126600,36690000.0,0.89,2.77,41.54,41.67,12.71,10.4,1.12
巨能股份,bj920578,18.8,18.66,18.88,483400.0,18.67,2200,18.8,4300,0.75,18.96,18.55,483400,9045100.0,2.1,2.2,4.32,14.38,24.25,13.07,0.6
新风光,sh688663,57.67,57.64,58.38,376522900.0,57.67,1400,57.68,3700,0.05,59.3,57.07,376522900,217880000.0,2.66,3.87,81.59,81.59,69.17,46.11,1.08
飞马国际,sz002210,2.68,2.7,2.74,61333000.0,2.68,646700,2.69,804600,-0.74,2.75,2.65,61333000,164260000.0,2.31,3.7,71.19,71.32,2.97,2.43,1.32
晶华新材,sh603683,26.75,26.39,26.65,7953100.0,26.73,29700,26.75,42700,1.36,27.2,26.31,7953100,212540000.0,2.76,3.37,77.08,77.89,29.03,23.75,0.67
能科科技,sh603859,37.29,36.24,36.95,3703700.0,37.29,8900,37.3,49700,2.9,37.36,36.72,3703700,137320000.0,1.51,1.77,91.25,91.25,39.86,32.62,0.95
天威视讯,sz002238,7.52,7.41,7.52,5696300.0,7.51,7100,7.52,5900,1.48,7.56,7.45,5696300,42700000.0,0.71,1.48,60.35,60.35,8.15,6.67,0.94
坤博精工,bj920570,28.89,28.18,28.55,475800.0,28.62,900,28.89,5900,2.52,28.9,28.38,475800,13628000.0,1.95,1.85,7.04,14.49,36.63,19.73,1.19
金健米业,sh600127,7.37,7.51,7.47,59936400.0,7.37,41100,7.38,63200,-1.86,7.54,7.28,59936400,442950000.0,9.34,3.46,47.3,47.3,8.26,6.76,1.23
禾元生物-U,sh688765,67.41,64.28,65.3,197709200.0,67.41,1100,67.42,1500,4.87,68.19,64.95,197709200,132430000.0,4.82,5.04,27.62,240.99,77.14,51.42,1.87
招标股份,sz301136,15.45,16.06,16.32,11364600.0,15.45,38300,15.46,3000,-3.8,16.46,15.33,11364600,177200000.0,4.13,7.04,42.52,42.52,19.27,12.85,1.11
宜通世纪,sz300310,6.05,5.89,6.07,30963200.0,6.04,185200,6.05,72600,2.72,6.1,5.94,30963200,186300000.0,4.48,2.72,41.83,53.34,7.07,4.71,0.91
ST新动力,sz300152,2.38,2.4,2.42,23470100.0,2.37,277500,2.38,367300,-0.83,2.44,2.35,23470100,56050000.0,3.29,3.75,16.96,16.96,2.88,1.92,0.7
华峰超纤,sz300180,5.96,5.92,6.02,16574900.0,5.95,373100,5.96,132400,0.68,6.05,5.92,16574900,98820000.0,0.97,2.2,102.07,104.96,7.1,4.74,0.73
盛视科技,sz002990,30.66,29.27,29.6,15791900.0,30.66,65600,30.67,11600,4.75,31.94,29.14,15791900,479440000.0,11.78,9.57,41.11,80.28,32.2,26.34,2.67
风神股份,sh600469,6.73,6.56,6.72,6040500.0,6.72,13800,6.73,15000,2.59,6.76,6.62,6040500,40320000.0,0.83,2.13,49.09,59.9,7.22,5.9,0.87
锋尚文化,sz300860,24.26,24.02,24.4,1524800.0,24.26,2100,24.27,22100,1.0,24.47,24.1,1524800,36990000.0,1.39,1.54,26.54,45.72,28.82,19.22,0.74
方正阀门,bj920082,14.97,14.88,15.02,666600.0,14.97,500,14.98,1900,0.6,15.19,14.87,666600,9973200.0,1.68,2.15,5.92,21.76,19.34,10.42,0.79
中科金财,sz002657,22.27,21.95,22.33,5132900.0,22.27,22500,22.28,57500,1.46,22.39,22.16,5132900,114300000.0,1.53,1.05,74.85,75.73,24.15,19.76,0.82
华纺股份,sh600448,3.33,3.37,3.42,22045400.0,3.32,344000,3.33,21400,-1.19,3.43,3.3,22045400,73920000.0,3.5,3.86,20.97,20.97,3.71,3.03,0.84
旺成科技,bj920896,16.65,16.75,16.98,1242300.0,16.65,200,16.67,500,-0.6,17.48,16.56,1242300,20828100.0,2.8,5.49,7.38,16.85,21.77,11.73,1.59
汇隆活塞,bj920455,7.6,7.54,7.6,683000.0,7.6,24800,7.61,3500,0.8,7.66,7.52,683000,5181300.0,0.73,1.86,7.13,13.49,9.8,5.28,0.77
鸿日达,sz301285,85.9,84.0,85.0,2360300.0,85.86,600,85.9,2500,2.26,86.1,83.3,2360300,199880000.0,1.14,3.33,177.53,177.53,100.8,67.2,0.6
兆新股份,sz002256,4.02,3.96,4.04,131473700.0,4.01,638300,4.02,1108000,1.52,4.07,3.96,131473700,525950000.0,6.74,2.78,78.43,80.16,4.36,3.56,0.46
长江能科,bj920158,15.98,15.91,15.95,2718700.0,15.98,78900,16.0,2200,0.44,16.25,15.91,2718700,43594399.99999999,7.13,2.14,6.09,22.78,20.68,11.14,0.6
中化装备,sh600579,7.93,7.92,8.05,4318700.0,7.92,17000,7.93,43000,0.13,8.05,7.83,4318700,34210000.0,0.87,2.78,39.14,39.14,8.71,7.13,0.82
*ST椰岛,sh600238,4.74,4.75,4.76,14998500.0,4.73,33300,4.74,15600,-0.21,4.8,4.51,14998500,69000000.0,3.37,6.11,21.11,21.24,4.99,4.51,1.72
西王食品,sz000639,2.5,2.69,2.75,160929800.0,2.49,955400,2.5,17200,-7.06,2.79,2.47,160929800,409680000.0,14.91,11.9,26.99,26.99,2.96,2.42,1.48
马应龙,sh600993,25.56,25.15,25.3,4102900.0,25.55,2700,25.56,72500,1.63,25.78,25.27,4102900,104830000.0,0.95,2.03,109.99,110.18,27.67,22.64,1.58
ST加加,sz002650,6.78,6.64,6.64,6817600.0,6.75,34000,6.78,173300,2.11,6.82,6.64,6817600,46060000.0,0.62,2.71,75.06,75.06,6.97,6.31,1.08
佳都科技,sh600728,5.68,5.61,5.72,20408700.0,5.67,298600,5.68,331600,1.25,5.74,5.63,20408700,115720000.0,0.96,1.96,121.13,121.13,6.17,5.05,0.9
动力新科,sh600841,8.78,8.59,8.77,22130200.0,8.78,56300,8.79,29900,2.21,8.92,8.53,22130200,193970000.0,2.12,4.54,91.58,121.85,9.45,7.73,0.96
群兴玩具,sz002575,8.83,8.36,8.55,124969300.0,8.82,439800,8.83,13100,5.62,9.2,8.46,124969300,1107550000.0,21.34,8.85,51.7,54.44,9.2,7.52,1.18
梅雁吉祥,sh600868,3.69,3.72,3.83,84571600.0,3.69,661600,3.7,830200,-0.81,3.84,3.67,84571600,314750000.0,4.46,4.57,70.04,70.04,4.09,3.35,0.44
江苏雷利,sz300660,43.09,42.25,43.06,4399400.0,43.08,8400,43.09,16900,1.99,43.28,42.57,4399400,189050000.0,0.98,1.68,192.52,192.67,50.7,33.8,0.94
味知香,sh605089,23.95,23.25,23.59,1495200.0,23.93,5000,23.95,3500,3.01,24.07,23.45,1495200,35480000.0,1.08,2.67,33.05,33.05,25.58,20.93,1.0
富临运业,sz002357,14.46,14.46,0.0,0.0,0.0,0,0.0,0,0.0,0.0,0.0,0,0.0,0.0,0.0,45.33,45.33,15.91,13.01,0.0
华神科技,sz000790,4.21,4.13,4.18,20652900.0,4.2,144800,4.21,265300,1.94,4.23,4.1,20652900,86330000.0,3.32,3.15,26.21,26.26,4.54,3.72,1.07
一鸣食品,sh605179,17.27,17.19,17.36,1190100.0,17.26,1000,17.28,1600,0.47,17.38,17.19,1190100,20560000.0,0.3,1.11,69.25,69.25,18.91,15.47,0.71
金陵药业,sz000919,7.33,7.18,7.23,11116500.0,7.33,4400,7.34,60000,2.09,7.34,7.12,11116500,80780000.0,1.79,3.06,45.58,45.59,7.9,6.46,1.27
泰慕士,sz001234,25.54,25.27,25.73,1419000.0,25.54,2600,25.55,9300,1.07,25.74,25.15,1419000,36030000.0,1.55,2.33,23.37,27.94,27.8,22.74,0.89
精锻科技,sz300258,12.09,11.82,12.1,13671500.0,12.08,22800,12.09,5300,2.28,12.22,12.04,13671500,165890000.0,2.4,1.52,68.9,70.73,14.18,9.46,1.11
旗天科技,sz300061,8.22,8.1,8.25,7867100.0,8.21,57800,8.22,10800,1.48,8.26,8.1,7867100,64440000.0,1.26,1.98,51.14,54.17,9.72,6.48,1.01
桂发祥,sz002820,10.93,10.94,11.16,5541700.0,10.92,100,10.93,5100,-0.09,11.19,10.84,5541700,60820000.0,2.76,3.2,21.95,21.95,12.03,9.85,1.2
ST起步,sh603557,3.88,3.8,3.88,9539100.0,3.87,49400,3.88,45800,2.11,3.88,3.79,9539100,36680000.0,1.53,2.37,24.19,24.19,3.99,3.61,0.71
华曙高科,sh688433,77.08,75.18,76.89,279467400.0,77.08,8500,77.1,200,2.53,77.97,76.27,279467400,215880000.0,1.38,2.26,155.78,319.24,90.22,60.14,0.78
采纳股份,sz301122,29.55,28.8,29.31,1618500.0,29.51,1900,29.55,800,2.6,30.16,28.88,1618500,47890000.0,2.14,4.44,22.35,36.12,34.56,23.04,1.06
新宁物流,sz300013,3.88,3.85,3.91,10734500.0,3.87,5400,3.88,70200,0.78,3.95,3.83,10734500,41480000.0,2.41,3.12,17.3,21.66,4.62,3.08,0.82
珠免集团,sh600185,5.75,5.68,5.78,20934300.0,5.75,64700,5.76,164500,1.23,5.81,5.69,20934300,120100000.0,1.11,2.11,108.39,108.39,6.25,5.11,0.81
苏州科达,sh603660,9.44,9.74,9.88,27171200.0,9.43,49100,9.44,40900,-3.08,9.89,9.44,27171200,260160000.0,4.75,4.62,53.95,54.35,10.71,8.77,1.66
昂立教育,sh600661,9.77,9.61,9.75,3218700.0,9.77,16600,9.78,28700,1.66,9.81,9.64,3218700,31360000.0,1.12,1.77,28.0,28.0,10.57,8.65,1.0
瑞立科密,sz001285,50.92,50.4,51.06,1232700.0,50.91,1100,50.92,1100,1.03,51.26,50.47,1232700,62690000.0,2.97,1.57,21.13,91.75,55.44,45.36,0.84
华锡有色,sh600301,49.55,48.3,50.32,7933900.0,49.55,2900,49.56,500,2.59,50.79,49.05,7933900,394250000.0,2.88,3.6,136.43,313.44,53.13,43.47,0.67
中宠股份,sz002891,38.45,36.13,36.95,17366000.0,38.43,300,38.45,1600,6.42,39.18,36.95,17366000,663980000.0,5.66,6.17,118.07,118.07,39.74,32.52,1.75
万  科Ａ,sz000002,4.04,3.99,4.04,106847000.0,4.03,2987500,4.04,1615600,1.25,4.07,3.99,106847000,431000000.0,1.1,2.01,392.56,482.0,4.39,3.59,1.24
鑫科材料,sh600255,3.35,3.35,3.4,34693900.0,3.35,127100,3.36,693500,0.0,3.41,3.32,34693900,116090000.0,1.92,2.69,60.51,60.51,3.69,3.02,0.86
赫美集团,sz002356,3.54,3.49,3.56,27201500.0,3.53,521000,3.54,163900,1.43,3.58,3.5,27201500,96020000.0,2.07,2.29,46.42,46.42,3.84,3.14,0.75
秦川物联,sh688528,10.98,10.69,10.87,157363200.0,10.91,2800,10.98,7200,2.71,10.99,10.71,157363200,17070000.0,0.94,2.62,18.45,18.45,12.83,8.55,0.75
金富科技,sz003018,30.93,29.1,29.85,17348000.0,30.93,15300,30.94,3100,6.29,31.61,29.2,17348000,530730000.0,17.71,8.28,30.3,80.42,32.01,26.19,1.33
凯众股份,sh603037,13.29,13.08,13.3,4454600.0,13.28,200,13.29,30300,1.61,13.42,13.17,4454600,59180000.0,1.67,1.91,35.37,35.47,14.39,11.77,0.79
黑芝麻,sz000716,5.29,5.26,5.32,6690200.0,5.29,124800,5.3,327900,0.57,5.33,5.24,6690200,35290000.0,0.91,1.71,39.08,39.83,5.79,4.73,0.68
兆日科技,sz300333,9.05,8.88,9.12,5664800.0,9.05,3800,9.06,44600,1.91,9.15,8.93,5664800,51100000.0,1.69,2.48,30.3,30.41,10.66,7.1,0.93
方大新材,bj920163,12.45,12.28,12.61,535000.0,12.38,1000,12.45,100,1.38,12.71,12.35,535000,6665800.0,0.89,2.93,7.48,16.03,15.96,8.6,0.98
扬农化工,sh600486,77.0,75.0,75.45,5642300.0,76.98,200,77.0,400,2.67,77.38,74.1,5642300,430080000.0,1.4,4.37,311.07,312.1,82.5,67.5,0.99
联创光电,sh600363,51.13,49.88,50.93,5672000.0,51.12,181000,51.13,29100,2.51,51.15,49.95,5672000,286650000.0,1.26,2.41,230.54,230.54,54.87,44.89,1.05
祖名股份,sz003030,20.75,20.64,20.94,1141200.0,20.75,24200,20.81,2000,0.53,21.05,20.56,1141200,23690000.0,1.44,2.37,16.47,25.89,22.7,18.58,0.45
通光线缆,sz300265,18.77,19.14,19.14,62062900.0,18.77,46400,18.78,51000,-1.93,19.26,18.22,62062900,1155260000.0,13.28,5.43,87.71,87.77,22.97,15.31,0.9
深华发Ａ,sz000020,16.18,15.93,16.1,11211000.0,16.17,58400,16.18,10900,1.57,16.2,15.86,11211000,179800000.0,6.19,2.13,29.31,45.82,17.52,14.34,0.55
恒银科技,sh603106,9.02,8.92,9.02,3497800.0,9.02,9500,9.03,132600,1.12,9.08,8.95,3497800,31520000.0,0.67,1.46,46.95,46.95,9.81,8.03,0.82
中稀有色,sh600259,80.55,78.56,80.22,12611400.0,80.55,3100,80.56,12300,2.53,81.71,79.2,12611400,1014490000.0,3.75,3.2,271.0,271.0,86.42,70.7,0.95
傲农生物,sh603363,3.88,3.87,3.94,25529300.0,3.88,704300,3.89,518200,0.26,3.94,3.86,25529300,99170000.0,1.19,2.07,83.15,100.99,4.26,3.48,0.71
文峰股份,sh601010,2.23,2.22,2.25,20336100.0,2.23,402300,2.24,1015400,0.45,2.26,2.21,20336100,45370000.0,1.1,2.25,41.21,41.21,2.44,2.0,0.98
瑞茂通,sh600180,3.47,3.47,3.51,11433300.0,3.46,216400,3.47,522800,0.0,3.55,3.44,11433300,39730000.0,1.05,3.17,37.71,37.71,3.82,3.12,0.83
世荣兆业,sz002016,5.86,6.07,6.22,30448300.0,5.86,68600,5.87,23900,-3.46,6.25,5.84,30448300,180790000.0,3.76,6.75,47.41,47.41,6.68,5.46,1.65
深康佳Ａ,sz000016,3.47,3.28,3.33,104687300.0,3.47,975600,3.48,414600,5.79,3.6,3.31,104687300,364800000.0,6.56,8.84,55.4,83.56,3.61,2.95,3.15
万里马,sz300591,7.11,7.07,7.19,11309000.0,7.1,8900,7.11,67200,0.57,7.22,7.02,11309000,79990000.0,3.23,2.83,24.92,28.84,8.48,5.66,1.24
电连技术,sz300679,34.13,33.77,34.43,5479600.0,34.13,6000,34.14,1500,1.07,34.43,33.94,5479600,187030000.0,1.52,1.45,122.68,144.99,40.52,27.02,0.85
飞乐音响,sh600651,7.04,6.94,7.05,15435900.0,7.03,109400,7.04,15700,1.44,7.07,6.95,15435900,108230000.0,0.62,1.73,176.49,176.49,7.63,6.25,0.69
宇晶股份,sz002943,46.84,45.99,46.97,6217300.0,46.82,4200,46.84,200,1.85,47.78,46.17,6217300,291560000.0,4.27,3.5,68.21,96.27,50.59,41.39,1.38
麦趣尔,sz002719,8.94,8.98,9.19,7489600.0,8.93,600,8.94,38500,-0.45,9.24,8.82,7489600,67310000.0,4.63,4.68,14.47,15.57,9.88,8.08,1.02
雷曼光电,sz300162,8.53,8.86,9.03,30829200.0,8.53,113300,8.54,44200,-3.72,9.14,8.44,30829200,268020000.0,9.01,7.9,29.19,35.78,10.63,7.09,1.13
天目药业,sh600671,21.96,21.76,21.98,2008800.0,21.96,2500,21.97,30400,0.92,22.17,21.72,2008800,44040000.0,1.65,2.07,26.73,26.74,23.94,19.58,0.65
澳柯玛,sh600336,7.16,6.91,6.92,11858500.0,7.16,81800,7.17,70800,3.62,7.21,6.92,11858500,84230000.0,1.49,4.2,57.14,57.14,7.6,6.22,1.36
赛轮轮胎,sh601058,13.79,12.87,13.14,68926300.0,13.79,10900,13.8,79200,7.15,13.89,13.04,68926300,937160000.0,2.1,6.6,453.43,453.43,14.16,11.58,2.44
上海沿浦,sh605128,32.52,31.82,32.27,1503400.0,32.5,300,32.52,17800,2.2,32.66,32.05,1503400,48700000.0,0.71,1.92,68.66,68.66,35.0,28.64,0.71
晶丰明源,sh688368,129.0,125.0,128.0,205664400.0,129.0,10100,129.04,500,3.2,132.9,126.5,205664400,266490000.0,2.32,5.12,114.17,166.22,150.0,100.0,1.16
浙江荣泰,sh603119,74.24,72.74,74.45,11499200.0,74.24,30100,74.25,1500,2.06,75.26,73.05,11499200,854940000.0,5.64,3.04,151.36,270.04,80.01,65.47,1.05
安正时尚,sh603839,7.56,7.56,7.63,3291500.0,7.56,17700,7.57,35300,0.0,7.69,7.49,3291500,24870000.0,0.85,2.65,29.26,29.26,8.32,6.8,1.06
安琪酵母,sh600298,40.15,40.41,40.49,8325400.0,40.12,3500,40.15,14400,-0.64,40.55,39.89,8325400,334510000.0,0.97,1.63,344.15,348.47,44.45,36.37,1.05
*ST金比,sz002762,7.36,7.22,7.3,6369900.0,7.36,3100,7.39,5400,1.94,7.52,7.22,6369900,46950000.0,3.01,4.16,15.56,26.06,7.58,6.86,2.02
华如科技,sz301302,22.21,26.3,24.15,28512600.0,22.21,167500,22.22,30100,-15.55,25.75,22.03,28512600,656710000.0,20.51,14.14,30.87,34.62,31.56,21.04,2.36
抚顺特钢,sh600399,6.02,6.01,6.11,37474400.0,6.01,463700,6.02,1400,0.17,6.12,5.97,37474400,226080000.0,1.9,2.5,118.72,118.72,6.61,5.41,0.81
茶花股份,sh603615,18.8,19.12,19.39,5421900.0,18.79,12600,18.8,6500,-1.67,19.5,18.54,5421900,101860000.0,2.24,5.02,45.46,45.46,21.03,17.21,0.8
大连圣亚,sh600593,37.77,36.21,36.85,4899000.0,37.76,5200,37.77,14600,4.31,37.99,36.43,4899000,182550000.0,3.8,4.31,48.65,49.27,39.83,32.59,0.92
超讯通信,sh603322,31.35,30.55,30.85,3916400.0,31.35,12200,31.36,5300,2.62,31.68,30.69,3916400,122350000.0,2.49,3.24,49.4,49.4,33.61,27.5,0.9
登云股份,sz002715,14.84,15.28,15.48,5126800.0,14.84,2800,14.85,100,-2.88,15.6,14.6,5126800,76570000.0,3.72,6.54,20.48,20.48,16.81,13.75,1.44
合锻智能,sh603011,21.37,20.69,21.29,25611600.0,21.36,252100,21.37,54100,3.29,21.7,20.82,25611600,543580000.0,5.18,4.25,105.66,105.66,22.76,18.62,1.37
锦江在线,sh600650,13.27,13.0,13.17,3538500.0,13.26,10400,13.27,10500,2.08,13.29,13.06,3538500,46590000.0,0.91,1.77,51.83,73.2,14.3,11.7,1.29
模塑科技,sz000700,12.13,11.68,11.99,34203300.0,12.12,270500,12.13,71000,3.85,12.32,11.88,34203300,412670000.0,3.73,3.77,111.36,111.36,12.85,10.51,1.06
思创智联,sz300078,4.05,3.95,4.02,23156800.0,4.04,243700,4.05,177800,2.53,4.06,3.97,23156800,93260000.0,2.08,2.28,45.09,45.27,4.74,3.16,1.16
光电股份,sh600184,19.3,18.41,20.25,113581800.0,19.3,39900,19.31,1500,4.83,20.25,18.74,113581800,2260560000.0,19.49,8.2,112.47,112.47,20.25,16.57,4.0
雅博股份,sz002323,2.45,2.36,2.45,416287600.0,2.44,1780300,2.45,784800,3.81,2.6,2.34,416287600,1028130000.0,19.63,11.02,51.95,51.96,2.6,2.12,1.46
陕西金叶,sz000812,4.23,4.23,4.28,13793600.0,4.23,1500,4.24,64500,0.0,4.32,4.18,13793600,58300000.0,1.8,3.31,32.49,32.52,4.65,3.81,0.77
曙光股份,sh600303,3.27,3.32,3.35,74264100.0,3.26,332100,3.27,82200,-1.51,3.46,3.21,74264100,245380000.0,10.99,7.53,22.09,22.35,3.65,2.99,1.89
中国一重,sh601106,4.34,4.33,4.38,46859900.0,4.33,343600,4.34,37800,0.23,4.4,4.28,46859900,202570000.0,0.68,2.77,297.63,297.63,4.76,3.9,0.89
巨星科技,sz002444,30.77,29.78,30.23,12446000.0,30.76,23300,30.77,10700,3.32,31.05,30.23,12446000,382210000.0,1.09,2.75,352.94,367.54,32.76,26.8,0.91
新开普,sz300248,10.4,10.12,10.32,7122700.0,10.4,69000,10.41,108300,2.77,10.49,10.25,7122700,73790000.0,1.74,2.37,42.55,49.54,12.14,8.1,0.61
北矿检测,bj920160,22.29,22.25,22.48,788600.0,22.29,8800,22.3,300,0.18,22.6,22.2,788600,17633300.0,3.09,1.8,5.68,25.25,28.92,15.58,1.06
流金科技,bj920021,10.15,10.17,10.4,23421500.0,10.15,108000,10.16,10500,-0.2,10.68,10.04,23421500,240107400.00000003,9.46,6.29,25.13,31.36,13.22,7.12,0.97
七一二,sh603712,16.26,16.11,16.45,6951700.0,16.26,63200,16.27,33100,0.93,16.45,16.06,6951700,112800000.0,0.9,2.42,125.53,125.53,17.72,14.5,0.84
麒麟信安,sh688152,33.64,32.81,33.5,95568900.0,33.64,2100,33.65,1500,2.53,33.8,33.22,95568900,32000000.0,0.93,1.77,34.59,34.59,39.37,26.25,1.13
传音控股,sh688036,54.51,54.85,55.89,986073600.0,54.5,10100,54.51,28400,-0.62,56.06,54.0,986073600,539860000.0,0.86,3.76,627.51,627.51,65.82,43.88,0.7
合百集团,sz000417,6.66,6.7,6.79,17790300.0,6.66,37200,6.67,186000,-0.6,6.83,6.62,17790300,118850000.0,2.28,3.13,51.88,51.94,7.37,6.03,1.89
大唐电信,sh600198,8.29,8.23,8.38,11071200.0,8.28,29800,8.29,133200,0.73,8.42,8.23,11071200,91700000.0,0.85,2.31,107.93,108.07,9.05,7.41,0.77
精创电气,bj920035,32.69,33.0,33.45,567400.0,32.68,300,32.69,18700,-0.94,33.46,32.62,567400,18631800.0,4.36,2.55,4.25,18.91,42.9,23.1,1.2
中钢洛耐,sh688119,5.18,5.2,5.27,1198042600.0,5.18,21400,5.19,54100,-0.38,5.35,5.13,1198042600,62180000.0,1.06,4.23,58.27,58.27,6.24,4.16,0.84
四川九洲,sz000801,14.04,13.6,13.94,18761700.0,14.04,59500,14.05,250700,3.24,14.1,13.88,18761700,262360000.0,1.85,1.62,142.64,142.69,14.96,12.24,0.98
厦工股份,sh600815,3.79,4.0,4.07,165199600.0,3.79,94300,3.8,1037700,-5.25,4.19,3.72,165199600,636100000.0,9.31,11.75,67.24,67.24,4.4,3.6,0.75
南网数字,sz301638,26.3,25.86,26.46,24711000.0,26.3,3400,26.31,13500,1.7,26.97,26.09,24711000,652900000.0,10.52,3.4,61.8,836.25,31.03,20.69,0.62
中源家居,sh603709,17.13,16.86,17.2,2022300.0,17.1,3400,17.13,1100,1.6,17.67,16.9,2022300,34640000.0,1.62,4.57,21.43,21.6,18.55,15.17,0.97
申昊科技,sz300853,18.88,18.69,19.18,2312300.0,18.84,3300,18.88,2800,1.02,19.24,18.58,2312300,43470000.0,2.1,3.53,20.82,27.74,22.43,14.95,1.14
崇德科技,sz301548,66.6,65.2,66.37,1292200.0,66.6,1200,66.61,100,2.15,67.65,66.09,1292200,86270000.0,4.93,2.39,17.47,57.94,78.24,52.16,1.2
卓胜微,sz300782,81.11,79.73,81.66,11677800.0,81.11,31900,81.12,18200,1.73,82.66,80.21,11677800,949650000.0,2.61,3.07,363.57,433.89,95.68,63.78,0.64
东望时代,sh600052,4.01,4.0,4.06,8591800.0,4.0,123400,4.01,305200,0.25,4.07,3.97,8591800,34400000.0,1.02,2.5,33.85,33.85,4.4,3.6,0.81
中锐股份,sz002374,3.27,3.28,3.35,16722000.0,3.26,504700,3.27,92300,-0.3,3.35,3.23,16722000,54630000.0,1.54,3.66,35.49,35.49,3.61,2.95,0.99
罗曼股份,sh605289,104.16,94.69,98.0,4475300.0,104.16,841500,0.0,0,10.0,104.16,96.7,4475300,457100000.0,4.13,7.88,112.84,113.54,104.16,85.22,0.98
雷尔伟,sz301016,22.14,23.4,23.4,6802900.0,22.14,5000,22.15,1500,-5.38,23.42,21.88,6802900,152040000.0,3.28,6.58,45.86,48.35,28.08,18.72,2.0
万朗磁塑,sh603150,51.41,48.0,48.96,4170600.0,51.41,100,51.46,5000,7.1,52.0,48.05,4170600,210990000.0,4.88,8.23,43.95,43.95,52.8,43.2,1.83
华安鑫创,sz300928,29.68,29.45,30.0,884400.0,29.67,400,29.68,7900,0.78,30.1,29.39,884400,26250000.0,1.65,2.41,15.9,23.74,35.34,23.56,0.86
一致魔芋,bj920273,21.72,21.04,21.25,1042900.0,21.63,1000,21.72,2800,3.23,21.77,21.13,1042900,22400900.0,1.52,3.04,14.92,22.41,27.35,14.73,1.0
海昌新材,sz300885,23.28,23.87,24.01,11536600.0,23.27,61600,23.29,3200,-2.47,24.36,23.05,11536600,271580000.0,6.91,5.49,38.88,57.77,28.64,19.1,1.0
雪人集团,sz002639,18.82,17.11,17.43,121303400.0,18.82,12797200,0.0,0,9.99,18.82,16.95,121303400,2182410000.0,18.64,10.93,122.45,145.4,18.82,15.4,3.08
联建光电,sz300269,7.32,7.25,7.5,27065900.0,7.31,249800,7.32,109000,0.97,7.55,7.21,27065900,198620000.0,5.15,4.69,38.48,40.2,8.7,5.8,0.67
花溪科技,bj920895,16.15,15.96,16.15,227400.0,16.1,300,16.15,2100,1.19,16.25,15.98,227400,3664400.0,0.79,1.69,4.64,9.13,20.74,11.18,0.44
香飘飘,sh603711,12.54,12.46,12.56,1107900.0,12.53,1100,12.54,9100,0.64,12.6,12.39,1107900,13840000.0,0.27,1.69,51.77,51.77,13.71,11.21,0.84
凤形股份,sz002760,21.65,21.44,21.98,2909000.0,21.64,400,21.65,6200,0.98,21.98,21.29,2909000,62970000.0,2.69,3.22,23.38,23.38,23.58,19.3,0.74
安车检测,sz300572,28.03,27.64,27.98,4855600.0,28.01,1900,28.03,700,1.41,28.22,27.67,4855600,135680000.0,2.64,1.99,51.46,64.19,33.17,22.11,0.82
泰永长征,sz002927,17.49,17.37,17.78,3970000.0,17.48,600,17.49,1700,0.69,17.87,17.33,3970000,69440000.0,1.8,3.11,38.61,39.04,19.11,15.63,0.61
谱尼测试,sz300887,10.17,10.0,10.15,9855500.0,10.16,28700,10.17,50600,1.7,10.28,9.99,9855500,99730000.0,2.72,2.9,36.84,55.5,12.0,8.0,0.6
汇绿生态,sz001267,39.75,37.76,39.1,46505900.0,39.75,5700,39.76,14600,5.27,40.3,37.84,46505900,1818860000.0,7.67,6.51,240.95,312.1,41.54,33.98,1.07
四方精创,sz300468,30.0,30.05,30.52,25693500.0,30.0,78500,30.01,200,-0.17,30.7,29.62,25693500,772030000.0,4.85,3.59,158.94,159.19,36.06,24.04,0.85
梅安森,sz300275,11.09,10.89,11.17,4116000.0,11.08,56000,11.09,18100,1.84,11.19,10.98,4116000,45590000.0,1.52,1.93,30.11,34.16,13.07,8.71,0.74
锦泓集团,sh603518,9.02,8.9,9.0,5773500.0,9.02,93600,9.03,2800,1.35,9.1,8.91,5773500,52000000.0,1.68,2.13,31.04,31.15,9.79,8.01,1.03
智新电子,bj920212,11.47,11.23,11.37,370700.0,11.45,2000,11.47,8300,2.14,11.55,11.35,370700,4232300.0,0.72,1.78,5.92,12.17,14.59,7.87,0.72
铭普光磁,sz002902,28.78,26.16,28.75,16014400.0,28.78,11136700,0.0,0,10.02,28.78,28.75,16014400,460810000.0,9.02,0.11,51.12,67.64,28.78,23.54,0.33
龙元建设,sh600491,2.86,2.91,2.99,35728000.0,2.85,323400,2.86,55200,-1.72,3.04,2.84,35728000,103670000.0,2.34,6.87,43.75,43.75,3.2,2.62,1.85
如意集团,sz002193,6.0,6.11,6.2,11104200.0,5.99,80500,6.0,7300,-1.8,6.28,5.95,11104200,67140000.0,4.24,5.4,15.7,15.7,6.72,5.5,1.1
芭薇股份,bj920123,12.43,12.19,12.31,739200.0,12.42,300,12.43,5400,1.97,12.54,12.23,739200,9142400.0,1.16,2.54,7.91,13.86,15.84,8.54,1.03
夜光明,bj920527,15.85,15.71,15.89,413400.0,15.85,2900,15.9,2800,0.89,16.15,15.77,413400,6589100.0,1.14,2.42,5.76,9.52,20.42,11.0,1.05
豪悦护理,sh605009,28.64,28.51,28.68,1000700.0,28.64,200,28.65,1000,0.46,28.74,28.38,1000700,28590000.0,0.47,1.26,61.59,61.59,31.36,25.66,0.88
中海达,sz300177,8.18,8.13,8.28,8431000.0,8.17,141100,8.18,99800,0.62,8.32,8.11,8431000,69130000.0,1.39,2.58,49.6,60.87,9.76,6.5,0.95
美邦服饰,sz002269,1.84,1.67,1.84,143729900.0,1.84,12195000,0.0,0,10.18,1.84,1.8,143729900,264390000.0,5.72,2.4,46.23,46.23,1.84,1.5,2.47
日月明,sz300906,31.62,33.45,33.29,4424300.0,31.62,2000,31.63,6800,-5.47,33.43,30.8,4424300,139470000.0,6.13,7.86,22.83,25.3,40.14,26.76,2.32
兴民智通,sz002355,6.66,6.48,6.66,26275800.0,6.65,73500,6.66,169600,2.78,6.76,6.56,26275800,174950000.0,4.25,3.09,41.17,44.52,7.13,5.83,0.94
均瑶健康,sh605388,6.82,6.76,6.88,11634600.0,6.81,85700,6.82,17700,0.89,6.88,6.7,11634600,79050000.0,1.94,2.66,40.95,40.95,7.44,6.08,0.63
中天服务,sz002188,6.52,6.64,6.84,13446600.0,6.52,7500,6.53,3500,-1.81,6.87,6.46,13446600,88830000.0,5.22,6.17,16.78,21.33,7.3,5.98,1.21
福龙马,sh603686,18.42,18.33,18.7,9809000.0,18.42,33600,18.43,45400,0.49,18.75,18.24,9809000,180240000.0,2.36,2.78,76.52,76.52,20.16,16.5,0.81
步科股份,sh688160,106.96,103.8,105.88,153349700.0,106.95,300,106.96,10000,3.04,107.43,105.1,153349700,163200000.0,1.69,2.24,97.15,97.15,124.56,83.04,1.19
桂林旅游,sz000978,7.67,7.7,7.76,34029100.0,7.66,91400,7.67,113900,-0.39,7.82,7.46,34029100,259450000.0,7.27,4.68,35.9,35.91,8.47,6.93,0.8
桂冠电力,sh600236,9.69,9.45,9.45,28002600.0,9.68,50000,9.69,21000,2.54,9.83,9.36,28002600,270720000.0,0.36,4.97,763.8,763.8,10.4,8.51,0.9
家家悦,sh603708,11.48,11.09,11.19,6946400.0,11.47,20200,11.48,500,3.52,11.55,11.01,6946400,78780000.0,1.09,4.87,73.28,73.28,12.2,9.98,1.94
首旅酒店,sh600258,16.22,14.98,15.13,27657500.0,16.21,1200,16.22,4300,8.28,16.34,15.13,27657500,436910000.0,2.48,8.08,181.11,181.11,16.48,13.48,1.43
*ST金泰,sz300225,5.07,5.05,5.14,13539700.0,5.06,132600,5.07,91100,0.4,5.28,5.05,13539700,69600000.0,2.85,4.55,24.09,24.1,6.06,4.04,2.03
科博达,sh603786,55.24,54.54,55.81,2431000.0,55.24,2300,55.25,2000,1.28,55.94,54.84,2431000,134150000.0,0.6,2.02,223.09,223.09,59.99,49.09,0.91
晓鸣股份,sz300967,17.78,17.49,17.71,2463900.0,17.77,2700,17.78,8200,1.66,17.8,17.51,2463900,43530000.0,1.98,1.66,22.18,33.35,20.99,13.99,0.69
启明信息,sz002232,17.78,17.78,17.96,3938800.0,17.78,6700,17.79,16500,0.0,18.04,17.7,3938800,70130000.0,0.96,1.91,72.64,72.64,19.56,16.0,0.78
邵阳液压,sz301079,43.57,44.76,44.76,20872400.0,43.57,67500,43.58,3100,-2.66,45.5,43.01,20872400,915570000.0,30.02,5.56,30.29,47.46,53.71,35.81,2.72
大众公用,sh600635,5.57,5.56,5.59,31855300.0,5.56,845100,5.57,132800,0.18,5.63,5.55,31855300,177540000.0,1.32,1.44,134.73,164.45,6.12,5.0,0.65
华夏幸福,sh600340,1.39,1.39,1.41,80198700.0,1.39,3404600,1.4,11541100,0.0,1.42,1.38,80198700,111660000.0,2.06,2.88,54.12,54.4,1.53,1.25,1.0
顾地科技,sz002694,3.08,3.08,3.14,11551600.0,3.08,29200,3.09,21000,0.0,3.17,3.03,11551600,35660000.0,1.61,4.55,22.14,23.5,3.39,2.77,0.8
长盈精密,sz300115,32.62,31.18,31.81,44631800.0,32.61,16400,32.62,197200,4.62,32.8,31.81,44631800,1445090000.0,3.29,3.18,442.61,443.92,37.42,24.94,1.31
优刻得-W,sh688158,44.22,40.2,42.0,6392998600.0,44.21,43300,44.22,18600,10.0,44.78,41.68,6392998600,2772220000.0,15.77,7.71,179.3,201.78,48.24,32.16,1.56
尚纬股份,sh603333,7.74,7.71,7.89,6299700.0,7.74,21300,7.75,96300,0.39,7.9,7.69,6299700,48760000.0,1.01,2.72,48.11,48.11,8.48,6.94,0.77
启迪环境,sz000826,2.08,2.03,2.05,40464300.0,2.07,1084400,2.08,457300,2.46,2.1,2.04,40464300,83890000.0,2.84,2.96,29.64,29.65,2.23,1.83,1.09
振芯科技,sz300101,20.52,20.2,20.62,11219100.0,20.52,15700,20.53,28300,1.58,20.75,20.28,11219100,229700000.0,1.98,2.33,116.15,116.53,24.24,16.16,0.88
高新兴,sz300098,5.29,5.21,5.3,35101900.0,5.28,507300,5.29,55200,1.54,5.34,5.23,35101900,185220000.0,2.28,2.11,81.56,91.93,6.25,4.17,1.07
腾达科技,sz001379,21.37,21.18,21.65,1798100.0,21.37,7000,21.39,16900,0.9,21.79,21.24,1798100,38540000.0,2.67,2.6,14.38,42.74,23.3,19.06,0.96
慧为智能,bj920876,23.06,22.31,23.34,1040200.0,23.05,4400,23.06,8200,3.36,23.89,22.79,1040200,24213800.0,2.65,4.93,9.05,14.8,29.0,15.62,1.1
大名城,sh600094,4.12,4.09,4.13,14481600.0,4.12,118600,4.13,60400,0.73,4.16,4.09,14481600,59610000.0,0.68,1.71,87.6,95.79,4.5,3.68,0.6
金溢科技,sz002869,25.29,25.25,25.63,11570300.0,25.28,41400,25.29,21400,0.16,25.67,24.52,11570300,291650000.0,7.35,4.55,39.84,44.74,27.78,22.73,1.07
恒太照明,bj920339,8.14,8.13,8.18,613600.0,8.11,8200,8.14,4600,0.12,8.2,8.09,613600,4991700.0,0.41,1.35,12.31,17.92,10.56,5.7,0.6
科隆新材,bj920098,25.74,25.5,25.8,341600.0,25.74,800,25.8,500,0.94,25.98,25.67,341600,8803000.0,0.62,1.22,14.25,20.93,33.15,17.85,0.74
永辉超市,sh601933,3.79,3.77,3.8,76386300.0,3.79,1166300,3.8,3175900,0.53,3.82,3.76,76386300,289160000.0,0.84,1.59,343.94,343.94,4.15,3.39,0.61
航发科技,sh600391,39.7,39.39,40.0,8679100.0,39.69,7300,39.7,14100,0.79,40.37,39.14,8679100,343910000.0,2.63,3.12,131.06,131.06,43.33,35.45,0.8
方正电机,sz002196,13.94,13.68,13.88,21560900.0,13.93,41700,13.94,200500,1.9,14.01,13.78,21560900,299810000.0,4.42,1.68,68.07,69.12,15.05,12.31,1.13
金沃股份,sz300984,53.74,51.96,53.0,1662700.0,53.74,15200,53.75,500,3.43,53.78,52.34,1662700,88480000.0,1.88,2.77,47.61,66.36,62.35,41.57,0.87
佳华科技,sh688051,31.01,30.03,31.0,77864200.0,31.01,14700,31.02,2700,3.26,31.85,30.45,77864200,24010000.0,1.01,4.66,23.98,23.98,36.04,24.02,1.08
百利电气,sh600468,8.29,8.4,8.6,73151300.0,8.28,233700,8.29,66900,-1.31,8.76,8.1,73151300,612990000.0,6.73,7.86,90.17,90.17,9.24,7.56,0.71
香江控股,sh600162,1.78,1.78,1.8,32192500.0,1.78,733500,1.79,2316500,0.0,1.83,1.77,32192500,57640000.0,0.98,3.37,58.18,58.18,1.96,1.6,0.9
骏创科技,bj920533,22.36,22.08,22.35,1130100.0,22.34,2400,22.36,12000,1.27,22.63,22.18,1130100,25300500.0,1.55,2.04,16.35,29.24,28.7,15.46,0.79
海联金汇,sz002537,7.84,7.76,7.9,22006200.0,7.83,127200,7.84,64400,1.03,7.91,7.77,22006200,172320000.0,1.88,1.8,91.67,92.04,8.54,6.98,0.59
兴源环境,sz300266,2.58,2.61,2.66,36653500.0,2.58,91200,2.59,473700,-1.15,2.68,2.56,36653500,95160000.0,2.36,4.6,40.06,40.09,3.13,2.09,0.93
精艺股份,sz002295,10.79,10.72,10.85,3607200.0,10.78,55900,10.79,52100,0.65,11.05,10.69,3607200,38890000.0,1.44,3.36,27.01,27.04,11.79,9.65,0.86
众望布艺,sh605003,29.03,28.56,28.96,1251800.0,29.03,22400,29.05,400,1.65,29.31,28.77,1251800,36390000.0,1.14,1.89,31.93,31.93,31.42,25.7,1.06
国新健康,sz000503,8.07,7.86,7.98,9839700.0,8.07,37900,8.08,159000,2.67,8.09,7.91,9839700,78970000.0,1.0,2.29,79.02,79.03,8.65,7.07,1.04
全 聚 德,sz002186,10.56,10.46,10.6,3054400.0,10.55,23300,10.56,4300,0.96,10.65,10.4,3054400,32200000.0,1.0,2.39,32.37,32.41,11.51,9.41,0.83
麦迪科技,sh603990,15.14,14.97,15.15,8443400.0,15.14,57400,15.15,165600,1.14,15.25,14.98,8443400,127560000.0,2.76,1.8,46.37,46.37,16.47,13.47,0.82
天顺股份,sz002800,21.21,22.91,23.29,17417800.0,21.21,82300,21.23,400,-7.42,23.73,20.62,17417800,373920000.0,11.78,13.57,31.36,32.29,25.2,20.62,2.27
华峰化学,sz002064,10.56,10.26,10.49,45178100.0,10.55,76100,10.56,36800,2.92,10.73,10.4,45178100,478760000.0,0.91,3.22,522.93,524.04,11.29,9.23,1.0
万隆光电,sz300710,28.03,27.75,28.35,1604900.0,28.02,100,28.03,11400,1.01,28.7,27.73,1604900,44940000.0,2.15,3.5,20.9,27.89,33.3,22.2,0.79
*ST亚太,sz000691,7.93,7.96,8.07,6129000.0,7.93,2800,7.94,13600,-0.38,8.1,7.84,6129000,48700000.0,1.9,3.27,25.64,38.45,8.36,7.56,0.76
首都在线,sz300846,29.6,28.16,29.5,65564600.0,29.6,61400,29.61,27800,5.11,30.68,29.15,65564600,1960430000.0,16.73,5.43,116.03,148.86,33.79,22.53,1.62
大禹生物,bj920970,6.62,6.52,6.61,1190600.0,6.6,5000,6.62,200,1.53,6.68,6.53,1190600,7861400.0,1.7,2.3,4.64,7.34,8.47,4.57,1.06
澄天伟业,sz300689,46.78,46.76,47.33,1724300.0,46.78,4300,46.79,2000,0.04,47.88,46.31,1724300,80920000.0,1.7,3.36,47.33,54.08,56.11,37.41,0.63
北辰实业,sh601588,1.76,1.77,1.79,32972600.0,1.76,255700,1.77,902200,-0.56,1.81,1.74,32972600,58080000.0,1.24,3.95,46.82,59.26,1.95,1.59,0.84
天龙股份,sh603266,18.63,18.35,18.67,1820500.0,18.63,400,18.64,10000,1.53,18.67,18.47,1820500,33810000.0,0.92,1.09,37.05,37.05,20.19,16.52,0.87
金陵饭店,sh601007,8.54,8.37,8.37,22196900.0,8.54,100900,8.55,91600,2.03,8.57,8.27,22196900,187880000.0,5.69,3.58,33.31,33.31,9.21,7.53,1.49
金石亚药,sz300434,10.27,9.9,10.04,10089200.0,10.26,223900,10.27,82500,3.74,10.27,9.92,10089200,102600000.0,2.95,3.54,35.14,41.26,11.88,7.92,1.67
跨境通,sz002640,3.59,3.57,3.61,38919700.0,3.58,356900,3.59,557300,0.56,3.63,3.55,38919700,139370000.0,2.51,2.24,55.58,55.93,3.93,3.21,0.85
瑞奇智造,bj920781,7.7,7.54,7.8,1429100.0,7.66,800,7.7,31900,2.12,7.82,7.57,1429100,10945900.0,1.4,3.32,7.86,11.9,9.8,5.28,0.88
东信和平,sz002017,19.29,18.99,19.33,7629700.0,19.29,17900,19.3,12600,1.58,19.44,19.05,7629700,146510000.0,1.32,2.05,111.9,111.97,20.89,17.09,0.96
科润智控,bj920062,10.64,10.36,10.64,3881900.0,10.64,31900,10.65,10000,2.7,10.81,10.55,3881900,41375300.0,2.91,2.51,14.21,20.08,13.46,7.26,0.8
瑞贝卡,sh600439,2.59,2.58,2.63,10027900.0,2.58,663600,2.59,976300,0.39,2.64,2.57,10027900,26010000.0,0.89,2.71,29.32,29.32,2.84,2.32,0.78
天箭科技,sz002977,27.79,27.42,27.9,1936000.0,27.63,17100,27.79,1600,1.35,27.95,27.34,1936000,53290000.0,2.91,2.22,18.51,33.38,30.16,24.68,0.87
金陵体育,sz300651,28.28,30.11,30.22,22836400.0,28.28,14500,28.29,3600,-6.08,30.53,27.88,22836400,653010000.0,26.12,8.8,24.73,39.93,36.13,24.09,1.06
森鹰窗业,sz301227,34.13,35.01,35.5,2334400.0,34.0,1100,34.13,6200,-2.51,35.88,33.8,2334400,80650000.0,4.31,5.94,18.47,32.5,42.01,28.01,1.49
*ST赛隆,sz002898,11.55,11.52,11.58,522100.0,11.55,197700,11.56,1800,0.26,11.62,11.48,522100,6030000.0,0.52,1.22,11.7,20.33,12.1,10.94,0.7
中天科技,sh600522,29.16,30.09,30.99,158760700.0,29.15,126500,29.16,5600,-3.09,30.99,28.6,158760700,4628130000.0,4.65,7.94,995.22,995.22,33.1,27.08,0.99
迅游科技,sz300467,28.37,27.94,28.46,2173500.0,28.33,45200,28.37,700,1.54,28.66,28.18,2173500,61640000.0,1.29,1.72,47.82,57.65,33.53,22.35,1.06
建设机械,sh600984,3.93,3.97,4.04,26588300.0,3.92,26500,3.93,203300,-1.01,4.05,3.87,26588300,104460000.0,2.12,4.53,49.4,49.4,4.37,3.57,1.09
许昌智能,bj920496,9.24,9.11,9.3,2014600.0,9.23,40000,9.24,16300,1.43,9.38,9.1,2014600,18567600.0,1.39,3.07,13.4,15.3,11.84,6.38,0.45
嘉诚国际,sh603535,8.5,8.42,8.48,2703600.0,8.49,3200,8.5,76800,0.95,8.53,8.38,2703600,22880000.0,0.53,1.78,43.43,43.43,9.26,7.58,0.92
汇成股份,sh688403,14.7,14.28,14.6,3065718900.0,14.69,72400,14.7,79200,2.94,14.87,14.5,3065718900,450330000.0,3.41,2.59,131.98,131.98,17.14,11.42,0.97
金信诺,sz300252,13.27,13.09,13.42,15885700.0,13.26,32800,13.27,145500,1.38,13.45,13.09,15885700,210110000.0,2.84,2.75,74.15,87.87,15.71,10.47,0.73
新国都,sz300130,23.21,22.76,23.15,6180700.0,23.2,27800,23.21,2600,1.98,23.3,22.94,6180700,142980000.0,1.42,1.58,100.77,131.67,27.31,18.21,1.0
科信技术,sz300565,13.94,14.15,14.29,20672200.0,13.94,70200,13.95,7500,-1.48,14.45,13.79,20672200,290430000.0,9.06,4.66,31.81,34.81,16.98,11.32,0.77
云中马,sh603130,38.6,38.56,38.82,1964000.0,38.6,3500,38.61,2300,0.1,39.3,38.41,1964000,76170000.0,1.43,2.31,53.08,53.08,42.42,34.7,0.8
晨光电缆,bj920639,7.69,7.55,7.63,1809100.0,7.67,18400,7.69,2400,1.85,7.71,7.59,1809100,13847900.0,1.52,1.59,9.13,15.5,9.81,5.29,0.81
上工申贝,sh600843,9.48,9.4,9.51,5316300.0,9.48,56500,9.49,14600,0.85,9.58,9.43,5316300,50440000.0,1.13,1.6,44.48,67.61,10.34,8.46,0.8
济高发展,sh600807,3.24,3.22,3.26,18025200.0,3.23,8000,3.24,31700,0.62,3.28,3.18,18025200,57910000.0,2.29,3.11,25.5,28.66,3.54,2.9,0.94
康比特,bj920429,12.82,12.59,12.77,982700.0,12.82,3300,12.85,18200,1.83,12.95,12.7,982700,12605800.0,0.87,1.99,14.55,15.96,16.36,8.82,0.76
西部牧业,sz300106,10.02,9.96,10.1,5192700.0,10.01,80000,10.02,22800,0.6,10.17,9.92,5192700,51980000.0,2.46,2.51,21.18,21.18,11.95,7.97,0.88
友阿股份,sz002277,5.8,5.7,5.88,30523000.0,5.8,175800,5.81,206300,1.75,6.09,5.74,30523000,178110000.0,2.19,6.14,80.86,80.86,6.27,5.13,1.22
中国铀业,sz001280,81.54,80.71,82.0,7451900.0,81.53,10000,81.54,25600,1.03,82.69,81.2,7451900,609460000.0,4.71,1.85,128.9,1686.4,88.78,72.64,0.68
祥源文旅,sh600576,6.08,5.94,6.06,13893500.0,6.07,130200,6.08,4100,2.36,6.13,5.99,13893500,84360000.0,2.1,2.36,40.15,64.12,6.53,5.35,1.01
常辅股份,bj920396,31.55,30.95,31.5,1667100.0,31.55,12500,31.56,2600,1.94,31.7,30.9,1667100,52216200.0,3.25,2.58,16.19,22.79,40.23,21.67,1.06
技源集团,sh603262,25.24,24.74,25.0,662700.0,25.23,2000,25.24,7300,2.02,25.28,24.91,662700,16660000.0,1.66,1.5,10.1,100.96,27.21,22.27,0.71
长白山,sh603099,36.13,35.39,35.79,4474800.0,36.13,29400,36.14,500,2.09,36.36,35.42,4474800,160880000.0,1.68,2.66,96.35,98.4,38.93,31.85,1.03
优机股份,bj920943,20.03,20.01,20.53,1092300.0,20.0,600,20.03,800,0.1,20.64,19.75,1092300,21825000.0,2.11,4.45,10.38,20.33,26.01,14.01,1.24
全信股份,sz300447,18.69,18.94,19.05,11718200.0,18.69,6700,18.7,34400,-1.32,19.35,18.48,11718200,219540000.0,5.82,4.59,37.65,58.37,22.73,15.15,1.15
大地海洋,sz301068,30.54,29.96,30.59,1274300.0,30.46,100,30.54,7600,1.94,31.39,30.27,1274300,39200000.0,1.26,3.74,30.78,43.16,35.95,23.97,0.77
恒逸石化,sz000703,12.68,12.19,12.3,29818700.0,12.67,6400,12.68,1200,4.02,12.87,12.25,29818700,374910000.0,0.83,5.09,454.37,456.81,13.41,10.97,0.82
华是科技,sz301218,34.06,34.0,35.0,4383500.0,34.05,400,34.06,3800,0.18,35.32,33.49,4383500,149950000.0,6.26,5.38,23.87,38.84,40.8,27.2,0.8
美硕科技,sz301295,36.24,35.51,36.1,2074900.0,36.23,2200,36.24,1800,2.06,36.96,35.64,2074900,75320000.0,7.06,3.72,10.65,36.53,42.61,28.41,0.8
拉卡拉,sz300773,23.36,22.88,23.41,23627200.0,23.35,41700,23.36,104700,2.1,23.52,23.19,23627200,551140000.0,3.22,1.44,171.59,181.43,27.46,18.3,0.75
*ST云创,bj920305,7.69,6.85,7.01,11116600.0,7.68,39400,7.69,127900,12.26,8.18,7.0,11116600,86122800.0,13.71,17.23,6.24,10.18,8.9,4.8,1.84
新晨科技,sz300542,15.43,15.15,15.45,2546100.0,15.42,24700,15.43,4800,1.85,15.53,15.26,2546100,39170000.0,1.03,1.78,38.21,46.07,18.18,12.12,0.83
云南旅游,sz002059,5.1,5.12,5.14,20435200.0,5.1,57300,5.11,227300,-0.39,5.15,4.97,20435200,103170000.0,2.08,3.52,50.14,51.63,5.63,4.61,1.16
南 京 港,sz002040,10.26,10.07,10.26,9062800.0,10.25,58200,10.26,58500,1.89,10.42,10.09,9062800,93140000.0,1.86,3.28,49.87,50.06,11.08,9.06,1.07
科蓝软件,sz300663,13.26,13.17,13.45,6288600.0,13.26,800,13.27,11800,0.68,13.51,13.13,6288600,83590000.0,1.37,2.89,60.67,63.44,15.8,10.54,0.71
ST葫芦娃,sh605199,7.17,6.83,7.03,11367300.0,7.17,829500,0.0,0,4.98,7.17,6.88,11367300,80440000.0,2.84,4.25,28.69,28.69,7.17,6.49,4.4
迪尔化工,bj920304,12.27,12.14,12.22,1432400.0,12.27,20100,12.28,122300,1.07,12.37,12.16,1432400,17521600.0,1.05,1.73,16.74,20.8,15.78,8.5,0.56
德昌股份,sh605555,16.81,16.81,0.0,0.0,0.0,0,0.0,0,0.0,0.0,0.0,0,0.0,0.0,0.0,81.37,81.37,18.49,15.13,0.0
海川智能,sz300720,61.3,61.95,62.55,11554700.0,61.3,14200,61.32,1000,-1.05,65.66,59.98,11554700,719520000.0,6.62,9.17,107.06,119.46,74.34,49.56,0.85
数字人,bj920670,16.65,16.01,16.25,2202000.0,16.64,11900,16.65,47300,4.0,16.67,16.23,2202000,36307300.0,3.3,2.75,11.09,17.68,20.81,11.21,1.29
*ST绿康,sz002868,37.33,37.29,37.62,647600.0,37.33,6900,37.38,2900,0.11,37.88,37.01,647600,24110000.0,0.61,2.33,39.94,58.02,39.15,35.43,0.73
森远股份,sz300210,8.56,8.39,8.56,5165400.0,8.55,600,8.56,65300,2.03,8.63,8.48,5165400,44210000.0,1.07,1.79,41.41,41.45,10.07,6.71,0.82
殷图网联,bj920508,19.57,19.3,19.5,325400.0,19.57,1400,19.58,3500,1.4,19.93,19.43,325400,6364700.0,1.02,2.59,6.24,11.74,25.09,13.51,0.59
新奥股份,sh600803,21.92,22.18,22.1,13585200.0,21.91,6100,21.92,1000,-1.17,22.4,21.85,13585200,299960000.0,0.44,2.48,673.32,678.6,24.4,19.96,0.76
云里物里,bj920374,19.61,19.58,19.86,587200.0,19.61,1700,19.69,600,0.15,20.28,19.4,587200,11624700.0,1.72,4.49,6.69,15.99,25.45,13.71,0.52
创源股份,sz300703,19.81,19.36,19.79,3612000.0,19.8,4700,19.81,3200,2.32,19.87,19.4,3612000,71040000.0,2.13,2.43,33.61,35.74,23.23,15.49,0.87
景兴纸业,sz002067,4.98,4.94,5.02,20689500.0,4.97,618600,4.98,603800,0.81,5.05,4.96,20689500,102990000.0,1.55,1.82,66.61,73.45,5.43,4.45,0.55
泰尔股份,sz002347,8.3,8.32,8.48,10478000.0,8.29,22500,8.3,79200,-0.24,8.51,8.19,10478000,86580000.0,2.12,3.85,40.95,41.89,9.15,7.49,0.94
百大集团,sh600865,11.3,11.21,11.21,5290100.0,11.27,700,11.3,3700,0.8,11.43,11.12,5290100,59390000.0,1.41,2.77,42.52,42.52,12.33,10.09,1.0
马可波罗,sz001386,20.15,19.87,20.1,2818000.0,20.14,3900,20.15,24300,1.41,20.21,20.03,2818000,56690000.0,2.88,0.91,19.72,240.78,21.86,17.88,1.01
雷科防务,sz002413,13.09,13.45,13.57,136186300.0,13.08,115400,13.09,1700,-2.68,13.67,12.91,136186300,1786250000.0,10.51,5.65,169.57,172.7,14.8,12.11,1.01
路德科技,sh688156,22.41,23.68,23.68,790474700.0,22.41,1100,22.42,8000,-5.36,23.99,21.61,790474700,178570000.0,7.85,10.05,22.57,22.57,28.42,18.94,1.36
路畅科技,sz002813,24.28,24.17,24.6,1442800.0,24.27,100,24.28,600,0.46,24.69,23.96,1442800,35020000.0,1.2,3.02,29.1,29.14,26.59,21.75,1.06
同德化工,sz002360,6.39,6.37,6.49,10227000.0,6.38,37700,6.39,41800,0.31,6.49,6.31,10227000,65160000.0,3.12,2.83,20.93,25.67,7.01,5.73,0.6
华尔泰,sz001217,12.03,11.98,12.11,3967200.0,12.02,11700,12.03,1100,0.42,12.2,11.96,3967200,47870000.0,1.21,2.0,39.53,39.92,13.18,10.78,0.75
路斯股份,bj920419,13.32,13.0,13.13,572300.0,13.32,2300,13.33,15000,2.46,13.39,13.05,572300,7582800.0,0.59,2.62,12.88,13.76,16.9,9.1,1.13
晶雪节能,sz301010,21.79,21.36,21.91,1514800.0,21.76,1600,21.8,12100,2.01,22.0,21.5,1514800,32870000.0,1.4,2.34,23.53,23.53,25.63,17.09,0.56
海航科技,sh600751,4.05,3.95,4.02,55992300.0,4.04,206300,4.05,295500,2.53,4.1,3.98,55992300,226060000.0,2.18,3.04,104.21,117.42,4.35,3.56,1.26
申达股份,sh600626,4.0,3.97,4.02,11751500.0,3.99,16100,4.0,11300,0.76,4.04,3.95,11751500,46890000.0,1.06,2.27,44.32,52.83,4.37,3.57,0.49
三丰智能,sz300276,7.05,6.92,7.0,17665800.0,7.05,57600,7.06,382600,1.88,7.06,6.93,17665800,123910000.0,1.67,1.88,74.53,98.77,8.3,5.54,1.03
中天精装,sz002989,25.9,25.82,26.34,2357500.0,25.89,1000,25.9,70900,0.31,26.52,25.66,2357500,61290000.0,1.29,3.33,47.48,52.22,28.4,23.24,0.85
御银股份,sz002177,7.51,7.35,7.51,44431300.0,7.51,43100,7.52,451300,2.18,7.64,7.46,44431300,334300000.0,6.58,2.45,50.69,57.17,8.09,6.62,0.81
铂力特,sh688333,92.3,92.39,94.1,522906200.0,92.29,300,92.3,300,-0.1,94.2,91.08,522906200,483530000.0,1.91,3.38,253.2,253.2,110.87,73.91,0.82
ST新华锦,sh600735,6.73,6.73,0.0,0.0,0.0,0,0.0,0,0.0,0.0,0.0,0,0.0,0.0,0.0,28.63,28.86,7.07,6.39,0.0
长城电工,sh600192,8.63,8.64,8.78,7147000.0,8.62,58200,8.63,3500,-0.12,8.83,8.55,7147000,61710000.0,1.62,3.24,38.12,38.12,9.5,7.78,0.53
*ST天龙,sz300029,4.91,4.97,5.05,2902100.0,4.91,15400,4.93,7500,-1.21,5.06,4.85,2902100,14400000.0,1.45,4.23,9.84,9.84,5.96,3.98,0.79
巨轮智能,sz002031,6.34,6.34,6.4,29860100.0,6.33,479400,6.34,72400,0.0,6.43,6.3,29860100,189360000.0,1.54,2.05,122.92,139.44,6.97,5.71,0.64
仁度生物,sh688193,52.37,51.4,51.73,41252000.0,52.17,1600,52.37,400,1.89,52.42,51.61,41252000,21460000.0,1.03,1.58,20.98,20.98,61.68,41.12,1.02
帝科股份,sz300842,82.41,81.39,82.61,5120700.0,82.41,6600,82.44,7800,1.25,83.97,80.94,5120700,420770000.0,3.97,3.72,106.41,119.73,97.67,65.11,0.89
骏亚科技,sh603386,13.49,13.13,13.36,5692700.0,13.48,13900,13.49,1100,2.74,13.62,13.36,5692700,76780000.0,1.74,1.98,44.02,44.02,14.44,11.82,1.18
百洋股份,sz002696,6.99,6.91,7.09,6110100.0,6.98,37000,6.99,4500,1.16,7.09,6.9,6110100,42610000.0,1.83,2.75,23.38,24.21,7.6,6.22,0.74
凤凰航运,sz000520,4.19,4.11,4.16,12069600.0,4.18,287500,4.19,72200,1.95,4.23,4.15,12069600,50480000.0,1.19,1.95,42.41,42.41,4.52,3.7,0.85
太湖雪,bj920262,19.61,19.43,19.74,328500.0,19.61,7000,19.65,1800,0.93,19.88,19.42,328500,6431400.0,1.05,2.37,6.12,13.55,25.25,13.61,0.75
七丰精工,bj920169,29.08,29.55,29.99,2150500.0,29.07,1800,29.08,4800,-1.59,30.4,28.96,2150500,63186100.0,4.23,4.87,14.77,23.5,38.41,20.69,0.89
中科星图,sh688568,60.59,61.0,62.22,942451500.0,60.58,2000,60.59,4600,-0.67,62.88,59.74,942451500,572210000.0,1.17,5.15,489.62,489.62,73.2,48.8,0.86
一品红,sz300723,37.19,32.43,32.69,37456100.0,37.19,30500,37.2,43800,14.68,37.85,32.38,37456100,1327230000.0,8.94,16.87,155.9,167.98,38.92,25.94,3.4
盖世食品,bj920826,10.02,9.86,10.0,1222000.0,10.02,22900,10.03,3400,1.62,10.06,9.91,1222000,12220000.0,1.96,1.52,6.26,14.08,12.81,6.91,0.72
坤恒顺维,sh688283,39.21,38.7,39.47,89601800.0,39.21,100,39.22,1000,1.32,39.88,39.02,89601800,35290000.0,0.74,2.22,47.76,47.76,46.44,30.96,1.05
美之高,bj920765,14.59,14.35,14.6,567300.0,14.56,5000,14.59,1000,1.67,14.84,14.41,567300,8254900.0,1.07,3.0,7.7,12.68,18.65,10.05,0.6
天奥电子,sz002935,18.37,18.51,18.95,6032300.0,18.36,10400,18.37,700,-0.76,18.99,18.18,6032300,110850000.0,1.45,4.38,76.25,77.91,20.36,16.66,1.11
美凯龙,sh601828,2.41,2.42,2.44,16649800.0,2.41,819300,2.42,253300,-0.41,2.46,2.38,16649800,40150000.0,0.46,3.31,87.08,104.95,2.66,2.18,1.16
龙溪股份,sh600592,20.01,20.01,20.3,6529600.0,20.01,1900,20.02,18700,0.0,20.39,19.86,6529600,130710000.0,1.63,2.65,79.95,79.95,22.01,18.01,1.12
风范股份,sh601700,5.28,5.29,5.35,18514500.0,5.28,19700,5.29,103500,-0.19,5.38,5.24,18514500,97880000.0,1.63,2.65,60.13,60.13,5.82,4.76,0.83
百亚股份,sz003006,17.65,17.37,17.6,4700700.0,17.65,16900,17.66,1100,1.61,17.87,17.46,4700700,83050000.0,1.1,2.36,75.64,75.83,19.11,15.63,1.57
积成电子,sz002339,10.61,10.49,10.8,20177200.0,10.6,112700,10.61,230700,1.14,10.9,10.51,20177200,214570000.0,4.21,3.72,50.8,53.48,11.54,9.44,0.51
松井股份,sh688157,38.45,37.69,38.06,88517900.0,38.45,1300,38.49,1000,2.02,39.07,38.06,88517900,34140000.0,0.57,2.68,60.15,60.15,45.23,30.15,0.4
烽火通信,sh600498,48.86,50.48,52.33,113773100.0,48.85,200900,48.86,189600,-3.21,52.38,48.0,113773100,5591070000.0,8.95,8.68,621.31,663.6,55.53,45.43,1.06
天罡股份,bj920651,28.58,27.55,27.99,1283200.0,28.58,3200,28.68,300,3.74,29.51,27.73,1283200,36744800.0,8.4,6.46,4.37,17.43,35.81,19.29,1.61
ST易联众,sz300096,8.2,7.87,8.0,5954000.0,8.19,29400,8.2,61800,4.19,8.28,7.92,5954000,48730000.0,1.38,4.57,35.26,35.26,9.44,6.3,1.37
电科芯片,sh600877,16.16,15.92,16.23,14309500.0,16.15,54100,16.16,300,1.51,16.29,15.96,14309500,230340000.0,1.21,2.07,191.34,191.34,17.51,14.33,0.96
达利凯普,sz301566,19.8,19.37,20.51,7977800.0,19.8,11400,19.81,1000,2.22,20.54,19.63,7977800,158910000.0,3.84,4.7,41.09,79.2,23.24,15.5,0.96
中马传动,sh603767,18.91,18.83,19.0,2906000.0,18.91,10400,18.92,8400,0.42,19.03,18.7,2906000,54800000.0,0.94,1.75,58.36,58.36,20.71,16.95,0.95
华依科技,sh688071,31.78,31.33,31.88,176360200.0,31.72,0,31.78,300,1.44,32.39,31.11,176360200,55740000.0,2.08,4.09,26.95,26.95,37.6,25.06,1.17
好太太,sh603848,15.47,15.25,15.41,1602200.0,15.47,9100,15.48,1000,1.44,15.5,15.22,1602200,24630000.0,0.4,1.84,62.25,62.25,16.78,13.73,0.89
金龙汽车,sh600686,18.14,17.95,18.05,27597200.0,18.14,14200,18.15,6600,1.06,18.43,17.6,27597200,498600000.0,3.85,4.62,130.07,130.07,19.75,16.16,1.14
棕榈股份,sz002431,2.8,2.86,2.89,155510900.0,2.8,411100,2.81,402600,-2.1,3.03,2.75,155510900,444590000.0,8.63,9.79,50.47,50.47,3.15,2.57,1.72
泰祥股份,sz301192,27.38,26.68,27.32,1175500.0,27.38,300,27.39,21400,2.62,27.69,26.82,1175500,32080000.0,2.46,3.26,13.11,27.35,32.02,21.34,1.08
嘉和美康,sh688246,19.96,19.51,19.8,356550100.0,19.96,2800,19.98,600,2.31,20.01,19.53,356550100,70580000.0,2.59,2.46,27.46,27.46,23.41,15.61,1.74
瑞斯康达,sh603803,13.68,12.44,13.06,85154400.0,13.68,2121300,0.0,0,9.97,13.68,13.06,85154400,1154860000.0,20.04,4.98,58.12,58.12,13.68,11.2,0.99
勘设股份,sh603458,10.16,9.62,9.75,15290700.0,10.16,61000,10.17,18900,5.61,10.35,9.51,15290700,152350000.0,4.99,8.73,31.1,31.1,10.58,8.66,1.54
汇金股份,sz300368,11.43,11.57,11.81,26604300.0,11.43,3600,11.44,69200,-1.21,11.86,11.24,26604300,304950000.0,5.03,5.36,60.46,60.46,13.88,9.26,0.82
司南导航,sh688592,41.88,41.7,41.76,96361200.0,41.87,400,41.88,1200,0.43,43.56,41.47,96361200,40370000.0,2.5,5.01,16.13,33.7,50.04,33.36,1.19
中嘉博创,sz000889,3.4,3.36,3.49,26562700.0,3.4,291200,3.41,192900,1.19,3.5,3.37,26562700,90820000.0,3.05,3.87,29.57,31.83,3.7,3.02,0.59
初灵信息,sz300250,21.12,20.8,21.15,3559000.0,21.11,3000,21.12,1300,1.54,21.33,20.92,3559000,75130000.0,2.26,1.97,33.23,45.14,24.96,16.64,0.85
中体产业,sh600158,11.44,11.99,11.78,124323200.0,11.43,167600,11.44,22300,-4.59,11.97,11.3,124323200,1436150000.0,12.96,5.59,109.77,109.77,13.19,10.79,1.2
汇嘉时代,sh603101,8.08,8.03,8.12,3734600.0,8.08,9800,8.09,28700,0.62,8.18,8.05,3734600,30250000.0,0.79,1.62,38.01,38.01,8.83,7.23,0.86
森麒麟,sz002984,17.97,17.0,17.25,18467700.0,17.96,24200,17.97,30900,5.71,18.05,17.23,18467700,329360000.0,2.59,4.82,128.24,186.17,18.7,15.3,1.58
楚天龙,sz003040,16.14,15.95,16.25,3407200.0,16.14,11800,16.15,26300,1.19,16.29,16.02,3407200,54940000.0,0.75,1.69,73.74,74.43,17.55,14.36,0.79
华贸物流,sh603128,5.63,5.68,5.72,13765300.0,5.63,339900,5.64,20600,-0.88,5.74,5.61,13765300,77690000.0,1.05,2.29,73.7,73.7,6.25,5.11,0.89
丽人丽妆,sh605136,10.1,10.03,10.18,4947400.0,10.09,47100,10.1,112800,0.7,10.22,9.95,4947400,49800000.0,1.24,2.69,40.45,40.45,11.03,9.03,0.86
*ST华闻,sz000793,2.63,2.62,2.63,11507600.0,2.63,90400,2.64,599100,0.38,2.66,2.61,11507600,30240000.0,0.59,1.91,51.57,52.53,2.75,2.49,0.7
供销大集,sz000564,1.88,1.85,1.89,264018200.0,1.88,15513900,1.89,14285300,1.62,1.89,1.85,264018200,495530000.0,1.75,2.16,283.78,339.49,2.04,1.67,1.02
云星宇,bj920806,11.25,11.05,11.21,1584900.0,11.24,25800,11.25,14100,1.81,11.35,11.19,1584900,17861900.0,0.53,1.45,33.83,33.83,14.36,7.74,1.14
ST达华,sz002512,3.98,3.99,4.03,66930300.0,3.98,448500,3.99,633000,-0.25,4.09,3.95,66930300,268390000.0,6.12,3.51,43.56,44.28,4.19,3.79,0.66
荣科科技,sz300290,14.34,14.13,14.42,12103600.0,14.33,115500,14.34,84000,1.49,14.5,14.16,12103600,172940000.0,1.89,2.41,91.71,91.74,16.96,11.3,0.81
电子城,sh600658,4.68,4.65,4.7,7067400.0,4.68,26700,4.69,149800,0.65,4.73,4.64,7067400,33070000.0,0.63,1.94,52.35,52.35,5.12,4.19,0.84
安泰集团,sh600408,3.41,3.52,3.48,70968600.0,3.41,1128900,3.42,504100,-3.13,3.5,3.32,70968600,241560000.0,7.05,5.11,34.33,34.33,3.87,3.17,0.59
中亚股份,sz300512,9.16,8.86,8.98,4456100.0,9.16,42200,9.17,67100,3.39,9.17,8.92,4456100,40400000.0,1.38,2.82,29.67,37.49,10.63,7.09,1.13
中洲特材,sz300963,17.2,16.74,17.05,8099600.0,17.19,22000,17.2,30600,2.75,17.35,16.94,8099600,138510000.0,2.38,2.45,58.58,78.89,20.09,13.39,0.96
珠海中富,sz000659,4.57,4.53,4.58,31904800.0,4.56,111600,4.57,18600,0.88,4.59,4.46,31904800,144560000.0,2.48,2.87,58.76,58.76,4.98,4.08,0.5
智莱科技,sz300771,13.85,13.59,13.95,3930200.0,13.84,300,13.85,75400,1.91,13.95,13.62,3930200,54140000.0,2.17,2.43,25.1,33.24,16.31,10.87,1.08
安必平,sh688393,24.7,23.53,24.25,201927300.0,24.7,3600,24.72,200,4.97,24.79,23.81,201927300,49280000.0,2.16,4.16,23.11,23.11,28.24,18.82,1.45
乾照光电,sz300102,31.84,32.29,32.4,66003000.0,31.84,223500,31.85,40000,-1.39,32.8,31.33,66003000,2109510000.0,7.21,4.55,291.65,293.03,38.75,25.83,1.14
科强股份,bj920665,11.05,11.23,11.37,3278100.0,11.05,11900,11.08,5600,-1.6,11.47,10.86,3278100,36252400.0,5.12,5.43,7.08,14.36,14.59,7.87,1.91
长盈通,sh688143,55.88,56.0,57.4,814899400.0,55.88,10000,55.89,7300,-0.21,58.0,54.49,814899400,454040000.0,6.66,6.27,68.38,71.96,67.2,44.8,0.75
恒天海龙,sz000677,5.08,5.17,5.08,85898900.0,5.07,322800,5.08,278500,-1.74,5.17,4.98,85898900,434150000.0,9.94,3.68,43.89,43.89,5.69,4.65,0.84
ST复华,sh600624,4.72,4.64,4.68,4620500.0,4.72,44900,4.73,24600,1.72,4.76,4.67,4620500,21770000.0,0.68,1.94,32.07,32.07,4.87,4.41,1.04
百甲科技,bj920057,6.01,5.96,6.05,549000.0,6.01,9800,6.02,2000,0.84,6.09,5.97,549000,3298700.0,0.48,2.01,6.92,10.89,7.74,4.18,0.38
西安旅游,sz000610,8.93,9.12,9.23,17011500.0,8.93,63100,8.94,72000,-2.08,9.25,8.56,17011500,150140000.0,7.22,7.57,21.03,21.14,10.03,8.21,2.7
创维数字,sz000810,10.91,10.93,11.11,9795900.0,10.91,55900,10.92,2100,-0.18,11.12,10.84,9795900,107230000.0,0.88,2.56,121.17,125.49,12.02,9.84,0.58
雄帝科技,sz300546,21.28,20.91,21.32,2297400.0,21.26,900,21.28,900,1.77,21.4,21.06,2297400,48720000.0,1.72,1.63,28.5,39.72,25.09,16.73,0.78
天力复合,bj920576,81.29,80.93,80.0,6579800.0,81.29,15400,81.3,18200,0.44,82.59,76.89,6579800,523285600.0,6.14,7.04,87.08,88.57,105.2,56.66,1.19
南华期货,sh603093,19.9,19.54,19.72,7686300.0,19.9,4100,19.91,38000,1.84,20.13,19.62,7686300,152820000.0,1.26,2.61,121.4,142.83,21.49,17.59,0.64
迎丰股份,sh605055,10.07,9.56,9.75,7574900.0,10.06,43000,10.07,46900,5.33,10.1,9.58,7574900,75060000.0,1.72,5.44,44.31,44.31,10.52,8.6,1.11
万林物流,sh603117,4.79,4.79,4.84,7413700.0,4.79,56400,4.8,6700,0.0,4.9,4.76,7413700,35610000.0,1.24,2.92,28.7,28.7,5.27,4.31,0.65
福石控股,sz300071,5.01,5.02,5.12,29608100.0,5.0,510600,5.01,278500,-0.2,5.13,4.96,29608100,148400000.0,3.13,3.39,47.36,48.29,6.02,4.02,1.0
胜利股份,sz000407,4.71,4.72,4.76,16765800.0,4.71,980300,4.72,213800,-0.21,4.78,4.7,16765800,79170000.0,1.91,1.69,41.25,41.45,5.19,4.25,0.54
多伦科技,sh603528,8.32,8.08,8.17,11867000.0,8.32,4700,8.33,137200,2.97,8.4,8.07,11867000,97850000.0,1.68,4.08,58.73,58.73,8.89,7.27,1.94
康农种业,bj920403,21.86,22.18,22.34,1724700.0,21.86,13400,21.95,2900,-1.44,22.46,21.79,1724700,37958800.0,2.92,3.02,12.92,21.72,28.83,15.53,0.82
三协电机,bj920100,49.18,48.38,49.0,372600.0,49.18,800,49.2,900,1.65,49.48,48.72,372600,18298500.0,1.9,1.57,9.62,36.3,62.89,33.87,0.66
环旭电子,sh601231,33.79,33.0,34.04,27202600.0,33.79,19500,33.8,1600,2.39,34.6,33.5,27202600,921560000.0,1.14,3.33,807.28,807.28,36.3,29.7,0.86
高华科技,sh688539,35.8,35.89,36.74,249207000.0,35.79,1000,35.8,300,-0.25,36.8,35.28,249207000,89200000.0,2.38,4.24,37.49,66.56,43.07,28.71,1.04
长盛轴承,sz300718,70.79,69.79,70.4,5368900.0,70.79,19800,70.8,6200,1.43,71.26,69.71,5368900,378940000.0,2.77,2.22,137.22,211.51,83.75,55.83,1.05
合兴股份,sh605005,20.53,20.45,20.55,3609300.0,20.53,2100,20.54,1500,0.39,20.8,20.38,3609300,74190000.0,0.9,2.05,82.33,82.33,22.5,18.41,0.72
铁拓机械,bj920706,24.72,24.01,27.0,5006200.0,24.71,59500,24.72,12400,2.96,28.0,24.44,5006200,128717400.0,11.82,14.83,10.47,22.84,31.21,16.81,1.63
航天宏图,sh688066,19.09,19.66,19.91,1612122700.0,19.08,3700,19.09,12400,-2.9,20.13,18.79,1612122700,308030000.0,6.17,6.82,49.88,49.88,23.59,15.73,1.9
索菱股份,sz002766,5.02,4.98,5.05,13220300.0,5.01,100100,5.02,194600,0.8,5.07,4.96,13220300,66130000.0,1.54,2.21,42.99,43.37,5.48,4.48,0.92
三峡旅游,sz002627,8.3,7.94,8.08,18314900.0,8.3,7800,8.31,22600,4.53,8.34,7.97,18314900,150200000.0,2.55,4.66,59.52,60.14,8.73,7.15,1.18
新能泰山,sz000720,4.91,5.46,5.3,218104400.0,0.0,0,4.91,2814500,-10.07,5.39,4.91,218104400,1094370000.0,17.36,8.79,61.7,61.7,6.01,4.91,1.63
博菲电气,sz001255,36.88,36.59,37.29,1307200.0,36.87,27400,36.88,4700,0.79,37.58,36.6,1307200,48260000.0,1.84,2.68,26.21,32.13,40.25,32.93,1.05
森霸传感,sz300701,11.49,11.18,11.39,3751000.0,11.49,4800,11.5,74700,2.77,11.49,11.29,3751000,42780000.0,1.51,1.79,28.62,32.49,13.42,8.94,1.09
勤上股份,sz002638,4.34,4.23,4.32,53490100.0,4.33,22300,4.34,791800,2.6,4.4,4.19,53490100,229890000.0,3.95,4.96,58.71,62.35,4.65,3.81,0.66
航天环宇,sh688523,63.23,64.59,65.85,822995800.0,63.23,35500,63.24,500,-2.11,65.88,61.8,822995800,521900000.0,8.53,6.32,61.03,257.27,77.51,51.67,1.15
飞力达,sz300240,7.07,7.03,7.12,5469700.0,7.07,53300,7.08,2000,0.57,7.2,7.01,5469700,38730000.0,1.51,2.7,25.69,26.27,8.44,5.62,0.83
三维装备,bj920834,11.99,11.78,11.87,896100.0,11.98,100,11.99,3600,1.78,11.99,11.74,896100,10618100.0,1.43,2.12,7.53,14.39,15.31,8.25,0.82
中国卫星,sh600118,79.94,81.86,83.0,39198900.0,79.94,79200,79.95,28200,-2.35,83.28,79.08,39198900,3152610000.0,3.31,5.13,945.28,945.28,90.05,73.67,1.05
创远信科,bj920961,22.12,22.03,22.6,1896300.0,22.11,4400,22.12,2800,0.41,22.68,22.03,1896300,42186300.0,1.82,2.95,22.99,31.6,28.63,15.43,0.92
佛慈制药,sz002644,8.99,8.85,8.88,19850300.0,8.98,12100,8.99,132500,1.58,9.06,8.73,19850300,177030000.0,3.89,3.73,45.91,45.91,9.74,7.97,1.28
朱老六,bj920726,16.88,16.71,17.08,1119500.0,16.88,2900,16.89,900,1.02,17.08,16.79,1119500,18872600.0,2.0,1.74,9.44,17.16,21.72,11.7,0.83
品渥食品,sz300892,27.6,27.21,27.85,1485700.0,27.56,1000,27.6,1300,1.43,27.88,27.24,1485700,40910000.0,2.3,2.35,17.82,27.6,32.65,21.77,1.11
乐凯胶片,sh600135,10.92,11.12,11.34,38654400.0,10.92,39900,10.93,24000,-1.8,11.39,10.81,38654400,424900000.0,6.99,5.22,60.42,60.42,12.23,10.01,0.66
九丰能源,sh605090,38.46,38.5,39.27,11566800.0,38.46,23700,38.47,12400,-0.1,39.39,38.26,11566800,445510000.0,1.64,2.94,270.8,271.33,42.35,34.65,0.69
襄阳轴承,sz000678,12.97,12.64,12.8,48348100.0,12.97,129600,12.98,147500,2.61,13.4,12.55,48348100,622460000.0,10.52,6.72,59.61,59.61,13.9,11.38,3.84
恒信东方,sz300081,4.72,4.61,4.76,13714800.0,4.72,4500,4.73,46600,2.39,4.79,4.65,13714800,64330000.0,2.27,3.04,28.54,28.55,5.53,3.69,1.0
岭南控股,sz000524,11.4,10.75,10.91,23489200.0,11.4,11100,11.41,54600,6.05,11.53,10.86,23489200,263450000.0,3.51,6.23,76.38,76.4,11.83,9.68,1.35
柏星龙,bj920075,20.87,20.5,20.78,318200.0,20.87,8500,20.89,3800,1.8,21.1,20.66,318200,6634200.0,0.91,2.15,7.28,13.53,26.65,14.35,0.63
浩瀚深度,sh688292,24.3,23.18,23.59,365208400.0,24.3,700,24.31,23100,4.83,24.48,23.49,365208400,87250000.0,2.31,4.27,38.48,38.48,27.82,18.54,1.22
盛邦安全,sh688651,38.05,37.59,38.38,125930600.0,38.02,3000,38.05,1500,1.22,38.94,37.52,125930600,47840000.0,3.88,3.78,12.35,28.69,45.11,30.07,1.07
雷电微力,sz301050,46.25,46.0,46.91,5623100.0,46.24,1200,46.25,11100,0.54,47.0,45.71,5623100,259600000.0,2.67,2.8,97.29,114.34,55.2,36.8,1.11
航天电器,sz002025,65.37,62.87,64.88,24266300.0,65.36,96900,65.37,29100,3.98,66.15,63.28,24266300,1575830000.0,5.35,4.56,296.7,297.71,69.16,56.58,0.77
四创电子,sh600990,22.88,22.62,22.98,2857000.0,22.87,50500,22.88,33800,1.15,22.99,22.55,2857000,64960000.0,1.06,1.95,61.55,62.02,24.88,20.36,0.6
盈新发展,sz000620,2.84,2.83,2.91,104141000.0,2.84,3060000,2.85,2703600,0.35,2.92,2.83,104141000,297070000.0,2.23,3.18,132.68,166.76,3.11,2.55,0.65
*ST正平,sh603843,9.28,9.28,0.0,0.0,0.0,0,0.0,0,0.0,0.0,0.0,0,0.0,0.0,0.0,64.93,64.93,9.74,8.82,0.0
倍益康,bj920199,36.15,35.11,35.99,1173500.0,36.14,18300,36.15,100,2.96,36.46,35.4,1173500,42240800.0,3.09,3.02,13.71,24.62,45.64,24.58,0.99
孩子王,sz301078,8.38,8.27,8.39,14639900.0,8.37,124800,8.38,19800,1.33,8.42,8.29,14639900,122370000.0,1.17,1.57,105.1,105.69,9.92,6.62,0.77
太钢不锈,sz000825,4.44,4.34,4.41,34512500.0,4.43,423200,4.44,418700,2.3,4.46,4.37,34512500,152350000.0,0.61,2.07,252.91,252.91,4.77,3.91,0.98
优迅股份,sh688807,220.35,208.86,220.0,191201200.0,220.21,300,220.35,5700,5.5,222.11,215.72,191201200,419040000.0,12.72,3.06,33.13,176.28,250.63,167.09,1.25
中利集团,sz002309,4.53,4.94,4.74,738893500.0,4.53,3426500,4.54,1459700,-8.3,4.88,4.47,738893500,3428570000.0,30.71,8.3,109.0,136.25,5.43,4.45,0.78
爱丽家居,sh603221,11.58,11.38,11.48,2341600.0,11.58,13300,11.59,26200,1.76,11.73,11.42,2341600,27110000.0,0.97,2.72,28.05,28.32,12.52,10.24,0.97
信科移动-U,sh688387,14.96,14.92,15.25,5330653200.0,14.95,79000,14.96,73200,0.27,15.26,14.6,5330653200,794240000.0,2.64,4.42,301.71,511.44,17.9,11.94,0.78
航宇微,sz300053,16.96,16.89,17.32,27244300.0,16.95,33500,16.96,118600,0.41,17.4,16.72,27244300,462260000.0,4.19,4.03,110.38,118.19,20.27,13.51,0.93
财信发展,sz000838,2.19,2.14,2.2,20608100.0,2.18,53400,2.19,859800,2.34,2.2,2.15,20608100,44750000.0,1.96,2.34,23.08,24.1,2.35,1.93,0.88
航宇科技,sh688239,57.65,56.52,58.33,420184800.0,57.65,9800,57.66,2000,2.0,58.51,57.06,420184800,242480000.0,2.2,2.57,109.9,109.9,67.82,45.22,1.07
英利汽车,sh601279,4.21,4.27,4.3,13992600.0,4.21,12800,4.22,157100,-1.41,4.34,4.18,13992600,59120000.0,0.88,3.75,66.76,66.76,4.7,3.84,0.95
宁波海运,sh600798,3.92,3.81,3.84,23534500.0,3.91,151100,3.92,593100,2.89,3.94,3.83,23534500,91770000.0,1.95,2.89,47.3,47.3,4.19,3.43,0.81
华光源海,bj920351,18.11,17.73,17.98,1326300.0,18.11,19500,18.15,200,2.14,18.38,17.75,1326300,23976200.0,3.33,3.55,7.22,15.94,23.04,12.42,0.77
霍莱沃,sh688682,43.98,44.04,44.5,117362600.0,43.89,600,43.98,200,-0.14,45.26,43.16,117362600,51360000.0,1.15,4.77,44.79,44.79,52.85,35.23,0.78
信息发展,sz300469,61.15,60.02,61.0,4912900.0,61.15,6600,61.16,10400,1.88,61.6,60.11,4912900,298970000.0,1.98,2.48,151.79,151.8,72.02,48.02,0.75
亨通股份,sh600226,4.77,4.64,4.71,41515000.0,4.76,485700,4.77,528600,2.8,4.79,4.68,41515000,196840000.0,1.4,2.37,141.88,141.88,5.1,4.18,0.75
*ST新元,sz300472,8.77,8.59,8.68,8905000.0,8.77,98900,8.78,45600,2.1,8.8,8.45,8905000,76980000.0,3.36,4.07,23.23,24.14,10.31,6.87,1.17
*ST天喻,sz300205,6.02,5.98,6.0,7210000.0,6.0,23700,6.02,14800,0.67,6.1,5.75,7210000,42900000.0,1.68,5.85,25.89,25.89,7.18,4.78,0.71
珠江钢琴,sz002678,5.26,5.45,5.5,21600000.0,5.26,91600,5.27,18000,-3.49,5.52,5.15,21600000,113240000.0,1.59,6.79,71.41,71.45,6.0,4.91,1.95
亚联发展,sz002316,5.64,5.67,5.78,25056600.0,5.64,34500,5.65,59400,-0.53,5.83,5.6,25056600,142050000.0,7.35,4.06,19.22,22.17,6.24,5.1,0.62
ST中迪,sz000609,8.65,8.72,8.79,7678100.0,8.64,2500,8.65,11900,-0.8,8.82,8.55,7678100,66570000.0,2.64,3.1,25.18,25.89,9.16,8.28,0.73
理工光科,sz300557,32.3,31.59,32.15,2546900.0,32.28,100,32.3,5600,2.25,33.0,31.88,2546900,81980000.0,2.14,3.55,38.53,39.04,37.91,25.27,0.82
亚光科技,sz300123,6.35,6.35,6.47,18837100.0,6.34,262900,6.35,262400,0.0,6.47,6.3,18837100,119610000.0,1.88,2.68,63.53,64.89,7.62,5.08,0.79
王府井,sh600859,12.33,12.18,12.3,8091000.0,12.33,86100,12.34,100700,1.23,12.35,12.21,8091000,99440000.0,0.72,1.15,138.57,138.58,13.4,10.96,0.82
哈焊华通,sz301137,48.6,47.71,48.74,7505000.0,48.6,44100,48.61,9900,1.87,48.93,47.04,7505000,360770000.0,4.13,3.96,88.36,88.36,57.25,38.17,1.21
首开股份,sh600376,5.08,5.05,5.11,53664200.0,5.07,566600,5.08,305000,0.59,5.14,5.03,53664200,271580000.0,2.08,2.18,131.04,131.04,5.56,4.55,0.43
永悦科技,sh603879,5.72,5.66,5.78,6832500.0,5.71,79900,5.72,64500,1.06,5.83,5.64,6832500,38890000.0,1.9,3.36,20.55,20.55,6.23,5.09,0.81
昂瑞微-UW,sh688790,131.18,128.83,131.74,40563100.0,131.18,100,131.2,400,1.82,132.58,130.33,40563100,53240000.0,3.36,1.75,15.82,130.57,154.6,103.06,0.84
天润科技,bj920564,24.25,24.3,24.99,1749300.0,24.25,10700,24.29,200,-0.21,25.4,24.1,1749300,42482700.00000001,4.27,5.35,9.94,21.61,31.59,17.01,0.86
华天酒店,sz000428,4.04,4.02,4.07,21529400.0,4.04,47500,4.05,231400,0.5,4.1,3.95,21529400,86680000.0,2.11,3.73,41.16,41.16,4.42,3.62,1.1
双飞集团,sz300817,17.91,17.68,18.21,1539500.0,17.9,5400,17.94,3100,1.3,18.29,17.8,1539500,27600000.0,1.23,2.77,22.43,39.1,21.22,14.14,0.78
新乡化纤,sz000949,6.69,6.55,6.66,55988800.0,6.69,180000,6.7,158400,2.14,6.83,6.63,55988800,376720000.0,3.38,3.05,110.82,110.85,7.21,5.9,1.25
宁波东力,sz002164,12.1,12.06,12.16,6249000.0,12.09,97300,12.1,98500,0.33,12.24,12.02,6249000,75710000.0,1.3,1.82,58.05,64.39,13.27,10.85,0.65
博盈特焊,sz301468,48.2,47.57,49.01,5702700.0,48.2,1500,48.22,100,1.32,49.85,47.55,5702700,275380000.0,7.6,4.83,36.15,62.71,57.08,38.06,1.31
航天长峰,sh600855,17.19,17.2,17.5,8115300.0,17.18,5600,17.19,5200,-0.06,17.6,16.96,8115300,139010000.0,1.74,3.72,80.39,80.54,18.92,15.48,0.92
星图测控,bj920116,89.43,89.9,92.02,2807700.0,89.43,1600,89.44,200,-0.52,92.6,87.88,2807700,251142000.0,1.83,5.25,137.25,142.89,116.87,62.93,0.95
四川金顶,sh600678,10.58,10.5,10.71,11053900.0,10.57,29300,10.58,9300,0.76,10.83,10.46,11053900,116990000.0,3.17,3.52,36.92,36.92,11.55,9.45,0.94
金时科技,sz002951,14.55,14.14,14.42,4815100.0,14.54,25500,14.55,75000,2.9,14.55,14.18,4815100,69160000.0,1.2,2.62,58.36,58.93,15.55,12.73,0.83
佳创视讯,sz300264,9.21,9.22,9.4,24907100.0,9.2,500,9.21,14000,-0.11,9.6,9.04,24907100,229970000.0,6.72,6.07,34.12,39.68,11.06,7.38,1.18
信测标准,sz300938,39.3,39.09,40.0,6870700.0,39.3,700,39.31,4200,0.54,40.37,38.9,6870700,272270000.0,3.25,3.76,83.06,95.69,46.91,31.27,0.71
奥精医疗,sh688613,21.74,20.8,21.25,293338800.0,21.71,200,21.74,12700,4.52,21.84,20.82,293338800,62840000.0,2.14,4.9,29.79,29.79,24.96,16.64,0.96
爱科赛博,sh688719,43.08,42.94,43.82,237632200.0,43.08,1300,43.12,500,0.33,43.99,42.45,237632200,102420000.0,2.65,3.59,38.65,49.71,51.53,34.35,0.72
北斗星通,sz002151,37.61,37.88,38.4,17200000.0,37.61,19400,37.62,123500,-0.71,38.58,37.23,17200000,646920000.0,3.88,3.56,166.54,204.19,41.67,34.09,0.74
东珠生态,sh603359,6.06,6.1,6.18,10534500.0,6.05,35900,6.06,96900,-0.66,6.24,6.02,10534500,64090000.0,2.36,3.61,27.03,27.03,6.71,5.49,1.41
通鼎互联,sz002491,11.96,12.2,12.08,191986500.0,11.96,889200,11.97,66600,-1.97,12.35,11.5,191986500,2266320000.0,16.32,6.97,140.71,147.11,13.42,10.98,1.02
元创股份,sz001325,56.88,55.88,56.51,4169200.0,56.87,1300,56.88,89500,1.79,57.29,55.7,4169200,236460000.0,21.27,2.85,11.15,44.59,61.47,50.29,1.2
豪恩汽电,sz301488,131.1,127.2,129.35,1074100.0,131.09,400,131.1,600,3.07,132.32,129.35,1074100,140920000.0,4.59,2.33,30.69,120.61,152.64,101.76,0.9
沐曦股份-U,sh688802,609.2,602.0,619.0,160707300.0,609.2,3200,609.21,200,1.2,619.98,605.01,160707300,984270000.0,8.86,2.49,110.5,2437.41,722.4,481.6,0.76
长江通信,sh600345,42.56,43.13,44.48,16355900.0,42.55,7400,42.56,25900,-1.32,44.6,42.1,16355900,701400000.0,7.73,5.8,90.04,140.28,47.44,38.82,0.88
恒宝股份,sz002104,15.57,15.41,15.71,12023000.0,15.57,15200,15.58,159600,1.04,15.77,15.47,12023000,187170000.0,2.0,1.95,93.37,110.29,16.95,13.87,0.81
国光电气,sh688776,86.31,84.7,86.72,126116500.0,86.3,200,86.31,5400,1.9,86.72,85.08,126116500,108150000.0,1.16,1.94,93.55,93.55,101.64,67.76,0.74
翠微股份,sh603123,11.14,10.93,11.12,12203000.0,11.14,10000,11.15,125800,1.92,11.19,11.01,12203000,135560000.0,1.87,1.65,72.66,88.98,12.02,9.84,0.8
恒帅股份,sz300969,126.36,122.66,126.0,1605300.0,126.35,100,126.36,500,3.02,130.6,124.3,1605300,204320000.0,3.19,5.14,63.51,141.53,147.19,98.13,0.85
金圆股份,sz000546,6.37,6.6,6.65,54844700.0,6.36,176900,6.37,9000,-3.48,6.71,6.32,54844700,351590000.0,7.87,5.91,44.38,49.54,7.26,5.94,0.74
特发信息,sz000070,18.45,17.8,18.0,197739800.0,18.44,6100,18.45,5900,3.65,19.05,17.83,197739800,3631930000.0,22.25,6.85,163.96,166.11,19.58,16.02,1.94
领益智造,sz002600,12.96,12.83,13.09,58438600.0,12.95,498800,12.96,351400,1.01,13.13,12.87,58438600,757850000.0,0.81,2.03,933.06,947.12,14.11,11.55,0.86
广博股份,sz002103,8.49,8.36,8.46,5178500.0,8.48,49800,8.49,61400,1.56,8.5,8.36,5178500,43810000.0,1.37,1.67,32.01,45.36,9.2,7.52,0.97
交建股份,sh603815,6.03,5.98,6.04,9607500.0,6.02,10700,6.03,23800,0.84,6.2,5.98,9607500,58080000.0,1.55,3.68,37.32,37.32,6.58,5.38,1.08
百邦科技,sz300736,20.54,23.38,22.23,26717000.0,20.54,2800,20.55,15100,-12.15,22.58,19.8,26717000,558320000.0,21.36,11.89,25.69,26.28,28.06,18.7,2.68
国泰集团,sh603977,16.44,16.7,16.91,22950100.0,16.44,2500,16.45,14700,-1.56,17.12,16.3,22950100,380590000.0,3.69,4.91,102.13,102.13,18.37,15.03,0.72
华力创通,sz300045,21.87,21.76,22.23,14375600.0,21.86,39800,21.87,71300,0.51,22.28,21.68,14375600,314510000.0,2.78,2.76,112.92,144.93,26.11,17.41,0.88
棒杰股份,sz002634,9.17,8.94,8.85,61625100.0,9.16,84700,9.17,8700,2.57,9.45,8.71,61625100,560530000.0,13.8,8.28,40.95,42.12,9.83,8.05,2.61
万集科技,sz300552,25.77,25.15,25.8,4429600.0,25.76,21200,25.77,7100,2.47,25.96,25.53,4429600,113940000.0,3.28,1.71,34.81,54.92,30.18,20.12,1.1
欧福蛋业,bj920371,9.32,9.16,9.26,1062200.0,9.3,3800,9.32,3500,1.75,9.36,9.17,1062200,9858200.0,0.55,2.07,18.12,19.15,11.9,6.42,0.99
海航控股,sh600221,1.47,1.45,1.47,364420100.0,1.47,1306300,1.48,50573700,1.38,1.49,1.45,364420100,535060000.0,0.85,2.76,629.83,635.27,1.6,1.31,1.2
ST柯利达,sh603828,6.07,6.12,6.17,3675800.0,6.07,72300,6.08,17200,-0.82,6.25,5.97,3675800,22300000.0,0.62,4.58,36.17,36.17,6.43,5.81,0.89
法尔胜,sz000890,15.3,15.43,15.08,89026000.0,15.3,96700,15.31,26500,-0.84,15.56,14.5,89026000,1342950000.0,21.22,6.87,64.18,64.18,16.97,13.89,1.1
合众思壮,sz002383,9.7,9.67,9.78,9804700.0,9.69,64100,9.7,122400,0.31,9.82,9.6,9804700,94930000.0,1.32,2.28,71.81,71.81,10.64,8.7,0.78
盛洋科技,sh603703,12.63,12.37,12.63,7867600.0,12.63,13100,12.64,90900,2.1,12.71,12.39,7867600,98690000.0,1.9,2.59,52.41,52.41,13.61,11.13,0.65
红棉股份,sz000523,3.37,3.42,3.46,27574900.0,3.36,365500,3.37,61100,-1.46,3.48,3.34,27574900,93200000.0,2.08,4.09,44.66,61.86,3.76,3.08,1.15
舜宇精工,bj920906,23.5,23.25,23.74,479200.0,23.5,2700,23.53,1500,1.08,23.84,23.3,479200,11266000.0,1.44,2.32,7.84,15.27,30.22,16.28,0.9
苏利股份,sh603585,21.99,22.2,22.2,11963300.0,21.99,1800,22.0,3700,-0.95,22.6,21.71,11963300,262670000.0,6.55,4.01,40.18,41.1,24.42,19.98,1.5
北京文化,sz000802,3.98,3.94,4.02,10050400.0,3.97,274400,3.98,7200,1.02,4.03,3.94,10050400,39920000.0,1.4,2.28,28.48,28.49,4.33,3.55,1.22
通源环境,sh688679,48.18,44.8,45.25,305620100.0,48.18,17600,48.19,400,7.54,48.4,45.25,305620100,143680000.0,2.32,7.03,63.45,63.45,53.76,35.84,1.18
臻镭科技,sh688270,145.28,148.25,151.69,1236350600.0,145.28,18300,145.29,200,-2.0,151.9,143.11,1236350600,1806880000.0,5.78,5.93,310.97,310.97,177.9,118.6,1.0
ST百灵,sz002424,5.23,5.18,5.24,18959500.0,5.23,193100,5.24,324600,0.97,5.35,5.13,18959500,99220000.0,1.56,4.25,63.45,73.09,5.44,4.92,1.17
远方信息,sz300306,12.3,12.12,12.43,3144200.0,12.29,2200,12.3,18600,1.49,12.46,12.15,3144200,38630000.0,2.0,2.56,19.39,33.08,14.54,9.7,1.11
昇辉科技,sz300423,8.23,8.16,8.39,12044200.0,8.23,26900,8.24,59700,0.86,8.42,8.17,12044200,99540000.0,3.61,3.06,27.44,40.95,9.79,6.53,0.68
百傲化学,sh603360,27.67,26.81,27.35,10244700.0,27.66,300,27.67,49300,3.21,27.78,27.09,10244700,281400000.0,1.45,2.57,195.41,195.41,29.49,24.13,0.78
*ST铖昌,sz001270,116.24,112.5,114.2,7618200.0,116.22,200,116.24,16800,3.32,116.83,112.99,7618200,876650000.0,3.74,3.41,236.55,239.59,118.13,106.88,1.07
顶固集创,sz300749,29.14,29.82,30.08,10663100.0,29.14,18100,29.16,200,-2.28,30.28,28.55,10663100,311490000.0,6.77,5.8,45.87,59.79,35.78,23.86,0.75
科思股份,sz300856,12.46,12.22,12.34,2611700.0,12.46,2500,12.47,30000,1.96,12.51,12.2,2611700,32440000.0,0.57,2.54,57.28,59.27,14.66,9.78,0.74
三羊马,sz001317,48.02,47.22,47.98,1998400.0,48.01,2600,48.02,700,1.69,48.48,47.23,1998400,95690000.0,2.34,2.65,41.05,41.09,51.94,42.5,0.75
新大洲A,sz000571,5.75,5.76,5.85,15038200.0,5.74,310400,5.75,16500,-0.17,5.89,5.66,15038200,86250000.0,1.85,3.99,46.8,48.25,6.34,5.18,0.86
高乐股份,sz002348,7.47,7.41,7.6,13690800.0,7.47,74700,7.48,41500,0.81,7.75,7.44,13690800,102800000.0,1.52,4.18,67.49,70.76,8.15,6.67,0.9
三维通信,sz002115,12.2,12.18,12.42,38606000.0,12.19,97600,12.2,34400,0.16,12.45,12.04,38606000,469980000.0,5.13,3.37,91.77,98.94,13.4,10.96,1.12
汉仪股份,sz301270,32.01,31.18,31.91,1668400.0,32.0,2100,32.01,3100,2.66,32.1,31.61,1668400,53160000.0,1.77,1.57,30.25,32.01,37.42,24.94,0.88
西安饮食,sz000721,7.91,7.84,7.95,8558600.0,7.9,65700,7.91,78500,0.89,7.97,7.75,8558600,67190000.0,1.67,2.81,40.53,45.4,8.62,7.06,1.19
盟升电子,sh688311,37.95,37.44,38.0,351404300.0,37.94,4800,37.95,13900,1.36,38.5,37.38,351404300,132870000.0,2.02,2.99,65.95,65.95,44.93,29.95,0.93
国机精工,sz002046,44.16,43.76,44.95,7193700.0,44.16,11200,44.17,3100,0.91,45.16,43.7,7193700,318700000.0,1.36,3.34,233.52,236.78,48.14,39.38,0.83
航天软件,sh688562,19.17,19.26,19.68,690473400.0,19.16,12700,19.17,5400,-0.47,19.77,18.95,690473400,132580000.0,3.99,4.26,33.17,76.68,23.11,15.41,1.3
田野股份,bj920023,3.73,3.7,3.74,3773400.0,3.72,101900,3.73,54700,0.81,3.76,3.68,3773400,14044600.0,1.4,2.16,10.03,12.21,4.81,2.59,0.82
海伦钢琴,sz300329,14.48,14.4,14.6,4220700.0,14.46,20000,14.48,1300,0.56,14.75,14.32,4220700,61110000.0,1.67,2.99,36.51,36.62,17.28,11.52,0.53
中央商场,sh600280,3.23,3.23,3.26,14943300.0,3.22,169200,3.23,144200,0.0,3.28,3.17,14943300,48010000.0,1.32,3.41,36.45,36.45,3.55,2.91,0.98
航天科技,sz000901,22.3,22.52,22.87,23213300.0,22.3,3200,22.31,8100,-0.98,22.92,22.1,23213300,519440000.0,2.91,3.64,178.0,178.0,24.77,20.27,1.06
欢乐家,sz300997,19.96,20.33,20.11,6710600.0,19.95,11700,19.96,5300,-1.82,20.33,19.65,6710600,133260000.0,1.69,3.34,79.26,87.32,24.4,16.26,1.23
渤海汽车,sh600960,5.18,5.05,5.15,14722900.0,5.17,94700,5.18,60800,2.57,5.22,5.12,14722900,76170000.0,1.55,1.98,49.24,49.24,5.56,4.55,0.72
三友科技,bj920475,12.84,12.71,12.91,532300.0,12.71,13600,12.84,9400,1.02,13.14,12.69,532300,6809700.0,0.95,3.54,7.22,12.98,16.52,8.9,0.7
古鳌科技,sz300551,13.97,13.76,14.0,8749400.0,13.96,5300,13.97,300,1.53,14.14,13.81,8749400,122360000.0,2.58,2.4,47.37,47.51,16.51,11.01,0.59
庄园牧场,sz002910,10.99,11.1,11.26,4952800.0,10.99,5200,11.0,22400,-0.99,11.3,10.85,4952800,54640000.0,2.9,4.05,18.8,21.49,12.21,9.99,1.08
世联行,sz002285,2.99,3.01,3.04,71762100.0,2.98,537200,2.99,153900,-0.66,3.11,2.96,71762100,215530000.0,3.63,4.98,59.08,59.59,3.31,2.71,1.04
斯瑞新材,sh688102,36.22,37.26,38.18,1760241900.0,36.21,40500,36.22,20100,-2.79,38.21,35.56,1760241900,640920000.0,2.39,7.11,266.53,281.64,44.71,29.81,1.02
国博电子,sh688375,110.56,110.91,112.18,471215300.0,110.56,23300,110.66,200,-0.32,113.48,107.17,471215300,518680000.0,0.79,5.69,658.95,658.95,133.09,88.73,1.11
茂业商业,sh600828,5.28,5.33,5.42,23352200.0,5.27,229900,5.28,145300,-0.94,5.43,5.21,23352200,122980000.0,1.35,4.13,91.42,91.45,5.86,4.8,1.07
王子新材,sz002735,14.7,14.53,14.8,9143100.0,14.7,132000,14.71,32800,1.17,14.83,14.5,9143100,133880000.0,3.21,2.27,41.9,55.16,15.98,13.08,0.99
大连友谊,sz000679,6.66,6.72,6.8,4874600.0,6.65,47400,6.66,76000,-0.89,6.87,6.58,4874600,32450000.0,1.37,4.32,23.74,23.74,7.39,6.05,1.0
福事特,sz301446,37.95,37.3,38.02,513300.0,37.93,200,37.95,2600,1.74,38.5,37.35,513300,19440000.0,1.62,3.08,12.06,39.47,44.76,29.84,0.65
利群股份,sh601366,4.16,4.12,4.19,8915000.0,4.15,104400,4.16,115200,0.97,4.19,4.11,8915000,36890000.0,0.96,1.94,38.82,38.82,4.53,3.71,0.89
崧盛股份,sz301002,36.49,36.08,36.87,1872300.0,36.48,1400,36.49,600,1.14,37.41,36.15,1872300,68720000.0,2.2,3.49,31.01,49.24,43.3,28.86,0.59
润普食品,bj920422,10.9,10.74,10.86,922500.0,10.9,1800,10.92,7300,1.49,11.02,10.78,922500,10046500.0,1.39,2.23,7.22,9.64,13.96,7.52,0.97
科创新材,bj920580,12.85,12.7,12.9,811400.0,12.84,500,12.85,900,1.18,13.18,12.68,811400,10392000.0,1.48,3.94,7.04,11.05,16.51,8.89,0.65
航天智装,sz300455,24.13,24.42,24.99,12117700.0,24.13,3100,24.14,2500,-1.19,24.99,24.02,12117700,293970000.0,1.71,3.97,170.99,173.2,29.3,19.54,0.87
西测测试,sz301306,162.2,157.16,159.02,10946900.0,162.17,100,162.2,300,3.21,166.36,149.21,10946900,1724730000.0,18.78,10.91,94.56,136.9,188.59,125.73,0.94
凯瑞德,sz002072,7.52,7.2,7.32,13918500.0,7.52,5600,7.53,22500,4.44,7.8,7.3,13918500,105260000.0,3.79,6.94,27.64,27.65,7.92,6.48,2.68
莱克电气,sh603355,28.64,27.36,27.86,2962300.0,28.63,3600,28.64,1400,4.68,28.85,27.51,2962300,84090000.0,0.52,4.9,164.22,164.22,30.1,24.62,1.86
九牧王,sh601566,10.8,10.75,10.85,6104900.0,10.79,22200,10.8,91500,0.47,10.9,10.67,6104900,65700000.0,1.06,2.14,62.06,62.06,11.83,9.68,1.04
金钟股份,sz301133,39.1,36.15,37.03,4821200.0,39.1,1700,39.11,4000,8.16,39.48,37.03,4821200,185460000.0,4.34,6.78,43.45,47.49,43.38,28.92,2.11
粤海饲料,sz001313,7.86,7.77,7.83,16589300.0,7.85,62400,7.86,147600,1.16,7.86,7.68,16589300,129140000.0,2.37,2.32,54.95,55.02,8.55,6.99,0.89
震有科技,sh688418,41.08,41.42,42.2,511658600.0,41.08,500,41.1,300,-0.82,42.5,40.68,511658600,210980000.0,2.66,4.39,79.1,79.1,49.7,33.14,0.84
通宇通讯,sz002792,42.8,44.55,44.6,53874600.0,42.8,25800,42.81,7600,-3.93,44.94,42.0,53874600,2327720000.0,15.95,6.6,144.59,224.2,49.01,40.1,1.02
ST思科瑞,sh688053,36.98,37.11,37.68,117752800.0,36.98,800,36.99,11500,-0.35,37.99,36.64,117752800,43820000.0,1.18,3.64,36.98,36.98,44.53,29.69,1.15
银河电子,sz002519,8.2,8.82,8.69,132605400.0,8.2,285500,8.21,179700,-7.03,8.79,8.13,132605400,1105490000.0,11.85,7.48,91.74,92.37,9.7,7.94,1.02
景业智能,sh688290,47.37,46.34,47.5,107488700.0,47.35,200,47.37,500,2.22,48.53,46.41,107488700,51110000.0,1.05,4.57,48.41,48.41,55.61,37.07,1.15
上海沪工,sh603131,20.67,20.68,20.91,6322200.0,20.67,8200,20.68,11900,-0.05,21.08,20.39,6322200,130410000.0,1.88,3.34,69.64,69.64,22.75,18.61,0.9
皮阿诺,sz002853,24.58,24.59,24.95,1960300.0,24.58,3900,24.59,1300,-0.04,25.09,24.21,1960300,48060000.0,1.52,3.58,31.64,44.96,27.05,22.13,0.64
国机重装,sh601399,4.56,4.51,4.54,73723200.0,4.55,562500,4.56,10200,1.11,4.63,4.48,73723200,334670000.0,1.02,3.33,328.94,328.94,4.96,4.06,1.32
莱赛激光,bj920363,16.1,15.95,16.2,623500.0,16.1,6500,16.11,1600,0.94,16.28,15.88,623500,9998100.0,1.22,2.51,8.23,15.37,20.73,11.17,0.4
威帝股份,sh603023,5.36,5.28,5.39,18622800.0,5.35,68600,5.36,32600,1.52,5.4,5.23,18622800,98910000.0,3.34,3.22,29.92,29.92,5.81,4.75,0.87
冰山冷热,sz000530,6.06,5.99,6.09,10146200.0,6.05,46300,6.06,118100,1.17,6.12,5.98,10146200,61230000.0,1.69,2.34,36.36,51.1,6.59,5.39,0.95
科达自控,bj920932,15.02,14.84,15.06,861500.0,15.02,1400,15.04,1400,1.21,15.29,14.95,861500,12996500.0,0.99,2.29,13.04,15.82,19.29,10.39,0.49
南京商旅,sh600250,13.6,14.05,13.77,57581200.0,13.59,15800,13.6,173900,-3.2,13.91,13.2,57581200,779160000.0,18.41,5.05,42.54,42.54,15.46,12.65,1.23
航天晨光,sh600501,22.37,22.7,23.09,8094500.0,22.36,4400,22.37,1800,-1.45,23.14,22.19,8094500,181550000.0,1.89,4.19,95.7,95.7,24.97,20.43,1.24
德联集团,sz002666,5.49,5.39,5.48,9068300.0,5.48,12700,5.49,103600,1.86,5.57,5.42,9068300,49710000.0,1.81,2.78,27.49,43.26,5.93,4.85,0.82
航天电子,sh600879,21.75,22.24,22.65,153834600.0,21.74,74400,21.75,17800,-2.2,22.66,21.52,153834600,3365630000.0,4.66,5.13,717.6,717.6,24.46,20.02,1.13
东箭科技,sz300978,10.87,10.75,10.89,2299000.0,10.85,10300,10.87,37600,1.12,10.96,10.75,2299000,24910000.0,1.2,1.95,20.79,45.95,12.9,8.6,0.48
瑞星股份,bj920717,8.74,8.74,8.84,771200.0,8.74,6000,8.76,8400,0.0,8.88,8.68,771200,6752200.0,1.74,2.29,3.87,10.02,11.36,6.12,0.7
中国卫通,sh601698,32.63,33.0,33.58,46830000.0,32.62,34400,32.63,39100,-1.12,33.72,32.28,46830000,1535640000.0,1.11,4.36,1378.42,1378.42,36.3,29.7,1.06
红旗连锁,sz002697,5.58,5.54,5.6,14425500.0,5.57,145100,5.58,338300,0.72,5.61,5.54,14425500,80330000.0,1.26,1.26,63.89,75.89,6.09,4.99,0.74
立方退,sz300344,0.4,0.5,0.46,122065700.0,0.4,3373300,0.41,1610100,-20.0,0.48,0.4,122065700,52200000.0,19.07,16.0,2.56,2.57,0.6,0.4,0.84
上海瀚讯,sz300762,36.3,36.4,37.0,29467400.0,36.29,4400,36.3,83200,-0.27,37.14,35.47,29467400,1064610000.0,4.69,4.59,227.95,227.95,43.68,29.12,1.06
中超控股,sz002471,8.82,9.28,9.22,240242200.0,8.82,1348900,8.83,239600,-4.96,9.22,8.72,240242200,2144360000.0,17.9,5.39,118.4,120.72,10.21,8.35,1.05
大鹏工业,bj920091,61.0,60.7,61.7,905400.0,61.0,4300,61.3,700,0.49,62.43,60.86,905400,55537600.0,6.24,2.59,8.85,37.49,78.91,42.49,0.73
佳缘科技,sz301117,42.64,43.52,44.1,6307000.0,42.64,3400,42.65,8900,-2.02,44.58,41.98,6307000,269920000.0,7.94,5.97,33.88,55.08,52.22,34.82,1.33
海王生物,sz000078,3.45,3.14,3.17,123533900.0,3.45,32141700,0.0,0,9.87,3.45,3.08,123533900,410250000.0,4.7,11.78,90.61,90.77,3.45,2.83,2.24
华体科技,sh603679,14.53,13.86,14.07,7675700.0,14.52,14100,14.53,12600,4.83,14.59,13.92,7675700,109580000.0,4.32,4.83,25.82,25.82,15.25,12.47,1.3
天银机电,sz300342,53.19,51.08,52.08,60751500.0,53.19,33100,53.2,63500,4.13,53.44,49.2,60751500,3136610000.0,14.51,8.3,222.76,226.08,61.3,40.86,0.95
陕西华达,sz301517,54.8,55.02,56.0,3675500.0,54.79,13000,54.88,3300,-0.4,56.86,54.03,3675500,201750000.0,3.74,5.14,53.79,82.88,66.02,44.02,1.05
曲江文旅,sh600706,9.8,9.88,10.05,6754300.0,9.8,20300,9.81,6600,-0.81,10.05,9.71,6754300,66390000.0,2.66,3.44,24.89,25.0,10.87,8.89,1.47
渤海化学,sh600800,4.75,4.68,4.82,59245700.0,4.75,71000,4.76,8900,1.5,4.88,4.59,59245700,280790000.0,5.34,6.2,52.71,52.73,5.15,4.21,0.67
珠江股份,sh600684,5.15,5.02,5.08,30543500.0,5.14,159500,5.15,150000,2.59,5.17,5.01,30543500,155870000.0,3.58,3.19,43.95,56.96,5.52,4.52,1.19
航天机电,sh600151,13.23,13.67,13.85,50730700.0,13.22,134800,13.23,48400,-3.22,13.89,13.11,50730700,675360000.0,3.54,5.71,189.75,189.75,15.04,12.3,1.2
恒盛能源,sh605580,21.31,21.0,21.27,3307400.0,21.3,100,21.31,5500,1.48,21.33,21.04,3307400,70100000.0,1.18,1.38,59.67,59.67,23.1,18.9,0.82
中国高科,sh600730,9.23,8.85,9.01,14613700.0,9.23,38500,9.24,16600,4.29,9.42,9.01,14613700,135440000.0,2.49,4.63,54.15,54.15,9.74,7.97,1.1
钧达股份,sz002865,73.18,71.98,73.0,12473200.0,73.18,300,73.24,200,1.67,75.0,70.08,12473200,906430000.0,5.58,6.84,163.58,227.78,79.18,64.78,0.86
顺灏股份,sz002565,16.7,17.01,17.0,272926400.0,16.69,79400,16.7,358400,-1.82,17.45,16.35,272926400,4592200000.0,25.75,6.47,177.01,177.02,18.71,15.31,1.32
星辰科技,bj920885,19.42,19.42,20.0,2849000.0,19.42,1800,19.43,13500,0.0,20.02,19.3,2849000,55556700.0,3.22,3.71,17.19,33.17,25.24,13.6,0.95
博纳影业,sz001330,7.04,6.98,7.1,40312200.0,7.03,165300,7.04,239300,0.86,7.13,6.92,40312200,282150000.0,2.93,3.01,96.77,96.77,7.68,6.28,0.94
久之洋,sz300516,59.02,59.56,60.7,3873500.0,59.02,8800,59.03,1000,-0.91,61.8,58.42,3873500,229520000.0,2.15,5.67,106.24,106.24,71.47,47.65,0.97
禾信仪器,sh688622,87.5,88.33,88.34,223332500.0,87.5,600,87.55,2400,-0.94,88.98,83.3,223332500,192930000.0,3.17,6.43,61.6,61.66,106.0,70.66,1.05
长药退,sz300391,0.3,0.32,0.32,41246500.0,0.3,431500,0.31,4281100,-6.25,0.32,0.29,41246500,12520000.0,11.77,9.38,1.05,1.05,0.38,0.26,1.08
天玑科技,sz300245,13.99,13.68,13.95,36605000.0,13.98,8000,13.99,164000,2.27,14.49,13.8,36605000,516290000.0,12.03,5.04,42.58,42.68,16.42,10.94,0.75
汉鑫科技,bj920092,30.5,30.12,30.94,628600.0,30.5,3300,30.52,3400,1.26,31.59,30.32,628600,19294600.0,1.91,4.22,10.05,18.93,39.15,21.09,0.6
同大股份,sz300321,34.31,33.23,33.75,1697700.0,34.31,1400,34.34,1000,3.25,34.39,33.35,1697700,57620000.0,1.91,3.13,30.43,30.47,39.88,26.58,1.26
ST福能,sz300173,4.34,4.33,4.4,10310000.0,4.34,344400,4.35,106700,0.23,4.42,4.32,10310000,44900000.0,1.4,2.31,31.89,31.89,5.2,3.46,0.85
创识科技,sz300941,20.01,19.66,20.16,2509000.0,20.0,4300,20.01,5300,1.78,20.16,19.84,2509000,50150000.0,2.36,1.63,21.27,40.97,23.59,15.73,0.94
誉帆科技,sz001396,44.98,44.49,45.0,895700.0,44.97,7000,44.98,6500,1.1,45.83,44.71,895700,40440000.0,4.03,2.52,9.99,48.08,48.94,40.04,0.5
双欣材料,sz001369,15.79,15.47,15.69,22879500.0,15.78,117000,15.79,36000,2.07,16.19,15.64,22879500,363780000.0,11.38,3.56,31.74,181.11,17.02,13.92,0.69
江天科技,bj920121,36.13,36.15,36.54,212500.0,36.13,200,36.15,400,-0.06,36.89,36.01,212500,7704299.999999999,1.79,2.43,4.3,23.87,46.99,25.31,0.82
蘅东光,bj920045,337.0,322.01,334.9,918700.0,336.96,200,337.0,3300,4.66,337.88,328.88,918700,307024500.0,4.56,2.79,67.83,229.4,418.61,225.41,0.9
强一股份,sh688809,327.0,305.8,315.0,249952600.0,326.96,200,327.0,5500,6.93,329.0,311.0,249952600,808840000.0,10.26,5.89,79.63,423.66,366.96,244.64,1.5
健信超导,sh688805,45.65,43.65,44.57,207183300.0,45.64,10100,45.65,5800,4.58,45.7,44.44,207183300,93610000.0,6.57,2.89,14.39,76.55,52.38,34.92,1.15
陕西旅游,sh603402,137.05,132.15,134.5,1423200.0,137.05,500,137.06,300,3.71,138.2,132.06,1423200,193540000.0,7.36,4.65,26.5,105.99,145.37,118.94,1.1
新广益,sz301687,53.11,51.52,52.5,2243500.0,53.09,1000,53.11,1300,3.09,53.85,52.5,2243500,118990000.0,7.6,2.62,15.69,78.0,61.82,41.22,0.68
至信股份,sh603352,37.96,37.29,38.0,1729600.0,37.96,7400,37.97,3600,1.8,38.0,37.51,1729600,65350000.0,3.89,1.31,16.86,86.04,41.02,33.56,0.78
科马材料,bj920086,31.88,31.24,32.0,1722600.0,31.86,800,31.88,11100,2.05,32.29,31.3,1722600,54736600.0,6.44,3.17,8.53,26.68,40.61,21.87,0.68
国亮新材,bj920076,21.15,20.85,21.1,382300.0,21.15,8100,21.16,8000,1.44,21.34,20.95,382300,8075000.0,1.93,1.87,4.18,17.69,27.1,14.6,0.73
爱舍伦,bj920050,32.22,31.98,32.4,400500.0,32.2,3100,32.22,10300,0.75,32.54,31.77,400500,12851000.0,2.21,2.41,5.83,21.81,41.57,22.39,0.87
农大科技,bj920159,42.06,41.92,42.28,1306400.0,42.06,20600,42.07,300,0.33,42.47,41.4,1306400,54593800.0,9.07,2.55,6.06,31.97,54.49,29.35,0.62
恒运昌,sh688785,301.88,281.95,290.25,88335000.0,301.0,400,301.88,100,7.07,306.48,286.86,88335000,265730000.0,6.94,6.96,38.42,204.38,338.34,225.56,1.54
美德乐,bj920119,85.19,83.68,84.62,258500.0,85.1,200,85.19,400,1.8,85.38,84.52,258500,21930600.0,1.36,1.03,16.17,61.44,108.78,58.58,0.45
振石股份,sh601112,20.1,19.0,19.32,23886400.0,20.1,85300,20.11,85700,5.79,20.25,19.32,23886400,475970000.0,13.48,4.89,35.63,349.81,20.9,17.1,1.43
北芯生命-U,sh688712,41.03,38.01,38.52,626434600.0,41.02,1000,41.03,1500,7.95,41.59,38.37,626434600,253420000.0,16.88,8.47,15.23,171.1,45.61,30.41,1.99
世盟股份,sz001220,39.52,38.78,39.3,1147200.0,39.52,1100,39.53,1300,1.91,39.68,39.24,1147200,45230000.0,5.07,1.13,8.93,36.47,42.66,34.9,1.06
海圣医疗,bj920166,27.78,27.1,27.43,1196200.0,27.76,1000,27.78,1400,2.51,27.88,27.1,1196200,32927600.000000004,5.03,2.88,6.6,20.92,35.23,18.97,0.79
易思维,sh688816,62.62,61.53,62.5,95606700.0,62.62,300,62.63,200,1.77,63.16,62.1,95606700,59930000.0,4.96,1.72,12.08,62.62,73.84,49.22,1.0
爱得科技,bj920180,17.04,16.5,16.74,1953000.0,17.04,23700,17.05,15600,3.27,17.26,16.6,1953000,33141400.0,5.48,4.0,6.08,20.13,21.45,11.55,1.31
林平发展,sh603284,47.07,46.65,46.71,2677200.0,47.07,8900,47.1,300,0.9,47.32,46.21,2677200,125550000.0,14.49,2.38,8.7,35.5,51.32,41.99,1.54
电科蓝天,sh688818,59.98,60.74,61.98,1662744100.0,59.97,9300,59.98,8600,-1.25,62.46,59.28,1662744100,1001080000.0,12.59,5.24,79.18,1041.81,72.89,48.59,0.72
通宝光电,bj920168,21.99,21.77,22.0,798900.0,21.98,1800,21.99,3800,1.01,22.1,21.81,798900,17524600.0,2.84,1.33,6.2,16.53,28.3,15.24,0.7
海菲曼,bj920183,38.17,37.98,38.6,575000.0,38.17,1200,38.19,500,0.5,38.8,38.1,575000,22056400.0,5.11,1.84,4.29,18.68,49.37,26.59,0.77
通领科技,bj920187,36.25,36.03,36.51,710200.0,36.25,400,36.26,1000,0.61,36.59,36.08,710200,25750500.0,3.39,1.42,7.6,22.62,46.83,25.23,0.79
固德电材,sz301680,103.45,104.0,104.8,2815600.0,103.45,14600,103.46,200,-0.53,106.7,102.3,2815600,292700000.0,16.76,4.23,17.38,85.66,124.8,83.2,0.76
