name,code,now,close,open,volume,bid1,bid1_volume,ask1,ask1_volume,涨跌(%),high,low,成交量(手),成交额(万),turnover,振幅,流通市值,总市值,涨停价,跌停价,量比
纳百川,sz301667,90.43,81.92,82.8,8371300.0,90.43,18500,90.44,5900,10.39,92.15,82.02,8371300,730610000.0,37.21,12.37,20.34,100.98,98.3,65.54,2.03
锡华科技,sh603248,29.98,30.0,30.12,12138000.0,29.98,194900,29.99,8500,-0.07,30.12,29.5,12138000,360580000.0,17.51,2.07,20.78,137.91,33.0,27.0,0.59
天溯计量,sz301449,76.71,75.03,75.51,1621300.0,76.71,14700,76.72,300,2.24,77.25,75.39,1621300,123880000.0,11.65,2.48,10.67,50.03,90.04,60.02,1.46
美埃科技,sh688376,69.09,68.81,69.5,355554100.0,69.01,200,69.09,1100,0.41,71.09,66.77,355554100,244000000.0,2.63,6.28,93.45,93.45,82.57,55.05,1.46
同飞股份,sz300990,85.77,82.28,83.93,5213300.0,85.77,1200,85.78,2300,4.24,88.7,83.0,5213300,448480000.0,6.76,6.93,66.15,146.31,98.74,65.82,1.78
中光防雷,sz300414,13.96,13.95,14.05,9183700.0,13.96,231200,13.97,66500,0.07,14.18,13.93,9183700,129010000.0,2.93,1.79,43.77,45.51,16.74,11.16,1.43
苏州天脉,sz301626,280.0,264.0,265.33,3508400.0,280.0,100,280.01,7700,6.06,290.99,265.0,3508400,976410000.0,6.67,9.84,147.33,323.9,316.8,211.2,1.33
ST名家汇,sz300506,4.67,4.43,4.55,12184600.0,4.65,31500,4.67,26500,5.42,4.74,4.53,12184600,56300000.0,1.66,4.74,34.31,66.58,5.32,3.54,1.64
森赫股份,sz301056,15.03,14.98,14.98,2144400.0,15.03,6700,15.06,200,0.33,15.57,14.98,2144400,32430000.0,1.22,3.94,26.45,40.1,17.98,11.98,0.61
宏达电子,sz300726,43.22,42.63,42.99,5164800.0,43.21,10600,43.22,17400,1.38,43.67,42.41,5164800,223930000.0,2.41,2.96,92.68,178.0,51.16,34.1,1.35
宏源药业,sz301246,25.0,22.35,22.31,41094600.0,24.99,700,25.0,344400,11.86,25.17,21.91,41094600,963650000.0,24.16,14.59,42.52,100.0,26.82,17.88,1.95
华盛锂电,sh688353,121.3,117.45,117.0,731813300.0,121.3,1300,121.32,500,3.28,123.67,116.98,731813300,884900000.0,4.59,5.7,193.47,193.47,140.94,93.96,1.05
鼎泰高科,sz301377,214.71,205.95,206.03,3692400.0,214.71,900,214.73,300,4.25,218.88,205.0,3692400,784980000.0,5.2,6.74,152.5,880.31,247.14,164.76,1.1
腾景科技,sh688195,326.09,331.1,333.02,874939900.0,326.09,5500,326.1,400,-1.51,345.99,322.0,874939900,2903160000.0,6.76,7.25,421.8,421.8,397.32,264.88,0.94
珂玛科技,sz301611,94.18,96.08,98.01,8669700.0,94.18,1100,94.37,400,-1.98,99.49,93.91,8669700,835570000.0,5.91,5.81,138.05,410.62,115.3,76.86,1.07
新诺威,sz300765,32.6,33.2,33.2,9080500.0,32.6,29100,32.61,7800,-1.81,33.98,32.52,9080500,301210000.0,0.65,4.4,457.9,457.9,39.84,26.56,0.79
安达智能,sh688125,267.71,271.46,271.97,115790600.0,267.71,500,267.8,300,-1.38,273.98,258.0,115790600,309850000.0,1.42,5.89,218.69,219.86,325.75,217.17,0.99
杰华特,sh688141,64.39,63.22,64.9,1657121200.0,64.38,200,64.39,8200,1.85,67.77,63.96,1657121200,1077100000.0,3.68,6.03,289.96,289.96,75.86,50.58,1.22
铜冠铜箔,sz301217,42.45,43.05,43.13,47632100.0,42.44,54300,42.45,93300,-1.39,43.96,42.18,47632100,2047270000.0,5.75,4.13,351.92,351.92,51.66,34.44,0.98
海科新源,sz301292,85.49,81.42,81.08,29912800.0,85.49,3700,85.5,4300,5.0,89.0,80.41,29912800,2549190000.0,35.16,10.55,72.73,190.47,97.7,65.14,1.67
奕东电子,sz301123,64.7,65.2,64.97,18885500.0,64.69,14800,64.7,48200,-0.77,66.55,63.29,18885500,1230350000.0,8.08,5.0,151.14,151.81,78.24,52.16,1.51
安通控股,sh600179,4.45,4.45,4.48,35135100.0,4.45,677900,4.46,57900,0.0,4.55,4.45,35135100,157590000.0,0.91,2.25,171.87,188.3,4.9,4.01,0.75
华联控股,sz000036,4.92,4.79,4.8,38650000.0,4.91,108200,4.92,111600,2.71,5.06,4.77,38650000,191080000.0,2.76,6.05,68.94,69.07,5.27,4.31,1.4
滨海能源,sz000695,13.45,13.09,13.25,18793000.0,13.45,73900,13.46,16500,2.75,13.62,13.07,18793000,252710000.0,8.47,4.2,29.83,31.17,14.4,11.78,0.73
嘉美包装,sz002969,23.66,24.59,24.48,67914800.0,23.66,168600,23.67,26600,-3.78,24.95,23.62,67914800,1645350000.0,6.22,5.41,258.44,259.9,27.05,22.13,1.09
联发股份,sz002394,14.03,13.88,14.05,6894200.0,14.03,22500,14.04,28300,1.08,14.11,13.8,6894200,96310000.0,2.13,2.23,45.36,45.42,15.27,12.49,1.3
海汽集团,sh603069,17.45,17.16,17.22,3067200.0,17.45,12300,17.46,44400,1.69,17.59,17.22,3067200,53620000.0,0.97,2.16,55.14,55.14,18.88,15.44,0.88
胜通能源,sz001331,58.43,57.29,57.48,11501700.0,58.43,5000,58.44,2300,1.99,58.97,56.02,11501700,664990000.0,6.85,5.15,98.09,164.91,63.02,51.56,1.72
海南瑞泽,sz002596,3.62,3.63,3.67,21451000.0,3.61,380100,3.62,31500,-0.28,3.7,3.61,21451000,78280000.0,1.87,2.48,41.5,41.54,3.99,3.27,0.8
多氟多,sz002407,28.26,27.5,27.78,94273300.0,28.25,175900,28.26,205800,2.76,28.86,27.5,94273300,2665630000.0,8.72,4.95,305.36,336.42,30.25,24.75,1.83
章源钨业,sz002378,31.48,31.95,32.5,39008600.0,31.48,29300,31.49,11300,-1.47,32.6,31.01,39008600,1237140000.0,3.26,4.98,376.22,378.21,35.15,28.76,0.87
神剑股份,sz002361,16.49,16.41,16.41,301581500.0,16.48,1698400,16.49,68400,0.49,17.64,16.17,301581500,5096630000.0,37.27,8.96,133.42,156.83,18.05,14.77,1.13
圣晖集成,sh603163,106.41,107.0,107.6,3856800.0,106.41,1900,106.42,2200,-0.55,109.51,105.3,3856800,413790000.0,3.86,3.93,106.41,106.41,117.7,96.3,1.17
万润股份,sz002643,16.28,16.28,16.38,12026500.0,16.28,2100,16.29,24800,0.0,16.49,16.23,12026500,196430000.0,1.32,1.6,148.03,150.26,17.91,14.65,1.14
快克智能,sh603203,43.53,44.2,44.2,6961300.0,43.53,7000,43.55,700,-1.52,44.26,43.11,6961300,303330000.0,2.79,2.6,108.46,110.42,48.62,39.78,1.01
海南发展,sz002163,12.73,12.78,12.94,20484700.0,12.72,45400,12.73,15300,-0.39,12.96,12.71,20484700,262590000.0,2.55,1.96,102.29,107.56,14.06,11.5,1.02
宏和科技,sh603256,81.18,76.2,77.2,34085000.0,81.18,60600,81.19,6200,6.54,83.82,75.27,34085000,2725230000.0,3.87,11.22,714.16,734.34,83.82,68.58,1.5
亚翔集成,sh603929,210.5,198.99,204.0,8741100.0,210.5,100,210.51,300,5.78,212.89,200.49,8741100,1806160000.0,4.1,6.23,449.12,449.12,218.89,179.09,2.09
世嘉科技,sz002796,51.18,50.47,50.9,21040700.0,51.11,200,51.18,16300,1.41,52.27,48.77,21040700,1053500000.0,9.24,6.93,116.54,129.16,55.52,45.42,1.07
深圳新星,sh603978,25.24,24.98,24.94,9764500.0,25.24,10700,25.25,70400,1.04,25.95,24.8,9764500,247310000.0,4.63,4.6,53.28,53.28,27.48,22.48,1.3
友邦吊顶,sz002718,78.41,76.11,78.99,5084500.0,78.4,5000,78.41,10500,3.02,82.53,76.9,5084500,403450000.0,5.41,7.4,73.69,101.5,83.72,68.5,1.47
九鼎新材,sz002201,11.54,11.2,11.4,40439500.0,11.53,75200,11.54,107600,3.04,12.04,11.28,40439500,471860000.0,6.72,6.79,69.47,75.2,12.32,10.08,1.6
国风新材,sz000859,9.67,9.76,9.89,35283300.0,9.66,253800,9.67,178000,-0.92,10.05,9.66,35283300,346910000.0,3.94,4.0,86.64,86.64,10.74,8.78,1.14
天际股份,sz002759,35.69,34.65,34.92,68822800.0,35.68,30600,35.69,42500,3.0,36.48,34.5,68822800,2455410000.0,13.74,5.71,178.79,178.94,38.12,31.19,1.39
东材科技,sh601208,33.55,33.54,33.7,45511900.0,33.54,31200,33.55,3400,0.03,34.58,33.55,45511900,1547600000.0,4.51,3.07,338.92,338.92,36.89,30.19,0.85
三孚股份,sh603938,27.21,27.88,27.97,18393400.0,27.2,32400,27.21,70500,-2.4,28.05,27.1,18393400,505320000.0,4.81,3.41,104.11,104.11,30.67,25.09,0.67
航天工程,sh603698,31.97,32.08,32.08,23289300.0,31.96,9300,31.97,72000,-0.34,32.95,31.92,23289300,754360000.0,4.35,3.21,171.36,171.36,35.29,28.87,1.48
翔鹭钨业,sz002842,32.87,33.6,34.0,28622500.0,32.86,35700,32.87,17900,-2.17,34.08,32.51,28622500,950100000.0,10.66,4.67,88.24,107.54,36.96,30.24,0.81
天赐材料,sz002709,46.72,43.89,44.25,153572800.0,46.71,64700,46.72,245400,6.45,46.74,43.85,153572800,6997060000.0,10.18,6.58,705.01,952.42,48.28,39.5,2.13
安记食品,sh603696,15.93,15.9,15.93,4212800.0,15.92,25700,15.93,15600,0.19,16.18,15.9,4212800,67560000.0,1.79,1.76,37.47,37.47,17.49,14.31,0.66
柏诚股份,sh601133,24.9,24.68,25.19,54272800.0,24.89,9100,24.9,25100,0.89,25.5,23.93,54272800,1340070000.0,10.35,6.36,130.57,131.48,27.15,22.21,1.35
德尔未来,sz002631,7.25,7.27,7.31,24730100.0,7.24,600,7.25,18400,-0.28,7.47,7.2,24730100,180790000.0,3.12,3.71,57.53,57.8,8.0,6.54,0.98
创元科技,sz000551,14.03,13.94,14.22,17198800.0,14.02,26500,14.03,38700,0.65,14.32,13.94,17198800,242080000.0,3.55,2.73,67.98,68.01,15.33,12.55,1.55
浔兴股份,sz002098,9.01,8.94,9.02,2064800.0,9.01,2100,9.02,18300,0.78,9.09,8.97,2064800,18650000.0,0.58,1.34,32.25,32.26,9.83,8.05,0.61
合兴包装,sz002228,3.9,3.88,3.92,14325900.0,3.89,271100,3.9,85400,0.52,3.96,3.89,14325900,56260000.0,1.18,1.8,47.16,47.32,4.27,3.49,0.66
神农种业,sz300189,6.76,6.76,6.77,58427200.0,6.75,359000,6.76,504300,0.0,6.83,6.7,58427200,395050000.0,6.59,1.92,59.91,69.22,8.11,5.41,0.65
南宁百货,sh600712,6.03,6.07,6.07,6074800.0,6.03,77000,6.04,54700,-0.66,6.13,6.01,6074800,36890000.0,1.13,1.98,32.48,32.84,6.68,5.46,0.95
集泰股份,sz002909,6.65,6.54,6.57,7069200.0,6.65,28000,6.66,1000,1.68,6.71,6.54,7069200,47130000.0,1.86,2.6,25.3,25.93,7.19,5.89,0.78
鹏辉能源,sz300438,57.18,53.39,55.0,52341200.0,57.17,2200,57.18,19600,7.1,58.89,54.99,52341200,2992100000.0,12.95,7.3,231.1,287.81,64.07,42.71,1.63
大中矿业,sz001203,38.79,38.19,39.11,35119400.0,38.78,5500,38.79,42600,1.57,40.87,38.33,35119400,1383830000.0,2.69,6.65,506.59,594.68,42.01,34.37,1.39
菱电电控,sh688667,111.96,116.6,113.99,222151000.0,111.95,500,111.96,6300,-3.98,114.94,109.51,222151000,248050000.0,4.22,4.66,59.0,59.0,139.92,93.28,1.34
海南海药,sz000566,5.29,5.28,5.26,35421100.0,5.28,781300,5.29,152500,0.19,5.4,5.22,35421100,188550000.0,2.73,3.41,68.6,68.63,5.81,4.75,0.65
鲁信创投,sh600783,20.56,20.8,20.92,13563200.0,20.56,16600,20.57,20800,-1.15,21.16,20.52,13563200,282070000.0,1.82,3.08,153.04,153.04,22.88,18.72,1.28
鸿富瀚,sz301086,146.97,143.75,143.93,2041700.0,146.97,2400,146.98,2600,2.24,150.0,143.75,2041700,301160000.0,4.31,4.35,69.57,132.27,172.5,115.0,1.24
鹭燕医药,sz002788,15.27,16.62,16.23,78486600.0,15.27,250300,15.28,71300,-8.12,16.37,15.26,78486600,1223640000.0,20.56,6.68,58.3,59.33,18.28,14.96,0.77
青鸟消防,sz002960,12.17,12.08,12.11,14016000.0,12.17,53700,12.18,47600,0.75,12.35,12.08,14016000,171470000.0,1.73,2.24,98.4,107.07,13.29,10.87,1.02
和林微纳,sh688661,86.81,82.8,84.0,660080700.0,86.8,300,86.81,1200,4.84,89.88,83.17,660080700,577100000.0,4.35,8.1,131.85,131.85,99.36,66.24,1.72
联特科技,sz301205,243.85,248.39,246.0,11286100.0,243.85,4500,243.86,1600,-1.83,251.91,239.03,11286100,2764160000.0,13.53,5.19,203.38,316.38,298.07,198.71,1.08
天华新能,sz300390,68.3,62.0,62.37,103862300.0,68.3,39700,68.31,1300,10.16,71.18,61.81,103862300,6978960000.0,15.45,15.11,459.16,567.4,74.4,49.6,2.13
可川科技,sh603052,69.98,66.26,67.03,14192600.0,69.98,8800,69.99,700,5.61,71.0,64.67,14192600,960120000.0,7.55,9.55,131.49,131.49,72.89,59.63,1.72
华康洁净,sz301235,49.3,50.59,50.16,5012700.0,49.3,1900,49.33,100,-2.55,52.11,49.02,5012700,251270000.0,6.89,6.11,35.86,53.13,60.71,40.47,1.05
石大胜华,sh603026,85.16,77.42,78.11,27512500.0,85.16,1042200,0.0,0,10.0,85.16,77.77,27512500,2292920000.0,11.82,9.55,198.17,198.17,85.16,69.68,1.56
天宏锂电,bj920252,27.8,26.96,27.04,5410400.0,27.8,8100,27.81,2000,3.12,28.86,27.04,5410400,152938900.0,7.93,6.75,18.97,28.54,35.04,18.88,2.34
华瑞股份,sz300626,27.13,27.08,27.06,16650200.0,27.13,14700,27.17,100,0.18,28.1,26.36,16650200,456100000.0,9.26,6.43,48.81,48.83,32.5,21.66,0.79
京能电力,sh600578,5.18,5.17,5.18,20246400.0,5.17,217600,5.18,26100,0.19,5.25,5.16,20246400,105240000.0,0.3,1.74,346.78,346.78,5.69,4.65,0.66
山东黄金,sh600547,40.2,41.27,41.48,49376500.0,40.2,62900,40.21,1300,-2.59,41.6,40.12,49376500,2003620000.0,1.37,3.59,1453.01,1853.19,45.4,37.14,1.18
同惠电子,bj920509,29.41,29.32,29.52,1662900.0,29.4,6000,29.41,6300,0.31,29.87,29.33,1662900,49225300.0,1.98,1.84,24.7,47.15,38.11,20.53,0.98
博威合金,sh601137,20.06,19.35,19.55,22286700.0,20.06,3500,20.07,85400,3.67,20.29,19.53,22286700,445270000.0,2.43,3.93,184.11,184.25,21.29,17.42,1.35
四方达,sz300179,24.36,24.39,25.0,62898400.0,24.36,61100,24.37,5300,-0.12,25.43,24.03,62898400,1556030000.0,16.82,5.74,91.1,118.32,29.27,19.51,1.06
海博思创,sh688411,229.85,222.88,224.0,539426800.0,229.85,25400,229.86,200,3.13,236.6,224.0,539426800,1246340000.0,4.07,5.65,304.72,413.94,267.46,178.3,1.12
天振股份,sz301356,21.99,21.72,21.83,1175300.0,21.99,1100,22.0,800,1.24,22.26,21.72,1175300,25920000.0,2.14,2.49,12.05,47.5,26.06,17.38,0.94
艾可蓝,sz300816,72.17,72.03,72.97,1991100.0,72.17,31700,72.2,200,0.19,73.27,70.3,1991100,143040000.0,3.51,4.12,40.9,57.74,86.44,57.62,0.66
富祥药业,sz300497,18.43,18.23,18.34,52207900.0,18.42,53100,18.43,58800,1.1,18.97,18.24,52207900,969300000.0,11.84,4.0,81.25,99.27,21.88,14.58,0.85
云南锗业,sz002428,56.79,55.59,58.29,119213200.0,56.78,18500,56.79,20600,2.16,59.5,53.65,119213200,6717060000.0,18.26,10.52,370.86,370.91,61.15,50.03,1.28
中钨高新,sz000657,48.98,49.15,49.2,89839300.0,48.97,21100,48.98,151000,-0.35,49.87,47.2,89839300,4392120000.0,6.18,5.43,711.64,1116.06,54.07,44.24,1.63
泓禧科技,bj920857,25.29,25.0,24.57,1090400.0,25.29,1300,25.31,400,1.16,25.77,24.57,1090400,27749500.0,1.47,4.8,18.72,18.72,32.5,17.5,1.98
盛剑科技,sh603324,26.23,25.71,25.7,4691900.0,26.23,1400,26.24,1200,2.02,26.68,25.53,4691900,122670000.0,3.18,4.47,38.74,38.74,28.28,23.14,1.69
厦钨新能,sh688778,75.82,72.12,72.5,683019400.0,75.82,600,75.83,200,5.13,77.65,72.5,683019400,519420000.0,1.35,7.14,382.66,382.66,86.54,57.7,1.74
湖南裕能,sz301358,76.51,72.1,72.3,27835000.0,76.5,117200,76.51,1600,6.12,77.78,72.01,27835000,2107030000.0,3.66,8.0,581.43,645.24,86.52,57.68,1.65
万润新能,sh688275,124.51,113.72,114.7,864138000.0,124.5,4200,124.51,1700,9.49,125.79,112.89,864138000,1040540000.0,6.85,11.34,157.03,157.03,136.46,90.98,1.73
菲菱科思,sz301191,148.5,146.65,148.0,4956000.0,148.49,100,148.6,500,1.26,152.99,144.5,4956000,736380000.0,9.49,5.79,77.51,102.97,175.98,117.32,0.77
英诺激光,sz301021,58.79,59.16,60.0,5919100.0,58.79,13300,58.8,3600,-0.63,60.39,58.79,5919100,351930000.0,3.88,2.7,89.8,89.86,70.99,47.33,1.21
中材科技,sz002080,45.58,43.09,43.8,58364000.0,45.57,207200,45.58,6100,5.78,46.38,43.71,58364000,2651430000.0,3.48,6.2,764.89,764.89,47.4,38.78,1.68
茂莱光学,sh688502,351.0,344.43,346.96,156409300.0,350.99,200,351.0,3200,1.91,356.88,340.11,156409300,545050000.0,2.96,4.87,185.33,185.33,413.32,275.54,1.31
阿特斯,sh688472,13.2,12.96,13.07,4031841500.0,13.19,42800,13.2,116000,1.85,13.45,13.05,4031841500,535620000.0,2.99,3.09,177.89,480.89,15.55,10.37,1.09
恩捷股份,sz002812,66.79,65.82,65.51,36587100.0,66.79,53400,66.8,97800,1.47,67.95,65.13,36587100,2440800000.0,4.45,4.28,549.45,655.97,72.4,59.24,1.2
荣亿精密,bj920223,17.42,16.77,16.74,7102500.0,17.42,52500,17.43,1700,3.88,17.98,16.73,7102500,123437600.0,8.71,7.45,14.21,27.4,21.8,11.74,2.75
海峡股份,sz002320,8.51,8.41,8.48,14014200.0,8.51,33600,8.52,15100,1.19,8.59,8.45,14014200,119670000.0,0.63,1.66,190.22,190.22,9.25,7.57,0.93
山东赫达,sz002810,23.31,23.6,23.63,10186600.0,23.3,21500,23.31,10200,-1.23,23.7,23.02,10186600,238210000.0,3.15,2.88,75.43,81.4,25.96,21.24,0.59
东百集团,sh600693,11.21,11.16,11.2,17207300.0,11.21,66900,11.22,22700,0.45,11.33,11.12,17207300,193310000.0,1.98,1.88,97.41,97.51,12.28,10.04,0.81
海峡创新,sz300300,13.3,13.5,13.56,117040800.0,13.3,325700,13.31,118000,-1.48,14.1,13.05,117040800,1583010000.0,17.55,7.78,88.69,88.69,16.2,10.8,1.0
锦华新材,bj920015,39.99,38.86,39.25,1978800.0,39.99,600,40.0,4900,2.91,40.78,39.2,1978800,79173300.0,4.95,4.07,16.0,54.21,50.51,27.21,1.13
同宇新材,sz301630,238.0,233.9,236.77,2598600.0,238.0,1700,238.31,300,1.75,245.0,226.1,2598600,613950000.0,25.99,8.08,23.8,95.2,280.68,187.12,1.15
广钢气体,sh688548,23.93,24.23,23.9,1529490800.0,23.91,8600,23.93,41700,-1.24,24.62,23.78,1529490800,369200000.0,2.21,3.47,165.41,315.73,29.08,19.38,0.65
马钢股份,sh600808,4.08,4.1,4.11,66922300.0,4.08,29700,4.09,517000,-0.49,4.14,4.06,66922300,274160000.0,1.12,1.95,243.48,314.19,4.51,3.69,1.18
捷邦科技,sz301326,152.01,150.22,150.22,1507900.0,152.0,5300,152.01,400,1.19,153.9,150.22,1507900,228870000.0,2.09,2.45,109.53,110.53,180.26,120.18,0.95
华资实业,sh600191,12.02,12.01,12.34,4386700.0,12.02,800,12.03,5500,0.08,12.34,12.01,4386700,53260000.0,0.9,2.75,58.29,58.29,13.21,10.81,0.94
永太科技,sz002326,23.52,23.03,23.15,42201300.0,23.51,27900,23.52,24500,2.13,23.78,23.1,42201300,992160000.0,5.22,2.95,190.08,217.59,25.33,20.73,1.68
浩通科技,sz301026,29.18,28.81,28.98,3108700.0,29.16,2300,29.18,100,1.28,29.55,28.78,3108700,90970000.0,2.72,2.67,33.36,46.18,34.57,23.05,1.16
申菱环境,sz301018,109.54,104.3,106.59,17757900.0,109.52,100,109.54,100,5.02,114.24,105.04,17757900,1947360000.0,8.98,8.82,216.62,291.43,125.16,83.44,1.7
鼎胜新材,sh603876,24.21,23.71,23.71,32818700.0,24.2,32600,24.21,419400,2.11,24.31,23.37,32818700,783360000.0,3.53,3.96,224.98,224.98,26.08,21.34,1.04
英维克,sz002837,99.05,93.09,94.95,75955400.0,99.05,282900,99.06,6100,6.4,102.4,94.65,75955400,7546420000.0,8.93,8.33,842.12,967.28,102.4,83.78,2.17
赛恩斯,sh688480,87.91,84.7,85.6,434761300.0,87.91,7500,87.96,700,3.79,90.99,84.07,434761300,384810000.0,4.56,8.17,83.8,83.8,101.64,67.76,1.09
华光新材,sh688379,48.6,48.2,48.2,182649000.0,48.58,800,48.6,1500,0.83,49.8,47.88,182649000,89240000.0,2.03,3.98,43.78,46.16,57.84,38.56,1.41
英特科技,sz301399,22.84,22.14,22.35,9812900.0,22.84,16800,22.85,30500,3.16,23.64,22.35,9812900,226240000.0,17.94,5.83,12.49,42.26,26.57,17.71,1.09
德力股份,sz002571,12.05,12.03,12.16,5262800.0,12.05,30300,12.06,3300,0.17,12.28,12.04,5262800,63990000.0,1.76,2.0,35.95,47.23,13.23,10.83,0.71
新疆火炬,sh603080,21.3,21.08,21.27,1417700.0,21.29,900,21.3,2400,1.04,21.45,21.13,1417700,30250000.0,1.0,1.52,30.14,30.14,23.19,18.97,0.76
漱玉平民,sz301017,14.59,14.66,14.56,10021600.0,14.59,4200,14.6,36500,-0.48,14.83,14.32,10021600,146060000.0,3.87,3.48,37.74,59.18,17.59,11.73,0.46
菲利华,sz300395,101.14,97.98,99.45,32235400.0,101.14,46600,101.15,2200,3.23,104.2,99.42,32235400,3285260000.0,6.3,4.88,517.46,528.22,117.58,78.38,1.4
新宙邦,sz300037,63.77,60.06,60.22,37350200.0,63.76,7800,63.77,81700,6.18,64.95,60.22,37350200,2356280000.0,6.93,7.88,343.54,479.42,72.07,48.05,2.08
恒坤新材,sh688727,48.93,48.77,49.47,239261800.0,48.93,6700,48.94,6900,0.33,49.8,48.78,239261800,117920000.0,4.76,2.09,24.58,219.85,58.52,39.02,0.88
国城矿业,sz000688,41.03,39.86,40.4,29530700.0,41.01,200,41.03,32000,2.94,43.58,40.0,29530700,1232350000.0,2.49,8.98,486.23,486.23,43.85,35.87,1.25
沃尔德,sh688028,97.67,99.8,99.04,923361700.0,97.59,600,97.67,6100,-2.13,100.36,95.5,923361700,904080000.0,6.12,4.87,147.43,147.43,119.76,79.84,1.08
德福科技,sz301511,43.76,44.99,44.55,41650500.0,43.75,65700,43.76,1800,-2.73,45.22,43.43,41650500,1841990000.0,11.12,3.98,163.94,275.83,53.99,35.99,1.28
艾森股份,sh688720,74.8,76.1,76.41,400086400.0,74.8,3500,74.81,500,-1.71,77.88,74.59,400086400,303630000.0,7.1,4.32,42.18,65.92,91.32,60.88,1.06
康芝药业,sz300086,8.2,8.67,8.55,50315100.0,8.2,315500,8.21,52900,-5.42,8.58,8.13,50315100,416730000.0,11.42,5.19,36.14,37.32,10.4,6.94,0.67
盛屯矿业,sh600711,14.19,14.34,14.57,109454600.0,14.18,38000,14.19,49900,-1.05,14.6,14.17,109454600,1574510000.0,3.54,3.0,438.56,438.56,15.77,12.91,0.82
新莱应材,sz300260,48.98,48.75,49.57,13104900.0,48.97,33700,48.98,20600,0.47,50.35,48.96,13104900,650950000.0,4.56,2.85,140.88,199.74,58.5,39.0,1.61
奥克股份,sz300082,10.72,10.72,10.79,26704400.0,10.71,34200,10.72,69100,0.0,11.05,10.62,26704400,288920000.0,3.94,4.01,72.71,72.91,12.86,8.58,0.98
波长光电,sz301421,96.57,98.22,98.0,5976300.0,96.57,300,96.58,4000,-1.68,99.22,96.57,5976300,583590000.0,12.91,2.7,44.72,111.75,117.86,78.58,0.99
佛塑科技,sz000973,18.12,17.41,17.53,77965400.0,18.12,256200,18.13,25900,4.08,18.18,17.14,77965400,1382540000.0,8.06,5.97,175.3,445.43,19.15,15.67,1.35
厦门钨业,sh600549,58.67,58.39,59.4,52174800.0,58.66,113000,58.67,4600,0.48,60.31,57.91,52174800,3085010000.0,3.36,4.11,911.69,931.44,64.23,52.55,1.09
博苑股份,sz301617,57.48,55.5,56.02,2923900.0,57.48,18000,57.49,1200,3.57,59.25,56.02,2923900,168850000.0,5.51,5.82,30.49,76.82,66.6,44.4,1.76
威尔高,sz301251,66.21,64.79,64.38,7899600.0,66.21,22900,66.25,2200,2.19,68.05,64.0,7899600,525360000.0,14.63,6.25,35.75,89.18,77.75,51.83,1.25
捷众科技,bj920690,24.74,24.13,24.17,1089700.0,24.71,2000,24.74,4500,2.53,24.8,24.0,1089700,26078800.0,2.53,3.32,10.66,16.4,31.36,16.9,1.44
矩阵股份,sz301365,30.77,31.11,31.3,4741200.0,30.76,600,30.77,30400,-1.09,31.66,30.56,4741200,147090000.0,4.68,3.54,31.2,55.39,37.33,24.89,0.71
长缆科技,sz002879,20.81,20.48,20.68,3921700.0,20.8,7700,20.81,400,1.61,21.18,20.59,3921700,81790000.0,2.84,2.88,28.69,40.19,22.53,18.43,0.71
华自科技,sz300490,17.64,17.13,17.33,26835700.0,17.63,23500,17.64,70100,2.98,17.97,17.21,26835700,471280000.0,6.82,4.44,69.37,70.33,20.56,13.7,1.17
国林科技,sz300786,15.22,14.91,15.15,8161200.0,15.22,9900,15.23,500,2.08,15.79,15.0,8161200,125660000.0,5.58,5.3,22.27,28.01,17.89,11.93,1.71
浦东建设,sh600284,7.05,7.04,7.05,7606800.0,7.04,5400,7.05,38000,0.14,7.16,7.02,7606800,53850000.0,0.78,1.99,68.4,68.4,7.74,6.34,0.98
戎美股份,sz301088,14.28,14.18,14.3,1202700.0,14.28,1200,14.29,2700,0.71,14.46,14.22,1202700,17250000.0,0.64,1.69,26.82,32.54,17.02,11.34,0.78
美联新材,sz300586,9.48,9.36,9.4,11802600.0,9.48,40500,9.49,2800,1.28,9.62,9.33,11802600,112110000.0,2.21,3.1,50.68,67.42,11.23,7.49,1.01
芳源股份,sh688148,8.58,8.14,8.16,2472768800.0,8.57,3800,8.58,164400,5.41,8.67,8.16,2472768800,211180000.0,4.85,6.27,43.77,43.77,9.77,6.51,1.99
科创新源,sz300731,69.26,66.23,66.23,8831600.0,69.26,12000,69.27,12500,4.57,70.65,65.63,8831600,610270000.0,7.35,7.58,83.24,87.71,79.48,52.98,1.01
鼎信通讯,sh603421,8.41,8.68,8.76,30612000.0,8.41,99100,8.42,12000,-3.11,8.79,8.35,30612000,259610000.0,4.69,5.07,54.85,54.85,9.55,7.81,0.79
ST围海,sz002586,4.74,4.78,4.81,9181100.0,4.73,101500,4.74,39300,-0.84,4.87,4.72,9181100,44020000.0,0.84,3.14,51.55,54.24,5.02,4.54,1.17
劲拓股份,sz300400,26.38,27.37,27.24,18460900.0,26.38,1400,26.39,1200,-3.62,27.36,26.27,18460900,489900000.0,7.69,3.98,63.29,64.0,32.84,21.9,0.72
杰美特,sz300868,64.21,57.27,57.38,9386700.0,64.2,200,64.43,1000,12.12,66.66,54.5,9386700,568210000.0,11.62,21.23,51.86,82.16,68.72,45.82,2.04
嘉元科技,sh688388,45.98,45.16,45.45,2965781100.0,45.98,7400,45.99,14200,1.82,46.55,44.42,2965781100,1353030000.0,6.51,4.72,209.52,209.52,54.19,36.13,1.38
康欣新材,sh600076,3.63,3.61,3.65,27420200.0,3.63,336300,3.64,52900,0.55,3.81,3.63,27420200,101610000.0,2.04,4.99,48.81,48.81,3.97,3.25,1.59
龙图光罩,sh688721,39.44,39.03,39.55,87162000.0,39.44,2200,39.45,2200,1.05,39.9,39.26,87162000,34540000.0,1.63,1.64,21.09,52.65,46.84,31.22,0.93
*ST熊猫,sh600599,4.56,4.8,4.56,9931900.0,4.56,227400,4.57,16100,-5.0,5.04,4.56,9931900,46780000.0,5.98,10.0,7.57,7.57,5.04,4.56,6.11
*ST返利,sh600228,6.22,5.94,5.92,15164900.0,6.22,151300,6.23,42800,4.71,6.24,5.91,15164900,93650000.0,3.65,5.56,25.88,25.92,6.24,5.64,2.17
统联精密,sh688210,45.6,44.48,44.92,425291900.0,45.56,1000,45.6,14200,2.52,45.6,43.89,425291900,190360000.0,2.63,3.84,73.81,73.81,53.38,35.58,1.4
*ST宇顺,sz002289,26.51,26.42,26.52,1280900.0,26.51,12300,26.52,1000,0.34,26.6,26.06,1280900,33640000.0,0.46,2.04,74.22,74.3,27.74,25.1,1.08
*ST松发,sh603268,117.01,120.23,120.11,8374100.0,117.01,8600,117.05,500,-2.68,121.47,114.22,8374100,969790000.0,3.59,6.03,272.93,1135.91,126.24,114.22,1.95
*ST荣控,sz000668,14.71,14.81,14.8,3677000.0,14.71,29000,14.73,6600,-0.68,15.42,14.58,3677000,54890000.0,2.5,5.67,21.6,21.6,15.55,14.07,2.55
中国巨石,sh600176,29.19,28.0,29.34,115184300.0,29.19,191600,29.2,561300,4.25,29.85,28.1,115184300,3351860000.0,2.88,6.25,1168.52,1168.52,30.8,25.2,1.39
*ST万方,sz000638,0.94,0.99,0.94,1391800.0,0.0,0,0.94,33081100,-5.05,0.94,0.94,1391800,1310000.0,0.45,0.0,2.92,2.93,1.04,0.94,0.76
南山铝业,sh600219,6.24,6.32,6.35,161625100.0,6.24,897300,6.25,962400,-1.27,6.36,6.23,161625100,1015060000.0,1.41,2.06,716.58,716.58,6.95,5.69,0.75
*ST建艺,sz002789,12.0,12.02,12.15,1679100.0,11.98,3300,12.0,3600,-0.17,12.15,11.8,1679100,20000000.0,1.07,2.91,18.78,19.15,12.62,11.42,0.7
中矿资源,sz002738,77.76,78.0,75.0,43722700.0,77.75,2800,77.76,700,-0.31,79.2,74.11,43722700,3374880000.0,6.15,6.53,553.05,561.03,85.8,70.2,1.87
天普股份,sh605255,105.31,95.74,96.19,2453000.0,105.31,212700,0.0,0,10.0,105.31,95.74,2453000,248880000.0,1.83,10.0,141.2,141.2,105.31,86.17,1.68
孚日股份,sz002083,12.82,12.0,12.1,91922300.0,12.82,160300,12.83,98600,6.83,13.08,12.1,91922300,1166070000.0,9.71,8.17,121.32,121.36,13.2,10.8,1.7
*ST步森,sz002569,13.74,13.85,13.87,2906700.0,13.69,19900,13.74,4300,-0.79,14.12,13.48,2906700,40380000.0,2.08,4.62,19.23,19.79,14.54,13.16,1.97
川环科技,sz300547,39.58,41.41,43.8,39217500.0,39.58,22500,39.59,10000,-4.42,44.8,39.3,39217500,1625510000.0,22.0,13.28,70.54,85.85,49.69,33.13,1.55
*ST岩石,sh600696,1.26,1.32,1.25,8869500.0,1.25,338600,1.26,66600,-4.55,1.32,1.25,8869500,11170000.0,2.65,5.3,4.21,4.21,1.39,1.25,1.8
ST西发,sz000752,8.84,8.65,8.56,8597800.0,8.84,36300,8.85,21600,2.2,9.01,8.56,8597800,76090000.0,3.26,5.2,23.32,23.32,9.08,8.22,0.91
尚太科技,sz001301,74.38,73.1,73.9,6402400.0,74.38,3100,74.39,15900,1.75,75.79,73.28,6402400,477680000.0,3.44,3.43,138.39,193.98,80.41,65.79,1.49
星环科技-U,sh688031,136.16,136.33,136.5,501685300.0,136.16,1600,136.18,200,-0.12,140.5,136.0,501685300,692300000.0,4.14,3.3,164.94,164.94,163.6,109.06,0.66
*ST云网,sz002306,2.49,2.54,2.51,49642200.0,2.48,200400,2.49,27900,-1.97,2.62,2.47,49642200,125690000.0,6.1,5.91,20.27,21.66,2.67,2.41,1.3
太极实业,sh600667,9.52,9.63,9.8,116035600.0,9.51,387900,9.52,614500,-1.14,9.93,9.5,116035600,1122820000.0,5.55,4.47,199.11,199.11,10.59,8.67,0.97
世名科技,sz300522,13.02,12.18,12.39,18407100.0,13.02,8000,13.03,27500,6.9,13.29,12.22,18407100,236860000.0,7.0,8.78,34.26,41.98,14.62,9.74,2.49
*ST精伦,sh600355,0.58,0.58,0.0,0.0,0.0,0,0.0,0,0.0,0.0,0.0,0,0.0,0.0,0.0,2.85,2.85,0.61,0.55,0.0
*ST惠程,sz002168,4.06,4.04,4.07,5541600.0,4.05,114500,4.06,80200,0.5,4.07,4.01,5541600,22350000.0,0.71,1.49,31.84,31.84,4.24,3.84,0.55
中一科技,sz301150,57.73,57.32,57.08,15601300.0,57.73,65900,57.74,1700,0.72,59.86,56.41,15601300,908120000.0,7.01,6.02,128.5,134.65,68.78,45.86,1.47
银座股份,sh600858,5.7,5.61,5.67,6773600.0,5.7,15500,5.71,114600,1.6,5.76,5.64,6773600,38750000.0,1.31,2.14,29.5,29.64,6.17,5.05,1.01
*ST奥维,sz002231,0.6,0.6,0.0,0.0,0.0,0,0.0,0,0.0,0.0,0.0,0,0.0,0.0,0.0,1.85,2.08,-1.0,-1.0,0.0
盛新锂能,sz002240,40.78,39.0,39.2,61698300.0,40.77,220700,40.78,30000,4.56,41.0,38.97,61698300,2485510000.0,6.76,5.21,372.28,373.26,42.9,35.1,1.44
耀皮玻璃,sh600819,7.03,6.9,6.97,4879700.0,7.02,64000,7.03,7000,1.88,7.13,6.94,4879700,34450000.0,0.65,2.75,52.54,68.67,7.59,6.21,0.66
梅轮电梯,sh603321,7.47,7.31,7.36,4331600.0,7.47,12200,7.48,1000,2.19,7.59,7.3,4331600,32490000.0,1.26,3.97,25.74,26.06,8.04,6.58,0.97
平安电工,sz001359,75.85,74.71,75.11,1130100.0,75.83,3700,75.85,9800,1.53,76.66,74.78,1130100,86040000.0,2.44,2.52,35.18,140.7,82.18,67.24,1.03
先导智能,sz300450,52.31,50.28,50.97,70151500.0,52.3,26700,52.31,5100,4.04,53.26,50.95,70151500,3669010000.0,4.5,4.59,815.73,875.79,60.34,40.22,1.69
世龙实业,sz002748,12.13,11.75,11.76,6158300.0,12.12,3000,12.13,98800,3.23,12.19,11.72,6158300,74120000.0,2.57,4.0,29.11,29.11,12.93,10.58,1.44
东方铁塔,sz002545,22.78,22.72,22.75,13464600.0,22.77,13800,22.78,6500,0.26,23.3,22.22,13464600,308130000.0,1.19,4.75,257.45,283.4,24.99,20.45,1.0
银河微电,sh688689,36.18,35.54,36.0,373445100.0,36.18,800,36.2,1000,1.8,37.48,35.95,373445100,136600000.0,2.9,4.31,46.64,46.64,42.65,28.43,1.03
北方华创,sz002371,476.89,472.84,475.0,7758300.0,476.89,100,476.9,3100,0.86,484.41,475.0,7758300,3723640000.0,1.07,1.99,3453.89,3456.65,520.12,425.56,0.92
隆扬电子,sz301389,54.33,54.4,54.04,8148800.0,54.33,21800,54.35,6400,-0.13,55.38,54.0,8148800,445440000.0,9.64,2.54,45.95,154.03,65.28,43.52,0.99
成都华微,sh688709,44.33,44.49,44.99,688293500.0,44.32,20300,44.33,9200,-0.36,45.76,44.31,688293500,310020000.0,3.1,3.26,98.3,282.31,53.39,35.59,1.37
科瑞技术,sz002957,37.6,37.57,37.37,44667700.0,37.6,10300,37.61,300,0.08,39.21,37.37,44667700,1698240000.0,10.67,4.9,157.42,157.91,41.33,33.81,1.23
星德胜,sh603344,27.63,27.12,27.36,1369400.0,27.63,100,27.64,4500,1.88,27.95,27.35,1369400,37950000.0,2.53,2.21,14.93,53.75,29.83,24.41,1.31
中科飞测,sh688361,170.72,170.79,174.2,504051300.0,170.72,9100,170.9,400,-0.04,178.85,170.35,504051300,875640000.0,2.03,4.98,423.88,597.8,204.95,136.63,1.08
上海港湾,sh605598,47.22,47.42,47.73,3023800.0,47.22,400,47.23,4200,-0.42,48.63,47.13,3023800,144350000.0,1.24,3.16,114.75,114.75,52.16,42.68,1.04
兴瑞科技,sz002937,30.6,29.65,29.6,9489600.0,30.58,300,30.6,17100,3.2,31.05,29.5,9489600,289620000.0,3.2,5.23,90.87,91.12,32.62,26.69,1.4
德科立,sh688205,236.3,243.0,248.4,1594361700.0,236.24,2600,236.3,1000,-2.76,252.63,230.5,1594361700,3794110000.0,10.07,9.11,374.03,374.03,291.6,194.4,1.08
华丰科技,sh688629,125.57,126.81,127.0,1767354200.0,125.56,9400,125.57,12100,-0.98,129.08,124.34,1767354200,2231910000.0,9.72,3.74,228.26,578.87,152.17,101.45,0.86
海通发展,sh603162,14.04,14.64,14.45,17380000.0,14.04,224900,14.05,28900,-4.1,14.53,13.87,17380000,245040000.0,6.22,4.51,39.23,130.31,16.1,13.18,1.16
高德红外,sz002414,13.54,13.33,13.45,44644200.0,13.54,102900,13.55,17700,1.58,13.74,13.41,44644200,607540000.0,1.31,2.48,460.17,578.26,14.66,12.0,1.01
贝特瑞,bj920185,30.08,29.01,29.3,9525600.0,30.07,28300,30.08,3000,3.69,30.34,29.04,9525600,286214000.0,0.85,4.48,336.19,342.37,37.71,20.31,1.89
凯格精机,sz301338,160.44,162.0,164.92,7111900.0,160.42,700,160.45,500,-0.96,165.68,152.02,7111900,1134980000.0,12.02,8.43,94.9,170.71,194.4,129.6,1.05
和远气体,sz002971,31.03,30.61,30.66,4779500.0,31.03,20700,31.04,8100,1.37,31.7,30.56,4779500,149560000.0,2.97,3.72,49.96,65.71,33.67,27.55,0.98
大族数控,sz301200,181.82,182.89,184.72,6027800.0,181.82,100,181.85,100,-0.59,187.5,180.01,6027800,1098980000.0,1.43,4.1,766.16,879.15,219.47,146.31,1.22
九州一轨,sh688485,40.5,39.7,38.9,1862527200.0,40.5,25000,40.51,200,2.02,41.6,38.0,1862527200,738480000.0,20.98,9.07,35.95,60.87,47.64,31.76,1.05
宝武镁业,sz002182,16.16,16.22,16.4,20239800.0,16.16,34600,16.18,21300,-0.37,16.55,16.13,20239800,331480000.0,2.34,2.59,139.87,160.27,17.84,14.6,1.01
立高食品,sz300973,33.18,32.84,32.96,1418000.0,33.17,14000,33.18,16700,1.04,33.55,32.92,1418000,47140000.0,1.2,1.92,39.34,56.19,39.41,26.27,0.8
淳中科技,sh603516,148.66,148.23,149.7,7603900.0,148.65,1400,148.67,10000,0.29,154.0,145.87,7603900,1140110000.0,3.74,5.48,302.18,302.18,163.05,133.41,1.21
生物股份,sh600201,14.96,15.11,15.26,27875700.0,14.96,37300,14.97,245700,-0.99,15.37,14.9,27875700,421090000.0,2.51,3.11,166.32,166.32,16.62,13.6,1.06
苏大维格,sz300331,43.53,45.0,43.0,16239300.0,43.53,14800,43.54,36400,-3.27,44.57,40.18,16239300,703840000.0,7.73,9.76,91.51,113.03,54.0,36.0,2.16
中百集团,sz000759,5.5,5.43,5.45,14106300.0,5.5,63200,5.51,109900,1.29,5.57,5.45,14106300,77930000.0,2.15,2.21,36.06,36.44,5.97,4.89,1.12
国盾量子,sh688027,550.72,546.35,553.93,223354900.0,550.72,11600,550.73,300,0.8,563.89,550.15,223354900,1242190000.0,2.78,2.51,442.64,566.48,655.62,437.08,1.09
龙蟠科技,sh603906,22.1,22.03,22.0,45647000.0,22.1,39000,22.11,3400,0.32,22.96,21.8,45647000,1021080000.0,8.08,5.27,124.88,151.4,24.23,19.83,1.13
利元亨,sh688499,49.68,46.99,47.46,630999400.0,49.65,2300,49.68,11700,5.72,50.18,47.33,630999400,311190000.0,3.74,6.07,83.82,83.82,56.39,37.59,1.7
华正新材,sh603186,72.93,74.01,74.15,13927700.0,72.92,8200,72.93,6200,-1.46,75.6,71.72,13927700,1027700000.0,8.88,5.24,114.35,114.35,81.41,66.61,1.0
白云电器,sh603861,16.91,17.02,17.2,16537800.0,16.9,10400,16.91,54700,-0.65,17.25,16.69,16537800,280570000.0,3.13,3.29,89.38,91.4,18.72,15.32,1.16
皖能电力,sz000543,8.09,8.04,8.06,23589000.0,8.09,23400,8.1,623600,0.62,8.11,8.05,23589000,190840000.0,1.04,0.75,183.39,183.39,8.84,7.24,0.61
龙高股份,sh605086,34.84,35.23,35.85,1389100.0,34.82,2400,34.84,7500,-1.11,36.06,34.81,1389100,49320000.0,0.78,3.55,62.43,62.43,38.75,31.71,1.35
普蕊斯,sz301257,59.92,59.08,59.44,2647000.0,59.92,1300,59.93,8300,1.42,62.0,58.68,2647000,158870000.0,3.51,5.62,45.13,47.34,70.9,47.26,0.86
安达科技,bj920809,7.58,7.4,7.56,24025500.0,7.57,49300,7.58,77800,2.43,7.75,7.45,24025500,183137100.0,5.23,4.05,34.8,45.41,9.62,5.18,1.7
艾迪药业,sh688488,18.48,18.53,18.5,1699310600.0,18.47,6800,18.48,93400,-0.27,19.0,17.85,1699310600,313480000.0,4.04,6.21,77.76,77.76,22.24,14.82,0.66
松霖科技,sh603992,32.49,32.6,32.93,4535400.0,32.49,20400,32.5,2700,-0.34,33.19,32.14,4535400,148060000.0,1.02,3.22,143.94,143.94,35.86,29.34,0.59
欧科亿,sh688308,95.4,98.59,100.0,1354138600.0,95.4,9600,95.47,2200,-3.24,101.0,93.3,1354138600,1307540000.0,8.53,7.81,151.48,151.48,118.31,78.87,1.29
信德新材,sz301349,58.91,59.16,58.1,9102400.0,58.91,900,58.93,300,-0.42,60.24,57.0,9102400,534290000.0,8.92,5.48,60.09,60.09,70.99,47.33,1.25
*ST聆达,sz300125,8.98,8.75,8.74,6780800.0,8.97,34800,8.98,48900,2.63,9.0,8.72,6780800,60260000.0,1.88,3.2,32.4,59.79,10.5,7.0,1.47
百奥泰,sh688177,23.07,22.6,22.59,320255200.0,23.07,700,23.08,2500,2.08,23.32,22.44,320255200,73680000.0,0.77,3.89,95.53,95.53,27.12,18.08,1.19
菲林格尔,sh603226,39.45,39.92,40.4,4819200.0,39.44,200,39.45,2300,-1.18,40.67,39.01,4819200,190940000.0,1.36,4.16,140.24,140.24,43.91,35.93,0.94
*ST智胜,sz002253,10.87,11.16,11.18,6053800.0,10.86,30500,10.87,78000,-2.6,11.34,10.85,6053800,67050000.0,2.91,4.39,22.64,24.53,11.72,10.6,1.66
中富电路,sz300814,97.62,94.23,94.53,11815800.0,97.62,3400,97.63,5100,3.6,100.36,94.0,11815800,1149010000.0,6.17,6.75,186.87,186.87,113.08,75.38,1.27
炬华科技,sz300360,16.28,16.06,16.13,6262900.0,16.27,22500,16.28,5000,1.37,16.48,16.13,6262900,102330000.0,1.25,2.18,81.45,83.71,19.27,12.85,1.03
中能电气,sz300062,7.69,7.65,7.71,15183600.0,7.68,36400,7.69,143400,0.52,7.82,7.69,15183600,117760000.0,3.31,1.7,35.25,48.44,9.18,6.12,0.63
益诺思,sh688710,70.11,69.28,69.7,175817200.0,70.11,1600,70.13,1300,1.2,72.99,68.4,175817200,123450000.0,1.94,6.63,63.59,98.84,83.14,55.42,0.77
海目星,sh688559,55.2,52.83,53.47,742707000.0,55.18,1800,55.2,75800,4.49,55.45,53.0,742707000,406060000.0,3.0,4.64,136.76,136.76,63.4,42.26,1.29
工业富联,sh601138,56.52,55.02,55.6,190944100.0,56.52,731600,56.53,165400,2.73,57.27,55.33,190944100,10791050000.0,0.96,3.53,11215.88,11215.88,60.52,49.52,1.21
赛微电子,sz300456,52.64,53.9,53.8,75977200.0,52.63,46100,52.64,11700,-2.34,55.39,52.59,75977200,4069390000.0,12.72,5.19,314.5,385.44,64.68,43.12,0.94
唯万密封,sz301161,30.7,30.39,30.68,2170500.0,30.69,2400,30.7,5400,1.02,31.3,30.51,2170500,67220000.0,1.81,2.6,36.84,36.84,36.47,24.31,1.0
雅化集团,sz002497,24.19,23.31,23.31,60006400.0,24.18,27100,24.19,222500,3.78,24.59,23.01,60006400,1447470000.0,5.67,6.78,256.06,278.8,25.64,20.98,1.54
丰元股份,sz002805,17.31,16.92,16.92,16082500.0,17.3,3100,17.31,9900,2.3,17.59,16.92,16082500,279260000.0,5.77,3.96,48.22,48.48,18.61,15.23,1.13
天力锂能,sz301152,28.7,27.86,28.5,7180300.0,28.69,1000,28.7,21100,3.02,29.83,28.32,7180300,208690000.0,10.11,5.42,20.38,34.08,33.43,22.29,1.96
完美世界,sz002624,20.05,20.06,20.05,64039600.0,20.05,110600,20.06,69300,-0.05,20.64,19.99,64039600,1301830000.0,3.5,3.24,366.46,388.96,22.07,18.05,0.89
黄河旋风,sh600172,8.44,8.43,8.5,137847400.0,8.43,300800,8.44,1431800,0.12,8.79,8.32,137847400,1181770000.0,10.8,5.58,107.72,121.72,9.27,7.59,1.25
道氏技术,sz300409,26.61,25.66,25.95,36719000.0,26.6,211500,26.61,107800,3.7,27.11,25.95,36719000,981970000.0,5.34,4.52,182.94,208.16,30.79,20.53,1.92
潮宏基,sz002345,10.72,10.64,10.75,15673700.0,10.72,86600,10.73,45300,0.75,10.85,10.64,15673700,168560000.0,1.81,1.97,92.97,95.25,11.7,9.58,1.01
阿石创,sz300706,37.84,37.18,37.35,20917600.0,37.84,70900,37.85,2700,1.78,40.0,37.35,20917600,816430000.0,18.4,7.13,43.01,58.01,44.62,29.74,1.6
芯碁微装,sh688630,247.5,244.9,244.9,766020800.0,247.4,200,247.5,4600,1.06,254.97,238.37,766020800,1877540000.0,5.81,6.78,326.06,326.06,293.88,195.92,1.08
阿为特,bj920693,26.81,27.16,26.85,1318300.0,26.81,6900,26.85,700,-1.29,27.25,26.56,1318300,35448500.0,3.6,2.54,9.82,19.49,35.3,19.02,1.8
思泉新材,sz301489,186.65,185.12,192.0,3727500.0,186.64,1700,186.65,2100,0.83,192.39,184.71,3727500,701000000.0,7.83,4.15,88.85,150.73,222.14,148.1,1.15
多瑞医药,sz301075,65.73,63.3,64.31,1773800.0,65.7,400,65.73,5400,3.84,68.32,62.86,1773800,117740000.0,2.22,8.63,52.58,52.58,75.96,50.64,1.41
*ST大立,sz002214,18.85,18.63,18.8,3443200.0,18.84,18700,18.85,37700,1.18,18.86,18.5,3443200,64440000.0,0.72,1.93,90.18,112.85,19.56,17.7,1.7
矽电股份,sz301629,260.56,257.53,261.97,984100.0,260.56,300,260.69,100,1.18,264.5,258.5,984100,256990000.0,5.13,2.33,50.02,108.72,309.04,206.02,1.16
博汇科技,sh688004,22.14,21.87,22.0,105226100.0,22.1,1200,22.14,300,1.23,22.44,21.9,105226100,23360000.0,1.31,2.47,17.73,17.73,26.24,17.5,0.62
七彩化学,sz300758,13.83,13.77,13.8,8414700.0,13.82,76200,13.83,9600,0.44,14.0,13.75,8414700,116900000.0,2.34,1.82,49.75,55.2,16.52,11.02,0.75
联化科技,sz002250,16.52,16.23,16.25,16079400.0,16.51,79400,16.52,23200,1.79,16.8,16.16,16079400,265680000.0,1.8,3.94,147.85,148.66,17.85,14.61,1.16
南风股份,sz300004,13.84,13.83,13.86,18837900.0,13.83,60900,13.84,28400,0.07,14.61,13.82,18837900,266050000.0,3.92,5.71,66.43,66.43,16.6,11.06,1.43
科源制药,sz301281,34.79,34.12,34.18,3912200.0,34.78,1200,34.79,2800,1.96,35.2,33.64,3912200,134650000.0,5.51,4.57,24.68,37.67,40.94,27.3,1.0
平潭发展,sz000592,11.43,11.91,11.91,405271600.0,11.43,3978400,11.44,169500,-4.03,12.26,11.31,405271600,4712150000.0,21.16,7.98,218.9,220.8,13.1,10.72,1.17
凯立新材,sh688269,38.51,38.22,38.4,110010700.0,38.51,800,38.53,300,0.76,39.21,38.36,110010700,42670000.0,0.84,2.22,50.33,50.33,45.86,30.58,0.94
亿纬锂能,sz300014,69.08,65.11,66.0,106991100.0,69.08,8000,69.09,12200,6.1,70.75,65.65,106991100,7367040000.0,5.25,7.83,1406.79,1448.8,78.13,52.09,1.86
莱美药业,sz300006,5.78,5.88,5.86,72154300.0,5.78,22300,5.79,50800,-1.7,5.95,5.72,72154300,419750000.0,6.83,3.91,61.03,61.03,7.06,4.7,0.46
江海股份,sz002484,29.75,30.89,30.48,53686800.0,29.75,10800,29.76,3700,-3.69,30.79,29.56,53686800,1613280000.0,6.54,3.98,244.09,253.03,33.98,27.8,2.07
明阳智能,sh601615,16.55,16.33,16.66,72074000.0,16.54,100400,16.55,23900,1.35,17.08,16.41,72074000,1206560000.0,3.19,4.1,374.28,374.28,17.96,14.7,1.03
*ST沐邦,sh603398,12.35,12.61,12.69,13586200.0,12.35,40400,12.36,23800,-2.06,13.0,12.16,13586200,171390000.0,3.13,6.66,53.55,53.55,13.24,11.98,1.99
昇兴股份,sz002752,6.54,6.76,6.7,46403800.0,6.54,211300,6.55,252900,-3.25,6.81,6.53,46403800,309290000.0,4.76,4.14,63.8,63.89,7.44,6.08,1.12
微导纳米,sh688147,67.88,66.68,68.2,642711800.0,67.87,300,67.88,700,1.8,69.91,67.59,642711800,441260000.0,1.39,3.48,313.03,313.03,80.02,53.34,1.01
德方纳米,sz300769,44.93,42.45,42.96,31484000.0,44.92,23600,44.93,49700,5.84,46.4,42.79,31484000,1420030000.0,12.51,8.5,113.11,125.89,50.94,33.96,2.36
北京君正,sz300223,111.56,109.49,111.0,21406400.0,111.55,19800,111.56,5400,1.89,113.2,110.92,21406400,2398930000.0,5.09,2.08,469.19,538.32,131.39,87.59,1.3
天齐锂业,sz002466,59.64,57.65,58.0,76297100.0,59.63,67300,59.64,164800,3.45,60.66,57.88,76297100,4538740000.0,5.17,4.82,880.05,1017.6,63.42,51.89,1.64
腾远钴业,sz301219,64.5,62.9,63.38,6081000.0,64.49,34800,64.5,17400,2.54,65.15,63.13,6081000,391950000.0,2.1,3.21,186.38,190.09,75.48,50.32,1.51
罗博特科,sz300757,494.0,488.25,497.52,7174500.0,493.99,800,494.0,2100,1.18,501.9,483.38,7174500,3527790000.0,4.76,3.79,744.22,827.98,585.9,390.6,0.8
兴图新科,sh688081,41.6,41.99,42.5,189976800.0,41.6,12700,41.62,300,-0.93,43.41,41.3,189976800,80140000.0,1.84,5.03,42.86,42.86,50.39,33.59,1.09
国际复材,sz301526,12.78,12.52,12.85,249554200.0,12.77,180400,12.78,662200,2.08,13.74,12.78,249554200,3290710000.0,17.77,7.67,179.48,481.92,15.02,10.02,1.85
剑桥科技,sh603083,116.24,115.55,116.81,28746400.0,116.23,2200,116.24,50400,0.6,117.88,114.32,28746400,3334960000.0,10.43,3.08,320.34,409.92,127.11,104.0,1.03
凌玮科技,sz301373,82.58,81.33,81.76,10030600.0,82.58,14600,82.59,200,1.54,87.57,79.7,10030600,831520000.0,26.07,9.68,31.77,89.58,97.6,65.06,1.25
建投能源,sz000600,9.04,8.95,9.03,18243000.0,9.04,39500,9.05,108500,1.01,9.12,8.94,18243000,165080000.0,1.67,2.01,98.54,163.01,9.85,8.06,0.69
璞泰来,sh603659,33.65,31.91,32.0,90468800.0,33.64,92800,33.65,56300,5.45,34.38,31.91,90468800,3029210000.0,4.23,7.74,718.9,718.9,35.1,28.72,1.59
安集科技,sh688019,265.27,268.72,269.9,241821000.0,264.87,200,265.27,1300,-1.28,273.66,264.4,241821000,649210000.0,1.38,3.45,464.21,464.21,322.46,214.98,1.04
浙江美大,sz002677,7.77,7.7,7.79,4833700.0,7.76,169400,7.77,37800,0.91,7.84,7.74,4833700,37640000.0,0.9,1.3,41.56,50.2,8.47,6.93,0.96
*ST金刚,sz300093,18.86,18.91,19.01,3338900.0,18.86,17800,18.88,3200,-0.26,19.28,18.8,3338900,63200000.0,1.45,2.54,43.56,101.84,22.69,15.13,0.74
蓝丰生化,sz002513,6.09,6.1,6.16,7043500.0,6.09,3000,6.1,13300,-0.16,6.19,6.06,7043500,43080000.0,2.44,2.13,17.6,22.87,6.71,5.49,0.81
宏达股份,sh600331,16.08,16.56,16.6,67738900.0,16.07,154200,16.08,85800,-2.9,16.72,16.01,67738900,1107830000.0,3.33,4.29,326.75,424.77,18.22,14.9,1.06
浙江世宝,sz002703,19.39,19.17,19.4,24550800.0,19.39,114200,19.4,146400,1.15,19.75,19.25,24550800,478540000.0,4.19,2.61,113.63,159.51,21.09,17.25,0.69
中孚实业,sh600595,8.1,8.38,8.41,52787100.0,8.1,131600,8.11,43000,-3.34,8.41,8.07,52787100,433670000.0,1.32,4.06,324.64,324.64,9.22,7.54,0.82
惠威科技,sz002888,18.52,18.33,18.49,2154000.0,18.51,3000,18.52,2300,1.04,18.67,18.28,2154000,39900000.0,2.87,2.13,13.88,27.34,20.16,16.5,1.06
惠丰钻石,bj920725,30.03,30.26,30.3,2084500.0,29.98,8500,30.03,7500,-0.76,30.8,29.9,2084500,63298700.0,4.95,2.97,12.64,27.41,39.33,21.19,1.0
曙光数创,bj920808,75.0,71.35,73.09,4177700.0,74.9,200,75.0,15800,5.12,77.98,73.09,4177700,315609300.0,2.15,6.85,145.93,150.0,92.75,49.95,2.43
胜宏科技,sz300476,289.77,278.02,281.0,48451700.0,289.77,1800,289.78,20000,4.23,295.8,278.99,48451700,14027180000.0,5.65,6.05,2483.27,2528.41,333.62,222.42,1.48
新筑股份,sz002480,6.04,6.04,6.07,7583300.0,6.04,79100,6.05,267900,0.0,6.16,6.03,7583300,46130000.0,0.99,2.15,46.37,46.46,6.64,5.44,0.65
海南机场,sh600515,3.63,3.61,3.63,53752500.0,3.63,181500,3.64,2343500,0.55,3.67,3.62,53752500,195950000.0,0.59,1.39,333.09,414.74,3.97,3.25,0.76
龙竹科技,bj920445,9.96,9.86,9.88,1185500.0,9.95,16300,9.96,56500,1.01,10.05,9.86,1185500,11832400.0,1.13,1.93,10.47,14.73,12.81,6.91,0.63
今创集团,sh603680,12.98,12.89,12.9,1913100.0,12.97,6500,12.98,46600,0.7,13.1,12.9,1913100,24870000.0,0.24,1.55,101.73,101.73,14.18,11.6,0.72
永杰新材,sh603271,47.92,47.93,48.0,2359400.0,47.91,700,47.94,100,-0.02,48.35,47.47,2359400,113150000.0,2.49,1.84,45.32,94.27,52.72,43.14,0.74
澄星股份,sh600078,12.44,11.89,11.9,49781800.0,12.43,34100,12.44,53200,4.63,12.83,11.8,49781800,621900000.0,7.51,8.66,82.42,84.2,13.08,10.7,2.48
吉大正元,sz003029,21.43,21.01,21.3,2852100.0,21.42,4300,21.43,10700,2.0,21.53,21.11,2852100,61020000.0,1.62,2.0,37.74,41.49,23.11,18.91,1.1
铜峰电子,sh600237,8.88,8.85,8.93,16760800.0,8.88,60700,8.89,30600,0.34,9.05,8.88,16760800,150330000.0,2.68,1.92,55.47,56.01,9.74,7.97,0.83
快意电梯,sz002774,10.81,10.7,10.77,3577200.0,10.81,700,10.82,66300,1.03,10.96,10.68,3577200,38730000.0,1.27,2.62,30.46,36.4,11.77,9.63,1.24
鼎熔岩,sz301028,14.33,14.3,14.43,2203200.0,14.33,11400,14.34,31100,0.21,14.52,14.31,2203200,31760000.0,0.89,1.47,35.6,55.03,17.16,11.44,0.89
捷佳伟创,sz300724,108.0,105.72,106.99,15898300.0,107.99,3900,108.0,54800,2.16,109.52,106.05,15898300,1722640000.0,5.53,3.28,310.73,376.16,126.86,84.58,1.13
凯撒旅业,sz000796,5.39,5.24,5.3,69555700.0,5.39,354000,5.4,860900,2.86,5.53,5.29,69555700,376690000.0,5.23,4.58,71.73,86.44,5.76,4.72,1.85
中欣氟材,sz002915,20.93,20.63,20.79,4334900.0,20.93,37700,20.94,1600,1.45,21.13,20.72,4334900,90960000.0,1.5,1.99,60.29,70.17,22.69,18.57,1.13
灵鸽科技,bj920284,30.59,29.01,29.24,4912100.0,30.56,5500,30.59,8700,5.45,33.0,29.01,4912100,152476100.0,7.25,13.75,20.73,32.05,37.71,20.31,3.15
南王科技,sz301355,12.76,12.43,12.6,6285800.0,12.76,6500,12.78,800,2.65,12.93,12.28,6285800,80320000.0,6.27,5.23,12.79,24.89,14.92,9.94,1.39
当升科技,sz300073,57.08,54.93,55.29,26405000.0,57.08,53500,57.09,7500,3.91,57.68,55.05,26405000,1504000000.0,5.22,4.79,288.81,310.68,65.92,43.94,2.12
博士眼镜,sz300622,24.6,24.45,24.8,6803100.0,24.58,21000,24.6,30500,0.61,24.94,24.48,6803100,167980000.0,4.37,1.88,38.32,56.05,29.34,19.56,1.17
汇成真空,sz301392,144.2,143.8,138.67,7428200.0,144.18,1100,144.2,5100,0.28,146.5,137.69,7428200,1055180000.0,18.21,6.13,58.83,144.2,172.56,115.04,1.0
优优绿能,sz301590,182.85,179.6,179.76,690100.0,182.85,500,182.86,800,1.81,185.78,178.76,690100,125970000.0,8.02,3.91,15.73,76.89,215.52,143.68,1.41
迪哲医药-U,sh688192,55.38,55.45,55.9,337249500.0,55.38,200,55.39,1600,-0.13,56.58,54.88,337249500,187010000.0,0.73,3.07,255.13,257.31,66.54,44.36,0.81
东岳硅材,sz300821,13.47,13.43,13.44,66640400.0,13.47,38100,13.48,32500,0.3,13.75,13.26,66640400,900860000.0,5.55,3.65,161.61,161.64,16.12,10.74,0.96
杰创智能,sz301248,47.61,47.9,48.0,6406500.0,47.61,28800,47.7,300,-0.61,50.1,47.3,6406500,312390000.0,5.7,5.85,53.48,73.18,57.48,38.32,1.12
科思科技,sh688788,57.88,58.88,59.85,236687700.0,57.8,1000,57.88,5000,-1.7,59.88,57.34,236687700,138150000.0,1.51,4.31,90.8,90.8,70.66,47.1,1.29
溯联股份,sz301397,33.57,32.99,33.09,4884600.0,33.56,61100,33.57,4200,1.76,33.76,32.88,4884600,163470000.0,6.91,2.67,23.75,52.26,39.59,26.39,1.24
五矿新能,sh688779,10.76,10.69,10.72,3006810000.0,10.75,184800,10.76,42100,0.65,11.1,10.71,3006810000,328320000.0,1.56,3.65,207.58,207.58,12.83,8.55,1.22
利通科技,bj920225,27.05,25.11,24.97,5149200.0,27.05,23900,27.06,14300,7.73,28.3,24.97,5149200,138188800.0,6.22,13.26,22.39,34.33,32.64,17.58,1.52
鸿铭股份,sz301105,59.62,60.54,60.98,704500.0,59.62,4000,59.63,3800,-1.52,62.27,59.49,704500,42640000.0,4.29,4.59,9.8,29.81,72.65,48.43,0.74
*ST亚振,sh603389,44.23,42.14,42.21,2151600.0,44.23,400,44.25,8900,4.96,44.25,42.21,2151600,94720000.0,0.82,4.84,116.22,116.22,44.25,40.03,2.73
高澜股份,sz300499,38.6,37.63,38.21,46714900.0,38.6,72500,38.61,22300,2.58,40.22,38.0,46714900,1824990000.0,17.21,5.9,104.76,117.83,45.16,30.1,1.74
川金诺,sz300505,27.3,27.42,27.6,17095100.0,27.29,31600,27.3,10900,-0.44,28.08,27.25,17095100,470890000.0,7.86,3.03,59.34,75.04,32.9,21.94,0.75
容百科技,sh688005,30.4,28.95,29.14,2688081400.0,30.39,23000,30.4,72300,5.01,30.98,29.14,2688081400,814980000.0,3.76,6.36,217.24,217.28,34.74,23.16,1.79
元力股份,sz300174,16.91,16.88,16.92,4875600.0,16.91,4700,16.92,3000,0.18,17.11,16.9,4875600,82830000.0,1.34,1.24,61.37,61.59,20.26,13.5,0.65
天迈科技,sz300807,52.3,52.82,53.18,1163000.0,52.3,14900,52.31,1900,-0.98,53.45,52.27,1163000,61370000.0,2.24,2.23,27.17,35.58,63.38,42.26,0.91
厦门港务,sz000905,11.27,11.58,11.7,24870600.0,11.27,400,11.28,58400,-2.68,11.7,11.27,24870600,284460000.0,3.35,3.71,83.6,173.82,12.74,10.42,1.42
鼎通科技,sh688668,165.76,164.27,167.19,742669000.0,165.76,1700,165.8,3000,0.91,171.43,161.28,742669000,1243060000.0,5.33,6.18,230.85,230.85,197.12,131.42,0.97
清水源,sz300437,15.68,15.59,15.7,10564300.0,15.67,3000,15.68,24300,0.58,15.85,15.52,10564300,165750000.0,6.08,2.12,27.24,38.45,18.71,12.47,0.69
标准股份,sh600302,12.32,12.39,12.3,14449900.0,12.31,26100,12.32,291600,-0.56,12.64,12.13,14449900,178820000.0,4.18,4.12,42.63,42.63,13.63,11.15,0.94
福鞍股份,sh603315,15.06,15.18,15.17,42740500.0,15.05,24600,15.06,2000,-0.79,15.54,14.72,42740500,648750000.0,13.34,5.4,48.25,48.25,16.7,13.66,2.99
海容冷链,sh603187,14.75,14.75,14.75,4271000.0,14.75,56700,14.77,11700,0.0,14.96,14.64,4271000,63030000.0,1.12,2.17,56.4,57.0,16.23,13.28,1.08
普利特,sz002324,15.4,15.27,15.4,13864300.0,15.39,12400,15.4,43200,0.85,15.63,15.35,13864300,214610000.0,1.79,1.83,119.55,171.3,16.8,13.74,1.0
慧翰股份,sz301600,103.22,101.42,102.75,887800.0,103.22,1600,103.23,800,1.77,105.26,102.51,887800,92040000.0,2.75,2.71,33.3,107.89,121.7,81.14,1.23
长海股份,sz300196,18.2,17.54,17.94,20919000.0,18.19,44000,18.2,22900,3.76,18.64,17.78,20919000,382610000.0,8.47,4.9,44.94,74.39,21.05,14.03,2.0
凯旺科技,sz301182,59.68,61.04,60.59,6504500.0,59.67,5600,59.68,1700,-2.23,61.04,58.0,6504500,384940000.0,6.79,4.98,57.19,57.19,73.25,48.83,1.42
骄成超声,sh688392,128.43,129.08,130.35,267123400.0,128.43,1800,128.74,600,-0.5,131.87,127.96,267123400,346890000.0,2.31,3.03,148.64,148.64,154.9,103.26,0.89
飞鹿股份,sz300665,7.73,7.71,7.78,4953100.0,7.73,29000,7.74,68500,0.26,7.84,7.68,4953100,38490000.0,2.27,2.08,16.86,16.92,9.25,6.17,0.64
氯碱化工,sh600618,12.85,12.73,12.73,7344100.0,12.85,147200,12.86,83000,0.94,13.04,12.72,7344100,94740000.0,0.98,2.51,96.35,148.6,14.0,11.46,0.64
神工股份,sh688233,74.05,74.38,75.49,507913600.0,74.03,5600,74.05,500,-0.44,76.49,73.91,507913600,380970000.0,2.98,3.47,126.11,126.11,89.26,59.5,1.04
强瑞技术,sz301128,166.75,163.33,164.21,6800700.0,166.75,500,166.76,100,2.09,169.88,161.0,6800700,1127840000.0,7.71,5.44,147.13,172.49,196.0,130.66,0.93
巨一科技,sh688162,31.77,31.12,31.44,102511500.0,31.73,2200,31.77,3900,2.09,32.26,31.28,102511500,32700000.0,0.75,3.15,43.56,43.56,37.34,24.9,0.95
联赢激光,sh688518,25.67,25.28,25.6,1089488600.0,25.67,7600,25.68,11700,1.54,26.38,25.5,1089488600,282380000.0,3.19,3.48,87.62,87.62,30.34,20.22,1.14
金海高科,sh603311,17.7,17.47,17.82,9284300.0,17.69,21900,17.7,22600,1.32,17.92,17.28,9284300,163860000.0,3.94,3.66,41.75,41.75,19.22,15.72,1.31
惠博普,sz002554,3.68,3.64,3.63,42990500.0,3.68,143900,3.69,575900,1.1,3.74,3.61,42990500,158040000.0,3.22,3.57,49.07,49.08,4.0,3.28,0.62
航天动力,sh600343,32.0,32.58,32.8,30947100.0,31.99,29800,32.0,59000,-1.78,33.39,31.96,30947100,1006590000.0,4.85,4.39,204.23,204.23,35.84,29.32,0.81
国晟科技,sh603778,31.24,32.84,33.0,116758800.0,31.23,19800,31.24,58300,-4.87,33.19,30.4,116758800,3673650000.0,18.16,8.5,200.83,206.2,36.12,29.56,0.86
安 纳 达,sz002136,12.73,12.54,12.58,4389700.0,12.72,32600,12.73,1100,1.52,12.87,12.55,4389700,55960000.0,2.05,2.55,27.3,27.37,13.79,11.29,0.59
康鹏科技,sh688602,7.72,7.63,7.65,524885800.0,7.71,6000,7.72,9100,1.18,7.82,7.65,524885800,40640000.0,2.02,2.23,20.04,40.1,9.16,6.1,1.01
派能科技,sh688063,71.42,68.99,69.58,1411742200.0,71.42,1200,71.43,4000,3.52,73.98,69.52,1411742200,1017090000.0,5.75,6.46,175.24,175.24,82.79,55.19,1.38
福瑞医科,sz300049,57.38,57.18,57.85,6231800.0,57.38,20600,57.41,2600,0.35,60.36,57.38,6231800,366240000.0,2.67,5.21,134.06,152.04,68.62,45.74,1.18
欧陆通,sz300870,314.0,300.0,294.61,6908300.0,314.0,6600,314.1,100,4.67,323.5,294.61,6908300,2145600000.0,6.34,9.63,342.32,342.36,360.0,240.0,1.14
硕贝德,sz300322,26.62,26.4,26.48,22737300.0,26.62,57000,26.63,19300,0.83,27.01,26.33,22737300,606720000.0,5.16,2.58,117.24,122.46,31.68,21.12,1.07
纳科诺尔,bj920522,50.1,49.0,49.49,4601000.0,50.1,7400,50.15,300,2.24,52.48,49.29,4601000,234299700.0,3.54,6.51,65.15,78.53,63.7,34.3,1.95
星源材质,sz300568,15.72,15.41,15.45,114630200.0,15.72,90900,15.73,251600,2.01,16.1,15.4,114630200,1810360000.0,9.42,4.54,191.33,211.55,18.49,12.33,1.74
飞荣达,sz300602,32.88,32.78,33.19,21642200.0,32.88,24900,32.89,23400,0.31,33.89,32.88,21642200,721100000.0,5.47,3.08,130.01,191.32,39.34,26.22,1.42
瑞尔特,sz002790,7.77,7.73,7.79,4119400.0,7.76,40400,7.77,40800,0.52,7.85,7.73,4119400,32060000.0,1.58,1.55,20.26,32.47,8.5,6.96,0.47
招金黄金,sz000506,17.93,19.69,19.0,90003000.0,17.93,375900,17.94,3000,-8.94,19.17,17.75,90003000,1632830000.0,9.69,7.21,166.52,166.57,21.66,17.72,2.3
德邦科技,sh688035,63.1,59.5,60.8,801555500.0,63.06,2400,63.1,0,6.05,64.88,60.53,801555500,504220000.0,5.64,7.31,89.75,89.75,71.4,47.6,2.09
融捷股份,sz002192,73.17,73.05,73.0,44134000.0,73.16,68500,73.17,4600,0.16,76.0,71.88,44134000,3264880000.0,17.03,5.64,189.6,189.99,80.36,65.75,1.3
永杉锂业,sh603399,11.8,11.74,11.76,43126500.0,11.8,7900,11.81,27800,0.51,12.06,11.66,43126500,511370000.0,8.42,3.41,60.45,60.45,12.91,10.57,1.21
安妮股份,sz002235,9.97,10.2,10.33,37685600.0,9.97,51100,9.98,114800,-2.25,10.39,9.94,37685600,380360000.0,6.81,4.41,55.19,57.78,11.22,9.18,1.36
海欣食品,sz002702,5.58,5.52,5.56,11026200.0,5.57,107200,5.58,43200,1.09,5.65,5.56,11026200,61840000.0,2.4,1.63,25.6,31.01,6.07,4.97,0.51
深桑达Ａ,sz000032,17.89,17.68,17.86,21449100.0,17.89,32700,17.9,72100,1.19,18.32,17.75,21449100,386590000.0,1.97,3.22,194.89,217.4,19.45,15.91,0.92
近岸蛋白,sh688137,43.68,42.16,42.3,117118600.0,43.68,800,43.69,4400,3.61,43.78,42.18,117118600,50710000.0,1.67,3.8,30.65,30.65,50.59,33.73,1.85
日联科技,sh688531,73.04,72.88,72.82,262555800.0,73.04,800,73.1,18000,0.22,74.46,72.82,262555800,193220000.0,2.29,2.25,83.83,120.95,87.46,58.3,1.06
京粮控股,sz000505,6.82,6.78,6.81,9681400.0,6.81,61400,6.82,44400,0.59,6.88,6.73,9681400,66020000.0,1.53,2.21,43.13,49.58,7.46,6.1,0.61
双星新材,sz002585,6.82,6.82,6.88,18310000.0,6.82,34600,6.83,69500,0.0,6.97,6.8,18310000,125960000.0,2.06,2.49,60.48,77.84,7.5,6.14,0.78
上海九百,sh600838,10.19,10.11,10.12,5115000.0,10.19,2800,10.2,27700,0.79,10.29,10.11,5115000,52240000.0,1.28,1.78,40.85,40.85,11.12,9.1,0.79
中银证券,sh601696,12.8,12.18,12.34,84936100.0,12.79,80300,12.8,470100,5.09,12.93,12.33,84936100,1077540000.0,3.06,4.93,355.58,355.58,13.4,10.96,3.81
双杰电气,sz300444,13.66,13.82,13.81,62714600.0,13.65,191500,13.66,46800,-1.16,14.09,13.52,62714600,861340000.0,10.09,4.12,84.89,109.09,16.58,11.06,1.82
光大同创,sz301387,64.76,63.3,65.64,4252700.0,64.76,11700,64.77,100,2.31,66.54,63.62,4252700,274530000.0,9.96,4.61,27.64,69.13,75.96,50.64,1.55
国轩高科,sz002074,38.81,35.28,35.7,104898800.0,38.81,4419400,0.0,0,10.01,38.81,35.68,104898800,4036250000.0,6.04,8.87,673.82,704.06,38.81,31.75,3.71
东方电气,sh600875,39.51,38.31,39.16,123558100.0,39.5,106600,39.51,171300,3.13,40.38,38.6,123558100,4896690000.0,5.46,4.65,894.26,1366.4,42.14,34.48,1.41
灿勤科技,sh688182,28.16,28.31,28.46,356984600.0,28.15,3800,28.16,300,-0.53,28.86,28.15,356984600,101610000.0,0.89,2.51,112.64,112.64,33.97,22.65,1.01
海思科,sz002653,56.12,53.41,53.22,6667400.0,56.06,300,56.12,800,5.07,56.33,53.0,6667400,369150000.0,1.38,6.23,271.19,628.5,58.75,48.07,1.28
诺德股份,sh600110,9.88,10.16,10.0,309065100.0,9.87,897600,9.88,637100,-2.76,10.65,9.86,309065100,3167200000.0,17.81,7.78,171.44,171.44,11.18,9.14,1.05
中伟新材,sz300919,52.53,51.2,51.38,26023400.0,52.52,16200,52.53,45900,2.6,53.88,51.19,26023400,1367870000.0,2.85,5.25,479.33,547.5,61.44,40.96,1.8
东方钽业,sz000962,44.88,45.33,45.77,14541500.0,44.88,1800,44.89,600,-0.99,46.06,44.73,14541500,658390000.0,2.9,2.93,225.14,236.72,49.86,40.8,0.75
株冶集团,sh600961,17.84,18.05,18.24,15943400.0,17.83,11800,17.84,29200,-1.16,18.34,17.78,15943400,287390000.0,2.12,3.1,134.12,191.4,19.86,16.25,1.19
泰和科技,sz300801,26.57,25.84,25.96,6562000.0,26.57,6100,26.58,9900,2.83,26.83,25.96,6562000,174320000.0,4.81,3.37,36.27,58.04,31.01,20.67,1.54
联瑞新材,sh688300,93.09,93.73,93.52,453711100.0,93.08,1000,93.09,12100,-0.68,96.5,92.59,453711100,427290000.0,1.88,4.17,224.78,224.78,112.48,74.98,0.79
先锋精科,sh688605,62.4,62.53,63.3,318936500.0,62.39,3100,62.4,5300,-0.21,63.8,62.27,318936500,200760000.0,2.94,2.45,67.61,126.29,75.04,50.02,1.21
漳州发展,sz000753,6.68,6.91,6.92,46691600.0,6.68,785600,6.69,208800,-3.33,7.0,6.68,46691600,316090000.0,4.71,4.63,66.23,66.23,7.6,6.22,0.95
宏工科技,sz301662,140.2,132.48,132.39,2650900.0,140.2,100,140.21,400,5.83,142.3,132.0,2650900,368120000.0,15.94,7.77,23.31,112.16,158.98,105.98,2.89
华峰测控,sh688200,293.03,285.15,289.95,244741600.0,293.0,1000,293.03,1600,2.76,303.2,286.0,244741600,724040000.0,1.81,6.03,397.15,397.15,342.18,228.12,1.3
金鹰股份,sh600232,8.59,8.14,8.17,21869800.0,8.59,16700,8.6,67300,5.53,8.85,8.16,21869800,186130000.0,6.0,8.48,31.33,31.33,8.95,7.33,3.22
凯盛新材,sz301069,21.5,21.17,21.2,7934400.0,21.5,27200,21.51,11500,1.56,21.7,21.2,7934400,170850000.0,1.86,2.36,91.76,97.43,25.4,16.94,1.42
飞龙股份,sz002536,34.31,33.56,34.36,79201600.0,34.31,600,34.32,1100,2.23,35.8,34.0,79201600,2756630000.0,14.55,5.36,186.78,197.21,36.92,30.2,2.55
华新建材,sh600801,23.19,23.66,23.66,11268000.0,23.19,6800,23.2,4200,-1.99,23.88,23.14,11268000,264450000.0,0.84,3.13,311.14,482.12,26.03,21.29,0.69
双鹭药业,sz002038,7.54,7.38,7.35,137373700.0,7.54,283300,7.55,308900,2.17,7.67,7.18,137373700,1019070000.0,16.13,6.64,64.23,77.46,8.12,6.64,0.71
奥锐特,sh605116,27.28,27.23,27.01,9408900.0,27.28,10800,27.29,600,0.18,28.18,26.65,9408900,257370000.0,2.32,5.62,110.81,110.81,29.95,24.51,0.74
劲嘉股份,sz002191,3.66,3.63,3.66,14660200.0,3.65,71200,3.66,796500,0.83,3.75,3.64,14660200,54220000.0,1.02,3.03,52.72,53.14,3.99,3.27,1.45
至纯科技,sh603690,25.32,25.07,25.29,8320900.0,25.31,29200,25.32,25600,1.0,25.74,25.25,8320900,211410000.0,2.17,1.95,96.97,96.97,27.58,22.56,1.05
晶盛机电,sz300316,42.18,41.39,41.84,27766600.0,42.17,16600,42.18,5100,1.91,43.1,41.2,27766600,1175150000.0,2.25,4.59,519.47,552.36,49.67,33.11,1.29
欣旺达,sz300207,28.63,24.96,25.85,289080800.0,28.62,114100,28.63,77900,14.7,29.95,25.76,289080800,8313080000.0,16.87,16.79,490.67,528.93,29.95,19.97,4.66
泰坦股份,sz003036,26.48,24.07,24.29,8947300.0,26.48,1744800,0.0,0,10.01,26.48,24.01,8947300,227960000.0,4.14,10.26,57.27,57.27,26.48,21.66,0.84
图南股份,sz300855,41.72,40.75,40.81,5436600.0,41.72,17600,41.76,1400,2.38,43.15,40.81,5436600,228930000.0,1.86,5.74,122.22,165.02,48.9,32.6,1.02
硕世生物,sh688399,51.87,51.67,52.15,84920100.0,51.87,400,51.92,100,0.39,52.57,51.31,84920100,44190000.0,1.01,2.44,43.5,43.5,62.0,41.34,0.97
永兴材料,sz002756,71.77,70.25,69.78,20545600.0,71.77,15200,71.78,1000,2.16,74.99,68.72,20545600,1489820000.0,5.29,8.93,278.99,386.91,77.28,63.23,1.32
纳芯微,sh688052,151.6,153.49,155.03,361931700.0,151.6,900,151.64,1300,-1.23,158.48,150.68,361931700,559430000.0,2.54,5.08,216.07,246.54,184.19,122.79,1.74
翔港科技,sh603499,21.55,21.74,21.74,3495400.0,21.54,21500,21.55,16300,-0.87,22.26,21.51,3495400,76120000.0,1.16,3.45,65.21,65.21,23.91,19.57,0.88
中闽能源,sh600163,5.95,5.94,5.97,42964000.0,5.94,296600,5.95,156100,0.17,5.99,5.86,42964000,255170000.0,2.26,2.19,113.23,113.23,6.53,5.35,0.58
焦作万方,sz000612,12.28,12.52,12.45,40168200.0,12.28,158200,12.29,132900,-1.92,12.58,12.23,40168200,496080000.0,3.37,2.8,146.4,146.4,13.77,11.27,1.04
中科电气,sz300035,22.76,22.39,22.6,47468500.0,22.76,157500,22.77,37900,1.65,23.28,22.55,47468500,1089510000.0,8.14,3.26,132.77,156.0,26.87,17.91,1.31
温州宏丰,sz300283,8.31,8.08,8.05,23066500.0,8.3,46500,8.31,16000,2.85,8.46,8.05,23066500,191770000.0,6.28,5.07,30.52,41.3,9.7,6.46,1.4
东宝生物,sz300239,5.49,5.36,5.8,27507700.0,5.49,7600,5.5,21400,2.43,5.88,5.49,27507700,154000000.0,4.66,7.28,32.38,32.59,6.43,4.29,2.61
天承科技,sh688603,88.28,88.78,91.54,724267500.0,88.25,500,88.28,16200,-0.56,96.98,87.6,724267500,662860000.0,15.27,10.57,41.86,110.11,106.54,71.02,1.97
金杯电工,sz002533,13.27,13.1,13.2,13162000.0,13.26,42000,13.27,43300,1.3,13.4,13.19,13162000,175050000.0,2.06,1.6,84.62,97.39,14.41,11.79,0.91
力星股份,sz300421,24.57,24.15,24.45,13106900.0,24.56,14000,24.57,21000,1.74,25.1,24.3,13106900,324050000.0,5.69,3.31,56.6,72.24,28.98,19.32,0.98
海南高速,sz000886,5.72,5.64,5.71,11836400.0,5.72,235300,5.73,535800,1.42,5.77,5.69,11836400,67940000.0,1.21,1.42,55.93,56.56,6.2,5.08,1.05
沪硅产业,sh688126,17.72,17.51,17.79,2299276500.0,17.72,4600,17.73,17500,1.2,17.97,17.7,2299276500,410100000.0,0.84,1.54,484.05,585.65,21.01,14.01,1.09
科力远,sh600478,7.43,7.18,7.21,71470700.0,7.42,94500,7.43,77600,3.48,7.56,7.21,71470700,529620000.0,4.29,4.87,123.75,123.75,7.9,6.46,1.79
同兴科技,sz003027,21.97,21.29,21.54,3137500.0,21.97,1400,21.98,1000,3.19,22.06,21.23,3137500,68310000.0,2.99,3.9,23.04,28.72,23.42,19.16,1.27
天奈科技,sh688116,40.2,38.88,39.16,865225200.0,40.18,3000,40.2,7800,3.4,40.58,39.16,865225200,347910000.0,2.36,3.65,147.35,147.35,46.66,31.1,1.28
皇氏集团,sz002329,4.06,3.87,3.91,58666300.0,4.05,182900,4.06,801400,4.91,4.12,3.89,58666300,237000000.0,9.02,5.94,26.41,33.8,4.26,3.48,1.72
赤峰黄金,sh600988,45.08,45.85,46.3,38308900.0,45.07,33400,45.08,13900,-1.68,46.4,44.93,38308900,1737640000.0,2.3,3.21,750.09,856.71,50.44,41.27,0.6
利柏特,sh605167,17.39,17.3,17.4,5800800.0,17.39,7200,17.4,3400,0.52,17.96,17.2,5800800,102120000.0,1.29,4.39,78.1,78.1,19.03,15.57,1.12
同益股份,sz300538,14.91,14.65,14.78,2846300.0,14.91,12700,14.92,10400,1.77,15.12,14.7,2846300,42620000.0,2.35,2.87,18.04,27.12,17.58,11.72,0.94
新澳股份,sh603889,8.75,7.95,8.74,28845300.0,8.75,4416100,0.0,0,10.06,8.75,8.39,28845300,250440000.0,3.98,4.53,63.41,63.89,8.75,7.16,4.39
通用电梯,sz300931,13.44,13.03,13.09,10152600.0,13.43,12100,13.44,25700,3.15,13.95,12.93,10152600,135450000.0,5.49,7.83,24.86,32.28,15.64,10.42,2.14
艾力斯,sh688578,96.7,96.99,97.17,368596400.0,96.7,4000,96.71,5300,-0.3,98.78,96.19,368596400,359450000.0,0.82,2.67,435.15,435.15,116.39,77.59,0.76
寒武纪,sh688256,1210.7,1198.0,1205.0,900365200.0,1210.7,500,1210.71,16500,1.06,1222.22,1188.9,900365200,10839610000.0,2.15,2.78,5064.97,5105.34,1437.6,958.4,0.95
山东玻纤,sh605006,10.12,9.2,9.16,49026500.0,10.12,1794200,0.0,0,10.0,10.12,9.12,49026500,485980000.0,8.17,10.87,60.72,60.72,10.12,8.28,1.19
瑞泰新材,sz301238,20.11,19.47,19.68,12023200.0,20.1,35600,20.11,44600,3.29,20.39,19.6,12023200,242470000.0,1.64,4.06,147.47,147.47,23.36,15.58,1.93
光库科技,sz300620,232.88,231.11,231.11,23501000.0,232.88,8700,232.89,500,0.77,242.78,223.34,23501000,5426220000.0,9.51,8.41,575.45,580.29,277.33,184.89,1.01
巨人网络,sz002558,34.56,32.97,33.12,67673400.0,34.56,105900,34.57,42900,4.82,35.18,33.07,67673400,2329960000.0,3.56,6.4,656.83,656.83,36.27,29.67,1.33
洛凯股份,sh603829,29.51,28.92,29.3,7753000.0,29.51,1600,29.52,4000,2.04,29.78,28.31,7753000,228010000.0,4.16,5.08,54.97,54.97,31.81,26.03,1.58
杭可科技,sh688006,28.95,28.12,28.55,1261146100.0,28.95,2800,28.96,9800,2.95,29.63,28.55,1261146100,368330000.0,2.09,3.84,174.76,174.76,33.74,22.5,1.73
福建水泥,sh600802,5.8,5.83,5.89,9228900.0,5.8,214700,5.81,120000,-0.51,5.9,5.76,9228900,53900000.0,2.01,2.4,26.58,26.58,6.41,5.25,0.67
西部黄金,sh601069,34.9,35.43,35.9,30222700.0,34.9,21000,34.91,2300,-1.5,35.9,34.43,30222700,1057520000.0,3.41,4.15,309.63,317.94,38.97,31.89,1.68
爱司凯,sz300521,26.98,26.32,26.6,2789500.0,26.97,300,26.98,500,2.51,27.58,26.4,2789500,75640000.0,1.86,4.48,40.4,40.4,31.58,21.06,1.25
赣锋锂业,sz002460,83.98,81.01,81.74,104533400.0,83.97,7600,83.98,16000,3.67,86.99,81.25,104533400,8787390000.0,8.63,7.09,1017.18,1760.8,89.11,72.91,1.5
贵研铂业,sh600459,20.34,20.16,20.4,12080900.0,20.33,92800,20.34,79500,0.89,20.55,20.22,12080900,246600000.0,1.59,1.64,154.52,154.54,22.18,18.14,0.88
永冠新材,sh603681,17.59,17.41,17.5,7146800.0,17.59,103100,17.6,9300,1.03,17.66,17.42,7146800,125590000.0,3.25,1.38,38.73,38.73,19.15,15.67,1.16
垒知集团,sz002398,5.17,5.13,5.17,8854700.0,5.16,63100,5.17,18100,0.78,5.23,5.13,8854700,45950000.0,1.45,1.95,31.51,36.09,5.64,4.62,0.75
精智达,sh688627,277.58,267.28,279.49,494534800.0,277.57,1200,277.58,500,3.85,282.5,271.83,494534800,1365970000.0,6.84,3.99,200.83,260.96,320.74,213.82,1.26
合富中国,sh603122,17.37,18.32,18.0,62197900.0,17.37,20400,17.38,123700,-5.19,18.09,17.35,62197900,1095940000.0,15.63,4.04,69.14,69.14,20.15,16.49,0.69
新亚制程,sz002388,4.93,4.83,4.9,11745500.0,4.92,26400,4.93,1000,2.07,4.98,4.88,11745500,58030000.0,2.32,2.07,24.96,25.18,5.31,4.35,0.78
润阳科技,sz300920,39.7,39.3,39.6,1436600.0,39.7,40900,39.72,100,1.02,40.62,39.17,1436600,57230000.0,2.19,3.69,26.07,39.7,47.16,31.44,1.05
赢合科技,sz300457,27.9,27.31,27.18,21291500.0,27.89,6100,27.9,54600,2.16,28.35,27.17,21291500,596060000.0,3.36,4.32,176.82,180.01,32.77,21.85,1.54
大东方,sh600327,3.95,3.89,3.9,12349600.0,3.94,311300,3.95,26100,1.54,3.99,3.89,12349600,48940000.0,1.4,2.57,34.95,34.95,4.28,3.5,1.07
丰林集团,sh601996,2.52,2.51,2.54,38580500.0,2.52,233700,2.53,1004900,0.4,2.58,2.5,38580500,97990000.0,3.44,3.19,28.25,28.25,2.76,2.26,0.74
广发证券,sz000776,18.87,18.14,18.78,89505000.0,18.86,323000,18.87,9100,4.02,19.36,18.69,89505000,1703380000.0,1.52,3.69,1114.09,1476.55,19.95,16.33,2.28
昭衍新药,sh603127,38.28,37.0,37.01,44050500.0,38.27,163800,38.28,15700,3.46,38.73,36.8,44050500,1667550000.0,6.99,5.22,241.3,286.85,40.7,33.3,1.05
美盈森,sz002303,3.38,3.35,3.36,23813900.0,3.38,800100,3.39,229200,0.9,3.43,3.36,23813900,81020000.0,2.46,2.09,32.68,51.76,3.69,3.02,0.69
东方智造,sz002175,2.97,2.9,2.93,44996700.0,2.96,1053500,2.97,826100,2.41,3.04,2.92,44996700,134500000.0,3.52,4.14,37.92,37.92,3.19,2.61,0.91
金安国纪,sz002636,35.93,37.19,38.11,77724800.0,35.92,23700,35.93,32700,-3.39,38.88,35.47,77724800,2846860000.0,10.73,9.17,260.25,261.57,40.91,33.47,1.55
百隆东方,sh601339,7.54,7.52,7.55,12643900.0,7.54,23100,7.55,46500,0.27,7.75,7.48,12643900,96280000.0,0.84,3.59,113.07,113.07,8.27,6.77,1.29
精研科技,sz300709,42.05,42.39,42.5,8053400.0,42.04,20300,42.05,6200,-0.8,42.99,42.0,8053400,342660000.0,5.39,2.34,62.77,78.25,50.87,33.91,1.03
金石资源,sh603505,17.57,17.82,17.87,14972600.0,17.57,9200,17.58,19100,-1.4,18.1,17.5,14972600,266000000.0,1.78,3.37,147.88,147.88,19.6,16.04,1.85
联芸科技,sh688449,45.18,46.51,47.1,1269397400.0,45.18,30000,45.19,2000,-2.86,47.5,44.99,1269397400,581500000.0,4.33,5.4,132.47,207.83,55.81,37.21,1.62
民德电子,sz300656,21.54,21.05,21.21,6044700.0,21.54,11200,21.55,6400,2.33,22.08,21.18,6044700,130430000.0,4.55,4.28,28.63,36.86,25.26,16.84,2.34
飞科电器,sh603868,31.68,31.35,31.35,1790500.0,31.68,3200,31.69,700,1.05,31.88,31.35,1790500,56750000.0,0.41,1.69,138.0,138.0,34.49,28.22,0.86
海翔药业,sz002099,7.31,7.12,7.23,35907600.0,7.31,88300,7.32,181100,2.67,7.4,7.17,35907600,262710000.0,2.22,3.23,118.11,118.33,7.83,6.41,1.23
东威科技,sh688700,58.59,58.84,58.87,1146105800.0,58.59,400,58.6,2200,-0.42,59.74,58.0,1146105800,673750000.0,3.84,2.96,174.83,174.83,70.61,47.07,0.68
磁谷科技,sh688448,55.36,54.53,55.0,126723500.0,55.36,500,55.39,5000,1.52,56.0,54.4,126723500,70240000.0,1.77,2.93,39.67,39.67,65.44,43.62,1.43
五新隧装,bj920174,38.46,38.86,39.12,1149300.0,38.46,2600,38.49,1500,-1.03,39.38,38.43,1149300,44692400.0,1.32,2.44,33.46,83.42,50.51,27.21,0.59
上海谊众,sh688091,57.28,57.1,57.12,366630400.0,57.24,500,57.28,8200,0.32,58.2,56.31,366630400,210360000.0,1.77,3.31,118.4,118.4,68.52,45.68,0.58
浙江东日,sh600113,46.63,46.65,46.74,2723800.0,46.63,59200,46.66,100,-0.04,47.46,46.52,2723800,127850000.0,0.66,2.02,191.85,196.39,51.32,41.99,0.54
百达精工,sh603331,15.34,15.19,15.18,5550500.0,15.34,33900,15.35,52700,0.99,15.64,15.18,5550500,85700000.0,2.75,3.03,31.01,31.01,16.71,13.67,0.99
万辰集团,sz300972,204.3,197.01,201.66,1172900.0,204.3,2200,204.4,100,3.7,208.0,199.58,1172900,237460000.0,0.67,4.27,358.18,390.81,236.41,157.61,1.01
*ST汇科,sz300561,13.57,11.31,13.57,1397500.0,13.57,14244500,0.0,0,19.98,13.57,13.57,1397500,18960000.0,0.58,0.0,32.71,44.52,13.57,9.05,0.12
电广传媒,sz000917,9.73,9.79,9.88,42742400.0,9.73,132600,9.74,54100,-0.61,9.92,9.73,42742400,419710000.0,3.02,1.94,137.92,137.93,10.77,8.81,0.79
富创精密,sh688409,95.0,96.88,98.2,529394700.0,94.99,5000,95.0,7500,-1.94,101.26,94.0,529394700,515580000.0,1.73,7.49,290.9,290.9,116.26,77.5,1.58
中信金属,sh601061,11.99,11.73,11.84,14890500.0,11.99,16200,12.0,52200,2.22,12.2,11.78,14890500,179020000.0,0.3,3.58,587.51,587.51,12.9,10.56,1.26
联泓新科,sz003022,21.81,21.66,21.65,14752100.0,21.81,8700,21.82,59900,0.69,22.15,21.58,14752100,322670000.0,1.11,2.63,291.04,291.29,23.83,19.49,0.87
鼎龙股份,sz300054,52.01,52.35,52.75,37592200.0,52.0,32500,52.01,92900,-0.65,53.65,51.72,37592200,1977010000.0,5.09,3.69,383.91,493.09,62.82,41.88,0.86
电投能源,sz002128,31.6,32.38,32.55,18767100.0,31.59,19400,31.6,10300,-2.41,33.0,31.58,18767100,599400000.0,0.84,4.39,708.34,708.34,35.62,29.14,1.28
山科智能,sz300897,25.03,24.71,24.95,1018000.0,25.03,28500,25.04,11200,1.3,25.34,24.89,1018000,25570000.0,1.16,1.82,21.88,35.1,29.65,19.77,1.03
力量钻石,sz301071,42.35,41.67,41.77,8499300.0,42.34,4600,42.35,18400,1.63,43.3,41.77,8499300,362610000.0,4.37,3.67,82.41,110.23,50.0,33.34,1.05
惠云钛业,sz300891,8.42,8.3,8.43,5721700.0,8.41,5700,8.42,5500,1.45,8.54,8.28,5721700,48300000.0,1.72,3.13,28.08,33.68,9.96,6.64,0.71
华图山鼎,sz300492,56.8,56.19,56.45,2208700.0,56.8,1100,56.81,100,1.09,58.37,56.3,2208700,126690000.0,1.12,3.68,111.71,111.71,67.43,44.95,1.41
蔚蓝锂芯,sz002245,19.12,18.67,19.2,126601400.0,19.12,269400,19.13,123200,2.41,19.7,19.05,126601400,2443910000.0,11.67,3.48,207.48,220.61,20.54,16.8,1.15
宏盛股份,sh603090,68.52,68.38,68.38,7689400.0,68.52,2900,68.53,100,0.2,70.31,65.66,7689400,523800000.0,7.69,6.8,68.52,68.52,75.22,61.54,1.54
纳思达,sz002180,16.88,16.63,16.78,9574200.0,16.87,24400,16.88,34700,1.5,17.08,16.73,9574200,162560000.0,0.7,2.1,229.53,240.01,18.29,14.97,1.17
开能健康,sz300272,8.1,8.05,8.04,19257600.0,8.1,91100,8.11,63600,0.62,8.24,8.01,19257600,156720000.0,4.15,2.86,37.62,49.53,9.66,6.44,0.95
方盛股份,bj920662,25.29,24.84,25.01,2322700.0,25.28,500,25.29,1800,1.81,26.28,25.0,2322700,59252500.0,8.6,5.15,6.83,22.14,32.29,17.39,1.96
上海洗霸,sh603200,61.71,56.1,56.6,8557000.0,61.71,2959100,0.0,0,10.0,61.71,56.48,8557000,514610000.0,4.88,9.32,108.29,108.29,61.71,50.49,1.84
中创智领,sh601717,20.22,20.14,20.3,15028100.0,20.22,2000,20.23,3200,0.4,20.56,20.2,15028100,306010000.0,0.97,1.79,311.83,361.01,22.15,18.13,0.79
上海新阳,sz300236,83.18,81.96,82.5,12326700.0,83.18,200,83.19,700,1.49,85.85,82.3,12326700,1035000000.0,4.43,4.33,231.7,260.67,98.35,65.57,1.49
海光信息,sh688041,231.82,227.0,230.49,2946069600.0,231.81,200,231.82,16100,2.12,238.51,230.49,2946069600,6873230000.0,1.27,3.53,5388.28,5388.28,272.4,181.6,1.55
瑞丰新材,sz300910,50.42,50.92,51.12,3032800.0,50.4,3300,50.42,9300,-0.98,51.3,50.08,3032800,153650000.0,1.47,2.4,104.33,149.21,61.1,40.74,0.95
锐捷网络,sz301165,90.44,92.11,92.3,8482200.0,90.44,1200,90.45,1200,-1.81,92.8,90.32,8482200,774750000.0,1.07,2.69,719.41,719.41,110.53,73.69,0.83
东阳光,sh600673,31.42,31.5,31.0,74872200.0,31.42,297200,31.43,179000,-0.25,32.53,29.9,74872200,2349350000.0,2.49,8.35,943.09,945.6,34.65,28.35,1.62
天铁科技,sz300587,5.36,5.22,5.26,18302100.0,5.36,219900,5.37,13000,2.68,5.42,5.24,18302100,98090000.0,1.74,3.45,56.38,69.59,6.26,4.18,0.88
联泰环保,sh603797,4.68,4.61,4.63,5109900.0,4.67,6200,4.68,84700,1.52,4.72,4.61,5109900,23890000.0,0.89,2.39,26.99,26.99,5.07,4.15,0.7
四川黄金,sz001337,49.46,50.79,51.0,12952400.0,49.46,9200,49.47,13300,-2.62,51.07,49.28,12952400,644790000.0,3.08,3.52,207.73,207.73,55.87,45.71,0.93
上海凤凰,sh600679,11.72,11.64,11.7,2509300.0,11.72,17200,11.73,15300,0.69,11.85,11.7,2509300,29570000.0,0.73,1.29,40.28,60.39,12.8,10.48,0.9
中金黄金,sh600489,27.42,27.78,28.15,51898100.0,27.42,21400,27.43,55300,-1.3,28.15,27.4,51898100,1437420000.0,1.07,2.7,1329.13,1329.13,30.56,25.0,0.81
永新股份,sz002014,11.81,11.7,11.76,1997500.0,11.81,37300,11.83,1000,0.94,11.92,11.67,1997500,23650000.0,0.33,2.14,71.39,72.34,12.87,10.53,0.78
新洋丰,sz000902,15.91,15.86,15.96,10093500.0,15.9,95900,15.91,6100,0.32,16.23,15.81,10093500,161660000.0,0.88,2.65,181.82,199.63,17.45,14.27,1.13
家联科技,sz301193,23.05,22.88,22.88,1986900.0,23.04,5100,23.05,700,0.74,23.23,22.78,1986900,45750000.0,1.43,1.97,31.92,44.99,27.46,18.3,0.92
晨光新材,sh605399,14.79,14.76,14.75,3872200.0,14.78,2300,14.79,19900,0.2,15.02,14.68,3872200,57650000.0,1.24,2.3,46.07,46.18,16.24,13.28,0.79
上能电气,sz300827,37.77,37.64,37.77,40796500.0,37.77,51700,37.78,85200,0.35,39.22,37.51,40796500,1566780000.0,10.59,4.54,145.51,210.26,45.17,30.11,1.09
晨丰科技,sh603685,29.54,28.45,29.13,5494000.0,29.54,13300,29.55,6900,3.83,30.77,28.16,5494000,161360000.0,2.73,9.17,59.51,74.13,31.3,25.61,1.24
ST合纵,sz300477,2.58,2.54,2.54,23096600.0,2.57,451200,2.58,223200,1.57,2.65,2.54,23096600,60070000.0,2.33,4.33,25.56,27.66,3.05,2.03,1.06
兴发集团,sh600141,33.04,32.88,33.06,20341400.0,33.04,2100,33.05,16800,0.49,33.59,32.85,20341400,674880000.0,1.69,2.25,397.05,397.05,36.17,29.59,0.8
唯科科技,sz301196,111.2,107.3,106.16,8069100.0,111.19,2300,111.2,14200,3.63,113.5,104.78,8069100,887840000.0,9.85,8.13,91.14,139.35,128.76,85.84,1.47
中兴商业,sz000715,5.73,5.68,5.71,7686600.0,5.73,26800,5.74,28400,0.88,5.81,5.68,7686600,44250000.0,1.58,2.29,27.87,30.97,6.25,5.11,1.0
天岳先进,sh688234,96.9,90.28,91.29,1946775400.0,96.9,6500,96.91,7100,7.33,102.4,88.65,1946775400,1852650000.0,4.53,15.23,416.39,469.6,108.34,72.22,1.94
中色股份,sz000758,6.71,6.73,6.8,30812300.0,6.7,151400,6.71,52300,-0.3,6.83,6.7,30812300,208540000.0,1.56,1.93,132.6,133.56,7.4,6.06,0.99
振德医疗,sh603301,81.77,87.0,87.99,3590000.0,81.77,100,81.78,15000,-6.01,88.21,81.76,3590000,302830000.0,1.36,7.41,215.77,215.77,95.7,78.3,0.92
鼎阳科技,sh688112,46.51,47.72,48.1,333474600.0,46.5,200,46.51,8900,-2.54,48.26,46.4,333474600,157340000.0,2.09,3.9,74.23,74.23,57.26,38.18,1.08
兆威机电,sz003021,99.8,97.47,98.58,3780800.0,99.8,7800,99.82,200,2.39,101.77,98.58,3780800,379870000.0,1.82,3.27,206.89,266.95,107.22,87.72,1.43
富瑞特装,sz300228,9.48,9.26,9.34,25092900.0,9.47,184600,9.48,167200,2.38,9.56,9.32,25092900,237460000.0,4.47,2.59,53.24,56.64,11.11,7.41,1.1
国投中鲁,sh600962,19.2,18.78,18.79,2543300.0,19.2,4600,19.21,300,2.24,19.41,18.79,2543300,48820000.0,0.97,3.3,50.34,50.34,20.66,16.9,1.38
星云股份,sz300648,52.38,51.39,51.57,2444000.0,52.37,200,52.38,1600,1.93,53.28,51.57,2444000,128680000.0,1.84,3.33,69.5,91.29,61.67,41.11,1.46
莱尔科技,sh688683,36.94,35.5,35.68,258539900.0,36.94,1900,36.95,7800,4.06,37.99,35.42,258539900,96180000.0,1.67,7.24,57.32,59.51,42.6,28.4,1.41
朗进科技,sz300594,30.66,30.3,30.5,3386700.0,30.66,12000,30.67,6200,1.19,31.15,29.2,3386700,103500000.0,3.72,6.44,27.9,28.17,36.36,24.24,0.92
天山铝业,sz002532,18.31,18.87,18.82,70419500.0,18.3,99100,18.31,51600,-2.97,18.91,18.19,70419500,1299480000.0,1.71,3.82,751.97,847.52,20.76,16.98,0.75
张江高科,sh600895,36.94,37.13,37.23,29610900.0,36.93,96700,36.94,29200,-0.51,37.28,36.92,29610900,1098070000.0,1.91,0.97,572.09,572.09,40.84,33.42,1.1
凯美特气,sz002549,19.37,19.25,19.05,49182600.0,19.36,73800,19.37,119300,0.62,19.77,19.05,49182600,954970000.0,7.1,3.74,134.11,134.69,21.18,17.33,1.22
利和兴,sz301013,22.5,22.62,22.74,5471900.0,22.5,3000,22.51,6100,-0.53,22.95,22.49,5471900,124310000.0,2.89,2.03,42.58,52.59,27.14,18.1,0.94
弘元绿能,sh603185,23.38,22.9,23.0,12036300.0,23.38,77400,23.39,6500,2.1,23.55,23.0,12036300,281040000.0,1.77,2.4,158.76,159.7,25.19,20.61,0.88
江钨装备,sh600397,14.58,14.75,14.9,29173200.0,14.57,39700,14.58,22500,-1.15,15.08,14.58,29173200,430990000.0,2.95,3.39,144.34,144.34,16.23,13.28,0.82
精测电子,sz300567,130.46,131.72,133.56,8888500.0,130.46,1100,130.48,200,-0.96,137.78,130.13,8888500,1187930000.0,3.91,5.81,296.21,364.96,158.06,105.38,0.91
泰福泵业,sz300992,31.82,30.34,30.34,8162900.0,31.81,32100,31.83,2500,4.88,32.08,30.16,8162900,254660000.0,10.53,6.33,24.66,30.34,36.41,24.27,1.01
启明星辰,sz002439,12.96,12.85,12.93,8710200.0,12.96,107700,12.97,11000,0.86,13.06,12.92,8710200,113210000.0,1.2,1.09,94.0,157.0,14.14,11.57,0.88
*ST中基,sz000972,3.89,3.86,3.88,7388600.0,3.89,69500,3.9,92200,0.78,3.94,3.86,7388600,28790000.0,0.96,2.07,30.0,30.0,4.05,3.67,1.0
晓程科技,sz300139,57.45,58.08,58.7,25388800.0,57.45,165100,57.46,2500,-1.08,58.88,57.3,25388800,1468730000.0,10.87,2.72,134.24,157.41,69.7,46.46,0.67
华金资本,sz000532,13.66,13.43,13.55,8157200.0,13.65,33700,13.66,24600,1.71,13.8,13.51,8157200,111640000.0,2.37,2.16,46.93,47.09,14.77,12.09,1.18
德龙激光,sh688170,52.9,54.71,55.4,1053712600.0,52.9,7900,52.91,1500,-3.31,56.5,52.5,1053712600,569410000.0,10.19,7.31,54.68,54.68,65.65,43.77,1.35
龙佰集团,sz002601,17.72,17.62,17.65,15424000.0,17.72,35000,17.73,22000,0.57,17.99,17.58,15424000,274500000.0,0.78,2.33,352.2,422.49,19.38,15.86,0.75
*ST美谷,sz000615,3.39,3.36,3.36,7421400.0,3.38,9000,3.39,26900,0.89,3.42,3.36,7421400,25100000.0,0.8,1.79,31.37,60.6,3.53,3.19,0.88
德才股份,sh605287,43.28,43.4,43.56,6131100.0,43.27,1300,43.28,200,-0.28,44.83,42.86,6131100,268970000.0,4.38,4.54,60.59,60.59,47.74,39.06,0.66
亚太股份,sz002284,14.17,14.0,14.09,10415200.0,14.17,21700,14.18,36100,1.21,14.39,14.02,10415200,148450000.0,1.42,2.64,103.75,104.73,15.4,12.6,0.8
硅宝科技,sz300019,19.66,19.52,19.62,8852400.0,19.65,40500,19.66,73700,0.72,19.84,19.57,8852400,174430000.0,2.4,1.38,72.47,77.29,23.42,15.62,0.77
重药控股,sz000950,6.08,6.2,6.03,124079700.0,6.08,810100,6.09,415100,-1.94,6.15,5.89,124079700,746660000.0,7.18,4.19,105.07,105.07,6.82,5.58,0.66
信立泰,sz002294,62.92,62.87,62.64,9932100.0,62.92,200,62.93,48500,0.08,63.86,61.91,9932100,624690000.0,0.89,3.1,701.28,701.44,69.16,56.58,0.75
华特气体,sh688268,100.5,102.1,103.24,1214786000.0,100.48,8900,100.5,2400,-1.57,108.76,100.38,1214786000,1257960000.0,10.13,8.21,120.51,120.6,122.52,81.68,0.98
长阳科技,sh688299,17.78,17.28,17.37,593441700.0,17.78,2400,17.79,2200,2.89,18.04,17.37,593441700,105240000.0,2.06,3.88,51.1,51.1,20.74,13.82,1.19
立达信,sh605365,20.89,21.31,21.39,6629400.0,20.88,40600,20.89,11500,-1.97,21.66,20.81,6629400,139640000.0,1.32,3.99,104.87,104.87,23.44,19.18,0.69
新迅达,sz300518,19.76,20.05,20.41,6368000.0,19.76,11900,19.77,20000,-1.45,20.51,19.73,6368000,128020000.0,3.19,3.89,39.4,39.4,24.06,16.04,1.14
东方锆业,sz002167,12.63,12.42,12.52,24340200.0,12.63,73800,12.64,9200,1.69,12.78,12.47,24340200,308450000.0,3.21,2.5,95.66,97.84,13.66,11.18,1.33
江苏北人,sh688218,23.94,23.75,24.2,291345600.0,23.94,9500,23.95,800,0.8,24.35,23.88,291345600,70290000.0,2.5,1.98,27.88,27.88,28.5,19.0,0.79
众泰汽车,sz000980,2.18,2.16,2.17,90503100.0,2.17,1976000,2.18,1081600,0.93,2.21,2.16,90503100,198210000.0,1.8,2.31,109.68,109.93,2.38,1.94,0.62
寒锐钴业,sz300618,43.25,42.37,42.79,9301600.0,43.23,900,43.25,9600,2.08,43.94,42.42,9301600,403620000.0,3.41,3.59,117.85,133.94,50.84,33.9,1.49
南侨食品,sh605339,16.31,16.13,16.21,792400.0,16.3,100,16.31,2300,1.12,16.36,16.18,792400,12910000.0,0.19,1.12,69.2,69.2,17.74,14.52,0.86
阳光诺和,sh688621,66.5,66.62,66.22,267895300.0,66.49,600,66.5,600,-0.18,68.38,66.1,267895300,179890000.0,2.39,3.42,74.48,74.48,79.94,53.3,0.87
*ST仁东,sz002647,9.46,9.36,9.52,14524000.0,9.45,54200,9.46,89200,1.07,9.62,9.36,14524000,137740000.0,1.43,2.78,96.05,106.93,9.83,8.89,1.07
思泰克,sz301568,53.4,53.81,54.29,3755000.0,53.39,2000,53.4,21900,-0.76,54.6,53.3,3755000,202430000.0,7.89,2.42,25.42,55.14,64.57,43.05,0.84
人民同泰,sh600829,10.51,10.43,10.3,21154400.0,10.51,134700,10.52,31700,0.77,10.51,10.0,21154400,218310000.0,3.65,4.89,60.95,60.95,11.47,9.39,0.49
同星科技,sz301252,38.36,38.1,38.2,3131100.0,38.31,1400,38.36,3600,0.68,39.2,37.8,3131100,120500000.0,6.62,3.67,18.14,64.91,45.72,30.48,1.15
西藏矿业,sz000762,33.88,30.8,30.8,82707500.0,33.88,161500,0.0,0,10.0,33.88,30.51,82707500,2736880000.0,15.88,10.94,176.45,176.45,33.88,27.72,1.82
正和生态,sh605069,12.36,11.24,11.46,6911600.0,12.36,6977900,0.0,0,9.96,12.36,11.32,6911600,82480000.0,3.26,9.25,26.17,26.17,12.36,10.12,2.19
西藏珠峰,sh600338,17.82,17.6,17.69,52904700.0,17.82,47400,17.83,28600,1.25,18.2,17.6,52904700,946150000.0,5.79,3.41,162.91,162.91,19.36,15.84,1.26
高盟新材,sz300200,9.48,9.43,9.55,8859200.0,9.48,57100,9.49,37200,0.53,9.63,9.47,8859200,84580000.0,2.09,1.7,40.18,40.86,11.32,7.54,0.85
中原内配,sz002448,15.06,14.82,14.94,13677000.0,15.05,30800,15.06,60100,1.62,15.33,14.94,13677000,207570000.0,3.0,2.63,68.6,88.61,16.3,13.34,0.86
金太阳,sz300606,39.28,39.69,39.99,16125200.0,39.28,400,39.29,3000,-1.03,40.5,37.5,16125200,634850000.0,13.7,7.56,46.22,54.34,47.63,31.75,1.1
沧州明珠,sz002108,4.84,4.79,4.82,51066000.0,4.83,551800,4.84,74800,1.04,4.93,4.81,51066000,248400000.0,3.1,2.51,79.74,79.79,5.27,4.31,0.85
洛阳钼业,sh603993,18.96,19.12,19.39,232931300.0,18.96,588100,18.97,462100,-0.84,19.43,18.91,232931300,4438770000.0,1.33,2.72,3310.58,4056.36,21.03,17.21,0.95
泰嘉股份,sz002843,23.65,25.0,24.86,43323800.0,23.65,900,23.66,3100,-5.4,24.86,23.51,43323800,1033810000.0,17.27,5.4,59.31,59.54,27.5,22.5,2.13
合肥城建,sz002208,11.98,11.9,12.15,21797900.0,11.97,93400,11.98,118600,0.67,12.27,11.98,21797900,263880000.0,2.71,2.44,96.21,96.23,13.09,10.71,0.85
海马汽车,sz000572,5.71,5.69,5.75,42991800.0,5.71,276900,5.72,89300,0.35,5.84,5.69,42991800,247490000.0,2.62,2.64,93.77,93.91,6.26,5.12,0.59
长虹能源,bj920239,30.19,29.26,29.4,2830400.0,30.17,300,30.19,14200,3.18,30.9,29.4,2830400,85833400.0,1.58,5.13,54.17,54.97,38.03,20.49,2.18
华源控股,sz002787,13.78,12.53,12.54,39236500.0,13.78,1128000,0.0,0,9.98,13.78,12.54,39236500,534980000.0,15.64,9.9,34.57,46.19,13.78,11.28,5.37
华人健康,sz301408,18.11,18.98,18.98,35155300.0,18.11,31200,18.12,10100,-4.58,19.29,18.0,35155300,647170000.0,15.35,6.8,41.46,72.44,22.78,15.18,0.71
罗 牛 山,sz000735,6.63,6.59,6.63,13525000.0,6.63,30200,6.64,106800,0.61,6.69,6.59,13525000,89900000.0,1.18,1.52,76.3,76.35,7.25,5.93,0.59
云图控股,sz002539,14.64,14.17,14.29,30693200.0,14.63,9900,14.64,16300,3.32,15.03,14.1,30693200,451710000.0,3.48,6.56,129.01,176.81,15.59,12.75,1.53
强达电路,sz301628,104.25,106.88,106.2,2435000.0,104.25,4600,104.26,500,-2.46,106.66,104.0,2435000,255930000.0,8.74,2.49,29.06,78.58,128.26,85.5,1.54
博杰股份,sz002975,88.63,86.9,86.64,22910800.0,88.63,85300,88.64,1000,1.99,90.67,86.52,22910800,2037510000.0,21.64,4.78,93.82,142.08,95.59,78.21,3.76
日出东方,sh603366,8.61,8.54,8.57,19184100.0,8.61,18500,8.62,196700,0.82,8.68,8.53,19184100,165470000.0,2.36,1.76,70.0,70.0,9.39,7.69,0.6
中铝国际,sh601068,6.26,6.38,6.37,27622400.0,6.26,58200,6.27,198200,-1.88,6.47,6.25,27622400,174870000.0,1.08,3.45,160.23,187.04,7.02,5.74,0.91
金凯生科,sz301509,43.46,41.33,41.82,11854900.0,43.45,13400,43.46,16800,5.15,44.4,41.0,11854900,510670000.0,20.89,8.23,24.66,52.35,49.6,33.06,1.25
诚达药业,sz301201,46.31,53.0,51.0,24096600.0,46.31,105900,46.33,3900,-12.62,52.73,46.17,24096600,1192360000.0,22.2,12.38,50.27,71.65,63.6,42.4,1.05
中旗新材,sz001212,50.54,51.62,51.7,5423100.0,50.54,2400,50.55,2800,-2.09,52.24,50.38,5423100,276640000.0,3.12,3.6,87.86,101.56,56.78,46.46,1.32
万向钱潮,sz000559,16.32,15.31,15.47,184707700.0,16.32,17500,16.33,639900,6.6,16.84,15.4,184707700,3039660000.0,5.57,9.41,540.9,541.07,16.84,13.78,3.85
长华化学,sz301518,41.16,40.49,40.96,3461900.0,41.16,6100,41.19,100,1.65,43.5,40.8,3461900,145820000.0,6.48,6.67,22.0,59.88,48.59,32.39,1.96
唯捷创芯,sh688153,33.95,33.76,34.27,296531300.0,33.95,17300,33.96,2000,0.56,34.5,33.91,296531300,101490000.0,0.72,1.75,138.94,146.09,40.51,27.01,0.95
川恒股份,sz002895,39.58,39.81,40.44,13141200.0,39.58,6200,39.59,1300,-0.58,40.5,39.03,13141200,522900000.0,2.21,3.69,235.49,239.82,43.79,35.83,1.67
长光华芯,sh688048,239.39,230.05,229.0,2180592000.0,239.39,8500,239.4,1600,4.06,249.88,218.8,2180592000,5055760000.0,12.37,13.51,422.0,422.0,276.06,184.04,1.59
景津装备,sh603279,18.38,18.39,18.35,7181000.0,18.37,8700,18.38,5400,-0.05,18.79,18.23,7181000,132780000.0,1.25,3.05,105.94,105.94,20.23,16.55,0.66
山金国际,sz000975,30.59,31.27,31.65,32613000.0,30.59,900,30.6,700,-2.17,31.81,30.5,32613000,1003930000.0,1.29,4.19,773.14,849.4,34.4,28.14,0.91
史丹利,sz002588,10.73,10.65,10.67,12203700.0,10.72,42300,10.73,400,0.75,10.84,10.53,12203700,130930000.0,1.42,2.91,92.13,123.6,11.72,9.59,0.69
英联股份,sz002846,14.58,14.24,14.31,6212000.0,14.57,4900,14.58,33900,2.39,14.82,14.3,6212000,90930000.0,2.42,3.65,37.47,61.24,15.66,12.82,1.25
润禾材料,sz300727,33.19,32.78,33.0,3842600.0,33.15,400,33.19,100,1.25,33.96,32.61,3842600,128880000.0,2.37,4.12,53.73,59.79,39.34,26.22,1.0
金钼股份,sh601958,18.93,19.25,19.38,29479500.0,18.93,4400,18.94,7100,-1.66,19.48,18.93,29479500,565120000.0,0.91,2.86,610.8,610.8,21.18,17.33,1.02
ST朗源,sz300175,6.21,6.22,6.26,5712600.0,6.2,6400,6.21,21700,-0.16,6.26,6.18,5712600,35490000.0,1.21,1.29,29.24,29.24,7.46,4.98,1.47
长川科技,sz300604,138.05,134.2,136.07,19234400.0,138.05,28700,138.06,4000,2.87,140.9,135.1,19234400,2656320000.0,3.93,4.32,675.72,875.81,161.04,107.36,1.02
运达科技,sz300440,16.52,16.59,16.7,10810700.0,16.52,4200,16.53,5300,-0.42,17.03,16.5,10810700,181040000.0,2.47,3.19,72.33,72.61,19.91,13.27,1.05
仕佳光子,sh688313,106.0,106.98,109.01,5956420000.0,105.99,27600,106.0,49600,-0.92,111.0,101.68,5956420000,6265480000.0,13.18,8.71,479.11,479.11,128.38,85.58,1.19
良信股份,sz002706,9.99,9.76,9.91,38201600.0,9.99,84400,10.0,35800,2.36,10.2,9.86,38201600,384340000.0,4.18,3.48,91.41,112.2,10.74,8.78,1.04
宁德时代,sz300750,416.0,389.99,394.0,50788700.0,416.0,41500,416.01,700,6.67,419.0,392.68,50788700,20752500000.0,1.19,6.75,17708.43,18986.5,467.99,311.99,2.0
ST张家界,sz000430,7.54,7.43,7.45,4332500.0,7.53,29500,7.54,28500,1.48,7.58,7.43,4332500,32430000.0,1.17,2.02,27.94,61.05,7.8,7.06,1.88
晶晨股份,sh688099,82.18,80.54,84.0,917955700.0,82.16,1700,82.18,200,2.04,85.0,82.06,917955700,768950000.0,2.18,3.65,346.11,346.11,96.65,64.43,1.11
湖南黄金,sz002155,30.48,31.03,31.2,59404700.0,30.48,3700,30.49,119600,-1.77,31.28,30.4,59404700,1824030000.0,3.8,2.84,476.25,476.3,34.13,27.93,0.89
卓然股份,sh688121,11.11,10.85,10.88,288452900.0,11.06,400,11.11,18400,2.4,11.22,10.87,288452900,31970000.0,1.42,3.23,22.52,25.95,13.02,8.68,1.12
赣能股份,sz000899,12.67,12.82,12.8,16494900.0,12.67,27800,12.68,2400,-1.17,12.9,12.67,16494900,210340000.0,1.69,1.79,123.62,123.62,14.1,11.54,0.62
中船特气,sh688146,60.45,57.51,58.66,2160854400.0,60.42,9200,60.45,2800,5.11,62.74,58.66,2160854400,1316250000.0,14.91,7.09,87.63,320.03,69.01,46.01,0.96
利安隆,sz300596,45.63,45.37,45.37,2092000.0,45.62,600,45.63,7200,0.57,45.96,45.21,2092000,95480000.0,0.94,1.65,101.78,104.78,54.44,36.3,0.49
新华保险,sh601336,62.3,61.14,61.61,21616100.0,62.29,500,62.3,600,1.9,63.3,61.61,21616100,1350430000.0,1.04,2.76,1299.23,1943.48,67.25,55.03,1.14
汇隆新材,sz301057,32.32,32.38,32.74,1626600.0,32.3,600,32.32,1300,-0.19,32.83,32.13,1626600,52700000.0,1.97,2.16,26.69,37.8,38.86,25.9,0.82
科安达,sz002972,13.1,13.15,13.2,5467200.0,13.09,20700,13.1,493600,-0.38,13.29,12.98,5467200,71800000.0,4.06,2.36,17.64,32.23,14.47,11.84,0.84
盟固利,sz301487,21.26,20.5,20.9,18313600.0,21.26,75700,21.27,19100,3.71,21.72,20.81,18313600,390560000.0,6.71,4.44,58.0,97.71,24.6,16.4,2.17
乐鑫科技,sh688018,148.8,146.89,151.36,343902800.0,148.79,200,148.8,2500,1.3,155.6,148.71,343902800,522010000.0,2.19,4.69,233.17,248.71,176.27,117.51,1.56
华通线缆,sh605196,47.19,49.25,49.76,11273500.0,47.18,9800,47.19,7400,-4.18,49.8,47.01,11273500,538740000.0,2.23,5.66,238.29,241.14,54.18,44.33,1.15
朗威股份,sz301202,39.7,39.05,39.5,1425200.0,39.69,600,39.71,3200,1.66,40.3,39.11,1425200,56620000.0,3.83,3.05,14.76,54.15,46.86,31.24,1.0
翔丰华,sz300890,30.9,29.82,30.06,8145600.0,30.89,1900,30.9,300,3.62,31.4,30.06,8145600,252520000.0,7.48,4.49,33.64,36.82,35.78,23.86,1.49
鹏欣资源,sh600490,8.08,8.13,8.2,41442300.0,8.08,536200,8.09,33600,-0.62,8.27,8.08,41442300,338020000.0,2.08,2.34,161.0,178.8,8.94,7.32,0.87
威星智能,sz002849,18.05,17.64,17.65,12109500.0,18.0,1200,18.05,60400,2.32,18.76,17.55,12109500,219460000.0,6.26,6.86,34.94,39.82,19.4,15.88,2.06
ST美晨,sz300237,2.32,2.33,2.33,15736800.0,2.32,307300,2.33,884500,-0.43,2.36,2.32,15736800,36700000.0,1.09,1.72,33.45,33.45,2.8,1.86,0.77
众生药业,sz002317,18.6,18.56,18.56,22944900.0,18.6,93100,18.61,24300,0.22,18.88,18.38,22944900,427650000.0,3.01,2.69,141.66,158.09,20.42,16.7,0.68
金瑞矿业,sh600714,17.03,17.25,17.12,11443300.0,17.03,7200,17.05,17800,-1.28,17.44,17.0,11443300,195720000.0,3.97,2.55,49.08,49.08,18.98,15.53,0.64
华友钴业,sh603799,61.43,59.5,59.89,80398900.0,61.43,6600,61.44,28800,3.24,62.27,59.89,80398900,4922770000.0,4.27,4.0,1157.39,1165.16,65.45,53.55,1.71
湖北宜化,sz000422,16.06,16.0,16.08,37855100.0,16.06,30600,16.07,115300,0.38,16.52,15.93,37855100,614220000.0,3.58,3.69,169.89,174.67,17.6,14.4,0.86
豫光金铅,sh600531,13.55,13.61,13.78,38144800.0,13.55,318800,13.56,59600,-0.44,13.86,13.54,38144800,521990000.0,3.15,2.35,163.86,163.86,14.97,12.25,0.87
中仑新材,sz301565,21.56,21.29,21.44,2096200.0,21.56,2000,21.58,1100,1.27,21.8,21.44,2096200,45370000.0,1.64,1.69,27.6,86.24,25.55,17.03,1.01
华阳新材,sh600281,5.42,5.38,5.4,7236700.0,5.42,32800,5.43,44300,0.74,5.47,5.34,7236700,39270000.0,1.41,2.42,27.88,27.88,5.92,4.84,0.79
天汽模,sz002510,7.09,6.99,7.02,22560700.0,7.09,30800,7.1,406100,1.43,7.16,7.02,22560700,160220000.0,2.25,2.0,71.24,71.97,7.69,6.29,1.28
中国铝业,sh601600,12.35,12.77,12.69,328271800.0,12.35,891500,12.36,287400,-3.29,12.72,12.3,328271800,4096010000.0,2.49,3.29,1626.91,2118.64,14.05,11.49,0.97
岳阳林纸,sh600963,4.88,4.8,4.85,24145000.0,4.88,114800,4.89,6600,1.67,4.97,4.83,24145000,118340000.0,1.37,2.92,85.77,85.77,5.28,4.32,1.07
新益昌,sh688383,97.0,95.19,98.05,211623300.0,97.0,1800,97.08,5000,1.9,98.14,92.53,211623300,203080000.0,2.08,5.89,98.6,98.6,114.23,76.15,0.74
新凤鸣,sh603225,17.78,17.81,17.62,20272100.0,17.78,9700,17.79,900,-0.17,18.06,17.49,20272100,361270000.0,1.21,3.2,296.67,298.26,19.59,16.03,0.84
华宝新能,sz301327,65.6,63.96,65.21,7709600.0,65.6,42300,65.62,2200,2.56,67.14,64.48,7709600,507260000.0,4.42,4.16,114.39,114.39,76.75,51.17,1.52
凌霄泵业,sz002884,18.93,18.43,18.43,5867400.0,18.93,6400,18.94,17400,2.71,19.09,18.43,5867400,110850000.0,2.15,3.58,51.69,67.71,20.27,16.59,1.83
欣龙控股,sz000955,4.97,4.91,4.93,8461800.0,4.96,59600,4.97,35100,1.22,5.02,4.91,8461800,42120000.0,1.57,2.24,26.74,26.76,5.4,4.42,0.75
司太立,sh603520,10.87,10.66,10.74,26328900.0,10.87,31500,10.88,75100,1.97,11.05,10.56,26328900,285580000.0,6.01,4.6,47.66,47.66,11.73,9.59,1.13
恺英网络,sz002517,20.19,18.93,19.21,106360300.0,20.18,131900,20.19,80500,6.66,20.54,19.05,106360300,2132380000.0,5.63,7.87,381.41,431.35,20.82,17.04,2.25
中国平安,sh601318,58.82,58.74,59.0,63791200.0,58.81,18600,58.82,1000,0.14,59.84,58.78,63791200,3778350000.0,0.6,1.8,6270.25,10650.92,64.61,52.87,1.06
翔宇医疗,sh688626,58.28,57.7,57.75,168603700.0,58.28,12700,58.29,11500,1.01,59.05,57.75,168603700,98620000.0,1.05,2.25,93.25,93.25,69.24,46.16,0.77
保丽洁,bj920802,13.98,13.92,13.91,390200.0,13.97,8200,13.98,100,0.43,14.21,13.88,390200,5495800.0,1.77,2.37,3.09,11.46,18.09,9.75,0.81
晨化股份,sz300610,11.88,11.48,11.55,7394600.0,11.87,3000,11.88,56200,3.48,11.98,11.49,7394600,87530000.0,4.41,4.27,19.91,25.54,13.78,9.18,1.6
逸豪新材,sz301176,28.87,28.0,28.0,9954000.0,28.87,19800,28.88,7000,3.11,29.58,27.65,9954000,285070000.0,6.07,6.89,47.36,48.81,33.6,22.4,1.21
行云科技,sz300209,11.54,11.9,11.78,104668900.0,11.53,526400,11.54,109900,-3.03,12.05,11.5,104668900,1221090000.0,14.25,4.62,84.77,107.16,14.28,9.52,1.13
迪威尔,sh688377,38.82,36.58,36.58,358432800.0,38.82,2200,38.83,7500,6.12,39.7,36.58,358432800,138700000.0,1.84,8.53,75.56,75.56,43.9,29.26,1.67
乐惠国际,sh603076,28.81,28.57,28.95,4202100.0,28.81,17400,28.82,4800,0.84,29.18,28.17,4202100,121280000.0,3.48,3.54,34.77,34.77,31.43,25.71,0.65
骏鼎达,sz301538,81.66,79.6,79.91,1511100.0,81.65,200,81.66,600,2.59,82.6,79.9,1511100,122870000.0,4.84,3.39,25.49,64.02,95.52,63.68,1.66
富临精工,sz300432,25.78,23.89,23.91,103305000.0,25.78,24700,25.79,32400,7.91,26.3,23.91,103305000,2628090000.0,6.11,10.0,435.83,440.78,28.67,19.11,1.63
闽发铝业,sz002578,4.03,4.13,4.15,46656100.0,4.03,164700,4.04,250700,-2.42,4.18,4.02,46656100,189910000.0,5.42,3.87,34.7,37.83,4.54,3.72,0.46
美能能源,sz001299,15.32,13.93,13.9,14136000.0,15.32,9160000,0.0,0,9.98,15.32,13.83,14136000,209260000.0,6.47,10.7,33.46,37.17,15.32,12.54,2.71
越秀资本,sz000987,8.38,8.18,8.32,63700000.0,8.38,169000,8.39,651900,2.44,8.58,8.27,63700000,538120000.0,1.27,3.79,420.12,420.44,9.0,7.36,1.13
华电国际,sh600027,4.58,4.58,4.58,75554500.0,4.57,4724700,4.58,585000,0.0,4.6,4.57,75554500,346230000.0,0.82,0.66,422.08,531.82,5.04,4.12,0.75
达 意 隆,sz002209,15.55,15.44,15.5,5596100.0,15.55,1600,15.56,1000,0.71,15.98,15.38,5596100,87180000.0,3.58,3.89,24.31,30.95,16.98,13.9,1.17
雪迪龙,sz002658,8.43,8.34,8.37,6354800.0,8.42,28700,8.43,119300,1.08,8.51,8.37,6354800,53760000.0,1.77,1.68,30.23,53.59,9.17,7.51,0.79
洪田股份,sh603800,43.61,40.12,40.01,12155000.0,43.6,1700,43.61,4500,8.7,44.13,40.01,12155000,525030000.0,5.84,10.27,90.71,90.71,44.13,36.11,3.67
悦安新材,sh688786,31.16,31.33,31.48,240851900.0,31.16,700,31.17,900,-0.54,31.83,31.02,240851900,75560000.0,1.67,2.59,44.81,44.81,37.6,25.06,1.26
振华新材,sh688707,13.41,13.11,13.14,761052400.0,13.41,29000,13.42,13000,2.29,13.75,13.14,761052400,103030000.0,1.5,4.65,68.22,68.22,15.73,10.49,1.21
索通发展,sh603612,26.25,26.0,26.19,14100200.0,26.24,28900,26.25,10600,0.96,26.79,26.01,14100200,371760000.0,2.83,3.0,130.75,130.75,28.6,23.4,0.95
三维股份,sh603033,11.32,11.21,11.21,10270800.0,11.32,43300,11.33,38800,0.98,11.4,11.07,10270800,115200000.0,1.01,2.94,114.62,116.73,12.33,10.09,0.58
恒星科技,sz002132,4.05,4.05,4.1,51648700.0,4.05,401700,4.06,489100,0.0,4.11,4.04,51648700,210180000.0,3.69,1.73,56.68,56.76,4.46,3.65,0.76
普路通,sz002769,10.32,10.15,10.2,6282100.0,10.31,57900,10.32,84100,1.67,10.38,10.16,6282100,64640000.0,1.68,2.17,38.49,38.53,11.17,9.14,0.66
神州数码,sz000034,35.31,34.75,34.95,22798600.0,35.31,25000,35.32,69600,1.61,36.1,34.95,22798600,810520000.0,3.76,3.31,214.09,255.99,38.23,31.28,1.22
鸿利智汇,sz300219,7.7,7.51,7.55,23569500.0,7.7,29100,7.71,168400,2.53,7.85,7.55,23569500,182440000.0,3.34,3.99,54.41,54.51,9.01,6.01,1.31
聚杰微纤,sz300819,46.52,44.03,44.01,9670200.0,46.52,18600,46.53,200,5.66,47.39,43.1,9670200,439950000.0,7.18,9.74,62.69,69.41,52.84,35.22,1.93
新美星,sz300509,11.8,11.59,11.64,9866600.0,11.79,12500,11.8,18900,1.81,12.25,11.64,9866600,118150000.0,3.99,5.26,29.16,34.98,13.91,9.27,2.11
大唐发电,sh601991,3.81,3.84,3.86,129657000.0,3.81,870300,3.82,2127000,-0.78,3.87,3.8,129657000,495190000.0,1.05,1.82,472.29,705.11,4.22,3.46,0.83
兴业股份,sh603928,14.96,14.96,14.97,2668800.0,14.96,23300,14.97,4500,0.0,15.15,14.92,2668800,40120000.0,1.02,1.54,39.21,39.21,16.46,13.46,0.81
德明利,sz001309,447.24,406.58,428.0,23225700.0,447.24,128900,0.0,0,10.0,447.24,423.0,23225700,10190110000.0,14.44,5.96,719.5,1014.54,447.24,365.92,1.4
海辰药业,sz300584,43.88,43.19,42.88,6046000.0,43.88,1900,43.89,9300,1.6,44.77,42.5,6046000,264890000.0,7.36,5.26,36.03,52.66,51.83,34.55,0.81
江苏国泰,sz002091,9.28,9.07,9.1,31866800.0,9.28,282000,9.29,254900,2.32,9.37,9.08,31866800,295540000.0,1.99,3.2,148.31,151.05,9.98,8.16,1.61
富吉瑞,sh688272,53.3,55.02,51.51,419892600.0,53.3,400,53.35,2000,-3.13,54.99,51.51,419892600,223820000.0,5.52,6.32,40.51,40.51,66.02,44.02,0.9
岱勒新材,sz300700,14.71,14.4,14.42,14019100.0,14.7,48600,14.71,98200,2.15,15.08,14.42,14019100,207930000.0,5.18,4.58,39.81,58.4,17.28,11.52,1.5
锦富技术,sz300128,6.03,6.03,6.08,16719500.0,6.03,482900,6.04,94900,0.0,6.15,6.03,16719500,101930000.0,1.29,1.99,78.25,78.34,7.24,4.82,0.85
川发龙蟒,sz002312,11.47,11.4,11.46,30453800.0,11.46,158100,11.47,117100,0.61,11.64,11.39,30453800,350990000.0,1.62,2.19,216.07,216.52,12.54,10.26,0.97
匠心家居,sz301061,73.1,70.88,71.3,1531400.0,73.1,200,73.18,400,3.13,74.2,70.74,1531400,111830000.0,1.05,4.88,106.24,159.92,85.06,56.7,1.62
铂科新材,sz300811,82.3,80.86,81.75,10617300.0,82.28,2900,82.3,8300,1.78,83.99,81.47,10617300,877640000.0,4.47,3.12,195.57,238.51,97.03,64.69,1.61
维科技术,sh600152,9.83,9.85,9.75,85637200.0,9.83,32100,9.84,58100,-0.2,10.32,9.5,85637200,845860000.0,16.19,8.32,52.01,52.01,10.84,8.87,1.43
苑东生物,sh688513,67.89,71.16,70.71,614249400.0,67.86,300,67.89,1300,-4.6,72.1,67.5,614249400,426140000.0,3.48,6.46,119.85,119.85,85.39,56.93,1.08
八亿时空,sh688181,33.28,33.06,33.45,241041800.0,33.28,10900,33.3,8500,0.67,33.72,33.1,241041800,80670000.0,1.79,1.88,44.76,44.76,39.67,26.45,0.8
众鑫股份,sh603091,77.6,72.97,73.01,916000.0,77.6,800,77.66,100,6.35,77.76,73.01,916000,69680000.0,2.91,6.51,24.4,79.34,80.27,65.67,1.43
中电电机,sh603988,27.1,27.43,27.63,11575600.0,27.09,16800,27.1,10600,-1.2,27.73,26.9,11575600,315200000.0,4.92,3.03,63.74,63.74,30.17,24.69,0.84
立昂微,sh605358,35.5,35.24,35.6,16545200.0,35.5,54300,35.51,15100,0.74,36.3,35.5,16545200,592860000.0,2.46,2.27,238.34,238.34,38.76,31.72,1.34
戈碧迦,bj920438,42.16,40.85,40.76,5114900.0,42.16,36900,42.18,6700,3.21,42.85,40.06,5114900,214312200.0,3.67,6.83,58.77,61.33,53.1,28.6,1.6
宁水集团,sh603700,13.5,13.37,13.43,2476900.0,13.48,3800,13.5,2600,0.97,13.65,13.43,2476900,33570000.0,1.24,1.65,26.99,26.99,14.71,12.03,0.85
*ST生物,sz000504,9.9,10.0,10.0,1654100.0,9.9,42800,9.91,800,-1.0,10.08,9.9,1654100,16490000.0,0.5,1.8,32.58,32.67,10.5,9.5,0.73
凌云光,sh688400,47.7,46.04,47.0,2975451800.0,47.7,17800,47.71,2500,3.61,49.55,46.56,2975451800,1427720000.0,6.45,6.49,219.89,228.59,55.25,36.83,1.84
微芯生物,sh688321,30.45,30.35,30.42,806212800.0,30.45,15200,30.46,1200,0.33,31.08,30.21,806212800,246780000.0,1.98,2.87,124.18,134.88,36.42,24.28,0.74
依米康,sz300249,16.87,17.04,17.17,28195000.0,16.87,9000,16.88,37300,-1.0,17.5,16.86,28195000,482710000.0,7.55,3.76,63.0,74.31,20.45,13.63,0.95
孚能科技,sh688567,13.46,12.86,12.95,1943786200.0,13.45,17500,13.46,18000,4.67,13.75,12.9,1943786200,262230000.0,1.59,6.61,164.5,164.5,15.43,10.29,1.85
江瀚新材,sh603281,35.01,35.19,35.22,3323200.0,35.01,59800,35.02,300,-0.51,35.58,34.64,3323200,116460000.0,0.89,2.67,130.7,130.7,38.71,31.67,0.86
海德股份,sz000567,5.16,5.1,5.15,11095300.0,5.16,208800,5.17,82100,1.18,5.22,5.13,11095300,57570000.0,0.57,1.76,100.61,100.86,5.61,4.59,1.19
圣泉集团,sh605589,36.51,36.47,36.75,41562300.0,36.5,23000,36.51,17000,0.11,37.28,36.28,41562300,1526130000.0,4.93,2.74,308.0,309.02,40.12,32.82,0.96
华兰股份,sz301093,87.34,88.0,88.01,3024400.0,87.34,4400,87.35,100,-0.75,88.01,85.76,3024400,262650000.0,1.93,2.56,137.07,143.41,105.6,70.4,0.75
云铝股份,sz000807,34.6,35.56,35.57,49207900.0,34.59,6700,34.6,28700,-2.7,35.58,34.47,49207900,1709980000.0,1.42,3.12,1199.9,1199.91,39.12,32.0,0.79
锡装股份,sz001332,54.61,54.38,54.93,1451300.0,54.61,18200,54.65,1200,0.42,55.5,54.1,1451300,79450000.0,3.02,2.57,26.21,60.34,59.82,48.94,0.85
驰诚股份,bj920407,18.47,18.37,18.48,702000.0,18.46,3600,18.47,26500,0.54,18.76,18.39,702000,13046900.0,2.02,2.01,6.42,15.77,23.88,12.86,0.43
川能动力,sz000155,16.6,17.17,16.6,126812300.0,16.6,650500,16.61,99900,-3.32,17.64,16.5,126812300,2146080000.0,6.87,6.64,306.46,306.46,18.89,15.45,1.15
屹唐股份,sh688729,22.56,22.29,22.54,484254600.0,22.55,13900,22.56,5600,1.21,22.75,22.46,484254600,109400000.0,2.25,1.3,48.5,666.77,26.75,17.83,1.1
卡莱特,sz301391,77.0,70.5,71.0,3403700.0,76.98,2000,77.0,52600,9.22,77.95,70.99,3403700,257440000.0,3.67,9.87,71.48,73.16,84.6,56.4,3.07
海阳科技,sh603382,26.83,26.68,27.15,679400.0,26.83,1300,26.84,100,0.56,27.2,26.7,679400,18320000.0,1.87,1.87,9.73,48.63,29.35,24.01,0.86
弘宇股份,sz002890,16.48,16.55,16.65,2464700.0,16.45,1000,16.48,500,-0.42,16.98,16.32,2464700,40630000.0,1.53,3.99,26.61,28.0,18.21,14.9,0.48
恒邦股份,sz002237,15.08,15.14,15.44,20444900.0,15.08,64900,15.09,22200,-0.4,15.45,15.08,20444900,311150000.0,1.71,2.44,179.81,215.64,16.65,13.63,0.8
得利斯,sz002330,4.67,4.64,4.68,10526500.0,4.67,221600,4.68,16100,0.65,4.74,4.64,10526500,49360000.0,1.66,2.16,29.66,29.67,5.1,4.18,0.76
白银有色,sh601212,8.04,8.13,8.25,116861900.0,8.03,482900,8.04,97000,-1.11,8.26,8.03,116861900,947800000.0,1.58,2.83,595.34,595.34,8.94,7.32,0.87
德龙汇能,sz000593,17.36,16.88,17.18,32467000.0,17.36,58000,17.37,15700,2.84,17.64,16.39,32467000,556460000.0,9.06,7.41,62.23,62.26,18.57,15.19,0.86
迈普医学,sz301033,59.64,58.54,58.91,1834000.0,59.64,2000,59.65,300,1.88,61.98,58.91,1834000,110430000.0,3.25,5.24,33.68,39.99,70.25,46.83,1.36
佳力图,sh603912,10.05,10.06,10.16,38255600.0,10.05,133900,10.06,33100,-0.1,10.32,10.04,38255600,388340000.0,7.06,2.78,54.46,54.46,11.07,9.05,0.83
再升科技,sh603601,13.31,13.61,13.61,172332900.0,13.31,516800,13.32,66600,-2.2,13.99,13.28,172332900,2339200000.0,15.09,5.22,152.05,152.05,14.97,12.25,0.65
楚江新材,sz002171,11.32,11.18,11.31,26536800.0,11.32,30000,11.33,21700,1.25,11.44,11.26,26536800,301340000.0,1.64,1.61,182.68,183.72,12.3,10.06,1.16
三维化学,sz002469,8.42,8.38,8.46,12732100.0,8.42,33800,8.43,48100,0.48,8.53,8.34,12732100,107260000.0,2.03,2.27,52.91,54.63,9.22,7.54,0.6
*ST新潮,sh600777,5.51,5.29,5.38,29031200.0,5.5,574800,5.51,349400,4.16,5.54,5.32,29031200,158470000.0,0.46,4.16,350.77,374.71,5.55,5.03,0.79
大富科技,sz300134,10.83,11.01,11.0,19146600.0,10.83,90600,10.84,700,-1.63,11.06,10.83,19146600,209460000.0,2.69,2.09,77.15,83.12,13.21,8.81,0.77
德艺文创,sz300640,7.11,7.03,7.1,7258900.0,7.11,9200,7.12,19500,1.14,7.24,7.05,7258900,52000000.0,3.29,2.7,15.7,22.11,8.44,5.62,0.82
芯源微,sh688037,184.45,178.63,183.0,466779700.0,184.45,16000,184.49,300,3.26,188.36,180.0,466779700,867040000.0,2.32,4.68,371.9,371.9,214.36,142.9,1.28
威领股份,sz002667,26.25,25.0,25.06,33380500.0,26.24,185500,26.25,19100,5.0,27.5,24.87,33380500,872780000.0,14.11,10.52,62.11,68.41,27.5,22.5,2.62
沧州大化,sh600230,20.36,20.72,20.75,12380700.0,20.35,4600,20.36,26800,-1.74,20.81,20.29,12380700,254200000.0,2.99,2.51,84.28,84.28,22.79,18.65,0.66
嘉曼服饰,sz301276,23.38,23.33,23.34,1314700.0,23.38,2000,23.45,300,0.21,23.79,23.29,1314700,30830000.0,1.82,2.14,16.9,30.3,28.0,18.66,1.2
旗滨集团,sh601636,5.81,5.79,5.84,56194600.0,5.8,584100,5.81,109500,0.35,5.92,5.8,56194600,328790000.0,1.9,2.07,171.9,171.9,6.37,5.21,1.52
兴蓉环境,sz000598,6.7,6.62,6.65,21315000.0,6.7,193300,6.71,62300,1.21,6.73,6.63,21315000,142830000.0,0.72,1.51,199.61,199.93,7.28,5.96,1.04
药易购,sz300937,30.35,30.11,30.18,3414400.0,30.35,4500,30.36,700,0.8,30.76,29.9,3414400,103660000.0,5.26,2.86,19.69,29.03,36.13,24.09,0.63
建霖家居,sh603408,12.0,11.82,11.85,2117300.0,11.99,12000,12.0,27100,1.52,12.14,11.82,2117300,25410000.0,0.47,2.71,53.71,53.71,13.0,10.64,1.04
威唐工业,sz300707,16.13,15.88,15.99,5096200.0,16.13,12900,16.14,4800,1.57,16.35,15.99,5096200,82540000.0,3.5,2.27,23.52,28.48,19.06,12.7,0.95
ST联创,sz300343,6.31,6.33,6.36,14708200.0,6.31,25800,6.32,166900,-0.32,6.45,6.3,14708200,93490000.0,1.38,2.37,67.28,67.41,7.6,5.06,1.42
清溢光电,sh688138,27.51,27.59,27.76,212506100.0,27.5,2800,27.51,4500,-0.29,28.08,27.48,212506100,58990000.0,0.68,2.17,86.6,86.6,33.11,22.07,0.85
厦门空港,sh600897,16.37,16.27,16.27,3227600.0,16.37,46300,16.38,4100,0.61,16.64,16.24,3227600,52870000.0,0.77,2.46,68.25,68.25,17.9,14.64,1.08
亚星化学,sh600319,7.48,7.42,7.44,2709500.0,7.48,35900,7.49,7500,0.81,7.57,7.41,2709500,20360000.0,0.7,2.16,29.0,29.0,8.16,6.68,0.57
天瑞仪器,sz300165,5.3,5.33,5.37,23856500.0,5.29,143600,5.3,79800,-0.56,5.39,5.24,23856500,126500000.0,5.67,2.81,22.29,26.26,6.4,4.26,0.61
固德威,sh688390,85.96,82.22,84.0,1357809900.0,85.92,1000,85.96,5100,4.55,90.0,84.0,1357809900,1183110000.0,5.59,7.3,208.94,208.94,98.66,65.78,1.4
久日新材,sh688199,25.89,26.05,26.04,286148800.0,25.88,3400,25.89,2600,-0.61,26.38,25.81,286148800,74610000.0,1.77,2.19,41.74,41.74,31.26,20.84,0.82
扬帆新材,sz300637,11.62,11.51,11.6,3689800.0,11.61,12700,11.62,1100,0.96,11.72,11.53,3689800,42910000.0,1.57,1.65,27.25,27.28,13.81,9.21,0.74
华泰证券,sh601688,18.72,17.93,18.27,172664900.0,18.72,292600,18.73,70100,4.41,19.23,18.27,172664900,3249330000.0,2.36,5.35,1367.83,1689.83,19.72,16.14,2.8
华兴源创,sh688001,39.8,41.9,42.32,1073519000.0,39.79,200,39.8,2400,-5.01,42.4,39.29,1073519000,431660000.0,2.42,7.42,176.91,176.91,50.28,33.52,1.0
华能蒙电,sh600863,5.0,4.95,5.36,153440500.0,5.0,1509200,5.01,35700,1.01,5.36,5.0,153440500,783250000.0,2.35,7.27,326.34,391.76,5.45,4.46,3.55
海象新材,sz003011,23.43,23.34,23.6,2543700.0,23.43,100,23.44,10000,0.39,23.85,23.23,2543700,59970000.0,3.26,2.66,18.3,24.06,25.67,21.01,0.87
高测股份,sh688556,12.75,12.81,13.0,4948401900.0,12.75,122700,12.76,4700,-0.47,13.32,12.73,4948401900,642390000.0,5.96,4.61,105.92,105.92,15.37,10.25,1.25
瑞晟智能,sh688215,74.43,78.31,79.88,140950600.0,74.43,6300,74.49,1900,-4.95,79.88,74.14,140950600,106740000.0,2.26,7.33,46.46,46.46,93.97,62.65,1.38
乐通股份,sz002319,11.28,11.48,11.52,6248600.0,11.28,9100,11.29,46400,-1.74,11.57,11.26,6248600,71200000.0,3.12,2.7,22.56,23.63,12.63,10.33,0.64
开勒股份,sz301070,97.8,98.5,98.55,14116900.0,97.78,1600,97.8,200,-0.71,101.8,95.01,14116900,1384410000.0,23.78,6.89,58.05,88.24,118.2,78.8,1.62
回天新材,sz300041,10.85,10.73,10.86,11688700.0,10.85,37400,10.86,39700,1.12,10.97,10.77,11688700,127170000.0,2.15,1.86,59.03,60.7,12.88,8.58,0.75
银轮股份,sz002126,45.85,44.7,45.08,23877900.0,45.85,84800,45.86,2700,2.57,46.33,44.81,23877900,1090940000.0,3.01,3.4,364.15,388.26,49.17,40.23,1.2
国投智能,sz300188,12.37,12.27,12.4,8829100.0,12.37,3300,12.38,3500,0.81,12.5,12.37,8829100,109690000.0,1.03,1.06,105.83,106.32,14.72,9.82,1.11
光华科技,sz002741,18.05,17.39,17.5,12872500.0,18.04,3300,18.05,29000,3.8,18.25,17.49,12872500,232060000.0,3.02,4.37,76.96,83.94,19.13,15.65,1.12
中国海油,sh600938,38.1,38.31,38.0,44690900.0,38.1,176100,38.11,48700,-0.55,38.46,37.88,44690900,1704790000.0,1.49,1.51,1139.19,18108.91,42.14,34.48,0.59
零点有数,sz301169,56.31,55.56,55.86,1711500.0,56.3,400,56.49,400,1.35,57.89,55.65,1711500,97230000.0,2.38,4.03,40.55,40.57,66.67,44.45,1.4
海南矿业,sh601969,11.06,10.96,10.91,21452300.0,11.05,182600,11.06,51900,0.91,11.23,10.87,21452300,237810000.0,1.09,3.28,218.16,220.31,12.06,9.86,0.81
保变电气,sh600550,15.39,15.21,15.4,55639900.0,15.39,12300,15.4,265000,1.18,15.6,15.22,55639900,857040000.0,3.02,2.5,283.41,283.41,16.73,13.69,0.97
*ST观典,sh688287,1.49,1.53,1.47,2204938800.0,1.48,162400,1.49,34900,-2.61,1.59,1.44,2204938800,32850000.0,5.95,9.8,5.52,5.52,1.84,1.22,1.11
宝钢包装,sh601968,5.2,5.15,5.18,15260300.0,5.19,117500,5.2,5700,0.97,5.32,5.17,15260300,80010000.0,1.2,2.91,66.34,66.34,5.67,4.64,1.82
德瑞锂电,bj920523,24.09,22.84,22.92,3772000.0,24.06,1800,24.09,1200,5.47,24.88,22.92,3772000,91165500.0,4.65,8.58,19.52,24.4,29.69,15.99,3.95
野马电池,sh605378,20.31,19.65,19.78,4345000.0,20.3,5600,20.31,25700,3.36,20.7,19.78,4345000,88720000.0,1.66,4.68,53.08,53.08,21.62,17.69,2.64
华锐精密,sh688059,121.56,122.45,123.75,292577400.0,121.54,700,121.56,5200,-0.73,125.09,118.88,292577400,357790000.0,3.13,5.07,113.75,121.54,146.94,97.96,1.2
拓荆科技,sh688072,398.06,391.85,400.0,489017900.0,398.03,200,398.06,200,1.58,407.0,392.33,489017900,1953870000.0,1.73,3.74,1123.9,1123.9,470.22,313.48,1.04
神火股份,sz000933,33.69,34.73,34.3,42460000.0,33.69,22900,33.7,19700,-2.99,34.41,33.64,42460000,1439620000.0,1.89,2.22,757.16,757.69,38.2,31.26,0.88
三超新材,sz300554,22.3,21.92,22.16,2682900.0,22.29,200,22.3,1200,1.73,22.75,22.02,2682900,60100000.0,3.39,3.33,17.64,25.47,26.3,17.54,1.0
ST萃华,sz002731,7.16,7.03,7.03,17905400.0,7.16,19600,7.17,192900,1.85,7.24,6.99,17905400,127650000.0,7.8,3.56,16.44,18.34,7.38,6.68,0.78
时空科技,sh605178,76.9,79.1,79.0,7099000.0,76.9,7800,76.91,6900,-2.78,79.41,76.18,7099000,550240000.0,7.16,4.08,76.19,76.19,87.01,71.19,1.82
恒瑞医药,sh600276,57.06,56.96,57.5,58779500.0,57.06,12400,57.07,2800,0.18,58.14,56.8,58779500,3371850000.0,0.92,2.35,3639.86,3787.19,62.66,51.26,1.04
万盛股份,sh603010,12.55,12.43,12.36,22609600.0,12.54,100,12.55,3900,0.97,12.59,12.13,22609600,280840000.0,3.86,3.7,73.42,73.42,13.67,11.19,1.93
新瀚新材,sz301076,38.1,38.04,38.3,3057200.0,38.08,400,38.1,4100,0.16,38.88,38.05,3057200,117280000.0,2.78,2.18,41.84,66.63,45.65,30.43,1.24
麒盛科技,sh603610,16.01,15.63,15.63,3563700.0,16.0,100,16.01,2300,2.43,16.29,15.63,3563700,57090000.0,1.01,4.22,56.51,56.51,17.19,14.07,0.98
百洋医药,sz301015,23.81,23.72,23.8,12350100.0,23.75,1000,23.81,5100,0.38,24.27,23.55,12350100,294260000.0,2.35,3.04,125.14,125.15,28.46,18.98,0.53
柘中股份,sz002346,18.79,18.48,18.55,2670400.0,18.79,59600,18.8,71600,1.68,18.89,18.55,2670400,50080000.0,0.68,1.84,73.91,82.97,20.33,16.63,0.95
金晶科技,sh600586,5.26,5.22,5.24,34190800.0,5.26,36600,5.27,207700,0.77,5.35,5.22,34190800,180770000.0,2.41,2.49,74.55,74.55,5.74,4.7,0.82
濮耐股份,sz002225,5.47,5.43,5.48,16276300.0,5.46,70800,5.47,151300,0.74,5.54,5.44,16276300,89420000.0,1.67,1.84,53.29,63.41,5.97,4.89,0.7
中石科技,sz300684,52.8,52.03,52.54,10500600.0,52.8,25400,52.81,2300,1.48,53.82,52.33,10500600,556790000.0,5.14,2.86,107.87,158.14,62.44,41.62,1.48
格林美,sz002340,8.09,7.94,8.02,164181400.0,8.09,508800,8.1,577700,1.89,8.21,8.0,164181400,1332110000.0,3.23,2.64,410.62,412.86,8.73,7.15,1.56
合盛硅业,sh603260,42.56,42.12,42.31,8224300.0,42.56,99800,42.57,5700,1.04,43.18,42.2,8224300,350990000.0,0.7,2.33,503.15,503.15,46.33,37.91,0.78
生益科技,sh600183,61.21,59.2,60.14,60289000.0,61.2,59800,61.21,11800,3.4,62.26,59.2,60289000,3681010000.0,2.52,5.17,1465.67,1486.86,65.12,53.28,1.11
华能国际,sh600011,6.84,6.83,6.85,51082800.0,6.84,400,6.85,1516800,0.15,6.87,6.82,51082800,349740000.0,0.46,0.73,752.24,1073.75,7.51,6.15,0.57
超颖电子,sh603175,87.19,88.49,88.74,4283100.0,87.18,1100,87.19,3500,-1.47,89.48,86.7,4283100,375120000.0,9.73,3.14,38.36,381.05,97.34,79.64,0.87
新疆众和,sh600888,8.44,8.35,8.38,37205700.0,8.43,73100,8.44,92700,1.08,8.52,8.29,37205700,314070000.0,2.4,2.75,131.08,131.08,9.19,7.52,1.21
锦浪科技,sz300763,93.67,90.75,92.77,28186900.0,93.66,5000,93.67,100,3.22,96.8,92.1,28186900,2662520000.0,8.76,5.18,301.23,372.86,108.9,72.6,1.42
粤桂股份,sz000833,23.88,23.81,23.81,36673100.0,23.87,21000,23.88,48300,0.29,24.58,23.65,36673100,882300000.0,8.08,3.91,108.34,191.54,26.19,21.43,0.85
炬光科技,sh688167,388.3,389.83,391.5,547270700.0,388.22,200,388.3,200,-0.39,398.86,378.5,547270700,2122670000.0,6.09,5.22,348.92,348.92,467.8,311.86,0.89
宏裕包材,bj920274,21.35,21.05,21.24,978000.0,21.35,18300,21.38,100,1.43,21.62,21.07,978000,20945100.000000004,1.2,2.61,17.36,17.36,27.36,14.74,0.85
天元股份,sz003003,13.16,13.05,13.19,3622100.0,13.14,100,13.16,12800,0.84,13.35,13.01,3622100,47910000.0,3.07,2.61,15.5,23.26,14.36,11.75,0.53
苏盐井神,sh603299,11.58,11.59,11.63,4990900.0,11.58,18100,11.59,1000,-0.09,11.73,11.52,4990900,58000000.0,0.64,1.81,90.08,110.6,12.75,10.43,0.68
中国太保,sh601601,38.63,38.29,38.68,37752800.0,38.63,5000,38.64,19400,0.89,39.3,38.4,37752800,1463250000.0,0.55,2.35,2644.24,3716.34,42.12,34.46,1.2
斯菱智驱,sz301550,167.79,169.38,170.22,5073400.0,167.77,100,167.79,16600,-0.94,177.8,167.68,5073400,871700000.0,3.6,5.97,236.72,388.06,203.26,135.5,1.21
绿盟科技,sz300369,8.09,8.03,8.13,27526400.0,8.08,284200,8.09,13900,0.75,8.25,8.08,27526400,224450000.0,3.41,2.12,65.37,65.58,9.64,6.42,0.83
金春股份,sz300877,26.77,26.3,26.38,1476600.0,26.77,9700,26.78,8700,1.79,27.05,26.38,1476600,39520000.0,1.23,2.55,32.12,32.12,31.56,21.04,0.73
汇金通,sh603577,10.62,10.5,10.49,4584800.0,10.62,7000,10.64,94800,1.14,10.75,10.49,4584800,48780000.0,1.35,2.48,36.02,36.02,11.55,9.45,0.78
宜安科技,sz300328,17.12,17.38,17.5,46761300.0,17.12,51400,17.13,22000,-1.5,17.99,17.1,46761300,817980000.0,6.81,5.12,117.51,118.2,20.86,13.9,0.94
新安股份,sh600596,12.03,11.94,12.03,25769400.0,12.02,64400,12.03,10000,0.75,12.27,11.86,25769400,311480000.0,1.91,3.43,162.36,162.36,13.13,10.75,0.92
生益电子,sh688183,95.3,88.99,92.99,3301536800.0,95.29,200,95.3,13200,7.09,98.48,92.99,3301536800,3156790000.0,3.97,6.17,792.73,792.73,106.79,71.19,2.01
鲁银投资,sh600784,7.07,7.09,7.08,6710900.0,7.07,311500,7.08,8000,-0.28,7.15,7.06,6710900,47630000.0,0.99,1.27,47.77,47.77,7.8,6.38,0.95
爱柯迪,sh600933,17.26,17.15,17.28,10416600.0,17.26,28100,17.27,200,0.64,17.55,17.24,10416600,181360000.0,1.07,1.81,168.7,177.8,18.87,15.44,1.2
冰川网络,sz300533,28.99,28.12,28.4,7367300.0,28.99,0,29.0,23000,3.09,29.25,28.28,7367300,213330000.0,4.47,3.45,47.83,67.97,33.74,22.5,1.5
广东宏大,sz002683,38.75,38.08,38.27,12295900.0,38.74,14600,38.75,54500,1.76,39.24,38.27,12295900,477300000.0,1.84,2.55,258.29,294.46,41.89,34.27,1.61
南网储能,sh600995,13.84,13.63,13.71,21370100.0,13.84,61000,13.85,142200,1.54,13.95,13.71,21370100,295880000.0,0.67,1.76,442.33,442.33,14.99,12.27,0.95
昊华科技,sh600378,33.51,33.49,33.7,10222100.0,33.51,15800,33.53,30200,0.06,34.05,33.3,10222100,344350000.0,0.95,2.24,359.42,432.28,36.84,30.14,0.81
科大国创,sz300520,35.63,35.43,35.85,9537100.0,35.63,34200,35.64,10300,0.56,36.36,35.6,9537100,343220000.0,3.43,2.15,99.05,104.05,42.52,28.34,0.96
蓝科高新,sh601798,9.38,9.26,9.28,5961600.0,9.38,300,9.39,104200,1.3,9.43,9.2,5961600,55820000.0,1.68,2.48,33.25,33.25,10.19,8.33,1.16
芭田股份,sz002170,13.53,13.23,13.25,42055900.0,13.53,171200,13.54,85300,2.27,13.53,13.2,42055900,560920000.0,5.36,2.49,106.15,130.93,14.55,11.91,2.05
力王股份,bj920627,20.48,19.03,19.27,4557500.0,20.48,700,20.49,22800,7.62,21.45,19.13,4557500,94602600.0,9.73,12.19,9.59,19.34,24.73,13.33,4.9
中国石油,sh601857,11.99,12.1,12.02,157471400.0,11.99,128800,12.0,706000,-0.91,12.07,11.94,157471400,1889020000.0,0.1,1.07,19414.46,21944.22,13.31,10.89,0.69
先惠技术,sh688155,80.17,78.38,79.11,410692500.0,80.17,1900,80.24,200,2.28,82.79,79.0,410692500,332720000.0,3.25,4.84,101.36,101.36,94.06,62.7,1.73
明泰铝业,sh601677,17.21,17.66,17.97,83532300.0,17.21,500,17.22,97800,-2.55,18.08,17.18,83532300,1464820000.0,6.86,5.1,209.62,214.01,19.43,15.89,1.53
海峡环保,sh603817,7.07,6.88,6.94,16451100.0,7.07,233200,7.08,78200,2.76,7.18,6.92,16451100,116440000.0,2.89,3.78,40.3,40.3,7.57,6.19,0.82
英方软件,sh688435,43.48,43.21,43.29,144573400.0,43.48,100,43.5,2400,0.62,44.25,43.21,144573400,63240000.0,2.58,2.41,24.37,36.31,51.85,34.57,0.97
三生国健,sh688336,82.2,82.1,82.0,1268011000.0,82.2,20100,82.21,1300,0.12,84.29,80.03,1268011000,1042020000.0,2.06,5.19,507.0,508.07,98.52,65.68,0.74
科达制造,sh600499,18.2,17.04,17.96,60127800.0,18.19,6000,18.2,104800,6.81,18.45,17.6,60127800,1090380000.0,3.14,4.99,349.05,349.05,18.74,15.34,2.55
川润股份,sz002272,19.12,19.22,19.28,102575500.0,19.12,13300,19.13,65700,-0.52,20.1,18.98,102575500,1998730000.0,26.54,5.83,73.9,92.71,21.14,17.3,1.26
中国人保,sh601319,7.46,7.4,7.42,63719400.0,7.46,141500,7.47,72200,0.81,7.6,7.42,63719400,478350000.0,0.18,2.43,2648.13,3299.11,8.14,6.66,1.09
新开源,sz300109,18.26,18.37,18.5,8758800.0,18.18,2000,18.26,500,-0.6,18.5,18.06,8758800,159850000.0,1.96,2.4,81.67,88.27,22.04,14.7,1.03
邦基科技,sh603151,16.53,16.18,16.43,2406600.0,16.51,700,16.53,8000,2.16,16.62,16.28,2406600,39680000.0,1.41,2.1,28.28,28.28,17.8,14.56,0.8
科达利,sz002850,183.4,182.51,182.82,4705100.0,183.4,100,183.42,100,0.49,187.77,180.01,4705100,866920000.0,2.36,4.25,365.11,505.73,200.76,164.26,0.77
立中集团,sz300428,21.41,21.22,21.3,7720800.0,21.4,34300,21.41,21200,0.9,21.75,21.26,7720800,166300000.0,1.29,2.31,127.77,146.78,25.46,16.98,1.12
科恒股份,sz300340,11.04,10.71,10.73,8207300.0,11.03,10400,11.04,15500,3.08,11.18,10.71,8207300,90770000.0,3.0,4.39,30.19,30.42,12.85,8.57,1.22
金禾实业,sz002597,23.78,23.85,23.99,8277200.0,23.78,14500,23.79,3400,-0.29,24.28,23.6,8277200,197960000.0,1.46,2.85,134.79,135.15,26.24,21.47,0.58
建发合诚,sh603909,12.39,12.32,12.27,18451500.0,12.39,39200,12.4,18100,0.57,12.73,12.15,18451500,230820000.0,7.08,4.71,32.3,32.3,13.55,11.09,2.61
ST中装,sz002822,3.27,3.18,3.25,26367900.0,3.27,103000,3.28,121200,2.83,3.34,3.19,26367900,86260000.0,2.47,4.72,34.95,63.77,3.34,3.02,2.4
汉邦高科,sz300449,7.13,7.07,7.17,5088500.0,7.13,28500,7.14,14600,0.85,7.23,7.1,5088500,36420000.0,1.32,1.84,27.52,27.52,8.48,5.66,0.6
海油工程,sh600583,7.02,6.74,6.73,106195200.0,7.02,189500,7.03,593600,4.15,7.07,6.68,106195200,736620000.0,2.4,5.79,310.38,310.38,7.41,6.07,1.15
凯尔达,sh688255,28.16,27.79,28.05,163416900.0,28.16,6100,28.18,3400,1.33,28.69,27.95,163416900,46340000.0,1.49,2.66,30.94,30.94,33.35,22.23,1.2
泛亚微透,sh688386,80.45,80.77,82.0,174974000.0,80.45,1300,80.49,700,-0.4,82.68,79.12,174974000,141490000.0,1.92,4.41,73.21,80.14,96.92,64.62,1.1
凯莱英,sz002821,121.27,121.25,120.13,12658300.0,121.27,5700,121.28,3900,0.02,124.44,120.1,12658300,1541170000.0,3.99,3.58,384.43,437.63,133.38,109.13,0.66
高争民爆,sz002827,32.61,32.66,32.7,2390600.0,32.61,3500,32.62,3900,-0.15,33.08,32.54,2390600,78330000.0,0.87,1.65,90.0,90.34,35.93,29.39,0.81
海顺新材,sz300501,17.89,18.08,18.08,4820300.0,17.89,4300,17.9,34700,-1.05,18.19,17.55,4820300,86440000.0,4.79,3.54,18.02,34.62,21.7,14.46,0.53
ST中青宝,sz300052,12.6,12.56,12.61,5572400.0,12.59,15300,12.6,72400,0.32,12.82,12.56,5572400,70620000.0,2.13,2.07,32.99,32.99,15.07,10.05,0.89
皖通高速,sh600012,14.8,14.84,14.88,5700200.0,14.79,13000,14.8,20400,-0.27,14.92,14.6,5700200,84350000.0,0.49,2.16,172.51,252.87,16.32,13.36,0.89
力佳科技,bj920237,23.7,18.49,18.51,10699000.0,23.7,45300,23.71,1600,28.18,24.03,18.51,10699000,248581900.0,12.62,29.85,20.09,20.48,24.03,12.95,14.7
科华控股,sh603161,14.66,14.42,14.4,1845700.0,14.65,10800,14.66,800,1.66,14.84,14.4,1845700,27080000.0,0.97,3.05,27.96,28.5,15.86,12.98,0.91
渝农商行,sh601077,7.29,7.18,7.22,36425900.0,7.28,177500,7.29,336700,1.53,7.3,7.19,36425900,264620000.0,0.41,1.53,644.31,827.93,7.9,6.46,0.83
迈得医疗,sh688310,15.63,15.41,15.51,148710100.0,15.63,600,15.65,1000,1.43,15.95,15.42,148710100,23340000.0,0.89,3.44,25.98,25.98,18.49,12.33,0.75
颀中科技,sh688352,12.74,12.67,12.78,936213100.0,12.74,18100,12.75,600,0.55,13.08,12.74,936213100,120710000.0,2.56,2.68,46.61,151.48,15.2,10.14,1.06
中岩大地,sz003001,17.53,17.42,17.51,1856300.0,17.52,18000,17.53,16100,0.63,17.73,17.51,1856300,32690000.0,1.76,1.26,18.53,30.56,19.16,15.68,1.01
冠石科技,sh605588,55.44,55.48,55.67,1228000.0,55.43,500,55.44,6100,-0.07,56.14,55.2,1228000,68440000.0,1.68,1.69,40.53,40.62,61.03,49.93,1.03
宏昌电子,sh603002,10.94,11.1,11.12,55670700.0,10.94,98800,10.95,200300,-1.44,11.2,10.9,55670700,612300000.0,4.91,2.7,124.07,124.07,12.21,9.99,1.04
聚辰股份,sh688123,113.88,110.9,113.0,912583300.0,113.88,10200,113.89,26000,2.69,116.2,112.38,912583300,1043920000.0,5.77,3.44,180.24,180.24,133.08,88.72,1.27
复洁科技,sh688335,35.62,36.32,36.32,191272000.0,35.62,2800,35.63,400,-1.93,37.2,35.6,191272000,69220000.0,1.29,4.41,52.73,52.73,43.58,29.06,1.01
尤安设计,sz300983,28.57,28.85,28.9,911100.0,28.56,4800,28.57,5300,-0.97,29.64,28.51,911100,26360000.0,0.77,3.92,33.79,49.37,34.62,23.08,1.06
金徽股份,sh603132,18.5,18.06,18.14,10868700.0,18.5,39900,18.51,9700,2.44,18.52,17.92,10868700,198890000.0,1.11,3.32,180.93,180.93,19.87,16.25,1.31
杭叉集团,sh603298,25.47,25.6,25.72,7586500.0,25.47,9900,25.48,3500,-0.51,26.1,25.33,7586500,194110000.0,0.58,3.01,333.61,333.61,28.16,23.04,1.37
江特电机,sz002176,10.74,10.49,10.55,172008700.0,10.74,728700,10.75,381500,2.38,11.06,10.49,172008700,1857020000.0,10.08,5.43,183.23,183.26,11.54,9.44,1.53
西部材料,sz002149,45.65,46.59,46.61,39550400.0,45.65,159500,45.66,37200,-2.02,47.3,45.52,39550400,1826160000.0,8.1,3.82,222.84,222.87,51.25,41.93,0.76
永贵电器,sz300351,15.65,15.64,15.71,7207500.0,15.64,18800,15.65,17000,0.06,15.93,15.64,7207500,113750000.0,2.74,1.85,41.22,60.86,18.77,12.51,1.05
维峰电子,sz301328,50.0,47.81,48.11,1686900.0,49.99,300,50.0,1300,4.58,50.5,48.01,1686900,83920000.0,1.54,5.21,54.95,54.95,57.37,38.25,2.12
*ST立航,sh603261,35.1,35.48,35.88,367700.0,35.1,11800,35.12,2200,-1.07,35.88,35.0,367700,13010000.0,0.47,2.48,27.2,27.2,37.25,33.71,0.6
信宇人,sh688573,21.5,19.41,19.52,1094579700.0,21.48,4900,21.5,3300,10.77,23.29,19.52,1094579700,243990000.0,20.57,19.42,11.44,21.02,23.29,15.53,6.79
东芯股份,sh688110,117.0,114.88,116.0,1355588700.0,116.98,500,117.0,31900,1.85,118.27,115.5,1355588700,1584040000.0,3.07,2.41,517.43,517.43,137.86,91.9,0.9
翔楼新材,sz301160,58.02,55.28,55.61,3008700.0,58.02,5500,58.04,1200,4.96,59.3,55.6,3008700,174430000.0,4.07,6.69,42.89,65.89,66.34,44.22,1.53
远航精密,bj920914,24.12,23.08,23.3,2325000.0,24.12,600,24.16,1000,4.51,24.55,23.03,2325000,55936500.0,2.34,6.59,24.0,24.02,30.0,16.16,1.71
埃科光电,sh688610,95.04,96.14,97.99,175608900.0,95.04,8300,95.11,500,-1.14,98.32,93.71,175608900,167480000.0,4.29,4.8,38.9,64.63,115.37,76.91,0.87
开山股份,sz300257,29.85,30.6,30.74,25886100.0,29.84,5000,29.85,600,-2.45,30.89,27.0,25886100,751240000.0,2.71,12.71,284.98,296.6,36.72,24.48,2.22
聚和材料,sh688503,92.38,87.06,88.05,1498893900.0,92.36,800,92.38,38400,6.11,94.46,86.46,1498893900,1367370000.0,7.46,9.19,185.61,223.59,104.47,69.65,2.27
阿莱德,sz301419,45.0,42.52,42.97,12136100.0,45.0,107500,45.01,500,5.83,45.0,42.26,12136100,530110000.0,15.3,6.44,35.7,54.0,51.02,34.02,1.27
欧普照明,sh603515,19.28,19.34,19.23,2133600.0,19.28,400,19.3,18000,-0.31,19.54,19.16,2133600,41160000.0,0.29,1.96,141.96,143.29,21.27,17.41,0.92
康力电梯,sz002367,6.43,6.35,6.37,13090900.0,6.43,105800,6.44,40800,1.26,6.48,6.37,13090900,84330000.0,1.65,1.73,51.09,51.3,6.99,5.72,0.78
甘肃能源,sz000791,7.27,7.21,7.23,29569200.0,7.27,352200,7.28,150600,0.83,7.34,7.21,29569200,215310000.0,1.53,1.8,140.72,235.83,7.93,6.49,0.65
汉钟精机,sz002158,24.53,23.47,23.82,11093600.0,24.53,29600,24.54,2400,4.52,25.0,23.72,11093600,272490000.0,2.08,5.45,130.89,131.17,25.82,21.12,2.61
石英股份,sh603688,47.18,45.53,46.9,28691300.0,47.18,34500,47.19,3300,3.62,48.1,46.01,28691300,1349140000.0,5.3,4.59,255.56,255.56,50.08,40.98,1.35
立讯精密,sz002475,58.18,55.09,55.42,386896900.0,58.18,8900,58.19,136400,5.61,59.18,54.9,386896900,22240370000.0,5.32,7.77,4229.26,4238.99,60.6,49.58,2.61
龙洲股份,sz002682,6.02,5.94,5.96,18309500.0,6.02,3800,6.03,111600,1.35,6.13,5.95,18309500,110770000.0,3.26,3.03,33.85,33.85,6.53,5.35,0.79
常铝股份,sz002160,5.1,5.17,5.17,29938800.0,5.1,172300,5.11,191500,-1.35,5.19,5.09,29938800,153540000.0,2.9,1.93,52.57,52.67,5.69,4.65,0.51
安宁股份,sz002978,33.35,33.28,33.47,3369900.0,33.35,1100,33.36,3600,0.21,33.95,33.3,3369900,113200000.0,0.91,1.95,123.15,157.41,36.61,29.95,1.14
科捷智能,sh688455,29.33,28.88,29.29,587920300.0,29.33,7800,29.34,50000,1.56,29.87,28.16,587920300,171180000.0,3.5,5.92,49.28,49.28,34.66,23.1,1.09
华塑科技,sz301157,63.11,63.26,63.28,2413300.0,63.11,19300,63.15,400,-0.24,65.95,62.88,2413300,155160000.0,11.68,4.85,13.04,37.87,75.91,50.61,1.06
久吾高科,sz300631,26.87,26.52,26.52,2889400.0,26.87,700,26.89,700,1.32,27.27,26.52,2889400,77940000.0,2.4,2.83,32.38,33.6,31.82,21.22,0.98
上海合晶,sh688584,19.75,19.6,19.66,303222200.0,19.75,5700,19.76,10000,0.77,20.13,19.66,303222200,60430000.0,0.89,2.4,67.63,131.43,23.52,15.68,1.06
海安集团,sz001233,65.4,66.2,66.53,1990100.0,65.4,28400,65.43,1400,-1.21,67.85,65.33,1990100,131760000.0,5.62,3.81,23.14,121.63,72.82,59.58,1.1
永达股份,sz001239,15.2,14.97,15.05,3133600.0,15.2,19100,15.21,10500,1.54,15.38,15.03,3133600,47830000.0,2.75,2.34,17.33,36.48,16.47,13.47,0.75
金洲管道,sz002443,8.48,8.48,8.49,16276700.0,8.47,32500,8.48,4700,0.0,8.63,8.37,16276700,138400000.0,3.13,3.07,44.05,44.14,9.33,7.63,0.89
诺诚健华,sh688428,28.89,29.42,29.71,1331438400.0,28.89,2700,28.9,21900,-1.8,29.91,28.89,1331438400,389740000.0,4.96,3.47,77.53,509.81,35.3,23.54,0.64
开特股份,bj920978,27.57,27.33,27.66,2158300.0,27.56,3000,27.57,12400,0.88,28.09,27.37,2158300,59886300.0,2.14,2.63,27.83,49.63,35.52,19.14,0.77
金宏气体,sh688106,26.47,27.5,27.11,3870244700.0,26.46,30900,26.47,13600,-3.75,27.53,26.18,3870244700,1036670000.0,7.71,4.91,132.84,132.84,33.0,22.0,0.97
欣锐科技,sz300745,25.76,25.9,26.09,3460100.0,25.76,2600,25.78,100,-0.54,26.38,25.69,3460100,89740000.0,2.43,2.66,36.66,43.42,31.08,20.72,0.65
百花医药,sh600721,9.41,10.2,9.79,65590600.0,9.4,598400,9.41,44100,-7.75,9.97,9.38,65590600,625290000.0,17.06,5.78,36.19,36.19,11.22,9.18,1.46
江顺科技,sz001400,168.29,171.7,169.1,1995000.0,168.29,31600,168.3,1800,-1.99,176.61,166.0,1995000,341530000.0,13.3,6.18,25.24,100.97,188.87,154.53,0.75
德力佳,sh603092,68.25,67.03,67.2,1625200.0,68.24,21100,68.25,200,1.82,68.3,67.2,1625200,110490000.0,4.86,1.64,22.83,273.0,73.73,60.33,0.96
三孚新科,sh688359,83.5,80.37,80.25,361044200.0,83.5,78700,83.53,200,3.89,85.49,80.25,361044200,300470000.0,3.66,6.52,82.45,82.45,96.44,64.3,1.7
福建高速,sh600033,3.69,3.7,3.71,30526400.0,3.69,252500,3.7,715500,-0.27,3.73,3.68,30526400,112950000.0,1.11,1.35,101.27,101.27,4.07,3.33,1.04
斯迪克,sz300806,49.35,50.68,51.05,17911300.0,49.35,1700,49.38,300,-2.62,52.18,49.23,17911300,906570000.0,5.66,5.82,156.05,223.7,60.82,40.54,1.26
晶瑞电材,sz300655,14.89,14.9,15.1,25878800.0,14.88,120900,14.89,96100,-0.07,15.18,14.87,25878800,388800000.0,2.43,2.08,158.86,159.77,17.88,11.92,1.04
亚钾国际,sz000893,60.69,62.24,62.1,10766000.0,60.68,14800,60.69,5200,-2.49,62.2,60.58,10766000,658800000.0,1.33,2.6,492.69,560.81,68.46,56.02,1.07
有研硅,sh688432,14.33,14.37,14.55,937466800.0,14.33,24000,14.34,3400,-0.28,14.74,14.3,937466800,136080000.0,0.75,3.06,179.17,179.17,17.24,11.5,0.94
苏博特,sh603916,10.77,10.81,10.9,5813500.0,10.77,12500,10.78,10100,-0.37,10.98,10.76,5813500,63110000.0,1.38,2.04,45.27,45.91,11.89,9.73,1.1
宝丽迪,sz300905,34.88,31.88,32.81,9614300.0,34.87,6500,34.88,2500,9.41,35.5,32.71,9614300,332110000.0,6.88,8.75,48.71,62.44,38.26,25.5,4.2
西典新能,sh603312,39.85,38.72,39.0,2305800.0,39.85,9200,39.87,100,2.92,40.84,38.99,2305800,92170000.0,4.53,4.78,20.29,63.76,42.59,34.85,1.45
尔康制药,sz300267,4.01,3.9,4.0,98141200.0,4.0,143300,4.01,724000,2.82,4.1,3.91,98141200,395290000.0,6.9,4.87,57.04,82.71,4.68,3.12,1.34
中恒电气,sz002364,35.12,31.93,35.12,3389200.0,35.12,31359300,0.0,0,9.99,35.12,35.12,3389200,119030000.0,0.61,0.0,196.01,197.92,35.12,28.74,0.12
浩洋股份,sz300833,33.97,33.35,33.6,876100.0,33.97,3300,34.0,500,1.86,34.39,33.42,876100,29890000.0,1.08,2.91,27.6,42.97,40.02,26.68,1.04
奇精机械,sh603677,15.66,15.4,15.4,1338400.0,15.66,1500,15.67,5500,1.69,15.88,15.39,1338400,21000000.0,0.69,3.18,30.16,30.16,16.94,13.86,0.98
多浦乐,sz301528,60.56,59.46,59.82,635100.0,60.0,1200,60.57,400,1.85,60.8,59.77,635100,38300000.0,1.99,1.73,19.29,37.49,71.35,47.57,1.18
东方电缆,sh603606,58.1,57.94,58.29,11729400.0,58.1,39000,58.11,100,0.28,59.8,58.03,11729400,688620000.0,1.71,3.05,399.56,399.56,63.73,52.15,1.02
圣阳股份,sz002580,18.98,17.25,17.25,187990900.0,18.98,3704200,0.0,0,10.03,18.98,16.84,187990900,3464760000.0,41.56,12.41,85.85,86.14,18.98,15.53,1.68
丰山集团,sh603810,16.0,15.83,16.06,1631500.0,16.0,5000,16.05,1000,1.07,16.2,15.82,1631500,26220000.0,0.99,2.4,26.45,26.45,17.41,14.25,0.7
亚康股份,sz301085,59.39,59.79,60.19,2997500.0,59.38,500,59.39,39900,-0.67,60.49,59.25,2997500,178940000.0,5.09,2.07,34.99,51.54,71.75,47.83,0.68
德迈仕,sz301007,36.56,35.72,35.93,3187500.0,36.55,2000,36.56,6800,2.35,37.35,35.73,3187500,116880000.0,2.08,4.54,55.93,56.06,42.86,28.58,1.11
方邦股份,sh688020,88.02,87.45,88.01,176039400.0,87.95,7100,88.02,1700,0.65,89.58,86.72,176039400,155100000.0,2.14,3.27,72.52,72.52,104.94,69.96,1.11
科士达,sz002518,47.89,47.19,47.5,9898700.0,47.88,1000,47.89,23500,1.48,49.15,47.45,9898700,477160000.0,1.75,3.6,270.65,278.83,51.91,42.47,1.35
永和股份,sh605020,24.65,24.2,24.34,7293000.0,24.64,9800,24.65,100,1.86,24.89,24.3,7293000,179850000.0,1.45,2.44,123.97,125.92,26.62,21.78,0.85
纵横股份,sh688070,47.64,46.52,47.03,170256400.0,47.64,1400,47.65,4300,2.41,48.78,47.0,170256400,81570000.0,1.94,3.83,41.72,41.72,55.82,37.22,0.98
中国瑞林,sh603257,57.44,56.04,56.39,1899600.0,57.43,22200,57.44,600,2.5,58.13,55.75,1899600,108680000.0,7.63,4.25,14.3,68.93,61.64,50.44,1.59
美的集团,sz000333,76.41,76.52,76.52,25837300.0,76.41,10900,76.42,400,-0.14,76.74,76.06,25837300,1971070000.0,0.38,0.89,5236.37,5810.36,84.17,68.87,1.09
盛弘股份,sz300693,47.4,48.33,47.8,21390300.0,47.39,5500,47.4,36300,-1.92,48.35,47.0,21390300,1015490000.0,7.96,2.79,127.44,148.27,58.0,38.66,1.09
新威凌,bj920634,20.14,19.84,20.04,639400.0,20.14,1200,20.15,3900,1.51,20.45,19.9,639400,12917400.0,1.58,2.77,8.16,12.87,25.79,13.89,0.8
英科再生,sh688087,39.35,39.29,39.33,180924500.0,39.35,2400,39.36,800,0.15,39.79,38.9,180924500,71200000.0,0.97,2.27,73.29,76.36,47.15,31.43,0.62
沪农商行,sh601825,9.2,9.04,9.05,22728700.0,9.2,24600,9.21,16200,1.77,9.29,8.98,22728700,208460000.0,0.24,3.43,862.45,887.29,9.94,8.14,1.36
中巨芯-U,sh688549,9.2,9.1,9.21,2663098400.0,9.2,121700,9.21,47600,1.1,9.56,9.19,2663098400,249540000.0,4.52,4.07,54.22,135.91,10.92,7.28,1.05
天准科技,sh688003,68.51,69.82,69.99,421673800.0,68.51,0,68.56,11700,-1.88,72.18,68.51,421673800,294900000.0,2.17,5.26,133.13,133.13,83.78,55.86,0.82
益丰药房,sh603939,22.8,22.61,22.61,7430600.0,22.8,4000,22.81,1500,0.84,23.05,22.42,7430600,169790000.0,0.61,2.79,276.43,276.43,24.87,20.35,1.04
嘉必优,sh688089,18.4,18.08,18.2,230058600.0,18.4,10200,18.41,600,1.77,18.75,18.15,230058600,42470000.0,1.37,3.32,30.97,30.97,21.7,14.46,1.33
瑞丰银行,sh601528,5.24,5.22,5.23,10618600.0,5.24,187400,5.25,202500,0.38,5.27,5.22,10618600,55720000.0,0.61,0.96,90.89,102.82,5.74,4.7,0.57
飞凯材料,sz300398,26.84,27.27,27.66,31865400.0,26.84,33700,26.85,79200,-1.58,27.83,26.84,31865400,870720000.0,5.65,3.63,151.34,152.17,32.72,21.82,1.16
苏州银行,sz002966,8.22,8.24,8.27,17939900.0,8.22,119600,8.23,8500,-0.24,8.29,8.2,17939900,147860000.0,0.41,1.09,361.37,367.49,9.06,7.42,0.72
铜陵有色,sz000630,6.09,6.1,6.16,214274800.0,6.09,826400,6.1,3014200,-0.16,6.2,6.08,214274800,1312560000.0,1.92,1.97,678.61,816.64,6.71,5.49,1.0
吉林敖东,sz000623,18.24,17.77,18.0,16196700.0,18.24,47200,18.25,53200,2.64,18.59,17.99,16196700,297310000.0,1.36,3.38,217.24,218.13,19.55,15.99,2.15
中青旅,sh600138,9.27,9.2,9.24,6751200.0,9.26,76700,9.27,102200,0.76,9.34,9.22,6751200,62680000.0,0.93,1.3,67.1,67.1,10.12,8.28,0.93
雅艺科技,sz301113,25.46,25.18,25.6,2169200.0,25.45,2000,25.46,2300,1.11,25.96,25.07,2169200,55360000.0,3.94,3.53,14.02,23.17,30.22,20.14,1.25
中国西电,sh601179,16.08,15.79,16.0,183440400.0,16.07,264100,16.08,703800,1.84,16.28,15.77,183440400,2945740000.0,3.58,3.23,824.24,824.24,17.37,14.21,1.24
ST景峰,sz000908,7.2,7.31,7.21,23211100.0,7.19,220900,7.2,62500,-1.5,7.43,7.12,23211100,167800000.0,2.64,4.24,63.34,126.69,7.68,6.94,0.83
华北制药,sh600812,5.56,5.58,5.6,24334600.0,5.56,172000,5.57,283500,-0.36,5.64,5.49,24334600,135370000.0,1.42,2.69,95.39,95.39,6.14,5.02,0.63
康达新材,sz002669,13.15,13.01,13.09,5323700.0,13.14,117000,13.15,99100,1.08,13.29,13.06,5323700,70220000.0,1.76,1.77,39.81,39.9,14.31,11.71,0.81
穗恒运Ａ,sz000531,6.47,6.61,6.6,26049100.0,6.46,458200,6.47,77500,-2.12,6.61,6.45,26049100,169920000.0,2.86,2.42,58.86,67.38,7.27,5.95,1.3
福晶科技,sz002222,85.48,81.69,81.74,45380100.0,85.47,11300,85.48,86800,4.64,86.99,81.73,45380100,3805860000.0,9.69,6.44,400.18,401.97,89.86,73.52,0.87
绿联科技,sz301606,76.1,72.91,73.74,7046400.0,76.09,1900,76.1,9900,4.38,76.51,72.94,7046400,528980000.0,4.27,4.9,125.56,315.75,87.49,58.33,1.81
建龙微纳,sh688357,35.33,34.59,35.0,141887700.0,35.33,3600,35.35,0,2.14,36.13,34.58,141887700,50460000.0,1.42,4.48,35.35,35.35,41.51,27.67,1.23
奥来德,sh688378,36.85,36.51,36.31,320411300.0,36.85,10700,36.9,1000,0.93,37.19,36.31,320411300,118360000.0,1.33,2.41,88.79,96.34,43.81,29.21,0.68
联得装备,sz300545,32.74,32.92,33.19,6847800.0,32.74,3200,32.75,21700,-0.55,33.56,32.74,6847800,227090000.0,5.73,2.49,39.14,60.72,39.5,26.34,0.76
厦门象屿,sh600057,8.32,8.28,8.29,11916300.0,8.32,7100,8.33,3300,0.48,8.39,8.28,11916300,99290000.0,0.57,1.33,174.1,236.34,9.11,7.45,0.8
中国人寿,sh601628,37.77,36.95,37.18,27623200.0,37.77,9800,37.78,25000,2.22,38.28,37.16,27623200,1046910000.0,0.13,3.03,7865.05,10675.58,40.65,33.26,1.38
中科环保,sz301175,6.23,6.18,6.21,17258300.0,6.23,155500,6.24,226100,0.81,6.3,6.19,17258300,107940000.0,2.78,1.78,38.74,91.7,7.42,4.94,0.78
江化微,sh603078,22.93,22.97,23.28,9115500.0,22.93,1900,22.94,2200,-0.17,23.32,22.88,9115500,210660000.0,2.36,1.92,88.43,88.43,25.27,20.67,1.12
东华科技,sz002140,12.56,12.49,12.58,7550300.0,12.56,39700,12.57,12700,0.56,12.73,12.5,7550300,95100000.0,1.07,1.84,88.8,88.93,13.74,11.24,0.71
富特科技,sz301607,49.29,48.26,49.08,3387400.0,49.28,200,49.29,8900,2.13,49.7,48.32,3387400,166850000.0,3.13,2.86,53.38,76.61,57.91,38.61,0.93
永信至诚,sh688244,19.2,18.95,19.1,132806400.0,19.2,11300,19.21,4200,1.32,19.51,19.1,132806400,25670000.0,0.88,2.16,28.98,28.98,22.74,15.16,0.76
海螺水泥,sh600585,22.84,22.86,22.91,17288900.0,22.84,85900,22.85,4200,-0.09,23.07,22.81,17288900,396310000.0,0.43,1.14,913.53,1210.36,25.15,20.57,0.87
建业股份,sh603948,27.22,26.8,26.8,1214100.0,27.21,400,27.22,10300,1.57,27.42,26.79,1214100,33100000.0,0.75,2.35,44.23,44.23,29.48,24.12,1.01
阳光电源,sz300274,130.79,123.8,125.61,104979500.0,130.78,18600,130.79,418200,5.65,133.0,125.61,104979500,13683500000.0,6.6,5.97,2079.58,2711.55,148.56,99.04,1.4
厦门银行,sh601187,7.44,7.52,7.51,11823300.0,7.44,33400,7.45,16500,-1.06,7.53,7.44,11823300,88290000.0,0.45,1.2,195.92,196.35,8.27,6.77,0.82
吉峰科技,sz300022,9.83,10.03,10.2,33043800.0,9.83,124800,9.84,200,-1.99,10.53,9.81,33043800,331470000.0,6.69,7.18,48.58,48.58,12.04,8.02,0.84
红 宝 丽,sz002165,9.66,9.79,9.8,41550400.0,9.66,156700,9.67,102200,-1.33,9.84,9.66,41550400,403940000.0,5.71,1.84,70.29,71.03,10.77,8.81,0.6
浦发银行,sh600000,9.89,9.93,9.93,42658500.0,9.89,50900,9.9,116000,-0.4,9.95,9.86,42658500,422430000.0,0.13,0.91,3293.95,3293.95,10.92,8.94,0.99
首钢股份,sz000959,4.67,4.67,0.0,0.0,0.0,0,0.0,0,0.0,0.0,0.0,0,0.0,0.0,0.0,347.99,362.16,5.14,4.2,0.0
湘潭电化,sz002125,13.32,13.05,13.14,17302100.0,13.31,30500,13.32,31000,2.07,13.55,13.13,17302100,231300000.0,2.75,3.22,83.85,83.85,14.36,11.75,1.24
百川股份,sz002455,12.43,13.03,13.0,126066700.0,12.43,39400,12.44,65800,-4.6,13.17,12.25,126066700,1589560000.0,19.08,7.06,82.14,89.8,14.33,11.73,1.25
东方证券,sh600958,9.27,9.06,9.15,96140000.0,9.27,469400,9.28,95400,2.32,9.45,9.15,96140000,898200000.0,1.29,3.31,692.42,787.64,9.97,8.15,2.37
四川路桥,sh600039,9.41,9.41,9.45,16556500.0,9.4,54400,9.41,1500,0.0,9.5,9.38,16556500,156100000.0,0.19,1.28,818.26,818.26,10.35,8.47,0.89
大族激光,sz002008,76.55,76.36,76.36,45146200.0,76.55,9100,76.56,1900,0.25,77.32,75.55,45146200,3449960000.0,4.72,2.32,732.37,788.16,84.0,68.72,1.1
奥普科技,sh603551,12.6,12.35,12.48,3193300.0,12.59,1200,12.6,3700,2.02,12.74,12.35,3193300,40210000.0,0.84,3.16,47.87,48.48,13.59,11.12,0.95
华丰股份,sh605100,46.21,45.69,45.85,4294700.0,46.21,6800,46.22,800,1.14,46.8,45.34,4294700,198760000.0,2.53,3.2,78.53,78.89,50.26,41.12,1.65
宁波韵升,sh600366,12.5,12.42,12.52,23695200.0,12.49,145600,12.5,31200,0.64,12.62,12.39,23695200,296550000.0,2.16,1.85,137.38,137.38,13.66,11.18,1.26
江丰电子,sz300666,156.5,156.97,158.98,12455500.0,156.5,10500,156.51,900,-0.3,164.8,156.5,12455500,1993280000.0,5.63,5.29,346.11,415.23,188.36,125.58,1.07
陕西能源,sz001286,10.87,11.08,11.04,16368900.0,10.87,5900,10.88,200,-1.9,11.08,10.83,16368900,178320000.0,1.56,2.26,114.14,407.62,12.19,9.97,1.0
耐科装备,sh688419,49.99,49.46,49.53,327071900.0,49.97,500,49.99,2800,1.07,50.8,48.7,327071900,162840000.0,5.5,4.25,29.75,57.26,59.35,39.57,0.81
恒达新材,sz301469,32.97,32.58,33.0,1267100.0,32.96,200,32.97,800,1.2,33.67,32.89,1267100,42080000.0,2.75,2.39,15.19,29.5,39.1,26.06,0.95
华天科技,sz002185,12.24,12.13,12.32,88562300.0,12.24,232700,12.25,352400,0.91,12.48,12.23,88562300,1091610000.0,2.71,2.06,399.7,399.8,13.34,10.92,1.11
箭牌家居,sz001322,7.44,7.4,7.44,2957000.0,7.44,600,7.45,83000,0.54,7.53,7.39,2957000,22090000.0,0.38,1.89,58.45,71.96,8.14,6.66,0.78
豪鹏科技,sz001283,69.53,64.7,66.02,11198300.0,69.52,13400,69.53,2800,7.47,71.17,66.02,11198300,784630000.0,14.04,7.96,55.44,69.49,71.17,58.23,2.38
中际联合,sh605305,43.21,42.43,42.99,8741700.0,43.21,76900,43.22,7000,1.84,44.24,42.65,8741700,379830000.0,4.11,3.75,91.83,91.83,46.67,38.19,1.18
大元泵业,sh603757,55.11,54.16,53.0,34265800.0,55.11,11500,55.12,5900,1.75,58.69,52.86,34265800,1898650000.0,18.37,10.76,102.81,102.81,59.58,48.74,1.76
六国化工,sh600470,6.98,7.01,7.09,31989900.0,6.98,303600,6.99,48000,-0.43,7.1,6.88,31989900,223120000.0,6.13,3.14,36.41,36.41,7.71,6.31,0.73
中国宝安,sz000009,8.89,8.67,8.71,28393200.0,8.88,148000,8.89,19000,2.54,8.97,8.7,28393200,252680000.0,1.1,3.11,229.01,229.29,9.54,7.8,1.57
云南铜业,sz000878,18.65,18.74,18.87,42437100.0,18.65,51800,18.66,12800,-0.48,19.03,18.62,42437100,796800000.0,2.12,2.19,373.68,452.3,20.61,16.87,1.06
新化股份,sh603867,32.14,30.97,31.2,7551900.0,32.14,2600,32.15,12900,3.78,32.76,30.86,7551900,241320000.0,3.5,6.13,69.32,69.9,34.07,27.87,1.43
前沿生物-U,sh688221,19.78,19.76,19.82,1195046100.0,19.77,4900,19.78,7100,0.1,20.29,19.49,1195046100,237100000.0,3.19,4.05,74.09,74.09,23.71,15.81,0.71
骆驼股份,sh601311,9.97,9.48,9.53,64758900.0,9.96,233900,9.97,300,5.17,10.3,9.51,64758900,646230000.0,5.52,8.33,116.96,116.96,10.43,8.53,3.32
时代电气,sh688187,51.24,50.82,51.1,477755700.0,51.22,5000,51.24,1500,0.83,51.46,50.74,477755700,244220000.0,0.55,1.42,445.23,695.81,60.98,40.66,1.42
先导基电,sh600641,22.08,21.06,21.33,75309300.0,22.07,73500,22.08,147900,4.84,22.26,21.07,75309300,1634710000.0,8.09,5.65,205.48,205.48,23.17,18.95,1.33
奇安信-U,sh688561,30.11,29.66,29.8,481983400.0,30.11,5700,30.12,2200,1.52,30.48,29.8,481983400,145680000.0,0.71,2.29,205.43,205.43,35.59,23.73,1.16
天润乳业,sh600419,9.6,9.61,9.65,2978500.0,9.6,5000,9.61,25200,-0.1,9.68,9.52,2978500,28620000.0,0.94,1.66,30.29,30.29,10.57,8.65,0.59
永福股份,sz300712,28.0,28.06,28.28,2557700.0,28.0,34300,28.03,11300,-0.21,28.52,27.92,2557700,72240000.0,1.37,2.14,52.29,52.51,33.67,22.45,0.83
福建金森,sz002679,10.7,10.63,10.8,3167500.0,10.7,7100,10.71,4100,0.66,10.85,10.63,3167500,34060000.0,1.34,2.07,25.23,25.23,11.69,9.57,0.68
恒光股份,sz301118,24.46,24.47,24.5,1630300.0,24.45,2500,24.46,10800,-0.04,24.93,24.46,1630300,40190000.0,1.55,1.92,25.7,26.95,29.36,19.58,0.6
朗坤科技,sz301305,26.31,25.23,25.33,7326600.0,26.31,1200,26.32,6800,4.28,26.55,25.33,7326600,191960000.0,5.92,4.84,32.55,63.47,30.28,20.18,1.46
粤宏远Ａ,sz000573,4.56,4.58,4.59,58450200.0,4.55,98000,4.56,359500,-0.44,4.69,4.49,58450200,269820000.0,9.23,4.37,28.86,29.11,5.04,4.12,1.98
珠海冠宇,sh688772,16.11,15.68,15.8,4833086600.0,16.1,128800,16.11,19100,2.74,16.58,15.73,4833086600,786500000.0,4.27,5.42,182.4,182.4,18.82,12.54,1.76
七 匹 狼,sz002029,10.12,10.01,10.18,12920700.0,10.12,60300,10.13,20900,1.1,10.35,10.11,12920700,132240000.0,1.94,2.4,67.34,71.35,11.01,9.01,0.67
四川成渝,sh601107,5.67,5.55,5.56,19163000.0,5.66,71600,5.67,48700,2.16,5.71,5.56,19163000,108460000.0,0.89,2.7,122.63,173.39,6.11,5.0,0.77
*ST星光,sz002076,2.14,2.1,2.1,18767600.0,2.13,253400,2.14,947200,1.9,2.15,2.09,18767600,39960000.0,1.8,2.86,22.3,23.74,2.21,2.0,1.02
江南新材,sh603124,116.91,117.0,117.58,2139300.0,116.91,400,116.97,800,-0.08,118.51,115.14,2139300,250080000.0,2.76,2.88,90.73,170.39,128.7,105.3,0.76
曼恩斯特,sz301325,44.93,43.53,44.0,2070100.0,44.93,900,44.98,1300,3.22,45.83,43.98,2070100,93340000.0,3.58,4.25,26.01,64.65,52.24,34.82,1.43
超捷股份,sz301005,149.62,149.94,151.0,7993600.0,149.61,6100,149.62,4300,-0.21,154.96,149.23,7993600,1209820000.0,6.04,3.82,198.05,200.88,179.93,119.95,0.88
盛美上海,sh688082,153.9,151.33,153.66,357153600.0,153.89,3600,153.9,1300,1.7,156.6,152.67,357153600,552330000.0,0.75,2.6,731.0,738.97,181.6,121.06,1.27
利扬芯片,sh688135,29.69,29.03,29.47,1512188400.0,29.68,10600,29.69,45200,2.27,30.29,29.17,1512188400,449420000.0,6.49,3.86,69.21,69.21,34.84,23.22,1.71
荃银高科,sz300087,8.12,8.13,8.17,8441200.0,8.12,252700,8.13,10600,-0.12,8.18,8.09,8441200,68660000.0,0.94,1.11,73.27,76.92,9.76,6.5,0.65
德赛电池,sz000049,26.86,25.44,25.63,27158100.0,26.85,69700,26.86,24900,5.58,27.6,25.62,27158100,733990000.0,7.06,7.78,103.29,103.31,27.98,22.9,2.85
科新发展,sh600234,16.1,15.43,15.48,6758400.0,16.09,11500,16.1,134500,4.34,16.58,15.36,6758400,109170000.0,2.57,7.91,42.27,42.27,16.97,13.89,2.03
宝鼎科技,sz002552,18.42,17.68,18.19,8857500.0,18.41,900,18.42,27700,4.19,18.99,18.05,8857500,163230000.0,2.4,5.32,67.88,71.47,19.45,15.91,1.77
中望软件,sh688083,53.09,52.8,53.3,220933500.0,53.07,2400,53.09,200,0.55,53.76,52.82,220933500,117760000.0,1.3,1.78,90.07,90.07,63.36,42.24,0.54
华脉科技,sh603042,21.99,23.34,22.68,34901800.0,21.99,136600,22.0,16500,-5.78,22.77,21.65,34901800,769260000.0,21.73,4.8,35.31,35.31,25.67,21.01,0.88
津药药业,sh600488,6.42,7.08,6.67,240962100.0,6.42,77100,6.43,818100,-9.32,6.99,6.37,240962100,1574010000.0,22.07,8.76,70.1,70.1,7.79,6.37,1.47
中信银行,sh601998,8.21,8.24,8.26,29991800.0,8.2,10700,8.21,40000,-0.36,8.28,8.15,29991800,245860000.0,0.07,1.58,3346.64,4568.47,9.06,7.42,0.76
德美化工,sz002054,8.68,8.6,8.65,11214600.0,8.67,49900,8.68,33800,0.93,8.75,8.58,11214600,97360000.0,2.92,1.98,33.33,41.85,9.46,7.74,1.05
天奇股份,sz002009,24.7,24.6,24.91,29873600.0,24.7,38900,24.71,17700,0.41,25.63,24.68,29873600,749010000.0,8.44,3.86,87.47,99.35,27.06,22.14,1.29
海立股份,sh600619,17.8,18.38,18.18,57718000.0,17.8,97000,17.81,25200,-3.16,18.18,17.79,57718000,1035550000.0,7.31,2.12,140.47,191.06,20.22,16.54,2.53
爱克股份,sz300889,26.39,25.03,25.2,8639600.0,26.38,113400,26.39,15900,5.43,26.99,25.2,8639600,228930000.0,5.9,7.15,38.63,58.12,30.04,20.02,1.91
镇海股份,sh603637,14.41,14.31,14.22,22269700.0,14.41,2100,14.42,54500,0.7,14.97,14.22,22269700,325650000.0,9.33,5.24,34.39,34.39,15.74,12.88,1.46
大叶股份,sz300879,24.81,24.81,24.99,4408300.0,24.81,11300,24.84,4400,0.0,25.58,24.7,4408300,110370000.0,2.19,3.55,49.88,50.22,29.77,19.85,0.73
三和管桩,sz003037,7.17,7.11,7.13,3350900.0,7.17,71000,7.18,51600,0.84,7.24,7.13,3350900,24120000.0,0.56,1.55,42.95,42.95,7.82,6.4,1.0
博力威,sh688345,50.63,51.79,51.56,568590700.0,50.63,800,50.64,1500,-2.24,52.69,49.95,568590700,290360000.0,5.69,5.29,50.63,51.21,62.15,41.43,0.88
滨化股份,sh601678,5.07,5.0,4.99,51927900.0,5.06,710600,5.07,222600,1.4,5.1,4.96,51927900,262560000.0,2.54,2.8,103.6,104.28,5.5,4.5,0.91
佳先股份,bj920489,14.2,14.19,14.2,2150000.0,14.2,5500,14.21,4400,0.07,14.47,14.1,2150000,30707700.0,2.48,2.61,12.33,19.38,18.44,9.94,0.79
九鼎投资,sh600053,14.84,14.55,14.63,6012200.0,14.84,9000,14.85,88300,1.99,15.05,14.6,6012200,89510000.0,1.39,3.09,64.34,64.34,16.01,13.1,1.23
常山药业,sz300255,41.06,41.42,41.44,19542100.0,41.05,3500,41.06,38400,-0.87,42.01,40.8,19542100,809210000.0,2.13,2.92,376.81,377.37,49.7,33.14,0.48
奥福科技,sh688021,24.56,24.39,24.81,227947000.0,24.55,2000,24.56,4600,0.7,25.24,24.23,227947000,56080000.0,2.98,4.14,18.77,18.77,29.27,19.51,0.61
有方科技,sh688159,41.6,41.18,41.2,176580600.0,41.59,4400,41.6,9900,1.02,42.38,41.2,176580600,74080000.0,1.9,2.87,38.58,38.65,49.42,32.94,0.86
永安林业,sz000663,6.69,6.57,6.64,4960700.0,6.62,400,6.69,50200,1.83,6.69,6.57,4960700,32960000.0,1.62,1.83,20.49,22.52,7.23,5.91,0.62
ST智知,sh603869,10.2,10.06,10.29,4367600.0,10.2,2100,10.21,900,1.39,10.56,10.05,4367600,45210000.0,0.88,5.07,50.4,50.4,10.56,9.56,3.72
中邮科技,sh688648,53.08,53.03,53.3,172733600.0,53.06,1800,53.08,7300,0.09,54.38,52.96,172733600,92570000.0,2.48,2.68,36.91,72.19,63.64,42.42,0.87
蓝晓科技,sz300487,72.22,71.57,72.29,2585200.0,72.2,1200,72.22,6200,0.91,73.04,71.59,2585200,186980000.0,0.84,2.03,222.45,367.7,85.88,57.26,1.12
道通科技,sh688208,36.53,36.42,36.82,1479949700.0,36.51,1800,36.53,26400,0.3,37.38,36.48,1479949700,545730000.0,2.21,2.47,244.82,244.82,43.7,29.14,1.36
上海银行,sh601229,9.59,9.62,9.63,35655700.0,9.58,325600,9.59,42200,-0.31,9.66,9.56,35655700,342230000.0,0.25,1.04,1362.64,1362.64,10.58,8.66,1.06
招商蛇口,sz001979,7.99,8.0,8.04,48833500.0,7.99,328900,8.0,277100,-0.13,8.08,7.98,48833500,391920000.0,0.58,1.25,672.25,720.38,8.8,7.2,0.91
东田微,sz301183,186.33,195.9,194.0,10146000.0,186.32,1300,186.33,10300,-4.89,194.71,185.13,10146000,1912330000.0,17.28,4.89,109.38,149.21,235.08,156.72,0.89
浪潮信息,sz000977,67.5,65.07,65.77,117289300.0,67.5,217700,67.51,188500,3.73,69.2,65.28,117289300,7921250000.0,8.0,6.02,990.11,991.22,71.58,58.56,2.01
美亚光电,sz002690,18.18,17.82,17.93,4586900.0,18.17,1300,18.18,6800,2.02,18.32,17.9,4586900,83480000.0,1.06,2.36,78.86,160.39,19.6,16.04,0.93
富信科技,sh688662,63.74,62.45,63.01,637001400.0,63.74,1600,63.86,2200,2.07,65.2,61.2,637001400,403280000.0,7.22,6.41,56.24,56.24,74.94,49.96,1.37
福能股份,sh600483,10.34,10.23,10.28,22307400.0,10.34,79300,10.35,58100,1.08,10.41,10.14,22307400,229590000.0,0.8,2.64,287.47,287.47,11.25,9.21,0.95
和顺科技,sz301237,56.54,54.47,54.52,1255700.0,56.54,3300,56.6,100,3.8,58.02,54.52,1255700,71150000.0,2.16,6.43,32.93,45.23,65.36,43.58,1.68
通威股份,sh600438,16.29,16.02,16.15,36534500.0,16.29,78700,16.3,224600,1.69,16.49,16.11,36534500,596650000.0,0.81,2.37,733.37,733.37,17.62,14.42,0.85
东吴证券,sh601555,8.27,8.17,8.28,71541700.0,8.27,19100,8.28,338400,1.22,8.5,8.26,71541700,599240000.0,1.44,2.94,410.91,410.91,8.99,7.35,1.51
时代新材,sh600458,11.65,11.48,11.55,14679300.0,11.65,33000,11.66,8700,1.48,11.88,11.55,14679300,172010000.0,1.7,2.87,100.44,108.43,12.63,10.33,0.87
惠泰医疗,sh688617,260.47,258.0,259.59,130281300.0,260.47,500,260.85,200,0.96,261.82,255.5,130281300,337510000.0,0.92,2.45,367.34,367.34,309.6,206.4,1.12
海锅股份,sz301063,24.25,23.86,24.09,2012200.0,24.25,22500,24.27,3700,1.63,24.68,23.88,2012200,49000000.0,2.08,3.35,23.44,25.31,28.63,19.09,0.73
深科达,sh688328,40.65,40.45,41.3,704942900.0,40.65,4600,40.67,400,0.49,41.86,40.43,704942900,288420000.0,7.46,3.54,38.4,38.4,48.54,32.36,0.63
华菱钢铁,sz000932,5.12,5.04,5.08,81747700.0,5.12,243000,5.13,672100,1.59,5.19,5.06,81747700,421130000.0,1.19,2.58,350.85,350.85,5.54,4.54,1.36
*ST大晟,sh600892,3.55,3.5,3.55,4647400.0,3.55,48200,3.56,53200,1.43,3.56,3.5,4647400,16390000.0,0.83,1.71,19.86,19.86,3.68,3.33,1.17
国脉文化,sh600640,12.01,11.93,12.06,3496800.0,12.01,8300,12.02,121700,0.67,12.18,11.99,3496800,42260000.0,0.44,1.59,95.56,95.56,13.12,10.74,0.77
浙江众成,sz002522,6.02,5.99,6.01,25156200.0,6.01,126600,6.02,99400,0.5,6.13,5.98,25156200,152080000.0,2.78,2.5,54.48,54.53,6.59,5.39,0.85
星球石墨,sh688633,25.64,25.26,25.45,132851200.0,25.6,200,25.64,100,1.5,26.02,25.19,132851200,34110000.0,0.92,3.29,36.86,36.86,30.31,20.21,1.08
古汉医药,sz000590,11.38,11.4,11.51,4176500.0,11.38,9300,11.39,3900,-0.18,11.52,11.31,4176500,47650000.0,1.74,1.84,27.24,27.25,12.54,10.26,0.81
中金岭南,sz000060,6.28,6.3,6.35,81167100.0,6.27,443900,6.28,259900,-0.32,6.44,6.27,81167100,514970000.0,1.83,2.7,278.9,278.91,6.93,5.67,1.07
大东南,sz002263,4.9,4.45,4.31,421227800.0,4.9,16943000,0.0,0,10.11,4.9,4.31,421227800,2022850000.0,22.43,13.26,92.04,92.04,4.9,4.01,0.82
道明光学,sz002632,11.86,11.75,11.82,10153600.0,11.86,28500,11.87,17100,0.94,11.99,11.8,10153600,121000000.0,1.77,1.62,68.13,74.08,12.93,10.58,0.64
睿创微纳,sh688002,121.2,116.01,117.54,1485734700.0,121.2,4400,121.21,10200,4.47,124.67,116.01,1485734700,1802960000.0,3.19,7.46,564.47,564.47,139.21,92.81,1.83
特锐德,sz300001,28.81,28.55,28.8,27536300.0,28.81,17000,28.82,7700,0.91,29.3,28.67,27536300,796670000.0,2.66,2.21,298.15,304.1,34.26,22.84,1.1
艾比森,sz300389,19.3,19.13,19.0,15723100.0,19.29,12500,19.3,225500,0.89,19.63,18.81,15723100,303150000.0,7.17,4.29,42.35,71.24,22.96,15.3,1.0
TCL科技,sz000100,4.34,4.29,4.34,347657100.0,4.34,3315300,4.35,4720200,1.17,4.4,4.33,347657100,1517810000.0,1.82,1.63,830.33,902.76,4.72,3.86,1.16
盈建科,sz300935,29.71,29.48,29.79,1012400.0,29.7,100,29.76,5500,0.78,30.29,29.63,1012400,30330000.0,1.68,2.24,17.91,23.6,35.38,23.58,0.62
通富微电,sz002156,45.23,44.74,45.24,63710200.0,45.22,85500,45.23,383400,1.1,46.7,45.07,63710200,2904170000.0,4.2,3.64,686.34,686.41,49.21,40.27,1.35
南亚新材,sh688519,136.95,134.16,133.0,840856800.0,136.95,19600,136.96,1000,2.08,142.28,132.0,840856800,1163330000.0,3.58,7.66,321.52,321.52,160.99,107.33,0.92
领湃科技,sz300530,25.12,24.3,24.46,3160100.0,25.1,1000,25.12,2700,3.37,25.35,24.38,3160100,79310000.0,1.84,3.99,43.19,43.19,29.16,19.44,1.65
洁美科技,sz002859,42.62,42.9,43.22,9551500.0,42.62,7800,42.63,15400,-0.65,44.22,42.57,9551500,415870000.0,2.35,3.85,172.99,183.79,47.19,38.61,1.74
海大集团,sz002311,48.7,50.0,50.15,17468900.0,48.69,200,48.7,1900,-2.6,50.16,48.44,17468900,854210000.0,1.05,3.44,809.65,810.25,55.0,45.0,2.12
广日股份,sh600894,9.85,9.94,10.1,14262400.0,9.85,12200,9.86,63400,-0.91,10.1,9.84,14262400,141520000.0,1.69,2.62,83.05,83.89,10.93,8.95,0.68
迪贝电气,sh603320,20.33,20.21,20.2,1574800.0,20.31,4400,20.33,1100,0.59,20.67,20.2,1574800,32240000.0,1.06,2.33,30.32,30.32,22.23,18.19,0.83
品茗科技,sh688109,116.25,117.5,117.63,85387100.0,116.25,4300,116.4,300,-1.06,119.2,116.0,85387100,100330000.0,1.08,2.72,91.65,91.65,141.0,94.0,1.1
智云股份,sz300097,8.19,8.1,8.21,11430400.0,8.19,68300,8.2,85700,1.11,8.33,8.07,11430400,93630000.0,4.23,3.21,22.11,23.63,9.72,6.48,0.82
宏桥控股,sz002379,28.77,29.5,29.7,16772400.0,28.77,8000,28.78,5000,-2.47,29.73,28.48,16772400,483150000.0,1.48,4.24,326.93,3749.05,32.45,26.55,1.02
源杰科技,sh688498,1225.03,1128.18,1129.0,389088300.0,1225.02,300,1225.03,8300,8.58,1268.0,1122.63,389088300,4660380000.0,4.59,12.89,1039.3,1052.89,1353.82,902.54,1.38
申能股份,sh600642,9.0,8.85,8.86,28231400.0,9.0,86700,9.01,50500,1.69,9.04,8.75,28231400,251970000.0,0.58,3.28,440.44,440.47,9.74,7.97,1.12
合康新能,sz300048,6.81,6.57,6.62,32620100.0,6.81,32200,6.82,175300,3.65,6.92,6.62,32620100,222270000.0,2.9,4.57,76.68,76.84,7.88,5.26,1.45
四川双马,sz000935,26.47,25.82,26.21,4710700.0,26.47,7300,26.48,400,2.52,26.78,25.93,4710700,124240000.0,0.62,3.29,202.08,202.08,28.4,23.24,1.06
燕东微,sh688172,40.66,39.49,39.92,1345194300.0,40.65,2000,40.66,1700,2.96,42.25,39.91,1345194300,553470000.0,1.73,5.93,316.41,580.47,47.39,31.59,1.31
万得凯,sz301309,35.03,36.53,35.59,5309700.0,35.03,10500,35.05,2600,-4.11,36.35,34.8,5309700,187770000.0,8.76,4.24,21.22,35.22,43.84,29.22,0.87
耐普矿机,sz300818,36.94,36.1,36.47,1978500.0,36.94,300,36.95,7300,2.33,37.79,36.1,1978500,73460000.0,1.81,4.68,40.44,62.34,43.32,28.88,1.22
三人行,sh605168,36.13,36.47,36.9,3302700.0,36.12,1000,36.13,7400,-0.93,37.14,36.13,3302700,120820000.0,1.57,2.77,76.17,76.17,40.12,32.82,0.78
*ST和科,sz002816,23.46,23.39,23.45,2189700.0,23.45,500,23.46,1800,0.3,23.95,23.32,2189700,51640000.0,2.19,2.69,23.46,23.46,24.56,22.22,0.9
远翔新材,sz301300,44.18,44.2,44.43,1301400.0,44.18,400,44.2,600,-0.05,45.42,43.9,1301400,58040000.0,3.36,3.44,17.13,28.67,53.04,35.36,1.34
航民股份,sh600987,7.65,7.48,7.63,14005000.0,7.64,500,7.65,3200,2.27,7.83,7.61,14005000,108090000.0,1.37,2.94,78.09,78.09,8.23,6.73,1.83
康盛股份,sz002418,5.69,5.17,5.16,143715100.0,5.69,14905600,0.0,0,10.06,5.69,5.11,143715100,804700000.0,12.65,11.22,64.66,64.66,5.69,4.65,1.75
吉宏股份,sz002803,16.23,16.11,16.18,4637200.0,16.23,31900,16.24,9900,0.74,16.42,16.13,4637200,75500000.0,1.61,1.8,46.85,73.1,17.72,14.5,0.58
新宏泰,sh603016,42.54,42.16,42.1,5238100.0,42.54,3000,42.55,1900,0.9,43.0,41.7,5238100,222270000.0,3.54,3.08,63.03,63.03,46.38,37.94,0.54
华升股份,sh600156,8.15,7.41,7.48,17633800.0,8.15,10945300,0.0,0,9.99,8.15,7.44,17633800,140480000.0,4.39,9.58,32.77,32.77,8.15,6.67,2.29
金银河,sz300619,42.03,40.56,40.91,7416700.0,42.03,2900,42.04,1200,3.62,42.86,40.71,7416700,312030000.0,5.1,5.3,61.14,73.13,48.67,32.45,1.77
盘古智能,sz301456,28.76,28.35,28.51,1347900.0,28.75,14200,28.76,800,1.45,29.08,28.51,1347900,38900000.0,2.23,2.01,17.4,43.27,34.02,22.68,0.75
无锡银行,sh600908,5.62,5.62,5.65,11861000.0,5.62,538800,5.63,10000,0.0,5.67,5.62,11861000,66910000.0,0.59,0.89,112.36,123.34,6.18,5.06,0.76
绿田机械,sh605259,21.73,21.5,21.58,1379500.0,21.73,5400,21.74,1500,1.07,21.96,21.54,1379500,30110000.0,0.8,1.95,37.48,37.48,23.65,19.35,0.8
福昕软件,sh688095,73.17,71.67,71.68,220012800.0,73.16,1200,73.17,700,2.09,74.88,71.68,220012800,162250000.0,2.41,4.46,66.85,66.85,86.0,57.34,1.34
华勤技术,sh603296,98.8,99.05,100.4,16532600.0,98.8,15400,98.81,1000,-0.25,101.98,98.58,16532600,1653310000.0,2.91,3.43,562.04,1003.54,108.96,89.15,0.83
航材股份,sh688563,59.6,59.11,59.49,174338400.0,59.59,12000,59.6,1800,0.83,60.49,59.49,174338400,104680000.0,1.49,1.69,69.73,268.2,70.93,47.29,0.89
南芯科技,sh688484,36.52,35.96,36.5,450429200.0,36.52,1000,36.54,400,1.56,36.84,36.1,450429200,164930000.0,1.05,2.06,156.18,156.18,43.15,28.77,1.18
南大光电,sz300346,47.52,47.7,47.7,29838900.0,47.51,19300,47.52,13700,-0.38,48.46,47.52,29838900,1430830000.0,4.55,1.97,311.73,328.44,57.24,38.16,1.36
君实生物-U,sh688180,38.08,38.6,38.27,1704426700.0,38.08,1200,38.09,27100,-1.35,38.87,37.95,1704426700,652910000.0,2.22,2.38,291.84,390.96,46.32,30.88,0.77
圣诺生物,sh688117,35.78,35.6,35.59,291840600.0,35.78,1300,35.83,200,0.51,36.32,35.5,291840600,104690000.0,1.85,2.3,56.31,56.31,42.72,28.48,0.77
福达合金,sh603045,34.23,31.64,31.95,9193500.0,34.22,5000,34.23,1700,8.19,34.8,31.87,9193500,314980000.0,6.79,9.26,46.36,46.36,34.8,28.48,1.84
扬子新材,sz002652,4.58,4.44,4.47,16738600.0,4.57,109300,4.58,139800,3.15,4.67,4.4,16738600,76210000.0,3.27,6.08,23.45,23.45,4.88,4.0,0.84
天能股份,sh688819,34.19,32.96,33.1,687882400.0,34.18,3100,34.19,9500,3.73,34.51,32.99,687882400,234740000.0,0.71,4.61,332.36,332.36,39.55,26.37,1.81
力鼎光电,sh605118,43.9,42.83,43.27,5107900.0,43.9,1000,43.92,2300,2.5,45.8,42.21,5107900,226350000.0,1.25,8.38,178.72,180.55,47.11,38.55,1.45
宏柏新材,sh605366,12.3,12.07,12.1,36060500.0,12.29,95000,12.3,28400,1.91,12.51,12.05,36060500,443000000.0,4.65,3.81,95.46,95.46,13.28,10.86,1.16
金冠电气,sh688517,21.36,20.8,20.88,714195200.0,21.36,8200,21.38,6700,2.69,21.49,20.3,714195200,149730000.0,5.23,5.72,29.18,29.18,24.96,16.64,1.09
密封科技,sz301020,21.61,21.58,21.59,1118800.0,21.61,2900,21.64,100,0.14,21.98,21.46,1118800,24280000.0,0.76,2.41,31.64,31.64,25.9,17.26,1.15
海南橡胶,sh601118,6.77,6.78,6.77,32532200.0,6.76,162800,6.77,272100,-0.15,6.89,6.71,32532200,221330000.0,0.76,2.65,289.72,289.72,7.46,6.1,0.83
云天化,sh600096,33.46,33.28,33.6,40739800.0,33.46,17100,33.47,25800,0.54,33.99,33.12,40739800,1369830000.0,2.23,2.61,609.97,609.97,36.61,29.95,0.81
招商积余,sz001914,9.58,9.52,9.58,6741300.0,9.58,57900,9.59,1100,0.63,9.65,9.55,6741300,64760000.0,0.64,1.05,100.95,100.95,10.47,8.57,0.87
宁波色母,sz301019,20.88,20.77,20.92,1132100.0,20.87,900,20.88,3600,0.53,21.2,20.87,1132100,23820000.0,1.08,1.59,21.84,34.44,24.92,16.62,0.99
海宁皮城,sz002344,4.53,4.46,4.51,10884800.0,4.52,79700,4.53,23700,1.57,4.58,4.5,10884800,49500000.0,0.85,1.79,58.05,58.1,4.91,4.01,1.31
雄韬股份,sz002733,30.25,27.5,27.5,42639500.0,30.25,3799200,0.0,0,10.0,30.25,27.21,42639500,1238750000.0,11.56,11.05,111.58,116.23,30.25,24.75,1.76
亨通光电,sh600487,55.98,59.54,59.21,208927600.0,55.98,75300,55.99,50600,-5.98,59.21,55.71,208927600,11924260000.0,8.54,5.88,1368.81,1380.69,65.49,53.59,1.2
潍柴重机,sz000880,27.59,27.25,27.55,14462700.0,27.59,72800,27.6,26200,1.25,28.15,27.55,14462700,402330000.0,6.37,2.2,62.64,127.98,29.98,24.53,1.27
思瑞浦,sh688536,184.55,184.3,185.42,373186000.0,184.54,200,184.55,200,0.14,187.8,183.51,373186000,691390000.0,2.75,2.33,250.34,254.82,221.16,147.44,0.83
元利科技,sh603217,26.0,24.38,24.55,10243100.0,25.99,11700,26.0,55300,6.64,26.82,24.36,10243100,266930000.0,4.92,10.09,54.1,54.1,26.82,21.94,2.04
南钢股份,sh600282,5.77,5.66,5.67,43006500.0,5.77,88900,5.78,28100,1.94,5.82,5.63,43006500,247740000.0,0.7,3.36,355.73,355.73,6.23,5.09,1.23
四方光电,sh688665,46.43,45.81,46.17,54324600.0,46.43,1400,46.49,4900,1.35,47.16,45.99,54324600,25360000.0,0.54,2.55,46.98,46.98,54.97,36.65,1.19
新疆交建,sz002941,15.63,15.69,15.73,11527400.0,15.62,111100,15.63,11300,-0.38,15.8,15.58,11527400,180820000.0,1.58,1.4,114.06,114.06,17.26,14.12,0.82
北玻股份,sz002613,3.77,3.71,3.74,21208000.0,3.77,17100,3.78,178700,1.62,3.9,3.73,21208000,80680000.0,2.75,4.58,29.11,41.49,4.08,3.34,1.09
明月镜片,sz301101,34.9,34.4,34.68,2142600.0,34.89,7000,34.91,7400,1.45,35.17,34.6,2142600,74860000.0,1.12,1.66,66.63,70.33,41.28,27.52,1.12
志晟信息,bj920171,21.73,20.4,20.4,13513100.0,21.73,2000,21.74,1000,6.52,25.55,20.35,13513100,310705000.0,19.98,25.49,14.7,21.78,26.52,14.28,2.61
德创环保,sh603177,11.0,10.9,11.05,2696300.0,10.99,1900,11.0,100,0.92,11.14,10.95,2696300,29790000.0,1.32,1.74,22.46,22.46,11.99,9.81,0.51
比亚迪,sz002594,101.67,99.03,99.39,60573100.0,101.67,251500,101.68,6400,2.67,102.2,99.03,60573100,6130390000.0,1.74,3.2,3544.84,9269.45,108.93,89.13,1.25
兆易创新,sh603986,265.09,250.49,255.49,53476700.0,265.09,8900,265.1,20400,5.83,268.32,255.24,53476700,14080290000.0,8.01,5.22,1770.39,1858.55,275.54,225.44,1.45
优彩资源,sz002998,9.12,8.86,8.86,19854000.0,9.11,21400,9.12,1471200,2.93,9.24,8.78,19854000,180490000.0,7.34,5.19,24.67,32.36,9.75,7.97,2.32
新锐股份,sh688257,72.98,73.36,74.0,740399300.0,72.98,2100,73.0,18700,-0.52,75.0,71.67,740399300,538460000.0,2.93,4.54,184.21,184.21,88.03,58.69,0.76
蓝英装备,sz300293,18.84,19.11,18.82,10550700.0,18.84,8100,18.85,7200,-1.41,19.21,18.82,10550700,199990000.0,3.12,2.04,63.76,63.76,22.93,15.29,0.77
宝钛股份,sh600456,34.08,34.06,34.3,6077100.0,34.08,8300,34.09,4000,0.06,34.77,34.08,6077100,209050000.0,1.27,2.03,162.83,162.83,37.47,30.65,0.96
华茂股份,sz000850,4.95,4.88,4.92,7612200.0,4.94,17200,4.95,59500,1.43,4.99,4.89,7612200,37700000.0,0.81,2.05,46.7,46.71,5.37,4.39,0.9
泰坦科技,sh688133,21.09,20.41,20.43,496348400.0,21.06,2500,21.09,2500,3.33,21.66,20.43,496348400,105050000.0,3.02,6.03,34.68,34.68,24.49,16.33,1.53
一拖股份,sh601038,12.63,12.57,12.64,4894600.0,12.62,14600,12.63,600,0.48,12.75,12.6,4894600,62020000.0,0.67,1.19,92.41,141.92,13.83,11.31,0.94
百济神州-U,sh688235,244.12,242.56,242.62,245645700.0,244.12,800,244.2,400,0.64,247.87,242.56,245645700,602010000.0,2.14,2.19,280.87,3762.91,291.07,194.05,0.7
ST中珠,sh600568,3.03,2.89,2.91,24293600.0,3.02,12200,3.03,64900,4.84,3.03,2.9,24293600,72570000.0,1.46,4.5,50.57,60.38,3.03,2.75,1.53
先河环保,sz300137,13.34,13.33,13.3,20390600.0,13.34,276500,13.35,18000,0.08,13.69,13.03,20390600,274270000.0,3.85,4.95,70.71,71.58,16.0,10.66,1.02
厦门国贸,sh600755,6.37,6.36,6.4,17188700.0,6.37,219000,6.38,161200,0.16,6.45,6.36,17188700,109910000.0,0.81,1.42,135.82,136.17,7.0,5.72,0.77
华安证券,sh600909,5.69,5.57,5.63,93984800.0,5.69,250400,5.7,206100,2.15,5.82,5.62,93984800,539210000.0,1.87,3.59,285.88,285.88,6.13,5.01,1.96
东微半导,sh688261,74.02,72.91,73.36,427556500.0,74.01,1500,74.02,1100,1.52,75.57,73.27,427556500,318300000.0,3.5,3.15,90.38,90.73,87.49,58.33,1.37
ST司特,sz002538,6.58,6.44,6.48,16189100.0,6.57,28400,6.58,10200,2.17,6.68,6.45,16189100,106440000.0,1.9,3.57,56.16,56.16,6.76,6.12,0.57
福光股份,sh688010,34.49,33.49,33.49,610249400.0,34.44,3700,34.49,2600,2.99,35.19,33.49,610249400,211460000.0,3.8,5.08,55.38,55.38,40.19,26.79,1.32
中原传媒,sz000719,13.98,13.71,13.81,11606600.0,13.98,4700,13.99,32100,1.97,14.33,13.75,11606600,163210000.0,1.74,4.23,93.27,143.04,15.08,12.34,1.67
久量股份,sz300808,26.36,26.47,26.6,2760900.0,26.35,6000,26.36,35300,-0.42,26.6,26.0,2760900,72220000.0,2.32,2.27,31.34,42.18,31.76,21.18,0.67
坤彩科技,sh603826,27.54,26.49,26.5,13914300.0,27.53,29300,27.54,44100,3.96,27.79,26.45,13914300,381710000.0,2.12,5.06,180.44,180.44,29.14,23.84,0.97
传艺科技,sz002866,22.17,21.67,21.84,28198500.0,22.17,24400,22.18,57100,2.31,22.37,21.62,28198500,622920000.0,15.56,3.46,40.17,64.19,23.84,19.5,1.09
海融科技,sz300915,22.77,22.49,22.63,1219900.0,22.75,500,22.77,4900,1.24,23.01,22.52,1219900,27870000.0,2.12,2.18,13.12,28.65,26.99,17.99,1.77
博众精工,sh688097,62.68,63.52,64.0,1231759400.0,62.68,2700,62.69,2000,-1.32,64.18,61.94,1231759400,774750000.0,2.77,3.53,278.93,279.96,76.22,50.82,0.79
彤程新材,sh603650,51.53,51.66,52.0,8198000.0,51.53,16500,51.54,900,-0.25,52.56,51.52,8198000,426160000.0,1.33,2.01,316.64,317.47,56.83,46.49,1.2
东诚药业,sz002675,13.89,13.86,13.8,26516900.0,13.88,97000,13.89,12300,0.22,14.15,13.63,26516900,368080000.0,3.57,3.75,103.26,114.54,15.25,12.47,0.6
盛和资源,sh600392,25.17,25.27,25.27,79342300.0,25.16,382300,25.17,61900,-0.4,25.58,24.96,79342300,2002280000.0,4.53,2.45,441.19,441.19,27.8,22.74,1.0
正帆科技,sh688596,30.35,29.86,30.13,495122500.0,30.35,9800,30.36,500,1.64,30.85,30.0,495122500,150580000.0,1.68,2.85,89.27,89.27,35.83,23.89,1.26
水发燃气,sh603318,7.64,7.65,7.63,15481100.0,7.64,67700,7.65,5000,-0.13,7.8,7.55,15481100,118720000.0,3.37,3.27,35.07,42.38,8.42,6.89,0.6
震裕科技,sz300953,190.39,183.55,183.55,10455100.0,190.39,12400,190.4,4500,3.73,198.0,180.51,10455100,2001080000.0,8.39,9.53,237.15,330.28,220.26,146.84,1.46
华测检测,sz300012,15.31,14.93,15.13,26792600.0,15.3,3300,15.31,500,2.55,15.73,15.06,26792600,412100000.0,1.87,4.49,219.12,257.64,17.92,11.94,1.2
中国中铁,sh601390,5.26,5.25,5.28,134268500.0,5.26,4603300,5.27,2348700,0.19,5.3,5.26,134268500,708650000.0,0.66,0.76,1077.19,1298.5,5.78,4.73,0.73
索菲亚,sz002572,12.54,12.51,12.59,5680900.0,12.54,19500,12.55,900,0.24,12.64,12.51,5680900,71400000.0,0.87,1.04,81.69,120.77,13.76,11.26,0.98
天龙集团,sz300063,11.88,12.12,12.19,67109200.0,11.88,208700,11.89,48200,-1.98,12.25,11.88,67109200,807280000.0,10.71,3.05,74.43,90.11,14.54,9.7,0.93
百川畅银,sz300614,13.13,13.0,13.07,2699300.0,13.12,1000,13.13,2400,1.0,13.38,13.07,2699300,35710000.0,1.68,2.38,21.07,21.07,15.6,10.4,0.75
广合科技,sz001389,126.81,127.12,128.0,10953000.0,126.81,22000,126.82,200,-0.24,130.51,125.1,10953000,1400380000.0,7.21,4.26,192.68,599.15,139.83,114.41,1.22
绿通科技,sz301322,32.3,31.34,31.53,1980100.0,32.3,16500,32.32,1700,3.06,32.9,31.39,1980100,64120000.0,2.08,4.82,30.69,45.64,37.61,25.07,1.25
同洲电子,sz002052,10.67,10.41,10.43,13620800.0,10.67,32600,10.68,60600,2.5,10.96,10.43,13620800,146300000.0,1.98,5.09,73.56,80.29,11.45,9.37,1.14
西部矿业,sh601168,27.08,27.2,27.49,50930900.0,27.07,11200,27.08,11300,-0.44,27.59,27.02,50930900,1391130000.0,2.14,2.1,645.32,645.32,29.92,24.48,1.18
中国中车,sh601766,6.29,6.18,6.21,149138300.0,6.29,312100,6.3,1314400,1.78,6.33,6.2,149138300,937490000.0,0.61,2.1,1530.22,1805.16,6.8,5.56,1.56
思进智能,sz003025,13.78,13.64,13.84,2540900.0,13.78,45300,13.79,17600,1.03,13.94,13.7,2540900,35180000.0,1.12,1.76,31.2,39.13,15.0,12.28,0.83
格尔软件,sh603232,19.88,19.53,19.83,6774300.0,19.88,13800,19.89,62900,1.79,20.04,19.7,6774300,134640000.0,2.93,1.74,45.98,46.54,21.48,17.58,0.99
三峰环境,sh601827,8.01,7.93,7.92,7639100.0,8.01,5000,8.02,127100,1.01,8.03,7.92,7639100,61080000.0,0.46,1.39,133.92,133.92,8.72,7.14,0.75
河钢资源,sz000923,18.71,18.72,18.73,9601000.0,18.71,1700,18.72,11200,-0.05,19.08,18.68,9601000,180770000.0,1.53,2.14,117.48,122.13,20.59,16.85,1.08
莱伯泰科,sh688056,35.42,35.19,35.68,56927700.0,35.4,10000,35.42,3100,0.65,36.04,35.24,56927700,20280000.0,0.84,2.27,23.89,23.89,42.23,28.15,0.82
广立微,sz301095,72.41,69.95,70.72,6915400.0,72.41,500,72.44,1600,3.52,74.15,70.6,6915400,498750000.0,3.96,5.08,126.36,145.02,83.94,55.96,1.4
海晨股份,sz300873,22.59,22.34,22.45,1852100.0,22.58,10100,22.59,5600,1.12,22.72,22.4,1852100,41880000.0,1.11,1.43,37.69,52.09,26.81,17.87,0.96
双良节能,sh600481,6.37,6.45,6.46,55666200.0,6.37,611200,6.38,82500,-1.24,6.5,6.37,55666200,358160000.0,2.7,2.02,131.49,131.49,7.1,5.81,1.08
新联电子,sz002546,9.01,8.95,9.03,16142100.0,9.01,281200,9.02,95400,0.67,9.1,8.96,16142100,145960000.0,2.01,1.56,72.19,75.15,9.85,8.06,0.81
云维股份,sh600725,4.27,4.35,4.36,20185200.0,4.26,394200,4.27,265600,-1.84,4.4,4.26,20185200,87220000.0,1.64,3.22,52.63,52.63,4.79,3.92,1.21
和胜股份,sz002824,25.27,22.97,24.77,27751900.0,25.27,2043600,0.0,0,10.01,25.27,24.32,27751900,697380000.0,12.61,4.14,55.59,78.63,25.27,20.67,1.83
*ST原尚,sh603813,26.41,25.15,26.41,1468000.0,26.41,324700,0.0,0,5.01,26.41,25.86,1468000,38720000.0,1.4,2.19,27.73,27.73,26.41,23.89,6.68
特一药业,sz002728,11.03,11.08,11.13,23915700.0,11.03,244200,11.04,40800,-0.45,11.19,10.95,23915700,264550000.0,7.21,2.17,36.61,56.62,12.19,9.97,0.81
优德精密,sz300549,17.17,16.98,17.17,1560600.0,17.17,900,17.18,9400,1.12,17.39,17.08,1560600,26940000.0,1.54,1.83,17.35,22.89,20.38,13.58,0.8
中联重科,sz000157,8.76,8.76,8.83,62764000.0,8.75,273000,8.76,45500,0.0,8.93,8.71,62764000,553530000.0,0.89,2.51,619.3,757.61,9.64,7.88,0.83
中润光学,sh688307,86.0,87.68,88.0,911344400.0,86.0,1000,86.16,3600,-1.92,88.87,84.5,911344400,786040000.0,10.27,4.98,76.35,76.35,105.22,70.14,0.9
立方制药,sz003020,24.28,24.12,24.12,1611500.0,24.28,14200,24.29,2200,0.66,24.68,24.07,1611500,39250000.0,1.17,2.53,33.44,46.18,26.53,21.71,0.63
滨江集团,sz002244,9.99,9.79,9.82,24576600.0,9.99,205800,10.0,83600,2.04,10.15,9.8,24576600,245900000.0,0.92,3.58,268.32,310.83,10.77,8.81,1.29
TCL中环,sz002129,8.63,8.46,8.55,71433200.0,8.62,211200,8.63,646800,2.01,8.72,8.53,71433200,617290000.0,1.77,2.25,348.63,348.92,9.31,7.61,0.88
佳隆股份,sz002495,2.57,2.55,2.57,18340900.0,2.57,65100,2.58,155900,0.78,2.61,2.56,18340900,47380000.0,2.62,1.96,18.01,24.05,2.81,2.3,0.61
紫建电子,sz301121,37.02,35.87,36.15,1914200.0,37.01,1100,37.02,400,3.21,37.49,36.01,1914200,70900000.0,3.78,4.13,18.73,36.59,43.04,28.7,1.45
佐力药业,sz300181,15.7,15.66,15.69,6588700.0,15.7,76900,15.71,100,0.26,15.94,15.69,6588700,104040000.0,1.09,1.6,94.66,110.12,18.79,12.53,0.73
力聚热能,sh603391,69.36,70.09,70.58,1548600.0,69.14,200,69.36,400,-1.04,70.88,67.45,1548600,106660000.0,6.81,4.89,15.78,63.12,77.1,63.08,1.21
松原安全,sz300893,22.13,21.8,21.83,2528800.0,22.12,6700,22.13,600,1.51,22.3,21.73,2528800,55930000.0,1.01,2.61,55.52,104.68,26.16,17.44,1.01
辽宁成大,sh600739,11.81,11.35,11.4,19148100.0,11.8,25200,11.81,57600,4.05,12.08,11.4,19148100,226450000.0,1.25,5.99,180.66,180.66,12.49,10.22,1.9
万顺新材,sz300057,7.08,6.96,6.9,76767700.0,7.07,175100,7.08,90300,1.72,7.15,6.84,76767700,538720000.0,10.49,4.45,51.84,64.06,8.35,5.57,1.2
世纪恒通,sz301428,33.78,33.88,34.25,6148500.0,33.77,28700,33.78,5500,-0.3,34.66,33.7,6148500,209500000.0,10.05,2.83,20.67,33.33,40.66,27.1,0.9
宝地矿业,sh601121,7.66,7.57,7.58,7652100.0,7.66,6800,7.67,51900,1.19,7.75,7.58,7652100,58710000.0,0.96,2.25,61.28,75.39,8.33,6.81,0.73
驰宏锌锗,sh600497,8.23,8.2,8.29,77087700.0,8.23,114000,8.24,222300,0.37,8.39,8.21,77087700,639990000.0,1.53,2.2,414.82,414.82,9.02,7.38,1.02
桐昆股份,sh601233,19.7,19.48,19.58,37957500.0,19.69,9900,19.7,37800,1.13,19.95,19.05,37957500,742570000.0,1.6,4.62,467.81,468.66,21.43,17.53,0.93
宝新能源,sz000690,4.61,4.62,4.62,58998000.0,4.61,1564200,4.62,258900,-0.22,4.66,4.61,58998000,273100000.0,2.71,1.08,100.24,100.31,5.08,4.16,0.65
达刚控股,sz300103,7.01,7.11,7.13,7200300.0,7.01,47200,7.02,74100,-1.41,7.2,7.0,7200300,51110000.0,2.27,2.81,22.25,22.26,8.53,5.69,0.93
博深股份,sz002282,6.93,6.89,6.91,5057100.0,6.93,24800,6.94,32700,0.58,7.02,6.91,5057100,35250000.0,1.0,1.6,35.0,36.51,7.58,6.2,0.88
苏州高新,sh600736,6.03,6.0,6.05,9600800.0,6.03,18500,6.04,118100,0.5,6.13,6.03,9600800,58360000.0,0.83,1.67,69.42,69.42,6.6,5.4,0.89
中威电子,sz300270,10.44,10.38,10.47,4816400.0,10.44,10200,10.45,31000,0.58,10.77,10.41,4816400,50870000.0,1.85,3.47,27.24,31.61,12.46,8.3,0.91
东方电子,sz000682,12.35,12.23,12.3,15860700.0,12.35,66600,12.36,2800,0.98,12.48,12.28,15860700,196500000.0,1.18,1.64,165.56,165.58,13.45,11.01,1.09
中国神华,sh601088,46.38,46.79,46.5,25677400.0,46.37,9600,46.38,54100,-0.88,46.63,46.1,25677400,1189470000.0,0.16,1.13,7648.54,10059.56,51.47,42.11,0.84
华蓝集团,sz301027,21.44,20.88,21.05,5568300.0,21.43,17700,21.44,4800,2.68,21.99,20.9,5568300,120010000.0,4.71,5.22,25.35,31.52,25.06,16.7,0.88
国电电力,sh600795,4.8,4.87,4.85,103468200.0,4.8,1085000,4.81,940500,-1.44,4.88,4.79,103468200,499500000.0,0.58,1.85,856.11,856.11,5.36,4.38,0.74
中自科技,sh688737,24.52,24.32,24.43,107774800.0,24.49,6400,24.52,400,0.82,24.89,24.33,107774800,26560000.0,0.9,2.3,29.32,29.32,29.18,19.46,0.77
金杨精密,sz301210,38.56,38.13,38.51,1846900.0,38.56,2000,38.59,100,1.13,39.0,38.38,1846900,71530000.0,4.25,1.63,16.76,44.2,45.76,30.5,1.39
港迪技术,sz301633,61.11,60.51,60.98,260400.0,61.11,1200,61.13,600,0.99,61.54,60.68,260400,15950000.0,1.02,1.42,15.59,34.03,72.61,48.41,0.85
艾华集团,sh603989,18.74,18.88,19.02,4781700.0,18.74,3000,18.75,5700,-0.74,19.14,18.65,4781700,90290000.0,1.2,2.6,74.73,74.73,20.77,16.99,0.74
山东路桥,sz000498,5.7,5.68,5.69,12111800.0,5.7,164400,5.71,25500,0.35,5.76,5.69,12111800,69350000.0,0.84,1.23,82.61,88.49,6.25,5.11,0.75
国瓷材料,sz300285,32.86,31.88,32.2,39714200.0,32.85,27700,32.86,26700,3.07,34.08,32.03,39714200,1317130000.0,4.72,6.43,276.47,327.63,38.26,25.5,1.33
黑猫股份,sz002068,8.41,8.34,8.4,15349500.0,8.41,229500,8.42,32800,0.84,8.64,8.32,15349500,130130000.0,2.09,3.84,61.81,61.84,9.17,7.51,0.85
德尔股份,sz300473,32.76,31.35,31.53,5147100.0,32.76,11500,32.77,7100,4.5,33.03,31.21,5147100,167500000.0,3.42,5.81,49.31,56.56,37.62,25.08,2.01
南方泵业,sz300145,4.93,4.53,4.55,236260800.0,4.93,872700,4.94,858200,8.83,5.28,4.53,236260800,1169140000.0,12.36,16.56,94.2,94.67,5.44,3.62,4.06
大为股份,sz002213,33.87,32.51,33.09,67658000.0,33.86,7700,33.87,1800,4.18,34.94,32.38,67658000,2284730000.0,32.76,7.87,69.96,80.44,35.76,29.26,2.26
普洛药业,sz000739,17.82,17.76,17.77,6661400.0,17.81,8600,17.82,2100,0.34,18.06,17.71,6661400,119140000.0,0.58,1.97,206.36,206.43,19.54,15.98,0.72
重庆百货,sh600729,21.99,21.8,21.86,2555400.0,21.99,7400,22.0,2200,0.87,22.14,21.86,2555400,56300000.0,1.33,1.28,42.33,96.86,23.98,19.62,1.09
迈威生物-U,sh688062,37.91,37.93,37.7,740414000.0,37.91,13300,37.92,900,-0.05,38.68,37.57,740414000,281670000.0,3.63,2.93,77.4,151.49,45.52,30.34,0.77
齐心集团,sz002301,6.92,6.91,7.01,7476300.0,6.91,97400,6.92,18300,0.14,7.06,6.92,7476300,52250000.0,1.04,2.03,49.68,49.91,7.6,6.22,0.9
德马科技,sh688360,19.46,19.03,19.2,478254300.0,19.46,2600,19.48,23000,2.26,19.69,19.2,478254300,93420000.0,1.9,2.57,49.09,51.32,22.84,15.22,1.36
青岛银行,sz002948,5.15,5.12,5.14,34464600.0,5.15,50300,5.16,79800,0.59,5.2,5.11,34464600,177890000.0,1.11,1.76,160.29,299.75,5.63,4.61,0.53
苏美达,sh600710,13.28,13.03,13.16,16533000.0,13.28,15900,13.29,48500,1.92,13.49,13.16,16533000,220320000.0,1.27,2.53,173.54,173.54,14.33,11.73,1.06
百龙创园,sh605016,27.91,28.07,28.39,11309300.0,27.9,5000,27.91,5800,-0.57,28.95,27.8,11309300,320440000.0,2.69,4.1,117.23,117.23,30.88,25.26,1.55
亚邦股份,sh603188,5.05,4.97,5.01,19275900.0,5.05,52500,5.06,30000,1.61,5.17,4.99,19275900,98080000.0,3.38,3.62,28.79,28.79,5.47,4.47,0.98
德石股份,sz301158,24.85,24.5,24.5,5053200.0,24.84,900,24.85,4900,1.43,25.06,24.48,5053200,125500000.0,3.45,2.37,36.41,37.37,29.4,19.6,0.68
峰岹科技,sh688279,170.48,156.64,158.85,253933200.0,170.47,200,170.48,3300,8.84,175.5,158.0,253933200,427950000.0,2.71,11.17,159.5,196.25,187.97,125.31,2.15
海亮股份,sz002203,14.78,15.14,15.15,35757200.0,14.77,36200,14.78,98600,-2.38,15.32,14.74,35757200,535550000.0,1.62,3.83,326.95,338.72,16.65,13.63,1.19
建发股份,sh600153,8.79,8.73,8.74,8894000.0,8.78,97400,8.79,14800,0.69,8.86,8.73,8894000,78330000.0,0.31,1.49,254.87,254.87,9.6,7.86,0.65
江苏国信,sz002608,8.04,8.05,8.09,13581100.0,8.04,42500,8.05,81200,-0.12,8.11,8.0,13581100,109410000.0,0.36,1.37,303.76,303.76,8.86,7.25,0.69
银龙股份,sh603969,9.29,9.01,9.05,10311900.0,9.29,10200,9.3,100300,3.11,9.39,9.05,10311900,95740000.0,1.22,3.77,78.39,80.97,9.91,8.11,1.05
芯朋微,sh688508,60.65,59.65,60.43,293455800.0,60.64,300,60.65,7000,1.68,62.33,60.43,293455800,179540000.0,2.23,3.19,79.64,79.64,71.58,47.72,1.4
胜科纳米,sh688757,24.3,24.34,24.34,296015800.0,24.27,3100,24.3,8400,-0.16,25.2,24.27,296015800,72930000.0,1.63,3.82,44.04,98.0,29.21,19.47,1.5
电气风电,sh688660,12.62,12.89,12.91,1930811200.0,12.62,15000,12.63,5900,-2.09,12.98,12.62,1930811200,246680000.0,1.45,2.79,168.27,168.27,15.47,10.31,1.0
远东股份,sh600869,15.6,15.98,16.2,110297900.0,15.6,304000,15.61,110800,-2.38,16.36,15.58,110297900,1754190000.0,4.97,4.88,346.22,346.22,17.58,14.38,0.84
智立方,sz301312,114.02,117.75,117.44,8601900.0,114.02,14600,114.05,800,-3.17,118.78,113.01,8601900,987510000.0,14.21,4.9,69.04,138.17,141.3,94.2,0.73
盐湖股份,sz000792,37.41,37.4,37.6,85250200.0,37.4,102300,37.41,74300,0.03,38.3,37.1,85250200,3212320000.0,1.61,3.21,1979.56,1979.58,41.14,33.66,1.14
新莱福,sz301323,65.25,68.03,67.32,5175600.0,65.24,2600,65.25,3700,-4.09,69.0,63.66,5175600,337870000.0,7.65,7.85,44.16,68.9,81.64,54.42,1.36
新劲刚,sz300629,22.84,22.72,22.94,7533100.0,22.84,14800,22.85,15200,0.53,23.23,22.81,7533100,173040000.0,3.47,1.85,49.52,57.43,27.26,18.18,1.02
新雷能,sz300593,24.65,24.38,24.54,14622900.0,24.65,8300,24.66,1500,1.11,25.24,24.47,14622900,363850000.0,3.25,3.16,110.99,133.73,29.26,19.5,1.01
久立特材,sz002318,31.26,31.75,31.76,8945100.0,31.25,3700,31.26,2700,-1.54,32.06,31.2,8945100,282080000.0,0.94,2.71,298.44,305.46,34.93,28.58,0.85
奥翔药业,sh603229,10.12,10.05,10.03,9387000.0,10.11,140900,10.12,24400,0.7,10.25,9.98,9387000,95080000.0,1.13,2.69,84.03,84.03,11.06,9.05,0.79
香农芯创,sz300475,151.25,147.55,150.0,44355000.0,151.24,102200,151.25,16700,2.51,153.49,148.95,44355000,6730370000.0,9.96,3.08,673.64,703.14,177.06,118.04,1.34
通合科技,sz300491,25.1,25.13,25.92,10492900.0,25.09,3400,25.1,300,-0.12,26.12,25.05,10492900,267980000.0,6.73,4.26,39.15,44.09,30.16,20.1,1.55
中盐化工,sh600328,8.92,8.75,8.88,24371900.0,8.91,48400,8.92,100400,1.94,9.07,8.85,24371900,218070000.0,1.66,2.51,130.79,130.79,9.63,7.88,0.89
光智科技,sz300489,67.81,61.44,61.39,30013400.0,67.81,2600,67.82,200,10.37,69.42,61.39,30013400,1991970000.0,21.65,13.07,94.02,94.36,73.73,49.15,2.79
晶澳科技,sz002459,10.75,10.58,10.66,48394300.0,10.74,106600,10.75,10300,1.61,10.92,10.65,48394300,522550000.0,1.46,2.55,355.37,355.79,11.64,9.52,0.75
江苏华辰,sh603097,33.18,32.82,32.93,2462000.0,33.18,23100,33.19,1900,1.1,33.65,32.7,2462000,81820000.0,1.54,2.89,53.09,54.8,36.1,29.54,1.19
振华科技,sz000733,46.28,45.88,46.1,8025000.0,46.28,4200,46.29,7600,0.87,46.78,46.1,8025000,373050000.0,1.45,1.48,256.44,256.47,50.47,41.29,0.97
六九一二,sz301592,115.92,112.55,114.0,1310200.0,115.92,1900,115.93,2900,2.99,118.68,112.54,1310200,152010000.0,5.61,5.46,27.08,81.14,135.06,90.04,1.93
科泰电源,sz300153,26.82,26.41,26.7,17272700.0,26.82,26600,26.83,67100,1.55,27.25,26.57,17272700,465780000.0,5.43,2.57,85.38,85.82,31.69,21.13,1.07
美迪西,sh688202,67.37,65.8,65.15,595290800.0,67.35,2400,67.37,1900,2.39,70.35,65.0,595290800,405230000.0,4.43,8.13,90.51,90.51,78.96,52.64,1.66
紫金矿业,sh601899,33.75,33.9,34.23,237571000.0,33.74,39000,33.75,62200,-0.44,34.58,33.7,237571000,8070610000.0,1.15,2.6,6953.11,8974.37,37.29,30.51,1.01
中农立华,sh603970,12.69,12.59,12.7,1523900.0,12.68,1300,12.69,1200,0.79,12.76,12.6,1523900,19350000.0,0.57,1.27,34.11,34.11,13.85,11.33,0.7
聚石化学,sh688669,27.09,27.38,28.2,463906000.0,27.08,1800,27.09,5500,-1.06,28.27,26.9,463906000,127560000.0,3.82,5.0,32.87,32.87,32.86,21.9,1.1
沃特股份,sz002886,21.77,21.6,21.7,4307200.0,21.75,58500,21.77,3100,0.79,21.99,21.68,4307200,94100000.0,2.06,1.44,45.52,57.3,23.76,19.44,0.78
国信证券,sz002736,11.78,11.36,11.56,62452600.0,11.77,81100,11.78,94400,3.7,12.03,11.55,62452600,739780000.0,0.65,4.23,1132.34,1206.48,12.5,10.22,2.94
皖天然气,sh603689,8.21,8.07,8.12,5535900.0,8.2,9100,8.21,158700,1.73,8.22,8.11,5535900,45290000.0,1.06,1.36,42.98,43.17,8.88,7.26,1.1
博亚精工,sz300971,23.05,22.84,23.01,1927400.0,23.05,9200,23.07,700,0.92,23.35,22.99,1927400,44670000.0,2.09,1.58,21.22,27.11,27.41,18.27,0.89
科隆股份,sz300405,6.19,6.13,6.17,8383500.0,6.18,32400,6.19,57400,0.98,6.31,6.13,8383500,52280000.0,3.83,2.94,13.55,17.6,7.36,4.9,0.8
红星发展,sh600367,20.38,20.7,20.7,22170400.0,20.38,22200,20.39,52800,-1.55,20.77,20.25,22170400,454010000.0,6.89,2.51,65.62,69.52,22.77,18.63,0.94
ST通葡,sh600365,3.08,3.04,3.05,5210200.0,3.07,95400,3.08,254800,1.32,3.08,3.05,5210200,15960000.0,1.22,0.99,13.16,13.98,3.19,2.89,1.18
华融化学,sz301256,13.15,13.2,13.21,8345000.0,13.15,108600,13.16,94500,-0.38,13.37,13.11,8345000,110310000.0,1.74,1.97,63.12,63.12,15.84,10.56,0.7
安徽凤凰,bj920000,16.08,15.97,15.99,573900.0,16.08,1900,16.09,5800,0.69,16.28,15.99,573900,9270000.0,1.0,1.82,9.26,14.74,20.76,11.18,1.05
金龙羽,sz002882,27.27,26.45,26.46,5185100.0,27.26,8700,27.27,700,3.1,27.58,26.46,5185100,141350000.0,2.1,4.23,67.3,118.05,29.1,23.81,1.78
双箭股份,sz002381,6.52,6.37,6.44,6692000.0,6.52,24100,6.53,98900,2.35,6.57,6.4,6692000,43660000.0,2.09,2.67,20.89,26.83,7.01,5.73,0.78
南京高科,sh600064,8.39,8.3,8.34,14092000.0,8.39,9200,8.4,57300,1.08,8.46,8.31,14092000,118550000.0,0.81,1.81,145.18,145.18,9.13,7.47,1.2
太阳纸业,sz002078,15.18,15.2,15.35,16805700.0,15.18,27800,15.19,15800,-0.13,15.43,15.1,16805700,255770000.0,0.61,2.17,421.61,424.21,16.72,13.68,1.34
嘉化能源,sh600273,9.1,9.28,9.28,25869400.0,9.1,9100,9.11,1500,-1.94,9.33,9.05,25869400,237000000.0,1.97,3.02,119.33,119.33,10.21,8.35,1.59
雅克科技,sz002409,85.43,84.45,85.25,9638100.0,85.42,5800,85.43,17500,1.16,86.66,85.0,9638100,828530000.0,3.03,1.97,272.11,406.59,92.9,76.01,1.04
凯赛生物,sh688065,48.8,48.41,48.58,354569100.0,48.78,500,48.8,200,0.81,49.3,48.42,354569100,173390000.0,0.61,1.82,284.69,351.99,58.09,38.73,0.98
日科化学,sz300214,7.18,7.14,7.2,8061200.0,7.17,60300,7.18,123100,0.56,7.33,7.13,8061200,58300000.0,1.73,2.8,33.38,33.38,8.57,5.71,0.79
三力制药,sh603439,11.04,11.02,11.04,2110000.0,11.03,14800,11.04,1500,0.18,11.17,11.01,2110000,23400000.0,0.52,1.45,44.58,45.15,12.12,9.92,0.8
指南针,sz300803,101.68,98.65,100.3,33854900.0,101.67,1700,101.68,22100,3.07,106.0,100.07,33854900,3503280000.0,5.59,6.01,615.51,620.04,118.38,78.92,2.15
财通证券,sh601108,8.25,8.13,8.19,65361400.0,8.25,117600,8.26,80300,1.48,8.43,8.19,65361400,544060000.0,1.41,2.95,383.11,383.11,8.94,7.32,1.48
天士力,sh600535,14.14,14.14,14.14,8090500.0,14.14,21600,14.15,3700,0.0,14.27,14.11,8090500,114580000.0,0.54,1.13,211.24,211.24,15.55,12.73,0.88
容大感光,sz300576,34.92,34.86,35.17,5623000.0,34.91,1400,34.92,12000,0.17,35.5,34.92,5623000,198070000.0,2.42,1.66,81.24,127.94,41.83,27.89,1.04
芯联集成-U,sh688469,6.55,6.55,6.62,5771479100.0,6.55,329800,6.56,61300,0.0,6.72,6.55,5771479100,382250000.0,1.3,2.6,290.15,549.07,7.86,5.24,0.94
壹石通,sh688733,27.28,26.95,27.19,306049400.0,27.28,2800,27.29,21800,1.22,27.85,27.17,306049400,84130000.0,1.53,2.52,54.5,54.5,32.34,21.56,1.24
汇创达,sz300909,38.86,38.77,39.06,1878300.0,38.82,900,38.86,10800,0.23,39.54,38.44,1878300,73300000.0,1.54,2.84,47.49,67.22,46.52,31.02,1.0
极米科技,sh688696,94.74,92.5,92.98,86264800.0,94.73,2100,94.74,1500,2.42,95.28,92.58,86264800,81460000.0,1.23,2.92,66.34,66.34,111.0,74.0,1.5
浙能电力,sh600023,5.47,5.45,5.48,50050800.0,5.47,1288600,5.48,246900,0.37,5.52,5.44,50050800,274580000.0,0.37,1.47,733.46,733.46,6.0,4.91,0.84
崇达技术,sz002815,14.69,14.77,14.78,27437800.0,14.68,66000,14.69,35200,-0.54,14.95,14.68,27437800,406160000.0,3.53,1.83,114.16,181.3,16.25,13.29,1.13
蕾奥规划,sz300989,14.44,14.35,14.34,3397500.0,14.44,8600,14.45,16600,0.63,14.6,14.25,3397500,49020000.0,2.26,2.44,21.75,30.46,17.22,11.48,0.88
首创证券,sh601136,16.43,16.07,16.12,14576500.0,16.43,5300,16.44,113900,2.24,16.66,16.12,14576500,240410000.0,0.53,3.36,449.09,449.09,17.68,14.46,1.83
吉贝尔,sh688566,32.2,31.74,31.98,446671300.0,32.2,2200,32.21,5400,1.45,32.6,31.25,446671300,143100000.0,2.24,4.25,64.22,64.22,38.09,25.39,0.74
鲁西化工,sz000830,16.86,16.88,16.81,25380600.0,16.86,42400,16.87,89600,-0.12,16.95,16.52,25380600,426480000.0,1.33,2.55,321.04,321.07,18.57,15.19,0.61
京沪高铁,sh601816,4.95,4.99,5.01,125680900.0,4.95,1709500,4.96,533000,-0.8,5.01,4.95,125680900,624970000.0,0.26,1.2,2421.82,2421.82,5.49,4.49,1.19
中国建筑,sh601668,4.97,4.96,4.97,139912100.0,4.96,10304500,4.97,2283000,0.2,4.99,4.96,139912100,695500000.0,0.34,0.6,2053.62,2053.62,5.46,4.46,0.86
国联股份,sh603613,25.35,25.05,25.18,7037700.0,25.35,6000,25.38,7200,1.2,25.58,25.18,7037700,179050000.0,0.98,1.6,182.66,182.66,27.56,22.55,1.18
路维光电,sh688401,52.93,52.8,53.45,438184600.0,52.93,100,52.95,300,0.25,54.02,52.62,438184600,233510000.0,2.27,2.65,102.34,102.34,63.36,42.24,1.48
中国国贸,sh600007,21.38,21.59,21.63,2057300.0,21.37,300,21.38,1200,-0.97,21.68,21.29,2057300,44170000.0,0.2,1.81,215.36,215.36,23.75,19.43,0.58
顺钠股份,sz000533,14.62,14.54,14.76,76440900.0,14.62,520000,14.63,71700,0.55,15.08,14.39,76440900,1120050000.0,11.16,4.75,100.13,101.0,15.99,13.09,1.44
威迈斯,sh688612,31.65,31.56,31.58,503133000.0,31.65,7800,31.66,5700,0.29,32.34,31.5,503133000,160120000.0,1.99,2.66,79.93,132.67,37.87,25.25,0.88
国安达,sz300902,17.99,17.68,17.83,2238000.0,17.99,27500,18.0,13600,1.75,18.17,17.83,2238000,40410000.0,1.85,1.92,21.81,32.71,21.22,14.14,0.8
亿田智能,sz300911,29.49,29.72,29.75,4327800.0,29.49,500,29.5,1200,-0.77,30.25,29.42,4327800,128770000.0,2.53,2.79,50.53,54.07,35.66,23.78,0.61
仙鹤股份,sh603733,22.52,22.22,22.46,3179100.0,22.52,1600,22.53,2200,1.35,22.77,22.24,3179100,71480000.0,0.45,2.39,159.38,159.38,24.44,20.0,0.83
南京化纤,sh600889,14.1,13.9,13.9,2774300.0,14.1,35800,14.11,32500,1.44,14.23,13.9,2774300,39160000.0,0.76,2.37,51.65,78.68,15.29,12.51,0.62
好利科技,sz002729,21.53,21.32,21.3,19111100.0,21.53,31700,21.54,17000,0.98,21.75,20.71,19111100,408210000.0,10.89,4.88,37.78,39.39,23.45,19.19,1.18
世华科技,sh688093,33.89,33.67,33.88,288668100.0,33.88,2500,33.89,33400,0.65,34.36,33.6,288668100,98140000.0,1.03,2.26,95.02,95.02,40.4,26.94,1.4
大博医疗,sz002901,43.34,42.5,42.68,1292500.0,43.28,3300,43.34,3400,1.98,43.48,42.53,1292500,55830000.0,0.45,2.24,125.03,179.44,46.75,38.25,1.04
沪电股份,sz002463,88.32,85.84,86.56,88190100.0,88.32,69700,88.33,67600,2.89,89.66,85.04,88190100,7745190000.0,4.59,5.38,1698.23,1699.6,94.42,77.26,1.25
招商轮船,sh601872,19.08,19.75,19.6,224686600.0,19.07,194600,19.08,30500,-3.39,19.75,18.7,224686600,4284130000.0,2.78,5.32,1540.62,1540.62,21.73,17.78,0.95
建发致新,sz301584,27.46,27.21,27.4,3157100.0,27.46,13300,27.47,2600,0.92,27.84,27.3,3157100,87170000.0,5.88,1.98,14.75,115.69,32.65,21.77,0.47
联合化学,sz301209,90.01,89.87,90.0,980100.0,89.96,400,90.01,3500,0.16,91.87,89.01,980100,88750000.0,1.8,3.18,48.96,100.81,107.84,71.9,1.03
光力科技,sz300480,33.43,31.48,33.0,27766400.0,33.43,59500,33.44,8300,6.19,34.9,32.29,27766400,937340000.0,10.37,8.29,89.51,122.96,37.78,25.18,1.63
恒烁股份,sh688416,76.9,77.09,78.37,415625300.0,76.9,800,76.92,3500,-0.25,79.94,76.9,415625300,324520000.0,5.01,3.94,63.83,63.83,92.51,61.67,1.47
美丽生态,sz000010,3.75,3.71,3.74,17764700.0,3.74,103600,3.75,231500,1.08,3.8,3.72,17764700,66650000.0,2.09,2.16,31.8,43.11,4.08,3.34,0.68
藏格矿业,sz000408,83.1,84.08,84.43,9953600.0,83.1,9800,83.11,1100,-1.17,84.99,82.88,9953600,832860000.0,0.63,2.51,1304.84,1304.86,92.49,75.67,0.86
西藏天路,sh600326,9.38,9.33,9.37,20430300.0,9.38,73100,9.39,59300,0.54,9.58,9.36,20430300,192820000.0,1.5,2.36,127.8,127.8,10.26,8.4,1.3
恒勃股份,sz301225,115.43,114.44,116.5,2163900.0,115.43,1300,115.5,800,0.87,118.6,112.41,2163900,251100000.0,7.24,5.41,34.49,119.33,137.33,91.55,0.67
宏润建设,sz002062,7.31,7.31,7.39,14518300.0,7.31,102300,7.32,194700,0.0,7.58,7.29,14518300,107560000.0,1.29,3.97,82.22,90.44,8.04,6.58,1.12
鲁抗医药,sh600789,8.36,8.32,8.33,13489400.0,8.36,138100,8.37,54400,0.48,8.47,8.3,13489400,113210000.0,1.5,2.04,75.13,87.38,9.15,7.49,0.8
物产中大,sh600704,5.27,5.25,5.26,35425900.0,5.26,882600,5.27,51800,0.38,5.31,5.25,35425900,187110000.0,0.69,1.14,272.52,272.52,5.78,4.73,0.88
日月股份,sh603218,14.01,13.88,13.9,10367100.0,14.01,31000,14.02,66800,0.94,14.21,13.9,10367100,146070000.0,1.01,2.23,144.03,144.35,15.27,12.49,0.71
豪江智能,sz301320,17.06,16.85,16.98,1531400.0,17.06,15600,17.07,15900,1.25,17.26,16.98,1531400,26220000.0,2.25,1.66,11.64,31.05,20.22,13.48,0.58
顺博合金,sz002996,7.33,7.29,7.32,8131500.0,7.33,1700,7.34,53300,0.55,7.44,7.27,8131500,59890000.0,1.95,2.33,30.52,49.07,8.02,6.56,0.85
明星电力,sh600101,9.2,9.13,9.16,17382500.0,9.19,141900,9.2,80200,0.77,9.27,9.13,17382500,159930000.0,3.17,1.53,50.4,50.4,10.04,8.22,0.45
交通银行,sh601328,6.8,6.84,6.83,109168400.0,6.8,1866300,6.81,228700,-0.58,6.84,6.8,109168400,743660000.0,0.42,0.58,1772.93,6008.74,7.52,6.16,0.89
青云科技-U,sh688316,69.83,70.3,71.49,337902300.0,69.83,400,69.84,5200,-0.67,72.28,69.83,337902300,239060000.0,7.05,3.49,33.45,33.45,84.36,56.24,0.79
世运电路,sh603920,55.7,57.08,57.04,40072700.0,55.7,37200,55.71,1800,-2.42,57.36,55.3,40072700,2255960000.0,5.56,3.61,401.37,401.37,62.79,51.37,1.54
醋化股份,sh603968,13.0,13.15,13.13,8740000.0,13.0,67800,13.01,16300,-1.14,13.13,12.84,8740000,113520000.0,4.27,2.21,26.58,26.58,14.47,11.84,0.55
海泰新光,sh688677,73.1,73.16,74.48,890627400.0,73.1,12100,73.15,500,-0.08,74.7,70.81,890627400,647200000.0,7.43,5.32,87.63,87.63,87.79,58.53,0.79
国际实业,sz000159,6.47,6.4,6.41,9074600.0,6.47,89000,6.48,47500,1.09,6.51,6.41,9074600,58730000.0,1.89,1.56,31.1,31.1,7.04,5.76,0.65
海星股份,sh603115,42.9,45.23,45.58,10655300.0,42.89,6700,42.9,286400,-5.15,46.3,42.81,10655300,471260000.0,4.41,7.72,103.77,103.77,49.75,40.71,0.96
金岭矿业,sz000655,8.95,8.88,8.95,5900100.0,8.95,8200,8.96,43200,0.79,9.06,8.88,5900100,52990000.0,0.99,2.03,53.28,53.28,9.77,7.99,0.96
欣贺股份,sz003016,8.13,8.03,8.05,2905600.0,8.13,2600,8.14,38400,1.25,8.17,8.01,2905600,23620000.0,0.71,1.99,33.4,34.19,8.83,7.23,0.81
燕麦科技,sh688312,59.1,60.78,59.91,1068497000.0,59.1,8200,59.11,2000,-2.76,61.41,58.03,1068497000,634620000.0,7.33,5.56,86.15,86.15,72.94,48.62,1.2
南京银行,sh601009,10.91,11.02,11.04,40706100.0,10.91,412100,10.92,20700,-1.0,11.1,10.91,40706100,446360000.0,0.33,1.72,1348.87,1348.87,12.12,9.92,1.09
金风科技,sz002202,24.07,23.84,24.02,201680300.0,24.07,941200,24.08,411500,0.96,24.77,24.01,201680300,4906920000.0,6.0,3.19,809.6,1016.67,26.22,21.46,0.84
*ST天择,sh603721,20.08,20.08,20.05,1278000.0,20.08,12800,20.09,9900,0.0,20.3,19.95,1278000,25710000.0,0.98,1.74,26.1,26.1,21.08,19.08,1.15
南京聚隆,sz300644,29.35,30.16,30.16,4964000.0,29.34,17800,29.35,9500,-2.69,30.35,29.34,4964000,147320000.0,5.6,3.35,26.0,32.47,36.19,24.13,1.79
力生制药,sz002393,23.53,23.59,23.69,4581200.0,23.53,11700,23.54,5100,-0.25,23.87,23.42,4581200,108180000.0,1.83,1.91,58.9,60.61,25.95,21.23,0.69
欧圣电气,sz301187,20.36,20.1,20.1,3945500.0,20.35,11200,20.36,1400,1.29,21.2,20.05,3945500,81080000.0,1.55,5.72,51.9,51.9,24.12,16.08,2.12
农业银行,sh601288,6.59,6.6,6.57,220781100.0,6.58,700300,6.59,1587700,-0.15,6.59,6.53,220781100,1450570000.0,0.07,0.91,21038.19,23063.88,7.26,5.94,0.6
天安新材,sh603725,8.94,8.84,8.84,3118200.0,8.94,1600,8.95,1000,1.13,9.03,8.84,3118200,27920000.0,1.09,2.15,25.63,27.25,9.72,7.96,0.76
第一医药,sh600833,11.64,11.53,11.53,4905200.0,11.64,4500,11.65,11500,0.95,11.77,11.41,4905200,57120000.0,2.2,3.12,25.97,25.97,12.68,10.38,1.11
*ST宝实,sz000595,6.25,6.16,6.17,8647100.0,6.24,62800,6.25,8600,1.46,6.3,6.17,8647100,54010000.0,0.76,2.11,71.17,71.17,6.47,5.85,0.8
中信证券,sh600030,25.9,24.15,25.01,425932900.0,25.89,78800,25.9,393400,7.25,26.5,25.01,425932900,11036900000.0,3.5,6.17,3153.73,3838.52,26.57,21.74,4.5
科华数据,sz002335,59.43,58.77,59.0,27232900.0,59.43,1800,59.44,184600,1.12,60.56,58.54,27232900,1624610000.0,5.99,3.44,270.21,306.31,64.65,52.89,1.28
三柏硕,sz001300,16.36,15.92,15.92,2835200.0,16.34,1400,16.36,17800,2.76,16.58,15.92,2835200,46090000.0,1.16,4.15,39.88,39.88,17.51,14.33,1.0
通宝能源,sh600780,6.4,6.39,6.41,21880300.0,6.39,222600,6.4,39300,0.16,6.47,6.39,21880300,140560000.0,1.91,1.25,73.38,73.38,7.03,5.75,0.68
海油发展,sh600968,4.45,4.38,4.36,81661900.0,4.44,588200,4.45,89300,1.6,4.48,4.35,81661900,362070000.0,0.8,2.97,452.35,452.35,4.82,3.94,0.94
柳化股份,sh600423,3.57,3.54,3.58,20608700.0,3.56,52400,3.57,104200,0.85,3.63,3.52,20608700,73860000.0,2.58,3.11,28.51,28.51,3.89,3.19,0.49
中国化学,sh601117,9.06,9.06,9.1,100248800.0,9.06,621600,9.07,62000,0.0,9.22,9.02,100248800,913380000.0,1.65,2.21,549.9,553.26,9.97,8.15,0.86
升达林业,sz002259,5.45,5.46,5.49,26227400.0,5.44,118700,5.45,63000,-0.18,5.5,5.28,26227400,141870000.0,3.49,4.03,41.0,41.0,6.01,4.91,1.29
药石科技,sz300725,37.99,37.41,37.51,9282300.0,37.99,1500,38.0,2700,1.55,38.99,37.4,9282300,354470000.0,4.58,4.25,77.01,88.82,44.89,29.93,1.07
润泽科技,sz300442,87.04,87.29,88.0,58771900.0,87.04,16400,87.05,99000,-0.29,88.88,86.0,58771900,5156380000.0,3.61,3.3,1418.6,1422.53,104.75,69.83,1.46
佰奥智能,sz300836,59.33,56.5,56.71,2275500.0,59.33,600,59.4,13900,5.01,61.0,56.71,2275500,135460000.0,3.59,7.59,37.65,54.99,67.8,45.2,1.83
伊之密,sz300415,25.38,24.97,25.24,5863800.0,25.38,8400,25.39,11200,1.64,25.74,25.06,5863800,149420000.0,1.29,2.72,114.99,118.92,29.96,19.98,1.04
同和药业,sz300636,8.14,8.08,8.15,6223700.0,8.12,21500,8.14,55700,0.74,8.25,8.03,6223700,50760000.0,1.69,2.72,29.9,34.18,9.7,6.46,0.65
概伦电子,sh688206,32.68,32.41,32.99,304618300.0,32.68,2600,32.69,95800,0.83,33.6,32.6,304618300,100960000.0,0.7,3.09,142.22,142.22,38.89,25.93,1.12
海南华铁,sh603300,6.77,6.67,6.71,52771900.0,6.76,381700,6.77,113100,1.5,6.83,6.69,52771900,357280000.0,2.65,2.1,135.03,135.03,7.34,6.0,0.88
三旺通信,sh688618,35.25,36.28,36.28,405180400.0,35.25,4200,35.26,3700,-2.84,36.37,35.0,405180400,143780000.0,3.68,3.78,38.79,38.84,43.54,29.02,0.59
雷迪克,sz300652,42.96,42.01,42.46,2146900.0,42.95,6700,42.96,7500,2.26,43.52,42.22,2146900,92450000.0,1.79,3.09,51.43,57.3,50.41,33.61,1.27
五洲特纸,sh605007,14.07,13.99,14.24,5383000.0,14.07,8000,14.08,16600,0.57,14.49,14.07,5383000,76700000.0,1.34,3.0,56.5,66.94,15.39,12.59,1.0
泰恩康,sz301263,27.43,27.4,27.4,3396400.0,27.38,130700,27.43,35300,0.11,27.71,27.17,3396400,93140000.0,1.12,1.97,83.27,116.71,32.88,21.92,0.63
大西洋,sh600558,5.48,5.41,5.44,13283000.0,5.48,23600,5.49,230300,1.29,5.54,5.44,13283000,73040000.0,1.48,1.85,49.19,49.19,5.95,4.87,0.81
上海电力,sh600021,18.57,18.21,18.34,29345400.0,18.57,90800,18.58,133600,1.98,18.68,18.29,29345400,544360000.0,1.04,2.14,523.9,523.9,20.03,16.39,0.83
工商银行,sh601398,7.31,7.33,7.31,199244900.0,7.3,411600,7.31,788500,-0.27,7.34,7.28,199244900,1456350000.0,0.07,0.82,19708.65,26053.3,8.06,6.6,0.68
金花股份,sh600080,8.94,8.66,8.82,21013700.0,8.94,26200,8.95,94000,3.23,9.02,8.62,21013700,186540000.0,5.63,4.62,33.37,33.37,9.53,7.79,1.95
满坤科技,sz301132,41.02,41.09,41.48,6534100.0,41.01,7600,41.02,27200,-0.17,41.86,40.91,6534100,270160000.0,6.9,2.31,38.86,60.74,49.31,32.87,1.13
海兴电力,sh603556,34.39,34.3,34.37,2411800.0,34.39,4500,34.4,100,0.26,34.71,34.2,2411800,83080000.0,0.5,1.49,167.23,167.23,37.73,30.87,0.84
北方稀土,sh600111,51.75,51.8,52.79,82679600.0,51.75,17300,51.76,43900,-0.1,52.8,51.6,82679600,4303470000.0,2.29,2.32,1870.8,1870.8,56.98,46.62,1.09
中熔电气,sz301031,146.7,143.62,144.77,2024500.0,146.7,17000,146.71,7400,2.14,148.18,143.28,2024500,296770000.0,2.94,3.41,100.96,144.24,172.34,114.9,1.09
银星能源,sz000862,6.12,6.22,6.26,35489600.0,6.12,288400,6.13,183900,-1.61,6.28,6.12,35489600,219190000.0,5.65,2.57,38.43,56.18,6.84,5.6,0.85
华鲁恒升,sh600426,38.16,38.75,38.75,19330800.0,38.16,33500,38.17,5300,-1.52,38.88,38.01,19330800,739680000.0,0.91,2.25,810.1,810.21,42.63,34.88,0.64
*ST波导,sh600130,4.5,4.41,4.43,19844900.0,4.5,67400,4.51,111100,2.04,4.56,4.42,19844900,89390000.0,2.65,3.17,33.75,33.75,4.63,4.19,1.15
新农股份,sz002942,19.42,19.19,19.26,1411900.0,19.41,600,19.42,400,1.2,19.6,19.25,1411900,27430000.0,1.03,1.82,26.65,30.27,21.11,17.27,0.87
天山电子,sz301379,25.55,24.57,24.71,6567400.0,25.55,29800,25.56,28000,3.99,26.18,24.71,6567400,167890000.0,5.16,5.98,32.5,50.65,29.48,19.66,2.16
惠柏新材,sz301555,33.9,33.66,33.99,1762800.0,33.9,2300,33.91,8000,0.71,34.8,33.83,1762800,60410000.0,3.65,2.88,16.39,31.28,40.39,26.93,0.92
久盛电气,sz301082,17.64,17.47,17.57,3950100.0,17.63,28300,17.64,15900,0.97,17.88,17.57,3950100,70060000.0,1.89,1.77,36.91,39.92,20.96,13.98,1.06
长城证券,sz002939,9.07,8.88,9.1,40600800.0,9.06,132200,9.07,67800,2.14,9.29,9.02,40600800,372070000.0,1.13,3.04,326.76,365.92,9.77,7.99,2.35
佰仁医疗,sh688198,95.03,95.15,95.3,50980600.0,95.02,500,95.03,100,-0.13,97.0,94.78,50980600,48810000.0,0.37,2.33,130.9,130.9,114.18,76.12,1.21
锦盛新材,sz300849,19.65,19.77,19.99,1471100.0,19.65,11700,19.67,2000,-0.61,20.04,19.64,1471100,29170000.0,1.21,2.02,23.87,29.48,23.72,15.82,0.53
佛燃能源,sz002911,13.96,14.03,14.1,3463000.0,13.96,51100,13.97,1800,-0.5,14.13,13.94,3463000,48600000.0,0.27,1.35,176.88,181.23,15.43,12.63,0.53
三七互娱,sz002555,22.83,22.42,22.55,39662400.0,22.83,73000,22.84,6600,1.83,23.14,22.55,39662400,909540000.0,2.48,2.63,365.04,505.05,24.66,20.18,1.25
莱特光电,sh688150,46.22,46.41,47.3,1840849700.0,46.22,13000,46.23,19100,-0.41,49.98,46.08,1840849700,877370000.0,4.57,8.4,186.01,186.01,55.69,37.13,1.38
特变电工,sh600089,27.09,26.73,26.99,152584000.0,27.08,857100,27.09,388300,1.35,27.35,26.8,152584000,4140520000.0,3.02,2.06,1368.8,1368.8,29.4,24.06,1.1
荣昌生物,sh688331,135.48,137.79,137.0,903623300.0,135.45,300,135.48,200,-1.68,138.47,132.15,903623300,1227780000.0,5.54,4.59,220.96,764.75,165.35,110.23,0.7
新兴铸管,sz000778,4.46,4.64,4.66,130771800.0,4.46,95900,4.47,364000,-3.88,4.7,4.45,130771800,588260000.0,3.36,5.39,173.65,176.76,5.1,4.18,3.18
德冠新材,sz001378,23.84,23.53,23.65,1077200.0,23.83,400,23.84,6900,1.32,23.97,23.58,1077200,25690000.0,1.67,1.66,15.38,31.79,25.88,21.18,0.63
梦天家居,sh603216,33.63,36.52,36.52,12637100.0,33.63,23200,33.64,200,-7.91,37.2,33.37,12637100,432030000.0,5.67,10.49,74.89,74.89,40.17,32.87,4.67
三达膜,sh688101,16.41,16.15,16.23,166596000.0,16.41,10400,16.44,10300,1.61,16.5,16.08,166596000,27260000.0,0.5,2.6,54.48,54.48,19.38,12.92,1.04
隆华科技,sz300263,9.82,9.8,9.88,32290800.0,9.81,33700,9.82,180200,0.2,10.08,9.79,32290800,320710000.0,3.31,2.96,95.8,101.64,11.76,7.84,1.26
中国交建,sh601800,7.6,7.56,7.58,15952100.0,7.59,402600,7.6,167400,0.53,7.63,7.56,15952100,121250000.0,0.14,0.93,895.56,1236.87,8.32,6.8,0.77
凯恩股份,sz002012,6.82,6.63,6.67,20630900.0,6.82,24200,6.83,4600,2.87,6.94,6.66,20630900,140540000.0,4.41,4.22,31.89,31.89,7.29,5.97,1.95
拓尔思,sz300229,18.47,18.16,18.47,26199000.0,18.47,34000,18.48,36500,1.71,18.92,18.36,26199000,488950000.0,3.0,3.08,161.25,161.36,21.79,14.53,1.29
宿迁联盛,sh603065,8.25,8.21,8.23,3219500.0,8.25,46200,8.26,9000,0.49,8.34,8.22,3219500,26650000.0,0.77,1.46,34.56,34.56,9.03,7.39,0.73
汇川技术,sz300124,68.11,66.04,66.72,33376100.0,68.11,21000,68.12,34600,3.13,68.59,66.72,33376100,2265410000.0,1.39,2.83,1633.66,1843.89,79.25,52.83,1.94
国元证券,sz000728,7.76,7.61,7.7,39167600.0,7.76,109700,7.77,16600,1.97,7.91,7.68,39167600,306260000.0,0.9,3.02,338.63,338.63,8.37,6.85,2.11
奇德新材,sz300995,35.05,34.9,34.9,1149300.0,35.05,6500,35.1,1100,0.43,35.63,34.9,1149300,40630000.0,1.91,2.09,21.04,29.49,41.88,27.92,0.78
衢州东峰,sh601515,4.66,4.64,4.67,56440600.0,4.65,1406500,4.66,221200,0.43,4.79,4.64,56440600,265940000.0,2.93,3.23,89.68,89.68,5.1,4.18,0.52
瑞华技术,bj920099,30.51,30.44,30.65,774600.0,30.51,1600,30.52,3000,0.23,30.72,30.0,774600,23583200.0,1.6,2.37,14.79,23.92,39.57,21.31,0.72
怡合达,sz301029,25.46,24.63,24.94,11427600.0,25.46,23800,25.47,10200,3.37,26.03,24.91,11427600,292550000.0,2.47,4.55,117.59,161.47,29.56,19.7,1.36
中船防务,sh600685,28.66,28.2,28.33,16972800.0,28.65,22500,28.66,25800,1.63,29.06,28.33,16972800,488570000.0,2.07,2.59,235.42,405.11,31.02,25.38,1.19
三棵树,sh603737,50.2,51.61,52.29,3961700.0,50.2,9600,50.25,400,-2.73,52.32,49.91,3961700,200920000.0,0.54,4.67,370.38,370.38,56.77,46.45,1.26
福赛科技,sz301529,110.4,112.68,113.88,2997600.0,110.4,500,110.45,25600,-2.02,117.4,110.2,2997600,338480000.0,6.63,6.39,49.94,93.66,135.22,90.14,1.09
新巨丰,sz301296,7.86,7.76,7.83,2568700.0,7.86,5600,7.87,500,1.29,7.94,7.78,2568700,20260000.0,0.6,2.06,33.39,33.39,9.31,6.21,0.97
诺力股份,sh603611,20.62,20.33,20.32,2904900.0,20.62,22300,20.63,2500,1.43,20.87,20.32,2904900,60150000.0,1.13,2.71,53.12,53.12,22.36,18.3,1.04
华大九天,sz301269,84.51,84.2,84.7,4370600.0,84.5,200,84.51,100,0.37,85.8,84.46,4370600,372160000.0,0.8,1.59,460.95,460.95,101.04,67.36,1.14
中原高速,sh600020,3.81,3.78,3.79,9863800.0,3.81,298400,3.82,177300,0.79,3.84,3.79,9863800,37670000.0,0.44,1.32,85.62,85.62,4.16,3.4,0.96
创新新材,sh600361,4.15,4.18,4.18,40456700.0,4.14,654500,4.15,57900,-0.72,4.21,4.14,40456700,168740000.0,1.08,1.67,154.91,154.91,4.6,3.76,0.81
铁龙物流,sh600125,6.31,6.37,6.36,52583000.0,6.31,858800,6.32,33300,-0.94,6.4,6.28,52583000,333160000.0,4.03,1.88,82.38,82.38,7.01,5.73,1.32
中兵红箭,sz000519,17.29,16.86,16.99,33923500.0,17.29,3800,17.3,79100,2.55,17.48,16.91,33923500,586830000.0,2.44,3.38,240.77,240.77,18.55,15.17,1.87
溢多利,sz300381,6.43,6.3,6.31,9426900.0,6.43,10800,6.44,10500,2.06,6.51,6.27,9426900,60550000.0,1.93,3.81,31.46,31.58,7.56,5.04,0.83
天宇股份,sz300702,23.39,23.27,23.22,3978100.0,23.39,4300,23.4,800,0.52,23.8,23.01,3978100,93200000.0,1.88,3.39,49.39,81.39,27.92,18.62,0.77
宏发股份,sh600885,26.59,26.47,26.6,21485800.0,26.59,39000,26.6,44700,0.45,26.98,26.44,21485800,574200000.0,1.39,2.04,411.51,411.51,29.12,23.82,0.62
上海电影,sh601595,25.1,24.77,24.8,4780700.0,25.09,27400,25.1,3400,1.33,25.51,24.8,4780700,120460000.0,1.07,2.87,112.5,112.5,27.25,22.29,0.96
新亚强,sh603155,16.06,15.88,15.98,3438700.0,16.06,2200,16.07,9000,1.13,16.21,15.97,3438700,55270000.0,1.09,1.51,50.72,50.72,17.47,14.29,0.89
龙源电力,sz001289,15.24,15.11,15.14,10037800.0,15.24,14600,15.25,40800,0.86,15.28,15.01,10037800,152660000.0,0.2,1.79,768.39,1274.04,16.62,13.6,0.76
中科三环,sz000970,12.21,11.98,12.16,24872400.0,12.21,302400,12.22,113100,1.92,12.35,12.16,24872400,304770000.0,2.05,1.59,148.44,148.44,13.18,10.78,1.45
天融信,sz002212,7.44,7.37,7.43,17537300.0,7.43,106900,7.44,32700,0.95,7.51,7.41,17537300,130950000.0,1.5,1.36,86.81,87.75,8.11,6.63,0.99
三美股份,sh603379,62.3,62.6,62.5,6150000.0,62.3,5900,62.31,200,-0.48,62.99,61.4,6150000,383360000.0,1.01,2.54,380.33,380.33,68.86,56.34,1.0
诺思兰德,bj920047,30.93,29.52,29.7,8716700.0,30.93,14200,30.95,1700,4.78,31.17,28.78,8716700,259462100.0,4.84,8.1,55.71,84.83,38.37,20.67,0.91
飞南资源,sz301500,24.72,24.6,25.49,27556400.0,24.7,4600,24.72,27600,0.49,27.49,24.67,27556400,708480000.0,19.13,11.46,35.61,138.91,29.52,19.68,1.38
科瑞思,sz301314,46.96,46.88,47.11,766400.0,46.96,400,46.99,300,0.17,47.64,46.32,766400,36130000.0,4.2,2.82,8.57,25.95,56.26,37.5,0.98
中钢国际,sz000928,6.94,7.04,7.15,43280600.0,6.94,483400,6.95,149800,-1.42,7.16,6.92,43280600,302840000.0,3.02,3.41,99.56,99.56,7.74,6.34,0.67
南极光,sz300940,22.67,22.24,22.34,3141200.0,22.66,7800,22.67,5700,1.93,22.84,22.34,3141200,71140000.0,1.99,2.25,35.7,50.47,26.69,17.79,1.04
惠城环保,sz300779,92.82,92.66,92.4,3914200.0,92.82,20400,92.9,200,0.17,94.68,92.39,3914200,366390000.0,2.43,2.47,149.36,196.17,111.19,74.13,0.82
深圳能源,sz000027,6.63,6.64,6.65,30439000.0,6.63,570700,6.64,241600,-0.15,6.71,6.63,30439000,203030000.0,0.64,1.2,315.41,315.41,7.3,5.98,0.76
超频三,sz300647,6.27,6.12,6.18,14464500.0,6.26,83300,6.27,38200,2.45,6.36,6.15,14464500,90720000.0,3.17,3.43,28.63,28.67,7.34,4.9,1.49
ST任子行,sz300311,5.18,5.11,5.16,7947900.0,5.18,14500,5.19,151900,1.37,5.26,5.14,7947900,41270000.0,1.48,2.35,27.84,34.89,6.13,4.09,0.95
常青科技,sh603125,18.12,17.79,17.99,2751000.0,18.11,10100,18.12,7600,1.85,18.25,17.79,2751000,49800000.0,0.68,2.59,73.36,73.36,19.57,16.01,1.22
宇信科技,sz300674,20.85,20.27,20.45,23274600.0,20.85,43800,20.86,69900,2.86,21.11,20.38,23274600,483440000.0,3.31,3.6,146.58,146.8,24.32,16.22,1.75
西南证券,sh600369,4.24,4.16,4.19,58533900.0,4.23,797100,4.24,24400,1.92,4.32,4.19,58533900,249830000.0,0.88,3.12,281.75,281.75,4.58,3.74,1.7
森林包装,sh605500,8.89,8.64,8.7,3914800.0,8.89,1600,8.9,55800,2.89,8.94,8.66,3914800,34550000.0,0.94,3.24,36.84,36.84,9.5,7.78,0.86
中复神鹰,sh688295,49.78,50.48,51.0,1310456700.0,49.78,161900,49.79,5900,-1.39,51.66,49.7,1310456700,662110000.0,1.46,3.88,448.02,448.02,60.58,40.38,0.73
太阳能,sz000591,5.22,5.25,5.25,79070600.0,5.22,670100,5.23,448800,-0.57,5.33,5.22,79070600,416410000.0,2.01,2.1,204.86,204.93,5.78,4.73,0.88
江西铜业,sh600362,44.9,45.05,45.45,28004000.0,44.9,34300,44.91,29800,-0.33,45.68,44.85,28004000,1264510000.0,1.35,1.84,931.79,1554.77,49.56,40.55,1.06
海康威视,sz002415,31.71,30.76,30.88,62290100.0,31.7,101900,31.71,95500,3.09,32.1,30.83,62290100,1966520000.0,0.69,4.13,2868.62,2906.18,33.84,27.68,2.39
新 和 成,sz002001,36.59,36.9,36.55,37414300.0,36.59,107500,36.6,46400,-0.84,36.8,35.94,37414300,1362440000.0,1.23,2.33,1111.19,1124.56,40.59,33.21,0.65
易点天下,sz301171,45.88,46.13,46.4,33740600.0,45.87,10400,45.88,4300,-0.54,46.97,45.82,33740600,1559990000.0,8.83,2.49,175.34,216.5,55.36,36.9,0.79
广州发展,sh600098,7.16,7.15,7.17,23751900.0,7.15,23000,7.16,47500,0.14,7.18,7.08,23751900,169600000.0,0.68,1.4,251.02,251.02,7.87,6.44,0.8
亚太科技,sz002540,6.82,6.83,6.87,9586600.0,6.81,12700,6.82,14200,-0.15,6.91,6.8,9586600,65710000.0,1.1,1.61,59.61,85.33,7.51,6.15,0.92
理工导航,sh688282,75.01,76.12,77.6,115086200.0,75.01,2200,75.05,2000,-1.46,77.62,74.99,115086200,87290000.0,1.31,3.46,66.01,66.01,91.34,60.9,0.73
柳药集团,sh603368,17.16,17.08,17.1,2793500.0,17.15,18800,17.16,17400,0.47,17.25,17.05,2793500,47960000.0,0.7,1.17,68.16,68.16,18.79,15.37,0.72
和元生物,sh688238,7.14,7.08,7.08,1005508600.0,7.14,22000,7.15,4200,0.85,7.29,7.06,1005508600,72150000.0,1.57,3.25,45.78,46.34,8.5,5.66,0.9
粤电力Ａ,sz000539,5.37,5.41,5.45,60062200.0,5.37,520700,5.38,595300,-0.74,5.48,5.36,60062200,324110000.0,2.35,2.22,137.22,281.94,5.95,4.87,0.64
法拉电子,sh600563,120.0,120.26,120.98,7287800.0,120.0,65700,120.01,1600,-0.22,122.49,119.42,7287800,880810000.0,3.24,2.55,270.0,270.0,132.29,108.23,0.93
中工国际,sz002051,10.73,11.5,11.5,166513900.0,10.73,376000,10.74,15200,-6.7,11.62,10.63,166513900,1826750000.0,13.46,8.61,132.77,132.77,12.65,10.35,1.31
建设银行,sh601939,9.24,9.27,9.24,49353800.0,9.23,37900,9.24,290700,-0.32,9.26,9.19,49353800,454770000.0,0.51,0.76,886.45,24171.88,10.2,8.34,0.62
呈和科技,sh688625,64.4,59.2,60.0,627408500.0,64.4,19000,64.44,1500,8.78,65.48,59.21,627408500,398720000.0,3.33,10.59,121.28,121.28,71.04,47.36,1.84
博迈科,sh603727,20.32,19.87,19.7,11112800.0,20.32,31700,20.33,44400,2.26,20.69,19.41,11112800,224810000.0,3.94,6.44,57.25,57.25,21.86,17.88,0.71
和仁科技,sz300550,12.11,11.97,12.11,3650600.0,12.11,35400,12.12,13700,1.17,12.26,12.07,3650600,44400000.0,1.39,1.59,31.77,31.8,14.36,9.58,1.16
吉祥航空,sh603885,12.31,12.49,12.55,13627100.0,12.31,148200,12.32,25400,-1.44,12.55,12.27,13627100,168710000.0,0.62,2.24,268.85,268.85,13.74,11.24,0.65
双元科技,sh688623,87.57,86.87,86.86,59634600.0,87.54,400,87.57,1800,0.81,88.58,86.78,59634600,52290000.0,3.12,2.07,16.76,51.79,104.24,69.5,1.18
山东威达,sz002026,13.15,12.91,13.0,7232600.0,13.14,12900,13.15,60200,1.86,13.4,12.99,7232600,95780000.0,1.64,3.18,57.92,57.93,14.2,11.62,1.37
安徽建工,sh600502,5.57,5.52,5.57,92353400.0,5.57,530000,5.58,159500,0.91,5.72,5.5,92353400,520270000.0,5.38,3.99,95.61,95.61,6.07,4.97,0.67
兴欣新材,sz001358,26.42,26.43,26.71,902100.0,26.41,400,26.42,500,-0.04,26.78,26.19,902100,23840000.0,1.82,2.23,13.13,32.55,29.07,23.79,0.85
江阴银行,sz002807,4.55,4.54,4.55,19160200.0,4.55,47100,4.56,1083200,0.22,4.57,4.54,19160200,87240000.0,0.78,0.66,111.84,111.99,4.99,4.09,0.63
艾为电子,sh688798,67.62,67.49,67.93,194154200.0,67.62,2100,67.63,500,0.19,68.68,67.62,194154200,132420000.0,1.43,1.57,91.79,157.64,80.99,53.99,1.14
山高环能,sz000803,8.41,8.29,8.29,20634600.0,8.41,200,8.42,25800,1.45,8.69,8.17,20634600,175230000.0,4.49,6.27,38.67,39.22,9.12,7.46,1.38
苏州固锝,sz002079,9.63,9.55,9.65,16110000.0,9.62,153200,9.63,2100,0.84,9.75,9.61,16110000,156030000.0,1.99,1.47,78.07,78.15,10.51,8.6,0.93
必易微,sh688045,46.48,45.81,46.5,147034600.0,46.48,300,46.6,400,1.46,48.08,46.44,147034600,69480000.0,2.11,3.58,32.46,32.46,54.97,36.65,0.86
华致酒行,sz300755,13.05,12.93,13.02,2599300.0,13.04,3100,13.05,19900,0.93,13.23,13.02,2599300,34140000.0,0.62,1.62,54.35,54.39,15.52,10.34,0.71
丽岛新材,sh603937,14.45,14.38,14.51,8946300.0,14.44,7200,14.45,800,0.49,14.8,14.0,8946300,129650000.0,4.28,5.56,30.18,30.18,15.82,12.94,0.62
渤海轮渡,sh603167,9.26,9.22,9.26,3520600.0,9.26,5900,9.27,39300,0.43,9.32,9.25,3520600,32690000.0,0.75,0.76,43.44,43.44,10.14,8.3,0.8
中国能建,sh601868,2.85,2.86,2.86,529328100.0,2.84,5480300,2.85,8821700,-0.35,2.88,2.83,529328100,1510290000.0,1.63,1.75,924.22,1260.85,3.15,2.57,0.81
新疆天业,sh600075,6.4,6.52,6.46,33523800.0,6.4,236900,6.41,110300,-1.84,6.52,6.33,33523800,215440000.0,1.96,2.91,109.3,109.3,7.17,5.87,0.48
嘉亨家化,sz300955,36.1,36.44,36.81,1862400.0,36.1,1900,36.12,500,-0.93,36.99,36.02,1862400,67670000.0,1.85,2.66,36.39,36.39,43.73,29.15,0.54
广联航空,sz300900,37.72,38.32,38.59,28530700.0,37.72,15800,37.73,25200,-1.57,40.18,37.71,28530700,1103540000.0,11.11,6.45,96.86,123.62,45.98,30.66,0.82
鲁  泰Ａ,sz000726,7.04,6.95,6.99,6828200.0,7.03,13600,7.04,17200,1.29,7.1,6.96,6828200,48130000.0,1.16,2.01,41.49,57.55,7.65,6.26,1.07
*ST三圣,sz002742,4.6,4.56,4.59,5097800.0,4.6,77300,4.61,29400,0.88,4.64,4.54,5097800,23470000.0,0.97,2.19,24.1,31.47,4.79,4.33,1.22
亚太药业,sz002370,7.31,7.39,7.24,67338000.0,7.3,108000,7.31,11200,-1.08,7.49,7.08,67338000,491460000.0,9.03,5.55,54.51,54.51,8.13,6.65,0.59
圆通速递,sh600233,20.5,19.92,20.12,21064100.0,20.49,3700,20.5,24200,2.91,20.7,19.74,21064100,427600000.0,0.62,4.82,701.65,701.65,21.91,17.93,1.33
罗莱生活,sz002293,10.28,10.18,10.29,6762700.0,10.26,1600,10.28,4600,0.98,10.36,10.13,6762700,69540000.0,0.82,2.26,84.97,85.72,11.2,9.16,1.0
浙矿股份,sz300837,36.77,36.29,36.66,1346400.0,36.7,1100,36.77,600,1.32,37.23,36.49,1346400,49730000.0,1.78,2.04,27.8,36.77,43.55,29.03,0.92
亿联网络,sz300628,34.67,34.38,34.59,5588400.0,34.66,4600,34.67,7600,0.84,34.9,34.43,5588400,194030000.0,0.77,1.37,251.6,439.18,41.26,27.5,1.06
北方铜业,sz000737,13.72,13.66,13.78,32088800.0,13.71,203500,13.72,16200,0.44,13.87,13.63,32088800,441440000.0,1.68,1.76,261.3,261.33,15.03,12.29,0.99
兴业证券,sh601377,6.0,5.81,5.89,203186500.0,6.0,154100,6.01,939400,3.27,6.18,5.89,203186500,1233130000.0,2.35,4.99,518.16,518.16,6.39,5.23,2.54
南模生物,sh688265,44.5,43.65,43.64,95287100.0,44.49,100,44.5,9800,1.95,45.46,43.6,95287100,42480000.0,1.22,4.26,34.69,34.69,52.38,34.92,1.12
紫江企业,sh600210,6.94,6.89,6.92,18588100.0,6.94,165200,6.95,52900,0.73,7.04,6.91,18588100,129910000.0,1.23,1.89,105.26,105.26,7.58,6.2,1.25
利源股份,sz002501,1.86,1.88,1.88,53204500.0,1.86,2317800,1.87,2189300,-1.06,1.9,1.86,53204500,99510000.0,1.5,2.13,65.96,66.03,2.07,1.69,0.55
大洋生物,sz003017,31.25,30.86,30.98,2240900.0,31.25,1000,31.26,12300,1.26,31.49,30.8,2240900,69840000.0,3.23,2.24,21.65,26.25,33.95,27.77,1.12
招商公路,sz001965,8.72,8.73,8.73,14772300.0,8.72,27500,8.73,127100,-0.11,8.79,8.7,14772300,128930000.0,0.22,1.03,592.53,592.53,9.6,7.86,0.56
华谊集团,sh600623,9.89,9.85,9.94,19184300.0,9.88,38900,9.89,4600,0.41,9.99,9.72,19184300,189570000.0,1.02,2.74,185.54,209.95,10.84,8.87,0.64
博拓生物,sh688767,34.59,33.12,34.5,334664600.0,34.59,3200,34.6,200,4.44,35.99,33.99,334664600,117110000.0,2.24,6.04,51.65,51.65,39.74,26.5,2.54
雅运股份,sh603790,22.06,22.16,22.32,2243200.0,22.05,300,22.06,300,-0.45,22.5,21.91,2243200,49530000.0,1.17,2.66,42.21,42.21,24.38,19.94,0.81
金海通,sh603061,308.49,315.18,314.9,2860300.0,308.3,200,308.49,100,-2.12,318.49,302.5,2860300,886000000.0,4.77,5.07,185.09,185.09,346.7,283.66,1.33
航天信息,sh600271,8.43,8.36,8.39,11442700.0,8.42,149100,8.43,27900,0.84,8.5,8.39,11442700,96720000.0,0.62,1.32,156.2,156.2,9.2,7.52,0.78
长江电力,sh600900,26.4,26.39,26.47,66558900.0,26.39,60700,26.4,2400,0.04,26.5,26.32,66558900,1756490000.0,0.27,0.68,6459.61,6459.61,29.03,23.75,0.92
晶升股份,sh688478,35.88,29.9,30.49,1086085900.0,35.88,286400,0.0,0,20.0,35.88,30.28,1086085900,373220000.0,10.5,18.73,37.1,49.65,35.88,23.92,6.98
中远海发,sh601866,2.9,2.98,3.0,233958100.0,2.9,323000,2.91,2288500,-2.68,3.02,2.88,233958100,683420000.0,2.4,4.7,282.81,382.73,3.28,2.68,0.7
凯因科技,sh688687,21.34,20.92,21.1,483974400.0,21.34,4800,21.35,4400,2.01,21.69,20.92,483974400,103340000.0,2.83,3.68,36.48,36.48,25.1,16.74,1.02
腾亚精工,sz301125,20.11,19.86,19.93,1764100.0,20.11,26000,20.13,500,1.26,20.44,19.93,1764100,35580000.0,1.4,2.57,25.27,28.51,23.83,15.89,0.61
海泰新能,bj920985,6.75,6.66,6.73,3369100.0,6.74,35400,6.75,10400,1.35,6.9,6.72,3369100,22915300.000000004,1.54,2.7,14.8,20.89,8.65,4.67,0.9
鑫铂股份,sz003038,15.52,15.03,15.15,9577100.0,15.51,16000,15.52,17200,3.26,15.68,15.02,9577100,147160000.0,5.87,4.39,25.33,37.82,16.53,13.53,1.89
杭州银行,sh600926,17.15,17.13,17.18,21230800.0,17.15,30700,17.16,15100,0.12,17.2,17.07,21230800,363760000.0,0.29,0.76,1243.2,1243.2,18.84,15.42,0.74
华亚智能,sz003043,54.87,55.61,56.0,1682500.0,54.86,300,54.87,4500,-1.33,56.39,54.83,1682500,93220000.0,2.01,2.81,46.0,73.43,61.17,50.05,0.63
海天股份,sh603759,9.39,9.28,9.29,4661500.0,9.39,47200,9.4,68500,1.19,9.48,9.29,4661500,43890000.0,1.01,2.05,43.36,43.36,10.21,8.35,0.83
金三江,sz301059,14.08,13.91,13.95,2410500.0,14.08,26500,14.1,2500,1.22,14.13,13.89,2410500,33890000.0,1.17,1.73,29.11,32.55,16.69,11.13,0.86
东方盛虹,sz000301,11.52,11.2,11.2,27140700.0,11.51,14500,11.52,116400,2.86,11.6,11.12,27140700,308150000.0,0.41,4.29,761.26,761.61,12.32,10.08,1.03
白云山,sh600332,22.92,22.85,22.85,8147600.0,22.92,30300,22.93,20000,0.31,22.97,22.83,8147600,186670000.0,0.58,0.61,322.23,372.63,25.14,20.57,0.7
天津普林,sz002134,21.15,20.84,21.0,4828500.0,21.15,300,21.16,3000,1.49,21.39,20.85,4828500,102240000.0,1.96,2.59,52.11,52.14,22.92,18.76,1.04
中煤能源,sh601898,17.14,17.36,17.18,36102100.0,17.13,46800,17.14,78200,-1.27,17.34,17.0,36102100,619690000.0,0.39,1.96,1568.65,2272.53,19.1,15.62,0.7
九洲药业,sh603456,17.34,17.21,17.15,15555100.0,17.34,6500,17.35,10000,0.76,17.63,17.09,15555100,269730000.0,1.75,3.14,154.23,154.23,18.93,15.49,0.9
安克创新,sz300866,116.5,104.6,106.71,13836700.0,116.4,400,116.5,45100,11.38,118.28,106.71,13836700,1561650000.0,4.5,11.06,358.27,624.63,125.52,83.68,2.49
中国海诚,sz002116,10.37,10.29,10.34,4929900.0,10.36,25100,10.37,9000,0.78,10.46,10.28,4929900,51170000.0,1.07,1.75,47.77,48.3,11.32,9.26,0.86
奥士康,sz002913,50.58,49.91,50.15,7864600.0,50.57,10600,50.58,22200,1.34,51.25,50.01,7864600,398550000.0,2.61,2.48,152.59,160.52,54.9,44.92,1.25
龙泉股份,sz002671,4.77,4.75,4.78,14902400.0,4.77,269800,4.78,6800,0.42,4.85,4.76,14902400,71640000.0,2.7,1.89,26.28,26.87,5.23,4.28,0.5
彩蝶实业,sh603073,19.98,19.8,19.97,1787000.0,19.98,14800,20.02,1000,0.91,20.2,19.74,1787000,35790000.0,3.51,2.32,10.17,23.18,21.78,17.82,0.76
汇得科技,sh603192,24.29,24.05,24.11,979000.0,24.29,4100,24.3,1100,1.0,24.43,24.11,979000,23800000.0,0.7,1.33,33.86,40.65,26.46,21.65,0.88
中达安,sz300635,13.96,14.04,14.03,5130300.0,13.95,800,13.96,63300,-0.57,14.11,13.77,5130300,71550000.0,4.26,2.42,16.81,19.55,16.85,11.23,0.99
东北制药,sz000597,5.37,5.32,5.33,21214300.0,5.37,27600,5.38,9400,0.94,5.43,5.28,21214300,113630000.0,1.51,2.82,75.67,76.63,5.85,4.79,0.65
肯特催化,sh603120,38.56,38.57,38.63,722400.0,38.56,2900,38.57,24400,-0.03,39.18,38.55,722400,28070000.0,3.2,1.63,8.71,34.86,42.43,34.71,0.86
山河药辅,sz300452,14.85,14.69,14.71,4207400.0,14.85,31900,14.86,1900,1.09,15.06,14.66,4207400,62610000.0,2.12,2.72,29.5,34.82,17.63,11.75,0.67
屹通新材,sz300930,29.61,29.53,29.79,1039200.0,29.6,3500,29.65,200,0.27,30.03,29.48,1039200,30960000.0,2.21,1.86,13.95,29.61,35.44,23.62,0.56
华策影视,sz300133,7.3,7.34,7.41,60992400.0,7.29,263700,7.3,32700,-0.54,7.48,7.3,60992400,449580000.0,3.78,2.45,117.69,137.84,8.81,5.87,1.3
富煌钢构,sz002743,5.47,5.45,5.49,4844400.0,5.47,8100,5.48,106700,0.37,5.55,5.44,4844400,26670000.0,1.11,2.02,23.77,23.81,6.0,4.91,0.56
天山股份,sz000877,4.88,4.85,4.88,10290100.0,4.87,44900,4.88,106300,0.62,4.94,4.86,10290100,50380000.0,0.14,1.65,346.99,346.99,5.34,4.37,0.88
大华股份,sz002236,17.43,17.25,17.32,35177700.0,17.43,13000,17.44,37800,1.04,17.53,17.3,35177700,613260000.0,1.66,1.33,368.81,572.88,18.98,15.53,1.58
兖矿能源,sh600188,19.31,18.95,18.87,53256500.0,19.3,800,19.31,7300,1.9,19.4,18.78,53256500,1019660000.0,0.89,3.27,1151.14,1938.24,20.85,17.06,0.97
农心科技,sz001231,23.56,23.57,23.68,1205800.0,23.56,700,23.62,400,-0.04,23.93,23.46,1205800,28610000.0,2.37,1.99,11.98,23.55,25.93,21.21,0.73
长江证券,sz000783,7.26,6.97,7.2,119469800.0,7.26,333300,7.27,281600,4.16,7.42,7.14,119469800,872360000.0,2.16,4.02,401.48,401.48,7.67,6.27,3.32
众源新材,sh603527,10.66,10.59,10.69,6590900.0,10.65,20800,10.66,73900,0.66,10.88,10.62,6590900,70740000.0,2.08,2.46,33.79,33.79,11.65,9.53,0.61
中国黄金,sh600916,9.15,9.25,9.28,37407200.0,9.15,207300,9.16,174200,-1.08,9.31,9.13,37407200,344140000.0,2.23,1.95,153.72,153.72,10.18,8.33,1.0
邮储银行,sh601658,5.0,5.02,5.02,97386700.0,4.99,7278700,5.0,1623000,-0.4,5.03,4.99,97386700,487580000.0,0.13,0.8,3626.39,6004.75,5.52,4.52,0.69
中国通号,sh688009,5.49,5.46,5.48,3049461300.0,5.49,32900,5.5,120700,0.55,5.53,5.46,3049461300,167680000.0,0.35,1.28,473.29,581.38,6.55,4.37,0.86
井松智能,sh688251,36.22,35.4,35.54,286743500.0,36.18,2000,36.22,24900,2.32,36.65,34.96,286743500,103310000.0,4.78,4.77,21.72,36.44,42.48,28.32,0.94
天原股份,sz002386,6.17,6.09,6.1,53537800.0,6.16,77100,6.17,482500,1.31,6.21,6.02,53537800,329260000.0,4.11,3.12,80.3,80.31,6.7,5.48,0.83
省广集团,sz002400,8.63,8.58,8.73,115127800.0,8.63,233900,8.64,123800,0.58,8.83,8.62,115127800,1001620000.0,6.67,2.45,148.97,150.45,9.44,7.72,0.79
双象股份,sz002395,18.22,18.63,18.64,8469400.0,18.22,5300,18.23,20500,-2.2,18.76,18.11,8469400,154780000.0,3.16,3.49,48.86,48.87,20.49,16.77,1.05
神力股份,sh603819,13.51,13.44,13.47,9765100.0,13.51,7000,13.52,66200,0.52,13.83,13.25,9765100,132040000.0,4.48,4.32,29.42,29.42,14.78,12.1,0.78
悦达投资,sh600805,5.26,5.22,5.24,12514800.0,5.25,32300,5.26,65800,0.77,5.37,5.22,12514800,66230000.0,1.47,2.87,44.72,44.76,5.74,4.7,0.86
昊帆生物,sz301393,54.56,49.61,49.76,6406500.0,54.55,9900,54.56,800,9.98,56.64,49.51,6406500,344670000.0,15.22,14.37,22.97,58.92,59.53,39.69,2.77
澜起科技,sh688008,143.53,139.17,143.0,4014086600.0,143.53,2700,143.54,200,3.13,145.5,142.3,4014086600,5781460000.0,3.5,2.3,1645.47,1754.22,167.0,111.34,1.29
正业科技,sz300410,8.64,8.51,8.54,18847800.0,8.63,36500,8.64,32100,1.53,8.84,8.51,18847800,164060000.0,5.13,3.88,31.72,31.72,10.21,6.81,1.55
金力永磁,sz300748,32.68,32.7,32.99,32940400.0,32.68,85200,32.69,80600,-0.06,33.17,32.51,32940400,1080900000.0,2.91,2.02,369.29,449.54,39.24,26.16,1.2
森源电气,sz002358,7.35,7.3,7.38,21958800.0,7.35,109800,7.36,243700,0.68,7.47,7.32,21958800,162400000.0,2.36,2.05,68.34,68.34,8.03,6.57,0.81
力芯微,sh688601,54.87,55.15,55.01,762451600.0,54.87,1500,54.88,13100,-0.51,56.5,54.66,762451600,423520000.0,5.7,3.34,73.36,73.36,66.18,44.12,1.01
美诺华,sh603538,49.59,45.5,47.46,90506100.0,49.59,18100,49.6,5400,8.99,50.05,44.51,90506100,4310800000.0,41.86,12.18,107.23,109.34,50.05,40.95,1.24
江南水务,sh601199,5.6,5.55,5.56,7491400.0,5.6,19100,5.61,1200,0.9,5.66,5.55,7491400,42120000.0,0.8,1.98,52.37,52.37,6.11,5.0,0.84
华生科技,sh605180,14.75,14.53,14.57,1429900.0,14.74,12000,14.76,1700,1.51,14.95,14.57,1429900,21180000.0,0.85,2.62,24.93,24.93,15.98,13.08,0.87
方大炭素,sh600516,5.6,5.54,5.59,37013000.0,5.6,410500,5.61,136700,1.08,5.68,5.57,37013000,208350000.0,0.92,1.99,225.45,225.45,6.09,4.99,0.79
金山办公,sh688111,235.79,233.19,234.36,626810500.0,235.77,400,235.79,200,1.11,241.55,234.36,626810500,1491290000.0,1.35,3.08,1092.59,1092.59,279.83,186.55,1.22
康众医疗,sh688607,64.35,64.42,64.42,217311500.0,64.35,8000,64.46,2000,-0.11,66.2,62.89,217311500,139840000.0,2.47,5.14,56.71,56.71,77.3,51.54,0.84
晋控电力,sz000767,3.55,3.61,3.61,103115100.0,3.55,67600,3.56,1294400,-1.66,3.62,3.54,103115100,368360000.0,3.54,2.22,103.38,109.23,3.97,3.25,0.57
迪森股份,sz300335,7.08,6.88,7.01,46877800.0,7.07,203900,7.08,93700,2.91,7.34,7.01,46877800,336680000.0,12.2,4.8,27.2,33.77,8.26,5.5,1.21
海 利 得,sz002206,6.35,6.3,6.33,12061000.0,6.35,46100,6.36,150900,0.79,6.43,6.3,12061000,76870000.0,1.41,2.06,54.17,73.8,6.93,5.67,0.77
平安银行,sz000001,11.09,11.1,11.1,48104700.0,11.08,935200,11.09,45000,-0.09,11.13,11.07,48104700,534090000.0,0.25,0.54,2152.08,2152.12,12.21,9.99,0.61
新中港,sh605162,14.17,14.15,13.8,48873300.0,14.17,92500,14.18,76800,0.14,14.85,13.15,48873300,682890000.0,12.04,12.01,57.53,57.53,15.57,12.74,0.86
安路科技,sh688107,28.47,28.75,29.2,502604800.0,28.45,3100,28.47,34300,-0.97,29.52,28.43,502604800,145170000.0,1.25,3.79,114.12,114.12,34.5,23.0,0.54
金浦钛业,sz000545,3.02,3.06,3.06,42116200.0,3.02,787700,3.03,212000,-1.31,3.11,3.02,42116200,128750000.0,4.27,2.94,29.76,29.8,3.37,2.75,0.73
天和防务,sz300397,11.66,11.53,11.59,9854800.0,11.66,12200,11.67,158800,1.13,11.82,11.53,9854800,115450000.0,2.43,2.52,47.28,60.36,13.84,9.22,0.86
广康生化,sz300804,53.28,51.92,51.66,5843300.0,53.28,101500,53.29,1300,2.62,56.39,51.0,5843300,314060000.0,21.25,10.38,14.65,39.43,62.3,41.54,1.28
新经典,sh603096,17.77,17.23,17.29,2091900.0,17.76,2200,17.77,13500,3.13,17.82,17.29,2091900,36940000.0,1.36,3.08,27.41,27.41,18.95,15.51,1.25
翔腾新材,sz001373,34.86,35.22,35.55,1412200.0,34.86,200,34.96,200,-1.02,36.04,34.83,1412200,49890000.0,4.26,3.44,11.55,23.94,38.74,31.7,1.06
必贝特-U,sh688759,37.68,38.0,38.0,304117100.0,37.68,41000,37.69,4200,-0.84,38.5,37.38,304117100,114950000.0,6.55,2.95,17.51,169.57,45.6,30.4,0.85
智迪科技,sz301503,35.83,35.66,35.99,681100.0,35.83,6100,35.88,2800,0.48,36.34,35.7,681100,24520000.0,2.1,1.79,11.64,28.66,42.79,28.53,0.65
顺丰控股,sz002352,37.35,37.53,37.63,15815400.0,37.34,18400,37.35,6400,-0.48,37.67,37.32,15815400,592780000.0,0.33,0.93,1781.6,1882.23,41.28,33.78,0.78
日上集团,sz002593,5.43,5.39,5.41,10540100.0,5.43,28100,5.44,137500,0.74,5.5,5.41,10540100,57520000.0,1.89,1.67,30.35,43.65,5.93,4.85,0.88
深高速,sh600548,9.24,9.42,9.47,6322300.0,9.23,49500,9.24,55000,-1.91,9.47,9.21,6322300,58740000.0,0.37,2.76,158.41,234.5,10.36,8.48,0.9
普莱得,sz301353,28.02,27.66,27.83,662300.0,27.99,1000,28.02,1300,1.3,28.19,27.74,662300,18570000.0,2.08,1.63,8.93,27.51,33.19,22.13,0.7
贵阳银行,sh601997,5.75,5.73,5.76,20796800.0,5.74,339600,5.75,94300,0.35,5.79,5.74,20796800,119930000.0,0.57,0.87,210.23,210.23,6.3,5.16,0.83
三元生物,sz301206,26.55,26.3,26.5,1013900.0,26.51,100,26.55,3300,0.95,26.76,26.32,1013900,26940000.0,0.78,1.67,34.59,53.72,31.56,21.04,0.75
昱能科技,sh688348,53.55,52.7,52.88,316621100.0,53.54,28800,53.55,1200,1.61,55.02,52.88,316621100,171470000.0,2.03,4.06,83.69,83.69,63.24,42.16,0.83
创业环保,sh600874,6.08,6.08,6.09,13171200.0,6.08,127300,6.09,326500,0.0,6.18,6.07,13171200,80650000.0,1.07,1.81,74.81,95.48,6.69,5.47,0.9
中国中冶,sh601618,2.98,2.97,2.99,80989800.0,2.98,5324400,2.99,5803600,0.34,3.0,2.98,80989800,242000000.0,0.45,0.67,532.01,617.56,3.27,2.67,0.79
台华新材,sh603055,9.8,9.66,9.75,8649500.0,9.79,39600,9.8,113800,1.45,9.89,9.71,8649500,84730000.0,0.98,1.86,86.93,87.25,10.63,8.69,0.6
诺瓦星云,sz301589,166.93,164.23,165.06,460700.0,166.9,200,166.93,300,1.64,169.87,165.06,460700,77220000.0,1.34,2.93,57.53,154.32,197.08,131.38,0.92
塔牌集团,sz002233,9.39,9.44,9.43,5392200.0,9.39,1500,9.4,3400,-0.53,9.5,9.36,5392200,50820000.0,0.46,1.48,110.17,110.25,10.38,8.5,0.69
中荣股份,sz301223,19.86,19.49,19.57,2094400.0,19.86,3400,19.87,14700,1.9,20.04,19.53,2094400,41500000.0,1.87,2.62,22.25,38.36,23.39,15.59,1.51
周大生,sz002867,11.75,11.72,11.8,3726900.0,11.75,28900,11.76,900,0.26,11.84,11.74,3726900,43950000.0,0.35,0.85,126.79,127.54,12.89,10.55,0.7
永艺股份,sh603600,10.61,10.41,10.46,2792000.0,10.6,63900,10.61,11900,1.92,10.67,10.41,2792000,29580000.0,0.93,2.5,31.83,35.06,11.45,9.37,0.86
沃华医药,sz002107,7.53,7.65,7.77,97661400.0,7.53,146600,7.54,35800,-1.57,8.0,7.24,97661400,729440000.0,17.09,9.93,43.03,43.46,8.42,6.89,2.59
天禄科技,sz301045,40.82,39.85,40.0,2331100.0,40.82,19600,40.83,3400,2.43,41.33,40.0,2331100,94860000.0,3.64,3.34,26.11,45.03,47.82,31.88,0.89
东方通信,sh600776,15.53,15.55,15.74,19691700.0,15.53,7400,15.54,148000,-0.13,15.86,15.5,19691700,308310000.0,2.06,2.32,148.47,195.06,17.11,14.0,1.25
索宝蛋白,sh603231,17.46,17.29,17.31,2222500.0,17.45,5100,17.46,19200,0.98,17.53,17.21,2222500,38770000.0,2.09,1.85,18.55,33.43,19.02,15.56,0.93
绿茵生态,sz002887,11.52,11.45,11.47,4817500.0,11.51,6600,11.52,1600,0.61,11.85,11.46,4817500,55940000.0,2.22,3.41,25.03,35.25,12.6,10.31,0.8
中科磁业,sz301141,52.82,53.93,53.21,5155500.0,52.82,2800,52.84,500,-2.06,53.66,52.5,5155500,272960000.0,11.58,2.15,23.51,65.51,64.72,43.14,1.33
海螺新材,sz000619,5.88,5.77,5.79,7931500.0,5.87,55600,5.88,84600,1.91,5.93,5.79,7931500,46610000.0,2.2,2.43,21.17,25.94,6.35,5.19,0.8
巨化股份,sh600160,34.8,34.7,34.95,20227500.0,34.79,13300,34.8,106300,0.29,35.06,34.56,20227500,703750000.0,0.75,1.44,939.51,939.51,38.17,31.23,0.88
山东高速,sh600350,10.06,10.28,10.32,9571000.0,10.05,3100,10.06,10600,-2.14,10.35,9.99,9571000,96800000.0,0.2,3.5,486.36,486.36,11.31,9.25,1.45
森泰股份,sz301429,19.61,19.48,19.58,1492500.0,19.6,200,19.61,2900,0.67,20.06,19.57,1492500,29520000.0,3.39,2.52,8.64,23.18,23.38,15.58,0.83
倍加洁,sh603059,32.67,32.26,32.32,1776700.0,32.66,700,32.67,13500,1.27,33.81,32.28,1776700,58640000.0,1.77,4.74,32.82,32.82,35.49,29.03,1.48
永吉股份,sh603058,12.62,12.08,12.2,14097400.0,12.62,35300,12.64,23700,4.47,12.89,12.14,14097400,177390000.0,3.41,6.21,52.2,52.33,13.29,10.87,2.09
盾安环境,sz002011,11.88,11.65,11.75,11890900.0,11.88,88700,11.89,67600,1.97,12.02,11.72,11890900,141820000.0,1.12,2.58,125.88,127.67,12.82,10.49,1.34
英 力 特,sz000635,8.33,8.28,8.28,7340800.0,8.33,9300,8.34,12200,0.6,8.45,8.24,7340800,61290000.0,2.0,2.54,30.56,32.83,9.11,7.45,1.01
中信重工,sh601608,6.2,6.19,6.22,26616700.0,6.2,331500,6.21,30300,0.16,6.3,6.2,26616700,166280000.0,0.58,1.62,283.93,283.93,6.81,5.57,0.96
金辰股份,sh603396,34.29,33.69,34.3,3879600.0,34.29,8100,34.3,5800,1.78,34.88,33.9,3879600,133660000.0,2.8,2.91,47.5,47.5,37.06,30.32,0.83
妙可蓝多,sh600882,19.12,18.71,18.88,10955700.0,19.12,24800,19.13,2600,2.19,19.65,18.82,10955700,211260000.0,2.15,4.44,97.52,97.52,20.58,16.84,1.0
北部湾港,sz000582,10.82,10.68,10.78,36671800.0,10.81,60000,10.82,6300,1.31,11.08,10.75,36671800,401310000.0,1.7,3.09,233.37,272.35,11.75,9.61,1.36
洪城环境,sh600461,9.78,9.6,9.65,9438400.0,9.78,37300,9.8,8200,1.88,9.96,9.65,9438400,92830000.0,0.73,3.23,125.59,125.59,10.56,8.64,1.04
招商银行,sh600036,39.21,39.26,39.32,54320200.0,39.21,28000,39.22,47400,-0.13,39.38,39.13,54320200,2130640000.0,0.26,0.64,8088.61,9888.7,43.19,35.33,0.99
隧道股份,sh600820,6.09,6.08,6.11,12638500.0,6.08,282100,6.09,10300,0.16,6.15,6.08,12638500,77330000.0,0.4,1.15,191.48,191.48,6.69,5.47,0.68
亿利达,sz002686,7.07,7.37,7.42,37479900.0,7.07,21100,7.08,28600,-4.07,7.48,7.03,37479900,267990000.0,7.17,6.11,36.96,40.03,8.11,6.63,0.82
凯龙高科,sz300912,25.76,25.23,25.5,3904200.0,25.75,2500,25.76,19300,2.1,26.07,25.39,3904200,100700000.0,4.54,2.7,22.14,29.59,30.28,20.18,1.15
鑫磊股份,sz301317,57.0,54.9,55.5,6270400.0,56.99,600,57.0,25200,3.83,58.5,54.58,6270400,357940000.0,12.01,7.14,29.75,89.6,65.88,43.92,1.35
张小泉,sz301055,25.88,23.12,23.1,13129800.0,25.83,8000,25.88,6800,11.94,26.74,23.09,13129800,328130000.0,8.42,15.79,40.37,40.37,27.74,18.5,2.55
中来股份,sz300393,9.93,10.2,10.38,60552600.0,9.93,76500,9.94,95500,-2.65,10.38,9.93,60552600,610080000.0,6.33,4.41,94.92,108.2,12.24,8.16,0.96
浩欧博,sh688656,137.54,138.53,138.52,44708100.0,136.7,200,137.54,300,-0.71,140.72,135.5,44708100,61420000.0,0.7,3.77,87.31,87.31,166.24,110.82,0.54
晶合集成,sh688249,30.15,30.22,30.72,2074889600.0,30.15,79400,30.18,11300,-0.23,30.87,30.1,2074889600,631090000.0,1.75,2.55,358.25,605.29,36.26,24.18,0.7
皖新传媒,sh601801,6.53,6.5,6.5,10398400.0,6.53,34000,6.54,107400,0.46,6.68,6.5,10398400,68580000.0,0.53,2.77,127.85,127.85,7.15,5.85,1.02
春秋航空,sh601021,47.14,47.58,47.73,5844000.0,47.13,600,47.14,2000,-0.92,47.79,46.99,5844000,276410000.0,0.6,1.68,461.19,461.19,52.34,42.82,0.79
悦康药业,sh688658,18.73,18.67,18.68,961796100.0,18.72,1900,18.73,8200,0.32,19.15,18.33,961796100,180480000.0,2.14,4.39,84.28,84.28,22.4,14.94,0.6
杰瑞股份,sz002353,117.46,112.49,113.0,23109600.0,117.46,900,117.47,6200,4.42,120.68,111.16,23109600,2716620000.0,3.33,8.46,814.28,1202.62,123.74,101.24,0.83
昆仑万维,sz300418,50.05,50.46,50.92,46889000.0,50.04,22300,50.05,42200,-0.81,51.26,50.05,46889000,2372620000.0,3.74,2.4,627.87,628.31,60.55,40.37,0.83
*ST集友,sh603429,10.8,10.38,10.5,8097800.0,10.8,46900,10.81,9700,4.05,10.87,10.21,8097800,85640000.0,1.54,6.36,56.64,56.64,10.9,9.86,0.98
中油工程,sh600339,4.48,4.5,4.42,160944400.0,4.48,695500,4.49,281400,-0.44,4.54,4.37,160944400,717410000.0,2.88,3.78,250.13,250.13,4.95,4.05,0.55
光迅科技,sz002281,107.82,108.09,111.72,99853000.0,107.82,58600,107.83,5500,-0.25,112.1,106.06,99853000,10870380000.0,12.81,5.59,840.43,869.76,118.9,97.28,1.43
恒锋工具,sz300488,28.46,28.46,28.68,2989400.0,28.45,18800,28.46,9400,0.0,28.95,28.45,2989400,85740000.0,1.84,1.76,46.18,54.42,34.15,22.77,0.86
双汇发展,sz000895,27.94,27.71,27.81,8975700.0,27.94,4000,27.95,35400,0.83,28.0,27.51,8975700,249780000.0,0.26,1.77,967.9,968.03,30.48,24.94,0.88
瑞德智能,sz301135,27.96,27.75,28.0,1023900.0,27.96,1700,27.98,14400,0.76,28.28,27.76,1023900,28780000.0,1.34,1.87,21.38,28.51,33.3,22.2,0.67
宇邦新材,sz301266,39.87,39.26,39.3,3028600.0,39.87,1300,39.88,1700,1.55,40.83,39.3,3028600,121610000.0,2.9,3.9,41.6,43.85,47.11,31.41,0.96
汉森制药,sz002412,6.7,6.68,6.77,11162000.0,6.69,74600,6.7,55600,0.3,6.8,6.61,11162000,74890000.0,2.24,2.84,33.36,33.71,7.35,6.01,0.68
舜禹股份,sz301519,14.3,14.25,14.4,1818200.0,14.3,1000,14.31,1700,0.35,14.55,14.28,1818200,26200000.0,2.41,1.89,10.79,23.11,17.1,11.4,0.57
上大股份,sz301522,31.6,31.12,31.37,4995000.0,31.6,5400,31.61,1000,1.54,32.15,31.2,4995000,158780000.0,1.77,3.05,88.93,117.51,37.34,24.9,1.1
东鹏控股,sz003012,6.3,6.26,6.31,5839100.0,6.29,44400,6.3,4300,0.64,6.37,6.28,5839100,36950000.0,0.51,1.44,72.1,72.89,6.89,5.63,0.75
盈峰环境,sz000967,10.24,9.5,9.7,221226200.0,10.24,175000,10.25,91500,7.79,10.45,9.52,221226200,2274740000.0,6.99,9.79,324.14,324.3,10.45,8.55,2.28
康弘药业,sz002773,28.05,28.09,28.08,11205400.0,28.04,100,28.05,4500,-0.14,28.6,27.79,11205400,315510000.0,1.63,2.88,192.66,258.43,30.9,25.28,0.86
城发环境,sz000885,13.63,13.49,13.58,3685700.0,13.62,200,13.63,1900,1.04,13.73,13.54,3685700,50330000.0,0.57,1.41,87.52,87.52,14.84,12.14,0.86
九号公司-WD,sh689009,44.77,44.91,45.1,1041251300.0,44.76,10200,44.77,1600,-0.31,45.78,44.68,1041251300,469820000.0,1.87,2.45,248.77,323.53,53.89,35.93,1.05
国泰海通,sh601211,17.12,16.43,16.69,214561800.0,17.12,9600,17.13,192900,4.2,17.36,16.69,214561800,3672070000.0,1.59,4.08,2310.67,3018.07,18.07,14.79,2.88
同济科技,sh600846,12.19,12.04,11.99,1631900.0,12.19,1400,12.2,95000,1.25,12.35,11.99,1631900,20010000.0,0.26,2.99,76.16,76.16,13.24,10.84,0.85
金博股份,sh688598,22.77,22.48,22.63,304036900.0,22.77,1500,22.79,5700,1.29,23.2,22.57,304036900,69620000.0,1.49,2.8,46.35,47.26,26.98,17.98,0.82
熙菱信息,sz300588,24.48,24.4,24.72,2521600.0,24.47,18300,24.48,7500,0.33,25.05,24.26,2521600,62140000.0,1.43,3.24,43.29,46.87,29.28,19.52,0.84
共创草坪,sh605099,41.6,43.33,42.8,6800500.0,41.59,300,41.6,1800,-3.99,43.01,40.77,6800500,282990000.0,1.69,5.17,167.0,167.46,47.66,39.0,1.01
无锡振华,sh605319,28.62,27.83,27.6,10652900.0,28.62,18100,28.63,25500,2.84,28.73,27.23,10652900,298830000.0,3.06,5.39,99.64,100.2,30.61,25.05,1.12
联科科技,sz001207,21.04,21.21,21.21,5744600.0,21.04,17900,21.05,2000,-0.8,21.62,21.01,5744600,122240000.0,1.96,2.88,61.57,63.78,23.33,19.09,1.01
*ST国华,sz000004,3.18,3.35,3.18,13106200.0,0.0,0,3.18,1148500,-5.07,3.4,3.18,13106200,42160000.0,10.38,6.57,4.02,4.21,3.52,3.18,2.02
海欣股份,sh600851,8.41,8.31,8.23,19646300.0,8.41,46200,8.42,139000,1.2,8.44,8.1,19646300,163240000.0,2.66,4.09,62.08,101.51,9.14,7.48,0.71
*ST沪科,sh600608,2.32,2.44,2.32,1906200.0,0.0,0,2.32,2811400,-4.92,2.32,2.32,1906200,4420000.0,0.6,0.0,7.39,7.63,2.56,2.32,0.39
嘉欣丝绸,sz002404,6.96,6.91,6.92,7563500.0,6.96,20700,6.97,25100,0.72,7.01,6.88,7563500,52640000.0,1.66,1.88,31.71,38.98,7.6,6.22,1.02
华海清科,sh688120,183.5,182.14,185.0,404219100.0,183.5,4000,183.58,100,0.75,189.5,183.3,404219100,753010000.0,1.14,3.4,648.95,648.95,218.57,145.71,1.16
常熟银行,sh601128,7.03,7.02,7.02,18631100.0,7.03,336900,7.04,157400,0.14,7.05,7.02,18631100,131050000.0,0.56,0.43,233.15,233.15,7.72,6.32,0.67
陕建股份,sh600248,3.43,3.42,3.43,8433900.0,3.43,224700,3.44,336500,0.29,3.45,3.43,8433900,29020000.0,0.23,0.58,127.11,128.27,3.76,3.08,0.61
淮河能源,sh600575,3.74,3.73,3.76,29726700.0,3.74,26600,3.75,799500,0.27,3.78,3.73,29726700,111370000.0,0.76,1.34,145.35,268.04,4.1,3.36,0.61
豆神教育,sz300010,6.16,6.05,6.1,41939000.0,6.15,354500,6.16,469000,1.82,6.31,6.09,41939000,259820000.0,2.52,3.64,102.46,127.3,7.26,4.84,1.36
永东股份,sz002753,7.44,7.43,7.45,5204100.0,7.43,68200,7.44,21400,0.13,7.56,7.4,5204100,38970000.0,2.14,2.15,18.07,31.89,8.17,6.69,0.62
东莞控股,sz000828,9.89,9.81,9.85,6876600.0,9.88,30700,9.89,38200,0.82,10.02,9.84,6876600,68360000.0,0.66,1.83,102.81,102.81,10.79,8.83,0.97
翰宇药业,sz300199,21.53,20.79,20.58,85333600.0,21.53,21900,21.54,122300,3.56,21.69,20.45,85333600,1826900000.0,11.44,5.96,160.55,190.16,24.95,16.63,1.32
赛微微电,sh688325,120.49,120.51,121.0,113313500.0,120.49,500,120.5,900,-0.02,123.65,119.0,113313500,137650000.0,1.39,3.86,98.4,103.79,144.61,96.41,0.65
山子高科,sz000981,4.17,4.14,4.16,253526800.0,4.16,7564900,4.17,2840700,0.72,4.23,4.14,253526800,1060460000.0,2.66,2.17,396.71,416.89,4.55,3.73,0.97
恒辉安防,sz300952,36.69,36.25,36.86,3347300.0,36.68,3200,36.69,2900,1.21,37.54,36.28,3347300,123900000.0,3.19,3.48,38.45,63.32,43.5,29.0,1.1
黔源电力,sz002039,20.72,21.25,21.0,24943800.0,20.72,3400,20.73,9700,-2.49,21.25,20.36,24943800,515720000.0,5.83,4.19,88.59,88.59,23.38,19.13,1.36
杭华股份,sh688571,7.59,7.65,7.8,550369700.0,7.58,10700,7.59,23100,-0.78,7.8,7.55,550369700,42200000.0,1.3,3.27,32.19,32.19,9.18,6.12,1.07
格力电器,sz000651,37.34,37.32,37.29,17131200.0,37.34,100500,37.35,78400,0.05,37.44,37.15,17131200,639940000.0,0.31,0.78,2059.36,2091.56,41.05,33.59,0.77
安乃达,sh603350,34.67,34.62,34.95,1036200.0,34.67,2400,34.68,12100,0.14,35.34,34.64,1036200,36290000.0,2.36,2.02,15.25,40.39,38.08,31.16,1.66
北元集团,sh601568,4.24,4.28,4.27,27068600.0,4.24,380700,4.25,333500,-0.93,4.29,4.23,27068600,115140000.0,0.68,1.4,168.42,168.42,4.71,3.85,0.62
ST东时,sh603377,3.65,3.64,3.68,4740500.0,3.65,135800,3.66,262400,0.27,3.68,3.62,4740500,17310000.0,0.66,1.65,26.11,26.11,3.82,3.46,0.62
富淼科技,sh688350,28.89,27.96,28.16,348245600.0,28.89,5800,28.9,800,3.33,28.98,27.88,348245600,99420000.0,2.43,3.93,41.38,41.38,33.55,22.37,0.96
淮北矿业,sh600985,13.28,13.4,13.35,15967200.0,13.28,2000,13.3,100,-0.9,13.53,13.21,15967200,213240000.0,0.59,2.39,357.66,357.66,14.74,12.06,0.86
ST华铭,sz300462,13.27,13.17,13.19,1975400.0,13.27,16700,13.29,900,0.76,13.55,13.19,1975400,26440000.0,1.43,2.73,18.32,24.05,15.8,10.54,0.77
上海临港,sh600848,9.9,9.67,9.72,9365500.0,9.9,3400,9.91,11400,2.38,10.03,9.7,9365500,92870000.0,0.39,3.41,237.0,249.73,10.64,8.7,0.86
万里股份,sh600847,13.65,12.81,12.96,5012400.0,13.65,53800,13.66,4200,6.56,13.7,12.96,5012400,66760000.0,3.27,5.78,20.92,20.92,14.09,11.53,1.51
迈克生物,sz300463,10.88,10.8,10.88,6310300.0,10.88,113000,10.9,4700,0.74,11.04,10.83,6310300,69040000.0,1.28,1.94,53.51,65.79,12.96,8.64,0.98
正海磁材,sz300224,14.77,14.71,14.88,19388400.0,14.76,79000,14.77,6600,0.41,15.02,14.75,19388400,288490000.0,2.09,1.84,136.96,137.46,17.65,11.77,1.03
力合科技,sz300800,11.91,11.7,11.79,2399400.0,11.9,4100,11.91,2900,1.79,12.09,11.79,2399400,28670000.0,1.02,2.56,27.91,28.2,14.04,9.36,0.79
中国广核,sz003816,4.48,4.54,4.54,202939600.0,4.47,529600,4.48,106900,-1.32,4.55,4.42,202939600,910460000.0,0.52,2.86,1762.21,2262.34,4.99,4.09,1.22
东方财富,sz300059,19.76,18.95,19.22,597010600.0,19.76,164200,19.77,1368500,4.27,20.46,19.22,597010600,11921420000.0,4.48,6.54,2635.54,3122.88,22.74,15.16,2.86
*ST天微,sh688511,21.85,21.64,21.62,123304500.0,21.85,4000,21.86,1300,0.97,22.17,21.62,123304500,26990000.0,0.92,2.54,29.21,29.21,25.97,17.31,0.95
田中精机,sz300461,74.8,74.55,76.85,9947100.0,74.8,200,74.81,7000,0.34,77.55,73.02,9947100,746490000.0,6.92,6.08,107.49,117.48,89.46,59.64,0.91
真爱美家,sz003041,52.17,52.45,52.96,3562500.0,52.17,6800,52.18,1800,-0.53,53.94,52.1,3562500,188900000.0,2.6,3.51,71.38,75.12,57.7,47.21,0.86
中国铁建,sh601186,6.99,6.97,6.98,37238100.0,6.99,572500,7.0,880500,0.29,7.02,6.98,37238100,260670000.0,0.32,0.57,804.08,949.21,7.67,6.27,0.79
霍普股份,sz301024,36.86,35.74,36.01,2567800.0,36.86,29700,36.9,300,3.13,37.96,35.33,2567800,95160000.0,4.17,7.36,22.69,23.44,42.89,28.59,0.94
鹏鼎控股,sz002938,56.3,55.6,56.01,35426600.0,56.3,42900,56.31,3700,1.26,57.39,55.06,35426600,2003000000.0,1.53,4.19,1300.21,1305.06,61.16,50.04,1.27
贝达药业,sz300558,44.25,44.11,44.26,7301900.0,44.25,5000,44.26,79700,0.32,45.39,43.9,7301900,325850000.0,1.74,3.38,185.58,186.17,52.93,35.29,0.89
纬达光电,bj920001,15.68,15.5,15.51,1859100.0,15.68,9800,15.71,1800,1.16,16.09,15.51,1859100,29322300.0,2.1,3.74,13.91,24.09,20.15,10.85,1.31
弘亚数控,sz002833,18.49,17.71,17.81,7445900.0,18.48,10900,18.49,3700,4.4,18.88,17.79,7445900,138010000.0,2.58,6.15,53.29,78.44,19.48,15.94,2.63
风华高科,sz000636,19.96,19.73,19.96,55806700.0,19.95,75800,19.96,32200,1.17,20.33,19.95,55806700,1122210000.0,4.82,1.93,230.94,230.94,21.7,17.76,1.18
万东医疗,sh600055,14.65,14.74,14.76,3477600.0,14.65,13600,14.66,800,-0.61,14.85,14.61,3477600,51200000.0,0.49,1.63,103.0,103.0,16.21,13.27,1.12
旺能环境,sz002034,18.49,17.93,17.95,16387900.0,18.48,21600,18.49,1600,3.12,19.18,17.95,16387900,304490000.0,3.79,6.86,79.85,80.24,19.72,16.14,3.28
康拓医疗,sh688314,51.38,53.39,54.27,340992100.0,51.38,10200,51.42,200,-3.76,54.39,51.31,340992100,179110000.0,4.2,5.77,41.74,41.74,64.07,42.71,0.82
*ST海钦,sh600753,12.45,11.95,12.16,4506400.0,12.45,300,12.46,43000,4.18,12.54,12.0,4506400,55510000.0,1.96,4.52,28.67,28.67,12.55,11.35,1.32
中铁工业,sh600528,8.03,8.03,8.07,27347500.0,8.03,462500,8.04,154900,0.0,8.15,8.03,27347500,221220000.0,1.23,1.49,178.39,178.39,8.83,7.23,0.44
浙江交科,sz002061,3.9,3.92,3.93,14446700.0,3.9,409600,3.91,2900,-0.51,3.95,3.9,14446700,56710000.0,0.56,1.28,101.37,104.3,4.31,3.53,0.8
海创药业-U,sh688302,44.12,44.29,44.47,131917100.0,44.12,3700,44.13,2300,-0.38,45.05,43.95,131917100,58550000.0,1.33,2.48,43.69,43.69,53.15,35.43,0.7
京东方Ａ,sz000725,4.04,4.01,4.05,462269800.0,4.03,8208800,4.04,7894200,0.75,4.08,4.03,462269800,1874660000.0,1.27,1.25,1468.2,1496.59,4.41,3.61,1.15
中金辐照,sz300962,16.5,16.45,16.45,2295700.0,16.49,13800,16.5,6800,0.3,16.63,16.45,2295700,37960000.0,0.87,1.09,43.56,43.56,19.74,13.16,0.73
民爆光电,sz301362,143.0,136.2,132.45,6883200.0,142.94,100,143.0,49100,4.99,145.98,130.24,6883200,952300000.0,23.2,11.56,42.43,149.68,163.44,108.96,1.42
恒兴新材,sh603276,16.6,16.59,16.58,2493700.0,16.59,7700,16.6,5300,0.06,16.79,16.5,2493700,41470000.0,3.3,1.75,12.56,34.47,18.25,14.93,1.09
奥赛康,sz002755,15.75,15.48,15.48,23199700.0,15.74,8800,15.75,16900,1.74,16.2,15.26,23199700,364420000.0,2.5,6.07,146.18,146.19,17.03,13.93,0.83
中原环保,sz000544,8.2,8.1,8.13,5251600.0,8.2,4900,8.21,27500,1.23,8.27,8.13,5251600,43170000.0,0.54,1.73,79.92,79.92,8.91,7.29,0.57
迪阿股份,sz301177,28.36,28.04,28.14,920500.0,28.35,1000,28.38,7800,1.14,28.68,28.14,920500,26190000.0,0.23,1.93,113.44,113.52,33.65,22.43,0.95
浙江华业,sz301616,49.29,48.62,48.85,828700.0,49.29,500,49.3,100,1.38,50.55,48.62,828700,41270000.0,2.92,3.97,14.0,39.43,58.34,38.9,1.55
西点药业,sz301130,31.94,32.01,32.08,2337000.0,31.94,2000,31.95,600,-0.22,32.54,31.55,2337000,75050000.0,3.96,3.09,18.85,24.43,38.41,25.61,0.64
炬芯科技,sh688049,46.35,45.5,46.46,582622200.0,46.33,1500,46.35,1200,1.87,47.47,46.35,582622200,273190000.0,3.33,2.46,81.19,81.19,54.6,36.4,1.46
闽东电力,sz000993,12.12,12.08,12.09,20969400.0,12.12,33000,12.13,46300,0.33,12.24,12.0,20969400,254280000.0,4.77,1.99,53.3,55.5,13.29,10.87,0.59
宏达高科,sz002144,15.19,14.6,14.68,6835000.0,15.19,2100,15.2,9700,4.04,15.47,14.68,6835000,103800000.0,4.97,5.41,20.91,26.85,16.06,13.14,1.99
富邦科技,sz300387,8.77,8.64,8.73,8766400.0,8.77,18900,8.79,13600,1.5,8.84,8.63,8766400,76980000.0,3.03,2.43,25.34,25.35,10.37,6.91,0.84
青松建化,sh600425,4.07,4.06,4.09,17304200.0,4.06,997500,4.07,160800,0.25,4.12,4.06,17304200,70710000.0,1.08,1.48,65.31,65.31,4.47,3.65,0.78
奥特维,sh688516,70.3,70.88,73.35,1971082300.0,70.29,4100,70.3,25900,-0.82,74.0,67.85,1971082300,1391190000.0,6.26,8.68,221.28,221.68,85.06,56.7,1.06
维尔利,sz300190,4.19,4.1,4.14,37044500.0,4.18,62000,4.19,244700,2.2,4.29,4.11,37044500,155540000.0,3.98,4.39,39.05,39.21,4.92,3.28,1.33
长源电力,sz000966,4.35,4.34,4.35,49179400.0,4.35,754900,4.36,1456500,0.23,4.39,4.32,49179400,214090000.0,1.51,1.61,141.88,151.43,4.77,3.91,0.63
爱迪特,sz301580,72.48,71.8,72.13,4105700.0,72.48,5100,72.5,1800,0.95,74.68,70.8,4105700,298040000.0,5.7,5.4,52.2,77.24,86.16,57.44,1.2
德源药业,bj920735,31.82,31.57,31.59,1697200.0,31.81,1000,31.82,1800,0.79,32.22,31.45,1697200,54066600.0,1.64,2.44,33.02,37.33,41.04,22.1,0.47
热威股份,sh603075,22.56,22.47,22.57,1782500.0,22.55,10000,22.56,4100,0.4,22.88,22.46,1782500,40430000.0,4.32,1.87,9.3,90.8,24.72,20.22,1.22
高铁电气,sh688285,8.63,8.59,8.66,365902400.0,8.63,12700,8.64,20600,0.47,8.77,8.61,365902400,31790000.0,0.97,1.86,32.47,32.47,10.31,6.87,0.6
*ST春天,sh600381,2.76,2.63,2.65,10734000.0,2.76,628900,0.0,0,4.94,2.76,2.62,10734000,29190000.0,1.83,5.32,16.2,16.2,2.76,2.5,0.88
昌红科技,sz300151,16.66,15.88,15.9,15123900.0,16.66,9200,16.67,700,4.91,17.02,15.9,15123900,252820000.0,4.1,7.05,61.42,88.72,19.06,12.7,1.81
京基智农,sz000048,15.35,15.67,15.75,19009500.0,15.34,162700,15.35,14200,-2.04,15.9,15.31,19009500,293770000.0,3.61,3.77,80.8,81.4,17.24,14.1,0.69
明冠新材,sh688560,14.49,14.24,14.33,447054500.0,14.48,2000,14.49,500,1.76,14.76,14.28,447054500,65030000.0,2.22,3.37,29.17,29.17,17.09,11.39,1.1
盐 田 港,sz000088,4.64,4.61,4.63,26292300.0,4.64,120100,4.65,732700,0.65,4.65,4.61,26292300,121860000.0,0.83,0.87,146.76,241.26,5.07,4.15,1.02
浙江自然,sh605080,23.71,23.51,23.6,2458500.0,23.71,2300,23.74,1500,0.85,24.39,23.52,2458500,58800000.0,1.75,3.7,33.28,33.56,25.86,21.16,2.52
中海油服,sh601808,15.85,15.71,15.58,22839400.0,15.85,58200,15.86,28400,0.89,15.95,15.54,22839400,360670000.0,0.77,2.61,469.23,756.3,17.28,14.14,0.73
宝丰能源,sh600989,29.89,29.63,29.27,76970100.0,29.89,3700,29.9,241200,0.88,29.97,29.24,76970100,2280880000.0,1.05,2.46,2191.94,2191.94,32.59,26.67,0.63
国泰环保,sz301203,41.02,40.82,40.94,756000.0,41.01,1100,41.02,2800,0.49,41.43,40.42,756000,31060000.0,1.72,2.47,17.98,32.82,48.98,32.66,0.72
湖北能源,sz000883,4.57,4.56,4.57,25313000.0,4.57,311700,4.58,516300,0.22,4.59,4.54,25313000,115750000.0,0.39,1.1,296.12,323.53,5.02,4.1,0.67
矩子科技,sz300802,18.86,18.8,18.93,4170100.0,18.86,27900,18.87,2600,0.32,19.22,18.8,4170100,79170000.0,2.14,2.23,36.72,53.58,22.56,15.04,1.18
东北证券,sz000686,8.27,8.07,8.17,34818000.0,8.26,299000,8.27,11000,2.48,8.44,8.15,34818000,289710000.0,1.49,3.59,193.56,193.56,8.88,7.26,2.7
新 华 都,sz002264,8.23,8.2,8.26,12036800.0,8.22,124700,8.23,13000,0.37,8.33,8.22,12036800,99570000.0,1.84,1.34,53.89,59.24,9.02,7.38,0.83
继峰股份,sh603997,12.63,12.68,12.72,7715300.0,12.63,99800,12.65,2700,-0.39,12.91,12.52,7715300,97960000.0,0.61,3.08,160.69,160.69,13.95,11.41,0.7
海希通讯,bj920405,20.8,20.18,20.38,1796300.0,20.8,1600,20.93,2000,3.07,21.18,20.35,1796300,37615600.0,1.63,4.11,22.9,29.17,26.23,14.13,1.29
赛托生物,sz300583,14.48,14.25,14.36,2213300.0,14.48,8900,14.49,8000,1.61,14.58,14.23,2213300,31940000.0,1.19,2.46,26.95,27.47,17.1,11.4,0.62
乐歌股份,sz300729,12.56,12.28,12.39,3574000.0,12.55,500,12.56,3200,2.28,12.64,12.32,3574000,44770000.0,1.09,2.61,41.21,42.91,14.74,9.82,1.28
博腾股份,sz300363,22.05,21.68,21.63,15333700.0,22.05,35500,22.06,35900,1.71,22.43,21.63,15333700,337950000.0,3.07,3.69,110.0,119.83,26.02,17.34,1.05
诚邦股份,sh603316,14.28,14.14,14.4,11413500.0,14.27,85900,14.28,5900,0.99,14.89,14.26,11413500,165980000.0,4.32,4.46,37.74,37.74,15.55,12.73,1.03
南网能源,sz003035,7.53,7.45,7.5,52799500.0,7.53,174500,7.54,222200,1.07,7.6,7.43,52799500,398270000.0,1.39,2.28,285.23,285.23,8.2,6.71,0.89
怡 亚 通,sz002183,5.75,5.73,5.75,126934100.0,5.75,855000,5.76,488500,0.35,5.88,5.69,126934100,732450000.0,4.89,3.32,149.33,149.33,6.3,5.16,0.82
微光股份,sz002801,31.32,30.72,30.73,1614000.0,31.32,1600,31.33,2200,1.95,31.63,30.73,1614000,50670000.0,1.39,2.93,36.27,71.92,33.79,27.65,1.02
永利股份,sz300230,4.76,4.71,4.71,9984900.0,4.76,75300,4.77,21000,1.06,4.82,4.71,9984900,47770000.0,1.59,2.34,29.98,38.71,5.65,3.77,0.95
顺网科技,sz300113,28.39,27.89,28.29,62223100.0,28.39,55900,28.4,18100,1.79,29.38,27.8,62223100,1781990000.0,12.0,5.67,147.18,194.06,33.47,22.31,0.97
长沙银行,sh601577,9.43,9.44,9.45,12567500.0,9.43,3000,9.44,2400,-0.11,9.52,9.43,12567500,119010000.0,0.31,0.95,379.15,379.23,10.38,8.5,0.88
融捷健康,sz300247,4.62,4.59,4.62,10568200.0,4.62,133900,4.63,122100,0.65,4.7,4.61,10568200,49170000.0,1.32,1.96,37.11,37.15,5.51,3.67,0.8
齐翔腾达,sz002408,7.01,6.9,6.78,101127500.0,7.0,432100,7.01,70200,1.59,7.15,6.73,101127500,703300000.0,3.68,6.09,192.85,199.28,7.59,6.21,1.0
银禧科技,sz300221,9.83,9.77,9.86,10935300.0,9.82,9600,9.83,96200,0.61,10.02,9.83,10935300,108390000.0,2.39,1.94,44.94,46.57,11.72,7.82,0.86
桂林三金,sz002275,14.24,14.17,14.23,2283600.0,14.24,5400,14.26,43300,0.49,14.4,14.12,2283600,32580000.0,0.41,1.98,79.61,83.67,15.59,12.75,0.71
至正股份,sh603991,104.91,106.86,108.33,1920900.0,104.85,100,104.91,3000,-1.82,108.5,104.31,1920900,203760000.0,2.58,3.92,78.19,160.21,117.55,96.17,1.28
朗姿股份,sz002612,16.71,16.5,16.58,4506600.0,16.71,11400,16.72,7300,1.27,16.84,16.53,4506600,75400000.0,1.77,1.88,42.57,73.93,18.15,14.85,1.18
钛能化学,sz002145,4.59,4.56,4.58,32716300.0,4.59,578000,4.6,91900,0.66,4.67,4.58,32716300,151240000.0,0.88,1.97,171.16,174.73,5.02,4.1,0.79
铜冠矿建,bj920019,18.09,17.77,17.8,1388100.0,18.09,4600,18.1,1300,1.8,18.18,17.8,1388100,25041100.0,0.83,2.14,30.31,38.04,23.1,12.44,0.74
楚天科技,sz300358,10.04,9.91,10.0,10850000.0,10.04,54100,10.05,17300,1.31,10.14,9.93,10850000,109190000.0,1.55,2.12,70.41,71.8,11.89,7.93,0.77
国药一致,sz000028,26.24,26.09,26.18,4249000.0,26.23,13900,26.24,14500,0.57,26.4,26.01,4249000,111380000.0,0.89,1.49,125.44,146.04,28.7,23.48,0.46
协鑫能科,sz002015,17.36,17.41,17.6,124563000.0,17.35,214200,17.36,145600,-0.29,17.7,17.15,124563000,2163810000.0,7.67,3.16,281.81,281.81,19.15,15.67,0.72
万和电气,sz002543,8.54,8.52,8.54,5710500.0,8.54,17100,8.55,7000,0.23,8.65,8.53,5710500,49080000.0,0.86,1.41,56.5,63.5,9.37,7.67,0.64
中建环能,sz300425,4.89,4.84,4.87,5379200.0,4.89,23600,4.9,90700,1.03,4.92,4.84,5379200,26340000.0,0.79,1.65,33.21,33.36,5.81,3.87,0.63
网宿科技,sz300017,17.77,17.95,18.25,185508200.0,17.76,79900,17.77,95400,-1.0,18.35,17.71,185508200,3325010000.0,8.04,3.57,409.8,437.04,21.54,14.36,0.87
同花顺,sz300033,228.7,216.41,220.27,22727300.0,228.7,60500,228.71,1300,5.68,236.25,220.27,22727300,5240800000.0,5.18,7.38,1002.65,1721.29,259.69,173.13,3.05
永兴股份,sh601033,14.6,14.51,14.53,2520400.0,14.6,172500,14.61,600,0.62,14.67,14.53,2520400,36840000.0,1.05,0.96,35.04,131.4,15.96,13.06,0.55
梅花生物,sh600873,11.03,11.0,11.03,34163900.0,11.03,43600,11.04,72700,0.27,11.1,10.95,34163900,377290000.0,1.22,1.36,309.31,309.31,12.1,9.9,0.85
共同药业,sz300966,21.24,21.15,21.65,2377600.0,21.24,100,21.26,7300,0.43,21.67,20.95,2377600,50680000.0,3.1,3.4,16.28,24.49,25.38,16.92,0.86
铁建重工,sh688425,4.98,4.97,4.99,1822034900.0,4.97,460500,4.98,302600,0.2,5.03,4.97,1822034900,91060000.0,0.34,1.21,265.61,265.61,5.96,3.98,0.6
龙磁科技,sz300835,88.05,87.38,88.29,2923300.0,88.05,800,88.06,6100,0.77,89.58,87.08,2923300,258490000.0,3.52,2.86,73.21,105.0,104.86,69.9,0.78
有研新材,sh600206,21.75,21.36,21.7,40013900.0,21.75,21300,21.76,52400,1.83,22.2,21.59,40013900,876050000.0,4.73,2.86,184.13,184.13,23.5,19.22,1.67
恒申新材,sz000782,5.42,5.43,5.45,11544900.0,5.41,48300,5.42,23300,-0.18,5.58,5.4,11544900,63390000.0,2.19,3.31,28.63,37.21,5.97,4.89,0.91
浦东金桥,sh600639,10.82,10.57,10.58,8596300.0,10.82,4900,10.83,1700,2.37,10.93,10.56,8596300,93070000.0,1.01,3.5,92.0,121.45,11.63,9.51,1.28
中远海控,sh601919,15.2,15.2,15.28,62476500.0,15.2,226800,15.21,27700,0.0,15.4,15.15,62476500,955280000.0,0.5,1.64,1908.54,2327.53,16.72,13.68,0.96
九州通,sh600998,5.36,5.28,5.31,47582200.0,5.36,351000,5.37,356700,1.52,5.44,5.29,47582200,255940000.0,0.94,2.84,270.28,270.28,5.81,4.75,0.9
皓元医药,sh688131,75.3,72.55,73.39,514525600.0,75.28,200,75.3,5500,3.79,76.27,73.1,514525600,385880000.0,2.43,4.37,159.71,159.71,87.06,58.04,1.22
中科曙光,sh603019,85.3,83.3,84.0,46789200.0,85.3,133300,85.31,212200,2.4,86.86,83.94,46789200,4003910000.0,3.2,3.51,1247.69,1248.04,91.63,74.97,1.59
苏农银行,sh603323,4.81,4.8,4.82,16283500.0,4.81,43900,4.82,306200,0.21,4.85,4.8,16283500,78580000.0,0.81,1.04,97.09,97.09,5.28,4.32,0.77
赣粤高速,sh600269,4.48,4.47,4.48,12284000.0,4.48,740300,4.5,171200,0.22,4.54,4.48,12284000,55350000.0,0.53,1.34,104.63,104.63,4.92,4.02,0.68
荣盛石化,sz002493,12.64,12.65,12.68,37670600.0,12.64,131000,12.65,10800,-0.08,12.74,12.54,37670600,476510000.0,0.4,1.58,1183.38,1262.67,13.92,11.39,0.72
中国电建,sh601669,5.66,5.69,5.7,207529900.0,5.66,8372500,5.67,1215600,-0.53,5.73,5.66,207529900,1180860000.0,1.59,1.23,739.85,975.0,6.26,5.12,0.98
三六零,sh601360,10.87,10.74,10.89,82902000.0,10.86,493000,10.87,349300,1.21,11.05,10.86,82902000,906000000.0,1.18,1.77,760.85,760.85,11.81,9.67,1.04
蓝特光学,sh688127,68.15,67.35,67.02,982396100.0,68.15,8500,68.17,300,1.19,69.18,66.03,982396100,662800000.0,2.42,4.68,276.62,276.62,80.82,53.88,0.87
本立科技,sz301065,23.52,23.34,23.49,1619600.0,23.49,2400,23.52,900,0.77,23.84,23.35,1619600,38270000.0,1.88,2.1,20.29,24.94,28.01,18.67,0.85
中微半导,sh688380,45.39,44.08,44.98,1157914300.0,45.38,5600,45.39,9400,2.97,46.38,44.91,1157914300,528450000.0,2.89,3.33,181.73,181.73,52.9,35.26,1.84
龙净环保,sh600388,18.87,19.28,19.27,20922800.0,18.86,10500,18.87,14900,-2.13,19.27,18.84,20922800,397220000.0,1.65,2.23,239.66,239.66,21.21,17.35,0.98
冀中能源,sz000937,5.55,5.49,5.52,17452500.0,5.54,156900,5.55,456300,1.09,5.58,5.49,17452500,96740000.0,0.51,1.64,190.55,196.11,6.04,4.94,0.74
三湘印象,sz000863,5.15,5.21,5.23,16771700.0,5.14,188800,5.15,172200,-1.15,5.35,5.14,16771700,87760000.0,1.44,4.03,59.93,60.81,5.73,4.69,0.66
辉煌科技,sz002296,11.58,11.51,11.52,9091000.0,11.57,33200,11.58,35500,0.61,11.7,11.52,9091000,105770000.0,2.62,1.56,40.23,45.11,12.66,10.36,0.9
*ST中地,sz000736,5.12,5.05,5.09,4029700.0,5.11,81800,5.12,61500,1.39,5.15,5.06,4029700,20600000.0,0.54,1.78,38.25,38.25,5.3,4.8,0.86
中设股份,sz002883,9.61,9.57,9.61,3247300.0,9.6,400,9.61,5800,0.42,9.73,9.54,3247300,31240000.0,2.12,1.99,14.73,15.01,10.53,8.61,0.73
中粮科工,sz301058,9.95,9.87,9.92,4330100.0,9.94,26600,9.95,3300,0.81,10.04,9.89,4330100,43210000.0,0.85,1.52,50.97,50.97,11.84,7.9,0.82
步长制药,sh603858,16.71,16.53,16.51,4896400.0,16.69,0,16.71,22100,1.09,16.8,16.45,4896400,81430000.0,0.46,2.12,176.22,176.22,18.18,14.88,0.87
重庆银行,sh601963,10.21,10.04,10.06,14840000.0,10.21,26800,10.23,30600,1.69,10.25,10.05,14840000,151120000.0,0.73,1.99,207.67,370.19,11.04,9.04,0.92
天新药业,sh603235,27.08,27.11,27.13,770500.0,27.08,2800,27.09,3300,-0.11,27.3,26.9,770500,20870000.0,0.18,1.48,118.55,118.55,29.82,24.4,0.89
成都银行,sh601838,17.43,17.25,17.29,27270000.0,17.43,162500,17.44,6900,1.04,17.54,17.25,27270000,475460000.0,0.64,1.68,738.76,738.76,18.98,15.53,1.44
北京银行,sh601169,5.39,5.4,5.41,65635400.0,5.39,5276800,5.4,552500,-0.19,5.43,5.39,65635400,354940000.0,0.31,0.74,1139.61,1139.61,5.94,4.86,0.72
达梦数据,sh688692,232.18,234.77,237.0,114277300.0,232.1,200,232.18,100,-1.1,238.0,231.6,114277300,267690000.0,1.56,2.73,169.81,262.92,281.72,187.82,0.93
重庆燃气,sh600917,5.36,5.33,5.33,5059500.0,5.36,82500,5.37,308200,0.56,5.38,5.33,5059500,27140000.0,0.32,0.94,83.67,83.67,5.86,4.8,0.54
圣达生物,sh603079,16.72,16.4,16.42,2900300.0,16.72,20800,16.73,1700,1.95,17.6,16.42,2900300,48590000.0,1.53,7.2,31.61,31.61,18.04,14.76,1.0
维宏股份,sz300508,38.99,39.08,39.31,2121800.0,38.99,1000,39.0,400,-0.23,40.13,38.96,2121800,83690000.0,2.59,2.99,31.97,42.44,46.9,31.26,1.05
招商证券,sh600999,15.88,15.57,15.81,61497200.0,15.87,180100,15.88,286600,1.99,16.19,15.71,61497200,982840000.0,0.83,3.08,1178.61,1381.01,17.13,14.01,2.6
美信科技,sz301577,63.34,63.21,63.69,761800.0,63.34,7200,63.41,1200,0.21,64.28,63.11,761800,48550000.0,4.04,1.85,11.93,28.52,75.85,50.57,0.77
泽璟制药-U,sh688266,97.77,98.0,98.61,262918500.0,97.75,200,97.77,2800,-0.23,101.8,96.51,262918500,260470000.0,0.99,5.4,258.81,258.81,117.6,78.4,0.87
明牌珠宝,sz002574,5.63,5.6,5.65,6902900.0,5.63,6500,5.64,40700,0.54,5.71,5.6,6902900,38980000.0,1.31,1.96,29.73,29.73,6.16,5.04,0.97
中际旭创,sz300308,734.65,693.02,700.0,33080100.0,734.65,12300,734.8,600,6.01,743.04,694.01,33080100,23842830000.0,2.99,7.07,8121.55,8162.83,831.62,554.42,1.22
上峰水泥,sz000672,13.39,13.39,13.49,9828900.0,13.39,561400,13.4,14300,0.0,13.63,13.33,9828900,132550000.0,1.01,2.24,129.8,129.8,14.73,12.05,1.03
中粮糖业,sh600737,14.43,14.27,14.35,13343000.0,14.42,17500,14.43,32900,1.12,14.54,14.27,13343000,192400000.0,0.62,1.89,308.64,308.64,15.7,12.84,0.69
金禄电子,sz301282,37.84,38.49,37.5,14669300.0,37.84,57500,37.85,9300,-1.69,38.22,36.96,14669300,551170000.0,12.48,3.27,44.49,57.19,46.19,30.79,0.95
昀冢科技,sh688260,26.83,26.79,27.1,218062500.0,26.83,3300,26.84,3500,0.15,27.5,26.79,218062500,59180000.0,1.82,2.65,32.2,32.2,32.15,21.43,0.82
东山精密,sz002384,143.55,131.9,132.3,144944500.0,143.55,77100,143.56,2000,8.83,145.09,132.27,144944500,20093700000.0,10.46,9.72,1990.06,2629.27,145.09,118.71,2.7
大豪科技,sh603025,14.11,13.88,13.98,10800500.0,14.11,12700,14.12,43600,1.66,14.28,13.93,10800500,152890000.0,0.97,2.52,156.5,157.56,15.27,12.49,1.24
粤高速Ａ,sz000429,12.53,12.77,12.8,7318100.0,12.53,29200,12.54,9300,-1.88,12.83,12.51,7318100,92460000.0,0.56,2.51,163.31,261.98,14.05,11.49,1.16
中国石化,sh600028,5.81,5.84,5.83,129726900.0,5.81,11466100,5.82,991300,-0.51,5.84,5.81,129726900,755150000.0,0.14,0.51,5505.12,7025.77,6.42,5.26,0.71
中旗股份,sz300575,6.29,6.3,6.31,10589100.0,6.28,28400,6.29,15400,-0.16,6.4,6.26,10589100,67080000.0,3.09,2.22,21.56,30.0,7.56,5.04,0.78
中国电研,sh688128,25.6,25.31,25.4,231016800.0,25.6,500,25.62,100,1.15,26.05,25.4,231016800,59590000.0,0.57,2.57,103.55,103.55,30.37,20.25,1.08
长青股份,sz002391,6.23,6.21,6.22,7267400.0,6.23,52500,6.24,4300,0.32,6.33,6.19,7267400,45550000.0,1.57,2.25,28.91,40.47,6.83,5.59,0.71
麦澜德,sh688273,41.18,38.8,39.1,288906400.0,41.18,6100,41.19,500,6.13,41.69,39.1,288906400,118590000.0,2.89,6.68,41.18,41.18,46.56,31.04,2.06
神马电力,sh603530,59.4,59.34,58.9,7454100.0,59.4,21200,59.41,1300,0.1,61.13,57.89,7454100,444650000.0,1.74,5.46,253.91,256.42,65.27,53.41,1.55
辉隆股份,sz002556,6.13,6.08,6.12,13122200.0,6.12,33400,6.13,38200,0.82,6.2,6.06,13122200,80520000.0,1.39,2.3,57.97,58.02,6.69,5.47,0.72
金河生物,sz002688,6.03,5.91,6.27,26140900.0,6.03,21100,6.04,73100,2.03,6.3,6.0,26140900,159800000.0,3.5,5.08,45.07,46.4,6.5,5.32,0.83
山西证券,sz002500,5.65,5.55,5.59,38844400.0,5.64,449000,5.65,5800,1.8,5.78,5.59,38844400,221410000.0,1.08,3.42,202.82,202.82,6.11,5.0,2.2
天鹅股份,sh603029,18.56,18.31,18.32,2211400.0,18.55,2800,18.56,1100,1.37,18.77,18.32,2211400,41180000.0,1.82,2.46,22.52,22.52,20.14,16.48,0.73
共达电声,sz002655,21.58,21.16,21.45,61603900.0,21.57,30100,21.58,2400,1.98,22.52,21.15,61603900,1338590000.0,17.03,6.47,78.07,78.1,23.28,19.04,1.29
博汇纸业,sh600966,6.65,6.55,6.61,11384200.0,6.64,34700,6.65,99100,1.53,6.77,6.51,11384200,76120000.0,0.85,3.97,88.9,88.9,7.21,5.9,0.92
上海凯宝,sz300039,5.99,5.97,5.98,12979300.0,5.98,217300,5.99,353000,0.34,6.06,5.95,12979300,77940000.0,1.42,1.84,54.92,62.66,7.16,4.78,0.7
万通发展,sh600246,9.33,9.5,9.65,38867900.0,9.33,186300,9.34,23300,-1.79,9.72,9.33,38867900,367650000.0,2.06,4.11,176.38,181.28,10.45,8.55,0.76
顾家家居,sh603816,32.88,33.26,33.25,5757300.0,32.86,21000,32.88,4200,-1.14,33.35,32.66,5757300,189700000.0,0.71,2.07,267.04,270.09,36.59,29.93,1.28
华帝股份,sz002035,6.38,6.08,6.06,55175700.0,6.37,87700,6.38,93600,4.93,6.57,6.01,55175700,346990000.0,7.06,9.21,49.89,54.08,6.69,5.47,0.95
鸥玛软件,sz301185,19.15,18.61,18.85,3275800.0,19.15,177800,19.16,57300,2.9,19.17,18.62,3275800,62260000.0,2.34,2.96,26.79,29.38,22.33,14.89,1.57
梦网科技,sz002123,10.02,9.91,10.0,15532900.0,10.01,99100,10.02,134000,1.11,10.3,9.98,15532900,157020000.0,2.16,3.23,72.15,80.7,10.9,8.92,1.16
深南电路,sz002916,262.03,243.0,245.0,22883500.0,262.03,35500,262.04,600,7.83,267.3,245.0,22883500,5954660000.0,3.44,9.18,1742.0,1784.86,267.3,218.7,1.95
阿拉丁,sh688179,18.33,17.82,17.7,1166912100.0,18.31,1900,18.33,4700,2.86,18.65,17.7,1166912100,213570000.0,3.43,5.33,62.38,62.38,21.38,14.26,0.91
三佳科技,sh600520,23.97,23.62,23.78,3174100.0,23.97,18600,23.98,65300,1.48,24.34,23.78,3174100,76400000.0,2.0,2.37,37.98,37.98,25.98,21.26,1.09
杭州柯林,sh688611,52.41,50.91,51.43,95543500.0,52.4,400,52.41,300,2.95,52.8,50.88,95543500,49510000.0,0.62,3.77,80.39,80.39,61.09,40.73,1.11
圣湘生物,sh688289,18.31,18.22,18.27,287532400.0,18.31,11600,18.32,35000,0.49,18.5,18.25,287532400,52930000.0,0.5,1.37,106.09,106.09,21.86,14.58,0.74
兄弟科技,sz002562,5.94,5.98,5.98,21851300.0,5.94,11500,5.95,86400,-0.67,6.07,5.93,21851300,130910000.0,3.11,2.34,41.67,67.88,6.58,5.38,1.0
泰格医药,sz300347,57.86,55.8,55.8,16503900.0,57.85,1300,57.86,2900,3.69,58.33,55.55,16503900,945850000.0,2.91,4.98,327.61,498.19,66.96,44.64,1.42
永茂泰,sh605208,13.6,13.85,13.91,7882800.0,13.6,9800,13.61,83900,-1.81,14.07,13.57,7882800,108890000.0,2.39,3.61,44.87,44.87,15.24,12.47,1.3
大湖股份,sh600257,6.65,6.98,7.0,30982300.0,6.65,43100,6.66,116100,-4.73,7.01,6.64,30982300,211000000.0,6.44,5.3,32.0,32.0,7.68,6.28,1.33
怡达股份,sz300721,14.25,14.25,14.29,3919600.0,14.24,11700,14.25,1200,0.0,14.51,14.18,3919600,56200000.0,2.83,2.32,19.72,23.49,17.1,11.4,0.73
恒大高新,sz002591,6.79,6.78,6.84,8922500.0,6.78,16100,6.79,8700,0.15,6.94,6.75,8922500,61060000.0,3.99,2.8,15.18,20.38,7.46,6.1,0.76
三峡水利,sh600116,6.49,6.45,6.49,13196300.0,6.49,149700,6.5,117300,0.62,6.52,6.43,13196300,85680000.0,0.69,1.4,124.1,124.1,7.1,5.81,0.51
圣元环保,sz300867,20.04,19.94,20.0,6830700.0,20.03,19700,20.04,4700,0.5,20.45,19.99,6830700,138050000.0,3.56,2.31,38.4,54.46,23.93,15.95,0.84
鹿山新材,sh603051,21.59,21.19,21.46,3951100.0,21.59,3900,21.6,8200,1.89,21.8,21.28,3951100,85470000.0,2.44,2.45,34.9,34.9,23.31,19.07,1.14
国投电力,sh600886,13.41,13.46,13.43,17281400.0,13.41,5300,13.42,31400,-0.37,13.5,13.34,17281400,231770000.0,0.23,1.19,999.61,1073.4,14.81,12.11,0.87
龙利得,sz300883,6.75,6.62,6.68,9301800.0,6.72,1800,6.75,41500,1.96,6.75,6.59,9301800,62300000.0,2.81,2.42,22.32,23.36,7.94,5.3,0.98
派斯林,sh600215,6.72,6.62,6.63,4611900.0,6.71,16400,6.72,48600,1.51,6.81,6.63,4611900,31130000.0,1.01,2.72,30.7,30.7,7.28,5.96,1.23
新集能源,sh601918,7.44,7.49,7.46,40673600.0,7.43,169800,7.44,51800,-0.67,7.58,7.42,40673600,304770000.0,1.57,2.14,192.74,192.74,8.24,6.74,0.79
南方传媒,sh601900,13.41,13.36,13.43,5391200.0,13.41,9200,13.42,5800,0.37,13.6,13.4,5391200,72650000.0,0.61,1.5,118.27,118.27,14.7,12.02,0.74
华夏银行,sh600015,7.26,7.32,7.33,48314500.0,7.25,115500,7.26,39500,-0.82,7.33,7.23,48314500,351880000.0,0.31,1.37,1117.11,1155.42,8.05,6.59,0.7
出版传媒,sh601999,8.46,7.69,7.7,21467300.0,8.46,12410900,0.0,0,10.01,8.46,7.67,21467300,174770000.0,3.9,10.27,46.61,46.61,8.46,6.92,1.46
清源股份,sh603628,13.28,13.15,13.17,9359400.0,13.27,59100,13.28,3300,0.99,13.4,13.16,9359400,124480000.0,3.44,1.83,36.14,36.27,14.47,11.84,0.56
鲁北化工,sh600727,7.16,7.19,7.2,16649600.0,7.16,112500,7.17,32500,-0.42,7.29,7.12,16649600,120000000.0,3.15,2.36,37.85,37.85,7.91,6.47,0.55
康尼机电,sh603111,6.8,6.71,6.73,4994500.0,6.79,18900,6.8,18700,1.34,6.83,6.73,4994500,33940000.0,0.59,1.49,58.0,58.62,7.38,6.04,0.83
国光股份,sz002749,13.23,13.21,13.25,1246900.0,13.23,4300,13.26,1900,0.15,13.35,13.17,1246900,16540000.0,0.27,1.36,60.02,61.7,14.53,11.89,0.73
兴业银行,sh601166,18.53,18.6,18.61,60252400.0,18.53,432700,18.54,48900,-0.38,18.65,18.53,60252400,1118860000.0,0.28,0.65,3921.48,3921.48,20.46,16.74,1.11
国光电器,sz002045,11.86,11.74,11.86,8641800.0,11.86,62300,11.87,21200,1.02,12.02,11.81,8641800,102930000.0,1.54,1.79,66.63,66.71,12.91,10.57,1.18
郑中设计,sz002811,13.65,13.54,13.65,3167600.0,13.65,2300,13.66,5900,0.81,13.85,13.57,3167600,43470000.0,1.12,2.07,38.64,42.04,14.89,12.19,0.76
联盛化学,sz301212,27.5,27.26,27.46,913000.0,27.49,500,27.5,1300,0.88,27.96,27.4,913000,25260000.0,0.97,2.05,25.78,29.7,32.71,21.81,0.81
则成电子,bj920821,21.5,21.32,21.55,1361600.0,21.5,4200,21.51,600,0.84,21.87,21.32,1361600,29409000.0,1.87,2.58,15.66,29.75,27.71,14.93,0.61
ST尔雅,sh600107,5.75,5.84,5.81,2892500.0,5.75,11000,5.77,13000,-1.54,5.93,5.74,2892500,16850000.0,0.8,3.25,20.7,20.7,6.13,5.55,0.57
智信精密,sz301512,46.03,45.81,46.6,678300.0,46.02,2000,46.12,5200,0.48,47.01,45.53,678300,31530000.0,2.73,3.23,11.42,24.55,54.97,36.65,0.8
ST逸飞,sh688646,50.2,50.63,50.25,81562800.0,49.97,7400,50.2,1900,-0.85,50.5,49.5,81562800,40730000.0,1.41,1.98,29.11,47.27,60.76,40.5,1.4
蒙泰高新,sz300876,25.75,25.5,25.66,1410800.0,25.75,6300,25.78,700,0.98,25.97,25.55,1410800,36350000.0,1.74,1.65,20.88,28.0,30.6,20.4,0.54
华宇软件,sz300271,6.65,6.63,6.69,8066800.0,6.65,37600,6.66,261400,0.3,6.75,6.64,8066800,54030000.0,1.01,1.66,53.02,53.99,7.96,5.3,0.78
康平科技,sz300907,28.3,28.09,28.19,857100.0,28.3,13300,28.31,3500,0.75,28.78,28.17,857100,24400000.0,0.89,2.17,27.17,27.17,33.71,22.47,0.51
龙源技术,sz300105,6.74,6.67,6.75,6015000.0,6.73,27200,6.74,10800,1.05,6.81,6.7,6015000,40690000.0,1.17,1.65,34.77,34.77,8.0,5.34,0.73
华工科技,sz000988,115.92,114.93,117.0,100429800.0,115.91,11800,115.92,204800,0.86,117.68,113.9,100429800,11621090000.0,9.99,3.29,1164.98,1165.58,126.42,103.44,1.29
斯达半导,sh603290,100.7,99.53,100.0,4069000.0,100.69,2800,100.7,200,1.18,102.5,100.0,4069000,410740000.0,1.7,2.51,241.15,241.15,109.48,89.58,1.03
江山欧派,sh603208,13.46,13.22,13.24,1512700.0,13.42,4300,13.46,5100,1.82,13.56,13.24,1512700,20360000.0,0.85,2.42,23.85,23.85,14.54,11.9,0.88
海森药业,sz001367,25.5,25.19,25.35,4940000.0,25.5,18300,25.51,5800,1.23,25.71,24.96,4940000,125440000.0,12.06,2.98,10.45,38.85,27.71,22.67,0.75
中持股份,sh603903,11.95,11.43,11.48,9522900.0,11.95,47500,11.96,53400,4.55,12.36,11.47,9522900,113850000.0,3.73,7.79,30.51,30.51,12.57,10.29,2.34
中交设计,sh600720,7.04,6.98,7.02,4484200.0,7.04,93000,7.05,60000,0.86,7.07,7.0,4484200,31580000.0,0.44,1.0,71.04,161.54,7.68,6.28,0.67
智动力,sz300686,18.34,18.13,19.37,26176000.0,18.33,2700,18.34,19800,1.16,19.61,17.6,26176000,477260000.0,10.11,11.09,47.48,47.8,21.76,14.5,1.22
辰光医疗,bj920300,12.09,11.83,11.84,2047700.0,12.09,6400,12.1,29100,2.2,12.3,11.84,2047700,24781200.0,3.08,3.89,8.04,10.38,15.37,8.29,0.65
陕天然气,sz002267,7.67,7.73,7.74,8120400.0,7.67,217100,7.68,2600,-0.78,7.77,7.67,8120400,62710000.0,0.73,1.29,85.3,85.3,8.5,6.96,0.82
汉朔科技,sz301275,41.32,42.0,42.0,6638200.0,41.31,800,41.32,3000,-1.62,42.8,41.25,6638200,278760000.0,2.26,3.69,121.29,174.54,50.4,33.6,1.24
物产金轮,sz002722,14.65,14.53,14.6,1873300.0,14.65,6700,14.66,300,0.83,14.8,14.6,1873300,27570000.0,0.84,1.38,32.58,32.58,15.98,13.08,0.78
深水规院,sz301038,20.67,20.5,20.5,1307200.0,20.67,24200,20.68,8400,0.83,20.85,20.5,1307200,27110000.0,0.59,1.71,46.11,46.11,24.6,16.4,0.67
致远互联,sh688369,23.45,23.63,23.8,829450400.0,23.45,5600,23.53,9500,-0.76,24.79,23.4,829450400,198900000.0,7.2,5.88,27.02,27.02,28.36,18.9,1.56
财富趋势,sh688318,111.97,109.12,110.28,568302500.0,111.97,4900,111.98,1200,2.61,116.76,110.28,568302500,650030000.0,2.22,5.94,286.78,286.78,130.94,87.3,2.16
华阳股份,sh600348,9.15,9.05,9.1,32096700.0,9.15,323000,9.16,142900,1.1,9.24,9.02,32096700,294280000.0,0.89,2.43,330.09,330.09,9.96,8.15,0.76
天益医疗,sz301097,54.35,53.7,54.03,553800.0,54.27,2000,54.42,4400,1.21,54.92,53.41,553800,30000000.0,1.91,2.81,15.73,32.04,64.44,42.96,0.73
东富龙,sz300171,14.79,14.61,14.72,5822900.0,14.78,1400,14.79,1900,1.23,15.03,14.64,5822900,86530000.0,1.03,2.67,83.22,113.27,17.53,11.69,0.98
ST未名,sz002581,7.39,7.35,7.35,3067400.0,7.38,3600,7.39,62400,0.54,7.51,7.35,3067400,22800000.0,0.77,2.18,29.62,48.75,7.72,6.98,0.99
乐普医疗,sz300003,16.45,16.19,16.45,26099500.0,16.44,36300,16.45,17900,1.61,16.75,16.35,26099500,430800000.0,1.65,2.47,259.73,303.24,19.43,12.95,1.11
中国银河,sh601881,13.01,12.66,12.81,68697700.0,13.0,254000,13.01,36600,2.76,13.31,12.81,68697700,899870000.0,0.95,3.95,942.37,1422.57,13.93,11.39,2.06
凯中精密,sz002823,15.59,15.24,15.33,5219400.0,15.59,19700,15.6,13700,2.3,15.74,15.32,5219400,81390000.0,2.38,2.76,34.13,51.19,16.76,13.72,1.35
南京证券,sh601990,7.37,7.26,7.3,33163600.0,7.37,38800,7.38,9500,1.52,7.53,7.3,33163600,246540000.0,0.9,3.17,271.68,324.25,7.99,6.53,2.49
西部证券,sz002673,7.28,7.16,7.22,44612200.0,7.27,238300,7.28,250900,1.68,7.43,7.21,44612200,327450000.0,1.0,3.07,325.39,325.39,7.88,6.44,1.49
中兰环保,sz300854,33.3,33.79,35.18,9405900.0,33.3,18500,33.33,1900,-1.45,35.48,32.71,9405900,317170000.0,11.56,8.2,27.09,33.32,40.55,27.03,1.72
设计总院,sh603357,8.05,7.97,8.03,3034400.0,8.05,141600,8.07,400,1.0,8.11,8.02,3034400,24490000.0,0.55,1.13,44.73,45.13,8.77,7.17,0.77
隆盛科技,sz300680,40.09,39.32,39.79,6986400.0,40.08,21800,40.09,26900,1.96,40.85,39.74,6986400,281280000.0,3.97,2.82,70.49,91.29,47.18,31.46,0.77
水晶光电,sz002273,29.88,30.11,30.08,92979400.0,29.88,11100,29.89,2400,-0.76,30.42,29.3,92979400,2772320000.0,6.83,3.72,407.03,415.52,33.12,27.1,0.88
软控股份,sz002073,7.2,7.16,7.24,23005500.0,7.19,104900,7.2,26700,0.56,7.31,7.18,23005500,167010000.0,2.27,1.82,72.98,73.73,7.88,6.44,0.52
先达股份,sh603086,7.68,7.62,7.64,7824900.0,7.68,97100,7.69,107100,0.79,7.72,7.6,7824900,60090000.0,1.8,1.57,33.39,33.39,8.38,6.86,0.84
禾盛新材,sz002290,67.78,66.75,67.02,6589900.0,67.77,600,67.78,20400,1.54,69.49,66.83,6589900,450960000.0,2.67,3.99,167.55,168.17,73.43,60.08,1.38
测绘股份,sz300826,16.46,16.26,16.36,3037600.0,16.46,31700,16.47,3000,1.23,16.58,16.26,3037600,49830000.0,1.79,1.97,27.91,29.02,19.51,13.01,1.39
鸿路钢构,sz002541,20.85,21.28,21.42,4877800.0,20.85,1100,20.88,3100,-2.02,21.42,20.83,4877800,102700000.0,0.98,2.77,103.45,143.87,23.41,19.15,0.9
敏芯股份,sh688286,68.77,67.18,67.99,108594200.0,68.77,300,68.79,1800,2.37,69.29,67.98,108594200,74680000.0,1.94,1.95,38.55,38.55,80.62,53.74,1.02
常宝股份,sz002478,11.31,11.09,11.32,54825000.0,11.31,67200,11.32,41500,1.98,11.79,11.1,54825000,626620000.0,7.59,6.22,81.74,101.88,12.2,9.98,1.58
天键股份,sz301383,28.16,27.82,28.0,1517500.0,28.14,1900,28.16,12500,1.22,28.68,28.0,1517500,42960000.0,2.15,2.44,19.88,46.0,33.38,22.26,1.17
罗平锌电,sz002114,8.63,8.57,8.64,6518300.0,8.62,56200,8.63,11200,0.7,8.73,8.59,6518300,56450000.0,2.02,1.63,27.91,27.91,9.43,7.71,0.75
沪宁股份,sz300669,32.36,32.36,32.8,1249600.0,32.28,200,32.36,13000,0.0,32.8,31.88,1249600,40250000.0,0.68,2.84,59.06,62.36,38.83,25.89,1.01
赛特新材,sh688398,26.17,24.26,24.24,421946100.0,26.17,15700,26.19,49600,7.87,26.76,24.19,421946100,107590000.0,2.51,10.59,43.92,43.92,29.11,19.41,2.99
贝斯美,sz300796,9.12,9.11,9.1,3800000.0,9.11,7200,9.12,34400,0.11,9.23,9.08,3800000,34740000.0,1.05,1.65,32.94,32.94,10.93,7.29,0.62
青岛港,sh601298,8.64,8.71,8.74,11698600.0,8.64,367300,8.65,193500,-0.8,8.75,8.6,11698600,101480000.0,0.22,1.72,465.88,560.83,9.58,7.84,1.06
黑牡丹,sh600510,8.5,8.45,8.4,14060000.0,8.49,34200,8.5,118400,0.59,8.54,8.21,14060000,117590000.0,1.36,3.91,87.72,87.72,9.3,7.61,1.75
康德莱,sh603987,8.83,8.65,8.67,5947400.0,8.83,97600,8.84,400,2.08,8.94,8.67,5947400,52600000.0,1.36,3.12,38.57,38.57,9.52,7.79,1.03
豪威集团,sh603501,95.35,94.24,95.0,14485200.0,95.35,15800,95.36,13900,1.18,96.75,94.9,14485200,1388940000.0,1.2,1.96,1154.12,1202.5,103.66,84.82,0.88
隆基绿能,sh601012,17.12,16.92,17.06,117060200.0,17.11,185900,17.12,1007500,1.18,17.27,16.96,117060200,2007440000.0,1.54,1.83,1297.36,1297.36,18.61,15.23,0.83
仙琚制药,sz002332,9.01,9.0,9.01,9798400.0,9.01,76000,9.02,6200,0.11,9.1,8.98,9798400,88540000.0,1.0,1.33,88.71,89.13,9.9,8.1,0.74
潜能恒信,sz300191,41.4,38.78,37.93,22899300.0,41.39,5600,41.4,70900,6.76,42.88,37.79,22899300,924280000.0,10.35,13.13,91.57,132.48,46.54,31.02,1.13
邦彦技术,sh688132,16.81,16.79,16.78,163008900.0,16.81,1800,16.87,2000,0.12,17.19,16.73,163008900,27600000.0,1.07,2.74,25.59,25.59,20.15,13.43,1.35
华中数控,sz300161,28.26,28.04,28.28,1858800.0,28.26,5900,28.27,10500,0.78,28.54,28.11,1858800,52730000.0,0.95,1.53,55.11,56.15,33.65,22.43,0.9
威博液压,bj920245,24.76,23.46,23.56,631000.0,24.76,9100,24.81,4700,5.54,24.86,23.56,631000,15384700.0,1.66,5.54,9.41,12.3,30.49,16.43,2.52
润欣科技,sz300493,15.79,15.59,15.77,10111500.0,15.79,14000,15.8,5600,1.28,16.07,15.76,10111500,161050000.0,2.0,1.99,79.99,80.93,18.71,12.47,1.05
芯能科技,sh603105,10.55,10.48,10.55,18266900.0,10.54,126000,10.55,66400,0.67,10.72,10.49,18266900,193890000.0,3.65,2.19,52.75,52.75,11.53,9.43,0.67
华信新材,sz300717,20.64,20.41,20.68,1744600.0,20.59,300,20.64,2500,1.13,20.78,20.4,1744600,35930000.0,1.71,1.86,21.02,21.21,24.49,16.33,0.92
宁波银行,sz002142,30.25,30.1,30.31,17527400.0,30.25,15700,30.26,3000,0.5,30.37,30.11,17527400,529940000.0,0.27,0.86,1996.47,1997.59,33.11,27.09,1.1
海默科技,sz300084,10.22,10.36,10.37,14693200.0,10.21,159300,10.22,2300,-1.35,10.44,10.19,14693200,150810000.0,4.25,2.41,35.37,51.96,12.43,8.29,0.82
力合科创,sz002243,8.69,8.62,8.7,8016800.0,8.69,61400,8.7,4500,0.81,8.85,8.65,8016800,70230000.0,0.67,2.32,104.64,105.2,9.48,7.76,0.69
惠而浦,sh600983,11.17,10.15,10.68,8214000.0,11.17,184600,0.0,0,10.05,11.17,10.68,8214000,91290000.0,1.07,4.83,85.61,85.61,11.17,9.14,1.95
浙江恒威,sz301222,37.41,35.98,35.95,7002200.0,37.41,1700,37.42,11700,3.97,38.88,35.61,7002200,261330000.0,8.77,9.09,29.86,37.5,43.18,28.78,2.36
广生堂,sz300436,112.3,112.68,112.22,9938300.0,112.29,100,112.3,1200,-0.34,115.33,110.0,9938300,1119430000.0,7.27,4.73,153.54,178.86,135.22,90.14,0.61
兴齐眼药,sz300573,68.25,67.75,67.73,3598100.0,68.25,24700,68.26,2500,0.74,68.95,67.73,3598100,246160000.0,1.9,1.8,129.36,168.19,81.3,54.2,0.85
安科生物,sz300009,9.84,9.8,9.81,19488600.0,9.84,39600,9.85,11800,0.41,10.01,9.78,19488600,192880000.0,1.58,2.35,121.06,164.46,11.76,7.84,0.71
中公高科,sh603860,31.85,31.36,31.58,1393400.0,31.85,6000,31.9,2300,1.56,32.23,31.36,1393400,44410000.0,2.09,2.77,21.24,21.24,34.5,28.22,0.86
浙江正特,sz001238,47.84,47.7,47.78,171300.0,47.83,200,47.87,800,0.29,48.33,47.57,171300,8210000.0,0.17,1.59,49.59,53.02,52.47,42.93,0.5
泓博医药,sz301230,39.86,40.33,40.15,8609600.0,39.86,2800,39.87,7700,-1.17,41.2,39.6,8609600,348490000.0,6.85,3.97,50.07,55.64,48.4,32.26,0.63
志特新材,sz300986,23.52,26.0,25.7,65054800.0,23.52,263500,23.53,16800,-9.54,25.98,23.5,65054800,1591490000.0,15.8,9.54,96.82,96.9,31.2,20.8,1.22
中钢天源,sz002057,9.51,9.44,9.5,10471000.0,9.51,35400,9.52,40000,0.74,9.63,9.46,10471000,100030000.0,1.39,1.8,71.65,71.69,10.38,8.5,1.13
华虹公司,sh688347,121.61,119.62,122.1,1474030200.0,121.61,700,121.62,1400,1.66,123.44,120.84,1474030200,1799150000.0,3.62,2.17,495.86,2113.13,143.54,95.7,1.14
震安科技,sz300767,19.49,18.68,18.8,9600400.0,19.49,35900,19.5,5500,4.34,20.19,18.8,9600400,186710000.0,4.0,7.44,46.75,53.85,22.42,14.94,2.41
百合股份,sh603102,41.7,41.43,41.6,327300.0,41.69,100,41.79,1100,0.65,42.29,41.6,327300,13740000.0,0.51,1.67,26.69,26.69,45.57,37.29,0.51
铁科轨道,sh688569,20.39,20.33,20.32,140201800.0,20.37,800,20.39,5900,0.3,20.66,20.32,140201800,28670000.0,0.67,1.67,42.95,42.95,24.4,16.26,0.76
名臣健康,sz002919,20.29,20.28,20.42,2934100.0,20.29,22200,20.3,10700,0.05,20.88,20.28,2934100,60170000.0,1.11,2.96,53.64,54.08,22.31,18.25,0.72
仁信新材,sz301395,14.1,14.33,14.27,6837000.0,14.09,2600,14.1,16400,-1.61,14.44,14.0,6837000,96910000.0,4.97,3.07,19.38,34.24,17.2,11.46,1.11
合合信息,sh688615,175.12,174.67,175.09,331088900.0,175.12,1200,175.2,500,0.26,178.35,174.8,331088900,584320000.0,3.42,2.03,169.29,245.17,209.6,139.74,1.26
森萱医药,bj920946,9.97,9.9,10.0,2419400.0,9.97,38700,9.99,11700,0.71,10.09,9.92,2419400,24200100.000000004,0.57,1.72,42.55,42.56,12.87,6.93,0.41
万通液压,bj920839,33.9,33.84,33.84,1096800.0,33.9,0,33.92,2000,0.18,34.33,33.23,1096800,37091800.0,1.69,3.25,22.05,40.07,43.99,23.69,1.2
美好医疗,sz301363,26.09,25.61,25.8,6603300.0,26.08,4600,26.09,1300,1.87,26.62,25.77,6603300,173450000.0,1.77,3.32,97.37,148.42,30.73,20.49,0.89
上海物贸,sh600822,10.0,9.95,9.99,2737500.0,10.0,21400,10.01,7700,0.5,10.12,9.96,2737500,27490000.0,0.69,1.61,39.61,49.6,10.95,8.96,0.96
光华股份,sz001333,24.96,24.85,24.85,3635700.0,24.95,4900,24.96,900,0.44,25.12,24.58,3635700,90560000.0,8.26,2.17,10.98,31.95,27.34,22.37,1.06
中国船舶,sh600150,32.65,32.23,32.3,60043900.0,32.64,44900,32.65,82300,1.3,32.88,32.3,60043900,1964080000.0,0.8,1.8,2457.12,2457.12,35.45,29.01,0.85
中南传媒,sh601098,11.18,11.17,11.2,12900100.0,11.18,6300,11.19,38100,0.09,11.27,11.05,12900100,143770000.0,0.72,1.97,200.79,200.79,12.29,10.05,1.51
华特达因,sz000915,31.59,31.29,31.29,2959800.0,31.59,12300,31.6,5900,0.96,31.77,31.2,2959800,93180000.0,1.26,1.82,73.98,74.03,34.42,28.16,1.04
鼎龙科技,sh603004,22.88,22.49,22.6,2068800.0,22.87,7600,22.88,91900,1.73,23.18,22.59,2068800,47540000.0,3.51,2.62,13.47,53.89,24.74,20.24,1.02
聚赛龙,sz301131,42.26,41.83,42.08,851000.0,42.24,1900,42.26,3700,1.03,42.77,41.85,851000,36160000.0,2.17,2.2,16.55,23.1,50.2,33.46,0.82
西安奕材-U,sh688783,21.91,21.87,22.01,356800300.0,21.9,26800,21.91,1200,0.18,22.29,21.88,356800300,78720000.0,2.17,1.87,36.07,884.68,26.24,17.5,1.0
聚胶股份,sz301283,45.93,45.84,46.43,822900.0,45.93,1400,45.95,6600,0.2,46.55,45.76,822900,37990000.0,1.3,1.72,29.06,36.94,55.01,36.67,0.93
全新好,sz000007,13.68,13.4,13.4,7357800.0,13.67,29000,13.68,900,2.09,13.82,13.28,7357800,99570000.0,2.12,4.03,47.39,47.39,14.74,12.06,1.09
海普瑞,sz002399,11.28,11.25,11.25,3829500.0,11.28,13900,11.3,35400,0.27,11.48,11.25,3829500,43420000.0,0.31,2.04,140.68,165.51,12.38,10.13,0.68
美思德,sh603041,12.85,12.65,12.72,1918700.0,12.82,17100,12.85,8500,1.58,12.95,12.6,1918700,24620000.0,1.05,2.77,23.53,23.53,13.92,11.39,0.63
威胜信息,sh688100,37.66,37.46,37.78,218070900.0,37.65,800,37.66,1300,0.53,38.17,37.48,218070900,82460000.0,0.44,1.84,185.17,185.17,44.95,29.97,0.93
安德利,sh605198,42.2,41.28,41.36,2004000.0,42.19,1000,42.2,9800,2.23,42.77,41.33,2004000,84440000.0,0.74,3.49,114.17,141.03,45.41,37.15,0.86
深科技,sz000021,28.1,27.7,28.21,78072100.0,28.09,97800,28.1,298800,1.44,28.66,28.01,78072100,2210170000.0,4.97,2.35,441.57,441.64,30.47,24.93,1.21
福元医药,sh601089,23.37,23.28,23.42,2379200.0,23.37,5200,23.38,5300,0.39,23.75,23.2,2379200,55800000.0,0.5,2.36,112.18,112.18,25.61,20.95,0.55
ST京机,sz000821,11.2,11.08,11.18,11716100.0,11.2,101900,11.21,37600,1.08,11.35,11.12,11716100,131460000.0,1.94,2.08,67.72,69.76,11.63,10.53,0.67
四方科技,sh603339,13.01,12.81,12.89,2251100.0,13.0,14800,13.01,1200,1.56,13.09,12.88,2251100,29300000.0,0.73,1.64,40.26,40.26,14.09,11.53,0.96
隆达股份,sh688231,32.7,31.67,31.81,483037900.0,32.67,500,32.7,11300,3.25,34.17,31.6,483037900,160740000.0,1.96,8.11,80.72,80.72,38.0,25.34,1.59
嘉益股份,sz301004,46.79,47.0,46.99,601100.0,46.79,3000,46.8,1100,-0.45,47.55,46.5,601100,28260000.0,0.44,2.23,63.68,68.22,56.4,37.6,1.01
慕思股份,sz001323,24.57,24.52,24.52,440300.0,24.56,200,24.57,100,0.2,24.68,24.44,440300,10820000.0,0.14,0.98,76.47,106.9,26.97,22.07,0.86
理邦仪器,sz300206,14.75,14.22,14.35,11325300.0,14.74,20900,14.75,38800,3.73,15.03,14.3,11325300,167470000.0,3.35,5.13,49.91,85.5,17.06,11.38,1.21
宏德股份,sz301163,29.72,29.42,29.6,1231100.0,29.72,8200,29.75,1800,1.02,30.07,29.5,1231100,36740000.0,2.25,1.94,16.26,24.25,35.3,23.54,0.74
洪通燃气,sh605169,12.01,11.84,11.84,2806200.0,12.0,19300,12.01,11800,1.44,12.03,11.8,2806200,33560000.0,0.99,1.94,33.97,33.97,13.02,10.66,0.65
亚通精工,sh603190,25.23,24.76,24.82,1146000.0,25.17,700,25.23,4300,1.9,25.31,24.82,1146000,28840000.0,2.79,1.98,10.37,31.42,27.24,22.28,0.99
阳谷华泰,sz300121,12.82,12.63,12.81,25122500.0,12.82,15600,12.83,22700,1.5,13.46,12.81,25122500,330260000.0,5.85,5.15,55.04,57.08,15.16,10.1,2.17
光格科技,sh688450,37.72,38.78,39.42,274832400.0,37.7,400,37.72,300,-2.73,39.42,33.0,274832400,103110000.0,5.62,16.55,18.46,24.9,46.54,31.02,1.37
云涌科技,sh688060,46.08,45.87,45.99,43113500.0,46.08,1900,46.19,900,0.46,46.77,45.88,43113500,19970000.0,0.72,1.94,27.74,27.74,55.04,36.7,1.07
特宝生物,sh688278,64.58,64.44,64.44,262198200.0,64.58,20000,64.6,3100,0.22,65.15,64.02,262198200,169610000.0,0.64,1.75,263.61,263.61,77.33,51.55,0.95
地铁设计,sz003013,13.21,13.11,13.21,1862900.0,13.19,1600,13.21,1200,0.76,13.27,13.17,1862900,24630000.0,0.47,0.76,52.83,60.87,14.42,11.8,0.94
国药股份,sh600511,29.08,28.97,29.0,4022900.0,29.07,400,29.08,12800,0.38,29.21,28.81,4022900,116850000.0,0.73,1.38,160.91,219.41,31.87,26.07,0.74
八方股份,sh603489,32.7,31.66,31.8,3523700.0,32.69,300,32.7,31500,3.28,32.98,31.8,3523700,114380000.0,1.5,3.73,76.72,76.72,34.83,28.49,1.06
美畅股份,sz300861,16.12,15.76,15.98,8098100.0,16.12,11700,16.13,12700,2.28,16.32,15.92,8098100,130830000.0,1.92,2.54,68.0,108.3,18.91,12.61,1.23
华鑫股份,sh600621,14.19,13.86,14.15,21657700.0,14.18,35900,14.19,63600,2.38,14.54,14.1,21657700,310050000.0,2.04,3.17,150.54,150.54,15.25,12.47,2.18
科新机电,sz300092,16.44,16.32,16.43,6165100.0,16.44,1100,16.45,71700,0.74,16.67,16.43,6165100,102000000.0,2.94,1.47,34.5,45.03,19.58,13.06,1.34
濮阳惠成,sz300481,16.08,16.13,16.2,7469900.0,16.07,7800,16.08,44000,-0.31,16.37,16.04,7469900,121000000.0,2.58,2.05,46.64,46.93,19.36,12.9,0.96
南都电源,sz300068,12.46,11.52,11.66,122752500.0,12.46,97900,12.47,89000,8.16,13.42,11.58,122752500,1551590000.0,14.39,15.97,106.31,111.94,13.82,9.22,2.57
菜百股份,sh605599,22.58,22.53,22.75,2427500.0,22.53,2000,22.58,11000,0.22,22.88,22.45,2427500,55030000.0,0.31,1.91,175.62,175.62,24.78,20.28,0.5
跃岭股份,sz002725,16.32,16.07,16.11,9850600.0,16.31,2100,16.32,40400,1.56,16.45,16.06,9850600,160300000.0,4.65,2.43,34.6,41.78,17.68,14.46,1.32
银都股份,sh603277,14.25,14.12,14.17,1043600.0,14.23,6200,14.25,34000,0.92,14.37,14.17,1043600,14910000.0,0.17,1.42,86.89,87.45,15.53,12.71,0.63
华瓷股份,sz001216,19.26,19.22,19.31,4389400.0,19.26,12200,19.27,600,0.21,19.64,19.1,4389400,85090000.0,1.79,2.81,47.29,48.51,21.14,17.3,0.58
以岭药业,sz002603,16.74,16.52,16.54,11468500.0,16.73,19000,16.74,16800,1.33,16.88,16.53,11468500,191830000.0,0.83,2.12,230.48,279.68,18.17,14.87,0.71
汇通控股,sh603409,39.11,39.4,39.4,2353000.0,39.11,28300,39.75,4100,-0.74,39.75,38.99,2353000,92430000.0,6.51,1.93,14.14,49.29,43.34,35.46,1.15
协昌科技,sz301418,38.57,37.88,38.11,885500.0,38.57,200,38.59,3500,1.82,38.87,37.89,885500,34160000.0,3.01,2.59,11.35,28.28,45.46,30.3,1.13
双乐股份,sz301036,28.56,28.31,28.52,983200.0,28.56,1100,28.57,2500,0.88,28.94,28.32,983200,28250000.0,1.4,2.19,20.12,28.56,33.97,22.65,0.81
运达股份,sz300772,16.9,17.03,17.17,25715900.0,16.88,12100,16.9,20400,-0.76,17.42,16.78,25715900,437610000.0,3.68,3.76,117.94,132.98,20.44,13.62,1.06
华润双鹤,sh600062,18.26,18.23,18.3,7720700.0,18.26,45500,18.28,11900,0.16,18.44,18.22,7720700,141380000.0,0.75,1.21,188.62,189.65,20.05,16.41,0.67
富乐德,sz301297,34.9,34.46,34.81,3720800.0,34.89,8000,34.9,22600,1.28,35.25,34.8,3720800,130520000.0,1.03,1.31,126.68,259.37,41.35,27.57,1.06
美邦股份,sh605033,23.19,22.85,22.84,3047000.0,23.18,15300,23.19,40500,1.49,23.36,22.8,3047000,70500000.0,2.25,2.45,31.35,31.35,25.14,20.57,1.0
易德龙,sh603380,35.65,34.93,35.76,2615200.0,35.65,700,35.67,500,2.06,36.51,35.42,2615200,93930000.0,1.63,3.12,57.2,57.2,38.42,31.44,2.81
瑞普生物,sz300119,18.36,18.27,18.3,4759700.0,18.35,3500,18.36,200,0.49,18.59,18.23,4759700,87550000.0,1.43,1.97,61.25,85.33,21.92,14.62,0.57
禾昌聚合,bj920089,18.44,18.39,18.44,969500.0,18.44,800,18.45,5000,0.27,18.76,18.4,969500,18058600.0,1.13,1.96,15.82,27.78,23.9,12.88,0.87
永臻股份,sh603381,22.92,22.65,22.76,5609200.0,22.91,25200,22.92,11700,1.19,23.44,22.75,5609200,129570000.0,3.95,3.05,32.58,54.38,24.92,20.39,0.88
坤泰股份,sz001260,21.05,20.79,20.97,1171600.0,21.05,1400,21.06,1400,1.25,21.28,20.84,1171600,24740000.0,1.02,2.12,24.21,24.21,22.87,18.71,0.67
正海生物,sz300653,19.76,19.45,19.79,1948800.0,19.75,3900,19.77,1000,1.59,20.04,19.54,1948800,38670000.0,1.08,2.57,35.57,35.57,23.34,15.56,0.99
中信博,sh688408,36.56,35.85,36.06,340542600.0,36.56,25500,36.58,3000,1.98,37.25,36.06,340542600,125550000.0,1.55,3.32,80.09,80.09,43.02,28.68,0.85
天德钰,sh688252,21.4,21.84,22.0,771802400.0,21.4,7700,21.41,18000,-2.01,22.1,21.29,771802400,166420000.0,1.89,3.71,87.53,87.53,26.21,17.47,1.59
中电港,sz001287,26.42,25.58,25.6,51739300.0,26.42,71500,26.43,61300,3.28,27.0,25.6,51739300,1371730000.0,6.81,5.47,200.77,200.77,28.14,23.02,1.69
星辉环材,sz300834,38.45,39.59,39.78,12685500.0,38.45,800,38.46,4900,-2.88,40.32,38.2,12685500,495730000.0,6.59,5.35,73.99,74.48,47.51,31.67,0.59
交控科技,sh688015,22.35,22.15,22.14,123827800.0,22.35,400,22.36,1200,0.9,22.58,22.14,123827800,27780000.0,0.66,1.99,42.17,42.17,26.58,17.72,0.8
上海亚虹,sh603159,26.23,26.06,26.28,1608900.0,26.23,600,26.24,2900,0.65,26.78,26.14,1608900,42640000.0,1.15,2.46,36.72,36.72,28.67,23.45,1.58
信音电子,sz301329,22.97,22.89,23.09,1774800.0,22.97,100,22.98,5600,0.35,23.25,22.88,1774800,40980000.0,2.96,1.62,13.77,39.09,27.47,18.31,0.83
振江股份,sh603507,47.24,46.21,46.22,17363900.0,47.24,1900,47.25,1700,2.23,48.04,45.98,17363900,822780000.0,9.55,4.46,85.87,87.06,50.83,41.59,1.31
鸿泉技术,sh688288,25.01,24.75,25.15,300169600.0,25.0,1400,25.01,23900,1.05,25.55,24.8,300169600,75500000.0,3.01,3.03,24.96,24.96,29.7,19.8,0.53
楚环科技,sz001336,26.0,25.96,26.16,1385000.0,26.0,300,26.02,1300,0.15,26.43,25.71,1385000,36250000.0,2.97,2.77,12.11,20.9,28.56,23.36,0.64
星网锐捷,sz002396,27.85,27.94,28.21,17603900.0,27.85,3000,27.87,4300,-0.32,28.53,27.83,17603900,494830000.0,3.02,2.51,162.44,163.12,30.73,25.15,1.13
蓝宇股份,sz301585,28.05,27.8,27.87,710900.0,28.05,1800,28.06,2200,0.9,28.27,27.83,710900,19970000.0,1.04,1.58,19.1,29.17,33.36,22.24,1.14
科伦药业,sz002422,34.0,34.13,34.15,25405100.0,33.99,27600,34.0,258300,-0.38,34.25,33.44,25405100,860320000.0,1.95,2.37,444.0,543.34,37.54,30.72,1.09
灿瑞科技,sh688061,31.32,31.1,31.48,98746300.0,31.32,400,31.36,2400,0.71,32.08,31.17,98746300,31210000.0,2.19,2.93,14.1,35.98,37.32,24.88,0.94
安旭生物,sh688075,38.7,38.62,38.82,45491800.0,38.7,63600,38.73,200,0.21,39.1,38.54,45491800,17640000.0,0.36,1.45,49.18,49.18,46.34,30.9,0.85
卓创资讯,sz301299,67.4,67.21,67.8,1952500.0,67.4,1200,67.46,1500,0.28,68.5,67.33,1952500,132430000.0,4.39,1.74,29.99,40.7,80.65,53.77,0.65
卓易信息,sh688258,112.3,111.31,111.0,347218000.0,112.2,500,112.3,200,0.89,115.28,110.83,347218000,390970000.0,2.87,4.0,136.04,136.04,133.57,89.05,0.9
汇顶科技,sh603160,68.63,68.46,68.55,6833400.0,68.63,17100,68.64,10800,0.25,69.88,68.55,6833400,472070000.0,1.47,1.94,319.66,319.66,75.31,61.61,1.28
山西汾酒,sh600809,138.88,139.31,139.37,7341600.0,138.82,100,138.88,600,-0.31,140.11,138.17,7341600,1020730000.0,0.6,1.39,1694.29,1694.29,153.24,125.38,1.59
药明康德,sh603259,106.33,106.19,106.0,32372300.0,106.32,7500,106.33,6000,0.13,107.66,105.51,32372300,3449850000.0,1.31,2.02,2629.84,3172.63,116.81,95.57,0.73
百利天恒,sh688506,303.78,308.2,311.51,223606300.0,303.2,200,303.78,100,-1.43,313.0,300.81,223606300,684270000.0,0.54,3.96,1254.23,1254.23,369.84,246.56,1.02
康乐卫士,bj920575,8.09,7.89,7.98,3571800.0,8.08,86800,8.09,47800,2.53,8.12,7.9,3571800,28727600.000000004,1.9,2.79,15.2,22.73,10.25,5.53,0.49
美邦科技,bj920471,12.54,12.36,12.36,1401500.0,12.5,5000,12.54,10300,1.46,12.82,12.36,1401500,17593200.0,2.64,3.72,6.65,10.43,16.06,8.66,0.8
生物谷,bj920266,8.08,7.97,8.05,1047600.0,8.08,2400,8.09,10000,1.38,8.19,7.98,1047600,8473500.0,0.88,2.63,9.57,10.02,10.36,5.58,0.57
佰维存储,sh688525,241.51,227.52,233.98,4254156300.0,241.5,48900,241.51,1500,6.15,248.0,233.12,4254156300,10211610000.0,9.04,6.54,1137.12,1137.12,273.02,182.02,1.41
哈铁科技,sh688459,9.23,9.17,9.22,152131300.0,9.21,9300,9.23,10500,0.65,9.29,9.17,152131300,14050000.0,0.87,1.31,16.21,44.3,11.0,7.34,0.68
洁特生物,sh688026,16.59,16.35,16.43,132019800.0,16.59,4600,16.6,9100,1.47,16.76,16.34,132019800,21910000.0,0.94,2.57,23.28,23.29,19.62,13.08,0.86
中微公司,sh688012,324.0,321.3,326.3,925707900.0,324.0,800,324.02,200,0.84,331.63,322.92,925707900,3024920000.0,1.48,2.71,2028.71,2028.71,385.56,257.04,0.94
确成股份,sh605183,19.14,18.88,19.23,1419700.0,19.14,300,19.15,7200,1.38,19.27,18.95,1419700,27210000.0,0.34,1.69,78.94,79.6,20.77,16.99,0.64
联德股份,sh605060,59.03,53.66,55.7,7029500.0,59.03,1636100,0.0,0,10.01,59.03,54.57,7029500,404230000.0,2.94,8.31,141.05,142.02,59.03,48.29,1.17
威奥股份,sh605001,7.49,7.35,7.41,3881800.0,7.49,500,7.5,30300,1.9,7.55,7.39,3881800,29060000.0,0.99,2.18,29.43,29.43,8.09,6.62,0.57
卫信康,sh603676,10.66,10.54,10.7,2545000.0,10.66,3400,10.68,10400,1.14,10.82,10.56,2545000,27250000.0,0.58,2.47,46.39,46.39,11.59,9.49,1.11
杭电股份,sh603618,24.12,26.36,26.63,94425900.0,24.12,11100,24.13,47200,-8.5,26.65,24.07,94425900,2342290000.0,13.66,9.79,166.76,166.76,29.0,23.72,1.03
天创时尚,sh603608,10.71,10.57,10.68,12691800.0,10.71,210600,10.72,15200,1.32,11.06,10.63,12691800,137330000.0,3.02,4.07,44.95,44.95,11.63,9.51,1.15
纵横通信,sh603602,13.17,13.11,13.3,3016400.0,13.17,4800,13.18,62500,0.46,13.32,13.1,3016400,39860000.0,1.31,1.68,30.43,30.43,14.42,11.8,0.83
广信股份,sh603599,14.85,14.7,14.77,9581000.0,14.84,8000,14.85,7500,1.02,15.07,14.63,9581000,142540000.0,1.05,2.99,135.17,135.17,16.17,13.23,0.68
高能环境,sh603588,16.61,18.45,18.21,153534900.0,0.0,0,16.61,14425800,-9.97,18.27,16.61,153534900,2626670000.0,10.08,9.0,253.01,253.01,20.3,16.61,1.39
三星新材,sh603578,12.58,12.5,12.63,3808300.0,12.57,13600,12.58,1600,0.64,12.86,12.5,3808300,48330000.0,2.11,2.88,22.69,29.44,13.75,11.25,1.24
惠达卫浴,sh603385,6.56,6.41,6.44,4444600.0,6.55,17000,6.56,4700,2.34,6.64,6.44,4444600,29240000.0,1.17,3.12,24.97,24.97,7.05,5.77,0.96
天洋新材,sh603330,6.82,6.78,6.81,4389600.0,6.81,36400,6.82,30600,0.59,6.89,6.78,4389600,30060000.0,1.01,1.62,29.51,29.51,7.46,6.1,0.84
泰瑞机器,sh603289,12.12,12.05,12.07,10744000.0,12.11,33900,12.12,5300,0.58,12.36,11.8,10744000,130310000.0,3.66,4.65,35.56,35.56,13.26,10.85,1.27
小方制药,sh603207,27.57,27.33,27.43,969800.0,27.56,1800,27.6,100,0.88,27.95,27.3,969800,26800000.0,1.78,2.38,15.0,44.34,30.06,24.6,0.94
和邦生物,sh603077,2.95,3.0,3.01,278904400.0,2.95,91100,2.96,3728500,-1.67,3.03,2.94,278904400,830070000.0,3.16,3.0,260.53,260.53,3.3,2.7,1.09
科林电气,sh603050,19.7,19.42,19.42,3086500.0,19.69,5200,19.7,17400,1.44,20.0,19.42,3086500,61060000.0,0.77,2.99,79.45,79.45,21.36,17.48,0.83
晶方科技,sh603005,28.0,27.89,28.21,24325000.0,27.99,20100,28.0,64000,0.39,28.63,27.99,24325000,686640000.0,3.73,2.29,182.61,182.61,30.68,25.1,0.98
中国出版,sh601949,6.38,6.31,6.34,8402100.0,6.37,39600,6.38,150300,1.11,6.5,6.31,8402100,53760000.0,0.44,3.01,121.47,121.47,6.94,5.68,0.93
浙商银行,sh601916,2.97,2.97,2.97,63674000.0,2.97,6120700,2.98,5736700,0.0,2.99,2.96,63674000,189490000.0,0.3,1.01,639.87,815.7,3.27,2.67,0.65
方正证券,sh601901,7.11,6.94,7.0,111057900.0,7.11,669400,7.12,130600,2.45,7.23,6.99,111057900,793210000.0,1.35,3.46,585.3,585.3,7.63,6.25,1.8
紫金银行,sh601860,2.68,2.67,2.68,32555100.0,2.68,2392300,2.69,1477900,0.37,2.71,2.68,32555100,87670000.0,0.92,1.12,95.18,98.11,2.94,2.4,0.82
光大银行,sh601818,3.19,3.19,3.2,107013200.0,3.19,23979600,3.2,14276500,0.0,3.21,3.19,107013200,342080000.0,0.23,0.63,1480.38,1884.83,3.51,2.87,0.7
新华文轩,sh601811,15.41,15.93,15.24,25468600.0,15.41,10700,15.42,800,-3.26,16.16,14.96,25468600,392660000.0,3.22,7.53,122.03,190.13,17.52,14.34,2.73
华峰铝业,sh601702,19.88,20.31,20.38,10192700.0,19.87,6300,19.88,26400,-2.12,20.42,19.81,10192700,203820000.0,1.02,3.0,198.51,198.51,22.34,18.28,1.0
平煤股份,sh601666,7.89,7.87,7.84,16889400.0,7.89,180600,7.9,77400,0.25,7.95,7.83,16889400,133450000.0,0.68,1.52,194.83,194.83,8.66,7.08,0.61
齐鲁银行,sh601665,5.8,5.82,5.84,39909700.0,5.8,207800,5.81,218500,-0.34,5.86,5.79,39909700,232460000.0,0.65,1.2,356.92,356.92,6.4,5.24,0.78
金田股份,sh601609,10.16,10.15,10.19,16938900.0,10.16,13000,10.17,62500,0.1,10.26,10.16,16938900,172800000.0,0.98,0.99,175.63,175.63,11.17,9.14,0.96
浙文影业,sh601599,3.78,3.78,3.8,18470500.0,3.78,195700,3.79,265200,0.0,3.85,3.77,18470500,70420000.0,1.59,2.12,43.87,43.87,4.16,3.4,0.86
林洋能源,sh601222,5.92,5.86,5.89,23116300.0,5.92,49200,5.93,56400,1.02,6.02,5.86,23116300,137410000.0,1.12,2.73,121.96,121.96,6.45,5.27,0.89
上海环境,sh601200,8.09,8.05,8.08,7813800.0,8.09,48900,8.1,8500,0.5,8.18,8.07,7813800,63490000.0,0.58,1.37,108.91,108.91,8.86,7.25,0.49
三角轮胎,sh601163,14.07,14.06,14.15,3226100.0,14.07,9800,14.08,3400,0.07,14.25,14.07,3226100,45650000.0,0.4,1.28,112.56,112.56,15.47,12.65,0.9
深圳燃气,sh601139,7.24,7.24,7.2,23225200.0,7.23,35700,7.24,114500,0.0,7.33,7.2,23225200,168640000.0,0.81,1.8,208.28,208.28,7.96,6.52,0.72
太平洋,sh601099,3.82,3.73,3.76,211039900.0,3.82,940200,3.83,2967100,2.41,3.93,3.76,211039900,814100000.0,3.1,4.56,260.38,260.38,4.1,3.36,2.43
宏盛华源,sh601096,5.72,5.73,5.8,24026100.0,5.72,137500,5.73,245200,-0.17,5.81,5.71,24026100,138240000.0,1.46,1.75,93.98,153.02,6.3,5.16,0.87
江盐集团,sh601065,8.33,8.26,8.26,4012000.0,8.33,18900,8.34,82500,0.85,8.36,8.26,4012000,33420000.0,0.96,1.21,34.67,53.54,9.09,7.43,0.73
宁波港,sh601018,3.9,3.92,3.93,32767200.0,3.9,434700,3.91,918500,-0.51,3.95,3.9,32767200,128520000.0,0.17,1.28,758.72,758.72,4.31,3.53,0.75
重庆钢铁,sh601005,1.41,1.4,1.4,58932800.0,1.41,318400,1.42,25347400,0.71,1.42,1.4,58932800,83130000.0,0.71,1.43,117.22,124.81,1.54,1.26,0.73
唐山港,sh601000,4.75,4.72,4.71,40001600.0,4.75,526100,4.76,18000,0.64,4.78,4.69,40001600,189730000.0,0.68,1.91,281.48,281.48,5.19,4.25,0.7
苏豪汇鸿,sh600981,3.03,3.03,3.06,14872600.0,3.03,792900,3.04,84100,0.0,3.09,3.03,14872600,45510000.0,0.66,1.98,67.95,67.95,3.33,2.73,0.71
维远股份,sh600955,17.92,18.0,18.23,6394100.0,17.91,15500,17.92,24800,-0.44,18.25,17.85,6394100,115190000.0,1.16,2.22,98.56,98.56,19.8,16.2,0.54
西安银行,sh600928,3.61,3.56,3.57,19491100.0,3.6,725200,3.61,72100,1.4,3.62,3.56,19491100,70250000.0,0.44,1.69,159.68,160.44,3.92,3.2,1.22
苏能股份,sh600925,4.56,4.54,4.55,9462500.0,4.55,321500,4.56,30900,0.44,4.59,4.53,9462500,43160000.0,0.59,1.32,73.24,314.13,4.99,4.09,0.82
杉杉股份,sh600884,14.81,14.0,14.02,154964500.0,14.81,62600,14.82,285500,5.79,15.09,14.02,154964500,2267850000.0,8.44,7.64,271.78,333.14,15.4,12.6,2.63
星湖科技,sh600866,6.97,7.01,7.02,25329500.0,6.97,72900,6.98,56800,-0.57,7.08,6.96,25329500,177540000.0,2.02,1.71,87.53,115.8,7.71,6.31,1.09
金开新能,sh600821,7.99,8.09,8.2,162826600.0,7.99,1130600,8.0,604200,-1.24,8.24,7.95,162826600,1308190000.0,8.28,3.58,157.19,157.19,8.9,7.28,0.7
轻纺城,sh600790,3.74,3.73,3.74,4330400.0,3.73,143500,3.74,25800,0.27,3.77,3.73,4330400,16230000.0,0.3,1.07,54.82,54.82,4.1,3.36,0.73
新钢股份,sh600782,3.58,3.56,3.57,37134800.0,3.58,496000,3.59,473200,0.56,3.63,3.56,37134800,133410000.0,1.18,1.97,112.61,113.99,3.92,3.2,0.87
西藏城投,sh600773,17.6,17.42,17.42,39374700.0,17.59,75700,17.6,15400,1.03,18.33,16.9,39374700,695900000.0,4.14,8.21,167.48,167.48,19.16,15.68,1.76
广誉远,sh600771,17.55,17.18,17.15,9616100.0,17.54,18600,17.55,9100,2.15,17.75,17.15,9616100,168700000.0,1.96,3.49,85.91,85.91,18.9,15.46,1.09
长江传媒,sh600757,9.22,9.1,9.11,7718500.0,9.21,7600,9.22,8900,1.32,9.32,9.09,7718500,71240000.0,0.64,2.53,111.88,111.9,10.01,8.19,0.91
华电能源,sh600726,4.75,4.8,4.8,124776200.0,4.74,609800,4.75,643600,-1.04,4.84,4.71,124776200,593990000.0,1.67,2.71,355.08,375.6,5.28,4.32,0.42
南京医药,sh600713,6.05,5.5,5.5,106659500.0,6.05,7247600,0.0,0,10.0,6.05,5.5,106659500,630070000.0,8.27,10.0,78.03,79.19,6.05,4.95,2.05
上海石化,sh600688,2.92,2.93,2.92,40561800.0,2.92,466200,2.93,768800,-0.34,2.96,2.91,40561800,118820000.0,0.55,1.71,214.0,307.84,3.22,2.64,0.7
光明乳业,sh600597,7.44,7.43,7.43,5235600.0,7.44,10100,7.45,58500,0.13,7.48,7.43,5235600,39050000.0,0.38,0.67,102.56,102.56,8.17,6.69,0.84
士兰微,sh600460,26.58,26.22,26.47,24271200.0,26.57,25000,26.58,20200,1.37,26.79,26.47,24271200,646790000.0,1.46,1.22,442.31,442.31,28.84,23.6,1.1
冠豪高新,sh600433,3.67,3.63,3.65,36574900.0,3.66,244000,3.67,125800,1.1,3.71,3.63,36574900,134270000.0,2.09,2.2,64.24,64.24,3.99,3.27,1.03
三友化工,sh600409,7.24,7.28,7.3,32883500.0,7.24,136400,7.25,14600,-0.55,7.37,7.2,32883500,239790000.0,1.59,2.34,149.46,149.46,8.01,6.55,0.89
盘江股份,sh600395,5.57,5.6,5.59,24458100.0,5.57,121900,5.58,8700,-0.54,5.66,5.54,24458100,137090000.0,1.14,2.14,119.57,119.57,6.16,5.04,0.78
浙江龙盛,sh600352,14.04,13.87,13.95,43523000.0,14.03,28600,14.04,130200,1.23,14.27,13.71,43523000,611110000.0,1.34,4.04,456.77,456.77,15.26,12.48,0.96
美克家居,sh600337,2.93,2.86,2.86,219224200.0,2.93,29600,2.94,498600,2.45,3.15,2.82,219224200,659920000.0,15.26,11.54,42.1,42.1,3.15,2.57,4.37
广西能源,sh600310,4.36,4.4,4.41,98730100.0,4.35,1630900,4.36,650400,-0.91,4.47,4.35,98730100,433360000.0,6.74,2.73,63.9,63.9,4.84,3.96,0.5
华泰股份,sh600308,3.92,3.88,3.9,12068800.0,3.91,303100,3.92,60500,1.03,3.97,3.9,12068800,47510000.0,0.8,1.8,59.46,59.46,4.27,3.49,0.83
酒钢宏兴,sh600307,1.86,1.89,1.89,87291200.0,1.85,8667100,1.86,431700,-1.59,1.9,1.85,87291200,163650000.0,1.39,2.65,116.5,116.5,2.08,1.7,0.73
维维股份,sh600300,3.43,3.39,3.41,24499200.0,3.42,97400,3.43,78000,1.18,3.46,3.39,24499200,84150000.0,1.51,2.06,55.47,55.47,3.73,3.05,0.76
钱江水利,sh600283,9.11,9.04,9.07,2493600.0,9.1,19100,9.11,2800,0.77,9.12,9.05,2493600,22690000.0,0.46,0.77,49.57,51.09,9.94,8.14,0.6
阳光照明,sh600261,3.74,3.71,3.71,15414700.0,3.74,76400,3.75,306700,0.81,3.77,3.69,15414700,57670000.0,1.15,2.16,49.93,49.93,4.08,3.34,0.94
民丰特纸,sh600235,6.88,6.75,6.79,6891400.0,6.87,2900,6.88,37000,1.93,6.95,6.72,6891400,47240000.0,1.96,3.41,24.17,24.17,7.43,6.08,0.93
浙江医药,sh600216,15.97,16.16,16.14,25837700.0,15.97,63200,15.98,81800,-1.18,16.22,15.81,25837700,412690000.0,2.72,2.54,151.94,153.57,17.78,14.54,0.86
雅戈尔,sh600177,7.33,7.4,7.42,18621200.0,7.33,46800,7.34,124300,-0.95,7.44,7.32,18621200,137380000.0,0.4,1.62,338.9,338.9,8.14,6.66,0.88
国投资本,sh600061,6.92,6.77,6.85,55862800.0,6.92,293400,6.93,58900,2.22,7.06,6.83,55862800,389210000.0,0.87,3.4,442.46,442.46,7.45,6.09,1.96
楚天高速,sh600035,3.81,3.8,3.81,6305300.0,3.81,14500,3.82,304800,0.26,3.84,3.8,6305300,24070000.0,0.39,1.05,61.35,61.35,4.18,3.42,0.64
浙江新能,sh600032,8.9,8.95,8.96,35811100.0,8.89,437100,8.9,19000,-0.56,9.0,8.87,35811100,319800000.0,1.49,1.45,214.02,214.02,9.85,8.06,0.62
山东钢铁,sh600022,1.54,1.53,1.53,95407300.0,1.53,14614600,1.54,3869700,0.65,1.55,1.53,95407300,146880000.0,0.89,1.31,164.76,164.76,1.68,1.38,0.84
上港集团,sh600018,5.0,5.01,5.01,33885900.0,5.0,3427200,5.01,152100,-0.2,5.03,5.0,33885900,169830000.0,0.15,0.6,1162.34,1164.0,5.51,4.51,0.77
首创环保,sh600008,3.13,3.13,3.14,65484200.0,3.12,1307400,3.13,2249100,0.0,3.16,3.12,65484200,205780000.0,0.89,1.28,229.76,229.76,3.44,2.82,0.85
民生健康,sz301507,14.21,14.03,14.13,2992200.0,14.21,95100,14.22,8000,1.28,14.34,14.03,2992200,42530000.0,2.72,2.21,15.66,50.67,16.84,11.22,0.71
泓淋电力,sz301439,15.84,15.63,15.73,3896800.0,15.83,45100,15.84,900,1.34,16.12,15.63,3896800,62090000.0,2.13,3.13,29.03,61.63,18.76,12.5,1.0
荣旗科技,sz301360,70.75,69.95,70.5,799300.0,70.75,4800,70.76,200,1.14,71.5,70.03,799300,56690000.0,3.14,2.1,18.01,37.74,83.94,55.96,0.94
明阳电气,sz301291,52.56,52.88,53.81,7879600.0,52.55,200,52.56,200,-0.61,54.59,52.54,7879600,421000000.0,4.87,3.88,84.96,164.09,63.46,42.3,1.06
万凯新材,sz301216,27.05,27.67,27.44,17359400.0,27.04,1000,27.05,42900,-2.24,27.63,26.5,17359400,468520000.0,3.17,4.08,148.32,156.94,33.2,22.14,0.89
观想科技,sz301213,68.37,68.1,68.49,1161600.0,68.37,1400,68.38,800,0.4,69.42,68.26,1161600,79890000.0,2.25,1.7,35.35,54.7,81.72,54.48,1.06
联检科技,sz301115,20.96,21.04,21.39,2076900.0,20.96,100,20.97,12400,-0.38,21.39,20.85,2076900,43670000.0,1.34,2.57,32.44,38.47,25.25,16.83,0.57
华润材料,sz301090,7.87,7.85,7.85,9425900.0,7.87,32000,7.88,188700,0.25,7.99,7.83,9425900,74520000.0,0.64,2.04,115.76,115.88,9.42,6.28,0.77
上海艾录,sz301062,8.3,8.06,8.11,6020000.0,8.29,1200,8.3,117000,2.98,8.37,8.11,6020000,49850000.0,1.92,3.23,26.0,35.96,9.67,6.45,0.86
兰卫医学,sz301060,9.94,9.84,9.92,4617700.0,9.94,16200,9.95,13100,1.02,10.09,9.86,4617700,46090000.0,1.28,2.34,35.8,39.81,11.81,7.87,0.79
保立佳,sz301037,14.71,14.56,14.65,1656500.0,14.67,700,14.71,4600,1.03,15.0,14.5,1656500,24390000.0,2.44,3.43,10.0,20.45,17.47,11.65,0.75
读客文化,sz301025,10.93,10.82,10.92,4859900.0,10.92,4000,10.93,14800,1.02,11.13,10.81,4859900,53290000.0,1.75,2.96,30.29,43.75,12.98,8.66,0.74
利安科技,sz300784,49.48,48.93,49.6,587000.0,49.4,3800,49.48,3500,1.12,50.29,49.4,587000,29240000.0,3.47,1.82,8.38,27.83,58.72,39.14,0.88
华宝股份,sz300741,16.57,16.88,16.88,3429100.0,16.57,13000,16.58,1900,-1.84,16.99,16.51,3429100,57370000.0,0.56,2.84,102.05,102.05,20.26,13.5,0.93
新余国科,sz300722,30.42,30.16,30.23,3084900.0,30.41,300,30.42,600,0.86,30.78,30.23,3084900,94300000.0,1.11,1.82,84.19,84.19,36.19,24.13,0.89
大烨智能,sz300670,6.33,6.25,6.35,6403900.0,6.33,6300,6.34,9600,1.28,6.43,6.26,6403900,40690000.0,2.85,2.72,14.22,20.06,7.5,5.0,0.72
欧普康视,sz300595,14.22,14.04,14.15,6113000.0,14.21,12300,14.22,58700,1.28,14.37,14.12,6113000,87090000.0,0.91,1.78,95.06,127.31,16.85,11.23,0.87
奥联电子,sz300585,16.08,16.01,16.06,5585400.0,16.08,6700,16.1,1200,0.44,16.54,15.93,5585400,90810000.0,3.26,3.81,27.51,27.51,19.21,12.81,1.21
达威股份,sz300535,19.4,19.3,19.54,1771500.0,19.39,600,19.4,1900,0.52,19.71,19.31,1771500,34530000.0,2.18,2.07,15.75,20.76,23.16,15.44,0.64
东杰智能,sz300486,24.89,24.51,24.8,12877600.0,24.88,3600,24.89,24400,1.55,25.3,24.63,12877600,321700000.0,2.7,2.73,118.73,118.76,29.41,19.61,0.89
东通退,sz300379,1.72,1.72,0.0,0.0,0.0,0,0.0,0,0.0,0.0,0.0,0,0.0,0.0,0.0,9.06,9.6,-1.0,-1.0,0.0
百纳千成,sz300291,6.72,6.71,6.8,14783700.0,6.71,24100,6.72,2000,0.15,6.82,6.68,14783700,99770000.0,1.59,2.09,62.55,63.29,8.05,5.37,0.91
新天科技,sz300259,4.63,4.57,4.61,17741800.0,4.63,284900,4.64,116100,1.31,4.69,4.59,17741800,82350000.0,1.52,2.19,54.15,54.16,5.48,3.66,0.76
东方电热,sz300217,5.15,5.1,5.13,29371700.0,5.15,151300,5.16,783000,0.98,5.24,5.13,29371700,152440000.0,2.39,2.16,63.19,76.12,6.12,4.08,1.1
长荣股份,sz300195,7.64,7.53,7.57,7477000.0,7.64,7400,7.65,72300,1.46,7.75,7.57,7477000,57530000.0,2.38,2.39,23.98,32.37,9.04,6.02,0.74
通裕重工,sz300185,3.18,3.22,3.25,144133100.0,3.18,2972600,3.19,1056000,-1.24,3.27,3.18,144133100,464280000.0,3.75,2.8,122.3,128.35,3.86,2.58,0.81
捷成股份,sz300182,5.92,5.86,5.93,140018800.0,5.92,151700,5.93,411000,1.02,6.02,5.86,140018800,833530000.0,6.2,2.73,133.73,157.7,7.03,4.69,1.13
*ST新研,sz300159,3.1,3.06,3.1,20494900.0,3.1,87600,3.11,898600,1.31,3.13,3.07,20494900,63590000.0,1.12,1.96,56.79,102.0,3.67,2.45,1.55
银河磁体,sz300127,30.04,30.09,30.13,5804300.0,30.04,17000,30.05,41600,-0.17,30.43,29.95,5804300,175050000.0,2.51,1.6,69.34,97.07,36.11,24.07,1.1
易成新能,sz300080,4.64,4.57,4.61,31518300.0,4.63,441000,4.64,225700,1.53,4.74,4.59,31518300,147070000.0,1.68,3.28,86.81,86.92,5.48,3.66,0.78
三川智慧,sz300066,6.48,6.48,6.48,22337700.0,6.48,119400,6.49,350000,0.0,6.57,6.46,22337700,145520000.0,2.22,1.7,65.18,67.39,7.78,5.18,1.07
华谊兄弟,sz300027,1.58,1.52,1.53,120711800.0,1.58,1379200,1.59,2205800,3.95,1.63,1.53,120711800,191030000.0,4.86,6.58,39.26,43.84,1.82,1.22,1.42
北陆药业,sz300016,10.18,10.12,10.14,26463600.0,10.18,131100,10.19,28600,0.59,10.34,9.94,26463600,269410000.0,4.71,3.95,57.22,57.3,12.14,8.1,0.88
日久光电,sz003015,14.99,14.89,14.95,5236600.0,14.98,47400,14.99,48400,0.67,15.14,14.95,5236600,78740000.0,2.12,1.28,37.07,42.13,16.38,13.4,0.85
郑州银行,sz002936,1.82,1.81,1.82,53528600.0,1.81,17606100,1.82,9743900,0.55,1.83,1.81,53528600,97480000.0,0.76,1.1,127.93,165.48,1.99,1.63,0.68
锋龙股份,sz002931,68.27,68.74,69.0,7448100.0,68.27,41400,68.28,8300,-0.68,70.68,68.25,7448100,515770000.0,3.7,3.54,137.4,149.17,75.61,61.87,0.81
联诚精密,sz002921,27.47,26.33,26.99,6973700.0,27.46,9100,27.47,52400,4.33,27.88,26.37,6973700,191040000.0,6.13,5.73,31.27,40.92,28.96,23.7,1.15
同兴达,sz002845,13.91,13.82,14.02,4730200.0,13.91,23500,13.92,20300,0.65,14.1,13.91,4730200,66260000.0,1.89,1.37,34.81,45.56,15.2,12.44,0.92
张家港行,sz002839,4.49,4.48,4.49,19455200.0,4.49,866600,4.5,238100,0.22,4.52,4.48,19455200,87520000.0,0.8,0.89,109.65,109.75,4.93,4.03,0.75
第一创业,sz002797,7.81,7.65,7.81,402035800.0,7.81,298700,7.82,845200,2.09,8.15,7.76,402035800,3183250000.0,9.57,5.1,328.21,328.21,8.42,6.89,1.96
新宝股份,sz002705,15.38,14.93,14.96,25736800.0,15.37,40500,15.38,22100,3.01,15.59,14.93,25736800,394770000.0,3.18,4.42,124.29,124.87,16.42,13.44,1.51
*ST双成,sz002693,7.99,8.02,8.1,5214500.0,7.99,95100,8.0,22600,-0.37,8.13,7.98,5214500,41960000.0,1.27,1.87,32.84,33.13,8.42,7.62,0.75
卫星化学,sz002648,28.83,28.84,28.65,39872000.0,28.83,37000,28.84,28300,-0.03,29.28,28.35,39872000,1151780000.0,1.18,3.22,970.56,971.18,31.72,25.96,0.73
华宏科技,sz002645,21.72,21.29,21.13,81567500.0,21.72,39500,21.73,4400,2.02,22.29,20.71,81567500,1776050000.0,14.59,7.42,121.4,136.31,23.42,19.16,1.58
赞宇科技,sz002637,12.16,12.0,12.15,15569500.0,12.15,22600,12.16,4500,1.33,12.29,12.0,15569500,189610000.0,3.52,2.42,53.84,57.2,13.2,10.8,0.93
ST瑞和,sz002620,9.77,9.92,9.99,39059500.0,9.77,20800,9.78,18300,-1.51,10.02,9.53,39059500,381470000.0,12.39,4.94,30.81,36.88,10.42,9.42,1.03
奥佳华,sz002614,6.32,6.21,6.26,7651100.0,6.31,68300,6.32,73600,1.77,6.37,6.26,7651100,48370000.0,1.73,1.77,27.89,39.42,6.83,5.59,1.1
ST章鼓,sz002598,8.06,7.93,7.93,53028800.0,8.06,151700,8.07,32900,1.64,8.19,7.82,53028800,421590000.0,18.51,4.67,23.09,25.15,8.33,7.53,6.14
益盛药业,sz002566,7.95,7.86,7.89,6255200.0,7.95,2700,7.96,3700,1.15,8.08,7.83,6255200,49940000.0,2.7,3.18,18.43,26.31,8.65,7.07,0.8
千红制药,sz002550,7.92,7.58,7.58,51497000.0,7.91,61700,7.92,24300,4.49,8.09,7.51,51497000,404010000.0,5.47,7.65,74.55,101.36,8.34,6.82,1.26
齐峰新材,sz002521,8.28,8.19,8.22,4235400.0,8.28,25200,8.29,1000,1.1,8.36,8.16,4235400,35050000.0,1.01,2.44,34.64,46.37,9.01,7.37,0.75
华斯股份,sz002494,5.21,5.17,5.22,11452500.0,5.2,40500,5.21,60300,0.77,5.26,5.13,11452500,59650000.0,3.99,2.51,14.94,19.66,5.69,4.65,0.75
富春环保,sz002479,5.83,5.76,5.83,40990100.0,5.82,172900,5.83,41200,1.22,5.92,5.76,40990100,239670000.0,4.75,2.78,50.32,50.43,6.34,5.18,0.85
青龙管业,sz002457,11.03,10.87,10.99,10577700.0,11.03,6500,11.04,105800,1.47,11.25,10.98,10577700,117210000.0,3.17,2.48,36.77,36.78,11.96,9.78,1.53
长高电新,sz002452,10.44,10.35,10.47,13366200.0,10.43,14600,10.44,17400,0.87,10.59,10.41,13366200,140250000.0,2.59,1.74,53.86,64.76,11.39,9.32,0.79
闰土股份,sz002440,12.25,12.09,12.09,52728700.0,12.25,32400,12.26,16600,1.32,12.84,11.95,52728700,653740000.0,5.57,7.36,115.93,137.69,13.3,10.88,1.68
毅昌科技,sz002420,7.68,7.53,7.64,14407600.0,7.67,16200,7.68,14300,1.99,7.82,7.59,14407600,111630000.0,3.61,3.05,30.69,31.59,8.28,6.78,1.67
西部建设,sz002302,5.73,5.73,5.77,8404200.0,5.73,97700,5.74,172000,0.0,5.82,5.73,8404200,48470000.0,0.67,1.57,72.33,72.33,6.3,5.16,0.69
浙富控股,sz002266,4.25,4.17,4.21,57952700.0,4.24,1014700,4.25,342800,1.92,4.29,4.21,57952700,247140000.0,1.18,1.92,208.11,221.82,4.59,3.75,1.22
嘉应制药,sz002198,7.83,7.88,7.89,15019200.0,7.82,282000,7.83,42800,-0.63,8.05,7.82,15019200,118670000.0,2.96,2.92,39.74,39.74,8.67,7.09,0.95
证通电子,sz002197,7.6,7.66,7.73,15873200.0,7.59,21300,7.6,9400,-0.78,7.79,7.6,15873200,122200000.0,2.97,2.48,40.58,46.69,8.43,6.89,0.96
莱茵生物,sz002166,9.13,9.12,9.14,11650700.0,9.13,15400,9.14,10500,0.11,9.26,9.1,11650700,107040000.0,1.58,1.75,67.43,67.71,10.03,8.21,0.78
广电运通,sz002152,11.86,11.62,11.7,28218800.0,11.86,104400,11.87,14400,2.07,11.95,11.7,28218800,333980000.0,1.14,2.15,294.38,294.53,12.78,10.46,1.33
ST汇洲,sz002122,2.92,2.91,2.92,11970700.0,2.92,71600,2.93,1498900,0.34,2.95,2.91,11970700,35050000.0,0.6,1.37,58.06,58.44,3.06,2.76,0.8
三钢闽光,sz002110,3.84,3.83,3.85,15163800.0,3.84,224300,3.85,134500,0.26,3.9,3.84,15163800,58610000.0,0.62,1.57,93.28,93.28,4.21,3.45,0.92
中泰化学,sz002092,6.67,6.75,6.67,61316300.0,6.66,1144300,6.67,75200,-1.19,6.73,6.53,61316300,407980000.0,2.38,2.96,171.79,172.75,7.43,6.08,0.67
横店东磁,sz002056,18.77,18.47,18.59,34431900.0,18.76,66800,18.77,13700,1.62,19.07,18.59,34431900,648230000.0,2.12,2.6,305.02,305.33,20.32,16.62,1.18
兔 宝 宝,sz002043,14.03,13.79,13.84,9766300.0,14.02,1000,14.03,12400,1.74,14.18,13.67,9766300,136900000.0,1.33,3.7,103.27,116.41,15.17,12.41,0.67
联创电子,sz002036,9.24,9.17,9.27,24310700.0,9.24,39300,9.25,21700,0.76,9.38,9.2,24310700,225670000.0,2.3,1.96,97.53,97.72,10.09,8.25,0.92
京新药业,sz002020,15.91,15.98,16.03,12272900.0,15.91,12300,15.92,5000,-0.44,16.26,15.86,12272900,196640000.0,1.7,2.5,115.18,136.99,17.58,14.38,0.82
立新能源,sz001258,8.42,8.48,8.52,20992200.0,8.42,4800,8.43,129700,-0.71,8.54,8.41,20992200,177630000.0,2.25,1.53,78.59,78.59,9.33,7.63,0.69
弘业期货,sz001236,9.3,9.1,9.18,14644300.0,9.3,113800,9.31,16600,2.2,9.52,9.13,14644300,137000000.0,1.93,4.29,70.5,93.72,10.01,8.19,1.24
兰州银行,sz001227,2.23,2.23,2.23,48123500.0,2.23,10502500,2.24,1513300,0.0,2.25,2.22,48123500,107670000.0,1.14,1.35,94.05,127.01,2.45,2.01,0.87
*ST数源,sz000909,6.69,6.44,6.64,11170000.0,6.69,257600,6.7,45000,3.88,6.76,6.52,11170000,74810000.0,2.55,3.73,29.28,29.28,6.76,6.12,2.27
现代投资,sz000900,4.07,4.05,4.05,10235700.0,4.06,195400,4.07,340800,0.49,4.1,4.05,10235700,41720000.0,0.67,1.23,61.77,61.78,4.46,3.65,0.55
电投绿能,sz000875,6.44,6.41,6.42,35450800.0,6.43,195100,6.44,31000,0.47,6.5,6.41,35450800,228480000.0,1.06,1.4,215.25,233.6,7.05,5.77,0.64
国安股份,sz000839,3.2,3.21,3.25,61112200.0,3.19,660400,3.2,458000,-0.31,3.27,3.19,61112200,196740000.0,1.56,2.49,125.43,125.43,3.53,2.89,0.72
超声电子,sz000823,14.61,14.43,14.56,30984400.0,14.61,23800,14.62,37000,1.25,14.76,14.36,30984400,450890000.0,5.77,2.77,78.45,78.46,15.87,12.99,1.26
冰轮环境,sz000811,18.66,18.72,18.99,23431900.0,18.65,60800,18.66,10400,-0.32,19.25,18.61,23431900,443740000.0,2.39,3.42,182.57,185.2,20.59,16.85,1.07
中国武夷,sz000797,2.82,2.78,2.8,21342800.0,2.81,406800,2.82,188500,1.44,2.84,2.8,21342800,60160000.0,1.36,1.44,44.29,44.3,3.06,2.5,0.74
英洛华,sz000795,9.41,9.6,9.6,47427900.0,9.41,44000,9.42,90600,-1.98,9.67,9.36,47427900,447310000.0,4.18,3.23,106.68,106.68,10.56,8.64,2.3
国海证券,sz000750,3.86,3.8,3.84,87524900.0,3.86,612600,3.87,775500,1.58,3.95,3.83,87524900,341690000.0,1.51,3.16,223.73,246.51,4.18,3.42,2.16
湖南发展,sz000722,12.99,12.66,13.23,36466100.0,12.98,139700,12.99,16200,2.61,13.3,12.95,36466100,476490000.0,7.86,2.76,60.29,60.29,13.93,11.39,1.07
双环科技,sz000707,5.96,5.95,5.95,11593000.0,5.96,9500,5.97,89000,0.17,6.01,5.88,11593000,69140000.0,2.11,2.18,32.82,34.85,6.55,5.36,0.68
ST沈化,sz000698,3.8,3.8,3.83,4251600.0,3.8,20500,3.81,117200,0.0,3.85,3.79,4251600,16230000.0,0.54,1.58,29.86,31.14,3.99,3.61,0.69
*ST金科,sz000656,1.38,1.37,1.38,41263700.0,1.37,9415600,1.38,1130500,0.73,1.39,1.37,41263700,56900000.0,0.54,1.46,105.02,146.75,1.44,1.3,1.0
顺发恒能,sz000631,3.31,3.32,3.33,34089000.0,3.3,159200,3.31,271000,-0.3,3.35,3.28,34089000,113250000.0,1.48,2.11,76.13,76.13,3.65,2.99,0.54
陕国投Ａ,sz000563,3.41,3.37,3.39,60424500.0,3.41,869500,3.42,710100,1.19,3.47,3.39,60424500,207410000.0,1.18,2.37,174.39,174.39,3.71,3.03,1.45
西部创业,sz000557,4.75,4.69,4.73,8741700.0,4.74,164700,4.75,24800,1.28,4.82,4.7,8741700,41660000.0,0.6,2.56,69.25,69.27,5.16,4.22,1.08
新金路,sz000510,14.66,15.36,15.36,49371700.0,14.66,28000,14.67,4800,-4.56,15.75,14.62,49371700,746810000.0,8.14,7.36,88.94,95.08,16.9,13.82,1.14
申万宏源,sz000166,4.72,4.64,4.67,145305100.0,4.72,360800,4.73,375400,1.72,4.8,4.67,145305100,690440000.0,0.64,2.8,1063.68,1181.89,5.1,4.18,2.07
中集集团,sz000039,11.91,11.57,11.58,59850500.0,11.9,96700,11.91,11100,2.94,12.2,11.57,59850500,717220000.0,2.6,5.45,274.1,642.25,12.73,10.41,1.11
南  玻Ａ,sz000012,4.49,4.43,4.45,17742200.0,4.49,174500,4.5,180500,1.35,4.53,4.44,17742200,79820000.0,0.91,2.03,87.97,136.61,4.87,3.99,0.99
深振业Ａ,sz000006,8.68,8.52,8.54,19262700.0,8.67,128100,8.68,42600,1.88,8.9,8.54,19262700,168800000.0,1.43,4.23,117.18,117.18,9.37,7.67,0.65
思特威-W,sh688213,93.95,93.75,94.91,731915200.0,93.94,10700,93.95,12300,0.21,95.88,93.88,731915200,693900000.0,2.26,2.13,303.94,377.97,112.5,75.0,0.65
键凯科技,sh688356,99.3,97.19,97.19,88630500.0,99.21,2000,99.3,10700,2.17,100.46,97.05,88630500,87770000.0,1.46,3.51,60.23,60.23,116.63,77.75,1.0
贵州茅台,sh600519,1453.96,1460.49,1459.14,2886600.0,1453.8,200,1453.96,500,-0.45,1459.71,1441.1,2886600,4187180000.0,0.23,1.27,18207.51,18207.51,1606.54,1314.44,1.2
润和软件,sz300339,40.28,39.9,40.2,17857700.0,40.27,7700,40.28,27800,0.95,40.91,40.2,17857700,724250000.0,2.3,1.78,313.25,320.79,47.88,31.92,1.01
恒铭达,sz002947,67.38,65.34,68.8,32395600.0,67.38,100,67.39,6400,3.12,68.9,66.01,32395600,2171490000.0,16.82,4.42,129.8,172.63,71.87,58.81,2.06
新强联,sz300850,41.99,40.92,41.36,17533900.0,41.98,17600,41.99,2100,2.61,42.38,41.3,17533900,735930000.0,5.83,2.64,126.3,173.87,49.1,32.74,0.97
翱捷科技-U,sh688220,72.82,72.2,72.95,660465000.0,72.81,13200,72.82,1200,0.86,75.3,72.8,660465000,486720000.0,1.79,3.46,268.81,304.61,86.64,57.76,1.09
瑞松科技,sh688090,63.3,62.16,62.75,454880700.0,63.26,400,63.3,1400,1.83,65.0,61.6,454880700,287020000.0,3.73,5.47,77.29,77.46,74.59,49.73,0.58
科力装备,sz301552,41.73,43.11,42.68,3814400.0,41.72,600,41.73,700,-3.2,42.68,41.73,3814400,160750000.0,16.03,2.2,9.93,39.73,51.73,34.49,1.16
五 粮 液,sz000858,102.07,102.6,102.61,12242400.0,102.07,2600,102.08,2000,-0.52,102.95,102.0,12242400,1253630000.0,0.32,0.93,3961.79,3961.96,112.86,92.34,1.19
安图生物,sh603658,34.53,34.42,34.5,1979100.0,34.53,900,34.55,1200,0.32,35.06,34.37,1979100,68640000.0,0.35,2.0,197.31,197.31,37.86,30.98,0.87
朗特智能,sz300916,30.78,30.72,30.8,2251700.0,30.77,500,30.79,11000,0.2,31.15,30.54,2251700,69580000.0,2.41,1.99,28.76,44.52,36.86,24.58,1.09
万里石,sz002785,39.8,39.81,40.21,4801200.0,39.75,100,39.8,14700,-0.03,40.6,39.65,4801200,191940000.0,2.48,2.39,77.01,90.19,43.79,35.83,0.96
钧崴电子,sz301458,34.63,34.88,35.15,4141200.0,34.63,4200,34.64,4200,-0.72,35.34,34.61,4141200,144810000.0,3.52,2.09,40.68,92.35,41.86,27.9,1.12
汇通能源,sh600605,27.49,26.9,26.89,2696300.0,27.49,18000,27.5,2300,2.19,28.23,26.89,2696300,74830000.0,1.31,4.98,56.71,56.71,29.59,24.21,1.3
国芯科技,sh688262,34.1,33.9,34.5,741303300.0,34.09,2200,34.1,33800,0.59,34.85,34.01,741303300,254740000.0,2.21,2.48,114.58,114.58,40.68,27.12,0.88
海尔智家,sh600690,20.88,20.75,20.79,46031500.0,20.88,8300,20.89,35900,0.63,20.99,20.75,46031500,962520000.0,0.74,1.16,1305.63,1958.05,22.83,18.68,0.85
瑞达期货,sz002961,22.48,21.93,22.21,13588500.0,22.47,9300,22.48,20900,2.51,23.2,22.18,13588500,307930000.0,2.85,4.65,107.21,107.21,24.12,19.74,1.76
有研粉材,sh688456,55.72,56.06,56.88,218181500.0,55.72,1800,55.74,200,-0.61,57.5,55.6,218181500,122980000.0,2.1,3.39,57.76,57.76,67.27,44.85,0.82
中国海防,sh600764,24.04,23.76,23.8,3912000.0,24.04,22400,24.05,5000,1.18,24.19,23.8,3912000,94210000.0,0.55,1.64,170.84,170.84,26.14,21.38,1.1
伟明环保,sh603568,25.7,25.53,25.68,4639800.0,25.69,1800,25.7,7800,0.67,25.95,25.51,4639800,119250000.0,0.27,1.72,438.71,439.5,28.08,22.98,0.93
键邦股份,sh603285,31.65,30.38,30.37,4608600.0,31.63,400,31.65,2300,4.18,32.1,30.37,4608600,145520000.0,7.4,5.69,19.72,50.64,33.42,27.34,2.01
皖仪科技,sh688600,24.99,24.77,25.25,151001600.0,24.98,600,24.99,6800,0.89,25.3,24.83,151001600,37890000.0,1.12,1.9,33.66,33.66,29.72,19.82,1.15
福立旺,sh688678,26.25,26.75,27.05,2423885700.0,26.25,9300,26.28,4000,-1.87,27.3,25.8,2423885700,645860000.0,8.42,5.61,75.58,75.58,32.1,21.4,2.12
新亚电子,sh605277,23.9,23.87,23.86,8676100.0,23.9,39000,23.92,12600,0.13,24.25,23.7,8676100,208700000.0,2.73,2.3,76.03,77.43,26.26,21.48,1.4
义翘神州,sz301047,73.79,73.09,73.2,959400.0,73.79,3300,73.83,100,0.96,74.49,72.9,959400,70810000.0,0.8,2.18,88.24,89.76,87.71,58.47,0.9
开普检测,sz003008,23.71,22.68,23.25,4007600.0,23.68,1500,23.71,1800,4.54,24.29,23.21,4007600,94760000.0,5.16,4.76,18.43,24.66,24.95,20.41,2.42
西藏药业,sh600211,42.26,42.18,42.18,2677400.0,42.25,2300,42.26,3400,0.19,42.77,42.01,2677400,113430000.0,0.83,1.8,136.21,136.21,46.4,37.96,0.72
善水科技,sz301190,22.67,22.5,22.63,1686400.0,22.65,3200,22.67,3000,0.76,23.13,22.62,1686400,38550000.0,1.06,2.27,36.13,48.66,27.0,18.0,0.9
宇环数控,sz002903,30.09,29.93,29.96,9922600.0,30.09,35700,30.1,8000,0.53,30.48,29.56,9922600,298840000.0,9.3,3.07,32.09,47.15,32.92,26.94,0.76
杰恩设计,sz300668,50.98,47.93,48.88,9187800.0,50.91,200,50.98,10400,6.36,54.0,47.22,9187800,458210000.0,9.22,14.15,50.82,61.37,57.52,38.34,1.1
太辰光,sz300570,127.15,128.29,129.0,33728100.0,127.14,1800,127.15,8100,-0.89,129.35,124.6,33728100,4281330000.0,17.55,3.7,244.37,288.79,153.95,102.63,1.31
江龙船艇,sz300589,16.03,15.87,15.98,14682600.0,16.02,47000,16.03,39000,1.01,16.4,15.98,14682600,237660000.0,6.34,2.65,37.13,60.54,19.04,12.7,1.12
伟创电气,sh688698,68.69,67.1,68.54,446053400.0,68.69,6300,68.7,1000,2.37,70.9,67.8,446053400,309420000.0,2.08,4.62,147.01,147.01,80.52,53.68,1.1
美芯晟,sh688458,34.7,34.31,34.72,161654300.0,34.7,1500,34.73,3200,1.14,35.2,34.45,161654300,56420000.0,1.9,2.19,29.52,38.7,41.17,27.45,1.1
人民网,sh603000,19.73,19.66,19.91,16889800.0,19.73,36600,19.74,7900,0.36,20.08,19.7,16889800,335580000.0,1.53,1.93,218.15,218.15,21.63,17.69,0.84
激智科技,sz300566,18.41,18.32,18.38,3382200.0,18.41,10700,18.42,68400,0.49,18.66,18.38,3382200,62630000.0,1.49,1.53,41.73,48.25,21.98,14.66,0.85
上海医药,sh601607,17.16,17.09,17.15,10479600.0,17.15,14000,17.16,17600,0.41,17.25,17.03,10479600,179800000.0,0.38,1.29,478.63,636.35,18.8,15.38,0.69
重庆啤酒,sh600132,55.07,55.61,55.98,4494900.0,55.07,100,55.09,500,-0.97,55.99,54.92,4494900,249130000.0,0.93,1.92,266.52,266.52,61.17,50.05,1.04
宏力达,sh688330,50.52,50.19,50.5,306104400.0,50.51,2400,50.52,6900,0.66,51.51,50.02,306104400,154990000.0,2.19,2.97,70.73,70.73,60.23,40.15,1.17
丽珠集团,sz000513,34.39,34.27,34.37,4869600.0,34.38,3500,34.39,5000,0.35,34.77,34.25,4869600,167840000.0,0.86,1.52,195.38,305.35,37.7,30.84,0.83
华绿生物,sz300970,28.97,29.3,29.47,10254500.0,28.97,300,28.99,2700,-1.13,30.01,28.0,10254500,296740000.0,10.78,6.86,27.56,35.52,35.16,23.44,0.81
明志科技,sh688355,22.78,22.72,22.63,264220900.0,22.76,2100,22.78,2900,0.26,23.37,22.59,264220900,60610000.0,2.13,3.43,28.24,28.24,27.26,18.18,0.97
嘉环科技,sh603206,16.01,16.14,16.21,3875300.0,16.01,10600,16.02,21000,-0.81,16.24,16.0,3875300,62450000.0,1.27,1.49,48.86,48.86,17.75,14.53,0.76
上海机场,sh600009,27.62,27.76,27.81,9975100.0,27.62,29100,27.63,7500,-0.5,27.88,27.59,9975100,276550000.0,0.49,1.04,565.18,687.27,30.54,24.98,1.58
康强电子,sz002119,21.67,21.68,21.93,32601400.0,21.67,13900,21.68,33700,-0.05,22.1,21.6,32601400,710420000.0,8.69,2.31,81.32,81.32,23.85,19.51,1.11
路桥信息,bj920748,37.68,36.15,36.3,1878700.0,37.63,1200,37.68,1400,4.23,38.8,36.21,1878700,70581500.0,5.27,7.16,13.44,28.92,46.99,25.31,1.6
西大门,sh605155,15.83,15.55,15.71,1966800.0,15.83,1400,15.84,800,1.8,16.04,15.6,1966800,31220000.0,1.05,2.83,29.57,30.28,17.11,14.0,0.83
中国稀土,sz000831,52.01,51.71,52.23,31407700.0,52.0,11200,52.01,193500,0.58,52.86,51.63,31407700,1639520000.0,2.96,2.38,551.94,551.94,56.88,46.54,1.05
长鸿高科,sh605008,12.2,12.24,12.24,1176400.0,12.2,6700,12.21,12800,-0.33,12.39,12.18,1176400,14450000.0,0.18,1.72,78.81,78.81,13.46,11.02,0.55
瑞联新材,sh688550,40.25,40.12,40.49,211567300.0,40.24,1000,40.25,26200,0.32,40.87,40.25,211567300,85750000.0,1.22,1.55,69.97,69.97,48.14,32.1,0.69
瀚川智能,sh688022,16.76,15.6,16.11,1017872200.0,16.76,2900,16.77,11500,7.44,17.05,15.8,1017872200,168030000.0,5.79,8.01,29.48,29.48,18.72,12.48,2.38
旭升集团,sh603305,14.99,14.89,14.9,24066600.0,14.98,74000,14.99,49600,0.67,15.28,14.9,24066600,363010000.0,2.08,2.55,173.24,173.24,16.38,13.4,1.17
皇马科技,sh603181,14.88,14.83,14.88,3466300.0,14.88,8400,14.89,133000,0.34,15.12,14.85,3466300,51980000.0,0.59,1.82,87.6,87.6,16.31,13.35,0.79
宁波中百,sh600857,11.94,11.68,11.68,3012800.0,11.94,2800,11.96,6000,2.23,12.11,11.68,3012800,36110000.0,1.34,3.68,26.78,26.78,12.85,10.51,1.15
川投能源,sh600674,14.65,14.66,14.71,29531700.0,14.65,4900,14.66,33500,-0.07,14.85,14.46,29531700,432200000.0,0.61,2.66,714.13,714.13,16.13,13.19,1.06
冠昊生物,sz300238,15.36,15.2,15.2,7101900.0,15.36,6600,15.37,42900,1.05,15.65,15.2,7101900,109580000.0,2.68,2.96,40.72,40.73,18.24,12.16,0.76
北方长龙,sz301357,115.48,115.12,115.86,2550500.0,115.47,700,115.48,8000,0.31,117.4,114.8,2550500,296060000.0,10.72,2.26,27.48,109.94,138.14,92.1,0.78
中科蓝讯,sh688332,124.99,124.69,126.8,252627200.0,124.99,4800,125.0,11700,0.24,127.48,124.95,252627200,318290000.0,2.09,2.03,150.74,150.74,149.63,99.75,1.18
维力医疗,sh603309,14.22,14.3,14.32,6071200.0,14.22,10500,14.23,1700,-0.56,14.53,14.09,6071200,86770000.0,2.08,3.08,41.5,41.5,15.73,12.87,0.9
安井食品,sh603345,96.91,97.83,98.5,3452300.0,96.91,8300,96.92,500,-0.94,98.6,96.8,3452300,335880000.0,1.18,1.84,284.23,322.99,107.61,88.05,0.64
通力科技,sz301255,27.46,26.38,26.5,6089700.0,27.45,3700,27.46,2800,4.09,28.31,26.5,6089700,167670000.0,15.99,6.86,10.46,41.83,31.66,21.1,1.3
锡南科技,sz301170,29.15,28.41,29.0,1756300.0,29.14,12300,29.15,5200,2.6,29.47,28.8,1756300,51210000.0,5.23,2.36,9.79,29.15,34.09,22.73,1.65
复星医药,sh600196,26.48,26.56,26.52,15361300.0,26.48,12400,26.49,27200,-0.3,26.77,26.39,15361300,407900000.0,0.73,1.43,560.98,707.13,29.22,23.9,0.71
金奥博,sz002917,14.09,14.17,14.2,7970100.0,14.08,14300,14.09,15200,-0.56,14.41,14.08,7970100,113310000.0,3.06,2.33,36.71,48.98,15.59,12.75,1.11
交大思诺,sz300851,29.0,28.48,28.89,1131600.0,29.0,21600,29.05,300,1.83,29.45,28.48,1131600,32900000.0,2.09,3.41,15.69,25.21,34.18,22.78,0.86
沃尔核材,sz002130,24.63,24.3,24.58,47854100.0,24.63,80100,24.64,156800,1.36,24.9,24.45,47854100,1179950000.0,4.17,1.85,282.49,344.79,26.73,21.87,1.36
奥尼电子,sz301189,57.32,49.92,50.01,10151100.0,57.32,4400,57.33,500,14.82,57.88,50.01,10151100,563740000.0,9.08,15.77,64.06,66.72,59.9,39.94,2.79
三一重能,sh688349,23.74,23.58,23.77,567039200.0,23.73,2700,23.74,8500,0.68,24.49,23.69,567039200,136530000.0,0.48,3.39,282.38,291.15,28.3,18.86,1.09
万控智造,sh603070,15.18,14.96,14.97,2862500.0,15.18,12900,15.19,71500,1.47,15.27,14.96,2862500,43460000.0,0.71,2.07,60.87,60.87,16.46,13.46,1.07
通达创智,sz001368,25.14,24.79,24.79,1473600.0,25.14,4900,25.18,400,1.41,25.32,24.78,1473600,37060000.0,1.36,2.18,27.2,28.62,27.27,22.31,0.82
思林杰,sh688115,40.95,40.39,40.86,65928600.0,40.95,6500,41.03,200,1.39,41.78,40.82,65928600,27200000.0,0.99,2.38,27.3,27.3,48.47,32.31,1.06
洪汇新材,sz002802,13.36,13.14,13.31,4794200.0,13.35,82900,13.36,17300,1.67,13.36,12.96,4794200,63290000.0,3.2,3.04,20.0,24.21,14.45,11.83,1.21
康希通信,sh688653,12.9,12.85,13.0,436110500.0,12.89,4100,12.9,28500,0.39,13.16,12.87,436110500,56780000.0,1.38,2.26,40.82,54.76,15.42,10.28,0.94
潞安环能,sh601699,13.36,13.05,13.0,30356400.0,13.35,111200,13.36,73800,2.38,13.74,12.95,30356400,407220000.0,1.01,6.05,399.65,399.65,14.36,11.75,1.14
争光股份,sz301092,33.92,33.3,33.57,1185100.0,33.86,2400,33.92,2400,1.86,34.5,33.37,1185100,40210000.0,1.95,3.39,20.59,45.63,39.96,26.64,1.02
集智股份,sz300553,42.27,41.81,41.8,4755600.0,42.27,800,42.28,200,1.1,42.91,41.41,4755600,201040000.0,5.6,3.59,35.89,46.93,50.17,33.45,1.57
春立医疗,sh688236,20.49,20.18,20.09,169742200.0,20.49,0,20.5,1400,1.54,20.75,20.09,169742200,34750000.0,0.59,3.27,59.1,78.59,24.22,16.14,0.74
盛天网络,sz300494,11.74,11.7,11.81,7912400.0,11.74,18300,11.75,79400,0.34,11.9,11.73,7912400,93460000.0,1.99,1.45,46.77,57.59,14.04,9.36,0.83
线上线下,sz300959,78.24,78.23,78.53,2475200.0,78.23,7700,78.24,3300,0.01,81.8,77.84,2475200,197530000.0,4.73,5.06,40.96,62.88,93.88,62.58,0.98
北矿科技,sh600980,22.56,22.5,22.72,2925900.0,22.55,19600,22.56,10200,0.27,22.94,22.55,2925900,66530000.0,1.55,1.73,42.7,42.7,24.75,20.25,0.92
云南白药,sz000538,54.92,55.1,55.11,7583100.0,54.92,23500,54.94,200,-0.33,55.23,54.88,7583100,417210000.0,0.43,0.64,973.7,979.92,60.61,49.59,0.92
力合微,sh688589,23.02,22.65,22.97,286980500.0,23.02,100,23.03,4000,1.63,23.33,22.82,286980500,66160000.0,1.97,2.25,33.45,33.45,27.18,18.12,0.94
中捷精工,sz301072,22.32,22.02,22.11,1516500.0,22.32,14200,22.35,300,1.36,22.62,21.98,1516500,33900000.0,2.26,2.91,14.99,23.45,26.42,17.62,0.85
凯盛科技,sh600552,13.49,12.86,13.09,86689800.0,13.48,15100,13.49,232800,4.9,13.85,13.01,86689800,1168190000.0,9.18,6.53,127.43,127.43,14.15,11.57,2.28
奥海科技,sz002993,51.46,50.51,50.85,6503700.0,51.46,3100,51.48,15500,1.88,52.5,50.55,6503700,336620000.0,2.73,3.86,122.7,142.05,55.56,45.46,1.12
道道全,sz002852,9.91,9.81,9.85,4414100.0,9.91,1600,9.92,600,1.02,9.97,9.8,4414100,43770000.0,1.54,1.73,28.32,34.09,10.79,8.83,0.71
华骐环保,sz300929,12.88,12.84,12.9,2931100.0,12.88,49700,12.89,7000,0.31,13.04,12.75,2931100,37740000.0,2.31,2.26,16.33,17.02,15.41,10.27,0.56
全柴动力,sh600218,10.07,9.98,9.89,25947600.0,10.06,29300,10.07,12600,0.9,10.3,9.86,25947600,263490000.0,5.96,4.41,43.86,43.86,10.98,8.98,2.06
兰生股份,sh600826,9.71,9.53,9.53,4977200.0,9.7,200,9.71,18700,1.89,9.8,9.53,4977200,48200000.0,0.68,2.83,71.42,71.42,10.48,8.58,1.14
中谷物流,sh603565,11.45,11.32,11.34,12339600.0,11.45,39000,11.46,8400,1.15,11.54,11.28,12339600,141620000.0,0.59,2.3,240.46,240.46,12.45,10.19,0.74
张  裕Ａ,sz000869,19.25,19.28,19.39,1281900.0,19.25,9100,19.27,4300,-0.16,19.5,19.21,1281900,24810000.0,0.28,1.5,87.61,126.52,21.21,17.35,1.66
千金药业,sh600479,10.73,10.78,10.8,6350600.0,10.72,43000,10.73,200,-0.46,10.84,10.67,6350600,68270000.0,1.52,1.58,44.91,52.81,11.86,9.7,0.89
中材国际,sh600970,10.81,11.05,11.15,33491100.0,10.81,120000,10.82,9800,-2.17,11.19,10.78,33491100,364770000.0,1.28,3.71,283.42,283.42,12.16,9.95,0.98
中晶科技,sz003026,36.58,36.4,36.67,7663500.0,36.58,21000,36.59,2300,0.49,37.98,36.52,7663500,283620000.0,8.01,4.01,35.01,47.41,40.04,32.76,1.22
陕鼓动力,sh601369,10.44,10.31,10.44,10476500.0,10.44,193100,10.45,7500,1.26,10.64,10.33,10476500,110390000.0,0.61,3.01,178.13,179.93,11.34,9.28,1.21
凤凰传媒,sh601928,9.82,9.81,9.83,5218800.0,9.82,3300,9.83,156400,0.1,9.88,9.81,5218800,51360000.0,0.21,0.71,249.91,249.91,10.79,8.83,0.79
摩恩电气,sz002451,9.67,9.6,9.73,10125200.0,9.66,65100,9.67,14700,0.73,9.74,9.6,10125200,98020000.0,2.31,1.46,42.47,42.61,10.56,8.64,0.85
盛帮股份,sz301233,52.77,51.63,51.88,664700.0,52.77,2400,52.8,900,2.21,53.11,51.87,664700,35040000.0,2.36,2.4,14.87,27.16,61.96,41.3,0.79
宣泰医药,sh688247,9.53,9.5,9.57,271054800.0,9.53,1900,9.54,25000,0.32,9.68,9.5,271054800,25980000.0,0.6,1.89,43.2,43.2,11.4,7.6,0.91
中毅达,sh600610,9.17,9.14,9.29,15682300.0,9.17,117100,9.18,87600,0.33,9.29,9.1,15682300,144260000.0,2.21,2.08,64.99,98.24,10.05,8.23,0.59
亚光股份,sh603282,20.78,20.66,20.71,1200900.0,20.77,26900,20.78,600,0.58,20.97,20.59,1200900,24990000.0,0.9,1.84,27.81,27.81,22.73,18.59,0.67
雷赛智能,sz002979,39.25,37.68,37.91,8219600.0,39.25,2700,39.26,28300,4.17,39.78,37.9,8219600,319700000.0,3.72,4.99,86.63,123.3,41.45,33.91,1.98
正泰电源,sz002150,33.43,32.78,32.99,48433200.0,33.42,18200,33.43,8600,1.98,34.88,32.32,48433200,1633970000.0,13.51,7.81,119.86,120.64,36.06,29.5,1.97
金道科技,sz301279,27.52,27.38,27.37,1184200.0,27.52,900,27.54,300,0.51,27.94,27.37,1184200,32780000.0,1.18,2.08,27.65,35.7,32.86,21.9,0.54
浙江震元,sz000705,9.07,8.84,8.93,8825300.0,9.06,8100,9.07,51600,2.6,9.17,8.83,8825300,79900000.0,3.13,3.85,25.57,30.3,9.72,7.96,0.86
华能水电,sh600025,9.51,9.59,9.59,24172100.0,9.51,21000,9.52,44500,-0.83,9.61,9.48,24172100,230240000.0,0.13,1.36,1711.8,1771.82,10.55,8.63,1.21
国金证券,sh600109,8.52,8.36,8.46,43682200.0,8.52,47800,8.53,203500,1.91,8.73,8.44,43682200,376140000.0,1.18,3.47,315.7,315.7,9.2,7.52,2.12
中国移动,sh600941,94.0,93.64,93.65,7198000.0,94.0,20500,94.01,6300,0.38,94.2,93.49,7198000,676030000.0,0.8,0.76,848.6,20357.99,103.0,84.28,1.14
捷顺科技,sz002609,8.4,8.32,8.4,5395100.0,8.4,2000,8.41,54600,0.96,8.51,8.39,5395100,45560000.0,1.17,1.44,38.59,54.05,9.15,7.49,0.74
大全能源,sh688303,20.8,20.42,20.57,1020097600.0,20.79,400,20.8,8700,1.86,21.03,20.47,1020097600,212330000.0,0.48,2.74,446.2,446.2,24.5,16.34,1.07
安迪苏,sh600299,13.8,14.08,14.01,21778000.0,13.8,17800,13.81,10900,-1.99,14.06,13.64,21778000,300260000.0,0.81,2.98,370.1,425.01,15.49,12.67,0.7
三鑫医疗,sz300453,9.93,9.71,9.81,11133600.0,9.92,30700,9.93,17500,2.27,10.05,9.78,11133600,110620000.0,3.09,2.78,35.73,51.84,11.65,7.77,1.27
济川药业,sh600566,25.13,25.66,25.68,7411700.0,25.13,2900,25.14,20900,-2.07,25.7,25.11,7411700,187190000.0,0.81,2.3,230.83,231.61,28.23,23.09,1.35
ST炼石,sz000697,9.87,9.88,9.91,5145400.0,9.86,18700,9.87,27100,-0.1,9.98,9.83,5145400,50890000.0,0.79,1.52,64.46,137.79,10.37,9.39,0.96
大宏立,sz300865,26.71,26.26,26.58,818600.0,26.71,4500,26.77,6500,1.71,27.08,26.46,818600,21980000.0,1.46,2.36,15.02,25.56,31.51,21.01,0.93
皖通科技,sz002331,8.27,8.24,8.35,4458800.0,8.26,1800,8.27,5200,0.36,8.36,8.24,4458800,36970000.0,1.13,1.46,32.74,35.43,9.06,7.42,0.72
英威腾,sz002334,8.33,8.18,8.3,21207100.0,8.32,111100,8.33,41600,1.83,8.46,8.27,21207100,177350000.0,2.89,2.32,61.19,68.53,9.0,7.36,1.07
华懋科技,sh603306,101.8,97.06,98.0,28239900.0,101.8,2400,101.81,400,4.88,103.79,96.19,28239900,2829430000.0,8.57,7.83,335.43,335.43,106.77,87.35,2.09
深天马Ａ,sz000050,8.3,8.2,8.25,23185400.0,8.29,442400,8.3,34700,1.22,8.42,8.24,23185400,193350000.0,0.94,2.2,203.99,203.99,9.02,7.38,1.16
光大证券,sh601788,15.65,15.32,15.46,35302800.0,15.65,49800,15.66,63500,2.15,15.99,15.45,35302800,556260000.0,0.9,3.52,611.4,721.59,16.85,13.79,2.63
赛腾股份,sh603283,45.91,46.36,46.72,13040200.0,45.91,4700,45.93,900,-0.97,47.35,45.9,13040200,608120000.0,4.81,3.13,124.5,124.5,51.0,41.72,1.52
奥浦迈,sh688293,51.95,48.24,48.15,317859600.0,51.73,300,51.95,2300,7.69,53.27,48.15,317859600,163940000.0,2.79,10.61,59.13,67.55,57.89,38.59,1.94
中国核电,sh601985,8.71,8.7,8.7,90047000.0,8.71,286500,8.72,801700,0.11,8.73,8.64,90047000,783810000.0,0.48,1.03,1644.73,1791.47,9.57,7.83,0.83
世纪华通,sz002602,16.9,16.82,16.88,73704700.0,16.89,136200,16.9,190300,0.48,17.17,16.7,73704700,1251050000.0,1.08,2.79,1148.66,1245.65,18.5,15.14,0.79
博隆技术,sh603325,73.74,73.26,73.77,526600.0,73.74,300,73.8,1500,0.66,74.4,73.51,526600,38950000.0,1.54,1.21,25.21,58.99,80.59,65.93,0.97
环球印务,sz002799,8.25,8.24,8.33,3645200.0,8.25,3400,8.26,57900,0.12,8.45,8.21,3645200,30310000.0,1.14,2.91,26.4,26.4,9.06,7.42,0.66
青达环保,sh688501,24.04,24.2,24.2,193945200.0,24.04,3400,24.08,9900,-0.66,24.67,23.98,193945200,47030000.0,1.56,2.85,29.86,29.86,29.04,19.36,1.6
深南电A,sz000037,9.33,9.51,9.52,27473000.0,9.33,191000,9.34,59800,-1.89,9.59,9.33,27473000,259430000.0,8.11,2.73,31.62,56.24,10.46,8.56,0.64
浙江建投,sz002761,8.25,8.3,8.36,11081000.0,8.25,50700,8.26,28300,-0.6,8.43,8.24,11081000,92150000.0,1.02,2.29,89.25,109.3,9.13,7.47,0.81
开普云,sh688228,107.38,107.51,107.81,162236400.0,107.37,2900,107.38,400,-0.12,109.6,107.08,162236400,175590000.0,2.4,2.34,72.54,72.54,129.01,86.01,0.84
上海电气,sh601727,8.01,7.97,8.03,94291500.0,8.0,3159400,8.01,715000,0.5,8.1,8.0,94291500,758970000.0,0.75,1.25,1010.51,1244.76,8.77,7.17,0.87
时代万恒,sh600241,9.64,9.43,9.53,9681100.0,9.63,27400,9.64,4200,2.23,9.85,9.42,9681100,93770000.0,3.29,4.56,28.37,28.37,10.37,8.49,0.74
通化东宝,sh600867,9.96,9.65,9.66,114858800.0,9.96,42200,9.97,333700,3.21,10.14,9.47,114858800,1127950000.0,5.86,6.94,195.07,195.07,10.62,8.69,1.04
新恒汇,sz301678,62.24,61.04,61.61,2098600.0,62.22,700,62.24,23900,1.97,64.2,61.61,2098600,132020000.0,4.38,4.24,29.82,149.1,73.25,48.83,1.09
鼎捷数智,sz300378,40.1,40.29,40.7,9335900.0,40.1,26900,40.11,2800,-0.47,40.96,40.08,9335900,378260000.0,3.46,2.18,108.07,108.89,48.35,32.23,0.9
豪迈科技,sz002595,83.1,80.9,81.7,3633600.0,83.1,1000,83.11,100,2.72,84.16,81.21,3633600,301810000.0,0.46,3.65,660.2,664.8,88.99,72.81,0.97
北京科锐,sz002350,14.87,14.7,14.56,30698400.0,14.87,97400,14.88,42700,1.16,15.06,14.52,30698400,456400000.0,5.79,3.67,78.89,80.64,16.17,13.23,1.17
天富龙,sh603406,34.54,33.96,34.14,1090900.0,34.54,2200,34.55,5100,1.71,34.62,34.1,1090900,37620000.0,2.98,1.53,12.66,138.16,37.36,30.56,1.0
华立股份,sh603038,15.54,15.29,15.34,3268300.0,15.54,1200,15.55,40500,1.64,15.72,15.22,3268300,50630000.0,1.22,3.27,41.75,41.75,16.82,13.76,1.28
百合花,sh603823,15.3,15.18,15.23,2683500.0,15.3,4900,15.31,4800,0.79,15.48,15.19,2683500,41140000.0,0.64,1.91,63.7,63.7,16.7,13.66,0.89
诚志股份,sz000990,10.84,11.04,10.98,110293000.0,10.84,259800,10.85,99500,-1.81,10.99,10.68,110293000,1192810000.0,9.08,2.81,131.73,131.73,12.14,9.94,1.55
华西股份,sz000936,7.5,7.4,7.46,13445800.0,7.49,225100,7.5,51800,1.35,7.59,7.45,13445800,101140000.0,1.52,1.89,66.44,66.45,8.14,6.66,0.86
陆家嘴,sh600663,7.73,7.61,7.64,6580900.0,7.72,15700,7.73,5800,1.58,7.83,7.63,6580900,51050000.0,0.21,2.63,243.93,389.22,8.37,6.85,1.01
贝斯特,sz300580,24.58,24.0,24.24,11764000.0,24.58,29000,24.59,16400,2.42,25.2,24.13,11764000,291380000.0,2.49,4.46,116.16,123.47,28.8,19.2,1.15
广信材料,sz300537,22.13,22.15,22.23,3904900.0,22.13,2500,22.14,1800,-0.09,22.49,22.13,3904900,87080000.0,2.57,1.63,33.6,45.99,26.58,17.72,0.99
黄山谷捷,sz301581,45.58,45.14,45.5,365100.0,45.5,300,45.58,1300,0.97,45.99,45.17,365100,16710000.0,0.75,1.82,22.28,36.46,54.17,36.11,1.0
福莱特,sh601865,13.93,13.66,13.72,22946400.0,13.93,7900,13.94,28300,1.98,14.14,13.72,22946400,320320000.0,1.21,3.07,264.81,326.36,15.03,12.29,1.11
果麦文化,sz301052,33.63,33.22,33.5,3177500.0,33.6,1000,33.63,600,1.23,33.9,33.31,3177500,106780000.0,3.96,1.78,26.97,33.28,39.86,26.58,0.89
*ST高斯,sz002848,14.18,13.97,13.97,2987600.0,14.17,32000,14.18,11600,1.5,14.25,13.97,2987600,42260000.0,1.81,2.0,23.39,23.7,14.67,13.27,0.84
鲍斯股份,sz300441,7.11,7.04,7.07,3548900.0,7.11,34100,7.12,13800,0.99,7.17,7.07,3548900,25320000.0,0.57,1.42,44.55,45.82,8.45,5.63,1.0
真兰仪表,sz301303,15.84,15.3,15.33,5523200.0,15.82,200,15.84,100,3.53,16.2,15.33,5523200,87330000.0,5.43,5.69,16.11,64.75,18.36,12.24,2.27
军信股份,sz301109,15.28,15.22,15.26,5056500.0,15.28,28500,15.29,5600,0.39,15.43,15.18,5056500,77510000.0,2.2,1.64,35.19,120.57,18.26,12.18,0.68
和泰机电,sz001225,49.61,48.16,48.59,1372200.0,49.6,200,49.61,3400,3.01,50.35,48.55,1372200,68060000.0,6.52,3.74,10.44,32.68,52.98,43.34,1.08
设研院,sz300732,6.87,6.81,6.86,6897400.0,6.87,6400,6.88,4000,0.88,6.97,6.81,6897400,47690000.0,1.86,2.35,25.43,25.46,8.17,5.45,1.25
宁波联合,sh600051,7.69,7.62,7.64,5839200.0,7.69,10800,7.7,19000,0.92,7.79,7.6,5839200,44990000.0,1.88,2.49,23.91,23.91,8.38,6.86,0.99
大亚圣象,sz000910,7.02,6.93,6.99,3380700.0,7.02,15100,7.03,15600,1.3,7.06,6.95,3380700,23740000.0,0.62,1.59,38.41,38.43,7.62,6.24,0.93
优宁维,sz301166,30.66,30.5,30.68,1424300.0,30.64,700,30.66,700,0.52,31.08,30.5,1424300,43800000.0,2.5,1.9,17.45,26.57,36.6,24.4,0.76
亿嘉和,sh603666,25.78,25.53,25.7,1893600.0,25.78,5700,25.79,12800,0.98,26.14,25.61,1893600,49120000.0,0.92,2.08,52.99,52.99,28.08,22.98,0.91
首药控股-U,sh688197,39.39,39.54,39.53,123728300.0,39.39,400,39.4,3400,-0.38,40.58,39.11,123728300,49140000.0,1.93,3.72,25.21,58.58,47.45,31.63,0.57
长电科技,sh600584,43.02,41.91,42.74,66766900.0,43.01,6200,43.02,77800,2.65,43.79,42.74,66766900,2885800000.0,3.73,2.51,769.81,769.81,46.1,37.72,1.61
中远海特,sh600428,9.15,9.48,9.6,50052000.0,9.14,83000,9.15,101200,-3.48,9.6,9.11,50052000,464260000.0,2.33,5.17,196.42,251.07,10.43,8.53,0.75
安孚科技,sh603031,51.35,52.28,52.0,7748100.0,51.35,1300,51.43,500,-1.78,52.93,51.18,7748100,402780000.0,3.57,3.35,111.34,132.39,57.51,47.05,1.13
歌华有线,sh600037,7.66,7.59,7.6,12202800.0,7.66,62200,7.67,3000,0.92,7.72,7.59,12202800,93580000.0,0.88,1.71,106.61,106.61,8.35,6.83,0.9
影石创新,sh688775,193.08,188.92,190.26,126050800.0,193.08,4000,193.09,100,2.2,197.96,189.51,126050800,245640000.0,3.84,4.47,63.33,774.25,226.7,151.14,1.23
东兴证券,sh601198,12.81,12.53,12.64,31070500.0,12.81,349700,12.82,44400,2.23,13.03,12.62,31070500,400030000.0,0.96,3.27,414.08,414.08,13.78,11.28,1.77
锡业股份,sz000960,32.86,32.64,33.02,41597700.0,32.85,20700,32.86,107900,0.67,33.58,32.55,41597700,1374060000.0,2.53,3.16,540.69,540.69,35.9,29.38,1.02
津膜科技,sz300334,7.35,7.31,7.34,4611500.0,7.35,4100,7.36,7400,0.55,7.45,7.27,4611500,34060000.0,1.53,2.46,22.2,22.2,8.77,5.85,0.66
润邦股份,sz002483,6.98,6.88,6.92,7839700.0,6.97,115500,6.98,6200,1.45,7.1,6.92,7839700,55020000.0,0.89,2.62,61.79,61.88,7.57,6.19,0.99
罗普特,sh688619,15.49,14.68,14.68,721443600.0,15.49,1000,15.5,11300,5.52,15.85,14.68,721443600,112000000.0,3.89,7.97,28.72,28.72,17.62,11.74,2.51
青岛啤酒,sh600600,62.38,62.54,62.7,5691700.0,62.38,11000,62.39,3900,-0.26,62.7,62.3,5691700,355530000.0,0.8,0.64,442.35,850.98,68.79,56.29,0.96
财达证券,sh600906,6.45,6.3,6.35,28813900.0,6.45,171800,6.46,29700,2.38,6.55,6.35,28813900,186610000.0,1.36,3.17,137.01,209.3,6.93,5.67,1.98
博硕科技,sz300951,38.11,37.7,38.08,2310400.0,38.11,5000,38.15,2000,1.09,38.88,37.87,2310400,88530000.0,1.53,2.68,57.7,64.56,45.24,30.16,1.42
福斯达,sh603173,42.4,41.9,42.17,1213800.0,42.4,10000,42.41,4400,1.19,43.06,42.17,1213800,51730000.0,0.76,2.12,67.84,67.84,46.09,37.71,0.82
盛德鑫泰,sz300881,47.78,43.76,43.76,5819200.0,47.77,100,47.78,1100,9.19,49.9,43.76,5819200,273440000.0,10.14,14.03,27.43,52.56,52.51,35.01,4.32
哈投股份,sh600864,7.03,6.5,6.59,252107400.0,7.03,274400,7.04,180100,8.15,7.15,6.58,252107400,1777480000.0,12.12,8.77,146.26,146.26,7.15,5.85,4.82
国投丰乐,sz000713,6.4,6.41,6.41,7035500.0,6.4,20400,6.41,50800,-0.16,6.44,6.38,7035500,45080000.0,1.15,0.94,39.3,51.09,7.05,5.77,0.76
禾望电气,sh603063,32.79,32.76,32.98,34154100.0,32.79,89400,32.8,79500,0.09,33.76,32.76,34154100,1133180000.0,7.44,3.05,150.44,150.44,36.04,29.48,1.48
四方新材,sh605122,12.82,12.77,12.92,2180000.0,12.81,900,12.82,6700,0.39,13.02,12.69,2180000,28060000.0,1.26,2.58,22.1,22.1,14.05,11.49,0.86
湖南白银,sz002716,11.92,12.07,12.26,164609000.0,11.92,41600,11.93,150300,-1.24,12.4,11.9,164609000,1993970000.0,7.08,4.14,277.12,336.51,13.28,10.86,1.1
新朋股份,sz002328,10.11,9.19,9.78,71999800.0,10.11,9700700,0.0,0,10.01,10.11,9.66,71999800,718730000.0,12.61,4.9,57.71,78.03,10.11,8.27,0.86
亚宝药业,sh600351,6.72,6.56,6.62,29015800.0,6.71,147100,6.72,171100,2.44,6.79,6.48,29015800,193680000.0,4.19,4.73,46.5,46.5,7.22,5.9,0.96
远信工业,sz301053,52.63,53.78,54.86,11558700.0,52.63,173100,52.66,2400,-2.14,55.1,52.0,11558700,614590000.0,13.59,5.76,44.77,48.4,64.54,43.02,1.18
东来技术,sh688129,23.7,23.21,23.32,91676800.0,23.68,1000,23.7,3700,2.11,23.9,23.22,91676800,21760000.0,0.76,2.93,28.55,28.55,27.85,18.57,1.06
物产环能,sh603071,13.25,13.11,13.2,2227800.0,13.24,15300,13.25,13300,1.07,13.42,13.12,2227800,29560000.0,0.4,2.29,73.93,73.93,14.42,11.8,0.56
四川美丰,sz000731,7.07,7.16,7.18,17601500.0,7.07,240100,7.08,10600,-1.26,7.22,7.06,17601500,125580000.0,3.21,2.23,38.8,38.8,7.88,6.44,0.63
利尔化学,sz002258,14.99,14.86,14.9,11903700.0,14.98,7900,14.99,48700,0.87,15.24,14.82,11903700,179220000.0,1.49,2.83,119.79,119.99,16.35,13.37,1.18
东土科技,sz300353,19.56,19.27,19.38,9649600.0,19.55,46100,19.56,5400,1.5,19.85,19.38,9649600,189440000.0,1.8,2.44,105.09,120.27,23.12,15.42,0.92
山西焦煤,sz000983,6.48,6.46,6.4,39906200.0,6.47,513600,6.48,103500,0.31,6.51,6.4,39906200,257950000.0,0.7,1.7,367.87,367.88,7.11,5.81,0.7
晨光生物,sz300138,12.01,11.88,11.95,5885800.0,12.01,19700,12.02,38900,1.09,12.12,11.9,5885800,70820000.0,1.48,1.85,47.84,58.02,14.26,9.5,0.71
佳电股份,sz000922,13.64,13.45,13.51,6454200.0,13.64,4200,13.65,19800,1.41,13.72,13.5,6454200,88120000.0,1.1,1.64,80.12,94.8,14.8,12.11,0.98
有友食品,sh603697,10.0,9.8,9.86,5230800.0,10.0,68400,10.01,54700,2.04,10.05,9.85,5230800,52190000.0,1.22,2.04,42.77,42.77,10.78,8.82,1.18
中航机载,sh600372,12.98,12.92,13.0,34853400.0,12.98,176500,12.99,77500,0.46,13.13,12.94,34853400,454520000.0,0.72,1.47,628.09,628.09,14.21,11.63,1.16
赛科希德,sh688338,29.5,29.86,29.91,95915900.0,29.5,11800,29.51,2000,-1.21,30.18,29.5,95915900,28590000.0,0.9,2.28,31.31,31.31,35.83,23.89,1.0
金鸿顺,sh603922,20.34,20.24,20.37,3673400.0,20.34,300,20.35,6200,0.49,21.3,20.21,3673400,75440000.0,2.05,5.39,36.45,36.45,22.26,18.22,0.92
森特股份,sh603098,14.8,14.39,14.45,10629900.0,14.8,117100,14.81,34200,2.85,15.14,14.45,10629900,157220000.0,1.97,4.79,79.74,79.88,15.83,12.95,1.0
海特高新,sz002023,10.64,10.31,10.49,28492300.0,10.63,115300,10.64,10000,3.2,11.11,10.47,28492300,306790000.0,3.85,6.21,78.83,78.83,11.34,9.28,3.42
中创物流,sh603967,13.15,12.98,13.35,3804400.0,13.15,8500,13.17,3600,1.31,13.38,13.11,3804400,50310000.0,1.1,2.08,45.59,45.59,14.28,11.68,0.99
新相微,sh688593,32.2,32.03,32.03,1295550900.0,32.2,13700,32.21,2700,0.53,32.92,31.7,1295550900,416330000.0,4.01,3.81,103.9,147.97,38.44,25.62,1.56
华润江中,sh600750,25.96,26.53,26.39,5295300.0,25.96,7000,25.98,3000,-2.15,26.49,25.9,5295300,138380000.0,0.84,2.22,163.21,165.01,29.18,23.88,0.85
华建集团,sh600629,22.2,22.18,21.95,48461800.0,22.19,144100,22.2,48200,0.09,22.48,21.63,48461800,1073590000.0,5.08,3.83,211.59,215.42,24.4,19.96,2.76
友车科技,sh688479,33.92,34.47,34.43,231189400.0,33.89,4300,33.92,5400,-1.6,35.0,33.61,231189400,79110000.0,3.71,4.03,21.14,48.95,41.36,27.58,0.69
皖维高新,sh600063,7.23,7.21,7.22,55208500.0,7.23,170300,7.24,49500,0.28,7.32,7.12,55208500,398900000.0,2.67,2.77,149.6,149.6,7.93,6.49,0.9
鸿远电子,sh603267,49.95,49.34,49.59,4651800.0,49.95,2100,49.96,9400,1.24,50.46,49.59,4651800,233050000.0,2.01,1.76,115.42,115.42,54.27,44.41,1.03
国发股份,sh600538,6.69,6.59,6.58,13208900.0,6.68,2200,6.69,99000,1.52,6.77,6.55,13208900,87870000.0,2.52,3.34,35.07,35.07,7.25,5.93,1.02
光弘科技,sz300735,21.99,21.82,21.99,8540500.0,21.99,10100,22.0,33700,0.78,22.26,21.93,8540500,188420000.0,1.13,1.51,166.56,168.76,26.18,17.46,0.93
万丰股份,sh603172,21.2,21.06,21.16,1559900.0,21.17,9800,21.2,15300,0.66,21.49,21.08,1559900,33190000.0,3.11,1.95,10.62,28.28,23.17,18.95,0.92
容知日新,sh688768,45.22,45.08,45.42,101994600.0,45.22,1700,45.27,2600,0.31,46.5,45.1,101994600,46670000.0,1.17,3.11,39.46,39.79,54.1,36.06,0.73
奥瑞金,sz002701,5.4,5.09,5.56,130602200.0,5.4,225800,5.41,180800,6.09,5.6,5.39,130602200,722930000.0,5.11,4.13,138.1,138.23,5.6,4.58,8.17
青岛双星,sz000599,5.46,5.37,5.41,15589900.0,5.46,6900,5.47,146800,1.68,5.57,5.37,15589900,85530000.0,1.91,3.72,44.59,44.6,5.91,4.83,0.89
方正科技,sh600601,10.11,10.16,10.26,71476800.0,10.11,47600,10.12,210500,-0.49,10.28,10.09,71476800,727730000.0,1.71,1.87,421.62,432.08,11.18,9.14,1.07
祥龙电业,sh600769,14.65,14.8,14.85,13573700.0,14.65,39800,14.66,13000,-1.01,14.98,14.55,13573700,199640000.0,3.62,2.91,54.93,54.93,16.28,13.32,1.07
江山股份,sh600389,31.06,31.15,31.1,9257300.0,31.06,6000,31.07,300,-0.29,31.53,30.82,9257300,287810000.0,2.15,2.28,133.76,133.76,34.27,28.04,0.84
佳发教育,sz300559,14.05,14.7,14.66,26973800.0,14.05,51000,14.06,11800,-4.42,14.66,13.5,26973800,381410000.0,8.67,7.89,43.71,56.13,17.64,11.76,1.67
深纺织Ａ,sz000045,12.17,12.12,12.19,9090600.0,12.16,47300,12.17,13700,0.41,12.43,12.16,9090600,111570000.0,1.99,2.23,55.62,61.64,13.33,10.91,0.65
太极股份,sz002368,19.39,19.29,19.46,5195000.0,19.39,13700,19.4,46500,0.52,19.66,19.38,5195000,101230000.0,0.84,1.45,120.3,120.84,21.22,17.36,0.78
安道麦A,sz000553,6.36,6.38,6.43,12630600.0,6.35,32900,6.36,17400,-0.31,6.44,6.29,12630600,80490000.0,0.58,2.35,138.46,148.18,7.02,5.74,0.75
亚玛顿,sz002623,21.73,21.68,21.95,4366200.0,21.73,5200,21.74,22800,0.23,22.15,21.7,4366200,95590000.0,2.2,2.08,43.16,43.26,23.85,19.51,1.08
国网英大,sh600517,6.42,6.3,6.35,23584400.0,6.42,37900,6.43,78600,1.9,6.52,6.35,23584400,152030000.0,0.41,2.7,367.12,367.12,6.93,5.67,1.01
传化智联,sz002010,5.82,5.76,5.82,18672200.0,5.81,252200,5.82,35900,1.04,5.89,5.78,18672200,109110000.0,0.68,1.91,160.46,160.87,6.34,5.18,0.92
胜蓝股份,sz300843,67.33,69.61,69.88,10898900.0,67.32,8000,67.33,1200,-3.28,70.1,67.0,10898900,747190000.0,6.79,4.45,108.07,110.22,83.53,55.69,1.1
麦捷科技,sz300319,11.91,11.71,11.85,25292100.0,11.9,144200,11.91,37800,1.71,12.1,11.83,25292100,302620000.0,3.0,2.31,100.37,105.71,14.05,9.37,0.94
日丰股份,sz002953,11.68,11.59,11.65,4911300.0,11.67,28400,11.68,16600,0.78,11.8,11.62,4911300,57450000.0,2.31,1.55,24.84,57.42,12.75,10.43,0.8
开滦股份,sh600997,5.82,5.79,5.78,12134600.0,5.82,31300,5.84,49400,0.52,5.91,5.76,12134600,70690000.0,0.76,2.59,92.41,92.41,6.37,5.21,0.7
雪天盐业,sh600929,6.65,6.18,6.2,63078000.0,6.65,145700,6.66,415000,7.61,6.77,6.14,63078000,410320000.0,3.85,10.19,109.07,109.07,6.8,5.56,3.51
今飞凯达,sz002863,5.54,5.48,5.5,8998500.0,5.54,20000,5.55,145700,1.09,5.6,5.48,8998500,50020000.0,1.5,2.19,33.21,33.21,6.03,4.93,0.79
中新赛克,sz002912,27.34,27.38,27.57,2550400.0,27.34,21600,27.35,28600,-0.15,27.78,27.28,2550400,70190000.0,1.57,1.83,44.35,46.68,30.12,24.64,0.79
华昌化工,sz002274,6.37,6.4,6.45,18391300.0,6.36,89500,6.37,121600,-0.47,6.46,6.31,18391300,117200000.0,1.96,2.34,59.74,60.67,7.04,5.76,0.55
天能重工,sz300569,6.48,6.52,6.56,29868800.0,6.48,58400,6.49,66200,-0.61,6.64,6.48,29868800,195980000.0,2.93,2.45,66.07,66.27,7.82,5.22,0.79
国恩股份,sz002768,48.27,48.0,48.4,2089200.0,48.27,300,48.3,1600,0.56,48.83,48.08,2089200,101240000.0,1.18,1.56,85.32,145.41,52.8,43.2,0.74
国电南瑞,sh600406,26.36,25.96,26.11,60710200.0,26.36,106800,26.37,39400,1.54,26.58,26.05,60710200,1602730000.0,0.76,2.04,2110.96,2117.17,28.56,23.36,0.96
通化金马,sz000766,21.05,21.07,21.27,15131600.0,21.04,13100,21.05,1600,-0.09,21.51,21.05,15131600,321690000.0,1.57,2.18,203.34,203.45,23.18,18.96,0.63
柏楚电子,sh688188,142.09,135.3,138.74,274441400.0,142.05,400,142.09,1500,5.02,144.96,138.65,274441400,391360000.0,0.95,4.66,410.26,410.26,162.36,108.24,1.96
巨星农牧,sh603477,17.0,17.54,17.55,18321900.0,17.0,21500,17.01,4200,-3.08,17.6,16.95,18321900,313450000.0,3.59,3.71,86.71,86.71,19.29,15.79,0.59
康华生物,sz300841,57.05,56.51,56.82,1485100.0,57.04,100,57.05,6500,0.96,58.18,56.77,1485100,85300000.0,1.25,2.5,67.85,74.13,67.81,45.21,1.08
中国银行,sh601988,5.65,5.69,5.68,177626400.0,5.64,1495700,5.65,6937200,-0.7,5.68,5.62,177626400,1002070000.0,0.08,1.05,11908.25,18205.0,6.26,5.12,0.67
老凤祥,sh600612,41.42,41.39,41.59,761800.0,41.42,4900,41.43,20400,0.07,41.73,41.4,761800,31650000.0,0.24,0.8,131.35,216.68,45.53,37.25,0.85
晨光股份,sh603899,25.79,25.73,25.8,2153700.0,25.79,6000,25.8,423900,0.23,25.98,25.66,2153700,55710000.0,0.23,1.24,237.52,237.52,28.3,23.16,0.63
昂利康,sz002940,31.04,31.22,30.56,15742000.0,31.03,97600,31.04,46100,-0.58,31.49,29.88,15742000,483420000.0,8.5,5.16,57.51,62.62,34.34,28.1,0.53
中电环保,sz300172,5.32,5.3,5.32,20268600.0,5.32,163700,5.33,182200,0.38,5.39,5.31,20268600,108330000.0,3.88,1.51,27.82,36.0,6.36,4.24,0.8
湘财股份,sh600095,9.43,9.25,9.31,37810400.0,9.42,125000,9.43,95700,1.95,9.66,9.31,37810400,360110000.0,1.32,3.78,269.62,269.62,10.18,8.33,2.21
经纬股份,sz301390,38.06,37.7,38.27,739500.0,38.06,2600,38.11,2800,0.95,38.64,37.82,739500,28230000.0,2.41,2.18,11.68,22.84,45.24,30.16,0.74
依顿电子,sh603328,12.61,12.7,12.78,39278600.0,12.6,50300,12.61,50800,-0.71,12.79,12.52,39278600,495960000.0,3.93,2.13,125.9,125.9,13.97,11.43,0.92
圣农发展,sz002299,18.2,18.29,18.28,8936100.0,18.2,1600,18.21,1200,-0.49,18.32,18.12,8936100,162850000.0,0.73,1.09,221.85,226.25,20.12,16.46,0.96
朗迪集团,sh603726,23.19,22.93,22.99,2022700.0,23.19,6200,23.2,19700,1.13,23.46,22.99,2022700,47100000.0,1.1,2.05,42.83,43.05,25.22,20.64,1.07
扬杰科技,sz300373,77.95,77.62,78.35,11462700.0,77.94,300,77.95,0,0.43,79.63,77.84,11462700,900550000.0,2.11,2.31,422.6,423.54,93.14,62.1,0.83
海天瑞声,sh688787,127.75,128.76,130.58,173229700.0,127.72,200,127.75,2200,-0.78,132.46,127.5,173229700,224920000.0,2.87,3.85,77.07,77.07,154.51,103.01,0.71
贝肯能源,sz002828,12.4,12.65,12.36,28193900.0,12.39,256500,12.4,2400,-1.98,12.48,12.16,28193900,348010000.0,14.57,2.53,24.0,24.92,13.92,11.39,0.55
中鼎股份,sz000887,18.68,18.26,18.48,19857800.0,18.68,158400,18.69,66300,2.3,18.92,18.48,19857800,372570000.0,1.51,2.41,245.52,245.92,20.09,16.43,1.42
市北高新,sh600604,4.88,4.82,4.85,6637000.0,4.87,134200,4.88,127700,1.24,4.9,4.83,6637000,32380000.0,0.47,1.45,68.68,91.42,5.3,4.34,0.53
科远智慧,sz002380,34.96,33.48,33.93,13826300.0,34.95,13700,34.96,7700,4.42,35.68,33.5,13826300,480620000.0,9.75,6.51,49.56,83.9,36.83,30.13,2.68
精达股份,sh600577,12.51,12.4,12.55,47295800.0,12.5,163800,12.51,852000,0.89,12.73,12.46,47295800,594510000.0,2.2,2.18,269.1,269.1,13.64,11.16,1.0
莱宝高科,sz002106,10.72,10.65,10.77,9453000.0,10.72,64300,10.73,34000,0.66,10.92,10.72,9453000,102190000.0,1.34,1.88,75.57,75.66,11.72,9.59,0.97
海天味业,sh603288,41.35,41.15,41.2,16929000.0,41.34,1300,41.35,13600,0.49,41.8,40.98,16929000,702160000.0,0.3,1.99,2299.31,2419.73,45.27,37.04,0.78
万年青,sz000789,5.16,5.16,5.2,6384200.0,5.16,98200,5.17,35400,0.0,5.24,5.16,6384200,33260000.0,0.8,1.55,41.15,41.15,5.68,4.64,0.81
菲达环保,sh600526,5.52,5.5,5.5,8507800.0,5.51,145200,5.52,5700,0.36,5.6,5.47,8507800,47180000.0,0.97,2.36,48.19,49.06,6.05,4.95,0.92
爱建集团,sh600643,5.18,5.17,5.21,60674300.0,5.18,213500,5.19,506800,0.19,5.28,5.15,60674300,316320000.0,3.82,2.51,82.38,82.53,5.69,4.65,0.82
伟星新材,sz002372,10.61,10.6,10.67,7357400.0,10.61,8900,10.62,21200,0.09,10.78,10.59,7357400,78490000.0,0.5,1.79,156.06,168.92,11.66,9.54,0.54
嘉华股份,sh603182,15.62,17.35,16.86,16253200.0,0.0,0,15.62,336400,-9.97,17.0,15.62,16253200,258450000.0,9.88,7.95,25.7,25.7,19.09,15.62,2.13
华利集团,sz300979,43.39,44.3,44.75,4972300.0,43.38,1300,43.39,6100,-2.05,44.78,43.0,4972300,216320000.0,0.43,4.02,506.36,506.36,53.16,35.44,4.46
豫园股份,sh600655,4.66,4.59,4.61,8681800.0,4.66,52700,4.67,20500,1.53,4.69,4.61,8681800,40470000.0,0.22,1.74,181.27,181.39,5.05,4.13,0.88
晶华微,sh688130,21.15,21.03,21.08,115834500.0,21.15,4400,21.19,5400,0.57,21.72,21.08,115834500,24750000.0,1.92,3.04,12.75,25.57,25.24,16.82,0.95
聚光科技,sz300203,13.78,13.62,13.69,6723500.0,13.78,24800,13.79,28000,1.17,14.08,13.61,6723500,93470000.0,1.5,3.45,61.79,61.84,16.34,10.9,1.25
三联虹普,sz300384,15.23,15.09,15.1,3190900.0,15.23,2400,15.24,40100,0.93,15.36,15.1,3190900,48740000.0,1.45,1.72,33.54,48.58,18.11,12.07,1.08
伟隆股份,sz002871,17.06,16.82,16.8,2310300.0,17.06,3500,17.07,9200,1.43,17.25,16.8,2310300,39430000.0,1.55,2.68,25.49,42.97,18.5,15.14,0.82
国电南自,sh600268,14.91,14.84,14.95,33991600.0,14.9,117300,14.91,139500,0.47,15.18,14.82,33991600,509650000.0,3.36,2.43,150.71,151.47,16.32,13.36,0.73
亚香股份,sz301220,40.24,39.48,39.63,1902400.0,40.2,5100,40.24,300,1.93,40.5,39.2,1902400,76170000.0,2.44,3.29,31.32,45.38,47.38,31.58,0.74
久祺股份,sz300994,14.88,14.69,14.76,3477700.0,14.88,2400,14.89,9400,1.29,15.08,14.74,3477700,51950000.0,2.98,2.31,17.36,34.68,17.63,11.75,0.59
贵广网络,sh600996,9.27,9.41,9.45,31224400.0,9.27,28100,9.28,131300,-1.49,9.48,9.27,31224400,292530000.0,2.5,2.23,115.58,115.58,10.35,8.47,0.56
安联锐视,sz301042,92.49,94.3,94.31,1245400.0,92.0,2000,92.49,2700,-1.92,96.0,91.26,1245400,115400000.0,1.89,5.03,61.06,64.49,113.16,75.44,1.1
诺 普 信,sz002215,10.37,10.37,10.46,9743200.0,10.36,58900,10.37,2800,0.0,10.5,10.3,9743200,101270000.0,1.21,1.93,83.27,104.18,11.41,9.33,1.12
欧派家居,sh603833,52.5,52.44,52.49,1713400.0,52.5,8900,52.53,200,0.11,53.09,52.25,1713400,90180000.0,0.28,1.6,319.81,319.81,57.68,47.2,0.75
山西高速,sz000755,5.1,5.08,5.1,4602900.0,5.09,50800,5.1,363200,0.39,5.14,5.08,4602900,23520000.0,0.31,1.18,74.83,74.83,5.59,4.57,0.67
江苏银行,sh600919,10.78,10.81,10.84,54411500.0,10.78,446100,10.79,2400,-0.28,10.85,10.76,54411500,587490000.0,0.3,0.83,1978.27,1978.27,11.89,9.73,0.88
东利机械,sz301298,16.37,15.93,16.26,2971900.0,16.37,700,16.42,4100,2.76,16.69,15.99,2971900,48760000.0,2.75,4.39,17.71,24.03,19.12,12.74,1.29
武汉控股,sh600168,4.93,4.93,4.95,8678200.0,4.92,94500,4.93,487900,0.0,4.99,4.93,8678200,43020000.0,0.87,1.22,48.97,48.97,5.42,4.44,0.91
瑞丰高材,sz300243,13.95,14.05,14.04,15445100.0,13.95,4600,13.96,36800,-0.71,14.19,13.85,15445100,216480000.0,7.92,2.42,27.21,35.02,16.86,11.24,0.87
山煤国际,sh600546,11.38,11.21,11.15,21902300.0,11.38,52500,11.39,122300,1.52,11.53,11.13,21902300,248280000.0,1.1,3.57,225.6,225.6,12.33,10.09,0.88
中国联通,sh600050,4.56,4.52,4.53,131507900.0,4.55,6520100,4.56,832000,0.88,4.59,4.52,131507900,600560000.0,0.42,1.55,1413.16,1425.66,4.97,4.07,1.02
兰剑智能,sh688557,31.21,31.18,31.38,213576900.0,31.2,700,31.21,9000,0.1,31.53,31.08,213576900,66830000.0,2.08,1.44,32.05,32.05,37.42,24.94,1.36
外服控股,sh600662,5.12,5.08,5.13,8478200.0,5.12,45100,5.13,35800,0.79,5.18,5.09,8478200,43600000.0,0.37,1.77,116.56,116.91,5.59,4.57,0.74
甘化科工,sz000576,9.44,9.3,9.36,7809500.0,9.44,2500,9.45,62900,1.51,9.53,9.35,7809500,73840000.0,1.8,1.94,40.95,41.2,10.23,8.37,1.18
中国动力,sh600482,40.44,36.76,39.5,44684800.0,40.44,5373100,0.0,0,10.01,40.44,39.5,44684800,1804690000.0,1.97,2.56,917.28,917.28,40.44,33.08,1.03
纳微科技,sh688690,31.54,26.28,30.0,2253775200.0,31.54,739400,0.0,0,20.02,31.54,29.93,2253775200,703830000.0,5.58,6.13,127.36,127.36,31.54,21.02,5.83
海正药业,sh600267,10.27,10.27,10.28,12973300.0,10.27,201600,10.28,14500,0.0,10.42,10.19,12973300,133400000.0,1.08,2.24,123.11,123.11,11.3,9.24,0.71
祥明智能,sz301226,43.3,44.91,44.92,10295900.0,43.29,5000,43.3,4300,-3.58,44.92,43.18,10295900,453120000.0,9.46,3.87,47.11,47.11,53.89,35.93,0.85
康泰生物,sz300601,14.18,13.91,13.97,10756400.0,14.17,5200,14.18,90900,1.94,14.38,13.96,10756400,152760000.0,1.19,3.02,127.67,158.38,16.69,11.13,1.0
长芯博创,sz300548,223.8,231.86,229.96,32849200.0,223.76,100,223.8,1700,-3.48,233.8,216.16,32849200,7315510000.0,12.2,7.61,602.65,652.54,278.23,185.49,1.13
永安药业,sz002365,13.9,13.96,13.96,5647100.0,13.89,7600,13.9,56600,-0.43,14.09,13.88,5647100,78810000.0,2.3,1.5,34.13,40.96,15.36,12.56,0.8
映翰通,sh688080,53.73,53.45,53.95,110103900.0,53.73,500,53.81,800,0.52,54.66,53.63,110103900,59610000.0,1.49,1.93,39.58,39.58,64.14,42.76,0.9
康隆达,sh603665,28.71,28.52,28.6,3028800.0,28.64,14500,28.71,100,0.67,29.47,28.46,3028800,87470000.0,1.89,3.54,45.98,46.25,31.37,25.67,1.29
柳钢股份,sh601003,4.59,4.61,4.61,12625300.0,4.59,66500,4.6,372000,-0.43,4.68,4.58,12625300,58390000.0,0.49,2.17,117.63,120.91,5.07,4.15,1.01
比音勒芬,sz002832,17.41,17.36,17.48,7482600.0,17.41,25300,17.42,2700,0.29,17.58,17.26,7482600,130070000.0,1.92,1.84,67.8,99.36,19.1,15.62,0.92
海信家电,sz000921,22.25,22.03,22.05,7916500.0,22.25,32200,22.27,200,1.0,22.53,22.05,7916500,177000000.0,0.86,2.18,204.28,308.13,24.23,19.83,0.99
中直股份,sh600038,33.67,33.44,33.54,5027800.0,33.66,25700,33.67,7900,0.69,33.87,33.53,5027800,169690000.0,0.75,1.02,225.23,276.06,36.78,30.1,0.96
春兰股份,sh600854,5.13,5.04,5.06,7720700.0,5.13,31900,5.14,9900,1.79,5.2,5.04,7720700,39620000.0,1.49,3.17,26.65,26.65,5.54,4.54,0.87
冀东装备,sz000856,10.99,10.73,10.83,15214600.0,10.98,34800,10.99,1300,2.42,11.36,10.8,15214600,168030000.0,6.7,5.22,24.95,24.95,11.8,9.66,1.08
威海广泰,sz002111,9.94,9.75,9.84,8037600.0,9.94,13500,9.95,31200,1.95,10.17,9.8,8037600,80480000.0,1.64,3.79,48.58,52.88,10.73,8.78,1.39
浙农股份,sz002758,9.92,9.86,9.9,5473200.0,9.92,61500,9.93,11600,0.61,10.01,9.83,5473200,54370000.0,1.06,1.83,51.41,51.47,10.85,8.87,0.72
亚威股份,sz002559,10.1,9.83,9.88,24160800.0,10.1,47100,10.11,16100,2.75,10.28,9.85,24160800,244470000.0,4.79,4.37,50.91,55.53,10.81,8.85,1.36
恒润股份,sh603985,21.16,20.31,20.38,41045000.0,21.15,106200,21.16,280800,4.19,21.2,20.1,41045000,853340000.0,9.31,5.42,93.29,93.29,22.34,18.28,0.85
通业科技,sz300960,23.33,23.1,23.23,1681600.0,23.33,25400,23.34,2900,1.0,23.63,23.23,1681600,39460000.0,1.28,1.73,30.53,33.7,27.72,18.48,0.48
新华医疗,sh600587,14.41,14.31,14.35,4154500.0,14.41,49200,14.42,2400,0.7,14.54,14.35,4154500,60070000.0,0.68,1.33,87.42,87.42,15.74,12.88,0.8
苏文电能,sz300982,22.25,21.65,21.83,6629700.0,22.25,25400,22.26,200,2.77,22.9,21.83,6629700,149190000.0,3.42,4.94,43.14,46.05,25.98,17.32,1.28
东江环保,sz002672,4.35,4.3,4.38,7223100.0,4.34,27200,4.35,22900,1.16,4.4,4.31,7223100,31460000.0,0.8,2.09,39.37,48.08,4.73,3.87,0.48
沪光股份,sh605333,26.54,26.42,26.44,1578500.0,26.54,17600,26.55,500,0.45,26.81,26.44,1578500,42090000.0,0.36,1.4,115.92,123.16,29.06,23.78,0.67
老板电器,sz002508,20.2,20.21,20.23,5718200.0,20.2,300,20.21,10400,-0.05,20.36,20.01,5718200,115610000.0,0.61,1.73,188.58,190.88,22.23,18.19,1.09
华邦健康,sz002004,5.31,5.31,5.34,21097400.0,5.31,3600,5.32,286800,0.0,5.36,5.28,21097400,112330000.0,1.12,1.51,99.91,105.13,5.84,4.78,0.77
韶能股份,sz000601,6.38,6.4,6.5,56679600.0,6.38,312500,6.39,704100,-0.31,6.53,6.35,56679600,363010000.0,5.4,2.81,66.96,67.91,7.04,5.76,0.59
伊利股份,sh600887,26.14,26.12,26.25,28061100.0,26.13,84400,26.14,477400,0.08,26.48,26.1,28061100,738250000.0,0.45,1.45,1645.23,1653.45,28.73,23.51,0.97
征和工业,sz003033,60.4,61.0,61.0,1923200.0,60.4,100,60.41,200,-0.98,61.44,60.19,1923200,116720000.0,2.38,2.05,48.77,49.38,67.1,54.9,0.53
君正集团,sh601216,5.55,5.54,5.67,84691100.0,5.55,441700,5.56,161400,0.18,5.7,5.53,84691100,474440000.0,1.0,3.07,468.31,468.31,6.09,4.99,0.78
华荣股份,sh603855,19.9,19.9,20.03,1499000.0,19.89,14500,19.9,1900,0.0,20.15,19.84,1499000,29920000.0,0.45,1.56,66.77,67.16,21.89,17.91,0.51
泰和新材,sz002254,10.68,10.65,10.66,11994500.0,10.68,30100,10.69,1000,0.28,10.82,10.63,11994500,128650000.0,1.41,1.78,90.84,91.53,11.72,9.59,0.82
亚辉龙,sh688575,14.85,14.67,14.75,532850400.0,14.85,6000,14.86,30000,1.23,15.03,14.66,532850400,79280000.0,0.93,2.52,84.85,84.85,17.6,11.74,0.89
康缘药业,sh600557,13.81,13.78,13.83,4662200.0,13.81,4700,13.82,7800,0.22,13.97,13.71,4662200,64410000.0,0.82,1.89,78.19,78.19,15.16,12.4,0.81
晶赛科技,bj920981,30.26,30.36,30.8,1525700.0,30.25,700,30.26,4500,-0.33,31.16,30.26,1525700,46698600.0,4.09,2.96,11.29,23.14,39.46,21.26,0.5
浙海德曼,sh688577,67.68,66.53,68.29,85438200.0,67.66,4000,67.68,1400,1.73,68.29,66.61,85438200,57700000.0,0.77,2.53,75.31,75.31,79.84,53.22,0.83
西上海,sh605151,19.28,18.77,18.78,2296100.0,19.25,5100,19.28,4200,2.72,19.41,18.78,2296100,44040000.0,1.71,3.36,25.94,25.94,20.65,16.89,1.2
隆平高科,sz000998,9.74,9.79,9.81,18611200.0,9.74,284600,9.75,102100,-0.51,9.81,9.71,18611200,181540000.0,1.42,1.02,128.09,143.12,10.77,8.81,0.8
世纪天鸿,sz300654,10.89,10.71,10.81,8550400.0,10.88,100,10.89,16600,1.68,11.15,10.7,8550400,93590000.0,2.43,4.2,38.36,39.87,12.85,8.57,0.81
云天励飞-U,sh688343,84.0,83.46,84.9,1139231200.0,84.0,900,84.01,8100,0.65,86.16,84.0,1139231200,969290000.0,3.17,2.59,302.07,302.07,100.15,66.77,0.88
启迪设计,sz300500,10.64,10.51,10.53,3416600.0,10.63,27900,10.64,2500,1.24,10.78,10.53,3416600,36450000.0,2.04,2.38,17.83,18.51,12.61,8.41,0.78
健友股份,sh603707,9.96,9.77,9.85,17804100.0,9.96,12000,9.97,175600,1.94,10.07,9.79,17804100,177270000.0,1.1,2.87,160.92,160.92,10.75,8.79,1.52
东南网架,sz002135,7.6,7.2,7.2,51693100.0,7.6,192300,7.61,530200,5.56,7.64,7.17,51693100,382930000.0,4.95,6.53,79.33,84.78,7.92,6.48,1.48
亚华电子,sz301337,27.6,27.31,27.6,1128600.0,27.59,2100,27.6,3500,1.06,28.03,27.59,1128600,31370000.0,3.05,1.61,10.21,28.76,32.77,21.85,0.82
新 希 望,sz000876,8.38,8.35,8.38,19215000.0,8.38,5400,8.39,595500,0.36,8.41,8.35,19215000,160980000.0,0.43,0.72,377.1,377.33,9.19,7.52,0.75
丽臣实业,sz001218,25.25,24.89,24.92,1315900.0,25.24,400,25.28,200,1.45,25.47,24.85,1315900,33270000.0,1.42,2.49,23.46,32.87,27.38,22.4,0.87
辰安科技,sz300523,21.32,21.22,21.56,1452100.0,21.31,15000,21.32,6500,0.47,21.79,21.27,1452100,31240000.0,0.62,2.45,49.54,49.6,25.46,16.98,0.86
东湖高新,sh600133,9.03,9.15,9.06,36064000.0,9.02,155400,9.03,14600,-1.31,9.14,8.91,36064000,325700000.0,3.38,2.51,96.28,96.28,10.07,8.24,2.25
天津港,sh600717,4.5,4.52,4.54,19618900.0,4.5,795000,4.51,67800,-0.44,4.57,4.5,19618900,88820000.0,0.68,1.55,130.23,130.23,4.97,4.07,0.95
民和股份,sz002234,8.37,8.36,8.37,4740200.0,8.36,1900,8.37,3500,0.12,8.48,8.32,4740200,39850000.0,1.57,1.91,25.23,29.21,9.2,7.52,0.66
金隅冀东,sz000401,4.75,4.75,4.77,14506000.0,4.74,210300,4.75,28300,0.0,4.83,4.73,14506000,69310000.0,0.55,2.11,124.99,126.27,5.23,4.28,0.87
易普力,sz002096,11.85,11.63,11.72,9363500.0,11.85,24100,11.86,64600,1.89,12.03,11.65,9363500,111450000.0,0.75,3.27,146.99,146.99,12.79,10.47,1.08
联环药业,sh600513,22.57,23.41,23.42,30887300.0,22.57,69800,22.58,35600,-3.59,23.64,22.55,30887300,708630000.0,10.82,4.66,64.43,64.43,25.75,21.07,0.67
迎驾贡酒,sh603198,35.68,35.27,35.27,2778400.0,35.65,400,35.68,400,1.16,35.95,35.25,2778400,98960000.0,0.35,1.98,285.44,285.44,38.8,31.74,0.43
信达证券,sh601059,16.83,16.54,16.62,13074400.0,16.83,5900,16.84,1900,1.75,17.1,16.59,13074400,221090000.0,0.4,3.08,545.8,545.8,18.19,14.89,2.1
重庆水务,sh601158,4.35,4.34,4.35,7997200.0,4.34,582200,4.35,21600,0.23,4.37,4.34,7997200,34840000.0,0.17,0.69,208.8,208.8,4.77,3.91,0.5
迦南智能,sz300880,21.04,20.87,21.0,4727500.0,21.04,16900,21.05,800,0.81,21.41,20.93,4727500,100220000.0,2.42,2.3,41.05,41.06,25.04,16.7,0.65
豪森智能,sh688529,17.79,17.5,17.49,92561600.0,17.79,10100,17.8,44500,1.66,18.03,17.49,92561600,16510000.0,0.55,3.09,29.92,29.92,21.0,14.0,0.81
智洋创新,sh688191,41.0,40.7,40.48,449636500.0,40.99,1500,41.0,5000,0.74,41.73,40.09,449636500,183830000.0,1.94,4.03,94.98,94.98,48.84,32.56,0.78
九强生物,sz300406,12.06,11.93,11.98,2853300.0,12.06,82900,12.07,3200,1.09,12.18,11.97,2853300,34480000.0,0.67,1.76,51.17,70.71,14.32,9.54,0.95
宁波能源,sh600982,5.26,5.33,5.32,51844400.0,5.26,279000,5.27,674900,-1.31,5.35,5.25,51844400,274040000.0,4.64,1.88,58.79,58.79,5.86,4.8,0.49
潍柴动力,sz000338,27.0,25.98,26.55,127133000.0,26.99,27800,27.0,628600,3.93,27.2,26.11,127133000,3413670000.0,2.54,4.2,1350.94,2352.35,28.58,23.38,1.19
涪陵榨菜,sz002507,12.36,12.3,12.34,6254600.0,12.35,66000,12.36,8500,0.49,12.4,12.32,6254600,77380000.0,0.54,0.65,142.24,142.62,13.53,11.07,0.72
时创能源,sh688429,13.93,13.57,13.66,453624600.0,13.93,5700,13.94,1000,2.65,14.16,13.66,453624600,63350000.0,3.79,3.68,16.69,55.72,16.28,10.86,1.1
万兴科技,sz300624,69.69,69.37,69.96,6899200.0,69.69,5600,69.7,19900,0.46,70.88,69.69,6899200,484280000.0,4.03,1.72,119.33,134.74,83.24,55.5,0.93
松芝股份,sz002454,10.18,9.93,9.88,28005800.0,10.17,9700,10.18,57500,2.52,10.3,9.88,28005800,284350000.0,4.47,4.23,63.82,63.99,10.92,8.94,0.98
中原证券,sh601375,4.04,3.97,4.0,61797900.0,4.04,495000,4.05,70500,1.76,4.14,4.0,61797900,251990000.0,1.79,3.53,139.28,187.57,4.37,3.57,2.23
养元饮品,sh603156,30.35,30.91,31.15,5217000.0,30.35,9700,30.36,1800,-1.81,31.21,30.31,5217000,160130000.0,0.41,2.91,382.49,382.49,34.0,27.82,0.9
华翔股份,sh603112,18.75,19.01,19.25,17632100.0,18.75,9600,18.76,13400,-1.37,19.3,18.73,17632100,332790000.0,3.47,3.0,95.24,101.24,20.91,17.11,1.56
精工钢构,sh600496,3.96,3.98,4.0,22259000.0,3.96,359700,3.97,13300,-0.5,4.0,3.94,22259000,88280000.0,1.12,1.51,78.81,78.81,4.38,3.58,1.02
奥比中光-UW,sh688322,80.68,77.64,79.24,737006200.0,80.66,600,80.68,1700,3.92,82.79,79.01,737006200,596220000.0,2.31,4.87,257.11,323.64,93.17,62.11,1.64
天味食品,sh603317,13.52,13.18,13.25,13059300.0,13.52,14100,13.53,6100,2.58,13.83,13.13,13059300,176590000.0,1.23,5.31,143.95,143.95,14.5,11.86,1.48
维信诺,sz002387,8.15,7.91,8.02,17383400.0,8.14,76800,8.15,149300,3.03,8.28,8.01,17383400,142230000.0,1.25,3.41,113.69,113.84,8.7,7.12,1.45
华胜天成,sh600410,27.06,27.35,27.66,159624700.0,27.06,220700,27.07,166300,-1.06,28.06,27.06,159624700,4389530000.0,14.56,3.66,296.71,296.71,30.09,24.62,0.96
上海建科,sh603153,16.36,16.2,16.23,2015200.0,16.35,2500,16.36,800,0.99,16.6,16.16,2015200,33080000.0,0.5,2.72,66.06,67.05,17.82,14.58,1.35
海利尔,sh603639,13.67,13.58,13.55,5457100.0,13.66,1000,13.67,3300,0.66,14.04,13.5,5457100,74950000.0,1.61,3.98,46.46,47.8,14.94,12.22,1.26
北化股份,sz002246,24.33,24.23,24.26,19714200.0,24.32,52000,24.33,16800,0.41,25.05,24.07,19714200,484010000.0,3.59,4.04,133.58,133.58,26.65,21.81,0.8
龙建股份,sh600853,3.96,3.91,3.92,14755100.0,3.96,11100,3.97,251400,1.28,4.01,3.91,14755100,58450000.0,1.46,2.56,40.14,40.14,4.3,3.52,1.07
纽威股份,sh603699,52.99,51.74,52.05,5409700.0,52.98,600,52.99,100,2.42,53.99,51.6,5409700,288130000.0,0.71,4.62,401.74,410.82,56.91,46.57,0.75
泸天化,sz000912,5.06,5.14,5.15,45855100.0,5.06,16000,5.07,127200,-1.56,5.18,5.01,45855100,232940000.0,2.92,3.31,79.34,79.34,5.65,4.63,0.56
雪峰科技,sh603227,10.49,10.15,10.1,41756100.0,10.49,86400,10.5,104000,3.35,10.75,10.1,41756100,438160000.0,3.9,6.4,112.42,112.42,11.17,9.14,1.07
红塔证券,sh601236,7.74,7.58,7.63,25529300.0,7.73,203200,7.74,18700,2.11,7.85,7.63,25529300,198410000.0,0.54,2.9,365.08,365.08,8.34,6.82,2.09
金牌家居,sh603180,19.15,19.14,19.16,648600.0,19.13,3000,19.15,500,0.05,19.34,19.01,648600,12450000.0,0.42,1.72,29.54,29.54,21.05,17.23,0.85
基蛋生物,sh603387,10.19,9.75,9.83,66755100.0,10.18,230900,10.19,7100,4.51,10.73,9.77,66755100,689420000.0,13.16,9.85,51.68,51.68,10.73,8.78,1.48
川网传媒,sz300987,17.36,17.07,17.24,3404500.0,17.36,49600,17.37,200,1.7,17.58,17.22,3404500,59250000.0,1.96,2.11,30.1,30.1,20.48,13.66,0.83
苏州龙杰,sh603332,12.99,12.92,12.94,3310500.0,12.98,7500,12.99,1200,0.54,13.13,12.85,3310500,43030000.0,1.53,2.17,28.1,28.1,14.21,11.63,0.67
三态股份,sz301558,8.13,8.04,8.17,5957800.0,8.12,36700,8.13,55700,1.12,8.22,8.11,5957800,48580000.0,2.72,1.37,17.83,64.13,9.65,6.43,0.92
成都路桥,sz002628,5.07,5.12,5.15,25533600.0,5.06,207200,5.07,31500,-0.98,5.24,5.06,25533600,131430000.0,3.39,3.52,38.22,38.38,5.63,4.61,1.21
三峡能源,sh600905,4.11,4.1,4.1,112993400.0,4.1,953900,4.11,8272400,0.24,4.11,4.09,112993400,463060000.0,0.4,0.49,1174.95,1174.95,4.51,3.69,0.74
先锋新材,sz300163,4.6,4.62,4.65,19696300.0,4.6,380600,4.61,36600,-0.43,4.67,4.59,19696300,91030000.0,4.34,1.73,20.87,21.8,5.54,3.7,1.24
中铁特货,sz001213,4.07,4.05,4.07,17775100.0,4.07,300500,4.08,152700,0.49,4.13,4.06,17775100,72740000.0,0.4,1.73,180.89,180.89,4.46,3.65,0.83
锌业股份,sz000751,5.3,5.38,5.44,36171200.0,5.3,969900,5.31,145000,-1.49,5.46,5.3,36171200,194230000.0,2.57,2.97,74.72,85.63,5.92,4.84,0.96
西力科技,sh688616,13.56,13.51,13.61,240276100.0,13.56,4400,13.57,45700,0.37,13.75,13.48,240276100,32700000.0,1.34,2.0,24.32,24.32,16.21,10.81,0.99
博闻科技,sh600883,7.94,7.93,7.98,3764800.0,7.94,6600,7.96,5100,0.13,8.09,7.87,3764800,30110000.0,1.59,2.77,18.75,18.75,8.72,7.14,0.68
老白干酒,sh600559,13.49,13.38,13.39,5959000.0,13.49,1700,13.5,71000,0.82,13.57,13.39,5959000,80460000.0,0.66,1.35,122.69,123.4,14.72,12.04,0.95
格力博,sz301260,15.32,15.31,15.43,1558600.0,15.32,16400,15.33,2000,0.07,15.51,15.3,1558600,24030000.0,0.76,1.37,31.32,73.91,18.37,12.25,0.88
中集环科,sz301559,16.5,16.15,16.26,3299000.0,16.5,8500,16.51,6700,2.17,16.89,16.19,3299000,54790000.0,3.67,4.33,14.85,99.0,19.38,12.92,1.49
大北农,sz002385,3.95,3.95,3.96,54422700.0,3.95,3566400,3.96,225400,0.0,3.97,3.94,54422700,215390000.0,1.54,0.76,139.2,169.85,4.35,3.56,0.71
恒力石化,sh600346,23.16,23.43,23.43,25817300.0,23.15,1000,23.16,43400,-1.15,23.44,23.08,25817300,599440000.0,0.37,1.54,1630.26,1630.26,25.77,21.09,0.82
天通股份,sh600330,19.0,19.7,20.6,219937700.0,18.99,94300,19.0,22500,-3.55,20.79,18.66,219937700,4262690000.0,17.83,10.81,234.35,234.35,21.67,17.73,1.68
爱施德,sz002416,13.33,13.24,13.43,26919200.0,13.32,106500,13.33,49300,0.68,13.52,13.29,26919200,361350000.0,2.2,1.74,163.15,165.2,14.56,11.92,1.48
新炬网络,sh605398,27.05,26.76,26.95,2557500.0,27.04,2700,27.05,500,1.08,27.8,26.95,2557500,69840000.0,1.57,3.18,44.01,44.01,29.44,24.08,0.83
中辰股份,sz300933,7.84,7.73,7.79,8754600.0,7.83,96600,7.84,59700,1.42,8.0,7.79,8754600,69110000.0,1.6,2.72,42.89,42.89,9.28,6.18,0.94
浙版传媒,sh601921,8.04,7.95,7.99,9411700.0,8.03,32600,8.04,2200,1.13,8.09,7.96,9411700,75630000.0,0.42,1.64,178.67,178.67,8.75,7.16,1.09
冀凯股份,sz002691,7.4,7.23,7.36,4095100.0,7.4,24500,7.41,84500,2.35,7.46,7.3,4095100,30290000.0,1.22,2.21,24.86,25.16,7.95,6.51,0.79
泽宇智能,sz301179,24.87,25.69,25.71,21330400.0,24.86,75600,24.87,7700,-3.19,26.0,24.8,21330400,538860000.0,8.98,4.67,59.07,100.58,30.83,20.55,0.69
瑞纳智能,sz301129,25.55,25.15,25.27,1785200.0,25.54,300,25.55,200,1.59,25.73,25.27,1785200,45700000.0,2.69,1.83,16.94,34.72,30.18,20.12,0.92
健帆生物,sz300529,17.58,17.39,17.45,3325300.0,17.58,8100,17.59,2100,1.09,17.75,17.45,3325300,58620000.0,0.65,1.73,90.09,140.39,20.87,13.91,1.0
会通股份,sh688219,10.83,10.67,10.85,472985800.0,10.82,66900,10.83,14700,1.5,10.96,10.77,472985800,51400000.0,0.86,1.78,59.52,59.52,12.8,8.54,1.02
远大控股,sz000626,8.61,7.83,8.61,9666300.0,8.61,3760900,0.0,0,9.96,8.61,8.61,9666300,83230000.0,1.92,0.0,43.37,43.62,8.61,7.05,0.89
未来电器,sz301386,25.44,25.22,25.3,1561300.0,25.4,300,25.44,2600,0.87,25.62,25.2,1561300,39680000.0,3.47,1.67,11.45,35.62,30.26,20.18,0.85
中孚信息,sz300659,12.97,12.8,12.92,4173500.0,12.96,11500,12.97,40400,1.33,13.14,12.92,4173500,54350000.0,2.21,1.72,24.54,33.77,15.36,10.24,0.69
今天国际,sz300532,11.61,11.42,11.52,8357800.0,11.61,33800,11.62,3900,1.66,11.72,11.52,8357800,97330000.0,1.94,1.75,50.13,52.71,13.7,9.14,0.87
科前生物,sh688526,15.05,14.9,14.9,220603700.0,15.04,1000,15.05,17500,1.01,15.18,14.9,220603700,33260000.0,0.47,1.88,70.15,70.15,17.88,11.92,0.72
东方环宇,sh603706,19.28,19.04,19.04,801600.0,19.27,8900,19.28,12000,1.26,19.4,19.04,801600,15440000.0,0.42,1.89,36.51,36.51,20.94,17.14,0.76
安博通,sh688168,69.79,70.59,71.5,85931800.0,69.58,200,69.79,2900,-1.13,71.99,69.37,85931800,60400000.0,1.11,3.71,53.87,53.87,84.71,56.47,1.32
中化国际,sh600500,4.45,4.39,4.4,27950100.0,4.45,24800,4.46,338900,1.37,4.52,4.38,27950100,124840000.0,0.78,3.19,159.68,159.68,4.83,3.95,0.79
宏景科技,sz301396,198.0,203.3,208.38,12680600.0,198.0,56100,198.01,200,-2.61,211.6,195.0,12680600,2590980000.0,16.67,8.17,150.64,303.96,243.96,162.64,0.96
当虹科技,sh688039,42.27,42.03,42.47,190491200.0,42.26,2900,42.27,7400,0.57,42.98,42.13,190491200,80970000.0,1.72,2.02,46.75,46.75,50.44,33.62,0.88
中粮资本,sz002423,10.48,10.31,10.32,16675500.0,10.48,69600,10.49,26900,1.65,10.57,10.32,16675500,174790000.0,0.72,2.42,241.47,241.47,11.34,9.28,0.92
联测科技,sh688113,38.81,38.82,38.92,59796700.0,38.71,200,38.81,1800,-0.03,39.5,38.6,59796700,23380000.0,0.93,2.32,24.99,24.99,46.58,31.06,0.89
大地熊,sh688077,29.56,29.44,29.64,232112800.0,29.56,1600,29.57,100000,0.41,29.96,29.35,232112800,68840000.0,2.03,2.07,33.84,33.84,35.33,23.55,0.81
锦江航运,sh601083,13.19,13.11,13.3,13072000.0,13.18,63100,13.19,65900,0.61,13.33,13.12,13072000,172360000.0,6.73,1.6,25.6,170.69,14.42,11.8,0.48
山西焦化,sh600740,4.28,4.32,4.3,32386400.0,4.28,328100,4.3,280500,-0.93,4.33,4.27,32386400,139210000.0,1.26,1.39,109.66,109.66,4.75,3.89,0.63
上海机电,sh600835,22.5,22.05,22.44,10948700.0,22.5,12100,22.51,3100,2.04,23.26,22.28,10948700,248850000.0,1.36,4.44,181.46,230.12,24.26,19.85,2.04
牧原股份,sz002714,43.01,43.8,43.83,44010500.0,43.01,9100,43.02,27900,-1.8,44.0,42.84,44010500,1901610000.0,1.16,2.65,1634.46,2482.97,48.18,39.42,1.12
永泰运,sz001228,34.13,31.63,31.79,4128600.0,34.12,300,34.13,71400,7.9,34.28,31.79,4128600,138190000.0,5.17,7.87,27.26,35.45,34.79,28.47,3.53
凤竹纺织,sh600493,7.4,7.34,7.39,7471300.0,7.4,232800,7.41,100,0.82,7.6,7.34,7471300,55720000.0,2.75,3.54,20.13,20.13,8.07,6.61,0.94
青木科技,sz301110,59.51,58.7,59.0,2022300.0,59.5,7100,59.51,1500,1.38,60.98,59.0,2022300,121440000.0,3.09,3.37,38.9,55.07,70.44,46.96,0.95
山水比德,sz300844,35.17,33.29,33.57,2368800.0,35.15,1500,35.17,200,5.65,37.24,33.49,2368800,84190000.0,2.63,11.26,31.67,32.78,39.95,26.63,3.21
中科软,sh603927,16.77,16.58,16.65,6186800.0,16.77,12900,16.78,1500,1.15,16.93,16.65,6186800,104150000.0,0.74,1.69,139.37,139.37,18.24,14.92,0.98
可孚医疗,sz301087,56.45,56.67,56.87,2465200.0,56.44,200,56.45,3400,-0.39,57.55,55.98,2465200,139750000.0,1.27,2.77,109.54,117.92,68.0,45.34,1.17
四会富仕,sz300852,41.01,40.71,40.96,3738700.0,41.0,10000,41.01,100,0.74,41.88,40.72,3738700,154230000.0,2.41,2.85,63.55,65.83,48.85,32.57,0.9
睿昂基因,sh688217,28.25,27.81,27.96,98485300.0,28.08,1000,28.25,2900,1.58,28.83,27.67,98485300,27920000.0,1.76,4.17,15.78,15.78,33.37,22.25,0.96
帅丰电器,sh605336,15.6,15.25,15.28,3995000.0,15.6,65900,15.61,9400,2.3,15.84,15.28,3995000,62410000.0,2.18,3.67,28.61,28.61,16.78,13.73,1.22
益方生物-U,sh688382,21.04,21.5,21.26,1475374300.0,21.04,13900,21.05,9400,-2.14,21.75,20.91,1475374300,313810000.0,2.55,3.91,121.68,121.68,25.8,17.2,0.54
蓝海华腾,sz300484,17.14,16.71,16.94,3677300.0,17.13,1000,17.14,1600,2.57,17.33,16.9,3677300,63170000.0,2.21,2.57,28.51,35.51,20.05,13.37,1.56
威高血净,sh603014,37.57,37.25,37.43,728200.0,37.56,1000,37.57,2600,0.86,37.79,37.29,728200,27380000.0,1.85,1.34,14.79,156.95,40.98,33.53,0.84
长华集团,sh605018,11.94,11.81,11.78,8573200.0,11.93,26100,11.94,12500,1.1,12.03,11.77,8573200,102460000.0,1.82,2.2,56.13,56.13,12.99,10.63,0.53
华康股份,sh605077,14.77,14.8,14.79,5311500.0,14.76,2600,14.77,2300,-0.2,15.0,14.7,5311500,78840000.0,1.77,2.03,44.23,44.76,16.28,13.32,1.47
沃森生物,sz300142,12.56,12.58,12.6,38807500.0,12.56,119400,12.57,26900,-0.16,12.82,12.55,38807500,491610000.0,2.49,2.15,196.0,200.88,15.1,10.06,0.87
新天绿能,sh600956,8.0,8.06,8.06,17393600.0,7.99,72300,8.0,2600,-0.74,8.1,7.98,17393600,139800000.0,0.74,1.49,187.85,361.02,8.87,7.25,0.78
大港股份,sz002077,15.66,15.68,15.86,18196200.0,15.66,222200,15.67,21800,-0.13,16.23,15.66,18196200,289100000.0,3.14,3.64,90.88,90.88,17.25,14.11,0.7
华东医药,sz000963,36.05,35.95,35.87,10824300.0,36.02,2200,36.05,27100,0.28,36.5,35.81,10824300,391190000.0,0.62,1.92,631.96,632.22,39.55,32.36,0.83
洋河股份,sz002304,50.27,49.92,50.01,3695500.0,50.27,700,50.28,5800,0.7,50.48,49.98,3695500,185690000.0,0.25,1.0,757.27,757.29,54.91,44.93,0.84
广东建工,sz002060,3.75,3.79,3.81,28828800.0,3.75,664600,3.76,107300,-1.06,3.81,3.75,28828800,109110000.0,1.84,1.58,58.61,140.79,4.17,3.41,0.72
可立克,sz002782,22.27,22.03,22.23,14722100.0,22.27,4200,22.28,17200,1.09,22.58,21.82,14722100,326400000.0,3.03,3.45,108.34,110.45,24.23,19.83,1.41
华夏航空,sz002928,8.55,8.57,8.56,40796600.0,8.54,115500,8.55,16500,-0.23,8.6,8.43,40796600,348270000.0,3.19,1.98,109.29,109.29,9.43,7.71,1.27
中泰股份,sz300435,27.12,26.76,26.77,9998000.0,27.12,24900,27.13,7900,1.35,27.29,26.7,9998000,270880000.0,2.71,2.2,100.02,104.61,32.11,21.41,1.11
爱博医疗,sh688050,51.62,51.17,51.44,100515500.0,51.58,600,51.62,100,0.88,52.08,51.2,100515500,52060000.0,0.52,1.72,99.83,99.83,61.4,40.94,0.87
康龙化成,sz300759,31.11,30.55,30.66,48083000.0,31.1,9900,31.11,21100,1.83,32.11,30.34,48083000,1496370000.0,3.39,5.79,441.77,571.58,36.66,24.44,0.97
龙腾光电,sh688055,4.2,4.29,4.3,2055789400.0,4.19,135700,4.2,76400,-2.1,4.36,4.18,2055789400,87570000.0,0.62,4.2,140.0,140.0,5.15,3.43,0.97
宝钢股份,sh600019,6.42,6.4,6.41,63048100.0,6.42,781600,6.43,246800,0.31,6.47,6.39,63048100,405750000.0,0.29,1.25,1398.41,1398.41,7.04,5.76,0.94
宇新股份,sz002986,15.79,15.8,15.86,6789700.0,15.79,1900,15.81,18800,-0.06,16.33,15.57,6789700,108170000.0,2.25,4.81,47.66,60.02,17.38,14.22,0.77
石化机械,sz000852,7.06,6.99,7.0,11383800.0,7.05,57800,7.06,64200,1.0,7.11,7.0,11383800,80490000.0,1.2,1.57,66.78,67.49,7.69,6.29,0.46
赛诺医疗,sh688108,21.91,21.31,21.52,1433413500.0,21.9,57400,21.91,2700,2.82,22.43,21.41,1433413500,315220000.0,3.43,4.79,91.57,91.57,25.57,17.05,1.07
强力新材,sz300429,13.73,13.8,13.89,24556500.0,13.73,48000,13.74,24200,-0.51,14.11,13.72,24556500,342250000.0,6.13,2.83,54.98,73.88,16.56,11.04,1.02
红日药业,sz300026,3.55,3.56,3.6,42487300.0,3.55,806700,3.56,154800,-0.28,3.63,3.54,42487300,152110000.0,1.55,2.53,97.22,106.65,4.27,2.85,0.62
法兰泰克,sh603966,13.63,13.9,14.0,18056500.0,13.63,23400,13.64,15900,-1.94,14.0,13.56,18056500,248250000.0,4.54,3.17,54.21,54.34,15.29,12.51,0.61
永鼎股份,sh600105,38.1,34.64,34.65,233130000.0,38.1,5772500,0.0,0,9.99,38.1,33.98,233130000,8424380000.0,15.95,11.89,557.02,557.02,38.1,31.18,1.37
正邦科技,sz002157,3.07,3.07,3.08,99263000.0,3.07,2953800,3.08,812300,0.0,3.11,3.07,99263000,306560000.0,1.37,1.3,222.09,283.98,3.38,2.76,0.74
新点软件,sh688232,21.95,21.77,21.89,202151600.0,21.95,5700,21.97,1000,0.83,22.27,21.87,202151600,44620000.0,0.63,1.84,70.68,70.68,26.12,17.42,0.88
泰禾股份,sz301665,26.9,26.88,26.89,2795300.0,26.89,9200,26.9,1800,0.07,27.15,26.68,2795300,75130000.0,7.31,1.75,10.29,121.05,32.26,21.5,1.05
秦港股份,sh601326,3.68,3.78,3.78,61942400.0,3.68,141800,3.69,447000,-2.65,3.79,3.65,61942400,228780000.0,1.3,3.7,175.08,205.62,4.16,3.4,1.02
康力源,sz301287,42.04,42.03,42.04,1266900.0,42.03,3000,42.04,1000,0.02,42.43,41.7,1266900,53330000.0,7.44,1.74,7.16,28.03,50.44,33.62,0.81
锦鸡股份,sz300798,10.28,10.1,10.26,37370200.0,10.27,60000,10.28,93800,1.78,10.5,9.88,37370200,382640000.0,9.8,6.14,39.21,48.2,12.12,8.08,1.33
华润三九,sz000999,27.8,27.69,27.73,20213200.0,27.79,1400,27.8,129600,0.4,27.81,27.49,20213200,557800000.0,1.22,1.16,462.23,462.65,30.46,24.92,1.4
深圳机场,sz000089,6.87,6.87,6.92,5672300.0,6.87,167400,6.88,2900,0.0,6.94,6.87,5672300,39150000.0,0.28,1.02,140.89,140.89,7.56,6.18,0.65
向日葵,sz300111,3.94,3.94,3.96,40730200.0,3.94,269400,3.95,132500,0.0,4.04,3.94,40730200,162420000.0,3.16,2.54,50.72,50.72,4.73,3.15,0.91
博迅生物,bj920504,21.78,21.75,21.77,202700.0,21.78,300,21.88,500,0.14,22.15,21.72,202700,4443500.0,1.19,1.98,3.72,9.44,28.27,15.23,0.48
TCL智家,sz002668,9.18,9.0,9.06,12252700.0,9.18,80500,9.19,55600,2.0,9.24,9.03,12252700,112130000.0,1.13,2.33,99.52,99.52,9.9,8.1,1.51
龙江交通,sh601188,3.32,3.31,3.31,12459100.0,3.32,115600,3.33,540500,0.3,3.35,3.3,12459100,41460000.0,0.95,1.51,43.34,43.34,3.64,2.98,0.64
隆华新材,sz301149,12.82,12.73,12.55,18669500.0,12.82,80900,12.83,34700,0.71,12.96,12.52,18669500,238380000.0,7.15,3.46,33.49,55.13,15.28,10.18,0.97
长联科技,sz301618,48.1,47.7,48.14,313000.0,48.1,22900,48.11,100,0.84,48.42,47.86,313000,15100000.0,0.94,1.17,15.95,43.39,57.24,38.16,0.79
ST八菱,sz002592,8.22,8.16,8.13,5409900.0,8.22,19200,8.24,1000,0.74,8.38,8.1,5409900,44610000.0,2.06,3.43,21.59,23.29,8.57,7.75,0.79
国盛智科,sh688558,29.92,29.71,30.08,103331700.0,29.87,700,29.92,1700,0.71,30.36,29.83,103331700,31080000.0,0.78,1.78,39.49,39.49,35.65,23.77,1.13
海看股份,sz301262,23.42,23.1,23.72,4785400.0,23.41,1000,23.42,400,1.39,23.89,23.35,4785400,112590000.0,3.92,2.34,28.59,97.66,27.72,18.48,1.19
和晶科技,sz300279,8.57,8.47,8.54,14243700.0,8.57,101300,8.59,1900,1.18,8.79,8.52,14243700,123060000.0,2.93,3.19,41.73,41.92,10.16,6.78,0.84
安洁科技,sz002635,15.47,15.75,15.6,47177900.0,15.47,36800,15.48,71800,-1.78,16.01,15.19,47177900,729760000.0,11.93,5.21,61.19,102.05,17.33,14.18,2.09
新铝时代,sz301613,46.86,46.58,46.88,820600.0,46.86,2200,46.88,100,0.6,47.5,46.68,820600,38540000.0,0.98,1.76,39.32,67.4,55.9,37.26,0.86
瑞芯微,sh603893,170.02,160.37,170.0,12946300.0,170.01,102200,170.02,34800,6.02,176.18,169.2,12946300,2226560000.0,3.08,4.35,715.57,715.78,176.41,144.33,2.56
成都先导,sh688222,26.7,26.79,26.7,1648564700.0,26.69,2000,26.7,50400,-0.34,27.46,26.4,1648564700,444410000.0,4.11,3.96,106.98,106.98,32.15,21.43,0.7
长虹华意,sz000404,7.17,7.06,7.08,9779600.0,7.16,71500,7.17,143000,1.56,7.22,7.08,9779600,70070000.0,1.41,1.98,49.67,49.9,7.77,6.35,1.21
江苏索普,sh600746,9.8,9.91,9.91,23180700.0,9.79,6000,9.8,116300,-1.11,10.08,9.7,23180700,228640000.0,1.98,3.83,114.45,114.45,10.9,8.92,0.52
苏州规划,sz301505,22.0,21.47,21.67,3351100.0,21.99,2100,22.0,47800,2.47,22.69,21.58,3351100,74220000.0,4.29,5.17,17.2,25.17,25.76,17.18,1.49
德新科技,sh603032,18.27,17.71,17.88,6494200.0,18.26,5100,18.27,23200,3.16,18.57,17.88,6494200,118990000.0,2.8,3.9,42.32,42.61,19.48,15.94,1.76
江苏有线,sh600959,3.96,4.08,4.04,106861500.0,3.95,528600,3.96,236400,-2.94,4.06,3.93,106861500,424380000.0,2.14,3.19,198.03,198.03,4.49,3.67,1.19
安恒信息,sh688023,49.57,48.74,49.14,198472900.0,49.57,3100,49.58,500,1.7,50.18,49.03,198472900,98680000.0,1.95,2.36,50.45,50.45,58.49,38.99,0.85
江天化学,sz300927,29.99,30.79,31.09,7490500.0,29.99,300,30.0,7200,-2.6,31.38,29.92,7490500,226820000.0,5.32,4.74,42.25,43.29,36.95,24.63,0.69
宏微科技,sh688711,27.41,27.2,27.47,395749400.0,27.4,17000,27.41,4300,0.77,27.96,27.4,395749400,109410000.0,1.86,2.06,58.41,58.41,32.64,21.76,1.1
东方雨虹,sz002271,15.69,15.81,15.88,30179000.0,15.68,24600,15.69,47800,-0.76,16.27,15.67,30179000,479260000.0,1.58,3.8,300.46,374.79,17.39,14.23,1.06
龙迅股份,sh688486,63.7,61.11,63.6,266822800.0,63.69,42900,63.7,3200,4.24,64.69,63.6,266822800,170990000.0,2.0,1.78,84.92,84.93,73.33,48.89,1.98
仟源医药,sz300254,11.99,11.3,11.35,23403200.0,11.98,27700,11.99,6100,6.11,12.18,11.35,23403200,277950000.0,10.36,7.35,27.09,30.7,13.56,9.04,2.09
联域股份,sz001326,53.95,53.1,53.41,1041000.0,53.93,2600,53.95,200,1.6,54.49,52.68,1041000,56100000.0,4.32,3.41,13.0,39.49,58.41,47.79,1.02
杭州热电,sh605011,19.18,19.15,19.18,2581300.0,19.18,51500,19.19,46000,0.16,19.27,19.14,2581300,49580000.0,0.65,0.68,76.74,76.74,21.07,17.24,0.52
华域汽车,sh600741,20.47,20.56,20.5,15699500.0,20.46,8300,20.47,27100,-0.44,20.65,20.4,15699500,321840000.0,0.5,1.22,645.36,645.36,22.62,18.5,0.67
中诚咨询,bj920003,27.98,27.83,27.82,149400.0,27.98,200,27.99,5200,0.54,28.07,27.5,149400,4161300.0,1.12,2.05,3.73,18.11,36.17,19.49,0.64
贵州燃气,sh600903,6.31,6.29,6.29,5729300.0,6.31,123700,6.32,19100,0.32,6.35,6.29,5729300,36230000.0,0.5,0.95,72.57,72.57,6.92,5.66,0.64
宁新新材,bj920719,10.67,10.38,10.38,2162700.0,10.67,1800,10.68,3900,2.79,10.86,10.38,2162700,23200700.0,2.95,4.62,7.81,9.93,13.49,7.27,1.92
*ST节能,sz000820,3.37,3.34,3.36,2989500.0,3.36,110000,3.37,324500,0.9,3.37,3.34,2989500,10020000.0,1.01,0.9,10.01,21.79,3.51,3.17,0.71
盛景微,sh603375,39.08,38.51,38.72,1767700.0,39.07,200,39.08,20200,1.48,39.47,38.51,1767700,69040000.0,2.77,2.49,24.93,39.34,42.36,34.66,1.32
新光光电,sh688011,74.4,74.4,75.23,238583300.0,74.4,3200,74.41,2000,0.0,76.16,74.39,238583300,179110000.0,2.39,2.38,74.15,74.4,89.28,59.52,1.0
福斯特,sh603806,17.62,17.73,17.81,57292100.0,17.62,3300,17.63,34700,-0.62,18.2,17.35,57292100,1019570000.0,2.2,4.79,459.66,459.66,19.5,15.96,1.42
中泰证券,sh600918,6.08,5.99,6.02,43700000.0,6.08,530200,6.09,248500,1.5,6.2,6.02,43700000,267820000.0,1.11,3.01,238.69,481.44,6.59,5.39,2.17
蓝焰控股,sz000968,9.25,9.53,9.25,73194100.0,9.25,113200,9.26,209100,-2.94,9.43,9.14,73194100,677920000.0,7.57,3.04,89.49,89.49,10.48,8.58,1.08
中国电信,sh601728,5.79,5.74,5.75,133524100.0,5.79,741400,5.8,189400,0.87,5.83,5.74,133524100,773430000.0,0.17,1.57,4494.76,5298.26,6.31,5.17,1.42
电工合金,sz300697,15.39,15.19,15.3,5534000.0,15.39,6300,15.4,12900,1.32,15.6,15.29,5534000,85520000.0,2.75,2.04,31.01,66.58,18.23,12.15,1.14
维科精密,sz301499,33.0,31.25,31.8,6021600.0,33.0,18100,33.1,600,5.6,34.34,31.7,6021600,201110000.0,17.42,8.45,11.41,45.62,37.5,25.0,3.19
地素时尚,sh603587,12.22,12.11,12.15,1017600.0,12.21,6200,12.22,6600,0.91,12.33,12.12,1017600,12450000.0,0.21,1.73,57.93,57.93,13.32,10.9,0.63
天合光能,sh688599,16.12,15.78,16.0,3277726000.0,16.11,140900,16.12,22900,2.15,16.39,15.95,3277726000,530650000.0,1.4,2.79,377.62,377.62,18.94,12.62,0.9
电投产融,sz000958,6.08,6.04,6.05,20884100.0,6.08,678700,6.09,32200,0.66,6.12,6.04,20884100,127260000.0,0.39,1.32,327.31,1056.29,6.64,5.44,0.65
福日电子,sh600203,11.29,11.2,11.27,12420300.0,11.28,11100,11.29,34000,0.8,11.39,11.22,12420300,140490000.0,2.09,1.52,66.95,66.95,12.32,10.08,0.96
锦和商管,sh603682,6.31,6.18,6.18,5961000.0,6.31,20000,6.32,146500,2.1,6.38,6.18,5961000,37520000.0,1.26,3.24,29.81,29.81,6.8,5.56,0.76
迈拓股份,sz301006,17.44,17.48,17.64,1723000.0,17.44,1200,17.46,100,-0.23,17.83,17.42,1723000,30350000.0,2.0,2.35,15.01,24.29,20.98,13.98,0.73
大庆华科,sz000985,19.31,19.12,19.13,1113700.0,19.31,300,19.33,1100,0.99,19.52,19.1,1113700,21540000.0,0.86,2.2,25.03,25.03,21.03,17.21,0.59
安科瑞,sz300286,24.98,24.68,24.9,4990100.0,24.97,9800,24.98,2000,1.22,25.35,24.9,4990100,125390000.0,2.4,1.82,51.9,62.65,29.62,19.74,0.88
甬矽电子,sh688362,43.14,44.02,45.02,1508873800.0,43.14,2800,43.15,1300,-2.0,46.22,43.11,1508873800,663260000.0,3.68,7.06,177.09,177.09,52.82,35.22,0.98
南微医学,sh688029,80.01,76.56,76.35,246774100.0,80.0,67700,80.01,5900,4.51,80.28,76.35,246774100,195260000.0,1.31,5.13,150.3,150.3,91.87,61.25,1.51
恒通股份,sh603223,8.37,8.4,8.39,6690500.0,8.37,2800,8.38,190100,-0.36,8.44,8.35,6690500,56160000.0,0.95,1.07,59.08,59.08,9.24,7.56,0.99
利民股份,sz002734,17.54,17.66,17.72,18898300.0,17.53,64900,17.54,57700,-0.68,17.85,17.51,18898300,333500000.0,4.35,1.93,76.18,83.46,19.43,15.89,0.91
友发集团,sh601686,5.83,5.79,5.83,4405000.0,5.83,40100,5.84,116800,0.69,5.88,5.79,4405000,25780000.0,0.3,1.55,85.79,85.79,6.37,5.21,0.91
菲沃泰,sh688371,20.95,20.95,21.21,261991300.0,20.95,100,20.96,13100,0.0,21.35,20.92,261991300,55390000.0,0.78,2.05,70.28,70.28,25.14,16.76,1.22
立昂技术,sz300603,11.51,11.78,11.82,47615900.0,11.51,2000,11.52,33600,-2.29,11.96,11.43,47615900,552900000.0,12.73,4.5,43.04,53.5,14.14,9.42,0.91
华明装备,sz002270,28.2,27.97,28.43,10186800.0,28.2,1600,28.21,1000,0.82,28.7,28.12,10186800,288940000.0,1.14,2.07,252.73,252.74,30.77,25.17,0.92
朗科科技,sz300042,47.19,48.1,47.83,41895000.0,47.19,1500,47.2,6400,-1.89,48.82,46.02,41895000,1980190000.0,20.91,5.82,94.56,94.57,57.72,38.48,1.62
协和电子,sh605258,36.33,36.99,37.35,5078100.0,36.33,3700,36.35,1000,-1.78,37.9,36.3,5078100,186950000.0,5.77,4.33,31.97,31.97,40.69,33.29,1.26
易瑞生物,sz300942,8.37,8.26,8.26,4794500.0,8.36,61600,8.37,500,1.33,8.5,8.26,4794500,40380000.0,1.18,2.91,33.9,33.9,9.91,6.61,0.81
全志科技,sz300458,38.44,34.88,39.51,68018900.0,38.44,11400,38.45,140300,10.21,40.5,38.13,68018900,2678710000.0,10.31,6.79,253.67,317.29,41.86,27.9,4.81
华电新能,sh600930,6.02,6.03,6.06,127061600.0,6.01,6764400,6.02,726500,-0.17,6.08,6.01,127061600,766440000.0,3.93,1.16,194.43,2511.2,6.63,5.43,0.76
智光电气,sz002169,14.85,14.85,14.9,21387900.0,14.85,10900,14.86,68500,0.0,15.18,14.78,21387900,320460000.0,2.82,2.69,112.66,116.23,16.34,13.37,0.88
博济医药,sz300404,10.22,10.16,10.18,10082100.0,10.22,13200,10.23,24400,0.59,10.35,10.07,10082100,103120000.0,3.53,2.76,29.17,39.44,12.19,8.13,0.7
百通能源,sz001376,15.96,15.89,15.96,8437100.0,15.93,2300,15.96,7300,0.44,16.21,15.79,8437100,134760000.0,3.95,2.64,34.11,73.56,17.48,14.3,0.65
常友科技,sz301557,101.3,100.81,100.8,514500.0,101.3,3000,101.31,1400,0.49,102.74,100.8,514500,52360000.0,2.9,1.92,18.0,44.88,120.97,80.65,0.85
华研精机,sz301138,37.83,37.71,38.0,1196200.0,37.83,1400,37.84,4700,0.32,38.46,37.8,1196200,45530000.0,1.74,1.75,25.94,45.4,45.25,30.17,0.96
中农联合,sz003042,17.6,17.63,17.94,6814000.0,17.59,500,17.6,3500,-0.17,17.98,17.53,6814000,120630000.0,5.35,2.55,22.42,25.08,19.39,15.87,0.6
青农商行,sz002958,2.99,2.98,2.99,33468900.0,2.99,2629300,3.0,575000,0.34,3.02,2.98,33468900,100490000.0,0.62,1.34,162.64,166.11,3.28,2.68,0.73
恒源煤电,sh600971,7.36,7.27,7.26,14985000.0,7.36,80400,7.38,37300,1.24,7.49,7.2,14985000,110340000.0,1.25,3.99,88.32,88.32,8.0,6.54,0.84
劲旅环境,sz001230,25.26,25.1,25.11,2516800.0,25.26,3600,25.27,200,0.64,25.77,25.1,2516800,64010000.0,3.2,2.67,19.84,33.91,27.61,22.59,0.94
华西证券,sz002926,8.47,8.33,8.41,25951300.0,8.46,84500,8.47,41300,1.68,8.66,8.38,25951300,221690000.0,0.99,3.36,222.34,222.34,9.16,7.5,2.44
博瑞医药,sh688166,53.06,51.18,51.46,1204077600.0,53.06,7200,53.07,9500,3.67,53.74,51.3,1204077600,635650000.0,2.85,4.77,224.5,224.5,61.42,40.94,0.86
海特生物,sz300683,36.19,37.44,37.1,11299200.0,36.18,1200,36.19,16500,-3.34,37.49,36.11,11299200,413630000.0,9.26,3.69,44.18,47.37,44.93,29.95,0.54
上汽集团,sh600104,14.15,14.02,14.09,43345100.0,14.15,340000,14.16,77200,0.93,14.21,14.04,43345100,613860000.0,0.38,1.21,1626.58,1626.58,15.42,12.62,0.73
北新建材,sz000786,25.64,25.86,25.88,18309000.0,25.63,700,25.64,1800,-0.85,25.98,25.42,18309000,469780000.0,1.08,2.17,433.19,436.45,28.45,23.27,1.52
华民股份,sz300345,6.77,6.67,6.75,26334200.0,6.77,8200,6.78,195900,1.5,6.84,6.68,26334200,178220000.0,5.49,2.4,32.45,39.28,8.0,5.34,0.65
中兴通讯,sz000063,35.79,35.56,35.5,124541100.0,35.78,110600,35.79,10800,0.65,36.17,35.2,124541100,4450870000.0,3.09,2.73,1441.49,1712.03,39.12,32.0,1.48
视觉中国,sz000681,20.52,20.37,20.7,21569400.0,20.51,90100,20.52,3000,0.74,20.89,20.51,21569400,446240000.0,3.19,1.87,138.74,143.76,22.41,18.33,0.87
驱动力,bj920275,7.23,7.14,7.15,869000.0,7.23,9500,7.27,6400,1.26,7.35,7.15,869000,6336799.999999999,0.66,2.8,9.54,11.52,9.28,5.0,0.48
新华传媒,sh600825,5.88,5.79,5.83,9493100.0,5.87,58000,5.88,3400,1.55,5.96,5.83,9493100,55980000.0,0.91,2.25,61.44,61.44,6.37,5.21,0.78
迪普科技,sz300768,16.05,15.58,15.77,5597500.0,16.04,22800,16.05,10400,3.02,16.14,15.73,5597500,89720000.0,1.33,2.63,67.52,103.33,18.7,12.46,1.32
同力天启,sh605286,41.2,43.07,43.7,6412800.0,41.2,7300,41.21,6100,-4.34,43.7,40.66,6412800,265190000.0,3.82,7.06,69.22,69.22,47.38,38.76,1.47
仙坛股份,sz002746,6.01,6.02,6.03,8018000.0,6.01,28400,6.02,4800,-0.17,6.07,6.0,8018000,48430000.0,1.13,1.16,42.65,51.72,6.62,5.42,0.53
三峡新材,sh600293,3.23,3.2,3.22,23704000.0,3.22,471600,3.23,172400,0.94,3.3,3.21,23704000,77240000.0,2.04,2.81,37.47,37.47,3.52,2.88,0.82
钒钛股份,sz000629,3.35,3.34,3.37,87987300.0,3.35,816800,3.36,525700,0.3,3.42,3.34,87987300,297010000.0,0.95,2.4,311.23,311.25,3.67,3.01,1.01
光云科技,sh688365,18.9,18.43,18.48,1781574000.0,18.9,27000,18.91,800,2.55,19.14,18.42,1781574000,335820000.0,4.18,3.91,80.48,80.48,22.12,14.74,1.36
大唐药业,bj920433,5.38,5.1,5.6,8381100.0,5.37,22200,5.38,2100,5.49,5.68,5.3,8381100,46259700.0,4.95,7.45,9.11,13.77,6.63,3.57,2.29
金迪克,sh688670,17.55,17.46,17.43,135513900.0,17.52,600,17.55,0,0.52,17.92,17.43,135513900,23980000.0,1.1,2.81,21.62,21.62,20.95,13.97,0.88
志邦家居,sh603801,9.1,9.05,9.07,1751800.0,9.1,33100,9.11,12300,0.55,9.17,9.07,1751800,15990000.0,0.4,1.1,39.53,39.53,9.96,8.15,0.9
思维列控,sh603508,26.08,25.62,25.72,3488300.0,26.08,47100,26.09,31300,1.8,26.17,25.72,3488300,90870000.0,0.91,1.76,99.44,99.44,28.18,23.06,1.52
广深铁路,sh601333,3.09,3.11,3.13,43347900.0,3.09,429100,3.1,516600,-0.64,3.14,3.08,43347900,134610000.0,0.77,1.93,174.65,218.88,3.42,2.8,0.8
普源精电,sh688337,52.72,53.5,54.73,1103371000.0,52.7,2300,52.72,4400,-1.46,57.06,52.15,1103371000,598060000.0,5.93,9.18,98.02,102.21,64.2,42.8,2.02
招商南油,sh601975,4.78,4.98,4.97,267562700.0,4.78,696700,4.79,169500,-4.02,4.99,4.76,267562700,1290470000.0,5.72,4.62,223.72,223.72,5.48,4.48,0.58
万邦医药,sz301520,43.26,42.6,42.62,929000.0,43.26,2700,43.27,2100,1.55,43.88,42.22,929000,40110000.0,4.14,3.9,9.7,28.84,51.12,34.08,0.67
瑜欣电子,sz301107,28.27,27.96,28.55,1364300.0,28.21,500,28.27,700,1.11,28.74,28.02,1364300,38770000.0,2.32,2.58,16.6,28.71,33.55,22.37,1.18
国检集团,sh603060,6.37,6.33,6.37,2978000.0,6.37,17000,6.38,69600,0.63,6.41,6.33,2978000,19000000.0,0.37,1.26,51.21,51.21,6.96,5.7,0.68
汉邦科技,sh688755,37.74,37.36,37.35,19441600.0,37.73,200,37.74,200,1.02,38.25,37.35,19441600,7390000.0,1.1,2.41,6.64,33.21,44.83,29.89,0.77
建科智能,sz300823,16.38,16.29,16.35,2338600.0,16.38,1400,16.4,6600,0.55,16.78,16.33,2338600,38640000.0,2.76,2.76,13.89,21.45,19.55,13.03,0.74
浙江东方,sh600120,5.68,5.62,5.67,37240500.0,5.67,339700,5.68,196800,1.07,5.75,5.66,37240500,212460000.0,1.09,1.6,193.99,193.99,6.18,5.06,1.1
金一文化,sz002721,2.9,2.84,2.85,33991400.0,2.89,655400,2.9,468200,2.11,2.93,2.84,33991400,98240000.0,1.28,3.17,77.12,77.12,3.12,2.56,1.34
佛山照明,sz000541,5.67,5.64,5.66,4577800.0,5.67,1300,5.68,147500,0.53,5.72,5.65,4577800,26050000.0,0.37,1.24,69.77,87.08,6.2,5.08,0.82
瑞可达,sh688800,88.0,87.38,88.57,719280700.0,87.99,3000,88.0,17300,0.71,90.9,87.75,719280700,640980000.0,3.5,3.6,180.99,180.99,104.86,69.9,1.27
恒拓开源,bj920415,12.74,12.41,12.5,1883400.0,12.74,12500,12.76,7800,2.66,12.98,12.5,1883400,24129699.999999996,1.74,3.87,13.79,17.9,16.13,8.69,1.16
伯特利,sh603596,45.93,45.37,45.68,9293900.0,45.93,52600,45.94,44200,1.23,46.55,45.68,9293900,428890000.0,1.53,1.92,278.57,278.57,49.91,40.83,1.01
彩讯股份,sz300634,25.48,25.33,25.58,11182400.0,25.48,58700,25.49,11500,0.59,25.93,25.48,11182400,287340000.0,2.57,1.78,110.65,114.97,30.4,20.26,0.84
日照港,sh600017,3.01,3.04,3.05,45609400.0,3.01,2900800,3.02,567300,-0.99,3.06,3.01,45609400,138320000.0,1.48,1.64,92.58,92.58,3.34,2.74,0.92
上海能源,sh600508,12.83,12.87,12.8,6680100.0,12.83,13300,12.84,4400,-0.31,12.95,12.8,6680100,85930000.0,0.92,1.17,92.72,92.72,14.16,11.58,0.63
纽威数控,sh688697,14.68,14.63,14.68,180764500.0,14.68,300,14.69,30800,0.34,14.92,14.66,180764500,26730000.0,0.4,1.78,67.14,67.14,17.56,11.7,0.89
华银电力,sh600744,7.28,7.26,7.33,56922500.0,7.28,178400,7.29,400900,0.28,7.34,7.23,56922500,415280000.0,2.8,1.52,147.87,147.87,7.99,6.53,0.64
立霸股份,sh603519,13.96,13.75,13.74,3088900.0,13.96,12700,13.98,4800,1.53,14.06,13.71,3088900,43050000.0,1.16,2.55,37.18,37.18,15.13,12.38,0.91
节能风电,sh601016,3.97,4.02,4.05,235775900.0,3.97,691100,3.98,3029700,-1.24,4.06,3.96,235775900,941020000.0,3.9,2.49,239.72,259.81,4.42,3.62,0.51
新天然气,sh603393,33.85,34.52,34.12,9300900.0,33.84,9500,33.85,2100,-1.94,34.35,33.8,9300900,316240000.0,2.2,1.59,143.26,143.5,37.97,31.07,0.59
冠农股份,sh600251,11.12,10.94,11.09,8278900.0,11.11,35300,11.12,17200,1.65,11.26,10.97,8278900,92130000.0,1.07,2.65,86.4,86.4,12.03,9.85,0.61
隆利科技,sz300752,17.71,17.06,17.32,6765200.0,17.7,25600,17.71,4300,3.81,18.07,17.18,6765200,120100000.0,4.3,5.22,27.85,40.47,20.47,13.65,1.6
江苏新能,sh603693,13.48,13.55,13.65,11037700.0,13.48,108300,13.49,23700,-0.52,13.66,13.44,11037700,149600000.0,1.24,1.62,120.17,120.17,14.91,12.2,0.68
兰花科创,sh600123,6.37,6.31,6.3,31437900.0,6.36,216500,6.37,332200,0.95,6.5,6.27,31437900,200220000.0,2.13,3.65,93.85,93.85,6.94,5.68,0.82
大连电瓷,sz002606,11.9,11.72,12.01,21881000.0,11.89,6200,11.9,1400,1.54,12.17,11.76,21881000,260750000.0,5.2,3.5,50.12,52.25,12.89,10.55,1.18
怡球资源,sh601388,4.0,3.97,3.98,102049900.0,4.0,750700,4.01,1064400,0.76,4.05,3.97,102049900,409460000.0,4.64,2.02,88.05,88.05,4.37,3.57,0.84
哈空调,sh600202,5.92,5.84,5.93,9119300.0,5.91,6900,5.92,121600,1.37,6.03,5.87,9119300,54400000.0,2.38,2.74,22.69,22.69,6.42,5.26,0.91
牧高笛,sh603908,22.78,22.5,22.64,1464500.0,22.78,2100,22.82,8100,1.24,23.08,22.51,1464500,33510000.0,1.57,2.53,21.21,21.21,24.75,20.25,0.91
炜冈科技,sz001256,23.78,24.0,24.2,5285800.0,23.78,5100,23.83,8200,-0.92,24.96,23.77,5285800,128720000.0,4.94,4.96,25.42,33.91,26.4,21.6,1.06
天智航-U,sh688277,23.84,24.32,24.22,901994200.0,23.84,12400,23.85,500,-1.97,24.75,23.75,901994200,218820000.0,1.98,4.11,108.71,108.71,29.18,19.46,1.16
诺邦股份,sh603238,15.89,15.72,15.73,2284800.0,15.88,9100,15.89,6100,1.08,16.04,15.5,2284800,36210000.0,1.29,3.44,28.21,28.21,17.29,14.15,0.84
达仁堂,sh600329,41.12,41.06,40.9,2498100.0,41.12,9700,41.13,700,0.15,41.34,40.9,2498100,102730000.0,0.44,1.07,233.19,316.66,45.17,36.95,0.81
福田汽车,sh600166,3.34,3.1,3.12,537839300.0,3.33,1665300,3.34,1910400,7.74,3.41,3.12,537839300,1799590000.0,6.79,9.35,264.44,264.44,3.41,2.79,4.27
美农生物,sz301156,18.75,18.6,18.93,1776500.0,18.75,400,18.76,2900,0.81,19.06,18.6,1776500,33430000.0,1.99,2.47,16.73,26.4,22.32,14.88,0.85
美瑞新材,sz300848,15.2,15.04,15.12,2465000.0,15.2,10200,15.21,15800,1.06,15.33,15.1,2465000,37500000.0,0.97,1.53,38.47,65.04,18.05,12.03,0.75
太湖远大,bj920118,20.82,20.6,20.61,307200.0,20.82,2800,20.9,1800,1.07,21.02,20.61,307200,6412600.0,0.98,1.99,6.52,10.6,26.78,14.42,0.89
康希诺,sh688185,66.74,66.73,66.85,187780800.0,66.74,900,66.75,300,0.01,68.18,66.66,187780800,126660000.0,1.64,2.28,76.33,164.88,80.08,53.38,0.96
ST华扬,sh603825,8.11,8.01,8.06,1324300.0,8.11,10400,8.12,53700,1.25,8.15,8.05,1324300,10730000.0,0.52,1.25,20.55,20.55,8.41,7.61,0.7
我武生物,sz300357,26.23,26.18,26.18,10992900.0,26.22,37400,26.23,13500,0.19,26.72,26.07,10992900,289570000.0,2.27,2.48,126.97,137.34,31.42,20.94,0.92
中粮科技,sz000930,6.8,6.74,6.72,37236900.0,6.8,313300,6.81,92000,0.89,6.89,6.64,37236900,252900000.0,2.01,3.71,126.23,126.24,7.41,6.07,0.7
仁和药业,sz000650,5.86,5.86,5.86,15082000.0,5.86,246300,5.87,7800,0.0,5.94,5.84,15082000,88810000.0,1.13,1.71,78.02,82.04,6.45,5.27,0.71
锐科激光,sz300747,31.72,32.46,32.62,30236400.0,31.72,2600,31.73,2400,-2.28,32.76,31.68,30236400,970500000.0,5.94,3.33,161.54,178.14,38.95,25.97,1.07
新易盛,sz300502,522.5,490.0,493.0,44484400.0,522.5,59000,522.53,100,6.63,528.0,485.0,44484400,22594700000.0,5.02,8.78,4626.31,5193.7,588.0,392.0,1.38
云路股份,sh688190,85.66,86.26,86.68,98296900.0,85.66,300,85.68,0,-0.7,88.2,85.5,98296900,85140000.0,0.82,3.13,102.79,102.79,103.51,69.01,0.5
方大特钢,sh600507,5.54,5.48,5.49,17742000.0,5.53,636800,5.54,12900,1.09,5.58,5.48,17742000,98420000.0,0.77,1.82,128.15,128.15,6.03,4.93,0.74
ST英飞拓,sz002528,4.85,4.62,4.75,77714000.0,4.85,3351100,0.0,0,4.98,4.85,4.62,77714000,373090000.0,7.4,4.98,50.94,58.14,4.85,4.39,2.95
天地科技,sh600582,5.72,5.7,5.72,19800300.0,5.72,120600,5.73,889300,0.35,5.74,5.7,19800300,113330000.0,0.48,0.7,236.73,236.73,6.27,5.13,0.77
北鼎股份,sz300824,10.37,10.24,10.24,2845800.0,10.36,1500,10.37,5400,1.27,10.5,10.24,2845800,29520000.0,0.9,2.54,32.82,33.84,12.29,8.19,0.83
吉林高速,sh601518,2.95,2.94,2.96,14169400.0,2.95,3300,2.96,480900,0.34,2.97,2.93,14169400,41820000.0,0.75,1.36,55.77,55.77,3.23,2.65,0.88
福耀玻璃,sh600660,57.41,57.68,57.68,9702100.0,57.4,36600,57.41,31500,-0.47,57.86,57.28,9702100,558260000.0,0.48,1.01,1149.91,1498.25,63.45,51.91,1.04
富森美,sz002818,10.71,10.62,10.66,1625100.0,10.71,17100,10.72,43700,0.85,10.73,10.64,1625100,17380000.0,0.54,0.85,31.95,80.16,11.68,9.56,0.62
威力传动,sz300904,61.0,56.38,56.47,2445500.0,60.99,1700,61.0,9900,8.19,61.6,56.47,2445500,146240000.0,11.12,9.1,13.41,44.15,67.66,45.1,2.51
凯大催化,bj920974,7.45,7.41,7.42,1784800.0,7.45,13400,7.47,33000,0.54,7.55,7.42,1784800,13361800.0,1.39,1.75,9.57,12.2,9.63,5.19,0.9
金丹科技,sz300829,19.13,19.01,19.17,4176600.0,19.13,60800,19.14,13000,0.63,19.25,18.88,4176600,79640000.0,2.64,1.95,30.27,43.48,22.81,15.21,0.58
苏常柴Ａ,sz000570,5.71,5.62,5.66,9466400.0,5.71,16100,5.72,93700,1.6,5.8,5.64,9466400,54350000.0,1.7,2.85,31.73,40.3,6.18,5.06,0.81
上海贝岭,sh600171,27.4,27.2,27.65,9414300.0,27.39,6000,27.4,66400,0.74,27.8,27.37,9414300,259880000.0,1.33,1.58,194.24,194.24,29.92,24.48,1.09
万达电影,sz002739,9.9,9.83,9.88,29132200.0,9.9,227800,9.91,249800,0.71,9.99,9.84,29132200,288900000.0,1.39,1.53,207.89,209.07,10.81,8.85,1.16
威高骨科,sh688161,31.51,30.85,31.14,270180400.0,31.51,1400,31.52,1500,2.14,32.05,30.82,270180400,85400000.0,0.68,3.99,126.04,126.04,37.02,24.68,1.01
安徽合力,sh600761,17.53,17.41,17.5,11104800.0,17.53,33100,17.54,1600,0.69,17.84,17.5,11104800,195990000.0,1.25,1.95,156.14,156.14,19.15,15.67,0.78
金房能源,sz001210,21.1,21.08,21.15,2162100.0,21.08,500,21.1,1400,0.09,21.4,21.01,2162100,45870000.0,2.27,1.85,20.11,33.09,23.19,18.97,1.07
春雪食品,sh605567,10.93,10.85,10.9,3085600.0,10.91,300,10.93,1400,0.74,11.03,10.75,3085600,33660000.0,1.54,2.58,21.86,21.86,11.94,9.77,0.74
星源卓镁,sz301398,50.67,50.18,50.6,1293400.0,50.66,2500,50.67,1600,0.98,51.48,50.1,1293400,65810000.0,3.48,2.75,18.86,56.75,60.22,40.14,0.87
金雷股份,sz300443,29.35,29.51,29.51,11176900.0,29.34,6500,29.35,12100,-0.54,30.08,29.1,11176900,330370000.0,4.6,3.32,71.25,93.96,35.41,23.61,0.82
中芯国际,sh688981,101.01,99.72,101.0,4063051400.0,101.01,213400,101.02,6000,1.29,102.79,100.68,4063051400,4130860000.0,2.03,2.12,2019.76,8094.06,119.66,79.78,1.11
*ST威尔,sz002058,22.1,22.24,22.18,717900.0,22.09,24100,22.1,15100,-0.63,22.3,22.04,717900,15940000.0,0.5,1.17,31.63,31.7,23.35,21.13,0.59
甘咨询,sz000779,8.83,8.68,8.72,6946300.0,8.83,15700,8.84,14800,1.73,9.03,8.72,6946300,61690000.0,1.49,3.57,41.04,41.04,9.55,7.81,1.12
*ST摩登,sz002656,3.03,3.04,3.03,6841400.0,3.02,481100,3.03,23200,-0.33,3.07,3.02,6841400,20820000.0,1.01,1.64,20.5,21.59,3.19,2.89,0.9
中科微至,sh688211,32.11,31.97,32.0,38197900.0,32.05,400,32.1,500,0.44,32.46,31.97,38197900,12320000.0,0.29,1.53,42.09,42.09,38.36,25.58,1.05
五矿资本,sh600390,5.37,5.31,5.33,37059500.0,5.37,205700,5.38,88900,1.13,5.46,5.33,37059500,200400000.0,0.82,2.45,241.55,241.55,5.84,4.78,1.22
凯普生物,sz300639,6.51,6.76,6.75,42080200.0,6.51,135300,6.52,22700,-3.7,6.8,6.49,42080200,278750000.0,6.63,4.59,41.35,42.09,8.11,5.41,0.69
金科环境,sh688466,17.31,17.09,17.16,120721500.0,17.26,1400,17.31,700,1.29,17.56,17.15,120721500,20970000.0,0.99,2.4,21.14,21.14,20.51,13.67,0.92
中华企业,sh600675,2.61,2.59,2.6,17680300.0,2.61,1034900,2.62,373900,0.77,2.64,2.59,17680300,46370000.0,0.29,1.93,157.8,157.8,2.85,2.33,0.83
热景生物,sh688068,122.72,120.18,118.91,315536100.0,122.72,5700,122.75,1000,2.11,125.55,117.07,315536100,383360000.0,3.4,7.06,113.77,113.77,144.22,96.14,0.92
长青集团,sz002616,5.76,5.68,5.71,17832300.0,5.76,60900,5.77,141100,1.41,5.88,5.71,17832300,103520000.0,3.04,2.99,33.84,49.49,6.25,5.11,0.62
四方股份,sh601126,43.65,43.78,44.15,25900100.0,43.64,21300,43.65,1600,-0.3,45.22,43.07,25900100,1138200000.0,3.14,4.91,360.15,363.68,48.16,39.4,1.06
运机集团,sz001288,26.99,27.73,27.5,12027100.0,26.99,2500,27.0,2500,-2.67,27.5,25.55,12027100,318450000.0,7.92,7.03,41.0,63.39,30.5,24.96,2.69
小熊电器,sz002959,42.8,43.24,43.26,2840400.0,42.8,2100,42.81,600,-1.02,43.4,42.52,2840400,121540000.0,1.89,2.04,64.42,66.7,47.56,38.92,1.18
中研股份,sh688716,33.55,32.73,33.22,184035300.0,33.54,300,33.55,1800,2.51,34.4,32.9,184035300,62230000.0,2.63,4.58,23.46,40.82,39.28,26.18,1.4
浙商证券,sh601878,9.64,9.45,9.52,46773700.0,9.64,380200,9.65,45200,2.01,9.82,9.52,46773700,453830000.0,1.02,3.17,440.91,440.91,10.4,8.51,1.91
通策医疗,sh600763,42.13,41.82,41.9,6474500.0,42.13,27900,42.14,55000,0.74,42.38,41.88,6474500,272680000.0,1.45,1.2,188.44,188.44,46.0,37.64,1.12
振华股份,sh603067,38.6,37.98,38.44,22671600.0,38.59,700,38.6,3100,1.63,39.2,37.35,22671600,872710000.0,3.19,4.87,274.35,274.35,41.78,34.18,0.66
新华网,sh603888,20.14,19.85,20.04,10017000.0,20.14,30000,20.15,29200,1.46,20.32,20.02,10017000,202050000.0,1.48,1.51,135.89,135.89,21.84,17.87,1.13
泰禾智能,sh603656,20.5,20.3,20.45,1684500.0,20.49,13800,20.5,18600,0.99,20.8,20.39,1684500,34710000.0,0.92,2.02,37.5,37.5,22.33,18.27,0.92
海信视像,sh600060,22.66,22.51,22.6,8893700.0,22.65,4000,22.66,2600,0.67,22.92,22.46,8893700,202140000.0,0.68,2.04,294.62,295.71,24.76,20.26,0.86
诺禾致源,sh688315,14.5,14.31,14.28,320307900.0,14.48,16800,14.5,9500,1.33,14.74,14.28,320307900,46660000.0,0.77,3.21,60.35,60.35,17.17,11.45,1.02
红四方,sh603395,28.27,28.09,28.09,2352200.0,28.26,20800,28.27,10300,0.64,28.55,28.09,2352200,66710000.0,3.62,1.64,18.38,73.5,30.9,25.28,0.81
城地香江,sh603887,15.66,15.95,16.17,16411900.0,15.65,98200,15.66,16200,-1.82,16.22,15.65,16411900,260730000.0,2.76,3.57,93.22,94.28,17.55,14.36,0.77
宝通科技,sz300031,21.2,21.12,21.25,5455600.0,21.2,7500,21.21,7400,0.38,21.53,21.16,5455600,116570000.0,1.55,1.75,74.6,88.77,25.34,16.9,0.93
*ST星农,sh603789,5.4,5.27,5.29,2691800.0,5.39,16800,5.4,50000,2.47,5.43,5.29,2691800,14470000.0,1.04,2.66,14.04,14.32,5.53,5.01,0.79
景旺电子,sh603228,59.43,59.08,59.8,22350900.0,59.43,24100,59.44,400,0.59,60.45,58.59,22350900,1333640000.0,2.29,3.15,579.89,585.28,64.99,53.17,1.11
音飞储存,sh603066,10.05,9.87,9.88,1826100.0,10.05,49400,10.06,7600,1.82,10.1,9.88,1826100,18340000.0,0.62,2.23,29.57,29.57,10.86,8.88,0.65
冠龙节能,sz301151,18.66,18.49,18.7,1131400.0,18.66,1400,18.67,1000,0.92,18.86,18.59,1131400,21190000.0,0.67,1.46,31.51,31.54,22.19,14.79,0.81
神州信息,sz000555,15.02,14.93,15.02,19046300.0,15.02,58800,15.03,115000,0.6,15.22,15.01,19046300,287720000.0,1.95,1.41,146.39,146.56,16.42,13.44,0.69
科兴制药,sh688136,30.6,30.84,30.88,595047700.0,30.59,8200,30.6,2300,-0.78,31.67,30.27,595047700,184100000.0,2.96,4.54,61.58,61.58,37.01,24.67,0.68
联动科技,sz301369,161.09,143.99,155.58,3416000.0,161.08,100,161.09,500,11.88,164.97,147.22,3416000,542630000.0,9.39,12.33,58.58,113.69,172.79,115.19,3.62
浩云科技,sz300448,6.75,6.91,6.99,27038400.0,6.74,76200,6.75,186100,-2.32,7.02,6.74,27038400,185310000.0,5.82,4.05,31.36,45.66,8.29,5.53,1.24
唐源电气,sz300789,21.64,21.42,21.57,2582000.0,21.64,3700,21.65,11100,1.03,22.33,21.53,2582000,56600000.0,2.61,3.73,21.4,31.13,25.7,17.14,1.01
迦南科技,sz300412,5.22,5.15,5.21,11138700.0,5.22,73300,5.23,200,1.36,5.31,5.18,11138700,58630000.0,2.38,2.52,24.42,25.98,6.18,4.12,0.83
恒生电子,sh600570,26.89,25.97,26.01,44501600.0,26.89,28500,26.9,178500,3.54,27.15,26.01,44501600,1192300000.0,2.35,4.39,509.2,509.2,28.57,23.37,2.42
ST应急,sz300527,8.11,8.03,8.05,7310100.0,8.11,15600,8.12,180900,1.0,8.13,8.05,7310100,59230000.0,0.72,1.0,82.46,82.46,9.64,6.42,1.13
山东海化,sz000822,5.9,5.96,5.94,35368600.0,5.9,161100,5.91,112900,-1.01,6.03,5.87,35368600,210320000.0,3.95,2.68,52.81,52.81,6.56,5.36,0.5
宁波富邦,sh600768,16.88,16.75,16.78,4156100.0,16.88,700,16.89,20400,0.78,17.1,16.67,4156100,70220000.0,3.11,2.57,22.58,22.58,18.43,15.08,0.75
天亿马,sz301178,50.18,49.09,49.93,1722900.0,50.11,1000,50.18,700,2.22,51.6,49.33,1722900,86750000.0,3.48,4.62,24.83,33.55,58.91,39.27,1.31
万祥科技,sz301180,20.05,20.54,20.45,11465700.0,20.05,13800,20.06,13200,-2.39,20.5,19.69,11465700,228910000.0,6.99,3.94,32.91,80.2,24.65,16.43,1.29
杭钢股份,sh600126,8.83,9.49,9.0,319206100.0,8.83,240200,8.84,230600,-6.95,9.2,8.7,319206100,2845620000.0,9.45,5.27,298.21,298.21,10.44,8.54,2.08
友讯达,sz300514,13.08,12.97,13.05,2403000.0,13.07,12500,13.08,2100,0.85,13.27,13.03,2403000,31590000.0,1.5,1.85,20.96,26.16,15.56,10.38,0.77
许继电气,sz000400,28.48,28.01,28.25,23138300.0,28.47,47000,28.48,34900,1.68,28.73,28.13,23138300,658280000.0,2.29,2.14,288.13,290.1,30.81,25.21,1.24
爱旭股份,sh600732,15.27,14.37,14.4,99642300.0,15.26,71200,15.27,88300,6.26,15.66,14.4,99642300,1519280000.0,4.75,8.77,320.59,323.3,15.81,12.93,2.61
华润微,sh688396,49.15,49.53,50.0,2095284800.0,49.14,200,49.15,8900,-0.77,50.51,48.96,2095284800,1038610000.0,1.58,3.13,652.82,652.82,59.44,39.62,1.02
新华制药,sz000756,14.76,14.71,14.71,5619500.0,14.76,1900,14.77,27400,0.34,14.92,14.7,5619500,83160000.0,1.13,1.5,73.64,102.83,16.18,13.24,0.75
锐新科技,sz300828,21.53,20.86,21.04,8823000.0,21.52,17500,21.53,4900,3.21,21.82,20.82,8823000,189240000.0,10.46,4.79,18.16,35.83,25.03,16.69,1.82
品高股份,sh688227,62.18,63.18,63.18,164679100.0,62.18,12600,62.28,500,-1.58,64.18,61.11,164679100,103300000.0,1.46,4.86,70.3,70.3,75.82,50.54,1.36
瀛通通讯,sz002861,15.92,15.4,15.5,7447000.0,15.91,24200,15.92,13000,3.38,16.29,15.44,7447000,118550000.0,4.96,5.52,23.91,29.66,16.94,13.86,1.18
伟时电子,sh605218,17.75,17.4,17.62,1792400.0,17.74,1000,17.75,21800,2.01,17.83,17.53,1792400,31760000.0,0.84,1.72,37.78,43.1,19.14,15.66,0.92
中科美菱,bj920992,15.08,15.0,14.99,1501900.0,15.08,4600,15.09,9000,0.53,15.27,14.85,1501900,22601200.0,3.1,2.8,7.32,14.59,19.5,10.5,0.98
栖霞建设,sh600533,2.45,2.42,2.45,13834000.0,2.44,155900,2.45,9300,1.24,2.5,2.44,13834000,34120000.0,1.32,2.48,25.73,25.73,2.66,2.18,0.84
协鑫集成,sz002506,4.44,4.4,4.45,489092000.0,4.43,4692500,4.44,970800,0.91,4.53,4.37,489092000,2172120000.0,8.37,3.64,259.49,259.75,4.84,3.96,0.89
辰奕智能,sz301578,33.67,33.53,33.73,578400.0,33.67,32900,33.72,5800,0.42,34.18,33.52,578400,19580000.0,2.5,1.97,7.8,27.44,40.24,26.82,0.78
国联民生,sh601456,9.27,9.11,9.15,46760000.0,9.27,788400,9.28,73200,1.76,9.44,9.15,46760000,436640000.0,1.07,3.18,405.75,526.59,10.02,8.2,2.72
云汉芯城,sz301563,156.31,154.75,155.99,1705900.0,156.31,7300,156.32,600,1.01,158.5,155.19,1705900,267300000.0,11.59,2.14,23.01,101.78,185.7,123.8,1.01
艾罗能源,sh688717,117.85,110.07,115.99,1329662900.0,117.85,2200,117.86,200,7.07,121.16,112.07,1329662900,1553450000.0,13.42,8.26,116.73,188.56,132.08,88.06,1.74
莎普爱思,sh603168,6.87,6.79,6.92,9942200.0,6.87,114700,6.88,111700,1.18,7.01,6.74,9942200,68560000.0,2.67,3.98,25.59,25.7,7.47,6.11,1.07
吉华集团,sh603980,6.43,6.49,6.5,34268600.0,6.42,70400,6.43,58900,-0.92,6.64,6.4,34268600,222890000.0,5.06,3.7,43.52,43.52,7.14,5.84,1.36
宏华数科,sh688789,69.39,68.97,69.37,157733000.0,69.39,300,69.4,1000,0.61,70.69,69.0,157733000,110270000.0,0.88,2.45,125.08,125.08,82.76,55.18,0.48
建科院,sz300675,15.02,14.84,15.0,1634800.0,15.01,1900,15.02,25300,1.21,15.19,14.84,1634800,24650000.0,1.11,2.36,22.03,22.03,17.81,11.87,0.68
聚合顺,sh605166,10.79,10.73,10.81,3833700.0,10.78,85100,10.79,2000,0.56,10.88,10.71,3833700,41410000.0,1.22,1.58,33.96,33.96,11.8,9.66,0.71
国药现代,sh600420,10.4,10.36,10.41,8384500.0,10.4,5900,10.41,25200,0.39,10.53,10.35,8384500,87450000.0,0.63,1.74,139.48,139.48,11.4,9.32,0.67
焦点科技,sz002315,41.05,40.1,40.3,7802700.0,41.05,27100,41.06,1800,2.37,41.18,40.3,7802700,319180000.0,3.86,2.19,83.02,130.23,44.11,36.09,1.08
龙版传媒,sh605577,12.75,12.64,12.67,2562100.0,12.75,5900,12.76,500,0.87,13.04,12.67,2562100,32970000.0,0.58,2.93,56.67,56.67,13.9,11.38,0.58
盈康生命,sz300143,12.21,12.37,12.47,19813800.0,12.2,62100,12.21,47700,-1.29,12.7,12.2,19813800,245490000.0,3.09,4.04,78.3,91.51,14.84,9.9,0.81
威孚高科,sz000581,21.03,20.76,20.91,8084200.0,21.03,7800,21.04,1600,1.3,21.32,20.85,8084200,170890000.0,1.02,2.26,166.95,203.32,22.84,18.68,0.8
综艺股份,sh600770,5.63,5.58,5.65,14590100.0,5.63,70900,5.64,364200,0.9,5.73,5.62,14590100,82820000.0,1.12,1.97,73.19,73.19,6.14,5.02,0.93
智微智能,sz001339,64.09,63.87,64.48,6202600.0,64.08,100,64.09,8100,0.34,65.38,63.01,6202600,399500000.0,5.19,3.71,76.53,161.68,70.26,57.48,1.21
航发控制,sz000738,21.15,21.04,21.18,21176100.0,21.15,800,21.16,4000,0.52,21.48,21.14,21176100,450990000.0,1.61,1.62,278.16,278.16,23.14,18.94,1.12
鞍钢股份,sz000898,2.35,2.35,2.36,34015900.0,2.35,829000,2.36,1400500,0.0,2.39,2.35,34015900,80600000.0,0.43,1.7,187.0,220.18,2.59,2.12,0.99
平高电气,sh600312,20.79,20.64,20.9,22235500.0,20.78,28500,20.79,54600,0.73,21.05,20.68,22235500,463590000.0,1.64,1.79,282.1,282.1,22.7,18.58,1.26
宸展光电,sz003019,34.77,32.0,32.11,22092000.0,34.76,18400,34.77,18000,8.66,34.95,32.11,22092000,760020000.0,12.93,8.88,59.41,61.47,35.2,28.8,7.93
望变电气,sh603191,20.72,20.48,20.72,11571400.0,20.72,1000,20.74,49000,1.17,21.3,20.51,11571400,241680000.0,3.51,3.86,68.37,68.37,22.53,18.43,1.08
海达尔,bj920699,39.8,39.01,39.37,233900.0,39.8,800,39.81,100,2.03,40.26,39.12,233900,9341400.0,1.12,2.92,8.31,18.16,50.71,27.31,0.73
科力尔,sz002892,10.96,10.88,10.99,5434000.0,10.96,14200,10.97,12900,0.74,11.13,10.95,5434000,60030000.0,1.12,1.65,52.98,81.6,11.97,9.79,0.96
ST纳川,sz300198,2.57,2.5,2.52,14292900.0,2.57,9700,2.58,703600,2.8,2.6,2.51,14292900,36480000.0,1.39,3.6,26.37,26.51,3.0,2.0,1.08
北京利尔,sz002392,7.48,7.36,7.46,16604400.0,7.48,172300,7.49,105400,1.63,7.55,7.32,16604400,123590000.0,1.45,3.12,85.56,89.05,8.1,6.62,1.53
吉鑫科技,sh601218,5.99,6.01,6.03,47802600.0,5.98,339200,5.99,28600,-0.33,6.1,5.98,47802600,288660000.0,4.93,2.0,58.05,58.05,6.61,5.41,0.56
新北洋,sz002376,7.14,7.08,7.14,10334600.0,7.13,14600,7.14,12100,0.85,7.19,7.12,10334600,73990000.0,1.32,0.99,55.79,57.87,7.79,6.37,1.01
宁夏建材,sh600449,12.57,12.45,12.52,3885000.0,12.57,13400,12.58,7300,0.96,12.7,12.52,3885000,48970000.0,0.81,1.45,60.11,60.11,13.7,11.21,0.78
闻泰科技,sh600745,31.63,31.41,31.53,17433200.0,31.62,25800,31.63,10200,0.7,32.08,31.52,17433200,554280000.0,1.4,1.78,393.68,393.68,34.55,28.27,1.1
嘉戎技术,sz301148,51.64,52.1,52.36,1466600.0,51.64,3900,51.65,500,-0.88,53.0,51.01,1466600,76060000.0,2.49,3.82,30.4,60.16,62.52,41.68,1.35
美康生物,sz300439,9.84,9.75,9.77,4022400.0,9.84,12700,9.85,3000,0.92,10.01,9.74,4022400,39790000.0,1.38,2.77,28.77,37.82,11.7,7.8,0.82
北方股份,sh600262,25.81,25.77,26.76,6117800.0,25.81,800,25.82,500,0.16,26.81,25.81,6117800,160050000.0,3.6,3.88,43.88,43.88,28.35,23.19,1.62
昆药集团,sh600422,11.31,11.31,11.31,4796200.0,11.31,96500,11.32,115900,0.0,11.43,11.28,4796200,54430000.0,0.63,1.33,85.61,85.61,12.44,10.18,0.61
科美诊断,sh688468,7.34,7.26,7.37,299824700.0,7.34,6000,7.35,25100,1.1,7.43,7.25,299824700,22060000.0,0.75,2.48,29.44,29.44,8.71,5.81,0.94
华灿光电,sz300323,9.89,9.99,10.15,57472100.0,9.89,87900,9.9,70400,-1.0,10.18,9.88,57472100,574150000.0,4.84,3.0,117.46,160.51,11.99,7.99,0.87
华数传媒,sz000156,7.5,7.53,7.59,9047900.0,7.5,25500,7.51,219400,-0.4,7.63,7.5,9047900,68470000.0,0.53,1.73,127.49,138.97,8.28,6.78,0.86
东宏股份,sh603856,12.85,12.68,12.72,1622400.0,12.84,3200,12.85,500,1.34,12.95,12.72,1622400,20860000.0,0.58,1.81,36.24,36.24,13.95,11.41,0.58
鑫宏业,sz301310,47.4,43.38,43.38,6555700.0,47.39,600,47.4,25800,9.27,47.49,43.12,6555700,295660000.0,13.05,10.07,23.82,64.73,52.06,34.7,1.72
永清环保,sz300187,5.18,5.09,5.14,12844000.0,5.18,11600,5.19,34400,1.77,5.3,5.14,12844000,67350000.0,2.0,3.14,33.26,33.44,6.11,4.07,1.28
汉嘉数智,sz300746,13.32,13.19,13.24,2822100.0,13.32,6600,13.33,600,0.99,13.43,13.19,2822100,37580000.0,1.26,1.82,29.78,30.07,15.83,10.55,0.81
机科股份,bj920579,17.7,17.36,17.42,925000.0,17.69,1000,17.7,0,1.96,17.84,17.38,925000,16365500.0,2.08,2.65,7.89,22.92,22.56,12.16,0.93
紫光股份,sz000938,27.09,27.02,27.02,135986100.0,27.08,77200,27.09,161500,0.26,27.76,26.74,135986100,3690420000.0,4.75,3.77,774.8,774.8,29.72,24.32,1.14
弘讯科技,sh603015,12.39,12.28,12.5,3411900.0,12.39,40900,12.4,17600,0.9,12.58,12.38,3411900,42640000.0,0.84,1.63,50.08,50.08,13.51,11.05,0.93
万德斯,sh688178,32.35,30.72,30.9,289469700.0,32.34,7800,32.35,15900,5.31,32.88,30.1,289469700,92130000.0,3.41,9.05,27.5,27.5,36.86,24.58,0.86
阿科力,sh603722,34.41,33.8,33.88,872400.0,34.4,600,34.41,72500,1.8,34.76,33.8,872400,30040000.0,0.91,2.84,32.93,33.63,37.18,30.42,0.95
宝明科技,sz002992,51.85,50.02,50.7,2428100.0,51.85,3200,51.86,300,3.66,51.99,50.18,2428100,124390000.0,1.54,3.62,81.94,93.78,55.02,45.02,1.37
福瑞达,sh600223,6.82,6.77,6.84,4559000.0,6.82,8200,6.83,38400,0.74,6.92,6.8,4559000,31230000.0,0.45,1.77,69.33,69.33,7.45,6.09,0.69
科沃斯,sh603486,62.2,61.07,61.45,4267900.0,62.2,12900,62.21,3800,1.85,62.8,61.45,4267900,265760000.0,0.74,2.21,356.62,360.09,67.18,54.96,1.34
南大环境,sz300864,20.46,20.39,20.44,1387500.0,20.46,600,20.48,200,0.34,20.76,20.42,1387500,28550000.0,0.88,1.67,32.31,32.31,24.47,16.31,0.86
数据港,sh603881,39.84,39.0,39.55,80827200.0,39.84,169300,39.85,134300,2.15,40.33,38.81,80827200,3217770000.0,11.25,3.9,286.2,286.2,42.9,35.1,1.31
正元地信,sh688509,4.5,4.44,4.49,531889200.0,4.48,10500,4.5,103400,1.35,4.57,4.47,531889200,24060000.0,1.38,2.25,17.32,34.65,5.33,3.55,0.75
成都燃气,sh603053,9.85,9.8,9.81,2357400.0,9.84,55900,9.85,1900,0.51,9.88,9.79,2357400,23190000.0,0.27,0.92,87.56,87.56,10.78,8.82,0.49
龙旗科技,sh603341,38.55,38.36,38.65,6262800.0,38.55,13100,38.56,900,0.5,39.15,38.53,6262800,243090000.0,2.35,1.62,102.63,201.46,42.2,34.52,1.1
ST天圣,sz002872,5.04,5.03,5.06,1998000.0,5.04,280500,5.06,8900,0.2,5.1,5.03,1998000,10120000.0,0.93,1.39,10.83,16.03,5.28,4.78,0.6
瑞鹄模具,sz002997,31.85,31.5,31.62,2984600.0,31.84,23200,31.85,400,1.11,32.12,31.62,2984600,95270000.0,1.43,1.59,66.67,66.67,34.65,28.35,0.66
英飞特,sz300582,13.23,13.26,13.36,6092500.0,13.22,7900,13.23,2700,-0.23,13.62,13.14,6092500,81400000.0,2.75,3.62,29.31,39.5,15.91,10.61,0.77
昊华能源,sh601101,8.29,8.26,8.23,13129600.0,8.29,55100,8.3,9100,0.36,8.41,8.21,13129600,109040000.0,0.91,2.42,119.38,119.38,9.09,7.43,0.66
汉得信息,sz300170,20.31,20.18,20.45,53429800.0,20.31,90200,20.32,55100,0.64,20.75,20.15,53429800,1092160000.0,5.47,2.97,198.45,207.61,24.22,16.14,0.97
汤臣倍健,sz300146,10.95,10.91,10.95,10075700.0,10.95,110500,10.96,7800,0.37,11.06,10.93,10075700,110740000.0,0.9,1.19,122.71,185.24,13.09,8.73,0.91
浪莎股份,sh600137,22.36,22.13,22.13,4257100.0,22.35,1500,22.36,4700,1.04,22.75,21.93,4257100,95460000.0,4.38,3.71,21.74,21.74,24.34,19.92,0.92
新洁能,sh605111,38.41,38.31,38.7,7914300.0,38.4,19800,38.41,3300,0.26,39.09,38.3,7914300,305860000.0,1.91,2.06,159.53,159.53,42.14,34.48,0.96
思看科技,sh688583,121.35,121.11,123.88,109400200.0,121.35,14900,121.45,200,0.2,123.88,120.3,109400200,134030000.0,3.55,2.96,37.38,107.27,145.33,96.89,0.9
康普化学,bj920033,14.91,14.72,14.72,389300.0,14.91,4600,14.93,15800,1.29,15.05,14.72,389300,5824000.0,0.47,2.24,12.34,17.76,19.13,10.31,0.59
天正电气,sh605066,8.2,8.06,8.08,8731700.0,8.2,54800,8.21,72300,1.74,8.27,8.08,8731700,71520000.0,1.74,2.36,41.2,41.39,8.87,7.25,1.05
九安医疗,sz002432,92.75,88.01,89.18,27244500.0,92.75,1900,92.76,1300,5.39,94.8,88.25,27244500,2516920000.0,6.21,7.44,406.62,431.27,96.81,79.21,0.74
广东明珠,sh600382,9.44,8.99,9.08,42910700.0,9.44,34900,9.45,187100,5.01,9.8,9.05,42910700,405490000.0,6.18,8.34,65.55,65.55,9.89,8.09,2.53
中船汉光,sz300847,15.79,15.61,15.69,4202200.0,15.79,3300,15.8,15100,1.15,15.89,15.65,4202200,66480000.0,1.42,1.54,46.74,46.74,18.73,12.49,1.35
汇洁股份,sz002763,8.16,8.06,8.09,7266700.0,8.16,10500,8.17,31100,1.24,8.19,8.01,7266700,59130000.0,2.39,2.23,24.77,33.45,8.87,7.25,0.73
宁沪高速,sh600377,11.53,11.53,11.57,11593700.0,11.52,34100,11.53,23800,0.0,11.64,11.49,11593700,133710000.0,0.3,1.3,438.39,580.85,12.68,10.38,1.18
优利德,sh688628,58.49,59.42,58.55,400144700.0,58.49,2600,58.5,2000,-1.57,59.88,57.75,400144700,234680000.0,3.58,3.58,65.37,65.37,71.3,47.54,0.7
包钢股份,sh600010,2.83,2.87,2.92,1224082600.0,2.82,11870500,2.83,3473700,-1.39,2.94,2.8,1224082600,3487580000.0,3.9,4.88,888.08,1281.67,3.16,2.58,0.94
视源股份,sz002841,34.2,33.37,33.48,4931100.0,34.19,1400,34.2,2900,2.49,34.68,33.48,4931100,168390000.0,0.95,3.6,177.64,238.04,36.71,30.03,1.37
越剑智能,sh603095,18.18,17.88,17.88,1620300.0,18.17,3500,18.18,19000,1.68,18.32,17.88,1620300,29390000.0,0.63,2.46,46.95,46.95,19.67,16.09,0.71
汉商集团,sh600774,8.88,8.85,8.85,3591900.0,8.88,27200,8.89,7800,0.34,9.05,8.79,3591900,32030000.0,1.22,2.94,26.19,26.2,9.74,7.97,0.62
君禾股份,sh603617,7.39,7.3,7.33,3629000.0,7.39,33800,7.4,4700,1.23,7.48,7.33,3629000,26930000.0,0.95,2.05,28.35,28.81,8.03,6.57,0.84
博俊科技,sz300926,25.82,24.7,24.83,8553500.0,25.81,6300,25.82,17400,4.53,26.12,24.83,8553500,220490000.0,2.87,5.22,76.94,112.14,29.64,19.76,1.58
新媒股份,sz300770,40.15,39.72,40.12,2493200.0,40.14,3100,40.15,100,1.08,40.5,39.9,2493200,100230000.0,1.09,1.51,91.48,91.48,47.66,31.78,1.17
博汇股份,sz300839,14.73,14.19,14.24,20886500.0,14.72,25200,14.73,2500,3.81,14.99,13.99,20886500,307130000.0,7.21,7.05,42.67,43.45,17.03,11.35,0.73
华林证券,sz002945,15.87,15.6,15.73,27650500.0,15.87,86000,15.88,23300,1.73,16.3,15.73,27650500,443850000.0,1.02,3.65,428.49,428.49,17.16,14.04,1.64
南方路机,sh603280,35.55,35.45,35.58,1563600.0,35.55,2000,35.56,1900,0.28,36.06,35.27,1563600,55680000.0,5.6,2.23,9.93,38.54,39.0,31.91,0.82
中远海能,sh600026,24.11,25.56,25.66,102702900.0,24.11,159500,24.12,39600,-5.67,25.76,23.8,102702900,2512980000.0,2.96,7.67,837.77,1317.66,28.12,23.0,1.01
西陇科学,sz002584,7.76,7.8,7.83,13709500.0,7.75,65800,7.76,106700,-0.51,7.9,7.74,13709500,107080000.0,2.93,2.05,36.35,45.41,8.58,7.02,0.88
亿帆医药,sz002019,12.59,12.93,12.97,30706600.0,12.58,154200,12.59,9300,-2.63,13.19,12.56,30706600,394380000.0,3.65,4.87,105.94,153.14,14.22,11.64,1.44
禾丰股份,sh603609,6.85,6.9,6.91,2773200.0,6.85,12200,6.86,30400,-0.72,6.93,6.83,2773200,19070000.0,0.31,1.45,62.22,62.22,7.59,6.21,0.68
侨源股份,sz301286,47.33,47.2,47.4,1568600.0,47.33,3600,47.35,15300,0.28,48.39,46.9,1568600,74720000.0,0.97,3.16,76.33,189.37,56.64,37.76,1.23
金天钛业,sh688750,17.99,17.87,17.97,226408800.0,17.98,18500,17.99,7400,0.67,18.24,17.97,226408800,40960000.0,0.97,1.51,41.9,83.2,21.44,14.3,0.93
三雄极光,sz300625,11.66,11.57,11.62,1656800.0,11.66,3200,11.69,18000,0.78,11.8,11.56,1656800,19390000.0,1.02,2.07,18.89,32.57,13.88,9.26,0.79
欧晶科技,sz001269,23.18,21.07,23.18,4504300.0,23.18,3043600,0.0,0,10.01,23.18,22.57,4504300,104360000.0,2.34,2.9,44.6,44.6,23.18,18.96,1.75
成大生物,sh688739,24.63,24.53,24.68,125058600.0,24.63,7100,24.64,3800,0.41,24.94,24.54,125058600,30950000.0,0.3,1.63,102.57,102.57,29.44,19.62,0.85
涪陵电力,sh600452,11.66,11.54,11.68,31920700.0,11.66,272600,11.67,13400,1.04,11.8,11.5,31920700,372930000.0,2.08,2.6,179.16,179.16,12.69,10.39,0.91
甘肃能化,sz000552,2.75,2.75,0.0,0.0,0.0,0,0.0,0,0.0,0.0,0.0,0,0.0,0.0,0.0,102.46,147.17,3.03,2.48,0.0
圣邦股份,sz300661,76.08,79.74,79.65,41361400.0,76.07,5300,76.08,1100,-4.59,79.65,75.1,41361400,3178230000.0,6.91,5.71,455.64,472.1,95.69,63.79,1.57
伊力特,sh600197,12.0,11.93,11.95,2176400.0,12.0,45900,12.01,700,0.59,12.07,11.95,2176400,26180000.0,0.46,1.01,56.78,56.78,13.12,10.74,0.81
恒玄科技,sh688608,167.99,166.01,172.02,520753400.0,167.98,24900,167.99,2600,1.19,177.5,167.6,520753400,897040000.0,3.09,5.96,283.39,283.39,199.21,132.81,1.64
劲仔食品,sz003000,10.38,10.45,10.49,3632500.0,10.38,24700,10.39,32400,-0.67,10.54,10.37,3632500,37980000.0,1.18,1.63,31.98,46.8,11.5,9.41,1.3
海达股份,sz300320,9.69,9.63,9.68,6227900.0,9.69,42100,9.7,17400,0.62,9.84,9.62,6227900,60780000.0,1.28,2.28,47.03,58.26,11.56,7.7,0.85
开发科技,bj920029,84.19,82.8,82.8,721800.0,84.18,2800,84.19,500,1.68,85.59,82.22,721800,60378800.0,1.88,4.07,32.4,116.93,107.64,57.96,1.11
东阿阿胶,sz000423,54.76,55.17,55.3,5036300.0,54.75,5000,54.76,400,-0.74,55.36,54.7,5036300,276780000.0,0.78,1.2,352.02,352.64,60.69,49.65,0.66
芯原股份,sh688521,248.0,238.24,245.0,2038445100.0,247.99,7800,248.0,15300,4.1,257.3,242.3,2038445100,5084890000.0,3.88,6.3,1304.27,1304.27,285.89,190.59,1.08
钢研纳克,sz300797,14.99,14.86,14.98,2434200.0,14.98,4500,14.99,10000,0.87,15.12,14.93,2434200,36570000.0,0.64,1.28,56.74,57.37,17.83,11.89,1.1
宗申动力,sz001696,18.81,18.48,18.67,24020200.0,18.81,162600,18.82,174300,1.79,19.08,18.6,24020200,453340000.0,2.69,2.6,167.67,215.38,20.33,16.63,0.9
深水海纳,sz300961,13.35,12.95,13.05,8817800.0,13.35,41300,13.36,500,3.09,13.68,12.96,8817800,117860000.0,5.78,5.56,20.37,23.67,15.54,10.36,1.23
拓维信息,sz002261,35.79,35.88,36.25,90038700.0,35.78,114600,35.79,245700,-0.25,36.81,35.77,90038700,3262770000.0,7.86,2.9,410.03,450.89,39.47,32.29,1.02
姚记科技,sz002605,21.18,20.68,20.83,7175300.0,21.17,13100,21.18,8800,2.42,21.45,20.78,7175300,152020000.0,2.13,3.24,71.43,88.46,22.75,18.61,1.46
祥和实业,sh603500,11.54,11.19,11.22,5741400.0,11.54,65600,11.55,86700,3.13,11.68,11.22,5741400,66090000.0,1.73,4.11,38.29,38.4,12.31,10.07,1.55
欧莱新材,sh688530,32.03,31.79,32.1,1192615400.0,32.03,11900,32.05,8400,0.75,34.13,32.0,1192615400,392500000.0,17.6,6.7,21.71,51.26,38.15,25.43,1.4
洲明科技,sz300232,7.0,6.93,7.0,22477100.0,6.99,195200,7.0,90400,1.01,7.09,6.98,22477100,158280000.0,2.54,1.59,61.84,76.12,8.32,5.54,0.99
一心堂,sz002727,12.56,12.54,12.57,4691400.0,12.55,30000,12.56,300,0.16,12.76,12.55,4691400,59260000.0,1.18,1.67,49.9,73.55,13.79,11.29,0.76
博敏电子,sh603936,13.85,13.96,14.08,34218900.0,13.85,27100,13.86,93800,-0.79,14.2,13.81,34218900,478330000.0,5.43,2.79,87.31,87.31,15.36,12.56,1.1
中晟高科,sz002778,21.41,21.36,21.39,3508000.0,21.4,5700,21.41,12900,0.23,21.85,21.0,3508000,75190000.0,2.84,3.98,26.43,26.71,23.5,19.22,0.93
中油资本,sz000617,10.26,10.39,10.2,452094800.0,10.26,2865000,10.27,548900,-1.25,10.55,9.93,452094800,4623630000.0,3.58,5.97,1297.08,1297.08,11.43,9.35,0.75
中科创达,sz300496,60.39,59.68,60.25,9336600.0,60.38,9000,60.39,1700,1.19,61.2,60.25,9336600,567010000.0,2.53,1.59,222.61,278.26,71.62,47.74,0.97
芯海科技,sh688595,30.87,30.4,30.7,226943300.0,30.87,2600,30.88,1700,1.55,31.49,30.68,226943300,70470000.0,1.57,2.66,44.48,44.48,36.48,24.32,1.02
福安药业,sz300194,4.18,4.16,4.17,17371600.0,4.17,227600,4.18,165600,0.48,4.24,4.14,17371600,72790000.0,1.79,2.4,40.48,49.73,4.99,3.33,0.58
天宜新材,sh688033,8.29,8.26,8.27,867227800.0,8.29,192200,8.3,12100,0.36,8.44,8.27,867227800,72370000.0,1.54,2.06,46.61,46.61,9.91,6.61,0.75
莱绅通灵,sh603900,7.58,7.53,7.55,4507800.0,7.58,3400,7.59,13500,0.66,7.66,7.52,4507800,34280000.0,1.32,1.86,25.9,26.0,8.28,6.78,0.76
泸州老窖,sz000568,102.51,102.8,103.49,8540800.0,102.5,23000,102.51,12600,-0.28,103.49,102.2,8540800,876230000.0,0.58,1.25,1508.18,1508.89,113.08,92.52,1.64
万憬能源,sz002700,6.75,6.61,6.62,5238500.0,6.74,10500,6.75,4100,2.12,6.8,6.62,5238500,35340000.0,1.99,2.72,17.78,27.92,7.27,5.95,0.86
盘龙药业,sz002864,32.94,32.92,33.0,2589600.0,32.94,8900,32.95,5000,0.06,33.5,32.82,2589600,85790000.0,3.49,2.07,24.44,35.01,36.21,29.63,0.72
鄂尔多斯,sh600295,14.81,14.8,15.84,12741800.0,14.81,10300,14.82,500,0.07,15.84,14.81,12741800,193190000.0,0.64,6.96,292.58,414.5,16.28,13.32,1.83
恒而达,sz300946,45.53,44.96,45.18,844900.0,45.53,600,45.57,2000,1.27,46.4,45.18,844900,38860000.0,1.11,2.71,34.51,71.03,53.95,35.97,1.11
拱东医疗,sh605369,17.96,17.95,17.99,906800.0,17.93,11800,17.96,500,0.06,18.05,17.9,906800,16280000.0,0.41,0.84,39.6,39.6,19.75,16.16,0.94
众业达,sz002441,10.07,9.95,10.04,6353200.0,10.06,46400,10.07,13500,1.21,10.21,10.02,6353200,64300000.0,1.59,1.91,40.19,54.84,10.95,8.96,1.02
鸿博股份,sz002229,17.66,18.33,18.51,68956200.0,17.66,251300,17.67,24800,-3.66,18.6,17.63,68956200,1235230000.0,13.98,5.29,87.09,87.63,20.16,16.5,1.12
英集芯,sh688209,21.0,20.94,21.17,655322600.0,21.0,35300,21.02,2000,0.29,21.46,21.0,655322600,139060000.0,1.51,2.2,91.09,91.09,25.13,16.75,1.35
太极集团,sh600129,16.47,16.48,16.44,6321100.0,16.46,18300,16.47,52900,-0.06,16.69,16.4,6321100,104400000.0,1.15,1.76,90.82,90.82,18.13,14.83,0.67
科德数控,sh688305,57.11,57.04,57.25,123338100.0,57.11,1100,57.12,2700,0.12,57.88,57.05,123338100,70820000.0,0.93,1.46,75.51,75.9,68.45,45.63,1.13
中材节能,sh603126,7.92,8.06,8.19,12965100.0,7.92,13800,7.93,44800,-1.74,8.19,7.9,12965100,103610000.0,2.12,3.6,48.35,48.35,8.87,7.25,0.92
星徽股份,sz300464,8.2,8.29,8.31,17641300.0,8.2,201100,8.21,26400,-1.09,8.46,8.18,17641300,146780000.0,4.96,3.38,29.14,37.54,9.95,6.63,0.91
富安娜,sz002327,7.03,6.97,7.01,6058200.0,7.02,1000,7.03,18300,0.86,7.11,6.98,6058200,42690000.0,1.23,1.87,34.51,58.93,7.67,6.27,1.31
汤姆猫,sz300459,4.15,4.11,4.14,69182200.0,4.15,1746300,4.16,1220300,0.97,4.2,4.13,69182200,288480000.0,2.1,1.7,136.42,145.91,4.93,3.29,0.87
广安爱众,sh600979,4.48,4.47,4.5,36307300.0,4.47,821900,4.48,408700,0.22,4.53,4.44,36307300,162990000.0,2.95,2.01,55.21,56.52,4.92,4.02,0.6
日辰股份,sh603755,28.76,28.25,28.35,1110000.0,28.76,1400,28.77,1300,1.81,29.05,28.35,1110000,31990000.0,1.13,2.48,28.36,28.36,31.08,25.43,0.94
上海雅仕,sh603329,10.44,10.36,10.36,1407400.0,10.42,8000,10.44,7600,0.77,10.55,10.36,1407400,14740000.0,0.68,1.83,21.55,26.11,11.4,9.32,0.64
三 力 士,sz002224,4.41,4.37,4.41,14715500.0,4.41,70900,4.42,279400,0.92,4.46,4.38,14715500,65190000.0,1.82,1.83,35.56,39.78,4.81,3.93,0.47
特  力Ａ,sz000025,16.17,16.03,16.1,3691900.0,16.17,10400,16.18,25800,0.87,16.27,16.07,3691900,59810000.0,0.94,1.25,63.51,69.7,17.63,14.43,1.08
南网科技,sh688248,56.18,55.97,56.23,381257400.0,56.18,5500,56.19,400,0.38,57.48,55.5,381257400,216020000.0,0.68,3.54,317.25,317.25,67.16,44.78,0.93
S佳通,sh600182,13.83,13.69,13.76,1372500.0,13.82,23100,13.83,700,1.02,13.89,13.71,1372500,18960000.0,0.81,1.31,23.51,47.02,14.37,13.01,1.0
格林达,sh603931,27.55,27.33,27.66,1635700.0,27.55,1700,27.56,11000,0.8,27.85,27.48,1635700,45230000.0,0.82,1.35,54.98,54.98,30.06,24.6,1.02
华东数控,sz002248,12.47,12.32,12.36,9160400.0,12.47,50000,12.48,6900,1.22,12.64,12.36,9160400,114730000.0,2.98,2.27,38.34,38.34,13.55,11.09,0.89
奥康国际,sh603001,9.1,9.11,9.11,5075500.0,9.1,1600,9.11,5600,-0.11,9.33,9.08,5075500,46400000.0,1.27,2.74,36.49,36.49,10.02,8.2,0.77
北特科技,sh603009,49.7,49.8,49.89,5777400.0,49.7,5400,49.71,20600,-0.2,50.98,49.47,5777400,289460000.0,1.71,3.03,168.19,172.16,54.78,44.82,0.94
大金重工,sz002487,76.2,72.69,72.55,21451900.0,76.2,9300,76.21,20800,4.83,76.45,72.08,21451900,1613140000.0,3.4,6.01,480.76,485.97,79.96,65.42,1.12
建研院,sh603183,4.61,4.49,4.5,9590000.0,4.61,11200,4.62,26300,2.67,4.65,4.5,9590000,44020000.0,1.93,3.34,22.92,22.92,4.94,4.04,0.65
京泉华,sz002885,24.81,24.53,24.8,11946000.0,24.8,65300,24.81,17600,1.14,25.15,24.6,11946000,297330000.0,5.17,2.24,57.29,67.21,26.98,22.08,1.22
长虹美菱,sz000521,5.75,5.68,5.7,8774000.0,5.75,62900,5.76,217700,1.23,5.77,5.7,8774000,50400000.0,1.0,1.23,50.34,59.22,6.25,5.11,0.53
中控技术,sh688777,67.0,67.27,67.98,1458691800.0,67.0,23600,67.09,5000,-0.4,69.48,66.93,1458691800,995370000.0,1.85,3.79,527.42,530.1,80.72,53.82,1.09
三德科技,sz300515,18.21,18.1,18.28,1750100.0,18.21,3100,18.23,9300,0.61,18.55,18.21,1750100,32150000.0,0.87,1.88,36.74,37.47,21.72,14.48,0.99
城投控股,sh600649,4.26,4.24,4.27,23173900.0,4.26,130000,4.27,431800,0.47,4.33,4.25,23173900,99460000.0,0.93,1.89,106.69,106.69,4.66,3.82,0.78
公元股份,sz002641,4.11,4.07,4.11,7429100.0,4.1,7000,4.11,202900,0.98,4.13,4.08,7429100,30540000.0,0.66,1.23,46.61,50.52,4.48,3.66,0.75
天舟文化,sz300148,4.34,4.28,4.29,22763700.0,4.34,219300,4.35,255600,1.4,4.39,4.29,22763700,99120000.0,2.8,2.34,35.34,36.58,5.14,3.42,0.82
迈赫股份,sz301199,22.65,22.13,22.46,1427700.0,22.64,4400,22.65,8800,2.35,22.94,22.2,1427700,32470000.0,1.99,3.34,16.24,42.28,26.56,17.7,1.22
派瑞股份,sz300831,16.86,17.14,17.3,14703900.0,16.85,43500,16.86,11900,-1.63,17.52,16.85,14703900,252720000.0,7.97,3.91,31.1,53.95,20.57,13.71,0.82
广汇物流,sh600603,6.99,6.86,6.92,12590600.0,6.98,32000,6.99,136600,1.9,7.01,6.83,12590600,87450000.0,1.06,2.62,83.41,83.41,7.55,6.17,0.68
泰山石油,sz000554,8.18,8.18,8.14,21680500.0,8.18,74300,8.19,323500,0.0,8.21,8.06,21680500,176620000.0,5.98,1.83,29.67,39.33,9.0,7.36,0.51
文灿股份,sh603348,20.5,20.47,20.58,6132800.0,20.49,29500,20.5,28300,0.15,20.58,20.33,6132800,125410000.0,1.95,1.22,64.47,64.47,22.52,18.42,0.6
筑博设计,sz300564,15.16,15.05,15.14,1211600.0,15.15,4900,15.16,8600,0.73,15.3,14.95,1211600,18360000.0,1.07,2.33,17.16,24.46,18.06,12.04,0.47
ST晨鸣,sz000488,2.64,2.62,2.62,19841000.0,2.63,442800,2.64,563800,0.76,2.68,2.62,19841000,52470000.0,1.17,2.29,44.73,77.65,2.75,2.49,0.95
雷神科技,bj920190,22.14,21.9,22.02,1039800.0,22.12,2000,22.14,10800,1.1,22.45,22.02,1039800,23133600.0,1.05,1.96,22.02,22.14,28.47,15.33,0.96
青矩技术,bj920208,23.2,22.92,22.92,484100.0,23.2,2200,23.23,600,1.22,23.39,22.92,484100,11253400.0,0.48,2.05,23.64,31.04,29.79,16.05,0.76
致欧科技,sz301376,15.71,15.5,15.59,1976400.0,15.71,6000,15.73,1600,1.35,15.89,15.59,1976400,31170000.0,1.02,1.94,30.42,63.23,18.6,12.4,0.73
海天精工,sh601882,19.07,18.91,18.99,3702300.0,19.07,17900,19.08,23900,0.85,19.3,18.99,3702300,70910000.0,0.71,1.64,99.55,99.55,20.8,17.02,1.08
蜀道装备,sz300540,20.1,20.25,20.37,4141800.0,20.09,600,20.1,1400,-0.74,20.68,20.1,4141800,84390000.0,2.0,2.86,41.55,46.14,24.3,16.2,0.95
红墙股份,sz002809,10.81,11.0,10.79,10845200.0,10.81,36400,10.82,27100,-1.73,10.96,10.67,10845200,117520000.0,7.04,2.64,16.66,24.26,12.1,9.9,1.04
安杰思,sh688581,55.65,55.08,55.05,27360200.0,55.65,800,55.69,400,1.03,56.1,55.05,27360200,15240000.0,0.66,1.91,23.13,45.14,66.1,44.06,0.88
禾迈股份,sh688032,116.18,113.44,116.0,182371300.0,116.17,1000,116.18,2400,2.42,118.88,115.09,182371300,213480000.0,1.47,3.34,144.15,144.15,136.13,90.75,0.79
益佰制药,sh600594,4.81,5.06,4.87,159077300.0,4.8,571300,4.81,616500,-4.94,4.95,4.64,159077300,756580000.0,20.09,6.13,38.09,38.09,5.57,4.55,1.0
冠盛股份,sh605088,34.39,32.87,32.86,4718900.0,34.38,2800,34.39,38000,4.62,34.6,32.86,4718900,159790000.0,2.36,5.29,68.68,69.72,36.16,29.58,2.14
超达装备,sz301186,60.9,61.73,60.89,3750900.0,60.9,5300,60.94,1200,-1.34,62.66,60.19,3750900,229220000.0,4.96,4.0,46.07,49.05,74.08,49.38,1.29
麦克奥迪,sz300341,14.71,14.52,14.6,3939300.0,14.71,25300,14.72,4100,1.31,14.86,14.53,3939300,58120000.0,0.76,2.27,75.81,76.11,17.42,11.62,0.81
伟星股份,sz002003,9.71,9.64,9.68,5938100.0,9.71,77400,9.73,18600,0.73,9.75,9.62,5938100,57400000.0,0.58,1.35,99.25,115.44,10.6,8.68,1.29
神奇制药,sh600613,6.35,6.36,6.36,28617200.0,6.34,125800,6.35,10400,-0.16,6.58,6.17,28617200,181570000.0,5.97,6.45,30.44,33.91,7.0,5.72,0.65
天风证券,sh601162,3.75,3.65,3.68,252646200.0,3.74,2476800,3.75,448000,2.74,3.85,3.68,252646200,956580000.0,2.94,4.66,322.42,377.77,4.02,3.29,2.55
九阳股份,sz002242,9.76,9.64,9.75,6201900.0,9.76,21400,9.78,2100,1.24,9.89,9.68,6201900,60800000.0,0.81,2.18,74.34,74.47,10.6,8.68,1.22
遥望科技,sz002291,6.45,6.45,6.48,21907600.0,6.45,268600,6.46,173300,0.0,6.57,6.45,21907600,142510000.0,2.52,1.86,56.06,60.32,7.1,5.81,0.79
天富能源,sh600509,8.05,7.72,7.82,44568200.0,8.05,440100,8.06,307500,4.27,8.2,7.76,44568200,356890000.0,3.24,5.7,110.64,110.64,8.49,6.95,1.46
迈瑞医疗,sz300760,158.18,156.3,157.1,8789100.0,158.18,2000,158.19,500,1.2,159.98,156.35,8789100,1391680000.0,0.73,2.32,1916.19,1917.84,187.56,125.04,1.06
三利谱,sz002876,27.82,27.39,27.47,3574000.0,27.79,6700,27.82,7000,1.57,28.05,27.47,3574000,99280000.0,2.4,2.12,41.44,48.37,30.13,24.65,0.94
梦洁股份,sz002397,3.95,3.81,3.88,22372500.0,3.95,9400,3.96,141400,3.67,4.12,3.84,22372500,88990000.0,3.45,7.35,25.59,29.54,4.19,3.43,1.6
健民集团,sh600976,34.35,33.83,33.99,2728400.0,34.35,13200,34.36,2000,1.54,34.75,33.71,2728400,93520000.0,1.78,3.07,52.66,52.69,37.21,30.45,0.66
国星光电,sz002449,8.12,8.14,8.3,16740700.0,8.11,47100,8.12,6000,-0.25,8.3,8.12,16740700,137220000.0,2.71,2.21,50.22,50.22,8.95,7.33,0.95
拓日新能,sz002218,5.71,5.8,5.78,88561000.0,5.71,716700,5.72,157400,-1.55,5.84,5.71,88561000,511310000.0,6.38,2.24,79.24,80.41,6.38,5.22,0.55
金诚信,sh603979,60.75,61.6,61.96,6820300.0,60.75,1800,60.77,100,-1.38,62.1,60.68,6820300,417590000.0,1.09,2.31,378.95,378.95,67.76,55.44,0.75
*ST亿通,sz300211,8.1,7.92,8.0,2145100.0,8.1,1500,8.11,44500,2.27,8.21,7.98,2145100,17440000.0,0.72,2.9,24.06,24.62,9.5,6.34,0.94
中国外运,sh601598,6.28,6.15,6.31,27843500.0,6.27,34900,6.28,41500,2.11,6.36,6.15,27843500,174750000.0,0.54,3.41,323.89,450.51,6.77,5.54,0.99
国货航,sz001391,5.32,5.27,5.32,19003100.0,5.32,10300,5.33,202700,0.95,5.36,5.3,19003100,101360000.0,1.25,1.14,80.83,649.51,5.8,4.74,1.06
英诺特,sh688253,36.02,35.01,35.59,176094500.0,36.02,3000,36.08,2800,2.88,36.98,35.31,176094500,63800000.0,1.29,4.77,49.34,49.34,42.01,28.01,1.54
华纳药厂,sh688799,61.99,63.16,63.0,522168500.0,61.98,200,61.99,100,-1.85,64.63,61.65,522168500,328990000.0,3.98,4.72,81.41,81.41,75.79,50.53,0.75
汇中股份,sz300371,12.5,12.41,12.45,2265100.0,12.5,600,12.51,400,0.73,12.71,12.45,2265100,28480000.0,1.69,2.1,16.8,25.15,14.89,9.93,0.69
金逸影视,sz002905,9.51,9.48,9.6,8263800.0,9.5,57900,9.51,4400,0.32,9.67,9.34,8263800,78860000.0,2.36,3.48,33.23,35.79,10.43,8.53,0.5
延江股份,sz300658,23.45,24.47,23.8,45803800.0,23.45,16900,23.46,26100,-4.17,24.33,20.5,45803800,1038130000.0,20.31,15.65,52.88,78.03,29.36,19.58,1.29
百奥赛图,sh688796,101.13,103.31,104.2,282455500.0,101.13,400,101.2,200,-2.11,105.88,101.0,282455500,290870000.0,7.87,4.72,36.29,451.95,123.97,82.65,0.82
林海股份,sh600099,11.42,11.13,11.19,5505000.0,11.42,6700,11.43,5100,2.61,11.56,11.1,5505000,62720000.0,2.51,4.13,25.02,25.02,12.24,10.02,1.0
海澜之家,sh600398,6.54,6.52,6.51,22490000.0,6.54,15300,6.55,372500,0.31,6.56,6.5,22490000,147070000.0,0.47,0.92,314.1,314.1,7.17,5.87,0.57
摩尔线程-U,sh688795,586.0,590.02,593.0,198394400.0,585.99,400,586.0,9600,-0.68,597.8,584.0,198394400,1167320000.0,6.75,2.34,172.18,2754.37,708.02,472.02,0.8
申通快递,sz002468,15.67,15.52,15.6,21599500.0,15.67,14800,15.68,39800,0.97,15.8,15.42,21599500,337350000.0,1.47,2.45,229.91,239.88,17.07,13.97,0.96
新柴股份,sz301032,13.18,12.63,12.69,9874300.0,13.17,11500,13.18,33500,4.35,13.72,12.65,9874300,131610000.0,6.18,8.47,21.07,31.78,15.16,10.1,2.03
星星科技,sz300256,3.45,3.41,3.46,19491400.0,3.44,502400,3.45,115700,1.17,3.48,3.43,19491400,67310000.0,0.87,1.47,77.4,78.26,4.09,2.73,0.8
天润工业,sz002283,10.57,10.05,10.18,60923100.0,10.56,21700,10.57,66400,5.17,10.88,10.08,60923100,648440000.0,6.08,7.96,106.0,120.44,11.06,9.05,1.39
诚迈科技,sz300598,37.41,37.16,37.51,2968600.0,37.4,32100,37.41,200,0.67,37.86,37.4,2968600,111690000.0,1.37,1.24,81.15,81.17,44.59,29.73,0.95
漫步者,sz002351,11.5,11.32,11.43,7404200.0,11.49,42700,11.5,68700,1.59,11.54,11.37,7404200,85040000.0,1.42,1.5,59.92,102.25,12.45,10.19,1.46
九洲集团,sz300040,6.66,6.68,6.7,39042500.0,6.66,182700,6.67,644000,-0.3,6.77,6.66,39042500,262210000.0,7.55,1.65,34.46,42.85,8.02,5.34,0.65
汇宇制药-W,sh688553,20.01,21.16,20.96,2611877000.0,20.0,2500,20.01,2100,-5.43,21.3,19.91,2611877000,533220000.0,7.6,6.57,68.74,84.76,25.39,16.93,0.74
美新科技,sz301588,20.78,20.6,20.9,2296700.0,20.76,800,20.78,2800,0.87,21.38,20.7,2296700,48240000.0,3.13,3.3,15.24,24.7,24.72,16.48,0.76
宝莱特,sz300246,14.5,14.56,14.7,9786600.0,14.5,6400,14.51,500,-0.41,14.8,14.29,9786600,142030000.0,4.63,3.5,30.64,38.37,17.47,11.65,0.87
千味央厨,sz001215,38.7,38.55,38.74,1514400.0,38.68,1000,38.7,1500,0.39,39.29,38.6,1514400,58880000.0,1.56,1.79,37.45,37.6,42.41,34.7,0.71
英力股份,sz300956,14.77,14.64,14.8,2760000.0,14.76,27700,14.77,0,0.89,14.99,14.73,2760000,41060000.0,1.31,1.78,31.08,31.82,17.57,11.71,0.84
恒顺醋业,sh600305,7.53,7.5,7.51,3775300.0,7.53,11800,7.54,53500,0.4,7.57,7.51,3775300,28470000.0,0.34,0.8,83.06,83.32,8.25,6.75,0.68
洽洽食品,sz002557,22.31,22.04,22.06,4592200.0,22.31,4800,22.32,800,1.23,22.61,21.94,4592200,102440000.0,0.91,3.04,112.61,112.86,24.24,19.84,1.53
德展健康,sz000813,3.47,3.46,3.48,23062500.0,3.47,295300,3.48,315300,0.29,3.55,3.43,23062500,80590000.0,1.1,3.47,72.76,72.77,3.81,3.11,0.68
龙韵股份,sh603729,16.8,16.59,16.72,2084200.0,16.78,13800,16.8,2000,1.27,17.0,16.61,2084200,35080000.0,2.23,2.35,15.68,15.68,18.25,14.93,0.69
拓山重工,sz001226,44.14,44.4,44.39,1264800.0,44.14,1400,44.15,200,-0.59,45.5,43.04,1264800,56040000.0,1.69,5.54,32.96,32.96,48.84,39.96,0.65
外高桥,sh600648,10.45,10.28,10.28,3850700.0,10.44,12500,10.45,72500,1.65,10.46,10.28,3850700,40130000.0,0.34,1.75,118.9,142.11,11.31,9.25,1.66
招商港口,sz001872,21.63,22.02,22.08,3713200.0,21.63,7100,21.64,1900,-1.77,22.32,21.56,3713200,81230000.0,0.16,3.45,497.92,536.83,24.22,19.82,1.2
国科微,sz300672,165.95,160.48,165.0,14115600.0,165.94,600,165.95,2800,3.41,168.0,159.53,14115600,2306340000.0,6.71,5.28,349.06,360.28,192.58,128.38,1.69
公牛集团,sh603195,41.32,41.52,41.53,2018600.0,41.31,1900,41.32,29200,-0.48,41.75,41.24,2018600,83700000.0,0.11,1.23,744.03,747.03,45.67,37.37,1.18
欣灵电气,sz301388,31.6,31.62,31.78,1595300.0,31.6,6200,31.69,700,-0.06,32.15,31.5,1595300,50760000.0,5.83,2.06,8.64,32.37,37.94,25.3,0.83
五洋自控,sz300420,3.62,3.56,3.61,19911600.0,3.61,221000,3.62,45100,1.69,3.66,3.58,19911600,72350000.0,1.78,2.25,40.41,40.41,4.27,2.85,1.04
爱科科技,sh688092,29.11,28.76,28.94,70695400.0,29.1,200,29.11,1300,1.22,29.44,28.94,70695400,20670000.0,0.86,1.74,24.06,24.06,34.51,23.01,0.64
埃夫特-U,sh688165,17.05,16.53,16.69,768543800.0,17.05,29800,17.07,17400,3.15,17.47,16.68,768543800,131710000.0,1.47,4.78,88.96,88.96,19.84,13.22,1.4
乐山电力,sh600644,11.23,11.12,11.2,25066200.0,11.22,223200,11.23,73900,0.99,11.3,11.06,25066200,280870000.0,4.33,2.16,64.95,64.95,12.23,10.01,0.46
青山纸业,sh600103,3.91,3.55,3.91,92080700.0,3.91,47787000,0.0,0,10.14,3.91,3.91,92080700,360040000.0,4.16,0.0,86.5,87.62,3.91,3.2,1.41
英华特,sz301272,40.85,40.13,40.3,499200.0,40.71,2000,40.87,100,1.79,41.13,40.14,499200,20400000.0,1.59,2.47,12.8,23.9,48.16,32.1,0.66
亚星锚链,sh601890,10.37,10.34,10.4,27661700.0,10.37,316800,10.38,41100,0.29,10.57,10.37,27661700,289730000.0,2.88,1.93,99.49,99.49,11.37,9.31,1.1
华钰矿业,sh601020,27.85,27.85,0.0,0.0,0.0,0,0.0,0,0.0,0.0,0.0,0,0.0,0.0,0.0,228.36,228.36,30.64,25.07,0.0
新黄浦,sh600638,5.99,5.91,5.95,6584500.0,5.99,50000,6.0,15600,1.35,6.08,5.93,6584500,39610000.0,0.98,2.54,40.34,40.34,6.5,5.32,1.04
宁波华翔,sz002048,27.27,26.98,27.2,13264500.0,27.27,1600,27.28,4700,1.07,28.17,27.1,13264500,366200000.0,1.87,3.97,193.56,221.93,29.68,24.28,1.07
晋控煤业,sh601001,16.54,16.15,16.16,19469500.0,16.53,38700,16.54,1600,2.41,16.72,15.98,19469500,320880000.0,1.16,4.58,276.83,276.83,17.77,14.54,1.04
北自科技,sh603082,36.11,35.72,36.0,915200.0,36.11,4700,36.15,300,1.09,36.87,35.78,915200,33240000.0,2.26,3.05,14.65,58.58,39.29,32.15,0.92
梓橦宫,bj920566,10.67,10.65,10.6,1832000.0,10.67,96900,10.68,9800,0.19,10.83,10.57,1832000,19572500.0,1.63,2.44,11.99,15.52,13.84,7.46,0.44
蠡湖股份,sz300694,12.18,11.99,12.06,3144300.0,12.18,15600,12.2,600,1.58,12.28,12.0,3144300,38380000.0,1.45,2.34,26.44,26.44,14.39,9.59,0.66
泰凌微,sh688591,37.76,37.29,38.29,528589300.0,37.76,15000,37.78,800,1.26,38.98,37.76,528589300,202900000.0,3.14,3.27,63.6,90.9,44.75,29.83,1.72
毕得医药,sh688073,62.67,59.11,59.14,246533000.0,62.67,200,62.76,200,6.02,64.75,59.12,246533000,153360000.0,5.7,9.52,27.09,56.96,70.93,47.29,1.6
碧水源,sz300070,3.92,3.89,3.91,25785100.0,3.92,167800,3.93,189000,0.77,3.95,3.9,25785100,101350000.0,0.76,1.29,132.18,142.07,4.67,3.11,0.89
中信特钢,sz000708,16.99,16.91,16.94,12216300.0,16.99,600,17.0,6400,0.47,17.13,16.74,12216300,207880000.0,0.24,2.31,857.51,857.51,18.6,15.22,0.88
珍宝岛,sh603567,6.83,6.57,6.57,33273100.0,6.82,165800,6.83,46400,3.96,7.14,6.54,33273100,227380000.0,3.54,9.13,64.17,64.27,7.23,5.91,2.09
衢州发展,sh600208,3.23,3.21,3.24,52172000.0,3.23,836600,3.24,1455100,0.62,3.28,3.21,52172000,169130000.0,0.61,2.18,274.81,274.84,3.53,2.89,0.77
科威尔,sh688551,45.23,44.84,44.84,266977600.0,45.21,200,45.23,1300,0.87,46.35,44.55,266977600,121030000.0,3.18,4.01,38.03,38.03,53.81,35.87,0.84
哈尔斯,sz002615,8.35,8.1,8.14,8553100.0,8.34,1000,8.35,92300,3.09,8.38,8.14,8553100,71060000.0,2.8,2.96,25.53,46.74,8.91,7.29,0.83
ST雪发,sz002485,4.95,4.89,4.91,2307800.0,4.94,69200,4.95,44300,1.23,5.0,4.89,2307800,11420000.0,0.42,2.25,26.93,26.93,5.13,4.65,0.58
农 产 品,sz000061,7.23,7.21,7.25,10358000.0,7.23,43500,7.24,10900,0.28,7.32,7.2,10358000,75280000.0,0.58,1.66,129.73,143.51,7.93,6.49,0.59
瀚蓝环境,sh600323,29.29,29.45,29.45,4395500.0,29.28,30000,29.3,3000,-0.54,29.79,29.0,4395500,128910000.0,0.54,2.68,238.82,238.82,32.4,26.51,0.89
安利股份,sz300218,15.84,15.85,15.87,3144400.0,15.84,17200,15.85,32000,-0.06,16.03,15.83,3144400,50110000.0,1.45,1.26,34.26,34.37,19.02,12.68,0.88
平治信息,sz300571,34.57,34.96,35.04,15271800.0,34.57,27000,34.58,2400,-1.12,35.3,34.49,15271800,532150000.0,13.21,2.32,39.98,48.23,41.95,27.97,0.97
中设咨询,bj920873,7.89,7.7,7.72,2664300.0,7.87,20000,7.89,37600,2.47,7.94,7.65,2664300,20850600.0,2.22,3.77,9.45,12.1,10.01,5.39,0.88
康美药业,sh600518,1.76,1.76,1.77,112961500.0,1.76,15465400,1.77,14315700,0.0,1.78,1.75,112961500,199550000.0,0.82,1.7,243.27,243.39,1.94,1.58,0.45
宝利国际,sz300135,3.81,3.77,3.77,17966000.0,3.8,421000,3.81,108900,1.06,3.86,3.77,17966000,68670000.0,1.95,2.39,35.11,35.11,4.52,3.02,0.68
上声电子,sh688533,26.7,26.46,26.7,88684300.0,26.67,200,26.7,2800,0.91,26.99,26.63,88684300,23770000.0,0.54,1.36,44.05,44.05,31.75,21.17,0.93
展鹏科技,sh603488,11.08,11.0,11.04,10990500.0,11.08,61900,11.09,32800,0.73,11.29,10.9,10990500,121370000.0,3.76,3.55,32.35,32.35,12.1,9.9,1.46
天下秀,sh600556,6.17,6.07,6.19,95840900.0,6.16,424200,6.17,258500,1.65,6.49,6.16,95840900,601460000.0,5.3,5.44,111.54,111.54,6.68,5.46,2.02
每日互动,sz300766,36.09,35.89,36.21,30730000.0,36.09,21700,36.1,64500,0.56,37.68,35.62,30730000,1126540000.0,8.58,5.74,129.29,142.47,43.07,28.71,0.97
珠江啤酒,sz002461,9.91,9.96,10.0,14772100.0,9.91,200,9.93,5000,-0.5,10.1,9.89,14772100,147100000.0,0.67,2.11,219.34,219.34,10.96,8.96,0.92
浪潮软件,sh600756,17.02,17.12,17.3,18802900.0,17.02,36300,17.03,45900,-0.58,17.6,17.01,18802900,324230000.0,5.8,3.45,55.16,59.51,18.83,15.41,0.91
华光环能,sh600475,17.58,17.08,17.24,14762800.0,17.57,34700,17.58,2800,2.93,18.05,17.08,14762800,260000000.0,1.57,5.68,165.76,168.06,18.79,15.37,1.46
新光药业,sz300519,15.47,15.22,15.3,2783600.0,15.47,1200,15.48,2900,1.64,15.66,15.23,2783600,43140000.0,2.44,2.83,17.65,24.75,18.26,12.18,0.95
华东重机,sz002685,7.76,7.78,7.94,53708200.0,7.75,109400,7.76,128300,-0.26,7.98,7.73,53708200,420500000.0,5.33,3.21,78.19,78.2,8.56,7.0,0.89
幸福蓝海,sz300528,16.46,16.33,16.46,9905400.0,16.45,36900,16.46,22500,0.8,16.76,16.3,9905400,163820000.0,2.66,2.82,61.33,61.33,19.6,13.06,1.07
中船科技,sh600072,12.47,12.04,12.03,40673400.0,12.46,89300,12.47,30700,3.57,12.92,12.03,40673400,510610000.0,3.75,7.39,135.09,187.13,13.24,10.84,1.99
东方中科,sz002819,26.83,26.53,26.66,3763000.0,26.82,12900,26.83,26400,1.13,27.17,26.57,3763000,101130000.0,1.6,2.26,63.07,80.39,29.18,23.88,0.87
羚锐制药,sh600285,21.68,21.9,21.91,5889600.0,21.68,36400,21.69,300,-1.0,21.99,21.67,5889600,128370000.0,1.04,1.46,122.68,122.95,24.09,19.71,0.97
创力集团,sh603012,8.57,8.49,8.51,18486400.0,8.56,38300,8.57,346900,0.94,8.67,8.44,18486400,158860000.0,2.86,2.71,55.41,55.41,9.34,7.64,0.89
稳健医疗,sz300888,32.82,32.37,32.69,3173300.0,32.82,62400,32.83,6100,1.39,33.25,32.49,3173300,104520000.0,0.55,2.35,190.91,191.12,38.84,25.9,1.14
三变科技,sz002112,21.1,20.88,21.05,25573700.0,21.1,25600,21.11,14700,1.05,21.8,20.87,25573700,543370000.0,9.76,4.45,55.3,62.06,22.97,18.79,1.24
汉缆股份,sz002498,7.76,7.73,7.78,102472100.0,7.75,565700,7.76,293700,0.39,7.92,7.71,102472100,798040000.0,3.08,2.72,258.16,258.16,8.5,6.96,0.82
巴兰仕,bj920112,32.51,32.16,32.16,134800.0,32.51,500,32.52,700,1.09,32.78,32.16,134800,4382300.0,0.58,1.93,7.54,27.58,41.8,22.52,0.65
罗普斯金,sz002333,5.54,5.45,5.48,8020400.0,5.53,59900,5.54,14300,1.65,5.64,5.47,8020400,44690000.0,1.2,3.12,36.92,37.39,6.0,4.91,0.79
爱乐达,sz300696,29.69,30.07,30.09,8638800.0,29.69,6800,29.7,3900,-1.26,30.96,29.66,8638800,261690000.0,3.25,4.32,78.94,87.04,36.08,24.06,1.58
金鹰重工,sz301048,10.86,10.85,11.07,17198000.0,10.85,98100,10.86,5600,0.09,11.23,10.81,17198000,188700000.0,3.22,3.87,57.92,57.92,13.02,8.68,0.67
宏昌科技,sz301008,34.9,36.18,36.25,12874800.0,34.89,100,34.9,1800,-3.54,36.53,34.7,12874800,454970000.0,11.11,5.06,40.43,45.71,43.42,28.94,0.63
亚厦股份,sz002375,3.89,3.85,3.87,9981300.0,3.89,128800,3.9,86800,1.04,3.93,3.87,9981300,38980000.0,0.75,1.56,51.61,52.13,4.24,3.47,0.91
安凯微,sh688620,10.88,10.72,10.75,380506800.0,10.87,35700,10.88,24300,1.49,11.11,10.75,380506800,41640000.0,1.64,3.36,25.28,42.65,12.86,8.58,1.05
祥生医疗,sh688358,29.74,29.17,29.25,81460500.0,29.73,200,29.74,8800,1.95,30.07,29.25,81460500,24230000.0,0.73,2.81,33.3,33.35,35.0,23.34,0.86
太平鸟,sh603877,14.05,14.0,13.99,1111300.0,14.05,400,14.06,4500,0.36,14.12,13.93,1111300,15610000.0,0.24,1.36,65.94,66.19,15.4,12.6,0.75
中储股份,sh600787,5.49,5.45,5.5,15681900.0,5.49,331800,5.5,11500,0.73,5.55,5.48,15681900,86480000.0,0.72,1.28,119.14,119.14,6.0,4.91,0.81
凤凰股份,sh600716,4.37,4.43,4.42,8003500.0,4.36,90800,4.37,15700,-1.35,4.48,4.34,8003500,35330000.0,0.86,3.16,40.91,40.91,4.87,3.99,0.71
弘景光电,sz301479,97.42,97.39,97.56,2203400.0,97.37,100,97.42,500,0.03,98.9,96.5,2203400,214640000.0,4.33,2.46,49.62,86.67,116.87,77.91,0.61
中天火箭,sz003009,57.18,57.08,57.3,2196700.0,57.18,9300,57.19,200,0.18,58.0,57.1,2196700,126400000.0,1.33,1.58,94.17,94.19,62.79,51.37,0.85
奥美医疗,sz002950,13.56,12.33,12.35,27686300.0,13.56,2312800,0.0,0,9.98,13.56,12.35,27686300,371480000.0,6.13,9.81,61.29,85.87,13.56,11.1,1.55
乔锋智能,sz301603,72.32,71.42,71.87,1611400.0,72.31,100,72.32,400,1.26,73.26,71.87,1611400,117140000.0,4.27,1.95,27.29,87.33,85.7,57.14,1.01
瑞凌股份,sz300154,8.36,8.06,8.15,13583700.0,8.36,6500,8.37,8400,3.72,8.62,8.08,13583700,113860000.0,4.31,6.7,26.34,37.58,9.67,6.45,2.0
上海汽配,sh603107,14.44,14.34,14.43,1549800.0,14.44,2200,14.46,5900,0.7,14.55,14.4,1549800,22440000.0,0.71,1.05,31.5,48.71,15.77,12.91,0.9
红太阳,sz000525,6.21,6.02,6.02,58489000.0,6.2,378400,6.21,45400,3.16,6.52,5.98,58489000,363930000.0,5.26,8.97,69.04,80.93,6.62,5.42,2.55
林州重机,sz002535,3.52,3.51,3.52,8306000.0,3.52,36000,3.53,215600,0.28,3.56,3.51,8306000,29380000.0,1.11,1.42,26.27,28.22,3.86,3.16,0.69
鼎际得,sh603255,29.04,28.8,29.08,1308200.0,29.04,500,29.05,600,0.83,29.4,28.83,1308200,38090000.0,2.16,1.98,17.62,39.09,31.68,25.92,0.74
亿华通-U,sh688339,23.93,23.53,23.8,350771200.0,23.93,24800,23.94,500,1.7,24.36,23.66,350771200,84590000.0,1.79,2.97,46.85,57.56,28.24,18.82,0.61
神州泰岳,sz300002,9.63,9.49,9.57,32687100.0,9.62,127700,9.63,195600,1.48,9.76,9.57,32687100,316130000.0,1.79,2.0,175.51,189.44,11.39,7.59,1.09
*ST声迅,sz003004,29.5,28.11,28.25,773300.0,29.5,8400,29.51,4900,4.94,29.52,28.25,773300,22570000.0,1.12,4.52,20.28,24.15,29.52,26.7,1.71
利通电子,sh603629,72.68,74.62,74.0,27942300.0,72.67,100,72.68,3300,-2.6,75.81,72.0,27942300,2063430000.0,10.9,5.11,186.36,190.65,82.08,67.16,0.86
湖南投资,sz000548,5.26,5.22,5.28,10207100.0,5.26,600,5.27,6400,0.77,5.35,5.25,10207100,54090000.0,2.04,1.92,26.26,26.26,5.74,4.7,0.95
艾德生物,sz300685,23.44,22.82,23.07,15762700.0,23.43,2300,23.44,12700,2.72,23.88,22.95,15762700,370730000.0,4.05,4.08,91.32,91.78,27.38,18.26,1.39
祥源新材,sz300980,37.8,36.05,36.28,7261900.0,37.8,27300,37.81,200,4.85,38.58,35.81,7261900,269410000.0,7.38,7.68,37.17,52.19,43.26,28.84,2.22
精华制药,sz002349,7.66,7.72,7.68,37063000.0,7.65,111200,7.66,28100,-0.78,7.8,7.55,37063000,284320000.0,4.55,3.24,62.37,63.55,8.49,6.95,0.97
道恩股份,sz002838,27.22,27.2,27.49,4700600.0,27.22,7200,27.23,4000,0.07,27.71,27.05,4700600,128550000.0,1.12,2.43,114.5,130.22,29.92,24.48,1.18
正裕工业,sh603089,12.51,12.33,12.32,1816900.0,12.5,9300,12.51,10000,1.46,12.63,12.32,1816900,22780000.0,0.76,2.51,30.03,34.49,13.56,11.1,0.81
古越龙山,sh600059,8.87,8.85,8.87,5736100.0,8.87,24600,8.88,18700,0.23,8.96,8.85,5736100,51050000.0,0.63,1.24,80.85,80.85,9.74,7.97,0.94
国机通用,sh600444,17.75,17.51,17.52,2432000.0,17.74,100,17.75,3500,1.37,17.9,17.52,2432000,43170000.0,1.66,2.17,25.99,25.99,19.26,15.76,0.76
三博脑科,sz301293,68.08,67.2,67.8,7243100.0,68.07,1300,68.08,11800,1.31,68.87,67.5,7243100,494960000.0,4.5,2.04,109.57,140.24,80.64,53.76,0.7
西昌电力,sh600505,12.67,12.5,12.6,11081700.0,12.67,60700,12.68,34800,1.36,12.92,12.49,11081700,140730000.0,3.04,3.44,46.19,46.19,13.75,11.25,0.67
明微电子,sh688699,45.08,44.7,45.13,172105600.0,45.07,3900,45.08,4700,0.85,46.0,45.01,172105600,78300000.0,1.56,2.21,49.62,49.62,53.64,35.76,0.91
金帝股份,sh603270,25.5,25.09,25.19,2200300.0,25.49,800,25.5,800,1.63,25.59,25.19,2200300,55900000.0,3.11,1.59,18.03,55.87,27.6,22.58,0.92
贵绳股份,sh600992,12.22,12.08,12.1,3434800.0,12.21,10300,12.22,18900,1.16,12.32,12.1,3434800,42040000.0,1.4,1.82,29.95,29.95,13.29,10.87,0.83
赛伦生物,sh688163,30.55,29.92,29.91,249760900.0,30.55,3700,30.58,4000,2.11,30.97,29.4,249760900,75440000.0,2.31,5.25,33.06,33.06,35.9,23.94,0.88
中密控股,sz300470,38.94,37.87,38.17,6691300.0,38.94,700,38.95,3700,2.83,39.42,38.05,6691300,261400000.0,3.39,3.62,76.83,80.98,45.44,30.3,2.07
捷昌驱动,sh603583,33.19,32.81,33.15,3202900.0,33.19,4700,33.2,19100,1.16,33.53,33.0,3202900,106700000.0,0.84,1.62,126.87,128.04,36.09,29.53,0.85
神州细胞,sh688520,41.9,41.08,41.23,362388900.0,41.88,200,41.9,3700,2.0,42.89,40.6,362388900,151970000.0,0.81,5.57,186.6,197.07,49.3,32.86,0.82
海尔生物,sh688139,31.37,30.55,30.65,249085900.0,31.37,800,31.38,9200,2.68,31.48,30.65,249085900,77590000.0,0.79,2.72,99.28,99.28,36.66,24.44,1.05
ST嘉澳,sh603822,91.31,91.41,92.0,1111900.0,91.31,1300,91.75,100,-0.11,92.61,89.63,1111900,101270000.0,1.45,3.26,70.15,70.15,95.98,86.84,1.21
普莱柯,sh603566,12.76,12.59,12.7,3512800.0,12.74,6300,12.76,1600,1.35,12.82,12.59,3512800,44740000.0,1.02,1.83,44.16,44.16,13.85,11.33,0.78
蓝箭电子,sz301348,24.45,24.5,24.7,7502400.0,24.45,29300,24.46,14400,-0.2,25.12,24.36,7502400,185090000.0,4.84,3.1,37.93,58.68,29.4,19.6,0.93
意华股份,sz002897,66.0,66.85,66.61,12632200.0,65.99,500,66.0,7200,-1.27,66.98,65.38,12632200,834650000.0,6.92,2.39,120.4,127.96,73.54,60.17,1.0
致尚科技,sz301486,167.41,168.37,170.0,11483200.0,167.41,300,167.43,7300,-0.57,174.29,165.0,11483200,1933230000.0,15.85,5.52,121.29,215.42,202.04,134.7,1.27
秀强股份,sz300160,5.43,5.37,5.4,9177000.0,5.43,42400,5.44,11000,1.12,5.49,5.4,9177000,50040000.0,1.2,1.68,41.4,41.97,6.44,4.3,0.69
中英科技,sz300936,65.19,66.31,67.0,4487300.0,65.18,200,65.19,2200,-1.69,67.6,65.0,4487300,296270000.0,9.45,3.92,30.94,49.02,79.57,53.05,0.7
首航新能,sz301658,42.1,41.4,41.85,19915000.0,42.1,25100,42.11,3500,1.69,43.98,41.5,19915000,853170000.0,20.44,5.99,41.01,173.61,49.68,33.12,1.61
芒果超媒,sz300413,21.29,20.93,21.1,14806800.0,21.28,16500,21.29,54700,1.72,21.48,21.0,14806800,315080000.0,1.45,2.29,217.52,398.28,25.12,16.74,1.25
湖北广电,sz000665,4.76,4.78,4.82,11808800.0,4.76,333800,4.77,134300,-0.42,4.85,4.76,11808800,56800000.0,1.04,1.88,54.13,54.13,5.26,4.3,1.03
昆工科技,bj920152,16.21,15.47,15.7,2522500.0,16.2,3000,16.21,10500,4.78,16.54,15.42,2522500,40493200.0,3.07,7.24,13.32,18.05,20.11,10.83,1.65
国科天成,sz301571,68.88,69.42,68.73,4895500.0,68.86,600,68.88,4500,-0.78,69.44,67.5,4895500,335410000.0,4.11,2.79,82.08,123.59,83.3,55.54,1.11
中机认检,sz301508,29.43,28.89,29.0,1331000.0,29.41,300,29.43,3800,1.87,29.59,29.0,1331000,39170000.0,2.26,2.04,17.32,66.54,34.67,23.11,1.07
奥飞数据,sz300738,22.5,22.65,23.0,56382000.0,22.49,16600,22.5,158600,-0.66,23.16,22.46,56382000,1283780000.0,5.72,3.09,221.6,221.67,27.18,18.12,0.76
仁智股份,sz002629,6.53,6.57,6.58,19576400.0,6.53,15700,6.54,67600,-0.61,6.6,6.42,19576400,127040000.0,4.62,2.74,27.64,27.82,7.23,5.91,0.87
恩华药业,sz002262,22.66,22.48,22.69,6349100.0,22.66,35300,22.69,4900,0.8,22.96,22.51,6349100,144410000.0,0.72,2.0,200.29,230.18,24.73,20.23,0.91
华阳智能,sz301502,43.65,43.05,43.55,637300.0,43.64,100,43.66,200,1.39,44.41,43.45,637300,28060000.0,2.7,2.23,10.3,24.92,51.66,34.44,0.81
苏豪弘业,sh600128,10.8,10.77,10.81,6664000.0,10.79,3900,10.8,8000,0.28,11.08,10.77,6664000,72630000.0,2.7,2.88,26.65,27.18,11.85,9.69,0.97
海能达,sz002583,10.51,10.47,10.45,25114500.0,10.51,86400,10.52,181500,0.38,10.61,10.45,25114500,264870000.0,1.96,1.53,134.81,191.14,11.52,9.42,0.9
分众传媒,sz002027,6.47,6.3,6.35,116885900.0,6.47,719400,6.48,1383500,2.7,6.5,6.33,116885900,751550000.0,0.81,2.7,934.41,934.41,6.93,5.67,1.27
赛分科技,sh688758,20.79,19.29,19.6,1118903600.0,20.78,82200,20.79,89100,7.78,21.48,19.55,1118903600,231480000.0,3.75,10.01,61.99,86.58,23.15,15.43,3.47
用友网络,sh600588,12.02,11.85,11.92,33892500.0,12.01,220600,12.02,247700,1.43,12.15,11.91,33892500,408790000.0,0.99,2.03,410.72,410.72,13.04,10.67,0.92
儒竞科技,sz301525,71.72,70.76,71.21,988900.0,71.72,2400,71.73,1000,1.36,72.79,71.06,988900,71310000.0,2.0,2.44,35.43,67.64,84.91,56.61,0.86
诺唯赞,sh688105,20.02,19.79,19.85,111142900.0,20.02,5800,20.05,400,1.16,20.29,19.73,111142900,22270000.0,0.28,2.83,79.63,79.63,23.75,15.83,0.79
万孚生物,sz300482,17.96,17.82,17.96,3905200.0,17.96,9400,17.97,3400,0.79,18.14,17.87,3905200,70410000.0,0.91,1.52,77.24,84.07,21.38,14.26,0.79
成飞集成,sz002190,31.03,30.88,31.13,3606800.0,31.03,28900,31.04,35600,0.49,31.49,31.0,3606800,112600000.0,1.01,1.59,111.31,111.31,33.97,27.79,1.24
世茂能源,sh605028,27.91,27.83,27.9,2111200.0,27.9,9700,27.91,1400,0.29,28.88,27.87,2111200,59890000.0,1.32,3.63,44.66,44.66,30.61,25.05,0.85
蔚蓝生物,sh603739,14.97,14.77,14.92,4205100.0,14.97,104300,14.98,26400,1.35,15.17,14.76,4205100,62990000.0,1.66,2.78,37.88,37.88,16.25,13.29,0.9
昊海生科,sh688366,39.03,38.9,39.03,50281400.0,39.03,4400,39.05,200,0.33,39.44,38.8,50281400,19690000.0,0.26,1.65,75.74,89.76,46.68,31.12,1.24
汉桑科技,sz301491,50.3,49.78,50.1,547300.0,50.28,200,50.3,700,1.04,50.69,49.8,547300,27560000.0,1.91,1.79,14.38,64.89,59.74,39.82,1.15
苏 泊 尔,sz002032,45.28,45.49,45.51,1436800.0,45.25,1800,45.28,600,-0.46,45.68,45.18,1436800,65250000.0,0.18,1.1,362.77,363.0,50.04,40.94,0.49
京仪装备,sh688652,102.73,102.8,104.34,214792400.0,102.73,7200,102.8,1300,-0.07,106.21,102.67,214792400,223550000.0,1.78,3.44,124.05,172.59,123.36,82.24,0.74
天壕能源,sz300332,5.89,5.91,5.85,43038000.0,5.88,251400,5.89,3700,-0.34,5.91,5.76,43038000,251520000.0,5.18,2.54,48.89,50.96,7.09,4.73,0.67
巨力索具,sz002342,15.5,15.59,16.0,357827300.0,15.5,743800,15.51,22100,-0.58,16.66,15.42,357827300,5699790000.0,37.48,7.95,147.98,148.8,17.15,14.03,2.05
华强科技,sh688151,20.83,20.48,20.43,342218900.0,20.83,23900,20.84,800,1.71,21.19,20.43,342218900,71850000.0,0.99,3.71,71.76,71.76,24.58,16.38,1.2
哈药股份,sh600664,3.76,3.75,3.67,170863700.0,3.75,706300,3.76,187700,0.27,3.89,3.62,170863700,639030000.0,6.78,7.2,94.7,94.7,4.13,3.38,1.06
杭州园林,sz300649,14.87,14.39,14.44,2686700.0,14.87,12700,14.88,100,3.34,14.9,14.35,2686700,39620000.0,2.53,3.82,15.78,19.69,17.27,11.51,0.99
新城控股,sh601155,13.91,13.88,13.92,12500900.0,13.91,535700,13.92,3500,0.22,14.16,13.88,12500900,174990000.0,0.55,2.02,313.76,313.76,15.27,12.49,0.97
国网信通,sh600131,18.58,18.22,18.4,12543100.0,18.57,17500,18.58,1600,1.98,18.75,18.35,12543100,232810000.0,1.05,2.2,222.2,222.65,20.04,16.4,0.77
天有为,sh603202,95.91,96.55,96.2,1369200.0,95.91,200,95.93,1400,-0.66,96.49,95.52,1369200,131280000.0,4.12,1.0,31.9,153.46,106.21,86.9,0.89
正丹股份,sz300641,18.88,18.9,18.99,11201100.0,18.88,47200,18.89,33200,-0.11,19.16,18.83,11201100,212470000.0,2.13,1.75,99.22,99.22,22.68,15.12,0.72
富春股份,sz300299,5.97,5.91,5.95,12436800.0,5.96,131300,5.97,137000,1.02,6.05,5.95,12436800,74570000.0,1.8,1.69,41.15,41.21,7.09,4.73,0.81
创耀科技,sh688259,36.48,36.25,36.69,132916800.0,36.47,4000,36.48,2700,0.63,37.33,36.46,132916800,49010000.0,1.19,2.4,40.75,40.75,43.5,29.0,0.95
佳士科技,sz300193,8.6,8.6,8.65,6383000.0,8.6,101500,8.61,44400,0.0,8.74,8.6,6383000,55350000.0,1.52,1.63,36.09,40.96,10.32,6.88,1.13
开立医疗,sz300633,26.41,25.82,25.96,3819300.0,26.41,7000,26.42,200,2.29,26.51,25.86,3819300,100670000.0,1.43,2.52,70.78,114.28,30.98,20.66,1.31
泰鸿万立,sh603210,16.85,16.79,16.81,3746000.0,16.85,3000,16.86,18300,0.36,17.01,16.79,3746000,63190000.0,1.61,1.31,39.21,57.36,18.47,15.11,1.82
神农集团,sh605296,28.42,28.38,28.49,3059100.0,28.42,6600,28.43,7000,0.14,29.12,28.07,3059100,87690000.0,0.59,3.7,147.21,149.14,31.22,25.54,0.69
杰克科技,sh603337,39.48,38.86,38.94,1503000.0,39.48,2700,39.49,4000,1.6,40.13,38.94,1503000,59650000.0,0.32,3.06,187.03,188.09,42.75,34.97,0.82
长城科技,sh603897,37.15,36.48,36.51,13869600.0,37.15,4400,37.16,200,1.84,37.68,35.66,13869600,509620000.0,6.72,5.54,76.69,76.69,40.13,32.83,0.98
南极电商,sz002127,2.82,2.79,2.8,22435600.0,2.82,707900,2.83,243500,1.08,2.85,2.79,22435600,63500000.0,1.12,2.15,56.25,69.23,3.07,2.51,0.94
中铁装配,sz300374,14.18,14.17,14.29,3388400.0,14.18,48200,14.19,14000,0.07,14.41,14.17,3388400,48440000.0,1.38,1.69,34.87,34.87,17.0,11.34,0.74
大有能源,sh600403,5.68,5.69,5.68,15615100.0,5.68,121000,5.69,64700,-0.18,5.76,5.65,15615100,89160000.0,0.65,1.93,135.8,135.8,6.26,5.12,0.77
中国医药,sh600056,10.97,10.82,10.75,61606100.0,10.96,224700,10.97,122000,1.39,11.1,10.68,61606100,669800000.0,4.12,3.88,164.04,164.1,11.9,9.74,0.61
世纪瑞尔,sz300150,5.43,5.35,5.4,10373500.0,5.42,100000,5.43,70500,1.5,5.5,5.4,10373500,56590000.0,2.25,1.87,24.99,31.77,6.42,4.28,1.06
聚灿光电,sz300708,9.52,9.53,9.6,31372000.0,9.51,128200,9.52,32500,-0.1,9.68,9.51,31372000,300900000.0,4.42,1.78,67.59,89.38,11.44,7.62,0.97
承德露露,sz000848,7.97,7.94,8.0,4235000.0,7.97,42600,7.98,16000,0.38,8.02,7.95,4235000,33850000.0,0.42,0.88,80.59,81.29,8.73,7.15,0.76
紫光国微,sz002049,69.38,68.48,69.33,13598500.0,69.38,49500,69.39,18500,1.31,70.36,69.22,13598500,947940000.0,1.6,1.66,589.39,589.47,75.33,61.63,1.16
铜牛信息,sz300895,60.83,61.14,62.0,13389200.0,60.82,2700,60.83,3700,-0.51,63.02,59.59,13389200,822750000.0,9.69,5.61,84.05,85.65,73.37,48.91,0.93
畅联股份,sh603648,9.96,9.76,9.85,2779100.0,9.96,4800,9.98,15000,2.05,10.07,9.84,2779100,27770000.0,0.77,2.36,36.1,36.1,10.74,8.78,1.27
湖南海利,sh600731,6.88,6.9,6.92,11336500.0,6.88,12200,6.89,88500,-0.29,6.97,6.86,11336500,78340000.0,2.09,1.59,37.27,38.44,7.59,6.21,1.1
安靠智电,sz300617,58.31,57.3,57.35,8983400.0,58.29,3300,58.31,4300,1.76,60.45,56.77,8983400,529940000.0,6.47,6.42,81.01,96.62,68.76,45.84,1.12
长源东谷,sh603950,49.37,44.88,49.37,6489200.0,49.37,4458500,0.0,0,10.0,49.37,49.37,6489200,320370000.0,2.01,0.0,159.76,160.02,49.37,40.39,1.05
瑞迈特,sz301367,69.35,68.51,68.67,925800.0,69.34,1000,69.35,1800,1.23,70.44,68.62,925800,64520000.0,1.32,2.66,48.51,62.14,82.21,54.81,0.8
洪都航空,sh600316,37.42,36.96,37.52,7986100.0,37.42,5700,37.43,500,1.24,38.12,37.36,7986100,301690000.0,1.11,2.06,268.34,268.34,40.66,33.26,0.92
英派斯,sz002899,32.7,32.01,32.33,4996600.0,32.69,15600,32.7,18400,2.16,32.81,31.84,4996600,162730000.0,3.38,3.03,48.33,48.33,35.21,28.81,1.09
顶点软件,sh603383,29.16,28.41,28.57,5190600.0,29.16,200,29.19,800,2.64,29.57,28.57,5190600,151860000.0,2.53,3.52,59.89,59.89,31.25,25.57,1.65
山东出版,sh601019,9.25,9.25,9.25,12826200.0,9.25,46100,9.26,78100,0.0,9.43,9.22,12826200,119400000.0,0.61,2.27,193.04,193.04,10.18,8.33,1.52
中集车辆,sz301039,9.15,9.26,9.3,13605600.0,9.14,34200,9.15,11900,-1.19,9.41,9.14,13605600,126270000.0,0.94,2.92,132.9,171.48,11.11,7.41,0.89
金龙机电,sz300032,5.64,5.69,5.77,35513300.0,5.64,179100,5.65,80200,-0.88,5.87,5.64,35513300,203460000.0,4.42,4.04,45.3,45.3,6.83,4.55,0.69
一汽解放,sz000800,6.98,6.82,6.85,28054200.0,6.97,88800,6.98,36600,2.35,7.02,6.82,28054200,195750000.0,0.57,2.93,343.47,343.51,7.5,6.14,1.57
理工能科,sz002322,13.57,13.21,13.38,7513300.0,13.57,14200,13.58,8600,2.73,13.82,13.25,7513300,102400000.0,2.14,4.31,47.68,49.6,14.53,11.89,1.08
金埔园林,sz301098,8.44,8.35,8.52,4778500.0,8.43,3200,8.44,2300,1.08,8.57,8.36,4778500,40440000.0,3.19,2.51,12.63,15.52,10.02,6.68,0.87
透景生命,sz300642,16.98,16.8,16.9,2686000.0,16.98,13700,17.0,700,1.07,17.27,16.81,2686000,45830000.0,1.95,2.74,23.38,27.6,20.16,13.44,0.67
华纬科技,sz001380,20.1,19.65,19.92,2175000.0,20.08,106200,20.1,2800,2.29,20.28,19.85,2175000,43770000.0,2.47,2.19,17.69,54.44,21.62,17.69,0.77
新乳业,sz002946,18.23,18.49,18.62,3569100.0,18.22,400,18.23,4100,-1.41,18.62,18.17,3569100,65330000.0,0.42,2.43,155.08,156.9,20.34,16.64,0.75
三未信安,sh688489,38.89,38.15,38.14,90805400.0,38.83,3200,38.89,400,1.94,39.42,38.03,90805400,35250000.0,0.79,3.64,44.46,44.81,45.78,30.52,1.75
老百姓,sh603883,13.46,13.4,13.45,5149600.0,13.46,49800,13.47,23300,0.45,13.59,13.42,5149600,69550000.0,0.68,1.27,102.15,102.15,14.74,12.06,0.49
绿色动力,sh601330,7.95,8.02,8.04,21394000.0,7.95,155600,7.96,88700,-0.87,8.08,7.94,21394000,171120000.0,2.16,1.75,78.63,113.73,8.82,7.22,0.7
天禾股份,sz002999,6.95,6.85,6.88,8992700.0,6.95,20700,6.96,12200,1.46,7.04,6.83,8992700,62590000.0,2.62,3.07,23.89,24.16,7.54,6.17,0.81
ST易购,sz002024,1.36,1.34,1.34,38150100.0,1.35,2535300,1.36,2676100,1.49,1.39,1.33,38150100,51960000.0,0.41,4.48,125.84,126.0,1.41,1.27,0.95
铭科精技,sz001319,25.43,24.66,24.88,3943800.0,25.43,1600,25.44,500,3.12,26.2,24.88,3943800,101210000.0,4.81,5.35,20.85,35.96,27.13,22.19,2.39
新天地,sz301277,12.1,11.94,11.99,4140400.0,12.09,7600,12.1,85500,1.34,12.21,11.83,4140400,50050000.0,1.06,3.18,47.44,47.44,14.33,9.55,0.87
廊坊发展,sh600149,6.03,5.96,5.98,22178300.0,6.02,181500,6.03,45000,1.17,6.1,5.91,22178300,132930000.0,5.83,3.19,22.92,22.92,6.56,5.36,0.5
华立科技,sz301011,22.93,22.98,23.03,2109400.0,22.93,3500,22.95,2100,-0.22,23.6,22.85,2109400,48760000.0,1.44,3.26,33.61,35.39,27.58,18.38,0.68
锦龙股份,sz000712,10.43,10.22,10.33,24010200.0,10.43,38400,10.44,26500,2.05,10.72,10.32,24010200,253330000.0,2.68,3.91,93.43,93.45,11.24,9.2,1.79
上海三毛,sh600689,13.21,13.11,13.13,1884600.0,13.2,2200,13.21,13000,0.76,13.34,13.11,1884600,24960000.0,1.24,1.75,20.11,26.55,14.42,11.8,0.63
开尔新材,sz300234,6.0,6.05,6.14,8653800.0,6.0,86700,6.01,15700,-0.83,6.16,5.99,8653800,52520000.0,2.52,2.81,20.64,30.19,7.26,4.84,0.74
华海诚科,sh688535,120.0,119.06,121.19,265664000.0,119.96,800,120.0,3000,0.79,123.49,119.64,265664000,322600000.0,3.29,3.23,96.84,115.22,142.87,95.25,1.07
标榜股份,sz301181,46.73,53.35,52.04,11106800.0,46.72,5000,46.73,4400,-12.41,53.8,46.2,11106800,540550000.0,12.32,14.25,42.14,53.99,64.02,42.68,3.45
建新股份,sz300107,7.03,6.99,7.05,6761000.0,7.03,21100,7.04,48800,0.57,7.12,7.0,6761000,47750000.0,1.95,1.72,24.41,39.56,8.39,5.59,0.74
江铃汽车,sz000550,18.76,18.25,18.26,6552000.0,18.75,6700,18.76,25700,2.79,18.94,18.25,6552000,122720000.0,1.26,3.78,97.26,161.94,20.08,16.43,1.15
绿发电力,sz000537,9.78,9.78,9.85,28609900.0,9.78,110400,9.79,138100,0.0,9.89,9.75,28609900,280670000.0,1.39,1.43,201.05,201.05,10.76,8.8,0.65
长飞光纤,sh601869,384.38,398.31,392.0,24883300.0,384.38,11600,384.4,4900,-3.5,396.53,370.0,24883300,9500280000.0,6.12,6.66,1561.88,3182.3,438.14,358.48,1.26
贵州轮胎,sz000589,4.61,4.6,4.62,16840100.0,4.61,310700,4.62,413300,0.22,4.66,4.61,16840100,78090000.0,1.09,1.09,71.22,71.67,5.06,4.14,0.75
超研股份,sz301602,19.87,19.56,19.6,1571800.0,19.87,55700,19.88,10000,1.58,20.0,19.58,1571800,31200000.0,0.75,2.15,41.43,85.11,23.47,15.65,1.24
富维股份,sh600742,10.1,9.99,10.0,9303100.0,10.09,38200,10.1,5400,1.1,10.23,10.0,9303100,94350000.0,1.25,2.3,75.05,75.05,10.99,8.99,1.02
新天药业,sz002873,9.92,10.8,10.6,41844300.0,9.91,22800,9.92,157700,-8.15,10.69,9.92,41844300,426590000.0,17.46,7.13,23.78,24.22,11.88,9.72,1.02
雅本化学,sz300261,6.3,6.31,6.31,9295200.0,6.3,92000,6.31,92300,-0.16,6.4,6.3,9295200,58910000.0,0.99,1.58,58.98,60.69,7.57,5.05,0.68
恒誉环保,sh688309,67.25,65.47,66.49,342840000.0,67.24,300,67.25,21000,2.72,67.67,63.11,342840000,225990000.0,4.32,6.97,53.4,53.4,78.56,52.38,1.54
利欧股份,sz002131,7.99,8.0,8.01,494695600.0,7.99,1749400,8.0,5172100,-0.13,8.14,7.93,494695600,3964670000.0,8.46,2.63,467.39,541.07,8.8,7.2,1.11
卧龙电驱,sh600580,37.91,36.96,37.38,38589600.0,37.9,155500,37.91,4500,2.57,38.49,37.37,38589600,1467210000.0,2.48,3.03,590.5,592.2,40.66,33.26,1.31
联合动力,sz301656,21.71,21.28,21.42,9090100.0,21.7,50400,21.71,36000,2.02,21.87,21.38,9090100,197170000.0,4.46,2.3,44.21,522.08,25.54,17.02,1.04
拓邦股份,sz002139,12.3,12.08,12.13,13080400.0,12.3,106400,12.31,38400,1.82,12.41,12.13,13080400,160900000.0,1.22,2.32,131.74,153.36,13.29,10.87,1.17
华森制药,sz002907,14.17,14.19,14.18,5054500.0,14.16,12100,14.17,2800,-0.14,14.41,14.02,5054500,71770000.0,1.69,2.75,42.5,59.17,15.61,12.77,0.81
安泰科技,sz000969,21.06,21.09,21.3,17171000.0,21.06,72900,21.07,5900,-0.14,21.46,21.06,17171000,364770000.0,1.66,1.9,217.71,221.24,23.2,18.98,1.0
富春染织,sh605189,16.81,16.02,16.49,26911200.0,16.81,32500,16.82,10500,4.93,17.46,16.26,26911200,450380000.0,13.87,7.49,32.62,32.62,17.62,14.42,5.72
千禾味业,sh603027,9.91,9.5,9.52,28781100.0,9.9,6100,9.91,68900,4.32,9.96,9.47,28781100,281340000.0,2.3,5.16,123.84,132.11,10.45,8.55,2.19
秋乐种业,bj920087,15.07,15.16,15.24,4675100.0,15.06,28200,15.07,4900,-0.59,15.25,14.83,4675100,70239700.0,2.85,2.77,24.72,24.9,19.7,10.62,0.87
申通地铁,sh600834,8.32,8.23,8.27,2674700.0,8.32,8100,8.33,3900,1.09,8.42,8.23,2674700,22360000.0,0.56,2.31,39.72,39.72,9.05,7.41,0.81
达瑞电子,sz300976,58.06,57.26,57.6,1664900.0,58.05,200,58.06,6300,1.4,58.58,57.6,1664900,96940000.0,1.93,1.71,50.03,77.86,68.71,45.81,1.37
广汇能源,sh600256,6.54,6.58,6.46,154591500.0,6.53,689600,6.54,115300,-0.61,6.59,6.43,154591500,1009850000.0,2.42,2.43,418.04,418.04,7.24,5.92,0.55
元道通信,sz301139,17.12,17.06,17.15,2515900.0,17.12,18000,17.13,2100,0.35,17.36,17.11,2515900,43370000.0,3.3,1.47,13.04,20.81,20.47,13.65,0.77
碧兴物联,sh688671,21.45,21.28,21.5,96393200.0,21.44,100,21.45,1700,0.8,21.87,21.35,96393200,20810000.0,2.06,2.44,10.05,16.84,25.54,17.02,0.89
电科院,sz300215,8.06,8.01,8.02,13472300.0,8.05,104300,8.06,37300,0.62,8.19,8.02,13472300,109240000.0,2.7,2.12,40.29,60.38,9.61,6.41,0.93
益客食品,sz301116,9.92,9.88,9.97,2006300.0,9.92,6200,9.94,3600,0.4,10.04,9.86,2006300,19980000.0,0.45,1.82,44.54,44.54,11.86,7.9,0.74
鸿特科技,sz300176,7.27,7.21,7.3,8700200.0,7.27,19900,7.28,139800,0.83,7.36,7.21,8700200,63650000.0,2.25,2.08,28.16,28.16,8.65,5.77,0.75
国盛证券,sz002670,14.6,14.44,14.59,29551500.0,14.6,14600,14.61,144500,1.11,14.98,14.59,29551500,436490000.0,1.82,2.7,237.01,282.52,15.88,13.0,2.38
时代出版,sh600551,8.15,8.01,8.06,6686100.0,8.14,2200,8.15,16100,1.75,8.27,7.99,6686100,54480000.0,0.99,3.5,55.26,55.26,8.81,7.21,2.1
宝光股份,sh600379,12.79,12.06,12.06,16723900.0,12.78,18100,12.79,45300,6.05,12.84,12.06,16723900,211110000.0,5.06,6.47,42.23,42.23,13.27,10.85,3.94
智翔金泰-U,sh688443,29.92,28.48,28.6,884235500.0,29.92,28400,29.93,1800,5.06,30.59,28.32,884235500,263580000.0,7.58,7.97,34.91,109.71,34.18,22.78,1.75
空港股份,sh600463,9.85,9.72,9.79,2131800.0,9.85,15100,9.86,1000,1.34,9.97,9.78,2131800,21070000.0,0.71,1.95,29.55,29.55,10.69,8.75,0.5
真视通,sz002771,16.18,16.53,16.64,14242700.0,16.18,96500,16.19,11800,-2.12,16.75,16.16,14242700,233160000.0,8.16,3.57,28.24,33.94,18.18,14.88,0.88
常青股份,sh603768,11.15,10.97,11.01,1642200.0,11.13,13600,11.15,500,1.64,11.25,11.01,1642200,18340000.0,0.69,2.19,26.53,26.53,12.07,9.87,0.7
众辰科技,sh603275,45.49,46.14,46.48,1446700.0,45.48,5100,45.49,12100,-1.41,46.49,45.42,1446700,66350000.0,3.48,2.32,18.89,67.68,50.75,41.53,0.86
仕净科技,sz301030,10.33,10.31,10.38,5582300.0,10.33,23000,10.34,292100,0.19,10.54,10.3,5582300,58220000.0,2.76,2.33,20.88,20.91,12.37,8.25,0.72
普门科技,sh688389,12.53,12.39,12.39,226358500.0,12.52,32000,12.53,8900,1.13,12.61,12.39,226358500,28390000.0,0.53,1.78,53.69,53.69,14.87,9.91,1.06
帝奥微,sh688381,22.93,23.0,23.07,277028500.0,22.93,7100,22.94,7700,-0.3,23.34,22.79,277028500,63850000.0,1.12,2.39,56.75,56.75,27.6,18.4,0.98
澳华内镜,sh688212,36.05,35.65,35.95,140188700.0,36.05,100,36.12,1000,1.12,36.72,35.8,140188700,50850000.0,1.04,2.58,48.55,48.55,42.78,28.52,0.98
软通动力,sz301236,38.75,38.5,38.87,12874200.0,38.74,11300,38.75,5100,0.65,39.37,38.72,12874200,501610000.0,1.64,1.69,304.46,401.14,46.2,30.8,1.02
博雅生物,sz300294,18.85,18.58,18.6,4568500.0,18.85,43100,18.86,19500,1.45,18.98,18.6,4568500,86060000.0,0.91,2.05,95.05,95.05,22.3,14.86,1.02
绿城水务,sh601368,4.8,4.74,4.75,7120500.0,4.79,13700,4.8,152500,1.27,4.82,4.73,7120500,34070000.0,0.81,1.9,42.38,42.38,5.21,4.27,0.61
正川股份,sh603976,20.08,19.88,19.93,1153300.0,20.07,500,20.08,9900,1.01,20.32,19.88,1153300,23170000.0,0.76,2.21,30.36,30.36,21.87,17.89,0.72
广州港,sh601228,3.4,3.38,3.39,33643500.0,3.4,879200,3.41,3500,0.59,3.45,3.38,33643500,115180000.0,0.45,2.07,256.51,256.51,3.72,3.04,1.34
泰林生物,sz300813,29.15,27.28,27.28,7108400.0,29.14,4700,29.15,11200,6.85,29.68,27.28,7108400,205260000.0,9.35,8.8,22.17,35.33,32.74,21.82,1.3
引力传媒,sh603598,20.69,20.79,20.83,19338300.0,20.69,29300,20.7,600,-0.48,21.16,20.68,19338300,404170000.0,7.18,2.31,55.74,55.8,22.87,18.71,1.21
ST东尼,sh603595,15.61,15.43,15.49,2171300.0,15.61,9100,15.62,3500,1.17,15.87,15.49,2171300,34040000.0,0.93,2.46,36.28,36.28,16.2,14.66,0.82
中坚科技,sz002779,91.82,90.16,91.54,2477700.0,91.81,900,91.82,1300,1.84,93.75,90.17,2477700,229010000.0,1.49,3.97,152.25,169.68,99.18,81.14,0.96
金固股份,sz002488,12.0,11.95,12.01,14463600.0,12.0,18700,12.01,300,0.42,12.28,11.96,14463600,174820000.0,1.57,2.68,110.41,119.45,13.15,10.76,0.75
春光科技,sh603657,26.28,26.95,26.78,3033500.0,26.28,3200,26.29,100,-2.49,26.82,25.5,3033500,79850000.0,2.24,4.9,35.53,35.53,29.65,24.26,1.18
国邦医药,sh605507,25.57,25.7,25.78,3312400.0,25.57,31300,25.58,3900,-0.51,26.06,25.57,3312400,85420000.0,0.59,1.91,142.89,142.89,28.27,23.13,1.0
睿智医药,sz300149,11.2,11.28,11.11,39468500.0,11.2,87500,11.21,46200,-0.71,11.52,10.95,39468500,443750000.0,8.32,5.05,53.15,55.77,13.54,9.02,0.53
方盛制药,sh603998,10.82,10.82,10.83,8128400.0,10.82,10500,10.83,26000,0.0,10.96,10.72,8128400,88100000.0,1.85,2.22,47.51,47.51,11.9,9.74,0.83
东睦股份,sh600114,30.72,30.05,30.34,13857500.0,30.72,7700,30.73,3700,2.23,31.26,30.15,13857500,426690000.0,2.25,3.69,189.35,193.96,33.06,27.05,1.02
凯盛新能,sh600876,9.94,9.04,9.11,9732500.0,9.94,2448700,0.0,0,9.96,9.94,9.11,9732500,94350000.0,2.46,9.18,39.33,64.18,9.94,8.14,1.38
兴福电子,sh688545,48.99,48.45,49.68,492958100.0,48.99,100,49.0,2200,1.11,50.25,48.75,492958100,244210000.0,2.7,3.1,89.28,176.36,58.14,38.76,1.25
丰茂股份,sz301459,38.22,37.58,37.93,805600.0,38.21,700,38.22,5700,1.7,38.58,37.73,805600,30890000.0,3.09,2.26,9.98,39.8,45.1,30.06,1.28
中山公用,sz000685,11.05,10.83,10.92,14789900.0,11.05,61700,11.06,25000,2.03,11.26,10.91,14789900,164380000.0,1.18,3.23,138.56,163.0,11.91,9.75,1.28
ST宏达,sz002211,3.73,3.55,3.57,10110300.0,3.73,190000,0.0,0,5.07,3.73,3.56,10110300,37240000.0,2.34,4.79,16.13,16.13,3.73,3.37,2.1
骏成科技,sz301106,28.9,28.92,29.2,2148300.0,28.87,8500,28.9,10000,-0.07,29.34,28.7,2148300,62330000.0,2.1,2.21,29.51,29.51,34.7,23.14,1.88
海能实业,sz300787,12.07,11.94,12.01,3703000.0,12.05,3700,12.07,15300,1.09,12.2,11.98,3703000,44870000.0,1.88,1.84,23.72,37.83,14.33,9.55,0.95
奥泰生物,sh688606,61.65,61.44,61.4,31671800.0,61.65,2500,61.82,400,0.34,62.4,61.4,31671800,19580000.0,0.4,1.63,48.88,48.88,73.73,49.15,0.89
中策橡胶,sh603049,49.54,49.4,49.6,2303300.0,49.53,2200,49.54,1200,0.28,50.15,49.4,2303300,114560000.0,2.63,1.52,43.32,433.22,54.34,44.46,1.15
安培龙,sz301413,119.36,117.88,118.99,2521400.0,119.36,6900,119.37,2900,1.26,122.99,118.92,2521400,304210000.0,4.29,3.45,70.12,117.45,141.46,94.3,1.23
ST远智,sz002689,3.69,3.63,3.66,7103300.0,3.68,691800,3.69,213000,1.65,3.71,3.66,7103300,26170000.0,0.68,1.38,38.48,38.5,3.81,3.45,0.87
丰倍生物,sh603334,54.61,56.77,55.94,3023200.0,54.6,23300,54.61,3100,-3.8,56.18,53.68,3023200,164850000.0,9.74,4.4,16.96,78.37,62.45,51.09,1.65
丰原药业,sz000153,6.68,6.56,6.6,14055900.0,6.67,13100,6.68,13500,1.83,6.74,6.52,14055900,93520000.0,3.06,3.35,30.65,31.04,7.22,5.9,0.63
深圳华强,sz000062,28.58,28.98,28.6,64487700.0,28.57,167700,28.58,73600,-1.38,29.11,28.01,64487700,1842580000.0,6.17,3.8,298.63,298.92,31.88,26.08,1.1
永新光学,sh603297,109.46,111.25,111.34,1667100.0,109.46,4300,109.54,2700,-1.61,111.8,109.06,1667100,183140000.0,1.51,2.46,121.2,121.43,122.38,100.13,0.95
弘信电子,sz300657,29.7,29.84,30.14,17805600.0,29.7,43600,29.71,1000,-0.47,30.49,29.7,17805600,536220000.0,3.8,2.65,139.15,143.19,35.81,23.87,0.78
维海德,sz301318,26.73,26.57,26.84,978400.0,26.72,300,26.73,4900,0.6,27.15,26.71,978400,26360000.0,1.1,1.66,23.73,36.17,31.88,21.26,0.91
三花智控,sz002050,44.87,43.78,44.21,104367000.0,44.86,111800,44.87,192800,2.49,45.85,44.2,104367000,4704050000.0,2.83,3.77,1653.1,1888.14,48.16,39.4,1.69
*ST佳沃,sz300268,13.92,13.69,13.6,986400.0,13.89,6600,13.92,500,1.68,14.05,13.58,986400,13700000.0,0.74,3.43,18.61,24.25,16.43,10.95,0.98
德固特,sz300950,21.67,21.22,21.32,1626300.0,21.66,1200,21.67,1900,2.12,21.84,21.32,1626300,35260000.0,1.79,2.45,19.71,33.17,25.46,16.98,0.93
国新能源,sh600617,3.27,3.33,3.35,46026100.0,3.27,1228500,3.28,67100,-1.8,3.35,3.26,46026100,151570000.0,2.59,2.7,58.06,63.08,3.66,3.0,0.61
蓝盾光电,sz300862,23.16,21.7,21.91,9074100.0,23.15,13900,23.16,700,6.73,23.63,21.8,9074100,207450000.0,5.99,8.43,35.08,42.76,26.04,17.36,2.99
梦百合,sh603313,8.16,7.99,8.02,5330800.0,8.15,25500,8.16,2400,2.13,8.27,7.98,5330800,43500000.0,0.93,3.63,46.56,46.56,8.79,7.19,1.21
城市传媒,sh600229,6.08,6.09,6.12,3552500.0,6.08,14900,6.09,137000,-0.16,6.18,6.08,3552500,21760000.0,0.54,1.64,40.17,40.17,6.7,5.48,0.97
富满微,sz300671,42.5,40.59,40.93,20849900.0,42.49,57600,42.5,34400,4.71,43.75,40.9,20849900,881570000.0,9.45,7.02,93.82,94.09,48.71,32.47,2.51
掌趣科技,sz300315,5.12,4.82,4.85,183137000.0,5.12,276600,5.13,344000,6.22,5.25,4.85,183137000,925260000.0,7.09,8.3,132.25,138.63,5.78,3.86,2.94
浙江力诺,sz300838,15.24,15.2,15.28,2543300.0,15.2,500,15.24,3300,0.26,15.49,15.15,2543300,38970000.0,2.5,2.24,15.51,21.03,18.24,12.16,0.78
中视传媒,sh600088,14.65,14.58,14.62,3305800.0,14.64,13000,14.65,14000,0.48,14.88,14.59,3305800,48660000.0,0.83,1.99,58.26,58.26,16.04,13.12,0.96
回盛生物,sz300871,24.64,24.85,24.81,7724300.0,24.64,3300,24.65,1400,-0.85,25.06,24.5,7724300,191440000.0,3.83,2.25,49.72,49.72,29.82,19.88,0.51
中国科传,sh601858,22.02,22.36,22.6,8479200.0,22.02,11100,22.03,2400,-1.52,22.64,21.98,8479200,188480000.0,1.07,2.95,174.07,174.07,24.6,20.12,0.83
洪兴股份,sz001209,20.63,20.38,20.6,2332100.0,20.62,44200,20.63,4100,1.23,20.86,20.47,2332100,48320000.0,2.43,1.91,19.82,27.13,22.42,18.34,0.95
海兰信,sz300065,24.7,24.15,24.5,85192100.0,24.7,156500,24.71,67100,2.28,25.6,24.26,85192100,2115160000.0,12.97,5.55,162.25,178.22,28.98,19.32,1.69
西高院,sh688334,21.39,21.17,21.33,254783400.0,21.39,1600,21.4,32500,1.04,21.54,21.21,254783400,54600000.0,1.62,1.56,33.56,67.72,25.4,16.94,1.12
万马股份,sz002276,14.17,14.05,14.16,16503800.0,14.16,63200,14.17,32000,0.85,14.33,14.15,16503800,234990000.0,1.64,1.28,142.73,143.27,15.46,12.65,1.07
开开实业,sh600272,12.56,12.66,12.66,4868900.0,12.56,72300,12.57,3600,-0.79,12.85,12.4,4868900,61460000.0,3.04,3.55,20.1,32.99,13.93,11.39,0.54
王力安防,sh605268,12.68,12.43,12.45,18100000.0,12.68,16100,12.69,14700,2.01,13.12,12.45,18100000,231420000.0,4.11,5.39,55.85,56.59,13.67,11.19,3.0
尖峰集团,sh600668,10.85,10.77,10.77,4349800.0,10.84,28900,10.85,69300,0.74,10.89,10.73,4349800,47140000.0,1.05,1.49,44.8,44.8,11.85,9.69,0.81
光线传媒,sz300251,16.17,16.13,16.01,129054500.0,16.16,230500,16.17,210700,0.25,16.62,15.87,129054500,2094150000.0,4.65,4.65,448.78,474.36,19.36,12.9,1.59
亚虹医药-U,sh688176,13.99,14.01,13.95,1197920200.0,13.99,39900,14.0,89700,-0.14,14.32,13.82,1197920200,168700000.0,2.75,3.57,60.95,79.91,16.81,11.21,0.72
壹连科技,sz301631,88.4,86.7,86.7,1025400.0,88.34,200,88.4,4300,1.96,89.38,86.7,1025400,90820000.0,3.34,3.09,27.14,80.81,104.04,69.36,1.34
*ST华微,sh600360,9.11,9.09,9.12,7389600.0,9.1,147300,9.11,61700,0.22,9.19,9.09,7389600,67410000.0,0.77,1.1,87.48,87.48,9.54,8.64,0.84
珠城科技,sz301280,56.5,55.25,55.87,1515500.0,56.5,100,56.52,100,2.26,57.45,55.27,1515500,85640000.0,3.78,3.95,22.67,77.28,66.3,44.2,1.06
明阳科技,bj920663,16.96,17.35,17.45,3230700.0,16.96,21500,16.97,23500,-2.25,17.8,16.7,3230700,54770000.0,5.04,6.34,10.87,22.65,22.55,12.15,1.38
爱玛科技,sh603529,29.21,28.83,28.85,12518200.0,29.2,32200,29.21,11300,1.32,29.43,28.85,12518200,365380000.0,1.48,2.01,247.57,253.51,31.71,25.95,0.73
新华百货,sh600785,17.31,17.29,17.64,6440500.0,17.3,23500,17.31,9100,0.12,17.7,17.24,6440500,112340000.0,2.85,2.66,39.06,39.06,19.02,15.56,1.02
金百泽,sz301041,27.21,27.25,27.61,2837500.0,27.21,3400,27.22,400,-0.15,27.74,27.18,2837500,77900000.0,3.6,2.06,21.47,29.03,32.7,21.8,0.71
登海种业,sz002041,10.23,10.32,10.28,11126500.0,10.23,19600,10.24,15400,-0.87,10.36,10.21,11126500,114420000.0,1.26,1.45,90.02,90.02,11.35,9.29,0.73
京华激光,sh603607,22.38,22.02,22.07,2666900.0,22.36,3500,22.38,4500,1.63,22.66,22.07,2666900,59820000.0,1.49,2.68,39.95,39.95,24.22,19.82,1.15
东南电子,sz301359,21.06,20.82,21.15,1555500.0,20.91,100,21.06,3100,1.15,21.27,20.94,1555500,32810000.0,2.27,1.59,14.4,25.31,24.98,16.66,0.7
锦波生物,bj920982,171.11,170.27,170.05,853200.0,171.11,1400,171.13,200,0.49,172.99,168.6,853200,145757900.0,1.55,2.58,93.95,196.89,221.35,119.19,0.55
誉衡药业,sz002437,3.64,3.6,3.58,180764500.0,3.64,366700,3.65,523600,1.11,3.78,3.49,180764500,656530000.0,8.67,8.06,75.93,81.17,3.96,3.24,0.63
春秋电子,sh603890,15.64,15.78,15.88,28782400.0,15.64,69600,15.65,11300,-0.89,15.96,15.63,28782400,453920000.0,6.44,2.09,69.88,69.88,17.36,14.2,1.11
康冠科技,sz001308,20.45,20.42,20.46,1399600.0,20.45,1300,20.46,300,0.15,20.7,20.45,1399600,28820000.0,0.28,1.22,101.57,143.9,22.46,18.38,1.01
国能日新,sz301162,62.35,62.03,62.25,1626000.0,62.33,100,62.35,19400,0.52,63.13,61.89,1626000,101680000.0,1.91,2.0,53.14,82.67,74.44,49.62,0.7
保利发展,sh600048,5.6,5.57,5.58,83815400.0,5.59,1962800,5.6,250600,0.54,5.65,5.57,83815400,470680000.0,0.7,1.44,670.34,670.34,6.13,5.01,0.78
南兴股份,sz002757,20.39,20.24,20.39,7968000.0,20.39,7300,20.4,32100,0.74,20.68,20.29,7968000,163340000.0,2.82,1.93,57.51,60.24,22.26,18.22,0.75
德尔玛,sz301332,9.33,9.24,9.28,1873000.0,9.33,97100,9.34,8700,0.97,9.39,9.24,1873000,17510000.0,0.71,1.62,24.71,43.06,11.09,7.39,0.96
盛通股份,sz002599,7.16,7.02,7.08,11774000.0,7.16,75500,7.17,58400,1.99,7.31,7.06,11774000,84770000.0,2.96,3.56,28.5,38.14,7.72,6.32,1.56
赛意信息,sz300687,18.97,18.87,19.07,5003600.0,18.96,31500,18.97,1400,0.53,19.22,18.96,5003600,95490000.0,1.52,1.38,62.43,77.48,22.64,15.1,0.82
雪浪环境,sz300385,14.8,15.1,15.0,29413700.0,14.79,46100,14.8,2600,-1.99,15.46,14.56,29413700,440760000.0,10.12,5.96,43.02,49.31,18.12,12.08,0.69
能之光,bj920056,22.26,21.78,21.99,587200.0,22.26,500,22.3,500,2.2,22.49,21.89,587200,13110300.0,1.9,2.75,6.87,18.18,28.31,15.25,1.02
浙数文化,sh600633,12.71,12.52,12.68,21804200.0,12.71,34100,12.72,70300,1.52,12.86,12.6,21804200,278190000.0,1.72,2.08,161.17,161.17,13.77,11.27,1.01
英可瑞,sz300713,16.31,16.0,16.25,3279800.0,16.31,11600,16.32,3600,1.94,16.56,16.06,3279800,53600000.0,3.68,3.13,14.53,25.89,19.2,12.8,0.92
帝尔激光,sz300776,81.05,80.76,82.9,10495200.0,81.05,4200,81.07,900,0.36,84.34,79.39,10495200,858630000.0,6.24,6.13,136.23,222.08,96.91,64.61,1.64
天孚通信,sz300394,358.9,346.9,346.9,48505300.0,358.89,15700,358.9,132500,3.46,365.05,341.4,48505300,17199780000.0,6.25,6.82,2784.53,2790.15,416.28,277.52,1.29
荣晟环保,sh603165,15.6,15.06,15.2,16742300.0,15.6,16600,15.61,2700,3.59,16.05,15.03,16742300,259250000.0,5.22,6.77,49.99,49.99,16.57,13.55,1.33
中金公司,sh601995,33.15,32.46,32.7,28095600.0,33.14,52000,33.15,29800,2.13,33.78,32.7,28095600,937530000.0,0.96,3.33,969.15,1600.24,35.71,29.21,2.66
科陆电子,sz002121,7.76,7.59,7.67,27694100.0,7.76,67200,7.77,115200,2.24,7.86,7.67,27694100,215990000.0,1.98,2.5,108.63,128.88,8.35,6.83,1.06
盈趣科技,sz002925,20.01,19.97,20.04,8050900.0,20.01,26400,20.02,24300,0.2,20.37,19.95,8050900,162060000.0,1.1,2.1,146.28,154.41,21.97,17.97,0.97
湘佳股份,sz002982,13.74,13.77,13.83,2268600.0,13.71,3500,13.74,1700,-0.22,13.9,13.66,2268600,31230000.0,1.74,1.74,17.87,27.92,15.15,12.39,0.49
美锦能源,sz000723,4.52,4.49,4.49,52969200.0,4.52,1326600,4.53,723500,0.67,4.56,4.49,52969200,240170000.0,1.21,1.56,198.65,199.04,4.94,4.04,0.74
三友联众,sz300932,13.63,13.48,13.52,8657700.0,13.63,13900,13.64,17700,1.11,13.81,13.47,8657700,118220000.0,3.8,2.52,31.08,43.63,16.18,10.78,0.91
奥普特,sh688686,101.73,94.26,96.12,203977400.0,101.73,1700,101.75,600,7.92,103.18,96.12,203977400,203770000.0,1.67,7.49,124.35,124.35,113.11,75.41,1.91
深深房Ａ,sz000029,20.37,20.01,20.2,3364200.0,20.37,17300,20.38,600,1.8,20.62,20.04,3364200,68650000.0,0.38,2.9,181.63,206.08,22.01,18.01,0.74
山大电力,sz301609,46.01,45.16,45.46,2711000.0,46.0,10900,46.01,2400,1.88,46.45,45.33,2711000,124580000.0,7.4,2.48,16.86,74.94,54.19,36.13,0.77
天海防务,sz300008,7.56,7.5,7.55,59082100.0,7.55,589000,7.56,159000,0.8,7.67,7.54,59082100,449850000.0,3.59,1.73,124.54,130.64,9.0,6.0,1.08
星昊医药,bj920017,17.24,16.96,17.04,1642400.0,17.24,1200,17.27,9100,1.65,17.49,17.0,1642400,28410400.0,1.33,2.89,21.29,21.52,22.04,11.88,0.5
三星医疗,sh601567,25.98,25.71,26.0,16508600.0,25.97,61200,25.98,6700,1.05,26.2,25.71,16508600,429370000.0,1.17,1.91,365.07,365.07,28.28,23.14,0.75
九典制药,sz300705,14.25,14.22,14.27,5137200.0,14.25,44600,14.27,6700,0.21,14.43,14.2,5137200,73450000.0,1.39,1.62,52.57,71.29,17.06,11.38,0.63
九菱科技,bj920505,40.55,40.7,40.46,1689100.0,40.55,2600,40.57,1000,-0.37,41.77,40.1,1689100,68908100.0,4.68,4.1,14.64,26.3,52.91,28.49,1.26
润都股份,sz002923,13.15,13.69,13.56,22874800.0,13.15,18600,13.16,27500,-3.94,13.56,12.97,22874800,301730000.0,8.86,4.31,33.94,44.04,15.06,12.32,0.63
江苏神通,sz002438,17.26,17.23,17.24,7271400.0,17.25,2000,17.26,9700,0.17,17.44,17.01,7271400,125750000.0,1.55,2.5,80.93,87.6,18.95,15.51,0.85
埃斯顿,sz002747,20.47,20.04,20.28,12289200.0,20.47,29300,20.48,71100,2.15,20.72,20.23,12289200,252110000.0,1.57,2.45,160.16,198.11,22.04,18.04,1.24
天娱数科,sz002354,5.69,5.68,5.75,35393200.0,5.69,351100,5.7,246400,0.18,5.79,5.68,35393200,202990000.0,2.18,1.94,92.52,94.15,6.25,5.11,0.77
捷强装备,sz300875,41.6,42.6,42.08,6561700.0,41.6,82600,41.61,6300,-2.35,42.49,41.51,6561700,275230000.0,7.47,2.3,36.52,41.53,51.12,34.08,0.79
赛升药业,sz300485,11.45,11.87,11.71,28813500.0,11.44,20400,11.45,18400,-3.54,11.92,11.38,28813500,332670000.0,10.52,4.55,31.35,55.15,14.24,9.5,1.03
兴森科技,sz002436,22.94,22.08,22.12,107764100.0,22.94,31700,22.95,45500,3.89,23.56,22.12,107764100,2459510000.0,7.13,6.52,346.51,389.91,24.29,19.87,1.81
宝馨科技,sz002514,4.29,4.28,4.29,10637800.0,4.28,508800,4.29,219100,0.23,4.35,4.28,10637800,45910000.0,1.92,1.64,23.77,30.89,4.71,3.85,0.48
广弘控股,sz000529,5.73,5.71,5.74,3851100.0,5.73,7600,5.74,80200,0.35,5.79,5.7,3851100,22140000.0,0.68,1.58,32.65,33.45,6.28,5.14,0.7
振邦智能,sz003028,28.39,27.91,27.94,3976900.0,28.39,5700,28.4,5200,1.72,29.3,27.86,3976900,113970000.0,5.64,5.16,20.03,41.08,30.7,25.12,1.93
华兰生物,sz002007,14.91,14.71,14.78,8992700.0,14.9,44800,14.91,1100,1.36,14.97,14.74,8992700,134010000.0,0.57,1.56,234.57,272.47,16.18,13.24,0.99
常润股份,sh603201,16.45,16.21,16.22,2014200.0,16.45,700,16.48,10700,1.48,16.68,16.22,2014200,33270000.0,1.07,2.84,30.98,31.25,17.83,14.59,1.27
广东鸿图,sz002101,11.18,11.01,11.08,9567600.0,11.18,19400,11.19,23900,1.54,11.38,11.06,9567600,107660000.0,1.44,2.91,74.04,74.28,12.11,9.91,1.54
江苏金租,sh600901,6.77,6.78,6.79,28165700.0,6.77,31400,6.78,1232300,-0.15,6.82,6.7,28165700,190550000.0,0.49,1.77,392.01,392.11,7.46,6.1,1.02
东方生物,sh688298,22.99,22.62,22.74,143703300.0,22.99,5300,23.0,500,1.64,23.18,22.64,143703300,32970000.0,0.71,2.39,46.35,46.35,27.14,18.1,0.96
奥 特 迅,sz002227,8.88,8.9,8.9,3757700.0,8.87,18400,8.88,5400,-0.22,9.08,8.86,3757700,33730000.0,1.53,2.47,21.84,22.01,9.79,8.01,0.93
大千生态,sh603955,25.44,25.06,25.06,1006300.0,25.44,2500,25.45,4500,1.52,25.91,25.06,1006300,25700000.0,0.74,3.39,34.53,34.53,27.57,22.55,0.69
慧博云通,sz301316,44.26,43.9,43.9,14661300.0,44.26,11700,44.27,20600,0.82,45.7,43.42,14661300,658260000.0,3.67,5.19,177.04,178.81,52.68,35.12,1.83
通达动力,sz002576,18.53,18.49,18.59,4652400.0,18.52,10000,18.53,2900,0.22,18.78,18.42,4652400,86560000.0,2.87,1.95,30.02,30.59,20.34,16.64,0.64
渝三峡Ａ,sz000565,7.3,7.27,7.31,7276900.0,7.29,28200,7.3,7500,0.41,7.42,7.27,7276900,53500000.0,1.68,2.06,31.65,31.65,8.0,6.54,0.77
远光软件,sz002063,6.34,6.32,6.39,39747600.0,6.34,361000,6.35,30700,0.32,6.43,6.33,39747600,253230000.0,2.25,1.58,111.82,121.1,6.95,5.69,0.67
凯伦股份,sz300715,13.71,13.7,13.63,4282000.0,13.71,8900,13.72,26700,0.07,13.79,13.45,4282000,58350000.0,1.37,2.48,42.91,51.83,16.44,10.96,0.69
密尔克卫,sh603713,59.46,59.78,59.79,2083500.0,59.46,1200,59.48,300,-0.54,60.25,58.9,2083500,123920000.0,1.32,2.26,94.02,94.02,65.76,53.8,1.47
三木集团,sz000632,4.35,4.35,4.4,25487200.0,4.35,216100,4.36,210200,0.0,4.46,4.31,25487200,111710000.0,5.48,3.45,20.25,20.25,4.79,3.92,0.49
寿仙谷,sh603896,18.73,18.75,18.78,1546300.0,18.73,11300,18.74,25300,-0.11,19.0,18.68,1546300,29110000.0,0.78,1.71,37.13,37.13,20.63,16.88,1.03
阳普医疗,sz300030,7.71,7.59,7.66,9319400.0,7.7,4300,7.71,10500,1.58,7.82,7.53,9319400,72030000.0,3.42,3.82,20.99,23.84,9.11,6.07,1.16
舒华体育,sh605299,19.58,21.76,21.55,42797700.0,0.0,0,19.58,2278400,-10.02,21.68,19.58,42797700,864810000.0,10.46,9.65,80.13,80.13,23.94,19.58,0.72
酒鬼酒,sz000799,43.15,42.45,42.77,5027700.0,43.15,20500,43.16,5400,1.65,43.5,42.58,5027700,217360000.0,1.55,2.17,140.19,140.21,46.7,38.21,0.99
并行科技,bj920493,146.31,145.77,147.84,1643200.0,146.31,4000,146.33,1700,0.37,150.0,145.2,1643200,241959100.0,3.75,3.29,64.08,87.36,189.5,102.04,0.88
康惠股份,sh603139,26.34,27.11,27.1,2419400.0,26.34,5300,26.39,3400,-2.84,27.4,26.27,2419400,64530000.0,2.42,4.17,26.31,26.31,29.82,24.4,0.93
亚通股份,sh600692,7.53,7.54,7.65,8740300.0,7.53,15100,7.54,1900,-0.13,7.67,7.5,8740300,66160000.0,3.43,2.25,19.2,26.49,8.29,6.79,0.64
明德生物,sz002932,16.68,16.41,16.4,7547100.0,16.67,72900,16.68,18100,1.65,16.77,16.31,7547100,124980000.0,4.83,2.8,26.04,38.78,18.05,14.77,0.99
ST联合,sh600358,6.34,6.37,6.32,8201400.0,6.34,103900,6.35,50500,-0.47,6.39,6.23,8201400,51740000.0,1.62,2.51,32.01,32.01,6.69,6.05,1.07
誉辰智能,sh688638,43.08,44.07,44.0,130983900.0,43.03,500,43.08,1300,-2.25,44.66,42.84,130983900,57210000.0,4.95,4.13,11.4,24.12,52.88,35.26,0.72
长信科技,sz300088,6.23,6.19,6.22,50784100.0,6.23,461100,6.24,20100,0.65,6.33,6.21,50784100,319030000.0,2.04,1.94,154.85,155.61,7.43,4.95,1.05
研奥股份,sz300923,27.75,27.25,27.58,1418600.0,27.7,100,27.75,5700,1.83,28.01,27.43,1418600,39390000.0,1.86,2.13,21.22,21.81,32.7,21.8,0.85
华阳变速,bj920146,6.98,6.89,6.99,2100900.0,6.98,41000,6.99,4500,1.31,7.09,6.9,2100900,14752300.0,1.96,2.76,7.48,9.42,8.95,4.83,0.89
ST人福,sh600079,18.62,18.54,18.62,8874800.0,18.62,23400,18.63,19600,0.43,18.75,18.53,8874800,165600000.0,0.58,1.19,287.34,303.92,19.47,17.61,0.85
金牛化工,sh600722,14.33,14.66,14.82,72357400.0,14.32,104700,14.33,1900,-2.25,14.9,14.3,72357400,1048620000.0,10.64,4.09,97.49,97.49,16.13,13.19,0.73
裕兴股份,sz300305,6.26,6.23,6.29,6387300.0,6.26,47600,6.27,18000,0.48,6.34,6.2,6387300,40180000.0,1.99,2.25,20.12,23.5,7.48,4.98,0.75
二六三,sz002467,7.15,7.35,7.51,135961500.0,7.15,316600,7.16,96500,-2.72,7.55,7.13,135961500,984940000.0,9.95,5.71,97.73,98.34,8.09,6.62,1.07
江南化工,sz002226,5.5,5.43,5.45,16485500.0,5.49,560100,5.5,8800,1.29,5.55,5.45,16485500,90950000.0,0.62,1.84,145.69,145.69,5.97,4.89,1.0
因赛集团,sz300781,35.93,36.2,36.49,4804300.0,35.93,52300,35.94,10900,-0.75,36.86,35.9,4804300,174520000.0,3.96,2.65,43.54,58.99,43.44,28.96,0.94
金明精机,sz300281,6.73,6.64,6.74,4305000.0,6.72,49800,6.73,61300,1.36,6.81,6.7,4305000,29070000.0,1.08,1.66,26.74,28.19,7.97,5.31,0.9
华电辽能,sh600396,6.64,7.14,7.19,231072500.0,6.63,468300,6.64,436300,-7.0,7.2,6.59,231072500,1569350000.0,15.69,8.54,97.79,97.79,7.85,6.43,0.87
海伦哲,sz300201,11.13,11.27,11.35,38691400.0,11.12,77100,11.13,340200,-1.24,11.66,11.08,38691400,439040000.0,3.85,5.15,111.71,112.31,13.52,9.02,1.04
星辉娱乐,sz300043,5.62,5.56,5.6,24911800.0,5.62,117200,5.63,519900,1.08,5.69,5.58,24911800,140610000.0,2.0,1.98,69.89,69.92,6.67,4.45,0.77
恩威医药,sz301331,26.49,26.1,26.26,836100.0,26.49,2600,26.5,6200,1.49,26.84,26.23,836100,22210000.0,0.81,2.34,27.2,27.26,31.32,20.88,0.75
雷特科技,bj920110,35.07,34.62,34.62,112700.0,35.07,300,35.23,400,1.3,35.24,34.62,112700,3957799.9999999995,0.69,1.79,5.7,13.68,45.0,24.24,0.93
三全食品,sz002216,12.74,12.81,12.81,7231400.0,12.74,43400,12.75,36500,-0.55,12.89,12.7,7231400,92380000.0,1.15,1.48,80.33,112.01,14.09,11.53,0.8
夏厦精密,sz001306,67.16,67.14,67.13,830300.0,67.16,5700,67.17,600,0.03,68.44,66.8,830300,56150000.0,5.36,2.44,10.41,42.21,73.85,60.43,1.6
宁波精达,sh603088,13.44,12.22,12.29,46729600.0,13.44,1348600,0.0,0,9.98,13.44,12.29,46729600,615670000.0,10.67,9.41,58.85,67.52,13.44,11.0,2.86
中国国航,sh601111,6.96,7.0,7.05,76151500.0,6.95,214200,6.96,129700,-0.57,7.08,6.94,76151500,532710000.0,0.65,2.0,810.01,1214.41,7.7,6.3,0.86
江苏博云,sz301003,50.23,51.69,51.69,4333000.0,50.23,100,50.24,100,-2.82,52.2,49.52,4333000,218220000.0,5.77,5.18,37.74,48.79,62.03,41.35,2.19
气派科技,sh688216,28.38,28.48,28.64,179796400.0,28.38,1000,28.43,6800,-0.35,29.13,28.32,179796400,51630000.0,1.69,2.84,30.16,32.57,34.18,22.78,0.85
云赛智联,sh600602,24.08,24.38,25.1,118967400.0,24.07,124700,24.08,187500,-1.23,25.8,24.07,118967400,2945530000.0,11.07,7.1,258.69,329.34,26.82,21.94,0.97
茂化实华,sz000637,4.5,4.52,4.54,7340700.0,4.5,17100,4.51,17900,-0.44,4.58,4.49,7340700,33240000.0,2.01,1.99,16.41,23.39,4.97,4.07,0.51
游族网络,sz002174,9.81,9.7,9.78,12731400.0,9.81,16100,9.82,124700,1.13,9.96,9.76,12731400,125530000.0,1.3,2.06,96.07,96.12,10.67,8.73,1.0
英思特,sz301622,65.78,63.86,66.2,3793100.0,65.78,700,65.79,100,3.01,68.76,65.15,3793100,253120000.0,6.04,5.65,41.32,76.26,76.63,51.09,2.67
唐人神,sz002567,4.05,4.04,4.05,14432400.0,4.05,322000,4.06,616600,0.25,4.08,4.03,14432400,58540000.0,1.01,1.24,57.97,58.04,4.44,3.64,0.52
我爱我家,sz000560,2.9,2.88,2.9,53964400.0,2.89,3361000,2.9,1005000,0.69,2.93,2.89,53964400,156970000.0,2.39,1.39,65.42,68.31,3.17,2.59,0.72
冠中生态,sz300948,19.2,19.11,19.28,3276800.0,19.2,8500,19.21,2000,0.47,19.68,19.1,3276800,63520000.0,2.16,3.04,29.1,30.87,22.93,15.29,1.12
开润股份,sz300577,19.15,18.79,18.78,1210600.0,19.15,600,19.18,400,1.92,19.29,18.78,1210600,23170000.0,0.85,2.71,27.22,45.93,22.55,15.03,1.27
神开股份,sz002278,11.63,11.51,11.51,13966700.0,11.62,67900,11.63,9900,1.04,11.77,11.48,13966700,162930000.0,4.18,2.52,38.86,45.36,12.66,10.36,1.04
北巴传媒,sh600386,4.04,4.01,4.03,8486000.0,4.03,24000,4.04,99400,0.75,4.08,4.0,8486000,34290000.0,1.05,2.0,32.58,32.58,4.41,3.61,1.09
曼卡龙,sz300945,15.73,15.69,15.72,6600900.0,15.73,2000,15.74,12800,0.25,15.94,15.71,6600900,104340000.0,2.77,1.47,37.5,41.22,18.83,12.55,0.83
洲际油气,sh600759,5.39,5.45,5.32,361364300.0,5.38,3518000,5.39,1767100,-1.1,5.45,5.31,361364300,1947540000.0,8.72,2.57,223.34,223.63,6.0,4.91,0.72
恒锋信息,sz300605,14.16,13.92,14.12,3463200.0,14.16,300,14.18,2000,1.72,14.35,14.05,3463200,49290000.0,2.74,2.16,17.9,23.38,16.7,11.14,0.87
润丰股份,sz301035,82.8,82.66,82.9,1467900.0,82.8,800,82.85,2300,0.17,84.48,81.42,1467900,121620000.0,0.52,3.7,232.13,232.48,99.19,66.13,0.81
国创高新,sz002377,3.38,3.32,3.38,29152900.0,3.37,283800,3.38,45500,1.81,3.49,3.34,29152900,99600000.0,3.34,4.52,29.49,30.97,3.65,2.99,1.04
南山智尚,sz300918,14.53,14.12,14.15,15107700.0,14.53,34200,14.54,18800,2.9,15.18,14.15,15107700,221350000.0,2.98,7.29,73.54,73.54,16.94,11.3,2.69
扬州金泉,sh603307,39.45,39.27,39.35,385200.0,39.45,300,39.49,800,0.46,39.86,39.3,385200,15250000.0,0.57,1.43,26.43,26.86,43.2,35.34,0.83
华发股份,sh600325,3.45,3.46,3.46,35698400.0,3.45,181300,3.46,198100,-0.29,3.52,3.45,35698400,124290000.0,1.3,2.02,94.95,94.95,3.81,3.11,1.03
达嘉维康,sz301126,11.37,11.25,11.32,4098100.0,11.35,4700,11.37,16400,1.07,11.54,11.19,4098100,46760000.0,2.97,3.11,15.68,23.35,13.5,9.0,0.56
双枪科技,sz001211,30.68,27.89,28.1,11137300.0,30.68,2877000,0.0,0,10.0,30.68,27.89,11137300,334650000.0,16.62,10.0,20.55,22.09,30.68,25.1,3.56
东风股份,sh600006,6.38,6.25,6.27,15783800.0,6.38,45100,6.39,159700,2.08,6.41,6.26,15783800,100420000.0,0.79,2.4,127.6,127.6,6.88,5.63,1.64
镇洋发展,sh603213,13.43,13.4,13.41,1392800.0,13.43,18200,13.44,10000,0.22,13.48,13.37,1392800,18710000.0,0.32,0.82,59.36,59.36,14.74,12.06,0.53
大连热电,sh600719,6.89,6.66,6.68,18240400.0,6.89,157200,6.9,26700,3.45,6.95,6.6,18240400,124830000.0,4.51,5.26,27.88,27.88,7.33,5.99,1.24
光大嘉宝,sh600622,2.57,2.53,2.53,13882200.0,2.56,641700,2.57,11500,1.58,2.59,2.53,13882200,35700000.0,0.93,2.37,38.54,38.54,2.78,2.28,1.01
三元股份,sh600429,6.1,6.25,6.24,22295900.0,6.1,68400,6.11,151000,-2.4,6.29,6.07,22295900,136940000.0,1.49,3.52,91.35,91.63,6.88,5.63,0.82
科翔股份,sz300903,34.03,34.32,34.7,26081700.0,34.02,26400,34.03,37900,-0.84,35.48,33.9,26081700,902800000.0,7.94,4.6,111.75,148.16,41.18,27.46,1.28
科汇股份,sh688681,18.88,18.84,19.07,206697800.0,18.87,200,18.88,3600,0.21,19.25,18.82,206697800,39300000.0,1.97,2.28,19.76,19.76,22.61,15.07,0.96
南山控股,sz002314,2.44,2.43,2.45,18568200.0,2.44,303600,2.45,45800,0.41,2.48,2.44,18568200,45660000.0,1.39,1.65,32.65,66.07,2.67,2.19,0.78
东港股份,sz002117,9.93,9.68,9.8,9392600.0,9.92,50000,9.93,7300,2.58,10.17,9.76,9392600,93530000.0,1.79,4.24,51.99,52.01,10.65,8.71,1.36
中航西飞,sz000768,24.41,24.06,24.16,22638200.0,24.41,107200,24.42,57500,1.45,24.59,24.16,22638200,553840000.0,0.82,1.79,677.78,678.88,26.47,21.65,1.14
中国软件,sh600536,36.98,36.63,36.98,9338500.0,36.98,24600,36.99,89300,0.96,37.38,36.74,9338500,346490000.0,1.11,1.75,311.98,345.31,40.29,32.97,0.94
山东药玻,sh600529,18.48,18.39,18.39,3814600.0,18.48,27900,18.49,4600,0.49,18.62,18.39,3814600,70680000.0,0.57,1.25,122.64,122.64,20.23,16.55,0.9
川宁生物,sz301301,10.46,10.44,10.5,13578500.0,10.46,189200,10.47,6600,0.19,10.59,10.4,13578500,142480000.0,2.2,1.82,64.62,233.27,12.53,8.35,0.76
*ST清研,sz301288,17.5,17.0,17.18,492300.0,17.5,1900,17.52,1000,2.94,17.7,17.1,492300,8560000.0,0.63,3.53,13.67,18.9,20.4,13.6,1.1
昊创瑞通,sz301668,50.6,50.09,50.48,1496000.0,50.6,4300,50.61,500,1.02,51.16,50.48,1496000,76100000.0,6.15,1.36,12.31,55.66,60.11,40.07,1.01
长龄液压,sh605389,72.4,72.35,72.67,515400.0,72.39,1600,72.4,19900,0.07,73.62,72.17,515400,37540000.0,0.38,2.0,98.66,104.32,79.59,65.12,0.7
中新集团,sh601512,8.84,8.82,8.82,3417400.0,8.84,31600,8.86,7200,0.23,8.94,8.82,3417400,30390000.0,0.23,1.36,132.5,132.5,9.7,7.94,0.74
新农开发,sh600359,7.14,7.06,7.11,12670300.0,7.13,17200,7.14,15300,1.13,7.26,6.98,12670300,90260000.0,3.32,3.97,27.24,27.24,7.77,6.35,0.84
郑州煤电,sh600121,4.2,4.22,4.22,41602900.0,4.19,843200,4.2,367700,-0.47,4.26,4.18,41602900,174630000.0,3.41,1.9,51.17,51.17,4.64,3.8,0.56
南都物业,sh603506,12.31,12.23,12.36,1975900.0,12.3,5100,12.31,300,0.65,12.5,12.27,1975900,24490000.0,1.05,1.88,23.12,23.12,13.45,11.01,0.81
建元信托,sh600816,2.57,2.52,2.54,45587100.0,2.57,156500,2.58,790700,1.98,2.62,2.54,45587100,117770000.0,0.83,3.17,140.56,253.0,2.77,2.27,1.51
杭氧股份,sz002430,29.61,29.32,29.3,9403700.0,29.6,21700,29.61,500,0.99,29.97,29.21,9403700,279320000.0,0.96,2.59,289.57,289.69,32.25,26.39,0.78
卧龙新能,sh600173,7.2,7.09,7.1,26549600.0,7.2,23300,7.21,40000,1.55,7.42,7.06,26549600,192230000.0,3.79,5.08,50.43,50.44,7.8,6.38,1.82
丝路视觉,sz300556,17.73,17.47,17.64,2281100.0,17.71,19900,17.73,1500,1.49,17.9,17.64,2281100,40540000.0,2.1,1.49,19.24,21.55,20.96,13.98,0.72
普元信息,sh688118,28.33,28.05,28.38,227638700.0,28.33,2800,28.34,200,1.0,28.78,28.26,227638700,64910000.0,2.44,1.85,26.44,26.44,33.66,22.44,0.72
朝阳科技,sz002981,24.6,24.53,24.7,3122200.0,24.59,8600,24.6,12500,0.29,25.13,24.41,3122200,77120000.0,2.61,2.94,29.38,33.82,26.98,22.08,1.4
巍华新材,sh603310,16.41,16.35,16.42,1038100.0,16.4,12700,16.41,900,0.37,16.5,16.35,1038100,17060000.0,0.54,0.92,31.84,56.67,17.99,14.72,0.79
蒙娜丽莎,sz002918,11.97,11.26,11.36,7887600.0,11.96,13600,11.97,400,6.31,12.02,11.25,7887600,92820000.0,3.68,6.84,25.64,48.93,12.39,10.13,1.61
欧康医药,bj920230,12.35,12.42,12.35,7238100.0,12.35,1100,12.36,15000,-0.56,12.49,12.04,7238100,88802700.0,15.32,3.62,5.84,12.44,16.14,8.7,0.58
*ST国化,sh600636,7.87,7.7,7.68,3088700.0,7.86,21900,7.87,2400,2.21,7.88,7.68,3088700,24160000.0,0.7,2.6,34.52,34.52,8.09,7.32,0.93
心脉医疗,sh688016,102.47,100.82,101.5,244876300.0,102.47,200,102.48,1400,1.64,103.68,101.04,244876300,250990000.0,1.99,2.62,126.31,126.31,120.98,80.66,1.3
肯特股份,sz301591,42.5,41.8,42.2,1410700.0,42.5,9200,42.51,2200,1.67,43.6,41.94,1410700,60390000.0,4.16,3.97,14.43,35.75,50.16,33.44,1.16
恒实科技,sz300513,8.77,8.47,8.58,10360000.0,8.76,300,8.77,10800,3.54,8.87,8.56,10360000,90320000.0,3.59,3.66,25.28,27.51,10.16,6.78,1.56
炬申股份,sz001202,17.05,16.79,16.9,1365500.0,17.03,15700,17.05,700,1.55,17.19,16.84,1365500,23320000.0,1.17,2.08,19.92,28.42,18.47,15.11,0.96
沙钢股份,sz002075,4.77,4.72,4.75,19869400.0,4.76,177900,4.77,321400,1.06,4.81,4.74,19869400,95050000.0,0.91,1.48,104.65,104.65,5.19,4.25,0.84
悍高集团,sz001221,62.14,60.4,60.45,1807400.0,62.13,500,62.14,9700,2.88,62.66,60.02,1807400,111790000.0,5.02,4.37,22.38,248.57,66.44,54.36,0.96
富瀚微,sz300613,43.83,43.0,43.48,5842100.0,43.82,1200,43.83,41300,1.93,44.57,43.2,5842100,257240000.0,2.66,3.19,96.25,102.04,51.6,34.4,1.44
ST凯利,sz300326,6.84,6.73,6.73,9414800.0,6.83,6800,6.84,34300,1.63,6.86,6.71,9414800,64050000.0,1.32,2.23,48.7,49.04,8.08,5.38,0.99
健之佳,sh605266,19.12,18.94,19.13,1393600.0,19.11,3400,19.12,9900,0.95,19.31,18.95,1393600,26690000.0,0.9,1.9,29.55,29.55,20.83,17.05,1.08
尤洛卡,sz300099,8.69,8.63,8.7,19359900.0,8.69,39100,8.7,46100,0.7,8.97,8.67,19359900,170190000.0,3.33,3.48,50.52,64.07,10.36,6.9,0.75
德必集团,sz300947,16.53,16.27,16.37,2624400.0,16.53,1800,16.54,1000,1.6,16.75,16.36,2624400,43540000.0,1.74,2.4,24.97,24.98,19.52,13.02,1.0
ST景谷,sh600265,20.49,20.52,20.53,404000.0,20.42,800,20.49,600,-0.15,20.61,20.42,404000,8290000.0,0.31,0.93,26.6,26.6,21.55,19.49,1.2
同有科技,sz300302,22.31,21.88,22.41,52746600.0,22.31,20800,22.32,46600,1.97,23.1,22.25,52746600,1195560000.0,14.3,3.88,82.28,106.92,26.26,17.5,1.38
利德曼,sz300289,6.64,6.58,6.6,5716200.0,6.64,22000,6.65,39600,0.91,6.75,6.57,5716200,38170000.0,1.05,2.74,36.07,36.12,7.9,5.26,0.83
武汉蓝电,bj920779,35.2,32.17,32.28,3628000.0,35.2,11300,35.22,1000,9.42,37.8,32.28,3628000,128883100.0,18.11,17.16,7.05,28.19,41.82,22.52,3.33
德邦股份,sh603056,18.85,18.85,0.0,0.0,0.0,0,0.0,0,0.0,0.0,0.0,0,0.0,0.0,0.0,190.68,190.68,-1.0,-1.0,0.0
通达海,sz301378,32.03,31.64,32.37,1532800.0,32.03,3200,32.04,2400,1.23,32.48,31.8,1532800,49250000.0,3.34,2.15,14.71,30.94,37.97,25.31,0.88
东贝集团,sh601956,6.62,6.56,6.56,4767800.0,6.62,52100,6.63,130900,0.91,6.68,6.56,4767800,31610000.0,0.77,1.83,41.15,41.15,7.22,5.9,0.98
值得买,sz300785,49.93,49.82,50.22,10237400.0,49.92,19700,49.93,9600,0.22,51.17,49.64,10237400,514700000.0,8.37,3.07,61.08,99.29,59.78,39.86,0.98
志高机械,bj920101,34.4,34.15,34.25,298300.0,34.4,0,34.47,100,0.73,34.86,34.25,298300,10329300.0,1.07,1.79,9.57,30.67,44.39,23.91,0.68
美迪凯,sh688079,15.19,15.46,15.61,1959096500.0,15.19,3000,15.2,10000,-1.75,16.13,15.15,1959096500,302240000.0,4.85,6.34,61.41,62.5,18.55,12.37,1.29
东亚药业,sh605177,20.2,20.15,20.2,2116200.0,20.2,11700,20.23,600,0.25,20.58,20.14,2116200,43090000.0,1.88,2.18,22.74,23.17,22.17,18.14,1.02
深中华A,sz000017,6.86,6.78,6.8,4694900.0,6.86,7500,6.87,2800,1.18,6.94,6.8,4694900,32350000.0,1.07,2.06,30.24,47.28,7.46,6.1,0.88
泽润新能,sz301636,67.0,66.12,66.68,1971200.0,66.99,100,67.0,1700,1.33,67.88,65.3,1971200,132320000.0,12.35,3.9,10.7,42.79,79.34,52.9,1.11
中核科技,sz000777,22.58,22.42,22.52,6731100.0,22.58,25100,22.59,4500,0.71,22.84,22.52,6731100,152610000.0,1.76,1.43,86.57,86.58,24.66,20.18,0.94
开创电气,sz301448,38.18,37.28,37.58,1165700.0,38.16,200,38.18,600,2.41,38.82,37.47,1165700,44580000.0,2.41,3.62,18.43,39.94,44.74,29.82,1.59
华厦眼科,sz301267,17.17,17.14,17.16,3288800.0,17.17,4400,17.19,100,0.18,17.33,17.08,3288800,56690000.0,0.51,1.46,111.34,144.23,20.57,13.71,1.05
振华风光,sh688439,50.45,50.14,50.49,166188100.0,50.45,9400,50.49,1000,0.62,51.19,50.41,166188100,84370000.0,0.83,1.56,100.9,100.9,60.17,40.11,0.86
仙乐健康,sz300791,20.61,20.4,20.39,1338400.0,20.6,1200,20.61,9100,1.03,20.75,20.39,1338400,27630000.0,0.52,1.76,52.9,63.4,24.48,16.32,0.68
双环传动,sz002472,38.14,37.04,37.56,14557200.0,38.13,14000,38.14,62600,2.97,38.4,37.4,14557200,554580000.0,1.93,2.7,288.03,324.03,40.74,33.34,1.43
基康技术,bj920879,19.84,19.53,19.63,828700.0,19.84,3500,19.85,2600,1.59,20.1,19.6,828700,16503100.0,0.63,2.56,25.95,33.21,25.38,13.68,1.19
冠城新材,sh600067,4.01,3.9,3.93,30000500.0,4.0,448000,4.01,105600,2.82,4.08,3.92,30000500,120510000.0,2.16,4.1,55.81,55.81,4.29,3.51,1.35
经纬辉开,sz300120,7.44,7.4,7.47,6874000.0,7.44,29500,7.45,276100,0.54,7.56,7.43,6874000,51470000.0,1.3,1.76,39.24,42.73,8.88,5.92,0.83
古麒绒材,sz001390,22.19,22.24,22.4,2071200.0,22.19,800,22.2,1600,-0.22,22.45,22.07,2071200,46050000.0,4.14,1.71,11.1,44.38,24.46,20.02,1.0
天玛智控,sh688570,17.59,17.42,17.76,49525200.0,17.59,100,17.6,2000,0.98,17.76,17.52,49525200,8760000.0,0.26,1.38,33.1,76.16,20.9,13.94,0.84
浙江仙通,sh603239,25.67,25.78,25.94,8223600.0,25.67,18700,25.68,1200,-0.43,26.19,25.1,8223600,209930000.0,3.04,4.23,69.49,69.49,28.36,23.2,0.9
瑞晨环保,sz301273,30.77,29.87,30.22,1736900.0,30.76,5000,30.77,700,3.01,30.8,29.68,1736900,52730000.0,3.16,3.75,16.92,22.04,35.84,23.9,1.3
山推股份,sz000680,11.58,11.7,11.81,22927700.0,11.58,23100,11.59,17500,-1.03,11.89,11.47,22927700,266680000.0,1.74,3.59,152.24,173.72,12.87,10.53,1.04
金 融 街,sz000402,2.78,2.53,2.63,62890800.0,2.78,7398800,0.0,0,9.88,2.78,2.63,62890800,173700000.0,2.1,5.93,83.08,83.09,2.78,2.28,5.32
建工修复,sz300958,13.17,13.01,13.09,3167800.0,13.16,13000,13.17,3000,1.23,13.35,13.05,3167800,41970000.0,3.48,2.31,11.99,20.64,15.61,10.41,1.09
华孚时尚,sz002042,4.48,4.5,4.56,68527100.0,4.47,292600,4.48,477700,-0.44,4.64,4.46,68527100,310410000.0,4.03,4.0,76.19,76.19,4.95,4.05,1.45
信质集团,sz002664,20.98,20.64,20.79,6390200.0,20.98,62600,20.99,27500,1.65,21.3,20.76,6390200,134560000.0,1.59,2.62,84.46,85.64,22.7,18.58,1.05
韵达股份,sz002120,6.72,6.66,6.7,19100100.0,6.71,147400,6.72,42700,0.9,6.8,6.68,19100100,128850000.0,0.68,1.8,189.18,194.83,7.33,5.99,1.32
泛微网络,sh603039,44.94,46.07,46.42,8336000.0,44.94,14500,44.95,8400,-2.45,46.53,44.87,8336000,379600000.0,3.25,3.6,115.21,115.21,50.68,41.46,0.82
创世纪,sz300083,7.56,7.52,7.56,19412900.0,7.56,208200,7.57,199200,0.53,7.69,7.55,19412900,147970000.0,1.3,1.86,112.84,125.86,9.02,6.02,0.88
华大基因,sz300676,40.25,39.81,40.08,4324200.0,40.25,12100,40.26,10700,1.11,40.79,40.0,4324200,174980000.0,1.04,1.98,167.46,168.37,47.77,31.85,0.87
润达医疗,sh603108,12.77,12.61,12.65,9123500.0,12.76,36000,12.77,7900,1.27,12.97,12.65,9123500,117070000.0,1.51,2.54,77.09,77.09,13.87,11.35,0.81
百川能源,sh600681,4.11,4.09,4.1,21918200.0,4.1,1086800,4.11,419700,0.49,4.14,4.07,21918200,90110000.0,1.64,1.71,55.07,55.11,4.5,3.68,0.51
华新精科,sh603370,43.84,43.0,43.1,1048700.0,43.83,2300,43.84,3100,1.95,44.5,43.1,1048700,45970000.0,3.0,3.26,15.34,76.7,47.3,38.7,1.64
陕西煤业,sh601225,25.23,25.27,25.27,28683700.0,25.22,25000,25.23,7800,-0.16,25.52,24.96,28683700,725820000.0,0.3,2.22,2446.05,2446.05,27.8,22.74,0.95
鼎佳精密,bj920005,36.54,36.73,36.75,630800.0,36.54,300,36.7,800,-0.52,37.58,36.5,630800,23348500.0,2.93,2.94,7.86,30.33,47.74,25.72,1.02
柳    工,sz000528,9.64,9.59,9.65,25754100.0,9.64,24100,9.65,64800,0.52,9.72,9.59,25754100,248810000.0,1.27,1.36,196.07,196.34,10.55,8.63,0.84
北大荒,sh600598,16.09,16.38,16.3,43828000.0,16.08,190200,16.09,48900,-1.77,16.3,16.07,43828000,707820000.0,2.47,1.4,286.03,286.03,18.02,14.74,1.02
甘李药业,sh603087,64.12,63.67,63.67,5779000.0,64.12,8000,64.15,1100,0.71,65.08,63.64,5779000,371990000.0,1.04,2.26,357.7,382.99,70.04,57.3,0.94
晶科能源,sh688223,6.53,6.44,6.5,13484875700.0,6.52,954000,6.53,197900,1.4,6.69,6.5,13484875700,887150000.0,1.31,2.95,670.59,670.59,7.73,5.15,0.94
蒙草生态,sz300355,4.04,3.65,4.17,207166500.0,4.03,492300,4.04,183200,10.68,4.38,4.02,207166500,877360000.0,15.95,9.86,52.46,64.81,4.38,2.92,11.44
克明食品,sz002661,8.92,8.89,8.95,2287800.0,8.92,3300,8.93,9600,0.34,9.02,8.81,2287800,20480000.0,0.73,2.36,28.06,29.72,9.78,8.0,0.58
澳洋健康,sz002172,3.92,3.92,3.93,16435100.0,3.91,101800,3.92,310000,0.0,3.99,3.9,16435100,64860000.0,2.15,2.3,29.99,30.02,4.31,3.53,0.97
福莱蒽特,sh605566,30.79,30.73,30.87,2197100.0,30.79,13200,30.8,14400,0.2,31.37,30.61,2197100,68100000.0,1.65,2.47,41.06,41.06,33.8,27.66,0.76
吉林化纤,sz000420,4.97,5.02,5.0,184720200.0,4.97,810500,4.98,559800,-1.0,5.22,4.96,184720200,934570000.0,7.51,5.18,122.16,122.21,5.52,4.52,1.34
诚意药业,sh603811,12.09,11.96,11.96,7934900.0,12.08,8400,12.09,206800,1.09,12.3,11.93,7934900,96120000.0,2.42,3.09,39.57,39.57,13.16,10.76,1.08
博思软件,sz300525,10.39,10.26,10.35,11517800.0,10.38,67800,10.39,41200,1.27,10.48,10.33,11517800,119930000.0,1.85,1.46,64.63,78.8,12.31,8.21,1.01
好当家,sh600467,2.45,2.44,2.44,28833100.0,2.44,713900,2.45,158300,0.41,2.48,2.44,28833100,70880000.0,1.97,1.64,35.79,35.79,2.68,2.2,0.85
宁波高发,sh603788,15.35,15.25,15.32,1028700.0,15.34,5200,15.35,1300,0.66,15.5,15.3,1028700,15850000.0,0.46,1.31,34.24,34.24,16.78,13.73,0.88
诺思格,sz301333,67.83,67.4,67.3,2121200.0,67.82,4900,67.83,1600,0.64,69.77,67.1,2121200,145520000.0,2.2,3.96,65.42,65.51,80.88,53.92,0.76
唯赛勃,sh688718,15.2,15.25,15.12,351294500.0,15.2,3100,15.22,1600,-0.33,15.42,15.09,351294500,53450000.0,2.02,2.16,26.41,26.41,18.3,12.2,1.38
南凌科技,sz300921,25.06,25.19,26.01,6017400.0,25.06,14300,25.12,100,-0.52,26.06,25.05,6017400,152830000.0,5.25,4.01,28.74,46.06,30.23,20.15,0.79
德宏股份,sh603701,23.83,24.14,24.2,4822000.0,23.82,38000,23.83,22800,-1.28,24.36,23.75,4822000,115520000.0,1.84,2.53,62.28,62.28,26.55,21.73,0.69
岱美股份,sh603730,9.25,9.27,9.2,13746900.0,9.24,121400,9.25,37100,-0.22,9.38,9.2,13746900,127860000.0,0.64,1.94,198.74,198.74,10.2,8.34,0.94
玲珑轮胎,sh601966,14.15,14.08,14.15,7597700.0,14.14,49400,14.15,38600,0.5,14.24,14.12,7597700,107760000.0,0.52,0.85,207.09,207.09,15.49,12.67,1.01
金达威,sz002626,18.16,17.84,18.0,6717400.0,18.16,7500,18.17,6800,1.79,18.48,17.9,6717400,122770000.0,1.1,3.25,110.75,110.76,19.62,16.06,1.4
ST云动,sz000903,2.53,2.53,2.53,20915000.0,2.53,92700,2.54,1012300,0.0,2.57,2.52,20915000,53180000.0,1.09,1.98,48.58,48.95,2.66,2.4,1.09
西部超导,sh688122,72.49,72.19,73.07,1050389300.0,72.49,600,72.51,2500,0.42,73.87,72.3,1050389300,767190000.0,1.62,2.17,470.94,470.94,86.63,57.75,1.13
农发种业,sh600313,7.45,7.68,7.6,68112700.0,7.45,94500,7.46,200500,-2.99,7.65,7.42,68112700,508940000.0,6.29,2.99,80.62,86.52,8.45,6.91,0.95
燕京啤酒,sz000729,14.26,14.01,14.02,42462800.0,14.25,30600,14.26,49700,1.78,14.43,13.8,42462800,603450000.0,1.69,4.5,357.87,401.92,15.41,12.61,0.75
信通电子,sz001388,38.9,38.55,38.76,803300.0,38.89,1600,38.9,1200,0.91,39.13,38.55,803300,31270000.0,2.57,1.5,12.14,60.68,42.41,34.7,0.69
奇正藏药,sz002287,23.33,23.1,23.21,2146600.0,23.33,7500,23.34,2000,1.0,23.53,23.12,2146600,50070000.0,0.38,1.77,133.21,133.48,25.41,20.79,0.94
天宸股份,sh600620,6.31,6.34,6.36,4817700.0,6.3,114600,6.31,16400,-0.47,6.4,6.3,4817700,30570000.0,0.7,1.58,43.33,43.33,6.97,5.71,0.83
复旦微电,sh688385,68.75,69.25,69.4,887426400.0,68.75,1300,68.79,1000,-0.72,71.47,68.7,887426400,618780000.0,1.65,4.0,370.83,566.3,83.1,55.4,0.78
大秦铁路,sh601006,5.2,5.17,5.18,86884000.0,5.2,57500,5.21,2691600,0.58,5.21,5.17,86884000,450900000.0,0.43,0.77,1047.65,1047.65,5.69,4.65,0.81
重庆港,sh600279,5.01,5.15,5.15,15397400.0,5.0,239800,5.01,255500,-2.72,5.19,4.99,15397400,77890000.0,1.3,3.88,59.46,59.46,5.67,4.64,2.62
天铭科技,bj920270,15.75,15.65,15.92,1122700.0,15.75,1500,15.78,3500,0.64,16.09,15.6,1122700,17752800.0,1.38,3.13,12.78,16.48,20.34,10.96,0.97
天顺风能,sz002531,11.39,11.31,11.4,51983600.0,11.39,205800,11.4,102300,0.71,11.73,11.35,51983600,597840000.0,2.91,3.36,203.51,204.66,12.44,10.18,0.78
华智数媒,sz300426,7.41,7.38,7.46,7593100.0,7.41,30300,7.42,100500,0.41,7.54,7.39,7593100,56680000.0,1.9,2.03,29.64,33.37,8.86,5.9,1.03
中炬高新,sh600872,19.59,19.31,19.5,12420000.0,19.58,75200,19.59,21000,1.45,19.8,19.33,12420000,243920000.0,1.61,2.43,151.04,152.51,21.24,17.38,1.37
海格通信,sz002465,14.85,14.9,15.03,51162600.0,14.85,1200,14.86,34600,-0.34,15.15,14.83,51162600,766120000.0,2.06,2.15,367.97,368.55,16.39,13.41,1.06
和辉光电-U,sh688538,2.31,2.3,2.31,5359615000.0,2.31,2194500,2.32,226600,0.43,2.34,2.3,5359615000,124500000.0,0.93,1.74,132.88,319.0,2.76,1.84,1.06
杭萧钢构,sh600477,3.14,3.15,3.17,36244300.0,3.14,653200,3.15,316300,-0.32,3.21,3.14,36244300,114880000.0,1.54,2.22,74.07,74.07,3.47,2.84,0.77
金龙鱼,sz300999,28.4,28.11,28.22,8209400.0,28.4,4000,28.41,42400,1.03,28.52,28.15,8209400,233110000.0,1.51,1.32,154.11,1539.73,33.73,22.49,0.85
力盛体育,sz002858,14.94,14.95,15.17,7913900.0,14.94,31000,14.95,100,-0.07,15.3,14.66,7913900,117740000.0,5.38,4.28,21.96,24.49,16.45,13.46,0.65
龙芯中科,sh688047,133.2,132.36,134.38,579322900.0,133.19,600,133.2,1500,0.63,136.58,132.87,579322900,781080000.0,1.44,2.8,534.13,534.13,158.83,105.89,1.38
赛福天,sh603028,8.6,8.53,8.52,3246600.0,8.59,1300,8.6,30300,0.82,8.69,8.52,3246600,28010000.0,1.14,1.99,24.44,24.69,9.38,7.68,0.68
浙江永强,sz002489,3.42,3.38,3.4,16565600.0,3.42,58700,3.43,576800,1.18,3.46,3.39,16565600,56910000.0,0.87,2.07,65.43,74.18,3.72,3.04,0.92
报 喜 鸟,sz002154,3.63,3.59,3.62,8691700.0,3.63,242200,3.64,1342700,1.11,3.65,3.6,8691700,31560000.0,0.74,1.39,42.83,52.97,3.95,3.23,0.8
聚星科技,bj920111,23.68,23.47,23.41,843000.0,23.67,100,23.68,600,0.89,23.95,23.4,843000,20044100.0,1.12,2.34,17.83,36.74,30.51,16.43,0.82
科大讯飞,sz002230,47.64,47.21,47.5,39002500.0,47.64,73200,47.65,67700,0.91,48.33,47.47,39002500,1866550000.0,1.78,1.82,1042.96,1101.36,51.93,42.49,1.36
中元股份,sz300018,13.23,13.14,13.18,11318100.0,13.23,43900,13.24,16200,0.68,13.35,13.11,11318100,149840000.0,2.52,1.83,59.44,64.21,15.77,10.51,0.78
五洲交通,sh600368,3.86,3.83,3.86,8525800.0,3.85,466400,3.86,95300,0.78,3.87,3.84,8525800,32880000.0,0.53,0.78,62.13,62.13,4.21,3.45,0.77
博科测试,sz301598,60.3,59.99,60.14,385200.0,60.07,1600,60.36,500,0.52,60.99,60.05,385200,23370000.0,2.2,1.57,10.58,35.52,71.99,47.99,0.99
火炬电子,sh603678,32.36,32.11,32.3,7318500.0,32.36,37300,32.37,20500,0.78,32.84,32.2,7318500,238370000.0,1.54,1.99,153.89,153.89,35.32,28.9,0.63
凌云股份,sh600480,10.79,9.81,9.9,63495700.0,10.79,2496600,0.0,0,9.99,10.79,9.88,63495700,663260000.0,5.24,9.28,130.87,131.88,10.79,8.83,4.35
万邦德,sz002082,29.8,32.26,30.19,72874400.0,29.76,1500,29.8,64100,-7.63,30.7,29.21,72874400,2181640000.0,13.17,4.62,164.87,182.28,35.49,29.03,1.0
中富通,sz300560,15.82,15.54,15.62,9169900.0,15.81,25100,15.82,66800,1.8,16.11,15.6,9169900,145770000.0,4.9,3.28,29.58,36.35,18.65,12.43,1.06
科大智能,sz300222,10.9,10.77,10.84,15909300.0,10.89,360000,10.9,9600,1.21,11.03,10.83,15909300,174150000.0,2.51,1.86,69.08,84.83,12.92,8.62,1.24
中国铁物,sz000927,3.14,3.03,3.13,319587500.0,3.13,666700,3.14,1600,3.63,3.33,3.11,319587500,1021330000.0,5.28,7.26,189.98,189.98,3.33,2.73,1.34
通行宝,sz301339,13.16,13.0,13.07,3219300.0,13.16,21300,13.17,100,1.23,13.26,13.06,3219300,42500000.0,0.56,1.54,74.99,76.37,15.6,10.4,0.95
佳驰科技,sh688708,50.91,51.05,51.31,176803000.0,50.91,1400,50.96,400,-0.27,51.86,50.88,176803000,90930000.0,1.24,1.92,72.43,203.65,61.26,40.84,1.83
兆龙互连,sz300913,51.9,53.09,53.13,6962400.0,51.89,1400,51.9,29900,-2.24,53.47,51.83,6962400,364300000.0,2.72,3.09,132.75,177.9,63.71,42.47,1.02
健尔康,sh603205,25.92,25.7,26.98,1225300.0,25.92,14900,25.93,2000,0.86,26.99,25.92,1225300,32120000.0,2.96,4.16,10.72,40.44,28.27,23.13,1.78
凡拓数创,sz301313,29.68,28.7,28.92,2265500.0,29.67,200,29.68,7600,3.41,30.24,28.92,2265500,67120000.0,3.0,4.6,22.4,30.7,34.44,22.96,1.4
康辰药业,sh603590,37.72,36.98,36.8,2770500.0,37.72,1500,37.74,1000,2.0,38.5,36.65,2770500,104760000.0,1.75,5.0,59.68,59.98,40.68,33.28,1.05
黄山胶囊,sz002817,8.06,7.93,7.98,7284700.0,8.05,3600,8.06,13700,1.64,8.15,7.96,7284700,58750000.0,2.51,2.4,23.38,24.11,8.72,7.14,0.84
华密新材,bj920247,20.19,19.93,19.96,1300200.0,20.18,6500,20.19,4900,1.3,20.46,19.96,1300200,26316600.0,1.14,2.51,23.07,31.81,25.9,13.96,1.01
温氏股份,sz300498,16.5,16.59,16.59,31570400.0,16.5,46800,16.51,46300,-0.54,16.7,16.43,31570400,522810000.0,0.53,1.63,981.63,1097.9,19.91,13.27,0.79
正弦电气,sh688395,26.08,26.22,26.35,107948000.0,26.07,1000,26.08,900,-0.53,26.6,26.02,107948000,28320000.0,1.25,2.21,22.58,22.58,31.46,20.98,0.99
万华化学,sh600309,89.07,87.59,87.86,29127700.0,89.06,10900,89.07,33600,1.69,89.6,87.0,29127700,2586890000.0,0.93,2.97,2788.31,2788.31,96.35,78.83,0.93
腾龙股份,sh603158,12.87,13.16,12.88,49733400.0,12.87,265900,12.88,31900,-2.2,13.15,12.8,49733400,644240000.0,10.13,2.66,63.16,63.16,14.48,11.84,1.0
爱普股份,sh603020,11.3,11.39,11.36,3820500.0,11.3,9900,11.31,4000,-0.79,11.46,11.3,3820500,43370000.0,1.0,1.4,43.31,43.31,12.53,10.25,0.52
岳阳兴长,sz000819,14.83,14.79,14.82,2735300.0,14.82,97200,14.83,2800,0.27,14.95,14.8,2735300,40690000.0,0.75,1.01,54.21,54.8,16.27,13.31,0.62
景嘉微,sz300474,59.54,58.57,58.98,7233600.0,59.54,4700,59.55,10200,1.66,60.49,58.77,7233600,432890000.0,1.78,2.94,242.01,311.17,70.28,46.86,1.05
华大智造,sh688114,51.05,49.66,49.82,305498100.0,51.05,6000,51.06,2200,2.8,51.98,49.82,305498100,155880000.0,0.74,4.35,211.52,212.63,59.59,39.73,1.13
国机汽车,sh600335,6.07,5.98,6.0,8134800.0,6.06,68900,6.07,46600,1.51,6.12,5.99,8134800,49380000.0,0.54,2.17,90.79,90.79,6.58,5.38,0.95
冠捷科技,sz000727,2.77,2.81,2.82,159120000.0,2.77,165400,2.78,1570600,-1.42,2.88,2.76,159120000,445950000.0,3.51,4.27,125.47,125.47,3.09,2.53,1.04
深物业A,sz000011,8.39,8.36,8.45,3284100.0,8.39,800,8.4,61900,0.36,8.5,8.35,3284100,27660000.0,0.62,1.79,44.17,50.0,9.2,7.52,0.58
山东墨龙,sz002490,9.22,9.45,9.37,51896100.0,9.22,388300,9.23,141900,-2.43,9.4,9.13,51896100,479700000.0,9.58,2.86,49.95,73.56,10.4,8.51,0.64
民生银行,sh600016,3.72,3.7,3.71,124958800.0,3.71,1403900,3.72,12817500,0.54,3.73,3.7,124958800,464290000.0,0.35,0.81,1319.19,1628.71,4.07,3.33,0.63
中通客车,sz000957,11.4,11.32,11.32,17351000.0,11.39,147300,11.4,198700,0.71,11.47,11.3,17351000,197990000.0,2.93,1.5,67.59,67.59,12.45,10.19,1.05
远程股份,sz002692,6.38,6.28,6.33,69269300.0,6.37,171700,6.38,216600,1.59,6.58,6.18,69269300,442350000.0,9.65,6.37,45.79,45.82,6.91,5.65,1.32
铭利达,sz301268,22.45,21.68,21.83,4039200.0,22.45,9200,22.46,10500,3.55,22.8,21.71,4039200,90940000.0,1.17,5.03,77.38,89.89,26.02,17.34,1.24
祥鑫科技,sz002965,30.48,29.42,29.8,7546500.0,30.48,7500,30.49,7700,3.6,30.88,29.7,7546500,229970000.0,3.78,4.01,60.78,80.89,32.36,26.48,1.85
辰欣药业,sh603367,16.34,15.81,15.8,22511000.0,16.34,30500,16.35,7600,3.35,17.3,15.76,22511000,369870000.0,4.97,9.74,73.98,73.98,17.39,14.23,1.47
信隆健康,sz002105,6.38,6.26,6.31,8074900.0,6.37,47300,6.38,14200,1.92,6.46,6.3,8074900,51710000.0,2.22,2.56,23.25,23.37,6.89,5.63,0.9
海力风电,sz301155,66.06,65.19,65.8,4146400.0,66.05,1500,66.06,2000,1.33,67.16,65.65,4146400,274970000.0,3.36,2.32,81.48,143.61,78.23,52.15,0.86
雪祺电气,sz001387,13.34,13.2,13.33,2131500.0,13.34,3300,13.35,2300,1.06,13.48,13.25,2131500,28540000.0,1.87,1.74,15.2,24.42,14.52,11.88,0.81
蓝天燃气,sh605368,8.29,8.22,8.3,4855300.0,8.28,67600,8.29,5200,0.85,8.32,8.22,4855300,40200000.0,0.68,1.22,59.24,59.24,9.04,7.4,0.86
友升股份,sh603418,50.64,49.94,50.1,714300.0,50.62,5500,50.64,2900,1.4,50.76,50.1,714300,36090000.0,1.73,1.32,20.95,97.77,54.93,44.95,1.03
科德教育,sz300192,19.46,18.93,19.03,12491000.0,19.46,22600,19.47,11000,2.8,19.69,18.97,12491000,242760000.0,3.85,3.8,63.17,64.05,22.72,15.14,1.67
英搏尔,sz300681,24.59,24.8,24.62,11810300.0,24.59,700,24.6,1500,-0.85,25.08,24.53,11810300,291750000.0,5.12,2.22,56.75,75.26,29.76,19.84,0.79
天佑德酒,sz002646,8.02,7.97,8.03,3818500.0,8.02,52000,8.03,36400,0.63,8.09,7.99,3818500,30740000.0,0.8,1.25,38.17,38.42,8.77,7.17,1.08
生 意 宝,sz002095,16.78,16.51,16.67,2923500.0,16.77,8700,16.78,9800,1.64,16.93,16.65,2923500,49180000.0,1.16,1.7,42.24,42.41,18.16,14.86,1.14
古井贡酒,sz000596,103.48,102.8,103.03,2304500.0,103.48,1600,103.49,3400,0.66,104.45,102.99,2304500,239100000.0,0.56,1.42,422.82,547.0,113.08,92.52,0.71
上海莱士,sz002252,5.74,5.72,5.72,21524800.0,5.74,56400,5.75,279100,0.35,5.78,5.72,21524800,123790000.0,0.32,1.05,380.78,381.02,6.29,5.15,0.76
华维设计,bj920427,11.97,11.76,11.9,905900.0,11.97,13200,11.98,600,1.79,12.09,11.77,905900,10886800.0,1.78,2.72,6.09,12.34,15.28,8.24,0.82
药康生物,sh688046,18.75,16.96,16.8,1800220100.0,18.74,50300,18.75,23500,10.55,19.48,16.8,1800220100,327840000.0,4.39,15.8,76.88,76.88,20.35,13.57,1.69
*ST创兴,sh600193,3.52,3.35,3.18,29926300.0,3.52,133100,0.0,0,5.07,3.52,3.18,29926300,99160000.0,7.04,10.15,14.97,14.97,3.52,3.18,5.27
元祖股份,sh603886,13.23,13.12,13.12,6985000.0,13.22,78700,13.23,56100,0.84,13.4,13.0,6985000,92530000.0,2.91,3.05,31.75,31.75,14.43,11.81,1.23
中国长城,sz000066,15.06,14.9,15.18,77245200.0,15.05,218800,15.06,59300,1.07,15.5,15.05,77245200,1177440000.0,2.39,3.02,485.77,485.81,16.39,13.41,1.49
ST迪威迅,sz300167,6.14,6.0,6.1,7155200.0,6.13,162900,6.14,1100,2.33,6.24,6.01,7155200,43990000.0,1.99,3.83,22.04,23.91,7.2,4.8,0.95
涛涛车业,sz301345,230.6,222.2,224.43,1772400.0,230.6,11300,230.66,600,3.78,231.88,222.22,1772400,407010000.0,5.06,4.35,80.78,251.47,266.64,177.76,1.09
云从科技-UW,sh688327,12.91,12.85,13.05,1816271900.0,12.91,124400,12.92,25100,0.47,13.21,12.91,1816271900,236940000.0,2.18,2.33,107.6,134.08,15.42,10.28,0.92
海昇药业,bj920656,15.67,15.48,15.6,633700.0,15.62,1200,15.67,200,1.23,15.92,15.48,633700,9990700.0,1.96,2.84,5.07,15.67,20.12,10.84,0.5
海利生物,sh603718,4.54,4.52,4.52,9592600.0,4.54,50000,4.55,326800,0.44,4.6,4.51,9592600,43720000.0,1.48,1.99,29.46,29.6,4.97,4.07,0.82
ST诺泰,sh688076,30.7,29.83,29.81,412032100.0,30.7,121100,30.71,5900,2.92,31.1,29.81,412032100,125790000.0,1.3,4.32,97.03,97.03,35.8,23.86,1.46
伟测科技,sh688372,149.95,152.6,154.88,947866400.0,149.94,2400,149.95,35900,-1.74,156.76,147.8,947866400,1436280000.0,5.65,5.87,251.56,251.56,183.12,122.08,1.21
威派格,sh603956,5.68,5.68,5.69,6721000.0,5.68,157300,5.69,120400,0.0,5.81,5.68,6721000,38600000.0,1.18,2.29,32.37,32.37,6.25,5.11,1.03
奥飞娱乐,sz002292,7.83,7.76,7.86,19535800.0,7.83,160900,7.84,195600,0.9,7.94,7.81,19535800,153800000.0,1.92,1.68,79.7,115.78,8.54,6.98,0.85
狮头股份,sh600539,14.79,15.08,15.35,28118000.0,14.79,25900,14.8,21400,-1.92,15.95,14.61,28118000,426030000.0,12.23,8.89,34.02,34.02,16.59,13.57,1.18
千方科技,sz002373,9.62,9.52,9.57,16574900.0,9.62,123100,9.63,37400,1.05,9.73,9.57,16574900,160180000.0,1.2,1.68,132.52,152.01,10.47,8.57,0.94
光威复材,sz300699,34.36,34.3,34.59,15362500.0,34.35,67500,34.36,17000,0.17,35.07,34.28,15362500,532340000.0,1.87,2.3,282.24,285.65,41.16,27.44,1.13
清新环境,sz002573,3.63,3.61,3.62,8063700.0,3.63,57600,3.64,529300,0.55,3.68,3.62,8063700,29440000.0,0.57,1.66,51.28,51.37,3.97,3.25,0.58
一诺威,bj920261,14.2,14.02,14.15,937000.0,14.2,26800,14.22,5000,1.28,14.28,14.04,937000,13289200.0,0.55,1.71,24.31,41.34,18.22,9.82,0.61
上海钢联,sz300226,25.12,24.8,24.89,7481300.0,25.12,22000,25.13,13800,1.29,25.4,24.89,7481300,188530000.0,2.44,2.06,76.96,80.06,29.76,19.84,1.03
沃顿科技,sz000920,11.7,11.48,11.6,6209800.0,11.68,2300,11.7,29700,1.92,11.78,11.56,6209800,72650000.0,1.31,1.92,55.29,55.3,12.63,10.33,0.87
山石网科,sh688030,15.06,14.83,15.03,150250500.0,15.06,100,15.07,11400,1.55,15.35,15.01,150250500,22770000.0,0.83,2.29,27.14,27.14,17.8,11.86,0.75
鸣志电器,sh603728,58.54,57.31,57.6,4412600.0,58.53,7200,58.54,7500,2.15,59.36,57.6,4412600,259090000.0,1.05,3.07,245.21,245.21,63.04,51.58,1.25
常山北明,sz000158,17.55,17.47,17.63,18844000.0,17.55,85500,17.56,142300,0.46,17.77,17.53,18844000,332530000.0,1.19,1.37,278.68,280.56,19.22,15.72,0.9
光启技术,sz002625,38.95,38.14,38.3,21357000.0,38.95,18800,38.96,12500,2.12,39.7,38.3,21357000,835950000.0,0.99,3.67,839.21,839.21,41.95,34.33,1.24
华锦股份,sz000059,5.32,5.32,5.33,18171700.0,5.32,78900,5.33,255200,0.0,5.42,5.29,18171700,97120000.0,1.14,2.44,85.09,85.09,5.85,4.79,0.65
彩虹股份,sh600707,7.02,6.38,7.02,92414100.0,7.02,16621400,0.0,0,10.03,7.02,6.88,92414100,647090000.0,2.58,2.19,251.85,251.9,7.02,5.74,3.93
水星家纺,sh603365,20.54,19.93,20.02,1539000.0,20.53,700,20.54,31500,3.06,20.56,19.81,1539000,31310000.0,0.59,3.76,53.36,53.92,21.92,17.94,0.71
万胜智能,sz300882,23.4,23.18,23.27,5382900.0,23.39,15100,23.4,37100,0.95,23.61,23.21,5382900,125860000.0,2.02,1.73,62.32,66.97,27.82,18.54,0.69
益生股份,sz002458,9.48,9.43,9.52,10478900.0,9.47,46200,9.48,3600,0.53,9.58,9.44,10478900,99600000.0,1.45,1.48,68.29,104.89,10.37,8.49,0.72
赢时胜,sz300377,18.28,17.81,18.09,49160200.0,18.28,14700,18.29,109000,2.64,19.0,17.99,49160200,911840000.0,7.43,5.67,120.95,137.28,21.37,14.25,1.93
重庆路桥,sh600106,6.18,5.93,5.93,39527500.0,6.18,136500,6.19,383500,4.22,6.22,5.91,39527500,241780000.0,2.97,5.23,82.13,82.13,6.52,5.34,1.37
万邦达,sz300055,11.62,11.5,11.67,29027800.0,11.62,78300,11.63,13200,1.04,11.84,11.46,29027800,338100000.0,4.59,3.3,73.54,97.23,13.8,9.2,0.69
天健集团,sz000090,3.61,3.58,3.6,13804600.0,3.61,238700,3.62,337500,0.84,3.64,3.59,13804600,49950000.0,0.74,1.4,67.45,67.45,3.94,3.22,0.85
鸿合科技,sz002955,25.94,25.66,25.82,1924400.0,25.93,11400,25.94,10800,1.09,26.25,25.7,1924400,50050000.0,0.98,2.14,50.75,61.38,28.23,23.09,0.89
艾能聚,bj920770,15.41,15.2,15.45,2149500.0,15.41,5400,15.42,300,1.38,15.64,15.33,2149500,33338400.0,2.62,2.04,12.62,20.05,19.76,10.64,0.87
连城数控,bj920368,33.95,33.85,34.25,8668600.0,33.95,30200,33.96,3800,0.3,34.88,33.88,8668600,296680900.0,3.88,2.95,75.83,79.71,44.0,23.7,0.82
中 关 村,sz000931,5.28,5.28,5.28,14796500.0,5.28,28200,5.29,67100,0.0,5.39,5.23,14796500,78480000.0,1.97,3.03,39.65,39.77,5.81,4.75,0.75
凯撒文化,sz002425,3.29,3.27,3.32,10923400.0,3.29,11900,3.3,245500,0.61,3.35,3.28,10923400,36220000.0,1.14,2.14,31.45,31.47,3.6,2.94,0.8
天利科技,sz300399,21.16,20.72,20.91,5739000.0,21.15,10300,21.16,15900,2.12,21.84,20.85,5739000,122900000.0,2.9,4.78,41.81,41.81,24.86,16.58,1.37
亚世光电,sz002952,26.35,27.18,26.78,10116300.0,26.35,97700,26.36,1000,-3.05,27.08,26.3,10116300,269970000.0,7.68,2.87,34.69,43.3,29.9,24.46,0.84
双一科技,sz300690,29.96,29.64,29.85,7838500.0,29.96,11400,29.97,121700,1.08,30.58,29.85,7838500,236400000.0,7.08,2.46,33.19,49.54,35.57,23.71,0.93
同为股份,sz002835,15.77,15.6,15.68,1612800.0,15.77,36000,15.78,1700,1.09,15.94,15.68,1612800,25530000.0,1.27,1.67,20.07,34.61,17.16,14.04,0.69
恒丰纸业,sh600356,9.07,9.24,9.28,11857600.0,9.07,5900,9.08,97600,-1.84,9.33,9.04,11857600,108460000.0,3.97,3.14,27.09,29.89,10.16,8.32,0.94
尚荣医疗,sz002551,3.51,3.46,3.48,15144000.0,3.51,55300,3.52,126200,1.45,3.57,3.44,15144000,53330000.0,2.48,3.76,21.45,29.68,3.81,3.11,0.78
青岛食品,sz001219,14.65,14.59,14.73,2317800.0,14.65,12700,14.67,22300,0.41,14.87,14.43,2317800,34160000.0,1.22,3.02,27.85,28.57,16.05,13.13,0.67
微电生理,sh688351,23.87,24.01,24.22,461388300.0,23.86,2700,23.87,2100,-0.58,24.45,23.86,461388300,111340000.0,0.98,2.46,112.33,112.33,28.81,19.21,0.68
中胤时尚,sz300901,15.99,15.61,15.69,1873200.0,15.98,1500,15.99,15200,2.43,16.05,15.68,1873200,29760000.0,0.78,2.37,38.38,38.38,18.73,12.49,0.66
德赛西威,sz002920,106.62,105.74,106.76,5421100.0,106.61,4000,106.62,5500,0.83,107.68,106.3,5421100,579970000.0,0.98,1.31,591.45,636.32,116.31,95.17,1.02
天邑股份,sz300504,16.11,16.17,16.46,14905900.0,16.11,100,16.12,10000,-0.37,16.92,16.09,14905900,244630000.0,6.83,5.13,35.16,43.66,19.4,12.94,1.57
华恒生物,sh688639,28.8,28.57,28.8,508768300.0,28.8,1000,28.83,2900,0.81,29.18,28.5,508768300,147040000.0,2.03,2.38,72.03,72.03,34.28,22.86,1.1
依依股份,sz001206,21.12,20.76,21.0,2697900.0,21.11,24300,21.12,300,1.73,21.33,20.82,2697900,57130000.0,2.54,2.46,22.45,39.05,22.84,18.68,1.11
特发服务,sz300917,32.03,31.4,31.55,3480100.0,32.03,28800,32.04,3700,2.01,32.4,31.51,3480100,111680000.0,2.06,2.83,54.13,54.13,37.68,25.12,0.9
芯导科技,sh688230,63.86,63.94,64.68,81987200.0,63.86,2000,63.96,700,-0.13,65.3,63.85,81987200,52810000.0,0.7,2.27,75.1,75.1,76.73,51.15,1.06
宝立食品,sh603170,13.36,13.45,13.45,3297800.0,13.34,52700,13.36,5100,-0.67,13.77,13.34,3297800,44590000.0,0.82,3.2,53.44,53.44,14.8,12.11,0.83
航天南湖,sh688552,38.35,37.17,37.44,612696900.0,38.34,30700,38.35,5300,3.17,38.6,37.44,612696900,234290000.0,7.06,3.12,33.3,129.33,44.6,29.74,1.03
惠通科技,sz301601,22.83,22.49,22.72,1193400.0,22.83,600,22.84,1800,1.51,23.08,22.56,1193400,27350000.0,1.41,2.31,19.29,32.07,26.99,17.99,0.85
美利云,sz000815,19.18,20.09,20.41,117905700.0,19.18,273700,19.19,143900,-4.53,20.44,19.07,117905700,2294710000.0,16.96,6.82,133.35,133.35,22.1,18.08,0.84
荣泰健康,sh603579,20.23,20.01,20.01,3133700.0,20.23,5400,20.24,400,1.1,20.51,20.01,3133700,63790000.0,1.56,2.5,40.67,40.67,22.01,18.01,1.24
乐心医疗,sz300562,13.27,13.14,13.2,4438900.0,13.26,18100,13.27,33400,0.99,13.41,13.2,4438900,59110000.0,2.72,1.6,21.62,29.01,15.77,10.51,0.94
中航高科,sh600862,21.48,21.3,21.44,13404000.0,21.48,33600,21.49,52800,0.85,21.76,21.41,13404000,289070000.0,0.96,1.64,299.23,299.23,23.43,19.17,1.02
亿道信息,sz001314,42.16,41.69,41.94,1785300.0,42.16,800,42.17,100,1.13,42.57,41.86,1785300,75530000.0,1.44,1.7,52.44,60.13,45.86,37.52,0.99
钜泉科技,sh688391,30.55,30.04,30.17,94536700.0,30.55,1100,30.62,700,1.7,31.09,30.17,94536700,29110000.0,0.82,3.06,35.19,35.19,36.05,24.03,0.9
中安科,sh600654,4.08,4.48,4.48,528535500.0,4.08,2824200,4.09,251300,-8.93,4.51,4.05,528535500,2216900000.0,22.81,10.27,94.55,117.41,4.93,4.03,1.96
三一重工,sh600031,20.66,20.66,20.91,53900400.0,20.65,130000,20.66,36900,0.0,20.99,20.64,53900400,1119560000.0,0.64,1.69,1750.81,1899.69,22.73,18.59,0.77
中信建投,sh601066,21.78,21.35,21.6,23261300.0,21.77,21600,21.78,47600,2.01,22.42,21.54,23261300,513000000.0,0.36,4.12,1414.76,1689.41,23.49,19.22,3.05
浙文互联,sh600986,10.34,10.41,10.45,187929200.0,10.34,653500,10.35,324900,-0.67,10.55,10.16,187929200,1952390000.0,12.63,3.75,153.79,153.79,11.45,9.37,1.79
蓝色光标,sz300058,16.49,16.66,16.67,547469100.0,16.49,1926800,16.5,560200,-1.02,17.09,16.44,547469100,9122790000.0,15.73,3.9,573.86,592.03,19.99,13.33,1.28
腾达建设,sh600512,2.46,2.46,2.52,49423800.0,2.45,1171500,2.46,1158400,0.0,2.55,2.45,49423800,122960000.0,3.11,4.07,39.05,39.21,2.71,2.21,0.64
福蓉科技,sh603327,9.85,10.05,10.15,38526600.0,9.84,160900,9.85,34400,-1.99,10.19,9.83,38526600,382870000.0,3.69,3.58,102.98,102.98,11.06,9.05,1.14
达安基因,sz002030,5.97,5.95,5.97,10771300.0,5.96,162000,5.97,121200,0.34,6.02,5.95,10771300,64460000.0,0.77,1.18,83.79,83.79,6.55,5.36,0.72
广信科技,bj920037,74.6,71.9,72.38,1101500.0,74.46,1000,74.6,6000,3.76,74.66,72.29,1101500,81438700.0,3.73,3.3,22.05,68.23,93.47,50.33,1.02
肇民科技,sz301000,29.72,29.39,29.59,3698000.0,29.72,19000,29.73,2300,1.12,30.39,29.55,3698000,110740000.0,1.61,2.86,68.14,72.18,35.27,23.51,1.06
三元基因,bj920344,21.75,20.99,21.01,1815900.0,21.72,100,21.75,14900,3.62,22.5,20.68,1815900,39302600.0,1.6,8.67,24.74,26.49,27.28,14.7,1.17
清越科技,sh688496,5.71,5.8,5.82,845891700.0,5.7,193300,5.71,82500,-1.55,5.96,5.69,845891700,48820000.0,3.55,4.66,13.59,25.7,6.96,4.64,1.31
睿能科技,sh603933,24.53,22.3,24.53,16092800.0,24.53,4562400,0.0,0,10.0,24.53,23.6,16092800,392530000.0,7.75,4.17,50.91,50.91,24.53,20.07,4.03
顺控发展,sz003039,14.78,14.54,14.65,2874300.0,14.78,1900,14.79,6200,1.65,14.85,14.57,2874300,42490000.0,0.47,1.93,91.27,91.27,15.99,13.09,0.86
广济药业,sz000952,7.01,7.03,7.09,6669000.0,7.0,173900,7.01,33700,-0.28,7.12,6.96,6669000,46900000.0,1.94,2.28,24.11,24.31,7.73,6.33,0.7
广大特材,sh688186,23.62,23.48,23.61,852783700.0,23.61,23800,23.62,0,0.6,24.4,23.59,852783700,203970000.0,3.04,3.45,66.25,66.25,28.18,18.78,1.27
播恩集团,sz001366,13.95,13.84,13.87,2452000.0,13.95,7000,13.96,20300,0.79,14.05,13.73,2452000,34120000.0,1.53,2.31,22.41,22.41,15.22,12.46,0.68
三晖电气,sz002857,22.45,22.04,22.3,2768900.0,22.45,3800,22.46,7800,1.86,22.58,22.21,2768900,62050000.0,2.16,1.68,28.74,29.33,24.24,19.84,0.8
ST长方,sz300301,3.16,3.27,3.3,26328900.0,3.15,203800,3.16,113600,-3.36,3.33,3.14,26328900,84640000.0,3.33,5.81,24.96,26.22,3.92,2.62,0.73
美格智能,sz002881,38.54,37.79,38.16,4516200.0,38.53,12300,38.54,23100,1.98,39.0,38.16,4516200,174730000.0,2.48,2.22,70.11,116.39,41.57,34.01,1.17
万讯自控,sz300112,7.94,7.84,7.9,4920500.0,7.92,2500,7.94,20400,1.28,8.03,7.86,4920500,39210000.0,2.07,2.17,18.87,23.04,9.41,6.27,0.73
山河智能,sz002097,10.06,10.08,10.14,14319500.0,10.06,174700,10.07,65100,-0.2,10.19,10.06,14319500,145080000.0,1.33,1.29,107.91,108.11,11.09,9.07,0.77
友好集团,sh600778,6.41,6.32,6.37,6047300.0,6.4,3900,6.41,80800,1.42,6.46,6.33,6047300,38770000.0,1.94,2.06,19.95,19.97,6.95,5.69,0.73
振东制药,sz300158,6.15,6.14,6.15,26776900.0,6.15,66900,6.16,116100,0.16,6.3,6.09,26776900,165390000.0,2.7,3.42,60.99,61.03,7.37,4.91,0.6
隆鑫通用,sh603766,15.38,14.81,15.03,21689500.0,15.38,56700,15.39,63400,3.85,15.45,14.91,21689500,331930000.0,1.06,3.65,315.83,315.83,16.29,13.33,0.64
力源科技,sh688565,12.76,12.7,12.8,223841000.0,12.75,2100,12.76,14600,0.47,13.01,12.66,223841000,28740000.0,1.49,2.76,19.11,19.11,15.24,10.16,0.77
*ST四环,sz000518,2.95,2.92,2.92,7271600.0,2.94,36400,2.95,834800,1.03,2.98,2.92,7271600,21430000.0,0.71,2.05,30.37,30.37,3.07,2.77,0.65
兴业银锡,sz000426,43.3,43.56,43.71,52351000.0,43.3,111900,43.31,26200,-0.6,44.49,43.23,52351000,2290010000.0,2.95,2.89,768.66,768.85,47.92,39.2,1.07
掌阅科技,sh603533,24.77,25.04,25.3,17166400.0,24.77,22900,24.78,31100,-1.08,25.48,24.75,17166400,430370000.0,3.91,2.92,108.71,108.71,27.54,22.54,0.89
博睿数据,sh688229,84.85,87.24,88.98,204565900.0,84.85,900,84.86,2600,-2.74,90.09,84.68,204565900,177510000.0,4.61,6.2,37.67,37.67,104.69,69.79,0.92
北信源,sz300352,7.12,6.93,7.01,69010300.0,7.12,93500,7.13,508600,2.74,7.18,6.94,69010300,487620000.0,5.41,3.46,90.89,103.23,8.32,5.54,1.31
科拓生物,sz300858,18.6,18.13,18.14,13476300.0,18.59,16300,18.6,8200,2.59,18.72,17.89,13476300,248160000.0,6.88,4.58,36.41,49.01,21.76,14.5,0.94
万润科技,sz002654,14.05,13.92,14.18,49460800.0,14.05,100600,14.06,185000,0.93,14.49,14.05,49460800,704190000.0,5.85,3.16,118.76,118.77,15.31,12.53,1.15
煜邦电力,sh688597,8.95,8.8,8.89,280960100.0,8.95,93900,8.96,10000,1.7,9.07,8.86,280960100,25220000.0,0.84,2.39,30.08,30.08,10.56,7.04,0.67
百克生物,sh688276,17.96,17.77,17.77,121179600.0,17.95,2200,17.96,2600,1.07,18.09,17.77,121179600,21740000.0,0.29,1.8,74.29,74.29,21.32,14.22,0.65
锐奇股份,sz300126,7.85,7.79,7.9,2592100.0,7.84,8000,7.85,13500,0.77,8.02,7.82,2592100,20490000.0,1.23,2.57,16.54,23.86,9.35,6.23,0.62
复旦张江,sh688505,7.89,7.88,7.89,408441700.0,7.89,78000,7.9,700,0.13,8.05,7.89,408441700,32510000.0,0.57,2.03,56.06,81.79,9.46,6.3,0.75
鲁阳节能,sz002088,10.12,10.07,10.14,2085900.0,10.12,1900,10.13,3400,0.5,10.25,10.07,2085900,21180000.0,0.41,1.79,51.19,51.93,11.08,9.06,0.81
舒泰神,sz300204,28.92,28.86,28.86,41938100.0,28.92,31100,28.93,11600,0.21,29.51,28.38,41938100,1215740000.0,9.24,3.92,131.2,138.17,34.63,23.09,0.64
汇源通信,sz000586,22.61,25.12,24.6,24660900.0,0.0,0,22.61,12210000,-9.99,24.61,22.61,24660900,574930000.0,12.9,7.96,43.23,43.74,27.63,22.61,1.6
国科恒泰,sz301370,10.55,10.47,10.57,2656400.0,10.54,20100,10.55,7300,0.76,10.67,10.49,2656400,28130000.0,0.82,1.72,34.16,49.65,12.56,8.38,0.72
中赋科技,sz300692,8.3,8.22,8.3,10535400.0,8.29,78300,8.3,103200,0.97,8.41,8.22,10535400,87560000.0,2.09,2.31,41.8,45.89,9.86,6.58,0.49
美力科技,sz300611,27.1,27.26,27.4,5091200.0,27.09,13300,27.1,8400,-0.59,27.59,27.06,5091200,138790000.0,3.43,1.94,40.19,57.2,32.71,21.81,0.95
双林股份,sz300100,30.74,30.05,30.35,8496600.0,30.73,10500,30.74,27000,2.3,31.2,30.2,8496600,262000000.0,1.54,3.33,169.43,175.83,36.06,24.04,1.2
振华重工,sh600320,5.16,5.2,5.27,39594400.0,5.16,373900,5.17,437600,-0.77,5.28,5.16,39594400,205950000.0,1.19,2.31,171.42,271.85,5.72,4.68,0.72
节能国祯,sz300388,7.88,7.8,7.85,2776100.0,7.87,20900,7.88,26400,1.03,7.95,7.83,2776100,21950000.0,0.41,1.54,53.67,53.67,9.36,6.24,0.65
西菱动力,sz300733,17.75,17.58,17.73,4548400.0,17.74,27400,17.75,11600,0.97,18.08,17.52,4548400,80910000.0,2.02,3.19,40.02,54.26,21.1,14.06,0.81
中红医疗,sz300981,13.96,13.85,13.85,15524100.0,13.96,15000,13.97,24600,0.79,14.4,13.85,15524100,218430000.0,3.95,3.97,54.87,59.87,16.62,11.08,0.7
凯迪股份,sh605288,84.74,84.12,84.11,866900.0,84.74,400,84.75,900,0.74,86.47,83.8,866900,73810000.0,1.23,3.17,59.49,59.89,92.53,75.71,1.19
强邦新材,sz001279,31.1,30.78,31.0,703900.0,31.08,100,31.1,4600,1.04,31.45,30.8,703900,21950000.0,1.76,2.11,12.44,49.76,33.86,27.7,1.0
信达地产,sh600657,3.08,3.03,3.04,16323900.0,3.07,139900,3.08,469600,1.65,3.12,3.04,16323900,50300000.0,0.57,2.64,87.84,87.84,3.33,2.73,1.05
惠天热电,sz000692,4.25,4.23,4.24,14212000.0,4.24,19600,4.25,10700,0.47,4.35,4.22,14212000,60830000.0,2.67,3.07,22.65,22.65,4.65,3.81,0.42
创益通,sz300991,54.0,52.95,55.44,5452000.0,54.0,19400,54.02,3000,1.98,56.0,52.33,5452000,294570000.0,5.92,6.93,49.76,77.76,63.54,42.36,1.44
威尔药业,sh603351,25.88,25.4,25.52,895700.0,25.87,800,25.88,1600,1.89,26.0,25.22,895700,22990000.0,0.66,3.07,35.05,35.05,27.94,22.86,0.63
东方新能,sz002310,3.09,3.13,3.16,185914500.0,3.09,937700,3.1,3211000,-1.28,3.18,3.08,185914500,579690000.0,4.43,3.19,129.75,185.38,3.44,2.82,0.56
凯添燃气,bj920010,11.59,11.63,11.47,10820000.0,11.58,52900,11.59,200,-0.34,11.6,11.26,10820000,123770600.0,6.23,2.92,20.13,27.18,15.11,8.15,0.71
盛泰集团,sh605138,6.84,6.77,6.78,2285400.0,6.83,5800,6.84,1700,1.03,6.91,6.75,2285400,15670000.0,0.41,2.36,38.0,38.0,7.45,6.09,0.84
会畅科技,sz300578,20.68,20.65,20.88,4073200.0,20.68,17200,20.69,10900,0.15,21.01,20.63,4073200,84770000.0,2.05,1.84,40.99,41.0,24.78,16.52,0.76
拓斯达,sz300607,25.91,25.4,25.7,8432900.0,25.9,18400,25.91,28100,2.01,26.43,25.6,8432900,219820000.0,2.5,3.27,87.45,123.58,30.48,20.32,1.3
新五丰,sh600975,5.41,5.41,5.42,10778200.0,5.41,143200,5.42,2700,0.0,5.46,5.39,10778200,58480000.0,0.86,1.29,67.61,67.61,5.95,4.87,0.6
奔朗新材,bj920807,11.73,11.91,12.0,4172400.0,11.73,33500,11.74,8300,-1.51,12.1,11.7,4172400,49612400.0,3.38,3.36,14.49,21.33,15.48,8.34,1.12
嘉友国际,sh603871,13.77,13.59,14.95,38778400.0,13.77,10600,13.78,17500,1.32,14.95,13.75,38778400,550210000.0,2.83,8.83,188.37,188.37,14.95,12.23,3.56
*ST海源,sz002529,6.72,6.73,6.77,3541900.0,6.72,14400,6.73,58600,-0.15,6.8,6.63,3541900,23770000.0,1.36,2.53,17.47,17.47,7.07,6.39,1.57
戴维医疗,sz300314,12.86,12.74,12.84,4229900.0,12.86,62900,12.87,1000,0.94,13.06,12.77,4229900,54730000.0,2.94,2.28,18.49,37.04,15.29,10.19,1.04
钱江摩托,sz000913,14.7,14.49,14.6,6797100.0,14.7,107300,14.71,25500,1.45,14.76,14.5,6797100,99790000.0,1.31,1.79,76.46,77.38,15.94,13.04,0.58
歌尔股份,sz002241,24.41,23.69,23.97,114821400.0,24.4,239300,24.41,337800,3.04,24.78,23.89,114821400,2796060000.0,3.66,3.76,766.1,865.49,26.06,21.32,1.9
河钢股份,sz000709,2.36,2.34,2.35,75318000.0,2.36,1309400,2.37,1731300,0.85,2.38,2.34,75318000,178200000.0,0.73,1.71,243.92,243.96,2.57,2.11,0.93
晟楠科技,bj920006,22.05,21.65,21.94,945600.0,22.04,3000,22.05,100,1.85,22.22,21.93,945600,20881000.0,1.98,1.34,10.54,19.91,28.14,15.16,1.0
红蜻蜓,sh603116,5.63,5.59,5.61,4924100.0,5.63,350800,5.64,8700,0.72,5.73,5.59,4924100,27910000.0,0.85,2.5,32.44,32.44,6.15,5.03,0.77
迪瑞医疗,sz300396,11.82,11.62,11.65,1800300.0,11.82,20400,11.84,25700,1.72,11.92,11.65,1800300,21300000.0,0.66,2.32,32.18,32.23,13.94,9.3,0.79
力诺药包,sz301188,25.0,24.06,24.45,39602300.0,24.97,900,25.0,500,3.91,26.28,24.11,39602300,993510000.0,14.8,9.02,66.88,66.88,28.87,19.25,0.87
亿能电力,bj920046,24.16,23.86,23.85,4875200.0,24.16,4900,24.17,23600,1.26,24.68,23.61,4875200,117540300.0,7.61,4.48,15.48,24.44,31.01,16.71,0.96
读者传媒,sh603999,7.04,6.9,6.94,6655500.0,7.03,8100,7.04,30500,2.03,7.14,6.91,6655500,46840000.0,1.16,3.33,40.55,40.55,7.59,6.21,0.88
信雅达,sh600571,13.55,13.27,13.33,10383100.0,13.55,165900,13.56,152500,2.11,13.7,13.33,10383100,140720000.0,2.27,2.79,62.03,63.19,14.6,11.94,1.22
无线传媒,sz301551,29.66,29.51,29.81,4387500.0,29.66,1900,29.67,2300,0.51,30.29,29.52,4387500,131040000.0,2.84,2.61,45.84,118.64,35.41,23.61,0.75
中国核建,sh601611,14.18,13.82,13.86,48597000.0,14.17,127900,14.18,491100,2.6,14.35,13.86,48597000,690030000.0,1.61,3.55,427.36,427.36,15.2,12.44,0.99
朗博科技,sh603655,39.45,38.97,39.29,2733800.0,39.44,200,39.45,3200,1.23,40.6,39.1,2733800,108500000.0,2.58,3.85,41.82,41.82,42.87,35.07,1.53
华盛昌,sz002980,53.01,55.68,56.79,18610900.0,53.01,29100,53.02,7100,-4.8,56.99,51.5,18610900,986330000.0,18.36,9.86,53.75,100.4,61.25,50.11,1.0
华昌达,sz300278,4.61,4.59,4.64,15866900.0,4.61,71500,4.62,107900,0.44,4.72,4.61,15866900,73870000.0,1.13,2.4,64.98,65.18,5.51,3.67,0.95
聚飞光电,sz300303,9.99,10.23,10.24,188143100.0,9.99,48100,10.0,711200,-2.35,10.24,9.85,188143100,1878100000.0,14.15,3.81,132.79,141.54,12.28,8.18,1.13
格科微,sh688728,13.15,13.06,13.2,1076267000.0,13.15,17700,13.16,13900,0.69,13.39,13.13,1076267000,142690000.0,0.43,1.99,328.6,341.98,15.67,10.45,0.95
江波龙,sz301308,341.3,325.5,333.0,19047100.0,341.29,2000,341.3,37400,4.85,347.69,330.8,19047100,6480160000.0,6.94,5.19,936.51,1430.54,390.6,260.4,1.52
茂硕电源,sz002660,8.62,8.51,8.58,4002300.0,8.61,4700,8.62,31000,1.29,8.7,8.56,4002300,34560000.0,1.17,1.65,29.57,30.74,9.36,7.66,0.6
钢研高纳,sz300034,18.53,18.27,18.5,13037000.0,18.53,74200,18.54,13800,1.42,18.88,18.47,13037000,243570000.0,1.7,2.24,142.14,147.68,21.92,14.62,1.16
东和新材,bj920792,11.12,11.0,11.0,503400.0,11.12,8000,11.14,4300,1.09,11.2,11.0,503400,5615800.0,0.5,1.82,11.16,18.41,14.3,7.7,0.83
蜂助手,sz301382,34.17,34.32,34.52,8247800.0,34.17,0,34.18,20400,-0.44,35.15,34.0,8247800,285310000.0,4.68,3.35,60.24,97.59,41.18,27.46,1.06
ST太重,sh600169,2.41,2.4,2.41,11700000.0,2.41,531900,2.42,1485700,0.42,2.44,2.4,11700000,28290000.0,0.35,1.67,80.33,80.67,2.52,2.28,0.76
永创智能,sh603901,12.93,12.85,12.85,9146500.0,12.91,2000,12.93,16400,0.62,12.96,12.75,9146500,117700000.0,1.88,1.63,63.05,67.76,14.14,11.57,1.18
今世缘,sh603369,26.31,26.02,26.09,6608100.0,26.31,2600,26.32,7700,1.11,26.47,26.02,6608100,173780000.0,0.53,1.73,328.03,328.03,28.62,23.42,0.66
宏鑫科技,sz301539,19.44,19.2,19.35,1212200.0,19.44,4300,19.45,1700,1.25,19.65,19.35,1212200,23660000.0,1.61,1.56,14.59,28.77,23.04,15.36,0.67
智能自控,sz002877,8.95,8.86,8.87,7727100.0,8.94,31400,8.95,20300,1.02,9.04,8.86,7727100,69340000.0,3.21,2.03,21.53,31.85,9.75,7.97,0.8
香山股份,sz002870,36.58,36.21,36.42,1927200.0,36.57,100,36.58,1900,1.02,36.88,36.2,1927200,70520000.0,1.49,1.88,47.17,48.31,39.83,32.59,0.75
润建股份,sz002929,51.8,53.64,53.7,16388500.0,51.8,26800,51.81,3500,-3.43,53.9,51.71,16388500,858580000.0,7.78,4.08,109.07,147.16,59.0,48.28,0.82
ST华鹏,sh603021,7.63,7.27,7.24,4350200.0,7.63,1795700,0.0,0,4.95,7.63,7.24,4350200,32790000.0,1.36,5.36,24.41,24.41,7.63,6.91,0.6
苏垦农发,sh601952,10.07,10.23,10.15,18776900.0,10.07,37500,10.08,105600,-1.56,10.18,10.01,18776900,189120000.0,1.36,1.66,138.76,138.76,11.25,9.21,0.68
宝泰隆,sh601011,3.31,3.32,3.3,29381800.0,3.3,1665000,3.31,134400,-0.3,3.35,3.3,29381800,97470000.0,1.53,1.51,63.41,63.41,3.65,2.99,0.7
安阳钢铁,sh600569,2.18,2.19,2.2,24422900.0,2.18,822500,2.19,797000,-0.46,2.23,2.18,24422900,53770000.0,0.85,2.28,62.62,62.62,2.41,1.97,0.75
保龄宝,sz002286,10.0,10.1,10.12,6448400.0,9.99,48500,10.0,84300,-0.99,10.21,9.98,6448400,65110000.0,1.74,2.28,36.96,38.06,11.11,9.09,0.88
华控赛格,sz000068,3.33,3.3,3.31,10196500.0,3.33,40000,3.34,283700,0.91,3.37,3.31,10196500,34130000.0,1.01,1.82,33.52,33.52,3.63,2.97,0.81
仲景食品,sz300908,27.95,27.78,27.88,950400.0,27.95,100,27.96,3400,0.61,28.2,27.79,950400,26630000.0,0.77,1.48,34.49,40.81,33.34,22.22,0.88
视声智能,bj920976,31.95,31.55,31.69,1726500.0,31.95,1200,31.98,1700,1.27,32.2,31.52,1726500,55048400.0,3.91,2.16,14.1,22.67,41.01,22.09,1.65
康恩贝,sh600572,4.42,4.41,4.42,30291100.0,4.41,860700,4.42,112400,0.23,4.45,4.38,30291100,133840000.0,1.2,1.59,111.83,112.13,4.85,3.97,0.69
中简科技,sz300777,37.11,37.05,37.33,8990700.0,37.11,7700,37.12,23300,0.16,37.81,37.0,8990700,336460000.0,2.12,2.19,157.2,163.18,44.46,29.64,1.14
顺鑫农业,sz000860,12.85,12.79,12.83,3676000.0,12.85,57500,12.86,3000,0.47,12.93,12.82,3676000,47370000.0,0.5,0.86,95.32,95.32,14.07,11.51,0.79
华电科工,sh601226,9.17,9.13,9.21,15751700.0,9.16,60700,9.17,100,0.44,9.28,9.13,15751700,145060000.0,1.36,1.64,106.58,106.58,10.04,8.22,0.71
广聚能源,sz000096,9.93,9.91,9.91,6580500.0,9.92,110800,9.93,46800,0.2,10.0,9.84,6580500,65330000.0,1.29,1.61,50.73,52.43,10.9,8.92,0.64
长春燃气,sh600333,5.25,5.2,5.22,7379300.0,5.24,160200,5.25,35000,0.96,5.29,5.19,7379300,38780000.0,1.21,1.92,31.97,31.97,5.72,4.68,0.54
富佳股份,sh603219,16.8,16.53,16.54,5384600.0,16.8,2800,16.81,31500,1.63,17.08,16.54,5384600,90760000.0,0.96,3.27,94.32,94.32,18.18,14.88,1.22
中颖电子,sz300327,25.03,24.71,25.02,8210700.0,25.02,1400,25.03,7800,1.3,25.35,24.95,8210700,206440000.0,2.42,1.62,84.82,85.44,29.65,19.77,0.77
南方精工,sz002553,25.17,25.32,25.38,10339100.0,25.17,21800,25.18,50800,-0.59,25.75,25.1,10339100,262510000.0,4.12,2.57,63.13,88.95,27.85,22.79,0.68
*ST南置,sz002305,2.19,2.18,2.18,10622000.0,2.18,945600,2.19,586100,0.46,2.21,2.18,10622000,23270000.0,0.61,1.38,37.98,37.98,2.29,2.07,0.78
渤海股份,sz000605,6.83,6.7,6.74,5656900.0,6.83,100,6.84,3200,1.94,6.9,6.74,5656900,38670000.0,1.6,2.39,24.09,24.09,7.37,6.03,0.82
迈为股份,sz300751,219.58,213.0,210.91,11737800.0,219.57,600,219.58,200,3.09,221.77,209.0,11737800,2545780000.0,6.07,6.0,424.56,613.52,255.6,170.4,1.06
亚信安全,sh688225,16.67,16.7,16.82,300307400.0,16.67,6300,16.71,5200,-0.18,17.07,16.67,300307400,50580000.0,0.75,2.4,66.68,66.68,20.04,13.36,1.1
统一股份,sh600506,22.19,21.91,21.91,8327500.0,22.19,25900,22.2,21700,1.28,22.5,21.91,8327500,185190000.0,4.34,2.69,42.61,42.61,24.1,19.72,1.24
恒林股份,sh603661,31.36,30.68,30.72,875900.0,31.34,600,31.36,2800,2.22,31.69,30.72,875900,27440000.0,0.63,3.16,43.61,43.61,33.75,27.61,0.65
中文在线,sz300364,27.78,28.1,28.35,55994500.0,27.78,85700,27.79,33500,-1.14,28.49,27.72,55994500,1570700000.0,8.48,2.74,183.46,202.38,33.72,22.48,0.8
九华旅游,sh603199,37.79,37.57,37.55,2462100.0,37.79,5400,37.8,6500,0.59,38.12,37.55,2462100,93000000.0,2.22,1.52,41.83,41.83,41.33,33.81,0.89
立华股份,sz300761,20.67,20.83,20.77,5277200.0,20.67,14400,20.68,1800,-0.77,20.96,20.5,5277200,109370000.0,0.84,2.21,129.81,173.06,25.0,16.66,0.57
东瑞股份,sz001201,12.7,12.75,12.85,5637600.0,12.7,14800,12.71,11000,-0.39,12.9,12.63,5637600,71760000.0,2.78,2.12,25.8,32.74,14.03,11.48,0.69
金达莱,sh688057,12.39,12.15,12.18,140305500.0,12.36,3400,12.39,67400,1.98,12.48,12.18,140305500,17380000.0,0.51,2.47,34.2,34.2,14.58,9.72,0.92
三联锻造,sz001282,21.95,21.2,21.11,11780200.0,21.94,42800,21.95,13500,3.54,22.71,20.85,11780200,256560000.0,15.07,8.77,17.16,48.77,23.32,19.08,2.8
致远新能,sz300985,21.46,21.14,21.59,2267600.0,21.45,3400,21.46,8100,1.51,21.74,21.31,2267600,48850000.0,1.22,2.03,40.03,40.03,25.37,16.91,0.95
城建发展,sh600266,5.05,5.15,5.12,45242400.0,5.05,429100,5.06,37700,-1.94,5.17,5.05,45242400,231300000.0,2.18,2.33,104.83,104.83,5.67,4.64,1.33
片仔癀,sh600436,150.7,150.89,150.95,2041200.0,150.7,3500,150.71,500,-0.13,151.79,150.1,2041200,307790000.0,0.34,1.12,909.2,909.2,165.98,135.8,1.51
杭州高新,sz300478,25.5,24.38,24.53,4752600.0,25.48,3600,25.5,1600,4.59,25.9,24.52,4752600,121390000.0,3.75,5.66,32.3,32.3,29.26,19.5,2.03
际华集团,sh601718,3.0,3.0,3.01,26625000.0,2.99,709700,3.0,175300,0.0,3.04,3.0,26625000,80330000.0,0.61,1.33,130.83,130.83,3.3,2.7,0.82
鑫源智造,sh600615,11.66,11.54,11.54,2694100.0,11.66,6100,11.67,4300,1.04,11.87,11.51,2694100,31550000.0,1.2,3.12,26.27,26.31,12.69,10.39,0.84
欧克科技,sz001223,53.33,53.6,54.0,1583400.0,53.23,500,53.33,1100,-0.5,54.35,52.0,1583400,84160000.0,1.7,4.38,49.78,49.78,58.96,48.24,0.72
露笑科技,sz002617,7.65,7.31,7.39,119294700.0,7.65,638000,7.66,747700,4.65,7.91,7.35,119294700,907310000.0,6.35,7.66,143.64,146.05,8.04,6.58,2.15
中洲控股,sz000042,8.68,8.55,8.58,3335200.0,8.68,17600,8.69,10000,1.52,8.75,8.55,3335200,28970000.0,0.5,2.34,57.65,57.71,9.41,7.7,0.84
同力股份,bj920599,18.5,18.34,18.45,3522900.0,18.5,12300,18.54,11500,0.87,18.66,18.29,3522900,65199600.0,1.0,2.02,64.86,85.57,23.84,12.84,1.05
美利信,sz301307,40.31,42.53,42.23,15659500.0,40.3,121300,40.31,600,-5.22,42.33,39.78,15659500,639360000.0,14.37,6.0,43.93,84.89,51.04,34.02,1.77
*ST兰黄,sz000929,9.46,9.02,9.11,6356000.0,9.46,29500,9.47,15300,4.88,9.47,9.1,6356000,59650000.0,3.42,4.1,17.57,17.57,9.47,8.57,1.98
兆丰股份,sz300695,72.0,68.54,68.97,2006300.0,71.99,800,72.0,8700,5.05,73.73,68.97,2006300,144430000.0,1.96,6.94,73.62,73.62,82.25,54.83,3.19
广联达,sz002410,11.35,11.21,11.33,25172200.0,11.34,194600,11.35,41900,1.25,11.48,11.29,25172200,286580000.0,1.6,1.69,178.21,187.5,12.33,10.09,0.88
欣天科技,sz300615,13.7,14.04,14.09,7081300.0,13.69,2100,13.7,21800,-2.42,14.15,13.67,7081300,98290000.0,4.68,3.42,20.73,26.47,16.85,11.23,1.02
星宇股份,sh601799,129.2,125.66,125.8,3491500.0,129.18,600,129.2,5300,2.82,130.88,125.8,3491500,451350000.0,1.22,4.04,369.1,369.1,138.23,113.09,1.37
苏交科,sz300284,6.59,6.53,6.59,8315800.0,6.59,47900,6.6,14600,0.92,6.68,6.58,8315800,55070000.0,0.69,1.53,78.91,83.22,7.84,5.22,0.6
国民技术,sz300077,21.84,22.34,22.08,59653400.0,21.84,92500,21.85,51000,-2.24,22.65,21.81,59653400,1317340000.0,10.53,3.76,123.69,148.1,26.81,17.87,1.29
航锦科技,sz000818,14.74,15.36,15.02,75651000.0,14.74,522000,14.75,112000,-4.04,15.29,14.6,75651000,1124730000.0,11.49,4.49,97.02,97.28,16.9,13.82,2.02
长城汽车,sh601633,21.27,20.7,20.76,22983200.0,21.26,18200,21.27,48900,2.75,21.35,20.71,22983200,485460000.0,0.37,3.09,1320.71,1820.26,22.77,18.63,1.78
中国天楹,sz000035,6.62,6.67,6.79,53932100.0,6.62,45900,6.63,73500,-0.75,6.81,6.6,53932100,359910000.0,2.33,3.15,153.12,158.09,7.34,6.0,1.04
税友股份,sh603171,50.89,50.77,51.2,4450200.0,50.89,12900,50.9,1100,0.24,51.97,50.48,4450200,227900000.0,1.1,2.93,206.56,206.79,55.85,45.69,1.36
博通集成,sh603068,32.33,31.85,32.22,2382900.0,32.32,200,32.33,5800,1.51,33.0,32.22,2382900,77770000.0,1.57,2.45,49.07,49.07,35.04,28.67,1.24
口子窖,sh603589,24.82,24.54,24.63,2785700.0,24.82,67900,24.83,200,1.14,24.94,24.57,2785700,69100000.0,0.47,1.51,148.45,148.45,26.99,22.09,0.83
太阳电缆,sz002300,9.44,9.47,9.58,20633700.0,9.44,186900,9.45,21800,-0.32,9.59,9.42,20633700,195950000.0,2.86,1.8,68.18,68.19,10.42,8.52,0.56
新里程,sz002219,2.39,2.42,2.43,99501100.0,2.39,3554100,2.4,1095200,-1.24,2.44,2.37,99501100,238970000.0,3.04,2.89,78.2,80.96,2.66,2.18,0.91
金 螳 螂,sz002081,3.35,3.33,3.36,15786700.0,3.35,160200,3.36,322300,0.6,3.4,3.35,15786700,53160000.0,0.6,1.5,88.59,88.95,3.66,3.0,0.93
东软集团,sh600718,9.09,8.97,9.03,11547700.0,9.09,24400,9.1,22400,1.34,9.15,9.03,11547700,105150000.0,0.97,1.34,108.76,108.76,9.87,8.07,0.84
奥瑞德,sh600666,6.3,6.56,6.56,579542300.0,6.3,1883700,6.31,191400,-3.96,6.83,6.3,579542300,3751500000.0,23.95,8.08,152.44,173.34,7.22,5.9,1.03
移远通信,sh603236,77.22,75.87,76.54,6244100.0,77.21,6500,77.22,25600,1.78,78.44,76.52,6244100,485210000.0,2.39,2.53,202.05,222.26,83.46,68.28,1.2
金徽酒,sh603919,17.64,17.52,17.58,4033000.0,17.63,22000,17.64,5900,0.68,17.8,17.51,4033000,71250000.0,0.8,1.66,89.48,89.48,19.27,15.77,0.69
天和磁材,sh603072,36.89,36.47,37.37,3609200.0,36.88,2100,36.89,9900,1.15,37.77,36.84,3609200,134490000.0,2.86,2.55,46.57,97.49,40.12,32.82,1.77
小商品城,sh600415,13.1,12.99,13.0,136596300.0,13.1,71400,13.11,420600,0.85,13.32,12.8,136596300,1775800000.0,2.49,4.0,718.35,718.35,14.29,11.69,2.35
三房巷,sh600370,2.48,2.51,2.5,87567600.0,2.47,1453800,2.48,310100,-1.2,2.52,2.46,87567600,217480000.0,2.18,2.39,99.65,99.65,2.76,2.26,0.77
奋达科技,sz002681,5.31,5.31,5.35,24173500.0,5.31,39200,5.32,526900,0.0,5.4,5.31,24173500,129370000.0,1.54,1.69,83.33,95.3,5.84,4.78,0.92
拓新药业,sz301089,28.18,28.08,28.12,2143700.0,28.18,3200,28.19,6100,0.36,28.79,28.04,2143700,60780000.0,2.37,2.67,25.49,35.66,33.7,22.46,0.72
金财互联,sz002530,8.78,8.6,8.74,18002700.0,8.77,40600,8.78,51300,2.09,8.86,8.66,18002700,158200000.0,2.59,2.33,61.03,68.41,9.46,7.74,1.11
胜利精密,sz002426,3.56,3.53,3.56,108087600.0,3.56,995900,3.57,369100,0.85,3.62,3.54,108087600,387100000.0,3.18,2.27,121.13,121.13,3.88,3.18,1.01
中成股份,sz000151,11.91,11.8,11.81,6416800.0,11.9,20500,11.91,4500,0.93,11.99,11.72,6416800,76340000.0,2.08,2.29,36.68,41.79,12.98,10.62,1.01
舍得酒业,sh600702,45.07,44.54,44.82,3452700.0,45.06,13300,45.07,8100,1.19,45.34,44.7,3452700,155780000.0,1.04,1.44,149.91,149.97,48.99,40.09,0.89
东方创业,sh600278,7.3,7.12,7.16,11442000.0,7.3,2800,7.31,24700,2.53,7.52,7.16,11442000,84150000.0,1.31,5.06,63.65,63.65,7.83,6.41,1.59
金种子酒,sh600199,8.05,7.98,7.97,5486900.0,8.04,118600,8.05,92400,0.88,8.08,7.97,5486900,44110000.0,0.83,1.38,52.95,52.95,8.78,7.18,0.79
五矿发展,sh600058,11.17,11.03,11.12,8361200.0,11.16,200,11.17,68800,1.27,11.31,11.12,8361200,93560000.0,0.78,1.72,119.73,119.73,12.13,9.93,1.08
力源信息,sz300184,11.37,11.56,11.67,70016200.0,11.37,189300,11.38,501300,-1.64,11.79,11.36,70016200,808670000.0,6.69,3.72,118.95,130.87,13.87,9.25,0.82
盛科通信-U,sh688702,213.0,220.46,222.34,672128300.0,213.0,4400,213.02,200,-3.38,225.58,211.0,672128300,1449010000.0,3.31,6.61,432.37,873.3,264.55,176.37,0.86
捷捷微电,sz300623,28.31,28.32,28.78,12689000.0,28.3,43300,28.31,37200,-0.04,28.95,28.31,12689000,363290000.0,1.65,2.26,217.25,235.56,33.98,22.66,1.2
北投科技,sh600936,4.13,4.03,4.07,28633900.0,4.13,126600,4.14,308900,2.48,4.2,4.06,28633900,118620000.0,1.71,3.47,69.01,69.01,4.43,3.63,1.21
江西长运,sh600561,6.39,6.31,6.35,4607600.0,6.38,1500,6.39,57000,1.27,6.46,6.27,4607600,29420000.0,1.62,3.01,18.18,18.18,6.94,5.68,0.64
五方光电,sz002962,16.91,15.37,16.29,35830200.0,16.91,4823800,0.0,0,10.02,16.91,16.01,35830200,592200000.0,17.13,5.86,35.37,49.32,16.91,13.83,5.7
保利联合,sz002037,8.6,8.63,8.68,9330400.0,8.6,85100,8.61,2900,-0.35,8.77,8.52,9330400,80730000.0,1.93,2.9,41.61,41.61,9.49,7.77,0.55
拓普集团,sh601689,60.4,58.33,59.09,35139000.0,60.4,23100,60.41,61300,3.55,61.49,58.8,35139000,2126000000.0,2.02,4.61,1049.65,1049.65,64.16,52.5,1.43
金卡智能,sz300349,14.19,14.04,14.12,6001400.0,14.19,11400,14.2,57200,1.07,14.43,14.12,6001400,85670000.0,1.63,2.21,52.4,59.2,16.85,11.23,1.01
恒基达鑫,sz002492,7.96,7.52,7.64,17555700.0,7.95,13900,7.96,78300,5.85,8.08,7.55,17555700,139110000.0,4.41,7.05,31.67,32.24,8.27,6.77,2.71
春风动力,sh603129,252.0,247.85,247.89,1156000.0,252.0,600,252.04,300,1.67,255.68,247.89,1156000,291980000.0,0.75,3.14,386.78,386.78,272.64,223.07,0.94
众捷汽车,sz301560,43.1,42.41,42.8,2819900.0,43.1,14800,43.14,2500,1.63,43.88,42.48,2819900,121620000.0,11.59,3.3,10.48,52.41,50.89,33.93,0.85
凯淳股份,sz301001,28.47,28.2,28.33,1159700.0,28.42,1000,28.47,600,0.96,28.97,28.3,1159700,33220000.0,2.31,2.38,14.32,22.78,33.84,22.56,0.72
宏海科技,bj920108,11.1,10.87,10.88,602500.0,11.1,3000,11.11,0,2.12,11.2,10.88,602500,6669800.0,0.83,2.94,8.1,19.11,14.13,7.61,0.68
安邦护卫,sh603373,41.3,41.4,41.4,1551900.0,41.3,4000,41.32,500,-0.24,42.64,41.26,1551900,65070000.0,3.42,3.33,18.76,44.41,45.54,37.26,0.92
速达股份,sz001277,35.36,35.12,35.43,619400.0,35.36,300,35.4,2100,0.68,35.78,35.2,619400,21990000.0,1.36,1.65,16.11,26.87,38.63,31.61,0.89
新日股份,sh603787,12.68,12.62,12.61,9475900.0,12.67,61800,12.68,16800,0.48,12.78,12.6,9475900,120130000.0,4.12,1.43,29.18,29.18,13.88,11.36,0.5
济民健康,sh603222,10.21,10.48,10.3,56939300.0,10.21,7600,10.22,27000,-2.58,10.58,9.88,56939300,582700000.0,10.84,6.68,53.61,53.61,11.53,9.43,0.73
鹏鹞环保,sz300664,6.23,6.03,6.1,59229600.0,6.23,24200,6.24,238800,3.32,6.47,6.03,59229600,369900000.0,7.87,7.3,46.86,47.11,7.24,4.82,1.68
郴电国际,sh600969,9.4,9.36,9.39,6535700.0,9.39,24700,9.4,61300,0.43,9.6,9.35,6535700,61710000.0,1.77,2.67,34.78,34.78,10.3,8.42,0.77
天桥起重,sz002523,4.04,4.03,4.07,16583100.0,4.04,325000,4.05,75400,0.25,4.11,4.04,16583100,67560000.0,1.17,1.74,57.03,57.23,4.43,3.63,1.05
机器人,sz300024,14.92,14.66,14.81,18917500.0,14.92,19600,14.93,69400,1.77,15.16,14.81,18917500,283890000.0,1.23,2.39,229.76,233.59,17.59,11.73,1.2
奕帆传动,sz301023,40.0,39.69,39.99,1317500.0,39.98,1700,40.0,3700,0.78,40.62,39.87,1317500,53020000.0,3.03,1.89,17.41,31.27,47.63,31.75,0.97
必得科技,sh605298,49.83,50.66,49.72,1945300.0,49.82,20600,49.83,1300,-1.64,51.84,49.72,1945300,98420000.0,1.04,4.18,92.81,93.61,55.73,45.59,1.13
川仪股份,sh603100,19.95,19.8,19.96,4841100.0,19.94,1000,19.95,7400,0.76,20.21,19.88,4841100,96860000.0,0.95,1.67,102.05,102.38,21.78,17.82,1.01
石化油服,sh600871,2.82,2.83,2.8,146925000.0,2.82,1623400,2.83,3671900,-0.35,2.85,2.78,146925000,413930000.0,1.08,2.47,382.03,534.59,3.11,2.55,0.65
江南高纤,sh600527,2.55,2.61,2.63,118397900.0,2.55,234100,2.56,531300,-2.3,2.65,2.55,118397900,305160000.0,6.84,3.83,44.16,44.16,2.87,2.35,0.84
必创科技,sz300667,16.73,16.79,16.85,5405200.0,16.72,7500,16.73,200,-0.36,17.11,16.7,5405200,91190000.0,3.13,2.44,28.88,34.24,20.15,13.43,0.4
慧智微-U,sh688512,12.29,12.26,12.21,858563300.0,12.29,57200,12.3,83100,0.24,12.55,12.21,858563300,106350000.0,2.65,2.77,39.89,57.38,14.71,9.81,0.82
直真科技,sz003007,43.87,45.09,45.1,7546000.0,43.87,3800,43.88,900,-2.71,45.4,43.6,7546000,333920000.0,10.5,3.99,31.54,44.67,49.6,40.58,0.82
广州酒家,sh603043,15.45,15.29,15.33,2979000.0,15.45,900,15.46,3600,1.05,15.68,15.33,2979000,46190000.0,0.53,2.29,87.13,87.88,16.82,13.76,0.86
可靠股份,sz301009,11.7,11.57,11.62,1972700.0,11.7,9200,11.71,3400,1.12,11.82,11.62,1972700,23170000.0,1.31,1.73,17.67,31.81,13.88,9.26,0.89
泰胜风能,sz300129,12.32,12.41,12.47,27542600.0,12.31,28700,12.32,29400,-0.73,12.69,12.3,27542600,344100000.0,3.83,3.14,88.55,136.61,14.89,9.93,0.88
惠泉啤酒,sh600573,12.73,12.7,12.74,9714500.0,12.72,40900,12.73,9500,0.24,12.88,12.55,9714500,123850000.0,3.89,2.6,31.82,31.82,13.97,11.43,1.02
上实发展,sh600748,5.16,5.01,5.02,19804700.0,5.15,160900,5.16,276400,2.99,5.23,5.0,19804700,101760000.0,1.07,4.59,95.18,95.18,5.51,4.51,1.08
中创股份,sh688695,24.27,24.16,24.39,107253000.0,24.27,1800,24.28,3900,0.46,24.64,24.22,107253000,26110000.0,2.01,1.74,12.96,20.64,28.99,19.33,1.38
应流股份,sh603308,71.41,68.7,70.07,21932300.0,71.4,59600,71.41,40700,3.94,73.8,69.06,21932300,1573790000.0,3.23,6.9,484.9,484.9,75.57,61.83,1.18
雅创电子,sz301099,53.01,52.2,52.03,10313600.0,53.0,4200,53.01,200,1.55,54.18,52.03,10313600,551690000.0,11.49,4.12,47.59,77.75,62.64,41.76,1.09
白云机场,sh600004,8.93,8.91,8.94,6417700.0,8.93,228300,8.94,2600,0.22,9.0,8.92,6417700,57520000.0,0.27,0.9,211.35,230.15,9.8,8.02,0.74
光明地产,sh600708,3.36,3.33,3.32,19995600.0,3.35,73000,3.36,164800,0.9,3.38,3.32,19995600,66970000.0,0.9,1.8,74.77,74.88,3.66,3.0,0.97
富恒新材,bj920469,9.02,9.02,9.04,1354800.0,9.01,103500,9.02,100,0.0,9.19,9.0,1354800,12293900.000000002,1.31,2.11,9.33,12.71,11.72,6.32,0.84
显盈科技,sz301067,33.03,32.33,32.53,1826200.0,33.03,1500,33.04,500,2.17,33.82,32.38,1826200,60800000.0,2.86,4.45,21.08,32.12,38.8,25.86,1.31
西山科技,sh688576,69.08,68.15,68.17,41588900.0,68.97,100,69.08,500,1.36,69.9,68.17,41588900,28780000.0,1.91,2.54,15.05,31.43,81.78,54.52,0.96
爱慕股份,sh603511,14.4,14.16,14.28,2295900.0,14.4,8200,14.41,6100,1.69,14.59,14.1,2295900,33090000.0,0.57,3.46,57.87,58.18,15.58,12.74,1.8
赛摩智能,sz300466,8.74,8.61,8.66,4683600.0,8.74,5400,8.75,37300,1.51,8.77,8.65,4683600,40820000.0,1.04,1.39,39.23,46.81,10.33,6.89,0.97
大智慧,sh601519,10.83,10.54,10.67,44047400.0,10.83,98400,10.84,76700,2.75,11.16,10.65,44047400,482290000.0,2.21,4.84,215.43,215.43,11.59,9.49,1.93
中源协和,sh600645,28.81,28.5,28.5,13276700.0,28.8,23200,28.81,2200,1.09,29.59,28.47,13276700,386330000.0,2.84,3.93,134.76,134.82,31.35,25.65,0.63
航发动力,sh600893,51.46,49.54,50.03,46802100.0,51.46,8600,51.47,18600,3.88,52.08,50.02,46802100,2407350000.0,1.76,4.16,1371.47,1371.71,54.49,44.59,1.04
中瓷电子,sz003031,95.98,96.47,96.0,16276400.0,95.98,6800,95.99,5200,-0.51,99.85,95.29,16276400,1574670000.0,4.78,4.73,326.48,432.92,106.12,86.82,0.8
迈信林,sh688685,39.95,40.31,41.19,314617600.0,39.93,8900,39.95,600,-0.89,41.72,39.92,314617600,128590000.0,2.14,4.47,58.67,58.67,48.37,32.25,0.88
凌钢股份,sh600231,2.06,2.07,2.06,27165400.0,2.06,1481700,2.07,84600,-0.48,2.11,2.06,27165400,56600000.0,0.96,2.42,58.38,59.12,2.28,1.86,1.3
中国重汽,sz000951,25.29,24.67,24.71,21492700.0,25.28,1600,25.29,105700,2.51,25.42,24.5,21492700,538230000.0,1.83,3.73,297.12,297.12,27.14,22.2,1.01
朗科智能,sz300543,9.81,9.65,9.75,4146100.0,9.8,33200,9.81,5900,1.66,9.88,9.71,4146100,40740000.0,1.66,1.76,24.54,30.06,11.58,7.72,0.6
凯德石英,bj920179,45.0,44.82,46.0,2344900.0,45.0,5100,45.01,1000,0.4,46.76,45.0,2344900,107066100.0,3.93,3.93,26.87,33.74,58.26,31.38,0.85
广咨国际,bj920892,14.63,14.48,14.48,702700.0,14.63,19200,14.66,8100,1.04,14.8,14.48,702700,10320500.0,0.47,2.21,22.07,24.92,18.82,10.14,0.97
海得控制,sz002184,11.52,11.44,11.52,4523500.0,11.51,30300,11.52,4400,0.7,11.63,11.47,4523500,52290000.0,1.88,1.4,27.69,40.54,12.58,10.3,1.28
珠海港,sz000507,5.35,5.37,5.4,13743000.0,5.35,100400,5.36,222800,-0.37,5.43,5.34,13743000,73970000.0,1.52,1.68,48.28,49.21,5.91,4.83,0.59
大参林,sh603233,17.76,17.42,17.41,3504200.0,17.75,200,17.76,700,1.95,17.87,17.41,3504200,62000000.0,0.31,2.64,202.26,202.26,19.16,15.68,0.85
光正眼科,sz002524,4.19,4.2,4.21,15803500.0,4.19,141400,4.2,103300,-0.24,4.26,4.16,15803500,66580000.0,3.09,2.38,21.4,21.59,4.62,3.78,1.03
长青科技,sz001324,19.44,19.43,19.67,1544300.0,19.42,300,19.44,6100,0.05,19.69,19.33,1544300,30100000.0,1.89,1.85,15.87,26.83,21.37,17.49,0.55
起帆电缆,sh605222,24.65,23.4,23.18,24478500.0,24.65,29300,24.66,22800,5.34,24.85,23.05,24478500,588560000.0,5.93,7.69,101.78,101.78,25.74,21.06,2.15
喜悦智行,sz301198,14.03,13.92,13.97,2556000.0,14.03,7300,14.04,9600,0.79,14.3,13.95,2556000,36090000.0,1.64,2.51,21.82,23.71,16.7,11.14,0.82
*ST四通,sh603838,9.02,8.98,9.09,1455400.0,9.0,108000,9.02,4200,0.45,9.14,8.98,1455400,13190000.0,0.45,1.78,28.87,28.87,9.43,8.53,0.64
超图软件,sz300036,15.5,15.33,15.5,9314700.0,15.5,90400,15.51,3500,1.11,15.8,15.5,9314700,145700000.0,2.12,1.96,67.96,76.38,18.4,12.26,1.14
香溢融通,sh600830,8.75,8.62,8.63,5227600.0,8.75,18100,8.76,6100,1.51,8.82,8.62,5227600,45810000.0,1.15,2.32,39.75,39.75,9.48,7.76,1.26
地纬智能,sh688579,10.39,10.28,10.4,367657900.0,10.38,5300,10.39,6300,1.07,10.54,10.37,367657900,38430000.0,0.92,1.65,41.56,41.56,12.34,8.22,0.9
数码视讯,sz300079,5.36,5.31,5.37,21939300.0,5.36,31200,5.37,402600,0.94,5.42,5.35,21939300,118110000.0,1.71,1.32,68.69,76.44,6.37,4.25,0.84
超卓航科,sh688237,53.07,52.79,53.3,68581100.0,53.06,500,53.07,16800,0.53,53.45,52.53,68581100,36380000.0,0.76,1.74,47.59,47.59,63.35,42.23,0.64
ST帕瓦,sh688184,10.4,10.18,10.2,107137300.0,10.39,2700,10.4,15200,2.16,10.43,10.11,107137300,10980000.0,1.07,3.14,10.45,16.54,12.22,8.14,2.29
*ST传智,sz003032,6.28,6.23,6.24,2656400.0,6.27,10300,6.28,38500,0.8,6.32,6.23,2656400,16700000.0,0.96,1.44,17.35,25.27,6.54,5.92,0.82
泉峰汽车,sh603982,7.82,7.66,7.69,5825600.0,7.82,11500,7.83,36100,2.09,7.94,7.69,5825600,45710000.0,1.72,3.26,26.55,28.55,8.43,6.89,0.9
高新发展,sz000628,56.47,55.5,55.44,12389900.0,56.45,1500,56.47,3000,1.75,57.5,55.01,12389900,701580000.0,6.45,4.49,108.56,198.93,61.05,49.95,1.4
金冠股份,sz300510,4.17,4.14,4.18,16540000.0,4.16,246500,4.17,62400,0.72,4.25,4.16,16540000,69600000.0,2.01,2.17,34.39,34.39,4.97,3.31,0.75
铁流股份,sh603926,18.43,18.14,18.2,3998400.0,18.41,3200,18.43,500,1.6,18.64,18.11,3998400,73640000.0,1.73,2.92,42.54,43.26,19.95,16.33,1.03
佳禾智能,sz300793,14.34,14.18,14.31,4751000.0,14.34,35000,14.35,25500,1.13,14.47,14.27,4751000,68300000.0,1.28,1.41,53.36,54.57,17.02,11.34,1.05
雪榕生物,sz300511,7.12,7.15,7.15,24216800.0,7.11,142500,7.12,42700,-0.42,7.23,6.97,24216800,171910000.0,4.32,3.64,39.88,45.63,8.58,5.72,1.32
敷尔佳,sz301371,22.85,22.55,22.72,950700.0,22.85,100,22.86,5100,1.33,22.97,22.56,950700,21710000.0,1.22,1.82,17.77,118.84,27.06,18.04,0.99
新城市,sz300778,12.31,12.35,12.48,3463500.0,12.31,28500,12.32,2200,-0.32,12.57,12.28,3463500,42970000.0,1.7,2.35,25.07,25.07,14.82,9.88,0.9
*ST天山,sz300313,8.09,8.16,8.13,3922500.0,8.08,43900,8.09,4700,-0.86,8.24,8.0,3922500,31820000.0,1.99,2.94,15.97,19.4,9.79,6.53,0.85
通达股份,sz002560,13.57,13.27,13.4,163124200.0,13.57,225900,13.58,437300,2.26,14.06,13.33,163124200,2229840000.0,36.01,5.5,61.46,71.34,14.6,11.94,0.86
华软科技,sz002453,5.06,5.05,5.08,7170700.0,5.05,341900,5.06,52500,0.2,5.15,5.05,7170700,36500000.0,1.17,1.98,31.01,41.11,5.56,4.55,0.63
凯发电气,sz300407,12.78,12.66,12.73,5078000.0,12.77,23900,12.78,1500,0.95,13.1,12.73,5078000,65650000.0,1.97,2.92,32.96,40.9,15.19,10.13,0.75
博源化工,sz000683,8.79,8.86,8.96,25836100.0,8.78,72300,8.79,40200,-0.79,8.99,8.77,25836100,228580000.0,0.77,2.48,294.38,326.71,9.75,7.97,0.64
苏轴股份,bj920418,24.27,24.03,24.22,1734100.0,24.26,9500,24.27,1000,1.0,24.68,24.02,1734100,42346000.0,1.11,2.75,37.79,39.44,31.23,16.83,1.02
天康生物,sz002100,7.65,7.72,7.73,29573300.0,7.65,106100,7.66,72700,-0.91,7.79,7.57,29573300,226080000.0,2.17,2.85,104.44,104.44,8.49,6.95,0.76
精进电动-UW,sh688280,10.2,10.13,10.13,1485971500.0,10.2,117500,10.21,8400,0.69,10.46,10.13,1485971500,152890000.0,2.85,3.26,53.1,60.2,12.16,8.1,0.96
电投水电,sh600292,14.55,14.6,14.75,15961100.0,14.54,40300,14.55,39100,-0.34,14.75,14.26,15961100,230890000.0,2.04,3.36,113.61,637.32,16.06,13.14,0.81
金麒麟,sh603586,17.88,17.74,17.83,1434600.0,17.86,2600,17.88,11800,0.79,18.07,17.75,1434600,25730000.0,0.73,1.8,35.05,35.05,19.51,15.97,0.71
东鹏饮料,sh605499,200.12,201.61,201.64,3636900.0,200.12,200,200.13,300,-0.74,203.3,199.01,3636900,729990000.0,0.7,2.13,1040.65,1130.22,221.77,181.45,0.99
北路智控,sz301195,31.44,31.02,31.31,679600.0,31.44,4200,31.48,500,1.35,31.7,31.31,679600,21440000.0,0.77,1.26,27.58,41.52,37.22,24.82,0.89
海正生材,sh688203,12.26,12.26,12.34,149601000.0,12.26,9300,12.29,14900,0.0,12.44,12.21,149601000,18410000.0,0.74,1.88,24.85,24.85,14.71,9.81,0.76
合力泰,sz002217,2.54,2.57,2.52,360283200.0,2.54,4141800,2.55,3182100,-1.17,2.59,2.47,360283200,914200000.0,4.95,4.67,184.89,189.98,2.83,2.31,1.23
国瑞科技,sz300600,12.6,12.46,12.59,3700500.0,12.59,20600,12.6,8600,1.12,12.77,12.54,3700500,46900000.0,1.26,1.85,37.07,37.07,14.95,9.97,0.95
立方控股,bj920130,19.89,19.55,20.18,1514000.0,19.89,5700,19.93,4000,1.74,20.27,19.68,1514000,30365600.0,2.68,3.02,11.26,18.35,25.41,13.69,1.3
灿能电力,bj920299,23.72,23.67,23.8,1877200.0,23.7,11100,23.72,12500,0.21,24.11,23.6,1877200,44755600.00000001,4.13,2.15,10.77,21.37,30.77,16.57,0.72
丰光精密,bj920510,14.68,14.35,14.35,1367600.0,14.68,5800,14.73,31600,2.3,14.85,14.35,1367600,20105300.0,1.46,3.48,13.78,27.04,18.65,10.05,1.07
如通股份,sh603036,19.15,19.65,19.45,5103300.0,19.14,300,19.15,19000,-2.54,19.65,19.05,5103300,98340000.0,2.48,3.05,39.45,39.45,21.62,17.69,1.42
百诚医药,sz301096,54.83,53.19,53.0,3250700.0,54.82,9500,54.83,7300,3.08,55.19,53.0,3250700,177610000.0,3.93,4.12,45.39,59.89,63.83,42.55,1.18
博云新材,sz002297,10.98,11.12,11.27,26739100.0,10.98,195900,10.99,23600,-1.26,11.4,10.97,26739100,298000000.0,4.67,3.87,62.93,62.93,12.23,10.01,1.89
*ST花王,sh603007,6.49,6.45,6.5,11728900.0,6.49,100,6.5,66700,0.62,6.55,6.45,11728900,76200000.0,1.69,1.55,45.11,57.41,6.77,6.13,0.93
金城医药,sz300233,15.42,15.51,15.59,26993700.0,15.42,48100,15.43,3900,-0.58,15.98,15.37,26993700,421370000.0,7.3,3.93,57.03,59.19,18.61,12.41,1.59
彩虹集团,sz003023,25.08,25.02,25.02,3428900.0,25.08,5000,25.09,1600,0.24,25.46,24.58,3428900,85790000.0,3.26,3.52,26.36,26.42,27.52,22.52,0.73
新通联,sh603022,10.37,10.22,10.35,3166100.0,10.37,2300,10.42,3400,1.47,10.5,10.27,3166100,32980000.0,1.58,2.25,20.74,20.74,11.24,9.2,0.58
金桥信息,sh603918,13.62,13.48,13.55,5697100.0,13.61,59300,13.62,9900,1.04,13.78,13.55,5697100,77990000.0,1.56,1.71,49.73,49.73,14.83,12.13,0.89
南新制药,sh688189,7.71,7.61,7.69,769686900.0,7.71,4600,7.72,1400,1.31,7.89,7.6,769686900,59440000.0,2.8,3.81,21.16,21.16,9.13,6.09,0.69
中再资环,sh600217,3.84,3.78,3.79,11067500.0,3.84,150900,3.85,688500,1.59,3.86,3.79,11067500,42470000.0,0.67,1.85,63.65,63.65,4.16,3.4,0.95
安诺其,sz300067,4.21,4.21,0.0,0.0,0.0,0,0.0,0,0.0,0.0,0.0,0,0.0,0.0,0.0,39.47,48.6,5.05,3.37,0.0
ST惠伦,sz300460,8.69,8.66,8.74,2339900.0,8.69,67500,8.7,5700,0.35,8.85,8.67,2339900,20460000.0,0.83,2.08,24.4,24.4,10.39,6.93,0.84
富岭股份,sz001356,11.0,10.87,11.02,1993800.0,11.0,14700,11.01,23600,1.2,11.09,10.88,1993800,21970000.0,0.99,1.93,22.07,64.83,11.96,9.78,0.76
利亚德,sz300296,7.58,7.57,7.68,100600800.0,7.58,1107000,7.59,209300,0.13,7.75,7.58,100600800,770860000.0,4.42,2.25,172.38,205.57,9.08,6.06,0.93
华信永道,bj920592,32.17,30.93,31.66,3613300.0,32.16,1500,32.17,25600,4.01,33.85,31.27,3613300,118030700.0,7.19,8.34,16.18,25.99,40.2,21.66,1.75
赛力斯,sh601127,90.07,88.58,89.25,17291000.0,90.06,16600,90.07,12200,1.68,90.75,88.95,17291000,1559040000.0,1.11,2.03,1402.57,1569.01,97.44,79.72,0.93
华远控股,sh600743,2.65,2.41,2.59,163445300.0,2.65,31246700,0.0,0,9.96,2.65,2.52,163445300,430330000.0,6.97,5.39,62.17,62.17,2.65,2.17,2.0
ST金鸿,sz000669,4.99,5.18,5.2,31169500.0,4.98,664700,4.99,72300,-3.67,5.2,4.98,31169500,157340000.0,4.58,4.25,33.95,33.95,5.44,4.92,1.21
云煤能源,sh600792,4.05,4.08,4.07,22739600.0,4.05,71700,4.06,352000,-0.74,4.1,4.03,22739600,92300000.0,2.05,1.72,44.95,44.95,4.49,3.67,0.47
渤海租赁,sz000415,4.5,4.48,4.48,73670800.0,4.5,907300,4.51,316200,0.45,4.55,4.45,73670800,330940000.0,1.37,2.23,242.68,278.3,4.93,4.03,1.01
福达股份,sh603166,13.66,13.38,13.46,6582600.0,13.66,22200,13.67,18300,2.09,13.8,13.38,6582600,90040000.0,1.03,3.14,87.52,88.2,14.72,12.04,1.32
深圳瑞捷,sz300977,19.87,19.33,19.5,2429300.0,19.87,10300,19.88,5400,2.79,20.27,19.39,2429300,48450000.0,2.56,4.55,18.84,30.25,23.2,15.46,1.46
格林精密,sz300968,11.89,11.81,11.91,3608400.0,11.89,9200,11.9,10500,0.68,12.05,11.87,3608400,43110000.0,0.87,1.52,49.15,49.15,14.17,9.45,0.8
协创数据,sz300857,208.25,231.11,235.1,17797000.0,208.25,300,208.26,600,-9.89,235.11,203.02,17797000,3960070000.0,5.17,13.89,716.36,720.8,277.33,184.89,1.86
思源电气,sz002028,210.33,202.68,205.0,12594400.0,210.32,300,210.33,5000,3.77,212.88,204.99,12594400,2645480000.0,2.07,3.89,1281.9,1642.86,222.95,182.41,1.29
颖泰生物,bj920819,3.57,3.55,3.56,3788300.0,3.57,116900,3.58,240700,0.56,3.61,3.55,3788300,13548200.0,0.31,1.69,43.26,43.76,4.61,2.49,0.78
北京人力,sh600861,16.09,15.88,15.93,3130100.0,16.09,36400,16.1,9800,1.32,16.21,15.89,3130100,50390000.0,0.85,2.02,58.98,91.09,17.47,14.29,1.16
荣联科技,sz002642,7.86,7.87,7.9,10268100.0,7.85,52900,7.86,81400,-0.13,7.98,7.84,10268100,81160000.0,1.55,1.78,52.0,52.0,8.66,7.08,1.05
华新科技,sz301265,22.14,22.02,22.02,16968200.0,22.14,11700,22.16,3500,0.54,22.9,21.68,16968200,377170000.0,9.99,5.54,37.59,67.08,26.42,17.62,1.67
海泰发展,sh600082,3.51,3.46,3.5,13542000.0,3.51,240200,3.52,8100,1.45,3.55,3.45,13542000,47570000.0,2.13,2.89,22.27,22.68,3.81,3.11,0.62
风语筑,sh603466,9.56,9.35,9.51,26848500.0,9.55,40000,9.56,73100,2.25,9.74,9.39,26848500,257360000.0,4.51,3.74,56.86,56.86,10.29,8.42,1.79
宁波建工,sh601789,5.57,5.61,5.75,68095400.0,5.57,338300,5.58,173200,-0.71,5.75,5.56,68095400,382700000.0,6.27,3.39,60.53,84.91,6.17,5.05,0.66
易事特,sz300376,6.19,6.18,6.21,24376800.0,6.19,191900,6.2,58800,0.16,6.3,6.18,24376800,152320000.0,1.05,1.94,144.07,144.12,7.42,4.94,0.95
永安期货,sh600927,14.1,13.8,13.9,7694000.0,14.09,18800,14.1,7000,2.17,14.42,13.85,7694000,109180000.0,0.53,4.13,205.23,205.23,15.18,12.42,1.5
贝泰妮,sz300957,37.56,37.55,37.7,4072600.0,37.56,33600,37.58,1600,0.03,38.16,37.5,4072600,154110000.0,0.96,1.76,159.1,159.1,45.06,30.04,1.17
恒进感应,bj920870,14.1,14.03,14.05,900600.0,14.1,1600,14.12,33300,0.5,14.3,14.0,900600,12762200.0,1.36,2.14,9.31,18.89,18.23,9.83,0.84
云鼎科技,sz000409,10.61,10.68,10.69,6185700.0,10.61,8900,10.62,46900,-0.66,10.73,10.57,6185700,65830000.0,1.05,1.5,62.65,71.91,11.75,9.61,0.97
狄耐克,sz300884,13.48,13.32,13.39,3210500.0,13.47,7300,13.48,2900,1.2,13.6,13.39,3210500,43380000.0,1.68,1.58,25.8,34.22,15.98,10.66,0.75
和而泰,sz002402,31.62,31.31,31.5,28454400.0,31.61,86000,31.62,38000,0.99,32.1,31.3,28454400,903140000.0,3.5,2.56,257.27,292.37,34.44,28.18,1.15
我乐家居,sh603326,8.68,8.54,8.65,3823000.0,8.67,21900,8.68,7900,1.64,8.75,8.58,3823000,33220000.0,1.2,1.99,27.7,27.7,9.39,7.69,0.77
罗欣药业,sz002793,5.03,5.05,5.01,23831100.0,5.02,372600,5.03,48300,-0.4,5.13,4.97,23831100,120150000.0,2.19,3.17,54.62,54.71,5.56,4.55,0.83
网达软件,sh603189,17.05,17.31,17.32,12398800.0,17.05,7700,17.06,25100,-1.5,17.5,17.05,12398800,213880000.0,4.6,2.6,45.96,45.96,19.04,15.58,0.64
宇通客车,sh600066,37.12,37.58,37.59,21145400.0,37.12,2100,37.13,600,-1.22,37.68,36.96,21145400,786090000.0,0.96,1.92,821.81,821.81,41.34,33.82,0.62
光莆股份,sz300632,16.67,16.74,16.74,37229300.0,16.67,9700,16.68,60000,-0.42,17.08,16.04,37229300,618020000.0,16.83,6.21,36.88,50.87,20.09,13.39,0.76
葵花药业,sz002737,12.25,12.23,12.34,2817600.0,12.25,4300,12.27,4400,0.16,12.41,12.22,2817600,34680000.0,0.48,1.55,71.54,71.54,13.45,11.01,0.77
九芝堂,sz000989,9.57,9.54,9.62,13653300.0,9.56,202000,9.57,145500,0.31,9.62,9.42,13653300,130190000.0,1.97,2.1,66.43,81.91,10.49,8.59,0.56
得邦照明,sh603303,15.17,15.28,15.29,1519900.0,15.16,2200,15.17,3800,-0.72,15.47,15.14,1519900,23210000.0,0.32,2.16,72.35,72.35,16.81,13.75,0.85
东安动力,sh600178,11.32,11.11,11.25,4584000.0,11.31,45400,11.32,5900,1.89,11.4,11.12,4584000,51920000.0,0.98,2.52,52.81,52.81,12.22,10.0,1.21
信安世纪,sh688201,13.88,13.54,13.68,761477300.0,13.88,26700,13.89,8700,2.51,14.0,13.66,761477300,105820000.0,2.52,2.51,41.99,44.02,16.25,10.83,1.26
申科股份,sz002633,18.11,17.97,18.15,1828000.0,18.11,100,18.12,100,0.78,18.61,18.01,1828000,33480000.0,1.22,3.34,27.06,27.16,19.77,16.17,0.88
吉比特,sh603444,367.0,359.02,361.0,1958000.0,367.0,600,367.02,100,2.22,371.33,360.0,1958000,719320000.0,2.72,3.16,264.39,264.39,394.92,323.12,1.34
山外山,sh688410,16.33,16.23,16.22,354163300.0,16.33,900,16.35,7000,0.62,16.49,16.22,354163300,57940000.0,1.11,1.66,52.19,52.19,19.48,12.98,0.85
卓兆点胶,bj920026,35.16,35.41,35.72,1366900.0,35.16,2900,35.19,800,-0.71,35.74,34.66,1366900,48020500.0,3.67,3.05,13.08,28.86,46.03,24.79,0.9
恒尚节能,sh603137,13.43,13.35,13.37,1432300.0,13.36,500,13.43,4500,0.6,13.44,13.25,1432300,19130000.0,1.94,1.42,9.9,24.57,14.69,12.02,0.58
华凯易佰,sz300592,12.76,12.91,12.95,7405300.0,12.74,6300,12.76,105600,-1.16,13.07,12.71,7405300,95310000.0,2.12,2.79,44.52,51.6,15.49,10.33,0.6
华达新材,sh605158,7.55,7.46,7.47,2357800.0,7.54,19400,7.55,31100,1.21,7.62,7.47,2357800,17840000.0,0.46,2.01,38.61,38.61,8.21,6.71,0.93
峰璟股份,sz002662,4.16,4.03,4.07,44068700.0,4.16,309300,4.17,688800,3.23,4.23,4.05,44068700,183490000.0,2.94,4.47,62.4,62.4,4.43,3.63,2.01
和顺石油,sh603353,40.67,42.14,42.14,8972300.0,40.66,400,40.67,6400,-3.49,42.48,40.2,8972300,369660000.0,5.26,5.41,69.31,69.91,46.35,37.93,0.7
健麾信息,sh605186,19.47,19.22,19.34,1402000.0,19.46,100,19.47,300,1.3,19.72,19.3,1402000,27400000.0,1.03,2.19,26.48,26.48,21.14,17.3,0.73
明新旭腾,sh605068,25.55,25.18,25.22,1832300.0,25.55,2100,25.59,200,1.47,25.85,25.22,1832300,46770000.0,1.13,2.5,41.44,41.44,27.7,22.66,0.91
欢瑞世纪,sz000892,6.39,6.44,6.51,48364000.0,6.39,31300,6.4,261500,-0.78,6.57,6.38,48364000,312750000.0,6.8,2.95,45.42,62.68,7.08,5.8,0.98
国茂股份,sh603915,15.09,14.92,15.01,4667500.0,15.08,14200,15.09,2600,1.14,15.3,15.0,4667500,70860000.0,0.71,2.01,99.09,99.09,16.41,13.43,0.75
元隆雅图,sz002878,17.4,17.48,17.54,9317300.0,17.4,18300,17.41,37500,-0.46,17.85,17.37,9317300,163740000.0,3.95,2.75,41.05,45.59,19.23,15.73,0.73
朗鸿科技,bj920395,9.77,9.66,9.77,591400.0,9.77,8800,9.79,600,1.14,9.85,9.65,591400,5777800.0,0.56,2.07,10.23,14.91,12.55,6.77,0.97
柯力传感,sh603662,56.01,54.7,55.12,3640400.0,56.01,500,56.02,3400,2.39,56.74,55.12,3640400,204520000.0,1.3,2.96,157.29,157.29,60.17,49.23,1.51
合力科技,sh603917,13.34,13.17,13.25,2687700.0,13.34,11100,13.35,39800,1.29,13.46,13.22,2687700,35920000.0,1.32,1.82,27.19,27.19,14.49,11.85,0.84
探路者,sz300005,14.33,14.42,14.5,17998000.0,14.32,23700,14.33,1700,-0.62,14.7,14.27,17998000,259230000.0,2.05,2.98,125.61,126.63,17.3,11.54,0.69
宝兰德,sh688058,28.46,28.29,28.56,106664600.0,28.46,1000,28.53,600,0.6,29.17,28.4,106664600,30690000.0,1.41,2.72,21.58,21.58,33.95,22.63,0.75
纬德信息,sh688171,45.95,47.6,47.87,231055300.0,45.94,1200,45.95,11000,-3.47,48.28,45.56,231055300,107220000.0,2.76,5.71,38.49,38.49,57.12,38.08,1.86
博彦科技,sz002649,11.74,11.6,11.82,10163700.0,11.73,457900,11.74,11800,1.21,11.85,11.7,10163700,119740000.0,1.85,1.29,64.4,68.72,12.76,10.44,1.19
萤石网络,sh688475,27.26,27.15,27.23,347559100.0,27.25,7000,27.26,4600,0.41,27.58,27.12,347559100,95150000.0,0.44,1.69,214.67,214.67,32.58,21.72,1.24
华设集团,sh603018,7.27,7.21,7.25,3360800.0,7.27,85500,7.28,44400,0.83,7.32,7.24,3360800,24490000.0,0.49,1.11,49.71,49.71,7.93,6.49,0.67
兆驰股份,sz002429,10.22,10.23,10.38,95127400.0,10.22,141300,10.23,200900,-0.1,10.47,10.19,95127400,979030000.0,2.1,2.74,462.39,462.65,11.25,9.21,0.88
莲花控股,sh600186,7.43,7.47,7.58,185416000.0,7.43,900500,7.44,336700,-0.54,7.97,7.41,185416000,1406930000.0,10.41,7.5,132.28,133.2,8.22,6.72,1.09
云南能投,sz002053,11.21,11.24,11.24,10141000.0,11.21,40800,11.22,22900,-0.27,11.33,11.13,10141000,113960000.0,1.1,1.78,103.21,103.21,12.36,10.12,0.6
天保基建,sz000965,3.62,3.61,3.62,18303600.0,3.62,141400,3.63,145400,0.28,3.67,3.62,18303600,66680000.0,1.65,1.39,40.18,40.18,3.97,3.25,0.74
恒为科技,sh603496,28.83,28.71,28.86,12443700.0,28.82,17400,28.83,25300,0.42,29.28,28.76,12443700,360570000.0,3.89,1.81,92.32,92.32,31.58,25.84,0.83
国统股份,sz002205,12.91,12.74,13.07,3619200.0,12.9,9300,12.91,2100,1.33,13.25,12.8,3619200,47180000.0,1.95,3.53,23.99,23.99,14.01,11.47,1.21
之江生物,sh688317,20.92,21.88,22.16,782266600.0,20.92,4700,20.93,1100,-4.39,22.16,20.82,782266600,165040000.0,4.07,6.12,40.2,40.2,26.26,17.5,1.11
浙江华远,sz301535,19.66,19.95,20.11,3823000.0,19.66,10500,19.67,20500,-1.45,20.37,19.59,3823000,76210000.0,2.25,3.91,33.38,83.61,23.94,15.96,1.38
东软载波,sz300183,14.32,14.18,14.28,4814400.0,14.31,6400,14.32,5100,0.99,14.53,14.25,4814400,69350000.0,1.18,1.97,58.22,66.25,17.02,11.34,1.03
新亚电缆,sz001382,20.12,20.02,20.18,4864800.0,20.12,60400,20.13,19700,0.5,20.36,20.02,4864800,98270000.0,7.72,1.7,12.68,82.89,22.02,18.02,0.68
开创国际,sh600097,10.83,10.72,10.77,2554500.0,10.83,9000,10.84,4200,1.03,10.95,10.68,2554500,27720000.0,1.06,2.52,26.09,26.09,11.79,9.65,0.67
同享科技,bj920167,16.88,16.6,16.84,1275800.0,16.88,18200,16.9,3700,1.69,17.2,16.72,1275800,21724100.0,1.95,2.89,11.03,18.57,21.58,11.62,1.05
万德股份,bj920519,11.74,11.58,11.6,820000.0,11.73,500,11.74,1200,1.38,11.76,11.5,820000,9574400.0,1.3,2.25,7.4,10.48,15.05,8.11,1.37
佳力奇,sz301586,42.77,42.4,42.64,623900.0,42.77,4200,42.78,600,0.87,43.31,42.64,623900,26840000.0,1.18,1.58,22.63,35.49,50.88,33.92,0.98
均普智能,sh688306,9.12,8.96,9.07,768166900.0,9.12,22000,9.13,60000,1.79,9.25,9.0,768166900,70310000.0,0.63,2.79,112.02,112.02,10.75,7.17,0.93
克来机电,sh603960,22.56,22.52,22.73,9516000.0,22.56,59500,22.57,22800,0.18,23.0,22.44,9516000,216490000.0,3.63,2.49,59.15,59.15,24.77,20.27,0.88
斯莱克,sz300382,11.95,11.88,11.95,6952800.0,11.95,54800,11.96,1600,0.59,12.13,11.9,6952800,83610000.0,1.07,1.94,77.48,77.48,14.26,9.5,0.8
华辰装备,sz300809,33.26,32.93,33.26,2405100.0,33.26,5100,33.27,16700,1.0,33.8,33.2,2405100,80610000.0,1.6,1.82,50.08,84.33,39.52,26.34,0.91
浙大网新,sh600797,9.12,9.01,9.1,24078600.0,9.12,43800,9.13,158700,1.22,9.22,9.06,24078600,220440000.0,2.34,1.78,93.71,93.71,9.91,8.11,0.97
麦加芯彩,sh603062,51.19,49.73,50.0,1602100.0,51.18,1100,51.19,1000,2.94,51.77,49.81,1602100,82140000.0,4.32,3.94,18.98,55.29,54.7,44.76,1.61
昆船智能,sz301311,16.64,16.44,16.55,2248800.0,16.64,1900,16.65,1100,1.22,17.0,16.54,2248800,37740000.0,0.94,2.8,39.94,39.94,19.73,13.15,1.25
晋西车轴,sh600495,4.5,4.51,4.53,26603300.0,4.5,328700,4.51,139100,-0.22,4.63,4.5,26603300,121040000.0,2.2,2.88,54.37,54.37,4.96,4.06,0.42
聚力文化,sz002247,2.85,2.82,2.85,19648500.0,2.84,82200,2.85,20200,1.06,2.87,2.81,19648500,55970000.0,3.05,2.13,18.34,24.25,3.1,2.54,0.65
岩山科技,sz002195,9.09,9.09,9.15,172185400.0,9.09,17300,9.1,1433700,0.0,9.24,9.08,172185400,1574200000.0,3.07,1.76,509.15,515.45,10.0,8.18,0.89
神州高铁,sz000008,2.74,2.74,2.77,99110000.0,2.74,3019100,2.75,806800,0.0,2.81,2.74,99110000,273760000.0,3.65,2.55,74.43,74.43,3.01,2.47,0.37
新泉股份,sh603179,65.31,65.69,65.96,13149900.0,65.3,12900,65.31,2400,-0.58,68.34,65.01,13149900,871280000.0,2.58,5.07,333.17,333.17,72.26,59.12,1.52
敦煌种业,sh600354,6.32,6.35,6.35,21913400.0,6.31,287700,6.32,207000,-0.47,6.37,6.27,21913400,138690000.0,4.15,1.57,33.36,33.36,6.99,5.72,0.69
华创云信,sh600155,6.34,6.21,6.27,44665600.0,6.34,175100,6.35,24600,2.09,6.46,6.26,44665600,284490000.0,2.02,3.22,140.34,140.34,6.83,5.59,1.95
帝欧水华,sz002798,6.1,6.04,6.13,4606500.0,6.08,4000,6.1,7500,0.99,6.15,6.04,4606500,28090000.0,0.96,1.82,29.24,33.56,6.64,5.44,0.76
一博科技,sz301366,32.77,31.94,32.11,2755200.0,32.76,11700,32.77,5300,2.6,33.33,32.11,2755200,90550000.0,2.35,3.82,38.34,68.67,38.33,25.55,1.84
魅视科技,sz001229,35.67,35.8,36.0,1441900.0,35.67,2800,35.68,6600,-0.36,36.98,35.66,1441900,51940000.0,2.74,3.69,18.79,36.54,39.38,32.22,0.97
潞化科技,sh600691,3.24,3.34,3.32,63098200.0,3.24,119800,3.25,139500,-2.99,3.32,3.22,63098200,205710000.0,2.66,2.99,76.97,76.98,3.67,3.01,0.77
辽宁能源,sh600758,3.92,4.0,4.0,84154900.0,3.92,932500,3.93,515400,-2.0,4.02,3.92,84154900,332540000.0,6.37,2.5,51.77,51.82,4.4,3.6,0.71
好莱客,sh603898,13.18,13.05,13.31,3157400.0,13.16,800,13.18,4500,1.0,13.33,13.1,3157400,41620000.0,1.01,1.76,41.04,41.04,14.36,11.75,0.72
海洋王,sz002724,7.01,7.01,7.05,5165300.0,7.0,91000,7.01,5400,0.0,7.11,7.0,5165300,36420000.0,0.91,1.57,39.8,54.08,7.71,6.31,0.73
先进数通,sz300541,14.13,13.95,14.12,10094900.0,14.13,3700,14.14,43300,1.29,14.3,14.08,10094900,143290000.0,2.61,1.58,54.62,60.77,16.74,11.16,1.04
能辉科技,sz301046,24.95,24.86,24.98,2463200.0,24.95,3700,24.96,1000,0.36,25.65,24.91,2463200,62000000.0,1.91,2.98,32.14,42.07,29.83,19.89,1.25
华海药业,sh600521,16.19,15.76,15.8,34845400.0,16.19,84600,16.2,46200,2.73,16.75,15.68,34845400,566070000.0,2.33,6.79,242.41,242.41,17.34,14.18,1.39
河化股份,sz000953,6.78,6.79,6.86,6639400.0,6.78,12700,6.79,18100,-0.15,6.88,6.76,6639400,45260000.0,1.81,1.77,24.82,24.82,7.47,6.11,0.78
特瑞斯,bj920014,12.32,12.31,12.31,2803600.0,12.32,25800,12.33,100,0.08,12.5,12.21,2803600,34679600.0,4.18,2.36,8.26,15.01,16.0,8.62,0.63
康普顿,sh603798,16.53,15.43,15.53,16762100.0,16.53,14600,16.54,33200,7.13,16.66,15.43,16762100,273150000.0,6.54,7.97,42.39,42.39,16.97,13.89,1.8
商络电子,sz300975,21.05,20.6,20.9,54205200.0,21.05,24100,21.06,13000,2.18,21.52,20.61,54205200,1143990000.0,11.02,4.42,103.58,144.61,24.72,16.48,1.03
宁波富达,sh600724,6.94,6.95,6.93,13824000.0,6.93,56800,6.94,46200,-0.14,7.01,6.82,13824000,95820000.0,0.96,2.73,100.28,100.3,7.65,6.26,0.56
中信出版,sz300788,32.01,30.85,31.47,7415600.0,32.0,28400,32.01,11200,3.76,33.6,30.9,7415600,239930000.0,3.9,8.75,60.87,60.87,37.02,24.68,2.18
派特尔,bj920871,13.25,12.98,13.1,773000.0,13.25,6700,13.28,12000,2.08,13.4,13.1,773000,10260600.0,1.64,2.31,6.23,11.26,16.87,9.09,1.03
比依股份,sh603215,19.7,20.0,20.02,2899200.0,19.7,12700,19.71,6700,-1.5,20.2,19.59,2899200,57400000.0,1.55,3.05,36.88,37.02,22.0,18.0,1.14
中环海陆,sz301040,27.65,27.95,28.0,5028300.0,27.65,3900,27.66,900,-1.07,28.43,27.65,5028300,140740000.0,5.33,2.79,26.09,27.65,33.54,22.36,1.07
南方航空,sh600029,5.8,5.82,5.86,108988100.0,5.8,1864800,5.81,47200,-0.34,5.89,5.8,108988100,636310000.0,0.81,1.55,781.66,1051.02,6.4,5.24,0.83
台基股份,sz300046,31.65,31.76,31.88,6517000.0,31.65,18000,31.66,5400,-0.35,32.35,31.65,6517000,208200000.0,2.76,2.2,74.86,74.86,38.11,25.41,1.07
悦心健康,sz002162,4.76,4.72,4.77,13078200.0,4.75,155500,4.76,52700,0.85,4.82,4.72,13078200,62450000.0,1.42,2.12,43.72,43.78,5.19,4.25,0.85
杰普特,sh688025,277.22,275.6,271.82,514772100.0,277.22,2400,277.24,200,0.59,279.9,266.58,514772100,1400370000.0,5.42,4.83,263.5,263.5,330.72,220.48,0.85
宜宾纸业,sh600793,18.59,18.24,18.33,4112800.0,18.59,7100,18.61,3900,1.92,19.34,18.33,4112800,77580000.0,2.32,5.54,32.89,32.89,20.06,16.42,1.56
艾融软件,bj920799,36.95,34.57,34.9,8231200.0,36.93,20400,36.95,19500,6.88,37.96,34.88,8231200,301433200.0,6.82,8.91,44.6,77.51,44.94,24.2,1.99
国力电子,sh688103,55.9,55.0,55.99,106462900.0,55.78,700,55.9,9900,1.64,56.78,55.29,106462900,59730000.0,1.12,2.71,53.28,53.28,66.0,44.0,1.02
法狮龙,sh605318,90.9,93.17,93.17,5606900.0,90.88,800,90.9,200,-2.44,95.2,90.12,5606900,515650000.0,4.46,5.45,114.29,114.29,102.49,83.85,1.46
珈伟新能,sz300317,4.73,4.75,4.79,49572500.0,4.73,339700,4.74,460100,-0.42,4.81,4.72,49572500,236030000.0,5.98,1.89,39.21,39.27,5.7,3.8,0.67
大恒科技,sh600288,14.84,14.69,14.85,4323000.0,14.84,20600,14.85,4500,1.02,15.01,14.73,4323000,64350000.0,0.99,1.91,64.82,64.82,16.16,13.22,0.97
瑞丰光电,sz300241,6.73,6.71,6.85,41651700.0,6.72,133600,6.73,22300,0.3,6.92,6.72,41651700,283780000.0,7.1,2.98,39.46,47.13,8.05,5.37,1.08
燕塘乳业,sz002732,16.16,16.0,16.14,1527000.0,16.15,500,16.16,700,1.0,16.31,16.0,1527000,24710000.0,0.98,1.94,25.3,25.43,17.6,14.4,0.78
鑫汇科,bj920267,19.25,19.01,19.03,317000.0,19.15,1400,19.25,500,1.26,19.59,19.03,317000,6121799.999999999,1.07,2.95,5.71,9.62,24.71,13.31,0.87
美登科技,bj920227,60.41,59.6,59.98,646300.0,60.41,2900,60.44,200,1.36,61.38,59.98,646300,39177400.0,3.65,2.35,10.7,23.52,77.48,41.72,0.79
雄塑科技,sz300599,10.37,10.25,10.46,20336500.0,10.37,46100,10.38,16700,1.17,10.89,10.13,20336500,212350000.0,9.58,7.41,22.02,37.14,12.3,8.2,1.83
远东传动,sz002406,7.34,7.28,7.32,13545600.0,7.33,134400,7.34,28800,0.82,7.45,7.3,13545600,100060000.0,2.25,2.06,44.2,53.6,8.01,6.55,1.04
安奈儿,sz002875,18.78,18.91,19.01,4512300.0,18.78,70500,18.79,100,-0.69,19.2,18.73,4512300,85680000.0,2.47,2.49,34.26,40.0,20.8,17.02,1.17
迪生力,sh603335,6.16,5.96,6.17,29448100.0,6.16,43100,6.17,49400,3.36,6.24,5.99,29448100,180950000.0,6.88,4.19,26.37,26.37,6.56,5.36,1.72
卫光生物,sz002880,27.24,27.31,27.3,1759600.0,27.23,300,27.24,1200,-0.26,27.55,27.1,1759600,48060000.0,0.78,1.65,61.78,61.78,30.04,24.58,0.95
宁波远洋,sh601022,8.86,8.91,8.91,8301100.0,8.86,111900,8.87,13900,-0.56,8.95,8.85,8301100,73850000.0,0.63,1.12,115.94,115.94,9.8,8.02,0.86
奥拓电子,sz002587,6.61,6.63,6.69,15003600.0,6.61,80400,6.62,162000,-0.3,6.73,6.61,15003600,99880000.0,2.82,1.81,35.21,43.07,7.29,5.97,0.51
迅安科技,bj920950,15.79,15.62,15.77,276900.0,15.72,400,15.79,1100,1.09,15.94,15.63,276900,4379800.0,0.78,1.98,5.64,11.58,20.3,10.94,1.01
博世科,sz300422,4.67,4.61,4.63,9789700.0,4.66,122300,4.67,2500,1.3,4.77,4.6,9789700,45860000.0,1.91,3.69,23.88,24.93,5.53,3.69,0.85
秦川机床,sz000837,10.73,10.6,10.69,11295600.0,10.73,23900,10.74,19200,1.23,10.87,10.68,11295600,121880000.0,1.12,1.79,108.09,109.78,11.66,9.54,0.99
宇通重工,sh600817,12.14,12.26,12.37,8170800.0,12.14,14900,12.15,24300,-0.98,12.39,12.13,8170800,100040000.0,1.54,2.12,64.25,64.74,13.49,11.03,0.93
中文传媒,sh600373,8.58,8.54,8.58,5682000.0,8.58,153400,8.59,30800,0.47,8.66,8.57,5682000,48930000.0,0.42,1.05,115.6,115.6,9.39,7.69,0.81
旭光电子,sh600353,15.02,14.83,14.94,28530600.0,15.02,31700,15.03,134300,1.28,15.49,14.85,28530600,432810000.0,3.44,4.32,124.49,124.66,16.31,13.35,1.61
中航泰达,bj920263,11.66,11.56,11.66,605200.0,11.66,2700,11.67,4800,0.87,11.84,11.51,605200,7085700.000000001,0.59,2.85,11.96,16.47,15.02,8.1,0.48
英杰电气,sz300820,46.33,45.54,45.88,2577400.0,46.33,18600,46.34,1900,1.73,46.64,45.85,2577400,119490000.0,2.31,1.73,51.79,102.97,54.65,36.43,1.21
紫燕食品,sh603057,24.71,25.55,25.31,4809100.0,24.71,25100,24.73,6900,-3.29,26.06,24.28,4809100,120230000.0,1.17,6.97,101.81,101.81,28.11,23.0,1.2
江航装备,sh688586,13.48,13.35,13.47,563328100.0,13.47,1000,13.48,7600,0.97,13.73,13.41,563328100,76510000.0,0.71,2.4,106.67,106.67,16.02,10.68,0.87
水井坊,sh600779,32.81,32.32,32.48,2353500.0,32.81,1800,32.82,11500,1.52,33.2,32.4,2353500,77360000.0,0.48,2.48,159.95,159.95,35.55,29.09,1.09
微创光电,bj920198,8.67,8.55,8.67,1369300.0,8.67,41100,8.7,1300,1.4,8.79,8.61,1369300,11928900.000000002,1.94,2.11,6.11,13.99,11.11,5.99,0.85
内蒙新华,sh603230,12.57,12.18,13.4,38162800.0,12.56,42200,12.57,71000,3.2,13.4,12.4,38162800,502130000.0,10.8,8.21,44.44,44.44,13.4,10.96,9.47
东方明珠,sh600637,9.63,9.52,9.59,35208000.0,9.62,17500,9.63,70100,1.16,9.73,9.58,35208000,339630000.0,1.05,1.58,323.75,323.75,10.47,8.57,1.03
光明肉业,sh600073,5.88,5.87,5.9,5178600.0,5.88,33600,5.89,14400,0.17,5.92,5.87,5178600,30530000.0,0.55,0.85,55.14,55.14,6.46,5.28,0.66
深城交,sz301091,21.35,21.19,21.39,2897400.0,21.34,28400,21.35,3600,0.76,21.66,21.32,2897400,62230000.0,0.55,1.6,112.57,112.57,25.43,16.95,0.89
宏远股份,bj920018,28.15,28.1,28.1,1445700.0,28.12,600,28.15,7300,0.18,28.56,28.09,1445700,40888600.0,3.27,1.67,12.45,35.84,36.53,19.67,0.98
海量数据,sh603138,19.8,19.55,19.77,18675800.0,19.79,3700,19.8,8400,1.28,21.22,19.77,18675800,378200000.0,6.48,7.42,57.09,58.19,21.51,17.6,0.99
博实股份,sz002698,13.72,13.58,13.68,7296700.0,13.72,9000,13.73,10000,1.03,13.9,13.62,7296700,100510000.0,0.87,2.06,115.28,140.3,14.94,12.22,1.3
顺络电子,sz002138,34.25,33.9,34.17,17909000.0,34.24,15900,34.25,34200,1.03,34.75,34.17,17909000,616400000.0,2.37,1.71,259.1,276.16,37.29,30.51,1.0
酉立智能,bj920007,55.57,54.74,55.42,221800.0,55.57,1400,55.69,800,1.52,55.95,54.41,221800,12348200.0,2.08,2.81,5.91,24.69,71.16,38.32,0.83
东方日升,sz300118,16.22,16.21,16.4,43948400.0,16.22,53000,16.23,118900,0.06,16.62,16.2,43948400,720670000.0,4.74,2.59,150.33,184.91,19.45,12.97,0.87
春兴精工,sz002547,3.16,3.22,3.24,26178700.0,3.16,454700,3.17,744100,-1.86,3.26,3.16,26178700,83990000.0,2.37,3.11,34.91,35.65,3.54,2.9,0.6
东华软件,sz002065,8.34,8.18,8.32,39375200.0,8.33,129800,8.34,92600,1.96,8.46,8.32,39375200,330100000.0,1.35,1.71,242.52,267.34,9.0,7.36,1.3
托普云农,sz301556,83.26,82.92,83.42,1186500.0,83.25,2600,83.26,5100,0.41,84.41,83.1,1186500,99420000.0,4.02,1.58,24.55,71.0,99.5,66.34,0.8
合金投资,sz000633,6.91,6.86,6.93,7047800.0,6.91,2600,6.92,20300,0.73,7.01,6.85,7047800,48840000.0,1.83,2.33,26.61,26.61,7.55,6.17,0.66
利君股份,sz002651,9.44,9.37,9.43,5267900.0,9.44,32700,9.45,110000,0.75,9.54,9.41,5267900,49920000.0,0.93,1.39,53.38,97.56,10.31,8.43,0.84
盈方微,sz000670,8.15,7.41,7.48,79266500.0,8.15,6817600,0.0,0,9.99,8.15,7.48,79266500,641430000.0,9.64,9.04,66.98,68.85,8.15,6.67,1.17
福然德,sh605050,12.91,12.73,12.88,10981600.0,12.9,11400,12.91,3100,1.41,13.15,12.76,10981600,142100000.0,2.23,3.06,63.62,63.62,14.0,11.46,0.87
君亭酒店,sz301073,27.34,26.84,27.03,3814800.0,27.32,3300,27.34,8100,1.86,27.78,27.03,3814800,104400000.0,2.14,2.79,48.71,53.16,32.21,21.47,1.02
好上好,sz001298,29.42,29.26,29.39,4330000.0,29.41,7600,29.42,21600,0.55,29.84,29.39,4330000,128210000.0,2.63,1.54,48.43,87.76,32.19,26.33,0.77
大禹节水,sz300021,4.35,4.32,4.35,8310300.0,4.35,21300,4.36,264400,0.69,4.4,4.33,8310300,36280000.0,0.95,1.62,37.96,44.47,5.18,3.46,0.75
交大铁发,bj920027,18.17,18.13,18.21,1656200.0,18.16,7100,18.17,26000,0.22,18.46,18.15,1656200,30326200.0,3.92,1.71,7.67,14.39,23.56,12.7,0.56
金利华电,sz300069,22.43,23.23,23.2,12760500.0,22.43,17800,22.44,8900,-3.44,23.39,22.33,12760500,289450000.0,10.91,4.56,26.24,26.24,27.88,18.58,0.61
天沃科技,sz002564,6.07,6.06,6.13,8975200.0,6.07,114500,6.08,192800,0.17,6.15,6.06,8975200,54790000.0,1.04,1.49,52.14,52.14,6.67,5.45,0.69
智飞生物,sz300122,15.73,15.64,15.63,16642000.0,15.72,94700,15.73,50800,0.58,15.93,15.63,16642000,262420000.0,1.18,1.92,222.47,376.54,18.77,12.51,0.65
先锋电子,sz002767,21.5,21.33,21.35,2076500.0,21.49,400,21.5,10200,0.8,21.82,21.2,2076500,44810000.0,1.59,2.91,27.99,32.25,23.46,19.2,1.02
杭齿前进,sh601177,14.57,14.32,14.35,5040900.0,14.55,1600,14.57,41500,1.75,14.67,14.35,5040900,73440000.0,1.26,2.23,58.29,59.4,15.75,12.89,1.46
吴通控股,sz300292,4.92,4.88,4.91,69622400.0,4.91,221300,4.92,611100,0.82,5.15,4.89,69622400,347100000.0,6.24,5.33,54.9,66.01,5.86,3.9,1.32
建研设计,sz301167,16.51,16.45,16.65,3229800.0,16.51,5300,16.54,7100,0.36,16.77,16.45,3229800,53580000.0,4.55,1.95,11.72,18.49,19.74,13.16,1.0
中公教育,sz002607,2.65,2.62,2.63,133789300.0,2.65,4750400,2.66,485600,1.15,2.72,2.63,133789300,357890000.0,2.63,3.44,134.73,163.44,2.88,2.36,1.52
丰立智能,sz301368,52.31,51.42,51.93,1579900.0,52.31,1400,52.33,200,1.73,53.5,51.68,1579900,83240000.0,2.46,3.54,33.54,62.82,61.7,41.14,1.16
中科信息,sz300678,28.68,28.44,28.75,4231000.0,28.68,4100,28.69,4100,0.84,29.03,28.58,4231000,121980000.0,1.45,1.58,83.52,85.0,34.13,22.75,1.04
万丰奥威,sz002085,14.02,13.82,13.92,21708600.0,14.02,135700,14.03,125600,1.45,14.18,13.9,21708600,305440000.0,1.02,2.03,297.69,297.69,15.2,12.44,0.99
长春高新,sz000661,86.0,85.14,85.27,4497900.0,85.99,7900,86.0,10100,1.01,87.27,85.27,4497900,388130000.0,1.13,2.35,343.67,350.83,93.65,76.63,1.13
嘉事堂,sz002462,14.57,14.34,14.37,3770100.0,14.57,5800,14.58,700,1.6,14.69,14.37,3770100,54960000.0,1.29,2.23,42.47,42.5,15.77,12.91,0.91
中航沈飞,sh600760,48.72,47.8,47.8,18378400.0,48.72,51400,48.73,81300,1.92,49.09,47.79,18378400,893730000.0,0.65,2.72,1376.92,1381.26,52.58,43.02,1.44
万向德农,sh600371,8.67,8.65,8.67,4926900.0,8.67,75800,8.68,37000,0.23,8.77,8.59,4926900,42790000.0,1.68,2.08,25.37,25.37,9.52,7.79,0.61
健康元,sh600380,11.15,11.11,11.12,12061900.0,11.15,16400,11.16,11200,0.36,11.34,11.1,12061900,135080000.0,0.66,2.16,203.98,203.98,12.22,10.0,0.78
首华燃气,sz300483,19.84,20.11,19.77,28461600.0,19.84,19400,19.85,40600,-1.34,20.19,19.4,28461600,562880000.0,7.46,3.93,75.72,75.75,24.13,16.09,0.63
君逸数码,sz301172,28.97,29.57,29.42,10364600.0,28.97,1000,28.98,25700,-2.03,29.77,28.55,10364600,299570000.0,10.49,4.13,28.61,49.97,35.48,23.66,0.86
东航物流,sh601156,17.29,17.31,17.43,4369900.0,17.29,7400,17.33,22900,-0.12,17.5,17.29,4369900,75960000.0,0.46,1.21,163.32,274.49,19.04,15.58,0.58
中科海讯,sz300810,32.16,31.52,31.69,3032800.0,32.15,3900,32.16,16500,2.03,33.13,31.69,3032800,98520000.0,2.66,4.57,36.66,37.96,37.82,25.22,1.38
泰晶科技,sh603738,25.58,25.39,25.7,36636000.0,25.57,22800,25.58,116900,0.75,26.66,25.29,36636000,951820000.0,9.49,5.4,98.71,98.71,27.93,22.85,0.79
科顺股份,sz300737,6.21,6.11,6.14,14985700.0,6.21,8200,6.22,135200,1.64,6.33,6.14,14985700,93460000.0,1.69,3.11,55.08,68.93,7.33,4.89,0.88
浩辰软件,sh688657,47.41,47.0,47.1,85217700.0,47.41,200,47.42,1500,0.87,48.28,47.1,85217700,40660000.0,2.08,2.51,19.46,31.06,56.4,37.6,0.88
精工科技,sz002006,17.77,17.48,17.6,6862400.0,17.77,22900,17.78,30100,1.66,17.9,17.6,6862400,122220000.0,1.32,1.72,92.37,92.37,19.23,15.73,0.91
李子园,sh605337,10.94,10.85,10.9,2438200.0,10.93,11400,10.94,30500,0.83,11.05,10.85,2438200,26760000.0,0.63,1.84,42.68,42.68,11.94,9.77,1.04
南华仪器,sz300417,12.54,12.56,12.72,3283700.0,12.54,3200,12.55,500,-0.16,12.86,12.48,3283700,41630000.0,3.75,3.03,10.98,16.87,15.07,10.05,0.7
丰安股份,bj920608,16.57,16.47,16.52,355700.0,16.57,3000,16.58,500,0.61,16.95,16.44,355700,5946300.0,0.9,3.1,6.53,10.31,21.41,11.53,1.62
英特集团,sz000411,11.07,10.97,10.97,3547800.0,11.06,55000,11.07,900,0.91,11.14,10.92,3547800,39240000.0,0.96,2.01,40.71,62.53,12.07,9.87,0.79
拉普拉斯,sh688726,59.5,58.3,58.23,2446434700.0,59.5,26400,59.51,18800,2.06,61.47,57.06,2446434700,1440570000.0,11.12,7.56,130.86,241.17,69.96,46.64,0.86
虹软科技,sh688088,40.52,40.12,40.51,414388700.0,40.52,6900,40.53,4800,1.0,41.23,40.47,414388700,169400000.0,1.03,1.89,162.55,162.55,48.14,32.1,0.93
常熟汽饰,sh603035,14.23,14.05,14.1,3479400.0,14.22,700,14.23,2900,1.28,14.37,14.08,3479400,49580000.0,0.95,2.06,52.13,52.13,15.46,12.65,1.18
侨银股份,sz002973,12.88,12.73,12.78,3175800.0,12.87,6400,12.88,11700,1.18,13.09,12.76,3175800,41030000.0,1.0,2.59,40.91,52.64,14.0,11.46,1.17
华鼎股份,sh601113,4.51,4.45,4.49,20897900.0,4.51,50300,4.52,350700,1.35,4.59,4.45,20897900,94840000.0,1.89,3.15,49.8,49.8,4.9,4.01,1.4
内蒙一机,sh600967,14.75,14.45,15.23,38819600.0,14.75,294100,14.76,168100,2.08,15.36,14.72,38819600,583620000.0,2.28,4.43,251.01,251.01,15.9,13.01,2.09
沈阳机床,sz000410,6.66,6.61,6.64,10488200.0,6.65,265000,6.66,6500,0.76,6.73,6.64,10488200,70050000.0,0.62,1.36,111.95,176.43,7.27,5.95,0.87
ST通脉,sh603559,7.27,7.16,7.16,2844800.0,7.26,18400,7.27,5100,1.54,7.33,7.13,2844800,20600000.0,0.71,2.79,29.17,29.17,7.52,6.8,0.99
飞亚达,sz000026,14.92,14.63,14.7,7438700.0,14.92,6700,14.94,500,1.98,15.41,14.6,7438700,111970000.0,2.04,5.54,54.39,60.54,16.09,13.17,1.76
上海建工,sh600170,2.74,2.74,2.75,116671200.0,2.74,9069200,2.75,2751900,0.0,2.78,2.74,116671200,321510000.0,1.31,1.46,243.47,243.47,3.01,2.47,0.76
节能铁汉,sz300197,1.68,1.67,1.67,31829900.0,1.68,2158300,1.69,1618900,0.6,1.71,1.67,31829900,53840000.0,1.07,2.4,49.82,49.82,2.0,1.34,0.71
华熙生物,sh688363,42.2,42.03,42.12,192779700.0,42.2,27100,42.22,700,0.4,42.65,42.07,192779700,81660000.0,0.4,1.38,203.27,203.27,50.44,33.62,0.75
汉宇集团,sz300403,11.91,11.62,11.71,8309300.0,11.91,27000,11.92,5300,2.5,12.08,11.7,8309300,99260000.0,1.95,3.27,50.86,71.82,13.94,9.3,1.4
信邦智能,sz301112,33.06,32.46,33.0,910800.0,33.06,2200,33.08,200,1.85,33.38,32.6,910800,30190000.0,0.83,2.4,36.45,36.45,38.95,25.97,1.21
雷柏科技,sz002577,15.63,15.41,15.58,1564800.0,15.62,16900,15.63,9000,1.43,15.75,15.48,1564800,24540000.0,0.56,1.75,43.87,43.87,16.95,13.87,1.16
百普赛斯,sz301080,48.87,46.6,46.87,7000000.0,48.87,1200,48.88,2000,4.87,50.0,46.62,7000000,342310000.0,5.56,7.25,61.58,81.7,55.92,37.28,1.17
格灵深瞳,sh688207,14.39,14.15,14.37,396181700.0,14.37,12300,14.39,2100,1.7,14.61,14.21,396181700,57270000.0,1.53,2.83,37.27,37.27,16.98,11.32,0.86
艾迪精密,sh603638,20.52,20.11,20.1,4380100.0,20.51,25300,20.52,11600,2.04,20.74,20.1,4380100,90050000.0,0.53,3.18,170.54,170.54,22.12,18.1,1.13
联美控股,sh600167,6.5,6.43,6.44,8706800.0,6.5,55400,6.51,303600,1.09,6.57,6.44,8706800,56780000.0,0.38,2.02,147.08,147.08,7.07,5.79,0.7
三安光电,sh600703,11.94,11.84,11.85,285859200.0,11.94,778200,11.95,244800,0.84,12.25,11.71,285859200,3424180000.0,5.73,4.56,595.69,595.69,13.02,10.66,1.27
和顺电气,sz300141,13.84,14.19,14.16,9749800.0,13.84,23800,13.85,7700,-2.47,14.28,13.83,9749800,136060000.0,3.83,3.17,35.26,35.69,17.03,11.35,1.09
ST长园,sh600525,5.5,5.55,5.55,16071600.0,5.49,209800,5.5,31600,-0.9,5.68,5.47,16071600,89610000.0,1.22,3.78,72.53,72.53,5.83,5.27,1.18
爱朋医疗,sz300753,28.0,27.7,27.9,3609900.0,27.99,4400,28.0,28000,1.08,28.38,27.72,3609900,101470000.0,4.11,2.38,24.61,35.29,33.24,22.16,0.64
移为通信,sz300590,11.74,11.64,11.85,3675000.0,11.74,2900,11.75,11900,0.86,11.95,11.73,3675000,43500000.0,1.04,1.89,41.6,53.99,13.97,9.31,1.0
尚品宅配,sz300616,12.26,12.09,12.13,2901600.0,12.25,11600,12.26,2300,1.41,12.41,12.12,2901600,35680000.0,1.87,2.4,19.0,27.53,14.51,9.67,0.8
陇神戎发,sz300534,9.58,9.5,9.51,9405700.0,9.57,37000,9.58,4100,0.84,9.69,9.45,9405700,90110000.0,3.11,2.53,28.94,29.06,11.4,7.6,0.84
山东矿机,sz002526,3.5,3.51,3.53,26860300.0,3.5,1062600,3.51,147600,-0.28,3.56,3.5,26860300,94880000.0,1.52,1.71,61.99,62.4,3.86,3.16,0.87
江河集团,sh601886,9.29,9.18,9.17,5562300.0,9.28,13700,9.29,60300,1.2,9.42,9.1,5562300,51720000.0,0.49,3.49,105.26,105.26,10.1,8.26,0.71
中贝通信,sh603220,26.48,27.0,27.18,36176700.0,26.47,26600,26.48,9400,-1.93,27.27,26.45,36176700,969900000.0,8.33,3.04,114.99,142.02,29.7,24.3,0.91
ST绝味,sh603517,12.65,12.62,12.65,3631300.0,12.65,34900,12.66,45700,0.24,12.83,12.58,3631300,46030000.0,0.6,1.98,76.66,76.66,13.25,11.99,0.43
联合水务,sh603291,11.85,11.95,11.94,4137300.0,11.85,7300,11.86,5600,-0.84,12.08,11.82,4137300,49300000.0,0.98,2.18,50.15,50.15,13.15,10.76,0.89
神宇股份,sz300563,32.26,32.26,32.36,3713000.0,32.26,1900,32.27,400,0.0,32.75,32.21,3713000,120620000.0,2.9,1.67,41.34,58.76,38.71,25.81,1.08
松炀资源,sh603863,20.23,20.6,20.7,30522200.0,20.22,1100,20.23,16900,-1.8,21.16,18.81,30522200,622050000.0,14.91,11.41,41.4,41.4,22.66,18.54,2.08
国脉科技,sz002093,9.62,9.52,9.6,8254400.0,9.62,73400,9.63,22200,1.05,9.72,9.56,8254400,79730000.0,0.82,1.68,96.92,96.92,10.47,8.57,0.93
豪美新材,sz002988,35.38,32.16,32.44,9956700.0,35.38,1414900,0.0,0,10.01,35.38,31.8,9956700,343850000.0,3.99,11.13,88.37,88.37,35.38,28.94,3.06
春光智能,bj920810,11.25,11.11,11.11,447200.0,11.24,100,11.25,37400,1.26,11.41,11.11,447200,5061000.0,0.72,2.7,7.02,10.79,14.44,7.78,0.6
科森科技,sh603626,24.45,24.21,24.38,26562000.0,24.44,15900,24.45,30300,0.99,25.23,24.18,26562000,652430000.0,4.79,4.34,135.67,135.67,26.63,21.79,0.82
丸美生物,sh603983,24.82,24.2,24.2,2544500.0,24.81,1700,24.82,7000,2.56,25.02,24.2,2544500,62920000.0,0.63,3.39,99.53,99.53,26.62,21.78,1.12
ST华西,sz002630,1.88,1.88,1.88,37315100.0,1.88,339100,1.89,1375500,0.0,1.92,1.87,37315100,70710000.0,3.62,2.66,19.37,22.2,1.97,1.79,0.85
中南股份,sz000717,2.44,2.42,2.44,15990800.0,2.44,1138800,2.45,804000,0.83,2.47,2.43,15990800,39160000.0,0.66,1.65,59.13,59.14,2.66,2.18,0.68
爱威科技,sh688067,26.85,26.63,26.91,122058300.0,26.85,2800,26.89,2200,0.83,27.26,26.52,122058300,32860000.0,1.79,2.78,18.26,18.26,31.96,21.3,0.75
坚朗五金,sz002791,19.13,18.89,18.94,5381100.0,19.12,17800,19.13,15600,1.27,19.26,18.94,5381100,103000000.0,2.47,1.69,41.65,67.7,20.78,17.0,0.9
万泰生物,sh603392,39.08,38.76,39.19,2947900.0,39.07,8900,39.08,2600,0.83,39.62,38.83,2947900,115690000.0,0.23,2.04,494.12,494.12,42.64,34.88,0.99
中无人机,sh688297,48.37,47.95,48.4,744100800.0,48.37,3500,48.38,16500,0.88,49.17,48.22,744100800,362190000.0,1.1,1.98,326.5,326.5,57.54,38.36,0.95
ST德豪,sz002005,2.77,2.75,2.76,9357100.0,2.77,327700,2.78,9100,0.73,2.83,2.74,9357100,26040000.0,0.53,3.27,48.53,48.54,2.89,2.61,1.38
海波重科,sz300517,11.5,11.37,11.44,2284800.0,11.5,19800,11.54,700,1.14,11.62,11.37,2284800,26320000.0,1.81,2.2,14.52,23.05,13.64,9.1,0.55
金域医学,sh603882,26.61,26.22,26.41,3539000.0,26.61,12900,26.62,20800,1.49,26.78,26.33,3539000,94040000.0,0.77,1.72,122.44,123.27,28.84,23.6,0.79
共进股份,sh603118,13.79,14.41,14.22,85838500.0,13.79,70500,13.8,294300,-4.3,14.26,13.74,85838500,1195310000.0,10.9,3.61,108.57,108.57,15.85,12.97,1.15
两面针,sh600249,6.16,6.28,6.32,30517200.0,6.16,150500,6.17,106000,-1.91,6.33,6.14,30517200,189920000.0,5.55,3.03,33.88,33.88,6.91,5.65,0.44
东星医疗,sz301290,27.6,27.15,27.28,1018100.0,27.58,1000,27.64,100,1.66,27.78,27.22,1018100,28080000.0,1.49,2.06,18.81,27.65,32.58,21.72,0.79
盟科药业-U,sh688373,6.24,6.21,6.21,1072695800.0,6.23,59400,6.24,181500,0.48,6.35,6.16,1072695800,67050000.0,1.77,3.06,37.79,40.95,7.45,4.97,0.83
安控科技,sz300370,2.54,2.53,2.55,22580400.0,2.54,247600,2.55,282400,0.4,2.6,2.53,22580400,57970000.0,1.45,2.77,39.66,39.76,3.04,2.02,0.98
海能技术,bj920476,20.09,20.02,20.2,1007800.0,20.09,100,20.14,500,0.35,20.45,20.07,1007800,20391100.0,1.25,1.9,16.2,17.11,26.02,14.02,0.63
芯瑞达,sz002983,24.33,23.3,23.53,4378300.0,24.33,6300,24.34,2600,4.42,25.28,23.45,4378300,107390000.0,3.42,7.85,31.18,54.42,25.63,20.97,2.17
银之杰,sz300085,38.17,36.29,36.71,71867500.0,38.16,35500,38.17,157800,5.18,41.28,36.68,71867500,2792910000.0,11.02,12.68,248.87,269.72,43.55,29.03,1.65
华阳集团,sz002906,30.22,29.93,29.93,11370200.0,30.22,7600,30.23,45900,0.97,30.93,29.65,11370200,345640000.0,2.17,4.28,158.54,158.63,32.92,26.94,1.21
一彬科技,sz001278,21.52,21.52,21.88,1984100.0,21.51,500,21.52,4800,0.0,21.88,21.42,1984100,42920000.0,2.33,2.14,18.36,26.63,23.67,19.37,0.79
广电网络,sh600831,3.66,3.68,3.7,11224200.0,3.65,293200,3.66,176400,-0.54,3.76,3.65,11224200,41370000.0,1.58,2.99,26.02,26.02,4.05,3.31,0.73
科华生物,sz002022,5.86,5.81,5.85,7450400.0,5.86,22800,5.87,37600,0.86,5.97,5.81,7450400,43950000.0,1.45,2.75,30.14,30.14,6.39,5.23,0.9
蓝思科技,sz300433,30.13,29.67,30.07,91877700.0,30.13,120300,30.14,37000,1.55,30.79,29.83,91877700,2788040000.0,1.85,3.24,1497.37,1590.48,35.6,23.74,1.25
电科网安,sz002268,16.93,16.63,16.8,9149300.0,16.93,17300,16.94,19100,1.8,17.08,16.76,9149300,154790000.0,1.08,1.92,143.11,143.17,18.29,14.97,1.18
实朴检测,sz301228,44.16,44.73,45.52,2714900.0,44.03,1000,44.16,1000,-1.27,45.52,43.35,2714900,119050000.0,2.27,4.85,52.74,52.99,53.68,35.78,1.07
汉马科技,sh600375,5.06,4.97,4.97,14046200.0,5.05,297300,5.06,465500,1.81,5.08,4.97,14046200,71030000.0,0.96,2.21,74.01,81.12,5.47,4.47,0.95
卓翼科技,sz002369,7.32,7.24,7.25,11160000.0,7.31,81900,7.32,7100,1.1,7.38,7.25,11160000,81880000.0,1.97,1.8,41.45,41.5,7.96,6.52,0.98
麦格米特,sz002851,105.11,102.57,103.49,19168900.0,105.11,27400,105.12,100,2.48,108.0,103.0,19168900,2026090000.0,4.19,4.87,481.36,611.21,112.83,92.31,1.31
电光科技,sz002730,26.84,27.11,27.5,27070800.0,26.83,1900,26.85,25100,-1.0,27.6,26.1,27070800,725940000.0,7.82,5.53,92.87,97.18,29.82,24.4,0.73
伟思医疗,sh688580,54.95,53.52,53.88,151729700.0,54.94,1600,54.95,11500,2.67,55.86,53.65,151729700,83680000.0,1.58,4.13,52.63,52.63,64.22,42.82,1.39
广田集团,sz002482,1.69,1.67,1.68,64312200.0,1.69,2924800,1.7,5167800,1.2,1.71,1.67,64312200,108790000.0,1.72,2.4,63.27,63.39,1.84,1.5,1.41
ST京蓝,sz000711,3.5,3.68,3.69,153376600.0,0.0,0,3.5,3048400,-4.89,3.71,3.5,153376600,544550000.0,6.54,5.71,82.1,102.1,3.86,3.5,0.95
同仁堂,sh600085,27.8,27.63,27.69,4561600.0,27.8,7300,27.81,16800,0.62,27.94,27.6,4561600,126770000.0,0.33,1.23,381.27,381.27,30.39,24.87,0.7
横店影视,sh603103,22.49,22.53,22.64,6474500.0,22.49,10600,22.5,3100,-0.18,23.04,22.48,6474500,147100000.0,1.02,2.49,142.63,142.63,24.78,20.28,1.07
国航远洋,bj920571,10.08,10.17,10.25,18440100.0,10.07,128500,10.08,92000,-0.88,10.26,10.03,18440100,186361600.0,6.52,2.26,28.5,55.99,13.22,7.12,0.67
晋亿实业,sh601002,5.95,5.85,5.93,69392300.0,5.95,76500,5.96,487800,1.71,6.26,5.88,69392300,418900000.0,7.27,6.5,56.79,56.79,6.44,5.27,1.32
汉王科技,sz002362,18.78,18.61,18.78,2446600.0,18.78,9600,18.79,25500,0.91,18.97,18.73,2446600,46100000.0,1.18,1.29,38.99,45.91,20.47,16.75,0.88
东华测试,sz300354,36.28,35.89,36.29,1898600.0,36.27,1000,36.28,1400,1.09,36.96,36.11,1898600,69140000.0,2.34,2.37,29.5,50.18,43.07,28.71,0.85
百胜智能,sz301083,17.44,17.24,17.57,1908100.0,17.43,2800,17.44,8200,1.16,17.58,17.22,1908100,33280000.0,2.23,2.09,14.93,31.02,20.69,13.79,0.46
徐家汇,sz002561,8.13,8.03,8.09,4328500.0,8.13,8900,8.14,5700,1.25,8.19,8.07,4328500,35240000.0,1.04,1.49,33.69,33.8,8.83,7.23,1.4
金证股份,sh600446,13.0,12.75,12.75,22447900.0,13.0,23100,13.01,64000,1.96,13.18,12.75,22447900,292520000.0,2.38,3.37,122.36,122.36,14.03,11.48,1.57
安彩高科,sh600207,5.62,5.9,5.8,54340900.0,5.62,111500,5.63,128900,-4.75,6.0,5.62,54340900,315660000.0,4.99,6.44,61.22,61.22,6.49,5.31,0.67
*ST辉丰,sz002496,1.92,1.89,1.89,23424800.0,1.91,1319300,1.92,42800,1.59,1.94,1.89,23424800,44940000.0,2.11,2.65,21.36,28.95,1.98,1.8,0.71
固高科技,sz301510,30.82,30.34,30.63,4420600.0,30.82,11200,30.83,300,1.58,31.2,30.63,4420600,136750000.0,1.58,1.88,86.04,123.28,36.41,24.27,1.16
中京电子,sz002579,12.65,12.73,12.85,63475800.0,12.65,232900,12.66,171100,-0.63,13.08,12.65,63475800,811980000.0,10.88,3.38,73.8,77.5,14.0,11.46,0.82
丹娜生物,bj920009,67.1,65.69,65.2,381800.0,67.09,1000,67.1,800,2.15,67.69,64.0,381800,25341700.0,5.3,5.62,4.83,37.17,85.39,45.99,1.21
英科医疗,sz300677,56.88,59.45,58.85,19555200.0,56.88,76100,56.89,400,-4.32,59.3,56.56,19555200,1120890000.0,4.2,4.61,264.84,372.42,71.34,47.56,0.74
实丰文化,sz002862,17.27,16.76,16.9,5507600.0,17.27,5600,17.28,37300,3.04,17.71,16.88,5507600,95930000.0,4.36,4.95,21.8,29.01,18.44,15.08,1.21
中科通达,sh688038,21.97,22.46,22.45,284421700.0,21.97,4700,21.98,5500,-2.18,22.74,21.7,284421700,62850000.0,2.44,4.63,25.57,25.57,26.95,17.97,0.71
亚普股份,sh603013,18.98,18.52,18.69,3582800.0,18.98,20900,18.99,2400,2.48,19.29,18.56,3582800,68170000.0,0.7,3.94,96.46,96.46,20.37,16.67,1.16
维业股份,sz300621,8.31,8.15,8.22,4363600.0,8.31,106000,8.32,5300,1.96,8.4,8.17,4363600,36230000.0,2.15,2.82,16.83,17.29,9.78,6.52,0.8
文科股份,sz002775,3.82,3.83,3.84,10963800.0,3.81,30700,3.82,24600,-0.26,3.93,3.79,10963800,42200000.0,1.92,3.66,21.84,24.31,4.21,3.45,0.88
普瑞眼科,sz301239,38.95,38.39,38.01,5715800.0,38.95,900,38.96,4000,1.46,39.29,37.08,5715800,216340000.0,3.82,5.76,58.28,58.28,46.07,30.71,1.3
海陆重工,sz002255,10.76,10.57,10.62,19045800.0,10.76,54000,10.77,99400,1.8,10.87,10.62,19045800,205430000.0,2.99,2.37,68.65,89.4,11.63,9.51,1.1
润本股份,sh603193,24.94,25.03,24.7,7967400.0,24.93,6900,24.94,26000,-0.36,25.88,24.7,7967400,200820000.0,7.71,4.71,25.77,100.91,27.53,22.53,0.88
宏英智能,sz001266,33.18,32.29,32.6,1814400.0,33.18,9900,33.19,800,2.76,33.55,32.44,1814400,60200000.0,3.12,3.44,19.27,34.37,35.52,29.06,1.13
奕瑞科技,sh688301,107.0,106.63,106.2,204367600.0,106.95,200,107.0,300,0.35,108.47,105.78,204367600,219860000.0,1.02,2.52,214.43,226.25,127.96,85.3,0.81
方大集团,sz000055,3.51,3.5,3.54,10661500.0,3.51,28100,3.52,187200,0.29,3.59,3.5,10661500,37760000.0,1.58,2.57,23.72,37.69,3.85,3.15,1.09
新坐标,sh603040,83.0,83.17,83.39,1113500.0,82.92,700,83.0,700,-0.2,85.0,82.8,1113500,93320000.0,0.82,2.65,112.67,113.26,91.49,74.85,0.94
中化岩土,sz002542,2.43,2.7,2.43,18682800.0,0.0,0,2.43,180579300,-10.0,2.43,2.43,18682800,45400000.0,1.06,0.0,42.74,43.89,2.97,2.43,0.43
凯华材料,bj920526,19.11,18.76,18.76,782800.0,19.11,500,19.12,2500,1.87,19.38,18.76,782800,14983699.999999998,1.49,3.3,10.01,15.8,24.38,13.14,0.68
津荣天宇,sz300988,27.74,27.38,27.9,5541400.0,27.74,4100,27.75,500,1.31,28.24,27.45,5541400,154100000.0,5.19,2.89,29.59,38.92,32.86,21.9,0.89
国科军工,sh688543,70.69,68.44,69.0,738390900.0,70.69,2400,70.7,8100,3.29,72.19,68.53,738390900,522310000.0,6.37,5.35,81.97,147.63,82.13,54.75,1.66
雪龙集团,sh603949,18.58,18.22,18.32,9185000.0,18.57,34900,18.58,7400,1.98,18.85,18.32,9185000,170770000.0,4.37,2.91,39.06,39.15,20.04,16.4,0.92
同心传动,bj920454,14.24,13.93,14.01,1612100.0,14.24,5200,14.25,6600,2.23,14.31,13.84,1612100,22840700.0,2.55,3.37,9.0,14.97,18.1,9.76,1.92
珀莱雅,sh603605,61.1,59.8,59.82,3567600.0,61.09,9400,61.1,5400,2.17,61.84,59.82,3567600,218060000.0,0.9,3.38,241.94,241.94,65.78,53.82,1.53
龙头股份,sh600630,8.02,7.87,7.88,4971300.0,8.01,42900,8.02,15500,1.91,8.08,7.88,4971300,39910000.0,1.17,2.54,34.07,34.07,8.66,7.08,1.3
甬金股份,sh603995,17.26,17.62,17.42,6722100.0,17.26,28100,17.27,9200,-2.04,17.55,17.1,6722100,116210000.0,1.84,2.55,63.11,63.11,19.38,15.86,2.81
华媒控股,sz000607,4.04,4.02,4.08,10025500.0,4.03,57200,4.04,124000,0.5,4.11,4.02,10025500,40730000.0,1.13,2.24,35.76,41.12,4.42,3.62,0.59
金隅集团,sh601992,1.75,1.75,1.75,47427200.0,1.75,4207100,1.76,3866700,0.0,1.78,1.74,47427200,83510000.0,0.57,2.29,145.85,186.86,1.93,1.58,0.74
渝 开 发,sz000514,4.74,4.67,4.7,7229700.0,4.74,20600,4.75,282500,1.5,4.79,4.7,7229700,34390000.0,0.86,1.93,39.99,39.99,5.14,4.2,0.89
徐工机械,sz000425,10.61,10.6,10.71,79111800.0,10.61,5700,10.62,13400,0.09,10.79,10.58,79111800,845030000.0,0.88,1.98,955.88,1246.53,11.66,9.54,0.95
中力股份,sh603194,33.55,32.9,33.49,2126600.0,33.54,100,33.55,7800,1.98,34.04,33.4,2126600,71740000.0,1.35,1.95,53.02,134.54,36.19,29.61,2.32
金自天正,sh600560,14.7,14.59,14.71,1759500.0,14.7,5700,14.71,7300,0.75,14.87,14.61,1759500,25980000.0,0.79,1.78,32.88,32.88,16.05,13.13,0.63
赛维时代,sz301381,20.54,19.53,19.78,6963100.0,20.54,2500,20.55,22300,5.17,21.25,19.65,6963100,142970000.0,3.56,8.19,40.15,82.87,23.44,15.62,3.46
同方股份,sh600100,8.04,8.0,8.08,33204700.0,8.04,187400,8.05,665200,0.5,8.17,8.03,33204700,269270000.0,0.99,1.75,269.36,269.36,8.8,7.2,0.86
锴威特,sh688693,81.11,78.5,80.07,930898200.0,81.11,0,81.15,200,3.32,84.73,76.06,930898200,739280000.0,23.93,11.04,31.56,59.77,94.2,62.8,1.27
信邦制药,sz002390,3.26,3.25,3.26,26470000.0,3.26,168300,3.27,705400,0.31,3.32,3.23,26470000,86820000.0,1.37,2.77,62.85,63.37,3.58,2.93,0.74
胜业电气,bj920128,24.63,24.26,24.57,350600.0,24.62,1400,24.63,4900,1.53,24.87,24.45,350600,8666800.0,0.92,1.73,9.42,20.0,31.53,16.99,0.9
华塑股份,sh600935,2.69,2.68,2.69,32498900.0,2.68,1221200,2.69,356900,0.37,2.74,2.68,32498900,87980000.0,0.93,2.24,94.35,96.7,2.95,2.41,0.67
蓝黛科技,sz002765,10.38,10.19,10.26,11747100.0,10.38,127200,10.39,158500,1.86,10.48,10.24,11747100,122000000.0,1.97,2.36,61.85,67.69,11.21,9.17,1.13
绿地控股,sh600606,1.48,1.46,1.46,71945400.0,1.47,8527100,1.48,2545600,1.37,1.49,1.46,71945400,106360000.0,0.51,2.05,208.0,208.0,1.61,1.31,1.05
富士莱,sz301258,32.32,32.01,32.36,731200.0,32.3,800,32.32,400,0.97,32.68,32.03,731200,23690000.0,0.82,2.03,28.79,29.63,38.41,25.61,0.71
顺威股份,sz002676,6.85,7.08,7.1,21188600.0,6.85,151000,6.86,29400,-3.25,7.1,6.85,21188600,147380000.0,2.94,3.53,49.32,49.32,7.79,6.37,0.72
雅葆轩,bj920357,22.53,22.29,22.33,443300.0,22.5,2000,22.53,600,1.08,22.92,22.33,443300,10040000.0,1.0,2.65,10.03,18.04,28.97,15.61,0.77
派克新材,sh605123,96.39,96.65,97.05,1922400.0,96.38,3800,96.39,2900,-0.27,98.89,96.36,1922400,187170000.0,1.59,2.62,116.8,116.8,106.32,86.99,0.83
中路股份,sh600818,8.67,8.56,8.59,3113600.0,8.66,1000,8.67,78800,1.29,8.79,8.57,3113600,27120000.0,1.31,2.57,20.63,27.87,9.42,7.7,0.83
倍轻松,sh688793,21.63,21.38,21.49,186313000.0,21.63,5100,21.64,800,1.17,22.16,21.4,186313000,40560000.0,2.17,3.55,18.59,18.59,25.66,17.1,0.74
威龙股份,sh603779,6.2,6.14,6.24,5979200.0,6.2,34800,6.21,31400,0.98,6.29,6.14,5979200,37210000.0,1.8,2.44,20.59,20.59,6.75,5.53,0.72
博瑞传播,sh600880,4.84,4.78,4.82,17692500.0,4.84,579400,4.85,530700,1.26,4.91,4.81,17692500,86060000.0,1.62,2.09,52.9,52.92,5.26,4.3,0.88
华星创业,sz300025,5.27,5.3,5.33,8138200.0,5.26,110400,5.27,43800,-0.57,5.38,5.25,8138200,43220000.0,1.61,2.45,26.69,26.81,6.36,4.24,0.73
中捷资源,sz002021,3.07,3.05,3.1,36752600.0,3.07,215300,3.08,428500,0.66,3.18,3.06,36752600,114660000.0,3.07,3.93,36.7,36.7,3.36,2.75,1.17
建设工业,sz002265,22.49,22.2,22.41,15655700.0,22.48,41200,22.49,28400,1.31,23.36,22.36,15655700,357190000.0,1.52,4.5,232.33,232.33,24.42,19.98,0.74
无锡晶海,bj920547,22.02,21.89,21.91,455300.0,22.02,700,22.06,500,0.59,22.41,21.8,455300,10098800.0,1.21,2.79,8.31,17.11,28.45,15.33,0.64
北摩高科,sz002985,36.19,35.7,36.1,5994100.0,36.18,800,36.19,12600,1.37,36.72,35.91,5994100,217850000.0,1.81,2.27,119.77,120.1,39.27,32.13,1.29
甘源食品,sz002991,51.27,51.3,51.51,451200.0,51.27,200,51.3,3300,-0.06,51.97,51.2,451200,23200000.0,0.9,1.5,25.6,47.79,56.43,46.17,0.58
中曼石油,sh603619,35.76,35.6,34.66,36528900.0,35.76,28100,35.77,45800,0.45,36.47,34.66,36528900,1302760000.0,7.9,5.08,165.33,165.33,39.16,32.04,1.0
京能热力,sz002893,10.62,10.54,10.5,17172600.0,10.61,70100,10.62,48500,0.76,10.7,10.45,17172600,182070000.0,8.47,2.37,21.54,28.0,11.59,9.49,0.52
万安科技,sz002590,12.48,12.33,12.45,5269600.0,12.48,5900,12.49,17900,1.22,12.62,12.44,5269600,66100000.0,1.06,1.46,61.77,64.78,13.56,11.1,0.88
嵘泰股份,sh605133,28.62,28.8,29.06,11811600.0,28.62,33800,28.63,22000,-0.63,29.55,28.61,11811600,342300000.0,4.19,3.26,80.74,80.93,31.68,25.92,0.87
莱斯信息,sh688631,52.76,52.51,53.0,167341300.0,52.75,200,52.76,2600,0.48,53.88,52.58,167341300,88970000.0,2.58,2.48,34.23,86.25,63.01,42.01,1.03
海鸥股份,sh603269,14.43,14.0,14.28,19611300.0,14.42,28700,14.43,11900,3.07,14.84,14.06,19611300,283850000.0,6.35,5.57,44.55,44.55,15.4,12.6,1.6
湘邮科技,sh600476,10.74,10.4,10.48,5871200.0,10.74,1800,10.75,3000,3.27,10.92,10.48,5871200,63380000.0,3.65,4.23,17.3,17.3,11.44,9.36,1.15
星网宇达,sz002829,22.43,22.3,22.4,3789400.0,22.43,5100,22.44,8400,0.58,22.76,22.4,3789400,85430000.0,2.59,1.61,32.76,46.61,24.53,20.07,0.99
吉大通信,sz300597,9.31,9.26,9.34,5586200.0,9.3,8000,9.31,9400,0.54,9.39,9.2,5586200,52020000.0,2.06,2.05,25.26,25.38,11.11,7.41,0.99
ST路通,sz300555,13.88,13.14,13.19,4462500.0,13.88,61700,13.89,1500,5.63,13.9,13.15,4462500,60380000.0,2.25,5.71,27.48,27.76,15.77,10.51,1.65
爱仕达,sz002403,10.45,10.26,10.36,2871700.0,10.45,16800,10.46,11100,1.85,10.57,10.35,2871700,30050000.0,0.97,2.14,31.05,35.6,11.29,9.23,0.89
何氏眼科,sz301103,19.44,19.26,19.76,1868400.0,19.44,1000,19.45,1800,0.93,19.76,19.26,1868400,36450000.0,1.18,2.6,30.72,30.72,23.11,15.41,0.92
大丰实业,sh603081,12.24,12.15,12.16,5691000.0,12.24,12300,12.25,3200,0.74,12.39,12.16,5691000,69860000.0,1.35,1.89,51.71,51.71,13.37,10.94,1.11
康泰医学,sz300869,13.36,13.18,13.28,3348600.0,13.36,24800,13.37,68800,1.37,13.55,13.28,3348600,44900000.0,1.27,2.05,35.29,53.68,15.82,10.54,0.92
易天股份,sz300812,38.93,39.75,39.3,17144600.0,38.92,19900,38.93,25700,-2.06,39.69,38.15,17144600,664780000.0,18.49,3.87,36.09,54.53,47.7,31.8,0.8
联合光电,sz300691,16.71,16.62,16.71,3889100.0,16.71,7900,16.72,8400,0.54,16.9,16.69,3889100,65330000.0,1.76,1.26,36.89,44.96,19.94,13.3,0.85
苏豪时尚,sh600287,5.9,5.83,5.87,5554000.0,5.89,42600,5.9,3300,1.2,5.95,5.78,5554000,32740000.0,1.27,2.92,25.77,25.77,6.41,5.25,0.9
派诺科技,bj920375,13.8,13.66,13.78,4058500.0,13.79,4900,13.8,14000,1.02,14.01,13.72,4058500,56237000.0,6.25,2.12,8.96,14.99,17.75,9.57,0.86
九联科技,sh688609,8.27,8.16,8.22,434816000.0,8.26,115200,8.27,2500,1.35,8.35,8.21,434816000,36070000.0,0.87,1.72,41.35,41.35,9.79,6.53,0.77
辽港股份,sh601880,1.66,1.64,1.67,198808600.0,1.65,8007600,1.66,2955000,1.22,1.73,1.65,198808600,333290000.0,1.08,4.88,305.66,391.29,1.8,1.48,1.61
奥普光电,sz002338,52.14,51.38,51.81,4385300.0,52.1,1100,52.14,1800,1.48,52.51,51.7,4385300,228560000.0,1.83,1.58,125.14,125.14,56.52,46.24,1.17
卓锦股份,sh688701,9.43,9.88,10.37,388382600.0,9.43,5400,9.44,2100,-4.55,10.37,9.38,388382600,37650000.0,2.89,10.02,12.66,12.66,11.86,7.9,1.28
港通医疗,sz301515,22.51,22.32,22.38,1728200.0,22.51,3100,22.56,1200,0.85,22.89,22.38,1728200,39110000.0,2.64,2.28,14.76,22.51,26.78,17.86,0.64
禾川科技,sh688320,31.0,30.1,30.46,249590600.0,30.99,1000,31.0,19200,2.99,31.55,30.32,249590600,77830000.0,1.65,4.09,46.81,46.81,36.12,24.08,1.29
京能置业,sh600791,12.69,13.54,13.54,45497700.0,12.68,18700,12.69,300,-6.28,13.55,12.19,45497700,575100000.0,10.06,10.04,57.4,57.47,14.89,12.19,1.26
金运激光,sz300220,14.03,13.87,13.98,1761500.0,14.03,17100,14.04,700,1.15,14.23,13.96,1761500,24840000.0,1.17,1.95,21.19,21.21,16.64,11.1,0.71
源飞宠物,sz001222,19.59,19.29,19.29,917600.0,19.55,800,19.59,1200,1.56,19.67,19.29,917600,17940000.0,0.85,1.97,21.04,37.4,21.22,17.36,0.74
华之杰,sh603400,69.39,69.0,69.94,834500.0,69.39,5300,69.42,2200,0.57,70.73,68.91,834500,58180000.0,4.17,2.64,13.88,69.39,75.9,62.1,0.91
乔治白,sz002687,4.89,4.82,4.86,8520900.0,4.89,23400,4.9,3100,1.45,4.95,4.81,8520900,41730000.0,2.06,2.9,20.22,24.68,5.3,4.34,0.69
水羊股份,sz300740,21.46,21.14,21.34,6649800.0,21.46,2900,21.47,3800,1.51,21.63,21.34,6649800,142930000.0,1.84,1.37,77.54,84.17,25.37,16.91,0.98
永泰能源,sh600157,1.73,1.73,1.74,606742400.0,1.72,63871900,1.73,5979700,0.0,1.76,1.72,606742400,1053710000.0,2.78,2.31,377.45,377.45,1.9,1.56,0.84
爱尔眼科,sz300015,9.61,9.5,9.51,54738900.0,9.61,369100,9.62,396200,1.16,9.68,9.51,54738900,526660000.0,0.69,1.79,764.51,896.17,11.4,7.6,1.15
秉扬科技,bj920675,9.79,9.79,9.8,1868800.0,9.79,5600,9.83,2400,0.0,9.95,9.78,1868800,18424300.0,2.37,1.74,7.74,16.85,12.72,6.86,0.66
挖金客,sz301380,33.4,33.28,33.7,1172100.0,33.4,7000,33.42,2000,0.36,33.98,33.33,1172100,39400000.0,1.45,1.95,26.97,33.87,39.94,26.62,0.71
青松股份,sz300132,8.36,8.49,8.54,11708300.0,8.35,127300,8.36,41700,-1.53,8.59,8.32,11708300,98910000.0,2.3,3.18,42.48,43.19,10.19,6.79,0.89
海泰科,sz301022,27.83,27.83,0.0,0.0,0.0,0,0.0,0,0.0,0.0,0.0,0,0.0,0.0,0.0,18.58,27.69,33.4,22.26,0.0
本川智能,sz300964,73.0,72.9,73.4,6311600.0,73.0,12900,73.01,1500,0.14,75.65,72.72,6311600,466110000.0,11.27,4.02,40.89,55.72,87.48,58.32,0.68
圣龙股份,sh603178,15.52,15.51,15.51,1926200.0,15.52,12200,15.53,2100,0.06,15.73,15.49,1926200,30060000.0,0.81,1.55,36.69,36.69,17.06,13.96,1.28
华岭股份,bj920139,17.14,16.92,17.1,2785200.0,17.14,3100,17.15,2500,1.3,17.35,17.1,2785200,47923900.0,1.07,1.48,44.55,46.19,21.99,11.85,1.02
国子软件,bj920953,29.52,29.06,29.07,1356900.0,29.52,14700,29.56,700,1.58,30.07,29.07,1356900,40336400.0,2.27,3.44,17.68,37.82,37.77,20.35,1.08
峆一药业,bj920478,16.25,16.46,15.8,3859500.0,16.23,5900,16.25,700,-1.28,16.52,15.6,3859500,62150500.0,8.17,5.59,7.68,12.79,21.39,11.53,0.67
光韵达,sz300227,12.7,12.87,12.82,28343100.0,12.7,139700,12.71,85700,-1.32,13.12,12.67,28343100,364550000.0,6.54,3.5,55.0,75.69,15.44,10.3,1.07
长安汽车,sz000625,10.12,10.02,10.01,65824900.0,10.12,592300,10.13,766200,1.0,10.22,10.01,65824900,665300000.0,0.8,2.1,836.63,1003.19,11.02,9.02,1.41
恒合股份,bj920145,14.72,14.83,14.9,683400.0,14.72,6300,14.73,7300,-0.74,15.09,14.61,683400,10154000.0,1.41,3.24,7.15,10.38,19.27,10.39,1.02
电声股份,sz300805,10.36,10.24,10.36,4614900.0,10.36,11400,10.37,3400,1.17,10.48,10.3,4614900,47970000.0,1.6,1.76,29.87,43.97,12.29,8.19,0.51
翰博高新,sz301321,19.98,19.87,20.03,2106600.0,19.97,1400,19.99,9500,0.55,20.29,19.82,2106600,42210000.0,1.43,2.37,29.49,37.25,23.84,15.9,0.66
江淮汽车,sh600418,46.76,46.72,46.88,23207900.0,46.76,42800,46.77,500,0.09,47.29,46.7,23207900,1089570000.0,1.06,1.26,1021.24,1054.05,51.39,42.05,0.85
ST香雪,sz300147,10.99,10.78,10.79,26243900.0,10.98,121700,10.99,109400,1.95,11.23,10.77,26243900,290090000.0,3.99,4.27,72.25,72.67,12.94,8.62,1.46
凯腾精工,bj920553,8.96,8.8,8.81,1020800.0,8.88,600,8.96,26100,1.82,9.04,8.81,1020800,9138900.0,1.12,2.61,8.15,12.87,11.44,6.16,1.08
智明达,sh688636,40.83,40.2,40.51,389536600.0,40.82,2800,40.83,6500,1.57,41.79,40.45,389536600,160290000.0,2.32,3.33,68.44,71.01,48.24,32.16,1.33
通用股份,sh601500,4.28,4.27,4.27,10024100.0,4.28,51600,4.29,77400,0.23,4.33,4.27,10024100,43160000.0,0.63,1.41,67.75,68.02,4.7,3.84,1.02
博晖创新,sz300318,5.92,5.92,5.92,6790600.0,5.92,82300,5.93,49100,0.0,6.01,5.91,6790600,40470000.0,0.85,1.69,47.27,48.36,7.1,4.74,0.78
东方海洋,sz002086,2.04,2.04,2.05,41684800.0,2.04,5455300,2.05,391400,0.0,2.07,2.04,41684800,85620000.0,2.64,1.47,32.26,39.96,2.24,1.84,0.91
锦好医疗,bj920925,17.02,16.79,16.82,1434400.0,17.0,2000,17.02,6500,1.37,17.19,16.82,1434400,24483500.0,2.59,2.2,9.41,16.79,21.82,11.76,0.62
创新医疗,sz002173,25.09,24.83,25.03,20417200.0,25.08,82100,25.09,93300,1.05,25.44,24.89,20417200,513720000.0,4.85,2.22,105.6,110.72,27.31,22.35,0.7
延华智能,sz002178,6.17,6.18,6.25,10436700.0,6.16,308900,6.17,148500,-0.16,6.26,6.16,10436700,64870000.0,1.47,1.62,43.92,43.94,6.8,5.56,0.8
百联股份,sh600827,8.44,8.45,8.49,4605700.0,8.44,107600,8.45,11100,-0.12,8.51,8.44,4605700,39040000.0,0.29,0.83,135.42,150.58,9.3,7.61,0.83
石头科技,sh688169,115.96,114.0,114.8,351237600.0,115.95,2500,115.96,9400,1.72,117.67,114.76,351237600,409740000.0,1.36,2.55,300.46,300.46,136.8,91.2,1.06
*ST艾艾,sh603580,17.61,16.77,16.95,2602300.0,17.61,79000,0.0,0,5.01,17.61,16.78,2602300,45340000.0,1.99,4.95,23.01,23.01,17.61,15.93,1.94
奥雅股份,sz300949,37.9,37.54,37.9,730000.0,37.9,300,37.91,1500,0.96,38.58,37.54,730000,27870000.0,2.13,2.77,13.0,22.74,45.05,30.03,0.7
贝仕达克,sz300822,14.11,13.88,13.96,1944800.0,14.1,27500,14.11,6500,1.66,14.28,13.96,1944800,27560000.0,0.67,2.31,40.78,43.96,16.66,11.1,1.05
星帅尔,sz002860,12.22,12.13,12.15,5051600.0,12.22,79900,12.23,10700,0.74,12.39,12.15,5051600,62010000.0,1.44,1.98,42.96,43.96,13.34,10.92,0.73
金杯汽车,sh600609,4.15,4.05,4.05,24154600.0,4.15,298000,4.16,239600,2.47,4.18,4.04,24154600,99910000.0,1.85,3.46,54.14,54.14,4.46,3.65,1.74
花园生物,sz300401,14.17,14.13,14.2,10168500.0,14.16,79800,14.17,7400,0.28,14.39,14.14,10168500,144930000.0,1.9,1.77,75.8,77.04,16.96,11.3,1.0
宇瞳光学,sz300790,29.97,30.13,30.33,28615700.0,29.97,28600,29.98,2200,-0.53,30.51,29.11,28615700,854300000.0,8.82,4.65,97.29,112.12,36.16,24.1,0.87
科锐国际,sz300662,24.42,24.29,24.46,4058500.0,24.4,24000,24.42,700,0.54,24.82,24.37,4058500,99560000.0,2.07,1.85,47.93,48.06,29.15,19.43,1.04
裕同科技,sz002831,37.65,38.05,38.81,14210200.0,37.64,2100,37.65,51400,-1.05,38.9,37.52,14210200,538920000.0,2.78,3.63,192.39,346.57,41.86,34.25,0.77
蓝帆医疗,sz002382,7.77,7.79,7.81,47236000.0,7.77,192900,7.78,11800,-0.26,8.1,7.75,47236000,373940000.0,4.73,4.49,77.64,78.26,8.57,7.01,0.65
海鸥住工,sz002084,3.81,3.75,3.78,14363600.0,3.8,101000,3.81,164000,1.6,3.84,3.73,14363600,54620000.0,2.23,2.93,24.56,24.61,4.13,3.38,0.65
深粮控股,sz000019,7.91,7.97,8.01,24359300.0,7.91,17800,7.92,64300,-0.75,8.02,7.78,24359300,192480000.0,5.85,3.01,32.92,91.17,8.77,7.17,0.99
恒华科技,sz300365,5.83,5.8,5.86,19530200.0,5.82,104400,5.83,377800,0.52,5.92,5.83,19530200,114710000.0,3.82,1.55,29.83,34.97,6.96,4.64,0.62
朗玛信息,sz300288,12.61,12.42,12.55,4256300.0,12.61,1800,12.62,5200,1.53,12.77,12.55,4256300,53940000.0,1.66,1.77,32.35,42.61,14.9,9.94,1.15
永顺泰,sz001338,13.68,13.59,13.67,10840300.0,13.67,34400,13.68,4300,0.66,13.8,13.51,10840300,148170000.0,2.16,2.13,68.64,68.64,14.95,12.23,1.05
佩蒂股份,sz300673,15.49,15.03,15.3,3498000.0,15.48,700,15.49,2800,3.06,15.64,15.15,3498000,53930000.0,2.18,3.26,24.85,38.31,18.04,12.02,1.41
银信科技,sz300231,10.47,10.53,10.67,26019300.0,10.47,136600,10.48,160700,-0.57,10.88,10.46,26019300,276150000.0,5.86,3.99,46.52,46.52,12.64,8.42,0.94
金智科技,sz002090,10.88,10.71,10.78,5683500.0,10.88,44900,10.89,72600,1.59,10.91,10.78,5683500,61750000.0,1.44,1.21,43.09,43.58,11.78,9.64,0.86
金地集团,sh600383,2.76,2.72,2.75,53996700.0,2.75,968100,2.76,9000,1.47,2.81,2.75,53996700,149940000.0,1.2,2.21,124.6,124.6,2.99,2.45,0.88
光洋股份,sz002708,13.43,13.49,13.6,32028700.0,13.42,18600,13.43,15100,-0.44,13.86,13.41,32028700,437370000.0,6.2,3.34,69.39,75.49,14.84,12.14,1.8
迪安诊断,sz300244,18.75,18.67,18.83,17599300.0,18.74,10200,18.75,15100,0.43,19.1,18.7,17599300,332510000.0,3.51,2.14,94.02,117.18,22.4,14.94,0.82
恒立钻具,bj920942,25.51,25.43,25.52,888100.0,25.51,2900,25.58,4900,0.31,25.92,25.49,888100,22819899.999999996,2.14,1.69,10.56,15.64,33.05,17.81,0.63
尤夫股份,sz002427,6.76,6.44,6.4,59267700.0,6.76,103100,6.77,115000,4.97,6.92,6.31,59267700,393120000.0,6.02,9.47,66.57,66.62,7.08,5.8,1.94
杭州解百,sh600814,7.65,7.59,7.63,5517200.0,7.64,44500,7.65,26000,0.79,7.72,7.6,5517200,42300000.0,0.75,1.58,56.23,56.23,8.35,6.83,0.86
海新能科,sz300072,4.8,4.81,4.82,45922600.0,4.8,287600,4.81,572000,-0.21,4.9,4.77,45922600,221550000.0,1.97,2.7,111.91,112.79,5.77,3.85,0.67
福星股份,sz000926,2.04,2.03,2.04,23810000.0,2.04,111900,2.05,1056700,0.49,2.09,2.03,23810000,49010000.0,1.51,2.96,32.09,32.5,2.23,1.83,1.03
实益达,sz002137,8.28,8.15,8.19,10074200.0,8.27,21100,8.28,29400,1.6,8.34,8.19,10074200,83580000.0,2.54,1.84,32.83,47.82,8.97,7.34,1.02
艾布鲁,sz301259,32.49,32.13,32.4,1607400.0,32.49,10700,32.5,4800,1.12,33.1,32.18,1607400,52530000.0,1.63,2.86,32.12,50.68,38.56,25.7,0.96
荣盛发展,sz002146,1.38,1.38,1.39,78462900.0,1.38,9562400,1.39,2153600,0.0,1.41,1.38,78462900,109250000.0,2.01,2.17,53.98,60.0,1.52,1.24,0.83
德生科技,sz002908,9.1,8.99,9.07,4028500.0,9.1,4300,9.11,65300,1.22,9.16,9.04,4028500,36720000.0,1.25,1.33,29.29,39.26,9.89,8.09,0.84
宝信软件,sh600845,22.42,22.74,22.97,15983600.0,22.41,37200,22.42,31600,-1.41,22.98,22.41,15983600,361910000.0,0.75,2.51,478.45,643.63,25.01,20.47,0.91
联翔股份,sh603272,37.02,33.65,34.1,4548100.0,37.02,3900600,0.0,0,10.01,37.02,34.1,4548100,165290000.0,4.39,8.68,38.36,38.36,37.02,30.29,0.68
数字政通,sz300075,12.58,12.45,12.57,5643300.0,12.58,15600,12.59,1000,1.04,12.77,12.57,5643300,71460000.0,1.09,1.61,64.84,78.14,14.94,9.96,0.71
威马农机,sz301533,32.18,31.94,32.22,732200.0,32.18,700,32.2,1000,0.75,32.38,32.0,732200,23610000.0,2.57,1.19,9.15,31.64,38.33,25.55,0.68
凯文教育,sz002659,5.24,5.17,5.2,11416400.0,5.23,9500,5.24,23300,1.35,5.3,5.19,11416400,59930000.0,1.91,2.13,31.35,31.35,5.69,4.65,0.8
拾比佰,bj920768,11.11,10.9,10.95,1194500.0,11.1,22200,11.11,3200,1.93,11.25,10.95,1194500,13323699.999999998,1.56,2.75,8.5,12.33,14.17,7.63,1.02
骑士乳业,bj920786,8.38,7.95,8.76,17262500.0,8.37,114400,8.38,78000,5.41,9.05,8.38,17262500,151298700.0,12.14,8.43,11.92,17.52,10.33,5.57,4.65
北方国际,sz000065,14.56,14.99,15.18,70662500.0,14.56,1300,14.57,25300,-2.87,15.27,14.51,70662500,1038310000.0,7.25,5.07,141.95,169.11,16.49,13.49,0.73
汇纳科技,sz300609,34.21,33.89,34.1,2326700.0,34.2,100,34.21,200,0.94,34.67,34.1,2326700,80070000.0,1.94,1.68,41.03,41.09,40.67,27.11,0.81
瑞泰科技,sz002066,22.38,21.01,21.1,12264500.0,22.38,28400,22.39,5900,6.52,22.5,20.76,12264500,268630000.0,5.31,8.28,51.7,52.57,23.11,18.91,2.67
星宸科技,sz301536,74.11,72.04,73.85,6409600.0,74.1,33900,74.11,64500,2.87,76.66,73.51,6409600,481530000.0,3.42,4.37,138.73,312.53,86.45,57.63,1.48
金能科技,sh603113,7.26,7.41,7.36,17530300.0,7.26,119400,7.27,79700,-2.02,7.43,7.24,17530300,128000000.0,2.07,2.56,61.6,61.6,8.15,6.67,0.69
德恩精工,sz300780,22.53,22.34,22.64,8756200.0,22.53,13400,22.56,18400,0.85,23.4,22.49,8756200,200600000.0,8.14,4.07,24.23,33.04,26.81,17.87,0.8
酷特智能,sz300840,18.82,17.77,17.77,16083700.0,18.81,5300,18.82,9300,5.91,19.37,17.77,16083700,304810000.0,9.08,9.0,33.33,45.17,21.32,14.22,2.5
金现代,sz300830,10.76,10.73,10.85,17432800.0,10.75,102200,10.76,74300,0.28,11.17,10.74,17432800,190690000.0,5.17,4.01,36.27,48.6,12.88,8.58,0.95
北纬科技,sz002148,7.61,7.56,7.59,8389100.0,7.61,2500,7.62,175500,0.66,7.71,7.59,8389100,64070000.0,1.87,1.59,34.19,42.54,8.32,6.8,1.28
硅烷科技,bj920402,9.02,8.95,9.0,3068200.0,9.0,134100,9.02,5600,0.78,9.1,8.95,3068200,27710000.0,1.12,1.68,24.61,38.07,11.63,6.27,0.49
居然智家,sz000785,2.43,2.4,2.4,36583600.0,2.42,1929300,2.43,440600,1.25,2.45,2.4,36583600,89000000.0,0.62,2.08,143.31,151.32,2.64,2.16,0.83
津滨发展,sz000897,2.1,2.07,2.09,28974800.0,2.1,358400,2.11,163800,1.45,2.12,2.08,28974800,61020000.0,1.79,1.93,33.96,33.96,2.28,1.86,1.11
绿岛风,sz301043,51.7,51.09,51.24,678100.0,51.7,4300,51.75,1000,1.19,52.43,51.16,678100,35160000.0,1.19,2.49,29.34,35.16,61.31,40.87,0.72
獐子岛,sz002069,3.7,3.72,3.73,9477900.0,3.7,27200,3.71,465000,-0.54,3.76,3.69,9477900,35280000.0,1.33,1.88,26.28,26.31,4.09,3.35,0.78
新锦动力,sz300157,6.55,6.56,6.58,42503900.0,6.54,53400,6.55,94800,-0.15,6.63,6.44,42503900,278700000.0,6.0,2.9,46.36,49.38,7.87,5.25,0.7
五芳斋,sh603237,17.03,17.08,17.11,1406900.0,17.03,1400,17.05,300,-0.29,17.25,16.99,1406900,24070000.0,0.72,1.52,33.38,33.56,18.79,15.37,0.75
绿的谐波,sh688017,204.0,199.28,202.1,504375400.0,203.97,200,204.0,22900,2.37,207.98,201.08,504375400,1032430000.0,2.75,3.46,373.99,373.99,239.14,159.42,1.09
哈三联,sz002900,12.16,11.75,11.83,20592100.0,12.15,20100,12.16,29600,3.49,12.93,11.73,20592100,255570000.0,12.78,10.21,19.59,38.47,12.93,10.58,2.21
合肥高科,bj920718,13.0,12.8,12.8,282300.0,13.0,1900,13.01,4800,1.56,13.13,12.8,282300,3682900.0,0.65,2.58,5.6,11.79,16.64,8.96,0.67
鼎智科技,bj920593,26.73,25.36,25.53,3312600.0,26.71,800,26.73,9500,5.4,27.5,25.53,3312600,88889000.0,2.05,7.77,43.2,50.87,32.96,17.76,2.1
璞源材料,sh603196,32.5,31.33,31.64,12637500.0,32.5,77400,32.54,26700,3.73,33.88,31.2,12637500,411320000.0,5.33,8.55,77.02,136.07,34.46,28.2,1.66
光峰科技,sh688007,14.4,14.42,14.47,582811000.0,14.4,78700,14.43,2000,-0.14,14.55,14.35,582811000,84230000.0,1.27,1.39,66.18,66.18,17.3,11.54,1.19
沙河股份,sz000014,13.52,13.27,13.4,7369800.0,13.52,342400,13.53,25700,1.88,13.61,13.4,7369800,99530000.0,3.04,1.58,32.72,32.72,14.6,11.94,0.76
宣亚国际,sz300612,15.06,14.93,15.01,6348700.0,15.06,27500,15.07,174800,0.87,15.37,14.98,6348700,96350000.0,3.53,2.61,27.09,27.18,17.92,11.94,0.85
兆讯传媒,sz301102,10.8,10.78,10.92,2404700.0,10.79,4600,10.8,22600,0.19,10.98,10.78,2404700,26130000.0,0.59,1.86,43.85,43.85,12.94,8.62,0.92
金盾股份,sz300411,10.4,10.32,10.33,4794000.0,10.4,107500,10.41,8600,0.78,10.52,10.33,4794000,49960000.0,1.55,1.84,32.15,42.28,12.38,8.26,0.6
智度股份,sz000676,7.77,7.68,7.73,15788300.0,7.77,36000,7.78,236800,1.17,7.84,7.73,15788300,123020000.0,1.25,1.43,97.83,97.89,8.45,6.91,0.98
上海家化,sh600315,20.62,20.49,20.65,4149200.0,20.62,12500,20.63,19800,0.63,20.86,20.54,4149200,85820000.0,0.62,1.56,138.61,138.61,22.54,18.44,0.68
文投控股,sh600715,2.0,2.0,2.01,23253700.0,2.0,581200,2.01,1309200,0.0,2.03,2.0,23253700,46770000.0,0.81,1.5,57.25,81.2,2.2,1.8,0.92
国芳集团,sh601086,8.84,8.72,8.74,4968800.0,8.84,43100,8.85,83700,1.38,8.89,8.73,4968800,43890000.0,0.75,1.83,58.87,58.87,9.59,7.85,1.03
宝莫股份,sz002476,6.03,6.03,6.04,8137500.0,6.02,208300,6.03,153700,0.0,6.11,6.0,8137500,49250000.0,1.33,1.82,36.9,36.9,6.63,5.43,0.6
新兴装备,sz002933,32.65,32.36,32.56,1777900.0,32.65,4100,32.66,2000,0.9,32.99,32.38,1777900,58350000.0,1.52,1.89,38.12,38.31,35.6,29.12,1.09
中汽股份,sz301215,6.1,6.03,6.09,8837400.0,6.1,18000,6.11,48100,1.16,6.18,6.05,8837400,54090000.0,0.67,2.16,80.67,80.76,7.24,4.82,0.89
广农糖业,sz000911,6.24,6.22,6.24,5390100.0,6.23,7400,6.24,35000,0.32,6.31,6.2,5390100,33720000.0,1.35,1.77,24.98,24.98,6.84,5.6,0.66
华阳国际,sz002949,14.02,13.58,13.67,4036700.0,14.02,1300,14.03,200,3.24,14.25,13.67,4036700,56700000.0,2.66,4.27,21.29,27.49,14.94,12.22,1.41
武进不锈,sh603878,7.56,7.52,7.6,9646900.0,7.56,11800,7.57,107700,0.53,7.72,7.55,9646900,73600000.0,1.72,2.26,42.42,42.42,8.27,6.77,0.97
煌上煌,sz002695,10.8,10.73,10.8,4847100.0,10.79,10900,10.8,19600,0.65,10.98,10.77,4847100,52710000.0,0.95,1.96,55.24,60.44,11.8,9.66,0.98
思美传媒,sz002712,5.2,5.15,5.24,12364500.0,5.2,246200,5.21,8900,0.97,5.27,5.15,12364500,64570000.0,2.29,2.33,28.13,28.3,5.67,4.64,0.84
欧菲光,sz002456,9.35,9.0,9.05,185993400.0,9.34,766100,9.35,120100,3.89,9.81,9.03,185993400,1753850000.0,5.61,8.67,310.14,314.34,9.9,8.1,3.17
鼎汉技术,sz300011,7.53,7.45,7.52,6211100.0,7.53,71500,7.54,49300,1.07,7.64,7.5,6211100,46990000.0,1.22,1.88,38.2,45.6,8.94,5.96,0.62
火星人,sz300894,9.97,9.82,9.88,3810000.0,9.97,43300,9.98,5100,1.53,10.09,9.85,3810000,38090000.0,1.3,2.44,29.32,40.51,11.78,7.86,1.01
申联生物,sh688098,9.1,9.45,9.48,1598433900.0,9.1,24000,9.11,8000,-3.7,9.59,9.0,1598433900,147160000.0,3.89,6.24,37.37,37.37,11.34,7.56,0.69
东方材料,sh603110,16.25,15.93,16.12,8759700.0,16.24,4500,16.25,31700,2.01,16.84,16.12,8759700,144490000.0,4.35,4.52,32.7,32.7,17.52,14.34,0.91
竞业达,sz003005,18.2,17.84,18.05,2774000.0,18.19,4900,18.2,10200,2.02,18.53,17.88,2774000,50720000.0,2.18,3.64,23.11,42.11,19.62,16.06,1.34
正虹科技,sz000702,6.4,6.39,6.45,4775200.0,6.39,18200,6.4,92500,0.16,6.55,6.37,4775200,30740000.0,1.79,2.82,17.06,22.18,7.03,5.75,0.59
广汽集团,sh601238,7.27,7.17,7.18,16370000.0,7.27,966200,7.28,633500,1.39,7.29,7.18,16370000,118690000.0,0.22,1.53,536.79,741.33,7.89,6.45,1.07
飞沃科技,sz301232,174.0,176.5,178.58,5846600.0,174.0,24100,174.02,200,-1.42,183.7,173.22,5846600,1038170000.0,13.09,5.94,77.72,130.78,211.8,141.2,0.81
锦江酒店,sh600754,27.49,27.56,27.63,10671700.0,27.49,14500,27.5,1000,-0.25,27.87,27.45,10671700,294390000.0,1.18,1.52,249.07,293.13,30.32,24.8,0.83
威士顿,sz301315,50.3,49.57,50.2,1848200.0,50.3,3800,50.31,500,1.47,51.47,49.68,1848200,93870000.0,5.0,3.61,18.61,44.26,59.48,39.66,1.52
永顺生物,bj920729,8.22,8.15,8.19,1269900.0,8.21,8400,8.22,500,0.86,8.31,8.08,1269900,10454200.0,1.65,2.82,6.32,22.47,10.59,5.71,0.49
国际医学,sz000516,4.72,4.73,4.71,52485900.0,4.72,347700,4.73,640900,-0.21,4.75,4.65,52485900,247240000.0,2.38,2.11,104.07,105.68,5.2,4.26,0.88
正元智慧,sz300645,17.26,17.08,17.24,2773400.0,17.25,12300,17.26,100,1.05,17.45,17.17,2773400,48000000.0,1.99,1.64,24.05,24.53,20.5,13.66,0.85
名雕股份,sz002830,21.39,21.12,21.33,1449900.0,21.39,1700,21.42,200,1.28,21.55,21.13,1449900,31090000.0,2.17,1.99,14.3,28.52,23.23,19.01,0.72
科净源,sz301372,30.94,28.28,28.49,5348200.0,30.94,300,30.95,2200,9.41,31.99,28.3,5348200,162770000.0,12.99,13.05,12.74,21.22,33.94,22.62,3.17
奥特佳,sz002239,3.04,3.02,3.04,60270100.0,3.03,2515300,3.04,403000,0.66,3.08,3.03,60270100,184100000.0,1.85,1.66,99.29,100.88,3.32,2.72,1.05
*ST交投,sz002200,7.43,7.35,7.32,3104600.0,7.42,8700,7.43,500,1.09,7.58,7.32,3104600,23220000.0,1.59,3.54,14.54,33.52,7.72,6.98,2.36
贤丰控股,sz002141,3.75,3.71,3.73,21735900.0,3.74,185300,3.75,512400,1.08,3.84,3.73,21735900,82250000.0,2.13,2.96,38.21,38.74,4.08,3.34,1.38
美芝股份,sz002856,11.25,11.29,11.3,3694000.0,11.2,10000,11.25,2200,-0.35,11.5,11.15,3694000,41760000.0,2.98,3.1,13.94,15.22,12.42,10.16,0.85
三江购物,sh601116,13.84,13.68,13.85,6843700.0,13.83,54300,13.84,30600,1.17,14.03,13.76,6843700,95190000.0,1.25,1.97,75.8,75.8,15.05,12.31,0.8
中远通,sz301516,18.96,19.52,19.4,9409300.0,18.96,5100,18.97,3000,-2.87,19.74,18.88,9409300,181270000.0,13.41,4.41,13.31,53.22,23.42,15.62,0.76
天坛生物,sh600161,14.9,14.81,14.84,7940700.0,14.89,57200,14.9,1100,0.61,15.05,14.83,7940700,118600000.0,0.4,1.49,294.63,294.63,16.29,13.33,0.95
长城军工,sh601606,39.72,39.69,39.94,14269800.0,39.72,83900,39.73,4400,0.08,40.43,39.68,14269800,570440000.0,1.97,1.89,287.66,287.66,43.66,35.72,0.75
中信海直,sz000099,17.18,16.87,16.97,8297400.0,17.17,22600,17.18,1600,1.84,17.29,16.96,8297400,142600000.0,1.07,1.96,133.28,133.28,18.56,15.18,1.07
ST创意,sz300366,5.56,5.52,5.56,6538200.0,5.56,119300,5.57,39600,0.72,5.63,5.56,6538200,36580000.0,1.23,1.27,29.5,33.78,6.62,4.42,0.83
博通股份,sh600455,26.0,25.79,26.09,1741200.0,26.0,3500,26.04,400,0.81,26.41,25.81,1741200,45620000.0,2.79,2.33,16.24,16.24,28.37,23.21,0.63
普联软件,sz300996,16.49,16.31,16.5,8570000.0,16.48,2900,16.49,21700,1.1,16.65,16.37,8570000,141580000.0,3.62,1.72,39.01,46.63,19.57,13.05,0.57
华统股份,sz002840,12.58,12.98,12.86,52311600.0,12.58,156500,12.59,69000,-3.08,13.05,12.43,52311600,664560000.0,6.57,4.78,100.22,100.91,14.28,11.68,0.68
浙江黎明,sh603048,23.0,22.29,22.86,4644900.0,22.99,400,23.0,1600,3.19,23.32,22.59,4644900,106770000.0,3.16,3.28,33.78,33.78,24.52,20.06,2.06
国缆检测,sz301289,54.35,53.99,53.99,569800.0,54.35,16100,54.37,300,0.67,54.99,53.93,569800,31050000.0,0.74,1.96,42.12,42.39,64.79,43.19,1.04
久远银海,sz002777,16.44,16.19,16.51,6378500.0,16.44,10700,16.45,36100,1.54,16.66,16.42,6378500,105420000.0,1.58,1.48,66.5,67.11,17.81,14.57,1.09
陕西黑猫,sh601015,4.12,4.2,4.14,55909600.0,4.12,54700,4.13,905700,-1.9,4.16,4.09,55909600,230660000.0,2.74,1.67,84.15,84.15,4.62,3.78,0.6
捷安高科,sz300845,12.49,12.42,12.65,9937300.0,12.48,1000,12.49,15000,0.56,12.8,12.35,9937300,125280000.0,6.87,3.62,18.06,25.68,14.9,9.94,1.28
瑞玛精密,sz002976,28.06,27.85,28.0,2164300.0,28.06,2600,28.08,13600,0.75,28.58,27.99,2164300,61230000.0,3.25,2.12,18.71,42.01,30.64,25.07,0.97
华兰疫苗,sz301207,19.86,19.81,19.95,4990500.0,19.86,17300,19.87,4900,0.25,20.22,19.85,4990500,99760000.0,0.83,1.87,119.29,119.36,23.77,15.85,0.7
欧林生物,sh688319,28.9,28.49,28.68,684239400.0,28.9,80200,28.91,100,1.44,29.96,28.66,684239400,200240000.0,1.69,4.56,117.16,117.25,34.19,22.79,1.06
南京熊猫,sh600775,13.42,13.43,13.53,18937600.0,13.42,12400,13.43,118300,-0.07,13.66,13.4,18937600,255940000.0,2.82,1.94,90.16,122.64,14.77,12.09,0.72
鱼跃医疗,sz002223,32.6,32.21,32.3,10329300.0,32.59,13100,32.6,19900,1.21,32.99,32.22,10329300,337160000.0,1.1,2.39,306.49,326.81,35.43,28.99,1.23
动力源,sh600405,5.32,5.23,5.27,12092800.0,5.31,139000,5.32,18900,1.72,5.5,5.27,12092800,64970000.0,1.98,4.4,32.46,32.6,5.75,4.71,0.85
玉禾田,sz300815,21.23,20.84,20.93,3906000.0,21.23,14000,21.24,11200,1.87,21.45,20.93,3906000,83000000.0,1.0,2.5,82.88,84.62,25.01,16.67,1.24
中寰股份,bj920260,10.06,10.07,10.09,1827800.0,10.06,3000,10.12,1100,-0.1,10.25,10.04,1827800,18505800.0,1.85,2.09,9.95,10.42,13.09,7.05,0.83
大悦城,sz000031,2.94,2.89,2.92,17775100.0,2.94,12800,2.95,57600,1.73,2.98,2.91,17775100,52440000.0,0.41,2.42,126.02,126.02,3.18,2.6,1.08
上纬新材,sh688585,123.9,124.86,126.08,316058700.0,123.9,7600,123.91,200,-0.77,127.35,123.3,316058700,394920000.0,0.78,3.24,499.77,499.77,149.83,99.89,0.96
琏升科技,sz300051,12.39,12.79,12.71,28834200.0,12.39,62200,12.4,65800,-3.13,12.84,12.2,28834200,359390000.0,7.84,5.0,45.56,46.09,15.35,10.23,1.08
农尚环境,sz300536,7.91,7.92,7.99,3982800.0,7.9,16900,7.91,51300,-0.13,8.13,7.88,3982800,31670000.0,1.36,3.16,23.2,23.2,9.5,6.34,0.64
严牌股份,sz301081,15.48,15.13,15.27,6181500.0,15.47,5300,15.48,1900,2.31,15.61,14.97,6181500,94560000.0,2.83,4.23,33.83,35.25,18.16,12.1,0.69
思特奇,sz300608,12.46,12.67,12.81,23029600.0,12.46,39000,12.47,36500,-1.66,12.87,12.45,23029600,290790000.0,8.01,3.31,35.83,41.27,15.2,10.14,0.72
中亦科技,sz301208,34.06,33.32,33.68,1672600.0,34.06,2700,34.08,30000,2.22,34.5,33.68,1672600,57030000.0,2.53,2.46,22.5,40.87,39.98,26.66,1.35
泰鹏智能,bj920132,13.99,13.83,13.72,2129500.0,13.99,7900,14.0,2000,1.16,14.13,13.5,2129500,29322900.0,7.57,4.56,3.93,11.59,17.97,9.69,2.34
星华新材,sz301077,27.66,27.76,27.98,1888400.0,27.62,500,27.66,400,-0.36,28.28,27.5,1888400,52620000.0,1.98,2.81,26.39,47.04,33.31,22.21,1.22
元琛科技,sh688659,9.88,9.68,9.74,286576000.0,9.85,7700,9.88,14400,2.07,10.05,9.73,286576000,28360000.0,1.79,3.31,15.81,15.81,11.62,7.74,0.95
学大教育,sz000526,33.02,31.84,32.0,3693700.0,33.01,6100,33.02,14900,3.71,33.66,31.85,3693700,121940000.0,3.09,5.68,39.45,40.24,35.02,28.66,1.64
众智科技,sz301361,36.54,36.15,36.7,1960900.0,36.54,5100,36.55,300,1.08,36.91,36.2,1960900,71740000.0,6.44,1.96,11.12,42.51,43.38,28.92,1.02
鸿智科技,bj920926,14.31,14.15,14.15,442700.0,14.31,1400,14.34,200,1.13,14.43,14.15,442700,6349200.0,0.55,1.98,11.47,12.64,18.39,9.91,0.5
正泰电器,sh601877,33.53,32.75,32.98,30101900.0,33.52,33800,33.53,49200,2.38,33.88,32.89,30101900,1010460000.0,1.4,3.02,720.55,720.55,36.03,29.48,1.19
阳光乳业,sz001318,13.59,13.43,13.51,1540500.0,13.58,4700,13.59,28200,1.19,13.68,13.48,1540500,20940000.0,0.55,1.49,38.41,38.41,14.77,12.09,0.87
榕基软件,sz002474,7.66,7.62,7.69,9827500.0,7.66,15500,7.67,85200,0.52,7.78,7.66,9827500,75900000.0,1.85,1.57,40.66,47.66,8.38,6.86,0.75
超越科技,sz301049,22.2,21.79,21.91,1133900.0,22.19,500,22.2,2900,1.88,22.55,21.89,1133900,25220000.0,2.65,3.03,9.51,20.92,26.15,17.43,0.79
信濠光电,sz301051,21.44,21.02,21.11,2988300.0,21.42,2400,21.44,200,2.0,21.83,21.11,2988300,64550000.0,1.86,3.43,34.52,43.53,25.22,16.82,1.05
明阳电路,sz300739,27.09,27.06,27.0,39784200.0,27.09,71600,27.1,81800,0.11,27.85,26.91,39784200,1088380000.0,11.59,3.47,92.96,101.17,32.47,21.65,1.71
大位科技,sh600589,10.96,11.04,11.33,167755800.0,10.96,520400,10.97,248700,-0.72,11.36,10.93,167755800,1860170000.0,11.35,3.89,162.04,162.72,12.14,9.94,1.33
浩物股份,sz000757,4.78,4.73,4.77,12568300.0,4.78,186100,4.79,56300,1.06,4.85,4.74,12568300,60360000.0,2.36,2.33,25.46,25.46,5.2,4.26,1.02
华锋股份,sz002806,14.69,14.34,14.32,25742200.0,14.68,28400,14.69,61700,2.44,15.06,14.19,25742200,378230000.0,14.79,6.07,25.58,31.21,15.77,12.91,1.75
捷荣技术,sz002855,11.88,11.61,11.7,3598700.0,11.88,21800,11.89,10600,2.33,12.01,11.68,3598700,42890000.0,1.46,2.84,29.25,29.27,12.77,10.45,1.04
慧辰股份,sh688500,48.87,48.91,49.06,88322400.0,48.86,6500,48.87,500,-0.08,49.88,48.53,88322400,43350000.0,1.2,2.76,35.83,36.8,58.69,39.13,0.72
泰达股份,sz000652,4.11,4.12,4.16,15851700.0,4.11,421600,4.12,82100,-0.24,4.18,4.1,15851700,65360000.0,1.08,1.94,60.6,60.65,4.53,3.71,0.54
天源迪科,sz300047,12.15,12.01,12.13,12239300.0,12.15,76200,12.16,35100,1.17,12.25,12.07,12239300,149060000.0,2.13,1.5,69.73,77.49,14.41,9.61,0.92
众信旅游,sz002707,6.62,6.53,6.6,14257400.0,6.62,37800,6.63,141400,1.38,6.72,6.58,14257400,94770000.0,1.73,2.14,54.63,65.06,7.18,5.88,1.06
众合科技,sz000925,7.18,7.03,7.1,12920100.0,7.17,86600,7.18,188300,2.13,7.23,7.1,12920100,92780000.0,1.92,1.85,48.34,48.56,7.73,6.33,1.13
天永智能,sh603895,27.62,26.65,26.94,1799200.0,27.62,300,27.64,6800,3.64,28.13,26.64,1799200,49670000.0,1.66,5.59,29.85,29.85,29.32,23.99,1.26
*ST太和,sh605081,6.09,6.26,6.15,2746600.0,6.09,25300,6.11,2500,-2.72,6.4,6.06,2746600,17010000.0,2.43,5.43,6.9,6.9,6.57,5.95,0.82
中恒集团,sh600252,2.59,2.57,2.58,67019900.0,2.59,249000,2.6,755800,0.78,2.66,2.55,67019900,174150000.0,2.1,4.28,82.47,82.47,2.83,2.31,0.84
神思电子,sz300479,18.59,18.22,18.56,5744800.0,18.59,8600,18.6,13100,2.03,18.93,18.43,5744800,107570000.0,2.92,2.74,36.61,36.63,21.86,14.58,1.6
电魂网络,sh603258,17.99,18.0,18.03,3071000.0,17.98,3500,17.99,2400,-0.06,18.28,17.92,3071000,55490000.0,1.27,2.0,43.42,43.88,19.8,16.2,0.58
航新科技,sz300424,16.65,16.5,16.62,4883600.0,16.65,900,16.66,2400,0.91,16.95,16.61,4883600,82080000.0,1.99,2.06,40.84,40.87,19.8,13.2,0.94
正强股份,sz301119,44.98,42.92,43.36,2349300.0,44.94,1000,44.98,1800,4.8,45.16,43.1,2349300,104240000.0,2.79,4.8,37.83,46.78,51.5,34.34,1.77
龙星科技,sz002442,5.91,6.05,6.05,17517600.0,5.91,441400,5.92,4100,-2.31,6.06,5.87,17517600,104080000.0,3.56,3.14,29.12,29.74,6.66,5.45,0.86
大龙地产,sh600159,2.97,2.95,2.99,20693700.0,2.97,247200,2.98,329300,0.68,3.12,2.97,20693700,62380000.0,2.49,5.08,24.65,24.65,3.25,2.66,0.81
易实精密,bj920221,14.37,14.05,14.17,882300.0,14.35,700,14.37,4200,2.28,14.46,14.01,882300,12656600.0,1.43,3.2,8.88,16.67,18.26,9.84,1.46
安硕信息,sz300380,35.15,34.34,34.99,3701500.0,35.15,3900,35.16,56500,2.36,35.96,34.75,3701500,130910000.0,2.91,3.52,44.77,48.66,41.21,27.47,1.53
中重科技,sh603135,10.69,10.64,10.66,2017400.0,10.69,700,10.7,16500,0.47,10.84,10.65,2017400,21680000.0,0.32,1.79,67.3,67.8,11.7,9.58,0.77
天邦食品,sz002124,2.35,2.34,2.35,21297200.0,2.34,1781000,2.35,273200,0.43,2.37,2.34,21297200,50090000.0,1.08,1.28,46.35,52.22,2.57,2.11,0.57
成电光信,bj920008,25.52,25.1,25.27,798600.0,25.51,18800,25.52,1000,1.67,25.67,25.12,798600,20365600.0,2.38,2.19,8.57,16.27,32.63,17.57,0.93
华业香料,sz300886,28.97,28.69,28.91,1265000.0,28.96,1000,28.97,1000,0.98,29.28,28.54,1265000,36640000.0,2.9,2.58,12.64,21.67,34.43,22.95,1.03
远 望 谷,sz002161,7.46,7.47,7.53,14445000.0,7.46,147700,7.47,84300,-0.13,7.62,7.44,14445000,108880000.0,2.05,2.41,52.57,55.19,8.22,6.72,0.91
广电计量,sz002967,20.61,20.42,20.6,4722100.0,20.61,25300,20.62,12600,0.93,20.89,20.54,4722100,97810000.0,0.86,1.71,112.78,131.34,22.46,18.38,0.99
福莱新材,sh605488,33.71,33.29,33.49,5313800.0,33.71,147700,33.72,2800,1.26,34.44,33.44,5313800,180100000.0,1.92,3.0,93.11,101.76,36.62,29.96,1.31
和达科技,sh688296,13.76,13.67,13.73,131740700.0,13.75,500,13.76,5500,0.66,14.08,13.7,131740700,18260000.0,1.23,2.78,14.78,14.85,16.4,10.94,0.69
贝因美,sz002570,5.12,5.04,5.1,27908600.0,5.12,642900,5.13,393700,1.59,5.19,5.04,27908600,143030000.0,2.58,2.98,55.3,55.3,5.54,4.54,1.37
东方碳素,bj920175,9.83,9.73,9.74,646700.0,9.82,1100,9.83,4800,1.03,9.95,9.73,646700,6368800.0,0.82,2.26,7.79,11.7,12.64,6.82,0.84
西宁特钢,sh600117,2.58,2.59,2.6,10045700.0,2.58,637400,2.59,102200,-0.39,2.62,2.58,10045700,26100000.0,0.31,1.54,83.98,83.98,2.85,2.33,0.82
裕太微-U,sh688515,127.4,127.94,128.9,136755500.0,127.4,600,127.45,400,-0.42,130.98,127.25,136755500,176030000.0,2.75,2.92,63.47,101.92,153.53,102.35,0.89
*ST海华,sh600243,3.26,3.1,3.1,7388600.0,3.26,2132600,0.0,0,5.16,3.26,3.09,7388600,23640000.0,1.68,5.48,14.31,14.31,3.26,2.95,1.31
贝隆精密,sz301567,42.75,42.43,42.65,731000.0,42.75,700,42.76,400,0.75,43.3,42.65,731000,31440000.0,3.44,1.53,9.08,30.78,50.92,33.94,0.83
晶品特装,sh688084,61.6,61.87,62.12,177054300.0,61.58,700,61.6,6900,-0.44,63.5,61.11,177054300,110460000.0,2.34,3.86,46.61,46.61,74.24,49.5,1.53
亚联机械,sz001395,38.77,38.17,38.3,726400.0,38.77,600,38.78,100,1.57,39.0,38.22,726400,28180000.0,1.55,2.04,18.18,33.82,41.99,34.35,1.04
欧普泰,bj920414,12.31,12.26,12.42,2281100.0,12.31,9500,12.32,1500,0.41,12.63,12.29,2281100,28389400.0,4.07,2.77,6.9,9.82,15.93,8.59,0.79
大业股份,sh603278,10.79,10.71,10.73,6324700.0,10.79,16300,10.8,7300,0.75,11.01,10.73,6324700,68790000.0,1.85,2.61,36.88,36.88,11.78,9.64,1.15
澳弘电子,sh605058,36.12,35.01,35.6,5756200.0,36.1,200,36.12,16100,3.17,36.18,34.95,5756200,204800000.0,4.03,3.51,51.62,51.62,38.51,31.51,1.61
歌力思,sh603808,10.76,11.36,11.31,23334800.0,10.76,47500,10.77,5100,-5.28,11.34,10.66,23334800,252850000.0,6.32,5.99,39.71,39.71,12.5,10.22,2.36
五洲新春,sh603667,70.47,67.61,68.61,28220900.0,70.47,18600,70.48,78800,4.23,74.0,68.58,28220900,2013120000.0,7.71,8.02,258.06,258.06,74.37,60.85,2.05
太龙药业,sh600222,7.25,7.15,7.09,22481200.0,7.25,83000,7.26,97500,1.4,7.33,7.08,22481200,162190000.0,3.92,3.5,41.61,41.61,7.87,6.44,0.68
数字认证,sz300579,26.84,26.28,26.53,4664100.0,26.84,6300,26.85,1900,2.13,27.1,26.41,4664100,125000000.0,1.79,2.63,69.91,72.47,31.54,21.02,1.64
经纬恒润-W,sh688326,116.95,115.44,116.78,120558900.0,116.95,1800,116.96,2400,1.31,119.66,115.82,120558900,142500000.0,1.08,3.33,130.54,140.27,138.53,92.35,0.96
三角防务,sz300775,37.21,36.92,36.99,20896900.0,37.2,13300,37.21,77100,0.79,38.46,36.99,20896900,789120000.0,3.93,3.98,197.82,203.74,44.3,29.54,1.13
宏川智慧,sz002930,13.34,13.17,13.18,8683100.0,13.33,19200,13.34,29000,1.29,13.46,13.1,8683100,115600000.0,2.0,2.73,57.81,61.03,14.49,11.85,0.66
会稽山,sh601579,18.47,18.15,18.0,15649300.0,18.46,4600,18.47,1200,1.76,18.9,18.0,15649300,289620000.0,3.26,4.96,88.56,88.56,19.97,16.34,1.16
广宇集团,sz002133,3.34,3.31,3.34,13954600.0,3.34,57300,3.35,7000,0.91,3.39,3.33,13954600,46800000.0,1.81,1.81,25.71,25.86,3.64,2.98,0.85
中航成飞,sz302132,67.9,67.0,67.33,5435500.0,67.89,14300,67.9,2000,1.34,68.47,67.22,5435500,369120000.0,0.93,1.87,397.94,1814.35,80.4,53.6,1.37
大商股份,sh600694,16.67,16.57,16.62,1631200.0,16.67,8900,16.68,2800,0.6,16.75,16.62,1631200,27230000.0,0.47,0.78,57.4,57.4,18.23,14.91,0.84
广哈通信,sz300711,24.85,24.96,24.98,3629700.0,24.84,1100,24.85,26300,-0.44,25.36,24.82,3629700,90960000.0,1.46,2.16,61.73,69.69,29.95,19.97,1.02
光环新网,sz300383,17.2,17.48,17.8,141326400.0,17.19,273400,17.2,110400,-1.6,17.88,17.19,141326400,2474880000.0,7.88,3.95,308.49,309.19,20.98,13.98,0.77
美腾科技,sh688420,24.76,24.26,24.4,69624500.0,24.75,500,24.76,3700,2.06,24.89,24.4,69624500,17190000.0,1.67,2.02,10.33,21.9,29.11,19.41,0.75
保隆科技,sh603197,33.48,32.5,32.65,3383300.0,33.48,500,33.49,11500,3.02,34.37,32.64,3383300,113760000.0,1.58,5.32,71.53,71.53,35.75,29.25,2.17
宋城演艺,sz300144,7.85,7.76,7.79,25046400.0,7.85,210500,7.86,15500,1.16,7.94,7.78,25046400,197110000.0,1.06,2.06,185.17,206.04,9.31,6.21,1.19
南京公用,sz000421,6.45,6.38,6.4,7847800.0,6.44,50500,6.45,44600,1.1,6.48,6.38,7847800,50570000.0,1.37,1.57,37.04,37.05,7.02,5.74,0.83
赛象科技,sz002337,6.18,6.14,6.18,5565300.0,6.18,30200,6.19,35300,0.65,6.27,6.17,5565300,34640000.0,0.95,1.63,36.34,36.38,6.75,5.53,0.83
北汽蓝谷,sh600733,7.23,7.16,7.14,57271800.0,7.23,38200,7.24,891800,0.98,7.27,7.14,57271800,414010000.0,1.17,1.82,353.67,460.35,7.88,6.44,1.15
信捷电气,sh603416,49.1,48.29,48.81,1500800.0,49.09,100,49.1,5300,1.68,49.8,48.37,1500800,73960000.0,1.08,2.96,68.37,77.16,53.12,43.46,1.2
国睿科技,sh600562,25.42,25.17,25.25,7094400.0,25.42,46500,25.43,23600,0.99,25.82,25.25,7094400,181180000.0,0.57,2.26,315.68,315.68,27.69,22.65,1.09
凤凰光学,sh600071,20.71,21.0,20.79,6718000.0,20.71,1000,20.72,9400,-1.38,20.88,20.53,6718000,139110000.0,2.39,1.67,58.31,58.31,23.1,18.9,0.79
中电鑫龙,sz002298,9.97,9.99,10.07,31003400.0,9.96,191200,9.97,157100,-0.2,10.15,9.97,31003400,311410000.0,4.69,1.8,65.87,73.79,10.99,8.99,0.63
大胜达,sh603687,16.77,18.16,17.96,86910200.0,16.76,29400,16.77,118500,-7.65,18.16,16.72,86910200,1483630000.0,15.8,7.93,92.24,92.24,19.98,16.34,0.91
豫能控股,sz001896,13.21,12.8,12.99,113106700.0,13.21,926300,13.22,172400,3.2,13.35,12.63,113106700,1473110000.0,7.41,5.62,201.56,201.56,14.08,11.52,0.96
佳禾食品,sh605300,10.81,10.69,10.74,1815100.0,10.81,3800,10.82,3600,1.12,10.91,10.67,1815100,19680000.0,0.4,2.25,49.12,49.12,11.76,9.62,1.14
万达轴承,bj920002,84.01,82.97,83.0,523700.0,84.01,1600,84.06,200,1.25,85.2,83.0,523700,44194600.0,1.64,2.65,26.76,38.23,107.86,58.08,0.89
凯龙股份,sz002783,9.63,9.66,9.69,9308800.0,9.63,47000,9.64,57200,-0.31,9.84,9.61,9308800,90560000.0,2.02,2.38,44.41,48.09,10.63,8.69,0.63
中远海科,sz002401,15.09,15.17,15.26,4033600.0,15.09,29700,15.1,23100,-0.53,15.36,15.0,4033600,61230000.0,1.09,2.37,56.04,56.08,16.69,13.65,1.1
华丽家族,sh600503,2.39,2.34,2.35,18965300.0,2.38,49900,2.39,392400,2.14,2.46,2.35,18965300,45420000.0,1.18,4.7,38.29,38.29,2.57,2.11,0.85
达实智能,sz002421,2.69,2.74,2.72,78527300.0,2.69,395500,2.7,1138000,-1.82,2.74,2.67,78527300,212110000.0,3.91,2.55,53.98,57.04,3.01,2.47,1.22
浙江鼎力,sh603338,49.42,49.7,49.8,5611300.0,49.41,5300,49.42,8400,-0.56,50.44,49.21,5611300,278370000.0,1.11,2.47,250.24,250.24,54.67,44.73,1.88
京运通,sh601908,4.15,4.29,4.29,146679300.0,4.15,215700,4.16,1247000,-3.26,4.32,4.15,146679300,618070000.0,6.07,3.96,100.21,100.21,4.72,3.86,0.74
灿芯股份,sh688691,99.1,97.5,98.5,638626900.0,99.06,200,99.1,400,1.64,102.2,98.36,638626900,639890000.0,8.94,3.94,70.82,118.92,117.0,78.0,1.36
云意电气,sz300304,13.37,13.24,13.25,14139600.0,13.37,30000,13.38,49000,0.98,13.6,13.25,14139600,190230000.0,1.65,2.64,114.25,117.41,15.89,10.59,0.89
旭杰科技,bj920149,10.13,10.07,10.07,508300.0,10.13,5200,10.14,300,0.6,10.29,10.07,508300,5182200.0,0.8,2.18,6.41,7.75,13.09,7.05,0.51
恒立液压,sh601100,101.38,101.2,102.5,9753000.0,101.38,14900,101.39,400,0.18,103.4,101.0,9753000,997870000.0,0.73,2.37,1359.32,1359.32,111.32,91.08,0.95
世纪鼎利,sz300050,7.86,7.12,7.08,123911800.0,7.86,203800,7.87,78100,10.39,8.09,7.08,123911800,961660000.0,22.76,14.19,42.8,42.82,8.54,5.7,2.96
长江材料,sz001296,24.78,24.57,24.72,1463700.0,24.78,2500,24.8,1300,0.85,25.0,24.58,1463700,36390000.0,1.9,1.71,19.04,37.07,27.03,22.11,1.11
南天信息,sz000948,15.21,15.0,15.08,4518200.0,15.21,25200,15.23,25700,1.4,15.31,15.03,4518200,68720000.0,1.16,1.87,59.19,59.3,16.5,13.5,1.21
湘电股份,sh600416,12.3,12.43,12.3,26932200.0,12.29,143300,12.3,21400,-1.05,12.51,12.16,26932200,332370000.0,1.82,2.82,181.52,181.52,13.67,11.19,1.56
中牧股份,sh600195,8.11,8.42,8.34,45699500.0,8.11,245600,8.12,10100,-3.68,8.51,8.1,45699500,373510000.0,4.48,4.87,82.82,82.82,9.26,7.58,0.71
咸亨国际,sh605056,28.96,29.32,29.12,22318500.0,28.96,2900,28.98,500,-1.23,30.65,28.78,22318500,657760000.0,5.53,6.38,116.82,118.56,32.25,26.39,1.49
新芝生物,bj920685,12.35,12.25,12.35,604600.0,12.34,2000,12.35,1400,0.82,12.55,12.31,604600,7532900.0,1.1,1.96,6.78,11.3,15.92,8.58,0.58
灵康药业,sh603669,4.64,4.68,4.69,28935700.0,4.64,41500,4.65,146900,-0.85,5.0,4.56,28935700,136590000.0,4.01,9.4,33.47,33.47,5.15,4.21,0.8
黄山旅游,sh600054,12.29,12.56,12.53,18882400.0,12.29,87000,12.3,59400,-2.15,12.61,12.26,18882400,234070000.0,3.68,2.79,63.08,89.64,13.82,11.3,1.72
易华录,sz300212,7.92,8.35,8.38,39084200.0,7.91,438000,7.92,77900,-5.15,8.5,7.91,39084200,316380000.0,5.6,7.07,55.32,57.02,10.02,6.68,0.9
润贝航科,sz001316,49.33,49.65,49.66,2356600.0,49.33,500,49.34,500,-0.64,50.38,49.07,2356600,117040000.0,2.12,2.64,54.9,56.79,54.62,44.69,0.9
桃李面包,sh603866,4.96,4.95,4.97,7508500.0,4.96,398300,4.97,4300,0.2,5.01,4.96,7508500,37430000.0,0.47,1.01,79.35,79.35,5.45,4.46,0.96
*ST八钢,sh600581,2.84,2.77,2.73,65573100.0,2.83,221500,2.84,187300,2.53,2.9,2.72,65573100,183880000.0,4.28,6.5,43.53,43.53,2.91,2.63,0.96
中光学,sz002189,19.8,19.74,19.86,3481500.0,19.79,19600,19.8,54900,0.3,20.09,19.79,3481500,69450000.0,1.33,1.52,51.71,51.72,21.71,17.77,0.85
三维天地,sz301159,41.06,41.17,41.55,2239400.0,41.05,500,41.06,20000,-0.27,42.24,41.0,2239400,93260000.0,4.22,3.01,21.77,31.76,49.4,32.94,1.02
豪尔赛,sz002963,14.38,14.65,14.73,3060700.0,14.38,1300,14.39,100,-1.84,14.9,14.2,3060700,44740000.0,2.68,4.78,16.42,21.62,16.12,13.19,1.0
天音控股,sz000829,10.57,10.61,10.66,18694800.0,10.57,800,10.58,62000,-0.38,10.79,10.56,18694800,199920000.0,1.83,2.17,108.25,108.35,11.67,9.55,0.96
双塔食品,sz002481,4.49,4.47,4.48,7535500.0,4.48,116600,4.49,173400,0.45,4.55,4.46,7535500,33950000.0,0.67,2.01,50.2,55.39,4.92,4.02,0.9
龙软科技,sh688078,24.47,24.21,24.63,62364300.0,24.47,3500,24.48,18900,1.07,24.85,24.33,62364300,15340000.0,0.86,2.15,17.84,17.84,29.05,19.37,0.87
爱美客,sz300896,114.98,113.33,113.5,2117400.0,114.97,200,114.98,10200,1.46,115.9,113.34,2117400,243640000.0,1.04,2.26,235.08,347.92,136.0,90.66,0.93
迅捷兴,sh688655,27.36,28.01,28.01,1071892800.0,27.36,3300,27.37,29000,-2.32,28.3,27.1,1071892800,296450000.0,8.04,4.28,36.5,36.5,33.61,22.41,1.12
纳睿雷达,sh688522,32.52,31.88,32.1,300509700.0,32.52,1100,32.53,23800,2.01,32.95,32.1,300509700,98110000.0,2.44,2.67,40.03,98.53,38.26,25.5,0.95
武汉凡谷,sz002194,10.67,10.7,10.71,8467700.0,10.67,32600,10.68,42400,-0.28,10.85,10.67,8467700,91130000.0,1.66,1.68,54.51,72.91,11.77,9.63,0.9
中触媒,sh688267,30.66,30.54,30.84,249125600.0,30.65,900,30.66,11600,0.39,30.99,30.31,249125600,76420000.0,1.41,2.23,54.02,54.02,36.65,24.43,0.75
兴业科技,sz002674,13.04,13.1,13.11,1698900.0,13.03,6700,13.04,17700,-0.46,13.26,13.02,1698900,22290000.0,0.58,1.83,38.15,38.54,14.41,11.79,0.7
鹏翎股份,sz300375,4.9,4.81,4.84,11133700.0,4.9,284200,4.91,58900,1.87,4.93,4.83,11133700,54560000.0,2.11,2.08,25.88,37.23,5.77,3.85,0.88
熵基科技,sz301330,34.1,34.02,34.22,2971200.0,34.1,17200,34.11,13100,0.24,34.66,34.07,2971200,102160000.0,1.53,1.73,66.26,80.25,40.82,27.22,1.3
ST浩丰,sz300419,7.39,7.09,7.08,8565900.0,7.39,103000,7.4,78600,4.23,7.44,7.08,8565900,62590000.0,2.33,5.08,27.18,27.18,8.51,5.67,1.49
吉视传媒,sh601929,2.95,2.98,3.02,81596900.0,2.95,2677700,2.96,1743000,-1.01,3.03,2.94,81596900,243250000.0,2.37,3.02,101.68,102.95,3.28,2.68,0.93
交大昂立,sh600530,5.26,5.23,5.3,5433000.0,5.26,77900,5.27,3300,0.57,5.34,5.24,5433000,28770000.0,0.7,1.91,40.76,40.76,5.75,4.71,0.92
本钢板材,sz000761,3.05,3.14,3.18,18362800.0,3.05,103300,3.06,244200,-2.87,3.18,3.05,18362800,57020000.0,0.5,4.14,113.1,125.3,3.45,2.83,0.82
希荻微,sh688173,14.29,13.97,14.27,648432700.0,14.28,1500,14.29,7500,2.29,14.56,14.16,648432700,93130000.0,1.58,2.86,58.62,59.02,16.76,11.18,1.34
京北方,sz002987,16.86,16.37,16.49,20193600.0,16.86,22700,16.87,9800,2.99,17.14,16.42,20193600,340430000.0,2.39,4.4,142.22,146.25,18.01,14.73,2.37
新赛股份,sh600540,4.69,4.58,4.8,20935400.0,4.69,115400,4.7,7900,2.4,4.87,4.65,20935400,99090000.0,3.6,4.8,27.27,27.27,5.04,4.12,1.0
ST泉为,sz300716,14.76,14.57,14.58,7520000.0,14.75,4900,14.76,4600,1.3,15.09,14.43,7520000,110850000.0,4.7,4.53,23.62,23.62,17.48,11.66,1.44
新时达,sz002527,13.9,13.59,13.7,7089800.0,13.9,10000,13.91,37400,2.28,14.02,13.7,7089800,98680000.0,1.34,2.35,73.57,92.17,14.95,12.23,1.19
北新路桥,sz002307,4.58,4.64,4.66,43489400.0,4.58,468000,4.59,422000,-1.29,4.7,4.58,43489400,200710000.0,3.43,2.59,58.09,75.51,5.1,4.18,0.53
三只松鼠,sz300783,18.64,18.37,18.54,4770400.0,18.64,38000,18.65,32400,1.47,18.8,18.46,4770400,89070000.0,1.7,1.85,52.24,74.87,22.04,14.7,1.27
汇通集团,sh603176,5.45,5.4,5.4,3271500.0,5.44,91900,5.45,88100,0.93,5.5,5.4,3271500,17850000.0,0.71,1.85,25.17,25.9,5.94,4.86,0.59
银宝山新,sz002786,7.16,7.06,7.11,5566600.0,7.16,72400,7.17,3700,1.42,7.23,7.1,5566600,40010000.0,1.13,1.84,35.38,35.49,7.77,6.35,0.78
泉阳泉,sh600189,7.59,7.38,7.41,12479900.0,7.59,17000,7.6,99300,2.85,7.7,7.41,12479900,94820000.0,1.74,3.93,54.28,54.28,8.12,6.64,1.23
新致软件,sh688590,14.29,14.43,14.52,1385486700.0,14.28,64200,14.29,2300,-0.97,14.7,14.29,1385486700,200100000.0,4.92,2.84,40.23,40.23,17.32,11.54,1.24
秋田微,sz300939,38.56,38.9,39.36,5074300.0,38.55,2500,38.56,8300,-0.87,39.38,38.44,5074300,197110000.0,4.23,2.42,46.27,46.27,46.68,31.12,0.83
贵航股份,sh600523,14.01,13.91,13.9,2667600.0,14.01,35400,14.02,2100,0.72,14.16,13.83,2667600,37570000.0,0.66,2.37,56.61,56.64,15.3,12.52,0.91
小崧股份,sz002723,9.68,9.48,9.58,12064800.0,9.68,12000,9.7,58300,2.11,9.85,9.48,12064800,116860000.0,3.8,3.9,30.7,32.17,10.43,8.53,1.16
拉芳家化,sh603630,16.02,15.85,15.9,2692900.0,16.02,200,16.03,200,1.07,16.23,15.87,2692900,43310000.0,1.2,2.27,36.08,36.08,17.44,14.27,1.04
工大科雅,sz301197,26.02,23.75,27.04,17354700.0,26.02,1600,26.06,1100,9.56,27.98,25.58,17354700,462490000.0,15.96,10.11,28.3,31.36,28.5,19.0,3.96
康为世纪,sh688426,20.16,20.06,20.07,115754400.0,20.12,4200,20.16,3300,0.5,20.63,20.01,115754400,23490000.0,3.01,3.09,7.75,22.68,24.07,16.05,0.88
天马科技,sh603668,14.21,14.07,14.1,15908300.0,14.21,25200,14.22,16100,1.0,14.77,13.94,15908300,227680000.0,3.15,5.9,71.87,71.87,15.48,12.66,1.13
华仁药业,sz300110,3.23,3.24,3.26,42459100.0,3.22,477000,3.23,1300,-0.31,3.32,3.21,42459100,138190000.0,3.6,3.4,38.14,38.19,3.89,2.59,0.59
豪声电子,bj920701,15.55,15.28,15.28,667000.0,15.52,1500,15.55,0,1.77,15.7,15.28,667000,10386500.0,0.67,2.75,15.58,21.33,19.86,10.7,1.0
国中水务,sh600187,1.86,1.83,1.85,22071500.0,1.85,979200,1.86,50100,1.64,1.88,1.85,22071500,41170000.0,1.37,1.64,30.02,30.02,2.01,1.65,0.75
安达维尔,sz300719,15.77,15.68,15.77,3946200.0,15.77,47600,15.78,34100,0.57,16.0,15.76,3946200,62640000.0,2.2,1.53,28.33,40.09,18.82,12.54,0.83
东方国信,sz300166,15.89,16.03,16.7,179320300.0,15.88,426200,15.89,24700,-0.87,17.18,15.86,179320300,2948310000.0,19.8,8.23,143.93,180.95,19.24,12.82,1.04
嘉泽新能,sh601619,5.21,5.19,5.19,42643200.0,5.21,294700,5.22,558800,0.39,5.3,5.15,42643200,222810000.0,1.75,2.89,126.85,151.76,5.71,4.67,0.79
神马股份,sh600810,8.78,9.05,8.87,43058600.0,8.78,271800,8.79,162000,-2.98,9.03,8.76,43058600,381860000.0,3.91,2.98,96.71,97.57,9.96,8.15,0.89
新 大 陆,sz000997,20.18,19.79,19.97,31955000.0,20.17,18100,20.18,27200,1.97,20.4,19.86,31955000,644110000.0,3.17,2.73,203.3,204.44,21.77,17.81,2.16
广电电气,sh601616,4.76,4.75,4.78,24596500.0,4.75,418200,4.76,64400,0.21,4.81,4.73,24596500,117200000.0,2.88,1.68,40.63,40.63,5.23,4.28,0.94
石基信息,sz002153,9.77,9.61,9.7,16133000.0,9.77,20200,9.78,136500,1.66,9.88,9.7,16133000,157700000.0,1.01,1.87,156.3,266.64,10.57,8.65,0.86
武商集团,sz000501,8.55,8.43,8.47,5957600.0,8.55,15700,8.56,12700,1.42,8.61,8.47,5957600,50920000.0,0.78,1.66,65.68,65.75,9.27,7.59,1.27
亿晶光电,sh600537,4.07,3.7,3.73,211273500.0,4.07,8622700,0.0,0,10.0,4.07,3.7,211273500,840270000.0,17.85,10.0,48.18,48.18,4.07,3.33,1.78
ST开元,sz300338,3.62,3.67,3.67,7504200.0,3.62,26900,3.63,22100,-1.36,3.71,3.58,7504200,27360000.0,2.15,3.54,12.65,14.58,4.4,2.94,1.4
华达科技,sh603358,34.38,34.77,35.17,11793400.0,34.38,37800,34.39,600,-1.12,35.39,34.28,11793400,410630000.0,2.59,3.19,156.49,161.5,38.25,31.29,0.69
慈星股份,sz300307,6.47,6.44,6.48,5159900.0,6.47,52000,6.48,52100,0.47,6.54,6.47,5159900,33580000.0,0.66,1.09,50.91,51.8,7.73,5.15,0.84
天秦装备,sz300922,19.98,19.85,20.01,3919300.0,19.98,19200,19.99,13000,0.65,20.52,19.97,3919300,79080000.0,3.14,2.77,24.95,31.72,23.82,15.88,1.01
深 赛 格,sz000058,8.06,7.99,8.06,4979100.0,8.06,69700,8.07,91800,0.88,8.16,8.02,4979100,40360000.0,0.51,1.75,79.37,99.23,8.79,7.19,0.83
中裕科技,bj920694,17.44,17.26,17.48,491700.0,17.43,1200,17.44,2100,1.04,17.73,17.33,491700,8624700.0,0.79,2.32,10.9,23.04,22.43,12.09,0.52
三环集团,sz300408,59.62,58.58,59.3,31303800.0,59.6,3000,59.62,1900,1.78,61.16,59.14,31303800,1880710000.0,1.67,3.45,1114.78,1142.62,70.3,46.86,1.5
绿能慧充,sh600212,7.51,7.14,7.19,28693100.0,7.5,55400,7.51,180400,5.18,7.77,7.19,28693100,214710000.0,5.4,8.12,39.89,52.88,7.85,6.43,3.48
大洋电机,sz002249,9.35,9.21,9.3,32312600.0,9.35,123300,9.36,760400,1.52,9.47,9.3,32312600,303100000.0,1.74,1.85,173.93,230.39,10.13,8.29,0.99
优博讯,sz300531,20.23,20.28,20.28,33601100.0,20.23,12900,20.24,40500,-0.25,20.58,19.91,33601100,681160000.0,10.88,3.3,62.46,64.95,24.34,16.22,1.2
华侨城Ａ,sz000069,2.23,2.19,2.19,42025400.0,2.22,1802100,2.23,428900,1.83,2.25,2.19,42025400,93780000.0,0.61,2.74,153.84,179.24,2.41,1.97,1.14
三诺生物,sz300298,16.17,15.9,16.04,3617000.0,16.16,20400,16.17,5100,1.7,16.29,15.97,3617000,58520000.0,0.8,2.01,72.91,90.6,19.08,12.72,1.02
诚益通,sz300430,17.95,17.83,17.89,4840600.0,17.94,4600,17.95,17400,0.67,18.26,17.89,4840600,87490000.0,1.86,2.08,46.64,49.01,21.4,14.26,0.86
华伍股份,sz300095,9.79,9.62,9.65,12060900.0,9.79,11100,9.8,26400,1.77,10.0,9.62,12060900,118500000.0,3.51,3.95,33.61,41.13,11.54,7.7,1.77
德业股份,sh605117,139.6,126.91,136.0,12777300.0,139.6,1211800,0.0,0,10.0,139.6,135.76,12777300,1776660000.0,1.41,3.03,1269.43,1269.43,139.6,114.22,0.95
亚泰集团,sh600881,1.59,1.6,1.61,29618400.0,1.59,2603100,1.6,737900,-0.63,1.63,1.59,29618400,47650000.0,0.92,2.5,51.39,51.39,1.76,1.44,0.91
国联水产,sz300094,3.14,3.13,3.15,25395400.0,3.14,192800,3.15,1199700,0.32,3.18,3.13,25395400,80130000.0,2.3,1.6,34.71,35.42,3.76,2.5,0.83
中衡设计,sh603017,13.39,13.63,13.95,21871000.0,13.38,39400,13.39,18400,-1.76,14.18,13.38,21871000,300170000.0,7.92,5.87,36.98,36.98,14.99,12.27,0.65
湖南天雁,sh600698,7.45,7.34,7.44,23484500.0,7.45,51500,7.46,88100,1.5,7.68,7.4,23484500,176680000.0,2.83,3.81,61.87,79.61,8.07,6.61,0.87
航天智造,sz300446,20.52,20.26,20.44,12788300.0,20.51,11200,20.52,85500,1.28,20.79,20.27,12788300,263470000.0,3.42,2.57,76.65,173.48,24.31,16.21,1.28
齐鲁华信,bj920832,6.57,6.52,6.53,883400.0,6.57,9600,6.58,12900,0.77,6.65,6.53,883400,5820599.999999999,0.72,1.84,8.1,9.12,8.47,4.57,0.56
保税科技,sh600794,3.72,3.65,3.65,22060000.0,3.72,29000,3.73,238400,1.92,3.77,3.65,22060000,81780000.0,1.84,3.29,44.65,44.65,4.02,3.29,1.3
中国中免,sh601888,69.04,67.89,68.18,21635800.0,69.04,15300,69.05,32000,1.69,69.65,68.01,21635800,1492340000.0,1.11,2.42,1347.99,1434.51,74.68,61.1,1.12
久其软件,sz002279,8.21,8.21,8.28,19019500.0,8.21,88300,8.22,20100,0.0,8.36,8.21,19019500,157550000.0,2.41,1.83,64.84,70.79,9.03,7.39,0.91
神驰机电,sh603109,21.39,20.86,20.86,3134900.0,21.39,14500,21.4,33000,2.54,21.55,20.86,3134900,66870000.0,1.5,3.31,44.67,44.67,22.95,18.77,1.22
中国电影,sh600977,13.92,13.77,13.85,36554200.0,13.91,39900,13.92,129900,1.09,14.14,13.78,36554200,510350000.0,1.96,2.61,259.89,259.89,15.15,12.39,1.51
天臣医疗,sh688013,38.07,35.88,35.95,204898500.0,38.07,2100,38.09,3600,6.1,38.39,35.95,204898500,77120000.0,2.52,6.8,30.9,30.9,43.06,28.7,1.42
峨眉山Ａ,sz000888,12.55,12.43,12.49,10399800.0,12.54,38200,12.55,35300,0.97,12.75,12.45,10399800,130820000.0,1.97,2.41,66.13,66.13,13.67,11.19,0.88
南卫股份,sh603880,6.53,6.49,6.53,5557800.0,6.52,20500,6.53,16400,0.62,6.59,6.4,5557800,36280000.0,1.92,2.93,18.87,18.87,7.14,5.84,0.71
行动教育,sh605098,57.33,56.15,56.3,1282300.0,57.33,11600,57.35,400,2.1,57.57,55.5,1282300,72870000.0,1.08,3.69,68.37,68.37,61.77,50.54,1.01
扬电科技,sz301012,29.71,29.77,30.08,7891700.0,29.71,700,29.72,10000,-0.2,30.38,29.65,7891700,236790000.0,4.01,2.45,58.52,58.52,35.72,23.82,0.88
博实结,sz301608,85.38,83.34,84.48,688600.0,85.33,300,85.38,800,2.45,86.1,83.72,688600,58580000.0,1.72,2.86,34.1,75.98,100.01,66.67,1.06
格利尔,bj920641,18.41,18.11,18.39,1212000.0,18.41,4700,18.43,5700,1.66,18.65,18.24,1212000,22417199.999999996,2.67,2.26,8.36,13.82,23.54,12.68,0.63
民士达,bj920394,46.06,45.2,45.65,1186600.0,46.06,200,46.07,400,1.9,47.09,45.41,1186600,55030300.0,0.82,3.72,66.87,67.36,58.76,31.64,0.96
广东建科,sz301632,20.55,20.45,20.58,1503400.0,20.55,4000,20.56,45300,0.49,20.75,20.52,1503400,31020000.0,2.05,1.12,15.06,86.01,24.54,16.36,0.73
西麦食品,sz002956,28.77,29.24,29.23,2503600.0,28.76,1300,28.77,4000,-1.61,29.6,28.57,2503600,72820000.0,1.12,3.52,64.22,64.23,32.16,26.32,0.96
新大正,sz002968,11.76,11.66,11.72,2556200.0,11.76,1400,11.77,1500,0.86,11.93,11.69,2556200,30190000.0,1.2,2.06,25.07,26.61,12.83,10.49,0.86
来伊份,sh603777,16.97,15.43,16.67,39703300.0,16.97,1991400,0.0,0,9.98,16.97,16.0,39703300,666270000.0,11.87,6.29,56.75,56.75,16.97,13.89,4.17
塞力医疗,sh603716,23.37,22.72,22.99,25317300.0,23.37,47300,23.38,8600,2.86,24.0,22.66,25317300,591260000.0,11.61,5.9,50.97,50.97,24.99,20.45,0.81
朗新科技,sz300682,16.11,15.86,15.98,22485100.0,16.11,10700,16.12,26100,1.58,16.44,15.89,22485100,363330000.0,2.18,3.47,166.15,173.7,19.03,12.69,1.2
秦安股份,sh603758,12.84,12.36,12.43,5601500.0,12.84,107800,12.85,3600,3.88,13.03,12.4,5601500,71660000.0,1.28,5.1,56.34,56.34,13.6,11.12,1.6
中航重机,sh600765,16.41,16.2,16.38,20068100.0,16.41,84900,16.42,72200,1.3,16.74,16.33,20068100,331500000.0,1.29,2.53,254.76,254.76,17.82,14.58,1.22
宝色股份,sz300402,19.03,18.79,18.94,3087100.0,19.03,8400,19.04,15100,1.28,19.21,18.94,3087100,58960000.0,1.27,1.44,46.36,46.96,22.55,15.03,0.82
深信服,sz300454,105.49,102.75,104.0,12942200.0,105.49,800,105.5,51700,2.67,107.47,103.16,12942200,1370240000.0,4.49,4.19,303.81,455.25,123.3,82.2,1.27
南威软件,sh603636,9.22,9.15,9.25,5594900.0,9.22,145600,9.23,10600,0.77,9.34,9.22,5594900,51920000.0,0.96,1.31,53.51,53.51,10.07,8.24,0.82
浙江大农,bj920855,15.83,15.65,15.6,235100.0,15.83,2400,15.85,0,1.15,16.09,15.59,235100,3726700.0,0.35,3.19,10.61,11.83,20.34,10.96,0.69
皓宸医疗,sz002622,2.6,2.59,2.6,14460300.0,2.59,308600,2.6,20900,0.39,2.66,2.57,14460300,37780000.0,1.72,3.47,21.84,21.84,2.85,2.33,0.54
壶化股份,sz003002,27.71,27.96,27.95,2570700.0,27.7,11000,27.71,12200,-0.89,28.3,27.67,2570700,71960000.0,1.41,2.25,50.67,55.42,30.76,25.16,0.7
泰德股份,bj920378,8.88,8.81,8.82,537600.0,8.87,6900,8.88,7000,0.79,9.0,8.8,537600,4796600.0,0.48,2.27,9.89,13.81,11.45,6.17,0.57
米奥会展,sz300795,11.93,11.66,11.71,3083500.0,11.92,4700,11.93,2500,2.32,12.01,11.69,3083500,36730000.0,1.77,2.74,20.76,35.66,13.99,9.33,0.98
新安洁,bj920370,3.45,3.42,3.42,2058000.0,3.45,35800,3.47,34500,0.88,3.51,3.42,2058000,7156500.0,0.79,2.63,9.02,10.36,4.44,2.4,0.81
通程控股,sz000419,5.89,5.78,5.86,6324800.0,5.89,1500,5.9,122100,1.9,5.93,5.81,6324800,37270000.0,1.16,2.08,32.02,32.02,6.36,5.2,0.98
*ST阳光,sz000608,4.09,4.12,4.11,10202400.0,4.09,196000,4.1,155100,-0.73,4.18,4.08,10202400,42070000.0,1.37,2.43,30.49,30.67,4.33,3.91,0.64
万事利,sz301066,14.22,14.04,14.22,3992500.0,14.21,30600,14.22,23700,1.28,14.39,14.13,3992500,57070000.0,1.71,1.85,33.15,33.41,16.85,11.23,0.85
美湖股份,sh603319,33.28,32.46,32.69,14334000.0,33.27,9300,33.28,9400,2.53,33.63,32.5,14334000,473770000.0,4.23,3.48,112.87,112.87,35.71,29.21,2.06
万马科技,sz300698,35.42,35.17,35.37,1871400.0,35.41,500,35.42,14600,0.71,35.86,35.19,1871400,66700000.0,1.58,1.91,41.99,47.46,42.2,28.14,0.84
东方嘉盛,sz002889,13.46,13.25,13.35,1927000.0,13.46,4500,13.47,7000,1.58,13.52,13.33,1927000,25920000.0,0.77,1.43,33.82,50.83,14.58,11.93,1.24
良品铺子,sh603719,10.3,10.13,10.18,3381600.0,10.29,47600,10.3,31000,1.68,10.37,10.13,3381600,34820000.0,0.84,2.37,41.3,41.3,11.14,9.12,1.2
新产业,sz300832,46.4,46.36,46.5,3744100.0,46.39,100,46.4,4200,0.09,46.85,46.0,3744100,173970000.0,0.55,1.83,316.97,364.57,55.63,37.09,1.01
天晟新材,sz300169,5.92,5.86,5.91,6928200.0,5.92,111300,5.93,41600,1.02,6.02,5.89,6928200,41200000.0,2.3,2.22,17.86,19.3,7.03,4.69,0.79
荣安地产,sz000517,1.92,1.91,1.93,17259800.0,1.92,214300,1.93,544800,0.52,1.97,1.91,17259800,33490000.0,0.69,3.14,47.85,61.13,2.1,1.72,0.89
三夫户外,sz002780,15.06,15.06,15.23,3964800.0,15.06,22200,15.07,900,0.0,15.29,15.0,3964800,59890000.0,3.03,1.93,19.68,24.9,16.57,13.55,0.94
汉威科技,sz300007,43.55,42.85,43.4,9472300.0,43.55,17200,43.56,34000,1.63,44.55,43.4,9472300,416120000.0,3.34,2.68,123.37,142.6,51.42,34.28,1.4
林泰新材,bj920106,64.35,63.71,63.73,417700.0,64.35,400,64.39,3900,1.0,65.11,63.73,417700,26993400.0,0.96,2.17,28.09,36.42,82.82,44.6,0.56
云南城投,sh600239,2.06,2.05,2.07,15224000.0,2.06,96700,2.07,965200,0.49,2.1,2.05,15224000,31560000.0,0.95,2.44,33.08,33.08,2.26,1.85,0.66
三祥新材,sh603663,42.99,41.9,42.8,8679700.0,42.98,7300,42.99,1300,2.6,43.6,42.08,8679700,372370000.0,2.05,3.63,181.77,181.98,46.09,37.71,1.29
前进科技,bj920679,17.81,17.53,17.57,292800.0,17.71,300,17.81,6100,1.6,18.13,17.46,292800,5225100.0,0.79,3.82,6.62,9.95,22.78,12.28,1.29
佳讯飞鸿,sz300213,7.85,7.78,7.79,7558200.0,7.84,34500,7.85,160000,0.9,7.97,7.79,7558200,59770000.0,1.37,2.31,43.35,46.66,9.34,6.22,0.99
隆基机械,sz002363,8.67,7.88,8.01,29107500.0,8.67,4815500,0.0,0,10.03,8.67,7.93,29107500,244650000.0,7.0,9.39,36.05,36.14,8.67,7.09,5.24
毓恬冠佳,sz301173,43.07,42.7,42.95,525000.0,43.06,100,43.07,1800,0.87,43.36,42.81,525000,22660000.0,1.7,1.29,13.28,37.83,51.24,34.16,1.0
万通智控,sz300643,17.6,17.44,17.59,3750600.0,17.59,21600,17.6,10200,0.92,17.8,17.53,3750600,66330000.0,1.63,1.55,40.6,40.7,20.93,13.95,0.88
同辉信息,bj920090,6.2,6.09,6.14,5968000.0,6.2,28900,6.22,1500,1.81,6.58,6.13,5968000,37862500.0,4.41,7.39,8.39,12.36,7.91,4.27,0.97
南京新百,sh600682,7.35,7.43,7.41,28657700.0,7.35,261000,7.36,194700,-1.08,7.53,7.35,28657700,212980000.0,2.46,2.42,85.56,98.87,8.17,6.69,0.73
亚士创能,sh603378,5.48,5.33,5.35,8039800.0,5.48,22700,5.49,32600,2.81,5.53,5.33,8039800,44000000.0,1.88,3.75,23.49,23.49,5.86,4.8,0.98
晋拓股份,sh603211,26.07,26.3,26.5,9469100.0,26.07,2400,26.08,4200,-0.87,26.9,26.01,9469100,249980000.0,3.48,3.38,70.86,70.86,28.93,23.67,1.06
科力股份,bj920088,53.5,53.88,52.72,7590400.0,53.5,8700,53.52,600,-0.71,53.94,51.2,7590400,398533300.0,23.31,5.09,17.42,47.12,70.04,37.72,0.76
粤万年青,sz301111,20.08,20.8,20.8,14558900.0,20.07,3600,20.08,7800,-3.46,20.9,19.92,14558900,294900000.0,9.1,4.71,32.13,32.13,24.96,16.64,1.98
莫高股份,sh600543,4.79,4.76,4.82,3599400.0,4.79,2800,4.8,30900,0.63,4.86,4.75,3599400,17280000.0,1.12,2.31,15.38,15.38,5.24,4.28,0.6
派林生物,sz000403,12.82,12.74,12.75,6215300.0,12.82,51200,12.83,33900,0.63,12.93,12.72,6215300,79800000.0,0.66,1.65,120.6,121.84,14.01,11.47,0.89
邦德股份,bj920271,14.0,13.87,13.94,542500.0,13.99,8400,14.0,3500,0.94,14.09,13.89,542500,7600400.0,0.94,1.44,8.1,18.32,18.03,9.71,0.91
众兴菌业,sz002772,17.36,17.54,17.71,11079700.0,17.36,9800,17.37,25800,-1.03,17.73,17.0,11079700,192570000.0,2.98,4.16,64.52,65.06,19.29,15.79,1.09
盛达资源,sz000603,40.51,41.1,41.4,15104500.0,40.5,1300,40.51,9300,-1.44,41.7,40.47,15104500,619310000.0,2.27,2.99,270.09,279.51,45.21,36.99,0.79
益民集团,sh600824,4.02,3.97,3.98,6963300.0,4.01,78100,4.02,144700,1.26,4.05,3.97,6963300,28000000.0,0.66,2.02,42.37,42.37,4.37,3.57,0.8
通源石油,sz300164,14.57,14.35,14.33,146612700.0,14.57,48000,14.58,107000,1.53,14.73,14.05,146612700,2108630000.0,25.14,4.74,84.97,85.74,17.22,11.48,0.91
天纺标,bj920753,18.4,18.23,18.32,404500.0,18.39,7000,18.4,2200,0.93,18.7,18.25,404500,7487000.0,1.25,2.47,5.96,14.98,23.69,12.77,1.19
金枫酒业,sh600616,5.08,5.02,5.06,5672600.0,5.07,49100,5.08,160500,1.2,5.12,5.05,5672600,28880000.0,0.85,1.39,33.99,33.99,5.52,4.52,0.82
三友医疗,sh688085,18.12,17.96,17.97,360927300.0,18.12,1100,18.13,900,0.89,18.56,17.97,360927300,65970000.0,1.13,3.29,57.76,60.42,21.55,14.37,1.02
华洋赛车,bj920058,28.18,28.26,28.28,560200.0,28.18,1800,28.42,4000,-0.28,28.84,28.18,560200,15997000.0,2.03,2.34,7.78,15.8,36.73,19.79,0.41
康斯特,sz300445,20.41,20.35,20.48,3796700.0,20.41,9000,20.42,54800,0.29,20.78,20.35,3796700,77940000.0,2.7,2.11,28.69,43.36,24.42,16.28,0.99
广厦环能,bj920703,13.67,13.52,13.53,458100.0,13.67,6100,13.68,1500,1.11,13.86,13.53,458100,6287500.0,0.6,2.44,10.43,20.6,17.57,9.47,0.77
晨曦航空,sz300581,12.89,12.75,12.8,7633600.0,12.89,27800,12.9,20600,1.1,13.09,12.8,7633600,99040000.0,1.39,2.27,70.91,70.91,15.3,10.2,1.18
中信尼雅,sh600084,6.71,6.66,6.69,5786800.0,6.7,24500,6.71,14200,0.75,6.83,6.66,5786800,38920000.0,0.51,2.55,75.4,75.4,7.33,5.99,1.14
倍杰特,sz300774,17.34,17.43,17.52,7206600.0,17.34,3100,17.35,300,-0.52,17.71,17.28,7206600,125980000.0,3.7,2.47,33.79,70.88,20.92,13.94,0.95
广和通,sz300638,25.24,25.01,25.24,12801900.0,25.23,3900,25.24,11000,0.92,25.59,25.17,12801900,324640000.0,2.41,1.68,133.89,226.97,30.01,20.01,0.98
宝胜股份,sh600973,7.09,6.97,7.0,60896800.0,7.09,27700,7.1,276400,1.72,7.28,6.88,60896800,431390000.0,4.44,5.74,97.23,97.23,7.67,6.27,2.17
伊戈尔,sz002922,39.75,37.65,38.0,30162900.0,39.75,17600,39.76,2700,5.58,40.68,37.72,30162900,1187730000.0,8.06,7.86,148.73,168.22,41.42,33.89,1.96
新力金融,sh600318,7.67,7.52,7.57,16521300.0,7.67,30200,7.68,93000,1.99,7.79,7.56,16521300,127180000.0,3.22,3.06,39.33,39.33,8.27,6.77,1.03
日发精机,sz002520,5.52,5.45,5.49,16978900.0,5.52,165600,5.53,341300,1.28,5.6,5.49,16978900,94270000.0,2.37,2.02,39.6,41.41,6.0,4.91,0.92
泰豪科技,sh600590,14.84,14.11,14.28,76208900.0,14.84,19600,14.85,88100,5.17,15.15,14.06,76208900,1125990000.0,9.03,7.73,125.19,126.57,15.52,12.7,1.41
金正大,sz002470,2.91,2.96,2.96,198153300.0,2.91,7908300,2.92,856600,-1.69,3.0,2.9,198153300,582370000.0,6.03,3.38,95.62,95.62,3.26,2.66,0.56
铁大科技,bj920541,12.04,11.92,12.0,636100.0,12.01,9600,12.04,16100,1.01,12.16,11.97,636100,7671300.0,0.71,1.59,10.84,16.46,15.49,8.35,0.51
瑞迪智驱,sz301596,68.64,68.3,68.7,859600.0,68.63,10500,68.64,2700,0.5,70.16,68.53,859600,59500000.0,2.74,2.39,21.5,52.97,81.96,54.64,0.72
吉林碳谷,bj920077,17.18,17.29,17.5,11437500.0,17.18,3700,17.19,2800,-0.64,17.94,16.89,11437500,199818300.00000003,3.61,6.07,54.45,100.96,22.47,12.11,1.47
艾隆科技,sh688329,24.2,24.01,24.14,156597900.0,24.12,500,24.2,13800,0.79,24.6,24.06,156597900,38120000.0,2.03,2.25,18.68,18.68,28.81,19.21,1.11
海优新材,sh688680,49.5,48.19,48.19,258415500.0,49.5,7100,49.51,3700,2.72,50.0,48.18,258415500,127660000.0,2.65,3.78,48.3,48.3,57.83,38.55,0.74
金煤科技,sh600844,3.89,3.89,3.95,143469200.0,3.88,471800,3.89,468600,0.0,4.16,3.88,143469200,574900000.0,17.44,7.2,32.0,39.54,4.28,3.5,0.94
法本信息,sz300925,18.3,17.81,17.97,9609500.0,18.29,6600,18.3,3100,2.75,18.45,17.95,9609500,175290000.0,2.75,2.81,63.97,78.45,21.37,14.25,1.6
北方导航,sh600435,14.62,14.58,14.66,21731500.0,14.61,106600,14.62,46700,0.27,14.87,14.6,21731500,320130000.0,1.44,1.85,221.11,221.11,16.04,13.12,1.18
春晖智控,sz300943,29.08,28.47,28.75,10954700.0,29.08,12900,29.11,1900,2.14,29.4,28.46,10954700,317590000.0,8.15,3.3,39.07,59.27,34.16,22.78,1.47
若羽臣,sz003010,31.29,32.51,32.5,15221500.0,31.28,2500,31.29,7500,-3.75,33.16,31.11,15221500,484340000.0,6.73,6.31,70.76,97.33,35.76,29.26,1.64
南矿集团,sz001360,21.46,21.36,21.5,2568300.0,21.46,1800,21.47,500,0.47,22.07,21.35,2568300,55610000.0,2.99,3.37,18.44,43.78,23.5,19.22,1.28
华菱精工,sh603356,17.07,17.17,17.28,2611500.0,17.06,10400,17.07,5200,-0.58,17.55,17.04,2611500,45220000.0,1.96,2.97,22.76,22.76,18.89,15.45,0.64
津投城开,sh600322,2.33,2.34,2.35,17576100.0,2.33,354400,2.34,319300,-0.43,2.38,2.32,17576100,41300000.0,1.59,2.56,25.76,25.76,2.57,2.11,0.79
海程邦达,sh603836,12.98,12.82,12.96,1425600.0,12.98,1800,12.99,800,1.25,13.17,12.82,1425600,18540000.0,0.69,2.73,26.64,26.64,14.1,11.54,0.73
天成自控,sh603085,11.1,11.04,11.04,4886800.0,11.09,24700,11.1,210600,0.54,11.25,11.03,4886800,54530000.0,1.23,1.99,44.08,44.08,12.14,9.94,0.98
苏试试验,sz300416,17.76,17.66,17.71,15518500.0,17.76,10300,17.77,14300,0.57,18.16,17.71,15518500,278180000.0,3.07,2.55,89.68,90.32,21.19,14.13,0.92
卡倍亿,sz300863,55.16,54.28,54.7,3316000.0,55.16,13600,55.17,3300,1.62,56.2,53.87,3316000,182880000.0,1.83,4.29,99.77,103.8,65.14,43.42,1.18
西磁科技,bj920061,23.71,23.84,23.82,1289400.0,23.71,4000,23.72,6400,-0.55,24.19,23.46,1289400,30691500.0,3.28,3.06,9.33,16.78,30.99,16.69,1.39
万泽股份,sz000534,45.68,41.53,44.0,22093800.0,45.68,2298900,0.0,0,9.99,45.68,43.08,22093800,990390000.0,4.42,6.26,228.39,232.76,45.68,37.38,1.09
泰凯英,bj920020,15.6,15.51,15.49,591100.0,15.59,600,15.6,200,0.58,15.68,15.46,591100,9212800.0,1.07,1.42,8.6,35.09,20.16,10.86,0.67
联明股份,sh603006,13.03,12.77,12.77,2305700.0,13.02,6300,13.03,24400,2.04,13.15,12.77,2305700,30030000.0,0.91,2.98,33.13,33.13,14.05,11.49,1.0
横河精密,sz300539,28.38,28.21,28.41,6215700.0,28.38,300,28.39,8800,0.6,29.39,28.21,6215700,178270000.0,2.85,4.18,61.84,76.09,33.85,22.57,1.06
多利科技,sz001311,32.28,32.04,32.08,3351700.0,32.28,62700,32.29,1100,0.75,32.74,31.72,3351700,107770000.0,2.46,3.18,43.98,100.23,35.24,28.84,1.11
天虹股份,sz002419,5.66,5.63,5.66,15662700.0,5.65,65300,5.66,179300,0.53,5.7,5.63,15662700,88720000.0,1.34,1.24,66.15,66.16,6.19,5.07,0.73
道生天合,sh601026,18.53,18.17,18.2,3988100.0,18.53,38100,18.54,21300,1.98,18.74,18.2,3988100,74010000.0,3.72,2.97,19.86,122.19,19.99,16.35,0.96
苏宁环球,sz000718,2.1,2.1,2.11,30115900.0,2.1,345900,2.11,729000,0.0,2.15,2.1,30115900,63940000.0,1.32,2.38,47.92,63.73,2.31,1.89,1.0
鹿得医疗,bj920278,7.81,7.73,7.88,1483800.0,7.8,5900,7.81,700,1.03,7.94,7.79,1483800,11671000.0,2.0,1.94,5.78,13.63,10.04,5.42,0.48
永和智控,sz002795,8.1,7.93,8.0,20333800.0,8.09,34900,8.1,61900,2.14,8.29,7.88,20333800,164430000.0,4.68,5.17,35.19,35.78,8.72,7.14,1.36
北大医药,sz000788,6.34,6.74,6.5,103499500.0,6.34,338200,6.35,349900,-5.93,6.6,6.26,103499500,660090000.0,17.37,5.04,37.79,37.79,7.41,6.07,0.68
丛麟科技,sh688370,24.65,24.68,24.8,73664100.0,24.65,7100,24.66,800,-0.12,25.02,24.52,73664100,18220000.0,0.54,2.03,33.8,33.8,29.62,19.74,0.9
百润股份,sz002568,17.25,16.92,16.97,6837900.0,17.25,2200,17.27,2600,1.95,17.38,16.96,6837900,118060000.0,0.9,2.48,131.63,179.68,18.61,15.23,1.29
奥迪威,bj920491,24.15,23.8,23.99,2241700.0,24.15,2600,24.16,8400,1.47,24.48,23.98,2241700,54387299.99999999,1.94,2.1,27.91,34.09,30.94,16.66,1.06
荣信文化,sz301231,31.85,31.67,31.97,4512100.0,31.85,6000,31.86,600,0.57,32.88,31.52,4512100,145180000.0,6.9,4.29,20.84,26.88,38.0,25.34,1.0
恒鑫生活,sz301501,37.39,36.91,37.22,737400.0,37.39,8600,37.4,100,1.3,37.66,37.06,737400,27630000.0,1.7,1.63,16.26,55.3,44.29,29.53,0.93
徕木股份,sh603633,7.72,7.57,7.6,10928900.0,7.71,20700,7.72,6600,1.98,7.88,7.6,10928900,84890000.0,2.56,3.7,32.95,32.95,8.33,6.81,1.38
交运股份,sh600676,7.71,7.74,7.75,8916800.0,7.71,68100,7.72,36000,-0.39,7.86,7.7,8916800,69410000.0,0.87,2.07,79.3,79.3,8.51,6.97,0.82
国光连锁,sh605188,17.02,16.78,16.89,2626000.0,17.01,10200,17.02,1100,1.43,17.09,16.83,2626000,44650000.0,0.52,1.55,85.5,85.5,18.46,15.1,1.07
熊猫乳品,sz300898,23.32,22.95,23.09,2446500.0,23.29,1200,23.32,1100,1.61,23.57,23.09,2446500,57210000.0,2.13,2.09,26.76,28.92,27.54,18.36,1.12
航亚科技,sh688510,33.5,32.73,33.99,819872800.0,33.3,200,33.5,2400,2.35,34.28,32.82,819872800,276050000.0,3.16,4.46,86.94,86.94,39.28,26.18,1.58
洁雅股份,sz301108,28.34,27.95,27.92,3637800.0,28.34,16900,28.35,700,1.4,28.34,26.9,3637800,100500000.0,5.61,5.15,18.37,31.9,33.54,22.36,2.19
银邦股份,sz300337,12.57,12.56,12.6,22851600.0,12.56,45300,12.57,36300,0.08,12.85,12.54,22851600,289870000.0,3.21,2.47,89.42,103.32,15.07,10.05,0.75
太力科技,sz301595,49.03,50.48,50.97,2259800.0,49.02,2900,49.03,200,-2.87,51.3,48.91,2259800,112700000.0,9.78,4.73,11.33,53.09,60.58,40.38,1.4
惠发食品,sh603536,10.15,9.93,10.01,3145500.0,10.14,20800,10.15,25500,2.22,10.22,9.96,3145500,31900000.0,1.31,2.62,24.41,24.6,10.92,8.94,0.68
连云港,sh601008,4.88,4.87,4.9,7632600.0,4.87,405600,4.88,31600,0.21,4.92,4.87,7632600,37340000.0,0.62,1.03,60.54,60.54,5.36,4.38,0.76
芯动联科,sh688582,62.09,62.65,62.99,452599000.0,62.08,5100,62.09,38300,-0.89,63.38,61.91,452599000,283860000.0,1.81,2.35,155.36,249.44,75.18,50.12,0.98
华旺科技,sh605377,9.79,9.78,9.81,6706100.0,9.79,74200,9.8,69100,0.1,10.0,9.73,6706100,66250000.0,1.2,2.76,54.5,54.5,10.76,8.8,0.8
德林海,sh688069,33.9,32.39,32.47,255860000.0,33.9,5300,33.92,3000,4.66,34.38,32.47,255860000,85820000.0,2.26,5.9,38.31,38.31,38.87,25.91,0.98
快可电子,sz301278,38.2,37.65,37.88,2136500.0,38.19,4700,38.2,800,1.46,38.63,37.88,2136500,81850000.0,4.16,1.99,19.64,34.27,45.18,30.12,1.07
巴比食品,sh605338,27.05,26.11,26.4,5356500.0,27.05,200,27.06,1300,3.6,28.01,26.4,5356500,145860000.0,2.24,6.17,64.8,64.8,28.72,23.5,2.81
趣睡科技,sz301336,51.69,51.17,51.39,575300.0,51.69,200,51.7,500,1.02,52.26,51.17,575300,29830000.0,1.89,2.13,15.73,20.68,61.4,40.94,0.68
富奥股份,sz000030,5.12,5.01,5.01,19098500.0,5.11,60000,5.12,281000,2.2,5.15,5.01,19098500,97500000.0,1.14,2.79,85.55,88.05,5.51,4.51,0.55
南特科技,bj920124,15.73,15.6,15.73,967200.0,15.73,3100,15.74,7400,0.83,15.94,15.68,967200,15300500.0,1.26,1.67,12.04,23.4,20.28,10.92,0.9
威腾电气,sh688226,48.85,52.01,48.99,2288455200.0,48.84,4300,48.85,59700,-6.08,52.33,48.07,2288455200,1126450000.0,12.12,8.19,92.22,92.22,62.41,41.61,1.39
联影医疗,sh688271,114.0,112.79,113.11,457067500.0,114.0,62400,114.01,3800,1.07,114.48,113.11,457067500,520400000.0,0.55,1.21,939.54,939.54,135.35,90.23,1.11
中纺标,bj920122,26.39,26.34,26.39,480400.0,26.35,1000,26.39,6200,0.19,26.88,26.14,480400,12730600.0,1.29,2.81,9.86,24.34,34.24,18.44,0.8
四川长虹,sh600839,8.75,8.66,8.71,54805100.0,8.75,1251100,8.76,255100,1.04,8.83,8.71,54805100,481340000.0,1.19,1.39,403.81,403.92,9.53,7.79,1.09
唯特偶,sz301319,50.92,48.65,49.57,7178400.0,50.92,27500,50.96,200,4.67,51.88,48.0,7178400,362910000.0,7.67,7.98,47.63,63.37,58.38,38.92,2.02
中草香料,bj920016,16.73,16.52,16.52,488300.0,16.72,6100,16.73,23400,1.27,16.79,16.41,488300,8130700.000000001,1.43,2.3,5.73,12.88,21.47,11.57,0.9
ST岭南,sz002717,1.64,1.64,1.64,34167100.0,1.63,6439200,1.64,159200,0.0,1.66,1.63,34167100,56120000.0,2.12,1.83,26.49,29.85,1.72,1.56,0.65
中国东航,sh600115,4.45,4.61,4.64,257374400.0,4.45,418500,4.46,232600,-3.47,4.73,4.44,257374400,1161040000.0,1.51,6.29,757.61,982.9,5.07,4.15,1.25
华塑控股,sz000509,3.65,3.66,3.69,29106800.0,3.64,68700,3.65,360700,-0.27,3.76,3.63,29106800,107250000.0,2.71,3.55,39.17,39.17,4.03,3.29,0.71
准油股份,sz002207,7.81,7.99,7.71,35358600.0,7.81,25300,7.82,146700,-2.25,7.89,7.55,35358600,273510000.0,13.56,4.26,20.37,20.47,8.79,7.19,0.8
山鹰国际,sh600567,1.56,1.53,1.55,109976200.0,1.56,4209800,1.57,7425300,1.96,1.6,1.55,109976200,172750000.0,1.74,3.27,98.4,98.4,1.68,1.38,1.89
信维通信,sz300136,63.99,63.95,64.0,58478100.0,63.98,6700,63.99,3700,0.06,65.77,63.83,58478100,3777950000.0,7.11,3.03,526.46,619.15,76.74,51.16,0.9
索辰科技,sh688507,85.36,84.9,85.62,85474700.0,85.36,1000,85.41,2700,0.54,86.97,85.28,85474700,73550000.0,1.74,1.99,42.03,76.06,101.88,67.92,0.72
众诚科技,bj920207,29.22,29.9,30.49,4436200.0,29.22,2800,29.25,2700,-2.27,30.6,29.12,4436200,132181000.0,7.88,4.95,16.46,26.94,38.87,20.93,1.05
无锡鼎邦,bj920931,12.12,12.11,12.1,582200.0,12.12,3100,12.18,13000,0.08,12.31,12.08,582200,7097700.0,2.02,1.9,3.49,11.38,15.74,8.48,0.39
三特索道,sz002159,18.07,17.92,17.9,5289800.0,18.06,5600,18.07,15100,0.84,18.34,17.61,5289800,95200000.0,3.82,4.07,25.02,32.04,19.71,16.13,0.98
重庆建工,sh600939,2.93,2.93,2.93,8851300.0,2.93,62400,2.94,297400,0.0,2.98,2.92,8851300,26050000.0,0.47,2.05,55.74,55.74,3.22,2.64,0.53
金新农,sz002548,5.05,5.08,5.08,24223400.0,5.04,55000,5.05,88100,-0.59,5.13,5.03,24223400,122660000.0,3.01,1.97,40.63,41.82,5.59,4.57,0.98
中航光电,sz002179,36.84,36.88,36.8,60174200.0,36.84,2800,36.85,1200,-0.11,37.39,36.38,60174200,2218270000.0,2.87,2.74,772.35,780.06,40.57,33.19,1.47
钱江生化,sh600796,6.32,6.35,6.36,7615700.0,6.32,5300,6.33,67700,-0.47,6.42,6.3,7615700,48340000.0,2.45,1.89,19.69,54.77,6.99,5.72,0.76
天地数码,sz300743,18.04,17.79,18.0,1954900.0,18.02,800,18.04,21800,1.41,18.2,17.9,1954900,35350000.0,1.53,1.69,22.98,27.28,21.35,14.23,0.86
华映科技,sz000536,4.35,4.29,4.32,46960000.0,4.35,124000,4.36,1451200,1.4,4.42,4.28,46960000,204330000.0,1.7,3.26,120.19,120.32,4.72,3.86,1.27
东华能源,sz002221,7.96,7.98,7.95,22270000.0,7.96,29200,7.97,66100,-0.25,8.15,7.94,22270000,178860000.0,1.52,2.63,116.29,125.46,8.78,7.18,0.71
融发核电,sz002366,7.22,7.17,7.2,31469700.0,7.22,701600,7.23,395300,0.7,7.3,7.19,31469700,228130000.0,1.7,1.53,133.6,150.24,7.89,6.45,0.74
佳云科技,sz300242,4.86,4.88,4.94,23190500.0,4.85,221400,4.86,51900,-0.41,4.95,4.82,23190500,113160000.0,3.65,2.66,30.84,30.84,5.86,3.9,0.97
东风科技,sh600081,11.2,10.99,11.05,2181100.0,11.2,11000,11.21,31500,1.91,11.28,11.05,2181100,24430000.0,0.39,2.09,61.94,61.94,12.09,9.89,1.27
普天科技,sz002544,26.14,26.31,26.42,10451800.0,26.13,2100,26.14,32800,-0.65,26.71,26.14,10451800,275880000.0,1.54,2.17,177.87,177.89,28.94,23.68,0.99
天元宠物,sz301335,25.11,24.74,24.88,1163200.0,25.11,6900,25.13,500,1.5,25.38,24.88,1163200,29320000.0,2.3,2.02,12.71,31.87,29.69,19.79,1.04
普冉股份,sh688766,254.25,242.79,249.95,674021800.0,254.24,600,254.25,400,4.72,261.1,247.91,674021800,1716610000.0,4.55,5.43,376.41,376.41,291.35,194.23,1.28
富士达,bj920640,34.45,34.59,34.69,4730500.0,34.44,11100,34.45,15200,-0.4,35.47,34.05,4730500,165347400.00000003,2.62,4.11,62.12,64.67,44.96,24.22,1.2
吉冈精密,bj920720,11.99,11.9,12.05,1351100.0,11.98,1800,11.99,14400,0.76,12.16,11.9,1351100,16295800.0,1.83,2.18,8.87,31.76,15.47,8.33,0.84
昊志机电,sz300503,52.5,53.22,53.49,13246200.0,52.5,48300,52.51,3500,-1.35,55.18,52.44,13246200,711490000.0,5.5,5.15,126.51,161.82,63.86,42.58,1.0
美年健康,sz002044,5.32,5.39,5.47,170919000.0,5.32,105000,5.33,597100,-1.3,5.56,5.31,170919000,925280000.0,4.41,4.64,206.11,208.24,5.93,4.85,1.73
大众交通,sh600611,4.72,4.63,4.64,20062200.0,4.71,422600,4.72,666300,1.94,4.74,4.64,20062200,94470000.0,1.28,2.16,73.79,111.59,5.09,4.17,1.23
中水渔业,sz000798,10.32,10.24,10.27,8513900.0,10.32,10800,10.33,55300,0.78,10.39,10.21,8513900,87910000.0,2.33,1.76,37.75,37.76,11.26,9.22,0.85
航天彩虹,sz002389,21.48,21.32,21.54,18139700.0,21.48,20200,21.49,97900,0.75,21.8,21.48,18139700,392300000.0,1.84,1.5,211.53,211.56,23.45,19.19,0.94
雅达股份,bj920556,9.35,9.21,9.27,2060800.0,9.35,2900,9.36,1300,1.52,9.46,9.22,2060800,19345400.0,1.75,2.61,10.99,15.08,11.97,6.45,0.96
博迁新材,sh605376,104.92,105.61,106.47,9209100.0,104.91,7500,104.92,7800,-0.65,110.58,104.8,9209100,985850000.0,3.52,5.47,274.47,274.47,116.17,95.05,1.22
长久物流,sh603569,6.9,6.79,6.86,3740300.0,6.89,24000,6.9,120900,1.62,6.95,6.82,3740300,25840000.0,0.62,1.91,41.64,41.64,7.47,6.11,0.96
欧亚集团,sh600697,11.98,11.81,11.9,2780800.0,11.98,15600,11.99,20300,1.44,12.06,11.82,2780800,33260000.0,1.79,2.03,18.61,19.06,12.99,10.63,0.74
森马服饰,sz002563,5.33,5.34,5.37,11777300.0,5.33,151700,5.34,10100,-0.19,5.37,5.32,11777300,63000000.0,0.53,0.94,117.64,143.6,5.87,4.81,0.83
能特科技,sz002102,3.03,3.12,3.13,67438800.0,3.03,590000,3.04,588200,-2.88,3.14,3.03,67438800,206760000.0,3.1,3.53,65.84,75.01,3.43,2.81,0.53
三六五网,sz300295,9.48,9.45,9.55,4577500.0,9.48,13900,9.5,2000,0.32,9.68,9.48,4577500,43830000.0,2.73,2.12,15.88,17.98,11.34,7.56,0.81
ST明诚,sh600136,1.83,1.8,1.8,24202800.0,1.83,413900,1.84,1383600,1.67,1.84,1.79,24202800,44040000.0,1.25,2.78,35.56,37.35,1.89,1.71,0.65
青岛金王,sz002094,6.52,6.44,6.5,20922300.0,6.51,241800,6.52,291000,1.24,6.62,6.43,20922300,136560000.0,3.03,2.95,45.02,45.05,7.08,5.8,1.11
安凯客车,sz000868,4.47,4.42,4.46,6794600.0,4.47,109900,4.48,96100,1.13,4.51,4.44,6794600,30470000.0,0.93,1.58,32.78,42.0,4.86,3.98,0.95
天域生物,sh603717,6.55,6.48,6.54,5099600.0,6.54,18900,6.55,116500,1.08,6.64,6.46,5099600,33420000.0,1.76,2.78,19.0,19.0,7.13,5.83,0.71
*ST宝鹰,sz002047,5.0,4.76,4.81,13899700.0,5.0,5658800,0.0,0,5.04,5.0,4.81,13899700,68730000.0,0.92,3.99,75.81,75.81,5.0,4.52,0.54
易明医药,sz002826,20.48,20.4,20.44,4332600.0,20.48,7000,20.51,10400,0.39,20.73,20.3,4332600,89040000.0,2.37,2.11,37.47,39.05,22.44,18.36,0.96
武汉天源,sz301127,16.33,16.55,16.65,6832400.0,16.33,1500,16.34,16300,-1.33,16.78,16.31,6832400,112670000.0,1.04,2.84,106.84,110.08,19.86,13.24,0.69
*ST华嵘,sh600421,6.16,5.87,5.89,4276400.0,6.16,31900,0.0,0,4.94,6.16,5.89,4276400,26090000.0,2.19,4.6,12.05,12.05,6.16,5.58,1.15
卫宁健康,sz300253,8.46,8.43,8.55,46163100.0,8.45,227900,8.46,23200,0.36,8.62,8.44,46163100,394120000.0,2.55,2.14,153.17,186.23,10.12,6.74,0.95
丽尚国潮,sh600738,4.83,4.78,4.8,11490800.0,4.82,180700,4.83,48100,1.05,4.93,4.78,11490800,55640000.0,1.51,3.14,36.74,36.77,5.26,4.3,1.46
和展能源,sz000809,3.54,3.52,3.53,11411800.0,3.53,348100,3.54,47000,0.57,3.56,3.51,11411800,40320000.0,1.38,1.42,29.2,29.2,3.87,3.17,0.4
浙商中拓,sz000906,5.73,5.73,5.77,7157800.0,5.73,92000,5.74,16200,0.0,5.81,5.7,7157800,41250000.0,1.02,1.92,40.18,40.66,6.3,5.16,1.41
中国汽研,sh601965,17.42,17.18,17.22,5763100.0,17.42,11300,17.45,1400,1.4,17.63,17.18,5763100,100630000.0,0.58,2.62,173.92,174.73,18.9,15.46,0.99
创业慧康,sz300451,4.7,4.69,4.7,18768800.0,4.7,160500,4.71,4300,0.21,4.78,4.69,18768800,88720000.0,1.23,1.92,71.75,72.81,5.63,3.75,0.68
飞利信,sz300287,4.31,4.27,4.31,18188900.0,4.31,307600,4.32,181400,0.94,4.37,4.31,18188900,78800000.0,1.38,1.41,56.82,61.86,5.12,3.42,0.97
亨迪药业,sz301211,12.15,12.05,12.05,4152900.0,12.15,23000,12.16,23400,0.83,12.3,12.0,4152900,50460000.0,0.99,2.49,50.74,50.74,14.46,9.64,0.7
电科数字,sh600850,19.9,19.93,20.15,16783400.0,19.9,43700,19.91,26800,-0.15,20.18,19.86,16783400,335260000.0,2.47,1.61,135.36,135.36,21.92,17.94,0.97
天马新材,bj920971,26.2,25.25,25.32,2173600.0,26.2,1100,26.21,2600,3.76,26.55,25.32,2173600,56405300.0,2.54,4.87,22.45,27.53,32.82,17.68,1.79
华联股份,sz000882,1.64,1.62,1.63,53035100.0,1.63,4645100,1.64,1322200,1.23,1.66,1.63,53035100,87240000.0,1.94,1.85,44.86,44.89,1.78,1.46,0.83
利尔达,bj920249,8.03,7.76,7.88,7088100.0,8.02,35000,8.03,3400,3.48,8.16,7.81,7088100,56789799.99999999,5.69,4.51,10.01,33.86,10.08,5.44,0.94
西藏旅游,sh600749,16.99,15.85,15.86,29467700.0,16.98,91200,16.99,127300,7.19,17.44,15.86,29467700,504100000.0,12.98,9.97,38.56,38.56,17.44,14.27,6.73
贝瑞基因,sz000710,10.35,10.35,10.36,6722100.0,10.34,6500,10.35,27700,0.0,10.52,10.32,6722100,69980000.0,2.04,1.93,34.11,36.59,11.39,9.32,0.52
惠同新材,bj920751,20.81,20.6,20.66,546900.0,20.81,500,20.83,2300,1.02,20.99,20.6,546900,11382200.0,0.66,1.89,17.27,18.06,26.78,14.42,0.88
国源科技,bj920184,15.74,15.35,15.47,4506800.0,15.74,6200,15.75,1600,2.54,16.47,15.47,4506800,72254600.0,5.04,6.51,14.07,20.87,19.95,10.75,1.97
晶科科技,sh601778,5.05,5.08,5.08,137919500.0,5.05,297600,5.06,1400100,-0.59,5.1,4.99,137919500,694960000.0,3.86,2.17,180.42,180.42,5.59,4.57,0.79
新世界,sh600628,7.22,7.13,7.19,8602100.0,7.21,28100,7.22,25700,1.26,7.28,7.14,8602100,62140000.0,1.33,1.96,46.7,46.7,7.84,6.42,0.89
慈文传媒,sz002343,6.47,6.37,6.43,7674300.0,6.47,37100,6.48,210400,1.57,6.53,6.39,7674300,49700000.0,1.62,2.2,30.65,30.65,7.01,5.73,0.87
金马游乐,sz300756,46.3,44.84,44.84,4500900.0,46.3,9200,46.31,2700,3.26,46.6,44.49,4500900,206320000.0,3.43,4.71,60.76,72.97,53.81,35.87,1.26
烽火电子,sz000561,9.66,9.67,9.75,10393700.0,9.66,5700,9.67,17800,-0.1,9.85,9.65,10393700,101410000.0,1.34,2.07,74.99,83.46,10.64,8.7,1.33
信凯科技,sz001335,41.14,41.04,41.04,591000.0,41.13,1600,41.14,300,0.24,41.87,41.0,591000,24520000.0,2.52,2.12,9.64,38.56,45.14,36.94,0.87
实达集团,sh600734,3.75,3.77,3.78,42001300.0,3.75,53300,3.76,554700,-0.53,3.83,3.74,42001300,158730000.0,1.93,2.39,81.67,81.69,4.15,3.39,0.81
京投发展,sh600683,9.0,9.07,9.07,18117000.0,9.0,7300,9.01,1100,-0.77,9.18,8.91,18117000,163170000.0,2.45,2.98,66.67,66.67,9.98,8.16,0.84
京城股份,sh600860,11.39,11.38,11.44,9863300.0,11.39,99900,11.4,81700,0.09,11.67,11.39,9863300,113430000.0,2.22,2.46,50.58,62.36,12.52,10.24,0.82
京源环保,sh688096,8.19,8.16,8.19,430227300.0,8.18,14400,8.19,36500,0.37,8.34,8.07,430227300,35350000.0,1.82,3.31,19.33,19.33,9.79,6.53,0.52
西子洁能,sz002534,17.9,16.99,17.57,26313300.0,17.9,24700,17.91,16100,5.36,18.14,17.5,26313300,472440000.0,3.19,3.77,147.74,149.63,18.69,15.29,2.23
天元智能,sh603273,18.17,18.1,18.18,1203600.0,18.16,3500,18.17,800,0.39,18.55,18.14,1203600,22010000.0,2.15,2.27,10.19,38.94,19.91,16.29,0.73
瑞华泰,sh688323,20.36,20.4,20.54,473245700.0,20.36,46200,20.37,5400,-0.2,21.14,20.36,473245700,97820000.0,2.63,3.82,36.65,36.65,24.48,16.32,0.57
乐创技术,bj920425,19.2,19.0,19.25,777400.0,19.2,6200,19.25,200,1.05,19.49,19.03,777400,14984200.0,1.31,2.42,11.37,13.62,24.7,13.3,0.74
华原股份,bj920837,12.45,12.3,12.33,656900.0,12.42,4000,12.45,7300,1.22,12.56,12.33,656900,8193099.999999999,0.48,1.87,17.03,18.89,15.99,8.61,0.65
全通教育,sz300359,4.95,4.87,4.93,8171700.0,4.95,53500,4.96,17100,1.64,5.03,4.92,8171700,40640000.0,1.29,2.26,31.35,31.35,5.84,3.9,1.1
龙大美食,sz002726,3.08,3.1,3.13,27145700.0,3.07,477700,3.08,1973300,-0.65,3.14,3.07,27145700,84390000.0,2.52,2.26,33.21,33.24,3.41,2.79,0.81
苏奥传感,sz300507,8.44,8.35,8.4,10020100.0,8.44,59300,8.45,81500,1.08,8.54,8.37,10020100,84830000.0,1.29,2.04,65.41,67.57,10.02,6.68,0.5
长江投资,sh600119,6.02,5.95,5.95,3857700.0,6.02,21700,6.04,51200,1.18,6.1,5.95,3857700,23280000.0,1.06,2.52,21.99,21.99,6.55,5.36,0.75
盛航股份,sz001205,14.38,14.36,14.48,2231400.0,14.38,10400,14.39,1400,0.14,14.55,14.36,2231400,32250000.0,1.34,1.32,23.94,27.03,15.8,12.92,0.73
同庆楼,sh605108,16.62,16.46,16.51,1487500.0,16.62,9600,16.64,1200,0.97,16.82,16.46,1487500,24800000.0,0.57,2.19,43.21,43.21,18.11,14.81,0.92
中顺洁柔,sz002511,8.39,8.51,8.55,13212000.0,8.39,32100,8.4,174200,-1.41,8.61,8.39,13212000,112060000.0,1.04,2.59,106.13,107.93,9.36,7.66,0.95
联合精密,sz001268,29.48,29.29,29.39,847900.0,29.48,2100,29.49,800,0.65,29.82,29.1,847900,25040000.0,1.35,2.46,18.55,31.82,32.22,26.36,0.89
神通科技,sh605228,15.15,14.74,14.85,19179700.0,15.14,6300,15.15,36000,2.78,15.15,14.75,19179700,287430000.0,4.02,2.71,72.29,72.59,16.21,13.27,1.72
威贸电子,bj920346,20.3,20.18,20.3,488800.0,20.3,700,20.32,900,0.59,20.62,20.07,488800,9990900.0,1.1,2.73,9.05,16.37,26.23,14.13,1.01
东方精工,sz002611,17.38,17.19,17.31,25106200.0,17.38,44000,17.39,202600,1.11,17.65,17.26,25106200,438200000.0,2.51,2.27,174.13,211.56,18.91,15.47,0.82
阿尔特,sz300825,8.8,8.77,8.81,5870000.0,8.79,64900,8.8,12700,0.34,8.94,8.78,5870000,51970000.0,1.21,1.82,42.63,43.55,10.52,7.02,0.62
佳合科技,bj920392,19.85,19.64,19.8,509000.0,19.85,900,19.86,2800,1.07,20.05,19.73,509000,10121400.0,1.4,1.63,7.22,15.13,25.53,13.75,0.85
宁波方正,sz300998,25.23,24.91,24.9,4695800.0,25.23,3200,25.25,11800,1.28,25.53,24.68,4695800,118410000.0,4.36,3.41,27.17,34.61,29.89,19.93,1.26
科创信息,sz300730,14.64,14.67,14.66,10412600.0,14.64,42600,14.65,8900,-0.2,14.99,14.54,10412600,153230000.0,5.39,3.07,28.3,35.3,17.6,11.74,0.59
光庭信息,sz301221,50.08,49.13,49.46,1613500.0,50.08,2100,50.1,21500,1.93,50.9,49.46,1613500,81130000.0,2.57,2.93,31.41,46.39,58.96,39.3,1.11
中南文化,sz002445,3.38,3.48,3.49,143012100.0,3.38,157200,3.39,2118200,-2.87,3.51,3.38,143012100,488790000.0,6.04,3.74,79.98,80.33,3.83,3.13,0.65
智慧农业,sz000816,3.23,3.21,3.22,22149300.0,3.23,409900,3.24,1284500,0.62,3.27,3.22,22149300,71970000.0,1.54,1.56,46.4,46.74,3.53,2.89,0.81
新特电气,sz301120,22.3,22.09,22.15,16310800.0,22.29,11100,22.3,32100,0.95,22.82,22.01,16310800,364890000.0,7.46,3.67,48.75,82.83,26.51,17.67,1.41
德众汽车,bj920030,5.6,5.51,5.52,1878700.0,5.6,29100,5.62,13900,1.63,5.69,5.52,1878700,10567900.0,1.67,3.09,6.3,10.02,7.16,3.86,1.19
新赣江,bj920367,19.64,19.3,19.29,1981400.0,19.64,1300,19.65,11300,1.76,19.98,19.19,1981400,38911900.0,4.72,4.09,8.25,13.92,25.09,13.51,0.56
曲美家居,sh603818,3.46,3.38,3.41,11511900.0,3.45,54400,3.46,374400,2.37,3.48,3.39,11511900,39700000.0,1.68,2.66,23.75,23.75,3.72,3.04,0.88
嘉麟杰,sz002486,2.89,2.89,2.9,19537800.0,2.89,119000,2.9,5000,0.0,2.93,2.87,19537800,56780000.0,2.38,2.08,23.71,23.82,3.18,2.6,0.73
步步高,sz002251,4.17,4.15,4.16,29916300.0,4.17,473300,4.18,820400,0.48,4.23,4.16,29916300,125530000.0,1.39,1.69,89.76,112.12,4.57,3.74,0.8
利仁科技,sz001259,31.16,30.97,30.98,906800.0,31.15,200,31.16,1300,0.61,31.53,30.82,906800,28340000.0,1.91,2.29,14.81,22.93,34.07,27.87,0.88
GQY视讯,sz300076,6.0,6.02,6.05,10833600.0,5.99,3600,6.0,15900,-0.33,6.15,5.96,10833600,65490000.0,2.56,3.16,25.44,25.44,7.22,4.82,0.95
兴化股份,sz002109,4.16,4.26,4.25,41160900.0,4.16,1258100,4.17,279600,-2.35,4.28,4.15,41160900,173090000.0,3.23,3.05,53.09,53.09,4.69,3.83,0.56
皇庭国际,sz000056,1.82,1.84,1.85,31318100.0,1.82,3250100,1.83,341000,-1.09,1.87,1.82,31318100,57670000.0,3.47,2.72,16.45,21.52,2.02,1.66,0.66
浩淼科技,bj920856,13.13,13.01,13.13,558600.0,13.13,4400,13.14,100,0.92,13.27,13.04,558600,7352000.0,1.05,1.77,6.97,12.49,16.91,9.11,0.57
壹网壹创,sz300792,35.25,35.06,35.21,5876800.0,35.24,14600,35.25,8600,0.54,35.86,35.05,5876800,208020000.0,2.77,2.31,74.92,83.52,42.07,28.05,0.64
沪江材料,bj920204,15.3,15.16,15.17,667300.0,15.23,3000,15.3,200,0.92,15.48,15.09,667300,10220200.0,1.33,2.57,7.65,14.43,19.7,10.62,0.79
长亮科技,sz300348,14.51,13.64,13.68,66341000.0,14.51,398100,14.52,82500,6.38,14.95,13.65,66341000,947770000.0,9.33,9.53,103.14,117.93,16.37,10.91,2.96
飞天诚信,sz300386,14.65,14.14,14.37,9589400.0,14.65,7000,14.66,39900,3.61,14.83,14.27,9589400,139950000.0,3.82,3.96,36.74,61.24,16.97,11.31,1.93
ST得润,sz002055,5.95,5.78,5.86,19909600.0,5.95,82100,5.96,418100,2.94,6.04,5.85,19909600,118640000.0,3.35,3.29,35.34,35.97,6.07,5.49,1.1
厚普股份,sz300471,13.06,12.94,13.01,7769500.0,13.06,18400,13.07,26100,0.93,13.19,12.97,7769500,101850000.0,2.12,1.7,47.87,61.4,15.53,10.35,0.83
华测导航,sz300627,33.75,33.37,33.62,7952800.0,33.75,11500,33.76,10900,1.14,34.24,33.56,7952800,269990000.0,1.23,2.04,218.74,265.58,40.04,26.7,1.13
福成股份,sh600965,5.52,5.53,5.54,6229800.0,5.51,38500,5.52,55400,-0.18,5.59,5.5,6229800,34510000.0,0.76,1.63,45.19,45.19,6.08,4.98,0.65
喜临门,sh603008,12.48,11.88,11.93,38161100.0,12.48,105700,12.49,32600,5.05,12.59,11.89,38161100,466660000.0,10.36,5.89,45.96,45.96,13.07,10.69,1.01
万里扬,sz002434,8.09,8.01,8.07,15068700.0,8.09,158400,8.1,64100,1.0,8.2,8.07,15068700,122670000.0,1.15,1.62,106.09,106.19,8.81,7.21,1.14
英唐智控,sz300131,15.42,12.85,13.0,257997800.0,15.42,1945700,0.0,0,20.0,15.42,12.98,257997800,3781220000.0,24.75,18.99,160.72,175.02,15.42,10.28,3.37
ST宁科,sh600165,3.53,3.36,3.36,8758000.0,3.53,1002100,0.0,0,5.06,3.53,3.36,8758000,30600000.0,1.19,5.06,25.87,57.04,3.53,3.19,1.69
工大高科,sh688367,38.32,37.86,38.04,211183100.0,38.27,200,38.32,26900,1.22,38.69,37.49,211183100,80320000.0,2.41,3.17,33.58,33.58,45.43,30.29,0.83
天目湖,sh603136,11.28,11.2,11.28,3893900.0,11.27,25700,11.28,51900,0.71,11.5,11.21,3893900,44120000.0,1.44,2.59,30.47,30.47,12.32,10.08,0.97
卓郎智能,sh600545,4.11,3.95,3.99,256692900.0,4.11,301700,4.12,373600,4.05,4.35,3.98,256692900,1088980000.0,14.36,9.37,73.48,73.48,4.35,3.56,2.1
金盘科技,sh688676,84.34,84.77,86.0,1601603800.0,84.33,10000,84.34,44800,-0.51,86.5,84.25,1601603800,1361050000.0,3.48,2.65,387.78,387.78,101.72,67.82,1.09
玉马科技,sz300993,12.39,12.21,12.27,2015000.0,12.38,9900,12.39,16100,1.47,12.53,12.25,2015000,25050000.0,0.84,2.29,29.83,38.18,14.65,9.77,0.99
新宏泽,sz002836,12.72,13.0,13.16,4416900.0,12.72,600,12.73,13800,-2.15,13.26,12.7,4416900,57040000.0,1.92,4.31,29.31,29.31,14.3,11.7,1.48
均胜电子,sh600699,26.33,26.62,26.73,43562000.0,26.32,87300,26.33,57400,-1.09,26.88,26.3,43562000,1155340000.0,3.21,2.18,356.79,408.32,29.28,23.96,1.05
中大力德,sz002896,73.89,72.0,73.6,7411000.0,73.88,7700,73.89,7700,2.63,75.75,73.15,7411000,552590000.0,3.77,3.61,145.21,145.21,79.2,64.8,1.68
美心翼申,bj920833,15.1,14.94,15.0,978800.0,15.1,4100,15.13,12000,1.07,15.35,15.0,978800,14854100.0,1.57,2.34,9.43,12.44,19.42,10.46,0.9
科拜尔,bj920066,21.81,21.6,21.62,288500.0,21.81,700,21.87,1700,0.97,22.03,21.61,288500,6318300.0,1.45,1.94,4.33,13.71,28.08,15.12,0.83
韩建河山,sh603616,6.37,6.31,6.32,9939600.0,6.36,140100,6.37,170400,0.95,6.39,6.28,9939600,63200000.0,2.59,1.74,24.48,24.93,6.94,5.68,0.58
红相股份,sz300427,11.79,11.87,12.0,24041500.0,11.78,145900,11.79,34900,-0.67,12.05,11.77,24041500,285690000.0,4.78,2.36,59.3,59.95,14.24,9.5,0.9
三祥科技,bj920195,19.28,18.86,19.02,771800.0,19.28,2500,19.29,4300,2.23,19.44,19.02,771800,14893100.0,1.09,2.23,13.64,18.9,24.51,13.21,1.25
西域旅游,sz300859,33.67,32.85,33.1,4904300.0,33.66,400,33.67,23300,2.5,34.26,33.05,4904300,165400000.0,3.16,3.68,52.19,52.19,39.42,26.28,1.47
*ST东晶,sz002199,8.56,8.15,8.11,1943400.0,8.56,653200,0.0,0,5.03,8.56,8.11,1943400,16450000.0,0.8,5.52,20.84,20.84,8.56,7.74,0.89
安居宝,sz300155,4.72,4.64,4.68,6957300.0,4.72,70900,4.73,39900,1.72,4.77,4.68,6957300,32890000.0,2.1,1.94,15.61,26.49,5.57,3.71,0.78
广脉科技,bj920924,19.74,19.52,19.93,1754000.0,19.73,21400,19.74,3800,1.13,20.35,19.62,1754000,35160200.0,2.68,3.74,12.9,21.18,25.37,13.67,0.85
维康药业,sz300878,27.42,27.59,27.61,1156800.0,27.42,1700,27.44,1700,-0.62,27.96,27.3,1156800,31920000.0,0.8,2.39,39.52,39.7,33.11,22.07,0.85
五洲医疗,sz301234,40.5,38.08,38.3,2171300.0,40.42,100,40.5,10600,6.36,40.68,37.99,2171300,86540000.0,5.41,7.06,16.27,27.54,45.7,30.46,2.6
赤天化,sh600227,3.74,3.84,3.86,135360100.0,3.74,426200,3.75,272900,-2.6,3.87,3.67,135360100,508780000.0,10.59,5.21,47.78,63.16,4.22,3.46,0.65
方直科技,sz300235,13.79,13.6,13.6,8813500.0,13.79,21700,13.8,43100,1.4,13.97,13.52,8813500,121300000.0,4.34,3.31,28.01,34.72,16.32,10.88,1.08
哈森股份,sh603958,22.68,22.28,22.37,19350200.0,22.67,11000,22.68,9500,1.8,23.0,21.51,19350200,434610000.0,8.82,6.69,49.75,49.75,24.51,20.05,2.29
赛伍技术,sh603212,12.81,12.7,12.78,8911600.0,12.81,5600,12.82,16400,0.87,13.09,12.76,8911600,115140000.0,2.04,2.6,56.04,56.04,13.97,11.43,0.73
汽轮科技,sz300277,19.74,18.67,18.85,60352200.0,19.73,23600,19.74,2600,5.73,20.77,18.85,60352200,1205300000.0,7.86,10.28,151.54,299.38,22.4,14.94,2.35
建邦科技,bj920242,23.45,22.89,22.99,462900.0,23.42,2400,23.45,300,2.45,23.8,22.99,462900,10903400.0,1.24,3.54,8.75,15.55,29.75,16.03,1.38
ST赛为,sz300044,8.12,7.91,7.93,31465500.0,8.11,403100,8.12,163600,2.65,8.2,7.93,31465500,254000000.0,4.4,3.41,58.09,62.03,9.49,6.33,1.1
普邦股份,sz002663,2.36,2.39,2.4,82986800.0,2.36,181200,2.37,232600,-1.26,2.46,2.35,82986800,198220000.0,6.42,4.6,30.51,40.67,2.63,2.15,1.03
盐津铺子,sz002847,56.88,57.67,57.91,3506500.0,56.88,23800,56.89,500,-1.37,57.91,56.79,3506500,201570000.0,1.44,1.94,138.7,155.12,63.44,51.9,1.22
*ST凯鑫,sz300899,38.0,37.0,37.11,1069600.0,38.0,2400,38.07,1000,2.7,38.62,37.0,1069600,40650000.0,2.61,4.38,15.56,24.24,44.4,29.6,1.87
纽泰格,sz301229,18.4,18.02,18.26,2353700.0,18.4,7600,18.41,11900,2.11,18.59,18.05,2353700,43390000.0,1.82,3.0,23.77,33.45,21.62,14.42,1.29
日海智能,sz002313,8.66,8.73,8.72,4478800.0,8.65,44200,8.66,153300,-0.8,8.84,8.63,4478800,39100000.0,1.2,2.41,32.42,32.42,9.6,7.86,0.86
*ST恒久,sz002808,4.64,4.45,4.49,5098300.0,4.64,7100,4.65,5200,4.27,4.67,4.46,5098300,23590000.0,3.09,4.72,7.66,12.47,4.67,4.23,2.02
华鹏飞,sz300350,5.4,5.34,5.39,11552900.0,5.4,18500,5.41,172700,1.12,5.51,5.39,11552900,62880000.0,2.45,2.25,25.46,30.35,6.41,4.27,0.78
旷达科技,sz002516,5.65,5.57,5.6,11193800.0,5.64,48400,5.65,143100,1.44,5.74,5.6,11193800,63530000.0,0.77,2.51,82.34,83.1,6.13,5.01,0.93
风光股份,sz301100,18.67,18.58,18.65,841000.0,18.67,2500,18.68,12300,0.48,18.88,18.62,841000,15760000.0,0.96,1.4,16.34,37.34,22.3,14.86,0.63
宏辉果蔬,sh603336,9.17,9.14,9.14,11062400.0,9.17,16800,9.18,50300,0.33,9.65,9.13,11062400,103000000.0,1.82,5.69,55.82,55.82,10.05,8.23,1.51
通灵股份,sz301168,43.4,43.21,43.07,2190800.0,43.39,700,43.4,12100,0.44,44.22,42.92,2190800,95270000.0,2.3,3.01,41.37,52.08,51.85,34.57,1.04
长春一东,sh600148,18.24,18.0,18.19,1348600.0,18.22,1500,18.24,1300,1.33,18.4,17.95,1348600,24610000.0,0.95,2.5,25.81,25.81,19.8,16.2,0.91
园林股份,sh605303,19.43,18.68,18.67,8762500.0,19.43,20500,19.44,31400,4.01,19.99,18.67,8762500,170760000.0,5.43,7.07,31.33,31.33,20.55,16.81,0.96
瑞康医药,sz002589,3.44,3.52,3.49,149521200.0,3.44,1438500,3.45,103500,-2.27,3.55,3.33,149521200,512780000.0,10.95,6.25,46.98,51.76,3.87,3.17,0.9
中瑞股份,sz301587,26.13,25.07,25.18,10551000.0,26.12,2200,26.13,6400,4.23,26.7,25.18,10551000,275710000.0,14.36,6.06,19.19,38.5,30.08,20.06,1.69
节能环境,sz300140,6.32,6.29,6.3,21884900.0,6.32,144800,6.33,108200,0.48,6.39,6.3,21884900,138880000.0,2.15,1.43,64.47,195.86,7.55,5.03,0.67
天工股份,bj920068,20.95,21.06,21.06,1618800.0,20.94,15900,20.95,900,-0.52,21.4,20.88,1618800,34150200.0,2.58,2.47,13.14,137.35,27.37,14.75,0.67
凌志软件,sh688588,12.07,11.8,11.86,450801500.0,12.07,1700,12.08,38500,2.29,12.25,11.86,450801500,54590000.0,1.13,3.31,48.28,48.28,14.16,9.44,1.4
兴通股份,sh603209,14.93,15.09,15.08,5993500.0,14.92,5600,14.93,6400,-1.06,15.23,14.85,5993500,89910000.0,1.86,2.52,48.0,48.52,16.6,13.58,0.9
旋极信息,sz300324,4.74,4.67,4.72,41318000.0,4.74,335100,4.75,672000,1.5,4.84,4.71,41318000,197790000.0,2.42,2.78,81.05,81.89,5.6,3.74,0.99
ST银江,sz300020,3.47,3.49,3.5,11174600.0,3.47,73200,3.48,14900,-0.57,3.56,3.45,11174600,39160000.0,1.46,3.15,26.6,27.58,4.19,2.79,0.47
ST信通,sh600289,7.37,7.27,7.28,4363800.0,7.36,123100,7.37,46200,1.38,7.46,7.27,4363800,32240000.0,0.77,2.61,41.71,46.51,7.63,6.91,0.78
粤 传 媒,sz002181,12.57,12.85,12.92,123280500.0,12.57,80200,12.58,56100,-2.18,13.37,12.33,123280500,1569720000.0,10.87,8.09,142.61,145.95,14.14,11.57,1.27
世昌股份,bj920022,26.15,25.79,25.79,262900.0,26.15,100,26.16,500,1.4,26.4,25.79,262900,6886300.0,1.58,2.37,4.34,15.77,33.52,18.06,0.85
万达信息,sz300168,5.56,5.52,5.57,14234800.0,5.56,52000,5.57,63900,0.72,5.62,5.54,14234800,79530000.0,0.99,1.45,80.02,80.1,6.62,4.42,0.78
恒宇信通,sz300965,54.38,53.48,54.0,576600.0,54.38,1900,54.39,200,1.68,55.1,53.51,576600,31460000.0,1.07,2.97,29.42,32.63,64.18,42.78,1.16
四维图新,sz002405,9.11,9.05,9.13,47226000.0,9.1,406400,9.11,113900,0.66,9.28,9.1,47226000,434010000.0,2.0,1.99,214.62,215.97,9.96,8.15,0.86
华菱线缆,sz001208,18.98,19.19,19.25,18841600.0,18.98,149700,18.99,14400,-1.09,19.68,18.92,18841600,361200000.0,7.16,3.96,49.96,121.16,21.11,17.27,0.62
木林森,sz002745,8.62,8.61,8.69,29856300.0,8.62,73900,8.63,81800,0.12,8.77,8.6,29856300,258640000.0,2.8,1.97,91.78,127.94,9.47,7.75,1.24
丽江股份,sz002033,9.17,9.03,9.05,14085600.0,9.17,17700,9.18,56900,1.55,9.28,9.05,14085600,129180000.0,2.56,2.55,50.39,50.39,9.93,8.13,1.06
克莱特,bj920689,27.62,27.16,27.25,828800.0,27.62,800,27.66,13200,1.69,28.09,27.25,828800,23019899.999999996,2.19,3.09,10.48,20.27,35.3,19.02,0.86
高凌信息,sh688175,35.78,32.87,32.89,530085400.0,35.78,100,35.8,11400,8.85,36.05,32.65,530085400,184770000.0,4.1,10.34,46.27,46.27,39.44,26.3,1.98
登康口腔,sz001328,31.98,31.93,31.99,1504500.0,31.98,42200,32.0,200,0.16,32.57,31.87,1504500,48410000.0,0.93,2.19,51.72,55.06,35.12,28.74,1.53
航天发展,sz000547,26.49,26.78,27.1,126024800.0,26.48,28400,26.49,465500,-1.08,27.41,26.35,126024800,3376610000.0,7.93,3.96,420.96,423.43,29.46,24.1,0.94
永安行,sh603776,18.64,18.44,18.43,1605900.0,18.64,10800,18.65,9200,1.08,18.92,18.43,1605900,30130000.0,0.57,2.66,52.33,52.33,20.28,16.6,1.02
华英农业,sz002321,2.06,2.07,2.09,29592400.0,2.05,1784100,2.06,48600,-0.48,2.11,2.05,29592400,61580000.0,1.39,2.9,43.76,43.94,2.28,1.86,0.92
广百股份,sz002187,6.31,6.27,6.29,7380000.0,6.31,152700,6.32,34100,0.64,6.4,6.28,7380000,46860000.0,1.05,1.91,44.23,44.23,6.9,5.64,0.8
纳尔股份,sz002825,11.0,10.76,10.84,8778400.0,10.99,22500,11.0,19300,2.23,11.05,10.72,8778400,96330000.0,3.42,3.07,28.22,37.57,11.84,9.68,1.26
太龙股份,sz300650,15.18,15.25,15.39,6636200.0,15.18,30000,15.19,20300,-0.46,15.53,15.14,6636200,101690000.0,3.9,2.56,25.86,36.64,18.3,12.2,1.05
申华控股,sh600653,1.75,1.74,1.75,18583700.0,1.75,1059700,1.76,1275400,0.57,1.78,1.74,18583700,32770000.0,0.95,2.3,34.06,34.06,1.91,1.57,0.95
国义招标,bj920039,9.55,9.46,9.5,692500.0,9.55,1300,9.56,7700,0.95,9.66,9.49,692500,6635700.000000001,0.45,1.8,14.69,14.69,12.29,6.63,0.82
红豆股份,sh600400,2.04,2.05,2.05,29846200.0,2.04,2006300,2.05,435100,-0.49,2.08,2.04,29846200,61430000.0,1.3,1.95,46.74,46.74,2.26,1.85,1.14
全筑股份,sh603030,2.4,2.42,2.44,17578700.0,2.39,244000,2.4,224400,-0.83,2.46,2.4,17578700,42580000.0,1.33,2.48,31.61,31.61,2.66,2.18,0.66
锐明技术,sz002970,66.83,65.71,65.91,6489700.0,66.82,6000,66.83,1100,1.7,68.66,65.91,6489700,436950000.0,5.21,4.19,83.19,121.65,72.28,59.14,1.58
日盈电子,sh603286,62.71,61.76,62.23,3233000.0,62.71,9800,62.72,200,1.54,64.84,62.02,3233000,204450000.0,2.8,4.57,72.38,73.62,67.94,55.58,1.04
球冠电缆,bj920682,8.74,8.62,8.7,3105100.0,8.73,12700,8.74,4500,1.39,8.88,8.67,3105100,27297500.0,1.65,2.44,16.45,28.36,11.2,6.04,0.5
金字火腿,sz002515,5.67,5.61,5.7,16001500.0,5.67,20300,5.68,146500,1.07,5.74,5.63,16001500,91000000.0,1.32,1.96,68.64,68.64,6.17,5.05,0.75
天地在线,sz002995,24.21,24.84,25.11,17652300.0,24.21,34900,24.22,6300,-2.54,25.2,24.21,17652300,433410000.0,15.7,3.99,27.22,42.96,27.32,22.36,0.88
华秦科技,sh688281,74.33,73.34,73.33,355412400.0,74.33,9000,74.37,2000,1.35,75.99,73.33,355412400,265950000.0,1.3,3.63,202.6,202.6,88.01,58.67,1.12
*ST金灵,sz300091,2.97,2.97,2.97,12804700.0,2.97,204300,2.98,1096800,0.0,2.98,2.96,12804700,37990000.0,0.78,0.67,48.57,84.41,3.56,2.38,1.15
同益中,sh688722,17.04,16.59,16.75,406638400.0,17.04,10800,17.05,1700,2.71,17.57,16.66,406638400,69660000.0,1.81,5.49,38.19,38.28,19.91,13.27,1.5
大明电子,sh603376,33.23,32.89,33.2,934200.0,33.22,1100,33.23,1900,1.03,33.52,33.06,934200,31080000.0,3.01,1.4,10.31,132.92,36.18,29.6,0.86
天阳科技,sz300872,16.78,16.22,16.37,18663000.0,16.78,71700,16.79,84700,3.45,17.03,16.33,18663000,312530000.0,4.42,4.32,70.82,81.91,19.46,12.98,2.3
汉维科技,bj920957,11.12,10.84,10.95,497100.0,11.03,18500,11.12,700,2.58,11.17,10.86,497100,5498800.0,1.16,2.86,4.75,11.93,14.09,7.59,0.78
盛路通信,sz002446,9.86,9.92,9.97,23545400.0,9.85,122500,9.86,60500,-0.6,10.1,9.85,23545400,234500000.0,2.78,2.52,83.59,90.26,10.91,8.93,1.29
千里科技,sh601777,10.23,10.18,10.24,19016200.0,10.22,178800,10.23,57200,0.49,10.48,10.2,19016200,196350000.0,0.42,2.75,462.51,462.51,11.2,9.16,0.98
豪能股份,sh603809,10.83,10.68,10.75,9369400.0,10.83,28900,10.84,54400,1.4,10.95,10.74,9369400,101820000.0,1.02,1.97,99.67,99.67,11.75,9.61,0.99
健盛集团,sh603558,13.43,13.84,14.1,12143200.0,13.42,15300,13.43,2300,-2.96,14.1,13.35,12143200,164370000.0,3.54,5.42,46.02,46.02,15.22,12.46,1.18
恒工精密,sz301261,76.48,76.37,76.81,1376800.0,76.48,2300,76.49,5900,0.14,78.14,76.48,1376800,106310000.0,3.67,2.17,28.67,67.22,91.64,61.1,1.24
联迪信息,bj920790,28.1,26.56,26.72,3192900.0,28.09,400,28.1,14000,5.8,28.87,26.72,3192900,89470300.0,5.87,8.09,15.27,22.19,34.52,18.6,2.54
金橙子,sh688291,40.1,39.89,40.0,221591000.0,40.09,600,40.1,4100,0.53,40.99,39.53,221591000,89350000.0,2.16,3.66,41.17,41.17,47.87,31.91,1.36
中广核技,sz000881,7.67,7.62,7.69,9318300.0,7.66,107400,7.67,42600,0.66,7.77,7.66,9318300,71900000.0,1.03,1.44,69.32,72.51,8.38,6.86,0.86
兰石重装,sh603169,10.03,9.94,10.05,16923600.0,10.02,64200,10.03,68100,0.91,10.14,10.0,16923600,170600000.0,1.3,1.41,131.02,131.02,10.93,8.95,0.87
天府文旅,sz000558,4.48,4.49,4.49,21654000.0,4.47,305700,4.48,23200,-0.22,4.56,4.48,21654000,97650000.0,1.68,1.78,57.73,57.76,4.94,4.04,0.93
创业黑马,sz300688,24.94,24.21,24.3,5765200.0,24.93,22200,24.94,15400,3.02,25.3,24.3,5765200,143610000.0,3.89,4.13,37.01,41.74,29.05,19.37,1.13
中科江南,sz301153,24.75,24.54,24.81,7505300.0,24.74,7900,24.75,3000,0.86,24.99,24.55,7505300,186190000.0,2.26,1.79,82.11,88.03,29.45,19.63,0.93
乖宝宠物,sz301498,51.36,51.4,51.65,4137700.0,51.36,1900,51.37,2500,-0.08,52.26,51.29,4137700,213660000.0,2.31,1.89,92.17,205.68,61.68,41.12,1.13
皇台酒业,sz000995,13.38,13.24,13.49,12188400.0,13.37,90900,13.38,12900,1.06,13.53,13.23,12188400,163250000.0,6.87,2.27,23.74,23.74,14.56,11.92,0.57
天地源,sh600665,3.19,3.16,3.19,8335800.0,3.19,2200,3.2,16100,0.95,3.24,3.17,8335800,26690000.0,0.96,2.22,27.57,27.57,3.48,2.84,0.7
好想你,sz002582,11.73,11.54,11.58,18679500.0,11.73,50300,11.74,26400,1.65,11.85,11.56,18679500,218790000.0,5.43,2.51,40.38,52.52,12.69,10.39,1.49
百利科技,sh603959,6.17,5.96,5.97,30704200.0,6.17,87500,6.18,256400,3.52,6.29,5.93,30704200,189410000.0,6.26,6.04,30.25,30.25,6.56,5.36,1.53
高伟达,sz300465,15.28,14.7,14.83,19566200.0,15.27,17500,15.28,46800,3.95,15.55,14.83,19566200,298030000.0,4.41,4.9,67.8,67.8,17.64,11.76,1.98
大地电气,bj920436,13.98,13.92,14.12,672800.0,13.98,14900,14.07,3500,0.43,14.19,13.94,672800,9467800.0,0.76,1.8,12.42,13.21,18.09,9.75,0.92
厦门信达,sz000701,5.84,5.84,5.88,8885200.0,5.84,8300,5.85,283900,0.0,5.94,5.83,8885200,52260000.0,1.33,1.88,39.0,39.03,6.42,5.26,0.8
金发科技,sh600143,16.9,16.7,16.88,42020100.0,16.9,162600,16.91,54500,1.2,17.17,16.82,42020100,713250000.0,1.59,2.1,445.29,445.29,18.37,15.03,0.9
绿亨科技,bj920866,7.55,7.5,7.53,1416600.0,7.54,14100,7.55,3100,0.67,7.63,7.52,1416600,10724500.0,1.24,1.47,8.62,13.61,9.75,5.25,0.86
卓越新能,sh688196,60.4,60.37,60.37,210700100.0,60.4,7400,60.41,800,0.05,61.79,59.71,210700100,127840000.0,1.76,3.45,72.48,76.82,72.44,48.3,0.72
沃格光电,sh603773,43.14,39.22,40.5,31053000.0,43.14,1083900,0.0,0,9.99,43.14,39.68,31053000,1302830000.0,13.82,8.82,96.92,96.95,43.14,35.3,2.78
通易航天,bj920642,11.88,11.9,11.96,1615400.0,11.87,8300,11.88,24900,-0.17,12.14,11.84,1615400,19369200.0,1.62,2.52,11.87,12.32,15.47,8.33,1.24
大连重工,sz002204,6.76,6.77,6.82,37144800.0,6.76,108000,6.77,371800,-0.15,6.87,6.76,37144800,252930000.0,1.92,1.62,130.56,130.56,7.45,6.09,1.18
亚盛集团,sh600108,4.44,4.48,4.52,60184600.0,4.44,353500,4.45,377200,-0.89,4.55,4.43,60184600,269780000.0,3.09,2.68,86.44,86.44,4.93,4.03,0.68
*ST东易,sz002713,14.23,13.55,13.76,19804400.0,14.23,2400200,0.0,0,5.02,14.23,13.61,19804400,277010000.0,3.76,4.58,74.92,135.38,14.23,12.87,0.69
中创环保,sz300056,9.36,9.19,9.25,23605400.0,9.36,76100,9.37,37900,1.85,9.55,8.97,23605400,221720000.0,6.13,6.31,36.05,36.08,11.03,7.35,1.7
艾芬达,sz301575,45.19,44.86,44.91,441100.0,45.18,2200,45.19,2300,0.74,45.38,44.82,441100,19950000.0,2.53,1.25,7.87,39.17,53.83,35.89,0.8
华培动力,sh603121,21.15,21.57,21.49,19494600.0,21.15,5800,21.16,13500,-1.95,22.3,21.15,19494600,420650000.0,5.76,5.33,71.6,71.6,23.73,19.41,1.53
爱婴室,sh603214,16.26,16.03,16.2,2923400.0,16.25,600,16.26,200,1.43,16.45,16.04,2923400,47700000.0,2.11,2.56,22.53,22.53,17.63,14.43,0.54
奥美森,bj920080,22.33,22.32,22.32,270300.0,22.33,1800,22.34,50000,0.04,22.69,22.32,270300,6100200.0,1.19,1.66,5.06,18.53,29.01,15.63,0.46
润农节水,bj920964,5.86,5.84,5.84,1642000.0,5.86,4500,5.88,30700,0.34,5.96,5.82,1642000,9671700.0,1.11,2.4,8.66,15.31,7.59,4.09,1.13
万源通,bj920060,32.48,32.2,32.45,2519400.0,32.48,300,32.55,1700,0.87,32.92,32.42,2519400,82410800.0,2.66,1.55,30.8,49.38,41.86,22.54,0.88
华平股份,sz300074,4.14,4.11,4.16,10918900.0,4.13,43700,4.14,69900,0.73,4.2,4.12,10918900,45430000.0,1.99,1.95,22.75,22.77,4.93,3.29,0.69
通达电气,sh603390,11.89,11.8,11.82,3541700.0,11.89,8500,11.9,19600,0.76,12.02,11.77,3541700,42280000.0,1.01,2.12,41.68,41.81,12.98,10.62,0.77
巨能股份,bj920578,18.99,18.67,18.66,598500.0,18.94,1500,18.99,1100,1.71,19.16,18.66,598500,11368599.999999998,2.6,2.68,4.37,14.52,24.27,13.07,1.0
新风光,sh688663,57.51,57.4,57.4,261964800.0,57.51,0,57.53,400,0.19,58.2,56.88,261964800,150910000.0,1.85,2.3,81.36,81.36,68.88,45.92,1.12
飞马国际,sz002210,2.57,2.57,2.57,33606300.0,2.56,660100,2.57,207800,0.0,2.61,2.57,33606300,87030000.0,1.27,1.56,68.27,68.39,2.83,2.31,0.64
晶华新材,sh603683,27.09,26.8,26.8,11327200.0,27.09,28300,27.1,89700,1.08,27.3,26.76,11327200,305940000.0,3.93,2.01,78.07,78.88,29.48,24.12,0.98
能科科技,sh603859,38.32,37.84,38.39,4407100.0,38.31,9000,38.32,400,1.27,38.67,38.12,4407100,169340000.0,1.8,1.45,93.77,93.77,41.62,34.06,1.08
天威视讯,sz002238,7.43,7.36,7.44,4410400.0,7.43,5300,7.44,23200,0.95,7.51,7.38,4410400,32860000.0,0.55,1.77,59.63,59.63,8.1,6.62,0.82
坤博精工,bj920570,29.19,28.78,29.14,359200.0,29.18,600,29.19,29100,1.42,29.38,28.84,359200,10482400.0,1.47,1.88,7.11,14.64,37.41,20.15,0.79
金健米业,sh600127,7.29,7.49,7.42,57582200.0,7.28,424100,7.29,12600,-2.67,7.45,7.26,57582200,421830000.0,8.97,2.54,46.79,46.79,8.24,6.74,0.87
禾元生物-U,sh688765,65.56,64.85,65.16,86507900.0,65.56,2400,65.57,1400,1.09,66.29,64.75,86507900,56770000.0,2.11,2.37,26.87,234.38,77.82,51.88,0.82
招标股份,sz301136,15.36,15.39,15.46,5671200.0,15.36,21400,15.37,3400,-0.19,15.68,15.32,5671200,87840000.0,2.06,2.34,42.27,42.27,18.47,12.31,0.74
宜通世纪,sz300310,6.15,6.14,6.19,24510700.0,6.14,83300,6.15,7800,0.16,6.3,6.13,24510700,152110000.0,3.55,2.77,42.52,54.22,7.37,4.91,0.86
ST新动力,sz300152,2.31,2.29,2.29,15822500.0,2.3,260100,2.31,1005600,0.87,2.33,2.28,15822500,36490000.0,2.22,2.18,16.46,16.47,2.75,1.83,0.82
华峰超纤,sz300180,6.2,5.96,5.96,68072600.0,6.19,428900,6.2,381300,4.03,6.31,5.96,68072600,419710000.0,3.97,5.87,106.19,109.19,7.15,4.77,1.65
盛视科技,sz002990,34.0,33.28,33.3,13157600.0,33.96,14900,34.0,128500,2.16,34.61,33.15,13157600,445620000.0,9.81,4.39,45.59,89.03,36.61,29.95,0.94
风神股份,sh600469,6.68,6.71,6.71,9489100.0,6.67,23700,6.68,7900,-0.45,6.8,6.63,9489100,63710000.0,1.3,2.53,48.73,59.45,7.38,6.04,1.01
锋尚文化,sz300860,23.53,23.35,23.57,1506200.0,23.52,9800,23.53,17200,0.77,23.96,23.41,1506200,35710000.0,1.38,2.36,25.75,44.34,28.02,18.68,0.94
方正阀门,bj920082,15.14,14.94,14.95,798900.0,15.14,1200,15.15,2900,1.34,15.3,14.95,798900,12134900.0,2.02,2.34,5.99,22.01,19.42,10.46,0.88
中科金财,sz002657,22.54,22.05,22.27,13071200.0,22.53,44300,22.54,155700,2.22,22.89,22.05,13071200,294910000.0,3.89,3.81,75.76,76.65,24.26,19.85,1.75
华纺股份,sh600448,3.26,3.2,3.23,18348200.0,3.25,67200,3.26,10400,1.88,3.32,3.18,18348200,59950000.0,2.91,4.37,20.53,20.53,3.52,2.88,0.73
旺成科技,bj920896,16.73,16.58,16.77,565900.0,16.73,300,16.74,3100,0.9,16.99,16.64,565900,9536300.0,1.28,2.11,7.41,16.93,21.55,11.61,0.95
汇隆活塞,bj920455,7.71,7.62,7.7,841900.0,7.67,2100,7.71,7800,1.18,7.82,7.65,841900,6504700.0,0.9,2.23,7.23,13.68,9.9,5.34,1.11
鸿日达,sz301285,88.2,86.0,86.86,4160400.0,88.2,5600,88.25,500,2.56,89.5,85.5,4160400,365830000.0,2.01,4.65,182.28,182.28,103.2,68.8,1.36
兆新股份,sz002256,3.87,3.79,3.79,136366000.0,3.86,554100,3.87,58700,2.11,3.9,3.73,136366000,519130000.0,6.99,4.49,75.51,77.17,4.17,3.41,1.09
长江能科,bj920158,15.96,15.89,15.91,2452600.0,15.95,4300,15.96,700,0.44,16.08,15.73,2452600,39039100.0,6.43,2.2,6.09,22.76,20.65,11.13,0.56
中化装备,sh600579,8.02,7.93,7.96,3999000.0,8.02,58200,8.03,8200,1.13,8.12,7.95,3999000,32240000.0,0.81,2.14,39.59,39.59,8.72,7.14,0.84
*ST椰岛,sh600238,3.92,3.73,3.54,17346500.0,3.92,4215500,0.0,0,5.09,3.92,3.54,17346500,62370000.0,3.9,10.19,17.45,17.57,3.92,3.54,3.56
西王食品,sz000639,2.21,2.25,2.28,67910900.0,2.21,2152300,2.22,1241100,-1.78,2.28,2.21,67910900,151750000.0,6.29,3.11,23.86,23.86,2.48,2.03,0.77
马应龙,sh600993,25.46,25.42,25.47,2462800.0,25.46,13600,25.48,100,0.16,25.63,25.41,2462800,62830000.0,0.57,0.87,109.56,109.75,27.96,22.88,0.91
ST加加,sz002650,8.09,7.7,8.08,4906300.0,8.09,4847300,0.0,0,5.06,8.09,8.02,4906300,39660000.0,0.44,0.91,89.56,89.56,8.09,7.32,0.36
佳都科技,sh600728,5.68,5.68,5.73,28217800.0,5.67,271600,5.68,42300,0.0,5.76,5.67,28217800,161300000.0,1.32,1.58,121.13,121.13,6.25,5.11,1.24
动力新科,sh600841,9.26,9.02,9.05,45885000.0,9.25,211100,9.26,7800,2.66,9.56,9.01,45885000,428820000.0,4.4,6.1,96.58,128.51,9.92,8.12,1.95
群兴玩具,sz002575,7.24,7.71,7.86,93596800.0,7.24,309700,7.25,133900,-6.1,7.88,7.21,93596800,694910000.0,15.99,8.69,42.39,44.63,8.48,6.94,1.21
梅雁吉祥,sh600868,3.51,3.53,3.56,49605100.0,3.51,392300,3.52,383000,-0.57,3.58,3.5,49605100,175540000.0,2.61,2.27,66.63,66.63,3.88,3.18,0.73
江苏雷利,sz300660,43.21,42.22,42.67,5739200.0,43.2,41900,43.21,24000,2.34,44.1,42.56,5739200,249540000.0,1.28,3.65,193.05,193.21,50.66,33.78,1.46
味知香,sh605089,25.6,25.3,25.4,1623300.0,25.6,200,25.61,300,1.19,25.88,25.15,1623300,41340000.0,1.18,2.89,35.33,35.33,27.83,22.77,1.14
富临运业,sz002357,11.55,11.94,11.97,14339500.0,11.55,24400,11.56,4400,-3.27,12.15,11.51,14339500,168760000.0,4.57,5.36,36.21,36.21,13.13,10.75,0.66
华神科技,sz000790,4.09,4.08,4.08,18362800.0,4.09,39600,4.1,186600,0.25,4.16,4.04,18362800,75360000.0,2.95,2.94,25.46,25.51,4.49,3.67,0.67
一鸣食品,sh605179,17.24,16.95,17.05,2607100.0,17.24,2400,17.25,17700,1.71,17.43,17.02,2607100,45050000.0,0.65,2.42,69.13,69.13,18.65,15.26,1.55
金陵药业,sz000919,7.93,8.58,8.13,147569800.0,7.93,454100,7.94,49600,-7.58,8.3,7.73,147569800,1178420000.0,23.73,6.64,49.31,49.32,9.44,7.72,2.14
泰慕士,sz001234,25.77,25.58,25.7,1693200.0,25.77,600,25.8,1000,0.74,26.12,25.32,1693200,43520000.0,1.85,3.13,23.58,28.2,28.14,23.02,1.18
精锻科技,sz300258,12.31,12.08,12.16,14255600.0,12.31,8700,12.32,41000,1.9,12.46,12.16,14255600,175950000.0,2.5,2.48,70.15,72.02,14.5,9.66,1.18
旗天科技,sz300061,8.18,7.99,8.1,12372200.0,8.17,66700,8.18,33800,2.38,8.28,8.0,12372200,101280000.0,1.99,3.5,50.89,53.91,9.59,6.39,0.93
桂发祥,sz002820,10.37,10.28,10.37,6349600.0,10.37,14400,10.39,20600,0.88,10.5,10.28,6349600,66050000.0,3.16,2.14,20.83,20.83,11.31,9.25,0.75
ST起步,sh603557,3.78,3.6,3.59,10524900.0,3.78,522100,0.0,0,5.0,3.78,3.59,10524900,39170000.0,1.69,5.28,23.57,23.57,3.78,3.42,1.06
华曙高科,sh688433,73.36,74.75,75.5,440380300.0,73.36,2000,73.4,400,-1.86,76.83,73.36,440380300,329240000.0,2.18,4.64,148.26,303.83,89.7,59.8,1.38
采纳股份,sz301122,29.16,29.15,29.56,1764900.0,29.15,9600,29.16,6800,0.03,30.15,29.04,1764900,52030000.0,2.33,3.81,22.06,35.65,34.98,23.32,1.17
新宁物流,sz300013,3.79,3.77,3.83,8619800.0,3.79,43100,3.8,57100,0.53,3.84,3.78,8619800,32800000.0,1.93,1.59,16.9,21.16,4.52,3.02,0.67
珠免集团,sh600185,5.77,5.68,5.74,18511300.0,5.77,65000,5.78,29900,1.58,5.82,5.72,18511300,107030000.0,0.98,1.76,108.76,108.76,6.25,5.11,1.02
苏州科达,sh603660,9.58,9.39,9.45,18266400.0,9.57,15000,9.58,178100,2.02,9.93,9.45,18266400,177490000.0,3.2,5.11,54.75,55.16,10.33,8.45,1.22
昂立教育,sh600661,9.78,9.66,9.73,3358600.0,9.78,1500,9.79,2900,1.24,9.87,9.68,3358600,32910000.0,1.17,1.97,28.02,28.02,10.63,8.69,0.98
瑞立科密,sz001285,52.54,51.43,51.72,1785500.0,52.53,2500,52.54,100,2.16,53.1,51.62,1785500,93730000.0,4.3,2.88,21.8,94.67,56.57,46.29,1.09
华锡有色,sh600301,50.26,51.71,52.48,9312100.0,50.26,27200,50.27,1600,-2.8,52.48,49.98,9312100,472580000.0,3.38,4.83,138.38,317.93,56.88,46.54,1.02
中宠股份,sz002891,38.45,38.46,38.55,8433100.0,38.45,1400,38.46,600,-0.03,39.2,38.24,8433100,325950000.0,2.64,2.5,122.9,122.9,42.31,34.61,0.93
万  科Ａ,sz000002,3.89,3.87,3.87,76262200.0,3.88,2919400,3.89,746400,0.52,3.94,3.87,76262200,297900000.0,0.78,1.81,377.99,464.1,4.26,3.48,0.75
鑫科材料,sh600255,3.6,3.61,3.65,61874500.0,3.6,121300,3.61,619600,-0.28,3.67,3.6,61874500,224380000.0,3.43,1.94,65.02,65.02,3.97,3.25,1.26
赫美集团,sz002356,3.48,3.44,3.46,32252200.0,3.48,1139600,3.49,756100,1.16,3.53,3.44,32252200,112520000.0,2.46,2.62,45.63,45.63,3.78,3.1,0.9
秦川物联,sh688528,10.84,10.73,10.77,180230300.0,10.83,200,10.84,700,1.03,11.09,10.71,180230300,19610000.0,1.07,3.54,18.21,18.21,12.88,8.58,1.03
金富科技,sz003018,32.25,31.5,31.98,11006700.0,32.25,21400,32.28,1200,2.38,33.07,31.0,11006700,355350000.0,4.64,6.57,76.56,83.85,34.65,28.35,0.8
凯众股份,sh603037,13.39,13.29,13.4,3966300.0,13.39,1100,13.4,3800,0.75,13.56,13.31,3966300,53270000.0,1.49,1.88,35.64,35.74,14.62,11.96,1.03
黑芝麻,sz000716,5.23,5.17,5.19,8156300.0,5.23,212500,5.24,111800,1.16,5.27,5.18,8156300,42750000.0,1.1,1.74,38.64,39.38,5.69,4.65,1.1
兆日科技,sz300333,9.47,9.02,9.09,16992400.0,9.46,33900,9.47,39800,4.99,9.7,9.09,16992400,160510000.0,5.08,6.76,31.7,31.82,10.82,7.22,2.29
方大新材,bj920163,12.55,12.29,12.4,565400.0,12.54,10500,12.55,10200,2.12,12.7,12.4,565400,7104700.0,0.94,2.44,7.54,16.15,15.97,8.61,0.9
扬农化工,sh600486,80.0,80.63,80.68,5872500.0,80.0,25300,80.01,2000,-0.78,80.9,79.31,5872500,469520000.0,1.45,1.97,323.19,324.26,88.69,72.57,0.95
联创光电,sh600363,52.09,51.29,51.77,6418800.0,52.08,9800,52.09,6700,1.56,52.98,51.75,6418800,336310000.0,1.42,2.4,234.87,234.87,56.42,46.16,1.17
祖名股份,sz003030,20.39,20.13,20.3,1932400.0,20.39,800,20.42,1600,1.29,20.68,20.05,1932400,39460000.0,2.43,3.13,16.19,25.44,22.14,18.12,1.21
通光线缆,sz300265,19.22,20.23,20.03,71818900.0,19.21,62800,19.22,85100,-4.99,20.03,19.13,71818900,1395590000.0,15.37,4.45,89.82,89.87,24.28,16.18,0.88
深华发Ａ,sz000020,15.8,15.58,15.73,9346300.0,15.8,4400,15.81,11000,1.41,15.97,15.63,9346300,147730000.0,5.16,2.18,28.62,44.74,17.14,14.02,0.94
恒银科技,sh603106,9.18,8.96,9.01,10472400.0,9.18,63000,9.19,14400,2.46,9.33,9.01,10472400,96390000.0,2.01,3.57,47.78,47.78,9.86,8.06,1.62
中稀有色,sh600259,94.46,95.46,96.59,15171900.0,94.45,7400,94.46,18900,-1.05,96.72,92.6,15171900,1439920000.0,4.51,4.32,317.8,317.8,105.01,85.91,1.0
傲农生物,sh603363,3.94,3.96,3.97,32577500.0,3.93,1495800,3.94,40500,-0.51,3.98,3.91,32577500,128650000.0,1.52,1.77,84.44,102.56,4.36,3.56,0.57
文峰股份,sh601010,2.42,2.2,2.21,111830900.0,2.42,17423100,0.0,0,10.0,2.42,2.21,111830900,266110000.0,6.05,9.55,44.72,44.72,2.42,1.98,5.22
瑞茂通,sh600180,3.33,3.26,3.27,13104200.0,3.32,144200,3.33,87500,2.15,3.37,3.27,13104200,43730000.0,1.21,3.07,36.18,36.18,3.59,2.93,0.97
世荣兆业,sz002016,5.75,5.73,5.77,8771900.0,5.74,332600,5.75,56400,0.35,5.86,5.72,8771900,50890000.0,1.08,2.44,46.52,46.52,6.3,5.16,0.7
深康佳Ａ,sz000016,3.13,3.15,3.18,25464700.0,3.13,441400,3.14,315100,-0.63,3.2,3.13,25464700,80440000.0,1.59,2.22,49.97,75.37,3.47,2.84,0.47
万里马,sz300591,7.02,6.96,7.01,7100200.0,7.01,85000,7.02,7500,0.86,7.08,6.95,7100200,50000000.0,2.03,1.87,24.6,28.48,8.35,5.57,0.73
电连技术,sz300679,42.82,44.07,43.98,43124100.0,42.82,3000,42.83,6400,-2.84,44.35,42.15,43124100,1855090000.0,12.0,4.99,153.91,181.91,52.88,35.26,1.66
飞乐音响,sh600651,7.04,7.08,7.21,20447700.0,7.04,68000,7.05,51800,-0.56,7.34,7.04,20447700,146490000.0,0.82,4.24,176.49,176.49,7.79,6.37,0.68
宇晶股份,sz002943,46.6,46.43,46.66,7130400.0,46.59,10700,46.6,13300,0.37,47.89,46.51,7130400,335990000.0,4.9,2.97,67.86,95.77,51.07,41.79,1.28
麦趣尔,sz002719,8.6,8.65,8.73,5425600.0,8.6,67500,8.61,2300,-0.58,8.8,8.51,5425600,46930000.0,3.35,3.35,13.92,14.98,9.52,7.79,0.62
雷曼光电,sz300162,9.22,9.17,9.15,30687400.0,9.22,6600,9.23,85300,0.55,9.38,9.1,30687400,284170000.0,8.97,3.05,31.55,38.68,11.0,7.34,0.94
天目药业,sh600671,20.97,21.5,21.55,2339700.0,20.97,5900,20.98,1000,-2.47,21.68,20.96,2339700,49650000.0,1.92,3.35,25.52,25.54,23.65,19.35,1.1
澳柯玛,sh600336,7.16,7.14,7.14,6327400.0,7.15,16800,7.16,23300,0.28,7.33,7.14,6327400,45620000.0,0.79,2.66,57.14,57.14,7.85,6.43,0.74
赛轮轮胎,sh601058,13.58,13.74,13.83,28358900.0,13.58,41400,13.59,95400,-1.16,13.85,13.56,28358900,388380000.0,0.86,2.11,446.52,446.52,15.11,12.37,0.83
上海沿浦,sh605128,34.68,34.26,34.61,1964900.0,34.67,1000,34.68,10200,1.23,35.14,34.3,1964900,68370000.0,0.93,2.45,73.22,73.22,37.69,30.83,0.98
晶丰明源,sh688368,140.8,138.64,140.0,258541700.0,140.8,4000,140.81,5900,1.56,148.35,139.0,258541700,372260000.0,2.92,6.74,124.61,181.42,166.37,110.91,1.28
浙江荣泰,sh603119,74.82,74.11,74.49,9854300.0,74.81,59600,74.82,1900,0.96,77.07,74.15,9854300,744000000.0,4.83,3.94,152.54,272.15,81.52,66.7,1.11
安正时尚,sh603839,7.5,7.37,7.4,2337800.0,7.5,8900,7.52,1700,1.76,7.6,7.37,2337800,17560000.0,0.6,3.12,29.03,29.03,8.11,6.63,0.85
安琪酵母,sh600298,41.08,41.03,41.02,4229700.0,41.08,3900,41.09,600,0.12,41.5,40.68,4229700,173770000.0,0.49,2.0,352.12,356.55,45.13,36.93,0.69
*ST金比,sz002762,7.32,7.36,7.37,4111800.0,7.32,7100,7.33,4400,-0.54,7.55,7.23,4111800,30350000.0,1.95,4.35,15.47,25.91,7.73,6.99,1.38
华如科技,sz301302,21.17,21.17,21.12,6050200.0,21.15,7900,21.17,3700,0.0,21.52,21.0,6050200,128950000.0,4.35,2.46,29.42,33.0,25.4,16.94,0.65
抚顺特钢,sh600399,5.84,5.82,5.85,38815200.0,5.84,225900,5.85,194700,0.34,5.99,5.84,38815200,229120000.0,1.97,2.58,115.17,115.17,6.4,5.24,1.14
茶花股份,sh603615,18.69,18.68,18.58,4364200.0,18.69,75500,18.7,500,0.05,19.05,18.45,4364200,81980000.0,1.8,3.21,45.2,45.2,20.55,16.81,0.81
大连圣亚,sh600593,37.09,37.06,37.17,2895900.0,37.09,11400,37.1,8900,0.08,37.77,36.95,2895900,108030000.0,2.25,2.21,47.77,48.38,40.77,33.35,0.81
超讯通信,sh603322,31.54,31.49,31.83,3271800.0,31.53,300,31.57,5300,0.16,32.03,31.54,3271800,104040000.0,2.08,1.56,49.7,49.7,34.64,28.34,0.9
登云股份,sz002715,14.81,14.55,14.65,3526700.0,14.81,2500,14.82,6300,1.79,14.88,14.54,3526700,51930000.0,2.56,2.34,20.44,20.44,16.01,13.1,0.9
合锻智能,sh603011,21.21,21.07,21.29,15687600.0,21.2,44800,21.21,159300,0.66,21.55,21.16,15687600,334580000.0,3.17,1.85,104.87,104.87,23.18,18.96,0.9
锦江在线,sh600650,12.76,12.55,12.58,4379700.0,12.75,7300,12.76,23900,1.67,12.85,12.58,4379700,55920000.0,1.12,2.15,49.84,70.39,13.81,11.3,1.06
模塑科技,sz000700,11.28,11.28,11.32,28130300.0,11.28,110200,11.29,1000,0.0,11.68,11.25,28130300,322250000.0,3.06,3.81,103.55,103.55,12.41,10.15,0.89
思创智联,sz300078,4.13,4.1,4.14,24604300.0,4.12,702400,4.13,142500,0.73,4.2,4.12,24604300,102180000.0,2.21,1.95,45.98,46.17,4.92,3.28,0.58
光电股份,sh600184,20.09,19.62,19.45,66202800.0,20.09,21300,20.1,65000,2.4,21.5,19.4,66202800,1348030000.0,11.36,10.7,117.07,117.07,21.58,17.66,1.06
雅博股份,sz002323,2.14,2.19,2.21,116474300.0,2.14,3601700,2.15,344000,-2.28,2.22,2.14,116474300,251510000.0,5.49,3.65,45.38,45.39,2.41,1.97,0.65
陕西金叶,sz000812,4.06,4.03,4.07,13838300.0,4.06,15800,4.07,609000,0.74,4.13,4.05,13838300,56610000.0,1.8,1.99,31.18,31.21,4.43,3.63,1.05
曙光股份,sh600303,3.15,3.11,3.15,16695400.0,3.14,112300,3.15,98100,1.29,3.2,3.1,16695400,52610000.0,2.47,3.22,21.28,21.53,3.42,2.8,0.55
中国一重,sh601106,4.22,4.23,4.27,44596500.0,4.22,163000,4.23,1020000,-0.24,4.33,4.21,44596500,190350000.0,0.65,2.84,289.4,289.4,4.65,3.81,0.93
巨星科技,sz002444,30.82,30.73,31.12,12342000.0,30.82,1900,30.83,5500,0.29,31.61,30.66,12342000,383070000.0,1.08,3.09,353.52,368.14,33.8,27.66,1.06
新开普,sz300248,10.44,10.31,10.38,6622800.0,10.43,34300,10.44,133000,1.26,10.55,10.38,6622800,69390000.0,1.62,1.65,42.71,49.73,12.37,8.25,0.91
北矿检测,bj920160,22.18,22.03,22.28,459800.0,22.18,10900,22.2,600,0.68,22.4,22.05,459800,10230300.0,1.8,1.59,5.65,25.13,28.63,15.43,0.75
流金科技,bj920021,10.27,10.5,10.6,25536100.0,10.27,82500,10.28,2500,-2.19,10.76,10.22,25536100,267802400.00000003,10.32,5.14,25.42,31.73,13.65,7.35,0.94
七一二,sh603712,16.28,16.05,16.15,9793800.0,16.28,46100,16.29,64400,1.43,16.46,16.15,9793800,160220000.0,1.27,1.93,125.68,125.68,17.66,14.45,1.26
麒麟信安,sh688152,34.08,33.84,34.08,84734100.0,34.07,7000,34.08,1700,0.71,34.71,34.07,84734100,29100000.0,0.82,1.89,35.04,35.04,40.61,27.07,0.69
传音控股,sh688036,52.74,52.17,52.54,627423400.0,52.72,200,52.74,800,1.09,53.35,52.33,627423400,332060000.0,0.55,1.96,607.13,607.13,62.6,41.74,0.86
合百集团,sz000417,6.65,6.55,6.6,8853000.0,6.64,57700,6.65,22500,1.53,6.7,6.59,8853000,58970000.0,1.14,1.68,51.81,51.86,7.21,5.9,0.95
大唐电信,sh600198,8.35,8.38,8.4,12548800.0,8.35,92600,8.36,339200,-0.36,8.5,8.34,12548800,105530000.0,0.96,1.91,108.71,108.85,9.22,7.54,1.07
精创电气,bj920035,32.0,31.55,31.57,235200.0,32.0,1900,32.02,100,1.43,32.36,31.57,235200,7538400.0,1.81,2.5,4.16,18.51,41.01,22.09,0.65
中钢洛耐,sh688119,5.15,5.1,5.14,1009595900.0,5.14,11600,5.15,68200,0.98,5.24,5.13,1009595900,52350000.0,0.9,2.16,57.94,57.94,6.12,4.08,1.06
四川九洲,sz000801,13.78,13.7,13.78,10030800.0,13.78,43700,13.79,5400,0.58,14.01,13.78,10030800,139260000.0,0.99,1.68,140.0,140.05,15.07,12.33,0.81
厦工股份,sh600815,3.71,3.73,3.78,82935700.0,3.71,294300,3.72,102900,-0.54,3.82,3.68,82935700,309760000.0,4.67,3.75,65.82,65.82,4.1,3.36,1.03
南网数字,sz301638,26.4,26.32,26.52,19699100.0,26.39,6700,26.4,81700,0.3,26.75,26.3,19699100,521750000.0,8.38,1.71,62.03,839.43,31.58,21.06,0.83
中源家居,sh603709,16.99,16.6,16.6,1693400.0,16.99,200,17.02,1500,2.35,17.15,16.6,1693400,28730000.0,1.35,3.31,21.26,21.42,18.26,14.94,0.87
申昊科技,sz300853,20.31,18.7,18.7,5697100.0,20.31,5900,20.32,6500,8.61,20.46,18.7,5697100,113500000.0,5.79,9.41,19.97,29.85,22.44,14.96,2.22
崇德科技,sz301548,71.11,69.15,70.69,2091200.0,71.11,6900,71.22,1200,2.83,73.68,69.16,2091200,150040000.0,7.97,6.54,18.66,61.87,82.98,55.32,1.81
卓胜微,sz300782,99.89,97.53,99.58,37470500.0,99.89,3900,99.9,18700,2.42,102.3,96.43,37470500,3707820000.0,8.36,6.02,447.75,534.35,117.04,78.02,1.31
东望时代,sh600052,3.96,3.9,3.92,8241000.0,3.95,167300,3.96,185600,1.54,4.0,3.9,8241000,32720000.0,0.98,2.56,33.43,33.43,4.29,3.51,0.83
中锐股份,sz002374,3.23,3.22,3.25,12452400.0,3.23,57600,3.24,538100,0.31,3.28,3.22,12452400,40480000.0,1.15,1.86,35.05,35.05,3.54,2.9,0.75
罗曼股份,sh605289,114.5,111.06,113.05,6726200.0,114.5,14500,114.52,300,3.1,117.5,110.0,6726200,771020000.0,6.21,6.75,124.05,124.81,122.17,99.95,0.94
雷尔伟,sz301016,22.4,21.89,22.12,2602000.0,22.4,8000,22.41,4700,2.33,22.62,22.07,2602000,58060000.0,1.26,2.51,46.4,48.92,26.27,17.51,0.98
万朗磁塑,sh603150,54.5,52.95,53.0,2078800.0,54.5,7400,54.57,1300,2.93,55.0,52.4,2078800,111970000.0,2.43,4.91,46.59,46.59,58.25,47.66,0.63
华安鑫创,sz300928,29.19,28.96,29.47,991400.0,29.19,8100,29.2,200,0.79,29.66,29.11,991400,29110000.0,1.85,1.9,15.64,23.35,34.75,23.17,0.86
一致魔芋,bj920273,21.54,21.24,21.29,783900.0,21.54,15200,21.55,2500,1.41,21.79,21.29,783900,16935500.0,1.14,2.35,14.79,22.22,27.61,14.87,0.71
海昌新材,sz300885,24.16,23.71,23.99,9323200.0,24.15,10200,24.16,14900,1.9,24.49,23.55,9323200,224770000.0,5.58,3.96,40.35,59.95,28.45,18.97,1.24
雪人集团,sz002639,19.55,20.67,20.4,119455400.0,19.55,451800,19.56,275100,-5.42,20.69,19.55,119455400,2381770000.0,18.36,5.52,127.2,151.04,22.74,18.6,0.83
联建光电,sz300269,7.35,7.38,7.48,23777300.0,7.34,75800,7.35,130400,-0.41,7.52,7.34,23777300,176590000.0,4.52,2.44,38.64,40.36,8.86,5.9,0.83
花溪科技,bj920895,16.65,16.41,16.49,418100.0,16.57,8300,16.65,100,1.46,16.71,16.36,418100,6941300.0,1.46,2.13,4.78,9.41,21.33,11.49,0.69
香飘飘,sh603711,12.45,12.31,12.4,1826700.0,12.44,7900,12.45,23600,1.14,12.6,12.33,1826700,22840000.0,0.44,2.19,51.4,51.4,13.54,11.08,1.43
凤形股份,sz002760,21.62,21.57,21.88,3853200.0,21.62,600,21.66,1000,0.23,22.0,21.6,3853200,83960000.0,3.57,1.85,23.35,23.35,23.73,19.41,1.18
安车检测,sz300572,29.3,28.95,29.05,5926300.0,29.29,200,29.3,9100,1.21,29.62,29.0,5926300,173690000.0,3.23,2.14,53.79,67.09,34.74,23.16,1.16
泰永长征,sz002927,17.84,17.42,17.48,8115600.0,17.84,2000,17.85,20900,2.41,18.54,17.48,8115600,146690000.0,3.68,6.08,39.38,39.82,19.16,15.68,1.55
谱尼测试,sz300887,9.97,9.93,9.99,7934300.0,9.97,8500,9.98,61100,0.4,10.13,9.96,7934300,79710000.0,2.19,1.71,36.11,54.41,11.92,7.94,0.75
汇绿生态,sz001267,43.91,43.29,43.5,61011800.0,43.9,224400,43.91,49000,1.43,44.7,41.7,61011800,2653360000.0,10.07,6.93,265.94,344.77,47.62,38.96,1.19
四方精创,sz300468,33.82,30.1,30.48,85810000.0,33.82,219600,33.83,24700,12.36,35.45,30.26,85810000,2838000000.0,16.2,17.24,179.17,179.47,36.12,24.08,2.39
梅安森,sz300275,11.17,11.05,11.16,3348300.0,11.16,2100,11.17,64700,1.09,11.29,11.12,3348300,37500000.0,1.23,1.54,30.32,34.4,13.26,8.84,0.86
锦泓集团,sh603518,8.99,8.86,8.93,3172800.0,8.99,38500,9.0,35000,1.47,9.04,8.87,3172800,28550000.0,0.92,1.92,30.93,31.05,9.75,7.97,0.86
智新电子,bj920212,11.78,11.53,11.55,701000.0,11.78,4200,11.8,900,2.17,11.93,11.55,701000,8293800.0,1.36,3.3,6.08,12.5,14.98,8.08,1.12
铭普光磁,sz002902,28.07,28.83,28.33,45811200.0,28.07,40200,28.08,11300,-2.64,29.15,27.8,45811200,1297940000.0,25.79,4.68,49.86,65.97,31.71,25.95,0.8
龙元建设,sh600491,2.97,3.0,3.01,13246400.0,2.97,51100,2.98,172400,-1.0,3.03,2.95,13246400,39470000.0,0.87,2.67,45.43,45.43,3.3,2.7,0.81
如意集团,sz002193,6.44,6.21,6.3,16100300.0,6.44,28000,6.45,64600,3.7,6.49,6.14,16100300,101760000.0,6.15,5.64,16.85,16.85,6.83,5.59,1.22
芭薇股份,bj920123,12.76,12.79,12.78,778200.0,12.76,1900,12.8,1500,-0.23,12.96,12.75,778200,10000500.0,1.22,1.64,8.12,14.23,16.62,8.96,0.51
夜光明,bj920527,16.72,16.37,16.36,573600.0,16.72,3000,16.74,1600,2.14,16.93,16.36,573600,9628400.0,1.58,3.48,6.08,10.04,21.28,11.46,1.25
豪悦护理,sh605009,28.21,27.99,27.99,906000.0,28.21,1000,28.24,500,0.79,28.31,27.99,906000,25570000.0,0.42,1.14,60.66,60.67,30.79,25.19,0.97
中海达,sz300177,8.15,8.13,8.19,8633100.0,8.14,132500,8.15,125300,0.25,8.25,8.12,8633100,70620000.0,1.42,1.6,49.41,60.65,9.76,6.5,0.78
美邦服饰,sz002269,1.67,1.67,1.68,49922500.0,1.67,3481700,1.68,3801500,0.0,1.7,1.67,49922500,83890000.0,1.99,1.8,41.96,41.96,1.84,1.5,0.5
日月明,sz300906,32.5,32.14,32.14,1509900.0,32.48,5000,32.5,5500,1.12,32.71,31.97,1509900,48760000.0,2.09,2.3,23.46,26.0,38.57,25.71,0.88
兴民智通,sz002355,6.14,6.18,6.25,24538400.0,6.14,55100,6.15,29900,-0.65,6.29,6.14,24538400,152370000.0,3.97,2.43,37.96,41.04,6.8,5.56,1.11
均瑶健康,sh605388,6.58,6.56,6.64,6154200.0,6.57,63900,6.58,2000,0.3,6.69,6.53,6154200,40600000.0,1.02,2.44,39.51,39.51,7.22,5.9,0.64
中天服务,sz002188,6.26,6.4,6.4,24565200.0,6.25,72000,6.26,16100,-2.19,6.44,6.24,24565200,155770000.0,9.54,3.13,16.11,20.48,7.04,5.76,1.28
福龙马,sh603686,18.46,18.31,18.36,11304100.0,18.46,17800,18.47,29600,0.82,18.75,18.35,11304100,209910000.0,2.72,2.18,76.69,76.69,20.14,16.48,1.09
步科股份,sh688160,106.81,104.9,106.0,204145100.0,106.81,200,106.91,1400,1.82,110.92,105.86,204145100,221410000.0,2.25,4.82,97.02,97.02,125.88,83.92,1.27
桂林旅游,sz000978,7.91,7.92,7.95,72198300.0,7.91,133300,7.92,73900,-0.13,8.32,7.82,72198300,580460000.0,15.42,6.31,37.03,37.03,8.71,7.13,1.64
桂冠电力,sh600236,9.52,9.7,9.72,16856500.0,9.52,55700,9.53,33700,-1.86,9.72,9.4,16856500,160270000.0,0.21,3.3,750.4,750.4,10.67,8.73,1.14
家家悦,sh603708,11.48,11.45,11.49,3233100.0,11.48,36600,11.49,22700,0.26,11.56,11.44,3233100,37170000.0,0.51,1.05,73.28,73.28,12.6,10.31,0.65
首旅酒店,sh600258,15.1,15.08,15.09,15550200.0,15.1,1400,15.11,17700,0.13,15.29,15.01,15550200,235150000.0,1.39,1.86,168.61,168.61,16.59,13.57,0.82
*ST金泰,sz300225,4.98,5.08,5.09,19231800.0,4.97,105200,4.98,39400,-1.97,5.1,4.86,19231800,96030000.0,4.05,4.72,23.66,23.68,6.1,4.06,2.37
科博达,sh603786,56.0,55.44,56.0,3638700.0,56.0,6700,56.02,1400,1.01,56.75,55.52,3638700,204130000.0,0.9,2.22,226.16,226.16,60.98,49.9,1.21
晓鸣股份,sz300967,18.23,18.1,18.2,4300000.0,18.22,12100,18.23,20500,0.72,18.35,18.05,4300000,78330000.0,3.45,1.66,22.75,34.19,21.72,14.48,0.59
启明信息,sz002232,17.57,17.56,17.7,3938600.0,17.57,11300,17.58,13100,0.06,17.82,17.57,3938600,69660000.0,0.96,1.42,71.78,71.78,19.32,15.8,1.16
邵阳液压,sz301079,43.35,42.91,42.5,11926400.0,43.35,40500,43.36,3100,1.03,44.28,42.46,11926400,515660000.0,17.15,4.24,30.14,47.22,51.49,34.33,0.84
大众公用,sh600635,5.42,5.36,5.38,33748600.0,5.42,718400,5.43,189200,1.12,5.51,5.38,33748600,183980000.0,1.4,2.43,131.1,160.02,5.9,4.82,0.74
华夏幸福,sh600340,1.33,1.33,1.34,90039000.0,1.33,7893200,1.34,1421600,0.0,1.36,1.32,90039000,120660000.0,2.31,3.01,51.78,52.05,1.46,1.2,0.61
顾地科技,sz002694,2.94,2.91,2.93,15088700.0,2.93,30200,2.94,1400,1.03,3.02,2.89,15088700,44630000.0,2.1,4.47,21.13,22.43,3.2,2.62,1.29
长盈精密,sz300115,33.56,32.95,33.45,41700400.0,33.55,60700,33.56,54100,1.85,34.26,33.22,41700400,1409800000.0,3.07,3.16,455.37,456.71,39.54,26.36,1.25
优刻得-W,sh688158,44.52,46.14,46.04,4667579000.0,44.52,177700,44.53,7400,-3.51,46.3,44.5,4667579000,2111130000.0,11.51,3.9,180.52,203.15,55.37,36.91,0.97
尚纬股份,sh603333,7.96,7.81,7.82,14260300.0,7.96,68700,7.97,55900,1.92,8.2,7.82,14260300,114950000.0,2.29,4.87,49.47,49.47,8.59,7.03,0.94
启迪环境,sz000826,2.08,2.07,2.07,27323200.0,2.07,2274700,2.08,78300,0.48,2.1,2.06,27323200,56910000.0,1.92,1.93,29.64,29.65,2.28,1.86,0.83
振芯科技,sz300101,20.65,20.47,20.66,10139000.0,20.64,72700,20.65,41900,0.88,21.05,20.62,10139000,210940000.0,1.79,2.1,116.89,117.27,24.56,16.38,0.89
高新兴,sz300098,5.35,5.35,5.42,30736500.0,5.35,318600,5.36,23600,0.0,5.46,5.35,30736500,166160000.0,1.99,2.06,82.48,92.97,6.42,4.28,0.87
腾达科技,sz001379,21.37,21.03,21.28,1605100.0,21.36,9400,21.37,900,1.62,21.57,21.21,1605100,34400000.0,2.39,1.71,14.38,42.74,23.13,18.93,0.92
慧为智能,bj920876,23.85,23.6,23.62,926400.0,23.85,3300,23.86,5000,1.06,24.42,23.62,926400,22307800.000000004,2.36,3.39,9.36,15.31,30.68,16.52,0.86
大名城,sh600094,4.51,4.52,4.56,31424700.0,4.51,77600,4.52,449500,-0.22,4.65,4.48,31424700,143390000.0,1.48,3.76,95.89,104.86,4.97,4.07,0.78
金溢科技,sz002869,22.44,22.53,22.45,5827200.0,22.44,169600,22.45,16300,-0.4,22.78,22.28,5827200,130980000.0,3.7,2.22,35.35,39.7,24.78,20.28,0.39
恒太照明,bj920339,8.4,8.3,8.3,825500.0,8.38,500,8.4,19400,1.2,8.44,8.26,825500,6911600.0,0.55,2.17,12.7,18.5,10.79,5.81,1.13
科隆新材,bj920098,26.22,25.0,25.01,1257200.0,26.2,5000,26.22,2200,4.88,26.69,25.01,1257200,32865400.0,2.27,6.72,14.52,21.32,32.5,17.5,2.27
永辉超市,sh601933,3.72,3.7,3.71,66559600.0,3.72,448300,3.73,2772100,0.54,3.76,3.71,66559600,248700000.0,0.73,1.35,337.59,337.59,4.07,3.33,0.88
航发科技,sh600391,40.5,40.2,40.72,10886200.0,40.49,14200,40.5,11000,0.75,41.52,40.36,10886200,444400000.0,3.3,2.89,133.7,133.7,44.22,36.18,1.11
方正电机,sz002196,14.35,13.88,13.98,39607500.0,14.34,57900,14.35,21600,3.39,14.74,13.95,39607500,569920000.0,8.11,5.69,70.07,71.16,15.27,12.49,2.2
金沃股份,sz300984,57.35,56.6,57.05,2644300.0,57.35,5100,57.4,1400,1.33,59.55,56.56,2644300,154130000.0,2.98,5.28,50.81,70.81,67.92,45.28,1.16
佳华科技,sh688051,31.15,30.7,30.99,73654900.0,31.15,300,31.23,100,1.47,31.71,30.73,73654900,23010000.0,0.95,3.19,24.09,24.09,36.84,24.56,1.01
百利电气,sh600468,7.68,7.62,7.68,33287600.0,7.68,109800,7.69,145000,0.79,7.76,7.6,33287600,256310000.0,3.06,2.1,83.54,83.54,8.38,6.86,0.66
香江控股,sh600162,1.77,1.75,1.76,25161700.0,1.77,625200,1.78,1508800,1.14,1.8,1.76,25161700,44740000.0,0.77,2.29,57.85,57.85,1.93,1.58,0.79
骏创科技,bj920533,22.99,22.33,22.34,2164200.0,22.98,500,22.99,5500,2.96,23.34,22.34,2164200,49639000.0,2.96,4.48,16.81,30.06,29.02,15.64,1.27
海联金汇,sz002537,8.1,7.8,7.88,79394200.0,8.09,524500,8.1,199800,3.85,8.2,7.84,79394200,640150000.0,6.79,4.62,94.71,95.1,8.58,7.02,1.73
兴源环境,sz300266,2.52,2.49,2.5,17057400.0,2.51,967200,2.52,51500,1.2,2.54,2.5,17057400,43010000.0,1.1,1.61,39.13,39.16,2.99,1.99,0.66
精艺股份,sz002295,10.88,10.74,10.97,3183800.0,10.88,70900,10.9,29700,1.3,11.03,10.74,3183800,34760000.0,1.27,2.7,27.23,27.27,11.81,9.67,0.92
众望布艺,sh605003,29.3,28.97,28.98,1100600.0,29.29,3800,29.3,1100,1.14,30.09,28.68,1100600,32450000.0,1.0,4.87,32.23,32.23,31.87,26.07,0.83
国新健康,sz000503,7.8,7.78,7.81,8231300.0,7.8,68500,7.81,36100,0.26,7.93,7.8,8231300,64730000.0,0.84,1.67,76.38,76.38,8.56,7.0,0.83
全 聚 德,sz002186,10.46,10.33,10.43,3518400.0,10.46,17000,10.47,4500,1.26,10.59,10.35,3518400,36930000.0,1.15,2.32,32.06,32.1,11.36,9.3,1.11
麦迪科技,sh603990,15.39,15.34,15.38,12563200.0,15.39,15000,15.4,3600,0.33,15.65,15.33,12563200,194380000.0,4.1,2.09,47.14,47.14,16.87,13.81,1.07
天顺股份,sz002800,17.04,17.04,17.98,9857300.0,17.04,27400,17.05,400,0.0,17.98,16.6,9857300,169170000.0,6.67,8.1,25.19,25.94,18.74,15.34,0.95
华峰化学,sz002064,11.27,11.08,11.12,33646700.0,11.27,8500,11.28,2400,1.71,11.43,11.0,33646700,379800000.0,0.68,3.88,558.09,559.28,12.19,9.97,0.85
万隆光电,sz300710,29.91,28.95,29.09,3234300.0,29.9,2800,29.91,700,3.32,30.25,28.75,3234300,95640000.0,4.34,5.18,22.31,29.76,34.74,23.16,1.17
*ST亚太,sz000691,8.03,7.93,7.97,5538200.0,8.03,25600,8.04,15300,1.26,8.18,7.89,5538200,44520000.0,1.71,3.66,25.96,38.94,8.33,7.53,1.03
首都在线,sz300846,29.3,29.94,30.6,40191300.0,29.29,51400,29.3,63100,-2.14,30.6,29.28,40191300,1198370000.0,10.25,4.41,114.86,147.35,35.93,23.95,0.8
大禹生物,bj920970,6.93,6.85,6.84,2526300.0,6.9,12000,6.93,4500,1.17,7.01,6.84,2526300,17485500.0,3.61,2.48,4.86,7.68,8.9,4.8,0.42
澄天伟业,sz300689,47.52,46.2,46.38,2500500.0,47.51,1200,47.52,2200,2.86,48.66,46.38,2500500,118710000.0,2.47,4.94,48.08,54.93,55.44,36.96,1.87
北辰实业,sh601588,1.78,1.73,1.73,49054200.0,1.77,2014000,1.78,171000,2.89,1.8,1.73,49054200,87360000.0,1.84,4.05,47.35,59.93,1.9,1.56,1.64
天龙股份,sh603266,19.84,19.09,19.12,5489200.0,19.83,5100,19.84,600,3.93,20.09,19.1,5489200,108480000.0,2.76,5.19,39.46,39.46,21.0,17.18,2.5
金陵饭店,sh601007,8.15,8.23,8.29,13026500.0,8.15,113900,8.16,4600,-0.97,8.35,8.12,13026500,107070000.0,3.34,2.79,31.79,31.79,9.05,7.41,0.72
金石亚药,sz300434,10.15,10.17,10.17,7640600.0,10.15,4700,10.16,9000,-0.2,10.3,10.03,7640600,77700000.0,2.23,2.65,34.73,40.78,12.2,8.14,0.74
跨境通,sz002640,3.52,3.48,3.51,51574500.0,3.51,1131600,3.52,583500,1.15,3.59,3.49,51574500,182310000.0,3.33,2.87,54.5,54.84,3.83,3.13,1.09
瑞奇智造,bj920781,7.49,7.43,7.43,1493800.0,7.48,22500,7.49,6900,0.81,7.56,7.4,1493800,11182000.0,1.46,2.15,7.65,11.58,9.65,5.21,0.85
东信和平,sz002017,19.74,19.12,19.22,30063500.0,19.73,23600,19.74,14500,3.24,20.45,19.21,30063500,596960000.0,5.18,6.49,114.51,114.58,21.03,17.21,3.08
科润智控,bj920062,10.38,10.26,10.34,3790200.0,10.37,13000,10.38,200,1.17,10.53,10.29,3790200,39429600.0,2.84,2.34,13.86,19.59,13.33,7.19,0.89
瑞贝卡,sh600439,2.53,2.51,2.52,10990600.0,2.53,241100,2.54,496800,0.8,2.57,2.52,10990600,27960000.0,0.97,1.99,28.64,28.64,2.76,2.26,0.88
天箭科技,sz002977,27.75,27.75,27.9,1156300.0,27.74,2800,27.75,1400,0.0,28.08,27.72,1156300,32240000.0,1.74,1.3,18.49,33.33,30.53,24.98,0.74
金陵体育,sz300651,30.94,34.02,33.05,24731400.0,30.94,1000,30.95,6400,-9.05,33.5,30.89,24731400,779990000.0,28.29,7.67,27.05,43.69,40.82,27.22,1.03
森鹰窗业,sz301227,33.32,32.67,32.79,1535900.0,33.32,400,33.36,2200,1.99,33.66,32.31,1535900,50930000.0,2.84,4.13,18.03,31.73,39.2,26.14,0.69
*ST赛隆,sz002898,13.15,13.28,13.09,2225500.0,13.15,24000,13.16,19200,-0.98,13.74,13.0,2225500,29790000.0,2.2,5.57,13.32,23.14,13.94,12.62,0.76
中天科技,sh600522,29.8,31.4,31.38,257551700.0,29.8,5600,29.81,1100,-5.1,31.4,29.5,257551700,7780830000.0,7.55,6.05,1017.06,1017.06,34.54,28.26,1.43
迅游科技,sz300467,29.54,29.33,29.33,2785700.0,29.53,3400,29.54,800,0.72,30.17,29.33,2785700,82830000.0,1.65,2.86,49.79,60.03,35.2,23.46,0.93
建设机械,sh600984,4.12,4.12,4.12,34970500.0,4.11,154700,4.12,310600,0.0,4.19,4.07,34970500,144170000.0,2.78,2.91,51.79,51.79,4.53,3.71,1.12
许昌智能,bj920496,9.1,9.04,9.11,2072800.0,9.1,45700,9.12,2900,0.66,9.3,9.1,2072800,19048000.0,1.43,2.21,13.19,15.07,11.75,6.33,0.83
嘉诚国际,sh603535,8.47,8.37,8.43,2861300.0,8.47,74700,8.48,500,1.19,8.63,8.43,2861300,24430000.0,0.56,2.39,43.27,43.27,9.21,7.53,1.09
汇成股份,sh688403,16.3,15.99,16.4,6414264300.0,16.29,36700,16.3,173000,1.94,16.7,15.97,6414264300,1049780000.0,6.89,4.57,151.77,151.77,19.19,12.79,1.53
金信诺,sz300252,14.19,14.51,14.42,42020100.0,14.19,20500,14.2,81200,-2.21,14.42,14.08,42020100,598570000.0,7.52,2.34,79.29,93.96,17.41,11.61,1.45
新国都,sz300130,23.75,23.09,23.41,18976000.0,23.75,33000,23.76,22600,2.86,24.35,23.27,18976000,453150000.0,4.37,4.68,103.11,134.73,27.71,18.47,2.32
科信技术,sz300565,14.93,15.6,15.33,44320600.0,14.93,18700,14.94,9500,-4.29,15.47,14.88,44320600,667690000.0,19.42,3.78,34.07,37.28,18.72,12.48,1.08
云中马,sh603130,38.46,38.21,38.4,1386400.0,38.46,3000,38.47,300,0.65,38.79,38.11,1386400,53340000.0,1.01,1.78,52.89,52.89,42.03,34.39,0.8
晨光电缆,bj920639,7.64,7.52,7.53,2057400.0,7.64,9000,7.65,35700,1.6,7.74,7.53,2057400,15760200.0,1.73,2.79,9.07,15.4,9.77,5.27,0.78
上工申贝,sh600843,9.43,9.33,9.43,5598700.0,9.43,24500,9.44,141900,1.07,9.52,9.33,5598700,52930000.0,1.19,2.04,44.25,67.25,10.26,8.4,0.93
济高发展,sh600807,3.08,3.1,3.12,17332000.0,3.07,963600,3.08,22800,-0.65,3.16,3.07,17332000,53850000.0,2.2,2.9,24.24,27.25,3.41,2.79,0.84
康比特,bj920429,12.78,12.62,12.74,1070800.0,12.76,1000,12.78,7300,1.27,12.96,12.68,1070800,13770900.0,0.94,2.22,14.51,15.91,16.4,8.84,0.67
西部牧业,sz300106,9.74,9.66,9.83,6199800.0,9.74,29000,9.75,4100,0.83,9.96,9.73,6199800,61050000.0,2.93,2.38,20.58,20.58,11.59,7.73,0.91
友阿股份,sz002277,5.58,5.6,5.64,16923400.0,5.58,370600,5.59,134500,-0.36,5.69,5.58,16923400,95240000.0,1.21,1.96,77.79,77.79,6.16,5.04,0.95
中国铀业,sz001280,81.22,81.2,81.88,7443900.0,81.21,4100,81.22,9700,0.02,82.36,81.04,7443900,607030000.0,4.71,1.63,128.4,1679.78,89.32,73.08,0.99
祥源文旅,sh600576,5.81,5.75,5.75,10855600.0,5.81,151200,5.82,157300,1.04,5.92,5.75,10855600,63390000.0,1.64,2.96,38.37,61.27,6.33,5.18,0.86
常辅股份,bj920396,30.1,29.98,30.11,916600.0,30.1,300,30.14,2100,0.4,30.57,29.98,916600,27748500.0,1.79,1.97,15.44,21.74,38.97,20.99,0.56
技源集团,sh603262,25.6,25.05,25.19,1363300.0,25.6,3500,25.61,6500,2.2,25.93,24.94,1363300,34810000.0,3.41,3.95,10.24,102.4,27.56,22.55,1.35
长白山,sh603099,35.24,34.75,35.18,3917600.0,35.24,5300,35.25,2600,1.41,35.81,34.94,3917600,138510000.0,1.47,2.5,93.97,95.98,38.23,31.28,1.06
优机股份,bj920943,19.9,19.6,19.8,790800.0,19.9,200,19.94,500,1.53,20.28,19.65,790800,15879900.0,1.53,3.21,10.31,20.2,25.48,13.72,1.03
全信股份,sz300447,19.52,19.83,19.81,12284300.0,19.51,11600,19.52,42700,-1.56,20.01,19.48,12284300,242390000.0,6.1,2.67,39.32,60.96,23.8,15.86,1.09
大地海洋,sz301068,31.64,31.05,31.08,796600.0,31.64,500,31.65,2100,1.9,32.17,31.08,796600,25190000.0,0.79,3.51,31.89,44.71,37.26,24.84,0.59
恒逸石化,sz000703,15.9,15.6,15.59,64319600.0,15.89,1900,15.9,30000,1.92,16.2,15.59,64319600,1024720000.0,1.69,3.91,604.5,607.55,17.16,14.04,1.07
华是科技,sz301218,35.93,36.15,36.85,2849200.0,35.93,600,35.94,700,-0.61,36.92,35.71,2849200,102960000.0,4.07,3.35,25.18,40.97,43.38,28.92,0.8
美硕科技,sz301295,35.99,37.22,36.64,3675600.0,35.99,500,36.0,3100,-3.3,37.55,35.71,3675600,134330000.0,12.5,4.94,10.58,36.28,44.66,29.78,1.47
拉卡拉,sz300773,25.55,23.87,24.09,96229000.0,25.55,56300,25.56,224500,7.04,26.68,24.01,96229000,2434340000.0,13.1,11.19,187.68,198.44,28.64,19.1,1.92
*ST云创,bj920305,7.08,7.19,7.12,5087500.0,7.08,96700,7.09,41500,-1.53,7.26,7.01,5087500,36046200.0,6.27,3.48,5.74,9.37,9.34,5.04,0.8
新晨科技,sz300542,16.68,16.17,16.17,11199100.0,16.67,18000,16.68,128700,3.15,16.79,16.17,11199100,184990000.0,4.52,3.83,41.31,49.8,19.4,12.94,0.94
云南旅游,sz002059,5.12,5.08,5.09,13164700.0,5.12,163100,5.13,238500,0.79,5.21,5.07,13164700,67520000.0,1.34,2.76,50.33,51.84,5.59,4.57,0.98
南 京 港,sz002040,10.21,10.23,10.28,8048100.0,10.21,74200,10.22,40600,-0.2,10.32,10.18,8048100,82420000.0,1.66,1.37,49.63,49.82,11.25,9.21,0.76
科蓝软件,sz300663,13.34,13.07,13.42,15471100.0,13.34,17700,13.35,16500,2.07,13.51,13.2,15471100,206730000.0,3.37,2.37,61.32,63.83,15.68,10.46,1.29
ST葫芦娃,sh605199,6.98,6.86,6.81,4361000.0,6.98,34300,6.99,51200,1.75,7.07,6.77,4361000,30420000.0,1.09,4.37,27.93,27.93,7.2,6.52,0.74
迪尔化工,bj920304,12.35,12.14,12.3,1297400.0,12.33,2200,12.35,10300,1.73,12.45,12.18,1297400,16006000.0,0.95,2.22,16.85,20.94,15.78,8.5,0.54
德昌股份,sh605555,15.37,15.13,15.34,4760700.0,15.37,38900,15.38,12200,1.59,15.6,15.21,4760700,73600000.0,0.98,2.58,74.4,74.4,16.64,13.62,0.45
海川智能,sz300720,52.06,65.07,60.02,29837900.0,0.0,0,52.06,440300,-19.99,64.88,52.06,29837900,1628450000.0,17.08,19.7,90.92,101.45,78.08,52.06,2.87
数字人,bj920670,16.88,16.58,16.68,2511300.0,16.87,1500,16.88,2000,1.81,17.08,16.68,2511300,42500000.0,3.77,2.41,11.25,17.92,21.55,11.61,0.89
*ST绿康,sz002868,39.23,37.98,37.99,1054700.0,39.23,5400,39.24,500,3.29,39.82,37.99,1054700,41200000.0,0.99,4.82,41.98,60.97,39.88,36.08,1.42
森远股份,sz300210,9.22,9.38,9.34,10781700.0,9.21,43900,9.22,57200,-1.71,9.37,9.18,10781700,99760000.0,2.23,2.03,44.6,44.65,11.26,7.5,0.75
殷图网联,bj920508,20.08,19.55,19.56,964600.0,20.06,2100,20.08,9900,2.71,20.57,19.56,964600,19521300.0,3.02,5.17,6.41,12.05,25.41,13.69,1.41
新奥股份,sh600803,20.8,21.0,20.97,13664500.0,20.8,18200,20.81,2200,-0.95,20.98,20.65,13664500,284030000.0,0.44,1.57,638.92,643.92,23.1,18.9,1.06
云里物里,bj920374,20.16,19.93,20.0,602300.0,20.16,5600,20.18,800,1.15,20.48,19.82,602300,12197400.0,1.77,3.31,6.88,16.43,25.9,13.96,0.91
创源股份,sz300703,20.22,20.04,20.0,4976200.0,20.21,700,20.22,4200,0.9,20.58,20.0,4976200,101180000.0,2.93,2.89,34.31,36.48,24.05,16.03,1.06
景兴纸业,sz002067,4.8,4.74,4.85,38956600.0,4.8,581400,4.81,158400,1.27,4.97,4.8,38956600,189840000.0,2.91,3.59,64.2,70.79,5.21,4.27,1.18
泰尔股份,sz002347,8.29,8.13,8.28,72508400.0,8.29,65300,8.3,38100,1.97,8.94,8.16,72508400,614750000.0,14.7,9.59,40.9,41.84,8.94,7.32,7.04
百大集团,sh600865,11.32,11.16,11.22,5799500.0,11.32,6600,11.33,46900,1.43,11.49,11.2,5799500,65910000.0,1.54,2.6,42.59,42.59,12.28,10.04,1.11
马可波罗,sz001386,19.55,19.36,19.4,2674300.0,19.55,6900,19.56,5400,0.98,19.73,19.35,2674300,52450000.0,2.73,1.96,19.13,233.61,21.3,17.42,0.79
雷科防务,sz002413,13.22,13.47,13.52,103558600.0,13.22,1064500,13.23,275200,-1.86,13.61,13.2,103558600,1382550000.0,7.99,3.04,171.26,174.42,14.82,12.12,0.75
路德科技,sh688156,24.18,24.04,24.26,536133100.0,24.17,400,24.18,2100,0.58,24.88,23.66,536133100,130190000.0,5.32,5.07,24.35,24.35,28.85,19.23,1.27
路畅科技,sz002813,24.39,24.07,24.32,1260000.0,24.39,1200,24.41,5800,1.33,24.64,24.18,1260000,30890000.0,1.05,1.91,29.23,29.27,26.48,21.66,0.99
同德化工,sz002360,6.48,6.54,6.55,13416900.0,6.48,43700,6.49,103800,-0.92,6.6,6.43,13416900,87450000.0,4.1,2.6,21.22,26.03,7.19,5.89,0.74
华尔泰,sz001217,11.84,11.85,11.93,3385600.0,11.83,11600,11.84,1000,-0.08,12.02,11.82,3385600,40370000.0,1.03,1.69,38.9,39.29,13.04,10.67,0.82
路斯股份,bj920419,13.45,13.24,13.36,422700.0,13.45,3500,13.5,1200,1.59,13.64,13.3,422700,5715400.0,0.44,2.57,13.0,13.89,17.21,9.27,0.78
晶雪节能,sz301010,21.49,21.18,21.39,1386600.0,21.48,300,21.49,200,1.46,21.84,21.2,1386600,29960000.0,1.28,3.02,23.21,23.21,25.42,16.94,0.71
海航科技,sh600751,3.75,3.85,3.88,54585800.0,3.75,247600,3.76,296200,-2.6,3.88,3.74,54585800,207140000.0,2.12,3.64,96.49,108.73,4.24,3.47,1.33
申达股份,sh600626,3.94,3.9,3.91,9871200.0,3.93,55500,3.94,47200,1.03,3.98,3.9,9871200,39010000.0,0.89,2.05,43.65,52.04,4.29,3.51,0.85
三丰智能,sz300276,7.0,6.94,7.01,16450800.0,7.0,303700,7.01,5700,0.86,7.11,7.0,16450800,115950000.0,1.56,1.59,74.0,98.07,8.33,5.55,0.97
中天精装,sz002989,25.95,25.75,25.91,2075300.0,25.95,15300,25.96,1300,0.78,26.38,25.8,2075300,54170000.0,1.13,2.25,47.58,52.32,28.33,23.18,0.87
御银股份,sz002177,8.16,7.42,7.47,151078700.0,8.16,9237900,0.0,0,9.97,8.16,7.42,151078700,1198980000.0,22.38,9.97,55.07,62.11,8.16,6.68,2.28
铂力特,sh688333,92.13,92.88,93.94,620576400.0,92.13,1400,92.14,7800,-0.81,95.33,91.86,620576400,580220000.0,2.26,3.74,252.73,252.73,111.46,74.3,1.16
ST新华锦,sh600735,6.73,6.73,0.0,0.0,0.0,0,0.0,0,0.0,0.0,0.0,0,0.0,0.0,0.0,28.63,28.86,7.07,6.39,0.0
长城电工,sh600192,8.38,8.31,8.34,5887300.0,8.38,22500,8.39,31500,0.84,8.47,8.34,5887300,49540000.0,1.33,1.56,37.02,37.02,9.14,7.48,0.63
*ST天龙,sz300029,4.72,4.52,4.53,3866000.0,4.72,11400,4.73,3500,4.42,4.85,4.53,3866000,18200000.0,1.93,7.08,9.46,9.46,5.42,3.62,1.19
巨轮智能,sz002031,6.17,6.09,6.19,40429600.0,6.16,580300,6.17,31900,1.31,6.28,6.14,40429600,250950000.0,2.09,2.3,119.62,135.7,6.7,5.48,0.94
仁度生物,sh688193,51.87,50.61,50.86,31664200.0,51.67,600,51.87,2300,2.49,52.38,50.28,31664200,16290000.0,0.79,4.15,20.78,20.78,60.73,40.49,0.74
帝科股份,sz300842,83.41,82.18,82.95,5987700.0,83.4,1800,83.41,8200,1.5,85.58,82.06,5987700,502480000.0,4.64,4.28,107.7,121.18,98.62,65.74,1.49
骏亚科技,sh603386,13.95,13.96,14.0,5282400.0,13.94,4000,13.95,21100,-0.07,14.11,13.89,5282400,73910000.0,1.62,1.58,45.52,45.52,15.36,12.56,0.97
百洋股份,sz002696,6.87,6.85,6.84,6454600.0,6.87,15600,6.88,4300,0.29,6.96,6.83,6454600,44490000.0,1.93,1.9,22.98,23.8,7.54,6.17,0.87
凤凰航运,sz000520,4.05,4.09,4.11,11728400.0,4.04,322300,4.05,85500,-0.98,4.12,4.03,11728400,47710000.0,1.16,2.2,40.99,40.99,4.5,3.68,0.73
太湖雪,bj920262,20.2,19.68,19.68,733700.0,20.19,1000,20.2,5000,2.64,20.45,19.58,733700,14829600.0,2.35,4.42,6.3,13.96,25.58,13.78,1.4
七丰精工,bj920169,28.78,28.68,29.19,1118300.0,28.78,1300,28.79,8400,0.35,29.2,28.75,1118300,32397500.0,2.2,1.57,14.62,23.25,37.28,20.08,0.68
中科星图,sh688568,59.58,59.55,60.2,866632300.0,59.58,2300,59.59,15800,0.05,61.18,59.53,866632300,522210000.0,1.07,2.77,481.45,481.45,71.46,47.64,0.95
一品红,sz300723,36.02,35.85,35.97,17234700.0,36.02,20500,36.03,7100,0.47,37.3,35.76,17234700,628350000.0,4.11,4.3,150.99,162.7,43.02,28.68,0.73
盖世食品,bj920826,10.16,9.98,10.06,2100000.0,10.16,26200,10.17,22700,1.8,10.2,10.06,2100000,21293500.0,3.36,1.4,6.35,14.28,12.97,6.99,1.27
坤恒顺维,sh688283,39.25,39.2,39.22,144219800.0,39.24,5300,39.25,300,0.13,39.89,38.84,144219800,56660000.0,1.18,2.68,47.81,47.81,47.04,31.36,1.07
美之高,bj920765,14.64,14.61,14.62,961600.0,14.62,6000,14.64,400,0.21,14.84,14.42,961600,14094100.0,1.82,2.87,7.73,12.73,18.99,10.23,0.88
天奥电子,sz002935,18.43,18.44,18.55,4503100.0,18.43,32800,18.44,13700,-0.05,18.74,18.42,4503100,83710000.0,1.08,1.74,76.5,78.16,20.28,16.6,1.08
美凯龙,sh601828,2.39,2.38,2.38,8962700.0,2.39,449900,2.4,385900,0.42,2.42,2.38,8962700,21540000.0,0.25,1.68,86.36,104.08,2.62,2.14,0.68
龙溪股份,sh600592,19.99,19.77,19.87,5554900.0,19.99,3200,20.0,31500,1.11,20.29,19.87,5554900,111640000.0,1.39,2.12,79.87,79.87,21.75,17.79,1.12
风范股份,sh601700,5.17,5.17,5.21,12360000.0,5.17,54700,5.18,122300,0.0,5.27,5.17,12360000,64430000.0,1.09,1.93,58.87,58.87,5.69,4.65,0.84
百亚股份,sz003006,17.62,17.46,17.55,3360500.0,17.62,14000,17.63,2500,0.92,17.83,17.5,3360500,59460000.0,0.78,1.89,75.51,75.7,19.21,15.71,0.76
积成电子,sz002339,10.28,10.21,10.27,16800700.0,10.28,48300,10.29,95700,0.69,10.44,10.25,16800700,173470000.0,3.51,1.86,49.22,51.82,11.23,9.19,0.66
松井股份,sh688157,41.59,42.26,42.26,164985900.0,41.58,1400,41.59,1600,-1.59,43.09,41.4,164985900,69500000.0,1.05,4.0,65.06,65.06,50.71,33.81,0.93
烽火通信,sh600498,52.4,54.95,54.8,129617600.0,52.4,434000,52.41,28900,-4.64,54.8,51.7,129617600,6849000000.0,10.19,5.64,666.33,711.68,60.45,49.46,1.16
天罡股份,bj920651,28.49,27.96,28.0,798800.0,28.49,14000,28.51,1000,1.9,28.82,27.97,798800,22750700.0,1.93,3.04,11.81,17.38,36.34,19.58,0.56
ST易联众,sz300096,8.91,8.54,8.6,12833900.0,8.9,135500,8.91,127000,4.33,9.08,8.59,12833900,114470000.0,2.98,5.74,38.31,38.31,10.25,6.83,2.21
电科芯片,sh600877,16.13,16.1,16.27,15294800.0,16.13,6300,16.14,3900,0.19,16.55,16.13,15294800,249880000.0,1.29,2.61,190.99,190.99,17.71,14.49,1.1
达利凯普,sz301566,20.4,20.33,20.5,7607400.0,20.39,8600,20.4,17500,0.34,20.78,20.4,7607400,156670000.0,3.67,1.87,42.33,81.6,24.4,16.26,1.02
中马传动,sh603767,18.76,18.51,18.8,2079700.0,18.76,13500,18.77,30700,1.35,18.91,18.58,2079700,39130000.0,0.67,1.78,57.9,57.9,20.36,16.66,0.92
华依科技,sh688071,32.98,32.03,32.37,174791000.0,32.95,400,32.98,2800,2.97,33.11,32.12,174791000,57270000.0,2.06,3.09,27.96,27.96,38.44,25.62,1.16
好太太,sh603848,15.43,15.24,15.33,1373600.0,15.43,23300,15.44,7100,1.25,15.54,15.26,1373600,21210000.0,0.34,1.84,62.09,62.09,16.76,13.72,0.89
金龙汽车,sh600686,16.38,16.61,16.6,23765300.0,16.38,21300,16.39,82300,-1.38,16.68,16.2,23765300,389950000.0,3.31,2.89,117.45,117.45,18.27,14.95,1.02
棕榈股份,sz002431,2.59,2.73,2.77,102470100.0,2.59,154700,2.6,646300,-5.13,2.78,2.57,102470100,269100000.0,5.69,7.69,46.68,46.68,3.0,2.46,1.12
泰祥股份,sz301192,26.23,27.18,27.34,3223500.0,26.23,1900,26.24,7300,-3.5,27.34,25.95,3223500,85480000.0,6.73,5.11,12.56,26.2,32.62,21.74,2.1
嘉和美康,sh688246,19.22,19.11,19.29,268533100.0,19.22,28200,19.24,300,0.58,19.53,19.1,268533100,51900000.0,1.95,2.25,26.44,26.44,22.93,15.29,1.0
瑞斯康达,sh603803,13.87,14.34,14.27,79333100.0,13.87,271800,13.88,126800,-3.28,14.77,13.86,79333100,1123630000.0,18.67,6.35,58.93,58.93,15.77,12.91,1.02
勘设股份,sh603458,11.07,10.99,11.0,22652500.0,11.06,34000,11.07,16600,0.73,11.48,10.71,22652500,251720000.0,7.4,7.01,33.89,33.89,12.09,9.89,1.32
汇金股份,sz300368,11.06,10.75,10.88,32094200.0,11.05,60100,11.06,51600,2.88,11.35,10.88,32094200,357280000.0,6.07,4.37,58.5,58.5,12.9,8.6,1.49
司南导航,sh688592,41.97,41.97,42.22,95383000.0,41.96,2000,41.97,14000,0.0,42.25,41.48,95383000,39920000.0,2.48,1.83,16.17,33.77,50.36,33.58,0.97
中嘉博创,sz000889,4.35,3.95,4.35,179046900.0,4.35,8081500,0.0,0,10.13,4.35,4.1,179046900,775670000.0,20.58,6.33,37.84,40.73,4.35,3.56,4.41
初灵信息,sz300250,21.38,21.25,21.36,4171400.0,21.38,6800,21.39,9000,0.61,21.66,21.35,4171400,89700000.0,2.65,1.46,33.64,45.7,25.5,17.0,0.88
中体产业,sh600158,11.45,11.9,11.86,86706600.0,11.45,97800,11.46,33800,-3.78,11.94,11.37,86706600,998450000.0,9.04,4.79,109.86,109.86,13.09,10.71,0.8
汇嘉时代,sh603101,8.83,8.03,8.05,21219800.0,8.83,13274900,0.0,0,9.96,8.83,8.05,21219800,181480000.0,4.51,9.71,41.54,41.54,8.83,7.23,5.67
森麒麟,sz002984,17.74,17.8,17.95,8510200.0,17.74,26800,17.75,12300,-0.34,17.97,17.7,8510200,151750000.0,1.19,1.52,126.65,183.83,19.58,16.02,0.81
楚天龙,sz003040,16.71,16.2,16.3,17692000.0,16.71,1800,16.72,18900,3.15,17.3,16.25,17692000,296400000.0,3.87,6.48,76.34,77.06,17.82,14.58,2.5
华贸物流,sh603128,5.67,5.55,5.8,23137300.0,5.67,85500,5.68,11000,2.16,5.85,5.67,23137300,133100000.0,1.77,3.24,74.22,74.22,6.11,5.0,2.28
丽人丽妆,sh605136,10.28,10.28,10.28,6721600.0,10.27,35000,10.28,60700,0.0,10.41,10.22,6721600,69220000.0,1.68,1.85,41.17,41.17,11.31,9.25,0.75
*ST华闻,sz000793,2.96,2.82,2.96,15835300.0,2.96,15497800,0.0,0,4.96,2.96,2.96,15835300,46870000.0,0.81,0.0,58.05,59.12,2.96,2.68,1.08
供销大集,sz000564,1.88,1.87,1.88,127892100.0,1.87,13712600,1.88,8154500,0.53,1.9,1.87,127892100,241220000.0,0.85,1.6,283.78,339.49,2.06,1.68,0.54
云星宇,bj920806,11.5,11.29,11.39,2148700.0,11.5,3400,11.51,8400,1.86,11.69,11.38,2148700,24845100.000000004,0.71,2.75,34.58,34.58,14.67,7.91,1.09
ST达华,sz002512,3.95,3.93,3.93,82976200.0,3.94,1034300,3.95,44900,0.51,4.1,3.92,82976200,331870000.0,7.58,4.58,43.23,43.94,4.13,3.73,1.16
荣科科技,sz300290,14.45,14.19,14.32,15751800.0,14.44,47200,14.45,90500,1.83,14.58,14.27,15751800,227280000.0,2.46,2.18,92.41,92.44,17.03,11.35,1.09
电子城,sh600658,4.72,4.61,4.64,13560800.0,4.72,344600,4.73,209200,2.39,4.84,4.64,13560800,64330000.0,1.21,4.34,52.8,52.8,5.07,4.15,1.56
安泰集团,sh600408,3.19,3.25,3.25,42748100.0,3.19,534400,3.2,483500,-1.85,3.26,3.18,42748100,137520000.0,4.25,2.46,32.12,32.12,3.58,2.93,0.74
中亚股份,sz300512,9.2,9.0,9.11,3437800.0,9.2,77300,9.21,101300,2.22,9.29,9.07,3437800,31720000.0,1.06,2.44,29.8,37.65,10.8,7.2,1.09
中洲特材,sz300963,17.08,16.87,17.0,6624700.0,17.08,36600,17.09,80500,1.24,17.27,16.99,6624700,113450000.0,1.95,1.66,58.17,78.34,20.24,13.5,0.76
珠海中富,sz000659,4.3,3.91,3.91,66222400.0,4.3,8681100,0.0,0,9.97,4.3,3.88,66222400,274090000.0,5.15,10.74,55.29,55.29,4.3,3.52,1.03
智莱科技,sz300771,13.85,13.76,13.83,5320100.0,13.84,3400,13.85,12800,0.65,13.96,13.72,5320100,73730000.0,2.98,1.74,24.73,33.24,16.51,11.01,1.43
安必平,sh688393,23.78,23.59,23.75,93562700.0,23.77,4500,23.78,34500,0.81,24.19,23.65,93562700,22360000.0,1.0,2.29,22.25,22.25,28.31,18.87,0.62
乾照光电,sz300102,31.19,31.3,31.47,44046500.0,31.19,60600,31.2,24200,-0.35,32.48,31.18,44046500,1397300000.0,4.81,4.15,285.69,287.05,37.56,25.04,1.02
科强股份,bj920665,10.96,10.8,10.85,1380700.0,10.96,9800,10.97,6100,1.48,11.1,10.85,1380700,15186900.0,2.15,2.31,7.02,14.25,14.04,7.56,0.67
长盈通,sh688143,63.84,65.82,65.0,1685369900.0,63.83,700,63.84,6400,-3.01,68.65,63.48,1685369900,1098050000.0,13.77,7.85,78.12,82.21,78.98,52.66,1.16
恒天海龙,sz000677,4.62,4.69,4.77,39133100.0,4.62,375600,4.63,191900,-1.49,4.77,4.61,39133100,182860000.0,4.53,3.41,39.92,39.92,5.16,4.22,0.59
ST复华,sh600624,4.52,4.52,4.55,3885500.0,4.52,57100,4.53,51300,0.0,4.61,4.52,3885500,17720000.0,0.57,1.99,30.71,30.71,4.75,4.29,0.88
百甲科技,bj920057,6.09,6.03,6.05,1026200.0,6.09,7700,6.11,1800,1.0,6.2,6.04,1026200,6302300.0,0.89,2.65,7.01,11.04,7.83,4.23,0.85
西安旅游,sz000610,8.49,8.31,8.35,8787000.0,8.49,138400,8.5,16800,2.17,8.65,8.31,8787000,74760000.0,3.73,4.09,19.99,20.1,9.14,7.48,0.76
创维数字,sz000810,12.0,11.98,12.02,23408400.0,12.0,13600,12.01,16700,0.17,12.27,12.0,23408400,282450000.0,2.11,2.25,133.27,138.02,13.18,10.78,1.29
雄帝科技,sz300546,22.39,21.4,21.49,10946600.0,22.38,31300,22.39,23000,4.63,23.43,21.49,10946600,246780000.0,8.17,9.07,29.98,41.79,25.68,17.12,3.31
天力复合,bj920576,71.19,72.77,73.5,3602400.0,71.18,900,71.19,7300,-2.17,74.88,70.76,3602400,260554700.0,3.36,5.66,76.26,77.56,94.6,50.94,0.76
南华期货,sh603093,19.31,17.55,17.71,10837800.0,19.31,3784700,0.0,0,10.03,19.31,17.7,10837800,203210000.0,1.78,9.17,117.8,138.59,19.31,15.8,0.91
迎丰股份,sh605055,10.65,10.5,10.68,8958400.0,10.64,700,10.65,28800,1.43,10.79,10.33,8958400,95140000.0,2.04,4.38,46.86,46.86,11.55,9.45,0.87
万林物流,sh603117,4.72,4.66,4.67,10901400.0,4.71,79100,4.72,38400,1.29,4.95,4.67,10901400,51780000.0,1.82,6.01,28.28,28.28,5.13,4.19,1.2
福石控股,sz300071,5.02,5.04,5.12,36056100.0,5.01,421700,5.02,316200,-0.4,5.14,5.02,36056100,182950000.0,3.81,2.38,47.46,48.39,6.05,4.03,0.72
胜利股份,sz000407,4.64,4.6,4.63,14403600.0,4.63,861900,4.64,147400,0.87,4.66,4.58,14403600,66730000.0,1.64,1.74,40.64,40.84,5.06,4.14,0.67
多伦科技,sh603528,8.11,8.11,8.29,11759400.0,8.1,174000,8.11,31100,0.0,8.47,8.09,11759400,96660000.0,1.67,4.69,57.25,57.25,8.92,7.3,1.79
康农种业,bj920403,22.08,22.04,21.96,1143500.0,22.08,22700,22.1,2600,0.18,22.26,21.86,1143500,25234300.0,1.94,1.81,13.05,21.94,28.65,15.43,0.66
三协电机,bj920100,49.14,46.98,47.79,966900.0,49.14,5500,49.15,200,4.6,50.14,47.25,966900,47389000.0,4.94,6.15,9.62,36.27,61.07,32.89,1.41
环旭电子,sh601231,35.64,36.68,36.89,74393900.0,35.64,48400,35.65,6600,-2.84,37.05,35.1,74393900,2671200000.0,3.11,5.32,851.48,851.48,40.35,33.01,1.48
高华科技,sh688539,35.63,35.18,35.4,238762100.0,35.61,200,35.63,10700,1.28,36.44,35.23,238762100,85610000.0,2.28,3.44,37.31,66.24,42.22,28.14,1.12
长盛轴承,sz300718,71.17,70.33,71.2,5527000.0,71.16,2900,71.17,11100,1.19,73.5,70.95,5527000,398160000.0,2.85,3.63,137.96,212.64,84.4,56.26,1.49
合兴股份,sh605005,21.32,21.17,20.78,14222700.0,21.32,9000,21.33,6000,0.71,21.78,20.78,14222700,303140000.0,3.55,4.72,85.49,85.49,23.29,19.05,2.36
铁拓机械,bj920706,25.51,25.06,26.73,3140300.0,25.51,8600,25.52,4000,1.8,26.73,24.61,3140300,79439900.0,6.59,8.46,12.16,23.57,32.57,17.55,0.83
航天宏图,sh688066,18.55,18.86,18.88,995310500.0,18.54,5500,18.55,13700,-1.64,19.56,18.55,995310500,188790000.0,3.81,5.36,48.47,48.47,22.63,15.09,0.74
索菱股份,sz002766,4.87,4.8,4.84,11811300.0,4.86,202600,4.87,20400,1.46,4.95,4.83,11811300,57740000.0,1.38,2.5,41.72,42.08,5.28,4.32,0.96
三峡旅游,sz002627,7.54,7.78,7.77,27060200.0,7.54,179200,7.55,131200,-3.08,7.9,7.51,27060200,207200000.0,3.77,5.01,54.07,54.63,8.56,7.0,1.45
新能泰山,sz000720,5.43,6.03,5.8,243645500.0,0.0,0,5.43,10855000,-9.95,6.03,5.43,243645500,1360590000.0,19.39,9.95,68.23,68.23,6.63,5.43,0.87
博菲电气,sz001255,36.82,36.81,36.93,975000.0,36.81,4700,36.82,900,0.03,37.31,36.77,975000,36140000.0,1.37,1.47,26.16,32.04,40.49,33.13,0.71
森霸传感,sz300701,11.81,11.68,11.8,3231900.0,11.8,8600,11.81,23900,1.11,11.92,11.76,3231900,38270000.0,1.3,1.37,29.42,33.39,14.02,9.34,0.71
勤上股份,sz002638,4.27,4.26,4.23,52523100.0,4.26,441400,4.27,26300,0.23,4.38,4.18,52523100,224430000.0,3.88,4.69,57.76,61.34,4.69,3.83,1.17
航天环宇,sh688523,59.54,60.35,60.39,543483200.0,59.54,1600,59.55,200,-1.34,61.98,59.41,543483200,328300000.0,5.63,4.26,57.47,242.26,72.42,48.28,1.02
飞力达,sz300240,7.06,6.95,7.06,5335300.0,7.05,62500,7.06,1400,1.58,7.13,7.02,5335300,37820000.0,1.47,1.58,25.65,26.23,8.34,5.56,0.78
三维装备,bj920834,11.92,11.81,11.86,778800.0,11.9,1700,11.92,11600,0.93,12.11,11.78,778800,9327300.0,1.24,2.79,7.49,14.3,15.35,8.27,0.76
中国卫星,sh600118,78.92,79.13,79.5,27848900.0,78.92,41700,78.93,6600,-0.27,81.0,78.89,27848900,2219880000.0,2.36,2.67,933.22,933.22,87.04,71.22,0.92
创远信科,bj920961,22.39,22.19,22.28,1681800.0,22.39,13900,22.4,900,0.9,22.75,22.24,1681800,37861900.0,1.62,2.3,23.27,31.98,28.84,15.54,0.8
佛慈制药,sz002644,8.67,8.72,8.71,8577900.0,8.67,35100,8.68,28100,-0.57,8.8,8.6,8577900,74630000.0,1.68,2.29,44.27,44.27,9.59,7.85,0.74
朱老六,bj920726,16.8,16.53,16.79,1233700.0,16.78,9900,16.8,45000,1.63,17.07,16.7,1233700,20851900.0,2.21,2.24,9.39,17.08,21.48,11.58,0.81
品渥食品,sz300892,27.78,27.5,27.73,1100300.0,27.77,100,27.78,100,1.02,28.22,27.6,1100300,30740000.0,1.7,2.25,17.94,27.78,33.0,22.0,0.79
乐凯胶片,sh600135,9.85,10.06,10.08,15841000.0,9.85,2000,9.86,3500,-2.09,10.15,9.85,15841000,157710000.0,2.86,2.98,54.5,54.5,11.07,9.05,0.57
九丰能源,sh605090,39.79,39.77,39.99,16077600.0,39.78,16800,39.79,117700,0.05,40.58,39.3,16077600,642160000.0,2.28,3.22,280.16,280.71,43.75,35.79,1.19
襄阳轴承,sz000678,13.01,13.01,12.95,27106000.0,13.01,188300,13.02,123600,0.0,13.28,12.84,27106000,353770000.0,5.9,3.38,59.8,59.8,14.31,11.71,0.71
ST恒信,sz300081,3.47,3.5,3.55,52984700.0,3.47,702500,3.48,307600,-0.86,3.56,3.46,52984700,185830000.0,8.76,2.86,20.98,20.99,4.2,2.8,1.1
岭南控股,sz000524,10.85,10.86,11.03,12576800.0,10.85,66700,10.86,6100,-0.09,11.19,10.82,12576800,137870000.0,1.88,3.41,72.69,72.72,11.95,9.77,0.82
柏星龙,bj920075,21.08,20.76,20.95,536900.0,21.08,16000,21.09,900,1.54,21.25,20.8,536900,11323500.0,1.54,2.17,7.35,13.66,26.98,14.54,0.88
浩瀚深度,sh688292,24.28,23.98,24.11,273827900.0,24.28,1300,24.3,2000,1.25,24.49,24.01,273827900,66650000.0,1.73,2.0,38.45,38.45,28.78,19.18,0.88
盛邦安全,sh688651,38.06,37.72,38.0,103766300.0,38.06,300,38.1,600,0.9,38.8,37.73,103766300,39730000.0,3.2,2.84,12.35,28.7,45.26,30.18,0.92
雷电微力,sz301050,46.64,46.45,46.9,4916500.0,46.63,4300,46.64,9500,0.41,47.45,46.56,4916500,230990000.0,2.34,1.92,98.11,115.3,55.74,37.16,1.09
航天电器,sz002025,76.23,78.22,76.66,40600800.0,76.23,90700,76.24,21300,-2.54,77.29,74.2,40600800,3079710000.0,8.95,3.95,345.99,347.17,86.04,70.4,1.37
四创电子,sh600990,23.16,23.08,23.0,4725900.0,23.16,1800,23.17,10300,0.35,23.62,23.0,4725900,109890000.0,1.76,2.69,62.3,62.78,25.39,20.77,1.15
盈新发展,sz000620,2.81,2.77,2.79,126560100.0,2.8,3674000,2.81,500100,1.44,2.84,2.79,126560100,355800000.0,2.71,1.81,131.28,165.0,3.05,2.49,0.95
*ST正平,sh603843,9.38,9.2,9.54,38962400.0,9.37,100100,9.38,43500,1.96,9.65,8.88,38962400,366380000.0,5.57,8.37,65.62,65.62,9.66,8.74,1.7
倍益康,bj920199,35.18,35.21,35.88,962300.0,35.18,5700,35.23,2800,-0.09,35.88,35.11,962300,34178900.0,2.54,2.19,13.34,23.96,45.77,24.65,0.63
孩子王,sz301078,8.6,8.48,8.68,28043000.0,8.59,196800,8.6,45400,1.42,8.73,8.53,28043000,241530000.0,2.23,2.36,107.93,108.46,10.18,6.78,1.1
太钢不锈,sz000825,4.44,4.45,4.47,31692800.0,4.43,466000,4.44,3500,-0.22,4.51,4.43,31692800,141750000.0,0.56,1.8,252.91,252.91,4.9,4.01,1.05
优迅股份,sh688807,257.12,249.91,250.0,240489200.0,257.07,200,257.12,8700,2.89,263.0,248.07,240489200,613940000.0,15.99,5.97,38.66,205.7,299.89,199.93,1.18
中利集团,sz002309,4.4,4.76,4.63,546413500.0,4.4,609800,4.41,891900,-7.56,4.67,4.37,546413500,2455780000.0,22.71,6.3,105.87,132.34,5.24,4.28,0.68
爱丽家居,sh603221,11.5,11.42,11.45,2228000.0,11.5,1500,11.51,9100,0.7,11.63,11.4,2228000,25730000.0,0.92,2.01,27.86,28.12,12.56,10.28,0.95
信科移动-U,sh688387,14.98,15.5,15.6,6595721400.0,14.97,131200,14.98,61700,-3.35,15.78,14.92,6595721400,1010670000.0,3.27,5.55,302.11,512.13,18.6,12.4,1.03
航宇微,sz300053,17.6,17.75,17.86,36229500.0,17.59,11700,17.6,56100,-0.85,18.14,17.6,36229500,645960000.0,5.57,3.04,114.54,122.65,21.3,14.2,1.13
财信发展,sz000838,2.14,2.16,2.18,23181200.0,2.14,290000,2.15,2336700,-0.93,2.19,2.13,23181200,50140000.0,2.2,2.78,22.55,23.55,2.38,1.94,0.73
航宇科技,sh688239,60.98,59.25,59.17,650399200.0,60.97,500,60.98,8600,2.92,63.5,59.17,650399200,403410000.0,3.41,7.31,116.25,116.25,71.1,47.4,1.56
英利汽车,sh601279,3.96,3.97,3.97,13775900.0,3.96,329700,3.97,85900,-0.25,4.05,3.96,13775900,55060000.0,0.87,2.27,62.8,62.8,4.37,3.57,1.21
宁波海运,sh600798,3.75,3.83,3.85,31706200.0,3.74,651900,3.75,435900,-2.09,3.87,3.73,31706200,119880000.0,2.63,3.66,45.25,45.25,4.21,3.45,0.99
华光源海,bj920351,18.36,18.25,18.22,1216100.0,18.36,42300,18.37,8200,0.6,18.5,18.22,1216100,22317600.000000004,3.05,1.53,7.31,16.16,23.72,12.78,0.64
霍莱沃,sh688682,44.12,44.13,44.12,138836300.0,44.12,6300,44.16,2000,-0.02,45.49,44.1,138836300,62040000.0,1.36,3.15,44.93,44.93,52.96,35.3,1.22
信息发展,sz300469,54.9,54.78,54.99,5654600.0,54.9,6800,54.91,4600,0.22,55.63,54.2,5654600,310130000.0,2.28,2.61,136.28,136.28,65.74,43.82,0.56
亨通股份,sh600226,5.17,5.18,5.2,55082900.0,5.17,10400,5.18,1005500,-0.19,5.28,5.13,55082900,285550000.0,1.85,2.9,153.78,153.78,5.7,4.66,1.0
*ST新元,sz300472,7.86,7.61,7.62,7920700.0,7.85,89500,7.86,58600,3.29,8.03,7.62,7920700,62310000.0,2.99,5.39,20.82,21.64,9.13,6.09,1.1
*ST天喻,sz300205,5.49,5.25,5.2,6328000.0,5.47,60900,5.49,9500,4.57,5.56,5.2,6328000,34450000.0,1.47,6.86,23.61,23.61,6.3,4.2,0.69
珠江钢琴,sz002678,5.27,5.65,5.66,46575800.0,5.27,359900,5.28,40600,-6.73,5.72,5.24,46575800,251290000.0,3.43,8.5,71.54,71.58,6.22,5.09,0.92
亚联发展,sz002316,5.33,5.36,5.37,17736100.0,5.33,6700,5.34,18100,-0.56,5.46,5.3,17736100,95220000.0,5.2,2.99,18.16,20.95,5.9,4.82,0.76
ST中迪,sz000609,8.67,8.36,8.37,10501100.0,8.67,88200,8.68,37800,3.71,8.78,8.33,10501100,89830000.0,3.61,5.38,25.23,25.95,8.78,7.94,1.25
理工光科,sz300557,34.78,35.49,36.0,6602500.0,34.78,8500,34.79,5200,-2.0,36.0,34.63,6602500,232490000.0,5.53,3.86,41.49,42.04,42.59,28.39,1.61
亚光科技,sz300123,6.26,6.24,6.28,16832200.0,6.26,1420200,6.27,93900,0.32,6.35,6.25,16832200,106060000.0,1.68,1.6,62.63,63.97,7.49,4.99,0.89
王府井,sh600859,12.23,12.09,12.13,10513900.0,12.22,55800,12.23,289500,1.16,12.28,12.12,10513900,128620000.0,0.94,1.32,137.44,137.46,13.3,10.88,1.03
哈焊华通,sz301137,43.68,43.0,43.55,4088100.0,43.65,900,43.68,3000,1.58,44.53,43.21,4088100,179450000.0,2.25,3.07,79.42,79.42,51.6,34.4,0.61
首开股份,sh600376,4.82,4.75,4.81,47752500.0,4.82,538700,4.83,995400,1.47,4.92,4.79,47752500,231420000.0,1.85,2.74,124.34,124.34,5.23,4.28,0.82
永悦科技,sh603879,5.37,5.32,5.36,7024400.0,5.37,19000,5.38,1300,0.94,5.47,5.32,7024400,37970000.0,1.95,2.82,19.3,19.3,5.85,4.79,0.76
昂瑞微-UW,sh688790,134.63,134.66,135.0,50546400.0,134.63,2400,134.65,200,-0.02,136.58,134.5,50546400,68400000.0,4.19,1.54,16.23,134.0,161.59,107.73,0.83
天润科技,bj920564,24.15,23.73,23.86,1509900.0,24.13,26400,24.15,4000,1.77,24.49,23.86,1509900,36670100.0,3.68,2.65,9.9,21.52,30.84,16.62,1.02
华天酒店,sz000428,3.99,4.02,4.07,16064900.0,3.99,124000,4.0,1065700,-0.75,4.11,3.98,16064900,64880000.0,1.58,3.23,40.66,40.66,4.42,3.62,0.75
双飞集团,sz300817,17.96,17.63,17.87,1938700.0,17.95,13300,17.96,5400,1.87,18.15,17.76,1938700,34930000.0,1.55,2.21,22.5,39.21,21.16,14.1,1.2
新乡化纤,sz000949,7.77,7.58,7.61,83810700.0,7.77,35100,7.78,283700,2.51,7.87,7.6,83810700,651170000.0,5.06,3.56,128.71,128.74,8.34,6.82,1.11
宁波东力,sz002164,13.23,12.74,12.8,31626200.0,13.23,127700,13.24,89100,3.85,13.85,12.74,31626200,421700000.0,6.59,8.71,63.47,70.41,14.01,11.47,2.88
博盈特焊,sz301468,50.8,49.73,51.1,9963800.0,50.8,1900,50.81,1400,2.15,54.0,50.23,9963800,517860000.0,13.28,7.58,38.1,66.1,59.68,39.78,1.51
航天长峰,sh600855,17.07,17.19,17.26,11018300.0,17.07,30800,17.08,1900,-0.7,17.39,17.07,11018300,189770000.0,2.36,1.86,79.83,79.98,18.91,15.47,1.41
星图测控,bj920116,89.01,90.31,91.25,2346700.0,89.01,5500,89.07,4300,-1.44,92.3,88.91,2346700,212346300.0,1.53,3.75,136.61,142.22,117.4,63.22,1.06
四川金顶,sh600678,10.45,10.39,10.39,6858200.0,10.45,7600,10.46,32300,0.58,10.58,10.39,6858200,72010000.0,1.97,1.83,36.47,36.47,11.43,9.35,0.74
金时科技,sz002951,14.9,14.53,14.59,7110300.0,14.89,22900,14.9,6600,2.55,15.56,14.5,7110300,106690000.0,1.77,7.3,59.77,60.34,15.98,13.08,1.73
佳创视讯,sz300264,9.38,9.41,9.5,13069900.0,9.37,21000,9.38,3100,-0.32,9.63,9.38,13069900,123900000.0,3.53,2.66,34.75,40.41,11.29,7.53,0.77
信测标准,sz300938,39.33,40.57,40.81,11065700.0,39.33,1900,39.34,9500,-3.06,40.88,38.5,11065700,438970000.0,5.24,5.87,83.12,95.77,48.68,32.46,1.38
奥精医疗,sh688613,21.43,21.02,21.58,327912500.0,21.42,2300,21.43,7800,1.95,22.1,21.2,327912500,71310000.0,2.39,4.28,29.36,29.36,25.22,16.82,1.52
爱科赛博,sh688719,47.45,46.09,46.48,397765000.0,47.45,7600,47.46,6800,2.95,48.16,45.9,397765000,188210000.0,4.43,4.9,42.57,54.75,55.31,36.87,1.34
北斗星通,sz002151,37.79,37.74,37.92,13218400.0,37.79,10200,37.8,26800,0.13,38.45,37.76,13218400,503280000.0,2.99,1.83,167.34,205.17,41.51,33.97,0.87
东珠生态,sh603359,5.88,5.8,5.87,6639900.0,5.88,72700,5.89,20700,1.38,5.95,5.84,6639900,39210000.0,1.49,1.9,26.23,26.23,6.38,5.22,0.65
通鼎互联,sz002491,14.59,16.14,15.5,308156500.0,14.59,734400,14.6,227200,-9.6,15.78,14.53,308156500,4613560000.0,26.19,7.74,171.65,179.46,17.75,14.53,1.46
元创股份,sz001325,62.01,61.99,61.55,5961600.0,62.01,1700,62.08,100,0.03,64.0,61.0,5961600,371090000.0,30.42,4.84,12.15,48.62,68.19,55.79,1.25
豪恩汽电,sz301488,132.6,128.87,132.04,1702800.0,132.59,1500,132.6,6900,2.89,136.48,132.04,1702800,228410000.0,7.27,3.45,31.04,121.99,154.64,103.1,1.78
沐曦股份-U,sh688802,612.27,610.0,614.0,160018100.0,612.27,400,612.28,200,0.37,619.6,605.56,160018100,978610000.0,8.82,2.3,111.06,2449.69,732.0,488.0,0.9
长江通信,sh600345,54.36,49.42,53.28,25849200.0,54.36,1521600,0.0,0,10.0,54.36,52.52,25849200,1398440000.0,12.22,3.72,115.0,179.18,54.36,44.48,1.2
恒宝股份,sz002104,16.3,15.39,15.45,73586700.0,16.3,259000,16.31,133000,5.91,16.93,15.37,73586700,1196540000.0,12.27,10.14,97.75,115.46,16.93,13.85,3.15
国光电气,sh688776,83.36,83.06,83.22,163702300.0,83.35,3000,83.36,1300,0.36,85.34,83.22,163702300,137820000.0,1.51,2.55,90.35,90.35,99.67,66.45,0.83
翠微股份,sh603123,13.59,12.84,12.65,112771700.0,13.58,714200,13.59,13200,5.84,14.11,12.27,112771700,1488370000.0,17.29,14.33,88.64,108.55,14.12,11.56,1.8
恒帅股份,sz300969,121.48,119.52,120.01,1813500.0,121.47,3900,121.48,2100,1.64,126.77,119.61,1813500,224410000.0,3.58,5.99,61.58,136.06,143.42,95.62,1.13
金圆股份,sz000546,6.26,6.19,6.29,40970600.0,6.25,316600,6.26,122000,1.13,6.4,6.17,40970600,257830000.0,5.88,3.72,43.61,48.68,6.81,5.57,0.88
特发信息,sz000070,19.76,20.88,20.88,183076500.0,19.76,59500,19.77,33700,-5.36,20.99,19.43,183076500,3650290000.0,20.6,7.47,175.6,177.91,22.97,18.79,1.14
领益智造,sz002600,13.61,13.29,13.43,103544600.0,13.6,764000,13.61,250600,2.41,13.74,13.43,103544600,1409460000.0,1.44,2.33,979.86,994.62,14.62,11.96,1.34
广博股份,sz002103,8.51,8.46,8.51,4475300.0,8.5,102200,8.51,60500,0.59,8.6,8.48,4475300,38210000.0,1.19,1.42,32.08,45.47,9.31,7.61,0.87
交建股份,sh603815,5.82,5.77,5.76,12134600.0,5.82,189000,5.83,100,0.87,5.92,5.76,12134600,71120000.0,1.96,2.77,36.02,36.02,6.35,5.19,1.22
百邦科技,sz300736,19.69,20.25,20.23,9336100.0,19.68,3900,19.69,2100,-2.77,20.23,19.54,9336100,184550000.0,7.46,3.41,24.63,25.19,24.3,16.2,0.52
国泰集团,sh603977,14.64,14.77,14.88,17819600.0,14.64,26500,14.65,6200,-0.88,14.95,14.57,17819600,262870000.0,2.87,2.57,90.95,90.95,16.25,13.29,0.77
华力创通,sz300045,21.73,21.69,21.81,14179500.0,21.73,63200,21.74,55200,0.18,22.13,21.71,14179500,310560000.0,2.75,1.94,112.19,144.0,26.03,17.35,0.99
棒杰股份,sz002634,8.72,9.34,9.15,38225100.0,8.71,635300,8.72,50400,-6.64,9.43,8.61,38225100,346410000.0,8.56,8.78,38.94,40.06,10.27,8.41,1.1
万集科技,sz300552,25.85,25.65,25.92,3447100.0,25.85,400,25.86,900,0.78,26.35,25.8,3447100,89910000.0,2.55,2.14,34.92,55.09,30.78,20.52,0.82
欧福蛋业,bj920371,9.37,9.28,9.36,1319100.0,9.36,3500,9.37,1000,0.97,9.5,9.32,1319100,12420600.0,0.68,1.94,18.22,19.25,12.06,6.5,0.77
海航控股,sh600221,1.46,1.45,1.46,220053800.0,1.45,50373800,1.46,8844100,0.69,1.47,1.45,220053800,321330000.0,0.51,1.38,625.54,630.95,1.6,1.31,0.75
ST柯利达,sh603828,5.78,5.75,5.77,1264500.0,5.77,15200,5.78,2500,0.52,5.87,5.75,1264500,7350000.0,0.21,2.09,34.45,34.45,6.04,5.46,0.4
法尔胜,sz000890,14.21,15.79,15.39,78436900.0,0.0,0,14.21,7483300,-10.01,15.6,14.21,78436900,1137180000.0,18.7,8.8,59.61,59.61,17.37,14.21,0.83
合众思壮,sz002383,9.6,9.6,9.69,9521300.0,9.6,85700,9.61,64300,0.0,9.76,9.59,9521300,92180000.0,1.29,1.77,71.07,71.07,10.56,8.64,0.92
盛洋科技,sh603703,13.15,13.12,13.2,8480300.0,13.15,75600,13.16,17400,0.23,13.35,13.08,8480300,111850000.0,2.04,2.06,54.57,54.57,14.43,11.81,0.77
红棉股份,sz000523,3.24,3.22,3.23,21535200.0,3.24,1622700,3.25,536100,0.62,3.27,3.22,21535200,69930000.0,1.63,1.55,42.94,59.47,3.54,2.9,0.91
舜宇精工,bj920906,23.96,23.55,23.72,545200.0,23.95,1000,23.96,2100,1.74,24.27,23.6,545200,13084700.0,1.63,2.85,7.99,15.57,30.61,16.49,0.83
苏利股份,sh603585,22.58,22.39,22.46,14403900.0,22.58,9100,22.59,3900,0.85,23.14,21.99,14403900,324140000.0,7.76,5.14,41.9,42.84,24.63,20.15,0.74
北京文化,sz000802,3.94,3.9,3.93,8418900.0,3.94,70100,3.95,7000,1.03,3.98,3.92,8418900,33270000.0,1.18,1.54,28.19,28.21,4.29,3.51,0.98
通源环境,sh688679,57.17,55.5,55.8,656195400.0,57.17,6600,57.34,1500,3.01,60.58,55.0,656195400,378860000.0,4.98,10.05,75.29,75.29,66.6,44.4,1.89
臻镭科技,sh688270,149.54,148.38,149.68,1356574800.0,149.52,1900,149.54,1900,0.78,155.2,148.88,1356574800,2058460000.0,6.34,4.26,320.09,320.09,178.06,118.7,1.01
ST百灵,sz002424,5.05,5.03,5.02,8814700.0,5.03,31700,5.05,49200,0.4,5.1,5.02,8814700,44590000.0,0.73,1.59,61.27,70.58,5.28,4.78,0.8
远方信息,sz300306,12.36,12.34,12.41,3003100.0,12.36,2200,12.37,1100,0.16,12.57,12.36,3003100,37420000.0,1.91,1.7,19.48,33.24,14.81,9.87,1.1
昇辉科技,sz300423,8.03,8.1,8.18,11616100.0,8.03,180300,8.04,15900,-0.86,8.25,8.03,11616100,94440000.0,3.48,2.72,26.77,39.95,9.72,6.48,0.86
百傲化学,sh603360,26.96,27.21,27.46,7191200.0,26.95,38500,26.96,20000,-0.92,27.5,26.92,7191200,195260000.0,1.02,2.13,190.4,190.4,29.93,24.49,0.83
*ST铖昌,sz001270,122.98,121.73,123.0,7027100.0,122.96,100,122.98,5100,1.03,127.78,122.0,7027100,877660000.0,3.45,4.75,250.26,253.48,127.82,115.64,1.18
顶固集创,sz300749,26.93,27.46,27.4,9220800.0,26.93,12100,26.95,14700,-1.93,27.4,26.31,9220800,248280000.0,5.86,3.97,42.39,55.25,32.95,21.97,0.68
科思股份,sz300856,12.54,12.4,12.45,2774400.0,12.53,9000,12.54,3800,1.13,12.66,12.45,2774400,34910000.0,0.6,1.69,57.65,59.65,14.88,9.92,0.95
三羊马,sz001317,49.45,48.15,48.55,2757400.0,49.45,8200,49.46,500,2.7,50.35,48.55,2757400,136290000.0,3.23,3.74,42.27,42.31,52.97,43.34,1.43
新大洲A,sz000571,5.68,5.59,5.65,13285600.0,5.68,121000,5.69,10000,1.61,5.73,5.59,13285600,75570000.0,1.63,2.5,46.23,47.66,6.15,5.03,0.81
高乐股份,sz002348,8.94,9.21,9.28,38066900.0,8.94,111500,8.95,252100,-2.93,9.35,8.82,38066900,342510000.0,4.21,5.75,80.78,84.68,10.13,8.29,1.22
三维通信,sz002115,12.17,12.26,12.36,31543600.0,12.17,101300,12.18,86900,-0.73,12.44,12.16,31543600,387540000.0,4.19,2.28,91.54,98.7,13.49,11.03,1.05
汉仪股份,sz301270,32.08,32.17,32.51,2615300.0,32.08,6300,32.09,7600,-0.28,32.81,32.0,2615300,84660000.0,2.77,2.52,30.31,32.08,38.6,25.74,1.18
西安饮食,sz000721,7.78,7.68,7.78,7926400.0,7.78,22600,7.79,59800,1.3,7.9,7.71,7926400,61890000.0,1.55,2.47,39.86,44.65,8.45,6.91,1.08
盟升电子,sh688311,36.96,37.25,37.6,323211700.0,36.96,3400,36.97,9700,-0.78,37.99,36.91,323211700,120990000.0,1.86,2.9,64.23,64.23,44.7,29.8,1.08
国机精工,sz002046,47.53,46.67,47.13,13430500.0,47.53,95400,47.54,2000,1.84,48.7,46.68,13430500,643360000.0,2.54,4.33,251.34,254.85,51.34,42.0,1.24
航天软件,sh688562,18.83,18.73,18.75,317162100.0,18.83,45600,18.84,2000,0.53,19.18,18.75,317162100,60200000.0,1.83,2.3,32.58,75.32,22.48,14.98,0.8
田野股份,bj920023,3.14,3.11,3.14,6899600.0,3.14,93900,3.15,13000,0.96,3.18,3.08,6899600,21692700.0,2.57,3.22,8.44,10.28,4.04,2.18,0.65
海伦钢琴,sz300329,14.87,14.54,14.7,6861200.0,14.86,59900,14.87,1100,2.27,15.36,14.61,6861200,103020000.0,2.72,5.16,37.49,37.6,17.45,11.63,1.16
中央商场,sh600280,3.15,3.12,3.13,13236400.0,3.15,87400,3.16,189200,0.96,3.19,3.12,13236400,41820000.0,1.17,2.24,35.54,35.54,3.43,2.81,0.81
航天科技,sz000901,22.41,22.39,22.51,18652000.0,22.4,109600,22.41,17400,0.09,22.8,22.4,18652000,420840000.0,2.34,1.79,178.88,178.88,24.63,20.15,1.03
欢乐家,sz300997,19.87,19.62,19.8,2947500.0,19.87,6300,19.88,10000,1.27,20.13,19.63,2947500,58660000.0,0.74,2.55,78.9,86.93,23.54,15.7,0.78
渤海汽车,sh600960,5.27,5.18,5.19,18236000.0,5.27,146700,5.28,82700,1.74,5.38,5.19,18236000,96960000.0,1.92,3.67,50.09,50.09,5.7,4.66,1.29
三友科技,bj920475,13.2,13.0,13.09,705800.0,13.2,1000,13.25,23200,1.54,13.42,13.02,705800,9368400.0,1.26,3.08,7.42,13.34,16.9,9.1,0.94
古鳌科技,sz300551,14.27,14.23,14.3,11485200.0,14.27,39700,14.28,11800,0.28,14.67,14.27,11485200,166240000.0,3.39,2.81,48.39,48.53,17.08,11.38,1.17
庄园牧场,sz002910,10.64,10.71,10.75,3296200.0,10.64,20400,10.66,3900,-0.65,10.85,10.63,3296200,35390000.0,1.93,2.05,18.2,20.81,11.78,9.64,0.64
世联行,sz002285,2.89,2.89,2.91,34640100.0,2.89,88200,2.9,159800,0.0,2.92,2.87,34640100,100390000.0,1.75,1.73,57.08,57.59,3.18,2.6,0.81
斯瑞新材,sh688102,34.02,34.1,34.1,1452868800.0,34.01,45200,34.02,12300,-0.23,35.09,34.0,1452868800,499880000.0,1.87,3.2,264.54,264.54,40.92,27.28,0.95
国博电子,sh688375,109.57,110.18,111.78,537651300.0,109.57,1400,109.58,200,-0.55,115.49,109.3,537651300,603610000.0,0.9,5.62,653.05,653.05,132.22,88.14,1.32
茂业商业,sh600828,5.16,5.2,5.24,13489500.0,5.15,82800,5.16,324400,-0.77,5.24,5.14,13489500,70030000.0,0.78,1.92,89.34,89.37,5.72,4.68,0.75
王子新材,sz002735,14.89,14.74,14.81,7482800.0,14.88,7500,14.89,11400,1.02,15.09,14.8,7482800,111880000.0,2.62,1.97,42.45,55.88,16.21,13.27,0.9
大连友谊,sz000679,6.91,6.87,6.93,5585300.0,6.91,21800,6.92,39600,0.58,7.01,6.82,5585300,38630000.0,1.57,2.77,24.63,24.63,7.56,6.18,0.89
福事特,sz301446,37.51,37.6,38.03,1430700.0,37.51,17100,37.52,2600,-0.24,39.49,37.43,1430700,54940000.0,4.5,5.48,11.92,39.01,45.12,30.08,2.27
利群股份,sh601366,4.01,3.97,3.99,8697600.0,4.01,272800,4.02,71100,1.01,4.05,3.98,8697600,35010000.0,0.91,1.76,38.49,38.49,4.37,3.57,0.81
崧盛股份,sz301002,37.79,36.3,36.89,4297700.0,37.79,47800,37.85,400,4.1,38.98,36.2,4297700,163300000.0,5.06,7.66,32.12,50.99,43.56,29.04,1.55
润普食品,bj920422,11.83,11.59,11.69,3715600.0,11.78,3000,11.83,15400,2.07,11.92,11.41,3715600,43323500.0,5.61,4.4,7.83,10.47,15.06,8.12,2.65
科创新材,bj920580,13.26,13.23,13.28,2569000.0,13.26,8800,13.34,2000,0.23,13.83,13.1,2569000,34458100.0,4.69,5.52,7.26,11.4,17.19,9.27,2.37
航天智装,sz300455,23.76,23.87,23.9,9561100.0,23.75,29700,23.76,7600,-0.46,24.37,23.75,9561100,229790000.0,1.35,2.6,168.37,170.54,28.64,19.1,1.09
西测测试,sz301306,148.64,154.56,154.61,7005000.0,148.64,4100,148.67,400,-3.83,158.31,148.5,7005000,1069450000.0,12.02,6.35,86.66,125.45,185.47,123.65,0.9
凯瑞德,sz002072,7.5,7.55,7.58,7488300.0,7.5,3300,7.51,10200,-0.66,7.73,7.49,7488300,57030000.0,2.04,3.18,27.56,27.58,8.31,6.8,0.6
莱克电气,sh603355,27.29,27.14,27.16,1929700.0,27.29,4800,27.35,1000,0.55,27.6,27.13,1929700,52820000.0,0.34,1.73,156.48,156.48,29.85,24.43,1.02
九牧王,sh601566,10.68,10.6,10.63,4353600.0,10.68,79000,10.69,26400,0.75,10.76,10.63,4353600,46630000.0,0.76,1.23,61.37,61.37,11.66,9.54,0.97
金钟股份,sz301133,45.13,43.33,43.83,4844800.0,45.13,3300,45.19,100,4.15,45.5,43.6,4844800,217470000.0,4.36,4.38,50.16,54.82,52.0,34.66,0.86
粤海饲料,sz001313,7.81,7.77,7.77,16439000.0,7.8,118300,7.81,27400,0.51,7.98,7.7,16439000,129090000.0,2.35,3.6,54.6,54.67,8.55,6.99,0.92
震有科技,sh688418,40.88,41.89,42.6,545727600.0,40.88,3100,40.89,4100,-2.41,42.99,40.86,545727600,227200000.0,2.83,5.08,78.72,78.72,50.27,33.51,1.15
通宇通讯,sz002792,45.53,47.37,47.6,56260900.0,45.53,293400,45.54,75100,-3.88,47.98,45.51,56260900,2599790000.0,16.65,5.21,153.81,238.5,52.11,42.63,0.8
ST思科瑞,sh688053,36.75,36.62,37.23,94460900.0,36.75,300,36.76,700,0.35,38.08,36.68,94460900,35340000.0,0.94,3.82,36.75,36.75,43.94,29.3,1.25
银河电子,sz002519,7.91,8.1,8.11,68363300.0,7.91,438200,7.92,139400,-2.35,8.19,7.89,68363300,549080000.0,6.11,3.7,88.5,89.1,8.91,7.29,0.95
景业智能,sh688290,49.55,48.98,48.98,87002800.0,49.55,400,49.56,200,1.16,50.2,48.6,87002800,43090000.0,0.85,3.27,50.64,50.64,58.78,39.18,1.01
上海沪工,sh603131,20.5,20.69,20.8,5414500.0,20.5,26000,20.51,53900,-0.92,21.03,20.49,5414500,112400000.0,1.61,2.61,69.07,69.07,22.76,18.62,1.01
皮阿诺,sz002853,25.17,24.86,25.11,2313700.0,25.17,14800,25.18,6200,1.25,25.6,24.53,2313700,58130000.0,1.8,4.3,32.4,46.04,27.35,22.37,0.9
国机重装,sh601399,4.6,4.5,4.5,67200700.0,4.59,140300,4.6,1725300,2.22,4.64,4.5,67200700,309110000.0,0.93,3.11,331.82,331.82,4.95,4.05,1.21
莱赛激光,bj920363,16.28,16.14,16.14,758000.0,16.28,500,16.33,1000,0.87,16.53,16.14,758000,12411900.0,1.48,2.42,8.32,15.54,20.98,11.3,0.86
威帝股份,sh603023,4.69,4.7,4.75,10961800.0,4.69,253200,4.7,61800,-0.21,4.82,4.69,10961800,52030000.0,1.96,2.77,26.18,26.18,5.17,4.23,0.37
冰山冷热,sz000530,6.01,5.92,5.99,13961000.0,6.01,139100,6.02,132700,1.52,6.11,5.95,13961000,84410000.0,2.33,2.7,36.06,50.68,6.51,5.33,1.27
科达自控,bj920932,15.58,14.89,15.05,2523400.0,15.58,23900,15.59,2000,4.63,15.94,15.04,2523400,39395100.0,2.91,6.04,13.53,16.41,19.35,10.43,1.68
南京商旅,sh600250,12.51,13.05,13.06,38693700.0,12.5,150600,12.51,65200,-4.14,13.11,12.41,38693700,489010000.0,12.37,5.36,39.13,39.13,14.36,11.75,0.77
航天晨光,sh600501,22.44,22.52,22.75,8563100.0,22.44,25300,22.45,32700,-0.36,22.75,22.33,8563100,192910000.0,2.0,1.87,96.0,96.0,24.77,20.27,1.18
德联集团,sz002666,5.46,5.39,5.42,8447900.0,5.45,2500,5.46,58900,1.3,5.51,5.38,8447900,46140000.0,1.69,2.41,27.34,43.02,5.93,4.85,0.7
航天电子,sh600879,21.33,21.56,21.79,99897000.0,21.33,614800,21.34,91800,-1.07,21.96,21.32,99897000,2157420000.0,3.03,2.97,703.74,703.74,23.72,19.4,0.94
东箭科技,sz300978,10.96,10.74,10.83,3892700.0,10.95,7800,10.96,126000,2.05,11.1,10.83,3892700,42700000.0,2.04,2.51,20.96,46.33,12.89,8.59,1.19
瑞星股份,bj920717,9.0,8.83,8.83,1062300.0,8.99,1400,9.0,11700,1.93,9.11,8.83,1062300,9572900.0,2.4,3.17,3.99,10.32,11.47,6.19,0.93
中国卫通,sh601698,32.61,32.55,32.78,31646200.0,32.61,127200,32.62,20000,0.18,33.24,32.6,31646200,1040540000.0,0.75,1.97,1377.57,1377.57,35.81,29.3,0.94
红旗连锁,sz002697,5.34,5.36,5.39,18640500.0,5.34,167200,5.35,210400,-0.37,5.42,5.34,18640500,100210000.0,1.63,1.49,61.16,72.62,5.9,4.82,1.07
立方退,sz300344,0.3,0.29,0.29,60106600.0,0.29,5553200,0.3,2276100,3.45,0.33,0.28,60106600,18370000.0,9.39,17.24,1.92,1.93,0.35,0.23,0.92
上海瀚讯,sz300762,36.04,36.48,36.7,25357100.0,36.03,33600,36.04,4300,-1.21,37.28,36.01,25357100,927020000.0,4.04,3.48,226.32,226.32,43.78,29.18,0.91
中超控股,sz002471,8.81,9.05,9.0,210005300.0,8.81,690300,8.82,1060600,-2.65,9.2,8.81,210005300,1882690000.0,15.64,4.31,118.27,120.59,9.96,8.15,0.65
大鹏工业,bj920091,59.43,59.58,60.45,877900.0,59.39,500,59.43,18300,-0.25,60.97,59.23,877900,52701800.0,6.05,2.92,8.62,36.53,77.45,41.71,0.9
佳缘科技,sz301117,43.47,43.38,43.39,4224300.0,43.47,7300,43.48,1000,0.21,44.35,43.31,4224300,185180000.0,5.32,2.4,34.54,56.15,52.06,34.7,0.96
海王生物,sz000078,3.77,3.84,3.71,420750100.0,3.77,297100,3.78,383000,-1.82,3.88,3.66,420750100,1575260000.0,16.02,5.73,99.02,99.19,4.22,3.46,1.25
华体科技,sh603679,13.68,13.47,13.96,5231100.0,13.68,19200,13.69,100,1.56,13.96,13.63,5231100,72040000.0,2.94,2.45,24.31,24.31,14.82,12.12,0.51
天银机电,sz300342,55.41,53.33,54.6,63010000.0,55.4,88600,55.41,5000,3.9,56.39,51.89,63010000,3434800000.0,15.05,8.44,232.06,235.51,64.0,42.66,0.93
陕西华达,sz301517,65.36,59.29,59.39,16974700.0,65.36,30400,65.37,100,10.24,68.75,58.51,16974700,1075190000.0,17.29,17.27,64.16,98.85,71.15,47.43,3.38
曲江文旅,sh600706,9.45,9.33,9.35,4799100.0,9.45,180800,9.47,62500,1.29,9.62,9.35,4799100,45550000.0,1.89,2.89,24.01,24.1,10.26,8.4,0.76
渤海化学,sh600800,4.67,4.72,4.7,40968200.0,4.67,113200,4.68,315400,-1.06,4.8,4.6,40968200,191560000.0,3.69,4.24,51.82,51.84,5.19,4.25,0.93
珠江股份,sh600684,4.62,4.7,4.7,19576100.0,4.61,88600,4.62,282000,-1.7,4.78,4.59,19576100,91220000.0,2.29,4.04,39.43,51.1,5.17,4.23,0.67
航天机电,sh600151,13.72,13.93,13.94,100097300.0,13.71,192700,13.72,50300,-1.51,14.25,13.7,100097300,1391080000.0,6.98,3.95,196.78,196.78,15.32,12.54,1.78
恒盛能源,sh605580,21.93,21.59,21.62,2365600.0,21.92,700,21.93,800,1.57,22.15,21.62,2365600,51940000.0,0.84,2.45,61.4,61.4,23.75,19.43,0.86
中国高科,sh600730,9.3,8.99,9.09,23654500.0,9.29,37200,9.3,2100,3.45,9.49,9.01,23654500,220220000.0,4.03,5.34,54.56,54.56,9.89,8.09,1.91
钧达股份,sz002865,74.1,75.53,73.0,25057900.0,74.1,18500,74.11,100,-1.89,76.35,69.95,25057900,1838970000.0,11.21,8.47,165.63,230.65,83.08,67.98,2.43
顺灏股份,sz002565,16.66,17.23,17.5,188575900.0,16.66,364700,16.67,394000,-3.31,17.56,16.64,188575900,3193450000.0,17.79,5.34,176.59,176.59,18.95,15.51,0.86
星辰科技,bj920885,19.4,19.21,19.38,2107400.0,19.39,1800,19.4,10100,0.99,19.71,19.27,2107400,41104300.0,2.38,2.29,17.17,33.14,24.97,13.45,0.94
博纳影业,sz001330,7.2,7.13,7.22,99700100.0,7.2,87000,7.21,398300,0.98,7.4,7.1,99700100,723230000.0,7.25,4.21,98.97,98.97,7.84,6.42,1.77
久之洋,sz300516,60.13,60.43,60.76,5495900.0,60.13,3200,60.14,1200,-0.5,62.07,60.09,5495900,335490000.0,3.05,3.28,108.23,108.23,72.52,48.34,1.64
禾信仪器,sh688622,85.3,86.85,88.98,158740100.0,85.3,1400,85.31,2100,-1.78,88.98,83.45,158740100,135500000.0,2.25,6.37,60.05,60.11,104.22,69.48,0.64
长药退,sz300391,0.19,0.19,0.19,61412600.0,0.19,880500,0.2,5800600,0.0,0.2,0.17,61412600,11510000.0,17.53,15.79,0.67,0.67,0.23,0.15,1.28
天玑科技,sz300245,13.75,13.8,14.17,33092700.0,13.75,37800,13.76,18900,-0.36,14.94,13.74,33092700,469850000.0,10.87,8.7,41.85,41.94,16.56,11.04,1.14
汉鑫科技,bj920092,30.6,29.76,29.99,1192800.0,30.58,500,30.6,8200,2.82,31.09,29.99,1192800,36597400.0,3.62,3.7,10.08,19.0,38.68,20.84,1.12
同大股份,sz300321,34.46,33.8,34.01,1007200.0,34.38,200,34.46,600,1.95,34.67,33.96,1007200,34610000.0,1.14,2.1,30.56,30.6,40.56,27.04,0.94
ST福能,sz300173,4.29,4.23,4.27,10455500.0,4.29,61400,4.3,359100,1.42,4.34,4.24,10455500,44980000.0,1.42,2.36,31.52,31.52,5.08,3.38,1.11
创识科技,sz300941,20.34,20.01,20.12,3465600.0,20.33,12700,20.34,6800,1.65,20.61,20.12,3465600,70610000.0,3.26,2.45,21.62,41.65,24.01,16.01,1.35
誉帆科技,sz001396,46.17,45.75,45.97,1054700.0,46.16,4000,46.17,4800,0.92,47.32,45.75,1054700,49240000.0,4.75,3.43,10.25,49.36,50.33,41.18,0.98
双欣材料,sz001369,15.8,15.42,15.88,27968400.0,15.79,111800,15.8,63700,2.46,16.2,15.7,27968400,444180000.0,13.91,3.24,31.76,181.23,16.96,13.88,1.41
江天科技,bj920121,35.86,35.53,36.07,238500.0,35.86,4300,35.89,300,0.93,36.18,35.68,238500,8573100.0,2.01,1.41,4.26,23.69,46.18,24.88,1.03
蘅东光,bj920045,398.0,379.0,386.98,2424400.0,398.0,200,398.01,200,5.01,411.95,380.23,2424400,959514900.0,12.05,8.37,80.11,270.92,492.7,265.3,1.73
强一股份,sh688809,344.78,341.25,344.0,198872900.0,344.77,300,344.78,200,1.03,350.66,340.91,198872900,688500000.0,8.17,2.86,83.96,446.69,409.5,273.0,1.02
健信超导,sh688805,47.94,47.9,47.7,241685600.0,47.94,1400,47.98,1200,0.08,48.75,47.52,241685600,116210000.0,7.67,2.57,15.11,80.39,57.48,38.32,0.54
陕西旅游,sh603402,131.9,130.85,131.98,1380700.0,131.9,21000,131.92,500,0.8,134.7,131.01,1380700,182900000.0,7.14,2.82,25.5,102.0,143.94,117.77,0.86
新广益,sz301687,53.3,52.31,53.0,2153100.0,53.3,11100,53.31,3300,1.89,53.78,52.6,2153100,114740000.0,7.29,2.26,15.74,78.28,62.77,41.85,1.09
至信股份,sh603352,37.72,37.11,37.18,2159400.0,37.72,3900,37.73,18100,1.64,37.96,37.18,2159400,81420000.0,4.86,2.1,16.76,85.5,40.82,33.4,1.2
科马材料,bj920086,29.23,28.55,28.89,1703600.0,29.23,6900,29.25,6500,2.38,29.75,28.85,1703600,49961899.99999999,6.37,3.15,7.82,24.46,37.11,19.99,0.67
国亮新材,bj920076,20.34,20.15,20.34,451100.0,20.34,2200,20.36,500,0.94,20.57,20.25,451100,9219800.0,2.28,1.59,4.02,17.01,26.19,14.11,0.6
爱舍伦,bj920050,31.85,31.2,31.31,417600.0,31.84,200,31.85,6700,2.08,32.09,31.3,417600,13282900.0,2.31,2.53,5.77,21.56,40.56,21.84,0.77
农大科技,bj920159,39.39,39.01,39.02,1098900.0,39.38,5100,39.39,2000,0.97,39.88,38.83,1098900,43306700.0,7.63,2.69,5.67,29.94,50.71,27.31,0.69
恒运昌,sh688785,293.32,300.38,304.38,46786700.0,293.3,400,293.32,6200,-2.35,305.63,293.17,46786700,139460000.0,3.68,4.15,37.33,198.58,360.46,240.3,0.95
美德乐,bj920119,86.14,83.8,84.03,579200.0,86.13,500,86.14,0,2.79,87.68,84.03,579200,50164600.0,3.05,4.36,16.35,62.13,108.94,58.66,1.18
振石股份,sh601112,19.47,19.07,19.12,15425000.0,19.46,39100,19.47,93700,2.1,19.86,19.12,15425000,301080000.0,8.7,3.88,34.51,338.85,20.98,17.16,1.24
北芯生命-U,sh688712,39.68,40.16,40.16,239778500.0,39.68,9100,39.69,10500,-1.2,40.6,39.61,239778500,95860000.0,6.46,2.47,14.73,165.47,48.19,32.13,0.81
世盟股份,sz001220,40.87,40.56,40.85,1207400.0,40.87,3400,40.88,4200,0.76,41.39,40.59,1207400,49540000.0,5.34,1.97,9.24,37.72,44.62,36.5,0.8
海圣医疗,bj920166,28.7,28.1,28.04,1461600.0,28.7,2000,28.74,1500,2.14,29.17,27.69,1461600,41666300.0,6.15,5.27,6.82,21.61,36.53,19.67,0.93
易思维,sh688816,63.0,62.25,62.32,110835100.0,62.99,600,63.0,800,1.2,63.52,62.32,110835100,69950000.0,5.75,1.93,12.15,63.0,74.7,49.8,0.93
爱得科技,bj920180,16.62,16.36,16.42,1267700.0,16.61,100,16.62,3200,1.59,16.79,16.36,1267700,21096700.0,3.55,2.63,5.93,19.63,21.26,11.46,0.73
林平发展,sh603284,56.24,54.66,55.05,6698500.0,56.23,4300,56.24,1800,2.89,56.5,53.72,6698500,370060000.0,36.26,5.09,10.39,42.41,60.13,49.19,1.31
电科蓝天,sh688818,58.7,59.8,60.4,1448229300.0,58.69,71900,58.7,6600,-1.84,61.15,58.58,1448229300,865530000.0,10.97,4.3,77.49,1019.57,71.76,47.84,0.91
通宝光电,bj920168,21.39,21.08,21.34,716700.0,21.35,6000,21.39,3100,1.47,21.6,21.2,716700,15369800.0,2.54,1.9,6.03,16.08,27.4,14.76,0.73
海菲曼,bj920183,37.87,37.52,37.8,464200.0,37.86,1000,37.87,1300,0.93,38.55,37.5,464200,17680200.0,4.13,2.8,4.26,18.54,48.77,26.27,0.67
通领科技,bj920187,35.69,35.62,35.85,732500.0,35.69,2600,35.7,700,0.2,36.35,35.62,732500,26345300.000000004,3.5,2.05,7.48,22.27,46.3,24.94,0.82
固德电材,sz301680,101.91,99.2,99.6,2623100.0,101.91,9700,101.92,1600,2.73,102.73,99.6,2623100,265570000.0,15.61,3.16,17.12,84.38,119.04,79.36,1.1
